2025-07-04 10:23:04,067 [INFO] Activator:176 - 


2025-07-04 10:23:04,072 [INFO] Activator:177 - !SESSION log4j initialized
2025-07-04 10:23:10,831 [INFO] LogOutputStream:77 - [STDOUT_REDIRECT] 
2025-07-04 10:23:19,703 [INFO] ApplicationProperties:184 - Using Application install path: C:\ST\STM32CubeIDE_1.18.0\STM32CubeIDE\plugins\com.st.stm32cube.common.mx_6.14.0.202502271554
2025-07-04 10:23:19,723 [INFO] DbMcusXml:78 - Set database path to: C:\ST\STM32CubeIDE_1.18.0\STM32CubeIDE\plugins\com.st.stm32cube.common.mx_6.14.0.202502271554\\db\/mcu/
2025-07-04 10:23:19,723 [INFO] ApiDb:274 - Set plugin database path to: C:\ST\STM32CubeIDE_1.18.0\STM32CubeIDE\plugins\com.st.stm32cube.common.mx_6.14.0.202502271554\\db\/plugins/boardmanager/
2025-07-04 10:23:19,724 [WARN] ApiDb:259 - Overriding images path with different value:  => C:\ST\STM32CubeIDE_1.18.0\STM32CubeIDE\plugins\com.st.stm32cube.common.mx_6.14.0.202502271554\\db\/plugins/mcufinder/images/
2025-07-04 10:23:19,731 [INFO] ApiDb:250 - Set database path to: C:\Users\marcv\.stmcufinder\plugins\mcufinder//mcu/
2025-07-04 10:23:19,732 [INFO] DbMcusAds:125 - Set database path to: C:\Users\marcv\.stmcufinder\plugins\mcufinder//mcu/
2025-07-04 10:23:19,734 [INFO] CrossReferenceDbSqlite:203 - Set database path to: C:\Users\marcv\.stmcufinder\plugins\mcufinder//mcu/cs/
2025-07-04 10:23:19,850 [INFO] RulesReader:64 - Compatibility file has been processed (301 Rules)
2025-07-04 10:23:19,937 [INFO] DbMcusXml:78 - Set database path to: C:\ST\STM32CubeIDE_1.18.0\STM32CubeIDE\plugins\com.st.stm32cube.common.mx_6.14.0.202502271554\\db\/mcu/
2025-07-04 10:23:19,937 [INFO] ApiDb:274 - Set plugin database path to: C:\ST\STM32CubeIDE_1.18.0\STM32CubeIDE\plugins\com.st.stm32cube.common.mx_6.14.0.202502271554\\db\/plugins/boardmanager/
2025-07-04 10:23:19,937 [INFO] ApiDb:261 - Set plugin images path to: C:\ST\STM32CubeIDE_1.18.0\STM32CubeIDE\plugins\com.st.stm32cube.common.mx_6.14.0.202502271554\\db\/plugins/mcufinder/images/
2025-07-04 10:23:19,937 [WARN] DbFile:41 - Overriding database path with different value: C:\Users\marcv\.stmcufinder\plugins\mcufinder/ => C:\Users\marcv\.stmcufinder\plugins\mcufinder
2025-07-04 10:23:19,937 [INFO] ApiDb:250 - Set database path to: C:\Users\marcv\.stmcufinder\plugins\mcufinder//mcu/
2025-07-04 10:23:19,937 [WARN] DbFile:41 - Overriding database path with different value: C:\Users\marcv\.stmcufinder\plugins\mcufinder/ => C:\Users\marcv\.stmcufinder\plugins\mcufinder
2025-07-04 10:23:19,937 [INFO] DbMcusAds:125 - Set database path to: C:\Users\marcv\.stmcufinder\plugins\mcufinder//mcu/
2025-07-04 10:23:19,937 [WARN] DbFile:41 - Overriding database path with different value: C:\Users\marcv\.stmcufinder\plugins\mcufinder/ => C:\Users\marcv\.stmcufinder\plugins\mcufinder
2025-07-04 10:23:19,937 [WARN] DbFile:41 - Overriding database path with different value: C:\Users\marcv\.stmcufinder\plugins\mcufinder/ => C:\Users\marcv\.stmcufinder\plugins\mcufinder
2025-07-04 10:23:19,938 [INFO] CrossReferenceDbSqlite:203 - Set database path to: C:\Users\marcv\.stmcufinder\plugins\mcufinder//mcu/cs/
2025-07-04 10:23:20,010 [INFO] MainPanel:272 - HeapMemory: 268435456
2025-07-04 10:23:20,145 [INFO] DbMcusXml:78 - Set database path to: C:\ST\STM32CubeIDE_1.18.0\STM32CubeIDE\plugins\com.st.stm32cube.common.mx_6.14.0.202502271554\\db\/mcu/
2025-07-04 10:23:20,145 [INFO] ApiDb:274 - Set plugin database path to: C:\ST\STM32CubeIDE_1.18.0\STM32CubeIDE\plugins\com.st.stm32cube.common.mx_6.14.0.202502271554\\db\/plugins/boardmanager/
2025-07-04 10:23:20,145 [INFO] ApiDb:261 - Set plugin images path to: C:\ST\STM32CubeIDE_1.18.0\STM32CubeIDE\plugins\com.st.stm32cube.common.mx_6.14.0.202502271554\\db\/plugins/mcufinder/images/
2025-07-04 10:23:20,145 [WARN] DbFile:41 - Overriding database path with different value: C:\Users\marcv\.stmcufinder\plugins\mcufinder/ => C:\Users\marcv\.stmcufinder\plugins\mcufinder
2025-07-04 10:23:20,145 [INFO] ApiDb:250 - Set database path to: C:\Users\marcv\.stmcufinder\plugins\mcufinder//mcu/
2025-07-04 10:23:20,145 [WARN] DbFile:41 - Overriding database path with different value: C:\Users\marcv\.stmcufinder\plugins\mcufinder/ => C:\Users\marcv\.stmcufinder\plugins\mcufinder
2025-07-04 10:23:20,146 [INFO] DbMcusAds:125 - Set database path to: C:\Users\marcv\.stmcufinder\plugins\mcufinder//mcu/
2025-07-04 10:23:20,146 [WARN] DbFile:41 - Overriding database path with different value: C:\Users\marcv\.stmcufinder\plugins\mcufinder/ => C:\Users\marcv\.stmcufinder\plugins\mcufinder
2025-07-04 10:23:20,146 [WARN] DbFile:41 - Overriding database path with different value: C:\Users\marcv\.stmcufinder\plugins\mcufinder/ => C:\Users\marcv\.stmcufinder\plugins\mcufinder
2025-07-04 10:23:20,146 [INFO] CrossReferenceDbSqlite:203 - Set database path to: C:\Users\marcv\.stmcufinder\plugins\mcufinder//mcu/cs/
2025-07-04 10:23:20,165 [INFO] ApplicationProperties:184 - Using Application install path: C:\ST\STM32CubeIDE_1.18.0\STM32CubeIDE\plugins\com.st.stm32cube.common.mx_6.14.0.202502271554
2025-07-04 10:23:20,166 [INFO] PluginManage:196 - Search for loadable plugins [exclusion list=, ]
2025-07-04 10:23:20,167 [INFO] PluginManage:310 - Check plugin analytics
2025-07-04 10:23:24,868 [INFO] AnalyticsPlugin:253 - Accepted Software Licenses: 
2025-07-04 10:23:24,868 [INFO] AnalyticsPlugin:255 - Accepted CMSIS Pack Licenses: 
2025-07-04 10:23:24,868 [INFO] AnalyticsPlugin:257 - Accepted Firmware Licenses: FW.H7.1.12.0
2025-07-04 10:23:24,870 [INFO] PluginManage:359 - Loaded plugin analytics (category:tool,tabindex:-1)
2025-07-04 10:23:24,870 [INFO] PluginManage:310 - Check plugin cadmodel
2025-07-04 10:23:24,889 [INFO] CADModel:105 - Init CAD model plugin
2025-07-04 10:23:24,890 [INFO] PluginManage:359 - Loaded plugin cadmodel (category:power,tabindex:5)
2025-07-04 10:23:24,890 [INFO] PluginManage:310 - Check plugin clock
2025-07-04 10:23:24,912 [INFO] PluginManage:359 - Loaded plugin clock (category:base,tabindex:2)
2025-07-04 10:23:24,913 [INFO] PluginManage:310 - Check plugin ddr
2025-07-04 10:23:24,915 [INFO] PluginManage:359 - Loaded plugin ddr (category:tool,tabindex:6)
2025-07-04 10:23:24,915 [INFO] PluginManage:310 - Check plugin filemanager
2025-07-04 10:23:25,051 [INFO] PluginManage:359 - Loaded plugin filemanager (category:base,tabindex:10)
2025-07-04 10:23:25,052 [INFO] PluginManage:310 - Check plugin ipmanager
2025-07-04 10:23:25,058 [INFO] PluginManage:359 - Loaded plugin ipmanager (category:base,tabindex:5)
2025-07-04 10:23:25,058 [INFO] PluginManage:310 - Check plugin lpbam
2025-07-04 10:23:25,081 [INFO] PluginManage:359 - Loaded plugin lpbam (category:base,tabindex:0)
2025-07-04 10:23:25,081 [INFO] PluginManage:310 - Check plugin memorymap
2025-07-04 10:23:25,108 [INFO] PluginManage:359 - Loaded plugin memorymap (category:base,tabindex:4)
2025-07-04 10:23:25,108 [INFO] PluginManage:310 - Check plugin pinoutandconfiguration
2025-07-04 10:23:25,127 [INFO] PluginManage:359 - Loaded plugin pinoutandconfiguration (category:base,tabindex:1)
2025-07-04 10:23:25,127 [INFO] PluginManage:310 - Check plugin pinoutconfig
2025-07-04 10:23:25,218 [WARN] SupportedApi:132 - Cannot load RTOS API schema: s4s-elt-must-match.1: The content of 'definitions' must match (annotation?, (simpleType | complexType)?, (unique | key | keyref)*)). A problem was found starting at: attribute.
2025-07-04 10:23:25,347 [INFO] PluginManage:359 - Loaded plugin pinoutconfig (category:base,tabindex:0)
2025-07-04 10:23:25,347 [INFO] PluginManage:310 - Check plugin power
2025-07-04 10:23:25,371 [INFO] PluginManage:359 - Loaded plugin power (category:power,tabindex:4)
2025-07-04 10:23:25,371 [INFO] PluginManage:310 - Check plugin projectmanager
2025-07-04 10:23:25,385 [INFO] PluginManage:359 - Loaded plugin projectmanager (category:projectmanager,tabindex:4)
2025-07-04 10:23:25,385 [INFO] PluginManage:310 - Check plugin rif
2025-07-04 10:23:25,405 [INFO] PluginManage:359 - Loaded plugin rif (category:base,tabindex:3)
2025-07-04 10:23:25,405 [INFO] PluginManage:310 - Check plugin thirdparty
2025-07-04 10:23:25,731 [INFO] PluginManage:359 - Loaded plugin thirdparty (category:base,tabindex:-1)
2025-07-04 10:23:25,731 [WARN] IntegrityCheckThread:84 - waiting for thirdparty lock release [integrity check]
2025-07-04 10:23:25,732 [INFO] PluginManage:310 - Check plugin tools
2025-07-04 10:23:25,732 [INFO] IntegrityCheckThread:86 - entering critical section [integrity check]
2025-07-04 10:23:25,732 [INFO] ThirdPartyUpdaterWithRetryManager:70 - Updater plugin not ready yet. [1/15]
2025-07-04 10:23:25,783 [INFO] PluginManage:359 - Loaded plugin tools (category:base,tabindex:7)
2025-07-04 10:23:25,783 [INFO] PluginManage:310 - Check plugin tutovideos
2025-07-04 10:23:25,995 [INFO] PluginManage:359 - Loaded plugin tutovideos (category:base,tabindex:-1)
2025-07-04 10:23:25,995 [INFO] PluginManage:310 - Check plugin updater
2025-07-04 10:23:26,016 [INFO] PluginManage:359 - Loaded plugin updater (category:base,tabindex:12)
2025-07-04 10:23:26,016 [INFO] PluginManage:310 - Check plugin userauth
2025-07-04 10:23:26,021 [INFO] UserAuth:118 - Init User Auth plugin
2025-07-04 10:23:26,022 [INFO] PluginManage:359 - Loaded plugin userauth (category:base,tabindex:14)
2025-07-04 10:23:26,022 [INFO] PluginManage:283 - PluginManage : Loaded plugins [18]
2025-07-04 10:23:26,232 [INFO] PinOutPanel:1589 - setPackage(No Configuration,No Configuration)
2025-07-04 10:23:26,312 [INFO] CADModel:165 - CPN selected for project level
2025-07-04 10:23:26,312 [INFO] CADModel:114 - Register for checkConnection events
2025-07-04 10:23:26,360 [INFO] IPUIPlugin:80 - create IPUIPlugin
2025-07-04 10:23:26,361 [INFO] PluginManager:220 - loadIPPluginJar : add adc
2025-07-04 10:23:26,414 [INFO] IPUIPlugin:80 - create IPUIPlugin
2025-07-04 10:23:26,414 [INFO] PluginManager:220 - loadIPPluginJar : add aes
2025-07-04 10:23:26,475 [INFO] IPUIPlugin:80 - create IPUIPlugin
2025-07-04 10:23:26,475 [INFO] PluginManager:220 - loadIPPluginJar : add can
2025-07-04 10:23:26,509 [INFO] IPUIPlugin:80 - create IPUIPlugin
2025-07-04 10:23:26,509 [INFO] PluginManager:220 - loadIPPluginJar : add comp
2025-07-04 10:23:26,550 [INFO] IPUIPlugin:80 - create IPUIPlugin
2025-07-04 10:23:26,550 [INFO] PluginManager:220 - loadIPPluginJar : add cryp
2025-07-04 10:23:26,566 [INFO] IPUIPlugin:80 - create IPUIPlugin
2025-07-04 10:23:26,566 [INFO] PluginManager:220 - loadIPPluginJar : add ddr_ctrl_phy
2025-07-04 10:23:26,603 [INFO] IPUIPlugin:80 - create IPUIPlugin
2025-07-04 10:23:26,603 [INFO] PluginManager:220 - loadIPPluginJar : add dfsdm
2025-07-04 10:23:26,619 [INFO] IPUIPlugin:80 - create IPUIPlugin
2025-07-04 10:23:26,619 [INFO] PluginManager:220 - loadIPPluginJar : add dma
2025-07-04 10:23:26,667 [INFO] IPUIPlugin:80 - create IPUIPlugin
2025-07-04 10:23:26,667 [INFO] PluginManager:220 - loadIPPluginJar : add dma3
2025-07-04 10:23:26,722 [INFO] IPUIPlugin:80 - create IPUIPlugin
2025-07-04 10:23:26,722 [INFO] PluginManager:220 - loadIPPluginJar : add extmemmanager
2025-07-04 10:23:26,749 [INFO] IPUIPlugin:80 - create IPUIPlugin
2025-07-04 10:23:26,749 [INFO] PluginManager:220 - loadIPPluginJar : add fatfs
2025-07-04 10:23:26,805 [INFO] IPUIPlugin:80 - create IPUIPlugin
2025-07-04 10:23:26,805 [INFO] PluginManager:220 - loadIPPluginJar : add fmc
2025-07-04 10:23:26,825 [INFO] IPUIPlugin:80 - create IPUIPlugin
2025-07-04 10:23:26,825 [INFO] PluginManager:220 - loadIPPluginJar : add freertos
2025-07-04 10:23:26,852 [INFO] IPUIPlugin:80 - create IPUIPlugin
2025-07-04 10:23:26,853 [INFO] PluginManager:220 - loadIPPluginJar : add genericplugin
2025-07-04 10:23:26,976 [INFO] IPUIPlugin:80 - create IPUIPlugin
2025-07-04 10:23:26,976 [INFO] PluginManager:220 - loadIPPluginJar : add gfxmmu
2025-07-04 10:23:27,152 [INFO] IPUIPlugin:80 - create IPUIPlugin
2025-07-04 10:23:27,152 [INFO] PluginManager:220 - loadIPPluginJar : add gic
2025-07-04 10:23:27,169 [INFO] IPUIPlugin:80 - create IPUIPlugin
2025-07-04 10:23:27,169 [INFO] PluginManager:220 - loadIPPluginJar : add gpio
2025-07-04 10:23:27,288 [INFO] IPUIPlugin:80 - create IPUIPlugin
2025-07-04 10:23:27,289 [INFO] PluginManager:220 - loadIPPluginJar : add gtzc
2025-07-04 10:23:27,331 [INFO] IPUIPlugin:80 - create IPUIPlugin
2025-07-04 10:23:27,331 [INFO] PluginManager:220 - loadIPPluginJar : add hash
2025-07-04 10:23:27,395 [INFO] IPUIPlugin:80 - create IPUIPlugin
2025-07-04 10:23:27,395 [INFO] PluginManager:220 - loadIPPluginJar : add i2c
2025-07-04 10:23:27,446 [INFO] IPUIPlugin:80 - create IPUIPlugin
2025-07-04 10:23:27,446 [INFO] PluginManager:220 - loadIPPluginJar : add i2s
2025-07-04 10:23:27,498 [INFO] IPUIPlugin:80 - create IPUIPlugin
2025-07-04 10:23:27,498 [INFO] PluginManager:220 - loadIPPluginJar : add i3c
2025-07-04 10:23:27,634 [INFO] IPUIPlugin:80 - create IPUIPlugin
2025-07-04 10:23:27,634 [INFO] PluginManager:220 - loadIPPluginJar : add ipddr
2025-07-04 10:23:27,773 [INFO] IPUIPlugin:80 - create IPUIPlugin
2025-07-04 10:23:27,773 [INFO] PluginManager:220 - loadIPPluginJar : add linkedlist
2025-07-04 10:23:27,825 [INFO] IPUIPlugin:80 - create IPUIPlugin
2025-07-04 10:23:27,825 [INFO] PluginManager:220 - loadIPPluginJar : add lorawan
2025-07-04 10:23:27,879 [INFO] IPUIPlugin:80 - create IPUIPlugin
2025-07-04 10:23:27,879 [INFO] PluginManager:220 - loadIPPluginJar : add ltdc
2025-07-04 10:23:27,898 [INFO] IPUIPlugin:80 - create IPUIPlugin
2025-07-04 10:23:27,899 [INFO] PluginManager:220 - loadIPPluginJar : add mdma
2025-07-04 10:23:27,914 [INFO] IPUIPlugin:80 - create IPUIPlugin
2025-07-04 10:23:27,915 [INFO] PluginManager:220 - loadIPPluginJar : add nvic
2025-07-04 10:23:27,970 [INFO] IPUIPlugin:80 - create IPUIPlugin
2025-07-04 10:23:27,970 [INFO] PluginManager:220 - loadIPPluginJar : add opamp
2025-07-04 10:23:28,054 [INFO] IPUIPlugin:80 - create IPUIPlugin
2025-07-04 10:23:28,054 [INFO] PluginManager:220 - loadIPPluginJar : add openamp
2025-07-04 10:23:28,108 [INFO] IPUIPlugin:80 - create IPUIPlugin
2025-07-04 10:23:28,109 [INFO] PluginManager:220 - loadIPPluginJar : add pdm2pcm
2025-07-04 10:23:28,125 [INFO] IPUIPlugin:80 - create IPUIPlugin
2025-07-04 10:23:28,128 [INFO] PluginManager:220 - loadIPPluginJar : add plateformsettings
2025-07-04 10:23:28,158 [INFO] IPUIPlugin:80 - create IPUIPlugin
2025-07-04 10:23:28,158 [INFO] PluginManager:220 - loadIPPluginJar : add quadspi
2025-07-04 10:23:28,191 [INFO] IPUIPlugin:80 - create IPUIPlugin
2025-07-04 10:23:28,191 [INFO] PluginManager:220 - loadIPPluginJar : add radio
2025-07-04 10:23:28,207 [INFO] IPUIPlugin:80 - create IPUIPlugin
2025-07-04 10:23:28,207 [INFO] PluginManager:220 - loadIPPluginJar : add resmgrutility
2025-07-04 10:23:28,265 [INFO] IPUIPlugin:80 - create IPUIPlugin
2025-07-04 10:23:28,265 [INFO] PluginManager:220 - loadIPPluginJar : add sai
2025-07-04 10:23:28,312 [INFO] IPUIPlugin:80 - create IPUIPlugin
2025-07-04 10:23:28,312 [INFO] PluginManager:220 - loadIPPluginJar : add spi
2025-07-04 10:23:28,403 [INFO] IPUIPlugin:80 - create IPUIPlugin
2025-07-04 10:23:28,403 [INFO] PluginManager:220 - loadIPPluginJar : add stm32_wpan
2025-07-04 10:23:28,433 [INFO] IPUIPlugin:80 - create IPUIPlugin
2025-07-04 10:23:28,433 [INFO] PluginManager:220 - loadIPPluginJar : add tim
2025-07-04 10:23:28,510 [INFO] IPUIPlugin:80 - create IPUIPlugin
2025-07-04 10:23:28,510 [INFO] PluginManager:220 - loadIPPluginJar : add touchsensing
2025-07-04 10:23:28,537 [INFO] IPUIPlugin:80 - create IPUIPlugin
2025-07-04 10:23:28,537 [INFO] PluginManager:220 - loadIPPluginJar : add tracer_emb
2025-07-04 10:23:28,566 [INFO] IPUIPlugin:80 - create IPUIPlugin
2025-07-04 10:23:28,566 [INFO] PluginManager:220 - loadIPPluginJar : add ts
2025-07-04 10:23:28,594 [INFO] IPUIPlugin:80 - create IPUIPlugin
2025-07-04 10:23:28,594 [INFO] PluginManager:220 - loadIPPluginJar : add tsc
2025-07-04 10:23:28,622 [INFO] IPUIPlugin:80 - create IPUIPlugin
2025-07-04 10:23:28,622 [INFO] PluginManager:220 - loadIPPluginJar : add ucpd
2025-07-04 10:23:28,675 [INFO] IPUIPlugin:80 - create IPUIPlugin
2025-07-04 10:23:28,676 [INFO] PluginManager:220 - loadIPPluginJar : add usart
2025-07-04 10:23:28,732 [INFO] ThirdPartyUpdaterWithRetryManager:70 - Updater plugin not ready yet. [2/15]
2025-07-04 10:23:28,732 [INFO] IPUIPlugin:80 - create IPUIPlugin
2025-07-04 10:23:28,732 [INFO] PluginManager:220 - loadIPPluginJar : add usbx
2025-07-04 10:23:28,852 [FATAL] Updater:351 - Updater called before beeing initialized
2025-07-04 10:23:28,873 [INFO] RulesReader:64 - Compatibility file has been processed (301 Rules)
2025-07-04 10:23:28,883 [INFO] RulesReader:64 - Compatibility file has been processed (301 Rules)
2025-07-04 10:23:28,888 [INFO] CADModel:165 - CPN selected for project level
2025-07-04 10:23:28,888 [INFO] CADModel:114 - Register for checkConnection events
2025-07-04 10:23:28,889 [FATAL] Updater:351 - Updater called before beeing initialized
2025-07-04 10:23:28,889 [ERROR] CADModel:125 - Updater not yet initialized, retry later 
2025-07-04 10:23:29,034 [FATAL] Updater:351 - Updater called before beeing initialized
2025-07-04 10:23:29,036 [INFO] CADModel:165 - CPN selected for project level
2025-07-04 10:23:29,036 [INFO] CADModel:114 - Register for checkConnection events
2025-07-04 10:23:29,036 [FATAL] Updater:351 - Updater called before beeing initialized
2025-07-04 10:23:29,036 [ERROR] CADModel:125 - Updater not yet initialized, retry later 
2025-07-04 10:23:29,039 [FATAL] Updater:351 - Updater called before beeing initialized
2025-07-04 10:23:29,134 [FATAL] Updater:351 - Updater called before beeing initialized
2025-07-04 10:23:29,146 [INFO] DbMcusAds:53 - JSON generation date=Thu Jun 19 10:32:34 CEST 2025 (1750321954415)
2025-07-04 10:23:29,146 [FATAL] Updater:351 - Updater called before beeing initialized
2025-07-04 10:23:29,188 [WARN] DetailPanel:346 - Failed to get advertising image, set to default
2025-07-04 10:23:29,429 [FATAL] Updater:351 - Updater called before beeing initialized
2025-07-04 10:23:29,431 [FATAL] Updater:351 - Updater called before beeing initialized
2025-07-04 10:23:29,431 [FATAL] Updater:351 - Updater called before beeing initialized
2025-07-04 10:23:29,431 [WARN] DetailPanel:346 - Failed to get advertising image, set to default
2025-07-04 10:23:29,431 [FATAL] Updater:351 - Updater called before beeing initialized
2025-07-04 10:23:29,485 [ERROR] Updater:1198 - MainUpdater not yet initialized. External WinMGr cannot be set.
2025-07-04 10:23:29,497 [INFO] Updater:1134 - Updater Version found : 6.14.0
2025-07-04 10:23:29,518 [INFO] ApplicationProperties:184 - Using Application install path: C:\ST\STM32CubeIDE_1.18.0\STM32CubeIDE\plugins\com.st.stm32cube.common.mx_6.14.0.202502271554
2025-07-04 10:23:31,091 [ERROR] LogOutputStream:75 - [STDERR_REDIRECT] Jul 04, 2025 10:23:31 AM java.util.prefs.WindowsPreferences <init>
2025-07-04 10:23:31,092 [ERROR] LogOutputStream:75 - [STDERR_REDIRECT] WARNING: Could not open/create prefs root node Software\JavaSoft\Prefs at root 0xffffffff80000002. Windows RegCreateKeyEx(...) returned error code 5.
2025-07-04 10:23:31,092 [ERROR] LogOutputStream:75 - [STDERR_REDIRECT] 
2025-07-04 10:23:31,366 [INFO] MainUpdater:2872 - connection check result : 10
2025-07-04 10:23:31,367 [INFO] MainUpdater:289 - Updater Check For Update Now.
2025-07-04 10:23:31,367 [INFO] MicroXplorer:498 - Change Database Version : DB.6.0.140
2025-07-04 10:23:31,385 [INFO] McuFinderGlobals:63 - Set McuFinder mode to 2 (CubeIDE integrated)
2025-07-04 10:23:31,394 [INFO] UserAuth:486 - Internet connection configuration mode: 1
2025-07-04 10:23:31,429 [INFO] JxBrowserEngine:152 - Initiate JxBrowser Engine with user profile folder
2025-07-04 10:23:31,580 [INFO] CheckServerUpdateThread:120 - End of CheckServer Thread
2025-07-04 10:23:31,989 [WARN] PackLoader:240 - Cannot read IP mode file for STMicroelectronics.FP-SNS-MOTENVWB1.1.4.0
2025-07-04 10:23:32,005 [WARN] PackLoader:240 - Cannot read IP mode file for STMicroelectronics.FP-ATR-ASTRA1.2.0.2
2025-07-04 10:23:32,021 [WARN] PackLoader:240 - Cannot read IP mode file for STMicroelectronics.X-CUBE-SMBUS.2.1.0
2025-07-04 10:23:32,037 [WARN] PackLoader:240 - Cannot read IP mode file for STMicroelectronics.X-CUBE-WB05N.1.1.0
2025-07-04 10:23:32,055 [WARN] PackLoader:240 - Cannot read IP mode file for STMicroelectronics.X-CUBE-ST60.1.0.0
2025-07-04 10:23:32,106 [WARN] PackLoader:240 - Cannot read IP mode file for STMicroelectronics.X-CUBE-AZRTOS-F7.1.1.0
2025-07-04 10:23:32,849 [WARN] PackLoader:240 - Cannot read IP mode file for STMicroelectronics.FP-SNS-FLIGHT1.5.0.2
2025-07-04 10:23:32,895 [WARN] PackLoader:240 - Cannot read IP mode file for Infineon.AIROC-Wi-Fi-Bluetooth-STM32.1.7.0
2025-07-04 10:23:32,917 [WARN] PackLoader:240 - Cannot read IP mode file for STMicroelectronics.X-CUBE-DISPLAY.3.0.0
2025-07-04 10:23:32,936 [WARN] PackLoader:240 - Cannot read IP mode file for STMicroelectronics.X-CUBE-NFC10.1.0.0
2025-07-04 10:23:32,959 [WARN] PackLoader:240 - Cannot read IP mode file for STMicroelectronics.X-CUBE-BLEMGR.4.0.0
2025-07-04 10:23:32,978 [WARN] PackLoader:240 - Cannot read IP mode file for emotas.I-CUBE-CANOPEN.1.3.0
2025-07-04 10:23:32,993 [WARN] ConditionMgr:438 - getConditionDescription Invalid condition id : Cortex-A Device cause : null
2025-07-04 10:23:33,016 [WARN] ConditionMgr:1044 - genDependencies : Invalid condition id : Cortex-A Device cause : null
2025-07-04 10:23:33,016 [WARN] ConditionMgr:1044 - genDependencies : Invalid condition id : Cortex-A Device cause : null
2025-07-04 10:23:33,017 [WARN] ConditionMgr:1044 - genDependencies : Invalid condition id : Cortex-A Device cause : null
2025-07-04 10:23:33,041 [WARN] PackLoader:240 - Cannot read IP mode file for STMicroelectronics.X-CUBE-AI.10.0.0
2025-07-04 10:23:33,059 [WARN] PackLoader:240 - Cannot read IP mode file for STMicroelectronics.FP-SNS-SMARTAG2.1.2.0
2025-07-04 10:23:33,080 [WARN] PackLoader:240 - Cannot read IP mode file for STMicroelectronics.FP-SNS-FLIGHT1.5.1.0
2025-07-04 10:23:33,168 [WARN] PackLoader:240 - Cannot read IP mode file for STMicroelectronics.X-CUBE-MEMS1.11.1.0
2025-07-04 10:23:33,315 [INFO] LogOutputStream:77 - [STDOUT_REDIRECT] 1 : Invalid condition id : UX_CORESTACK_Condition cause : null
2025-07-04 10:23:33,315 [INFO] LogOutputStream:77 - [STDOUT_REDIRECT] 1 : Invalid condition id : UX_CORESTACK_Condition cause : null
2025-07-04 10:23:33,316 [INFO] LogOutputStream:77 - [STDOUT_REDIRECT] 1 : Invalid condition id : UX_CORESTACK_Condition cause : null
2025-07-04 10:23:33,317 [INFO] LogOutputStream:77 - [STDOUT_REDIRECT] 1 : Invalid condition id : UX_CORESTACK_Condition cause : null
2025-07-04 10:23:33,318 [INFO] LogOutputStream:77 - [STDOUT_REDIRECT] 1 : Invalid condition id : UX_CORESTACK_Condition cause : null
2025-07-04 10:23:33,320 [WARN] PackLoader:240 - Cannot read IP mode file for STMicroelectronics.X-CUBE-AZRTOS-WL.2.0.0
2025-07-04 10:23:33,339 [WARN] PackLoader:240 - Cannot read IP mode file for STMicroelectronics.FP-SNS-MOTENV1.5.0.0
2025-07-04 10:23:33,359 [WARN] PackLoader:240 - Cannot read IP mode file for WES.I-CUBE-Cesium.1.3.0
2025-07-04 10:23:33,375 [WARN] PackLoader:240 - Cannot read IP mode file for STMicroelectronics.X-CUBE-BLE2.3.3.0
2025-07-04 10:23:33,390 [WARN] PackLoader:240 - Cannot read IP mode file for STMicroelectronics.X-CUBE-NFC9.1.0.0
2025-07-04 10:23:33,408 [WARN] PackLoader:240 - Cannot read IP mode file for STMicroelectronics.X-CUBE-BLE1.7.1.0
2025-07-04 10:23:33,422 [WARN] PackLoader:240 - Cannot read IP mode file for wolfSSL.I-CUBE-wolfMQTT.1.19.2
2025-07-04 10:23:33,436 [WARN] PackLoader:240 - Cannot read IP mode file for STMicroelectronics.X-CUBE-AI.10.1.0
2025-07-04 10:23:33,492 [WARN] PackLoader:240 - Cannot read IP mode file for STMicroelectronics.X-CUBE-MEMS1.11.2.0
2025-07-04 10:23:33,576 [INFO] WebApp:169 - Instantiating new browser for Auth
2025-07-04 10:23:33,642 [WARN] PackLoader:240 - Cannot read IP mode file for STMicroelectronics.X-CUBE-AZRTOS-G0.1.1.0
2025-07-04 10:23:33,682 [WARN] PackLoader:240 - Cannot read IP mode file for STMicroelectronics.X-CUBE-SAFEA1.1.2.2
2025-07-04 10:23:33,703 [WARN] PackLoader:240 - Cannot read IP mode file for STMicroelectronics.X-CUBE-NFC4.3.0.0
2025-07-04 10:23:33,731 [WARN] PackLoader:240 - Cannot read IP mode file for EmbeddedOffice.I-CUBE-FS-RTOS.1.0.1
2025-07-04 10:23:33,748 [WARN] PackLoader:240 - Cannot read IP mode file for STMicroelectronics.X-CUBE-WB05N.2.0.0
2025-07-04 10:23:33,762 [WARN] PackLoader:240 - Cannot read IP mode file for wolfSSL.I-CUBE-wolfTPM.3.8.0
2025-07-04 10:23:33,780 [WARN] PackLoader:240 - Cannot read IP mode file for STMicroelectronics.X-CUBE-TCPP.4.2.0
2025-07-04 10:23:33,802 [WARN] PackLoader:240 - Cannot read IP mode file for RealThread.X-CUBE-RT-Thread_Nano.4.1.1
2025-07-04 10:23:33,819 [WARN] PackLoader:240 - Cannot read IP mode file for STMicroelectronics.FP-ATR-SIGFOX1.3.2.0
2025-07-04 10:23:33,838 [WARN] PackLoader:240 - Cannot read IP mode file for STMicroelectronics.X-CUBE-EEPRMA1.5.1.0
2025-07-04 10:23:33,853 [WARN] PackLoader:240 - Cannot read IP mode file for wolfSSL.I-CUBE-wolfSSL.5.7.6
2025-07-04 10:23:33,874 [WARN] PackLoader:240 - Cannot read IP mode file for ITTIA_DB.I-CUBE-ITTIADB.8.9.0
2025-07-04 10:23:33,890 [WARN] PackLoader:240 - Cannot read IP mode file for STMicroelectronics.X-CUBE-ST67W61.1.0.0
2025-07-04 10:23:33,931 [WARN] PackLoader:240 - Cannot read IP mode file for SEGGER.I-CUBE-embOS.1.3.1
2025-07-04 10:23:33,977 [WARN] PackLoader:240 - Cannot read IP mode file for STMicroelectronics.X-CUBE-ALGOBUILD.1.4.0
2025-07-04 10:23:34,028 [WARN] PackLoader:240 - Cannot read IP mode file for STMicroelectronics.X-CUBE-MEMS1.11.3.0
2025-07-04 10:23:34,143 [WARN] PackLoader:240 - Cannot read IP mode file for STMicroelectronics.X-CUBE-PM33A1.1.0.0
2025-07-04 10:23:34,177 [WARN] PackLoader:240 - Cannot read IP mode file for STMicroelectronics.X-CUBE-AZRTOS-F4.1.1.0
2025-07-04 10:23:34,206 [WARN] PackLoader:240 - Cannot read IP mode file for Avnet-IotConnect.X-CUBE-IoTC-DA16k-PMOD.1.0.0
2025-07-04 10:23:34,221 [WARN] PackLoader:240 - Cannot read IP mode file for STMicroelectronics.X-CUBE-ISPU.2.1.0
2025-07-04 10:23:34,255 [WARN] PackLoader:240 - Cannot read IP mode file for STMicroelectronics.X-CUBE-AZRTOS-L5.2.0.0
2025-07-04 10:23:34,276 [WARN] PackLoader:240 - Cannot read IP mode file for STMicroelectronics.X-CUBE-NFC6.3.1.0
2025-07-04 10:23:34,294 [WARN] PackLoader:240 - Cannot read IP mode file for STMicroelectronics.X-CUBE-DPower.1.2.0
2025-07-04 10:23:34,311 [WARN] PackLoader:240 - Cannot read IP mode file for STMicroelectronics.X-CUBE-FREERTOS.1.3.1
2025-07-04 10:23:34,329 [WARN] PackLoader:240 - Cannot read IP mode file for STMicroelectronics.X-CUBE-FREERTOS.1.3.0
2025-07-04 10:23:34,350 [WARN] PackLoader:240 - Cannot read IP mode file for STMicroelectronics.X-CUBE-NFC7.1.0.1
2025-07-04 10:23:34,367 [WARN] PackLoader:240 - Cannot read IP mode file for STMicroelectronics.FP-SNS-STAIOTCFT.1.0.0
2025-07-04 10:23:34,381 [WARN] PackLoader:240 - Cannot read IP mode file for STMicroelectronics.X-CUBE-DPower.1.3.0
2025-07-04 10:23:34,410 [WARN] ConditionMgr:438 - getConditionDescription Invalid condition id : LAN8742 Phy interface Condition cause : null
2025-07-04 10:23:34,410 [WARN] PackLoader:240 - Cannot read IP mode file for STMicroelectronics.X-CUBE-AZRTOS-L4.2.0.0
2025-07-04 10:23:34,411 [WARN] ConditionMgr:1044 - genDependencies : Invalid condition id : LAN8742 Phy interface Condition cause : null
2025-07-04 10:23:34,411 [WARN] ConditionMgr:1044 - genDependencies : Invalid condition id : LAN8742 Phy interface Condition cause : null
2025-07-04 10:23:34,412 [WARN] ConditionMgr:1044 - genDependencies : Invalid condition id : LAN8742 Phy interface Condition cause : null
2025-07-04 10:23:34,429 [WARN] PackLoader:240 - Cannot read IP mode file for STMicroelectronics.X-CUBE-SFXS2LP1.4.0.0
2025-07-04 10:23:34,465 [WARN] PackLoader:240 - Cannot read IP mode file for STMicroelectronics.X-CUBE-AZRTOS-H7.3.3.0
2025-07-04 10:23:34,491 [WARN] ConditionMgr:438 - getConditionDescription Invalid condition id : UX DEVICE CLASS RTOS Condition cause : null
2025-07-04 10:23:34,491 [WARN] ConditionMgr:438 - getConditionDescription Invalid condition id : UX DEVICE CLASS RTOS Condition cause : null
2025-07-04 10:23:34,492 [WARN] PackLoader:240 - Cannot read IP mode file for STMicroelectronics.X-CUBE-AZRTOS-WB.2.0.0
2025-07-04 10:23:34,493 [WARN] ConditionMgr:1044 - genDependencies : Invalid condition id : UX DEVICE CLASS RTOS Condition cause : null
2025-07-04 10:23:34,493 [WARN] ConditionMgr:1044 - genDependencies : Invalid condition id : UX DEVICE CLASS RTOS Condition cause : null
2025-07-04 10:23:34,493 [WARN] ConditionMgr:1044 - genDependencies : Invalid condition id : UX DEVICE CLASS RTOS Condition cause : null
2025-07-04 10:23:34,493 [WARN] ConditionMgr:1044 - genDependencies : Invalid condition id : UX DEVICE CLASS RTOS Condition cause : null
2025-07-04 10:23:34,493 [WARN] ConditionMgr:1044 - genDependencies : Invalid condition id : UX DEVICE CLASS RTOS Condition cause : null
2025-07-04 10:23:34,517 [WARN] PackLoader:240 - Cannot read IP mode file for STMicroelectronics.X-CUBE-GNSS1.7.0.1
2025-07-04 10:23:34,541 [WARN] PackLoader:240 - Cannot read IP mode file for STMicroelectronics.X-CUBE-TOUCHGFX.4.25.0
2025-07-04 10:23:34,567 [WARN] PackLoader:240 - Cannot read IP mode file for STMicroelectronics.FP-SNS-STBOX1.2.0.0
2025-07-04 10:23:34,607 [WARN] PackLoader:240 - Cannot read IP mode file for STMicroelectronics.X-CUBE-SUBG2.5.0.0
2025-07-04 10:23:34,655 [INFO] WebApp:463 - Apply proxy settings
2025-07-04 10:23:34,656 [INFO] WebApp:548 - Chromium requires no authentication
2025-07-04 10:23:34,678 [WARN] PackLoader:240 - Cannot read IP mode file for STMicroelectronics.X-CUBE-AZRTOS-H7RS.1.1.0
2025-07-04 10:23:34,686 [INFO] WebApp:491 - Direct internet connection detected
2025-07-04 10:23:34,707 [WARN] PackLoader:240 - Cannot read IP mode file for Cesanta.I-CUBE-Mongoose.7.13.0
2025-07-04 10:23:34,749 [WARN] PackLoader:240 - Cannot read IP mode file for STMicroelectronics.X-CUBE-AZRTOS-G4.2.0.0
2025-07-04 10:23:34,752 [INFO] WebApp:894 - Register for checkConnection events
2025-07-04 10:23:34,753 [INFO] WebApp:463 - Apply proxy settings
2025-07-04 10:23:34,753 [INFO] WebApp:548 - Chromium requires no authentication
2025-07-04 10:23:34,753 [INFO] WebApp:491 - Direct internet connection detected
2025-07-04 10:23:34,767 [WARN] PackLoader:240 - Cannot read IP mode file for wolfSSL.I-CUBE-wolfSSH.1.4.20
2025-07-04 10:23:34,784 [WARN] PackLoader:240 - Cannot read IP mode file for STMicroelectronics.X-CUBE-NFC7.2.0.0
2025-07-04 10:23:34,809 [WARN] PackLoader:240 - Cannot read IP mode file for STMicroelectronics.X-CUBE-IPS.3.1.0
2025-07-04 10:23:34,827 [WARN] PackLoader:240 - Cannot read IP mode file for STMicroelectronics.X-CUBE-ALS.1.0.2
2025-07-04 10:23:34,843 [WARN] PackLoader:240 - Cannot read IP mode file for STMicroelectronics.X-CUBE-TOUCHGFX.4.24.2
2025-07-04 10:23:34,862 [WARN] PackLoader:240 - Cannot read IP mode file for portGmbH.I-Cube-SoM-uGOAL.1.1.0
2025-07-04 10:23:34,900 [WARN] PackLoader:240 - Cannot read IP mode file for STMicroelectronics.X-CUBE-AZRTOS-H7RS.1.0.0
2025-07-04 10:23:34,932 [WARN] PackLoader:240 - Cannot read IP mode file for STMicroelectronics.X-CUBE-TOF1.3.4.2
2025-07-04 10:23:34,956 [WARN] PackLoader:240 - Cannot read IP mode file for STMicroelectronics.X-CUBE-TOF1.3.4.3
2025-07-04 10:23:34,962 [INFO] ThirdParty:978 - Integrity check success = true
2025-07-04 10:23:34,962 [INFO] IntegrityCheckThread:100 - exiting critical section [integrity check]
2025-07-04 10:23:34,962 [INFO] IntegrityCheckThread:103 - End integrity checks thread
2025-07-04 10:23:35,097 [INFO] WebApp:191 - Connection restablished
2025-07-04 10:23:35,127 [INFO] WebApp:225 - Starting web application
2025-07-04 10:23:35,127 [INFO] WebApp:593 - Web application path used C:\ST\STM32CubeIDE_1.18.0\STM32CubeIDE\plugins\com.st.stm32cube.common.mx_6.14.0.202502271554\db\plugins\mcufinder\reactClient1\index.html
2025-07-04 10:23:35,298 [INFO] UserAuth:486 - Internet connection configuration mode: 1
2025-07-04 10:25:01,993 [INFO] McuFinderGlobals:63 - Set McuFinder mode to 2 (CubeIDE integrated)
2025-07-04 10:25:02,023 [INFO] MainUpdater:2872 - connection check result : 10
2025-07-04 10:25:02,031 [INFO] MainUpdater:2872 - connection check result : 10
2025-07-04 10:25:02,204 [INFO] MicroXplorer:468 - Change Database Path : 
2025-07-04 10:25:02,204 [INFO] MicroXplorer:498 - Change Database Version : DB.6.0.140
2025-07-04 10:25:02,213 [WARN] ThirdParty:871 - waiting for thirdparty lock release [close project]
2025-07-04 10:25:02,213 [INFO] ThirdParty:873 - entering critical section [close project]
2025-07-04 10:25:02,214 [INFO] ThirdParty:883 - exiting critical section [close project]
2025-07-04 10:25:02,216 [INFO] PinOutPanel:1589 - setPackage(No Configuration,No Configuration)
2025-07-04 10:25:02,219 [INFO] UtilMem:75 - Begin LoadConfig() Used Memory: 932964688 Bytes (1073741824)
2025-07-04 10:25:02,220 [INFO] MicroXplorer:468 - Change Database Path : 
2025-07-04 10:25:02,220 [INFO] MicroXplorer:498 - Change Database Version : DB.6.0.140
2025-07-04 10:25:02,221 [INFO] OpenFileManager:354 - Change cursor
2025-07-04 10:25:02,272 [INFO] Mcu:2011 - Initializing MCU STM32H743VITx STM32H743VITx STM32H743VIT6
2025-07-04 10:25:06,211 [INFO] Context:756 - Trying to add GPIOservice into a context  which must be forbidden
2025-07-04 10:25:07,751 [INFO] ImportTextPane:218 - (OptionalMessage_ERROR) Pin39 (VP_RIF_VS_RIF1) cannot be retrieved for this MCU
2025-07-04 10:25:07,970 [INFO] RtosManager:558 - Registered RTOS mode: class=CMSIS, group=RTOS, mode=CMSIS_V1, owner=FREERTOS
2025-07-04 10:25:07,970 [INFO] RtosManager:558 - Registered RTOS mode: class=CMSIS, group=RTOS2, mode=CMSIS_V2, owner=FREERTOS
2025-07-04 10:25:07,970 [INFO] RtosManager:558 - Registered RTOS mode: class=RTOS, group=Core, mode=CMSIS_V1, owner=FREERTOS
2025-07-04 10:25:07,970 [INFO] RtosManager:558 - Registered RTOS mode: class=RTOS, group=Core, mode=CMSIS_V2, owner=FREERTOS
2025-07-04 10:25:07,970 [WARN] ModelIntegratedComponent:184 - Missing modes for component STMicroelectronics:FreeRTOS:0.0.1:STMicroelectronics:RTOS:FreeRTOS:Core:::10.2.0:
2025-07-04 10:25:07,995 [WARN] ModelIntegratedComponent:63 - No mode defined for component null
2025-07-04 10:25:07,995 [WARN] ModelIntegratedComponent:63 - No mode defined for component null
2025-07-04 10:25:07,995 [WARN] ModelIntegratedComponent:63 - No mode defined for component null
2025-07-04 10:25:07,995 [WARN] ModelIntegratedComponent:63 - No mode defined for component null
2025-07-04 10:25:07,995 [WARN] ModelIntegratedComponent:63 - No mode defined for component null
2025-07-04 10:25:07,995 [WARN] ModelIntegratedComponent:63 - No mode defined for component null
2025-07-04 10:25:07,995 [WARN] ModelIntegratedComponent:63 - No mode defined for component null
2025-07-04 10:25:07,995 [WARN] ModelIntegratedComponent:63 - No mode defined for component null
2025-07-04 10:25:07,995 [WARN] ModelIntegratedComponent:63 - No mode defined for component null
2025-07-04 10:25:07,995 [WARN] ModelIntegratedComponent:63 - No mode defined for component null
2025-07-04 10:25:07,995 [WARN] ModelIntegratedComponent:63 - No mode defined for component null
2025-07-04 10:25:07,995 [WARN] ModelIntegratedComponent:63 - No mode defined for component null
2025-07-04 10:25:07,995 [WARN] ModelIntegratedComponent:63 - No mode defined for component null
2025-07-04 10:25:07,995 [WARN] ModelIntegratedComponent:63 - No mode defined for component null
2025-07-04 10:25:07,996 [WARN] ModelIntegratedComponent:63 - No mode defined for component null
2025-07-04 10:25:07,996 [WARN] ModelIntegratedComponent:63 - No mode defined for component null
2025-07-04 10:25:07,996 [WARN] ModelIntegratedComponent:63 - No mode defined for component null
2025-07-04 10:25:07,996 [WARN] ModelIntegratedComponent:63 - No mode defined for component null
2025-07-04 10:25:07,996 [WARN] ModelIntegratedComponent:63 - No mode defined for component null
2025-07-04 10:25:07,996 [WARN] ModelIntegratedComponent:63 - No mode defined for component null
2025-07-04 10:25:07,996 [WARN] ModelIntegratedComponent:63 - No mode defined for component null
2025-07-04 10:25:07,996 [WARN] ModelIntegratedComponent:63 - No mode defined for component null
2025-07-04 10:25:07,996 [WARN] ModelIntegratedComponent:63 - No mode defined for component null
2025-07-04 10:25:07,996 [WARN] ModelIntegratedComponent:63 - No mode defined for component null
2025-07-04 10:25:07,996 [WARN] ModelIntegratedComponent:63 - No mode defined for component null
2025-07-04 10:25:07,996 [WARN] ModelIntegratedComponent:63 - No mode defined for component null
2025-07-04 10:25:07,996 [WARN] ModelIntegratedComponent:63 - No mode defined for component null
2025-07-04 10:25:07,996 [WARN] ModelIntegratedComponent:63 - No mode defined for component null
2025-07-04 10:25:07,996 [WARN] ModelIntegratedComponent:63 - No mode defined for component null
2025-07-04 10:25:07,996 [WARN] ModelIntegratedComponent:63 - No mode defined for component null
2025-07-04 10:25:07,996 [WARN] ModelIntegratedComponent:63 - No mode defined for component null
2025-07-04 10:25:07,996 [WARN] ModelIntegratedComponent:63 - No mode defined for component null
2025-07-04 10:25:07,996 [WARN] ModelIntegratedComponent:63 - No mode defined for component null
2025-07-04 10:25:07,997 [WARN] ModelIntegratedComponent:63 - No mode defined for component null
2025-07-04 10:25:07,997 [WARN] ModelIntegratedComponent:63 - No mode defined for component null
2025-07-04 10:25:07,997 [WARN] ModelPack:524 - Component already loaded: STMicroelectronics:HAL Drivers:0.0.0:STMicroelectronics:Device:STMicro_Driver:XSPI:HAL::0.0.1:HAL_XSPI
2025-07-04 10:25:08,174 [INFO] ThirdPartyModel:298 - Start build external matchings
2025-07-04 10:25:09,288 [INFO] ThirdPartyModel:316 - End build external matchings
2025-07-04 10:25:09,314 [INFO] RtosManager:967 - Current active RTOS is FREERTOS [Cortex-M7NS]
2025-07-04 10:25:09,327 [INFO] ImportTextPane:218 - (OptionalMessage_ERROR) IP (DMA) : Parameter (Instance) has Id (TIM3_CH1) currently not set
2025-07-04 10:25:09,327 [INFO] ImportTextPane:218 - (OptionalMessage_ERROR) IP (DMA) : Parameter (Request) has Id (TIM3_CH1) currently not set
2025-07-04 10:25:09,327 [INFO] ImportTextPane:218 - (OptionalMessage_ERROR) IP (DMA) : Parameter (Direction) has Id (TIM3_CH1) currently not set
2025-07-04 10:25:09,327 [INFO] ImportTextPane:218 - (OptionalMessage_ERROR) IP (DMA) : Parameter (PeriphInc) has Id (TIM3_CH1) currently not set
2025-07-04 10:25:09,327 [INFO] ImportTextPane:218 - (OptionalMessage_ERROR) IP (DMA) : Parameter (MemInc) has Id (TIM3_CH1) currently not set
2025-07-04 10:25:09,328 [INFO] ImportTextPane:218 - (OptionalMessage_ERROR) IP (DMA) : Parameter (PeriphDataAlignment) has Id (TIM3_CH1) currently not set
2025-07-04 10:25:09,328 [INFO] ImportTextPane:218 - (OptionalMessage_ERROR) IP (DMA) : Parameter (MemDataAlignment) has Id (TIM3_CH1) currently not set
2025-07-04 10:25:09,328 [INFO] ImportTextPane:218 - (OptionalMessage_ERROR) IP (DMA) : Parameter (Mode) has Id (TIM3_CH1) currently not set
2025-07-04 10:25:09,328 [INFO] ImportTextPane:218 - (OptionalMessage_ERROR) IP (DMA) : Parameter (Priority) has Id (TIM3_CH1) currently not set
2025-07-04 10:25:09,328 [INFO] ImportTextPane:218 - (OptionalMessage_ERROR) IP (DMA) : Parameter (FIFOMode) has Id (TIM3_CH1) currently not set
2025-07-04 10:25:09,328 [INFO] ImportTextPane:218 - (OptionalMessage_ERROR) IP (DMA) : Parameter (SignalID) has Id (TIM3_CH1) currently not set
2025-07-04 10:25:09,328 [INFO] ImportTextPane:218 - (OptionalMessage_ERROR) IP (DMA) : Parameter (Polarity) has Id (TIM3_CH1) currently not set
2025-07-04 10:25:09,328 [INFO] ImportTextPane:218 - (OptionalMessage_ERROR) IP (DMA) : Parameter (RequestNumber) has Id (TIM3_CH1) currently not set
2025-07-04 10:25:09,328 [INFO] ImportTextPane:218 - (OptionalMessage_ERROR) IP (DMA) : Parameter (SyncSignalID) has Id (TIM3_CH1) currently not set
2025-07-04 10:25:09,328 [INFO] ImportTextPane:218 - (OptionalMessage_ERROR) IP (DMA) : Parameter (SyncPolarity) has Id (TIM3_CH1) currently not set
2025-07-04 10:25:09,328 [INFO] ImportTextPane:218 - (OptionalMessage_ERROR) IP (DMA) : Parameter (SyncEnable) has Id (TIM3_CH1) currently not set
2025-07-04 10:25:09,329 [INFO] ImportTextPane:218 - (OptionalMessage_ERROR) IP (DMA) : Parameter (EventEnable) has Id (TIM3_CH1) currently not set
2025-07-04 10:25:09,329 [INFO] ImportTextPane:218 - (OptionalMessage_ERROR) IP (DMA) : Parameter (SyncRequestNumber) has Id (TIM3_CH1) currently not set
2025-07-04 10:25:09,329 [INFO] ImportTextPane:218 - (OptionalMessage_ERROR) IP (DMA) : Parameter (Instance) has Id (TIM3_CH2) currently not set
2025-07-04 10:25:09,329 [INFO] ImportTextPane:218 - (OptionalMessage_ERROR) IP (DMA) : Parameter (Request) has Id (TIM3_CH2) currently not set
2025-07-04 10:25:09,329 [INFO] ImportTextPane:218 - (OptionalMessage_ERROR) IP (DMA) : Parameter (Direction) has Id (TIM3_CH2) currently not set
2025-07-04 10:25:09,329 [INFO] ImportTextPane:218 - (OptionalMessage_ERROR) IP (DMA) : Parameter (PeriphInc) has Id (TIM3_CH2) currently not set
2025-07-04 10:25:09,329 [INFO] ImportTextPane:218 - (OptionalMessage_ERROR) IP (DMA) : Parameter (MemInc) has Id (TIM3_CH2) currently not set
2025-07-04 10:25:09,329 [INFO] ImportTextPane:218 - (OptionalMessage_ERROR) IP (DMA) : Parameter (PeriphDataAlignment) has Id (TIM3_CH2) currently not set
2025-07-04 10:25:09,329 [INFO] ImportTextPane:218 - (OptionalMessage_ERROR) IP (DMA) : Parameter (MemDataAlignment) has Id (TIM3_CH2) currently not set
2025-07-04 10:25:09,329 [INFO] ImportTextPane:218 - (OptionalMessage_ERROR) IP (DMA) : Parameter (Mode) has Id (TIM3_CH2) currently not set
2025-07-04 10:25:09,329 [INFO] ImportTextPane:218 - (OptionalMessage_ERROR) IP (DMA) : Parameter (Priority) has Id (TIM3_CH2) currently not set
2025-07-04 10:25:09,329 [INFO] ImportTextPane:218 - (OptionalMessage_ERROR) IP (DMA) : Parameter (FIFOMode) has Id (TIM3_CH2) currently not set
2025-07-04 10:25:09,329 [INFO] ImportTextPane:218 - (OptionalMessage_ERROR) IP (DMA) : Parameter (SignalID) has Id (TIM3_CH2) currently not set
2025-07-04 10:25:09,329 [INFO] ImportTextPane:218 - (OptionalMessage_ERROR) IP (DMA) : Parameter (Polarity) has Id (TIM3_CH2) currently not set
2025-07-04 10:25:09,329 [INFO] ImportTextPane:218 - (OptionalMessage_ERROR) IP (DMA) : Parameter (RequestNumber) has Id (TIM3_CH2) currently not set
2025-07-04 10:25:09,330 [INFO] ImportTextPane:218 - (OptionalMessage_ERROR) IP (DMA) : Parameter (SyncSignalID) has Id (TIM3_CH2) currently not set
2025-07-04 10:25:09,330 [INFO] ImportTextPane:218 - (OptionalMessage_ERROR) IP (DMA) : Parameter (SyncPolarity) has Id (TIM3_CH2) currently not set
2025-07-04 10:25:09,330 [INFO] ImportTextPane:218 - (OptionalMessage_ERROR) IP (DMA) : Parameter (SyncEnable) has Id (TIM3_CH2) currently not set
2025-07-04 10:25:09,330 [INFO] ImportTextPane:218 - (OptionalMessage_ERROR) IP (DMA) : Parameter (EventEnable) has Id (TIM3_CH2) currently not set
2025-07-04 10:25:09,330 [INFO] ImportTextPane:218 - (OptionalMessage_ERROR) IP (DMA) : Parameter (SyncRequestNumber) has Id (TIM3_CH2) currently not set
2025-07-04 10:25:09,330 [INFO] ImportTextPane:218 - (OptionalMessage_ERROR) IP (DMA) : Parameter (Instance) has Id (TIM16_UP) currently not set
2025-07-04 10:25:09,330 [INFO] ImportTextPane:218 - (OptionalMessage_ERROR) IP (DMA) : Parameter (Request) has Id (TIM16_UP) currently not set
2025-07-04 10:25:09,330 [INFO] ImportTextPane:218 - (OptionalMessage_ERROR) IP (DMA) : Parameter (Direction) has Id (TIM16_UP) currently not set
2025-07-04 10:25:09,330 [INFO] ImportTextPane:218 - (OptionalMessage_ERROR) IP (DMA) : Parameter (PeriphInc) has Id (TIM16_UP) currently not set
2025-07-04 10:25:09,330 [INFO] ImportTextPane:218 - (OptionalMessage_ERROR) IP (DMA) : Parameter (MemInc) has Id (TIM16_UP) currently not set
2025-07-04 10:25:09,330 [INFO] ImportTextPane:218 - (OptionalMessage_ERROR) IP (DMA) : Parameter (PeriphDataAlignment) has Id (TIM16_UP) currently not set
2025-07-04 10:25:09,330 [INFO] ImportTextPane:218 - (OptionalMessage_ERROR) IP (DMA) : Parameter (MemDataAlignment) has Id (TIM16_UP) currently not set
2025-07-04 10:25:09,330 [INFO] ImportTextPane:218 - (OptionalMessage_ERROR) IP (DMA) : Parameter (Mode) has Id (TIM16_UP) currently not set
2025-07-04 10:25:09,330 [INFO] ImportTextPane:218 - (OptionalMessage_ERROR) IP (DMA) : Parameter (Priority) has Id (TIM16_UP) currently not set
2025-07-04 10:25:09,330 [INFO] ImportTextPane:218 - (OptionalMessage_ERROR) IP (DMA) : Parameter (FIFOMode) has Id (TIM16_UP) currently not set
2025-07-04 10:25:09,331 [INFO] ImportTextPane:218 - (OptionalMessage_ERROR) IP (DMA) : Parameter (SignalID) has Id (TIM16_UP) currently not set
2025-07-04 10:25:09,331 [INFO] ImportTextPane:218 - (OptionalMessage_ERROR) IP (DMA) : Parameter (Polarity) has Id (TIM16_UP) currently not set
2025-07-04 10:25:09,331 [INFO] ImportTextPane:218 - (OptionalMessage_ERROR) IP (DMA) : Parameter (RequestNumber) has Id (TIM16_UP) currently not set
2025-07-04 10:25:09,331 [INFO] ImportTextPane:218 - (OptionalMessage_ERROR) IP (DMA) : Parameter (SyncSignalID) has Id (TIM16_UP) currently not set
2025-07-04 10:25:09,331 [INFO] ImportTextPane:218 - (OptionalMessage_ERROR) IP (DMA) : Parameter (SyncPolarity) has Id (TIM16_UP) currently not set
2025-07-04 10:25:09,331 [INFO] ImportTextPane:218 - (OptionalMessage_ERROR) IP (DMA) : Parameter (SyncEnable) has Id (TIM16_UP) currently not set
2025-07-04 10:25:09,331 [INFO] ImportTextPane:218 - (OptionalMessage_ERROR) IP (DMA) : Parameter (EventEnable) has Id (TIM16_UP) currently not set
2025-07-04 10:25:09,331 [INFO] ImportTextPane:218 - (OptionalMessage_ERROR) IP (DMA) : Parameter (SyncRequestNumber) has Id (TIM16_UP) currently not set
2025-07-04 10:25:09,331 [INFO] ImportTextPane:218 - (OptionalMessage_ERROR) IP (DMA) : Parameter (Instance) has Id (TIM15_UP) currently not set
2025-07-04 10:25:09,331 [INFO] ImportTextPane:218 - (OptionalMessage_ERROR) IP (DMA) : Parameter (Request) has Id (TIM15_UP) currently not set
2025-07-04 10:25:09,331 [INFO] ImportTextPane:218 - (OptionalMessage_ERROR) IP (DMA) : Parameter (Direction) has Id (TIM15_UP) currently not set
2025-07-04 10:25:09,331 [INFO] ImportTextPane:218 - (OptionalMessage_ERROR) IP (DMA) : Parameter (PeriphInc) has Id (TIM15_UP) currently not set
2025-07-04 10:25:09,331 [INFO] ImportTextPane:218 - (OptionalMessage_ERROR) IP (DMA) : Parameter (MemInc) has Id (TIM15_UP) currently not set
2025-07-04 10:25:09,331 [INFO] ImportTextPane:218 - (OptionalMessage_ERROR) IP (DMA) : Parameter (PeriphDataAlignment) has Id (TIM15_UP) currently not set
2025-07-04 10:25:09,331 [INFO] ImportTextPane:218 - (OptionalMessage_ERROR) IP (DMA) : Parameter (MemDataAlignment) has Id (TIM15_UP) currently not set
2025-07-04 10:25:09,331 [INFO] ImportTextPane:218 - (OptionalMessage_ERROR) IP (DMA) : Parameter (Mode) has Id (TIM15_UP) currently not set
2025-07-04 10:25:09,331 [INFO] ImportTextPane:218 - (OptionalMessage_ERROR) IP (DMA) : Parameter (Priority) has Id (TIM15_UP) currently not set
2025-07-04 10:25:09,332 [INFO] ImportTextPane:218 - (OptionalMessage_ERROR) IP (DMA) : Parameter (FIFOMode) has Id (TIM15_UP) currently not set
2025-07-04 10:25:09,332 [INFO] ImportTextPane:218 - (OptionalMessage_ERROR) IP (DMA) : Parameter (SignalID) has Id (TIM15_UP) currently not set
2025-07-04 10:25:09,332 [INFO] ImportTextPane:218 - (OptionalMessage_ERROR) IP (DMA) : Parameter (Polarity) has Id (TIM15_UP) currently not set
2025-07-04 10:25:09,332 [INFO] ImportTextPane:218 - (OptionalMessage_ERROR) IP (DMA) : Parameter (RequestNumber) has Id (TIM15_UP) currently not set
2025-07-04 10:25:09,332 [INFO] ImportTextPane:218 - (OptionalMessage_ERROR) IP (DMA) : Parameter (SyncSignalID) has Id (TIM15_UP) currently not set
2025-07-04 10:25:09,332 [INFO] ImportTextPane:218 - (OptionalMessage_ERROR) IP (DMA) : Parameter (SyncPolarity) has Id (TIM15_UP) currently not set
2025-07-04 10:25:09,332 [INFO] ImportTextPane:218 - (OptionalMessage_ERROR) IP (DMA) : Parameter (SyncEnable) has Id (TIM15_UP) currently not set
2025-07-04 10:25:09,332 [INFO] ImportTextPane:218 - (OptionalMessage_ERROR) IP (DMA) : Parameter (EventEnable) has Id (TIM15_UP) currently not set
2025-07-04 10:25:09,332 [INFO] ImportTextPane:218 - (OptionalMessage_ERROR) IP (DMA) : Parameter (SyncRequestNumber) has Id (TIM15_UP) currently not set
2025-07-04 10:25:09,340 [INFO] ImportTextPane:218 - (OptionalMessage_ERROR) IP (RCC) : Parameter (DFSDMACLkFreq_Value) has invalid value (480000000)
2025-07-04 10:25:09,348 [INFO] ImportTextPane:218 - (OptionalMessage_ERROR) IP (RCC) : Parameter (FDCANFreq_Value) has invalid value (480000000)
2025-07-04 10:25:09,348 [INFO] ImportTextPane:218 - (OptionalMessage_ERROR) IP (RCC) : Invalid parameter (FamilyName)
2025-07-04 10:25:09,349 [INFO] ImportTextPane:218 - (OptionalMessage_ERROR) IP (RCC) : Parameter (SAI1Freq_Value) has invalid value (480000000)
2025-07-04 10:25:09,349 [INFO] ImportTextPane:218 - (OptionalMessage_ERROR) IP (RCC) : Parameter (SAI23Freq_Value) has invalid value (480000000)
2025-07-04 10:25:09,349 [INFO] ImportTextPane:218 - (OptionalMessage_ERROR) IP (RCC) : Parameter (SAI4AFreq_Value) has invalid value (480000000)
2025-07-04 10:25:09,349 [INFO] ImportTextPane:218 - (OptionalMessage_ERROR) IP (RCC) : Parameter (SAI4BFreq_Value) has invalid value (480000000)
2025-07-04 10:25:09,349 [INFO] ImportTextPane:218 - (OptionalMessage_ERROR) IP (RCC) : Parameter (SDMMCFreq_Value) has invalid value (480000000)
2025-07-04 10:25:09,349 [INFO] ImportTextPane:218 - (OptionalMessage_ERROR) IP (RCC) : Parameter (SPDIFRXFreq_Value) has invalid value (480000000)
2025-07-04 10:25:09,349 [INFO] ImportTextPane:218 - (OptionalMessage_ERROR) IP (RCC) : Parameter (SPI123Freq_Value) has invalid value (480000000)
2025-07-04 10:25:09,349 [INFO] ImportTextPane:218 - (OptionalMessage_ERROR) IP (RCC) : Parameter (USBFreq_Value) has invalid value (480000000)
2025-07-04 10:25:10,114 [INFO] ApiDb:581 - Connected to CubeFinder SQLite database (C:\Users\marcv\.stmcufinder\plugins\mcufinder\mcu\cube-finder-db.db)
2025-07-04 10:25:10,278 [INFO] ApiDb:668 - CubeFinder database Data Model version=2.1
2025-07-04 10:25:10,278 [INFO] ApiDb:669 - CubeFinder database Configuration version=3.0.39
2025-07-04 10:25:10,279 [INFO] ApiDb:670 - CubeFinder database generation date=2025-06-16 (1750072209)
2025-07-04 10:25:10,279 [INFO] ApiDb:671 - CubeFinder database FW Pack versions=[FP-ATR-ASTRA1_V2.0.0, FP-SNS-FLIGHT1_V5.1.0, FP-SNS-MOTENV1_V5.0.0, FP-SNS-MOTENVWB1_V1.4.0, FP-SNS-SMARTAG2_V1.2.0, FP-SNS-STBOX1_V2.0.0, STM32Cube_FW_C0_V1.4.0, STM32Cube_FW_F4_V1.28.2, STM32Cube_FW_F7_V1.17.3, STM32Cube_FW_G0_V1.6.2, STM32Cube_FW_G4_V1.6.1, STM32Cube_FW_H5_V1.5.0, STM32Cube_FW_H7RS_V1.2.0, STM32Cube_FW_H7_V1.12.1, STM32Cube_FW_L0_V1.12.2, STM32Cube_FW_L4_V1.18.1, STM32Cube_FW_L5_V1.5.1, STM32Cube_FW_N6_V1.1.1, STM32Cube_FW_U0_V1.2.0, STM32Cube_FW_U3_V1.1.0, STM32Cube_FW_U5_V1.7.0, STM32Cube_FW_WB0_V1.2.0, STM32Cube_FW_WBA_V1.6.0, STM32Cube_FW_WB_V1.22.0, STM32Cube_FW_WL3_V1.1.0, STM32Cube_FW_WL_V1.3.1, X-CUBE-ALGOBUILD_V1.4.0, X-CUBE-ALS_V1.0.2, X-CUBE-AZRTOS-F4_V1.1.0, X-CUBE-AZRTOS-F7_V1.1.0, X-CUBE-AZRTOS-G0_V1.1.0, X-CUBE-AZRTOS-G4_V2.0.0, X-CUBE-AZRTOS-H7RS_V1.1.0, X-CUBE-AZRTOS-H7_V3.3.0, X-CUBE-AZRTOS-L4_V2.0.0, X-CUBE-AZRTOS-L5_V2.0.0, X-CUBE-AZRTOS-WB_V2.0.0, X-CUBE-AZRTOS-WL_V2.0.0, X-CUBE-BLE1_V7.1.0, X-CUBE-BLE2_V3.3.0, X-CUBE-BLEMGR_V4.0.0, X-CUBE-EEPRMA1_V5.1.0, X-CUBE-FREERTOS_V1.3.1, X-CUBE-GNSS1_V6.0.0, X-CUBE-MEMS1_V11.3.0, X-CUBE-NFC4_V3.0.0, X-CUBE-NFC7_V2.0.0, X-CUBE-SFXS2LP1_V4.0.0, X-CUBE-SUBG2_V5.0.0, X-CUBE-TOF1_V3.4.3]
2025-07-04 10:25:10,454 [INFO] DbBoardsSqlite:226 - include board P-NUCLEO-WB55-NUCLEO as a kit item of type 'Nucleo-64'
2025-07-04 10:25:10,454 [INFO] DbBoardsSqlite:226 - include board P-NUCLEO-WB55-USBDONGLE as a kit item of type 'Nucleo USB Dongle'
2025-07-04 10:25:10,455 [INFO] DbBoardsSqlite:226 - include board STEVAL-IDP005V1 as a kit item of type 'Evaluation Board'
2025-07-04 10:25:10,456 [INFO] DbBoardsSqlite:226 - include board STEVAL-IDP005V2 as a kit item of type 'Evaluation Board'
2025-07-04 10:25:11,952 [INFO] ApiDb:240 - Found 895 in-development CPN: [B-G473E-ZEST1S, B-WB1M-WPAN1, B-WBA5M-WPAN, B-WL5M-SUBG1, NUCLEO-C031C6, NUCLEO-C051C8, NUCLEO-C071RB, NUCLEO-C092RC, NUCLEO-H503RB, NUCLEO-H533RE, NUCLEO-H563ZI, NUCLEO-H7S3L8, NUCLEO-N657X0-Q, NUCLEO-U031R8, NUCLEO-U083RC, NUCLEO-U385RG-Q, NUCLEO-U545RE-Q, NUCLEO-U5A5ZJ-Q, NUCLEO-WB05KZ, NUCLEO-WB07CC, NUCLEO-WB09KE, NUCLEO-WBA52CG, NUCLEO-WBA55CG, NUCLEO-WBA65RI, NUCLEO-WL33CC1, NUCLEO-WL33CC2, STEVAL-PROTEUS1, STEVAL-SMARTAG2, STEVAL-STWINBX1, STM320518-EVAL, STM32C0116-DK, STM32C011D6Y3TR, STM32C011D6Y6TR, STM32C011F4P3, STM32C011F4P6, STM32C011F4U3, STM32C011F4U6TR, STM32C011F6P3, STM32C011F6P6, STM32C011F6U3, STM32C011F6U6TR, STM32C011J4M3, STM32C011J4M6, STM32C011J6M3, STM32C011J6M6, STM32C0316-DK, STM32C031C4T3, STM32C031C4T6, STM32C031C4U3, STM32C031C4U6, STM32C031C6T3, STM32C031C6T6, STM32C031C6U3, STM32C031C6U6, STM32C031F4P3, STM32C031F4P6, STM32C031F6P3, STM32C031F6P6, STM32C031G4U3, STM32C031G4U6, STM32C031G6U3, STM32C031G6U6, STM32C031K4T3, STM32C031K4T6, STM32C031K4U3, STM32C031K4U6, STM32C031K6T3, STM32C031K6T6, STM32C031K6U3, STM32C031K6U6, STM32C051C6T6, STM32C051C6U6, STM32C051C8T6, STM32C051C8U6, STM32C051D8Y6TR, STM32C051F6P6, STM32C051F8P6, STM32C051G6U6, STM32C051G8U6, STM32C051K6T6, STM32C051K6U6, STM32C051K8T6, STM32C071C8T6, STM32C071C8T6N, STM32C071C8U6, STM32C071C8U6N, STM32C071CBT6, STM32C071CBT6N, STM32C071CBU6, STM32C071CBU6N, STM32C071F8P6, STM32C071F8P6N, STM32C071FBP6, STM32C071FBP6N, STM32C071FBY6TR, STM32C071G8U6, STM32C071G8U6N, STM32C071GBU6, STM32C071GBU6N, STM32C071K8T6, STM32C071K8T6N, STM32C071K8U6, STM32C071K8U6N, STM32C071KBT6, STM32C071KBT6N, STM32C071KBU6, STM32C071KBU6N, STM32C071R8T6, STM32C071R8T6N, STM32C071RBI6N, STM32C071RBT6, STM32C071RBT6N, STM32C091CBT6, STM32C091CBU6, STM32C091CCT6, STM32C091CCU6, STM32C091ECY6TR, STM32C091FBP6, STM32C091FCP6, STM32C091GBU6, STM32C091GCU6, STM32C091KBT6, STM32C091KBU6, STM32C091KCT6, STM32C091KCU6, STM32C091RBT6, STM32C091RCI6, STM32C091RCT6, STM32C092CBT6, STM32C092CBU6, STM32C092CCT6, STM32C092CCU6, STM32C092ECY6TR, STM32C092FBP6, STM32C092FCP6, STM32C092GBU6, STM32C092GCU6, STM32C092KBT6, STM32C092KBU6, STM32C092KCT6, STM32C092KCU6, STM32C092RBT6, STM32C092RCI6, STM32C092RCT6, STM32G071K8TXN, STM32G071K8UXN, STM32G081GBU6N, STM32G081KBT6N, STM32G081KBUXN, STM32G0B1CCT6N, STM32G0B1KCT6, STM32G0B1NEY6TR, STM32G0B1RCT6N, STM32G0C1CCT6, STM32G0C1CCT6N, STM32G0C1CCU6N, STM32G0C1CET6N, STM32G0C1CEU6N, STM32G0C1KCT6, STM32G0C1NEY6TR, STM32G0C1RCI6N, STM32G0C1RCT6N, STM32G0C1REI6N, STM32G0C1RET6N, STM32G0C1VCI6, STM32G0C1VEI6, STM32G411C6T3, STM32G411C6T6, STM32G411C6U3, STM32G411C6U6, STM32G411C8T3, STM32G411C8T6, STM32G411C8U3, STM32G411C8U6, STM32G411CBT3, STM32G411CBT6, STM32G411CBU3, STM32G411CBU6, STM32G411CCT3, STM32G411CCT6, STM32G411CCU3, STM32G411CCU6, STM32G411K6T3, STM32G411K6T6, STM32G411K6U3, STM32G411K6U6, STM32G411K8T3, STM32G411K8T6, STM32G411K8U3, STM32G411K8U6, STM32G411KBT3, STM32G411KBT6, STM32G411KBU3, STM32G411KBU6, STM32G411M6T3, STM32G411M6T6, STM32G411M8T3, STM32G411M8T6, STM32G411MBT3, STM32G411MBT6, STM32G411MCT3, STM32G411MCT6, STM32G411R6T3, STM32G411R6T6, STM32G411R8T3, STM32G411R8T6, STM32G411RBT3, STM32G411RBT6, STM32G411RCT3, STM32G411RCT6, STM32G414CBT3, STM32G414CBT6, STM32G414CBU3, STM32G414CBU6, STM32G414CCT3, STM32G414CCT6, STM32G414CCU3, STM32G414CCU6, STM32G414MBT3, STM32G414MBT6, STM32G414MCT3, STM32G414MCT6, STM32G414RBT3, STM32G414RBT6, STM32G414RCT3, STM32G414RCT6, STM32G414VBT3, STM32G414VBT6, STM32G414VCT3, STM32G414VCT6, STM32G431CBT3Z, STM32G431RBT3Z, STM32G471CCT6, STM32G471CCU6, STM32G471CET3, STM32G471CET6, STM32G471CEU3, STM32G471CEU6, STM32G471MCT6, STM32G471MET3, STM32G471MET6, STM32G471MEY6TR, STM32G471QCT6, STM32G471QET3, STM32G471RCT6, STM32G471RET3, STM32G471RET6, STM32G471VCH6, STM32G471VCI6, STM32G471VCT6, STM32G471VEH3, STM32G471VEH6, STM32G471VEI3, STM32G471VEI6, STM32G471VET3, STM32G471VET6, STM32G473QET3Z, STM32G473RET3Z, STM32G474CCT6, STM32G491RET3Z, STM32H503CBT6, STM32H503CBU6, STM32H503EBY6TR, STM32H503KBU6, STM32H503RBT6, STM32H523CCT6, STM32H523CCU6, STM32H523CET6, STM32H523CEU6, STM32H523HEY6TR, STM32H523RCT6, STM32H523RET6, STM32H523VCI6, STM32H523VCT6, STM32H523VEI6, STM32H523VET6, STM32H523ZCJ6, STM32H523ZCT6, STM32H523ZEJ6, STM32H523ZET6, STM32H533CET6, STM32H533CEU6, STM32H533HEY6TR, STM32H533RET6, STM32H533VEI6, STM32H533VET6, STM32H533ZEJ6, STM32H533ZET6, STM32H562AGI6, STM32H562AII6, STM32H562IGK6, STM32H562IGT6, STM32H562IIK6, STM32H562IIT6, STM32H562RGT6, STM32H562RGV6, STM32H562RIT6, STM32H562RIV6, STM32H562VGT6, STM32H562VIT6, STM32H562ZGT6, STM32H562ZIT6, STM32H563AGI6, STM32H563AII3Q, STM32H563AII6, STM32H563IGK6, STM32H563IGT6, STM32H563IIK3Q, STM32H563IIK6, STM32H563IIT3Q, STM32H563IIT6, STM32H563MIY3QTR, STM32H563RGT6, STM32H563RGV6, STM32H563RIT6, STM32H563RIV6, STM32H563VGT6, STM32H563VIT3Q, STM32H563VIT6, STM32H563ZGT6, STM32H563ZIT3Q, STM32H563ZIT6, STM32H573AII3Q, STM32H573AII6, STM32H573I-DK, STM32H573IIK3Q, STM32H573IIK6, STM32H573IIT3Q, STM32H573IIT6, STM32H573MIY3QTR, STM32H573RIT6, STM32H573RIV6, STM32H573VIT3Q, STM32H573VIT6, STM32H573ZIT3Q, STM32H573ZIT6, STM32H7R3A8I6, STM32H7R3I8K6, STM32H7R3I8T6, STM32H7R3L8H6, STM32H7R3L8H6H, STM32H7R3R8V6, STM32H7R3V8H6, STM32H7R3V8T6, STM32H7R3V8Y6TR, STM32H7R3Z8J6, STM32H7R3Z8T6, STM32H7R7A8I6, STM32H7R7I8K6, STM32H7R7I8T6, STM32H7R7L8H6, STM32H7R7L8H6H, STM32H7R7Z8J6, STM32H7S3A8I6, STM32H7S3I8K6, STM32H7S3I8T6, STM32H7S3L8H6, STM32H7S3L8H6H, STM32H7S3R8V6, STM32H7S3V8H6, STM32H7S3V8T6, STM32H7S3V8Y6TR, STM32H7S3Z8J6, STM32H7S3Z8T6, STM32H7S78-DK, STM32H7S7A8I6, STM32H7S7I8K6, STM32H7S7I8T6, STM32H7S7L8H6, STM32H7S7L8H6H, STM32H7S7Z8J6, STM32L4R5QGI6STR, STM32MP131AAE3, STM32MP131AAF3, STM32MP131AAG3, STM32MP131CAE3, STM32MP131CAF3, STM32MP131CAG3, STM32MP131DAE7, STM32MP131DAF7, STM32MP131DAG7, STM32MP131FAE7, STM32MP131FAF7, STM32MP131FAG7, STM32MP133AAE3, STM32MP133AAF3, STM32MP133AAG3, STM32MP133CAE3, STM32MP133CAF3, STM32MP133CAG3, STM32MP133DAE7, STM32MP133DAF7, STM32MP133DAG7, STM32MP133FAE7, STM32MP133FAF7, STM32MP133FAG7, STM32MP135AAE3, STM32MP135AAF3, STM32MP135AAG3, STM32MP135CAE3, STM32MP135CAF3, STM32MP135CAG3, STM32MP135DAE7, STM32MP135DAF7, STM32MP135DAG7, STM32MP135F-DK, STM32MP135FAE7, STM32MP135FAF7, STM32MP135FAF7T, STM32MP135FAF7U, STM32MP135FAG7, STM32MP231AAJ3, STM32MP231AAK3, STM32MP231AAL3, STM32MP231CAJ3, STM32MP231CAK3, STM32MP231CAL3, STM32MP231DAJ3, STM32MP231DAK3, STM32MP231DAL3, STM32MP231FAJ3, STM32MP231FAK3, STM32MP231FAL3, STM32MP233AAJ3, STM32MP233AAK3, STM32MP233AAL3, STM32MP233CAJ3, STM32MP233CAK3, STM32MP233CAL3, STM32MP233DAJ3, STM32MP233DAK3, STM32MP233DAL3, STM32MP233FAJ3, STM32MP233FAK3, STM32MP233FAL3, STM32MP235AAJ3, STM32MP235AAK3, STM32MP235AAL3, STM32MP235CAJ3, STM32MP235CAK3, STM32MP235CAL3, STM32MP235DAJ3, STM32MP235DAK3, STM32MP235DAL3, STM32MP235FAJ3, STM32MP235FAK3, STM32MP235FAL3, STM32MP251AAI3, STM32MP251AAJ3, STM32MP251AAK3, STM32MP251AAL3, STM32MP251CAI3, STM32MP251CAJ3, STM32MP251CAK3, STM32MP251CAL3, STM32MP251DAI3, STM32MP251DAJ3, STM32MP251DAK3, STM32MP251DAL3, STM32MP251FAI3, STM32MP251FAJ3, STM32MP251FAK3, STM32MP251FAL3, STM32MP253AAI3, STM32MP253AAJ3, STM32MP253AAK3, STM32MP253AAL3, STM32MP253CAI3, STM32MP253CAJ3, STM32MP253CAK3, STM32MP253CAL3, STM32MP253DAI3, STM32MP253DAJ3, STM32MP253DAK3, STM32MP253DAL3, STM32MP253FAI3, STM32MP253FAJ3, STM32MP253FAK3, STM32MP253FAL3, STM32MP255AAI3, STM32MP255AAJ3, STM32MP255AAK3, STM32MP255AAL3, STM32MP255CAI3, STM32MP255CAJ3, STM32MP255CAK3, STM32MP255CAL3, STM32MP255DAI3, STM32MP255DAJ3, STM32MP255DAK3, STM32MP255DAL3, STM32MP255FAI3, STM32MP255FAJ3, STM32MP255FAK3, STM32MP255FAL3, STM32MP257AAI3, STM32MP257AAJ3, STM32MP257AAK3, STM32MP257AAL3, STM32MP257CAI3, STM32MP257CAJ3, STM32MP257CAK3, STM32MP257CAL3, STM32MP257DAI3, STM32MP257DAJ3, STM32MP257DAK3, STM32MP257DAL3, STM32MP257F-DK, STM32MP257F-EV1, STM32MP257FAI3, STM32MP257FAJ3, STM32MP257FAK3, STM32MP257FAL3, STM32N645A0H3Q, STM32N645B0H3Q, STM32N645I0H3Q, STM32N645L0H3Q, STM32N645X0H3Q, STM32N645Z0H3Q, STM32N647A0H3Q, STM32N647B0H3Q, STM32N647I0H3Q, STM32N647L0H3Q, STM32N647X0H3Q, STM32N647Z0H3Q, STM32N655A0H3Q, STM32N655B0H3Q, STM32N655I0H3Q, STM32N655L0H3Q, STM32N655X0H3Q, STM32N655Z0H3Q, STM32N6570-DK, STM32N657A0H3Q, STM32N657B0H3Q, STM32N657I0H3Q, STM32N657L0H3Q, STM32N657X0H3Q, STM32N657Z0H3Q, STM32U031C6T6, STM32U031C6U6, STM32U031C8T6, STM32U031C8U6, STM32U031F4P6, STM32U031F6P6, STM32U031F8P6, STM32U031G6Y6TR, STM32U031G8Y6TR, STM32U031K4U6, STM32U031K6U6, STM32U031K8U6, STM32U031R6I6, STM32U031R6T6, STM32U031R8I6, STM32U031R8T6, STM32U073C8T6, STM32U073C8U6, STM32U073CBT6, STM32U073CBU6, STM32U073CCT6, STM32U073CCU6, STM32U073H8Y6TR, STM32U073HBY6TR, STM32U073HCY6TR, STM32U073K8U6, STM32U073KBU6, STM32U073KCU6, STM32U073M8I6, STM32U073M8T6, STM32U073MBI6, STM32U073MBT6, STM32U073MCI6, STM32U073MCT6, STM32U073R8I6, STM32U073R8T6, STM32U073RBI6, STM32U073RBT6, STM32U073RCI6, STM32U073RCT6, STM32U083C-DK, STM32U083CCT6, STM32U083CCU6, STM32U083HCY6TR, STM32U083KCU6, STM32U083MCI6, STM32U083MCT6, STM32U083RCI6, STM32U083RCT6, STM32U375CET6, STM32U375CET6Q, STM32U375CEU6, STM32U375CEU6Q, STM32U375CEY6QTR, STM32U375CGT6, STM32U375CGT6Q, STM32U375CGU6, STM32U375CGU6Q, STM32U375CGY6QTR, STM32U375KEU6, STM32U375KGU6, STM32U375REI6, STM32U375REI6Q, STM32U375RET6, STM32U375RET6Q, STM32U375REY6GTR, STM32U375REY6QTR, STM32U375RGI6, STM32U375RGI6Q, STM32U375RGT6, STM32U375RGT6Q, STM32U375RGY6GTR, STM32U375RGY6QTR, STM32U375VEI6, STM32U375VEI6Q, STM32U375VET6, STM32U375VET6Q, STM32U375VGI6, STM32U375VGI6Q, STM32U375VGT6, STM32U375VGT6Q, STM32U385CGT6, STM32U385CGT6Q, STM32U385CGU6, STM32U385CGU6Q, STM32U385CGY6QTR, STM32U385KGU6, STM32U385RGI6, STM32U385RGI6Q, STM32U385RGT6, STM32U385RGT6Q, STM32U385RGY6GTR, STM32U385RGY6QTR, STM32U385VGI6, STM32U385VGI6Q, STM32U385VGT6, STM32U385VGT6Q, STM32U535CBT6, STM32U535CBT6Q, STM32U535CBU6, STM32U535CBU6Q, STM32U535CCT6, STM32U535CCT6Q, STM32U535CCU6, STM32U535CCU6Q, STM32U535CET6, STM32U535CET6Q, STM32U535CEU6, STM32U535CEU6Q, STM32U535JEY6QTR, STM32U535NCY6QTR, STM32U535NEY6QTR, STM32U535RBI6, STM32U535RBI6Q, STM32U535RBT6, STM32U535RBT6Q, STM32U535RCI6, STM32U535RCI6Q, STM32U535RCT6, STM32U535RCT6Q, STM32U535REI6, STM32U535REI6Q, STM32U535RET6, STM32U535RET6Q, STM32U535VCI6, STM32U535VCI6Q, STM32U535VCT6, STM32U535VCT6Q, STM32U535VEI6, STM32U535VEI6Q, STM32U535VET6, STM32U535VET6Q, STM32U545CET6, STM32U545CET6Q, STM32U545CEU6, STM32U545CEU6Q, STM32U545JEY6QTR, STM32U545NEY6QTR, STM32U545REI6, STM32U545REI6Q, STM32U545RET6, STM32U545RET6Q, STM32U545VEI6, STM32U545VEI6Q, STM32U545VET6, STM32U545VET6Q, STM32U595AIH6, STM32U595AIH6Q, STM32U595AJH6, STM32U595AJH6Q, STM32U595QII6, STM32U595QII6Q, STM32U595QJI6, STM32U595QJI6Q, STM32U595RIT6, STM32U595RIT6Q, STM32U595RJT6, STM32U595RJT6Q, STM32U595VIT6, STM32U595VIT6Q, STM32U595VJT6, STM32U595VJT6Q, STM32U595ZIT6, STM32U595ZIT6Q, STM32U595ZIY6QTR, STM32U595ZJT6, STM32U595ZJT6Q, STM32U595ZJY6QTR, STM32U599BJY6QTR, STM32U599NIH6Q, STM32U599NJH6Q, STM32U599VIT6Q, STM32U599VJT6, STM32U599VJT6Q, STM32U599ZIT6Q, STM32U599ZIY6QTR, STM32U599ZJT6Q, STM32U599ZJY6QTR, STM32U5A5AJH6, STM32U5A5AJH6Q, STM32U5A5QII3Q , STM32U5A5QJI6, STM32U5A5QJI6Q, STM32U5A5RJT6, STM32U5A5RJT6Q, STM32U5A5VJT6, STM32U5A5VJT6Q, STM32U5A5ZJT6, STM32U5A5ZJT6Q, STM32U5A5ZJY6QTR, STM32U5A9BJY6QTR, STM32U5A9J-DK, STM32U5A9NJH6Q, STM32U5A9VJT6Q, STM32U5A9ZJT6Q, STM32U5A9ZJY6QTR, STM32U5F7VIT6, STM32U5F7VIT6Q, STM32U5F7VJT6, STM32U5F7VJT6Q, STM32U5F9BJY6QTR, STM32U5F9NJH6Q, STM32U5F9VIT6Q, STM32U5F9VJT6Q, STM32U5F9ZIJ6QTR, STM32U5F9ZIT6Q, STM32U5F9ZJJ6QTR, STM32U5F9ZJT6Q, STM32U5G7VJT6, STM32U5G7VJT6Q, STM32U5G9BJY6QTR, STM32U5G9J-DK1, STM32U5G9J-DK2, STM32U5G9NJH6Q, STM32U5G9VJT6Q, STM32U5G9ZJJ6QTR, STM32U5G9ZJT6Q, STM32WB05KZV6TR, STM32WB05KZV7TR, STM32WB05TZF6TR, STM32WB05TZF7TR, STM32WB06CCF6TR, STM32WB06CCF7TR, STM32WB06CCV6TR, STM32WB06CCV7TR, STM32WB06KCV6TR, STM32WB06KCV7TR, STM32WB07CCF6TR, STM32WB07CCF7TR, STM32WB07CCV6TR, STM32WB07CCV7TR, STM32WB07KCV6TR, STM32WB07KCV7TR, STM32WB09KEV6TR, STM32WB09KEV7TR, STM32WB09TEF6TR, STM32WB09TEF7TR, STM32WB1MMCH6, STM32WBA50KGU6, STM32WBA50KGU6TR, STM32WBA52CEU6, STM32WBA52CEU6TR, STM32WBA52CEU7, STM32WBA52CEU7TR, STM32WBA52CGU6, STM32WBA52CGU6TR, STM32WBA52CGU6U, STM32WBA52CGU7, STM32WBA52CGU7TR, STM32WBA52KEU6, STM32WBA52KEU6TR, STM32WBA52KGU6, STM32WBA52KGU6TR, STM32WBA54CEU6, STM32WBA54CEU6TR, STM32WBA54CEU7, STM32WBA54CEU7TR, STM32WBA54CGU6, STM32WBA54CGU6TR, STM32WBA54CGU7, STM32WBA54CGU7TR, STM32WBA54KEU6, STM32WBA54KEU6TR, STM32WBA54KEU7, STM32WBA54KEU7TR, STM32WBA54KGU6, STM32WBA54KGU6TR, STM32WBA54KGU7, STM32WBA54KGU7TR, STM32WBA55CEU6, STM32WBA55CEU6TR, STM32WBA55CEU7, STM32WBA55CEU7TR, STM32WBA55CGU6, STM32WBA55CGU6TR, STM32WBA55CGU6U, STM32WBA55CGU7, STM32WBA55CGU7TR, STM32WBA55G-DK1, STM32WBA55HEF6, STM32WBA55HEF7, STM32WBA55HGF6, STM32WBA55HGF7, STM32WBA55UEI6, STM32WBA55UEI6TR, STM32WBA55UEI7, STM32WBA55UEI7TR, STM32WBA55UGI6, STM32WBA55UGI6TR, STM32WBA55UGI7, STM32WBA55UGI7TR, STM32WBA5MJGH6TR, STM32WBA62CGU6, STM32WBA62CIU6, STM32WBA62MGF6, STM32WBA62MIF6, STM32WBA62PGI6, STM32WBA62PII6, STM32WBA63CGU6, STM32WBA63CGU7, STM32WBA63CIU6, STM32WBA63CIU7, STM32WBA64CGU6, STM32WBA64CGU7, STM32WBA64CIU6, STM32WBA64CIU7, STM32WBA65CGU6, STM32WBA65CGU7, STM32WBA65CIU6, STM32WBA65CIU7, STM32WBA65I-DK1, STM32WBA65MGF6, STM32WBA65MGF7, STM32WBA65MIF6, STM32WBA65MIF7, STM32WBA65PGI6, STM32WBA65PGI7, STM32WBA65PII6, STM32WBA65PII7, STM32WBA65RGV6, STM32WBA65RGV7, STM32WBA65RIV6, STM32WBA65RIV7, STM32WL30K8V6, STM32WL30KBV6, STM32WL31C8V6, STM32WL31CBV6, STM32WL31K8V6, STM32WL31KBV6, STM32WL33C8V6, STM32WL33C8V6TR, STM32WL33C8V7, STM32WL33C8V7TR, STM32WL33CBV6, STM32WL33CBV6TR, STM32WL33CBV7, STM32WL33CBV7TR, STM32WL33CCV6, STM32WL33CCV6TR, STM32WL33CCV7, STM32WL33CCV7A, STM32WL33CCV7ATR, STM32WL33CCV7TR, STM32WL33K8V6, STM32WL33K8V6TR, STM32WL33K8V7, STM32WL33K8V7TR, STM32WL33KBV6, STM32WL33KBV6TR, STM32WL33KBV7, STM32WL33KBV7TR, STM32WL33KCV6, STM32WL33KCV6TR, STM32WL33KCV7, STM32WL33KCV7TR, STM32WL5MOCH6, STM32WL5MOCH6TR]
2025-07-04 10:25:12,289 [INFO] BoardInfo:889 - No configuration file found for board P-NUCLEO-WB55
2025-07-04 10:25:12,290 [INFO] DbBoards:161 - Kit is not supported: P-NUCLEO-WB55
2025-07-04 10:25:12,298 [INFO] BoardInfo:889 - No configuration file found for board STEVAL-BFA001V1B
2025-07-04 10:25:12,299 [INFO] DbBoards:161 - Kit is not supported: STEVAL-BFA001V1B
2025-07-04 10:25:12,300 [INFO] BoardInfo:889 - No configuration file found for board STEVAL-BFA001V2B
2025-07-04 10:25:12,302 [INFO] DbBoards:161 - Kit is not supported: STEVAL-BFA001V2B
2025-07-04 10:25:12,535 [INFO] DbBoards:168 - Found 211 boards, 208 are supported
2025-07-04 10:25:12,535 [INFO] DbBoards:169 - Found 211 boards, 43 of them is supported for  Bsp
2025-07-04 10:25:12,539 [INFO] ApiDb:668 - CubeFinder database Data Model version=2.1
2025-07-04 10:25:12,539 [INFO] ApiDb:669 - CubeFinder database Configuration version=3.0.39
2025-07-04 10:25:12,539 [INFO] ApiDb:670 - CubeFinder database generation date=2025-06-16 (1750072209)
2025-07-04 10:25:12,539 [INFO] ApiDb:671 - CubeFinder database FW Pack versions=[FP-ATR-ASTRA1_V2.0.0, FP-SNS-FLIGHT1_V5.1.0, FP-SNS-MOTENV1_V5.0.0, FP-SNS-MOTENVWB1_V1.4.0, FP-SNS-SMARTAG2_V1.2.0, FP-SNS-STBOX1_V2.0.0, STM32Cube_FW_C0_V1.4.0, STM32Cube_FW_F4_V1.28.2, STM32Cube_FW_F7_V1.17.3, STM32Cube_FW_G0_V1.6.2, STM32Cube_FW_G4_V1.6.1, STM32Cube_FW_H5_V1.5.0, STM32Cube_FW_H7RS_V1.2.0, STM32Cube_FW_H7_V1.12.1, STM32Cube_FW_L0_V1.12.2, STM32Cube_FW_L4_V1.18.1, STM32Cube_FW_L5_V1.5.1, STM32Cube_FW_N6_V1.1.1, STM32Cube_FW_U0_V1.2.0, STM32Cube_FW_U3_V1.1.0, STM32Cube_FW_U5_V1.7.0, STM32Cube_FW_WB0_V1.2.0, STM32Cube_FW_WBA_V1.6.0, STM32Cube_FW_WB_V1.22.0, STM32Cube_FW_WL3_V1.1.0, STM32Cube_FW_WL_V1.3.1, X-CUBE-ALGOBUILD_V1.4.0, X-CUBE-ALS_V1.0.2, X-CUBE-AZRTOS-F4_V1.1.0, X-CUBE-AZRTOS-F7_V1.1.0, X-CUBE-AZRTOS-G0_V1.1.0, X-CUBE-AZRTOS-G4_V2.0.0, X-CUBE-AZRTOS-H7RS_V1.1.0, X-CUBE-AZRTOS-H7_V3.3.0, X-CUBE-AZRTOS-L4_V2.0.0, X-CUBE-AZRTOS-L5_V2.0.0, X-CUBE-AZRTOS-WB_V2.0.0, X-CUBE-AZRTOS-WL_V2.0.0, X-CUBE-BLE1_V7.1.0, X-CUBE-BLE2_V3.3.0, X-CUBE-BLEMGR_V4.0.0, X-CUBE-EEPRMA1_V5.1.0, X-CUBE-FREERTOS_V1.3.1, X-CUBE-GNSS1_V6.0.0, X-CUBE-MEMS1_V11.3.0, X-CUBE-NFC4_V3.0.0, X-CUBE-NFC7_V2.0.0, X-CUBE-SFXS2LP1_V4.0.0, X-CUBE-SUBG2_V5.0.0, X-CUBE-TOF1_V3.4.3]
2025-07-04 10:25:14,752 [INFO] ApiDb:240 - Found 895 in-development CPN: [B-G473E-ZEST1S, B-WB1M-WPAN1, B-WBA5M-WPAN, B-WL5M-SUBG1, NUCLEO-C031C6, NUCLEO-C051C8, NUCLEO-C071RB, NUCLEO-C092RC, NUCLEO-H503RB, NUCLEO-H533RE, NUCLEO-H563ZI, NUCLEO-H7S3L8, NUCLEO-N657X0-Q, NUCLEO-U031R8, NUCLEO-U083RC, NUCLEO-U385RG-Q, NUCLEO-U545RE-Q, NUCLEO-U5A5ZJ-Q, NUCLEO-WB05KZ, NUCLEO-WB07CC, NUCLEO-WB09KE, NUCLEO-WBA52CG, NUCLEO-WBA55CG, NUCLEO-WBA65RI, NUCLEO-WL33CC1, NUCLEO-WL33CC2, STEVAL-PROTEUS1, STEVAL-SMARTAG2, STEVAL-STWINBX1, STM320518-EVAL, STM32C0116-DK, STM32C011D6Y3TR, STM32C011D6Y6TR, STM32C011F4P3, STM32C011F4P6, STM32C011F4U3, STM32C011F4U6TR, STM32C011F6P3, STM32C011F6P6, STM32C011F6U3, STM32C011F6U6TR, STM32C011J4M3, STM32C011J4M6, STM32C011J6M3, STM32C011J6M6, STM32C0316-DK, STM32C031C4T3, STM32C031C4T6, STM32C031C4U3, STM32C031C4U6, STM32C031C6T3, STM32C031C6T6, STM32C031C6U3, STM32C031C6U6, STM32C031F4P3, STM32C031F4P6, STM32C031F6P3, STM32C031F6P6, STM32C031G4U3, STM32C031G4U6, STM32C031G6U3, STM32C031G6U6, STM32C031K4T3, STM32C031K4T6, STM32C031K4U3, STM32C031K4U6, STM32C031K6T3, STM32C031K6T6, STM32C031K6U3, STM32C031K6U6, STM32C051C6T6, STM32C051C6U6, STM32C051C8T6, STM32C051C8U6, STM32C051D8Y6TR, STM32C051F6P6, STM32C051F8P6, STM32C051G6U6, STM32C051G8U6, STM32C051K6T6, STM32C051K6U6, STM32C051K8T6, STM32C071C8T6, STM32C071C8T6N, STM32C071C8U6, STM32C071C8U6N, STM32C071CBT6, STM32C071CBT6N, STM32C071CBU6, STM32C071CBU6N, STM32C071F8P6, STM32C071F8P6N, STM32C071FBP6, STM32C071FBP6N, STM32C071FBY6TR, STM32C071G8U6, STM32C071G8U6N, STM32C071GBU6, STM32C071GBU6N, STM32C071K8T6, STM32C071K8T6N, STM32C071K8U6, STM32C071K8U6N, STM32C071KBT6, STM32C071KBT6N, STM32C071KBU6, STM32C071KBU6N, STM32C071R8T6, STM32C071R8T6N, STM32C071RBI6N, STM32C071RBT6, STM32C071RBT6N, STM32C091CBT6, STM32C091CBU6, STM32C091CCT6, STM32C091CCU6, STM32C091ECY6TR, STM32C091FBP6, STM32C091FCP6, STM32C091GBU6, STM32C091GCU6, STM32C091KBT6, STM32C091KBU6, STM32C091KCT6, STM32C091KCU6, STM32C091RBT6, STM32C091RCI6, STM32C091RCT6, STM32C092CBT6, STM32C092CBU6, STM32C092CCT6, STM32C092CCU6, STM32C092ECY6TR, STM32C092FBP6, STM32C092FCP6, STM32C092GBU6, STM32C092GCU6, STM32C092KBT6, STM32C092KBU6, STM32C092KCT6, STM32C092KCU6, STM32C092RBT6, STM32C092RCI6, STM32C092RCT6, STM32G071K8TXN, STM32G071K8UXN, STM32G081GBU6N, STM32G081KBT6N, STM32G081KBUXN, STM32G0B1CCT6N, STM32G0B1KCT6, STM32G0B1NEY6TR, STM32G0B1RCT6N, STM32G0C1CCT6, STM32G0C1CCT6N, STM32G0C1CCU6N, STM32G0C1CET6N, STM32G0C1CEU6N, STM32G0C1KCT6, STM32G0C1NEY6TR, STM32G0C1RCI6N, STM32G0C1RCT6N, STM32G0C1REI6N, STM32G0C1RET6N, STM32G0C1VCI6, STM32G0C1VEI6, STM32G411C6T3, STM32G411C6T6, STM32G411C6U3, STM32G411C6U6, STM32G411C8T3, STM32G411C8T6, STM32G411C8U3, STM32G411C8U6, STM32G411CBT3, STM32G411CBT6, STM32G411CBU3, STM32G411CBU6, STM32G411CCT3, STM32G411CCT6, STM32G411CCU3, STM32G411CCU6, STM32G411K6T3, STM32G411K6T6, STM32G411K6U3, STM32G411K6U6, STM32G411K8T3, STM32G411K8T6, STM32G411K8U3, STM32G411K8U6, STM32G411KBT3, STM32G411KBT6, STM32G411KBU3, STM32G411KBU6, STM32G411M6T3, STM32G411M6T6, STM32G411M8T3, STM32G411M8T6, STM32G411MBT3, STM32G411MBT6, STM32G411MCT3, STM32G411MCT6, STM32G411R6T3, STM32G411R6T6, STM32G411R8T3, STM32G411R8T6, STM32G411RBT3, STM32G411RBT6, STM32G411RCT3, STM32G411RCT6, STM32G414CBT3, STM32G414CBT6, STM32G414CBU3, STM32G414CBU6, STM32G414CCT3, STM32G414CCT6, STM32G414CCU3, STM32G414CCU6, STM32G414MBT3, STM32G414MBT6, STM32G414MCT3, STM32G414MCT6, STM32G414RBT3, STM32G414RBT6, STM32G414RCT3, STM32G414RCT6, STM32G414VBT3, STM32G414VBT6, STM32G414VCT3, STM32G414VCT6, STM32G431CBT3Z, STM32G431RBT3Z, STM32G471CCT6, STM32G471CCU6, STM32G471CET3, STM32G471CET6, STM32G471CEU3, STM32G471CEU6, STM32G471MCT6, STM32G471MET3, STM32G471MET6, STM32G471MEY6TR, STM32G471QCT6, STM32G471QET3, STM32G471RCT6, STM32G471RET3, STM32G471RET6, STM32G471VCH6, STM32G471VCI6, STM32G471VCT6, STM32G471VEH3, STM32G471VEH6, STM32G471VEI3, STM32G471VEI6, STM32G471VET3, STM32G471VET6, STM32G473QET3Z, STM32G473RET3Z, STM32G474CCT6, STM32G491RET3Z, STM32H503CBT6, STM32H503CBU6, STM32H503EBY6TR, STM32H503KBU6, STM32H503RBT6, STM32H523CCT6, STM32H523CCU6, STM32H523CET6, STM32H523CEU6, STM32H523HEY6TR, STM32H523RCT6, STM32H523RET6, STM32H523VCI6, STM32H523VCT6, STM32H523VEI6, STM32H523VET6, STM32H523ZCJ6, STM32H523ZCT6, STM32H523ZEJ6, STM32H523ZET6, STM32H533CET6, STM32H533CEU6, STM32H533HEY6TR, STM32H533RET6, STM32H533VEI6, STM32H533VET6, STM32H533ZEJ6, STM32H533ZET6, STM32H562AGI6, STM32H562AII6, STM32H562IGK6, STM32H562IGT6, STM32H562IIK6, STM32H562IIT6, STM32H562RGT6, STM32H562RGV6, STM32H562RIT6, STM32H562RIV6, STM32H562VGT6, STM32H562VIT6, STM32H562ZGT6, STM32H562ZIT6, STM32H563AGI6, STM32H563AII3Q, STM32H563AII6, STM32H563IGK6, STM32H563IGT6, STM32H563IIK3Q, STM32H563IIK6, STM32H563IIT3Q, STM32H563IIT6, STM32H563MIY3QTR, STM32H563RGT6, STM32H563RGV6, STM32H563RIT6, STM32H563RIV6, STM32H563VGT6, STM32H563VIT3Q, STM32H563VIT6, STM32H563ZGT6, STM32H563ZIT3Q, STM32H563ZIT6, STM32H573AII3Q, STM32H573AII6, STM32H573I-DK, STM32H573IIK3Q, STM32H573IIK6, STM32H573IIT3Q, STM32H573IIT6, STM32H573MIY3QTR, STM32H573RIT6, STM32H573RIV6, STM32H573VIT3Q, STM32H573VIT6, STM32H573ZIT3Q, STM32H573ZIT6, STM32H7R3A8I6, STM32H7R3I8K6, STM32H7R3I8T6, STM32H7R3L8H6, STM32H7R3L8H6H, STM32H7R3R8V6, STM32H7R3V8H6, STM32H7R3V8T6, STM32H7R3V8Y6TR, STM32H7R3Z8J6, STM32H7R3Z8T6, STM32H7R7A8I6, STM32H7R7I8K6, STM32H7R7I8T6, STM32H7R7L8H6, STM32H7R7L8H6H, STM32H7R7Z8J6, STM32H7S3A8I6, STM32H7S3I8K6, STM32H7S3I8T6, STM32H7S3L8H6, STM32H7S3L8H6H, STM32H7S3R8V6, STM32H7S3V8H6, STM32H7S3V8T6, STM32H7S3V8Y6TR, STM32H7S3Z8J6, STM32H7S3Z8T6, STM32H7S78-DK, STM32H7S7A8I6, STM32H7S7I8K6, STM32H7S7I8T6, STM32H7S7L8H6, STM32H7S7L8H6H, STM32H7S7Z8J6, STM32L4R5QGI6STR, STM32MP131AAE3, STM32MP131AAF3, STM32MP131AAG3, STM32MP131CAE3, STM32MP131CAF3, STM32MP131CAG3, STM32MP131DAE7, STM32MP131DAF7, STM32MP131DAG7, STM32MP131FAE7, STM32MP131FAF7, STM32MP131FAG7, STM32MP133AAE3, STM32MP133AAF3, STM32MP133AAG3, STM32MP133CAE3, STM32MP133CAF3, STM32MP133CAG3, STM32MP133DAE7, STM32MP133DAF7, STM32MP133DAG7, STM32MP133FAE7, STM32MP133FAF7, STM32MP133FAG7, STM32MP135AAE3, STM32MP135AAF3, STM32MP135AAG3, STM32MP135CAE3, STM32MP135CAF3, STM32MP135CAG3, STM32MP135DAE7, STM32MP135DAF7, STM32MP135DAG7, STM32MP135F-DK, STM32MP135FAE7, STM32MP135FAF7, STM32MP135FAF7T, STM32MP135FAF7U, STM32MP135FAG7, STM32MP231AAJ3, STM32MP231AAK3, STM32MP231AAL3, STM32MP231CAJ3, STM32MP231CAK3, STM32MP231CAL3, STM32MP231DAJ3, STM32MP231DAK3, STM32MP231DAL3, STM32MP231FAJ3, STM32MP231FAK3, STM32MP231FAL3, STM32MP233AAJ3, STM32MP233AAK3, STM32MP233AAL3, STM32MP233CAJ3, STM32MP233CAK3, STM32MP233CAL3, STM32MP233DAJ3, STM32MP233DAK3, STM32MP233DAL3, STM32MP233FAJ3, STM32MP233FAK3, STM32MP233FAL3, STM32MP235AAJ3, STM32MP235AAK3, STM32MP235AAL3, STM32MP235CAJ3, STM32MP235CAK3, STM32MP235CAL3, STM32MP235DAJ3, STM32MP235DAK3, STM32MP235DAL3, STM32MP235FAJ3, STM32MP235FAK3, STM32MP235FAL3, STM32MP251AAI3, STM32MP251AAJ3, STM32MP251AAK3, STM32MP251AAL3, STM32MP251CAI3, STM32MP251CAJ3, STM32MP251CAK3, STM32MP251CAL3, STM32MP251DAI3, STM32MP251DAJ3, STM32MP251DAK3, STM32MP251DAL3, STM32MP251FAI3, STM32MP251FAJ3, STM32MP251FAK3, STM32MP251FAL3, STM32MP253AAI3, STM32MP253AAJ3, STM32MP253AAK3, STM32MP253AAL3, STM32MP253CAI3, STM32MP253CAJ3, STM32MP253CAK3, STM32MP253CAL3, STM32MP253DAI3, STM32MP253DAJ3, STM32MP253DAK3, STM32MP253DAL3, STM32MP253FAI3, STM32MP253FAJ3, STM32MP253FAK3, STM32MP253FAL3, STM32MP255AAI3, STM32MP255AAJ3, STM32MP255AAK3, STM32MP255AAL3, STM32MP255CAI3, STM32MP255CAJ3, STM32MP255CAK3, STM32MP255CAL3, STM32MP255DAI3, STM32MP255DAJ3, STM32MP255DAK3, STM32MP255DAL3, STM32MP255FAI3, STM32MP255FAJ3, STM32MP255FAK3, STM32MP255FAL3, STM32MP257AAI3, STM32MP257AAJ3, STM32MP257AAK3, STM32MP257AAL3, STM32MP257CAI3, STM32MP257CAJ3, STM32MP257CAK3, STM32MP257CAL3, STM32MP257DAI3, STM32MP257DAJ3, STM32MP257DAK3, STM32MP257DAL3, STM32MP257F-DK, STM32MP257F-EV1, STM32MP257FAI3, STM32MP257FAJ3, STM32MP257FAK3, STM32MP257FAL3, STM32N645A0H3Q, STM32N645B0H3Q, STM32N645I0H3Q, STM32N645L0H3Q, STM32N645X0H3Q, STM32N645Z0H3Q, STM32N647A0H3Q, STM32N647B0H3Q, STM32N647I0H3Q, STM32N647L0H3Q, STM32N647X0H3Q, STM32N647Z0H3Q, STM32N655A0H3Q, STM32N655B0H3Q, STM32N655I0H3Q, STM32N655L0H3Q, STM32N655X0H3Q, STM32N655Z0H3Q, STM32N6570-DK, STM32N657A0H3Q, STM32N657B0H3Q, STM32N657I0H3Q, STM32N657L0H3Q, STM32N657X0H3Q, STM32N657Z0H3Q, STM32U031C6T6, STM32U031C6U6, STM32U031C8T6, STM32U031C8U6, STM32U031F4P6, STM32U031F6P6, STM32U031F8P6, STM32U031G6Y6TR, STM32U031G8Y6TR, STM32U031K4U6, STM32U031K6U6, STM32U031K8U6, STM32U031R6I6, STM32U031R6T6, STM32U031R8I6, STM32U031R8T6, STM32U073C8T6, STM32U073C8U6, STM32U073CBT6, STM32U073CBU6, STM32U073CCT6, STM32U073CCU6, STM32U073H8Y6TR, STM32U073HBY6TR, STM32U073HCY6TR, STM32U073K8U6, STM32U073KBU6, STM32U073KCU6, STM32U073M8I6, STM32U073M8T6, STM32U073MBI6, STM32U073MBT6, STM32U073MCI6, STM32U073MCT6, STM32U073R8I6, STM32U073R8T6, STM32U073RBI6, STM32U073RBT6, STM32U073RCI6, STM32U073RCT6, STM32U083C-DK, STM32U083CCT6, STM32U083CCU6, STM32U083HCY6TR, STM32U083KCU6, STM32U083MCI6, STM32U083MCT6, STM32U083RCI6, STM32U083RCT6, STM32U375CET6, STM32U375CET6Q, STM32U375CEU6, STM32U375CEU6Q, STM32U375CEY6QTR, STM32U375CGT6, STM32U375CGT6Q, STM32U375CGU6, STM32U375CGU6Q, STM32U375CGY6QTR, STM32U375KEU6, STM32U375KGU6, STM32U375REI6, STM32U375REI6Q, STM32U375RET6, STM32U375RET6Q, STM32U375REY6GTR, STM32U375REY6QTR, STM32U375RGI6, STM32U375RGI6Q, STM32U375RGT6, STM32U375RGT6Q, STM32U375RGY6GTR, STM32U375RGY6QTR, STM32U375VEI6, STM32U375VEI6Q, STM32U375VET6, STM32U375VET6Q, STM32U375VGI6, STM32U375VGI6Q, STM32U375VGT6, STM32U375VGT6Q, STM32U385CGT6, STM32U385CGT6Q, STM32U385CGU6, STM32U385CGU6Q, STM32U385CGY6QTR, STM32U385KGU6, STM32U385RGI6, STM32U385RGI6Q, STM32U385RGT6, STM32U385RGT6Q, STM32U385RGY6GTR, STM32U385RGY6QTR, STM32U385VGI6, STM32U385VGI6Q, STM32U385VGT6, STM32U385VGT6Q, STM32U535CBT6, STM32U535CBT6Q, STM32U535CBU6, STM32U535CBU6Q, STM32U535CCT6, STM32U535CCT6Q, STM32U535CCU6, STM32U535CCU6Q, STM32U535CET6, STM32U535CET6Q, STM32U535CEU6, STM32U535CEU6Q, STM32U535JEY6QTR, STM32U535NCY6QTR, STM32U535NEY6QTR, STM32U535RBI6, STM32U535RBI6Q, STM32U535RBT6, STM32U535RBT6Q, STM32U535RCI6, STM32U535RCI6Q, STM32U535RCT6, STM32U535RCT6Q, STM32U535REI6, STM32U535REI6Q, STM32U535RET6, STM32U535RET6Q, STM32U535VCI6, STM32U535VCI6Q, STM32U535VCT6, STM32U535VCT6Q, STM32U535VEI6, STM32U535VEI6Q, STM32U535VET6, STM32U535VET6Q, STM32U545CET6, STM32U545CET6Q, STM32U545CEU6, STM32U545CEU6Q, STM32U545JEY6QTR, STM32U545NEY6QTR, STM32U545REI6, STM32U545REI6Q, STM32U545RET6, STM32U545RET6Q, STM32U545VEI6, STM32U545VEI6Q, STM32U545VET6, STM32U545VET6Q, STM32U595AIH6, STM32U595AIH6Q, STM32U595AJH6, STM32U595AJH6Q, STM32U595QII6, STM32U595QII6Q, STM32U595QJI6, STM32U595QJI6Q, STM32U595RIT6, STM32U595RIT6Q, STM32U595RJT6, STM32U595RJT6Q, STM32U595VIT6, STM32U595VIT6Q, STM32U595VJT6, STM32U595VJT6Q, STM32U595ZIT6, STM32U595ZIT6Q, STM32U595ZIY6QTR, STM32U595ZJT6, STM32U595ZJT6Q, STM32U595ZJY6QTR, STM32U599BJY6QTR, STM32U599NIH6Q, STM32U599NJH6Q, STM32U599VIT6Q, STM32U599VJT6, STM32U599VJT6Q, STM32U599ZIT6Q, STM32U599ZIY6QTR, STM32U599ZJT6Q, STM32U599ZJY6QTR, STM32U5A5AJH6, STM32U5A5AJH6Q, STM32U5A5QII3Q , STM32U5A5QJI6, STM32U5A5QJI6Q, STM32U5A5RJT6, STM32U5A5RJT6Q, STM32U5A5VJT6, STM32U5A5VJT6Q, STM32U5A5ZJT6, STM32U5A5ZJT6Q, STM32U5A5ZJY6QTR, STM32U5A9BJY6QTR, STM32U5A9J-DK, STM32U5A9NJH6Q, STM32U5A9VJT6Q, STM32U5A9ZJT6Q, STM32U5A9ZJY6QTR, STM32U5F7VIT6, STM32U5F7VIT6Q, STM32U5F7VJT6, STM32U5F7VJT6Q, STM32U5F9BJY6QTR, STM32U5F9NJH6Q, STM32U5F9VIT6Q, STM32U5F9VJT6Q, STM32U5F9ZIJ6QTR, STM32U5F9ZIT6Q, STM32U5F9ZJJ6QTR, STM32U5F9ZJT6Q, STM32U5G7VJT6, STM32U5G7VJT6Q, STM32U5G9BJY6QTR, STM32U5G9J-DK1, STM32U5G9J-DK2, STM32U5G9NJH6Q, STM32U5G9VJT6Q, STM32U5G9ZJJ6QTR, STM32U5G9ZJT6Q, STM32WB05KZV6TR, STM32WB05KZV7TR, STM32WB05TZF6TR, STM32WB05TZF7TR, STM32WB06CCF6TR, STM32WB06CCF7TR, STM32WB06CCV6TR, STM32WB06CCV7TR, STM32WB06KCV6TR, STM32WB06KCV7TR, STM32WB07CCF6TR, STM32WB07CCF7TR, STM32WB07CCV6TR, STM32WB07CCV7TR, STM32WB07KCV6TR, STM32WB07KCV7TR, STM32WB09KEV6TR, STM32WB09KEV7TR, STM32WB09TEF6TR, STM32WB09TEF7TR, STM32WB1MMCH6, STM32WBA50KGU6, STM32WBA50KGU6TR, STM32WBA52CEU6, STM32WBA52CEU6TR, STM32WBA52CEU7, STM32WBA52CEU7TR, STM32WBA52CGU6, STM32WBA52CGU6TR, STM32WBA52CGU6U, STM32WBA52CGU7, STM32WBA52CGU7TR, STM32WBA52KEU6, STM32WBA52KEU6TR, STM32WBA52KGU6, STM32WBA52KGU6TR, STM32WBA54CEU6, STM32WBA54CEU6TR, STM32WBA54CEU7, STM32WBA54CEU7TR, STM32WBA54CGU6, STM32WBA54CGU6TR, STM32WBA54CGU7, STM32WBA54CGU7TR, STM32WBA54KEU6, STM32WBA54KEU6TR, STM32WBA54KEU7, STM32WBA54KEU7TR, STM32WBA54KGU6, STM32WBA54KGU6TR, STM32WBA54KGU7, STM32WBA54KGU7TR, STM32WBA55CEU6, STM32WBA55CEU6TR, STM32WBA55CEU7, STM32WBA55CEU7TR, STM32WBA55CGU6, STM32WBA55CGU6TR, STM32WBA55CGU6U, STM32WBA55CGU7, STM32WBA55CGU7TR, STM32WBA55G-DK1, STM32WBA55HEF6, STM32WBA55HEF7, STM32WBA55HGF6, STM32WBA55HGF7, STM32WBA55UEI6, STM32WBA55UEI6TR, STM32WBA55UEI7, STM32WBA55UEI7TR, STM32WBA55UGI6, STM32WBA55UGI6TR, STM32WBA55UGI7, STM32WBA55UGI7TR, STM32WBA5MJGH6TR, STM32WBA62CGU6, STM32WBA62CIU6, STM32WBA62MGF6, STM32WBA62MIF6, STM32WBA62PGI6, STM32WBA62PII6, STM32WBA63CGU6, STM32WBA63CGU7, STM32WBA63CIU6, STM32WBA63CIU7, STM32WBA64CGU6, STM32WBA64CGU7, STM32WBA64CIU6, STM32WBA64CIU7, STM32WBA65CGU6, STM32WBA65CGU7, STM32WBA65CIU6, STM32WBA65CIU7, STM32WBA65I-DK1, STM32WBA65MGF6, STM32WBA65MGF7, STM32WBA65MIF6, STM32WBA65MIF7, STM32WBA65PGI6, STM32WBA65PGI7, STM32WBA65PII6, STM32WBA65PII7, STM32WBA65RGV6, STM32WBA65RGV7, STM32WBA65RIV6, STM32WBA65RIV7, STM32WL30K8V6, STM32WL30KBV6, STM32WL31C8V6, STM32WL31CBV6, STM32WL31K8V6, STM32WL31KBV6, STM32WL33C8V6, STM32WL33C8V6TR, STM32WL33C8V7, STM32WL33C8V7TR, STM32WL33CBV6, STM32WL33CBV6TR, STM32WL33CBV7, STM32WL33CBV7TR, STM32WL33CCV6, STM32WL33CCV6TR, STM32WL33CCV7, STM32WL33CCV7A, STM32WL33CCV7ATR, STM32WL33CCV7TR, STM32WL33K8V6, STM32WL33K8V6TR, STM32WL33K8V7, STM32WL33K8V7TR, STM32WL33KBV6, STM32WL33KBV6TR, STM32WL33KBV7, STM32WL33KBV7TR, STM32WL33KCV6, STM32WL33KCV6TR, STM32WL33KCV7, STM32WL33KCV7TR, STM32WL5MOCH6, STM32WL5MOCH6TR]
2025-07-04 10:25:14,756 [INFO] DbMcus:218 - Found 4686 MCUs, 4686 are supported
2025-07-04 10:25:15,054 [INFO] ApiDb:423 - Load user favorites file C:\Users\marcv/.stm32cubeide/favorites.mcus.txt: 1 item(s)
2025-07-04 10:25:15,054 [INFO] ApiDb:427 - User favorites MCUs=[STM32H750VBT6]
2025-07-04 10:25:15,054 [INFO] DbMcus:224 - Set 1 / 1 favorites MCUs
2025-07-04 10:25:15,568 [INFO] ApiDb:423 - Load user favorites file C:\Users\marcv/.stm32cubeide/favorites.boards.txt: 0 item(s)
2025-07-04 10:25:15,568 [INFO] ApiDb:427 - User favorites Boards=[]
2025-07-04 10:25:15,569 [INFO] DbBoards:198 - Set 0 / 0 favorites Boards
2025-07-04 10:25:15,609 [INFO] UtilMem:75 - End LoadConfig() Used Memory: 871937192 Bytes (1073741824)
2025-07-04 10:25:15,770 [WARN] ThirdParty:833 - waiting for thirdparty lock release [change project]
2025-07-04 10:25:15,770 [INFO] ThirdParty:835 - entering critical section [change project]
2025-07-04 10:25:15,770 [INFO] ThirdParty:1030 - CMSIS Pack Vendor :STMicroelectronics X-CUBE-PM33A1 1.0.0
2025-07-04 10:25:15,770 [INFO] ThirdParty:1030 - CMSIS Pack Vendor :STMicroelectronics USBPD 4.1
2025-07-04 10:25:15,770 [INFO] ThirdParty:1030 - CMSIS Pack Vendor :STMicroelectronics X-CUBE-AZRTOS-H7 3.3.0
2025-07-04 10:25:15,770 [INFO] ThirdParty:1030 - CMSIS Pack Vendor :STMicroelectronics X-CUBE-NFC9 1.0.0
2025-07-04 10:25:15,770 [INFO] ThirdParty:1030 - CMSIS Pack Vendor :STMicroelectronics USB_HOST 2.0.0
2025-07-04 10:25:15,770 [INFO] ThirdParty:1030 - CMSIS Pack Vendor :STMicroelectronics FP-SNS-MOTENVWB1 1.4.0
2025-07-04 10:25:15,770 [INFO] ThirdParty:1030 - CMSIS Pack Vendor :STMicroelectronics X-CUBE-AZRTOS-F4 1.1.0
2025-07-04 10:25:15,770 [INFO] ThirdParty:1030 - CMSIS Pack Vendor :STMicroelectronics LIBJPEG 8.0.0
2025-07-04 10:25:15,770 [INFO] ThirdParty:1030 - CMSIS Pack Vendor :STMicroelectronics FP-ATR-ASTRA1 2.0.2
2025-07-04 10:25:15,770 [INFO] ThirdParty:1030 - CMSIS Pack Vendor :STMicroelectronics X-CUBE-BLE1 7.1.0
2025-07-04 10:25:15,770 [INFO] ThirdParty:1030 - CMSIS Pack Vendor :Avnet-IotConnect X-CUBE-IoTC-DA16k-PMOD 1.0.0
2025-07-04 10:25:15,770 [INFO] ThirdParty:1030 - CMSIS Pack Vendor :STMicroelectronics X-CUBE-SMBUS 2.1.0
2025-07-04 10:25:15,771 [INFO] ThirdParty:1030 - CMSIS Pack Vendor :STMicroelectronics X-CUBE-WB05N 1.1.0
2025-07-04 10:25:15,771 [INFO] ThirdParty:1030 - CMSIS Pack Vendor :wolfSSL I-CUBE-wolfMQTT 1.19.2
2025-07-04 10:25:15,771 [INFO] ThirdParty:1030 - CMSIS Pack Vendor :STMicroelectronics USB_DEVICE 3.0.0
2025-07-04 10:25:15,771 [INFO] ThirdParty:1030 - CMSIS Pack Vendor :STMicroelectronics X-CUBE-ISPU 2.1.0
2025-07-04 10:25:15,771 [INFO] ThirdParty:1030 - CMSIS Pack Vendor :STMicroelectronics X-CUBE-AZRTOS-WB 2.0.0
2025-07-04 10:25:15,771 [INFO] ThirdParty:1030 - CMSIS Pack Vendor :STMicroelectronics X-CUBE-ST60 1.0.0
2025-07-04 10:25:15,771 [INFO] ThirdParty:1030 - CMSIS Pack Vendor :STMicroelectronics X-CUBE-GNSS1 7.0.1
2025-07-04 10:25:15,771 [INFO] ThirdParty:1030 - CMSIS Pack Vendor :STMicroelectronics X-CUBE-AZRTOS-F7 1.1.0
2025-07-04 10:25:15,771 [INFO] ThirdParty:1030 - CMSIS Pack Vendor :STMicroelectronics X-CUBE-AZRTOS-L5 2.0.0
2025-07-04 10:25:15,771 [INFO] ThirdParty:1030 - CMSIS Pack Vendor :STMicroelectronics X-CUBE-TOUCHGFX 4.25.0
2025-07-04 10:25:15,771 [INFO] ThirdParty:1030 - CMSIS Pack Vendor :STMicroelectronics USB_DEVICE 2.0.0
2025-07-04 10:25:15,771 [INFO] ThirdParty:1030 - CMSIS Pack Vendor :STMicroelectronics X-CUBE-NFC6 3.1.0
2025-07-04 10:25:15,771 [INFO] ThirdParty:1030 - CMSIS Pack Vendor :STMicroelectronics X-CUBE-AI 10.1.0
2025-07-04 10:25:15,771 [INFO] ThirdParty:1030 - CMSIS Pack Vendor :STMicroelectronics FP-SNS-STBOX1 2.0.0
2025-07-04 10:25:15,771 [INFO] ThirdParty:1030 - CMSIS Pack Vendor :STMicroelectronics X-CUBE-MEMS1 11.2.0
2025-07-04 10:25:15,772 [INFO] ThirdParty:1030 - CMSIS Pack Vendor :STMicroelectronics FreeRTOS 0.0.1
2025-07-04 10:25:15,772 [INFO] ThirdParty:1030 - CMSIS Pack Vendor :STMicroelectronics X-CUBE-AZRTOS-G0 1.1.0
2025-07-04 10:25:15,772 [INFO] ThirdParty:1030 - CMSIS Pack Vendor :STMicroelectronics X-CUBE-SAFEA1 1.2.2
2025-07-04 10:25:15,772 [INFO] ThirdParty:1030 - CMSIS Pack Vendor :STMicroelectronics X-CUBE-NFC4 3.0.0
2025-07-04 10:25:15,772 [INFO] ThirdParty:1030 - CMSIS Pack Vendor :STMicroelectronics X-CUBE-DPower 1.2.0
2025-07-04 10:25:15,772 [INFO] ThirdParty:1030 - CMSIS Pack Vendor :STMicroelectronics X-CUBE-SUBG2 5.0.0
2025-07-04 10:25:15,772 [INFO] ThirdParty:1030 - CMSIS Pack Vendor :STMicroelectronics X-CUBE-AZRTOS-H7RS 1.1.0
2025-07-04 10:25:15,772 [INFO] ThirdParty:1030 - CMSIS Pack Vendor :STMicroelectronics STM32_WPAN 1.0.0
2025-07-04 10:25:15,772 [INFO] ThirdParty:1030 - CMSIS Pack Vendor :EmbeddedOffice I-CUBE-FS-RTOS 1.0.1
2025-07-04 10:25:15,772 [INFO] ThirdParty:1030 - CMSIS Pack Vendor :STMicroelectronics lwIP 2.0.3
2025-07-04 10:25:15,772 [INFO] ThirdParty:1030 - CMSIS Pack Vendor :STMicroelectronics FP-SNS-FLIGHT1 5.0.2
2025-07-04 10:25:15,772 [INFO] ThirdParty:1030 - CMSIS Pack Vendor :Cesanta I-CUBE-Mongoose 7.13.0
2025-07-04 10:25:15,772 [INFO] ThirdParty:1030 - CMSIS Pack Vendor :STMicroelectronics USB_HOST 1.0.0
2025-07-04 10:25:15,773 [INFO] ThirdParty:1030 - CMSIS Pack Vendor :Infineon AIROC-Wi-Fi-Bluetooth-STM32 1.7.0
2025-07-04 10:25:15,773 [INFO] ThirdParty:1030 - CMSIS Pack Vendor :STMicroelectronics X-CUBE-AZRTOS-G4 2.0.0
2025-07-04 10:25:15,773 [INFO] ThirdParty:1030 - CMSIS Pack Vendor :STMicroelectronics X-CUBE-WB05N 2.0.0
2025-07-04 10:25:15,773 [INFO] ThirdParty:1030 - CMSIS Pack Vendor :STMicroelectronics PDM2PCM 3.1.0
2025-07-04 10:25:15,773 [INFO] ThirdParty:1030 - CMSIS Pack Vendor :STMicroelectronics PDM2PCM 3.3.0
2025-07-04 10:25:15,773 [INFO] ThirdParty:1030 - CMSIS Pack Vendor :wolfSSL I-CUBE-wolfTPM 3.8.0
2025-07-04 10:25:15,773 [INFO] ThirdParty:1030 - CMSIS Pack Vendor :STMicroelectronics X-CUBE-DISPLAY 3.0.0
2025-07-04 10:25:15,773 [INFO] ThirdParty:1030 - CMSIS Pack Vendor :wolfSSL I-CUBE-wolfSSH 1.4.20
2025-07-04 10:25:15,773 [INFO] ThirdParty:1030 - CMSIS Pack Vendor :STMicroelectronics X-CUBE-NFC7 2.0.0
2025-07-04 10:25:15,773 [INFO] ThirdParty:1030 - CMSIS Pack Vendor :STMicroelectronics X-CUBE-TCPP 4.2.0
2025-07-04 10:25:15,773 [INFO] ThirdParty:1030 - CMSIS Pack Vendor :RealThread X-CUBE-RT-Thread_Nano 4.1.1
2025-07-04 10:25:15,773 [INFO] ThirdParty:1030 - CMSIS Pack Vendor :STMicroelectronics FP-ATR-SIGFOX1 3.2.0
2025-07-04 10:25:15,773 [INFO] ThirdParty:1030 - CMSIS Pack Vendor :STMicroelectronics X-CUBE-NFC10 1.0.0
2025-07-04 10:25:15,773 [INFO] ThirdParty:1030 - CMSIS Pack Vendor :STMicroelectronics X-CUBE-BLEMGR 4.0.0
2025-07-04 10:25:15,773 [INFO] ThirdParty:1030 - CMSIS Pack Vendor :STMicroelectronics X-CUBE-EEPRMA1 5.1.0
2025-07-04 10:25:15,773 [INFO] ThirdParty:1030 - CMSIS Pack Vendor :STMicroelectronics X-CUBE-FREERTOS 1.3.1
2025-07-04 10:25:15,773 [INFO] ThirdParty:1030 - CMSIS Pack Vendor :STMicroelectronics HAL Drivers 0.0.0
2025-07-04 10:25:15,773 [INFO] ThirdParty:1030 - CMSIS Pack Vendor :STMicroelectronics MBEDTLS 2.16.2
2025-07-04 10:25:15,773 [INFO] ThirdParty:1030 - CMSIS Pack Vendor :STMicroelectronics X-CUBE-IPS 3.1.0
2025-07-04 10:25:15,773 [INFO] ThirdParty:1030 - CMSIS Pack Vendor :STMicroelectronics X-CUBE-ALS 1.0.2
2025-07-04 10:25:15,774 [INFO] ThirdParty:1030 - CMSIS Pack Vendor :emotas I-CUBE-CANOPEN 1.3.0
2025-07-04 10:25:15,774 [INFO] ThirdParty:1030 - CMSIS Pack Vendor :STMicroelectronics X-CUBE-FREERTOS 1.3.0
2025-07-04 10:25:15,774 [INFO] ThirdParty:1030 - CMSIS Pack Vendor :STMicroelectronics X-CUBE-NFC7 1.0.1
2025-07-04 10:25:15,774 [INFO] ThirdParty:1030 - CMSIS Pack Vendor :STMicroelectronics MBEDTLS 2.14.1
2025-07-04 10:25:15,774 [INFO] ThirdParty:1030 - CMSIS Pack Vendor :wolfSSL I-CUBE-wolfSSL 5.7.6
2025-07-04 10:25:15,774 [INFO] ThirdParty:1030 - CMSIS Pack Vendor :ITTIA_DB I-CUBE-ITTIADB 8.9.0
2025-07-04 10:25:15,774 [INFO] ThirdParty:1030 - CMSIS Pack Vendor :STMicroelectronics X-CUBE-TOUCHGFX 4.24.2
2025-07-04 10:25:15,774 [INFO] ThirdParty:1030 - CMSIS Pack Vendor :portGmbH I-Cube-SoM-uGOAL 1.1.0
2025-07-04 10:25:15,774 [INFO] ThirdParty:1030 - CMSIS Pack Vendor :quantropi X-CUBE-qispace-sdk-base 2.0.0
2025-07-04 10:25:15,774 [INFO] ThirdParty:1030 - CMSIS Pack Vendor :STMicroelectronics X-CUBE-AI 10.0.0
2025-07-04 10:25:15,774 [INFO] ThirdParty:1030 - CMSIS Pack Vendor :STMicroelectronics X-CUBE-ST67W61 1.0.0
2025-07-04 10:25:15,774 [INFO] ThirdParty:1030 - CMSIS Pack Vendor :STMicroelectronics FP-SNS-STAIOTCFT 1.0.0
2025-07-04 10:25:15,774 [INFO] ThirdParty:1030 - CMSIS Pack Vendor :STMicroelectronics ThreadX 1.0.0
2025-07-04 10:25:15,774 [INFO] ThirdParty:1030 - CMSIS Pack Vendor :STMicroelectronics FP-SNS-SMARTAG2 1.2.0
2025-07-04 10:25:15,774 [INFO] ThirdParty:1030 - CMSIS Pack Vendor :STMicroelectronics FP-SNS-FLIGHT1 5.1.0
2025-07-04 10:25:15,774 [INFO] ThirdParty:1030 - CMSIS Pack Vendor :STMicroelectronics X-CUBE-MEMS1 11.1.0
2025-07-04 10:25:15,774 [INFO] ThirdParty:1030 - CMSIS Pack Vendor :STMicroelectronics X-CUBE-AZRTOS-WL 2.0.0
2025-07-04 10:25:15,775 [INFO] ThirdParty:1030 - CMSIS Pack Vendor :SEGGER I-CUBE-embOS 1.3.1
2025-07-04 10:25:15,775 [INFO] ThirdParty:1030 - CMSIS Pack Vendor :STMicroelectronics X-CUBE-ALGOBUILD 1.4.0
2025-07-04 10:25:15,775 [INFO] ThirdParty:1030 - CMSIS Pack Vendor :STMicroelectronics X-CUBE-DPower 1.3.0
2025-07-04 10:25:15,775 [INFO] ThirdParty:1030 - CMSIS Pack Vendor :STMicroelectronics X-CUBE-MEMS1 11.3.0
2025-07-04 10:25:15,775 [INFO] ThirdParty:1030 - CMSIS Pack Vendor :STMicroelectronics FP-SNS-MOTENV1 5.0.0
2025-07-04 10:25:15,775 [INFO] ThirdParty:1030 - CMSIS Pack Vendor :STMicroelectronics USB_DEVICE 1.0.0
2025-07-04 10:25:15,775 [INFO] ThirdParty:1030 - CMSIS Pack Vendor :STMicroelectronics X-CUBE-AZRTOS-H7RS 1.0.0
2025-07-04 10:25:15,775 [INFO] ThirdParty:1030 - CMSIS Pack Vendor :STMicroelectronics X-CUBE-AZRTOS-L4 2.0.0
2025-07-04 10:25:15,775 [INFO] ThirdParty:1030 - CMSIS Pack Vendor :STMicroelectronics ThreadX 0.0.2
2025-07-04 10:25:15,775 [INFO] ThirdParty:1030 - CMSIS Pack Vendor :WES I-CUBE-Cesium 1.3.0
2025-07-04 10:25:15,775 [INFO] ThirdParty:1030 - CMSIS Pack Vendor :STMicroelectronics lwIP 2.1.2
2025-07-04 10:25:15,775 [INFO] ThirdParty:1030 - CMSIS Pack Vendor :STMicroelectronics X-CUBE-SFXS2LP1 4.0.0
2025-07-04 10:25:15,775 [INFO] ThirdParty:1030 - CMSIS Pack Vendor :STMicroelectronics X-CUBE-BLE2 3.3.0
2025-07-04 10:25:15,775 [INFO] ThirdParty:1030 - CMSIS Pack Vendor :STMicroelectronics X-CUBE-TOF1 3.4.2
2025-07-04 10:25:15,775 [INFO] ThirdParty:1030 - CMSIS Pack Vendor :STMicroelectronics X-CUBE-TOF1 3.4.3
2025-07-04 10:25:15,775 [INFO] ThirdParty:1030 - CMSIS Pack Vendor :STMicroelectronics PDM2PCM 3.2.0
2025-07-04 10:25:15,775 [INFO] ThirdParty:841 - exiting critical section [change project]
2025-07-04 10:25:16,878 [INFO] PinOutPanel:1589 - setPackage(No Configuration,No Configuration)
2025-07-04 10:25:16,879 [INFO] PinOutPanel:1589 - setPackage(STM32H743VITx,LQFP100)
2025-07-04 10:25:18,339 [INFO] UtilMem:75 - Before build in PCC Used Memory: 878946856 Bytes (1073741824)
2025-07-04 10:25:19,178 [INFO] UtilMem:75 - After build in PCC Used Memory: 992887584 Bytes (1073741824)
2025-07-04 10:25:19,294 [INFO] ApiDbMcu:508 - Load IP Config File for FREERTOS
2025-07-04 10:25:19,423 [INFO] IPUIPlugin:80 - create IPUIPlugin
2025-07-04 10:25:19,423 [INFO] IPUIPlugin:80 - create IPUIPlugin
2025-07-04 10:25:19,423 [INFO] IPUIPlugin:80 - create IPUIPlugin
2025-07-04 10:25:19,423 [INFO] IPUIPlugin:80 - create IPUIPlugin
2025-07-04 10:25:19,424 [INFO] IPUIPlugin:80 - create IPUIPlugin
2025-07-04 10:25:19,424 [INFO] IPUIPlugin:80 - create IPUIPlugin
2025-07-04 10:25:19,425 [INFO] IPUIPlugin:80 - create IPUIPlugin
2025-07-04 10:25:19,425 [INFO] IPUIPlugin:80 - create IPUIPlugin
2025-07-04 10:25:19,425 [INFO] IPUIPlugin:80 - create IPUIPlugin
2025-07-04 10:25:19,425 [INFO] IPUIPlugin:80 - create IPUIPlugin
2025-07-04 10:25:19,426 [INFO] IPUIPlugin:80 - create IPUIPlugin
2025-07-04 10:25:19,426 [INFO] IPUIPlugin:80 - create IPUIPlugin
2025-07-04 10:25:19,426 [INFO] IPUIPlugin:80 - create IPUIPlugin
2025-07-04 10:25:19,426 [INFO] IPUIPlugin:80 - create IPUIPlugin
2025-07-04 10:25:19,426 [INFO] IPUIPlugin:80 - create IPUIPlugin
2025-07-04 10:25:19,426 [INFO] IPUIPlugin:80 - create IPUIPlugin
2025-07-04 10:25:19,427 [INFO] IPUIPlugin:80 - create IPUIPlugin
2025-07-04 10:25:19,427 [INFO] IPUIPlugin:80 - create IPUIPlugin
2025-07-04 10:25:19,427 [INFO] IPUIPlugin:80 - create IPUIPlugin
2025-07-04 10:25:19,427 [INFO] IPUIPlugin:80 - create IPUIPlugin
2025-07-04 10:25:19,427 [INFO] IPUIPlugin:80 - create IPUIPlugin
2025-07-04 10:25:19,427 [INFO] IPUIPlugin:80 - create IPUIPlugin
2025-07-04 10:25:19,428 [INFO] IPUIPlugin:80 - create IPUIPlugin
2025-07-04 10:25:19,428 [INFO] IPUIPlugin:80 - create IPUIPlugin
2025-07-04 10:25:19,428 [INFO] IPUIPlugin:80 - create IPUIPlugin
2025-07-04 10:25:19,428 [INFO] IPUIPlugin:80 - create IPUIPlugin
2025-07-04 10:25:19,429 [INFO] IPUIPlugin:80 - create IPUIPlugin
2025-07-04 10:25:19,429 [INFO] IPUIPlugin:80 - create IPUIPlugin
2025-07-04 10:25:19,429 [INFO] IPUIPlugin:80 - create IPUIPlugin
2025-07-04 10:25:19,429 [INFO] IPUIPlugin:80 - create IPUIPlugin
2025-07-04 10:25:19,429 [INFO] IPUIPlugin:80 - create IPUIPlugin
2025-07-04 10:25:19,430 [INFO] IPUIPlugin:80 - create IPUIPlugin
2025-07-04 10:25:19,430 [INFO] IPUIPlugin:80 - create IPUIPlugin
2025-07-04 10:25:19,431 [INFO] IPUIPlugin:80 - create IPUIPlugin
2025-07-04 10:25:19,431 [INFO] IPUIPlugin:80 - create IPUIPlugin
2025-07-04 10:25:19,432 [INFO] IPUIPlugin:80 - create IPUIPlugin
2025-07-04 10:25:19,432 [INFO] IPUIPlugin:80 - create IPUIPlugin
2025-07-04 10:25:19,433 [INFO] IPUIPlugin:80 - create IPUIPlugin
2025-07-04 10:25:19,435 [INFO] IPUIPlugin:80 - create IPUIPlugin
2025-07-04 10:25:19,435 [INFO] IPUIPlugin:80 - create IPUIPlugin
2025-07-04 10:25:19,436 [INFO] IPUIPlugin:80 - create IPUIPlugin
2025-07-04 10:25:19,436 [INFO] IPUIPlugin:80 - create IPUIPlugin
2025-07-04 10:25:19,437 [INFO] IPUIPlugin:80 - create IPUIPlugin
2025-07-04 10:25:19,437 [INFO] IPUIPlugin:80 - create IPUIPlugin
2025-07-04 10:25:19,438 [INFO] IPUIPlugin:80 - create IPUIPlugin
2025-07-04 10:25:19,439 [INFO] IPUIPlugin:80 - create IPUIPlugin
2025-07-04 10:25:19,439 [INFO] IPUIPlugin:80 - create IPUIPlugin
2025-07-04 10:25:19,440 [INFO] IPUIPlugin:80 - create IPUIPlugin
2025-07-04 10:25:19,440 [INFO] IPUIPlugin:80 - create IPUIPlugin
2025-07-04 10:25:19,441 [INFO] IPUIPlugin:80 - create IPUIPlugin
2025-07-04 10:25:19,441 [INFO] IPUIPlugin:80 - create IPUIPlugin
2025-07-04 10:25:19,441 [INFO] IPUIPlugin:80 - create IPUIPlugin
2025-07-04 10:25:19,442 [INFO] IPUIPlugin:80 - create IPUIPlugin
2025-07-04 10:25:19,443 [INFO] IPUIPlugin:80 - create IPUIPlugin
2025-07-04 10:25:19,443 [INFO] IPUIPlugin:80 - create IPUIPlugin
2025-07-04 10:25:19,444 [INFO] IPUIPlugin:80 - create IPUIPlugin
2025-07-04 10:25:19,445 [INFO] IPUIPlugin:80 - create IPUIPlugin
2025-07-04 10:25:19,446 [INFO] IPUIPlugin:80 - create IPUIPlugin
2025-07-04 10:25:19,446 [INFO] IPUIPlugin:80 - create IPUIPlugin
2025-07-04 10:25:19,447 [INFO] IPUIPlugin:80 - create IPUIPlugin
2025-07-04 10:25:19,447 [INFO] IPUIPlugin:80 - create IPUIPlugin
2025-07-04 10:25:19,448 [INFO] IPUIPlugin:80 - create IPUIPlugin
2025-07-04 10:25:19,449 [INFO] IPUIPlugin:80 - create IPUIPlugin
2025-07-04 10:25:19,449 [INFO] IPUIPlugin:80 - create IPUIPlugin
2025-07-04 10:25:19,450 [INFO] IPUIPlugin:80 - create IPUIPlugin
2025-07-04 10:25:19,450 [INFO] IPUIPlugin:80 - create IPUIPlugin
2025-07-04 10:25:19,451 [INFO] IPUIPlugin:80 - create IPUIPlugin
2025-07-04 10:25:19,452 [INFO] IPUIPlugin:80 - create IPUIPlugin
2025-07-04 10:25:19,453 [INFO] IPUIPlugin:80 - create IPUIPlugin
2025-07-04 10:25:19,453 [INFO] IPUIPlugin:80 - create IPUIPlugin
2025-07-04 10:25:19,454 [INFO] IPUIPlugin:80 - create IPUIPlugin
2025-07-04 10:25:19,454 [INFO] IPUIPlugin:80 - create IPUIPlugin
2025-07-04 10:25:19,455 [INFO] IPUIPlugin:80 - create IPUIPlugin
2025-07-04 10:25:19,455 [INFO] IPUIPlugin:80 - create IPUIPlugin
2025-07-04 10:25:19,456 [INFO] IPUIPlugin:80 - create IPUIPlugin
2025-07-04 10:25:19,457 [INFO] IPUIPlugin:80 - create IPUIPlugin
2025-07-04 10:25:19,457 [INFO] IPUIPlugin:80 - create IPUIPlugin
2025-07-04 10:25:19,458 [INFO] IPUIPlugin:80 - create IPUIPlugin
2025-07-04 10:25:19,458 [INFO] IPUIPlugin:80 - create IPUIPlugin
2025-07-04 10:25:19,459 [INFO] IPUIPlugin:80 - create IPUIPlugin
2025-07-04 10:25:19,460 [INFO] IPUIPlugin:80 - create IPUIPlugin
2025-07-04 10:25:19,461 [INFO] IPUIPlugin:80 - create IPUIPlugin
2025-07-04 10:25:19,461 [INFO] IPUIPlugin:80 - create IPUIPlugin
2025-07-04 10:25:19,462 [INFO] IPUIPlugin:80 - create IPUIPlugin
2025-07-04 10:25:19,462 [INFO] IPUIPlugin:80 - create IPUIPlugin
2025-07-04 10:25:19,463 [INFO] IPUIPlugin:80 - create IPUIPlugin
2025-07-04 10:25:19,463 [INFO] IPUIPlugin:80 - create IPUIPlugin
2025-07-04 10:25:19,464 [INFO] IPUIPlugin:80 - create IPUIPlugin
2025-07-04 10:25:19,464 [INFO] IPUIPlugin:80 - create IPUIPlugin
2025-07-04 10:25:19,465 [INFO] IPUIPlugin:80 - create IPUIPlugin
2025-07-04 10:25:19,466 [INFO] IPUIPlugin:80 - create IPUIPlugin
2025-07-04 10:25:19,467 [INFO] IPUIPlugin:80 - create IPUIPlugin
2025-07-04 10:25:19,467 [INFO] IPUIPlugin:80 - create IPUIPlugin
2025-07-04 10:25:19,468 [INFO] IPUIPlugin:80 - create IPUIPlugin
2025-07-04 10:25:19,469 [INFO] IPUIPlugin:80 - create IPUIPlugin
2025-07-04 10:25:19,470 [INFO] IPUIPlugin:80 - create IPUIPlugin
2025-07-04 10:25:19,471 [INFO] IPUIPlugin:80 - create IPUIPlugin
2025-07-04 10:25:19,511 [INFO] ApiDbMcu:508 - Load IP Config File for PDM2PCM
2025-07-04 10:25:19,606 [WARN] FreeRTOS:1023 - Null or empty value: should not occur! (nothing added to the table)
2025-07-04 10:25:20,100 [INFO] CADModel:165 - CPN selected for project levelSTM32H743VIT6
2025-07-04 10:25:20,100 [INFO] CADModel:114 - Register for checkConnection events
2025-07-04 10:25:20,108 [INFO] RtosManager:725 - Active RTOS found at IOC load: FREERTOS [Cortex-M7NS]
2025-07-04 10:25:20,169 [INFO] OpenFileManager:385 - Restore cursor
2025-07-04 10:30:07,905 [INFO] NvicIntPanel:101 - NVIC parent = com.st.microxplorer.plugins.ip.nvic.MultiNvicIntPanel[,0,0,0x0,invalid,layout=javax.swing.BoxLayout,alignmentX=0.0,alignmentY=0.0,border=,flags=9,maximumSize=,minimumSize=,preferredSize=]
2025-07-04 10:30:19,830 [INFO] NvicIntPanel:101 - NVIC parent = com.st.microxplorer.plugins.ip.nvic.MultiNvicIntPanel[,0,0,0x0,invalid,layout=javax.swing.BoxLayout,alignmentX=0.0,alignmentY=0.0,border=,flags=9,maximumSize=,minimumSize=,preferredSize=]
2025-07-04 10:30:22,698 [INFO] UtilMem:75 - End SaveConfig() Used Memory: 850195040 Bytes (1073741824)
2025-07-04 10:30:24,455 [INFO] UtilMem:75 - End SaveConfig() Used Memory: 905141424 Bytes (1073741824)
2025-07-04 10:30:25,465 [INFO] UtilMem:75 - End SaveConfig() Used Memory: 669285144 Bytes (1073741824)
2025-07-04 10:30:25,982 [INFO] BlockDiagram:2775 - set Specific Code input for plugin: SPI
2025-07-04 10:30:25,982 [INFO] BlockDiagram:2775 - set Specific Code input for plugin: FREERTOS
2025-07-04 10:30:25,982 [INFO] BlockDiagram:2775 - set Specific Code input for plugin: RCC
2025-07-04 10:30:25,982 [INFO] BlockDiagram:2775 - set Specific Code input for plugin: I2C
2025-07-04 10:30:25,982 [INFO] BlockDiagram:2775 - set Specific Code input for plugin: TIM1_8H7
2025-07-04 10:30:25,982 [INFO] BlockDiagram:2775 - set Specific Code input for plugin: TIM1_8H7
2025-07-04 10:30:25,983 [INFO] BlockDiagram:2775 - set Specific Code input for plugin: TIM1_8H7
2025-07-04 10:30:25,983 [INFO] BlockDiagram:2775 - set Specific Code input for plugin: MEMORYMAP
2025-07-04 10:30:25,983 [INFO] BlockDiagram:2775 - set Specific Code input for plugin: TIM1_8H7
2025-07-04 10:30:25,983 [INFO] BlockDiagram:2775 - set Specific Code input for plugin: TIM1_8H7
2025-07-04 10:30:25,983 [INFO] BlockDiagram:2775 - set Specific Code input for plugin: TIM1_8H7
2025-07-04 10:30:25,983 [INFO] BlockDiagram:2775 - set Specific Code input for plugin: ADC
2025-07-04 10:30:25,983 [INFO] BlockDiagram:2775 - set Specific Code input for plugin: SYS
2025-07-04 10:30:25,983 [INFO] BlockDiagram:2775 - set Specific Code input for plugin: ADC
2025-07-04 10:30:25,983 [INFO] BlockDiagram:2775 - set Specific Code input for plugin: NVIC
2025-07-04 10:30:25,983 [INFO] BlockDiagram:2775 - set Specific Code input for plugin: DMA
2025-07-04 10:30:25,983 [INFO] BlockDiagram:2775 - set Specific Code input for plugin: VREFBUF
2025-07-04 10:30:25,983 [INFO] BlockDiagram:2775 - set Specific Code input for plugin: UART
2025-07-04 10:30:25,983 [INFO] BlockDiagram:2775 - set Specific Code input for plugin: UART
2025-07-04 10:30:25,983 [INFO] BlockDiagram:2775 - set Specific Code input for plugin: DEBUG
2025-07-04 10:30:25,984 [INFO] BlockDiagram:2775 - set Specific Code input for plugin: GPIO
2025-07-04 10:30:25,985 [INFO] CodeGenerator:882 - code generatio: config db path: C:\ST\STM32CubeIDE_1.18.0\STM32CubeIDE\plugins\com.st.stm32cube.common.mx_6.14.0.202502271554\\db\
2025-07-04 10:30:26,326 [INFO] CodeEngine:263 - oldGeneratedFile, C:\Users\marcv\Desktop\X1-Thorn\1_Code\3_STM32\0_workspace\X1_Thorn_v3\MXTmpFiles\license.tmp_save
2025-07-04 10:30:26,686 [INFO] CodeEngine:287 - Generated code: C:\Users\marcv\Desktop\X1-Thorn\1_Code\3_STM32\0_workspace\X1_Thorn_v3\MXTmpFiles\license.tmp
2025-07-04 10:30:26,884 [INFO] CodeEngine:263 - oldGeneratedFile, C:\Users\marcv\Desktop\X1-Thorn\1_Code\3_STM32\0_workspace\X1_Thorn_v3\Core\Src\gpio.c_save
2025-07-04 10:30:27,071 [INFO] CodeEngine:287 - Generated code: C:\Users\marcv\Desktop\X1-Thorn\1_Code\3_STM32\0_workspace\X1_Thorn_v3\Core\Src\gpio.c
2025-07-04 10:30:27,099 [INFO] CodeEngine:263 - oldGeneratedFile, C:\Users\marcv\Desktop\X1-Thorn\1_Code\3_STM32\0_workspace\X1_Thorn_v3\Core\Inc\gpio.h_save
2025-07-04 10:30:27,235 [INFO] CodeEngine:287 - Generated code: C:\Users\marcv\Desktop\X1-Thorn\1_Code\3_STM32\0_workspace\X1_Thorn_v3\Core\Inc\gpio.h
2025-07-04 10:30:27,847 [WARN] IPConfigManager:103 - WARNING: Missing Config File for DEBUG ip!!
2025-07-04 10:30:28,480 [WARN] IPConfigManager:103 - WARNING: Missing Config File for MEMORYMAP ip!!
2025-07-04 10:30:30,512 [INFO] Middleware:1452 - No code input for Bsp Dependency
2025-07-04 10:30:30,528 [INFO] CodeEngine:263 - oldGeneratedFile, C:\Users\marcv\Desktop\X1-Thorn\1_Code\3_STM32\0_workspace\X1_Thorn_v3\MXTmpFiles\rtos_inc.tmp_save
2025-07-04 10:30:30,641 [INFO] CodeEngine:287 - Generated code: C:\Users\marcv\Desktop\X1-Thorn\1_Code\3_STM32\0_workspace\X1_Thorn_v3\MXTmpFiles\rtos_inc.tmp
2025-07-04 10:30:30,657 [INFO] CodeEngine:263 - oldGeneratedFile, C:\Users\marcv\Desktop\X1-Thorn\1_Code\3_STM32\0_workspace\X1_Thorn_v3\MXTmpFiles\rtos_kernelInit.tmp_save
2025-07-04 10:30:30,778 [INFO] CodeEngine:287 - Generated code: C:\Users\marcv\Desktop\X1-Thorn\1_Code\3_STM32\0_workspace\X1_Thorn_v3\MXTmpFiles\rtos_kernelInit.tmp
2025-07-04 10:30:30,800 [INFO] CodeEngine:263 - oldGeneratedFile, C:\Users\marcv\Desktop\X1-Thorn\1_Code\3_STM32\0_workspace\X1_Thorn_v3\MXTmpFiles\rtos_kernelStart.tmp_save
2025-07-04 10:30:30,881 [INFO] CodeEngine:287 - Generated code: C:\Users\marcv\Desktop\X1-Thorn\1_Code\3_STM32\0_workspace\X1_Thorn_v3\MXTmpFiles\rtos_kernelStart.tmp
2025-07-04 10:30:30,897 [INFO] CodeEngine:263 - oldGeneratedFile, C:\Users\marcv\Desktop\X1-Thorn\1_Code\3_STM32\0_workspace\X1_Thorn_v3\MXTmpFiles\rtos_typedefs.tmp_save
2025-07-04 10:30:30,981 [INFO] CodeEngine:287 - Generated code: C:\Users\marcv\Desktop\X1-Thorn\1_Code\3_STM32\0_workspace\X1_Thorn_v3\MXTmpFiles\rtos_typedefs.tmp
2025-07-04 10:30:30,996 [INFO] CodeEngine:263 - oldGeneratedFile, C:\Users\marcv\Desktop\X1-Thorn\1_Code\3_STM32\0_workspace\X1_Thorn_v3\MXTmpFiles\rtos_vars.tmp_save
2025-07-04 10:30:31,081 [INFO] CodeEngine:287 - Generated code: C:\Users\marcv\Desktop\X1-Thorn\1_Code\3_STM32\0_workspace\X1_Thorn_v3\MXTmpFiles\rtos_vars.tmp
2025-07-04 10:30:31,094 [INFO] CodeEngine:263 - oldGeneratedFile, C:\Users\marcv\Desktop\X1-Thorn\1_Code\3_STM32\0_workspace\X1_Thorn_v3\MXTmpFiles\rtos_pfp.tmp_save
2025-07-04 10:30:31,172 [INFO] CodeEngine:287 - Generated code: C:\Users\marcv\Desktop\X1-Thorn\1_Code\3_STM32\0_workspace\X1_Thorn_v3\MXTmpFiles\rtos_pfp.tmp
2025-07-04 10:30:31,187 [INFO] CodeEngine:263 - oldGeneratedFile, C:\Users\marcv\Desktop\X1-Thorn\1_Code\3_STM32\0_workspace\X1_Thorn_v3\MXTmpFiles\rtos_obj_creat.tmp_save
2025-07-04 10:30:31,267 [INFO] CodeEngine:287 - Generated code: C:\Users\marcv\Desktop\X1-Thorn\1_Code\3_STM32\0_workspace\X1_Thorn_v3\MXTmpFiles\rtos_obj_creat.tmp
2025-07-04 10:30:31,284 [INFO] CodeEngine:263 - oldGeneratedFile, C:\Users\marcv\Desktop\X1-Thorn\1_Code\3_STM32\0_workspace\X1_Thorn_v3\MXTmpFiles\rtos_default_thread.tmp_save
2025-07-04 10:30:31,366 [INFO] CodeEngine:287 - Generated code: C:\Users\marcv\Desktop\X1-Thorn\1_Code\3_STM32\0_workspace\X1_Thorn_v3\MXTmpFiles\rtos_default_thread.tmp
2025-07-04 10:30:31,384 [INFO] CodeEngine:263 - oldGeneratedFile, C:\Users\marcv\Desktop\X1-Thorn\1_Code\3_STM32\0_workspace\X1_Thorn_v3\MXTmpFiles\rtos_threads.tmp_save
2025-07-04 10:30:31,448 [INFO] CodeEngine:287 - Generated code: C:\Users\marcv\Desktop\X1-Thorn\1_Code\3_STM32\0_workspace\X1_Thorn_v3\MXTmpFiles\rtos_threads.tmp
2025-07-04 10:30:31,486 [INFO] Middleware:1452 - No code input for Bsp Dependency
2025-07-04 10:30:31,497 [INFO] CodeEngine:263 - oldGeneratedFile, C:\Users\marcv\Desktop\X1-Thorn\1_Code\3_STM32\0_workspace\X1_Thorn_v3\MXTmpFiles\rtos_inc.tmp_save
2025-07-04 10:30:31,575 [INFO] CodeEngine:287 - Generated code: C:\Users\marcv\Desktop\X1-Thorn\1_Code\3_STM32\0_workspace\X1_Thorn_v3\MXTmpFiles\rtos_inc.tmp
2025-07-04 10:30:31,583 [INFO] CodeEngine:263 - oldGeneratedFile, C:\Users\marcv\Desktop\X1-Thorn\1_Code\3_STM32\0_workspace\X1_Thorn_v3\MXTmpFiles\rtos_kernelInit.tmp_save
2025-07-04 10:30:31,652 [INFO] CodeEngine:287 - Generated code: C:\Users\marcv\Desktop\X1-Thorn\1_Code\3_STM32\0_workspace\X1_Thorn_v3\MXTmpFiles\rtos_kernelInit.tmp
2025-07-04 10:30:31,660 [INFO] CodeEngine:263 - oldGeneratedFile, C:\Users\marcv\Desktop\X1-Thorn\1_Code\3_STM32\0_workspace\X1_Thorn_v3\MXTmpFiles\rtos_kernelStart.tmp_save
2025-07-04 10:30:31,720 [INFO] CodeEngine:287 - Generated code: C:\Users\marcv\Desktop\X1-Thorn\1_Code\3_STM32\0_workspace\X1_Thorn_v3\MXTmpFiles\rtos_kernelStart.tmp
2025-07-04 10:30:31,728 [INFO] CodeEngine:263 - oldGeneratedFile, C:\Users\marcv\Desktop\X1-Thorn\1_Code\3_STM32\0_workspace\X1_Thorn_v3\MXTmpFiles\rtos_typedefs.tmp_save
2025-07-04 10:30:31,797 [INFO] CodeEngine:287 - Generated code: C:\Users\marcv\Desktop\X1-Thorn\1_Code\3_STM32\0_workspace\X1_Thorn_v3\MXTmpFiles\rtos_typedefs.tmp
2025-07-04 10:30:31,814 [INFO] CodeEngine:263 - oldGeneratedFile, C:\Users\marcv\Desktop\X1-Thorn\1_Code\3_STM32\0_workspace\X1_Thorn_v3\MXTmpFiles\rtos_vars.tmp_save
2025-07-04 10:30:31,876 [INFO] CodeEngine:287 - Generated code: C:\Users\marcv\Desktop\X1-Thorn\1_Code\3_STM32\0_workspace\X1_Thorn_v3\MXTmpFiles\rtos_vars.tmp
2025-07-04 10:30:31,885 [INFO] CodeEngine:263 - oldGeneratedFile, C:\Users\marcv\Desktop\X1-Thorn\1_Code\3_STM32\0_workspace\X1_Thorn_v3\MXTmpFiles\rtos_pfp.tmp_save
2025-07-04 10:30:31,940 [INFO] CodeEngine:287 - Generated code: C:\Users\marcv\Desktop\X1-Thorn\1_Code\3_STM32\0_workspace\X1_Thorn_v3\MXTmpFiles\rtos_pfp.tmp
2025-07-04 10:30:31,956 [INFO] CodeEngine:263 - oldGeneratedFile, C:\Users\marcv\Desktop\X1-Thorn\1_Code\3_STM32\0_workspace\X1_Thorn_v3\MXTmpFiles\rtos_obj_creat.tmp_save
2025-07-04 10:30:32,015 [INFO] CodeEngine:287 - Generated code: C:\Users\marcv\Desktop\X1-Thorn\1_Code\3_STM32\0_workspace\X1_Thorn_v3\MXTmpFiles\rtos_obj_creat.tmp
2025-07-04 10:30:32,022 [INFO] CodeEngine:263 - oldGeneratedFile, C:\Users\marcv\Desktop\X1-Thorn\1_Code\3_STM32\0_workspace\X1_Thorn_v3\MXTmpFiles\rtos_default_thread.tmp_save
2025-07-04 10:30:32,079 [INFO] CodeEngine:287 - Generated code: C:\Users\marcv\Desktop\X1-Thorn\1_Code\3_STM32\0_workspace\X1_Thorn_v3\MXTmpFiles\rtos_default_thread.tmp
2025-07-04 10:30:32,087 [INFO] CodeEngine:263 - oldGeneratedFile, C:\Users\marcv\Desktop\X1-Thorn\1_Code\3_STM32\0_workspace\X1_Thorn_v3\MXTmpFiles\rtos_threads.tmp_save
2025-07-04 10:30:32,164 [INFO] CodeEngine:287 - Generated code: C:\Users\marcv\Desktop\X1-Thorn\1_Code\3_STM32\0_workspace\X1_Thorn_v3\MXTmpFiles\rtos_threads.tmp
2025-07-04 10:30:32,201 [INFO] CodeEngine:263 - oldGeneratedFile, C:\Users\marcv\Desktop\X1-Thorn\1_Code\3_STM32\0_workspace\X1_Thorn_v3\Core\Inc\FreeRTOSConfig.h_save
2025-07-04 10:30:32,343 [INFO] CodeEngine:287 - Generated code: C:\Users\marcv\Desktop\X1-Thorn\1_Code\3_STM32\0_workspace\X1_Thorn_v3\Core\Inc\FreeRTOSConfig.h
2025-07-04 10:30:32,373 [INFO] CodeEngine:263 - oldGeneratedFile, C:\Users\marcv\Desktop\X1-Thorn\1_Code\3_STM32\0_workspace\X1_Thorn_v3\Core\Src\freertos.c_save
2025-07-04 10:30:32,504 [INFO] CodeEngine:287 - Generated code: C:\Users\marcv\Desktop\X1-Thorn\1_Code\3_STM32\0_workspace\X1_Thorn_v3\Core\Src\freertos.c
2025-07-04 10:30:32,551 [INFO] CodeEngine:263 - oldGeneratedFile, C:\Users\marcv\Desktop\X1-Thorn\1_Code\3_STM32\0_workspace\X1_Thorn_v3\Core\Src\adc.c_save
2025-07-04 10:30:32,718 [INFO] CodeEngine:287 - Generated code: C:\Users\marcv\Desktop\X1-Thorn\1_Code\3_STM32\0_workspace\X1_Thorn_v3\Core\Src\adc.c
2025-07-04 10:30:32,749 [INFO] CodeEngine:263 - oldGeneratedFile, C:\Users\marcv\Desktop\X1-Thorn\1_Code\3_STM32\0_workspace\X1_Thorn_v3\Core\Inc\adc.h_save
2025-07-04 10:30:32,857 [INFO] CodeEngine:287 - Generated code: C:\Users\marcv\Desktop\X1-Thorn\1_Code\3_STM32\0_workspace\X1_Thorn_v3\Core\Inc\adc.h
2025-07-04 10:30:32,881 [INFO] CodeEngine:263 - oldGeneratedFile, C:\Users\marcv\Desktop\X1-Thorn\1_Code\3_STM32\0_workspace\X1_Thorn_v3\MXTmpFiles\cortex.tmp_save
2025-07-04 10:30:32,996 [INFO] CodeEngine:287 - Generated code: C:\Users\marcv\Desktop\X1-Thorn\1_Code\3_STM32\0_workspace\X1_Thorn_v3\MXTmpFiles\cortex.tmp
2025-07-04 10:30:33,128 [INFO] CodeEngine:263 - oldGeneratedFile, C:\Users\marcv\Desktop\X1-Thorn\1_Code\3_STM32\0_workspace\X1_Thorn_v3\Core\Src\dma.c_save
2025-07-04 10:30:33,240 [INFO] CodeEngine:287 - Generated code: C:\Users\marcv\Desktop\X1-Thorn\1_Code\3_STM32\0_workspace\X1_Thorn_v3\Core\Src\dma.c
2025-07-04 10:30:33,269 [INFO] CodeEngine:263 - oldGeneratedFile, C:\Users\marcv\Desktop\X1-Thorn\1_Code\3_STM32\0_workspace\X1_Thorn_v3\Core\Inc\dma.h_save
2025-07-04 10:30:33,376 [INFO] CodeEngine:287 - Generated code: C:\Users\marcv\Desktop\X1-Thorn\1_Code\3_STM32\0_workspace\X1_Thorn_v3\Core\Inc\dma.h
2025-07-04 10:30:33,405 [INFO] CodeEngine:263 - oldGeneratedFile, C:\Users\marcv\Desktop\X1-Thorn\1_Code\3_STM32\0_workspace\X1_Thorn_v3\Core\Src\i2c.c_save
2025-07-04 10:30:33,549 [INFO] CodeEngine:287 - Generated code: C:\Users\marcv\Desktop\X1-Thorn\1_Code\3_STM32\0_workspace\X1_Thorn_v3\Core\Src\i2c.c
2025-07-04 10:30:33,557 [INFO] CodeEngine:263 - oldGeneratedFile, C:\Users\marcv\Desktop\X1-Thorn\1_Code\3_STM32\0_workspace\X1_Thorn_v3\Core\Inc\i2c.h_save
2025-07-04 10:30:33,658 [INFO] CodeEngine:287 - Generated code: C:\Users\marcv\Desktop\X1-Thorn\1_Code\3_STM32\0_workspace\X1_Thorn_v3\Core\Inc\i2c.h
2025-07-04 10:30:33,684 [INFO] CodeEngine:263 - oldGeneratedFile, C:\Users\marcv\Desktop\X1-Thorn\1_Code\3_STM32\0_workspace\X1_Thorn_v3\Core\Src\memorymap.c_save
2025-07-04 10:30:33,824 [INFO] CodeEngine:287 - Generated code: C:\Users\marcv\Desktop\X1-Thorn\1_Code\3_STM32\0_workspace\X1_Thorn_v3\Core\Src\memorymap.c
2025-07-04 10:30:33,832 [INFO] CodeEngine:263 - oldGeneratedFile, C:\Users\marcv\Desktop\X1-Thorn\1_Code\3_STM32\0_workspace\X1_Thorn_v3\Core\Inc\memorymap.h_save
2025-07-04 10:30:33,931 [INFO] CodeEngine:287 - Generated code: C:\Users\marcv\Desktop\X1-Thorn\1_Code\3_STM32\0_workspace\X1_Thorn_v3\Core\Inc\memorymap.h
2025-07-04 10:30:33,958 [INFO] CodeEngine:263 - oldGeneratedFile, C:\Users\marcv\Desktop\X1-Thorn\1_Code\3_STM32\0_workspace\X1_Thorn_v3\Core\Src\spi.c_save
2025-07-04 10:30:34,081 [INFO] CodeEngine:287 - Generated code: C:\Users\marcv\Desktop\X1-Thorn\1_Code\3_STM32\0_workspace\X1_Thorn_v3\Core\Src\spi.c
2025-07-04 10:30:34,090 [INFO] CodeEngine:263 - oldGeneratedFile, C:\Users\marcv\Desktop\X1-Thorn\1_Code\3_STM32\0_workspace\X1_Thorn_v3\Core\Inc\spi.h_save
2025-07-04 10:30:34,193 [INFO] CodeEngine:287 - Generated code: C:\Users\marcv\Desktop\X1-Thorn\1_Code\3_STM32\0_workspace\X1_Thorn_v3\Core\Inc\spi.h
2025-07-04 10:30:34,225 [INFO] CodeEngine:263 - oldGeneratedFile, C:\Users\marcv\Desktop\X1-Thorn\1_Code\3_STM32\0_workspace\X1_Thorn_v3\Core\Src\tim.c_save
2025-07-04 10:30:34,363 [INFO] CodeEngine:287 - Generated code: C:\Users\marcv\Desktop\X1-Thorn\1_Code\3_STM32\0_workspace\X1_Thorn_v3\Core\Src\tim.c
2025-07-04 10:30:34,373 [INFO] CodeEngine:263 - oldGeneratedFile, C:\Users\marcv\Desktop\X1-Thorn\1_Code\3_STM32\0_workspace\X1_Thorn_v3\Core\Inc\tim.h_save
2025-07-04 10:30:34,488 [INFO] CodeEngine:287 - Generated code: C:\Users\marcv\Desktop\X1-Thorn\1_Code\3_STM32\0_workspace\X1_Thorn_v3\Core\Inc\tim.h
2025-07-04 10:30:34,515 [INFO] CodeEngine:263 - oldGeneratedFile, C:\Users\marcv\Desktop\X1-Thorn\1_Code\3_STM32\0_workspace\X1_Thorn_v3\Core\Src\usart.c_save
2025-07-04 10:30:34,641 [INFO] CodeEngine:287 - Generated code: C:\Users\marcv\Desktop\X1-Thorn\1_Code\3_STM32\0_workspace\X1_Thorn_v3\Core\Src\usart.c
2025-07-04 10:30:34,650 [INFO] CodeEngine:263 - oldGeneratedFile, C:\Users\marcv\Desktop\X1-Thorn\1_Code\3_STM32\0_workspace\X1_Thorn_v3\Core\Inc\usart.h_save
2025-07-04 10:30:34,754 [INFO] CodeEngine:287 - Generated code: C:\Users\marcv\Desktop\X1-Thorn\1_Code\3_STM32\0_workspace\X1_Thorn_v3\Core\Inc\usart.h
2025-07-04 10:30:34,814 [INFO] CodeEngine:263 - oldGeneratedFile, C:\Users\marcv\Desktop\X1-Thorn\1_Code\3_STM32\0_workspace\X1_Thorn_v3\Core\Src\stm32h7xx_it.c_save
2025-07-04 10:30:34,971 [INFO] CodeEngine:287 - Generated code: C:\Users\marcv\Desktop\X1-Thorn\1_Code\3_STM32\0_workspace\X1_Thorn_v3\Core\Src\stm32h7xx_it.c
2025-07-04 10:30:34,997 [INFO] CodeEngine:263 - oldGeneratedFile, C:\Users\marcv\Desktop\X1-Thorn\1_Code\3_STM32\0_workspace\X1_Thorn_v3\Core\Inc\stm32h7xx_it.h_save
2025-07-04 10:30:35,099 [INFO] CodeEngine:287 - Generated code: C:\Users\marcv\Desktop\X1-Thorn\1_Code\3_STM32\0_workspace\X1_Thorn_v3\Core\Inc\stm32h7xx_it.h
2025-07-04 10:30:35,252 [INFO] CodeEngine:263 - oldGeneratedFile, C:\Users\marcv\Desktop\X1-Thorn\1_Code\3_STM32\0_workspace\X1_Thorn_v3\Core\Src\stm32h7xx_hal_msp.c_save
2025-07-04 10:30:35,373 [INFO] CodeEngine:287 - Generated code: C:\Users\marcv\Desktop\X1-Thorn\1_Code\3_STM32\0_workspace\X1_Thorn_v3\Core\Src\stm32h7xx_hal_msp.c
2025-07-04 10:30:35,390 [INFO] CodeEngine:263 - oldGeneratedFile, C:\Users\marcv\Desktop\X1-Thorn\1_Code\3_STM32\0_workspace\X1_Thorn_v3\MXTmpFiles\system.tmp_save
2025-07-04 10:30:35,471 [INFO] CodeEngine:287 - Generated code: C:\Users\marcv\Desktop\X1-Thorn\1_Code\3_STM32\0_workspace\X1_Thorn_v3\MXTmpFiles\system.tmp
2025-07-04 10:30:35,504 [INFO] CodeEngine:263 - oldGeneratedFile, C:\Users\marcv\Desktop\X1-Thorn\1_Code\3_STM32\0_workspace\X1_Thorn_v3\Core\Src\stm32h7xx_hal_timebase_tim.c_save
2025-07-04 10:30:35,610 [INFO] CodeEngine:287 - Generated code: C:\Users\marcv\Desktop\X1-Thorn\1_Code\3_STM32\0_workspace\X1_Thorn_v3\Core\Src\stm32h7xx_hal_timebase_tim.c
2025-07-04 10:30:35,650 [INFO] CodeEngine:319 - oldGeneratedFile, C:\Users\marcv\Desktop\X1-Thorn\1_Code\3_STM32\0_workspace\X1_Thorn_v3\Core\Inc\stm32h7xx_hal_conf.h_save
2025-07-04 10:30:35,777 [INFO] CodeEngine:343 - Generated code: C:\Users\marcv\Desktop\X1-Thorn\1_Code\3_STM32\0_workspace\X1_Thorn_v3\Core\Inc\stm32h7xx_hal_conf.h
2025-07-04 10:30:35,851 [INFO] ApiDbMcu:508 - Load IP Config File for ADC2
2025-07-04 10:30:35,856 [INFO] ApiDbMcu:508 - Load IP Config File for ADC3
2025-07-04 10:30:35,860 [INFO] ApiDbMcu:508 - Load IP Config File for I2C2
2025-07-04 10:30:35,861 [ERROR] ApiDbMcu:464 - Can't load MEMORYMAP-STM32xx root dir null
2025-07-04 10:30:35,861 [ERROR] ApiDbMcu:536 - Cannot parse MEMORYMAP_Config file : file do not exist
2025-07-04 10:30:35,864 [INFO] ApiDbMcu:508 - Load IP Config File for SPI4
2025-07-04 10:30:35,881 [INFO] ApiDbMcu:508 - Load IP Config File for TIM1
2025-07-04 10:30:35,893 [INFO] ApiDbMcu:508 - Load IP Config File for TIM3
2025-07-04 10:30:35,904 [INFO] ApiDbMcu:508 - Load IP Config File for TIM5
2025-07-04 10:30:35,915 [INFO] ApiDbMcu:508 - Load IP Config File for TIM15
2025-07-04 10:30:35,931 [INFO] ApiDbMcu:508 - Load IP Config File for TIM16
2025-07-04 10:30:35,941 [INFO] ApiDbMcu:508 - Load IP Config File for TIM17
2025-07-04 10:30:35,954 [INFO] ApiDbMcu:508 - Load IP Config File for UART5
2025-07-04 10:30:35,964 [INFO] ApiDbMcu:508 - Load IP Config File for UART8
2025-07-04 10:30:35,967 [INFO] ApiDbMcu:508 - Load IP Config File for RCC
2025-07-04 10:30:36,003 [INFO] CodeEngine:263 - oldGeneratedFile, C:\Users\marcv\Desktop\X1-Thorn\1_Code\3_STM32\0_workspace\X1_Thorn_v3\Core\Inc\main.h_save
2025-07-04 10:30:36,126 [INFO] CodeEngine:287 - Generated code: C:\Users\marcv\Desktop\X1-Thorn\1_Code\3_STM32\0_workspace\X1_Thorn_v3\Core\Inc\main.h
2025-07-04 10:30:36,156 [INFO] CodeEngine:263 - oldGeneratedFile, C:\Users\marcv\Desktop\X1-Thorn\1_Code\3_STM32\0_workspace\X1_Thorn_v3\Core\Src\main.c_save
2025-07-04 10:30:36,333 [INFO] CodeEngine:287 - Generated code: C:\Users\marcv\Desktop\X1-Thorn\1_Code\3_STM32\0_workspace\X1_Thorn_v3\Core\Src\main.c
2025-07-04 10:30:37,361 [INFO] ProjectBuilder:3324 - Time for Copy HAL[1] : 716mS.
2025-07-04 10:30:37,374 [INFO] ProjectBuilder:4912 - Project Generator version: 4.6.0-B36
2025-07-04 10:30:37,490 [INFO] ConfigFileManager:1590 - The Die is : DIE450
2025-07-04 10:30:37,509 [INFO] ApiDbMcu:508 - Load IP Config File for FATFS
2025-07-04 10:30:37,524 [INFO] ApiDbMcu:508 - Load IP Config File for LIBJPEG
2025-07-04 10:30:37,546 [INFO] ApiDbMcu:508 - Load IP Config File for LWIP
2025-07-04 10:30:37,567 [INFO] ApiDbMcu:508 - Load IP Config File for MBEDTLS
2025-07-04 10:30:37,591 [INFO] ApiDbMcu:508 - Load IP Config File for USB_DEVICE
2025-07-04 10:30:37,605 [INFO] ApiDbMcu:508 - Load IP Config File for USB_HOST
2025-07-04 10:30:38,485 [INFO] LogOutputStream:77 - [STDOUT_REDIRECT] 
2025-07-04 10:30:41,013 [INFO] ProjectBuilder:5191 - Time for Generating toolchain IDE Files: 3639mS.
2025-07-04 10:30:41,014 [INFO] ProjectBuilder:3181 - Time for Copy CMSIS : 1mS.
2025-07-04 10:30:41,036 [INFO] ProjectBuilder:3181 - Time for Copy CMSIS : 0mS.
2025-07-04 11:00:07,779 [INFO] MainUpdater:2872 - connection check result : 10
2025-07-04 11:00:07,780 [INFO] MainUpdater:2872 - connection check result : 10
2025-07-04 11:00:08,049 [INFO] I2cTimingTraitement:330 - 0x307075B1
2025-07-04 11:00:08,084 [INFO] MicroXplorer:468 - Change Database Path : 
2025-07-04 11:00:08,084 [INFO] MicroXplorer:498 - Change Database Version : DB.6.0.140
2025-07-04 11:00:08,119 [ERROR] ProjectManagerView:394 - 
java.lang.NullPointerException: Cannot invoke "javax.swing.JTextField.getText()" because the return value of "java.util.List.get(int)" is null
	at com.st.microxplorer.plugins.projectmanager.gui.ProjectChoiceTab$9.caretUpdate(ProjectChoiceTab.java:2678) ~[filemanager.jar:?]
	at javax.swing.text.JTextComponent.fireCaretUpdate(JTextComponent.java:408) ~[?:?]
	at javax.swing.text.JTextComponent$MutableCaretEvent.fire(JTextComponent.java:4484) ~[?:?]
	at javax.swing.text.JTextComponent$MutableCaretEvent.stateChanged(JTextComponent.java:4506) ~[?:?]
	at javax.swing.text.DefaultCaret.fireStateChanged(DefaultCaret.java:857) ~[?:?]
	at javax.swing.text.DefaultCaret.changeCaretPosition(DefaultCaret.java:1343) ~[?:?]
	at javax.swing.text.DefaultCaret.handleSetDot(DefaultCaret.java:1242) ~[?:?]
	at javax.swing.text.DefaultCaret.setDot(DefaultCaret.java:1223) ~[?:?]
	at javax.swing.text.DefaultCaret$Handler.insertUpdate(DefaultCaret.java:1819) ~[?:?]
	at javax.swing.text.AbstractDocument.fireInsertUpdate(AbstractDocument.java:227) ~[?:?]
	at javax.swing.text.AbstractDocument.handleInsertString(AbstractDocument.java:781) ~[?:?]
	at javax.swing.text.AbstractDocument.insertString(AbstractDocument.java:740) ~[?:?]
	at javax.swing.text.PlainDocument.insertString(PlainDocument.java:131) ~[?:?]
	at javax.swing.text.AbstractDocument.replace(AbstractDocument.java:699) ~[?:?]
	at javax.swing.text.JTextComponent.setText(JTextComponent.java:1725) ~[?:?]
	at com.st.microxplorer.plugins.projectmanager.gui.ProjectChoiceTab.createHeapStackFields(ProjectChoiceTab.java:979) ~[filemanager.jar:?]
	at com.st.microxplorer.plugins.projectmanager.gui.ProjectChoiceTab.buildLinkSettingsPanel(ProjectChoiceTab.java:3766) ~[filemanager.jar:?]
	at com.st.microxplorer.plugins.projectmanager.gui.ProjectChoiceTab.defineWindowsFields(ProjectChoiceTab.java:1962) ~[filemanager.jar:?]
	at com.st.microxplorer.plugins.projectmanager.gui.ProjectChoiceTab.updateSettings(ProjectChoiceTab.java:555) ~[filemanager.jar:?]
	at com.st.microxplorer.plugins.projectmanager.gui.ProjectSettingsPanel.UpdateDialog(ProjectSettingsPanel.java:245) ~[filemanager.jar:?]
	at com.st.microxplorer.plugins.projectmanager.ProjectManagerView.propertyChange(ProjectManagerView.java:391) ~[filemanager.jar:?]
	at java.beans.PropertyChangeSupport.fire(PropertyChangeSupport.java:343) ~[?:?]
	at java.beans.PropertyChangeSupport.firePropertyChange(PropertyChangeSupport.java:335) ~[?:?]
	at java.beans.PropertyChangeSupport.firePropertyChange(PropertyChangeSupport.java:268) ~[?:?]
	at com.st.microxplorer.util.MXPropertyChangeSupport.firePropertyChange(MXPropertyChangeSupport.java:54) ~[STM32CubeMX.jar:?]
	at com.st.microxplorer.mxsystem.MxSystem.closeConfig(MxSystem.java:899) ~[STM32CubeMX.jar:?]
	at com.st.microxplorer.maingui.MainPanel.closeConfig(MainPanel.java:789) ~[STM32CubeMX.jar:?]
	at com.st.microxplorer.plugins.filemanager.engine.OpenFileManager.loadConfigurationFile(OpenFileManager.java:287) ~[filemanager.jar:?]
	at com.st.microxplorer.plugins.filemanager.engine.MainFileManager.userLoadConfig(MainFileManager.java:341) ~[filemanager.jar:?]
	at com.st.microxplorer.plugins.filemanager.engine.MainFileManager.userLoadConfig(MainFileManager.java:319) ~[filemanager.jar:?]
	at com.st.microxplorer.plugins.filemanager.FileManagerView.getSpecificTask(FileManagerView.java:246) ~[filemanager.jar:?]
	at com.st.stm32cube.common.mx.editor.CubeMxEditor.getMxTabbedPaneInstance(CubeMxEditor.java:1198) ~[com.st.stm32cube.common.mx_6.14.0.202502271554/:?]
	at com.st.stm32cube.common.mx.editor.CubeMxEditor$12$1.createSwingComponent(CubeMxEditor.java:1068) ~[com.st.stm32cube.common.mx_6.14.0.202502271554/:?]
	at com.st.stm32cube.common.mx.oss.core.awtswtbridge.EmbeddedSwingComposite.doComponentCreation(EmbeddedSwingComposite.java:492) ~[com.st.stm32cube.common.mx.oss_6.14.0.202502271554/:?]
	at com.st.stm32cube.common.mx.oss.core.awtswtbridge.EmbeddedSwingComposite$4.run(EmbeddedSwingComposite.java:291) ~[com.st.stm32cube.common.mx.oss_6.14.0.202502271554/:?]
	at com.st.stm32cube.common.mx.oss.core.awtswtbridge.AwtEnvironment$2.run(AwtEnvironment.java:166) ~[com.st.stm32cube.common.mx.oss_6.14.0.202502271554/:?]
	at java.awt.event.InvocationEvent.dispatch(InvocationEvent.java:318) ~[?:?]
	at java.awt.EventQueue.dispatchEventImpl(EventQueue.java:773) ~[?:?]
	at java.awt.EventQueue$4.run(EventQueue.java:720) ~[?:?]
	at java.awt.EventQueue$4.run(EventQueue.java:714) ~[?:?]
	at java.security.AccessController.doPrivileged(AccessController.java:400) ~[?:?]
	at java.security.ProtectionDomain$JavaSecurityAccessImpl.doIntersectionPrivilege(ProtectionDomain.java:87) ~[?:?]
	at java.awt.EventQueue.dispatchEvent(EventQueue.java:742) ~[?:?]
	at java.awt.EventDispatchThread.pumpOneEventForFilters(EventDispatchThread.java:203) ~[?:?]
	at java.awt.EventDispatchThread.pumpEventsForFilter(EventDispatchThread.java:124) ~[?:?]
	at java.awt.EventDispatchThread.pumpEventsForHierarchy(EventDispatchThread.java:113) ~[?:?]
	at java.awt.EventDispatchThread.pumpEvents(EventDispatchThread.java:109) ~[?:?]
	at java.awt.EventDispatchThread.pumpEvents(EventDispatchThread.java:101) ~[?:?]
	at java.awt.EventDispatchThread.run(EventDispatchThread.java:90) ~[?:?]
2025-07-04 11:00:08,128 [WARN] ThirdParty:871 - waiting for thirdparty lock release [close project]
2025-07-04 11:00:08,128 [INFO] ThirdParty:873 - entering critical section [close project]
2025-07-04 11:00:08,128 [INFO] ThirdParty:883 - exiting critical section [close project]
2025-07-04 11:00:08,135 [INFO] PinOutPanel:1589 - setPackage(No Configuration,No Configuration)
2025-07-04 11:00:08,150 [WARN] IpParametersView:155 - Warning: This peripheral hasn't parameters
2025-07-04 11:00:08,174 [WARN] MainPanel:289 - <html><b><center>Warning: This peripheral has no parameters to be configured<br></b></html>
2025-07-04 11:00:08,185 [INFO] UtilMem:75 - Begin LoadConfig() Used Memory: 909641728 Bytes (1073741824)
2025-07-04 11:00:08,186 [INFO] MicroXplorer:468 - Change Database Path : 
2025-07-04 11:00:08,186 [INFO] MicroXplorer:498 - Change Database Version : DB.6.0.140
2025-07-04 11:00:08,186 [INFO] OpenFileManager:354 - Change cursor
2025-07-04 11:00:08,214 [INFO] RulesReader:64 - Compatibility file has been processed (301 Rules)
2025-07-04 11:00:08,223 [INFO] Mcu:2011 - Initializing MCU STM32H743VITx STM32H743VITx STM32H743VIT6
2025-07-04 11:00:11,657 [INFO] Context:756 - Trying to add GPIOservice into a context  which must be forbidden
2025-07-04 11:00:13,209 [INFO] ImportTextPane:218 - (OptionalMessage_ERROR) Pin39 (VP_RIF_VS_RIF1) cannot be retrieved for this MCU
2025-07-04 11:00:13,420 [INFO] RtosManager:558 - Registered RTOS mode: class=CMSIS, group=RTOS, mode=CMSIS_V1, owner=FREERTOS
2025-07-04 11:00:13,420 [INFO] RtosManager:558 - Registered RTOS mode: class=CMSIS, group=RTOS2, mode=CMSIS_V2, owner=FREERTOS
2025-07-04 11:00:13,420 [INFO] RtosManager:558 - Registered RTOS mode: class=RTOS, group=Core, mode=CMSIS_V1, owner=FREERTOS
2025-07-04 11:00:13,420 [INFO] RtosManager:558 - Registered RTOS mode: class=RTOS, group=Core, mode=CMSIS_V2, owner=FREERTOS
2025-07-04 11:00:13,420 [WARN] ModelIntegratedComponent:184 - Missing modes for component STMicroelectronics:FreeRTOS:0.0.1:STMicroelectronics:RTOS:FreeRTOS:Core:::10.2.0:
2025-07-04 11:00:13,432 [WARN] ModelIntegratedComponent:63 - No mode defined for component null
2025-07-04 11:00:13,432 [WARN] ModelIntegratedComponent:63 - No mode defined for component null
2025-07-04 11:00:13,432 [WARN] ModelIntegratedComponent:63 - No mode defined for component null
2025-07-04 11:00:13,433 [WARN] ModelIntegratedComponent:63 - No mode defined for component null
2025-07-04 11:00:13,433 [WARN] ModelIntegratedComponent:63 - No mode defined for component null
2025-07-04 11:00:13,433 [WARN] ModelIntegratedComponent:63 - No mode defined for component null
2025-07-04 11:00:13,433 [WARN] ModelIntegratedComponent:63 - No mode defined for component null
2025-07-04 11:00:13,433 [WARN] ModelIntegratedComponent:63 - No mode defined for component null
2025-07-04 11:00:13,433 [WARN] ModelIntegratedComponent:63 - No mode defined for component null
2025-07-04 11:00:13,433 [WARN] ModelIntegratedComponent:63 - No mode defined for component null
2025-07-04 11:00:13,433 [WARN] ModelIntegratedComponent:63 - No mode defined for component null
2025-07-04 11:00:13,433 [WARN] ModelIntegratedComponent:63 - No mode defined for component null
2025-07-04 11:00:13,434 [WARN] ModelIntegratedComponent:63 - No mode defined for component null
2025-07-04 11:00:13,434 [WARN] ModelIntegratedComponent:63 - No mode defined for component null
2025-07-04 11:00:13,434 [WARN] ModelIntegratedComponent:63 - No mode defined for component null
2025-07-04 11:00:13,434 [WARN] ModelIntegratedComponent:63 - No mode defined for component null
2025-07-04 11:00:13,434 [WARN] ModelIntegratedComponent:63 - No mode defined for component null
2025-07-04 11:00:13,434 [WARN] ModelIntegratedComponent:63 - No mode defined for component null
2025-07-04 11:00:13,434 [WARN] ModelIntegratedComponent:63 - No mode defined for component null
2025-07-04 11:00:13,434 [WARN] ModelIntegratedComponent:63 - No mode defined for component null
2025-07-04 11:00:13,434 [WARN] ModelIntegratedComponent:63 - No mode defined for component null
2025-07-04 11:00:13,434 [WARN] ModelIntegratedComponent:63 - No mode defined for component null
2025-07-04 11:00:13,434 [WARN] ModelIntegratedComponent:63 - No mode defined for component null
2025-07-04 11:00:13,435 [WARN] ModelIntegratedComponent:63 - No mode defined for component null
2025-07-04 11:00:13,435 [WARN] ModelIntegratedComponent:63 - No mode defined for component null
2025-07-04 11:00:13,435 [WARN] ModelIntegratedComponent:63 - No mode defined for component null
2025-07-04 11:00:13,435 [WARN] ModelIntegratedComponent:63 - No mode defined for component null
2025-07-04 11:00:13,435 [WARN] ModelIntegratedComponent:63 - No mode defined for component null
2025-07-04 11:00:13,435 [WARN] ModelIntegratedComponent:63 - No mode defined for component null
2025-07-04 11:00:13,435 [WARN] ModelIntegratedComponent:63 - No mode defined for component null
2025-07-04 11:00:13,435 [WARN] ModelIntegratedComponent:63 - No mode defined for component null
2025-07-04 11:00:13,435 [WARN] ModelIntegratedComponent:63 - No mode defined for component null
2025-07-04 11:00:13,435 [WARN] ModelIntegratedComponent:63 - No mode defined for component null
2025-07-04 11:00:13,435 [WARN] ModelIntegratedComponent:63 - No mode defined for component null
2025-07-04 11:00:13,435 [WARN] ModelIntegratedComponent:63 - No mode defined for component null
2025-07-04 11:00:13,436 [WARN] ModelPack:524 - Component already loaded: STMicroelectronics:HAL Drivers:0.0.0:STMicroelectronics:Device:STMicro_Driver:XSPI:HAL::0.0.1:HAL_XSPI
2025-07-04 11:00:13,621 [INFO] ThirdPartyModel:298 - Start build external matchings
2025-07-04 11:00:14,821 [INFO] ThirdPartyModel:316 - End build external matchings
2025-07-04 11:00:14,866 [INFO] RtosManager:967 - Current active RTOS is FREERTOS [Cortex-M7NS]
2025-07-04 11:00:14,872 [INFO] ImportTextPane:218 - (OptionalMessage_ERROR) IP (DMA) : Parameter (Instance) has Id (TIM3_CH1) currently not set
2025-07-04 11:00:14,872 [INFO] ImportTextPane:218 - (OptionalMessage_ERROR) IP (DMA) : Parameter (Request) has Id (TIM3_CH1) currently not set
2025-07-04 11:00:14,872 [INFO] ImportTextPane:218 - (OptionalMessage_ERROR) IP (DMA) : Parameter (Direction) has Id (TIM3_CH1) currently not set
2025-07-04 11:00:14,872 [INFO] ImportTextPane:218 - (OptionalMessage_ERROR) IP (DMA) : Parameter (PeriphInc) has Id (TIM3_CH1) currently not set
2025-07-04 11:00:14,872 [INFO] ImportTextPane:218 - (OptionalMessage_ERROR) IP (DMA) : Parameter (MemInc) has Id (TIM3_CH1) currently not set
2025-07-04 11:00:14,872 [INFO] ImportTextPane:218 - (OptionalMessage_ERROR) IP (DMA) : Parameter (PeriphDataAlignment) has Id (TIM3_CH1) currently not set
2025-07-04 11:00:14,872 [INFO] ImportTextPane:218 - (OptionalMessage_ERROR) IP (DMA) : Parameter (MemDataAlignment) has Id (TIM3_CH1) currently not set
2025-07-04 11:00:14,872 [INFO] ImportTextPane:218 - (OptionalMessage_ERROR) IP (DMA) : Parameter (Mode) has Id (TIM3_CH1) currently not set
2025-07-04 11:00:14,872 [INFO] ImportTextPane:218 - (OptionalMessage_ERROR) IP (DMA) : Parameter (Priority) has Id (TIM3_CH1) currently not set
2025-07-04 11:00:14,873 [INFO] ImportTextPane:218 - (OptionalMessage_ERROR) IP (DMA) : Parameter (FIFOMode) has Id (TIM3_CH1) currently not set
2025-07-04 11:00:14,873 [INFO] ImportTextPane:218 - (OptionalMessage_ERROR) IP (DMA) : Parameter (SignalID) has Id (TIM3_CH1) currently not set
2025-07-04 11:00:14,873 [INFO] ImportTextPane:218 - (OptionalMessage_ERROR) IP (DMA) : Parameter (Polarity) has Id (TIM3_CH1) currently not set
2025-07-04 11:00:14,873 [INFO] ImportTextPane:218 - (OptionalMessage_ERROR) IP (DMA) : Parameter (RequestNumber) has Id (TIM3_CH1) currently not set
2025-07-04 11:00:14,873 [INFO] ImportTextPane:218 - (OptionalMessage_ERROR) IP (DMA) : Parameter (SyncSignalID) has Id (TIM3_CH1) currently not set
2025-07-04 11:00:14,873 [INFO] ImportTextPane:218 - (OptionalMessage_ERROR) IP (DMA) : Parameter (SyncPolarity) has Id (TIM3_CH1) currently not set
2025-07-04 11:00:14,873 [INFO] ImportTextPane:218 - (OptionalMessage_ERROR) IP (DMA) : Parameter (SyncEnable) has Id (TIM3_CH1) currently not set
2025-07-04 11:00:14,873 [INFO] ImportTextPane:218 - (OptionalMessage_ERROR) IP (DMA) : Parameter (EventEnable) has Id (TIM3_CH1) currently not set
2025-07-04 11:00:14,873 [INFO] ImportTextPane:218 - (OptionalMessage_ERROR) IP (DMA) : Parameter (SyncRequestNumber) has Id (TIM3_CH1) currently not set
2025-07-04 11:00:14,873 [INFO] ImportTextPane:218 - (OptionalMessage_ERROR) IP (DMA) : Parameter (Instance) has Id (TIM3_CH2) currently not set
2025-07-04 11:00:14,873 [INFO] ImportTextPane:218 - (OptionalMessage_ERROR) IP (DMA) : Parameter (Request) has Id (TIM3_CH2) currently not set
2025-07-04 11:00:14,873 [INFO] ImportTextPane:218 - (OptionalMessage_ERROR) IP (DMA) : Parameter (Direction) has Id (TIM3_CH2) currently not set
2025-07-04 11:00:14,873 [INFO] ImportTextPane:218 - (OptionalMessage_ERROR) IP (DMA) : Parameter (PeriphInc) has Id (TIM3_CH2) currently not set
2025-07-04 11:00:14,874 [INFO] ImportTextPane:218 - (OptionalMessage_ERROR) IP (DMA) : Parameter (MemInc) has Id (TIM3_CH2) currently not set
2025-07-04 11:00:14,874 [INFO] ImportTextPane:218 - (OptionalMessage_ERROR) IP (DMA) : Parameter (PeriphDataAlignment) has Id (TIM3_CH2) currently not set
2025-07-04 11:00:14,874 [INFO] ImportTextPane:218 - (OptionalMessage_ERROR) IP (DMA) : Parameter (MemDataAlignment) has Id (TIM3_CH2) currently not set
2025-07-04 11:00:14,874 [INFO] ImportTextPane:218 - (OptionalMessage_ERROR) IP (DMA) : Parameter (Mode) has Id (TIM3_CH2) currently not set
2025-07-04 11:00:14,874 [INFO] ImportTextPane:218 - (OptionalMessage_ERROR) IP (DMA) : Parameter (Priority) has Id (TIM3_CH2) currently not set
2025-07-04 11:00:14,875 [INFO] ImportTextPane:218 - (OptionalMessage_ERROR) IP (DMA) : Parameter (FIFOMode) has Id (TIM3_CH2) currently not set
2025-07-04 11:00:14,875 [INFO] ImportTextPane:218 - (OptionalMessage_ERROR) IP (DMA) : Parameter (SignalID) has Id (TIM3_CH2) currently not set
2025-07-04 11:00:14,875 [INFO] ImportTextPane:218 - (OptionalMessage_ERROR) IP (DMA) : Parameter (Polarity) has Id (TIM3_CH2) currently not set
2025-07-04 11:00:14,875 [INFO] ImportTextPane:218 - (OptionalMessage_ERROR) IP (DMA) : Parameter (RequestNumber) has Id (TIM3_CH2) currently not set
2025-07-04 11:00:14,875 [INFO] ImportTextPane:218 - (OptionalMessage_ERROR) IP (DMA) : Parameter (SyncSignalID) has Id (TIM3_CH2) currently not set
2025-07-04 11:00:14,875 [INFO] ImportTextPane:218 - (OptionalMessage_ERROR) IP (DMA) : Parameter (SyncPolarity) has Id (TIM3_CH2) currently not set
2025-07-04 11:00:14,875 [INFO] ImportTextPane:218 - (OptionalMessage_ERROR) IP (DMA) : Parameter (SyncEnable) has Id (TIM3_CH2) currently not set
2025-07-04 11:00:14,875 [INFO] ImportTextPane:218 - (OptionalMessage_ERROR) IP (DMA) : Parameter (EventEnable) has Id (TIM3_CH2) currently not set
2025-07-04 11:00:14,875 [INFO] ImportTextPane:218 - (OptionalMessage_ERROR) IP (DMA) : Parameter (SyncRequestNumber) has Id (TIM3_CH2) currently not set
2025-07-04 11:00:14,875 [INFO] ImportTextPane:218 - (OptionalMessage_ERROR) IP (DMA) : Parameter (Instance) has Id (TIM16_UP) currently not set
2025-07-04 11:00:14,876 [INFO] ImportTextPane:218 - (OptionalMessage_ERROR) IP (DMA) : Parameter (Request) has Id (TIM16_UP) currently not set
2025-07-04 11:00:14,876 [INFO] ImportTextPane:218 - (OptionalMessage_ERROR) IP (DMA) : Parameter (Direction) has Id (TIM16_UP) currently not set
2025-07-04 11:00:14,876 [INFO] ImportTextPane:218 - (OptionalMessage_ERROR) IP (DMA) : Parameter (PeriphInc) has Id (TIM16_UP) currently not set
2025-07-04 11:00:14,876 [INFO] ImportTextPane:218 - (OptionalMessage_ERROR) IP (DMA) : Parameter (MemInc) has Id (TIM16_UP) currently not set
2025-07-04 11:00:14,876 [INFO] ImportTextPane:218 - (OptionalMessage_ERROR) IP (DMA) : Parameter (PeriphDataAlignment) has Id (TIM16_UP) currently not set
2025-07-04 11:00:14,876 [INFO] ImportTextPane:218 - (OptionalMessage_ERROR) IP (DMA) : Parameter (MemDataAlignment) has Id (TIM16_UP) currently not set
2025-07-04 11:00:14,876 [INFO] ImportTextPane:218 - (OptionalMessage_ERROR) IP (DMA) : Parameter (Mode) has Id (TIM16_UP) currently not set
2025-07-04 11:00:14,876 [INFO] ImportTextPane:218 - (OptionalMessage_ERROR) IP (DMA) : Parameter (Priority) has Id (TIM16_UP) currently not set
2025-07-04 11:00:14,876 [INFO] ImportTextPane:218 - (OptionalMessage_ERROR) IP (DMA) : Parameter (FIFOMode) has Id (TIM16_UP) currently not set
2025-07-04 11:00:14,876 [INFO] ImportTextPane:218 - (OptionalMessage_ERROR) IP (DMA) : Parameter (SignalID) has Id (TIM16_UP) currently not set
2025-07-04 11:00:14,876 [INFO] ImportTextPane:218 - (OptionalMessage_ERROR) IP (DMA) : Parameter (Polarity) has Id (TIM16_UP) currently not set
2025-07-04 11:00:14,876 [INFO] ImportTextPane:218 - (OptionalMessage_ERROR) IP (DMA) : Parameter (RequestNumber) has Id (TIM16_UP) currently not set
2025-07-04 11:00:14,877 [INFO] ImportTextPane:218 - (OptionalMessage_ERROR) IP (DMA) : Parameter (SyncSignalID) has Id (TIM16_UP) currently not set
2025-07-04 11:00:14,877 [INFO] ImportTextPane:218 - (OptionalMessage_ERROR) IP (DMA) : Parameter (SyncPolarity) has Id (TIM16_UP) currently not set
2025-07-04 11:00:14,877 [INFO] ImportTextPane:218 - (OptionalMessage_ERROR) IP (DMA) : Parameter (SyncEnable) has Id (TIM16_UP) currently not set
2025-07-04 11:00:14,877 [INFO] ImportTextPane:218 - (OptionalMessage_ERROR) IP (DMA) : Parameter (EventEnable) has Id (TIM16_UP) currently not set
2025-07-04 11:00:14,877 [INFO] ImportTextPane:218 - (OptionalMessage_ERROR) IP (DMA) : Parameter (SyncRequestNumber) has Id (TIM16_UP) currently not set
2025-07-04 11:00:14,877 [INFO] ImportTextPane:218 - (OptionalMessage_ERROR) IP (DMA) : Parameter (Instance) has Id (TIM15_UP) currently not set
2025-07-04 11:00:14,877 [INFO] ImportTextPane:218 - (OptionalMessage_ERROR) IP (DMA) : Parameter (Request) has Id (TIM15_UP) currently not set
2025-07-04 11:00:14,877 [INFO] ImportTextPane:218 - (OptionalMessage_ERROR) IP (DMA) : Parameter (Direction) has Id (TIM15_UP) currently not set
2025-07-04 11:00:14,877 [INFO] ImportTextPane:218 - (OptionalMessage_ERROR) IP (DMA) : Parameter (PeriphInc) has Id (TIM15_UP) currently not set
2025-07-04 11:00:14,877 [INFO] ImportTextPane:218 - (OptionalMessage_ERROR) IP (DMA) : Parameter (MemInc) has Id (TIM15_UP) currently not set
2025-07-04 11:00:14,877 [INFO] ImportTextPane:218 - (OptionalMessage_ERROR) IP (DMA) : Parameter (PeriphDataAlignment) has Id (TIM15_UP) currently not set
2025-07-04 11:00:14,877 [INFO] ImportTextPane:218 - (OptionalMessage_ERROR) IP (DMA) : Parameter (MemDataAlignment) has Id (TIM15_UP) currently not set
2025-07-04 11:00:14,877 [INFO] ImportTextPane:218 - (OptionalMessage_ERROR) IP (DMA) : Parameter (Mode) has Id (TIM15_UP) currently not set
2025-07-04 11:00:14,877 [INFO] ImportTextPane:218 - (OptionalMessage_ERROR) IP (DMA) : Parameter (Priority) has Id (TIM15_UP) currently not set
2025-07-04 11:00:14,877 [INFO] ImportTextPane:218 - (OptionalMessage_ERROR) IP (DMA) : Parameter (FIFOMode) has Id (TIM15_UP) currently not set
2025-07-04 11:00:14,878 [INFO] ImportTextPane:218 - (OptionalMessage_ERROR) IP (DMA) : Parameter (SignalID) has Id (TIM15_UP) currently not set
2025-07-04 11:00:14,878 [INFO] ImportTextPane:218 - (OptionalMessage_ERROR) IP (DMA) : Parameter (Polarity) has Id (TIM15_UP) currently not set
2025-07-04 11:00:14,878 [INFO] ImportTextPane:218 - (OptionalMessage_ERROR) IP (DMA) : Parameter (RequestNumber) has Id (TIM15_UP) currently not set
2025-07-04 11:00:14,878 [INFO] ImportTextPane:218 - (OptionalMessage_ERROR) IP (DMA) : Parameter (SyncSignalID) has Id (TIM15_UP) currently not set
2025-07-04 11:00:14,878 [INFO] ImportTextPane:218 - (OptionalMessage_ERROR) IP (DMA) : Parameter (SyncPolarity) has Id (TIM15_UP) currently not set
2025-07-04 11:00:14,878 [INFO] ImportTextPane:218 - (OptionalMessage_ERROR) IP (DMA) : Parameter (SyncEnable) has Id (TIM15_UP) currently not set
2025-07-04 11:00:14,878 [INFO] ImportTextPane:218 - (OptionalMessage_ERROR) IP (DMA) : Parameter (EventEnable) has Id (TIM15_UP) currently not set
2025-07-04 11:00:14,878 [INFO] ImportTextPane:218 - (OptionalMessage_ERROR) IP (DMA) : Parameter (SyncRequestNumber) has Id (TIM15_UP) currently not set
2025-07-04 11:00:14,885 [INFO] ImportTextPane:218 - (OptionalMessage_ERROR) IP (RCC) : Parameter (DFSDMACLkFreq_Value) has invalid value (480000000)
2025-07-04 11:00:14,891 [INFO] ImportTextPane:218 - (OptionalMessage_ERROR) IP (RCC) : Parameter (FDCANFreq_Value) has invalid value (480000000)
2025-07-04 11:00:14,891 [INFO] ImportTextPane:218 - (OptionalMessage_ERROR) IP (RCC) : Invalid parameter (FamilyName)
2025-07-04 11:00:14,891 [INFO] ImportTextPane:218 - (OptionalMessage_ERROR) IP (RCC) : Parameter (SAI1Freq_Value) has invalid value (480000000)
2025-07-04 11:00:14,891 [INFO] ImportTextPane:218 - (OptionalMessage_ERROR) IP (RCC) : Parameter (SAI23Freq_Value) has invalid value (480000000)
2025-07-04 11:00:14,891 [INFO] ImportTextPane:218 - (OptionalMessage_ERROR) IP (RCC) : Parameter (SAI4AFreq_Value) has invalid value (480000000)
2025-07-04 11:00:14,891 [INFO] ImportTextPane:218 - (OptionalMessage_ERROR) IP (RCC) : Parameter (SAI4BFreq_Value) has invalid value (480000000)
2025-07-04 11:00:14,892 [INFO] ImportTextPane:218 - (OptionalMessage_ERROR) IP (RCC) : Parameter (SDMMCFreq_Value) has invalid value (480000000)
2025-07-04 11:00:14,892 [INFO] ImportTextPane:218 - (OptionalMessage_ERROR) IP (RCC) : Parameter (SPDIFRXFreq_Value) has invalid value (480000000)
2025-07-04 11:00:14,892 [INFO] ImportTextPane:218 - (OptionalMessage_ERROR) IP (RCC) : Parameter (SPI123Freq_Value) has invalid value (480000000)
2025-07-04 11:00:14,892 [INFO] ImportTextPane:218 - (OptionalMessage_ERROR) IP (RCC) : Parameter (USBFreq_Value) has invalid value (480000000)
2025-07-04 11:00:15,432 [INFO] UtilMem:75 - End LoadConfig() Used Memory: 900050064 Bytes (1073741824)
2025-07-04 11:00:15,450 [WARN] ThirdParty:833 - waiting for thirdparty lock release [change project]
2025-07-04 11:00:15,450 [INFO] ThirdParty:835 - entering critical section [change project]
2025-07-04 11:00:15,451 [INFO] ThirdParty:1030 - CMSIS Pack Vendor :STMicroelectronics X-CUBE-PM33A1 1.0.0
2025-07-04 11:00:15,452 [INFO] ThirdParty:1030 - CMSIS Pack Vendor :STMicroelectronics USBPD 4.1
2025-07-04 11:00:15,452 [INFO] ThirdParty:1030 - CMSIS Pack Vendor :STMicroelectronics X-CUBE-AZRTOS-H7 3.3.0
2025-07-04 11:00:15,452 [INFO] ThirdParty:1030 - CMSIS Pack Vendor :STMicroelectronics X-CUBE-NFC9 1.0.0
2025-07-04 11:00:15,452 [INFO] ThirdParty:1030 - CMSIS Pack Vendor :STMicroelectronics USB_HOST 2.0.0
2025-07-04 11:00:15,452 [INFO] ThirdParty:1030 - CMSIS Pack Vendor :STMicroelectronics FP-SNS-MOTENVWB1 1.4.0
2025-07-04 11:00:15,452 [INFO] ThirdParty:1030 - CMSIS Pack Vendor :STMicroelectronics X-CUBE-AZRTOS-F4 1.1.0
2025-07-04 11:00:15,452 [INFO] ThirdParty:1030 - CMSIS Pack Vendor :STMicroelectronics LIBJPEG 8.0.0
2025-07-04 11:00:15,452 [INFO] ThirdParty:1030 - CMSIS Pack Vendor :STMicroelectronics FP-ATR-ASTRA1 2.0.2
2025-07-04 11:00:15,452 [INFO] ThirdParty:1030 - CMSIS Pack Vendor :STMicroelectronics X-CUBE-BLE1 7.1.0
2025-07-04 11:00:15,452 [INFO] ThirdParty:1030 - CMSIS Pack Vendor :Avnet-IotConnect X-CUBE-IoTC-DA16k-PMOD 1.0.0
2025-07-04 11:00:15,453 [INFO] ThirdParty:1030 - CMSIS Pack Vendor :STMicroelectronics X-CUBE-SMBUS 2.1.0
2025-07-04 11:00:15,453 [INFO] ThirdParty:1030 - CMSIS Pack Vendor :STMicroelectronics X-CUBE-WB05N 1.1.0
2025-07-04 11:00:15,453 [INFO] ThirdParty:1030 - CMSIS Pack Vendor :wolfSSL I-CUBE-wolfMQTT 1.19.2
2025-07-04 11:00:15,453 [INFO] ThirdParty:1030 - CMSIS Pack Vendor :STMicroelectronics USB_DEVICE 3.0.0
2025-07-04 11:00:15,453 [INFO] ThirdParty:1030 - CMSIS Pack Vendor :STMicroelectronics X-CUBE-ISPU 2.1.0
2025-07-04 11:00:15,453 [INFO] ThirdParty:1030 - CMSIS Pack Vendor :STMicroelectronics X-CUBE-AZRTOS-WB 2.0.0
2025-07-04 11:00:15,453 [INFO] ThirdParty:1030 - CMSIS Pack Vendor :STMicroelectronics X-CUBE-ST60 1.0.0
2025-07-04 11:00:15,453 [INFO] ThirdParty:1030 - CMSIS Pack Vendor :STMicroelectronics X-CUBE-GNSS1 7.0.1
2025-07-04 11:00:15,453 [INFO] ThirdParty:1030 - CMSIS Pack Vendor :STMicroelectronics X-CUBE-AZRTOS-F7 1.1.0
2025-07-04 11:00:15,453 [INFO] ThirdParty:1030 - CMSIS Pack Vendor :STMicroelectronics X-CUBE-AZRTOS-L5 2.0.0
2025-07-04 11:00:15,453 [INFO] ThirdParty:1030 - CMSIS Pack Vendor :STMicroelectronics X-CUBE-TOUCHGFX 4.25.0
2025-07-04 11:00:15,453 [INFO] ThirdParty:1030 - CMSIS Pack Vendor :STMicroelectronics USB_DEVICE 2.0.0
2025-07-04 11:00:15,453 [INFO] ThirdParty:1030 - CMSIS Pack Vendor :STMicroelectronics X-CUBE-NFC6 3.1.0
2025-07-04 11:00:15,453 [INFO] ThirdParty:1030 - CMSIS Pack Vendor :STMicroelectronics X-CUBE-AI 10.1.0
2025-07-04 11:00:15,453 [INFO] ThirdParty:1030 - CMSIS Pack Vendor :STMicroelectronics FP-SNS-STBOX1 2.0.0
2025-07-04 11:00:15,453 [INFO] ThirdParty:1030 - CMSIS Pack Vendor :STMicroelectronics X-CUBE-MEMS1 11.2.0
2025-07-04 11:00:15,454 [INFO] ThirdParty:1030 - CMSIS Pack Vendor :STMicroelectronics FreeRTOS 0.0.1
2025-07-04 11:00:15,454 [INFO] ThirdParty:1030 - CMSIS Pack Vendor :STMicroelectronics X-CUBE-AZRTOS-G0 1.1.0
2025-07-04 11:00:15,454 [INFO] ThirdParty:1030 - CMSIS Pack Vendor :STMicroelectronics X-CUBE-SAFEA1 1.2.2
2025-07-04 11:00:15,454 [INFO] ThirdParty:1030 - CMSIS Pack Vendor :STMicroelectronics X-CUBE-NFC4 3.0.0
2025-07-04 11:00:15,454 [INFO] ThirdParty:1030 - CMSIS Pack Vendor :STMicroelectronics X-CUBE-DPower 1.2.0
2025-07-04 11:00:15,454 [INFO] ThirdParty:1030 - CMSIS Pack Vendor :STMicroelectronics X-CUBE-SUBG2 5.0.0
2025-07-04 11:00:15,454 [INFO] ThirdParty:1030 - CMSIS Pack Vendor :STMicroelectronics X-CUBE-AZRTOS-H7RS 1.1.0
2025-07-04 11:00:15,454 [INFO] ThirdParty:1030 - CMSIS Pack Vendor :STMicroelectronics STM32_WPAN 1.0.0
2025-07-04 11:00:15,454 [INFO] ThirdParty:1030 - CMSIS Pack Vendor :EmbeddedOffice I-CUBE-FS-RTOS 1.0.1
2025-07-04 11:00:15,454 [INFO] ThirdParty:1030 - CMSIS Pack Vendor :STMicroelectronics lwIP 2.0.3
2025-07-04 11:00:15,454 [INFO] ThirdParty:1030 - CMSIS Pack Vendor :STMicroelectronics FP-SNS-FLIGHT1 5.0.2
2025-07-04 11:00:15,454 [INFO] ThirdParty:1030 - CMSIS Pack Vendor :Cesanta I-CUBE-Mongoose 7.13.0
2025-07-04 11:00:15,454 [INFO] ThirdParty:1030 - CMSIS Pack Vendor :STMicroelectronics USB_HOST 1.0.0
2025-07-04 11:00:15,454 [INFO] ThirdParty:1030 - CMSIS Pack Vendor :Infineon AIROC-Wi-Fi-Bluetooth-STM32 1.7.0
2025-07-04 11:00:15,455 [INFO] ThirdParty:1030 - CMSIS Pack Vendor :STMicroelectronics X-CUBE-AZRTOS-G4 2.0.0
2025-07-04 11:00:15,455 [INFO] ThirdParty:1030 - CMSIS Pack Vendor :STMicroelectronics X-CUBE-WB05N 2.0.0
2025-07-04 11:00:15,455 [INFO] ThirdParty:1030 - CMSIS Pack Vendor :STMicroelectronics PDM2PCM 3.1.0
2025-07-04 11:00:15,455 [INFO] ThirdParty:1030 - CMSIS Pack Vendor :STMicroelectronics PDM2PCM 3.3.0
2025-07-04 11:00:15,455 [INFO] ThirdParty:1030 - CMSIS Pack Vendor :wolfSSL I-CUBE-wolfTPM 3.8.0
2025-07-04 11:00:15,455 [INFO] ThirdParty:1030 - CMSIS Pack Vendor :STMicroelectronics X-CUBE-DISPLAY 3.0.0
2025-07-04 11:00:15,455 [INFO] ThirdParty:1030 - CMSIS Pack Vendor :wolfSSL I-CUBE-wolfSSH 1.4.20
2025-07-04 11:00:15,455 [INFO] ThirdParty:1030 - CMSIS Pack Vendor :STMicroelectronics X-CUBE-NFC7 2.0.0
2025-07-04 11:00:15,455 [INFO] ThirdParty:1030 - CMSIS Pack Vendor :STMicroelectronics X-CUBE-TCPP 4.2.0
2025-07-04 11:00:15,455 [INFO] ThirdParty:1030 - CMSIS Pack Vendor :RealThread X-CUBE-RT-Thread_Nano 4.1.1
2025-07-04 11:00:15,455 [INFO] ThirdParty:1030 - CMSIS Pack Vendor :STMicroelectronics FP-ATR-SIGFOX1 3.2.0
2025-07-04 11:00:15,455 [INFO] ThirdParty:1030 - CMSIS Pack Vendor :STMicroelectronics X-CUBE-NFC10 1.0.0
2025-07-04 11:00:15,455 [INFO] ThirdParty:1030 - CMSIS Pack Vendor :STMicroelectronics X-CUBE-BLEMGR 4.0.0
2025-07-04 11:00:15,455 [INFO] ThirdParty:1030 - CMSIS Pack Vendor :STMicroelectronics X-CUBE-EEPRMA1 5.1.0
2025-07-04 11:00:15,455 [INFO] ThirdParty:1030 - CMSIS Pack Vendor :STMicroelectronics X-CUBE-FREERTOS 1.3.1
2025-07-04 11:00:15,456 [INFO] ThirdParty:1030 - CMSIS Pack Vendor :STMicroelectronics HAL Drivers 0.0.0
2025-07-04 11:00:15,456 [INFO] ThirdParty:1030 - CMSIS Pack Vendor :STMicroelectronics MBEDTLS 2.16.2
2025-07-04 11:00:15,456 [INFO] ThirdParty:1030 - CMSIS Pack Vendor :STMicroelectronics X-CUBE-IPS 3.1.0
2025-07-04 11:00:15,456 [INFO] ThirdParty:1030 - CMSIS Pack Vendor :STMicroelectronics X-CUBE-ALS 1.0.2
2025-07-04 11:00:15,456 [INFO] ThirdParty:1030 - CMSIS Pack Vendor :emotas I-CUBE-CANOPEN 1.3.0
2025-07-04 11:00:15,456 [INFO] ThirdParty:1030 - CMSIS Pack Vendor :STMicroelectronics X-CUBE-FREERTOS 1.3.0
2025-07-04 11:00:15,456 [INFO] ThirdParty:1030 - CMSIS Pack Vendor :STMicroelectronics X-CUBE-NFC7 1.0.1
2025-07-04 11:00:15,456 [INFO] ThirdParty:1030 - CMSIS Pack Vendor :STMicroelectronics MBEDTLS 2.14.1
2025-07-04 11:00:15,456 [INFO] ThirdParty:1030 - CMSIS Pack Vendor :wolfSSL I-CUBE-wolfSSL 5.7.6
2025-07-04 11:00:15,456 [INFO] ThirdParty:1030 - CMSIS Pack Vendor :ITTIA_DB I-CUBE-ITTIADB 8.9.0
2025-07-04 11:00:15,456 [INFO] ThirdParty:1030 - CMSIS Pack Vendor :STMicroelectronics X-CUBE-TOUCHGFX 4.24.2
2025-07-04 11:00:15,456 [INFO] ThirdParty:1030 - CMSIS Pack Vendor :portGmbH I-Cube-SoM-uGOAL 1.1.0
2025-07-04 11:00:15,456 [INFO] ThirdParty:1030 - CMSIS Pack Vendor :quantropi X-CUBE-qispace-sdk-base 2.0.0
2025-07-04 11:00:15,457 [INFO] ThirdParty:1030 - CMSIS Pack Vendor :STMicroelectronics X-CUBE-AI 10.0.0
2025-07-04 11:00:15,457 [INFO] ThirdParty:1030 - CMSIS Pack Vendor :STMicroelectronics X-CUBE-ST67W61 1.0.0
2025-07-04 11:00:15,457 [INFO] ThirdParty:1030 - CMSIS Pack Vendor :STMicroelectronics FP-SNS-STAIOTCFT 1.0.0
2025-07-04 11:00:15,457 [INFO] ThirdParty:1030 - CMSIS Pack Vendor :STMicroelectronics ThreadX 1.0.0
2025-07-04 11:00:15,457 [INFO] ThirdParty:1030 - CMSIS Pack Vendor :STMicroelectronics FP-SNS-SMARTAG2 1.2.0
2025-07-04 11:00:15,457 [INFO] ThirdParty:1030 - CMSIS Pack Vendor :STMicroelectronics FP-SNS-FLIGHT1 5.1.0
2025-07-04 11:00:15,457 [INFO] ThirdParty:1030 - CMSIS Pack Vendor :STMicroelectronics X-CUBE-MEMS1 11.1.0
2025-07-04 11:00:15,457 [INFO] ThirdParty:1030 - CMSIS Pack Vendor :STMicroelectronics X-CUBE-AZRTOS-WL 2.0.0
2025-07-04 11:00:15,457 [INFO] ThirdParty:1030 - CMSIS Pack Vendor :SEGGER I-CUBE-embOS 1.3.1
2025-07-04 11:00:15,457 [INFO] ThirdParty:1030 - CMSIS Pack Vendor :STMicroelectronics X-CUBE-ALGOBUILD 1.4.0
2025-07-04 11:00:15,457 [INFO] ThirdParty:1030 - CMSIS Pack Vendor :STMicroelectronics X-CUBE-DPower 1.3.0
2025-07-04 11:00:15,458 [INFO] ThirdParty:1030 - CMSIS Pack Vendor :STMicroelectronics X-CUBE-MEMS1 11.3.0
2025-07-04 11:00:15,458 [INFO] ThirdParty:1030 - CMSIS Pack Vendor :STMicroelectronics FP-SNS-MOTENV1 5.0.0
2025-07-04 11:00:15,458 [INFO] ThirdParty:1030 - CMSIS Pack Vendor :STMicroelectronics USB_DEVICE 1.0.0
2025-07-04 11:00:15,458 [INFO] ThirdParty:1030 - CMSIS Pack Vendor :STMicroelectronics X-CUBE-AZRTOS-H7RS 1.0.0
2025-07-04 11:00:15,458 [INFO] ThirdParty:1030 - CMSIS Pack Vendor :STMicroelectronics X-CUBE-AZRTOS-L4 2.0.0
2025-07-04 11:00:15,458 [INFO] ThirdParty:1030 - CMSIS Pack Vendor :STMicroelectronics ThreadX 0.0.2
2025-07-04 11:00:15,458 [INFO] ThirdParty:1030 - CMSIS Pack Vendor :WES I-CUBE-Cesium 1.3.0
2025-07-04 11:00:15,458 [INFO] ThirdParty:1030 - CMSIS Pack Vendor :STMicroelectronics lwIP 2.1.2
2025-07-04 11:00:15,458 [INFO] ThirdParty:1030 - CMSIS Pack Vendor :STMicroelectronics X-CUBE-SFXS2LP1 4.0.0
2025-07-04 11:00:15,458 [INFO] ThirdParty:1030 - CMSIS Pack Vendor :STMicroelectronics X-CUBE-BLE2 3.3.0
2025-07-04 11:00:15,458 [INFO] ThirdParty:1030 - CMSIS Pack Vendor :STMicroelectronics X-CUBE-TOF1 3.4.2
2025-07-04 11:00:15,458 [INFO] ThirdParty:1030 - CMSIS Pack Vendor :STMicroelectronics X-CUBE-TOF1 3.4.3
2025-07-04 11:00:15,458 [INFO] ThirdParty:1030 - CMSIS Pack Vendor :STMicroelectronics PDM2PCM 3.2.0
2025-07-04 11:00:15,459 [INFO] ThirdParty:841 - exiting critical section [change project]
2025-07-04 11:00:16,246 [INFO] PinOutPanel:1589 - setPackage(No Configuration,No Configuration)
2025-07-04 11:00:16,247 [INFO] PinOutPanel:1589 - setPackage(STM32H743VITx,LQFP100)
2025-07-04 11:00:16,980 [INFO] UtilMem:75 - Before build in PCC Used Memory: 1000687888 Bytes (1073741824)
2025-07-04 11:00:17,307 [INFO] UtilMem:75 - After build in PCC Used Memory: 804256960 Bytes (1073741824)
2025-07-04 11:00:17,314 [INFO] ApiDbMcu:508 - Load IP Config File for FREERTOS
2025-07-04 11:00:17,351 [INFO] IPUIPlugin:80 - create IPUIPlugin
2025-07-04 11:00:17,351 [INFO] IPUIPlugin:80 - create IPUIPlugin
2025-07-04 11:00:17,351 [INFO] IPUIPlugin:80 - create IPUIPlugin
2025-07-04 11:00:17,351 [INFO] IPUIPlugin:80 - create IPUIPlugin
2025-07-04 11:00:17,351 [INFO] IPUIPlugin:80 - create IPUIPlugin
2025-07-04 11:00:17,351 [INFO] IPUIPlugin:80 - create IPUIPlugin
2025-07-04 11:00:17,351 [INFO] IPUIPlugin:80 - create IPUIPlugin
2025-07-04 11:00:17,352 [INFO] IPUIPlugin:80 - create IPUIPlugin
2025-07-04 11:00:17,352 [INFO] IPUIPlugin:80 - create IPUIPlugin
2025-07-04 11:00:17,352 [INFO] IPUIPlugin:80 - create IPUIPlugin
2025-07-04 11:00:17,352 [INFO] IPUIPlugin:80 - create IPUIPlugin
2025-07-04 11:00:17,352 [INFO] IPUIPlugin:80 - create IPUIPlugin
2025-07-04 11:00:17,352 [INFO] IPUIPlugin:80 - create IPUIPlugin
2025-07-04 11:00:17,352 [INFO] IPUIPlugin:80 - create IPUIPlugin
2025-07-04 11:00:17,352 [INFO] IPUIPlugin:80 - create IPUIPlugin
2025-07-04 11:00:17,353 [INFO] IPUIPlugin:80 - create IPUIPlugin
2025-07-04 11:00:17,353 [INFO] IPUIPlugin:80 - create IPUIPlugin
2025-07-04 11:00:17,353 [INFO] IPUIPlugin:80 - create IPUIPlugin
2025-07-04 11:00:17,353 [INFO] IPUIPlugin:80 - create IPUIPlugin
2025-07-04 11:00:17,353 [INFO] IPUIPlugin:80 - create IPUIPlugin
2025-07-04 11:00:17,353 [INFO] IPUIPlugin:80 - create IPUIPlugin
2025-07-04 11:00:17,353 [INFO] IPUIPlugin:80 - create IPUIPlugin
2025-07-04 11:00:17,354 [INFO] IPUIPlugin:80 - create IPUIPlugin
2025-07-04 11:00:17,354 [INFO] IPUIPlugin:80 - create IPUIPlugin
2025-07-04 11:00:17,354 [INFO] IPUIPlugin:80 - create IPUIPlugin
2025-07-04 11:00:17,354 [INFO] IPUIPlugin:80 - create IPUIPlugin
2025-07-04 11:00:17,354 [INFO] IPUIPlugin:80 - create IPUIPlugin
2025-07-04 11:00:17,355 [INFO] IPUIPlugin:80 - create IPUIPlugin
2025-07-04 11:00:17,355 [INFO] IPUIPlugin:80 - create IPUIPlugin
2025-07-04 11:00:17,355 [INFO] IPUIPlugin:80 - create IPUIPlugin
2025-07-04 11:00:17,355 [INFO] IPUIPlugin:80 - create IPUIPlugin
2025-07-04 11:00:17,355 [INFO] IPUIPlugin:80 - create IPUIPlugin
2025-07-04 11:00:17,355 [INFO] IPUIPlugin:80 - create IPUIPlugin
2025-07-04 11:00:17,356 [INFO] IPUIPlugin:80 - create IPUIPlugin
2025-07-04 11:00:17,356 [INFO] IPUIPlugin:80 - create IPUIPlugin
2025-07-04 11:00:17,356 [INFO] IPUIPlugin:80 - create IPUIPlugin
2025-07-04 11:00:17,356 [INFO] IPUIPlugin:80 - create IPUIPlugin
2025-07-04 11:00:17,357 [INFO] IPUIPlugin:80 - create IPUIPlugin
2025-07-04 11:00:17,357 [INFO] IPUIPlugin:80 - create IPUIPlugin
2025-07-04 11:00:17,357 [INFO] IPUIPlugin:80 - create IPUIPlugin
2025-07-04 11:00:17,357 [INFO] IPUIPlugin:80 - create IPUIPlugin
2025-07-04 11:00:17,357 [INFO] IPUIPlugin:80 - create IPUIPlugin
2025-07-04 11:00:17,358 [INFO] IPUIPlugin:80 - create IPUIPlugin
2025-07-04 11:00:17,358 [INFO] IPUIPlugin:80 - create IPUIPlugin
2025-07-04 11:00:17,358 [INFO] IPUIPlugin:80 - create IPUIPlugin
2025-07-04 11:00:17,358 [INFO] IPUIPlugin:80 - create IPUIPlugin
2025-07-04 11:00:17,358 [INFO] IPUIPlugin:80 - create IPUIPlugin
2025-07-04 11:00:17,359 [INFO] IPUIPlugin:80 - create IPUIPlugin
2025-07-04 11:00:17,359 [INFO] IPUIPlugin:80 - create IPUIPlugin
2025-07-04 11:00:17,359 [INFO] IPUIPlugin:80 - create IPUIPlugin
2025-07-04 11:00:17,359 [INFO] IPUIPlugin:80 - create IPUIPlugin
2025-07-04 11:00:17,359 [INFO] IPUIPlugin:80 - create IPUIPlugin
2025-07-04 11:00:17,360 [INFO] IPUIPlugin:80 - create IPUIPlugin
2025-07-04 11:00:17,360 [INFO] IPUIPlugin:80 - create IPUIPlugin
2025-07-04 11:00:17,360 [INFO] IPUIPlugin:80 - create IPUIPlugin
2025-07-04 11:00:17,361 [INFO] IPUIPlugin:80 - create IPUIPlugin
2025-07-04 11:00:17,361 [INFO] IPUIPlugin:80 - create IPUIPlugin
2025-07-04 11:00:17,361 [INFO] IPUIPlugin:80 - create IPUIPlugin
2025-07-04 11:00:17,361 [INFO] IPUIPlugin:80 - create IPUIPlugin
2025-07-04 11:00:17,362 [INFO] IPUIPlugin:80 - create IPUIPlugin
2025-07-04 11:00:17,362 [INFO] IPUIPlugin:80 - create IPUIPlugin
2025-07-04 11:00:17,362 [INFO] IPUIPlugin:80 - create IPUIPlugin
2025-07-04 11:00:17,362 [INFO] IPUIPlugin:80 - create IPUIPlugin
2025-07-04 11:00:17,363 [INFO] IPUIPlugin:80 - create IPUIPlugin
2025-07-04 11:00:17,363 [INFO] IPUIPlugin:80 - create IPUIPlugin
2025-07-04 11:00:17,363 [INFO] IPUIPlugin:80 - create IPUIPlugin
2025-07-04 11:00:17,363 [INFO] IPUIPlugin:80 - create IPUIPlugin
2025-07-04 11:00:17,364 [INFO] IPUIPlugin:80 - create IPUIPlugin
2025-07-04 11:00:17,364 [INFO] IPUIPlugin:80 - create IPUIPlugin
2025-07-04 11:00:17,364 [INFO] IPUIPlugin:80 - create IPUIPlugin
2025-07-04 11:00:17,365 [INFO] IPUIPlugin:80 - create IPUIPlugin
2025-07-04 11:00:17,365 [INFO] IPUIPlugin:80 - create IPUIPlugin
2025-07-04 11:00:17,365 [INFO] IPUIPlugin:80 - create IPUIPlugin
2025-07-04 11:00:17,366 [INFO] IPUIPlugin:80 - create IPUIPlugin
2025-07-04 11:00:17,366 [INFO] IPUIPlugin:80 - create IPUIPlugin
2025-07-04 11:00:17,366 [INFO] IPUIPlugin:80 - create IPUIPlugin
2025-07-04 11:00:17,367 [INFO] IPUIPlugin:80 - create IPUIPlugin
2025-07-04 11:00:17,367 [INFO] IPUIPlugin:80 - create IPUIPlugin
2025-07-04 11:00:17,367 [INFO] IPUIPlugin:80 - create IPUIPlugin
2025-07-04 11:00:17,368 [INFO] IPUIPlugin:80 - create IPUIPlugin
2025-07-04 11:00:17,369 [INFO] IPUIPlugin:80 - create IPUIPlugin
2025-07-04 11:00:17,369 [INFO] IPUIPlugin:80 - create IPUIPlugin
2025-07-04 11:00:17,369 [INFO] IPUIPlugin:80 - create IPUIPlugin
2025-07-04 11:00:17,370 [INFO] IPUIPlugin:80 - create IPUIPlugin
2025-07-04 11:00:17,370 [INFO] IPUIPlugin:80 - create IPUIPlugin
2025-07-04 11:00:17,371 [INFO] IPUIPlugin:80 - create IPUIPlugin
2025-07-04 11:00:17,371 [INFO] IPUIPlugin:80 - create IPUIPlugin
2025-07-04 11:00:17,371 [INFO] IPUIPlugin:80 - create IPUIPlugin
2025-07-04 11:00:17,372 [INFO] IPUIPlugin:80 - create IPUIPlugin
2025-07-04 11:00:17,372 [INFO] IPUIPlugin:80 - create IPUIPlugin
2025-07-04 11:00:17,372 [INFO] IPUIPlugin:80 - create IPUIPlugin
2025-07-04 11:00:17,373 [INFO] IPUIPlugin:80 - create IPUIPlugin
2025-07-04 11:00:17,373 [INFO] IPUIPlugin:80 - create IPUIPlugin
2025-07-04 11:00:17,374 [INFO] IPUIPlugin:80 - create IPUIPlugin
2025-07-04 11:00:17,374 [INFO] IPUIPlugin:80 - create IPUIPlugin
2025-07-04 11:00:17,375 [INFO] IPUIPlugin:80 - create IPUIPlugin
2025-07-04 11:00:17,375 [INFO] IPUIPlugin:80 - create IPUIPlugin
2025-07-04 11:00:17,379 [INFO] ApiDbMcu:508 - Load IP Config File for PDM2PCM
2025-07-04 11:00:17,400 [WARN] FreeRTOS:1023 - Null or empty value: should not occur! (nothing added to the table)
2025-07-04 11:00:17,473 [INFO] CADModel:165 - CPN selected for project levelSTM32H743VIT6
2025-07-04 11:00:17,473 [INFO] CADModel:114 - Register for checkConnection events
2025-07-04 11:00:17,475 [INFO] RtosManager:725 - Active RTOS found at IOC load: FREERTOS [Cortex-M7NS]
2025-07-04 11:00:17,521 [INFO] OpenFileManager:385 - Restore cursor
2025-07-04 11:02:35,248 [INFO] UtilMem:75 - End SaveConfig() Used Memory: 759862368 Bytes (1073741824)
2025-07-04 11:02:37,993 [INFO] UtilMem:75 - End SaveConfig() Used Memory: 815953360 Bytes (1073741824)
2025-07-04 11:02:38,778 [INFO] UtilMem:75 - End SaveConfig() Used Memory: 878842912 Bytes (1073741824)
2025-07-04 11:02:39,198 [INFO] BlockDiagram:2775 - set Specific Code input for plugin: SPI
2025-07-04 11:02:39,198 [INFO] BlockDiagram:2775 - set Specific Code input for plugin: FREERTOS
2025-07-04 11:02:39,198 [INFO] BlockDiagram:2775 - set Specific Code input for plugin: RCC
2025-07-04 11:02:39,198 [INFO] BlockDiagram:2775 - set Specific Code input for plugin: I2C
2025-07-04 11:02:39,198 [INFO] BlockDiagram:2775 - set Specific Code input for plugin: TIM1_8H7
2025-07-04 11:02:39,198 [INFO] BlockDiagram:2775 - set Specific Code input for plugin: TIM1_8H7
2025-07-04 11:02:39,198 [INFO] BlockDiagram:2775 - set Specific Code input for plugin: TIM1_8H7
2025-07-04 11:02:39,198 [INFO] BlockDiagram:2775 - set Specific Code input for plugin: MEMORYMAP
2025-07-04 11:02:39,199 [INFO] BlockDiagram:2775 - set Specific Code input for plugin: TIM1_8H7
2025-07-04 11:02:39,199 [INFO] BlockDiagram:2775 - set Specific Code input for plugin: TIM1_8H7
2025-07-04 11:02:39,199 [INFO] BlockDiagram:2775 - set Specific Code input for plugin: TIM1_8H7
2025-07-04 11:02:39,199 [INFO] BlockDiagram:2775 - set Specific Code input for plugin: ADC
2025-07-04 11:02:39,199 [INFO] BlockDiagram:2775 - set Specific Code input for plugin: SYS
2025-07-04 11:02:39,199 [INFO] BlockDiagram:2775 - set Specific Code input for plugin: ADC
2025-07-04 11:02:39,199 [INFO] BlockDiagram:2775 - set Specific Code input for plugin: NVIC
2025-07-04 11:02:39,199 [INFO] BlockDiagram:2775 - set Specific Code input for plugin: DMA
2025-07-04 11:02:39,199 [INFO] BlockDiagram:2775 - set Specific Code input for plugin: VREFBUF
2025-07-04 11:02:39,199 [INFO] BlockDiagram:2775 - set Specific Code input for plugin: UART
2025-07-04 11:02:39,199 [INFO] BlockDiagram:2775 - set Specific Code input for plugin: UART
2025-07-04 11:02:39,199 [INFO] BlockDiagram:2775 - set Specific Code input for plugin: DEBUG
2025-07-04 11:02:39,200 [INFO] BlockDiagram:2775 - set Specific Code input for plugin: GPIO
2025-07-04 11:02:39,201 [INFO] CodeGenerator:882 - code generatio: config db path: C:\ST\STM32CubeIDE_1.18.0\STM32CubeIDE\plugins\com.st.stm32cube.common.mx_6.14.0.202502271554\\db\
2025-07-04 11:02:39,277 [INFO] Argument:325 - Argument : hdmavalue: null
2025-07-04 11:02:39,277 [INFO] Argument:327 - 	 sub Args: 
2025-07-04 11:02:39,277 [INFO] Argument:325 - Argument : Instancevalue: DMA1_Stream0
2025-07-04 11:02:39,278 [INFO] Argument:335 - Argument : Instancevalue: DMA1_Stream0
2025-07-04 11:02:39,278 [INFO] Argument:325 - Argument : Initvalue: null
2025-07-04 11:02:39,278 [INFO] Argument:327 - 	 sub Args: 
2025-07-04 11:02:39,278 [INFO] Argument:325 - Argument : Requestvalue: DMA_REQUEST_TIM3_CH1
2025-07-04 11:02:39,278 [INFO] Argument:335 - Argument : Requestvalue: DMA_REQUEST_TIM3_CH1
2025-07-04 11:02:39,278 [INFO] Argument:325 - Argument : Directionvalue: DMA_MEMORY_TO_PERIPH
2025-07-04 11:02:39,278 [INFO] Argument:335 - Argument : Directionvalue: DMA_MEMORY_TO_PERIPH
2025-07-04 11:02:39,278 [INFO] Argument:325 - Argument : PeriphIncvalue: DMA_PINC_DISABLE
2025-07-04 11:02:39,279 [INFO] Argument:335 - Argument : PeriphIncvalue: DMA_PINC_DISABLE
2025-07-04 11:02:39,279 [INFO] Argument:325 - Argument : MemIncvalue: DMA_MINC_ENABLE
2025-07-04 11:02:39,279 [INFO] Argument:335 - Argument : MemIncvalue: DMA_MINC_ENABLE
2025-07-04 11:02:39,279 [INFO] Argument:325 - Argument : PeriphDataAlignmentvalue: DMA_PDATAALIGN_HALFWORD
2025-07-04 11:02:39,279 [INFO] Argument:335 - Argument : PeriphDataAlignmentvalue: DMA_PDATAALIGN_HALFWORD
2025-07-04 11:02:39,279 [INFO] Argument:325 - Argument : MemDataAlignmentvalue: DMA_MDATAALIGN_HALFWORD
2025-07-04 11:02:39,279 [INFO] Argument:335 - Argument : MemDataAlignmentvalue: DMA_MDATAALIGN_HALFWORD
2025-07-04 11:02:39,279 [INFO] Argument:325 - Argument : Modevalue: DMA_NORMAL
2025-07-04 11:02:39,279 [INFO] Argument:335 - Argument : Modevalue: DMA_NORMAL
2025-07-04 11:02:39,279 [INFO] Argument:325 - Argument : Priorityvalue: DMA_PRIORITY_HIGH
2025-07-04 11:02:39,279 [INFO] Argument:335 - Argument : Priorityvalue: DMA_PRIORITY_HIGH
2025-07-04 11:02:39,279 [INFO] Argument:325 - Argument : FIFOModevalue: DMA_FIFOMODE_DISABLE
2025-07-04 11:02:39,280 [INFO] Argument:335 - Argument : FIFOModevalue: DMA_FIFOMODE_DISABLE
2025-07-04 11:02:39,280 [INFO] Argument:325 - Argument : FIFOThresholdvalue: null
2025-07-04 11:02:39,280 [INFO] Argument:335 - Argument : FIFOThresholdvalue: null
2025-07-04 11:02:39,280 [INFO] Argument:325 - Argument : MemBurstvalue: null
2025-07-04 11:02:39,280 [INFO] Argument:335 - Argument : MemBurstvalue: null
2025-07-04 11:02:39,280 [INFO] Argument:325 - Argument : PeriphBurstvalue: null
2025-07-04 11:02:39,280 [INFO] Argument:335 - Argument : PeriphBurstvalue: null
2025-07-04 11:02:39,280 [INFO] Argument:325 - Argument : Lockvalue: null
2025-07-04 11:02:39,280 [INFO] Argument:335 - Argument : Lockvalue: null
2025-07-04 11:02:39,280 [INFO] Argument:325 - Argument : Statevalue: null
2025-07-04 11:02:39,280 [INFO] Argument:335 - Argument : Statevalue: null
2025-07-04 11:02:39,280 [INFO] Argument:325 - Argument : Parentvalue: null
2025-07-04 11:02:39,280 [INFO] Argument:335 - Argument : Parentvalue: null
2025-07-04 11:02:39,280 [INFO] Argument:325 - Argument : XferCpltCallbackvalue: null
2025-07-04 11:02:39,280 [INFO] Argument:335 - Argument : XferCpltCallbackvalue: null
2025-07-04 11:02:39,280 [INFO] Argument:325 - Argument : XferHalfCpltCallbackvalue: null
2025-07-04 11:02:39,280 [INFO] Argument:335 - Argument : XferHalfCpltCallbackvalue: null
2025-07-04 11:02:39,281 [INFO] Argument:325 - Argument : XferM1CpltCallbackvalue: null
2025-07-04 11:02:39,281 [INFO] Argument:335 - Argument : XferM1CpltCallbackvalue: null
2025-07-04 11:02:39,281 [INFO] Argument:325 - Argument : XferM1HalfCpltCallbackvalue: null
2025-07-04 11:02:39,281 [INFO] Argument:335 - Argument : XferM1HalfCpltCallbackvalue: null
2025-07-04 11:02:39,281 [INFO] Argument:325 - Argument : XferErrorCallbackvalue: null
2025-07-04 11:02:39,281 [INFO] Argument:335 - Argument : XferErrorCallbackvalue: null
2025-07-04 11:02:39,281 [INFO] Argument:325 - Argument : XferAbortCallbackvalue: null
2025-07-04 11:02:39,281 [INFO] Argument:335 - Argument : XferAbortCallbackvalue: null
2025-07-04 11:02:39,281 [INFO] Argument:325 - Argument : ErrorCodevalue: null
2025-07-04 11:02:39,281 [INFO] Argument:335 - Argument : ErrorCodevalue: null
2025-07-04 11:02:39,281 [INFO] Argument:325 - Argument : StreamBaseAddressvalue: null
2025-07-04 11:02:39,281 [INFO] Argument:335 - Argument : StreamBaseAddressvalue: null
2025-07-04 11:02:39,282 [INFO] Argument:325 - Argument : StreamIndexvalue: null
2025-07-04 11:02:39,282 [INFO] Argument:335 - Argument : StreamIndexvalue: null
2025-07-04 11:02:39,282 [INFO] Argument:325 - Argument : hdmavalue: null
2025-07-04 11:02:39,282 [INFO] Argument:327 - 	 sub Args: 
2025-07-04 11:02:39,282 [INFO] Argument:325 - Argument : Instancevalue: DMA1_Stream1
2025-07-04 11:02:39,282 [INFO] Argument:335 - Argument : Instancevalue: DMA1_Stream1
2025-07-04 11:02:39,282 [INFO] Argument:325 - Argument : Initvalue: null
2025-07-04 11:02:39,282 [INFO] Argument:327 - 	 sub Args: 
2025-07-04 11:02:39,283 [INFO] Argument:325 - Argument : Requestvalue: DMA_REQUEST_TIM3_CH2
2025-07-04 11:02:39,283 [INFO] Argument:335 - Argument : Requestvalue: DMA_REQUEST_TIM3_CH2
2025-07-04 11:02:39,283 [INFO] Argument:325 - Argument : Directionvalue: DMA_MEMORY_TO_PERIPH
2025-07-04 11:02:39,283 [INFO] Argument:335 - Argument : Directionvalue: DMA_MEMORY_TO_PERIPH
2025-07-04 11:02:39,283 [INFO] Argument:325 - Argument : PeriphIncvalue: DMA_PINC_DISABLE
2025-07-04 11:02:39,283 [INFO] Argument:335 - Argument : PeriphIncvalue: DMA_PINC_DISABLE
2025-07-04 11:02:39,283 [INFO] Argument:325 - Argument : MemIncvalue: DMA_MINC_ENABLE
2025-07-04 11:02:39,283 [INFO] Argument:335 - Argument : MemIncvalue: DMA_MINC_ENABLE
2025-07-04 11:02:39,283 [INFO] Argument:325 - Argument : PeriphDataAlignmentvalue: DMA_PDATAALIGN_HALFWORD
2025-07-04 11:02:39,283 [INFO] Argument:335 - Argument : PeriphDataAlignmentvalue: DMA_PDATAALIGN_HALFWORD
2025-07-04 11:02:39,283 [INFO] Argument:325 - Argument : MemDataAlignmentvalue: DMA_MDATAALIGN_HALFWORD
2025-07-04 11:02:39,283 [INFO] Argument:335 - Argument : MemDataAlignmentvalue: DMA_MDATAALIGN_HALFWORD
2025-07-04 11:02:39,283 [INFO] Argument:325 - Argument : Modevalue: DMA_NORMAL
2025-07-04 11:02:39,283 [INFO] Argument:335 - Argument : Modevalue: DMA_NORMAL
2025-07-04 11:02:39,284 [INFO] Argument:325 - Argument : Priorityvalue: DMA_PRIORITY_HIGH
2025-07-04 11:02:39,284 [INFO] Argument:335 - Argument : Priorityvalue: DMA_PRIORITY_HIGH
2025-07-04 11:02:39,284 [INFO] Argument:325 - Argument : FIFOModevalue: DMA_FIFOMODE_DISABLE
2025-07-04 11:02:39,284 [INFO] Argument:335 - Argument : FIFOModevalue: DMA_FIFOMODE_DISABLE
2025-07-04 11:02:39,284 [INFO] Argument:325 - Argument : FIFOThresholdvalue: null
2025-07-04 11:02:39,284 [INFO] Argument:335 - Argument : FIFOThresholdvalue: null
2025-07-04 11:02:39,284 [INFO] Argument:325 - Argument : MemBurstvalue: null
2025-07-04 11:02:39,284 [INFO] Argument:335 - Argument : MemBurstvalue: null
2025-07-04 11:02:39,284 [INFO] Argument:325 - Argument : PeriphBurstvalue: null
2025-07-04 11:02:39,284 [INFO] Argument:335 - Argument : PeriphBurstvalue: null
2025-07-04 11:02:39,284 [INFO] Argument:325 - Argument : Lockvalue: null
2025-07-04 11:02:39,284 [INFO] Argument:335 - Argument : Lockvalue: null
2025-07-04 11:02:39,284 [INFO] Argument:325 - Argument : Statevalue: null
2025-07-04 11:02:39,284 [INFO] Argument:335 - Argument : Statevalue: null
2025-07-04 11:02:39,284 [INFO] Argument:325 - Argument : Parentvalue: null
2025-07-04 11:02:39,284 [INFO] Argument:335 - Argument : Parentvalue: null
2025-07-04 11:02:39,285 [INFO] Argument:325 - Argument : XferCpltCallbackvalue: null
2025-07-04 11:02:39,285 [INFO] Argument:335 - Argument : XferCpltCallbackvalue: null
2025-07-04 11:02:39,285 [INFO] Argument:325 - Argument : XferHalfCpltCallbackvalue: null
2025-07-04 11:02:39,285 [INFO] Argument:335 - Argument : XferHalfCpltCallbackvalue: null
2025-07-04 11:02:39,285 [INFO] Argument:325 - Argument : XferM1CpltCallbackvalue: null
2025-07-04 11:02:39,285 [INFO] Argument:335 - Argument : XferM1CpltCallbackvalue: null
2025-07-04 11:02:39,285 [INFO] Argument:325 - Argument : XferM1HalfCpltCallbackvalue: null
2025-07-04 11:02:39,285 [INFO] Argument:335 - Argument : XferM1HalfCpltCallbackvalue: null
2025-07-04 11:02:39,285 [INFO] Argument:325 - Argument : XferErrorCallbackvalue: null
2025-07-04 11:02:39,285 [INFO] Argument:335 - Argument : XferErrorCallbackvalue: null
2025-07-04 11:02:39,285 [INFO] Argument:325 - Argument : XferAbortCallbackvalue: null
2025-07-04 11:02:39,285 [INFO] Argument:335 - Argument : XferAbortCallbackvalue: null
2025-07-04 11:02:39,285 [INFO] Argument:325 - Argument : ErrorCodevalue: null
2025-07-04 11:02:39,285 [INFO] Argument:335 - Argument : ErrorCodevalue: null
2025-07-04 11:02:39,285 [INFO] Argument:325 - Argument : StreamBaseAddressvalue: null
2025-07-04 11:02:39,285 [INFO] Argument:335 - Argument : StreamBaseAddressvalue: null
2025-07-04 11:02:39,285 [INFO] Argument:325 - Argument : StreamIndexvalue: null
2025-07-04 11:02:39,286 [INFO] Argument:335 - Argument : StreamIndexvalue: null
2025-07-04 11:02:39,310 [INFO] Argument:325 - Argument : hdmavalue: null
2025-07-04 11:02:39,310 [INFO] Argument:327 - 	 sub Args: 
2025-07-04 11:02:39,310 [INFO] Argument:325 - Argument : Instancevalue: DMA1_Stream3
2025-07-04 11:02:39,310 [INFO] Argument:335 - Argument : Instancevalue: DMA1_Stream3
2025-07-04 11:02:39,310 [INFO] Argument:325 - Argument : Initvalue: null
2025-07-04 11:02:39,310 [INFO] Argument:327 - 	 sub Args: 
2025-07-04 11:02:39,310 [INFO] Argument:325 - Argument : Requestvalue: DMA_REQUEST_TIM15_UP
2025-07-04 11:02:39,310 [INFO] Argument:335 - Argument : Requestvalue: DMA_REQUEST_TIM15_UP
2025-07-04 11:02:39,310 [INFO] Argument:325 - Argument : Directionvalue: DMA_PERIPH_TO_MEMORY
2025-07-04 11:02:39,310 [INFO] Argument:335 - Argument : Directionvalue: DMA_PERIPH_TO_MEMORY
2025-07-04 11:02:39,310 [INFO] Argument:325 - Argument : PeriphIncvalue: DMA_PINC_DISABLE
2025-07-04 11:02:39,310 [INFO] Argument:335 - Argument : PeriphIncvalue: DMA_PINC_DISABLE
2025-07-04 11:02:39,310 [INFO] Argument:325 - Argument : MemIncvalue: DMA_MINC_ENABLE
2025-07-04 11:02:39,310 [INFO] Argument:335 - Argument : MemIncvalue: DMA_MINC_ENABLE
2025-07-04 11:02:39,311 [INFO] Argument:325 - Argument : PeriphDataAlignmentvalue: DMA_PDATAALIGN_HALFWORD
2025-07-04 11:02:39,311 [INFO] Argument:335 - Argument : PeriphDataAlignmentvalue: DMA_PDATAALIGN_HALFWORD
2025-07-04 11:02:39,311 [INFO] Argument:325 - Argument : MemDataAlignmentvalue: DMA_MDATAALIGN_HALFWORD
2025-07-04 11:02:39,311 [INFO] Argument:335 - Argument : MemDataAlignmentvalue: DMA_MDATAALIGN_HALFWORD
2025-07-04 11:02:39,311 [INFO] Argument:325 - Argument : Modevalue: DMA_NORMAL
2025-07-04 11:02:39,311 [INFO] Argument:335 - Argument : Modevalue: DMA_NORMAL
2025-07-04 11:02:39,311 [INFO] Argument:325 - Argument : Priorityvalue: DMA_PRIORITY_VERY_HIGH
2025-07-04 11:02:39,311 [INFO] Argument:335 - Argument : Priorityvalue: DMA_PRIORITY_VERY_HIGH
2025-07-04 11:02:39,311 [INFO] Argument:325 - Argument : FIFOModevalue: DMA_FIFOMODE_DISABLE
2025-07-04 11:02:39,311 [INFO] Argument:335 - Argument : FIFOModevalue: DMA_FIFOMODE_DISABLE
2025-07-04 11:02:39,311 [INFO] Argument:325 - Argument : FIFOThresholdvalue: null
2025-07-04 11:02:39,311 [INFO] Argument:335 - Argument : FIFOThresholdvalue: null
2025-07-04 11:02:39,311 [INFO] Argument:325 - Argument : MemBurstvalue: null
2025-07-04 11:02:39,311 [INFO] Argument:335 - Argument : MemBurstvalue: null
2025-07-04 11:02:39,311 [INFO] Argument:325 - Argument : PeriphBurstvalue: null
2025-07-04 11:02:39,311 [INFO] Argument:335 - Argument : PeriphBurstvalue: null
2025-07-04 11:02:39,311 [INFO] Argument:325 - Argument : Lockvalue: null
2025-07-04 11:02:39,311 [INFO] Argument:335 - Argument : Lockvalue: null
2025-07-04 11:02:39,311 [INFO] Argument:325 - Argument : Statevalue: null
2025-07-04 11:02:39,311 [INFO] Argument:335 - Argument : Statevalue: null
2025-07-04 11:02:39,311 [INFO] Argument:325 - Argument : Parentvalue: null
2025-07-04 11:02:39,312 [INFO] Argument:335 - Argument : Parentvalue: null
2025-07-04 11:02:39,312 [INFO] Argument:325 - Argument : XferCpltCallbackvalue: null
2025-07-04 11:02:39,312 [INFO] Argument:335 - Argument : XferCpltCallbackvalue: null
2025-07-04 11:02:39,312 [INFO] Argument:325 - Argument : XferHalfCpltCallbackvalue: null
2025-07-04 11:02:39,312 [INFO] Argument:335 - Argument : XferHalfCpltCallbackvalue: null
2025-07-04 11:02:39,312 [INFO] Argument:325 - Argument : XferM1CpltCallbackvalue: null
2025-07-04 11:02:39,312 [INFO] Argument:335 - Argument : XferM1CpltCallbackvalue: null
2025-07-04 11:02:39,312 [INFO] Argument:325 - Argument : XferM1HalfCpltCallbackvalue: null
2025-07-04 11:02:39,312 [INFO] Argument:335 - Argument : XferM1HalfCpltCallbackvalue: null
2025-07-04 11:02:39,312 [INFO] Argument:325 - Argument : XferErrorCallbackvalue: null
2025-07-04 11:02:39,312 [INFO] Argument:335 - Argument : XferErrorCallbackvalue: null
2025-07-04 11:02:39,312 [INFO] Argument:325 - Argument : XferAbortCallbackvalue: null
2025-07-04 11:02:39,312 [INFO] Argument:335 - Argument : XferAbortCallbackvalue: null
2025-07-04 11:02:39,312 [INFO] Argument:325 - Argument : ErrorCodevalue: null
2025-07-04 11:02:39,312 [INFO] Argument:335 - Argument : ErrorCodevalue: null
2025-07-04 11:02:39,312 [INFO] Argument:325 - Argument : StreamBaseAddressvalue: null
2025-07-04 11:02:39,312 [INFO] Argument:335 - Argument : StreamBaseAddressvalue: null
2025-07-04 11:02:39,312 [INFO] Argument:325 - Argument : StreamIndexvalue: null
2025-07-04 11:02:39,312 [INFO] Argument:335 - Argument : StreamIndexvalue: null
2025-07-04 11:02:39,319 [INFO] Argument:325 - Argument : hdmavalue: null
2025-07-04 11:02:39,319 [INFO] Argument:327 - 	 sub Args: 
2025-07-04 11:02:39,319 [INFO] Argument:325 - Argument : Instancevalue: DMA1_Stream2
2025-07-04 11:02:39,319 [INFO] Argument:335 - Argument : Instancevalue: DMA1_Stream2
2025-07-04 11:02:39,319 [INFO] Argument:325 - Argument : Initvalue: null
2025-07-04 11:02:39,319 [INFO] Argument:327 - 	 sub Args: 
2025-07-04 11:02:39,319 [INFO] Argument:325 - Argument : Requestvalue: DMA_REQUEST_TIM16_UP
2025-07-04 11:02:39,319 [INFO] Argument:335 - Argument : Requestvalue: DMA_REQUEST_TIM16_UP
2025-07-04 11:02:39,319 [INFO] Argument:325 - Argument : Directionvalue: DMA_PERIPH_TO_MEMORY
2025-07-04 11:02:39,319 [INFO] Argument:335 - Argument : Directionvalue: DMA_PERIPH_TO_MEMORY
2025-07-04 11:02:39,319 [INFO] Argument:325 - Argument : PeriphIncvalue: DMA_PINC_DISABLE
2025-07-04 11:02:39,319 [INFO] Argument:335 - Argument : PeriphIncvalue: DMA_PINC_DISABLE
2025-07-04 11:02:39,319 [INFO] Argument:325 - Argument : MemIncvalue: DMA_MINC_ENABLE
2025-07-04 11:02:39,319 [INFO] Argument:335 - Argument : MemIncvalue: DMA_MINC_ENABLE
2025-07-04 11:02:39,319 [INFO] Argument:325 - Argument : PeriphDataAlignmentvalue: DMA_PDATAALIGN_HALFWORD
2025-07-04 11:02:39,319 [INFO] Argument:335 - Argument : PeriphDataAlignmentvalue: DMA_PDATAALIGN_HALFWORD
2025-07-04 11:02:39,319 [INFO] Argument:325 - Argument : MemDataAlignmentvalue: DMA_MDATAALIGN_HALFWORD
2025-07-04 11:02:39,319 [INFO] Argument:335 - Argument : MemDataAlignmentvalue: DMA_MDATAALIGN_HALFWORD
2025-07-04 11:02:39,320 [INFO] Argument:325 - Argument : Modevalue: DMA_NORMAL
2025-07-04 11:02:39,320 [INFO] Argument:335 - Argument : Modevalue: DMA_NORMAL
2025-07-04 11:02:39,320 [INFO] Argument:325 - Argument : Priorityvalue: DMA_PRIORITY_VERY_HIGH
2025-07-04 11:02:39,320 [INFO] Argument:335 - Argument : Priorityvalue: DMA_PRIORITY_VERY_HIGH
2025-07-04 11:02:39,320 [INFO] Argument:325 - Argument : FIFOModevalue: DMA_FIFOMODE_DISABLE
2025-07-04 11:02:39,320 [INFO] Argument:335 - Argument : FIFOModevalue: DMA_FIFOMODE_DISABLE
2025-07-04 11:02:39,320 [INFO] Argument:325 - Argument : FIFOThresholdvalue: null
2025-07-04 11:02:39,320 [INFO] Argument:335 - Argument : FIFOThresholdvalue: null
2025-07-04 11:02:39,320 [INFO] Argument:325 - Argument : MemBurstvalue: null
2025-07-04 11:02:39,320 [INFO] Argument:335 - Argument : MemBurstvalue: null
2025-07-04 11:02:39,320 [INFO] Argument:325 - Argument : PeriphBurstvalue: null
2025-07-04 11:02:39,320 [INFO] Argument:335 - Argument : PeriphBurstvalue: null
2025-07-04 11:02:39,320 [INFO] Argument:325 - Argument : Lockvalue: null
2025-07-04 11:02:39,320 [INFO] Argument:335 - Argument : Lockvalue: null
2025-07-04 11:02:39,320 [INFO] Argument:325 - Argument : Statevalue: null
2025-07-04 11:02:39,320 [INFO] Argument:335 - Argument : Statevalue: null
2025-07-04 11:02:39,321 [INFO] Argument:325 - Argument : Parentvalue: null
2025-07-04 11:02:39,321 [INFO] Argument:335 - Argument : Parentvalue: null
2025-07-04 11:02:39,321 [INFO] Argument:325 - Argument : XferCpltCallbackvalue: null
2025-07-04 11:02:39,321 [INFO] Argument:335 - Argument : XferCpltCallbackvalue: null
2025-07-04 11:02:39,321 [INFO] Argument:325 - Argument : XferHalfCpltCallbackvalue: null
2025-07-04 11:02:39,321 [INFO] Argument:335 - Argument : XferHalfCpltCallbackvalue: null
2025-07-04 11:02:39,321 [INFO] Argument:325 - Argument : XferM1CpltCallbackvalue: null
2025-07-04 11:02:39,321 [INFO] Argument:335 - Argument : XferM1CpltCallbackvalue: null
2025-07-04 11:02:39,321 [INFO] Argument:325 - Argument : XferM1HalfCpltCallbackvalue: null
2025-07-04 11:02:39,321 [INFO] Argument:335 - Argument : XferM1HalfCpltCallbackvalue: null
2025-07-04 11:02:39,321 [INFO] Argument:325 - Argument : XferErrorCallbackvalue: null
2025-07-04 11:02:39,321 [INFO] Argument:335 - Argument : XferErrorCallbackvalue: null
2025-07-04 11:02:39,321 [INFO] Argument:325 - Argument : XferAbortCallbackvalue: null
2025-07-04 11:02:39,321 [INFO] Argument:335 - Argument : XferAbortCallbackvalue: null
2025-07-04 11:02:39,321 [INFO] Argument:325 - Argument : ErrorCodevalue: null
2025-07-04 11:02:39,321 [INFO] Argument:335 - Argument : ErrorCodevalue: null
2025-07-04 11:02:39,321 [INFO] Argument:325 - Argument : StreamBaseAddressvalue: null
2025-07-04 11:02:39,322 [INFO] Argument:335 - Argument : StreamBaseAddressvalue: null
2025-07-04 11:02:39,322 [INFO] Argument:325 - Argument : StreamIndexvalue: null
2025-07-04 11:02:39,322 [INFO] Argument:335 - Argument : StreamIndexvalue: null
2025-07-04 11:02:39,458 [INFO] CodeEngine:263 - oldGeneratedFile, C:\Users\marcv\Desktop\X1-Thorn\1_Code\3_STM32\0_workspace\X1_Thorn_v3\MXTmpFiles\license.tmp_save
2025-07-04 11:02:39,698 [INFO] CodeEngine:287 - Generated code: C:\Users\marcv\Desktop\X1-Thorn\1_Code\3_STM32\0_workspace\X1_Thorn_v3\MXTmpFiles\license.tmp
2025-07-04 11:02:39,862 [INFO] CodeEngine:263 - oldGeneratedFile, C:\Users\marcv\Desktop\X1-Thorn\1_Code\3_STM32\0_workspace\X1_Thorn_v3\Core\Src\gpio.c_save
2025-07-04 11:02:40,043 [INFO] CodeEngine:287 - Generated code: C:\Users\marcv\Desktop\X1-Thorn\1_Code\3_STM32\0_workspace\X1_Thorn_v3\Core\Src\gpio.c
2025-07-04 11:02:40,053 [INFO] CodeEngine:263 - oldGeneratedFile, C:\Users\marcv\Desktop\X1-Thorn\1_Code\3_STM32\0_workspace\X1_Thorn_v3\Core\Inc\gpio.h_save
2025-07-04 11:02:40,143 [INFO] CodeEngine:287 - Generated code: C:\Users\marcv\Desktop\X1-Thorn\1_Code\3_STM32\0_workspace\X1_Thorn_v3\Core\Inc\gpio.h
2025-07-04 11:02:40,535 [WARN] IPConfigManager:103 - WARNING: Missing Config File for DEBUG ip!!
2025-07-04 11:02:40,903 [WARN] IPConfigManager:103 - WARNING: Missing Config File for MEMORYMAP ip!!
2025-07-04 11:02:42,602 [INFO] Middleware:1452 - No code input for Bsp Dependency
2025-07-04 11:02:42,612 [INFO] CodeEngine:263 - oldGeneratedFile, C:\Users\marcv\Desktop\X1-Thorn\1_Code\3_STM32\0_workspace\X1_Thorn_v3\MXTmpFiles\rtos_inc.tmp_save
2025-07-04 11:02:42,694 [INFO] CodeEngine:287 - Generated code: C:\Users\marcv\Desktop\X1-Thorn\1_Code\3_STM32\0_workspace\X1_Thorn_v3\MXTmpFiles\rtos_inc.tmp
2025-07-04 11:02:42,699 [INFO] CodeEngine:263 - oldGeneratedFile, C:\Users\marcv\Desktop\X1-Thorn\1_Code\3_STM32\0_workspace\X1_Thorn_v3\MXTmpFiles\rtos_kernelInit.tmp_save
2025-07-04 11:02:42,770 [INFO] CodeEngine:287 - Generated code: C:\Users\marcv\Desktop\X1-Thorn\1_Code\3_STM32\0_workspace\X1_Thorn_v3\MXTmpFiles\rtos_kernelInit.tmp
2025-07-04 11:02:42,776 [INFO] CodeEngine:263 - oldGeneratedFile, C:\Users\marcv\Desktop\X1-Thorn\1_Code\3_STM32\0_workspace\X1_Thorn_v3\MXTmpFiles\rtos_kernelStart.tmp_save
2025-07-04 11:02:42,848 [INFO] CodeEngine:287 - Generated code: C:\Users\marcv\Desktop\X1-Thorn\1_Code\3_STM32\0_workspace\X1_Thorn_v3\MXTmpFiles\rtos_kernelStart.tmp
2025-07-04 11:02:42,853 [INFO] CodeEngine:263 - oldGeneratedFile, C:\Users\marcv\Desktop\X1-Thorn\1_Code\3_STM32\0_workspace\X1_Thorn_v3\MXTmpFiles\rtos_typedefs.tmp_save
2025-07-04 11:02:42,921 [INFO] CodeEngine:287 - Generated code: C:\Users\marcv\Desktop\X1-Thorn\1_Code\3_STM32\0_workspace\X1_Thorn_v3\MXTmpFiles\rtos_typedefs.tmp
2025-07-04 11:02:42,928 [INFO] CodeEngine:263 - oldGeneratedFile, C:\Users\marcv\Desktop\X1-Thorn\1_Code\3_STM32\0_workspace\X1_Thorn_v3\MXTmpFiles\rtos_vars.tmp_save
2025-07-04 11:02:43,007 [INFO] CodeEngine:287 - Generated code: C:\Users\marcv\Desktop\X1-Thorn\1_Code\3_STM32\0_workspace\X1_Thorn_v3\MXTmpFiles\rtos_vars.tmp
2025-07-04 11:02:43,013 [INFO] CodeEngine:263 - oldGeneratedFile, C:\Users\marcv\Desktop\X1-Thorn\1_Code\3_STM32\0_workspace\X1_Thorn_v3\MXTmpFiles\rtos_pfp.tmp_save
2025-07-04 11:02:43,075 [INFO] CodeEngine:287 - Generated code: C:\Users\marcv\Desktop\X1-Thorn\1_Code\3_STM32\0_workspace\X1_Thorn_v3\MXTmpFiles\rtos_pfp.tmp
2025-07-04 11:02:43,080 [INFO] CodeEngine:263 - oldGeneratedFile, C:\Users\marcv\Desktop\X1-Thorn\1_Code\3_STM32\0_workspace\X1_Thorn_v3\MXTmpFiles\rtos_obj_creat.tmp_save
2025-07-04 11:02:43,152 [INFO] CodeEngine:287 - Generated code: C:\Users\marcv\Desktop\X1-Thorn\1_Code\3_STM32\0_workspace\X1_Thorn_v3\MXTmpFiles\rtos_obj_creat.tmp
2025-07-04 11:02:43,159 [INFO] CodeEngine:263 - oldGeneratedFile, C:\Users\marcv\Desktop\X1-Thorn\1_Code\3_STM32\0_workspace\X1_Thorn_v3\MXTmpFiles\rtos_default_thread.tmp_save
2025-07-04 11:02:43,210 [INFO] CodeEngine:287 - Generated code: C:\Users\marcv\Desktop\X1-Thorn\1_Code\3_STM32\0_workspace\X1_Thorn_v3\MXTmpFiles\rtos_default_thread.tmp
2025-07-04 11:02:43,215 [INFO] CodeEngine:263 - oldGeneratedFile, C:\Users\marcv\Desktop\X1-Thorn\1_Code\3_STM32\0_workspace\X1_Thorn_v3\MXTmpFiles\rtos_threads.tmp_save
2025-07-04 11:02:43,275 [INFO] CodeEngine:287 - Generated code: C:\Users\marcv\Desktop\X1-Thorn\1_Code\3_STM32\0_workspace\X1_Thorn_v3\MXTmpFiles\rtos_threads.tmp
2025-07-04 11:02:43,308 [INFO] Middleware:1452 - No code input for Bsp Dependency
2025-07-04 11:02:43,318 [INFO] CodeEngine:263 - oldGeneratedFile, C:\Users\marcv\Desktop\X1-Thorn\1_Code\3_STM32\0_workspace\X1_Thorn_v3\MXTmpFiles\rtos_inc.tmp_save
2025-07-04 11:02:43,384 [INFO] CodeEngine:287 - Generated code: C:\Users\marcv\Desktop\X1-Thorn\1_Code\3_STM32\0_workspace\X1_Thorn_v3\MXTmpFiles\rtos_inc.tmp
2025-07-04 11:02:43,391 [INFO] CodeEngine:263 - oldGeneratedFile, C:\Users\marcv\Desktop\X1-Thorn\1_Code\3_STM32\0_workspace\X1_Thorn_v3\MXTmpFiles\rtos_kernelInit.tmp_save
2025-07-04 11:02:43,442 [INFO] CodeEngine:287 - Generated code: C:\Users\marcv\Desktop\X1-Thorn\1_Code\3_STM32\0_workspace\X1_Thorn_v3\MXTmpFiles\rtos_kernelInit.tmp
2025-07-04 11:02:43,449 [INFO] CodeEngine:263 - oldGeneratedFile, C:\Users\marcv\Desktop\X1-Thorn\1_Code\3_STM32\0_workspace\X1_Thorn_v3\MXTmpFiles\rtos_kernelStart.tmp_save
2025-07-04 11:02:43,500 [INFO] CodeEngine:287 - Generated code: C:\Users\marcv\Desktop\X1-Thorn\1_Code\3_STM32\0_workspace\X1_Thorn_v3\MXTmpFiles\rtos_kernelStart.tmp
2025-07-04 11:02:43,509 [INFO] CodeEngine:263 - oldGeneratedFile, C:\Users\marcv\Desktop\X1-Thorn\1_Code\3_STM32\0_workspace\X1_Thorn_v3\MXTmpFiles\rtos_typedefs.tmp_save
2025-07-04 11:02:43,562 [INFO] CodeEngine:287 - Generated code: C:\Users\marcv\Desktop\X1-Thorn\1_Code\3_STM32\0_workspace\X1_Thorn_v3\MXTmpFiles\rtos_typedefs.tmp
2025-07-04 11:02:43,579 [INFO] CodeEngine:263 - oldGeneratedFile, C:\Users\marcv\Desktop\X1-Thorn\1_Code\3_STM32\0_workspace\X1_Thorn_v3\MXTmpFiles\rtos_vars.tmp_save
2025-07-04 11:02:43,633 [INFO] CodeEngine:287 - Generated code: C:\Users\marcv\Desktop\X1-Thorn\1_Code\3_STM32\0_workspace\X1_Thorn_v3\MXTmpFiles\rtos_vars.tmp
2025-07-04 11:02:43,641 [INFO] CodeEngine:263 - oldGeneratedFile, C:\Users\marcv\Desktop\X1-Thorn\1_Code\3_STM32\0_workspace\X1_Thorn_v3\MXTmpFiles\rtos_pfp.tmp_save
2025-07-04 11:02:43,693 [INFO] CodeEngine:287 - Generated code: C:\Users\marcv\Desktop\X1-Thorn\1_Code\3_STM32\0_workspace\X1_Thorn_v3\MXTmpFiles\rtos_pfp.tmp
2025-07-04 11:02:43,709 [INFO] CodeEngine:263 - oldGeneratedFile, C:\Users\marcv\Desktop\X1-Thorn\1_Code\3_STM32\0_workspace\X1_Thorn_v3\MXTmpFiles\rtos_obj_creat.tmp_save
2025-07-04 11:02:43,765 [INFO] CodeEngine:287 - Generated code: C:\Users\marcv\Desktop\X1-Thorn\1_Code\3_STM32\0_workspace\X1_Thorn_v3\MXTmpFiles\rtos_obj_creat.tmp
2025-07-04 11:02:43,772 [INFO] CodeEngine:263 - oldGeneratedFile, C:\Users\marcv\Desktop\X1-Thorn\1_Code\3_STM32\0_workspace\X1_Thorn_v3\MXTmpFiles\rtos_default_thread.tmp_save
2025-07-04 11:02:43,823 [INFO] CodeEngine:287 - Generated code: C:\Users\marcv\Desktop\X1-Thorn\1_Code\3_STM32\0_workspace\X1_Thorn_v3\MXTmpFiles\rtos_default_thread.tmp
2025-07-04 11:02:43,830 [INFO] CodeEngine:263 - oldGeneratedFile, C:\Users\marcv\Desktop\X1-Thorn\1_Code\3_STM32\0_workspace\X1_Thorn_v3\MXTmpFiles\rtos_threads.tmp_save
2025-07-04 11:02:43,886 [INFO] CodeEngine:287 - Generated code: C:\Users\marcv\Desktop\X1-Thorn\1_Code\3_STM32\0_workspace\X1_Thorn_v3\MXTmpFiles\rtos_threads.tmp
2025-07-04 11:02:43,903 [INFO] CodeEngine:263 - oldGeneratedFile, C:\Users\marcv\Desktop\X1-Thorn\1_Code\3_STM32\0_workspace\X1_Thorn_v3\Core\Inc\FreeRTOSConfig.h_save
2025-07-04 11:02:43,976 [INFO] CodeEngine:287 - Generated code: C:\Users\marcv\Desktop\X1-Thorn\1_Code\3_STM32\0_workspace\X1_Thorn_v3\Core\Inc\FreeRTOSConfig.h
2025-07-04 11:02:43,995 [INFO] CodeEngine:263 - oldGeneratedFile, C:\Users\marcv\Desktop\X1-Thorn\1_Code\3_STM32\0_workspace\X1_Thorn_v3\Core\Src\freertos.c_save
2025-07-04 11:02:44,083 [INFO] CodeEngine:287 - Generated code: C:\Users\marcv\Desktop\X1-Thorn\1_Code\3_STM32\0_workspace\X1_Thorn_v3\Core\Src\freertos.c
2025-07-04 11:02:44,113 [INFO] CodeEngine:263 - oldGeneratedFile, C:\Users\marcv\Desktop\X1-Thorn\1_Code\3_STM32\0_workspace\X1_Thorn_v3\Core\Src\adc.c_save
2025-07-04 11:02:44,222 [INFO] CodeEngine:287 - Generated code: C:\Users\marcv\Desktop\X1-Thorn\1_Code\3_STM32\0_workspace\X1_Thorn_v3\Core\Src\adc.c
2025-07-04 11:02:44,230 [INFO] CodeEngine:263 - oldGeneratedFile, C:\Users\marcv\Desktop\X1-Thorn\1_Code\3_STM32\0_workspace\X1_Thorn_v3\Core\Inc\adc.h_save
2025-07-04 11:02:44,289 [INFO] CodeEngine:287 - Generated code: C:\Users\marcv\Desktop\X1-Thorn\1_Code\3_STM32\0_workspace\X1_Thorn_v3\Core\Inc\adc.h
2025-07-04 11:02:44,300 [INFO] CodeEngine:263 - oldGeneratedFile, C:\Users\marcv\Desktop\X1-Thorn\1_Code\3_STM32\0_workspace\X1_Thorn_v3\MXTmpFiles\cortex.tmp_save
2025-07-04 11:02:44,367 [INFO] CodeEngine:287 - Generated code: C:\Users\marcv\Desktop\X1-Thorn\1_Code\3_STM32\0_workspace\X1_Thorn_v3\MXTmpFiles\cortex.tmp
2025-07-04 11:02:44,467 [INFO] CodeEngine:263 - oldGeneratedFile, C:\Users\marcv\Desktop\X1-Thorn\1_Code\3_STM32\0_workspace\X1_Thorn_v3\Core\Src\dma.c_save
2025-07-04 11:02:44,530 [INFO] CodeEngine:287 - Generated code: C:\Users\marcv\Desktop\X1-Thorn\1_Code\3_STM32\0_workspace\X1_Thorn_v3\Core\Src\dma.c
2025-07-04 11:02:44,537 [INFO] CodeEngine:263 - oldGeneratedFile, C:\Users\marcv\Desktop\X1-Thorn\1_Code\3_STM32\0_workspace\X1_Thorn_v3\Core\Inc\dma.h_save
2025-07-04 11:02:44,610 [INFO] CodeEngine:287 - Generated code: C:\Users\marcv\Desktop\X1-Thorn\1_Code\3_STM32\0_workspace\X1_Thorn_v3\Core\Inc\dma.h
2025-07-04 11:02:44,638 [INFO] CodeEngine:263 - oldGeneratedFile, C:\Users\marcv\Desktop\X1-Thorn\1_Code\3_STM32\0_workspace\X1_Thorn_v3\Core\Src\i2c.c_save
2025-07-04 11:02:44,726 [INFO] CodeEngine:287 - Generated code: C:\Users\marcv\Desktop\X1-Thorn\1_Code\3_STM32\0_workspace\X1_Thorn_v3\Core\Src\i2c.c
2025-07-04 11:02:44,733 [INFO] CodeEngine:263 - oldGeneratedFile, C:\Users\marcv\Desktop\X1-Thorn\1_Code\3_STM32\0_workspace\X1_Thorn_v3\Core\Inc\i2c.h_save
2025-07-04 11:02:44,787 [INFO] CodeEngine:287 - Generated code: C:\Users\marcv\Desktop\X1-Thorn\1_Code\3_STM32\0_workspace\X1_Thorn_v3\Core\Inc\i2c.h
2025-07-04 11:02:44,810 [INFO] CodeEngine:263 - oldGeneratedFile, C:\Users\marcv\Desktop\X1-Thorn\1_Code\3_STM32\0_workspace\X1_Thorn_v3\Core\Src\memorymap.c_save
2025-07-04 11:02:44,884 [INFO] CodeEngine:287 - Generated code: C:\Users\marcv\Desktop\X1-Thorn\1_Code\3_STM32\0_workspace\X1_Thorn_v3\Core\Src\memorymap.c
2025-07-04 11:02:44,891 [INFO] CodeEngine:263 - oldGeneratedFile, C:\Users\marcv\Desktop\X1-Thorn\1_Code\3_STM32\0_workspace\X1_Thorn_v3\Core\Inc\memorymap.h_save
2025-07-04 11:02:44,947 [INFO] CodeEngine:287 - Generated code: C:\Users\marcv\Desktop\X1-Thorn\1_Code\3_STM32\0_workspace\X1_Thorn_v3\Core\Inc\memorymap.h
2025-07-04 11:02:44,977 [INFO] CodeEngine:263 - oldGeneratedFile, C:\Users\marcv\Desktop\X1-Thorn\1_Code\3_STM32\0_workspace\X1_Thorn_v3\Core\Src\spi.c_save
2025-07-04 11:02:45,061 [INFO] CodeEngine:287 - Generated code: C:\Users\marcv\Desktop\X1-Thorn\1_Code\3_STM32\0_workspace\X1_Thorn_v3\Core\Src\spi.c
2025-07-04 11:02:45,068 [INFO] CodeEngine:263 - oldGeneratedFile, C:\Users\marcv\Desktop\X1-Thorn\1_Code\3_STM32\0_workspace\X1_Thorn_v3\Core\Inc\spi.h_save
2025-07-04 11:02:45,128 [INFO] CodeEngine:287 - Generated code: C:\Users\marcv\Desktop\X1-Thorn\1_Code\3_STM32\0_workspace\X1_Thorn_v3\Core\Inc\spi.h
2025-07-04 11:02:45,153 [INFO] CodeEngine:263 - oldGeneratedFile, C:\Users\marcv\Desktop\X1-Thorn\1_Code\3_STM32\0_workspace\X1_Thorn_v3\Core\Src\tim.c_save
2025-07-04 11:02:45,276 [INFO] CodeEngine:287 - Generated code: C:\Users\marcv\Desktop\X1-Thorn\1_Code\3_STM32\0_workspace\X1_Thorn_v3\Core\Src\tim.c
2025-07-04 11:02:45,284 [INFO] CodeEngine:263 - oldGeneratedFile, C:\Users\marcv\Desktop\X1-Thorn\1_Code\3_STM32\0_workspace\X1_Thorn_v3\Core\Inc\tim.h_save
2025-07-04 11:02:45,346 [INFO] CodeEngine:287 - Generated code: C:\Users\marcv\Desktop\X1-Thorn\1_Code\3_STM32\0_workspace\X1_Thorn_v3\Core\Inc\tim.h
2025-07-04 11:02:45,372 [INFO] CodeEngine:263 - oldGeneratedFile, C:\Users\marcv\Desktop\X1-Thorn\1_Code\3_STM32\0_workspace\X1_Thorn_v3\Core\Src\usart.c_save
2025-07-04 11:02:45,455 [INFO] CodeEngine:287 - Generated code: C:\Users\marcv\Desktop\X1-Thorn\1_Code\3_STM32\0_workspace\X1_Thorn_v3\Core\Src\usart.c
2025-07-04 11:02:45,462 [INFO] CodeEngine:263 - oldGeneratedFile, C:\Users\marcv\Desktop\X1-Thorn\1_Code\3_STM32\0_workspace\X1_Thorn_v3\Core\Inc\usart.h_save
2025-07-04 11:02:45,516 [INFO] CodeEngine:287 - Generated code: C:\Users\marcv\Desktop\X1-Thorn\1_Code\3_STM32\0_workspace\X1_Thorn_v3\Core\Inc\usart.h
2025-07-04 11:02:45,555 [INFO] CodeEngine:263 - oldGeneratedFile, C:\Users\marcv\Desktop\X1-Thorn\1_Code\3_STM32\0_workspace\X1_Thorn_v3\Core\Src\stm32h7xx_it.c_save
2025-07-04 11:02:45,719 [INFO] CodeEngine:287 - Generated code: C:\Users\marcv\Desktop\X1-Thorn\1_Code\3_STM32\0_workspace\X1_Thorn_v3\Core\Src\stm32h7xx_it.c
2025-07-04 11:02:45,728 [INFO] CodeEngine:263 - oldGeneratedFile, C:\Users\marcv\Desktop\X1-Thorn\1_Code\3_STM32\0_workspace\X1_Thorn_v3\Core\Inc\stm32h7xx_it.h_save
2025-07-04 11:02:45,790 [INFO] CodeEngine:287 - Generated code: C:\Users\marcv\Desktop\X1-Thorn\1_Code\3_STM32\0_workspace\X1_Thorn_v3\Core\Inc\stm32h7xx_it.h
2025-07-04 11:02:45,930 [INFO] CodeEngine:263 - oldGeneratedFile, C:\Users\marcv\Desktop\X1-Thorn\1_Code\3_STM32\0_workspace\X1_Thorn_v3\Core\Src\stm32h7xx_hal_msp.c_save
2025-07-04 11:02:46,063 [INFO] CodeEngine:287 - Generated code: C:\Users\marcv\Desktop\X1-Thorn\1_Code\3_STM32\0_workspace\X1_Thorn_v3\Core\Src\stm32h7xx_hal_msp.c
2025-07-04 11:02:46,069 [INFO] CodeEngine:263 - oldGeneratedFile, C:\Users\marcv\Desktop\X1-Thorn\1_Code\3_STM32\0_workspace\X1_Thorn_v3\MXTmpFiles\system.tmp_save
2025-07-04 11:02:46,130 [INFO] CodeEngine:287 - Generated code: C:\Users\marcv\Desktop\X1-Thorn\1_Code\3_STM32\0_workspace\X1_Thorn_v3\MXTmpFiles\system.tmp
2025-07-04 11:02:46,148 [INFO] CodeEngine:263 - oldGeneratedFile, C:\Users\marcv\Desktop\X1-Thorn\1_Code\3_STM32\0_workspace\X1_Thorn_v3\Core\Src\stm32h7xx_hal_timebase_tim.c_save
2025-07-04 11:02:46,207 [INFO] CodeEngine:287 - Generated code: C:\Users\marcv\Desktop\X1-Thorn\1_Code\3_STM32\0_workspace\X1_Thorn_v3\Core\Src\stm32h7xx_hal_timebase_tim.c
2025-07-04 11:02:46,233 [INFO] CodeEngine:319 - oldGeneratedFile, C:\Users\marcv\Desktop\X1-Thorn\1_Code\3_STM32\0_workspace\X1_Thorn_v3\Core\Inc\stm32h7xx_hal_conf.h_save
2025-07-04 11:02:46,330 [INFO] CodeEngine:343 - Generated code: C:\Users\marcv\Desktop\X1-Thorn\1_Code\3_STM32\0_workspace\X1_Thorn_v3\Core\Inc\stm32h7xx_hal_conf.h
2025-07-04 11:02:46,385 [INFO] ApiDbMcu:508 - Load IP Config File for ADC2
2025-07-04 11:02:46,388 [INFO] ApiDbMcu:508 - Load IP Config File for ADC3
2025-07-04 11:02:46,392 [INFO] ApiDbMcu:508 - Load IP Config File for I2C2
2025-07-04 11:02:46,392 [ERROR] ApiDbMcu:464 - Can't load MEMORYMAP-STM32xx root dir null
2025-07-04 11:02:46,392 [ERROR] ApiDbMcu:536 - Cannot parse MEMORYMAP_Config file : file do not exist
2025-07-04 11:02:46,395 [INFO] ApiDbMcu:508 - Load IP Config File for SPI4
2025-07-04 11:02:46,406 [INFO] ApiDbMcu:508 - Load IP Config File for TIM1
2025-07-04 11:02:46,418 [INFO] ApiDbMcu:508 - Load IP Config File for TIM3
2025-07-04 11:02:46,428 [INFO] ApiDbMcu:508 - Load IP Config File for TIM5
2025-07-04 11:02:46,438 [INFO] ApiDbMcu:508 - Load IP Config File for TIM15
2025-07-04 11:02:46,449 [INFO] ApiDbMcu:508 - Load IP Config File for TIM16
2025-07-04 11:02:46,459 [INFO] ApiDbMcu:508 - Load IP Config File for TIM17
2025-07-04 11:02:46,470 [INFO] ApiDbMcu:508 - Load IP Config File for UART5
2025-07-04 11:02:46,479 [INFO] ApiDbMcu:508 - Load IP Config File for UART8
2025-07-04 11:02:46,483 [INFO] ApiDbMcu:508 - Load IP Config File for RCC
2025-07-04 11:02:46,508 [INFO] CodeEngine:263 - oldGeneratedFile, C:\Users\marcv\Desktop\X1-Thorn\1_Code\3_STM32\0_workspace\X1_Thorn_v3\Core\Inc\main.h_save
2025-07-04 11:02:46,619 [INFO] CodeEngine:287 - Generated code: C:\Users\marcv\Desktop\X1-Thorn\1_Code\3_STM32\0_workspace\X1_Thorn_v3\Core\Inc\main.h
2025-07-04 11:02:46,637 [INFO] CodeEngine:263 - oldGeneratedFile, C:\Users\marcv\Desktop\X1-Thorn\1_Code\3_STM32\0_workspace\X1_Thorn_v3\Core\Src\main.c_save
2025-07-04 11:02:46,726 [INFO] CodeEngine:287 - Generated code: C:\Users\marcv\Desktop\X1-Thorn\1_Code\3_STM32\0_workspace\X1_Thorn_v3\Core\Src\main.c
2025-07-04 11:02:47,231 [INFO] ProjectBuilder:3324 - Time for Copy HAL[1] : 324mS.
2025-07-04 11:02:47,238 [INFO] ProjectBuilder:4912 - Project Generator version: 4.6.0-B36
2025-07-04 11:02:47,308 [INFO] ConfigFileManager:1590 - The Die is : DIE450
2025-07-04 11:02:47,311 [INFO] ApiDbMcu:508 - Load IP Config File for FATFS
2025-07-04 11:02:47,313 [INFO] ApiDbMcu:508 - Load IP Config File for LIBJPEG
2025-07-04 11:02:47,318 [INFO] ApiDbMcu:508 - Load IP Config File for LWIP
2025-07-04 11:02:47,323 [INFO] ApiDbMcu:508 - Load IP Config File for MBEDTLS
2025-07-04 11:02:47,330 [INFO] ApiDbMcu:508 - Load IP Config File for USB_DEVICE
2025-07-04 11:02:47,333 [INFO] ApiDbMcu:508 - Load IP Config File for USB_HOST
2025-07-04 11:02:48,902 [INFO] ProjectBuilder:5191 - Time for Generating toolchain IDE Files: 1664mS.
2025-07-04 11:02:48,903 [INFO] ProjectBuilder:3181 - Time for Copy CMSIS : 0mS.
2025-07-04 11:02:48,925 [INFO] ProjectBuilder:3181 - Time for Copy CMSIS : 0mS.
2025-07-04 17:51:59,391 [INFO] MainUpdater:2872 - connection check result : 10
2025-07-04 17:51:59,392 [INFO] MainUpdater:2872 - connection check result : 10
2025-07-04 17:51:59,747 [INFO] I2cTimingTraitement:330 - 0x307075B1
2025-07-04 17:51:59,771 [INFO] MicroXplorer:468 - Change Database Path : 
2025-07-04 17:51:59,771 [INFO] MicroXplorer:498 - Change Database Version : DB.6.0.140
2025-07-04 17:51:59,840 [ERROR] ProjectManagerView:394 - 
java.lang.NullPointerException: Cannot invoke "javax.swing.JTextField.getText()" because the return value of "java.util.List.get(int)" is null
	at com.st.microxplorer.plugins.projectmanager.gui.ProjectChoiceTab$9.caretUpdate(ProjectChoiceTab.java:2678) ~[filemanager.jar:?]
	at javax.swing.text.JTextComponent.fireCaretUpdate(JTextComponent.java:408) ~[?:?]
	at javax.swing.text.JTextComponent$MutableCaretEvent.fire(JTextComponent.java:4484) ~[?:?]
	at javax.swing.text.JTextComponent$MutableCaretEvent.stateChanged(JTextComponent.java:4506) ~[?:?]
	at javax.swing.text.DefaultCaret.fireStateChanged(DefaultCaret.java:857) ~[?:?]
	at javax.swing.text.DefaultCaret.changeCaretPosition(DefaultCaret.java:1343) ~[?:?]
	at javax.swing.text.DefaultCaret.handleSetDot(DefaultCaret.java:1242) ~[?:?]
	at javax.swing.text.DefaultCaret.setDot(DefaultCaret.java:1223) ~[?:?]
	at javax.swing.text.DefaultCaret$Handler.insertUpdate(DefaultCaret.java:1819) ~[?:?]
	at javax.swing.text.AbstractDocument.fireInsertUpdate(AbstractDocument.java:227) ~[?:?]
	at javax.swing.text.AbstractDocument.handleInsertString(AbstractDocument.java:781) ~[?:?]
	at javax.swing.text.AbstractDocument.insertString(AbstractDocument.java:740) ~[?:?]
	at javax.swing.text.PlainDocument.insertString(PlainDocument.java:131) ~[?:?]
	at javax.swing.text.AbstractDocument.replace(AbstractDocument.java:699) ~[?:?]
	at javax.swing.text.JTextComponent.setText(JTextComponent.java:1725) ~[?:?]
	at com.st.microxplorer.plugins.projectmanager.gui.ProjectChoiceTab.createHeapStackFields(ProjectChoiceTab.java:979) ~[filemanager.jar:?]
	at com.st.microxplorer.plugins.projectmanager.gui.ProjectChoiceTab.buildLinkSettingsPanel(ProjectChoiceTab.java:3766) ~[filemanager.jar:?]
	at com.st.microxplorer.plugins.projectmanager.gui.ProjectChoiceTab.defineWindowsFields(ProjectChoiceTab.java:1962) ~[filemanager.jar:?]
	at com.st.microxplorer.plugins.projectmanager.gui.ProjectChoiceTab.updateSettings(ProjectChoiceTab.java:555) ~[filemanager.jar:?]
	at com.st.microxplorer.plugins.projectmanager.gui.ProjectSettingsPanel.UpdateDialog(ProjectSettingsPanel.java:245) ~[filemanager.jar:?]
	at com.st.microxplorer.plugins.projectmanager.ProjectManagerView.propertyChange(ProjectManagerView.java:391) ~[filemanager.jar:?]
	at java.beans.PropertyChangeSupport.fire(PropertyChangeSupport.java:343) ~[?:?]
	at java.beans.PropertyChangeSupport.firePropertyChange(PropertyChangeSupport.java:335) ~[?:?]
	at java.beans.PropertyChangeSupport.firePropertyChange(PropertyChangeSupport.java:268) ~[?:?]
	at com.st.microxplorer.util.MXPropertyChangeSupport.firePropertyChange(MXPropertyChangeSupport.java:54) ~[STM32CubeMX.jar:?]
	at com.st.microxplorer.mxsystem.MxSystem.closeConfig(MxSystem.java:899) ~[STM32CubeMX.jar:?]
	at com.st.microxplorer.maingui.MainPanel.closeConfig(MainPanel.java:789) ~[STM32CubeMX.jar:?]
	at com.st.microxplorer.plugins.filemanager.engine.OpenFileManager.loadConfigurationFile(OpenFileManager.java:287) ~[filemanager.jar:?]
	at com.st.microxplorer.plugins.filemanager.engine.MainFileManager.userLoadConfig(MainFileManager.java:341) ~[filemanager.jar:?]
	at com.st.microxplorer.plugins.filemanager.engine.MainFileManager.userLoadConfig(MainFileManager.java:319) ~[filemanager.jar:?]
	at com.st.microxplorer.plugins.filemanager.FileManagerView.getSpecificTask(FileManagerView.java:246) ~[filemanager.jar:?]
	at com.st.stm32cube.common.mx.editor.CubeMxEditor.getMxTabbedPaneInstance(CubeMxEditor.java:1198) ~[com.st.stm32cube.common.mx_6.14.0.202502271554/:?]
	at com.st.stm32cube.common.mx.editor.CubeMxEditor$12$1.createSwingComponent(CubeMxEditor.java:1068) ~[com.st.stm32cube.common.mx_6.14.0.202502271554/:?]
	at com.st.stm32cube.common.mx.oss.core.awtswtbridge.EmbeddedSwingComposite.doComponentCreation(EmbeddedSwingComposite.java:492) ~[com.st.stm32cube.common.mx.oss_6.14.0.202502271554/:?]
	at com.st.stm32cube.common.mx.oss.core.awtswtbridge.EmbeddedSwingComposite$4.run(EmbeddedSwingComposite.java:291) ~[com.st.stm32cube.common.mx.oss_6.14.0.202502271554/:?]
	at com.st.stm32cube.common.mx.oss.core.awtswtbridge.AwtEnvironment$2.run(AwtEnvironment.java:166) ~[com.st.stm32cube.common.mx.oss_6.14.0.202502271554/:?]
	at java.awt.event.InvocationEvent.dispatch(InvocationEvent.java:318) ~[?:?]
	at java.awt.EventQueue.dispatchEventImpl(EventQueue.java:773) ~[?:?]
	at java.awt.EventQueue$4.run(EventQueue.java:720) ~[?:?]
	at java.awt.EventQueue$4.run(EventQueue.java:714) ~[?:?]
	at java.security.AccessController.doPrivileged(AccessController.java:400) ~[?:?]
	at java.security.ProtectionDomain$JavaSecurityAccessImpl.doIntersectionPrivilege(ProtectionDomain.java:87) ~[?:?]
	at java.awt.EventQueue.dispatchEvent(EventQueue.java:742) ~[?:?]
	at java.awt.EventDispatchThread.pumpOneEventForFilters(EventDispatchThread.java:203) ~[?:?]
	at java.awt.EventDispatchThread.pumpEventsForFilter(EventDispatchThread.java:124) ~[?:?]
	at java.awt.EventDispatchThread.pumpEventsForHierarchy(EventDispatchThread.java:113) ~[?:?]
	at java.awt.EventDispatchThread.pumpEvents(EventDispatchThread.java:109) ~[?:?]
	at java.awt.EventDispatchThread.pumpEvents(EventDispatchThread.java:101) ~[?:?]
	at java.awt.EventDispatchThread.run(EventDispatchThread.java:90) ~[?:?]
2025-07-04 17:51:59,842 [WARN] ThirdParty:871 - waiting for thirdparty lock release [close project]
2025-07-04 17:51:59,843 [INFO] ThirdParty:873 - entering critical section [close project]
2025-07-04 17:51:59,843 [INFO] ThirdParty:883 - exiting critical section [close project]
2025-07-04 17:51:59,845 [INFO] PinOutPanel:1589 - setPackage(No Configuration,No Configuration)
2025-07-04 17:51:59,860 [WARN] IpParametersView:155 - Warning: This peripheral hasn't parameters
2025-07-04 17:51:59,871 [WARN] MainPanel:289 - <html><b><center>Warning: This peripheral has no parameters to be configured<br></b></html>
2025-07-04 17:51:59,876 [INFO] UtilMem:75 - Begin LoadConfig() Used Memory: 897223424 Bytes (1073741824)
2025-07-04 17:51:59,879 [INFO] MicroXplorer:468 - Change Database Path : 
2025-07-04 17:51:59,879 [INFO] MicroXplorer:498 - Change Database Version : DB.6.0.140
2025-07-04 17:51:59,879 [INFO] OpenFileManager:354 - Change cursor
2025-07-04 17:51:59,928 [INFO] RulesReader:64 - Compatibility file has been processed (301 Rules)
2025-07-04 17:51:59,956 [INFO] Mcu:2011 - Initializing MCU STM32H743VITx STM32H743VITx STM32H743VIT6
2025-07-04 17:52:03,917 [INFO] Context:756 - Trying to add GPIOservice into a context  which must be forbidden
2025-07-04 17:52:05,552 [INFO] ImportTextPane:218 - (OptionalMessage_ERROR) Pin37 (VP_RIF_VS_RIF1) cannot be retrieved for this MCU
2025-07-04 17:52:05,707 [INFO] RtosManager:558 - Registered RTOS mode: class=CMSIS, group=RTOS, mode=CMSIS_V1, owner=FREERTOS
2025-07-04 17:52:05,707 [INFO] RtosManager:558 - Registered RTOS mode: class=CMSIS, group=RTOS2, mode=CMSIS_V2, owner=FREERTOS
2025-07-04 17:52:05,708 [INFO] RtosManager:558 - Registered RTOS mode: class=RTOS, group=Core, mode=CMSIS_V1, owner=FREERTOS
2025-07-04 17:52:05,708 [INFO] RtosManager:558 - Registered RTOS mode: class=RTOS, group=Core, mode=CMSIS_V2, owner=FREERTOS
2025-07-04 17:52:05,708 [WARN] ModelIntegratedComponent:184 - Missing modes for component STMicroelectronics:FreeRTOS:0.0.1:STMicroelectronics:RTOS:FreeRTOS:Core:::10.2.0:
2025-07-04 17:52:05,718 [WARN] ModelIntegratedComponent:63 - No mode defined for component null
2025-07-04 17:52:05,718 [WARN] ModelIntegratedComponent:63 - No mode defined for component null
2025-07-04 17:52:05,718 [WARN] ModelIntegratedComponent:63 - No mode defined for component null
2025-07-04 17:52:05,718 [WARN] ModelIntegratedComponent:63 - No mode defined for component null
2025-07-04 17:52:05,718 [WARN] ModelIntegratedComponent:63 - No mode defined for component null
2025-07-04 17:52:05,718 [WARN] ModelIntegratedComponent:63 - No mode defined for component null
2025-07-04 17:52:05,719 [WARN] ModelIntegratedComponent:63 - No mode defined for component null
2025-07-04 17:52:05,719 [WARN] ModelIntegratedComponent:63 - No mode defined for component null
2025-07-04 17:52:05,719 [WARN] ModelIntegratedComponent:63 - No mode defined for component null
2025-07-04 17:52:05,719 [WARN] ModelIntegratedComponent:63 - No mode defined for component null
2025-07-04 17:52:05,719 [WARN] ModelIntegratedComponent:63 - No mode defined for component null
2025-07-04 17:52:05,719 [WARN] ModelIntegratedComponent:63 - No mode defined for component null
2025-07-04 17:52:05,719 [WARN] ModelIntegratedComponent:63 - No mode defined for component null
2025-07-04 17:52:05,719 [WARN] ModelIntegratedComponent:63 - No mode defined for component null
2025-07-04 17:52:05,719 [WARN] ModelIntegratedComponent:63 - No mode defined for component null
2025-07-04 17:52:05,719 [WARN] ModelIntegratedComponent:63 - No mode defined for component null
2025-07-04 17:52:05,719 [WARN] ModelIntegratedComponent:63 - No mode defined for component null
2025-07-04 17:52:05,719 [WARN] ModelIntegratedComponent:63 - No mode defined for component null
2025-07-04 17:52:05,719 [WARN] ModelIntegratedComponent:63 - No mode defined for component null
2025-07-04 17:52:05,719 [WARN] ModelIntegratedComponent:63 - No mode defined for component null
2025-07-04 17:52:05,719 [WARN] ModelIntegratedComponent:63 - No mode defined for component null
2025-07-04 17:52:05,720 [WARN] ModelIntegratedComponent:63 - No mode defined for component null
2025-07-04 17:52:05,720 [WARN] ModelIntegratedComponent:63 - No mode defined for component null
2025-07-04 17:52:05,720 [WARN] ModelIntegratedComponent:63 - No mode defined for component null
2025-07-04 17:52:05,720 [WARN] ModelIntegratedComponent:63 - No mode defined for component null
2025-07-04 17:52:05,720 [WARN] ModelIntegratedComponent:63 - No mode defined for component null
2025-07-04 17:52:05,720 [WARN] ModelIntegratedComponent:63 - No mode defined for component null
2025-07-04 17:52:05,720 [WARN] ModelIntegratedComponent:63 - No mode defined for component null
2025-07-04 17:52:05,720 [WARN] ModelIntegratedComponent:63 - No mode defined for component null
2025-07-04 17:52:05,720 [WARN] ModelIntegratedComponent:63 - No mode defined for component null
2025-07-04 17:52:05,720 [WARN] ModelIntegratedComponent:63 - No mode defined for component null
2025-07-04 17:52:05,720 [WARN] ModelIntegratedComponent:63 - No mode defined for component null
2025-07-04 17:52:05,720 [WARN] ModelIntegratedComponent:63 - No mode defined for component null
2025-07-04 17:52:05,720 [WARN] ModelIntegratedComponent:63 - No mode defined for component null
2025-07-04 17:52:05,720 [WARN] ModelIntegratedComponent:63 - No mode defined for component null
2025-07-04 17:52:05,721 [WARN] ModelPack:524 - Component already loaded: STMicroelectronics:HAL Drivers:0.0.0:STMicroelectronics:Device:STMicro_Driver:XSPI:HAL::0.0.1:HAL_XSPI
2025-07-04 17:52:05,870 [INFO] ThirdPartyModel:298 - Start build external matchings
2025-07-04 17:52:06,987 [INFO] ThirdPartyModel:316 - End build external matchings
2025-07-04 17:52:07,021 [INFO] RtosManager:967 - Current active RTOS is FREERTOS [Cortex-M7NS]
2025-07-04 17:52:07,026 [INFO] ImportTextPane:218 - (OptionalMessage_ERROR) IP (DMA) : Parameter (Instance) has Id (TIM3_CH1) currently not set
2025-07-04 17:52:07,026 [INFO] ImportTextPane:218 - (OptionalMessage_ERROR) IP (DMA) : Parameter (Request) has Id (TIM3_CH1) currently not set
2025-07-04 17:52:07,026 [INFO] ImportTextPane:218 - (OptionalMessage_ERROR) IP (DMA) : Parameter (Direction) has Id (TIM3_CH1) currently not set
2025-07-04 17:52:07,026 [INFO] ImportTextPane:218 - (OptionalMessage_ERROR) IP (DMA) : Parameter (PeriphInc) has Id (TIM3_CH1) currently not set
2025-07-04 17:52:07,026 [INFO] ImportTextPane:218 - (OptionalMessage_ERROR) IP (DMA) : Parameter (MemInc) has Id (TIM3_CH1) currently not set
2025-07-04 17:52:07,026 [INFO] ImportTextPane:218 - (OptionalMessage_ERROR) IP (DMA) : Parameter (PeriphDataAlignment) has Id (TIM3_CH1) currently not set
2025-07-04 17:52:07,026 [INFO] ImportTextPane:218 - (OptionalMessage_ERROR) IP (DMA) : Parameter (MemDataAlignment) has Id (TIM3_CH1) currently not set
2025-07-04 17:52:07,026 [INFO] ImportTextPane:218 - (OptionalMessage_ERROR) IP (DMA) : Parameter (Mode) has Id (TIM3_CH1) currently not set
2025-07-04 17:52:07,026 [INFO] ImportTextPane:218 - (OptionalMessage_ERROR) IP (DMA) : Parameter (Priority) has Id (TIM3_CH1) currently not set
2025-07-04 17:52:07,027 [INFO] ImportTextPane:218 - (OptionalMessage_ERROR) IP (DMA) : Parameter (FIFOMode) has Id (TIM3_CH1) currently not set
2025-07-04 17:52:07,027 [INFO] ImportTextPane:218 - (OptionalMessage_ERROR) IP (DMA) : Parameter (SignalID) has Id (TIM3_CH1) currently not set
2025-07-04 17:52:07,027 [INFO] ImportTextPane:218 - (OptionalMessage_ERROR) IP (DMA) : Parameter (Polarity) has Id (TIM3_CH1) currently not set
2025-07-04 17:52:07,027 [INFO] ImportTextPane:218 - (OptionalMessage_ERROR) IP (DMA) : Parameter (RequestNumber) has Id (TIM3_CH1) currently not set
2025-07-04 17:52:07,027 [INFO] ImportTextPane:218 - (OptionalMessage_ERROR) IP (DMA) : Parameter (SyncSignalID) has Id (TIM3_CH1) currently not set
2025-07-04 17:52:07,027 [INFO] ImportTextPane:218 - (OptionalMessage_ERROR) IP (DMA) : Parameter (SyncPolarity) has Id (TIM3_CH1) currently not set
2025-07-04 17:52:07,027 [INFO] ImportTextPane:218 - (OptionalMessage_ERROR) IP (DMA) : Parameter (SyncEnable) has Id (TIM3_CH1) currently not set
2025-07-04 17:52:07,027 [INFO] ImportTextPane:218 - (OptionalMessage_ERROR) IP (DMA) : Parameter (EventEnable) has Id (TIM3_CH1) currently not set
2025-07-04 17:52:07,027 [INFO] ImportTextPane:218 - (OptionalMessage_ERROR) IP (DMA) : Parameter (SyncRequestNumber) has Id (TIM3_CH1) currently not set
2025-07-04 17:52:07,028 [INFO] ImportTextPane:218 - (OptionalMessage_ERROR) IP (DMA) : Parameter (Instance) has Id (TIM3_CH2) currently not set
2025-07-04 17:52:07,028 [INFO] ImportTextPane:218 - (OptionalMessage_ERROR) IP (DMA) : Parameter (Request) has Id (TIM3_CH2) currently not set
2025-07-04 17:52:07,028 [INFO] ImportTextPane:218 - (OptionalMessage_ERROR) IP (DMA) : Parameter (Direction) has Id (TIM3_CH2) currently not set
2025-07-04 17:52:07,028 [INFO] ImportTextPane:218 - (OptionalMessage_ERROR) IP (DMA) : Parameter (PeriphInc) has Id (TIM3_CH2) currently not set
2025-07-04 17:52:07,028 [INFO] ImportTextPane:218 - (OptionalMessage_ERROR) IP (DMA) : Parameter (MemInc) has Id (TIM3_CH2) currently not set
2025-07-04 17:52:07,028 [INFO] ImportTextPane:218 - (OptionalMessage_ERROR) IP (DMA) : Parameter (PeriphDataAlignment) has Id (TIM3_CH2) currently not set
2025-07-04 17:52:07,028 [INFO] ImportTextPane:218 - (OptionalMessage_ERROR) IP (DMA) : Parameter (MemDataAlignment) has Id (TIM3_CH2) currently not set
2025-07-04 17:52:07,028 [INFO] ImportTextPane:218 - (OptionalMessage_ERROR) IP (DMA) : Parameter (Mode) has Id (TIM3_CH2) currently not set
2025-07-04 17:52:07,029 [INFO] ImportTextPane:218 - (OptionalMessage_ERROR) IP (DMA) : Parameter (Priority) has Id (TIM3_CH2) currently not set
2025-07-04 17:52:07,029 [INFO] ImportTextPane:218 - (OptionalMessage_ERROR) IP (DMA) : Parameter (FIFOMode) has Id (TIM3_CH2) currently not set
2025-07-04 17:52:07,029 [INFO] ImportTextPane:218 - (OptionalMessage_ERROR) IP (DMA) : Parameter (SignalID) has Id (TIM3_CH2) currently not set
2025-07-04 17:52:07,029 [INFO] ImportTextPane:218 - (OptionalMessage_ERROR) IP (DMA) : Parameter (Polarity) has Id (TIM3_CH2) currently not set
2025-07-04 17:52:07,029 [INFO] ImportTextPane:218 - (OptionalMessage_ERROR) IP (DMA) : Parameter (RequestNumber) has Id (TIM3_CH2) currently not set
2025-07-04 17:52:07,029 [INFO] ImportTextPane:218 - (OptionalMessage_ERROR) IP (DMA) : Parameter (SyncSignalID) has Id (TIM3_CH2) currently not set
2025-07-04 17:52:07,029 [INFO] ImportTextPane:218 - (OptionalMessage_ERROR) IP (DMA) : Parameter (SyncPolarity) has Id (TIM3_CH2) currently not set
2025-07-04 17:52:07,029 [INFO] ImportTextPane:218 - (OptionalMessage_ERROR) IP (DMA) : Parameter (SyncEnable) has Id (TIM3_CH2) currently not set
2025-07-04 17:52:07,029 [INFO] ImportTextPane:218 - (OptionalMessage_ERROR) IP (DMA) : Parameter (EventEnable) has Id (TIM3_CH2) currently not set
2025-07-04 17:52:07,029 [INFO] ImportTextPane:218 - (OptionalMessage_ERROR) IP (DMA) : Parameter (SyncRequestNumber) has Id (TIM3_CH2) currently not set
2025-07-04 17:52:07,029 [INFO] ImportTextPane:218 - (OptionalMessage_ERROR) IP (DMA) : Parameter (Instance) has Id (TIM16_UP) currently not set
2025-07-04 17:52:07,029 [INFO] ImportTextPane:218 - (OptionalMessage_ERROR) IP (DMA) : Parameter (Request) has Id (TIM16_UP) currently not set
2025-07-04 17:52:07,030 [INFO] ImportTextPane:218 - (OptionalMessage_ERROR) IP (DMA) : Parameter (Direction) has Id (TIM16_UP) currently not set
2025-07-04 17:52:07,030 [INFO] ImportTextPane:218 - (OptionalMessage_ERROR) IP (DMA) : Parameter (PeriphInc) has Id (TIM16_UP) currently not set
2025-07-04 17:52:07,030 [INFO] ImportTextPane:218 - (OptionalMessage_ERROR) IP (DMA) : Parameter (MemInc) has Id (TIM16_UP) currently not set
2025-07-04 17:52:07,030 [INFO] ImportTextPane:218 - (OptionalMessage_ERROR) IP (DMA) : Parameter (PeriphDataAlignment) has Id (TIM16_UP) currently not set
2025-07-04 17:52:07,030 [INFO] ImportTextPane:218 - (OptionalMessage_ERROR) IP (DMA) : Parameter (MemDataAlignment) has Id (TIM16_UP) currently not set
2025-07-04 17:52:07,030 [INFO] ImportTextPane:218 - (OptionalMessage_ERROR) IP (DMA) : Parameter (Mode) has Id (TIM16_UP) currently not set
2025-07-04 17:52:07,030 [INFO] ImportTextPane:218 - (OptionalMessage_ERROR) IP (DMA) : Parameter (Priority) has Id (TIM16_UP) currently not set
2025-07-04 17:52:07,030 [INFO] ImportTextPane:218 - (OptionalMessage_ERROR) IP (DMA) : Parameter (FIFOMode) has Id (TIM16_UP) currently not set
2025-07-04 17:52:07,030 [INFO] ImportTextPane:218 - (OptionalMessage_ERROR) IP (DMA) : Parameter (SignalID) has Id (TIM16_UP) currently not set
2025-07-04 17:52:07,030 [INFO] ImportTextPane:218 - (OptionalMessage_ERROR) IP (DMA) : Parameter (Polarity) has Id (TIM16_UP) currently not set
2025-07-04 17:52:07,030 [INFO] ImportTextPane:218 - (OptionalMessage_ERROR) IP (DMA) : Parameter (RequestNumber) has Id (TIM16_UP) currently not set
2025-07-04 17:52:07,030 [INFO] ImportTextPane:218 - (OptionalMessage_ERROR) IP (DMA) : Parameter (SyncSignalID) has Id (TIM16_UP) currently not set
2025-07-04 17:52:07,030 [INFO] ImportTextPane:218 - (OptionalMessage_ERROR) IP (DMA) : Parameter (SyncPolarity) has Id (TIM16_UP) currently not set
2025-07-04 17:52:07,031 [INFO] ImportTextPane:218 - (OptionalMessage_ERROR) IP (DMA) : Parameter (SyncEnable) has Id (TIM16_UP) currently not set
2025-07-04 17:52:07,031 [INFO] ImportTextPane:218 - (OptionalMessage_ERROR) IP (DMA) : Parameter (EventEnable) has Id (TIM16_UP) currently not set
2025-07-04 17:52:07,031 [INFO] ImportTextPane:218 - (OptionalMessage_ERROR) IP (DMA) : Parameter (SyncRequestNumber) has Id (TIM16_UP) currently not set
2025-07-04 17:52:07,031 [INFO] ImportTextPane:218 - (OptionalMessage_ERROR) IP (DMA) : Parameter (Instance) has Id (TIM15_UP) currently not set
2025-07-04 17:52:07,031 [INFO] ImportTextPane:218 - (OptionalMessage_ERROR) IP (DMA) : Parameter (Request) has Id (TIM15_UP) currently not set
2025-07-04 17:52:07,031 [INFO] ImportTextPane:218 - (OptionalMessage_ERROR) IP (DMA) : Parameter (Direction) has Id (TIM15_UP) currently not set
2025-07-04 17:52:07,031 [INFO] ImportTextPane:218 - (OptionalMessage_ERROR) IP (DMA) : Parameter (PeriphInc) has Id (TIM15_UP) currently not set
2025-07-04 17:52:07,031 [INFO] ImportTextPane:218 - (OptionalMessage_ERROR) IP (DMA) : Parameter (MemInc) has Id (TIM15_UP) currently not set
2025-07-04 17:52:07,031 [INFO] ImportTextPane:218 - (OptionalMessage_ERROR) IP (DMA) : Parameter (PeriphDataAlignment) has Id (TIM15_UP) currently not set
2025-07-04 17:52:07,031 [INFO] ImportTextPane:218 - (OptionalMessage_ERROR) IP (DMA) : Parameter (MemDataAlignment) has Id (TIM15_UP) currently not set
2025-07-04 17:52:07,031 [INFO] ImportTextPane:218 - (OptionalMessage_ERROR) IP (DMA) : Parameter (Mode) has Id (TIM15_UP) currently not set
2025-07-04 17:52:07,031 [INFO] ImportTextPane:218 - (OptionalMessage_ERROR) IP (DMA) : Parameter (Priority) has Id (TIM15_UP) currently not set
2025-07-04 17:52:07,032 [INFO] ImportTextPane:218 - (OptionalMessage_ERROR) IP (DMA) : Parameter (FIFOMode) has Id (TIM15_UP) currently not set
2025-07-04 17:52:07,032 [INFO] ImportTextPane:218 - (OptionalMessage_ERROR) IP (DMA) : Parameter (SignalID) has Id (TIM15_UP) currently not set
2025-07-04 17:52:07,032 [INFO] ImportTextPane:218 - (OptionalMessage_ERROR) IP (DMA) : Parameter (Polarity) has Id (TIM15_UP) currently not set
2025-07-04 17:52:07,032 [INFO] ImportTextPane:218 - (OptionalMessage_ERROR) IP (DMA) : Parameter (RequestNumber) has Id (TIM15_UP) currently not set
2025-07-04 17:52:07,032 [INFO] ImportTextPane:218 - (OptionalMessage_ERROR) IP (DMA) : Parameter (SyncSignalID) has Id (TIM15_UP) currently not set
2025-07-04 17:52:07,032 [INFO] ImportTextPane:218 - (OptionalMessage_ERROR) IP (DMA) : Parameter (SyncPolarity) has Id (TIM15_UP) currently not set
2025-07-04 17:52:07,032 [INFO] ImportTextPane:218 - (OptionalMessage_ERROR) IP (DMA) : Parameter (SyncEnable) has Id (TIM15_UP) currently not set
2025-07-04 17:52:07,032 [INFO] ImportTextPane:218 - (OptionalMessage_ERROR) IP (DMA) : Parameter (EventEnable) has Id (TIM15_UP) currently not set
2025-07-04 17:52:07,032 [INFO] ImportTextPane:218 - (OptionalMessage_ERROR) IP (DMA) : Parameter (SyncRequestNumber) has Id (TIM15_UP) currently not set
2025-07-04 17:52:07,039 [INFO] ImportTextPane:218 - (OptionalMessage_ERROR) IP (RCC) : Parameter (DFSDMACLkFreq_Value) has invalid value (480000000)
2025-07-04 17:52:07,045 [INFO] ImportTextPane:218 - (OptionalMessage_ERROR) IP (RCC) : Parameter (FDCANFreq_Value) has invalid value (480000000)
2025-07-04 17:52:07,045 [INFO] ImportTextPane:218 - (OptionalMessage_ERROR) IP (RCC) : Invalid parameter (FamilyName)
2025-07-04 17:52:07,045 [INFO] ImportTextPane:218 - (OptionalMessage_ERROR) IP (RCC) : Parameter (SAI1Freq_Value) has invalid value (480000000)
2025-07-04 17:52:07,045 [INFO] ImportTextPane:218 - (OptionalMessage_ERROR) IP (RCC) : Parameter (SAI23Freq_Value) has invalid value (480000000)
2025-07-04 17:52:07,045 [INFO] ImportTextPane:218 - (OptionalMessage_ERROR) IP (RCC) : Parameter (SAI4AFreq_Value) has invalid value (480000000)
2025-07-04 17:52:07,045 [INFO] ImportTextPane:218 - (OptionalMessage_ERROR) IP (RCC) : Parameter (SAI4BFreq_Value) has invalid value (480000000)
2025-07-04 17:52:07,045 [INFO] ImportTextPane:218 - (OptionalMessage_ERROR) IP (RCC) : Parameter (SDMMCFreq_Value) has invalid value (480000000)
2025-07-04 17:52:07,045 [INFO] ImportTextPane:218 - (OptionalMessage_ERROR) IP (RCC) : Parameter (SPDIFRXFreq_Value) has invalid value (480000000)
2025-07-04 17:52:07,045 [INFO] ImportTextPane:218 - (OptionalMessage_ERROR) IP (RCC) : Parameter (SPI123Freq_Value) has invalid value (480000000)
2025-07-04 17:52:07,045 [INFO] ImportTextPane:218 - (OptionalMessage_ERROR) IP (RCC) : Parameter (USBFreq_Value) has invalid value (480000000)
2025-07-04 17:52:07,610 [INFO] UtilMem:75 - End LoadConfig() Used Memory: 885788608 Bytes (1073741824)
2025-07-04 17:52:07,655 [WARN] ThirdParty:833 - waiting for thirdparty lock release [change project]
2025-07-04 17:52:07,656 [INFO] ThirdParty:835 - entering critical section [change project]
2025-07-04 17:52:07,656 [INFO] ThirdParty:1030 - CMSIS Pack Vendor :STMicroelectronics X-CUBE-PM33A1 1.0.0
2025-07-04 17:52:07,656 [INFO] ThirdParty:1030 - CMSIS Pack Vendor :STMicroelectronics USBPD 4.1
2025-07-04 17:52:07,656 [INFO] ThirdParty:1030 - CMSIS Pack Vendor :STMicroelectronics X-CUBE-AZRTOS-H7 3.3.0
2025-07-04 17:52:07,656 [INFO] ThirdParty:1030 - CMSIS Pack Vendor :STMicroelectronics X-CUBE-NFC9 1.0.0
2025-07-04 17:52:07,656 [INFO] ThirdParty:1030 - CMSIS Pack Vendor :STMicroelectronics USB_HOST 2.0.0
2025-07-04 17:52:07,656 [INFO] ThirdParty:1030 - CMSIS Pack Vendor :STMicroelectronics FP-SNS-MOTENVWB1 1.4.0
2025-07-04 17:52:07,656 [INFO] ThirdParty:1030 - CMSIS Pack Vendor :STMicroelectronics X-CUBE-AZRTOS-F4 1.1.0
2025-07-04 17:52:07,656 [INFO] ThirdParty:1030 - CMSIS Pack Vendor :STMicroelectronics LIBJPEG 8.0.0
2025-07-04 17:52:07,656 [INFO] ThirdParty:1030 - CMSIS Pack Vendor :STMicroelectronics FP-ATR-ASTRA1 2.0.2
2025-07-04 17:52:07,657 [INFO] ThirdParty:1030 - CMSIS Pack Vendor :STMicroelectronics X-CUBE-BLE1 7.1.0
2025-07-04 17:52:07,657 [INFO] ThirdParty:1030 - CMSIS Pack Vendor :Avnet-IotConnect X-CUBE-IoTC-DA16k-PMOD 1.0.0
2025-07-04 17:52:07,657 [INFO] ThirdParty:1030 - CMSIS Pack Vendor :STMicroelectronics X-CUBE-SMBUS 2.1.0
2025-07-04 17:52:07,657 [INFO] ThirdParty:1030 - CMSIS Pack Vendor :STMicroelectronics X-CUBE-WB05N 1.1.0
2025-07-04 17:52:07,657 [INFO] ThirdParty:1030 - CMSIS Pack Vendor :wolfSSL I-CUBE-wolfMQTT 1.19.2
2025-07-04 17:52:07,657 [INFO] ThirdParty:1030 - CMSIS Pack Vendor :STMicroelectronics USB_DEVICE 3.0.0
2025-07-04 17:52:07,657 [INFO] ThirdParty:1030 - CMSIS Pack Vendor :STMicroelectronics X-CUBE-ISPU 2.1.0
2025-07-04 17:52:07,657 [INFO] ThirdParty:1030 - CMSIS Pack Vendor :STMicroelectronics X-CUBE-AZRTOS-WB 2.0.0
2025-07-04 17:52:07,657 [INFO] ThirdParty:1030 - CMSIS Pack Vendor :STMicroelectronics X-CUBE-ST60 1.0.0
2025-07-04 17:52:07,657 [INFO] ThirdParty:1030 - CMSIS Pack Vendor :STMicroelectronics X-CUBE-GNSS1 7.0.1
2025-07-04 17:52:07,657 [INFO] ThirdParty:1030 - CMSIS Pack Vendor :STMicroelectronics X-CUBE-AZRTOS-F7 1.1.0
2025-07-04 17:52:07,657 [INFO] ThirdParty:1030 - CMSIS Pack Vendor :STMicroelectronics X-CUBE-AZRTOS-L5 2.0.0
2025-07-04 17:52:07,657 [INFO] ThirdParty:1030 - CMSIS Pack Vendor :STMicroelectronics X-CUBE-TOUCHGFX 4.25.0
2025-07-04 17:52:07,657 [INFO] ThirdParty:1030 - CMSIS Pack Vendor :STMicroelectronics USB_DEVICE 2.0.0
2025-07-04 17:52:07,657 [INFO] ThirdParty:1030 - CMSIS Pack Vendor :STMicroelectronics X-CUBE-NFC6 3.1.0
2025-07-04 17:52:07,657 [INFO] ThirdParty:1030 - CMSIS Pack Vendor :STMicroelectronics X-CUBE-AI 10.1.0
2025-07-04 17:52:07,658 [INFO] ThirdParty:1030 - CMSIS Pack Vendor :STMicroelectronics FP-SNS-STBOX1 2.0.0
2025-07-04 17:52:07,658 [INFO] ThirdParty:1030 - CMSIS Pack Vendor :STMicroelectronics X-CUBE-MEMS1 11.2.0
2025-07-04 17:52:07,658 [INFO] ThirdParty:1030 - CMSIS Pack Vendor :STMicroelectronics FreeRTOS 0.0.1
2025-07-04 17:52:07,658 [INFO] ThirdParty:1030 - CMSIS Pack Vendor :STMicroelectronics X-CUBE-AZRTOS-G0 1.1.0
2025-07-04 17:52:07,658 [INFO] ThirdParty:1030 - CMSIS Pack Vendor :STMicroelectronics X-CUBE-SAFEA1 1.2.2
2025-07-04 17:52:07,658 [INFO] ThirdParty:1030 - CMSIS Pack Vendor :STMicroelectronics X-CUBE-NFC4 3.0.0
2025-07-04 17:52:07,658 [INFO] ThirdParty:1030 - CMSIS Pack Vendor :STMicroelectronics X-CUBE-DPower 1.2.0
2025-07-04 17:52:07,658 [INFO] ThirdParty:1030 - CMSIS Pack Vendor :STMicroelectronics X-CUBE-SUBG2 5.0.0
2025-07-04 17:52:07,658 [INFO] ThirdParty:1030 - CMSIS Pack Vendor :STMicroelectronics X-CUBE-AZRTOS-H7RS 1.1.0
2025-07-04 17:52:07,658 [INFO] ThirdParty:1030 - CMSIS Pack Vendor :STMicroelectronics STM32_WPAN 1.0.0
2025-07-04 17:52:07,658 [INFO] ThirdParty:1030 - CMSIS Pack Vendor :EmbeddedOffice I-CUBE-FS-RTOS 1.0.1
2025-07-04 17:52:07,658 [INFO] ThirdParty:1030 - CMSIS Pack Vendor :STMicroelectronics lwIP 2.0.3
2025-07-04 17:52:07,658 [INFO] ThirdParty:1030 - CMSIS Pack Vendor :STMicroelectronics FP-SNS-FLIGHT1 5.0.2
2025-07-04 17:52:07,658 [INFO] ThirdParty:1030 - CMSIS Pack Vendor :Cesanta I-CUBE-Mongoose 7.13.0
2025-07-04 17:52:07,658 [INFO] ThirdParty:1030 - CMSIS Pack Vendor :STMicroelectronics USB_HOST 1.0.0
2025-07-04 17:52:07,658 [INFO] ThirdParty:1030 - CMSIS Pack Vendor :Infineon AIROC-Wi-Fi-Bluetooth-STM32 1.7.0
2025-07-04 17:52:07,658 [INFO] ThirdParty:1030 - CMSIS Pack Vendor :STMicroelectronics X-CUBE-AZRTOS-G4 2.0.0
2025-07-04 17:52:07,658 [INFO] ThirdParty:1030 - CMSIS Pack Vendor :STMicroelectronics X-CUBE-WB05N 2.0.0
2025-07-04 17:52:07,659 [INFO] ThirdParty:1030 - CMSIS Pack Vendor :STMicroelectronics PDM2PCM 3.1.0
2025-07-04 17:52:07,659 [INFO] ThirdParty:1030 - CMSIS Pack Vendor :STMicroelectronics PDM2PCM 3.3.0
2025-07-04 17:52:07,659 [INFO] ThirdParty:1030 - CMSIS Pack Vendor :wolfSSL I-CUBE-wolfTPM 3.8.0
2025-07-04 17:52:07,659 [INFO] ThirdParty:1030 - CMSIS Pack Vendor :STMicroelectronics X-CUBE-DISPLAY 3.0.0
2025-07-04 17:52:07,659 [INFO] ThirdParty:1030 - CMSIS Pack Vendor :wolfSSL I-CUBE-wolfSSH 1.4.20
2025-07-04 17:52:07,659 [INFO] ThirdParty:1030 - CMSIS Pack Vendor :STMicroelectronics X-CUBE-NFC7 2.0.0
2025-07-04 17:52:07,659 [INFO] ThirdParty:1030 - CMSIS Pack Vendor :STMicroelectronics X-CUBE-TCPP 4.2.0
2025-07-04 17:52:07,660 [INFO] ThirdParty:1030 - CMSIS Pack Vendor :RealThread X-CUBE-RT-Thread_Nano 4.1.1
2025-07-04 17:52:07,660 [INFO] ThirdParty:1030 - CMSIS Pack Vendor :STMicroelectronics FP-ATR-SIGFOX1 3.2.0
2025-07-04 17:52:07,660 [INFO] ThirdParty:1030 - CMSIS Pack Vendor :STMicroelectronics X-CUBE-NFC10 1.0.0
2025-07-04 17:52:07,660 [INFO] ThirdParty:1030 - CMSIS Pack Vendor :STMicroelectronics X-CUBE-BLEMGR 4.0.0
2025-07-04 17:52:07,660 [INFO] ThirdParty:1030 - CMSIS Pack Vendor :STMicroelectronics X-CUBE-EEPRMA1 5.1.0
2025-07-04 17:52:07,660 [INFO] ThirdParty:1030 - CMSIS Pack Vendor :STMicroelectronics X-CUBE-FREERTOS 1.3.1
2025-07-04 17:52:07,661 [INFO] ThirdParty:1030 - CMSIS Pack Vendor :STMicroelectronics HAL Drivers 0.0.0
2025-07-04 17:52:07,661 [INFO] ThirdParty:1030 - CMSIS Pack Vendor :STMicroelectronics MBEDTLS 2.16.2
2025-07-04 17:52:07,661 [INFO] ThirdParty:1030 - CMSIS Pack Vendor :STMicroelectronics X-CUBE-IPS 3.1.0
2025-07-04 17:52:07,661 [INFO] ThirdParty:1030 - CMSIS Pack Vendor :STMicroelectronics X-CUBE-ALS 1.0.2
2025-07-04 17:52:07,661 [INFO] ThirdParty:1030 - CMSIS Pack Vendor :emotas I-CUBE-CANOPEN 1.3.0
2025-07-04 17:52:07,661 [INFO] ThirdParty:1030 - CMSIS Pack Vendor :STMicroelectronics X-CUBE-FREERTOS 1.3.0
2025-07-04 17:52:07,661 [INFO] ThirdParty:1030 - CMSIS Pack Vendor :STMicroelectronics X-CUBE-NFC7 1.0.1
2025-07-04 17:52:07,661 [INFO] ThirdParty:1030 - CMSIS Pack Vendor :STMicroelectronics MBEDTLS 2.14.1
2025-07-04 17:52:07,661 [INFO] ThirdParty:1030 - CMSIS Pack Vendor :wolfSSL I-CUBE-wolfSSL 5.7.6
2025-07-04 17:52:07,661 [INFO] ThirdParty:1030 - CMSIS Pack Vendor :ITTIA_DB I-CUBE-ITTIADB 8.9.0
2025-07-04 17:52:07,661 [INFO] ThirdParty:1030 - CMSIS Pack Vendor :STMicroelectronics X-CUBE-TOUCHGFX 4.24.2
2025-07-04 17:52:07,661 [INFO] ThirdParty:1030 - CMSIS Pack Vendor :portGmbH I-Cube-SoM-uGOAL 1.1.0
2025-07-04 17:52:07,661 [INFO] ThirdParty:1030 - CMSIS Pack Vendor :quantropi X-CUBE-qispace-sdk-base 2.0.0
2025-07-04 17:52:07,662 [INFO] ThirdParty:1030 - CMSIS Pack Vendor :STMicroelectronics X-CUBE-AI 10.0.0
2025-07-04 17:52:07,662 [INFO] ThirdParty:1030 - CMSIS Pack Vendor :STMicroelectronics X-CUBE-ST67W61 1.0.0
2025-07-04 17:52:07,662 [INFO] ThirdParty:1030 - CMSIS Pack Vendor :STMicroelectronics FP-SNS-STAIOTCFT 1.0.0
2025-07-04 17:52:07,662 [INFO] ThirdParty:1030 - CMSIS Pack Vendor :STMicroelectronics ThreadX 1.0.0
2025-07-04 17:52:07,662 [INFO] ThirdParty:1030 - CMSIS Pack Vendor :STMicroelectronics FP-SNS-SMARTAG2 1.2.0
2025-07-04 17:52:07,662 [INFO] ThirdParty:1030 - CMSIS Pack Vendor :STMicroelectronics FP-SNS-FLIGHT1 5.1.0
2025-07-04 17:52:07,662 [INFO] ThirdParty:1030 - CMSIS Pack Vendor :STMicroelectronics X-CUBE-MEMS1 11.1.0
2025-07-04 17:52:07,662 [INFO] ThirdParty:1030 - CMSIS Pack Vendor :STMicroelectronics X-CUBE-AZRTOS-WL 2.0.0
2025-07-04 17:52:07,662 [INFO] ThirdParty:1030 - CMSIS Pack Vendor :SEGGER I-CUBE-embOS 1.3.1
2025-07-04 17:52:07,662 [INFO] ThirdParty:1030 - CMSIS Pack Vendor :STMicroelectronics X-CUBE-ALGOBUILD 1.4.0
2025-07-04 17:52:07,662 [INFO] ThirdParty:1030 - CMSIS Pack Vendor :STMicroelectronics X-CUBE-DPower 1.3.0
2025-07-04 17:52:07,662 [INFO] ThirdParty:1030 - CMSIS Pack Vendor :STMicroelectronics X-CUBE-MEMS1 11.3.0
2025-07-04 17:52:07,662 [INFO] ThirdParty:1030 - CMSIS Pack Vendor :STMicroelectronics FP-SNS-MOTENV1 5.0.0
2025-07-04 17:52:07,662 [INFO] ThirdParty:1030 - CMSIS Pack Vendor :STMicroelectronics USB_DEVICE 1.0.0
2025-07-04 17:52:07,662 [INFO] ThirdParty:1030 - CMSIS Pack Vendor :STMicroelectronics X-CUBE-AZRTOS-H7RS 1.0.0
2025-07-04 17:52:07,663 [INFO] ThirdParty:1030 - CMSIS Pack Vendor :STMicroelectronics X-CUBE-AZRTOS-L4 2.0.0
2025-07-04 17:52:07,663 [INFO] ThirdParty:1030 - CMSIS Pack Vendor :STMicroelectronics ThreadX 0.0.2
2025-07-04 17:52:07,663 [INFO] ThirdParty:1030 - CMSIS Pack Vendor :WES I-CUBE-Cesium 1.3.0
2025-07-04 17:52:07,663 [INFO] ThirdParty:1030 - CMSIS Pack Vendor :STMicroelectronics lwIP 2.1.2
2025-07-04 17:52:07,663 [INFO] ThirdParty:1030 - CMSIS Pack Vendor :STMicroelectronics X-CUBE-SFXS2LP1 4.0.0
2025-07-04 17:52:07,663 [INFO] ThirdParty:1030 - CMSIS Pack Vendor :STMicroelectronics X-CUBE-BLE2 3.3.0
2025-07-04 17:52:07,663 [INFO] ThirdParty:1030 - CMSIS Pack Vendor :STMicroelectronics X-CUBE-TOF1 3.4.2
2025-07-04 17:52:07,663 [INFO] ThirdParty:1030 - CMSIS Pack Vendor :STMicroelectronics X-CUBE-TOF1 3.4.3
2025-07-04 17:52:07,663 [INFO] ThirdParty:1030 - CMSIS Pack Vendor :STMicroelectronics PDM2PCM 3.2.0
2025-07-04 17:52:07,664 [INFO] ThirdParty:841 - exiting critical section [change project]
2025-07-04 17:52:08,283 [INFO] PinOutPanel:1589 - setPackage(No Configuration,No Configuration)
2025-07-04 17:52:08,286 [INFO] PinOutPanel:1589 - setPackage(STM32H743VITx,LQFP100)
2025-07-04 17:52:08,994 [INFO] UtilMem:75 - Before build in PCC Used Memory: 959910872 Bytes (1073741824)
2025-07-04 17:52:09,463 [INFO] UtilMem:75 - After build in PCC Used Memory: 774337368 Bytes (1073741824)
2025-07-04 17:52:09,486 [INFO] ApiDbMcu:508 - Load IP Config File for FREERTOS
2025-07-04 17:52:09,538 [INFO] IPUIPlugin:80 - create IPUIPlugin
2025-07-04 17:52:09,538 [INFO] IPUIPlugin:80 - create IPUIPlugin
2025-07-04 17:52:09,538 [INFO] IPUIPlugin:80 - create IPUIPlugin
2025-07-04 17:52:09,538 [INFO] IPUIPlugin:80 - create IPUIPlugin
2025-07-04 17:52:09,538 [INFO] IPUIPlugin:80 - create IPUIPlugin
2025-07-04 17:52:09,538 [INFO] IPUIPlugin:80 - create IPUIPlugin
2025-07-04 17:52:09,539 [INFO] IPUIPlugin:80 - create IPUIPlugin
2025-07-04 17:52:09,539 [INFO] IPUIPlugin:80 - create IPUIPlugin
2025-07-04 17:52:09,540 [INFO] IPUIPlugin:80 - create IPUIPlugin
2025-07-04 17:52:09,540 [INFO] IPUIPlugin:80 - create IPUIPlugin
2025-07-04 17:52:09,540 [INFO] IPUIPlugin:80 - create IPUIPlugin
2025-07-04 17:52:09,541 [INFO] IPUIPlugin:80 - create IPUIPlugin
2025-07-04 17:52:09,541 [INFO] IPUIPlugin:80 - create IPUIPlugin
2025-07-04 17:52:09,541 [INFO] IPUIPlugin:80 - create IPUIPlugin
2025-07-04 17:52:09,541 [INFO] IPUIPlugin:80 - create IPUIPlugin
2025-07-04 17:52:09,542 [INFO] IPUIPlugin:80 - create IPUIPlugin
2025-07-04 17:52:09,542 [INFO] IPUIPlugin:80 - create IPUIPlugin
2025-07-04 17:52:09,542 [INFO] IPUIPlugin:80 - create IPUIPlugin
2025-07-04 17:52:09,543 [INFO] IPUIPlugin:80 - create IPUIPlugin
2025-07-04 17:52:09,543 [INFO] IPUIPlugin:80 - create IPUIPlugin
2025-07-04 17:52:09,543 [INFO] IPUIPlugin:80 - create IPUIPlugin
2025-07-04 17:52:09,544 [INFO] IPUIPlugin:80 - create IPUIPlugin
2025-07-04 17:52:09,544 [INFO] IPUIPlugin:80 - create IPUIPlugin
2025-07-04 17:52:09,544 [INFO] IPUIPlugin:80 - create IPUIPlugin
2025-07-04 17:52:09,544 [INFO] IPUIPlugin:80 - create IPUIPlugin
2025-07-04 17:52:09,544 [INFO] IPUIPlugin:80 - create IPUIPlugin
2025-07-04 17:52:09,545 [INFO] IPUIPlugin:80 - create IPUIPlugin
2025-07-04 17:52:09,545 [INFO] IPUIPlugin:80 - create IPUIPlugin
2025-07-04 17:52:09,545 [INFO] IPUIPlugin:80 - create IPUIPlugin
2025-07-04 17:52:09,545 [INFO] IPUIPlugin:80 - create IPUIPlugin
2025-07-04 17:52:09,546 [INFO] IPUIPlugin:80 - create IPUIPlugin
2025-07-04 17:52:09,546 [INFO] IPUIPlugin:80 - create IPUIPlugin
2025-07-04 17:52:09,546 [INFO] IPUIPlugin:80 - create IPUIPlugin
2025-07-04 17:52:09,547 [INFO] IPUIPlugin:80 - create IPUIPlugin
2025-07-04 17:52:09,547 [INFO] IPUIPlugin:80 - create IPUIPlugin
2025-07-04 17:52:09,547 [INFO] IPUIPlugin:80 - create IPUIPlugin
2025-07-04 17:52:09,548 [INFO] IPUIPlugin:80 - create IPUIPlugin
2025-07-04 17:52:09,548 [INFO] IPUIPlugin:80 - create IPUIPlugin
2025-07-04 17:52:09,549 [INFO] IPUIPlugin:80 - create IPUIPlugin
2025-07-04 17:52:09,549 [INFO] IPUIPlugin:80 - create IPUIPlugin
2025-07-04 17:52:09,549 [INFO] IPUIPlugin:80 - create IPUIPlugin
2025-07-04 17:52:09,550 [INFO] IPUIPlugin:80 - create IPUIPlugin
2025-07-04 17:52:09,550 [INFO] IPUIPlugin:80 - create IPUIPlugin
2025-07-04 17:52:09,550 [INFO] IPUIPlugin:80 - create IPUIPlugin
2025-07-04 17:52:09,551 [INFO] IPUIPlugin:80 - create IPUIPlugin
2025-07-04 17:52:09,551 [INFO] IPUIPlugin:80 - create IPUIPlugin
2025-07-04 17:52:09,551 [INFO] IPUIPlugin:80 - create IPUIPlugin
2025-07-04 17:52:09,551 [INFO] IPUIPlugin:80 - create IPUIPlugin
2025-07-04 17:52:09,551 [INFO] IPUIPlugin:80 - create IPUIPlugin
2025-07-04 17:52:09,552 [INFO] IPUIPlugin:80 - create IPUIPlugin
2025-07-04 17:52:09,552 [INFO] IPUIPlugin:80 - create IPUIPlugin
2025-07-04 17:52:09,552 [INFO] IPUIPlugin:80 - create IPUIPlugin
2025-07-04 17:52:09,552 [INFO] IPUIPlugin:80 - create IPUIPlugin
2025-07-04 17:52:09,553 [INFO] IPUIPlugin:80 - create IPUIPlugin
2025-07-04 17:52:09,553 [INFO] IPUIPlugin:80 - create IPUIPlugin
2025-07-04 17:52:09,553 [INFO] IPUIPlugin:80 - create IPUIPlugin
2025-07-04 17:52:09,553 [INFO] IPUIPlugin:80 - create IPUIPlugin
2025-07-04 17:52:09,554 [INFO] IPUIPlugin:80 - create IPUIPlugin
2025-07-04 17:52:09,554 [INFO] IPUIPlugin:80 - create IPUIPlugin
2025-07-04 17:52:09,554 [INFO] IPUIPlugin:80 - create IPUIPlugin
2025-07-04 17:52:09,555 [INFO] IPUIPlugin:80 - create IPUIPlugin
2025-07-04 17:52:09,555 [INFO] IPUIPlugin:80 - create IPUIPlugin
2025-07-04 17:52:09,556 [INFO] IPUIPlugin:80 - create IPUIPlugin
2025-07-04 17:52:09,557 [INFO] IPUIPlugin:80 - create IPUIPlugin
2025-07-04 17:52:09,557 [INFO] IPUIPlugin:80 - create IPUIPlugin
2025-07-04 17:52:09,558 [INFO] IPUIPlugin:80 - create IPUIPlugin
2025-07-04 17:52:09,558 [INFO] IPUIPlugin:80 - create IPUIPlugin
2025-07-04 17:52:09,558 [INFO] IPUIPlugin:80 - create IPUIPlugin
2025-07-04 17:52:09,559 [INFO] IPUIPlugin:80 - create IPUIPlugin
2025-07-04 17:52:09,559 [INFO] IPUIPlugin:80 - create IPUIPlugin
2025-07-04 17:52:09,559 [INFO] IPUIPlugin:80 - create IPUIPlugin
2025-07-04 17:52:09,560 [INFO] IPUIPlugin:80 - create IPUIPlugin
2025-07-04 17:52:09,560 [INFO] IPUIPlugin:80 - create IPUIPlugin
2025-07-04 17:52:09,560 [INFO] IPUIPlugin:80 - create IPUIPlugin
2025-07-04 17:52:09,561 [INFO] IPUIPlugin:80 - create IPUIPlugin
2025-07-04 17:52:09,561 [INFO] IPUIPlugin:80 - create IPUIPlugin
2025-07-04 17:52:09,561 [INFO] IPUIPlugin:80 - create IPUIPlugin
2025-07-04 17:52:09,562 [INFO] IPUIPlugin:80 - create IPUIPlugin
2025-07-04 17:52:09,562 [INFO] IPUIPlugin:80 - create IPUIPlugin
2025-07-04 17:52:09,563 [INFO] IPUIPlugin:80 - create IPUIPlugin
2025-07-04 17:52:09,563 [INFO] IPUIPlugin:80 - create IPUIPlugin
2025-07-04 17:52:09,564 [INFO] IPUIPlugin:80 - create IPUIPlugin
2025-07-04 17:52:09,564 [INFO] IPUIPlugin:80 - create IPUIPlugin
2025-07-04 17:52:09,565 [INFO] IPUIPlugin:80 - create IPUIPlugin
2025-07-04 17:52:09,565 [INFO] IPUIPlugin:80 - create IPUIPlugin
2025-07-04 17:52:09,566 [INFO] IPUIPlugin:80 - create IPUIPlugin
2025-07-04 17:52:09,566 [INFO] IPUIPlugin:80 - create IPUIPlugin
2025-07-04 17:52:09,567 [INFO] IPUIPlugin:80 - create IPUIPlugin
2025-07-04 17:52:09,567 [INFO] IPUIPlugin:80 - create IPUIPlugin
2025-07-04 17:52:09,568 [INFO] IPUIPlugin:80 - create IPUIPlugin
2025-07-04 17:52:09,569 [INFO] IPUIPlugin:80 - create IPUIPlugin
2025-07-04 17:52:09,569 [INFO] IPUIPlugin:80 - create IPUIPlugin
2025-07-04 17:52:09,570 [INFO] IPUIPlugin:80 - create IPUIPlugin
2025-07-04 17:52:09,571 [INFO] IPUIPlugin:80 - create IPUIPlugin
2025-07-04 17:52:09,572 [INFO] IPUIPlugin:80 - create IPUIPlugin
2025-07-04 17:52:09,572 [INFO] IPUIPlugin:80 - create IPUIPlugin
2025-07-04 17:52:09,573 [INFO] IPUIPlugin:80 - create IPUIPlugin
2025-07-04 17:52:09,600 [INFO] ApiDbMcu:508 - Load IP Config File for PDM2PCM
2025-07-04 17:52:09,631 [WARN] FreeRTOS:1023 - Null or empty value: should not occur! (nothing added to the table)
2025-07-04 17:52:09,746 [INFO] CADModel:165 - CPN selected for project levelSTM32H743VIT6
2025-07-04 17:52:09,746 [INFO] CADModel:114 - Register for checkConnection events
2025-07-04 17:52:09,749 [INFO] RtosManager:725 - Active RTOS found at IOC load: FREERTOS [Cortex-M7NS]
2025-07-04 17:52:09,829 [INFO] OpenFileManager:385 - Restore cursor
2025-07-04 17:53:48,165 [INFO] NvicIntPanel:101 - NVIC parent = com.st.microxplorer.plugins.ip.nvic.MultiNvicIntPanel[,0,0,450x209,layout=javax.swing.BoxLayout,alignmentX=0.0,alignmentY=0.0,border=,flags=9,maximumSize=,minimumSize=,preferredSize=]
2025-07-04 17:54:13,581 [INFO] NvicIntPanel:101 - NVIC parent = com.st.microxplorer.plugins.ip.nvic.MultiNvicIntPanel[,0,0,0x0,invalid,layout=javax.swing.BoxLayout,alignmentX=0.0,alignmentY=0.0,border=,flags=9,maximumSize=,minimumSize=,preferredSize=]
2025-07-04 17:54:18,584 [INFO] NvicIntPanel:101 - NVIC parent = com.st.microxplorer.plugins.ip.nvic.MultiNvicIntPanel[,0,0,0x0,invalid,layout=javax.swing.BoxLayout,alignmentX=0.0,alignmentY=0.0,border=,flags=9,maximumSize=,minimumSize=,preferredSize=]
2025-07-04 17:54:22,564 [INFO] NvicIntPanel:101 - NVIC parent = com.st.microxplorer.plugins.ip.nvic.MultiNvicIntPanel[,0,0,0x0,invalid,layout=javax.swing.BoxLayout,alignmentX=0.0,alignmentY=0.0,border=,flags=9,maximumSize=,minimumSize=,preferredSize=]
2025-07-04 17:54:38,392 [INFO] NvicIntPanel:101 - NVIC parent = com.st.microxplorer.plugins.ip.nvic.MultiNvicIntPanel[,0,0,0x0,invalid,layout=javax.swing.BoxLayout,alignmentX=0.0,alignmentY=0.0,border=,flags=9,maximumSize=,minimumSize=,preferredSize=]
2025-07-04 17:54:57,449 [INFO] NvicIntPanel:101 - NVIC parent = com.st.microxplorer.plugins.ip.nvic.MultiNvicIntPanel[,0,0,0x0,invalid,layout=javax.swing.BoxLayout,alignmentX=0.0,alignmentY=0.0,border=,flags=9,maximumSize=,minimumSize=,preferredSize=]
2025-07-04 17:55:03,695 [INFO] NvicIntPanel:101 - NVIC parent = com.st.microxplorer.plugins.ip.nvic.MultiNvicIntPanel[,0,0,0x0,invalid,layout=javax.swing.BoxLayout,alignmentX=0.0,alignmentY=0.0,border=,flags=9,maximumSize=,minimumSize=,preferredSize=]
2025-07-04 17:55:15,955 [INFO] NvicIntPanel:101 - NVIC parent = com.st.microxplorer.plugins.ip.nvic.MultiNvicIntPanel[,0,0,0x0,invalid,layout=javax.swing.BoxLayout,alignmentX=0.0,alignmentY=0.0,border=,flags=9,maximumSize=,minimumSize=,preferredSize=]
2025-07-04 17:55:20,270 [INFO] NvicIntPanel:101 - NVIC parent = com.st.microxplorer.plugins.ip.nvic.MultiNvicIntPanel[,0,0,0x0,invalid,layout=javax.swing.BoxLayout,alignmentX=0.0,alignmentY=0.0,border=,flags=9,maximumSize=,minimumSize=,preferredSize=]
2025-07-04 17:55:39,087 [INFO] NvicIntPanel:101 - NVIC parent = com.st.microxplorer.plugins.ip.nvic.MultiNvicIntPanel[,0,0,0x0,invalid,layout=javax.swing.BoxLayout,alignmentX=0.0,alignmentY=0.0,border=,flags=9,maximumSize=,minimumSize=,preferredSize=]
2025-07-04 17:55:45,593 [INFO] NvicIntPanel:101 - NVIC parent = com.st.microxplorer.plugins.ip.nvic.MultiNvicIntPanel[,0,0,0x0,invalid,layout=javax.swing.BoxLayout,alignmentX=0.0,alignmentY=0.0,border=,flags=9,maximumSize=,minimumSize=,preferredSize=]
2025-07-04 17:55:54,196 [INFO] NvicIntPanel:101 - NVIC parent = com.st.microxplorer.plugins.ip.nvic.MultiNvicIntPanel[,0,0,0x0,invalid,layout=javax.swing.BoxLayout,alignmentX=0.0,alignmentY=0.0,border=,flags=9,maximumSize=,minimumSize=,preferredSize=]
2025-07-04 17:55:56,443 [INFO] NvicIntPanel:101 - NVIC parent = com.st.microxplorer.plugins.ip.nvic.MultiNvicIntPanel[,0,0,0x0,invalid,layout=javax.swing.BoxLayout,alignmentX=0.0,alignmentY=0.0,border=,flags=9,maximumSize=,minimumSize=,preferredSize=]
2025-07-04 17:56:52,972 [INFO] NvicIntPanel:101 - NVIC parent = com.st.microxplorer.plugins.ip.nvic.MultiNvicIntPanel[,0,0,0x0,invalid,layout=javax.swing.BoxLayout,alignmentX=0.0,alignmentY=0.0,border=,flags=9,maximumSize=,minimumSize=,preferredSize=]
2025-07-04 17:56:57,140 [INFO] NvicIntPanel:101 - NVIC parent = com.st.microxplorer.plugins.ip.nvic.MultiNvicIntPanel[,0,0,0x0,invalid,layout=javax.swing.BoxLayout,alignmentX=0.0,alignmentY=0.0,border=,flags=9,maximumSize=,minimumSize=,preferredSize=]
2025-07-04 17:57:08,874 [INFO] NvicIntPanel:101 - NVIC parent = com.st.microxplorer.plugins.ip.nvic.MultiNvicIntPanel[,0,0,0x0,invalid,layout=javax.swing.BoxLayout,alignmentX=0.0,alignmentY=0.0,border=,flags=9,maximumSize=,minimumSize=,preferredSize=]
2025-07-04 17:57:12,322 [INFO] NvicIntPanel:101 - NVIC parent = com.st.microxplorer.plugins.ip.nvic.MultiNvicIntPanel[,0,0,0x0,invalid,layout=javax.swing.BoxLayout,alignmentX=0.0,alignmentY=0.0,border=,flags=9,maximumSize=,minimumSize=,preferredSize=]
2025-07-04 17:57:14,567 [INFO] NvicIntPanel:101 - NVIC parent = com.st.microxplorer.plugins.ip.nvic.MultiNvicIntPanel[,0,0,0x0,invalid,layout=javax.swing.BoxLayout,alignmentX=0.0,alignmentY=0.0,border=,flags=9,maximumSize=,minimumSize=,preferredSize=]
2025-07-04 17:57:26,792 [INFO] NvicIntPanel:101 - NVIC parent = com.st.microxplorer.plugins.ip.nvic.MultiNvicIntPanel[,0,0,0x0,invalid,layout=javax.swing.BoxLayout,alignmentX=0.0,alignmentY=0.0,border=,flags=9,maximumSize=,minimumSize=,preferredSize=]
2025-07-04 17:57:34,597 [INFO] NvicIntPanel:101 - NVIC parent = com.st.microxplorer.plugins.ip.nvic.MultiNvicIntPanel[,0,0,0x0,invalid,layout=javax.swing.BoxLayout,alignmentX=0.0,alignmentY=0.0,border=,flags=9,maximumSize=,minimumSize=,preferredSize=]
2025-07-04 17:57:37,938 [INFO] NvicIntPanel:101 - NVIC parent = com.st.microxplorer.plugins.ip.nvic.MultiNvicIntPanel[,0,0,0x0,invalid,layout=javax.swing.BoxLayout,alignmentX=0.0,alignmentY=0.0,border=,flags=9,maximumSize=,minimumSize=,preferredSize=]
2025-07-04 17:57:40,014 [INFO] NvicIntPanel:101 - NVIC parent = com.st.microxplorer.plugins.ip.nvic.MultiNvicIntPanel[,0,0,0x0,invalid,layout=javax.swing.BoxLayout,alignmentX=0.0,alignmentY=0.0,border=,flags=9,maximumSize=,minimumSize=,preferredSize=]
2025-07-04 17:57:40,230 [INFO] NvicIntPanel:101 - NVIC parent = com.st.microxplorer.plugins.ip.nvic.MultiNvicIntPanel[,0,0,0x0,invalid,layout=javax.swing.BoxLayout,alignmentX=0.0,alignmentY=0.0,border=,flags=9,maximumSize=,minimumSize=,preferredSize=]
2025-07-04 17:57:45,439 [INFO] NvicIntPanel:101 - NVIC parent = com.st.microxplorer.plugins.ip.nvic.MultiNvicIntPanel[,0,0,0x0,invalid,layout=javax.swing.BoxLayout,alignmentX=0.0,alignmentY=0.0,border=,flags=9,maximumSize=,minimumSize=,preferredSize=]
2025-07-04 17:57:47,268 [INFO] NvicIntPanel:101 - NVIC parent = com.st.microxplorer.plugins.ip.nvic.MultiNvicIntPanel[,0,0,0x0,invalid,layout=javax.swing.BoxLayout,alignmentX=0.0,alignmentY=0.0,border=,flags=9,maximumSize=,minimumSize=,preferredSize=]
2025-07-04 17:57:52,090 [INFO] NvicIntPanel:101 - NVIC parent = com.st.microxplorer.plugins.ip.nvic.MultiNvicIntPanel[,0,0,0x0,invalid,layout=javax.swing.BoxLayout,alignmentX=0.0,alignmentY=0.0,border=,flags=9,maximumSize=,minimumSize=,preferredSize=]
2025-07-04 17:57:57,777 [INFO] NvicIntPanel:101 - NVIC parent = com.st.microxplorer.plugins.ip.nvic.MultiNvicIntPanel[,0,0,0x0,invalid,layout=javax.swing.BoxLayout,alignmentX=0.0,alignmentY=0.0,border=,flags=9,maximumSize=,minimumSize=,preferredSize=]
2025-07-04 17:58:14,210 [INFO] UtilMem:75 - End SaveConfig() Used Memory: 733883984 Bytes (1073741824)
2025-07-04 17:58:15,742 [INFO] UtilMem:75 - End SaveConfig() Used Memory: 780545464 Bytes (1073741824)
2025-07-04 17:58:19,559 [INFO] UtilMem:75 - End SaveConfig() Used Memory: 1007541440 Bytes (1073741824)
2025-07-04 17:58:19,852 [INFO] BlockDiagram:2775 - set Specific Code input for plugin: SPI
2025-07-04 17:58:19,852 [INFO] BlockDiagram:2775 - set Specific Code input for plugin: FREERTOS
2025-07-04 17:58:19,852 [INFO] BlockDiagram:2775 - set Specific Code input for plugin: RCC
2025-07-04 17:58:19,852 [INFO] BlockDiagram:2775 - set Specific Code input for plugin: I2C
2025-07-04 17:58:19,852 [INFO] BlockDiagram:2775 - set Specific Code input for plugin: TIM1_8H7
2025-07-04 17:58:19,852 [INFO] BlockDiagram:2775 - set Specific Code input for plugin: TIM1_8H7
2025-07-04 17:58:19,852 [INFO] BlockDiagram:2775 - set Specific Code input for plugin: TIM1_8H7
2025-07-04 17:58:19,852 [INFO] BlockDiagram:2775 - set Specific Code input for plugin: MEMORYMAP
2025-07-04 17:58:19,852 [INFO] BlockDiagram:2775 - set Specific Code input for plugin: TIM1_8H7
2025-07-04 17:58:19,852 [INFO] BlockDiagram:2775 - set Specific Code input for plugin: TIM1_8H7
2025-07-04 17:58:19,852 [INFO] BlockDiagram:2775 - set Specific Code input for plugin: TIM1_8H7
2025-07-04 17:58:19,852 [INFO] BlockDiagram:2775 - set Specific Code input for plugin: TIM1_8H7
2025-07-04 17:58:19,853 [INFO] BlockDiagram:2775 - set Specific Code input for plugin: ADC
2025-07-04 17:58:19,853 [INFO] BlockDiagram:2775 - set Specific Code input for plugin: SYS
2025-07-04 17:58:19,853 [INFO] BlockDiagram:2775 - set Specific Code input for plugin: ADC
2025-07-04 17:58:19,853 [INFO] BlockDiagram:2775 - set Specific Code input for plugin: NVIC
2025-07-04 17:58:19,853 [INFO] BlockDiagram:2775 - set Specific Code input for plugin: DMA
2025-07-04 17:58:19,853 [INFO] BlockDiagram:2775 - set Specific Code input for plugin: VREFBUF
2025-07-04 17:58:19,853 [INFO] BlockDiagram:2775 - set Specific Code input for plugin: UART
2025-07-04 17:58:19,853 [INFO] BlockDiagram:2775 - set Specific Code input for plugin: UART
2025-07-04 17:58:19,853 [INFO] BlockDiagram:2775 - set Specific Code input for plugin: DEBUG
2025-07-04 17:58:19,854 [INFO] BlockDiagram:2775 - set Specific Code input for plugin: GPIO
2025-07-04 17:58:19,855 [INFO] CodeGenerator:882 - code generatio: config db path: C:\ST\STM32CubeIDE_1.18.0\STM32CubeIDE\plugins\com.st.stm32cube.common.mx_6.14.0.202502271554\\db\
2025-07-04 17:58:19,989 [INFO] Argument:325 - Argument : hdmavalue: null
2025-07-04 17:58:19,990 [INFO] Argument:327 - 	 sub Args: 
2025-07-04 17:58:19,990 [INFO] Argument:325 - Argument : Instancevalue: DMA1_Stream0
2025-07-04 17:58:19,990 [INFO] Argument:335 - Argument : Instancevalue: DMA1_Stream0
2025-07-04 17:58:19,990 [INFO] Argument:325 - Argument : Initvalue: null
2025-07-04 17:58:19,990 [INFO] Argument:327 - 	 sub Args: 
2025-07-04 17:58:19,990 [INFO] Argument:325 - Argument : Requestvalue: DMA_REQUEST_TIM3_CH1
2025-07-04 17:58:19,990 [INFO] Argument:335 - Argument : Requestvalue: DMA_REQUEST_TIM3_CH1
2025-07-04 17:58:19,990 [INFO] Argument:325 - Argument : Directionvalue: DMA_MEMORY_TO_PERIPH
2025-07-04 17:58:19,990 [INFO] Argument:335 - Argument : Directionvalue: DMA_MEMORY_TO_PERIPH
2025-07-04 17:58:19,990 [INFO] Argument:325 - Argument : PeriphIncvalue: DMA_PINC_DISABLE
2025-07-04 17:58:19,990 [INFO] Argument:335 - Argument : PeriphIncvalue: DMA_PINC_DISABLE
2025-07-04 17:58:19,990 [INFO] Argument:325 - Argument : MemIncvalue: DMA_MINC_ENABLE
2025-07-04 17:58:19,990 [INFO] Argument:335 - Argument : MemIncvalue: DMA_MINC_ENABLE
2025-07-04 17:58:19,990 [INFO] Argument:325 - Argument : PeriphDataAlignmentvalue: DMA_PDATAALIGN_HALFWORD
2025-07-04 17:58:19,990 [INFO] Argument:335 - Argument : PeriphDataAlignmentvalue: DMA_PDATAALIGN_HALFWORD
2025-07-04 17:58:19,990 [INFO] Argument:325 - Argument : MemDataAlignmentvalue: DMA_MDATAALIGN_HALFWORD
2025-07-04 17:58:19,991 [INFO] Argument:335 - Argument : MemDataAlignmentvalue: DMA_MDATAALIGN_HALFWORD
2025-07-04 17:58:19,991 [INFO] Argument:325 - Argument : Modevalue: DMA_NORMAL
2025-07-04 17:58:19,991 [INFO] Argument:335 - Argument : Modevalue: DMA_NORMAL
2025-07-04 17:58:19,991 [INFO] Argument:325 - Argument : Priorityvalue: DMA_PRIORITY_HIGH
2025-07-04 17:58:19,991 [INFO] Argument:335 - Argument : Priorityvalue: DMA_PRIORITY_HIGH
2025-07-04 17:58:19,991 [INFO] Argument:325 - Argument : FIFOModevalue: DMA_FIFOMODE_DISABLE
2025-07-04 17:58:19,991 [INFO] Argument:335 - Argument : FIFOModevalue: DMA_FIFOMODE_DISABLE
2025-07-04 17:58:19,991 [INFO] Argument:325 - Argument : FIFOThresholdvalue: null
2025-07-04 17:58:19,991 [INFO] Argument:335 - Argument : FIFOThresholdvalue: null
2025-07-04 17:58:19,991 [INFO] Argument:325 - Argument : MemBurstvalue: null
2025-07-04 17:58:19,991 [INFO] Argument:335 - Argument : MemBurstvalue: null
2025-07-04 17:58:19,991 [INFO] Argument:325 - Argument : PeriphBurstvalue: null
2025-07-04 17:58:19,991 [INFO] Argument:335 - Argument : PeriphBurstvalue: null
2025-07-04 17:58:19,991 [INFO] Argument:325 - Argument : Lockvalue: null
2025-07-04 17:58:19,991 [INFO] Argument:335 - Argument : Lockvalue: null
2025-07-04 17:58:19,991 [INFO] Argument:325 - Argument : Statevalue: null
2025-07-04 17:58:19,992 [INFO] Argument:335 - Argument : Statevalue: null
2025-07-04 17:58:19,992 [INFO] Argument:325 - Argument : Parentvalue: null
2025-07-04 17:58:19,992 [INFO] Argument:335 - Argument : Parentvalue: null
2025-07-04 17:58:19,992 [INFO] Argument:325 - Argument : XferCpltCallbackvalue: null
2025-07-04 17:58:19,992 [INFO] Argument:335 - Argument : XferCpltCallbackvalue: null
2025-07-04 17:58:19,992 [INFO] Argument:325 - Argument : XferHalfCpltCallbackvalue: null
2025-07-04 17:58:19,992 [INFO] Argument:335 - Argument : XferHalfCpltCallbackvalue: null
2025-07-04 17:58:19,992 [INFO] Argument:325 - Argument : XferM1CpltCallbackvalue: null
2025-07-04 17:58:19,993 [INFO] Argument:335 - Argument : XferM1CpltCallbackvalue: null
2025-07-04 17:58:19,993 [INFO] Argument:325 - Argument : XferM1HalfCpltCallbackvalue: null
2025-07-04 17:58:19,993 [INFO] Argument:335 - Argument : XferM1HalfCpltCallbackvalue: null
2025-07-04 17:58:19,993 [INFO] Argument:325 - Argument : XferErrorCallbackvalue: null
2025-07-04 17:58:19,993 [INFO] Argument:335 - Argument : XferErrorCallbackvalue: null
2025-07-04 17:58:19,993 [INFO] Argument:325 - Argument : XferAbortCallbackvalue: null
2025-07-04 17:58:19,993 [INFO] Argument:335 - Argument : XferAbortCallbackvalue: null
2025-07-04 17:58:19,994 [INFO] Argument:325 - Argument : ErrorCodevalue: null
2025-07-04 17:58:19,994 [INFO] Argument:335 - Argument : ErrorCodevalue: null
2025-07-04 17:58:19,994 [INFO] Argument:325 - Argument : StreamBaseAddressvalue: null
2025-07-04 17:58:19,994 [INFO] Argument:335 - Argument : StreamBaseAddressvalue: null
2025-07-04 17:58:19,994 [INFO] Argument:325 - Argument : StreamIndexvalue: null
2025-07-04 17:58:19,994 [INFO] Argument:335 - Argument : StreamIndexvalue: null
2025-07-04 17:58:19,994 [INFO] Argument:325 - Argument : hdmavalue: null
2025-07-04 17:58:19,994 [INFO] Argument:327 - 	 sub Args: 
2025-07-04 17:58:19,994 [INFO] Argument:325 - Argument : Instancevalue: DMA1_Stream1
2025-07-04 17:58:19,995 [INFO] Argument:335 - Argument : Instancevalue: DMA1_Stream1
2025-07-04 17:58:19,995 [INFO] Argument:325 - Argument : Initvalue: null
2025-07-04 17:58:19,995 [INFO] Argument:327 - 	 sub Args: 
2025-07-04 17:58:19,995 [INFO] Argument:325 - Argument : Requestvalue: DMA_REQUEST_TIM3_CH2
2025-07-04 17:58:19,995 [INFO] Argument:335 - Argument : Requestvalue: DMA_REQUEST_TIM3_CH2
2025-07-04 17:58:19,995 [INFO] Argument:325 - Argument : Directionvalue: DMA_MEMORY_TO_PERIPH
2025-07-04 17:58:19,995 [INFO] Argument:335 - Argument : Directionvalue: DMA_MEMORY_TO_PERIPH
2025-07-04 17:58:19,995 [INFO] Argument:325 - Argument : PeriphIncvalue: DMA_PINC_DISABLE
2025-07-04 17:58:19,995 [INFO] Argument:335 - Argument : PeriphIncvalue: DMA_PINC_DISABLE
2025-07-04 17:58:19,995 [INFO] Argument:325 - Argument : MemIncvalue: DMA_MINC_ENABLE
2025-07-04 17:58:19,995 [INFO] Argument:335 - Argument : MemIncvalue: DMA_MINC_ENABLE
2025-07-04 17:58:19,995 [INFO] Argument:325 - Argument : PeriphDataAlignmentvalue: DMA_PDATAALIGN_HALFWORD
2025-07-04 17:58:19,995 [INFO] Argument:335 - Argument : PeriphDataAlignmentvalue: DMA_PDATAALIGN_HALFWORD
2025-07-04 17:58:19,995 [INFO] Argument:325 - Argument : MemDataAlignmentvalue: DMA_MDATAALIGN_HALFWORD
2025-07-04 17:58:19,995 [INFO] Argument:335 - Argument : MemDataAlignmentvalue: DMA_MDATAALIGN_HALFWORD
2025-07-04 17:58:19,995 [INFO] Argument:325 - Argument : Modevalue: DMA_NORMAL
2025-07-04 17:58:19,995 [INFO] Argument:335 - Argument : Modevalue: DMA_NORMAL
2025-07-04 17:58:19,996 [INFO] Argument:325 - Argument : Priorityvalue: DMA_PRIORITY_HIGH
2025-07-04 17:58:19,996 [INFO] Argument:335 - Argument : Priorityvalue: DMA_PRIORITY_HIGH
2025-07-04 17:58:19,996 [INFO] Argument:325 - Argument : FIFOModevalue: DMA_FIFOMODE_DISABLE
2025-07-04 17:58:19,996 [INFO] Argument:335 - Argument : FIFOModevalue: DMA_FIFOMODE_DISABLE
2025-07-04 17:58:19,996 [INFO] Argument:325 - Argument : FIFOThresholdvalue: null
2025-07-04 17:58:19,996 [INFO] Argument:335 - Argument : FIFOThresholdvalue: null
2025-07-04 17:58:19,996 [INFO] Argument:325 - Argument : MemBurstvalue: null
2025-07-04 17:58:19,996 [INFO] Argument:335 - Argument : MemBurstvalue: null
2025-07-04 17:58:19,996 [INFO] Argument:325 - Argument : PeriphBurstvalue: null
2025-07-04 17:58:19,996 [INFO] Argument:335 - Argument : PeriphBurstvalue: null
2025-07-04 17:58:19,996 [INFO] Argument:325 - Argument : Lockvalue: null
2025-07-04 17:58:19,996 [INFO] Argument:335 - Argument : Lockvalue: null
2025-07-04 17:58:19,996 [INFO] Argument:325 - Argument : Statevalue: null
2025-07-04 17:58:19,996 [INFO] Argument:335 - Argument : Statevalue: null
2025-07-04 17:58:19,996 [INFO] Argument:325 - Argument : Parentvalue: null
2025-07-04 17:58:19,996 [INFO] Argument:335 - Argument : Parentvalue: null
2025-07-04 17:58:19,997 [INFO] Argument:325 - Argument : XferCpltCallbackvalue: null
2025-07-04 17:58:19,997 [INFO] Argument:335 - Argument : XferCpltCallbackvalue: null
2025-07-04 17:58:19,997 [INFO] Argument:325 - Argument : XferHalfCpltCallbackvalue: null
2025-07-04 17:58:19,997 [INFO] Argument:335 - Argument : XferHalfCpltCallbackvalue: null
2025-07-04 17:58:19,997 [INFO] Argument:325 - Argument : XferM1CpltCallbackvalue: null
2025-07-04 17:58:19,997 [INFO] Argument:335 - Argument : XferM1CpltCallbackvalue: null
2025-07-04 17:58:19,997 [INFO] Argument:325 - Argument : XferM1HalfCpltCallbackvalue: null
2025-07-04 17:58:19,997 [INFO] Argument:335 - Argument : XferM1HalfCpltCallbackvalue: null
2025-07-04 17:58:19,997 [INFO] Argument:325 - Argument : XferErrorCallbackvalue: null
2025-07-04 17:58:19,997 [INFO] Argument:335 - Argument : XferErrorCallbackvalue: null
2025-07-04 17:58:19,997 [INFO] Argument:325 - Argument : XferAbortCallbackvalue: null
2025-07-04 17:58:19,997 [INFO] Argument:335 - Argument : XferAbortCallbackvalue: null
2025-07-04 17:58:19,997 [INFO] Argument:325 - Argument : ErrorCodevalue: null
2025-07-04 17:58:19,997 [INFO] Argument:335 - Argument : ErrorCodevalue: null
2025-07-04 17:58:19,997 [INFO] Argument:325 - Argument : StreamBaseAddressvalue: null
2025-07-04 17:58:19,997 [INFO] Argument:335 - Argument : StreamBaseAddressvalue: null
2025-07-04 17:58:19,997 [INFO] Argument:325 - Argument : StreamIndexvalue: null
2025-07-04 17:58:19,998 [INFO] Argument:335 - Argument : StreamIndexvalue: null
2025-07-04 17:58:20,030 [INFO] Argument:325 - Argument : hdmavalue: null
2025-07-04 17:58:20,030 [INFO] Argument:327 - 	 sub Args: 
2025-07-04 17:58:20,031 [INFO] Argument:325 - Argument : Instancevalue: DMA1_Stream3
2025-07-04 17:58:20,031 [INFO] Argument:335 - Argument : Instancevalue: DMA1_Stream3
2025-07-04 17:58:20,031 [INFO] Argument:325 - Argument : Initvalue: null
2025-07-04 17:58:20,031 [INFO] Argument:327 - 	 sub Args: 
2025-07-04 17:58:20,031 [INFO] Argument:325 - Argument : Requestvalue: DMA_REQUEST_TIM15_UP
2025-07-04 17:58:20,031 [INFO] Argument:335 - Argument : Requestvalue: DMA_REQUEST_TIM15_UP
2025-07-04 17:58:20,031 [INFO] Argument:325 - Argument : Directionvalue: DMA_PERIPH_TO_MEMORY
2025-07-04 17:58:20,031 [INFO] Argument:335 - Argument : Directionvalue: DMA_PERIPH_TO_MEMORY
2025-07-04 17:58:20,031 [INFO] Argument:325 - Argument : PeriphIncvalue: DMA_PINC_DISABLE
2025-07-04 17:58:20,031 [INFO] Argument:335 - Argument : PeriphIncvalue: DMA_PINC_DISABLE
2025-07-04 17:58:20,031 [INFO] Argument:325 - Argument : MemIncvalue: DMA_MINC_ENABLE
2025-07-04 17:58:20,031 [INFO] Argument:335 - Argument : MemIncvalue: DMA_MINC_ENABLE
2025-07-04 17:58:20,031 [INFO] Argument:325 - Argument : PeriphDataAlignmentvalue: DMA_PDATAALIGN_HALFWORD
2025-07-04 17:58:20,031 [INFO] Argument:335 - Argument : PeriphDataAlignmentvalue: DMA_PDATAALIGN_HALFWORD
2025-07-04 17:58:20,031 [INFO] Argument:325 - Argument : MemDataAlignmentvalue: DMA_MDATAALIGN_HALFWORD
2025-07-04 17:58:20,031 [INFO] Argument:335 - Argument : MemDataAlignmentvalue: DMA_MDATAALIGN_HALFWORD
2025-07-04 17:58:20,031 [INFO] Argument:325 - Argument : Modevalue: DMA_NORMAL
2025-07-04 17:58:20,031 [INFO] Argument:335 - Argument : Modevalue: DMA_NORMAL
2025-07-04 17:58:20,031 [INFO] Argument:325 - Argument : Priorityvalue: DMA_PRIORITY_VERY_HIGH
2025-07-04 17:58:20,031 [INFO] Argument:335 - Argument : Priorityvalue: DMA_PRIORITY_VERY_HIGH
2025-07-04 17:58:20,031 [INFO] Argument:325 - Argument : FIFOModevalue: DMA_FIFOMODE_DISABLE
2025-07-04 17:58:20,032 [INFO] Argument:335 - Argument : FIFOModevalue: DMA_FIFOMODE_DISABLE
2025-07-04 17:58:20,032 [INFO] Argument:325 - Argument : FIFOThresholdvalue: null
2025-07-04 17:58:20,032 [INFO] Argument:335 - Argument : FIFOThresholdvalue: null
2025-07-04 17:58:20,032 [INFO] Argument:325 - Argument : MemBurstvalue: null
2025-07-04 17:58:20,032 [INFO] Argument:335 - Argument : MemBurstvalue: null
2025-07-04 17:58:20,032 [INFO] Argument:325 - Argument : PeriphBurstvalue: null
2025-07-04 17:58:20,032 [INFO] Argument:335 - Argument : PeriphBurstvalue: null
2025-07-04 17:58:20,032 [INFO] Argument:325 - Argument : Lockvalue: null
2025-07-04 17:58:20,032 [INFO] Argument:335 - Argument : Lockvalue: null
2025-07-04 17:58:20,032 [INFO] Argument:325 - Argument : Statevalue: null
2025-07-04 17:58:20,032 [INFO] Argument:335 - Argument : Statevalue: null
2025-07-04 17:58:20,032 [INFO] Argument:325 - Argument : Parentvalue: null
2025-07-04 17:58:20,032 [INFO] Argument:335 - Argument : Parentvalue: null
2025-07-04 17:58:20,032 [INFO] Argument:325 - Argument : XferCpltCallbackvalue: null
2025-07-04 17:58:20,032 [INFO] Argument:335 - Argument : XferCpltCallbackvalue: null
2025-07-04 17:58:20,032 [INFO] Argument:325 - Argument : XferHalfCpltCallbackvalue: null
2025-07-04 17:58:20,032 [INFO] Argument:335 - Argument : XferHalfCpltCallbackvalue: null
2025-07-04 17:58:20,032 [INFO] Argument:325 - Argument : XferM1CpltCallbackvalue: null
2025-07-04 17:58:20,032 [INFO] Argument:335 - Argument : XferM1CpltCallbackvalue: null
2025-07-04 17:58:20,032 [INFO] Argument:325 - Argument : XferM1HalfCpltCallbackvalue: null
2025-07-04 17:58:20,033 [INFO] Argument:335 - Argument : XferM1HalfCpltCallbackvalue: null
2025-07-04 17:58:20,033 [INFO] Argument:325 - Argument : XferErrorCallbackvalue: null
2025-07-04 17:58:20,033 [INFO] Argument:335 - Argument : XferErrorCallbackvalue: null
2025-07-04 17:58:20,033 [INFO] Argument:325 - Argument : XferAbortCallbackvalue: null
2025-07-04 17:58:20,033 [INFO] Argument:335 - Argument : XferAbortCallbackvalue: null
2025-07-04 17:58:20,033 [INFO] Argument:325 - Argument : ErrorCodevalue: null
2025-07-04 17:58:20,033 [INFO] Argument:335 - Argument : ErrorCodevalue: null
2025-07-04 17:58:20,033 [INFO] Argument:325 - Argument : StreamBaseAddressvalue: null
2025-07-04 17:58:20,033 [INFO] Argument:335 - Argument : StreamBaseAddressvalue: null
2025-07-04 17:58:20,033 [INFO] Argument:325 - Argument : StreamIndexvalue: null
2025-07-04 17:58:20,033 [INFO] Argument:335 - Argument : StreamIndexvalue: null
2025-07-04 17:58:20,044 [INFO] Argument:325 - Argument : hdmavalue: null
2025-07-04 17:58:20,044 [INFO] Argument:327 - 	 sub Args: 
2025-07-04 17:58:20,044 [INFO] Argument:325 - Argument : Instancevalue: DMA1_Stream2
2025-07-04 17:58:20,044 [INFO] Argument:335 - Argument : Instancevalue: DMA1_Stream2
2025-07-04 17:58:20,044 [INFO] Argument:325 - Argument : Initvalue: null
2025-07-04 17:58:20,045 [INFO] Argument:327 - 	 sub Args: 
2025-07-04 17:58:20,045 [INFO] Argument:325 - Argument : Requestvalue: DMA_REQUEST_TIM16_UP
2025-07-04 17:58:20,045 [INFO] Argument:335 - Argument : Requestvalue: DMA_REQUEST_TIM16_UP
2025-07-04 17:58:20,045 [INFO] Argument:325 - Argument : Directionvalue: DMA_PERIPH_TO_MEMORY
2025-07-04 17:58:20,045 [INFO] Argument:335 - Argument : Directionvalue: DMA_PERIPH_TO_MEMORY
2025-07-04 17:58:20,045 [INFO] Argument:325 - Argument : PeriphIncvalue: DMA_PINC_DISABLE
2025-07-04 17:58:20,045 [INFO] Argument:335 - Argument : PeriphIncvalue: DMA_PINC_DISABLE
2025-07-04 17:58:20,045 [INFO] Argument:325 - Argument : MemIncvalue: DMA_MINC_ENABLE
2025-07-04 17:58:20,045 [INFO] Argument:335 - Argument : MemIncvalue: DMA_MINC_ENABLE
2025-07-04 17:58:20,045 [INFO] Argument:325 - Argument : PeriphDataAlignmentvalue: DMA_PDATAALIGN_HALFWORD
2025-07-04 17:58:20,045 [INFO] Argument:335 - Argument : PeriphDataAlignmentvalue: DMA_PDATAALIGN_HALFWORD
2025-07-04 17:58:20,045 [INFO] Argument:325 - Argument : MemDataAlignmentvalue: DMA_MDATAALIGN_HALFWORD
2025-07-04 17:58:20,045 [INFO] Argument:335 - Argument : MemDataAlignmentvalue: DMA_MDATAALIGN_HALFWORD
2025-07-04 17:58:20,045 [INFO] Argument:325 - Argument : Modevalue: DMA_NORMAL
2025-07-04 17:58:20,045 [INFO] Argument:335 - Argument : Modevalue: DMA_NORMAL
2025-07-04 17:58:20,045 [INFO] Argument:325 - Argument : Priorityvalue: DMA_PRIORITY_VERY_HIGH
2025-07-04 17:58:20,045 [INFO] Argument:335 - Argument : Priorityvalue: DMA_PRIORITY_VERY_HIGH
2025-07-04 17:58:20,045 [INFO] Argument:325 - Argument : FIFOModevalue: DMA_FIFOMODE_DISABLE
2025-07-04 17:58:20,045 [INFO] Argument:335 - Argument : FIFOModevalue: DMA_FIFOMODE_DISABLE
2025-07-04 17:58:20,045 [INFO] Argument:325 - Argument : FIFOThresholdvalue: null
2025-07-04 17:58:20,046 [INFO] Argument:335 - Argument : FIFOThresholdvalue: null
2025-07-04 17:58:20,046 [INFO] Argument:325 - Argument : MemBurstvalue: null
2025-07-04 17:58:20,046 [INFO] Argument:335 - Argument : MemBurstvalue: null
2025-07-04 17:58:20,046 [INFO] Argument:325 - Argument : PeriphBurstvalue: null
2025-07-04 17:58:20,046 [INFO] Argument:335 - Argument : PeriphBurstvalue: null
2025-07-04 17:58:20,046 [INFO] Argument:325 - Argument : Lockvalue: null
2025-07-04 17:58:20,046 [INFO] Argument:335 - Argument : Lockvalue: null
2025-07-04 17:58:20,046 [INFO] Argument:325 - Argument : Statevalue: null
2025-07-04 17:58:20,046 [INFO] Argument:335 - Argument : Statevalue: null
2025-07-04 17:58:20,046 [INFO] Argument:325 - Argument : Parentvalue: null
2025-07-04 17:58:20,046 [INFO] Argument:335 - Argument : Parentvalue: null
2025-07-04 17:58:20,046 [INFO] Argument:325 - Argument : XferCpltCallbackvalue: null
2025-07-04 17:58:20,046 [INFO] Argument:335 - Argument : XferCpltCallbackvalue: null
2025-07-04 17:58:20,046 [INFO] Argument:325 - Argument : XferHalfCpltCallbackvalue: null
2025-07-04 17:58:20,046 [INFO] Argument:335 - Argument : XferHalfCpltCallbackvalue: null
2025-07-04 17:58:20,046 [INFO] Argument:325 - Argument : XferM1CpltCallbackvalue: null
2025-07-04 17:58:20,046 [INFO] Argument:335 - Argument : XferM1CpltCallbackvalue: null
2025-07-04 17:58:20,047 [INFO] Argument:325 - Argument : XferM1HalfCpltCallbackvalue: null
2025-07-04 17:58:20,047 [INFO] Argument:335 - Argument : XferM1HalfCpltCallbackvalue: null
2025-07-04 17:58:20,047 [INFO] Argument:325 - Argument : XferErrorCallbackvalue: null
2025-07-04 17:58:20,047 [INFO] Argument:335 - Argument : XferErrorCallbackvalue: null
2025-07-04 17:58:20,047 [INFO] Argument:325 - Argument : XferAbortCallbackvalue: null
2025-07-04 17:58:20,047 [INFO] Argument:335 - Argument : XferAbortCallbackvalue: null
2025-07-04 17:58:20,047 [INFO] Argument:325 - Argument : ErrorCodevalue: null
2025-07-04 17:58:20,047 [INFO] Argument:335 - Argument : ErrorCodevalue: null
2025-07-04 17:58:20,047 [INFO] Argument:325 - Argument : StreamBaseAddressvalue: null
2025-07-04 17:58:20,047 [INFO] Argument:335 - Argument : StreamBaseAddressvalue: null
2025-07-04 17:58:20,047 [INFO] Argument:325 - Argument : StreamIndexvalue: null
2025-07-04 17:58:20,047 [INFO] Argument:335 - Argument : StreamIndexvalue: null
2025-07-04 17:58:20,324 [INFO] CodeEngine:263 - oldGeneratedFile, C:\Users\marcv\Desktop\X1-Thorn\1_Code\3_STM32\0_workspace\X1_Thorn_v3\MXTmpFiles\license.tmp_save
2025-07-04 17:58:20,538 [INFO] CodeEngine:287 - Generated code: C:\Users\marcv\Desktop\X1-Thorn\1_Code\3_STM32\0_workspace\X1_Thorn_v3\MXTmpFiles\license.tmp
2025-07-04 17:58:20,735 [INFO] CodeEngine:263 - oldGeneratedFile, C:\Users\marcv\Desktop\X1-Thorn\1_Code\3_STM32\0_workspace\X1_Thorn_v3\Core\Src\gpio.c_save
2025-07-04 17:58:20,907 [INFO] CodeEngine:287 - Generated code: C:\Users\marcv\Desktop\X1-Thorn\1_Code\3_STM32\0_workspace\X1_Thorn_v3\Core\Src\gpio.c
2025-07-04 17:58:20,935 [INFO] CodeEngine:263 - oldGeneratedFile, C:\Users\marcv\Desktop\X1-Thorn\1_Code\3_STM32\0_workspace\X1_Thorn_v3\Core\Inc\gpio.h_save
2025-07-04 17:58:21,078 [INFO] CodeEngine:287 - Generated code: C:\Users\marcv\Desktop\X1-Thorn\1_Code\3_STM32\0_workspace\X1_Thorn_v3\Core\Inc\gpio.h
2025-07-04 17:58:21,538 [WARN] IPConfigManager:103 - WARNING: Missing Config File for DEBUG ip!!
2025-07-04 17:58:21,981 [WARN] IPConfigManager:103 - WARNING: Missing Config File for MEMORYMAP ip!!
2025-07-04 17:58:25,066 [INFO] Middleware:1452 - No code input for Bsp Dependency
2025-07-04 17:58:25,095 [INFO] CodeEngine:263 - oldGeneratedFile, C:\Users\marcv\Desktop\X1-Thorn\1_Code\3_STM32\0_workspace\X1_Thorn_v3\MXTmpFiles\rtos_inc.tmp_save
2025-07-04 17:58:25,244 [INFO] CodeEngine:287 - Generated code: C:\Users\marcv\Desktop\X1-Thorn\1_Code\3_STM32\0_workspace\X1_Thorn_v3\MXTmpFiles\rtos_inc.tmp
2025-07-04 17:58:25,260 [INFO] CodeEngine:263 - oldGeneratedFile, C:\Users\marcv\Desktop\X1-Thorn\1_Code\3_STM32\0_workspace\X1_Thorn_v3\MXTmpFiles\rtos_kernelInit.tmp_save
2025-07-04 17:58:25,365 [INFO] CodeEngine:287 - Generated code: C:\Users\marcv\Desktop\X1-Thorn\1_Code\3_STM32\0_workspace\X1_Thorn_v3\MXTmpFiles\rtos_kernelInit.tmp
2025-07-04 17:58:25,379 [INFO] CodeEngine:263 - oldGeneratedFile, C:\Users\marcv\Desktop\X1-Thorn\1_Code\3_STM32\0_workspace\X1_Thorn_v3\MXTmpFiles\rtos_kernelStart.tmp_save
2025-07-04 17:58:25,460 [INFO] CodeEngine:287 - Generated code: C:\Users\marcv\Desktop\X1-Thorn\1_Code\3_STM32\0_workspace\X1_Thorn_v3\MXTmpFiles\rtos_kernelStart.tmp
2025-07-04 17:58:25,479 [INFO] CodeEngine:263 - oldGeneratedFile, C:\Users\marcv\Desktop\X1-Thorn\1_Code\3_STM32\0_workspace\X1_Thorn_v3\MXTmpFiles\rtos_typedefs.tmp_save
2025-07-04 17:58:25,575 [INFO] CodeEngine:287 - Generated code: C:\Users\marcv\Desktop\X1-Thorn\1_Code\3_STM32\0_workspace\X1_Thorn_v3\MXTmpFiles\rtos_typedefs.tmp
2025-07-04 17:58:25,592 [INFO] CodeEngine:263 - oldGeneratedFile, C:\Users\marcv\Desktop\X1-Thorn\1_Code\3_STM32\0_workspace\X1_Thorn_v3\MXTmpFiles\rtos_vars.tmp_save
2025-07-04 17:58:25,682 [INFO] CodeEngine:287 - Generated code: C:\Users\marcv\Desktop\X1-Thorn\1_Code\3_STM32\0_workspace\X1_Thorn_v3\MXTmpFiles\rtos_vars.tmp
2025-07-04 17:58:25,698 [INFO] CodeEngine:263 - oldGeneratedFile, C:\Users\marcv\Desktop\X1-Thorn\1_Code\3_STM32\0_workspace\X1_Thorn_v3\MXTmpFiles\rtos_pfp.tmp_save
2025-07-04 17:58:25,787 [INFO] CodeEngine:287 - Generated code: C:\Users\marcv\Desktop\X1-Thorn\1_Code\3_STM32\0_workspace\X1_Thorn_v3\MXTmpFiles\rtos_pfp.tmp
2025-07-04 17:58:25,803 [INFO] CodeEngine:263 - oldGeneratedFile, C:\Users\marcv\Desktop\X1-Thorn\1_Code\3_STM32\0_workspace\X1_Thorn_v3\MXTmpFiles\rtos_obj_creat.tmp_save
2025-07-04 17:58:25,888 [INFO] CodeEngine:287 - Generated code: C:\Users\marcv\Desktop\X1-Thorn\1_Code\3_STM32\0_workspace\X1_Thorn_v3\MXTmpFiles\rtos_obj_creat.tmp
2025-07-04 17:58:25,904 [INFO] CodeEngine:263 - oldGeneratedFile, C:\Users\marcv\Desktop\X1-Thorn\1_Code\3_STM32\0_workspace\X1_Thorn_v3\MXTmpFiles\rtos_default_thread.tmp_save
2025-07-04 17:58:25,983 [INFO] CodeEngine:287 - Generated code: C:\Users\marcv\Desktop\X1-Thorn\1_Code\3_STM32\0_workspace\X1_Thorn_v3\MXTmpFiles\rtos_default_thread.tmp
2025-07-04 17:58:25,998 [INFO] CodeEngine:263 - oldGeneratedFile, C:\Users\marcv\Desktop\X1-Thorn\1_Code\3_STM32\0_workspace\X1_Thorn_v3\MXTmpFiles\rtos_threads.tmp_save
2025-07-04 17:58:26,062 [INFO] CodeEngine:287 - Generated code: C:\Users\marcv\Desktop\X1-Thorn\1_Code\3_STM32\0_workspace\X1_Thorn_v3\MXTmpFiles\rtos_threads.tmp
2025-07-04 17:58:26,104 [INFO] Middleware:1452 - No code input for Bsp Dependency
2025-07-04 17:58:26,117 [INFO] CodeEngine:263 - oldGeneratedFile, C:\Users\marcv\Desktop\X1-Thorn\1_Code\3_STM32\0_workspace\X1_Thorn_v3\MXTmpFiles\rtos_inc.tmp_save
2025-07-04 17:58:26,197 [INFO] CodeEngine:287 - Generated code: C:\Users\marcv\Desktop\X1-Thorn\1_Code\3_STM32\0_workspace\X1_Thorn_v3\MXTmpFiles\rtos_inc.tmp
2025-07-04 17:58:26,205 [INFO] CodeEngine:263 - oldGeneratedFile, C:\Users\marcv\Desktop\X1-Thorn\1_Code\3_STM32\0_workspace\X1_Thorn_v3\MXTmpFiles\rtos_kernelInit.tmp_save
2025-07-04 17:58:26,269 [INFO] CodeEngine:287 - Generated code: C:\Users\marcv\Desktop\X1-Thorn\1_Code\3_STM32\0_workspace\X1_Thorn_v3\MXTmpFiles\rtos_kernelInit.tmp
2025-07-04 17:58:26,276 [INFO] CodeEngine:263 - oldGeneratedFile, C:\Users\marcv\Desktop\X1-Thorn\1_Code\3_STM32\0_workspace\X1_Thorn_v3\MXTmpFiles\rtos_kernelStart.tmp_save
2025-07-04 17:58:26,336 [INFO] CodeEngine:287 - Generated code: C:\Users\marcv\Desktop\X1-Thorn\1_Code\3_STM32\0_workspace\X1_Thorn_v3\MXTmpFiles\rtos_kernelStart.tmp
2025-07-04 17:58:26,343 [INFO] CodeEngine:263 - oldGeneratedFile, C:\Users\marcv\Desktop\X1-Thorn\1_Code\3_STM32\0_workspace\X1_Thorn_v3\MXTmpFiles\rtos_typedefs.tmp_save
2025-07-04 17:58:26,408 [INFO] CodeEngine:287 - Generated code: C:\Users\marcv\Desktop\X1-Thorn\1_Code\3_STM32\0_workspace\X1_Thorn_v3\MXTmpFiles\rtos_typedefs.tmp
2025-07-04 17:58:26,428 [INFO] CodeEngine:263 - oldGeneratedFile, C:\Users\marcv\Desktop\X1-Thorn\1_Code\3_STM32\0_workspace\X1_Thorn_v3\MXTmpFiles\rtos_vars.tmp_save
2025-07-04 17:58:26,510 [INFO] CodeEngine:287 - Generated code: C:\Users\marcv\Desktop\X1-Thorn\1_Code\3_STM32\0_workspace\X1_Thorn_v3\MXTmpFiles\rtos_vars.tmp
2025-07-04 17:58:26,522 [INFO] CodeEngine:263 - oldGeneratedFile, C:\Users\marcv\Desktop\X1-Thorn\1_Code\3_STM32\0_workspace\X1_Thorn_v3\MXTmpFiles\rtos_pfp.tmp_save
2025-07-04 17:58:26,590 [INFO] CodeEngine:287 - Generated code: C:\Users\marcv\Desktop\X1-Thorn\1_Code\3_STM32\0_workspace\X1_Thorn_v3\MXTmpFiles\rtos_pfp.tmp
2025-07-04 17:58:26,612 [INFO] CodeEngine:263 - oldGeneratedFile, C:\Users\marcv\Desktop\X1-Thorn\1_Code\3_STM32\0_workspace\X1_Thorn_v3\MXTmpFiles\rtos_obj_creat.tmp_save
2025-07-04 17:58:26,691 [INFO] CodeEngine:287 - Generated code: C:\Users\marcv\Desktop\X1-Thorn\1_Code\3_STM32\0_workspace\X1_Thorn_v3\MXTmpFiles\rtos_obj_creat.tmp
2025-07-04 17:58:26,699 [INFO] CodeEngine:263 - oldGeneratedFile, C:\Users\marcv\Desktop\X1-Thorn\1_Code\3_STM32\0_workspace\X1_Thorn_v3\MXTmpFiles\rtos_default_thread.tmp_save
2025-07-04 17:58:26,760 [INFO] CodeEngine:287 - Generated code: C:\Users\marcv\Desktop\X1-Thorn\1_Code\3_STM32\0_workspace\X1_Thorn_v3\MXTmpFiles\rtos_default_thread.tmp
2025-07-04 17:58:26,768 [INFO] CodeEngine:263 - oldGeneratedFile, C:\Users\marcv\Desktop\X1-Thorn\1_Code\3_STM32\0_workspace\X1_Thorn_v3\MXTmpFiles\rtos_threads.tmp_save
2025-07-04 17:58:26,829 [INFO] CodeEngine:287 - Generated code: C:\Users\marcv\Desktop\X1-Thorn\1_Code\3_STM32\0_workspace\X1_Thorn_v3\MXTmpFiles\rtos_threads.tmp
2025-07-04 17:58:26,860 [INFO] CodeEngine:263 - oldGeneratedFile, C:\Users\marcv\Desktop\X1-Thorn\1_Code\3_STM32\0_workspace\X1_Thorn_v3\Core\Inc\FreeRTOSConfig.h_save
2025-07-04 17:58:26,989 [INFO] CodeEngine:287 - Generated code: C:\Users\marcv\Desktop\X1-Thorn\1_Code\3_STM32\0_workspace\X1_Thorn_v3\Core\Inc\FreeRTOSConfig.h
2025-07-04 17:58:27,067 [INFO] CodeEngine:263 - oldGeneratedFile, C:\Users\marcv\Desktop\X1-Thorn\1_Code\3_STM32\0_workspace\X1_Thorn_v3\Core\Src\freertos.c_save
2025-07-04 17:58:27,258 [INFO] CodeEngine:287 - Generated code: C:\Users\marcv\Desktop\X1-Thorn\1_Code\3_STM32\0_workspace\X1_Thorn_v3\Core\Src\freertos.c
2025-07-04 17:58:27,311 [INFO] CodeEngine:263 - oldGeneratedFile, C:\Users\marcv\Desktop\X1-Thorn\1_Code\3_STM32\0_workspace\X1_Thorn_v3\Core\Src\adc.c_save
2025-07-04 17:58:27,481 [INFO] CodeEngine:287 - Generated code: C:\Users\marcv\Desktop\X1-Thorn\1_Code\3_STM32\0_workspace\X1_Thorn_v3\Core\Src\adc.c
2025-07-04 17:58:27,518 [INFO] CodeEngine:263 - oldGeneratedFile, C:\Users\marcv\Desktop\X1-Thorn\1_Code\3_STM32\0_workspace\X1_Thorn_v3\Core\Inc\adc.h_save
2025-07-04 17:58:27,634 [INFO] CodeEngine:287 - Generated code: C:\Users\marcv\Desktop\X1-Thorn\1_Code\3_STM32\0_workspace\X1_Thorn_v3\Core\Inc\adc.h
2025-07-04 17:58:27,662 [INFO] CodeEngine:263 - oldGeneratedFile, C:\Users\marcv\Desktop\X1-Thorn\1_Code\3_STM32\0_workspace\X1_Thorn_v3\MXTmpFiles\cortex.tmp_save
2025-07-04 17:58:27,774 [INFO] CodeEngine:287 - Generated code: C:\Users\marcv\Desktop\X1-Thorn\1_Code\3_STM32\0_workspace\X1_Thorn_v3\MXTmpFiles\cortex.tmp
2025-07-04 17:58:27,930 [INFO] CodeEngine:263 - oldGeneratedFile, C:\Users\marcv\Desktop\X1-Thorn\1_Code\3_STM32\0_workspace\X1_Thorn_v3\Core\Src\dma.c_save
2025-07-04 17:58:28,040 [INFO] CodeEngine:287 - Generated code: C:\Users\marcv\Desktop\X1-Thorn\1_Code\3_STM32\0_workspace\X1_Thorn_v3\Core\Src\dma.c
2025-07-04 17:58:28,067 [INFO] CodeEngine:263 - oldGeneratedFile, C:\Users\marcv\Desktop\X1-Thorn\1_Code\3_STM32\0_workspace\X1_Thorn_v3\Core\Inc\dma.h_save
2025-07-04 17:58:28,167 [INFO] CodeEngine:287 - Generated code: C:\Users\marcv\Desktop\X1-Thorn\1_Code\3_STM32\0_workspace\X1_Thorn_v3\Core\Inc\dma.h
2025-07-04 17:58:28,194 [INFO] CodeEngine:263 - oldGeneratedFile, C:\Users\marcv\Desktop\X1-Thorn\1_Code\3_STM32\0_workspace\X1_Thorn_v3\Core\Src\i2c.c_save
2025-07-04 17:58:28,317 [INFO] CodeEngine:287 - Generated code: C:\Users\marcv\Desktop\X1-Thorn\1_Code\3_STM32\0_workspace\X1_Thorn_v3\Core\Src\i2c.c
2025-07-04 17:58:28,325 [INFO] CodeEngine:263 - oldGeneratedFile, C:\Users\marcv\Desktop\X1-Thorn\1_Code\3_STM32\0_workspace\X1_Thorn_v3\Core\Inc\i2c.h_save
2025-07-04 17:58:28,422 [INFO] CodeEngine:287 - Generated code: C:\Users\marcv\Desktop\X1-Thorn\1_Code\3_STM32\0_workspace\X1_Thorn_v3\Core\Inc\i2c.h
2025-07-04 17:58:28,450 [INFO] CodeEngine:263 - oldGeneratedFile, C:\Users\marcv\Desktop\X1-Thorn\1_Code\3_STM32\0_workspace\X1_Thorn_v3\Core\Src\memorymap.c_save
2025-07-04 17:58:28,562 [INFO] CodeEngine:287 - Generated code: C:\Users\marcv\Desktop\X1-Thorn\1_Code\3_STM32\0_workspace\X1_Thorn_v3\Core\Src\memorymap.c
2025-07-04 17:58:28,571 [INFO] CodeEngine:263 - oldGeneratedFile, C:\Users\marcv\Desktop\X1-Thorn\1_Code\3_STM32\0_workspace\X1_Thorn_v3\Core\Inc\memorymap.h_save
2025-07-04 17:58:28,663 [INFO] CodeEngine:287 - Generated code: C:\Users\marcv\Desktop\X1-Thorn\1_Code\3_STM32\0_workspace\X1_Thorn_v3\Core\Inc\memorymap.h
2025-07-04 17:58:28,690 [INFO] CodeEngine:263 - oldGeneratedFile, C:\Users\marcv\Desktop\X1-Thorn\1_Code\3_STM32\0_workspace\X1_Thorn_v3\Core\Src\spi.c_save
2025-07-04 17:58:28,805 [INFO] CodeEngine:287 - Generated code: C:\Users\marcv\Desktop\X1-Thorn\1_Code\3_STM32\0_workspace\X1_Thorn_v3\Core\Src\spi.c
2025-07-04 17:58:28,812 [INFO] CodeEngine:263 - oldGeneratedFile, C:\Users\marcv\Desktop\X1-Thorn\1_Code\3_STM32\0_workspace\X1_Thorn_v3\Core\Inc\spi.h_save
2025-07-04 17:58:28,912 [INFO] CodeEngine:287 - Generated code: C:\Users\marcv\Desktop\X1-Thorn\1_Code\3_STM32\0_workspace\X1_Thorn_v3\Core\Inc\spi.h
2025-07-04 17:58:28,939 [INFO] CodeEngine:263 - oldGeneratedFile, C:\Users\marcv\Desktop\X1-Thorn\1_Code\3_STM32\0_workspace\X1_Thorn_v3\Core\Src\tim.c_save
2025-07-04 17:58:29,153 [INFO] CodeEngine:287 - Generated code: C:\Users\marcv\Desktop\X1-Thorn\1_Code\3_STM32\0_workspace\X1_Thorn_v3\Core\Src\tim.c
2025-07-04 17:58:29,171 [INFO] CodeEngine:263 - oldGeneratedFile, C:\Users\marcv\Desktop\X1-Thorn\1_Code\3_STM32\0_workspace\X1_Thorn_v3\Core\Inc\tim.h_save
2025-07-04 17:58:29,289 [INFO] CodeEngine:287 - Generated code: C:\Users\marcv\Desktop\X1-Thorn\1_Code\3_STM32\0_workspace\X1_Thorn_v3\Core\Inc\tim.h
2025-07-04 17:58:29,330 [INFO] CodeEngine:263 - oldGeneratedFile, C:\Users\marcv\Desktop\X1-Thorn\1_Code\3_STM32\0_workspace\X1_Thorn_v3\Core\Src\usart.c_save
2025-07-04 17:58:29,465 [INFO] CodeEngine:287 - Generated code: C:\Users\marcv\Desktop\X1-Thorn\1_Code\3_STM32\0_workspace\X1_Thorn_v3\Core\Src\usart.c
2025-07-04 17:58:29,474 [INFO] CodeEngine:263 - oldGeneratedFile, C:\Users\marcv\Desktop\X1-Thorn\1_Code\3_STM32\0_workspace\X1_Thorn_v3\Core\Inc\usart.h_save
2025-07-04 17:58:29,571 [INFO] CodeEngine:287 - Generated code: C:\Users\marcv\Desktop\X1-Thorn\1_Code\3_STM32\0_workspace\X1_Thorn_v3\Core\Inc\usart.h
2025-07-04 17:58:29,632 [INFO] CodeEngine:263 - oldGeneratedFile, C:\Users\marcv\Desktop\X1-Thorn\1_Code\3_STM32\0_workspace\X1_Thorn_v3\Core\Src\stm32h7xx_it.c_save
2025-07-04 17:58:29,896 [INFO] CodeEngine:287 - Generated code: C:\Users\marcv\Desktop\X1-Thorn\1_Code\3_STM32\0_workspace\X1_Thorn_v3\Core\Src\stm32h7xx_it.c
2025-07-04 17:58:29,929 [INFO] CodeEngine:263 - oldGeneratedFile, C:\Users\marcv\Desktop\X1-Thorn\1_Code\3_STM32\0_workspace\X1_Thorn_v3\Core\Inc\stm32h7xx_it.h_save
2025-07-04 17:58:30,061 [INFO] CodeEngine:287 - Generated code: C:\Users\marcv\Desktop\X1-Thorn\1_Code\3_STM32\0_workspace\X1_Thorn_v3\Core\Inc\stm32h7xx_it.h
2025-07-04 17:58:30,255 [INFO] CodeEngine:263 - oldGeneratedFile, C:\Users\marcv\Desktop\X1-Thorn\1_Code\3_STM32\0_workspace\X1_Thorn_v3\Core\Src\stm32h7xx_hal_msp.c_save
2025-07-04 17:58:30,412 [INFO] CodeEngine:287 - Generated code: C:\Users\marcv\Desktop\X1-Thorn\1_Code\3_STM32\0_workspace\X1_Thorn_v3\Core\Src\stm32h7xx_hal_msp.c
2025-07-04 17:58:30,429 [INFO] CodeEngine:263 - oldGeneratedFile, C:\Users\marcv\Desktop\X1-Thorn\1_Code\3_STM32\0_workspace\X1_Thorn_v3\MXTmpFiles\system.tmp_save
2025-07-04 17:58:30,518 [INFO] CodeEngine:287 - Generated code: C:\Users\marcv\Desktop\X1-Thorn\1_Code\3_STM32\0_workspace\X1_Thorn_v3\MXTmpFiles\system.tmp
2025-07-04 17:58:30,549 [INFO] CodeEngine:263 - oldGeneratedFile, C:\Users\marcv\Desktop\X1-Thorn\1_Code\3_STM32\0_workspace\X1_Thorn_v3\Core\Src\stm32h7xx_hal_timebase_tim.c_save
2025-07-04 17:58:30,674 [INFO] CodeEngine:287 - Generated code: C:\Users\marcv\Desktop\X1-Thorn\1_Code\3_STM32\0_workspace\X1_Thorn_v3\Core\Src\stm32h7xx_hal_timebase_tim.c
2025-07-04 17:58:30,732 [INFO] CodeEngine:319 - oldGeneratedFile, C:\Users\marcv\Desktop\X1-Thorn\1_Code\3_STM32\0_workspace\X1_Thorn_v3\Core\Inc\stm32h7xx_hal_conf.h_save
2025-07-04 17:58:30,866 [INFO] CodeEngine:343 - Generated code: C:\Users\marcv\Desktop\X1-Thorn\1_Code\3_STM32\0_workspace\X1_Thorn_v3\Core\Inc\stm32h7xx_hal_conf.h
2025-07-04 17:58:30,936 [INFO] ApiDbMcu:508 - Load IP Config File for ADC2
2025-07-04 17:58:30,940 [INFO] ApiDbMcu:508 - Load IP Config File for ADC3
2025-07-04 17:58:30,943 [INFO] ApiDbMcu:508 - Load IP Config File for I2C2
2025-07-04 17:58:30,944 [ERROR] ApiDbMcu:464 - Can't load MEMORYMAP-STM32xx root dir null
2025-07-04 17:58:30,944 [ERROR] ApiDbMcu:536 - Cannot parse MEMORYMAP_Config file : file do not exist
2025-07-04 17:58:30,948 [INFO] ApiDbMcu:508 - Load IP Config File for SPI4
2025-07-04 17:58:30,962 [INFO] ApiDbMcu:508 - Load IP Config File for TIM1
2025-07-04 17:58:30,976 [INFO] ApiDbMcu:508 - Load IP Config File for TIM2
2025-07-04 17:58:30,988 [INFO] ApiDbMcu:508 - Load IP Config File for TIM3
2025-07-04 17:58:31,002 [INFO] ApiDbMcu:508 - Load IP Config File for TIM5
2025-07-04 17:58:31,014 [INFO] ApiDbMcu:508 - Load IP Config File for TIM15
2025-07-04 17:58:31,027 [INFO] ApiDbMcu:508 - Load IP Config File for TIM16
2025-07-04 17:58:31,040 [INFO] ApiDbMcu:508 - Load IP Config File for TIM17
2025-07-04 17:58:31,052 [INFO] ApiDbMcu:508 - Load IP Config File for UART5
2025-07-04 17:58:31,062 [INFO] ApiDbMcu:508 - Load IP Config File for UART8
2025-07-04 17:58:31,067 [INFO] ApiDbMcu:508 - Load IP Config File for RCC
2025-07-04 17:58:31,102 [INFO] CodeEngine:263 - oldGeneratedFile, C:\Users\marcv\Desktop\X1-Thorn\1_Code\3_STM32\0_workspace\X1_Thorn_v3\Core\Inc\main.h_save
2025-07-04 17:58:31,212 [INFO] CodeEngine:287 - Generated code: C:\Users\marcv\Desktop\X1-Thorn\1_Code\3_STM32\0_workspace\X1_Thorn_v3\Core\Inc\main.h
2025-07-04 17:58:31,241 [INFO] CodeEngine:263 - oldGeneratedFile, C:\Users\marcv\Desktop\X1-Thorn\1_Code\3_STM32\0_workspace\X1_Thorn_v3\Core\Src\main.c_save
2025-07-04 17:58:31,373 [INFO] CodeEngine:287 - Generated code: C:\Users\marcv\Desktop\X1-Thorn\1_Code\3_STM32\0_workspace\X1_Thorn_v3\Core\Src\main.c
2025-07-04 17:58:32,230 [INFO] ProjectBuilder:3324 - Time for Copy HAL[1] : 634mS.
2025-07-04 17:58:32,240 [INFO] ProjectBuilder:4912 - Project Generator version: 4.6.0-B36
2025-07-04 17:58:32,342 [INFO] ConfigFileManager:1590 - The Die is : DIE450
2025-07-04 17:58:32,355 [INFO] ApiDbMcu:508 - Load IP Config File for FATFS
2025-07-04 17:58:32,373 [INFO] ApiDbMcu:508 - Load IP Config File for LIBJPEG
2025-07-04 17:58:32,396 [INFO] ApiDbMcu:508 - Load IP Config File for LWIP
2025-07-04 17:58:32,417 [INFO] ApiDbMcu:508 - Load IP Config File for MBEDTLS
2025-07-04 17:58:32,439 [INFO] ApiDbMcu:508 - Load IP Config File for USB_DEVICE
2025-07-04 17:58:32,456 [INFO] ApiDbMcu:508 - Load IP Config File for USB_HOST
2025-07-04 17:58:37,586 [INFO] ProjectBuilder:5191 - Time for Generating toolchain IDE Files: 5346mS.
2025-07-04 17:58:37,587 [INFO] ProjectBuilder:3181 - Time for Copy CMSIS : 1mS.
2025-07-04 17:58:37,610 [INFO] ProjectBuilder:3181 - Time for Copy CMSIS : 0mS.
2025-07-04 18:43:46,463 [INFO] UtilMem:75 - End SaveConfig() Used Memory: 934771640 Bytes (1073741824)
2025-07-04 18:43:48,269 [INFO] UtilMem:75 - End SaveConfig() Used Memory: 978289032 Bytes (1073741824)
2025-07-04 18:43:48,917 [INFO] UtilMem:75 - End SaveConfig() Used Memory: 834209040 Bytes (1073741824)
2025-07-04 18:43:49,145 [INFO] BlockDiagram:2775 - set Specific Code input for plugin: SPI
2025-07-04 18:43:49,145 [INFO] BlockDiagram:2775 - set Specific Code input for plugin: FREERTOS
2025-07-04 18:43:49,145 [INFO] BlockDiagram:2775 - set Specific Code input for plugin: RCC
2025-07-04 18:43:49,146 [INFO] BlockDiagram:2775 - set Specific Code input for plugin: I2C
2025-07-04 18:43:49,146 [INFO] BlockDiagram:2775 - set Specific Code input for plugin: TIM1_8H7
2025-07-04 18:43:49,146 [INFO] BlockDiagram:2775 - set Specific Code input for plugin: TIM1_8H7
2025-07-04 18:43:49,146 [INFO] BlockDiagram:2775 - set Specific Code input for plugin: TIM1_8H7
2025-07-04 18:43:49,146 [INFO] BlockDiagram:2775 - set Specific Code input for plugin: FATFS
2025-07-04 18:43:49,146 [INFO] BlockDiagram:2775 - set Specific Code input for plugin: MEMORYMAP
2025-07-04 18:43:49,146 [INFO] BlockDiagram:2775 - set Specific Code input for plugin: TIM1_8H7
2025-07-04 18:43:49,146 [INFO] BlockDiagram:2775 - set Specific Code input for plugin: TIM1_8H7
2025-07-04 18:43:49,146 [INFO] BlockDiagram:2775 - set Specific Code input for plugin: TIM1_8H7
2025-07-04 18:43:49,146 [INFO] BlockDiagram:2775 - set Specific Code input for plugin: TIM1_8H7
2025-07-04 18:43:49,146 [INFO] BlockDiagram:2775 - set Specific Code input for plugin: ADC
2025-07-04 18:43:49,146 [INFO] BlockDiagram:2775 - set Specific Code input for plugin: SYS
2025-07-04 18:43:49,146 [INFO] BlockDiagram:2775 - set Specific Code input for plugin: ADC
2025-07-04 18:43:49,146 [INFO] BlockDiagram:2775 - set Specific Code input for plugin: NVIC
2025-07-04 18:43:49,146 [INFO] BlockDiagram:2775 - set Specific Code input for plugin: DMA
2025-07-04 18:43:49,146 [INFO] BlockDiagram:2775 - set Specific Code input for plugin: VREFBUF
2025-07-04 18:43:49,146 [INFO] BlockDiagram:2775 - set Specific Code input for plugin: UART
2025-07-04 18:43:49,147 [INFO] BlockDiagram:2775 - set Specific Code input for plugin: UART
2025-07-04 18:43:49,147 [INFO] BlockDiagram:2775 - set Specific Code input for plugin: DEBUG
2025-07-04 18:43:49,148 [INFO] BlockDiagram:2775 - set Specific Code input for plugin: GPIO
2025-07-04 18:43:49,149 [INFO] CodeGenerator:882 - code generatio: config db path: C:\ST\STM32CubeIDE_1.18.0\STM32CubeIDE\plugins\com.st.stm32cube.common.mx_6.14.0.202502271554\\db\
2025-07-04 18:43:49,278 [INFO] Argument:325 - Argument : hdmavalue: null
2025-07-04 18:43:49,278 [INFO] Argument:327 - 	 sub Args: 
2025-07-04 18:43:49,279 [INFO] Argument:325 - Argument : Instancevalue: DMA1_Stream0
2025-07-04 18:43:49,279 [INFO] Argument:335 - Argument : Instancevalue: DMA1_Stream0
2025-07-04 18:43:49,279 [INFO] Argument:325 - Argument : Initvalue: null
2025-07-04 18:43:49,279 [INFO] Argument:327 - 	 sub Args: 
2025-07-04 18:43:49,279 [INFO] Argument:325 - Argument : Requestvalue: DMA_REQUEST_TIM3_CH1
2025-07-04 18:43:49,279 [INFO] Argument:335 - Argument : Requestvalue: DMA_REQUEST_TIM3_CH1
2025-07-04 18:43:49,279 [INFO] Argument:325 - Argument : Directionvalue: DMA_MEMORY_TO_PERIPH
2025-07-04 18:43:49,279 [INFO] Argument:335 - Argument : Directionvalue: DMA_MEMORY_TO_PERIPH
2025-07-04 18:43:49,279 [INFO] Argument:325 - Argument : PeriphIncvalue: DMA_PINC_DISABLE
2025-07-04 18:43:49,279 [INFO] Argument:335 - Argument : PeriphIncvalue: DMA_PINC_DISABLE
2025-07-04 18:43:49,279 [INFO] Argument:325 - Argument : MemIncvalue: DMA_MINC_ENABLE
2025-07-04 18:43:49,279 [INFO] Argument:335 - Argument : MemIncvalue: DMA_MINC_ENABLE
2025-07-04 18:43:49,280 [INFO] Argument:325 - Argument : PeriphDataAlignmentvalue: DMA_PDATAALIGN_HALFWORD
2025-07-04 18:43:49,280 [INFO] Argument:335 - Argument : PeriphDataAlignmentvalue: DMA_PDATAALIGN_HALFWORD
2025-07-04 18:43:49,280 [INFO] Argument:325 - Argument : MemDataAlignmentvalue: DMA_MDATAALIGN_HALFWORD
2025-07-04 18:43:49,280 [INFO] Argument:335 - Argument : MemDataAlignmentvalue: DMA_MDATAALIGN_HALFWORD
2025-07-04 18:43:49,280 [INFO] Argument:325 - Argument : Modevalue: DMA_NORMAL
2025-07-04 18:43:49,280 [INFO] Argument:335 - Argument : Modevalue: DMA_NORMAL
2025-07-04 18:43:49,280 [INFO] Argument:325 - Argument : Priorityvalue: DMA_PRIORITY_HIGH
2025-07-04 18:43:49,280 [INFO] Argument:335 - Argument : Priorityvalue: DMA_PRIORITY_HIGH
2025-07-04 18:43:49,280 [INFO] Argument:325 - Argument : FIFOModevalue: DMA_FIFOMODE_DISABLE
2025-07-04 18:43:49,280 [INFO] Argument:335 - Argument : FIFOModevalue: DMA_FIFOMODE_DISABLE
2025-07-04 18:43:49,280 [INFO] Argument:325 - Argument : FIFOThresholdvalue: null
2025-07-04 18:43:49,281 [INFO] Argument:335 - Argument : FIFOThresholdvalue: null
2025-07-04 18:43:49,281 [INFO] Argument:325 - Argument : MemBurstvalue: null
2025-07-04 18:43:49,281 [INFO] Argument:335 - Argument : MemBurstvalue: null
2025-07-04 18:43:49,281 [INFO] Argument:325 - Argument : PeriphBurstvalue: null
2025-07-04 18:43:49,281 [INFO] Argument:335 - Argument : PeriphBurstvalue: null
2025-07-04 18:43:49,281 [INFO] Argument:325 - Argument : Lockvalue: null
2025-07-04 18:43:49,281 [INFO] Argument:335 - Argument : Lockvalue: null
2025-07-04 18:43:49,281 [INFO] Argument:325 - Argument : Statevalue: null
2025-07-04 18:43:49,281 [INFO] Argument:335 - Argument : Statevalue: null
2025-07-04 18:43:49,281 [INFO] Argument:325 - Argument : Parentvalue: null
2025-07-04 18:43:49,281 [INFO] Argument:335 - Argument : Parentvalue: null
2025-07-04 18:43:49,281 [INFO] Argument:325 - Argument : XferCpltCallbackvalue: null
2025-07-04 18:43:49,281 [INFO] Argument:335 - Argument : XferCpltCallbackvalue: null
2025-07-04 18:43:49,281 [INFO] Argument:325 - Argument : XferHalfCpltCallbackvalue: null
2025-07-04 18:43:49,281 [INFO] Argument:335 - Argument : XferHalfCpltCallbackvalue: null
2025-07-04 18:43:49,281 [INFO] Argument:325 - Argument : XferM1CpltCallbackvalue: null
2025-07-04 18:43:49,281 [INFO] Argument:335 - Argument : XferM1CpltCallbackvalue: null
2025-07-04 18:43:49,282 [INFO] Argument:325 - Argument : XferM1HalfCpltCallbackvalue: null
2025-07-04 18:43:49,282 [INFO] Argument:335 - Argument : XferM1HalfCpltCallbackvalue: null
2025-07-04 18:43:49,282 [INFO] Argument:325 - Argument : XferErrorCallbackvalue: null
2025-07-04 18:43:49,282 [INFO] Argument:335 - Argument : XferErrorCallbackvalue: null
2025-07-04 18:43:49,282 [INFO] Argument:325 - Argument : XferAbortCallbackvalue: null
2025-07-04 18:43:49,282 [INFO] Argument:335 - Argument : XferAbortCallbackvalue: null
2025-07-04 18:43:49,282 [INFO] Argument:325 - Argument : ErrorCodevalue: null
2025-07-04 18:43:49,282 [INFO] Argument:335 - Argument : ErrorCodevalue: null
2025-07-04 18:43:49,282 [INFO] Argument:325 - Argument : StreamBaseAddressvalue: null
2025-07-04 18:43:49,282 [INFO] Argument:335 - Argument : StreamBaseAddressvalue: null
2025-07-04 18:43:49,282 [INFO] Argument:325 - Argument : StreamIndexvalue: null
2025-07-04 18:43:49,282 [INFO] Argument:335 - Argument : StreamIndexvalue: null
2025-07-04 18:43:49,283 [INFO] Argument:325 - Argument : hdmavalue: null
2025-07-04 18:43:49,283 [INFO] Argument:327 - 	 sub Args: 
2025-07-04 18:43:49,283 [INFO] Argument:325 - Argument : Instancevalue: DMA1_Stream1
2025-07-04 18:43:49,283 [INFO] Argument:335 - Argument : Instancevalue: DMA1_Stream1
2025-07-04 18:43:49,283 [INFO] Argument:325 - Argument : Initvalue: null
2025-07-04 18:43:49,283 [INFO] Argument:327 - 	 sub Args: 
2025-07-04 18:43:49,283 [INFO] Argument:325 - Argument : Requestvalue: DMA_REQUEST_TIM3_CH2
2025-07-04 18:43:49,284 [INFO] Argument:335 - Argument : Requestvalue: DMA_REQUEST_TIM3_CH2
2025-07-04 18:43:49,284 [INFO] Argument:325 - Argument : Directionvalue: DMA_MEMORY_TO_PERIPH
2025-07-04 18:43:49,284 [INFO] Argument:335 - Argument : Directionvalue: DMA_MEMORY_TO_PERIPH
2025-07-04 18:43:49,284 [INFO] Argument:325 - Argument : PeriphIncvalue: DMA_PINC_DISABLE
2025-07-04 18:43:49,284 [INFO] Argument:335 - Argument : PeriphIncvalue: DMA_PINC_DISABLE
2025-07-04 18:43:49,284 [INFO] Argument:325 - Argument : MemIncvalue: DMA_MINC_ENABLE
2025-07-04 18:43:49,284 [INFO] Argument:335 - Argument : MemIncvalue: DMA_MINC_ENABLE
2025-07-04 18:43:49,284 [INFO] Argument:325 - Argument : PeriphDataAlignmentvalue: DMA_PDATAALIGN_HALFWORD
2025-07-04 18:43:49,284 [INFO] Argument:335 - Argument : PeriphDataAlignmentvalue: DMA_PDATAALIGN_HALFWORD
2025-07-04 18:43:49,284 [INFO] Argument:325 - Argument : MemDataAlignmentvalue: DMA_MDATAALIGN_HALFWORD
2025-07-04 18:43:49,284 [INFO] Argument:335 - Argument : MemDataAlignmentvalue: DMA_MDATAALIGN_HALFWORD
2025-07-04 18:43:49,284 [INFO] Argument:325 - Argument : Modevalue: DMA_NORMAL
2025-07-04 18:43:49,284 [INFO] Argument:335 - Argument : Modevalue: DMA_NORMAL
2025-07-04 18:43:49,285 [INFO] Argument:325 - Argument : Priorityvalue: DMA_PRIORITY_HIGH
2025-07-04 18:43:49,285 [INFO] Argument:335 - Argument : Priorityvalue: DMA_PRIORITY_HIGH
2025-07-04 18:43:49,285 [INFO] Argument:325 - Argument : FIFOModevalue: DMA_FIFOMODE_DISABLE
2025-07-04 18:43:49,285 [INFO] Argument:335 - Argument : FIFOModevalue: DMA_FIFOMODE_DISABLE
2025-07-04 18:43:49,285 [INFO] Argument:325 - Argument : FIFOThresholdvalue: null
2025-07-04 18:43:49,285 [INFO] Argument:335 - Argument : FIFOThresholdvalue: null
2025-07-04 18:43:49,285 [INFO] Argument:325 - Argument : MemBurstvalue: null
2025-07-04 18:43:49,285 [INFO] Argument:335 - Argument : MemBurstvalue: null
2025-07-04 18:43:49,285 [INFO] Argument:325 - Argument : PeriphBurstvalue: null
2025-07-04 18:43:49,285 [INFO] Argument:335 - Argument : PeriphBurstvalue: null
2025-07-04 18:43:49,285 [INFO] Argument:325 - Argument : Lockvalue: null
2025-07-04 18:43:49,285 [INFO] Argument:335 - Argument : Lockvalue: null
2025-07-04 18:43:49,285 [INFO] Argument:325 - Argument : Statevalue: null
2025-07-04 18:43:49,286 [INFO] Argument:335 - Argument : Statevalue: null
2025-07-04 18:43:49,286 [INFO] Argument:325 - Argument : Parentvalue: null
2025-07-04 18:43:49,286 [INFO] Argument:335 - Argument : Parentvalue: null
2025-07-04 18:43:49,286 [INFO] Argument:325 - Argument : XferCpltCallbackvalue: null
2025-07-04 18:43:49,286 [INFO] Argument:335 - Argument : XferCpltCallbackvalue: null
2025-07-04 18:43:49,286 [INFO] Argument:325 - Argument : XferHalfCpltCallbackvalue: null
2025-07-04 18:43:49,286 [INFO] Argument:335 - Argument : XferHalfCpltCallbackvalue: null
2025-07-04 18:43:49,286 [INFO] Argument:325 - Argument : XferM1CpltCallbackvalue: null
2025-07-04 18:43:49,286 [INFO] Argument:335 - Argument : XferM1CpltCallbackvalue: null
2025-07-04 18:43:49,286 [INFO] Argument:325 - Argument : XferM1HalfCpltCallbackvalue: null
2025-07-04 18:43:49,286 [INFO] Argument:335 - Argument : XferM1HalfCpltCallbackvalue: null
2025-07-04 18:43:49,286 [INFO] Argument:325 - Argument : XferErrorCallbackvalue: null
2025-07-04 18:43:49,286 [INFO] Argument:335 - Argument : XferErrorCallbackvalue: null
2025-07-04 18:43:49,286 [INFO] Argument:325 - Argument : XferAbortCallbackvalue: null
2025-07-04 18:43:49,287 [INFO] Argument:335 - Argument : XferAbortCallbackvalue: null
2025-07-04 18:43:49,287 [INFO] Argument:325 - Argument : ErrorCodevalue: null
2025-07-04 18:43:49,287 [INFO] Argument:335 - Argument : ErrorCodevalue: null
2025-07-04 18:43:49,287 [INFO] Argument:325 - Argument : StreamBaseAddressvalue: null
2025-07-04 18:43:49,287 [INFO] Argument:335 - Argument : StreamBaseAddressvalue: null
2025-07-04 18:43:49,287 [INFO] Argument:325 - Argument : StreamIndexvalue: null
2025-07-04 18:43:49,287 [INFO] Argument:335 - Argument : StreamIndexvalue: null
2025-07-04 18:43:49,316 [INFO] Argument:325 - Argument : hdmavalue: null
2025-07-04 18:43:49,316 [INFO] Argument:327 - 	 sub Args: 
2025-07-04 18:43:49,316 [INFO] Argument:325 - Argument : Instancevalue: DMA1_Stream3
2025-07-04 18:43:49,316 [INFO] Argument:335 - Argument : Instancevalue: DMA1_Stream3
2025-07-04 18:43:49,316 [INFO] Argument:325 - Argument : Initvalue: null
2025-07-04 18:43:49,316 [INFO] Argument:327 - 	 sub Args: 
2025-07-04 18:43:49,316 [INFO] Argument:325 - Argument : Requestvalue: DMA_REQUEST_TIM15_UP
2025-07-04 18:43:49,316 [INFO] Argument:335 - Argument : Requestvalue: DMA_REQUEST_TIM15_UP
2025-07-04 18:43:49,316 [INFO] Argument:325 - Argument : Directionvalue: DMA_PERIPH_TO_MEMORY
2025-07-04 18:43:49,316 [INFO] Argument:335 - Argument : Directionvalue: DMA_PERIPH_TO_MEMORY
2025-07-04 18:43:49,316 [INFO] Argument:325 - Argument : PeriphIncvalue: DMA_PINC_DISABLE
2025-07-04 18:43:49,317 [INFO] Argument:335 - Argument : PeriphIncvalue: DMA_PINC_DISABLE
2025-07-04 18:43:49,317 [INFO] Argument:325 - Argument : MemIncvalue: DMA_MINC_ENABLE
2025-07-04 18:43:49,317 [INFO] Argument:335 - Argument : MemIncvalue: DMA_MINC_ENABLE
2025-07-04 18:43:49,317 [INFO] Argument:325 - Argument : PeriphDataAlignmentvalue: DMA_PDATAALIGN_HALFWORD
2025-07-04 18:43:49,317 [INFO] Argument:335 - Argument : PeriphDataAlignmentvalue: DMA_PDATAALIGN_HALFWORD
2025-07-04 18:43:49,317 [INFO] Argument:325 - Argument : MemDataAlignmentvalue: DMA_MDATAALIGN_HALFWORD
2025-07-04 18:43:49,317 [INFO] Argument:335 - Argument : MemDataAlignmentvalue: DMA_MDATAALIGN_HALFWORD
2025-07-04 18:43:49,317 [INFO] Argument:325 - Argument : Modevalue: DMA_NORMAL
2025-07-04 18:43:49,317 [INFO] Argument:335 - Argument : Modevalue: DMA_NORMAL
2025-07-04 18:43:49,317 [INFO] Argument:325 - Argument : Priorityvalue: DMA_PRIORITY_VERY_HIGH
2025-07-04 18:43:49,317 [INFO] Argument:335 - Argument : Priorityvalue: DMA_PRIORITY_VERY_HIGH
2025-07-04 18:43:49,317 [INFO] Argument:325 - Argument : FIFOModevalue: DMA_FIFOMODE_DISABLE
2025-07-04 18:43:49,317 [INFO] Argument:335 - Argument : FIFOModevalue: DMA_FIFOMODE_DISABLE
2025-07-04 18:43:49,317 [INFO] Argument:325 - Argument : FIFOThresholdvalue: null
2025-07-04 18:43:49,317 [INFO] Argument:335 - Argument : FIFOThresholdvalue: null
2025-07-04 18:43:49,317 [INFO] Argument:325 - Argument : MemBurstvalue: null
2025-07-04 18:43:49,317 [INFO] Argument:335 - Argument : MemBurstvalue: null
2025-07-04 18:43:49,317 [INFO] Argument:325 - Argument : PeriphBurstvalue: null
2025-07-04 18:43:49,317 [INFO] Argument:335 - Argument : PeriphBurstvalue: null
2025-07-04 18:43:49,317 [INFO] Argument:325 - Argument : Lockvalue: null
2025-07-04 18:43:49,317 [INFO] Argument:335 - Argument : Lockvalue: null
2025-07-04 18:43:49,317 [INFO] Argument:325 - Argument : Statevalue: null
2025-07-04 18:43:49,317 [INFO] Argument:335 - Argument : Statevalue: null
2025-07-04 18:43:49,317 [INFO] Argument:325 - Argument : Parentvalue: null
2025-07-04 18:43:49,317 [INFO] Argument:335 - Argument : Parentvalue: null
2025-07-04 18:43:49,317 [INFO] Argument:325 - Argument : XferCpltCallbackvalue: null
2025-07-04 18:43:49,317 [INFO] Argument:335 - Argument : XferCpltCallbackvalue: null
2025-07-04 18:43:49,317 [INFO] Argument:325 - Argument : XferHalfCpltCallbackvalue: null
2025-07-04 18:43:49,317 [INFO] Argument:335 - Argument : XferHalfCpltCallbackvalue: null
2025-07-04 18:43:49,317 [INFO] Argument:325 - Argument : XferM1CpltCallbackvalue: null
2025-07-04 18:43:49,317 [INFO] Argument:335 - Argument : XferM1CpltCallbackvalue: null
2025-07-04 18:43:49,317 [INFO] Argument:325 - Argument : XferM1HalfCpltCallbackvalue: null
2025-07-04 18:43:49,317 [INFO] Argument:335 - Argument : XferM1HalfCpltCallbackvalue: null
2025-07-04 18:43:49,317 [INFO] Argument:325 - Argument : XferErrorCallbackvalue: null
2025-07-04 18:43:49,318 [INFO] Argument:335 - Argument : XferErrorCallbackvalue: null
2025-07-04 18:43:49,318 [INFO] Argument:325 - Argument : XferAbortCallbackvalue: null
2025-07-04 18:43:49,318 [INFO] Argument:335 - Argument : XferAbortCallbackvalue: null
2025-07-04 18:43:49,318 [INFO] Argument:325 - Argument : ErrorCodevalue: null
2025-07-04 18:43:49,318 [INFO] Argument:335 - Argument : ErrorCodevalue: null
2025-07-04 18:43:49,318 [INFO] Argument:325 - Argument : StreamBaseAddressvalue: null
2025-07-04 18:43:49,318 [INFO] Argument:335 - Argument : StreamBaseAddressvalue: null
2025-07-04 18:43:49,318 [INFO] Argument:325 - Argument : StreamIndexvalue: null
2025-07-04 18:43:49,318 [INFO] Argument:335 - Argument : StreamIndexvalue: null
2025-07-04 18:43:49,324 [INFO] Argument:325 - Argument : hdmavalue: null
2025-07-04 18:43:49,325 [INFO] Argument:327 - 	 sub Args: 
2025-07-04 18:43:49,325 [INFO] Argument:325 - Argument : Instancevalue: DMA1_Stream2
2025-07-04 18:43:49,325 [INFO] Argument:335 - Argument : Instancevalue: DMA1_Stream2
2025-07-04 18:43:49,325 [INFO] Argument:325 - Argument : Initvalue: null
2025-07-04 18:43:49,325 [INFO] Argument:327 - 	 sub Args: 
2025-07-04 18:43:49,325 [INFO] Argument:325 - Argument : Requestvalue: DMA_REQUEST_TIM16_UP
2025-07-04 18:43:49,325 [INFO] Argument:335 - Argument : Requestvalue: DMA_REQUEST_TIM16_UP
2025-07-04 18:43:49,325 [INFO] Argument:325 - Argument : Directionvalue: DMA_PERIPH_TO_MEMORY
2025-07-04 18:43:49,325 [INFO] Argument:335 - Argument : Directionvalue: DMA_PERIPH_TO_MEMORY
2025-07-04 18:43:49,325 [INFO] Argument:325 - Argument : PeriphIncvalue: DMA_PINC_DISABLE
2025-07-04 18:43:49,325 [INFO] Argument:335 - Argument : PeriphIncvalue: DMA_PINC_DISABLE
2025-07-04 18:43:49,325 [INFO] Argument:325 - Argument : MemIncvalue: DMA_MINC_ENABLE
2025-07-04 18:43:49,325 [INFO] Argument:335 - Argument : MemIncvalue: DMA_MINC_ENABLE
2025-07-04 18:43:49,325 [INFO] Argument:325 - Argument : PeriphDataAlignmentvalue: DMA_PDATAALIGN_HALFWORD
2025-07-04 18:43:49,325 [INFO] Argument:335 - Argument : PeriphDataAlignmentvalue: DMA_PDATAALIGN_HALFWORD
2025-07-04 18:43:49,325 [INFO] Argument:325 - Argument : MemDataAlignmentvalue: DMA_MDATAALIGN_HALFWORD
2025-07-04 18:43:49,325 [INFO] Argument:335 - Argument : MemDataAlignmentvalue: DMA_MDATAALIGN_HALFWORD
2025-07-04 18:43:49,325 [INFO] Argument:325 - Argument : Modevalue: DMA_NORMAL
2025-07-04 18:43:49,325 [INFO] Argument:335 - Argument : Modevalue: DMA_NORMAL
2025-07-04 18:43:49,325 [INFO] Argument:325 - Argument : Priorityvalue: DMA_PRIORITY_VERY_HIGH
2025-07-04 18:43:49,325 [INFO] Argument:335 - Argument : Priorityvalue: DMA_PRIORITY_VERY_HIGH
2025-07-04 18:43:49,325 [INFO] Argument:325 - Argument : FIFOModevalue: DMA_FIFOMODE_DISABLE
2025-07-04 18:43:49,325 [INFO] Argument:335 - Argument : FIFOModevalue: DMA_FIFOMODE_DISABLE
2025-07-04 18:43:49,325 [INFO] Argument:325 - Argument : FIFOThresholdvalue: null
2025-07-04 18:43:49,325 [INFO] Argument:335 - Argument : FIFOThresholdvalue: null
2025-07-04 18:43:49,325 [INFO] Argument:325 - Argument : MemBurstvalue: null
2025-07-04 18:43:49,325 [INFO] Argument:335 - Argument : MemBurstvalue: null
2025-07-04 18:43:49,325 [INFO] Argument:325 - Argument : PeriphBurstvalue: null
2025-07-04 18:43:49,325 [INFO] Argument:335 - Argument : PeriphBurstvalue: null
2025-07-04 18:43:49,325 [INFO] Argument:325 - Argument : Lockvalue: null
2025-07-04 18:43:49,325 [INFO] Argument:335 - Argument : Lockvalue: null
2025-07-04 18:43:49,325 [INFO] Argument:325 - Argument : Statevalue: null
2025-07-04 18:43:49,325 [INFO] Argument:335 - Argument : Statevalue: null
2025-07-04 18:43:49,325 [INFO] Argument:325 - Argument : Parentvalue: null
2025-07-04 18:43:49,325 [INFO] Argument:335 - Argument : Parentvalue: null
2025-07-04 18:43:49,325 [INFO] Argument:325 - Argument : XferCpltCallbackvalue: null
2025-07-04 18:43:49,326 [INFO] Argument:335 - Argument : XferCpltCallbackvalue: null
2025-07-04 18:43:49,326 [INFO] Argument:325 - Argument : XferHalfCpltCallbackvalue: null
2025-07-04 18:43:49,326 [INFO] Argument:335 - Argument : XferHalfCpltCallbackvalue: null
2025-07-04 18:43:49,326 [INFO] Argument:325 - Argument : XferM1CpltCallbackvalue: null
2025-07-04 18:43:49,326 [INFO] Argument:335 - Argument : XferM1CpltCallbackvalue: null
2025-07-04 18:43:49,326 [INFO] Argument:325 - Argument : XferM1HalfCpltCallbackvalue: null
2025-07-04 18:43:49,326 [INFO] Argument:335 - Argument : XferM1HalfCpltCallbackvalue: null
2025-07-04 18:43:49,326 [INFO] Argument:325 - Argument : XferErrorCallbackvalue: null
2025-07-04 18:43:49,326 [INFO] Argument:335 - Argument : XferErrorCallbackvalue: null
2025-07-04 18:43:49,326 [INFO] Argument:325 - Argument : XferAbortCallbackvalue: null
2025-07-04 18:43:49,326 [INFO] Argument:335 - Argument : XferAbortCallbackvalue: null
2025-07-04 18:43:49,326 [INFO] Argument:325 - Argument : ErrorCodevalue: null
2025-07-04 18:43:49,326 [INFO] Argument:335 - Argument : ErrorCodevalue: null
2025-07-04 18:43:49,326 [INFO] Argument:325 - Argument : StreamBaseAddressvalue: null
2025-07-04 18:43:49,326 [INFO] Argument:335 - Argument : StreamBaseAddressvalue: null
2025-07-04 18:43:49,326 [INFO] Argument:325 - Argument : StreamIndexvalue: null
2025-07-04 18:43:49,326 [INFO] Argument:335 - Argument : StreamIndexvalue: null
2025-07-04 18:43:49,446 [INFO] CodeEngine:263 - oldGeneratedFile, C:\Users\marcv\Desktop\X1-Thorn\1_Code\3_STM32\0_workspace\X1_Thorn_v3\MXTmpFiles\license.tmp_save
2025-07-04 18:43:49,663 [INFO] CodeEngine:287 - Generated code: C:\Users\marcv\Desktop\X1-Thorn\1_Code\3_STM32\0_workspace\X1_Thorn_v3\MXTmpFiles\license.tmp
2025-07-04 18:43:49,797 [INFO] CodeEngine:263 - oldGeneratedFile, C:\Users\marcv\Desktop\X1-Thorn\1_Code\3_STM32\0_workspace\X1_Thorn_v3\Core\Src\gpio.c_save
2025-07-04 18:43:49,964 [INFO] CodeEngine:287 - Generated code: C:\Users\marcv\Desktop\X1-Thorn\1_Code\3_STM32\0_workspace\X1_Thorn_v3\Core\Src\gpio.c
2025-07-04 18:43:49,973 [INFO] CodeEngine:263 - oldGeneratedFile, C:\Users\marcv\Desktop\X1-Thorn\1_Code\3_STM32\0_workspace\X1_Thorn_v3\Core\Inc\gpio.h_save
2025-07-04 18:43:50,110 [INFO] CodeEngine:287 - Generated code: C:\Users\marcv\Desktop\X1-Thorn\1_Code\3_STM32\0_workspace\X1_Thorn_v3\Core\Inc\gpio.h
2025-07-04 18:43:50,532 [WARN] IPConfigManager:103 - WARNING: Missing Config File for DEBUG ip!!
2025-07-04 18:43:51,215 [WARN] IPConfigManager:103 - WARNING: Missing Config File for MEMORYMAP ip!!
2025-07-04 18:43:53,553 [INFO] Middleware:1452 - No code input for Bsp Dependency
2025-07-04 18:43:53,564 [INFO] CodeEngine:263 - oldGeneratedFile, C:\Users\marcv\Desktop\X1-Thorn\1_Code\3_STM32\0_workspace\X1_Thorn_v3\MXTmpFiles\rtos_inc.tmp_save
2025-07-04 18:43:53,673 [INFO] CodeEngine:287 - Generated code: C:\Users\marcv\Desktop\X1-Thorn\1_Code\3_STM32\0_workspace\X1_Thorn_v3\MXTmpFiles\rtos_inc.tmp
2025-07-04 18:43:53,678 [INFO] CodeEngine:263 - oldGeneratedFile, C:\Users\marcv\Desktop\X1-Thorn\1_Code\3_STM32\0_workspace\X1_Thorn_v3\MXTmpFiles\rtos_kernelInit.tmp_save
2025-07-04 18:43:53,743 [INFO] CodeEngine:287 - Generated code: C:\Users\marcv\Desktop\X1-Thorn\1_Code\3_STM32\0_workspace\X1_Thorn_v3\MXTmpFiles\rtos_kernelInit.tmp
2025-07-04 18:43:53,750 [INFO] CodeEngine:263 - oldGeneratedFile, C:\Users\marcv\Desktop\X1-Thorn\1_Code\3_STM32\0_workspace\X1_Thorn_v3\MXTmpFiles\rtos_kernelStart.tmp_save
2025-07-04 18:43:53,829 [INFO] CodeEngine:287 - Generated code: C:\Users\marcv\Desktop\X1-Thorn\1_Code\3_STM32\0_workspace\X1_Thorn_v3\MXTmpFiles\rtos_kernelStart.tmp
2025-07-04 18:43:53,835 [INFO] CodeEngine:263 - oldGeneratedFile, C:\Users\marcv\Desktop\X1-Thorn\1_Code\3_STM32\0_workspace\X1_Thorn_v3\MXTmpFiles\rtos_typedefs.tmp_save
2025-07-04 18:43:53,923 [INFO] CodeEngine:287 - Generated code: C:\Users\marcv\Desktop\X1-Thorn\1_Code\3_STM32\0_workspace\X1_Thorn_v3\MXTmpFiles\rtos_typedefs.tmp
2025-07-04 18:43:53,930 [INFO] CodeEngine:263 - oldGeneratedFile, C:\Users\marcv\Desktop\X1-Thorn\1_Code\3_STM32\0_workspace\X1_Thorn_v3\MXTmpFiles\rtos_vars.tmp_save
2025-07-04 18:43:54,021 [INFO] CodeEngine:287 - Generated code: C:\Users\marcv\Desktop\X1-Thorn\1_Code\3_STM32\0_workspace\X1_Thorn_v3\MXTmpFiles\rtos_vars.tmp
2025-07-04 18:43:54,027 [INFO] CodeEngine:263 - oldGeneratedFile, C:\Users\marcv\Desktop\X1-Thorn\1_Code\3_STM32\0_workspace\X1_Thorn_v3\MXTmpFiles\rtos_pfp.tmp_save
2025-07-04 18:43:54,081 [INFO] CodeEngine:287 - Generated code: C:\Users\marcv\Desktop\X1-Thorn\1_Code\3_STM32\0_workspace\X1_Thorn_v3\MXTmpFiles\rtos_pfp.tmp
2025-07-04 18:43:54,086 [INFO] CodeEngine:263 - oldGeneratedFile, C:\Users\marcv\Desktop\X1-Thorn\1_Code\3_STM32\0_workspace\X1_Thorn_v3\MXTmpFiles\rtos_obj_creat.tmp_save
2025-07-04 18:43:54,153 [INFO] CodeEngine:287 - Generated code: C:\Users\marcv\Desktop\X1-Thorn\1_Code\3_STM32\0_workspace\X1_Thorn_v3\MXTmpFiles\rtos_obj_creat.tmp
2025-07-04 18:43:54,158 [INFO] CodeEngine:263 - oldGeneratedFile, C:\Users\marcv\Desktop\X1-Thorn\1_Code\3_STM32\0_workspace\X1_Thorn_v3\MXTmpFiles\rtos_default_thread.tmp_save
2025-07-04 18:43:54,224 [INFO] CodeEngine:287 - Generated code: C:\Users\marcv\Desktop\X1-Thorn\1_Code\3_STM32\0_workspace\X1_Thorn_v3\MXTmpFiles\rtos_default_thread.tmp
2025-07-04 18:43:54,229 [INFO] CodeEngine:263 - oldGeneratedFile, C:\Users\marcv\Desktop\X1-Thorn\1_Code\3_STM32\0_workspace\X1_Thorn_v3\MXTmpFiles\rtos_threads.tmp_save
2025-07-04 18:43:54,288 [INFO] CodeEngine:287 - Generated code: C:\Users\marcv\Desktop\X1-Thorn\1_Code\3_STM32\0_workspace\X1_Thorn_v3\MXTmpFiles\rtos_threads.tmp
2025-07-04 18:43:54,302 [INFO] Middleware:1452 - No code input for Bsp Dependency
2025-07-04 18:43:54,321 [INFO] CodeEngine:263 - oldGeneratedFile, C:\Users\marcv\Desktop\X1-Thorn\1_Code\3_STM32\0_workspace\X1_Thorn_v3\MXTmpFiles\fatfs_HalInit.tmp_save
2025-07-04 18:43:54,404 [INFO] CodeEngine:287 - Generated code: C:\Users\marcv\Desktop\X1-Thorn\1_Code\3_STM32\0_workspace\X1_Thorn_v3\MXTmpFiles\fatfs_HalInit.tmp
2025-07-04 18:43:54,416 [INFO] CodeEngine:263 - oldGeneratedFile, C:\Users\marcv\Desktop\X1-Thorn\1_Code\3_STM32\0_workspace\X1_Thorn_v3\MXTmpFiles\fatfs_vars.tmp_save
2025-07-04 18:43:54,480 [INFO] CodeEngine:287 - Generated code: C:\Users\marcv\Desktop\X1-Thorn\1_Code\3_STM32\0_workspace\X1_Thorn_v3\MXTmpFiles\fatfs_vars.tmp
2025-07-04 18:43:54,493 [INFO] CodeEngine:263 - oldGeneratedFile, C:\Users\marcv\Desktop\X1-Thorn\1_Code\3_STM32\0_workspace\X1_Thorn_v3\MXTmpFiles\fatfs_ext_vars.tmp_save
2025-07-04 18:43:54,561 [INFO] CodeEngine:287 - Generated code: C:\Users\marcv\Desktop\X1-Thorn\1_Code\3_STM32\0_workspace\X1_Thorn_v3\MXTmpFiles\fatfs_ext_vars.tmp
2025-07-04 18:43:54,576 [INFO] CodeEngine:263 - oldGeneratedFile, C:\Users\marcv\Desktop\X1-Thorn\1_Code\3_STM32\0_workspace\X1_Thorn_v3\MXTmpFiles\fatfs_inc.tmp_save
2025-07-04 18:43:54,642 [INFO] CodeEngine:287 - Generated code: C:\Users\marcv\Desktop\X1-Thorn\1_Code\3_STM32\0_workspace\X1_Thorn_v3\MXTmpFiles\fatfs_inc.tmp
2025-07-04 18:43:54,686 [INFO] Middleware:1452 - No code input for Bsp Dependency
2025-07-04 18:43:54,698 [INFO] CodeEngine:263 - oldGeneratedFile, C:\Users\marcv\Desktop\X1-Thorn\1_Code\3_STM32\0_workspace\X1_Thorn_v3\MXTmpFiles\rtos_inc.tmp_save
2025-07-04 18:43:54,780 [INFO] CodeEngine:287 - Generated code: C:\Users\marcv\Desktop\X1-Thorn\1_Code\3_STM32\0_workspace\X1_Thorn_v3\MXTmpFiles\rtos_inc.tmp
2025-07-04 18:43:54,787 [INFO] CodeEngine:263 - oldGeneratedFile, C:\Users\marcv\Desktop\X1-Thorn\1_Code\3_STM32\0_workspace\X1_Thorn_v3\MXTmpFiles\rtos_kernelInit.tmp_save
2025-07-04 18:43:54,848 [INFO] CodeEngine:287 - Generated code: C:\Users\marcv\Desktop\X1-Thorn\1_Code\3_STM32\0_workspace\X1_Thorn_v3\MXTmpFiles\rtos_kernelInit.tmp
2025-07-04 18:43:54,857 [INFO] CodeEngine:263 - oldGeneratedFile, C:\Users\marcv\Desktop\X1-Thorn\1_Code\3_STM32\0_workspace\X1_Thorn_v3\MXTmpFiles\rtos_kernelStart.tmp_save
2025-07-04 18:43:54,921 [INFO] CodeEngine:287 - Generated code: C:\Users\marcv\Desktop\X1-Thorn\1_Code\3_STM32\0_workspace\X1_Thorn_v3\MXTmpFiles\rtos_kernelStart.tmp
2025-07-04 18:43:54,928 [INFO] CodeEngine:263 - oldGeneratedFile, C:\Users\marcv\Desktop\X1-Thorn\1_Code\3_STM32\0_workspace\X1_Thorn_v3\MXTmpFiles\rtos_typedefs.tmp_save
2025-07-04 18:43:54,986 [INFO] CodeEngine:287 - Generated code: C:\Users\marcv\Desktop\X1-Thorn\1_Code\3_STM32\0_workspace\X1_Thorn_v3\MXTmpFiles\rtos_typedefs.tmp
2025-07-04 18:43:55,006 [INFO] CodeEngine:263 - oldGeneratedFile, C:\Users\marcv\Desktop\X1-Thorn\1_Code\3_STM32\0_workspace\X1_Thorn_v3\MXTmpFiles\rtos_vars.tmp_save
2025-07-04 18:43:55,074 [INFO] CodeEngine:287 - Generated code: C:\Users\marcv\Desktop\X1-Thorn\1_Code\3_STM32\0_workspace\X1_Thorn_v3\MXTmpFiles\rtos_vars.tmp
2025-07-04 18:43:55,083 [INFO] CodeEngine:263 - oldGeneratedFile, C:\Users\marcv\Desktop\X1-Thorn\1_Code\3_STM32\0_workspace\X1_Thorn_v3\MXTmpFiles\rtos_pfp.tmp_save
2025-07-04 18:43:55,148 [INFO] CodeEngine:287 - Generated code: C:\Users\marcv\Desktop\X1-Thorn\1_Code\3_STM32\0_workspace\X1_Thorn_v3\MXTmpFiles\rtos_pfp.tmp
2025-07-04 18:43:55,168 [INFO] CodeEngine:263 - oldGeneratedFile, C:\Users\marcv\Desktop\X1-Thorn\1_Code\3_STM32\0_workspace\X1_Thorn_v3\MXTmpFiles\rtos_obj_creat.tmp_save
2025-07-04 18:43:55,225 [INFO] CodeEngine:287 - Generated code: C:\Users\marcv\Desktop\X1-Thorn\1_Code\3_STM32\0_workspace\X1_Thorn_v3\MXTmpFiles\rtos_obj_creat.tmp
2025-07-04 18:43:55,233 [INFO] CodeEngine:263 - oldGeneratedFile, C:\Users\marcv\Desktop\X1-Thorn\1_Code\3_STM32\0_workspace\X1_Thorn_v3\MXTmpFiles\rtos_default_thread.tmp_save
2025-07-04 18:43:55,300 [INFO] CodeEngine:287 - Generated code: C:\Users\marcv\Desktop\X1-Thorn\1_Code\3_STM32\0_workspace\X1_Thorn_v3\MXTmpFiles\rtos_default_thread.tmp
2025-07-04 18:43:55,308 [INFO] CodeEngine:263 - oldGeneratedFile, C:\Users\marcv\Desktop\X1-Thorn\1_Code\3_STM32\0_workspace\X1_Thorn_v3\MXTmpFiles\rtos_threads.tmp_save
2025-07-04 18:43:55,372 [INFO] CodeEngine:287 - Generated code: C:\Users\marcv\Desktop\X1-Thorn\1_Code\3_STM32\0_workspace\X1_Thorn_v3\MXTmpFiles\rtos_threads.tmp
2025-07-04 18:43:55,396 [INFO] CodeEngine:263 - oldGeneratedFile, C:\Users\marcv\Desktop\X1-Thorn\1_Code\3_STM32\0_workspace\X1_Thorn_v3\Core\Inc\FreeRTOSConfig.h_save
2025-07-04 18:43:55,493 [INFO] CodeEngine:287 - Generated code: C:\Users\marcv\Desktop\X1-Thorn\1_Code\3_STM32\0_workspace\X1_Thorn_v3\Core\Inc\FreeRTOSConfig.h
2025-07-04 18:43:55,520 [INFO] CodeEngine:263 - oldGeneratedFile, C:\Users\marcv\Desktop\X1-Thorn\1_Code\3_STM32\0_workspace\X1_Thorn_v3\Core\Src\freertos.c_save
2025-07-04 18:43:55,624 [INFO] CodeEngine:287 - Generated code: C:\Users\marcv\Desktop\X1-Thorn\1_Code\3_STM32\0_workspace\X1_Thorn_v3\Core\Src\freertos.c
2025-07-04 18:43:55,661 [INFO] CodeEngine:263 - oldGeneratedFile, C:\Users\marcv\Desktop\X1-Thorn\1_Code\3_STM32\0_workspace\X1_Thorn_v3\Core\Src\adc.c_save
2025-07-04 18:43:55,846 [INFO] CodeEngine:287 - Generated code: C:\Users\marcv\Desktop\X1-Thorn\1_Code\3_STM32\0_workspace\X1_Thorn_v3\Core\Src\adc.c
2025-07-04 18:43:55,877 [INFO] CodeEngine:263 - oldGeneratedFile, C:\Users\marcv\Desktop\X1-Thorn\1_Code\3_STM32\0_workspace\X1_Thorn_v3\Core\Inc\adc.h_save
2025-07-04 18:43:55,952 [INFO] CodeEngine:287 - Generated code: C:\Users\marcv\Desktop\X1-Thorn\1_Code\3_STM32\0_workspace\X1_Thorn_v3\Core\Inc\adc.h
2025-07-04 18:43:55,964 [INFO] CodeEngine:263 - oldGeneratedFile, C:\Users\marcv\Desktop\X1-Thorn\1_Code\3_STM32\0_workspace\X1_Thorn_v3\MXTmpFiles\cortex.tmp_save
2025-07-04 18:43:56,063 [INFO] CodeEngine:287 - Generated code: C:\Users\marcv\Desktop\X1-Thorn\1_Code\3_STM32\0_workspace\X1_Thorn_v3\MXTmpFiles\cortex.tmp
2025-07-04 18:43:56,175 [INFO] CodeEngine:263 - oldGeneratedFile, C:\Users\marcv\Desktop\X1-Thorn\1_Code\3_STM32\0_workspace\X1_Thorn_v3\Core\Src\dma.c_save
2025-07-04 18:43:56,253 [INFO] CodeEngine:287 - Generated code: C:\Users\marcv\Desktop\X1-Thorn\1_Code\3_STM32\0_workspace\X1_Thorn_v3\Core\Src\dma.c
2025-07-04 18:43:56,261 [INFO] CodeEngine:263 - oldGeneratedFile, C:\Users\marcv\Desktop\X1-Thorn\1_Code\3_STM32\0_workspace\X1_Thorn_v3\Core\Inc\dma.h_save
2025-07-04 18:43:56,338 [INFO] CodeEngine:287 - Generated code: C:\Users\marcv\Desktop\X1-Thorn\1_Code\3_STM32\0_workspace\X1_Thorn_v3\Core\Inc\dma.h
2025-07-04 18:43:56,350 [INFO] Middleware:1452 - No code input for Bsp Dependency
2025-07-04 18:43:56,361 [INFO] CodeEngine:263 - oldGeneratedFile, C:\Users\marcv\Desktop\X1-Thorn\1_Code\3_STM32\0_workspace\X1_Thorn_v3\MXTmpFiles\fatfs_HalInit.tmp_save
2025-07-04 18:43:56,445 [INFO] CodeEngine:287 - Generated code: C:\Users\marcv\Desktop\X1-Thorn\1_Code\3_STM32\0_workspace\X1_Thorn_v3\MXTmpFiles\fatfs_HalInit.tmp
2025-07-04 18:43:56,453 [INFO] CodeEngine:263 - oldGeneratedFile, C:\Users\marcv\Desktop\X1-Thorn\1_Code\3_STM32\0_workspace\X1_Thorn_v3\MXTmpFiles\fatfs_vars.tmp_save
2025-07-04 18:43:56,507 [INFO] CodeEngine:287 - Generated code: C:\Users\marcv\Desktop\X1-Thorn\1_Code\3_STM32\0_workspace\X1_Thorn_v3\MXTmpFiles\fatfs_vars.tmp
2025-07-04 18:43:56,515 [INFO] CodeEngine:263 - oldGeneratedFile, C:\Users\marcv\Desktop\X1-Thorn\1_Code\3_STM32\0_workspace\X1_Thorn_v3\MXTmpFiles\fatfs_ext_vars.tmp_save
2025-07-04 18:43:56,570 [INFO] CodeEngine:287 - Generated code: C:\Users\marcv\Desktop\X1-Thorn\1_Code\3_STM32\0_workspace\X1_Thorn_v3\MXTmpFiles\fatfs_ext_vars.tmp
2025-07-04 18:43:56,578 [INFO] CodeEngine:263 - oldGeneratedFile, C:\Users\marcv\Desktop\X1-Thorn\1_Code\3_STM32\0_workspace\X1_Thorn_v3\MXTmpFiles\fatfs_inc.tmp_save
2025-07-04 18:43:56,631 [INFO] CodeEngine:287 - Generated code: C:\Users\marcv\Desktop\X1-Thorn\1_Code\3_STM32\0_workspace\X1_Thorn_v3\MXTmpFiles\fatfs_inc.tmp
2025-07-04 18:43:56,646 [INFO] CodeEngine:263 - oldGeneratedFile, C:\Users\marcv\Desktop\X1-Thorn\1_Code\3_STM32\0_workspace\X1_Thorn_v3\FATFS\Target\ffconf.h_save
2025-07-04 18:43:56,748 [INFO] CodeEngine:287 - Generated code: C:\Users\marcv\Desktop\X1-Thorn\1_Code\3_STM32\0_workspace\X1_Thorn_v3\FATFS\Target\ffconf.h
2025-07-04 18:43:56,774 [INFO] CodeEngine:263 - oldGeneratedFile, C:\Users\marcv\Desktop\X1-Thorn\1_Code\3_STM32\0_workspace\X1_Thorn_v3\FATFS\Target\user_diskio.c_save
2025-07-04 18:43:56,857 [INFO] CodeEngine:287 - Generated code: C:\Users\marcv\Desktop\X1-Thorn\1_Code\3_STM32\0_workspace\X1_Thorn_v3\FATFS\Target\user_diskio.c
2025-07-04 18:43:56,871 [INFO] CodeEngine:263 - oldGeneratedFile, C:\Users\marcv\Desktop\X1-Thorn\1_Code\3_STM32\0_workspace\X1_Thorn_v3\FATFS\Target\user_diskio.h_save
2025-07-04 18:43:56,948 [INFO] CodeEngine:287 - Generated code: C:\Users\marcv\Desktop\X1-Thorn\1_Code\3_STM32\0_workspace\X1_Thorn_v3\FATFS\Target\user_diskio.h
2025-07-04 18:43:56,962 [INFO] CodeEngine:263 - oldGeneratedFile, C:\Users\marcv\Desktop\X1-Thorn\1_Code\3_STM32\0_workspace\X1_Thorn_v3\FATFS\App\fatfs.c_save
2025-07-04 18:43:57,056 [INFO] CodeEngine:287 - Generated code: C:\Users\marcv\Desktop\X1-Thorn\1_Code\3_STM32\0_workspace\X1_Thorn_v3\FATFS\App\fatfs.c
2025-07-04 18:43:57,072 [INFO] CodeEngine:263 - oldGeneratedFile, C:\Users\marcv\Desktop\X1-Thorn\1_Code\3_STM32\0_workspace\X1_Thorn_v3\FATFS\App\fatfs.h_save
2025-07-04 18:43:57,164 [INFO] CodeEngine:287 - Generated code: C:\Users\marcv\Desktop\X1-Thorn\1_Code\3_STM32\0_workspace\X1_Thorn_v3\FATFS\App\fatfs.h
2025-07-04 18:43:57,189 [INFO] CodeEngine:263 - oldGeneratedFile, C:\Users\marcv\Desktop\X1-Thorn\1_Code\3_STM32\0_workspace\X1_Thorn_v3\Core\Src\i2c.c_save
2025-07-04 18:43:57,276 [INFO] CodeEngine:287 - Generated code: C:\Users\marcv\Desktop\X1-Thorn\1_Code\3_STM32\0_workspace\X1_Thorn_v3\Core\Src\i2c.c
2025-07-04 18:43:57,283 [INFO] CodeEngine:263 - oldGeneratedFile, C:\Users\marcv\Desktop\X1-Thorn\1_Code\3_STM32\0_workspace\X1_Thorn_v3\Core\Inc\i2c.h_save
2025-07-04 18:43:57,350 [INFO] CodeEngine:287 - Generated code: C:\Users\marcv\Desktop\X1-Thorn\1_Code\3_STM32\0_workspace\X1_Thorn_v3\Core\Inc\i2c.h
2025-07-04 18:43:57,381 [INFO] CodeEngine:263 - oldGeneratedFile, C:\Users\marcv\Desktop\X1-Thorn\1_Code\3_STM32\0_workspace\X1_Thorn_v3\Core\Src\memorymap.c_save
2025-07-04 18:43:57,483 [INFO] CodeEngine:287 - Generated code: C:\Users\marcv\Desktop\X1-Thorn\1_Code\3_STM32\0_workspace\X1_Thorn_v3\Core\Src\memorymap.c
2025-07-04 18:43:57,491 [INFO] CodeEngine:263 - oldGeneratedFile, C:\Users\marcv\Desktop\X1-Thorn\1_Code\3_STM32\0_workspace\X1_Thorn_v3\Core\Inc\memorymap.h_save
2025-07-04 18:43:57,578 [INFO] CodeEngine:287 - Generated code: C:\Users\marcv\Desktop\X1-Thorn\1_Code\3_STM32\0_workspace\X1_Thorn_v3\Core\Inc\memorymap.h
2025-07-04 18:43:57,609 [INFO] CodeEngine:263 - oldGeneratedFile, C:\Users\marcv\Desktop\X1-Thorn\1_Code\3_STM32\0_workspace\X1_Thorn_v3\Core\Src\spi.c_save
2025-07-04 18:43:57,723 [INFO] CodeEngine:287 - Generated code: C:\Users\marcv\Desktop\X1-Thorn\1_Code\3_STM32\0_workspace\X1_Thorn_v3\Core\Src\spi.c
2025-07-04 18:43:57,731 [INFO] CodeEngine:263 - oldGeneratedFile, C:\Users\marcv\Desktop\X1-Thorn\1_Code\3_STM32\0_workspace\X1_Thorn_v3\Core\Inc\spi.h_save
2025-07-04 18:43:57,835 [INFO] CodeEngine:287 - Generated code: C:\Users\marcv\Desktop\X1-Thorn\1_Code\3_STM32\0_workspace\X1_Thorn_v3\Core\Inc\spi.h
2025-07-04 18:43:57,864 [INFO] CodeEngine:263 - oldGeneratedFile, C:\Users\marcv\Desktop\X1-Thorn\1_Code\3_STM32\0_workspace\X1_Thorn_v3\Core\Src\tim.c_save
2025-07-04 18:43:58,033 [INFO] CodeEngine:287 - Generated code: C:\Users\marcv\Desktop\X1-Thorn\1_Code\3_STM32\0_workspace\X1_Thorn_v3\Core\Src\tim.c
2025-07-04 18:43:58,043 [INFO] CodeEngine:263 - oldGeneratedFile, C:\Users\marcv\Desktop\X1-Thorn\1_Code\3_STM32\0_workspace\X1_Thorn_v3\Core\Inc\tim.h_save
2025-07-04 18:43:58,152 [INFO] CodeEngine:287 - Generated code: C:\Users\marcv\Desktop\X1-Thorn\1_Code\3_STM32\0_workspace\X1_Thorn_v3\Core\Inc\tim.h
2025-07-04 18:43:58,185 [INFO] CodeEngine:263 - oldGeneratedFile, C:\Users\marcv\Desktop\X1-Thorn\1_Code\3_STM32\0_workspace\X1_Thorn_v3\Core\Src\usart.c_save
2025-07-04 18:43:58,285 [INFO] CodeEngine:287 - Generated code: C:\Users\marcv\Desktop\X1-Thorn\1_Code\3_STM32\0_workspace\X1_Thorn_v3\Core\Src\usart.c
2025-07-04 18:43:58,292 [INFO] CodeEngine:263 - oldGeneratedFile, C:\Users\marcv\Desktop\X1-Thorn\1_Code\3_STM32\0_workspace\X1_Thorn_v3\Core\Inc\usart.h_save
2025-07-04 18:43:58,368 [INFO] CodeEngine:287 - Generated code: C:\Users\marcv\Desktop\X1-Thorn\1_Code\3_STM32\0_workspace\X1_Thorn_v3\Core\Inc\usart.h
2025-07-04 18:43:58,416 [INFO] CodeEngine:263 - oldGeneratedFile, C:\Users\marcv\Desktop\X1-Thorn\1_Code\3_STM32\0_workspace\X1_Thorn_v3\Core\Src\stm32h7xx_it.c_save
2025-07-04 18:43:58,610 [INFO] CodeEngine:287 - Generated code: C:\Users\marcv\Desktop\X1-Thorn\1_Code\3_STM32\0_workspace\X1_Thorn_v3\Core\Src\stm32h7xx_it.c
2025-07-04 18:43:58,617 [INFO] CodeEngine:263 - oldGeneratedFile, C:\Users\marcv\Desktop\X1-Thorn\1_Code\3_STM32\0_workspace\X1_Thorn_v3\Core\Inc\stm32h7xx_it.h_save
2025-07-04 18:43:58,685 [INFO] CodeEngine:287 - Generated code: C:\Users\marcv\Desktop\X1-Thorn\1_Code\3_STM32\0_workspace\X1_Thorn_v3\Core\Inc\stm32h7xx_it.h
2025-07-04 18:43:58,791 [INFO] CodeEngine:263 - oldGeneratedFile, C:\Users\marcv\Desktop\X1-Thorn\1_Code\3_STM32\0_workspace\X1_Thorn_v3\Core\Src\stm32h7xx_hal_msp.c_save
2025-07-04 18:43:58,880 [INFO] CodeEngine:287 - Generated code: C:\Users\marcv\Desktop\X1-Thorn\1_Code\3_STM32\0_workspace\X1_Thorn_v3\Core\Src\stm32h7xx_hal_msp.c
2025-07-04 18:43:58,885 [INFO] CodeEngine:263 - oldGeneratedFile, C:\Users\marcv\Desktop\X1-Thorn\1_Code\3_STM32\0_workspace\X1_Thorn_v3\MXTmpFiles\system.tmp_save
2025-07-04 18:43:58,937 [INFO] CodeEngine:287 - Generated code: C:\Users\marcv\Desktop\X1-Thorn\1_Code\3_STM32\0_workspace\X1_Thorn_v3\MXTmpFiles\system.tmp
2025-07-04 18:43:58,952 [INFO] CodeEngine:263 - oldGeneratedFile, C:\Users\marcv\Desktop\X1-Thorn\1_Code\3_STM32\0_workspace\X1_Thorn_v3\Core\Src\stm32h7xx_hal_timebase_tim.c_save
2025-07-04 18:43:59,018 [INFO] CodeEngine:287 - Generated code: C:\Users\marcv\Desktop\X1-Thorn\1_Code\3_STM32\0_workspace\X1_Thorn_v3\Core\Src\stm32h7xx_hal_timebase_tim.c
2025-07-04 18:43:59,042 [INFO] CodeEngine:319 - oldGeneratedFile, C:\Users\marcv\Desktop\X1-Thorn\1_Code\3_STM32\0_workspace\X1_Thorn_v3\Core\Inc\stm32h7xx_hal_conf.h_save
2025-07-04 18:43:59,141 [INFO] CodeEngine:343 - Generated code: C:\Users\marcv\Desktop\X1-Thorn\1_Code\3_STM32\0_workspace\X1_Thorn_v3\Core\Inc\stm32h7xx_hal_conf.h
2025-07-04 18:43:59,196 [ERROR] ApiDbMcu:464 - Can't load MEMORYMAP-STM32xx root dir null
2025-07-04 18:43:59,196 [ERROR] ApiDbMcu:536 - Cannot parse MEMORYMAP_Config file : file do not exist
2025-07-04 18:43:59,220 [INFO] CodeEngine:263 - oldGeneratedFile, C:\Users\marcv\Desktop\X1-Thorn\1_Code\3_STM32\0_workspace\X1_Thorn_v3\Core\Inc\main.h_save
2025-07-04 18:43:59,323 [INFO] CodeEngine:287 - Generated code: C:\Users\marcv\Desktop\X1-Thorn\1_Code\3_STM32\0_workspace\X1_Thorn_v3\Core\Inc\main.h
2025-07-04 18:43:59,339 [INFO] CodeEngine:263 - oldGeneratedFile, C:\Users\marcv\Desktop\X1-Thorn\1_Code\3_STM32\0_workspace\X1_Thorn_v3\Core\Src\main.c_save
2025-07-04 18:43:59,454 [INFO] CodeEngine:287 - Generated code: C:\Users\marcv\Desktop\X1-Thorn\1_Code\3_STM32\0_workspace\X1_Thorn_v3\Core\Src\main.c
2025-07-04 18:44:00,072 [INFO] ProjectBuilder:3324 - Time for Copy HAL[1] : 408mS.
2025-07-04 18:44:00,084 [INFO] ProjectBuilder:4912 - Project Generator version: 4.6.0-B36
2025-07-04 18:44:00,166 [INFO] ConfigFileManager:1590 - The Die is : DIE450
2025-07-04 18:44:02,035 [INFO] ProjectBuilder:5191 - Time for Generating toolchain IDE Files: 1951mS.
2025-07-04 18:44:02,036 [INFO] ProjectBuilder:3181 - Time for Copy CMSIS : 0mS.
2025-07-04 18:44:02,061 [INFO] ProjectBuilder:3181 - Time for Copy CMSIS : 0mS.
2025-07-04 20:01:08,186 [INFO] MainUpdater:2872 - connection check result : 10
2025-07-04 20:01:08,202 [INFO] McuFinderGlobals:76 - Set McuFinderConnectedMode to true
2025-07-04 20:01:08,566 [INFO] ServerAccessManage:473 - Download File mcusAds.json._tmp_
2025-07-04 20:01:08,698 [INFO] LoadUrlFilesThread:156 - End of LoadUrlFiles Thread
2025-07-04 20:01:09,400 [INFO] ServerAccessManage:473 - Download File cube-finder-db.zip
2025-07-04 20:01:10,053 [INFO] FileExtend:242 - Unzip File : cube-finder-db.zip
2025-07-04 20:01:10,053 [INFO] FileExtend:257 - Standard Zip Deflate
2025-07-04 20:01:11,024 [INFO] LoadUrlFilesThread:156 - End of LoadUrlFiles Thread
2025-07-04 20:01:11,398 [INFO] ServerAccessManage:473 - Download File crdb.zip
2025-07-04 20:01:11,621 [INFO] FileExtend:242 - Unzip File : crdb.zip
2025-07-04 20:01:11,622 [INFO] FileExtend:257 - Standard Zip Deflate
2025-07-04 20:01:11,775 [INFO] LoadUrlFilesThread:156 - End of LoadUrlFiles Thread
2025-07-04 20:01:12,194 [INFO] ServerAccessManage:473 - Download File tutoVideoDB.zip
2025-07-04 20:01:12,200 [INFO] FileExtend:242 - Unzip File : tutoVideoDB.zip
2025-07-04 20:01:12,200 [INFO] FileExtend:257 - Standard Zip Deflate
2025-07-04 20:01:12,339 [INFO] LoadUrlFilesThread:156 - End of LoadUrlFiles Thread
2025-07-04 20:01:12,358 [WARN] DbFile:41 - Overriding database path with different value: C:\Users\marcv\.stmcufinder\plugins\mcufinder/ => C:\Users\marcv\.stmcufinder\plugins\mcufinder
2025-07-04 20:01:12,619 [INFO] ServerAccessManage:473 - Download File api_config.json
2025-07-04 20:01:12,745 [INFO] LoadUrlFilesThread:156 - End of LoadUrlFiles Thread
2025-07-04 20:01:12,747 [INFO] DbMcusAds:53 - JSON generation date=Thu Jun 19 10:32:37 CEST 2025 (1750321957418)
2025-07-04 20:01:12,753 [INFO] ApiDb:448 - Save user favorites file C:\Users\marcv/.stm32cubeide/favorites.mcus.txt: 1 item(s)
2025-07-04 20:01:12,754 [INFO] ApiDb:452 - User favorites MCUs=[STM32H750VBT6]
2025-07-04 20:01:12,764 [INFO] ApiDb:581 - Connected to CubeFinder SQLite database (C:\Users\marcv\.stmcufinder\plugins\mcufinder\mcu\cube-finder-db.db)
2025-07-04 20:01:12,836 [INFO] ApiDb:668 - CubeFinder database Data Model version=2.1
2025-07-04 20:01:12,836 [INFO] ApiDb:669 - CubeFinder database Configuration version=3.0.39
2025-07-04 20:01:12,837 [INFO] ApiDb:670 - CubeFinder database generation date=2025-06-16 (1750072209)
2025-07-04 20:01:12,837 [INFO] ApiDb:671 - CubeFinder database FW Pack versions=[FP-ATR-ASTRA1_V2.0.0, FP-SNS-FLIGHT1_V5.1.0, FP-SNS-MOTENV1_V5.0.0, FP-SNS-MOTENVWB1_V1.4.0, FP-SNS-SMARTAG2_V1.2.0, FP-SNS-STBOX1_V2.0.0, STM32Cube_FW_C0_V1.4.0, STM32Cube_FW_F4_V1.28.2, STM32Cube_FW_F7_V1.17.3, STM32Cube_FW_G0_V1.6.2, STM32Cube_FW_G4_V1.6.1, STM32Cube_FW_H5_V1.5.0, STM32Cube_FW_H7RS_V1.2.0, STM32Cube_FW_H7_V1.12.1, STM32Cube_FW_L0_V1.12.2, STM32Cube_FW_L4_V1.18.1, STM32Cube_FW_L5_V1.5.1, STM32Cube_FW_N6_V1.1.1, STM32Cube_FW_U0_V1.2.0, STM32Cube_FW_U3_V1.1.0, STM32Cube_FW_U5_V1.7.0, STM32Cube_FW_WB0_V1.2.0, STM32Cube_FW_WBA_V1.6.0, STM32Cube_FW_WB_V1.22.0, STM32Cube_FW_WL3_V1.1.0, STM32Cube_FW_WL_V1.3.1, X-CUBE-ALGOBUILD_V1.4.0, X-CUBE-ALS_V1.0.2, X-CUBE-AZRTOS-F4_V1.1.0, X-CUBE-AZRTOS-F7_V1.1.0, X-CUBE-AZRTOS-G0_V1.1.0, X-CUBE-AZRTOS-G4_V2.0.0, X-CUBE-AZRTOS-H7RS_V1.1.0, X-CUBE-AZRTOS-H7_V3.3.0, X-CUBE-AZRTOS-L4_V2.0.0, X-CUBE-AZRTOS-L5_V2.0.0, X-CUBE-AZRTOS-WB_V2.0.0, X-CUBE-AZRTOS-WL_V2.0.0, X-CUBE-BLE1_V7.1.0, X-CUBE-BLE2_V3.3.0, X-CUBE-BLEMGR_V4.0.0, X-CUBE-EEPRMA1_V5.1.0, X-CUBE-FREERTOS_V1.3.1, X-CUBE-GNSS1_V6.0.0, X-CUBE-MEMS1_V11.3.0, X-CUBE-NFC4_V3.0.0, X-CUBE-NFC7_V2.0.0, X-CUBE-SFXS2LP1_V4.0.0, X-CUBE-SUBG2_V5.0.0, X-CUBE-TOF1_V3.4.3]
2025-07-04 20:01:14,936 [INFO] ApiDb:240 - Found 895 in-development CPN: [B-G473E-ZEST1S, B-WB1M-WPAN1, B-WBA5M-WPAN, B-WL5M-SUBG1, NUCLEO-C031C6, NUCLEO-C051C8, NUCLEO-C071RB, NUCLEO-C092RC, NUCLEO-H503RB, NUCLEO-H533RE, NUCLEO-H563ZI, NUCLEO-H7S3L8, NUCLEO-N657X0-Q, NUCLEO-U031R8, NUCLEO-U083RC, NUCLEO-U385RG-Q, NUCLEO-U545RE-Q, NUCLEO-U5A5ZJ-Q, NUCLEO-WB05KZ, NUCLEO-WB07CC, NUCLEO-WB09KE, NUCLEO-WBA52CG, NUCLEO-WBA55CG, NUCLEO-WBA65RI, NUCLEO-WL33CC1, NUCLEO-WL33CC2, STEVAL-PROTEUS1, STEVAL-SMARTAG2, STEVAL-STWINBX1, STM320518-EVAL, STM32C0116-DK, STM32C011D6Y3TR, STM32C011D6Y6TR, STM32C011F4P3, STM32C011F4P6, STM32C011F4U3, STM32C011F4U6TR, STM32C011F6P3, STM32C011F6P6, STM32C011F6U3, STM32C011F6U6TR, STM32C011J4M3, STM32C011J4M6, STM32C011J6M3, STM32C011J6M6, STM32C0316-DK, STM32C031C4T3, STM32C031C4T6, STM32C031C4U3, STM32C031C4U6, STM32C031C6T3, STM32C031C6T6, STM32C031C6U3, STM32C031C6U6, STM32C031F4P3, STM32C031F4P6, STM32C031F6P3, STM32C031F6P6, STM32C031G4U3, STM32C031G4U6, STM32C031G6U3, STM32C031G6U6, STM32C031K4T3, STM32C031K4T6, STM32C031K4U3, STM32C031K4U6, STM32C031K6T3, STM32C031K6T6, STM32C031K6U3, STM32C031K6U6, STM32C051C6T6, STM32C051C6U6, STM32C051C8T6, STM32C051C8U6, STM32C051D8Y6TR, STM32C051F6P6, STM32C051F8P6, STM32C051G6U6, STM32C051G8U6, STM32C051K6T6, STM32C051K6U6, STM32C051K8T6, STM32C071C8T6, STM32C071C8T6N, STM32C071C8U6, STM32C071C8U6N, STM32C071CBT6, STM32C071CBT6N, STM32C071CBU6, STM32C071CBU6N, STM32C071F8P6, STM32C071F8P6N, STM32C071FBP6, STM32C071FBP6N, STM32C071FBY6TR, STM32C071G8U6, STM32C071G8U6N, STM32C071GBU6, STM32C071GBU6N, STM32C071K8T6, STM32C071K8T6N, STM32C071K8U6, STM32C071K8U6N, STM32C071KBT6, STM32C071KBT6N, STM32C071KBU6, STM32C071KBU6N, STM32C071R8T6, STM32C071R8T6N, STM32C071RBI6N, STM32C071RBT6, STM32C071RBT6N, STM32C091CBT6, STM32C091CBU6, STM32C091CCT6, STM32C091CCU6, STM32C091ECY6TR, STM32C091FBP6, STM32C091FCP6, STM32C091GBU6, STM32C091GCU6, STM32C091KBT6, STM32C091KBU6, STM32C091KCT6, STM32C091KCU6, STM32C091RBT6, STM32C091RCI6, STM32C091RCT6, STM32C092CBT6, STM32C092CBU6, STM32C092CCT6, STM32C092CCU6, STM32C092ECY6TR, STM32C092FBP6, STM32C092FCP6, STM32C092GBU6, STM32C092GCU6, STM32C092KBT6, STM32C092KBU6, STM32C092KCT6, STM32C092KCU6, STM32C092RBT6, STM32C092RCI6, STM32C092RCT6, STM32G071K8TXN, STM32G071K8UXN, STM32G081GBU6N, STM32G081KBT6N, STM32G081KBUXN, STM32G0B1CCT6N, STM32G0B1KCT6, STM32G0B1NEY6TR, STM32G0B1RCT6N, STM32G0C1CCT6, STM32G0C1CCT6N, STM32G0C1CCU6N, STM32G0C1CET6N, STM32G0C1CEU6N, STM32G0C1KCT6, STM32G0C1NEY6TR, STM32G0C1RCI6N, STM32G0C1RCT6N, STM32G0C1REI6N, STM32G0C1RET6N, STM32G0C1VCI6, STM32G0C1VEI6, STM32G411C6T3, STM32G411C6T6, STM32G411C6U3, STM32G411C6U6, STM32G411C8T3, STM32G411C8T6, STM32G411C8U3, STM32G411C8U6, STM32G411CBT3, STM32G411CBT6, STM32G411CBU3, STM32G411CBU6, STM32G411CCT3, STM32G411CCT6, STM32G411CCU3, STM32G411CCU6, STM32G411K6T3, STM32G411K6T6, STM32G411K6U3, STM32G411K6U6, STM32G411K8T3, STM32G411K8T6, STM32G411K8U3, STM32G411K8U6, STM32G411KBT3, STM32G411KBT6, STM32G411KBU3, STM32G411KBU6, STM32G411M6T3, STM32G411M6T6, STM32G411M8T3, STM32G411M8T6, STM32G411MBT3, STM32G411MBT6, STM32G411MCT3, STM32G411MCT6, STM32G411R6T3, STM32G411R6T6, STM32G411R8T3, STM32G411R8T6, STM32G411RBT3, STM32G411RBT6, STM32G411RCT3, STM32G411RCT6, STM32G414CBT3, STM32G414CBT6, STM32G414CBU3, STM32G414CBU6, STM32G414CCT3, STM32G414CCT6, STM32G414CCU3, STM32G414CCU6, STM32G414MBT3, STM32G414MBT6, STM32G414MCT3, STM32G414MCT6, STM32G414RBT3, STM32G414RBT6, STM32G414RCT3, STM32G414RCT6, STM32G414VBT3, STM32G414VBT6, STM32G414VCT3, STM32G414VCT6, STM32G431CBT3Z, STM32G431RBT3Z, STM32G471CCT6, STM32G471CCU6, STM32G471CET3, STM32G471CET6, STM32G471CEU3, STM32G471CEU6, STM32G471MCT6, STM32G471MET3, STM32G471MET6, STM32G471MEY6TR, STM32G471QCT6, STM32G471QET3, STM32G471RCT6, STM32G471RET3, STM32G471RET6, STM32G471VCH6, STM32G471VCI6, STM32G471VCT6, STM32G471VEH3, STM32G471VEH6, STM32G471VEI3, STM32G471VEI6, STM32G471VET3, STM32G471VET6, STM32G473QET3Z, STM32G473RET3Z, STM32G474CCT6, STM32G491RET3Z, STM32H503CBT6, STM32H503CBU6, STM32H503EBY6TR, STM32H503KBU6, STM32H503RBT6, STM32H523CCT6, STM32H523CCU6, STM32H523CET6, STM32H523CEU6, STM32H523HEY6TR, STM32H523RCT6, STM32H523RET6, STM32H523VCI6, STM32H523VCT6, STM32H523VEI6, STM32H523VET6, STM32H523ZCJ6, STM32H523ZCT6, STM32H523ZEJ6, STM32H523ZET6, STM32H533CET6, STM32H533CEU6, STM32H533HEY6TR, STM32H533RET6, STM32H533VEI6, STM32H533VET6, STM32H533ZEJ6, STM32H533ZET6, STM32H562AGI6, STM32H562AII6, STM32H562IGK6, STM32H562IGT6, STM32H562IIK6, STM32H562IIT6, STM32H562RGT6, STM32H562RGV6, STM32H562RIT6, STM32H562RIV6, STM32H562VGT6, STM32H562VIT6, STM32H562ZGT6, STM32H562ZIT6, STM32H563AGI6, STM32H563AII3Q, STM32H563AII6, STM32H563IGK6, STM32H563IGT6, STM32H563IIK3Q, STM32H563IIK6, STM32H563IIT3Q, STM32H563IIT6, STM32H563MIY3QTR, STM32H563RGT6, STM32H563RGV6, STM32H563RIT6, STM32H563RIV6, STM32H563VGT6, STM32H563VIT3Q, STM32H563VIT6, STM32H563ZGT6, STM32H563ZIT3Q, STM32H563ZIT6, STM32H573AII3Q, STM32H573AII6, STM32H573I-DK, STM32H573IIK3Q, STM32H573IIK6, STM32H573IIT3Q, STM32H573IIT6, STM32H573MIY3QTR, STM32H573RIT6, STM32H573RIV6, STM32H573VIT3Q, STM32H573VIT6, STM32H573ZIT3Q, STM32H573ZIT6, STM32H7R3A8I6, STM32H7R3I8K6, STM32H7R3I8T6, STM32H7R3L8H6, STM32H7R3L8H6H, STM32H7R3R8V6, STM32H7R3V8H6, STM32H7R3V8T6, STM32H7R3V8Y6TR, STM32H7R3Z8J6, STM32H7R3Z8T6, STM32H7R7A8I6, STM32H7R7I8K6, STM32H7R7I8T6, STM32H7R7L8H6, STM32H7R7L8H6H, STM32H7R7Z8J6, STM32H7S3A8I6, STM32H7S3I8K6, STM32H7S3I8T6, STM32H7S3L8H6, STM32H7S3L8H6H, STM32H7S3R8V6, STM32H7S3V8H6, STM32H7S3V8T6, STM32H7S3V8Y6TR, STM32H7S3Z8J6, STM32H7S3Z8T6, STM32H7S78-DK, STM32H7S7A8I6, STM32H7S7I8K6, STM32H7S7I8T6, STM32H7S7L8H6, STM32H7S7L8H6H, STM32H7S7Z8J6, STM32L4R5QGI6STR, STM32MP131AAE3, STM32MP131AAF3, STM32MP131AAG3, STM32MP131CAE3, STM32MP131CAF3, STM32MP131CAG3, STM32MP131DAE7, STM32MP131DAF7, STM32MP131DAG7, STM32MP131FAE7, STM32MP131FAF7, STM32MP131FAG7, STM32MP133AAE3, STM32MP133AAF3, STM32MP133AAG3, STM32MP133CAE3, STM32MP133CAF3, STM32MP133CAG3, STM32MP133DAE7, STM32MP133DAF7, STM32MP133DAG7, STM32MP133FAE7, STM32MP133FAF7, STM32MP133FAG7, STM32MP135AAE3, STM32MP135AAF3, STM32MP135AAG3, STM32MP135CAE3, STM32MP135CAF3, STM32MP135CAG3, STM32MP135DAE7, STM32MP135DAF7, STM32MP135DAG7, STM32MP135F-DK, STM32MP135FAE7, STM32MP135FAF7, STM32MP135FAF7T, STM32MP135FAF7U, STM32MP135FAG7, STM32MP231AAJ3, STM32MP231AAK3, STM32MP231AAL3, STM32MP231CAJ3, STM32MP231CAK3, STM32MP231CAL3, STM32MP231DAJ3, STM32MP231DAK3, STM32MP231DAL3, STM32MP231FAJ3, STM32MP231FAK3, STM32MP231FAL3, STM32MP233AAJ3, STM32MP233AAK3, STM32MP233AAL3, STM32MP233CAJ3, STM32MP233CAK3, STM32MP233CAL3, STM32MP233DAJ3, STM32MP233DAK3, STM32MP233DAL3, STM32MP233FAJ3, STM32MP233FAK3, STM32MP233FAL3, STM32MP235AAJ3, STM32MP235AAK3, STM32MP235AAL3, STM32MP235CAJ3, STM32MP235CAK3, STM32MP235CAL3, STM32MP235DAJ3, STM32MP235DAK3, STM32MP235DAL3, STM32MP235FAJ3, STM32MP235FAK3, STM32MP235FAL3, STM32MP251AAI3, STM32MP251AAJ3, STM32MP251AAK3, STM32MP251AAL3, STM32MP251CAI3, STM32MP251CAJ3, STM32MP251CAK3, STM32MP251CAL3, STM32MP251DAI3, STM32MP251DAJ3, STM32MP251DAK3, STM32MP251DAL3, STM32MP251FAI3, STM32MP251FAJ3, STM32MP251FAK3, STM32MP251FAL3, STM32MP253AAI3, STM32MP253AAJ3, STM32MP253AAK3, STM32MP253AAL3, STM32MP253CAI3, STM32MP253CAJ3, STM32MP253CAK3, STM32MP253CAL3, STM32MP253DAI3, STM32MP253DAJ3, STM32MP253DAK3, STM32MP253DAL3, STM32MP253FAI3, STM32MP253FAJ3, STM32MP253FAK3, STM32MP253FAL3, STM32MP255AAI3, STM32MP255AAJ3, STM32MP255AAK3, STM32MP255AAL3, STM32MP255CAI3, STM32MP255CAJ3, STM32MP255CAK3, STM32MP255CAL3, STM32MP255DAI3, STM32MP255DAJ3, STM32MP255DAK3, STM32MP255DAL3, STM32MP255FAI3, STM32MP255FAJ3, STM32MP255FAK3, STM32MP255FAL3, STM32MP257AAI3, STM32MP257AAJ3, STM32MP257AAK3, STM32MP257AAL3, STM32MP257CAI3, STM32MP257CAJ3, STM32MP257CAK3, STM32MP257CAL3, STM32MP257DAI3, STM32MP257DAJ3, STM32MP257DAK3, STM32MP257DAL3, STM32MP257F-DK, STM32MP257F-EV1, STM32MP257FAI3, STM32MP257FAJ3, STM32MP257FAK3, STM32MP257FAL3, STM32N645A0H3Q, STM32N645B0H3Q, STM32N645I0H3Q, STM32N645L0H3Q, STM32N645X0H3Q, STM32N645Z0H3Q, STM32N647A0H3Q, STM32N647B0H3Q, STM32N647I0H3Q, STM32N647L0H3Q, STM32N647X0H3Q, STM32N647Z0H3Q, STM32N655A0H3Q, STM32N655B0H3Q, STM32N655I0H3Q, STM32N655L0H3Q, STM32N655X0H3Q, STM32N655Z0H3Q, STM32N6570-DK, STM32N657A0H3Q, STM32N657B0H3Q, STM32N657I0H3Q, STM32N657L0H3Q, STM32N657X0H3Q, STM32N657Z0H3Q, STM32U031C6T6, STM32U031C6U6, STM32U031C8T6, STM32U031C8U6, STM32U031F4P6, STM32U031F6P6, STM32U031F8P6, STM32U031G6Y6TR, STM32U031G8Y6TR, STM32U031K4U6, STM32U031K6U6, STM32U031K8U6, STM32U031R6I6, STM32U031R6T6, STM32U031R8I6, STM32U031R8T6, STM32U073C8T6, STM32U073C8U6, STM32U073CBT6, STM32U073CBU6, STM32U073CCT6, STM32U073CCU6, STM32U073H8Y6TR, STM32U073HBY6TR, STM32U073HCY6TR, STM32U073K8U6, STM32U073KBU6, STM32U073KCU6, STM32U073M8I6, STM32U073M8T6, STM32U073MBI6, STM32U073MBT6, STM32U073MCI6, STM32U073MCT6, STM32U073R8I6, STM32U073R8T6, STM32U073RBI6, STM32U073RBT6, STM32U073RCI6, STM32U073RCT6, STM32U083C-DK, STM32U083CCT6, STM32U083CCU6, STM32U083HCY6TR, STM32U083KCU6, STM32U083MCI6, STM32U083MCT6, STM32U083RCI6, STM32U083RCT6, STM32U375CET6, STM32U375CET6Q, STM32U375CEU6, STM32U375CEU6Q, STM32U375CEY6QTR, STM32U375CGT6, STM32U375CGT6Q, STM32U375CGU6, STM32U375CGU6Q, STM32U375CGY6QTR, STM32U375KEU6, STM32U375KGU6, STM32U375REI6, STM32U375REI6Q, STM32U375RET6, STM32U375RET6Q, STM32U375REY6GTR, STM32U375REY6QTR, STM32U375RGI6, STM32U375RGI6Q, STM32U375RGT6, STM32U375RGT6Q, STM32U375RGY6GTR, STM32U375RGY6QTR, STM32U375VEI6, STM32U375VEI6Q, STM32U375VET6, STM32U375VET6Q, STM32U375VGI6, STM32U375VGI6Q, STM32U375VGT6, STM32U375VGT6Q, STM32U385CGT6, STM32U385CGT6Q, STM32U385CGU6, STM32U385CGU6Q, STM32U385CGY6QTR, STM32U385KGU6, STM32U385RGI6, STM32U385RGI6Q, STM32U385RGT6, STM32U385RGT6Q, STM32U385RGY6GTR, STM32U385RGY6QTR, STM32U385VGI6, STM32U385VGI6Q, STM32U385VGT6, STM32U385VGT6Q, STM32U535CBT6, STM32U535CBT6Q, STM32U535CBU6, STM32U535CBU6Q, STM32U535CCT6, STM32U535CCT6Q, STM32U535CCU6, STM32U535CCU6Q, STM32U535CET6, STM32U535CET6Q, STM32U535CEU6, STM32U535CEU6Q, STM32U535JEY6QTR, STM32U535NCY6QTR, STM32U535NEY6QTR, STM32U535RBI6, STM32U535RBI6Q, STM32U535RBT6, STM32U535RBT6Q, STM32U535RCI6, STM32U535RCI6Q, STM32U535RCT6, STM32U535RCT6Q, STM32U535REI6, STM32U535REI6Q, STM32U535RET6, STM32U535RET6Q, STM32U535VCI6, STM32U535VCI6Q, STM32U535VCT6, STM32U535VCT6Q, STM32U535VEI6, STM32U535VEI6Q, STM32U535VET6, STM32U535VET6Q, STM32U545CET6, STM32U545CET6Q, STM32U545CEU6, STM32U545CEU6Q, STM32U545JEY6QTR, STM32U545NEY6QTR, STM32U545REI6, STM32U545REI6Q, STM32U545RET6, STM32U545RET6Q, STM32U545VEI6, STM32U545VEI6Q, STM32U545VET6, STM32U545VET6Q, STM32U595AIH6, STM32U595AIH6Q, STM32U595AJH6, STM32U595AJH6Q, STM32U595QII6, STM32U595QII6Q, STM32U595QJI6, STM32U595QJI6Q, STM32U595RIT6, STM32U595RIT6Q, STM32U595RJT6, STM32U595RJT6Q, STM32U595VIT6, STM32U595VIT6Q, STM32U595VJT6, STM32U595VJT6Q, STM32U595ZIT6, STM32U595ZIT6Q, STM32U595ZIY6QTR, STM32U595ZJT6, STM32U595ZJT6Q, STM32U595ZJY6QTR, STM32U599BJY6QTR, STM32U599NIH6Q, STM32U599NJH6Q, STM32U599VIT6Q, STM32U599VJT6, STM32U599VJT6Q, STM32U599ZIT6Q, STM32U599ZIY6QTR, STM32U599ZJT6Q, STM32U599ZJY6QTR, STM32U5A5AJH6, STM32U5A5AJH6Q, STM32U5A5QII3Q , STM32U5A5QJI6, STM32U5A5QJI6Q, STM32U5A5RJT6, STM32U5A5RJT6Q, STM32U5A5VJT6, STM32U5A5VJT6Q, STM32U5A5ZJT6, STM32U5A5ZJT6Q, STM32U5A5ZJY6QTR, STM32U5A9BJY6QTR, STM32U5A9J-DK, STM32U5A9NJH6Q, STM32U5A9VJT6Q, STM32U5A9ZJT6Q, STM32U5A9ZJY6QTR, STM32U5F7VIT6, STM32U5F7VIT6Q, STM32U5F7VJT6, STM32U5F7VJT6Q, STM32U5F9BJY6QTR, STM32U5F9NJH6Q, STM32U5F9VIT6Q, STM32U5F9VJT6Q, STM32U5F9ZIJ6QTR, STM32U5F9ZIT6Q, STM32U5F9ZJJ6QTR, STM32U5F9ZJT6Q, STM32U5G7VJT6, STM32U5G7VJT6Q, STM32U5G9BJY6QTR, STM32U5G9J-DK1, STM32U5G9J-DK2, STM32U5G9NJH6Q, STM32U5G9VJT6Q, STM32U5G9ZJJ6QTR, STM32U5G9ZJT6Q, STM32WB05KZV6TR, STM32WB05KZV7TR, STM32WB05TZF6TR, STM32WB05TZF7TR, STM32WB06CCF6TR, STM32WB06CCF7TR, STM32WB06CCV6TR, STM32WB06CCV7TR, STM32WB06KCV6TR, STM32WB06KCV7TR, STM32WB07CCF6TR, STM32WB07CCF7TR, STM32WB07CCV6TR, STM32WB07CCV7TR, STM32WB07KCV6TR, STM32WB07KCV7TR, STM32WB09KEV6TR, STM32WB09KEV7TR, STM32WB09TEF6TR, STM32WB09TEF7TR, STM32WB1MMCH6, STM32WBA50KGU6, STM32WBA50KGU6TR, STM32WBA52CEU6, STM32WBA52CEU6TR, STM32WBA52CEU7, STM32WBA52CEU7TR, STM32WBA52CGU6, STM32WBA52CGU6TR, STM32WBA52CGU6U, STM32WBA52CGU7, STM32WBA52CGU7TR, STM32WBA52KEU6, STM32WBA52KEU6TR, STM32WBA52KGU6, STM32WBA52KGU6TR, STM32WBA54CEU6, STM32WBA54CEU6TR, STM32WBA54CEU7, STM32WBA54CEU7TR, STM32WBA54CGU6, STM32WBA54CGU6TR, STM32WBA54CGU7, STM32WBA54CGU7TR, STM32WBA54KEU6, STM32WBA54KEU6TR, STM32WBA54KEU7, STM32WBA54KEU7TR, STM32WBA54KGU6, STM32WBA54KGU6TR, STM32WBA54KGU7, STM32WBA54KGU7TR, STM32WBA55CEU6, STM32WBA55CEU6TR, STM32WBA55CEU7, STM32WBA55CEU7TR, STM32WBA55CGU6, STM32WBA55CGU6TR, STM32WBA55CGU6U, STM32WBA55CGU7, STM32WBA55CGU7TR, STM32WBA55G-DK1, STM32WBA55HEF6, STM32WBA55HEF7, STM32WBA55HGF6, STM32WBA55HGF7, STM32WBA55UEI6, STM32WBA55UEI6TR, STM32WBA55UEI7, STM32WBA55UEI7TR, STM32WBA55UGI6, STM32WBA55UGI6TR, STM32WBA55UGI7, STM32WBA55UGI7TR, STM32WBA5MJGH6TR, STM32WBA62CGU6, STM32WBA62CIU6, STM32WBA62MGF6, STM32WBA62MIF6, STM32WBA62PGI6, STM32WBA62PII6, STM32WBA63CGU6, STM32WBA63CGU7, STM32WBA63CIU6, STM32WBA63CIU7, STM32WBA64CGU6, STM32WBA64CGU7, STM32WBA64CIU6, STM32WBA64CIU7, STM32WBA65CGU6, STM32WBA65CGU7, STM32WBA65CIU6, STM32WBA65CIU7, STM32WBA65I-DK1, STM32WBA65MGF6, STM32WBA65MGF7, STM32WBA65MIF6, STM32WBA65MIF7, STM32WBA65PGI6, STM32WBA65PGI7, STM32WBA65PII6, STM32WBA65PII7, STM32WBA65RGV6, STM32WBA65RGV7, STM32WBA65RIV6, STM32WBA65RIV7, STM32WL30K8V6, STM32WL30KBV6, STM32WL31C8V6, STM32WL31CBV6, STM32WL31K8V6, STM32WL31KBV6, STM32WL33C8V6, STM32WL33C8V6TR, STM32WL33C8V7, STM32WL33C8V7TR, STM32WL33CBV6, STM32WL33CBV6TR, STM32WL33CBV7, STM32WL33CBV7TR, STM32WL33CCV6, STM32WL33CCV6TR, STM32WL33CCV7, STM32WL33CCV7A, STM32WL33CCV7ATR, STM32WL33CCV7TR, STM32WL33K8V6, STM32WL33K8V6TR, STM32WL33K8V7, STM32WL33K8V7TR, STM32WL33KBV6, STM32WL33KBV6TR, STM32WL33KBV7, STM32WL33KBV7TR, STM32WL33KCV6, STM32WL33KCV6TR, STM32WL33KCV7, STM32WL33KCV7TR, STM32WL5MOCH6, STM32WL5MOCH6TR]
2025-07-04 20:01:14,940 [INFO] DbMcus:218 - Found 4686 MCUs, 4686 are supported
2025-07-04 20:01:14,940 [INFO] ApiDb:423 - Load user favorites file C:\Users\marcv/.stm32cubeide/favorites.mcus.txt: 1 item(s)
2025-07-04 20:01:14,940 [INFO] ApiDb:427 - User favorites MCUs=[STM32H750VBT6]
2025-07-04 20:01:14,940 [INFO] DbMcus:224 - Set 1 / 1 favorites MCUs
2025-07-04 20:01:15,362 [INFO] ApiDb:448 - Save user favorites file C:\Users\marcv/.stm32cubeide/favorites.boards.txt: 0 item(s)
2025-07-04 20:01:15,362 [INFO] ApiDb:452 - User favorites Boards=[]
2025-07-04 20:01:15,364 [INFO] ApiDb:581 - Connected to CubeFinder SQLite database (C:\Users\marcv\.stmcufinder\plugins\mcufinder\mcu\cube-finder-db.db)
2025-07-04 20:01:15,426 [INFO] ApiDb:668 - CubeFinder database Data Model version=2.1
2025-07-04 20:01:15,426 [INFO] ApiDb:669 - CubeFinder database Configuration version=3.0.39
2025-07-04 20:01:15,427 [INFO] ApiDb:670 - CubeFinder database generation date=2025-06-16 (1750072209)
2025-07-04 20:01:15,427 [INFO] ApiDb:671 - CubeFinder database FW Pack versions=[FP-ATR-ASTRA1_V2.0.0, FP-SNS-FLIGHT1_V5.1.0, FP-SNS-MOTENV1_V5.0.0, FP-SNS-MOTENVWB1_V1.4.0, FP-SNS-SMARTAG2_V1.2.0, FP-SNS-STBOX1_V2.0.0, STM32Cube_FW_C0_V1.4.0, STM32Cube_FW_F4_V1.28.2, STM32Cube_FW_F7_V1.17.3, STM32Cube_FW_G0_V1.6.2, STM32Cube_FW_G4_V1.6.1, STM32Cube_FW_H5_V1.5.0, STM32Cube_FW_H7RS_V1.2.0, STM32Cube_FW_H7_V1.12.1, STM32Cube_FW_L0_V1.12.2, STM32Cube_FW_L4_V1.18.1, STM32Cube_FW_L5_V1.5.1, STM32Cube_FW_N6_V1.1.1, STM32Cube_FW_U0_V1.2.0, STM32Cube_FW_U3_V1.1.0, STM32Cube_FW_U5_V1.7.0, STM32Cube_FW_WB0_V1.2.0, STM32Cube_FW_WBA_V1.6.0, STM32Cube_FW_WB_V1.22.0, STM32Cube_FW_WL3_V1.1.0, STM32Cube_FW_WL_V1.3.1, X-CUBE-ALGOBUILD_V1.4.0, X-CUBE-ALS_V1.0.2, X-CUBE-AZRTOS-F4_V1.1.0, X-CUBE-AZRTOS-F7_V1.1.0, X-CUBE-AZRTOS-G0_V1.1.0, X-CUBE-AZRTOS-G4_V2.0.0, X-CUBE-AZRTOS-H7RS_V1.1.0, X-CUBE-AZRTOS-H7_V3.3.0, X-CUBE-AZRTOS-L4_V2.0.0, X-CUBE-AZRTOS-L5_V2.0.0, X-CUBE-AZRTOS-WB_V2.0.0, X-CUBE-AZRTOS-WL_V2.0.0, X-CUBE-BLE1_V7.1.0, X-CUBE-BLE2_V3.3.0, X-CUBE-BLEMGR_V4.0.0, X-CUBE-EEPRMA1_V5.1.0, X-CUBE-FREERTOS_V1.3.1, X-CUBE-GNSS1_V6.0.0, X-CUBE-MEMS1_V11.3.0, X-CUBE-NFC4_V3.0.0, X-CUBE-NFC7_V2.0.0, X-CUBE-SFXS2LP1_V4.0.0, X-CUBE-SUBG2_V5.0.0, X-CUBE-TOF1_V3.4.3]
2025-07-04 20:01:15,471 [INFO] DbBoardsSqlite:226 - include board P-NUCLEO-WB55-NUCLEO as a kit item of type 'Nucleo-64'
2025-07-04 20:01:15,471 [INFO] DbBoardsSqlite:226 - include board P-NUCLEO-WB55-USBDONGLE as a kit item of type 'Nucleo USB Dongle'
2025-07-04 20:01:15,472 [INFO] DbBoardsSqlite:226 - include board STEVAL-IDP005V1 as a kit item of type 'Evaluation Board'
2025-07-04 20:01:15,472 [INFO] DbBoardsSqlite:226 - include board STEVAL-IDP005V2 as a kit item of type 'Evaluation Board'
2025-07-04 20:01:15,533 [INFO] ApiDb:240 - Found 895 in-development CPN: [B-G473E-ZEST1S, B-WB1M-WPAN1, B-WBA5M-WPAN, B-WL5M-SUBG1, NUCLEO-C031C6, NUCLEO-C051C8, NUCLEO-C071RB, NUCLEO-C092RC, NUCLEO-H503RB, NUCLEO-H533RE, NUCLEO-H563ZI, NUCLEO-H7S3L8, NUCLEO-N657X0-Q, NUCLEO-U031R8, NUCLEO-U083RC, NUCLEO-U385RG-Q, NUCLEO-U545RE-Q, NUCLEO-U5A5ZJ-Q, NUCLEO-WB05KZ, NUCLEO-WB07CC, NUCLEO-WB09KE, NUCLEO-WBA52CG, NUCLEO-WBA55CG, NUCLEO-WBA65RI, NUCLEO-WL33CC1, NUCLEO-WL33CC2, STEVAL-PROTEUS1, STEVAL-SMARTAG2, STEVAL-STWINBX1, STM320518-EVAL, STM32C0116-DK, STM32C011D6Y3TR, STM32C011D6Y6TR, STM32C011F4P3, STM32C011F4P6, STM32C011F4U3, STM32C011F4U6TR, STM32C011F6P3, STM32C011F6P6, STM32C011F6U3, STM32C011F6U6TR, STM32C011J4M3, STM32C011J4M6, STM32C011J6M3, STM32C011J6M6, STM32C0316-DK, STM32C031C4T3, STM32C031C4T6, STM32C031C4U3, STM32C031C4U6, STM32C031C6T3, STM32C031C6T6, STM32C031C6U3, STM32C031C6U6, STM32C031F4P3, STM32C031F4P6, STM32C031F6P3, STM32C031F6P6, STM32C031G4U3, STM32C031G4U6, STM32C031G6U3, STM32C031G6U6, STM32C031K4T3, STM32C031K4T6, STM32C031K4U3, STM32C031K4U6, STM32C031K6T3, STM32C031K6T6, STM32C031K6U3, STM32C031K6U6, STM32C051C6T6, STM32C051C6U6, STM32C051C8T6, STM32C051C8U6, STM32C051D8Y6TR, STM32C051F6P6, STM32C051F8P6, STM32C051G6U6, STM32C051G8U6, STM32C051K6T6, STM32C051K6U6, STM32C051K8T6, STM32C071C8T6, STM32C071C8T6N, STM32C071C8U6, STM32C071C8U6N, STM32C071CBT6, STM32C071CBT6N, STM32C071CBU6, STM32C071CBU6N, STM32C071F8P6, STM32C071F8P6N, STM32C071FBP6, STM32C071FBP6N, STM32C071FBY6TR, STM32C071G8U6, STM32C071G8U6N, STM32C071GBU6, STM32C071GBU6N, STM32C071K8T6, STM32C071K8T6N, STM32C071K8U6, STM32C071K8U6N, STM32C071KBT6, STM32C071KBT6N, STM32C071KBU6, STM32C071KBU6N, STM32C071R8T6, STM32C071R8T6N, STM32C071RBI6N, STM32C071RBT6, STM32C071RBT6N, STM32C091CBT6, STM32C091CBU6, STM32C091CCT6, STM32C091CCU6, STM32C091ECY6TR, STM32C091FBP6, STM32C091FCP6, STM32C091GBU6, STM32C091GCU6, STM32C091KBT6, STM32C091KBU6, STM32C091KCT6, STM32C091KCU6, STM32C091RBT6, STM32C091RCI6, STM32C091RCT6, STM32C092CBT6, STM32C092CBU6, STM32C092CCT6, STM32C092CCU6, STM32C092ECY6TR, STM32C092FBP6, STM32C092FCP6, STM32C092GBU6, STM32C092GCU6, STM32C092KBT6, STM32C092KBU6, STM32C092KCT6, STM32C092KCU6, STM32C092RBT6, STM32C092RCI6, STM32C092RCT6, STM32G071K8TXN, STM32G071K8UXN, STM32G081GBU6N, STM32G081KBT6N, STM32G081KBUXN, STM32G0B1CCT6N, STM32G0B1KCT6, STM32G0B1NEY6TR, STM32G0B1RCT6N, STM32G0C1CCT6, STM32G0C1CCT6N, STM32G0C1CCU6N, STM32G0C1CET6N, STM32G0C1CEU6N, STM32G0C1KCT6, STM32G0C1NEY6TR, STM32G0C1RCI6N, STM32G0C1RCT6N, STM32G0C1REI6N, STM32G0C1RET6N, STM32G0C1VCI6, STM32G0C1VEI6, STM32G411C6T3, STM32G411C6T6, STM32G411C6U3, STM32G411C6U6, STM32G411C8T3, STM32G411C8T6, STM32G411C8U3, STM32G411C8U6, STM32G411CBT3, STM32G411CBT6, STM32G411CBU3, STM32G411CBU6, STM32G411CCT3, STM32G411CCT6, STM32G411CCU3, STM32G411CCU6, STM32G411K6T3, STM32G411K6T6, STM32G411K6U3, STM32G411K6U6, STM32G411K8T3, STM32G411K8T6, STM32G411K8U3, STM32G411K8U6, STM32G411KBT3, STM32G411KBT6, STM32G411KBU3, STM32G411KBU6, STM32G411M6T3, STM32G411M6T6, STM32G411M8T3, STM32G411M8T6, STM32G411MBT3, STM32G411MBT6, STM32G411MCT3, STM32G411MCT6, STM32G411R6T3, STM32G411R6T6, STM32G411R8T3, STM32G411R8T6, STM32G411RBT3, STM32G411RBT6, STM32G411RCT3, STM32G411RCT6, STM32G414CBT3, STM32G414CBT6, STM32G414CBU3, STM32G414CBU6, STM32G414CCT3, STM32G414CCT6, STM32G414CCU3, STM32G414CCU6, STM32G414MBT3, STM32G414MBT6, STM32G414MCT3, STM32G414MCT6, STM32G414RBT3, STM32G414RBT6, STM32G414RCT3, STM32G414RCT6, STM32G414VBT3, STM32G414VBT6, STM32G414VCT3, STM32G414VCT6, STM32G431CBT3Z, STM32G431RBT3Z, STM32G471CCT6, STM32G471CCU6, STM32G471CET3, STM32G471CET6, STM32G471CEU3, STM32G471CEU6, STM32G471MCT6, STM32G471MET3, STM32G471MET6, STM32G471MEY6TR, STM32G471QCT6, STM32G471QET3, STM32G471RCT6, STM32G471RET3, STM32G471RET6, STM32G471VCH6, STM32G471VCI6, STM32G471VCT6, STM32G471VEH3, STM32G471VEH6, STM32G471VEI3, STM32G471VEI6, STM32G471VET3, STM32G471VET6, STM32G473QET3Z, STM32G473RET3Z, STM32G474CCT6, STM32G491RET3Z, STM32H503CBT6, STM32H503CBU6, STM32H503EBY6TR, STM32H503KBU6, STM32H503RBT6, STM32H523CCT6, STM32H523CCU6, STM32H523CET6, STM32H523CEU6, STM32H523HEY6TR, STM32H523RCT6, STM32H523RET6, STM32H523VCI6, STM32H523VCT6, STM32H523VEI6, STM32H523VET6, STM32H523ZCJ6, STM32H523ZCT6, STM32H523ZEJ6, STM32H523ZET6, STM32H533CET6, STM32H533CEU6, STM32H533HEY6TR, STM32H533RET6, STM32H533VEI6, STM32H533VET6, STM32H533ZEJ6, STM32H533ZET6, STM32H562AGI6, STM32H562AII6, STM32H562IGK6, STM32H562IGT6, STM32H562IIK6, STM32H562IIT6, STM32H562RGT6, STM32H562RGV6, STM32H562RIT6, STM32H562RIV6, STM32H562VGT6, STM32H562VIT6, STM32H562ZGT6, STM32H562ZIT6, STM32H563AGI6, STM32H563AII3Q, STM32H563AII6, STM32H563IGK6, STM32H563IGT6, STM32H563IIK3Q, STM32H563IIK6, STM32H563IIT3Q, STM32H563IIT6, STM32H563MIY3QTR, STM32H563RGT6, STM32H563RGV6, STM32H563RIT6, STM32H563RIV6, STM32H563VGT6, STM32H563VIT3Q, STM32H563VIT6, STM32H563ZGT6, STM32H563ZIT3Q, STM32H563ZIT6, STM32H573AII3Q, STM32H573AII6, STM32H573I-DK, STM32H573IIK3Q, STM32H573IIK6, STM32H573IIT3Q, STM32H573IIT6, STM32H573MIY3QTR, STM32H573RIT6, STM32H573RIV6, STM32H573VIT3Q, STM32H573VIT6, STM32H573ZIT3Q, STM32H573ZIT6, STM32H7R3A8I6, STM32H7R3I8K6, STM32H7R3I8T6, STM32H7R3L8H6, STM32H7R3L8H6H, STM32H7R3R8V6, STM32H7R3V8H6, STM32H7R3V8T6, STM32H7R3V8Y6TR, STM32H7R3Z8J6, STM32H7R3Z8T6, STM32H7R7A8I6, STM32H7R7I8K6, STM32H7R7I8T6, STM32H7R7L8H6, STM32H7R7L8H6H, STM32H7R7Z8J6, STM32H7S3A8I6, STM32H7S3I8K6, STM32H7S3I8T6, STM32H7S3L8H6, STM32H7S3L8H6H, STM32H7S3R8V6, STM32H7S3V8H6, STM32H7S3V8T6, STM32H7S3V8Y6TR, STM32H7S3Z8J6, STM32H7S3Z8T6, STM32H7S78-DK, STM32H7S7A8I6, STM32H7S7I8K6, STM32H7S7I8T6, STM32H7S7L8H6, STM32H7S7L8H6H, STM32H7S7Z8J6, STM32L4R5QGI6STR, STM32MP131AAE3, STM32MP131AAF3, STM32MP131AAG3, STM32MP131CAE3, STM32MP131CAF3, STM32MP131CAG3, STM32MP131DAE7, STM32MP131DAF7, STM32MP131DAG7, STM32MP131FAE7, STM32MP131FAF7, STM32MP131FAG7, STM32MP133AAE3, STM32MP133AAF3, STM32MP133AAG3, STM32MP133CAE3, STM32MP133CAF3, STM32MP133CAG3, STM32MP133DAE7, STM32MP133DAF7, STM32MP133DAG7, STM32MP133FAE7, STM32MP133FAF7, STM32MP133FAG7, STM32MP135AAE3, STM32MP135AAF3, STM32MP135AAG3, STM32MP135CAE3, STM32MP135CAF3, STM32MP135CAG3, STM32MP135DAE7, STM32MP135DAF7, STM32MP135DAG7, STM32MP135F-DK, STM32MP135FAE7, STM32MP135FAF7, STM32MP135FAF7T, STM32MP135FAF7U, STM32MP135FAG7, STM32MP231AAJ3, STM32MP231AAK3, STM32MP231AAL3, STM32MP231CAJ3, STM32MP231CAK3, STM32MP231CAL3, STM32MP231DAJ3, STM32MP231DAK3, STM32MP231DAL3, STM32MP231FAJ3, STM32MP231FAK3, STM32MP231FAL3, STM32MP233AAJ3, STM32MP233AAK3, STM32MP233AAL3, STM32MP233CAJ3, STM32MP233CAK3, STM32MP233CAL3, STM32MP233DAJ3, STM32MP233DAK3, STM32MP233DAL3, STM32MP233FAJ3, STM32MP233FAK3, STM32MP233FAL3, STM32MP235AAJ3, STM32MP235AAK3, STM32MP235AAL3, STM32MP235CAJ3, STM32MP235CAK3, STM32MP235CAL3, STM32MP235DAJ3, STM32MP235DAK3, STM32MP235DAL3, STM32MP235FAJ3, STM32MP235FAK3, STM32MP235FAL3, STM32MP251AAI3, STM32MP251AAJ3, STM32MP251AAK3, STM32MP251AAL3, STM32MP251CAI3, STM32MP251CAJ3, STM32MP251CAK3, STM32MP251CAL3, STM32MP251DAI3, STM32MP251DAJ3, STM32MP251DAK3, STM32MP251DAL3, STM32MP251FAI3, STM32MP251FAJ3, STM32MP251FAK3, STM32MP251FAL3, STM32MP253AAI3, STM32MP253AAJ3, STM32MP253AAK3, STM32MP253AAL3, STM32MP253CAI3, STM32MP253CAJ3, STM32MP253CAK3, STM32MP253CAL3, STM32MP253DAI3, STM32MP253DAJ3, STM32MP253DAK3, STM32MP253DAL3, STM32MP253FAI3, STM32MP253FAJ3, STM32MP253FAK3, STM32MP253FAL3, STM32MP255AAI3, STM32MP255AAJ3, STM32MP255AAK3, STM32MP255AAL3, STM32MP255CAI3, STM32MP255CAJ3, STM32MP255CAK3, STM32MP255CAL3, STM32MP255DAI3, STM32MP255DAJ3, STM32MP255DAK3, STM32MP255DAL3, STM32MP255FAI3, STM32MP255FAJ3, STM32MP255FAK3, STM32MP255FAL3, STM32MP257AAI3, STM32MP257AAJ3, STM32MP257AAK3, STM32MP257AAL3, STM32MP257CAI3, STM32MP257CAJ3, STM32MP257CAK3, STM32MP257CAL3, STM32MP257DAI3, STM32MP257DAJ3, STM32MP257DAK3, STM32MP257DAL3, STM32MP257F-DK, STM32MP257F-EV1, STM32MP257FAI3, STM32MP257FAJ3, STM32MP257FAK3, STM32MP257FAL3, STM32N645A0H3Q, STM32N645B0H3Q, STM32N645I0H3Q, STM32N645L0H3Q, STM32N645X0H3Q, STM32N645Z0H3Q, STM32N647A0H3Q, STM32N647B0H3Q, STM32N647I0H3Q, STM32N647L0H3Q, STM32N647X0H3Q, STM32N647Z0H3Q, STM32N655A0H3Q, STM32N655B0H3Q, STM32N655I0H3Q, STM32N655L0H3Q, STM32N655X0H3Q, STM32N655Z0H3Q, STM32N6570-DK, STM32N657A0H3Q, STM32N657B0H3Q, STM32N657I0H3Q, STM32N657L0H3Q, STM32N657X0H3Q, STM32N657Z0H3Q, STM32U031C6T6, STM32U031C6U6, STM32U031C8T6, STM32U031C8U6, STM32U031F4P6, STM32U031F6P6, STM32U031F8P6, STM32U031G6Y6TR, STM32U031G8Y6TR, STM32U031K4U6, STM32U031K6U6, STM32U031K8U6, STM32U031R6I6, STM32U031R6T6, STM32U031R8I6, STM32U031R8T6, STM32U073C8T6, STM32U073C8U6, STM32U073CBT6, STM32U073CBU6, STM32U073CCT6, STM32U073CCU6, STM32U073H8Y6TR, STM32U073HBY6TR, STM32U073HCY6TR, STM32U073K8U6, STM32U073KBU6, STM32U073KCU6, STM32U073M8I6, STM32U073M8T6, STM32U073MBI6, STM32U073MBT6, STM32U073MCI6, STM32U073MCT6, STM32U073R8I6, STM32U073R8T6, STM32U073RBI6, STM32U073RBT6, STM32U073RCI6, STM32U073RCT6, STM32U083C-DK, STM32U083CCT6, STM32U083CCU6, STM32U083HCY6TR, STM32U083KCU6, STM32U083MCI6, STM32U083MCT6, STM32U083RCI6, STM32U083RCT6, STM32U375CET6, STM32U375CET6Q, STM32U375CEU6, STM32U375CEU6Q, STM32U375CEY6QTR, STM32U375CGT6, STM32U375CGT6Q, STM32U375CGU6, STM32U375CGU6Q, STM32U375CGY6QTR, STM32U375KEU6, STM32U375KGU6, STM32U375REI6, STM32U375REI6Q, STM32U375RET6, STM32U375RET6Q, STM32U375REY6GTR, STM32U375REY6QTR, STM32U375RGI6, STM32U375RGI6Q, STM32U375RGT6, STM32U375RGT6Q, STM32U375RGY6GTR, STM32U375RGY6QTR, STM32U375VEI6, STM32U375VEI6Q, STM32U375VET6, STM32U375VET6Q, STM32U375VGI6, STM32U375VGI6Q, STM32U375VGT6, STM32U375VGT6Q, STM32U385CGT6, STM32U385CGT6Q, STM32U385CGU6, STM32U385CGU6Q, STM32U385CGY6QTR, STM32U385KGU6, STM32U385RGI6, STM32U385RGI6Q, STM32U385RGT6, STM32U385RGT6Q, STM32U385RGY6GTR, STM32U385RGY6QTR, STM32U385VGI6, STM32U385VGI6Q, STM32U385VGT6, STM32U385VGT6Q, STM32U535CBT6, STM32U535CBT6Q, STM32U535CBU6, STM32U535CBU6Q, STM32U535CCT6, STM32U535CCT6Q, STM32U535CCU6, STM32U535CCU6Q, STM32U535CET6, STM32U535CET6Q, STM32U535CEU6, STM32U535CEU6Q, STM32U535JEY6QTR, STM32U535NCY6QTR, STM32U535NEY6QTR, STM32U535RBI6, STM32U535RBI6Q, STM32U535RBT6, STM32U535RBT6Q, STM32U535RCI6, STM32U535RCI6Q, STM32U535RCT6, STM32U535RCT6Q, STM32U535REI6, STM32U535REI6Q, STM32U535RET6, STM32U535RET6Q, STM32U535VCI6, STM32U535VCI6Q, STM32U535VCT6, STM32U535VCT6Q, STM32U535VEI6, STM32U535VEI6Q, STM32U535VET6, STM32U535VET6Q, STM32U545CET6, STM32U545CET6Q, STM32U545CEU6, STM32U545CEU6Q, STM32U545JEY6QTR, STM32U545NEY6QTR, STM32U545REI6, STM32U545REI6Q, STM32U545RET6, STM32U545RET6Q, STM32U545VEI6, STM32U545VEI6Q, STM32U545VET6, STM32U545VET6Q, STM32U595AIH6, STM32U595AIH6Q, STM32U595AJH6, STM32U595AJH6Q, STM32U595QII6, STM32U595QII6Q, STM32U595QJI6, STM32U595QJI6Q, STM32U595RIT6, STM32U595RIT6Q, STM32U595RJT6, STM32U595RJT6Q, STM32U595VIT6, STM32U595VIT6Q, STM32U595VJT6, STM32U595VJT6Q, STM32U595ZIT6, STM32U595ZIT6Q, STM32U595ZIY6QTR, STM32U595ZJT6, STM32U595ZJT6Q, STM32U595ZJY6QTR, STM32U599BJY6QTR, STM32U599NIH6Q, STM32U599NJH6Q, STM32U599VIT6Q, STM32U599VJT6, STM32U599VJT6Q, STM32U599ZIT6Q, STM32U599ZIY6QTR, STM32U599ZJT6Q, STM32U599ZJY6QTR, STM32U5A5AJH6, STM32U5A5AJH6Q, STM32U5A5QII3Q , STM32U5A5QJI6, STM32U5A5QJI6Q, STM32U5A5RJT6, STM32U5A5RJT6Q, STM32U5A5VJT6, STM32U5A5VJT6Q, STM32U5A5ZJT6, STM32U5A5ZJT6Q, STM32U5A5ZJY6QTR, STM32U5A9BJY6QTR, STM32U5A9J-DK, STM32U5A9NJH6Q, STM32U5A9VJT6Q, STM32U5A9ZJT6Q, STM32U5A9ZJY6QTR, STM32U5F7VIT6, STM32U5F7VIT6Q, STM32U5F7VJT6, STM32U5F7VJT6Q, STM32U5F9BJY6QTR, STM32U5F9NJH6Q, STM32U5F9VIT6Q, STM32U5F9VJT6Q, STM32U5F9ZIJ6QTR, STM32U5F9ZIT6Q, STM32U5F9ZJJ6QTR, STM32U5F9ZJT6Q, STM32U5G7VJT6, STM32U5G7VJT6Q, STM32U5G9BJY6QTR, STM32U5G9J-DK1, STM32U5G9J-DK2, STM32U5G9NJH6Q, STM32U5G9VJT6Q, STM32U5G9ZJJ6QTR, STM32U5G9ZJT6Q, STM32WB05KZV6TR, STM32WB05KZV7TR, STM32WB05TZF6TR, STM32WB05TZF7TR, STM32WB06CCF6TR, STM32WB06CCF7TR, STM32WB06CCV6TR, STM32WB06CCV7TR, STM32WB06KCV6TR, STM32WB06KCV7TR, STM32WB07CCF6TR, STM32WB07CCF7TR, STM32WB07CCV6TR, STM32WB07CCV7TR, STM32WB07KCV6TR, STM32WB07KCV7TR, STM32WB09KEV6TR, STM32WB09KEV7TR, STM32WB09TEF6TR, STM32WB09TEF7TR, STM32WB1MMCH6, STM32WBA50KGU6, STM32WBA50KGU6TR, STM32WBA52CEU6, STM32WBA52CEU6TR, STM32WBA52CEU7, STM32WBA52CEU7TR, STM32WBA52CGU6, STM32WBA52CGU6TR, STM32WBA52CGU6U, STM32WBA52CGU7, STM32WBA52CGU7TR, STM32WBA52KEU6, STM32WBA52KEU6TR, STM32WBA52KGU6, STM32WBA52KGU6TR, STM32WBA54CEU6, STM32WBA54CEU6TR, STM32WBA54CEU7, STM32WBA54CEU7TR, STM32WBA54CGU6, STM32WBA54CGU6TR, STM32WBA54CGU7, STM32WBA54CGU7TR, STM32WBA54KEU6, STM32WBA54KEU6TR, STM32WBA54KEU7, STM32WBA54KEU7TR, STM32WBA54KGU6, STM32WBA54KGU6TR, STM32WBA54KGU7, STM32WBA54KGU7TR, STM32WBA55CEU6, STM32WBA55CEU6TR, STM32WBA55CEU7, STM32WBA55CEU7TR, STM32WBA55CGU6, STM32WBA55CGU6TR, STM32WBA55CGU6U, STM32WBA55CGU7, STM32WBA55CGU7TR, STM32WBA55G-DK1, STM32WBA55HEF6, STM32WBA55HEF7, STM32WBA55HGF6, STM32WBA55HGF7, STM32WBA55UEI6, STM32WBA55UEI6TR, STM32WBA55UEI7, STM32WBA55UEI7TR, STM32WBA55UGI6, STM32WBA55UGI6TR, STM32WBA55UGI7, STM32WBA55UGI7TR, STM32WBA5MJGH6TR, STM32WBA62CGU6, STM32WBA62CIU6, STM32WBA62MGF6, STM32WBA62MIF6, STM32WBA62PGI6, STM32WBA62PII6, STM32WBA63CGU6, STM32WBA63CGU7, STM32WBA63CIU6, STM32WBA63CIU7, STM32WBA64CGU6, STM32WBA64CGU7, STM32WBA64CIU6, STM32WBA64CIU7, STM32WBA65CGU6, STM32WBA65CGU7, STM32WBA65CIU6, STM32WBA65CIU7, STM32WBA65I-DK1, STM32WBA65MGF6, STM32WBA65MGF7, STM32WBA65MIF6, STM32WBA65MIF7, STM32WBA65PGI6, STM32WBA65PGI7, STM32WBA65PII6, STM32WBA65PII7, STM32WBA65RGV6, STM32WBA65RGV7, STM32WBA65RIV6, STM32WBA65RIV7, STM32WL30K8V6, STM32WL30KBV6, STM32WL31C8V6, STM32WL31CBV6, STM32WL31K8V6, STM32WL31KBV6, STM32WL33C8V6, STM32WL33C8V6TR, STM32WL33C8V7, STM32WL33C8V7TR, STM32WL33CBV6, STM32WL33CBV6TR, STM32WL33CBV7, STM32WL33CBV7TR, STM32WL33CCV6, STM32WL33CCV6TR, STM32WL33CCV7, STM32WL33CCV7A, STM32WL33CCV7ATR, STM32WL33CCV7TR, STM32WL33K8V6, STM32WL33K8V6TR, STM32WL33K8V7, STM32WL33K8V7TR, STM32WL33KBV6, STM32WL33KBV6TR, STM32WL33KBV7, STM32WL33KBV7TR, STM32WL33KCV6, STM32WL33KCV6TR, STM32WL33KCV7, STM32WL33KCV7TR, STM32WL5MOCH6, STM32WL5MOCH6TR]
2025-07-04 20:01:15,875 [INFO] BoardInfo:889 - No configuration file found for board P-NUCLEO-WB55
2025-07-04 20:01:15,876 [INFO] DbBoards:161 - Kit is not supported: P-NUCLEO-WB55
2025-07-04 20:01:15,884 [INFO] BoardInfo:889 - No configuration file found for board STEVAL-BFA001V1B
2025-07-04 20:01:15,886 [INFO] DbBoards:161 - Kit is not supported: STEVAL-BFA001V1B
2025-07-04 20:01:15,887 [INFO] BoardInfo:889 - No configuration file found for board STEVAL-BFA001V2B
2025-07-04 20:01:15,888 [INFO] DbBoards:161 - Kit is not supported: STEVAL-BFA001V2B
2025-07-04 20:01:16,187 [INFO] DbBoards:168 - Found 211 boards, 208 are supported
2025-07-04 20:01:16,187 [INFO] DbBoards:169 - Found 211 boards, 43 of them is supported for  Bsp
2025-07-04 20:01:16,190 [INFO] ApiDb:423 - Load user favorites file C:\Users\marcv/.stm32cubeide/favorites.boards.txt: 0 item(s)
2025-07-04 20:01:16,190 [INFO] ApiDb:427 - User favorites Boards=[]
2025-07-04 20:01:16,190 [INFO] DbBoards:198 - Set 0 / 0 favorites Boards
2025-07-04 20:01:16,220 [INFO] LoadUrlFilesThread:185 - End of LoadServerUrlFiles without Thread
2025-07-04 20:01:16,221 [INFO] TargetSelectorAdapter:259 - Refresh data is successful
2025-07-04 20:01:16,224 [INFO] ApiDb:668 - CubeFinder database Data Model version=2.1
2025-07-04 20:01:16,224 [INFO] ApiDb:669 - CubeFinder database Configuration version=3.0.39
2025-07-04 20:01:16,225 [INFO] ApiDb:670 - CubeFinder database generation date=2025-06-16 (1750072209)
2025-07-04 20:01:16,225 [INFO] ApiDb:671 - CubeFinder database FW Pack versions=[FP-ATR-ASTRA1_V2.0.0, FP-SNS-FLIGHT1_V5.1.0, FP-SNS-MOTENV1_V5.0.0, FP-SNS-MOTENVWB1_V1.4.0, FP-SNS-SMARTAG2_V1.2.0, FP-SNS-STBOX1_V2.0.0, STM32Cube_FW_C0_V1.4.0, STM32Cube_FW_F4_V1.28.2, STM32Cube_FW_F7_V1.17.3, STM32Cube_FW_G0_V1.6.2, STM32Cube_FW_G4_V1.6.1, STM32Cube_FW_H5_V1.5.0, STM32Cube_FW_H7RS_V1.2.0, STM32Cube_FW_H7_V1.12.1, STM32Cube_FW_L0_V1.12.2, STM32Cube_FW_L4_V1.18.1, STM32Cube_FW_L5_V1.5.1, STM32Cube_FW_N6_V1.1.1, STM32Cube_FW_U0_V1.2.0, STM32Cube_FW_U3_V1.1.0, STM32Cube_FW_U5_V1.7.0, STM32Cube_FW_WB0_V1.2.0, STM32Cube_FW_WBA_V1.6.0, STM32Cube_FW_WB_V1.22.0, STM32Cube_FW_WL3_V1.1.0, STM32Cube_FW_WL_V1.3.1, X-CUBE-ALGOBUILD_V1.4.0, X-CUBE-ALS_V1.0.2, X-CUBE-AZRTOS-F4_V1.1.0, X-CUBE-AZRTOS-F7_V1.1.0, X-CUBE-AZRTOS-G0_V1.1.0, X-CUBE-AZRTOS-G4_V2.0.0, X-CUBE-AZRTOS-H7RS_V1.1.0, X-CUBE-AZRTOS-H7_V3.3.0, X-CUBE-AZRTOS-L4_V2.0.0, X-CUBE-AZRTOS-L5_V2.0.0, X-CUBE-AZRTOS-WB_V2.0.0, X-CUBE-AZRTOS-WL_V2.0.0, X-CUBE-BLE1_V7.1.0, X-CUBE-BLE2_V3.3.0, X-CUBE-BLEMGR_V4.0.0, X-CUBE-EEPRMA1_V5.1.0, X-CUBE-FREERTOS_V1.3.1, X-CUBE-GNSS1_V6.0.0, X-CUBE-MEMS1_V11.3.0, X-CUBE-NFC4_V3.0.0, X-CUBE-NFC7_V2.0.0, X-CUBE-SFXS2LP1_V4.0.0, X-CUBE-SUBG2_V5.0.0, X-CUBE-TOF1_V3.4.3]
2025-07-04 20:01:16,958 [ERROR] DbExamplesSqlite:437 - Missing JSON key: board_cpn
2025-07-04 20:01:16,958 [ERROR] DbExamplesSqlite:437 - Missing JSON key: board_cpn
2025-07-04 20:01:16,958 [ERROR] DbExamplesSqlite:437 - Missing JSON key: board_cpn
2025-07-04 20:01:16,958 [ERROR] DbExamplesSqlite:437 - Missing JSON key: board_cpn
2025-07-04 20:01:17,169 [ERROR] DbExamplesSqlite:437 - Missing JSON key: board_cpn
2025-07-04 20:01:17,169 [ERROR] DbExamplesSqlite:437 - Missing JSON key: board_cpn
2025-07-04 20:01:17,169 [ERROR] DbExamplesSqlite:437 - Missing JSON key: board_cpn
2025-07-04 20:01:17,170 [ERROR] DbExamplesSqlite:437 - Missing JSON key: board_cpn
2025-07-04 20:01:17,170 [ERROR] DbExamplesSqlite:437 - Missing JSON key: board_cpn
2025-07-04 20:01:17,170 [ERROR] DbExamplesSqlite:437 - Missing JSON key: board_cpn
2025-07-04 20:01:17,170 [ERROR] DbExamplesSqlite:437 - Missing JSON key: board_cpn
2025-07-04 20:01:17,170 [ERROR] DbExamplesSqlite:437 - Missing JSON key: board_cpn
2025-07-04 20:01:17,171 [ERROR] DbExamplesSqlite:437 - Missing JSON key: board_cpn
2025-07-04 20:01:17,393 [ERROR] DbExamplesSqlite:437 - Missing JSON key: board_cpn
2025-07-04 20:01:17,419 [INFO] DbExamplesSqlite:395 - Ignored 46 examples not supported by CubeIDE
2025-07-04 20:01:17,419 [INFO] DbExamplesSqlite:396 - Found 10825 examples active
2025-07-04 20:01:17,420 [INFO] DbExamplesSqlite:397 - Found 0 examples obsolete
2025-07-04 20:01:17,420 [INFO] DbExamplesSqlite:398 - Found 0 examples under development
2025-07-04 20:01:17,420 [INFO] DbExamplesSqlite:399 - Found 79 examples not building
2025-07-04 20:01:17,424 [INFO] DbExamples:125 - Found 10858 examples
2025-07-04 20:01:17,456 [ERROR] DbExamples:208 - Found 3 examples with invalid data (board or MCU)
2025-07-04 20:01:17,456 [INFO] DbExamples:222 - Found 133 boards with related examples
2025-07-04 20:01:17,458 [INFO] DbExamples:235 - Found 109 MCUs with related examples
2025-07-04 20:01:17,523 [INFO] ApiDb:423 - Load user favorites file C:\Users\marcv/.stm32cubeide/favorites.examples.txt: 0 item(s)
2025-07-04 20:01:17,523 [INFO] ApiDb:427 - User favorites Examples=[]
2025-07-04 20:01:17,524 [INFO] DbExamples:250 - Set 0 / 0 favorites Examples
2025-07-04 20:01:17,681 [INFO] McuFinderGlobals:76 - Set McuFinderConnectedMode to true
2025-07-04 20:01:17,693 [INFO] MultiScanPanel:200 - Auto-refresh data requested => check proxy status ongoing
2025-07-04 20:01:17,697 [INFO] FinderPluginLoader:95 - Searching for filters in installed packs
2025-07-04 20:01:19,403 [INFO] LoadUrlFilesThread:185 - End of LoadServerUrlFiles without Thread
2025-07-04 20:01:19,467 [INFO] DetailPanel:341 - Set advertising image to C:/Users/marcv/STM32Cube/Repository/\en.cubemxfinderstm32wba6.jpg
2025-07-04 20:01:20,110 [INFO] MultiScanPanel:728 - adjusting invalid saved split location: -0.08
2025-07-04 20:01:20,335 [INFO] MultiScanPanel:728 - adjusting invalid saved split location: -0.08
2025-07-04 20:02:19,615 [INFO] MainUpdater:2872 - connection check result : 10
2025-07-04 20:02:19,615 [INFO] MainUpdater:2872 - connection check result : 10
2025-07-04 20:02:19,896 [INFO] I2cTimingTraitement:330 - 0x307075B1
2025-07-04 20:02:19,908 [INFO] MicroXplorer:468 - Change Database Path : 
2025-07-04 20:02:19,908 [INFO] MicroXplorer:498 - Change Database Version : DB.6.0.140
2025-07-04 20:02:19,933 [ERROR] ProjectManagerView:394 - 
java.lang.NullPointerException: Cannot invoke "javax.swing.JTextField.getText()" because the return value of "java.util.List.get(int)" is null
	at com.st.microxplorer.plugins.projectmanager.gui.ProjectChoiceTab$9.caretUpdate(ProjectChoiceTab.java:2678) ~[filemanager.jar:?]
	at javax.swing.text.JTextComponent.fireCaretUpdate(JTextComponent.java:408) ~[?:?]
	at javax.swing.text.JTextComponent$MutableCaretEvent.fire(JTextComponent.java:4484) ~[?:?]
	at javax.swing.text.JTextComponent$MutableCaretEvent.stateChanged(JTextComponent.java:4506) ~[?:?]
	at javax.swing.text.DefaultCaret.fireStateChanged(DefaultCaret.java:857) ~[?:?]
	at javax.swing.text.DefaultCaret.changeCaretPosition(DefaultCaret.java:1343) ~[?:?]
	at javax.swing.text.DefaultCaret.handleSetDot(DefaultCaret.java:1242) ~[?:?]
	at javax.swing.text.DefaultCaret.setDot(DefaultCaret.java:1223) ~[?:?]
	at javax.swing.text.DefaultCaret$Handler.insertUpdate(DefaultCaret.java:1819) ~[?:?]
	at javax.swing.text.AbstractDocument.fireInsertUpdate(AbstractDocument.java:227) ~[?:?]
	at javax.swing.text.AbstractDocument.handleInsertString(AbstractDocument.java:781) ~[?:?]
	at javax.swing.text.AbstractDocument.insertString(AbstractDocument.java:740) ~[?:?]
	at javax.swing.text.PlainDocument.insertString(PlainDocument.java:131) ~[?:?]
	at javax.swing.text.AbstractDocument.replace(AbstractDocument.java:699) ~[?:?]
	at javax.swing.text.JTextComponent.setText(JTextComponent.java:1725) ~[?:?]
	at com.st.microxplorer.plugins.projectmanager.gui.ProjectChoiceTab.createHeapStackFields(ProjectChoiceTab.java:979) ~[filemanager.jar:?]
	at com.st.microxplorer.plugins.projectmanager.gui.ProjectChoiceTab.buildLinkSettingsPanel(ProjectChoiceTab.java:3766) ~[filemanager.jar:?]
	at com.st.microxplorer.plugins.projectmanager.gui.ProjectChoiceTab.defineWindowsFields(ProjectChoiceTab.java:1962) ~[filemanager.jar:?]
	at com.st.microxplorer.plugins.projectmanager.gui.ProjectChoiceTab.updateSettings(ProjectChoiceTab.java:555) ~[filemanager.jar:?]
	at com.st.microxplorer.plugins.projectmanager.gui.ProjectSettingsPanel.UpdateDialog(ProjectSettingsPanel.java:245) ~[filemanager.jar:?]
	at com.st.microxplorer.plugins.projectmanager.ProjectManagerView.propertyChange(ProjectManagerView.java:391) ~[filemanager.jar:?]
	at java.beans.PropertyChangeSupport.fire(PropertyChangeSupport.java:343) ~[?:?]
	at java.beans.PropertyChangeSupport.firePropertyChange(PropertyChangeSupport.java:335) ~[?:?]
	at java.beans.PropertyChangeSupport.firePropertyChange(PropertyChangeSupport.java:268) ~[?:?]
	at com.st.microxplorer.util.MXPropertyChangeSupport.firePropertyChange(MXPropertyChangeSupport.java:54) ~[STM32CubeMX.jar:?]
	at com.st.microxplorer.mxsystem.MxSystem.closeConfig(MxSystem.java:899) ~[STM32CubeMX.jar:?]
	at com.st.microxplorer.maingui.MainPanel.closeConfig(MainPanel.java:789) ~[STM32CubeMX.jar:?]
	at com.st.microxplorer.plugins.filemanager.engine.OpenFileManager.loadConfigurationFile(OpenFileManager.java:287) ~[filemanager.jar:?]
	at com.st.microxplorer.plugins.filemanager.engine.MainFileManager.userLoadConfig(MainFileManager.java:341) ~[filemanager.jar:?]
	at com.st.microxplorer.plugins.filemanager.engine.MainFileManager.userLoadConfig(MainFileManager.java:319) ~[filemanager.jar:?]
	at com.st.microxplorer.plugins.filemanager.FileManagerView.getSpecificTask(FileManagerView.java:246) ~[filemanager.jar:?]
	at com.st.stm32cube.common.mx.editor.CubeMxEditor.getMxTabbedPaneInstance(CubeMxEditor.java:1198) ~[com.st.stm32cube.common.mx_6.14.0.202502271554/:?]
	at com.st.stm32cube.common.mx.editor.CubeMxEditor$12$1.createSwingComponent(CubeMxEditor.java:1068) ~[com.st.stm32cube.common.mx_6.14.0.202502271554/:?]
	at com.st.stm32cube.common.mx.oss.core.awtswtbridge.EmbeddedSwingComposite.doComponentCreation(EmbeddedSwingComposite.java:492) ~[com.st.stm32cube.common.mx.oss_6.14.0.202502271554/:?]
	at com.st.stm32cube.common.mx.oss.core.awtswtbridge.EmbeddedSwingComposite$4.run(EmbeddedSwingComposite.java:291) ~[com.st.stm32cube.common.mx.oss_6.14.0.202502271554/:?]
	at com.st.stm32cube.common.mx.oss.core.awtswtbridge.AwtEnvironment$2.run(AwtEnvironment.java:166) ~[com.st.stm32cube.common.mx.oss_6.14.0.202502271554/:?]
	at java.awt.event.InvocationEvent.dispatch(InvocationEvent.java:318) ~[?:?]
	at java.awt.EventQueue.dispatchEventImpl(EventQueue.java:773) ~[?:?]
	at java.awt.EventQueue$4.run(EventQueue.java:720) ~[?:?]
	at java.awt.EventQueue$4.run(EventQueue.java:714) ~[?:?]
	at java.security.AccessController.doPrivileged(AccessController.java:400) ~[?:?]
	at java.security.ProtectionDomain$JavaSecurityAccessImpl.doIntersectionPrivilege(ProtectionDomain.java:87) ~[?:?]
	at java.awt.EventQueue.dispatchEvent(EventQueue.java:742) ~[?:?]
	at java.awt.EventDispatchThread.pumpOneEventForFilters(EventDispatchThread.java:203) ~[?:?]
	at java.awt.EventDispatchThread.pumpEventsForFilter(EventDispatchThread.java:124) ~[?:?]
	at java.awt.EventDispatchThread.pumpEventsForHierarchy(EventDispatchThread.java:113) ~[?:?]
	at java.awt.EventDispatchThread.pumpEvents(EventDispatchThread.java:109) ~[?:?]
	at java.awt.EventDispatchThread.pumpEvents(EventDispatchThread.java:101) ~[?:?]
	at java.awt.EventDispatchThread.run(EventDispatchThread.java:90) ~[?:?]
2025-07-04 20:02:19,935 [WARN] ThirdParty:871 - waiting for thirdparty lock release [close project]
2025-07-04 20:02:19,935 [INFO] ThirdParty:873 - entering critical section [close project]
2025-07-04 20:02:19,935 [INFO] ThirdParty:883 - exiting critical section [close project]
2025-07-04 20:02:19,938 [INFO] PinOutPanel:1589 - setPackage(No Configuration,No Configuration)
2025-07-04 20:02:19,950 [WARN] IpParametersView:155 - Warning: This peripheral hasn't parameters
2025-07-04 20:02:19,960 [WARN] MainPanel:289 - <html><b><center>Warning: This peripheral has no parameters to be configured<br></b></html>
2025-07-04 20:02:19,965 [INFO] UtilMem:75 - Begin LoadConfig() Used Memory: 998122576 Bytes (1073741824)
2025-07-04 20:02:33,446 [INFO] MicroXplorer:468 - Change Database Path : 
2025-07-04 20:02:33,446 [INFO] MicroXplorer:498 - Change Database Version : DB.6.0.140
2025-07-04 20:02:33,446 [INFO] OpenFileManager:354 - Change cursor
2025-07-04 20:02:33,472 [INFO] RulesReader:64 - Compatibility file has been processed (301 Rules)
2025-07-04 20:02:33,480 [INFO] Mcu:2011 - Initializing MCU STM32H743VITx STM32H743VITx 
2025-07-04 20:02:33,481 [INFO] Mcu:2026 - No CPN specified => set CPN to STM32H743VIT6
2025-07-04 20:02:37,616 [INFO] Context:756 - Trying to add GPIOservice into a context  which must be forbidden
2025-07-04 20:02:39,306 [INFO] Rule:224 - rule 117617 - U5Cobra4M][GTZC] default value MPCBB3 and MPCBB5 - Not Secured memory - MPCBB1 is applicable
2025-07-04 20:02:39,306 [INFO] Rule:224 - rule 117617 - U5Cobra4M][GTZC] default value MPCBB3 and MPCBB5 - Not Secured memory - MPCBB1 is applicable
2025-07-04 20:02:39,306 [INFO] Rule:224 - rule 117617 - U5Cobra4M][GTZC] default value MPCBB3 and MPCBB5 - Not Secured memory - MPCBB2 is applicable
2025-07-04 20:02:39,306 [INFO] Rule:224 - rule 117617 - U5Cobra4M][GTZC] default value MPCBB3 and MPCBB5 - Not Secured memory - MPCBB2 is applicable
2025-07-04 20:02:39,306 [INFO] Rule:224 - rule 117617 - U5Cobra4M][GTZC] default value MPCBB3 and MPCBB5 - Not Secured memory - MPCBB3 is applicable
2025-07-04 20:02:39,306 [INFO] Rule:224 - rule 117617 - U5Cobra4M][GTZC] default value MPCBB3 and MPCBB5 - Not Secured memory - MPCBB3 is applicable
2025-07-04 20:02:39,306 [INFO] Rule:224 - rule 117617 - U5Cobra4M][GTZC] default value MPCBB3 and MPCBB5 - Not Secured memory - MPCBB4 is applicable
2025-07-04 20:02:39,306 [INFO] Rule:224 - rule 117617 - U5Cobra4M][GTZC] default value MPCBB3 and MPCBB5 - Not Secured memory - MPCBB4 is applicable
2025-07-04 20:02:39,306 [INFO] Rule:224 - rule 117617 - U5Cobra4M][GTZC] default value MPCBB3 and MPCBB5 - Secured memory - MPCBB1 is applicable
2025-07-04 20:02:39,306 [INFO] Rule:224 - rule 117617 - U5Cobra4M][GTZC] default value MPCBB3 and MPCBB5 - Secured memory - MPCBB2 is applicable
2025-07-04 20:02:39,306 [INFO] Rule:224 - rule 117617 - U5Cobra4M][GTZC] default value MPCBB3 and MPCBB5 - Secured memory - MPCBB3 is applicable
2025-07-04 20:02:39,306 [INFO] Rule:224 - rule 117617 - U5Cobra4M][GTZC] default value MPCBB3 and MPCBB5 - Secured memory - MPCBB4 is applicable
2025-07-04 20:02:39,306 [INFO] Rule:224 - rule 117617 - U5Cobra4M][GTZC] default value MPCBB3 and MPCBB5 - Privileged memory - MPCBB1 is applicable
2025-07-04 20:02:39,306 [INFO] Rule:224 - rule 117617 - U5Cobra4M][GTZC] default value MPCBB3 and MPCBB5 - Privileged memory - MPCBB2 is applicable
2025-07-04 20:02:39,306 [INFO] Rule:224 - rule 117617 - U5Cobra4M][GTZC] default value MPCBB3 and MPCBB5 - Privileged memory - MPCBB3 is applicable
2025-07-04 20:02:39,306 [INFO] Rule:224 - rule 117617 - U5Cobra4M][GTZC] default value MPCBB3 and MPCBB5 - Privileged memory - MPCBB4 is applicable
2025-07-04 20:02:39,306 [INFO] Rule:224 - rule 117617 - U5Cobra4M][GTZC] default value MPCBB3 and MPCBB5 - Not Privileged memory - MPCBB1 is applicable
2025-07-04 20:02:39,307 [INFO] Rule:224 - rule 117617 - U5Cobra4M][GTZC] default value MPCBB3 and MPCBB5 - Not Privileged memory - MPCBB2 is applicable
2025-07-04 20:02:39,307 [INFO] Rule:224 - rule 117617 - U5Cobra4M][GTZC] default value MPCBB3 and MPCBB5 - Not Privileged memory - MPCBB3 is applicable
2025-07-04 20:02:39,307 [INFO] Rule:224 - rule 117617 - U5Cobra4M][GTZC] default value MPCBB3 and MPCBB5 - Not Privileged memory - MPCBB4 is applicable
2025-07-04 20:02:39,307 [INFO] Rule:224 - rule 117617 - U5Cobra4M][GTZC] default value MPCBB3 and MPCBB5 - Privileged memory - MPCBB1 is applicable
2025-07-04 20:02:39,307 [INFO] Rule:224 - rule 117617 - U5Cobra4M][GTZC] default value MPCBB3 and MPCBB5 - Privileged memory - MPCBB2 is applicable
2025-07-04 20:02:39,307 [INFO] Rule:224 - rule 117617 - U5Cobra4M][GTZC] default value MPCBB3 and MPCBB5 - Privileged memory - MPCBB3 is applicable
2025-07-04 20:02:39,307 [INFO] Rule:224 - rule 117617 - U5Cobra4M][GTZC] default value MPCBB3 and MPCBB5 - Privileged memory - MPCBB4 is applicable
2025-07-04 20:02:39,307 [INFO] Rule:224 - rule 117617 - U5Cobra4M][GTZC] default value MPCBB3 and MPCBB5 - Privileged memory - MPCBB1 is applicable
2025-07-04 20:02:39,307 [INFO] Rule:224 - rule 117617 - U5Cobra4M][GTZC] default value MPCBB3 and MPCBB5 - Privileged memory - MPCBB2 is applicable
2025-07-04 20:02:39,307 [INFO] Rule:224 - rule 117617 - U5Cobra4M][GTZC] default value MPCBB3 and MPCBB5 - Privileged memory - MPCBB3 is applicable
2025-07-04 20:02:39,307 [INFO] Rule:224 - rule 117617 - U5Cobra4M][GTZC] default value MPCBB3 and MPCBB5 - Privileged memory - MPCBB4 is applicable
2025-07-04 20:02:39,307 [INFO] Rule:224 - rule 117617 - U5Cobra4M][GTZC] default value MPCBB3 and MPCBB5 - Not Privileged memory - MPCBB1 is applicable
2025-07-04 20:02:39,307 [INFO] Rule:224 - rule 117617 - U5Cobra4M][GTZC] default value MPCBB3 and MPCBB5 - Not Privileged memory - MPCBB2 is applicable
2025-07-04 20:02:39,307 [INFO] Rule:224 - rule 117617 - U5Cobra4M][GTZC] default value MPCBB3 and MPCBB5 - Not Privileged memory - MPCBB3 is applicable
2025-07-04 20:02:39,307 [INFO] Rule:224 - rule 117617 - U5Cobra4M][GTZC] default value MPCBB3 and MPCBB5 - Not Privileged memory - MPCBB4 is applicable
2025-07-04 20:02:39,307 [INFO] Rule:224 - rule 117617 - U5Cobra4M][GTZC] default value MPCBB3 and MPCBB5 - Privileged memory - MPCBB1 is applicable
2025-07-04 20:02:39,307 [INFO] Rule:224 - rule 117617 - U5Cobra4M][GTZC] default value MPCBB3 and MPCBB5 - Privileged memory - MPCBB2 is applicable
2025-07-04 20:02:39,307 [INFO] Rule:224 - rule 117617 - U5Cobra4M][GTZC] default value MPCBB3 and MPCBB5 - Privileged memory - MPCBB3 is applicable
2025-07-04 20:02:39,307 [INFO] Rule:224 - rule 117617 - U5Cobra4M][GTZC] default value MPCBB3 and MPCBB5 - Privileged memory - MPCBB4 is applicable
2025-07-04 20:02:39,307 [INFO] Rule:224 - rule Rename SubGHz_Phy SUBGHZ_APPLICATION SUBGHZ_PINGPONG to SUBGHZ_ADV_APPLICATION is applicable
2025-07-04 20:02:39,307 [INFO] Rule:224 - rule Rename Enabled to IBEACON is applicable
2025-07-04 20:02:39,307 [INFO] Rule:224 - rule GTZC_S instance for project manager is applicable
2025-07-04 20:02:39,307 [INFO] Rule:224 - rule GTZC_S instance for context M33S is applicable
2025-07-04 20:02:39,308 [INFO] Rule:224 - rule GTZC_S instance value for IP GTZC is applicable
2025-07-04 20:02:39,308 [INFO] Rule:224 - rule GTZC_S instance for mcu.IP is applicable
2025-07-04 20:02:39,308 [INFO] Rule:224 - rule GTZC_S instance for VP is applicable
2025-07-04 20:02:39,308 [INFO] Rule:224 - rule GTZC_S instance for signal is applicable
2025-07-04 20:02:39,308 [INFO] Rule:224 - rule GTZC_S instance for mcu.Pin is applicable
2025-07-04 20:02:39,308 [INFO] Rule:224 - rule GTZC_S instance for VP is applicable
2025-07-04 20:02:39,308 [INFO] Rule:224 - rule GTZC_S instance for signal is applicable
2025-07-04 20:02:39,308 [INFO] Rule:224 - rule GTZC_S instance for mcu is applicable
2025-07-04 20:02:39,308 [INFO] Rule:224 - rule GTZC_S instance for mcu.Pin is applicable
2025-07-04 20:02:39,308 [INFO] Rule:224 - rule GTZC_S instance value for IP GTZC is applicable
2025-07-04 20:02:39,308 [INFO] Rule:224 - rule GTZC_S instance for project manager is applicable
2025-07-04 20:02:39,308 [INFO] Rule:224 - rule GTZC_S instance for context M33S is applicable
2025-07-04 20:02:39,308 [INFO] Rule:224 - rule GTZC_S instance for VP is applicable
2025-07-04 20:02:39,308 [INFO] Rule:224 - rule GTZC_S instance for signal is applicable
2025-07-04 20:02:39,308 [INFO] Rule:224 - rule WakeUp0 Mode is applicable
2025-07-04 20:02:39,308 [INFO] Rule:224 - rule WakeUp0 SIGNAL is applicable
2025-07-04 20:02:39,308 [INFO] Rule:224 - rule WakeUp1 Mode is applicable
2025-07-04 20:02:39,309 [INFO] Rule:224 - rule WakeUp1 SIGNAL is applicable
2025-07-04 20:02:39,309 [INFO] Rule:224 - rule WakeUp2 Mode is applicable
2025-07-04 20:02:39,309 [INFO] Rule:224 - rule WakeUp2 SIGNAL is applicable
2025-07-04 20:02:39,309 [INFO] Rule:224 - rule WakeUp4 Mode is applicable
2025-07-04 20:02:39,309 [INFO] Rule:224 - rule WakeUp4 SIGNAL is applicable
2025-07-04 20:02:39,309 [INFO] Rule:224 - rule WakeUp5 Mode is applicable
2025-07-04 20:02:39,309 [INFO] Rule:224 - rule WakeUp5 SIGNAL is applicable
2025-07-04 20:02:39,309 [INFO] Rule:224 - rule Change Default Value for LSE Drive Capability for WB family is applicable
2025-07-04 20:02:39,309 [INFO] Rule:224 - rule Change Default Value for ADC Clock Prescaler G0 family is applicable
2025-07-04 20:02:39,309 [INFO] Rule:224 - rule LPUART IPParameter rename Prescaler parameter to ClockPrescaler for STM32H7 is applicable
2025-07-04 20:02:39,309 [INFO] Rule:224 - rule LPUART IPParameter rename Prescaler parameter to ClockPrescaler for STM32H7 is applicable
2025-07-04 20:02:39,309 [INFO] Rule:224 - rule LPUART IPParameter rename Prescaler parameter to ClockPrescaler for STM32WB is applicable
2025-07-04 20:02:39,309 [INFO] Rule:224 - rule LPUART IPParameter rename Prescaler parameter to ClockPrescaler for STM32WB is applicable
2025-07-04 20:02:39,309 [INFO] Rule:224 - rule LPUART IPParameter rename Prescaler parameter to ClockPrescaler for STM32G4 is applicable
2025-07-04 20:02:39,309 [INFO] Rule:224 - rule LPUART IPParameter rename Prescaler parameter to ClockPrescaler for STM32G4 is applicable
2025-07-04 20:02:39,309 [INFO] Rule:224 - rule LPUART IPParameter rename Prescaler parameter to ClockPrescaler for STM32L5 is applicable
2025-07-04 20:02:39,309 [INFO] Rule:224 - rule LPUART IPParameter rename Prescaler parameter to ClockPrescaler for STM32L5 is applicable
2025-07-04 20:02:39,309 [INFO] Rule:224 - rule LPUART IPParameter rename Prescaler parameter to ClockPrescaler for STM32G4 is applicable
2025-07-04 20:02:39,309 [INFO] Rule:224 - rule LPUART IPParameter rename Prescaler parameter to ClockPrescaler for STM32G4 is applicable
2025-07-04 20:02:39,309 [INFO] Rule:224 - rule USB device lib V2.5.3 for L0 rename USBD_SUPPORT_USER_STRING parameter to USBD_SUPPORT_USER_STRING_DESC4 is applicable
2025-07-04 20:02:39,309 [INFO] Rule:224 - rule I2SCLockSelection clock entry align is applicable
2025-07-04 20:02:39,309 [INFO] Rule:224 - rule Assign TIMx context if used as SYS timebase is applicable
2025-07-04 20:02:39,309 [INFO] Rule:224 - rule Change GPIO_Pu Default Value for I2C is applicable
2025-07-04 20:02:39,309 [INFO] Rule:224 - rule Change GPIO_Pu Default Value for SMBus is applicable
2025-07-04 20:02:39,309 [INFO] Rule:224 - rule change FDCAN default value is applicable
2025-07-04 20:02:39,310 [INFO] Rule:224 - rule Rename STM32WPAN CFG_BLE_IRK to CFG_BLE_IR is applicable
2025-07-04 20:02:39,310 [INFO] Rule:224 - rule Rename STM32WPAN CFG_BLE_ERK to CFG_BLE_ER is applicable
2025-07-04 20:02:39,310 [INFO] Rule:224 - rule Rename STM32WPAN CFG_BLE_IRK_HEX to CFG_BLE_IR_HEX is applicable
2025-07-04 20:02:39,310 [INFO] Rule:224 - rule Rename STM32WPAN CFG_BLE_ERK_HEX to CFG_BLE_ER_HEX is applicable
2025-07-04 20:02:39,310 [INFO] Rule:224 - rule Adapt Old IOC before rework replace old CORTEX_M33/CORTEX_M55 attributes by the new one. is applicable
2025-07-04 20:02:39,310 [INFO] Rule:224 - rule Rename parametre of RCC RCC_APBDBG_DIV2 to RCC_TIMPRES_DIV2 is applicable
2025-07-04 20:02:39,310 [INFO] Rule:224 - rule Rename DIE493 pin PA10 [PA12] -> PA10 is applicable
2025-07-04 20:02:39,310 [INFO] Rule:224 - rule Rename DIE493 pin PA9 [PA11] -> PA9 is applicable
2025-07-04 20:02:39,316 [INFO] DbConfProperties:307 - Apply Compatibility (16/90 Rules)
2025-07-04 20:02:39,329 [INFO] ImportTextPane:218 - (OptionalMessage_ERROR) Pin15 (VP_RIF_VS_RIF1) cannot be retrieved for this MCU
2025-07-04 20:02:39,539 [INFO] RtosManager:558 - Registered RTOS mode: class=CMSIS, group=RTOS, mode=CMSIS_V1, owner=FREERTOS
2025-07-04 20:02:39,539 [INFO] RtosManager:558 - Registered RTOS mode: class=CMSIS, group=RTOS2, mode=CMSIS_V2, owner=FREERTOS
2025-07-04 20:02:39,540 [INFO] RtosManager:558 - Registered RTOS mode: class=RTOS, group=Core, mode=CMSIS_V1, owner=FREERTOS
2025-07-04 20:02:39,540 [INFO] RtosManager:558 - Registered RTOS mode: class=RTOS, group=Core, mode=CMSIS_V2, owner=FREERTOS
2025-07-04 20:02:39,540 [WARN] ModelIntegratedComponent:184 - Missing modes for component STMicroelectronics:FreeRTOS:0.0.1:STMicroelectronics:RTOS:FreeRTOS:Core:::10.2.0:
2025-07-04 20:02:39,551 [WARN] ModelIntegratedComponent:63 - No mode defined for component null
2025-07-04 20:02:39,551 [WARN] ModelIntegratedComponent:63 - No mode defined for component null
2025-07-04 20:02:39,551 [WARN] ModelIntegratedComponent:63 - No mode defined for component null
2025-07-04 20:02:39,551 [WARN] ModelIntegratedComponent:63 - No mode defined for component null
2025-07-04 20:02:39,551 [WARN] ModelIntegratedComponent:63 - No mode defined for component null
2025-07-04 20:02:39,551 [WARN] ModelIntegratedComponent:63 - No mode defined for component null
2025-07-04 20:02:39,551 [WARN] ModelIntegratedComponent:63 - No mode defined for component null
2025-07-04 20:02:39,551 [WARN] ModelIntegratedComponent:63 - No mode defined for component null
2025-07-04 20:02:39,551 [WARN] ModelIntegratedComponent:63 - No mode defined for component null
2025-07-04 20:02:39,551 [WARN] ModelIntegratedComponent:63 - No mode defined for component null
2025-07-04 20:02:39,551 [WARN] ModelIntegratedComponent:63 - No mode defined for component null
2025-07-04 20:02:39,551 [WARN] ModelIntegratedComponent:63 - No mode defined for component null
2025-07-04 20:02:39,551 [WARN] ModelIntegratedComponent:63 - No mode defined for component null
2025-07-04 20:02:39,551 [WARN] ModelIntegratedComponent:63 - No mode defined for component null
2025-07-04 20:02:39,551 [WARN] ModelIntegratedComponent:63 - No mode defined for component null
2025-07-04 20:02:39,551 [WARN] ModelIntegratedComponent:63 - No mode defined for component null
2025-07-04 20:02:39,551 [WARN] ModelIntegratedComponent:63 - No mode defined for component null
2025-07-04 20:02:39,552 [WARN] ModelIntegratedComponent:63 - No mode defined for component null
2025-07-04 20:02:39,552 [WARN] ModelIntegratedComponent:63 - No mode defined for component null
2025-07-04 20:02:39,552 [WARN] ModelIntegratedComponent:63 - No mode defined for component null
2025-07-04 20:02:39,552 [WARN] ModelIntegratedComponent:63 - No mode defined for component null
2025-07-04 20:02:39,552 [WARN] ModelIntegratedComponent:63 - No mode defined for component null
2025-07-04 20:02:39,552 [WARN] ModelIntegratedComponent:63 - No mode defined for component null
2025-07-04 20:02:39,552 [WARN] ModelIntegratedComponent:63 - No mode defined for component null
2025-07-04 20:02:39,552 [WARN] ModelIntegratedComponent:63 - No mode defined for component null
2025-07-04 20:02:39,552 [WARN] ModelIntegratedComponent:63 - No mode defined for component null
2025-07-04 20:02:39,552 [WARN] ModelIntegratedComponent:63 - No mode defined for component null
2025-07-04 20:02:39,552 [WARN] ModelIntegratedComponent:63 - No mode defined for component null
2025-07-04 20:02:39,552 [WARN] ModelIntegratedComponent:63 - No mode defined for component null
2025-07-04 20:02:39,552 [WARN] ModelIntegratedComponent:63 - No mode defined for component null
2025-07-04 20:02:39,552 [WARN] ModelIntegratedComponent:63 - No mode defined for component null
2025-07-04 20:02:39,552 [WARN] ModelIntegratedComponent:63 - No mode defined for component null
2025-07-04 20:02:39,552 [WARN] ModelIntegratedComponent:63 - No mode defined for component null
2025-07-04 20:02:39,552 [WARN] ModelIntegratedComponent:63 - No mode defined for component null
2025-07-04 20:02:39,552 [WARN] ModelIntegratedComponent:63 - No mode defined for component null
2025-07-04 20:02:39,552 [WARN] ModelPack:524 - Component already loaded: STMicroelectronics:HAL Drivers:0.0.0:STMicroelectronics:Device:STMicro_Driver:XSPI:HAL::0.0.1:HAL_XSPI
2025-07-04 20:02:39,738 [INFO] ThirdPartyModel:298 - Start build external matchings
2025-07-04 20:02:41,649 [INFO] ThirdPartyModel:316 - End build external matchings
2025-07-04 20:02:41,694 [INFO] ImportTextPane:218 - (OptionalMessage_ERROR) IP (RCC) : Invalid parameter (FamilyName)
2025-07-04 20:02:41,695 [INFO] ImportTextPane:218 - (OptionalMessage_ERROR) IP (RCC) : Parameter (I2C123Freq_Value) has invalid value (120000000)
2025-07-04 20:02:41,695 [INFO] ImportTextPane:218 - (OptionalMessage_ERROR) IP (RCC) : Parameter (I2C4Freq_Value) has invalid value (120000000)
2025-07-04 20:02:41,695 [INFO] ImportTextPane:218 - (OptionalMessage_ERROR) IP (RCC) : Parameter (LPTIM1Freq_Value) has invalid value (120000000)
2025-07-04 20:02:41,695 [INFO] ImportTextPane:218 - (OptionalMessage_ERROR) IP (RCC) : Parameter (LPTIM2Freq_Value) has invalid value (120000000)
2025-07-04 20:02:41,695 [INFO] ImportTextPane:218 - (OptionalMessage_ERROR) IP (RCC) : Parameter (LPTIM345Freq_Value) has invalid value (120000000)
2025-07-04 20:02:41,695 [INFO] ImportTextPane:218 - (OptionalMessage_ERROR) IP (RCC) : Parameter (LPUART1Freq_Value) has invalid value (120000000)
2025-07-04 20:02:41,695 [INFO] ImportTextPane:218 - (OptionalMessage_ERROR) IP (RCC) : Parameter (SPI45Freq_Value) has invalid value (120000000)
2025-07-04 20:02:41,695 [INFO] ImportTextPane:218 - (OptionalMessage_ERROR) IP (RCC) : Parameter (SPI6Freq_Value) has invalid value (120000000)
2025-07-04 20:02:41,695 [INFO] ImportTextPane:218 - (OptionalMessage_ERROR) IP (RCC) : Parameter (SWPMI1Freq_Value) has invalid value (120000000)
2025-07-04 20:02:41,695 [INFO] ImportTextPane:218 - (OptionalMessage_ERROR) IP (RCC) : Parameter (USART16Freq_Value) has invalid value (120000000)
2025-07-04 20:02:41,695 [INFO] ImportTextPane:218 - (OptionalMessage_ERROR) IP (RCC) : Parameter (USART234578Freq_Value) has invalid value (120000000)
2025-07-04 20:02:41,700 [WARN] IP:2250 - DEVICE_SERIAL0_MSC_FS not found: check if there is a RefParameter without a condition.
2025-07-04 20:02:41,700 [WARN] IP:2250 - DEVICE_SERIAL1_MSC_FS not found: check if there is a RefParameter without a condition.
2025-07-04 20:02:41,700 [WARN] IP:2250 - DEVICE_SERIAL2_MSC_FS not found: check if there is a RefParameter without a condition.
2025-07-04 20:02:42,175 [INFO] UtilMem:75 - End LoadConfig() Used Memory: 970167928 Bytes (1073741824)
2025-07-04 20:02:42,361 [WARN] ThirdParty:833 - waiting for thirdparty lock release [change project]
2025-07-04 20:02:42,361 [INFO] ThirdParty:835 - entering critical section [change project]
2025-07-04 20:02:42,362 [INFO] ThirdParty:1030 - CMSIS Pack Vendor :STMicroelectronics X-CUBE-PM33A1 1.0.0
2025-07-04 20:02:42,362 [INFO] ThirdParty:1030 - CMSIS Pack Vendor :STMicroelectronics USBPD 4.1
2025-07-04 20:02:42,362 [INFO] ThirdParty:1030 - CMSIS Pack Vendor :STMicroelectronics X-CUBE-AZRTOS-H7 3.3.0
2025-07-04 20:02:42,362 [INFO] ThirdParty:1030 - CMSIS Pack Vendor :STMicroelectronics X-CUBE-NFC9 1.0.0
2025-07-04 20:02:42,362 [INFO] ThirdParty:1030 - CMSIS Pack Vendor :STMicroelectronics USB_HOST 2.0.0
2025-07-04 20:02:42,362 [INFO] ThirdParty:1030 - CMSIS Pack Vendor :STMicroelectronics FP-SNS-MOTENVWB1 1.4.0
2025-07-04 20:02:42,362 [INFO] ThirdParty:1030 - CMSIS Pack Vendor :STMicroelectronics X-CUBE-AZRTOS-F4 1.1.0
2025-07-04 20:02:42,362 [INFO] ThirdParty:1030 - CMSIS Pack Vendor :STMicroelectronics LIBJPEG 8.0.0
2025-07-04 20:02:42,362 [INFO] ThirdParty:1030 - CMSIS Pack Vendor :STMicroelectronics FP-ATR-ASTRA1 2.0.2
2025-07-04 20:02:42,362 [INFO] ThirdParty:1030 - CMSIS Pack Vendor :STMicroelectronics X-CUBE-BLE1 7.1.0
2025-07-04 20:02:42,362 [INFO] ThirdParty:1030 - CMSIS Pack Vendor :Avnet-IotConnect X-CUBE-IoTC-DA16k-PMOD 1.0.0
2025-07-04 20:02:42,362 [INFO] ThirdParty:1030 - CMSIS Pack Vendor :STMicroelectronics X-CUBE-SMBUS 2.1.0
2025-07-04 20:02:42,362 [INFO] ThirdParty:1030 - CMSIS Pack Vendor :STMicroelectronics X-CUBE-WB05N 1.1.0
2025-07-04 20:02:42,362 [INFO] ThirdParty:1030 - CMSIS Pack Vendor :wolfSSL I-CUBE-wolfMQTT 1.19.2
2025-07-04 20:02:42,362 [INFO] ThirdParty:1030 - CMSIS Pack Vendor :STMicroelectronics USB_DEVICE 3.0.0
2025-07-04 20:02:42,362 [INFO] ThirdParty:1030 - CMSIS Pack Vendor :STMicroelectronics X-CUBE-ISPU 2.1.0
2025-07-04 20:02:42,362 [INFO] ThirdParty:1030 - CMSIS Pack Vendor :STMicroelectronics X-CUBE-AZRTOS-WB 2.0.0
2025-07-04 20:02:42,362 [INFO] ThirdParty:1030 - CMSIS Pack Vendor :STMicroelectronics X-CUBE-ST60 1.0.0
2025-07-04 20:02:42,362 [INFO] ThirdParty:1030 - CMSIS Pack Vendor :STMicroelectronics X-CUBE-GNSS1 7.0.1
2025-07-04 20:02:42,362 [INFO] ThirdParty:1030 - CMSIS Pack Vendor :STMicroelectronics X-CUBE-AZRTOS-F7 1.1.0
2025-07-04 20:02:42,362 [INFO] ThirdParty:1030 - CMSIS Pack Vendor :STMicroelectronics X-CUBE-AZRTOS-L5 2.0.0
2025-07-04 20:02:42,362 [INFO] ThirdParty:1030 - CMSIS Pack Vendor :STMicroelectronics X-CUBE-TOUCHGFX 4.25.0
2025-07-04 20:02:42,362 [INFO] ThirdParty:1030 - CMSIS Pack Vendor :STMicroelectronics USB_DEVICE 2.0.0
2025-07-04 20:02:42,362 [INFO] ThirdParty:1030 - CMSIS Pack Vendor :STMicroelectronics X-CUBE-NFC6 3.1.0
2025-07-04 20:02:42,362 [INFO] ThirdParty:1030 - CMSIS Pack Vendor :STMicroelectronics X-CUBE-AI 10.1.0
2025-07-04 20:02:42,362 [INFO] ThirdParty:1030 - CMSIS Pack Vendor :STMicroelectronics FP-SNS-STBOX1 2.0.0
2025-07-04 20:02:42,362 [INFO] ThirdParty:1030 - CMSIS Pack Vendor :STMicroelectronics X-CUBE-MEMS1 11.2.0
2025-07-04 20:02:42,362 [INFO] ThirdParty:1030 - CMSIS Pack Vendor :STMicroelectronics FreeRTOS 0.0.1
2025-07-04 20:02:42,362 [INFO] ThirdParty:1030 - CMSIS Pack Vendor :STMicroelectronics X-CUBE-AZRTOS-G0 1.1.0
2025-07-04 20:02:42,362 [INFO] ThirdParty:1030 - CMSIS Pack Vendor :STMicroelectronics X-CUBE-SAFEA1 1.2.2
2025-07-04 20:02:42,362 [INFO] ThirdParty:1030 - CMSIS Pack Vendor :STMicroelectronics X-CUBE-NFC4 3.0.0
2025-07-04 20:02:42,362 [INFO] ThirdParty:1030 - CMSIS Pack Vendor :STMicroelectronics X-CUBE-DPower 1.2.0
2025-07-04 20:02:42,362 [INFO] ThirdParty:1030 - CMSIS Pack Vendor :STMicroelectronics X-CUBE-SUBG2 5.0.0
2025-07-04 20:02:42,362 [INFO] ThirdParty:1030 - CMSIS Pack Vendor :STMicroelectronics X-CUBE-AZRTOS-H7RS 1.1.0
2025-07-04 20:02:42,362 [INFO] ThirdParty:1030 - CMSIS Pack Vendor :STMicroelectronics STM32_WPAN 1.0.0
2025-07-04 20:02:42,362 [INFO] ThirdParty:1030 - CMSIS Pack Vendor :EmbeddedOffice I-CUBE-FS-RTOS 1.0.1
2025-07-04 20:02:42,362 [INFO] ThirdParty:1030 - CMSIS Pack Vendor :STMicroelectronics lwIP 2.0.3
2025-07-04 20:02:42,362 [INFO] ThirdParty:1030 - CMSIS Pack Vendor :STMicroelectronics FP-SNS-FLIGHT1 5.0.2
2025-07-04 20:02:42,362 [INFO] ThirdParty:1030 - CMSIS Pack Vendor :Cesanta I-CUBE-Mongoose 7.13.0
2025-07-04 20:02:42,362 [INFO] ThirdParty:1030 - CMSIS Pack Vendor :STMicroelectronics USB_HOST 1.0.0
2025-07-04 20:02:42,362 [INFO] ThirdParty:1030 - CMSIS Pack Vendor :Infineon AIROC-Wi-Fi-Bluetooth-STM32 1.7.0
2025-07-04 20:02:42,363 [INFO] ThirdParty:1030 - CMSIS Pack Vendor :STMicroelectronics X-CUBE-AZRTOS-G4 2.0.0
2025-07-04 20:02:42,363 [INFO] ThirdParty:1030 - CMSIS Pack Vendor :STMicroelectronics X-CUBE-WB05N 2.0.0
2025-07-04 20:02:42,363 [INFO] ThirdParty:1030 - CMSIS Pack Vendor :STMicroelectronics PDM2PCM 3.1.0
2025-07-04 20:02:42,363 [INFO] ThirdParty:1030 - CMSIS Pack Vendor :STMicroelectronics PDM2PCM 3.3.0
2025-07-04 20:02:42,363 [INFO] ThirdParty:1030 - CMSIS Pack Vendor :wolfSSL I-CUBE-wolfTPM 3.8.0
2025-07-04 20:02:42,363 [INFO] ThirdParty:1030 - CMSIS Pack Vendor :STMicroelectronics X-CUBE-DISPLAY 3.0.0
2025-07-04 20:02:42,363 [INFO] ThirdParty:1030 - CMSIS Pack Vendor :wolfSSL I-CUBE-wolfSSH 1.4.20
2025-07-04 20:02:42,363 [INFO] ThirdParty:1030 - CMSIS Pack Vendor :STMicroelectronics X-CUBE-NFC7 2.0.0
2025-07-04 20:02:42,363 [INFO] ThirdParty:1030 - CMSIS Pack Vendor :STMicroelectronics X-CUBE-TCPP 4.2.0
2025-07-04 20:02:42,363 [INFO] ThirdParty:1030 - CMSIS Pack Vendor :RealThread X-CUBE-RT-Thread_Nano 4.1.1
2025-07-04 20:02:42,363 [INFO] ThirdParty:1030 - CMSIS Pack Vendor :STMicroelectronics FP-ATR-SIGFOX1 3.2.0
2025-07-04 20:02:42,363 [INFO] ThirdParty:1030 - CMSIS Pack Vendor :STMicroelectronics X-CUBE-NFC10 1.0.0
2025-07-04 20:02:42,363 [INFO] ThirdParty:1030 - CMSIS Pack Vendor :STMicroelectronics X-CUBE-BLEMGR 4.0.0
2025-07-04 20:02:42,363 [INFO] ThirdParty:1030 - CMSIS Pack Vendor :STMicroelectronics X-CUBE-EEPRMA1 5.1.0
2025-07-04 20:02:42,363 [INFO] ThirdParty:1030 - CMSIS Pack Vendor :STMicroelectronics X-CUBE-FREERTOS 1.3.1
2025-07-04 20:02:42,363 [INFO] ThirdParty:1030 - CMSIS Pack Vendor :STMicroelectronics HAL Drivers 0.0.0
2025-07-04 20:02:42,363 [INFO] ThirdParty:1030 - CMSIS Pack Vendor :STMicroelectronics MBEDTLS 2.16.2
2025-07-04 20:02:42,363 [INFO] ThirdParty:1030 - CMSIS Pack Vendor :STMicroelectronics X-CUBE-IPS 3.1.0
2025-07-04 20:02:42,363 [INFO] ThirdParty:1030 - CMSIS Pack Vendor :STMicroelectronics X-CUBE-ALS 1.0.2
2025-07-04 20:02:42,363 [INFO] ThirdParty:1030 - CMSIS Pack Vendor :emotas I-CUBE-CANOPEN 1.3.0
2025-07-04 20:02:42,363 [INFO] ThirdParty:1030 - CMSIS Pack Vendor :STMicroelectronics X-CUBE-FREERTOS 1.3.0
2025-07-04 20:02:42,363 [INFO] ThirdParty:1030 - CMSIS Pack Vendor :STMicroelectronics X-CUBE-NFC7 1.0.1
2025-07-04 20:02:42,363 [INFO] ThirdParty:1030 - CMSIS Pack Vendor :STMicroelectronics MBEDTLS 2.14.1
2025-07-04 20:02:42,363 [INFO] ThirdParty:1030 - CMSIS Pack Vendor :wolfSSL I-CUBE-wolfSSL 5.7.6
2025-07-04 20:02:42,363 [INFO] ThirdParty:1030 - CMSIS Pack Vendor :ITTIA_DB I-CUBE-ITTIADB 8.9.0
2025-07-04 20:02:42,363 [INFO] ThirdParty:1030 - CMSIS Pack Vendor :STMicroelectronics X-CUBE-TOUCHGFX 4.24.2
2025-07-04 20:02:42,363 [INFO] ThirdParty:1030 - CMSIS Pack Vendor :portGmbH I-Cube-SoM-uGOAL 1.1.0
2025-07-04 20:02:42,363 [INFO] ThirdParty:1030 - CMSIS Pack Vendor :quantropi X-CUBE-qispace-sdk-base 2.0.0
2025-07-04 20:02:42,363 [INFO] ThirdParty:1030 - CMSIS Pack Vendor :STMicroelectronics X-CUBE-AI 10.0.0
2025-07-04 20:02:42,363 [INFO] ThirdParty:1030 - CMSIS Pack Vendor :STMicroelectronics X-CUBE-ST67W61 1.0.0
2025-07-04 20:02:42,363 [INFO] ThirdParty:1030 - CMSIS Pack Vendor :STMicroelectronics FP-SNS-STAIOTCFT 1.0.0
2025-07-04 20:02:42,363 [INFO] ThirdParty:1030 - CMSIS Pack Vendor :STMicroelectronics ThreadX 1.0.0
2025-07-04 20:02:42,363 [INFO] ThirdParty:1030 - CMSIS Pack Vendor :STMicroelectronics FP-SNS-SMARTAG2 1.2.0
2025-07-04 20:02:42,363 [INFO] ThirdParty:1030 - CMSIS Pack Vendor :STMicroelectronics FP-SNS-FLIGHT1 5.1.0
2025-07-04 20:02:42,363 [INFO] ThirdParty:1030 - CMSIS Pack Vendor :STMicroelectronics X-CUBE-MEMS1 11.1.0
2025-07-04 20:02:42,363 [INFO] ThirdParty:1030 - CMSIS Pack Vendor :STMicroelectronics X-CUBE-AZRTOS-WL 2.0.0
2025-07-04 20:02:42,364 [INFO] ThirdParty:1030 - CMSIS Pack Vendor :SEGGER I-CUBE-embOS 1.3.1
2025-07-04 20:02:42,364 [INFO] ThirdParty:1030 - CMSIS Pack Vendor :STMicroelectronics X-CUBE-ALGOBUILD 1.4.0
2025-07-04 20:02:42,364 [INFO] ThirdParty:1030 - CMSIS Pack Vendor :STMicroelectronics X-CUBE-DPower 1.3.0
2025-07-04 20:02:42,364 [INFO] ThirdParty:1030 - CMSIS Pack Vendor :STMicroelectronics X-CUBE-MEMS1 11.3.0
2025-07-04 20:02:42,364 [INFO] ThirdParty:1030 - CMSIS Pack Vendor :STMicroelectronics FP-SNS-MOTENV1 5.0.0
2025-07-04 20:02:42,364 [INFO] ThirdParty:1030 - CMSIS Pack Vendor :STMicroelectronics USB_DEVICE 1.0.0
2025-07-04 20:02:42,364 [INFO] ThirdParty:1030 - CMSIS Pack Vendor :STMicroelectronics X-CUBE-AZRTOS-H7RS 1.0.0
2025-07-04 20:02:42,364 [INFO] ThirdParty:1030 - CMSIS Pack Vendor :STMicroelectronics X-CUBE-AZRTOS-L4 2.0.0
2025-07-04 20:02:42,364 [INFO] ThirdParty:1030 - CMSIS Pack Vendor :STMicroelectronics ThreadX 0.0.2
2025-07-04 20:02:42,364 [INFO] ThirdParty:1030 - CMSIS Pack Vendor :WES I-CUBE-Cesium 1.3.0
2025-07-04 20:02:42,364 [INFO] ThirdParty:1030 - CMSIS Pack Vendor :STMicroelectronics lwIP 2.1.2
2025-07-04 20:02:42,364 [INFO] ThirdParty:1030 - CMSIS Pack Vendor :STMicroelectronics X-CUBE-SFXS2LP1 4.0.0
2025-07-04 20:02:42,364 [INFO] ThirdParty:1030 - CMSIS Pack Vendor :STMicroelectronics X-CUBE-BLE2 3.3.0
2025-07-04 20:02:42,364 [INFO] ThirdParty:1030 - CMSIS Pack Vendor :STMicroelectronics X-CUBE-TOF1 3.4.2
2025-07-04 20:02:42,364 [INFO] ThirdParty:1030 - CMSIS Pack Vendor :STMicroelectronics X-CUBE-TOF1 3.4.3
2025-07-04 20:02:42,364 [INFO] ThirdParty:1030 - CMSIS Pack Vendor :STMicroelectronics PDM2PCM 3.2.0
2025-07-04 20:02:42,364 [INFO] ThirdParty:841 - exiting critical section [change project]
2025-07-04 20:02:43,120 [INFO] PinOutPanel:1589 - setPackage(No Configuration,No Configuration)
2025-07-04 20:02:43,122 [INFO] PinOutPanel:1589 - setPackage(STM32H743VITx,LQFP100)
2025-07-04 20:02:43,972 [INFO] UtilMem:75 - Before build in PCC Used Memory: 923787624 Bytes (1073741824)
2025-07-04 20:02:44,390 [INFO] UtilMem:75 - After build in PCC Used Memory: 988273000 Bytes (1073741824)
2025-07-04 20:02:44,405 [INFO] ApiDbMcu:508 - Load IP Config File for USB_DEVICE
2025-07-04 20:02:44,449 [INFO] IPUIPlugin:80 - create IPUIPlugin
2025-07-04 20:02:44,449 [INFO] IPUIPlugin:80 - create IPUIPlugin
2025-07-04 20:02:44,449 [INFO] IPUIPlugin:80 - create IPUIPlugin
2025-07-04 20:02:44,449 [INFO] IPUIPlugin:80 - create IPUIPlugin
2025-07-04 20:02:44,449 [INFO] IPUIPlugin:80 - create IPUIPlugin
2025-07-04 20:02:44,449 [INFO] IPUIPlugin:80 - create IPUIPlugin
2025-07-04 20:02:44,449 [INFO] IPUIPlugin:80 - create IPUIPlugin
2025-07-04 20:02:44,450 [INFO] IPUIPlugin:80 - create IPUIPlugin
2025-07-04 20:02:44,450 [INFO] IPUIPlugin:80 - create IPUIPlugin
2025-07-04 20:02:44,450 [INFO] IPUIPlugin:80 - create IPUIPlugin
2025-07-04 20:02:44,450 [INFO] IPUIPlugin:80 - create IPUIPlugin
2025-07-04 20:02:44,450 [INFO] IPUIPlugin:80 - create IPUIPlugin
2025-07-04 20:02:44,450 [INFO] IPUIPlugin:80 - create IPUIPlugin
2025-07-04 20:02:44,450 [INFO] IPUIPlugin:80 - create IPUIPlugin
2025-07-04 20:02:44,451 [INFO] IPUIPlugin:80 - create IPUIPlugin
2025-07-04 20:02:44,451 [INFO] IPUIPlugin:80 - create IPUIPlugin
2025-07-04 20:02:44,451 [INFO] IPUIPlugin:80 - create IPUIPlugin
2025-07-04 20:02:44,451 [INFO] IPUIPlugin:80 - create IPUIPlugin
2025-07-04 20:02:44,451 [INFO] IPUIPlugin:80 - create IPUIPlugin
2025-07-04 20:02:44,452 [INFO] IPUIPlugin:80 - create IPUIPlugin
2025-07-04 20:02:44,452 [INFO] IPUIPlugin:80 - create IPUIPlugin
2025-07-04 20:02:44,452 [INFO] IPUIPlugin:80 - create IPUIPlugin
2025-07-04 20:02:44,452 [INFO] IPUIPlugin:80 - create IPUIPlugin
2025-07-04 20:02:44,452 [INFO] IPUIPlugin:80 - create IPUIPlugin
2025-07-04 20:02:44,452 [INFO] IPUIPlugin:80 - create IPUIPlugin
2025-07-04 20:02:44,452 [INFO] IPUIPlugin:80 - create IPUIPlugin
2025-07-04 20:02:44,452 [INFO] IPUIPlugin:80 - create IPUIPlugin
2025-07-04 20:02:44,453 [INFO] IPUIPlugin:80 - create IPUIPlugin
2025-07-04 20:02:44,453 [INFO] IPUIPlugin:80 - create IPUIPlugin
2025-07-04 20:02:44,453 [INFO] IPUIPlugin:80 - create IPUIPlugin
2025-07-04 20:02:44,453 [INFO] IPUIPlugin:80 - create IPUIPlugin
2025-07-04 20:02:44,453 [INFO] IPUIPlugin:80 - create IPUIPlugin
2025-07-04 20:02:44,453 [INFO] IPUIPlugin:80 - create IPUIPlugin
2025-07-04 20:02:44,453 [INFO] IPUIPlugin:80 - create IPUIPlugin
2025-07-04 20:02:44,454 [INFO] IPUIPlugin:80 - create IPUIPlugin
2025-07-04 20:02:44,454 [INFO] IPUIPlugin:80 - create IPUIPlugin
2025-07-04 20:02:44,454 [INFO] IPUIPlugin:80 - create IPUIPlugin
2025-07-04 20:02:44,454 [INFO] IPUIPlugin:80 - create IPUIPlugin
2025-07-04 20:02:44,455 [INFO] IPUIPlugin:80 - create IPUIPlugin
2025-07-04 20:02:44,455 [INFO] IPUIPlugin:80 - create IPUIPlugin
2025-07-04 20:02:44,455 [INFO] IPUIPlugin:80 - create IPUIPlugin
2025-07-04 20:02:44,455 [INFO] IPUIPlugin:80 - create IPUIPlugin
2025-07-04 20:02:44,455 [INFO] IPUIPlugin:80 - create IPUIPlugin
2025-07-04 20:02:44,456 [INFO] IPUIPlugin:80 - create IPUIPlugin
2025-07-04 20:02:44,456 [INFO] IPUIPlugin:80 - create IPUIPlugin
2025-07-04 20:02:44,456 [INFO] IPUIPlugin:80 - create IPUIPlugin
2025-07-04 20:02:44,456 [INFO] IPUIPlugin:80 - create IPUIPlugin
2025-07-04 20:02:44,456 [INFO] IPUIPlugin:80 - create IPUIPlugin
2025-07-04 20:02:44,457 [INFO] IPUIPlugin:80 - create IPUIPlugin
2025-07-04 20:02:44,457 [INFO] IPUIPlugin:80 - create IPUIPlugin
2025-07-04 20:02:44,457 [INFO] IPUIPlugin:80 - create IPUIPlugin
2025-07-04 20:02:44,457 [INFO] IPUIPlugin:80 - create IPUIPlugin
2025-07-04 20:02:44,458 [INFO] IPUIPlugin:80 - create IPUIPlugin
2025-07-04 20:02:44,458 [INFO] IPUIPlugin:80 - create IPUIPlugin
2025-07-04 20:02:44,458 [INFO] IPUIPlugin:80 - create IPUIPlugin
2025-07-04 20:02:44,458 [INFO] IPUIPlugin:80 - create IPUIPlugin
2025-07-04 20:02:44,459 [INFO] IPUIPlugin:80 - create IPUIPlugin
2025-07-04 20:02:44,459 [INFO] IPUIPlugin:80 - create IPUIPlugin
2025-07-04 20:02:44,459 [INFO] IPUIPlugin:80 - create IPUIPlugin
2025-07-04 20:02:44,459 [INFO] IPUIPlugin:80 - create IPUIPlugin
2025-07-04 20:02:44,460 [INFO] IPUIPlugin:80 - create IPUIPlugin
2025-07-04 20:02:44,460 [INFO] IPUIPlugin:80 - create IPUIPlugin
2025-07-04 20:02:44,460 [INFO] IPUIPlugin:80 - create IPUIPlugin
2025-07-04 20:02:44,460 [INFO] IPUIPlugin:80 - create IPUIPlugin
2025-07-04 20:02:44,461 [INFO] IPUIPlugin:80 - create IPUIPlugin
2025-07-04 20:02:44,461 [INFO] IPUIPlugin:80 - create IPUIPlugin
2025-07-04 20:02:44,461 [INFO] IPUIPlugin:80 - create IPUIPlugin
2025-07-04 20:02:44,461 [INFO] IPUIPlugin:80 - create IPUIPlugin
2025-07-04 20:02:44,462 [INFO] IPUIPlugin:80 - create IPUIPlugin
2025-07-04 20:02:44,462 [INFO] IPUIPlugin:80 - create IPUIPlugin
2025-07-04 20:02:44,462 [INFO] IPUIPlugin:80 - create IPUIPlugin
2025-07-04 20:02:44,463 [INFO] IPUIPlugin:80 - create IPUIPlugin
2025-07-04 20:02:44,463 [INFO] IPUIPlugin:80 - create IPUIPlugin
2025-07-04 20:02:44,463 [INFO] IPUIPlugin:80 - create IPUIPlugin
2025-07-04 20:02:44,463 [INFO] IPUIPlugin:80 - create IPUIPlugin
2025-07-04 20:02:44,464 [INFO] IPUIPlugin:80 - create IPUIPlugin
2025-07-04 20:02:44,464 [INFO] IPUIPlugin:80 - create IPUIPlugin
2025-07-04 20:02:44,464 [INFO] IPUIPlugin:80 - create IPUIPlugin
2025-07-04 20:02:44,464 [INFO] IPUIPlugin:80 - create IPUIPlugin
2025-07-04 20:02:44,465 [INFO] IPUIPlugin:80 - create IPUIPlugin
2025-07-04 20:02:44,465 [INFO] IPUIPlugin:80 - create IPUIPlugin
2025-07-04 20:02:44,466 [INFO] IPUIPlugin:80 - create IPUIPlugin
2025-07-04 20:02:44,466 [INFO] IPUIPlugin:80 - create IPUIPlugin
2025-07-04 20:02:44,466 [INFO] IPUIPlugin:80 - create IPUIPlugin
2025-07-04 20:02:44,467 [INFO] IPUIPlugin:80 - create IPUIPlugin
2025-07-04 20:02:44,467 [INFO] IPUIPlugin:80 - create IPUIPlugin
2025-07-04 20:02:44,467 [INFO] IPUIPlugin:80 - create IPUIPlugin
2025-07-04 20:02:44,468 [INFO] IPUIPlugin:80 - create IPUIPlugin
2025-07-04 20:02:44,468 [INFO] IPUIPlugin:80 - create IPUIPlugin
2025-07-04 20:02:44,468 [INFO] IPUIPlugin:80 - create IPUIPlugin
2025-07-04 20:02:44,469 [INFO] IPUIPlugin:80 - create IPUIPlugin
2025-07-04 20:02:44,469 [INFO] IPUIPlugin:80 - create IPUIPlugin
2025-07-04 20:02:44,469 [INFO] IPUIPlugin:80 - create IPUIPlugin
2025-07-04 20:02:44,470 [INFO] IPUIPlugin:80 - create IPUIPlugin
2025-07-04 20:02:44,470 [INFO] IPUIPlugin:80 - create IPUIPlugin
2025-07-04 20:02:44,471 [INFO] IPUIPlugin:80 - create IPUIPlugin
2025-07-04 20:02:44,471 [INFO] IPUIPlugin:80 - create IPUIPlugin
2025-07-04 20:02:44,476 [INFO] ApiDbMcu:508 - Load IP Config File for PDM2PCM
2025-07-04 20:02:44,563 [INFO] CADModel:165 - CPN selected for project levelSTM32H743VIT6
2025-07-04 20:02:44,563 [INFO] CADModel:114 - Register for checkConnection events
2025-07-04 20:02:44,614 [INFO] OpenFileManager:385 - Restore cursor
2025-07-04 20:02:44,906 [WARN] IP:2250 - DEVICE_SERIAL0_MSC_FS not found: check if there is a RefParameter without a condition.
2025-07-04 20:02:44,906 [WARN] IP:2250 - DEVICE_SERIAL1_MSC_FS not found: check if there is a RefParameter without a condition.
2025-07-04 20:02:44,906 [WARN] IP:2250 - DEVICE_SERIAL2_MSC_FS not found: check if there is a RefParameter without a condition.
2025-07-04 20:02:44,906 [WARN] IP:2250 - DEVICE_SERIAL0_MSC_FS not found: check if there is a RefParameter without a condition.
2025-07-04 20:02:44,906 [WARN] IP:2250 - DEVICE_SERIAL1_MSC_FS not found: check if there is a RefParameter without a condition.
2025-07-04 20:02:44,906 [WARN] IP:2250 - DEVICE_SERIAL2_MSC_FS not found: check if there is a RefParameter without a condition.
2025-07-04 20:02:45,324 [INFO] UtilMem:75 - End SaveConfig() Used Memory: 967288448 Bytes (1073741824)
2025-07-04 20:02:45,392 [WARN] Context:829 - Trying to set MEMORYMAP twice on same context Cortex-M7NS
2025-07-04 20:02:45,416 [INFO] UtilMem:75 - End SaveConfig() Used Memory: 999553824 Bytes (1073741824)
2025-07-04 20:02:45,701 [INFO] BlockDiagram:2775 - set Specific Code input for plugin: RCC
2025-07-04 20:02:45,701 [INFO] BlockDiagram:2775 - set Specific Code input for plugin: SDMMC
2025-07-04 20:02:45,702 [INFO] BlockDiagram:2775 - set Specific Code input for plugin: MEMORYMAP
2025-07-04 20:02:45,702 [INFO] BlockDiagram:2775 - set Specific Code input for plugin: USB_DEVICE
2025-07-04 20:02:45,702 [INFO] BlockDiagram:2775 - set Specific Code input for plugin: SYS
2025-07-04 20:02:45,702 [INFO] BlockDiagram:2775 - set Specific Code input for plugin: USB_OTG_FS
2025-07-04 20:02:45,702 [INFO] BlockDiagram:2775 - set Specific Code input for plugin: NVIC
2025-07-04 20:02:45,702 [INFO] BlockDiagram:2775 - set Specific Code input for plugin: DEBUG
2025-07-04 20:02:45,702 [INFO] BlockDiagram:2775 - set Specific Code input for plugin: GPIO
2025-07-04 20:02:45,704 [INFO] CodeGenerator:882 - code generatio: config db path: C:\ST\STM32CubeIDE_1.18.0\STM32CubeIDE\plugins\com.st.stm32cube.common.mx_6.14.0.202502271554\\db\
2025-07-04 20:02:45,765 [WARN] IP:2250 - DEVICE_SERIAL0_MSC_FS not found: check if there is a RefParameter without a condition.
2025-07-04 20:02:45,765 [WARN] IP:2250 - DEVICE_SERIAL1_MSC_FS not found: check if there is a RefParameter without a condition.
2025-07-04 20:02:45,765 [WARN] IP:2250 - DEVICE_SERIAL2_MSC_FS not found: check if there is a RefParameter without a condition.
2025-07-04 20:02:45,934 [INFO] CodeEngine:263 - oldGeneratedFile, C:\Users\marcv\Desktop\X1-Thorn\1_Code\3_STM32\0_workspace\04-SD_Test\MXTmpFiles\license.tmp_save
2025-07-04 20:02:46,257 [INFO] CodeEngine:287 - Generated code: C:\Users\marcv\Desktop\X1-Thorn\1_Code\3_STM32\0_workspace\04-SD_Test\MXTmpFiles\license.tmp
2025-07-04 20:02:46,326 [INFO] CodeEngine:263 - oldGeneratedFile, C:\Users\marcv\Desktop\X1-Thorn\1_Code\3_STM32\0_workspace\04-SD_Test\Core\Src\gpio.c_save
2025-07-04 20:02:46,515 [INFO] CodeEngine:287 - Generated code: C:\Users\marcv\Desktop\X1-Thorn\1_Code\3_STM32\0_workspace\04-SD_Test\Core\Src\gpio.c
2025-07-04 20:02:46,521 [INFO] CodeEngine:263 - oldGeneratedFile, C:\Users\marcv\Desktop\X1-Thorn\1_Code\3_STM32\0_workspace\04-SD_Test\Core\Inc\gpio.h_save
2025-07-04 20:02:46,625 [INFO] CodeEngine:287 - Generated code: C:\Users\marcv\Desktop\X1-Thorn\1_Code\3_STM32\0_workspace\04-SD_Test\Core\Inc\gpio.h
2025-07-04 20:02:46,783 [INFO] CodeEngine:263 - oldGeneratedFile, C:\Users\marcv\Desktop\X1-Thorn\1_Code\3_STM32\0_workspace\04-SD_Test\MXTmpFiles\usb_otg_fs_vars.tmp_save
2025-07-04 20:02:46,923 [INFO] CodeEngine:287 - Generated code: C:\Users\marcv\Desktop\X1-Thorn\1_Code\3_STM32\0_workspace\04-SD_Test\MXTmpFiles\usb_otg_fs_vars.tmp
2025-07-04 20:02:46,941 [INFO] CodeEngine:263 - oldGeneratedFile, C:\Users\marcv\Desktop\X1-Thorn\1_Code\3_STM32\0_workspace\04-SD_Test\MXTmpFiles\usb_otg_fs_inc.tmp_save
2025-07-04 20:02:47,058 [INFO] CodeEngine:287 - Generated code: C:\Users\marcv\Desktop\X1-Thorn\1_Code\3_STM32\0_workspace\04-SD_Test\MXTmpFiles\usb_otg_fs_inc.tmp
2025-07-04 20:02:47,107 [INFO] CodeEngine:263 - oldGeneratedFile, C:\Users\marcv\Desktop\X1-Thorn\1_Code\3_STM32\0_workspace\04-SD_Test\MXTmpFiles\usb_otg_fs_HalInit.tmp_save
2025-07-04 20:02:47,289 [INFO] CodeEngine:287 - Generated code: C:\Users\marcv\Desktop\X1-Thorn\1_Code\3_STM32\0_workspace\04-SD_Test\MXTmpFiles\usb_otg_fs_HalInit.tmp
2025-07-04 20:02:47,309 [INFO] CodeEngine:263 - oldGeneratedFile, C:\Users\marcv\Desktop\X1-Thorn\1_Code\3_STM32\0_workspace\04-SD_Test\MXTmpFiles\usb_otg_fs_Msp.tmp_save
2025-07-04 20:02:47,492 [INFO] CodeEngine:287 - Generated code: C:\Users\marcv\Desktop\X1-Thorn\1_Code\3_STM32\0_workspace\04-SD_Test\MXTmpFiles\usb_otg_fs_Msp.tmp
2025-07-04 20:02:47,544 [WARN] IPConfigManager:103 - WARNING: Missing Config File for DEBUG ip!!
2025-07-04 20:02:47,598 [WARN] IPConfigManager:103 - WARNING: Missing Config File for MEMORYMAP ip!!
2025-07-04 20:02:47,914 [INFO] Middleware:1452 - No code input for Bsp Dependency
2025-07-04 20:02:47,916 [ERROR] SWIPConfigModel:147 - Object (RefParameter) name : DEVICE_SERIAL1_MSC_FS  is not a String or a Boolean
2025-07-04 20:02:47,916 [ERROR] SWIPConfigModel:147 - Object (RefParameter) name : DEVICE_SERIAL0_MSC_FS  is not a String or a Boolean
2025-07-04 20:02:47,916 [ERROR] SWIPConfigModel:147 - Object (RefParameter) name : DEVICE_SERIAL2_MSC_FS  is not a String or a Boolean
2025-07-04 20:02:47,928 [INFO] CodeEngine:263 - oldGeneratedFile, C:\Users\marcv\Desktop\X1-Thorn\1_Code\3_STM32\0_workspace\04-SD_Test\MXTmpFiles\cortex.tmp_save
2025-07-04 20:02:48,054 [INFO] CodeEngine:287 - Generated code: C:\Users\marcv\Desktop\X1-Thorn\1_Code\3_STM32\0_workspace\04-SD_Test\MXTmpFiles\cortex.tmp
2025-07-04 20:02:48,071 [INFO] CodeEngine:263 - oldGeneratedFile, C:\Users\marcv\Desktop\X1-Thorn\1_Code\3_STM32\0_workspace\04-SD_Test\Core\Src\memorymap.c_save
2025-07-04 20:02:48,270 [INFO] CodeEngine:287 - Generated code: C:\Users\marcv\Desktop\X1-Thorn\1_Code\3_STM32\0_workspace\04-SD_Test\Core\Src\memorymap.c
2025-07-04 20:02:48,277 [INFO] CodeEngine:263 - oldGeneratedFile, C:\Users\marcv\Desktop\X1-Thorn\1_Code\3_STM32\0_workspace\04-SD_Test\Core\Inc\memorymap.h_save
2025-07-04 20:02:48,391 [INFO] CodeEngine:287 - Generated code: C:\Users\marcv\Desktop\X1-Thorn\1_Code\3_STM32\0_workspace\04-SD_Test\Core\Inc\memorymap.h
2025-07-04 20:02:48,408 [INFO] CodeEngine:263 - oldGeneratedFile, C:\Users\marcv\Desktop\X1-Thorn\1_Code\3_STM32\0_workspace\04-SD_Test\Core\Src\sdmmc.c_save
2025-07-04 20:02:48,611 [INFO] CodeEngine:287 - Generated code: C:\Users\marcv\Desktop\X1-Thorn\1_Code\3_STM32\0_workspace\04-SD_Test\Core\Src\sdmmc.c
2025-07-04 20:02:48,618 [INFO] CodeEngine:263 - oldGeneratedFile, C:\Users\marcv\Desktop\X1-Thorn\1_Code\3_STM32\0_workspace\04-SD_Test\Core\Inc\sdmmc.h_save
2025-07-04 20:02:48,749 [INFO] CodeEngine:287 - Generated code: C:\Users\marcv\Desktop\X1-Thorn\1_Code\3_STM32\0_workspace\04-SD_Test\Core\Inc\sdmmc.h
2025-07-04 20:02:48,795 [INFO] Middleware:1452 - No code input for Bsp Dependency
2025-07-04 20:02:48,796 [ERROR] SWIPConfigModel:147 - Object (RefParameter) name : DEVICE_SERIAL1_MSC_FS  is not a String or a Boolean
2025-07-04 20:02:48,796 [ERROR] SWIPConfigModel:147 - Object (RefParameter) name : DEVICE_SERIAL0_MSC_FS  is not a String or a Boolean
2025-07-04 20:02:48,796 [ERROR] SWIPConfigModel:147 - Object (RefParameter) name : DEVICE_SERIAL2_MSC_FS  is not a String or a Boolean
2025-07-04 20:02:48,825 [INFO] CodeEngine:263 - oldGeneratedFile, C:\Users\marcv\Desktop\X1-Thorn\1_Code\3_STM32\0_workspace\04-SD_Test\USB_DEVICE\App\usb_device.c_save
2025-07-04 20:02:49,013 [INFO] CodeEngine:287 - Generated code: C:\Users\marcv\Desktop\X1-Thorn\1_Code\3_STM32\0_workspace\04-SD_Test\USB_DEVICE\App\usb_device.c
2025-07-04 20:02:49,037 [INFO] CodeEngine:263 - oldGeneratedFile, C:\Users\marcv\Desktop\X1-Thorn\1_Code\3_STM32\0_workspace\04-SD_Test\USB_DEVICE\App\usb_device.h_save
2025-07-04 20:02:49,196 [INFO] CodeEngine:287 - Generated code: C:\Users\marcv\Desktop\X1-Thorn\1_Code\3_STM32\0_workspace\04-SD_Test\USB_DEVICE\App\usb_device.h
2025-07-04 20:02:49,217 [INFO] CodeEngine:263 - oldGeneratedFile, C:\Users\marcv\Desktop\X1-Thorn\1_Code\3_STM32\0_workspace\04-SD_Test\USB_DEVICE\Target\usbd_conf.h_save
2025-07-04 20:02:49,383 [INFO] CodeEngine:287 - Generated code: C:\Users\marcv\Desktop\X1-Thorn\1_Code\3_STM32\0_workspace\04-SD_Test\USB_DEVICE\Target\usbd_conf.h
2025-07-04 20:02:49,407 [INFO] CodeEngine:263 - oldGeneratedFile, C:\Users\marcv\Desktop\X1-Thorn\1_Code\3_STM32\0_workspace\04-SD_Test\USB_DEVICE\Target\usbd_conf.c_save
2025-07-04 20:02:49,576 [INFO] CodeEngine:287 - Generated code: C:\Users\marcv\Desktop\X1-Thorn\1_Code\3_STM32\0_workspace\04-SD_Test\USB_DEVICE\Target\usbd_conf.c
2025-07-04 20:02:49,614 [INFO] CodeEngine:263 - oldGeneratedFile, C:\Users\marcv\Desktop\X1-Thorn\1_Code\3_STM32\0_workspace\04-SD_Test\USB_DEVICE\App\usbd_desc.h_save
2025-07-04 20:02:49,733 [INFO] CodeEngine:287 - Generated code: C:\Users\marcv\Desktop\X1-Thorn\1_Code\3_STM32\0_workspace\04-SD_Test\USB_DEVICE\App\usbd_desc.h
2025-07-04 20:02:49,755 [INFO] CodeEngine:263 - oldGeneratedFile, C:\Users\marcv\Desktop\X1-Thorn\1_Code\3_STM32\0_workspace\04-SD_Test\USB_DEVICE\App\usbd_desc.c_save
2025-07-04 20:02:49,893 [INFO] CodeEngine:287 - Generated code: C:\Users\marcv\Desktop\X1-Thorn\1_Code\3_STM32\0_workspace\04-SD_Test\USB_DEVICE\App\usbd_desc.c
2025-07-04 20:02:49,926 [INFO] CodeEngine:263 - oldGeneratedFile, C:\Users\marcv\Desktop\X1-Thorn\1_Code\3_STM32\0_workspace\04-SD_Test\USB_DEVICE\App\usbd_storage_if.h_save
2025-07-04 20:02:50,036 [INFO] CodeEngine:287 - Generated code: C:\Users\marcv\Desktop\X1-Thorn\1_Code\3_STM32\0_workspace\04-SD_Test\USB_DEVICE\App\usbd_storage_if.h
2025-07-04 20:02:50,061 [INFO] CodeEngine:263 - oldGeneratedFile, C:\Users\marcv\Desktop\X1-Thorn\1_Code\3_STM32\0_workspace\04-SD_Test\USB_DEVICE\App\usbd_storage_if.c_save
2025-07-04 20:02:50,178 [INFO] CodeEngine:287 - Generated code: C:\Users\marcv\Desktop\X1-Thorn\1_Code\3_STM32\0_workspace\04-SD_Test\USB_DEVICE\App\usbd_storage_if.c
2025-07-04 20:02:50,206 [INFO] CodeEngine:263 - oldGeneratedFile, C:\Users\marcv\Desktop\X1-Thorn\1_Code\3_STM32\0_workspace\04-SD_Test\Core\Src\stm32h7xx_it.c_save
2025-07-04 20:02:50,460 [INFO] CodeEngine:287 - Generated code: C:\Users\marcv\Desktop\X1-Thorn\1_Code\3_STM32\0_workspace\04-SD_Test\Core\Src\stm32h7xx_it.c
2025-07-04 20:02:50,466 [INFO] CodeEngine:263 - oldGeneratedFile, C:\Users\marcv\Desktop\X1-Thorn\1_Code\3_STM32\0_workspace\04-SD_Test\Core\Inc\stm32h7xx_it.h_save
2025-07-04 20:02:50,577 [INFO] CodeEngine:287 - Generated code: C:\Users\marcv\Desktop\X1-Thorn\1_Code\3_STM32\0_workspace\04-SD_Test\Core\Inc\stm32h7xx_it.h
2025-07-04 20:02:50,715 [INFO] CodeEngine:263 - oldGeneratedFile, C:\Users\marcv\Desktop\X1-Thorn\1_Code\3_STM32\0_workspace\04-SD_Test\Core\Src\stm32h7xx_hal_msp.c_save
2025-07-04 20:02:50,889 [INFO] CodeEngine:287 - Generated code: C:\Users\marcv\Desktop\X1-Thorn\1_Code\3_STM32\0_workspace\04-SD_Test\Core\Src\stm32h7xx_hal_msp.c
2025-07-04 20:02:50,897 [INFO] CodeEngine:263 - oldGeneratedFile, C:\Users\marcv\Desktop\X1-Thorn\1_Code\3_STM32\0_workspace\04-SD_Test\MXTmpFiles\system.tmp_save
2025-07-04 20:02:50,987 [INFO] CodeEngine:287 - Generated code: C:\Users\marcv\Desktop\X1-Thorn\1_Code\3_STM32\0_workspace\04-SD_Test\MXTmpFiles\system.tmp
2025-07-04 20:02:51,004 [INFO] CodeEngine:319 - oldGeneratedFile, C:\Users\marcv\Desktop\X1-Thorn\1_Code\3_STM32\0_workspace\04-SD_Test\Core\Inc\stm32h7xx_hal_conf.h_save
2025-07-04 20:02:51,170 [INFO] CodeEngine:343 - Generated code: C:\Users\marcv\Desktop\X1-Thorn\1_Code\3_STM32\0_workspace\04-SD_Test\Core\Inc\stm32h7xx_hal_conf.h
2025-07-04 20:02:51,256 [ERROR] ApiDbMcu:464 - Can't load MEMORYMAP-STM32xx root dir null
2025-07-04 20:02:51,256 [ERROR] ApiDbMcu:536 - Cannot parse MEMORYMAP_Config file : file do not exist
2025-07-04 20:02:51,259 [INFO] ApiDbMcu:508 - Load IP Config File for SDMMC1
2025-07-04 20:02:51,266 [INFO] ApiDbMcu:508 - Load IP Config File for RCC
2025-07-04 20:02:51,284 [INFO] CodeEngine:263 - oldGeneratedFile, C:\Users\marcv\Desktop\X1-Thorn\1_Code\3_STM32\0_workspace\04-SD_Test\Core\Inc\main.h_save
2025-07-04 20:02:51,473 [INFO] CodeEngine:287 - Generated code: C:\Users\marcv\Desktop\X1-Thorn\1_Code\3_STM32\0_workspace\04-SD_Test\Core\Inc\main.h
2025-07-04 20:02:51,480 [INFO] CodeEngine:263 - oldGeneratedFile, C:\Users\marcv\Desktop\X1-Thorn\1_Code\3_STM32\0_workspace\04-SD_Test\Core\Src\main.c_save
2025-07-04 20:02:51,642 [INFO] CodeEngine:287 - Generated code: C:\Users\marcv\Desktop\X1-Thorn\1_Code\3_STM32\0_workspace\04-SD_Test\Core\Src\main.c
2025-07-04 20:02:52,548 [INFO] ProjectBuilder:3324 - Time for Copy HAL[1] : 588mS.
2025-07-04 20:02:52,566 [INFO] ProjectBuilder:4912 - Project Generator version: 4.6.0-B36
2025-07-04 20:02:52,682 [INFO] ConfigFileManager:1590 - The Die is : DIE450
2025-07-04 20:02:52,686 [INFO] ApiDbMcu:508 - Load IP Config File for FATFS
2025-07-04 20:02:52,691 [INFO] ApiDbMcu:508 - Load IP Config File for FREERTOS
2025-07-04 20:02:52,694 [INFO] ApiDbMcu:508 - Load IP Config File for LIBJPEG
2025-07-04 20:02:52,701 [INFO] ApiDbMcu:508 - Load IP Config File for LWIP
2025-07-04 20:02:52,706 [INFO] ApiDbMcu:508 - Load IP Config File for MBEDTLS
2025-07-04 20:02:52,710 [INFO] ApiDbMcu:508 - Load IP Config File for USB_HOST
2025-07-04 20:02:56,917 [INFO] ProjectBuilder:5191 - Time for Generating toolchain IDE Files: 4350mS.
2025-07-04 20:02:56,918 [INFO] ProjectBuilder:3181 - Time for Copy CMSIS : 0mS.
2025-07-04 20:02:56,925 [INFO] ProjectBuilder:3181 - Time for Copy CMSIS : 0mS.
2025-07-04 20:02:57,839 [INFO] McuFinderGlobals:76 - Set McuFinderConnectedMode to true
2025-07-04 20:02:58,061 [INFO] ApiDb:448 - Save user favorites file C:\Users\marcv/.stm32cubeide/favorites.mcus.txt: 1 item(s)
2025-07-04 20:02:58,061 [INFO] ApiDb:452 - User favorites MCUs=[STM32H750VBT6]
2025-07-04 20:09:43,490 [INFO] MainUpdater:2872 - connection check result : 10
2025-07-04 20:09:43,490 [INFO] MainUpdater:2872 - connection check result : 10
2025-07-04 20:09:43,671 [INFO] MicroXplorer:468 - Change Database Path : 
2025-07-04 20:09:43,671 [INFO] MicroXplorer:498 - Change Database Version : DB.6.0.140
2025-07-04 20:09:43,684 [ERROR] ProjectManagerView:394 - 
java.lang.NullPointerException: Cannot invoke "javax.swing.JTextField.getText()" because the return value of "java.util.List.get(int)" is null
	at com.st.microxplorer.plugins.projectmanager.gui.ProjectChoiceTab$9.caretUpdate(ProjectChoiceTab.java:2678) ~[filemanager.jar:?]
	at javax.swing.text.JTextComponent.fireCaretUpdate(JTextComponent.java:408) ~[?:?]
	at javax.swing.text.JTextComponent$MutableCaretEvent.fire(JTextComponent.java:4484) ~[?:?]
	at javax.swing.text.JTextComponent$MutableCaretEvent.stateChanged(JTextComponent.java:4506) ~[?:?]
	at javax.swing.text.DefaultCaret.fireStateChanged(DefaultCaret.java:857) ~[?:?]
	at javax.swing.text.DefaultCaret.changeCaretPosition(DefaultCaret.java:1343) ~[?:?]
	at javax.swing.text.DefaultCaret.handleSetDot(DefaultCaret.java:1242) ~[?:?]
	at javax.swing.text.DefaultCaret.setDot(DefaultCaret.java:1223) ~[?:?]
	at javax.swing.text.DefaultCaret$Handler.insertUpdate(DefaultCaret.java:1819) ~[?:?]
	at javax.swing.text.AbstractDocument.fireInsertUpdate(AbstractDocument.java:227) ~[?:?]
	at javax.swing.text.AbstractDocument.handleInsertString(AbstractDocument.java:781) ~[?:?]
	at javax.swing.text.AbstractDocument.insertString(AbstractDocument.java:740) ~[?:?]
	at javax.swing.text.PlainDocument.insertString(PlainDocument.java:131) ~[?:?]
	at javax.swing.text.AbstractDocument.replace(AbstractDocument.java:699) ~[?:?]
	at javax.swing.text.JTextComponent.setText(JTextComponent.java:1725) ~[?:?]
	at com.st.microxplorer.plugins.projectmanager.gui.ProjectChoiceTab.createHeapStackFields(ProjectChoiceTab.java:979) ~[filemanager.jar:?]
	at com.st.microxplorer.plugins.projectmanager.gui.ProjectChoiceTab.buildLinkSettingsPanel(ProjectChoiceTab.java:3766) ~[filemanager.jar:?]
	at com.st.microxplorer.plugins.projectmanager.gui.ProjectChoiceTab.defineWindowsFields(ProjectChoiceTab.java:1962) ~[filemanager.jar:?]
	at com.st.microxplorer.plugins.projectmanager.gui.ProjectChoiceTab.updateSettings(ProjectChoiceTab.java:555) ~[filemanager.jar:?]
	at com.st.microxplorer.plugins.projectmanager.gui.ProjectSettingsPanel.UpdateDialog(ProjectSettingsPanel.java:245) ~[filemanager.jar:?]
	at com.st.microxplorer.plugins.projectmanager.ProjectManagerView.propertyChange(ProjectManagerView.java:391) ~[filemanager.jar:?]
	at java.beans.PropertyChangeSupport.fire(PropertyChangeSupport.java:343) ~[?:?]
	at java.beans.PropertyChangeSupport.firePropertyChange(PropertyChangeSupport.java:335) ~[?:?]
	at java.beans.PropertyChangeSupport.firePropertyChange(PropertyChangeSupport.java:268) ~[?:?]
	at com.st.microxplorer.util.MXPropertyChangeSupport.firePropertyChange(MXPropertyChangeSupport.java:54) ~[STM32CubeMX.jar:?]
	at com.st.microxplorer.mxsystem.MxSystem.closeConfig(MxSystem.java:899) ~[STM32CubeMX.jar:?]
	at com.st.microxplorer.maingui.MainPanel.closeConfig(MainPanel.java:789) ~[STM32CubeMX.jar:?]
	at com.st.microxplorer.plugins.filemanager.engine.OpenFileManager.loadConfigurationFile(OpenFileManager.java:287) ~[filemanager.jar:?]
	at com.st.microxplorer.plugins.filemanager.engine.MainFileManager.userLoadConfig(MainFileManager.java:341) ~[filemanager.jar:?]
	at com.st.microxplorer.plugins.filemanager.engine.MainFileManager.userLoadConfig(MainFileManager.java:319) ~[filemanager.jar:?]
	at com.st.microxplorer.plugins.filemanager.FileManagerView.getSpecificTask(FileManagerView.java:246) ~[filemanager.jar:?]
	at com.st.stm32cube.common.mx.editor.CubeMxEditor.getMxTabbedPaneInstance(CubeMxEditor.java:1198) ~[com.st.stm32cube.common.mx_6.14.0.202502271554/:?]
	at com.st.stm32cube.common.mx.editor.CubeMxEditor$12$1.createSwingComponent(CubeMxEditor.java:1068) ~[com.st.stm32cube.common.mx_6.14.0.202502271554/:?]
	at com.st.stm32cube.common.mx.oss.core.awtswtbridge.EmbeddedSwingComposite.doComponentCreation(EmbeddedSwingComposite.java:492) ~[com.st.stm32cube.common.mx.oss_6.14.0.202502271554/:?]
	at com.st.stm32cube.common.mx.oss.core.awtswtbridge.EmbeddedSwingComposite$4.run(EmbeddedSwingComposite.java:291) ~[com.st.stm32cube.common.mx.oss_6.14.0.202502271554/:?]
	at com.st.stm32cube.common.mx.oss.core.awtswtbridge.AwtEnvironment$2.run(AwtEnvironment.java:166) ~[com.st.stm32cube.common.mx.oss_6.14.0.202502271554/:?]
	at java.awt.event.InvocationEvent.dispatch(InvocationEvent.java:318) ~[?:?]
	at java.awt.EventQueue.dispatchEventImpl(EventQueue.java:773) ~[?:?]
	at java.awt.EventQueue$4.run(EventQueue.java:720) ~[?:?]
	at java.awt.EventQueue$4.run(EventQueue.java:714) ~[?:?]
	at java.security.AccessController.doPrivileged(AccessController.java:400) ~[?:?]
	at java.security.ProtectionDomain$JavaSecurityAccessImpl.doIntersectionPrivilege(ProtectionDomain.java:87) ~[?:?]
	at java.awt.EventQueue.dispatchEvent(EventQueue.java:742) ~[?:?]
	at java.awt.EventDispatchThread.pumpOneEventForFilters(EventDispatchThread.java:203) ~[?:?]
	at java.awt.EventDispatchThread.pumpEventsForFilter(EventDispatchThread.java:124) ~[?:?]
	at java.awt.EventDispatchThread.pumpEventsForHierarchy(EventDispatchThread.java:113) ~[?:?]
	at java.awt.EventDispatchThread.pumpEvents(EventDispatchThread.java:109) ~[?:?]
	at java.awt.EventDispatchThread.pumpEvents(EventDispatchThread.java:101) ~[?:?]
	at java.awt.EventDispatchThread.run(EventDispatchThread.java:90) ~[?:?]
2025-07-04 20:09:43,685 [WARN] ThirdParty:871 - waiting for thirdparty lock release [close project]
2025-07-04 20:09:43,685 [INFO] ThirdParty:873 - entering critical section [close project]
2025-07-04 20:09:43,685 [INFO] ThirdParty:883 - exiting critical section [close project]
2025-07-04 20:09:43,687 [INFO] PinOutPanel:1589 - setPackage(No Configuration,No Configuration)
2025-07-04 20:09:43,693 [WARN] IpParametersView:155 - Warning: This peripheral hasn't parameters
2025-07-04 20:09:43,697 [WARN] MainPanel:289 - <html><b><center>Warning: This peripheral has no parameters to be configured<br></b></html>
2025-07-04 20:09:43,700 [INFO] UtilMem:75 - Begin LoadConfig() Used Memory: 951858736 Bytes (1073741824)
2025-07-04 20:09:43,701 [INFO] MicroXplorer:468 - Change Database Path : 
2025-07-04 20:09:43,701 [INFO] MicroXplorer:498 - Change Database Version : DB.6.0.140
2025-07-04 20:09:43,701 [INFO] OpenFileManager:354 - Change cursor
2025-07-04 20:09:43,712 [INFO] RulesReader:64 - Compatibility file has been processed (301 Rules)
2025-07-04 20:09:43,716 [INFO] Mcu:2011 - Initializing MCU STM32H743VITx STM32H743VITx STM32H743VIT6
2025-07-04 20:09:47,958 [INFO] Context:756 - Trying to add GPIOservice into a context  which must be forbidden
2025-07-04 20:09:49,862 [INFO] ImportTextPane:218 - (OptionalMessage_ERROR) Pin39 (VP_RIF_VS_RIF1) cannot be retrieved for this MCU
2025-07-04 20:09:50,101 [INFO] RtosManager:558 - Registered RTOS mode: class=CMSIS, group=RTOS, mode=CMSIS_V1, owner=FREERTOS
2025-07-04 20:09:50,101 [INFO] RtosManager:558 - Registered RTOS mode: class=CMSIS, group=RTOS2, mode=CMSIS_V2, owner=FREERTOS
2025-07-04 20:09:50,101 [INFO] RtosManager:558 - Registered RTOS mode: class=RTOS, group=Core, mode=CMSIS_V1, owner=FREERTOS
2025-07-04 20:09:50,101 [INFO] RtosManager:558 - Registered RTOS mode: class=RTOS, group=Core, mode=CMSIS_V2, owner=FREERTOS
2025-07-04 20:09:50,102 [WARN] ModelIntegratedComponent:184 - Missing modes for component STMicroelectronics:FreeRTOS:0.0.1:STMicroelectronics:RTOS:FreeRTOS:Core:::10.2.0:
2025-07-04 20:09:50,112 [WARN] ModelIntegratedComponent:63 - No mode defined for component null
2025-07-04 20:09:50,112 [WARN] ModelIntegratedComponent:63 - No mode defined for component null
2025-07-04 20:09:50,112 [WARN] ModelIntegratedComponent:63 - No mode defined for component null
2025-07-04 20:09:50,112 [WARN] ModelIntegratedComponent:63 - No mode defined for component null
2025-07-04 20:09:50,112 [WARN] ModelIntegratedComponent:63 - No mode defined for component null
2025-07-04 20:09:50,112 [WARN] ModelIntegratedComponent:63 - No mode defined for component null
2025-07-04 20:09:50,112 [WARN] ModelIntegratedComponent:63 - No mode defined for component null
2025-07-04 20:09:50,112 [WARN] ModelIntegratedComponent:63 - No mode defined for component null
2025-07-04 20:09:50,112 [WARN] ModelIntegratedComponent:63 - No mode defined for component null
2025-07-04 20:09:50,112 [WARN] ModelIntegratedComponent:63 - No mode defined for component null
2025-07-04 20:09:50,112 [WARN] ModelIntegratedComponent:63 - No mode defined for component null
2025-07-04 20:09:50,112 [WARN] ModelIntegratedComponent:63 - No mode defined for component null
2025-07-04 20:09:50,112 [WARN] ModelIntegratedComponent:63 - No mode defined for component null
2025-07-04 20:09:50,112 [WARN] ModelIntegratedComponent:63 - No mode defined for component null
2025-07-04 20:09:50,112 [WARN] ModelIntegratedComponent:63 - No mode defined for component null
2025-07-04 20:09:50,112 [WARN] ModelIntegratedComponent:63 - No mode defined for component null
2025-07-04 20:09:50,112 [WARN] ModelIntegratedComponent:63 - No mode defined for component null
2025-07-04 20:09:50,112 [WARN] ModelIntegratedComponent:63 - No mode defined for component null
2025-07-04 20:09:50,112 [WARN] ModelIntegratedComponent:63 - No mode defined for component null
2025-07-04 20:09:50,112 [WARN] ModelIntegratedComponent:63 - No mode defined for component null
2025-07-04 20:09:50,112 [WARN] ModelIntegratedComponent:63 - No mode defined for component null
2025-07-04 20:09:50,112 [WARN] ModelIntegratedComponent:63 - No mode defined for component null
2025-07-04 20:09:50,112 [WARN] ModelIntegratedComponent:63 - No mode defined for component null
2025-07-04 20:09:50,112 [WARN] ModelIntegratedComponent:63 - No mode defined for component null
2025-07-04 20:09:50,112 [WARN] ModelIntegratedComponent:63 - No mode defined for component null
2025-07-04 20:09:50,112 [WARN] ModelIntegratedComponent:63 - No mode defined for component null
2025-07-04 20:09:50,112 [WARN] ModelIntegratedComponent:63 - No mode defined for component null
2025-07-04 20:09:50,113 [WARN] ModelIntegratedComponent:63 - No mode defined for component null
2025-07-04 20:09:50,113 [WARN] ModelIntegratedComponent:63 - No mode defined for component null
2025-07-04 20:09:50,113 [WARN] ModelIntegratedComponent:63 - No mode defined for component null
2025-07-04 20:09:50,113 [WARN] ModelIntegratedComponent:63 - No mode defined for component null
2025-07-04 20:09:50,113 [WARN] ModelIntegratedComponent:63 - No mode defined for component null
2025-07-04 20:09:50,113 [WARN] ModelIntegratedComponent:63 - No mode defined for component null
2025-07-04 20:09:50,113 [WARN] ModelIntegratedComponent:63 - No mode defined for component null
2025-07-04 20:09:50,113 [WARN] ModelIntegratedComponent:63 - No mode defined for component null
2025-07-04 20:09:50,113 [WARN] ModelPack:524 - Component already loaded: STMicroelectronics:HAL Drivers:0.0.0:STMicroelectronics:Device:STMicro_Driver:XSPI:HAL::0.0.1:HAL_XSPI
2025-07-04 20:09:50,344 [INFO] ThirdPartyModel:298 - Start build external matchings
2025-07-04 20:09:52,405 [INFO] ThirdPartyModel:316 - End build external matchings
2025-07-04 20:09:52,439 [INFO] RtosManager:967 - Current active RTOS is FREERTOS [Cortex-M7NS]
2025-07-04 20:09:52,446 [INFO] ImportTextPane:218 - (OptionalMessage_ERROR) IP (DMA) : Parameter (Instance) has Id (TIM3_CH1) currently not set
2025-07-04 20:09:52,446 [INFO] ImportTextPane:218 - (OptionalMessage_ERROR) IP (DMA) : Parameter (Request) has Id (TIM3_CH1) currently not set
2025-07-04 20:09:52,446 [INFO] ImportTextPane:218 - (OptionalMessage_ERROR) IP (DMA) : Parameter (Direction) has Id (TIM3_CH1) currently not set
2025-07-04 20:09:52,446 [INFO] ImportTextPane:218 - (OptionalMessage_ERROR) IP (DMA) : Parameter (PeriphInc) has Id (TIM3_CH1) currently not set
2025-07-04 20:09:52,446 [INFO] ImportTextPane:218 - (OptionalMessage_ERROR) IP (DMA) : Parameter (MemInc) has Id (TIM3_CH1) currently not set
2025-07-04 20:09:52,446 [INFO] ImportTextPane:218 - (OptionalMessage_ERROR) IP (DMA) : Parameter (PeriphDataAlignment) has Id (TIM3_CH1) currently not set
2025-07-04 20:09:52,447 [INFO] ImportTextPane:218 - (OptionalMessage_ERROR) IP (DMA) : Parameter (MemDataAlignment) has Id (TIM3_CH1) currently not set
2025-07-04 20:09:52,447 [INFO] ImportTextPane:218 - (OptionalMessage_ERROR) IP (DMA) : Parameter (Mode) has Id (TIM3_CH1) currently not set
2025-07-04 20:09:52,447 [INFO] ImportTextPane:218 - (OptionalMessage_ERROR) IP (DMA) : Parameter (Priority) has Id (TIM3_CH1) currently not set
2025-07-04 20:09:52,447 [INFO] ImportTextPane:218 - (OptionalMessage_ERROR) IP (DMA) : Parameter (FIFOMode) has Id (TIM3_CH1) currently not set
2025-07-04 20:09:52,447 [INFO] ImportTextPane:218 - (OptionalMessage_ERROR) IP (DMA) : Parameter (SignalID) has Id (TIM3_CH1) currently not set
2025-07-04 20:09:52,447 [INFO] ImportTextPane:218 - (OptionalMessage_ERROR) IP (DMA) : Parameter (Polarity) has Id (TIM3_CH1) currently not set
2025-07-04 20:09:52,447 [INFO] ImportTextPane:218 - (OptionalMessage_ERROR) IP (DMA) : Parameter (RequestNumber) has Id (TIM3_CH1) currently not set
2025-07-04 20:09:52,447 [INFO] ImportTextPane:218 - (OptionalMessage_ERROR) IP (DMA) : Parameter (SyncSignalID) has Id (TIM3_CH1) currently not set
2025-07-04 20:09:52,447 [INFO] ImportTextPane:218 - (OptionalMessage_ERROR) IP (DMA) : Parameter (SyncPolarity) has Id (TIM3_CH1) currently not set
2025-07-04 20:09:52,447 [INFO] ImportTextPane:218 - (OptionalMessage_ERROR) IP (DMA) : Parameter (SyncEnable) has Id (TIM3_CH1) currently not set
2025-07-04 20:09:52,447 [INFO] ImportTextPane:218 - (OptionalMessage_ERROR) IP (DMA) : Parameter (EventEnable) has Id (TIM3_CH1) currently not set
2025-07-04 20:09:52,447 [INFO] ImportTextPane:218 - (OptionalMessage_ERROR) IP (DMA) : Parameter (SyncRequestNumber) has Id (TIM3_CH1) currently not set
2025-07-04 20:09:52,447 [INFO] ImportTextPane:218 - (OptionalMessage_ERROR) IP (DMA) : Parameter (Instance) has Id (TIM3_CH2) currently not set
2025-07-04 20:09:52,447 [INFO] ImportTextPane:218 - (OptionalMessage_ERROR) IP (DMA) : Parameter (Request) has Id (TIM3_CH2) currently not set
2025-07-04 20:09:52,447 [INFO] ImportTextPane:218 - (OptionalMessage_ERROR) IP (DMA) : Parameter (Direction) has Id (TIM3_CH2) currently not set
2025-07-04 20:09:52,447 [INFO] ImportTextPane:218 - (OptionalMessage_ERROR) IP (DMA) : Parameter (PeriphInc) has Id (TIM3_CH2) currently not set
2025-07-04 20:09:52,447 [INFO] ImportTextPane:218 - (OptionalMessage_ERROR) IP (DMA) : Parameter (MemInc) has Id (TIM3_CH2) currently not set
2025-07-04 20:09:52,447 [INFO] ImportTextPane:218 - (OptionalMessage_ERROR) IP (DMA) : Parameter (PeriphDataAlignment) has Id (TIM3_CH2) currently not set
2025-07-04 20:09:52,447 [INFO] ImportTextPane:218 - (OptionalMessage_ERROR) IP (DMA) : Parameter (MemDataAlignment) has Id (TIM3_CH2) currently not set
2025-07-04 20:09:52,447 [INFO] ImportTextPane:218 - (OptionalMessage_ERROR) IP (DMA) : Parameter (Mode) has Id (TIM3_CH2) currently not set
2025-07-04 20:09:52,447 [INFO] ImportTextPane:218 - (OptionalMessage_ERROR) IP (DMA) : Parameter (Priority) has Id (TIM3_CH2) currently not set
2025-07-04 20:09:52,447 [INFO] ImportTextPane:218 - (OptionalMessage_ERROR) IP (DMA) : Parameter (FIFOMode) has Id (TIM3_CH2) currently not set
2025-07-04 20:09:52,448 [INFO] ImportTextPane:218 - (OptionalMessage_ERROR) IP (DMA) : Parameter (SignalID) has Id (TIM3_CH2) currently not set
2025-07-04 20:09:52,448 [INFO] ImportTextPane:218 - (OptionalMessage_ERROR) IP (DMA) : Parameter (Polarity) has Id (TIM3_CH2) currently not set
2025-07-04 20:09:52,448 [INFO] ImportTextPane:218 - (OptionalMessage_ERROR) IP (DMA) : Parameter (RequestNumber) has Id (TIM3_CH2) currently not set
2025-07-04 20:09:52,448 [INFO] ImportTextPane:218 - (OptionalMessage_ERROR) IP (DMA) : Parameter (SyncSignalID) has Id (TIM3_CH2) currently not set
2025-07-04 20:09:52,448 [INFO] ImportTextPane:218 - (OptionalMessage_ERROR) IP (DMA) : Parameter (SyncPolarity) has Id (TIM3_CH2) currently not set
2025-07-04 20:09:52,448 [INFO] ImportTextPane:218 - (OptionalMessage_ERROR) IP (DMA) : Parameter (SyncEnable) has Id (TIM3_CH2) currently not set
2025-07-04 20:09:52,448 [INFO] ImportTextPane:218 - (OptionalMessage_ERROR) IP (DMA) : Parameter (EventEnable) has Id (TIM3_CH2) currently not set
2025-07-04 20:09:52,448 [INFO] ImportTextPane:218 - (OptionalMessage_ERROR) IP (DMA) : Parameter (SyncRequestNumber) has Id (TIM3_CH2) currently not set
2025-07-04 20:09:52,448 [INFO] ImportTextPane:218 - (OptionalMessage_ERROR) IP (DMA) : Parameter (Instance) has Id (TIM16_UP) currently not set
2025-07-04 20:09:52,448 [INFO] ImportTextPane:218 - (OptionalMessage_ERROR) IP (DMA) : Parameter (Request) has Id (TIM16_UP) currently not set
2025-07-04 20:09:52,448 [INFO] ImportTextPane:218 - (OptionalMessage_ERROR) IP (DMA) : Parameter (Direction) has Id (TIM16_UP) currently not set
2025-07-04 20:09:52,448 [INFO] ImportTextPane:218 - (OptionalMessage_ERROR) IP (DMA) : Parameter (PeriphInc) has Id (TIM16_UP) currently not set
2025-07-04 20:09:52,448 [INFO] ImportTextPane:218 - (OptionalMessage_ERROR) IP (DMA) : Parameter (MemInc) has Id (TIM16_UP) currently not set
2025-07-04 20:09:52,448 [INFO] ImportTextPane:218 - (OptionalMessage_ERROR) IP (DMA) : Parameter (PeriphDataAlignment) has Id (TIM16_UP) currently not set
2025-07-04 20:09:52,448 [INFO] ImportTextPane:218 - (OptionalMessage_ERROR) IP (DMA) : Parameter (MemDataAlignment) has Id (TIM16_UP) currently not set
2025-07-04 20:09:52,448 [INFO] ImportTextPane:218 - (OptionalMessage_ERROR) IP (DMA) : Parameter (Mode) has Id (TIM16_UP) currently not set
2025-07-04 20:09:52,448 [INFO] ImportTextPane:218 - (OptionalMessage_ERROR) IP (DMA) : Parameter (Priority) has Id (TIM16_UP) currently not set
2025-07-04 20:09:52,448 [INFO] ImportTextPane:218 - (OptionalMessage_ERROR) IP (DMA) : Parameter (FIFOMode) has Id (TIM16_UP) currently not set
2025-07-04 20:09:52,448 [INFO] ImportTextPane:218 - (OptionalMessage_ERROR) IP (DMA) : Parameter (SignalID) has Id (TIM16_UP) currently not set
2025-07-04 20:09:52,448 [INFO] ImportTextPane:218 - (OptionalMessage_ERROR) IP (DMA) : Parameter (Polarity) has Id (TIM16_UP) currently not set
2025-07-04 20:09:52,448 [INFO] ImportTextPane:218 - (OptionalMessage_ERROR) IP (DMA) : Parameter (RequestNumber) has Id (TIM16_UP) currently not set
2025-07-04 20:09:52,448 [INFO] ImportTextPane:218 - (OptionalMessage_ERROR) IP (DMA) : Parameter (SyncSignalID) has Id (TIM16_UP) currently not set
2025-07-04 20:09:52,448 [INFO] ImportTextPane:218 - (OptionalMessage_ERROR) IP (DMA) : Parameter (SyncPolarity) has Id (TIM16_UP) currently not set
2025-07-04 20:09:52,448 [INFO] ImportTextPane:218 - (OptionalMessage_ERROR) IP (DMA) : Parameter (SyncEnable) has Id (TIM16_UP) currently not set
2025-07-04 20:09:52,449 [INFO] ImportTextPane:218 - (OptionalMessage_ERROR) IP (DMA) : Parameter (EventEnable) has Id (TIM16_UP) currently not set
2025-07-04 20:09:52,449 [INFO] ImportTextPane:218 - (OptionalMessage_ERROR) IP (DMA) : Parameter (SyncRequestNumber) has Id (TIM16_UP) currently not set
2025-07-04 20:09:52,449 [INFO] ImportTextPane:218 - (OptionalMessage_ERROR) IP (DMA) : Parameter (Instance) has Id (TIM15_UP) currently not set
2025-07-04 20:09:52,449 [INFO] ImportTextPane:218 - (OptionalMessage_ERROR) IP (DMA) : Parameter (Request) has Id (TIM15_UP) currently not set
2025-07-04 20:09:52,449 [INFO] ImportTextPane:218 - (OptionalMessage_ERROR) IP (DMA) : Parameter (Direction) has Id (TIM15_UP) currently not set
2025-07-04 20:09:52,449 [INFO] ImportTextPane:218 - (OptionalMessage_ERROR) IP (DMA) : Parameter (PeriphInc) has Id (TIM15_UP) currently not set
2025-07-04 20:09:52,449 [INFO] ImportTextPane:218 - (OptionalMessage_ERROR) IP (DMA) : Parameter (MemInc) has Id (TIM15_UP) currently not set
2025-07-04 20:09:52,449 [INFO] ImportTextPane:218 - (OptionalMessage_ERROR) IP (DMA) : Parameter (PeriphDataAlignment) has Id (TIM15_UP) currently not set
2025-07-04 20:09:52,449 [INFO] ImportTextPane:218 - (OptionalMessage_ERROR) IP (DMA) : Parameter (MemDataAlignment) has Id (TIM15_UP) currently not set
2025-07-04 20:09:52,449 [INFO] ImportTextPane:218 - (OptionalMessage_ERROR) IP (DMA) : Parameter (Mode) has Id (TIM15_UP) currently not set
2025-07-04 20:09:52,449 [INFO] ImportTextPane:218 - (OptionalMessage_ERROR) IP (DMA) : Parameter (Priority) has Id (TIM15_UP) currently not set
2025-07-04 20:09:52,449 [INFO] ImportTextPane:218 - (OptionalMessage_ERROR) IP (DMA) : Parameter (FIFOMode) has Id (TIM15_UP) currently not set
2025-07-04 20:09:52,449 [INFO] ImportTextPane:218 - (OptionalMessage_ERROR) IP (DMA) : Parameter (SignalID) has Id (TIM15_UP) currently not set
2025-07-04 20:09:52,449 [INFO] ImportTextPane:218 - (OptionalMessage_ERROR) IP (DMA) : Parameter (Polarity) has Id (TIM15_UP) currently not set
2025-07-04 20:09:52,449 [INFO] ImportTextPane:218 - (OptionalMessage_ERROR) IP (DMA) : Parameter (RequestNumber) has Id (TIM15_UP) currently not set
2025-07-04 20:09:52,450 [INFO] ImportTextPane:218 - (OptionalMessage_ERROR) IP (DMA) : Parameter (SyncSignalID) has Id (TIM15_UP) currently not set
2025-07-04 20:09:52,450 [INFO] ImportTextPane:218 - (OptionalMessage_ERROR) IP (DMA) : Parameter (SyncPolarity) has Id (TIM15_UP) currently not set
2025-07-04 20:09:52,450 [INFO] ImportTextPane:218 - (OptionalMessage_ERROR) IP (DMA) : Parameter (SyncEnable) has Id (TIM15_UP) currently not set
2025-07-04 20:09:52,450 [INFO] ImportTextPane:218 - (OptionalMessage_ERROR) IP (DMA) : Parameter (EventEnable) has Id (TIM15_UP) currently not set
2025-07-04 20:09:52,450 [INFO] ImportTextPane:218 - (OptionalMessage_ERROR) IP (DMA) : Parameter (SyncRequestNumber) has Id (TIM15_UP) currently not set
2025-07-04 20:09:52,467 [INFO] ImportTextPane:218 - (OptionalMessage_ERROR) IP (RCC) : Parameter (DFSDMACLkFreq_Value) has invalid value (480000000)
2025-07-04 20:09:52,474 [INFO] ImportTextPane:218 - (OptionalMessage_ERROR) IP (RCC) : Parameter (FDCANFreq_Value) has invalid value (480000000)
2025-07-04 20:09:52,474 [INFO] ImportTextPane:218 - (OptionalMessage_ERROR) IP (RCC) : Invalid parameter (FamilyName)
2025-07-04 20:09:52,474 [INFO] ImportTextPane:218 - (OptionalMessage_ERROR) IP (RCC) : Parameter (SAI1Freq_Value) has invalid value (480000000)
2025-07-04 20:09:52,474 [INFO] ImportTextPane:218 - (OptionalMessage_ERROR) IP (RCC) : Parameter (SAI23Freq_Value) has invalid value (480000000)
2025-07-04 20:09:52,474 [INFO] ImportTextPane:218 - (OptionalMessage_ERROR) IP (RCC) : Parameter (SAI4AFreq_Value) has invalid value (480000000)
2025-07-04 20:09:52,475 [INFO] ImportTextPane:218 - (OptionalMessage_ERROR) IP (RCC) : Parameter (SAI4BFreq_Value) has invalid value (480000000)
2025-07-04 20:09:52,475 [INFO] ImportTextPane:218 - (OptionalMessage_ERROR) IP (RCC) : Parameter (SDMMCFreq_Value) has invalid value (480000000)
2025-07-04 20:09:52,475 [INFO] ImportTextPane:218 - (OptionalMessage_ERROR) IP (RCC) : Parameter (SPDIFRXFreq_Value) has invalid value (480000000)
2025-07-04 20:09:52,475 [INFO] ImportTextPane:218 - (OptionalMessage_ERROR) IP (RCC) : Parameter (SPI123Freq_Value) has invalid value (480000000)
2025-07-04 20:09:52,475 [INFO] ImportTextPane:218 - (OptionalMessage_ERROR) IP (RCC) : Parameter (USBFreq_Value) has invalid value (480000000)
2025-07-04 20:09:53,211 [INFO] UtilMem:75 - End LoadConfig() Used Memory: 919039568 Bytes (1073741824)
2025-07-04 20:09:53,230 [WARN] ThirdParty:833 - waiting for thirdparty lock release [change project]
2025-07-04 20:09:53,231 [INFO] ThirdParty:835 - entering critical section [change project]
2025-07-04 20:09:53,231 [INFO] ThirdParty:1030 - CMSIS Pack Vendor :STMicroelectronics X-CUBE-PM33A1 1.0.0
2025-07-04 20:09:53,231 [INFO] ThirdParty:1030 - CMSIS Pack Vendor :STMicroelectronics USBPD 4.1
2025-07-04 20:09:53,231 [INFO] ThirdParty:1030 - CMSIS Pack Vendor :STMicroelectronics X-CUBE-AZRTOS-H7 3.3.0
2025-07-04 20:09:53,231 [INFO] ThirdParty:1030 - CMSIS Pack Vendor :STMicroelectronics X-CUBE-NFC9 1.0.0
2025-07-04 20:09:53,231 [INFO] ThirdParty:1030 - CMSIS Pack Vendor :STMicroelectronics USB_HOST 2.0.0
2025-07-04 20:09:53,231 [INFO] ThirdParty:1030 - CMSIS Pack Vendor :STMicroelectronics FP-SNS-MOTENVWB1 1.4.0
2025-07-04 20:09:53,231 [INFO] ThirdParty:1030 - CMSIS Pack Vendor :STMicroelectronics X-CUBE-AZRTOS-F4 1.1.0
2025-07-04 20:09:53,231 [INFO] ThirdParty:1030 - CMSIS Pack Vendor :STMicroelectronics LIBJPEG 8.0.0
2025-07-04 20:09:53,231 [INFO] ThirdParty:1030 - CMSIS Pack Vendor :STMicroelectronics FP-ATR-ASTRA1 2.0.2
2025-07-04 20:09:53,231 [INFO] ThirdParty:1030 - CMSIS Pack Vendor :STMicroelectronics X-CUBE-BLE1 7.1.0
2025-07-04 20:09:53,231 [INFO] ThirdParty:1030 - CMSIS Pack Vendor :Avnet-IotConnect X-CUBE-IoTC-DA16k-PMOD 1.0.0
2025-07-04 20:09:53,232 [INFO] ThirdParty:1030 - CMSIS Pack Vendor :STMicroelectronics X-CUBE-SMBUS 2.1.0
2025-07-04 20:09:53,232 [INFO] ThirdParty:1030 - CMSIS Pack Vendor :STMicroelectronics X-CUBE-WB05N 1.1.0
2025-07-04 20:09:53,232 [INFO] ThirdParty:1030 - CMSIS Pack Vendor :wolfSSL I-CUBE-wolfMQTT 1.19.2
2025-07-04 20:09:53,232 [INFO] ThirdParty:1030 - CMSIS Pack Vendor :STMicroelectronics USB_DEVICE 3.0.0
2025-07-04 20:09:53,232 [INFO] ThirdParty:1030 - CMSIS Pack Vendor :STMicroelectronics X-CUBE-ISPU 2.1.0
2025-07-04 20:09:53,232 [INFO] ThirdParty:1030 - CMSIS Pack Vendor :STMicroelectronics X-CUBE-AZRTOS-WB 2.0.0
2025-07-04 20:09:53,232 [INFO] ThirdParty:1030 - CMSIS Pack Vendor :STMicroelectronics X-CUBE-ST60 1.0.0
2025-07-04 20:09:53,232 [INFO] ThirdParty:1030 - CMSIS Pack Vendor :STMicroelectronics X-CUBE-GNSS1 7.0.1
2025-07-04 20:09:53,232 [INFO] ThirdParty:1030 - CMSIS Pack Vendor :STMicroelectronics X-CUBE-AZRTOS-F7 1.1.0
2025-07-04 20:09:53,232 [INFO] ThirdParty:1030 - CMSIS Pack Vendor :STMicroelectronics X-CUBE-AZRTOS-L5 2.0.0
2025-07-04 20:09:53,232 [INFO] ThirdParty:1030 - CMSIS Pack Vendor :STMicroelectronics X-CUBE-TOUCHGFX 4.25.0
2025-07-04 20:09:53,232 [INFO] ThirdParty:1030 - CMSIS Pack Vendor :STMicroelectronics USB_DEVICE 2.0.0
2025-07-04 20:09:53,232 [INFO] ThirdParty:1030 - CMSIS Pack Vendor :STMicroelectronics X-CUBE-NFC6 3.1.0
2025-07-04 20:09:53,232 [INFO] ThirdParty:1030 - CMSIS Pack Vendor :STMicroelectronics X-CUBE-AI 10.1.0
2025-07-04 20:09:53,232 [INFO] ThirdParty:1030 - CMSIS Pack Vendor :STMicroelectronics FP-SNS-STBOX1 2.0.0
2025-07-04 20:09:53,232 [INFO] ThirdParty:1030 - CMSIS Pack Vendor :STMicroelectronics X-CUBE-MEMS1 11.2.0
2025-07-04 20:09:53,232 [INFO] ThirdParty:1030 - CMSIS Pack Vendor :STMicroelectronics FreeRTOS 0.0.1
2025-07-04 20:09:53,232 [INFO] ThirdParty:1030 - CMSIS Pack Vendor :STMicroelectronics X-CUBE-AZRTOS-G0 1.1.0
2025-07-04 20:09:53,232 [INFO] ThirdParty:1030 - CMSIS Pack Vendor :STMicroelectronics X-CUBE-SAFEA1 1.2.2
2025-07-04 20:09:53,232 [INFO] ThirdParty:1030 - CMSIS Pack Vendor :STMicroelectronics X-CUBE-NFC4 3.0.0
2025-07-04 20:09:53,232 [INFO] ThirdParty:1030 - CMSIS Pack Vendor :STMicroelectronics X-CUBE-DPower 1.2.0
2025-07-04 20:09:53,232 [INFO] ThirdParty:1030 - CMSIS Pack Vendor :STMicroelectronics X-CUBE-SUBG2 5.0.0
2025-07-04 20:09:53,232 [INFO] ThirdParty:1030 - CMSIS Pack Vendor :STMicroelectronics X-CUBE-AZRTOS-H7RS 1.1.0
2025-07-04 20:09:53,232 [INFO] ThirdParty:1030 - CMSIS Pack Vendor :STMicroelectronics STM32_WPAN 1.0.0
2025-07-04 20:09:53,232 [INFO] ThirdParty:1030 - CMSIS Pack Vendor :EmbeddedOffice I-CUBE-FS-RTOS 1.0.1
2025-07-04 20:09:53,232 [INFO] ThirdParty:1030 - CMSIS Pack Vendor :STMicroelectronics lwIP 2.0.3
2025-07-04 20:09:53,233 [INFO] ThirdParty:1030 - CMSIS Pack Vendor :STMicroelectronics FP-SNS-FLIGHT1 5.0.2
2025-07-04 20:09:53,233 [INFO] ThirdParty:1030 - CMSIS Pack Vendor :Cesanta I-CUBE-Mongoose 7.13.0
2025-07-04 20:09:53,233 [INFO] ThirdParty:1030 - CMSIS Pack Vendor :STMicroelectronics USB_HOST 1.0.0
2025-07-04 20:09:53,233 [INFO] ThirdParty:1030 - CMSIS Pack Vendor :Infineon AIROC-Wi-Fi-Bluetooth-STM32 1.7.0
2025-07-04 20:09:53,233 [INFO] ThirdParty:1030 - CMSIS Pack Vendor :STMicroelectronics X-CUBE-AZRTOS-G4 2.0.0
2025-07-04 20:09:53,233 [INFO] ThirdParty:1030 - CMSIS Pack Vendor :STMicroelectronics X-CUBE-WB05N 2.0.0
2025-07-04 20:09:53,233 [INFO] ThirdParty:1030 - CMSIS Pack Vendor :STMicroelectronics PDM2PCM 3.1.0
2025-07-04 20:09:53,233 [INFO] ThirdParty:1030 - CMSIS Pack Vendor :STMicroelectronics PDM2PCM 3.3.0
2025-07-04 20:09:53,233 [INFO] ThirdParty:1030 - CMSIS Pack Vendor :wolfSSL I-CUBE-wolfTPM 3.8.0
2025-07-04 20:09:53,233 [INFO] ThirdParty:1030 - CMSIS Pack Vendor :STMicroelectronics X-CUBE-DISPLAY 3.0.0
2025-07-04 20:09:53,233 [INFO] ThirdParty:1030 - CMSIS Pack Vendor :wolfSSL I-CUBE-wolfSSH 1.4.20
2025-07-04 20:09:53,233 [INFO] ThirdParty:1030 - CMSIS Pack Vendor :STMicroelectronics X-CUBE-NFC7 2.0.0
2025-07-04 20:09:53,233 [INFO] ThirdParty:1030 - CMSIS Pack Vendor :STMicroelectronics X-CUBE-TCPP 4.2.0
2025-07-04 20:09:53,233 [INFO] ThirdParty:1030 - CMSIS Pack Vendor :RealThread X-CUBE-RT-Thread_Nano 4.1.1
2025-07-04 20:09:53,233 [INFO] ThirdParty:1030 - CMSIS Pack Vendor :STMicroelectronics FP-ATR-SIGFOX1 3.2.0
2025-07-04 20:09:53,233 [INFO] ThirdParty:1030 - CMSIS Pack Vendor :STMicroelectronics X-CUBE-NFC10 1.0.0
2025-07-04 20:09:53,233 [INFO] ThirdParty:1030 - CMSIS Pack Vendor :STMicroelectronics X-CUBE-BLEMGR 4.0.0
2025-07-04 20:09:53,233 [INFO] ThirdParty:1030 - CMSIS Pack Vendor :STMicroelectronics X-CUBE-EEPRMA1 5.1.0
2025-07-04 20:09:53,233 [INFO] ThirdParty:1030 - CMSIS Pack Vendor :STMicroelectronics X-CUBE-FREERTOS 1.3.1
2025-07-04 20:09:53,233 [INFO] ThirdParty:1030 - CMSIS Pack Vendor :STMicroelectronics HAL Drivers 0.0.0
2025-07-04 20:09:53,233 [INFO] ThirdParty:1030 - CMSIS Pack Vendor :STMicroelectronics MBEDTLS 2.16.2
2025-07-04 20:09:53,234 [INFO] ThirdParty:1030 - CMSIS Pack Vendor :STMicroelectronics X-CUBE-IPS 3.1.0
2025-07-04 20:09:53,234 [INFO] ThirdParty:1030 - CMSIS Pack Vendor :STMicroelectronics X-CUBE-ALS 1.0.2
2025-07-04 20:09:53,234 [INFO] ThirdParty:1030 - CMSIS Pack Vendor :emotas I-CUBE-CANOPEN 1.3.0
2025-07-04 20:09:53,234 [INFO] ThirdParty:1030 - CMSIS Pack Vendor :STMicroelectronics X-CUBE-FREERTOS 1.3.0
2025-07-04 20:09:53,234 [INFO] ThirdParty:1030 - CMSIS Pack Vendor :STMicroelectronics X-CUBE-NFC7 1.0.1
2025-07-04 20:09:53,234 [INFO] ThirdParty:1030 - CMSIS Pack Vendor :STMicroelectronics MBEDTLS 2.14.1
2025-07-04 20:09:53,234 [INFO] ThirdParty:1030 - CMSIS Pack Vendor :wolfSSL I-CUBE-wolfSSL 5.7.6
2025-07-04 20:09:53,234 [INFO] ThirdParty:1030 - CMSIS Pack Vendor :ITTIA_DB I-CUBE-ITTIADB 8.9.0
2025-07-04 20:09:53,234 [INFO] ThirdParty:1030 - CMSIS Pack Vendor :STMicroelectronics X-CUBE-TOUCHGFX 4.24.2
2025-07-04 20:09:53,234 [INFO] ThirdParty:1030 - CMSIS Pack Vendor :portGmbH I-Cube-SoM-uGOAL 1.1.0
2025-07-04 20:09:53,234 [INFO] ThirdParty:1030 - CMSIS Pack Vendor :quantropi X-CUBE-qispace-sdk-base 2.0.0
2025-07-04 20:09:53,234 [INFO] ThirdParty:1030 - CMSIS Pack Vendor :STMicroelectronics X-CUBE-AI 10.0.0
2025-07-04 20:09:53,234 [INFO] ThirdParty:1030 - CMSIS Pack Vendor :STMicroelectronics X-CUBE-ST67W61 1.0.0
2025-07-04 20:09:53,234 [INFO] ThirdParty:1030 - CMSIS Pack Vendor :STMicroelectronics FP-SNS-STAIOTCFT 1.0.0
2025-07-04 20:09:53,234 [INFO] ThirdParty:1030 - CMSIS Pack Vendor :STMicroelectronics ThreadX 1.0.0
2025-07-04 20:09:53,234 [INFO] ThirdParty:1030 - CMSIS Pack Vendor :STMicroelectronics FP-SNS-SMARTAG2 1.2.0
2025-07-04 20:09:53,234 [INFO] ThirdParty:1030 - CMSIS Pack Vendor :STMicroelectronics FP-SNS-FLIGHT1 5.1.0
2025-07-04 20:09:53,234 [INFO] ThirdParty:1030 - CMSIS Pack Vendor :STMicroelectronics X-CUBE-MEMS1 11.1.0
2025-07-04 20:09:53,234 [INFO] ThirdParty:1030 - CMSIS Pack Vendor :STMicroelectronics X-CUBE-AZRTOS-WL 2.0.0
2025-07-04 20:09:53,234 [INFO] ThirdParty:1030 - CMSIS Pack Vendor :SEGGER I-CUBE-embOS 1.3.1
2025-07-04 20:09:53,234 [INFO] ThirdParty:1030 - CMSIS Pack Vendor :STMicroelectronics X-CUBE-ALGOBUILD 1.4.0
2025-07-04 20:09:53,234 [INFO] ThirdParty:1030 - CMSIS Pack Vendor :STMicroelectronics X-CUBE-DPower 1.3.0
2025-07-04 20:09:53,234 [INFO] ThirdParty:1030 - CMSIS Pack Vendor :STMicroelectronics X-CUBE-MEMS1 11.3.0
2025-07-04 20:09:53,234 [INFO] ThirdParty:1030 - CMSIS Pack Vendor :STMicroelectronics FP-SNS-MOTENV1 5.0.0
2025-07-04 20:09:53,234 [INFO] ThirdParty:1030 - CMSIS Pack Vendor :STMicroelectronics USB_DEVICE 1.0.0
2025-07-04 20:09:53,234 [INFO] ThirdParty:1030 - CMSIS Pack Vendor :STMicroelectronics X-CUBE-AZRTOS-H7RS 1.0.0
2025-07-04 20:09:53,234 [INFO] ThirdParty:1030 - CMSIS Pack Vendor :STMicroelectronics X-CUBE-AZRTOS-L4 2.0.0
2025-07-04 20:09:53,234 [INFO] ThirdParty:1030 - CMSIS Pack Vendor :STMicroelectronics ThreadX 0.0.2
2025-07-04 20:09:53,234 [INFO] ThirdParty:1030 - CMSIS Pack Vendor :WES I-CUBE-Cesium 1.3.0
2025-07-04 20:09:53,234 [INFO] ThirdParty:1030 - CMSIS Pack Vendor :STMicroelectronics lwIP 2.1.2
2025-07-04 20:09:53,234 [INFO] ThirdParty:1030 - CMSIS Pack Vendor :STMicroelectronics X-CUBE-SFXS2LP1 4.0.0
2025-07-04 20:09:53,234 [INFO] ThirdParty:1030 - CMSIS Pack Vendor :STMicroelectronics X-CUBE-BLE2 3.3.0
2025-07-04 20:09:53,235 [INFO] ThirdParty:1030 - CMSIS Pack Vendor :STMicroelectronics X-CUBE-TOF1 3.4.2
2025-07-04 20:09:53,235 [INFO] ThirdParty:1030 - CMSIS Pack Vendor :STMicroelectronics X-CUBE-TOF1 3.4.3
2025-07-04 20:09:53,235 [INFO] ThirdParty:1030 - CMSIS Pack Vendor :STMicroelectronics PDM2PCM 3.2.0
2025-07-04 20:09:53,235 [INFO] ThirdParty:841 - exiting critical section [change project]
2025-07-04 20:09:53,993 [INFO] PinOutPanel:1589 - setPackage(No Configuration,No Configuration)
2025-07-04 20:09:53,995 [INFO] PinOutPanel:1589 - setPackage(STM32H743VITx,LQFP100)
2025-07-04 20:09:55,023 [INFO] UtilMem:75 - Before build in PCC Used Memory: 814106760 Bytes (1073741824)
2025-07-04 20:09:55,489 [INFO] UtilMem:75 - After build in PCC Used Memory: 879116424 Bytes (1073741824)
2025-07-04 20:09:55,493 [INFO] ApiDbMcu:508 - Load IP Config File for FATFS
2025-07-04 20:09:55,499 [INFO] ApiDbMcu:508 - Load IP Config File for FREERTOS
2025-07-04 20:09:55,536 [INFO] IPUIPlugin:80 - create IPUIPlugin
2025-07-04 20:09:55,536 [INFO] IPUIPlugin:80 - create IPUIPlugin
2025-07-04 20:09:55,536 [INFO] IPUIPlugin:80 - create IPUIPlugin
2025-07-04 20:09:55,536 [INFO] IPUIPlugin:80 - create IPUIPlugin
2025-07-04 20:09:55,536 [INFO] IPUIPlugin:80 - create IPUIPlugin
2025-07-04 20:09:55,536 [INFO] IPUIPlugin:80 - create IPUIPlugin
2025-07-04 20:09:55,537 [INFO] IPUIPlugin:80 - create IPUIPlugin
2025-07-04 20:09:55,537 [INFO] IPUIPlugin:80 - create IPUIPlugin
2025-07-04 20:09:55,537 [INFO] IPUIPlugin:80 - create IPUIPlugin
2025-07-04 20:09:55,537 [INFO] IPUIPlugin:80 - create IPUIPlugin
2025-07-04 20:09:55,537 [INFO] IPUIPlugin:80 - create IPUIPlugin
2025-07-04 20:09:55,537 [INFO] IPUIPlugin:80 - create IPUIPlugin
2025-07-04 20:09:55,537 [INFO] IPUIPlugin:80 - create IPUIPlugin
2025-07-04 20:09:55,538 [INFO] IPUIPlugin:80 - create IPUIPlugin
2025-07-04 20:09:55,538 [INFO] IPUIPlugin:80 - create IPUIPlugin
2025-07-04 20:09:55,538 [INFO] IPUIPlugin:80 - create IPUIPlugin
2025-07-04 20:09:55,538 [INFO] IPUIPlugin:80 - create IPUIPlugin
2025-07-04 20:09:55,538 [INFO] IPUIPlugin:80 - create IPUIPlugin
2025-07-04 20:09:55,538 [INFO] IPUIPlugin:80 - create IPUIPlugin
2025-07-04 20:09:55,538 [INFO] IPUIPlugin:80 - create IPUIPlugin
2025-07-04 20:09:55,538 [INFO] IPUIPlugin:80 - create IPUIPlugin
2025-07-04 20:09:55,538 [INFO] IPUIPlugin:80 - create IPUIPlugin
2025-07-04 20:09:55,539 [INFO] IPUIPlugin:80 - create IPUIPlugin
2025-07-04 20:09:55,539 [INFO] IPUIPlugin:80 - create IPUIPlugin
2025-07-04 20:09:55,539 [INFO] IPUIPlugin:80 - create IPUIPlugin
2025-07-04 20:09:55,539 [INFO] IPUIPlugin:80 - create IPUIPlugin
2025-07-04 20:09:55,539 [INFO] IPUIPlugin:80 - create IPUIPlugin
2025-07-04 20:09:55,540 [INFO] IPUIPlugin:80 - create IPUIPlugin
2025-07-04 20:09:55,540 [INFO] IPUIPlugin:80 - create IPUIPlugin
2025-07-04 20:09:55,540 [INFO] IPUIPlugin:80 - create IPUIPlugin
2025-07-04 20:09:55,540 [INFO] IPUIPlugin:80 - create IPUIPlugin
2025-07-04 20:09:55,540 [INFO] IPUIPlugin:80 - create IPUIPlugin
2025-07-04 20:09:55,541 [INFO] IPUIPlugin:80 - create IPUIPlugin
2025-07-04 20:09:55,541 [INFO] IPUIPlugin:80 - create IPUIPlugin
2025-07-04 20:09:55,541 [INFO] IPUIPlugin:80 - create IPUIPlugin
2025-07-04 20:09:55,541 [INFO] IPUIPlugin:80 - create IPUIPlugin
2025-07-04 20:09:55,541 [INFO] IPUIPlugin:80 - create IPUIPlugin
2025-07-04 20:09:55,542 [INFO] IPUIPlugin:80 - create IPUIPlugin
2025-07-04 20:09:55,542 [INFO] IPUIPlugin:80 - create IPUIPlugin
2025-07-04 20:09:55,542 [INFO] IPUIPlugin:80 - create IPUIPlugin
2025-07-04 20:09:55,542 [INFO] IPUIPlugin:80 - create IPUIPlugin
2025-07-04 20:09:55,542 [INFO] IPUIPlugin:80 - create IPUIPlugin
2025-07-04 20:09:55,543 [INFO] IPUIPlugin:80 - create IPUIPlugin
2025-07-04 20:09:55,543 [INFO] IPUIPlugin:80 - create IPUIPlugin
2025-07-04 20:09:55,543 [INFO] IPUIPlugin:80 - create IPUIPlugin
2025-07-04 20:09:55,543 [INFO] IPUIPlugin:80 - create IPUIPlugin
2025-07-04 20:09:55,543 [INFO] IPUIPlugin:80 - create IPUIPlugin
2025-07-04 20:09:55,544 [INFO] IPUIPlugin:80 - create IPUIPlugin
2025-07-04 20:09:55,544 [INFO] IPUIPlugin:80 - create IPUIPlugin
2025-07-04 20:09:55,544 [INFO] IPUIPlugin:80 - create IPUIPlugin
2025-07-04 20:09:55,544 [INFO] IPUIPlugin:80 - create IPUIPlugin
2025-07-04 20:09:55,544 [INFO] IPUIPlugin:80 - create IPUIPlugin
2025-07-04 20:09:55,545 [INFO] IPUIPlugin:80 - create IPUIPlugin
2025-07-04 20:09:55,545 [INFO] IPUIPlugin:80 - create IPUIPlugin
2025-07-04 20:09:55,545 [INFO] IPUIPlugin:80 - create IPUIPlugin
2025-07-04 20:09:55,545 [INFO] IPUIPlugin:80 - create IPUIPlugin
2025-07-04 20:09:55,546 [INFO] IPUIPlugin:80 - create IPUIPlugin
2025-07-04 20:09:55,546 [INFO] IPUIPlugin:80 - create IPUIPlugin
2025-07-04 20:09:55,546 [INFO] IPUIPlugin:80 - create IPUIPlugin
2025-07-04 20:09:55,546 [INFO] IPUIPlugin:80 - create IPUIPlugin
2025-07-04 20:09:55,547 [INFO] IPUIPlugin:80 - create IPUIPlugin
2025-07-04 20:09:55,547 [INFO] IPUIPlugin:80 - create IPUIPlugin
2025-07-04 20:09:55,548 [INFO] IPUIPlugin:80 - create IPUIPlugin
2025-07-04 20:09:55,548 [INFO] IPUIPlugin:80 - create IPUIPlugin
2025-07-04 20:09:55,549 [INFO] IPUIPlugin:80 - create IPUIPlugin
2025-07-04 20:09:55,549 [INFO] IPUIPlugin:80 - create IPUIPlugin
2025-07-04 20:09:55,549 [INFO] IPUIPlugin:80 - create IPUIPlugin
2025-07-04 20:09:55,549 [INFO] IPUIPlugin:80 - create IPUIPlugin
2025-07-04 20:09:55,550 [INFO] IPUIPlugin:80 - create IPUIPlugin
2025-07-04 20:09:55,550 [INFO] IPUIPlugin:80 - create IPUIPlugin
2025-07-04 20:09:55,550 [INFO] IPUIPlugin:80 - create IPUIPlugin
2025-07-04 20:09:55,550 [INFO] IPUIPlugin:80 - create IPUIPlugin
2025-07-04 20:09:55,551 [INFO] IPUIPlugin:80 - create IPUIPlugin
2025-07-04 20:09:55,551 [INFO] IPUIPlugin:80 - create IPUIPlugin
2025-07-04 20:09:55,551 [INFO] IPUIPlugin:80 - create IPUIPlugin
2025-07-04 20:09:55,551 [INFO] IPUIPlugin:80 - create IPUIPlugin
2025-07-04 20:09:55,552 [INFO] IPUIPlugin:80 - create IPUIPlugin
2025-07-04 20:09:55,552 [INFO] IPUIPlugin:80 - create IPUIPlugin
2025-07-04 20:09:55,552 [INFO] IPUIPlugin:80 - create IPUIPlugin
2025-07-04 20:09:55,552 [INFO] IPUIPlugin:80 - create IPUIPlugin
2025-07-04 20:09:55,553 [INFO] IPUIPlugin:80 - create IPUIPlugin
2025-07-04 20:09:55,554 [INFO] IPUIPlugin:80 - create IPUIPlugin
2025-07-04 20:09:55,554 [INFO] IPUIPlugin:80 - create IPUIPlugin
2025-07-04 20:09:55,554 [INFO] IPUIPlugin:80 - create IPUIPlugin
2025-07-04 20:09:55,555 [INFO] IPUIPlugin:80 - create IPUIPlugin
2025-07-04 20:09:55,555 [INFO] IPUIPlugin:80 - create IPUIPlugin
2025-07-04 20:09:55,556 [INFO] IPUIPlugin:80 - create IPUIPlugin
2025-07-04 20:09:55,556 [INFO] IPUIPlugin:80 - create IPUIPlugin
2025-07-04 20:09:55,556 [INFO] IPUIPlugin:80 - create IPUIPlugin
2025-07-04 20:09:55,557 [INFO] IPUIPlugin:80 - create IPUIPlugin
2025-07-04 20:09:55,557 [INFO] IPUIPlugin:80 - create IPUIPlugin
2025-07-04 20:09:55,558 [INFO] IPUIPlugin:80 - create IPUIPlugin
2025-07-04 20:09:55,558 [INFO] IPUIPlugin:80 - create IPUIPlugin
2025-07-04 20:09:55,559 [INFO] IPUIPlugin:80 - create IPUIPlugin
2025-07-04 20:09:55,559 [INFO] IPUIPlugin:80 - create IPUIPlugin
2025-07-04 20:09:55,560 [INFO] IPUIPlugin:80 - create IPUIPlugin
2025-07-04 20:09:55,561 [INFO] IPUIPlugin:80 - create IPUIPlugin
2025-07-04 20:09:55,564 [INFO] ApiDbMcu:508 - Load IP Config File for PDM2PCM
2025-07-04 20:09:55,588 [WARN] FreeRTOS:1023 - Null or empty value: should not occur! (nothing added to the table)
2025-07-04 20:09:55,687 [INFO] CADModel:165 - CPN selected for project levelSTM32H743VIT6
2025-07-04 20:09:55,687 [INFO] CADModel:114 - Register for checkConnection events
2025-07-04 20:09:55,690 [INFO] RtosManager:725 - Active RTOS found at IOC load: FREERTOS [Cortex-M7NS]
2025-07-04 20:09:55,733 [INFO] OpenFileManager:385 - Restore cursor
2025-07-04 20:09:55,739 [INFO] ApiDb:581 - Connected to CubeFinder SQLite database (C:\Users\marcv\.stmcufinder\plugins\mcufinder\mcu\cube-finder-db.db)
2025-07-04 20:13:12,407 [INFO] MainUpdater:2872 - connection check result : 10
2025-07-04 20:13:12,407 [INFO] MainUpdater:2872 - connection check result : 10
2025-07-04 20:13:12,605 [INFO] I2cTimingTraitement:330 - 0x307075B1
2025-07-04 20:13:12,612 [INFO] MicroXplorer:468 - Change Database Path : 
2025-07-04 20:13:12,613 [INFO] MicroXplorer:498 - Change Database Version : DB.6.0.140
2025-07-04 20:13:12,627 [ERROR] ProjectManagerView:394 - 
java.lang.NullPointerException: Cannot invoke "javax.swing.JTextField.getText()" because the return value of "java.util.List.get(int)" is null
	at com.st.microxplorer.plugins.projectmanager.gui.ProjectChoiceTab$9.caretUpdate(ProjectChoiceTab.java:2678) ~[filemanager.jar:?]
	at javax.swing.text.JTextComponent.fireCaretUpdate(JTextComponent.java:408) ~[?:?]
	at javax.swing.text.JTextComponent$MutableCaretEvent.fire(JTextComponent.java:4484) ~[?:?]
	at javax.swing.text.JTextComponent$MutableCaretEvent.stateChanged(JTextComponent.java:4506) ~[?:?]
	at javax.swing.text.DefaultCaret.fireStateChanged(DefaultCaret.java:857) ~[?:?]
	at javax.swing.text.DefaultCaret.changeCaretPosition(DefaultCaret.java:1343) ~[?:?]
	at javax.swing.text.DefaultCaret.handleSetDot(DefaultCaret.java:1242) ~[?:?]
	at javax.swing.text.DefaultCaret.setDot(DefaultCaret.java:1223) ~[?:?]
	at javax.swing.text.DefaultCaret$Handler.insertUpdate(DefaultCaret.java:1819) ~[?:?]
	at javax.swing.text.AbstractDocument.fireInsertUpdate(AbstractDocument.java:227) ~[?:?]
	at javax.swing.text.AbstractDocument.handleInsertString(AbstractDocument.java:781) ~[?:?]
	at javax.swing.text.AbstractDocument.insertString(AbstractDocument.java:740) ~[?:?]
	at javax.swing.text.PlainDocument.insertString(PlainDocument.java:131) ~[?:?]
	at javax.swing.text.AbstractDocument.replace(AbstractDocument.java:699) ~[?:?]
	at javax.swing.text.JTextComponent.setText(JTextComponent.java:1725) ~[?:?]
	at com.st.microxplorer.plugins.projectmanager.gui.ProjectChoiceTab.createHeapStackFields(ProjectChoiceTab.java:979) ~[filemanager.jar:?]
	at com.st.microxplorer.plugins.projectmanager.gui.ProjectChoiceTab.buildLinkSettingsPanel(ProjectChoiceTab.java:3766) ~[filemanager.jar:?]
	at com.st.microxplorer.plugins.projectmanager.gui.ProjectChoiceTab.defineWindowsFields(ProjectChoiceTab.java:1962) ~[filemanager.jar:?]
	at com.st.microxplorer.plugins.projectmanager.gui.ProjectChoiceTab.updateSettings(ProjectChoiceTab.java:555) ~[filemanager.jar:?]
	at com.st.microxplorer.plugins.projectmanager.gui.ProjectSettingsPanel.UpdateDialog(ProjectSettingsPanel.java:245) ~[filemanager.jar:?]
	at com.st.microxplorer.plugins.projectmanager.ProjectManagerView.propertyChange(ProjectManagerView.java:391) ~[filemanager.jar:?]
	at java.beans.PropertyChangeSupport.fire(PropertyChangeSupport.java:343) ~[?:?]
	at java.beans.PropertyChangeSupport.firePropertyChange(PropertyChangeSupport.java:335) ~[?:?]
	at java.beans.PropertyChangeSupport.firePropertyChange(PropertyChangeSupport.java:268) ~[?:?]
	at com.st.microxplorer.util.MXPropertyChangeSupport.firePropertyChange(MXPropertyChangeSupport.java:54) ~[STM32CubeMX.jar:?]
	at com.st.microxplorer.mxsystem.MxSystem.closeConfig(MxSystem.java:899) ~[STM32CubeMX.jar:?]
	at com.st.microxplorer.maingui.MainPanel.closeConfig(MainPanel.java:789) ~[STM32CubeMX.jar:?]
	at com.st.microxplorer.plugins.filemanager.engine.OpenFileManager.loadConfigurationFile(OpenFileManager.java:287) ~[filemanager.jar:?]
	at com.st.microxplorer.plugins.filemanager.engine.MainFileManager.userLoadConfig(MainFileManager.java:341) ~[filemanager.jar:?]
	at com.st.microxplorer.plugins.filemanager.engine.MainFileManager.userLoadConfig(MainFileManager.java:319) ~[filemanager.jar:?]
	at com.st.microxplorer.plugins.filemanager.FileManagerView.getSpecificTask(FileManagerView.java:246) ~[filemanager.jar:?]
	at com.st.stm32cube.common.mx.editor.CubeMxEditor.getMxTabbedPaneInstance(CubeMxEditor.java:1198) ~[com.st.stm32cube.common.mx_6.14.0.202502271554/:?]
	at com.st.stm32cube.common.mx.editor.CubeMxEditor$12$1.createSwingComponent(CubeMxEditor.java:1068) ~[com.st.stm32cube.common.mx_6.14.0.202502271554/:?]
	at com.st.stm32cube.common.mx.oss.core.awtswtbridge.EmbeddedSwingComposite.doComponentCreation(EmbeddedSwingComposite.java:492) ~[com.st.stm32cube.common.mx.oss_6.14.0.202502271554/:?]
	at com.st.stm32cube.common.mx.oss.core.awtswtbridge.EmbeddedSwingComposite$4.run(EmbeddedSwingComposite.java:291) ~[com.st.stm32cube.common.mx.oss_6.14.0.202502271554/:?]
	at com.st.stm32cube.common.mx.oss.core.awtswtbridge.AwtEnvironment$2.run(AwtEnvironment.java:166) ~[com.st.stm32cube.common.mx.oss_6.14.0.202502271554/:?]
	at java.awt.event.InvocationEvent.dispatch(InvocationEvent.java:318) ~[?:?]
	at java.awt.EventQueue.dispatchEventImpl(EventQueue.java:773) ~[?:?]
	at java.awt.EventQueue$4.run(EventQueue.java:720) ~[?:?]
	at java.awt.EventQueue$4.run(EventQueue.java:714) ~[?:?]
	at java.security.AccessController.doPrivileged(AccessController.java:400) ~[?:?]
	at java.security.ProtectionDomain$JavaSecurityAccessImpl.doIntersectionPrivilege(ProtectionDomain.java:87) ~[?:?]
	at java.awt.EventQueue.dispatchEvent(EventQueue.java:742) ~[?:?]
	at java.awt.EventDispatchThread.pumpOneEventForFilters(EventDispatchThread.java:203) ~[?:?]
	at java.awt.EventDispatchThread.pumpEventsForFilter(EventDispatchThread.java:124) ~[?:?]
	at java.awt.EventDispatchThread.pumpEventsForHierarchy(EventDispatchThread.java:113) ~[?:?]
	at java.awt.EventDispatchThread.pumpEvents(EventDispatchThread.java:109) ~[?:?]
	at java.awt.EventDispatchThread.pumpEvents(EventDispatchThread.java:101) ~[?:?]
	at java.awt.EventDispatchThread.run(EventDispatchThread.java:90) ~[?:?]
2025-07-04 20:13:12,628 [WARN] ThirdParty:871 - waiting for thirdparty lock release [close project]
2025-07-04 20:13:12,628 [INFO] ThirdParty:873 - entering critical section [close project]
2025-07-04 20:13:12,628 [INFO] ThirdParty:883 - exiting critical section [close project]
2025-07-04 20:13:12,636 [INFO] PinOutPanel:1589 - setPackage(No Configuration,No Configuration)
2025-07-04 20:13:12,647 [WARN] IpParametersView:155 - Warning: This peripheral hasn't parameters
2025-07-04 20:13:12,652 [WARN] MainPanel:289 - <html><b><center>Warning: This peripheral has no parameters to be configured<br></b></html>
2025-07-04 20:13:12,656 [INFO] UtilMem:75 - Begin LoadConfig() Used Memory: 791626640 Bytes (1073741824)
2025-07-04 20:13:12,657 [INFO] MicroXplorer:468 - Change Database Path : 
2025-07-04 20:13:12,657 [INFO] MicroXplorer:498 - Change Database Version : DB.6.0.140
2025-07-04 20:13:12,657 [INFO] OpenFileManager:354 - Change cursor
2025-07-04 20:13:12,675 [INFO] Mcu:2011 - Initializing MCU STM32H743VITx STM32H743VITx STM32H743VIT6
2025-07-04 20:13:16,029 [INFO] Context:756 - Trying to add GPIOservice into a context  which must be forbidden
2025-07-04 20:13:17,599 [INFO] ImportTextPane:218 - (OptionalMessage_ERROR) Pin16 (VP_RIF_VS_RIF1) cannot be retrieved for this MCU
2025-07-04 20:13:17,788 [INFO] RtosManager:558 - Registered RTOS mode: class=CMSIS, group=RTOS, mode=CMSIS_V1, owner=FREERTOS
2025-07-04 20:13:17,789 [INFO] RtosManager:558 - Registered RTOS mode: class=CMSIS, group=RTOS2, mode=CMSIS_V2, owner=FREERTOS
2025-07-04 20:13:17,789 [INFO] RtosManager:558 - Registered RTOS mode: class=RTOS, group=Core, mode=CMSIS_V1, owner=FREERTOS
2025-07-04 20:13:17,789 [INFO] RtosManager:558 - Registered RTOS mode: class=RTOS, group=Core, mode=CMSIS_V2, owner=FREERTOS
2025-07-04 20:13:17,789 [WARN] ModelIntegratedComponent:184 - Missing modes for component STMicroelectronics:FreeRTOS:0.0.1:STMicroelectronics:RTOS:FreeRTOS:Core:::10.2.0:
2025-07-04 20:13:17,801 [WARN] ModelIntegratedComponent:63 - No mode defined for component null
2025-07-04 20:13:17,801 [WARN] ModelIntegratedComponent:63 - No mode defined for component null
2025-07-04 20:13:17,801 [WARN] ModelIntegratedComponent:63 - No mode defined for component null
2025-07-04 20:13:17,801 [WARN] ModelIntegratedComponent:63 - No mode defined for component null
2025-07-04 20:13:17,801 [WARN] ModelIntegratedComponent:63 - No mode defined for component null
2025-07-04 20:13:17,801 [WARN] ModelIntegratedComponent:63 - No mode defined for component null
2025-07-04 20:13:17,801 [WARN] ModelIntegratedComponent:63 - No mode defined for component null
2025-07-04 20:13:17,801 [WARN] ModelIntegratedComponent:63 - No mode defined for component null
2025-07-04 20:13:17,801 [WARN] ModelIntegratedComponent:63 - No mode defined for component null
2025-07-04 20:13:17,801 [WARN] ModelIntegratedComponent:63 - No mode defined for component null
2025-07-04 20:13:17,801 [WARN] ModelIntegratedComponent:63 - No mode defined for component null
2025-07-04 20:13:17,801 [WARN] ModelIntegratedComponent:63 - No mode defined for component null
2025-07-04 20:13:17,801 [WARN] ModelIntegratedComponent:63 - No mode defined for component null
2025-07-04 20:13:17,801 [WARN] ModelIntegratedComponent:63 - No mode defined for component null
2025-07-04 20:13:17,801 [WARN] ModelIntegratedComponent:63 - No mode defined for component null
2025-07-04 20:13:17,801 [WARN] ModelIntegratedComponent:63 - No mode defined for component null
2025-07-04 20:13:17,801 [WARN] ModelIntegratedComponent:63 - No mode defined for component null
2025-07-04 20:13:17,801 [WARN] ModelIntegratedComponent:63 - No mode defined for component null
2025-07-04 20:13:17,801 [WARN] ModelIntegratedComponent:63 - No mode defined for component null
2025-07-04 20:13:17,802 [WARN] ModelIntegratedComponent:63 - No mode defined for component null
2025-07-04 20:13:17,802 [WARN] ModelIntegratedComponent:63 - No mode defined for component null
2025-07-04 20:13:17,802 [WARN] ModelIntegratedComponent:63 - No mode defined for component null
2025-07-04 20:13:17,802 [WARN] ModelIntegratedComponent:63 - No mode defined for component null
2025-07-04 20:13:17,802 [WARN] ModelIntegratedComponent:63 - No mode defined for component null
2025-07-04 20:13:17,802 [WARN] ModelIntegratedComponent:63 - No mode defined for component null
2025-07-04 20:13:17,802 [WARN] ModelIntegratedComponent:63 - No mode defined for component null
2025-07-04 20:13:17,802 [WARN] ModelIntegratedComponent:63 - No mode defined for component null
2025-07-04 20:13:17,802 [WARN] ModelIntegratedComponent:63 - No mode defined for component null
2025-07-04 20:13:17,802 [WARN] ModelIntegratedComponent:63 - No mode defined for component null
2025-07-04 20:13:17,802 [WARN] ModelIntegratedComponent:63 - No mode defined for component null
2025-07-04 20:13:17,802 [WARN] ModelIntegratedComponent:63 - No mode defined for component null
2025-07-04 20:13:17,802 [WARN] ModelIntegratedComponent:63 - No mode defined for component null
2025-07-04 20:13:17,802 [WARN] ModelIntegratedComponent:63 - No mode defined for component null
2025-07-04 20:13:17,802 [WARN] ModelIntegratedComponent:63 - No mode defined for component null
2025-07-04 20:13:17,802 [WARN] ModelIntegratedComponent:63 - No mode defined for component null
2025-07-04 20:13:17,802 [WARN] ModelPack:524 - Component already loaded: STMicroelectronics:HAL Drivers:0.0.0:STMicroelectronics:Device:STMicro_Driver:XSPI:HAL::0.0.1:HAL_XSPI
2025-07-04 20:13:17,991 [INFO] ThirdPartyModel:298 - Start build external matchings
2025-07-04 20:13:19,802 [INFO] ThirdPartyModel:316 - End build external matchings
2025-07-04 20:13:19,846 [INFO] ImportTextPane:218 - (OptionalMessage_ERROR) IP (RCC) : Invalid parameter (FamilyName)
2025-07-04 20:13:19,846 [INFO] ImportTextPane:218 - (OptionalMessage_ERROR) IP (RCC) : Parameter (I2C123Freq_Value) has invalid value (120000000)
2025-07-04 20:13:19,846 [INFO] ImportTextPane:218 - (OptionalMessage_ERROR) IP (RCC) : Parameter (I2C4Freq_Value) has invalid value (120000000)
2025-07-04 20:13:19,846 [INFO] ImportTextPane:218 - (OptionalMessage_ERROR) IP (RCC) : Parameter (LPTIM1Freq_Value) has invalid value (120000000)
2025-07-04 20:13:19,846 [INFO] ImportTextPane:218 - (OptionalMessage_ERROR) IP (RCC) : Parameter (LPTIM2Freq_Value) has invalid value (120000000)
2025-07-04 20:13:19,846 [INFO] ImportTextPane:218 - (OptionalMessage_ERROR) IP (RCC) : Parameter (LPTIM345Freq_Value) has invalid value (120000000)
2025-07-04 20:13:19,846 [INFO] ImportTextPane:218 - (OptionalMessage_ERROR) IP (RCC) : Parameter (LPUART1Freq_Value) has invalid value (120000000)
2025-07-04 20:13:19,846 [INFO] ImportTextPane:218 - (OptionalMessage_ERROR) IP (RCC) : Parameter (SPI45Freq_Value) has invalid value (120000000)
2025-07-04 20:13:19,846 [INFO] ImportTextPane:218 - (OptionalMessage_ERROR) IP (RCC) : Parameter (SPI6Freq_Value) has invalid value (120000000)
2025-07-04 20:13:19,846 [INFO] ImportTextPane:218 - (OptionalMessage_ERROR) IP (RCC) : Parameter (SWPMI1Freq_Value) has invalid value (120000000)
2025-07-04 20:13:19,846 [INFO] ImportTextPane:218 - (OptionalMessage_ERROR) IP (RCC) : Parameter (USART16Freq_Value) has invalid value (120000000)
2025-07-04 20:13:19,847 [INFO] ImportTextPane:218 - (OptionalMessage_ERROR) IP (RCC) : Parameter (USART234578Freq_Value) has invalid value (120000000)
2025-07-04 20:13:19,851 [WARN] IP:2250 - DEVICE_SERIAL0_MSC_FS not found: check if there is a RefParameter without a condition.
2025-07-04 20:13:19,852 [WARN] IP:2250 - DEVICE_SERIAL1_MSC_FS not found: check if there is a RefParameter without a condition.
2025-07-04 20:13:19,852 [WARN] IP:2250 - DEVICE_SERIAL2_MSC_FS not found: check if there is a RefParameter without a condition.
2025-07-04 20:13:20,351 [INFO] UtilMem:75 - End LoadConfig() Used Memory: 812863280 Bytes (1073741824)
2025-07-04 20:13:20,436 [WARN] ThirdParty:833 - waiting for thirdparty lock release [change project]
2025-07-04 20:13:20,436 [INFO] ThirdParty:835 - entering critical section [change project]
2025-07-04 20:13:20,436 [INFO] ThirdParty:1030 - CMSIS Pack Vendor :STMicroelectronics X-CUBE-PM33A1 1.0.0
2025-07-04 20:13:20,436 [INFO] ThirdParty:1030 - CMSIS Pack Vendor :STMicroelectronics USBPD 4.1
2025-07-04 20:13:20,436 [INFO] ThirdParty:1030 - CMSIS Pack Vendor :STMicroelectronics X-CUBE-AZRTOS-H7 3.3.0
2025-07-04 20:13:20,436 [INFO] ThirdParty:1030 - CMSIS Pack Vendor :STMicroelectronics X-CUBE-NFC9 1.0.0
2025-07-04 20:13:20,436 [INFO] ThirdParty:1030 - CMSIS Pack Vendor :STMicroelectronics USB_HOST 2.0.0
2025-07-04 20:13:20,436 [INFO] ThirdParty:1030 - CMSIS Pack Vendor :STMicroelectronics FP-SNS-MOTENVWB1 1.4.0
2025-07-04 20:13:20,436 [INFO] ThirdParty:1030 - CMSIS Pack Vendor :STMicroelectronics X-CUBE-AZRTOS-F4 1.1.0
2025-07-04 20:13:20,436 [INFO] ThirdParty:1030 - CMSIS Pack Vendor :STMicroelectronics LIBJPEG 8.0.0
2025-07-04 20:13:20,436 [INFO] ThirdParty:1030 - CMSIS Pack Vendor :STMicroelectronics FP-ATR-ASTRA1 2.0.2
2025-07-04 20:13:20,436 [INFO] ThirdParty:1030 - CMSIS Pack Vendor :STMicroelectronics X-CUBE-BLE1 7.1.0
2025-07-04 20:13:20,436 [INFO] ThirdParty:1030 - CMSIS Pack Vendor :Avnet-IotConnect X-CUBE-IoTC-DA16k-PMOD 1.0.0
2025-07-04 20:13:20,436 [INFO] ThirdParty:1030 - CMSIS Pack Vendor :STMicroelectronics X-CUBE-SMBUS 2.1.0
2025-07-04 20:13:20,436 [INFO] ThirdParty:1030 - CMSIS Pack Vendor :STMicroelectronics X-CUBE-WB05N 1.1.0
2025-07-04 20:13:20,436 [INFO] ThirdParty:1030 - CMSIS Pack Vendor :wolfSSL I-CUBE-wolfMQTT 1.19.2
2025-07-04 20:13:20,436 [INFO] ThirdParty:1030 - CMSIS Pack Vendor :STMicroelectronics USB_DEVICE 3.0.0
2025-07-04 20:13:20,436 [INFO] ThirdParty:1030 - CMSIS Pack Vendor :STMicroelectronics X-CUBE-ISPU 2.1.0
2025-07-04 20:13:20,437 [INFO] ThirdParty:1030 - CMSIS Pack Vendor :STMicroelectronics X-CUBE-AZRTOS-WB 2.0.0
2025-07-04 20:13:20,437 [INFO] ThirdParty:1030 - CMSIS Pack Vendor :STMicroelectronics X-CUBE-ST60 1.0.0
2025-07-04 20:13:20,437 [INFO] ThirdParty:1030 - CMSIS Pack Vendor :STMicroelectronics X-CUBE-GNSS1 7.0.1
2025-07-04 20:13:20,437 [INFO] ThirdParty:1030 - CMSIS Pack Vendor :STMicroelectronics X-CUBE-AZRTOS-F7 1.1.0
2025-07-04 20:13:20,437 [INFO] ThirdParty:1030 - CMSIS Pack Vendor :STMicroelectronics X-CUBE-AZRTOS-L5 2.0.0
2025-07-04 20:13:20,437 [INFO] ThirdParty:1030 - CMSIS Pack Vendor :STMicroelectronics X-CUBE-TOUCHGFX 4.25.0
2025-07-04 20:13:20,437 [INFO] ThirdParty:1030 - CMSIS Pack Vendor :STMicroelectronics USB_DEVICE 2.0.0
2025-07-04 20:13:20,437 [INFO] ThirdParty:1030 - CMSIS Pack Vendor :STMicroelectronics X-CUBE-NFC6 3.1.0
2025-07-04 20:13:20,437 [INFO] ThirdParty:1030 - CMSIS Pack Vendor :STMicroelectronics X-CUBE-AI 10.1.0
2025-07-04 20:13:20,437 [INFO] ThirdParty:1030 - CMSIS Pack Vendor :STMicroelectronics FP-SNS-STBOX1 2.0.0
2025-07-04 20:13:20,437 [INFO] ThirdParty:1030 - CMSIS Pack Vendor :STMicroelectronics X-CUBE-MEMS1 11.2.0
2025-07-04 20:13:20,437 [INFO] ThirdParty:1030 - CMSIS Pack Vendor :STMicroelectronics FreeRTOS 0.0.1
2025-07-04 20:13:20,437 [INFO] ThirdParty:1030 - CMSIS Pack Vendor :STMicroelectronics X-CUBE-AZRTOS-G0 1.1.0
2025-07-04 20:13:20,437 [INFO] ThirdParty:1030 - CMSIS Pack Vendor :STMicroelectronics X-CUBE-SAFEA1 1.2.2
2025-07-04 20:13:20,437 [INFO] ThirdParty:1030 - CMSIS Pack Vendor :STMicroelectronics X-CUBE-NFC4 3.0.0
2025-07-04 20:13:20,437 [INFO] ThirdParty:1030 - CMSIS Pack Vendor :STMicroelectronics X-CUBE-DPower 1.2.0
2025-07-04 20:13:20,437 [INFO] ThirdParty:1030 - CMSIS Pack Vendor :STMicroelectronics X-CUBE-SUBG2 5.0.0
2025-07-04 20:13:20,437 [INFO] ThirdParty:1030 - CMSIS Pack Vendor :STMicroelectronics X-CUBE-AZRTOS-H7RS 1.1.0
2025-07-04 20:13:20,437 [INFO] ThirdParty:1030 - CMSIS Pack Vendor :STMicroelectronics STM32_WPAN 1.0.0
2025-07-04 20:13:20,437 [INFO] ThirdParty:1030 - CMSIS Pack Vendor :EmbeddedOffice I-CUBE-FS-RTOS 1.0.1
2025-07-04 20:13:20,437 [INFO] ThirdParty:1030 - CMSIS Pack Vendor :STMicroelectronics lwIP 2.0.3
2025-07-04 20:13:20,437 [INFO] ThirdParty:1030 - CMSIS Pack Vendor :STMicroelectronics FP-SNS-FLIGHT1 5.0.2
2025-07-04 20:13:20,437 [INFO] ThirdParty:1030 - CMSIS Pack Vendor :Cesanta I-CUBE-Mongoose 7.13.0
2025-07-04 20:13:20,437 [INFO] ThirdParty:1030 - CMSIS Pack Vendor :STMicroelectronics USB_HOST 1.0.0
2025-07-04 20:13:20,437 [INFO] ThirdParty:1030 - CMSIS Pack Vendor :Infineon AIROC-Wi-Fi-Bluetooth-STM32 1.7.0
2025-07-04 20:13:20,438 [INFO] ThirdParty:1030 - CMSIS Pack Vendor :STMicroelectronics X-CUBE-AZRTOS-G4 2.0.0
2025-07-04 20:13:20,438 [INFO] ThirdParty:1030 - CMSIS Pack Vendor :STMicroelectronics X-CUBE-WB05N 2.0.0
2025-07-04 20:13:20,438 [INFO] ThirdParty:1030 - CMSIS Pack Vendor :STMicroelectronics PDM2PCM 3.1.0
2025-07-04 20:13:20,438 [INFO] ThirdParty:1030 - CMSIS Pack Vendor :STMicroelectronics PDM2PCM 3.3.0
2025-07-04 20:13:20,438 [INFO] ThirdParty:1030 - CMSIS Pack Vendor :wolfSSL I-CUBE-wolfTPM 3.8.0
2025-07-04 20:13:20,438 [INFO] ThirdParty:1030 - CMSIS Pack Vendor :STMicroelectronics X-CUBE-DISPLAY 3.0.0
2025-07-04 20:13:20,438 [INFO] ThirdParty:1030 - CMSIS Pack Vendor :wolfSSL I-CUBE-wolfSSH 1.4.20
2025-07-04 20:13:20,438 [INFO] ThirdParty:1030 - CMSIS Pack Vendor :STMicroelectronics X-CUBE-NFC7 2.0.0
2025-07-04 20:13:20,438 [INFO] ThirdParty:1030 - CMSIS Pack Vendor :STMicroelectronics X-CUBE-TCPP 4.2.0
2025-07-04 20:13:20,438 [INFO] ThirdParty:1030 - CMSIS Pack Vendor :RealThread X-CUBE-RT-Thread_Nano 4.1.1
2025-07-04 20:13:20,438 [INFO] ThirdParty:1030 - CMSIS Pack Vendor :STMicroelectronics FP-ATR-SIGFOX1 3.2.0
2025-07-04 20:13:20,438 [INFO] ThirdParty:1030 - CMSIS Pack Vendor :STMicroelectronics X-CUBE-NFC10 1.0.0
2025-07-04 20:13:20,438 [INFO] ThirdParty:1030 - CMSIS Pack Vendor :STMicroelectronics X-CUBE-BLEMGR 4.0.0
2025-07-04 20:13:20,438 [INFO] ThirdParty:1030 - CMSIS Pack Vendor :STMicroelectronics X-CUBE-EEPRMA1 5.1.0
2025-07-04 20:13:20,438 [INFO] ThirdParty:1030 - CMSIS Pack Vendor :STMicroelectronics X-CUBE-FREERTOS 1.3.1
2025-07-04 20:13:20,438 [INFO] ThirdParty:1030 - CMSIS Pack Vendor :STMicroelectronics HAL Drivers 0.0.0
2025-07-04 20:13:20,438 [INFO] ThirdParty:1030 - CMSIS Pack Vendor :STMicroelectronics MBEDTLS 2.16.2
2025-07-04 20:13:20,438 [INFO] ThirdParty:1030 - CMSIS Pack Vendor :STMicroelectronics X-CUBE-IPS 3.1.0
2025-07-04 20:13:20,439 [INFO] ThirdParty:1030 - CMSIS Pack Vendor :STMicroelectronics X-CUBE-ALS 1.0.2
2025-07-04 20:13:20,439 [INFO] ThirdParty:1030 - CMSIS Pack Vendor :emotas I-CUBE-CANOPEN 1.3.0
2025-07-04 20:13:20,439 [INFO] ThirdParty:1030 - CMSIS Pack Vendor :STMicroelectronics X-CUBE-FREERTOS 1.3.0
2025-07-04 20:13:20,439 [INFO] ThirdParty:1030 - CMSIS Pack Vendor :STMicroelectronics X-CUBE-NFC7 1.0.1
2025-07-04 20:13:20,439 [INFO] ThirdParty:1030 - CMSIS Pack Vendor :STMicroelectronics MBEDTLS 2.14.1
2025-07-04 20:13:20,439 [INFO] ThirdParty:1030 - CMSIS Pack Vendor :wolfSSL I-CUBE-wolfSSL 5.7.6
2025-07-04 20:13:20,439 [INFO] ThirdParty:1030 - CMSIS Pack Vendor :ITTIA_DB I-CUBE-ITTIADB 8.9.0
2025-07-04 20:13:20,439 [INFO] ThirdParty:1030 - CMSIS Pack Vendor :STMicroelectronics X-CUBE-TOUCHGFX 4.24.2
2025-07-04 20:13:20,439 [INFO] ThirdParty:1030 - CMSIS Pack Vendor :portGmbH I-Cube-SoM-uGOAL 1.1.0
2025-07-04 20:13:20,439 [INFO] ThirdParty:1030 - CMSIS Pack Vendor :quantropi X-CUBE-qispace-sdk-base 2.0.0
2025-07-04 20:13:20,439 [INFO] ThirdParty:1030 - CMSIS Pack Vendor :STMicroelectronics X-CUBE-AI 10.0.0
2025-07-04 20:13:20,439 [INFO] ThirdParty:1030 - CMSIS Pack Vendor :STMicroelectronics X-CUBE-ST67W61 1.0.0
2025-07-04 20:13:20,439 [INFO] ThirdParty:1030 - CMSIS Pack Vendor :STMicroelectronics FP-SNS-STAIOTCFT 1.0.0
2025-07-04 20:13:20,439 [INFO] ThirdParty:1030 - CMSIS Pack Vendor :STMicroelectronics ThreadX 1.0.0
2025-07-04 20:13:20,439 [INFO] ThirdParty:1030 - CMSIS Pack Vendor :STMicroelectronics FP-SNS-SMARTAG2 1.2.0
2025-07-04 20:13:20,439 [INFO] ThirdParty:1030 - CMSIS Pack Vendor :STMicroelectronics FP-SNS-FLIGHT1 5.1.0
2025-07-04 20:13:20,439 [INFO] ThirdParty:1030 - CMSIS Pack Vendor :STMicroelectronics X-CUBE-MEMS1 11.1.0
2025-07-04 20:13:20,439 [INFO] ThirdParty:1030 - CMSIS Pack Vendor :STMicroelectronics X-CUBE-AZRTOS-WL 2.0.0
2025-07-04 20:13:20,439 [INFO] ThirdParty:1030 - CMSIS Pack Vendor :SEGGER I-CUBE-embOS 1.3.1
2025-07-04 20:13:20,439 [INFO] ThirdParty:1030 - CMSIS Pack Vendor :STMicroelectronics X-CUBE-ALGOBUILD 1.4.0
2025-07-04 20:13:20,439 [INFO] ThirdParty:1030 - CMSIS Pack Vendor :STMicroelectronics X-CUBE-DPower 1.3.0
2025-07-04 20:13:20,439 [INFO] ThirdParty:1030 - CMSIS Pack Vendor :STMicroelectronics X-CUBE-MEMS1 11.3.0
2025-07-04 20:13:20,439 [INFO] ThirdParty:1030 - CMSIS Pack Vendor :STMicroelectronics FP-SNS-MOTENV1 5.0.0
2025-07-04 20:13:20,439 [INFO] ThirdParty:1030 - CMSIS Pack Vendor :STMicroelectronics USB_DEVICE 1.0.0
2025-07-04 20:13:20,440 [INFO] ThirdParty:1030 - CMSIS Pack Vendor :STMicroelectronics X-CUBE-AZRTOS-H7RS 1.0.0
2025-07-04 20:13:20,440 [INFO] ThirdParty:1030 - CMSIS Pack Vendor :STMicroelectronics X-CUBE-AZRTOS-L4 2.0.0
2025-07-04 20:13:20,440 [INFO] ThirdParty:1030 - CMSIS Pack Vendor :STMicroelectronics ThreadX 0.0.2
2025-07-04 20:13:20,440 [INFO] ThirdParty:1030 - CMSIS Pack Vendor :WES I-CUBE-Cesium 1.3.0
2025-07-04 20:13:20,440 [INFO] ThirdParty:1030 - CMSIS Pack Vendor :STMicroelectronics lwIP 2.1.2
2025-07-04 20:13:20,440 [INFO] ThirdParty:1030 - CMSIS Pack Vendor :STMicroelectronics X-CUBE-SFXS2LP1 4.0.0
2025-07-04 20:13:20,440 [INFO] ThirdParty:1030 - CMSIS Pack Vendor :STMicroelectronics X-CUBE-BLE2 3.3.0
2025-07-04 20:13:20,440 [INFO] ThirdParty:1030 - CMSIS Pack Vendor :STMicroelectronics X-CUBE-TOF1 3.4.2
2025-07-04 20:13:20,440 [INFO] ThirdParty:1030 - CMSIS Pack Vendor :STMicroelectronics X-CUBE-TOF1 3.4.3
2025-07-04 20:13:20,440 [INFO] ThirdParty:1030 - CMSIS Pack Vendor :STMicroelectronics PDM2PCM 3.2.0
2025-07-04 20:13:20,441 [INFO] ThirdParty:841 - exiting critical section [change project]
2025-07-04 20:13:21,181 [INFO] PinOutPanel:1589 - setPackage(No Configuration,No Configuration)
2025-07-04 20:13:21,182 [INFO] PinOutPanel:1589 - setPackage(STM32H743VITx,LQFP100)
2025-07-04 20:13:22,002 [INFO] UtilMem:75 - Before build in PCC Used Memory: 973920232 Bytes (1073741824)
2025-07-04 20:13:22,563 [INFO] UtilMem:75 - After build in PCC Used Memory: 853333992 Bytes (1073741824)
2025-07-04 20:13:22,588 [INFO] ApiDbMcu:508 - Load IP Config File for USB_DEVICE
2025-07-04 20:13:22,675 [INFO] IPUIPlugin:80 - create IPUIPlugin
2025-07-04 20:13:22,675 [INFO] IPUIPlugin:80 - create IPUIPlugin
2025-07-04 20:13:22,703 [INFO] IPUIPlugin:80 - create IPUIPlugin
2025-07-04 20:13:22,703 [INFO] IPUIPlugin:80 - create IPUIPlugin
2025-07-04 20:13:22,704 [INFO] IPUIPlugin:80 - create IPUIPlugin
2025-07-04 20:13:22,704 [INFO] IPUIPlugin:80 - create IPUIPlugin
2025-07-04 20:13:22,705 [INFO] IPUIPlugin:80 - create IPUIPlugin
2025-07-04 20:13:22,706 [INFO] IPUIPlugin:80 - create IPUIPlugin
2025-07-04 20:13:22,706 [INFO] IPUIPlugin:80 - create IPUIPlugin
2025-07-04 20:13:22,706 [INFO] IPUIPlugin:80 - create IPUIPlugin
2025-07-04 20:13:22,706 [INFO] IPUIPlugin:80 - create IPUIPlugin
2025-07-04 20:13:22,707 [INFO] IPUIPlugin:80 - create IPUIPlugin
2025-07-04 20:13:22,707 [INFO] IPUIPlugin:80 - create IPUIPlugin
2025-07-04 20:13:22,707 [INFO] IPUIPlugin:80 - create IPUIPlugin
2025-07-04 20:13:22,717 [INFO] IPUIPlugin:80 - create IPUIPlugin
2025-07-04 20:13:22,717 [INFO] IPUIPlugin:80 - create IPUIPlugin
2025-07-04 20:13:22,718 [INFO] IPUIPlugin:80 - create IPUIPlugin
2025-07-04 20:13:22,719 [INFO] IPUIPlugin:80 - create IPUIPlugin
2025-07-04 20:13:22,723 [INFO] IPUIPlugin:80 - create IPUIPlugin
2025-07-04 20:13:22,723 [INFO] IPUIPlugin:80 - create IPUIPlugin
2025-07-04 20:13:22,723 [INFO] IPUIPlugin:80 - create IPUIPlugin
2025-07-04 20:13:22,724 [INFO] IPUIPlugin:80 - create IPUIPlugin
2025-07-04 20:13:22,724 [INFO] IPUIPlugin:80 - create IPUIPlugin
2025-07-04 20:13:22,724 [INFO] IPUIPlugin:80 - create IPUIPlugin
2025-07-04 20:13:22,724 [INFO] IPUIPlugin:80 - create IPUIPlugin
2025-07-04 20:13:22,726 [INFO] IPUIPlugin:80 - create IPUIPlugin
2025-07-04 20:13:22,726 [INFO] IPUIPlugin:80 - create IPUIPlugin
2025-07-04 20:13:22,726 [INFO] IPUIPlugin:80 - create IPUIPlugin
2025-07-04 20:13:22,726 [INFO] IPUIPlugin:80 - create IPUIPlugin
2025-07-04 20:13:22,727 [INFO] IPUIPlugin:80 - create IPUIPlugin
2025-07-04 20:13:22,727 [INFO] IPUIPlugin:80 - create IPUIPlugin
2025-07-04 20:13:22,728 [INFO] IPUIPlugin:80 - create IPUIPlugin
2025-07-04 20:13:22,728 [INFO] IPUIPlugin:80 - create IPUIPlugin
2025-07-04 20:13:22,728 [INFO] IPUIPlugin:80 - create IPUIPlugin
2025-07-04 20:13:22,730 [INFO] IPUIPlugin:80 - create IPUIPlugin
2025-07-04 20:13:22,730 [INFO] IPUIPlugin:80 - create IPUIPlugin
2025-07-04 20:13:22,731 [INFO] IPUIPlugin:80 - create IPUIPlugin
2025-07-04 20:13:22,742 [INFO] IPUIPlugin:80 - create IPUIPlugin
2025-07-04 20:13:22,743 [INFO] IPUIPlugin:80 - create IPUIPlugin
2025-07-04 20:13:22,743 [INFO] IPUIPlugin:80 - create IPUIPlugin
2025-07-04 20:13:22,744 [INFO] IPUIPlugin:80 - create IPUIPlugin
2025-07-04 20:13:22,744 [INFO] IPUIPlugin:80 - create IPUIPlugin
2025-07-04 20:13:22,744 [INFO] IPUIPlugin:80 - create IPUIPlugin
2025-07-04 20:13:22,745 [INFO] IPUIPlugin:80 - create IPUIPlugin
2025-07-04 20:13:22,746 [INFO] IPUIPlugin:80 - create IPUIPlugin
2025-07-04 20:13:22,746 [INFO] IPUIPlugin:80 - create IPUIPlugin
2025-07-04 20:13:22,747 [INFO] IPUIPlugin:80 - create IPUIPlugin
2025-07-04 20:13:22,747 [INFO] IPUIPlugin:80 - create IPUIPlugin
2025-07-04 20:13:22,748 [INFO] IPUIPlugin:80 - create IPUIPlugin
2025-07-04 20:13:22,748 [INFO] IPUIPlugin:80 - create IPUIPlugin
2025-07-04 20:13:22,748 [INFO] IPUIPlugin:80 - create IPUIPlugin
2025-07-04 20:13:22,749 [INFO] IPUIPlugin:80 - create IPUIPlugin
2025-07-04 20:13:22,749 [INFO] IPUIPlugin:80 - create IPUIPlugin
2025-07-04 20:13:22,750 [INFO] IPUIPlugin:80 - create IPUIPlugin
2025-07-04 20:13:22,751 [INFO] IPUIPlugin:80 - create IPUIPlugin
2025-07-04 20:13:22,754 [INFO] IPUIPlugin:80 - create IPUIPlugin
2025-07-04 20:13:22,754 [INFO] IPUIPlugin:80 - create IPUIPlugin
2025-07-04 20:13:22,761 [INFO] IPUIPlugin:80 - create IPUIPlugin
2025-07-04 20:13:22,761 [INFO] IPUIPlugin:80 - create IPUIPlugin
2025-07-04 20:13:22,762 [INFO] IPUIPlugin:80 - create IPUIPlugin
2025-07-04 20:13:22,762 [INFO] IPUIPlugin:80 - create IPUIPlugin
2025-07-04 20:13:22,763 [INFO] IPUIPlugin:80 - create IPUIPlugin
2025-07-04 20:13:22,763 [INFO] IPUIPlugin:80 - create IPUIPlugin
2025-07-04 20:13:22,764 [INFO] IPUIPlugin:80 - create IPUIPlugin
2025-07-04 20:13:22,764 [INFO] IPUIPlugin:80 - create IPUIPlugin
2025-07-04 20:13:22,764 [INFO] IPUIPlugin:80 - create IPUIPlugin
2025-07-04 20:13:22,765 [INFO] IPUIPlugin:80 - create IPUIPlugin
2025-07-04 20:13:22,767 [INFO] IPUIPlugin:80 - create IPUIPlugin
2025-07-04 20:13:22,768 [INFO] IPUIPlugin:80 - create IPUIPlugin
2025-07-04 20:13:22,769 [INFO] IPUIPlugin:80 - create IPUIPlugin
2025-07-04 20:13:22,769 [INFO] IPUIPlugin:80 - create IPUIPlugin
2025-07-04 20:13:22,770 [INFO] IPUIPlugin:80 - create IPUIPlugin
2025-07-04 20:13:22,770 [INFO] IPUIPlugin:80 - create IPUIPlugin
2025-07-04 20:13:22,771 [INFO] IPUIPlugin:80 - create IPUIPlugin
2025-07-04 20:13:22,771 [INFO] IPUIPlugin:80 - create IPUIPlugin
2025-07-04 20:13:22,772 [INFO] IPUIPlugin:80 - create IPUIPlugin
2025-07-04 20:13:22,772 [INFO] IPUIPlugin:80 - create IPUIPlugin
2025-07-04 20:13:22,773 [INFO] IPUIPlugin:80 - create IPUIPlugin
2025-07-04 20:13:22,774 [INFO] IPUIPlugin:80 - create IPUIPlugin
2025-07-04 20:13:22,774 [INFO] IPUIPlugin:80 - create IPUIPlugin
2025-07-04 20:13:22,776 [INFO] IPUIPlugin:80 - create IPUIPlugin
2025-07-04 20:13:22,776 [INFO] IPUIPlugin:80 - create IPUIPlugin
2025-07-04 20:13:22,829 [INFO] IPUIPlugin:80 - create IPUIPlugin
2025-07-04 20:13:22,830 [INFO] IPUIPlugin:80 - create IPUIPlugin
2025-07-04 20:13:22,830 [INFO] IPUIPlugin:80 - create IPUIPlugin
2025-07-04 20:13:22,831 [INFO] IPUIPlugin:80 - create IPUIPlugin
2025-07-04 20:13:22,832 [INFO] IPUIPlugin:80 - create IPUIPlugin
2025-07-04 20:13:22,832 [INFO] IPUIPlugin:80 - create IPUIPlugin
2025-07-04 20:13:22,833 [INFO] IPUIPlugin:80 - create IPUIPlugin
2025-07-04 20:13:22,834 [INFO] IPUIPlugin:80 - create IPUIPlugin
2025-07-04 20:13:22,835 [INFO] IPUIPlugin:80 - create IPUIPlugin
2025-07-04 20:13:22,835 [INFO] IPUIPlugin:80 - create IPUIPlugin
2025-07-04 20:13:22,837 [INFO] IPUIPlugin:80 - create IPUIPlugin
2025-07-04 20:13:22,839 [INFO] IPUIPlugin:80 - create IPUIPlugin
2025-07-04 20:13:22,848 [INFO] IPUIPlugin:80 - create IPUIPlugin
2025-07-04 20:13:22,849 [INFO] IPUIPlugin:80 - create IPUIPlugin
2025-07-04 20:13:22,851 [INFO] IPUIPlugin:80 - create IPUIPlugin
2025-07-04 20:13:22,857 [INFO] ApiDbMcu:508 - Load IP Config File for PDM2PCM
2025-07-04 20:13:22,983 [INFO] CADModel:165 - CPN selected for project levelSTM32H743VIT6
2025-07-04 20:13:22,983 [INFO] CADModel:114 - Register for checkConnection events
2025-07-04 20:13:23,023 [INFO] OpenFileManager:385 - Restore cursor
2025-07-04 20:13:23,304 [WARN] IP:2250 - DEVICE_SERIAL0_MSC_FS not found: check if there is a RefParameter without a condition.
2025-07-04 20:13:23,304 [WARN] IP:2250 - DEVICE_SERIAL1_MSC_FS not found: check if there is a RefParameter without a condition.
2025-07-04 20:13:23,304 [WARN] IP:2250 - DEVICE_SERIAL2_MSC_FS not found: check if there is a RefParameter without a condition.
2025-07-04 20:13:23,305 [WARN] IP:2250 - DEVICE_SERIAL0_MSC_FS not found: check if there is a RefParameter without a condition.
2025-07-04 20:13:23,305 [WARN] IP:2250 - DEVICE_SERIAL1_MSC_FS not found: check if there is a RefParameter without a condition.
2025-07-04 20:13:23,305 [WARN] IP:2250 - DEVICE_SERIAL2_MSC_FS not found: check if there is a RefParameter without a condition.
2025-07-04 20:13:57,118 [INFO] MainUpdater:2872 - connection check result : 10
2025-07-04 20:13:57,118 [INFO] MainUpdater:2872 - connection check result : 10
2025-07-04 20:13:57,184 [INFO] MicroXplorer:468 - Change Database Path : 
2025-07-04 20:13:57,184 [INFO] MicroXplorer:498 - Change Database Version : DB.6.0.140
2025-07-04 20:13:57,195 [ERROR] ProjectManagerView:394 - 
java.lang.NullPointerException: Cannot invoke "javax.swing.JTextField.getText()" because the return value of "java.util.List.get(int)" is null
	at com.st.microxplorer.plugins.projectmanager.gui.ProjectChoiceTab$9.caretUpdate(ProjectChoiceTab.java:2678) ~[filemanager.jar:?]
	at javax.swing.text.JTextComponent.fireCaretUpdate(JTextComponent.java:408) ~[?:?]
	at javax.swing.text.JTextComponent$MutableCaretEvent.fire(JTextComponent.java:4484) ~[?:?]
	at javax.swing.text.JTextComponent$MutableCaretEvent.stateChanged(JTextComponent.java:4506) ~[?:?]
	at javax.swing.text.DefaultCaret.fireStateChanged(DefaultCaret.java:857) ~[?:?]
	at javax.swing.text.DefaultCaret.changeCaretPosition(DefaultCaret.java:1343) ~[?:?]
	at javax.swing.text.DefaultCaret.handleSetDot(DefaultCaret.java:1242) ~[?:?]
	at javax.swing.text.DefaultCaret.setDot(DefaultCaret.java:1223) ~[?:?]
	at javax.swing.text.DefaultCaret$Handler.insertUpdate(DefaultCaret.java:1819) ~[?:?]
	at javax.swing.text.AbstractDocument.fireInsertUpdate(AbstractDocument.java:227) ~[?:?]
	at javax.swing.text.AbstractDocument.handleInsertString(AbstractDocument.java:781) ~[?:?]
	at javax.swing.text.AbstractDocument.insertString(AbstractDocument.java:740) ~[?:?]
	at javax.swing.text.PlainDocument.insertString(PlainDocument.java:131) ~[?:?]
	at javax.swing.text.AbstractDocument.replace(AbstractDocument.java:699) ~[?:?]
	at javax.swing.text.JTextComponent.setText(JTextComponent.java:1725) ~[?:?]
	at com.st.microxplorer.plugins.projectmanager.gui.ProjectChoiceTab.createHeapStackFields(ProjectChoiceTab.java:979) ~[filemanager.jar:?]
	at com.st.microxplorer.plugins.projectmanager.gui.ProjectChoiceTab.buildLinkSettingsPanel(ProjectChoiceTab.java:3766) ~[filemanager.jar:?]
	at com.st.microxplorer.plugins.projectmanager.gui.ProjectChoiceTab.defineWindowsFields(ProjectChoiceTab.java:1962) ~[filemanager.jar:?]
	at com.st.microxplorer.plugins.projectmanager.gui.ProjectChoiceTab.updateSettings(ProjectChoiceTab.java:555) ~[filemanager.jar:?]
	at com.st.microxplorer.plugins.projectmanager.gui.ProjectSettingsPanel.UpdateDialog(ProjectSettingsPanel.java:245) ~[filemanager.jar:?]
	at com.st.microxplorer.plugins.projectmanager.ProjectManagerView.propertyChange(ProjectManagerView.java:391) ~[filemanager.jar:?]
	at java.beans.PropertyChangeSupport.fire(PropertyChangeSupport.java:343) ~[?:?]
	at java.beans.PropertyChangeSupport.firePropertyChange(PropertyChangeSupport.java:335) ~[?:?]
	at java.beans.PropertyChangeSupport.firePropertyChange(PropertyChangeSupport.java:268) ~[?:?]
	at com.st.microxplorer.util.MXPropertyChangeSupport.firePropertyChange(MXPropertyChangeSupport.java:54) ~[STM32CubeMX.jar:?]
	at com.st.microxplorer.mxsystem.MxSystem.closeConfig(MxSystem.java:899) ~[STM32CubeMX.jar:?]
	at com.st.microxplorer.maingui.MainPanel.closeConfig(MainPanel.java:789) ~[STM32CubeMX.jar:?]
	at com.st.microxplorer.plugins.filemanager.engine.OpenFileManager.loadConfigurationFile(OpenFileManager.java:287) ~[filemanager.jar:?]
	at com.st.microxplorer.plugins.filemanager.engine.MainFileManager.userLoadConfig(MainFileManager.java:341) ~[filemanager.jar:?]
	at com.st.microxplorer.plugins.filemanager.engine.MainFileManager.userLoadConfig(MainFileManager.java:319) ~[filemanager.jar:?]
	at com.st.microxplorer.plugins.filemanager.FileManagerView.getSpecificTask(FileManagerView.java:246) ~[filemanager.jar:?]
	at com.st.stm32cube.common.mx.editor.CubeMxEditor.getMxTabbedPaneInstance(CubeMxEditor.java:1198) ~[com.st.stm32cube.common.mx_6.14.0.202502271554/:?]
	at com.st.stm32cube.common.mx.editor.CubeMxEditor$12$1.createSwingComponent(CubeMxEditor.java:1068) ~[com.st.stm32cube.common.mx_6.14.0.202502271554/:?]
	at com.st.stm32cube.common.mx.oss.core.awtswtbridge.EmbeddedSwingComposite.doComponentCreation(EmbeddedSwingComposite.java:492) ~[com.st.stm32cube.common.mx.oss_6.14.0.202502271554/:?]
	at com.st.stm32cube.common.mx.oss.core.awtswtbridge.EmbeddedSwingComposite$4.run(EmbeddedSwingComposite.java:291) ~[com.st.stm32cube.common.mx.oss_6.14.0.202502271554/:?]
	at com.st.stm32cube.common.mx.oss.core.awtswtbridge.AwtEnvironment$2.run(AwtEnvironment.java:166) ~[com.st.stm32cube.common.mx.oss_6.14.0.202502271554/:?]
	at java.awt.event.InvocationEvent.dispatch(InvocationEvent.java:318) ~[?:?]
	at java.awt.EventQueue.dispatchEventImpl(EventQueue.java:773) ~[?:?]
	at java.awt.EventQueue$4.run(EventQueue.java:720) ~[?:?]
	at java.awt.EventQueue$4.run(EventQueue.java:714) ~[?:?]
	at java.security.AccessController.doPrivileged(AccessController.java:400) ~[?:?]
	at java.security.ProtectionDomain$JavaSecurityAccessImpl.doIntersectionPrivilege(ProtectionDomain.java:87) ~[?:?]
	at java.awt.EventQueue.dispatchEvent(EventQueue.java:742) ~[?:?]
	at java.awt.EventDispatchThread.pumpOneEventForFilters(EventDispatchThread.java:203) ~[?:?]
	at java.awt.EventDispatchThread.pumpEventsForFilter(EventDispatchThread.java:124) ~[?:?]
	at java.awt.EventDispatchThread.pumpEventsForHierarchy(EventDispatchThread.java:113) ~[?:?]
	at java.awt.EventDispatchThread.pumpEvents(EventDispatchThread.java:109) ~[?:?]
	at java.awt.EventDispatchThread.pumpEvents(EventDispatchThread.java:101) ~[?:?]
	at java.awt.EventDispatchThread.run(EventDispatchThread.java:90) ~[?:?]
2025-07-04 20:13:57,196 [WARN] ThirdParty:871 - waiting for thirdparty lock release [close project]
2025-07-04 20:13:57,196 [INFO] ThirdParty:873 - entering critical section [close project]
2025-07-04 20:13:57,197 [INFO] ThirdParty:883 - exiting critical section [close project]
2025-07-04 20:13:57,199 [INFO] PinOutPanel:1589 - setPackage(No Configuration,No Configuration)
2025-07-04 20:13:57,205 [WARN] IpParametersView:155 - Warning: This peripheral hasn't parameters
2025-07-04 20:13:57,211 [WARN] MainPanel:289 - <html><b><center>Warning: This peripheral has no parameters to be configured<br></b></html>
2025-07-04 20:13:57,216 [INFO] UtilMem:75 - Begin LoadConfig() Used Memory: 961183120 Bytes (1073741824)
2025-07-04 20:13:57,217 [INFO] MicroXplorer:468 - Change Database Path : 
2025-07-04 20:13:57,217 [INFO] MicroXplorer:498 - Change Database Version : DB.6.0.140
2025-07-04 20:13:57,217 [INFO] OpenFileManager:354 - Change cursor
2025-07-04 20:13:57,227 [INFO] Mcu:2011 - Initializing MCU STM32H743VITx STM32H743VITx STM32H743VIT6
2025-07-04 20:14:00,813 [INFO] Context:756 - Trying to add GPIOservice into a context  which must be forbidden
2025-07-04 20:14:02,642 [INFO] ImportTextPane:218 - (OptionalMessage_ERROR) Pin39 (VP_RIF_VS_RIF1) cannot be retrieved for this MCU
2025-07-04 20:14:02,839 [INFO] RtosManager:558 - Registered RTOS mode: class=CMSIS, group=RTOS, mode=CMSIS_V1, owner=FREERTOS
2025-07-04 20:14:02,839 [INFO] RtosManager:558 - Registered RTOS mode: class=CMSIS, group=RTOS2, mode=CMSIS_V2, owner=FREERTOS
2025-07-04 20:14:02,839 [INFO] RtosManager:558 - Registered RTOS mode: class=RTOS, group=Core, mode=CMSIS_V1, owner=FREERTOS
2025-07-04 20:14:02,839 [INFO] RtosManager:558 - Registered RTOS mode: class=RTOS, group=Core, mode=CMSIS_V2, owner=FREERTOS
2025-07-04 20:14:02,839 [WARN] ModelIntegratedComponent:184 - Missing modes for component STMicroelectronics:FreeRTOS:0.0.1:STMicroelectronics:RTOS:FreeRTOS:Core:::10.2.0:
2025-07-04 20:14:02,850 [WARN] ModelIntegratedComponent:63 - No mode defined for component null
2025-07-04 20:14:02,850 [WARN] ModelIntegratedComponent:63 - No mode defined for component null
2025-07-04 20:14:02,850 [WARN] ModelIntegratedComponent:63 - No mode defined for component null
2025-07-04 20:14:02,850 [WARN] ModelIntegratedComponent:63 - No mode defined for component null
2025-07-04 20:14:02,850 [WARN] ModelIntegratedComponent:63 - No mode defined for component null
2025-07-04 20:14:02,850 [WARN] ModelIntegratedComponent:63 - No mode defined for component null
2025-07-04 20:14:02,850 [WARN] ModelIntegratedComponent:63 - No mode defined for component null
2025-07-04 20:14:02,850 [WARN] ModelIntegratedComponent:63 - No mode defined for component null
2025-07-04 20:14:02,850 [WARN] ModelIntegratedComponent:63 - No mode defined for component null
2025-07-04 20:14:02,850 [WARN] ModelIntegratedComponent:63 - No mode defined for component null
2025-07-04 20:14:02,850 [WARN] ModelIntegratedComponent:63 - No mode defined for component null
2025-07-04 20:14:02,850 [WARN] ModelIntegratedComponent:63 - No mode defined for component null
2025-07-04 20:14:02,850 [WARN] ModelIntegratedComponent:63 - No mode defined for component null
2025-07-04 20:14:02,850 [WARN] ModelIntegratedComponent:63 - No mode defined for component null
2025-07-04 20:14:02,850 [WARN] ModelIntegratedComponent:63 - No mode defined for component null
2025-07-04 20:14:02,851 [WARN] ModelIntegratedComponent:63 - No mode defined for component null
2025-07-04 20:14:02,851 [WARN] ModelIntegratedComponent:63 - No mode defined for component null
2025-07-04 20:14:02,851 [WARN] ModelIntegratedComponent:63 - No mode defined for component null
2025-07-04 20:14:02,851 [WARN] ModelIntegratedComponent:63 - No mode defined for component null
2025-07-04 20:14:02,851 [WARN] ModelIntegratedComponent:63 - No mode defined for component null
2025-07-04 20:14:02,851 [WARN] ModelIntegratedComponent:63 - No mode defined for component null
2025-07-04 20:14:02,851 [WARN] ModelIntegratedComponent:63 - No mode defined for component null
2025-07-04 20:14:02,851 [WARN] ModelIntegratedComponent:63 - No mode defined for component null
2025-07-04 20:14:02,851 [WARN] ModelIntegratedComponent:63 - No mode defined for component null
2025-07-04 20:14:02,851 [WARN] ModelIntegratedComponent:63 - No mode defined for component null
2025-07-04 20:14:02,851 [WARN] ModelIntegratedComponent:63 - No mode defined for component null
2025-07-04 20:14:02,851 [WARN] ModelIntegratedComponent:63 - No mode defined for component null
2025-07-04 20:14:02,851 [WARN] ModelIntegratedComponent:63 - No mode defined for component null
2025-07-04 20:14:02,851 [WARN] ModelIntegratedComponent:63 - No mode defined for component null
2025-07-04 20:14:02,851 [WARN] ModelIntegratedComponent:63 - No mode defined for component null
2025-07-04 20:14:02,851 [WARN] ModelIntegratedComponent:63 - No mode defined for component null
2025-07-04 20:14:02,851 [WARN] ModelIntegratedComponent:63 - No mode defined for component null
2025-07-04 20:14:02,851 [WARN] ModelIntegratedComponent:63 - No mode defined for component null
2025-07-04 20:14:02,851 [WARN] ModelIntegratedComponent:63 - No mode defined for component null
2025-07-04 20:14:02,851 [WARN] ModelIntegratedComponent:63 - No mode defined for component null
2025-07-04 20:14:02,851 [WARN] ModelPack:524 - Component already loaded: STMicroelectronics:HAL Drivers:0.0.0:STMicroelectronics:Device:STMicro_Driver:XSPI:HAL::0.0.1:HAL_XSPI
2025-07-04 20:14:03,056 [INFO] ThirdPartyModel:298 - Start build external matchings
2025-07-04 20:14:04,865 [INFO] ThirdPartyModel:316 - End build external matchings
2025-07-04 20:14:04,900 [INFO] RtosManager:967 - Current active RTOS is FREERTOS [Cortex-M7NS]
2025-07-04 20:14:04,905 [INFO] ImportTextPane:218 - (OptionalMessage_ERROR) IP (DMA) : Parameter (Instance) has Id (TIM3_CH1) currently not set
2025-07-04 20:14:04,905 [INFO] ImportTextPane:218 - (OptionalMessage_ERROR) IP (DMA) : Parameter (Request) has Id (TIM3_CH1) currently not set
2025-07-04 20:14:04,905 [INFO] ImportTextPane:218 - (OptionalMessage_ERROR) IP (DMA) : Parameter (Direction) has Id (TIM3_CH1) currently not set
2025-07-04 20:14:04,905 [INFO] ImportTextPane:218 - (OptionalMessage_ERROR) IP (DMA) : Parameter (PeriphInc) has Id (TIM3_CH1) currently not set
2025-07-04 20:14:04,905 [INFO] ImportTextPane:218 - (OptionalMessage_ERROR) IP (DMA) : Parameter (MemInc) has Id (TIM3_CH1) currently not set
2025-07-04 20:14:04,905 [INFO] ImportTextPane:218 - (OptionalMessage_ERROR) IP (DMA) : Parameter (PeriphDataAlignment) has Id (TIM3_CH1) currently not set
2025-07-04 20:14:04,905 [INFO] ImportTextPane:218 - (OptionalMessage_ERROR) IP (DMA) : Parameter (MemDataAlignment) has Id (TIM3_CH1) currently not set
2025-07-04 20:14:04,905 [INFO] ImportTextPane:218 - (OptionalMessage_ERROR) IP (DMA) : Parameter (Mode) has Id (TIM3_CH1) currently not set
2025-07-04 20:14:04,905 [INFO] ImportTextPane:218 - (OptionalMessage_ERROR) IP (DMA) : Parameter (Priority) has Id (TIM3_CH1) currently not set
2025-07-04 20:14:04,905 [INFO] ImportTextPane:218 - (OptionalMessage_ERROR) IP (DMA) : Parameter (FIFOMode) has Id (TIM3_CH1) currently not set
2025-07-04 20:14:04,905 [INFO] ImportTextPane:218 - (OptionalMessage_ERROR) IP (DMA) : Parameter (SignalID) has Id (TIM3_CH1) currently not set
2025-07-04 20:14:04,905 [INFO] ImportTextPane:218 - (OptionalMessage_ERROR) IP (DMA) : Parameter (Polarity) has Id (TIM3_CH1) currently not set
2025-07-04 20:14:04,905 [INFO] ImportTextPane:218 - (OptionalMessage_ERROR) IP (DMA) : Parameter (RequestNumber) has Id (TIM3_CH1) currently not set
2025-07-04 20:14:04,905 [INFO] ImportTextPane:218 - (OptionalMessage_ERROR) IP (DMA) : Parameter (SyncSignalID) has Id (TIM3_CH1) currently not set
2025-07-04 20:14:04,905 [INFO] ImportTextPane:218 - (OptionalMessage_ERROR) IP (DMA) : Parameter (SyncPolarity) has Id (TIM3_CH1) currently not set
2025-07-04 20:14:04,905 [INFO] ImportTextPane:218 - (OptionalMessage_ERROR) IP (DMA) : Parameter (SyncEnable) has Id (TIM3_CH1) currently not set
2025-07-04 20:14:04,906 [INFO] ImportTextPane:218 - (OptionalMessage_ERROR) IP (DMA) : Parameter (EventEnable) has Id (TIM3_CH1) currently not set
2025-07-04 20:14:04,906 [INFO] ImportTextPane:218 - (OptionalMessage_ERROR) IP (DMA) : Parameter (SyncRequestNumber) has Id (TIM3_CH1) currently not set
2025-07-04 20:14:04,906 [INFO] ImportTextPane:218 - (OptionalMessage_ERROR) IP (DMA) : Parameter (Instance) has Id (TIM3_CH2) currently not set
2025-07-04 20:14:04,906 [INFO] ImportTextPane:218 - (OptionalMessage_ERROR) IP (DMA) : Parameter (Request) has Id (TIM3_CH2) currently not set
2025-07-04 20:14:04,906 [INFO] ImportTextPane:218 - (OptionalMessage_ERROR) IP (DMA) : Parameter (Direction) has Id (TIM3_CH2) currently not set
2025-07-04 20:14:04,906 [INFO] ImportTextPane:218 - (OptionalMessage_ERROR) IP (DMA) : Parameter (PeriphInc) has Id (TIM3_CH2) currently not set
2025-07-04 20:14:04,906 [INFO] ImportTextPane:218 - (OptionalMessage_ERROR) IP (DMA) : Parameter (MemInc) has Id (TIM3_CH2) currently not set
2025-07-04 20:14:04,906 [INFO] ImportTextPane:218 - (OptionalMessage_ERROR) IP (DMA) : Parameter (PeriphDataAlignment) has Id (TIM3_CH2) currently not set
2025-07-04 20:14:04,906 [INFO] ImportTextPane:218 - (OptionalMessage_ERROR) IP (DMA) : Parameter (MemDataAlignment) has Id (TIM3_CH2) currently not set
2025-07-04 20:14:04,906 [INFO] ImportTextPane:218 - (OptionalMessage_ERROR) IP (DMA) : Parameter (Mode) has Id (TIM3_CH2) currently not set
2025-07-04 20:14:04,906 [INFO] ImportTextPane:218 - (OptionalMessage_ERROR) IP (DMA) : Parameter (Priority) has Id (TIM3_CH2) currently not set
2025-07-04 20:14:04,906 [INFO] ImportTextPane:218 - (OptionalMessage_ERROR) IP (DMA) : Parameter (FIFOMode) has Id (TIM3_CH2) currently not set
2025-07-04 20:14:04,906 [INFO] ImportTextPane:218 - (OptionalMessage_ERROR) IP (DMA) : Parameter (SignalID) has Id (TIM3_CH2) currently not set
2025-07-04 20:14:04,906 [INFO] ImportTextPane:218 - (OptionalMessage_ERROR) IP (DMA) : Parameter (Polarity) has Id (TIM3_CH2) currently not set
2025-07-04 20:14:04,906 [INFO] ImportTextPane:218 - (OptionalMessage_ERROR) IP (DMA) : Parameter (RequestNumber) has Id (TIM3_CH2) currently not set
2025-07-04 20:14:04,906 [INFO] ImportTextPane:218 - (OptionalMessage_ERROR) IP (DMA) : Parameter (SyncSignalID) has Id (TIM3_CH2) currently not set
2025-07-04 20:14:04,906 [INFO] ImportTextPane:218 - (OptionalMessage_ERROR) IP (DMA) : Parameter (SyncPolarity) has Id (TIM3_CH2) currently not set
2025-07-04 20:14:04,906 [INFO] ImportTextPane:218 - (OptionalMessage_ERROR) IP (DMA) : Parameter (SyncEnable) has Id (TIM3_CH2) currently not set
2025-07-04 20:14:04,906 [INFO] ImportTextPane:218 - (OptionalMessage_ERROR) IP (DMA) : Parameter (EventEnable) has Id (TIM3_CH2) currently not set
2025-07-04 20:14:04,906 [INFO] ImportTextPane:218 - (OptionalMessage_ERROR) IP (DMA) : Parameter (SyncRequestNumber) has Id (TIM3_CH2) currently not set
2025-07-04 20:14:04,906 [INFO] ImportTextPane:218 - (OptionalMessage_ERROR) IP (DMA) : Parameter (Instance) has Id (TIM16_UP) currently not set
2025-07-04 20:14:04,906 [INFO] ImportTextPane:218 - (OptionalMessage_ERROR) IP (DMA) : Parameter (Request) has Id (TIM16_UP) currently not set
2025-07-04 20:14:04,906 [INFO] ImportTextPane:218 - (OptionalMessage_ERROR) IP (DMA) : Parameter (Direction) has Id (TIM16_UP) currently not set
2025-07-04 20:14:04,906 [INFO] ImportTextPane:218 - (OptionalMessage_ERROR) IP (DMA) : Parameter (PeriphInc) has Id (TIM16_UP) currently not set
2025-07-04 20:14:04,906 [INFO] ImportTextPane:218 - (OptionalMessage_ERROR) IP (DMA) : Parameter (MemInc) has Id (TIM16_UP) currently not set
2025-07-04 20:14:04,906 [INFO] ImportTextPane:218 - (OptionalMessage_ERROR) IP (DMA) : Parameter (PeriphDataAlignment) has Id (TIM16_UP) currently not set
2025-07-04 20:14:04,906 [INFO] ImportTextPane:218 - (OptionalMessage_ERROR) IP (DMA) : Parameter (MemDataAlignment) has Id (TIM16_UP) currently not set
2025-07-04 20:14:04,906 [INFO] ImportTextPane:218 - (OptionalMessage_ERROR) IP (DMA) : Parameter (Mode) has Id (TIM16_UP) currently not set
2025-07-04 20:14:04,906 [INFO] ImportTextPane:218 - (OptionalMessage_ERROR) IP (DMA) : Parameter (Priority) has Id (TIM16_UP) currently not set
2025-07-04 20:14:04,906 [INFO] ImportTextPane:218 - (OptionalMessage_ERROR) IP (DMA) : Parameter (FIFOMode) has Id (TIM16_UP) currently not set
2025-07-04 20:14:04,906 [INFO] ImportTextPane:218 - (OptionalMessage_ERROR) IP (DMA) : Parameter (SignalID) has Id (TIM16_UP) currently not set
2025-07-04 20:14:04,906 [INFO] ImportTextPane:218 - (OptionalMessage_ERROR) IP (DMA) : Parameter (Polarity) has Id (TIM16_UP) currently not set
2025-07-04 20:14:04,907 [INFO] ImportTextPane:218 - (OptionalMessage_ERROR) IP (DMA) : Parameter (RequestNumber) has Id (TIM16_UP) currently not set
2025-07-04 20:14:04,907 [INFO] ImportTextPane:218 - (OptionalMessage_ERROR) IP (DMA) : Parameter (SyncSignalID) has Id (TIM16_UP) currently not set
2025-07-04 20:14:04,907 [INFO] ImportTextPane:218 - (OptionalMessage_ERROR) IP (DMA) : Parameter (SyncPolarity) has Id (TIM16_UP) currently not set
2025-07-04 20:14:04,907 [INFO] ImportTextPane:218 - (OptionalMessage_ERROR) IP (DMA) : Parameter (SyncEnable) has Id (TIM16_UP) currently not set
2025-07-04 20:14:04,907 [INFO] ImportTextPane:218 - (OptionalMessage_ERROR) IP (DMA) : Parameter (EventEnable) has Id (TIM16_UP) currently not set
2025-07-04 20:14:04,907 [INFO] ImportTextPane:218 - (OptionalMessage_ERROR) IP (DMA) : Parameter (SyncRequestNumber) has Id (TIM16_UP) currently not set
2025-07-04 20:14:04,907 [INFO] ImportTextPane:218 - (OptionalMessage_ERROR) IP (DMA) : Parameter (Instance) has Id (TIM15_UP) currently not set
2025-07-04 20:14:04,907 [INFO] ImportTextPane:218 - (OptionalMessage_ERROR) IP (DMA) : Parameter (Request) has Id (TIM15_UP) currently not set
2025-07-04 20:14:04,907 [INFO] ImportTextPane:218 - (OptionalMessage_ERROR) IP (DMA) : Parameter (Direction) has Id (TIM15_UP) currently not set
2025-07-04 20:14:04,907 [INFO] ImportTextPane:218 - (OptionalMessage_ERROR) IP (DMA) : Parameter (PeriphInc) has Id (TIM15_UP) currently not set
2025-07-04 20:14:04,907 [INFO] ImportTextPane:218 - (OptionalMessage_ERROR) IP (DMA) : Parameter (MemInc) has Id (TIM15_UP) currently not set
2025-07-04 20:14:04,907 [INFO] ImportTextPane:218 - (OptionalMessage_ERROR) IP (DMA) : Parameter (PeriphDataAlignment) has Id (TIM15_UP) currently not set
2025-07-04 20:14:04,907 [INFO] ImportTextPane:218 - (OptionalMessage_ERROR) IP (DMA) : Parameter (MemDataAlignment) has Id (TIM15_UP) currently not set
2025-07-04 20:14:04,907 [INFO] ImportTextPane:218 - (OptionalMessage_ERROR) IP (DMA) : Parameter (Mode) has Id (TIM15_UP) currently not set
2025-07-04 20:14:04,907 [INFO] ImportTextPane:218 - (OptionalMessage_ERROR) IP (DMA) : Parameter (Priority) has Id (TIM15_UP) currently not set
2025-07-04 20:14:04,907 [INFO] ImportTextPane:218 - (OptionalMessage_ERROR) IP (DMA) : Parameter (FIFOMode) has Id (TIM15_UP) currently not set
2025-07-04 20:14:04,907 [INFO] ImportTextPane:218 - (OptionalMessage_ERROR) IP (DMA) : Parameter (SignalID) has Id (TIM15_UP) currently not set
2025-07-04 20:14:04,907 [INFO] ImportTextPane:218 - (OptionalMessage_ERROR) IP (DMA) : Parameter (Polarity) has Id (TIM15_UP) currently not set
2025-07-04 20:14:04,907 [INFO] ImportTextPane:218 - (OptionalMessage_ERROR) IP (DMA) : Parameter (RequestNumber) has Id (TIM15_UP) currently not set
2025-07-04 20:14:04,907 [INFO] ImportTextPane:218 - (OptionalMessage_ERROR) IP (DMA) : Parameter (SyncSignalID) has Id (TIM15_UP) currently not set
2025-07-04 20:14:04,907 [INFO] ImportTextPane:218 - (OptionalMessage_ERROR) IP (DMA) : Parameter (SyncPolarity) has Id (TIM15_UP) currently not set
2025-07-04 20:14:04,907 [INFO] ImportTextPane:218 - (OptionalMessage_ERROR) IP (DMA) : Parameter (SyncEnable) has Id (TIM15_UP) currently not set
2025-07-04 20:14:04,907 [INFO] ImportTextPane:218 - (OptionalMessage_ERROR) IP (DMA) : Parameter (EventEnable) has Id (TIM15_UP) currently not set
2025-07-04 20:14:04,907 [INFO] ImportTextPane:218 - (OptionalMessage_ERROR) IP (DMA) : Parameter (SyncRequestNumber) has Id (TIM15_UP) currently not set
2025-07-04 20:14:04,916 [INFO] ImportTextPane:218 - (OptionalMessage_ERROR) IP (RCC) : Parameter (DFSDMACLkFreq_Value) has invalid value (480000000)
2025-07-04 20:14:04,921 [INFO] ImportTextPane:218 - (OptionalMessage_ERROR) IP (RCC) : Parameter (FDCANFreq_Value) has invalid value (480000000)
2025-07-04 20:14:04,921 [INFO] ImportTextPane:218 - (OptionalMessage_ERROR) IP (RCC) : Invalid parameter (FamilyName)
2025-07-04 20:14:04,921 [INFO] ImportTextPane:218 - (OptionalMessage_ERROR) IP (RCC) : Parameter (SAI1Freq_Value) has invalid value (480000000)
2025-07-04 20:14:04,921 [INFO] ImportTextPane:218 - (OptionalMessage_ERROR) IP (RCC) : Parameter (SAI23Freq_Value) has invalid value (480000000)
2025-07-04 20:14:04,921 [INFO] ImportTextPane:218 - (OptionalMessage_ERROR) IP (RCC) : Parameter (SAI4AFreq_Value) has invalid value (480000000)
2025-07-04 20:14:04,921 [INFO] ImportTextPane:218 - (OptionalMessage_ERROR) IP (RCC) : Parameter (SAI4BFreq_Value) has invalid value (480000000)
2025-07-04 20:14:04,921 [INFO] ImportTextPane:218 - (OptionalMessage_ERROR) IP (RCC) : Parameter (SDMMCFreq_Value) has invalid value (480000000)
2025-07-04 20:14:04,921 [INFO] ImportTextPane:218 - (OptionalMessage_ERROR) IP (RCC) : Parameter (SPDIFRXFreq_Value) has invalid value (480000000)
2025-07-04 20:14:04,922 [INFO] ImportTextPane:218 - (OptionalMessage_ERROR) IP (RCC) : Parameter (SPI123Freq_Value) has invalid value (480000000)
2025-07-04 20:14:04,922 [INFO] ImportTextPane:218 - (OptionalMessage_ERROR) IP (RCC) : Parameter (USBFreq_Value) has invalid value (480000000)
2025-07-04 20:14:05,564 [INFO] UtilMem:75 - End LoadConfig() Used Memory: 930593784 Bytes (1073741824)
2025-07-04 20:14:05,577 [WARN] ThirdParty:833 - waiting for thirdparty lock release [change project]
2025-07-04 20:14:05,578 [INFO] ThirdParty:835 - entering critical section [change project]
2025-07-04 20:14:05,578 [INFO] ThirdParty:1030 - CMSIS Pack Vendor :STMicroelectronics X-CUBE-PM33A1 1.0.0
2025-07-04 20:14:05,578 [INFO] ThirdParty:1030 - CMSIS Pack Vendor :STMicroelectronics USBPD 4.1
2025-07-04 20:14:05,578 [INFO] ThirdParty:1030 - CMSIS Pack Vendor :STMicroelectronics X-CUBE-AZRTOS-H7 3.3.0
2025-07-04 20:14:05,578 [INFO] ThirdParty:1030 - CMSIS Pack Vendor :STMicroelectronics X-CUBE-NFC9 1.0.0
2025-07-04 20:14:05,578 [INFO] ThirdParty:1030 - CMSIS Pack Vendor :STMicroelectronics USB_HOST 2.0.0
2025-07-04 20:14:05,578 [INFO] ThirdParty:1030 - CMSIS Pack Vendor :STMicroelectronics FP-SNS-MOTENVWB1 1.4.0
2025-07-04 20:14:05,578 [INFO] ThirdParty:1030 - CMSIS Pack Vendor :STMicroelectronics X-CUBE-AZRTOS-F4 1.1.0
2025-07-04 20:14:05,578 [INFO] ThirdParty:1030 - CMSIS Pack Vendor :STMicroelectronics LIBJPEG 8.0.0
2025-07-04 20:14:05,578 [INFO] ThirdParty:1030 - CMSIS Pack Vendor :STMicroelectronics FP-ATR-ASTRA1 2.0.2
2025-07-04 20:14:05,578 [INFO] ThirdParty:1030 - CMSIS Pack Vendor :STMicroelectronics X-CUBE-BLE1 7.1.0
2025-07-04 20:14:05,578 [INFO] ThirdParty:1030 - CMSIS Pack Vendor :Avnet-IotConnect X-CUBE-IoTC-DA16k-PMOD 1.0.0
2025-07-04 20:14:05,578 [INFO] ThirdParty:1030 - CMSIS Pack Vendor :STMicroelectronics X-CUBE-SMBUS 2.1.0
2025-07-04 20:14:05,578 [INFO] ThirdParty:1030 - CMSIS Pack Vendor :STMicroelectronics X-CUBE-WB05N 1.1.0
2025-07-04 20:14:05,579 [INFO] ThirdParty:1030 - CMSIS Pack Vendor :wolfSSL I-CUBE-wolfMQTT 1.19.2
2025-07-04 20:14:05,579 [INFO] ThirdParty:1030 - CMSIS Pack Vendor :STMicroelectronics USB_DEVICE 3.0.0
2025-07-04 20:14:05,579 [INFO] ThirdParty:1030 - CMSIS Pack Vendor :STMicroelectronics X-CUBE-ISPU 2.1.0
2025-07-04 20:14:05,579 [INFO] ThirdParty:1030 - CMSIS Pack Vendor :STMicroelectronics X-CUBE-AZRTOS-WB 2.0.0
2025-07-04 20:14:05,579 [INFO] ThirdParty:1030 - CMSIS Pack Vendor :STMicroelectronics X-CUBE-ST60 1.0.0
2025-07-04 20:14:05,579 [INFO] ThirdParty:1030 - CMSIS Pack Vendor :STMicroelectronics X-CUBE-GNSS1 7.0.1
2025-07-04 20:14:05,579 [INFO] ThirdParty:1030 - CMSIS Pack Vendor :STMicroelectronics X-CUBE-AZRTOS-F7 1.1.0
2025-07-04 20:14:05,579 [INFO] ThirdParty:1030 - CMSIS Pack Vendor :STMicroelectronics X-CUBE-AZRTOS-L5 2.0.0
2025-07-04 20:14:05,579 [INFO] ThirdParty:1030 - CMSIS Pack Vendor :STMicroelectronics X-CUBE-TOUCHGFX 4.25.0
2025-07-04 20:14:05,579 [INFO] ThirdParty:1030 - CMSIS Pack Vendor :STMicroelectronics USB_DEVICE 2.0.0
2025-07-04 20:14:05,579 [INFO] ThirdParty:1030 - CMSIS Pack Vendor :STMicroelectronics X-CUBE-NFC6 3.1.0
2025-07-04 20:14:05,579 [INFO] ThirdParty:1030 - CMSIS Pack Vendor :STMicroelectronics X-CUBE-AI 10.1.0
2025-07-04 20:14:05,579 [INFO] ThirdParty:1030 - CMSIS Pack Vendor :STMicroelectronics FP-SNS-STBOX1 2.0.0
2025-07-04 20:14:05,579 [INFO] ThirdParty:1030 - CMSIS Pack Vendor :STMicroelectronics X-CUBE-MEMS1 11.2.0
2025-07-04 20:14:05,579 [INFO] ThirdParty:1030 - CMSIS Pack Vendor :STMicroelectronics FreeRTOS 0.0.1
2025-07-04 20:14:05,579 [INFO] ThirdParty:1030 - CMSIS Pack Vendor :STMicroelectronics X-CUBE-AZRTOS-G0 1.1.0
2025-07-04 20:14:05,579 [INFO] ThirdParty:1030 - CMSIS Pack Vendor :STMicroelectronics X-CUBE-SAFEA1 1.2.2
2025-07-04 20:14:05,579 [INFO] ThirdParty:1030 - CMSIS Pack Vendor :STMicroelectronics X-CUBE-NFC4 3.0.0
2025-07-04 20:14:05,579 [INFO] ThirdParty:1030 - CMSIS Pack Vendor :STMicroelectronics X-CUBE-DPower 1.2.0
2025-07-04 20:14:05,579 [INFO] ThirdParty:1030 - CMSIS Pack Vendor :STMicroelectronics X-CUBE-SUBG2 5.0.0
2025-07-04 20:14:05,579 [INFO] ThirdParty:1030 - CMSIS Pack Vendor :STMicroelectronics X-CUBE-AZRTOS-H7RS 1.1.0
2025-07-04 20:14:05,579 [INFO] ThirdParty:1030 - CMSIS Pack Vendor :STMicroelectronics STM32_WPAN 1.0.0
2025-07-04 20:14:05,579 [INFO] ThirdParty:1030 - CMSIS Pack Vendor :EmbeddedOffice I-CUBE-FS-RTOS 1.0.1
2025-07-04 20:14:05,579 [INFO] ThirdParty:1030 - CMSIS Pack Vendor :STMicroelectronics lwIP 2.0.3
2025-07-04 20:14:05,579 [INFO] ThirdParty:1030 - CMSIS Pack Vendor :STMicroelectronics FP-SNS-FLIGHT1 5.0.2
2025-07-04 20:14:05,579 [INFO] ThirdParty:1030 - CMSIS Pack Vendor :Cesanta I-CUBE-Mongoose 7.13.0
2025-07-04 20:14:05,579 [INFO] ThirdParty:1030 - CMSIS Pack Vendor :STMicroelectronics USB_HOST 1.0.0
2025-07-04 20:14:05,579 [INFO] ThirdParty:1030 - CMSIS Pack Vendor :Infineon AIROC-Wi-Fi-Bluetooth-STM32 1.7.0
2025-07-04 20:14:05,579 [INFO] ThirdParty:1030 - CMSIS Pack Vendor :STMicroelectronics X-CUBE-AZRTOS-G4 2.0.0
2025-07-04 20:14:05,579 [INFO] ThirdParty:1030 - CMSIS Pack Vendor :STMicroelectronics X-CUBE-WB05N 2.0.0
2025-07-04 20:14:05,579 [INFO] ThirdParty:1030 - CMSIS Pack Vendor :STMicroelectronics PDM2PCM 3.1.0
2025-07-04 20:14:05,579 [INFO] ThirdParty:1030 - CMSIS Pack Vendor :STMicroelectronics PDM2PCM 3.3.0
2025-07-04 20:14:05,579 [INFO] ThirdParty:1030 - CMSIS Pack Vendor :wolfSSL I-CUBE-wolfTPM 3.8.0
2025-07-04 20:14:05,579 [INFO] ThirdParty:1030 - CMSIS Pack Vendor :STMicroelectronics X-CUBE-DISPLAY 3.0.0
2025-07-04 20:14:05,579 [INFO] ThirdParty:1030 - CMSIS Pack Vendor :wolfSSL I-CUBE-wolfSSH 1.4.20
2025-07-04 20:14:05,579 [INFO] ThirdParty:1030 - CMSIS Pack Vendor :STMicroelectronics X-CUBE-NFC7 2.0.0
2025-07-04 20:14:05,579 [INFO] ThirdParty:1030 - CMSIS Pack Vendor :STMicroelectronics X-CUBE-TCPP 4.2.0
2025-07-04 20:14:05,579 [INFO] ThirdParty:1030 - CMSIS Pack Vendor :RealThread X-CUBE-RT-Thread_Nano 4.1.1
2025-07-04 20:14:05,579 [INFO] ThirdParty:1030 - CMSIS Pack Vendor :STMicroelectronics FP-ATR-SIGFOX1 3.2.0
2025-07-04 20:14:05,580 [INFO] ThirdParty:1030 - CMSIS Pack Vendor :STMicroelectronics X-CUBE-NFC10 1.0.0
2025-07-04 20:14:05,580 [INFO] ThirdParty:1030 - CMSIS Pack Vendor :STMicroelectronics X-CUBE-BLEMGR 4.0.0
2025-07-04 20:14:05,580 [INFO] ThirdParty:1030 - CMSIS Pack Vendor :STMicroelectronics X-CUBE-EEPRMA1 5.1.0
2025-07-04 20:14:05,580 [INFO] ThirdParty:1030 - CMSIS Pack Vendor :STMicroelectronics X-CUBE-FREERTOS 1.3.1
2025-07-04 20:14:05,580 [INFO] ThirdParty:1030 - CMSIS Pack Vendor :STMicroelectronics HAL Drivers 0.0.0
2025-07-04 20:14:05,580 [INFO] ThirdParty:1030 - CMSIS Pack Vendor :STMicroelectronics MBEDTLS 2.16.2
2025-07-04 20:14:05,580 [INFO] ThirdParty:1030 - CMSIS Pack Vendor :STMicroelectronics X-CUBE-IPS 3.1.0
2025-07-04 20:14:05,580 [INFO] ThirdParty:1030 - CMSIS Pack Vendor :STMicroelectronics X-CUBE-ALS 1.0.2
2025-07-04 20:14:05,580 [INFO] ThirdParty:1030 - CMSIS Pack Vendor :emotas I-CUBE-CANOPEN 1.3.0
2025-07-04 20:14:05,580 [INFO] ThirdParty:1030 - CMSIS Pack Vendor :STMicroelectronics X-CUBE-FREERTOS 1.3.0
2025-07-04 20:14:05,580 [INFO] ThirdParty:1030 - CMSIS Pack Vendor :STMicroelectronics X-CUBE-NFC7 1.0.1
2025-07-04 20:14:05,580 [INFO] ThirdParty:1030 - CMSIS Pack Vendor :STMicroelectronics MBEDTLS 2.14.1
2025-07-04 20:14:05,580 [INFO] ThirdParty:1030 - CMSIS Pack Vendor :wolfSSL I-CUBE-wolfSSL 5.7.6
2025-07-04 20:14:05,580 [INFO] ThirdParty:1030 - CMSIS Pack Vendor :ITTIA_DB I-CUBE-ITTIADB 8.9.0
2025-07-04 20:14:05,580 [INFO] ThirdParty:1030 - CMSIS Pack Vendor :STMicroelectronics X-CUBE-TOUCHGFX 4.24.2
2025-07-04 20:14:05,580 [INFO] ThirdParty:1030 - CMSIS Pack Vendor :portGmbH I-Cube-SoM-uGOAL 1.1.0
2025-07-04 20:14:05,580 [INFO] ThirdParty:1030 - CMSIS Pack Vendor :quantropi X-CUBE-qispace-sdk-base 2.0.0
2025-07-04 20:14:05,580 [INFO] ThirdParty:1030 - CMSIS Pack Vendor :STMicroelectronics X-CUBE-AI 10.0.0
2025-07-04 20:14:05,580 [INFO] ThirdParty:1030 - CMSIS Pack Vendor :STMicroelectronics X-CUBE-ST67W61 1.0.0
2025-07-04 20:14:05,580 [INFO] ThirdParty:1030 - CMSIS Pack Vendor :STMicroelectronics FP-SNS-STAIOTCFT 1.0.0
2025-07-04 20:14:05,580 [INFO] ThirdParty:1030 - CMSIS Pack Vendor :STMicroelectronics ThreadX 1.0.0
2025-07-04 20:14:05,580 [INFO] ThirdParty:1030 - CMSIS Pack Vendor :STMicroelectronics FP-SNS-SMARTAG2 1.2.0
2025-07-04 20:14:05,580 [INFO] ThirdParty:1030 - CMSIS Pack Vendor :STMicroelectronics FP-SNS-FLIGHT1 5.1.0
2025-07-04 20:14:05,580 [INFO] ThirdParty:1030 - CMSIS Pack Vendor :STMicroelectronics X-CUBE-MEMS1 11.1.0
2025-07-04 20:14:05,580 [INFO] ThirdParty:1030 - CMSIS Pack Vendor :STMicroelectronics X-CUBE-AZRTOS-WL 2.0.0
2025-07-04 20:14:05,580 [INFO] ThirdParty:1030 - CMSIS Pack Vendor :SEGGER I-CUBE-embOS 1.3.1
2025-07-04 20:14:05,580 [INFO] ThirdParty:1030 - CMSIS Pack Vendor :STMicroelectronics X-CUBE-ALGOBUILD 1.4.0
2025-07-04 20:14:05,580 [INFO] ThirdParty:1030 - CMSIS Pack Vendor :STMicroelectronics X-CUBE-DPower 1.3.0
2025-07-04 20:14:05,580 [INFO] ThirdParty:1030 - CMSIS Pack Vendor :STMicroelectronics X-CUBE-MEMS1 11.3.0
2025-07-04 20:14:05,580 [INFO] ThirdParty:1030 - CMSIS Pack Vendor :STMicroelectronics FP-SNS-MOTENV1 5.0.0
2025-07-04 20:14:05,580 [INFO] ThirdParty:1030 - CMSIS Pack Vendor :STMicroelectronics USB_DEVICE 1.0.0
2025-07-04 20:14:05,580 [INFO] ThirdParty:1030 - CMSIS Pack Vendor :STMicroelectronics X-CUBE-AZRTOS-H7RS 1.0.0
2025-07-04 20:14:05,580 [INFO] ThirdParty:1030 - CMSIS Pack Vendor :STMicroelectronics X-CUBE-AZRTOS-L4 2.0.0
2025-07-04 20:14:05,580 [INFO] ThirdParty:1030 - CMSIS Pack Vendor :STMicroelectronics ThreadX 0.0.2
2025-07-04 20:14:05,580 [INFO] ThirdParty:1030 - CMSIS Pack Vendor :WES I-CUBE-Cesium 1.3.0
2025-07-04 20:14:05,580 [INFO] ThirdParty:1030 - CMSIS Pack Vendor :STMicroelectronics lwIP 2.1.2
2025-07-04 20:14:05,580 [INFO] ThirdParty:1030 - CMSIS Pack Vendor :STMicroelectronics X-CUBE-SFXS2LP1 4.0.0
2025-07-04 20:14:05,580 [INFO] ThirdParty:1030 - CMSIS Pack Vendor :STMicroelectronics X-CUBE-BLE2 3.3.0
2025-07-04 20:14:05,580 [INFO] ThirdParty:1030 - CMSIS Pack Vendor :STMicroelectronics X-CUBE-TOF1 3.4.2
2025-07-04 20:14:05,580 [INFO] ThirdParty:1030 - CMSIS Pack Vendor :STMicroelectronics X-CUBE-TOF1 3.4.3
2025-07-04 20:14:05,580 [INFO] ThirdParty:1030 - CMSIS Pack Vendor :STMicroelectronics PDM2PCM 3.2.0
2025-07-04 20:14:05,581 [INFO] ThirdParty:841 - exiting critical section [change project]
2025-07-04 20:14:06,269 [INFO] PinOutPanel:1589 - setPackage(No Configuration,No Configuration)
2025-07-04 20:14:06,270 [INFO] PinOutPanel:1589 - setPackage(STM32H743VITx,LQFP100)
2025-07-04 20:14:07,100 [INFO] UtilMem:75 - Before build in PCC Used Memory: 841758752 Bytes (1073741824)
2025-07-04 20:14:07,501 [INFO] UtilMem:75 - After build in PCC Used Memory: 906768416 Bytes (1073741824)
2025-07-04 20:14:07,504 [INFO] ApiDbMcu:508 - Load IP Config File for FATFS
2025-07-04 20:14:07,510 [INFO] ApiDbMcu:508 - Load IP Config File for FREERTOS
2025-07-04 20:14:07,543 [INFO] IPUIPlugin:80 - create IPUIPlugin
2025-07-04 20:14:07,543 [INFO] IPUIPlugin:80 - create IPUIPlugin
2025-07-04 20:14:07,543 [INFO] IPUIPlugin:80 - create IPUIPlugin
2025-07-04 20:14:07,543 [INFO] IPUIPlugin:80 - create IPUIPlugin
2025-07-04 20:14:07,544 [INFO] IPUIPlugin:80 - create IPUIPlugin
2025-07-04 20:14:07,544 [INFO] IPUIPlugin:80 - create IPUIPlugin
2025-07-04 20:14:07,544 [INFO] IPUIPlugin:80 - create IPUIPlugin
2025-07-04 20:14:07,544 [INFO] IPUIPlugin:80 - create IPUIPlugin
2025-07-04 20:14:07,544 [INFO] IPUIPlugin:80 - create IPUIPlugin
2025-07-04 20:14:07,544 [INFO] IPUIPlugin:80 - create IPUIPlugin
2025-07-04 20:14:07,544 [INFO] IPUIPlugin:80 - create IPUIPlugin
2025-07-04 20:14:07,545 [INFO] IPUIPlugin:80 - create IPUIPlugin
2025-07-04 20:14:07,545 [INFO] IPUIPlugin:80 - create IPUIPlugin
2025-07-04 20:14:07,545 [INFO] IPUIPlugin:80 - create IPUIPlugin
2025-07-04 20:14:07,545 [INFO] IPUIPlugin:80 - create IPUIPlugin
2025-07-04 20:14:07,545 [INFO] IPUIPlugin:80 - create IPUIPlugin
2025-07-04 20:14:07,545 [INFO] IPUIPlugin:80 - create IPUIPlugin
2025-07-04 20:14:07,545 [INFO] IPUIPlugin:80 - create IPUIPlugin
2025-07-04 20:14:07,545 [INFO] IPUIPlugin:80 - create IPUIPlugin
2025-07-04 20:14:07,545 [INFO] IPUIPlugin:80 - create IPUIPlugin
2025-07-04 20:14:07,545 [INFO] IPUIPlugin:80 - create IPUIPlugin
2025-07-04 20:14:07,545 [INFO] IPUIPlugin:80 - create IPUIPlugin
2025-07-04 20:14:07,546 [INFO] IPUIPlugin:80 - create IPUIPlugin
2025-07-04 20:14:07,546 [INFO] IPUIPlugin:80 - create IPUIPlugin
2025-07-04 20:14:07,546 [INFO] IPUIPlugin:80 - create IPUIPlugin
2025-07-04 20:14:07,546 [INFO] IPUIPlugin:80 - create IPUIPlugin
2025-07-04 20:14:07,546 [INFO] IPUIPlugin:80 - create IPUIPlugin
2025-07-04 20:14:07,546 [INFO] IPUIPlugin:80 - create IPUIPlugin
2025-07-04 20:14:07,546 [INFO] IPUIPlugin:80 - create IPUIPlugin
2025-07-04 20:14:07,546 [INFO] IPUIPlugin:80 - create IPUIPlugin
2025-07-04 20:14:07,546 [INFO] IPUIPlugin:80 - create IPUIPlugin
2025-07-04 20:14:07,546 [INFO] IPUIPlugin:80 - create IPUIPlugin
2025-07-04 20:14:07,547 [INFO] IPUIPlugin:80 - create IPUIPlugin
2025-07-04 20:14:07,547 [INFO] IPUIPlugin:80 - create IPUIPlugin
2025-07-04 20:14:07,547 [INFO] IPUIPlugin:80 - create IPUIPlugin
2025-07-04 20:14:07,548 [INFO] IPUIPlugin:80 - create IPUIPlugin
2025-07-04 20:14:07,548 [INFO] IPUIPlugin:80 - create IPUIPlugin
2025-07-04 20:14:07,548 [INFO] IPUIPlugin:80 - create IPUIPlugin
2025-07-04 20:14:07,548 [INFO] IPUIPlugin:80 - create IPUIPlugin
2025-07-04 20:14:07,548 [INFO] IPUIPlugin:80 - create IPUIPlugin
2025-07-04 20:14:07,548 [INFO] IPUIPlugin:80 - create IPUIPlugin
2025-07-04 20:14:07,549 [INFO] IPUIPlugin:80 - create IPUIPlugin
2025-07-04 20:14:07,549 [INFO] IPUIPlugin:80 - create IPUIPlugin
2025-07-04 20:14:07,549 [INFO] IPUIPlugin:80 - create IPUIPlugin
2025-07-04 20:14:07,549 [INFO] IPUIPlugin:80 - create IPUIPlugin
2025-07-04 20:14:07,549 [INFO] IPUIPlugin:80 - create IPUIPlugin
2025-07-04 20:14:07,550 [INFO] IPUIPlugin:80 - create IPUIPlugin
2025-07-04 20:14:07,550 [INFO] IPUIPlugin:80 - create IPUIPlugin
2025-07-04 20:14:07,550 [INFO] IPUIPlugin:80 - create IPUIPlugin
2025-07-04 20:14:07,550 [INFO] IPUIPlugin:80 - create IPUIPlugin
2025-07-04 20:14:07,550 [INFO] IPUIPlugin:80 - create IPUIPlugin
2025-07-04 20:14:07,550 [INFO] IPUIPlugin:80 - create IPUIPlugin
2025-07-04 20:14:07,551 [INFO] IPUIPlugin:80 - create IPUIPlugin
2025-07-04 20:14:07,551 [INFO] IPUIPlugin:80 - create IPUIPlugin
2025-07-04 20:14:07,551 [INFO] IPUIPlugin:80 - create IPUIPlugin
2025-07-04 20:14:07,551 [INFO] IPUIPlugin:80 - create IPUIPlugin
2025-07-04 20:14:07,552 [INFO] IPUIPlugin:80 - create IPUIPlugin
2025-07-04 20:14:07,552 [INFO] IPUIPlugin:80 - create IPUIPlugin
2025-07-04 20:14:07,552 [INFO] IPUIPlugin:80 - create IPUIPlugin
2025-07-04 20:14:07,552 [INFO] IPUIPlugin:80 - create IPUIPlugin
2025-07-04 20:14:07,552 [INFO] IPUIPlugin:80 - create IPUIPlugin
2025-07-04 20:14:07,553 [INFO] IPUIPlugin:80 - create IPUIPlugin
2025-07-04 20:14:07,553 [INFO] IPUIPlugin:80 - create IPUIPlugin
2025-07-04 20:14:07,553 [INFO] IPUIPlugin:80 - create IPUIPlugin
2025-07-04 20:14:07,553 [INFO] IPUIPlugin:80 - create IPUIPlugin
2025-07-04 20:14:07,554 [INFO] IPUIPlugin:80 - create IPUIPlugin
2025-07-04 20:14:07,554 [INFO] IPUIPlugin:80 - create IPUIPlugin
2025-07-04 20:14:07,555 [INFO] IPUIPlugin:80 - create IPUIPlugin
2025-07-04 20:14:07,555 [INFO] IPUIPlugin:80 - create IPUIPlugin
2025-07-04 20:14:07,555 [INFO] IPUIPlugin:80 - create IPUIPlugin
2025-07-04 20:14:07,555 [INFO] IPUIPlugin:80 - create IPUIPlugin
2025-07-04 20:14:07,556 [INFO] IPUIPlugin:80 - create IPUIPlugin
2025-07-04 20:14:07,556 [INFO] IPUIPlugin:80 - create IPUIPlugin
2025-07-04 20:14:07,556 [INFO] IPUIPlugin:80 - create IPUIPlugin
2025-07-04 20:14:07,556 [INFO] IPUIPlugin:80 - create IPUIPlugin
2025-07-04 20:14:07,557 [INFO] IPUIPlugin:80 - create IPUIPlugin
2025-07-04 20:14:07,557 [INFO] IPUIPlugin:80 - create IPUIPlugin
2025-07-04 20:14:07,557 [INFO] IPUIPlugin:80 - create IPUIPlugin
2025-07-04 20:14:07,557 [INFO] IPUIPlugin:80 - create IPUIPlugin
2025-07-04 20:14:07,558 [INFO] IPUIPlugin:80 - create IPUIPlugin
2025-07-04 20:14:07,558 [INFO] IPUIPlugin:80 - create IPUIPlugin
2025-07-04 20:14:07,558 [INFO] IPUIPlugin:80 - create IPUIPlugin
2025-07-04 20:14:07,558 [INFO] IPUIPlugin:80 - create IPUIPlugin
2025-07-04 20:14:07,559 [INFO] IPUIPlugin:80 - create IPUIPlugin
2025-07-04 20:14:07,559 [INFO] IPUIPlugin:80 - create IPUIPlugin
2025-07-04 20:14:07,559 [INFO] IPUIPlugin:80 - create IPUIPlugin
2025-07-04 20:14:07,560 [INFO] IPUIPlugin:80 - create IPUIPlugin
2025-07-04 20:14:07,560 [INFO] IPUIPlugin:80 - create IPUIPlugin
2025-07-04 20:14:07,561 [INFO] IPUIPlugin:80 - create IPUIPlugin
2025-07-04 20:14:07,561 [INFO] IPUIPlugin:80 - create IPUIPlugin
2025-07-04 20:14:07,561 [INFO] IPUIPlugin:80 - create IPUIPlugin
2025-07-04 20:14:07,562 [INFO] IPUIPlugin:80 - create IPUIPlugin
2025-07-04 20:14:07,562 [INFO] IPUIPlugin:80 - create IPUIPlugin
2025-07-04 20:14:07,563 [INFO] IPUIPlugin:80 - create IPUIPlugin
2025-07-04 20:14:07,563 [INFO] IPUIPlugin:80 - create IPUIPlugin
2025-07-04 20:14:07,564 [INFO] IPUIPlugin:80 - create IPUIPlugin
2025-07-04 20:14:07,564 [INFO] IPUIPlugin:80 - create IPUIPlugin
2025-07-04 20:14:07,567 [INFO] ApiDbMcu:508 - Load IP Config File for PDM2PCM
2025-07-04 20:14:07,591 [WARN] FreeRTOS:1023 - Null or empty value: should not occur! (nothing added to the table)
2025-07-04 20:14:07,676 [INFO] CADModel:165 - CPN selected for project levelSTM32H743VIT6
2025-07-04 20:14:07,676 [INFO] CADModel:114 - Register for checkConnection events
2025-07-04 20:14:07,678 [INFO] RtosManager:725 - Active RTOS found at IOC load: FREERTOS [Cortex-M7NS]
2025-07-04 20:14:07,724 [INFO] OpenFileManager:385 - Restore cursor
2025-07-04 20:14:41,155 [INFO] UtilMem:75 - End SaveConfig() Used Memory: 929546696 Bytes (1073741824)
2025-07-04 20:14:45,603 [INFO] UtilMem:75 - End SaveConfig() Used Memory: 973015568 Bytes (1073741824)
2025-07-04 20:14:46,472 [INFO] UtilMem:75 - End SaveConfig() Used Memory: 879580944 Bytes (1073741824)
2025-07-04 20:14:46,952 [INFO] ProjectBuilder:2368 - IP not ready for code generation: Clock
2025-07-04 20:15:07,126 [INFO] I2cTimingTraitement:330 - 0x307075B1
2025-07-04 20:15:08,204 [INFO] I2cTimingTraitement:330 - 0x307075B1
2025-07-04 20:15:09,333 [WARN] IP:2250 - HSEState not found: check if there is a RefParameter without a condition.
2025-07-04 20:15:09,333 [WARN] IP:2250 - DSIPHY_Div not found: check if there is a RefParameter without a condition.
2025-07-04 20:15:09,333 [WARN] IP:2250 - PLLDSIDev not found: check if there is a RefParameter without a condition.
2025-07-04 20:15:09,609 [WARN] IP:2250 - VDD_VALUE not found: check if there is a RefParameter without a condition.
2025-07-04 20:15:10,150 [INFO] I2cTimingTraitement:330 - 0x307075B1
2025-07-04 20:15:10,224 [WARN] IP:2250 - QuadSPIEnable not found: check if there is a RefParameter without a condition.
2025-07-04 20:15:10,224 [WARN] IP:2250 - FMCEnable not found: check if there is a RefParameter without a condition.
2025-07-04 20:15:10,224 [WARN] IP:2250 - DSIPHY_Div not found: check if there is a RefParameter without a condition.
2025-07-04 20:15:10,224 [WARN] IP:2250 - SPI6Enable not found: check if there is a RefParameter without a condition.
2025-07-04 20:15:10,224 [WARN] IP:2250 - SPI45Enable not found: check if there is a RefParameter without a condition.
2025-07-04 20:15:10,224 [WARN] IP:2250 - PLLDSIMult not found: check if there is a RefParameter without a condition.
2025-07-04 20:15:10,224 [WARN] IP:2250 - SWPEnable not found: check if there is a RefParameter without a condition.
2025-07-04 20:15:10,224 [WARN] IP:2250 - IWDGEnable not found: check if there is a RefParameter without a condition.
2025-07-04 20:15:10,224 [WARN] IP:2250 - PLLDSIDev not found: check if there is a RefParameter without a condition.
2025-07-04 20:15:10,224 [WARN] IP:2250 - ExtClockEnable not found: check if there is a RefParameter without a condition.
2025-07-04 20:15:10,224 [WARN] IP:2250 - PLLDSINDIV not found: check if there is a RefParameter without a condition.
2025-07-04 20:15:10,224 [WARN] IP:2250 - MCO1OutPutEnable not found: check if there is a RefParameter without a condition.
2025-07-04 20:15:10,224 [WARN] IP:2250 - PLLDSIIDF not found: check if there is a RefParameter without a condition.
2025-07-04 20:15:10,224 [WARN] IP:2250 - MCO2OutPutEnable not found: check if there is a RefParameter without a condition.
2025-07-04 20:15:10,224 [WARN] IP:2250 - PLLDSIODF not found: check if there is a RefParameter without a condition.
2025-07-04 20:15:10,224 [WARN] IP:2250 - MCO2I2SEnable not found: check if there is a RefParameter without a condition.
2025-07-04 20:15:10,224 [WARN] IP:2250 - DSITX_Div not found: check if there is a RefParameter without a condition.
2025-07-04 20:15:10,224 [WARN] IP:2250 - HSEState not found: check if there is a RefParameter without a condition.
2025-07-04 20:15:10,224 [WARN] IP:2250 - Cortex_Div not found: check if there is a RefParameter without a condition.
2025-07-04 20:15:10,224 [WARN] IP:2250 - LSEState not found: check if there is a RefParameter without a condition.
2025-07-04 20:15:10,224 [WARN] IP:2250 - Cortex_DivARG not found: check if there is a RefParameter without a condition.
2025-07-04 20:15:10,225 [WARN] IP:2250 - RCC_TIM_PRescaler_Selection not found: check if there is a RefParameter without a condition.
2025-07-04 20:15:10,225 [WARN] IP:2250 - HSE_Timout not found: check if there is a RefParameter without a condition.
2025-07-04 20:15:10,225 [WARN] IP:2250 - LSE_Timout not found: check if there is a RefParameter without a condition.
2025-07-04 20:15:10,227 [ERROR] LogOutputStream:75 - [STDERR_REDIRECT] Exception in thread "AWT-EventQueue-0" java.lang.NullPointerException: Cannot invoke "com.st.microxplorer.mcu.RefParameter.setExist(java.util.List)" because "ret" is null
2025-07-04 20:15:10,230 [ERROR] LogOutputStream:75 - [STDERR_REDIRECT] 	at com.st.microxplorer.mcu.IP.getParameter(IP.java:4789)
2025-07-04 20:15:10,231 [ERROR] LogOutputStream:75 - [STDERR_REDIRECT] 	at com.st.microxplorer.mcu.IP.getRefParameters(IP.java:2150)
2025-07-04 20:15:10,232 [ERROR] LogOutputStream:75 - [STDERR_REDIRECT] 	at com.st.microxplorer.mcu.IP.getAllRequiredRefParameters(IP.java:4199)
2025-07-04 20:15:10,234 [ERROR] LogOutputStream:75 - [STDERR_REDIRECT] 	at com.st.microxplorer.mcu.RCCService.getAllRequiredRefParameters(RCCService.java:296)
2025-07-04 20:15:10,235 [ERROR] LogOutputStream:75 - [STDERR_REDIRECT] 	at com.st.microxplorer.mcu.IP.isAllParamsConfigured(IP.java:2999)
2025-07-04 20:15:10,236 [ERROR] LogOutputStream:75 - [STDERR_REDIRECT] 	at com.st.microxplorer.plugins.ipmanager.generictreatment.model.ParamManager.setConfigurationState(ParamManager.java:707)
2025-07-04 20:15:10,237 [ERROR] LogOutputStream:75 - [STDERR_REDIRECT] 	at com.st.microxplorer.plugins.ipmanager.generictreatment.model.ParamManager.setConfigurationState(ParamManager.java:696)
2025-07-04 20:15:10,239 [ERROR] LogOutputStream:75 - [STDERR_REDIRECT] 	at com.st.microxplorer.plugins.ip.genericplugin.GenericPlugin.setConfigurationState(GenericPlugin.java:84)
2025-07-04 20:15:10,240 [ERROR] LogOutputStream:75 - [STDERR_REDIRECT] 	at com.st.microxplorer.plugins.ipmanager.gui.IPsOverviews.setConfigState(IPsOverviews.java:2768)
2025-07-04 20:15:10,241 [ERROR] LogOutputStream:75 - [STDERR_REDIRECT] 	at com.st.microxplorer.plugins.ipmanager.gui.BlockDiagram.updateIPConfigState(BlockDiagram.java:1560)
2025-07-04 20:15:10,242 [ERROR] LogOutputStream:75 - [STDERR_REDIRECT] 	at com.st.microxplorer.plugins.ipmanager.gui.BlockDiagram.propertyChange(BlockDiagram.java:1395)
2025-07-04 20:15:10,243 [ERROR] LogOutputStream:75 - [STDERR_REDIRECT] 	at java.desktop/java.beans.PropertyChangeSupport.fire(PropertyChangeSupport.java:343)
2025-07-04 20:15:10,245 [ERROR] LogOutputStream:75 - [STDERR_REDIRECT] 	at java.desktop/java.beans.PropertyChangeSupport.firePropertyChange(PropertyChangeSupport.java:335)
2025-07-04 20:15:10,246 [ERROR] LogOutputStream:75 - [STDERR_REDIRECT] 	at java.desktop/java.beans.PropertyChangeSupport.firePropertyChange(PropertyChangeSupport.java:268)
2025-07-04 20:15:10,248 [ERROR] LogOutputStream:75 - [STDERR_REDIRECT] 	at com.st.microxplorer.util.MXPropertyChangeSupport.firePropertyChange(MXPropertyChangeSupport.java:54)
2025-07-04 20:15:10,250 [ERROR] LogOutputStream:75 - [STDERR_REDIRECT] 	at com.st.microxplorer.mxsystem.MxSystem.MxFirePropertyChange(MxSystem.java:219)
2025-07-04 20:15:10,251 [ERROR] LogOutputStream:75 - [STDERR_REDIRECT] 	at com.st.microxplorer.plugins.clock.gui.MultiplexerUI$2.done(MultiplexerUI.java:508)
2025-07-04 20:15:10,252 [ERROR] LogOutputStream:75 - [STDERR_REDIRECT] 	at java.desktop/javax.swing.SwingWorker$4.run(SwingWorker.java:749)
2025-07-04 20:15:10,253 [ERROR] LogOutputStream:75 - [STDERR_REDIRECT] 	at java.desktop/javax.swing.SwingWorker$DoSubmitAccumulativeRunnable.run(SwingWorker.java:847)
2025-07-04 20:15:10,254 [ERROR] LogOutputStream:75 - [STDERR_REDIRECT] 	at java.desktop/sun.swing.AccumulativeRunnable.run(AccumulativeRunnable.java:112)
2025-07-04 20:15:10,256 [ERROR] LogOutputStream:75 - [STDERR_REDIRECT] 	at java.desktop/javax.swing.SwingWorker$DoSubmitAccumulativeRunnable.actionPerformed(SwingWorker.java:857)
2025-07-04 20:15:10,257 [ERROR] LogOutputStream:75 - [STDERR_REDIRECT] 	at java.desktop/javax.swing.Timer.fireActionPerformed(Timer.java:311)
2025-07-04 20:15:10,258 [ERROR] LogOutputStream:75 - [STDERR_REDIRECT] 	at java.desktop/javax.swing.Timer$DoPostEvent.run(Timer.java:243)
2025-07-04 20:15:10,259 [ERROR] LogOutputStream:75 - [STDERR_REDIRECT] 	at java.desktop/java.awt.event.InvocationEvent.dispatch(InvocationEvent.java:318)
2025-07-04 20:15:10,260 [ERROR] LogOutputStream:75 - [STDERR_REDIRECT] 	at java.desktop/java.awt.EventQueue.dispatchEventImpl(EventQueue.java:773)
2025-07-04 20:15:10,261 [ERROR] LogOutputStream:75 - [STDERR_REDIRECT] 	at java.desktop/java.awt.EventQueue$4.run(EventQueue.java:720)
2025-07-04 20:15:10,262 [ERROR] LogOutputStream:75 - [STDERR_REDIRECT] 	at java.desktop/java.awt.EventQueue$4.run(EventQueue.java:714)
2025-07-04 20:15:10,263 [ERROR] LogOutputStream:75 - [STDERR_REDIRECT] 	at java.base/java.security.AccessController.doPrivileged(AccessController.java:400)
2025-07-04 20:15:10,265 [ERROR] LogOutputStream:75 - [STDERR_REDIRECT] 	at java.base/java.security.ProtectionDomain$JavaSecurityAccessImpl.doIntersectionPrivilege(ProtectionDomain.java:87)
2025-07-04 20:15:10,266 [ERROR] LogOutputStream:75 - [STDERR_REDIRECT] 	at java.desktop/java.awt.EventQueue.dispatchEvent(EventQueue.java:742)
2025-07-04 20:15:10,268 [ERROR] LogOutputStream:75 - [STDERR_REDIRECT] 	at java.desktop/java.awt.EventDispatchThread.pumpOneEventForFilters(EventDispatchThread.java:203)
2025-07-04 20:15:10,270 [ERROR] LogOutputStream:75 - [STDERR_REDIRECT] 	at java.desktop/java.awt.EventDispatchThread.pumpEventsForFilter(EventDispatchThread.java:124)
2025-07-04 20:15:10,271 [ERROR] LogOutputStream:75 - [STDERR_REDIRECT] 	at java.desktop/java.awt.EventDispatchThread.pumpEventsForHierarchy(EventDispatchThread.java:113)
2025-07-04 20:15:10,273 [ERROR] LogOutputStream:75 - [STDERR_REDIRECT] 	at java.desktop/java.awt.EventDispatchThread.pumpEvents(EventDispatchThread.java:109)
2025-07-04 20:15:10,275 [ERROR] LogOutputStream:75 - [STDERR_REDIRECT] 	at java.desktop/java.awt.EventDispatchThread.pumpEvents(EventDispatchThread.java:101)
2025-07-04 20:15:10,276 [ERROR] LogOutputStream:75 - [STDERR_REDIRECT] 	at java.desktop/java.awt.EventDispatchThread.run(EventDispatchThread.java:90)
2025-07-04 20:15:27,432 [INFO] MainUpdater:2872 - connection check result : 10
2025-07-04 20:15:27,432 [INFO] MainUpdater:2872 - connection check result : 10
2025-07-04 20:15:27,543 [INFO] I2cTimingTraitement:330 - 0x307075B1
2025-07-04 20:15:27,553 [INFO] MicroXplorer:468 - Change Database Path : 
2025-07-04 20:15:27,553 [INFO] MicroXplorer:498 - Change Database Version : DB.6.0.140
2025-07-04 20:15:27,570 [ERROR] ProjectManagerView:394 - 
java.lang.NullPointerException: Cannot invoke "javax.swing.JTextField.getText()" because the return value of "java.util.List.get(int)" is null
	at com.st.microxplorer.plugins.projectmanager.gui.ProjectChoiceTab$9.caretUpdate(ProjectChoiceTab.java:2678) ~[filemanager.jar:?]
	at javax.swing.text.JTextComponent.fireCaretUpdate(JTextComponent.java:408) ~[?:?]
	at javax.swing.text.JTextComponent$MutableCaretEvent.fire(JTextComponent.java:4484) ~[?:?]
	at javax.swing.text.JTextComponent$MutableCaretEvent.stateChanged(JTextComponent.java:4506) ~[?:?]
	at javax.swing.text.DefaultCaret.fireStateChanged(DefaultCaret.java:857) ~[?:?]
	at javax.swing.text.DefaultCaret.changeCaretPosition(DefaultCaret.java:1343) ~[?:?]
	at javax.swing.text.DefaultCaret.handleSetDot(DefaultCaret.java:1242) ~[?:?]
	at javax.swing.text.DefaultCaret.setDot(DefaultCaret.java:1223) ~[?:?]
	at javax.swing.text.DefaultCaret$Handler.insertUpdate(DefaultCaret.java:1819) ~[?:?]
	at javax.swing.text.AbstractDocument.fireInsertUpdate(AbstractDocument.java:227) ~[?:?]
	at javax.swing.text.AbstractDocument.handleInsertString(AbstractDocument.java:781) ~[?:?]
	at javax.swing.text.AbstractDocument.insertString(AbstractDocument.java:740) ~[?:?]
	at javax.swing.text.PlainDocument.insertString(PlainDocument.java:131) ~[?:?]
	at javax.swing.text.AbstractDocument.replace(AbstractDocument.java:699) ~[?:?]
	at javax.swing.text.JTextComponent.setText(JTextComponent.java:1725) ~[?:?]
	at com.st.microxplorer.plugins.projectmanager.gui.ProjectChoiceTab.createHeapStackFields(ProjectChoiceTab.java:979) ~[filemanager.jar:?]
	at com.st.microxplorer.plugins.projectmanager.gui.ProjectChoiceTab.buildLinkSettingsPanel(ProjectChoiceTab.java:3766) ~[filemanager.jar:?]
	at com.st.microxplorer.plugins.projectmanager.gui.ProjectChoiceTab.defineWindowsFields(ProjectChoiceTab.java:1962) ~[filemanager.jar:?]
	at com.st.microxplorer.plugins.projectmanager.gui.ProjectChoiceTab.updateSettings(ProjectChoiceTab.java:555) ~[filemanager.jar:?]
	at com.st.microxplorer.plugins.projectmanager.gui.ProjectSettingsPanel.UpdateDialog(ProjectSettingsPanel.java:245) ~[filemanager.jar:?]
	at com.st.microxplorer.plugins.projectmanager.ProjectManagerView.propertyChange(ProjectManagerView.java:391) ~[filemanager.jar:?]
	at java.beans.PropertyChangeSupport.fire(PropertyChangeSupport.java:343) ~[?:?]
	at java.beans.PropertyChangeSupport.firePropertyChange(PropertyChangeSupport.java:335) ~[?:?]
	at java.beans.PropertyChangeSupport.firePropertyChange(PropertyChangeSupport.java:268) ~[?:?]
	at com.st.microxplorer.util.MXPropertyChangeSupport.firePropertyChange(MXPropertyChangeSupport.java:54) ~[STM32CubeMX.jar:?]
	at com.st.microxplorer.mxsystem.MxSystem.closeConfig(MxSystem.java:899) ~[STM32CubeMX.jar:?]
	at com.st.microxplorer.maingui.MainPanel.closeConfig(MainPanel.java:789) ~[STM32CubeMX.jar:?]
	at com.st.microxplorer.plugins.filemanager.engine.OpenFileManager.loadConfigurationFile(OpenFileManager.java:287) ~[filemanager.jar:?]
	at com.st.microxplorer.plugins.filemanager.engine.MainFileManager.userLoadConfig(MainFileManager.java:341) ~[filemanager.jar:?]
	at com.st.microxplorer.plugins.filemanager.engine.MainFileManager.userLoadConfig(MainFileManager.java:319) ~[filemanager.jar:?]
	at com.st.microxplorer.plugins.filemanager.FileManagerView.getSpecificTask(FileManagerView.java:246) ~[filemanager.jar:?]
	at com.st.stm32cube.common.mx.editor.CubeMxEditor.getMxTabbedPaneInstance(CubeMxEditor.java:1198) ~[com.st.stm32cube.common.mx_6.14.0.202502271554/:?]
	at com.st.stm32cube.common.mx.editor.CubeMxEditor$12$1.createSwingComponent(CubeMxEditor.java:1068) ~[com.st.stm32cube.common.mx_6.14.0.202502271554/:?]
	at com.st.stm32cube.common.mx.oss.core.awtswtbridge.EmbeddedSwingComposite.doComponentCreation(EmbeddedSwingComposite.java:492) ~[com.st.stm32cube.common.mx.oss_6.14.0.202502271554/:?]
	at com.st.stm32cube.common.mx.oss.core.awtswtbridge.EmbeddedSwingComposite$4.run(EmbeddedSwingComposite.java:291) ~[com.st.stm32cube.common.mx.oss_6.14.0.202502271554/:?]
	at com.st.stm32cube.common.mx.oss.core.awtswtbridge.AwtEnvironment$2.run(AwtEnvironment.java:166) ~[com.st.stm32cube.common.mx.oss_6.14.0.202502271554/:?]
	at java.awt.event.InvocationEvent.dispatch(InvocationEvent.java:318) ~[?:?]
	at java.awt.EventQueue.dispatchEventImpl(EventQueue.java:773) ~[?:?]
	at java.awt.EventQueue$4.run(EventQueue.java:720) ~[?:?]
	at java.awt.EventQueue$4.run(EventQueue.java:714) ~[?:?]
	at java.security.AccessController.doPrivileged(AccessController.java:400) ~[?:?]
	at java.security.ProtectionDomain$JavaSecurityAccessImpl.doIntersectionPrivilege(ProtectionDomain.java:87) ~[?:?]
	at java.awt.EventQueue.dispatchEvent(EventQueue.java:742) ~[?:?]
	at java.awt.EventDispatchThread.pumpOneEventForFilters(EventDispatchThread.java:203) ~[?:?]
	at java.awt.EventDispatchThread.pumpEventsForFilter(EventDispatchThread.java:124) ~[?:?]
	at java.awt.EventDispatchThread.pumpEventsForHierarchy(EventDispatchThread.java:113) ~[?:?]
	at java.awt.EventDispatchThread.pumpEvents(EventDispatchThread.java:109) ~[?:?]
	at java.awt.EventDispatchThread.pumpEvents(EventDispatchThread.java:101) ~[?:?]
	at java.awt.EventDispatchThread.run(EventDispatchThread.java:90) ~[?:?]
2025-07-04 20:15:27,574 [WARN] ThirdParty:871 - waiting for thirdparty lock release [close project]
2025-07-04 20:15:27,574 [INFO] ThirdParty:873 - entering critical section [close project]
2025-07-04 20:15:27,574 [INFO] ThirdParty:883 - exiting critical section [close project]
2025-07-04 20:15:27,577 [INFO] PinOutPanel:1589 - setPackage(No Configuration,No Configuration)
2025-07-04 20:15:27,585 [WARN] IpParametersView:155 - Warning: This peripheral hasn't parameters
2025-07-04 20:15:27,590 [WARN] MainPanel:289 - <html><b><center>Warning: This peripheral has no parameters to be configured<br></b></html>
2025-07-04 20:15:27,596 [INFO] UtilMem:75 - Begin LoadConfig() Used Memory: 836577360 Bytes (1073741824)
2025-07-04 20:15:27,597 [INFO] MicroXplorer:468 - Change Database Path : 
2025-07-04 20:15:27,597 [INFO] MicroXplorer:498 - Change Database Version : DB.6.0.140
2025-07-04 20:15:27,597 [INFO] OpenFileManager:354 - Change cursor
2025-07-04 20:15:27,639 [INFO] RulesReader:64 - Compatibility file has been processed (301 Rules)
2025-07-04 20:15:27,651 [INFO] Mcu:2011 - Initializing MCU STM32H743VITx STM32H743VITx STM32H743VIT6
2025-07-04 20:15:31,933 [INFO] Context:756 - Trying to add GPIOservice into a context  which must be forbidden
2025-07-04 20:15:33,868 [INFO] ImportTextPane:218 - (OptionalMessage_ERROR) Pin16 (VP_RIF_VS_RIF1) cannot be retrieved for this MCU
2025-07-04 20:15:34,049 [INFO] RtosManager:558 - Registered RTOS mode: class=CMSIS, group=RTOS, mode=CMSIS_V1, owner=FREERTOS
2025-07-04 20:15:34,049 [INFO] RtosManager:558 - Registered RTOS mode: class=CMSIS, group=RTOS2, mode=CMSIS_V2, owner=FREERTOS
2025-07-04 20:15:34,049 [INFO] RtosManager:558 - Registered RTOS mode: class=RTOS, group=Core, mode=CMSIS_V1, owner=FREERTOS
2025-07-04 20:15:34,049 [INFO] RtosManager:558 - Registered RTOS mode: class=RTOS, group=Core, mode=CMSIS_V2, owner=FREERTOS
2025-07-04 20:15:34,049 [WARN] ModelIntegratedComponent:184 - Missing modes for component STMicroelectronics:FreeRTOS:0.0.1:STMicroelectronics:RTOS:FreeRTOS:Core:::10.2.0:
2025-07-04 20:15:34,060 [WARN] ModelIntegratedComponent:63 - No mode defined for component null
2025-07-04 20:15:34,060 [WARN] ModelIntegratedComponent:63 - No mode defined for component null
2025-07-04 20:15:34,060 [WARN] ModelIntegratedComponent:63 - No mode defined for component null
2025-07-04 20:15:34,060 [WARN] ModelIntegratedComponent:63 - No mode defined for component null
2025-07-04 20:15:34,060 [WARN] ModelIntegratedComponent:63 - No mode defined for component null
2025-07-04 20:15:34,060 [WARN] ModelIntegratedComponent:63 - No mode defined for component null
2025-07-04 20:15:34,060 [WARN] ModelIntegratedComponent:63 - No mode defined for component null
2025-07-04 20:15:34,060 [WARN] ModelIntegratedComponent:63 - No mode defined for component null
2025-07-04 20:15:34,060 [WARN] ModelIntegratedComponent:63 - No mode defined for component null
2025-07-04 20:15:34,060 [WARN] ModelIntegratedComponent:63 - No mode defined for component null
2025-07-04 20:15:34,060 [WARN] ModelIntegratedComponent:63 - No mode defined for component null
2025-07-04 20:15:34,060 [WARN] ModelIntegratedComponent:63 - No mode defined for component null
2025-07-04 20:15:34,060 [WARN] ModelIntegratedComponent:63 - No mode defined for component null
2025-07-04 20:15:34,060 [WARN] ModelIntegratedComponent:63 - No mode defined for component null
2025-07-04 20:15:34,060 [WARN] ModelIntegratedComponent:63 - No mode defined for component null
2025-07-04 20:15:34,060 [WARN] ModelIntegratedComponent:63 - No mode defined for component null
2025-07-04 20:15:34,060 [WARN] ModelIntegratedComponent:63 - No mode defined for component null
2025-07-04 20:15:34,060 [WARN] ModelIntegratedComponent:63 - No mode defined for component null
2025-07-04 20:15:34,060 [WARN] ModelIntegratedComponent:63 - No mode defined for component null
2025-07-04 20:15:34,060 [WARN] ModelIntegratedComponent:63 - No mode defined for component null
2025-07-04 20:15:34,060 [WARN] ModelIntegratedComponent:63 - No mode defined for component null
2025-07-04 20:15:34,061 [WARN] ModelIntegratedComponent:63 - No mode defined for component null
2025-07-04 20:15:34,061 [WARN] ModelIntegratedComponent:63 - No mode defined for component null
2025-07-04 20:15:34,061 [WARN] ModelIntegratedComponent:63 - No mode defined for component null
2025-07-04 20:15:34,061 [WARN] ModelIntegratedComponent:63 - No mode defined for component null
2025-07-04 20:15:34,061 [WARN] ModelIntegratedComponent:63 - No mode defined for component null
2025-07-04 20:15:34,061 [WARN] ModelIntegratedComponent:63 - No mode defined for component null
2025-07-04 20:15:34,061 [WARN] ModelIntegratedComponent:63 - No mode defined for component null
2025-07-04 20:15:34,061 [WARN] ModelIntegratedComponent:63 - No mode defined for component null
2025-07-04 20:15:34,061 [WARN] ModelIntegratedComponent:63 - No mode defined for component null
2025-07-04 20:15:34,061 [WARN] ModelIntegratedComponent:63 - No mode defined for component null
2025-07-04 20:15:34,061 [WARN] ModelIntegratedComponent:63 - No mode defined for component null
2025-07-04 20:15:34,061 [WARN] ModelIntegratedComponent:63 - No mode defined for component null
2025-07-04 20:15:34,061 [WARN] ModelIntegratedComponent:63 - No mode defined for component null
2025-07-04 20:15:34,061 [WARN] ModelIntegratedComponent:63 - No mode defined for component null
2025-07-04 20:15:34,061 [WARN] ModelPack:524 - Component already loaded: STMicroelectronics:HAL Drivers:0.0.0:STMicroelectronics:Device:STMicro_Driver:XSPI:HAL::0.0.1:HAL_XSPI
2025-07-04 20:15:34,344 [INFO] ThirdPartyModel:298 - Start build external matchings
2025-07-04 20:15:36,146 [INFO] ThirdPartyModel:316 - End build external matchings
2025-07-04 20:15:36,201 [INFO] ImportTextPane:218 - (OptionalMessage_ERROR) IP (RCC) : Invalid parameter (FamilyName)
2025-07-04 20:15:36,201 [INFO] ImportTextPane:218 - (OptionalMessage_ERROR) IP (RCC) : Parameter (I2C123Freq_Value) has invalid value (120000000)
2025-07-04 20:15:36,201 [INFO] ImportTextPane:218 - (OptionalMessage_ERROR) IP (RCC) : Parameter (I2C4Freq_Value) has invalid value (120000000)
2025-07-04 20:15:36,202 [INFO] ImportTextPane:218 - (OptionalMessage_ERROR) IP (RCC) : Parameter (LPTIM1Freq_Value) has invalid value (120000000)
2025-07-04 20:15:36,202 [INFO] ImportTextPane:218 - (OptionalMessage_ERROR) IP (RCC) : Parameter (LPTIM2Freq_Value) has invalid value (120000000)
2025-07-04 20:15:36,202 [INFO] ImportTextPane:218 - (OptionalMessage_ERROR) IP (RCC) : Parameter (LPTIM345Freq_Value) has invalid value (120000000)
2025-07-04 20:15:36,202 [INFO] ImportTextPane:218 - (OptionalMessage_ERROR) IP (RCC) : Parameter (LPUART1Freq_Value) has invalid value (120000000)
2025-07-04 20:15:36,202 [INFO] ImportTextPane:218 - (OptionalMessage_ERROR) IP (RCC) : Parameter (SPI45Freq_Value) has invalid value (120000000)
2025-07-04 20:15:36,202 [INFO] ImportTextPane:218 - (OptionalMessage_ERROR) IP (RCC) : Parameter (SPI6Freq_Value) has invalid value (120000000)
2025-07-04 20:15:36,202 [INFO] ImportTextPane:218 - (OptionalMessage_ERROR) IP (RCC) : Parameter (SWPMI1Freq_Value) has invalid value (120000000)
2025-07-04 20:15:36,202 [INFO] ImportTextPane:218 - (OptionalMessage_ERROR) IP (RCC) : Parameter (USART16Freq_Value) has invalid value (120000000)
2025-07-04 20:15:36,202 [INFO] ImportTextPane:218 - (OptionalMessage_ERROR) IP (RCC) : Parameter (USART234578Freq_Value) has invalid value (120000000)
2025-07-04 20:15:36,207 [WARN] IP:2250 - DEVICE_SERIAL0_MSC_FS not found: check if there is a RefParameter without a condition.
2025-07-04 20:15:36,207 [WARN] IP:2250 - DEVICE_SERIAL1_MSC_FS not found: check if there is a RefParameter without a condition.
2025-07-04 20:15:36,207 [WARN] IP:2250 - DEVICE_SERIAL2_MSC_FS not found: check if there is a RefParameter without a condition.
2025-07-04 20:15:36,799 [INFO] UtilMem:75 - End LoadConfig() Used Memory: 826242016 Bytes (1073741824)
2025-07-04 20:15:36,821 [WARN] ThirdParty:833 - waiting for thirdparty lock release [change project]
2025-07-04 20:15:36,822 [INFO] ThirdParty:835 - entering critical section [change project]
2025-07-04 20:15:36,822 [INFO] ThirdParty:1030 - CMSIS Pack Vendor :STMicroelectronics X-CUBE-PM33A1 1.0.0
2025-07-04 20:15:36,822 [INFO] ThirdParty:1030 - CMSIS Pack Vendor :STMicroelectronics USBPD 4.1
2025-07-04 20:15:36,822 [INFO] ThirdParty:1030 - CMSIS Pack Vendor :STMicroelectronics X-CUBE-AZRTOS-H7 3.3.0
2025-07-04 20:15:36,822 [INFO] ThirdParty:1030 - CMSIS Pack Vendor :STMicroelectronics X-CUBE-NFC9 1.0.0
2025-07-04 20:15:36,822 [INFO] ThirdParty:1030 - CMSIS Pack Vendor :STMicroelectronics USB_HOST 2.0.0
2025-07-04 20:15:36,822 [INFO] ThirdParty:1030 - CMSIS Pack Vendor :STMicroelectronics FP-SNS-MOTENVWB1 1.4.0
2025-07-04 20:15:36,822 [INFO] ThirdParty:1030 - CMSIS Pack Vendor :STMicroelectronics X-CUBE-AZRTOS-F4 1.1.0
2025-07-04 20:15:36,822 [INFO] ThirdParty:1030 - CMSIS Pack Vendor :STMicroelectronics LIBJPEG 8.0.0
2025-07-04 20:15:36,822 [INFO] ThirdParty:1030 - CMSIS Pack Vendor :STMicroelectronics FP-ATR-ASTRA1 2.0.2
2025-07-04 20:15:36,822 [INFO] ThirdParty:1030 - CMSIS Pack Vendor :STMicroelectronics X-CUBE-BLE1 7.1.0
2025-07-04 20:15:36,822 [INFO] ThirdParty:1030 - CMSIS Pack Vendor :Avnet-IotConnect X-CUBE-IoTC-DA16k-PMOD 1.0.0
2025-07-04 20:15:36,822 [INFO] ThirdParty:1030 - CMSIS Pack Vendor :STMicroelectronics X-CUBE-SMBUS 2.1.0
2025-07-04 20:15:36,822 [INFO] ThirdParty:1030 - CMSIS Pack Vendor :STMicroelectronics X-CUBE-WB05N 1.1.0
2025-07-04 20:15:36,822 [INFO] ThirdParty:1030 - CMSIS Pack Vendor :wolfSSL I-CUBE-wolfMQTT 1.19.2
2025-07-04 20:15:36,822 [INFO] ThirdParty:1030 - CMSIS Pack Vendor :STMicroelectronics USB_DEVICE 3.0.0
2025-07-04 20:15:36,822 [INFO] ThirdParty:1030 - CMSIS Pack Vendor :STMicroelectronics X-CUBE-ISPU 2.1.0
2025-07-04 20:15:36,822 [INFO] ThirdParty:1030 - CMSIS Pack Vendor :STMicroelectronics X-CUBE-AZRTOS-WB 2.0.0
2025-07-04 20:15:36,822 [INFO] ThirdParty:1030 - CMSIS Pack Vendor :STMicroelectronics X-CUBE-ST60 1.0.0
2025-07-04 20:15:36,822 [INFO] ThirdParty:1030 - CMSIS Pack Vendor :STMicroelectronics X-CUBE-GNSS1 7.0.1
2025-07-04 20:15:36,822 [INFO] ThirdParty:1030 - CMSIS Pack Vendor :STMicroelectronics X-CUBE-AZRTOS-F7 1.1.0
2025-07-04 20:15:36,822 [INFO] ThirdParty:1030 - CMSIS Pack Vendor :STMicroelectronics X-CUBE-AZRTOS-L5 2.0.0
2025-07-04 20:15:36,822 [INFO] ThirdParty:1030 - CMSIS Pack Vendor :STMicroelectronics X-CUBE-TOUCHGFX 4.25.0
2025-07-04 20:15:36,822 [INFO] ThirdParty:1030 - CMSIS Pack Vendor :STMicroelectronics USB_DEVICE 2.0.0
2025-07-04 20:15:36,822 [INFO] ThirdParty:1030 - CMSIS Pack Vendor :STMicroelectronics X-CUBE-NFC6 3.1.0
2025-07-04 20:15:36,822 [INFO] ThirdParty:1030 - CMSIS Pack Vendor :STMicroelectronics X-CUBE-AI 10.1.0
2025-07-04 20:15:36,822 [INFO] ThirdParty:1030 - CMSIS Pack Vendor :STMicroelectronics FP-SNS-STBOX1 2.0.0
2025-07-04 20:15:36,822 [INFO] ThirdParty:1030 - CMSIS Pack Vendor :STMicroelectronics X-CUBE-MEMS1 11.2.0
2025-07-04 20:15:36,822 [INFO] ThirdParty:1030 - CMSIS Pack Vendor :STMicroelectronics FreeRTOS 0.0.1
2025-07-04 20:15:36,822 [INFO] ThirdParty:1030 - CMSIS Pack Vendor :STMicroelectronics X-CUBE-AZRTOS-G0 1.1.0
2025-07-04 20:15:36,822 [INFO] ThirdParty:1030 - CMSIS Pack Vendor :STMicroelectronics X-CUBE-SAFEA1 1.2.2
2025-07-04 20:15:36,822 [INFO] ThirdParty:1030 - CMSIS Pack Vendor :STMicroelectronics X-CUBE-NFC4 3.0.0
2025-07-04 20:15:36,822 [INFO] ThirdParty:1030 - CMSIS Pack Vendor :STMicroelectronics X-CUBE-DPower 1.2.0
2025-07-04 20:15:36,822 [INFO] ThirdParty:1030 - CMSIS Pack Vendor :STMicroelectronics X-CUBE-SUBG2 5.0.0
2025-07-04 20:15:36,822 [INFO] ThirdParty:1030 - CMSIS Pack Vendor :STMicroelectronics X-CUBE-AZRTOS-H7RS 1.1.0
2025-07-04 20:15:36,822 [INFO] ThirdParty:1030 - CMSIS Pack Vendor :STMicroelectronics STM32_WPAN 1.0.0
2025-07-04 20:15:36,822 [INFO] ThirdParty:1030 - CMSIS Pack Vendor :EmbeddedOffice I-CUBE-FS-RTOS 1.0.1
2025-07-04 20:15:36,822 [INFO] ThirdParty:1030 - CMSIS Pack Vendor :STMicroelectronics lwIP 2.0.3
2025-07-04 20:15:36,823 [INFO] ThirdParty:1030 - CMSIS Pack Vendor :STMicroelectronics FP-SNS-FLIGHT1 5.0.2
2025-07-04 20:15:36,823 [INFO] ThirdParty:1030 - CMSIS Pack Vendor :Cesanta I-CUBE-Mongoose 7.13.0
2025-07-04 20:15:36,823 [INFO] ThirdParty:1030 - CMSIS Pack Vendor :STMicroelectronics USB_HOST 1.0.0
2025-07-04 20:15:36,823 [INFO] ThirdParty:1030 - CMSIS Pack Vendor :Infineon AIROC-Wi-Fi-Bluetooth-STM32 1.7.0
2025-07-04 20:15:36,823 [INFO] ThirdParty:1030 - CMSIS Pack Vendor :STMicroelectronics X-CUBE-AZRTOS-G4 2.0.0
2025-07-04 20:15:36,823 [INFO] ThirdParty:1030 - CMSIS Pack Vendor :STMicroelectronics X-CUBE-WB05N 2.0.0
2025-07-04 20:15:36,823 [INFO] ThirdParty:1030 - CMSIS Pack Vendor :STMicroelectronics PDM2PCM 3.1.0
2025-07-04 20:15:36,823 [INFO] ThirdParty:1030 - CMSIS Pack Vendor :STMicroelectronics PDM2PCM 3.3.0
2025-07-04 20:15:36,823 [INFO] ThirdParty:1030 - CMSIS Pack Vendor :wolfSSL I-CUBE-wolfTPM 3.8.0
2025-07-04 20:15:36,823 [INFO] ThirdParty:1030 - CMSIS Pack Vendor :STMicroelectronics X-CUBE-DISPLAY 3.0.0
2025-07-04 20:15:36,823 [INFO] ThirdParty:1030 - CMSIS Pack Vendor :wolfSSL I-CUBE-wolfSSH 1.4.20
2025-07-04 20:15:36,823 [INFO] ThirdParty:1030 - CMSIS Pack Vendor :STMicroelectronics X-CUBE-NFC7 2.0.0
2025-07-04 20:15:36,823 [INFO] ThirdParty:1030 - CMSIS Pack Vendor :STMicroelectronics X-CUBE-TCPP 4.2.0
2025-07-04 20:15:36,823 [INFO] ThirdParty:1030 - CMSIS Pack Vendor :RealThread X-CUBE-RT-Thread_Nano 4.1.1
2025-07-04 20:15:36,823 [INFO] ThirdParty:1030 - CMSIS Pack Vendor :STMicroelectronics FP-ATR-SIGFOX1 3.2.0
2025-07-04 20:15:36,823 [INFO] ThirdParty:1030 - CMSIS Pack Vendor :STMicroelectronics X-CUBE-NFC10 1.0.0
2025-07-04 20:15:36,823 [INFO] ThirdParty:1030 - CMSIS Pack Vendor :STMicroelectronics X-CUBE-BLEMGR 4.0.0
2025-07-04 20:15:36,823 [INFO] ThirdParty:1030 - CMSIS Pack Vendor :STMicroelectronics X-CUBE-EEPRMA1 5.1.0
2025-07-04 20:15:36,823 [INFO] ThirdParty:1030 - CMSIS Pack Vendor :STMicroelectronics X-CUBE-FREERTOS 1.3.1
2025-07-04 20:15:36,823 [INFO] ThirdParty:1030 - CMSIS Pack Vendor :STMicroelectronics HAL Drivers 0.0.0
2025-07-04 20:15:36,824 [INFO] ThirdParty:1030 - CMSIS Pack Vendor :STMicroelectronics MBEDTLS 2.16.2
2025-07-04 20:15:36,824 [INFO] ThirdParty:1030 - CMSIS Pack Vendor :STMicroelectronics X-CUBE-IPS 3.1.0
2025-07-04 20:15:36,824 [INFO] ThirdParty:1030 - CMSIS Pack Vendor :STMicroelectronics X-CUBE-ALS 1.0.2
2025-07-04 20:15:36,824 [INFO] ThirdParty:1030 - CMSIS Pack Vendor :emotas I-CUBE-CANOPEN 1.3.0
2025-07-04 20:15:36,824 [INFO] ThirdParty:1030 - CMSIS Pack Vendor :STMicroelectronics X-CUBE-FREERTOS 1.3.0
2025-07-04 20:15:36,824 [INFO] ThirdParty:1030 - CMSIS Pack Vendor :STMicroelectronics X-CUBE-NFC7 1.0.1
2025-07-04 20:15:36,824 [INFO] ThirdParty:1030 - CMSIS Pack Vendor :STMicroelectronics MBEDTLS 2.14.1
2025-07-04 20:15:36,824 [INFO] ThirdParty:1030 - CMSIS Pack Vendor :wolfSSL I-CUBE-wolfSSL 5.7.6
2025-07-04 20:15:36,824 [INFO] ThirdParty:1030 - CMSIS Pack Vendor :ITTIA_DB I-CUBE-ITTIADB 8.9.0
2025-07-04 20:15:36,824 [INFO] ThirdParty:1030 - CMSIS Pack Vendor :STMicroelectronics X-CUBE-TOUCHGFX 4.24.2
2025-07-04 20:15:36,824 [INFO] ThirdParty:1030 - CMSIS Pack Vendor :portGmbH I-Cube-SoM-uGOAL 1.1.0
2025-07-04 20:15:36,824 [INFO] ThirdParty:1030 - CMSIS Pack Vendor :quantropi X-CUBE-qispace-sdk-base 2.0.0
2025-07-04 20:15:36,824 [INFO] ThirdParty:1030 - CMSIS Pack Vendor :STMicroelectronics X-CUBE-AI 10.0.0
2025-07-04 20:15:36,824 [INFO] ThirdParty:1030 - CMSIS Pack Vendor :STMicroelectronics X-CUBE-ST67W61 1.0.0
2025-07-04 20:15:36,824 [INFO] ThirdParty:1030 - CMSIS Pack Vendor :STMicroelectronics FP-SNS-STAIOTCFT 1.0.0
2025-07-04 20:15:36,824 [INFO] ThirdParty:1030 - CMSIS Pack Vendor :STMicroelectronics ThreadX 1.0.0
2025-07-04 20:15:36,824 [INFO] ThirdParty:1030 - CMSIS Pack Vendor :STMicroelectronics FP-SNS-SMARTAG2 1.2.0
2025-07-04 20:15:36,824 [INFO] ThirdParty:1030 - CMSIS Pack Vendor :STMicroelectronics FP-SNS-FLIGHT1 5.1.0
2025-07-04 20:15:36,824 [INFO] ThirdParty:1030 - CMSIS Pack Vendor :STMicroelectronics X-CUBE-MEMS1 11.1.0
2025-07-04 20:15:36,824 [INFO] ThirdParty:1030 - CMSIS Pack Vendor :STMicroelectronics X-CUBE-AZRTOS-WL 2.0.0
2025-07-04 20:15:36,824 [INFO] ThirdParty:1030 - CMSIS Pack Vendor :SEGGER I-CUBE-embOS 1.3.1
2025-07-04 20:15:36,824 [INFO] ThirdParty:1030 - CMSIS Pack Vendor :STMicroelectronics X-CUBE-ALGOBUILD 1.4.0
2025-07-04 20:15:36,824 [INFO] ThirdParty:1030 - CMSIS Pack Vendor :STMicroelectronics X-CUBE-DPower 1.3.0
2025-07-04 20:15:36,824 [INFO] ThirdParty:1030 - CMSIS Pack Vendor :STMicroelectronics X-CUBE-MEMS1 11.3.0
2025-07-04 20:15:36,824 [INFO] ThirdParty:1030 - CMSIS Pack Vendor :STMicroelectronics FP-SNS-MOTENV1 5.0.0
2025-07-04 20:15:36,824 [INFO] ThirdParty:1030 - CMSIS Pack Vendor :STMicroelectronics USB_DEVICE 1.0.0
2025-07-04 20:15:36,824 [INFO] ThirdParty:1030 - CMSIS Pack Vendor :STMicroelectronics X-CUBE-AZRTOS-H7RS 1.0.0
2025-07-04 20:15:36,824 [INFO] ThirdParty:1030 - CMSIS Pack Vendor :STMicroelectronics X-CUBE-AZRTOS-L4 2.0.0
2025-07-04 20:15:36,824 [INFO] ThirdParty:1030 - CMSIS Pack Vendor :STMicroelectronics ThreadX 0.0.2
2025-07-04 20:15:36,824 [INFO] ThirdParty:1030 - CMSIS Pack Vendor :WES I-CUBE-Cesium 1.3.0
2025-07-04 20:15:36,825 [INFO] ThirdParty:1030 - CMSIS Pack Vendor :STMicroelectronics lwIP 2.1.2
2025-07-04 20:15:36,825 [INFO] ThirdParty:1030 - CMSIS Pack Vendor :STMicroelectronics X-CUBE-SFXS2LP1 4.0.0
2025-07-04 20:15:36,825 [INFO] ThirdParty:1030 - CMSIS Pack Vendor :STMicroelectronics X-CUBE-BLE2 3.3.0
2025-07-04 20:15:36,825 [INFO] ThirdParty:1030 - CMSIS Pack Vendor :STMicroelectronics X-CUBE-TOF1 3.4.2
2025-07-04 20:15:36,825 [INFO] ThirdParty:1030 - CMSIS Pack Vendor :STMicroelectronics X-CUBE-TOF1 3.4.3
2025-07-04 20:15:36,825 [INFO] ThirdParty:1030 - CMSIS Pack Vendor :STMicroelectronics PDM2PCM 3.2.0
2025-07-04 20:15:36,825 [INFO] ThirdParty:841 - exiting critical section [change project]
2025-07-04 20:15:37,207 [INFO] PinOutPanel:1589 - setPackage(No Configuration,No Configuration)
2025-07-04 20:15:37,208 [INFO] PinOutPanel:1589 - setPackage(STM32H743VITx,LQFP100)
2025-07-04 20:15:38,019 [INFO] UtilMem:75 - Before build in PCC Used Memory: 846814528 Bytes (1073741824)
2025-07-04 20:15:38,356 [INFO] UtilMem:75 - After build in PCC Used Memory: 908132256 Bytes (1073741824)
2025-07-04 20:15:38,369 [INFO] ApiDbMcu:508 - Load IP Config File for USB_DEVICE
2025-07-04 20:15:38,404 [INFO] IPUIPlugin:80 - create IPUIPlugin
2025-07-04 20:15:38,404 [INFO] IPUIPlugin:80 - create IPUIPlugin
2025-07-04 20:15:38,404 [INFO] IPUIPlugin:80 - create IPUIPlugin
2025-07-04 20:15:38,404 [INFO] IPUIPlugin:80 - create IPUIPlugin
2025-07-04 20:15:38,404 [INFO] IPUIPlugin:80 - create IPUIPlugin
2025-07-04 20:15:38,404 [INFO] IPUIPlugin:80 - create IPUIPlugin
2025-07-04 20:15:38,405 [INFO] IPUIPlugin:80 - create IPUIPlugin
2025-07-04 20:15:38,405 [INFO] IPUIPlugin:80 - create IPUIPlugin
2025-07-04 20:15:38,405 [INFO] IPUIPlugin:80 - create IPUIPlugin
2025-07-04 20:15:38,405 [INFO] IPUIPlugin:80 - create IPUIPlugin
2025-07-04 20:15:38,405 [INFO] IPUIPlugin:80 - create IPUIPlugin
2025-07-04 20:15:38,405 [INFO] IPUIPlugin:80 - create IPUIPlugin
2025-07-04 20:15:38,405 [INFO] IPUIPlugin:80 - create IPUIPlugin
2025-07-04 20:15:38,405 [INFO] IPUIPlugin:80 - create IPUIPlugin
2025-07-04 20:15:38,406 [INFO] IPUIPlugin:80 - create IPUIPlugin
2025-07-04 20:15:38,406 [INFO] IPUIPlugin:80 - create IPUIPlugin
2025-07-04 20:15:38,406 [INFO] IPUIPlugin:80 - create IPUIPlugin
2025-07-04 20:15:38,406 [INFO] IPUIPlugin:80 - create IPUIPlugin
2025-07-04 20:15:38,406 [INFO] IPUIPlugin:80 - create IPUIPlugin
2025-07-04 20:15:38,406 [INFO] IPUIPlugin:80 - create IPUIPlugin
2025-07-04 20:15:38,406 [INFO] IPUIPlugin:80 - create IPUIPlugin
2025-07-04 20:15:38,406 [INFO] IPUIPlugin:80 - create IPUIPlugin
2025-07-04 20:15:38,407 [INFO] IPUIPlugin:80 - create IPUIPlugin
2025-07-04 20:15:38,407 [INFO] IPUIPlugin:80 - create IPUIPlugin
2025-07-04 20:15:38,407 [INFO] IPUIPlugin:80 - create IPUIPlugin
2025-07-04 20:15:38,407 [INFO] IPUIPlugin:80 - create IPUIPlugin
2025-07-04 20:15:38,408 [INFO] IPUIPlugin:80 - create IPUIPlugin
2025-07-04 20:15:38,408 [INFO] IPUIPlugin:80 - create IPUIPlugin
2025-07-04 20:15:38,408 [INFO] IPUIPlugin:80 - create IPUIPlugin
2025-07-04 20:15:38,408 [INFO] IPUIPlugin:80 - create IPUIPlugin
2025-07-04 20:15:38,408 [INFO] IPUIPlugin:80 - create IPUIPlugin
2025-07-04 20:15:38,408 [INFO] IPUIPlugin:80 - create IPUIPlugin
2025-07-04 20:15:38,409 [INFO] IPUIPlugin:80 - create IPUIPlugin
2025-07-04 20:15:38,409 [INFO] IPUIPlugin:80 - create IPUIPlugin
2025-07-04 20:15:38,409 [INFO] IPUIPlugin:80 - create IPUIPlugin
2025-07-04 20:15:38,409 [INFO] IPUIPlugin:80 - create IPUIPlugin
2025-07-04 20:15:38,410 [INFO] IPUIPlugin:80 - create IPUIPlugin
2025-07-04 20:15:38,410 [INFO] IPUIPlugin:80 - create IPUIPlugin
2025-07-04 20:15:38,410 [INFO] IPUIPlugin:80 - create IPUIPlugin
2025-07-04 20:15:38,410 [INFO] IPUIPlugin:80 - create IPUIPlugin
2025-07-04 20:15:38,410 [INFO] IPUIPlugin:80 - create IPUIPlugin
2025-07-04 20:15:38,411 [INFO] IPUIPlugin:80 - create IPUIPlugin
2025-07-04 20:15:38,411 [INFO] IPUIPlugin:80 - create IPUIPlugin
2025-07-04 20:15:38,411 [INFO] IPUIPlugin:80 - create IPUIPlugin
2025-07-04 20:15:38,411 [INFO] IPUIPlugin:80 - create IPUIPlugin
2025-07-04 20:15:38,411 [INFO] IPUIPlugin:80 - create IPUIPlugin
2025-07-04 20:15:38,411 [INFO] IPUIPlugin:80 - create IPUIPlugin
2025-07-04 20:15:38,412 [INFO] IPUIPlugin:80 - create IPUIPlugin
2025-07-04 20:15:38,412 [INFO] IPUIPlugin:80 - create IPUIPlugin
2025-07-04 20:15:38,412 [INFO] IPUIPlugin:80 - create IPUIPlugin
2025-07-04 20:15:38,412 [INFO] IPUIPlugin:80 - create IPUIPlugin
2025-07-04 20:15:38,412 [INFO] IPUIPlugin:80 - create IPUIPlugin
2025-07-04 20:15:38,413 [INFO] IPUIPlugin:80 - create IPUIPlugin
2025-07-04 20:15:38,413 [INFO] IPUIPlugin:80 - create IPUIPlugin
2025-07-04 20:15:38,413 [INFO] IPUIPlugin:80 - create IPUIPlugin
2025-07-04 20:15:38,414 [INFO] IPUIPlugin:80 - create IPUIPlugin
2025-07-04 20:15:38,414 [INFO] IPUIPlugin:80 - create IPUIPlugin
2025-07-04 20:15:38,415 [INFO] IPUIPlugin:80 - create IPUIPlugin
2025-07-04 20:15:38,415 [INFO] IPUIPlugin:80 - create IPUIPlugin
2025-07-04 20:15:38,415 [INFO] IPUIPlugin:80 - create IPUIPlugin
2025-07-04 20:15:38,416 [INFO] IPUIPlugin:80 - create IPUIPlugin
2025-07-04 20:15:38,416 [INFO] IPUIPlugin:80 - create IPUIPlugin
2025-07-04 20:15:38,416 [INFO] IPUIPlugin:80 - create IPUIPlugin
2025-07-04 20:15:38,417 [INFO] IPUIPlugin:80 - create IPUIPlugin
2025-07-04 20:15:38,417 [INFO] IPUIPlugin:80 - create IPUIPlugin
2025-07-04 20:15:38,417 [INFO] IPUIPlugin:80 - create IPUIPlugin
2025-07-04 20:15:38,417 [INFO] IPUIPlugin:80 - create IPUIPlugin
2025-07-04 20:15:38,418 [INFO] IPUIPlugin:80 - create IPUIPlugin
2025-07-04 20:15:38,418 [INFO] IPUIPlugin:80 - create IPUIPlugin
2025-07-04 20:15:38,418 [INFO] IPUIPlugin:80 - create IPUIPlugin
2025-07-04 20:15:38,419 [INFO] IPUIPlugin:80 - create IPUIPlugin
2025-07-04 20:15:38,419 [INFO] IPUIPlugin:80 - create IPUIPlugin
2025-07-04 20:15:38,419 [INFO] IPUIPlugin:80 - create IPUIPlugin
2025-07-04 20:15:38,419 [INFO] IPUIPlugin:80 - create IPUIPlugin
2025-07-04 20:15:38,420 [INFO] IPUIPlugin:80 - create IPUIPlugin
2025-07-04 20:15:38,420 [INFO] IPUIPlugin:80 - create IPUIPlugin
2025-07-04 20:15:38,422 [INFO] IPUIPlugin:80 - create IPUIPlugin
2025-07-04 20:15:38,423 [INFO] IPUIPlugin:80 - create IPUIPlugin
2025-07-04 20:15:38,423 [INFO] IPUIPlugin:80 - create IPUIPlugin
2025-07-04 20:15:38,423 [INFO] IPUIPlugin:80 - create IPUIPlugin
2025-07-04 20:15:38,424 [INFO] IPUIPlugin:80 - create IPUIPlugin
2025-07-04 20:15:38,424 [INFO] IPUIPlugin:80 - create IPUIPlugin
2025-07-04 20:15:38,424 [INFO] IPUIPlugin:80 - create IPUIPlugin
2025-07-04 20:15:38,425 [INFO] IPUIPlugin:80 - create IPUIPlugin
2025-07-04 20:15:38,425 [INFO] IPUIPlugin:80 - create IPUIPlugin
2025-07-04 20:15:38,425 [INFO] IPUIPlugin:80 - create IPUIPlugin
2025-07-04 20:15:38,426 [INFO] IPUIPlugin:80 - create IPUIPlugin
2025-07-04 20:15:38,426 [INFO] IPUIPlugin:80 - create IPUIPlugin
2025-07-04 20:15:38,427 [INFO] IPUIPlugin:80 - create IPUIPlugin
2025-07-04 20:15:38,427 [INFO] IPUIPlugin:80 - create IPUIPlugin
2025-07-04 20:15:38,428 [INFO] IPUIPlugin:80 - create IPUIPlugin
2025-07-04 20:15:38,429 [INFO] IPUIPlugin:80 - create IPUIPlugin
2025-07-04 20:15:38,430 [INFO] IPUIPlugin:80 - create IPUIPlugin
2025-07-04 20:15:38,430 [INFO] IPUIPlugin:80 - create IPUIPlugin
2025-07-04 20:15:38,431 [INFO] IPUIPlugin:80 - create IPUIPlugin
2025-07-04 20:15:38,431 [INFO] IPUIPlugin:80 - create IPUIPlugin
2025-07-04 20:15:38,431 [INFO] IPUIPlugin:80 - create IPUIPlugin
2025-07-04 20:15:38,435 [INFO] ApiDbMcu:508 - Load IP Config File for PDM2PCM
2025-07-04 20:15:38,530 [INFO] CADModel:165 - CPN selected for project levelSTM32H743VIT6
2025-07-04 20:15:38,530 [INFO] CADModel:114 - Register for checkConnection events
2025-07-04 20:15:38,569 [INFO] OpenFileManager:385 - Restore cursor
2025-07-04 20:15:38,947 [WARN] IP:2250 - DEVICE_SERIAL0_MSC_FS not found: check if there is a RefParameter without a condition.
2025-07-04 20:15:38,947 [WARN] IP:2250 - DEVICE_SERIAL1_MSC_FS not found: check if there is a RefParameter without a condition.
2025-07-04 20:15:38,947 [WARN] IP:2250 - DEVICE_SERIAL2_MSC_FS not found: check if there is a RefParameter without a condition.
2025-07-04 20:15:38,948 [WARN] IP:2250 - DEVICE_SERIAL0_MSC_FS not found: check if there is a RefParameter without a condition.
2025-07-04 20:15:38,948 [WARN] IP:2250 - DEVICE_SERIAL1_MSC_FS not found: check if there is a RefParameter without a condition.
2025-07-04 20:15:38,948 [WARN] IP:2250 - DEVICE_SERIAL2_MSC_FS not found: check if there is a RefParameter without a condition.
2025-07-04 20:18:12,395 [INFO] MainUpdater:2872 - connection check result : 10
2025-07-04 20:18:12,395 [INFO] MainUpdater:2872 - connection check result : 10
2025-07-04 20:18:12,469 [INFO] MicroXplorer:468 - Change Database Path : 
2025-07-04 20:18:12,469 [INFO] MicroXplorer:498 - Change Database Version : DB.6.0.140
2025-07-04 20:18:12,479 [ERROR] ProjectManagerView:394 - 
java.lang.NullPointerException: Cannot invoke "javax.swing.JTextField.getText()" because the return value of "java.util.List.get(int)" is null
	at com.st.microxplorer.plugins.projectmanager.gui.ProjectChoiceTab$9.caretUpdate(ProjectChoiceTab.java:2678) ~[filemanager.jar:?]
	at javax.swing.text.JTextComponent.fireCaretUpdate(JTextComponent.java:408) ~[?:?]
	at javax.swing.text.JTextComponent$MutableCaretEvent.fire(JTextComponent.java:4484) ~[?:?]
	at javax.swing.text.JTextComponent$MutableCaretEvent.stateChanged(JTextComponent.java:4506) ~[?:?]
	at javax.swing.text.DefaultCaret.fireStateChanged(DefaultCaret.java:857) ~[?:?]
	at javax.swing.text.DefaultCaret.changeCaretPosition(DefaultCaret.java:1343) ~[?:?]
	at javax.swing.text.DefaultCaret.handleSetDot(DefaultCaret.java:1242) ~[?:?]
	at javax.swing.text.DefaultCaret.setDot(DefaultCaret.java:1223) ~[?:?]
	at javax.swing.text.DefaultCaret$Handler.insertUpdate(DefaultCaret.java:1819) ~[?:?]
	at javax.swing.text.AbstractDocument.fireInsertUpdate(AbstractDocument.java:227) ~[?:?]
	at javax.swing.text.AbstractDocument.handleInsertString(AbstractDocument.java:781) ~[?:?]
	at javax.swing.text.AbstractDocument.insertString(AbstractDocument.java:740) ~[?:?]
	at javax.swing.text.PlainDocument.insertString(PlainDocument.java:131) ~[?:?]
	at javax.swing.text.AbstractDocument.replace(AbstractDocument.java:699) ~[?:?]
	at javax.swing.text.JTextComponent.setText(JTextComponent.java:1725) ~[?:?]
	at com.st.microxplorer.plugins.projectmanager.gui.ProjectChoiceTab.createHeapStackFields(ProjectChoiceTab.java:979) ~[filemanager.jar:?]
	at com.st.microxplorer.plugins.projectmanager.gui.ProjectChoiceTab.buildLinkSettingsPanel(ProjectChoiceTab.java:3766) ~[filemanager.jar:?]
	at com.st.microxplorer.plugins.projectmanager.gui.ProjectChoiceTab.defineWindowsFields(ProjectChoiceTab.java:1962) ~[filemanager.jar:?]
	at com.st.microxplorer.plugins.projectmanager.gui.ProjectChoiceTab.updateSettings(ProjectChoiceTab.java:555) ~[filemanager.jar:?]
	at com.st.microxplorer.plugins.projectmanager.gui.ProjectSettingsPanel.UpdateDialog(ProjectSettingsPanel.java:245) ~[filemanager.jar:?]
	at com.st.microxplorer.plugins.projectmanager.ProjectManagerView.propertyChange(ProjectManagerView.java:391) ~[filemanager.jar:?]
	at java.beans.PropertyChangeSupport.fire(PropertyChangeSupport.java:343) ~[?:?]
	at java.beans.PropertyChangeSupport.firePropertyChange(PropertyChangeSupport.java:335) ~[?:?]
	at java.beans.PropertyChangeSupport.firePropertyChange(PropertyChangeSupport.java:268) ~[?:?]
	at com.st.microxplorer.util.MXPropertyChangeSupport.firePropertyChange(MXPropertyChangeSupport.java:54) ~[STM32CubeMX.jar:?]
	at com.st.microxplorer.mxsystem.MxSystem.closeConfig(MxSystem.java:899) ~[STM32CubeMX.jar:?]
	at com.st.microxplorer.maingui.MainPanel.closeConfig(MainPanel.java:789) ~[STM32CubeMX.jar:?]
	at com.st.microxplorer.plugins.filemanager.engine.OpenFileManager.loadConfigurationFile(OpenFileManager.java:287) ~[filemanager.jar:?]
	at com.st.microxplorer.plugins.filemanager.engine.MainFileManager.userLoadConfig(MainFileManager.java:341) ~[filemanager.jar:?]
	at com.st.microxplorer.plugins.filemanager.engine.MainFileManager.userLoadConfig(MainFileManager.java:319) ~[filemanager.jar:?]
	at com.st.microxplorer.plugins.filemanager.FileManagerView.getSpecificTask(FileManagerView.java:246) ~[filemanager.jar:?]
	at com.st.stm32cube.common.mx.editor.CubeMxEditor.getMxTabbedPaneInstance(CubeMxEditor.java:1198) ~[com.st.stm32cube.common.mx_6.14.0.202502271554/:?]
	at com.st.stm32cube.common.mx.editor.CubeMxEditor$12$1.createSwingComponent(CubeMxEditor.java:1068) ~[com.st.stm32cube.common.mx_6.14.0.202502271554/:?]
	at com.st.stm32cube.common.mx.oss.core.awtswtbridge.EmbeddedSwingComposite.doComponentCreation(EmbeddedSwingComposite.java:492) ~[com.st.stm32cube.common.mx.oss_6.14.0.202502271554/:?]
	at com.st.stm32cube.common.mx.oss.core.awtswtbridge.EmbeddedSwingComposite$4.run(EmbeddedSwingComposite.java:291) ~[com.st.stm32cube.common.mx.oss_6.14.0.202502271554/:?]
	at com.st.stm32cube.common.mx.oss.core.awtswtbridge.AwtEnvironment$2.run(AwtEnvironment.java:166) ~[com.st.stm32cube.common.mx.oss_6.14.0.202502271554/:?]
	at java.awt.event.InvocationEvent.dispatch(InvocationEvent.java:318) ~[?:?]
	at java.awt.EventQueue.dispatchEventImpl(EventQueue.java:773) ~[?:?]
	at java.awt.EventQueue$4.run(EventQueue.java:720) ~[?:?]
	at java.awt.EventQueue$4.run(EventQueue.java:714) ~[?:?]
	at java.security.AccessController.doPrivileged(AccessController.java:400) ~[?:?]
	at java.security.ProtectionDomain$JavaSecurityAccessImpl.doIntersectionPrivilege(ProtectionDomain.java:87) ~[?:?]
	at java.awt.EventQueue.dispatchEvent(EventQueue.java:742) ~[?:?]
	at java.awt.EventDispatchThread.pumpOneEventForFilters(EventDispatchThread.java:203) ~[?:?]
	at java.awt.EventDispatchThread.pumpEventsForFilter(EventDispatchThread.java:124) ~[?:?]
	at java.awt.EventDispatchThread.pumpEventsForHierarchy(EventDispatchThread.java:113) ~[?:?]
	at java.awt.EventDispatchThread.pumpEvents(EventDispatchThread.java:109) ~[?:?]
	at java.awt.EventDispatchThread.pumpEvents(EventDispatchThread.java:101) ~[?:?]
	at java.awt.EventDispatchThread.run(EventDispatchThread.java:90) ~[?:?]
2025-07-04 20:18:12,480 [WARN] ThirdParty:871 - waiting for thirdparty lock release [close project]
2025-07-04 20:18:12,480 [INFO] ThirdParty:873 - entering critical section [close project]
2025-07-04 20:18:12,480 [INFO] ThirdParty:883 - exiting critical section [close project]
2025-07-04 20:18:12,482 [INFO] PinOutPanel:1589 - setPackage(No Configuration,No Configuration)
2025-07-04 20:18:12,488 [WARN] IpParametersView:155 - Warning: This peripheral hasn't parameters
2025-07-04 20:18:12,492 [WARN] MainPanel:289 - <html><b><center>Warning: This peripheral has no parameters to be configured<br></b></html>
2025-07-04 20:18:12,496 [INFO] UtilMem:75 - Begin LoadConfig() Used Memory: 826882320 Bytes (1073741824)
2025-07-04 20:18:12,496 [INFO] MicroXplorer:468 - Change Database Path : 
2025-07-04 20:18:12,496 [INFO] MicroXplorer:498 - Change Database Version : DB.6.0.140
2025-07-04 20:18:12,496 [INFO] OpenFileManager:354 - Change cursor
2025-07-04 20:18:12,503 [INFO] Mcu:2011 - Initializing MCU STM32H743VITx STM32H743VITx STM32H743VIT6
2025-07-04 20:18:15,571 [INFO] Context:756 - Trying to add GPIOservice into a context  which must be forbidden
2025-07-04 20:18:17,282 [INFO] ImportTextPane:218 - (OptionalMessage_ERROR) Pin45 (VP_RIF_VS_RIF1) cannot be retrieved for this MCU
2025-07-04 20:18:17,481 [INFO] RtosManager:558 - Registered RTOS mode: class=CMSIS, group=RTOS, mode=CMSIS_V1, owner=FREERTOS
2025-07-04 20:18:17,481 [INFO] RtosManager:558 - Registered RTOS mode: class=CMSIS, group=RTOS2, mode=CMSIS_V2, owner=FREERTOS
2025-07-04 20:18:17,481 [INFO] RtosManager:558 - Registered RTOS mode: class=RTOS, group=Core, mode=CMSIS_V1, owner=FREERTOS
2025-07-04 20:18:17,481 [INFO] RtosManager:558 - Registered RTOS mode: class=RTOS, group=Core, mode=CMSIS_V2, owner=FREERTOS
2025-07-04 20:18:17,481 [WARN] ModelIntegratedComponent:184 - Missing modes for component STMicroelectronics:FreeRTOS:0.0.1:STMicroelectronics:RTOS:FreeRTOS:Core:::10.2.0:
2025-07-04 20:18:17,491 [WARN] ModelIntegratedComponent:63 - No mode defined for component null
2025-07-04 20:18:17,491 [WARN] ModelIntegratedComponent:63 - No mode defined for component null
2025-07-04 20:18:17,491 [WARN] ModelIntegratedComponent:63 - No mode defined for component null
2025-07-04 20:18:17,491 [WARN] ModelIntegratedComponent:63 - No mode defined for component null
2025-07-04 20:18:17,491 [WARN] ModelIntegratedComponent:63 - No mode defined for component null
2025-07-04 20:18:17,491 [WARN] ModelIntegratedComponent:63 - No mode defined for component null
2025-07-04 20:18:17,491 [WARN] ModelIntegratedComponent:63 - No mode defined for component null
2025-07-04 20:18:17,491 [WARN] ModelIntegratedComponent:63 - No mode defined for component null
2025-07-04 20:18:17,491 [WARN] ModelIntegratedComponent:63 - No mode defined for component null
2025-07-04 20:18:17,491 [WARN] ModelIntegratedComponent:63 - No mode defined for component null
2025-07-04 20:18:17,491 [WARN] ModelIntegratedComponent:63 - No mode defined for component null
2025-07-04 20:18:17,491 [WARN] ModelIntegratedComponent:63 - No mode defined for component null
2025-07-04 20:18:17,492 [WARN] ModelIntegratedComponent:63 - No mode defined for component null
2025-07-04 20:18:17,492 [WARN] ModelIntegratedComponent:63 - No mode defined for component null
2025-07-04 20:18:17,492 [WARN] ModelIntegratedComponent:63 - No mode defined for component null
2025-07-04 20:18:17,492 [WARN] ModelIntegratedComponent:63 - No mode defined for component null
2025-07-04 20:18:17,492 [WARN] ModelIntegratedComponent:63 - No mode defined for component null
2025-07-04 20:18:17,492 [WARN] ModelIntegratedComponent:63 - No mode defined for component null
2025-07-04 20:18:17,492 [WARN] ModelIntegratedComponent:63 - No mode defined for component null
2025-07-04 20:18:17,492 [WARN] ModelIntegratedComponent:63 - No mode defined for component null
2025-07-04 20:18:17,492 [WARN] ModelIntegratedComponent:63 - No mode defined for component null
2025-07-04 20:18:17,492 [WARN] ModelIntegratedComponent:63 - No mode defined for component null
2025-07-04 20:18:17,492 [WARN] ModelIntegratedComponent:63 - No mode defined for component null
2025-07-04 20:18:17,492 [WARN] ModelIntegratedComponent:63 - No mode defined for component null
2025-07-04 20:18:17,492 [WARN] ModelIntegratedComponent:63 - No mode defined for component null
2025-07-04 20:18:17,492 [WARN] ModelIntegratedComponent:63 - No mode defined for component null
2025-07-04 20:18:17,492 [WARN] ModelIntegratedComponent:63 - No mode defined for component null
2025-07-04 20:18:17,492 [WARN] ModelIntegratedComponent:63 - No mode defined for component null
2025-07-04 20:18:17,492 [WARN] ModelIntegratedComponent:63 - No mode defined for component null
2025-07-04 20:18:17,492 [WARN] ModelIntegratedComponent:63 - No mode defined for component null
2025-07-04 20:18:17,492 [WARN] ModelIntegratedComponent:63 - No mode defined for component null
2025-07-04 20:18:17,493 [WARN] ModelIntegratedComponent:63 - No mode defined for component null
2025-07-04 20:18:17,493 [WARN] ModelIntegratedComponent:63 - No mode defined for component null
2025-07-04 20:18:17,493 [WARN] ModelIntegratedComponent:63 - No mode defined for component null
2025-07-04 20:18:17,493 [WARN] ModelIntegratedComponent:63 - No mode defined for component null
2025-07-04 20:18:17,493 [WARN] ModelPack:524 - Component already loaded: STMicroelectronics:HAL Drivers:0.0.0:STMicroelectronics:Device:STMicro_Driver:XSPI:HAL::0.0.1:HAL_XSPI
2025-07-04 20:18:17,773 [INFO] ThirdPartyModel:298 - Start build external matchings
2025-07-04 20:18:19,870 [INFO] ThirdPartyModel:316 - End build external matchings
2025-07-04 20:18:19,908 [INFO] RtosManager:967 - Current active RTOS is FREERTOS [Cortex-M7NS]
2025-07-04 20:18:19,918 [INFO] ImportTextPane:218 - (OptionalMessage_ERROR) IP (DMA) : Parameter (Instance) has Id (TIM3_CH1) currently not set
2025-07-04 20:18:19,918 [INFO] ImportTextPane:218 - (OptionalMessage_ERROR) IP (DMA) : Parameter (Request) has Id (TIM3_CH1) currently not set
2025-07-04 20:18:19,918 [INFO] ImportTextPane:218 - (OptionalMessage_ERROR) IP (DMA) : Parameter (Direction) has Id (TIM3_CH1) currently not set
2025-07-04 20:18:19,918 [INFO] ImportTextPane:218 - (OptionalMessage_ERROR) IP (DMA) : Parameter (PeriphInc) has Id (TIM3_CH1) currently not set
2025-07-04 20:18:19,919 [INFO] ImportTextPane:218 - (OptionalMessage_ERROR) IP (DMA) : Parameter (MemInc) has Id (TIM3_CH1) currently not set
2025-07-04 20:18:19,919 [INFO] ImportTextPane:218 - (OptionalMessage_ERROR) IP (DMA) : Parameter (PeriphDataAlignment) has Id (TIM3_CH1) currently not set
2025-07-04 20:18:19,919 [INFO] ImportTextPane:218 - (OptionalMessage_ERROR) IP (DMA) : Parameter (MemDataAlignment) has Id (TIM3_CH1) currently not set
2025-07-04 20:18:19,919 [INFO] ImportTextPane:218 - (OptionalMessage_ERROR) IP (DMA) : Parameter (Mode) has Id (TIM3_CH1) currently not set
2025-07-04 20:18:19,919 [INFO] ImportTextPane:218 - (OptionalMessage_ERROR) IP (DMA) : Parameter (Priority) has Id (TIM3_CH1) currently not set
2025-07-04 20:18:19,919 [INFO] ImportTextPane:218 - (OptionalMessage_ERROR) IP (DMA) : Parameter (FIFOMode) has Id (TIM3_CH1) currently not set
2025-07-04 20:18:19,920 [INFO] ImportTextPane:218 - (OptionalMessage_ERROR) IP (DMA) : Parameter (SignalID) has Id (TIM3_CH1) currently not set
2025-07-04 20:18:19,920 [INFO] ImportTextPane:218 - (OptionalMessage_ERROR) IP (DMA) : Parameter (Polarity) has Id (TIM3_CH1) currently not set
2025-07-04 20:18:19,920 [INFO] ImportTextPane:218 - (OptionalMessage_ERROR) IP (DMA) : Parameter (RequestNumber) has Id (TIM3_CH1) currently not set
2025-07-04 20:18:19,920 [INFO] ImportTextPane:218 - (OptionalMessage_ERROR) IP (DMA) : Parameter (SyncSignalID) has Id (TIM3_CH1) currently not set
2025-07-04 20:18:19,920 [INFO] ImportTextPane:218 - (OptionalMessage_ERROR) IP (DMA) : Parameter (SyncPolarity) has Id (TIM3_CH1) currently not set
2025-07-04 20:18:19,920 [INFO] ImportTextPane:218 - (OptionalMessage_ERROR) IP (DMA) : Parameter (SyncEnable) has Id (TIM3_CH1) currently not set
2025-07-04 20:18:19,920 [INFO] ImportTextPane:218 - (OptionalMessage_ERROR) IP (DMA) : Parameter (EventEnable) has Id (TIM3_CH1) currently not set
2025-07-04 20:18:19,920 [INFO] ImportTextPane:218 - (OptionalMessage_ERROR) IP (DMA) : Parameter (SyncRequestNumber) has Id (TIM3_CH1) currently not set
2025-07-04 20:18:19,920 [INFO] ImportTextPane:218 - (OptionalMessage_ERROR) IP (DMA) : Parameter (Instance) has Id (TIM3_CH2) currently not set
2025-07-04 20:18:19,920 [INFO] ImportTextPane:218 - (OptionalMessage_ERROR) IP (DMA) : Parameter (Request) has Id (TIM3_CH2) currently not set
2025-07-04 20:18:19,920 [INFO] ImportTextPane:218 - (OptionalMessage_ERROR) IP (DMA) : Parameter (Direction) has Id (TIM3_CH2) currently not set
2025-07-04 20:18:19,920 [INFO] ImportTextPane:218 - (OptionalMessage_ERROR) IP (DMA) : Parameter (PeriphInc) has Id (TIM3_CH2) currently not set
2025-07-04 20:18:19,920 [INFO] ImportTextPane:218 - (OptionalMessage_ERROR) IP (DMA) : Parameter (MemInc) has Id (TIM3_CH2) currently not set
2025-07-04 20:18:19,920 [INFO] ImportTextPane:218 - (OptionalMessage_ERROR) IP (DMA) : Parameter (PeriphDataAlignment) has Id (TIM3_CH2) currently not set
2025-07-04 20:18:19,920 [INFO] ImportTextPane:218 - (OptionalMessage_ERROR) IP (DMA) : Parameter (MemDataAlignment) has Id (TIM3_CH2) currently not set
2025-07-04 20:18:19,920 [INFO] ImportTextPane:218 - (OptionalMessage_ERROR) IP (DMA) : Parameter (Mode) has Id (TIM3_CH2) currently not set
2025-07-04 20:18:19,920 [INFO] ImportTextPane:218 - (OptionalMessage_ERROR) IP (DMA) : Parameter (Priority) has Id (TIM3_CH2) currently not set
2025-07-04 20:18:19,920 [INFO] ImportTextPane:218 - (OptionalMessage_ERROR) IP (DMA) : Parameter (FIFOMode) has Id (TIM3_CH2) currently not set
2025-07-04 20:18:19,920 [INFO] ImportTextPane:218 - (OptionalMessage_ERROR) IP (DMA) : Parameter (SignalID) has Id (TIM3_CH2) currently not set
2025-07-04 20:18:19,920 [INFO] ImportTextPane:218 - (OptionalMessage_ERROR) IP (DMA) : Parameter (Polarity) has Id (TIM3_CH2) currently not set
2025-07-04 20:18:19,920 [INFO] ImportTextPane:218 - (OptionalMessage_ERROR) IP (DMA) : Parameter (RequestNumber) has Id (TIM3_CH2) currently not set
2025-07-04 20:18:19,920 [INFO] ImportTextPane:218 - (OptionalMessage_ERROR) IP (DMA) : Parameter (SyncSignalID) has Id (TIM3_CH2) currently not set
2025-07-04 20:18:19,920 [INFO] ImportTextPane:218 - (OptionalMessage_ERROR) IP (DMA) : Parameter (SyncPolarity) has Id (TIM3_CH2) currently not set
2025-07-04 20:18:19,920 [INFO] ImportTextPane:218 - (OptionalMessage_ERROR) IP (DMA) : Parameter (SyncEnable) has Id (TIM3_CH2) currently not set
2025-07-04 20:18:19,920 [INFO] ImportTextPane:218 - (OptionalMessage_ERROR) IP (DMA) : Parameter (EventEnable) has Id (TIM3_CH2) currently not set
2025-07-04 20:18:19,920 [INFO] ImportTextPane:218 - (OptionalMessage_ERROR) IP (DMA) : Parameter (SyncRequestNumber) has Id (TIM3_CH2) currently not set
2025-07-04 20:18:19,920 [INFO] ImportTextPane:218 - (OptionalMessage_ERROR) IP (DMA) : Parameter (Instance) has Id (TIM16_UP) currently not set
2025-07-04 20:18:19,921 [INFO] ImportTextPane:218 - (OptionalMessage_ERROR) IP (DMA) : Parameter (Request) has Id (TIM16_UP) currently not set
2025-07-04 20:18:19,921 [INFO] ImportTextPane:218 - (OptionalMessage_ERROR) IP (DMA) : Parameter (Direction) has Id (TIM16_UP) currently not set
2025-07-04 20:18:19,921 [INFO] ImportTextPane:218 - (OptionalMessage_ERROR) IP (DMA) : Parameter (PeriphInc) has Id (TIM16_UP) currently not set
2025-07-04 20:18:19,921 [INFO] ImportTextPane:218 - (OptionalMessage_ERROR) IP (DMA) : Parameter (MemInc) has Id (TIM16_UP) currently not set
2025-07-04 20:18:19,921 [INFO] ImportTextPane:218 - (OptionalMessage_ERROR) IP (DMA) : Parameter (PeriphDataAlignment) has Id (TIM16_UP) currently not set
2025-07-04 20:18:19,921 [INFO] ImportTextPane:218 - (OptionalMessage_ERROR) IP (DMA) : Parameter (MemDataAlignment) has Id (TIM16_UP) currently not set
2025-07-04 20:18:19,921 [INFO] ImportTextPane:218 - (OptionalMessage_ERROR) IP (DMA) : Parameter (Mode) has Id (TIM16_UP) currently not set
2025-07-04 20:18:19,921 [INFO] ImportTextPane:218 - (OptionalMessage_ERROR) IP (DMA) : Parameter (Priority) has Id (TIM16_UP) currently not set
2025-07-04 20:18:19,921 [INFO] ImportTextPane:218 - (OptionalMessage_ERROR) IP (DMA) : Parameter (FIFOMode) has Id (TIM16_UP) currently not set
2025-07-04 20:18:19,921 [INFO] ImportTextPane:218 - (OptionalMessage_ERROR) IP (DMA) : Parameter (SignalID) has Id (TIM16_UP) currently not set
2025-07-04 20:18:19,921 [INFO] ImportTextPane:218 - (OptionalMessage_ERROR) IP (DMA) : Parameter (Polarity) has Id (TIM16_UP) currently not set
2025-07-04 20:18:19,921 [INFO] ImportTextPane:218 - (OptionalMessage_ERROR) IP (DMA) : Parameter (RequestNumber) has Id (TIM16_UP) currently not set
2025-07-04 20:18:19,921 [INFO] ImportTextPane:218 - (OptionalMessage_ERROR) IP (DMA) : Parameter (SyncSignalID) has Id (TIM16_UP) currently not set
2025-07-04 20:18:19,921 [INFO] ImportTextPane:218 - (OptionalMessage_ERROR) IP (DMA) : Parameter (SyncPolarity) has Id (TIM16_UP) currently not set
2025-07-04 20:18:19,921 [INFO] ImportTextPane:218 - (OptionalMessage_ERROR) IP (DMA) : Parameter (SyncEnable) has Id (TIM16_UP) currently not set
2025-07-04 20:18:19,921 [INFO] ImportTextPane:218 - (OptionalMessage_ERROR) IP (DMA) : Parameter (EventEnable) has Id (TIM16_UP) currently not set
2025-07-04 20:18:19,921 [INFO] ImportTextPane:218 - (OptionalMessage_ERROR) IP (DMA) : Parameter (SyncRequestNumber) has Id (TIM16_UP) currently not set
2025-07-04 20:18:19,921 [INFO] ImportTextPane:218 - (OptionalMessage_ERROR) IP (DMA) : Parameter (Instance) has Id (TIM15_UP) currently not set
2025-07-04 20:18:19,921 [INFO] ImportTextPane:218 - (OptionalMessage_ERROR) IP (DMA) : Parameter (Request) has Id (TIM15_UP) currently not set
2025-07-04 20:18:19,921 [INFO] ImportTextPane:218 - (OptionalMessage_ERROR) IP (DMA) : Parameter (Direction) has Id (TIM15_UP) currently not set
2025-07-04 20:18:19,921 [INFO] ImportTextPane:218 - (OptionalMessage_ERROR) IP (DMA) : Parameter (PeriphInc) has Id (TIM15_UP) currently not set
2025-07-04 20:18:19,921 [INFO] ImportTextPane:218 - (OptionalMessage_ERROR) IP (DMA) : Parameter (MemInc) has Id (TIM15_UP) currently not set
2025-07-04 20:18:19,921 [INFO] ImportTextPane:218 - (OptionalMessage_ERROR) IP (DMA) : Parameter (PeriphDataAlignment) has Id (TIM15_UP) currently not set
2025-07-04 20:18:19,921 [INFO] ImportTextPane:218 - (OptionalMessage_ERROR) IP (DMA) : Parameter (MemDataAlignment) has Id (TIM15_UP) currently not set
2025-07-04 20:18:19,921 [INFO] ImportTextPane:218 - (OptionalMessage_ERROR) IP (DMA) : Parameter (Mode) has Id (TIM15_UP) currently not set
2025-07-04 20:18:19,931 [INFO] ImportTextPane:218 - (OptionalMessage_ERROR) IP (DMA) : Parameter (Priority) has Id (TIM15_UP) currently not set
2025-07-04 20:18:19,931 [INFO] ImportTextPane:218 - (OptionalMessage_ERROR) IP (DMA) : Parameter (FIFOMode) has Id (TIM15_UP) currently not set
2025-07-04 20:18:19,931 [INFO] ImportTextPane:218 - (OptionalMessage_ERROR) IP (DMA) : Parameter (SignalID) has Id (TIM15_UP) currently not set
2025-07-04 20:18:19,932 [INFO] ImportTextPane:218 - (OptionalMessage_ERROR) IP (DMA) : Parameter (Polarity) has Id (TIM15_UP) currently not set
2025-07-04 20:18:19,932 [INFO] ImportTextPane:218 - (OptionalMessage_ERROR) IP (DMA) : Parameter (RequestNumber) has Id (TIM15_UP) currently not set
2025-07-04 20:18:19,932 [INFO] ImportTextPane:218 - (OptionalMessage_ERROR) IP (DMA) : Parameter (SyncSignalID) has Id (TIM15_UP) currently not set
2025-07-04 20:18:19,932 [INFO] ImportTextPane:218 - (OptionalMessage_ERROR) IP (DMA) : Parameter (SyncPolarity) has Id (TIM15_UP) currently not set
2025-07-04 20:18:19,932 [INFO] ImportTextPane:218 - (OptionalMessage_ERROR) IP (DMA) : Parameter (SyncEnable) has Id (TIM15_UP) currently not set
2025-07-04 20:18:19,932 [INFO] ImportTextPane:218 - (OptionalMessage_ERROR) IP (DMA) : Parameter (EventEnable) has Id (TIM15_UP) currently not set
2025-07-04 20:18:19,932 [INFO] ImportTextPane:218 - (OptionalMessage_ERROR) IP (DMA) : Parameter (SyncRequestNumber) has Id (TIM15_UP) currently not set
2025-07-04 20:18:19,941 [INFO] ImportTextPane:218 - (OptionalMessage_ERROR) IP (RCC) : Parameter (DFSDMACLkFreq_Value) has invalid value (480000000)
2025-07-04 20:18:19,947 [INFO] ImportTextPane:218 - (OptionalMessage_ERROR) IP (RCC) : Parameter (FDCANFreq_Value) has invalid value (480000000)
2025-07-04 20:18:19,947 [INFO] ImportTextPane:218 - (OptionalMessage_ERROR) IP (RCC) : Invalid parameter (FamilyName)
2025-07-04 20:18:19,947 [INFO] ImportTextPane:218 - (OptionalMessage_ERROR) IP (RCC) : Parameter (SAI1Freq_Value) has invalid value (480000000)
2025-07-04 20:18:19,947 [INFO] ImportTextPane:218 - (OptionalMessage_ERROR) IP (RCC) : Parameter (SAI23Freq_Value) has invalid value (480000000)
2025-07-04 20:18:19,948 [INFO] ImportTextPane:218 - (OptionalMessage_ERROR) IP (RCC) : Parameter (SAI4AFreq_Value) has invalid value (480000000)
2025-07-04 20:18:19,948 [INFO] ImportTextPane:218 - (OptionalMessage_ERROR) IP (RCC) : Parameter (SAI4BFreq_Value) has invalid value (480000000)
2025-07-04 20:18:19,948 [INFO] ImportTextPane:218 - (OptionalMessage_ERROR) IP (RCC) : Parameter (SDMMCFreq_Value) has invalid value (480000000)
2025-07-04 20:18:19,948 [INFO] ImportTextPane:218 - (OptionalMessage_ERROR) IP (RCC) : Parameter (SPDIFRXFreq_Value) has invalid value (480000000)
2025-07-04 20:18:19,948 [INFO] ImportTextPane:218 - (OptionalMessage_ERROR) IP (RCC) : Parameter (SPI123Freq_Value) has invalid value (480000000)
2025-07-04 20:18:19,948 [INFO] ImportTextPane:218 - (OptionalMessage_ERROR) IP (RCC) : Parameter (USBFreq_Value) has invalid value (480000000)
2025-07-04 20:18:20,966 [INFO] UtilMem:75 - End LoadConfig() Used Memory: 964987840 Bytes (1073741824)
2025-07-04 20:18:20,980 [WARN] ThirdParty:833 - waiting for thirdparty lock release [change project]
2025-07-04 20:18:20,980 [INFO] ThirdParty:835 - entering critical section [change project]
2025-07-04 20:18:20,980 [INFO] ThirdParty:1030 - CMSIS Pack Vendor :STMicroelectronics X-CUBE-PM33A1 1.0.0
2025-07-04 20:18:20,980 [INFO] ThirdParty:1030 - CMSIS Pack Vendor :STMicroelectronics USBPD 4.1
2025-07-04 20:18:20,980 [INFO] ThirdParty:1030 - CMSIS Pack Vendor :STMicroelectronics X-CUBE-AZRTOS-H7 3.3.0
2025-07-04 20:18:20,980 [INFO] ThirdParty:1030 - CMSIS Pack Vendor :STMicroelectronics X-CUBE-NFC9 1.0.0
2025-07-04 20:18:20,980 [INFO] ThirdParty:1030 - CMSIS Pack Vendor :STMicroelectronics USB_HOST 2.0.0
2025-07-04 20:18:20,980 [INFO] ThirdParty:1030 - CMSIS Pack Vendor :STMicroelectronics FP-SNS-MOTENVWB1 1.4.0
2025-07-04 20:18:20,980 [INFO] ThirdParty:1030 - CMSIS Pack Vendor :STMicroelectronics X-CUBE-AZRTOS-F4 1.1.0
2025-07-04 20:18:20,981 [INFO] ThirdParty:1030 - CMSIS Pack Vendor :STMicroelectronics LIBJPEG 8.0.0
2025-07-04 20:18:20,981 [INFO] ThirdParty:1030 - CMSIS Pack Vendor :STMicroelectronics FP-ATR-ASTRA1 2.0.2
2025-07-04 20:18:20,981 [INFO] ThirdParty:1030 - CMSIS Pack Vendor :STMicroelectronics X-CUBE-BLE1 7.1.0
2025-07-04 20:18:20,981 [INFO] ThirdParty:1030 - CMSIS Pack Vendor :Avnet-IotConnect X-CUBE-IoTC-DA16k-PMOD 1.0.0
2025-07-04 20:18:20,981 [INFO] ThirdParty:1030 - CMSIS Pack Vendor :STMicroelectronics X-CUBE-SMBUS 2.1.0
2025-07-04 20:18:20,981 [INFO] ThirdParty:1030 - CMSIS Pack Vendor :STMicroelectronics X-CUBE-WB05N 1.1.0
2025-07-04 20:18:20,981 [INFO] ThirdParty:1030 - CMSIS Pack Vendor :wolfSSL I-CUBE-wolfMQTT 1.19.2
2025-07-04 20:18:20,981 [INFO] ThirdParty:1030 - CMSIS Pack Vendor :STMicroelectronics USB_DEVICE 3.0.0
2025-07-04 20:18:20,981 [INFO] ThirdParty:1030 - CMSIS Pack Vendor :STMicroelectronics X-CUBE-ISPU 2.1.0
2025-07-04 20:18:20,981 [INFO] ThirdParty:1030 - CMSIS Pack Vendor :STMicroelectronics X-CUBE-AZRTOS-WB 2.0.0
2025-07-04 20:18:20,981 [INFO] ThirdParty:1030 - CMSIS Pack Vendor :STMicroelectronics X-CUBE-ST60 1.0.0
2025-07-04 20:18:20,981 [INFO] ThirdParty:1030 - CMSIS Pack Vendor :STMicroelectronics X-CUBE-GNSS1 7.0.1
2025-07-04 20:18:20,981 [INFO] ThirdParty:1030 - CMSIS Pack Vendor :STMicroelectronics X-CUBE-AZRTOS-F7 1.1.0
2025-07-04 20:18:20,981 [INFO] ThirdParty:1030 - CMSIS Pack Vendor :STMicroelectronics X-CUBE-AZRTOS-L5 2.0.0
2025-07-04 20:18:20,981 [INFO] ThirdParty:1030 - CMSIS Pack Vendor :STMicroelectronics X-CUBE-TOUCHGFX 4.25.0
2025-07-04 20:18:20,981 [INFO] ThirdParty:1030 - CMSIS Pack Vendor :STMicroelectronics USB_DEVICE 2.0.0
2025-07-04 20:18:20,981 [INFO] ThirdParty:1030 - CMSIS Pack Vendor :STMicroelectronics X-CUBE-NFC6 3.1.0
2025-07-04 20:18:20,981 [INFO] ThirdParty:1030 - CMSIS Pack Vendor :STMicroelectronics X-CUBE-AI 10.1.0
2025-07-04 20:18:20,981 [INFO] ThirdParty:1030 - CMSIS Pack Vendor :STMicroelectronics FP-SNS-STBOX1 2.0.0
2025-07-04 20:18:20,981 [INFO] ThirdParty:1030 - CMSIS Pack Vendor :STMicroelectronics X-CUBE-MEMS1 11.2.0
2025-07-04 20:18:20,981 [INFO] ThirdParty:1030 - CMSIS Pack Vendor :STMicroelectronics FreeRTOS 0.0.1
2025-07-04 20:18:20,981 [INFO] ThirdParty:1030 - CMSIS Pack Vendor :STMicroelectronics X-CUBE-AZRTOS-G0 1.1.0
2025-07-04 20:18:20,981 [INFO] ThirdParty:1030 - CMSIS Pack Vendor :STMicroelectronics X-CUBE-SAFEA1 1.2.2
2025-07-04 20:18:20,982 [INFO] ThirdParty:1030 - CMSIS Pack Vendor :STMicroelectronics X-CUBE-NFC4 3.0.0
2025-07-04 20:18:20,982 [INFO] ThirdParty:1030 - CMSIS Pack Vendor :STMicroelectronics X-CUBE-DPower 1.2.0
2025-07-04 20:18:20,982 [INFO] ThirdParty:1030 - CMSIS Pack Vendor :STMicroelectronics X-CUBE-SUBG2 5.0.0
2025-07-04 20:18:20,982 [INFO] ThirdParty:1030 - CMSIS Pack Vendor :STMicroelectronics X-CUBE-AZRTOS-H7RS 1.1.0
2025-07-04 20:18:20,982 [INFO] ThirdParty:1030 - CMSIS Pack Vendor :STMicroelectronics STM32_WPAN 1.0.0
2025-07-04 20:18:20,982 [INFO] ThirdParty:1030 - CMSIS Pack Vendor :EmbeddedOffice I-CUBE-FS-RTOS 1.0.1
2025-07-04 20:18:20,982 [INFO] ThirdParty:1030 - CMSIS Pack Vendor :STMicroelectronics lwIP 2.0.3
2025-07-04 20:18:20,982 [INFO] ThirdParty:1030 - CMSIS Pack Vendor :STMicroelectronics FP-SNS-FLIGHT1 5.0.2
2025-07-04 20:18:20,982 [INFO] ThirdParty:1030 - CMSIS Pack Vendor :Cesanta I-CUBE-Mongoose 7.13.0
2025-07-04 20:18:20,982 [INFO] ThirdParty:1030 - CMSIS Pack Vendor :STMicroelectronics USB_HOST 1.0.0
2025-07-04 20:18:20,982 [INFO] ThirdParty:1030 - CMSIS Pack Vendor :Infineon AIROC-Wi-Fi-Bluetooth-STM32 1.7.0
2025-07-04 20:18:20,982 [INFO] ThirdParty:1030 - CMSIS Pack Vendor :STMicroelectronics X-CUBE-AZRTOS-G4 2.0.0
2025-07-04 20:18:20,982 [INFO] ThirdParty:1030 - CMSIS Pack Vendor :STMicroelectronics X-CUBE-WB05N 2.0.0
2025-07-04 20:18:20,982 [INFO] ThirdParty:1030 - CMSIS Pack Vendor :STMicroelectronics PDM2PCM 3.1.0
2025-07-04 20:18:20,982 [INFO] ThirdParty:1030 - CMSIS Pack Vendor :STMicroelectronics PDM2PCM 3.3.0
2025-07-04 20:18:20,982 [INFO] ThirdParty:1030 - CMSIS Pack Vendor :wolfSSL I-CUBE-wolfTPM 3.8.0
2025-07-04 20:18:20,982 [INFO] ThirdParty:1030 - CMSIS Pack Vendor :STMicroelectronics X-CUBE-DISPLAY 3.0.0
2025-07-04 20:18:20,982 [INFO] ThirdParty:1030 - CMSIS Pack Vendor :wolfSSL I-CUBE-wolfSSH 1.4.20
2025-07-04 20:18:20,982 [INFO] ThirdParty:1030 - CMSIS Pack Vendor :STMicroelectronics X-CUBE-NFC7 2.0.0
2025-07-04 20:18:20,982 [INFO] ThirdParty:1030 - CMSIS Pack Vendor :STMicroelectronics X-CUBE-TCPP 4.2.0
2025-07-04 20:18:20,982 [INFO] ThirdParty:1030 - CMSIS Pack Vendor :RealThread X-CUBE-RT-Thread_Nano 4.1.1
2025-07-04 20:18:20,982 [INFO] ThirdParty:1030 - CMSIS Pack Vendor :STMicroelectronics FP-ATR-SIGFOX1 3.2.0
2025-07-04 20:18:20,982 [INFO] ThirdParty:1030 - CMSIS Pack Vendor :STMicroelectronics X-CUBE-NFC10 1.0.0
2025-07-04 20:18:20,982 [INFO] ThirdParty:1030 - CMSIS Pack Vendor :STMicroelectronics X-CUBE-BLEMGR 4.0.0
2025-07-04 20:18:20,982 [INFO] ThirdParty:1030 - CMSIS Pack Vendor :STMicroelectronics X-CUBE-EEPRMA1 5.1.0
2025-07-04 20:18:20,982 [INFO] ThirdParty:1030 - CMSIS Pack Vendor :STMicroelectronics X-CUBE-FREERTOS 1.3.1
2025-07-04 20:18:20,982 [INFO] ThirdParty:1030 - CMSIS Pack Vendor :STMicroelectronics HAL Drivers 0.0.0
2025-07-04 20:18:20,982 [INFO] ThirdParty:1030 - CMSIS Pack Vendor :STMicroelectronics MBEDTLS 2.16.2
2025-07-04 20:18:20,982 [INFO] ThirdParty:1030 - CMSIS Pack Vendor :STMicroelectronics X-CUBE-IPS 3.1.0
2025-07-04 20:18:20,982 [INFO] ThirdParty:1030 - CMSIS Pack Vendor :STMicroelectronics X-CUBE-ALS 1.0.2
2025-07-04 20:18:20,982 [INFO] ThirdParty:1030 - CMSIS Pack Vendor :emotas I-CUBE-CANOPEN 1.3.0
2025-07-04 20:18:20,982 [INFO] ThirdParty:1030 - CMSIS Pack Vendor :STMicroelectronics X-CUBE-FREERTOS 1.3.0
2025-07-04 20:18:20,982 [INFO] ThirdParty:1030 - CMSIS Pack Vendor :STMicroelectronics X-CUBE-NFC7 1.0.1
2025-07-04 20:18:20,983 [INFO] ThirdParty:1030 - CMSIS Pack Vendor :STMicroelectronics MBEDTLS 2.14.1
2025-07-04 20:18:20,983 [INFO] ThirdParty:1030 - CMSIS Pack Vendor :wolfSSL I-CUBE-wolfSSL 5.7.6
2025-07-04 20:18:20,983 [INFO] ThirdParty:1030 - CMSIS Pack Vendor :ITTIA_DB I-CUBE-ITTIADB 8.9.0
2025-07-04 20:18:20,983 [INFO] ThirdParty:1030 - CMSIS Pack Vendor :STMicroelectronics X-CUBE-TOUCHGFX 4.24.2
2025-07-04 20:18:20,983 [INFO] ThirdParty:1030 - CMSIS Pack Vendor :portGmbH I-Cube-SoM-uGOAL 1.1.0
2025-07-04 20:18:20,983 [INFO] ThirdParty:1030 - CMSIS Pack Vendor :quantropi X-CUBE-qispace-sdk-base 2.0.0
2025-07-04 20:18:20,983 [INFO] ThirdParty:1030 - CMSIS Pack Vendor :STMicroelectronics X-CUBE-AI 10.0.0
2025-07-04 20:18:20,983 [INFO] ThirdParty:1030 - CMSIS Pack Vendor :STMicroelectronics X-CUBE-ST67W61 1.0.0
2025-07-04 20:18:20,983 [INFO] ThirdParty:1030 - CMSIS Pack Vendor :STMicroelectronics FP-SNS-STAIOTCFT 1.0.0
2025-07-04 20:18:20,983 [INFO] ThirdParty:1030 - CMSIS Pack Vendor :STMicroelectronics ThreadX 1.0.0
2025-07-04 20:18:20,983 [INFO] ThirdParty:1030 - CMSIS Pack Vendor :STMicroelectronics FP-SNS-SMARTAG2 1.2.0
2025-07-04 20:18:20,983 [INFO] ThirdParty:1030 - CMSIS Pack Vendor :STMicroelectronics FP-SNS-FLIGHT1 5.1.0
2025-07-04 20:18:20,983 [INFO] ThirdParty:1030 - CMSIS Pack Vendor :STMicroelectronics X-CUBE-MEMS1 11.1.0
2025-07-04 20:18:20,983 [INFO] ThirdParty:1030 - CMSIS Pack Vendor :STMicroelectronics X-CUBE-AZRTOS-WL 2.0.0
2025-07-04 20:18:20,983 [INFO] ThirdParty:1030 - CMSIS Pack Vendor :SEGGER I-CUBE-embOS 1.3.1
2025-07-04 20:18:20,983 [INFO] ThirdParty:1030 - CMSIS Pack Vendor :STMicroelectronics X-CUBE-ALGOBUILD 1.4.0
2025-07-04 20:18:20,983 [INFO] ThirdParty:1030 - CMSIS Pack Vendor :STMicroelectronics X-CUBE-DPower 1.3.0
2025-07-04 20:18:20,983 [INFO] ThirdParty:1030 - CMSIS Pack Vendor :STMicroelectronics X-CUBE-MEMS1 11.3.0
2025-07-04 20:18:20,983 [INFO] ThirdParty:1030 - CMSIS Pack Vendor :STMicroelectronics FP-SNS-MOTENV1 5.0.0
2025-07-04 20:18:20,983 [INFO] ThirdParty:1030 - CMSIS Pack Vendor :STMicroelectronics USB_DEVICE 1.0.0
2025-07-04 20:18:20,983 [INFO] ThirdParty:1030 - CMSIS Pack Vendor :STMicroelectronics X-CUBE-AZRTOS-H7RS 1.0.0
2025-07-04 20:18:20,983 [INFO] ThirdParty:1030 - CMSIS Pack Vendor :STMicroelectronics X-CUBE-AZRTOS-L4 2.0.0
2025-07-04 20:18:20,983 [INFO] ThirdParty:1030 - CMSIS Pack Vendor :STMicroelectronics ThreadX 0.0.2
2025-07-04 20:18:20,983 [INFO] ThirdParty:1030 - CMSIS Pack Vendor :WES I-CUBE-Cesium 1.3.0
2025-07-04 20:18:20,983 [INFO] ThirdParty:1030 - CMSIS Pack Vendor :STMicroelectronics lwIP 2.1.2
2025-07-04 20:18:20,983 [INFO] ThirdParty:1030 - CMSIS Pack Vendor :STMicroelectronics X-CUBE-SFXS2LP1 4.0.0
2025-07-04 20:18:20,983 [INFO] ThirdParty:1030 - CMSIS Pack Vendor :STMicroelectronics X-CUBE-BLE2 3.3.0
2025-07-04 20:18:20,983 [INFO] ThirdParty:1030 - CMSIS Pack Vendor :STMicroelectronics X-CUBE-TOF1 3.4.2
2025-07-04 20:18:20,983 [INFO] ThirdParty:1030 - CMSIS Pack Vendor :STMicroelectronics X-CUBE-TOF1 3.4.3
2025-07-04 20:18:20,983 [INFO] ThirdParty:1030 - CMSIS Pack Vendor :STMicroelectronics PDM2PCM 3.2.0
2025-07-04 20:18:20,983 [INFO] ThirdParty:841 - exiting critical section [change project]
2025-07-04 20:18:21,619 [INFO] PinOutPanel:1589 - setPackage(No Configuration,No Configuration)
2025-07-04 20:18:21,621 [INFO] PinOutPanel:1589 - setPackage(STM32H743VITx,LQFP100)
2025-07-04 20:18:22,504 [INFO] UtilMem:75 - Before build in PCC Used Memory: 964020424 Bytes (1073741824)
2025-07-04 20:18:22,983 [INFO] UtilMem:75 - After build in PCC Used Memory: 860896568 Bytes (1073741824)
2025-07-04 20:18:22,990 [INFO] ApiDbMcu:508 - Load IP Config File for FATFS
2025-07-04 20:18:23,006 [INFO] ApiDbMcu:508 - Load IP Config File for FREERTOS
2025-07-04 20:18:23,091 [INFO] IPUIPlugin:80 - create IPUIPlugin
2025-07-04 20:18:23,091 [INFO] IPUIPlugin:80 - create IPUIPlugin
2025-07-04 20:18:23,091 [INFO] IPUIPlugin:80 - create IPUIPlugin
2025-07-04 20:18:23,091 [INFO] IPUIPlugin:80 - create IPUIPlugin
2025-07-04 20:18:23,091 [INFO] IPUIPlugin:80 - create IPUIPlugin
2025-07-04 20:18:23,092 [INFO] IPUIPlugin:80 - create IPUIPlugin
2025-07-04 20:18:23,092 [INFO] IPUIPlugin:80 - create IPUIPlugin
2025-07-04 20:18:23,092 [INFO] IPUIPlugin:80 - create IPUIPlugin
2025-07-04 20:18:23,092 [INFO] IPUIPlugin:80 - create IPUIPlugin
2025-07-04 20:18:23,092 [INFO] IPUIPlugin:80 - create IPUIPlugin
2025-07-04 20:18:23,093 [INFO] IPUIPlugin:80 - create IPUIPlugin
2025-07-04 20:18:23,093 [INFO] IPUIPlugin:80 - create IPUIPlugin
2025-07-04 20:18:23,093 [INFO] IPUIPlugin:80 - create IPUIPlugin
2025-07-04 20:18:23,093 [INFO] IPUIPlugin:80 - create IPUIPlugin
2025-07-04 20:18:23,093 [INFO] IPUIPlugin:80 - create IPUIPlugin
2025-07-04 20:18:23,093 [INFO] IPUIPlugin:80 - create IPUIPlugin
2025-07-04 20:18:23,093 [INFO] IPUIPlugin:80 - create IPUIPlugin
2025-07-04 20:18:23,093 [INFO] IPUIPlugin:80 - create IPUIPlugin
2025-07-04 20:18:23,094 [INFO] IPUIPlugin:80 - create IPUIPlugin
2025-07-04 20:18:23,094 [INFO] IPUIPlugin:80 - create IPUIPlugin
2025-07-04 20:18:23,094 [INFO] IPUIPlugin:80 - create IPUIPlugin
2025-07-04 20:18:23,094 [INFO] IPUIPlugin:80 - create IPUIPlugin
2025-07-04 20:18:23,094 [INFO] IPUIPlugin:80 - create IPUIPlugin
2025-07-04 20:18:23,095 [INFO] IPUIPlugin:80 - create IPUIPlugin
2025-07-04 20:18:23,095 [INFO] IPUIPlugin:80 - create IPUIPlugin
2025-07-04 20:18:23,095 [INFO] IPUIPlugin:80 - create IPUIPlugin
2025-07-04 20:18:23,095 [INFO] IPUIPlugin:80 - create IPUIPlugin
2025-07-04 20:18:23,095 [INFO] IPUIPlugin:80 - create IPUIPlugin
2025-07-04 20:18:23,095 [INFO] IPUIPlugin:80 - create IPUIPlugin
2025-07-04 20:18:23,096 [INFO] IPUIPlugin:80 - create IPUIPlugin
2025-07-04 20:18:23,096 [INFO] IPUIPlugin:80 - create IPUIPlugin
2025-07-04 20:18:23,096 [INFO] IPUIPlugin:80 - create IPUIPlugin
2025-07-04 20:18:23,097 [INFO] IPUIPlugin:80 - create IPUIPlugin
2025-07-04 20:18:23,098 [INFO] IPUIPlugin:80 - create IPUIPlugin
2025-07-04 20:18:23,098 [INFO] IPUIPlugin:80 - create IPUIPlugin
2025-07-04 20:18:23,098 [INFO] IPUIPlugin:80 - create IPUIPlugin
2025-07-04 20:18:23,099 [INFO] IPUIPlugin:80 - create IPUIPlugin
2025-07-04 20:18:23,100 [INFO] IPUIPlugin:80 - create IPUIPlugin
2025-07-04 20:18:23,100 [INFO] IPUIPlugin:80 - create IPUIPlugin
2025-07-04 20:18:23,101 [INFO] IPUIPlugin:80 - create IPUIPlugin
2025-07-04 20:18:23,101 [INFO] IPUIPlugin:80 - create IPUIPlugin
2025-07-04 20:18:23,101 [INFO] IPUIPlugin:80 - create IPUIPlugin
2025-07-04 20:18:23,102 [INFO] IPUIPlugin:80 - create IPUIPlugin
2025-07-04 20:18:23,102 [INFO] IPUIPlugin:80 - create IPUIPlugin
2025-07-04 20:18:23,102 [INFO] IPUIPlugin:80 - create IPUIPlugin
2025-07-04 20:18:23,102 [INFO] IPUIPlugin:80 - create IPUIPlugin
2025-07-04 20:18:23,103 [INFO] IPUIPlugin:80 - create IPUIPlugin
2025-07-04 20:18:23,104 [INFO] IPUIPlugin:80 - create IPUIPlugin
2025-07-04 20:18:23,105 [INFO] IPUIPlugin:80 - create IPUIPlugin
2025-07-04 20:18:23,105 [INFO] IPUIPlugin:80 - create IPUIPlugin
2025-07-04 20:18:23,106 [INFO] IPUIPlugin:80 - create IPUIPlugin
2025-07-04 20:18:23,106 [INFO] IPUIPlugin:80 - create IPUIPlugin
2025-07-04 20:18:23,106 [INFO] IPUIPlugin:80 - create IPUIPlugin
2025-07-04 20:18:23,107 [INFO] IPUIPlugin:80 - create IPUIPlugin
2025-07-04 20:18:23,107 [INFO] IPUIPlugin:80 - create IPUIPlugin
2025-07-04 20:18:23,108 [INFO] IPUIPlugin:80 - create IPUIPlugin
2025-07-04 20:18:23,108 [INFO] IPUIPlugin:80 - create IPUIPlugin
2025-07-04 20:18:23,108 [INFO] IPUIPlugin:80 - create IPUIPlugin
2025-07-04 20:18:23,109 [INFO] IPUIPlugin:80 - create IPUIPlugin
2025-07-04 20:18:23,109 [INFO] IPUIPlugin:80 - create IPUIPlugin
2025-07-04 20:18:23,110 [INFO] IPUIPlugin:80 - create IPUIPlugin
2025-07-04 20:18:23,110 [INFO] IPUIPlugin:80 - create IPUIPlugin
2025-07-04 20:18:23,111 [INFO] IPUIPlugin:80 - create IPUIPlugin
2025-07-04 20:18:23,112 [INFO] IPUIPlugin:80 - create IPUIPlugin
2025-07-04 20:18:23,112 [INFO] IPUIPlugin:80 - create IPUIPlugin
2025-07-04 20:18:23,113 [INFO] IPUIPlugin:80 - create IPUIPlugin
2025-07-04 20:18:23,113 [INFO] IPUIPlugin:80 - create IPUIPlugin
2025-07-04 20:18:23,114 [INFO] IPUIPlugin:80 - create IPUIPlugin
2025-07-04 20:18:23,114 [INFO] IPUIPlugin:80 - create IPUIPlugin
2025-07-04 20:18:23,115 [INFO] IPUIPlugin:80 - create IPUIPlugin
2025-07-04 20:18:23,115 [INFO] IPUIPlugin:80 - create IPUIPlugin
2025-07-04 20:18:23,115 [INFO] IPUIPlugin:80 - create IPUIPlugin
2025-07-04 20:18:23,116 [INFO] IPUIPlugin:80 - create IPUIPlugin
2025-07-04 20:18:23,117 [INFO] IPUIPlugin:80 - create IPUIPlugin
2025-07-04 20:18:23,118 [INFO] IPUIPlugin:80 - create IPUIPlugin
2025-07-04 20:18:23,119 [INFO] IPUIPlugin:80 - create IPUIPlugin
2025-07-04 20:18:23,120 [INFO] IPUIPlugin:80 - create IPUIPlugin
2025-07-04 20:18:23,121 [INFO] IPUIPlugin:80 - create IPUIPlugin
2025-07-04 20:18:23,121 [INFO] IPUIPlugin:80 - create IPUIPlugin
2025-07-04 20:18:23,122 [INFO] IPUIPlugin:80 - create IPUIPlugin
2025-07-04 20:18:23,122 [INFO] IPUIPlugin:80 - create IPUIPlugin
2025-07-04 20:18:23,123 [INFO] IPUIPlugin:80 - create IPUIPlugin
2025-07-04 20:18:23,123 [INFO] IPUIPlugin:80 - create IPUIPlugin
2025-07-04 20:18:23,123 [INFO] IPUIPlugin:80 - create IPUIPlugin
2025-07-04 20:18:23,124 [INFO] IPUIPlugin:80 - create IPUIPlugin
2025-07-04 20:18:23,125 [INFO] IPUIPlugin:80 - create IPUIPlugin
2025-07-04 20:18:23,126 [INFO] IPUIPlugin:80 - create IPUIPlugin
2025-07-04 20:18:23,126 [INFO] IPUIPlugin:80 - create IPUIPlugin
2025-07-04 20:18:23,127 [INFO] IPUIPlugin:80 - create IPUIPlugin
2025-07-04 20:18:23,128 [INFO] IPUIPlugin:80 - create IPUIPlugin
2025-07-04 20:18:23,128 [INFO] IPUIPlugin:80 - create IPUIPlugin
2025-07-04 20:18:23,129 [INFO] IPUIPlugin:80 - create IPUIPlugin
2025-07-04 20:18:23,129 [INFO] IPUIPlugin:80 - create IPUIPlugin
2025-07-04 20:18:23,130 [INFO] IPUIPlugin:80 - create IPUIPlugin
2025-07-04 20:18:23,131 [INFO] IPUIPlugin:80 - create IPUIPlugin
2025-07-04 20:18:23,133 [INFO] IPUIPlugin:80 - create IPUIPlugin
2025-07-04 20:18:23,133 [INFO] IPUIPlugin:80 - create IPUIPlugin
2025-07-04 20:18:23,137 [INFO] ApiDbMcu:508 - Load IP Config File for PDM2PCM
2025-07-04 20:18:23,177 [WARN] FreeRTOS:1023 - Null or empty value: should not occur! (nothing added to the table)
2025-07-04 20:18:23,314 [INFO] CADModel:165 - CPN selected for project levelSTM32H743VIT6
2025-07-04 20:18:23,314 [INFO] CADModel:114 - Register for checkConnection events
2025-07-04 20:18:23,319 [INFO] RtosManager:725 - Active RTOS found at IOC load: FREERTOS [Cortex-M7NS]
2025-07-04 20:18:23,365 [INFO] OpenFileManager:385 - Restore cursor
2025-07-04 20:20:57,406 [INFO] I2cTimingTraitement:330 - 0x307075B1
2025-07-04 20:21:48,780 [ERROR] LogOutputStream:75 - [STDERR_REDIRECT] 
2025-07-04 20:23:53,804 [INFO] Activator:176 - 


2025-07-04 20:23:53,806 [INFO] Activator:177 - !SESSION log4j initialized
2025-07-04 20:23:59,952 [INFO] LogOutputStream:77 - [STDOUT_REDIRECT] 
2025-07-04 20:24:06,259 [INFO] ApplicationProperties:184 - Using Application install path: C:\ST\STM32CubeIDE_1.18.0\STM32CubeIDE\plugins\com.st.stm32cube.common.mx_6.14.0.202502271554
2025-07-04 20:24:06,276 [INFO] DbMcusXml:78 - Set database path to: C:\ST\STM32CubeIDE_1.18.0\STM32CubeIDE\plugins\com.st.stm32cube.common.mx_6.14.0.202502271554\\db\/mcu/
2025-07-04 20:24:06,277 [INFO] ApiDb:274 - Set plugin database path to: C:\ST\STM32CubeIDE_1.18.0\STM32CubeIDE\plugins\com.st.stm32cube.common.mx_6.14.0.202502271554\\db\/plugins/boardmanager/
2025-07-04 20:24:06,277 [WARN] ApiDb:259 - Overriding images path with different value:  => C:\ST\STM32CubeIDE_1.18.0\STM32CubeIDE\plugins\com.st.stm32cube.common.mx_6.14.0.202502271554\\db\/plugins/mcufinder/images/
2025-07-04 20:24:06,284 [INFO] ApiDb:250 - Set database path to: C:\Users\marcv\.stmcufinder\plugins\mcufinder//mcu/
2025-07-04 20:24:06,285 [INFO] DbMcusAds:125 - Set database path to: C:\Users\marcv\.stmcufinder\plugins\mcufinder//mcu/
2025-07-04 20:24:06,287 [INFO] CrossReferenceDbSqlite:203 - Set database path to: C:\Users\marcv\.stmcufinder\plugins\mcufinder//mcu/cs/
2025-07-04 20:24:06,393 [INFO] RulesReader:64 - Compatibility file has been processed (301 Rules)
2025-07-04 20:24:06,475 [INFO] DbMcusXml:78 - Set database path to: C:\ST\STM32CubeIDE_1.18.0\STM32CubeIDE\plugins\com.st.stm32cube.common.mx_6.14.0.202502271554\\db\/mcu/
2025-07-04 20:24:06,475 [INFO] ApiDb:274 - Set plugin database path to: C:\ST\STM32CubeIDE_1.18.0\STM32CubeIDE\plugins\com.st.stm32cube.common.mx_6.14.0.202502271554\\db\/plugins/boardmanager/
2025-07-04 20:24:06,476 [INFO] ApiDb:261 - Set plugin images path to: C:\ST\STM32CubeIDE_1.18.0\STM32CubeIDE\plugins\com.st.stm32cube.common.mx_6.14.0.202502271554\\db\/plugins/mcufinder/images/
2025-07-04 20:24:06,476 [WARN] DbFile:41 - Overriding database path with different value: C:\Users\marcv\.stmcufinder\plugins\mcufinder/ => C:\Users\marcv\.stmcufinder\plugins\mcufinder
2025-07-04 20:24:06,476 [INFO] ApiDb:250 - Set database path to: C:\Users\marcv\.stmcufinder\plugins\mcufinder//mcu/
2025-07-04 20:24:06,476 [WARN] DbFile:41 - Overriding database path with different value: C:\Users\marcv\.stmcufinder\plugins\mcufinder/ => C:\Users\marcv\.stmcufinder\plugins\mcufinder
2025-07-04 20:24:06,476 [INFO] DbMcusAds:125 - Set database path to: C:\Users\marcv\.stmcufinder\plugins\mcufinder//mcu/
2025-07-04 20:24:06,476 [WARN] DbFile:41 - Overriding database path with different value: C:\Users\marcv\.stmcufinder\plugins\mcufinder/ => C:\Users\marcv\.stmcufinder\plugins\mcufinder
2025-07-04 20:24:06,476 [WARN] DbFile:41 - Overriding database path with different value: C:\Users\marcv\.stmcufinder\plugins\mcufinder/ => C:\Users\marcv\.stmcufinder\plugins\mcufinder
2025-07-04 20:24:06,476 [INFO] CrossReferenceDbSqlite:203 - Set database path to: C:\Users\marcv\.stmcufinder\plugins\mcufinder//mcu/cs/
2025-07-04 20:24:06,550 [INFO] MainPanel:272 - HeapMemory: 268435456
2025-07-04 20:24:06,677 [INFO] DbMcusXml:78 - Set database path to: C:\ST\STM32CubeIDE_1.18.0\STM32CubeIDE\plugins\com.st.stm32cube.common.mx_6.14.0.202502271554\\db\/mcu/
2025-07-04 20:24:06,677 [INFO] ApiDb:274 - Set plugin database path to: C:\ST\STM32CubeIDE_1.18.0\STM32CubeIDE\plugins\com.st.stm32cube.common.mx_6.14.0.202502271554\\db\/plugins/boardmanager/
2025-07-04 20:24:06,677 [INFO] ApiDb:261 - Set plugin images path to: C:\ST\STM32CubeIDE_1.18.0\STM32CubeIDE\plugins\com.st.stm32cube.common.mx_6.14.0.202502271554\\db\/plugins/mcufinder/images/
2025-07-04 20:24:06,677 [WARN] DbFile:41 - Overriding database path with different value: C:\Users\marcv\.stmcufinder\plugins\mcufinder/ => C:\Users\marcv\.stmcufinder\plugins\mcufinder
2025-07-04 20:24:06,677 [INFO] ApiDb:250 - Set database path to: C:\Users\marcv\.stmcufinder\plugins\mcufinder//mcu/
2025-07-04 20:24:06,677 [WARN] DbFile:41 - Overriding database path with different value: C:\Users\marcv\.stmcufinder\plugins\mcufinder/ => C:\Users\marcv\.stmcufinder\plugins\mcufinder
2025-07-04 20:24:06,678 [INFO] DbMcusAds:125 - Set database path to: C:\Users\marcv\.stmcufinder\plugins\mcufinder//mcu/
2025-07-04 20:24:06,678 [WARN] DbFile:41 - Overriding database path with different value: C:\Users\marcv\.stmcufinder\plugins\mcufinder/ => C:\Users\marcv\.stmcufinder\plugins\mcufinder
2025-07-04 20:24:06,678 [WARN] DbFile:41 - Overriding database path with different value: C:\Users\marcv\.stmcufinder\plugins\mcufinder/ => C:\Users\marcv\.stmcufinder\plugins\mcufinder
2025-07-04 20:24:06,678 [INFO] CrossReferenceDbSqlite:203 - Set database path to: C:\Users\marcv\.stmcufinder\plugins\mcufinder//mcu/cs/
2025-07-04 20:24:06,704 [INFO] ApplicationProperties:184 - Using Application install path: C:\ST\STM32CubeIDE_1.18.0\STM32CubeIDE\plugins\com.st.stm32cube.common.mx_6.14.0.202502271554
2025-07-04 20:24:06,705 [INFO] PluginManage:196 - Search for loadable plugins [exclusion list=, ]
2025-07-04 20:24:06,706 [INFO] PluginManage:310 - Check plugin analytics
2025-07-04 20:24:11,386 [INFO] AnalyticsPlugin:253 - Accepted Software Licenses: 
2025-07-04 20:24:11,386 [INFO] AnalyticsPlugin:255 - Accepted CMSIS Pack Licenses: 
2025-07-04 20:24:11,386 [INFO] AnalyticsPlugin:257 - Accepted Firmware Licenses: FW.H7.1.12.0
2025-07-04 20:24:11,389 [INFO] PluginManage:359 - Loaded plugin analytics (category:tool,tabindex:-1)
2025-07-04 20:24:11,389 [INFO] PluginManage:310 - Check plugin cadmodel
2025-07-04 20:24:11,406 [INFO] CADModel:105 - Init CAD model plugin
2025-07-04 20:24:11,406 [INFO] PluginManage:359 - Loaded plugin cadmodel (category:power,tabindex:5)
2025-07-04 20:24:11,406 [INFO] PluginManage:310 - Check plugin clock
2025-07-04 20:24:11,427 [INFO] PluginManage:359 - Loaded plugin clock (category:base,tabindex:2)
2025-07-04 20:24:11,427 [INFO] PluginManage:310 - Check plugin ddr
2025-07-04 20:24:11,430 [INFO] PluginManage:359 - Loaded plugin ddr (category:tool,tabindex:6)
2025-07-04 20:24:11,430 [INFO] PluginManage:310 - Check plugin filemanager
2025-07-04 20:24:11,574 [INFO] PluginManage:359 - Loaded plugin filemanager (category:base,tabindex:10)
2025-07-04 20:24:11,574 [INFO] PluginManage:310 - Check plugin ipmanager
2025-07-04 20:24:11,581 [INFO] PluginManage:359 - Loaded plugin ipmanager (category:base,tabindex:5)
2025-07-04 20:24:11,581 [INFO] PluginManage:310 - Check plugin lpbam
2025-07-04 20:24:11,601 [INFO] PluginManage:359 - Loaded plugin lpbam (category:base,tabindex:0)
2025-07-04 20:24:11,601 [INFO] PluginManage:310 - Check plugin memorymap
2025-07-04 20:24:11,629 [INFO] PluginManage:359 - Loaded plugin memorymap (category:base,tabindex:4)
2025-07-04 20:24:11,630 [INFO] PluginManage:310 - Check plugin pinoutandconfiguration
2025-07-04 20:24:11,650 [INFO] PluginManage:359 - Loaded plugin pinoutandconfiguration (category:base,tabindex:1)
2025-07-04 20:24:11,650 [INFO] PluginManage:310 - Check plugin pinoutconfig
2025-07-04 20:24:11,746 [WARN] SupportedApi:132 - Cannot load RTOS API schema: s4s-elt-must-match.1: The content of 'definitions' must match (annotation?, (simpleType | complexType)?, (unique | key | keyref)*)). A problem was found starting at: attribute.
2025-07-04 20:24:11,856 [INFO] PluginManage:359 - Loaded plugin pinoutconfig (category:base,tabindex:0)
2025-07-04 20:24:11,856 [INFO] PluginManage:310 - Check plugin power
2025-07-04 20:24:11,877 [INFO] PluginManage:359 - Loaded plugin power (category:power,tabindex:4)
2025-07-04 20:24:11,877 [INFO] PluginManage:310 - Check plugin projectmanager
2025-07-04 20:24:11,891 [INFO] PluginManage:359 - Loaded plugin projectmanager (category:projectmanager,tabindex:4)
2025-07-04 20:24:11,891 [INFO] PluginManage:310 - Check plugin rif
2025-07-04 20:24:11,913 [INFO] PluginManage:359 - Loaded plugin rif (category:base,tabindex:3)
2025-07-04 20:24:11,913 [INFO] PluginManage:310 - Check plugin thirdparty
2025-07-04 20:24:12,211 [INFO] PluginManage:359 - Loaded plugin thirdparty (category:base,tabindex:-1)
2025-07-04 20:24:12,212 [INFO] PluginManage:310 - Check plugin tools
2025-07-04 20:24:12,211 [WARN] IntegrityCheckThread:84 - waiting for thirdparty lock release [integrity check]
2025-07-04 20:24:12,212 [INFO] IntegrityCheckThread:86 - entering critical section [integrity check]
2025-07-04 20:24:12,212 [INFO] ThirdPartyUpdaterWithRetryManager:70 - Updater plugin not ready yet. [1/15]
2025-07-04 20:24:12,260 [INFO] PluginManage:359 - Loaded plugin tools (category:base,tabindex:7)
2025-07-04 20:24:12,261 [INFO] PluginManage:310 - Check plugin tutovideos
2025-07-04 20:24:12,459 [INFO] PluginManage:359 - Loaded plugin tutovideos (category:base,tabindex:-1)
2025-07-04 20:24:12,460 [INFO] PluginManage:310 - Check plugin updater
2025-07-04 20:24:12,479 [INFO] PluginManage:359 - Loaded plugin updater (category:base,tabindex:12)
2025-07-04 20:24:12,479 [INFO] PluginManage:310 - Check plugin userauth
2025-07-04 20:24:12,484 [INFO] UserAuth:118 - Init User Auth plugin
2025-07-04 20:24:12,484 [INFO] PluginManage:359 - Loaded plugin userauth (category:base,tabindex:14)
2025-07-04 20:24:12,485 [INFO] PluginManage:283 - PluginManage : Loaded plugins [18]
2025-07-04 20:24:12,690 [INFO] PinOutPanel:1589 - setPackage(No Configuration,No Configuration)
2025-07-04 20:24:12,767 [INFO] CADModel:165 - CPN selected for project level
2025-07-04 20:24:12,767 [INFO] CADModel:114 - Register for checkConnection events
2025-07-04 20:24:12,796 [INFO] IPUIPlugin:80 - create IPUIPlugin
2025-07-04 20:24:12,796 [INFO] PluginManager:220 - loadIPPluginJar : add adc
2025-07-04 20:24:12,851 [INFO] IPUIPlugin:80 - create IPUIPlugin
2025-07-04 20:24:12,851 [INFO] PluginManager:220 - loadIPPluginJar : add aes
2025-07-04 20:24:12,907 [INFO] IPUIPlugin:80 - create IPUIPlugin
2025-07-04 20:24:12,907 [INFO] PluginManager:220 - loadIPPluginJar : add can
2025-07-04 20:24:12,941 [INFO] IPUIPlugin:80 - create IPUIPlugin
2025-07-04 20:24:12,941 [INFO] PluginManager:220 - loadIPPluginJar : add comp
2025-07-04 20:24:12,990 [INFO] IPUIPlugin:80 - create IPUIPlugin
2025-07-04 20:24:12,990 [INFO] PluginManager:220 - loadIPPluginJar : add cryp
2025-07-04 20:24:13,008 [INFO] IPUIPlugin:80 - create IPUIPlugin
2025-07-04 20:24:13,008 [INFO] PluginManager:220 - loadIPPluginJar : add ddr_ctrl_phy
2025-07-04 20:24:13,052 [INFO] IPUIPlugin:80 - create IPUIPlugin
2025-07-04 20:24:13,052 [INFO] PluginManager:220 - loadIPPluginJar : add dfsdm
2025-07-04 20:24:13,069 [INFO] IPUIPlugin:80 - create IPUIPlugin
2025-07-04 20:24:13,069 [INFO] PluginManager:220 - loadIPPluginJar : add dma
2025-07-04 20:24:13,127 [INFO] IPUIPlugin:80 - create IPUIPlugin
2025-07-04 20:24:13,127 [INFO] PluginManager:220 - loadIPPluginJar : add dma3
2025-07-04 20:24:13,189 [INFO] IPUIPlugin:80 - create IPUIPlugin
2025-07-04 20:24:13,189 [INFO] PluginManager:220 - loadIPPluginJar : add extmemmanager
2025-07-04 20:24:13,220 [INFO] IPUIPlugin:80 - create IPUIPlugin
2025-07-04 20:24:13,220 [INFO] PluginManager:220 - loadIPPluginJar : add fatfs
2025-07-04 20:24:13,294 [INFO] IPUIPlugin:80 - create IPUIPlugin
2025-07-04 20:24:13,294 [INFO] PluginManager:220 - loadIPPluginJar : add fmc
2025-07-04 20:24:13,312 [INFO] IPUIPlugin:80 - create IPUIPlugin
2025-07-04 20:24:13,313 [INFO] PluginManager:220 - loadIPPluginJar : add freertos
2025-07-04 20:24:13,344 [INFO] IPUIPlugin:80 - create IPUIPlugin
2025-07-04 20:24:13,344 [INFO] PluginManager:220 - loadIPPluginJar : add genericplugin
2025-07-04 20:24:13,476 [INFO] IPUIPlugin:80 - create IPUIPlugin
2025-07-04 20:24:13,476 [INFO] PluginManager:220 - loadIPPluginJar : add gfxmmu
2025-07-04 20:24:13,650 [INFO] IPUIPlugin:80 - create IPUIPlugin
2025-07-04 20:24:13,650 [INFO] PluginManager:220 - loadIPPluginJar : add gic
2025-07-04 20:24:13,665 [INFO] IPUIPlugin:80 - create IPUIPlugin
2025-07-04 20:24:13,665 [INFO] PluginManager:220 - loadIPPluginJar : add gpio
2025-07-04 20:24:13,786 [INFO] IPUIPlugin:80 - create IPUIPlugin
2025-07-04 20:24:13,786 [INFO] PluginManager:220 - loadIPPluginJar : add gtzc
2025-07-04 20:24:13,832 [INFO] IPUIPlugin:80 - create IPUIPlugin
2025-07-04 20:24:13,832 [INFO] PluginManager:220 - loadIPPluginJar : add hash
2025-07-04 20:24:13,902 [INFO] IPUIPlugin:80 - create IPUIPlugin
2025-07-04 20:24:13,903 [INFO] PluginManager:220 - loadIPPluginJar : add i2c
2025-07-04 20:24:13,965 [INFO] IPUIPlugin:80 - create IPUIPlugin
2025-07-04 20:24:13,966 [INFO] PluginManager:220 - loadIPPluginJar : add i2s
2025-07-04 20:24:14,026 [INFO] IPUIPlugin:80 - create IPUIPlugin
2025-07-04 20:24:14,027 [INFO] PluginManager:220 - loadIPPluginJar : add i3c
2025-07-04 20:24:14,160 [INFO] IPUIPlugin:80 - create IPUIPlugin
2025-07-04 20:24:14,160 [INFO] PluginManager:220 - loadIPPluginJar : add ipddr
2025-07-04 20:24:14,286 [INFO] IPUIPlugin:80 - create IPUIPlugin
2025-07-04 20:24:14,286 [INFO] PluginManager:220 - loadIPPluginJar : add linkedlist
2025-07-04 20:24:14,335 [INFO] IPUIPlugin:80 - create IPUIPlugin
2025-07-04 20:24:14,335 [INFO] PluginManager:220 - loadIPPluginJar : add lorawan
2025-07-04 20:24:14,385 [INFO] IPUIPlugin:80 - create IPUIPlugin
2025-07-04 20:24:14,385 [INFO] PluginManager:220 - loadIPPluginJar : add ltdc
2025-07-04 20:24:14,402 [INFO] IPUIPlugin:80 - create IPUIPlugin
2025-07-04 20:24:14,402 [INFO] PluginManager:220 - loadIPPluginJar : add mdma
2025-07-04 20:24:14,418 [INFO] IPUIPlugin:80 - create IPUIPlugin
2025-07-04 20:24:14,418 [INFO] PluginManager:220 - loadIPPluginJar : add nvic
2025-07-04 20:24:14,469 [INFO] IPUIPlugin:80 - create IPUIPlugin
2025-07-04 20:24:14,469 [INFO] PluginManager:220 - loadIPPluginJar : add opamp
2025-07-04 20:24:14,552 [INFO] IPUIPlugin:80 - create IPUIPlugin
2025-07-04 20:24:14,552 [INFO] PluginManager:220 - loadIPPluginJar : add openamp
2025-07-04 20:24:14,610 [INFO] IPUIPlugin:80 - create IPUIPlugin
2025-07-04 20:24:14,611 [INFO] PluginManager:220 - loadIPPluginJar : add pdm2pcm
2025-07-04 20:24:14,628 [INFO] IPUIPlugin:80 - create IPUIPlugin
2025-07-04 20:24:14,630 [INFO] PluginManager:220 - loadIPPluginJar : add plateformsettings
2025-07-04 20:24:14,661 [INFO] IPUIPlugin:80 - create IPUIPlugin
2025-07-04 20:24:14,662 [INFO] PluginManager:220 - loadIPPluginJar : add quadspi
2025-07-04 20:24:14,698 [INFO] IPUIPlugin:80 - create IPUIPlugin
2025-07-04 20:24:14,698 [INFO] PluginManager:220 - loadIPPluginJar : add radio
2025-07-04 20:24:14,714 [INFO] IPUIPlugin:80 - create IPUIPlugin
2025-07-04 20:24:14,714 [INFO] PluginManager:220 - loadIPPluginJar : add resmgrutility
2025-07-04 20:24:14,775 [INFO] IPUIPlugin:80 - create IPUIPlugin
2025-07-04 20:24:14,775 [INFO] PluginManager:220 - loadIPPluginJar : add sai
2025-07-04 20:24:14,825 [INFO] IPUIPlugin:80 - create IPUIPlugin
2025-07-04 20:24:14,825 [INFO] PluginManager:220 - loadIPPluginJar : add spi
2025-07-04 20:24:14,921 [INFO] IPUIPlugin:80 - create IPUIPlugin
2025-07-04 20:24:14,921 [INFO] PluginManager:220 - loadIPPluginJar : add stm32_wpan
2025-07-04 20:24:14,954 [INFO] IPUIPlugin:80 - create IPUIPlugin
2025-07-04 20:24:14,954 [INFO] PluginManager:220 - loadIPPluginJar : add tim
2025-07-04 20:24:15,034 [INFO] IPUIPlugin:80 - create IPUIPlugin
2025-07-04 20:24:15,035 [INFO] PluginManager:220 - loadIPPluginJar : add touchsensing
2025-07-04 20:24:15,066 [INFO] IPUIPlugin:80 - create IPUIPlugin
2025-07-04 20:24:15,066 [INFO] PluginManager:220 - loadIPPluginJar : add tracer_emb
2025-07-04 20:24:15,101 [INFO] IPUIPlugin:80 - create IPUIPlugin
2025-07-04 20:24:15,101 [INFO] PluginManager:220 - loadIPPluginJar : add ts
2025-07-04 20:24:15,131 [INFO] IPUIPlugin:80 - create IPUIPlugin
2025-07-04 20:24:15,131 [INFO] PluginManager:220 - loadIPPluginJar : add tsc
2025-07-04 20:24:15,162 [INFO] IPUIPlugin:80 - create IPUIPlugin
2025-07-04 20:24:15,162 [INFO] PluginManager:220 - loadIPPluginJar : add ucpd
2025-07-04 20:24:15,213 [INFO] ThirdPartyUpdaterWithRetryManager:70 - Updater plugin not ready yet. [2/15]
2025-07-04 20:24:15,220 [INFO] IPUIPlugin:80 - create IPUIPlugin
2025-07-04 20:24:15,220 [INFO] PluginManager:220 - loadIPPluginJar : add usart
2025-07-04 20:24:15,279 [INFO] IPUIPlugin:80 - create IPUIPlugin
2025-07-04 20:24:15,279 [INFO] PluginManager:220 - loadIPPluginJar : add usbx
2025-07-04 20:24:15,397 [FATAL] Updater:351 - Updater called before beeing initialized
2025-07-04 20:24:15,418 [INFO] RulesReader:64 - Compatibility file has been processed (301 Rules)
2025-07-04 20:24:15,428 [INFO] RulesReader:64 - Compatibility file has been processed (301 Rules)
2025-07-04 20:24:15,435 [INFO] CADModel:165 - CPN selected for project level
2025-07-04 20:24:15,436 [INFO] CADModel:114 - Register for checkConnection events
2025-07-04 20:24:15,436 [FATAL] Updater:351 - Updater called before beeing initialized
2025-07-04 20:24:15,436 [ERROR] CADModel:125 - Updater not yet initialized, retry later 
2025-07-04 20:24:15,582 [FATAL] Updater:351 - Updater called before beeing initialized
2025-07-04 20:24:15,585 [INFO] CADModel:165 - CPN selected for project level
2025-07-04 20:24:15,585 [INFO] CADModel:114 - Register for checkConnection events
2025-07-04 20:24:15,585 [FATAL] Updater:351 - Updater called before beeing initialized
2025-07-04 20:24:15,585 [ERROR] CADModel:125 - Updater not yet initialized, retry later 
2025-07-04 20:24:15,589 [FATAL] Updater:351 - Updater called before beeing initialized
2025-07-04 20:24:15,725 [FATAL] Updater:351 - Updater called before beeing initialized
2025-07-04 20:24:15,730 [INFO] DbMcusAds:53 - JSON generation date=Thu Jun 19 10:32:37 CEST 2025 (1750321957418)
2025-07-04 20:24:15,731 [FATAL] Updater:351 - Updater called before beeing initialized
2025-07-04 20:24:15,771 [WARN] DetailPanel:346 - Failed to get advertising image, set to default
2025-07-04 20:24:16,007 [FATAL] Updater:351 - Updater called before beeing initialized
2025-07-04 20:24:16,008 [FATAL] Updater:351 - Updater called before beeing initialized
2025-07-04 20:24:16,008 [FATAL] Updater:351 - Updater called before beeing initialized
2025-07-04 20:24:16,009 [WARN] DetailPanel:346 - Failed to get advertising image, set to default
2025-07-04 20:24:16,009 [FATAL] Updater:351 - Updater called before beeing initialized
2025-07-04 20:24:16,065 [ERROR] Updater:1198 - MainUpdater not yet initialized. External WinMGr cannot be set.
2025-07-04 20:24:16,077 [INFO] Updater:1134 - Updater Version found : 6.14.0
2025-07-04 20:24:16,096 [INFO] ApplicationProperties:184 - Using Application install path: C:\ST\STM32CubeIDE_1.18.0\STM32CubeIDE\plugins\com.st.stm32cube.common.mx_6.14.0.202502271554
2025-07-04 20:24:17,662 [ERROR] LogOutputStream:75 - [STDERR_REDIRECT] Jul 04, 2025 8:24:17 PM java.util.prefs.WindowsPreferences <init>
2025-07-04 20:24:17,663 [ERROR] LogOutputStream:75 - [STDERR_REDIRECT] WARNING: Could not open/create prefs root node Software\JavaSoft\Prefs at root 0xffffffff80000002. Windows RegCreateKeyEx(...) returned error code 5.
2025-07-04 20:24:17,663 [ERROR] LogOutputStream:75 - [STDERR_REDIRECT] 
2025-07-04 20:24:17,963 [INFO] MainUpdater:2872 - connection check result : 10
2025-07-04 20:24:17,963 [INFO] MainUpdater:289 - Updater Check For Update Now.
2025-07-04 20:24:17,964 [INFO] MicroXplorer:498 - Change Database Version : DB.6.0.140
2025-07-04 20:24:17,981 [INFO] McuFinderGlobals:63 - Set McuFinder mode to 2 (CubeIDE integrated)
2025-07-04 20:24:17,991 [INFO] UserAuth:486 - Internet connection configuration mode: 1
2025-07-04 20:24:18,014 [INFO] JxBrowserEngine:152 - Initiate JxBrowser Engine with user profile folder
2025-07-04 20:24:18,181 [INFO] CheckServerUpdateThread:120 - End of CheckServer Thread
2025-07-04 20:24:18,491 [WARN] PackLoader:240 - Cannot read IP mode file for STMicroelectronics.FP-SNS-MOTENVWB1.1.4.0
2025-07-04 20:24:18,510 [WARN] PackLoader:240 - Cannot read IP mode file for STMicroelectronics.FP-ATR-ASTRA1.2.0.2
2025-07-04 20:24:18,529 [WARN] PackLoader:240 - Cannot read IP mode file for STMicroelectronics.X-CUBE-SMBUS.2.1.0
2025-07-04 20:24:18,553 [WARN] PackLoader:240 - Cannot read IP mode file for STMicroelectronics.X-CUBE-WB05N.1.1.0
2025-07-04 20:24:18,571 [WARN] PackLoader:240 - Cannot read IP mode file for STMicroelectronics.X-CUBE-ST60.1.0.0
2025-07-04 20:24:18,623 [WARN] PackLoader:240 - Cannot read IP mode file for STMicroelectronics.X-CUBE-AZRTOS-F7.1.1.0
2025-07-04 20:24:18,643 [WARN] PackLoader:240 - Cannot read IP mode file for STMicroelectronics.FP-SNS-FLIGHT1.5.0.2
2025-07-04 20:24:19,362 [WARN] PackLoader:240 - Cannot read IP mode file for Infineon.AIROC-Wi-Fi-Bluetooth-STM32.1.7.0
2025-07-04 20:24:19,387 [WARN] PackLoader:240 - Cannot read IP mode file for STMicroelectronics.X-CUBE-DISPLAY.3.0.0
2025-07-04 20:24:19,407 [WARN] PackLoader:240 - Cannot read IP mode file for STMicroelectronics.X-CUBE-NFC10.1.0.0
2025-07-04 20:24:19,430 [WARN] PackLoader:240 - Cannot read IP mode file for STMicroelectronics.X-CUBE-BLEMGR.4.0.0
2025-07-04 20:24:19,452 [WARN] PackLoader:240 - Cannot read IP mode file for emotas.I-CUBE-CANOPEN.1.3.0
2025-07-04 20:24:19,466 [WARN] ConditionMgr:438 - getConditionDescription Invalid condition id : Cortex-A Device cause : null
2025-07-04 20:24:19,492 [WARN] ConditionMgr:1044 - genDependencies : Invalid condition id : Cortex-A Device cause : null
2025-07-04 20:24:19,492 [WARN] ConditionMgr:1044 - genDependencies : Invalid condition id : Cortex-A Device cause : null
2025-07-04 20:24:19,492 [WARN] ConditionMgr:1044 - genDependencies : Invalid condition id : Cortex-A Device cause : null
2025-07-04 20:24:19,515 [WARN] PackLoader:240 - Cannot read IP mode file for STMicroelectronics.X-CUBE-AI.10.0.0
2025-07-04 20:24:19,535 [WARN] PackLoader:240 - Cannot read IP mode file for STMicroelectronics.FP-SNS-SMARTAG2.1.2.0
2025-07-04 20:24:19,553 [WARN] PackLoader:240 - Cannot read IP mode file for STMicroelectronics.FP-SNS-FLIGHT1.5.1.0
2025-07-04 20:24:19,645 [WARN] PackLoader:240 - Cannot read IP mode file for STMicroelectronics.X-CUBE-MEMS1.11.1.0
2025-07-04 20:24:19,828 [INFO] LogOutputStream:77 - [STDOUT_REDIRECT] 1 : Invalid condition id : UX_CORESTACK_Condition cause : null
2025-07-04 20:24:19,829 [INFO] LogOutputStream:77 - [STDOUT_REDIRECT] 1 : Invalid condition id : UX_CORESTACK_Condition cause : null
2025-07-04 20:24:19,830 [INFO] LogOutputStream:77 - [STDOUT_REDIRECT] 1 : Invalid condition id : UX_CORESTACK_Condition cause : null
2025-07-04 20:24:19,832 [INFO] LogOutputStream:77 - [STDOUT_REDIRECT] 1 : Invalid condition id : UX_CORESTACK_Condition cause : null
2025-07-04 20:24:19,833 [INFO] LogOutputStream:77 - [STDOUT_REDIRECT] 1 : Invalid condition id : UX_CORESTACK_Condition cause : null
2025-07-04 20:24:19,836 [WARN] PackLoader:240 - Cannot read IP mode file for STMicroelectronics.X-CUBE-AZRTOS-WL.2.0.0
2025-07-04 20:24:19,864 [WARN] PackLoader:240 - Cannot read IP mode file for STMicroelectronics.FP-SNS-MOTENV1.5.0.0
2025-07-04 20:24:19,892 [WARN] PackLoader:240 - Cannot read IP mode file for WES.I-CUBE-Cesium.1.3.0
2025-07-04 20:24:19,911 [WARN] PackLoader:240 - Cannot read IP mode file for STMicroelectronics.X-CUBE-BLE2.3.3.0
2025-07-04 20:24:19,929 [WARN] PackLoader:240 - Cannot read IP mode file for STMicroelectronics.X-CUBE-NFC9.1.0.0
2025-07-04 20:24:19,952 [WARN] PackLoader:240 - Cannot read IP mode file for STMicroelectronics.X-CUBE-BLE1.7.1.0
2025-07-04 20:24:19,968 [WARN] PackLoader:240 - Cannot read IP mode file for wolfSSL.I-CUBE-wolfMQTT.1.19.2
2025-07-04 20:24:19,982 [WARN] PackLoader:240 - Cannot read IP mode file for STMicroelectronics.X-CUBE-AI.10.1.0
2025-07-04 20:24:20,044 [WARN] PackLoader:240 - Cannot read IP mode file for STMicroelectronics.X-CUBE-MEMS1.11.2.0
2025-07-04 20:24:20,057 [INFO] WebApp:169 - Instantiating new browser for Auth
2025-07-04 20:24:20,217 [WARN] PackLoader:240 - Cannot read IP mode file for STMicroelectronics.X-CUBE-AZRTOS-G0.1.1.0
2025-07-04 20:24:20,245 [WARN] PackLoader:240 - Cannot read IP mode file for STMicroelectronics.X-CUBE-SAFEA1.1.2.2
2025-07-04 20:24:20,267 [WARN] PackLoader:240 - Cannot read IP mode file for STMicroelectronics.X-CUBE-NFC4.3.0.0
2025-07-04 20:24:20,292 [WARN] PackLoader:240 - Cannot read IP mode file for EmbeddedOffice.I-CUBE-FS-RTOS.1.0.1
2025-07-04 20:24:20,314 [WARN] PackLoader:240 - Cannot read IP mode file for STMicroelectronics.X-CUBE-WB05N.2.0.0
2025-07-04 20:24:20,331 [WARN] PackLoader:240 - Cannot read IP mode file for wolfSSL.I-CUBE-wolfTPM.3.8.0
2025-07-04 20:24:20,348 [WARN] PackLoader:240 - Cannot read IP mode file for STMicroelectronics.X-CUBE-TCPP.4.2.0
2025-07-04 20:24:20,368 [WARN] PackLoader:240 - Cannot read IP mode file for RealThread.X-CUBE-RT-Thread_Nano.4.1.1
2025-07-04 20:24:20,386 [WARN] PackLoader:240 - Cannot read IP mode file for STMicroelectronics.FP-ATR-SIGFOX1.3.2.0
2025-07-04 20:24:20,402 [WARN] PackLoader:240 - Cannot read IP mode file for STMicroelectronics.X-CUBE-EEPRMA1.5.1.0
2025-07-04 20:24:20,420 [WARN] PackLoader:240 - Cannot read IP mode file for wolfSSL.I-CUBE-wolfSSL.5.7.6
2025-07-04 20:24:20,443 [WARN] PackLoader:240 - Cannot read IP mode file for ITTIA_DB.I-CUBE-ITTIADB.8.9.0
2025-07-04 20:24:20,461 [WARN] PackLoader:240 - Cannot read IP mode file for STMicroelectronics.X-CUBE-ST67W61.1.0.0
2025-07-04 20:24:20,499 [WARN] PackLoader:240 - Cannot read IP mode file for SEGGER.I-CUBE-embOS.1.3.1
2025-07-04 20:24:20,536 [WARN] PackLoader:240 - Cannot read IP mode file for STMicroelectronics.X-CUBE-ALGOBUILD.1.4.0
2025-07-04 20:24:20,591 [WARN] PackLoader:240 - Cannot read IP mode file for STMicroelectronics.X-CUBE-MEMS1.11.3.0
2025-07-04 20:24:20,727 [WARN] PackLoader:240 - Cannot read IP mode file for STMicroelectronics.X-CUBE-PM33A1.1.0.0
2025-07-04 20:24:20,805 [WARN] PackLoader:240 - Cannot read IP mode file for STMicroelectronics.X-CUBE-AZRTOS-F4.1.1.0
2025-07-04 20:24:20,829 [WARN] PackLoader:240 - Cannot read IP mode file for Avnet-IotConnect.X-CUBE-IoTC-DA16k-PMOD.1.0.0
2025-07-04 20:24:20,845 [WARN] PackLoader:240 - Cannot read IP mode file for STMicroelectronics.X-CUBE-ISPU.2.1.0
2025-07-04 20:24:20,876 [WARN] PackLoader:240 - Cannot read IP mode file for STMicroelectronics.X-CUBE-AZRTOS-L5.2.0.0
2025-07-04 20:24:20,897 [WARN] PackLoader:240 - Cannot read IP mode file for STMicroelectronics.X-CUBE-NFC6.3.1.0
2025-07-04 20:24:20,914 [WARN] PackLoader:240 - Cannot read IP mode file for STMicroelectronics.X-CUBE-DPower.1.2.0
2025-07-04 20:24:20,931 [WARN] PackLoader:240 - Cannot read IP mode file for STMicroelectronics.X-CUBE-FREERTOS.1.3.1
2025-07-04 20:24:20,948 [WARN] PackLoader:240 - Cannot read IP mode file for STMicroelectronics.X-CUBE-FREERTOS.1.3.0
2025-07-04 20:24:20,966 [WARN] PackLoader:240 - Cannot read IP mode file for STMicroelectronics.X-CUBE-NFC7.1.0.1
2025-07-04 20:24:20,993 [WARN] PackLoader:240 - Cannot read IP mode file for STMicroelectronics.FP-SNS-STAIOTCFT.1.0.0
2025-07-04 20:24:21,018 [WARN] PackLoader:240 - Cannot read IP mode file for STMicroelectronics.X-CUBE-DPower.1.3.0
2025-07-04 20:24:21,076 [WARN] ConditionMgr:438 - getConditionDescription Invalid condition id : LAN8742 Phy interface Condition cause : null
2025-07-04 20:24:21,077 [WARN] PackLoader:240 - Cannot read IP mode file for STMicroelectronics.X-CUBE-AZRTOS-L4.2.0.0
2025-07-04 20:24:21,079 [WARN] ConditionMgr:1044 - genDependencies : Invalid condition id : LAN8742 Phy interface Condition cause : null
2025-07-04 20:24:21,079 [WARN] ConditionMgr:1044 - genDependencies : Invalid condition id : LAN8742 Phy interface Condition cause : null
2025-07-04 20:24:21,079 [WARN] ConditionMgr:1044 - genDependencies : Invalid condition id : LAN8742 Phy interface Condition cause : null
2025-07-04 20:24:21,125 [WARN] PackLoader:240 - Cannot read IP mode file for STMicroelectronics.X-CUBE-SFXS2LP1.4.0.0
2025-07-04 20:24:21,126 [INFO] WebApp:463 - Apply proxy settings
2025-07-04 20:24:21,126 [INFO] WebApp:548 - Chromium requires no authentication
2025-07-04 20:24:21,151 [INFO] WebApp:491 - Direct internet connection detected
2025-07-04 20:24:21,190 [WARN] PackLoader:240 - Cannot read IP mode file for STMicroelectronics.X-CUBE-AZRTOS-H7.3.3.0
2025-07-04 20:24:21,219 [INFO] WebApp:894 - Register for checkConnection events
2025-07-04 20:24:21,219 [INFO] WebApp:463 - Apply proxy settings
2025-07-04 20:24:21,219 [INFO] WebApp:548 - Chromium requires no authentication
2025-07-04 20:24:21,220 [INFO] WebApp:491 - Direct internet connection detected
2025-07-04 20:24:21,234 [WARN] ConditionMgr:438 - getConditionDescription Invalid condition id : UX DEVICE CLASS RTOS Condition cause : null
2025-07-04 20:24:21,234 [WARN] ConditionMgr:438 - getConditionDescription Invalid condition id : UX DEVICE CLASS RTOS Condition cause : null
2025-07-04 20:24:21,235 [WARN] PackLoader:240 - Cannot read IP mode file for STMicroelectronics.X-CUBE-AZRTOS-WB.2.0.0
2025-07-04 20:24:21,236 [WARN] ConditionMgr:1044 - genDependencies : Invalid condition id : UX DEVICE CLASS RTOS Condition cause : null
2025-07-04 20:24:21,236 [WARN] ConditionMgr:1044 - genDependencies : Invalid condition id : UX DEVICE CLASS RTOS Condition cause : null
2025-07-04 20:24:21,237 [WARN] ConditionMgr:1044 - genDependencies : Invalid condition id : UX DEVICE CLASS RTOS Condition cause : null
2025-07-04 20:24:21,237 [WARN] ConditionMgr:1044 - genDependencies : Invalid condition id : UX DEVICE CLASS RTOS Condition cause : null
2025-07-04 20:24:21,237 [WARN] ConditionMgr:1044 - genDependencies : Invalid condition id : UX DEVICE CLASS RTOS Condition cause : null
2025-07-04 20:24:21,258 [WARN] PackLoader:240 - Cannot read IP mode file for STMicroelectronics.X-CUBE-GNSS1.7.0.1
2025-07-04 20:24:21,278 [WARN] PackLoader:240 - Cannot read IP mode file for STMicroelectronics.X-CUBE-TOUCHGFX.4.25.0
2025-07-04 20:24:21,296 [WARN] PackLoader:240 - Cannot read IP mode file for STMicroelectronics.FP-SNS-STBOX1.2.0.0
2025-07-04 20:24:21,334 [WARN] PackLoader:240 - Cannot read IP mode file for STMicroelectronics.X-CUBE-SUBG2.5.0.0
2025-07-04 20:24:21,379 [WARN] PackLoader:240 - Cannot read IP mode file for STMicroelectronics.X-CUBE-AZRTOS-H7RS.1.1.0
2025-07-04 20:24:21,399 [WARN] PackLoader:240 - Cannot read IP mode file for Cesanta.I-CUBE-Mongoose.7.13.0
2025-07-04 20:24:21,440 [INFO] WebApp:191 - Connection restablished
2025-07-04 20:24:21,441 [WARN] PackLoader:240 - Cannot read IP mode file for STMicroelectronics.X-CUBE-AZRTOS-G4.2.0.0
2025-07-04 20:24:21,461 [WARN] PackLoader:240 - Cannot read IP mode file for wolfSSL.I-CUBE-wolfSSH.1.4.20
2025-07-04 20:24:21,480 [WARN] PackLoader:240 - Cannot read IP mode file for STMicroelectronics.X-CUBE-NFC7.2.0.0
2025-07-04 20:24:21,508 [WARN] PackLoader:240 - Cannot read IP mode file for STMicroelectronics.X-CUBE-IPS.3.1.0
2025-07-04 20:24:21,542 [WARN] PackLoader:240 - Cannot read IP mode file for STMicroelectronics.X-CUBE-ALS.1.0.2
2025-07-04 20:24:21,565 [WARN] PackLoader:240 - Cannot read IP mode file for STMicroelectronics.X-CUBE-TOUCHGFX.4.24.2
2025-07-04 20:24:21,586 [WARN] PackLoader:240 - Cannot read IP mode file for portGmbH.I-Cube-SoM-uGOAL.1.1.0
2025-07-04 20:24:21,631 [INFO] WebApp:225 - Starting web application
2025-07-04 20:24:21,631 [INFO] WebApp:593 - Web application path used C:\ST\STM32CubeIDE_1.18.0\STM32CubeIDE\plugins\com.st.stm32cube.common.mx_6.14.0.202502271554\db\plugins\mcufinder\reactClient1\index.html
2025-07-04 20:24:21,655 [WARN] PackLoader:240 - Cannot read IP mode file for STMicroelectronics.X-CUBE-AZRTOS-H7RS.1.0.0
2025-07-04 20:24:21,726 [WARN] PackLoader:240 - Cannot read IP mode file for STMicroelectronics.X-CUBE-TOF1.3.4.2
2025-07-04 20:24:21,786 [WARN] PackLoader:240 - Cannot read IP mode file for STMicroelectronics.X-CUBE-TOF1.3.4.3
2025-07-04 20:24:21,798 [INFO] ThirdParty:978 - Integrity check success = true
2025-07-04 20:24:21,798 [INFO] IntegrityCheckThread:100 - exiting critical section [integrity check]
2025-07-04 20:24:21,798 [INFO] IntegrityCheckThread:103 - End integrity checks thread
2025-07-04 20:24:21,894 [INFO] UserAuth:486 - Internet connection configuration mode: 1
2025-07-04 20:25:58,751 [INFO] McuFinderGlobals:63 - Set McuFinder mode to 2 (CubeIDE integrated)
2025-07-04 20:25:58,786 [INFO] MainUpdater:2872 - connection check result : 10
2025-07-04 20:25:58,794 [INFO] MainUpdater:2872 - connection check result : 10
2025-07-04 20:25:58,977 [INFO] MicroXplorer:468 - Change Database Path : 
2025-07-04 20:25:58,977 [INFO] MicroXplorer:498 - Change Database Version : DB.6.0.140
2025-07-04 20:25:58,985 [WARN] ThirdParty:871 - waiting for thirdparty lock release [close project]
2025-07-04 20:25:58,985 [INFO] ThirdParty:873 - entering critical section [close project]
2025-07-04 20:25:58,986 [INFO] ThirdParty:883 - exiting critical section [close project]
2025-07-04 20:25:58,987 [INFO] PinOutPanel:1589 - setPackage(No Configuration,No Configuration)
2025-07-04 20:25:58,990 [INFO] UtilMem:75 - Begin LoadConfig() Used Memory: 687953024 Bytes (1069547520)
2025-07-04 20:25:58,991 [INFO] MicroXplorer:468 - Change Database Path : 
2025-07-04 20:25:58,991 [INFO] MicroXplorer:498 - Change Database Version : DB.6.0.140
2025-07-04 20:25:58,991 [INFO] OpenFileManager:354 - Change cursor
2025-07-04 20:25:59,012 [INFO] Mcu:2011 - Initializing MCU STM32H743VITx STM32H743VITx STM32H743VIT6
2025-07-04 20:26:02,405 [INFO] Context:756 - Trying to add GPIOservice into a context  which must be forbidden
2025-07-04 20:26:04,054 [INFO] ImportTextPane:218 - (OptionalMessage_ERROR) Pin45 (VP_RIF_VS_RIF1) cannot be retrieved for this MCU
2025-07-04 20:26:04,286 [INFO] RtosManager:558 - Registered RTOS mode: class=CMSIS, group=RTOS, mode=CMSIS_V1, owner=FREERTOS
2025-07-04 20:26:04,286 [INFO] RtosManager:558 - Registered RTOS mode: class=CMSIS, group=RTOS2, mode=CMSIS_V2, owner=FREERTOS
2025-07-04 20:26:04,287 [INFO] RtosManager:558 - Registered RTOS mode: class=RTOS, group=Core, mode=CMSIS_V1, owner=FREERTOS
2025-07-04 20:26:04,287 [INFO] RtosManager:558 - Registered RTOS mode: class=RTOS, group=Core, mode=CMSIS_V2, owner=FREERTOS
2025-07-04 20:26:04,287 [WARN] ModelIntegratedComponent:184 - Missing modes for component STMicroelectronics:FreeRTOS:0.0.1:STMicroelectronics:RTOS:FreeRTOS:Core:::10.2.0:
2025-07-04 20:26:04,310 [WARN] ModelIntegratedComponent:63 - No mode defined for component null
2025-07-04 20:26:04,310 [WARN] ModelIntegratedComponent:63 - No mode defined for component null
2025-07-04 20:26:04,310 [WARN] ModelIntegratedComponent:63 - No mode defined for component null
2025-07-04 20:26:04,310 [WARN] ModelIntegratedComponent:63 - No mode defined for component null
2025-07-04 20:26:04,310 [WARN] ModelIntegratedComponent:63 - No mode defined for component null
2025-07-04 20:26:04,310 [WARN] ModelIntegratedComponent:63 - No mode defined for component null
2025-07-04 20:26:04,310 [WARN] ModelIntegratedComponent:63 - No mode defined for component null
2025-07-04 20:26:04,310 [WARN] ModelIntegratedComponent:63 - No mode defined for component null
2025-07-04 20:26:04,310 [WARN] ModelIntegratedComponent:63 - No mode defined for component null
2025-07-04 20:26:04,310 [WARN] ModelIntegratedComponent:63 - No mode defined for component null
2025-07-04 20:26:04,310 [WARN] ModelIntegratedComponent:63 - No mode defined for component null
2025-07-04 20:26:04,310 [WARN] ModelIntegratedComponent:63 - No mode defined for component null
2025-07-04 20:26:04,310 [WARN] ModelIntegratedComponent:63 - No mode defined for component null
2025-07-04 20:26:04,310 [WARN] ModelIntegratedComponent:63 - No mode defined for component null
2025-07-04 20:26:04,311 [WARN] ModelIntegratedComponent:63 - No mode defined for component null
2025-07-04 20:26:04,311 [WARN] ModelIntegratedComponent:63 - No mode defined for component null
2025-07-04 20:26:04,311 [WARN] ModelIntegratedComponent:63 - No mode defined for component null
2025-07-04 20:26:04,311 [WARN] ModelIntegratedComponent:63 - No mode defined for component null
2025-07-04 20:26:04,311 [WARN] ModelIntegratedComponent:63 - No mode defined for component null
2025-07-04 20:26:04,311 [WARN] ModelIntegratedComponent:63 - No mode defined for component null
2025-07-04 20:26:04,311 [WARN] ModelIntegratedComponent:63 - No mode defined for component null
2025-07-04 20:26:04,311 [WARN] ModelIntegratedComponent:63 - No mode defined for component null
2025-07-04 20:26:04,311 [WARN] ModelIntegratedComponent:63 - No mode defined for component null
2025-07-04 20:26:04,311 [WARN] ModelIntegratedComponent:63 - No mode defined for component null
2025-07-04 20:26:04,311 [WARN] ModelIntegratedComponent:63 - No mode defined for component null
2025-07-04 20:26:04,311 [WARN] ModelIntegratedComponent:63 - No mode defined for component null
2025-07-04 20:26:04,311 [WARN] ModelIntegratedComponent:63 - No mode defined for component null
2025-07-04 20:26:04,311 [WARN] ModelIntegratedComponent:63 - No mode defined for component null
2025-07-04 20:26:04,311 [WARN] ModelIntegratedComponent:63 - No mode defined for component null
2025-07-04 20:26:04,311 [WARN] ModelIntegratedComponent:63 - No mode defined for component null
2025-07-04 20:26:04,312 [WARN] ModelIntegratedComponent:63 - No mode defined for component null
2025-07-04 20:26:04,312 [WARN] ModelIntegratedComponent:63 - No mode defined for component null
2025-07-04 20:26:04,312 [WARN] ModelIntegratedComponent:63 - No mode defined for component null
2025-07-04 20:26:04,312 [WARN] ModelIntegratedComponent:63 - No mode defined for component null
2025-07-04 20:26:04,312 [WARN] ModelIntegratedComponent:63 - No mode defined for component null
2025-07-04 20:26:04,312 [WARN] ModelPack:524 - Component already loaded: STMicroelectronics:HAL Drivers:0.0.0:STMicroelectronics:Device:STMicro_Driver:XSPI:HAL::0.0.1:HAL_XSPI
2025-07-04 20:26:04,489 [INFO] ThirdPartyModel:298 - Start build external matchings
2025-07-04 20:26:05,621 [INFO] ThirdPartyModel:316 - End build external matchings
2025-07-04 20:26:05,648 [INFO] RtosManager:967 - Current active RTOS is FREERTOS [Cortex-M7NS]
2025-07-04 20:26:05,658 [INFO] ImportTextPane:218 - (OptionalMessage_ERROR) IP (DMA) : Parameter (Instance) has Id (TIM3_CH1) currently not set
2025-07-04 20:26:05,658 [INFO] ImportTextPane:218 - (OptionalMessage_ERROR) IP (DMA) : Parameter (Request) has Id (TIM3_CH1) currently not set
2025-07-04 20:26:05,658 [INFO] ImportTextPane:218 - (OptionalMessage_ERROR) IP (DMA) : Parameter (Direction) has Id (TIM3_CH1) currently not set
2025-07-04 20:26:05,658 [INFO] ImportTextPane:218 - (OptionalMessage_ERROR) IP (DMA) : Parameter (PeriphInc) has Id (TIM3_CH1) currently not set
2025-07-04 20:26:05,658 [INFO] ImportTextPane:218 - (OptionalMessage_ERROR) IP (DMA) : Parameter (MemInc) has Id (TIM3_CH1) currently not set
2025-07-04 20:26:05,659 [INFO] ImportTextPane:218 - (OptionalMessage_ERROR) IP (DMA) : Parameter (PeriphDataAlignment) has Id (TIM3_CH1) currently not set
2025-07-04 20:26:05,659 [INFO] ImportTextPane:218 - (OptionalMessage_ERROR) IP (DMA) : Parameter (MemDataAlignment) has Id (TIM3_CH1) currently not set
2025-07-04 20:26:05,659 [INFO] ImportTextPane:218 - (OptionalMessage_ERROR) IP (DMA) : Parameter (Mode) has Id (TIM3_CH1) currently not set
2025-07-04 20:26:05,659 [INFO] ImportTextPane:218 - (OptionalMessage_ERROR) IP (DMA) : Parameter (Priority) has Id (TIM3_CH1) currently not set
2025-07-04 20:26:05,660 [INFO] ImportTextPane:218 - (OptionalMessage_ERROR) IP (DMA) : Parameter (FIFOMode) has Id (TIM3_CH1) currently not set
2025-07-04 20:26:05,660 [INFO] ImportTextPane:218 - (OptionalMessage_ERROR) IP (DMA) : Parameter (SignalID) has Id (TIM3_CH1) currently not set
2025-07-04 20:26:05,660 [INFO] ImportTextPane:218 - (OptionalMessage_ERROR) IP (DMA) : Parameter (Polarity) has Id (TIM3_CH1) currently not set
2025-07-04 20:26:05,660 [INFO] ImportTextPane:218 - (OptionalMessage_ERROR) IP (DMA) : Parameter (RequestNumber) has Id (TIM3_CH1) currently not set
2025-07-04 20:26:05,660 [INFO] ImportTextPane:218 - (OptionalMessage_ERROR) IP (DMA) : Parameter (SyncSignalID) has Id (TIM3_CH1) currently not set
2025-07-04 20:26:05,660 [INFO] ImportTextPane:218 - (OptionalMessage_ERROR) IP (DMA) : Parameter (SyncPolarity) has Id (TIM3_CH1) currently not set
2025-07-04 20:26:05,660 [INFO] ImportTextPane:218 - (OptionalMessage_ERROR) IP (DMA) : Parameter (SyncEnable) has Id (TIM3_CH1) currently not set
2025-07-04 20:26:05,660 [INFO] ImportTextPane:218 - (OptionalMessage_ERROR) IP (DMA) : Parameter (EventEnable) has Id (TIM3_CH1) currently not set
2025-07-04 20:26:05,660 [INFO] ImportTextPane:218 - (OptionalMessage_ERROR) IP (DMA) : Parameter (SyncRequestNumber) has Id (TIM3_CH1) currently not set
2025-07-04 20:26:05,660 [INFO] ImportTextPane:218 - (OptionalMessage_ERROR) IP (DMA) : Parameter (Instance) has Id (TIM3_CH2) currently not set
2025-07-04 20:26:05,660 [INFO] ImportTextPane:218 - (OptionalMessage_ERROR) IP (DMA) : Parameter (Request) has Id (TIM3_CH2) currently not set
2025-07-04 20:26:05,660 [INFO] ImportTextPane:218 - (OptionalMessage_ERROR) IP (DMA) : Parameter (Direction) has Id (TIM3_CH2) currently not set
2025-07-04 20:26:05,660 [INFO] ImportTextPane:218 - (OptionalMessage_ERROR) IP (DMA) : Parameter (PeriphInc) has Id (TIM3_CH2) currently not set
2025-07-04 20:26:05,661 [INFO] ImportTextPane:218 - (OptionalMessage_ERROR) IP (DMA) : Parameter (MemInc) has Id (TIM3_CH2) currently not set
2025-07-04 20:26:05,661 [INFO] ImportTextPane:218 - (OptionalMessage_ERROR) IP (DMA) : Parameter (PeriphDataAlignment) has Id (TIM3_CH2) currently not set
2025-07-04 20:26:05,661 [INFO] ImportTextPane:218 - (OptionalMessage_ERROR) IP (DMA) : Parameter (MemDataAlignment) has Id (TIM3_CH2) currently not set
2025-07-04 20:26:05,661 [INFO] ImportTextPane:218 - (OptionalMessage_ERROR) IP (DMA) : Parameter (Mode) has Id (TIM3_CH2) currently not set
2025-07-04 20:26:05,661 [INFO] ImportTextPane:218 - (OptionalMessage_ERROR) IP (DMA) : Parameter (Priority) has Id (TIM3_CH2) currently not set
2025-07-04 20:26:05,661 [INFO] ImportTextPane:218 - (OptionalMessage_ERROR) IP (DMA) : Parameter (FIFOMode) has Id (TIM3_CH2) currently not set
2025-07-04 20:26:05,661 [INFO] ImportTextPane:218 - (OptionalMessage_ERROR) IP (DMA) : Parameter (SignalID) has Id (TIM3_CH2) currently not set
2025-07-04 20:26:05,661 [INFO] ImportTextPane:218 - (OptionalMessage_ERROR) IP (DMA) : Parameter (Polarity) has Id (TIM3_CH2) currently not set
2025-07-04 20:26:05,661 [INFO] ImportTextPane:218 - (OptionalMessage_ERROR) IP (DMA) : Parameter (RequestNumber) has Id (TIM3_CH2) currently not set
2025-07-04 20:26:05,661 [INFO] ImportTextPane:218 - (OptionalMessage_ERROR) IP (DMA) : Parameter (SyncSignalID) has Id (TIM3_CH2) currently not set
2025-07-04 20:26:05,661 [INFO] ImportTextPane:218 - (OptionalMessage_ERROR) IP (DMA) : Parameter (SyncPolarity) has Id (TIM3_CH2) currently not set
2025-07-04 20:26:05,661 [INFO] ImportTextPane:218 - (OptionalMessage_ERROR) IP (DMA) : Parameter (SyncEnable) has Id (TIM3_CH2) currently not set
2025-07-04 20:26:05,661 [INFO] ImportTextPane:218 - (OptionalMessage_ERROR) IP (DMA) : Parameter (EventEnable) has Id (TIM3_CH2) currently not set
2025-07-04 20:26:05,661 [INFO] ImportTextPane:218 - (OptionalMessage_ERROR) IP (DMA) : Parameter (SyncRequestNumber) has Id (TIM3_CH2) currently not set
2025-07-04 20:26:05,662 [INFO] ImportTextPane:218 - (OptionalMessage_ERROR) IP (DMA) : Parameter (Instance) has Id (TIM16_UP) currently not set
2025-07-04 20:26:05,662 [INFO] ImportTextPane:218 - (OptionalMessage_ERROR) IP (DMA) : Parameter (Request) has Id (TIM16_UP) currently not set
2025-07-04 20:26:05,662 [INFO] ImportTextPane:218 - (OptionalMessage_ERROR) IP (DMA) : Parameter (Direction) has Id (TIM16_UP) currently not set
2025-07-04 20:26:05,662 [INFO] ImportTextPane:218 - (OptionalMessage_ERROR) IP (DMA) : Parameter (PeriphInc) has Id (TIM16_UP) currently not set
2025-07-04 20:26:05,662 [INFO] ImportTextPane:218 - (OptionalMessage_ERROR) IP (DMA) : Parameter (MemInc) has Id (TIM16_UP) currently not set
2025-07-04 20:26:05,662 [INFO] ImportTextPane:218 - (OptionalMessage_ERROR) IP (DMA) : Parameter (PeriphDataAlignment) has Id (TIM16_UP) currently not set
2025-07-04 20:26:05,662 [INFO] ImportTextPane:218 - (OptionalMessage_ERROR) IP (DMA) : Parameter (MemDataAlignment) has Id (TIM16_UP) currently not set
2025-07-04 20:26:05,662 [INFO] ImportTextPane:218 - (OptionalMessage_ERROR) IP (DMA) : Parameter (Mode) has Id (TIM16_UP) currently not set
2025-07-04 20:26:05,662 [INFO] ImportTextPane:218 - (OptionalMessage_ERROR) IP (DMA) : Parameter (Priority) has Id (TIM16_UP) currently not set
2025-07-04 20:26:05,662 [INFO] ImportTextPane:218 - (OptionalMessage_ERROR) IP (DMA) : Parameter (FIFOMode) has Id (TIM16_UP) currently not set
2025-07-04 20:26:05,662 [INFO] ImportTextPane:218 - (OptionalMessage_ERROR) IP (DMA) : Parameter (SignalID) has Id (TIM16_UP) currently not set
2025-07-04 20:26:05,662 [INFO] ImportTextPane:218 - (OptionalMessage_ERROR) IP (DMA) : Parameter (Polarity) has Id (TIM16_UP) currently not set
2025-07-04 20:26:05,662 [INFO] ImportTextPane:218 - (OptionalMessage_ERROR) IP (DMA) : Parameter (RequestNumber) has Id (TIM16_UP) currently not set
2025-07-04 20:26:05,662 [INFO] ImportTextPane:218 - (OptionalMessage_ERROR) IP (DMA) : Parameter (SyncSignalID) has Id (TIM16_UP) currently not set
2025-07-04 20:26:05,662 [INFO] ImportTextPane:218 - (OptionalMessage_ERROR) IP (DMA) : Parameter (SyncPolarity) has Id (TIM16_UP) currently not set
2025-07-04 20:26:05,662 [INFO] ImportTextPane:218 - (OptionalMessage_ERROR) IP (DMA) : Parameter (SyncEnable) has Id (TIM16_UP) currently not set
2025-07-04 20:26:05,663 [INFO] ImportTextPane:218 - (OptionalMessage_ERROR) IP (DMA) : Parameter (EventEnable) has Id (TIM16_UP) currently not set
2025-07-04 20:26:05,663 [INFO] ImportTextPane:218 - (OptionalMessage_ERROR) IP (DMA) : Parameter (SyncRequestNumber) has Id (TIM16_UP) currently not set
2025-07-04 20:26:05,663 [INFO] ImportTextPane:218 - (OptionalMessage_ERROR) IP (DMA) : Parameter (Instance) has Id (TIM15_UP) currently not set
2025-07-04 20:26:05,663 [INFO] ImportTextPane:218 - (OptionalMessage_ERROR) IP (DMA) : Parameter (Request) has Id (TIM15_UP) currently not set
2025-07-04 20:26:05,663 [INFO] ImportTextPane:218 - (OptionalMessage_ERROR) IP (DMA) : Parameter (Direction) has Id (TIM15_UP) currently not set
2025-07-04 20:26:05,663 [INFO] ImportTextPane:218 - (OptionalMessage_ERROR) IP (DMA) : Parameter (PeriphInc) has Id (TIM15_UP) currently not set
2025-07-04 20:26:05,663 [INFO] ImportTextPane:218 - (OptionalMessage_ERROR) IP (DMA) : Parameter (MemInc) has Id (TIM15_UP) currently not set
2025-07-04 20:26:05,663 [INFO] ImportTextPane:218 - (OptionalMessage_ERROR) IP (DMA) : Parameter (PeriphDataAlignment) has Id (TIM15_UP) currently not set
2025-07-04 20:26:05,663 [INFO] ImportTextPane:218 - (OptionalMessage_ERROR) IP (DMA) : Parameter (MemDataAlignment) has Id (TIM15_UP) currently not set
2025-07-04 20:26:05,663 [INFO] ImportTextPane:218 - (OptionalMessage_ERROR) IP (DMA) : Parameter (Mode) has Id (TIM15_UP) currently not set
2025-07-04 20:26:05,663 [INFO] ImportTextPane:218 - (OptionalMessage_ERROR) IP (DMA) : Parameter (Priority) has Id (TIM15_UP) currently not set
2025-07-04 20:26:05,663 [INFO] ImportTextPane:218 - (OptionalMessage_ERROR) IP (DMA) : Parameter (FIFOMode) has Id (TIM15_UP) currently not set
2025-07-04 20:26:05,663 [INFO] ImportTextPane:218 - (OptionalMessage_ERROR) IP (DMA) : Parameter (SignalID) has Id (TIM15_UP) currently not set
2025-07-04 20:26:05,663 [INFO] ImportTextPane:218 - (OptionalMessage_ERROR) IP (DMA) : Parameter (Polarity) has Id (TIM15_UP) currently not set
2025-07-04 20:26:05,663 [INFO] ImportTextPane:218 - (OptionalMessage_ERROR) IP (DMA) : Parameter (RequestNumber) has Id (TIM15_UP) currently not set
2025-07-04 20:26:05,664 [INFO] ImportTextPane:218 - (OptionalMessage_ERROR) IP (DMA) : Parameter (SyncSignalID) has Id (TIM15_UP) currently not set
2025-07-04 20:26:05,664 [INFO] ImportTextPane:218 - (OptionalMessage_ERROR) IP (DMA) : Parameter (SyncPolarity) has Id (TIM15_UP) currently not set
2025-07-04 20:26:05,664 [INFO] ImportTextPane:218 - (OptionalMessage_ERROR) IP (DMA) : Parameter (SyncEnable) has Id (TIM15_UP) currently not set
2025-07-04 20:26:05,664 [INFO] ImportTextPane:218 - (OptionalMessage_ERROR) IP (DMA) : Parameter (EventEnable) has Id (TIM15_UP) currently not set
2025-07-04 20:26:05,664 [INFO] ImportTextPane:218 - (OptionalMessage_ERROR) IP (DMA) : Parameter (SyncRequestNumber) has Id (TIM15_UP) currently not set
2025-07-04 20:26:05,673 [INFO] ImportTextPane:218 - (OptionalMessage_ERROR) IP (RCC) : Parameter (DFSDMACLkFreq_Value) has invalid value (480000000)
2025-07-04 20:26:05,680 [INFO] ImportTextPane:218 - (OptionalMessage_ERROR) IP (RCC) : Parameter (FDCANFreq_Value) has invalid value (480000000)
2025-07-04 20:26:05,681 [INFO] ImportTextPane:218 - (OptionalMessage_ERROR) IP (RCC) : Invalid parameter (FamilyName)
2025-07-04 20:26:05,681 [INFO] ImportTextPane:218 - (OptionalMessage_ERROR) IP (RCC) : Parameter (SAI1Freq_Value) has invalid value (480000000)
2025-07-04 20:26:05,681 [INFO] ImportTextPane:218 - (OptionalMessage_ERROR) IP (RCC) : Parameter (SAI23Freq_Value) has invalid value (480000000)
2025-07-04 20:26:05,681 [INFO] ImportTextPane:218 - (OptionalMessage_ERROR) IP (RCC) : Parameter (SAI4AFreq_Value) has invalid value (480000000)
2025-07-04 20:26:05,682 [INFO] ImportTextPane:218 - (OptionalMessage_ERROR) IP (RCC) : Parameter (SAI4BFreq_Value) has invalid value (480000000)
2025-07-04 20:26:05,682 [INFO] ImportTextPane:218 - (OptionalMessage_ERROR) IP (RCC) : Parameter (SDMMCFreq_Value) has invalid value (480000000)
2025-07-04 20:26:05,682 [INFO] ImportTextPane:218 - (OptionalMessage_ERROR) IP (RCC) : Parameter (SPDIFRXFreq_Value) has invalid value (480000000)
2025-07-04 20:26:05,682 [INFO] ImportTextPane:218 - (OptionalMessage_ERROR) IP (RCC) : Parameter (SPI123Freq_Value) has invalid value (480000000)
2025-07-04 20:26:05,682 [INFO] ImportTextPane:218 - (OptionalMessage_ERROR) IP (RCC) : Parameter (USBFreq_Value) has invalid value (480000000)
2025-07-04 20:26:06,589 [INFO] ApiDb:581 - Connected to CubeFinder SQLite database (C:\Users\marcv\.stmcufinder\plugins\mcufinder\mcu\cube-finder-db.db)
2025-07-04 20:26:06,657 [INFO] ApiDb:668 - CubeFinder database Data Model version=2.1
2025-07-04 20:26:06,657 [INFO] ApiDb:669 - CubeFinder database Configuration version=3.0.39
2025-07-04 20:26:06,657 [INFO] ApiDb:670 - CubeFinder database generation date=2025-06-16 (1750072209)
2025-07-04 20:26:06,657 [INFO] ApiDb:671 - CubeFinder database FW Pack versions=[FP-ATR-ASTRA1_V2.0.0, FP-SNS-FLIGHT1_V5.1.0, FP-SNS-MOTENV1_V5.0.0, FP-SNS-MOTENVWB1_V1.4.0, FP-SNS-SMARTAG2_V1.2.0, FP-SNS-STBOX1_V2.0.0, STM32Cube_FW_C0_V1.4.0, STM32Cube_FW_F4_V1.28.2, STM32Cube_FW_F7_V1.17.3, STM32Cube_FW_G0_V1.6.2, STM32Cube_FW_G4_V1.6.1, STM32Cube_FW_H5_V1.5.0, STM32Cube_FW_H7RS_V1.2.0, STM32Cube_FW_H7_V1.12.1, STM32Cube_FW_L0_V1.12.2, STM32Cube_FW_L4_V1.18.1, STM32Cube_FW_L5_V1.5.1, STM32Cube_FW_N6_V1.1.1, STM32Cube_FW_U0_V1.2.0, STM32Cube_FW_U3_V1.1.0, STM32Cube_FW_U5_V1.7.0, STM32Cube_FW_WB0_V1.2.0, STM32Cube_FW_WBA_V1.6.0, STM32Cube_FW_WB_V1.22.0, STM32Cube_FW_WL3_V1.1.0, STM32Cube_FW_WL_V1.3.1, X-CUBE-ALGOBUILD_V1.4.0, X-CUBE-ALS_V1.0.2, X-CUBE-AZRTOS-F4_V1.1.0, X-CUBE-AZRTOS-F7_V1.1.0, X-CUBE-AZRTOS-G0_V1.1.0, X-CUBE-AZRTOS-G4_V2.0.0, X-CUBE-AZRTOS-H7RS_V1.1.0, X-CUBE-AZRTOS-H7_V3.3.0, X-CUBE-AZRTOS-L4_V2.0.0, X-CUBE-AZRTOS-L5_V2.0.0, X-CUBE-AZRTOS-WB_V2.0.0, X-CUBE-AZRTOS-WL_V2.0.0, X-CUBE-BLE1_V7.1.0, X-CUBE-BLE2_V3.3.0, X-CUBE-BLEMGR_V4.0.0, X-CUBE-EEPRMA1_V5.1.0, X-CUBE-FREERTOS_V1.3.1, X-CUBE-GNSS1_V6.0.0, X-CUBE-MEMS1_V11.3.0, X-CUBE-NFC4_V3.0.0, X-CUBE-NFC7_V2.0.0, X-CUBE-SFXS2LP1_V4.0.0, X-CUBE-SUBG2_V5.0.0, X-CUBE-TOF1_V3.4.3]
2025-07-04 20:26:06,714 [INFO] DbBoardsSqlite:226 - include board P-NUCLEO-WB55-NUCLEO as a kit item of type 'Nucleo-64'
2025-07-04 20:26:06,714 [INFO] DbBoardsSqlite:226 - include board P-NUCLEO-WB55-USBDONGLE as a kit item of type 'Nucleo USB Dongle'
2025-07-04 20:26:06,715 [INFO] DbBoardsSqlite:226 - include board STEVAL-IDP005V1 as a kit item of type 'Evaluation Board'
2025-07-04 20:26:06,715 [INFO] DbBoardsSqlite:226 - include board STEVAL-IDP005V2 as a kit item of type 'Evaluation Board'
2025-07-04 20:26:06,779 [INFO] ApiDb:240 - Found 895 in-development CPN: [B-G473E-ZEST1S, B-WB1M-WPAN1, B-WBA5M-WPAN, B-WL5M-SUBG1, NUCLEO-C031C6, NUCLEO-C051C8, NUCLEO-C071RB, NUCLEO-C092RC, NUCLEO-H503RB, NUCLEO-H533RE, NUCLEO-H563ZI, NUCLEO-H7S3L8, NUCLEO-N657X0-Q, NUCLEO-U031R8, NUCLEO-U083RC, NUCLEO-U385RG-Q, NUCLEO-U545RE-Q, NUCLEO-U5A5ZJ-Q, NUCLEO-WB05KZ, NUCLEO-WB07CC, NUCLEO-WB09KE, NUCLEO-WBA52CG, NUCLEO-WBA55CG, NUCLEO-WBA65RI, NUCLEO-WL33CC1, NUCLEO-WL33CC2, STEVAL-PROTEUS1, STEVAL-SMARTAG2, STEVAL-STWINBX1, STM320518-EVAL, STM32C0116-DK, STM32C011D6Y3TR, STM32C011D6Y6TR, STM32C011F4P3, STM32C011F4P6, STM32C011F4U3, STM32C011F4U6TR, STM32C011F6P3, STM32C011F6P6, STM32C011F6U3, STM32C011F6U6TR, STM32C011J4M3, STM32C011J4M6, STM32C011J6M3, STM32C011J6M6, STM32C0316-DK, STM32C031C4T3, STM32C031C4T6, STM32C031C4U3, STM32C031C4U6, STM32C031C6T3, STM32C031C6T6, STM32C031C6U3, STM32C031C6U6, STM32C031F4P3, STM32C031F4P6, STM32C031F6P3, STM32C031F6P6, STM32C031G4U3, STM32C031G4U6, STM32C031G6U3, STM32C031G6U6, STM32C031K4T3, STM32C031K4T6, STM32C031K4U3, STM32C031K4U6, STM32C031K6T3, STM32C031K6T6, STM32C031K6U3, STM32C031K6U6, STM32C051C6T6, STM32C051C6U6, STM32C051C8T6, STM32C051C8U6, STM32C051D8Y6TR, STM32C051F6P6, STM32C051F8P6, STM32C051G6U6, STM32C051G8U6, STM32C051K6T6, STM32C051K6U6, STM32C051K8T6, STM32C071C8T6, STM32C071C8T6N, STM32C071C8U6, STM32C071C8U6N, STM32C071CBT6, STM32C071CBT6N, STM32C071CBU6, STM32C071CBU6N, STM32C071F8P6, STM32C071F8P6N, STM32C071FBP6, STM32C071FBP6N, STM32C071FBY6TR, STM32C071G8U6, STM32C071G8U6N, STM32C071GBU6, STM32C071GBU6N, STM32C071K8T6, STM32C071K8T6N, STM32C071K8U6, STM32C071K8U6N, STM32C071KBT6, STM32C071KBT6N, STM32C071KBU6, STM32C071KBU6N, STM32C071R8T6, STM32C071R8T6N, STM32C071RBI6N, STM32C071RBT6, STM32C071RBT6N, STM32C091CBT6, STM32C091CBU6, STM32C091CCT6, STM32C091CCU6, STM32C091ECY6TR, STM32C091FBP6, STM32C091FCP6, STM32C091GBU6, STM32C091GCU6, STM32C091KBT6, STM32C091KBU6, STM32C091KCT6, STM32C091KCU6, STM32C091RBT6, STM32C091RCI6, STM32C091RCT6, STM32C092CBT6, STM32C092CBU6, STM32C092CCT6, STM32C092CCU6, STM32C092ECY6TR, STM32C092FBP6, STM32C092FCP6, STM32C092GBU6, STM32C092GCU6, STM32C092KBT6, STM32C092KBU6, STM32C092KCT6, STM32C092KCU6, STM32C092RBT6, STM32C092RCI6, STM32C092RCT6, STM32G071K8TXN, STM32G071K8UXN, STM32G081GBU6N, STM32G081KBT6N, STM32G081KBUXN, STM32G0B1CCT6N, STM32G0B1KCT6, STM32G0B1NEY6TR, STM32G0B1RCT6N, STM32G0C1CCT6, STM32G0C1CCT6N, STM32G0C1CCU6N, STM32G0C1CET6N, STM32G0C1CEU6N, STM32G0C1KCT6, STM32G0C1NEY6TR, STM32G0C1RCI6N, STM32G0C1RCT6N, STM32G0C1REI6N, STM32G0C1RET6N, STM32G0C1VCI6, STM32G0C1VEI6, STM32G411C6T3, STM32G411C6T6, STM32G411C6U3, STM32G411C6U6, STM32G411C8T3, STM32G411C8T6, STM32G411C8U3, STM32G411C8U6, STM32G411CBT3, STM32G411CBT6, STM32G411CBU3, STM32G411CBU6, STM32G411CCT3, STM32G411CCT6, STM32G411CCU3, STM32G411CCU6, STM32G411K6T3, STM32G411K6T6, STM32G411K6U3, STM32G411K6U6, STM32G411K8T3, STM32G411K8T6, STM32G411K8U3, STM32G411K8U6, STM32G411KBT3, STM32G411KBT6, STM32G411KBU3, STM32G411KBU6, STM32G411M6T3, STM32G411M6T6, STM32G411M8T3, STM32G411M8T6, STM32G411MBT3, STM32G411MBT6, STM32G411MCT3, STM32G411MCT6, STM32G411R6T3, STM32G411R6T6, STM32G411R8T3, STM32G411R8T6, STM32G411RBT3, STM32G411RBT6, STM32G411RCT3, STM32G411RCT6, STM32G414CBT3, STM32G414CBT6, STM32G414CBU3, STM32G414CBU6, STM32G414CCT3, STM32G414CCT6, STM32G414CCU3, STM32G414CCU6, STM32G414MBT3, STM32G414MBT6, STM32G414MCT3, STM32G414MCT6, STM32G414RBT3, STM32G414RBT6, STM32G414RCT3, STM32G414RCT6, STM32G414VBT3, STM32G414VBT6, STM32G414VCT3, STM32G414VCT6, STM32G431CBT3Z, STM32G431RBT3Z, STM32G471CCT6, STM32G471CCU6, STM32G471CET3, STM32G471CET6, STM32G471CEU3, STM32G471CEU6, STM32G471MCT6, STM32G471MET3, STM32G471MET6, STM32G471MEY6TR, STM32G471QCT6, STM32G471QET3, STM32G471RCT6, STM32G471RET3, STM32G471RET6, STM32G471VCH6, STM32G471VCI6, STM32G471VCT6, STM32G471VEH3, STM32G471VEH6, STM32G471VEI3, STM32G471VEI6, STM32G471VET3, STM32G471VET6, STM32G473QET3Z, STM32G473RET3Z, STM32G474CCT6, STM32G491RET3Z, STM32H503CBT6, STM32H503CBU6, STM32H503EBY6TR, STM32H503KBU6, STM32H503RBT6, STM32H523CCT6, STM32H523CCU6, STM32H523CET6, STM32H523CEU6, STM32H523HEY6TR, STM32H523RCT6, STM32H523RET6, STM32H523VCI6, STM32H523VCT6, STM32H523VEI6, STM32H523VET6, STM32H523ZCJ6, STM32H523ZCT6, STM32H523ZEJ6, STM32H523ZET6, STM32H533CET6, STM32H533CEU6, STM32H533HEY6TR, STM32H533RET6, STM32H533VEI6, STM32H533VET6, STM32H533ZEJ6, STM32H533ZET6, STM32H562AGI6, STM32H562AII6, STM32H562IGK6, STM32H562IGT6, STM32H562IIK6, STM32H562IIT6, STM32H562RGT6, STM32H562RGV6, STM32H562RIT6, STM32H562RIV6, STM32H562VGT6, STM32H562VIT6, STM32H562ZGT6, STM32H562ZIT6, STM32H563AGI6, STM32H563AII3Q, STM32H563AII6, STM32H563IGK6, STM32H563IGT6, STM32H563IIK3Q, STM32H563IIK6, STM32H563IIT3Q, STM32H563IIT6, STM32H563MIY3QTR, STM32H563RGT6, STM32H563RGV6, STM32H563RIT6, STM32H563RIV6, STM32H563VGT6, STM32H563VIT3Q, STM32H563VIT6, STM32H563ZGT6, STM32H563ZIT3Q, STM32H563ZIT6, STM32H573AII3Q, STM32H573AII6, STM32H573I-DK, STM32H573IIK3Q, STM32H573IIK6, STM32H573IIT3Q, STM32H573IIT6, STM32H573MIY3QTR, STM32H573RIT6, STM32H573RIV6, STM32H573VIT3Q, STM32H573VIT6, STM32H573ZIT3Q, STM32H573ZIT6, STM32H7R3A8I6, STM32H7R3I8K6, STM32H7R3I8T6, STM32H7R3L8H6, STM32H7R3L8H6H, STM32H7R3R8V6, STM32H7R3V8H6, STM32H7R3V8T6, STM32H7R3V8Y6TR, STM32H7R3Z8J6, STM32H7R3Z8T6, STM32H7R7A8I6, STM32H7R7I8K6, STM32H7R7I8T6, STM32H7R7L8H6, STM32H7R7L8H6H, STM32H7R7Z8J6, STM32H7S3A8I6, STM32H7S3I8K6, STM32H7S3I8T6, STM32H7S3L8H6, STM32H7S3L8H6H, STM32H7S3R8V6, STM32H7S3V8H6, STM32H7S3V8T6, STM32H7S3V8Y6TR, STM32H7S3Z8J6, STM32H7S3Z8T6, STM32H7S78-DK, STM32H7S7A8I6, STM32H7S7I8K6, STM32H7S7I8T6, STM32H7S7L8H6, STM32H7S7L8H6H, STM32H7S7Z8J6, STM32L4R5QGI6STR, STM32MP131AAE3, STM32MP131AAF3, STM32MP131AAG3, STM32MP131CAE3, STM32MP131CAF3, STM32MP131CAG3, STM32MP131DAE7, STM32MP131DAF7, STM32MP131DAG7, STM32MP131FAE7, STM32MP131FAF7, STM32MP131FAG7, STM32MP133AAE3, STM32MP133AAF3, STM32MP133AAG3, STM32MP133CAE3, STM32MP133CAF3, STM32MP133CAG3, STM32MP133DAE7, STM32MP133DAF7, STM32MP133DAG7, STM32MP133FAE7, STM32MP133FAF7, STM32MP133FAG7, STM32MP135AAE3, STM32MP135AAF3, STM32MP135AAG3, STM32MP135CAE3, STM32MP135CAF3, STM32MP135CAG3, STM32MP135DAE7, STM32MP135DAF7, STM32MP135DAG7, STM32MP135F-DK, STM32MP135FAE7, STM32MP135FAF7, STM32MP135FAF7T, STM32MP135FAF7U, STM32MP135FAG7, STM32MP231AAJ3, STM32MP231AAK3, STM32MP231AAL3, STM32MP231CAJ3, STM32MP231CAK3, STM32MP231CAL3, STM32MP231DAJ3, STM32MP231DAK3, STM32MP231DAL3, STM32MP231FAJ3, STM32MP231FAK3, STM32MP231FAL3, STM32MP233AAJ3, STM32MP233AAK3, STM32MP233AAL3, STM32MP233CAJ3, STM32MP233CAK3, STM32MP233CAL3, STM32MP233DAJ3, STM32MP233DAK3, STM32MP233DAL3, STM32MP233FAJ3, STM32MP233FAK3, STM32MP233FAL3, STM32MP235AAJ3, STM32MP235AAK3, STM32MP235AAL3, STM32MP235CAJ3, STM32MP235CAK3, STM32MP235CAL3, STM32MP235DAJ3, STM32MP235DAK3, STM32MP235DAL3, STM32MP235FAJ3, STM32MP235FAK3, STM32MP235FAL3, STM32MP251AAI3, STM32MP251AAJ3, STM32MP251AAK3, STM32MP251AAL3, STM32MP251CAI3, STM32MP251CAJ3, STM32MP251CAK3, STM32MP251CAL3, STM32MP251DAI3, STM32MP251DAJ3, STM32MP251DAK3, STM32MP251DAL3, STM32MP251FAI3, STM32MP251FAJ3, STM32MP251FAK3, STM32MP251FAL3, STM32MP253AAI3, STM32MP253AAJ3, STM32MP253AAK3, STM32MP253AAL3, STM32MP253CAI3, STM32MP253CAJ3, STM32MP253CAK3, STM32MP253CAL3, STM32MP253DAI3, STM32MP253DAJ3, STM32MP253DAK3, STM32MP253DAL3, STM32MP253FAI3, STM32MP253FAJ3, STM32MP253FAK3, STM32MP253FAL3, STM32MP255AAI3, STM32MP255AAJ3, STM32MP255AAK3, STM32MP255AAL3, STM32MP255CAI3, STM32MP255CAJ3, STM32MP255CAK3, STM32MP255CAL3, STM32MP255DAI3, STM32MP255DAJ3, STM32MP255DAK3, STM32MP255DAL3, STM32MP255FAI3, STM32MP255FAJ3, STM32MP255FAK3, STM32MP255FAL3, STM32MP257AAI3, STM32MP257AAJ3, STM32MP257AAK3, STM32MP257AAL3, STM32MP257CAI3, STM32MP257CAJ3, STM32MP257CAK3, STM32MP257CAL3, STM32MP257DAI3, STM32MP257DAJ3, STM32MP257DAK3, STM32MP257DAL3, STM32MP257F-DK, STM32MP257F-EV1, STM32MP257FAI3, STM32MP257FAJ3, STM32MP257FAK3, STM32MP257FAL3, STM32N645A0H3Q, STM32N645B0H3Q, STM32N645I0H3Q, STM32N645L0H3Q, STM32N645X0H3Q, STM32N645Z0H3Q, STM32N647A0H3Q, STM32N647B0H3Q, STM32N647I0H3Q, STM32N647L0H3Q, STM32N647X0H3Q, STM32N647Z0H3Q, STM32N655A0H3Q, STM32N655B0H3Q, STM32N655I0H3Q, STM32N655L0H3Q, STM32N655X0H3Q, STM32N655Z0H3Q, STM32N6570-DK, STM32N657A0H3Q, STM32N657B0H3Q, STM32N657I0H3Q, STM32N657L0H3Q, STM32N657X0H3Q, STM32N657Z0H3Q, STM32U031C6T6, STM32U031C6U6, STM32U031C8T6, STM32U031C8U6, STM32U031F4P6, STM32U031F6P6, STM32U031F8P6, STM32U031G6Y6TR, STM32U031G8Y6TR, STM32U031K4U6, STM32U031K6U6, STM32U031K8U6, STM32U031R6I6, STM32U031R6T6, STM32U031R8I6, STM32U031R8T6, STM32U073C8T6, STM32U073C8U6, STM32U073CBT6, STM32U073CBU6, STM32U073CCT6, STM32U073CCU6, STM32U073H8Y6TR, STM32U073HBY6TR, STM32U073HCY6TR, STM32U073K8U6, STM32U073KBU6, STM32U073KCU6, STM32U073M8I6, STM32U073M8T6, STM32U073MBI6, STM32U073MBT6, STM32U073MCI6, STM32U073MCT6, STM32U073R8I6, STM32U073R8T6, STM32U073RBI6, STM32U073RBT6, STM32U073RCI6, STM32U073RCT6, STM32U083C-DK, STM32U083CCT6, STM32U083CCU6, STM32U083HCY6TR, STM32U083KCU6, STM32U083MCI6, STM32U083MCT6, STM32U083RCI6, STM32U083RCT6, STM32U375CET6, STM32U375CET6Q, STM32U375CEU6, STM32U375CEU6Q, STM32U375CEY6QTR, STM32U375CGT6, STM32U375CGT6Q, STM32U375CGU6, STM32U375CGU6Q, STM32U375CGY6QTR, STM32U375KEU6, STM32U375KGU6, STM32U375REI6, STM32U375REI6Q, STM32U375RET6, STM32U375RET6Q, STM32U375REY6GTR, STM32U375REY6QTR, STM32U375RGI6, STM32U375RGI6Q, STM32U375RGT6, STM32U375RGT6Q, STM32U375RGY6GTR, STM32U375RGY6QTR, STM32U375VEI6, STM32U375VEI6Q, STM32U375VET6, STM32U375VET6Q, STM32U375VGI6, STM32U375VGI6Q, STM32U375VGT6, STM32U375VGT6Q, STM32U385CGT6, STM32U385CGT6Q, STM32U385CGU6, STM32U385CGU6Q, STM32U385CGY6QTR, STM32U385KGU6, STM32U385RGI6, STM32U385RGI6Q, STM32U385RGT6, STM32U385RGT6Q, STM32U385RGY6GTR, STM32U385RGY6QTR, STM32U385VGI6, STM32U385VGI6Q, STM32U385VGT6, STM32U385VGT6Q, STM32U535CBT6, STM32U535CBT6Q, STM32U535CBU6, STM32U535CBU6Q, STM32U535CCT6, STM32U535CCT6Q, STM32U535CCU6, STM32U535CCU6Q, STM32U535CET6, STM32U535CET6Q, STM32U535CEU6, STM32U535CEU6Q, STM32U535JEY6QTR, STM32U535NCY6QTR, STM32U535NEY6QTR, STM32U535RBI6, STM32U535RBI6Q, STM32U535RBT6, STM32U535RBT6Q, STM32U535RCI6, STM32U535RCI6Q, STM32U535RCT6, STM32U535RCT6Q, STM32U535REI6, STM32U535REI6Q, STM32U535RET6, STM32U535RET6Q, STM32U535VCI6, STM32U535VCI6Q, STM32U535VCT6, STM32U535VCT6Q, STM32U535VEI6, STM32U535VEI6Q, STM32U535VET6, STM32U535VET6Q, STM32U545CET6, STM32U545CET6Q, STM32U545CEU6, STM32U545CEU6Q, STM32U545JEY6QTR, STM32U545NEY6QTR, STM32U545REI6, STM32U545REI6Q, STM32U545RET6, STM32U545RET6Q, STM32U545VEI6, STM32U545VEI6Q, STM32U545VET6, STM32U545VET6Q, STM32U595AIH6, STM32U595AIH6Q, STM32U595AJH6, STM32U595AJH6Q, STM32U595QII6, STM32U595QII6Q, STM32U595QJI6, STM32U595QJI6Q, STM32U595RIT6, STM32U595RIT6Q, STM32U595RJT6, STM32U595RJT6Q, STM32U595VIT6, STM32U595VIT6Q, STM32U595VJT6, STM32U595VJT6Q, STM32U595ZIT6, STM32U595ZIT6Q, STM32U595ZIY6QTR, STM32U595ZJT6, STM32U595ZJT6Q, STM32U595ZJY6QTR, STM32U599BJY6QTR, STM32U599NIH6Q, STM32U599NJH6Q, STM32U599VIT6Q, STM32U599VJT6, STM32U599VJT6Q, STM32U599ZIT6Q, STM32U599ZIY6QTR, STM32U599ZJT6Q, STM32U599ZJY6QTR, STM32U5A5AJH6, STM32U5A5AJH6Q, STM32U5A5QII3Q , STM32U5A5QJI6, STM32U5A5QJI6Q, STM32U5A5RJT6, STM32U5A5RJT6Q, STM32U5A5VJT6, STM32U5A5VJT6Q, STM32U5A5ZJT6, STM32U5A5ZJT6Q, STM32U5A5ZJY6QTR, STM32U5A9BJY6QTR, STM32U5A9J-DK, STM32U5A9NJH6Q, STM32U5A9VJT6Q, STM32U5A9ZJT6Q, STM32U5A9ZJY6QTR, STM32U5F7VIT6, STM32U5F7VIT6Q, STM32U5F7VJT6, STM32U5F7VJT6Q, STM32U5F9BJY6QTR, STM32U5F9NJH6Q, STM32U5F9VIT6Q, STM32U5F9VJT6Q, STM32U5F9ZIJ6QTR, STM32U5F9ZIT6Q, STM32U5F9ZJJ6QTR, STM32U5F9ZJT6Q, STM32U5G7VJT6, STM32U5G7VJT6Q, STM32U5G9BJY6QTR, STM32U5G9J-DK1, STM32U5G9J-DK2, STM32U5G9NJH6Q, STM32U5G9VJT6Q, STM32U5G9ZJJ6QTR, STM32U5G9ZJT6Q, STM32WB05KZV6TR, STM32WB05KZV7TR, STM32WB05TZF6TR, STM32WB05TZF7TR, STM32WB06CCF6TR, STM32WB06CCF7TR, STM32WB06CCV6TR, STM32WB06CCV7TR, STM32WB06KCV6TR, STM32WB06KCV7TR, STM32WB07CCF6TR, STM32WB07CCF7TR, STM32WB07CCV6TR, STM32WB07CCV7TR, STM32WB07KCV6TR, STM32WB07KCV7TR, STM32WB09KEV6TR, STM32WB09KEV7TR, STM32WB09TEF6TR, STM32WB09TEF7TR, STM32WB1MMCH6, STM32WBA50KGU6, STM32WBA50KGU6TR, STM32WBA52CEU6, STM32WBA52CEU6TR, STM32WBA52CEU7, STM32WBA52CEU7TR, STM32WBA52CGU6, STM32WBA52CGU6TR, STM32WBA52CGU6U, STM32WBA52CGU7, STM32WBA52CGU7TR, STM32WBA52KEU6, STM32WBA52KEU6TR, STM32WBA52KGU6, STM32WBA52KGU6TR, STM32WBA54CEU6, STM32WBA54CEU6TR, STM32WBA54CEU7, STM32WBA54CEU7TR, STM32WBA54CGU6, STM32WBA54CGU6TR, STM32WBA54CGU7, STM32WBA54CGU7TR, STM32WBA54KEU6, STM32WBA54KEU6TR, STM32WBA54KEU7, STM32WBA54KEU7TR, STM32WBA54KGU6, STM32WBA54KGU6TR, STM32WBA54KGU7, STM32WBA54KGU7TR, STM32WBA55CEU6, STM32WBA55CEU6TR, STM32WBA55CEU7, STM32WBA55CEU7TR, STM32WBA55CGU6, STM32WBA55CGU6TR, STM32WBA55CGU6U, STM32WBA55CGU7, STM32WBA55CGU7TR, STM32WBA55G-DK1, STM32WBA55HEF6, STM32WBA55HEF7, STM32WBA55HGF6, STM32WBA55HGF7, STM32WBA55UEI6, STM32WBA55UEI6TR, STM32WBA55UEI7, STM32WBA55UEI7TR, STM32WBA55UGI6, STM32WBA55UGI6TR, STM32WBA55UGI7, STM32WBA55UGI7TR, STM32WBA5MJGH6TR, STM32WBA62CGU6, STM32WBA62CIU6, STM32WBA62MGF6, STM32WBA62MIF6, STM32WBA62PGI6, STM32WBA62PII6, STM32WBA63CGU6, STM32WBA63CGU7, STM32WBA63CIU6, STM32WBA63CIU7, STM32WBA64CGU6, STM32WBA64CGU7, STM32WBA64CIU6, STM32WBA64CIU7, STM32WBA65CGU6, STM32WBA65CGU7, STM32WBA65CIU6, STM32WBA65CIU7, STM32WBA65I-DK1, STM32WBA65MGF6, STM32WBA65MGF7, STM32WBA65MIF6, STM32WBA65MIF7, STM32WBA65PGI6, STM32WBA65PGI7, STM32WBA65PII6, STM32WBA65PII7, STM32WBA65RGV6, STM32WBA65RGV7, STM32WBA65RIV6, STM32WBA65RIV7, STM32WL30K8V6, STM32WL30KBV6, STM32WL31C8V6, STM32WL31CBV6, STM32WL31K8V6, STM32WL31KBV6, STM32WL33C8V6, STM32WL33C8V6TR, STM32WL33C8V7, STM32WL33C8V7TR, STM32WL33CBV6, STM32WL33CBV6TR, STM32WL33CBV7, STM32WL33CBV7TR, STM32WL33CCV6, STM32WL33CCV6TR, STM32WL33CCV7, STM32WL33CCV7A, STM32WL33CCV7ATR, STM32WL33CCV7TR, STM32WL33K8V6, STM32WL33K8V6TR, STM32WL33K8V7, STM32WL33K8V7TR, STM32WL33KBV6, STM32WL33KBV6TR, STM32WL33KBV7, STM32WL33KBV7TR, STM32WL33KCV6, STM32WL33KCV6TR, STM32WL33KCV7, STM32WL33KCV7TR, STM32WL5MOCH6, STM32WL5MOCH6TR]
2025-07-04 20:26:07,031 [INFO] BoardInfo:889 - No configuration file found for board P-NUCLEO-WB55
2025-07-04 20:26:07,033 [INFO] DbBoards:161 - Kit is not supported: P-NUCLEO-WB55
2025-07-04 20:26:07,042 [INFO] BoardInfo:889 - No configuration file found for board STEVAL-BFA001V1B
2025-07-04 20:26:07,043 [INFO] DbBoards:161 - Kit is not supported: STEVAL-BFA001V1B
2025-07-04 20:26:07,044 [INFO] BoardInfo:889 - No configuration file found for board STEVAL-BFA001V2B
2025-07-04 20:26:07,046 [INFO] DbBoards:161 - Kit is not supported: STEVAL-BFA001V2B
2025-07-04 20:26:07,277 [INFO] DbBoards:168 - Found 211 boards, 208 are supported
2025-07-04 20:26:07,277 [INFO] DbBoards:169 - Found 211 boards, 43 of them is supported for  Bsp
2025-07-04 20:26:07,281 [INFO] ApiDb:668 - CubeFinder database Data Model version=2.1
2025-07-04 20:26:07,281 [INFO] ApiDb:669 - CubeFinder database Configuration version=3.0.39
2025-07-04 20:26:07,281 [INFO] ApiDb:670 - CubeFinder database generation date=2025-06-16 (1750072209)
2025-07-04 20:26:07,281 [INFO] ApiDb:671 - CubeFinder database FW Pack versions=[FP-ATR-ASTRA1_V2.0.0, FP-SNS-FLIGHT1_V5.1.0, FP-SNS-MOTENV1_V5.0.0, FP-SNS-MOTENVWB1_V1.4.0, FP-SNS-SMARTAG2_V1.2.0, FP-SNS-STBOX1_V2.0.0, STM32Cube_FW_C0_V1.4.0, STM32Cube_FW_F4_V1.28.2, STM32Cube_FW_F7_V1.17.3, STM32Cube_FW_G0_V1.6.2, STM32Cube_FW_G4_V1.6.1, STM32Cube_FW_H5_V1.5.0, STM32Cube_FW_H7RS_V1.2.0, STM32Cube_FW_H7_V1.12.1, STM32Cube_FW_L0_V1.12.2, STM32Cube_FW_L4_V1.18.1, STM32Cube_FW_L5_V1.5.1, STM32Cube_FW_N6_V1.1.1, STM32Cube_FW_U0_V1.2.0, STM32Cube_FW_U3_V1.1.0, STM32Cube_FW_U5_V1.7.0, STM32Cube_FW_WB0_V1.2.0, STM32Cube_FW_WBA_V1.6.0, STM32Cube_FW_WB_V1.22.0, STM32Cube_FW_WL3_V1.1.0, STM32Cube_FW_WL_V1.3.1, X-CUBE-ALGOBUILD_V1.4.0, X-CUBE-ALS_V1.0.2, X-CUBE-AZRTOS-F4_V1.1.0, X-CUBE-AZRTOS-F7_V1.1.0, X-CUBE-AZRTOS-G0_V1.1.0, X-CUBE-AZRTOS-G4_V2.0.0, X-CUBE-AZRTOS-H7RS_V1.1.0, X-CUBE-AZRTOS-H7_V3.3.0, X-CUBE-AZRTOS-L4_V2.0.0, X-CUBE-AZRTOS-L5_V2.0.0, X-CUBE-AZRTOS-WB_V2.0.0, X-CUBE-AZRTOS-WL_V2.0.0, X-CUBE-BLE1_V7.1.0, X-CUBE-BLE2_V3.3.0, X-CUBE-BLEMGR_V4.0.0, X-CUBE-EEPRMA1_V5.1.0, X-CUBE-FREERTOS_V1.3.1, X-CUBE-GNSS1_V6.0.0, X-CUBE-MEMS1_V11.3.0, X-CUBE-NFC4_V3.0.0, X-CUBE-NFC7_V2.0.0, X-CUBE-SFXS2LP1_V4.0.0, X-CUBE-SUBG2_V5.0.0, X-CUBE-TOF1_V3.4.3]
2025-07-04 20:26:09,335 [INFO] ApiDb:240 - Found 895 in-development CPN: [B-G473E-ZEST1S, B-WB1M-WPAN1, B-WBA5M-WPAN, B-WL5M-SUBG1, NUCLEO-C031C6, NUCLEO-C051C8, NUCLEO-C071RB, NUCLEO-C092RC, NUCLEO-H503RB, NUCLEO-H533RE, NUCLEO-H563ZI, NUCLEO-H7S3L8, NUCLEO-N657X0-Q, NUCLEO-U031R8, NUCLEO-U083RC, NUCLEO-U385RG-Q, NUCLEO-U545RE-Q, NUCLEO-U5A5ZJ-Q, NUCLEO-WB05KZ, NUCLEO-WB07CC, NUCLEO-WB09KE, NUCLEO-WBA52CG, NUCLEO-WBA55CG, NUCLEO-WBA65RI, NUCLEO-WL33CC1, NUCLEO-WL33CC2, STEVAL-PROTEUS1, STEVAL-SMARTAG2, STEVAL-STWINBX1, STM320518-EVAL, STM32C0116-DK, STM32C011D6Y3TR, STM32C011D6Y6TR, STM32C011F4P3, STM32C011F4P6, STM32C011F4U3, STM32C011F4U6TR, STM32C011F6P3, STM32C011F6P6, STM32C011F6U3, STM32C011F6U6TR, STM32C011J4M3, STM32C011J4M6, STM32C011J6M3, STM32C011J6M6, STM32C0316-DK, STM32C031C4T3, STM32C031C4T6, STM32C031C4U3, STM32C031C4U6, STM32C031C6T3, STM32C031C6T6, STM32C031C6U3, STM32C031C6U6, STM32C031F4P3, STM32C031F4P6, STM32C031F6P3, STM32C031F6P6, STM32C031G4U3, STM32C031G4U6, STM32C031G6U3, STM32C031G6U6, STM32C031K4T3, STM32C031K4T6, STM32C031K4U3, STM32C031K4U6, STM32C031K6T3, STM32C031K6T6, STM32C031K6U3, STM32C031K6U6, STM32C051C6T6, STM32C051C6U6, STM32C051C8T6, STM32C051C8U6, STM32C051D8Y6TR, STM32C051F6P6, STM32C051F8P6, STM32C051G6U6, STM32C051G8U6, STM32C051K6T6, STM32C051K6U6, STM32C051K8T6, STM32C071C8T6, STM32C071C8T6N, STM32C071C8U6, STM32C071C8U6N, STM32C071CBT6, STM32C071CBT6N, STM32C071CBU6, STM32C071CBU6N, STM32C071F8P6, STM32C071F8P6N, STM32C071FBP6, STM32C071FBP6N, STM32C071FBY6TR, STM32C071G8U6, STM32C071G8U6N, STM32C071GBU6, STM32C071GBU6N, STM32C071K8T6, STM32C071K8T6N, STM32C071K8U6, STM32C071K8U6N, STM32C071KBT6, STM32C071KBT6N, STM32C071KBU6, STM32C071KBU6N, STM32C071R8T6, STM32C071R8T6N, STM32C071RBI6N, STM32C071RBT6, STM32C071RBT6N, STM32C091CBT6, STM32C091CBU6, STM32C091CCT6, STM32C091CCU6, STM32C091ECY6TR, STM32C091FBP6, STM32C091FCP6, STM32C091GBU6, STM32C091GCU6, STM32C091KBT6, STM32C091KBU6, STM32C091KCT6, STM32C091KCU6, STM32C091RBT6, STM32C091RCI6, STM32C091RCT6, STM32C092CBT6, STM32C092CBU6, STM32C092CCT6, STM32C092CCU6, STM32C092ECY6TR, STM32C092FBP6, STM32C092FCP6, STM32C092GBU6, STM32C092GCU6, STM32C092KBT6, STM32C092KBU6, STM32C092KCT6, STM32C092KCU6, STM32C092RBT6, STM32C092RCI6, STM32C092RCT6, STM32G071K8TXN, STM32G071K8UXN, STM32G081GBU6N, STM32G081KBT6N, STM32G081KBUXN, STM32G0B1CCT6N, STM32G0B1KCT6, STM32G0B1NEY6TR, STM32G0B1RCT6N, STM32G0C1CCT6, STM32G0C1CCT6N, STM32G0C1CCU6N, STM32G0C1CET6N, STM32G0C1CEU6N, STM32G0C1KCT6, STM32G0C1NEY6TR, STM32G0C1RCI6N, STM32G0C1RCT6N, STM32G0C1REI6N, STM32G0C1RET6N, STM32G0C1VCI6, STM32G0C1VEI6, STM32G411C6T3, STM32G411C6T6, STM32G411C6U3, STM32G411C6U6, STM32G411C8T3, STM32G411C8T6, STM32G411C8U3, STM32G411C8U6, STM32G411CBT3, STM32G411CBT6, STM32G411CBU3, STM32G411CBU6, STM32G411CCT3, STM32G411CCT6, STM32G411CCU3, STM32G411CCU6, STM32G411K6T3, STM32G411K6T6, STM32G411K6U3, STM32G411K6U6, STM32G411K8T3, STM32G411K8T6, STM32G411K8U3, STM32G411K8U6, STM32G411KBT3, STM32G411KBT6, STM32G411KBU3, STM32G411KBU6, STM32G411M6T3, STM32G411M6T6, STM32G411M8T3, STM32G411M8T6, STM32G411MBT3, STM32G411MBT6, STM32G411MCT3, STM32G411MCT6, STM32G411R6T3, STM32G411R6T6, STM32G411R8T3, STM32G411R8T6, STM32G411RBT3, STM32G411RBT6, STM32G411RCT3, STM32G411RCT6, STM32G414CBT3, STM32G414CBT6, STM32G414CBU3, STM32G414CBU6, STM32G414CCT3, STM32G414CCT6, STM32G414CCU3, STM32G414CCU6, STM32G414MBT3, STM32G414MBT6, STM32G414MCT3, STM32G414MCT6, STM32G414RBT3, STM32G414RBT6, STM32G414RCT3, STM32G414RCT6, STM32G414VBT3, STM32G414VBT6, STM32G414VCT3, STM32G414VCT6, STM32G431CBT3Z, STM32G431RBT3Z, STM32G471CCT6, STM32G471CCU6, STM32G471CET3, STM32G471CET6, STM32G471CEU3, STM32G471CEU6, STM32G471MCT6, STM32G471MET3, STM32G471MET6, STM32G471MEY6TR, STM32G471QCT6, STM32G471QET3, STM32G471RCT6, STM32G471RET3, STM32G471RET6, STM32G471VCH6, STM32G471VCI6, STM32G471VCT6, STM32G471VEH3, STM32G471VEH6, STM32G471VEI3, STM32G471VEI6, STM32G471VET3, STM32G471VET6, STM32G473QET3Z, STM32G473RET3Z, STM32G474CCT6, STM32G491RET3Z, STM32H503CBT6, STM32H503CBU6, STM32H503EBY6TR, STM32H503KBU6, STM32H503RBT6, STM32H523CCT6, STM32H523CCU6, STM32H523CET6, STM32H523CEU6, STM32H523HEY6TR, STM32H523RCT6, STM32H523RET6, STM32H523VCI6, STM32H523VCT6, STM32H523VEI6, STM32H523VET6, STM32H523ZCJ6, STM32H523ZCT6, STM32H523ZEJ6, STM32H523ZET6, STM32H533CET6, STM32H533CEU6, STM32H533HEY6TR, STM32H533RET6, STM32H533VEI6, STM32H533VET6, STM32H533ZEJ6, STM32H533ZET6, STM32H562AGI6, STM32H562AII6, STM32H562IGK6, STM32H562IGT6, STM32H562IIK6, STM32H562IIT6, STM32H562RGT6, STM32H562RGV6, STM32H562RIT6, STM32H562RIV6, STM32H562VGT6, STM32H562VIT6, STM32H562ZGT6, STM32H562ZIT6, STM32H563AGI6, STM32H563AII3Q, STM32H563AII6, STM32H563IGK6, STM32H563IGT6, STM32H563IIK3Q, STM32H563IIK6, STM32H563IIT3Q, STM32H563IIT6, STM32H563MIY3QTR, STM32H563RGT6, STM32H563RGV6, STM32H563RIT6, STM32H563RIV6, STM32H563VGT6, STM32H563VIT3Q, STM32H563VIT6, STM32H563ZGT6, STM32H563ZIT3Q, STM32H563ZIT6, STM32H573AII3Q, STM32H573AII6, STM32H573I-DK, STM32H573IIK3Q, STM32H573IIK6, STM32H573IIT3Q, STM32H573IIT6, STM32H573MIY3QTR, STM32H573RIT6, STM32H573RIV6, STM32H573VIT3Q, STM32H573VIT6, STM32H573ZIT3Q, STM32H573ZIT6, STM32H7R3A8I6, STM32H7R3I8K6, STM32H7R3I8T6, STM32H7R3L8H6, STM32H7R3L8H6H, STM32H7R3R8V6, STM32H7R3V8H6, STM32H7R3V8T6, STM32H7R3V8Y6TR, STM32H7R3Z8J6, STM32H7R3Z8T6, STM32H7R7A8I6, STM32H7R7I8K6, STM32H7R7I8T6, STM32H7R7L8H6, STM32H7R7L8H6H, STM32H7R7Z8J6, STM32H7S3A8I6, STM32H7S3I8K6, STM32H7S3I8T6, STM32H7S3L8H6, STM32H7S3L8H6H, STM32H7S3R8V6, STM32H7S3V8H6, STM32H7S3V8T6, STM32H7S3V8Y6TR, STM32H7S3Z8J6, STM32H7S3Z8T6, STM32H7S78-DK, STM32H7S7A8I6, STM32H7S7I8K6, STM32H7S7I8T6, STM32H7S7L8H6, STM32H7S7L8H6H, STM32H7S7Z8J6, STM32L4R5QGI6STR, STM32MP131AAE3, STM32MP131AAF3, STM32MP131AAG3, STM32MP131CAE3, STM32MP131CAF3, STM32MP131CAG3, STM32MP131DAE7, STM32MP131DAF7, STM32MP131DAG7, STM32MP131FAE7, STM32MP131FAF7, STM32MP131FAG7, STM32MP133AAE3, STM32MP133AAF3, STM32MP133AAG3, STM32MP133CAE3, STM32MP133CAF3, STM32MP133CAG3, STM32MP133DAE7, STM32MP133DAF7, STM32MP133DAG7, STM32MP133FAE7, STM32MP133FAF7, STM32MP133FAG7, STM32MP135AAE3, STM32MP135AAF3, STM32MP135AAG3, STM32MP135CAE3, STM32MP135CAF3, STM32MP135CAG3, STM32MP135DAE7, STM32MP135DAF7, STM32MP135DAG7, STM32MP135F-DK, STM32MP135FAE7, STM32MP135FAF7, STM32MP135FAF7T, STM32MP135FAF7U, STM32MP135FAG7, STM32MP231AAJ3, STM32MP231AAK3, STM32MP231AAL3, STM32MP231CAJ3, STM32MP231CAK3, STM32MP231CAL3, STM32MP231DAJ3, STM32MP231DAK3, STM32MP231DAL3, STM32MP231FAJ3, STM32MP231FAK3, STM32MP231FAL3, STM32MP233AAJ3, STM32MP233AAK3, STM32MP233AAL3, STM32MP233CAJ3, STM32MP233CAK3, STM32MP233CAL3, STM32MP233DAJ3, STM32MP233DAK3, STM32MP233DAL3, STM32MP233FAJ3, STM32MP233FAK3, STM32MP233FAL3, STM32MP235AAJ3, STM32MP235AAK3, STM32MP235AAL3, STM32MP235CAJ3, STM32MP235CAK3, STM32MP235CAL3, STM32MP235DAJ3, STM32MP235DAK3, STM32MP235DAL3, STM32MP235FAJ3, STM32MP235FAK3, STM32MP235FAL3, STM32MP251AAI3, STM32MP251AAJ3, STM32MP251AAK3, STM32MP251AAL3, STM32MP251CAI3, STM32MP251CAJ3, STM32MP251CAK3, STM32MP251CAL3, STM32MP251DAI3, STM32MP251DAJ3, STM32MP251DAK3, STM32MP251DAL3, STM32MP251FAI3, STM32MP251FAJ3, STM32MP251FAK3, STM32MP251FAL3, STM32MP253AAI3, STM32MP253AAJ3, STM32MP253AAK3, STM32MP253AAL3, STM32MP253CAI3, STM32MP253CAJ3, STM32MP253CAK3, STM32MP253CAL3, STM32MP253DAI3, STM32MP253DAJ3, STM32MP253DAK3, STM32MP253DAL3, STM32MP253FAI3, STM32MP253FAJ3, STM32MP253FAK3, STM32MP253FAL3, STM32MP255AAI3, STM32MP255AAJ3, STM32MP255AAK3, STM32MP255AAL3, STM32MP255CAI3, STM32MP255CAJ3, STM32MP255CAK3, STM32MP255CAL3, STM32MP255DAI3, STM32MP255DAJ3, STM32MP255DAK3, STM32MP255DAL3, STM32MP255FAI3, STM32MP255FAJ3, STM32MP255FAK3, STM32MP255FAL3, STM32MP257AAI3, STM32MP257AAJ3, STM32MP257AAK3, STM32MP257AAL3, STM32MP257CAI3, STM32MP257CAJ3, STM32MP257CAK3, STM32MP257CAL3, STM32MP257DAI3, STM32MP257DAJ3, STM32MP257DAK3, STM32MP257DAL3, STM32MP257F-DK, STM32MP257F-EV1, STM32MP257FAI3, STM32MP257FAJ3, STM32MP257FAK3, STM32MP257FAL3, STM32N645A0H3Q, STM32N645B0H3Q, STM32N645I0H3Q, STM32N645L0H3Q, STM32N645X0H3Q, STM32N645Z0H3Q, STM32N647A0H3Q, STM32N647B0H3Q, STM32N647I0H3Q, STM32N647L0H3Q, STM32N647X0H3Q, STM32N647Z0H3Q, STM32N655A0H3Q, STM32N655B0H3Q, STM32N655I0H3Q, STM32N655L0H3Q, STM32N655X0H3Q, STM32N655Z0H3Q, STM32N6570-DK, STM32N657A0H3Q, STM32N657B0H3Q, STM32N657I0H3Q, STM32N657L0H3Q, STM32N657X0H3Q, STM32N657Z0H3Q, STM32U031C6T6, STM32U031C6U6, STM32U031C8T6, STM32U031C8U6, STM32U031F4P6, STM32U031F6P6, STM32U031F8P6, STM32U031G6Y6TR, STM32U031G8Y6TR, STM32U031K4U6, STM32U031K6U6, STM32U031K8U6, STM32U031R6I6, STM32U031R6T6, STM32U031R8I6, STM32U031R8T6, STM32U073C8T6, STM32U073C8U6, STM32U073CBT6, STM32U073CBU6, STM32U073CCT6, STM32U073CCU6, STM32U073H8Y6TR, STM32U073HBY6TR, STM32U073HCY6TR, STM32U073K8U6, STM32U073KBU6, STM32U073KCU6, STM32U073M8I6, STM32U073M8T6, STM32U073MBI6, STM32U073MBT6, STM32U073MCI6, STM32U073MCT6, STM32U073R8I6, STM32U073R8T6, STM32U073RBI6, STM32U073RBT6, STM32U073RCI6, STM32U073RCT6, STM32U083C-DK, STM32U083CCT6, STM32U083CCU6, STM32U083HCY6TR, STM32U083KCU6, STM32U083MCI6, STM32U083MCT6, STM32U083RCI6, STM32U083RCT6, STM32U375CET6, STM32U375CET6Q, STM32U375CEU6, STM32U375CEU6Q, STM32U375CEY6QTR, STM32U375CGT6, STM32U375CGT6Q, STM32U375CGU6, STM32U375CGU6Q, STM32U375CGY6QTR, STM32U375KEU6, STM32U375KGU6, STM32U375REI6, STM32U375REI6Q, STM32U375RET6, STM32U375RET6Q, STM32U375REY6GTR, STM32U375REY6QTR, STM32U375RGI6, STM32U375RGI6Q, STM32U375RGT6, STM32U375RGT6Q, STM32U375RGY6GTR, STM32U375RGY6QTR, STM32U375VEI6, STM32U375VEI6Q, STM32U375VET6, STM32U375VET6Q, STM32U375VGI6, STM32U375VGI6Q, STM32U375VGT6, STM32U375VGT6Q, STM32U385CGT6, STM32U385CGT6Q, STM32U385CGU6, STM32U385CGU6Q, STM32U385CGY6QTR, STM32U385KGU6, STM32U385RGI6, STM32U385RGI6Q, STM32U385RGT6, STM32U385RGT6Q, STM32U385RGY6GTR, STM32U385RGY6QTR, STM32U385VGI6, STM32U385VGI6Q, STM32U385VGT6, STM32U385VGT6Q, STM32U535CBT6, STM32U535CBT6Q, STM32U535CBU6, STM32U535CBU6Q, STM32U535CCT6, STM32U535CCT6Q, STM32U535CCU6, STM32U535CCU6Q, STM32U535CET6, STM32U535CET6Q, STM32U535CEU6, STM32U535CEU6Q, STM32U535JEY6QTR, STM32U535NCY6QTR, STM32U535NEY6QTR, STM32U535RBI6, STM32U535RBI6Q, STM32U535RBT6, STM32U535RBT6Q, STM32U535RCI6, STM32U535RCI6Q, STM32U535RCT6, STM32U535RCT6Q, STM32U535REI6, STM32U535REI6Q, STM32U535RET6, STM32U535RET6Q, STM32U535VCI6, STM32U535VCI6Q, STM32U535VCT6, STM32U535VCT6Q, STM32U535VEI6, STM32U535VEI6Q, STM32U535VET6, STM32U535VET6Q, STM32U545CET6, STM32U545CET6Q, STM32U545CEU6, STM32U545CEU6Q, STM32U545JEY6QTR, STM32U545NEY6QTR, STM32U545REI6, STM32U545REI6Q, STM32U545RET6, STM32U545RET6Q, STM32U545VEI6, STM32U545VEI6Q, STM32U545VET6, STM32U545VET6Q, STM32U595AIH6, STM32U595AIH6Q, STM32U595AJH6, STM32U595AJH6Q, STM32U595QII6, STM32U595QII6Q, STM32U595QJI6, STM32U595QJI6Q, STM32U595RIT6, STM32U595RIT6Q, STM32U595RJT6, STM32U595RJT6Q, STM32U595VIT6, STM32U595VIT6Q, STM32U595VJT6, STM32U595VJT6Q, STM32U595ZIT6, STM32U595ZIT6Q, STM32U595ZIY6QTR, STM32U595ZJT6, STM32U595ZJT6Q, STM32U595ZJY6QTR, STM32U599BJY6QTR, STM32U599NIH6Q, STM32U599NJH6Q, STM32U599VIT6Q, STM32U599VJT6, STM32U599VJT6Q, STM32U599ZIT6Q, STM32U599ZIY6QTR, STM32U599ZJT6Q, STM32U599ZJY6QTR, STM32U5A5AJH6, STM32U5A5AJH6Q, STM32U5A5QII3Q , STM32U5A5QJI6, STM32U5A5QJI6Q, STM32U5A5RJT6, STM32U5A5RJT6Q, STM32U5A5VJT6, STM32U5A5VJT6Q, STM32U5A5ZJT6, STM32U5A5ZJT6Q, STM32U5A5ZJY6QTR, STM32U5A9BJY6QTR, STM32U5A9J-DK, STM32U5A9NJH6Q, STM32U5A9VJT6Q, STM32U5A9ZJT6Q, STM32U5A9ZJY6QTR, STM32U5F7VIT6, STM32U5F7VIT6Q, STM32U5F7VJT6, STM32U5F7VJT6Q, STM32U5F9BJY6QTR, STM32U5F9NJH6Q, STM32U5F9VIT6Q, STM32U5F9VJT6Q, STM32U5F9ZIJ6QTR, STM32U5F9ZIT6Q, STM32U5F9ZJJ6QTR, STM32U5F9ZJT6Q, STM32U5G7VJT6, STM32U5G7VJT6Q, STM32U5G9BJY6QTR, STM32U5G9J-DK1, STM32U5G9J-DK2, STM32U5G9NJH6Q, STM32U5G9VJT6Q, STM32U5G9ZJJ6QTR, STM32U5G9ZJT6Q, STM32WB05KZV6TR, STM32WB05KZV7TR, STM32WB05TZF6TR, STM32WB05TZF7TR, STM32WB06CCF6TR, STM32WB06CCF7TR, STM32WB06CCV6TR, STM32WB06CCV7TR, STM32WB06KCV6TR, STM32WB06KCV7TR, STM32WB07CCF6TR, STM32WB07CCF7TR, STM32WB07CCV6TR, STM32WB07CCV7TR, STM32WB07KCV6TR, STM32WB07KCV7TR, STM32WB09KEV6TR, STM32WB09KEV7TR, STM32WB09TEF6TR, STM32WB09TEF7TR, STM32WB1MMCH6, STM32WBA50KGU6, STM32WBA50KGU6TR, STM32WBA52CEU6, STM32WBA52CEU6TR, STM32WBA52CEU7, STM32WBA52CEU7TR, STM32WBA52CGU6, STM32WBA52CGU6TR, STM32WBA52CGU6U, STM32WBA52CGU7, STM32WBA52CGU7TR, STM32WBA52KEU6, STM32WBA52KEU6TR, STM32WBA52KGU6, STM32WBA52KGU6TR, STM32WBA54CEU6, STM32WBA54CEU6TR, STM32WBA54CEU7, STM32WBA54CEU7TR, STM32WBA54CGU6, STM32WBA54CGU6TR, STM32WBA54CGU7, STM32WBA54CGU7TR, STM32WBA54KEU6, STM32WBA54KEU6TR, STM32WBA54KEU7, STM32WBA54KEU7TR, STM32WBA54KGU6, STM32WBA54KGU6TR, STM32WBA54KGU7, STM32WBA54KGU7TR, STM32WBA55CEU6, STM32WBA55CEU6TR, STM32WBA55CEU7, STM32WBA55CEU7TR, STM32WBA55CGU6, STM32WBA55CGU6TR, STM32WBA55CGU6U, STM32WBA55CGU7, STM32WBA55CGU7TR, STM32WBA55G-DK1, STM32WBA55HEF6, STM32WBA55HEF7, STM32WBA55HGF6, STM32WBA55HGF7, STM32WBA55UEI6, STM32WBA55UEI6TR, STM32WBA55UEI7, STM32WBA55UEI7TR, STM32WBA55UGI6, STM32WBA55UGI6TR, STM32WBA55UGI7, STM32WBA55UGI7TR, STM32WBA5MJGH6TR, STM32WBA62CGU6, STM32WBA62CIU6, STM32WBA62MGF6, STM32WBA62MIF6, STM32WBA62PGI6, STM32WBA62PII6, STM32WBA63CGU6, STM32WBA63CGU7, STM32WBA63CIU6, STM32WBA63CIU7, STM32WBA64CGU6, STM32WBA64CGU7, STM32WBA64CIU6, STM32WBA64CIU7, STM32WBA65CGU6, STM32WBA65CGU7, STM32WBA65CIU6, STM32WBA65CIU7, STM32WBA65I-DK1, STM32WBA65MGF6, STM32WBA65MGF7, STM32WBA65MIF6, STM32WBA65MIF7, STM32WBA65PGI6, STM32WBA65PGI7, STM32WBA65PII6, STM32WBA65PII7, STM32WBA65RGV6, STM32WBA65RGV7, STM32WBA65RIV6, STM32WBA65RIV7, STM32WL30K8V6, STM32WL30KBV6, STM32WL31C8V6, STM32WL31CBV6, STM32WL31K8V6, STM32WL31KBV6, STM32WL33C8V6, STM32WL33C8V6TR, STM32WL33C8V7, STM32WL33C8V7TR, STM32WL33CBV6, STM32WL33CBV6TR, STM32WL33CBV7, STM32WL33CBV7TR, STM32WL33CCV6, STM32WL33CCV6TR, STM32WL33CCV7, STM32WL33CCV7A, STM32WL33CCV7ATR, STM32WL33CCV7TR, STM32WL33K8V6, STM32WL33K8V6TR, STM32WL33K8V7, STM32WL33K8V7TR, STM32WL33KBV6, STM32WL33KBV6TR, STM32WL33KBV7, STM32WL33KBV7TR, STM32WL33KCV6, STM32WL33KCV6TR, STM32WL33KCV7, STM32WL33KCV7TR, STM32WL5MOCH6, STM32WL5MOCH6TR]
2025-07-04 20:26:09,341 [INFO] DbMcus:218 - Found 4686 MCUs, 4686 are supported
2025-07-04 20:26:09,342 [INFO] ApiDb:423 - Load user favorites file C:\Users\marcv/.stm32cubeide/favorites.mcus.txt: 1 item(s)
2025-07-04 20:26:09,342 [INFO] ApiDb:427 - User favorites MCUs=[STM32H750VBT6]
2025-07-04 20:26:09,342 [INFO] DbMcus:224 - Set 1 / 1 favorites MCUs
2025-07-04 20:26:09,842 [INFO] ApiDb:423 - Load user favorites file C:\Users\marcv/.stm32cubeide/favorites.boards.txt: 0 item(s)
2025-07-04 20:26:09,842 [INFO] ApiDb:427 - User favorites Boards=[]
2025-07-04 20:26:09,842 [INFO] DbBoards:198 - Set 0 / 0 favorites Boards
2025-07-04 20:26:09,906 [INFO] UtilMem:75 - End LoadConfig() Used Memory: 853515496 Bytes (1073741824)
2025-07-04 20:26:10,032 [WARN] ThirdParty:833 - waiting for thirdparty lock release [change project]
2025-07-04 20:26:10,032 [INFO] ThirdParty:835 - entering critical section [change project]
2025-07-04 20:26:10,033 [INFO] ThirdParty:1030 - CMSIS Pack Vendor :STMicroelectronics X-CUBE-PM33A1 1.0.0
2025-07-04 20:26:10,033 [INFO] ThirdParty:1030 - CMSIS Pack Vendor :STMicroelectronics USBPD 4.1
2025-07-04 20:26:10,033 [INFO] ThirdParty:1030 - CMSIS Pack Vendor :STMicroelectronics X-CUBE-AZRTOS-H7 3.3.0
2025-07-04 20:26:10,033 [INFO] ThirdParty:1030 - CMSIS Pack Vendor :STMicroelectronics X-CUBE-NFC9 1.0.0
2025-07-04 20:26:10,033 [INFO] ThirdParty:1030 - CMSIS Pack Vendor :STMicroelectronics USB_HOST 2.0.0
2025-07-04 20:26:10,033 [INFO] ThirdParty:1030 - CMSIS Pack Vendor :STMicroelectronics FP-SNS-MOTENVWB1 1.4.0
2025-07-04 20:26:10,033 [INFO] ThirdParty:1030 - CMSIS Pack Vendor :STMicroelectronics X-CUBE-AZRTOS-F4 1.1.0
2025-07-04 20:26:10,033 [INFO] ThirdParty:1030 - CMSIS Pack Vendor :STMicroelectronics LIBJPEG 8.0.0
2025-07-04 20:26:10,033 [INFO] ThirdParty:1030 - CMSIS Pack Vendor :STMicroelectronics FP-ATR-ASTRA1 2.0.2
2025-07-04 20:26:10,033 [INFO] ThirdParty:1030 - CMSIS Pack Vendor :STMicroelectronics X-CUBE-BLE1 7.1.0
2025-07-04 20:26:10,033 [INFO] ThirdParty:1030 - CMSIS Pack Vendor :Avnet-IotConnect X-CUBE-IoTC-DA16k-PMOD 1.0.0
2025-07-04 20:26:10,033 [INFO] ThirdParty:1030 - CMSIS Pack Vendor :STMicroelectronics X-CUBE-SMBUS 2.1.0
2025-07-04 20:26:10,033 [INFO] ThirdParty:1030 - CMSIS Pack Vendor :STMicroelectronics X-CUBE-WB05N 1.1.0
2025-07-04 20:26:10,033 [INFO] ThirdParty:1030 - CMSIS Pack Vendor :wolfSSL I-CUBE-wolfMQTT 1.19.2
2025-07-04 20:26:10,033 [INFO] ThirdParty:1030 - CMSIS Pack Vendor :STMicroelectronics USB_DEVICE 3.0.0
2025-07-04 20:26:10,033 [INFO] ThirdParty:1030 - CMSIS Pack Vendor :STMicroelectronics X-CUBE-ISPU 2.1.0
2025-07-04 20:26:10,033 [INFO] ThirdParty:1030 - CMSIS Pack Vendor :STMicroelectronics X-CUBE-AZRTOS-WB 2.0.0
2025-07-04 20:26:10,033 [INFO] ThirdParty:1030 - CMSIS Pack Vendor :STMicroelectronics X-CUBE-ST60 1.0.0
2025-07-04 20:26:10,033 [INFO] ThirdParty:1030 - CMSIS Pack Vendor :STMicroelectronics X-CUBE-GNSS1 7.0.1
2025-07-04 20:26:10,033 [INFO] ThirdParty:1030 - CMSIS Pack Vendor :STMicroelectronics X-CUBE-AZRTOS-F7 1.1.0
2025-07-04 20:26:10,034 [INFO] ThirdParty:1030 - CMSIS Pack Vendor :STMicroelectronics X-CUBE-AZRTOS-L5 2.0.0
2025-07-04 20:26:10,034 [INFO] ThirdParty:1030 - CMSIS Pack Vendor :STMicroelectronics X-CUBE-TOUCHGFX 4.25.0
2025-07-04 20:26:10,034 [INFO] ThirdParty:1030 - CMSIS Pack Vendor :STMicroelectronics USB_DEVICE 2.0.0
2025-07-04 20:26:10,034 [INFO] ThirdParty:1030 - CMSIS Pack Vendor :STMicroelectronics X-CUBE-NFC6 3.1.0
2025-07-04 20:26:10,034 [INFO] ThirdParty:1030 - CMSIS Pack Vendor :STMicroelectronics X-CUBE-AI 10.1.0
2025-07-04 20:26:10,034 [INFO] ThirdParty:1030 - CMSIS Pack Vendor :STMicroelectronics FP-SNS-STBOX1 2.0.0
2025-07-04 20:26:10,034 [INFO] ThirdParty:1030 - CMSIS Pack Vendor :STMicroelectronics X-CUBE-MEMS1 11.2.0
2025-07-04 20:26:10,034 [INFO] ThirdParty:1030 - CMSIS Pack Vendor :STMicroelectronics FreeRTOS 0.0.1
2025-07-04 20:26:10,035 [INFO] ThirdParty:1030 - CMSIS Pack Vendor :STMicroelectronics X-CUBE-AZRTOS-G0 1.1.0
2025-07-04 20:26:10,035 [INFO] ThirdParty:1030 - CMSIS Pack Vendor :STMicroelectronics X-CUBE-SAFEA1 1.2.2
2025-07-04 20:26:10,035 [INFO] ThirdParty:1030 - CMSIS Pack Vendor :STMicroelectronics X-CUBE-NFC4 3.0.0
2025-07-04 20:26:10,035 [INFO] ThirdParty:1030 - CMSIS Pack Vendor :STMicroelectronics X-CUBE-DPower 1.2.0
2025-07-04 20:26:10,035 [INFO] ThirdParty:1030 - CMSIS Pack Vendor :STMicroelectronics X-CUBE-SUBG2 5.0.0
2025-07-04 20:26:10,035 [INFO] ThirdParty:1030 - CMSIS Pack Vendor :STMicroelectronics X-CUBE-AZRTOS-H7RS 1.1.0
2025-07-04 20:26:10,035 [INFO] ThirdParty:1030 - CMSIS Pack Vendor :STMicroelectronics STM32_WPAN 1.0.0
2025-07-04 20:26:10,035 [INFO] ThirdParty:1030 - CMSIS Pack Vendor :EmbeddedOffice I-CUBE-FS-RTOS 1.0.1
2025-07-04 20:26:10,035 [INFO] ThirdParty:1030 - CMSIS Pack Vendor :STMicroelectronics lwIP 2.0.3
2025-07-04 20:26:10,035 [INFO] ThirdParty:1030 - CMSIS Pack Vendor :STMicroelectronics FP-SNS-FLIGHT1 5.0.2
2025-07-04 20:26:10,035 [INFO] ThirdParty:1030 - CMSIS Pack Vendor :Cesanta I-CUBE-Mongoose 7.13.0
2025-07-04 20:26:10,035 [INFO] ThirdParty:1030 - CMSIS Pack Vendor :STMicroelectronics USB_HOST 1.0.0
2025-07-04 20:26:10,035 [INFO] ThirdParty:1030 - CMSIS Pack Vendor :Infineon AIROC-Wi-Fi-Bluetooth-STM32 1.7.0
2025-07-04 20:26:10,035 [INFO] ThirdParty:1030 - CMSIS Pack Vendor :STMicroelectronics X-CUBE-AZRTOS-G4 2.0.0
2025-07-04 20:26:10,035 [INFO] ThirdParty:1030 - CMSIS Pack Vendor :STMicroelectronics X-CUBE-WB05N 2.0.0
2025-07-04 20:26:10,035 [INFO] ThirdParty:1030 - CMSIS Pack Vendor :STMicroelectronics PDM2PCM 3.1.0
2025-07-04 20:26:10,036 [INFO] ThirdParty:1030 - CMSIS Pack Vendor :STMicroelectronics PDM2PCM 3.3.0
2025-07-04 20:26:10,036 [INFO] ThirdParty:1030 - CMSIS Pack Vendor :wolfSSL I-CUBE-wolfTPM 3.8.0
2025-07-04 20:26:10,036 [INFO] ThirdParty:1030 - CMSIS Pack Vendor :STMicroelectronics X-CUBE-DISPLAY 3.0.0
2025-07-04 20:26:10,036 [INFO] ThirdParty:1030 - CMSIS Pack Vendor :wolfSSL I-CUBE-wolfSSH 1.4.20
2025-07-04 20:26:10,036 [INFO] ThirdParty:1030 - CMSIS Pack Vendor :STMicroelectronics X-CUBE-NFC7 2.0.0
2025-07-04 20:26:10,036 [INFO] ThirdParty:1030 - CMSIS Pack Vendor :STMicroelectronics X-CUBE-TCPP 4.2.0
2025-07-04 20:26:10,036 [INFO] ThirdParty:1030 - CMSIS Pack Vendor :RealThread X-CUBE-RT-Thread_Nano 4.1.1
2025-07-04 20:26:10,036 [INFO] ThirdParty:1030 - CMSIS Pack Vendor :STMicroelectronics FP-ATR-SIGFOX1 3.2.0
2025-07-04 20:26:10,036 [INFO] ThirdParty:1030 - CMSIS Pack Vendor :STMicroelectronics X-CUBE-NFC10 1.0.0
2025-07-04 20:26:10,036 [INFO] ThirdParty:1030 - CMSIS Pack Vendor :STMicroelectronics X-CUBE-BLEMGR 4.0.0
2025-07-04 20:26:10,036 [INFO] ThirdParty:1030 - CMSIS Pack Vendor :STMicroelectronics X-CUBE-EEPRMA1 5.1.0
2025-07-04 20:26:10,036 [INFO] ThirdParty:1030 - CMSIS Pack Vendor :STMicroelectronics X-CUBE-FREERTOS 1.3.1
2025-07-04 20:26:10,036 [INFO] ThirdParty:1030 - CMSIS Pack Vendor :STMicroelectronics HAL Drivers 0.0.0
2025-07-04 20:26:10,036 [INFO] ThirdParty:1030 - CMSIS Pack Vendor :STMicroelectronics MBEDTLS 2.16.2
2025-07-04 20:26:10,036 [INFO] ThirdParty:1030 - CMSIS Pack Vendor :STMicroelectronics X-CUBE-IPS 3.1.0
2025-07-04 20:26:10,036 [INFO] ThirdParty:1030 - CMSIS Pack Vendor :STMicroelectronics X-CUBE-ALS 1.0.2
2025-07-04 20:26:10,036 [INFO] ThirdParty:1030 - CMSIS Pack Vendor :emotas I-CUBE-CANOPEN 1.3.0
2025-07-04 20:26:10,036 [INFO] ThirdParty:1030 - CMSIS Pack Vendor :STMicroelectronics X-CUBE-FREERTOS 1.3.0
2025-07-04 20:26:10,036 [INFO] ThirdParty:1030 - CMSIS Pack Vendor :STMicroelectronics X-CUBE-NFC7 1.0.1
2025-07-04 20:26:10,036 [INFO] ThirdParty:1030 - CMSIS Pack Vendor :STMicroelectronics MBEDTLS 2.14.1
2025-07-04 20:26:10,036 [INFO] ThirdParty:1030 - CMSIS Pack Vendor :wolfSSL I-CUBE-wolfSSL 5.7.6
2025-07-04 20:26:10,037 [INFO] ThirdParty:1030 - CMSIS Pack Vendor :ITTIA_DB I-CUBE-ITTIADB 8.9.0
2025-07-04 20:26:10,037 [INFO] ThirdParty:1030 - CMSIS Pack Vendor :STMicroelectronics X-CUBE-TOUCHGFX 4.24.2
2025-07-04 20:26:10,037 [INFO] ThirdParty:1030 - CMSIS Pack Vendor :portGmbH I-Cube-SoM-uGOAL 1.1.0
2025-07-04 20:26:10,037 [INFO] ThirdParty:1030 - CMSIS Pack Vendor :quantropi X-CUBE-qispace-sdk-base 2.0.0
2025-07-04 20:26:10,037 [INFO] ThirdParty:1030 - CMSIS Pack Vendor :STMicroelectronics X-CUBE-AI 10.0.0
2025-07-04 20:26:10,037 [INFO] ThirdParty:1030 - CMSIS Pack Vendor :STMicroelectronics X-CUBE-ST67W61 1.0.0
2025-07-04 20:26:10,037 [INFO] ThirdParty:1030 - CMSIS Pack Vendor :STMicroelectronics FP-SNS-STAIOTCFT 1.0.0
2025-07-04 20:26:10,037 [INFO] ThirdParty:1030 - CMSIS Pack Vendor :STMicroelectronics ThreadX 1.0.0
2025-07-04 20:26:10,037 [INFO] ThirdParty:1030 - CMSIS Pack Vendor :STMicroelectronics FP-SNS-SMARTAG2 1.2.0
2025-07-04 20:26:10,037 [INFO] ThirdParty:1030 - CMSIS Pack Vendor :STMicroelectronics FP-SNS-FLIGHT1 5.1.0
2025-07-04 20:26:10,037 [INFO] ThirdParty:1030 - CMSIS Pack Vendor :STMicroelectronics X-CUBE-MEMS1 11.1.0
2025-07-04 20:26:10,037 [INFO] ThirdParty:1030 - CMSIS Pack Vendor :STMicroelectronics X-CUBE-AZRTOS-WL 2.0.0
2025-07-04 20:26:10,037 [INFO] ThirdParty:1030 - CMSIS Pack Vendor :SEGGER I-CUBE-embOS 1.3.1
2025-07-04 20:26:10,037 [INFO] ThirdParty:1030 - CMSIS Pack Vendor :STMicroelectronics X-CUBE-ALGOBUILD 1.4.0
2025-07-04 20:26:10,037 [INFO] ThirdParty:1030 - CMSIS Pack Vendor :STMicroelectronics X-CUBE-DPower 1.3.0
2025-07-04 20:26:10,037 [INFO] ThirdParty:1030 - CMSIS Pack Vendor :STMicroelectronics X-CUBE-MEMS1 11.3.0
2025-07-04 20:26:10,037 [INFO] ThirdParty:1030 - CMSIS Pack Vendor :STMicroelectronics FP-SNS-MOTENV1 5.0.0
2025-07-04 20:26:10,037 [INFO] ThirdParty:1030 - CMSIS Pack Vendor :STMicroelectronics USB_DEVICE 1.0.0
2025-07-04 20:26:10,037 [INFO] ThirdParty:1030 - CMSIS Pack Vendor :STMicroelectronics X-CUBE-AZRTOS-H7RS 1.0.0
2025-07-04 20:26:10,038 [INFO] ThirdParty:1030 - CMSIS Pack Vendor :STMicroelectronics X-CUBE-AZRTOS-L4 2.0.0
2025-07-04 20:26:10,038 [INFO] ThirdParty:1030 - CMSIS Pack Vendor :STMicroelectronics ThreadX 0.0.2
2025-07-04 20:26:10,038 [INFO] ThirdParty:1030 - CMSIS Pack Vendor :WES I-CUBE-Cesium 1.3.0
2025-07-04 20:26:10,038 [INFO] ThirdParty:1030 - CMSIS Pack Vendor :STMicroelectronics lwIP 2.1.2
2025-07-04 20:26:10,038 [INFO] ThirdParty:1030 - CMSIS Pack Vendor :STMicroelectronics X-CUBE-SFXS2LP1 4.0.0
2025-07-04 20:26:10,038 [INFO] ThirdParty:1030 - CMSIS Pack Vendor :STMicroelectronics X-CUBE-BLE2 3.3.0
2025-07-04 20:26:10,038 [INFO] ThirdParty:1030 - CMSIS Pack Vendor :STMicroelectronics X-CUBE-TOF1 3.4.2
2025-07-04 20:26:10,038 [INFO] ThirdParty:1030 - CMSIS Pack Vendor :STMicroelectronics X-CUBE-TOF1 3.4.3
2025-07-04 20:26:10,038 [INFO] ThirdParty:1030 - CMSIS Pack Vendor :STMicroelectronics PDM2PCM 3.2.0
2025-07-04 20:26:10,038 [INFO] ThirdParty:841 - exiting critical section [change project]
2025-07-04 20:26:10,762 [INFO] PinOutPanel:1589 - setPackage(No Configuration,No Configuration)
2025-07-04 20:26:10,763 [INFO] PinOutPanel:1589 - setPackage(STM32H743VITx,LQFP100)
2025-07-04 20:26:11,636 [INFO] UtilMem:75 - Before build in PCC Used Memory: 864193704 Bytes (1073741824)
2025-07-04 20:26:12,330 [INFO] UtilMem:75 - After build in PCC Used Memory: 968002728 Bytes (1073741824)
2025-07-04 20:26:12,388 [INFO] ApiDbMcu:508 - Load IP Config File for FATFS
2025-07-04 20:26:12,399 [INFO] ApiDbMcu:508 - Load IP Config File for FREERTOS
2025-07-04 20:26:12,448 [INFO] IPUIPlugin:80 - create IPUIPlugin
2025-07-04 20:26:12,448 [INFO] IPUIPlugin:80 - create IPUIPlugin
2025-07-04 20:26:12,448 [INFO] IPUIPlugin:80 - create IPUIPlugin
2025-07-04 20:26:12,448 [INFO] IPUIPlugin:80 - create IPUIPlugin
2025-07-04 20:26:12,449 [INFO] IPUIPlugin:80 - create IPUIPlugin
2025-07-04 20:26:12,449 [INFO] IPUIPlugin:80 - create IPUIPlugin
2025-07-04 20:26:12,449 [INFO] IPUIPlugin:80 - create IPUIPlugin
2025-07-04 20:26:12,449 [INFO] IPUIPlugin:80 - create IPUIPlugin
2025-07-04 20:26:12,449 [INFO] IPUIPlugin:80 - create IPUIPlugin
2025-07-04 20:26:12,449 [INFO] IPUIPlugin:80 - create IPUIPlugin
2025-07-04 20:26:12,449 [INFO] IPUIPlugin:80 - create IPUIPlugin
2025-07-04 20:26:12,449 [INFO] IPUIPlugin:80 - create IPUIPlugin
2025-07-04 20:26:12,449 [INFO] IPUIPlugin:80 - create IPUIPlugin
2025-07-04 20:26:12,450 [INFO] IPUIPlugin:80 - create IPUIPlugin
2025-07-04 20:26:12,450 [INFO] IPUIPlugin:80 - create IPUIPlugin
2025-07-04 20:26:12,450 [INFO] IPUIPlugin:80 - create IPUIPlugin
2025-07-04 20:26:12,450 [INFO] IPUIPlugin:80 - create IPUIPlugin
2025-07-04 20:26:12,450 [INFO] IPUIPlugin:80 - create IPUIPlugin
2025-07-04 20:26:12,450 [INFO] IPUIPlugin:80 - create IPUIPlugin
2025-07-04 20:26:12,450 [INFO] IPUIPlugin:80 - create IPUIPlugin
2025-07-04 20:26:12,450 [INFO] IPUIPlugin:80 - create IPUIPlugin
2025-07-04 20:26:12,450 [INFO] IPUIPlugin:80 - create IPUIPlugin
2025-07-04 20:26:12,451 [INFO] IPUIPlugin:80 - create IPUIPlugin
2025-07-04 20:26:12,451 [INFO] IPUIPlugin:80 - create IPUIPlugin
2025-07-04 20:26:12,451 [INFO] IPUIPlugin:80 - create IPUIPlugin
2025-07-04 20:26:12,451 [INFO] IPUIPlugin:80 - create IPUIPlugin
2025-07-04 20:26:12,451 [INFO] IPUIPlugin:80 - create IPUIPlugin
2025-07-04 20:26:12,451 [INFO] IPUIPlugin:80 - create IPUIPlugin
2025-07-04 20:26:12,451 [INFO] IPUIPlugin:80 - create IPUIPlugin
2025-07-04 20:26:12,452 [INFO] IPUIPlugin:80 - create IPUIPlugin
2025-07-04 20:26:12,452 [INFO] IPUIPlugin:80 - create IPUIPlugin
2025-07-04 20:26:12,452 [INFO] IPUIPlugin:80 - create IPUIPlugin
2025-07-04 20:26:12,452 [INFO] IPUIPlugin:80 - create IPUIPlugin
2025-07-04 20:26:12,452 [INFO] IPUIPlugin:80 - create IPUIPlugin
2025-07-04 20:26:12,453 [INFO] IPUIPlugin:80 - create IPUIPlugin
2025-07-04 20:26:12,453 [INFO] IPUIPlugin:80 - create IPUIPlugin
2025-07-04 20:26:12,453 [INFO] IPUIPlugin:80 - create IPUIPlugin
2025-07-04 20:26:12,453 [INFO] IPUIPlugin:80 - create IPUIPlugin
2025-07-04 20:26:12,453 [INFO] IPUIPlugin:80 - create IPUIPlugin
2025-07-04 20:26:12,454 [INFO] IPUIPlugin:80 - create IPUIPlugin
2025-07-04 20:26:12,454 [INFO] IPUIPlugin:80 - create IPUIPlugin
2025-07-04 20:26:12,454 [INFO] IPUIPlugin:80 - create IPUIPlugin
2025-07-04 20:26:12,454 [INFO] IPUIPlugin:80 - create IPUIPlugin
2025-07-04 20:26:12,454 [INFO] IPUIPlugin:80 - create IPUIPlugin
2025-07-04 20:26:12,455 [INFO] IPUIPlugin:80 - create IPUIPlugin
2025-07-04 20:26:12,455 [INFO] IPUIPlugin:80 - create IPUIPlugin
2025-07-04 20:26:12,455 [INFO] IPUIPlugin:80 - create IPUIPlugin
2025-07-04 20:26:12,455 [INFO] IPUIPlugin:80 - create IPUIPlugin
2025-07-04 20:26:12,455 [INFO] IPUIPlugin:80 - create IPUIPlugin
2025-07-04 20:26:12,456 [INFO] IPUIPlugin:80 - create IPUIPlugin
2025-07-04 20:26:12,456 [INFO] IPUIPlugin:80 - create IPUIPlugin
2025-07-04 20:26:12,456 [INFO] IPUIPlugin:80 - create IPUIPlugin
2025-07-04 20:26:12,456 [INFO] IPUIPlugin:80 - create IPUIPlugin
2025-07-04 20:26:12,472 [INFO] IPUIPlugin:80 - create IPUIPlugin
2025-07-04 20:26:12,473 [INFO] IPUIPlugin:80 - create IPUIPlugin
2025-07-04 20:26:12,473 [INFO] IPUIPlugin:80 - create IPUIPlugin
2025-07-04 20:26:12,473 [INFO] IPUIPlugin:80 - create IPUIPlugin
2025-07-04 20:26:12,474 [INFO] IPUIPlugin:80 - create IPUIPlugin
2025-07-04 20:26:12,474 [INFO] IPUIPlugin:80 - create IPUIPlugin
2025-07-04 20:26:12,474 [INFO] IPUIPlugin:80 - create IPUIPlugin
2025-07-04 20:26:12,475 [INFO] IPUIPlugin:80 - create IPUIPlugin
2025-07-04 20:26:12,475 [INFO] IPUIPlugin:80 - create IPUIPlugin
2025-07-04 20:26:12,475 [INFO] IPUIPlugin:80 - create IPUIPlugin
2025-07-04 20:26:12,475 [INFO] IPUIPlugin:80 - create IPUIPlugin
2025-07-04 20:26:12,476 [INFO] IPUIPlugin:80 - create IPUIPlugin
2025-07-04 20:26:12,476 [INFO] IPUIPlugin:80 - create IPUIPlugin
2025-07-04 20:26:12,476 [INFO] IPUIPlugin:80 - create IPUIPlugin
2025-07-04 20:26:12,477 [INFO] IPUIPlugin:80 - create IPUIPlugin
2025-07-04 20:26:12,477 [INFO] IPUIPlugin:80 - create IPUIPlugin
2025-07-04 20:26:12,477 [INFO] IPUIPlugin:80 - create IPUIPlugin
2025-07-04 20:26:12,477 [INFO] IPUIPlugin:80 - create IPUIPlugin
2025-07-04 20:26:12,478 [INFO] IPUIPlugin:80 - create IPUIPlugin
2025-07-04 20:26:12,478 [INFO] IPUIPlugin:80 - create IPUIPlugin
2025-07-04 20:26:12,478 [INFO] IPUIPlugin:80 - create IPUIPlugin
2025-07-04 20:26:12,479 [INFO] IPUIPlugin:80 - create IPUIPlugin
2025-07-04 20:26:12,479 [INFO] IPUIPlugin:80 - create IPUIPlugin
2025-07-04 20:26:12,480 [INFO] IPUIPlugin:80 - create IPUIPlugin
2025-07-04 20:26:12,480 [INFO] IPUIPlugin:80 - create IPUIPlugin
2025-07-04 20:26:12,480 [INFO] IPUIPlugin:80 - create IPUIPlugin
2025-07-04 20:26:12,480 [INFO] IPUIPlugin:80 - create IPUIPlugin
2025-07-04 20:26:12,481 [INFO] IPUIPlugin:80 - create IPUIPlugin
2025-07-04 20:26:12,481 [INFO] IPUIPlugin:80 - create IPUIPlugin
2025-07-04 20:26:12,481 [INFO] IPUIPlugin:80 - create IPUIPlugin
2025-07-04 20:26:12,482 [INFO] IPUIPlugin:80 - create IPUIPlugin
2025-07-04 20:26:12,482 [INFO] IPUIPlugin:80 - create IPUIPlugin
2025-07-04 20:26:12,483 [INFO] IPUIPlugin:80 - create IPUIPlugin
2025-07-04 20:26:12,483 [INFO] IPUIPlugin:80 - create IPUIPlugin
2025-07-04 20:26:12,483 [INFO] IPUIPlugin:80 - create IPUIPlugin
2025-07-04 20:26:12,484 [INFO] IPUIPlugin:80 - create IPUIPlugin
2025-07-04 20:26:12,484 [INFO] IPUIPlugin:80 - create IPUIPlugin
2025-07-04 20:26:12,484 [INFO] IPUIPlugin:80 - create IPUIPlugin
2025-07-04 20:26:12,485 [INFO] IPUIPlugin:80 - create IPUIPlugin
2025-07-04 20:26:12,485 [INFO] IPUIPlugin:80 - create IPUIPlugin
2025-07-04 20:26:12,486 [INFO] IPUIPlugin:80 - create IPUIPlugin
2025-07-04 20:26:12,487 [INFO] IPUIPlugin:80 - create IPUIPlugin
2025-07-04 20:26:12,487 [INFO] IPUIPlugin:80 - create IPUIPlugin
2025-07-04 20:26:12,488 [INFO] IPUIPlugin:80 - create IPUIPlugin
2025-07-04 20:26:12,495 [INFO] ApiDbMcu:508 - Load IP Config File for PDM2PCM
2025-07-04 20:26:12,541 [WARN] FreeRTOS:1023 - Null or empty value: should not occur! (nothing added to the table)
2025-07-04 20:26:12,728 [INFO] CADModel:165 - CPN selected for project levelSTM32H743VIT6
2025-07-04 20:26:12,728 [INFO] CADModel:114 - Register for checkConnection events
2025-07-04 20:26:12,731 [INFO] RtosManager:725 - Active RTOS found at IOC load: FREERTOS [Cortex-M7NS]
2025-07-04 20:26:12,792 [INFO] OpenFileManager:385 - Restore cursor
2025-07-04 20:28:44,104 [INFO] I2cTimingTraitement:330 - 0x307075B1
2025-07-04 20:28:49,029 [INFO] UtilMem:75 - End SaveConfig() Used Memory: 825271904 Bytes (1073741824)
2025-07-04 20:28:56,032 [INFO] UtilMem:75 - End SaveConfig() Used Memory: 873446008 Bytes (1073741824)
2025-07-04 20:28:56,813 [INFO] UtilMem:75 - End SaveConfig() Used Memory: 924272992 Bytes (1073741824)
2025-07-04 20:28:57,467 [INFO] BlockDiagram:2775 - set Specific Code input for plugin: SPI
2025-07-04 20:28:57,468 [INFO] BlockDiagram:2775 - set Specific Code input for plugin: FREERTOS
2025-07-04 20:28:57,468 [INFO] BlockDiagram:2775 - set Specific Code input for plugin: RCC
2025-07-04 20:28:57,468 [INFO] BlockDiagram:2775 - set Specific Code input for plugin: I2C
2025-07-04 20:28:57,468 [INFO] BlockDiagram:2775 - set Specific Code input for plugin: SDMMC
2025-07-04 20:28:57,468 [INFO] BlockDiagram:2775 - set Specific Code input for plugin: TIM1_8H7
2025-07-04 20:28:57,468 [INFO] BlockDiagram:2775 - set Specific Code input for plugin: TIM1_8H7
2025-07-04 20:28:57,468 [INFO] BlockDiagram:2775 - set Specific Code input for plugin: TIM1_8H7
2025-07-04 20:28:57,468 [INFO] BlockDiagram:2775 - set Specific Code input for plugin: FATFS
2025-07-04 20:28:57,468 [INFO] BlockDiagram:2775 - set Specific Code input for plugin: MEMORYMAP
2025-07-04 20:28:57,469 [INFO] BlockDiagram:2775 - set Specific Code input for plugin: TIM1_8H7
2025-07-04 20:28:57,469 [INFO] BlockDiagram:2775 - set Specific Code input for plugin: TIM1_8H7
2025-07-04 20:28:57,469 [INFO] BlockDiagram:2775 - set Specific Code input for plugin: TIM1_8H7
2025-07-04 20:28:57,469 [INFO] BlockDiagram:2775 - set Specific Code input for plugin: TIM1_8H7
2025-07-04 20:28:57,469 [INFO] BlockDiagram:2775 - set Specific Code input for plugin: ADC
2025-07-04 20:28:57,469 [INFO] BlockDiagram:2775 - set Specific Code input for plugin: SYS
2025-07-04 20:28:57,469 [INFO] BlockDiagram:2775 - set Specific Code input for plugin: ADC
2025-07-04 20:28:57,469 [INFO] BlockDiagram:2775 - set Specific Code input for plugin: NVIC
2025-07-04 20:28:57,469 [INFO] BlockDiagram:2775 - set Specific Code input for plugin: DMA
2025-07-04 20:28:57,469 [INFO] BlockDiagram:2775 - set Specific Code input for plugin: VREFBUF
2025-07-04 20:28:57,469 [INFO] BlockDiagram:2775 - set Specific Code input for plugin: UART
2025-07-04 20:28:57,469 [INFO] BlockDiagram:2775 - set Specific Code input for plugin: UART
2025-07-04 20:28:57,469 [INFO] BlockDiagram:2775 - set Specific Code input for plugin: DEBUG
2025-07-04 20:28:57,470 [INFO] BlockDiagram:2775 - set Specific Code input for plugin: GPIO
2025-07-04 20:28:57,471 [INFO] CodeGenerator:882 - code generatio: config db path: C:\ST\STM32CubeIDE_1.18.0\STM32CubeIDE\plugins\com.st.stm32cube.common.mx_6.14.0.202502271554\\db\
2025-07-04 20:28:57,863 [INFO] CodeEngine:263 - oldGeneratedFile, C:\Users\marcv\Desktop\X1-Thorn\1_Code\3_STM32\0_workspace\X1_Thorn_v3\MXTmpFiles\license.tmp_save
2025-07-04 20:28:58,206 [INFO] CodeEngine:287 - Generated code: C:\Users\marcv\Desktop\X1-Thorn\1_Code\3_STM32\0_workspace\X1_Thorn_v3\MXTmpFiles\license.tmp
2025-07-04 20:28:58,392 [INFO] CodeEngine:263 - oldGeneratedFile, C:\Users\marcv\Desktop\X1-Thorn\1_Code\3_STM32\0_workspace\X1_Thorn_v3\Core\Src\gpio.c_save
2025-07-04 20:28:58,616 [INFO] CodeEngine:287 - Generated code: C:\Users\marcv\Desktop\X1-Thorn\1_Code\3_STM32\0_workspace\X1_Thorn_v3\Core\Src\gpio.c
2025-07-04 20:28:58,626 [INFO] CodeEngine:263 - oldGeneratedFile, C:\Users\marcv\Desktop\X1-Thorn\1_Code\3_STM32\0_workspace\X1_Thorn_v3\Core\Inc\gpio.h_save
2025-07-04 20:28:58,712 [INFO] CodeEngine:287 - Generated code: C:\Users\marcv\Desktop\X1-Thorn\1_Code\3_STM32\0_workspace\X1_Thorn_v3\Core\Inc\gpio.h
2025-07-04 20:28:59,189 [WARN] IPConfigManager:103 - WARNING: Missing Config File for DEBUG ip!!
2025-07-04 20:28:59,938 [WARN] IPConfigManager:103 - WARNING: Missing Config File for MEMORYMAP ip!!
2025-07-04 20:29:02,052 [INFO] Middleware:1452 - No code input for Bsp Dependency
2025-07-04 20:29:02,063 [INFO] CodeEngine:263 - oldGeneratedFile, C:\Users\marcv\Desktop\X1-Thorn\1_Code\3_STM32\0_workspace\X1_Thorn_v3\MXTmpFiles\rtos_inc.tmp_save
2025-07-04 20:29:02,207 [INFO] CodeEngine:287 - Generated code: C:\Users\marcv\Desktop\X1-Thorn\1_Code\3_STM32\0_workspace\X1_Thorn_v3\MXTmpFiles\rtos_inc.tmp
2025-07-04 20:29:02,214 [INFO] CodeEngine:263 - oldGeneratedFile, C:\Users\marcv\Desktop\X1-Thorn\1_Code\3_STM32\0_workspace\X1_Thorn_v3\MXTmpFiles\rtos_kernelInit.tmp_save
2025-07-04 20:29:02,337 [INFO] CodeEngine:287 - Generated code: C:\Users\marcv\Desktop\X1-Thorn\1_Code\3_STM32\0_workspace\X1_Thorn_v3\MXTmpFiles\rtos_kernelInit.tmp
2025-07-04 20:29:02,343 [INFO] CodeEngine:263 - oldGeneratedFile, C:\Users\marcv\Desktop\X1-Thorn\1_Code\3_STM32\0_workspace\X1_Thorn_v3\MXTmpFiles\rtos_kernelStart.tmp_save
2025-07-04 20:29:02,418 [INFO] CodeEngine:287 - Generated code: C:\Users\marcv\Desktop\X1-Thorn\1_Code\3_STM32\0_workspace\X1_Thorn_v3\MXTmpFiles\rtos_kernelStart.tmp
2025-07-04 20:29:02,425 [INFO] CodeEngine:263 - oldGeneratedFile, C:\Users\marcv\Desktop\X1-Thorn\1_Code\3_STM32\0_workspace\X1_Thorn_v3\MXTmpFiles\rtos_typedefs.tmp_save
2025-07-04 20:29:02,529 [INFO] CodeEngine:287 - Generated code: C:\Users\marcv\Desktop\X1-Thorn\1_Code\3_STM32\0_workspace\X1_Thorn_v3\MXTmpFiles\rtos_typedefs.tmp
2025-07-04 20:29:02,537 [INFO] CodeEngine:263 - oldGeneratedFile, C:\Users\marcv\Desktop\X1-Thorn\1_Code\3_STM32\0_workspace\X1_Thorn_v3\MXTmpFiles\rtos_vars.tmp_save
2025-07-04 20:29:02,622 [INFO] CodeEngine:287 - Generated code: C:\Users\marcv\Desktop\X1-Thorn\1_Code\3_STM32\0_workspace\X1_Thorn_v3\MXTmpFiles\rtos_vars.tmp
2025-07-04 20:29:02,629 [INFO] CodeEngine:263 - oldGeneratedFile, C:\Users\marcv\Desktop\X1-Thorn\1_Code\3_STM32\0_workspace\X1_Thorn_v3\MXTmpFiles\rtos_pfp.tmp_save
2025-07-04 20:29:02,715 [INFO] CodeEngine:287 - Generated code: C:\Users\marcv\Desktop\X1-Thorn\1_Code\3_STM32\0_workspace\X1_Thorn_v3\MXTmpFiles\rtos_pfp.tmp
2025-07-04 20:29:02,722 [INFO] CodeEngine:263 - oldGeneratedFile, C:\Users\marcv\Desktop\X1-Thorn\1_Code\3_STM32\0_workspace\X1_Thorn_v3\MXTmpFiles\rtos_obj_creat.tmp_save
2025-07-04 20:29:02,820 [INFO] CodeEngine:287 - Generated code: C:\Users\marcv\Desktop\X1-Thorn\1_Code\3_STM32\0_workspace\X1_Thorn_v3\MXTmpFiles\rtos_obj_creat.tmp
2025-07-04 20:29:02,826 [INFO] CodeEngine:263 - oldGeneratedFile, C:\Users\marcv\Desktop\X1-Thorn\1_Code\3_STM32\0_workspace\X1_Thorn_v3\MXTmpFiles\rtos_default_thread.tmp_save
2025-07-04 20:29:02,903 [INFO] CodeEngine:287 - Generated code: C:\Users\marcv\Desktop\X1-Thorn\1_Code\3_STM32\0_workspace\X1_Thorn_v3\MXTmpFiles\rtos_default_thread.tmp
2025-07-04 20:29:02,909 [INFO] CodeEngine:263 - oldGeneratedFile, C:\Users\marcv\Desktop\X1-Thorn\1_Code\3_STM32\0_workspace\X1_Thorn_v3\MXTmpFiles\rtos_threads.tmp_save
2025-07-04 20:29:02,993 [INFO] CodeEngine:287 - Generated code: C:\Users\marcv\Desktop\X1-Thorn\1_Code\3_STM32\0_workspace\X1_Thorn_v3\MXTmpFiles\rtos_threads.tmp
2025-07-04 20:29:03,013 [INFO] Middleware:1452 - No code input for Bsp Dependency
2025-07-04 20:29:03,026 [INFO] CodeEngine:263 - oldGeneratedFile, C:\Users\marcv\Desktop\X1-Thorn\1_Code\3_STM32\0_workspace\X1_Thorn_v3\MXTmpFiles\fatfs_HalInit.tmp_save
2025-07-04 20:29:03,144 [INFO] CodeEngine:287 - Generated code: C:\Users\marcv\Desktop\X1-Thorn\1_Code\3_STM32\0_workspace\X1_Thorn_v3\MXTmpFiles\fatfs_HalInit.tmp
2025-07-04 20:29:03,150 [INFO] CodeEngine:263 - oldGeneratedFile, C:\Users\marcv\Desktop\X1-Thorn\1_Code\3_STM32\0_workspace\X1_Thorn_v3\MXTmpFiles\fatfs_vars.tmp_save
2025-07-04 20:29:03,225 [INFO] CodeEngine:287 - Generated code: C:\Users\marcv\Desktop\X1-Thorn\1_Code\3_STM32\0_workspace\X1_Thorn_v3\MXTmpFiles\fatfs_vars.tmp
2025-07-04 20:29:03,230 [INFO] CodeEngine:263 - oldGeneratedFile, C:\Users\marcv\Desktop\X1-Thorn\1_Code\3_STM32\0_workspace\X1_Thorn_v3\MXTmpFiles\fatfs_ext_vars.tmp_save
2025-07-04 20:29:03,293 [INFO] CodeEngine:287 - Generated code: C:\Users\marcv\Desktop\X1-Thorn\1_Code\3_STM32\0_workspace\X1_Thorn_v3\MXTmpFiles\fatfs_ext_vars.tmp
2025-07-04 20:29:03,300 [INFO] CodeEngine:263 - oldGeneratedFile, C:\Users\marcv\Desktop\X1-Thorn\1_Code\3_STM32\0_workspace\X1_Thorn_v3\MXTmpFiles\fatfs_inc.tmp_save
2025-07-04 20:29:03,382 [INFO] CodeEngine:287 - Generated code: C:\Users\marcv\Desktop\X1-Thorn\1_Code\3_STM32\0_workspace\X1_Thorn_v3\MXTmpFiles\fatfs_inc.tmp
2025-07-04 20:29:03,432 [INFO] Middleware:1452 - No code input for Bsp Dependency
2025-07-04 20:29:03,443 [INFO] CodeEngine:263 - oldGeneratedFile, C:\Users\marcv\Desktop\X1-Thorn\1_Code\3_STM32\0_workspace\X1_Thorn_v3\MXTmpFiles\rtos_inc.tmp_save
2025-07-04 20:29:03,534 [INFO] CodeEngine:287 - Generated code: C:\Users\marcv\Desktop\X1-Thorn\1_Code\3_STM32\0_workspace\X1_Thorn_v3\MXTmpFiles\rtos_inc.tmp
2025-07-04 20:29:03,541 [INFO] CodeEngine:263 - oldGeneratedFile, C:\Users\marcv\Desktop\X1-Thorn\1_Code\3_STM32\0_workspace\X1_Thorn_v3\MXTmpFiles\rtos_kernelInit.tmp_save
2025-07-04 20:29:03,604 [INFO] CodeEngine:287 - Generated code: C:\Users\marcv\Desktop\X1-Thorn\1_Code\3_STM32\0_workspace\X1_Thorn_v3\MXTmpFiles\rtos_kernelInit.tmp
2025-07-04 20:29:03,612 [INFO] CodeEngine:263 - oldGeneratedFile, C:\Users\marcv\Desktop\X1-Thorn\1_Code\3_STM32\0_workspace\X1_Thorn_v3\MXTmpFiles\rtos_kernelStart.tmp_save
2025-07-04 20:29:03,667 [INFO] CodeEngine:287 - Generated code: C:\Users\marcv\Desktop\X1-Thorn\1_Code\3_STM32\0_workspace\X1_Thorn_v3\MXTmpFiles\rtos_kernelStart.tmp
2025-07-04 20:29:03,676 [INFO] CodeEngine:263 - oldGeneratedFile, C:\Users\marcv\Desktop\X1-Thorn\1_Code\3_STM32\0_workspace\X1_Thorn_v3\MXTmpFiles\rtos_typedefs.tmp_save
2025-07-04 20:29:03,736 [INFO] CodeEngine:287 - Generated code: C:\Users\marcv\Desktop\X1-Thorn\1_Code\3_STM32\0_workspace\X1_Thorn_v3\MXTmpFiles\rtos_typedefs.tmp
2025-07-04 20:29:03,755 [INFO] CodeEngine:263 - oldGeneratedFile, C:\Users\marcv\Desktop\X1-Thorn\1_Code\3_STM32\0_workspace\X1_Thorn_v3\MXTmpFiles\rtos_vars.tmp_save
2025-07-04 20:29:03,813 [INFO] CodeEngine:287 - Generated code: C:\Users\marcv\Desktop\X1-Thorn\1_Code\3_STM32\0_workspace\X1_Thorn_v3\MXTmpFiles\rtos_vars.tmp
2025-07-04 20:29:03,820 [INFO] CodeEngine:263 - oldGeneratedFile, C:\Users\marcv\Desktop\X1-Thorn\1_Code\3_STM32\0_workspace\X1_Thorn_v3\MXTmpFiles\rtos_pfp.tmp_save
2025-07-04 20:29:03,883 [INFO] CodeEngine:287 - Generated code: C:\Users\marcv\Desktop\X1-Thorn\1_Code\3_STM32\0_workspace\X1_Thorn_v3\MXTmpFiles\rtos_pfp.tmp
2025-07-04 20:29:03,900 [INFO] CodeEngine:263 - oldGeneratedFile, C:\Users\marcv\Desktop\X1-Thorn\1_Code\3_STM32\0_workspace\X1_Thorn_v3\MXTmpFiles\rtos_obj_creat.tmp_save
2025-07-04 20:29:03,960 [INFO] CodeEngine:287 - Generated code: C:\Users\marcv\Desktop\X1-Thorn\1_Code\3_STM32\0_workspace\X1_Thorn_v3\MXTmpFiles\rtos_obj_creat.tmp
2025-07-04 20:29:03,967 [INFO] CodeEngine:263 - oldGeneratedFile, C:\Users\marcv\Desktop\X1-Thorn\1_Code\3_STM32\0_workspace\X1_Thorn_v3\MXTmpFiles\rtos_default_thread.tmp_save
2025-07-04 20:29:04,022 [INFO] CodeEngine:287 - Generated code: C:\Users\marcv\Desktop\X1-Thorn\1_Code\3_STM32\0_workspace\X1_Thorn_v3\MXTmpFiles\rtos_default_thread.tmp
2025-07-04 20:29:04,031 [INFO] CodeEngine:263 - oldGeneratedFile, C:\Users\marcv\Desktop\X1-Thorn\1_Code\3_STM32\0_workspace\X1_Thorn_v3\MXTmpFiles\rtos_threads.tmp_save
2025-07-04 20:29:04,082 [INFO] CodeEngine:287 - Generated code: C:\Users\marcv\Desktop\X1-Thorn\1_Code\3_STM32\0_workspace\X1_Thorn_v3\MXTmpFiles\rtos_threads.tmp
2025-07-04 20:29:04,102 [INFO] CodeEngine:263 - oldGeneratedFile, C:\Users\marcv\Desktop\X1-Thorn\1_Code\3_STM32\0_workspace\X1_Thorn_v3\Core\Inc\FreeRTOSConfig.h_save
2025-07-04 20:29:04,195 [INFO] CodeEngine:287 - Generated code: C:\Users\marcv\Desktop\X1-Thorn\1_Code\3_STM32\0_workspace\X1_Thorn_v3\Core\Inc\FreeRTOSConfig.h
2025-07-04 20:29:04,216 [INFO] CodeEngine:263 - oldGeneratedFile, C:\Users\marcv\Desktop\X1-Thorn\1_Code\3_STM32\0_workspace\X1_Thorn_v3\Core\Src\freertos.c_save
2025-07-04 20:29:04,300 [INFO] CodeEngine:287 - Generated code: C:\Users\marcv\Desktop\X1-Thorn\1_Code\3_STM32\0_workspace\X1_Thorn_v3\Core\Src\freertos.c
2025-07-04 20:29:04,331 [INFO] CodeEngine:263 - oldGeneratedFile, C:\Users\marcv\Desktop\X1-Thorn\1_Code\3_STM32\0_workspace\X1_Thorn_v3\Core\Src\adc.c_save
2025-07-04 20:29:04,515 [INFO] CodeEngine:287 - Generated code: C:\Users\marcv\Desktop\X1-Thorn\1_Code\3_STM32\0_workspace\X1_Thorn_v3\Core\Src\adc.c
2025-07-04 20:29:04,523 [INFO] CodeEngine:263 - oldGeneratedFile, C:\Users\marcv\Desktop\X1-Thorn\1_Code\3_STM32\0_workspace\X1_Thorn_v3\Core\Inc\adc.h_save
2025-07-04 20:29:04,597 [INFO] CodeEngine:287 - Generated code: C:\Users\marcv\Desktop\X1-Thorn\1_Code\3_STM32\0_workspace\X1_Thorn_v3\Core\Inc\adc.h
2025-07-04 20:29:04,611 [INFO] CodeEngine:263 - oldGeneratedFile, C:\Users\marcv\Desktop\X1-Thorn\1_Code\3_STM32\0_workspace\X1_Thorn_v3\MXTmpFiles\cortex.tmp_save
2025-07-04 20:29:04,724 [INFO] CodeEngine:287 - Generated code: C:\Users\marcv\Desktop\X1-Thorn\1_Code\3_STM32\0_workspace\X1_Thorn_v3\MXTmpFiles\cortex.tmp
2025-07-04 20:29:04,875 [INFO] CodeEngine:263 - oldGeneratedFile, C:\Users\marcv\Desktop\X1-Thorn\1_Code\3_STM32\0_workspace\X1_Thorn_v3\Core\Src\dma.c_save
2025-07-04 20:29:04,949 [INFO] CodeEngine:287 - Generated code: C:\Users\marcv\Desktop\X1-Thorn\1_Code\3_STM32\0_workspace\X1_Thorn_v3\Core\Src\dma.c
2025-07-04 20:29:04,959 [INFO] CodeEngine:263 - oldGeneratedFile, C:\Users\marcv\Desktop\X1-Thorn\1_Code\3_STM32\0_workspace\X1_Thorn_v3\Core\Inc\dma.h_save
2025-07-04 20:29:05,026 [INFO] CodeEngine:287 - Generated code: C:\Users\marcv\Desktop\X1-Thorn\1_Code\3_STM32\0_workspace\X1_Thorn_v3\Core\Inc\dma.h
2025-07-04 20:29:05,039 [INFO] Middleware:1452 - No code input for Bsp Dependency
2025-07-04 20:29:05,051 [INFO] CodeEngine:263 - oldGeneratedFile, C:\Users\marcv\Desktop\X1-Thorn\1_Code\3_STM32\0_workspace\X1_Thorn_v3\MXTmpFiles\fatfs_HalInit.tmp_save
2025-07-04 20:29:05,137 [INFO] CodeEngine:287 - Generated code: C:\Users\marcv\Desktop\X1-Thorn\1_Code\3_STM32\0_workspace\X1_Thorn_v3\MXTmpFiles\fatfs_HalInit.tmp
2025-07-04 20:29:05,145 [INFO] CodeEngine:263 - oldGeneratedFile, C:\Users\marcv\Desktop\X1-Thorn\1_Code\3_STM32\0_workspace\X1_Thorn_v3\MXTmpFiles\fatfs_vars.tmp_save
2025-07-04 20:29:05,216 [INFO] CodeEngine:287 - Generated code: C:\Users\marcv\Desktop\X1-Thorn\1_Code\3_STM32\0_workspace\X1_Thorn_v3\MXTmpFiles\fatfs_vars.tmp
2025-07-04 20:29:05,223 [INFO] CodeEngine:263 - oldGeneratedFile, C:\Users\marcv\Desktop\X1-Thorn\1_Code\3_STM32\0_workspace\X1_Thorn_v3\MXTmpFiles\fatfs_ext_vars.tmp_save
2025-07-04 20:29:05,294 [INFO] CodeEngine:287 - Generated code: C:\Users\marcv\Desktop\X1-Thorn\1_Code\3_STM32\0_workspace\X1_Thorn_v3\MXTmpFiles\fatfs_ext_vars.tmp
2025-07-04 20:29:05,301 [INFO] CodeEngine:263 - oldGeneratedFile, C:\Users\marcv\Desktop\X1-Thorn\1_Code\3_STM32\0_workspace\X1_Thorn_v3\MXTmpFiles\fatfs_inc.tmp_save
2025-07-04 20:29:05,355 [INFO] CodeEngine:287 - Generated code: C:\Users\marcv\Desktop\X1-Thorn\1_Code\3_STM32\0_workspace\X1_Thorn_v3\MXTmpFiles\fatfs_inc.tmp
2025-07-04 20:29:05,375 [INFO] CodeEngine:263 - oldGeneratedFile, C:\Users\marcv\Desktop\X1-Thorn\1_Code\3_STM32\0_workspace\X1_Thorn_v3\FATFS\Target\ffconf.h_save
2025-07-04 20:29:05,485 [INFO] CodeEngine:287 - Generated code: C:\Users\marcv\Desktop\X1-Thorn\1_Code\3_STM32\0_workspace\X1_Thorn_v3\FATFS\Target\ffconf.h
2025-07-04 20:29:05,494 [INFO] CodeEngine:263 - oldGeneratedFile, C:\Users\marcv\Desktop\X1-Thorn\1_Code\3_STM32\0_workspace\X1_Thorn_v3\FATFS\Target\user_diskio.c_save
2025-07-04 20:29:05,583 [INFO] CodeEngine:287 - Generated code: C:\Users\marcv\Desktop\X1-Thorn\1_Code\3_STM32\0_workspace\X1_Thorn_v3\FATFS\Target\user_diskio.c
2025-07-04 20:29:05,602 [INFO] CodeEngine:263 - oldGeneratedFile, C:\Users\marcv\Desktop\X1-Thorn\1_Code\3_STM32\0_workspace\X1_Thorn_v3\FATFS\Target\user_diskio.h_save
2025-07-04 20:29:05,669 [INFO] CodeEngine:287 - Generated code: C:\Users\marcv\Desktop\X1-Thorn\1_Code\3_STM32\0_workspace\X1_Thorn_v3\FATFS\Target\user_diskio.h
2025-07-04 20:29:05,677 [INFO] CodeEngine:263 - oldGeneratedFile, C:\Users\marcv\Desktop\X1-Thorn\1_Code\3_STM32\0_workspace\X1_Thorn_v3\FATFS\App\fatfs.c_save
2025-07-04 20:29:05,745 [INFO] CodeEngine:287 - Generated code: C:\Users\marcv\Desktop\X1-Thorn\1_Code\3_STM32\0_workspace\X1_Thorn_v3\FATFS\App\fatfs.c
2025-07-04 20:29:05,751 [INFO] CodeEngine:263 - oldGeneratedFile, C:\Users\marcv\Desktop\X1-Thorn\1_Code\3_STM32\0_workspace\X1_Thorn_v3\FATFS\App\fatfs.h_save
2025-07-04 20:29:05,826 [INFO] CodeEngine:287 - Generated code: C:\Users\marcv\Desktop\X1-Thorn\1_Code\3_STM32\0_workspace\X1_Thorn_v3\FATFS\App\fatfs.h
2025-07-04 20:29:05,852 [INFO] CodeEngine:263 - oldGeneratedFile, C:\Users\marcv\Desktop\X1-Thorn\1_Code\3_STM32\0_workspace\X1_Thorn_v3\Core\Src\i2c.c_save
2025-07-04 20:29:05,948 [INFO] CodeEngine:287 - Generated code: C:\Users\marcv\Desktop\X1-Thorn\1_Code\3_STM32\0_workspace\X1_Thorn_v3\Core\Src\i2c.c
2025-07-04 20:29:05,956 [INFO] CodeEngine:263 - oldGeneratedFile, C:\Users\marcv\Desktop\X1-Thorn\1_Code\3_STM32\0_workspace\X1_Thorn_v3\Core\Inc\i2c.h_save
2025-07-04 20:29:06,039 [INFO] CodeEngine:287 - Generated code: C:\Users\marcv\Desktop\X1-Thorn\1_Code\3_STM32\0_workspace\X1_Thorn_v3\Core\Inc\i2c.h
2025-07-04 20:29:06,066 [INFO] CodeEngine:263 - oldGeneratedFile, C:\Users\marcv\Desktop\X1-Thorn\1_Code\3_STM32\0_workspace\X1_Thorn_v3\Core\Src\memorymap.c_save
2025-07-04 20:29:06,166 [INFO] CodeEngine:287 - Generated code: C:\Users\marcv\Desktop\X1-Thorn\1_Code\3_STM32\0_workspace\X1_Thorn_v3\Core\Src\memorymap.c
2025-07-04 20:29:06,174 [INFO] CodeEngine:263 - oldGeneratedFile, C:\Users\marcv\Desktop\X1-Thorn\1_Code\3_STM32\0_workspace\X1_Thorn_v3\Core\Inc\memorymap.h_save
2025-07-04 20:29:06,252 [INFO] CodeEngine:287 - Generated code: C:\Users\marcv\Desktop\X1-Thorn\1_Code\3_STM32\0_workspace\X1_Thorn_v3\Core\Inc\memorymap.h
2025-07-04 20:29:06,269 [INFO] CodeEngine:263 - oldGeneratedFile, C:\Users\marcv\Desktop\X1-Thorn\1_Code\3_STM32\0_workspace\X1_Thorn_v3\Core\Src\sdmmc.c_save
2025-07-04 20:29:06,406 [INFO] CodeEngine:287 - Generated code: C:\Users\marcv\Desktop\X1-Thorn\1_Code\3_STM32\0_workspace\X1_Thorn_v3\Core\Src\sdmmc.c
2025-07-04 20:29:06,412 [INFO] CodeEngine:263 - oldGeneratedFile, C:\Users\marcv\Desktop\X1-Thorn\1_Code\3_STM32\0_workspace\X1_Thorn_v3\Core\Inc\sdmmc.h_save
2025-07-04 20:29:06,504 [INFO] CodeEngine:287 - Generated code: C:\Users\marcv\Desktop\X1-Thorn\1_Code\3_STM32\0_workspace\X1_Thorn_v3\Core\Inc\sdmmc.h
2025-07-04 20:29:06,538 [INFO] CodeEngine:263 - oldGeneratedFile, C:\Users\marcv\Desktop\X1-Thorn\1_Code\3_STM32\0_workspace\X1_Thorn_v3\Core\Src\spi.c_save
2025-07-04 20:29:06,651 [INFO] CodeEngine:287 - Generated code: C:\Users\marcv\Desktop\X1-Thorn\1_Code\3_STM32\0_workspace\X1_Thorn_v3\Core\Src\spi.c
2025-07-04 20:29:06,660 [INFO] CodeEngine:263 - oldGeneratedFile, C:\Users\marcv\Desktop\X1-Thorn\1_Code\3_STM32\0_workspace\X1_Thorn_v3\Core\Inc\spi.h_save
2025-07-04 20:29:06,732 [INFO] CodeEngine:287 - Generated code: C:\Users\marcv\Desktop\X1-Thorn\1_Code\3_STM32\0_workspace\X1_Thorn_v3\Core\Inc\spi.h
2025-07-04 20:29:06,763 [INFO] CodeEngine:263 - oldGeneratedFile, C:\Users\marcv\Desktop\X1-Thorn\1_Code\3_STM32\0_workspace\X1_Thorn_v3\Core\Src\tim.c_save
2025-07-04 20:29:06,913 [INFO] CodeEngine:287 - Generated code: C:\Users\marcv\Desktop\X1-Thorn\1_Code\3_STM32\0_workspace\X1_Thorn_v3\Core\Src\tim.c
2025-07-04 20:29:06,921 [INFO] CodeEngine:263 - oldGeneratedFile, C:\Users\marcv\Desktop\X1-Thorn\1_Code\3_STM32\0_workspace\X1_Thorn_v3\Core\Inc\tim.h_save
2025-07-04 20:29:07,000 [INFO] CodeEngine:287 - Generated code: C:\Users\marcv\Desktop\X1-Thorn\1_Code\3_STM32\0_workspace\X1_Thorn_v3\Core\Inc\tim.h
2025-07-04 20:29:07,025 [INFO] CodeEngine:263 - oldGeneratedFile, C:\Users\marcv\Desktop\X1-Thorn\1_Code\3_STM32\0_workspace\X1_Thorn_v3\Core\Src\usart.c_save
2025-07-04 20:29:07,177 [INFO] CodeEngine:287 - Generated code: C:\Users\marcv\Desktop\X1-Thorn\1_Code\3_STM32\0_workspace\X1_Thorn_v3\Core\Src\usart.c
2025-07-04 20:29:07,184 [INFO] CodeEngine:263 - oldGeneratedFile, C:\Users\marcv\Desktop\X1-Thorn\1_Code\3_STM32\0_workspace\X1_Thorn_v3\Core\Inc\usart.h_save
2025-07-04 20:29:07,264 [INFO] CodeEngine:287 - Generated code: C:\Users\marcv\Desktop\X1-Thorn\1_Code\3_STM32\0_workspace\X1_Thorn_v3\Core\Inc\usart.h
2025-07-04 20:29:07,312 [INFO] CodeEngine:263 - oldGeneratedFile, C:\Users\marcv\Desktop\X1-Thorn\1_Code\3_STM32\0_workspace\X1_Thorn_v3\Core\Src\stm32h7xx_it.c_save
2025-07-04 20:29:07,448 [INFO] CodeEngine:287 - Generated code: C:\Users\marcv\Desktop\X1-Thorn\1_Code\3_STM32\0_workspace\X1_Thorn_v3\Core\Src\stm32h7xx_it.c
2025-07-04 20:29:07,458 [INFO] CodeEngine:263 - oldGeneratedFile, C:\Users\marcv\Desktop\X1-Thorn\1_Code\3_STM32\0_workspace\X1_Thorn_v3\Core\Inc\stm32h7xx_it.h_save
2025-07-04 20:29:07,542 [INFO] CodeEngine:287 - Generated code: C:\Users\marcv\Desktop\X1-Thorn\1_Code\3_STM32\0_workspace\X1_Thorn_v3\Core\Inc\stm32h7xx_it.h
2025-07-04 20:29:07,688 [INFO] CodeEngine:263 - oldGeneratedFile, C:\Users\marcv\Desktop\X1-Thorn\1_Code\3_STM32\0_workspace\X1_Thorn_v3\Core\Src\stm32h7xx_hal_msp.c_save
2025-07-04 20:29:07,783 [INFO] CodeEngine:287 - Generated code: C:\Users\marcv\Desktop\X1-Thorn\1_Code\3_STM32\0_workspace\X1_Thorn_v3\Core\Src\stm32h7xx_hal_msp.c
2025-07-04 20:29:07,788 [INFO] CodeEngine:263 - oldGeneratedFile, C:\Users\marcv\Desktop\X1-Thorn\1_Code\3_STM32\0_workspace\X1_Thorn_v3\MXTmpFiles\system.tmp_save
2025-07-04 20:29:07,846 [INFO] CodeEngine:287 - Generated code: C:\Users\marcv\Desktop\X1-Thorn\1_Code\3_STM32\0_workspace\X1_Thorn_v3\MXTmpFiles\system.tmp
2025-07-04 20:29:07,864 [INFO] CodeEngine:263 - oldGeneratedFile, C:\Users\marcv\Desktop\X1-Thorn\1_Code\3_STM32\0_workspace\X1_Thorn_v3\Core\Src\stm32h7xx_hal_timebase_tim.c_save
2025-07-04 20:29:07,950 [INFO] CodeEngine:287 - Generated code: C:\Users\marcv\Desktop\X1-Thorn\1_Code\3_STM32\0_workspace\X1_Thorn_v3\Core\Src\stm32h7xx_hal_timebase_tim.c
2025-07-04 20:29:07,977 [INFO] CodeEngine:319 - oldGeneratedFile, C:\Users\marcv\Desktop\X1-Thorn\1_Code\3_STM32\0_workspace\X1_Thorn_v3\Core\Inc\stm32h7xx_hal_conf.h_save
2025-07-04 20:29:08,076 [INFO] CodeEngine:343 - Generated code: C:\Users\marcv\Desktop\X1-Thorn\1_Code\3_STM32\0_workspace\X1_Thorn_v3\Core\Inc\stm32h7xx_hal_conf.h
2025-07-04 20:29:08,156 [INFO] ApiDbMcu:508 - Load IP Config File for ADC2
2025-07-04 20:29:08,159 [INFO] ApiDbMcu:508 - Load IP Config File for ADC3
2025-07-04 20:29:08,162 [INFO] ApiDbMcu:508 - Load IP Config File for I2C2
2025-07-04 20:29:08,163 [ERROR] ApiDbMcu:464 - Can't load MEMORYMAP-STM32xx root dir null
2025-07-04 20:29:08,163 [ERROR] ApiDbMcu:536 - Cannot parse MEMORYMAP_Config file : file do not exist
2025-07-04 20:29:08,165 [INFO] ApiDbMcu:508 - Load IP Config File for SDMMC1
2025-07-04 20:29:08,168 [INFO] ApiDbMcu:508 - Load IP Config File for SPI4
2025-07-04 20:29:08,179 [INFO] ApiDbMcu:508 - Load IP Config File for TIM1
2025-07-04 20:29:08,189 [INFO] ApiDbMcu:508 - Load IP Config File for TIM2
2025-07-04 20:29:08,200 [INFO] ApiDbMcu:508 - Load IP Config File for TIM3
2025-07-04 20:29:08,210 [INFO] ApiDbMcu:508 - Load IP Config File for TIM5
2025-07-04 20:29:08,221 [INFO] ApiDbMcu:508 - Load IP Config File for TIM15
2025-07-04 20:29:08,231 [INFO] ApiDbMcu:508 - Load IP Config File for TIM16
2025-07-04 20:29:08,242 [INFO] ApiDbMcu:508 - Load IP Config File for TIM17
2025-07-04 20:29:08,251 [INFO] ApiDbMcu:508 - Load IP Config File for UART5
2025-07-04 20:29:08,260 [INFO] ApiDbMcu:508 - Load IP Config File for UART8
2025-07-04 20:29:08,265 [INFO] ApiDbMcu:508 - Load IP Config File for RCC
2025-07-04 20:29:08,292 [INFO] CodeEngine:263 - oldGeneratedFile, C:\Users\marcv\Desktop\X1-Thorn\1_Code\3_STM32\0_workspace\X1_Thorn_v3\Core\Inc\main.h_save
2025-07-04 20:29:08,394 [INFO] CodeEngine:287 - Generated code: C:\Users\marcv\Desktop\X1-Thorn\1_Code\3_STM32\0_workspace\X1_Thorn_v3\Core\Inc\main.h
2025-07-04 20:29:08,412 [INFO] CodeEngine:263 - oldGeneratedFile, C:\Users\marcv\Desktop\X1-Thorn\1_Code\3_STM32\0_workspace\X1_Thorn_v3\Core\Src\main.c_save
2025-07-04 20:29:08,581 [INFO] CodeEngine:287 - Generated code: C:\Users\marcv\Desktop\X1-Thorn\1_Code\3_STM32\0_workspace\X1_Thorn_v3\Core\Src\main.c
2025-07-04 20:29:09,947 [INFO] ProjectBuilder:3324 - Time for Copy HAL[1] : 973mS.
2025-07-04 20:29:09,968 [INFO] ProjectBuilder:4912 - Project Generator version: 4.6.0-B36
2025-07-04 20:29:10,083 [INFO] ConfigFileManager:1590 - The Die is : DIE450
2025-07-04 20:29:10,085 [INFO] ApiDbMcu:508 - Load IP Config File for LIBJPEG
2025-07-04 20:29:10,092 [INFO] ApiDbMcu:508 - Load IP Config File for LWIP
2025-07-04 20:29:10,098 [INFO] ApiDbMcu:508 - Load IP Config File for MBEDTLS
2025-07-04 20:29:10,108 [INFO] ApiDbMcu:508 - Load IP Config File for USB_DEVICE
2025-07-04 20:29:10,110 [INFO] ApiDbMcu:508 - Load IP Config File for USB_HOST
2025-07-04 20:29:11,111 [INFO] LogOutputStream:77 - [STDOUT_REDIRECT] 
2025-07-04 20:29:14,548 [INFO] ProjectBuilder:5191 - Time for Generating toolchain IDE Files: 4580mS.
2025-07-04 20:29:14,550 [INFO] ProjectBuilder:3181 - Time for Copy CMSIS : 0mS.
2025-07-04 20:29:14,574 [INFO] ProjectBuilder:3181 - Time for Copy CMSIS : 1mS.
2025-07-04 20:30:49,393 [INFO] I2cTimingTraitement:330 - 0x307075B1
2025-07-04 20:30:59,500 [INFO] I2cTimingTraitement:330 - 0x307075B1
2025-07-04 20:31:21,544 [INFO] I2cTimingTraitement:330 - 0x307075B1
2025-07-04 20:31:30,921 [INFO] I2cTimingTraitement:330 - 0x307075B1
2025-07-04 20:31:34,570 [INFO] I2cTimingTraitement:330 - 0x307075B1
2025-07-04 20:32:01,510 [INFO] UtilMem:75 - End SaveConfig() Used Memory: 853184384 Bytes (1073741824)
2025-07-04 20:32:02,800 [INFO] UtilMem:75 - End SaveConfig() Used Memory: 888235808 Bytes (1073741824)
2025-07-04 20:32:03,517 [INFO] UtilMem:75 - End SaveConfig() Used Memory: 678855200 Bytes (1073741824)
2025-07-04 20:32:03,969 [INFO] BlockDiagram:2775 - set Specific Code input for plugin: SPI
2025-07-04 20:32:03,969 [INFO] BlockDiagram:2775 - set Specific Code input for plugin: FREERTOS
2025-07-04 20:32:03,969 [INFO] BlockDiagram:2775 - set Specific Code input for plugin: RCC
2025-07-04 20:32:03,970 [INFO] BlockDiagram:2775 - set Specific Code input for plugin: I2C
2025-07-04 20:32:03,970 [INFO] BlockDiagram:2775 - set Specific Code input for plugin: SDMMC
2025-07-04 20:32:03,970 [INFO] BlockDiagram:2775 - set Specific Code input for plugin: TIM1_8H7
2025-07-04 20:32:03,970 [INFO] BlockDiagram:2775 - set Specific Code input for plugin: TIM1_8H7
2025-07-04 20:32:03,970 [INFO] BlockDiagram:2775 - set Specific Code input for plugin: TIM1_8H7
2025-07-04 20:32:03,970 [INFO] BlockDiagram:2775 - set Specific Code input for plugin: FATFS
2025-07-04 20:32:03,970 [INFO] BlockDiagram:2775 - set Specific Code input for plugin: MEMORYMAP
2025-07-04 20:32:03,970 [INFO] BlockDiagram:2775 - set Specific Code input for plugin: TIM1_8H7
2025-07-04 20:32:03,970 [INFO] BlockDiagram:2775 - set Specific Code input for plugin: TIM1_8H7
2025-07-04 20:32:03,970 [INFO] BlockDiagram:2775 - set Specific Code input for plugin: TIM1_8H7
2025-07-04 20:32:03,970 [INFO] BlockDiagram:2775 - set Specific Code input for plugin: TIM1_8H7
2025-07-04 20:32:03,971 [INFO] BlockDiagram:2775 - set Specific Code input for plugin: ADC
2025-07-04 20:32:03,971 [INFO] BlockDiagram:2775 - set Specific Code input for plugin: SYS
2025-07-04 20:32:03,971 [INFO] BlockDiagram:2775 - set Specific Code input for plugin: ADC
2025-07-04 20:32:03,971 [INFO] BlockDiagram:2775 - set Specific Code input for plugin: NVIC
2025-07-04 20:32:03,971 [INFO] BlockDiagram:2775 - set Specific Code input for plugin: DMA
2025-07-04 20:32:03,971 [INFO] BlockDiagram:2775 - set Specific Code input for plugin: VREFBUF
2025-07-04 20:32:03,971 [INFO] BlockDiagram:2775 - set Specific Code input for plugin: UART
2025-07-04 20:32:03,971 [INFO] BlockDiagram:2775 - set Specific Code input for plugin: UART
2025-07-04 20:32:03,971 [INFO] BlockDiagram:2775 - set Specific Code input for plugin: DEBUG
2025-07-04 20:32:03,972 [INFO] BlockDiagram:2775 - set Specific Code input for plugin: GPIO
2025-07-04 20:32:03,974 [INFO] CodeGenerator:882 - code generatio: config db path: C:\ST\STM32CubeIDE_1.18.0\STM32CubeIDE\plugins\com.st.stm32cube.common.mx_6.14.0.202502271554\\db\
2025-07-04 20:32:04,081 [INFO] Argument:325 - Argument : hdmavalue: null
2025-07-04 20:32:04,081 [INFO] Argument:327 - 	 sub Args: 
2025-07-04 20:32:04,081 [INFO] Argument:325 - Argument : Instancevalue: DMA1_Stream0
2025-07-04 20:32:04,081 [INFO] Argument:335 - Argument : Instancevalue: DMA1_Stream0
2025-07-04 20:32:04,081 [INFO] Argument:325 - Argument : Initvalue: null
2025-07-04 20:32:04,081 [INFO] Argument:327 - 	 sub Args: 
2025-07-04 20:32:04,081 [INFO] Argument:325 - Argument : Requestvalue: DMA_REQUEST_TIM3_CH1
2025-07-04 20:32:04,081 [INFO] Argument:335 - Argument : Requestvalue: DMA_REQUEST_TIM3_CH1
2025-07-04 20:32:04,081 [INFO] Argument:325 - Argument : Directionvalue: DMA_MEMORY_TO_PERIPH
2025-07-04 20:32:04,082 [INFO] Argument:335 - Argument : Directionvalue: DMA_MEMORY_TO_PERIPH
2025-07-04 20:32:04,082 [INFO] Argument:325 - Argument : PeriphIncvalue: DMA_PINC_DISABLE
2025-07-04 20:32:04,082 [INFO] Argument:335 - Argument : PeriphIncvalue: DMA_PINC_DISABLE
2025-07-04 20:32:04,082 [INFO] Argument:325 - Argument : MemIncvalue: DMA_MINC_ENABLE
2025-07-04 20:32:04,082 [INFO] Argument:335 - Argument : MemIncvalue: DMA_MINC_ENABLE
2025-07-04 20:32:04,082 [INFO] Argument:325 - Argument : PeriphDataAlignmentvalue: DMA_PDATAALIGN_HALFWORD
2025-07-04 20:32:04,082 [INFO] Argument:335 - Argument : PeriphDataAlignmentvalue: DMA_PDATAALIGN_HALFWORD
2025-07-04 20:32:04,082 [INFO] Argument:325 - Argument : MemDataAlignmentvalue: DMA_MDATAALIGN_HALFWORD
2025-07-04 20:32:04,082 [INFO] Argument:335 - Argument : MemDataAlignmentvalue: DMA_MDATAALIGN_HALFWORD
2025-07-04 20:32:04,082 [INFO] Argument:325 - Argument : Modevalue: DMA_NORMAL
2025-07-04 20:32:04,082 [INFO] Argument:335 - Argument : Modevalue: DMA_NORMAL
2025-07-04 20:32:04,082 [INFO] Argument:325 - Argument : Priorityvalue: DMA_PRIORITY_HIGH
2025-07-04 20:32:04,082 [INFO] Argument:335 - Argument : Priorityvalue: DMA_PRIORITY_HIGH
2025-07-04 20:32:04,082 [INFO] Argument:325 - Argument : FIFOModevalue: DMA_FIFOMODE_DISABLE
2025-07-04 20:32:04,082 [INFO] Argument:335 - Argument : FIFOModevalue: DMA_FIFOMODE_DISABLE
2025-07-04 20:32:04,082 [INFO] Argument:325 - Argument : FIFOThresholdvalue: null
2025-07-04 20:32:04,083 [INFO] Argument:335 - Argument : FIFOThresholdvalue: null
2025-07-04 20:32:04,083 [INFO] Argument:325 - Argument : MemBurstvalue: null
2025-07-04 20:32:04,083 [INFO] Argument:335 - Argument : MemBurstvalue: null
2025-07-04 20:32:04,083 [INFO] Argument:325 - Argument : PeriphBurstvalue: null
2025-07-04 20:32:04,083 [INFO] Argument:335 - Argument : PeriphBurstvalue: null
2025-07-04 20:32:04,083 [INFO] Argument:325 - Argument : Lockvalue: null
2025-07-04 20:32:04,083 [INFO] Argument:335 - Argument : Lockvalue: null
2025-07-04 20:32:04,083 [INFO] Argument:325 - Argument : Statevalue: null
2025-07-04 20:32:04,083 [INFO] Argument:335 - Argument : Statevalue: null
2025-07-04 20:32:04,083 [INFO] Argument:325 - Argument : Parentvalue: null
2025-07-04 20:32:04,084 [INFO] Argument:335 - Argument : Parentvalue: null
2025-07-04 20:32:04,084 [INFO] Argument:325 - Argument : XferCpltCallbackvalue: null
2025-07-04 20:32:04,084 [INFO] Argument:335 - Argument : XferCpltCallbackvalue: null
2025-07-04 20:32:04,084 [INFO] Argument:325 - Argument : XferHalfCpltCallbackvalue: null
2025-07-04 20:32:04,084 [INFO] Argument:335 - Argument : XferHalfCpltCallbackvalue: null
2025-07-04 20:32:04,084 [INFO] Argument:325 - Argument : XferM1CpltCallbackvalue: null
2025-07-04 20:32:04,084 [INFO] Argument:335 - Argument : XferM1CpltCallbackvalue: null
2025-07-04 20:32:04,084 [INFO] Argument:325 - Argument : XferM1HalfCpltCallbackvalue: null
2025-07-04 20:32:04,084 [INFO] Argument:335 - Argument : XferM1HalfCpltCallbackvalue: null
2025-07-04 20:32:04,084 [INFO] Argument:325 - Argument : XferErrorCallbackvalue: null
2025-07-04 20:32:04,084 [INFO] Argument:335 - Argument : XferErrorCallbackvalue: null
2025-07-04 20:32:04,084 [INFO] Argument:325 - Argument : XferAbortCallbackvalue: null
2025-07-04 20:32:04,084 [INFO] Argument:335 - Argument : XferAbortCallbackvalue: null
2025-07-04 20:32:04,084 [INFO] Argument:325 - Argument : ErrorCodevalue: null
2025-07-04 20:32:04,085 [INFO] Argument:335 - Argument : ErrorCodevalue: null
2025-07-04 20:32:04,085 [INFO] Argument:325 - Argument : StreamBaseAddressvalue: null
2025-07-04 20:32:04,085 [INFO] Argument:335 - Argument : StreamBaseAddressvalue: null
2025-07-04 20:32:04,085 [INFO] Argument:325 - Argument : StreamIndexvalue: null
2025-07-04 20:32:04,085 [INFO] Argument:335 - Argument : StreamIndexvalue: null
2025-07-04 20:32:04,086 [INFO] Argument:325 - Argument : hdmavalue: null
2025-07-04 20:32:04,086 [INFO] Argument:327 - 	 sub Args: 
2025-07-04 20:32:04,086 [INFO] Argument:325 - Argument : Instancevalue: DMA1_Stream1
2025-07-04 20:32:04,086 [INFO] Argument:335 - Argument : Instancevalue: DMA1_Stream1
2025-07-04 20:32:04,086 [INFO] Argument:325 - Argument : Initvalue: null
2025-07-04 20:32:04,086 [INFO] Argument:327 - 	 sub Args: 
2025-07-04 20:32:04,086 [INFO] Argument:325 - Argument : Requestvalue: DMA_REQUEST_TIM3_CH2
2025-07-04 20:32:04,086 [INFO] Argument:335 - Argument : Requestvalue: DMA_REQUEST_TIM3_CH2
2025-07-04 20:32:04,086 [INFO] Argument:325 - Argument : Directionvalue: DMA_MEMORY_TO_PERIPH
2025-07-04 20:32:04,086 [INFO] Argument:335 - Argument : Directionvalue: DMA_MEMORY_TO_PERIPH
2025-07-04 20:32:04,087 [INFO] Argument:325 - Argument : PeriphIncvalue: DMA_PINC_DISABLE
2025-07-04 20:32:04,087 [INFO] Argument:335 - Argument : PeriphIncvalue: DMA_PINC_DISABLE
2025-07-04 20:32:04,087 [INFO] Argument:325 - Argument : MemIncvalue: DMA_MINC_ENABLE
2025-07-04 20:32:04,087 [INFO] Argument:335 - Argument : MemIncvalue: DMA_MINC_ENABLE
2025-07-04 20:32:04,087 [INFO] Argument:325 - Argument : PeriphDataAlignmentvalue: DMA_PDATAALIGN_HALFWORD
2025-07-04 20:32:04,087 [INFO] Argument:335 - Argument : PeriphDataAlignmentvalue: DMA_PDATAALIGN_HALFWORD
2025-07-04 20:32:04,087 [INFO] Argument:325 - Argument : MemDataAlignmentvalue: DMA_MDATAALIGN_HALFWORD
2025-07-04 20:32:04,087 [INFO] Argument:335 - Argument : MemDataAlignmentvalue: DMA_MDATAALIGN_HALFWORD
2025-07-04 20:32:04,087 [INFO] Argument:325 - Argument : Modevalue: DMA_NORMAL
2025-07-04 20:32:04,087 [INFO] Argument:335 - Argument : Modevalue: DMA_NORMAL
2025-07-04 20:32:04,087 [INFO] Argument:325 - Argument : Priorityvalue: DMA_PRIORITY_HIGH
2025-07-04 20:32:04,087 [INFO] Argument:335 - Argument : Priorityvalue: DMA_PRIORITY_HIGH
2025-07-04 20:32:04,087 [INFO] Argument:325 - Argument : FIFOModevalue: DMA_FIFOMODE_DISABLE
2025-07-04 20:32:04,087 [INFO] Argument:335 - Argument : FIFOModevalue: DMA_FIFOMODE_DISABLE
2025-07-04 20:32:04,087 [INFO] Argument:325 - Argument : FIFOThresholdvalue: null
2025-07-04 20:32:04,087 [INFO] Argument:335 - Argument : FIFOThresholdvalue: null
2025-07-04 20:32:04,087 [INFO] Argument:325 - Argument : MemBurstvalue: null
2025-07-04 20:32:04,087 [INFO] Argument:335 - Argument : MemBurstvalue: null
2025-07-04 20:32:04,088 [INFO] Argument:325 - Argument : PeriphBurstvalue: null
2025-07-04 20:32:04,088 [INFO] Argument:335 - Argument : PeriphBurstvalue: null
2025-07-04 20:32:04,088 [INFO] Argument:325 - Argument : Lockvalue: null
2025-07-04 20:32:04,088 [INFO] Argument:335 - Argument : Lockvalue: null
2025-07-04 20:32:04,088 [INFO] Argument:325 - Argument : Statevalue: null
2025-07-04 20:32:04,088 [INFO] Argument:335 - Argument : Statevalue: null
2025-07-04 20:32:04,088 [INFO] Argument:325 - Argument : Parentvalue: null
2025-07-04 20:32:04,088 [INFO] Argument:335 - Argument : Parentvalue: null
2025-07-04 20:32:04,088 [INFO] Argument:325 - Argument : XferCpltCallbackvalue: null
2025-07-04 20:32:04,088 [INFO] Argument:335 - Argument : XferCpltCallbackvalue: null
2025-07-04 20:32:04,088 [INFO] Argument:325 - Argument : XferHalfCpltCallbackvalue: null
2025-07-04 20:32:04,088 [INFO] Argument:335 - Argument : XferHalfCpltCallbackvalue: null
2025-07-04 20:32:04,088 [INFO] Argument:325 - Argument : XferM1CpltCallbackvalue: null
2025-07-04 20:32:04,089 [INFO] Argument:335 - Argument : XferM1CpltCallbackvalue: null
2025-07-04 20:32:04,089 [INFO] Argument:325 - Argument : XferM1HalfCpltCallbackvalue: null
2025-07-04 20:32:04,089 [INFO] Argument:335 - Argument : XferM1HalfCpltCallbackvalue: null
2025-07-04 20:32:04,089 [INFO] Argument:325 - Argument : XferErrorCallbackvalue: null
2025-07-04 20:32:04,089 [INFO] Argument:335 - Argument : XferErrorCallbackvalue: null
2025-07-04 20:32:04,089 [INFO] Argument:325 - Argument : XferAbortCallbackvalue: null
2025-07-04 20:32:04,089 [INFO] Argument:335 - Argument : XferAbortCallbackvalue: null
2025-07-04 20:32:04,089 [INFO] Argument:325 - Argument : ErrorCodevalue: null
2025-07-04 20:32:04,089 [INFO] Argument:335 - Argument : ErrorCodevalue: null
2025-07-04 20:32:04,089 [INFO] Argument:325 - Argument : StreamBaseAddressvalue: null
2025-07-04 20:32:04,089 [INFO] Argument:335 - Argument : StreamBaseAddressvalue: null
2025-07-04 20:32:04,089 [INFO] Argument:325 - Argument : StreamIndexvalue: null
2025-07-04 20:32:04,089 [INFO] Argument:335 - Argument : StreamIndexvalue: null
2025-07-04 20:32:04,116 [INFO] Argument:325 - Argument : hdmavalue: null
2025-07-04 20:32:04,117 [INFO] Argument:327 - 	 sub Args: 
2025-07-04 20:32:04,117 [INFO] Argument:325 - Argument : Instancevalue: DMA1_Stream3
2025-07-04 20:32:04,117 [INFO] Argument:335 - Argument : Instancevalue: DMA1_Stream3
2025-07-04 20:32:04,117 [INFO] Argument:325 - Argument : Initvalue: null
2025-07-04 20:32:04,117 [INFO] Argument:327 - 	 sub Args: 
2025-07-04 20:32:04,117 [INFO] Argument:325 - Argument : Requestvalue: DMA_REQUEST_TIM15_UP
2025-07-04 20:32:04,117 [INFO] Argument:335 - Argument : Requestvalue: DMA_REQUEST_TIM15_UP
2025-07-04 20:32:04,117 [INFO] Argument:325 - Argument : Directionvalue: DMA_PERIPH_TO_MEMORY
2025-07-04 20:32:04,117 [INFO] Argument:335 - Argument : Directionvalue: DMA_PERIPH_TO_MEMORY
2025-07-04 20:32:04,118 [INFO] Argument:325 - Argument : PeriphIncvalue: DMA_PINC_DISABLE
2025-07-04 20:32:04,118 [INFO] Argument:335 - Argument : PeriphIncvalue: DMA_PINC_DISABLE
2025-07-04 20:32:04,118 [INFO] Argument:325 - Argument : MemIncvalue: DMA_MINC_ENABLE
2025-07-04 20:32:04,118 [INFO] Argument:335 - Argument : MemIncvalue: DMA_MINC_ENABLE
2025-07-04 20:32:04,118 [INFO] Argument:325 - Argument : PeriphDataAlignmentvalue: DMA_PDATAALIGN_HALFWORD
2025-07-04 20:32:04,118 [INFO] Argument:335 - Argument : PeriphDataAlignmentvalue: DMA_PDATAALIGN_HALFWORD
2025-07-04 20:32:04,118 [INFO] Argument:325 - Argument : MemDataAlignmentvalue: DMA_MDATAALIGN_HALFWORD
2025-07-04 20:32:04,118 [INFO] Argument:335 - Argument : MemDataAlignmentvalue: DMA_MDATAALIGN_HALFWORD
2025-07-04 20:32:04,118 [INFO] Argument:325 - Argument : Modevalue: DMA_NORMAL
2025-07-04 20:32:04,118 [INFO] Argument:335 - Argument : Modevalue: DMA_NORMAL
2025-07-04 20:32:04,118 [INFO] Argument:325 - Argument : Priorityvalue: DMA_PRIORITY_VERY_HIGH
2025-07-04 20:32:04,118 [INFO] Argument:335 - Argument : Priorityvalue: DMA_PRIORITY_VERY_HIGH
2025-07-04 20:32:04,118 [INFO] Argument:325 - Argument : FIFOModevalue: DMA_FIFOMODE_DISABLE
2025-07-04 20:32:04,119 [INFO] Argument:335 - Argument : FIFOModevalue: DMA_FIFOMODE_DISABLE
2025-07-04 20:32:04,119 [INFO] Argument:325 - Argument : FIFOThresholdvalue: null
2025-07-04 20:32:04,119 [INFO] Argument:335 - Argument : FIFOThresholdvalue: null
2025-07-04 20:32:04,119 [INFO] Argument:325 - Argument : MemBurstvalue: null
2025-07-04 20:32:04,119 [INFO] Argument:335 - Argument : MemBurstvalue: null
2025-07-04 20:32:04,119 [INFO] Argument:325 - Argument : PeriphBurstvalue: null
2025-07-04 20:32:04,119 [INFO] Argument:335 - Argument : PeriphBurstvalue: null
2025-07-04 20:32:04,119 [INFO] Argument:325 - Argument : Lockvalue: null
2025-07-04 20:32:04,119 [INFO] Argument:335 - Argument : Lockvalue: null
2025-07-04 20:32:04,119 [INFO] Argument:325 - Argument : Statevalue: null
2025-07-04 20:32:04,119 [INFO] Argument:335 - Argument : Statevalue: null
2025-07-04 20:32:04,119 [INFO] Argument:325 - Argument : Parentvalue: null
2025-07-04 20:32:04,119 [INFO] Argument:335 - Argument : Parentvalue: null
2025-07-04 20:32:04,119 [INFO] Argument:325 - Argument : XferCpltCallbackvalue: null
2025-07-04 20:32:04,119 [INFO] Argument:335 - Argument : XferCpltCallbackvalue: null
2025-07-04 20:32:04,119 [INFO] Argument:325 - Argument : XferHalfCpltCallbackvalue: null
2025-07-04 20:32:04,119 [INFO] Argument:335 - Argument : XferHalfCpltCallbackvalue: null
2025-07-04 20:32:04,120 [INFO] Argument:325 - Argument : XferM1CpltCallbackvalue: null
2025-07-04 20:32:04,120 [INFO] Argument:335 - Argument : XferM1CpltCallbackvalue: null
2025-07-04 20:32:04,120 [INFO] Argument:325 - Argument : XferM1HalfCpltCallbackvalue: null
2025-07-04 20:32:04,120 [INFO] Argument:335 - Argument : XferM1HalfCpltCallbackvalue: null
2025-07-04 20:32:04,120 [INFO] Argument:325 - Argument : XferErrorCallbackvalue: null
2025-07-04 20:32:04,120 [INFO] Argument:335 - Argument : XferErrorCallbackvalue: null
2025-07-04 20:32:04,120 [INFO] Argument:325 - Argument : XferAbortCallbackvalue: null
2025-07-04 20:32:04,120 [INFO] Argument:335 - Argument : XferAbortCallbackvalue: null
2025-07-04 20:32:04,120 [INFO] Argument:325 - Argument : ErrorCodevalue: null
2025-07-04 20:32:04,120 [INFO] Argument:335 - Argument : ErrorCodevalue: null
2025-07-04 20:32:04,120 [INFO] Argument:325 - Argument : StreamBaseAddressvalue: null
2025-07-04 20:32:04,120 [INFO] Argument:335 - Argument : StreamBaseAddressvalue: null
2025-07-04 20:32:04,120 [INFO] Argument:325 - Argument : StreamIndexvalue: null
2025-07-04 20:32:04,120 [INFO] Argument:335 - Argument : StreamIndexvalue: null
2025-07-04 20:32:04,129 [INFO] Argument:325 - Argument : hdmavalue: null
2025-07-04 20:32:04,129 [INFO] Argument:327 - 	 sub Args: 
2025-07-04 20:32:04,129 [INFO] Argument:325 - Argument : Instancevalue: DMA1_Stream2
2025-07-04 20:32:04,129 [INFO] Argument:335 - Argument : Instancevalue: DMA1_Stream2
2025-07-04 20:32:04,129 [INFO] Argument:325 - Argument : Initvalue: null
2025-07-04 20:32:04,130 [INFO] Argument:327 - 	 sub Args: 
2025-07-04 20:32:04,130 [INFO] Argument:325 - Argument : Requestvalue: DMA_REQUEST_TIM16_UP
2025-07-04 20:32:04,130 [INFO] Argument:335 - Argument : Requestvalue: DMA_REQUEST_TIM16_UP
2025-07-04 20:32:04,130 [INFO] Argument:325 - Argument : Directionvalue: DMA_PERIPH_TO_MEMORY
2025-07-04 20:32:04,130 [INFO] Argument:335 - Argument : Directionvalue: DMA_PERIPH_TO_MEMORY
2025-07-04 20:32:04,130 [INFO] Argument:325 - Argument : PeriphIncvalue: DMA_PINC_DISABLE
2025-07-04 20:32:04,130 [INFO] Argument:335 - Argument : PeriphIncvalue: DMA_PINC_DISABLE
2025-07-04 20:32:04,130 [INFO] Argument:325 - Argument : MemIncvalue: DMA_MINC_ENABLE
2025-07-04 20:32:04,130 [INFO] Argument:335 - Argument : MemIncvalue: DMA_MINC_ENABLE
2025-07-04 20:32:04,130 [INFO] Argument:325 - Argument : PeriphDataAlignmentvalue: DMA_PDATAALIGN_HALFWORD
2025-07-04 20:32:04,130 [INFO] Argument:335 - Argument : PeriphDataAlignmentvalue: DMA_PDATAALIGN_HALFWORD
2025-07-04 20:32:04,130 [INFO] Argument:325 - Argument : MemDataAlignmentvalue: DMA_MDATAALIGN_HALFWORD
2025-07-04 20:32:04,130 [INFO] Argument:335 - Argument : MemDataAlignmentvalue: DMA_MDATAALIGN_HALFWORD
2025-07-04 20:32:04,130 [INFO] Argument:325 - Argument : Modevalue: DMA_NORMAL
2025-07-04 20:32:04,130 [INFO] Argument:335 - Argument : Modevalue: DMA_NORMAL
2025-07-04 20:32:04,130 [INFO] Argument:325 - Argument : Priorityvalue: DMA_PRIORITY_VERY_HIGH
2025-07-04 20:32:04,130 [INFO] Argument:335 - Argument : Priorityvalue: DMA_PRIORITY_VERY_HIGH
2025-07-04 20:32:04,130 [INFO] Argument:325 - Argument : FIFOModevalue: DMA_FIFOMODE_DISABLE
2025-07-04 20:32:04,130 [INFO] Argument:335 - Argument : FIFOModevalue: DMA_FIFOMODE_DISABLE
2025-07-04 20:32:04,130 [INFO] Argument:325 - Argument : FIFOThresholdvalue: null
2025-07-04 20:32:04,131 [INFO] Argument:335 - Argument : FIFOThresholdvalue: null
2025-07-04 20:32:04,131 [INFO] Argument:325 - Argument : MemBurstvalue: null
2025-07-04 20:32:04,131 [INFO] Argument:335 - Argument : MemBurstvalue: null
2025-07-04 20:32:04,131 [INFO] Argument:325 - Argument : PeriphBurstvalue: null
2025-07-04 20:32:04,131 [INFO] Argument:335 - Argument : PeriphBurstvalue: null
2025-07-04 20:32:04,131 [INFO] Argument:325 - Argument : Lockvalue: null
2025-07-04 20:32:04,131 [INFO] Argument:335 - Argument : Lockvalue: null
2025-07-04 20:32:04,131 [INFO] Argument:325 - Argument : Statevalue: null
2025-07-04 20:32:04,131 [INFO] Argument:335 - Argument : Statevalue: null
2025-07-04 20:32:04,131 [INFO] Argument:325 - Argument : Parentvalue: null
2025-07-04 20:32:04,131 [INFO] Argument:335 - Argument : Parentvalue: null
2025-07-04 20:32:04,131 [INFO] Argument:325 - Argument : XferCpltCallbackvalue: null
2025-07-04 20:32:04,131 [INFO] Argument:335 - Argument : XferCpltCallbackvalue: null
2025-07-04 20:32:04,131 [INFO] Argument:325 - Argument : XferHalfCpltCallbackvalue: null
2025-07-04 20:32:04,131 [INFO] Argument:335 - Argument : XferHalfCpltCallbackvalue: null
2025-07-04 20:32:04,131 [INFO] Argument:325 - Argument : XferM1CpltCallbackvalue: null
2025-07-04 20:32:04,131 [INFO] Argument:335 - Argument : XferM1CpltCallbackvalue: null
2025-07-04 20:32:04,131 [INFO] Argument:325 - Argument : XferM1HalfCpltCallbackvalue: null
2025-07-04 20:32:04,132 [INFO] Argument:335 - Argument : XferM1HalfCpltCallbackvalue: null
2025-07-04 20:32:04,132 [INFO] Argument:325 - Argument : XferErrorCallbackvalue: null
2025-07-04 20:32:04,132 [INFO] Argument:335 - Argument : XferErrorCallbackvalue: null
2025-07-04 20:32:04,132 [INFO] Argument:325 - Argument : XferAbortCallbackvalue: null
2025-07-04 20:32:04,132 [INFO] Argument:335 - Argument : XferAbortCallbackvalue: null
2025-07-04 20:32:04,132 [INFO] Argument:325 - Argument : ErrorCodevalue: null
2025-07-04 20:32:04,132 [INFO] Argument:335 - Argument : ErrorCodevalue: null
2025-07-04 20:32:04,132 [INFO] Argument:325 - Argument : StreamBaseAddressvalue: null
2025-07-04 20:32:04,132 [INFO] Argument:335 - Argument : StreamBaseAddressvalue: null
2025-07-04 20:32:04,132 [INFO] Argument:325 - Argument : StreamIndexvalue: null
2025-07-04 20:32:04,132 [INFO] Argument:335 - Argument : StreamIndexvalue: null
2025-07-04 20:32:04,299 [INFO] CodeEngine:263 - oldGeneratedFile, C:\Users\marcv\Desktop\X1-Thorn\1_Code\3_STM32\0_workspace\X1_Thorn_v3\MXTmpFiles\license.tmp_save
2025-07-04 20:32:04,449 [INFO] CodeEngine:287 - Generated code: C:\Users\marcv\Desktop\X1-Thorn\1_Code\3_STM32\0_workspace\X1_Thorn_v3\MXTmpFiles\license.tmp
2025-07-04 20:32:04,576 [INFO] CodeEngine:263 - oldGeneratedFile, C:\Users\marcv\Desktop\X1-Thorn\1_Code\3_STM32\0_workspace\X1_Thorn_v3\Core\Src\gpio.c_save
2025-07-04 20:32:04,682 [INFO] CodeEngine:287 - Generated code: C:\Users\marcv\Desktop\X1-Thorn\1_Code\3_STM32\0_workspace\X1_Thorn_v3\Core\Src\gpio.c
2025-07-04 20:32:04,692 [INFO] CodeEngine:263 - oldGeneratedFile, C:\Users\marcv\Desktop\X1-Thorn\1_Code\3_STM32\0_workspace\X1_Thorn_v3\Core\Inc\gpio.h_save
2025-07-04 20:32:04,797 [INFO] CodeEngine:287 - Generated code: C:\Users\marcv\Desktop\X1-Thorn\1_Code\3_STM32\0_workspace\X1_Thorn_v3\Core\Inc\gpio.h
2025-07-04 20:32:05,330 [WARN] IPConfigManager:103 - WARNING: Missing Config File for DEBUG ip!!
2025-07-04 20:32:05,949 [WARN] IPConfigManager:103 - WARNING: Missing Config File for MEMORYMAP ip!!
2025-07-04 20:32:08,056 [INFO] Middleware:1452 - No code input for Bsp Dependency
2025-07-04 20:32:08,067 [INFO] CodeEngine:263 - oldGeneratedFile, C:\Users\marcv\Desktop\X1-Thorn\1_Code\3_STM32\0_workspace\X1_Thorn_v3\MXTmpFiles\rtos_inc.tmp_save
2025-07-04 20:32:08,160 [INFO] CodeEngine:287 - Generated code: C:\Users\marcv\Desktop\X1-Thorn\1_Code\3_STM32\0_workspace\X1_Thorn_v3\MXTmpFiles\rtos_inc.tmp
2025-07-04 20:32:08,165 [INFO] CodeEngine:263 - oldGeneratedFile, C:\Users\marcv\Desktop\X1-Thorn\1_Code\3_STM32\0_workspace\X1_Thorn_v3\MXTmpFiles\rtos_kernelInit.tmp_save
2025-07-04 20:32:08,226 [INFO] CodeEngine:287 - Generated code: C:\Users\marcv\Desktop\X1-Thorn\1_Code\3_STM32\0_workspace\X1_Thorn_v3\MXTmpFiles\rtos_kernelInit.tmp
2025-07-04 20:32:08,232 [INFO] CodeEngine:263 - oldGeneratedFile, C:\Users\marcv\Desktop\X1-Thorn\1_Code\3_STM32\0_workspace\X1_Thorn_v3\MXTmpFiles\rtos_kernelStart.tmp_save
2025-07-04 20:32:08,290 [INFO] CodeEngine:287 - Generated code: C:\Users\marcv\Desktop\X1-Thorn\1_Code\3_STM32\0_workspace\X1_Thorn_v3\MXTmpFiles\rtos_kernelStart.tmp
2025-07-04 20:32:08,295 [INFO] CodeEngine:263 - oldGeneratedFile, C:\Users\marcv\Desktop\X1-Thorn\1_Code\3_STM32\0_workspace\X1_Thorn_v3\MXTmpFiles\rtos_typedefs.tmp_save
2025-07-04 20:32:08,357 [INFO] CodeEngine:287 - Generated code: C:\Users\marcv\Desktop\X1-Thorn\1_Code\3_STM32\0_workspace\X1_Thorn_v3\MXTmpFiles\rtos_typedefs.tmp
2025-07-04 20:32:08,363 [INFO] CodeEngine:263 - oldGeneratedFile, C:\Users\marcv\Desktop\X1-Thorn\1_Code\3_STM32\0_workspace\X1_Thorn_v3\MXTmpFiles\rtos_vars.tmp_save
2025-07-04 20:32:08,470 [INFO] CodeEngine:287 - Generated code: C:\Users\marcv\Desktop\X1-Thorn\1_Code\3_STM32\0_workspace\X1_Thorn_v3\MXTmpFiles\rtos_vars.tmp
2025-07-04 20:32:08,476 [INFO] CodeEngine:263 - oldGeneratedFile, C:\Users\marcv\Desktop\X1-Thorn\1_Code\3_STM32\0_workspace\X1_Thorn_v3\MXTmpFiles\rtos_pfp.tmp_save
2025-07-04 20:32:08,529 [INFO] CodeEngine:287 - Generated code: C:\Users\marcv\Desktop\X1-Thorn\1_Code\3_STM32\0_workspace\X1_Thorn_v3\MXTmpFiles\rtos_pfp.tmp
2025-07-04 20:32:08,534 [INFO] CodeEngine:263 - oldGeneratedFile, C:\Users\marcv\Desktop\X1-Thorn\1_Code\3_STM32\0_workspace\X1_Thorn_v3\MXTmpFiles\rtos_obj_creat.tmp_save
2025-07-04 20:32:08,599 [INFO] CodeEngine:287 - Generated code: C:\Users\marcv\Desktop\X1-Thorn\1_Code\3_STM32\0_workspace\X1_Thorn_v3\MXTmpFiles\rtos_obj_creat.tmp
2025-07-04 20:32:08,604 [INFO] CodeEngine:263 - oldGeneratedFile, C:\Users\marcv\Desktop\X1-Thorn\1_Code\3_STM32\0_workspace\X1_Thorn_v3\MXTmpFiles\rtos_default_thread.tmp_save
2025-07-04 20:32:08,665 [INFO] CodeEngine:287 - Generated code: C:\Users\marcv\Desktop\X1-Thorn\1_Code\3_STM32\0_workspace\X1_Thorn_v3\MXTmpFiles\rtos_default_thread.tmp
2025-07-04 20:32:08,671 [INFO] CodeEngine:263 - oldGeneratedFile, C:\Users\marcv\Desktop\X1-Thorn\1_Code\3_STM32\0_workspace\X1_Thorn_v3\MXTmpFiles\rtos_threads.tmp_save
2025-07-04 20:32:08,723 [INFO] CodeEngine:287 - Generated code: C:\Users\marcv\Desktop\X1-Thorn\1_Code\3_STM32\0_workspace\X1_Thorn_v3\MXTmpFiles\rtos_threads.tmp
2025-07-04 20:32:08,734 [INFO] Middleware:1452 - No code input for Bsp Dependency
2025-07-04 20:32:08,742 [INFO] CodeEngine:263 - oldGeneratedFile, C:\Users\marcv\Desktop\X1-Thorn\1_Code\3_STM32\0_workspace\X1_Thorn_v3\MXTmpFiles\fatfs_HalInit.tmp_save
2025-07-04 20:32:08,814 [INFO] CodeEngine:287 - Generated code: C:\Users\marcv\Desktop\X1-Thorn\1_Code\3_STM32\0_workspace\X1_Thorn_v3\MXTmpFiles\fatfs_HalInit.tmp
2025-07-04 20:32:08,819 [INFO] CodeEngine:263 - oldGeneratedFile, C:\Users\marcv\Desktop\X1-Thorn\1_Code\3_STM32\0_workspace\X1_Thorn_v3\MXTmpFiles\fatfs_vars.tmp_save
2025-07-04 20:32:08,873 [INFO] CodeEngine:287 - Generated code: C:\Users\marcv\Desktop\X1-Thorn\1_Code\3_STM32\0_workspace\X1_Thorn_v3\MXTmpFiles\fatfs_vars.tmp
2025-07-04 20:32:08,879 [INFO] CodeEngine:263 - oldGeneratedFile, C:\Users\marcv\Desktop\X1-Thorn\1_Code\3_STM32\0_workspace\X1_Thorn_v3\MXTmpFiles\fatfs_ext_vars.tmp_save
2025-07-04 20:32:08,933 [INFO] CodeEngine:287 - Generated code: C:\Users\marcv\Desktop\X1-Thorn\1_Code\3_STM32\0_workspace\X1_Thorn_v3\MXTmpFiles\fatfs_ext_vars.tmp
2025-07-04 20:32:08,938 [INFO] CodeEngine:263 - oldGeneratedFile, C:\Users\marcv\Desktop\X1-Thorn\1_Code\3_STM32\0_workspace\X1_Thorn_v3\MXTmpFiles\fatfs_inc.tmp_save
2025-07-04 20:32:08,995 [INFO] CodeEngine:287 - Generated code: C:\Users\marcv\Desktop\X1-Thorn\1_Code\3_STM32\0_workspace\X1_Thorn_v3\MXTmpFiles\fatfs_inc.tmp
2025-07-04 20:32:09,037 [INFO] Middleware:1452 - No code input for Bsp Dependency
2025-07-04 20:32:09,049 [INFO] CodeEngine:263 - oldGeneratedFile, C:\Users\marcv\Desktop\X1-Thorn\1_Code\3_STM32\0_workspace\X1_Thorn_v3\MXTmpFiles\rtos_inc.tmp_save
2025-07-04 20:32:09,121 [INFO] CodeEngine:287 - Generated code: C:\Users\marcv\Desktop\X1-Thorn\1_Code\3_STM32\0_workspace\X1_Thorn_v3\MXTmpFiles\rtos_inc.tmp
2025-07-04 20:32:09,128 [INFO] CodeEngine:263 - oldGeneratedFile, C:\Users\marcv\Desktop\X1-Thorn\1_Code\3_STM32\0_workspace\X1_Thorn_v3\MXTmpFiles\rtos_kernelInit.tmp_save
2025-07-04 20:32:09,183 [INFO] CodeEngine:287 - Generated code: C:\Users\marcv\Desktop\X1-Thorn\1_Code\3_STM32\0_workspace\X1_Thorn_v3\MXTmpFiles\rtos_kernelInit.tmp
2025-07-04 20:32:09,191 [INFO] CodeEngine:263 - oldGeneratedFile, C:\Users\marcv\Desktop\X1-Thorn\1_Code\3_STM32\0_workspace\X1_Thorn_v3\MXTmpFiles\rtos_kernelStart.tmp_save
2025-07-04 20:32:09,243 [INFO] CodeEngine:287 - Generated code: C:\Users\marcv\Desktop\X1-Thorn\1_Code\3_STM32\0_workspace\X1_Thorn_v3\MXTmpFiles\rtos_kernelStart.tmp
2025-07-04 20:32:09,250 [INFO] CodeEngine:263 - oldGeneratedFile, C:\Users\marcv\Desktop\X1-Thorn\1_Code\3_STM32\0_workspace\X1_Thorn_v3\MXTmpFiles\rtos_typedefs.tmp_save
2025-07-04 20:32:09,309 [INFO] CodeEngine:287 - Generated code: C:\Users\marcv\Desktop\X1-Thorn\1_Code\3_STM32\0_workspace\X1_Thorn_v3\MXTmpFiles\rtos_typedefs.tmp
2025-07-04 20:32:09,324 [INFO] CodeEngine:263 - oldGeneratedFile, C:\Users\marcv\Desktop\X1-Thorn\1_Code\3_STM32\0_workspace\X1_Thorn_v3\MXTmpFiles\rtos_vars.tmp_save
2025-07-04 20:32:09,386 [INFO] CodeEngine:287 - Generated code: C:\Users\marcv\Desktop\X1-Thorn\1_Code\3_STM32\0_workspace\X1_Thorn_v3\MXTmpFiles\rtos_vars.tmp
2025-07-04 20:32:09,393 [INFO] CodeEngine:263 - oldGeneratedFile, C:\Users\marcv\Desktop\X1-Thorn\1_Code\3_STM32\0_workspace\X1_Thorn_v3\MXTmpFiles\rtos_pfp.tmp_save
2025-07-04 20:32:09,452 [INFO] CodeEngine:287 - Generated code: C:\Users\marcv\Desktop\X1-Thorn\1_Code\3_STM32\0_workspace\X1_Thorn_v3\MXTmpFiles\rtos_pfp.tmp
2025-07-04 20:32:09,470 [INFO] CodeEngine:263 - oldGeneratedFile, C:\Users\marcv\Desktop\X1-Thorn\1_Code\3_STM32\0_workspace\X1_Thorn_v3\MXTmpFiles\rtos_obj_creat.tmp_save
2025-07-04 20:32:09,539 [INFO] CodeEngine:287 - Generated code: C:\Users\marcv\Desktop\X1-Thorn\1_Code\3_STM32\0_workspace\X1_Thorn_v3\MXTmpFiles\rtos_obj_creat.tmp
2025-07-04 20:32:09,547 [INFO] CodeEngine:263 - oldGeneratedFile, C:\Users\marcv\Desktop\X1-Thorn\1_Code\3_STM32\0_workspace\X1_Thorn_v3\MXTmpFiles\rtos_default_thread.tmp_save
2025-07-04 20:32:09,616 [INFO] CodeEngine:287 - Generated code: C:\Users\marcv\Desktop\X1-Thorn\1_Code\3_STM32\0_workspace\X1_Thorn_v3\MXTmpFiles\rtos_default_thread.tmp
2025-07-04 20:32:09,625 [INFO] CodeEngine:263 - oldGeneratedFile, C:\Users\marcv\Desktop\X1-Thorn\1_Code\3_STM32\0_workspace\X1_Thorn_v3\MXTmpFiles\rtos_threads.tmp_save
2025-07-04 20:32:09,696 [INFO] CodeEngine:287 - Generated code: C:\Users\marcv\Desktop\X1-Thorn\1_Code\3_STM32\0_workspace\X1_Thorn_v3\MXTmpFiles\rtos_threads.tmp
2025-07-04 20:32:09,716 [INFO] CodeEngine:263 - oldGeneratedFile, C:\Users\marcv\Desktop\X1-Thorn\1_Code\3_STM32\0_workspace\X1_Thorn_v3\Core\Inc\FreeRTOSConfig.h_save
2025-07-04 20:32:09,800 [INFO] CodeEngine:287 - Generated code: C:\Users\marcv\Desktop\X1-Thorn\1_Code\3_STM32\0_workspace\X1_Thorn_v3\Core\Inc\FreeRTOSConfig.h
2025-07-04 20:32:09,822 [INFO] CodeEngine:263 - oldGeneratedFile, C:\Users\marcv\Desktop\X1-Thorn\1_Code\3_STM32\0_workspace\X1_Thorn_v3\Core\Src\freertos.c_save
2025-07-04 20:32:09,916 [INFO] CodeEngine:287 - Generated code: C:\Users\marcv\Desktop\X1-Thorn\1_Code\3_STM32\0_workspace\X1_Thorn_v3\Core\Src\freertos.c
2025-07-04 20:32:09,942 [INFO] CodeEngine:263 - oldGeneratedFile, C:\Users\marcv\Desktop\X1-Thorn\1_Code\3_STM32\0_workspace\X1_Thorn_v3\Core\Src\adc.c_save
2025-07-04 20:32:10,039 [INFO] CodeEngine:287 - Generated code: C:\Users\marcv\Desktop\X1-Thorn\1_Code\3_STM32\0_workspace\X1_Thorn_v3\Core\Src\adc.c
2025-07-04 20:32:10,048 [INFO] CodeEngine:263 - oldGeneratedFile, C:\Users\marcv\Desktop\X1-Thorn\1_Code\3_STM32\0_workspace\X1_Thorn_v3\Core\Inc\adc.h_save
2025-07-04 20:32:10,109 [INFO] CodeEngine:287 - Generated code: C:\Users\marcv\Desktop\X1-Thorn\1_Code\3_STM32\0_workspace\X1_Thorn_v3\Core\Inc\adc.h
2025-07-04 20:32:10,120 [INFO] CodeEngine:263 - oldGeneratedFile, C:\Users\marcv\Desktop\X1-Thorn\1_Code\3_STM32\0_workspace\X1_Thorn_v3\MXTmpFiles\cortex.tmp_save
2025-07-04 20:32:10,193 [INFO] CodeEngine:287 - Generated code: C:\Users\marcv\Desktop\X1-Thorn\1_Code\3_STM32\0_workspace\X1_Thorn_v3\MXTmpFiles\cortex.tmp
2025-07-04 20:32:10,317 [INFO] CodeEngine:263 - oldGeneratedFile, C:\Users\marcv\Desktop\X1-Thorn\1_Code\3_STM32\0_workspace\X1_Thorn_v3\Core\Src\dma.c_save
2025-07-04 20:32:10,396 [INFO] CodeEngine:287 - Generated code: C:\Users\marcv\Desktop\X1-Thorn\1_Code\3_STM32\0_workspace\X1_Thorn_v3\Core\Src\dma.c
2025-07-04 20:32:10,403 [INFO] CodeEngine:263 - oldGeneratedFile, C:\Users\marcv\Desktop\X1-Thorn\1_Code\3_STM32\0_workspace\X1_Thorn_v3\Core\Inc\dma.h_save
2025-07-04 20:32:10,458 [INFO] CodeEngine:287 - Generated code: C:\Users\marcv\Desktop\X1-Thorn\1_Code\3_STM32\0_workspace\X1_Thorn_v3\Core\Inc\dma.h
2025-07-04 20:32:10,467 [INFO] Middleware:1452 - No code input for Bsp Dependency
2025-07-04 20:32:10,479 [INFO] CodeEngine:263 - oldGeneratedFile, C:\Users\marcv\Desktop\X1-Thorn\1_Code\3_STM32\0_workspace\X1_Thorn_v3\MXTmpFiles\fatfs_HalInit.tmp_save
2025-07-04 20:32:10,560 [INFO] CodeEngine:287 - Generated code: C:\Users\marcv\Desktop\X1-Thorn\1_Code\3_STM32\0_workspace\X1_Thorn_v3\MXTmpFiles\fatfs_HalInit.tmp
2025-07-04 20:32:10,567 [INFO] CodeEngine:263 - oldGeneratedFile, C:\Users\marcv\Desktop\X1-Thorn\1_Code\3_STM32\0_workspace\X1_Thorn_v3\MXTmpFiles\fatfs_vars.tmp_save
2025-07-04 20:32:10,628 [INFO] CodeEngine:287 - Generated code: C:\Users\marcv\Desktop\X1-Thorn\1_Code\3_STM32\0_workspace\X1_Thorn_v3\MXTmpFiles\fatfs_vars.tmp
2025-07-04 20:32:10,637 [INFO] CodeEngine:263 - oldGeneratedFile, C:\Users\marcv\Desktop\X1-Thorn\1_Code\3_STM32\0_workspace\X1_Thorn_v3\MXTmpFiles\fatfs_ext_vars.tmp_save
2025-07-04 20:32:10,700 [INFO] CodeEngine:287 - Generated code: C:\Users\marcv\Desktop\X1-Thorn\1_Code\3_STM32\0_workspace\X1_Thorn_v3\MXTmpFiles\fatfs_ext_vars.tmp
2025-07-04 20:32:10,708 [INFO] CodeEngine:263 - oldGeneratedFile, C:\Users\marcv\Desktop\X1-Thorn\1_Code\3_STM32\0_workspace\X1_Thorn_v3\MXTmpFiles\fatfs_inc.tmp_save
2025-07-04 20:32:10,764 [INFO] CodeEngine:287 - Generated code: C:\Users\marcv\Desktop\X1-Thorn\1_Code\3_STM32\0_workspace\X1_Thorn_v3\MXTmpFiles\fatfs_inc.tmp
2025-07-04 20:32:10,781 [INFO] CodeEngine:263 - oldGeneratedFile, C:\Users\marcv\Desktop\X1-Thorn\1_Code\3_STM32\0_workspace\X1_Thorn_v3\FATFS\Target\ffconf.h_save
2025-07-04 20:32:10,892 [INFO] CodeEngine:287 - Generated code: C:\Users\marcv\Desktop\X1-Thorn\1_Code\3_STM32\0_workspace\X1_Thorn_v3\FATFS\Target\ffconf.h
2025-07-04 20:32:10,899 [INFO] CodeEngine:263 - oldGeneratedFile, C:\Users\marcv\Desktop\X1-Thorn\1_Code\3_STM32\0_workspace\X1_Thorn_v3\FATFS\Target\user_diskio.c_save
2025-07-04 20:32:10,972 [INFO] CodeEngine:287 - Generated code: C:\Users\marcv\Desktop\X1-Thorn\1_Code\3_STM32\0_workspace\X1_Thorn_v3\FATFS\Target\user_diskio.c
2025-07-04 20:32:10,979 [INFO] CodeEngine:263 - oldGeneratedFile, C:\Users\marcv\Desktop\X1-Thorn\1_Code\3_STM32\0_workspace\X1_Thorn_v3\FATFS\Target\user_diskio.h_save
2025-07-04 20:32:11,036 [INFO] CodeEngine:287 - Generated code: C:\Users\marcv\Desktop\X1-Thorn\1_Code\3_STM32\0_workspace\X1_Thorn_v3\FATFS\Target\user_diskio.h
2025-07-04 20:32:11,044 [INFO] CodeEngine:263 - oldGeneratedFile, C:\Users\marcv\Desktop\X1-Thorn\1_Code\3_STM32\0_workspace\X1_Thorn_v3\FATFS\App\fatfs.c_save
2025-07-04 20:32:11,105 [INFO] CodeEngine:287 - Generated code: C:\Users\marcv\Desktop\X1-Thorn\1_Code\3_STM32\0_workspace\X1_Thorn_v3\FATFS\App\fatfs.c
2025-07-04 20:32:11,113 [INFO] CodeEngine:263 - oldGeneratedFile, C:\Users\marcv\Desktop\X1-Thorn\1_Code\3_STM32\0_workspace\X1_Thorn_v3\FATFS\App\fatfs.h_save
2025-07-04 20:32:11,172 [INFO] CodeEngine:287 - Generated code: C:\Users\marcv\Desktop\X1-Thorn\1_Code\3_STM32\0_workspace\X1_Thorn_v3\FATFS\App\fatfs.h
2025-07-04 20:32:11,199 [INFO] CodeEngine:263 - oldGeneratedFile, C:\Users\marcv\Desktop\X1-Thorn\1_Code\3_STM32\0_workspace\X1_Thorn_v3\Core\Src\i2c.c_save
2025-07-04 20:32:11,287 [INFO] CodeEngine:287 - Generated code: C:\Users\marcv\Desktop\X1-Thorn\1_Code\3_STM32\0_workspace\X1_Thorn_v3\Core\Src\i2c.c
2025-07-04 20:32:11,294 [INFO] CodeEngine:263 - oldGeneratedFile, C:\Users\marcv\Desktop\X1-Thorn\1_Code\3_STM32\0_workspace\X1_Thorn_v3\Core\Inc\i2c.h_save
2025-07-04 20:32:11,353 [INFO] CodeEngine:287 - Generated code: C:\Users\marcv\Desktop\X1-Thorn\1_Code\3_STM32\0_workspace\X1_Thorn_v3\Core\Inc\i2c.h
2025-07-04 20:32:11,388 [INFO] CodeEngine:263 - oldGeneratedFile, C:\Users\marcv\Desktop\X1-Thorn\1_Code\3_STM32\0_workspace\X1_Thorn_v3\Core\Src\memorymap.c_save
2025-07-04 20:32:11,467 [INFO] CodeEngine:287 - Generated code: C:\Users\marcv\Desktop\X1-Thorn\1_Code\3_STM32\0_workspace\X1_Thorn_v3\Core\Src\memorymap.c
2025-07-04 20:32:11,474 [INFO] CodeEngine:263 - oldGeneratedFile, C:\Users\marcv\Desktop\X1-Thorn\1_Code\3_STM32\0_workspace\X1_Thorn_v3\Core\Inc\memorymap.h_save
2025-07-04 20:32:11,536 [INFO] CodeEngine:287 - Generated code: C:\Users\marcv\Desktop\X1-Thorn\1_Code\3_STM32\0_workspace\X1_Thorn_v3\Core\Inc\memorymap.h
2025-07-04 20:32:11,567 [INFO] CodeEngine:263 - oldGeneratedFile, C:\Users\marcv\Desktop\X1-Thorn\1_Code\3_STM32\0_workspace\X1_Thorn_v3\Core\Src\sdmmc.c_save
2025-07-04 20:32:11,678 [INFO] CodeEngine:287 - Generated code: C:\Users\marcv\Desktop\X1-Thorn\1_Code\3_STM32\0_workspace\X1_Thorn_v3\Core\Src\sdmmc.c
2025-07-04 20:32:11,685 [INFO] CodeEngine:263 - oldGeneratedFile, C:\Users\marcv\Desktop\X1-Thorn\1_Code\3_STM32\0_workspace\X1_Thorn_v3\Core\Inc\sdmmc.h_save
2025-07-04 20:32:11,741 [INFO] CodeEngine:287 - Generated code: C:\Users\marcv\Desktop\X1-Thorn\1_Code\3_STM32\0_workspace\X1_Thorn_v3\Core\Inc\sdmmc.h
2025-07-04 20:32:11,767 [INFO] CodeEngine:263 - oldGeneratedFile, C:\Users\marcv\Desktop\X1-Thorn\1_Code\3_STM32\0_workspace\X1_Thorn_v3\Core\Src\spi.c_save
2025-07-04 20:32:11,848 [INFO] CodeEngine:287 - Generated code: C:\Users\marcv\Desktop\X1-Thorn\1_Code\3_STM32\0_workspace\X1_Thorn_v3\Core\Src\spi.c
2025-07-04 20:32:11,856 [INFO] CodeEngine:263 - oldGeneratedFile, C:\Users\marcv\Desktop\X1-Thorn\1_Code\3_STM32\0_workspace\X1_Thorn_v3\Core\Inc\spi.h_save
2025-07-04 20:32:11,913 [INFO] CodeEngine:287 - Generated code: C:\Users\marcv\Desktop\X1-Thorn\1_Code\3_STM32\0_workspace\X1_Thorn_v3\Core\Inc\spi.h
2025-07-04 20:32:11,938 [INFO] CodeEngine:263 - oldGeneratedFile, C:\Users\marcv\Desktop\X1-Thorn\1_Code\3_STM32\0_workspace\X1_Thorn_v3\Core\Src\tim.c_save
2025-07-04 20:32:12,060 [INFO] CodeEngine:287 - Generated code: C:\Users\marcv\Desktop\X1-Thorn\1_Code\3_STM32\0_workspace\X1_Thorn_v3\Core\Src\tim.c
2025-07-04 20:32:12,068 [INFO] CodeEngine:263 - oldGeneratedFile, C:\Users\marcv\Desktop\X1-Thorn\1_Code\3_STM32\0_workspace\X1_Thorn_v3\Core\Inc\tim.h_save
2025-07-04 20:32:12,134 [INFO] CodeEngine:287 - Generated code: C:\Users\marcv\Desktop\X1-Thorn\1_Code\3_STM32\0_workspace\X1_Thorn_v3\Core\Inc\tim.h
2025-07-04 20:32:12,158 [INFO] CodeEngine:263 - oldGeneratedFile, C:\Users\marcv\Desktop\X1-Thorn\1_Code\3_STM32\0_workspace\X1_Thorn_v3\Core\Src\usart.c_save
2025-07-04 20:32:12,240 [INFO] CodeEngine:287 - Generated code: C:\Users\marcv\Desktop\X1-Thorn\1_Code\3_STM32\0_workspace\X1_Thorn_v3\Core\Src\usart.c
2025-07-04 20:32:12,247 [INFO] CodeEngine:263 - oldGeneratedFile, C:\Users\marcv\Desktop\X1-Thorn\1_Code\3_STM32\0_workspace\X1_Thorn_v3\Core\Inc\usart.h_save
2025-07-04 20:32:12,302 [INFO] CodeEngine:287 - Generated code: C:\Users\marcv\Desktop\X1-Thorn\1_Code\3_STM32\0_workspace\X1_Thorn_v3\Core\Inc\usart.h
2025-07-04 20:32:12,345 [INFO] CodeEngine:263 - oldGeneratedFile, C:\Users\marcv\Desktop\X1-Thorn\1_Code\3_STM32\0_workspace\X1_Thorn_v3\Core\Src\stm32h7xx_it.c_save
2025-07-04 20:32:12,448 [INFO] CodeEngine:287 - Generated code: C:\Users\marcv\Desktop\X1-Thorn\1_Code\3_STM32\0_workspace\X1_Thorn_v3\Core\Src\stm32h7xx_it.c
2025-07-04 20:32:12,455 [INFO] CodeEngine:263 - oldGeneratedFile, C:\Users\marcv\Desktop\X1-Thorn\1_Code\3_STM32\0_workspace\X1_Thorn_v3\Core\Inc\stm32h7xx_it.h_save
2025-07-04 20:32:12,512 [INFO] CodeEngine:287 - Generated code: C:\Users\marcv\Desktop\X1-Thorn\1_Code\3_STM32\0_workspace\X1_Thorn_v3\Core\Inc\stm32h7xx_it.h
2025-07-04 20:32:12,640 [INFO] CodeEngine:263 - oldGeneratedFile, C:\Users\marcv\Desktop\X1-Thorn\1_Code\3_STM32\0_workspace\X1_Thorn_v3\Core\Src\stm32h7xx_hal_msp.c_save
2025-07-04 20:32:12,718 [INFO] CodeEngine:287 - Generated code: C:\Users\marcv\Desktop\X1-Thorn\1_Code\3_STM32\0_workspace\X1_Thorn_v3\Core\Src\stm32h7xx_hal_msp.c
2025-07-04 20:32:12,724 [INFO] CodeEngine:263 - oldGeneratedFile, C:\Users\marcv\Desktop\X1-Thorn\1_Code\3_STM32\0_workspace\X1_Thorn_v3\MXTmpFiles\system.tmp_save
2025-07-04 20:32:12,787 [INFO] CodeEngine:287 - Generated code: C:\Users\marcv\Desktop\X1-Thorn\1_Code\3_STM32\0_workspace\X1_Thorn_v3\MXTmpFiles\system.tmp
2025-07-04 20:32:12,805 [INFO] CodeEngine:263 - oldGeneratedFile, C:\Users\marcv\Desktop\X1-Thorn\1_Code\3_STM32\0_workspace\X1_Thorn_v3\Core\Src\stm32h7xx_hal_timebase_tim.c_save
2025-07-04 20:32:12,869 [INFO] CodeEngine:287 - Generated code: C:\Users\marcv\Desktop\X1-Thorn\1_Code\3_STM32\0_workspace\X1_Thorn_v3\Core\Src\stm32h7xx_hal_timebase_tim.c
2025-07-04 20:32:12,896 [INFO] CodeEngine:319 - oldGeneratedFile, C:\Users\marcv\Desktop\X1-Thorn\1_Code\3_STM32\0_workspace\X1_Thorn_v3\Core\Inc\stm32h7xx_hal_conf.h_save
2025-07-04 20:32:12,993 [INFO] CodeEngine:343 - Generated code: C:\Users\marcv\Desktop\X1-Thorn\1_Code\3_STM32\0_workspace\X1_Thorn_v3\Core\Inc\stm32h7xx_hal_conf.h
2025-07-04 20:32:13,053 [ERROR] ApiDbMcu:464 - Can't load MEMORYMAP-STM32xx root dir null
2025-07-04 20:32:13,053 [ERROR] ApiDbMcu:536 - Cannot parse MEMORYMAP_Config file : file do not exist
2025-07-04 20:32:13,087 [INFO] CodeEngine:263 - oldGeneratedFile, C:\Users\marcv\Desktop\X1-Thorn\1_Code\3_STM32\0_workspace\X1_Thorn_v3\Core\Inc\main.h_save
2025-07-04 20:32:13,177 [INFO] CodeEngine:287 - Generated code: C:\Users\marcv\Desktop\X1-Thorn\1_Code\3_STM32\0_workspace\X1_Thorn_v3\Core\Inc\main.h
2025-07-04 20:32:13,194 [INFO] CodeEngine:263 - oldGeneratedFile, C:\Users\marcv\Desktop\X1-Thorn\1_Code\3_STM32\0_workspace\X1_Thorn_v3\Core\Src\main.c_save
2025-07-04 20:32:13,315 [INFO] CodeEngine:287 - Generated code: C:\Users\marcv\Desktop\X1-Thorn\1_Code\3_STM32\0_workspace\X1_Thorn_v3\Core\Src\main.c
2025-07-04 20:32:14,000 [INFO] ProjectBuilder:3324 - Time for Copy HAL[1] : 444mS.
2025-07-04 20:32:14,017 [INFO] ProjectBuilder:4912 - Project Generator version: 4.6.0-B36
2025-07-04 20:32:14,128 [INFO] ConfigFileManager:1590 - The Die is : DIE450
2025-07-04 20:32:16,183 [INFO] ProjectBuilder:5191 - Time for Generating toolchain IDE Files: 2166mS.
2025-07-04 20:32:16,184 [INFO] ProjectBuilder:3181 - Time for Copy CMSIS : 1mS.
2025-07-04 20:32:16,210 [INFO] ProjectBuilder:3181 - Time for Copy CMSIS : 0mS.
2025-07-04 20:32:31,683 [INFO] I2cTimingTraitement:330 - 0x307075B1
2025-07-04 20:32:54,193 [INFO] UtilMem:75 - End SaveConfig() Used Memory: 698773688 Bytes (1073741824)
2025-07-04 20:32:55,175 [INFO] UtilMem:75 - End SaveConfig() Used Memory: 751714432 Bytes (1073741824)
2025-07-04 20:32:55,708 [INFO] UtilMem:75 - End SaveConfig() Used Memory: 799939032 Bytes (1073741824)
2025-07-04 20:32:55,862 [INFO] ProjectBuilder:2382 - IP not ready for code generation: FATFS
2025-07-04 20:33:30,273 [INFO] BspModel:204 - createCodeInput : Detect_SDIO Template : 2 IPName : GPIO IPMode : Input Component :  Solution : PC13 InstanceName : 
2025-07-04 20:33:35,398 [INFO] BspModel:204 - createCodeInput : Detect_SDIO Template : 2 IPName : GPIO IPMode : Input Component :  Solution : PC13 InstanceName : 
2025-07-04 20:33:48,559 [INFO] UtilMem:75 - End SaveConfig() Used Memory: 953473888 Bytes (1073741824)
2025-07-04 20:33:50,399 [INFO] UtilMem:75 - End SaveConfig() Used Memory: 678402136 Bytes (1073741824)
2025-07-04 20:33:50,961 [INFO] UtilMem:75 - End SaveConfig() Used Memory: 695228840 Bytes (1073741824)
2025-07-04 20:33:51,235 [INFO] BlockDiagram:2775 - set Specific Code input for plugin: SPI
2025-07-04 20:33:51,235 [INFO] BlockDiagram:2775 - set Specific Code input for plugin: FREERTOS
2025-07-04 20:33:51,235 [INFO] BlockDiagram:2775 - set Specific Code input for plugin: RCC
2025-07-04 20:33:51,235 [INFO] BlockDiagram:2775 - set Specific Code input for plugin: I2C
2025-07-04 20:33:51,235 [INFO] BlockDiagram:2775 - set Specific Code input for plugin: SDMMC
2025-07-04 20:33:51,235 [INFO] BlockDiagram:2775 - set Specific Code input for plugin: TIM1_8H7
2025-07-04 20:33:51,235 [INFO] BlockDiagram:2775 - set Specific Code input for plugin: TIM1_8H7
2025-07-04 20:33:51,235 [INFO] BlockDiagram:2775 - set Specific Code input for plugin: TIM1_8H7
2025-07-04 20:33:51,235 [INFO] BlockDiagram:2775 - set Specific Code input for plugin: FATFS
2025-07-04 20:33:51,235 [INFO] BlockDiagram:2775 - set Specific Code input for plugin: MEMORYMAP
2025-07-04 20:33:51,235 [INFO] BlockDiagram:2775 - set Specific Code input for plugin: TIM1_8H7
2025-07-04 20:33:51,236 [INFO] BlockDiagram:2775 - set Specific Code input for plugin: TIM1_8H7
2025-07-04 20:33:51,236 [INFO] BlockDiagram:2775 - set Specific Code input for plugin: TIM1_8H7
2025-07-04 20:33:51,236 [INFO] BlockDiagram:2775 - set Specific Code input for plugin: TIM1_8H7
2025-07-04 20:33:51,236 [INFO] BlockDiagram:2775 - set Specific Code input for plugin: ADC
2025-07-04 20:33:51,236 [INFO] BlockDiagram:2775 - set Specific Code input for plugin: SYS
2025-07-04 20:33:51,236 [INFO] BlockDiagram:2775 - set Specific Code input for plugin: ADC
2025-07-04 20:33:51,236 [INFO] BlockDiagram:2775 - set Specific Code input for plugin: NVIC
2025-07-04 20:33:51,236 [INFO] BlockDiagram:2775 - set Specific Code input for plugin: DMA
2025-07-04 20:33:51,236 [INFO] BlockDiagram:2775 - set Specific Code input for plugin: VREFBUF
2025-07-04 20:33:51,236 [INFO] BlockDiagram:2775 - set Specific Code input for plugin: UART
2025-07-04 20:33:51,236 [INFO] BlockDiagram:2775 - set Specific Code input for plugin: UART
2025-07-04 20:33:51,236 [INFO] BlockDiagram:2775 - set Specific Code input for plugin: DEBUG
2025-07-04 20:33:51,237 [INFO] BlockDiagram:2775 - set Specific Code input for plugin: GPIO
2025-07-04 20:33:51,238 [INFO] CodeGenerator:882 - code generatio: config db path: C:\ST\STM32CubeIDE_1.18.0\STM32CubeIDE\plugins\com.st.stm32cube.common.mx_6.14.0.202502271554\\db\
2025-07-04 20:33:51,357 [INFO] Argument:325 - Argument : hdmavalue: null
2025-07-04 20:33:51,357 [INFO] Argument:327 - 	 sub Args: 
2025-07-04 20:33:51,357 [INFO] Argument:325 - Argument : Instancevalue: DMA1_Stream0
2025-07-04 20:33:51,357 [INFO] Argument:335 - Argument : Instancevalue: DMA1_Stream0
2025-07-04 20:33:51,357 [INFO] Argument:325 - Argument : Initvalue: null
2025-07-04 20:33:51,357 [INFO] Argument:327 - 	 sub Args: 
2025-07-04 20:33:51,357 [INFO] Argument:325 - Argument : Requestvalue: DMA_REQUEST_TIM3_CH1
2025-07-04 20:33:51,357 [INFO] Argument:335 - Argument : Requestvalue: DMA_REQUEST_TIM3_CH1
2025-07-04 20:33:51,357 [INFO] Argument:325 - Argument : Directionvalue: DMA_MEMORY_TO_PERIPH
2025-07-04 20:33:51,357 [INFO] Argument:335 - Argument : Directionvalue: DMA_MEMORY_TO_PERIPH
2025-07-04 20:33:51,357 [INFO] Argument:325 - Argument : PeriphIncvalue: DMA_PINC_DISABLE
2025-07-04 20:33:51,357 [INFO] Argument:335 - Argument : PeriphIncvalue: DMA_PINC_DISABLE
2025-07-04 20:33:51,357 [INFO] Argument:325 - Argument : MemIncvalue: DMA_MINC_ENABLE
2025-07-04 20:33:51,357 [INFO] Argument:335 - Argument : MemIncvalue: DMA_MINC_ENABLE
2025-07-04 20:33:51,357 [INFO] Argument:325 - Argument : PeriphDataAlignmentvalue: DMA_PDATAALIGN_HALFWORD
2025-07-04 20:33:51,357 [INFO] Argument:335 - Argument : PeriphDataAlignmentvalue: DMA_PDATAALIGN_HALFWORD
2025-07-04 20:33:51,357 [INFO] Argument:325 - Argument : MemDataAlignmentvalue: DMA_MDATAALIGN_HALFWORD
2025-07-04 20:33:51,357 [INFO] Argument:335 - Argument : MemDataAlignmentvalue: DMA_MDATAALIGN_HALFWORD
2025-07-04 20:33:51,357 [INFO] Argument:325 - Argument : Modevalue: DMA_NORMAL
2025-07-04 20:33:51,357 [INFO] Argument:335 - Argument : Modevalue: DMA_NORMAL
2025-07-04 20:33:51,357 [INFO] Argument:325 - Argument : Priorityvalue: DMA_PRIORITY_HIGH
2025-07-04 20:33:51,357 [INFO] Argument:335 - Argument : Priorityvalue: DMA_PRIORITY_HIGH
2025-07-04 20:33:51,358 [INFO] Argument:325 - Argument : FIFOModevalue: DMA_FIFOMODE_DISABLE
2025-07-04 20:33:51,358 [INFO] Argument:335 - Argument : FIFOModevalue: DMA_FIFOMODE_DISABLE
2025-07-04 20:33:51,358 [INFO] Argument:325 - Argument : FIFOThresholdvalue: null
2025-07-04 20:33:51,358 [INFO] Argument:335 - Argument : FIFOThresholdvalue: null
2025-07-04 20:33:51,358 [INFO] Argument:325 - Argument : MemBurstvalue: null
2025-07-04 20:33:51,358 [INFO] Argument:335 - Argument : MemBurstvalue: null
2025-07-04 20:33:51,358 [INFO] Argument:325 - Argument : PeriphBurstvalue: null
2025-07-04 20:33:51,358 [INFO] Argument:335 - Argument : PeriphBurstvalue: null
2025-07-04 20:33:51,358 [INFO] Argument:325 - Argument : Lockvalue: null
2025-07-04 20:33:51,358 [INFO] Argument:335 - Argument : Lockvalue: null
2025-07-04 20:33:51,358 [INFO] Argument:325 - Argument : Statevalue: null
2025-07-04 20:33:51,358 [INFO] Argument:335 - Argument : Statevalue: null
2025-07-04 20:33:51,358 [INFO] Argument:325 - Argument : Parentvalue: null
2025-07-04 20:33:51,358 [INFO] Argument:335 - Argument : Parentvalue: null
2025-07-04 20:33:51,358 [INFO] Argument:325 - Argument : XferCpltCallbackvalue: null
2025-07-04 20:33:51,358 [INFO] Argument:335 - Argument : XferCpltCallbackvalue: null
2025-07-04 20:33:51,358 [INFO] Argument:325 - Argument : XferHalfCpltCallbackvalue: null
2025-07-04 20:33:51,358 [INFO] Argument:335 - Argument : XferHalfCpltCallbackvalue: null
2025-07-04 20:33:51,358 [INFO] Argument:325 - Argument : XferM1CpltCallbackvalue: null
2025-07-04 20:33:51,358 [INFO] Argument:335 - Argument : XferM1CpltCallbackvalue: null
2025-07-04 20:33:51,358 [INFO] Argument:325 - Argument : XferM1HalfCpltCallbackvalue: null
2025-07-04 20:33:51,358 [INFO] Argument:335 - Argument : XferM1HalfCpltCallbackvalue: null
2025-07-04 20:33:51,358 [INFO] Argument:325 - Argument : XferErrorCallbackvalue: null
2025-07-04 20:33:51,358 [INFO] Argument:335 - Argument : XferErrorCallbackvalue: null
2025-07-04 20:33:51,358 [INFO] Argument:325 - Argument : XferAbortCallbackvalue: null
2025-07-04 20:33:51,358 [INFO] Argument:335 - Argument : XferAbortCallbackvalue: null
2025-07-04 20:33:51,358 [INFO] Argument:325 - Argument : ErrorCodevalue: null
2025-07-04 20:33:51,358 [INFO] Argument:335 - Argument : ErrorCodevalue: null
2025-07-04 20:33:51,358 [INFO] Argument:325 - Argument : StreamBaseAddressvalue: null
2025-07-04 20:33:51,358 [INFO] Argument:335 - Argument : StreamBaseAddressvalue: null
2025-07-04 20:33:51,358 [INFO] Argument:325 - Argument : StreamIndexvalue: null
2025-07-04 20:33:51,358 [INFO] Argument:335 - Argument : StreamIndexvalue: null
2025-07-04 20:33:51,359 [INFO] Argument:325 - Argument : hdmavalue: null
2025-07-04 20:33:51,359 [INFO] Argument:327 - 	 sub Args: 
2025-07-04 20:33:51,359 [INFO] Argument:325 - Argument : Instancevalue: DMA1_Stream1
2025-07-04 20:33:51,359 [INFO] Argument:335 - Argument : Instancevalue: DMA1_Stream1
2025-07-04 20:33:51,359 [INFO] Argument:325 - Argument : Initvalue: null
2025-07-04 20:33:51,359 [INFO] Argument:327 - 	 sub Args: 
2025-07-04 20:33:51,359 [INFO] Argument:325 - Argument : Requestvalue: DMA_REQUEST_TIM3_CH2
2025-07-04 20:33:51,359 [INFO] Argument:335 - Argument : Requestvalue: DMA_REQUEST_TIM3_CH2
2025-07-04 20:33:51,359 [INFO] Argument:325 - Argument : Directionvalue: DMA_MEMORY_TO_PERIPH
2025-07-04 20:33:51,359 [INFO] Argument:335 - Argument : Directionvalue: DMA_MEMORY_TO_PERIPH
2025-07-04 20:33:51,359 [INFO] Argument:325 - Argument : PeriphIncvalue: DMA_PINC_DISABLE
2025-07-04 20:33:51,359 [INFO] Argument:335 - Argument : PeriphIncvalue: DMA_PINC_DISABLE
2025-07-04 20:33:51,359 [INFO] Argument:325 - Argument : MemIncvalue: DMA_MINC_ENABLE
2025-07-04 20:33:51,359 [INFO] Argument:335 - Argument : MemIncvalue: DMA_MINC_ENABLE
2025-07-04 20:33:51,359 [INFO] Argument:325 - Argument : PeriphDataAlignmentvalue: DMA_PDATAALIGN_HALFWORD
2025-07-04 20:33:51,359 [INFO] Argument:335 - Argument : PeriphDataAlignmentvalue: DMA_PDATAALIGN_HALFWORD
2025-07-04 20:33:51,359 [INFO] Argument:325 - Argument : MemDataAlignmentvalue: DMA_MDATAALIGN_HALFWORD
2025-07-04 20:33:51,359 [INFO] Argument:335 - Argument : MemDataAlignmentvalue: DMA_MDATAALIGN_HALFWORD
2025-07-04 20:33:51,359 [INFO] Argument:325 - Argument : Modevalue: DMA_NORMAL
2025-07-04 20:33:51,359 [INFO] Argument:335 - Argument : Modevalue: DMA_NORMAL
2025-07-04 20:33:51,359 [INFO] Argument:325 - Argument : Priorityvalue: DMA_PRIORITY_HIGH
2025-07-04 20:33:51,360 [INFO] Argument:335 - Argument : Priorityvalue: DMA_PRIORITY_HIGH
2025-07-04 20:33:51,360 [INFO] Argument:325 - Argument : FIFOModevalue: DMA_FIFOMODE_DISABLE
2025-07-04 20:33:51,360 [INFO] Argument:335 - Argument : FIFOModevalue: DMA_FIFOMODE_DISABLE
2025-07-04 20:33:51,360 [INFO] Argument:325 - Argument : FIFOThresholdvalue: null
2025-07-04 20:33:51,360 [INFO] Argument:335 - Argument : FIFOThresholdvalue: null
2025-07-04 20:33:51,360 [INFO] Argument:325 - Argument : MemBurstvalue: null
2025-07-04 20:33:51,360 [INFO] Argument:335 - Argument : MemBurstvalue: null
2025-07-04 20:33:51,360 [INFO] Argument:325 - Argument : PeriphBurstvalue: null
2025-07-04 20:33:51,360 [INFO] Argument:335 - Argument : PeriphBurstvalue: null
2025-07-04 20:33:51,360 [INFO] Argument:325 - Argument : Lockvalue: null
2025-07-04 20:33:51,360 [INFO] Argument:335 - Argument : Lockvalue: null
2025-07-04 20:33:51,360 [INFO] Argument:325 - Argument : Statevalue: null
2025-07-04 20:33:51,360 [INFO] Argument:335 - Argument : Statevalue: null
2025-07-04 20:33:51,360 [INFO] Argument:325 - Argument : Parentvalue: null
2025-07-04 20:33:51,360 [INFO] Argument:335 - Argument : Parentvalue: null
2025-07-04 20:33:51,360 [INFO] Argument:325 - Argument : XferCpltCallbackvalue: null
2025-07-04 20:33:51,360 [INFO] Argument:335 - Argument : XferCpltCallbackvalue: null
2025-07-04 20:33:51,360 [INFO] Argument:325 - Argument : XferHalfCpltCallbackvalue: null
2025-07-04 20:33:51,360 [INFO] Argument:335 - Argument : XferHalfCpltCallbackvalue: null
2025-07-04 20:33:51,360 [INFO] Argument:325 - Argument : XferM1CpltCallbackvalue: null
2025-07-04 20:33:51,360 [INFO] Argument:335 - Argument : XferM1CpltCallbackvalue: null
2025-07-04 20:33:51,360 [INFO] Argument:325 - Argument : XferM1HalfCpltCallbackvalue: null
2025-07-04 20:33:51,360 [INFO] Argument:335 - Argument : XferM1HalfCpltCallbackvalue: null
2025-07-04 20:33:51,360 [INFO] Argument:325 - Argument : XferErrorCallbackvalue: null
2025-07-04 20:33:51,360 [INFO] Argument:335 - Argument : XferErrorCallbackvalue: null
2025-07-04 20:33:51,360 [INFO] Argument:325 - Argument : XferAbortCallbackvalue: null
2025-07-04 20:33:51,360 [INFO] Argument:335 - Argument : XferAbortCallbackvalue: null
2025-07-04 20:33:51,360 [INFO] Argument:325 - Argument : ErrorCodevalue: null
2025-07-04 20:33:51,361 [INFO] Argument:335 - Argument : ErrorCodevalue: null
2025-07-04 20:33:51,361 [INFO] Argument:325 - Argument : StreamBaseAddressvalue: null
2025-07-04 20:33:51,361 [INFO] Argument:335 - Argument : StreamBaseAddressvalue: null
2025-07-04 20:33:51,361 [INFO] Argument:325 - Argument : StreamIndexvalue: null
2025-07-04 20:33:51,361 [INFO] Argument:335 - Argument : StreamIndexvalue: null
2025-07-04 20:33:51,380 [INFO] Argument:325 - Argument : hdmavalue: null
2025-07-04 20:33:51,380 [INFO] Argument:327 - 	 sub Args: 
2025-07-04 20:33:51,380 [INFO] Argument:325 - Argument : Instancevalue: DMA1_Stream3
2025-07-04 20:33:51,380 [INFO] Argument:335 - Argument : Instancevalue: DMA1_Stream3
2025-07-04 20:33:51,380 [INFO] Argument:325 - Argument : Initvalue: null
2025-07-04 20:33:51,380 [INFO] Argument:327 - 	 sub Args: 
2025-07-04 20:33:51,380 [INFO] Argument:325 - Argument : Requestvalue: DMA_REQUEST_TIM15_UP
2025-07-04 20:33:51,380 [INFO] Argument:335 - Argument : Requestvalue: DMA_REQUEST_TIM15_UP
2025-07-04 20:33:51,380 [INFO] Argument:325 - Argument : Directionvalue: DMA_PERIPH_TO_MEMORY
2025-07-04 20:33:51,380 [INFO] Argument:335 - Argument : Directionvalue: DMA_PERIPH_TO_MEMORY
2025-07-04 20:33:51,380 [INFO] Argument:325 - Argument : PeriphIncvalue: DMA_PINC_DISABLE
2025-07-04 20:33:51,380 [INFO] Argument:335 - Argument : PeriphIncvalue: DMA_PINC_DISABLE
2025-07-04 20:33:51,380 [INFO] Argument:325 - Argument : MemIncvalue: DMA_MINC_ENABLE
2025-07-04 20:33:51,380 [INFO] Argument:335 - Argument : MemIncvalue: DMA_MINC_ENABLE
2025-07-04 20:33:51,381 [INFO] Argument:325 - Argument : PeriphDataAlignmentvalue: DMA_PDATAALIGN_HALFWORD
2025-07-04 20:33:51,381 [INFO] Argument:335 - Argument : PeriphDataAlignmentvalue: DMA_PDATAALIGN_HALFWORD
2025-07-04 20:33:51,381 [INFO] Argument:325 - Argument : MemDataAlignmentvalue: DMA_MDATAALIGN_HALFWORD
2025-07-04 20:33:51,381 [INFO] Argument:335 - Argument : MemDataAlignmentvalue: DMA_MDATAALIGN_HALFWORD
2025-07-04 20:33:51,381 [INFO] Argument:325 - Argument : Modevalue: DMA_NORMAL
2025-07-04 20:33:51,381 [INFO] Argument:335 - Argument : Modevalue: DMA_NORMAL
2025-07-04 20:33:51,381 [INFO] Argument:325 - Argument : Priorityvalue: DMA_PRIORITY_VERY_HIGH
2025-07-04 20:33:51,381 [INFO] Argument:335 - Argument : Priorityvalue: DMA_PRIORITY_VERY_HIGH
2025-07-04 20:33:51,381 [INFO] Argument:325 - Argument : FIFOModevalue: DMA_FIFOMODE_DISABLE
2025-07-04 20:33:51,381 [INFO] Argument:335 - Argument : FIFOModevalue: DMA_FIFOMODE_DISABLE
2025-07-04 20:33:51,381 [INFO] Argument:325 - Argument : FIFOThresholdvalue: null
2025-07-04 20:33:51,381 [INFO] Argument:335 - Argument : FIFOThresholdvalue: null
2025-07-04 20:33:51,381 [INFO] Argument:325 - Argument : MemBurstvalue: null
2025-07-04 20:33:51,381 [INFO] Argument:335 - Argument : MemBurstvalue: null
2025-07-04 20:33:51,381 [INFO] Argument:325 - Argument : PeriphBurstvalue: null
2025-07-04 20:33:51,381 [INFO] Argument:335 - Argument : PeriphBurstvalue: null
2025-07-04 20:33:51,381 [INFO] Argument:325 - Argument : Lockvalue: null
2025-07-04 20:33:51,381 [INFO] Argument:335 - Argument : Lockvalue: null
2025-07-04 20:33:51,381 [INFO] Argument:325 - Argument : Statevalue: null
2025-07-04 20:33:51,381 [INFO] Argument:335 - Argument : Statevalue: null
2025-07-04 20:33:51,381 [INFO] Argument:325 - Argument : Parentvalue: null
2025-07-04 20:33:51,381 [INFO] Argument:335 - Argument : Parentvalue: null
2025-07-04 20:33:51,381 [INFO] Argument:325 - Argument : XferCpltCallbackvalue: null
2025-07-04 20:33:51,381 [INFO] Argument:335 - Argument : XferCpltCallbackvalue: null
2025-07-04 20:33:51,381 [INFO] Argument:325 - Argument : XferHalfCpltCallbackvalue: null
2025-07-04 20:33:51,381 [INFO] Argument:335 - Argument : XferHalfCpltCallbackvalue: null
2025-07-04 20:33:51,381 [INFO] Argument:325 - Argument : XferM1CpltCallbackvalue: null
2025-07-04 20:33:51,381 [INFO] Argument:335 - Argument : XferM1CpltCallbackvalue: null
2025-07-04 20:33:51,381 [INFO] Argument:325 - Argument : XferM1HalfCpltCallbackvalue: null
2025-07-04 20:33:51,381 [INFO] Argument:335 - Argument : XferM1HalfCpltCallbackvalue: null
2025-07-04 20:33:51,381 [INFO] Argument:325 - Argument : XferErrorCallbackvalue: null
2025-07-04 20:33:51,382 [INFO] Argument:335 - Argument : XferErrorCallbackvalue: null
2025-07-04 20:33:51,382 [INFO] Argument:325 - Argument : XferAbortCallbackvalue: null
2025-07-04 20:33:51,382 [INFO] Argument:335 - Argument : XferAbortCallbackvalue: null
2025-07-04 20:33:51,382 [INFO] Argument:325 - Argument : ErrorCodevalue: null
2025-07-04 20:33:51,382 [INFO] Argument:335 - Argument : ErrorCodevalue: null
2025-07-04 20:33:51,382 [INFO] Argument:325 - Argument : StreamBaseAddressvalue: null
2025-07-04 20:33:51,382 [INFO] Argument:335 - Argument : StreamBaseAddressvalue: null
2025-07-04 20:33:51,382 [INFO] Argument:325 - Argument : StreamIndexvalue: null
2025-07-04 20:33:51,382 [INFO] Argument:335 - Argument : StreamIndexvalue: null
2025-07-04 20:33:51,389 [INFO] Argument:325 - Argument : hdmavalue: null
2025-07-04 20:33:51,390 [INFO] Argument:327 - 	 sub Args: 
2025-07-04 20:33:51,390 [INFO] Argument:325 - Argument : Instancevalue: DMA1_Stream2
2025-07-04 20:33:51,390 [INFO] Argument:335 - Argument : Instancevalue: DMA1_Stream2
2025-07-04 20:33:51,390 [INFO] Argument:325 - Argument : Initvalue: null
2025-07-04 20:33:51,390 [INFO] Argument:327 - 	 sub Args: 
2025-07-04 20:33:51,390 [INFO] Argument:325 - Argument : Requestvalue: DMA_REQUEST_TIM16_UP
2025-07-04 20:33:51,390 [INFO] Argument:335 - Argument : Requestvalue: DMA_REQUEST_TIM16_UP
2025-07-04 20:33:51,390 [INFO] Argument:325 - Argument : Directionvalue: DMA_PERIPH_TO_MEMORY
2025-07-04 20:33:51,390 [INFO] Argument:335 - Argument : Directionvalue: DMA_PERIPH_TO_MEMORY
2025-07-04 20:33:51,390 [INFO] Argument:325 - Argument : PeriphIncvalue: DMA_PINC_DISABLE
2025-07-04 20:33:51,390 [INFO] Argument:335 - Argument : PeriphIncvalue: DMA_PINC_DISABLE
2025-07-04 20:33:51,390 [INFO] Argument:325 - Argument : MemIncvalue: DMA_MINC_ENABLE
2025-07-04 20:33:51,390 [INFO] Argument:335 - Argument : MemIncvalue: DMA_MINC_ENABLE
2025-07-04 20:33:51,390 [INFO] Argument:325 - Argument : PeriphDataAlignmentvalue: DMA_PDATAALIGN_HALFWORD
2025-07-04 20:33:51,390 [INFO] Argument:335 - Argument : PeriphDataAlignmentvalue: DMA_PDATAALIGN_HALFWORD
2025-07-04 20:33:51,390 [INFO] Argument:325 - Argument : MemDataAlignmentvalue: DMA_MDATAALIGN_HALFWORD
2025-07-04 20:33:51,390 [INFO] Argument:335 - Argument : MemDataAlignmentvalue: DMA_MDATAALIGN_HALFWORD
2025-07-04 20:33:51,390 [INFO] Argument:325 - Argument : Modevalue: DMA_NORMAL
2025-07-04 20:33:51,390 [INFO] Argument:335 - Argument : Modevalue: DMA_NORMAL
2025-07-04 20:33:51,390 [INFO] Argument:325 - Argument : Priorityvalue: DMA_PRIORITY_VERY_HIGH
2025-07-04 20:33:51,390 [INFO] Argument:335 - Argument : Priorityvalue: DMA_PRIORITY_VERY_HIGH
2025-07-04 20:33:51,390 [INFO] Argument:325 - Argument : FIFOModevalue: DMA_FIFOMODE_DISABLE
2025-07-04 20:33:51,390 [INFO] Argument:335 - Argument : FIFOModevalue: DMA_FIFOMODE_DISABLE
2025-07-04 20:33:51,390 [INFO] Argument:325 - Argument : FIFOThresholdvalue: null
2025-07-04 20:33:51,390 [INFO] Argument:335 - Argument : FIFOThresholdvalue: null
2025-07-04 20:33:51,390 [INFO] Argument:325 - Argument : MemBurstvalue: null
2025-07-04 20:33:51,390 [INFO] Argument:335 - Argument : MemBurstvalue: null
2025-07-04 20:33:51,390 [INFO] Argument:325 - Argument : PeriphBurstvalue: null
2025-07-04 20:33:51,390 [INFO] Argument:335 - Argument : PeriphBurstvalue: null
2025-07-04 20:33:51,390 [INFO] Argument:325 - Argument : Lockvalue: null
2025-07-04 20:33:51,390 [INFO] Argument:335 - Argument : Lockvalue: null
2025-07-04 20:33:51,390 [INFO] Argument:325 - Argument : Statevalue: null
2025-07-04 20:33:51,390 [INFO] Argument:335 - Argument : Statevalue: null
2025-07-04 20:33:51,390 [INFO] Argument:325 - Argument : Parentvalue: null
2025-07-04 20:33:51,390 [INFO] Argument:335 - Argument : Parentvalue: null
2025-07-04 20:33:51,390 [INFO] Argument:325 - Argument : XferCpltCallbackvalue: null
2025-07-04 20:33:51,390 [INFO] Argument:335 - Argument : XferCpltCallbackvalue: null
2025-07-04 20:33:51,390 [INFO] Argument:325 - Argument : XferHalfCpltCallbackvalue: null
2025-07-04 20:33:51,390 [INFO] Argument:335 - Argument : XferHalfCpltCallbackvalue: null
2025-07-04 20:33:51,390 [INFO] Argument:325 - Argument : XferM1CpltCallbackvalue: null
2025-07-04 20:33:51,390 [INFO] Argument:335 - Argument : XferM1CpltCallbackvalue: null
2025-07-04 20:33:51,390 [INFO] Argument:325 - Argument : XferM1HalfCpltCallbackvalue: null
2025-07-04 20:33:51,390 [INFO] Argument:335 - Argument : XferM1HalfCpltCallbackvalue: null
2025-07-04 20:33:51,390 [INFO] Argument:325 - Argument : XferErrorCallbackvalue: null
2025-07-04 20:33:51,390 [INFO] Argument:335 - Argument : XferErrorCallbackvalue: null
2025-07-04 20:33:51,391 [INFO] Argument:325 - Argument : XferAbortCallbackvalue: null
2025-07-04 20:33:51,391 [INFO] Argument:335 - Argument : XferAbortCallbackvalue: null
2025-07-04 20:33:51,391 [INFO] Argument:325 - Argument : ErrorCodevalue: null
2025-07-04 20:33:51,391 [INFO] Argument:335 - Argument : ErrorCodevalue: null
2025-07-04 20:33:51,391 [INFO] Argument:325 - Argument : StreamBaseAddressvalue: null
2025-07-04 20:33:51,391 [INFO] Argument:335 - Argument : StreamBaseAddressvalue: null
2025-07-04 20:33:51,391 [INFO] Argument:325 - Argument : StreamIndexvalue: null
2025-07-04 20:33:51,391 [INFO] Argument:335 - Argument : StreamIndexvalue: null
2025-07-04 20:33:51,492 [INFO] CodeEngine:263 - oldGeneratedFile, C:\Users\marcv\Desktop\X1-Thorn\1_Code\3_STM32\0_workspace\X1_Thorn_v3\MXTmpFiles\license.tmp_save
2025-07-04 20:33:51,578 [INFO] CodeEngine:287 - Generated code: C:\Users\marcv\Desktop\X1-Thorn\1_Code\3_STM32\0_workspace\X1_Thorn_v3\MXTmpFiles\license.tmp
2025-07-04 20:33:51,711 [INFO] CodeEngine:263 - oldGeneratedFile, C:\Users\marcv\Desktop\X1-Thorn\1_Code\3_STM32\0_workspace\X1_Thorn_v3\Core\Src\gpio.c_save
2025-07-04 20:33:51,843 [INFO] CodeEngine:287 - Generated code: C:\Users\marcv\Desktop\X1-Thorn\1_Code\3_STM32\0_workspace\X1_Thorn_v3\Core\Src\gpio.c
2025-07-04 20:33:51,869 [INFO] CodeEngine:263 - oldGeneratedFile, C:\Users\marcv\Desktop\X1-Thorn\1_Code\3_STM32\0_workspace\X1_Thorn_v3\Core\Inc\gpio.h_save
2025-07-04 20:33:51,958 [INFO] CodeEngine:287 - Generated code: C:\Users\marcv\Desktop\X1-Thorn\1_Code\3_STM32\0_workspace\X1_Thorn_v3\Core\Inc\gpio.h
2025-07-04 20:33:52,420 [WARN] IPConfigManager:103 - WARNING: Missing Config File for DEBUG ip!!
2025-07-04 20:33:52,970 [WARN] IPConfigManager:103 - WARNING: Missing Config File for MEMORYMAP ip!!
2025-07-04 20:33:54,928 [INFO] Middleware:1452 - No code input for Bsp Dependency
2025-07-04 20:33:54,938 [INFO] CodeEngine:263 - oldGeneratedFile, C:\Users\marcv\Desktop\X1-Thorn\1_Code\3_STM32\0_workspace\X1_Thorn_v3\MXTmpFiles\rtos_inc.tmp_save
2025-07-04 20:33:55,017 [INFO] CodeEngine:287 - Generated code: C:\Users\marcv\Desktop\X1-Thorn\1_Code\3_STM32\0_workspace\X1_Thorn_v3\MXTmpFiles\rtos_inc.tmp
2025-07-04 20:33:55,022 [INFO] CodeEngine:263 - oldGeneratedFile, C:\Users\marcv\Desktop\X1-Thorn\1_Code\3_STM32\0_workspace\X1_Thorn_v3\MXTmpFiles\rtos_kernelInit.tmp_save
2025-07-04 20:33:55,072 [INFO] CodeEngine:287 - Generated code: C:\Users\marcv\Desktop\X1-Thorn\1_Code\3_STM32\0_workspace\X1_Thorn_v3\MXTmpFiles\rtos_kernelInit.tmp
2025-07-04 20:33:55,077 [INFO] CodeEngine:263 - oldGeneratedFile, C:\Users\marcv\Desktop\X1-Thorn\1_Code\3_STM32\0_workspace\X1_Thorn_v3\MXTmpFiles\rtos_kernelStart.tmp_save
2025-07-04 20:33:55,133 [INFO] CodeEngine:287 - Generated code: C:\Users\marcv\Desktop\X1-Thorn\1_Code\3_STM32\0_workspace\X1_Thorn_v3\MXTmpFiles\rtos_kernelStart.tmp
2025-07-04 20:33:55,137 [INFO] CodeEngine:263 - oldGeneratedFile, C:\Users\marcv\Desktop\X1-Thorn\1_Code\3_STM32\0_workspace\X1_Thorn_v3\MXTmpFiles\rtos_typedefs.tmp_save
2025-07-04 20:33:55,192 [INFO] CodeEngine:287 - Generated code: C:\Users\marcv\Desktop\X1-Thorn\1_Code\3_STM32\0_workspace\X1_Thorn_v3\MXTmpFiles\rtos_typedefs.tmp
2025-07-04 20:33:55,198 [INFO] CodeEngine:263 - oldGeneratedFile, C:\Users\marcv\Desktop\X1-Thorn\1_Code\3_STM32\0_workspace\X1_Thorn_v3\MXTmpFiles\rtos_vars.tmp_save
2025-07-04 20:33:55,269 [INFO] CodeEngine:287 - Generated code: C:\Users\marcv\Desktop\X1-Thorn\1_Code\3_STM32\0_workspace\X1_Thorn_v3\MXTmpFiles\rtos_vars.tmp
2025-07-04 20:33:55,274 [INFO] CodeEngine:263 - oldGeneratedFile, C:\Users\marcv\Desktop\X1-Thorn\1_Code\3_STM32\0_workspace\X1_Thorn_v3\MXTmpFiles\rtos_pfp.tmp_save
2025-07-04 20:33:55,325 [INFO] CodeEngine:287 - Generated code: C:\Users\marcv\Desktop\X1-Thorn\1_Code\3_STM32\0_workspace\X1_Thorn_v3\MXTmpFiles\rtos_pfp.tmp
2025-07-04 20:33:55,329 [INFO] CodeEngine:263 - oldGeneratedFile, C:\Users\marcv\Desktop\X1-Thorn\1_Code\3_STM32\0_workspace\X1_Thorn_v3\MXTmpFiles\rtos_obj_creat.tmp_save
2025-07-04 20:33:55,388 [INFO] CodeEngine:287 - Generated code: C:\Users\marcv\Desktop\X1-Thorn\1_Code\3_STM32\0_workspace\X1_Thorn_v3\MXTmpFiles\rtos_obj_creat.tmp
2025-07-04 20:33:55,393 [INFO] CodeEngine:263 - oldGeneratedFile, C:\Users\marcv\Desktop\X1-Thorn\1_Code\3_STM32\0_workspace\X1_Thorn_v3\MXTmpFiles\rtos_default_thread.tmp_save
2025-07-04 20:33:55,448 [INFO] CodeEngine:287 - Generated code: C:\Users\marcv\Desktop\X1-Thorn\1_Code\3_STM32\0_workspace\X1_Thorn_v3\MXTmpFiles\rtos_default_thread.tmp
2025-07-04 20:33:55,453 [INFO] CodeEngine:263 - oldGeneratedFile, C:\Users\marcv\Desktop\X1-Thorn\1_Code\3_STM32\0_workspace\X1_Thorn_v3\MXTmpFiles\rtos_threads.tmp_save
2025-07-04 20:33:55,507 [INFO] CodeEngine:287 - Generated code: C:\Users\marcv\Desktop\X1-Thorn\1_Code\3_STM32\0_workspace\X1_Thorn_v3\MXTmpFiles\rtos_threads.tmp
2025-07-04 20:33:55,524 [INFO] CodeEngine:263 - oldGeneratedFile, C:\Users\marcv\Desktop\X1-Thorn\1_Code\3_STM32\0_workspace\X1_Thorn_v3\MXTmpFiles\fatfs_HalInit.tmp_save
2025-07-04 20:33:55,606 [INFO] CodeEngine:287 - Generated code: C:\Users\marcv\Desktop\X1-Thorn\1_Code\3_STM32\0_workspace\X1_Thorn_v3\MXTmpFiles\fatfs_HalInit.tmp
2025-07-04 20:33:55,611 [INFO] CodeEngine:263 - oldGeneratedFile, C:\Users\marcv\Desktop\X1-Thorn\1_Code\3_STM32\0_workspace\X1_Thorn_v3\MXTmpFiles\fatfs_vars.tmp_save
2025-07-04 20:33:55,670 [INFO] CodeEngine:287 - Generated code: C:\Users\marcv\Desktop\X1-Thorn\1_Code\3_STM32\0_workspace\X1_Thorn_v3\MXTmpFiles\fatfs_vars.tmp
2025-07-04 20:33:55,675 [INFO] CodeEngine:263 - oldGeneratedFile, C:\Users\marcv\Desktop\X1-Thorn\1_Code\3_STM32\0_workspace\X1_Thorn_v3\MXTmpFiles\fatfs_ext_vars.tmp_save
2025-07-04 20:33:55,733 [INFO] CodeEngine:287 - Generated code: C:\Users\marcv\Desktop\X1-Thorn\1_Code\3_STM32\0_workspace\X1_Thorn_v3\MXTmpFiles\fatfs_ext_vars.tmp
2025-07-04 20:33:55,738 [INFO] CodeEngine:263 - oldGeneratedFile, C:\Users\marcv\Desktop\X1-Thorn\1_Code\3_STM32\0_workspace\X1_Thorn_v3\MXTmpFiles\fatfs_inc.tmp_save
2025-07-04 20:33:55,797 [INFO] CodeEngine:287 - Generated code: C:\Users\marcv\Desktop\X1-Thorn\1_Code\3_STM32\0_workspace\X1_Thorn_v3\MXTmpFiles\fatfs_inc.tmp
2025-07-04 20:33:55,837 [INFO] Middleware:1452 - No code input for Bsp Dependency
2025-07-04 20:33:55,847 [INFO] CodeEngine:263 - oldGeneratedFile, C:\Users\marcv\Desktop\X1-Thorn\1_Code\3_STM32\0_workspace\X1_Thorn_v3\MXTmpFiles\rtos_inc.tmp_save
2025-07-04 20:33:55,923 [INFO] CodeEngine:287 - Generated code: C:\Users\marcv\Desktop\X1-Thorn\1_Code\3_STM32\0_workspace\X1_Thorn_v3\MXTmpFiles\rtos_inc.tmp
2025-07-04 20:33:55,931 [INFO] CodeEngine:263 - oldGeneratedFile, C:\Users\marcv\Desktop\X1-Thorn\1_Code\3_STM32\0_workspace\X1_Thorn_v3\MXTmpFiles\rtos_kernelInit.tmp_save
2025-07-04 20:33:56,001 [INFO] CodeEngine:287 - Generated code: C:\Users\marcv\Desktop\X1-Thorn\1_Code\3_STM32\0_workspace\X1_Thorn_v3\MXTmpFiles\rtos_kernelInit.tmp
2025-07-04 20:33:56,009 [INFO] CodeEngine:263 - oldGeneratedFile, C:\Users\marcv\Desktop\X1-Thorn\1_Code\3_STM32\0_workspace\X1_Thorn_v3\MXTmpFiles\rtos_kernelStart.tmp_save
2025-07-04 20:33:56,073 [INFO] CodeEngine:287 - Generated code: C:\Users\marcv\Desktop\X1-Thorn\1_Code\3_STM32\0_workspace\X1_Thorn_v3\MXTmpFiles\rtos_kernelStart.tmp
2025-07-04 20:33:56,080 [INFO] CodeEngine:263 - oldGeneratedFile, C:\Users\marcv\Desktop\X1-Thorn\1_Code\3_STM32\0_workspace\X1_Thorn_v3\MXTmpFiles\rtos_typedefs.tmp_save
2025-07-04 20:33:56,157 [INFO] CodeEngine:287 - Generated code: C:\Users\marcv\Desktop\X1-Thorn\1_Code\3_STM32\0_workspace\X1_Thorn_v3\MXTmpFiles\rtos_typedefs.tmp
2025-07-04 20:33:56,176 [INFO] CodeEngine:263 - oldGeneratedFile, C:\Users\marcv\Desktop\X1-Thorn\1_Code\3_STM32\0_workspace\X1_Thorn_v3\MXTmpFiles\rtos_vars.tmp_save
2025-07-04 20:33:56,247 [INFO] CodeEngine:287 - Generated code: C:\Users\marcv\Desktop\X1-Thorn\1_Code\3_STM32\0_workspace\X1_Thorn_v3\MXTmpFiles\rtos_vars.tmp
2025-07-04 20:33:56,256 [INFO] CodeEngine:263 - oldGeneratedFile, C:\Users\marcv\Desktop\X1-Thorn\1_Code\3_STM32\0_workspace\X1_Thorn_v3\MXTmpFiles\rtos_pfp.tmp_save
2025-07-04 20:33:56,349 [INFO] CodeEngine:287 - Generated code: C:\Users\marcv\Desktop\X1-Thorn\1_Code\3_STM32\0_workspace\X1_Thorn_v3\MXTmpFiles\rtos_pfp.tmp
2025-07-04 20:33:56,370 [INFO] CodeEngine:263 - oldGeneratedFile, C:\Users\marcv\Desktop\X1-Thorn\1_Code\3_STM32\0_workspace\X1_Thorn_v3\MXTmpFiles\rtos_obj_creat.tmp_save
2025-07-04 20:33:56,446 [INFO] CodeEngine:287 - Generated code: C:\Users\marcv\Desktop\X1-Thorn\1_Code\3_STM32\0_workspace\X1_Thorn_v3\MXTmpFiles\rtos_obj_creat.tmp
2025-07-04 20:33:56,454 [INFO] CodeEngine:263 - oldGeneratedFile, C:\Users\marcv\Desktop\X1-Thorn\1_Code\3_STM32\0_workspace\X1_Thorn_v3\MXTmpFiles\rtos_default_thread.tmp_save
2025-07-04 20:33:56,513 [INFO] CodeEngine:287 - Generated code: C:\Users\marcv\Desktop\X1-Thorn\1_Code\3_STM32\0_workspace\X1_Thorn_v3\MXTmpFiles\rtos_default_thread.tmp
2025-07-04 20:33:56,520 [INFO] CodeEngine:263 - oldGeneratedFile, C:\Users\marcv\Desktop\X1-Thorn\1_Code\3_STM32\0_workspace\X1_Thorn_v3\MXTmpFiles\rtos_threads.tmp_save
2025-07-04 20:33:56,580 [INFO] CodeEngine:287 - Generated code: C:\Users\marcv\Desktop\X1-Thorn\1_Code\3_STM32\0_workspace\X1_Thorn_v3\MXTmpFiles\rtos_threads.tmp
2025-07-04 20:33:56,601 [INFO] CodeEngine:263 - oldGeneratedFile, C:\Users\marcv\Desktop\X1-Thorn\1_Code\3_STM32\0_workspace\X1_Thorn_v3\Core\Inc\FreeRTOSConfig.h_save
2025-07-04 20:33:56,674 [INFO] CodeEngine:287 - Generated code: C:\Users\marcv\Desktop\X1-Thorn\1_Code\3_STM32\0_workspace\X1_Thorn_v3\Core\Inc\FreeRTOSConfig.h
2025-07-04 20:33:56,691 [INFO] CodeEngine:263 - oldGeneratedFile, C:\Users\marcv\Desktop\X1-Thorn\1_Code\3_STM32\0_workspace\X1_Thorn_v3\Core\Src\freertos.c_save
2025-07-04 20:33:56,765 [INFO] CodeEngine:287 - Generated code: C:\Users\marcv\Desktop\X1-Thorn\1_Code\3_STM32\0_workspace\X1_Thorn_v3\Core\Src\freertos.c
2025-07-04 20:33:56,790 [INFO] CodeEngine:263 - oldGeneratedFile, C:\Users\marcv\Desktop\X1-Thorn\1_Code\3_STM32\0_workspace\X1_Thorn_v3\Core\Src\adc.c_save
2025-07-04 20:33:56,870 [INFO] CodeEngine:287 - Generated code: C:\Users\marcv\Desktop\X1-Thorn\1_Code\3_STM32\0_workspace\X1_Thorn_v3\Core\Src\adc.c
2025-07-04 20:33:56,878 [INFO] CodeEngine:263 - oldGeneratedFile, C:\Users\marcv\Desktop\X1-Thorn\1_Code\3_STM32\0_workspace\X1_Thorn_v3\Core\Inc\adc.h_save
2025-07-04 20:33:56,933 [INFO] CodeEngine:287 - Generated code: C:\Users\marcv\Desktop\X1-Thorn\1_Code\3_STM32\0_workspace\X1_Thorn_v3\Core\Inc\adc.h
2025-07-04 20:33:56,945 [INFO] CodeEngine:263 - oldGeneratedFile, C:\Users\marcv\Desktop\X1-Thorn\1_Code\3_STM32\0_workspace\X1_Thorn_v3\MXTmpFiles\cortex.tmp_save
2025-07-04 20:33:57,014 [INFO] CodeEngine:287 - Generated code: C:\Users\marcv\Desktop\X1-Thorn\1_Code\3_STM32\0_workspace\X1_Thorn_v3\MXTmpFiles\cortex.tmp
2025-07-04 20:33:57,123 [INFO] CodeEngine:263 - oldGeneratedFile, C:\Users\marcv\Desktop\X1-Thorn\1_Code\3_STM32\0_workspace\X1_Thorn_v3\Core\Src\dma.c_save
2025-07-04 20:33:57,188 [INFO] CodeEngine:287 - Generated code: C:\Users\marcv\Desktop\X1-Thorn\1_Code\3_STM32\0_workspace\X1_Thorn_v3\Core\Src\dma.c
2025-07-04 20:33:57,196 [INFO] CodeEngine:263 - oldGeneratedFile, C:\Users\marcv\Desktop\X1-Thorn\1_Code\3_STM32\0_workspace\X1_Thorn_v3\Core\Inc\dma.h_save
2025-07-04 20:33:57,252 [INFO] CodeEngine:287 - Generated code: C:\Users\marcv\Desktop\X1-Thorn\1_Code\3_STM32\0_workspace\X1_Thorn_v3\Core\Inc\dma.h
2025-07-04 20:33:57,273 [INFO] CodeEngine:263 - oldGeneratedFile, C:\Users\marcv\Desktop\X1-Thorn\1_Code\3_STM32\0_workspace\X1_Thorn_v3\MXTmpFiles\fatfs_HalInit.tmp_save
2025-07-04 20:33:57,357 [INFO] CodeEngine:287 - Generated code: C:\Users\marcv\Desktop\X1-Thorn\1_Code\3_STM32\0_workspace\X1_Thorn_v3\MXTmpFiles\fatfs_HalInit.tmp
2025-07-04 20:33:57,364 [INFO] CodeEngine:263 - oldGeneratedFile, C:\Users\marcv\Desktop\X1-Thorn\1_Code\3_STM32\0_workspace\X1_Thorn_v3\MXTmpFiles\fatfs_vars.tmp_save
2025-07-04 20:33:57,415 [INFO] CodeEngine:287 - Generated code: C:\Users\marcv\Desktop\X1-Thorn\1_Code\3_STM32\0_workspace\X1_Thorn_v3\MXTmpFiles\fatfs_vars.tmp
2025-07-04 20:33:57,422 [INFO] CodeEngine:263 - oldGeneratedFile, C:\Users\marcv\Desktop\X1-Thorn\1_Code\3_STM32\0_workspace\X1_Thorn_v3\MXTmpFiles\fatfs_ext_vars.tmp_save
2025-07-04 20:33:57,474 [INFO] CodeEngine:287 - Generated code: C:\Users\marcv\Desktop\X1-Thorn\1_Code\3_STM32\0_workspace\X1_Thorn_v3\MXTmpFiles\fatfs_ext_vars.tmp
2025-07-04 20:33:57,480 [INFO] CodeEngine:263 - oldGeneratedFile, C:\Users\marcv\Desktop\X1-Thorn\1_Code\3_STM32\0_workspace\X1_Thorn_v3\MXTmpFiles\fatfs_inc.tmp_save
2025-07-04 20:33:57,544 [INFO] CodeEngine:287 - Generated code: C:\Users\marcv\Desktop\X1-Thorn\1_Code\3_STM32\0_workspace\X1_Thorn_v3\MXTmpFiles\fatfs_inc.tmp
2025-07-04 20:33:57,561 [INFO] CodeEngine:263 - oldGeneratedFile, C:\Users\marcv\Desktop\X1-Thorn\1_Code\3_STM32\0_workspace\X1_Thorn_v3\FATFS\Target\ffconf.h_save
2025-07-04 20:33:57,662 [INFO] CodeEngine:287 - Generated code: C:\Users\marcv\Desktop\X1-Thorn\1_Code\3_STM32\0_workspace\X1_Thorn_v3\FATFS\Target\ffconf.h
2025-07-04 20:33:57,686 [INFO] CodeEngine:263 - oldGeneratedFile, C:\Users\marcv\Desktop\X1-Thorn\1_Code\3_STM32\0_workspace\X1_Thorn_v3\FATFS\Target\bsp_driver_sd.c_save
2025-07-04 20:33:57,775 [INFO] CodeEngine:287 - Generated code: C:\Users\marcv\Desktop\X1-Thorn\1_Code\3_STM32\0_workspace\X1_Thorn_v3\FATFS\Target\bsp_driver_sd.c
2025-07-04 20:33:57,798 [INFO] CodeEngine:263 - oldGeneratedFile, C:\Users\marcv\Desktop\X1-Thorn\1_Code\3_STM32\0_workspace\X1_Thorn_v3\FATFS\Target\bsp_driver_sd.h_save
2025-07-04 20:33:57,874 [INFO] CodeEngine:287 - Generated code: C:\Users\marcv\Desktop\X1-Thorn\1_Code\3_STM32\0_workspace\X1_Thorn_v3\FATFS\Target\bsp_driver_sd.h
2025-07-04 20:33:57,889 [INFO] CodeEngine:263 - oldGeneratedFile, C:\Users\marcv\Desktop\X1-Thorn\1_Code\3_STM32\0_workspace\X1_Thorn_v3\FATFS\Target\sd_diskio.h_save
2025-07-04 20:33:57,964 [INFO] CodeEngine:287 - Generated code: C:\Users\marcv\Desktop\X1-Thorn\1_Code\3_STM32\0_workspace\X1_Thorn_v3\FATFS\Target\sd_diskio.h
2025-07-04 20:33:57,979 [INFO] CodeEngine:263 - oldGeneratedFile, C:\Users\marcv\Desktop\X1-Thorn\1_Code\3_STM32\0_workspace\X1_Thorn_v3\FATFS\Target\sd_diskio.c_save
2025-07-04 20:33:58,092 [INFO] CodeEngine:287 - Generated code: C:\Users\marcv\Desktop\X1-Thorn\1_Code\3_STM32\0_workspace\X1_Thorn_v3\FATFS\Target\sd_diskio.c
2025-07-04 20:33:58,108 [INFO] CodeEngine:263 - oldGeneratedFile, C:\Users\marcv\Desktop\X1-Thorn\1_Code\3_STM32\0_workspace\X1_Thorn_v3\FATFS\App\fatfs.c_save
2025-07-04 20:33:58,192 [INFO] CodeEngine:287 - Generated code: C:\Users\marcv\Desktop\X1-Thorn\1_Code\3_STM32\0_workspace\X1_Thorn_v3\FATFS\App\fatfs.c
2025-07-04 20:33:58,199 [INFO] CodeEngine:263 - oldGeneratedFile, C:\Users\marcv\Desktop\X1-Thorn\1_Code\3_STM32\0_workspace\X1_Thorn_v3\FATFS\App\fatfs.h_save
2025-07-04 20:33:58,288 [INFO] CodeEngine:287 - Generated code: C:\Users\marcv\Desktop\X1-Thorn\1_Code\3_STM32\0_workspace\X1_Thorn_v3\FATFS\App\fatfs.h
2025-07-04 20:33:58,302 [INFO] CodeEngine:263 - oldGeneratedFile, C:\Users\marcv\Desktop\X1-Thorn\1_Code\3_STM32\0_workspace\X1_Thorn_v3\FATFS\Target\fatfs_platform.c_save
2025-07-04 20:33:58,386 [INFO] CodeEngine:287 - Generated code: C:\Users\marcv\Desktop\X1-Thorn\1_Code\3_STM32\0_workspace\X1_Thorn_v3\FATFS\Target\fatfs_platform.c
2025-07-04 20:33:58,400 [INFO] CodeEngine:263 - oldGeneratedFile, C:\Users\marcv\Desktop\X1-Thorn\1_Code\3_STM32\0_workspace\X1_Thorn_v3\FATFS\Target\fatfs_platform.h_save
2025-07-04 20:33:58,475 [INFO] CodeEngine:287 - Generated code: C:\Users\marcv\Desktop\X1-Thorn\1_Code\3_STM32\0_workspace\X1_Thorn_v3\FATFS\Target\fatfs_platform.h
2025-07-04 20:33:58,498 [INFO] CodeEngine:263 - oldGeneratedFile, C:\Users\marcv\Desktop\X1-Thorn\1_Code\3_STM32\0_workspace\X1_Thorn_v3\Core\Src\i2c.c_save
2025-07-04 20:33:58,582 [INFO] CodeEngine:287 - Generated code: C:\Users\marcv\Desktop\X1-Thorn\1_Code\3_STM32\0_workspace\X1_Thorn_v3\Core\Src\i2c.c
2025-07-04 20:33:58,589 [INFO] CodeEngine:263 - oldGeneratedFile, C:\Users\marcv\Desktop\X1-Thorn\1_Code\3_STM32\0_workspace\X1_Thorn_v3\Core\Inc\i2c.h_save
2025-07-04 20:33:58,642 [INFO] CodeEngine:287 - Generated code: C:\Users\marcv\Desktop\X1-Thorn\1_Code\3_STM32\0_workspace\X1_Thorn_v3\Core\Inc\i2c.h
2025-07-04 20:33:58,664 [INFO] CodeEngine:263 - oldGeneratedFile, C:\Users\marcv\Desktop\X1-Thorn\1_Code\3_STM32\0_workspace\X1_Thorn_v3\Core\Src\memorymap.c_save
2025-07-04 20:33:58,735 [INFO] CodeEngine:287 - Generated code: C:\Users\marcv\Desktop\X1-Thorn\1_Code\3_STM32\0_workspace\X1_Thorn_v3\Core\Src\memorymap.c
2025-07-04 20:33:58,742 [INFO] CodeEngine:263 - oldGeneratedFile, C:\Users\marcv\Desktop\X1-Thorn\1_Code\3_STM32\0_workspace\X1_Thorn_v3\Core\Inc\memorymap.h_save
2025-07-04 20:33:58,805 [INFO] CodeEngine:287 - Generated code: C:\Users\marcv\Desktop\X1-Thorn\1_Code\3_STM32\0_workspace\X1_Thorn_v3\Core\Inc\memorymap.h
2025-07-04 20:33:58,828 [INFO] CodeEngine:263 - oldGeneratedFile, C:\Users\marcv\Desktop\X1-Thorn\1_Code\3_STM32\0_workspace\X1_Thorn_v3\Core\Src\sdmmc.c_save
2025-07-04 20:33:58,933 [INFO] CodeEngine:287 - Generated code: C:\Users\marcv\Desktop\X1-Thorn\1_Code\3_STM32\0_workspace\X1_Thorn_v3\Core\Src\sdmmc.c
2025-07-04 20:33:58,941 [INFO] CodeEngine:263 - oldGeneratedFile, C:\Users\marcv\Desktop\X1-Thorn\1_Code\3_STM32\0_workspace\X1_Thorn_v3\Core\Inc\sdmmc.h_save
2025-07-04 20:33:59,000 [INFO] CodeEngine:287 - Generated code: C:\Users\marcv\Desktop\X1-Thorn\1_Code\3_STM32\0_workspace\X1_Thorn_v3\Core\Inc\sdmmc.h
2025-07-04 20:33:59,025 [INFO] CodeEngine:263 - oldGeneratedFile, C:\Users\marcv\Desktop\X1-Thorn\1_Code\3_STM32\0_workspace\X1_Thorn_v3\Core\Src\spi.c_save
2025-07-04 20:33:59,106 [INFO] CodeEngine:287 - Generated code: C:\Users\marcv\Desktop\X1-Thorn\1_Code\3_STM32\0_workspace\X1_Thorn_v3\Core\Src\spi.c
2025-07-04 20:33:59,113 [INFO] CodeEngine:263 - oldGeneratedFile, C:\Users\marcv\Desktop\X1-Thorn\1_Code\3_STM32\0_workspace\X1_Thorn_v3\Core\Inc\spi.h_save
2025-07-04 20:33:59,167 [INFO] CodeEngine:287 - Generated code: C:\Users\marcv\Desktop\X1-Thorn\1_Code\3_STM32\0_workspace\X1_Thorn_v3\Core\Inc\spi.h
2025-07-04 20:33:59,190 [INFO] CodeEngine:263 - oldGeneratedFile, C:\Users\marcv\Desktop\X1-Thorn\1_Code\3_STM32\0_workspace\X1_Thorn_v3\Core\Src\tim.c_save
2025-07-04 20:33:59,317 [INFO] CodeEngine:287 - Generated code: C:\Users\marcv\Desktop\X1-Thorn\1_Code\3_STM32\0_workspace\X1_Thorn_v3\Core\Src\tim.c
2025-07-04 20:33:59,325 [INFO] CodeEngine:263 - oldGeneratedFile, C:\Users\marcv\Desktop\X1-Thorn\1_Code\3_STM32\0_workspace\X1_Thorn_v3\Core\Inc\tim.h_save
2025-07-04 20:33:59,387 [INFO] CodeEngine:287 - Generated code: C:\Users\marcv\Desktop\X1-Thorn\1_Code\3_STM32\0_workspace\X1_Thorn_v3\Core\Inc\tim.h
2025-07-04 20:33:59,413 [INFO] CodeEngine:263 - oldGeneratedFile, C:\Users\marcv\Desktop\X1-Thorn\1_Code\3_STM32\0_workspace\X1_Thorn_v3\Core\Src\usart.c_save
2025-07-04 20:33:59,497 [INFO] CodeEngine:287 - Generated code: C:\Users\marcv\Desktop\X1-Thorn\1_Code\3_STM32\0_workspace\X1_Thorn_v3\Core\Src\usart.c
2025-07-04 20:33:59,507 [INFO] CodeEngine:263 - oldGeneratedFile, C:\Users\marcv\Desktop\X1-Thorn\1_Code\3_STM32\0_workspace\X1_Thorn_v3\Core\Inc\usart.h_save
2025-07-04 20:33:59,562 [INFO] CodeEngine:287 - Generated code: C:\Users\marcv\Desktop\X1-Thorn\1_Code\3_STM32\0_workspace\X1_Thorn_v3\Core\Inc\usart.h
2025-07-04 20:33:59,609 [INFO] CodeEngine:263 - oldGeneratedFile, C:\Users\marcv\Desktop\X1-Thorn\1_Code\3_STM32\0_workspace\X1_Thorn_v3\Core\Src\stm32h7xx_it.c_save
2025-07-04 20:33:59,718 [INFO] CodeEngine:287 - Generated code: C:\Users\marcv\Desktop\X1-Thorn\1_Code\3_STM32\0_workspace\X1_Thorn_v3\Core\Src\stm32h7xx_it.c
2025-07-04 20:33:59,726 [INFO] CodeEngine:263 - oldGeneratedFile, C:\Users\marcv\Desktop\X1-Thorn\1_Code\3_STM32\0_workspace\X1_Thorn_v3\Core\Inc\stm32h7xx_it.h_save
2025-07-04 20:33:59,791 [INFO] CodeEngine:287 - Generated code: C:\Users\marcv\Desktop\X1-Thorn\1_Code\3_STM32\0_workspace\X1_Thorn_v3\Core\Inc\stm32h7xx_it.h
2025-07-04 20:33:59,904 [INFO] CodeEngine:263 - oldGeneratedFile, C:\Users\marcv\Desktop\X1-Thorn\1_Code\3_STM32\0_workspace\X1_Thorn_v3\Core\Src\stm32h7xx_hal_msp.c_save
2025-07-04 20:33:59,987 [INFO] CodeEngine:287 - Generated code: C:\Users\marcv\Desktop\X1-Thorn\1_Code\3_STM32\0_workspace\X1_Thorn_v3\Core\Src\stm32h7xx_hal_msp.c
2025-07-04 20:33:59,992 [INFO] CodeEngine:263 - oldGeneratedFile, C:\Users\marcv\Desktop\X1-Thorn\1_Code\3_STM32\0_workspace\X1_Thorn_v3\MXTmpFiles\system.tmp_save
2025-07-04 20:34:00,041 [INFO] CodeEngine:287 - Generated code: C:\Users\marcv\Desktop\X1-Thorn\1_Code\3_STM32\0_workspace\X1_Thorn_v3\MXTmpFiles\system.tmp
2025-07-04 20:34:00,057 [INFO] CodeEngine:263 - oldGeneratedFile, C:\Users\marcv\Desktop\X1-Thorn\1_Code\3_STM32\0_workspace\X1_Thorn_v3\Core\Src\stm32h7xx_hal_timebase_tim.c_save
2025-07-04 20:34:00,120 [INFO] CodeEngine:287 - Generated code: C:\Users\marcv\Desktop\X1-Thorn\1_Code\3_STM32\0_workspace\X1_Thorn_v3\Core\Src\stm32h7xx_hal_timebase_tim.c
2025-07-04 20:34:00,143 [INFO] CodeEngine:319 - oldGeneratedFile, C:\Users\marcv\Desktop\X1-Thorn\1_Code\3_STM32\0_workspace\X1_Thorn_v3\Core\Inc\stm32h7xx_hal_conf.h_save
2025-07-04 20:34:00,240 [INFO] CodeEngine:343 - Generated code: C:\Users\marcv\Desktop\X1-Thorn\1_Code\3_STM32\0_workspace\X1_Thorn_v3\Core\Inc\stm32h7xx_hal_conf.h
2025-07-04 20:34:00,289 [ERROR] ApiDbMcu:464 - Can't load MEMORYMAP-STM32xx root dir null
2025-07-04 20:34:00,289 [ERROR] ApiDbMcu:536 - Cannot parse MEMORYMAP_Config file : file do not exist
2025-07-04 20:34:00,317 [INFO] CodeEngine:263 - oldGeneratedFile, C:\Users\marcv\Desktop\X1-Thorn\1_Code\3_STM32\0_workspace\X1_Thorn_v3\Core\Inc\main.h_save
2025-07-04 20:34:00,388 [INFO] CodeEngine:287 - Generated code: C:\Users\marcv\Desktop\X1-Thorn\1_Code\3_STM32\0_workspace\X1_Thorn_v3\Core\Inc\main.h
2025-07-04 20:34:00,405 [INFO] CodeEngine:263 - oldGeneratedFile, C:\Users\marcv\Desktop\X1-Thorn\1_Code\3_STM32\0_workspace\X1_Thorn_v3\Core\Src\main.c_save
2025-07-04 20:34:00,490 [INFO] CodeEngine:287 - Generated code: C:\Users\marcv\Desktop\X1-Thorn\1_Code\3_STM32\0_workspace\X1_Thorn_v3\Core\Src\main.c
2025-07-04 20:34:01,126 [INFO] ProjectBuilder:3324 - Time for Copy HAL[1] : 399mS.
2025-07-04 20:34:01,145 [INFO] ProjectBuilder:4912 - Project Generator version: 4.6.0-B36
2025-07-04 20:34:01,240 [INFO] ConfigFileManager:1590 - The Die is : DIE450
2025-07-04 20:34:02,696 [INFO] ProjectBuilder:5191 - Time for Generating toolchain IDE Files: 1551mS.
2025-07-04 20:34:02,697 [INFO] ProjectBuilder:3181 - Time for Copy CMSIS : 0mS.
2025-07-04 20:34:02,737 [INFO] ProjectBuilder:3181 - Time for Copy CMSIS : 0mS.
2025-07-04 20:34:06,530 [INFO] MainUpdater:2872 - connection check result : 10
2025-07-04 20:34:06,530 [INFO] MainUpdater:2872 - connection check result : 10
2025-07-04 20:34:06,707 [INFO] I2cTimingTraitement:330 - 0x307075B1
2025-07-04 20:34:06,714 [INFO] MicroXplorer:468 - Change Database Path : 
2025-07-04 20:34:06,714 [INFO] MicroXplorer:498 - Change Database Version : DB.6.0.140
2025-07-04 20:34:06,726 [ERROR] ProjectManagerView:394 - 
java.lang.NullPointerException: Cannot invoke "javax.swing.JTextField.getText()" because the return value of "java.util.List.get(int)" is null
	at com.st.microxplorer.plugins.projectmanager.gui.ProjectChoiceTab$9.caretUpdate(ProjectChoiceTab.java:2678) ~[filemanager.jar:?]
	at javax.swing.text.JTextComponent.fireCaretUpdate(JTextComponent.java:408) ~[?:?]
	at javax.swing.text.JTextComponent$MutableCaretEvent.fire(JTextComponent.java:4484) ~[?:?]
	at javax.swing.text.JTextComponent$MutableCaretEvent.stateChanged(JTextComponent.java:4506) ~[?:?]
	at javax.swing.text.DefaultCaret.fireStateChanged(DefaultCaret.java:857) ~[?:?]
	at javax.swing.text.DefaultCaret.changeCaretPosition(DefaultCaret.java:1343) ~[?:?]
	at javax.swing.text.DefaultCaret.handleSetDot(DefaultCaret.java:1242) ~[?:?]
	at javax.swing.text.DefaultCaret.setDot(DefaultCaret.java:1223) ~[?:?]
	at javax.swing.text.DefaultCaret$Handler.insertUpdate(DefaultCaret.java:1819) ~[?:?]
	at javax.swing.text.AbstractDocument.fireInsertUpdate(AbstractDocument.java:227) ~[?:?]
	at javax.swing.text.AbstractDocument.handleInsertString(AbstractDocument.java:781) ~[?:?]
	at javax.swing.text.AbstractDocument.insertString(AbstractDocument.java:740) ~[?:?]
	at javax.swing.text.PlainDocument.insertString(PlainDocument.java:131) ~[?:?]
	at javax.swing.text.AbstractDocument.replace(AbstractDocument.java:699) ~[?:?]
	at javax.swing.text.JTextComponent.setText(JTextComponent.java:1725) ~[?:?]
	at com.st.microxplorer.plugins.projectmanager.gui.ProjectChoiceTab.createHeapStackFields(ProjectChoiceTab.java:979) ~[filemanager.jar:?]
	at com.st.microxplorer.plugins.projectmanager.gui.ProjectChoiceTab.buildLinkSettingsPanel(ProjectChoiceTab.java:3766) ~[filemanager.jar:?]
	at com.st.microxplorer.plugins.projectmanager.gui.ProjectChoiceTab.defineWindowsFields(ProjectChoiceTab.java:1962) ~[filemanager.jar:?]
	at com.st.microxplorer.plugins.projectmanager.gui.ProjectChoiceTab.updateSettings(ProjectChoiceTab.java:555) ~[filemanager.jar:?]
	at com.st.microxplorer.plugins.projectmanager.gui.ProjectSettingsPanel.UpdateDialog(ProjectSettingsPanel.java:245) ~[filemanager.jar:?]
	at com.st.microxplorer.plugins.projectmanager.ProjectManagerView.propertyChange(ProjectManagerView.java:391) ~[filemanager.jar:?]
	at java.beans.PropertyChangeSupport.fire(PropertyChangeSupport.java:343) ~[?:?]
	at java.beans.PropertyChangeSupport.firePropertyChange(PropertyChangeSupport.java:335) ~[?:?]
	at java.beans.PropertyChangeSupport.firePropertyChange(PropertyChangeSupport.java:268) ~[?:?]
	at com.st.microxplorer.util.MXPropertyChangeSupport.firePropertyChange(MXPropertyChangeSupport.java:54) ~[STM32CubeMX.jar:?]
	at com.st.microxplorer.mxsystem.MxSystem.closeConfig(MxSystem.java:899) ~[STM32CubeMX.jar:?]
	at com.st.microxplorer.maingui.MainPanel.closeConfig(MainPanel.java:789) ~[STM32CubeMX.jar:?]
	at com.st.microxplorer.plugins.filemanager.engine.OpenFileManager.loadConfigurationFile(OpenFileManager.java:287) ~[filemanager.jar:?]
	at com.st.microxplorer.plugins.filemanager.engine.MainFileManager.userLoadConfig(MainFileManager.java:341) ~[filemanager.jar:?]
	at com.st.microxplorer.plugins.filemanager.engine.MainFileManager.userLoadConfig(MainFileManager.java:319) ~[filemanager.jar:?]
	at com.st.microxplorer.plugins.filemanager.FileManagerView.getSpecificTask(FileManagerView.java:246) ~[filemanager.jar:?]
	at com.st.stm32cube.common.mx.editor.CubeMxEditor.getMxTabbedPaneInstance(CubeMxEditor.java:1198) ~[com.st.stm32cube.common.mx_6.14.0.202502271554/:?]
	at com.st.stm32cube.common.mx.editor.CubeMxEditor$12$1.createSwingComponent(CubeMxEditor.java:1068) ~[com.st.stm32cube.common.mx_6.14.0.202502271554/:?]
	at com.st.stm32cube.common.mx.oss.core.awtswtbridge.EmbeddedSwingComposite.doComponentCreation(EmbeddedSwingComposite.java:492) ~[com.st.stm32cube.common.mx.oss_6.14.0.202502271554/:?]
	at com.st.stm32cube.common.mx.oss.core.awtswtbridge.EmbeddedSwingComposite$4.run(EmbeddedSwingComposite.java:291) ~[com.st.stm32cube.common.mx.oss_6.14.0.202502271554/:?]
	at com.st.stm32cube.common.mx.oss.core.awtswtbridge.AwtEnvironment$2.run(AwtEnvironment.java:166) ~[com.st.stm32cube.common.mx.oss_6.14.0.202502271554/:?]
	at java.awt.event.InvocationEvent.dispatch(InvocationEvent.java:318) ~[?:?]
	at java.awt.EventQueue.dispatchEventImpl(EventQueue.java:773) ~[?:?]
	at java.awt.EventQueue$4.run(EventQueue.java:720) ~[?:?]
	at java.awt.EventQueue$4.run(EventQueue.java:714) ~[?:?]
	at java.security.AccessController.doPrivileged(AccessController.java:400) ~[?:?]
	at java.security.ProtectionDomain$JavaSecurityAccessImpl.doIntersectionPrivilege(ProtectionDomain.java:87) ~[?:?]
	at java.awt.EventQueue.dispatchEvent(EventQueue.java:742) ~[?:?]
	at java.awt.EventDispatchThread.pumpOneEventForFilters(EventDispatchThread.java:203) ~[?:?]
	at java.awt.EventDispatchThread.pumpEventsForFilter(EventDispatchThread.java:124) ~[?:?]
	at java.awt.EventDispatchThread.pumpEventsForHierarchy(EventDispatchThread.java:113) ~[?:?]
	at java.awt.EventDispatchThread.pumpEvents(EventDispatchThread.java:109) ~[?:?]
	at java.awt.EventDispatchThread.pumpEvents(EventDispatchThread.java:101) ~[?:?]
	at java.awt.EventDispatchThread.run(EventDispatchThread.java:90) ~[?:?]
2025-07-04 20:34:06,732 [WARN] ThirdParty:871 - waiting for thirdparty lock release [close project]
2025-07-04 20:34:06,732 [INFO] ThirdParty:873 - entering critical section [close project]
2025-07-04 20:34:06,732 [INFO] ThirdParty:883 - exiting critical section [close project]
2025-07-04 20:34:06,735 [INFO] PinOutPanel:1589 - setPackage(No Configuration,No Configuration)
2025-07-04 20:34:06,741 [WARN] IpParametersView:155 - Warning: This peripheral hasn't parameters
2025-07-04 20:34:06,747 [WARN] MainPanel:289 - <html><b><center>Warning: This peripheral has no parameters to be configured<br></b></html>
2025-07-04 20:34:06,757 [INFO] UtilMem:75 - Begin LoadConfig() Used Memory: 733434888 Bytes (1073741824)
2025-07-04 20:34:06,758 [INFO] MicroXplorer:468 - Change Database Path : 
2025-07-04 20:34:06,758 [INFO] MicroXplorer:498 - Change Database Version : DB.6.0.140
2025-07-04 20:34:06,758 [INFO] OpenFileManager:354 - Change cursor
2025-07-04 20:34:06,776 [INFO] RulesReader:64 - Compatibility file has been processed (301 Rules)
2025-07-04 20:34:06,783 [INFO] Mcu:2011 - Initializing MCU STM32H743VITx STM32H743VITx STM32H743VIT6
2025-07-04 20:34:10,118 [INFO] Context:756 - Trying to add GPIOservice into a context  which must be forbidden
2025-07-04 20:34:11,936 [INFO] ImportTextPane:218 - (OptionalMessage_ERROR) Pin16 (VP_RIF_VS_RIF1) cannot be retrieved for this MCU
2025-07-04 20:34:12,138 [INFO] RtosManager:558 - Registered RTOS mode: class=CMSIS, group=RTOS, mode=CMSIS_V1, owner=FREERTOS
2025-07-04 20:34:12,139 [INFO] RtosManager:558 - Registered RTOS mode: class=CMSIS, group=RTOS2, mode=CMSIS_V2, owner=FREERTOS
2025-07-04 20:34:12,139 [INFO] RtosManager:558 - Registered RTOS mode: class=RTOS, group=Core, mode=CMSIS_V1, owner=FREERTOS
2025-07-04 20:34:12,139 [INFO] RtosManager:558 - Registered RTOS mode: class=RTOS, group=Core, mode=CMSIS_V2, owner=FREERTOS
2025-07-04 20:34:12,139 [WARN] ModelIntegratedComponent:184 - Missing modes for component STMicroelectronics:FreeRTOS:0.0.1:STMicroelectronics:RTOS:FreeRTOS:Core:::10.2.0:
2025-07-04 20:34:12,152 [WARN] ModelIntegratedComponent:63 - No mode defined for component null
2025-07-04 20:34:12,152 [WARN] ModelIntegratedComponent:63 - No mode defined for component null
2025-07-04 20:34:12,152 [WARN] ModelIntegratedComponent:63 - No mode defined for component null
2025-07-04 20:34:12,153 [WARN] ModelIntegratedComponent:63 - No mode defined for component null
2025-07-04 20:34:12,153 [WARN] ModelIntegratedComponent:63 - No mode defined for component null
2025-07-04 20:34:12,153 [WARN] ModelIntegratedComponent:63 - No mode defined for component null
2025-07-04 20:34:12,153 [WARN] ModelIntegratedComponent:63 - No mode defined for component null
2025-07-04 20:34:12,153 [WARN] ModelIntegratedComponent:63 - No mode defined for component null
2025-07-04 20:34:12,153 [WARN] ModelIntegratedComponent:63 - No mode defined for component null
2025-07-04 20:34:12,154 [WARN] ModelIntegratedComponent:63 - No mode defined for component null
2025-07-04 20:34:12,154 [WARN] ModelIntegratedComponent:63 - No mode defined for component null
2025-07-04 20:34:12,154 [WARN] ModelIntegratedComponent:63 - No mode defined for component null
2025-07-04 20:34:12,154 [WARN] ModelIntegratedComponent:63 - No mode defined for component null
2025-07-04 20:34:12,154 [WARN] ModelIntegratedComponent:63 - No mode defined for component null
2025-07-04 20:34:12,154 [WARN] ModelIntegratedComponent:63 - No mode defined for component null
2025-07-04 20:34:12,154 [WARN] ModelIntegratedComponent:63 - No mode defined for component null
2025-07-04 20:34:12,154 [WARN] ModelIntegratedComponent:63 - No mode defined for component null
2025-07-04 20:34:12,154 [WARN] ModelIntegratedComponent:63 - No mode defined for component null
2025-07-04 20:34:12,154 [WARN] ModelIntegratedComponent:63 - No mode defined for component null
2025-07-04 20:34:12,154 [WARN] ModelIntegratedComponent:63 - No mode defined for component null
2025-07-04 20:34:12,154 [WARN] ModelIntegratedComponent:63 - No mode defined for component null
2025-07-04 20:34:12,154 [WARN] ModelIntegratedComponent:63 - No mode defined for component null
2025-07-04 20:34:12,154 [WARN] ModelIntegratedComponent:63 - No mode defined for component null
2025-07-04 20:34:12,154 [WARN] ModelIntegratedComponent:63 - No mode defined for component null
2025-07-04 20:34:12,154 [WARN] ModelIntegratedComponent:63 - No mode defined for component null
2025-07-04 20:34:12,154 [WARN] ModelIntegratedComponent:63 - No mode defined for component null
2025-07-04 20:34:12,154 [WARN] ModelIntegratedComponent:63 - No mode defined for component null
2025-07-04 20:34:12,154 [WARN] ModelIntegratedComponent:63 - No mode defined for component null
2025-07-04 20:34:12,154 [WARN] ModelIntegratedComponent:63 - No mode defined for component null
2025-07-04 20:34:12,154 [WARN] ModelIntegratedComponent:63 - No mode defined for component null
2025-07-04 20:34:12,154 [WARN] ModelIntegratedComponent:63 - No mode defined for component null
2025-07-04 20:34:12,154 [WARN] ModelIntegratedComponent:63 - No mode defined for component null
2025-07-04 20:34:12,154 [WARN] ModelIntegratedComponent:63 - No mode defined for component null
2025-07-04 20:34:12,154 [WARN] ModelIntegratedComponent:63 - No mode defined for component null
2025-07-04 20:34:12,155 [WARN] ModelIntegratedComponent:63 - No mode defined for component null
2025-07-04 20:34:12,155 [WARN] ModelPack:524 - Component already loaded: STMicroelectronics:HAL Drivers:0.0.0:STMicroelectronics:Device:STMicro_Driver:XSPI:HAL::0.0.1:HAL_XSPI
2025-07-04 20:34:12,324 [INFO] ThirdPartyModel:298 - Start build external matchings
2025-07-04 20:34:13,691 [INFO] ThirdPartyModel:316 - End build external matchings
2025-07-04 20:34:13,738 [INFO] ImportTextPane:218 - (OptionalMessage_ERROR) IP (RCC) : Invalid parameter (FamilyName)
2025-07-04 20:34:13,738 [INFO] ImportTextPane:218 - (OptionalMessage_ERROR) IP (RCC) : Parameter (I2C123Freq_Value) has invalid value (120000000)
2025-07-04 20:34:13,738 [INFO] ImportTextPane:218 - (OptionalMessage_ERROR) IP (RCC) : Parameter (I2C4Freq_Value) has invalid value (120000000)
2025-07-04 20:34:13,738 [INFO] ImportTextPane:218 - (OptionalMessage_ERROR) IP (RCC) : Parameter (LPTIM1Freq_Value) has invalid value (120000000)
2025-07-04 20:34:13,739 [INFO] ImportTextPane:218 - (OptionalMessage_ERROR) IP (RCC) : Parameter (LPTIM2Freq_Value) has invalid value (120000000)
2025-07-04 20:34:13,739 [INFO] ImportTextPane:218 - (OptionalMessage_ERROR) IP (RCC) : Parameter (LPTIM345Freq_Value) has invalid value (120000000)
2025-07-04 20:34:13,739 [INFO] ImportTextPane:218 - (OptionalMessage_ERROR) IP (RCC) : Parameter (LPUART1Freq_Value) has invalid value (120000000)
2025-07-04 20:34:13,739 [INFO] ImportTextPane:218 - (OptionalMessage_ERROR) IP (RCC) : Parameter (SPI45Freq_Value) has invalid value (120000000)
2025-07-04 20:34:13,739 [INFO] ImportTextPane:218 - (OptionalMessage_ERROR) IP (RCC) : Parameter (SPI6Freq_Value) has invalid value (120000000)
2025-07-04 20:34:13,739 [INFO] ImportTextPane:218 - (OptionalMessage_ERROR) IP (RCC) : Parameter (SWPMI1Freq_Value) has invalid value (120000000)
2025-07-04 20:34:13,739 [INFO] ImportTextPane:218 - (OptionalMessage_ERROR) IP (RCC) : Parameter (USART16Freq_Value) has invalid value (120000000)
2025-07-04 20:34:13,739 [INFO] ImportTextPane:218 - (OptionalMessage_ERROR) IP (RCC) : Parameter (USART234578Freq_Value) has invalid value (120000000)
2025-07-04 20:34:13,744 [WARN] IP:2250 - DEVICE_SERIAL0_MSC_FS not found: check if there is a RefParameter without a condition.
2025-07-04 20:34:13,744 [WARN] IP:2250 - DEVICE_SERIAL1_MSC_FS not found: check if there is a RefParameter without a condition.
2025-07-04 20:34:13,744 [WARN] IP:2250 - DEVICE_SERIAL2_MSC_FS not found: check if there is a RefParameter without a condition.
2025-07-04 20:34:14,113 [INFO] UtilMem:75 - End LoadConfig() Used Memory: 889645344 Bytes (1073741824)
2025-07-04 20:34:14,123 [WARN] ThirdParty:833 - waiting for thirdparty lock release [change project]
2025-07-04 20:34:14,123 [INFO] ThirdParty:835 - entering critical section [change project]
2025-07-04 20:34:14,123 [INFO] ThirdParty:1030 - CMSIS Pack Vendor :STMicroelectronics X-CUBE-PM33A1 1.0.0
2025-07-04 20:34:14,123 [INFO] ThirdParty:1030 - CMSIS Pack Vendor :STMicroelectronics USBPD 4.1
2025-07-04 20:34:14,123 [INFO] ThirdParty:1030 - CMSIS Pack Vendor :STMicroelectronics X-CUBE-AZRTOS-H7 3.3.0
2025-07-04 20:34:14,123 [INFO] ThirdParty:1030 - CMSIS Pack Vendor :STMicroelectronics X-CUBE-NFC9 1.0.0
2025-07-04 20:34:14,123 [INFO] ThirdParty:1030 - CMSIS Pack Vendor :STMicroelectronics USB_HOST 2.0.0
2025-07-04 20:34:14,123 [INFO] ThirdParty:1030 - CMSIS Pack Vendor :STMicroelectronics FP-SNS-MOTENVWB1 1.4.0
2025-07-04 20:34:14,123 [INFO] ThirdParty:1030 - CMSIS Pack Vendor :STMicroelectronics X-CUBE-AZRTOS-F4 1.1.0
2025-07-04 20:34:14,123 [INFO] ThirdParty:1030 - CMSIS Pack Vendor :STMicroelectronics LIBJPEG 8.0.0
2025-07-04 20:34:14,123 [INFO] ThirdParty:1030 - CMSIS Pack Vendor :STMicroelectronics FP-ATR-ASTRA1 2.0.2
2025-07-04 20:34:14,123 [INFO] ThirdParty:1030 - CMSIS Pack Vendor :STMicroelectronics X-CUBE-BLE1 7.1.0
2025-07-04 20:34:14,123 [INFO] ThirdParty:1030 - CMSIS Pack Vendor :Avnet-IotConnect X-CUBE-IoTC-DA16k-PMOD 1.0.0
2025-07-04 20:34:14,123 [INFO] ThirdParty:1030 - CMSIS Pack Vendor :STMicroelectronics X-CUBE-SMBUS 2.1.0
2025-07-04 20:34:14,123 [INFO] ThirdParty:1030 - CMSIS Pack Vendor :STMicroelectronics X-CUBE-WB05N 1.1.0
2025-07-04 20:34:14,123 [INFO] ThirdParty:1030 - CMSIS Pack Vendor :wolfSSL I-CUBE-wolfMQTT 1.19.2
2025-07-04 20:34:14,123 [INFO] ThirdParty:1030 - CMSIS Pack Vendor :STMicroelectronics USB_DEVICE 3.0.0
2025-07-04 20:34:14,123 [INFO] ThirdParty:1030 - CMSIS Pack Vendor :STMicroelectronics X-CUBE-ISPU 2.1.0
2025-07-04 20:34:14,123 [INFO] ThirdParty:1030 - CMSIS Pack Vendor :STMicroelectronics X-CUBE-AZRTOS-WB 2.0.0
2025-07-04 20:34:14,123 [INFO] ThirdParty:1030 - CMSIS Pack Vendor :STMicroelectronics X-CUBE-ST60 1.0.0
2025-07-04 20:34:14,123 [INFO] ThirdParty:1030 - CMSIS Pack Vendor :STMicroelectronics X-CUBE-GNSS1 7.0.1
2025-07-04 20:34:14,123 [INFO] ThirdParty:1030 - CMSIS Pack Vendor :STMicroelectronics X-CUBE-AZRTOS-F7 1.1.0
2025-07-04 20:34:14,123 [INFO] ThirdParty:1030 - CMSIS Pack Vendor :STMicroelectronics X-CUBE-AZRTOS-L5 2.0.0
2025-07-04 20:34:14,124 [INFO] ThirdParty:1030 - CMSIS Pack Vendor :STMicroelectronics X-CUBE-TOUCHGFX 4.25.0
2025-07-04 20:34:14,124 [INFO] ThirdParty:1030 - CMSIS Pack Vendor :STMicroelectronics USB_DEVICE 2.0.0
2025-07-04 20:34:14,124 [INFO] ThirdParty:1030 - CMSIS Pack Vendor :STMicroelectronics X-CUBE-NFC6 3.1.0
2025-07-04 20:34:14,124 [INFO] ThirdParty:1030 - CMSIS Pack Vendor :STMicroelectronics X-CUBE-AI 10.1.0
2025-07-04 20:34:14,124 [INFO] ThirdParty:1030 - CMSIS Pack Vendor :STMicroelectronics FP-SNS-STBOX1 2.0.0
2025-07-04 20:34:14,124 [INFO] ThirdParty:1030 - CMSIS Pack Vendor :STMicroelectronics X-CUBE-MEMS1 11.2.0
2025-07-04 20:34:14,124 [INFO] ThirdParty:1030 - CMSIS Pack Vendor :STMicroelectronics FreeRTOS 0.0.1
2025-07-04 20:34:14,124 [INFO] ThirdParty:1030 - CMSIS Pack Vendor :STMicroelectronics X-CUBE-AZRTOS-G0 1.1.0
2025-07-04 20:34:14,124 [INFO] ThirdParty:1030 - CMSIS Pack Vendor :STMicroelectronics X-CUBE-SAFEA1 1.2.2
2025-07-04 20:34:14,124 [INFO] ThirdParty:1030 - CMSIS Pack Vendor :STMicroelectronics X-CUBE-NFC4 3.0.0
2025-07-04 20:34:14,124 [INFO] ThirdParty:1030 - CMSIS Pack Vendor :STMicroelectronics X-CUBE-DPower 1.2.0
2025-07-04 20:34:14,124 [INFO] ThirdParty:1030 - CMSIS Pack Vendor :STMicroelectronics X-CUBE-SUBG2 5.0.0
2025-07-04 20:34:14,124 [INFO] ThirdParty:1030 - CMSIS Pack Vendor :STMicroelectronics X-CUBE-AZRTOS-H7RS 1.1.0
2025-07-04 20:34:14,124 [INFO] ThirdParty:1030 - CMSIS Pack Vendor :STMicroelectronics STM32_WPAN 1.0.0
2025-07-04 20:34:14,124 [INFO] ThirdParty:1030 - CMSIS Pack Vendor :EmbeddedOffice I-CUBE-FS-RTOS 1.0.1
2025-07-04 20:34:14,124 [INFO] ThirdParty:1030 - CMSIS Pack Vendor :STMicroelectronics lwIP 2.0.3
2025-07-04 20:34:14,124 [INFO] ThirdParty:1030 - CMSIS Pack Vendor :STMicroelectronics FP-SNS-FLIGHT1 5.0.2
2025-07-04 20:34:14,124 [INFO] ThirdParty:1030 - CMSIS Pack Vendor :Cesanta I-CUBE-Mongoose 7.13.0
2025-07-04 20:34:14,124 [INFO] ThirdParty:1030 - CMSIS Pack Vendor :STMicroelectronics USB_HOST 1.0.0
2025-07-04 20:34:14,124 [INFO] ThirdParty:1030 - CMSIS Pack Vendor :Infineon AIROC-Wi-Fi-Bluetooth-STM32 1.7.0
2025-07-04 20:34:14,124 [INFO] ThirdParty:1030 - CMSIS Pack Vendor :STMicroelectronics X-CUBE-AZRTOS-G4 2.0.0
2025-07-04 20:34:14,124 [INFO] ThirdParty:1030 - CMSIS Pack Vendor :STMicroelectronics X-CUBE-WB05N 2.0.0
2025-07-04 20:34:14,124 [INFO] ThirdParty:1030 - CMSIS Pack Vendor :STMicroelectronics PDM2PCM 3.1.0
2025-07-04 20:34:14,124 [INFO] ThirdParty:1030 - CMSIS Pack Vendor :STMicroelectronics PDM2PCM 3.3.0
2025-07-04 20:34:14,124 [INFO] ThirdParty:1030 - CMSIS Pack Vendor :wolfSSL I-CUBE-wolfTPM 3.8.0
2025-07-04 20:34:14,124 [INFO] ThirdParty:1030 - CMSIS Pack Vendor :STMicroelectronics X-CUBE-DISPLAY 3.0.0
2025-07-04 20:34:14,124 [INFO] ThirdParty:1030 - CMSIS Pack Vendor :wolfSSL I-CUBE-wolfSSH 1.4.20
2025-07-04 20:34:14,124 [INFO] ThirdParty:1030 - CMSIS Pack Vendor :STMicroelectronics X-CUBE-NFC7 2.0.0
2025-07-04 20:34:14,124 [INFO] ThirdParty:1030 - CMSIS Pack Vendor :STMicroelectronics X-CUBE-TCPP 4.2.0
2025-07-04 20:34:14,124 [INFO] ThirdParty:1030 - CMSIS Pack Vendor :RealThread X-CUBE-RT-Thread_Nano 4.1.1
2025-07-04 20:34:14,124 [INFO] ThirdParty:1030 - CMSIS Pack Vendor :STMicroelectronics FP-ATR-SIGFOX1 3.2.0
2025-07-04 20:34:14,124 [INFO] ThirdParty:1030 - CMSIS Pack Vendor :STMicroelectronics X-CUBE-NFC10 1.0.0
2025-07-04 20:34:14,124 [INFO] ThirdParty:1030 - CMSIS Pack Vendor :STMicroelectronics X-CUBE-BLEMGR 4.0.0
2025-07-04 20:34:14,124 [INFO] ThirdParty:1030 - CMSIS Pack Vendor :STMicroelectronics X-CUBE-EEPRMA1 5.1.0
2025-07-04 20:34:14,125 [INFO] ThirdParty:1030 - CMSIS Pack Vendor :STMicroelectronics X-CUBE-FREERTOS 1.3.1
2025-07-04 20:34:14,125 [INFO] ThirdParty:1030 - CMSIS Pack Vendor :STMicroelectronics HAL Drivers 0.0.0
2025-07-04 20:34:14,125 [INFO] ThirdParty:1030 - CMSIS Pack Vendor :STMicroelectronics MBEDTLS 2.16.2
2025-07-04 20:34:14,125 [INFO] ThirdParty:1030 - CMSIS Pack Vendor :STMicroelectronics X-CUBE-IPS 3.1.0
2025-07-04 20:34:14,125 [INFO] ThirdParty:1030 - CMSIS Pack Vendor :STMicroelectronics X-CUBE-ALS 1.0.2
2025-07-04 20:34:14,125 [INFO] ThirdParty:1030 - CMSIS Pack Vendor :emotas I-CUBE-CANOPEN 1.3.0
2025-07-04 20:34:14,125 [INFO] ThirdParty:1030 - CMSIS Pack Vendor :STMicroelectronics X-CUBE-FREERTOS 1.3.0
2025-07-04 20:34:14,125 [INFO] ThirdParty:1030 - CMSIS Pack Vendor :STMicroelectronics X-CUBE-NFC7 1.0.1
2025-07-04 20:34:14,125 [INFO] ThirdParty:1030 - CMSIS Pack Vendor :STMicroelectronics MBEDTLS 2.14.1
2025-07-04 20:34:14,125 [INFO] ThirdParty:1030 - CMSIS Pack Vendor :wolfSSL I-CUBE-wolfSSL 5.7.6
2025-07-04 20:34:14,125 [INFO] ThirdParty:1030 - CMSIS Pack Vendor :ITTIA_DB I-CUBE-ITTIADB 8.9.0
2025-07-04 20:34:14,125 [INFO] ThirdParty:1030 - CMSIS Pack Vendor :STMicroelectronics X-CUBE-TOUCHGFX 4.24.2
2025-07-04 20:34:14,125 [INFO] ThirdParty:1030 - CMSIS Pack Vendor :portGmbH I-Cube-SoM-uGOAL 1.1.0
2025-07-04 20:34:14,125 [INFO] ThirdParty:1030 - CMSIS Pack Vendor :quantropi X-CUBE-qispace-sdk-base 2.0.0
2025-07-04 20:34:14,125 [INFO] ThirdParty:1030 - CMSIS Pack Vendor :STMicroelectronics X-CUBE-AI 10.0.0
2025-07-04 20:34:14,125 [INFO] ThirdParty:1030 - CMSIS Pack Vendor :STMicroelectronics X-CUBE-ST67W61 1.0.0
2025-07-04 20:34:14,125 [INFO] ThirdParty:1030 - CMSIS Pack Vendor :STMicroelectronics FP-SNS-STAIOTCFT 1.0.0
2025-07-04 20:34:14,125 [INFO] ThirdParty:1030 - CMSIS Pack Vendor :STMicroelectronics ThreadX 1.0.0
2025-07-04 20:34:14,125 [INFO] ThirdParty:1030 - CMSIS Pack Vendor :STMicroelectronics FP-SNS-SMARTAG2 1.2.0
2025-07-04 20:34:14,125 [INFO] ThirdParty:1030 - CMSIS Pack Vendor :STMicroelectronics FP-SNS-FLIGHT1 5.1.0
2025-07-04 20:34:14,125 [INFO] ThirdParty:1030 - CMSIS Pack Vendor :STMicroelectronics X-CUBE-MEMS1 11.1.0
2025-07-04 20:34:14,125 [INFO] ThirdParty:1030 - CMSIS Pack Vendor :STMicroelectronics X-CUBE-AZRTOS-WL 2.0.0
2025-07-04 20:34:14,126 [INFO] ThirdParty:1030 - CMSIS Pack Vendor :SEGGER I-CUBE-embOS 1.3.1
2025-07-04 20:34:14,126 [INFO] ThirdParty:1030 - CMSIS Pack Vendor :STMicroelectronics X-CUBE-ALGOBUILD 1.4.0
2025-07-04 20:34:14,126 [INFO] ThirdParty:1030 - CMSIS Pack Vendor :STMicroelectronics X-CUBE-DPower 1.3.0
2025-07-04 20:34:14,126 [INFO] ThirdParty:1030 - CMSIS Pack Vendor :STMicroelectronics X-CUBE-MEMS1 11.3.0
2025-07-04 20:34:14,126 [INFO] ThirdParty:1030 - CMSIS Pack Vendor :STMicroelectronics FP-SNS-MOTENV1 5.0.0
2025-07-04 20:34:14,126 [INFO] ThirdParty:1030 - CMSIS Pack Vendor :STMicroelectronics USB_DEVICE 1.0.0
2025-07-04 20:34:14,126 [INFO] ThirdParty:1030 - CMSIS Pack Vendor :STMicroelectronics X-CUBE-AZRTOS-H7RS 1.0.0
2025-07-04 20:34:14,126 [INFO] ThirdParty:1030 - CMSIS Pack Vendor :STMicroelectronics X-CUBE-AZRTOS-L4 2.0.0
2025-07-04 20:34:14,126 [INFO] ThirdParty:1030 - CMSIS Pack Vendor :STMicroelectronics ThreadX 0.0.2
2025-07-04 20:34:14,126 [INFO] ThirdParty:1030 - CMSIS Pack Vendor :WES I-CUBE-Cesium 1.3.0
2025-07-04 20:34:14,126 [INFO] ThirdParty:1030 - CMSIS Pack Vendor :STMicroelectronics lwIP 2.1.2
2025-07-04 20:34:14,126 [INFO] ThirdParty:1030 - CMSIS Pack Vendor :STMicroelectronics X-CUBE-SFXS2LP1 4.0.0
2025-07-04 20:34:14,126 [INFO] ThirdParty:1030 - CMSIS Pack Vendor :STMicroelectronics X-CUBE-BLE2 3.3.0
2025-07-04 20:34:14,126 [INFO] ThirdParty:1030 - CMSIS Pack Vendor :STMicroelectronics X-CUBE-TOF1 3.4.2
2025-07-04 20:34:14,126 [INFO] ThirdParty:1030 - CMSIS Pack Vendor :STMicroelectronics X-CUBE-TOF1 3.4.3
2025-07-04 20:34:14,126 [INFO] ThirdParty:1030 - CMSIS Pack Vendor :STMicroelectronics PDM2PCM 3.2.0
2025-07-04 20:34:14,126 [INFO] ThirdParty:841 - exiting critical section [change project]
2025-07-04 20:34:14,627 [INFO] PinOutPanel:1589 - setPackage(No Configuration,No Configuration)
2025-07-04 20:34:14,629 [INFO] PinOutPanel:1589 - setPackage(STM32H743VITx,LQFP100)
2025-07-04 20:34:15,402 [INFO] UtilMem:75 - Before build in PCC Used Memory: 917506048 Bytes (1073741824)
2025-07-04 20:34:15,689 [INFO] UtilMem:75 - After build in PCC Used Memory: 979894272 Bytes (1073741824)
2025-07-04 20:34:15,703 [INFO] ApiDbMcu:508 - Load IP Config File for USB_DEVICE
2025-07-04 20:34:15,740 [INFO] IPUIPlugin:80 - create IPUIPlugin
2025-07-04 20:34:15,741 [INFO] IPUIPlugin:80 - create IPUIPlugin
2025-07-04 20:34:15,741 [INFO] IPUIPlugin:80 - create IPUIPlugin
2025-07-04 20:34:15,741 [INFO] IPUIPlugin:80 - create IPUIPlugin
2025-07-04 20:34:15,741 [INFO] IPUIPlugin:80 - create IPUIPlugin
2025-07-04 20:34:15,741 [INFO] IPUIPlugin:80 - create IPUIPlugin
2025-07-04 20:34:15,741 [INFO] IPUIPlugin:80 - create IPUIPlugin
2025-07-04 20:34:15,741 [INFO] IPUIPlugin:80 - create IPUIPlugin
2025-07-04 20:34:15,741 [INFO] IPUIPlugin:80 - create IPUIPlugin
2025-07-04 20:34:15,741 [INFO] IPUIPlugin:80 - create IPUIPlugin
2025-07-04 20:34:15,754 [INFO] IPUIPlugin:80 - create IPUIPlugin
2025-07-04 20:34:15,754 [INFO] IPUIPlugin:80 - create IPUIPlugin
2025-07-04 20:34:15,754 [INFO] IPUIPlugin:80 - create IPUIPlugin
2025-07-04 20:34:15,755 [INFO] IPUIPlugin:80 - create IPUIPlugin
2025-07-04 20:34:15,755 [INFO] IPUIPlugin:80 - create IPUIPlugin
2025-07-04 20:34:15,755 [INFO] IPUIPlugin:80 - create IPUIPlugin
2025-07-04 20:34:15,755 [INFO] IPUIPlugin:80 - create IPUIPlugin
2025-07-04 20:34:15,755 [INFO] IPUIPlugin:80 - create IPUIPlugin
2025-07-04 20:34:15,756 [INFO] IPUIPlugin:80 - create IPUIPlugin
2025-07-04 20:34:15,756 [INFO] IPUIPlugin:80 - create IPUIPlugin
2025-07-04 20:34:15,756 [INFO] IPUIPlugin:80 - create IPUIPlugin
2025-07-04 20:34:15,756 [INFO] IPUIPlugin:80 - create IPUIPlugin
2025-07-04 20:34:15,756 [INFO] IPUIPlugin:80 - create IPUIPlugin
2025-07-04 20:34:15,756 [INFO] IPUIPlugin:80 - create IPUIPlugin
2025-07-04 20:34:15,757 [INFO] IPUIPlugin:80 - create IPUIPlugin
2025-07-04 20:34:15,757 [INFO] IPUIPlugin:80 - create IPUIPlugin
2025-07-04 20:34:15,757 [INFO] IPUIPlugin:80 - create IPUIPlugin
2025-07-04 20:34:15,758 [INFO] IPUIPlugin:80 - create IPUIPlugin
2025-07-04 20:34:15,758 [INFO] IPUIPlugin:80 - create IPUIPlugin
2025-07-04 20:34:15,758 [INFO] IPUIPlugin:80 - create IPUIPlugin
2025-07-04 20:34:15,758 [INFO] IPUIPlugin:80 - create IPUIPlugin
2025-07-04 20:34:15,759 [INFO] IPUIPlugin:80 - create IPUIPlugin
2025-07-04 20:34:15,759 [INFO] IPUIPlugin:80 - create IPUIPlugin
2025-07-04 20:34:15,759 [INFO] IPUIPlugin:80 - create IPUIPlugin
2025-07-04 20:34:15,759 [INFO] IPUIPlugin:80 - create IPUIPlugin
2025-07-04 20:34:15,759 [INFO] IPUIPlugin:80 - create IPUIPlugin
2025-07-04 20:34:15,760 [INFO] IPUIPlugin:80 - create IPUIPlugin
2025-07-04 20:34:15,760 [INFO] IPUIPlugin:80 - create IPUIPlugin
2025-07-04 20:34:15,760 [INFO] IPUIPlugin:80 - create IPUIPlugin
2025-07-04 20:34:15,760 [INFO] IPUIPlugin:80 - create IPUIPlugin
2025-07-04 20:34:15,761 [INFO] IPUIPlugin:80 - create IPUIPlugin
2025-07-04 20:34:15,761 [INFO] IPUIPlugin:80 - create IPUIPlugin
2025-07-04 20:34:15,761 [INFO] IPUIPlugin:80 - create IPUIPlugin
2025-07-04 20:34:15,761 [INFO] IPUIPlugin:80 - create IPUIPlugin
2025-07-04 20:34:15,762 [INFO] IPUIPlugin:80 - create IPUIPlugin
2025-07-04 20:34:15,762 [INFO] IPUIPlugin:80 - create IPUIPlugin
2025-07-04 20:34:15,762 [INFO] IPUIPlugin:80 - create IPUIPlugin
2025-07-04 20:34:15,762 [INFO] IPUIPlugin:80 - create IPUIPlugin
2025-07-04 20:34:15,762 [INFO] IPUIPlugin:80 - create IPUIPlugin
2025-07-04 20:34:15,763 [INFO] IPUIPlugin:80 - create IPUIPlugin
2025-07-04 20:34:15,763 [INFO] IPUIPlugin:80 - create IPUIPlugin
2025-07-04 20:34:15,763 [INFO] IPUIPlugin:80 - create IPUIPlugin
2025-07-04 20:34:15,764 [INFO] IPUIPlugin:80 - create IPUIPlugin
2025-07-04 20:34:15,764 [INFO] IPUIPlugin:80 - create IPUIPlugin
2025-07-04 20:34:15,765 [INFO] IPUIPlugin:80 - create IPUIPlugin
2025-07-04 20:34:15,765 [INFO] IPUIPlugin:80 - create IPUIPlugin
2025-07-04 20:34:15,765 [INFO] IPUIPlugin:80 - create IPUIPlugin
2025-07-04 20:34:15,765 [INFO] IPUIPlugin:80 - create IPUIPlugin
2025-07-04 20:34:15,766 [INFO] IPUIPlugin:80 - create IPUIPlugin
2025-07-04 20:34:15,766 [INFO] IPUIPlugin:80 - create IPUIPlugin
2025-07-04 20:34:15,766 [INFO] IPUIPlugin:80 - create IPUIPlugin
2025-07-04 20:34:15,766 [INFO] IPUIPlugin:80 - create IPUIPlugin
2025-07-04 20:34:15,767 [INFO] IPUIPlugin:80 - create IPUIPlugin
2025-07-04 20:34:15,767 [INFO] IPUIPlugin:80 - create IPUIPlugin
2025-07-04 20:34:15,767 [INFO] IPUIPlugin:80 - create IPUIPlugin
2025-07-04 20:34:15,768 [INFO] IPUIPlugin:80 - create IPUIPlugin
2025-07-04 20:34:15,768 [INFO] IPUIPlugin:80 - create IPUIPlugin
2025-07-04 20:34:15,768 [INFO] IPUIPlugin:80 - create IPUIPlugin
2025-07-04 20:34:15,769 [INFO] IPUIPlugin:80 - create IPUIPlugin
2025-07-04 20:34:15,769 [INFO] IPUIPlugin:80 - create IPUIPlugin
2025-07-04 20:34:15,769 [INFO] IPUIPlugin:80 - create IPUIPlugin
2025-07-04 20:34:15,769 [INFO] IPUIPlugin:80 - create IPUIPlugin
2025-07-04 20:34:15,770 [INFO] IPUIPlugin:80 - create IPUIPlugin
2025-07-04 20:34:15,770 [INFO] IPUIPlugin:80 - create IPUIPlugin
2025-07-04 20:34:15,770 [INFO] IPUIPlugin:80 - create IPUIPlugin
2025-07-04 20:34:15,770 [INFO] IPUIPlugin:80 - create IPUIPlugin
2025-07-04 20:34:15,771 [INFO] IPUIPlugin:80 - create IPUIPlugin
2025-07-04 20:34:15,772 [INFO] IPUIPlugin:80 - create IPUIPlugin
2025-07-04 20:34:15,772 [INFO] IPUIPlugin:80 - create IPUIPlugin
2025-07-04 20:34:15,772 [INFO] IPUIPlugin:80 - create IPUIPlugin
2025-07-04 20:34:15,772 [INFO] IPUIPlugin:80 - create IPUIPlugin
2025-07-04 20:34:15,773 [INFO] IPUIPlugin:80 - create IPUIPlugin
2025-07-04 20:34:15,773 [INFO] IPUIPlugin:80 - create IPUIPlugin
2025-07-04 20:34:15,774 [INFO] IPUIPlugin:80 - create IPUIPlugin
2025-07-04 20:34:15,774 [INFO] IPUIPlugin:80 - create IPUIPlugin
2025-07-04 20:34:15,775 [INFO] IPUIPlugin:80 - create IPUIPlugin
2025-07-04 20:34:15,775 [INFO] IPUIPlugin:80 - create IPUIPlugin
2025-07-04 20:34:15,776 [INFO] IPUIPlugin:80 - create IPUIPlugin
2025-07-04 20:34:15,776 [INFO] IPUIPlugin:80 - create IPUIPlugin
2025-07-04 20:34:15,777 [INFO] IPUIPlugin:80 - create IPUIPlugin
2025-07-04 20:34:15,777 [INFO] IPUIPlugin:80 - create IPUIPlugin
2025-07-04 20:34:15,777 [INFO] IPUIPlugin:80 - create IPUIPlugin
2025-07-04 20:34:15,778 [INFO] IPUIPlugin:80 - create IPUIPlugin
2025-07-04 20:34:15,779 [INFO] IPUIPlugin:80 - create IPUIPlugin
2025-07-04 20:34:15,780 [INFO] IPUIPlugin:80 - create IPUIPlugin
2025-07-04 20:34:15,780 [INFO] IPUIPlugin:80 - create IPUIPlugin
2025-07-04 20:34:15,780 [INFO] IPUIPlugin:80 - create IPUIPlugin
2025-07-04 20:34:15,783 [INFO] ApiDbMcu:508 - Load IP Config File for PDM2PCM
2025-07-04 20:34:15,851 [INFO] CADModel:165 - CPN selected for project levelSTM32H743VIT6
2025-07-04 20:34:15,851 [INFO] CADModel:114 - Register for checkConnection events
2025-07-04 20:34:15,888 [INFO] OpenFileManager:385 - Restore cursor
2025-07-04 20:34:16,115 [WARN] IP:2250 - DEVICE_SERIAL0_MSC_FS not found: check if there is a RefParameter without a condition.
2025-07-04 20:34:16,115 [WARN] IP:2250 - DEVICE_SERIAL1_MSC_FS not found: check if there is a RefParameter without a condition.
2025-07-04 20:34:16,115 [WARN] IP:2250 - DEVICE_SERIAL2_MSC_FS not found: check if there is a RefParameter without a condition.
2025-07-04 20:34:16,116 [WARN] IP:2250 - DEVICE_SERIAL0_MSC_FS not found: check if there is a RefParameter without a condition.
2025-07-04 20:34:16,116 [WARN] IP:2250 - DEVICE_SERIAL1_MSC_FS not found: check if there is a RefParameter without a condition.
2025-07-04 20:34:16,116 [WARN] IP:2250 - DEVICE_SERIAL2_MSC_FS not found: check if there is a RefParameter without a condition.
2025-07-04 20:36:01,799 [INFO] MainUpdater:2872 - connection check result : 10
2025-07-04 20:36:01,799 [INFO] MainUpdater:2872 - connection check result : 10
2025-07-04 20:36:01,848 [INFO] MicroXplorer:468 - Change Database Path : 
2025-07-04 20:36:01,848 [INFO] MicroXplorer:498 - Change Database Version : DB.6.0.140
2025-07-04 20:36:01,853 [ERROR] ProjectManagerView:394 - 
java.lang.NullPointerException: Cannot invoke "javax.swing.JTextField.getText()" because the return value of "java.util.List.get(int)" is null
	at com.st.microxplorer.plugins.projectmanager.gui.ProjectChoiceTab$9.caretUpdate(ProjectChoiceTab.java:2678) ~[filemanager.jar:?]
	at javax.swing.text.JTextComponent.fireCaretUpdate(JTextComponent.java:408) ~[?:?]
	at javax.swing.text.JTextComponent$MutableCaretEvent.fire(JTextComponent.java:4484) ~[?:?]
	at javax.swing.text.JTextComponent$MutableCaretEvent.stateChanged(JTextComponent.java:4506) ~[?:?]
	at javax.swing.text.DefaultCaret.fireStateChanged(DefaultCaret.java:857) ~[?:?]
	at javax.swing.text.DefaultCaret.changeCaretPosition(DefaultCaret.java:1343) ~[?:?]
	at javax.swing.text.DefaultCaret.handleSetDot(DefaultCaret.java:1242) ~[?:?]
	at javax.swing.text.DefaultCaret.setDot(DefaultCaret.java:1223) ~[?:?]
	at javax.swing.text.DefaultCaret$Handler.insertUpdate(DefaultCaret.java:1819) ~[?:?]
	at javax.swing.text.AbstractDocument.fireInsertUpdate(AbstractDocument.java:227) ~[?:?]
	at javax.swing.text.AbstractDocument.handleInsertString(AbstractDocument.java:781) ~[?:?]
	at javax.swing.text.AbstractDocument.insertString(AbstractDocument.java:740) ~[?:?]
	at javax.swing.text.PlainDocument.insertString(PlainDocument.java:131) ~[?:?]
	at javax.swing.text.AbstractDocument.replace(AbstractDocument.java:699) ~[?:?]
	at javax.swing.text.JTextComponent.setText(JTextComponent.java:1725) ~[?:?]
	at com.st.microxplorer.plugins.projectmanager.gui.ProjectChoiceTab.createHeapStackFields(ProjectChoiceTab.java:979) ~[filemanager.jar:?]
	at com.st.microxplorer.plugins.projectmanager.gui.ProjectChoiceTab.buildLinkSettingsPanel(ProjectChoiceTab.java:3766) ~[filemanager.jar:?]
	at com.st.microxplorer.plugins.projectmanager.gui.ProjectChoiceTab.defineWindowsFields(ProjectChoiceTab.java:1962) ~[filemanager.jar:?]
	at com.st.microxplorer.plugins.projectmanager.gui.ProjectChoiceTab.updateSettings(ProjectChoiceTab.java:555) ~[filemanager.jar:?]
	at com.st.microxplorer.plugins.projectmanager.gui.ProjectSettingsPanel.UpdateDialog(ProjectSettingsPanel.java:245) ~[filemanager.jar:?]
	at com.st.microxplorer.plugins.projectmanager.ProjectManagerView.propertyChange(ProjectManagerView.java:391) ~[filemanager.jar:?]
	at java.beans.PropertyChangeSupport.fire(PropertyChangeSupport.java:343) ~[?:?]
	at java.beans.PropertyChangeSupport.firePropertyChange(PropertyChangeSupport.java:335) ~[?:?]
	at java.beans.PropertyChangeSupport.firePropertyChange(PropertyChangeSupport.java:268) ~[?:?]
	at com.st.microxplorer.util.MXPropertyChangeSupport.firePropertyChange(MXPropertyChangeSupport.java:54) ~[STM32CubeMX.jar:?]
	at com.st.microxplorer.mxsystem.MxSystem.closeConfig(MxSystem.java:899) ~[STM32CubeMX.jar:?]
	at com.st.microxplorer.maingui.MainPanel.closeConfig(MainPanel.java:789) ~[STM32CubeMX.jar:?]
	at com.st.microxplorer.plugins.filemanager.engine.OpenFileManager.loadConfigurationFile(OpenFileManager.java:287) ~[filemanager.jar:?]
	at com.st.microxplorer.plugins.filemanager.engine.MainFileManager.userLoadConfig(MainFileManager.java:341) ~[filemanager.jar:?]
	at com.st.microxplorer.plugins.filemanager.engine.MainFileManager.userLoadConfig(MainFileManager.java:319) ~[filemanager.jar:?]
	at com.st.microxplorer.plugins.filemanager.FileManagerView.getSpecificTask(FileManagerView.java:246) ~[filemanager.jar:?]
	at com.st.stm32cube.common.mx.editor.CubeMxEditor.getMxTabbedPaneInstance(CubeMxEditor.java:1198) ~[com.st.stm32cube.common.mx_6.14.0.202502271554/:?]
	at com.st.stm32cube.common.mx.editor.CubeMxEditor$12$1.createSwingComponent(CubeMxEditor.java:1068) ~[com.st.stm32cube.common.mx_6.14.0.202502271554/:?]
	at com.st.stm32cube.common.mx.oss.core.awtswtbridge.EmbeddedSwingComposite.doComponentCreation(EmbeddedSwingComposite.java:492) ~[com.st.stm32cube.common.mx.oss_6.14.0.202502271554/:?]
	at com.st.stm32cube.common.mx.oss.core.awtswtbridge.EmbeddedSwingComposite$4.run(EmbeddedSwingComposite.java:291) ~[com.st.stm32cube.common.mx.oss_6.14.0.202502271554/:?]
	at com.st.stm32cube.common.mx.oss.core.awtswtbridge.AwtEnvironment$2.run(AwtEnvironment.java:166) ~[com.st.stm32cube.common.mx.oss_6.14.0.202502271554/:?]
	at java.awt.event.InvocationEvent.dispatch(InvocationEvent.java:318) ~[?:?]
	at java.awt.EventQueue.dispatchEventImpl(EventQueue.java:773) ~[?:?]
	at java.awt.EventQueue$4.run(EventQueue.java:720) ~[?:?]
	at java.awt.EventQueue$4.run(EventQueue.java:714) ~[?:?]
	at java.security.AccessController.doPrivileged(AccessController.java:400) ~[?:?]
	at java.security.ProtectionDomain$JavaSecurityAccessImpl.doIntersectionPrivilege(ProtectionDomain.java:87) ~[?:?]
	at java.awt.EventQueue.dispatchEvent(EventQueue.java:742) ~[?:?]
	at java.awt.EventDispatchThread.pumpOneEventForFilters(EventDispatchThread.java:203) ~[?:?]
	at java.awt.EventDispatchThread.pumpEventsForFilter(EventDispatchThread.java:124) ~[?:?]
	at java.awt.EventDispatchThread.pumpEventsForHierarchy(EventDispatchThread.java:113) ~[?:?]
	at java.awt.EventDispatchThread.pumpEvents(EventDispatchThread.java:109) ~[?:?]
	at java.awt.EventDispatchThread.pumpEvents(EventDispatchThread.java:101) ~[?:?]
	at java.awt.EventDispatchThread.run(EventDispatchThread.java:90) ~[?:?]
2025-07-04 20:36:01,855 [WARN] ThirdParty:871 - waiting for thirdparty lock release [close project]
2025-07-04 20:36:01,855 [INFO] ThirdParty:873 - entering critical section [close project]
2025-07-04 20:36:01,855 [INFO] ThirdParty:883 - exiting critical section [close project]
2025-07-04 20:36:01,856 [INFO] PinOutPanel:1589 - setPackage(No Configuration,No Configuration)
2025-07-04 20:36:01,860 [WARN] IpParametersView:155 - Warning: This peripheral hasn't parameters
2025-07-04 20:36:01,864 [WARN] MainPanel:289 - <html><b><center>Warning: This peripheral has no parameters to be configured<br></b></html>
2025-07-04 20:36:01,866 [INFO] UtilMem:75 - Begin LoadConfig() Used Memory: 889864056 Bytes (1073741824)
2025-07-04 20:36:01,867 [INFO] MicroXplorer:468 - Change Database Path : 
2025-07-04 20:36:01,867 [INFO] MicroXplorer:498 - Change Database Version : DB.6.0.140
2025-07-04 20:36:01,867 [INFO] OpenFileManager:354 - Change cursor
2025-07-04 20:36:01,875 [INFO] Mcu:2011 - Initializing MCU STM32H743VITx STM32H743VITx STM32H743VIT6
2025-07-04 20:36:04,444 [INFO] Context:756 - Trying to add GPIOservice into a context  which must be forbidden
2025-07-04 20:36:05,610 [INFO] ImportTextPane:218 - (OptionalMessage_ERROR) Pin45 (VP_RIF_VS_RIF1) cannot be retrieved for this MCU
2025-07-04 20:36:05,717 [INFO] RtosManager:558 - Registered RTOS mode: class=CMSIS, group=RTOS, mode=CMSIS_V1, owner=FREERTOS
2025-07-04 20:36:05,717 [INFO] RtosManager:558 - Registered RTOS mode: class=CMSIS, group=RTOS2, mode=CMSIS_V2, owner=FREERTOS
2025-07-04 20:36:05,717 [INFO] RtosManager:558 - Registered RTOS mode: class=RTOS, group=Core, mode=CMSIS_V1, owner=FREERTOS
2025-07-04 20:36:05,717 [INFO] RtosManager:558 - Registered RTOS mode: class=RTOS, group=Core, mode=CMSIS_V2, owner=FREERTOS
2025-07-04 20:36:05,717 [WARN] ModelIntegratedComponent:184 - Missing modes for component STMicroelectronics:FreeRTOS:0.0.1:STMicroelectronics:RTOS:FreeRTOS:Core:::10.2.0:
2025-07-04 20:36:05,725 [WARN] ModelIntegratedComponent:63 - No mode defined for component null
2025-07-04 20:36:05,726 [WARN] ModelIntegratedComponent:63 - No mode defined for component null
2025-07-04 20:36:05,726 [WARN] ModelIntegratedComponent:63 - No mode defined for component null
2025-07-04 20:36:05,726 [WARN] ModelIntegratedComponent:63 - No mode defined for component null
2025-07-04 20:36:05,726 [WARN] ModelIntegratedComponent:63 - No mode defined for component null
2025-07-04 20:36:05,726 [WARN] ModelIntegratedComponent:63 - No mode defined for component null
2025-07-04 20:36:05,726 [WARN] ModelIntegratedComponent:63 - No mode defined for component null
2025-07-04 20:36:05,726 [WARN] ModelIntegratedComponent:63 - No mode defined for component null
2025-07-04 20:36:05,726 [WARN] ModelIntegratedComponent:63 - No mode defined for component null
2025-07-04 20:36:05,726 [WARN] ModelIntegratedComponent:63 - No mode defined for component null
2025-07-04 20:36:05,726 [WARN] ModelIntegratedComponent:63 - No mode defined for component null
2025-07-04 20:36:05,726 [WARN] ModelIntegratedComponent:63 - No mode defined for component null
2025-07-04 20:36:05,726 [WARN] ModelIntegratedComponent:63 - No mode defined for component null
2025-07-04 20:36:05,726 [WARN] ModelIntegratedComponent:63 - No mode defined for component null
2025-07-04 20:36:05,726 [WARN] ModelIntegratedComponent:63 - No mode defined for component null
2025-07-04 20:36:05,726 [WARN] ModelIntegratedComponent:63 - No mode defined for component null
2025-07-04 20:36:05,726 [WARN] ModelIntegratedComponent:63 - No mode defined for component null
2025-07-04 20:36:05,726 [WARN] ModelIntegratedComponent:63 - No mode defined for component null
2025-07-04 20:36:05,726 [WARN] ModelIntegratedComponent:63 - No mode defined for component null
2025-07-04 20:36:05,726 [WARN] ModelIntegratedComponent:63 - No mode defined for component null
2025-07-04 20:36:05,726 [WARN] ModelIntegratedComponent:63 - No mode defined for component null
2025-07-04 20:36:05,726 [WARN] ModelIntegratedComponent:63 - No mode defined for component null
2025-07-04 20:36:05,726 [WARN] ModelIntegratedComponent:63 - No mode defined for component null
2025-07-04 20:36:05,726 [WARN] ModelIntegratedComponent:63 - No mode defined for component null
2025-07-04 20:36:05,726 [WARN] ModelIntegratedComponent:63 - No mode defined for component null
2025-07-04 20:36:05,726 [WARN] ModelIntegratedComponent:63 - No mode defined for component null
2025-07-04 20:36:05,726 [WARN] ModelIntegratedComponent:63 - No mode defined for component null
2025-07-04 20:36:05,726 [WARN] ModelIntegratedComponent:63 - No mode defined for component null
2025-07-04 20:36:05,726 [WARN] ModelIntegratedComponent:63 - No mode defined for component null
2025-07-04 20:36:05,726 [WARN] ModelIntegratedComponent:63 - No mode defined for component null
2025-07-04 20:36:05,726 [WARN] ModelIntegratedComponent:63 - No mode defined for component null
2025-07-04 20:36:05,726 [WARN] ModelIntegratedComponent:63 - No mode defined for component null
2025-07-04 20:36:05,726 [WARN] ModelIntegratedComponent:63 - No mode defined for component null
2025-07-04 20:36:05,726 [WARN] ModelIntegratedComponent:63 - No mode defined for component null
2025-07-04 20:36:05,726 [WARN] ModelIntegratedComponent:63 - No mode defined for component null
2025-07-04 20:36:05,727 [WARN] ModelPack:524 - Component already loaded: STMicroelectronics:HAL Drivers:0.0.0:STMicroelectronics:Device:STMicro_Driver:XSPI:HAL::0.0.1:HAL_XSPI
2025-07-04 20:36:05,919 [INFO] ThirdPartyModel:298 - Start build external matchings
2025-07-04 20:36:06,959 [INFO] ThirdPartyModel:316 - End build external matchings
2025-07-04 20:36:06,977 [INFO] RtosManager:967 - Current active RTOS is FREERTOS [Cortex-M7NS]
2025-07-04 20:36:06,981 [INFO] ImportTextPane:218 - (OptionalMessage_ERROR) IP (DMA) : Parameter (Instance) has Id (TIM3_CH1) currently not set
2025-07-04 20:36:06,981 [INFO] ImportTextPane:218 - (OptionalMessage_ERROR) IP (DMA) : Parameter (Request) has Id (TIM3_CH1) currently not set
2025-07-04 20:36:06,981 [INFO] ImportTextPane:218 - (OptionalMessage_ERROR) IP (DMA) : Parameter (Direction) has Id (TIM3_CH1) currently not set
2025-07-04 20:36:06,981 [INFO] ImportTextPane:218 - (OptionalMessage_ERROR) IP (DMA) : Parameter (PeriphInc) has Id (TIM3_CH1) currently not set
2025-07-04 20:36:06,981 [INFO] ImportTextPane:218 - (OptionalMessage_ERROR) IP (DMA) : Parameter (MemInc) has Id (TIM3_CH1) currently not set
2025-07-04 20:36:06,981 [INFO] ImportTextPane:218 - (OptionalMessage_ERROR) IP (DMA) : Parameter (PeriphDataAlignment) has Id (TIM3_CH1) currently not set
2025-07-04 20:36:06,982 [INFO] ImportTextPane:218 - (OptionalMessage_ERROR) IP (DMA) : Parameter (MemDataAlignment) has Id (TIM3_CH1) currently not set
2025-07-04 20:36:06,982 [INFO] ImportTextPane:218 - (OptionalMessage_ERROR) IP (DMA) : Parameter (Mode) has Id (TIM3_CH1) currently not set
2025-07-04 20:36:06,982 [INFO] ImportTextPane:218 - (OptionalMessage_ERROR) IP (DMA) : Parameter (Priority) has Id (TIM3_CH1) currently not set
2025-07-04 20:36:06,982 [INFO] ImportTextPane:218 - (OptionalMessage_ERROR) IP (DMA) : Parameter (FIFOMode) has Id (TIM3_CH1) currently not set
2025-07-04 20:36:06,982 [INFO] ImportTextPane:218 - (OptionalMessage_ERROR) IP (DMA) : Parameter (SignalID) has Id (TIM3_CH1) currently not set
2025-07-04 20:36:06,982 [INFO] ImportTextPane:218 - (OptionalMessage_ERROR) IP (DMA) : Parameter (Polarity) has Id (TIM3_CH1) currently not set
2025-07-04 20:36:06,982 [INFO] ImportTextPane:218 - (OptionalMessage_ERROR) IP (DMA) : Parameter (RequestNumber) has Id (TIM3_CH1) currently not set
2025-07-04 20:36:06,982 [INFO] ImportTextPane:218 - (OptionalMessage_ERROR) IP (DMA) : Parameter (SyncSignalID) has Id (TIM3_CH1) currently not set
2025-07-04 20:36:06,982 [INFO] ImportTextPane:218 - (OptionalMessage_ERROR) IP (DMA) : Parameter (SyncPolarity) has Id (TIM3_CH1) currently not set
2025-07-04 20:36:06,982 [INFO] ImportTextPane:218 - (OptionalMessage_ERROR) IP (DMA) : Parameter (SyncEnable) has Id (TIM3_CH1) currently not set
2025-07-04 20:36:06,982 [INFO] ImportTextPane:218 - (OptionalMessage_ERROR) IP (DMA) : Parameter (EventEnable) has Id (TIM3_CH1) currently not set
2025-07-04 20:36:06,982 [INFO] ImportTextPane:218 - (OptionalMessage_ERROR) IP (DMA) : Parameter (SyncRequestNumber) has Id (TIM3_CH1) currently not set
2025-07-04 20:36:06,982 [INFO] ImportTextPane:218 - (OptionalMessage_ERROR) IP (DMA) : Parameter (Instance) has Id (TIM3_CH2) currently not set
2025-07-04 20:36:06,982 [INFO] ImportTextPane:218 - (OptionalMessage_ERROR) IP (DMA) : Parameter (Request) has Id (TIM3_CH2) currently not set
2025-07-04 20:36:06,982 [INFO] ImportTextPane:218 - (OptionalMessage_ERROR) IP (DMA) : Parameter (Direction) has Id (TIM3_CH2) currently not set
2025-07-04 20:36:06,982 [INFO] ImportTextPane:218 - (OptionalMessage_ERROR) IP (DMA) : Parameter (PeriphInc) has Id (TIM3_CH2) currently not set
2025-07-04 20:36:06,982 [INFO] ImportTextPane:218 - (OptionalMessage_ERROR) IP (DMA) : Parameter (MemInc) has Id (TIM3_CH2) currently not set
2025-07-04 20:36:06,982 [INFO] ImportTextPane:218 - (OptionalMessage_ERROR) IP (DMA) : Parameter (PeriphDataAlignment) has Id (TIM3_CH2) currently not set
2025-07-04 20:36:06,982 [INFO] ImportTextPane:218 - (OptionalMessage_ERROR) IP (DMA) : Parameter (MemDataAlignment) has Id (TIM3_CH2) currently not set
2025-07-04 20:36:06,982 [INFO] ImportTextPane:218 - (OptionalMessage_ERROR) IP (DMA) : Parameter (Mode) has Id (TIM3_CH2) currently not set
2025-07-04 20:36:06,982 [INFO] ImportTextPane:218 - (OptionalMessage_ERROR) IP (DMA) : Parameter (Priority) has Id (TIM3_CH2) currently not set
2025-07-04 20:36:06,982 [INFO] ImportTextPane:218 - (OptionalMessage_ERROR) IP (DMA) : Parameter (FIFOMode) has Id (TIM3_CH2) currently not set
2025-07-04 20:36:06,982 [INFO] ImportTextPane:218 - (OptionalMessage_ERROR) IP (DMA) : Parameter (SignalID) has Id (TIM3_CH2) currently not set
2025-07-04 20:36:06,982 [INFO] ImportTextPane:218 - (OptionalMessage_ERROR) IP (DMA) : Parameter (Polarity) has Id (TIM3_CH2) currently not set
2025-07-04 20:36:06,982 [INFO] ImportTextPane:218 - (OptionalMessage_ERROR) IP (DMA) : Parameter (RequestNumber) has Id (TIM3_CH2) currently not set
2025-07-04 20:36:06,983 [INFO] ImportTextPane:218 - (OptionalMessage_ERROR) IP (DMA) : Parameter (SyncSignalID) has Id (TIM3_CH2) currently not set
2025-07-04 20:36:06,983 [INFO] ImportTextPane:218 - (OptionalMessage_ERROR) IP (DMA) : Parameter (SyncPolarity) has Id (TIM3_CH2) currently not set
2025-07-04 20:36:06,983 [INFO] ImportTextPane:218 - (OptionalMessage_ERROR) IP (DMA) : Parameter (SyncEnable) has Id (TIM3_CH2) currently not set
2025-07-04 20:36:06,983 [INFO] ImportTextPane:218 - (OptionalMessage_ERROR) IP (DMA) : Parameter (EventEnable) has Id (TIM3_CH2) currently not set
2025-07-04 20:36:06,983 [INFO] ImportTextPane:218 - (OptionalMessage_ERROR) IP (DMA) : Parameter (SyncRequestNumber) has Id (TIM3_CH2) currently not set
2025-07-04 20:36:06,983 [INFO] ImportTextPane:218 - (OptionalMessage_ERROR) IP (DMA) : Parameter (Instance) has Id (TIM16_UP) currently not set
2025-07-04 20:36:06,983 [INFO] ImportTextPane:218 - (OptionalMessage_ERROR) IP (DMA) : Parameter (Request) has Id (TIM16_UP) currently not set
2025-07-04 20:36:06,983 [INFO] ImportTextPane:218 - (OptionalMessage_ERROR) IP (DMA) : Parameter (Direction) has Id (TIM16_UP) currently not set
2025-07-04 20:36:06,983 [INFO] ImportTextPane:218 - (OptionalMessage_ERROR) IP (DMA) : Parameter (PeriphInc) has Id (TIM16_UP) currently not set
2025-07-04 20:36:06,983 [INFO] ImportTextPane:218 - (OptionalMessage_ERROR) IP (DMA) : Parameter (MemInc) has Id (TIM16_UP) currently not set
2025-07-04 20:36:06,983 [INFO] ImportTextPane:218 - (OptionalMessage_ERROR) IP (DMA) : Parameter (PeriphDataAlignment) has Id (TIM16_UP) currently not set
2025-07-04 20:36:06,983 [INFO] ImportTextPane:218 - (OptionalMessage_ERROR) IP (DMA) : Parameter (MemDataAlignment) has Id (TIM16_UP) currently not set
2025-07-04 20:36:06,983 [INFO] ImportTextPane:218 - (OptionalMessage_ERROR) IP (DMA) : Parameter (Mode) has Id (TIM16_UP) currently not set
2025-07-04 20:36:06,983 [INFO] ImportTextPane:218 - (OptionalMessage_ERROR) IP (DMA) : Parameter (Priority) has Id (TIM16_UP) currently not set
2025-07-04 20:36:06,983 [INFO] ImportTextPane:218 - (OptionalMessage_ERROR) IP (DMA) : Parameter (FIFOMode) has Id (TIM16_UP) currently not set
2025-07-04 20:36:06,983 [INFO] ImportTextPane:218 - (OptionalMessage_ERROR) IP (DMA) : Parameter (SignalID) has Id (TIM16_UP) currently not set
2025-07-04 20:36:06,983 [INFO] ImportTextPane:218 - (OptionalMessage_ERROR) IP (DMA) : Parameter (Polarity) has Id (TIM16_UP) currently not set
2025-07-04 20:36:06,983 [INFO] ImportTextPane:218 - (OptionalMessage_ERROR) IP (DMA) : Parameter (RequestNumber) has Id (TIM16_UP) currently not set
2025-07-04 20:36:06,983 [INFO] ImportTextPane:218 - (OptionalMessage_ERROR) IP (DMA) : Parameter (SyncSignalID) has Id (TIM16_UP) currently not set
2025-07-04 20:36:06,983 [INFO] ImportTextPane:218 - (OptionalMessage_ERROR) IP (DMA) : Parameter (SyncPolarity) has Id (TIM16_UP) currently not set
2025-07-04 20:36:06,983 [INFO] ImportTextPane:218 - (OptionalMessage_ERROR) IP (DMA) : Parameter (SyncEnable) has Id (TIM16_UP) currently not set
2025-07-04 20:36:06,983 [INFO] ImportTextPane:218 - (OptionalMessage_ERROR) IP (DMA) : Parameter (EventEnable) has Id (TIM16_UP) currently not set
2025-07-04 20:36:06,983 [INFO] ImportTextPane:218 - (OptionalMessage_ERROR) IP (DMA) : Parameter (SyncRequestNumber) has Id (TIM16_UP) currently not set
2025-07-04 20:36:06,983 [INFO] ImportTextPane:218 - (OptionalMessage_ERROR) IP (DMA) : Parameter (Instance) has Id (TIM15_UP) currently not set
2025-07-04 20:36:06,983 [INFO] ImportTextPane:218 - (OptionalMessage_ERROR) IP (DMA) : Parameter (Request) has Id (TIM15_UP) currently not set
2025-07-04 20:36:06,983 [INFO] ImportTextPane:218 - (OptionalMessage_ERROR) IP (DMA) : Parameter (Direction) has Id (TIM15_UP) currently not set
2025-07-04 20:36:06,983 [INFO] ImportTextPane:218 - (OptionalMessage_ERROR) IP (DMA) : Parameter (PeriphInc) has Id (TIM15_UP) currently not set
2025-07-04 20:36:06,983 [INFO] ImportTextPane:218 - (OptionalMessage_ERROR) IP (DMA) : Parameter (MemInc) has Id (TIM15_UP) currently not set
2025-07-04 20:36:06,983 [INFO] ImportTextPane:218 - (OptionalMessage_ERROR) IP (DMA) : Parameter (PeriphDataAlignment) has Id (TIM15_UP) currently not set
2025-07-04 20:36:06,983 [INFO] ImportTextPane:218 - (OptionalMessage_ERROR) IP (DMA) : Parameter (MemDataAlignment) has Id (TIM15_UP) currently not set
2025-07-04 20:36:06,983 [INFO] ImportTextPane:218 - (OptionalMessage_ERROR) IP (DMA) : Parameter (Mode) has Id (TIM15_UP) currently not set
2025-07-04 20:36:06,983 [INFO] ImportTextPane:218 - (OptionalMessage_ERROR) IP (DMA) : Parameter (Priority) has Id (TIM15_UP) currently not set
2025-07-04 20:36:06,983 [INFO] ImportTextPane:218 - (OptionalMessage_ERROR) IP (DMA) : Parameter (FIFOMode) has Id (TIM15_UP) currently not set
2025-07-04 20:36:06,983 [INFO] ImportTextPane:218 - (OptionalMessage_ERROR) IP (DMA) : Parameter (SignalID) has Id (TIM15_UP) currently not set
2025-07-04 20:36:06,983 [INFO] ImportTextPane:218 - (OptionalMessage_ERROR) IP (DMA) : Parameter (Polarity) has Id (TIM15_UP) currently not set
2025-07-04 20:36:06,983 [INFO] ImportTextPane:218 - (OptionalMessage_ERROR) IP (DMA) : Parameter (RequestNumber) has Id (TIM15_UP) currently not set
2025-07-04 20:36:06,984 [INFO] ImportTextPane:218 - (OptionalMessage_ERROR) IP (DMA) : Parameter (SyncSignalID) has Id (TIM15_UP) currently not set
2025-07-04 20:36:06,984 [INFO] ImportTextPane:218 - (OptionalMessage_ERROR) IP (DMA) : Parameter (SyncPolarity) has Id (TIM15_UP) currently not set
2025-07-04 20:36:06,984 [INFO] ImportTextPane:218 - (OptionalMessage_ERROR) IP (DMA) : Parameter (SyncEnable) has Id (TIM15_UP) currently not set
2025-07-04 20:36:06,984 [INFO] ImportTextPane:218 - (OptionalMessage_ERROR) IP (DMA) : Parameter (EventEnable) has Id (TIM15_UP) currently not set
2025-07-04 20:36:06,984 [INFO] ImportTextPane:218 - (OptionalMessage_ERROR) IP (DMA) : Parameter (SyncRequestNumber) has Id (TIM15_UP) currently not set
2025-07-04 20:36:06,986 [INFO] ImportTextPane:218 - (OptionalMessage_ERROR) IP (RCC) : Parameter (DFSDMACLkFreq_Value) has invalid value (480000000)
2025-07-04 20:36:06,992 [INFO] ImportTextPane:218 - (OptionalMessage_ERROR) IP (RCC) : Parameter (FDCANFreq_Value) has invalid value (480000000)
2025-07-04 20:36:06,992 [INFO] ImportTextPane:218 - (OptionalMessage_ERROR) IP (RCC) : Invalid parameter (FamilyName)
2025-07-04 20:36:06,992 [INFO] ImportTextPane:218 - (OptionalMessage_ERROR) IP (RCC) : Parameter (SAI1Freq_Value) has invalid value (480000000)
2025-07-04 20:36:06,992 [INFO] ImportTextPane:218 - (OptionalMessage_ERROR) IP (RCC) : Parameter (SAI23Freq_Value) has invalid value (480000000)
2025-07-04 20:36:06,992 [INFO] ImportTextPane:218 - (OptionalMessage_ERROR) IP (RCC) : Parameter (SAI4AFreq_Value) has invalid value (480000000)
2025-07-04 20:36:06,992 [INFO] ImportTextPane:218 - (OptionalMessage_ERROR) IP (RCC) : Parameter (SAI4BFreq_Value) has invalid value (480000000)
2025-07-04 20:36:06,992 [INFO] ImportTextPane:218 - (OptionalMessage_ERROR) IP (RCC) : Parameter (SPDIFRXFreq_Value) has invalid value (480000000)
2025-07-04 20:36:06,992 [INFO] ImportTextPane:218 - (OptionalMessage_ERROR) IP (RCC) : Parameter (SPI123Freq_Value) has invalid value (480000000)
2025-07-04 20:36:06,992 [INFO] ImportTextPane:218 - (OptionalMessage_ERROR) IP (RCC) : Parameter (USBFreq_Value) has invalid value (480000000)
2025-07-04 20:36:07,433 [INFO] UtilMem:75 - End LoadConfig() Used Memory: 948738064 Bytes (1073741824)
2025-07-04 20:36:07,499 [WARN] ThirdParty:833 - waiting for thirdparty lock release [change project]
2025-07-04 20:36:07,499 [INFO] ThirdParty:835 - entering critical section [change project]
2025-07-04 20:36:07,499 [INFO] ThirdParty:1030 - CMSIS Pack Vendor :STMicroelectronics X-CUBE-PM33A1 1.0.0
2025-07-04 20:36:07,499 [INFO] ThirdParty:1030 - CMSIS Pack Vendor :STMicroelectronics USBPD 4.1
2025-07-04 20:36:07,499 [INFO] ThirdParty:1030 - CMSIS Pack Vendor :STMicroelectronics X-CUBE-AZRTOS-H7 3.3.0
2025-07-04 20:36:07,499 [INFO] ThirdParty:1030 - CMSIS Pack Vendor :STMicroelectronics X-CUBE-NFC9 1.0.0
2025-07-04 20:36:07,499 [INFO] ThirdParty:1030 - CMSIS Pack Vendor :STMicroelectronics USB_HOST 2.0.0
2025-07-04 20:36:07,500 [INFO] ThirdParty:1030 - CMSIS Pack Vendor :STMicroelectronics FP-SNS-MOTENVWB1 1.4.0
2025-07-04 20:36:07,500 [INFO] ThirdParty:1030 - CMSIS Pack Vendor :STMicroelectronics X-CUBE-AZRTOS-F4 1.1.0
2025-07-04 20:36:07,500 [INFO] ThirdParty:1030 - CMSIS Pack Vendor :STMicroelectronics LIBJPEG 8.0.0
2025-07-04 20:36:07,500 [INFO] ThirdParty:1030 - CMSIS Pack Vendor :STMicroelectronics FP-ATR-ASTRA1 2.0.2
2025-07-04 20:36:07,500 [INFO] ThirdParty:1030 - CMSIS Pack Vendor :STMicroelectronics X-CUBE-BLE1 7.1.0
2025-07-04 20:36:07,500 [INFO] ThirdParty:1030 - CMSIS Pack Vendor :Avnet-IotConnect X-CUBE-IoTC-DA16k-PMOD 1.0.0
2025-07-04 20:36:07,500 [INFO] ThirdParty:1030 - CMSIS Pack Vendor :STMicroelectronics X-CUBE-SMBUS 2.1.0
2025-07-04 20:36:07,500 [INFO] ThirdParty:1030 - CMSIS Pack Vendor :STMicroelectronics X-CUBE-WB05N 1.1.0
2025-07-04 20:36:07,500 [INFO] ThirdParty:1030 - CMSIS Pack Vendor :wolfSSL I-CUBE-wolfMQTT 1.19.2
2025-07-04 20:36:07,500 [INFO] ThirdParty:1030 - CMSIS Pack Vendor :STMicroelectronics USB_DEVICE 3.0.0
2025-07-04 20:36:07,500 [INFO] ThirdParty:1030 - CMSIS Pack Vendor :STMicroelectronics X-CUBE-ISPU 2.1.0
2025-07-04 20:36:07,500 [INFO] ThirdParty:1030 - CMSIS Pack Vendor :STMicroelectronics X-CUBE-AZRTOS-WB 2.0.0
2025-07-04 20:36:07,500 [INFO] ThirdParty:1030 - CMSIS Pack Vendor :STMicroelectronics X-CUBE-ST60 1.0.0
2025-07-04 20:36:07,500 [INFO] ThirdParty:1030 - CMSIS Pack Vendor :STMicroelectronics X-CUBE-GNSS1 7.0.1
2025-07-04 20:36:07,500 [INFO] ThirdParty:1030 - CMSIS Pack Vendor :STMicroelectronics X-CUBE-AZRTOS-F7 1.1.0
2025-07-04 20:36:07,500 [INFO] ThirdParty:1030 - CMSIS Pack Vendor :STMicroelectronics X-CUBE-AZRTOS-L5 2.0.0
2025-07-04 20:36:07,500 [INFO] ThirdParty:1030 - CMSIS Pack Vendor :STMicroelectronics X-CUBE-TOUCHGFX 4.25.0
2025-07-04 20:36:07,500 [INFO] ThirdParty:1030 - CMSIS Pack Vendor :STMicroelectronics USB_DEVICE 2.0.0
2025-07-04 20:36:07,500 [INFO] ThirdParty:1030 - CMSIS Pack Vendor :STMicroelectronics X-CUBE-NFC6 3.1.0
2025-07-04 20:36:07,500 [INFO] ThirdParty:1030 - CMSIS Pack Vendor :STMicroelectronics X-CUBE-AI 10.1.0
2025-07-04 20:36:07,500 [INFO] ThirdParty:1030 - CMSIS Pack Vendor :STMicroelectronics FP-SNS-STBOX1 2.0.0
2025-07-04 20:36:07,500 [INFO] ThirdParty:1030 - CMSIS Pack Vendor :STMicroelectronics X-CUBE-MEMS1 11.2.0
2025-07-04 20:36:07,500 [INFO] ThirdParty:1030 - CMSIS Pack Vendor :STMicroelectronics FreeRTOS 0.0.1
2025-07-04 20:36:07,500 [INFO] ThirdParty:1030 - CMSIS Pack Vendor :STMicroelectronics X-CUBE-AZRTOS-G0 1.1.0
2025-07-04 20:36:07,500 [INFO] ThirdParty:1030 - CMSIS Pack Vendor :STMicroelectronics X-CUBE-SAFEA1 1.2.2
2025-07-04 20:36:07,500 [INFO] ThirdParty:1030 - CMSIS Pack Vendor :STMicroelectronics X-CUBE-NFC4 3.0.0
2025-07-04 20:36:07,500 [INFO] ThirdParty:1030 - CMSIS Pack Vendor :STMicroelectronics X-CUBE-DPower 1.2.0
2025-07-04 20:36:07,500 [INFO] ThirdParty:1030 - CMSIS Pack Vendor :STMicroelectronics X-CUBE-SUBG2 5.0.0
2025-07-04 20:36:07,500 [INFO] ThirdParty:1030 - CMSIS Pack Vendor :STMicroelectronics X-CUBE-AZRTOS-H7RS 1.1.0
2025-07-04 20:36:07,500 [INFO] ThirdParty:1030 - CMSIS Pack Vendor :STMicroelectronics STM32_WPAN 1.0.0
2025-07-04 20:36:07,500 [INFO] ThirdParty:1030 - CMSIS Pack Vendor :EmbeddedOffice I-CUBE-FS-RTOS 1.0.1
2025-07-04 20:36:07,500 [INFO] ThirdParty:1030 - CMSIS Pack Vendor :STMicroelectronics lwIP 2.0.3
2025-07-04 20:36:07,500 [INFO] ThirdParty:1030 - CMSIS Pack Vendor :STMicroelectronics FP-SNS-FLIGHT1 5.0.2
2025-07-04 20:36:07,500 [INFO] ThirdParty:1030 - CMSIS Pack Vendor :Cesanta I-CUBE-Mongoose 7.13.0
2025-07-04 20:36:07,501 [INFO] ThirdParty:1030 - CMSIS Pack Vendor :STMicroelectronics USB_HOST 1.0.0
2025-07-04 20:36:07,501 [INFO] ThirdParty:1030 - CMSIS Pack Vendor :Infineon AIROC-Wi-Fi-Bluetooth-STM32 1.7.0
2025-07-04 20:36:07,501 [INFO] ThirdParty:1030 - CMSIS Pack Vendor :STMicroelectronics X-CUBE-AZRTOS-G4 2.0.0
2025-07-04 20:36:07,501 [INFO] ThirdParty:1030 - CMSIS Pack Vendor :STMicroelectronics X-CUBE-WB05N 2.0.0
2025-07-04 20:36:07,501 [INFO] ThirdParty:1030 - CMSIS Pack Vendor :STMicroelectronics PDM2PCM 3.1.0
2025-07-04 20:36:07,501 [INFO] ThirdParty:1030 - CMSIS Pack Vendor :STMicroelectronics PDM2PCM 3.3.0
2025-07-04 20:36:07,501 [INFO] ThirdParty:1030 - CMSIS Pack Vendor :wolfSSL I-CUBE-wolfTPM 3.8.0
2025-07-04 20:36:07,501 [INFO] ThirdParty:1030 - CMSIS Pack Vendor :STMicroelectronics X-CUBE-DISPLAY 3.0.0
2025-07-04 20:36:07,501 [INFO] ThirdParty:1030 - CMSIS Pack Vendor :wolfSSL I-CUBE-wolfSSH 1.4.20
2025-07-04 20:36:07,501 [INFO] ThirdParty:1030 - CMSIS Pack Vendor :STMicroelectronics X-CUBE-NFC7 2.0.0
2025-07-04 20:36:07,501 [INFO] ThirdParty:1030 - CMSIS Pack Vendor :STMicroelectronics X-CUBE-TCPP 4.2.0
2025-07-04 20:36:07,501 [INFO] ThirdParty:1030 - CMSIS Pack Vendor :RealThread X-CUBE-RT-Thread_Nano 4.1.1
2025-07-04 20:36:07,501 [INFO] ThirdParty:1030 - CMSIS Pack Vendor :STMicroelectronics FP-ATR-SIGFOX1 3.2.0
2025-07-04 20:36:07,501 [INFO] ThirdParty:1030 - CMSIS Pack Vendor :STMicroelectronics X-CUBE-NFC10 1.0.0
2025-07-04 20:36:07,501 [INFO] ThirdParty:1030 - CMSIS Pack Vendor :STMicroelectronics X-CUBE-BLEMGR 4.0.0
2025-07-04 20:36:07,501 [INFO] ThirdParty:1030 - CMSIS Pack Vendor :STMicroelectronics X-CUBE-EEPRMA1 5.1.0
2025-07-04 20:36:07,501 [INFO] ThirdParty:1030 - CMSIS Pack Vendor :STMicroelectronics X-CUBE-FREERTOS 1.3.1
2025-07-04 20:36:07,501 [INFO] ThirdParty:1030 - CMSIS Pack Vendor :STMicroelectronics HAL Drivers 0.0.0
2025-07-04 20:36:07,501 [INFO] ThirdParty:1030 - CMSIS Pack Vendor :STMicroelectronics MBEDTLS 2.16.2
2025-07-04 20:36:07,501 [INFO] ThirdParty:1030 - CMSIS Pack Vendor :STMicroelectronics X-CUBE-IPS 3.1.0
2025-07-04 20:36:07,501 [INFO] ThirdParty:1030 - CMSIS Pack Vendor :STMicroelectronics X-CUBE-ALS 1.0.2
2025-07-04 20:36:07,501 [INFO] ThirdParty:1030 - CMSIS Pack Vendor :emotas I-CUBE-CANOPEN 1.3.0
2025-07-04 20:36:07,501 [INFO] ThirdParty:1030 - CMSIS Pack Vendor :STMicroelectronics X-CUBE-FREERTOS 1.3.0
2025-07-04 20:36:07,501 [INFO] ThirdParty:1030 - CMSIS Pack Vendor :STMicroelectronics X-CUBE-NFC7 1.0.1
2025-07-04 20:36:07,501 [INFO] ThirdParty:1030 - CMSIS Pack Vendor :STMicroelectronics MBEDTLS 2.14.1
2025-07-04 20:36:07,501 [INFO] ThirdParty:1030 - CMSIS Pack Vendor :wolfSSL I-CUBE-wolfSSL 5.7.6
2025-07-04 20:36:07,501 [INFO] ThirdParty:1030 - CMSIS Pack Vendor :ITTIA_DB I-CUBE-ITTIADB 8.9.0
2025-07-04 20:36:07,501 [INFO] ThirdParty:1030 - CMSIS Pack Vendor :STMicroelectronics X-CUBE-TOUCHGFX 4.24.2
2025-07-04 20:36:07,501 [INFO] ThirdParty:1030 - CMSIS Pack Vendor :portGmbH I-Cube-SoM-uGOAL 1.1.0
2025-07-04 20:36:07,501 [INFO] ThirdParty:1030 - CMSIS Pack Vendor :quantropi X-CUBE-qispace-sdk-base 2.0.0
2025-07-04 20:36:07,501 [INFO] ThirdParty:1030 - CMSIS Pack Vendor :STMicroelectronics X-CUBE-AI 10.0.0
2025-07-04 20:36:07,501 [INFO] ThirdParty:1030 - CMSIS Pack Vendor :STMicroelectronics X-CUBE-ST67W61 1.0.0
2025-07-04 20:36:07,501 [INFO] ThirdParty:1030 - CMSIS Pack Vendor :STMicroelectronics FP-SNS-STAIOTCFT 1.0.0
2025-07-04 20:36:07,501 [INFO] ThirdParty:1030 - CMSIS Pack Vendor :STMicroelectronics ThreadX 1.0.0
2025-07-04 20:36:07,501 [INFO] ThirdParty:1030 - CMSIS Pack Vendor :STMicroelectronics FP-SNS-SMARTAG2 1.2.0
2025-07-04 20:36:07,501 [INFO] ThirdParty:1030 - CMSIS Pack Vendor :STMicroelectronics FP-SNS-FLIGHT1 5.1.0
2025-07-04 20:36:07,501 [INFO] ThirdParty:1030 - CMSIS Pack Vendor :STMicroelectronics X-CUBE-MEMS1 11.1.0
2025-07-04 20:36:07,501 [INFO] ThirdParty:1030 - CMSIS Pack Vendor :STMicroelectronics X-CUBE-AZRTOS-WL 2.0.0
2025-07-04 20:36:07,501 [INFO] ThirdParty:1030 - CMSIS Pack Vendor :SEGGER I-CUBE-embOS 1.3.1
2025-07-04 20:36:07,501 [INFO] ThirdParty:1030 - CMSIS Pack Vendor :STMicroelectronics X-CUBE-ALGOBUILD 1.4.0
2025-07-04 20:36:07,501 [INFO] ThirdParty:1030 - CMSIS Pack Vendor :STMicroelectronics X-CUBE-DPower 1.3.0
2025-07-04 20:36:07,501 [INFO] ThirdParty:1030 - CMSIS Pack Vendor :STMicroelectronics X-CUBE-MEMS1 11.3.0
2025-07-04 20:36:07,502 [INFO] ThirdParty:1030 - CMSIS Pack Vendor :STMicroelectronics FP-SNS-MOTENV1 5.0.0
2025-07-04 20:36:07,502 [INFO] ThirdParty:1030 - CMSIS Pack Vendor :STMicroelectronics USB_DEVICE 1.0.0
2025-07-04 20:36:07,502 [INFO] ThirdParty:1030 - CMSIS Pack Vendor :STMicroelectronics X-CUBE-AZRTOS-H7RS 1.0.0
2025-07-04 20:36:07,502 [INFO] ThirdParty:1030 - CMSIS Pack Vendor :STMicroelectronics X-CUBE-AZRTOS-L4 2.0.0
2025-07-04 20:36:07,502 [INFO] ThirdParty:1030 - CMSIS Pack Vendor :STMicroelectronics ThreadX 0.0.2
2025-07-04 20:36:07,502 [INFO] ThirdParty:1030 - CMSIS Pack Vendor :WES I-CUBE-Cesium 1.3.0
2025-07-04 20:36:07,502 [INFO] ThirdParty:1030 - CMSIS Pack Vendor :STMicroelectronics lwIP 2.1.2
2025-07-04 20:36:07,502 [INFO] ThirdParty:1030 - CMSIS Pack Vendor :STMicroelectronics X-CUBE-SFXS2LP1 4.0.0
2025-07-04 20:36:07,502 [INFO] ThirdParty:1030 - CMSIS Pack Vendor :STMicroelectronics X-CUBE-BLE2 3.3.0
2025-07-04 20:36:07,502 [INFO] ThirdParty:1030 - CMSIS Pack Vendor :STMicroelectronics X-CUBE-TOF1 3.4.2
2025-07-04 20:36:07,502 [INFO] ThirdParty:1030 - CMSIS Pack Vendor :STMicroelectronics X-CUBE-TOF1 3.4.3
2025-07-04 20:36:07,502 [INFO] ThirdParty:1030 - CMSIS Pack Vendor :STMicroelectronics PDM2PCM 3.2.0
2025-07-04 20:36:07,502 [INFO] ThirdParty:841 - exiting critical section [change project]
2025-07-04 20:36:07,868 [INFO] PinOutPanel:1589 - setPackage(No Configuration,No Configuration)
2025-07-04 20:36:07,869 [INFO] PinOutPanel:1589 - setPackage(STM32H743VITx,LQFP100)
2025-07-04 20:36:08,593 [INFO] UtilMem:75 - Before build in PCC Used Memory: 997711056 Bytes (1073741824)
2025-07-04 20:36:08,748 [INFO] UtilMem:75 - After build in PCC Used Memory: 794811600 Bytes (1073741824)
2025-07-04 20:36:08,751 [INFO] ApiDbMcu:508 - Load IP Config File for FATFS
2025-07-04 20:36:08,755 [INFO] ApiDbMcu:508 - Load IP Config File for FREERTOS
2025-07-04 20:36:08,782 [INFO] IPUIPlugin:80 - create IPUIPlugin
2025-07-04 20:36:08,782 [INFO] IPUIPlugin:80 - create IPUIPlugin
2025-07-04 20:36:08,782 [INFO] IPUIPlugin:80 - create IPUIPlugin
2025-07-04 20:36:08,782 [INFO] IPUIPlugin:80 - create IPUIPlugin
2025-07-04 20:36:08,782 [INFO] IPUIPlugin:80 - create IPUIPlugin
2025-07-04 20:36:08,782 [INFO] IPUIPlugin:80 - create IPUIPlugin
2025-07-04 20:36:08,782 [INFO] IPUIPlugin:80 - create IPUIPlugin
2025-07-04 20:36:08,783 [INFO] IPUIPlugin:80 - create IPUIPlugin
2025-07-04 20:36:08,783 [INFO] IPUIPlugin:80 - create IPUIPlugin
2025-07-04 20:36:08,783 [INFO] IPUIPlugin:80 - create IPUIPlugin
2025-07-04 20:36:08,783 [INFO] IPUIPlugin:80 - create IPUIPlugin
2025-07-04 20:36:08,783 [INFO] IPUIPlugin:80 - create IPUIPlugin
2025-07-04 20:36:08,783 [INFO] IPUIPlugin:80 - create IPUIPlugin
2025-07-04 20:36:08,783 [INFO] IPUIPlugin:80 - create IPUIPlugin
2025-07-04 20:36:08,783 [INFO] IPUIPlugin:80 - create IPUIPlugin
2025-07-04 20:36:08,783 [INFO] IPUIPlugin:80 - create IPUIPlugin
2025-07-04 20:36:08,783 [INFO] IPUIPlugin:80 - create IPUIPlugin
2025-07-04 20:36:08,783 [INFO] IPUIPlugin:80 - create IPUIPlugin
2025-07-04 20:36:08,783 [INFO] IPUIPlugin:80 - create IPUIPlugin
2025-07-04 20:36:08,783 [INFO] IPUIPlugin:80 - create IPUIPlugin
2025-07-04 20:36:08,783 [INFO] IPUIPlugin:80 - create IPUIPlugin
2025-07-04 20:36:08,784 [INFO] IPUIPlugin:80 - create IPUIPlugin
2025-07-04 20:36:08,784 [INFO] IPUIPlugin:80 - create IPUIPlugin
2025-07-04 20:36:08,784 [INFO] IPUIPlugin:80 - create IPUIPlugin
2025-07-04 20:36:08,784 [INFO] IPUIPlugin:80 - create IPUIPlugin
2025-07-04 20:36:08,784 [INFO] IPUIPlugin:80 - create IPUIPlugin
2025-07-04 20:36:08,784 [INFO] IPUIPlugin:80 - create IPUIPlugin
2025-07-04 20:36:08,784 [INFO] IPUIPlugin:80 - create IPUIPlugin
2025-07-04 20:36:08,784 [INFO] IPUIPlugin:80 - create IPUIPlugin
2025-07-04 20:36:08,784 [INFO] IPUIPlugin:80 - create IPUIPlugin
2025-07-04 20:36:08,784 [INFO] IPUIPlugin:80 - create IPUIPlugin
2025-07-04 20:36:08,785 [INFO] IPUIPlugin:80 - create IPUIPlugin
2025-07-04 20:36:08,785 [INFO] IPUIPlugin:80 - create IPUIPlugin
2025-07-04 20:36:08,785 [INFO] IPUIPlugin:80 - create IPUIPlugin
2025-07-04 20:36:08,785 [INFO] IPUIPlugin:80 - create IPUIPlugin
2025-07-04 20:36:08,785 [INFO] IPUIPlugin:80 - create IPUIPlugin
2025-07-04 20:36:08,786 [INFO] IPUIPlugin:80 - create IPUIPlugin
2025-07-04 20:36:08,786 [INFO] IPUIPlugin:80 - create IPUIPlugin
2025-07-04 20:36:08,786 [INFO] IPUIPlugin:80 - create IPUIPlugin
2025-07-04 20:36:08,786 [INFO] IPUIPlugin:80 - create IPUIPlugin
2025-07-04 20:36:08,786 [INFO] IPUIPlugin:80 - create IPUIPlugin
2025-07-04 20:36:08,786 [INFO] IPUIPlugin:80 - create IPUIPlugin
2025-07-04 20:36:08,787 [INFO] IPUIPlugin:80 - create IPUIPlugin
2025-07-04 20:36:08,787 [INFO] IPUIPlugin:80 - create IPUIPlugin
2025-07-04 20:36:08,787 [INFO] IPUIPlugin:80 - create IPUIPlugin
2025-07-04 20:36:08,787 [INFO] IPUIPlugin:80 - create IPUIPlugin
2025-07-04 20:36:08,787 [INFO] IPUIPlugin:80 - create IPUIPlugin
2025-07-04 20:36:08,787 [INFO] IPUIPlugin:80 - create IPUIPlugin
2025-07-04 20:36:08,787 [INFO] IPUIPlugin:80 - create IPUIPlugin
2025-07-04 20:36:08,788 [INFO] IPUIPlugin:80 - create IPUIPlugin
2025-07-04 20:36:08,788 [INFO] IPUIPlugin:80 - create IPUIPlugin
2025-07-04 20:36:08,788 [INFO] IPUIPlugin:80 - create IPUIPlugin
2025-07-04 20:36:08,788 [INFO] IPUIPlugin:80 - create IPUIPlugin
2025-07-04 20:36:08,788 [INFO] IPUIPlugin:80 - create IPUIPlugin
2025-07-04 20:36:08,789 [INFO] IPUIPlugin:80 - create IPUIPlugin
2025-07-04 20:36:08,789 [INFO] IPUIPlugin:80 - create IPUIPlugin
2025-07-04 20:36:08,789 [INFO] IPUIPlugin:80 - create IPUIPlugin
2025-07-04 20:36:08,789 [INFO] IPUIPlugin:80 - create IPUIPlugin
2025-07-04 20:36:08,789 [INFO] IPUIPlugin:80 - create IPUIPlugin
2025-07-04 20:36:08,790 [INFO] IPUIPlugin:80 - create IPUIPlugin
2025-07-04 20:36:08,790 [INFO] IPUIPlugin:80 - create IPUIPlugin
2025-07-04 20:36:08,790 [INFO] IPUIPlugin:80 - create IPUIPlugin
2025-07-04 20:36:08,790 [INFO] IPUIPlugin:80 - create IPUIPlugin
2025-07-04 20:36:08,791 [INFO] IPUIPlugin:80 - create IPUIPlugin
2025-07-04 20:36:08,791 [INFO] IPUIPlugin:80 - create IPUIPlugin
2025-07-04 20:36:08,791 [INFO] IPUIPlugin:80 - create IPUIPlugin
2025-07-04 20:36:08,791 [INFO] IPUIPlugin:80 - create IPUIPlugin
2025-07-04 20:36:08,792 [INFO] IPUIPlugin:80 - create IPUIPlugin
2025-07-04 20:36:08,792 [INFO] IPUIPlugin:80 - create IPUIPlugin
2025-07-04 20:36:08,792 [INFO] IPUIPlugin:80 - create IPUIPlugin
2025-07-04 20:36:08,792 [INFO] IPUIPlugin:80 - create IPUIPlugin
2025-07-04 20:36:08,793 [INFO] IPUIPlugin:80 - create IPUIPlugin
2025-07-04 20:36:08,793 [INFO] IPUIPlugin:80 - create IPUIPlugin
2025-07-04 20:36:08,793 [INFO] IPUIPlugin:80 - create IPUIPlugin
2025-07-04 20:36:08,793 [INFO] IPUIPlugin:80 - create IPUIPlugin
2025-07-04 20:36:08,794 [INFO] IPUIPlugin:80 - create IPUIPlugin
2025-07-04 20:36:08,794 [INFO] IPUIPlugin:80 - create IPUIPlugin
2025-07-04 20:36:08,794 [INFO] IPUIPlugin:80 - create IPUIPlugin
2025-07-04 20:36:08,794 [INFO] IPUIPlugin:80 - create IPUIPlugin
2025-07-04 20:36:08,795 [INFO] IPUIPlugin:80 - create IPUIPlugin
2025-07-04 20:36:08,795 [INFO] IPUIPlugin:80 - create IPUIPlugin
2025-07-04 20:36:08,795 [INFO] IPUIPlugin:80 - create IPUIPlugin
2025-07-04 20:36:08,796 [INFO] IPUIPlugin:80 - create IPUIPlugin
2025-07-04 20:36:08,796 [INFO] IPUIPlugin:80 - create IPUIPlugin
2025-07-04 20:36:08,796 [INFO] IPUIPlugin:80 - create IPUIPlugin
2025-07-04 20:36:08,797 [INFO] IPUIPlugin:80 - create IPUIPlugin
2025-07-04 20:36:08,797 [INFO] IPUIPlugin:80 - create IPUIPlugin
2025-07-04 20:36:08,797 [INFO] IPUIPlugin:80 - create IPUIPlugin
2025-07-04 20:36:08,798 [INFO] IPUIPlugin:80 - create IPUIPlugin
2025-07-04 20:36:08,798 [INFO] IPUIPlugin:80 - create IPUIPlugin
2025-07-04 20:36:08,798 [INFO] IPUIPlugin:80 - create IPUIPlugin
2025-07-04 20:36:08,799 [INFO] IPUIPlugin:80 - create IPUIPlugin
2025-07-04 20:36:08,799 [INFO] IPUIPlugin:80 - create IPUIPlugin
2025-07-04 20:36:08,800 [INFO] IPUIPlugin:80 - create IPUIPlugin
2025-07-04 20:36:08,800 [INFO] IPUIPlugin:80 - create IPUIPlugin
2025-07-04 20:36:08,801 [INFO] IPUIPlugin:80 - create IPUIPlugin
2025-07-04 20:36:08,801 [INFO] IPUIPlugin:80 - create IPUIPlugin
2025-07-04 20:36:08,803 [INFO] ApiDbMcu:508 - Load IP Config File for PDM2PCM
2025-07-04 20:36:08,820 [WARN] FreeRTOS:1023 - Null or empty value: should not occur! (nothing added to the table)
2025-07-04 20:36:08,885 [INFO] CADModel:165 - CPN selected for project levelSTM32H743VIT6
2025-07-04 20:36:08,885 [INFO] CADModel:114 - Register for checkConnection events
2025-07-04 20:36:08,887 [INFO] RtosManager:725 - Active RTOS found at IOC load: FREERTOS [Cortex-M7NS]
2025-07-04 20:36:08,947 [INFO] OpenFileManager:385 - Restore cursor
