2025-06-27 08:37:36,467 [INFO] Activator:176 - 


2025-06-27 08:37:36,472 [INFO] Activator:177 - !SESSION log4j initialized
2025-06-27 08:37:42,333 [INFO] LogOutputStream:77 - [STDOUT_REDIRECT] 
2025-06-27 08:37:51,321 [INFO] ApplicationProperties:184 - Using Application install path: C:\ST\STM32CubeIDE_1.18.0\STM32CubeIDE\plugins\com.st.stm32cube.common.mx_6.14.0.202502271554
2025-06-27 08:37:51,343 [INFO] DbMcusXml:78 - Set database path to: C:\ST\STM32CubeIDE_1.18.0\STM32CubeIDE\plugins\com.st.stm32cube.common.mx_6.14.0.202502271554\\db\/mcu/
2025-06-27 08:37:51,344 [INFO] ApiDb:274 - Set plugin database path to: C:\ST\STM32CubeIDE_1.18.0\STM32CubeIDE\plugins\com.st.stm32cube.common.mx_6.14.0.202502271554\\db\/plugins/boardmanager/
2025-06-27 08:37:51,344 [WARN] ApiDb:259 - Overriding images path with different value:  => C:\ST\STM32CubeIDE_1.18.0\STM32CubeIDE\plugins\com.st.stm32cube.common.mx_6.14.0.202502271554\\db\/plugins/mcufinder/images/
2025-06-27 08:37:51,351 [INFO] ApiDb:250 - Set database path to: C:\Users\marcv\.stmcufinder\plugins\mcufinder//mcu/
2025-06-27 08:37:51,352 [INFO] DbMcusAds:125 - Set database path to: C:\Users\marcv\.stmcufinder\plugins\mcufinder//mcu/
2025-06-27 08:37:51,355 [INFO] CrossReferenceDbSqlite:203 - Set database path to: C:\Users\marcv\.stmcufinder\plugins\mcufinder//mcu/cs/
2025-06-27 08:37:51,480 [INFO] RulesReader:64 - Compatibility file has been processed (301 Rules)
2025-06-27 08:37:51,571 [INFO] DbMcusXml:78 - Set database path to: C:\ST\STM32CubeIDE_1.18.0\STM32CubeIDE\plugins\com.st.stm32cube.common.mx_6.14.0.202502271554\\db\/mcu/
2025-06-27 08:37:51,571 [INFO] ApiDb:274 - Set plugin database path to: C:\ST\STM32CubeIDE_1.18.0\STM32CubeIDE\plugins\com.st.stm32cube.common.mx_6.14.0.202502271554\\db\/plugins/boardmanager/
2025-06-27 08:37:51,571 [INFO] ApiDb:261 - Set plugin images path to: C:\ST\STM32CubeIDE_1.18.0\STM32CubeIDE\plugins\com.st.stm32cube.common.mx_6.14.0.202502271554\\db\/plugins/mcufinder/images/
2025-06-27 08:37:51,572 [WARN] DbFile:41 - Overriding database path with different value: C:\Users\marcv\.stmcufinder\plugins\mcufinder/ => C:\Users\marcv\.stmcufinder\plugins\mcufinder
2025-06-27 08:37:51,572 [INFO] ApiDb:250 - Set database path to: C:\Users\marcv\.stmcufinder\plugins\mcufinder//mcu/
2025-06-27 08:37:51,572 [WARN] DbFile:41 - Overriding database path with different value: C:\Users\marcv\.stmcufinder\plugins\mcufinder/ => C:\Users\marcv\.stmcufinder\plugins\mcufinder
2025-06-27 08:37:51,572 [INFO] DbMcusAds:125 - Set database path to: C:\Users\marcv\.stmcufinder\plugins\mcufinder//mcu/
2025-06-27 08:37:51,572 [WARN] DbFile:41 - Overriding database path with different value: C:\Users\marcv\.stmcufinder\plugins\mcufinder/ => C:\Users\marcv\.stmcufinder\plugins\mcufinder
2025-06-27 08:37:51,572 [WARN] DbFile:41 - Overriding database path with different value: C:\Users\marcv\.stmcufinder\plugins\mcufinder/ => C:\Users\marcv\.stmcufinder\plugins\mcufinder
2025-06-27 08:37:51,572 [INFO] CrossReferenceDbSqlite:203 - Set database path to: C:\Users\marcv\.stmcufinder\plugins\mcufinder//mcu/cs/
2025-06-27 08:37:51,660 [INFO] MainPanel:272 - HeapMemory: 268435456
2025-06-27 08:37:51,805 [INFO] DbMcusXml:78 - Set database path to: C:\ST\STM32CubeIDE_1.18.0\STM32CubeIDE\plugins\com.st.stm32cube.common.mx_6.14.0.202502271554\\db\/mcu/
2025-06-27 08:37:51,805 [INFO] ApiDb:274 - Set plugin database path to: C:\ST\STM32CubeIDE_1.18.0\STM32CubeIDE\plugins\com.st.stm32cube.common.mx_6.14.0.202502271554\\db\/plugins/boardmanager/
2025-06-27 08:37:51,805 [INFO] ApiDb:261 - Set plugin images path to: C:\ST\STM32CubeIDE_1.18.0\STM32CubeIDE\plugins\com.st.stm32cube.common.mx_6.14.0.202502271554\\db\/plugins/mcufinder/images/
2025-06-27 08:37:51,806 [WARN] DbFile:41 - Overriding database path with different value: C:\Users\marcv\.stmcufinder\plugins\mcufinder/ => C:\Users\marcv\.stmcufinder\plugins\mcufinder
2025-06-27 08:37:51,806 [INFO] ApiDb:250 - Set database path to: C:\Users\marcv\.stmcufinder\plugins\mcufinder//mcu/
2025-06-27 08:37:51,806 [WARN] DbFile:41 - Overriding database path with different value: C:\Users\marcv\.stmcufinder\plugins\mcufinder/ => C:\Users\marcv\.stmcufinder\plugins\mcufinder
2025-06-27 08:37:51,806 [INFO] DbMcusAds:125 - Set database path to: C:\Users\marcv\.stmcufinder\plugins\mcufinder//mcu/
2025-06-27 08:37:51,806 [WARN] DbFile:41 - Overriding database path with different value: C:\Users\marcv\.stmcufinder\plugins\mcufinder/ => C:\Users\marcv\.stmcufinder\plugins\mcufinder
2025-06-27 08:37:51,806 [WARN] DbFile:41 - Overriding database path with different value: C:\Users\marcv\.stmcufinder\plugins\mcufinder/ => C:\Users\marcv\.stmcufinder\plugins\mcufinder
2025-06-27 08:37:51,806 [INFO] CrossReferenceDbSqlite:203 - Set database path to: C:\Users\marcv\.stmcufinder\plugins\mcufinder//mcu/cs/
2025-06-27 08:37:51,824 [INFO] ApplicationProperties:184 - Using Application install path: C:\ST\STM32CubeIDE_1.18.0\STM32CubeIDE\plugins\com.st.stm32cube.common.mx_6.14.0.202502271554
2025-06-27 08:37:51,826 [INFO] PluginManage:196 - Search for loadable plugins [exclusion list=, ]
2025-06-27 08:37:51,827 [INFO] PluginManage:310 - Check plugin analytics
2025-06-27 08:37:56,527 [INFO] AnalyticsPlugin:253 - Accepted Software Licenses: 
2025-06-27 08:37:56,528 [INFO] AnalyticsPlugin:255 - Accepted CMSIS Pack Licenses: 
2025-06-27 08:37:56,528 [INFO] AnalyticsPlugin:257 - Accepted Firmware Licenses: FW.H7.1.12.0
2025-06-27 08:37:56,530 [INFO] PluginManage:359 - Loaded plugin analytics (category:tool,tabindex:-1)
2025-06-27 08:37:56,531 [INFO] PluginManage:310 - Check plugin cadmodel
2025-06-27 08:37:56,552 [INFO] CADModel:105 - Init CAD model plugin
2025-06-27 08:37:56,553 [INFO] PluginManage:359 - Loaded plugin cadmodel (category:power,tabindex:5)
2025-06-27 08:37:56,553 [INFO] PluginManage:310 - Check plugin clock
2025-06-27 08:37:56,576 [INFO] PluginManage:359 - Loaded plugin clock (category:base,tabindex:2)
2025-06-27 08:37:56,577 [INFO] PluginManage:310 - Check plugin ddr
2025-06-27 08:37:56,579 [INFO] PluginManage:359 - Loaded plugin ddr (category:tool,tabindex:6)
2025-06-27 08:37:56,579 [INFO] PluginManage:310 - Check plugin filemanager
2025-06-27 08:37:56,726 [INFO] PluginManage:359 - Loaded plugin filemanager (category:base,tabindex:10)
2025-06-27 08:37:56,726 [INFO] PluginManage:310 - Check plugin ipmanager
2025-06-27 08:37:56,733 [INFO] PluginManage:359 - Loaded plugin ipmanager (category:base,tabindex:5)
2025-06-27 08:37:56,733 [INFO] PluginManage:310 - Check plugin lpbam
2025-06-27 08:37:56,754 [INFO] PluginManage:359 - Loaded plugin lpbam (category:base,tabindex:0)
2025-06-27 08:37:56,754 [INFO] PluginManage:310 - Check plugin memorymap
2025-06-27 08:37:56,782 [INFO] PluginManage:359 - Loaded plugin memorymap (category:base,tabindex:4)
2025-06-27 08:37:56,783 [INFO] PluginManage:310 - Check plugin pinoutandconfiguration
2025-06-27 08:37:56,803 [INFO] PluginManage:359 - Loaded plugin pinoutandconfiguration (category:base,tabindex:1)
2025-06-27 08:37:56,804 [INFO] PluginManage:310 - Check plugin pinoutconfig
2025-06-27 08:37:56,902 [WARN] SupportedApi:132 - Cannot load RTOS API schema: s4s-elt-must-match.1: The content of 'definitions' must match (annotation?, (simpleType | complexType)?, (unique | key | keyref)*)). A problem was found starting at: attribute.
2025-06-27 08:37:57,037 [INFO] PluginManage:359 - Loaded plugin pinoutconfig (category:base,tabindex:0)
2025-06-27 08:37:57,037 [INFO] PluginManage:310 - Check plugin power
2025-06-27 08:37:57,062 [INFO] PluginManage:359 - Loaded plugin power (category:power,tabindex:4)
2025-06-27 08:37:57,062 [INFO] PluginManage:310 - Check plugin projectmanager
2025-06-27 08:37:57,076 [INFO] PluginManage:359 - Loaded plugin projectmanager (category:projectmanager,tabindex:4)
2025-06-27 08:37:57,076 [INFO] PluginManage:310 - Check plugin rif
2025-06-27 08:37:57,095 [INFO] PluginManage:359 - Loaded plugin rif (category:base,tabindex:3)
2025-06-27 08:37:57,095 [INFO] PluginManage:310 - Check plugin thirdparty
2025-06-27 08:37:57,400 [INFO] PluginManage:359 - Loaded plugin thirdparty (category:base,tabindex:-1)
2025-06-27 08:37:57,400 [WARN] IntegrityCheckThread:84 - waiting for thirdparty lock release [integrity check]
2025-06-27 08:37:57,400 [INFO] PluginManage:310 - Check plugin tools
2025-06-27 08:37:57,400 [INFO] IntegrityCheckThread:86 - entering critical section [integrity check]
2025-06-27 08:37:57,401 [INFO] ThirdPartyUpdaterWithRetryManager:70 - Updater plugin not ready yet. [1/15]
2025-06-27 08:37:57,451 [INFO] PluginManage:359 - Loaded plugin tools (category:base,tabindex:7)
2025-06-27 08:37:57,452 [INFO] PluginManage:310 - Check plugin tutovideos
2025-06-27 08:37:57,653 [INFO] PluginManage:359 - Loaded plugin tutovideos (category:base,tabindex:-1)
2025-06-27 08:37:57,653 [INFO] PluginManage:310 - Check plugin updater
2025-06-27 08:37:57,679 [INFO] PluginManage:359 - Loaded plugin updater (category:base,tabindex:12)
2025-06-27 08:37:57,679 [INFO] PluginManage:310 - Check plugin userauth
2025-06-27 08:37:57,684 [INFO] UserAuth:118 - Init User Auth plugin
2025-06-27 08:37:57,686 [INFO] PluginManage:359 - Loaded plugin userauth (category:base,tabindex:14)
2025-06-27 08:37:57,687 [INFO] PluginManage:283 - PluginManage : Loaded plugins [18]
2025-06-27 08:37:57,923 [INFO] PinOutPanel:1589 - setPackage(No Configuration,No Configuration)
2025-06-27 08:37:58,010 [INFO] CADModel:165 - CPN selected for project level
2025-06-27 08:37:58,011 [INFO] CADModel:114 - Register for checkConnection events
2025-06-27 08:37:58,038 [INFO] IPUIPlugin:80 - create IPUIPlugin
2025-06-27 08:37:58,038 [INFO] PluginManager:220 - loadIPPluginJar : add adc
2025-06-27 08:37:58,079 [INFO] IPUIPlugin:80 - create IPUIPlugin
2025-06-27 08:37:58,079 [INFO] PluginManager:220 - loadIPPluginJar : add aes
2025-06-27 08:37:58,132 [INFO] IPUIPlugin:80 - create IPUIPlugin
2025-06-27 08:37:58,132 [INFO] PluginManager:220 - loadIPPluginJar : add can
2025-06-27 08:37:58,164 [INFO] IPUIPlugin:80 - create IPUIPlugin
2025-06-27 08:37:58,164 [INFO] PluginManager:220 - loadIPPluginJar : add comp
2025-06-27 08:37:58,205 [INFO] IPUIPlugin:80 - create IPUIPlugin
2025-06-27 08:37:58,205 [INFO] PluginManager:220 - loadIPPluginJar : add cryp
2025-06-27 08:37:58,219 [INFO] IPUIPlugin:80 - create IPUIPlugin
2025-06-27 08:37:58,219 [INFO] PluginManager:220 - loadIPPluginJar : add ddr_ctrl_phy
2025-06-27 08:37:58,256 [INFO] IPUIPlugin:80 - create IPUIPlugin
2025-06-27 08:37:58,256 [INFO] PluginManager:220 - loadIPPluginJar : add dfsdm
2025-06-27 08:37:58,273 [INFO] IPUIPlugin:80 - create IPUIPlugin
2025-06-27 08:37:58,273 [INFO] PluginManager:220 - loadIPPluginJar : add dma
2025-06-27 08:37:58,321 [INFO] IPUIPlugin:80 - create IPUIPlugin
2025-06-27 08:37:58,321 [INFO] PluginManager:220 - loadIPPluginJar : add dma3
2025-06-27 08:37:58,372 [INFO] IPUIPlugin:80 - create IPUIPlugin
2025-06-27 08:37:58,372 [INFO] PluginManager:220 - loadIPPluginJar : add extmemmanager
2025-06-27 08:37:58,397 [INFO] IPUIPlugin:80 - create IPUIPlugin
2025-06-27 08:37:58,397 [INFO] PluginManager:220 - loadIPPluginJar : add fatfs
2025-06-27 08:37:58,459 [INFO] IPUIPlugin:80 - create IPUIPlugin
2025-06-27 08:37:58,460 [INFO] PluginManager:220 - loadIPPluginJar : add fmc
2025-06-27 08:37:58,477 [INFO] IPUIPlugin:80 - create IPUIPlugin
2025-06-27 08:37:58,477 [INFO] PluginManager:220 - loadIPPluginJar : add freertos
2025-06-27 08:37:58,504 [INFO] IPUIPlugin:80 - create IPUIPlugin
2025-06-27 08:37:58,504 [INFO] PluginManager:220 - loadIPPluginJar : add genericplugin
2025-06-27 08:37:58,615 [INFO] IPUIPlugin:80 - create IPUIPlugin
2025-06-27 08:37:58,615 [INFO] PluginManager:220 - loadIPPluginJar : add gfxmmu
2025-06-27 08:37:58,783 [INFO] IPUIPlugin:80 - create IPUIPlugin
2025-06-27 08:37:58,784 [INFO] PluginManager:220 - loadIPPluginJar : add gic
2025-06-27 08:37:58,799 [INFO] IPUIPlugin:80 - create IPUIPlugin
2025-06-27 08:37:58,799 [INFO] PluginManager:220 - loadIPPluginJar : add gpio
2025-06-27 08:37:58,908 [INFO] IPUIPlugin:80 - create IPUIPlugin
2025-06-27 08:37:58,909 [INFO] PluginManager:220 - loadIPPluginJar : add gtzc
2025-06-27 08:37:58,948 [INFO] IPUIPlugin:80 - create IPUIPlugin
2025-06-27 08:37:58,948 [INFO] PluginManager:220 - loadIPPluginJar : add hash
2025-06-27 08:37:59,013 [INFO] IPUIPlugin:80 - create IPUIPlugin
2025-06-27 08:37:59,013 [INFO] PluginManager:220 - loadIPPluginJar : add i2c
2025-06-27 08:37:59,059 [INFO] IPUIPlugin:80 - create IPUIPlugin
2025-06-27 08:37:59,059 [INFO] PluginManager:220 - loadIPPluginJar : add i2s
2025-06-27 08:37:59,107 [INFO] IPUIPlugin:80 - create IPUIPlugin
2025-06-27 08:37:59,107 [INFO] PluginManager:220 - loadIPPluginJar : add i3c
2025-06-27 08:37:59,225 [INFO] IPUIPlugin:80 - create IPUIPlugin
2025-06-27 08:37:59,225 [INFO] PluginManager:220 - loadIPPluginJar : add ipddr
2025-06-27 08:37:59,333 [INFO] IPUIPlugin:80 - create IPUIPlugin
2025-06-27 08:37:59,333 [INFO] PluginManager:220 - loadIPPluginJar : add linkedlist
2025-06-27 08:37:59,373 [INFO] IPUIPlugin:80 - create IPUIPlugin
2025-06-27 08:37:59,374 [INFO] PluginManager:220 - loadIPPluginJar : add lorawan
2025-06-27 08:37:59,417 [INFO] IPUIPlugin:80 - create IPUIPlugin
2025-06-27 08:37:59,417 [INFO] PluginManager:220 - loadIPPluginJar : add ltdc
2025-06-27 08:37:59,435 [INFO] IPUIPlugin:80 - create IPUIPlugin
2025-06-27 08:37:59,436 [INFO] PluginManager:220 - loadIPPluginJar : add mdma
2025-06-27 08:37:59,449 [INFO] IPUIPlugin:80 - create IPUIPlugin
2025-06-27 08:37:59,449 [INFO] PluginManager:220 - loadIPPluginJar : add nvic
2025-06-27 08:37:59,494 [INFO] IPUIPlugin:80 - create IPUIPlugin
2025-06-27 08:37:59,494 [INFO] PluginManager:220 - loadIPPluginJar : add opamp
2025-06-27 08:37:59,569 [INFO] IPUIPlugin:80 - create IPUIPlugin
2025-06-27 08:37:59,569 [INFO] PluginManager:220 - loadIPPluginJar : add openamp
2025-06-27 08:37:59,620 [INFO] IPUIPlugin:80 - create IPUIPlugin
2025-06-27 08:37:59,620 [INFO] PluginManager:220 - loadIPPluginJar : add pdm2pcm
2025-06-27 08:37:59,636 [INFO] IPUIPlugin:80 - create IPUIPlugin
2025-06-27 08:37:59,639 [INFO] PluginManager:220 - loadIPPluginJar : add plateformsettings
2025-06-27 08:37:59,667 [INFO] IPUIPlugin:80 - create IPUIPlugin
2025-06-27 08:37:59,667 [INFO] PluginManager:220 - loadIPPluginJar : add quadspi
2025-06-27 08:37:59,700 [INFO] IPUIPlugin:80 - create IPUIPlugin
2025-06-27 08:37:59,701 [INFO] PluginManager:220 - loadIPPluginJar : add radio
2025-06-27 08:37:59,715 [INFO] IPUIPlugin:80 - create IPUIPlugin
2025-06-27 08:37:59,716 [INFO] PluginManager:220 - loadIPPluginJar : add resmgrutility
2025-06-27 08:37:59,776 [INFO] IPUIPlugin:80 - create IPUIPlugin
2025-06-27 08:37:59,776 [INFO] PluginManager:220 - loadIPPluginJar : add sai
2025-06-27 08:37:59,827 [INFO] IPUIPlugin:80 - create IPUIPlugin
2025-06-27 08:37:59,827 [INFO] PluginManager:220 - loadIPPluginJar : add spi
2025-06-27 08:37:59,912 [INFO] IPUIPlugin:80 - create IPUIPlugin
2025-06-27 08:37:59,912 [INFO] PluginManager:220 - loadIPPluginJar : add stm32_wpan
2025-06-27 08:37:59,943 [INFO] IPUIPlugin:80 - create IPUIPlugin
2025-06-27 08:37:59,943 [INFO] PluginManager:220 - loadIPPluginJar : add tim
2025-06-27 08:38:00,016 [INFO] IPUIPlugin:80 - create IPUIPlugin
2025-06-27 08:38:00,016 [INFO] PluginManager:220 - loadIPPluginJar : add touchsensing
2025-06-27 08:38:00,045 [INFO] IPUIPlugin:80 - create IPUIPlugin
2025-06-27 08:38:00,045 [INFO] PluginManager:220 - loadIPPluginJar : add tracer_emb
2025-06-27 08:38:00,074 [INFO] IPUIPlugin:80 - create IPUIPlugin
2025-06-27 08:38:00,074 [INFO] PluginManager:220 - loadIPPluginJar : add ts
2025-06-27 08:38:00,101 [INFO] IPUIPlugin:80 - create IPUIPlugin
2025-06-27 08:38:00,102 [INFO] PluginManager:220 - loadIPPluginJar : add tsc
2025-06-27 08:38:00,128 [INFO] IPUIPlugin:80 - create IPUIPlugin
2025-06-27 08:38:00,128 [INFO] PluginManager:220 - loadIPPluginJar : add ucpd
2025-06-27 08:38:00,182 [INFO] IPUIPlugin:80 - create IPUIPlugin
2025-06-27 08:38:00,182 [INFO] PluginManager:220 - loadIPPluginJar : add usart
2025-06-27 08:38:00,236 [INFO] IPUIPlugin:80 - create IPUIPlugin
2025-06-27 08:38:00,236 [INFO] PluginManager:220 - loadIPPluginJar : add usbx
2025-06-27 08:38:00,365 [FATAL] Updater:351 - Updater called before beeing initialized
2025-06-27 08:38:00,389 [INFO] RulesReader:64 - Compatibility file has been processed (301 Rules)
2025-06-27 08:38:00,399 [INFO] RulesReader:64 - Compatibility file has been processed (301 Rules)
2025-06-27 08:38:00,402 [INFO] ThirdPartyUpdaterWithRetryManager:70 - Updater plugin not ready yet. [2/15]
2025-06-27 08:38:00,407 [INFO] CADModel:165 - CPN selected for project level
2025-06-27 08:38:00,407 [INFO] CADModel:114 - Register for checkConnection events
2025-06-27 08:38:00,407 [FATAL] Updater:351 - Updater called before beeing initialized
2025-06-27 08:38:00,407 [ERROR] CADModel:125 - Updater not yet initialized, retry later 
2025-06-27 08:38:00,578 [FATAL] Updater:351 - Updater called before beeing initialized
2025-06-27 08:38:00,581 [INFO] CADModel:165 - CPN selected for project level
2025-06-27 08:38:00,581 [INFO] CADModel:114 - Register for checkConnection events
2025-06-27 08:38:00,581 [FATAL] Updater:351 - Updater called before beeing initialized
2025-06-27 08:38:00,581 [ERROR] CADModel:125 - Updater not yet initialized, retry later 
2025-06-27 08:38:00,584 [FATAL] Updater:351 - Updater called before beeing initialized
2025-06-27 08:38:00,708 [FATAL] Updater:351 - Updater called before beeing initialized
2025-06-27 08:38:00,721 [INFO] DbMcusAds:53 - JSON generation date=Thu Jun 19 10:32:34 CEST 2025 (1750321954415)
2025-06-27 08:38:00,721 [FATAL] Updater:351 - Updater called before beeing initialized
2025-06-27 08:38:00,772 [WARN] DetailPanel:346 - Failed to get advertising image, set to default
2025-06-27 08:38:01,070 [FATAL] Updater:351 - Updater called before beeing initialized
2025-06-27 08:38:01,072 [FATAL] Updater:351 - Updater called before beeing initialized
2025-06-27 08:38:01,072 [FATAL] Updater:351 - Updater called before beeing initialized
2025-06-27 08:38:01,072 [WARN] DetailPanel:346 - Failed to get advertising image, set to default
2025-06-27 08:38:01,073 [FATAL] Updater:351 - Updater called before beeing initialized
2025-06-27 08:38:01,140 [ERROR] Updater:1198 - MainUpdater not yet initialized. External WinMGr cannot be set.
2025-06-27 08:38:01,154 [INFO] Updater:1134 - Updater Version found : 6.14.0
2025-06-27 08:38:01,179 [INFO] ApplicationProperties:184 - Using Application install path: C:\ST\STM32CubeIDE_1.18.0\STM32CubeIDE\plugins\com.st.stm32cube.common.mx_6.14.0.202502271554
2025-06-27 08:38:02,760 [ERROR] LogOutputStream:75 - [STDERR_REDIRECT] Jun 27, 2025 8:38:02 AM java.util.prefs.WindowsPreferences <init>
2025-06-27 08:38:02,762 [ERROR] LogOutputStream:75 - [STDERR_REDIRECT] WARNING: Could not open/create prefs root node Software\JavaSoft\Prefs at root 0xffffffff80000002. Windows RegCreateKeyEx(...) returned error code 5.
2025-06-27 08:38:02,762 [ERROR] LogOutputStream:75 - [STDERR_REDIRECT] 
2025-06-27 08:38:03,058 [INFO] MainUpdater:2872 - connection check result : 10
2025-06-27 08:38:03,059 [INFO] MainUpdater:289 - Updater Check For Update Now.
2025-06-27 08:38:03,059 [INFO] MicroXplorer:498 - Change Database Version : DB.6.0.140
2025-06-27 08:38:03,076 [INFO] McuFinderGlobals:63 - Set McuFinder mode to 2 (CubeIDE integrated)
2025-06-27 08:38:03,086 [INFO] UserAuth:486 - Internet connection configuration mode: 1
2025-06-27 08:38:03,127 [INFO] JxBrowserEngine:152 - Initiate JxBrowser Engine with user profile folder
2025-06-27 08:38:03,286 [INFO] CheckServerUpdateThread:120 - End of CheckServer Thread
2025-06-27 08:38:03,651 [WARN] PackLoader:240 - Cannot read IP mode file for STMicroelectronics.FP-SNS-MOTENVWB1.1.4.0
2025-06-27 08:38:03,673 [WARN] PackLoader:240 - Cannot read IP mode file for STMicroelectronics.FP-ATR-ASTRA1.2.0.2
2025-06-27 08:38:03,693 [WARN] PackLoader:240 - Cannot read IP mode file for STMicroelectronics.X-CUBE-SMBUS.2.1.0
2025-06-27 08:38:03,712 [WARN] PackLoader:240 - Cannot read IP mode file for STMicroelectronics.X-CUBE-WB05N.1.1.0
2025-06-27 08:38:03,731 [WARN] PackLoader:240 - Cannot read IP mode file for STMicroelectronics.X-CUBE-ST60.1.0.0
2025-06-27 08:38:03,781 [WARN] PackLoader:240 - Cannot read IP mode file for STMicroelectronics.X-CUBE-AZRTOS-F7.1.1.0
2025-06-27 08:38:03,804 [WARN] PackLoader:240 - Cannot read IP mode file for STMicroelectronics.FP-SNS-FLIGHT1.5.0.2
2025-06-27 08:38:04,574 [WARN] PackLoader:240 - Cannot read IP mode file for Infineon.AIROC-Wi-Fi-Bluetooth-STM32.1.7.0
2025-06-27 08:38:04,597 [WARN] PackLoader:240 - Cannot read IP mode file for STMicroelectronics.X-CUBE-DISPLAY.3.0.0
2025-06-27 08:38:04,617 [WARN] PackLoader:240 - Cannot read IP mode file for STMicroelectronics.X-CUBE-NFC10.1.0.0
2025-06-27 08:38:04,638 [WARN] PackLoader:240 - Cannot read IP mode file for STMicroelectronics.X-CUBE-BLEMGR.4.0.0
2025-06-27 08:38:04,660 [WARN] PackLoader:240 - Cannot read IP mode file for emotas.I-CUBE-CANOPEN.1.3.0
2025-06-27 08:38:04,674 [WARN] ConditionMgr:438 - getConditionDescription Invalid condition id : Cortex-A Device cause : null
2025-06-27 08:38:04,697 [WARN] ConditionMgr:1044 - genDependencies : Invalid condition id : Cortex-A Device cause : null
2025-06-27 08:38:04,698 [WARN] ConditionMgr:1044 - genDependencies : Invalid condition id : Cortex-A Device cause : null
2025-06-27 08:38:04,698 [WARN] ConditionMgr:1044 - genDependencies : Invalid condition id : Cortex-A Device cause : null
2025-06-27 08:38:04,713 [WARN] PackLoader:240 - Cannot read IP mode file for STMicroelectronics.X-CUBE-AI.10.0.0
2025-06-27 08:38:04,732 [WARN] PackLoader:240 - Cannot read IP mode file for STMicroelectronics.FP-SNS-SMARTAG2.1.2.0
2025-06-27 08:38:04,751 [WARN] PackLoader:240 - Cannot read IP mode file for STMicroelectronics.FP-SNS-FLIGHT1.5.1.0
2025-06-27 08:38:04,866 [WARN] PackLoader:240 - Cannot read IP mode file for STMicroelectronics.X-CUBE-MEMS1.11.1.0
2025-06-27 08:38:05,045 [INFO] LogOutputStream:77 - [STDOUT_REDIRECT] 1 : Invalid condition id : UX_CORESTACK_Condition cause : null
2025-06-27 08:38:05,046 [INFO] LogOutputStream:77 - [STDOUT_REDIRECT] 1 : Invalid condition id : UX_CORESTACK_Condition cause : null
2025-06-27 08:38:05,047 [INFO] LogOutputStream:77 - [STDOUT_REDIRECT] 1 : Invalid condition id : UX_CORESTACK_Condition cause : null
2025-06-27 08:38:05,049 [INFO] LogOutputStream:77 - [STDOUT_REDIRECT] 1 : Invalid condition id : UX_CORESTACK_Condition cause : null
2025-06-27 08:38:05,050 [INFO] LogOutputStream:77 - [STDOUT_REDIRECT] 1 : Invalid condition id : UX_CORESTACK_Condition cause : null
2025-06-27 08:38:05,054 [WARN] PackLoader:240 - Cannot read IP mode file for STMicroelectronics.X-CUBE-AZRTOS-WL.2.0.0
2025-06-27 08:38:05,076 [WARN] PackLoader:240 - Cannot read IP mode file for STMicroelectronics.FP-SNS-MOTENV1.5.0.0
2025-06-27 08:38:05,108 [WARN] PackLoader:240 - Cannot read IP mode file for WES.I-CUBE-Cesium.1.3.0
2025-06-27 08:38:05,133 [WARN] PackLoader:240 - Cannot read IP mode file for STMicroelectronics.X-CUBE-BLE2.3.3.0
2025-06-27 08:38:05,153 [WARN] PackLoader:240 - Cannot read IP mode file for STMicroelectronics.X-CUBE-NFC9.1.0.0
2025-06-27 08:38:05,170 [WARN] PackLoader:240 - Cannot read IP mode file for STMicroelectronics.X-CUBE-BLE1.7.1.0
2025-06-27 08:38:05,186 [WARN] PackLoader:240 - Cannot read IP mode file for wolfSSL.I-CUBE-wolfMQTT.1.19.2
2025-06-27 08:38:05,202 [WARN] PackLoader:240 - Cannot read IP mode file for STMicroelectronics.X-CUBE-AI.10.1.0
2025-06-27 08:38:05,274 [WARN] PackLoader:240 - Cannot read IP mode file for STMicroelectronics.X-CUBE-MEMS1.11.2.0
2025-06-27 08:38:05,313 [INFO] WebApp:169 - Instantiating new browser for Auth
2025-06-27 08:38:05,427 [WARN] PackLoader:240 - Cannot read IP mode file for STMicroelectronics.X-CUBE-AZRTOS-G0.1.1.0
2025-06-27 08:38:05,448 [WARN] PackLoader:240 - Cannot read IP mode file for STMicroelectronics.X-CUBE-SAFEA1.1.2.2
2025-06-27 08:38:05,470 [WARN] PackLoader:240 - Cannot read IP mode file for STMicroelectronics.X-CUBE-NFC4.3.0.0
2025-06-27 08:38:05,501 [WARN] PackLoader:240 - Cannot read IP mode file for EmbeddedOffice.I-CUBE-FS-RTOS.1.0.1
2025-06-27 08:38:05,545 [WARN] PackLoader:240 - Cannot read IP mode file for STMicroelectronics.X-CUBE-WB05N.2.0.0
2025-06-27 08:38:05,600 [WARN] PackLoader:240 - Cannot read IP mode file for wolfSSL.I-CUBE-wolfTPM.3.8.0
2025-06-27 08:38:05,631 [WARN] PackLoader:240 - Cannot read IP mode file for STMicroelectronics.X-CUBE-TCPP.4.2.0
2025-06-27 08:38:05,650 [WARN] PackLoader:240 - Cannot read IP mode file for RealThread.X-CUBE-RT-Thread_Nano.4.1.1
2025-06-27 08:38:05,672 [WARN] PackLoader:240 - Cannot read IP mode file for STMicroelectronics.FP-ATR-SIGFOX1.3.2.0
2025-06-27 08:38:05,699 [WARN] PackLoader:240 - Cannot read IP mode file for STMicroelectronics.X-CUBE-EEPRMA1.5.1.0
2025-06-27 08:38:05,717 [WARN] PackLoader:240 - Cannot read IP mode file for wolfSSL.I-CUBE-wolfSSL.5.7.6
2025-06-27 08:38:05,741 [WARN] PackLoader:240 - Cannot read IP mode file for ITTIA_DB.I-CUBE-ITTIADB.8.9.0
2025-06-27 08:38:05,763 [WARN] PackLoader:240 - Cannot read IP mode file for STMicroelectronics.X-CUBE-ST67W61.1.0.0
2025-06-27 08:38:05,803 [WARN] PackLoader:240 - Cannot read IP mode file for SEGGER.I-CUBE-embOS.1.3.1
2025-06-27 08:38:05,847 [WARN] PackLoader:240 - Cannot read IP mode file for STMicroelectronics.X-CUBE-ALGOBUILD.1.4.0
2025-06-27 08:38:05,906 [WARN] PackLoader:240 - Cannot read IP mode file for STMicroelectronics.X-CUBE-MEMS1.11.3.0
2025-06-27 08:38:06,180 [WARN] PackLoader:240 - Cannot read IP mode file for STMicroelectronics.X-CUBE-PM33A1.1.0.0
2025-06-27 08:38:06,227 [WARN] PackLoader:240 - Cannot read IP mode file for STMicroelectronics.X-CUBE-AZRTOS-F4.1.1.0
2025-06-27 08:38:06,293 [WARN] PackLoader:240 - Cannot read IP mode file for Avnet-IotConnect.X-CUBE-IoTC-DA16k-PMOD.1.0.0
2025-06-27 08:38:06,334 [WARN] PackLoader:240 - Cannot read IP mode file for STMicroelectronics.X-CUBE-ISPU.2.1.0
2025-06-27 08:38:06,376 [WARN] PackLoader:240 - Cannot read IP mode file for STMicroelectronics.X-CUBE-AZRTOS-L5.2.0.0
2025-06-27 08:38:06,464 [WARN] PackLoader:240 - Cannot read IP mode file for STMicroelectronics.X-CUBE-NFC6.3.1.0
2025-06-27 08:38:06,492 [WARN] PackLoader:240 - Cannot read IP mode file for STMicroelectronics.X-CUBE-DPower.1.2.0
2025-06-27 08:38:06,510 [WARN] PackLoader:240 - Cannot read IP mode file for STMicroelectronics.X-CUBE-FREERTOS.1.3.1
2025-06-27 08:38:06,527 [WARN] PackLoader:240 - Cannot read IP mode file for STMicroelectronics.X-CUBE-FREERTOS.1.3.0
2025-06-27 08:38:06,541 [WARN] PackLoader:240 - Cannot read IP mode file for STMicroelectronics.X-CUBE-NFC7.1.0.1
2025-06-27 08:38:06,557 [WARN] PackLoader:240 - Cannot read IP mode file for STMicroelectronics.FP-SNS-STAIOTCFT.1.0.0
2025-06-27 08:38:06,573 [WARN] PackLoader:240 - Cannot read IP mode file for STMicroelectronics.X-CUBE-DPower.1.3.0
2025-06-27 08:38:06,605 [WARN] ConditionMgr:438 - getConditionDescription Invalid condition id : LAN8742 Phy interface Condition cause : null
2025-06-27 08:38:06,606 [WARN] PackLoader:240 - Cannot read IP mode file for STMicroelectronics.X-CUBE-AZRTOS-L4.2.0.0
2025-06-27 08:38:06,607 [WARN] ConditionMgr:1044 - genDependencies : Invalid condition id : LAN8742 Phy interface Condition cause : null
2025-06-27 08:38:06,607 [WARN] ConditionMgr:1044 - genDependencies : Invalid condition id : LAN8742 Phy interface Condition cause : null
2025-06-27 08:38:06,607 [WARN] ConditionMgr:1044 - genDependencies : Invalid condition id : LAN8742 Phy interface Condition cause : null
2025-06-27 08:38:06,629 [WARN] PackLoader:240 - Cannot read IP mode file for STMicroelectronics.X-CUBE-SFXS2LP1.4.0.0
2025-06-27 08:38:06,671 [WARN] PackLoader:240 - Cannot read IP mode file for STMicroelectronics.X-CUBE-AZRTOS-H7.3.3.0
2025-06-27 08:38:06,718 [WARN] ConditionMgr:438 - getConditionDescription Invalid condition id : UX DEVICE CLASS RTOS Condition cause : null
2025-06-27 08:38:06,718 [WARN] ConditionMgr:438 - getConditionDescription Invalid condition id : UX DEVICE CLASS RTOS Condition cause : null
2025-06-27 08:38:06,720 [WARN] PackLoader:240 - Cannot read IP mode file for STMicroelectronics.X-CUBE-AZRTOS-WB.2.0.0
2025-06-27 08:38:06,721 [WARN] ConditionMgr:1044 - genDependencies : Invalid condition id : UX DEVICE CLASS RTOS Condition cause : null
2025-06-27 08:38:06,721 [WARN] ConditionMgr:1044 - genDependencies : Invalid condition id : UX DEVICE CLASS RTOS Condition cause : null
2025-06-27 08:38:06,721 [WARN] ConditionMgr:1044 - genDependencies : Invalid condition id : UX DEVICE CLASS RTOS Condition cause : null
2025-06-27 08:38:06,721 [WARN] ConditionMgr:1044 - genDependencies : Invalid condition id : UX DEVICE CLASS RTOS Condition cause : null
2025-06-27 08:38:06,725 [WARN] ConditionMgr:1044 - genDependencies : Invalid condition id : UX DEVICE CLASS RTOS Condition cause : null
2025-06-27 08:38:06,745 [WARN] PackLoader:240 - Cannot read IP mode file for STMicroelectronics.X-CUBE-GNSS1.7.0.1
2025-06-27 08:38:06,762 [WARN] PackLoader:240 - Cannot read IP mode file for STMicroelectronics.X-CUBE-TOUCHGFX.4.25.0
2025-06-27 08:38:06,780 [WARN] PackLoader:240 - Cannot read IP mode file for STMicroelectronics.FP-SNS-STBOX1.2.0.0
2025-06-27 08:38:06,871 [WARN] PackLoader:240 - Cannot read IP mode file for STMicroelectronics.X-CUBE-SUBG2.5.0.0
2025-06-27 08:38:06,917 [WARN] PackLoader:240 - Cannot read IP mode file for STMicroelectronics.X-CUBE-AZRTOS-H7RS.1.1.0
2025-06-27 08:38:06,938 [WARN] PackLoader:240 - Cannot read IP mode file for Cesanta.I-CUBE-Mongoose.7.13.0
2025-06-27 08:38:06,978 [WARN] PackLoader:240 - Cannot read IP mode file for STMicroelectronics.X-CUBE-AZRTOS-G4.2.0.0
2025-06-27 08:38:07,126 [WARN] PackLoader:240 - Cannot read IP mode file for wolfSSL.I-CUBE-wolfSSH.1.4.20
2025-06-27 08:38:07,133 [INFO] WebApp:463 - Apply proxy settings
2025-06-27 08:38:07,133 [INFO] WebApp:548 - Chromium requires no authentication
2025-06-27 08:38:07,202 [WARN] PackLoader:240 - Cannot read IP mode file for STMicroelectronics.X-CUBE-NFC7.2.0.0
2025-06-27 08:38:07,336 [INFO] WebApp:491 - Direct internet connection detected
2025-06-27 08:38:07,344 [WARN] PackLoader:240 - Cannot read IP mode file for STMicroelectronics.X-CUBE-IPS.3.1.0
2025-06-27 08:38:07,541 [WARN] PackLoader:240 - Cannot read IP mode file for STMicroelectronics.X-CUBE-ALS.1.0.2
2025-06-27 08:38:07,605 [WARN] PackLoader:240 - Cannot read IP mode file for STMicroelectronics.X-CUBE-TOUCHGFX.4.24.2
2025-06-27 08:38:07,619 [INFO] WebApp:894 - Register for checkConnection events
2025-06-27 08:38:07,619 [INFO] WebApp:463 - Apply proxy settings
2025-06-27 08:38:07,619 [INFO] WebApp:548 - Chromium requires no authentication
2025-06-27 08:38:07,620 [INFO] WebApp:491 - Direct internet connection detected
2025-06-27 08:38:07,628 [WARN] PackLoader:240 - Cannot read IP mode file for portGmbH.I-Cube-SoM-uGOAL.1.1.0
2025-06-27 08:38:07,677 [WARN] PackLoader:240 - Cannot read IP mode file for STMicroelectronics.X-CUBE-AZRTOS-H7RS.1.0.0
2025-06-27 08:38:07,707 [WARN] PackLoader:240 - Cannot read IP mode file for STMicroelectronics.X-CUBE-TOF1.3.4.2
2025-06-27 08:38:07,736 [WARN] PackLoader:240 - Cannot read IP mode file for STMicroelectronics.X-CUBE-TOF1.3.4.3
2025-06-27 08:38:07,742 [INFO] ThirdParty:978 - Integrity check success = true
2025-06-27 08:38:07,743 [INFO] IntegrityCheckThread:100 - exiting critical section [integrity check]
2025-06-27 08:38:07,743 [INFO] IntegrityCheckThread:103 - End integrity checks thread
2025-06-27 08:38:07,888 [INFO] WebApp:191 - Connection restablished
2025-06-27 08:38:08,050 [INFO] WebApp:225 - Starting web application
2025-06-27 08:38:08,050 [INFO] WebApp:593 - Web application path used C:\ST\STM32CubeIDE_1.18.0\STM32CubeIDE\plugins\com.st.stm32cube.common.mx_6.14.0.202502271554\db\plugins\mcufinder\reactClient1\index.html
2025-06-27 08:38:08,260 [INFO] UserAuth:486 - Internet connection configuration mode: 1
2025-06-27 10:34:48,976 [INFO] McuFinderGlobals:63 - Set McuFinder mode to 2 (CubeIDE integrated)
2025-06-27 10:34:49,011 [INFO] MainUpdater:2872 - connection check result : 10
2025-06-27 10:34:49,020 [INFO] MainUpdater:2872 - connection check result : 10
2025-06-27 10:34:49,228 [INFO] MicroXplorer:468 - Change Database Path : 
2025-06-27 10:34:49,229 [INFO] MicroXplorer:498 - Change Database Version : DB.6.0.140
2025-06-27 10:34:49,237 [WARN] ThirdParty:871 - waiting for thirdparty lock release [close project]
2025-06-27 10:34:49,237 [INFO] ThirdParty:873 - entering critical section [close project]
2025-06-27 10:34:49,240 [INFO] ThirdParty:883 - exiting critical section [close project]
2025-06-27 10:34:49,244 [INFO] PinOutPanel:1589 - setPackage(No Configuration,No Configuration)
2025-06-27 10:34:49,254 [INFO] UtilMem:75 - Begin LoadConfig() Used Memory: 753395408 Bytes (1073741824)
2025-06-27 10:34:49,258 [INFO] MicroXplorer:468 - Change Database Path : 
2025-06-27 10:34:49,258 [INFO] MicroXplorer:498 - Change Database Version : DB.6.0.140
2025-06-27 10:34:49,258 [INFO] OpenFileManager:354 - Change cursor
2025-06-27 10:34:49,361 [INFO] Mcu:2011 - Initializing MCU STM32H743VITx STM32H743VITx STM32H743VIT6
2025-06-27 10:34:53,696 [INFO] Context:756 - Trying to add GPIOservice into a context  which must be forbidden
2025-06-27 10:34:55,746 [INFO] ImportTextPane:218 - (OptionalMessage_ERROR) Pin37 (VP_RIF_VS_RIF1) cannot be retrieved for this MCU
2025-06-27 10:34:55,949 [INFO] RtosManager:558 - Registered RTOS mode: class=CMSIS, group=RTOS, mode=CMSIS_V1, owner=FREERTOS
2025-06-27 10:34:55,949 [INFO] RtosManager:558 - Registered RTOS mode: class=CMSIS, group=RTOS2, mode=CMSIS_V2, owner=FREERTOS
2025-06-27 10:34:55,949 [INFO] RtosManager:558 - Registered RTOS mode: class=RTOS, group=Core, mode=CMSIS_V1, owner=FREERTOS
2025-06-27 10:34:55,949 [INFO] RtosManager:558 - Registered RTOS mode: class=RTOS, group=Core, mode=CMSIS_V2, owner=FREERTOS
2025-06-27 10:34:55,950 [WARN] ModelIntegratedComponent:184 - Missing modes for component STMicroelectronics:FreeRTOS:0.0.1:STMicroelectronics:RTOS:FreeRTOS:Core:::10.2.0:
2025-06-27 10:34:55,973 [WARN] ModelIntegratedComponent:63 - No mode defined for component null
2025-06-27 10:34:55,974 [WARN] ModelIntegratedComponent:63 - No mode defined for component null
2025-06-27 10:34:55,974 [WARN] ModelIntegratedComponent:63 - No mode defined for component null
2025-06-27 10:34:55,974 [WARN] ModelIntegratedComponent:63 - No mode defined for component null
2025-06-27 10:34:55,974 [WARN] ModelIntegratedComponent:63 - No mode defined for component null
2025-06-27 10:34:55,974 [WARN] ModelIntegratedComponent:63 - No mode defined for component null
2025-06-27 10:34:55,974 [WARN] ModelIntegratedComponent:63 - No mode defined for component null
2025-06-27 10:34:55,974 [WARN] ModelIntegratedComponent:63 - No mode defined for component null
2025-06-27 10:34:55,974 [WARN] ModelIntegratedComponent:63 - No mode defined for component null
2025-06-27 10:34:55,974 [WARN] ModelIntegratedComponent:63 - No mode defined for component null
2025-06-27 10:34:55,974 [WARN] ModelIntegratedComponent:63 - No mode defined for component null
2025-06-27 10:34:55,974 [WARN] ModelIntegratedComponent:63 - No mode defined for component null
2025-06-27 10:34:55,974 [WARN] ModelIntegratedComponent:63 - No mode defined for component null
2025-06-27 10:34:55,974 [WARN] ModelIntegratedComponent:63 - No mode defined for component null
2025-06-27 10:34:55,974 [WARN] ModelIntegratedComponent:63 - No mode defined for component null
2025-06-27 10:34:55,975 [WARN] ModelIntegratedComponent:63 - No mode defined for component null
2025-06-27 10:34:55,975 [WARN] ModelIntegratedComponent:63 - No mode defined for component null
2025-06-27 10:34:55,975 [WARN] ModelIntegratedComponent:63 - No mode defined for component null
2025-06-27 10:34:55,975 [WARN] ModelIntegratedComponent:63 - No mode defined for component null
2025-06-27 10:34:55,975 [WARN] ModelIntegratedComponent:63 - No mode defined for component null
2025-06-27 10:34:55,975 [WARN] ModelIntegratedComponent:63 - No mode defined for component null
2025-06-27 10:34:55,975 [WARN] ModelIntegratedComponent:63 - No mode defined for component null
2025-06-27 10:34:55,975 [WARN] ModelIntegratedComponent:63 - No mode defined for component null
2025-06-27 10:34:55,975 [WARN] ModelIntegratedComponent:63 - No mode defined for component null
2025-06-27 10:34:55,976 [WARN] ModelIntegratedComponent:63 - No mode defined for component null
2025-06-27 10:34:55,976 [WARN] ModelIntegratedComponent:63 - No mode defined for component null
2025-06-27 10:34:55,976 [WARN] ModelIntegratedComponent:63 - No mode defined for component null
2025-06-27 10:34:55,976 [WARN] ModelIntegratedComponent:63 - No mode defined for component null
2025-06-27 10:34:55,976 [WARN] ModelIntegratedComponent:63 - No mode defined for component null
2025-06-27 10:34:55,976 [WARN] ModelIntegratedComponent:63 - No mode defined for component null
2025-06-27 10:34:55,976 [WARN] ModelIntegratedComponent:63 - No mode defined for component null
2025-06-27 10:34:55,976 [WARN] ModelIntegratedComponent:63 - No mode defined for component null
2025-06-27 10:34:55,976 [WARN] ModelIntegratedComponent:63 - No mode defined for component null
2025-06-27 10:34:55,976 [WARN] ModelIntegratedComponent:63 - No mode defined for component null
2025-06-27 10:34:55,976 [WARN] ModelIntegratedComponent:63 - No mode defined for component null
2025-06-27 10:34:55,977 [WARN] ModelPack:524 - Component already loaded: STMicroelectronics:HAL Drivers:0.0.0:STMicroelectronics:Device:STMicro_Driver:XSPI:HAL::0.0.1:HAL_XSPI
2025-06-27 10:34:56,134 [INFO] ThirdPartyModel:298 - Start build external matchings
2025-06-27 10:34:57,233 [INFO] ThirdPartyModel:316 - End build external matchings
2025-06-27 10:34:57,259 [INFO] RtosManager:967 - Current active RTOS is FREERTOS [Cortex-M7NS]
2025-06-27 10:34:57,272 [INFO] ImportTextPane:218 - (OptionalMessage_ERROR) IP (DMA) : Parameter (Instance) has Id (TIM3_CH1) currently not set
2025-06-27 10:34:57,273 [INFO] ImportTextPane:218 - (OptionalMessage_ERROR) IP (DMA) : Parameter (Request) has Id (TIM3_CH1) currently not set
2025-06-27 10:34:57,273 [INFO] ImportTextPane:218 - (OptionalMessage_ERROR) IP (DMA) : Parameter (Direction) has Id (TIM3_CH1) currently not set
2025-06-27 10:34:57,273 [INFO] ImportTextPane:218 - (OptionalMessage_ERROR) IP (DMA) : Parameter (PeriphInc) has Id (TIM3_CH1) currently not set
2025-06-27 10:34:57,273 [INFO] ImportTextPane:218 - (OptionalMessage_ERROR) IP (DMA) : Parameter (MemInc) has Id (TIM3_CH1) currently not set
2025-06-27 10:34:57,273 [INFO] ImportTextPane:218 - (OptionalMessage_ERROR) IP (DMA) : Parameter (PeriphDataAlignment) has Id (TIM3_CH1) currently not set
2025-06-27 10:34:57,273 [INFO] ImportTextPane:218 - (OptionalMessage_ERROR) IP (DMA) : Parameter (MemDataAlignment) has Id (TIM3_CH1) currently not set
2025-06-27 10:34:57,273 [INFO] ImportTextPane:218 - (OptionalMessage_ERROR) IP (DMA) : Parameter (Mode) has Id (TIM3_CH1) currently not set
2025-06-27 10:34:57,273 [INFO] ImportTextPane:218 - (OptionalMessage_ERROR) IP (DMA) : Parameter (Priority) has Id (TIM3_CH1) currently not set
2025-06-27 10:34:57,273 [INFO] ImportTextPane:218 - (OptionalMessage_ERROR) IP (DMA) : Parameter (FIFOMode) has Id (TIM3_CH1) currently not set
2025-06-27 10:34:57,274 [INFO] ImportTextPane:218 - (OptionalMessage_ERROR) IP (DMA) : Parameter (SignalID) has Id (TIM3_CH1) currently not set
2025-06-27 10:34:57,274 [INFO] ImportTextPane:218 - (OptionalMessage_ERROR) IP (DMA) : Parameter (Polarity) has Id (TIM3_CH1) currently not set
2025-06-27 10:34:57,274 [INFO] ImportTextPane:218 - (OptionalMessage_ERROR) IP (DMA) : Parameter (RequestNumber) has Id (TIM3_CH1) currently not set
2025-06-27 10:34:57,274 [INFO] ImportTextPane:218 - (OptionalMessage_ERROR) IP (DMA) : Parameter (SyncSignalID) has Id (TIM3_CH1) currently not set
2025-06-27 10:34:57,274 [INFO] ImportTextPane:218 - (OptionalMessage_ERROR) IP (DMA) : Parameter (SyncPolarity) has Id (TIM3_CH1) currently not set
2025-06-27 10:34:57,275 [INFO] ImportTextPane:218 - (OptionalMessage_ERROR) IP (DMA) : Parameter (SyncEnable) has Id (TIM3_CH1) currently not set
2025-06-27 10:34:57,275 [INFO] ImportTextPane:218 - (OptionalMessage_ERROR) IP (DMA) : Parameter (EventEnable) has Id (TIM3_CH1) currently not set
2025-06-27 10:34:57,275 [INFO] ImportTextPane:218 - (OptionalMessage_ERROR) IP (DMA) : Parameter (SyncRequestNumber) has Id (TIM3_CH1) currently not set
2025-06-27 10:34:57,276 [INFO] ImportTextPane:218 - (OptionalMessage_ERROR) IP (DMA) : Parameter (Instance) has Id (TIM3_CH2) currently not set
2025-06-27 10:34:57,276 [INFO] ImportTextPane:218 - (OptionalMessage_ERROR) IP (DMA) : Parameter (Request) has Id (TIM3_CH2) currently not set
2025-06-27 10:34:57,276 [INFO] ImportTextPane:218 - (OptionalMessage_ERROR) IP (DMA) : Parameter (Direction) has Id (TIM3_CH2) currently not set
2025-06-27 10:34:57,276 [INFO] ImportTextPane:218 - (OptionalMessage_ERROR) IP (DMA) : Parameter (PeriphInc) has Id (TIM3_CH2) currently not set
2025-06-27 10:34:57,276 [INFO] ImportTextPane:218 - (OptionalMessage_ERROR) IP (DMA) : Parameter (MemInc) has Id (TIM3_CH2) currently not set
2025-06-27 10:34:57,276 [INFO] ImportTextPane:218 - (OptionalMessage_ERROR) IP (DMA) : Parameter (PeriphDataAlignment) has Id (TIM3_CH2) currently not set
2025-06-27 10:34:57,276 [INFO] ImportTextPane:218 - (OptionalMessage_ERROR) IP (DMA) : Parameter (MemDataAlignment) has Id (TIM3_CH2) currently not set
2025-06-27 10:34:57,276 [INFO] ImportTextPane:218 - (OptionalMessage_ERROR) IP (DMA) : Parameter (Mode) has Id (TIM3_CH2) currently not set
2025-06-27 10:34:57,276 [INFO] ImportTextPane:218 - (OptionalMessage_ERROR) IP (DMA) : Parameter (Priority) has Id (TIM3_CH2) currently not set
2025-06-27 10:34:57,276 [INFO] ImportTextPane:218 - (OptionalMessage_ERROR) IP (DMA) : Parameter (FIFOMode) has Id (TIM3_CH2) currently not set
2025-06-27 10:34:57,276 [INFO] ImportTextPane:218 - (OptionalMessage_ERROR) IP (DMA) : Parameter (SignalID) has Id (TIM3_CH2) currently not set
2025-06-27 10:34:57,276 [INFO] ImportTextPane:218 - (OptionalMessage_ERROR) IP (DMA) : Parameter (Polarity) has Id (TIM3_CH2) currently not set
2025-06-27 10:34:57,276 [INFO] ImportTextPane:218 - (OptionalMessage_ERROR) IP (DMA) : Parameter (RequestNumber) has Id (TIM3_CH2) currently not set
2025-06-27 10:34:57,277 [INFO] ImportTextPane:218 - (OptionalMessage_ERROR) IP (DMA) : Parameter (SyncSignalID) has Id (TIM3_CH2) currently not set
2025-06-27 10:34:57,277 [INFO] ImportTextPane:218 - (OptionalMessage_ERROR) IP (DMA) : Parameter (SyncPolarity) has Id (TIM3_CH2) currently not set
2025-06-27 10:34:57,277 [INFO] ImportTextPane:218 - (OptionalMessage_ERROR) IP (DMA) : Parameter (SyncEnable) has Id (TIM3_CH2) currently not set
2025-06-27 10:34:57,277 [INFO] ImportTextPane:218 - (OptionalMessage_ERROR) IP (DMA) : Parameter (EventEnable) has Id (TIM3_CH2) currently not set
2025-06-27 10:34:57,277 [INFO] ImportTextPane:218 - (OptionalMessage_ERROR) IP (DMA) : Parameter (SyncRequestNumber) has Id (TIM3_CH2) currently not set
2025-06-27 10:34:57,300 [INFO] ImportTextPane:218 - (OptionalMessage_ERROR) IP (RCC) : Parameter (DFSDMACLkFreq_Value) has invalid value (480000000)
2025-06-27 10:34:57,308 [INFO] ImportTextPane:218 - (OptionalMessage_ERROR) IP (RCC) : Parameter (FDCANFreq_Value) has invalid value (480000000)
2025-06-27 10:34:57,308 [INFO] ImportTextPane:218 - (OptionalMessage_ERROR) IP (RCC) : Invalid parameter (FamilyName)
2025-06-27 10:34:57,308 [INFO] ImportTextPane:218 - (OptionalMessage_ERROR) IP (RCC) : Parameter (SAI1Freq_Value) has invalid value (480000000)
2025-06-27 10:34:57,308 [INFO] ImportTextPane:218 - (OptionalMessage_ERROR) IP (RCC) : Parameter (SAI23Freq_Value) has invalid value (480000000)
2025-06-27 10:34:57,308 [INFO] ImportTextPane:218 - (OptionalMessage_ERROR) IP (RCC) : Parameter (SAI4AFreq_Value) has invalid value (480000000)
2025-06-27 10:34:57,309 [INFO] ImportTextPane:218 - (OptionalMessage_ERROR) IP (RCC) : Parameter (SAI4BFreq_Value) has invalid value (480000000)
2025-06-27 10:34:57,309 [INFO] ImportTextPane:218 - (OptionalMessage_ERROR) IP (RCC) : Parameter (SDMMCFreq_Value) has invalid value (480000000)
2025-06-27 10:34:57,309 [INFO] ImportTextPane:218 - (OptionalMessage_ERROR) IP (RCC) : Parameter (SPDIFRXFreq_Value) has invalid value (480000000)
2025-06-27 10:34:57,309 [INFO] ImportTextPane:218 - (OptionalMessage_ERROR) IP (RCC) : Parameter (SPI123Freq_Value) has invalid value (480000000)
2025-06-27 10:34:57,309 [INFO] ImportTextPane:218 - (OptionalMessage_ERROR) IP (RCC) : Parameter (USBFreq_Value) has invalid value (480000000)
2025-06-27 10:34:58,084 [INFO] ApiDb:581 - Connected to CubeFinder SQLite database (C:\Users\marcv\.stmcufinder\plugins\mcufinder\mcu\cube-finder-db.db)
2025-06-27 10:34:58,234 [INFO] ApiDb:668 - CubeFinder database Data Model version=2.1
2025-06-27 10:34:58,234 [INFO] ApiDb:669 - CubeFinder database Configuration version=3.0.39
2025-06-27 10:34:58,236 [INFO] ApiDb:670 - CubeFinder database generation date=2025-06-16 (1750072209)
2025-06-27 10:34:58,236 [INFO] ApiDb:671 - CubeFinder database FW Pack versions=[FP-ATR-ASTRA1_V2.0.0, FP-SNS-FLIGHT1_V5.1.0, FP-SNS-MOTENV1_V5.0.0, FP-SNS-MOTENVWB1_V1.4.0, FP-SNS-SMARTAG2_V1.2.0, FP-SNS-STBOX1_V2.0.0, STM32Cube_FW_C0_V1.4.0, STM32Cube_FW_F4_V1.28.2, STM32Cube_FW_F7_V1.17.3, STM32Cube_FW_G0_V1.6.2, STM32Cube_FW_G4_V1.6.1, STM32Cube_FW_H5_V1.5.0, STM32Cube_FW_H7RS_V1.2.0, STM32Cube_FW_H7_V1.12.1, STM32Cube_FW_L0_V1.12.2, STM32Cube_FW_L4_V1.18.1, STM32Cube_FW_L5_V1.5.1, STM32Cube_FW_N6_V1.1.1, STM32Cube_FW_U0_V1.2.0, STM32Cube_FW_U3_V1.1.0, STM32Cube_FW_U5_V1.7.0, STM32Cube_FW_WB0_V1.2.0, STM32Cube_FW_WBA_V1.6.0, STM32Cube_FW_WB_V1.22.0, STM32Cube_FW_WL3_V1.1.0, STM32Cube_FW_WL_V1.3.1, X-CUBE-ALGOBUILD_V1.4.0, X-CUBE-ALS_V1.0.2, X-CUBE-AZRTOS-F4_V1.1.0, X-CUBE-AZRTOS-F7_V1.1.0, X-CUBE-AZRTOS-G0_V1.1.0, X-CUBE-AZRTOS-G4_V2.0.0, X-CUBE-AZRTOS-H7RS_V1.1.0, X-CUBE-AZRTOS-H7_V3.3.0, X-CUBE-AZRTOS-L4_V2.0.0, X-CUBE-AZRTOS-L5_V2.0.0, X-CUBE-AZRTOS-WB_V2.0.0, X-CUBE-AZRTOS-WL_V2.0.0, X-CUBE-BLE1_V7.1.0, X-CUBE-BLE2_V3.3.0, X-CUBE-BLEMGR_V4.0.0, X-CUBE-EEPRMA1_V5.1.0, X-CUBE-FREERTOS_V1.3.1, X-CUBE-GNSS1_V6.0.0, X-CUBE-MEMS1_V11.3.0, X-CUBE-NFC4_V3.0.0, X-CUBE-NFC7_V2.0.0, X-CUBE-SFXS2LP1_V4.0.0, X-CUBE-SUBG2_V5.0.0, X-CUBE-TOF1_V3.4.3]
2025-06-27 10:34:58,407 [INFO] DbBoardsSqlite:226 - include board P-NUCLEO-WB55-NUCLEO as a kit item of type 'Nucleo-64'
2025-06-27 10:34:58,407 [INFO] DbBoardsSqlite:226 - include board P-NUCLEO-WB55-USBDONGLE as a kit item of type 'Nucleo USB Dongle'
2025-06-27 10:34:58,409 [INFO] DbBoardsSqlite:226 - include board STEVAL-IDP005V1 as a kit item of type 'Evaluation Board'
2025-06-27 10:34:58,409 [INFO] DbBoardsSqlite:226 - include board STEVAL-IDP005V2 as a kit item of type 'Evaluation Board'
2025-06-27 10:34:59,595 [INFO] ApiDb:240 - Found 895 in-development CPN: [B-G473E-ZEST1S, B-WB1M-WPAN1, B-WBA5M-WPAN, B-WL5M-SUBG1, NUCLEO-C031C6, NUCLEO-C051C8, NUCLEO-C071RB, NUCLEO-C092RC, NUCLEO-H503RB, NUCLEO-H533RE, NUCLEO-H563ZI, NUCLEO-H7S3L8, NUCLEO-N657X0-Q, NUCLEO-U031R8, NUCLEO-U083RC, NUCLEO-U385RG-Q, NUCLEO-U545RE-Q, NUCLEO-U5A5ZJ-Q, NUCLEO-WB05KZ, NUCLEO-WB07CC, NUCLEO-WB09KE, NUCLEO-WBA52CG, NUCLEO-WBA55CG, NUCLEO-WBA65RI, NUCLEO-WL33CC1, NUCLEO-WL33CC2, STEVAL-PROTEUS1, STEVAL-SMARTAG2, STEVAL-STWINBX1, STM320518-EVAL, STM32C0116-DK, STM32C011D6Y3TR, STM32C011D6Y6TR, STM32C011F4P3, STM32C011F4P6, STM32C011F4U3, STM32C011F4U6TR, STM32C011F6P3, STM32C011F6P6, STM32C011F6U3, STM32C011F6U6TR, STM32C011J4M3, STM32C011J4M6, STM32C011J6M3, STM32C011J6M6, STM32C0316-DK, STM32C031C4T3, STM32C031C4T6, STM32C031C4U3, STM32C031C4U6, STM32C031C6T3, STM32C031C6T6, STM32C031C6U3, STM32C031C6U6, STM32C031F4P3, STM32C031F4P6, STM32C031F6P3, STM32C031F6P6, STM32C031G4U3, STM32C031G4U6, STM32C031G6U3, STM32C031G6U6, STM32C031K4T3, STM32C031K4T6, STM32C031K4U3, STM32C031K4U6, STM32C031K6T3, STM32C031K6T6, STM32C031K6U3, STM32C031K6U6, STM32C051C6T6, STM32C051C6U6, STM32C051C8T6, STM32C051C8U6, STM32C051D8Y6TR, STM32C051F6P6, STM32C051F8P6, STM32C051G6U6, STM32C051G8U6, STM32C051K6T6, STM32C051K6U6, STM32C051K8T6, STM32C071C8T6, STM32C071C8T6N, STM32C071C8U6, STM32C071C8U6N, STM32C071CBT6, STM32C071CBT6N, STM32C071CBU6, STM32C071CBU6N, STM32C071F8P6, STM32C071F8P6N, STM32C071FBP6, STM32C071FBP6N, STM32C071FBY6TR, STM32C071G8U6, STM32C071G8U6N, STM32C071GBU6, STM32C071GBU6N, STM32C071K8T6, STM32C071K8T6N, STM32C071K8U6, STM32C071K8U6N, STM32C071KBT6, STM32C071KBT6N, STM32C071KBU6, STM32C071KBU6N, STM32C071R8T6, STM32C071R8T6N, STM32C071RBI6N, STM32C071RBT6, STM32C071RBT6N, STM32C091CBT6, STM32C091CBU6, STM32C091CCT6, STM32C091CCU6, STM32C091ECY6TR, STM32C091FBP6, STM32C091FCP6, STM32C091GBU6, STM32C091GCU6, STM32C091KBT6, STM32C091KBU6, STM32C091KCT6, STM32C091KCU6, STM32C091RBT6, STM32C091RCI6, STM32C091RCT6, STM32C092CBT6, STM32C092CBU6, STM32C092CCT6, STM32C092CCU6, STM32C092ECY6TR, STM32C092FBP6, STM32C092FCP6, STM32C092GBU6, STM32C092GCU6, STM32C092KBT6, STM32C092KBU6, STM32C092KCT6, STM32C092KCU6, STM32C092RBT6, STM32C092RCI6, STM32C092RCT6, STM32G071K8TXN, STM32G071K8UXN, STM32G081GBU6N, STM32G081KBT6N, STM32G081KBUXN, STM32G0B1CCT6N, STM32G0B1KCT6, STM32G0B1NEY6TR, STM32G0B1RCT6N, STM32G0C1CCT6, STM32G0C1CCT6N, STM32G0C1CCU6N, STM32G0C1CET6N, STM32G0C1CEU6N, STM32G0C1KCT6, STM32G0C1NEY6TR, STM32G0C1RCI6N, STM32G0C1RCT6N, STM32G0C1REI6N, STM32G0C1RET6N, STM32G0C1VCI6, STM32G0C1VEI6, STM32G411C6T3, STM32G411C6T6, STM32G411C6U3, STM32G411C6U6, STM32G411C8T3, STM32G411C8T6, STM32G411C8U3, STM32G411C8U6, STM32G411CBT3, STM32G411CBT6, STM32G411CBU3, STM32G411CBU6, STM32G411CCT3, STM32G411CCT6, STM32G411CCU3, STM32G411CCU6, STM32G411K6T3, STM32G411K6T6, STM32G411K6U3, STM32G411K6U6, STM32G411K8T3, STM32G411K8T6, STM32G411K8U3, STM32G411K8U6, STM32G411KBT3, STM32G411KBT6, STM32G411KBU3, STM32G411KBU6, STM32G411M6T3, STM32G411M6T6, STM32G411M8T3, STM32G411M8T6, STM32G411MBT3, STM32G411MBT6, STM32G411MCT3, STM32G411MCT6, STM32G411R6T3, STM32G411R6T6, STM32G411R8T3, STM32G411R8T6, STM32G411RBT3, STM32G411RBT6, STM32G411RCT3, STM32G411RCT6, STM32G414CBT3, STM32G414CBT6, STM32G414CBU3, STM32G414CBU6, STM32G414CCT3, STM32G414CCT6, STM32G414CCU3, STM32G414CCU6, STM32G414MBT3, STM32G414MBT6, STM32G414MCT3, STM32G414MCT6, STM32G414RBT3, STM32G414RBT6, STM32G414RCT3, STM32G414RCT6, STM32G414VBT3, STM32G414VBT6, STM32G414VCT3, STM32G414VCT6, STM32G431CBT3Z, STM32G431RBT3Z, STM32G471CCT6, STM32G471CCU6, STM32G471CET3, STM32G471CET6, STM32G471CEU3, STM32G471CEU6, STM32G471MCT6, STM32G471MET3, STM32G471MET6, STM32G471MEY6TR, STM32G471QCT6, STM32G471QET3, STM32G471RCT6, STM32G471RET3, STM32G471RET6, STM32G471VCH6, STM32G471VCI6, STM32G471VCT6, STM32G471VEH3, STM32G471VEH6, STM32G471VEI3, STM32G471VEI6, STM32G471VET3, STM32G471VET6, STM32G473QET3Z, STM32G473RET3Z, STM32G474CCT6, STM32G491RET3Z, STM32H503CBT6, STM32H503CBU6, STM32H503EBY6TR, STM32H503KBU6, STM32H503RBT6, STM32H523CCT6, STM32H523CCU6, STM32H523CET6, STM32H523CEU6, STM32H523HEY6TR, STM32H523RCT6, STM32H523RET6, STM32H523VCI6, STM32H523VCT6, STM32H523VEI6, STM32H523VET6, STM32H523ZCJ6, STM32H523ZCT6, STM32H523ZEJ6, STM32H523ZET6, STM32H533CET6, STM32H533CEU6, STM32H533HEY6TR, STM32H533RET6, STM32H533VEI6, STM32H533VET6, STM32H533ZEJ6, STM32H533ZET6, STM32H562AGI6, STM32H562AII6, STM32H562IGK6, STM32H562IGT6, STM32H562IIK6, STM32H562IIT6, STM32H562RGT6, STM32H562RGV6, STM32H562RIT6, STM32H562RIV6, STM32H562VGT6, STM32H562VIT6, STM32H562ZGT6, STM32H562ZIT6, STM32H563AGI6, STM32H563AII3Q, STM32H563AII6, STM32H563IGK6, STM32H563IGT6, STM32H563IIK3Q, STM32H563IIK6, STM32H563IIT3Q, STM32H563IIT6, STM32H563MIY3QTR, STM32H563RGT6, STM32H563RGV6, STM32H563RIT6, STM32H563RIV6, STM32H563VGT6, STM32H563VIT3Q, STM32H563VIT6, STM32H563ZGT6, STM32H563ZIT3Q, STM32H563ZIT6, STM32H573AII3Q, STM32H573AII6, STM32H573I-DK, STM32H573IIK3Q, STM32H573IIK6, STM32H573IIT3Q, STM32H573IIT6, STM32H573MIY3QTR, STM32H573RIT6, STM32H573RIV6, STM32H573VIT3Q, STM32H573VIT6, STM32H573ZIT3Q, STM32H573ZIT6, STM32H7R3A8I6, STM32H7R3I8K6, STM32H7R3I8T6, STM32H7R3L8H6, STM32H7R3L8H6H, STM32H7R3R8V6, STM32H7R3V8H6, STM32H7R3V8T6, STM32H7R3V8Y6TR, STM32H7R3Z8J6, STM32H7R3Z8T6, STM32H7R7A8I6, STM32H7R7I8K6, STM32H7R7I8T6, STM32H7R7L8H6, STM32H7R7L8H6H, STM32H7R7Z8J6, STM32H7S3A8I6, STM32H7S3I8K6, STM32H7S3I8T6, STM32H7S3L8H6, STM32H7S3L8H6H, STM32H7S3R8V6, STM32H7S3V8H6, STM32H7S3V8T6, STM32H7S3V8Y6TR, STM32H7S3Z8J6, STM32H7S3Z8T6, STM32H7S78-DK, STM32H7S7A8I6, STM32H7S7I8K6, STM32H7S7I8T6, STM32H7S7L8H6, STM32H7S7L8H6H, STM32H7S7Z8J6, STM32L4R5QGI6STR, STM32MP131AAE3, STM32MP131AAF3, STM32MP131AAG3, STM32MP131CAE3, STM32MP131CAF3, STM32MP131CAG3, STM32MP131DAE7, STM32MP131DAF7, STM32MP131DAG7, STM32MP131FAE7, STM32MP131FAF7, STM32MP131FAG7, STM32MP133AAE3, STM32MP133AAF3, STM32MP133AAG3, STM32MP133CAE3, STM32MP133CAF3, STM32MP133CAG3, STM32MP133DAE7, STM32MP133DAF7, STM32MP133DAG7, STM32MP133FAE7, STM32MP133FAF7, STM32MP133FAG7, STM32MP135AAE3, STM32MP135AAF3, STM32MP135AAG3, STM32MP135CAE3, STM32MP135CAF3, STM32MP135CAG3, STM32MP135DAE7, STM32MP135DAF7, STM32MP135DAG7, STM32MP135F-DK, STM32MP135FAE7, STM32MP135FAF7, STM32MP135FAF7T, STM32MP135FAF7U, STM32MP135FAG7, STM32MP231AAJ3, STM32MP231AAK3, STM32MP231AAL3, STM32MP231CAJ3, STM32MP231CAK3, STM32MP231CAL3, STM32MP231DAJ3, STM32MP231DAK3, STM32MP231DAL3, STM32MP231FAJ3, STM32MP231FAK3, STM32MP231FAL3, STM32MP233AAJ3, STM32MP233AAK3, STM32MP233AAL3, STM32MP233CAJ3, STM32MP233CAK3, STM32MP233CAL3, STM32MP233DAJ3, STM32MP233DAK3, STM32MP233DAL3, STM32MP233FAJ3, STM32MP233FAK3, STM32MP233FAL3, STM32MP235AAJ3, STM32MP235AAK3, STM32MP235AAL3, STM32MP235CAJ3, STM32MP235CAK3, STM32MP235CAL3, STM32MP235DAJ3, STM32MP235DAK3, STM32MP235DAL3, STM32MP235FAJ3, STM32MP235FAK3, STM32MP235FAL3, STM32MP251AAI3, STM32MP251AAJ3, STM32MP251AAK3, STM32MP251AAL3, STM32MP251CAI3, STM32MP251CAJ3, STM32MP251CAK3, STM32MP251CAL3, STM32MP251DAI3, STM32MP251DAJ3, STM32MP251DAK3, STM32MP251DAL3, STM32MP251FAI3, STM32MP251FAJ3, STM32MP251FAK3, STM32MP251FAL3, STM32MP253AAI3, STM32MP253AAJ3, STM32MP253AAK3, STM32MP253AAL3, STM32MP253CAI3, STM32MP253CAJ3, STM32MP253CAK3, STM32MP253CAL3, STM32MP253DAI3, STM32MP253DAJ3, STM32MP253DAK3, STM32MP253DAL3, STM32MP253FAI3, STM32MP253FAJ3, STM32MP253FAK3, STM32MP253FAL3, STM32MP255AAI3, STM32MP255AAJ3, STM32MP255AAK3, STM32MP255AAL3, STM32MP255CAI3, STM32MP255CAJ3, STM32MP255CAK3, STM32MP255CAL3, STM32MP255DAI3, STM32MP255DAJ3, STM32MP255DAK3, STM32MP255DAL3, STM32MP255FAI3, STM32MP255FAJ3, STM32MP255FAK3, STM32MP255FAL3, STM32MP257AAI3, STM32MP257AAJ3, STM32MP257AAK3, STM32MP257AAL3, STM32MP257CAI3, STM32MP257CAJ3, STM32MP257CAK3, STM32MP257CAL3, STM32MP257DAI3, STM32MP257DAJ3, STM32MP257DAK3, STM32MP257DAL3, STM32MP257F-DK, STM32MP257F-EV1, STM32MP257FAI3, STM32MP257FAJ3, STM32MP257FAK3, STM32MP257FAL3, STM32N645A0H3Q, STM32N645B0H3Q, STM32N645I0H3Q, STM32N645L0H3Q, STM32N645X0H3Q, STM32N645Z0H3Q, STM32N647A0H3Q, STM32N647B0H3Q, STM32N647I0H3Q, STM32N647L0H3Q, STM32N647X0H3Q, STM32N647Z0H3Q, STM32N655A0H3Q, STM32N655B0H3Q, STM32N655I0H3Q, STM32N655L0H3Q, STM32N655X0H3Q, STM32N655Z0H3Q, STM32N6570-DK, STM32N657A0H3Q, STM32N657B0H3Q, STM32N657I0H3Q, STM32N657L0H3Q, STM32N657X0H3Q, STM32N657Z0H3Q, STM32U031C6T6, STM32U031C6U6, STM32U031C8T6, STM32U031C8U6, STM32U031F4P6, STM32U031F6P6, STM32U031F8P6, STM32U031G6Y6TR, STM32U031G8Y6TR, STM32U031K4U6, STM32U031K6U6, STM32U031K8U6, STM32U031R6I6, STM32U031R6T6, STM32U031R8I6, STM32U031R8T6, STM32U073C8T6, STM32U073C8U6, STM32U073CBT6, STM32U073CBU6, STM32U073CCT6, STM32U073CCU6, STM32U073H8Y6TR, STM32U073HBY6TR, STM32U073HCY6TR, STM32U073K8U6, STM32U073KBU6, STM32U073KCU6, STM32U073M8I6, STM32U073M8T6, STM32U073MBI6, STM32U073MBT6, STM32U073MCI6, STM32U073MCT6, STM32U073R8I6, STM32U073R8T6, STM32U073RBI6, STM32U073RBT6, STM32U073RCI6, STM32U073RCT6, STM32U083C-DK, STM32U083CCT6, STM32U083CCU6, STM32U083HCY6TR, STM32U083KCU6, STM32U083MCI6, STM32U083MCT6, STM32U083RCI6, STM32U083RCT6, STM32U375CET6, STM32U375CET6Q, STM32U375CEU6, STM32U375CEU6Q, STM32U375CEY6QTR, STM32U375CGT6, STM32U375CGT6Q, STM32U375CGU6, STM32U375CGU6Q, STM32U375CGY6QTR, STM32U375KEU6, STM32U375KGU6, STM32U375REI6, STM32U375REI6Q, STM32U375RET6, STM32U375RET6Q, STM32U375REY6GTR, STM32U375REY6QTR, STM32U375RGI6, STM32U375RGI6Q, STM32U375RGT6, STM32U375RGT6Q, STM32U375RGY6GTR, STM32U375RGY6QTR, STM32U375VEI6, STM32U375VEI6Q, STM32U375VET6, STM32U375VET6Q, STM32U375VGI6, STM32U375VGI6Q, STM32U375VGT6, STM32U375VGT6Q, STM32U385CGT6, STM32U385CGT6Q, STM32U385CGU6, STM32U385CGU6Q, STM32U385CGY6QTR, STM32U385KGU6, STM32U385RGI6, STM32U385RGI6Q, STM32U385RGT6, STM32U385RGT6Q, STM32U385RGY6GTR, STM32U385RGY6QTR, STM32U385VGI6, STM32U385VGI6Q, STM32U385VGT6, STM32U385VGT6Q, STM32U535CBT6, STM32U535CBT6Q, STM32U535CBU6, STM32U535CBU6Q, STM32U535CCT6, STM32U535CCT6Q, STM32U535CCU6, STM32U535CCU6Q, STM32U535CET6, STM32U535CET6Q, STM32U535CEU6, STM32U535CEU6Q, STM32U535JEY6QTR, STM32U535NCY6QTR, STM32U535NEY6QTR, STM32U535RBI6, STM32U535RBI6Q, STM32U535RBT6, STM32U535RBT6Q, STM32U535RCI6, STM32U535RCI6Q, STM32U535RCT6, STM32U535RCT6Q, STM32U535REI6, STM32U535REI6Q, STM32U535RET6, STM32U535RET6Q, STM32U535VCI6, STM32U535VCI6Q, STM32U535VCT6, STM32U535VCT6Q, STM32U535VEI6, STM32U535VEI6Q, STM32U535VET6, STM32U535VET6Q, STM32U545CET6, STM32U545CET6Q, STM32U545CEU6, STM32U545CEU6Q, STM32U545JEY6QTR, STM32U545NEY6QTR, STM32U545REI6, STM32U545REI6Q, STM32U545RET6, STM32U545RET6Q, STM32U545VEI6, STM32U545VEI6Q, STM32U545VET6, STM32U545VET6Q, STM32U595AIH6, STM32U595AIH6Q, STM32U595AJH6, STM32U595AJH6Q, STM32U595QII6, STM32U595QII6Q, STM32U595QJI6, STM32U595QJI6Q, STM32U595RIT6, STM32U595RIT6Q, STM32U595RJT6, STM32U595RJT6Q, STM32U595VIT6, STM32U595VIT6Q, STM32U595VJT6, STM32U595VJT6Q, STM32U595ZIT6, STM32U595ZIT6Q, STM32U595ZIY6QTR, STM32U595ZJT6, STM32U595ZJT6Q, STM32U595ZJY6QTR, STM32U599BJY6QTR, STM32U599NIH6Q, STM32U599NJH6Q, STM32U599VIT6Q, STM32U599VJT6, STM32U599VJT6Q, STM32U599ZIT6Q, STM32U599ZIY6QTR, STM32U599ZJT6Q, STM32U599ZJY6QTR, STM32U5A5AJH6, STM32U5A5AJH6Q, STM32U5A5QII3Q , STM32U5A5QJI6, STM32U5A5QJI6Q, STM32U5A5RJT6, STM32U5A5RJT6Q, STM32U5A5VJT6, STM32U5A5VJT6Q, STM32U5A5ZJT6, STM32U5A5ZJT6Q, STM32U5A5ZJY6QTR, STM32U5A9BJY6QTR, STM32U5A9J-DK, STM32U5A9NJH6Q, STM32U5A9VJT6Q, STM32U5A9ZJT6Q, STM32U5A9ZJY6QTR, STM32U5F7VIT6, STM32U5F7VIT6Q, STM32U5F7VJT6, STM32U5F7VJT6Q, STM32U5F9BJY6QTR, STM32U5F9NJH6Q, STM32U5F9VIT6Q, STM32U5F9VJT6Q, STM32U5F9ZIJ6QTR, STM32U5F9ZIT6Q, STM32U5F9ZJJ6QTR, STM32U5F9ZJT6Q, STM32U5G7VJT6, STM32U5G7VJT6Q, STM32U5G9BJY6QTR, STM32U5G9J-DK1, STM32U5G9J-DK2, STM32U5G9NJH6Q, STM32U5G9VJT6Q, STM32U5G9ZJJ6QTR, STM32U5G9ZJT6Q, STM32WB05KZV6TR, STM32WB05KZV7TR, STM32WB05TZF6TR, STM32WB05TZF7TR, STM32WB06CCF6TR, STM32WB06CCF7TR, STM32WB06CCV6TR, STM32WB06CCV7TR, STM32WB06KCV6TR, STM32WB06KCV7TR, STM32WB07CCF6TR, STM32WB07CCF7TR, STM32WB07CCV6TR, STM32WB07CCV7TR, STM32WB07KCV6TR, STM32WB07KCV7TR, STM32WB09KEV6TR, STM32WB09KEV7TR, STM32WB09TEF6TR, STM32WB09TEF7TR, STM32WB1MMCH6, STM32WBA50KGU6, STM32WBA50KGU6TR, STM32WBA52CEU6, STM32WBA52CEU6TR, STM32WBA52CEU7, STM32WBA52CEU7TR, STM32WBA52CGU6, STM32WBA52CGU6TR, STM32WBA52CGU6U, STM32WBA52CGU7, STM32WBA52CGU7TR, STM32WBA52KEU6, STM32WBA52KEU6TR, STM32WBA52KGU6, STM32WBA52KGU6TR, STM32WBA54CEU6, STM32WBA54CEU6TR, STM32WBA54CEU7, STM32WBA54CEU7TR, STM32WBA54CGU6, STM32WBA54CGU6TR, STM32WBA54CGU7, STM32WBA54CGU7TR, STM32WBA54KEU6, STM32WBA54KEU6TR, STM32WBA54KEU7, STM32WBA54KEU7TR, STM32WBA54KGU6, STM32WBA54KGU6TR, STM32WBA54KGU7, STM32WBA54KGU7TR, STM32WBA55CEU6, STM32WBA55CEU6TR, STM32WBA55CEU7, STM32WBA55CEU7TR, STM32WBA55CGU6, STM32WBA55CGU6TR, STM32WBA55CGU6U, STM32WBA55CGU7, STM32WBA55CGU7TR, STM32WBA55G-DK1, STM32WBA55HEF6, STM32WBA55HEF7, STM32WBA55HGF6, STM32WBA55HGF7, STM32WBA55UEI6, STM32WBA55UEI6TR, STM32WBA55UEI7, STM32WBA55UEI7TR, STM32WBA55UGI6, STM32WBA55UGI6TR, STM32WBA55UGI7, STM32WBA55UGI7TR, STM32WBA5MJGH6TR, STM32WBA62CGU6, STM32WBA62CIU6, STM32WBA62MGF6, STM32WBA62MIF6, STM32WBA62PGI6, STM32WBA62PII6, STM32WBA63CGU6, STM32WBA63CGU7, STM32WBA63CIU6, STM32WBA63CIU7, STM32WBA64CGU6, STM32WBA64CGU7, STM32WBA64CIU6, STM32WBA64CIU7, STM32WBA65CGU6, STM32WBA65CGU7, STM32WBA65CIU6, STM32WBA65CIU7, STM32WBA65I-DK1, STM32WBA65MGF6, STM32WBA65MGF7, STM32WBA65MIF6, STM32WBA65MIF7, STM32WBA65PGI6, STM32WBA65PGI7, STM32WBA65PII6, STM32WBA65PII7, STM32WBA65RGV6, STM32WBA65RGV7, STM32WBA65RIV6, STM32WBA65RIV7, STM32WL30K8V6, STM32WL30KBV6, STM32WL31C8V6, STM32WL31CBV6, STM32WL31K8V6, STM32WL31KBV6, STM32WL33C8V6, STM32WL33C8V6TR, STM32WL33C8V7, STM32WL33C8V7TR, STM32WL33CBV6, STM32WL33CBV6TR, STM32WL33CBV7, STM32WL33CBV7TR, STM32WL33CCV6, STM32WL33CCV6TR, STM32WL33CCV7, STM32WL33CCV7A, STM32WL33CCV7ATR, STM32WL33CCV7TR, STM32WL33K8V6, STM32WL33K8V6TR, STM32WL33K8V7, STM32WL33K8V7TR, STM32WL33KBV6, STM32WL33KBV6TR, STM32WL33KBV7, STM32WL33KBV7TR, STM32WL33KCV6, STM32WL33KCV6TR, STM32WL33KCV7, STM32WL33KCV7TR, STM32WL5MOCH6, STM32WL5MOCH6TR]
2025-06-27 10:34:59,848 [INFO] BoardInfo:889 - No configuration file found for board P-NUCLEO-WB55
2025-06-27 10:34:59,850 [INFO] DbBoards:161 - Kit is not supported: P-NUCLEO-WB55
2025-06-27 10:34:59,857 [INFO] BoardInfo:889 - No configuration file found for board STEVAL-BFA001V1B
2025-06-27 10:34:59,859 [INFO] DbBoards:161 - Kit is not supported: STEVAL-BFA001V1B
2025-06-27 10:34:59,860 [INFO] BoardInfo:889 - No configuration file found for board STEVAL-BFA001V2B
2025-06-27 10:34:59,861 [INFO] DbBoards:161 - Kit is not supported: STEVAL-BFA001V2B
2025-06-27 10:35:00,098 [INFO] DbBoards:168 - Found 211 boards, 208 are supported
2025-06-27 10:35:00,098 [INFO] DbBoards:169 - Found 211 boards, 43 of them is supported for  Bsp
2025-06-27 10:35:00,102 [INFO] ApiDb:668 - CubeFinder database Data Model version=2.1
2025-06-27 10:35:00,103 [INFO] ApiDb:669 - CubeFinder database Configuration version=3.0.39
2025-06-27 10:35:00,103 [INFO] ApiDb:670 - CubeFinder database generation date=2025-06-16 (1750072209)
2025-06-27 10:35:00,103 [INFO] ApiDb:671 - CubeFinder database FW Pack versions=[FP-ATR-ASTRA1_V2.0.0, FP-SNS-FLIGHT1_V5.1.0, FP-SNS-MOTENV1_V5.0.0, FP-SNS-MOTENVWB1_V1.4.0, FP-SNS-SMARTAG2_V1.2.0, FP-SNS-STBOX1_V2.0.0, STM32Cube_FW_C0_V1.4.0, STM32Cube_FW_F4_V1.28.2, STM32Cube_FW_F7_V1.17.3, STM32Cube_FW_G0_V1.6.2, STM32Cube_FW_G4_V1.6.1, STM32Cube_FW_H5_V1.5.0, STM32Cube_FW_H7RS_V1.2.0, STM32Cube_FW_H7_V1.12.1, STM32Cube_FW_L0_V1.12.2, STM32Cube_FW_L4_V1.18.1, STM32Cube_FW_L5_V1.5.1, STM32Cube_FW_N6_V1.1.1, STM32Cube_FW_U0_V1.2.0, STM32Cube_FW_U3_V1.1.0, STM32Cube_FW_U5_V1.7.0, STM32Cube_FW_WB0_V1.2.0, STM32Cube_FW_WBA_V1.6.0, STM32Cube_FW_WB_V1.22.0, STM32Cube_FW_WL3_V1.1.0, STM32Cube_FW_WL_V1.3.1, X-CUBE-ALGOBUILD_V1.4.0, X-CUBE-ALS_V1.0.2, X-CUBE-AZRTOS-F4_V1.1.0, X-CUBE-AZRTOS-F7_V1.1.0, X-CUBE-AZRTOS-G0_V1.1.0, X-CUBE-AZRTOS-G4_V2.0.0, X-CUBE-AZRTOS-H7RS_V1.1.0, X-CUBE-AZRTOS-H7_V3.3.0, X-CUBE-AZRTOS-L4_V2.0.0, X-CUBE-AZRTOS-L5_V2.0.0, X-CUBE-AZRTOS-WB_V2.0.0, X-CUBE-AZRTOS-WL_V2.0.0, X-CUBE-BLE1_V7.1.0, X-CUBE-BLE2_V3.3.0, X-CUBE-BLEMGR_V4.0.0, X-CUBE-EEPRMA1_V5.1.0, X-CUBE-FREERTOS_V1.3.1, X-CUBE-GNSS1_V6.0.0, X-CUBE-MEMS1_V11.3.0, X-CUBE-NFC4_V3.0.0, X-CUBE-NFC7_V2.0.0, X-CUBE-SFXS2LP1_V4.0.0, X-CUBE-SUBG2_V5.0.0, X-CUBE-TOF1_V3.4.3]
2025-06-27 10:35:02,466 [INFO] ApiDb:240 - Found 895 in-development CPN: [B-G473E-ZEST1S, B-WB1M-WPAN1, B-WBA5M-WPAN, B-WL5M-SUBG1, NUCLEO-C031C6, NUCLEO-C051C8, NUCLEO-C071RB, NUCLEO-C092RC, NUCLEO-H503RB, NUCLEO-H533RE, NUCLEO-H563ZI, NUCLEO-H7S3L8, NUCLEO-N657X0-Q, NUCLEO-U031R8, NUCLEO-U083RC, NUCLEO-U385RG-Q, NUCLEO-U545RE-Q, NUCLEO-U5A5ZJ-Q, NUCLEO-WB05KZ, NUCLEO-WB07CC, NUCLEO-WB09KE, NUCLEO-WBA52CG, NUCLEO-WBA55CG, NUCLEO-WBA65RI, NUCLEO-WL33CC1, NUCLEO-WL33CC2, STEVAL-PROTEUS1, STEVAL-SMARTAG2, STEVAL-STWINBX1, STM320518-EVAL, STM32C0116-DK, STM32C011D6Y3TR, STM32C011D6Y6TR, STM32C011F4P3, STM32C011F4P6, STM32C011F4U3, STM32C011F4U6TR, STM32C011F6P3, STM32C011F6P6, STM32C011F6U3, STM32C011F6U6TR, STM32C011J4M3, STM32C011J4M6, STM32C011J6M3, STM32C011J6M6, STM32C0316-DK, STM32C031C4T3, STM32C031C4T6, STM32C031C4U3, STM32C031C4U6, STM32C031C6T3, STM32C031C6T6, STM32C031C6U3, STM32C031C6U6, STM32C031F4P3, STM32C031F4P6, STM32C031F6P3, STM32C031F6P6, STM32C031G4U3, STM32C031G4U6, STM32C031G6U3, STM32C031G6U6, STM32C031K4T3, STM32C031K4T6, STM32C031K4U3, STM32C031K4U6, STM32C031K6T3, STM32C031K6T6, STM32C031K6U3, STM32C031K6U6, STM32C051C6T6, STM32C051C6U6, STM32C051C8T6, STM32C051C8U6, STM32C051D8Y6TR, STM32C051F6P6, STM32C051F8P6, STM32C051G6U6, STM32C051G8U6, STM32C051K6T6, STM32C051K6U6, STM32C051K8T6, STM32C071C8T6, STM32C071C8T6N, STM32C071C8U6, STM32C071C8U6N, STM32C071CBT6, STM32C071CBT6N, STM32C071CBU6, STM32C071CBU6N, STM32C071F8P6, STM32C071F8P6N, STM32C071FBP6, STM32C071FBP6N, STM32C071FBY6TR, STM32C071G8U6, STM32C071G8U6N, STM32C071GBU6, STM32C071GBU6N, STM32C071K8T6, STM32C071K8T6N, STM32C071K8U6, STM32C071K8U6N, STM32C071KBT6, STM32C071KBT6N, STM32C071KBU6, STM32C071KBU6N, STM32C071R8T6, STM32C071R8T6N, STM32C071RBI6N, STM32C071RBT6, STM32C071RBT6N, STM32C091CBT6, STM32C091CBU6, STM32C091CCT6, STM32C091CCU6, STM32C091ECY6TR, STM32C091FBP6, STM32C091FCP6, STM32C091GBU6, STM32C091GCU6, STM32C091KBT6, STM32C091KBU6, STM32C091KCT6, STM32C091KCU6, STM32C091RBT6, STM32C091RCI6, STM32C091RCT6, STM32C092CBT6, STM32C092CBU6, STM32C092CCT6, STM32C092CCU6, STM32C092ECY6TR, STM32C092FBP6, STM32C092FCP6, STM32C092GBU6, STM32C092GCU6, STM32C092KBT6, STM32C092KBU6, STM32C092KCT6, STM32C092KCU6, STM32C092RBT6, STM32C092RCI6, STM32C092RCT6, STM32G071K8TXN, STM32G071K8UXN, STM32G081GBU6N, STM32G081KBT6N, STM32G081KBUXN, STM32G0B1CCT6N, STM32G0B1KCT6, STM32G0B1NEY6TR, STM32G0B1RCT6N, STM32G0C1CCT6, STM32G0C1CCT6N, STM32G0C1CCU6N, STM32G0C1CET6N, STM32G0C1CEU6N, STM32G0C1KCT6, STM32G0C1NEY6TR, STM32G0C1RCI6N, STM32G0C1RCT6N, STM32G0C1REI6N, STM32G0C1RET6N, STM32G0C1VCI6, STM32G0C1VEI6, STM32G411C6T3, STM32G411C6T6, STM32G411C6U3, STM32G411C6U6, STM32G411C8T3, STM32G411C8T6, STM32G411C8U3, STM32G411C8U6, STM32G411CBT3, STM32G411CBT6, STM32G411CBU3, STM32G411CBU6, STM32G411CCT3, STM32G411CCT6, STM32G411CCU3, STM32G411CCU6, STM32G411K6T3, STM32G411K6T6, STM32G411K6U3, STM32G411K6U6, STM32G411K8T3, STM32G411K8T6, STM32G411K8U3, STM32G411K8U6, STM32G411KBT3, STM32G411KBT6, STM32G411KBU3, STM32G411KBU6, STM32G411M6T3, STM32G411M6T6, STM32G411M8T3, STM32G411M8T6, STM32G411MBT3, STM32G411MBT6, STM32G411MCT3, STM32G411MCT6, STM32G411R6T3, STM32G411R6T6, STM32G411R8T3, STM32G411R8T6, STM32G411RBT3, STM32G411RBT6, STM32G411RCT3, STM32G411RCT6, STM32G414CBT3, STM32G414CBT6, STM32G414CBU3, STM32G414CBU6, STM32G414CCT3, STM32G414CCT6, STM32G414CCU3, STM32G414CCU6, STM32G414MBT3, STM32G414MBT6, STM32G414MCT3, STM32G414MCT6, STM32G414RBT3, STM32G414RBT6, STM32G414RCT3, STM32G414RCT6, STM32G414VBT3, STM32G414VBT6, STM32G414VCT3, STM32G414VCT6, STM32G431CBT3Z, STM32G431RBT3Z, STM32G471CCT6, STM32G471CCU6, STM32G471CET3, STM32G471CET6, STM32G471CEU3, STM32G471CEU6, STM32G471MCT6, STM32G471MET3, STM32G471MET6, STM32G471MEY6TR, STM32G471QCT6, STM32G471QET3, STM32G471RCT6, STM32G471RET3, STM32G471RET6, STM32G471VCH6, STM32G471VCI6, STM32G471VCT6, STM32G471VEH3, STM32G471VEH6, STM32G471VEI3, STM32G471VEI6, STM32G471VET3, STM32G471VET6, STM32G473QET3Z, STM32G473RET3Z, STM32G474CCT6, STM32G491RET3Z, STM32H503CBT6, STM32H503CBU6, STM32H503EBY6TR, STM32H503KBU6, STM32H503RBT6, STM32H523CCT6, STM32H523CCU6, STM32H523CET6, STM32H523CEU6, STM32H523HEY6TR, STM32H523RCT6, STM32H523RET6, STM32H523VCI6, STM32H523VCT6, STM32H523VEI6, STM32H523VET6, STM32H523ZCJ6, STM32H523ZCT6, STM32H523ZEJ6, STM32H523ZET6, STM32H533CET6, STM32H533CEU6, STM32H533HEY6TR, STM32H533RET6, STM32H533VEI6, STM32H533VET6, STM32H533ZEJ6, STM32H533ZET6, STM32H562AGI6, STM32H562AII6, STM32H562IGK6, STM32H562IGT6, STM32H562IIK6, STM32H562IIT6, STM32H562RGT6, STM32H562RGV6, STM32H562RIT6, STM32H562RIV6, STM32H562VGT6, STM32H562VIT6, STM32H562ZGT6, STM32H562ZIT6, STM32H563AGI6, STM32H563AII3Q, STM32H563AII6, STM32H563IGK6, STM32H563IGT6, STM32H563IIK3Q, STM32H563IIK6, STM32H563IIT3Q, STM32H563IIT6, STM32H563MIY3QTR, STM32H563RGT6, STM32H563RGV6, STM32H563RIT6, STM32H563RIV6, STM32H563VGT6, STM32H563VIT3Q, STM32H563VIT6, STM32H563ZGT6, STM32H563ZIT3Q, STM32H563ZIT6, STM32H573AII3Q, STM32H573AII6, STM32H573I-DK, STM32H573IIK3Q, STM32H573IIK6, STM32H573IIT3Q, STM32H573IIT6, STM32H573MIY3QTR, STM32H573RIT6, STM32H573RIV6, STM32H573VIT3Q, STM32H573VIT6, STM32H573ZIT3Q, STM32H573ZIT6, STM32H7R3A8I6, STM32H7R3I8K6, STM32H7R3I8T6, STM32H7R3L8H6, STM32H7R3L8H6H, STM32H7R3R8V6, STM32H7R3V8H6, STM32H7R3V8T6, STM32H7R3V8Y6TR, STM32H7R3Z8J6, STM32H7R3Z8T6, STM32H7R7A8I6, STM32H7R7I8K6, STM32H7R7I8T6, STM32H7R7L8H6, STM32H7R7L8H6H, STM32H7R7Z8J6, STM32H7S3A8I6, STM32H7S3I8K6, STM32H7S3I8T6, STM32H7S3L8H6, STM32H7S3L8H6H, STM32H7S3R8V6, STM32H7S3V8H6, STM32H7S3V8T6, STM32H7S3V8Y6TR, STM32H7S3Z8J6, STM32H7S3Z8T6, STM32H7S78-DK, STM32H7S7A8I6, STM32H7S7I8K6, STM32H7S7I8T6, STM32H7S7L8H6, STM32H7S7L8H6H, STM32H7S7Z8J6, STM32L4R5QGI6STR, STM32MP131AAE3, STM32MP131AAF3, STM32MP131AAG3, STM32MP131CAE3, STM32MP131CAF3, STM32MP131CAG3, STM32MP131DAE7, STM32MP131DAF7, STM32MP131DAG7, STM32MP131FAE7, STM32MP131FAF7, STM32MP131FAG7, STM32MP133AAE3, STM32MP133AAF3, STM32MP133AAG3, STM32MP133CAE3, STM32MP133CAF3, STM32MP133CAG3, STM32MP133DAE7, STM32MP133DAF7, STM32MP133DAG7, STM32MP133FAE7, STM32MP133FAF7, STM32MP133FAG7, STM32MP135AAE3, STM32MP135AAF3, STM32MP135AAG3, STM32MP135CAE3, STM32MP135CAF3, STM32MP135CAG3, STM32MP135DAE7, STM32MP135DAF7, STM32MP135DAG7, STM32MP135F-DK, STM32MP135FAE7, STM32MP135FAF7, STM32MP135FAF7T, STM32MP135FAF7U, STM32MP135FAG7, STM32MP231AAJ3, STM32MP231AAK3, STM32MP231AAL3, STM32MP231CAJ3, STM32MP231CAK3, STM32MP231CAL3, STM32MP231DAJ3, STM32MP231DAK3, STM32MP231DAL3, STM32MP231FAJ3, STM32MP231FAK3, STM32MP231FAL3, STM32MP233AAJ3, STM32MP233AAK3, STM32MP233AAL3, STM32MP233CAJ3, STM32MP233CAK3, STM32MP233CAL3, STM32MP233DAJ3, STM32MP233DAK3, STM32MP233DAL3, STM32MP233FAJ3, STM32MP233FAK3, STM32MP233FAL3, STM32MP235AAJ3, STM32MP235AAK3, STM32MP235AAL3, STM32MP235CAJ3, STM32MP235CAK3, STM32MP235CAL3, STM32MP235DAJ3, STM32MP235DAK3, STM32MP235DAL3, STM32MP235FAJ3, STM32MP235FAK3, STM32MP235FAL3, STM32MP251AAI3, STM32MP251AAJ3, STM32MP251AAK3, STM32MP251AAL3, STM32MP251CAI3, STM32MP251CAJ3, STM32MP251CAK3, STM32MP251CAL3, STM32MP251DAI3, STM32MP251DAJ3, STM32MP251DAK3, STM32MP251DAL3, STM32MP251FAI3, STM32MP251FAJ3, STM32MP251FAK3, STM32MP251FAL3, STM32MP253AAI3, STM32MP253AAJ3, STM32MP253AAK3, STM32MP253AAL3, STM32MP253CAI3, STM32MP253CAJ3, STM32MP253CAK3, STM32MP253CAL3, STM32MP253DAI3, STM32MP253DAJ3, STM32MP253DAK3, STM32MP253DAL3, STM32MP253FAI3, STM32MP253FAJ3, STM32MP253FAK3, STM32MP253FAL3, STM32MP255AAI3, STM32MP255AAJ3, STM32MP255AAK3, STM32MP255AAL3, STM32MP255CAI3, STM32MP255CAJ3, STM32MP255CAK3, STM32MP255CAL3, STM32MP255DAI3, STM32MP255DAJ3, STM32MP255DAK3, STM32MP255DAL3, STM32MP255FAI3, STM32MP255FAJ3, STM32MP255FAK3, STM32MP255FAL3, STM32MP257AAI3, STM32MP257AAJ3, STM32MP257AAK3, STM32MP257AAL3, STM32MP257CAI3, STM32MP257CAJ3, STM32MP257CAK3, STM32MP257CAL3, STM32MP257DAI3, STM32MP257DAJ3, STM32MP257DAK3, STM32MP257DAL3, STM32MP257F-DK, STM32MP257F-EV1, STM32MP257FAI3, STM32MP257FAJ3, STM32MP257FAK3, STM32MP257FAL3, STM32N645A0H3Q, STM32N645B0H3Q, STM32N645I0H3Q, STM32N645L0H3Q, STM32N645X0H3Q, STM32N645Z0H3Q, STM32N647A0H3Q, STM32N647B0H3Q, STM32N647I0H3Q, STM32N647L0H3Q, STM32N647X0H3Q, STM32N647Z0H3Q, STM32N655A0H3Q, STM32N655B0H3Q, STM32N655I0H3Q, STM32N655L0H3Q, STM32N655X0H3Q, STM32N655Z0H3Q, STM32N6570-DK, STM32N657A0H3Q, STM32N657B0H3Q, STM32N657I0H3Q, STM32N657L0H3Q, STM32N657X0H3Q, STM32N657Z0H3Q, STM32U031C6T6, STM32U031C6U6, STM32U031C8T6, STM32U031C8U6, STM32U031F4P6, STM32U031F6P6, STM32U031F8P6, STM32U031G6Y6TR, STM32U031G8Y6TR, STM32U031K4U6, STM32U031K6U6, STM32U031K8U6, STM32U031R6I6, STM32U031R6T6, STM32U031R8I6, STM32U031R8T6, STM32U073C8T6, STM32U073C8U6, STM32U073CBT6, STM32U073CBU6, STM32U073CCT6, STM32U073CCU6, STM32U073H8Y6TR, STM32U073HBY6TR, STM32U073HCY6TR, STM32U073K8U6, STM32U073KBU6, STM32U073KCU6, STM32U073M8I6, STM32U073M8T6, STM32U073MBI6, STM32U073MBT6, STM32U073MCI6, STM32U073MCT6, STM32U073R8I6, STM32U073R8T6, STM32U073RBI6, STM32U073RBT6, STM32U073RCI6, STM32U073RCT6, STM32U083C-DK, STM32U083CCT6, STM32U083CCU6, STM32U083HCY6TR, STM32U083KCU6, STM32U083MCI6, STM32U083MCT6, STM32U083RCI6, STM32U083RCT6, STM32U375CET6, STM32U375CET6Q, STM32U375CEU6, STM32U375CEU6Q, STM32U375CEY6QTR, STM32U375CGT6, STM32U375CGT6Q, STM32U375CGU6, STM32U375CGU6Q, STM32U375CGY6QTR, STM32U375KEU6, STM32U375KGU6, STM32U375REI6, STM32U375REI6Q, STM32U375RET6, STM32U375RET6Q, STM32U375REY6GTR, STM32U375REY6QTR, STM32U375RGI6, STM32U375RGI6Q, STM32U375RGT6, STM32U375RGT6Q, STM32U375RGY6GTR, STM32U375RGY6QTR, STM32U375VEI6, STM32U375VEI6Q, STM32U375VET6, STM32U375VET6Q, STM32U375VGI6, STM32U375VGI6Q, STM32U375VGT6, STM32U375VGT6Q, STM32U385CGT6, STM32U385CGT6Q, STM32U385CGU6, STM32U385CGU6Q, STM32U385CGY6QTR, STM32U385KGU6, STM32U385RGI6, STM32U385RGI6Q, STM32U385RGT6, STM32U385RGT6Q, STM32U385RGY6GTR, STM32U385RGY6QTR, STM32U385VGI6, STM32U385VGI6Q, STM32U385VGT6, STM32U385VGT6Q, STM32U535CBT6, STM32U535CBT6Q, STM32U535CBU6, STM32U535CBU6Q, STM32U535CCT6, STM32U535CCT6Q, STM32U535CCU6, STM32U535CCU6Q, STM32U535CET6, STM32U535CET6Q, STM32U535CEU6, STM32U535CEU6Q, STM32U535JEY6QTR, STM32U535NCY6QTR, STM32U535NEY6QTR, STM32U535RBI6, STM32U535RBI6Q, STM32U535RBT6, STM32U535RBT6Q, STM32U535RCI6, STM32U535RCI6Q, STM32U535RCT6, STM32U535RCT6Q, STM32U535REI6, STM32U535REI6Q, STM32U535RET6, STM32U535RET6Q, STM32U535VCI6, STM32U535VCI6Q, STM32U535VCT6, STM32U535VCT6Q, STM32U535VEI6, STM32U535VEI6Q, STM32U535VET6, STM32U535VET6Q, STM32U545CET6, STM32U545CET6Q, STM32U545CEU6, STM32U545CEU6Q, STM32U545JEY6QTR, STM32U545NEY6QTR, STM32U545REI6, STM32U545REI6Q, STM32U545RET6, STM32U545RET6Q, STM32U545VEI6, STM32U545VEI6Q, STM32U545VET6, STM32U545VET6Q, STM32U595AIH6, STM32U595AIH6Q, STM32U595AJH6, STM32U595AJH6Q, STM32U595QII6, STM32U595QII6Q, STM32U595QJI6, STM32U595QJI6Q, STM32U595RIT6, STM32U595RIT6Q, STM32U595RJT6, STM32U595RJT6Q, STM32U595VIT6, STM32U595VIT6Q, STM32U595VJT6, STM32U595VJT6Q, STM32U595ZIT6, STM32U595ZIT6Q, STM32U595ZIY6QTR, STM32U595ZJT6, STM32U595ZJT6Q, STM32U595ZJY6QTR, STM32U599BJY6QTR, STM32U599NIH6Q, STM32U599NJH6Q, STM32U599VIT6Q, STM32U599VJT6, STM32U599VJT6Q, STM32U599ZIT6Q, STM32U599ZIY6QTR, STM32U599ZJT6Q, STM32U599ZJY6QTR, STM32U5A5AJH6, STM32U5A5AJH6Q, STM32U5A5QII3Q , STM32U5A5QJI6, STM32U5A5QJI6Q, STM32U5A5RJT6, STM32U5A5RJT6Q, STM32U5A5VJT6, STM32U5A5VJT6Q, STM32U5A5ZJT6, STM32U5A5ZJT6Q, STM32U5A5ZJY6QTR, STM32U5A9BJY6QTR, STM32U5A9J-DK, STM32U5A9NJH6Q, STM32U5A9VJT6Q, STM32U5A9ZJT6Q, STM32U5A9ZJY6QTR, STM32U5F7VIT6, STM32U5F7VIT6Q, STM32U5F7VJT6, STM32U5F7VJT6Q, STM32U5F9BJY6QTR, STM32U5F9NJH6Q, STM32U5F9VIT6Q, STM32U5F9VJT6Q, STM32U5F9ZIJ6QTR, STM32U5F9ZIT6Q, STM32U5F9ZJJ6QTR, STM32U5F9ZJT6Q, STM32U5G7VJT6, STM32U5G7VJT6Q, STM32U5G9BJY6QTR, STM32U5G9J-DK1, STM32U5G9J-DK2, STM32U5G9NJH6Q, STM32U5G9VJT6Q, STM32U5G9ZJJ6QTR, STM32U5G9ZJT6Q, STM32WB05KZV6TR, STM32WB05KZV7TR, STM32WB05TZF6TR, STM32WB05TZF7TR, STM32WB06CCF6TR, STM32WB06CCF7TR, STM32WB06CCV6TR, STM32WB06CCV7TR, STM32WB06KCV6TR, STM32WB06KCV7TR, STM32WB07CCF6TR, STM32WB07CCF7TR, STM32WB07CCV6TR, STM32WB07CCV7TR, STM32WB07KCV6TR, STM32WB07KCV7TR, STM32WB09KEV6TR, STM32WB09KEV7TR, STM32WB09TEF6TR, STM32WB09TEF7TR, STM32WB1MMCH6, STM32WBA50KGU6, STM32WBA50KGU6TR, STM32WBA52CEU6, STM32WBA52CEU6TR, STM32WBA52CEU7, STM32WBA52CEU7TR, STM32WBA52CGU6, STM32WBA52CGU6TR, STM32WBA52CGU6U, STM32WBA52CGU7, STM32WBA52CGU7TR, STM32WBA52KEU6, STM32WBA52KEU6TR, STM32WBA52KGU6, STM32WBA52KGU6TR, STM32WBA54CEU6, STM32WBA54CEU6TR, STM32WBA54CEU7, STM32WBA54CEU7TR, STM32WBA54CGU6, STM32WBA54CGU6TR, STM32WBA54CGU7, STM32WBA54CGU7TR, STM32WBA54KEU6, STM32WBA54KEU6TR, STM32WBA54KEU7, STM32WBA54KEU7TR, STM32WBA54KGU6, STM32WBA54KGU6TR, STM32WBA54KGU7, STM32WBA54KGU7TR, STM32WBA55CEU6, STM32WBA55CEU6TR, STM32WBA55CEU7, STM32WBA55CEU7TR, STM32WBA55CGU6, STM32WBA55CGU6TR, STM32WBA55CGU6U, STM32WBA55CGU7, STM32WBA55CGU7TR, STM32WBA55G-DK1, STM32WBA55HEF6, STM32WBA55HEF7, STM32WBA55HGF6, STM32WBA55HGF7, STM32WBA55UEI6, STM32WBA55UEI6TR, STM32WBA55UEI7, STM32WBA55UEI7TR, STM32WBA55UGI6, STM32WBA55UGI6TR, STM32WBA55UGI7, STM32WBA55UGI7TR, STM32WBA5MJGH6TR, STM32WBA62CGU6, STM32WBA62CIU6, STM32WBA62MGF6, STM32WBA62MIF6, STM32WBA62PGI6, STM32WBA62PII6, STM32WBA63CGU6, STM32WBA63CGU7, STM32WBA63CIU6, STM32WBA63CIU7, STM32WBA64CGU6, STM32WBA64CGU7, STM32WBA64CIU6, STM32WBA64CIU7, STM32WBA65CGU6, STM32WBA65CGU7, STM32WBA65CIU6, STM32WBA65CIU7, STM32WBA65I-DK1, STM32WBA65MGF6, STM32WBA65MGF7, STM32WBA65MIF6, STM32WBA65MIF7, STM32WBA65PGI6, STM32WBA65PGI7, STM32WBA65PII6, STM32WBA65PII7, STM32WBA65RGV6, STM32WBA65RGV7, STM32WBA65RIV6, STM32WBA65RIV7, STM32WL30K8V6, STM32WL30KBV6, STM32WL31C8V6, STM32WL31CBV6, STM32WL31K8V6, STM32WL31KBV6, STM32WL33C8V6, STM32WL33C8V6TR, STM32WL33C8V7, STM32WL33C8V7TR, STM32WL33CBV6, STM32WL33CBV6TR, STM32WL33CBV7, STM32WL33CBV7TR, STM32WL33CCV6, STM32WL33CCV6TR, STM32WL33CCV7, STM32WL33CCV7A, STM32WL33CCV7ATR, STM32WL33CCV7TR, STM32WL33K8V6, STM32WL33K8V6TR, STM32WL33K8V7, STM32WL33K8V7TR, STM32WL33KBV6, STM32WL33KBV6TR, STM32WL33KBV7, STM32WL33KBV7TR, STM32WL33KCV6, STM32WL33KCV6TR, STM32WL33KCV7, STM32WL33KCV7TR, STM32WL5MOCH6, STM32WL5MOCH6TR]
2025-06-27 10:35:02,471 [INFO] DbMcus:218 - Found 4686 MCUs, 4686 are supported
2025-06-27 10:35:02,479 [INFO] ApiDb:423 - Load user favorites file C:\Users\marcv/.stm32cubeide/favorites.mcus.txt: 1 item(s)
2025-06-27 10:35:02,479 [INFO] ApiDb:427 - User favorites MCUs=[STM32H750VBT6]
2025-06-27 10:35:02,479 [INFO] DbMcus:224 - Set 1 / 1 favorites MCUs
2025-06-27 10:35:02,996 [INFO] ApiDb:423 - Load user favorites file C:\Users\marcv/.stm32cubeide/favorites.boards.txt: 0 item(s)
2025-06-27 10:35:02,996 [INFO] ApiDb:427 - User favorites Boards=[]
2025-06-27 10:35:02,996 [INFO] DbBoards:198 - Set 0 / 0 favorites Boards
2025-06-27 10:35:03,055 [INFO] UtilMem:75 - End LoadConfig() Used Memory: 772474040 Bytes (1073741824)
2025-06-27 10:35:03,235 [WARN] ThirdParty:833 - waiting for thirdparty lock release [change project]
2025-06-27 10:35:03,236 [INFO] ThirdParty:835 - entering critical section [change project]
2025-06-27 10:35:03,236 [INFO] ThirdParty:1030 - CMSIS Pack Vendor :STMicroelectronics X-CUBE-PM33A1 1.0.0
2025-06-27 10:35:03,236 [INFO] ThirdParty:1030 - CMSIS Pack Vendor :STMicroelectronics USBPD 4.1
2025-06-27 10:35:03,236 [INFO] ThirdParty:1030 - CMSIS Pack Vendor :STMicroelectronics X-CUBE-AZRTOS-H7 3.3.0
2025-06-27 10:35:03,236 [INFO] ThirdParty:1030 - CMSIS Pack Vendor :STMicroelectronics X-CUBE-NFC9 1.0.0
2025-06-27 10:35:03,236 [INFO] ThirdParty:1030 - CMSIS Pack Vendor :STMicroelectronics USB_HOST 2.0.0
2025-06-27 10:35:03,236 [INFO] ThirdParty:1030 - CMSIS Pack Vendor :STMicroelectronics FP-SNS-MOTENVWB1 1.4.0
2025-06-27 10:35:03,236 [INFO] ThirdParty:1030 - CMSIS Pack Vendor :STMicroelectronics X-CUBE-AZRTOS-F4 1.1.0
2025-06-27 10:35:03,236 [INFO] ThirdParty:1030 - CMSIS Pack Vendor :STMicroelectronics LIBJPEG 8.0.0
2025-06-27 10:35:03,236 [INFO] ThirdParty:1030 - CMSIS Pack Vendor :STMicroelectronics FP-ATR-ASTRA1 2.0.2
2025-06-27 10:35:03,236 [INFO] ThirdParty:1030 - CMSIS Pack Vendor :STMicroelectronics X-CUBE-BLE1 7.1.0
2025-06-27 10:35:03,236 [INFO] ThirdParty:1030 - CMSIS Pack Vendor :Avnet-IotConnect X-CUBE-IoTC-DA16k-PMOD 1.0.0
2025-06-27 10:35:03,236 [INFO] ThirdParty:1030 - CMSIS Pack Vendor :STMicroelectronics X-CUBE-SMBUS 2.1.0
2025-06-27 10:35:03,236 [INFO] ThirdParty:1030 - CMSIS Pack Vendor :STMicroelectronics X-CUBE-WB05N 1.1.0
2025-06-27 10:35:03,236 [INFO] ThirdParty:1030 - CMSIS Pack Vendor :wolfSSL I-CUBE-wolfMQTT 1.19.2
2025-06-27 10:35:03,236 [INFO] ThirdParty:1030 - CMSIS Pack Vendor :STMicroelectronics USB_DEVICE 3.0.0
2025-06-27 10:35:03,236 [INFO] ThirdParty:1030 - CMSIS Pack Vendor :STMicroelectronics X-CUBE-ISPU 2.1.0
2025-06-27 10:35:03,237 [INFO] ThirdParty:1030 - CMSIS Pack Vendor :STMicroelectronics X-CUBE-AZRTOS-WB 2.0.0
2025-06-27 10:35:03,237 [INFO] ThirdParty:1030 - CMSIS Pack Vendor :STMicroelectronics X-CUBE-ST60 1.0.0
2025-06-27 10:35:03,237 [INFO] ThirdParty:1030 - CMSIS Pack Vendor :STMicroelectronics X-CUBE-GNSS1 7.0.1
2025-06-27 10:35:03,237 [INFO] ThirdParty:1030 - CMSIS Pack Vendor :STMicroelectronics X-CUBE-AZRTOS-F7 1.1.0
2025-06-27 10:35:03,237 [INFO] ThirdParty:1030 - CMSIS Pack Vendor :STMicroelectronics X-CUBE-AZRTOS-L5 2.0.0
2025-06-27 10:35:03,237 [INFO] ThirdParty:1030 - CMSIS Pack Vendor :STMicroelectronics X-CUBE-TOUCHGFX 4.25.0
2025-06-27 10:35:03,237 [INFO] ThirdParty:1030 - CMSIS Pack Vendor :STMicroelectronics USB_DEVICE 2.0.0
2025-06-27 10:35:03,237 [INFO] ThirdParty:1030 - CMSIS Pack Vendor :STMicroelectronics X-CUBE-NFC6 3.1.0
2025-06-27 10:35:03,237 [INFO] ThirdParty:1030 - CMSIS Pack Vendor :STMicroelectronics X-CUBE-AI 10.1.0
2025-06-27 10:35:03,237 [INFO] ThirdParty:1030 - CMSIS Pack Vendor :STMicroelectronics FP-SNS-STBOX1 2.0.0
2025-06-27 10:35:03,237 [INFO] ThirdParty:1030 - CMSIS Pack Vendor :STMicroelectronics X-CUBE-MEMS1 11.2.0
2025-06-27 10:35:03,237 [INFO] ThirdParty:1030 - CMSIS Pack Vendor :STMicroelectronics FreeRTOS 0.0.1
2025-06-27 10:35:03,237 [INFO] ThirdParty:1030 - CMSIS Pack Vendor :STMicroelectronics X-CUBE-AZRTOS-G0 1.1.0
2025-06-27 10:35:03,237 [INFO] ThirdParty:1030 - CMSIS Pack Vendor :STMicroelectronics X-CUBE-SAFEA1 1.2.2
2025-06-27 10:35:03,237 [INFO] ThirdParty:1030 - CMSIS Pack Vendor :STMicroelectronics X-CUBE-NFC4 3.0.0
2025-06-27 10:35:03,237 [INFO] ThirdParty:1030 - CMSIS Pack Vendor :STMicroelectronics X-CUBE-DPower 1.2.0
2025-06-27 10:35:03,237 [INFO] ThirdParty:1030 - CMSIS Pack Vendor :STMicroelectronics X-CUBE-SUBG2 5.0.0
2025-06-27 10:35:03,237 [INFO] ThirdParty:1030 - CMSIS Pack Vendor :STMicroelectronics X-CUBE-AZRTOS-H7RS 1.1.0
2025-06-27 10:35:03,237 [INFO] ThirdParty:1030 - CMSIS Pack Vendor :STMicroelectronics STM32_WPAN 1.0.0
2025-06-27 10:35:03,237 [INFO] ThirdParty:1030 - CMSIS Pack Vendor :EmbeddedOffice I-CUBE-FS-RTOS 1.0.1
2025-06-27 10:35:03,237 [INFO] ThirdParty:1030 - CMSIS Pack Vendor :STMicroelectronics lwIP 2.0.3
2025-06-27 10:35:03,237 [INFO] ThirdParty:1030 - CMSIS Pack Vendor :STMicroelectronics FP-SNS-FLIGHT1 5.0.2
2025-06-27 10:35:03,238 [INFO] ThirdParty:1030 - CMSIS Pack Vendor :Cesanta I-CUBE-Mongoose 7.13.0
2025-06-27 10:35:03,238 [INFO] ThirdParty:1030 - CMSIS Pack Vendor :STMicroelectronics USB_HOST 1.0.0
2025-06-27 10:35:03,238 [INFO] ThirdParty:1030 - CMSIS Pack Vendor :Infineon AIROC-Wi-Fi-Bluetooth-STM32 1.7.0
2025-06-27 10:35:03,238 [INFO] ThirdParty:1030 - CMSIS Pack Vendor :STMicroelectronics X-CUBE-AZRTOS-G4 2.0.0
2025-06-27 10:35:03,238 [INFO] ThirdParty:1030 - CMSIS Pack Vendor :STMicroelectronics X-CUBE-WB05N 2.0.0
2025-06-27 10:35:03,238 [INFO] ThirdParty:1030 - CMSIS Pack Vendor :STMicroelectronics PDM2PCM 3.1.0
2025-06-27 10:35:03,238 [INFO] ThirdParty:1030 - CMSIS Pack Vendor :STMicroelectronics PDM2PCM 3.3.0
2025-06-27 10:35:03,238 [INFO] ThirdParty:1030 - CMSIS Pack Vendor :wolfSSL I-CUBE-wolfTPM 3.8.0
2025-06-27 10:35:03,238 [INFO] ThirdParty:1030 - CMSIS Pack Vendor :STMicroelectronics X-CUBE-DISPLAY 3.0.0
2025-06-27 10:35:03,238 [INFO] ThirdParty:1030 - CMSIS Pack Vendor :wolfSSL I-CUBE-wolfSSH 1.4.20
2025-06-27 10:35:03,238 [INFO] ThirdParty:1030 - CMSIS Pack Vendor :STMicroelectronics X-CUBE-NFC7 2.0.0
2025-06-27 10:35:03,238 [INFO] ThirdParty:1030 - CMSIS Pack Vendor :STMicroelectronics X-CUBE-TCPP 4.2.0
2025-06-27 10:35:03,238 [INFO] ThirdParty:1030 - CMSIS Pack Vendor :RealThread X-CUBE-RT-Thread_Nano 4.1.1
2025-06-27 10:35:03,238 [INFO] ThirdParty:1030 - CMSIS Pack Vendor :STMicroelectronics FP-ATR-SIGFOX1 3.2.0
2025-06-27 10:35:03,238 [INFO] ThirdParty:1030 - CMSIS Pack Vendor :STMicroelectronics X-CUBE-NFC10 1.0.0
2025-06-27 10:35:03,238 [INFO] ThirdParty:1030 - CMSIS Pack Vendor :STMicroelectronics X-CUBE-BLEMGR 4.0.0
2025-06-27 10:35:03,238 [INFO] ThirdParty:1030 - CMSIS Pack Vendor :STMicroelectronics X-CUBE-EEPRMA1 5.1.0
2025-06-27 10:35:03,238 [INFO] ThirdParty:1030 - CMSIS Pack Vendor :STMicroelectronics X-CUBE-FREERTOS 1.3.1
2025-06-27 10:35:03,238 [INFO] ThirdParty:1030 - CMSIS Pack Vendor :STMicroelectronics HAL Drivers 0.0.0
2025-06-27 10:35:03,238 [INFO] ThirdParty:1030 - CMSIS Pack Vendor :STMicroelectronics MBEDTLS 2.16.2
2025-06-27 10:35:03,238 [INFO] ThirdParty:1030 - CMSIS Pack Vendor :STMicroelectronics X-CUBE-IPS 3.1.0
2025-06-27 10:35:03,238 [INFO] ThirdParty:1030 - CMSIS Pack Vendor :STMicroelectronics X-CUBE-ALS 1.0.2
2025-06-27 10:35:03,239 [INFO] ThirdParty:1030 - CMSIS Pack Vendor :emotas I-CUBE-CANOPEN 1.3.0
2025-06-27 10:35:03,239 [INFO] ThirdParty:1030 - CMSIS Pack Vendor :STMicroelectronics X-CUBE-FREERTOS 1.3.0
2025-06-27 10:35:03,239 [INFO] ThirdParty:1030 - CMSIS Pack Vendor :STMicroelectronics X-CUBE-NFC7 1.0.1
2025-06-27 10:35:03,239 [INFO] ThirdParty:1030 - CMSIS Pack Vendor :STMicroelectronics MBEDTLS 2.14.1
2025-06-27 10:35:03,239 [INFO] ThirdParty:1030 - CMSIS Pack Vendor :wolfSSL I-CUBE-wolfSSL 5.7.6
2025-06-27 10:35:03,239 [INFO] ThirdParty:1030 - CMSIS Pack Vendor :ITTIA_DB I-CUBE-ITTIADB 8.9.0
2025-06-27 10:35:03,239 [INFO] ThirdParty:1030 - CMSIS Pack Vendor :STMicroelectronics X-CUBE-TOUCHGFX 4.24.2
2025-06-27 10:35:03,239 [INFO] ThirdParty:1030 - CMSIS Pack Vendor :portGmbH I-Cube-SoM-uGOAL 1.1.0
2025-06-27 10:35:03,239 [INFO] ThirdParty:1030 - CMSIS Pack Vendor :quantropi X-CUBE-qispace-sdk-base 2.0.0
2025-06-27 10:35:03,239 [INFO] ThirdParty:1030 - CMSIS Pack Vendor :STMicroelectronics X-CUBE-AI 10.0.0
2025-06-27 10:35:03,239 [INFO] ThirdParty:1030 - CMSIS Pack Vendor :STMicroelectronics X-CUBE-ST67W61 1.0.0
2025-06-27 10:35:03,239 [INFO] ThirdParty:1030 - CMSIS Pack Vendor :STMicroelectronics FP-SNS-STAIOTCFT 1.0.0
2025-06-27 10:35:03,239 [INFO] ThirdParty:1030 - CMSIS Pack Vendor :STMicroelectronics ThreadX 1.0.0
2025-06-27 10:35:03,240 [INFO] ThirdParty:1030 - CMSIS Pack Vendor :STMicroelectronics FP-SNS-SMARTAG2 1.2.0
2025-06-27 10:35:03,240 [INFO] ThirdParty:1030 - CMSIS Pack Vendor :STMicroelectronics FP-SNS-FLIGHT1 5.1.0
2025-06-27 10:35:03,240 [INFO] ThirdParty:1030 - CMSIS Pack Vendor :STMicroelectronics X-CUBE-MEMS1 11.1.0
2025-06-27 10:35:03,240 [INFO] ThirdParty:1030 - CMSIS Pack Vendor :STMicroelectronics X-CUBE-AZRTOS-WL 2.0.0
2025-06-27 10:35:03,240 [INFO] ThirdParty:1030 - CMSIS Pack Vendor :SEGGER I-CUBE-embOS 1.3.1
2025-06-27 10:35:03,240 [INFO] ThirdParty:1030 - CMSIS Pack Vendor :STMicroelectronics X-CUBE-ALGOBUILD 1.4.0
2025-06-27 10:35:03,240 [INFO] ThirdParty:1030 - CMSIS Pack Vendor :STMicroelectronics X-CUBE-DPower 1.3.0
2025-06-27 10:35:03,240 [INFO] ThirdParty:1030 - CMSIS Pack Vendor :STMicroelectronics X-CUBE-MEMS1 11.3.0
2025-06-27 10:35:03,240 [INFO] ThirdParty:1030 - CMSIS Pack Vendor :STMicroelectronics FP-SNS-MOTENV1 5.0.0
2025-06-27 10:35:03,240 [INFO] ThirdParty:1030 - CMSIS Pack Vendor :STMicroelectronics USB_DEVICE 1.0.0
2025-06-27 10:35:03,240 [INFO] ThirdParty:1030 - CMSIS Pack Vendor :STMicroelectronics X-CUBE-AZRTOS-H7RS 1.0.0
2025-06-27 10:35:03,240 [INFO] ThirdParty:1030 - CMSIS Pack Vendor :STMicroelectronics X-CUBE-AZRTOS-L4 2.0.0
2025-06-27 10:35:03,240 [INFO] ThirdParty:1030 - CMSIS Pack Vendor :STMicroelectronics ThreadX 0.0.2
2025-06-27 10:35:03,240 [INFO] ThirdParty:1030 - CMSIS Pack Vendor :WES I-CUBE-Cesium 1.3.0
2025-06-27 10:35:03,240 [INFO] ThirdParty:1030 - CMSIS Pack Vendor :STMicroelectronics lwIP 2.1.2
2025-06-27 10:35:03,241 [INFO] ThirdParty:1030 - CMSIS Pack Vendor :STMicroelectronics X-CUBE-SFXS2LP1 4.0.0
2025-06-27 10:35:03,241 [INFO] ThirdParty:1030 - CMSIS Pack Vendor :STMicroelectronics X-CUBE-BLE2 3.3.0
2025-06-27 10:35:03,241 [INFO] ThirdParty:1030 - CMSIS Pack Vendor :STMicroelectronics X-CUBE-TOF1 3.4.2
2025-06-27 10:35:03,241 [INFO] ThirdParty:1030 - CMSIS Pack Vendor :STMicroelectronics X-CUBE-TOF1 3.4.3
2025-06-27 10:35:03,241 [INFO] ThirdParty:1030 - CMSIS Pack Vendor :STMicroelectronics PDM2PCM 3.2.0
2025-06-27 10:35:03,241 [INFO] ThirdParty:841 - exiting critical section [change project]
2025-06-27 10:35:03,923 [INFO] PinOutPanel:1589 - setPackage(No Configuration,No Configuration)
2025-06-27 10:35:03,925 [INFO] PinOutPanel:1589 - setPackage(STM32H743VITx,LQFP100)
2025-06-27 10:35:04,953 [INFO] UtilMem:75 - Before build in PCC Used Memory: 888665176 Bytes (1073741824)
2025-06-27 10:35:05,709 [INFO] UtilMem:75 - After build in PCC Used Memory: 996146264 Bytes (1073741824)
2025-06-27 10:35:05,779 [INFO] ApiDbMcu:508 - Load IP Config File for FREERTOS
2025-06-27 10:35:05,841 [INFO] IPUIPlugin:80 - create IPUIPlugin
2025-06-27 10:35:05,841 [INFO] IPUIPlugin:80 - create IPUIPlugin
2025-06-27 10:35:05,841 [INFO] IPUIPlugin:80 - create IPUIPlugin
2025-06-27 10:35:05,842 [INFO] IPUIPlugin:80 - create IPUIPlugin
2025-06-27 10:35:05,842 [INFO] IPUIPlugin:80 - create IPUIPlugin
2025-06-27 10:35:05,842 [INFO] IPUIPlugin:80 - create IPUIPlugin
2025-06-27 10:35:05,842 [INFO] IPUIPlugin:80 - create IPUIPlugin
2025-06-27 10:35:05,842 [INFO] IPUIPlugin:80 - create IPUIPlugin
2025-06-27 10:35:05,842 [INFO] IPUIPlugin:80 - create IPUIPlugin
2025-06-27 10:35:05,842 [INFO] IPUIPlugin:80 - create IPUIPlugin
2025-06-27 10:35:05,842 [INFO] IPUIPlugin:80 - create IPUIPlugin
2025-06-27 10:35:05,843 [INFO] IPUIPlugin:80 - create IPUIPlugin
2025-06-27 10:35:05,843 [INFO] IPUIPlugin:80 - create IPUIPlugin
2025-06-27 10:35:05,843 [INFO] IPUIPlugin:80 - create IPUIPlugin
2025-06-27 10:35:05,843 [INFO] IPUIPlugin:80 - create IPUIPlugin
2025-06-27 10:35:05,843 [INFO] IPUIPlugin:80 - create IPUIPlugin
2025-06-27 10:35:05,843 [INFO] IPUIPlugin:80 - create IPUIPlugin
2025-06-27 10:35:05,843 [INFO] IPUIPlugin:80 - create IPUIPlugin
2025-06-27 10:35:05,843 [INFO] IPUIPlugin:80 - create IPUIPlugin
2025-06-27 10:35:05,844 [INFO] IPUIPlugin:80 - create IPUIPlugin
2025-06-27 10:35:05,844 [INFO] IPUIPlugin:80 - create IPUIPlugin
2025-06-27 10:35:05,844 [INFO] IPUIPlugin:80 - create IPUIPlugin
2025-06-27 10:35:05,844 [INFO] IPUIPlugin:80 - create IPUIPlugin
2025-06-27 10:35:05,845 [INFO] IPUIPlugin:80 - create IPUIPlugin
2025-06-27 10:35:05,845 [INFO] IPUIPlugin:80 - create IPUIPlugin
2025-06-27 10:35:05,845 [INFO] IPUIPlugin:80 - create IPUIPlugin
2025-06-27 10:35:05,845 [INFO] IPUIPlugin:80 - create IPUIPlugin
2025-06-27 10:35:05,845 [INFO] IPUIPlugin:80 - create IPUIPlugin
2025-06-27 10:35:05,846 [INFO] IPUIPlugin:80 - create IPUIPlugin
2025-06-27 10:35:05,846 [INFO] IPUIPlugin:80 - create IPUIPlugin
2025-06-27 10:35:05,846 [INFO] IPUIPlugin:80 - create IPUIPlugin
2025-06-27 10:35:05,846 [INFO] IPUIPlugin:80 - create IPUIPlugin
2025-06-27 10:35:05,846 [INFO] IPUIPlugin:80 - create IPUIPlugin
2025-06-27 10:35:05,846 [INFO] IPUIPlugin:80 - create IPUIPlugin
2025-06-27 10:35:05,847 [INFO] IPUIPlugin:80 - create IPUIPlugin
2025-06-27 10:35:05,847 [INFO] IPUIPlugin:80 - create IPUIPlugin
2025-06-27 10:35:05,847 [INFO] IPUIPlugin:80 - create IPUIPlugin
2025-06-27 10:35:05,847 [INFO] IPUIPlugin:80 - create IPUIPlugin
2025-06-27 10:35:05,848 [INFO] IPUIPlugin:80 - create IPUIPlugin
2025-06-27 10:35:05,848 [INFO] IPUIPlugin:80 - create IPUIPlugin
2025-06-27 10:35:05,848 [INFO] IPUIPlugin:80 - create IPUIPlugin
2025-06-27 10:35:05,848 [INFO] IPUIPlugin:80 - create IPUIPlugin
2025-06-27 10:35:05,848 [INFO] IPUIPlugin:80 - create IPUIPlugin
2025-06-27 10:35:05,849 [INFO] IPUIPlugin:80 - create IPUIPlugin
2025-06-27 10:35:05,849 [INFO] IPUIPlugin:80 - create IPUIPlugin
2025-06-27 10:35:05,849 [INFO] IPUIPlugin:80 - create IPUIPlugin
2025-06-27 10:35:05,849 [INFO] IPUIPlugin:80 - create IPUIPlugin
2025-06-27 10:35:05,850 [INFO] IPUIPlugin:80 - create IPUIPlugin
2025-06-27 10:35:05,850 [INFO] IPUIPlugin:80 - create IPUIPlugin
2025-06-27 10:35:05,850 [INFO] IPUIPlugin:80 - create IPUIPlugin
2025-06-27 10:35:05,850 [INFO] IPUIPlugin:80 - create IPUIPlugin
2025-06-27 10:35:05,851 [INFO] IPUIPlugin:80 - create IPUIPlugin
2025-06-27 10:35:05,851 [INFO] IPUIPlugin:80 - create IPUIPlugin
2025-06-27 10:35:05,851 [INFO] IPUIPlugin:80 - create IPUIPlugin
2025-06-27 10:35:05,852 [INFO] IPUIPlugin:80 - create IPUIPlugin
2025-06-27 10:35:05,852 [INFO] IPUIPlugin:80 - create IPUIPlugin
2025-06-27 10:35:05,852 [INFO] IPUIPlugin:80 - create IPUIPlugin
2025-06-27 10:35:05,853 [INFO] IPUIPlugin:80 - create IPUIPlugin
2025-06-27 10:35:05,853 [INFO] IPUIPlugin:80 - create IPUIPlugin
2025-06-27 10:35:05,853 [INFO] IPUIPlugin:80 - create IPUIPlugin
2025-06-27 10:35:05,853 [INFO] IPUIPlugin:80 - create IPUIPlugin
2025-06-27 10:35:05,854 [INFO] IPUIPlugin:80 - create IPUIPlugin
2025-06-27 10:35:05,854 [INFO] IPUIPlugin:80 - create IPUIPlugin
2025-06-27 10:35:05,854 [INFO] IPUIPlugin:80 - create IPUIPlugin
2025-06-27 10:35:05,854 [INFO] IPUIPlugin:80 - create IPUIPlugin
2025-06-27 10:35:05,855 [INFO] IPUIPlugin:80 - create IPUIPlugin
2025-06-27 10:35:05,855 [INFO] IPUIPlugin:80 - create IPUIPlugin
2025-06-27 10:35:05,855 [INFO] IPUIPlugin:80 - create IPUIPlugin
2025-06-27 10:35:05,856 [INFO] IPUIPlugin:80 - create IPUIPlugin
2025-06-27 10:35:05,856 [INFO] IPUIPlugin:80 - create IPUIPlugin
2025-06-27 10:35:05,856 [INFO] IPUIPlugin:80 - create IPUIPlugin
2025-06-27 10:35:05,856 [INFO] IPUIPlugin:80 - create IPUIPlugin
2025-06-27 10:35:05,857 [INFO] IPUIPlugin:80 - create IPUIPlugin
2025-06-27 10:35:05,857 [INFO] IPUIPlugin:80 - create IPUIPlugin
2025-06-27 10:35:05,857 [INFO] IPUIPlugin:80 - create IPUIPlugin
2025-06-27 10:35:05,857 [INFO] IPUIPlugin:80 - create IPUIPlugin
2025-06-27 10:35:05,858 [INFO] IPUIPlugin:80 - create IPUIPlugin
2025-06-27 10:35:05,859 [INFO] IPUIPlugin:80 - create IPUIPlugin
2025-06-27 10:35:05,859 [INFO] IPUIPlugin:80 - create IPUIPlugin
2025-06-27 10:35:05,859 [INFO] IPUIPlugin:80 - create IPUIPlugin
2025-06-27 10:35:05,860 [INFO] IPUIPlugin:80 - create IPUIPlugin
2025-06-27 10:35:05,860 [INFO] IPUIPlugin:80 - create IPUIPlugin
2025-06-27 10:35:05,860 [INFO] IPUIPlugin:80 - create IPUIPlugin
2025-06-27 10:35:05,861 [INFO] IPUIPlugin:80 - create IPUIPlugin
2025-06-27 10:35:05,861 [INFO] IPUIPlugin:80 - create IPUIPlugin
2025-06-27 10:35:05,861 [INFO] IPUIPlugin:80 - create IPUIPlugin
2025-06-27 10:35:05,862 [INFO] IPUIPlugin:80 - create IPUIPlugin
2025-06-27 10:35:05,862 [INFO] IPUIPlugin:80 - create IPUIPlugin
2025-06-27 10:35:05,862 [INFO] IPUIPlugin:80 - create IPUIPlugin
2025-06-27 10:35:05,863 [INFO] IPUIPlugin:80 - create IPUIPlugin
2025-06-27 10:35:05,863 [INFO] IPUIPlugin:80 - create IPUIPlugin
2025-06-27 10:35:05,864 [INFO] IPUIPlugin:80 - create IPUIPlugin
2025-06-27 10:35:05,864 [INFO] IPUIPlugin:80 - create IPUIPlugin
2025-06-27 10:35:05,865 [INFO] IPUIPlugin:80 - create IPUIPlugin
2025-06-27 10:35:05,865 [INFO] IPUIPlugin:80 - create IPUIPlugin
2025-06-27 10:35:05,866 [INFO] IPUIPlugin:80 - create IPUIPlugin
2025-06-27 10:35:05,866 [INFO] IPUIPlugin:80 - create IPUIPlugin
2025-06-27 10:35:05,890 [INFO] ApiDbMcu:508 - Load IP Config File for PDM2PCM
2025-06-27 10:35:05,942 [WARN] FreeRTOS:1023 - Null or empty value: should not occur! (nothing added to the table)
2025-06-27 10:35:06,145 [INFO] CADModel:165 - CPN selected for project levelSTM32H743VIT6
2025-06-27 10:35:06,145 [INFO] CADModel:114 - Register for checkConnection events
2025-06-27 10:35:06,148 [INFO] RtosManager:725 - Active RTOS found at IOC load: FREERTOS [Cortex-M7NS]
2025-06-27 10:35:06,223 [INFO] OpenFileManager:385 - Restore cursor
2025-06-27 10:35:12,822 [ERROR] RtosPanel:558 - Can not restore the selected Tab for FREERTOS(A reason can be that the tab is no more available.)
2025-06-27 15:28:27,054 [INFO] WebApp:194 - Connection lost
2025-06-27 15:28:30,319 [INFO] WebApp:191 - Connection restablished
2025-06-27 15:28:31,740 [INFO] WebApp:194 - Connection lost
2025-06-27 15:28:31,865 [INFO] WebApp:191 - Connection restablished
2025-06-27 15:48:37,204 [INFO] MainUpdater:2872 - connection check result : 10
2025-06-27 15:48:37,204 [INFO] MainUpdater:2872 - connection check result : 10
2025-06-27 15:48:37,379 [INFO] I2cTimingTraitement:330 - 0x307075B1
2025-06-27 15:48:37,404 [INFO] MicroXplorer:468 - Change Database Path : 
2025-06-27 15:48:37,404 [INFO] MicroXplorer:498 - Change Database Version : DB.6.0.140
2025-06-27 15:48:37,437 [ERROR] ProjectManagerView:394 - 
java.lang.NullPointerException: Cannot invoke "javax.swing.JTextField.getText()" because the return value of "java.util.List.get(int)" is null
	at com.st.microxplorer.plugins.projectmanager.gui.ProjectChoiceTab$9.caretUpdate(ProjectChoiceTab.java:2678) ~[filemanager.jar:?]
	at javax.swing.text.JTextComponent.fireCaretUpdate(JTextComponent.java:408) ~[?:?]
	at javax.swing.text.JTextComponent$MutableCaretEvent.fire(JTextComponent.java:4484) ~[?:?]
	at javax.swing.text.JTextComponent$MutableCaretEvent.stateChanged(JTextComponent.java:4506) ~[?:?]
	at javax.swing.text.DefaultCaret.fireStateChanged(DefaultCaret.java:857) ~[?:?]
	at javax.swing.text.DefaultCaret.changeCaretPosition(DefaultCaret.java:1343) ~[?:?]
	at javax.swing.text.DefaultCaret.handleSetDot(DefaultCaret.java:1242) ~[?:?]
	at javax.swing.text.DefaultCaret.setDot(DefaultCaret.java:1223) ~[?:?]
	at javax.swing.text.DefaultCaret$Handler.insertUpdate(DefaultCaret.java:1819) ~[?:?]
	at javax.swing.text.AbstractDocument.fireInsertUpdate(AbstractDocument.java:227) ~[?:?]
	at javax.swing.text.AbstractDocument.handleInsertString(AbstractDocument.java:781) ~[?:?]
	at javax.swing.text.AbstractDocument.insertString(AbstractDocument.java:740) ~[?:?]
	at javax.swing.text.PlainDocument.insertString(PlainDocument.java:131) ~[?:?]
	at javax.swing.text.AbstractDocument.replace(AbstractDocument.java:699) ~[?:?]
	at javax.swing.text.JTextComponent.setText(JTextComponent.java:1725) ~[?:?]
	at com.st.microxplorer.plugins.projectmanager.gui.ProjectChoiceTab.createHeapStackFields(ProjectChoiceTab.java:979) ~[filemanager.jar:?]
	at com.st.microxplorer.plugins.projectmanager.gui.ProjectChoiceTab.buildLinkSettingsPanel(ProjectChoiceTab.java:3766) ~[filemanager.jar:?]
	at com.st.microxplorer.plugins.projectmanager.gui.ProjectChoiceTab.defineWindowsFields(ProjectChoiceTab.java:1962) ~[filemanager.jar:?]
	at com.st.microxplorer.plugins.projectmanager.gui.ProjectChoiceTab.updateSettings(ProjectChoiceTab.java:555) ~[filemanager.jar:?]
	at com.st.microxplorer.plugins.projectmanager.gui.ProjectSettingsPanel.UpdateDialog(ProjectSettingsPanel.java:245) ~[filemanager.jar:?]
	at com.st.microxplorer.plugins.projectmanager.ProjectManagerView.propertyChange(ProjectManagerView.java:391) ~[filemanager.jar:?]
	at java.beans.PropertyChangeSupport.fire(PropertyChangeSupport.java:343) ~[?:?]
	at java.beans.PropertyChangeSupport.firePropertyChange(PropertyChangeSupport.java:335) ~[?:?]
	at java.beans.PropertyChangeSupport.firePropertyChange(PropertyChangeSupport.java:268) ~[?:?]
	at com.st.microxplorer.util.MXPropertyChangeSupport.firePropertyChange(MXPropertyChangeSupport.java:54) ~[STM32CubeMX.jar:?]
	at com.st.microxplorer.mxsystem.MxSystem.closeConfig(MxSystem.java:899) ~[STM32CubeMX.jar:?]
	at com.st.microxplorer.maingui.MainPanel.closeConfig(MainPanel.java:789) ~[STM32CubeMX.jar:?]
	at com.st.microxplorer.plugins.filemanager.engine.OpenFileManager.loadConfigurationFile(OpenFileManager.java:287) ~[filemanager.jar:?]
	at com.st.microxplorer.plugins.filemanager.engine.MainFileManager.userLoadConfig(MainFileManager.java:341) ~[filemanager.jar:?]
	at com.st.microxplorer.plugins.filemanager.engine.MainFileManager.userLoadConfig(MainFileManager.java:319) ~[filemanager.jar:?]
	at com.st.microxplorer.plugins.filemanager.FileManagerView.getSpecificTask(FileManagerView.java:246) ~[filemanager.jar:?]
	at com.st.stm32cube.common.mx.editor.CubeMxEditor.getMxTabbedPaneInstance(CubeMxEditor.java:1198) ~[com.st.stm32cube.common.mx_6.14.0.202502271554/:?]
	at com.st.stm32cube.common.mx.editor.CubeMxEditor$12$1.createSwingComponent(CubeMxEditor.java:1068) ~[com.st.stm32cube.common.mx_6.14.0.202502271554/:?]
	at com.st.stm32cube.common.mx.oss.core.awtswtbridge.EmbeddedSwingComposite.doComponentCreation(EmbeddedSwingComposite.java:492) ~[com.st.stm32cube.common.mx.oss_6.14.0.202502271554/:?]
	at com.st.stm32cube.common.mx.oss.core.awtswtbridge.EmbeddedSwingComposite$4.run(EmbeddedSwingComposite.java:291) ~[com.st.stm32cube.common.mx.oss_6.14.0.202502271554/:?]
	at com.st.stm32cube.common.mx.oss.core.awtswtbridge.AwtEnvironment$2.run(AwtEnvironment.java:166) ~[com.st.stm32cube.common.mx.oss_6.14.0.202502271554/:?]
	at java.awt.event.InvocationEvent.dispatch(InvocationEvent.java:318) ~[?:?]
	at java.awt.EventQueue.dispatchEventImpl(EventQueue.java:773) ~[?:?]
	at java.awt.EventQueue$4.run(EventQueue.java:720) ~[?:?]
	at java.awt.EventQueue$4.run(EventQueue.java:714) ~[?:?]
	at java.security.AccessController.doPrivileged(AccessController.java:400) ~[?:?]
	at java.security.ProtectionDomain$JavaSecurityAccessImpl.doIntersectionPrivilege(ProtectionDomain.java:87) ~[?:?]
	at java.awt.EventQueue.dispatchEvent(EventQueue.java:742) ~[?:?]
	at java.awt.EventDispatchThread.pumpOneEventForFilters(EventDispatchThread.java:203) ~[?:?]
	at java.awt.EventDispatchThread.pumpEventsForFilter(EventDispatchThread.java:124) ~[?:?]
	at java.awt.EventDispatchThread.pumpEventsForHierarchy(EventDispatchThread.java:113) ~[?:?]
	at java.awt.EventDispatchThread.pumpEvents(EventDispatchThread.java:109) ~[?:?]
	at java.awt.EventDispatchThread.pumpEvents(EventDispatchThread.java:101) ~[?:?]
	at java.awt.EventDispatchThread.run(EventDispatchThread.java:90) ~[?:?]
2025-06-27 15:48:37,446 [WARN] ThirdParty:871 - waiting for thirdparty lock release [close project]
2025-06-27 15:48:37,446 [INFO] ThirdParty:873 - entering critical section [close project]
2025-06-27 15:48:37,446 [INFO] ThirdParty:883 - exiting critical section [close project]
2025-06-27 15:48:37,453 [INFO] PinOutPanel:1589 - setPackage(No Configuration,No Configuration)
2025-06-27 15:48:37,468 [WARN] IpParametersView:155 - Warning: This peripheral hasn't parameters
2025-06-27 15:48:37,487 [WARN] MainPanel:289 - <html><b><center>Warning: This peripheral has no parameters to be configured<br></b></html>
2025-06-27 15:48:37,502 [INFO] UtilMem:75 - Begin LoadConfig() Used Memory: 907686648 Bytes (1073741824)
2025-06-27 15:48:37,503 [INFO] MicroXplorer:468 - Change Database Path : 
2025-06-27 15:48:37,503 [INFO] MicroXplorer:498 - Change Database Version : DB.6.0.140
2025-06-27 15:48:37,504 [INFO] OpenFileManager:354 - Change cursor
2025-06-27 15:48:37,524 [INFO] Mcu:2011 - Initializing MCU STM32H743VITx STM32H743VITx STM32H743VIT6
2025-06-27 15:48:40,498 [INFO] Context:756 - Trying to add GPIOservice into a context  which must be forbidden
2025-06-27 15:48:41,964 [INFO] ImportTextPane:218 - (OptionalMessage_ERROR) Pin37 (VP_RIF_VS_RIF1) cannot be retrieved for this MCU
2025-06-27 15:48:42,103 [INFO] RtosManager:558 - Registered RTOS mode: class=CMSIS, group=RTOS, mode=CMSIS_V1, owner=FREERTOS
2025-06-27 15:48:42,104 [INFO] RtosManager:558 - Registered RTOS mode: class=CMSIS, group=RTOS2, mode=CMSIS_V2, owner=FREERTOS
2025-06-27 15:48:42,104 [INFO] RtosManager:558 - Registered RTOS mode: class=RTOS, group=Core, mode=CMSIS_V1, owner=FREERTOS
2025-06-27 15:48:42,104 [INFO] RtosManager:558 - Registered RTOS mode: class=RTOS, group=Core, mode=CMSIS_V2, owner=FREERTOS
2025-06-27 15:48:42,104 [WARN] ModelIntegratedComponent:184 - Missing modes for component STMicroelectronics:FreeRTOS:0.0.1:STMicroelectronics:RTOS:FreeRTOS:Core:::10.2.0:
2025-06-27 15:48:42,113 [WARN] ModelIntegratedComponent:63 - No mode defined for component null
2025-06-27 15:48:42,113 [WARN] ModelIntegratedComponent:63 - No mode defined for component null
2025-06-27 15:48:42,113 [WARN] ModelIntegratedComponent:63 - No mode defined for component null
2025-06-27 15:48:42,113 [WARN] ModelIntegratedComponent:63 - No mode defined for component null
2025-06-27 15:48:42,113 [WARN] ModelIntegratedComponent:63 - No mode defined for component null
2025-06-27 15:48:42,113 [WARN] ModelIntegratedComponent:63 - No mode defined for component null
2025-06-27 15:48:42,114 [WARN] ModelIntegratedComponent:63 - No mode defined for component null
2025-06-27 15:48:42,114 [WARN] ModelIntegratedComponent:63 - No mode defined for component null
2025-06-27 15:48:42,114 [WARN] ModelIntegratedComponent:63 - No mode defined for component null
2025-06-27 15:48:42,114 [WARN] ModelIntegratedComponent:63 - No mode defined for component null
2025-06-27 15:48:42,114 [WARN] ModelIntegratedComponent:63 - No mode defined for component null
2025-06-27 15:48:42,114 [WARN] ModelIntegratedComponent:63 - No mode defined for component null
2025-06-27 15:48:42,114 [WARN] ModelIntegratedComponent:63 - No mode defined for component null
2025-06-27 15:48:42,114 [WARN] ModelIntegratedComponent:63 - No mode defined for component null
2025-06-27 15:48:42,114 [WARN] ModelIntegratedComponent:63 - No mode defined for component null
2025-06-27 15:48:42,114 [WARN] ModelIntegratedComponent:63 - No mode defined for component null
2025-06-27 15:48:42,114 [WARN] ModelIntegratedComponent:63 - No mode defined for component null
2025-06-27 15:48:42,114 [WARN] ModelIntegratedComponent:63 - No mode defined for component null
2025-06-27 15:48:42,114 [WARN] ModelIntegratedComponent:63 - No mode defined for component null
2025-06-27 15:48:42,114 [WARN] ModelIntegratedComponent:63 - No mode defined for component null
2025-06-27 15:48:42,114 [WARN] ModelIntegratedComponent:63 - No mode defined for component null
2025-06-27 15:48:42,114 [WARN] ModelIntegratedComponent:63 - No mode defined for component null
2025-06-27 15:48:42,115 [WARN] ModelIntegratedComponent:63 - No mode defined for component null
2025-06-27 15:48:42,115 [WARN] ModelIntegratedComponent:63 - No mode defined for component null
2025-06-27 15:48:42,115 [WARN] ModelIntegratedComponent:63 - No mode defined for component null
2025-06-27 15:48:42,115 [WARN] ModelIntegratedComponent:63 - No mode defined for component null
2025-06-27 15:48:42,115 [WARN] ModelIntegratedComponent:63 - No mode defined for component null
2025-06-27 15:48:42,115 [WARN] ModelIntegratedComponent:63 - No mode defined for component null
2025-06-27 15:48:42,115 [WARN] ModelIntegratedComponent:63 - No mode defined for component null
2025-06-27 15:48:42,115 [WARN] ModelIntegratedComponent:63 - No mode defined for component null
2025-06-27 15:48:42,115 [WARN] ModelIntegratedComponent:63 - No mode defined for component null
2025-06-27 15:48:42,115 [WARN] ModelIntegratedComponent:63 - No mode defined for component null
2025-06-27 15:48:42,115 [WARN] ModelIntegratedComponent:63 - No mode defined for component null
2025-06-27 15:48:42,115 [WARN] ModelIntegratedComponent:63 - No mode defined for component null
2025-06-27 15:48:42,115 [WARN] ModelIntegratedComponent:63 - No mode defined for component null
2025-06-27 15:48:42,116 [WARN] ModelPack:524 - Component already loaded: STMicroelectronics:HAL Drivers:0.0.0:STMicroelectronics:Device:STMicro_Driver:XSPI:HAL::0.0.1:HAL_XSPI
2025-06-27 15:48:42,248 [INFO] ThirdPartyModel:298 - Start build external matchings
2025-06-27 15:48:43,211 [INFO] ThirdPartyModel:316 - End build external matchings
2025-06-27 15:48:43,237 [INFO] RtosManager:967 - Current active RTOS is FREERTOS [Cortex-M7NS]
2025-06-27 15:48:43,240 [INFO] ImportTextPane:218 - (OptionalMessage_ERROR) IP (DMA) : Parameter (Instance) has Id (TIM3_CH1) currently not set
2025-06-27 15:48:43,240 [INFO] ImportTextPane:218 - (OptionalMessage_ERROR) IP (DMA) : Parameter (Request) has Id (TIM3_CH1) currently not set
2025-06-27 15:48:43,240 [INFO] ImportTextPane:218 - (OptionalMessage_ERROR) IP (DMA) : Parameter (Direction) has Id (TIM3_CH1) currently not set
2025-06-27 15:48:43,240 [INFO] ImportTextPane:218 - (OptionalMessage_ERROR) IP (DMA) : Parameter (PeriphInc) has Id (TIM3_CH1) currently not set
2025-06-27 15:48:43,241 [INFO] ImportTextPane:218 - (OptionalMessage_ERROR) IP (DMA) : Parameter (MemInc) has Id (TIM3_CH1) currently not set
2025-06-27 15:48:43,241 [INFO] ImportTextPane:218 - (OptionalMessage_ERROR) IP (DMA) : Parameter (PeriphDataAlignment) has Id (TIM3_CH1) currently not set
2025-06-27 15:48:43,241 [INFO] ImportTextPane:218 - (OptionalMessage_ERROR) IP (DMA) : Parameter (MemDataAlignment) has Id (TIM3_CH1) currently not set
2025-06-27 15:48:43,241 [INFO] ImportTextPane:218 - (OptionalMessage_ERROR) IP (DMA) : Parameter (Mode) has Id (TIM3_CH1) currently not set
2025-06-27 15:48:43,241 [INFO] ImportTextPane:218 - (OptionalMessage_ERROR) IP (DMA) : Parameter (Priority) has Id (TIM3_CH1) currently not set
2025-06-27 15:48:43,241 [INFO] ImportTextPane:218 - (OptionalMessage_ERROR) IP (DMA) : Parameter (FIFOMode) has Id (TIM3_CH1) currently not set
2025-06-27 15:48:43,241 [INFO] ImportTextPane:218 - (OptionalMessage_ERROR) IP (DMA) : Parameter (SignalID) has Id (TIM3_CH1) currently not set
2025-06-27 15:48:43,241 [INFO] ImportTextPane:218 - (OptionalMessage_ERROR) IP (DMA) : Parameter (Polarity) has Id (TIM3_CH1) currently not set
2025-06-27 15:48:43,241 [INFO] ImportTextPane:218 - (OptionalMessage_ERROR) IP (DMA) : Parameter (RequestNumber) has Id (TIM3_CH1) currently not set
2025-06-27 15:48:43,241 [INFO] ImportTextPane:218 - (OptionalMessage_ERROR) IP (DMA) : Parameter (SyncSignalID) has Id (TIM3_CH1) currently not set
2025-06-27 15:48:43,241 [INFO] ImportTextPane:218 - (OptionalMessage_ERROR) IP (DMA) : Parameter (SyncPolarity) has Id (TIM3_CH1) currently not set
2025-06-27 15:48:43,242 [INFO] ImportTextPane:218 - (OptionalMessage_ERROR) IP (DMA) : Parameter (SyncEnable) has Id (TIM3_CH1) currently not set
2025-06-27 15:48:43,242 [INFO] ImportTextPane:218 - (OptionalMessage_ERROR) IP (DMA) : Parameter (EventEnable) has Id (TIM3_CH1) currently not set
2025-06-27 15:48:43,242 [INFO] ImportTextPane:218 - (OptionalMessage_ERROR) IP (DMA) : Parameter (SyncRequestNumber) has Id (TIM3_CH1) currently not set
2025-06-27 15:48:43,242 [INFO] ImportTextPane:218 - (OptionalMessage_ERROR) IP (DMA) : Parameter (Instance) has Id (TIM3_CH2) currently not set
2025-06-27 15:48:43,242 [INFO] ImportTextPane:218 - (OptionalMessage_ERROR) IP (DMA) : Parameter (Request) has Id (TIM3_CH2) currently not set
2025-06-27 15:48:43,242 [INFO] ImportTextPane:218 - (OptionalMessage_ERROR) IP (DMA) : Parameter (Direction) has Id (TIM3_CH2) currently not set
2025-06-27 15:48:43,242 [INFO] ImportTextPane:218 - (OptionalMessage_ERROR) IP (DMA) : Parameter (PeriphInc) has Id (TIM3_CH2) currently not set
2025-06-27 15:48:43,242 [INFO] ImportTextPane:218 - (OptionalMessage_ERROR) IP (DMA) : Parameter (MemInc) has Id (TIM3_CH2) currently not set
2025-06-27 15:48:43,242 [INFO] ImportTextPane:218 - (OptionalMessage_ERROR) IP (DMA) : Parameter (PeriphDataAlignment) has Id (TIM3_CH2) currently not set
2025-06-27 15:48:43,243 [INFO] ImportTextPane:218 - (OptionalMessage_ERROR) IP (DMA) : Parameter (MemDataAlignment) has Id (TIM3_CH2) currently not set
2025-06-27 15:48:43,243 [INFO] ImportTextPane:218 - (OptionalMessage_ERROR) IP (DMA) : Parameter (Mode) has Id (TIM3_CH2) currently not set
2025-06-27 15:48:43,243 [INFO] ImportTextPane:218 - (OptionalMessage_ERROR) IP (DMA) : Parameter (Priority) has Id (TIM3_CH2) currently not set
2025-06-27 15:48:43,243 [INFO] ImportTextPane:218 - (OptionalMessage_ERROR) IP (DMA) : Parameter (FIFOMode) has Id (TIM3_CH2) currently not set
2025-06-27 15:48:43,243 [INFO] ImportTextPane:218 - (OptionalMessage_ERROR) IP (DMA) : Parameter (SignalID) has Id (TIM3_CH2) currently not set
2025-06-27 15:48:43,243 [INFO] ImportTextPane:218 - (OptionalMessage_ERROR) IP (DMA) : Parameter (Polarity) has Id (TIM3_CH2) currently not set
2025-06-27 15:48:43,243 [INFO] ImportTextPane:218 - (OptionalMessage_ERROR) IP (DMA) : Parameter (RequestNumber) has Id (TIM3_CH2) currently not set
2025-06-27 15:48:43,243 [INFO] ImportTextPane:218 - (OptionalMessage_ERROR) IP (DMA) : Parameter (SyncSignalID) has Id (TIM3_CH2) currently not set
2025-06-27 15:48:43,243 [INFO] ImportTextPane:218 - (OptionalMessage_ERROR) IP (DMA) : Parameter (SyncPolarity) has Id (TIM3_CH2) currently not set
2025-06-27 15:48:43,243 [INFO] ImportTextPane:218 - (OptionalMessage_ERROR) IP (DMA) : Parameter (SyncEnable) has Id (TIM3_CH2) currently not set
2025-06-27 15:48:43,243 [INFO] ImportTextPane:218 - (OptionalMessage_ERROR) IP (DMA) : Parameter (EventEnable) has Id (TIM3_CH2) currently not set
2025-06-27 15:48:43,243 [INFO] ImportTextPane:218 - (OptionalMessage_ERROR) IP (DMA) : Parameter (SyncRequestNumber) has Id (TIM3_CH2) currently not set
2025-06-27 15:48:43,250 [INFO] ImportTextPane:218 - (OptionalMessage_ERROR) IP (RCC) : Parameter (DFSDMACLkFreq_Value) has invalid value (480000000)
2025-06-27 15:48:43,254 [INFO] ImportTextPane:218 - (OptionalMessage_ERROR) IP (RCC) : Parameter (FDCANFreq_Value) has invalid value (480000000)
2025-06-27 15:48:43,255 [INFO] ImportTextPane:218 - (OptionalMessage_ERROR) IP (RCC) : Invalid parameter (FamilyName)
2025-06-27 15:48:43,255 [INFO] ImportTextPane:218 - (OptionalMessage_ERROR) IP (RCC) : Parameter (SAI1Freq_Value) has invalid value (480000000)
2025-06-27 15:48:43,255 [INFO] ImportTextPane:218 - (OptionalMessage_ERROR) IP (RCC) : Parameter (SAI23Freq_Value) has invalid value (480000000)
2025-06-27 15:48:43,255 [INFO] ImportTextPane:218 - (OptionalMessage_ERROR) IP (RCC) : Parameter (SAI4AFreq_Value) has invalid value (480000000)
2025-06-27 15:48:43,255 [INFO] ImportTextPane:218 - (OptionalMessage_ERROR) IP (RCC) : Parameter (SAI4BFreq_Value) has invalid value (480000000)
2025-06-27 15:48:43,255 [INFO] ImportTextPane:218 - (OptionalMessage_ERROR) IP (RCC) : Parameter (SDMMCFreq_Value) has invalid value (480000000)
2025-06-27 15:48:43,255 [INFO] ImportTextPane:218 - (OptionalMessage_ERROR) IP (RCC) : Parameter (SPDIFRXFreq_Value) has invalid value (480000000)
2025-06-27 15:48:43,255 [INFO] ImportTextPane:218 - (OptionalMessage_ERROR) IP (RCC) : Parameter (SPI123Freq_Value) has invalid value (480000000)
2025-06-27 15:48:43,255 [INFO] ImportTextPane:218 - (OptionalMessage_ERROR) IP (RCC) : Parameter (USBFreq_Value) has invalid value (480000000)
2025-06-27 15:48:43,743 [INFO] UtilMem:75 - End LoadConfig() Used Memory: 911820440 Bytes (1073741824)
2025-06-27 15:48:43,777 [WARN] ThirdParty:833 - waiting for thirdparty lock release [change project]
2025-06-27 15:48:43,777 [INFO] ThirdParty:835 - entering critical section [change project]
2025-06-27 15:48:43,777 [INFO] ThirdParty:1030 - CMSIS Pack Vendor :STMicroelectronics X-CUBE-PM33A1 1.0.0
2025-06-27 15:48:43,778 [INFO] ThirdParty:1030 - CMSIS Pack Vendor :STMicroelectronics USBPD 4.1
2025-06-27 15:48:43,778 [INFO] ThirdParty:1030 - CMSIS Pack Vendor :STMicroelectronics X-CUBE-AZRTOS-H7 3.3.0
2025-06-27 15:48:43,778 [INFO] ThirdParty:1030 - CMSIS Pack Vendor :STMicroelectronics X-CUBE-NFC9 1.0.0
2025-06-27 15:48:43,778 [INFO] ThirdParty:1030 - CMSIS Pack Vendor :STMicroelectronics USB_HOST 2.0.0
2025-06-27 15:48:43,778 [INFO] ThirdParty:1030 - CMSIS Pack Vendor :STMicroelectronics FP-SNS-MOTENVWB1 1.4.0
2025-06-27 15:48:43,778 [INFO] ThirdParty:1030 - CMSIS Pack Vendor :STMicroelectronics X-CUBE-AZRTOS-F4 1.1.0
2025-06-27 15:48:43,778 [INFO] ThirdParty:1030 - CMSIS Pack Vendor :STMicroelectronics LIBJPEG 8.0.0
2025-06-27 15:48:43,778 [INFO] ThirdParty:1030 - CMSIS Pack Vendor :STMicroelectronics FP-ATR-ASTRA1 2.0.2
2025-06-27 15:48:43,778 [INFO] ThirdParty:1030 - CMSIS Pack Vendor :STMicroelectronics X-CUBE-BLE1 7.1.0
2025-06-27 15:48:43,778 [INFO] ThirdParty:1030 - CMSIS Pack Vendor :Avnet-IotConnect X-CUBE-IoTC-DA16k-PMOD 1.0.0
2025-06-27 15:48:43,778 [INFO] ThirdParty:1030 - CMSIS Pack Vendor :STMicroelectronics X-CUBE-SMBUS 2.1.0
2025-06-27 15:48:43,778 [INFO] ThirdParty:1030 - CMSIS Pack Vendor :STMicroelectronics X-CUBE-WB05N 1.1.0
2025-06-27 15:48:43,778 [INFO] ThirdParty:1030 - CMSIS Pack Vendor :wolfSSL I-CUBE-wolfMQTT 1.19.2
2025-06-27 15:48:43,778 [INFO] ThirdParty:1030 - CMSIS Pack Vendor :STMicroelectronics USB_DEVICE 3.0.0
2025-06-27 15:48:43,778 [INFO] ThirdParty:1030 - CMSIS Pack Vendor :STMicroelectronics X-CUBE-ISPU 2.1.0
2025-06-27 15:48:43,778 [INFO] ThirdParty:1030 - CMSIS Pack Vendor :STMicroelectronics X-CUBE-AZRTOS-WB 2.0.0
2025-06-27 15:48:43,778 [INFO] ThirdParty:1030 - CMSIS Pack Vendor :STMicroelectronics X-CUBE-ST60 1.0.0
2025-06-27 15:48:43,778 [INFO] ThirdParty:1030 - CMSIS Pack Vendor :STMicroelectronics X-CUBE-GNSS1 7.0.1
2025-06-27 15:48:43,778 [INFO] ThirdParty:1030 - CMSIS Pack Vendor :STMicroelectronics X-CUBE-AZRTOS-F7 1.1.0
2025-06-27 15:48:43,779 [INFO] ThirdParty:1030 - CMSIS Pack Vendor :STMicroelectronics X-CUBE-AZRTOS-L5 2.0.0
2025-06-27 15:48:43,779 [INFO] ThirdParty:1030 - CMSIS Pack Vendor :STMicroelectronics X-CUBE-TOUCHGFX 4.25.0
2025-06-27 15:48:43,779 [INFO] ThirdParty:1030 - CMSIS Pack Vendor :STMicroelectronics USB_DEVICE 2.0.0
2025-06-27 15:48:43,779 [INFO] ThirdParty:1030 - CMSIS Pack Vendor :STMicroelectronics X-CUBE-NFC6 3.1.0
2025-06-27 15:48:43,779 [INFO] ThirdParty:1030 - CMSIS Pack Vendor :STMicroelectronics X-CUBE-AI 10.1.0
2025-06-27 15:48:43,779 [INFO] ThirdParty:1030 - CMSIS Pack Vendor :STMicroelectronics FP-SNS-STBOX1 2.0.0
2025-06-27 15:48:43,779 [INFO] ThirdParty:1030 - CMSIS Pack Vendor :STMicroelectronics X-CUBE-MEMS1 11.2.0
2025-06-27 15:48:43,779 [INFO] ThirdParty:1030 - CMSIS Pack Vendor :STMicroelectronics FreeRTOS 0.0.1
2025-06-27 15:48:43,779 [INFO] ThirdParty:1030 - CMSIS Pack Vendor :STMicroelectronics X-CUBE-AZRTOS-G0 1.1.0
2025-06-27 15:48:43,779 [INFO] ThirdParty:1030 - CMSIS Pack Vendor :STMicroelectronics X-CUBE-SAFEA1 1.2.2
2025-06-27 15:48:43,779 [INFO] ThirdParty:1030 - CMSIS Pack Vendor :STMicroelectronics X-CUBE-NFC4 3.0.0
2025-06-27 15:48:43,779 [INFO] ThirdParty:1030 - CMSIS Pack Vendor :STMicroelectronics X-CUBE-DPower 1.2.0
2025-06-27 15:48:43,779 [INFO] ThirdParty:1030 - CMSIS Pack Vendor :STMicroelectronics X-CUBE-SUBG2 5.0.0
2025-06-27 15:48:43,779 [INFO] ThirdParty:1030 - CMSIS Pack Vendor :STMicroelectronics X-CUBE-AZRTOS-H7RS 1.1.0
2025-06-27 15:48:43,779 [INFO] ThirdParty:1030 - CMSIS Pack Vendor :STMicroelectronics STM32_WPAN 1.0.0
2025-06-27 15:48:43,779 [INFO] ThirdParty:1030 - CMSIS Pack Vendor :EmbeddedOffice I-CUBE-FS-RTOS 1.0.1
2025-06-27 15:48:43,779 [INFO] ThirdParty:1030 - CMSIS Pack Vendor :STMicroelectronics lwIP 2.0.3
2025-06-27 15:48:43,779 [INFO] ThirdParty:1030 - CMSIS Pack Vendor :STMicroelectronics FP-SNS-FLIGHT1 5.0.2
2025-06-27 15:48:43,779 [INFO] ThirdParty:1030 - CMSIS Pack Vendor :Cesanta I-CUBE-Mongoose 7.13.0
2025-06-27 15:48:43,779 [INFO] ThirdParty:1030 - CMSIS Pack Vendor :STMicroelectronics USB_HOST 1.0.0
2025-06-27 15:48:43,779 [INFO] ThirdParty:1030 - CMSIS Pack Vendor :Infineon AIROC-Wi-Fi-Bluetooth-STM32 1.7.0
2025-06-27 15:48:43,779 [INFO] ThirdParty:1030 - CMSIS Pack Vendor :STMicroelectronics X-CUBE-AZRTOS-G4 2.0.0
2025-06-27 15:48:43,779 [INFO] ThirdParty:1030 - CMSIS Pack Vendor :STMicroelectronics X-CUBE-WB05N 2.0.0
2025-06-27 15:48:43,779 [INFO] ThirdParty:1030 - CMSIS Pack Vendor :STMicroelectronics PDM2PCM 3.1.0
2025-06-27 15:48:43,780 [INFO] ThirdParty:1030 - CMSIS Pack Vendor :STMicroelectronics PDM2PCM 3.3.0
2025-06-27 15:48:43,780 [INFO] ThirdParty:1030 - CMSIS Pack Vendor :wolfSSL I-CUBE-wolfTPM 3.8.0
2025-06-27 15:48:43,780 [INFO] ThirdParty:1030 - CMSIS Pack Vendor :STMicroelectronics X-CUBE-DISPLAY 3.0.0
2025-06-27 15:48:43,780 [INFO] ThirdParty:1030 - CMSIS Pack Vendor :wolfSSL I-CUBE-wolfSSH 1.4.20
2025-06-27 15:48:43,780 [INFO] ThirdParty:1030 - CMSIS Pack Vendor :STMicroelectronics X-CUBE-NFC7 2.0.0
2025-06-27 15:48:43,780 [INFO] ThirdParty:1030 - CMSIS Pack Vendor :STMicroelectronics X-CUBE-TCPP 4.2.0
2025-06-27 15:48:43,780 [INFO] ThirdParty:1030 - CMSIS Pack Vendor :RealThread X-CUBE-RT-Thread_Nano 4.1.1
2025-06-27 15:48:43,780 [INFO] ThirdParty:1030 - CMSIS Pack Vendor :STMicroelectronics FP-ATR-SIGFOX1 3.2.0
2025-06-27 15:48:43,780 [INFO] ThirdParty:1030 - CMSIS Pack Vendor :STMicroelectronics X-CUBE-NFC10 1.0.0
2025-06-27 15:48:43,780 [INFO] ThirdParty:1030 - CMSIS Pack Vendor :STMicroelectronics X-CUBE-BLEMGR 4.0.0
2025-06-27 15:48:43,780 [INFO] ThirdParty:1030 - CMSIS Pack Vendor :STMicroelectronics X-CUBE-EEPRMA1 5.1.0
2025-06-27 15:48:43,780 [INFO] ThirdParty:1030 - CMSIS Pack Vendor :STMicroelectronics X-CUBE-FREERTOS 1.3.1
2025-06-27 15:48:43,780 [INFO] ThirdParty:1030 - CMSIS Pack Vendor :STMicroelectronics HAL Drivers 0.0.0
2025-06-27 15:48:43,780 [INFO] ThirdParty:1030 - CMSIS Pack Vendor :STMicroelectronics MBEDTLS 2.16.2
2025-06-27 15:48:43,780 [INFO] ThirdParty:1030 - CMSIS Pack Vendor :STMicroelectronics X-CUBE-IPS 3.1.0
2025-06-27 15:48:43,780 [INFO] ThirdParty:1030 - CMSIS Pack Vendor :STMicroelectronics X-CUBE-ALS 1.0.2
2025-06-27 15:48:43,780 [INFO] ThirdParty:1030 - CMSIS Pack Vendor :emotas I-CUBE-CANOPEN 1.3.0
2025-06-27 15:48:43,780 [INFO] ThirdParty:1030 - CMSIS Pack Vendor :STMicroelectronics X-CUBE-FREERTOS 1.3.0
2025-06-27 15:48:43,780 [INFO] ThirdParty:1030 - CMSIS Pack Vendor :STMicroelectronics X-CUBE-NFC7 1.0.1
2025-06-27 15:48:43,780 [INFO] ThirdParty:1030 - CMSIS Pack Vendor :STMicroelectronics MBEDTLS 2.14.1
2025-06-27 15:48:43,780 [INFO] ThirdParty:1030 - CMSIS Pack Vendor :wolfSSL I-CUBE-wolfSSL 5.7.6
2025-06-27 15:48:43,780 [INFO] ThirdParty:1030 - CMSIS Pack Vendor :ITTIA_DB I-CUBE-ITTIADB 8.9.0
2025-06-27 15:48:43,780 [INFO] ThirdParty:1030 - CMSIS Pack Vendor :STMicroelectronics X-CUBE-TOUCHGFX 4.24.2
2025-06-27 15:48:43,780 [INFO] ThirdParty:1030 - CMSIS Pack Vendor :portGmbH I-Cube-SoM-uGOAL 1.1.0
2025-06-27 15:48:43,780 [INFO] ThirdParty:1030 - CMSIS Pack Vendor :quantropi X-CUBE-qispace-sdk-base 2.0.0
2025-06-27 15:48:43,781 [INFO] ThirdParty:1030 - CMSIS Pack Vendor :STMicroelectronics X-CUBE-AI 10.0.0
2025-06-27 15:48:43,781 [INFO] ThirdParty:1030 - CMSIS Pack Vendor :STMicroelectronics X-CUBE-ST67W61 1.0.0
2025-06-27 15:48:43,781 [INFO] ThirdParty:1030 - CMSIS Pack Vendor :STMicroelectronics FP-SNS-STAIOTCFT 1.0.0
2025-06-27 15:48:43,781 [INFO] ThirdParty:1030 - CMSIS Pack Vendor :STMicroelectronics ThreadX 1.0.0
2025-06-27 15:48:43,781 [INFO] ThirdParty:1030 - CMSIS Pack Vendor :STMicroelectronics FP-SNS-SMARTAG2 1.2.0
2025-06-27 15:48:43,781 [INFO] ThirdParty:1030 - CMSIS Pack Vendor :STMicroelectronics FP-SNS-FLIGHT1 5.1.0
2025-06-27 15:48:43,781 [INFO] ThirdParty:1030 - CMSIS Pack Vendor :STMicroelectronics X-CUBE-MEMS1 11.1.0
2025-06-27 15:48:43,781 [INFO] ThirdParty:1030 - CMSIS Pack Vendor :STMicroelectronics X-CUBE-AZRTOS-WL 2.0.0
2025-06-27 15:48:43,781 [INFO] ThirdParty:1030 - CMSIS Pack Vendor :SEGGER I-CUBE-embOS 1.3.1
2025-06-27 15:48:43,781 [INFO] ThirdParty:1030 - CMSIS Pack Vendor :STMicroelectronics X-CUBE-ALGOBUILD 1.4.0
2025-06-27 15:48:43,781 [INFO] ThirdParty:1030 - CMSIS Pack Vendor :STMicroelectronics X-CUBE-DPower 1.3.0
2025-06-27 15:48:43,781 [INFO] ThirdParty:1030 - CMSIS Pack Vendor :STMicroelectronics X-CUBE-MEMS1 11.3.0
2025-06-27 15:48:43,781 [INFO] ThirdParty:1030 - CMSIS Pack Vendor :STMicroelectronics FP-SNS-MOTENV1 5.0.0
2025-06-27 15:48:43,781 [INFO] ThirdParty:1030 - CMSIS Pack Vendor :STMicroelectronics USB_DEVICE 1.0.0
2025-06-27 15:48:43,781 [INFO] ThirdParty:1030 - CMSIS Pack Vendor :STMicroelectronics X-CUBE-AZRTOS-H7RS 1.0.0
2025-06-27 15:48:43,781 [INFO] ThirdParty:1030 - CMSIS Pack Vendor :STMicroelectronics X-CUBE-AZRTOS-L4 2.0.0
2025-06-27 15:48:43,781 [INFO] ThirdParty:1030 - CMSIS Pack Vendor :STMicroelectronics ThreadX 0.0.2
2025-06-27 15:48:43,781 [INFO] ThirdParty:1030 - CMSIS Pack Vendor :WES I-CUBE-Cesium 1.3.0
2025-06-27 15:48:43,781 [INFO] ThirdParty:1030 - CMSIS Pack Vendor :STMicroelectronics lwIP 2.1.2
2025-06-27 15:48:43,781 [INFO] ThirdParty:1030 - CMSIS Pack Vendor :STMicroelectronics X-CUBE-SFXS2LP1 4.0.0
2025-06-27 15:48:43,781 [INFO] ThirdParty:1030 - CMSIS Pack Vendor :STMicroelectronics X-CUBE-BLE2 3.3.0
2025-06-27 15:48:43,781 [INFO] ThirdParty:1030 - CMSIS Pack Vendor :STMicroelectronics X-CUBE-TOF1 3.4.2
2025-06-27 15:48:43,781 [INFO] ThirdParty:1030 - CMSIS Pack Vendor :STMicroelectronics X-CUBE-TOF1 3.4.3
2025-06-27 15:48:43,781 [INFO] ThirdParty:1030 - CMSIS Pack Vendor :STMicroelectronics PDM2PCM 3.2.0
2025-06-27 15:48:43,782 [INFO] ThirdParty:841 - exiting critical section [change project]
2025-06-27 15:48:44,285 [INFO] PinOutPanel:1589 - setPackage(No Configuration,No Configuration)
2025-06-27 15:48:44,286 [INFO] PinOutPanel:1589 - setPackage(STM32H743VITx,LQFP100)
2025-06-27 15:48:45,047 [INFO] UtilMem:75 - Before build in PCC Used Memory: 932557664 Bytes (1073741824)
2025-06-27 15:48:45,331 [INFO] UtilMem:75 - After build in PCC Used Memory: 994423648 Bytes (1073741824)
2025-06-27 15:48:45,337 [INFO] ApiDbMcu:508 - Load IP Config File for FREERTOS
2025-06-27 15:48:45,375 [INFO] IPUIPlugin:80 - create IPUIPlugin
2025-06-27 15:48:45,375 [INFO] IPUIPlugin:80 - create IPUIPlugin
2025-06-27 15:48:45,375 [INFO] IPUIPlugin:80 - create IPUIPlugin
2025-06-27 15:48:45,375 [INFO] IPUIPlugin:80 - create IPUIPlugin
2025-06-27 15:48:45,376 [INFO] IPUIPlugin:80 - create IPUIPlugin
2025-06-27 15:48:45,376 [INFO] IPUIPlugin:80 - create IPUIPlugin
2025-06-27 15:48:45,376 [INFO] IPUIPlugin:80 - create IPUIPlugin
2025-06-27 15:48:45,376 [INFO] IPUIPlugin:80 - create IPUIPlugin
2025-06-27 15:48:45,376 [INFO] IPUIPlugin:80 - create IPUIPlugin
2025-06-27 15:48:45,376 [INFO] IPUIPlugin:80 - create IPUIPlugin
2025-06-27 15:48:45,376 [INFO] IPUIPlugin:80 - create IPUIPlugin
2025-06-27 15:48:45,377 [INFO] IPUIPlugin:80 - create IPUIPlugin
2025-06-27 15:48:45,377 [INFO] IPUIPlugin:80 - create IPUIPlugin
2025-06-27 15:48:45,377 [INFO] IPUIPlugin:80 - create IPUIPlugin
2025-06-27 15:48:45,377 [INFO] IPUIPlugin:80 - create IPUIPlugin
2025-06-27 15:48:45,377 [INFO] IPUIPlugin:80 - create IPUIPlugin
2025-06-27 15:48:45,377 [INFO] IPUIPlugin:80 - create IPUIPlugin
2025-06-27 15:48:45,377 [INFO] IPUIPlugin:80 - create IPUIPlugin
2025-06-27 15:48:45,377 [INFO] IPUIPlugin:80 - create IPUIPlugin
2025-06-27 15:48:45,377 [INFO] IPUIPlugin:80 - create IPUIPlugin
2025-06-27 15:48:45,378 [INFO] IPUIPlugin:80 - create IPUIPlugin
2025-06-27 15:48:45,378 [INFO] IPUIPlugin:80 - create IPUIPlugin
2025-06-27 15:48:45,378 [INFO] IPUIPlugin:80 - create IPUIPlugin
2025-06-27 15:48:45,378 [INFO] IPUIPlugin:80 - create IPUIPlugin
2025-06-27 15:48:45,378 [INFO] IPUIPlugin:80 - create IPUIPlugin
2025-06-27 15:48:45,378 [INFO] IPUIPlugin:80 - create IPUIPlugin
2025-06-27 15:48:45,378 [INFO] IPUIPlugin:80 - create IPUIPlugin
2025-06-27 15:48:45,378 [INFO] IPUIPlugin:80 - create IPUIPlugin
2025-06-27 15:48:45,379 [INFO] IPUIPlugin:80 - create IPUIPlugin
2025-06-27 15:48:45,379 [INFO] IPUIPlugin:80 - create IPUIPlugin
2025-06-27 15:48:45,379 [INFO] IPUIPlugin:80 - create IPUIPlugin
2025-06-27 15:48:45,379 [INFO] IPUIPlugin:80 - create IPUIPlugin
2025-06-27 15:48:45,379 [INFO] IPUIPlugin:80 - create IPUIPlugin
2025-06-27 15:48:45,380 [INFO] IPUIPlugin:80 - create IPUIPlugin
2025-06-27 15:48:45,380 [INFO] IPUIPlugin:80 - create IPUIPlugin
2025-06-27 15:48:45,380 [INFO] IPUIPlugin:80 - create IPUIPlugin
2025-06-27 15:48:45,380 [INFO] IPUIPlugin:80 - create IPUIPlugin
2025-06-27 15:48:45,380 [INFO] IPUIPlugin:80 - create IPUIPlugin
2025-06-27 15:48:45,381 [INFO] IPUIPlugin:80 - create IPUIPlugin
2025-06-27 15:48:45,381 [INFO] IPUIPlugin:80 - create IPUIPlugin
2025-06-27 15:48:45,382 [INFO] IPUIPlugin:80 - create IPUIPlugin
2025-06-27 15:48:45,382 [INFO] IPUIPlugin:80 - create IPUIPlugin
2025-06-27 15:48:45,382 [INFO] IPUIPlugin:80 - create IPUIPlugin
2025-06-27 15:48:45,382 [INFO] IPUIPlugin:80 - create IPUIPlugin
2025-06-27 15:48:45,383 [INFO] IPUIPlugin:80 - create IPUIPlugin
2025-06-27 15:48:45,383 [INFO] IPUIPlugin:80 - create IPUIPlugin
2025-06-27 15:48:45,383 [INFO] IPUIPlugin:80 - create IPUIPlugin
2025-06-27 15:48:45,383 [INFO] IPUIPlugin:80 - create IPUIPlugin
2025-06-27 15:48:45,384 [INFO] IPUIPlugin:80 - create IPUIPlugin
2025-06-27 15:48:45,384 [INFO] IPUIPlugin:80 - create IPUIPlugin
2025-06-27 15:48:45,384 [INFO] IPUIPlugin:80 - create IPUIPlugin
2025-06-27 15:48:45,384 [INFO] IPUIPlugin:80 - create IPUIPlugin
2025-06-27 15:48:45,385 [INFO] IPUIPlugin:80 - create IPUIPlugin
2025-06-27 15:48:45,385 [INFO] IPUIPlugin:80 - create IPUIPlugin
2025-06-27 15:48:45,385 [INFO] IPUIPlugin:80 - create IPUIPlugin
2025-06-27 15:48:45,385 [INFO] IPUIPlugin:80 - create IPUIPlugin
2025-06-27 15:48:45,385 [INFO] IPUIPlugin:80 - create IPUIPlugin
2025-06-27 15:48:45,386 [INFO] IPUIPlugin:80 - create IPUIPlugin
2025-06-27 15:48:45,386 [INFO] IPUIPlugin:80 - create IPUIPlugin
2025-06-27 15:48:45,386 [INFO] IPUIPlugin:80 - create IPUIPlugin
2025-06-27 15:48:45,386 [INFO] IPUIPlugin:80 - create IPUIPlugin
2025-06-27 15:48:45,387 [INFO] IPUIPlugin:80 - create IPUIPlugin
2025-06-27 15:48:45,387 [INFO] IPUIPlugin:80 - create IPUIPlugin
2025-06-27 15:48:45,387 [INFO] IPUIPlugin:80 - create IPUIPlugin
2025-06-27 15:48:45,388 [INFO] IPUIPlugin:80 - create IPUIPlugin
2025-06-27 15:48:45,388 [INFO] IPUIPlugin:80 - create IPUIPlugin
2025-06-27 15:48:45,388 [INFO] IPUIPlugin:80 - create IPUIPlugin
2025-06-27 15:48:45,389 [INFO] IPUIPlugin:80 - create IPUIPlugin
2025-06-27 15:48:45,389 [INFO] IPUIPlugin:80 - create IPUIPlugin
2025-06-27 15:48:45,389 [INFO] IPUIPlugin:80 - create IPUIPlugin
2025-06-27 15:48:45,389 [INFO] IPUIPlugin:80 - create IPUIPlugin
2025-06-27 15:48:45,390 [INFO] IPUIPlugin:80 - create IPUIPlugin
2025-06-27 15:48:45,390 [INFO] IPUIPlugin:80 - create IPUIPlugin
2025-06-27 15:48:45,390 [INFO] IPUIPlugin:80 - create IPUIPlugin
2025-06-27 15:48:45,391 [INFO] IPUIPlugin:80 - create IPUIPlugin
2025-06-27 15:48:45,391 [INFO] IPUIPlugin:80 - create IPUIPlugin
2025-06-27 15:48:45,391 [INFO] IPUIPlugin:80 - create IPUIPlugin
2025-06-27 15:48:45,391 [INFO] IPUIPlugin:80 - create IPUIPlugin
2025-06-27 15:48:45,392 [INFO] IPUIPlugin:80 - create IPUIPlugin
2025-06-27 15:48:45,392 [INFO] IPUIPlugin:80 - create IPUIPlugin
2025-06-27 15:48:45,392 [INFO] IPUIPlugin:80 - create IPUIPlugin
2025-06-27 15:48:45,392 [INFO] IPUIPlugin:80 - create IPUIPlugin
2025-06-27 15:48:45,393 [INFO] IPUIPlugin:80 - create IPUIPlugin
2025-06-27 15:48:45,393 [INFO] IPUIPlugin:80 - create IPUIPlugin
2025-06-27 15:48:45,393 [INFO] IPUIPlugin:80 - create IPUIPlugin
2025-06-27 15:48:45,394 [INFO] IPUIPlugin:80 - create IPUIPlugin
2025-06-27 15:48:45,394 [INFO] IPUIPlugin:80 - create IPUIPlugin
2025-06-27 15:48:45,395 [INFO] IPUIPlugin:80 - create IPUIPlugin
2025-06-27 15:48:45,395 [INFO] IPUIPlugin:80 - create IPUIPlugin
2025-06-27 15:48:45,395 [INFO] IPUIPlugin:80 - create IPUIPlugin
2025-06-27 15:48:45,396 [INFO] IPUIPlugin:80 - create IPUIPlugin
2025-06-27 15:48:45,396 [INFO] IPUIPlugin:80 - create IPUIPlugin
2025-06-27 15:48:45,397 [INFO] IPUIPlugin:80 - create IPUIPlugin
2025-06-27 15:48:45,397 [INFO] IPUIPlugin:80 - create IPUIPlugin
2025-06-27 15:48:45,398 [INFO] IPUIPlugin:80 - create IPUIPlugin
2025-06-27 15:48:45,398 [INFO] IPUIPlugin:80 - create IPUIPlugin
2025-06-27 15:48:45,398 [INFO] IPUIPlugin:80 - create IPUIPlugin
2025-06-27 15:48:45,402 [INFO] ApiDbMcu:508 - Load IP Config File for PDM2PCM
2025-06-27 15:48:45,422 [WARN] FreeRTOS:1023 - Null or empty value: should not occur! (nothing added to the table)
2025-06-27 15:48:45,496 [INFO] CADModel:165 - CPN selected for project levelSTM32H743VIT6
2025-06-27 15:48:45,496 [INFO] CADModel:114 - Register for checkConnection events
2025-06-27 15:48:45,498 [INFO] RtosManager:725 - Active RTOS found at IOC load: FREERTOS [Cortex-M7NS]
2025-06-27 15:48:45,565 [INFO] OpenFileManager:385 - Restore cursor
2025-06-27 15:49:57,052 [INFO] UtilMem:75 - End SaveConfig() Used Memory: 687587720 Bytes (1073741824)
2025-06-27 15:49:58,404 [INFO] UtilMem:75 - End SaveConfig() Used Memory: 668241224 Bytes (1073741824)
2025-06-27 15:49:59,450 [INFO] UtilMem:75 - End SaveConfig() Used Memory: 796134912 Bytes (1073741824)
2025-06-27 15:50:00,104 [INFO] BlockDiagram:2775 - set Specific Code input for plugin: SPI
2025-06-27 15:50:00,104 [INFO] BlockDiagram:2775 - set Specific Code input for plugin: FREERTOS
2025-06-27 15:50:00,104 [INFO] BlockDiagram:2775 - set Specific Code input for plugin: RCC
2025-06-27 15:50:00,105 [INFO] BlockDiagram:2775 - set Specific Code input for plugin: I2C
2025-06-27 15:50:00,105 [INFO] BlockDiagram:2775 - set Specific Code input for plugin: TIM1_8H7
2025-06-27 15:50:00,105 [INFO] BlockDiagram:2775 - set Specific Code input for plugin: TIM1_8H7
2025-06-27 15:50:00,105 [INFO] BlockDiagram:2775 - set Specific Code input for plugin: TIM1_8H7
2025-06-27 15:50:00,105 [INFO] BlockDiagram:2775 - set Specific Code input for plugin: MEMORYMAP
2025-06-27 15:50:00,105 [INFO] BlockDiagram:2775 - set Specific Code input for plugin: TIM1_8H7
2025-06-27 15:50:00,105 [INFO] BlockDiagram:2775 - set Specific Code input for plugin: TIM1_8H7
2025-06-27 15:50:00,105 [INFO] BlockDiagram:2775 - set Specific Code input for plugin: TIM1_8H7
2025-06-27 15:50:00,105 [INFO] BlockDiagram:2775 - set Specific Code input for plugin: ADC
2025-06-27 15:50:00,105 [INFO] BlockDiagram:2775 - set Specific Code input for plugin: SYS
2025-06-27 15:50:00,105 [INFO] BlockDiagram:2775 - set Specific Code input for plugin: ADC
2025-06-27 15:50:00,105 [INFO] BlockDiagram:2775 - set Specific Code input for plugin: NVIC
2025-06-27 15:50:00,105 [INFO] BlockDiagram:2775 - set Specific Code input for plugin: DMA
2025-06-27 15:50:00,105 [INFO] BlockDiagram:2775 - set Specific Code input for plugin: VREFBUF
2025-06-27 15:50:00,106 [INFO] BlockDiagram:2775 - set Specific Code input for plugin: UART
2025-06-27 15:50:00,106 [INFO] BlockDiagram:2775 - set Specific Code input for plugin: UART
2025-06-27 15:50:00,106 [INFO] BlockDiagram:2775 - set Specific Code input for plugin: DEBUG
2025-06-27 15:50:00,106 [INFO] BlockDiagram:2775 - set Specific Code input for plugin: GPIO
2025-06-27 15:50:00,109 [INFO] CodeGenerator:882 - code generatio: config db path: C:\ST\STM32CubeIDE_1.18.0\STM32CubeIDE\plugins\com.st.stm32cube.common.mx_6.14.0.202502271554\\db\
2025-06-27 15:50:00,499 [INFO] CodeEngine:263 - oldGeneratedFile, C:\Users\marcv\Desktop\X1-Thorn\1_Code\3_STM32\0_workspace\X1_Thorn_v3\MXTmpFiles\license.tmp_save
2025-06-27 15:50:01,040 [INFO] CodeEngine:287 - Generated code: C:\Users\marcv\Desktop\X1-Thorn\1_Code\3_STM32\0_workspace\X1_Thorn_v3\MXTmpFiles\license.tmp
2025-06-27 15:50:01,295 [INFO] CodeEngine:263 - oldGeneratedFile, C:\Users\marcv\Desktop\X1-Thorn\1_Code\3_STM32\0_workspace\X1_Thorn_v3\Core\Src\gpio.c_save
2025-06-27 15:50:01,571 [INFO] CodeEngine:287 - Generated code: C:\Users\marcv\Desktop\X1-Thorn\1_Code\3_STM32\0_workspace\X1_Thorn_v3\Core\Src\gpio.c
2025-06-27 15:50:01,614 [INFO] CodeEngine:263 - oldGeneratedFile, C:\Users\marcv\Desktop\X1-Thorn\1_Code\3_STM32\0_workspace\X1_Thorn_v3\Core\Inc\gpio.h_save
2025-06-27 15:50:01,750 [INFO] CodeEngine:287 - Generated code: C:\Users\marcv\Desktop\X1-Thorn\1_Code\3_STM32\0_workspace\X1_Thorn_v3\Core\Inc\gpio.h
2025-06-27 15:50:02,154 [WARN] IPConfigManager:103 - WARNING: Missing Config File for DEBUG ip!!
2025-06-27 15:50:02,500 [WARN] IPConfigManager:103 - WARNING: Missing Config File for MEMORYMAP ip!!
2025-06-27 15:50:03,980 [INFO] Middleware:1452 - No code input for Bsp Dependency
2025-06-27 15:50:03,996 [INFO] CodeEngine:263 - oldGeneratedFile, C:\Users\marcv\Desktop\X1-Thorn\1_Code\3_STM32\0_workspace\X1_Thorn_v3\MXTmpFiles\rtos_inc.tmp_save
2025-06-27 15:50:04,110 [INFO] CodeEngine:287 - Generated code: C:\Users\marcv\Desktop\X1-Thorn\1_Code\3_STM32\0_workspace\X1_Thorn_v3\MXTmpFiles\rtos_inc.tmp
2025-06-27 15:50:04,124 [INFO] CodeEngine:263 - oldGeneratedFile, C:\Users\marcv\Desktop\X1-Thorn\1_Code\3_STM32\0_workspace\X1_Thorn_v3\MXTmpFiles\rtos_kernelInit.tmp_save
2025-06-27 15:50:04,232 [INFO] CodeEngine:287 - Generated code: C:\Users\marcv\Desktop\X1-Thorn\1_Code\3_STM32\0_workspace\X1_Thorn_v3\MXTmpFiles\rtos_kernelInit.tmp
2025-06-27 15:50:04,245 [INFO] CodeEngine:263 - oldGeneratedFile, C:\Users\marcv\Desktop\X1-Thorn\1_Code\3_STM32\0_workspace\X1_Thorn_v3\MXTmpFiles\rtos_kernelStart.tmp_save
2025-06-27 15:50:04,328 [INFO] CodeEngine:287 - Generated code: C:\Users\marcv\Desktop\X1-Thorn\1_Code\3_STM32\0_workspace\X1_Thorn_v3\MXTmpFiles\rtos_kernelStart.tmp
2025-06-27 15:50:04,344 [INFO] CodeEngine:263 - oldGeneratedFile, C:\Users\marcv\Desktop\X1-Thorn\1_Code\3_STM32\0_workspace\X1_Thorn_v3\MXTmpFiles\rtos_typedefs.tmp_save
2025-06-27 15:50:04,444 [INFO] CodeEngine:287 - Generated code: C:\Users\marcv\Desktop\X1-Thorn\1_Code\3_STM32\0_workspace\X1_Thorn_v3\MXTmpFiles\rtos_typedefs.tmp
2025-06-27 15:50:04,461 [INFO] CodeEngine:263 - oldGeneratedFile, C:\Users\marcv\Desktop\X1-Thorn\1_Code\3_STM32\0_workspace\X1_Thorn_v3\MXTmpFiles\rtos_vars.tmp_save
2025-06-27 15:50:04,546 [INFO] CodeEngine:287 - Generated code: C:\Users\marcv\Desktop\X1-Thorn\1_Code\3_STM32\0_workspace\X1_Thorn_v3\MXTmpFiles\rtos_vars.tmp
2025-06-27 15:50:04,560 [INFO] CodeEngine:263 - oldGeneratedFile, C:\Users\marcv\Desktop\X1-Thorn\1_Code\3_STM32\0_workspace\X1_Thorn_v3\MXTmpFiles\rtos_pfp.tmp_save
2025-06-27 15:50:04,640 [INFO] CodeEngine:287 - Generated code: C:\Users\marcv\Desktop\X1-Thorn\1_Code\3_STM32\0_workspace\X1_Thorn_v3\MXTmpFiles\rtos_pfp.tmp
2025-06-27 15:50:04,654 [INFO] CodeEngine:263 - oldGeneratedFile, C:\Users\marcv\Desktop\X1-Thorn\1_Code\3_STM32\0_workspace\X1_Thorn_v3\MXTmpFiles\rtos_obj_creat.tmp_save
2025-06-27 15:50:04,730 [INFO] CodeEngine:287 - Generated code: C:\Users\marcv\Desktop\X1-Thorn\1_Code\3_STM32\0_workspace\X1_Thorn_v3\MXTmpFiles\rtos_obj_creat.tmp
2025-06-27 15:50:04,746 [INFO] CodeEngine:263 - oldGeneratedFile, C:\Users\marcv\Desktop\X1-Thorn\1_Code\3_STM32\0_workspace\X1_Thorn_v3\MXTmpFiles\rtos_default_thread.tmp_save
2025-06-27 15:50:04,820 [INFO] CodeEngine:287 - Generated code: C:\Users\marcv\Desktop\X1-Thorn\1_Code\3_STM32\0_workspace\X1_Thorn_v3\MXTmpFiles\rtos_default_thread.tmp
2025-06-27 15:50:04,834 [INFO] CodeEngine:263 - oldGeneratedFile, C:\Users\marcv\Desktop\X1-Thorn\1_Code\3_STM32\0_workspace\X1_Thorn_v3\MXTmpFiles\rtos_threads.tmp_save
2025-06-27 15:50:04,895 [INFO] CodeEngine:287 - Generated code: C:\Users\marcv\Desktop\X1-Thorn\1_Code\3_STM32\0_workspace\X1_Thorn_v3\MXTmpFiles\rtos_threads.tmp
2025-06-27 15:50:04,929 [INFO] Middleware:1452 - No code input for Bsp Dependency
2025-06-27 15:50:04,939 [INFO] CodeEngine:263 - oldGeneratedFile, C:\Users\marcv\Desktop\X1-Thorn\1_Code\3_STM32\0_workspace\X1_Thorn_v3\MXTmpFiles\rtos_inc.tmp_save
2025-06-27 15:50:05,008 [INFO] CodeEngine:287 - Generated code: C:\Users\marcv\Desktop\X1-Thorn\1_Code\3_STM32\0_workspace\X1_Thorn_v3\MXTmpFiles\rtos_inc.tmp
2025-06-27 15:50:05,015 [INFO] CodeEngine:263 - oldGeneratedFile, C:\Users\marcv\Desktop\X1-Thorn\1_Code\3_STM32\0_workspace\X1_Thorn_v3\MXTmpFiles\rtos_kernelInit.tmp_save
2025-06-27 15:50:05,067 [INFO] CodeEngine:287 - Generated code: C:\Users\marcv\Desktop\X1-Thorn\1_Code\3_STM32\0_workspace\X1_Thorn_v3\MXTmpFiles\rtos_kernelInit.tmp
2025-06-27 15:50:05,073 [INFO] CodeEngine:263 - oldGeneratedFile, C:\Users\marcv\Desktop\X1-Thorn\1_Code\3_STM32\0_workspace\X1_Thorn_v3\MXTmpFiles\rtos_kernelStart.tmp_save
2025-06-27 15:50:05,130 [INFO] CodeEngine:287 - Generated code: C:\Users\marcv\Desktop\X1-Thorn\1_Code\3_STM32\0_workspace\X1_Thorn_v3\MXTmpFiles\rtos_kernelStart.tmp
2025-06-27 15:50:05,137 [INFO] CodeEngine:263 - oldGeneratedFile, C:\Users\marcv\Desktop\X1-Thorn\1_Code\3_STM32\0_workspace\X1_Thorn_v3\MXTmpFiles\rtos_typedefs.tmp_save
2025-06-27 15:50:05,197 [INFO] CodeEngine:287 - Generated code: C:\Users\marcv\Desktop\X1-Thorn\1_Code\3_STM32\0_workspace\X1_Thorn_v3\MXTmpFiles\rtos_typedefs.tmp
2025-06-27 15:50:05,212 [INFO] CodeEngine:263 - oldGeneratedFile, C:\Users\marcv\Desktop\X1-Thorn\1_Code\3_STM32\0_workspace\X1_Thorn_v3\MXTmpFiles\rtos_vars.tmp_save
2025-06-27 15:50:05,266 [INFO] CodeEngine:287 - Generated code: C:\Users\marcv\Desktop\X1-Thorn\1_Code\3_STM32\0_workspace\X1_Thorn_v3\MXTmpFiles\rtos_vars.tmp
2025-06-27 15:50:05,272 [INFO] CodeEngine:263 - oldGeneratedFile, C:\Users\marcv\Desktop\X1-Thorn\1_Code\3_STM32\0_workspace\X1_Thorn_v3\MXTmpFiles\rtos_pfp.tmp_save
2025-06-27 15:50:05,323 [INFO] CodeEngine:287 - Generated code: C:\Users\marcv\Desktop\X1-Thorn\1_Code\3_STM32\0_workspace\X1_Thorn_v3\MXTmpFiles\rtos_pfp.tmp
2025-06-27 15:50:05,339 [INFO] CodeEngine:263 - oldGeneratedFile, C:\Users\marcv\Desktop\X1-Thorn\1_Code\3_STM32\0_workspace\X1_Thorn_v3\MXTmpFiles\rtos_obj_creat.tmp_save
2025-06-27 15:50:05,391 [INFO] CodeEngine:287 - Generated code: C:\Users\marcv\Desktop\X1-Thorn\1_Code\3_STM32\0_workspace\X1_Thorn_v3\MXTmpFiles\rtos_obj_creat.tmp
2025-06-27 15:50:05,398 [INFO] CodeEngine:263 - oldGeneratedFile, C:\Users\marcv\Desktop\X1-Thorn\1_Code\3_STM32\0_workspace\X1_Thorn_v3\MXTmpFiles\rtos_default_thread.tmp_save
2025-06-27 15:50:05,450 [INFO] CodeEngine:287 - Generated code: C:\Users\marcv\Desktop\X1-Thorn\1_Code\3_STM32\0_workspace\X1_Thorn_v3\MXTmpFiles\rtos_default_thread.tmp
2025-06-27 15:50:05,456 [INFO] CodeEngine:263 - oldGeneratedFile, C:\Users\marcv\Desktop\X1-Thorn\1_Code\3_STM32\0_workspace\X1_Thorn_v3\MXTmpFiles\rtos_threads.tmp_save
2025-06-27 15:50:05,506 [INFO] CodeEngine:287 - Generated code: C:\Users\marcv\Desktop\X1-Thorn\1_Code\3_STM32\0_workspace\X1_Thorn_v3\MXTmpFiles\rtos_threads.tmp
2025-06-27 15:50:05,532 [INFO] CodeEngine:263 - oldGeneratedFile, C:\Users\marcv\Desktop\X1-Thorn\1_Code\3_STM32\0_workspace\X1_Thorn_v3\Core\Inc\FreeRTOSConfig.h_save
2025-06-27 15:50:05,630 [INFO] CodeEngine:287 - Generated code: C:\Users\marcv\Desktop\X1-Thorn\1_Code\3_STM32\0_workspace\X1_Thorn_v3\Core\Inc\FreeRTOSConfig.h
2025-06-27 15:50:05,655 [INFO] CodeEngine:263 - oldGeneratedFile, C:\Users\marcv\Desktop\X1-Thorn\1_Code\3_STM32\0_workspace\X1_Thorn_v3\Core\Src\freertos.c_save
2025-06-27 15:50:05,766 [INFO] CodeEngine:287 - Generated code: C:\Users\marcv\Desktop\X1-Thorn\1_Code\3_STM32\0_workspace\X1_Thorn_v3\Core\Src\freertos.c
2025-06-27 15:50:05,804 [INFO] CodeEngine:263 - oldGeneratedFile, C:\Users\marcv\Desktop\X1-Thorn\1_Code\3_STM32\0_workspace\X1_Thorn_v3\Core\Src\adc.c_save
2025-06-27 15:50:05,958 [INFO] CodeEngine:287 - Generated code: C:\Users\marcv\Desktop\X1-Thorn\1_Code\3_STM32\0_workspace\X1_Thorn_v3\Core\Src\adc.c
2025-06-27 15:50:05,994 [INFO] CodeEngine:263 - oldGeneratedFile, C:\Users\marcv\Desktop\X1-Thorn\1_Code\3_STM32\0_workspace\X1_Thorn_v3\Core\Inc\adc.h_save
2025-06-27 15:50:06,085 [INFO] CodeEngine:287 - Generated code: C:\Users\marcv\Desktop\X1-Thorn\1_Code\3_STM32\0_workspace\X1_Thorn_v3\Core\Inc\adc.h
2025-06-27 15:50:06,107 [INFO] CodeEngine:263 - oldGeneratedFile, C:\Users\marcv\Desktop\X1-Thorn\1_Code\3_STM32\0_workspace\X1_Thorn_v3\MXTmpFiles\cortex.tmp_save
2025-06-27 15:50:06,179 [INFO] CodeEngine:287 - Generated code: C:\Users\marcv\Desktop\X1-Thorn\1_Code\3_STM32\0_workspace\X1_Thorn_v3\MXTmpFiles\cortex.tmp
2025-06-27 15:50:06,248 [INFO] CodeEngine:263 - oldGeneratedFile, C:\Users\marcv\Desktop\X1-Thorn\1_Code\3_STM32\0_workspace\X1_Thorn_v3\Core\Src\dma.c_save
2025-06-27 15:50:06,329 [INFO] CodeEngine:287 - Generated code: C:\Users\marcv\Desktop\X1-Thorn\1_Code\3_STM32\0_workspace\X1_Thorn_v3\Core\Src\dma.c
2025-06-27 15:50:06,351 [INFO] CodeEngine:263 - oldGeneratedFile, C:\Users\marcv\Desktop\X1-Thorn\1_Code\3_STM32\0_workspace\X1_Thorn_v3\Core\Inc\dma.h_save
2025-06-27 15:50:06,425 [INFO] CodeEngine:287 - Generated code: C:\Users\marcv\Desktop\X1-Thorn\1_Code\3_STM32\0_workspace\X1_Thorn_v3\Core\Inc\dma.h
2025-06-27 15:50:06,449 [INFO] CodeEngine:263 - oldGeneratedFile, C:\Users\marcv\Desktop\X1-Thorn\1_Code\3_STM32\0_workspace\X1_Thorn_v3\Core\Src\i2c.c_save
2025-06-27 15:50:06,558 [INFO] CodeEngine:287 - Generated code: C:\Users\marcv\Desktop\X1-Thorn\1_Code\3_STM32\0_workspace\X1_Thorn_v3\Core\Src\i2c.c
2025-06-27 15:50:06,567 [INFO] CodeEngine:263 - oldGeneratedFile, C:\Users\marcv\Desktop\X1-Thorn\1_Code\3_STM32\0_workspace\X1_Thorn_v3\Core\Inc\i2c.h_save
2025-06-27 15:50:06,657 [INFO] CodeEngine:287 - Generated code: C:\Users\marcv\Desktop\X1-Thorn\1_Code\3_STM32\0_workspace\X1_Thorn_v3\Core\Inc\i2c.h
2025-06-27 15:50:06,678 [INFO] CodeEngine:263 - oldGeneratedFile, C:\Users\marcv\Desktop\X1-Thorn\1_Code\3_STM32\0_workspace\X1_Thorn_v3\Core\Src\memorymap.c_save
2025-06-27 15:50:06,772 [INFO] CodeEngine:287 - Generated code: C:\Users\marcv\Desktop\X1-Thorn\1_Code\3_STM32\0_workspace\X1_Thorn_v3\Core\Src\memorymap.c
2025-06-27 15:50:06,779 [INFO] CodeEngine:263 - oldGeneratedFile, C:\Users\marcv\Desktop\X1-Thorn\1_Code\3_STM32\0_workspace\X1_Thorn_v3\Core\Inc\memorymap.h_save
2025-06-27 15:50:06,855 [INFO] CodeEngine:287 - Generated code: C:\Users\marcv\Desktop\X1-Thorn\1_Code\3_STM32\0_workspace\X1_Thorn_v3\Core\Inc\memorymap.h
2025-06-27 15:50:06,876 [INFO] CodeEngine:263 - oldGeneratedFile, C:\Users\marcv\Desktop\X1-Thorn\1_Code\3_STM32\0_workspace\X1_Thorn_v3\Core\Src\spi.c_save
2025-06-27 15:50:06,967 [INFO] CodeEngine:287 - Generated code: C:\Users\marcv\Desktop\X1-Thorn\1_Code\3_STM32\0_workspace\X1_Thorn_v3\Core\Src\spi.c
2025-06-27 15:50:06,973 [INFO] CodeEngine:263 - oldGeneratedFile, C:\Users\marcv\Desktop\X1-Thorn\1_Code\3_STM32\0_workspace\X1_Thorn_v3\Core\Inc\spi.h_save
2025-06-27 15:50:07,047 [INFO] CodeEngine:287 - Generated code: C:\Users\marcv\Desktop\X1-Thorn\1_Code\3_STM32\0_workspace\X1_Thorn_v3\Core\Inc\spi.h
2025-06-27 15:50:07,071 [INFO] CodeEngine:263 - oldGeneratedFile, C:\Users\marcv\Desktop\X1-Thorn\1_Code\3_STM32\0_workspace\X1_Thorn_v3\Core\Src\tim.c_save
2025-06-27 15:50:07,190 [INFO] CodeEngine:287 - Generated code: C:\Users\marcv\Desktop\X1-Thorn\1_Code\3_STM32\0_workspace\X1_Thorn_v3\Core\Src\tim.c
2025-06-27 15:50:07,199 [INFO] CodeEngine:263 - oldGeneratedFile, C:\Users\marcv\Desktop\X1-Thorn\1_Code\3_STM32\0_workspace\X1_Thorn_v3\Core\Inc\tim.h_save
2025-06-27 15:50:07,286 [INFO] CodeEngine:287 - Generated code: C:\Users\marcv\Desktop\X1-Thorn\1_Code\3_STM32\0_workspace\X1_Thorn_v3\Core\Inc\tim.h
2025-06-27 15:50:07,310 [INFO] CodeEngine:263 - oldGeneratedFile, C:\Users\marcv\Desktop\X1-Thorn\1_Code\3_STM32\0_workspace\X1_Thorn_v3\Core\Src\usart.c_save
2025-06-27 15:50:07,402 [INFO] CodeEngine:287 - Generated code: C:\Users\marcv\Desktop\X1-Thorn\1_Code\3_STM32\0_workspace\X1_Thorn_v3\Core\Src\usart.c
2025-06-27 15:50:07,409 [INFO] CodeEngine:263 - oldGeneratedFile, C:\Users\marcv\Desktop\X1-Thorn\1_Code\3_STM32\0_workspace\X1_Thorn_v3\Core\Inc\usart.h_save
2025-06-27 15:50:07,484 [INFO] CodeEngine:287 - Generated code: C:\Users\marcv\Desktop\X1-Thorn\1_Code\3_STM32\0_workspace\X1_Thorn_v3\Core\Inc\usart.h
2025-06-27 15:50:07,534 [INFO] CodeEngine:263 - oldGeneratedFile, C:\Users\marcv\Desktop\X1-Thorn\1_Code\3_STM32\0_workspace\X1_Thorn_v3\Core\Src\stm32h7xx_it.c_save
2025-06-27 15:50:07,651 [INFO] CodeEngine:287 - Generated code: C:\Users\marcv\Desktop\X1-Thorn\1_Code\3_STM32\0_workspace\X1_Thorn_v3\Core\Src\stm32h7xx_it.c
2025-06-27 15:50:07,673 [INFO] CodeEngine:263 - oldGeneratedFile, C:\Users\marcv\Desktop\X1-Thorn\1_Code\3_STM32\0_workspace\X1_Thorn_v3\Core\Inc\stm32h7xx_it.h_save
2025-06-27 15:50:07,755 [INFO] CodeEngine:287 - Generated code: C:\Users\marcv\Desktop\X1-Thorn\1_Code\3_STM32\0_workspace\X1_Thorn_v3\Core\Inc\stm32h7xx_it.h
2025-06-27 15:50:07,915 [INFO] CodeEngine:263 - oldGeneratedFile, C:\Users\marcv\Desktop\X1-Thorn\1_Code\3_STM32\0_workspace\X1_Thorn_v3\Core\Src\stm32h7xx_hal_msp.c_save
2025-06-27 15:50:08,025 [INFO] CodeEngine:287 - Generated code: C:\Users\marcv\Desktop\X1-Thorn\1_Code\3_STM32\0_workspace\X1_Thorn_v3\Core\Src\stm32h7xx_hal_msp.c
2025-06-27 15:50:08,038 [INFO] CodeEngine:263 - oldGeneratedFile, C:\Users\marcv\Desktop\X1-Thorn\1_Code\3_STM32\0_workspace\X1_Thorn_v3\MXTmpFiles\system.tmp_save
2025-06-27 15:50:08,117 [INFO] CodeEngine:287 - Generated code: C:\Users\marcv\Desktop\X1-Thorn\1_Code\3_STM32\0_workspace\X1_Thorn_v3\MXTmpFiles\system.tmp
2025-06-27 15:50:08,142 [INFO] CodeEngine:263 - oldGeneratedFile, C:\Users\marcv\Desktop\X1-Thorn\1_Code\3_STM32\0_workspace\X1_Thorn_v3\Core\Src\stm32h7xx_hal_timebase_tim.c_save
2025-06-27 15:50:08,255 [INFO] CodeEngine:287 - Generated code: C:\Users\marcv\Desktop\X1-Thorn\1_Code\3_STM32\0_workspace\X1_Thorn_v3\Core\Src\stm32h7xx_hal_timebase_tim.c
2025-06-27 15:50:08,292 [INFO] CodeEngine:319 - oldGeneratedFile, C:\Users\marcv\Desktop\X1-Thorn\1_Code\3_STM32\0_workspace\X1_Thorn_v3\Core\Inc\stm32h7xx_hal_conf.h_save
2025-06-27 15:50:08,386 [INFO] CodeEngine:343 - Generated code: C:\Users\marcv\Desktop\X1-Thorn\1_Code\3_STM32\0_workspace\X1_Thorn_v3\Core\Inc\stm32h7xx_hal_conf.h
2025-06-27 15:50:08,447 [INFO] ApiDbMcu:508 - Load IP Config File for ADC2
2025-06-27 15:50:08,451 [INFO] ApiDbMcu:508 - Load IP Config File for ADC3
2025-06-27 15:50:08,453 [INFO] ApiDbMcu:508 - Load IP Config File for I2C2
2025-06-27 15:50:08,454 [ERROR] ApiDbMcu:464 - Can't load MEMORYMAP-STM32xx root dir null
2025-06-27 15:50:08,454 [ERROR] ApiDbMcu:536 - Cannot parse MEMORYMAP_Config file : file do not exist
2025-06-27 15:50:08,457 [INFO] ApiDbMcu:508 - Load IP Config File for SPI4
2025-06-27 15:50:08,467 [INFO] ApiDbMcu:508 - Load IP Config File for TIM1
2025-06-27 15:50:08,477 [INFO] ApiDbMcu:508 - Load IP Config File for TIM3
2025-06-27 15:50:08,487 [INFO] ApiDbMcu:508 - Load IP Config File for TIM5
2025-06-27 15:50:08,497 [INFO] ApiDbMcu:508 - Load IP Config File for TIM15
2025-06-27 15:50:08,506 [INFO] ApiDbMcu:508 - Load IP Config File for TIM16
2025-06-27 15:50:08,516 [INFO] ApiDbMcu:508 - Load IP Config File for TIM17
2025-06-27 15:50:08,526 [INFO] ApiDbMcu:508 - Load IP Config File for UART5
2025-06-27 15:50:08,535 [INFO] ApiDbMcu:508 - Load IP Config File for UART8
2025-06-27 15:50:08,538 [INFO] ApiDbMcu:508 - Load IP Config File for RCC
2025-06-27 15:50:08,570 [INFO] CodeEngine:263 - oldGeneratedFile, C:\Users\marcv\Desktop\X1-Thorn\1_Code\3_STM32\0_workspace\X1_Thorn_v3\Core\Inc\main.h_save
2025-06-27 15:50:08,679 [INFO] CodeEngine:287 - Generated code: C:\Users\marcv\Desktop\X1-Thorn\1_Code\3_STM32\0_workspace\X1_Thorn_v3\Core\Inc\main.h
2025-06-27 15:50:08,710 [INFO] CodeEngine:263 - oldGeneratedFile, C:\Users\marcv\Desktop\X1-Thorn\1_Code\3_STM32\0_workspace\X1_Thorn_v3\Core\Src\main.c_save
2025-06-27 15:50:08,866 [INFO] CodeEngine:287 - Generated code: C:\Users\marcv\Desktop\X1-Thorn\1_Code\3_STM32\0_workspace\X1_Thorn_v3\Core\Src\main.c
2025-06-27 15:50:09,726 [INFO] ProjectBuilder:3324 - Time for Copy HAL[1] : 623mS.
2025-06-27 15:50:09,737 [INFO] ProjectBuilder:4912 - Project Generator version: 4.6.0-B36
2025-06-27 15:50:09,836 [INFO] ConfigFileManager:1590 - The Die is : DIE450
2025-06-27 15:50:09,851 [INFO] ApiDbMcu:508 - Load IP Config File for FATFS
2025-06-27 15:50:09,863 [INFO] ApiDbMcu:508 - Load IP Config File for LIBJPEG
2025-06-27 15:50:09,882 [INFO] ApiDbMcu:508 - Load IP Config File for LWIP
2025-06-27 15:50:09,897 [INFO] ApiDbMcu:508 - Load IP Config File for MBEDTLS
2025-06-27 15:50:09,916 [INFO] ApiDbMcu:508 - Load IP Config File for USB_DEVICE
2025-06-27 15:50:09,930 [INFO] ApiDbMcu:508 - Load IP Config File for USB_HOST
2025-06-27 15:50:10,747 [INFO] LogOutputStream:77 - [STDOUT_REDIRECT] 
2025-06-27 15:50:13,177 [INFO] ProjectBuilder:5191 - Time for Generating toolchain IDE Files: 3439mS.
2025-06-27 15:50:13,178 [INFO] ProjectBuilder:3181 - Time for Copy CMSIS : 1mS.
2025-06-27 15:50:13,197 [INFO] ProjectBuilder:3181 - Time for Copy CMSIS : 0mS.
2025-06-27 17:09:41,311 [INFO] NvicIntPanel:101 - NVIC parent = com.st.microxplorer.plugins.ip.nvic.MultiNvicIntPanel[,0,0,0x0,invalid,layout=javax.swing.BoxLayout,alignmentX=0.0,alignmentY=0.0,border=,flags=9,maximumSize=,minimumSize=,preferredSize=]
2025-06-27 17:11:23,694 [INFO] I2cTimingTraitement:330 - 0x307075B1
2025-06-27 17:17:48,675 [INFO] NvicIntPanel:101 - NVIC parent = com.st.microxplorer.plugins.ip.nvic.MultiNvicIntPanel[,0,0,0x0,invalid,layout=javax.swing.BoxLayout,alignmentX=0.0,alignmentY=0.0,border=,flags=9,maximumSize=,minimumSize=,preferredSize=]
2025-06-27 17:17:52,495 [INFO] UtilMem:75 - End SaveConfig() Used Memory: 892529728 Bytes (1073741824)
2025-06-27 17:17:54,036 [INFO] UtilMem:75 - End SaveConfig() Used Memory: 946007104 Bytes (1073741824)
2025-06-27 17:17:54,556 [INFO] UtilMem:75 - End SaveConfig() Used Memory: 996338752 Bytes (1073741824)
2025-06-27 17:17:54,763 [INFO] BlockDiagram:2775 - set Specific Code input for plugin: SPI
2025-06-27 17:17:54,763 [INFO] BlockDiagram:2775 - set Specific Code input for plugin: FREERTOS
2025-06-27 17:17:54,763 [INFO] BlockDiagram:2775 - set Specific Code input for plugin: RCC
2025-06-27 17:17:54,763 [INFO] BlockDiagram:2775 - set Specific Code input for plugin: I2C
2025-06-27 17:17:54,763 [INFO] BlockDiagram:2775 - set Specific Code input for plugin: TIM1_8H7
2025-06-27 17:17:54,763 [INFO] BlockDiagram:2775 - set Specific Code input for plugin: TIM1_8H7
2025-06-27 17:17:54,763 [INFO] BlockDiagram:2775 - set Specific Code input for plugin: TIM1_8H7
2025-06-27 17:17:54,763 [INFO] BlockDiagram:2775 - set Specific Code input for plugin: MEMORYMAP
2025-06-27 17:17:54,763 [INFO] BlockDiagram:2775 - set Specific Code input for plugin: TIM1_8H7
2025-06-27 17:17:54,764 [INFO] BlockDiagram:2775 - set Specific Code input for plugin: TIM1_8H7
2025-06-27 17:17:54,764 [INFO] BlockDiagram:2775 - set Specific Code input for plugin: TIM1_8H7
2025-06-27 17:17:54,764 [INFO] BlockDiagram:2775 - set Specific Code input for plugin: ADC
2025-06-27 17:17:54,764 [INFO] BlockDiagram:2775 - set Specific Code input for plugin: SYS
2025-06-27 17:17:54,764 [INFO] BlockDiagram:2775 - set Specific Code input for plugin: ADC
2025-06-27 17:17:54,764 [INFO] BlockDiagram:2775 - set Specific Code input for plugin: NVIC
2025-06-27 17:17:54,764 [INFO] BlockDiagram:2775 - set Specific Code input for plugin: DMA
2025-06-27 17:17:54,764 [INFO] BlockDiagram:2775 - set Specific Code input for plugin: VREFBUF
2025-06-27 17:17:54,764 [INFO] BlockDiagram:2775 - set Specific Code input for plugin: UART
2025-06-27 17:17:54,764 [INFO] BlockDiagram:2775 - set Specific Code input for plugin: UART
2025-06-27 17:17:54,764 [INFO] BlockDiagram:2775 - set Specific Code input for plugin: DEBUG
2025-06-27 17:17:54,765 [INFO] BlockDiagram:2775 - set Specific Code input for plugin: GPIO
2025-06-27 17:17:54,766 [INFO] CodeGenerator:882 - code generatio: config db path: C:\ST\STM32CubeIDE_1.18.0\STM32CubeIDE\plugins\com.st.stm32cube.common.mx_6.14.0.202502271554\\db\
2025-06-27 17:17:54,838 [INFO] Argument:325 - Argument : hdmavalue: null
2025-06-27 17:17:54,838 [INFO] Argument:327 - 	 sub Args: 
2025-06-27 17:17:54,839 [INFO] Argument:325 - Argument : Instancevalue: DMA1_Stream0
2025-06-27 17:17:54,839 [INFO] Argument:335 - Argument : Instancevalue: DMA1_Stream0
2025-06-27 17:17:54,839 [INFO] Argument:325 - Argument : Initvalue: null
2025-06-27 17:17:54,839 [INFO] Argument:327 - 	 sub Args: 
2025-06-27 17:17:54,839 [INFO] Argument:325 - Argument : Requestvalue: DMA_REQUEST_TIM3_CH1
2025-06-27 17:17:54,839 [INFO] Argument:335 - Argument : Requestvalue: DMA_REQUEST_TIM3_CH1
2025-06-27 17:17:54,839 [INFO] Argument:325 - Argument : Directionvalue: DMA_MEMORY_TO_PERIPH
2025-06-27 17:17:54,839 [INFO] Argument:335 - Argument : Directionvalue: DMA_MEMORY_TO_PERIPH
2025-06-27 17:17:54,839 [INFO] Argument:325 - Argument : PeriphIncvalue: DMA_PINC_DISABLE
2025-06-27 17:17:54,839 [INFO] Argument:335 - Argument : PeriphIncvalue: DMA_PINC_DISABLE
2025-06-27 17:17:54,839 [INFO] Argument:325 - Argument : MemIncvalue: DMA_MINC_ENABLE
2025-06-27 17:17:54,839 [INFO] Argument:335 - Argument : MemIncvalue: DMA_MINC_ENABLE
2025-06-27 17:17:54,839 [INFO] Argument:325 - Argument : PeriphDataAlignmentvalue: DMA_PDATAALIGN_HALFWORD
2025-06-27 17:17:54,840 [INFO] Argument:335 - Argument : PeriphDataAlignmentvalue: DMA_PDATAALIGN_HALFWORD
2025-06-27 17:17:54,840 [INFO] Argument:325 - Argument : MemDataAlignmentvalue: DMA_MDATAALIGN_HALFWORD
2025-06-27 17:17:54,840 [INFO] Argument:335 - Argument : MemDataAlignmentvalue: DMA_MDATAALIGN_HALFWORD
2025-06-27 17:17:54,840 [INFO] Argument:325 - Argument : Modevalue: DMA_NORMAL
2025-06-27 17:17:54,840 [INFO] Argument:335 - Argument : Modevalue: DMA_NORMAL
2025-06-27 17:17:54,840 [INFO] Argument:325 - Argument : Priorityvalue: DMA_PRIORITY_HIGH
2025-06-27 17:17:54,840 [INFO] Argument:335 - Argument : Priorityvalue: DMA_PRIORITY_HIGH
2025-06-27 17:17:54,840 [INFO] Argument:325 - Argument : FIFOModevalue: DMA_FIFOMODE_DISABLE
2025-06-27 17:17:54,840 [INFO] Argument:335 - Argument : FIFOModevalue: DMA_FIFOMODE_DISABLE
2025-06-27 17:17:54,840 [INFO] Argument:325 - Argument : FIFOThresholdvalue: null
2025-06-27 17:17:54,840 [INFO] Argument:335 - Argument : FIFOThresholdvalue: null
2025-06-27 17:17:54,840 [INFO] Argument:325 - Argument : MemBurstvalue: null
2025-06-27 17:17:54,840 [INFO] Argument:335 - Argument : MemBurstvalue: null
2025-06-27 17:17:54,840 [INFO] Argument:325 - Argument : PeriphBurstvalue: null
2025-06-27 17:17:54,840 [INFO] Argument:335 - Argument : PeriphBurstvalue: null
2025-06-27 17:17:54,840 [INFO] Argument:325 - Argument : Lockvalue: null
2025-06-27 17:17:54,840 [INFO] Argument:335 - Argument : Lockvalue: null
2025-06-27 17:17:54,840 [INFO] Argument:325 - Argument : Statevalue: null
2025-06-27 17:17:54,840 [INFO] Argument:335 - Argument : Statevalue: null
2025-06-27 17:17:54,841 [INFO] Argument:325 - Argument : Parentvalue: null
2025-06-27 17:17:54,841 [INFO] Argument:335 - Argument : Parentvalue: null
2025-06-27 17:17:54,841 [INFO] Argument:325 - Argument : XferCpltCallbackvalue: null
2025-06-27 17:17:54,841 [INFO] Argument:335 - Argument : XferCpltCallbackvalue: null
2025-06-27 17:17:54,841 [INFO] Argument:325 - Argument : XferHalfCpltCallbackvalue: null
2025-06-27 17:17:54,841 [INFO] Argument:335 - Argument : XferHalfCpltCallbackvalue: null
2025-06-27 17:17:54,841 [INFO] Argument:325 - Argument : XferM1CpltCallbackvalue: null
2025-06-27 17:17:54,841 [INFO] Argument:335 - Argument : XferM1CpltCallbackvalue: null
2025-06-27 17:17:54,841 [INFO] Argument:325 - Argument : XferM1HalfCpltCallbackvalue: null
2025-06-27 17:17:54,841 [INFO] Argument:335 - Argument : XferM1HalfCpltCallbackvalue: null
2025-06-27 17:17:54,841 [INFO] Argument:325 - Argument : XferErrorCallbackvalue: null
2025-06-27 17:17:54,841 [INFO] Argument:335 - Argument : XferErrorCallbackvalue: null
2025-06-27 17:17:54,841 [INFO] Argument:325 - Argument : XferAbortCallbackvalue: null
2025-06-27 17:17:54,841 [INFO] Argument:335 - Argument : XferAbortCallbackvalue: null
2025-06-27 17:17:54,841 [INFO] Argument:325 - Argument : ErrorCodevalue: null
2025-06-27 17:17:54,841 [INFO] Argument:335 - Argument : ErrorCodevalue: null
2025-06-27 17:17:54,841 [INFO] Argument:325 - Argument : StreamBaseAddressvalue: null
2025-06-27 17:17:54,841 [INFO] Argument:335 - Argument : StreamBaseAddressvalue: null
2025-06-27 17:17:54,841 [INFO] Argument:325 - Argument : StreamIndexvalue: null
2025-06-27 17:17:54,841 [INFO] Argument:335 - Argument : StreamIndexvalue: null
2025-06-27 17:17:54,842 [INFO] Argument:325 - Argument : hdmavalue: null
2025-06-27 17:17:54,842 [INFO] Argument:327 - 	 sub Args: 
2025-06-27 17:17:54,842 [INFO] Argument:325 - Argument : Instancevalue: DMA1_Stream1
2025-06-27 17:17:54,842 [INFO] Argument:335 - Argument : Instancevalue: DMA1_Stream1
2025-06-27 17:17:54,842 [INFO] Argument:325 - Argument : Initvalue: null
2025-06-27 17:17:54,842 [INFO] Argument:327 - 	 sub Args: 
2025-06-27 17:17:54,842 [INFO] Argument:325 - Argument : Requestvalue: DMA_REQUEST_TIM3_CH2
2025-06-27 17:17:54,842 [INFO] Argument:335 - Argument : Requestvalue: DMA_REQUEST_TIM3_CH2
2025-06-27 17:17:54,842 [INFO] Argument:325 - Argument : Directionvalue: DMA_MEMORY_TO_PERIPH
2025-06-27 17:17:54,843 [INFO] Argument:335 - Argument : Directionvalue: DMA_MEMORY_TO_PERIPH
2025-06-27 17:17:54,843 [INFO] Argument:325 - Argument : PeriphIncvalue: DMA_PINC_DISABLE
2025-06-27 17:17:54,843 [INFO] Argument:335 - Argument : PeriphIncvalue: DMA_PINC_DISABLE
2025-06-27 17:17:54,843 [INFO] Argument:325 - Argument : MemIncvalue: DMA_MINC_ENABLE
2025-06-27 17:17:54,843 [INFO] Argument:335 - Argument : MemIncvalue: DMA_MINC_ENABLE
2025-06-27 17:17:54,843 [INFO] Argument:325 - Argument : PeriphDataAlignmentvalue: DMA_PDATAALIGN_HALFWORD
2025-06-27 17:17:54,843 [INFO] Argument:335 - Argument : PeriphDataAlignmentvalue: DMA_PDATAALIGN_HALFWORD
2025-06-27 17:17:54,843 [INFO] Argument:325 - Argument : MemDataAlignmentvalue: DMA_MDATAALIGN_HALFWORD
2025-06-27 17:17:54,843 [INFO] Argument:335 - Argument : MemDataAlignmentvalue: DMA_MDATAALIGN_HALFWORD
2025-06-27 17:17:54,843 [INFO] Argument:325 - Argument : Modevalue: DMA_NORMAL
2025-06-27 17:17:54,843 [INFO] Argument:335 - Argument : Modevalue: DMA_NORMAL
2025-06-27 17:17:54,843 [INFO] Argument:325 - Argument : Priorityvalue: DMA_PRIORITY_HIGH
2025-06-27 17:17:54,843 [INFO] Argument:335 - Argument : Priorityvalue: DMA_PRIORITY_HIGH
2025-06-27 17:17:54,843 [INFO] Argument:325 - Argument : FIFOModevalue: DMA_FIFOMODE_DISABLE
2025-06-27 17:17:54,843 [INFO] Argument:335 - Argument : FIFOModevalue: DMA_FIFOMODE_DISABLE
2025-06-27 17:17:54,843 [INFO] Argument:325 - Argument : FIFOThresholdvalue: null
2025-06-27 17:17:54,843 [INFO] Argument:335 - Argument : FIFOThresholdvalue: null
2025-06-27 17:17:54,843 [INFO] Argument:325 - Argument : MemBurstvalue: null
2025-06-27 17:17:54,844 [INFO] Argument:335 - Argument : MemBurstvalue: null
2025-06-27 17:17:54,844 [INFO] Argument:325 - Argument : PeriphBurstvalue: null
2025-06-27 17:17:54,844 [INFO] Argument:335 - Argument : PeriphBurstvalue: null
2025-06-27 17:17:54,844 [INFO] Argument:325 - Argument : Lockvalue: null
2025-06-27 17:17:54,844 [INFO] Argument:335 - Argument : Lockvalue: null
2025-06-27 17:17:54,844 [INFO] Argument:325 - Argument : Statevalue: null
2025-06-27 17:17:54,844 [INFO] Argument:335 - Argument : Statevalue: null
2025-06-27 17:17:54,844 [INFO] Argument:325 - Argument : Parentvalue: null
2025-06-27 17:17:54,844 [INFO] Argument:335 - Argument : Parentvalue: null
2025-06-27 17:17:54,844 [INFO] Argument:325 - Argument : XferCpltCallbackvalue: null
2025-06-27 17:17:54,844 [INFO] Argument:335 - Argument : XferCpltCallbackvalue: null
2025-06-27 17:17:54,844 [INFO] Argument:325 - Argument : XferHalfCpltCallbackvalue: null
2025-06-27 17:17:54,844 [INFO] Argument:335 - Argument : XferHalfCpltCallbackvalue: null
2025-06-27 17:17:54,844 [INFO] Argument:325 - Argument : XferM1CpltCallbackvalue: null
2025-06-27 17:17:54,844 [INFO] Argument:335 - Argument : XferM1CpltCallbackvalue: null
2025-06-27 17:17:54,844 [INFO] Argument:325 - Argument : XferM1HalfCpltCallbackvalue: null
2025-06-27 17:17:54,845 [INFO] Argument:335 - Argument : XferM1HalfCpltCallbackvalue: null
2025-06-27 17:17:54,845 [INFO] Argument:325 - Argument : XferErrorCallbackvalue: null
2025-06-27 17:17:54,845 [INFO] Argument:335 - Argument : XferErrorCallbackvalue: null
2025-06-27 17:17:54,845 [INFO] Argument:325 - Argument : XferAbortCallbackvalue: null
2025-06-27 17:17:54,845 [INFO] Argument:335 - Argument : XferAbortCallbackvalue: null
2025-06-27 17:17:54,845 [INFO] Argument:325 - Argument : ErrorCodevalue: null
2025-06-27 17:17:54,845 [INFO] Argument:335 - Argument : ErrorCodevalue: null
2025-06-27 17:17:54,845 [INFO] Argument:325 - Argument : StreamBaseAddressvalue: null
2025-06-27 17:17:54,845 [INFO] Argument:335 - Argument : StreamBaseAddressvalue: null
2025-06-27 17:17:54,845 [INFO] Argument:325 - Argument : StreamIndexvalue: null
2025-06-27 17:17:54,845 [INFO] Argument:335 - Argument : StreamIndexvalue: null
2025-06-27 17:17:54,977 [INFO] CodeEngine:263 - oldGeneratedFile, C:\Users\marcv\Desktop\X1-Thorn\1_Code\3_STM32\0_workspace\X1_Thorn_v3\MXTmpFiles\license.tmp_save
2025-06-27 17:17:55,251 [INFO] CodeEngine:287 - Generated code: C:\Users\marcv\Desktop\X1-Thorn\1_Code\3_STM32\0_workspace\X1_Thorn_v3\MXTmpFiles\license.tmp
2025-06-27 17:17:55,373 [INFO] CodeEngine:263 - oldGeneratedFile, C:\Users\marcv\Desktop\X1-Thorn\1_Code\3_STM32\0_workspace\X1_Thorn_v3\Core\Src\gpio.c_save
2025-06-27 17:17:55,528 [INFO] CodeEngine:287 - Generated code: C:\Users\marcv\Desktop\X1-Thorn\1_Code\3_STM32\0_workspace\X1_Thorn_v3\Core\Src\gpio.c
2025-06-27 17:17:55,535 [INFO] CodeEngine:263 - oldGeneratedFile, C:\Users\marcv\Desktop\X1-Thorn\1_Code\3_STM32\0_workspace\X1_Thorn_v3\Core\Inc\gpio.h_save
2025-06-27 17:17:55,624 [INFO] CodeEngine:287 - Generated code: C:\Users\marcv\Desktop\X1-Thorn\1_Code\3_STM32\0_workspace\X1_Thorn_v3\Core\Inc\gpio.h
2025-06-27 17:17:55,909 [WARN] IPConfigManager:103 - WARNING: Missing Config File for DEBUG ip!!
2025-06-27 17:17:56,320 [WARN] IPConfigManager:103 - WARNING: Missing Config File for MEMORYMAP ip!!
2025-06-27 17:17:57,375 [INFO] Middleware:1452 - No code input for Bsp Dependency
2025-06-27 17:17:57,383 [INFO] CodeEngine:263 - oldGeneratedFile, C:\Users\marcv\Desktop\X1-Thorn\1_Code\3_STM32\0_workspace\X1_Thorn_v3\MXTmpFiles\rtos_inc.tmp_save
2025-06-27 17:17:57,453 [INFO] CodeEngine:287 - Generated code: C:\Users\marcv\Desktop\X1-Thorn\1_Code\3_STM32\0_workspace\X1_Thorn_v3\MXTmpFiles\rtos_inc.tmp
2025-06-27 17:17:57,457 [INFO] CodeEngine:263 - oldGeneratedFile, C:\Users\marcv\Desktop\X1-Thorn\1_Code\3_STM32\0_workspace\X1_Thorn_v3\MXTmpFiles\rtos_kernelInit.tmp_save
2025-06-27 17:17:57,514 [INFO] CodeEngine:287 - Generated code: C:\Users\marcv\Desktop\X1-Thorn\1_Code\3_STM32\0_workspace\X1_Thorn_v3\MXTmpFiles\rtos_kernelInit.tmp
2025-06-27 17:17:57,519 [INFO] CodeEngine:263 - oldGeneratedFile, C:\Users\marcv\Desktop\X1-Thorn\1_Code\3_STM32\0_workspace\X1_Thorn_v3\MXTmpFiles\rtos_kernelStart.tmp_save
2025-06-27 17:17:57,581 [INFO] CodeEngine:287 - Generated code: C:\Users\marcv\Desktop\X1-Thorn\1_Code\3_STM32\0_workspace\X1_Thorn_v3\MXTmpFiles\rtos_kernelStart.tmp
2025-06-27 17:17:57,587 [INFO] CodeEngine:263 - oldGeneratedFile, C:\Users\marcv\Desktop\X1-Thorn\1_Code\3_STM32\0_workspace\X1_Thorn_v3\MXTmpFiles\rtos_typedefs.tmp_save
2025-06-27 17:17:57,647 [INFO] CodeEngine:287 - Generated code: C:\Users\marcv\Desktop\X1-Thorn\1_Code\3_STM32\0_workspace\X1_Thorn_v3\MXTmpFiles\rtos_typedefs.tmp
2025-06-27 17:17:57,652 [INFO] CodeEngine:263 - oldGeneratedFile, C:\Users\marcv\Desktop\X1-Thorn\1_Code\3_STM32\0_workspace\X1_Thorn_v3\MXTmpFiles\rtos_vars.tmp_save
2025-06-27 17:17:57,721 [INFO] CodeEngine:287 - Generated code: C:\Users\marcv\Desktop\X1-Thorn\1_Code\3_STM32\0_workspace\X1_Thorn_v3\MXTmpFiles\rtos_vars.tmp
2025-06-27 17:17:57,726 [INFO] CodeEngine:263 - oldGeneratedFile, C:\Users\marcv\Desktop\X1-Thorn\1_Code\3_STM32\0_workspace\X1_Thorn_v3\MXTmpFiles\rtos_pfp.tmp_save
2025-06-27 17:17:57,780 [INFO] CodeEngine:287 - Generated code: C:\Users\marcv\Desktop\X1-Thorn\1_Code\3_STM32\0_workspace\X1_Thorn_v3\MXTmpFiles\rtos_pfp.tmp
2025-06-27 17:17:57,784 [INFO] CodeEngine:263 - oldGeneratedFile, C:\Users\marcv\Desktop\X1-Thorn\1_Code\3_STM32\0_workspace\X1_Thorn_v3\MXTmpFiles\rtos_obj_creat.tmp_save
2025-06-27 17:17:57,850 [INFO] CodeEngine:287 - Generated code: C:\Users\marcv\Desktop\X1-Thorn\1_Code\3_STM32\0_workspace\X1_Thorn_v3\MXTmpFiles\rtos_obj_creat.tmp
2025-06-27 17:17:57,854 [INFO] CodeEngine:263 - oldGeneratedFile, C:\Users\marcv\Desktop\X1-Thorn\1_Code\3_STM32\0_workspace\X1_Thorn_v3\MXTmpFiles\rtos_default_thread.tmp_save
2025-06-27 17:17:57,904 [INFO] CodeEngine:287 - Generated code: C:\Users\marcv\Desktop\X1-Thorn\1_Code\3_STM32\0_workspace\X1_Thorn_v3\MXTmpFiles\rtos_default_thread.tmp
2025-06-27 17:17:57,909 [INFO] CodeEngine:263 - oldGeneratedFile, C:\Users\marcv\Desktop\X1-Thorn\1_Code\3_STM32\0_workspace\X1_Thorn_v3\MXTmpFiles\rtos_threads.tmp_save
2025-06-27 17:17:57,957 [INFO] CodeEngine:287 - Generated code: C:\Users\marcv\Desktop\X1-Thorn\1_Code\3_STM32\0_workspace\X1_Thorn_v3\MXTmpFiles\rtos_threads.tmp
2025-06-27 17:17:57,991 [INFO] Middleware:1452 - No code input for Bsp Dependency
2025-06-27 17:17:58,001 [INFO] CodeEngine:263 - oldGeneratedFile, C:\Users\marcv\Desktop\X1-Thorn\1_Code\3_STM32\0_workspace\X1_Thorn_v3\MXTmpFiles\rtos_inc.tmp_save
2025-06-27 17:17:58,066 [INFO] CodeEngine:287 - Generated code: C:\Users\marcv\Desktop\X1-Thorn\1_Code\3_STM32\0_workspace\X1_Thorn_v3\MXTmpFiles\rtos_inc.tmp
2025-06-27 17:17:58,072 [INFO] CodeEngine:263 - oldGeneratedFile, C:\Users\marcv\Desktop\X1-Thorn\1_Code\3_STM32\0_workspace\X1_Thorn_v3\MXTmpFiles\rtos_kernelInit.tmp_save
2025-06-27 17:17:58,132 [INFO] CodeEngine:287 - Generated code: C:\Users\marcv\Desktop\X1-Thorn\1_Code\3_STM32\0_workspace\X1_Thorn_v3\MXTmpFiles\rtos_kernelInit.tmp
2025-06-27 17:17:58,142 [INFO] CodeEngine:263 - oldGeneratedFile, C:\Users\marcv\Desktop\X1-Thorn\1_Code\3_STM32\0_workspace\X1_Thorn_v3\MXTmpFiles\rtos_kernelStart.tmp_save
2025-06-27 17:17:58,208 [INFO] CodeEngine:287 - Generated code: C:\Users\marcv\Desktop\X1-Thorn\1_Code\3_STM32\0_workspace\X1_Thorn_v3\MXTmpFiles\rtos_kernelStart.tmp
2025-06-27 17:17:58,215 [INFO] CodeEngine:263 - oldGeneratedFile, C:\Users\marcv\Desktop\X1-Thorn\1_Code\3_STM32\0_workspace\X1_Thorn_v3\MXTmpFiles\rtos_typedefs.tmp_save
2025-06-27 17:17:58,279 [INFO] CodeEngine:287 - Generated code: C:\Users\marcv\Desktop\X1-Thorn\1_Code\3_STM32\0_workspace\X1_Thorn_v3\MXTmpFiles\rtos_typedefs.tmp
2025-06-27 17:17:58,295 [INFO] CodeEngine:263 - oldGeneratedFile, C:\Users\marcv\Desktop\X1-Thorn\1_Code\3_STM32\0_workspace\X1_Thorn_v3\MXTmpFiles\rtos_vars.tmp_save
2025-06-27 17:17:58,359 [INFO] CodeEngine:287 - Generated code: C:\Users\marcv\Desktop\X1-Thorn\1_Code\3_STM32\0_workspace\X1_Thorn_v3\MXTmpFiles\rtos_vars.tmp
2025-06-27 17:17:58,367 [INFO] CodeEngine:263 - oldGeneratedFile, C:\Users\marcv\Desktop\X1-Thorn\1_Code\3_STM32\0_workspace\X1_Thorn_v3\MXTmpFiles\rtos_pfp.tmp_save
2025-06-27 17:17:58,431 [INFO] CodeEngine:287 - Generated code: C:\Users\marcv\Desktop\X1-Thorn\1_Code\3_STM32\0_workspace\X1_Thorn_v3\MXTmpFiles\rtos_pfp.tmp
2025-06-27 17:17:58,446 [INFO] CodeEngine:263 - oldGeneratedFile, C:\Users\marcv\Desktop\X1-Thorn\1_Code\3_STM32\0_workspace\X1_Thorn_v3\MXTmpFiles\rtos_obj_creat.tmp_save
2025-06-27 17:17:58,585 [INFO] CodeEngine:287 - Generated code: C:\Users\marcv\Desktop\X1-Thorn\1_Code\3_STM32\0_workspace\X1_Thorn_v3\MXTmpFiles\rtos_obj_creat.tmp
2025-06-27 17:17:58,593 [INFO] CodeEngine:263 - oldGeneratedFile, C:\Users\marcv\Desktop\X1-Thorn\1_Code\3_STM32\0_workspace\X1_Thorn_v3\MXTmpFiles\rtos_default_thread.tmp_save
2025-06-27 17:17:58,654 [INFO] CodeEngine:287 - Generated code: C:\Users\marcv\Desktop\X1-Thorn\1_Code\3_STM32\0_workspace\X1_Thorn_v3\MXTmpFiles\rtos_default_thread.tmp
2025-06-27 17:17:58,662 [INFO] CodeEngine:263 - oldGeneratedFile, C:\Users\marcv\Desktop\X1-Thorn\1_Code\3_STM32\0_workspace\X1_Thorn_v3\MXTmpFiles\rtos_threads.tmp_save
2025-06-27 17:17:58,715 [INFO] CodeEngine:287 - Generated code: C:\Users\marcv\Desktop\X1-Thorn\1_Code\3_STM32\0_workspace\X1_Thorn_v3\MXTmpFiles\rtos_threads.tmp
2025-06-27 17:17:58,733 [INFO] CodeEngine:263 - oldGeneratedFile, C:\Users\marcv\Desktop\X1-Thorn\1_Code\3_STM32\0_workspace\X1_Thorn_v3\Core\Inc\FreeRTOSConfig.h_save
2025-06-27 17:17:58,819 [INFO] CodeEngine:287 - Generated code: C:\Users\marcv\Desktop\X1-Thorn\1_Code\3_STM32\0_workspace\X1_Thorn_v3\Core\Inc\FreeRTOSConfig.h
2025-06-27 17:17:58,837 [INFO] CodeEngine:263 - oldGeneratedFile, C:\Users\marcv\Desktop\X1-Thorn\1_Code\3_STM32\0_workspace\X1_Thorn_v3\Core\Src\freertos.c_save
2025-06-27 17:17:58,922 [INFO] CodeEngine:287 - Generated code: C:\Users\marcv\Desktop\X1-Thorn\1_Code\3_STM32\0_workspace\X1_Thorn_v3\Core\Src\freertos.c
2025-06-27 17:17:58,949 [INFO] CodeEngine:263 - oldGeneratedFile, C:\Users\marcv\Desktop\X1-Thorn\1_Code\3_STM32\0_workspace\X1_Thorn_v3\Core\Src\adc.c_save
2025-06-27 17:17:59,054 [INFO] CodeEngine:287 - Generated code: C:\Users\marcv\Desktop\X1-Thorn\1_Code\3_STM32\0_workspace\X1_Thorn_v3\Core\Src\adc.c
2025-06-27 17:17:59,071 [INFO] CodeEngine:263 - oldGeneratedFile, C:\Users\marcv\Desktop\X1-Thorn\1_Code\3_STM32\0_workspace\X1_Thorn_v3\Core\Inc\adc.h_save
2025-06-27 17:17:59,130 [INFO] CodeEngine:287 - Generated code: C:\Users\marcv\Desktop\X1-Thorn\1_Code\3_STM32\0_workspace\X1_Thorn_v3\Core\Inc\adc.h
2025-06-27 17:17:59,141 [INFO] CodeEngine:263 - oldGeneratedFile, C:\Users\marcv\Desktop\X1-Thorn\1_Code\3_STM32\0_workspace\X1_Thorn_v3\MXTmpFiles\cortex.tmp_save
2025-06-27 17:17:59,216 [INFO] CodeEngine:287 - Generated code: C:\Users\marcv\Desktop\X1-Thorn\1_Code\3_STM32\0_workspace\X1_Thorn_v3\MXTmpFiles\cortex.tmp
2025-06-27 17:17:59,274 [INFO] CodeEngine:263 - oldGeneratedFile, C:\Users\marcv\Desktop\X1-Thorn\1_Code\3_STM32\0_workspace\X1_Thorn_v3\Core\Src\dma.c_save
2025-06-27 17:17:59,339 [INFO] CodeEngine:287 - Generated code: C:\Users\marcv\Desktop\X1-Thorn\1_Code\3_STM32\0_workspace\X1_Thorn_v3\Core\Src\dma.c
2025-06-27 17:17:59,353 [INFO] CodeEngine:263 - oldGeneratedFile, C:\Users\marcv\Desktop\X1-Thorn\1_Code\3_STM32\0_workspace\X1_Thorn_v3\Core\Inc\dma.h_save
2025-06-27 17:17:59,417 [INFO] CodeEngine:287 - Generated code: C:\Users\marcv\Desktop\X1-Thorn\1_Code\3_STM32\0_workspace\X1_Thorn_v3\Core\Inc\dma.h
2025-06-27 17:17:59,438 [INFO] CodeEngine:263 - oldGeneratedFile, C:\Users\marcv\Desktop\X1-Thorn\1_Code\3_STM32\0_workspace\X1_Thorn_v3\Core\Src\i2c.c_save
2025-06-27 17:17:59,524 [INFO] CodeEngine:287 - Generated code: C:\Users\marcv\Desktop\X1-Thorn\1_Code\3_STM32\0_workspace\X1_Thorn_v3\Core\Src\i2c.c
2025-06-27 17:17:59,531 [INFO] CodeEngine:263 - oldGeneratedFile, C:\Users\marcv\Desktop\X1-Thorn\1_Code\3_STM32\0_workspace\X1_Thorn_v3\Core\Inc\i2c.h_save
2025-06-27 17:17:59,585 [INFO] CodeEngine:287 - Generated code: C:\Users\marcv\Desktop\X1-Thorn\1_Code\3_STM32\0_workspace\X1_Thorn_v3\Core\Inc\i2c.h
2025-06-27 17:17:59,608 [INFO] CodeEngine:263 - oldGeneratedFile, C:\Users\marcv\Desktop\X1-Thorn\1_Code\3_STM32\0_workspace\X1_Thorn_v3\Core\Src\memorymap.c_save
2025-06-27 17:17:59,692 [INFO] CodeEngine:287 - Generated code: C:\Users\marcv\Desktop\X1-Thorn\1_Code\3_STM32\0_workspace\X1_Thorn_v3\Core\Src\memorymap.c
2025-06-27 17:17:59,698 [INFO] CodeEngine:263 - oldGeneratedFile, C:\Users\marcv\Desktop\X1-Thorn\1_Code\3_STM32\0_workspace\X1_Thorn_v3\Core\Inc\memorymap.h_save
2025-06-27 17:17:59,760 [INFO] CodeEngine:287 - Generated code: C:\Users\marcv\Desktop\X1-Thorn\1_Code\3_STM32\0_workspace\X1_Thorn_v3\Core\Inc\memorymap.h
2025-06-27 17:17:59,791 [INFO] CodeEngine:263 - oldGeneratedFile, C:\Users\marcv\Desktop\X1-Thorn\1_Code\3_STM32\0_workspace\X1_Thorn_v3\Core\Src\spi.c_save
2025-06-27 17:17:59,880 [INFO] CodeEngine:287 - Generated code: C:\Users\marcv\Desktop\X1-Thorn\1_Code\3_STM32\0_workspace\X1_Thorn_v3\Core\Src\spi.c
2025-06-27 17:17:59,888 [INFO] CodeEngine:263 - oldGeneratedFile, C:\Users\marcv\Desktop\X1-Thorn\1_Code\3_STM32\0_workspace\X1_Thorn_v3\Core\Inc\spi.h_save
2025-06-27 17:17:59,953 [INFO] CodeEngine:287 - Generated code: C:\Users\marcv\Desktop\X1-Thorn\1_Code\3_STM32\0_workspace\X1_Thorn_v3\Core\Inc\spi.h
2025-06-27 17:17:59,977 [INFO] CodeEngine:263 - oldGeneratedFile, C:\Users\marcv\Desktop\X1-Thorn\1_Code\3_STM32\0_workspace\X1_Thorn_v3\Core\Src\tim.c_save
2025-06-27 17:18:00,133 [INFO] CodeEngine:287 - Generated code: C:\Users\marcv\Desktop\X1-Thorn\1_Code\3_STM32\0_workspace\X1_Thorn_v3\Core\Src\tim.c
2025-06-27 17:18:00,147 [INFO] CodeEngine:263 - oldGeneratedFile, C:\Users\marcv\Desktop\X1-Thorn\1_Code\3_STM32\0_workspace\X1_Thorn_v3\Core\Inc\tim.h_save
2025-06-27 17:18:00,224 [INFO] CodeEngine:287 - Generated code: C:\Users\marcv\Desktop\X1-Thorn\1_Code\3_STM32\0_workspace\X1_Thorn_v3\Core\Inc\tim.h
2025-06-27 17:18:00,245 [INFO] CodeEngine:263 - oldGeneratedFile, C:\Users\marcv\Desktop\X1-Thorn\1_Code\3_STM32\0_workspace\X1_Thorn_v3\Core\Src\usart.c_save
2025-06-27 17:18:00,338 [INFO] CodeEngine:287 - Generated code: C:\Users\marcv\Desktop\X1-Thorn\1_Code\3_STM32\0_workspace\X1_Thorn_v3\Core\Src\usart.c
2025-06-27 17:18:00,345 [INFO] CodeEngine:263 - oldGeneratedFile, C:\Users\marcv\Desktop\X1-Thorn\1_Code\3_STM32\0_workspace\X1_Thorn_v3\Core\Inc\usart.h_save
2025-06-27 17:18:00,412 [INFO] CodeEngine:287 - Generated code: C:\Users\marcv\Desktop\X1-Thorn\1_Code\3_STM32\0_workspace\X1_Thorn_v3\Core\Inc\usart.h
2025-06-27 17:18:00,447 [INFO] CodeEngine:263 - oldGeneratedFile, C:\Users\marcv\Desktop\X1-Thorn\1_Code\3_STM32\0_workspace\X1_Thorn_v3\Core\Src\stm32h7xx_it.c_save
2025-06-27 17:18:00,611 [INFO] CodeEngine:287 - Generated code: C:\Users\marcv\Desktop\X1-Thorn\1_Code\3_STM32\0_workspace\X1_Thorn_v3\Core\Src\stm32h7xx_it.c
2025-06-27 17:18:00,625 [INFO] CodeEngine:263 - oldGeneratedFile, C:\Users\marcv\Desktop\X1-Thorn\1_Code\3_STM32\0_workspace\X1_Thorn_v3\Core\Inc\stm32h7xx_it.h_save
2025-06-27 17:18:00,678 [INFO] CodeEngine:287 - Generated code: C:\Users\marcv\Desktop\X1-Thorn\1_Code\3_STM32\0_workspace\X1_Thorn_v3\Core\Inc\stm32h7xx_it.h
2025-06-27 17:18:00,780 [INFO] CodeEngine:263 - oldGeneratedFile, C:\Users\marcv\Desktop\X1-Thorn\1_Code\3_STM32\0_workspace\X1_Thorn_v3\Core\Src\stm32h7xx_hal_msp.c_save
2025-06-27 17:18:00,862 [INFO] CodeEngine:287 - Generated code: C:\Users\marcv\Desktop\X1-Thorn\1_Code\3_STM32\0_workspace\X1_Thorn_v3\Core\Src\stm32h7xx_hal_msp.c
2025-06-27 17:18:00,867 [INFO] CodeEngine:263 - oldGeneratedFile, C:\Users\marcv\Desktop\X1-Thorn\1_Code\3_STM32\0_workspace\X1_Thorn_v3\MXTmpFiles\system.tmp_save
2025-06-27 17:18:00,917 [INFO] CodeEngine:287 - Generated code: C:\Users\marcv\Desktop\X1-Thorn\1_Code\3_STM32\0_workspace\X1_Thorn_v3\MXTmpFiles\system.tmp
2025-06-27 17:18:00,932 [INFO] CodeEngine:263 - oldGeneratedFile, C:\Users\marcv\Desktop\X1-Thorn\1_Code\3_STM32\0_workspace\X1_Thorn_v3\Core\Src\stm32h7xx_hal_timebase_tim.c_save
2025-06-27 17:18:00,992 [INFO] CodeEngine:287 - Generated code: C:\Users\marcv\Desktop\X1-Thorn\1_Code\3_STM32\0_workspace\X1_Thorn_v3\Core\Src\stm32h7xx_hal_timebase_tim.c
2025-06-27 17:18:01,014 [INFO] CodeEngine:319 - oldGeneratedFile, C:\Users\marcv\Desktop\X1-Thorn\1_Code\3_STM32\0_workspace\X1_Thorn_v3\Core\Inc\stm32h7xx_hal_conf.h_save
2025-06-27 17:18:01,098 [INFO] CodeEngine:343 - Generated code: C:\Users\marcv\Desktop\X1-Thorn\1_Code\3_STM32\0_workspace\X1_Thorn_v3\Core\Inc\stm32h7xx_hal_conf.h
2025-06-27 17:18:01,141 [ERROR] ApiDbMcu:464 - Can't load MEMORYMAP-STM32xx root dir null
2025-06-27 17:18:01,142 [ERROR] ApiDbMcu:536 - Cannot parse MEMORYMAP_Config file : file do not exist
2025-06-27 17:18:01,162 [INFO] CodeEngine:263 - oldGeneratedFile, C:\Users\marcv\Desktop\X1-Thorn\1_Code\3_STM32\0_workspace\X1_Thorn_v3\Core\Inc\main.h_save
2025-06-27 17:18:01,237 [INFO] CodeEngine:287 - Generated code: C:\Users\marcv\Desktop\X1-Thorn\1_Code\3_STM32\0_workspace\X1_Thorn_v3\Core\Inc\main.h
2025-06-27 17:18:01,252 [INFO] CodeEngine:263 - oldGeneratedFile, C:\Users\marcv\Desktop\X1-Thorn\1_Code\3_STM32\0_workspace\X1_Thorn_v3\Core\Src\main.c_save
2025-06-27 17:18:01,345 [INFO] CodeEngine:287 - Generated code: C:\Users\marcv\Desktop\X1-Thorn\1_Code\3_STM32\0_workspace\X1_Thorn_v3\Core\Src\main.c
2025-06-27 17:18:01,973 [INFO] ProjectBuilder:3324 - Time for Copy HAL[1] : 414mS.
2025-06-27 17:18:01,982 [INFO] ProjectBuilder:4912 - Project Generator version: 4.6.0-B36
2025-06-27 17:18:02,058 [INFO] ConfigFileManager:1590 - The Die is : DIE450
2025-06-27 17:18:03,390 [INFO] ProjectBuilder:5191 - Time for Generating toolchain IDE Files: 1407mS.
2025-06-27 17:18:03,390 [INFO] ProjectBuilder:3181 - Time for Copy CMSIS : 0mS.
2025-06-27 17:18:03,469 [INFO] ProjectBuilder:3181 - Time for Copy CMSIS : 0mS.
2025-06-27 17:23:03,268 [INFO] NvicIntPanel:101 - NVIC parent = com.st.microxplorer.plugins.ip.nvic.MultiNvicIntPanel[,0,0,0x0,invalid,layout=javax.swing.BoxLayout,alignmentX=0.0,alignmentY=0.0,border=,flags=9,maximumSize=,minimumSize=,preferredSize=]
2025-06-27 17:23:09,381 [INFO] UtilMem:75 - End SaveConfig() Used Memory: 757594360 Bytes (1073741824)
2025-06-27 17:23:10,667 [INFO] UtilMem:75 - End SaveConfig() Used Memory: 801076720 Bytes (1073741824)
2025-06-27 17:23:11,193 [INFO] UtilMem:75 - End SaveConfig() Used Memory: 849812464 Bytes (1073741824)
2025-06-27 17:23:11,671 [INFO] BlockDiagram:2775 - set Specific Code input for plugin: SPI
2025-06-27 17:23:11,672 [INFO] BlockDiagram:2775 - set Specific Code input for plugin: FREERTOS
2025-06-27 17:23:11,672 [INFO] BlockDiagram:2775 - set Specific Code input for plugin: RCC
2025-06-27 17:23:11,672 [INFO] BlockDiagram:2775 - set Specific Code input for plugin: I2C
2025-06-27 17:23:11,672 [INFO] BlockDiagram:2775 - set Specific Code input for plugin: TIM1_8H7
2025-06-27 17:23:11,672 [INFO] BlockDiagram:2775 - set Specific Code input for plugin: TIM1_8H7
2025-06-27 17:23:11,672 [INFO] BlockDiagram:2775 - set Specific Code input for plugin: TIM1_8H7
2025-06-27 17:23:11,672 [INFO] BlockDiagram:2775 - set Specific Code input for plugin: MEMORYMAP
2025-06-27 17:23:11,672 [INFO] BlockDiagram:2775 - set Specific Code input for plugin: TIM1_8H7
2025-06-27 17:23:11,672 [INFO] BlockDiagram:2775 - set Specific Code input for plugin: TIM1_8H7
2025-06-27 17:23:11,672 [INFO] BlockDiagram:2775 - set Specific Code input for plugin: TIM1_8H7
2025-06-27 17:23:11,672 [INFO] BlockDiagram:2775 - set Specific Code input for plugin: ADC
2025-06-27 17:23:11,673 [INFO] BlockDiagram:2775 - set Specific Code input for plugin: SYS
2025-06-27 17:23:11,673 [INFO] BlockDiagram:2775 - set Specific Code input for plugin: ADC
2025-06-27 17:23:11,673 [INFO] BlockDiagram:2775 - set Specific Code input for plugin: NVIC
2025-06-27 17:23:11,673 [INFO] BlockDiagram:2775 - set Specific Code input for plugin: DMA
2025-06-27 17:23:11,673 [INFO] BlockDiagram:2775 - set Specific Code input for plugin: VREFBUF
2025-06-27 17:23:11,673 [INFO] BlockDiagram:2775 - set Specific Code input for plugin: UART
2025-06-27 17:23:11,673 [INFO] BlockDiagram:2775 - set Specific Code input for plugin: UART
2025-06-27 17:23:11,673 [INFO] BlockDiagram:2775 - set Specific Code input for plugin: DEBUG
2025-06-27 17:23:11,674 [INFO] BlockDiagram:2775 - set Specific Code input for plugin: GPIO
2025-06-27 17:23:11,675 [INFO] CodeGenerator:882 - code generatio: config db path: C:\ST\STM32CubeIDE_1.18.0\STM32CubeIDE\plugins\com.st.stm32cube.common.mx_6.14.0.202502271554\\db\
2025-06-27 17:23:11,775 [INFO] Argument:325 - Argument : hdmavalue: null
2025-06-27 17:23:11,775 [INFO] Argument:327 - 	 sub Args: 
2025-06-27 17:23:11,775 [INFO] Argument:325 - Argument : Instancevalue: DMA1_Stream0
2025-06-27 17:23:11,775 [INFO] Argument:335 - Argument : Instancevalue: DMA1_Stream0
2025-06-27 17:23:11,775 [INFO] Argument:325 - Argument : Initvalue: null
2025-06-27 17:23:11,775 [INFO] Argument:327 - 	 sub Args: 
2025-06-27 17:23:11,775 [INFO] Argument:325 - Argument : Requestvalue: DMA_REQUEST_TIM3_CH1
2025-06-27 17:23:11,776 [INFO] Argument:335 - Argument : Requestvalue: DMA_REQUEST_TIM3_CH1
2025-06-27 17:23:11,776 [INFO] Argument:325 - Argument : Directionvalue: DMA_MEMORY_TO_PERIPH
2025-06-27 17:23:11,776 [INFO] Argument:335 - Argument : Directionvalue: DMA_MEMORY_TO_PERIPH
2025-06-27 17:23:11,776 [INFO] Argument:325 - Argument : PeriphIncvalue: DMA_PINC_DISABLE
2025-06-27 17:23:11,776 [INFO] Argument:335 - Argument : PeriphIncvalue: DMA_PINC_DISABLE
2025-06-27 17:23:11,776 [INFO] Argument:325 - Argument : MemIncvalue: DMA_MINC_ENABLE
2025-06-27 17:23:11,776 [INFO] Argument:335 - Argument : MemIncvalue: DMA_MINC_ENABLE
2025-06-27 17:23:11,776 [INFO] Argument:325 - Argument : PeriphDataAlignmentvalue: DMA_PDATAALIGN_HALFWORD
2025-06-27 17:23:11,776 [INFO] Argument:335 - Argument : PeriphDataAlignmentvalue: DMA_PDATAALIGN_HALFWORD
2025-06-27 17:23:11,776 [INFO] Argument:325 - Argument : MemDataAlignmentvalue: DMA_MDATAALIGN_HALFWORD
2025-06-27 17:23:11,776 [INFO] Argument:335 - Argument : MemDataAlignmentvalue: DMA_MDATAALIGN_HALFWORD
2025-06-27 17:23:11,776 [INFO] Argument:325 - Argument : Modevalue: DMA_NORMAL
2025-06-27 17:23:11,776 [INFO] Argument:335 - Argument : Modevalue: DMA_NORMAL
2025-06-27 17:23:11,777 [INFO] Argument:325 - Argument : Priorityvalue: DMA_PRIORITY_HIGH
2025-06-27 17:23:11,777 [INFO] Argument:335 - Argument : Priorityvalue: DMA_PRIORITY_HIGH
2025-06-27 17:23:11,777 [INFO] Argument:325 - Argument : FIFOModevalue: DMA_FIFOMODE_DISABLE
2025-06-27 17:23:11,777 [INFO] Argument:335 - Argument : FIFOModevalue: DMA_FIFOMODE_DISABLE
2025-06-27 17:23:11,777 [INFO] Argument:325 - Argument : FIFOThresholdvalue: null
2025-06-27 17:23:11,777 [INFO] Argument:335 - Argument : FIFOThresholdvalue: null
2025-06-27 17:23:11,777 [INFO] Argument:325 - Argument : MemBurstvalue: null
2025-06-27 17:23:11,777 [INFO] Argument:335 - Argument : MemBurstvalue: null
2025-06-27 17:23:11,777 [INFO] Argument:325 - Argument : PeriphBurstvalue: null
2025-06-27 17:23:11,777 [INFO] Argument:335 - Argument : PeriphBurstvalue: null
2025-06-27 17:23:11,777 [INFO] Argument:325 - Argument : Lockvalue: null
2025-06-27 17:23:11,777 [INFO] Argument:335 - Argument : Lockvalue: null
2025-06-27 17:23:11,777 [INFO] Argument:325 - Argument : Statevalue: null
2025-06-27 17:23:11,777 [INFO] Argument:335 - Argument : Statevalue: null
2025-06-27 17:23:11,778 [INFO] Argument:325 - Argument : Parentvalue: null
2025-06-27 17:23:11,778 [INFO] Argument:335 - Argument : Parentvalue: null
2025-06-27 17:23:11,778 [INFO] Argument:325 - Argument : XferCpltCallbackvalue: null
2025-06-27 17:23:11,778 [INFO] Argument:335 - Argument : XferCpltCallbackvalue: null
2025-06-27 17:23:11,778 [INFO] Argument:325 - Argument : XferHalfCpltCallbackvalue: null
2025-06-27 17:23:11,778 [INFO] Argument:335 - Argument : XferHalfCpltCallbackvalue: null
2025-06-27 17:23:11,778 [INFO] Argument:325 - Argument : XferM1CpltCallbackvalue: null
2025-06-27 17:23:11,778 [INFO] Argument:335 - Argument : XferM1CpltCallbackvalue: null
2025-06-27 17:23:11,778 [INFO] Argument:325 - Argument : XferM1HalfCpltCallbackvalue: null
2025-06-27 17:23:11,778 [INFO] Argument:335 - Argument : XferM1HalfCpltCallbackvalue: null
2025-06-27 17:23:11,778 [INFO] Argument:325 - Argument : XferErrorCallbackvalue: null
2025-06-27 17:23:11,778 [INFO] Argument:335 - Argument : XferErrorCallbackvalue: null
2025-06-27 17:23:11,778 [INFO] Argument:325 - Argument : XferAbortCallbackvalue: null
2025-06-27 17:23:11,778 [INFO] Argument:335 - Argument : XferAbortCallbackvalue: null
2025-06-27 17:23:11,778 [INFO] Argument:325 - Argument : ErrorCodevalue: null
2025-06-27 17:23:11,778 [INFO] Argument:335 - Argument : ErrorCodevalue: null
2025-06-27 17:23:11,778 [INFO] Argument:325 - Argument : StreamBaseAddressvalue: null
2025-06-27 17:23:11,778 [INFO] Argument:335 - Argument : StreamBaseAddressvalue: null
2025-06-27 17:23:11,778 [INFO] Argument:325 - Argument : StreamIndexvalue: null
2025-06-27 17:23:11,779 [INFO] Argument:335 - Argument : StreamIndexvalue: null
2025-06-27 17:23:11,779 [INFO] Argument:325 - Argument : hdmavalue: null
2025-06-27 17:23:11,779 [INFO] Argument:327 - 	 sub Args: 
2025-06-27 17:23:11,779 [INFO] Argument:325 - Argument : Instancevalue: DMA1_Stream1
2025-06-27 17:23:11,779 [INFO] Argument:335 - Argument : Instancevalue: DMA1_Stream1
2025-06-27 17:23:11,779 [INFO] Argument:325 - Argument : Initvalue: null
2025-06-27 17:23:11,779 [INFO] Argument:327 - 	 sub Args: 
2025-06-27 17:23:11,779 [INFO] Argument:325 - Argument : Requestvalue: DMA_REQUEST_TIM3_CH2
2025-06-27 17:23:11,780 [INFO] Argument:335 - Argument : Requestvalue: DMA_REQUEST_TIM3_CH2
2025-06-27 17:23:11,780 [INFO] Argument:325 - Argument : Directionvalue: DMA_MEMORY_TO_PERIPH
2025-06-27 17:23:11,780 [INFO] Argument:335 - Argument : Directionvalue: DMA_MEMORY_TO_PERIPH
2025-06-27 17:23:11,780 [INFO] Argument:325 - Argument : PeriphIncvalue: DMA_PINC_DISABLE
2025-06-27 17:23:11,780 [INFO] Argument:335 - Argument : PeriphIncvalue: DMA_PINC_DISABLE
2025-06-27 17:23:11,780 [INFO] Argument:325 - Argument : MemIncvalue: DMA_MINC_ENABLE
2025-06-27 17:23:11,780 [INFO] Argument:335 - Argument : MemIncvalue: DMA_MINC_ENABLE
2025-06-27 17:23:11,780 [INFO] Argument:325 - Argument : PeriphDataAlignmentvalue: DMA_PDATAALIGN_HALFWORD
2025-06-27 17:23:11,780 [INFO] Argument:335 - Argument : PeriphDataAlignmentvalue: DMA_PDATAALIGN_HALFWORD
2025-06-27 17:23:11,780 [INFO] Argument:325 - Argument : MemDataAlignmentvalue: DMA_MDATAALIGN_HALFWORD
2025-06-27 17:23:11,780 [INFO] Argument:335 - Argument : MemDataAlignmentvalue: DMA_MDATAALIGN_HALFWORD
2025-06-27 17:23:11,780 [INFO] Argument:325 - Argument : Modevalue: DMA_NORMAL
2025-06-27 17:23:11,780 [INFO] Argument:335 - Argument : Modevalue: DMA_NORMAL
2025-06-27 17:23:11,781 [INFO] Argument:325 - Argument : Priorityvalue: DMA_PRIORITY_HIGH
2025-06-27 17:23:11,781 [INFO] Argument:335 - Argument : Priorityvalue: DMA_PRIORITY_HIGH
2025-06-27 17:23:11,781 [INFO] Argument:325 - Argument : FIFOModevalue: DMA_FIFOMODE_DISABLE
2025-06-27 17:23:11,781 [INFO] Argument:335 - Argument : FIFOModevalue: DMA_FIFOMODE_DISABLE
2025-06-27 17:23:11,781 [INFO] Argument:325 - Argument : FIFOThresholdvalue: null
2025-06-27 17:23:11,781 [INFO] Argument:335 - Argument : FIFOThresholdvalue: null
2025-06-27 17:23:11,781 [INFO] Argument:325 - Argument : MemBurstvalue: null
2025-06-27 17:23:11,781 [INFO] Argument:335 - Argument : MemBurstvalue: null
2025-06-27 17:23:11,781 [INFO] Argument:325 - Argument : PeriphBurstvalue: null
2025-06-27 17:23:11,781 [INFO] Argument:335 - Argument : PeriphBurstvalue: null
2025-06-27 17:23:11,781 [INFO] Argument:325 - Argument : Lockvalue: null
2025-06-27 17:23:11,781 [INFO] Argument:335 - Argument : Lockvalue: null
2025-06-27 17:23:11,781 [INFO] Argument:325 - Argument : Statevalue: null
2025-06-27 17:23:11,781 [INFO] Argument:335 - Argument : Statevalue: null
2025-06-27 17:23:11,782 [INFO] Argument:325 - Argument : Parentvalue: null
2025-06-27 17:23:11,782 [INFO] Argument:335 - Argument : Parentvalue: null
2025-06-27 17:23:11,782 [INFO] Argument:325 - Argument : XferCpltCallbackvalue: null
2025-06-27 17:23:11,782 [INFO] Argument:335 - Argument : XferCpltCallbackvalue: null
2025-06-27 17:23:11,782 [INFO] Argument:325 - Argument : XferHalfCpltCallbackvalue: null
2025-06-27 17:23:11,782 [INFO] Argument:335 - Argument : XferHalfCpltCallbackvalue: null
2025-06-27 17:23:11,782 [INFO] Argument:325 - Argument : XferM1CpltCallbackvalue: null
2025-06-27 17:23:11,782 [INFO] Argument:335 - Argument : XferM1CpltCallbackvalue: null
2025-06-27 17:23:11,782 [INFO] Argument:325 - Argument : XferM1HalfCpltCallbackvalue: null
2025-06-27 17:23:11,782 [INFO] Argument:335 - Argument : XferM1HalfCpltCallbackvalue: null
2025-06-27 17:23:11,782 [INFO] Argument:325 - Argument : XferErrorCallbackvalue: null
2025-06-27 17:23:11,782 [INFO] Argument:335 - Argument : XferErrorCallbackvalue: null
2025-06-27 17:23:11,782 [INFO] Argument:325 - Argument : XferAbortCallbackvalue: null
2025-06-27 17:23:11,782 [INFO] Argument:335 - Argument : XferAbortCallbackvalue: null
2025-06-27 17:23:11,782 [INFO] Argument:325 - Argument : ErrorCodevalue: null
2025-06-27 17:23:11,782 [INFO] Argument:335 - Argument : ErrorCodevalue: null
2025-06-27 17:23:11,782 [INFO] Argument:325 - Argument : StreamBaseAddressvalue: null
2025-06-27 17:23:11,782 [INFO] Argument:335 - Argument : StreamBaseAddressvalue: null
2025-06-27 17:23:11,783 [INFO] Argument:325 - Argument : StreamIndexvalue: null
2025-06-27 17:23:11,783 [INFO] Argument:335 - Argument : StreamIndexvalue: null
2025-06-27 17:23:11,960 [INFO] CodeEngine:263 - oldGeneratedFile, C:\Users\marcv\Desktop\X1-Thorn\1_Code\3_STM32\0_workspace\X1_Thorn_v3\MXTmpFiles\license.tmp_save
2025-06-27 17:23:12,205 [INFO] CodeEngine:287 - Generated code: C:\Users\marcv\Desktop\X1-Thorn\1_Code\3_STM32\0_workspace\X1_Thorn_v3\MXTmpFiles\license.tmp
2025-06-27 17:23:12,351 [INFO] CodeEngine:263 - oldGeneratedFile, C:\Users\marcv\Desktop\X1-Thorn\1_Code\3_STM32\0_workspace\X1_Thorn_v3\Core\Src\gpio.c_save
2025-06-27 17:23:12,502 [INFO] CodeEngine:287 - Generated code: C:\Users\marcv\Desktop\X1-Thorn\1_Code\3_STM32\0_workspace\X1_Thorn_v3\Core\Src\gpio.c
2025-06-27 17:23:12,512 [INFO] CodeEngine:263 - oldGeneratedFile, C:\Users\marcv\Desktop\X1-Thorn\1_Code\3_STM32\0_workspace\X1_Thorn_v3\Core\Inc\gpio.h_save
2025-06-27 17:23:12,608 [INFO] CodeEngine:287 - Generated code: C:\Users\marcv\Desktop\X1-Thorn\1_Code\3_STM32\0_workspace\X1_Thorn_v3\Core\Inc\gpio.h
2025-06-27 17:23:12,913 [WARN] IPConfigManager:103 - WARNING: Missing Config File for DEBUG ip!!
2025-06-27 17:23:13,211 [WARN] IPConfigManager:103 - WARNING: Missing Config File for MEMORYMAP ip!!
2025-06-27 17:23:14,538 [INFO] Middleware:1452 - No code input for Bsp Dependency
2025-06-27 17:23:14,547 [INFO] CodeEngine:263 - oldGeneratedFile, C:\Users\marcv\Desktop\X1-Thorn\1_Code\3_STM32\0_workspace\X1_Thorn_v3\MXTmpFiles\rtos_inc.tmp_save
2025-06-27 17:23:14,634 [INFO] CodeEngine:287 - Generated code: C:\Users\marcv\Desktop\X1-Thorn\1_Code\3_STM32\0_workspace\X1_Thorn_v3\MXTmpFiles\rtos_inc.tmp
2025-06-27 17:23:14,640 [INFO] CodeEngine:263 - oldGeneratedFile, C:\Users\marcv\Desktop\X1-Thorn\1_Code\3_STM32\0_workspace\X1_Thorn_v3\MXTmpFiles\rtos_kernelInit.tmp_save
2025-06-27 17:23:14,705 [INFO] CodeEngine:287 - Generated code: C:\Users\marcv\Desktop\X1-Thorn\1_Code\3_STM32\0_workspace\X1_Thorn_v3\MXTmpFiles\rtos_kernelInit.tmp
2025-06-27 17:23:14,710 [INFO] CodeEngine:263 - oldGeneratedFile, C:\Users\marcv\Desktop\X1-Thorn\1_Code\3_STM32\0_workspace\X1_Thorn_v3\MXTmpFiles\rtos_kernelStart.tmp_save
2025-06-27 17:23:14,772 [INFO] CodeEngine:287 - Generated code: C:\Users\marcv\Desktop\X1-Thorn\1_Code\3_STM32\0_workspace\X1_Thorn_v3\MXTmpFiles\rtos_kernelStart.tmp
2025-06-27 17:23:14,781 [INFO] CodeEngine:263 - oldGeneratedFile, C:\Users\marcv\Desktop\X1-Thorn\1_Code\3_STM32\0_workspace\X1_Thorn_v3\MXTmpFiles\rtos_typedefs.tmp_save
2025-06-27 17:23:14,838 [INFO] CodeEngine:287 - Generated code: C:\Users\marcv\Desktop\X1-Thorn\1_Code\3_STM32\0_workspace\X1_Thorn_v3\MXTmpFiles\rtos_typedefs.tmp
2025-06-27 17:23:14,844 [INFO] CodeEngine:263 - oldGeneratedFile, C:\Users\marcv\Desktop\X1-Thorn\1_Code\3_STM32\0_workspace\X1_Thorn_v3\MXTmpFiles\rtos_vars.tmp_save
2025-06-27 17:23:14,921 [INFO] CodeEngine:287 - Generated code: C:\Users\marcv\Desktop\X1-Thorn\1_Code\3_STM32\0_workspace\X1_Thorn_v3\MXTmpFiles\rtos_vars.tmp
2025-06-27 17:23:14,926 [INFO] CodeEngine:263 - oldGeneratedFile, C:\Users\marcv\Desktop\X1-Thorn\1_Code\3_STM32\0_workspace\X1_Thorn_v3\MXTmpFiles\rtos_pfp.tmp_save
2025-06-27 17:23:14,994 [INFO] CodeEngine:287 - Generated code: C:\Users\marcv\Desktop\X1-Thorn\1_Code\3_STM32\0_workspace\X1_Thorn_v3\MXTmpFiles\rtos_pfp.tmp
2025-06-27 17:23:15,000 [INFO] CodeEngine:263 - oldGeneratedFile, C:\Users\marcv\Desktop\X1-Thorn\1_Code\3_STM32\0_workspace\X1_Thorn_v3\MXTmpFiles\rtos_obj_creat.tmp_save
2025-06-27 17:23:15,080 [INFO] CodeEngine:287 - Generated code: C:\Users\marcv\Desktop\X1-Thorn\1_Code\3_STM32\0_workspace\X1_Thorn_v3\MXTmpFiles\rtos_obj_creat.tmp
2025-06-27 17:23:15,086 [INFO] CodeEngine:263 - oldGeneratedFile, C:\Users\marcv\Desktop\X1-Thorn\1_Code\3_STM32\0_workspace\X1_Thorn_v3\MXTmpFiles\rtos_default_thread.tmp_save
2025-06-27 17:23:15,145 [INFO] CodeEngine:287 - Generated code: C:\Users\marcv\Desktop\X1-Thorn\1_Code\3_STM32\0_workspace\X1_Thorn_v3\MXTmpFiles\rtos_default_thread.tmp
2025-06-27 17:23:15,151 [INFO] CodeEngine:263 - oldGeneratedFile, C:\Users\marcv\Desktop\X1-Thorn\1_Code\3_STM32\0_workspace\X1_Thorn_v3\MXTmpFiles\rtos_threads.tmp_save
2025-06-27 17:23:15,216 [INFO] CodeEngine:287 - Generated code: C:\Users\marcv\Desktop\X1-Thorn\1_Code\3_STM32\0_workspace\X1_Thorn_v3\MXTmpFiles\rtos_threads.tmp
2025-06-27 17:23:15,261 [INFO] Middleware:1452 - No code input for Bsp Dependency
2025-06-27 17:23:15,273 [INFO] CodeEngine:263 - oldGeneratedFile, C:\Users\marcv\Desktop\X1-Thorn\1_Code\3_STM32\0_workspace\X1_Thorn_v3\MXTmpFiles\rtos_inc.tmp_save
2025-06-27 17:23:15,350 [INFO] CodeEngine:287 - Generated code: C:\Users\marcv\Desktop\X1-Thorn\1_Code\3_STM32\0_workspace\X1_Thorn_v3\MXTmpFiles\rtos_inc.tmp
2025-06-27 17:23:15,357 [INFO] CodeEngine:263 - oldGeneratedFile, C:\Users\marcv\Desktop\X1-Thorn\1_Code\3_STM32\0_workspace\X1_Thorn_v3\MXTmpFiles\rtos_kernelInit.tmp_save
2025-06-27 17:23:15,409 [INFO] CodeEngine:287 - Generated code: C:\Users\marcv\Desktop\X1-Thorn\1_Code\3_STM32\0_workspace\X1_Thorn_v3\MXTmpFiles\rtos_kernelInit.tmp
2025-06-27 17:23:15,416 [INFO] CodeEngine:263 - oldGeneratedFile, C:\Users\marcv\Desktop\X1-Thorn\1_Code\3_STM32\0_workspace\X1_Thorn_v3\MXTmpFiles\rtos_kernelStart.tmp_save
2025-06-27 17:23:15,469 [INFO] CodeEngine:287 - Generated code: C:\Users\marcv\Desktop\X1-Thorn\1_Code\3_STM32\0_workspace\X1_Thorn_v3\MXTmpFiles\rtos_kernelStart.tmp
2025-06-27 17:23:15,476 [INFO] CodeEngine:263 - oldGeneratedFile, C:\Users\marcv\Desktop\X1-Thorn\1_Code\3_STM32\0_workspace\X1_Thorn_v3\MXTmpFiles\rtos_typedefs.tmp_save
2025-06-27 17:23:15,541 [INFO] CodeEngine:287 - Generated code: C:\Users\marcv\Desktop\X1-Thorn\1_Code\3_STM32\0_workspace\X1_Thorn_v3\MXTmpFiles\rtos_typedefs.tmp
2025-06-27 17:23:15,558 [INFO] CodeEngine:263 - oldGeneratedFile, C:\Users\marcv\Desktop\X1-Thorn\1_Code\3_STM32\0_workspace\X1_Thorn_v3\MXTmpFiles\rtos_vars.tmp_save
2025-06-27 17:23:15,618 [INFO] CodeEngine:287 - Generated code: C:\Users\marcv\Desktop\X1-Thorn\1_Code\3_STM32\0_workspace\X1_Thorn_v3\MXTmpFiles\rtos_vars.tmp
2025-06-27 17:23:15,627 [INFO] CodeEngine:263 - oldGeneratedFile, C:\Users\marcv\Desktop\X1-Thorn\1_Code\3_STM32\0_workspace\X1_Thorn_v3\MXTmpFiles\rtos_pfp.tmp_save
2025-06-27 17:23:15,688 [INFO] CodeEngine:287 - Generated code: C:\Users\marcv\Desktop\X1-Thorn\1_Code\3_STM32\0_workspace\X1_Thorn_v3\MXTmpFiles\rtos_pfp.tmp
2025-06-27 17:23:15,709 [INFO] CodeEngine:263 - oldGeneratedFile, C:\Users\marcv\Desktop\X1-Thorn\1_Code\3_STM32\0_workspace\X1_Thorn_v3\MXTmpFiles\rtos_obj_creat.tmp_save
2025-06-27 17:23:15,777 [INFO] CodeEngine:287 - Generated code: C:\Users\marcv\Desktop\X1-Thorn\1_Code\3_STM32\0_workspace\X1_Thorn_v3\MXTmpFiles\rtos_obj_creat.tmp
2025-06-27 17:23:15,785 [INFO] CodeEngine:263 - oldGeneratedFile, C:\Users\marcv\Desktop\X1-Thorn\1_Code\3_STM32\0_workspace\X1_Thorn_v3\MXTmpFiles\rtos_default_thread.tmp_save
2025-06-27 17:23:15,844 [INFO] CodeEngine:287 - Generated code: C:\Users\marcv\Desktop\X1-Thorn\1_Code\3_STM32\0_workspace\X1_Thorn_v3\MXTmpFiles\rtos_default_thread.tmp
2025-06-27 17:23:15,851 [INFO] CodeEngine:263 - oldGeneratedFile, C:\Users\marcv\Desktop\X1-Thorn\1_Code\3_STM32\0_workspace\X1_Thorn_v3\MXTmpFiles\rtos_threads.tmp_save
2025-06-27 17:23:15,921 [INFO] CodeEngine:287 - Generated code: C:\Users\marcv\Desktop\X1-Thorn\1_Code\3_STM32\0_workspace\X1_Thorn_v3\MXTmpFiles\rtos_threads.tmp
2025-06-27 17:23:15,940 [INFO] CodeEngine:263 - oldGeneratedFile, C:\Users\marcv\Desktop\X1-Thorn\1_Code\3_STM32\0_workspace\X1_Thorn_v3\Core\Inc\FreeRTOSConfig.h_save
2025-06-27 17:23:16,025 [INFO] CodeEngine:287 - Generated code: C:\Users\marcv\Desktop\X1-Thorn\1_Code\3_STM32\0_workspace\X1_Thorn_v3\Core\Inc\FreeRTOSConfig.h
2025-06-27 17:23:16,047 [INFO] CodeEngine:263 - oldGeneratedFile, C:\Users\marcv\Desktop\X1-Thorn\1_Code\3_STM32\0_workspace\X1_Thorn_v3\Core\Src\freertos.c_save
2025-06-27 17:23:16,142 [INFO] CodeEngine:287 - Generated code: C:\Users\marcv\Desktop\X1-Thorn\1_Code\3_STM32\0_workspace\X1_Thorn_v3\Core\Src\freertos.c
2025-06-27 17:23:16,176 [INFO] CodeEngine:263 - oldGeneratedFile, C:\Users\marcv\Desktop\X1-Thorn\1_Code\3_STM32\0_workspace\X1_Thorn_v3\Core\Src\adc.c_save
2025-06-27 17:23:16,291 [INFO] CodeEngine:287 - Generated code: C:\Users\marcv\Desktop\X1-Thorn\1_Code\3_STM32\0_workspace\X1_Thorn_v3\Core\Src\adc.c
2025-06-27 17:23:16,299 [INFO] CodeEngine:263 - oldGeneratedFile, C:\Users\marcv\Desktop\X1-Thorn\1_Code\3_STM32\0_workspace\X1_Thorn_v3\Core\Inc\adc.h_save
2025-06-27 17:23:16,362 [INFO] CodeEngine:287 - Generated code: C:\Users\marcv\Desktop\X1-Thorn\1_Code\3_STM32\0_workspace\X1_Thorn_v3\Core\Inc\adc.h
2025-06-27 17:23:16,374 [INFO] CodeEngine:263 - oldGeneratedFile, C:\Users\marcv\Desktop\X1-Thorn\1_Code\3_STM32\0_workspace\X1_Thorn_v3\MXTmpFiles\cortex.tmp_save
2025-06-27 17:23:16,451 [INFO] CodeEngine:287 - Generated code: C:\Users\marcv\Desktop\X1-Thorn\1_Code\3_STM32\0_workspace\X1_Thorn_v3\MXTmpFiles\cortex.tmp
2025-06-27 17:23:16,513 [INFO] CodeEngine:263 - oldGeneratedFile, C:\Users\marcv\Desktop\X1-Thorn\1_Code\3_STM32\0_workspace\X1_Thorn_v3\Core\Src\dma.c_save
2025-06-27 17:23:16,580 [INFO] CodeEngine:287 - Generated code: C:\Users\marcv\Desktop\X1-Thorn\1_Code\3_STM32\0_workspace\X1_Thorn_v3\Core\Src\dma.c
2025-06-27 17:23:16,587 [INFO] CodeEngine:263 - oldGeneratedFile, C:\Users\marcv\Desktop\X1-Thorn\1_Code\3_STM32\0_workspace\X1_Thorn_v3\Core\Inc\dma.h_save
2025-06-27 17:23:16,651 [INFO] CodeEngine:287 - Generated code: C:\Users\marcv\Desktop\X1-Thorn\1_Code\3_STM32\0_workspace\X1_Thorn_v3\Core\Inc\dma.h
2025-06-27 17:23:16,675 [INFO] CodeEngine:263 - oldGeneratedFile, C:\Users\marcv\Desktop\X1-Thorn\1_Code\3_STM32\0_workspace\X1_Thorn_v3\Core\Src\i2c.c_save
2025-06-27 17:23:16,758 [INFO] CodeEngine:287 - Generated code: C:\Users\marcv\Desktop\X1-Thorn\1_Code\3_STM32\0_workspace\X1_Thorn_v3\Core\Src\i2c.c
2025-06-27 17:23:16,767 [INFO] CodeEngine:263 - oldGeneratedFile, C:\Users\marcv\Desktop\X1-Thorn\1_Code\3_STM32\0_workspace\X1_Thorn_v3\Core\Inc\i2c.h_save
2025-06-27 17:23:16,829 [INFO] CodeEngine:287 - Generated code: C:\Users\marcv\Desktop\X1-Thorn\1_Code\3_STM32\0_workspace\X1_Thorn_v3\Core\Inc\i2c.h
2025-06-27 17:23:16,853 [INFO] CodeEngine:263 - oldGeneratedFile, C:\Users\marcv\Desktop\X1-Thorn\1_Code\3_STM32\0_workspace\X1_Thorn_v3\Core\Src\memorymap.c_save
2025-06-27 17:23:16,940 [INFO] CodeEngine:287 - Generated code: C:\Users\marcv\Desktop\X1-Thorn\1_Code\3_STM32\0_workspace\X1_Thorn_v3\Core\Src\memorymap.c
2025-06-27 17:23:16,948 [INFO] CodeEngine:263 - oldGeneratedFile, C:\Users\marcv\Desktop\X1-Thorn\1_Code\3_STM32\0_workspace\X1_Thorn_v3\Core\Inc\memorymap.h_save
2025-06-27 17:23:17,012 [INFO] CodeEngine:287 - Generated code: C:\Users\marcv\Desktop\X1-Thorn\1_Code\3_STM32\0_workspace\X1_Thorn_v3\Core\Inc\memorymap.h
2025-06-27 17:23:17,039 [INFO] CodeEngine:263 - oldGeneratedFile, C:\Users\marcv\Desktop\X1-Thorn\1_Code\3_STM32\0_workspace\X1_Thorn_v3\Core\Src\spi.c_save
2025-06-27 17:23:17,127 [INFO] CodeEngine:287 - Generated code: C:\Users\marcv\Desktop\X1-Thorn\1_Code\3_STM32\0_workspace\X1_Thorn_v3\Core\Src\spi.c
2025-06-27 17:23:17,134 [INFO] CodeEngine:263 - oldGeneratedFile, C:\Users\marcv\Desktop\X1-Thorn\1_Code\3_STM32\0_workspace\X1_Thorn_v3\Core\Inc\spi.h_save
2025-06-27 17:23:17,199 [INFO] CodeEngine:287 - Generated code: C:\Users\marcv\Desktop\X1-Thorn\1_Code\3_STM32\0_workspace\X1_Thorn_v3\Core\Inc\spi.h
2025-06-27 17:23:17,224 [INFO] CodeEngine:263 - oldGeneratedFile, C:\Users\marcv\Desktop\X1-Thorn\1_Code\3_STM32\0_workspace\X1_Thorn_v3\Core\Src\tim.c_save
2025-06-27 17:23:17,394 [INFO] CodeEngine:287 - Generated code: C:\Users\marcv\Desktop\X1-Thorn\1_Code\3_STM32\0_workspace\X1_Thorn_v3\Core\Src\tim.c
2025-06-27 17:23:17,409 [INFO] CodeEngine:263 - oldGeneratedFile, C:\Users\marcv\Desktop\X1-Thorn\1_Code\3_STM32\0_workspace\X1_Thorn_v3\Core\Inc\tim.h_save
2025-06-27 17:23:17,478 [INFO] CodeEngine:287 - Generated code: C:\Users\marcv\Desktop\X1-Thorn\1_Code\3_STM32\0_workspace\X1_Thorn_v3\Core\Inc\tim.h
2025-06-27 17:23:17,506 [INFO] CodeEngine:263 - oldGeneratedFile, C:\Users\marcv\Desktop\X1-Thorn\1_Code\3_STM32\0_workspace\X1_Thorn_v3\Core\Src\usart.c_save
2025-06-27 17:23:17,595 [INFO] CodeEngine:287 - Generated code: C:\Users\marcv\Desktop\X1-Thorn\1_Code\3_STM32\0_workspace\X1_Thorn_v3\Core\Src\usart.c
2025-06-27 17:23:17,603 [INFO] CodeEngine:263 - oldGeneratedFile, C:\Users\marcv\Desktop\X1-Thorn\1_Code\3_STM32\0_workspace\X1_Thorn_v3\Core\Inc\usart.h_save
2025-06-27 17:23:17,659 [INFO] CodeEngine:287 - Generated code: C:\Users\marcv\Desktop\X1-Thorn\1_Code\3_STM32\0_workspace\X1_Thorn_v3\Core\Inc\usart.h
2025-06-27 17:23:17,709 [INFO] CodeEngine:263 - oldGeneratedFile, C:\Users\marcv\Desktop\X1-Thorn\1_Code\3_STM32\0_workspace\X1_Thorn_v3\Core\Src\stm32h7xx_it.c_save
2025-06-27 17:23:17,938 [INFO] CodeEngine:287 - Generated code: C:\Users\marcv\Desktop\X1-Thorn\1_Code\3_STM32\0_workspace\X1_Thorn_v3\Core\Src\stm32h7xx_it.c
2025-06-27 17:23:17,950 [INFO] CodeEngine:263 - oldGeneratedFile, C:\Users\marcv\Desktop\X1-Thorn\1_Code\3_STM32\0_workspace\X1_Thorn_v3\Core\Inc\stm32h7xx_it.h_save
2025-06-27 17:23:18,045 [INFO] CodeEngine:287 - Generated code: C:\Users\marcv\Desktop\X1-Thorn\1_Code\3_STM32\0_workspace\X1_Thorn_v3\Core\Inc\stm32h7xx_it.h
2025-06-27 17:23:18,230 [INFO] CodeEngine:263 - oldGeneratedFile, C:\Users\marcv\Desktop\X1-Thorn\1_Code\3_STM32\0_workspace\X1_Thorn_v3\Core\Src\stm32h7xx_hal_msp.c_save
2025-06-27 17:23:18,415 [INFO] CodeEngine:287 - Generated code: C:\Users\marcv\Desktop\X1-Thorn\1_Code\3_STM32\0_workspace\X1_Thorn_v3\Core\Src\stm32h7xx_hal_msp.c
2025-06-27 17:23:18,421 [INFO] CodeEngine:263 - oldGeneratedFile, C:\Users\marcv\Desktop\X1-Thorn\1_Code\3_STM32\0_workspace\X1_Thorn_v3\MXTmpFiles\system.tmp_save
2025-06-27 17:23:18,472 [INFO] CodeEngine:287 - Generated code: C:\Users\marcv\Desktop\X1-Thorn\1_Code\3_STM32\0_workspace\X1_Thorn_v3\MXTmpFiles\system.tmp
2025-06-27 17:23:18,488 [INFO] CodeEngine:263 - oldGeneratedFile, C:\Users\marcv\Desktop\X1-Thorn\1_Code\3_STM32\0_workspace\X1_Thorn_v3\Core\Src\stm32h7xx_hal_timebase_tim.c_save
2025-06-27 17:23:18,551 [INFO] CodeEngine:287 - Generated code: C:\Users\marcv\Desktop\X1-Thorn\1_Code\3_STM32\0_workspace\X1_Thorn_v3\Core\Src\stm32h7xx_hal_timebase_tim.c
2025-06-27 17:23:18,575 [INFO] CodeEngine:319 - oldGeneratedFile, C:\Users\marcv\Desktop\X1-Thorn\1_Code\3_STM32\0_workspace\X1_Thorn_v3\Core\Inc\stm32h7xx_hal_conf.h_save
2025-06-27 17:23:18,672 [INFO] CodeEngine:343 - Generated code: C:\Users\marcv\Desktop\X1-Thorn\1_Code\3_STM32\0_workspace\X1_Thorn_v3\Core\Inc\stm32h7xx_hal_conf.h
2025-06-27 17:23:18,723 [ERROR] ApiDbMcu:464 - Can't load MEMORYMAP-STM32xx root dir null
2025-06-27 17:23:18,723 [ERROR] ApiDbMcu:536 - Cannot parse MEMORYMAP_Config file : file do not exist
2025-06-27 17:23:18,750 [INFO] CodeEngine:263 - oldGeneratedFile, C:\Users\marcv\Desktop\X1-Thorn\1_Code\3_STM32\0_workspace\X1_Thorn_v3\Core\Inc\main.h_save
2025-06-27 17:23:18,833 [INFO] CodeEngine:287 - Generated code: C:\Users\marcv\Desktop\X1-Thorn\1_Code\3_STM32\0_workspace\X1_Thorn_v3\Core\Inc\main.h
2025-06-27 17:23:18,850 [INFO] CodeEngine:263 - oldGeneratedFile, C:\Users\marcv\Desktop\X1-Thorn\1_Code\3_STM32\0_workspace\X1_Thorn_v3\Core\Src\main.c_save
2025-06-27 17:23:18,957 [INFO] CodeEngine:287 - Generated code: C:\Users\marcv\Desktop\X1-Thorn\1_Code\3_STM32\0_workspace\X1_Thorn_v3\Core\Src\main.c
2025-06-27 17:23:19,547 [INFO] ProjectBuilder:3324 - Time for Copy HAL[1] : 339mS.
2025-06-27 17:23:19,555 [INFO] ProjectBuilder:4912 - Project Generator version: 4.6.0-B36
2025-06-27 17:23:19,640 [INFO] ConfigFileManager:1590 - The Die is : DIE450
2025-06-27 17:23:21,485 [INFO] ProjectBuilder:5191 - Time for Generating toolchain IDE Files: 1930mS.
2025-06-27 17:23:21,486 [INFO] ProjectBuilder:3181 - Time for Copy CMSIS : 1mS.
2025-06-27 17:23:21,512 [INFO] ProjectBuilder:3181 - Time for Copy CMSIS : 0mS.
2025-06-27 18:08:42,946 [INFO] UtilMem:75 - End SaveConfig() Used Memory: 854855760 Bytes (1073741824)
2025-06-27 18:08:44,105 [INFO] UtilMem:75 - End SaveConfig() Used Memory: 731972608 Bytes (1073741824)
2025-06-27 18:08:44,766 [INFO] UtilMem:75 - End SaveConfig() Used Memory: 781215728 Bytes (1073741824)
2025-06-27 18:08:45,123 [INFO] BlockDiagram:2775 - set Specific Code input for plugin: SPI
2025-06-27 18:08:45,123 [INFO] BlockDiagram:2775 - set Specific Code input for plugin: FREERTOS
2025-06-27 18:08:45,123 [INFO] BlockDiagram:2775 - set Specific Code input for plugin: RCC
2025-06-27 18:08:45,123 [INFO] BlockDiagram:2775 - set Specific Code input for plugin: I2C
2025-06-27 18:08:45,123 [INFO] BlockDiagram:2775 - set Specific Code input for plugin: TIM1_8H7
2025-06-27 18:08:45,124 [INFO] BlockDiagram:2775 - set Specific Code input for plugin: TIM1_8H7
2025-06-27 18:08:45,124 [INFO] BlockDiagram:2775 - set Specific Code input for plugin: TIM1_8H7
2025-06-27 18:08:45,124 [INFO] BlockDiagram:2775 - set Specific Code input for plugin: MEMORYMAP
2025-06-27 18:08:45,124 [INFO] BlockDiagram:2775 - set Specific Code input for plugin: TIM1_8H7
2025-06-27 18:08:45,124 [INFO] BlockDiagram:2775 - set Specific Code input for plugin: TIM1_8H7
2025-06-27 18:08:45,124 [INFO] BlockDiagram:2775 - set Specific Code input for plugin: TIM1_8H7
2025-06-27 18:08:45,124 [INFO] BlockDiagram:2775 - set Specific Code input for plugin: ADC
2025-06-27 18:08:45,124 [INFO] BlockDiagram:2775 - set Specific Code input for plugin: SYS
2025-06-27 18:08:45,124 [INFO] BlockDiagram:2775 - set Specific Code input for plugin: ADC
2025-06-27 18:08:45,124 [INFO] BlockDiagram:2775 - set Specific Code input for plugin: NVIC
2025-06-27 18:08:45,124 [INFO] BlockDiagram:2775 - set Specific Code input for plugin: DMA
2025-06-27 18:08:45,124 [INFO] BlockDiagram:2775 - set Specific Code input for plugin: VREFBUF
2025-06-27 18:08:45,124 [INFO] BlockDiagram:2775 - set Specific Code input for plugin: UART
2025-06-27 18:08:45,124 [INFO] BlockDiagram:2775 - set Specific Code input for plugin: UART
2025-06-27 18:08:45,124 [INFO] BlockDiagram:2775 - set Specific Code input for plugin: DEBUG
2025-06-27 18:08:45,125 [INFO] BlockDiagram:2775 - set Specific Code input for plugin: GPIO
2025-06-27 18:08:45,126 [INFO] CodeGenerator:882 - code generatio: config db path: C:\ST\STM32CubeIDE_1.18.0\STM32CubeIDE\plugins\com.st.stm32cube.common.mx_6.14.0.202502271554\\db\
2025-06-27 18:08:45,202 [INFO] Argument:325 - Argument : hdmavalue: null
2025-06-27 18:08:45,202 [INFO] Argument:327 - 	 sub Args: 
2025-06-27 18:08:45,202 [INFO] Argument:325 - Argument : Instancevalue: DMA1_Stream0
2025-06-27 18:08:45,202 [INFO] Argument:335 - Argument : Instancevalue: DMA1_Stream0
2025-06-27 18:08:45,202 [INFO] Argument:325 - Argument : Initvalue: null
2025-06-27 18:08:45,203 [INFO] Argument:327 - 	 sub Args: 
2025-06-27 18:08:45,203 [INFO] Argument:325 - Argument : Requestvalue: DMA_REQUEST_TIM3_CH1
2025-06-27 18:08:45,203 [INFO] Argument:335 - Argument : Requestvalue: DMA_REQUEST_TIM3_CH1
2025-06-27 18:08:45,203 [INFO] Argument:325 - Argument : Directionvalue: DMA_MEMORY_TO_PERIPH
2025-06-27 18:08:45,203 [INFO] Argument:335 - Argument : Directionvalue: DMA_MEMORY_TO_PERIPH
2025-06-27 18:08:45,203 [INFO] Argument:325 - Argument : PeriphIncvalue: DMA_PINC_DISABLE
2025-06-27 18:08:45,203 [INFO] Argument:335 - Argument : PeriphIncvalue: DMA_PINC_DISABLE
2025-06-27 18:08:45,203 [INFO] Argument:325 - Argument : MemIncvalue: DMA_MINC_ENABLE
2025-06-27 18:08:45,203 [INFO] Argument:335 - Argument : MemIncvalue: DMA_MINC_ENABLE
2025-06-27 18:08:45,203 [INFO] Argument:325 - Argument : PeriphDataAlignmentvalue: DMA_PDATAALIGN_HALFWORD
2025-06-27 18:08:45,203 [INFO] Argument:335 - Argument : PeriphDataAlignmentvalue: DMA_PDATAALIGN_HALFWORD
2025-06-27 18:08:45,203 [INFO] Argument:325 - Argument : MemDataAlignmentvalue: DMA_MDATAALIGN_HALFWORD
2025-06-27 18:08:45,203 [INFO] Argument:335 - Argument : MemDataAlignmentvalue: DMA_MDATAALIGN_HALFWORD
2025-06-27 18:08:45,203 [INFO] Argument:325 - Argument : Modevalue: DMA_NORMAL
2025-06-27 18:08:45,204 [INFO] Argument:335 - Argument : Modevalue: DMA_NORMAL
2025-06-27 18:08:45,204 [INFO] Argument:325 - Argument : Priorityvalue: DMA_PRIORITY_HIGH
2025-06-27 18:08:45,204 [INFO] Argument:335 - Argument : Priorityvalue: DMA_PRIORITY_HIGH
2025-06-27 18:08:45,204 [INFO] Argument:325 - Argument : FIFOModevalue: DMA_FIFOMODE_DISABLE
2025-06-27 18:08:45,204 [INFO] Argument:335 - Argument : FIFOModevalue: DMA_FIFOMODE_DISABLE
2025-06-27 18:08:45,204 [INFO] Argument:325 - Argument : FIFOThresholdvalue: null
2025-06-27 18:08:45,204 [INFO] Argument:335 - Argument : FIFOThresholdvalue: null
2025-06-27 18:08:45,204 [INFO] Argument:325 - Argument : MemBurstvalue: null
2025-06-27 18:08:45,204 [INFO] Argument:335 - Argument : MemBurstvalue: null
2025-06-27 18:08:45,204 [INFO] Argument:325 - Argument : PeriphBurstvalue: null
2025-06-27 18:08:45,204 [INFO] Argument:335 - Argument : PeriphBurstvalue: null
2025-06-27 18:08:45,204 [INFO] Argument:325 - Argument : Lockvalue: null
2025-06-27 18:08:45,204 [INFO] Argument:335 - Argument : Lockvalue: null
2025-06-27 18:08:45,204 [INFO] Argument:325 - Argument : Statevalue: null
2025-06-27 18:08:45,204 [INFO] Argument:335 - Argument : Statevalue: null
2025-06-27 18:08:45,205 [INFO] Argument:325 - Argument : Parentvalue: null
2025-06-27 18:08:45,205 [INFO] Argument:335 - Argument : Parentvalue: null
2025-06-27 18:08:45,205 [INFO] Argument:325 - Argument : XferCpltCallbackvalue: null
2025-06-27 18:08:45,205 [INFO] Argument:335 - Argument : XferCpltCallbackvalue: null
2025-06-27 18:08:45,205 [INFO] Argument:325 - Argument : XferHalfCpltCallbackvalue: null
2025-06-27 18:08:45,205 [INFO] Argument:335 - Argument : XferHalfCpltCallbackvalue: null
2025-06-27 18:08:45,205 [INFO] Argument:325 - Argument : XferM1CpltCallbackvalue: null
2025-06-27 18:08:45,205 [INFO] Argument:335 - Argument : XferM1CpltCallbackvalue: null
2025-06-27 18:08:45,205 [INFO] Argument:325 - Argument : XferM1HalfCpltCallbackvalue: null
2025-06-27 18:08:45,205 [INFO] Argument:335 - Argument : XferM1HalfCpltCallbackvalue: null
2025-06-27 18:08:45,205 [INFO] Argument:325 - Argument : XferErrorCallbackvalue: null
2025-06-27 18:08:45,205 [INFO] Argument:335 - Argument : XferErrorCallbackvalue: null
2025-06-27 18:08:45,205 [INFO] Argument:325 - Argument : XferAbortCallbackvalue: null
2025-06-27 18:08:45,205 [INFO] Argument:335 - Argument : XferAbortCallbackvalue: null
2025-06-27 18:08:45,205 [INFO] Argument:325 - Argument : ErrorCodevalue: null
2025-06-27 18:08:45,205 [INFO] Argument:335 - Argument : ErrorCodevalue: null
2025-06-27 18:08:45,206 [INFO] Argument:325 - Argument : StreamBaseAddressvalue: null
2025-06-27 18:08:45,206 [INFO] Argument:335 - Argument : StreamBaseAddressvalue: null
2025-06-27 18:08:45,206 [INFO] Argument:325 - Argument : StreamIndexvalue: null
2025-06-27 18:08:45,206 [INFO] Argument:335 - Argument : StreamIndexvalue: null
2025-06-27 18:08:45,206 [INFO] Argument:325 - Argument : hdmavalue: null
2025-06-27 18:08:45,207 [INFO] Argument:327 - 	 sub Args: 
2025-06-27 18:08:45,207 [INFO] Argument:325 - Argument : Instancevalue: DMA1_Stream1
2025-06-27 18:08:45,207 [INFO] Argument:335 - Argument : Instancevalue: DMA1_Stream1
2025-06-27 18:08:45,207 [INFO] Argument:325 - Argument : Initvalue: null
2025-06-27 18:08:45,207 [INFO] Argument:327 - 	 sub Args: 
2025-06-27 18:08:45,207 [INFO] Argument:325 - Argument : Requestvalue: DMA_REQUEST_TIM3_CH2
2025-06-27 18:08:45,207 [INFO] Argument:335 - Argument : Requestvalue: DMA_REQUEST_TIM3_CH2
2025-06-27 18:08:45,207 [INFO] Argument:325 - Argument : Directionvalue: DMA_MEMORY_TO_PERIPH
2025-06-27 18:08:45,207 [INFO] Argument:335 - Argument : Directionvalue: DMA_MEMORY_TO_PERIPH
2025-06-27 18:08:45,207 [INFO] Argument:325 - Argument : PeriphIncvalue: DMA_PINC_DISABLE
2025-06-27 18:08:45,207 [INFO] Argument:335 - Argument : PeriphIncvalue: DMA_PINC_DISABLE
2025-06-27 18:08:45,207 [INFO] Argument:325 - Argument : MemIncvalue: DMA_MINC_ENABLE
2025-06-27 18:08:45,207 [INFO] Argument:335 - Argument : MemIncvalue: DMA_MINC_ENABLE
2025-06-27 18:08:45,207 [INFO] Argument:325 - Argument : PeriphDataAlignmentvalue: DMA_PDATAALIGN_HALFWORD
2025-06-27 18:08:45,207 [INFO] Argument:335 - Argument : PeriphDataAlignmentvalue: DMA_PDATAALIGN_HALFWORD
2025-06-27 18:08:45,207 [INFO] Argument:325 - Argument : MemDataAlignmentvalue: DMA_MDATAALIGN_HALFWORD
2025-06-27 18:08:45,207 [INFO] Argument:335 - Argument : MemDataAlignmentvalue: DMA_MDATAALIGN_HALFWORD
2025-06-27 18:08:45,208 [INFO] Argument:325 - Argument : Modevalue: DMA_NORMAL
2025-06-27 18:08:45,208 [INFO] Argument:335 - Argument : Modevalue: DMA_NORMAL
2025-06-27 18:08:45,208 [INFO] Argument:325 - Argument : Priorityvalue: DMA_PRIORITY_HIGH
2025-06-27 18:08:45,208 [INFO] Argument:335 - Argument : Priorityvalue: DMA_PRIORITY_HIGH
2025-06-27 18:08:45,208 [INFO] Argument:325 - Argument : FIFOModevalue: DMA_FIFOMODE_DISABLE
2025-06-27 18:08:45,208 [INFO] Argument:335 - Argument : FIFOModevalue: DMA_FIFOMODE_DISABLE
2025-06-27 18:08:45,208 [INFO] Argument:325 - Argument : FIFOThresholdvalue: null
2025-06-27 18:08:45,208 [INFO] Argument:335 - Argument : FIFOThresholdvalue: null
2025-06-27 18:08:45,208 [INFO] Argument:325 - Argument : MemBurstvalue: null
2025-06-27 18:08:45,208 [INFO] Argument:335 - Argument : MemBurstvalue: null
2025-06-27 18:08:45,208 [INFO] Argument:325 - Argument : PeriphBurstvalue: null
2025-06-27 18:08:45,208 [INFO] Argument:335 - Argument : PeriphBurstvalue: null
2025-06-27 18:08:45,208 [INFO] Argument:325 - Argument : Lockvalue: null
2025-06-27 18:08:45,208 [INFO] Argument:335 - Argument : Lockvalue: null
2025-06-27 18:08:45,208 [INFO] Argument:325 - Argument : Statevalue: null
2025-06-27 18:08:45,208 [INFO] Argument:335 - Argument : Statevalue: null
2025-06-27 18:08:45,209 [INFO] Argument:325 - Argument : Parentvalue: null
2025-06-27 18:08:45,209 [INFO] Argument:335 - Argument : Parentvalue: null
2025-06-27 18:08:45,209 [INFO] Argument:325 - Argument : XferCpltCallbackvalue: null
2025-06-27 18:08:45,209 [INFO] Argument:335 - Argument : XferCpltCallbackvalue: null
2025-06-27 18:08:45,209 [INFO] Argument:325 - Argument : XferHalfCpltCallbackvalue: null
2025-06-27 18:08:45,209 [INFO] Argument:335 - Argument : XferHalfCpltCallbackvalue: null
2025-06-27 18:08:45,209 [INFO] Argument:325 - Argument : XferM1CpltCallbackvalue: null
2025-06-27 18:08:45,209 [INFO] Argument:335 - Argument : XferM1CpltCallbackvalue: null
2025-06-27 18:08:45,209 [INFO] Argument:325 - Argument : XferM1HalfCpltCallbackvalue: null
2025-06-27 18:08:45,209 [INFO] Argument:335 - Argument : XferM1HalfCpltCallbackvalue: null
2025-06-27 18:08:45,209 [INFO] Argument:325 - Argument : XferErrorCallbackvalue: null
2025-06-27 18:08:45,209 [INFO] Argument:335 - Argument : XferErrorCallbackvalue: null
2025-06-27 18:08:45,209 [INFO] Argument:325 - Argument : XferAbortCallbackvalue: null
2025-06-27 18:08:45,209 [INFO] Argument:335 - Argument : XferAbortCallbackvalue: null
2025-06-27 18:08:45,209 [INFO] Argument:325 - Argument : ErrorCodevalue: null
2025-06-27 18:08:45,210 [INFO] Argument:335 - Argument : ErrorCodevalue: null
2025-06-27 18:08:45,210 [INFO] Argument:325 - Argument : StreamBaseAddressvalue: null
2025-06-27 18:08:45,210 [INFO] Argument:335 - Argument : StreamBaseAddressvalue: null
2025-06-27 18:08:45,210 [INFO] Argument:325 - Argument : StreamIndexvalue: null
2025-06-27 18:08:45,210 [INFO] Argument:335 - Argument : StreamIndexvalue: null
2025-06-27 18:08:45,347 [INFO] CodeEngine:263 - oldGeneratedFile, C:\Users\marcv\Desktop\X1-Thorn\1_Code\3_STM32\0_workspace\X1_Thorn_v3\MXTmpFiles\license.tmp_save
2025-06-27 18:08:45,577 [INFO] CodeEngine:287 - Generated code: C:\Users\marcv\Desktop\X1-Thorn\1_Code\3_STM32\0_workspace\X1_Thorn_v3\MXTmpFiles\license.tmp
2025-06-27 18:08:45,676 [INFO] CodeEngine:263 - oldGeneratedFile, C:\Users\marcv\Desktop\X1-Thorn\1_Code\3_STM32\0_workspace\X1_Thorn_v3\Core\Src\gpio.c_save
2025-06-27 18:08:45,826 [INFO] CodeEngine:287 - Generated code: C:\Users\marcv\Desktop\X1-Thorn\1_Code\3_STM32\0_workspace\X1_Thorn_v3\Core\Src\gpio.c
2025-06-27 18:08:45,836 [INFO] CodeEngine:263 - oldGeneratedFile, C:\Users\marcv\Desktop\X1-Thorn\1_Code\3_STM32\0_workspace\X1_Thorn_v3\Core\Inc\gpio.h_save
2025-06-27 18:08:45,944 [INFO] CodeEngine:287 - Generated code: C:\Users\marcv\Desktop\X1-Thorn\1_Code\3_STM32\0_workspace\X1_Thorn_v3\Core\Inc\gpio.h
2025-06-27 18:08:46,218 [WARN] IPConfigManager:103 - WARNING: Missing Config File for DEBUG ip!!
2025-06-27 18:08:46,497 [WARN] IPConfigManager:103 - WARNING: Missing Config File for MEMORYMAP ip!!
2025-06-27 18:08:47,816 [INFO] Middleware:1452 - No code input for Bsp Dependency
2025-06-27 18:08:47,825 [INFO] CodeEngine:263 - oldGeneratedFile, C:\Users\marcv\Desktop\X1-Thorn\1_Code\3_STM32\0_workspace\X1_Thorn_v3\MXTmpFiles\rtos_inc.tmp_save
2025-06-27 18:08:47,910 [INFO] CodeEngine:287 - Generated code: C:\Users\marcv\Desktop\X1-Thorn\1_Code\3_STM32\0_workspace\X1_Thorn_v3\MXTmpFiles\rtos_inc.tmp
2025-06-27 18:08:47,916 [INFO] CodeEngine:263 - oldGeneratedFile, C:\Users\marcv\Desktop\X1-Thorn\1_Code\3_STM32\0_workspace\X1_Thorn_v3\MXTmpFiles\rtos_kernelInit.tmp_save
2025-06-27 18:08:47,982 [INFO] CodeEngine:287 - Generated code: C:\Users\marcv\Desktop\X1-Thorn\1_Code\3_STM32\0_workspace\X1_Thorn_v3\MXTmpFiles\rtos_kernelInit.tmp
2025-06-27 18:08:47,987 [INFO] CodeEngine:263 - oldGeneratedFile, C:\Users\marcv\Desktop\X1-Thorn\1_Code\3_STM32\0_workspace\X1_Thorn_v3\MXTmpFiles\rtos_kernelStart.tmp_save
2025-06-27 18:08:48,056 [INFO] CodeEngine:287 - Generated code: C:\Users\marcv\Desktop\X1-Thorn\1_Code\3_STM32\0_workspace\X1_Thorn_v3\MXTmpFiles\rtos_kernelStart.tmp
2025-06-27 18:08:48,062 [INFO] CodeEngine:263 - oldGeneratedFile, C:\Users\marcv\Desktop\X1-Thorn\1_Code\3_STM32\0_workspace\X1_Thorn_v3\MXTmpFiles\rtos_typedefs.tmp_save
2025-06-27 18:08:48,137 [INFO] CodeEngine:287 - Generated code: C:\Users\marcv\Desktop\X1-Thorn\1_Code\3_STM32\0_workspace\X1_Thorn_v3\MXTmpFiles\rtos_typedefs.tmp
2025-06-27 18:08:48,144 [INFO] CodeEngine:263 - oldGeneratedFile, C:\Users\marcv\Desktop\X1-Thorn\1_Code\3_STM32\0_workspace\X1_Thorn_v3\MXTmpFiles\rtos_vars.tmp_save
2025-06-27 18:08:48,219 [INFO] CodeEngine:287 - Generated code: C:\Users\marcv\Desktop\X1-Thorn\1_Code\3_STM32\0_workspace\X1_Thorn_v3\MXTmpFiles\rtos_vars.tmp
2025-06-27 18:08:48,226 [INFO] CodeEngine:263 - oldGeneratedFile, C:\Users\marcv\Desktop\X1-Thorn\1_Code\3_STM32\0_workspace\X1_Thorn_v3\MXTmpFiles\rtos_pfp.tmp_save
2025-06-27 18:08:48,278 [INFO] CodeEngine:287 - Generated code: C:\Users\marcv\Desktop\X1-Thorn\1_Code\3_STM32\0_workspace\X1_Thorn_v3\MXTmpFiles\rtos_pfp.tmp
2025-06-27 18:08:48,284 [INFO] CodeEngine:263 - oldGeneratedFile, C:\Users\marcv\Desktop\X1-Thorn\1_Code\3_STM32\0_workspace\X1_Thorn_v3\MXTmpFiles\rtos_obj_creat.tmp_save
2025-06-27 18:08:48,365 [INFO] CodeEngine:287 - Generated code: C:\Users\marcv\Desktop\X1-Thorn\1_Code\3_STM32\0_workspace\X1_Thorn_v3\MXTmpFiles\rtos_obj_creat.tmp
2025-06-27 18:08:48,371 [INFO] CodeEngine:263 - oldGeneratedFile, C:\Users\marcv\Desktop\X1-Thorn\1_Code\3_STM32\0_workspace\X1_Thorn_v3\MXTmpFiles\rtos_default_thread.tmp_save
2025-06-27 18:08:48,435 [INFO] CodeEngine:287 - Generated code: C:\Users\marcv\Desktop\X1-Thorn\1_Code\3_STM32\0_workspace\X1_Thorn_v3\MXTmpFiles\rtos_default_thread.tmp
2025-06-27 18:08:48,441 [INFO] CodeEngine:263 - oldGeneratedFile, C:\Users\marcv\Desktop\X1-Thorn\1_Code\3_STM32\0_workspace\X1_Thorn_v3\MXTmpFiles\rtos_threads.tmp_save
2025-06-27 18:08:48,500 [INFO] CodeEngine:287 - Generated code: C:\Users\marcv\Desktop\X1-Thorn\1_Code\3_STM32\0_workspace\X1_Thorn_v3\MXTmpFiles\rtos_threads.tmp
2025-06-27 18:08:48,537 [INFO] Middleware:1452 - No code input for Bsp Dependency
2025-06-27 18:08:48,549 [INFO] CodeEngine:263 - oldGeneratedFile, C:\Users\marcv\Desktop\X1-Thorn\1_Code\3_STM32\0_workspace\X1_Thorn_v3\MXTmpFiles\rtos_inc.tmp_save
2025-06-27 18:08:48,618 [INFO] CodeEngine:287 - Generated code: C:\Users\marcv\Desktop\X1-Thorn\1_Code\3_STM32\0_workspace\X1_Thorn_v3\MXTmpFiles\rtos_inc.tmp
2025-06-27 18:08:48,625 [INFO] CodeEngine:263 - oldGeneratedFile, C:\Users\marcv\Desktop\X1-Thorn\1_Code\3_STM32\0_workspace\X1_Thorn_v3\MXTmpFiles\rtos_kernelInit.tmp_save
2025-06-27 18:08:48,679 [INFO] CodeEngine:287 - Generated code: C:\Users\marcv\Desktop\X1-Thorn\1_Code\3_STM32\0_workspace\X1_Thorn_v3\MXTmpFiles\rtos_kernelInit.tmp
2025-06-27 18:08:48,686 [INFO] CodeEngine:263 - oldGeneratedFile, C:\Users\marcv\Desktop\X1-Thorn\1_Code\3_STM32\0_workspace\X1_Thorn_v3\MXTmpFiles\rtos_kernelStart.tmp_save
2025-06-27 18:08:48,738 [INFO] CodeEngine:287 - Generated code: C:\Users\marcv\Desktop\X1-Thorn\1_Code\3_STM32\0_workspace\X1_Thorn_v3\MXTmpFiles\rtos_kernelStart.tmp
2025-06-27 18:08:48,745 [INFO] CodeEngine:263 - oldGeneratedFile, C:\Users\marcv\Desktop\X1-Thorn\1_Code\3_STM32\0_workspace\X1_Thorn_v3\MXTmpFiles\rtos_typedefs.tmp_save
2025-06-27 18:08:48,800 [INFO] CodeEngine:287 - Generated code: C:\Users\marcv\Desktop\X1-Thorn\1_Code\3_STM32\0_workspace\X1_Thorn_v3\MXTmpFiles\rtos_typedefs.tmp
2025-06-27 18:08:48,817 [INFO] CodeEngine:263 - oldGeneratedFile, C:\Users\marcv\Desktop\X1-Thorn\1_Code\3_STM32\0_workspace\X1_Thorn_v3\MXTmpFiles\rtos_vars.tmp_save
2025-06-27 18:08:48,879 [INFO] CodeEngine:287 - Generated code: C:\Users\marcv\Desktop\X1-Thorn\1_Code\3_STM32\0_workspace\X1_Thorn_v3\MXTmpFiles\rtos_vars.tmp
2025-06-27 18:08:48,887 [INFO] CodeEngine:263 - oldGeneratedFile, C:\Users\marcv\Desktop\X1-Thorn\1_Code\3_STM32\0_workspace\X1_Thorn_v3\MXTmpFiles\rtos_pfp.tmp_save
2025-06-27 18:08:48,946 [INFO] CodeEngine:287 - Generated code: C:\Users\marcv\Desktop\X1-Thorn\1_Code\3_STM32\0_workspace\X1_Thorn_v3\MXTmpFiles\rtos_pfp.tmp
2025-06-27 18:08:48,964 [INFO] CodeEngine:263 - oldGeneratedFile, C:\Users\marcv\Desktop\X1-Thorn\1_Code\3_STM32\0_workspace\X1_Thorn_v3\MXTmpFiles\rtos_obj_creat.tmp_save
2025-06-27 18:08:49,023 [INFO] CodeEngine:287 - Generated code: C:\Users\marcv\Desktop\X1-Thorn\1_Code\3_STM32\0_workspace\X1_Thorn_v3\MXTmpFiles\rtos_obj_creat.tmp
2025-06-27 18:08:49,031 [INFO] CodeEngine:263 - oldGeneratedFile, C:\Users\marcv\Desktop\X1-Thorn\1_Code\3_STM32\0_workspace\X1_Thorn_v3\MXTmpFiles\rtos_default_thread.tmp_save
2025-06-27 18:08:49,087 [INFO] CodeEngine:287 - Generated code: C:\Users\marcv\Desktop\X1-Thorn\1_Code\3_STM32\0_workspace\X1_Thorn_v3\MXTmpFiles\rtos_default_thread.tmp
2025-06-27 18:08:49,095 [INFO] CodeEngine:263 - oldGeneratedFile, C:\Users\marcv\Desktop\X1-Thorn\1_Code\3_STM32\0_workspace\X1_Thorn_v3\MXTmpFiles\rtos_threads.tmp_save
2025-06-27 18:08:49,152 [INFO] CodeEngine:287 - Generated code: C:\Users\marcv\Desktop\X1-Thorn\1_Code\3_STM32\0_workspace\X1_Thorn_v3\MXTmpFiles\rtos_threads.tmp
2025-06-27 18:08:49,173 [INFO] CodeEngine:263 - oldGeneratedFile, C:\Users\marcv\Desktop\X1-Thorn\1_Code\3_STM32\0_workspace\X1_Thorn_v3\Core\Inc\FreeRTOSConfig.h_save
2025-06-27 18:08:49,258 [INFO] CodeEngine:287 - Generated code: C:\Users\marcv\Desktop\X1-Thorn\1_Code\3_STM32\0_workspace\X1_Thorn_v3\Core\Inc\FreeRTOSConfig.h
2025-06-27 18:08:49,277 [INFO] CodeEngine:263 - oldGeneratedFile, C:\Users\marcv\Desktop\X1-Thorn\1_Code\3_STM32\0_workspace\X1_Thorn_v3\Core\Src\freertos.c_save
2025-06-27 18:08:49,355 [INFO] CodeEngine:287 - Generated code: C:\Users\marcv\Desktop\X1-Thorn\1_Code\3_STM32\0_workspace\X1_Thorn_v3\Core\Src\freertos.c
2025-06-27 18:08:49,385 [INFO] CodeEngine:263 - oldGeneratedFile, C:\Users\marcv\Desktop\X1-Thorn\1_Code\3_STM32\0_workspace\X1_Thorn_v3\Core\Src\adc.c_save
2025-06-27 18:08:49,496 [INFO] CodeEngine:287 - Generated code: C:\Users\marcv\Desktop\X1-Thorn\1_Code\3_STM32\0_workspace\X1_Thorn_v3\Core\Src\adc.c
2025-06-27 18:08:49,505 [INFO] CodeEngine:263 - oldGeneratedFile, C:\Users\marcv\Desktop\X1-Thorn\1_Code\3_STM32\0_workspace\X1_Thorn_v3\Core\Inc\adc.h_save
2025-06-27 18:08:49,573 [INFO] CodeEngine:287 - Generated code: C:\Users\marcv\Desktop\X1-Thorn\1_Code\3_STM32\0_workspace\X1_Thorn_v3\Core\Inc\adc.h
2025-06-27 18:08:49,586 [INFO] CodeEngine:263 - oldGeneratedFile, C:\Users\marcv\Desktop\X1-Thorn\1_Code\3_STM32\0_workspace\X1_Thorn_v3\MXTmpFiles\cortex.tmp_save
2025-06-27 18:08:49,669 [INFO] CodeEngine:287 - Generated code: C:\Users\marcv\Desktop\X1-Thorn\1_Code\3_STM32\0_workspace\X1_Thorn_v3\MXTmpFiles\cortex.tmp
2025-06-27 18:08:49,737 [INFO] CodeEngine:263 - oldGeneratedFile, C:\Users\marcv\Desktop\X1-Thorn\1_Code\3_STM32\0_workspace\X1_Thorn_v3\Core\Src\dma.c_save
2025-06-27 18:08:49,803 [INFO] CodeEngine:287 - Generated code: C:\Users\marcv\Desktop\X1-Thorn\1_Code\3_STM32\0_workspace\X1_Thorn_v3\Core\Src\dma.c
2025-06-27 18:08:49,810 [INFO] CodeEngine:263 - oldGeneratedFile, C:\Users\marcv\Desktop\X1-Thorn\1_Code\3_STM32\0_workspace\X1_Thorn_v3\Core\Inc\dma.h_save
2025-06-27 18:08:49,876 [INFO] CodeEngine:287 - Generated code: C:\Users\marcv\Desktop\X1-Thorn\1_Code\3_STM32\0_workspace\X1_Thorn_v3\Core\Inc\dma.h
2025-06-27 18:08:49,904 [INFO] CodeEngine:263 - oldGeneratedFile, C:\Users\marcv\Desktop\X1-Thorn\1_Code\3_STM32\0_workspace\X1_Thorn_v3\Core\Src\i2c.c_save
2025-06-27 18:08:50,001 [INFO] CodeEngine:287 - Generated code: C:\Users\marcv\Desktop\X1-Thorn\1_Code\3_STM32\0_workspace\X1_Thorn_v3\Core\Src\i2c.c
2025-06-27 18:08:50,010 [INFO] CodeEngine:263 - oldGeneratedFile, C:\Users\marcv\Desktop\X1-Thorn\1_Code\3_STM32\0_workspace\X1_Thorn_v3\Core\Inc\i2c.h_save
2025-06-27 18:08:50,076 [INFO] CodeEngine:287 - Generated code: C:\Users\marcv\Desktop\X1-Thorn\1_Code\3_STM32\0_workspace\X1_Thorn_v3\Core\Inc\i2c.h
2025-06-27 18:08:50,103 [INFO] CodeEngine:263 - oldGeneratedFile, C:\Users\marcv\Desktop\X1-Thorn\1_Code\3_STM32\0_workspace\X1_Thorn_v3\Core\Src\memorymap.c_save
2025-06-27 18:08:50,197 [INFO] CodeEngine:287 - Generated code: C:\Users\marcv\Desktop\X1-Thorn\1_Code\3_STM32\0_workspace\X1_Thorn_v3\Core\Src\memorymap.c
2025-06-27 18:08:50,205 [INFO] CodeEngine:263 - oldGeneratedFile, C:\Users\marcv\Desktop\X1-Thorn\1_Code\3_STM32\0_workspace\X1_Thorn_v3\Core\Inc\memorymap.h_save
2025-06-27 18:08:50,271 [INFO] CodeEngine:287 - Generated code: C:\Users\marcv\Desktop\X1-Thorn\1_Code\3_STM32\0_workspace\X1_Thorn_v3\Core\Inc\memorymap.h
2025-06-27 18:08:50,299 [INFO] CodeEngine:263 - oldGeneratedFile, C:\Users\marcv\Desktop\X1-Thorn\1_Code\3_STM32\0_workspace\X1_Thorn_v3\Core\Src\spi.c_save
2025-06-27 18:08:50,411 [INFO] CodeEngine:287 - Generated code: C:\Users\marcv\Desktop\X1-Thorn\1_Code\3_STM32\0_workspace\X1_Thorn_v3\Core\Src\spi.c
2025-06-27 18:08:50,419 [INFO] CodeEngine:263 - oldGeneratedFile, C:\Users\marcv\Desktop\X1-Thorn\1_Code\3_STM32\0_workspace\X1_Thorn_v3\Core\Inc\spi.h_save
2025-06-27 18:08:50,496 [INFO] CodeEngine:287 - Generated code: C:\Users\marcv\Desktop\X1-Thorn\1_Code\3_STM32\0_workspace\X1_Thorn_v3\Core\Inc\spi.h
2025-06-27 18:08:50,525 [INFO] CodeEngine:263 - oldGeneratedFile, C:\Users\marcv\Desktop\X1-Thorn\1_Code\3_STM32\0_workspace\X1_Thorn_v3\Core\Src\tim.c_save
2025-06-27 18:08:50,670 [INFO] CodeEngine:287 - Generated code: C:\Users\marcv\Desktop\X1-Thorn\1_Code\3_STM32\0_workspace\X1_Thorn_v3\Core\Src\tim.c
2025-06-27 18:08:50,679 [INFO] CodeEngine:263 - oldGeneratedFile, C:\Users\marcv\Desktop\X1-Thorn\1_Code\3_STM32\0_workspace\X1_Thorn_v3\Core\Inc\tim.h_save
2025-06-27 18:08:50,743 [INFO] CodeEngine:287 - Generated code: C:\Users\marcv\Desktop\X1-Thorn\1_Code\3_STM32\0_workspace\X1_Thorn_v3\Core\Inc\tim.h
2025-06-27 18:08:50,767 [INFO] CodeEngine:263 - oldGeneratedFile, C:\Users\marcv\Desktop\X1-Thorn\1_Code\3_STM32\0_workspace\X1_Thorn_v3\Core\Src\usart.c_save
2025-06-27 18:08:50,851 [INFO] CodeEngine:287 - Generated code: C:\Users\marcv\Desktop\X1-Thorn\1_Code\3_STM32\0_workspace\X1_Thorn_v3\Core\Src\usart.c
2025-06-27 18:08:50,858 [INFO] CodeEngine:263 - oldGeneratedFile, C:\Users\marcv\Desktop\X1-Thorn\1_Code\3_STM32\0_workspace\X1_Thorn_v3\Core\Inc\usart.h_save
2025-06-27 18:08:50,920 [INFO] CodeEngine:287 - Generated code: C:\Users\marcv\Desktop\X1-Thorn\1_Code\3_STM32\0_workspace\X1_Thorn_v3\Core\Inc\usart.h
2025-06-27 18:08:50,959 [INFO] CodeEngine:263 - oldGeneratedFile, C:\Users\marcv\Desktop\X1-Thorn\1_Code\3_STM32\0_workspace\X1_Thorn_v3\Core\Src\stm32h7xx_it.c_save
2025-06-27 18:08:51,134 [INFO] CodeEngine:287 - Generated code: C:\Users\marcv\Desktop\X1-Thorn\1_Code\3_STM32\0_workspace\X1_Thorn_v3\Core\Src\stm32h7xx_it.c
2025-06-27 18:08:51,145 [INFO] CodeEngine:263 - oldGeneratedFile, C:\Users\marcv\Desktop\X1-Thorn\1_Code\3_STM32\0_workspace\X1_Thorn_v3\Core\Inc\stm32h7xx_it.h_save
2025-06-27 18:08:51,216 [INFO] CodeEngine:287 - Generated code: C:\Users\marcv\Desktop\X1-Thorn\1_Code\3_STM32\0_workspace\X1_Thorn_v3\Core\Inc\stm32h7xx_it.h
2025-06-27 18:08:51,335 [INFO] CodeEngine:263 - oldGeneratedFile, C:\Users\marcv\Desktop\X1-Thorn\1_Code\3_STM32\0_workspace\X1_Thorn_v3\Core\Src\stm32h7xx_hal_msp.c_save
2025-06-27 18:08:51,442 [INFO] CodeEngine:287 - Generated code: C:\Users\marcv\Desktop\X1-Thorn\1_Code\3_STM32\0_workspace\X1_Thorn_v3\Core\Src\stm32h7xx_hal_msp.c
2025-06-27 18:08:51,448 [INFO] CodeEngine:263 - oldGeneratedFile, C:\Users\marcv\Desktop\X1-Thorn\1_Code\3_STM32\0_workspace\X1_Thorn_v3\MXTmpFiles\system.tmp_save
2025-06-27 18:08:51,510 [INFO] CodeEngine:287 - Generated code: C:\Users\marcv\Desktop\X1-Thorn\1_Code\3_STM32\0_workspace\X1_Thorn_v3\MXTmpFiles\system.tmp
2025-06-27 18:08:51,529 [INFO] CodeEngine:263 - oldGeneratedFile, C:\Users\marcv\Desktop\X1-Thorn\1_Code\3_STM32\0_workspace\X1_Thorn_v3\Core\Src\stm32h7xx_hal_timebase_tim.c_save
2025-06-27 18:08:51,600 [INFO] CodeEngine:287 - Generated code: C:\Users\marcv\Desktop\X1-Thorn\1_Code\3_STM32\0_workspace\X1_Thorn_v3\Core\Src\stm32h7xx_hal_timebase_tim.c
2025-06-27 18:08:51,629 [INFO] CodeEngine:319 - oldGeneratedFile, C:\Users\marcv\Desktop\X1-Thorn\1_Code\3_STM32\0_workspace\X1_Thorn_v3\Core\Inc\stm32h7xx_hal_conf.h_save
2025-06-27 18:08:51,720 [INFO] CodeEngine:343 - Generated code: C:\Users\marcv\Desktop\X1-Thorn\1_Code\3_STM32\0_workspace\X1_Thorn_v3\Core\Inc\stm32h7xx_hal_conf.h
2025-06-27 18:08:51,767 [ERROR] ApiDbMcu:464 - Can't load MEMORYMAP-STM32xx root dir null
2025-06-27 18:08:51,767 [ERROR] ApiDbMcu:536 - Cannot parse MEMORYMAP_Config file : file do not exist
2025-06-27 18:08:51,793 [INFO] CodeEngine:263 - oldGeneratedFile, C:\Users\marcv\Desktop\X1-Thorn\1_Code\3_STM32\0_workspace\X1_Thorn_v3\Core\Inc\main.h_save
2025-06-27 18:08:51,893 [INFO] CodeEngine:287 - Generated code: C:\Users\marcv\Desktop\X1-Thorn\1_Code\3_STM32\0_workspace\X1_Thorn_v3\Core\Inc\main.h
2025-06-27 18:08:51,911 [INFO] CodeEngine:263 - oldGeneratedFile, C:\Users\marcv\Desktop\X1-Thorn\1_Code\3_STM32\0_workspace\X1_Thorn_v3\Core\Src\main.c_save
2025-06-27 18:08:52,024 [INFO] CodeEngine:287 - Generated code: C:\Users\marcv\Desktop\X1-Thorn\1_Code\3_STM32\0_workspace\X1_Thorn_v3\Core\Src\main.c
2025-06-27 18:08:52,779 [INFO] ProjectBuilder:3324 - Time for Copy HAL[1] : 571mS.
2025-06-27 18:08:52,787 [INFO] ProjectBuilder:4912 - Project Generator version: 4.6.0-B36
2025-06-27 18:08:52,864 [INFO] ConfigFileManager:1590 - The Die is : DIE450
2025-06-27 18:08:54,544 [INFO] ProjectBuilder:5191 - Time for Generating toolchain IDE Files: 1758mS.
2025-06-27 18:08:54,545 [INFO] ProjectBuilder:3181 - Time for Copy CMSIS : 0mS.
2025-06-27 18:08:54,567 [INFO] ProjectBuilder:3181 - Time for Copy CMSIS : 1mS.
2025-06-27 18:39:37,160 [INFO] UtilMem:75 - End SaveConfig() Used Memory: 809377608 Bytes (1073741824)
2025-06-27 18:40:20,278 [INFO] UtilMem:75 - End SaveConfig() Used Memory: 936619280 Bytes (1073741824)
2025-06-27 18:40:20,717 [INFO] BlockDiagram:2775 - set Specific Code input for plugin: SPI
2025-06-27 18:40:20,717 [INFO] BlockDiagram:2775 - set Specific Code input for plugin: FREERTOS
2025-06-27 18:40:20,717 [INFO] BlockDiagram:2775 - set Specific Code input for plugin: RCC
2025-06-27 18:40:20,717 [INFO] BlockDiagram:2775 - set Specific Code input for plugin: I2C
2025-06-27 18:40:20,717 [INFO] BlockDiagram:2775 - set Specific Code input for plugin: TIM1_8H7
2025-06-27 18:40:20,717 [INFO] BlockDiagram:2775 - set Specific Code input for plugin: TIM1_8H7
2025-06-27 18:40:20,718 [INFO] BlockDiagram:2775 - set Specific Code input for plugin: TIM1_8H7
2025-06-27 18:40:20,718 [INFO] BlockDiagram:2775 - set Specific Code input for plugin: MEMORYMAP
2025-06-27 18:40:20,718 [INFO] BlockDiagram:2775 - set Specific Code input for plugin: TIM1_8H7
2025-06-27 18:40:20,718 [INFO] BlockDiagram:2775 - set Specific Code input for plugin: TIM1_8H7
2025-06-27 18:40:20,718 [INFO] BlockDiagram:2775 - set Specific Code input for plugin: TIM1_8H7
2025-06-27 18:40:20,718 [INFO] BlockDiagram:2775 - set Specific Code input for plugin: ADC
2025-06-27 18:40:20,719 [INFO] BlockDiagram:2775 - set Specific Code input for plugin: SYS
2025-06-27 18:40:20,719 [INFO] BlockDiagram:2775 - set Specific Code input for plugin: ADC
2025-06-27 18:40:20,719 [INFO] BlockDiagram:2775 - set Specific Code input for plugin: NVIC
2025-06-27 18:40:20,719 [INFO] BlockDiagram:2775 - set Specific Code input for plugin: DMA
2025-06-27 18:40:20,719 [INFO] BlockDiagram:2775 - set Specific Code input for plugin: VREFBUF
2025-06-27 18:40:20,719 [INFO] BlockDiagram:2775 - set Specific Code input for plugin: UART
2025-06-27 18:40:20,719 [INFO] BlockDiagram:2775 - set Specific Code input for plugin: UART
2025-06-27 18:40:20,719 [INFO] BlockDiagram:2775 - set Specific Code input for plugin: DEBUG
2025-06-27 18:40:20,720 [INFO] BlockDiagram:2775 - set Specific Code input for plugin: GPIO
2025-06-27 18:40:20,721 [INFO] CodeGenerator:882 - code generatio: config db path: C:\ST\STM32CubeIDE_1.18.0\STM32CubeIDE\plugins\com.st.stm32cube.common.mx_6.14.0.202502271554\\db\
2025-06-27 18:40:20,821 [INFO] Argument:325 - Argument : hdmavalue: null
2025-06-27 18:40:20,821 [INFO] Argument:327 - 	 sub Args: 
2025-06-27 18:40:20,821 [INFO] Argument:325 - Argument : Instancevalue: DMA1_Stream0
2025-06-27 18:40:20,821 [INFO] Argument:335 - Argument : Instancevalue: DMA1_Stream0
2025-06-27 18:40:20,821 [INFO] Argument:325 - Argument : Initvalue: null
2025-06-27 18:40:20,821 [INFO] Argument:327 - 	 sub Args: 
2025-06-27 18:40:20,821 [INFO] Argument:325 - Argument : Requestvalue: DMA_REQUEST_TIM3_CH1
2025-06-27 18:40:20,821 [INFO] Argument:335 - Argument : Requestvalue: DMA_REQUEST_TIM3_CH1
2025-06-27 18:40:20,821 [INFO] Argument:325 - Argument : Directionvalue: DMA_MEMORY_TO_PERIPH
2025-06-27 18:40:20,822 [INFO] Argument:335 - Argument : Directionvalue: DMA_MEMORY_TO_PERIPH
2025-06-27 18:40:20,822 [INFO] Argument:325 - Argument : PeriphIncvalue: DMA_PINC_DISABLE
2025-06-27 18:40:20,822 [INFO] Argument:335 - Argument : PeriphIncvalue: DMA_PINC_DISABLE
2025-06-27 18:40:20,822 [INFO] Argument:325 - Argument : MemIncvalue: DMA_MINC_ENABLE
2025-06-27 18:40:20,822 [INFO] Argument:335 - Argument : MemIncvalue: DMA_MINC_ENABLE
2025-06-27 18:40:20,822 [INFO] Argument:325 - Argument : PeriphDataAlignmentvalue: DMA_PDATAALIGN_HALFWORD
2025-06-27 18:40:20,822 [INFO] Argument:335 - Argument : PeriphDataAlignmentvalue: DMA_PDATAALIGN_HALFWORD
2025-06-27 18:40:20,822 [INFO] Argument:325 - Argument : MemDataAlignmentvalue: DMA_MDATAALIGN_HALFWORD
2025-06-27 18:40:20,822 [INFO] Argument:335 - Argument : MemDataAlignmentvalue: DMA_MDATAALIGN_HALFWORD
2025-06-27 18:40:20,822 [INFO] Argument:325 - Argument : Modevalue: DMA_NORMAL
2025-06-27 18:40:20,822 [INFO] Argument:335 - Argument : Modevalue: DMA_NORMAL
2025-06-27 18:40:20,822 [INFO] Argument:325 - Argument : Priorityvalue: DMA_PRIORITY_HIGH
2025-06-27 18:40:20,822 [INFO] Argument:335 - Argument : Priorityvalue: DMA_PRIORITY_HIGH
2025-06-27 18:40:20,823 [INFO] Argument:325 - Argument : FIFOModevalue: DMA_FIFOMODE_DISABLE
2025-06-27 18:40:20,823 [INFO] Argument:335 - Argument : FIFOModevalue: DMA_FIFOMODE_DISABLE
2025-06-27 18:40:20,823 [INFO] Argument:325 - Argument : FIFOThresholdvalue: null
2025-06-27 18:40:20,823 [INFO] Argument:335 - Argument : FIFOThresholdvalue: null
2025-06-27 18:40:20,823 [INFO] Argument:325 - Argument : MemBurstvalue: null
2025-06-27 18:40:20,823 [INFO] Argument:335 - Argument : MemBurstvalue: null
2025-06-27 18:40:20,823 [INFO] Argument:325 - Argument : PeriphBurstvalue: null
2025-06-27 18:40:20,823 [INFO] Argument:335 - Argument : PeriphBurstvalue: null
2025-06-27 18:40:20,823 [INFO] Argument:325 - Argument : Lockvalue: null
2025-06-27 18:40:20,823 [INFO] Argument:335 - Argument : Lockvalue: null
2025-06-27 18:40:20,823 [INFO] Argument:325 - Argument : Statevalue: null
2025-06-27 18:40:20,823 [INFO] Argument:335 - Argument : Statevalue: null
2025-06-27 18:40:20,823 [INFO] Argument:325 - Argument : Parentvalue: null
2025-06-27 18:40:20,823 [INFO] Argument:335 - Argument : Parentvalue: null
2025-06-27 18:40:20,824 [INFO] Argument:325 - Argument : XferCpltCallbackvalue: null
2025-06-27 18:40:20,824 [INFO] Argument:335 - Argument : XferCpltCallbackvalue: null
2025-06-27 18:40:20,824 [INFO] Argument:325 - Argument : XferHalfCpltCallbackvalue: null
2025-06-27 18:40:20,824 [INFO] Argument:335 - Argument : XferHalfCpltCallbackvalue: null
2025-06-27 18:40:20,824 [INFO] Argument:325 - Argument : XferM1CpltCallbackvalue: null
2025-06-27 18:40:20,824 [INFO] Argument:335 - Argument : XferM1CpltCallbackvalue: null
2025-06-27 18:40:20,824 [INFO] Argument:325 - Argument : XferM1HalfCpltCallbackvalue: null
2025-06-27 18:40:20,824 [INFO] Argument:335 - Argument : XferM1HalfCpltCallbackvalue: null
2025-06-27 18:40:20,824 [INFO] Argument:325 - Argument : XferErrorCallbackvalue: null
2025-06-27 18:40:20,824 [INFO] Argument:335 - Argument : XferErrorCallbackvalue: null
2025-06-27 18:40:20,824 [INFO] Argument:325 - Argument : XferAbortCallbackvalue: null
2025-06-27 18:40:20,824 [INFO] Argument:335 - Argument : XferAbortCallbackvalue: null
2025-06-27 18:40:20,824 [INFO] Argument:325 - Argument : ErrorCodevalue: null
2025-06-27 18:40:20,824 [INFO] Argument:335 - Argument : ErrorCodevalue: null
2025-06-27 18:40:20,824 [INFO] Argument:325 - Argument : StreamBaseAddressvalue: null
2025-06-27 18:40:20,825 [INFO] Argument:335 - Argument : StreamBaseAddressvalue: null
2025-06-27 18:40:20,825 [INFO] Argument:325 - Argument : StreamIndexvalue: null
2025-06-27 18:40:20,825 [INFO] Argument:335 - Argument : StreamIndexvalue: null
2025-06-27 18:40:20,825 [INFO] Argument:325 - Argument : hdmavalue: null
2025-06-27 18:40:20,825 [INFO] Argument:327 - 	 sub Args: 
2025-06-27 18:40:20,826 [INFO] Argument:325 - Argument : Instancevalue: DMA1_Stream1
2025-06-27 18:40:20,826 [INFO] Argument:335 - Argument : Instancevalue: DMA1_Stream1
2025-06-27 18:40:20,826 [INFO] Argument:325 - Argument : Initvalue: null
2025-06-27 18:40:20,826 [INFO] Argument:327 - 	 sub Args: 
2025-06-27 18:40:20,826 [INFO] Argument:325 - Argument : Requestvalue: DMA_REQUEST_TIM3_CH2
2025-06-27 18:40:20,826 [INFO] Argument:335 - Argument : Requestvalue: DMA_REQUEST_TIM3_CH2
2025-06-27 18:40:20,826 [INFO] Argument:325 - Argument : Directionvalue: DMA_MEMORY_TO_PERIPH
2025-06-27 18:40:20,826 [INFO] Argument:335 - Argument : Directionvalue: DMA_MEMORY_TO_PERIPH
2025-06-27 18:40:20,826 [INFO] Argument:325 - Argument : PeriphIncvalue: DMA_PINC_DISABLE
2025-06-27 18:40:20,826 [INFO] Argument:335 - Argument : PeriphIncvalue: DMA_PINC_DISABLE
2025-06-27 18:40:20,826 [INFO] Argument:325 - Argument : MemIncvalue: DMA_MINC_ENABLE
2025-06-27 18:40:20,826 [INFO] Argument:335 - Argument : MemIncvalue: DMA_MINC_ENABLE
2025-06-27 18:40:20,826 [INFO] Argument:325 - Argument : PeriphDataAlignmentvalue: DMA_PDATAALIGN_HALFWORD
2025-06-27 18:40:20,826 [INFO] Argument:335 - Argument : PeriphDataAlignmentvalue: DMA_PDATAALIGN_HALFWORD
2025-06-27 18:40:20,826 [INFO] Argument:325 - Argument : MemDataAlignmentvalue: DMA_MDATAALIGN_HALFWORD
2025-06-27 18:40:20,826 [INFO] Argument:335 - Argument : MemDataAlignmentvalue: DMA_MDATAALIGN_HALFWORD
2025-06-27 18:40:20,826 [INFO] Argument:325 - Argument : Modevalue: DMA_NORMAL
2025-06-27 18:40:20,826 [INFO] Argument:335 - Argument : Modevalue: DMA_NORMAL
2025-06-27 18:40:20,827 [INFO] Argument:325 - Argument : Priorityvalue: DMA_PRIORITY_HIGH
2025-06-27 18:40:20,827 [INFO] Argument:335 - Argument : Priorityvalue: DMA_PRIORITY_HIGH
2025-06-27 18:40:20,827 [INFO] Argument:325 - Argument : FIFOModevalue: DMA_FIFOMODE_DISABLE
2025-06-27 18:40:20,827 [INFO] Argument:335 - Argument : FIFOModevalue: DMA_FIFOMODE_DISABLE
2025-06-27 18:40:20,827 [INFO] Argument:325 - Argument : FIFOThresholdvalue: null
2025-06-27 18:40:20,827 [INFO] Argument:335 - Argument : FIFOThresholdvalue: null
2025-06-27 18:40:20,827 [INFO] Argument:325 - Argument : MemBurstvalue: null
2025-06-27 18:40:20,827 [INFO] Argument:335 - Argument : MemBurstvalue: null
2025-06-27 18:40:20,827 [INFO] Argument:325 - Argument : PeriphBurstvalue: null
2025-06-27 18:40:20,827 [INFO] Argument:335 - Argument : PeriphBurstvalue: null
2025-06-27 18:40:20,827 [INFO] Argument:325 - Argument : Lockvalue: null
2025-06-27 18:40:20,827 [INFO] Argument:335 - Argument : Lockvalue: null
2025-06-27 18:40:20,827 [INFO] Argument:325 - Argument : Statevalue: null
2025-06-27 18:40:20,827 [INFO] Argument:335 - Argument : Statevalue: null
2025-06-27 18:40:20,827 [INFO] Argument:325 - Argument : Parentvalue: null
2025-06-27 18:40:20,827 [INFO] Argument:335 - Argument : Parentvalue: null
2025-06-27 18:40:20,827 [INFO] Argument:325 - Argument : XferCpltCallbackvalue: null
2025-06-27 18:40:20,827 [INFO] Argument:335 - Argument : XferCpltCallbackvalue: null
2025-06-27 18:40:20,828 [INFO] Argument:325 - Argument : XferHalfCpltCallbackvalue: null
2025-06-27 18:40:20,828 [INFO] Argument:335 - Argument : XferHalfCpltCallbackvalue: null
2025-06-27 18:40:20,828 [INFO] Argument:325 - Argument : XferM1CpltCallbackvalue: null
2025-06-27 18:40:20,828 [INFO] Argument:335 - Argument : XferM1CpltCallbackvalue: null
2025-06-27 18:40:20,828 [INFO] Argument:325 - Argument : XferM1HalfCpltCallbackvalue: null
2025-06-27 18:40:20,828 [INFO] Argument:335 - Argument : XferM1HalfCpltCallbackvalue: null
2025-06-27 18:40:20,828 [INFO] Argument:325 - Argument : XferErrorCallbackvalue: null
2025-06-27 18:40:20,828 [INFO] Argument:335 - Argument : XferErrorCallbackvalue: null
2025-06-27 18:40:20,828 [INFO] Argument:325 - Argument : XferAbortCallbackvalue: null
2025-06-27 18:40:20,828 [INFO] Argument:335 - Argument : XferAbortCallbackvalue: null
2025-06-27 18:40:20,828 [INFO] Argument:325 - Argument : ErrorCodevalue: null
2025-06-27 18:40:20,828 [INFO] Argument:335 - Argument : ErrorCodevalue: null
2025-06-27 18:40:20,828 [INFO] Argument:325 - Argument : StreamBaseAddressvalue: null
2025-06-27 18:40:20,828 [INFO] Argument:335 - Argument : StreamBaseAddressvalue: null
2025-06-27 18:40:20,829 [INFO] Argument:325 - Argument : StreamIndexvalue: null
2025-06-27 18:40:20,829 [INFO] Argument:335 - Argument : StreamIndexvalue: null
2025-06-27 18:40:21,398 [INFO] CodeEngine:263 - oldGeneratedFile, C:\Users\marcv\Desktop\X1-Thorn\1_Code\3_STM32\0_workspace\X1_Thorn_v3\MXTmpFiles\license.tmp_save
2025-06-27 18:40:21,716 [INFO] CodeEngine:287 - Generated code: C:\Users\marcv\Desktop\X1-Thorn\1_Code\3_STM32\0_workspace\X1_Thorn_v3\MXTmpFiles\license.tmp
2025-06-27 18:40:21,858 [INFO] CodeEngine:263 - oldGeneratedFile, C:\Users\marcv\Desktop\X1-Thorn\1_Code\3_STM32\0_workspace\X1_Thorn_v3\Core\Src\gpio.c_save
2025-06-27 18:40:22,050 [INFO] CodeEngine:287 - Generated code: C:\Users\marcv\Desktop\X1-Thorn\1_Code\3_STM32\0_workspace\X1_Thorn_v3\Core\Src\gpio.c
2025-06-27 18:40:22,058 [INFO] CodeEngine:263 - oldGeneratedFile, C:\Users\marcv\Desktop\X1-Thorn\1_Code\3_STM32\0_workspace\X1_Thorn_v3\Core\Inc\gpio.h_save
2025-06-27 18:40:22,162 [INFO] CodeEngine:287 - Generated code: C:\Users\marcv\Desktop\X1-Thorn\1_Code\3_STM32\0_workspace\X1_Thorn_v3\Core\Inc\gpio.h
2025-06-27 18:40:22,491 [WARN] IPConfigManager:103 - WARNING: Missing Config File for DEBUG ip!!
2025-06-27 18:40:22,807 [WARN] IPConfigManager:103 - WARNING: Missing Config File for MEMORYMAP ip!!
2025-06-27 18:40:24,464 [INFO] Middleware:1452 - No code input for Bsp Dependency
2025-06-27 18:40:24,475 [INFO] CodeEngine:263 - oldGeneratedFile, C:\Users\marcv\Desktop\X1-Thorn\1_Code\3_STM32\0_workspace\X1_Thorn_v3\MXTmpFiles\rtos_inc.tmp_save
2025-06-27 18:40:24,575 [INFO] CodeEngine:287 - Generated code: C:\Users\marcv\Desktop\X1-Thorn\1_Code\3_STM32\0_workspace\X1_Thorn_v3\MXTmpFiles\rtos_inc.tmp
2025-06-27 18:40:24,582 [INFO] CodeEngine:263 - oldGeneratedFile, C:\Users\marcv\Desktop\X1-Thorn\1_Code\3_STM32\0_workspace\X1_Thorn_v3\MXTmpFiles\rtos_kernelInit.tmp_save
2025-06-27 18:40:24,652 [INFO] CodeEngine:287 - Generated code: C:\Users\marcv\Desktop\X1-Thorn\1_Code\3_STM32\0_workspace\X1_Thorn_v3\MXTmpFiles\rtos_kernelInit.tmp
2025-06-27 18:40:24,659 [INFO] CodeEngine:263 - oldGeneratedFile, C:\Users\marcv\Desktop\X1-Thorn\1_Code\3_STM32\0_workspace\X1_Thorn_v3\MXTmpFiles\rtos_kernelStart.tmp_save
2025-06-27 18:40:24,728 [INFO] CodeEngine:287 - Generated code: C:\Users\marcv\Desktop\X1-Thorn\1_Code\3_STM32\0_workspace\X1_Thorn_v3\MXTmpFiles\rtos_kernelStart.tmp
2025-06-27 18:40:24,734 [INFO] CodeEngine:263 - oldGeneratedFile, C:\Users\marcv\Desktop\X1-Thorn\1_Code\3_STM32\0_workspace\X1_Thorn_v3\MXTmpFiles\rtos_typedefs.tmp_save
2025-06-27 18:40:24,800 [INFO] CodeEngine:287 - Generated code: C:\Users\marcv\Desktop\X1-Thorn\1_Code\3_STM32\0_workspace\X1_Thorn_v3\MXTmpFiles\rtos_typedefs.tmp
2025-06-27 18:40:24,806 [INFO] CodeEngine:263 - oldGeneratedFile, C:\Users\marcv\Desktop\X1-Thorn\1_Code\3_STM32\0_workspace\X1_Thorn_v3\MXTmpFiles\rtos_vars.tmp_save
2025-06-27 18:40:24,897 [INFO] CodeEngine:287 - Generated code: C:\Users\marcv\Desktop\X1-Thorn\1_Code\3_STM32\0_workspace\X1_Thorn_v3\MXTmpFiles\rtos_vars.tmp
2025-06-27 18:40:24,904 [INFO] CodeEngine:263 - oldGeneratedFile, C:\Users\marcv\Desktop\X1-Thorn\1_Code\3_STM32\0_workspace\X1_Thorn_v3\MXTmpFiles\rtos_pfp.tmp_save
2025-06-27 18:40:25,012 [INFO] CodeEngine:287 - Generated code: C:\Users\marcv\Desktop\X1-Thorn\1_Code\3_STM32\0_workspace\X1_Thorn_v3\MXTmpFiles\rtos_pfp.tmp
2025-06-27 18:40:25,018 [INFO] CodeEngine:263 - oldGeneratedFile, C:\Users\marcv\Desktop\X1-Thorn\1_Code\3_STM32\0_workspace\X1_Thorn_v3\MXTmpFiles\rtos_obj_creat.tmp_save
2025-06-27 18:40:25,095 [INFO] CodeEngine:287 - Generated code: C:\Users\marcv\Desktop\X1-Thorn\1_Code\3_STM32\0_workspace\X1_Thorn_v3\MXTmpFiles\rtos_obj_creat.tmp
2025-06-27 18:40:25,102 [INFO] CodeEngine:263 - oldGeneratedFile, C:\Users\marcv\Desktop\X1-Thorn\1_Code\3_STM32\0_workspace\X1_Thorn_v3\MXTmpFiles\rtos_default_thread.tmp_save
2025-06-27 18:40:25,159 [INFO] CodeEngine:287 - Generated code: C:\Users\marcv\Desktop\X1-Thorn\1_Code\3_STM32\0_workspace\X1_Thorn_v3\MXTmpFiles\rtos_default_thread.tmp
2025-06-27 18:40:25,165 [INFO] CodeEngine:263 - oldGeneratedFile, C:\Users\marcv\Desktop\X1-Thorn\1_Code\3_STM32\0_workspace\X1_Thorn_v3\MXTmpFiles\rtos_threads.tmp_save
2025-06-27 18:40:25,223 [INFO] CodeEngine:287 - Generated code: C:\Users\marcv\Desktop\X1-Thorn\1_Code\3_STM32\0_workspace\X1_Thorn_v3\MXTmpFiles\rtos_threads.tmp
2025-06-27 18:40:25,262 [INFO] Middleware:1452 - No code input for Bsp Dependency
2025-06-27 18:40:25,274 [INFO] CodeEngine:263 - oldGeneratedFile, C:\Users\marcv\Desktop\X1-Thorn\1_Code\3_STM32\0_workspace\X1_Thorn_v3\MXTmpFiles\rtos_inc.tmp_save
2025-06-27 18:40:25,345 [INFO] CodeEngine:287 - Generated code: C:\Users\marcv\Desktop\X1-Thorn\1_Code\3_STM32\0_workspace\X1_Thorn_v3\MXTmpFiles\rtos_inc.tmp
2025-06-27 18:40:25,352 [INFO] CodeEngine:263 - oldGeneratedFile, C:\Users\marcv\Desktop\X1-Thorn\1_Code\3_STM32\0_workspace\X1_Thorn_v3\MXTmpFiles\rtos_kernelInit.tmp_save
2025-06-27 18:40:25,405 [INFO] CodeEngine:287 - Generated code: C:\Users\marcv\Desktop\X1-Thorn\1_Code\3_STM32\0_workspace\X1_Thorn_v3\MXTmpFiles\rtos_kernelInit.tmp
2025-06-27 18:40:25,412 [INFO] CodeEngine:263 - oldGeneratedFile, C:\Users\marcv\Desktop\X1-Thorn\1_Code\3_STM32\0_workspace\X1_Thorn_v3\MXTmpFiles\rtos_kernelStart.tmp_save
2025-06-27 18:40:25,463 [INFO] CodeEngine:287 - Generated code: C:\Users\marcv\Desktop\X1-Thorn\1_Code\3_STM32\0_workspace\X1_Thorn_v3\MXTmpFiles\rtos_kernelStart.tmp
2025-06-27 18:40:25,470 [INFO] CodeEngine:263 - oldGeneratedFile, C:\Users\marcv\Desktop\X1-Thorn\1_Code\3_STM32\0_workspace\X1_Thorn_v3\MXTmpFiles\rtos_typedefs.tmp_save
2025-06-27 18:40:25,523 [INFO] CodeEngine:287 - Generated code: C:\Users\marcv\Desktop\X1-Thorn\1_Code\3_STM32\0_workspace\X1_Thorn_v3\MXTmpFiles\rtos_typedefs.tmp
2025-06-27 18:40:25,539 [INFO] CodeEngine:263 - oldGeneratedFile, C:\Users\marcv\Desktop\X1-Thorn\1_Code\3_STM32\0_workspace\X1_Thorn_v3\MXTmpFiles\rtos_vars.tmp_save
2025-06-27 18:40:25,596 [INFO] CodeEngine:287 - Generated code: C:\Users\marcv\Desktop\X1-Thorn\1_Code\3_STM32\0_workspace\X1_Thorn_v3\MXTmpFiles\rtos_vars.tmp
2025-06-27 18:40:25,603 [INFO] CodeEngine:263 - oldGeneratedFile, C:\Users\marcv\Desktop\X1-Thorn\1_Code\3_STM32\0_workspace\X1_Thorn_v3\MXTmpFiles\rtos_pfp.tmp_save
2025-06-27 18:40:25,653 [INFO] CodeEngine:287 - Generated code: C:\Users\marcv\Desktop\X1-Thorn\1_Code\3_STM32\0_workspace\X1_Thorn_v3\MXTmpFiles\rtos_pfp.tmp
2025-06-27 18:40:25,669 [INFO] CodeEngine:263 - oldGeneratedFile, C:\Users\marcv\Desktop\X1-Thorn\1_Code\3_STM32\0_workspace\X1_Thorn_v3\MXTmpFiles\rtos_obj_creat.tmp_save
2025-06-27 18:40:25,725 [INFO] CodeEngine:287 - Generated code: C:\Users\marcv\Desktop\X1-Thorn\1_Code\3_STM32\0_workspace\X1_Thorn_v3\MXTmpFiles\rtos_obj_creat.tmp
2025-06-27 18:40:25,733 [INFO] CodeEngine:263 - oldGeneratedFile, C:\Users\marcv\Desktop\X1-Thorn\1_Code\3_STM32\0_workspace\X1_Thorn_v3\MXTmpFiles\rtos_default_thread.tmp_save
2025-06-27 18:40:25,786 [INFO] CodeEngine:287 - Generated code: C:\Users\marcv\Desktop\X1-Thorn\1_Code\3_STM32\0_workspace\X1_Thorn_v3\MXTmpFiles\rtos_default_thread.tmp
2025-06-27 18:40:25,793 [INFO] CodeEngine:263 - oldGeneratedFile, C:\Users\marcv\Desktop\X1-Thorn\1_Code\3_STM32\0_workspace\X1_Thorn_v3\MXTmpFiles\rtos_threads.tmp_save
2025-06-27 18:40:25,843 [INFO] CodeEngine:287 - Generated code: C:\Users\marcv\Desktop\X1-Thorn\1_Code\3_STM32\0_workspace\X1_Thorn_v3\MXTmpFiles\rtos_threads.tmp
2025-06-27 18:40:25,860 [INFO] CodeEngine:263 - oldGeneratedFile, C:\Users\marcv\Desktop\X1-Thorn\1_Code\3_STM32\0_workspace\X1_Thorn_v3\Core\Inc\FreeRTOSConfig.h_save
2025-06-27 18:40:25,941 [INFO] CodeEngine:287 - Generated code: C:\Users\marcv\Desktop\X1-Thorn\1_Code\3_STM32\0_workspace\X1_Thorn_v3\Core\Inc\FreeRTOSConfig.h
2025-06-27 18:40:25,956 [INFO] CodeEngine:263 - oldGeneratedFile, C:\Users\marcv\Desktop\X1-Thorn\1_Code\3_STM32\0_workspace\X1_Thorn_v3\Core\Src\freertos.c_save
2025-06-27 18:40:26,035 [INFO] CodeEngine:287 - Generated code: C:\Users\marcv\Desktop\X1-Thorn\1_Code\3_STM32\0_workspace\X1_Thorn_v3\Core\Src\freertos.c
2025-06-27 18:40:26,061 [INFO] CodeEngine:263 - oldGeneratedFile, C:\Users\marcv\Desktop\X1-Thorn\1_Code\3_STM32\0_workspace\X1_Thorn_v3\Core\Src\adc.c_save
2025-06-27 18:40:26,164 [INFO] CodeEngine:287 - Generated code: C:\Users\marcv\Desktop\X1-Thorn\1_Code\3_STM32\0_workspace\X1_Thorn_v3\Core\Src\adc.c
2025-06-27 18:40:26,172 [INFO] CodeEngine:263 - oldGeneratedFile, C:\Users\marcv\Desktop\X1-Thorn\1_Code\3_STM32\0_workspace\X1_Thorn_v3\Core\Inc\adc.h_save
2025-06-27 18:40:26,238 [INFO] CodeEngine:287 - Generated code: C:\Users\marcv\Desktop\X1-Thorn\1_Code\3_STM32\0_workspace\X1_Thorn_v3\Core\Inc\adc.h
2025-06-27 18:40:26,251 [INFO] CodeEngine:263 - oldGeneratedFile, C:\Users\marcv\Desktop\X1-Thorn\1_Code\3_STM32\0_workspace\X1_Thorn_v3\MXTmpFiles\cortex.tmp_save
2025-06-27 18:40:26,334 [INFO] CodeEngine:287 - Generated code: C:\Users\marcv\Desktop\X1-Thorn\1_Code\3_STM32\0_workspace\X1_Thorn_v3\MXTmpFiles\cortex.tmp
2025-06-27 18:40:26,401 [INFO] CodeEngine:263 - oldGeneratedFile, C:\Users\marcv\Desktop\X1-Thorn\1_Code\3_STM32\0_workspace\X1_Thorn_v3\Core\Src\dma.c_save
2025-06-27 18:40:26,485 [INFO] CodeEngine:287 - Generated code: C:\Users\marcv\Desktop\X1-Thorn\1_Code\3_STM32\0_workspace\X1_Thorn_v3\Core\Src\dma.c
2025-06-27 18:40:26,492 [INFO] CodeEngine:263 - oldGeneratedFile, C:\Users\marcv\Desktop\X1-Thorn\1_Code\3_STM32\0_workspace\X1_Thorn_v3\Core\Inc\dma.h_save
2025-06-27 18:40:26,548 [INFO] CodeEngine:287 - Generated code: C:\Users\marcv\Desktop\X1-Thorn\1_Code\3_STM32\0_workspace\X1_Thorn_v3\Core\Inc\dma.h
2025-06-27 18:40:26,575 [INFO] CodeEngine:263 - oldGeneratedFile, C:\Users\marcv\Desktop\X1-Thorn\1_Code\3_STM32\0_workspace\X1_Thorn_v3\Core\Src\i2c.c_save
2025-06-27 18:40:26,651 [INFO] CodeEngine:287 - Generated code: C:\Users\marcv\Desktop\X1-Thorn\1_Code\3_STM32\0_workspace\X1_Thorn_v3\Core\Src\i2c.c
2025-06-27 18:40:26,658 [INFO] CodeEngine:263 - oldGeneratedFile, C:\Users\marcv\Desktop\X1-Thorn\1_Code\3_STM32\0_workspace\X1_Thorn_v3\Core\Inc\i2c.h_save
2025-06-27 18:40:26,716 [INFO] CodeEngine:287 - Generated code: C:\Users\marcv\Desktop\X1-Thorn\1_Code\3_STM32\0_workspace\X1_Thorn_v3\Core\Inc\i2c.h
2025-06-27 18:40:26,738 [INFO] CodeEngine:263 - oldGeneratedFile, C:\Users\marcv\Desktop\X1-Thorn\1_Code\3_STM32\0_workspace\X1_Thorn_v3\Core\Src\memorymap.c_save
2025-06-27 18:40:26,815 [INFO] CodeEngine:287 - Generated code: C:\Users\marcv\Desktop\X1-Thorn\1_Code\3_STM32\0_workspace\X1_Thorn_v3\Core\Src\memorymap.c
2025-06-27 18:40:26,822 [INFO] CodeEngine:263 - oldGeneratedFile, C:\Users\marcv\Desktop\X1-Thorn\1_Code\3_STM32\0_workspace\X1_Thorn_v3\Core\Inc\memorymap.h_save
2025-06-27 18:40:26,891 [INFO] CodeEngine:287 - Generated code: C:\Users\marcv\Desktop\X1-Thorn\1_Code\3_STM32\0_workspace\X1_Thorn_v3\Core\Inc\memorymap.h
2025-06-27 18:40:26,915 [INFO] CodeEngine:263 - oldGeneratedFile, C:\Users\marcv\Desktop\X1-Thorn\1_Code\3_STM32\0_workspace\X1_Thorn_v3\Core\Src\spi.c_save
2025-06-27 18:40:26,992 [INFO] CodeEngine:287 - Generated code: C:\Users\marcv\Desktop\X1-Thorn\1_Code\3_STM32\0_workspace\X1_Thorn_v3\Core\Src\spi.c
2025-06-27 18:40:26,999 [INFO] CodeEngine:263 - oldGeneratedFile, C:\Users\marcv\Desktop\X1-Thorn\1_Code\3_STM32\0_workspace\X1_Thorn_v3\Core\Inc\spi.h_save
2025-06-27 18:40:27,064 [INFO] CodeEngine:287 - Generated code: C:\Users\marcv\Desktop\X1-Thorn\1_Code\3_STM32\0_workspace\X1_Thorn_v3\Core\Inc\spi.h
2025-06-27 18:40:27,086 [INFO] CodeEngine:263 - oldGeneratedFile, C:\Users\marcv\Desktop\X1-Thorn\1_Code\3_STM32\0_workspace\X1_Thorn_v3\Core\Src\tim.c_save
2025-06-27 18:40:27,204 [INFO] CodeEngine:287 - Generated code: C:\Users\marcv\Desktop\X1-Thorn\1_Code\3_STM32\0_workspace\X1_Thorn_v3\Core\Src\tim.c
2025-06-27 18:40:27,212 [INFO] CodeEngine:263 - oldGeneratedFile, C:\Users\marcv\Desktop\X1-Thorn\1_Code\3_STM32\0_workspace\X1_Thorn_v3\Core\Inc\tim.h_save
2025-06-27 18:40:27,286 [INFO] CodeEngine:287 - Generated code: C:\Users\marcv\Desktop\X1-Thorn\1_Code\3_STM32\0_workspace\X1_Thorn_v3\Core\Inc\tim.h
2025-06-27 18:40:27,312 [INFO] CodeEngine:263 - oldGeneratedFile, C:\Users\marcv\Desktop\X1-Thorn\1_Code\3_STM32\0_workspace\X1_Thorn_v3\Core\Src\usart.c_save
2025-06-27 18:40:27,399 [INFO] CodeEngine:287 - Generated code: C:\Users\marcv\Desktop\X1-Thorn\1_Code\3_STM32\0_workspace\X1_Thorn_v3\Core\Src\usart.c
2025-06-27 18:40:27,407 [INFO] CodeEngine:263 - oldGeneratedFile, C:\Users\marcv\Desktop\X1-Thorn\1_Code\3_STM32\0_workspace\X1_Thorn_v3\Core\Inc\usart.h_save
2025-06-27 18:40:27,464 [INFO] CodeEngine:287 - Generated code: C:\Users\marcv\Desktop\X1-Thorn\1_Code\3_STM32\0_workspace\X1_Thorn_v3\Core\Inc\usart.h
2025-06-27 18:40:27,503 [INFO] CodeEngine:263 - oldGeneratedFile, C:\Users\marcv\Desktop\X1-Thorn\1_Code\3_STM32\0_workspace\X1_Thorn_v3\Core\Src\stm32h7xx_it.c_save
2025-06-27 18:40:27,674 [INFO] CodeEngine:287 - Generated code: C:\Users\marcv\Desktop\X1-Thorn\1_Code\3_STM32\0_workspace\X1_Thorn_v3\Core\Src\stm32h7xx_it.c
2025-06-27 18:40:27,683 [INFO] CodeEngine:263 - oldGeneratedFile, C:\Users\marcv\Desktop\X1-Thorn\1_Code\3_STM32\0_workspace\X1_Thorn_v3\Core\Inc\stm32h7xx_it.h_save
2025-06-27 18:40:27,754 [INFO] CodeEngine:287 - Generated code: C:\Users\marcv\Desktop\X1-Thorn\1_Code\3_STM32\0_workspace\X1_Thorn_v3\Core\Inc\stm32h7xx_it.h
2025-06-27 18:40:27,892 [INFO] CodeEngine:263 - oldGeneratedFile, C:\Users\marcv\Desktop\X1-Thorn\1_Code\3_STM32\0_workspace\X1_Thorn_v3\Core\Src\stm32h7xx_hal_msp.c_save
2025-06-27 18:40:27,983 [INFO] CodeEngine:287 - Generated code: C:\Users\marcv\Desktop\X1-Thorn\1_Code\3_STM32\0_workspace\X1_Thorn_v3\Core\Src\stm32h7xx_hal_msp.c
2025-06-27 18:40:27,989 [INFO] CodeEngine:263 - oldGeneratedFile, C:\Users\marcv\Desktop\X1-Thorn\1_Code\3_STM32\0_workspace\X1_Thorn_v3\MXTmpFiles\system.tmp_save
2025-06-27 18:40:28,065 [INFO] CodeEngine:287 - Generated code: C:\Users\marcv\Desktop\X1-Thorn\1_Code\3_STM32\0_workspace\X1_Thorn_v3\MXTmpFiles\system.tmp
2025-06-27 18:40:28,081 [INFO] CodeEngine:263 - oldGeneratedFile, C:\Users\marcv\Desktop\X1-Thorn\1_Code\3_STM32\0_workspace\X1_Thorn_v3\Core\Src\stm32h7xx_hal_timebase_tim.c_save
2025-06-27 18:40:28,163 [INFO] CodeEngine:287 - Generated code: C:\Users\marcv\Desktop\X1-Thorn\1_Code\3_STM32\0_workspace\X1_Thorn_v3\Core\Src\stm32h7xx_hal_timebase_tim.c
2025-06-27 18:40:28,192 [INFO] CodeEngine:319 - oldGeneratedFile, C:\Users\marcv\Desktop\X1-Thorn\1_Code\3_STM32\0_workspace\X1_Thorn_v3\Core\Inc\stm32h7xx_hal_conf.h_save
2025-06-27 18:40:28,288 [INFO] CodeEngine:343 - Generated code: C:\Users\marcv\Desktop\X1-Thorn\1_Code\3_STM32\0_workspace\X1_Thorn_v3\Core\Inc\stm32h7xx_hal_conf.h
2025-06-27 18:40:28,340 [ERROR] ApiDbMcu:464 - Can't load MEMORYMAP-STM32xx root dir null
2025-06-27 18:40:28,340 [ERROR] ApiDbMcu:536 - Cannot parse MEMORYMAP_Config file : file do not exist
2025-06-27 18:40:28,367 [INFO] CodeEngine:263 - oldGeneratedFile, C:\Users\marcv\Desktop\X1-Thorn\1_Code\3_STM32\0_workspace\X1_Thorn_v3\Core\Inc\main.h_save
2025-06-27 18:40:28,471 [INFO] CodeEngine:287 - Generated code: C:\Users\marcv\Desktop\X1-Thorn\1_Code\3_STM32\0_workspace\X1_Thorn_v3\Core\Inc\main.h
2025-06-27 18:40:28,488 [INFO] CodeEngine:263 - oldGeneratedFile, C:\Users\marcv\Desktop\X1-Thorn\1_Code\3_STM32\0_workspace\X1_Thorn_v3\Core\Src\main.c_save
2025-06-27 18:40:28,575 [INFO] CodeEngine:287 - Generated code: C:\Users\marcv\Desktop\X1-Thorn\1_Code\3_STM32\0_workspace\X1_Thorn_v3\Core\Src\main.c
2025-06-27 18:40:29,116 [INFO] ProjectBuilder:3324 - Time for Copy HAL[1] : 328mS.
2025-06-27 18:40:29,122 [INFO] ProjectBuilder:4912 - Project Generator version: 4.6.0-B36
2025-06-27 18:40:29,202 [INFO] ConfigFileManager:1590 - The Die is : DIE450
2025-06-27 18:40:30,517 [INFO] ProjectBuilder:5191 - Time for Generating toolchain IDE Files: 1395mS.
2025-06-27 18:40:30,518 [INFO] ProjectBuilder:3181 - Time for Copy CMSIS : 1mS.
2025-06-27 18:40:30,544 [INFO] ProjectBuilder:3181 - Time for Copy CMSIS : 0mS.
2025-06-27 19:54:13,202 [INFO] Gpio:277 - dependency for GPIO [ADC2, DEBUG, I2C2, RCC, SPI4, TIM1, TIM3, TIM5, UART5, UART8]
2025-06-27 21:01:19,588 [INFO] I2cTimingTraitement:330 - 0x608087CA
2025-06-27 21:01:19,697 [INFO] Gpio:277 - dependency for GPIO [ADC2, DEBUG, I2C2, RCC, SPI4, TIM1, TIM3, TIM5, UART5, UART8]
2025-06-27 21:01:19,811 [INFO] Gpio:277 - dependency for GPIO [ADC2, DEBUG, I2C2, RCC, SPI4, TIM1, TIM3, TIM5, UART5, UART8]
2025-06-27 21:01:20,580 [INFO] Gpio:277 - dependency for GPIO [ADC2, DEBUG, I2C2, RCC, SPI4, TIM1, TIM3, TIM5, UART5, UART8]
2025-06-27 21:01:21,283 [INFO] Gpio:277 - dependency for GPIO [ADC2, DEBUG, I2C2, RCC, SPI4, TIM1, TIM3, TIM5, UART5, UART8]
2025-06-27 21:01:22,070 [INFO] Gpio:277 - dependency for GPIO [ADC2, DEBUG, I2C2, RCC, SPI4, TIM1, TIM3, TIM5, UART5, UART8]
