2025-07-01 00:39:14,689 [ERROR] LogOutputStream:75 - [STDERR_REDIRECT] 
2025-07-01 10:37:58,538 [INFO] Activator:176 - 


2025-07-01 10:37:58,539 [INFO] Activator:177 - !SESSION log4j initialized
2025-07-01 10:38:04,737 [INFO] LogOutputStream:77 - [STDOUT_REDIRECT] 
2025-07-01 10:38:13,241 [INFO] ApplicationProperties:184 - Using Application install path: C:\ST\STM32CubeIDE_1.18.0\STM32CubeIDE\plugins\com.st.stm32cube.common.mx_6.14.0.202502271554
2025-07-01 10:38:13,262 [INFO] DbMcusXml:78 - Set database path to: C:\ST\STM32CubeIDE_1.18.0\STM32CubeIDE\plugins\com.st.stm32cube.common.mx_6.14.0.202502271554\\db\/mcu/
2025-07-01 10:38:13,262 [INFO] ApiDb:274 - Set plugin database path to: C:\ST\STM32CubeIDE_1.18.0\STM32CubeIDE\plugins\com.st.stm32cube.common.mx_6.14.0.202502271554\\db\/plugins/boardmanager/
2025-07-01 10:38:13,262 [WARN] ApiDb:259 - Overriding images path with different value:  => C:\ST\STM32CubeIDE_1.18.0\STM32CubeIDE\plugins\com.st.stm32cube.common.mx_6.14.0.202502271554\\db\/plugins/mcufinder/images/
2025-07-01 10:38:13,269 [INFO] ApiDb:250 - Set database path to: C:\Users\marcv\.stmcufinder\plugins\mcufinder//mcu/
2025-07-01 10:38:13,270 [INFO] DbMcusAds:125 - Set database path to: C:\Users\marcv\.stmcufinder\plugins\mcufinder//mcu/
2025-07-01 10:38:13,273 [INFO] CrossReferenceDbSqlite:203 - Set database path to: C:\Users\marcv\.stmcufinder\plugins\mcufinder//mcu/cs/
2025-07-01 10:38:13,389 [INFO] RulesReader:64 - Compatibility file has been processed (301 Rules)
2025-07-01 10:38:13,468 [INFO] DbMcusXml:78 - Set database path to: C:\ST\STM32CubeIDE_1.18.0\STM32CubeIDE\plugins\com.st.stm32cube.common.mx_6.14.0.202502271554\\db\/mcu/
2025-07-01 10:38:13,468 [INFO] ApiDb:274 - Set plugin database path to: C:\ST\STM32CubeIDE_1.18.0\STM32CubeIDE\plugins\com.st.stm32cube.common.mx_6.14.0.202502271554\\db\/plugins/boardmanager/
2025-07-01 10:38:13,468 [INFO] ApiDb:261 - Set plugin images path to: C:\ST\STM32CubeIDE_1.18.0\STM32CubeIDE\plugins\com.st.stm32cube.common.mx_6.14.0.202502271554\\db\/plugins/mcufinder/images/
2025-07-01 10:38:13,468 [WARN] DbFile:41 - Overriding database path with different value: C:\Users\marcv\.stmcufinder\plugins\mcufinder/ => C:\Users\marcv\.stmcufinder\plugins\mcufinder
2025-07-01 10:38:13,468 [INFO] ApiDb:250 - Set database path to: C:\Users\marcv\.stmcufinder\plugins\mcufinder//mcu/
2025-07-01 10:38:13,468 [WARN] DbFile:41 - Overriding database path with different value: C:\Users\marcv\.stmcufinder\plugins\mcufinder/ => C:\Users\marcv\.stmcufinder\plugins\mcufinder
2025-07-01 10:38:13,469 [INFO] DbMcusAds:125 - Set database path to: C:\Users\marcv\.stmcufinder\plugins\mcufinder//mcu/
2025-07-01 10:38:13,469 [WARN] DbFile:41 - Overriding database path with different value: C:\Users\marcv\.stmcufinder\plugins\mcufinder/ => C:\Users\marcv\.stmcufinder\plugins\mcufinder
2025-07-01 10:38:13,469 [WARN] DbFile:41 - Overriding database path with different value: C:\Users\marcv\.stmcufinder\plugins\mcufinder/ => C:\Users\marcv\.stmcufinder\plugins\mcufinder
2025-07-01 10:38:13,469 [INFO] CrossReferenceDbSqlite:203 - Set database path to: C:\Users\marcv\.stmcufinder\plugins\mcufinder//mcu/cs/
2025-07-01 10:38:13,541 [INFO] MainPanel:272 - HeapMemory: 268435456
2025-07-01 10:38:13,666 [INFO] DbMcusXml:78 - Set database path to: C:\ST\STM32CubeIDE_1.18.0\STM32CubeIDE\plugins\com.st.stm32cube.common.mx_6.14.0.202502271554\\db\/mcu/
2025-07-01 10:38:13,666 [INFO] ApiDb:274 - Set plugin database path to: C:\ST\STM32CubeIDE_1.18.0\STM32CubeIDE\plugins\com.st.stm32cube.common.mx_6.14.0.202502271554\\db\/plugins/boardmanager/
2025-07-01 10:38:13,667 [INFO] ApiDb:261 - Set plugin images path to: C:\ST\STM32CubeIDE_1.18.0\STM32CubeIDE\plugins\com.st.stm32cube.common.mx_6.14.0.202502271554\\db\/plugins/mcufinder/images/
2025-07-01 10:38:13,667 [WARN] DbFile:41 - Overriding database path with different value: C:\Users\marcv\.stmcufinder\plugins\mcufinder/ => C:\Users\marcv\.stmcufinder\plugins\mcufinder
2025-07-01 10:38:13,667 [INFO] ApiDb:250 - Set database path to: C:\Users\marcv\.stmcufinder\plugins\mcufinder//mcu/
2025-07-01 10:38:13,667 [WARN] DbFile:41 - Overriding database path with different value: C:\Users\marcv\.stmcufinder\plugins\mcufinder/ => C:\Users\marcv\.stmcufinder\plugins\mcufinder
2025-07-01 10:38:13,667 [INFO] DbMcusAds:125 - Set database path to: C:\Users\marcv\.stmcufinder\plugins\mcufinder//mcu/
2025-07-01 10:38:13,667 [WARN] DbFile:41 - Overriding database path with different value: C:\Users\marcv\.stmcufinder\plugins\mcufinder/ => C:\Users\marcv\.stmcufinder\plugins\mcufinder
2025-07-01 10:38:13,667 [WARN] DbFile:41 - Overriding database path with different value: C:\Users\marcv\.stmcufinder\plugins\mcufinder/ => C:\Users\marcv\.stmcufinder\plugins\mcufinder
2025-07-01 10:38:13,667 [INFO] CrossReferenceDbSqlite:203 - Set database path to: C:\Users\marcv\.stmcufinder\plugins\mcufinder//mcu/cs/
2025-07-01 10:38:13,685 [INFO] ApplicationProperties:184 - Using Application install path: C:\ST\STM32CubeIDE_1.18.0\STM32CubeIDE\plugins\com.st.stm32cube.common.mx_6.14.0.202502271554
2025-07-01 10:38:13,686 [INFO] PluginManage:196 - Search for loadable plugins [exclusion list=, ]
2025-07-01 10:38:13,687 [INFO] PluginManage:310 - Check plugin analytics
2025-07-01 10:38:18,374 [INFO] AnalyticsPlugin:253 - Accepted Software Licenses: 
2025-07-01 10:38:18,374 [INFO] AnalyticsPlugin:255 - Accepted CMSIS Pack Licenses: 
2025-07-01 10:38:18,374 [INFO] AnalyticsPlugin:257 - Accepted Firmware Licenses: FW.H7.1.12.0
2025-07-01 10:38:18,376 [INFO] PluginManage:359 - Loaded plugin analytics (category:tool,tabindex:-1)
2025-07-01 10:38:18,377 [INFO] PluginManage:310 - Check plugin cadmodel
2025-07-01 10:38:18,398 [INFO] CADModel:105 - Init CAD model plugin
2025-07-01 10:38:18,398 [INFO] PluginManage:359 - Loaded plugin cadmodel (category:power,tabindex:5)
2025-07-01 10:38:18,398 [INFO] PluginManage:310 - Check plugin clock
2025-07-01 10:38:18,425 [INFO] PluginManage:359 - Loaded plugin clock (category:base,tabindex:2)
2025-07-01 10:38:18,425 [INFO] PluginManage:310 - Check plugin ddr
2025-07-01 10:38:18,428 [INFO] PluginManage:359 - Loaded plugin ddr (category:tool,tabindex:6)
2025-07-01 10:38:18,428 [INFO] PluginManage:310 - Check plugin filemanager
2025-07-01 10:38:18,587 [INFO] PluginManage:359 - Loaded plugin filemanager (category:base,tabindex:10)
2025-07-01 10:38:18,587 [INFO] PluginManage:310 - Check plugin ipmanager
2025-07-01 10:38:18,593 [INFO] PluginManage:359 - Loaded plugin ipmanager (category:base,tabindex:5)
2025-07-01 10:38:18,593 [INFO] PluginManage:310 - Check plugin lpbam
2025-07-01 10:38:18,615 [INFO] PluginManage:359 - Loaded plugin lpbam (category:base,tabindex:0)
2025-07-01 10:38:18,616 [INFO] PluginManage:310 - Check plugin memorymap
2025-07-01 10:38:18,645 [INFO] PluginManage:359 - Loaded plugin memorymap (category:base,tabindex:4)
2025-07-01 10:38:18,645 [INFO] PluginManage:310 - Check plugin pinoutandconfiguration
2025-07-01 10:38:18,680 [INFO] PluginManage:359 - Loaded plugin pinoutandconfiguration (category:base,tabindex:1)
2025-07-01 10:38:18,680 [INFO] PluginManage:310 - Check plugin pinoutconfig
2025-07-01 10:38:18,793 [WARN] SupportedApi:132 - Cannot load RTOS API schema: s4s-elt-must-match.1: The content of 'definitions' must match (annotation?, (simpleType | complexType)?, (unique | key | keyref)*)). A problem was found starting at: attribute.
2025-07-01 10:38:18,944 [INFO] PluginManage:359 - Loaded plugin pinoutconfig (category:base,tabindex:0)
2025-07-01 10:38:18,944 [INFO] PluginManage:310 - Check plugin power
2025-07-01 10:38:18,973 [INFO] PluginManage:359 - Loaded plugin power (category:power,tabindex:4)
2025-07-01 10:38:18,973 [INFO] PluginManage:310 - Check plugin projectmanager
2025-07-01 10:38:18,992 [INFO] PluginManage:359 - Loaded plugin projectmanager (category:projectmanager,tabindex:4)
2025-07-01 10:38:18,992 [INFO] PluginManage:310 - Check plugin rif
2025-07-01 10:38:19,014 [INFO] PluginManage:359 - Loaded plugin rif (category:base,tabindex:3)
2025-07-01 10:38:19,014 [INFO] PluginManage:310 - Check plugin thirdparty
2025-07-01 10:38:19,393 [INFO] PluginManage:359 - Loaded plugin thirdparty (category:base,tabindex:-1)
2025-07-01 10:38:19,393 [INFO] PluginManage:310 - Check plugin tools
2025-07-01 10:38:19,393 [WARN] IntegrityCheckThread:84 - waiting for thirdparty lock release [integrity check]
2025-07-01 10:38:19,393 [INFO] IntegrityCheckThread:86 - entering critical section [integrity check]
2025-07-01 10:38:19,393 [INFO] ThirdPartyUpdaterWithRetryManager:70 - Updater plugin not ready yet. [1/15]
2025-07-01 10:38:19,445 [INFO] PluginManage:359 - Loaded plugin tools (category:base,tabindex:7)
2025-07-01 10:38:19,445 [INFO] PluginManage:310 - Check plugin tutovideos
2025-07-01 10:38:19,643 [INFO] PluginManage:359 - Loaded plugin tutovideos (category:base,tabindex:-1)
2025-07-01 10:38:19,643 [INFO] PluginManage:310 - Check plugin updater
2025-07-01 10:38:19,663 [INFO] PluginManage:359 - Loaded plugin updater (category:base,tabindex:12)
2025-07-01 10:38:19,663 [INFO] PluginManage:310 - Check plugin userauth
2025-07-01 10:38:19,667 [INFO] UserAuth:118 - Init User Auth plugin
2025-07-01 10:38:19,668 [INFO] PluginManage:359 - Loaded plugin userauth (category:base,tabindex:14)
2025-07-01 10:38:19,668 [INFO] PluginManage:283 - PluginManage : Loaded plugins [18]
2025-07-01 10:38:19,890 [INFO] PinOutPanel:1589 - setPackage(No Configuration,No Configuration)
2025-07-01 10:38:19,969 [INFO] CADModel:165 - CPN selected for project level
2025-07-01 10:38:19,969 [INFO] CADModel:114 - Register for checkConnection events
2025-07-01 10:38:20,006 [INFO] IPUIPlugin:80 - create IPUIPlugin
2025-07-01 10:38:20,006 [INFO] PluginManager:220 - loadIPPluginJar : add adc
2025-07-01 10:38:20,067 [INFO] IPUIPlugin:80 - create IPUIPlugin
2025-07-01 10:38:20,067 [INFO] PluginManager:220 - loadIPPluginJar : add aes
2025-07-01 10:38:20,137 [INFO] IPUIPlugin:80 - create IPUIPlugin
2025-07-01 10:38:20,137 [INFO] PluginManager:220 - loadIPPluginJar : add can
2025-07-01 10:38:20,172 [INFO] IPUIPlugin:80 - create IPUIPlugin
2025-07-01 10:38:20,172 [INFO] PluginManager:220 - loadIPPluginJar : add comp
2025-07-01 10:38:20,221 [INFO] IPUIPlugin:80 - create IPUIPlugin
2025-07-01 10:38:20,221 [INFO] PluginManager:220 - loadIPPluginJar : add cryp
2025-07-01 10:38:20,237 [INFO] IPUIPlugin:80 - create IPUIPlugin
2025-07-01 10:38:20,237 [INFO] PluginManager:220 - loadIPPluginJar : add ddr_ctrl_phy
2025-07-01 10:38:20,280 [INFO] IPUIPlugin:80 - create IPUIPlugin
2025-07-01 10:38:20,280 [INFO] PluginManager:220 - loadIPPluginJar : add dfsdm
2025-07-01 10:38:20,307 [INFO] IPUIPlugin:80 - create IPUIPlugin
2025-07-01 10:38:20,308 [INFO] PluginManager:220 - loadIPPluginJar : add dma
2025-07-01 10:38:20,367 [INFO] IPUIPlugin:80 - create IPUIPlugin
2025-07-01 10:38:20,367 [INFO] PluginManager:220 - loadIPPluginJar : add dma3
2025-07-01 10:38:20,430 [INFO] IPUIPlugin:80 - create IPUIPlugin
2025-07-01 10:38:20,430 [INFO] PluginManager:220 - loadIPPluginJar : add extmemmanager
2025-07-01 10:38:20,459 [INFO] IPUIPlugin:80 - create IPUIPlugin
2025-07-01 10:38:20,459 [INFO] PluginManager:220 - loadIPPluginJar : add fatfs
2025-07-01 10:38:20,520 [INFO] IPUIPlugin:80 - create IPUIPlugin
2025-07-01 10:38:20,520 [INFO] PluginManager:220 - loadIPPluginJar : add fmc
2025-07-01 10:38:20,538 [INFO] IPUIPlugin:80 - create IPUIPlugin
2025-07-01 10:38:20,539 [INFO] PluginManager:220 - loadIPPluginJar : add freertos
2025-07-01 10:38:20,570 [INFO] IPUIPlugin:80 - create IPUIPlugin
2025-07-01 10:38:20,570 [INFO] PluginManager:220 - loadIPPluginJar : add genericplugin
2025-07-01 10:38:20,699 [INFO] IPUIPlugin:80 - create IPUIPlugin
2025-07-01 10:38:20,699 [INFO] PluginManager:220 - loadIPPluginJar : add gfxmmu
2025-07-01 10:38:20,883 [INFO] IPUIPlugin:80 - create IPUIPlugin
2025-07-01 10:38:20,884 [INFO] PluginManager:220 - loadIPPluginJar : add gic
2025-07-01 10:38:20,899 [INFO] IPUIPlugin:80 - create IPUIPlugin
2025-07-01 10:38:20,899 [INFO] PluginManager:220 - loadIPPluginJar : add gpio
2025-07-01 10:38:21,013 [INFO] IPUIPlugin:80 - create IPUIPlugin
2025-07-01 10:38:21,013 [INFO] PluginManager:220 - loadIPPluginJar : add gtzc
2025-07-01 10:38:21,057 [INFO] IPUIPlugin:80 - create IPUIPlugin
2025-07-01 10:38:21,057 [INFO] PluginManager:220 - loadIPPluginJar : add hash
2025-07-01 10:38:21,127 [INFO] IPUIPlugin:80 - create IPUIPlugin
2025-07-01 10:38:21,128 [INFO] PluginManager:220 - loadIPPluginJar : add i2c
2025-07-01 10:38:21,179 [INFO] IPUIPlugin:80 - create IPUIPlugin
2025-07-01 10:38:21,179 [INFO] PluginManager:220 - loadIPPluginJar : add i2s
2025-07-01 10:38:21,235 [INFO] IPUIPlugin:80 - create IPUIPlugin
2025-07-01 10:38:21,235 [INFO] PluginManager:220 - loadIPPluginJar : add i3c
2025-07-01 10:38:21,367 [INFO] IPUIPlugin:80 - create IPUIPlugin
2025-07-01 10:38:21,367 [INFO] PluginManager:220 - loadIPPluginJar : add ipddr
2025-07-01 10:38:21,488 [INFO] IPUIPlugin:80 - create IPUIPlugin
2025-07-01 10:38:21,488 [INFO] PluginManager:220 - loadIPPluginJar : add linkedlist
2025-07-01 10:38:21,539 [INFO] IPUIPlugin:80 - create IPUIPlugin
2025-07-01 10:38:21,539 [INFO] PluginManager:220 - loadIPPluginJar : add lorawan
2025-07-01 10:38:21,588 [INFO] IPUIPlugin:80 - create IPUIPlugin
2025-07-01 10:38:21,588 [INFO] PluginManager:220 - loadIPPluginJar : add ltdc
2025-07-01 10:38:21,610 [INFO] IPUIPlugin:80 - create IPUIPlugin
2025-07-01 10:38:21,610 [INFO] PluginManager:220 - loadIPPluginJar : add mdma
2025-07-01 10:38:21,624 [INFO] IPUIPlugin:80 - create IPUIPlugin
2025-07-01 10:38:21,625 [INFO] PluginManager:220 - loadIPPluginJar : add nvic
2025-07-01 10:38:21,673 [INFO] IPUIPlugin:80 - create IPUIPlugin
2025-07-01 10:38:21,674 [INFO] PluginManager:220 - loadIPPluginJar : add opamp
2025-07-01 10:38:21,757 [INFO] IPUIPlugin:80 - create IPUIPlugin
2025-07-01 10:38:21,757 [INFO] PluginManager:220 - loadIPPluginJar : add openamp
2025-07-01 10:38:21,812 [INFO] IPUIPlugin:80 - create IPUIPlugin
2025-07-01 10:38:21,812 [INFO] PluginManager:220 - loadIPPluginJar : add pdm2pcm
2025-07-01 10:38:21,829 [INFO] IPUIPlugin:80 - create IPUIPlugin
2025-07-01 10:38:21,831 [INFO] PluginManager:220 - loadIPPluginJar : add plateformsettings
2025-07-01 10:38:21,865 [INFO] IPUIPlugin:80 - create IPUIPlugin
2025-07-01 10:38:21,865 [INFO] PluginManager:220 - loadIPPluginJar : add quadspi
2025-07-01 10:38:21,900 [INFO] IPUIPlugin:80 - create IPUIPlugin
2025-07-01 10:38:21,901 [INFO] PluginManager:220 - loadIPPluginJar : add radio
2025-07-01 10:38:21,916 [INFO] IPUIPlugin:80 - create IPUIPlugin
2025-07-01 10:38:21,916 [INFO] PluginManager:220 - loadIPPluginJar : add resmgrutility
2025-07-01 10:38:21,973 [INFO] IPUIPlugin:80 - create IPUIPlugin
2025-07-01 10:38:21,973 [INFO] PluginManager:220 - loadIPPluginJar : add sai
2025-07-01 10:38:22,025 [INFO] IPUIPlugin:80 - create IPUIPlugin
2025-07-01 10:38:22,025 [INFO] PluginManager:220 - loadIPPluginJar : add spi
2025-07-01 10:38:22,117 [INFO] IPUIPlugin:80 - create IPUIPlugin
2025-07-01 10:38:22,117 [INFO] PluginManager:220 - loadIPPluginJar : add stm32_wpan
2025-07-01 10:38:22,147 [INFO] IPUIPlugin:80 - create IPUIPlugin
2025-07-01 10:38:22,147 [INFO] PluginManager:220 - loadIPPluginJar : add tim
2025-07-01 10:38:22,220 [INFO] IPUIPlugin:80 - create IPUIPlugin
2025-07-01 10:38:22,220 [INFO] PluginManager:220 - loadIPPluginJar : add touchsensing
2025-07-01 10:38:22,251 [INFO] IPUIPlugin:80 - create IPUIPlugin
2025-07-01 10:38:22,251 [INFO] PluginManager:220 - loadIPPluginJar : add tracer_emb
2025-07-01 10:38:22,280 [INFO] IPUIPlugin:80 - create IPUIPlugin
2025-07-01 10:38:22,280 [INFO] PluginManager:220 - loadIPPluginJar : add ts
2025-07-01 10:38:22,310 [INFO] IPUIPlugin:80 - create IPUIPlugin
2025-07-01 10:38:22,310 [INFO] PluginManager:220 - loadIPPluginJar : add tsc
2025-07-01 10:38:22,337 [INFO] IPUIPlugin:80 - create IPUIPlugin
2025-07-01 10:38:22,337 [INFO] PluginManager:220 - loadIPPluginJar : add ucpd
2025-07-01 10:38:22,393 [INFO] IPUIPlugin:80 - create IPUIPlugin
2025-07-01 10:38:22,394 [INFO] PluginManager:220 - loadIPPluginJar : add usart
2025-07-01 10:38:22,395 [INFO] ThirdPartyUpdaterWithRetryManager:70 - Updater plugin not ready yet. [2/15]
2025-07-01 10:38:22,447 [INFO] IPUIPlugin:80 - create IPUIPlugin
2025-07-01 10:38:22,447 [INFO] PluginManager:220 - loadIPPluginJar : add usbx
2025-07-01 10:38:22,568 [FATAL] Updater:351 - Updater called before beeing initialized
2025-07-01 10:38:22,588 [INFO] RulesReader:64 - Compatibility file has been processed (301 Rules)
2025-07-01 10:38:22,597 [INFO] RulesReader:64 - Compatibility file has been processed (301 Rules)
2025-07-01 10:38:22,603 [INFO] CADModel:165 - CPN selected for project level
2025-07-01 10:38:22,604 [INFO] CADModel:114 - Register for checkConnection events
2025-07-01 10:38:22,604 [FATAL] Updater:351 - Updater called before beeing initialized
2025-07-01 10:38:22,604 [ERROR] CADModel:125 - Updater not yet initialized, retry later 
2025-07-01 10:38:22,739 [FATAL] Updater:351 - Updater called before beeing initialized
2025-07-01 10:38:22,741 [INFO] CADModel:165 - CPN selected for project level
2025-07-01 10:38:22,741 [INFO] CADModel:114 - Register for checkConnection events
2025-07-01 10:38:22,741 [FATAL] Updater:351 - Updater called before beeing initialized
2025-07-01 10:38:22,741 [ERROR] CADModel:125 - Updater not yet initialized, retry later 
2025-07-01 10:38:22,743 [FATAL] Updater:351 - Updater called before beeing initialized
2025-07-01 10:38:22,845 [FATAL] Updater:351 - Updater called before beeing initialized
2025-07-01 10:38:22,857 [INFO] DbMcusAds:53 - JSON generation date=Thu Jun 19 10:32:34 CEST 2025 (1750321954415)
2025-07-01 10:38:22,857 [FATAL] Updater:351 - Updater called before beeing initialized
2025-07-01 10:38:22,902 [WARN] DetailPanel:346 - Failed to get advertising image, set to default
2025-07-01 10:38:23,135 [FATAL] Updater:351 - Updater called before beeing initialized
2025-07-01 10:38:23,137 [FATAL] Updater:351 - Updater called before beeing initialized
2025-07-01 10:38:23,137 [FATAL] Updater:351 - Updater called before beeing initialized
2025-07-01 10:38:23,137 [WARN] DetailPanel:346 - Failed to get advertising image, set to default
2025-07-01 10:38:23,137 [FATAL] Updater:351 - Updater called before beeing initialized
2025-07-01 10:38:23,193 [ERROR] Updater:1198 - MainUpdater not yet initialized. External WinMGr cannot be set.
2025-07-01 10:38:23,205 [INFO] Updater:1134 - Updater Version found : 6.14.0
2025-07-01 10:38:23,225 [INFO] ApplicationProperties:184 - Using Application install path: C:\ST\STM32CubeIDE_1.18.0\STM32CubeIDE\plugins\com.st.stm32cube.common.mx_6.14.0.202502271554
2025-07-01 10:38:24,799 [ERROR] LogOutputStream:75 - [STDERR_REDIRECT] Jul 01, 2025 10:38:24 AM java.util.prefs.WindowsPreferences <init>
2025-07-01 10:38:24,801 [ERROR] LogOutputStream:75 - [STDERR_REDIRECT] WARNING: Could not open/create prefs root node Software\JavaSoft\Prefs at root 0xffffffff80000002. Windows RegCreateKeyEx(...) returned error code 5.
2025-07-01 10:38:24,801 [ERROR] LogOutputStream:75 - [STDERR_REDIRECT] 
2025-07-01 10:38:25,068 [INFO] MainUpdater:2872 - connection check result : 10
2025-07-01 10:38:25,068 [INFO] MainUpdater:289 - Updater Check For Update Now.
2025-07-01 10:38:25,068 [INFO] MicroXplorer:498 - Change Database Version : DB.6.0.140
2025-07-01 10:38:25,083 [INFO] McuFinderGlobals:63 - Set McuFinder mode to 2 (CubeIDE integrated)
2025-07-01 10:38:25,090 [INFO] UserAuth:486 - Internet connection configuration mode: 1
2025-07-01 10:38:25,132 [INFO] JxBrowserEngine:152 - Initiate JxBrowser Engine with user profile folder
2025-07-01 10:38:25,283 [INFO] CheckServerUpdateThread:120 - End of CheckServer Thread
2025-07-01 10:38:25,655 [WARN] PackLoader:240 - Cannot read IP mode file for STMicroelectronics.FP-SNS-MOTENVWB1.1.4.0
2025-07-01 10:38:25,673 [WARN] PackLoader:240 - Cannot read IP mode file for STMicroelectronics.FP-ATR-ASTRA1.2.0.2
2025-07-01 10:38:25,693 [WARN] PackLoader:240 - Cannot read IP mode file for STMicroelectronics.X-CUBE-SMBUS.2.1.0
2025-07-01 10:38:25,712 [WARN] PackLoader:240 - Cannot read IP mode file for STMicroelectronics.X-CUBE-WB05N.1.1.0
2025-07-01 10:38:25,728 [WARN] PackLoader:240 - Cannot read IP mode file for STMicroelectronics.X-CUBE-ST60.1.0.0
2025-07-01 10:38:25,777 [WARN] PackLoader:240 - Cannot read IP mode file for STMicroelectronics.X-CUBE-AZRTOS-F7.1.1.0
2025-07-01 10:38:25,795 [WARN] PackLoader:240 - Cannot read IP mode file for STMicroelectronics.FP-SNS-FLIGHT1.5.0.2
2025-07-01 10:38:25,831 [WARN] PackLoader:240 - Cannot read IP mode file for Infineon.AIROC-Wi-Fi-Bluetooth-STM32.1.7.0
2025-07-01 10:38:25,854 [WARN] PackLoader:240 - Cannot read IP mode file for STMicroelectronics.X-CUBE-DISPLAY.3.0.0
2025-07-01 10:38:26,613 [WARN] PackLoader:240 - Cannot read IP mode file for STMicroelectronics.X-CUBE-NFC10.1.0.0
2025-07-01 10:38:26,638 [WARN] PackLoader:240 - Cannot read IP mode file for STMicroelectronics.X-CUBE-BLEMGR.4.0.0
2025-07-01 10:38:26,668 [WARN] PackLoader:240 - Cannot read IP mode file for emotas.I-CUBE-CANOPEN.1.3.0
2025-07-01 10:38:26,681 [WARN] ConditionMgr:438 - getConditionDescription Invalid condition id : Cortex-A Device cause : null
2025-07-01 10:38:26,702 [WARN] ConditionMgr:1044 - genDependencies : Invalid condition id : Cortex-A Device cause : null
2025-07-01 10:38:26,702 [WARN] ConditionMgr:1044 - genDependencies : Invalid condition id : Cortex-A Device cause : null
2025-07-01 10:38:26,702 [WARN] ConditionMgr:1044 - genDependencies : Invalid condition id : Cortex-A Device cause : null
2025-07-01 10:38:26,716 [WARN] PackLoader:240 - Cannot read IP mode file for STMicroelectronics.X-CUBE-AI.10.0.0
2025-07-01 10:38:26,731 [WARN] PackLoader:240 - Cannot read IP mode file for STMicroelectronics.FP-SNS-SMARTAG2.1.2.0
2025-07-01 10:38:26,744 [WARN] PackLoader:240 - Cannot read IP mode file for STMicroelectronics.FP-SNS-FLIGHT1.5.1.0
2025-07-01 10:38:26,838 [WARN] PackLoader:240 - Cannot read IP mode file for STMicroelectronics.X-CUBE-MEMS1.11.1.0
2025-07-01 10:38:27,007 [INFO] LogOutputStream:77 - [STDOUT_REDIRECT] 1 : Invalid condition id : UX_CORESTACK_Condition cause : null
2025-07-01 10:38:27,007 [INFO] LogOutputStream:77 - [STDOUT_REDIRECT] 1 : Invalid condition id : UX_CORESTACK_Condition cause : null
2025-07-01 10:38:27,009 [INFO] LogOutputStream:77 - [STDOUT_REDIRECT] 1 : Invalid condition id : UX_CORESTACK_Condition cause : null
2025-07-01 10:38:27,010 [INFO] LogOutputStream:77 - [STDOUT_REDIRECT] 1 : Invalid condition id : UX_CORESTACK_Condition cause : null
2025-07-01 10:38:27,010 [INFO] LogOutputStream:77 - [STDOUT_REDIRECT] 1 : Invalid condition id : UX_CORESTACK_Condition cause : null
2025-07-01 10:38:27,012 [WARN] PackLoader:240 - Cannot read IP mode file for STMicroelectronics.X-CUBE-AZRTOS-WL.2.0.0
2025-07-01 10:38:27,032 [WARN] PackLoader:240 - Cannot read IP mode file for STMicroelectronics.FP-SNS-MOTENV1.5.0.0
2025-07-01 10:38:27,058 [WARN] PackLoader:240 - Cannot read IP mode file for WES.I-CUBE-Cesium.1.3.0
2025-07-01 10:38:27,080 [WARN] PackLoader:240 - Cannot read IP mode file for STMicroelectronics.X-CUBE-BLE2.3.3.0
2025-07-01 10:38:27,097 [WARN] PackLoader:240 - Cannot read IP mode file for STMicroelectronics.X-CUBE-NFC9.1.0.0
2025-07-01 10:38:27,120 [WARN] PackLoader:240 - Cannot read IP mode file for STMicroelectronics.X-CUBE-BLE1.7.1.0
2025-07-01 10:38:27,138 [WARN] PackLoader:240 - Cannot read IP mode file for wolfSSL.I-CUBE-wolfMQTT.1.19.2
2025-07-01 10:38:27,156 [WARN] PackLoader:240 - Cannot read IP mode file for STMicroelectronics.X-CUBE-AI.10.1.0
2025-07-01 10:38:27,245 [WARN] PackLoader:240 - Cannot read IP mode file for STMicroelectronics.X-CUBE-MEMS1.11.2.0
2025-07-01 10:38:27,385 [WARN] PackLoader:240 - Cannot read IP mode file for STMicroelectronics.X-CUBE-AZRTOS-G0.1.1.0
2025-07-01 10:38:27,407 [WARN] PackLoader:240 - Cannot read IP mode file for STMicroelectronics.X-CUBE-SAFEA1.1.2.2
2025-07-01 10:38:27,408 [INFO] WebApp:169 - Instantiating new browser for Auth
2025-07-01 10:38:27,430 [WARN] PackLoader:240 - Cannot read IP mode file for STMicroelectronics.X-CUBE-NFC4.3.0.0
2025-07-01 10:38:27,469 [WARN] PackLoader:240 - Cannot read IP mode file for EmbeddedOffice.I-CUBE-FS-RTOS.1.0.1
2025-07-01 10:38:27,487 [WARN] PackLoader:240 - Cannot read IP mode file for STMicroelectronics.X-CUBE-WB05N.2.0.0
2025-07-01 10:38:27,510 [WARN] PackLoader:240 - Cannot read IP mode file for wolfSSL.I-CUBE-wolfTPM.3.8.0
2025-07-01 10:38:27,529 [WARN] PackLoader:240 - Cannot read IP mode file for STMicroelectronics.X-CUBE-TCPP.4.2.0
2025-07-01 10:38:27,557 [WARN] PackLoader:240 - Cannot read IP mode file for RealThread.X-CUBE-RT-Thread_Nano.4.1.1
2025-07-01 10:38:27,582 [WARN] PackLoader:240 - Cannot read IP mode file for STMicroelectronics.FP-ATR-SIGFOX1.3.2.0
2025-07-01 10:38:27,602 [WARN] PackLoader:240 - Cannot read IP mode file for STMicroelectronics.X-CUBE-EEPRMA1.5.1.0
2025-07-01 10:38:27,631 [WARN] PackLoader:240 - Cannot read IP mode file for wolfSSL.I-CUBE-wolfSSL.5.7.6
2025-07-01 10:38:27,659 [WARN] PackLoader:240 - Cannot read IP mode file for ITTIA_DB.I-CUBE-ITTIADB.8.9.0
2025-07-01 10:38:27,683 [WARN] PackLoader:240 - Cannot read IP mode file for STMicroelectronics.X-CUBE-ST67W61.1.0.0
2025-07-01 10:38:27,730 [WARN] PackLoader:240 - Cannot read IP mode file for SEGGER.I-CUBE-embOS.1.3.1
2025-07-01 10:38:27,771 [WARN] PackLoader:240 - Cannot read IP mode file for STMicroelectronics.X-CUBE-ALGOBUILD.1.4.0
2025-07-01 10:38:27,831 [WARN] PackLoader:240 - Cannot read IP mode file for STMicroelectronics.X-CUBE-MEMS1.11.3.0
2025-07-01 10:38:27,960 [WARN] PackLoader:240 - Cannot read IP mode file for STMicroelectronics.X-CUBE-PM33A1.1.0.0
2025-07-01 10:38:28,000 [WARN] PackLoader:240 - Cannot read IP mode file for STMicroelectronics.X-CUBE-AZRTOS-F4.1.1.0
2025-07-01 10:38:28,016 [WARN] PackLoader:240 - Cannot read IP mode file for Avnet-IotConnect.X-CUBE-IoTC-DA16k-PMOD.1.0.0
2025-07-01 10:38:28,032 [WARN] PackLoader:240 - Cannot read IP mode file for STMicroelectronics.X-CUBE-ISPU.2.1.0
2025-07-01 10:38:28,066 [WARN] PackLoader:240 - Cannot read IP mode file for STMicroelectronics.X-CUBE-AZRTOS-L5.2.0.0
2025-07-01 10:38:28,090 [WARN] PackLoader:240 - Cannot read IP mode file for STMicroelectronics.X-CUBE-NFC6.3.1.0
2025-07-01 10:38:28,115 [WARN] PackLoader:240 - Cannot read IP mode file for STMicroelectronics.X-CUBE-DPower.1.2.0
2025-07-01 10:38:28,148 [WARN] PackLoader:240 - Cannot read IP mode file for STMicroelectronics.X-CUBE-FREERTOS.1.3.1
2025-07-01 10:38:28,167 [WARN] PackLoader:240 - Cannot read IP mode file for STMicroelectronics.X-CUBE-FREERTOS.1.3.0
2025-07-01 10:38:28,187 [WARN] PackLoader:240 - Cannot read IP mode file for STMicroelectronics.X-CUBE-NFC7.1.0.1
2025-07-01 10:38:28,214 [WARN] PackLoader:240 - Cannot read IP mode file for STMicroelectronics.FP-SNS-STAIOTCFT.1.0.0
2025-07-01 10:38:28,236 [WARN] PackLoader:240 - Cannot read IP mode file for STMicroelectronics.X-CUBE-DPower.1.3.0
2025-07-01 10:38:28,269 [WARN] ConditionMgr:438 - getConditionDescription Invalid condition id : LAN8742 Phy interface Condition cause : null
2025-07-01 10:38:28,269 [WARN] PackLoader:240 - Cannot read IP mode file for STMicroelectronics.X-CUBE-AZRTOS-L4.2.0.0
2025-07-01 10:38:28,270 [WARN] ConditionMgr:1044 - genDependencies : Invalid condition id : LAN8742 Phy interface Condition cause : null
2025-07-01 10:38:28,270 [WARN] ConditionMgr:1044 - genDependencies : Invalid condition id : LAN8742 Phy interface Condition cause : null
2025-07-01 10:38:28,270 [WARN] ConditionMgr:1044 - genDependencies : Invalid condition id : LAN8742 Phy interface Condition cause : null
2025-07-01 10:38:28,287 [WARN] PackLoader:240 - Cannot read IP mode file for STMicroelectronics.X-CUBE-SFXS2LP1.4.0.0
2025-07-01 10:38:28,326 [WARN] PackLoader:240 - Cannot read IP mode file for STMicroelectronics.X-CUBE-AZRTOS-H7.3.3.0
2025-07-01 10:38:28,354 [WARN] ConditionMgr:438 - getConditionDescription Invalid condition id : UX DEVICE CLASS RTOS Condition cause : null
2025-07-01 10:38:28,354 [WARN] ConditionMgr:438 - getConditionDescription Invalid condition id : UX DEVICE CLASS RTOS Condition cause : null
2025-07-01 10:38:28,355 [WARN] PackLoader:240 - Cannot read IP mode file for STMicroelectronics.X-CUBE-AZRTOS-WB.2.0.0
2025-07-01 10:38:28,356 [WARN] ConditionMgr:1044 - genDependencies : Invalid condition id : UX DEVICE CLASS RTOS Condition cause : null
2025-07-01 10:38:28,356 [WARN] ConditionMgr:1044 - genDependencies : Invalid condition id : UX DEVICE CLASS RTOS Condition cause : null
2025-07-01 10:38:28,356 [WARN] ConditionMgr:1044 - genDependencies : Invalid condition id : UX DEVICE CLASS RTOS Condition cause : null
2025-07-01 10:38:28,357 [WARN] ConditionMgr:1044 - genDependencies : Invalid condition id : UX DEVICE CLASS RTOS Condition cause : null
2025-07-01 10:38:28,357 [WARN] ConditionMgr:1044 - genDependencies : Invalid condition id : UX DEVICE CLASS RTOS Condition cause : null
2025-07-01 10:38:28,378 [WARN] PackLoader:240 - Cannot read IP mode file for STMicroelectronics.X-CUBE-GNSS1.7.0.1
2025-07-01 10:38:28,401 [WARN] PackLoader:240 - Cannot read IP mode file for STMicroelectronics.X-CUBE-TOUCHGFX.4.25.0
2025-07-01 10:38:28,427 [WARN] PackLoader:240 - Cannot read IP mode file for STMicroelectronics.FP-SNS-STBOX1.2.0.0
2025-07-01 10:38:28,466 [WARN] PackLoader:240 - Cannot read IP mode file for STMicroelectronics.X-CUBE-SUBG2.5.0.0
2025-07-01 10:38:28,539 [WARN] PackLoader:240 - Cannot read IP mode file for STMicroelectronics.X-CUBE-AZRTOS-H7RS.1.1.0
2025-07-01 10:38:28,540 [INFO] WebApp:463 - Apply proxy settings
2025-07-01 10:38:28,541 [INFO] WebApp:548 - Chromium requires no authentication
2025-07-01 10:38:28,564 [WARN] PackLoader:240 - Cannot read IP mode file for Cesanta.I-CUBE-Mongoose.7.13.0
2025-07-01 10:38:28,568 [INFO] WebApp:491 - Direct internet connection detected
2025-07-01 10:38:28,618 [WARN] PackLoader:240 - Cannot read IP mode file for STMicroelectronics.X-CUBE-AZRTOS-G4.2.0.0
2025-07-01 10:38:28,643 [INFO] WebApp:894 - Register for checkConnection events
2025-07-01 10:38:28,643 [INFO] WebApp:463 - Apply proxy settings
2025-07-01 10:38:28,644 [INFO] WebApp:548 - Chromium requires no authentication
2025-07-01 10:38:28,644 [INFO] WebApp:491 - Direct internet connection detected
2025-07-01 10:38:28,650 [WARN] PackLoader:240 - Cannot read IP mode file for wolfSSL.I-CUBE-wolfSSH.1.4.20
2025-07-01 10:38:28,668 [WARN] PackLoader:240 - Cannot read IP mode file for STMicroelectronics.X-CUBE-NFC7.2.0.0
2025-07-01 10:38:28,702 [WARN] PackLoader:240 - Cannot read IP mode file for STMicroelectronics.X-CUBE-IPS.3.1.0
2025-07-01 10:38:28,730 [WARN] PackLoader:240 - Cannot read IP mode file for STMicroelectronics.X-CUBE-ALS.1.0.2
2025-07-01 10:38:28,746 [WARN] PackLoader:240 - Cannot read IP mode file for STMicroelectronics.X-CUBE-TOUCHGFX.4.24.2
2025-07-01 10:38:28,768 [WARN] PackLoader:240 - Cannot read IP mode file for portGmbH.I-Cube-SoM-uGOAL.1.1.0
2025-07-01 10:38:28,807 [WARN] PackLoader:240 - Cannot read IP mode file for STMicroelectronics.X-CUBE-AZRTOS-H7RS.1.0.0
2025-07-01 10:38:28,838 [WARN] PackLoader:240 - Cannot read IP mode file for STMicroelectronics.X-CUBE-TOF1.3.4.2
2025-07-01 10:38:28,864 [WARN] PackLoader:240 - Cannot read IP mode file for STMicroelectronics.X-CUBE-TOF1.3.4.3
2025-07-01 10:38:28,873 [INFO] ThirdParty:978 - Integrity check success = true
2025-07-01 10:38:28,873 [INFO] IntegrityCheckThread:100 - exiting critical section [integrity check]
2025-07-01 10:38:28,873 [INFO] IntegrityCheckThread:103 - End integrity checks thread
2025-07-01 10:38:28,921 [INFO] WebApp:191 - Connection restablished
2025-07-01 10:38:29,007 [INFO] WebApp:225 - Starting web application
2025-07-01 10:38:29,008 [INFO] WebApp:593 - Web application path used C:\ST\STM32CubeIDE_1.18.0\STM32CubeIDE\plugins\com.st.stm32cube.common.mx_6.14.0.202502271554\db\plugins\mcufinder\reactClient1\index.html
2025-07-01 10:38:29,190 [INFO] UserAuth:486 - Internet connection configuration mode: 1
2025-07-01 11:21:14,599 [INFO] McuFinderGlobals:63 - Set McuFinder mode to 2 (CubeIDE integrated)
2025-07-01 11:21:14,631 [INFO] MainUpdater:2872 - connection check result : 10
2025-07-01 11:21:14,639 [INFO] MainUpdater:2872 - connection check result : 10
2025-07-01 11:21:14,822 [INFO] MicroXplorer:468 - Change Database Path : 
2025-07-01 11:21:14,823 [INFO] MicroXplorer:498 - Change Database Version : DB.6.0.140
2025-07-01 11:21:14,829 [WARN] ThirdParty:871 - waiting for thirdparty lock release [close project]
2025-07-01 11:21:14,829 [INFO] ThirdParty:873 - entering critical section [close project]
2025-07-01 11:21:14,833 [INFO] ThirdParty:883 - exiting critical section [close project]
2025-07-01 11:21:14,836 [INFO] PinOutPanel:1589 - setPackage(No Configuration,No Configuration)
2025-07-01 11:21:14,841 [INFO] UtilMem:75 - Begin LoadConfig() Used Memory: 936828616 Bytes (1073741824)
2025-07-01 11:21:14,843 [INFO] MicroXplorer:468 - Change Database Path : 
2025-07-01 11:21:14,843 [INFO] MicroXplorer:498 - Change Database Version : DB.6.0.140
2025-07-01 11:21:14,843 [INFO] OpenFileManager:354 - Change cursor
2025-07-01 11:21:14,911 [INFO] Mcu:2011 - Initializing MCU STM32H743VITx STM32H743VITx STM32H743VIT6
2025-07-01 11:21:18,620 [INFO] Context:756 - Trying to add GPIOservice into a context  which must be forbidden
2025-07-01 11:21:20,589 [INFO] ImportTextPane:218 - (OptionalMessage_ERROR) Pin39 (VP_RIF_VS_RIF1) cannot be retrieved for this MCU
2025-07-01 11:21:20,795 [INFO] RtosManager:558 - Registered RTOS mode: class=CMSIS, group=RTOS, mode=CMSIS_V1, owner=FREERTOS
2025-07-01 11:21:20,795 [INFO] RtosManager:558 - Registered RTOS mode: class=CMSIS, group=RTOS2, mode=CMSIS_V2, owner=FREERTOS
2025-07-01 11:21:20,795 [INFO] RtosManager:558 - Registered RTOS mode: class=RTOS, group=Core, mode=CMSIS_V1, owner=FREERTOS
2025-07-01 11:21:20,795 [INFO] RtosManager:558 - Registered RTOS mode: class=RTOS, group=Core, mode=CMSIS_V2, owner=FREERTOS
2025-07-01 11:21:20,795 [WARN] ModelIntegratedComponent:184 - Missing modes for component STMicroelectronics:FreeRTOS:0.0.1:STMicroelectronics:RTOS:FreeRTOS:Core:::10.2.0:
2025-07-01 11:21:20,816 [WARN] ModelIntegratedComponent:63 - No mode defined for component null
2025-07-01 11:21:20,816 [WARN] ModelIntegratedComponent:63 - No mode defined for component null
2025-07-01 11:21:20,816 [WARN] ModelIntegratedComponent:63 - No mode defined for component null
2025-07-01 11:21:20,816 [WARN] ModelIntegratedComponent:63 - No mode defined for component null
2025-07-01 11:21:20,816 [WARN] ModelIntegratedComponent:63 - No mode defined for component null
2025-07-01 11:21:20,816 [WARN] ModelIntegratedComponent:63 - No mode defined for component null
2025-07-01 11:21:20,816 [WARN] ModelIntegratedComponent:63 - No mode defined for component null
2025-07-01 11:21:20,816 [WARN] ModelIntegratedComponent:63 - No mode defined for component null
2025-07-01 11:21:20,816 [WARN] ModelIntegratedComponent:63 - No mode defined for component null
2025-07-01 11:21:20,816 [WARN] ModelIntegratedComponent:63 - No mode defined for component null
2025-07-01 11:21:20,816 [WARN] ModelIntegratedComponent:63 - No mode defined for component null
2025-07-01 11:21:20,816 [WARN] ModelIntegratedComponent:63 - No mode defined for component null
2025-07-01 11:21:20,817 [WARN] ModelIntegratedComponent:63 - No mode defined for component null
2025-07-01 11:21:20,817 [WARN] ModelIntegratedComponent:63 - No mode defined for component null
2025-07-01 11:21:20,817 [WARN] ModelIntegratedComponent:63 - No mode defined for component null
2025-07-01 11:21:20,817 [WARN] ModelIntegratedComponent:63 - No mode defined for component null
2025-07-01 11:21:20,817 [WARN] ModelIntegratedComponent:63 - No mode defined for component null
2025-07-01 11:21:20,817 [WARN] ModelIntegratedComponent:63 - No mode defined for component null
2025-07-01 11:21:20,817 [WARN] ModelIntegratedComponent:63 - No mode defined for component null
2025-07-01 11:21:20,817 [WARN] ModelIntegratedComponent:63 - No mode defined for component null
2025-07-01 11:21:20,817 [WARN] ModelIntegratedComponent:63 - No mode defined for component null
2025-07-01 11:21:20,817 [WARN] ModelIntegratedComponent:63 - No mode defined for component null
2025-07-01 11:21:20,817 [WARN] ModelIntegratedComponent:63 - No mode defined for component null
2025-07-01 11:21:20,817 [WARN] ModelIntegratedComponent:63 - No mode defined for component null
2025-07-01 11:21:20,817 [WARN] ModelIntegratedComponent:63 - No mode defined for component null
2025-07-01 11:21:20,817 [WARN] ModelIntegratedComponent:63 - No mode defined for component null
2025-07-01 11:21:20,817 [WARN] ModelIntegratedComponent:63 - No mode defined for component null
2025-07-01 11:21:20,817 [WARN] ModelIntegratedComponent:63 - No mode defined for component null
2025-07-01 11:21:20,818 [WARN] ModelIntegratedComponent:63 - No mode defined for component null
2025-07-01 11:21:20,818 [WARN] ModelIntegratedComponent:63 - No mode defined for component null
2025-07-01 11:21:20,818 [WARN] ModelIntegratedComponent:63 - No mode defined for component null
2025-07-01 11:21:20,818 [WARN] ModelIntegratedComponent:63 - No mode defined for component null
2025-07-01 11:21:20,818 [WARN] ModelIntegratedComponent:63 - No mode defined for component null
2025-07-01 11:21:20,818 [WARN] ModelIntegratedComponent:63 - No mode defined for component null
2025-07-01 11:21:20,818 [WARN] ModelIntegratedComponent:63 - No mode defined for component null
2025-07-01 11:21:20,818 [WARN] ModelPack:524 - Component already loaded: STMicroelectronics:HAL Drivers:0.0.0:STMicroelectronics:Device:STMicro_Driver:XSPI:HAL::0.0.1:HAL_XSPI
2025-07-01 11:21:20,966 [INFO] ThirdPartyModel:298 - Start build external matchings
2025-07-01 11:21:21,990 [INFO] ThirdPartyModel:316 - End build external matchings
2025-07-01 11:21:22,014 [INFO] RtosManager:967 - Current active RTOS is FREERTOS [Cortex-M7NS]
2025-07-01 11:21:22,025 [INFO] ImportTextPane:218 - (OptionalMessage_ERROR) IP (DMA) : Parameter (Instance) has Id (TIM3_CH1) currently not set
2025-07-01 11:21:22,025 [INFO] ImportTextPane:218 - (OptionalMessage_ERROR) IP (DMA) : Parameter (Request) has Id (TIM3_CH1) currently not set
2025-07-01 11:21:22,025 [INFO] ImportTextPane:218 - (OptionalMessage_ERROR) IP (DMA) : Parameter (Direction) has Id (TIM3_CH1) currently not set
2025-07-01 11:21:22,025 [INFO] ImportTextPane:218 - (OptionalMessage_ERROR) IP (DMA) : Parameter (PeriphInc) has Id (TIM3_CH1) currently not set
2025-07-01 11:21:22,025 [INFO] ImportTextPane:218 - (OptionalMessage_ERROR) IP (DMA) : Parameter (MemInc) has Id (TIM3_CH1) currently not set
2025-07-01 11:21:22,026 [INFO] ImportTextPane:218 - (OptionalMessage_ERROR) IP (DMA) : Parameter (PeriphDataAlignment) has Id (TIM3_CH1) currently not set
2025-07-01 11:21:22,026 [INFO] ImportTextPane:218 - (OptionalMessage_ERROR) IP (DMA) : Parameter (MemDataAlignment) has Id (TIM3_CH1) currently not set
2025-07-01 11:21:22,026 [INFO] ImportTextPane:218 - (OptionalMessage_ERROR) IP (DMA) : Parameter (Mode) has Id (TIM3_CH1) currently not set
2025-07-01 11:21:22,026 [INFO] ImportTextPane:218 - (OptionalMessage_ERROR) IP (DMA) : Parameter (Priority) has Id (TIM3_CH1) currently not set
2025-07-01 11:21:22,026 [INFO] ImportTextPane:218 - (OptionalMessage_ERROR) IP (DMA) : Parameter (FIFOMode) has Id (TIM3_CH1) currently not set
2025-07-01 11:21:22,026 [INFO] ImportTextPane:218 - (OptionalMessage_ERROR) IP (DMA) : Parameter (SignalID) has Id (TIM3_CH1) currently not set
2025-07-01 11:21:22,026 [INFO] ImportTextPane:218 - (OptionalMessage_ERROR) IP (DMA) : Parameter (Polarity) has Id (TIM3_CH1) currently not set
2025-07-01 11:21:22,026 [INFO] ImportTextPane:218 - (OptionalMessage_ERROR) IP (DMA) : Parameter (RequestNumber) has Id (TIM3_CH1) currently not set
2025-07-01 11:21:22,026 [INFO] ImportTextPane:218 - (OptionalMessage_ERROR) IP (DMA) : Parameter (SyncSignalID) has Id (TIM3_CH1) currently not set
2025-07-01 11:21:22,026 [INFO] ImportTextPane:218 - (OptionalMessage_ERROR) IP (DMA) : Parameter (SyncPolarity) has Id (TIM3_CH1) currently not set
2025-07-01 11:21:22,027 [INFO] ImportTextPane:218 - (OptionalMessage_ERROR) IP (DMA) : Parameter (SyncEnable) has Id (TIM3_CH1) currently not set
2025-07-01 11:21:22,027 [INFO] ImportTextPane:218 - (OptionalMessage_ERROR) IP (DMA) : Parameter (EventEnable) has Id (TIM3_CH1) currently not set
2025-07-01 11:21:22,027 [INFO] ImportTextPane:218 - (OptionalMessage_ERROR) IP (DMA) : Parameter (SyncRequestNumber) has Id (TIM3_CH1) currently not set
2025-07-01 11:21:22,027 [INFO] ImportTextPane:218 - (OptionalMessage_ERROR) IP (DMA) : Parameter (Instance) has Id (TIM3_CH2) currently not set
2025-07-01 11:21:22,027 [INFO] ImportTextPane:218 - (OptionalMessage_ERROR) IP (DMA) : Parameter (Request) has Id (TIM3_CH2) currently not set
2025-07-01 11:21:22,027 [INFO] ImportTextPane:218 - (OptionalMessage_ERROR) IP (DMA) : Parameter (Direction) has Id (TIM3_CH2) currently not set
2025-07-01 11:21:22,027 [INFO] ImportTextPane:218 - (OptionalMessage_ERROR) IP (DMA) : Parameter (PeriphInc) has Id (TIM3_CH2) currently not set
2025-07-01 11:21:22,027 [INFO] ImportTextPane:218 - (OptionalMessage_ERROR) IP (DMA) : Parameter (MemInc) has Id (TIM3_CH2) currently not set
2025-07-01 11:21:22,027 [INFO] ImportTextPane:218 - (OptionalMessage_ERROR) IP (DMA) : Parameter (PeriphDataAlignment) has Id (TIM3_CH2) currently not set
2025-07-01 11:21:22,027 [INFO] ImportTextPane:218 - (OptionalMessage_ERROR) IP (DMA) : Parameter (MemDataAlignment) has Id (TIM3_CH2) currently not set
2025-07-01 11:21:22,027 [INFO] ImportTextPane:218 - (OptionalMessage_ERROR) IP (DMA) : Parameter (Mode) has Id (TIM3_CH2) currently not set
2025-07-01 11:21:22,027 [INFO] ImportTextPane:218 - (OptionalMessage_ERROR) IP (DMA) : Parameter (Priority) has Id (TIM3_CH2) currently not set
2025-07-01 11:21:22,027 [INFO] ImportTextPane:218 - (OptionalMessage_ERROR) IP (DMA) : Parameter (FIFOMode) has Id (TIM3_CH2) currently not set
2025-07-01 11:21:22,028 [INFO] ImportTextPane:218 - (OptionalMessage_ERROR) IP (DMA) : Parameter (SignalID) has Id (TIM3_CH2) currently not set
2025-07-01 11:21:22,028 [INFO] ImportTextPane:218 - (OptionalMessage_ERROR) IP (DMA) : Parameter (Polarity) has Id (TIM3_CH2) currently not set
2025-07-01 11:21:22,028 [INFO] ImportTextPane:218 - (OptionalMessage_ERROR) IP (DMA) : Parameter (RequestNumber) has Id (TIM3_CH2) currently not set
2025-07-01 11:21:22,028 [INFO] ImportTextPane:218 - (OptionalMessage_ERROR) IP (DMA) : Parameter (SyncSignalID) has Id (TIM3_CH2) currently not set
2025-07-01 11:21:22,028 [INFO] ImportTextPane:218 - (OptionalMessage_ERROR) IP (DMA) : Parameter (SyncPolarity) has Id (TIM3_CH2) currently not set
2025-07-01 11:21:22,028 [INFO] ImportTextPane:218 - (OptionalMessage_ERROR) IP (DMA) : Parameter (SyncEnable) has Id (TIM3_CH2) currently not set
2025-07-01 11:21:22,028 [INFO] ImportTextPane:218 - (OptionalMessage_ERROR) IP (DMA) : Parameter (EventEnable) has Id (TIM3_CH2) currently not set
2025-07-01 11:21:22,028 [INFO] ImportTextPane:218 - (OptionalMessage_ERROR) IP (DMA) : Parameter (SyncRequestNumber) has Id (TIM3_CH2) currently not set
2025-07-01 11:21:22,028 [INFO] ImportTextPane:218 - (OptionalMessage_ERROR) IP (DMA) : Parameter (Instance) has Id (TIM16_UP) currently not set
2025-07-01 11:21:22,028 [INFO] ImportTextPane:218 - (OptionalMessage_ERROR) IP (DMA) : Parameter (Request) has Id (TIM16_UP) currently not set
2025-07-01 11:21:22,028 [INFO] ImportTextPane:218 - (OptionalMessage_ERROR) IP (DMA) : Parameter (Direction) has Id (TIM16_UP) currently not set
2025-07-01 11:21:22,028 [INFO] ImportTextPane:218 - (OptionalMessage_ERROR) IP (DMA) : Parameter (PeriphInc) has Id (TIM16_UP) currently not set
2025-07-01 11:21:22,028 [INFO] ImportTextPane:218 - (OptionalMessage_ERROR) IP (DMA) : Parameter (MemInc) has Id (TIM16_UP) currently not set
2025-07-01 11:21:22,028 [INFO] ImportTextPane:218 - (OptionalMessage_ERROR) IP (DMA) : Parameter (PeriphDataAlignment) has Id (TIM16_UP) currently not set
2025-07-01 11:21:22,029 [INFO] ImportTextPane:218 - (OptionalMessage_ERROR) IP (DMA) : Parameter (MemDataAlignment) has Id (TIM16_UP) currently not set
2025-07-01 11:21:22,029 [INFO] ImportTextPane:218 - (OptionalMessage_ERROR) IP (DMA) : Parameter (Mode) has Id (TIM16_UP) currently not set
2025-07-01 11:21:22,029 [INFO] ImportTextPane:218 - (OptionalMessage_ERROR) IP (DMA) : Parameter (Priority) has Id (TIM16_UP) currently not set
2025-07-01 11:21:22,029 [INFO] ImportTextPane:218 - (OptionalMessage_ERROR) IP (DMA) : Parameter (FIFOMode) has Id (TIM16_UP) currently not set
2025-07-01 11:21:22,029 [INFO] ImportTextPane:218 - (OptionalMessage_ERROR) IP (DMA) : Parameter (SignalID) has Id (TIM16_UP) currently not set
2025-07-01 11:21:22,029 [INFO] ImportTextPane:218 - (OptionalMessage_ERROR) IP (DMA) : Parameter (Polarity) has Id (TIM16_UP) currently not set
2025-07-01 11:21:22,029 [INFO] ImportTextPane:218 - (OptionalMessage_ERROR) IP (DMA) : Parameter (RequestNumber) has Id (TIM16_UP) currently not set
2025-07-01 11:21:22,029 [INFO] ImportTextPane:218 - (OptionalMessage_ERROR) IP (DMA) : Parameter (SyncSignalID) has Id (TIM16_UP) currently not set
2025-07-01 11:21:22,029 [INFO] ImportTextPane:218 - (OptionalMessage_ERROR) IP (DMA) : Parameter (SyncPolarity) has Id (TIM16_UP) currently not set
2025-07-01 11:21:22,029 [INFO] ImportTextPane:218 - (OptionalMessage_ERROR) IP (DMA) : Parameter (SyncEnable) has Id (TIM16_UP) currently not set
2025-07-01 11:21:22,029 [INFO] ImportTextPane:218 - (OptionalMessage_ERROR) IP (DMA) : Parameter (EventEnable) has Id (TIM16_UP) currently not set
2025-07-01 11:21:22,029 [INFO] ImportTextPane:218 - (OptionalMessage_ERROR) IP (DMA) : Parameter (SyncRequestNumber) has Id (TIM16_UP) currently not set
2025-07-01 11:21:22,037 [INFO] ImportTextPane:218 - (OptionalMessage_ERROR) IP (RCC) : Parameter (DFSDMACLkFreq_Value) has invalid value (480000000)
2025-07-01 11:21:22,043 [INFO] ImportTextPane:218 - (OptionalMessage_ERROR) IP (RCC) : Parameter (FDCANFreq_Value) has invalid value (480000000)
2025-07-01 11:21:22,044 [INFO] ImportTextPane:218 - (OptionalMessage_ERROR) IP (RCC) : Invalid parameter (FamilyName)
2025-07-01 11:21:22,044 [INFO] ImportTextPane:218 - (OptionalMessage_ERROR) IP (RCC) : Parameter (SAI1Freq_Value) has invalid value (480000000)
2025-07-01 11:21:22,044 [INFO] ImportTextPane:218 - (OptionalMessage_ERROR) IP (RCC) : Parameter (SAI23Freq_Value) has invalid value (480000000)
2025-07-01 11:21:22,044 [INFO] ImportTextPane:218 - (OptionalMessage_ERROR) IP (RCC) : Parameter (SAI4AFreq_Value) has invalid value (480000000)
2025-07-01 11:21:22,044 [INFO] ImportTextPane:218 - (OptionalMessage_ERROR) IP (RCC) : Parameter (SAI4BFreq_Value) has invalid value (480000000)
2025-07-01 11:21:22,044 [INFO] ImportTextPane:218 - (OptionalMessage_ERROR) IP (RCC) : Parameter (SDMMCFreq_Value) has invalid value (480000000)
2025-07-01 11:21:22,044 [INFO] ImportTextPane:218 - (OptionalMessage_ERROR) IP (RCC) : Parameter (SPDIFRXFreq_Value) has invalid value (480000000)
2025-07-01 11:21:22,044 [INFO] ImportTextPane:218 - (OptionalMessage_ERROR) IP (RCC) : Parameter (SPI123Freq_Value) has invalid value (480000000)
2025-07-01 11:21:22,045 [INFO] ImportTextPane:218 - (OptionalMessage_ERROR) IP (RCC) : Parameter (USBFreq_Value) has invalid value (480000000)
2025-07-01 11:21:22,938 [INFO] ApiDb:581 - Connected to CubeFinder SQLite database (C:\Users\marcv\.stmcufinder\plugins\mcufinder\mcu\cube-finder-db.db)
2025-07-01 11:21:23,098 [INFO] ApiDb:668 - CubeFinder database Data Model version=2.1
2025-07-01 11:21:23,098 [INFO] ApiDb:669 - CubeFinder database Configuration version=3.0.39
2025-07-01 11:21:23,100 [INFO] ApiDb:670 - CubeFinder database generation date=2025-06-16 (1750072209)
2025-07-01 11:21:23,100 [INFO] ApiDb:671 - CubeFinder database FW Pack versions=[FP-ATR-ASTRA1_V2.0.0, FP-SNS-FLIGHT1_V5.1.0, FP-SNS-MOTENV1_V5.0.0, FP-SNS-MOTENVWB1_V1.4.0, FP-SNS-SMARTAG2_V1.2.0, FP-SNS-STBOX1_V2.0.0, STM32Cube_FW_C0_V1.4.0, STM32Cube_FW_F4_V1.28.2, STM32Cube_FW_F7_V1.17.3, STM32Cube_FW_G0_V1.6.2, STM32Cube_FW_G4_V1.6.1, STM32Cube_FW_H5_V1.5.0, STM32Cube_FW_H7RS_V1.2.0, STM32Cube_FW_H7_V1.12.1, STM32Cube_FW_L0_V1.12.2, STM32Cube_FW_L4_V1.18.1, STM32Cube_FW_L5_V1.5.1, STM32Cube_FW_N6_V1.1.1, STM32Cube_FW_U0_V1.2.0, STM32Cube_FW_U3_V1.1.0, STM32Cube_FW_U5_V1.7.0, STM32Cube_FW_WB0_V1.2.0, STM32Cube_FW_WBA_V1.6.0, STM32Cube_FW_WB_V1.22.0, STM32Cube_FW_WL3_V1.1.0, STM32Cube_FW_WL_V1.3.1, X-CUBE-ALGOBUILD_V1.4.0, X-CUBE-ALS_V1.0.2, X-CUBE-AZRTOS-F4_V1.1.0, X-CUBE-AZRTOS-F7_V1.1.0, X-CUBE-AZRTOS-G0_V1.1.0, X-CUBE-AZRTOS-G4_V2.0.0, X-CUBE-AZRTOS-H7RS_V1.1.0, X-CUBE-AZRTOS-H7_V3.3.0, X-CUBE-AZRTOS-L4_V2.0.0, X-CUBE-AZRTOS-L5_V2.0.0, X-CUBE-AZRTOS-WB_V2.0.0, X-CUBE-AZRTOS-WL_V2.0.0, X-CUBE-BLE1_V7.1.0, X-CUBE-BLE2_V3.3.0, X-CUBE-BLEMGR_V4.0.0, X-CUBE-EEPRMA1_V5.1.0, X-CUBE-FREERTOS_V1.3.1, X-CUBE-GNSS1_V6.0.0, X-CUBE-MEMS1_V11.3.0, X-CUBE-NFC4_V3.0.0, X-CUBE-NFC7_V2.0.0, X-CUBE-SFXS2LP1_V4.0.0, X-CUBE-SUBG2_V5.0.0, X-CUBE-TOF1_V3.4.3]
2025-07-01 11:21:23,277 [INFO] DbBoardsSqlite:226 - include board P-NUCLEO-WB55-NUCLEO as a kit item of type 'Nucleo-64'
2025-07-01 11:21:23,277 [INFO] DbBoardsSqlite:226 - include board P-NUCLEO-WB55-USBDONGLE as a kit item of type 'Nucleo USB Dongle'
2025-07-01 11:21:23,279 [INFO] DbBoardsSqlite:226 - include board STEVAL-IDP005V1 as a kit item of type 'Evaluation Board'
2025-07-01 11:21:23,279 [INFO] DbBoardsSqlite:226 - include board STEVAL-IDP005V2 as a kit item of type 'Evaluation Board'
2025-07-01 11:21:24,467 [INFO] ApiDb:240 - Found 895 in-development CPN: [B-G473E-ZEST1S, B-WB1M-WPAN1, B-WBA5M-WPAN, B-WL5M-SUBG1, NUCLEO-C031C6, NUCLEO-C051C8, NUCLEO-C071RB, NUCLEO-C092RC, NUCLEO-H503RB, NUCLEO-H533RE, NUCLEO-H563ZI, NUCLEO-H7S3L8, NUCLEO-N657X0-Q, NUCLEO-U031R8, NUCLEO-U083RC, NUCLEO-U385RG-Q, NUCLEO-U545RE-Q, NUCLEO-U5A5ZJ-Q, NUCLEO-WB05KZ, NUCLEO-WB07CC, NUCLEO-WB09KE, NUCLEO-WBA52CG, NUCLEO-WBA55CG, NUCLEO-WBA65RI, NUCLEO-WL33CC1, NUCLEO-WL33CC2, STEVAL-PROTEUS1, STEVAL-SMARTAG2, STEVAL-STWINBX1, STM320518-EVAL, STM32C0116-DK, STM32C011D6Y3TR, STM32C011D6Y6TR, STM32C011F4P3, STM32C011F4P6, STM32C011F4U3, STM32C011F4U6TR, STM32C011F6P3, STM32C011F6P6, STM32C011F6U3, STM32C011F6U6TR, STM32C011J4M3, STM32C011J4M6, STM32C011J6M3, STM32C011J6M6, STM32C0316-DK, STM32C031C4T3, STM32C031C4T6, STM32C031C4U3, STM32C031C4U6, STM32C031C6T3, STM32C031C6T6, STM32C031C6U3, STM32C031C6U6, STM32C031F4P3, STM32C031F4P6, STM32C031F6P3, STM32C031F6P6, STM32C031G4U3, STM32C031G4U6, STM32C031G6U3, STM32C031G6U6, STM32C031K4T3, STM32C031K4T6, STM32C031K4U3, STM32C031K4U6, STM32C031K6T3, STM32C031K6T6, STM32C031K6U3, STM32C031K6U6, STM32C051C6T6, STM32C051C6U6, STM32C051C8T6, STM32C051C8U6, STM32C051D8Y6TR, STM32C051F6P6, STM32C051F8P6, STM32C051G6U6, STM32C051G8U6, STM32C051K6T6, STM32C051K6U6, STM32C051K8T6, STM32C071C8T6, STM32C071C8T6N, STM32C071C8U6, STM32C071C8U6N, STM32C071CBT6, STM32C071CBT6N, STM32C071CBU6, STM32C071CBU6N, STM32C071F8P6, STM32C071F8P6N, STM32C071FBP6, STM32C071FBP6N, STM32C071FBY6TR, STM32C071G8U6, STM32C071G8U6N, STM32C071GBU6, STM32C071GBU6N, STM32C071K8T6, STM32C071K8T6N, STM32C071K8U6, STM32C071K8U6N, STM32C071KBT6, STM32C071KBT6N, STM32C071KBU6, STM32C071KBU6N, STM32C071R8T6, STM32C071R8T6N, STM32C071RBI6N, STM32C071RBT6, STM32C071RBT6N, STM32C091CBT6, STM32C091CBU6, STM32C091CCT6, STM32C091CCU6, STM32C091ECY6TR, STM32C091FBP6, STM32C091FCP6, STM32C091GBU6, STM32C091GCU6, STM32C091KBT6, STM32C091KBU6, STM32C091KCT6, STM32C091KCU6, STM32C091RBT6, STM32C091RCI6, STM32C091RCT6, STM32C092CBT6, STM32C092CBU6, STM32C092CCT6, STM32C092CCU6, STM32C092ECY6TR, STM32C092FBP6, STM32C092FCP6, STM32C092GBU6, STM32C092GCU6, STM32C092KBT6, STM32C092KBU6, STM32C092KCT6, STM32C092KCU6, STM32C092RBT6, STM32C092RCI6, STM32C092RCT6, STM32G071K8TXN, STM32G071K8UXN, STM32G081GBU6N, STM32G081KBT6N, STM32G081KBUXN, STM32G0B1CCT6N, STM32G0B1KCT6, STM32G0B1NEY6TR, STM32G0B1RCT6N, STM32G0C1CCT6, STM32G0C1CCT6N, STM32G0C1CCU6N, STM32G0C1CET6N, STM32G0C1CEU6N, STM32G0C1KCT6, STM32G0C1NEY6TR, STM32G0C1RCI6N, STM32G0C1RCT6N, STM32G0C1REI6N, STM32G0C1RET6N, STM32G0C1VCI6, STM32G0C1VEI6, STM32G411C6T3, STM32G411C6T6, STM32G411C6U3, STM32G411C6U6, STM32G411C8T3, STM32G411C8T6, STM32G411C8U3, STM32G411C8U6, STM32G411CBT3, STM32G411CBT6, STM32G411CBU3, STM32G411CBU6, STM32G411CCT3, STM32G411CCT6, STM32G411CCU3, STM32G411CCU6, STM32G411K6T3, STM32G411K6T6, STM32G411K6U3, STM32G411K6U6, STM32G411K8T3, STM32G411K8T6, STM32G411K8U3, STM32G411K8U6, STM32G411KBT3, STM32G411KBT6, STM32G411KBU3, STM32G411KBU6, STM32G411M6T3, STM32G411M6T6, STM32G411M8T3, STM32G411M8T6, STM32G411MBT3, STM32G411MBT6, STM32G411MCT3, STM32G411MCT6, STM32G411R6T3, STM32G411R6T6, STM32G411R8T3, STM32G411R8T6, STM32G411RBT3, STM32G411RBT6, STM32G411RCT3, STM32G411RCT6, STM32G414CBT3, STM32G414CBT6, STM32G414CBU3, STM32G414CBU6, STM32G414CCT3, STM32G414CCT6, STM32G414CCU3, STM32G414CCU6, STM32G414MBT3, STM32G414MBT6, STM32G414MCT3, STM32G414MCT6, STM32G414RBT3, STM32G414RBT6, STM32G414RCT3, STM32G414RCT6, STM32G414VBT3, STM32G414VBT6, STM32G414VCT3, STM32G414VCT6, STM32G431CBT3Z, STM32G431RBT3Z, STM32G471CCT6, STM32G471CCU6, STM32G471CET3, STM32G471CET6, STM32G471CEU3, STM32G471CEU6, STM32G471MCT6, STM32G471MET3, STM32G471MET6, STM32G471MEY6TR, STM32G471QCT6, STM32G471QET3, STM32G471RCT6, STM32G471RET3, STM32G471RET6, STM32G471VCH6, STM32G471VCI6, STM32G471VCT6, STM32G471VEH3, STM32G471VEH6, STM32G471VEI3, STM32G471VEI6, STM32G471VET3, STM32G471VET6, STM32G473QET3Z, STM32G473RET3Z, STM32G474CCT6, STM32G491RET3Z, STM32H503CBT6, STM32H503CBU6, STM32H503EBY6TR, STM32H503KBU6, STM32H503RBT6, STM32H523CCT6, STM32H523CCU6, STM32H523CET6, STM32H523CEU6, STM32H523HEY6TR, STM32H523RCT6, STM32H523RET6, STM32H523VCI6, STM32H523VCT6, STM32H523VEI6, STM32H523VET6, STM32H523ZCJ6, STM32H523ZCT6, STM32H523ZEJ6, STM32H523ZET6, STM32H533CET6, STM32H533CEU6, STM32H533HEY6TR, STM32H533RET6, STM32H533VEI6, STM32H533VET6, STM32H533ZEJ6, STM32H533ZET6, STM32H562AGI6, STM32H562AII6, STM32H562IGK6, STM32H562IGT6, STM32H562IIK6, STM32H562IIT6, STM32H562RGT6, STM32H562RGV6, STM32H562RIT6, STM32H562RIV6, STM32H562VGT6, STM32H562VIT6, STM32H562ZGT6, STM32H562ZIT6, STM32H563AGI6, STM32H563AII3Q, STM32H563AII6, STM32H563IGK6, STM32H563IGT6, STM32H563IIK3Q, STM32H563IIK6, STM32H563IIT3Q, STM32H563IIT6, STM32H563MIY3QTR, STM32H563RGT6, STM32H563RGV6, STM32H563RIT6, STM32H563RIV6, STM32H563VGT6, STM32H563VIT3Q, STM32H563VIT6, STM32H563ZGT6, STM32H563ZIT3Q, STM32H563ZIT6, STM32H573AII3Q, STM32H573AII6, STM32H573I-DK, STM32H573IIK3Q, STM32H573IIK6, STM32H573IIT3Q, STM32H573IIT6, STM32H573MIY3QTR, STM32H573RIT6, STM32H573RIV6, STM32H573VIT3Q, STM32H573VIT6, STM32H573ZIT3Q, STM32H573ZIT6, STM32H7R3A8I6, STM32H7R3I8K6, STM32H7R3I8T6, STM32H7R3L8H6, STM32H7R3L8H6H, STM32H7R3R8V6, STM32H7R3V8H6, STM32H7R3V8T6, STM32H7R3V8Y6TR, STM32H7R3Z8J6, STM32H7R3Z8T6, STM32H7R7A8I6, STM32H7R7I8K6, STM32H7R7I8T6, STM32H7R7L8H6, STM32H7R7L8H6H, STM32H7R7Z8J6, STM32H7S3A8I6, STM32H7S3I8K6, STM32H7S3I8T6, STM32H7S3L8H6, STM32H7S3L8H6H, STM32H7S3R8V6, STM32H7S3V8H6, STM32H7S3V8T6, STM32H7S3V8Y6TR, STM32H7S3Z8J6, STM32H7S3Z8T6, STM32H7S78-DK, STM32H7S7A8I6, STM32H7S7I8K6, STM32H7S7I8T6, STM32H7S7L8H6, STM32H7S7L8H6H, STM32H7S7Z8J6, STM32L4R5QGI6STR, STM32MP131AAE3, STM32MP131AAF3, STM32MP131AAG3, STM32MP131CAE3, STM32MP131CAF3, STM32MP131CAG3, STM32MP131DAE7, STM32MP131DAF7, STM32MP131DAG7, STM32MP131FAE7, STM32MP131FAF7, STM32MP131FAG7, STM32MP133AAE3, STM32MP133AAF3, STM32MP133AAG3, STM32MP133CAE3, STM32MP133CAF3, STM32MP133CAG3, STM32MP133DAE7, STM32MP133DAF7, STM32MP133DAG7, STM32MP133FAE7, STM32MP133FAF7, STM32MP133FAG7, STM32MP135AAE3, STM32MP135AAF3, STM32MP135AAG3, STM32MP135CAE3, STM32MP135CAF3, STM32MP135CAG3, STM32MP135DAE7, STM32MP135DAF7, STM32MP135DAG7, STM32MP135F-DK, STM32MP135FAE7, STM32MP135FAF7, STM32MP135FAF7T, STM32MP135FAF7U, STM32MP135FAG7, STM32MP231AAJ3, STM32MP231AAK3, STM32MP231AAL3, STM32MP231CAJ3, STM32MP231CAK3, STM32MP231CAL3, STM32MP231DAJ3, STM32MP231DAK3, STM32MP231DAL3, STM32MP231FAJ3, STM32MP231FAK3, STM32MP231FAL3, STM32MP233AAJ3, STM32MP233AAK3, STM32MP233AAL3, STM32MP233CAJ3, STM32MP233CAK3, STM32MP233CAL3, STM32MP233DAJ3, STM32MP233DAK3, STM32MP233DAL3, STM32MP233FAJ3, STM32MP233FAK3, STM32MP233FAL3, STM32MP235AAJ3, STM32MP235AAK3, STM32MP235AAL3, STM32MP235CAJ3, STM32MP235CAK3, STM32MP235CAL3, STM32MP235DAJ3, STM32MP235DAK3, STM32MP235DAL3, STM32MP235FAJ3, STM32MP235FAK3, STM32MP235FAL3, STM32MP251AAI3, STM32MP251AAJ3, STM32MP251AAK3, STM32MP251AAL3, STM32MP251CAI3, STM32MP251CAJ3, STM32MP251CAK3, STM32MP251CAL3, STM32MP251DAI3, STM32MP251DAJ3, STM32MP251DAK3, STM32MP251DAL3, STM32MP251FAI3, STM32MP251FAJ3, STM32MP251FAK3, STM32MP251FAL3, STM32MP253AAI3, STM32MP253AAJ3, STM32MP253AAK3, STM32MP253AAL3, STM32MP253CAI3, STM32MP253CAJ3, STM32MP253CAK3, STM32MP253CAL3, STM32MP253DAI3, STM32MP253DAJ3, STM32MP253DAK3, STM32MP253DAL3, STM32MP253FAI3, STM32MP253FAJ3, STM32MP253FAK3, STM32MP253FAL3, STM32MP255AAI3, STM32MP255AAJ3, STM32MP255AAK3, STM32MP255AAL3, STM32MP255CAI3, STM32MP255CAJ3, STM32MP255CAK3, STM32MP255CAL3, STM32MP255DAI3, STM32MP255DAJ3, STM32MP255DAK3, STM32MP255DAL3, STM32MP255FAI3, STM32MP255FAJ3, STM32MP255FAK3, STM32MP255FAL3, STM32MP257AAI3, STM32MP257AAJ3, STM32MP257AAK3, STM32MP257AAL3, STM32MP257CAI3, STM32MP257CAJ3, STM32MP257CAK3, STM32MP257CAL3, STM32MP257DAI3, STM32MP257DAJ3, STM32MP257DAK3, STM32MP257DAL3, STM32MP257F-DK, STM32MP257F-EV1, STM32MP257FAI3, STM32MP257FAJ3, STM32MP257FAK3, STM32MP257FAL3, STM32N645A0H3Q, STM32N645B0H3Q, STM32N645I0H3Q, STM32N645L0H3Q, STM32N645X0H3Q, STM32N645Z0H3Q, STM32N647A0H3Q, STM32N647B0H3Q, STM32N647I0H3Q, STM32N647L0H3Q, STM32N647X0H3Q, STM32N647Z0H3Q, STM32N655A0H3Q, STM32N655B0H3Q, STM32N655I0H3Q, STM32N655L0H3Q, STM32N655X0H3Q, STM32N655Z0H3Q, STM32N6570-DK, STM32N657A0H3Q, STM32N657B0H3Q, STM32N657I0H3Q, STM32N657L0H3Q, STM32N657X0H3Q, STM32N657Z0H3Q, STM32U031C6T6, STM32U031C6U6, STM32U031C8T6, STM32U031C8U6, STM32U031F4P6, STM32U031F6P6, STM32U031F8P6, STM32U031G6Y6TR, STM32U031G8Y6TR, STM32U031K4U6, STM32U031K6U6, STM32U031K8U6, STM32U031R6I6, STM32U031R6T6, STM32U031R8I6, STM32U031R8T6, STM32U073C8T6, STM32U073C8U6, STM32U073CBT6, STM32U073CBU6, STM32U073CCT6, STM32U073CCU6, STM32U073H8Y6TR, STM32U073HBY6TR, STM32U073HCY6TR, STM32U073K8U6, STM32U073KBU6, STM32U073KCU6, STM32U073M8I6, STM32U073M8T6, STM32U073MBI6, STM32U073MBT6, STM32U073MCI6, STM32U073MCT6, STM32U073R8I6, STM32U073R8T6, STM32U073RBI6, STM32U073RBT6, STM32U073RCI6, STM32U073RCT6, STM32U083C-DK, STM32U083CCT6, STM32U083CCU6, STM32U083HCY6TR, STM32U083KCU6, STM32U083MCI6, STM32U083MCT6, STM32U083RCI6, STM32U083RCT6, STM32U375CET6, STM32U375CET6Q, STM32U375CEU6, STM32U375CEU6Q, STM32U375CEY6QTR, STM32U375CGT6, STM32U375CGT6Q, STM32U375CGU6, STM32U375CGU6Q, STM32U375CGY6QTR, STM32U375KEU6, STM32U375KGU6, STM32U375REI6, STM32U375REI6Q, STM32U375RET6, STM32U375RET6Q, STM32U375REY6GTR, STM32U375REY6QTR, STM32U375RGI6, STM32U375RGI6Q, STM32U375RGT6, STM32U375RGT6Q, STM32U375RGY6GTR, STM32U375RGY6QTR, STM32U375VEI6, STM32U375VEI6Q, STM32U375VET6, STM32U375VET6Q, STM32U375VGI6, STM32U375VGI6Q, STM32U375VGT6, STM32U375VGT6Q, STM32U385CGT6, STM32U385CGT6Q, STM32U385CGU6, STM32U385CGU6Q, STM32U385CGY6QTR, STM32U385KGU6, STM32U385RGI6, STM32U385RGI6Q, STM32U385RGT6, STM32U385RGT6Q, STM32U385RGY6GTR, STM32U385RGY6QTR, STM32U385VGI6, STM32U385VGI6Q, STM32U385VGT6, STM32U385VGT6Q, STM32U535CBT6, STM32U535CBT6Q, STM32U535CBU6, STM32U535CBU6Q, STM32U535CCT6, STM32U535CCT6Q, STM32U535CCU6, STM32U535CCU6Q, STM32U535CET6, STM32U535CET6Q, STM32U535CEU6, STM32U535CEU6Q, STM32U535JEY6QTR, STM32U535NCY6QTR, STM32U535NEY6QTR, STM32U535RBI6, STM32U535RBI6Q, STM32U535RBT6, STM32U535RBT6Q, STM32U535RCI6, STM32U535RCI6Q, STM32U535RCT6, STM32U535RCT6Q, STM32U535REI6, STM32U535REI6Q, STM32U535RET6, STM32U535RET6Q, STM32U535VCI6, STM32U535VCI6Q, STM32U535VCT6, STM32U535VCT6Q, STM32U535VEI6, STM32U535VEI6Q, STM32U535VET6, STM32U535VET6Q, STM32U545CET6, STM32U545CET6Q, STM32U545CEU6, STM32U545CEU6Q, STM32U545JEY6QTR, STM32U545NEY6QTR, STM32U545REI6, STM32U545REI6Q, STM32U545RET6, STM32U545RET6Q, STM32U545VEI6, STM32U545VEI6Q, STM32U545VET6, STM32U545VET6Q, STM32U595AIH6, STM32U595AIH6Q, STM32U595AJH6, STM32U595AJH6Q, STM32U595QII6, STM32U595QII6Q, STM32U595QJI6, STM32U595QJI6Q, STM32U595RIT6, STM32U595RIT6Q, STM32U595RJT6, STM32U595RJT6Q, STM32U595VIT6, STM32U595VIT6Q, STM32U595VJT6, STM32U595VJT6Q, STM32U595ZIT6, STM32U595ZIT6Q, STM32U595ZIY6QTR, STM32U595ZJT6, STM32U595ZJT6Q, STM32U595ZJY6QTR, STM32U599BJY6QTR, STM32U599NIH6Q, STM32U599NJH6Q, STM32U599VIT6Q, STM32U599VJT6, STM32U599VJT6Q, STM32U599ZIT6Q, STM32U599ZIY6QTR, STM32U599ZJT6Q, STM32U599ZJY6QTR, STM32U5A5AJH6, STM32U5A5AJH6Q, STM32U5A5QII3Q , STM32U5A5QJI6, STM32U5A5QJI6Q, STM32U5A5RJT6, STM32U5A5RJT6Q, STM32U5A5VJT6, STM32U5A5VJT6Q, STM32U5A5ZJT6, STM32U5A5ZJT6Q, STM32U5A5ZJY6QTR, STM32U5A9BJY6QTR, STM32U5A9J-DK, STM32U5A9NJH6Q, STM32U5A9VJT6Q, STM32U5A9ZJT6Q, STM32U5A9ZJY6QTR, STM32U5F7VIT6, STM32U5F7VIT6Q, STM32U5F7VJT6, STM32U5F7VJT6Q, STM32U5F9BJY6QTR, STM32U5F9NJH6Q, STM32U5F9VIT6Q, STM32U5F9VJT6Q, STM32U5F9ZIJ6QTR, STM32U5F9ZIT6Q, STM32U5F9ZJJ6QTR, STM32U5F9ZJT6Q, STM32U5G7VJT6, STM32U5G7VJT6Q, STM32U5G9BJY6QTR, STM32U5G9J-DK1, STM32U5G9J-DK2, STM32U5G9NJH6Q, STM32U5G9VJT6Q, STM32U5G9ZJJ6QTR, STM32U5G9ZJT6Q, STM32WB05KZV6TR, STM32WB05KZV7TR, STM32WB05TZF6TR, STM32WB05TZF7TR, STM32WB06CCF6TR, STM32WB06CCF7TR, STM32WB06CCV6TR, STM32WB06CCV7TR, STM32WB06KCV6TR, STM32WB06KCV7TR, STM32WB07CCF6TR, STM32WB07CCF7TR, STM32WB07CCV6TR, STM32WB07CCV7TR, STM32WB07KCV6TR, STM32WB07KCV7TR, STM32WB09KEV6TR, STM32WB09KEV7TR, STM32WB09TEF6TR, STM32WB09TEF7TR, STM32WB1MMCH6, STM32WBA50KGU6, STM32WBA50KGU6TR, STM32WBA52CEU6, STM32WBA52CEU6TR, STM32WBA52CEU7, STM32WBA52CEU7TR, STM32WBA52CGU6, STM32WBA52CGU6TR, STM32WBA52CGU6U, STM32WBA52CGU7, STM32WBA52CGU7TR, STM32WBA52KEU6, STM32WBA52KEU6TR, STM32WBA52KGU6, STM32WBA52KGU6TR, STM32WBA54CEU6, STM32WBA54CEU6TR, STM32WBA54CEU7, STM32WBA54CEU7TR, STM32WBA54CGU6, STM32WBA54CGU6TR, STM32WBA54CGU7, STM32WBA54CGU7TR, STM32WBA54KEU6, STM32WBA54KEU6TR, STM32WBA54KEU7, STM32WBA54KEU7TR, STM32WBA54KGU6, STM32WBA54KGU6TR, STM32WBA54KGU7, STM32WBA54KGU7TR, STM32WBA55CEU6, STM32WBA55CEU6TR, STM32WBA55CEU7, STM32WBA55CEU7TR, STM32WBA55CGU6, STM32WBA55CGU6TR, STM32WBA55CGU6U, STM32WBA55CGU7, STM32WBA55CGU7TR, STM32WBA55G-DK1, STM32WBA55HEF6, STM32WBA55HEF7, STM32WBA55HGF6, STM32WBA55HGF7, STM32WBA55UEI6, STM32WBA55UEI6TR, STM32WBA55UEI7, STM32WBA55UEI7TR, STM32WBA55UGI6, STM32WBA55UGI6TR, STM32WBA55UGI7, STM32WBA55UGI7TR, STM32WBA5MJGH6TR, STM32WBA62CGU6, STM32WBA62CIU6, STM32WBA62MGF6, STM32WBA62MIF6, STM32WBA62PGI6, STM32WBA62PII6, STM32WBA63CGU6, STM32WBA63CGU7, STM32WBA63CIU6, STM32WBA63CIU7, STM32WBA64CGU6, STM32WBA64CGU7, STM32WBA64CIU6, STM32WBA64CIU7, STM32WBA65CGU6, STM32WBA65CGU7, STM32WBA65CIU6, STM32WBA65CIU7, STM32WBA65I-DK1, STM32WBA65MGF6, STM32WBA65MGF7, STM32WBA65MIF6, STM32WBA65MIF7, STM32WBA65PGI6, STM32WBA65PGI7, STM32WBA65PII6, STM32WBA65PII7, STM32WBA65RGV6, STM32WBA65RGV7, STM32WBA65RIV6, STM32WBA65RIV7, STM32WL30K8V6, STM32WL30KBV6, STM32WL31C8V6, STM32WL31CBV6, STM32WL31K8V6, STM32WL31KBV6, STM32WL33C8V6, STM32WL33C8V6TR, STM32WL33C8V7, STM32WL33C8V7TR, STM32WL33CBV6, STM32WL33CBV6TR, STM32WL33CBV7, STM32WL33CBV7TR, STM32WL33CCV6, STM32WL33CCV6TR, STM32WL33CCV7, STM32WL33CCV7A, STM32WL33CCV7ATR, STM32WL33CCV7TR, STM32WL33K8V6, STM32WL33K8V6TR, STM32WL33K8V7, STM32WL33K8V7TR, STM32WL33KBV6, STM32WL33KBV6TR, STM32WL33KBV7, STM32WL33KBV7TR, STM32WL33KCV6, STM32WL33KCV6TR, STM32WL33KCV7, STM32WL33KCV7TR, STM32WL5MOCH6, STM32WL5MOCH6TR]
2025-07-01 11:21:24,718 [INFO] BoardInfo:889 - No configuration file found for board P-NUCLEO-WB55
2025-07-01 11:21:24,720 [INFO] DbBoards:161 - Kit is not supported: P-NUCLEO-WB55
2025-07-01 11:21:24,727 [INFO] BoardInfo:889 - No configuration file found for board STEVAL-BFA001V1B
2025-07-01 11:21:24,728 [INFO] DbBoards:161 - Kit is not supported: STEVAL-BFA001V1B
2025-07-01 11:21:24,729 [INFO] BoardInfo:889 - No configuration file found for board STEVAL-BFA001V2B
2025-07-01 11:21:24,730 [INFO] DbBoards:161 - Kit is not supported: STEVAL-BFA001V2B
2025-07-01 11:21:24,945 [INFO] DbBoards:168 - Found 211 boards, 208 are supported
2025-07-01 11:21:24,945 [INFO] DbBoards:169 - Found 211 boards, 43 of them is supported for  Bsp
2025-07-01 11:21:24,949 [INFO] ApiDb:668 - CubeFinder database Data Model version=2.1
2025-07-01 11:21:24,949 [INFO] ApiDb:669 - CubeFinder database Configuration version=3.0.39
2025-07-01 11:21:24,949 [INFO] ApiDb:670 - CubeFinder database generation date=2025-06-16 (1750072209)
2025-07-01 11:21:24,949 [INFO] ApiDb:671 - CubeFinder database FW Pack versions=[FP-ATR-ASTRA1_V2.0.0, FP-SNS-FLIGHT1_V5.1.0, FP-SNS-MOTENV1_V5.0.0, FP-SNS-MOTENVWB1_V1.4.0, FP-SNS-SMARTAG2_V1.2.0, FP-SNS-STBOX1_V2.0.0, STM32Cube_FW_C0_V1.4.0, STM32Cube_FW_F4_V1.28.2, STM32Cube_FW_F7_V1.17.3, STM32Cube_FW_G0_V1.6.2, STM32Cube_FW_G4_V1.6.1, STM32Cube_FW_H5_V1.5.0, STM32Cube_FW_H7RS_V1.2.0, STM32Cube_FW_H7_V1.12.1, STM32Cube_FW_L0_V1.12.2, STM32Cube_FW_L4_V1.18.1, STM32Cube_FW_L5_V1.5.1, STM32Cube_FW_N6_V1.1.1, STM32Cube_FW_U0_V1.2.0, STM32Cube_FW_U3_V1.1.0, STM32Cube_FW_U5_V1.7.0, STM32Cube_FW_WB0_V1.2.0, STM32Cube_FW_WBA_V1.6.0, STM32Cube_FW_WB_V1.22.0, STM32Cube_FW_WL3_V1.1.0, STM32Cube_FW_WL_V1.3.1, X-CUBE-ALGOBUILD_V1.4.0, X-CUBE-ALS_V1.0.2, X-CUBE-AZRTOS-F4_V1.1.0, X-CUBE-AZRTOS-F7_V1.1.0, X-CUBE-AZRTOS-G0_V1.1.0, X-CUBE-AZRTOS-G4_V2.0.0, X-CUBE-AZRTOS-H7RS_V1.1.0, X-CUBE-AZRTOS-H7_V3.3.0, X-CUBE-AZRTOS-L4_V2.0.0, X-CUBE-AZRTOS-L5_V2.0.0, X-CUBE-AZRTOS-WB_V2.0.0, X-CUBE-AZRTOS-WL_V2.0.0, X-CUBE-BLE1_V7.1.0, X-CUBE-BLE2_V3.3.0, X-CUBE-BLEMGR_V4.0.0, X-CUBE-EEPRMA1_V5.1.0, X-CUBE-FREERTOS_V1.3.1, X-CUBE-GNSS1_V6.0.0, X-CUBE-MEMS1_V11.3.0, X-CUBE-NFC4_V3.0.0, X-CUBE-NFC7_V2.0.0, X-CUBE-SFXS2LP1_V4.0.0, X-CUBE-SUBG2_V5.0.0, X-CUBE-TOF1_V3.4.3]
2025-07-01 11:21:26,880 [INFO] ApiDb:240 - Found 895 in-development CPN: [B-G473E-ZEST1S, B-WB1M-WPAN1, B-WBA5M-WPAN, B-WL5M-SUBG1, NUCLEO-C031C6, NUCLEO-C051C8, NUCLEO-C071RB, NUCLEO-C092RC, NUCLEO-H503RB, NUCLEO-H533RE, NUCLEO-H563ZI, NUCLEO-H7S3L8, NUCLEO-N657X0-Q, NUCLEO-U031R8, NUCLEO-U083RC, NUCLEO-U385RG-Q, NUCLEO-U545RE-Q, NUCLEO-U5A5ZJ-Q, NUCLEO-WB05KZ, NUCLEO-WB07CC, NUCLEO-WB09KE, NUCLEO-WBA52CG, NUCLEO-WBA55CG, NUCLEO-WBA65RI, NUCLEO-WL33CC1, NUCLEO-WL33CC2, STEVAL-PROTEUS1, STEVAL-SMARTAG2, STEVAL-STWINBX1, STM320518-EVAL, STM32C0116-DK, STM32C011D6Y3TR, STM32C011D6Y6TR, STM32C011F4P3, STM32C011F4P6, STM32C011F4U3, STM32C011F4U6TR, STM32C011F6P3, STM32C011F6P6, STM32C011F6U3, STM32C011F6U6TR, STM32C011J4M3, STM32C011J4M6, STM32C011J6M3, STM32C011J6M6, STM32C0316-DK, STM32C031C4T3, STM32C031C4T6, STM32C031C4U3, STM32C031C4U6, STM32C031C6T3, STM32C031C6T6, STM32C031C6U3, STM32C031C6U6, STM32C031F4P3, STM32C031F4P6, STM32C031F6P3, STM32C031F6P6, STM32C031G4U3, STM32C031G4U6, STM32C031G6U3, STM32C031G6U6, STM32C031K4T3, STM32C031K4T6, STM32C031K4U3, STM32C031K4U6, STM32C031K6T3, STM32C031K6T6, STM32C031K6U3, STM32C031K6U6, STM32C051C6T6, STM32C051C6U6, STM32C051C8T6, STM32C051C8U6, STM32C051D8Y6TR, STM32C051F6P6, STM32C051F8P6, STM32C051G6U6, STM32C051G8U6, STM32C051K6T6, STM32C051K6U6, STM32C051K8T6, STM32C071C8T6, STM32C071C8T6N, STM32C071C8U6, STM32C071C8U6N, STM32C071CBT6, STM32C071CBT6N, STM32C071CBU6, STM32C071CBU6N, STM32C071F8P6, STM32C071F8P6N, STM32C071FBP6, STM32C071FBP6N, STM32C071FBY6TR, STM32C071G8U6, STM32C071G8U6N, STM32C071GBU6, STM32C071GBU6N, STM32C071K8T6, STM32C071K8T6N, STM32C071K8U6, STM32C071K8U6N, STM32C071KBT6, STM32C071KBT6N, STM32C071KBU6, STM32C071KBU6N, STM32C071R8T6, STM32C071R8T6N, STM32C071RBI6N, STM32C071RBT6, STM32C071RBT6N, STM32C091CBT6, STM32C091CBU6, STM32C091CCT6, STM32C091CCU6, STM32C091ECY6TR, STM32C091FBP6, STM32C091FCP6, STM32C091GBU6, STM32C091GCU6, STM32C091KBT6, STM32C091KBU6, STM32C091KCT6, STM32C091KCU6, STM32C091RBT6, STM32C091RCI6, STM32C091RCT6, STM32C092CBT6, STM32C092CBU6, STM32C092CCT6, STM32C092CCU6, STM32C092ECY6TR, STM32C092FBP6, STM32C092FCP6, STM32C092GBU6, STM32C092GCU6, STM32C092KBT6, STM32C092KBU6, STM32C092KCT6, STM32C092KCU6, STM32C092RBT6, STM32C092RCI6, STM32C092RCT6, STM32G071K8TXN, STM32G071K8UXN, STM32G081GBU6N, STM32G081KBT6N, STM32G081KBUXN, STM32G0B1CCT6N, STM32G0B1KCT6, STM32G0B1NEY6TR, STM32G0B1RCT6N, STM32G0C1CCT6, STM32G0C1CCT6N, STM32G0C1CCU6N, STM32G0C1CET6N, STM32G0C1CEU6N, STM32G0C1KCT6, STM32G0C1NEY6TR, STM32G0C1RCI6N, STM32G0C1RCT6N, STM32G0C1REI6N, STM32G0C1RET6N, STM32G0C1VCI6, STM32G0C1VEI6, STM32G411C6T3, STM32G411C6T6, STM32G411C6U3, STM32G411C6U6, STM32G411C8T3, STM32G411C8T6, STM32G411C8U3, STM32G411C8U6, STM32G411CBT3, STM32G411CBT6, STM32G411CBU3, STM32G411CBU6, STM32G411CCT3, STM32G411CCT6, STM32G411CCU3, STM32G411CCU6, STM32G411K6T3, STM32G411K6T6, STM32G411K6U3, STM32G411K6U6, STM32G411K8T3, STM32G411K8T6, STM32G411K8U3, STM32G411K8U6, STM32G411KBT3, STM32G411KBT6, STM32G411KBU3, STM32G411KBU6, STM32G411M6T3, STM32G411M6T6, STM32G411M8T3, STM32G411M8T6, STM32G411MBT3, STM32G411MBT6, STM32G411MCT3, STM32G411MCT6, STM32G411R6T3, STM32G411R6T6, STM32G411R8T3, STM32G411R8T6, STM32G411RBT3, STM32G411RBT6, STM32G411RCT3, STM32G411RCT6, STM32G414CBT3, STM32G414CBT6, STM32G414CBU3, STM32G414CBU6, STM32G414CCT3, STM32G414CCT6, STM32G414CCU3, STM32G414CCU6, STM32G414MBT3, STM32G414MBT6, STM32G414MCT3, STM32G414MCT6, STM32G414RBT3, STM32G414RBT6, STM32G414RCT3, STM32G414RCT6, STM32G414VBT3, STM32G414VBT6, STM32G414VCT3, STM32G414VCT6, STM32G431CBT3Z, STM32G431RBT3Z, STM32G471CCT6, STM32G471CCU6, STM32G471CET3, STM32G471CET6, STM32G471CEU3, STM32G471CEU6, STM32G471MCT6, STM32G471MET3, STM32G471MET6, STM32G471MEY6TR, STM32G471QCT6, STM32G471QET3, STM32G471RCT6, STM32G471RET3, STM32G471RET6, STM32G471VCH6, STM32G471VCI6, STM32G471VCT6, STM32G471VEH3, STM32G471VEH6, STM32G471VEI3, STM32G471VEI6, STM32G471VET3, STM32G471VET6, STM32G473QET3Z, STM32G473RET3Z, STM32G474CCT6, STM32G491RET3Z, STM32H503CBT6, STM32H503CBU6, STM32H503EBY6TR, STM32H503KBU6, STM32H503RBT6, STM32H523CCT6, STM32H523CCU6, STM32H523CET6, STM32H523CEU6, STM32H523HEY6TR, STM32H523RCT6, STM32H523RET6, STM32H523VCI6, STM32H523VCT6, STM32H523VEI6, STM32H523VET6, STM32H523ZCJ6, STM32H523ZCT6, STM32H523ZEJ6, STM32H523ZET6, STM32H533CET6, STM32H533CEU6, STM32H533HEY6TR, STM32H533RET6, STM32H533VEI6, STM32H533VET6, STM32H533ZEJ6, STM32H533ZET6, STM32H562AGI6, STM32H562AII6, STM32H562IGK6, STM32H562IGT6, STM32H562IIK6, STM32H562IIT6, STM32H562RGT6, STM32H562RGV6, STM32H562RIT6, STM32H562RIV6, STM32H562VGT6, STM32H562VIT6, STM32H562ZGT6, STM32H562ZIT6, STM32H563AGI6, STM32H563AII3Q, STM32H563AII6, STM32H563IGK6, STM32H563IGT6, STM32H563IIK3Q, STM32H563IIK6, STM32H563IIT3Q, STM32H563IIT6, STM32H563MIY3QTR, STM32H563RGT6, STM32H563RGV6, STM32H563RIT6, STM32H563RIV6, STM32H563VGT6, STM32H563VIT3Q, STM32H563VIT6, STM32H563ZGT6, STM32H563ZIT3Q, STM32H563ZIT6, STM32H573AII3Q, STM32H573AII6, STM32H573I-DK, STM32H573IIK3Q, STM32H573IIK6, STM32H573IIT3Q, STM32H573IIT6, STM32H573MIY3QTR, STM32H573RIT6, STM32H573RIV6, STM32H573VIT3Q, STM32H573VIT6, STM32H573ZIT3Q, STM32H573ZIT6, STM32H7R3A8I6, STM32H7R3I8K6, STM32H7R3I8T6, STM32H7R3L8H6, STM32H7R3L8H6H, STM32H7R3R8V6, STM32H7R3V8H6, STM32H7R3V8T6, STM32H7R3V8Y6TR, STM32H7R3Z8J6, STM32H7R3Z8T6, STM32H7R7A8I6, STM32H7R7I8K6, STM32H7R7I8T6, STM32H7R7L8H6, STM32H7R7L8H6H, STM32H7R7Z8J6, STM32H7S3A8I6, STM32H7S3I8K6, STM32H7S3I8T6, STM32H7S3L8H6, STM32H7S3L8H6H, STM32H7S3R8V6, STM32H7S3V8H6, STM32H7S3V8T6, STM32H7S3V8Y6TR, STM32H7S3Z8J6, STM32H7S3Z8T6, STM32H7S78-DK, STM32H7S7A8I6, STM32H7S7I8K6, STM32H7S7I8T6, STM32H7S7L8H6, STM32H7S7L8H6H, STM32H7S7Z8J6, STM32L4R5QGI6STR, STM32MP131AAE3, STM32MP131AAF3, STM32MP131AAG3, STM32MP131CAE3, STM32MP131CAF3, STM32MP131CAG3, STM32MP131DAE7, STM32MP131DAF7, STM32MP131DAG7, STM32MP131FAE7, STM32MP131FAF7, STM32MP131FAG7, STM32MP133AAE3, STM32MP133AAF3, STM32MP133AAG3, STM32MP133CAE3, STM32MP133CAF3, STM32MP133CAG3, STM32MP133DAE7, STM32MP133DAF7, STM32MP133DAG7, STM32MP133FAE7, STM32MP133FAF7, STM32MP133FAG7, STM32MP135AAE3, STM32MP135AAF3, STM32MP135AAG3, STM32MP135CAE3, STM32MP135CAF3, STM32MP135CAG3, STM32MP135DAE7, STM32MP135DAF7, STM32MP135DAG7, STM32MP135F-DK, STM32MP135FAE7, STM32MP135FAF7, STM32MP135FAF7T, STM32MP135FAF7U, STM32MP135FAG7, STM32MP231AAJ3, STM32MP231AAK3, STM32MP231AAL3, STM32MP231CAJ3, STM32MP231CAK3, STM32MP231CAL3, STM32MP231DAJ3, STM32MP231DAK3, STM32MP231DAL3, STM32MP231FAJ3, STM32MP231FAK3, STM32MP231FAL3, STM32MP233AAJ3, STM32MP233AAK3, STM32MP233AAL3, STM32MP233CAJ3, STM32MP233CAK3, STM32MP233CAL3, STM32MP233DAJ3, STM32MP233DAK3, STM32MP233DAL3, STM32MP233FAJ3, STM32MP233FAK3, STM32MP233FAL3, STM32MP235AAJ3, STM32MP235AAK3, STM32MP235AAL3, STM32MP235CAJ3, STM32MP235CAK3, STM32MP235CAL3, STM32MP235DAJ3, STM32MP235DAK3, STM32MP235DAL3, STM32MP235FAJ3, STM32MP235FAK3, STM32MP235FAL3, STM32MP251AAI3, STM32MP251AAJ3, STM32MP251AAK3, STM32MP251AAL3, STM32MP251CAI3, STM32MP251CAJ3, STM32MP251CAK3, STM32MP251CAL3, STM32MP251DAI3, STM32MP251DAJ3, STM32MP251DAK3, STM32MP251DAL3, STM32MP251FAI3, STM32MP251FAJ3, STM32MP251FAK3, STM32MP251FAL3, STM32MP253AAI3, STM32MP253AAJ3, STM32MP253AAK3, STM32MP253AAL3, STM32MP253CAI3, STM32MP253CAJ3, STM32MP253CAK3, STM32MP253CAL3, STM32MP253DAI3, STM32MP253DAJ3, STM32MP253DAK3, STM32MP253DAL3, STM32MP253FAI3, STM32MP253FAJ3, STM32MP253FAK3, STM32MP253FAL3, STM32MP255AAI3, STM32MP255AAJ3, STM32MP255AAK3, STM32MP255AAL3, STM32MP255CAI3, STM32MP255CAJ3, STM32MP255CAK3, STM32MP255CAL3, STM32MP255DAI3, STM32MP255DAJ3, STM32MP255DAK3, STM32MP255DAL3, STM32MP255FAI3, STM32MP255FAJ3, STM32MP255FAK3, STM32MP255FAL3, STM32MP257AAI3, STM32MP257AAJ3, STM32MP257AAK3, STM32MP257AAL3, STM32MP257CAI3, STM32MP257CAJ3, STM32MP257CAK3, STM32MP257CAL3, STM32MP257DAI3, STM32MP257DAJ3, STM32MP257DAK3, STM32MP257DAL3, STM32MP257F-DK, STM32MP257F-EV1, STM32MP257FAI3, STM32MP257FAJ3, STM32MP257FAK3, STM32MP257FAL3, STM32N645A0H3Q, STM32N645B0H3Q, STM32N645I0H3Q, STM32N645L0H3Q, STM32N645X0H3Q, STM32N645Z0H3Q, STM32N647A0H3Q, STM32N647B0H3Q, STM32N647I0H3Q, STM32N647L0H3Q, STM32N647X0H3Q, STM32N647Z0H3Q, STM32N655A0H3Q, STM32N655B0H3Q, STM32N655I0H3Q, STM32N655L0H3Q, STM32N655X0H3Q, STM32N655Z0H3Q, STM32N6570-DK, STM32N657A0H3Q, STM32N657B0H3Q, STM32N657I0H3Q, STM32N657L0H3Q, STM32N657X0H3Q, STM32N657Z0H3Q, STM32U031C6T6, STM32U031C6U6, STM32U031C8T6, STM32U031C8U6, STM32U031F4P6, STM32U031F6P6, STM32U031F8P6, STM32U031G6Y6TR, STM32U031G8Y6TR, STM32U031K4U6, STM32U031K6U6, STM32U031K8U6, STM32U031R6I6, STM32U031R6T6, STM32U031R8I6, STM32U031R8T6, STM32U073C8T6, STM32U073C8U6, STM32U073CBT6, STM32U073CBU6, STM32U073CCT6, STM32U073CCU6, STM32U073H8Y6TR, STM32U073HBY6TR, STM32U073HCY6TR, STM32U073K8U6, STM32U073KBU6, STM32U073KCU6, STM32U073M8I6, STM32U073M8T6, STM32U073MBI6, STM32U073MBT6, STM32U073MCI6, STM32U073MCT6, STM32U073R8I6, STM32U073R8T6, STM32U073RBI6, STM32U073RBT6, STM32U073RCI6, STM32U073RCT6, STM32U083C-DK, STM32U083CCT6, STM32U083CCU6, STM32U083HCY6TR, STM32U083KCU6, STM32U083MCI6, STM32U083MCT6, STM32U083RCI6, STM32U083RCT6, STM32U375CET6, STM32U375CET6Q, STM32U375CEU6, STM32U375CEU6Q, STM32U375CEY6QTR, STM32U375CGT6, STM32U375CGT6Q, STM32U375CGU6, STM32U375CGU6Q, STM32U375CGY6QTR, STM32U375KEU6, STM32U375KGU6, STM32U375REI6, STM32U375REI6Q, STM32U375RET6, STM32U375RET6Q, STM32U375REY6GTR, STM32U375REY6QTR, STM32U375RGI6, STM32U375RGI6Q, STM32U375RGT6, STM32U375RGT6Q, STM32U375RGY6GTR, STM32U375RGY6QTR, STM32U375VEI6, STM32U375VEI6Q, STM32U375VET6, STM32U375VET6Q, STM32U375VGI6, STM32U375VGI6Q, STM32U375VGT6, STM32U375VGT6Q, STM32U385CGT6, STM32U385CGT6Q, STM32U385CGU6, STM32U385CGU6Q, STM32U385CGY6QTR, STM32U385KGU6, STM32U385RGI6, STM32U385RGI6Q, STM32U385RGT6, STM32U385RGT6Q, STM32U385RGY6GTR, STM32U385RGY6QTR, STM32U385VGI6, STM32U385VGI6Q, STM32U385VGT6, STM32U385VGT6Q, STM32U535CBT6, STM32U535CBT6Q, STM32U535CBU6, STM32U535CBU6Q, STM32U535CCT6, STM32U535CCT6Q, STM32U535CCU6, STM32U535CCU6Q, STM32U535CET6, STM32U535CET6Q, STM32U535CEU6, STM32U535CEU6Q, STM32U535JEY6QTR, STM32U535NCY6QTR, STM32U535NEY6QTR, STM32U535RBI6, STM32U535RBI6Q, STM32U535RBT6, STM32U535RBT6Q, STM32U535RCI6, STM32U535RCI6Q, STM32U535RCT6, STM32U535RCT6Q, STM32U535REI6, STM32U535REI6Q, STM32U535RET6, STM32U535RET6Q, STM32U535VCI6, STM32U535VCI6Q, STM32U535VCT6, STM32U535VCT6Q, STM32U535VEI6, STM32U535VEI6Q, STM32U535VET6, STM32U535VET6Q, STM32U545CET6, STM32U545CET6Q, STM32U545CEU6, STM32U545CEU6Q, STM32U545JEY6QTR, STM32U545NEY6QTR, STM32U545REI6, STM32U545REI6Q, STM32U545RET6, STM32U545RET6Q, STM32U545VEI6, STM32U545VEI6Q, STM32U545VET6, STM32U545VET6Q, STM32U595AIH6, STM32U595AIH6Q, STM32U595AJH6, STM32U595AJH6Q, STM32U595QII6, STM32U595QII6Q, STM32U595QJI6, STM32U595QJI6Q, STM32U595RIT6, STM32U595RIT6Q, STM32U595RJT6, STM32U595RJT6Q, STM32U595VIT6, STM32U595VIT6Q, STM32U595VJT6, STM32U595VJT6Q, STM32U595ZIT6, STM32U595ZIT6Q, STM32U595ZIY6QTR, STM32U595ZJT6, STM32U595ZJT6Q, STM32U595ZJY6QTR, STM32U599BJY6QTR, STM32U599NIH6Q, STM32U599NJH6Q, STM32U599VIT6Q, STM32U599VJT6, STM32U599VJT6Q, STM32U599ZIT6Q, STM32U599ZIY6QTR, STM32U599ZJT6Q, STM32U599ZJY6QTR, STM32U5A5AJH6, STM32U5A5AJH6Q, STM32U5A5QII3Q , STM32U5A5QJI6, STM32U5A5QJI6Q, STM32U5A5RJT6, STM32U5A5RJT6Q, STM32U5A5VJT6, STM32U5A5VJT6Q, STM32U5A5ZJT6, STM32U5A5ZJT6Q, STM32U5A5ZJY6QTR, STM32U5A9BJY6QTR, STM32U5A9J-DK, STM32U5A9NJH6Q, STM32U5A9VJT6Q, STM32U5A9ZJT6Q, STM32U5A9ZJY6QTR, STM32U5F7VIT6, STM32U5F7VIT6Q, STM32U5F7VJT6, STM32U5F7VJT6Q, STM32U5F9BJY6QTR, STM32U5F9NJH6Q, STM32U5F9VIT6Q, STM32U5F9VJT6Q, STM32U5F9ZIJ6QTR, STM32U5F9ZIT6Q, STM32U5F9ZJJ6QTR, STM32U5F9ZJT6Q, STM32U5G7VJT6, STM32U5G7VJT6Q, STM32U5G9BJY6QTR, STM32U5G9J-DK1, STM32U5G9J-DK2, STM32U5G9NJH6Q, STM32U5G9VJT6Q, STM32U5G9ZJJ6QTR, STM32U5G9ZJT6Q, STM32WB05KZV6TR, STM32WB05KZV7TR, STM32WB05TZF6TR, STM32WB05TZF7TR, STM32WB06CCF6TR, STM32WB06CCF7TR, STM32WB06CCV6TR, STM32WB06CCV7TR, STM32WB06KCV6TR, STM32WB06KCV7TR, STM32WB07CCF6TR, STM32WB07CCF7TR, STM32WB07CCV6TR, STM32WB07CCV7TR, STM32WB07KCV6TR, STM32WB07KCV7TR, STM32WB09KEV6TR, STM32WB09KEV7TR, STM32WB09TEF6TR, STM32WB09TEF7TR, STM32WB1MMCH6, STM32WBA50KGU6, STM32WBA50KGU6TR, STM32WBA52CEU6, STM32WBA52CEU6TR, STM32WBA52CEU7, STM32WBA52CEU7TR, STM32WBA52CGU6, STM32WBA52CGU6TR, STM32WBA52CGU6U, STM32WBA52CGU7, STM32WBA52CGU7TR, STM32WBA52KEU6, STM32WBA52KEU6TR, STM32WBA52KGU6, STM32WBA52KGU6TR, STM32WBA54CEU6, STM32WBA54CEU6TR, STM32WBA54CEU7, STM32WBA54CEU7TR, STM32WBA54CGU6, STM32WBA54CGU6TR, STM32WBA54CGU7, STM32WBA54CGU7TR, STM32WBA54KEU6, STM32WBA54KEU6TR, STM32WBA54KEU7, STM32WBA54KEU7TR, STM32WBA54KGU6, STM32WBA54KGU6TR, STM32WBA54KGU7, STM32WBA54KGU7TR, STM32WBA55CEU6, STM32WBA55CEU6TR, STM32WBA55CEU7, STM32WBA55CEU7TR, STM32WBA55CGU6, STM32WBA55CGU6TR, STM32WBA55CGU6U, STM32WBA55CGU7, STM32WBA55CGU7TR, STM32WBA55G-DK1, STM32WBA55HEF6, STM32WBA55HEF7, STM32WBA55HGF6, STM32WBA55HGF7, STM32WBA55UEI6, STM32WBA55UEI6TR, STM32WBA55UEI7, STM32WBA55UEI7TR, STM32WBA55UGI6, STM32WBA55UGI6TR, STM32WBA55UGI7, STM32WBA55UGI7TR, STM32WBA5MJGH6TR, STM32WBA62CGU6, STM32WBA62CIU6, STM32WBA62MGF6, STM32WBA62MIF6, STM32WBA62PGI6, STM32WBA62PII6, STM32WBA63CGU6, STM32WBA63CGU7, STM32WBA63CIU6, STM32WBA63CIU7, STM32WBA64CGU6, STM32WBA64CGU7, STM32WBA64CIU6, STM32WBA64CIU7, STM32WBA65CGU6, STM32WBA65CGU7, STM32WBA65CIU6, STM32WBA65CIU7, STM32WBA65I-DK1, STM32WBA65MGF6, STM32WBA65MGF7, STM32WBA65MIF6, STM32WBA65MIF7, STM32WBA65PGI6, STM32WBA65PGI7, STM32WBA65PII6, STM32WBA65PII7, STM32WBA65RGV6, STM32WBA65RGV7, STM32WBA65RIV6, STM32WBA65RIV7, STM32WL30K8V6, STM32WL30KBV6, STM32WL31C8V6, STM32WL31CBV6, STM32WL31K8V6, STM32WL31KBV6, STM32WL33C8V6, STM32WL33C8V6TR, STM32WL33C8V7, STM32WL33C8V7TR, STM32WL33CBV6, STM32WL33CBV6TR, STM32WL33CBV7, STM32WL33CBV7TR, STM32WL33CCV6, STM32WL33CCV6TR, STM32WL33CCV7, STM32WL33CCV7A, STM32WL33CCV7ATR, STM32WL33CCV7TR, STM32WL33K8V6, STM32WL33K8V6TR, STM32WL33K8V7, STM32WL33K8V7TR, STM32WL33KBV6, STM32WL33KBV6TR, STM32WL33KBV7, STM32WL33KBV7TR, STM32WL33KCV6, STM32WL33KCV6TR, STM32WL33KCV7, STM32WL33KCV7TR, STM32WL5MOCH6, STM32WL5MOCH6TR]
2025-07-01 11:21:26,883 [INFO] DbMcus:218 - Found 4686 MCUs, 4686 are supported
2025-07-01 11:21:26,891 [INFO] ApiDb:423 - Load user favorites file C:\Users\marcv/.stm32cubeide/favorites.mcus.txt: 1 item(s)
2025-07-01 11:21:26,891 [INFO] ApiDb:427 - User favorites MCUs=[STM32H750VBT6]
2025-07-01 11:21:26,891 [INFO] DbMcus:224 - Set 1 / 1 favorites MCUs
2025-07-01 11:21:27,321 [INFO] ApiDb:423 - Load user favorites file C:\Users\marcv/.stm32cubeide/favorites.boards.txt: 0 item(s)
2025-07-01 11:21:27,321 [INFO] ApiDb:427 - User favorites Boards=[]
2025-07-01 11:21:27,321 [INFO] DbBoards:198 - Set 0 / 0 favorites Boards
2025-07-01 11:21:27,394 [INFO] UtilMem:75 - End LoadConfig() Used Memory: 716680736 Bytes (1073741824)
2025-07-01 11:21:27,568 [WARN] ThirdParty:833 - waiting for thirdparty lock release [change project]
2025-07-01 11:21:27,568 [INFO] ThirdParty:835 - entering critical section [change project]
2025-07-01 11:21:27,568 [INFO] ThirdParty:1030 - CMSIS Pack Vendor :STMicroelectronics X-CUBE-PM33A1 1.0.0
2025-07-01 11:21:27,568 [INFO] ThirdParty:1030 - CMSIS Pack Vendor :STMicroelectronics USBPD 4.1
2025-07-01 11:21:27,568 [INFO] ThirdParty:1030 - CMSIS Pack Vendor :STMicroelectronics X-CUBE-AZRTOS-H7 3.3.0
2025-07-01 11:21:27,568 [INFO] ThirdParty:1030 - CMSIS Pack Vendor :STMicroelectronics X-CUBE-NFC9 1.0.0
2025-07-01 11:21:27,568 [INFO] ThirdParty:1030 - CMSIS Pack Vendor :STMicroelectronics USB_HOST 2.0.0
2025-07-01 11:21:27,568 [INFO] ThirdParty:1030 - CMSIS Pack Vendor :STMicroelectronics FP-SNS-MOTENVWB1 1.4.0
2025-07-01 11:21:27,568 [INFO] ThirdParty:1030 - CMSIS Pack Vendor :STMicroelectronics X-CUBE-AZRTOS-F4 1.1.0
2025-07-01 11:21:27,568 [INFO] ThirdParty:1030 - CMSIS Pack Vendor :STMicroelectronics LIBJPEG 8.0.0
2025-07-01 11:21:27,568 [INFO] ThirdParty:1030 - CMSIS Pack Vendor :STMicroelectronics FP-ATR-ASTRA1 2.0.2
2025-07-01 11:21:27,568 [INFO] ThirdParty:1030 - CMSIS Pack Vendor :STMicroelectronics X-CUBE-BLE1 7.1.0
2025-07-01 11:21:27,568 [INFO] ThirdParty:1030 - CMSIS Pack Vendor :Avnet-IotConnect X-CUBE-IoTC-DA16k-PMOD 1.0.0
2025-07-01 11:21:27,568 [INFO] ThirdParty:1030 - CMSIS Pack Vendor :STMicroelectronics X-CUBE-SMBUS 2.1.0
2025-07-01 11:21:27,569 [INFO] ThirdParty:1030 - CMSIS Pack Vendor :STMicroelectronics X-CUBE-WB05N 1.1.0
2025-07-01 11:21:27,569 [INFO] ThirdParty:1030 - CMSIS Pack Vendor :wolfSSL I-CUBE-wolfMQTT 1.19.2
2025-07-01 11:21:27,569 [INFO] ThirdParty:1030 - CMSIS Pack Vendor :STMicroelectronics USB_DEVICE 3.0.0
2025-07-01 11:21:27,569 [INFO] ThirdParty:1030 - CMSIS Pack Vendor :STMicroelectronics X-CUBE-ISPU 2.1.0
2025-07-01 11:21:27,569 [INFO] ThirdParty:1030 - CMSIS Pack Vendor :STMicroelectronics X-CUBE-AZRTOS-WB 2.0.0
2025-07-01 11:21:27,569 [INFO] ThirdParty:1030 - CMSIS Pack Vendor :STMicroelectronics X-CUBE-ST60 1.0.0
2025-07-01 11:21:27,569 [INFO] ThirdParty:1030 - CMSIS Pack Vendor :STMicroelectronics X-CUBE-GNSS1 7.0.1
2025-07-01 11:21:27,569 [INFO] ThirdParty:1030 - CMSIS Pack Vendor :STMicroelectronics X-CUBE-AZRTOS-F7 1.1.0
2025-07-01 11:21:27,569 [INFO] ThirdParty:1030 - CMSIS Pack Vendor :STMicroelectronics X-CUBE-AZRTOS-L5 2.0.0
2025-07-01 11:21:27,569 [INFO] ThirdParty:1030 - CMSIS Pack Vendor :STMicroelectronics X-CUBE-TOUCHGFX 4.25.0
2025-07-01 11:21:27,569 [INFO] ThirdParty:1030 - CMSIS Pack Vendor :STMicroelectronics USB_DEVICE 2.0.0
2025-07-01 11:21:27,569 [INFO] ThirdParty:1030 - CMSIS Pack Vendor :STMicroelectronics X-CUBE-NFC6 3.1.0
2025-07-01 11:21:27,569 [INFO] ThirdParty:1030 - CMSIS Pack Vendor :STMicroelectronics X-CUBE-AI 10.1.0
2025-07-01 11:21:27,569 [INFO] ThirdParty:1030 - CMSIS Pack Vendor :STMicroelectronics FP-SNS-STBOX1 2.0.0
2025-07-01 11:21:27,569 [INFO] ThirdParty:1030 - CMSIS Pack Vendor :STMicroelectronics X-CUBE-MEMS1 11.2.0
2025-07-01 11:21:27,569 [INFO] ThirdParty:1030 - CMSIS Pack Vendor :STMicroelectronics FreeRTOS 0.0.1
2025-07-01 11:21:27,569 [INFO] ThirdParty:1030 - CMSIS Pack Vendor :STMicroelectronics X-CUBE-AZRTOS-G0 1.1.0
2025-07-01 11:21:27,569 [INFO] ThirdParty:1030 - CMSIS Pack Vendor :STMicroelectronics X-CUBE-SAFEA1 1.2.2
2025-07-01 11:21:27,569 [INFO] ThirdParty:1030 - CMSIS Pack Vendor :STMicroelectronics X-CUBE-NFC4 3.0.0
2025-07-01 11:21:27,569 [INFO] ThirdParty:1030 - CMSIS Pack Vendor :STMicroelectronics X-CUBE-DPower 1.2.0
2025-07-01 11:21:27,569 [INFO] ThirdParty:1030 - CMSIS Pack Vendor :STMicroelectronics X-CUBE-SUBG2 5.0.0
2025-07-01 11:21:27,569 [INFO] ThirdParty:1030 - CMSIS Pack Vendor :STMicroelectronics X-CUBE-AZRTOS-H7RS 1.1.0
2025-07-01 11:21:27,569 [INFO] ThirdParty:1030 - CMSIS Pack Vendor :STMicroelectronics STM32_WPAN 1.0.0
2025-07-01 11:21:27,570 [INFO] ThirdParty:1030 - CMSIS Pack Vendor :EmbeddedOffice I-CUBE-FS-RTOS 1.0.1
2025-07-01 11:21:27,570 [INFO] ThirdParty:1030 - CMSIS Pack Vendor :STMicroelectronics lwIP 2.0.3
2025-07-01 11:21:27,570 [INFO] ThirdParty:1030 - CMSIS Pack Vendor :STMicroelectronics FP-SNS-FLIGHT1 5.0.2
2025-07-01 11:21:27,570 [INFO] ThirdParty:1030 - CMSIS Pack Vendor :Cesanta I-CUBE-Mongoose 7.13.0
2025-07-01 11:21:27,570 [INFO] ThirdParty:1030 - CMSIS Pack Vendor :STMicroelectronics USB_HOST 1.0.0
2025-07-01 11:21:27,570 [INFO] ThirdParty:1030 - CMSIS Pack Vendor :Infineon AIROC-Wi-Fi-Bluetooth-STM32 1.7.0
2025-07-01 11:21:27,570 [INFO] ThirdParty:1030 - CMSIS Pack Vendor :STMicroelectronics X-CUBE-AZRTOS-G4 2.0.0
2025-07-01 11:21:27,570 [INFO] ThirdParty:1030 - CMSIS Pack Vendor :STMicroelectronics X-CUBE-WB05N 2.0.0
2025-07-01 11:21:27,570 [INFO] ThirdParty:1030 - CMSIS Pack Vendor :STMicroelectronics PDM2PCM 3.1.0
2025-07-01 11:21:27,570 [INFO] ThirdParty:1030 - CMSIS Pack Vendor :STMicroelectronics PDM2PCM 3.3.0
2025-07-01 11:21:27,570 [INFO] ThirdParty:1030 - CMSIS Pack Vendor :wolfSSL I-CUBE-wolfTPM 3.8.0
2025-07-01 11:21:27,570 [INFO] ThirdParty:1030 - CMSIS Pack Vendor :STMicroelectronics X-CUBE-DISPLAY 3.0.0
2025-07-01 11:21:27,570 [INFO] ThirdParty:1030 - CMSIS Pack Vendor :wolfSSL I-CUBE-wolfSSH 1.4.20
2025-07-01 11:21:27,570 [INFO] ThirdParty:1030 - CMSIS Pack Vendor :STMicroelectronics X-CUBE-NFC7 2.0.0
2025-07-01 11:21:27,570 [INFO] ThirdParty:1030 - CMSIS Pack Vendor :STMicroelectronics X-CUBE-TCPP 4.2.0
2025-07-01 11:21:27,570 [INFO] ThirdParty:1030 - CMSIS Pack Vendor :RealThread X-CUBE-RT-Thread_Nano 4.1.1
2025-07-01 11:21:27,570 [INFO] ThirdParty:1030 - CMSIS Pack Vendor :STMicroelectronics FP-ATR-SIGFOX1 3.2.0
2025-07-01 11:21:27,571 [INFO] ThirdParty:1030 - CMSIS Pack Vendor :STMicroelectronics X-CUBE-NFC10 1.0.0
2025-07-01 11:21:27,571 [INFO] ThirdParty:1030 - CMSIS Pack Vendor :STMicroelectronics X-CUBE-BLEMGR 4.0.0
2025-07-01 11:21:27,571 [INFO] ThirdParty:1030 - CMSIS Pack Vendor :STMicroelectronics X-CUBE-EEPRMA1 5.1.0
2025-07-01 11:21:27,571 [INFO] ThirdParty:1030 - CMSIS Pack Vendor :STMicroelectronics X-CUBE-FREERTOS 1.3.1
2025-07-01 11:21:27,571 [INFO] ThirdParty:1030 - CMSIS Pack Vendor :STMicroelectronics HAL Drivers 0.0.0
2025-07-01 11:21:27,571 [INFO] ThirdParty:1030 - CMSIS Pack Vendor :STMicroelectronics MBEDTLS 2.16.2
2025-07-01 11:21:27,571 [INFO] ThirdParty:1030 - CMSIS Pack Vendor :STMicroelectronics X-CUBE-IPS 3.1.0
2025-07-01 11:21:27,571 [INFO] ThirdParty:1030 - CMSIS Pack Vendor :STMicroelectronics X-CUBE-ALS 1.0.2
2025-07-01 11:21:27,571 [INFO] ThirdParty:1030 - CMSIS Pack Vendor :emotas I-CUBE-CANOPEN 1.3.0
2025-07-01 11:21:27,571 [INFO] ThirdParty:1030 - CMSIS Pack Vendor :STMicroelectronics X-CUBE-FREERTOS 1.3.0
2025-07-01 11:21:27,571 [INFO] ThirdParty:1030 - CMSIS Pack Vendor :STMicroelectronics X-CUBE-NFC7 1.0.1
2025-07-01 11:21:27,571 [INFO] ThirdParty:1030 - CMSIS Pack Vendor :STMicroelectronics MBEDTLS 2.14.1
2025-07-01 11:21:27,571 [INFO] ThirdParty:1030 - CMSIS Pack Vendor :wolfSSL I-CUBE-wolfSSL 5.7.6
2025-07-01 11:21:27,571 [INFO] ThirdParty:1030 - CMSIS Pack Vendor :ITTIA_DB I-CUBE-ITTIADB 8.9.0
2025-07-01 11:21:27,571 [INFO] ThirdParty:1030 - CMSIS Pack Vendor :STMicroelectronics X-CUBE-TOUCHGFX 4.24.2
2025-07-01 11:21:27,571 [INFO] ThirdParty:1030 - CMSIS Pack Vendor :portGmbH I-Cube-SoM-uGOAL 1.1.0
2025-07-01 11:21:27,571 [INFO] ThirdParty:1030 - CMSIS Pack Vendor :quantropi X-CUBE-qispace-sdk-base 2.0.0
2025-07-01 11:21:27,571 [INFO] ThirdParty:1030 - CMSIS Pack Vendor :STMicroelectronics X-CUBE-AI 10.0.0
2025-07-01 11:21:27,571 [INFO] ThirdParty:1030 - CMSIS Pack Vendor :STMicroelectronics X-CUBE-ST67W61 1.0.0
2025-07-01 11:21:27,571 [INFO] ThirdParty:1030 - CMSIS Pack Vendor :STMicroelectronics FP-SNS-STAIOTCFT 1.0.0
2025-07-01 11:21:27,572 [INFO] ThirdParty:1030 - CMSIS Pack Vendor :STMicroelectronics ThreadX 1.0.0
2025-07-01 11:21:27,572 [INFO] ThirdParty:1030 - CMSIS Pack Vendor :STMicroelectronics FP-SNS-SMARTAG2 1.2.0
2025-07-01 11:21:27,572 [INFO] ThirdParty:1030 - CMSIS Pack Vendor :STMicroelectronics FP-SNS-FLIGHT1 5.1.0
2025-07-01 11:21:27,572 [INFO] ThirdParty:1030 - CMSIS Pack Vendor :STMicroelectronics X-CUBE-MEMS1 11.1.0
2025-07-01 11:21:27,572 [INFO] ThirdParty:1030 - CMSIS Pack Vendor :STMicroelectronics X-CUBE-AZRTOS-WL 2.0.0
2025-07-01 11:21:27,572 [INFO] ThirdParty:1030 - CMSIS Pack Vendor :SEGGER I-CUBE-embOS 1.3.1
2025-07-01 11:21:27,572 [INFO] ThirdParty:1030 - CMSIS Pack Vendor :STMicroelectronics X-CUBE-ALGOBUILD 1.4.0
2025-07-01 11:21:27,572 [INFO] ThirdParty:1030 - CMSIS Pack Vendor :STMicroelectronics X-CUBE-DPower 1.3.0
2025-07-01 11:21:27,572 [INFO] ThirdParty:1030 - CMSIS Pack Vendor :STMicroelectronics X-CUBE-MEMS1 11.3.0
2025-07-01 11:21:27,572 [INFO] ThirdParty:1030 - CMSIS Pack Vendor :STMicroelectronics FP-SNS-MOTENV1 5.0.0
2025-07-01 11:21:27,572 [INFO] ThirdParty:1030 - CMSIS Pack Vendor :STMicroelectronics USB_DEVICE 1.0.0
2025-07-01 11:21:27,572 [INFO] ThirdParty:1030 - CMSIS Pack Vendor :STMicroelectronics X-CUBE-AZRTOS-H7RS 1.0.0
2025-07-01 11:21:27,572 [INFO] ThirdParty:1030 - CMSIS Pack Vendor :STMicroelectronics X-CUBE-AZRTOS-L4 2.0.0
2025-07-01 11:21:27,572 [INFO] ThirdParty:1030 - CMSIS Pack Vendor :STMicroelectronics ThreadX 0.0.2
2025-07-01 11:21:27,572 [INFO] ThirdParty:1030 - CMSIS Pack Vendor :WES I-CUBE-Cesium 1.3.0
2025-07-01 11:21:27,573 [INFO] ThirdParty:1030 - CMSIS Pack Vendor :STMicroelectronics lwIP 2.1.2
2025-07-01 11:21:27,573 [INFO] ThirdParty:1030 - CMSIS Pack Vendor :STMicroelectronics X-CUBE-SFXS2LP1 4.0.0
2025-07-01 11:21:27,573 [INFO] ThirdParty:1030 - CMSIS Pack Vendor :STMicroelectronics X-CUBE-BLE2 3.3.0
2025-07-01 11:21:27,573 [INFO] ThirdParty:1030 - CMSIS Pack Vendor :STMicroelectronics X-CUBE-TOF1 3.4.2
2025-07-01 11:21:27,573 [INFO] ThirdParty:1030 - CMSIS Pack Vendor :STMicroelectronics X-CUBE-TOF1 3.4.3
2025-07-01 11:21:27,573 [INFO] ThirdParty:1030 - CMSIS Pack Vendor :STMicroelectronics PDM2PCM 3.2.0
2025-07-01 11:21:27,573 [INFO] ThirdParty:841 - exiting critical section [change project]
2025-07-01 11:21:28,257 [INFO] PinOutPanel:1589 - setPackage(No Configuration,No Configuration)
2025-07-01 11:21:28,258 [INFO] PinOutPanel:1589 - setPackage(STM32H743VITx,LQFP100)
2025-07-01 11:21:29,164 [INFO] UtilMem:75 - Before build in PCC Used Memory: 885524640 Bytes (1073741824)
2025-07-01 11:21:29,925 [INFO] UtilMem:75 - After build in PCC Used Memory: 993433312 Bytes (1073741824)
2025-07-01 11:21:29,996 [INFO] ApiDbMcu:508 - Load IP Config File for FREERTOS
2025-07-01 11:21:30,057 [INFO] IPUIPlugin:80 - create IPUIPlugin
2025-07-01 11:21:30,057 [INFO] IPUIPlugin:80 - create IPUIPlugin
2025-07-01 11:21:30,057 [INFO] IPUIPlugin:80 - create IPUIPlugin
2025-07-01 11:21:30,057 [INFO] IPUIPlugin:80 - create IPUIPlugin
2025-07-01 11:21:30,057 [INFO] IPUIPlugin:80 - create IPUIPlugin
2025-07-01 11:21:30,057 [INFO] IPUIPlugin:80 - create IPUIPlugin
2025-07-01 11:21:30,058 [INFO] IPUIPlugin:80 - create IPUIPlugin
2025-07-01 11:21:30,058 [INFO] IPUIPlugin:80 - create IPUIPlugin
2025-07-01 11:21:30,058 [INFO] IPUIPlugin:80 - create IPUIPlugin
2025-07-01 11:21:30,058 [INFO] IPUIPlugin:80 - create IPUIPlugin
2025-07-01 11:21:30,058 [INFO] IPUIPlugin:80 - create IPUIPlugin
2025-07-01 11:21:30,058 [INFO] IPUIPlugin:80 - create IPUIPlugin
2025-07-01 11:21:30,059 [INFO] IPUIPlugin:80 - create IPUIPlugin
2025-07-01 11:21:30,059 [INFO] IPUIPlugin:80 - create IPUIPlugin
2025-07-01 11:21:30,059 [INFO] IPUIPlugin:80 - create IPUIPlugin
2025-07-01 11:21:30,059 [INFO] IPUIPlugin:80 - create IPUIPlugin
2025-07-01 11:21:30,059 [INFO] IPUIPlugin:80 - create IPUIPlugin
2025-07-01 11:21:30,059 [INFO] IPUIPlugin:80 - create IPUIPlugin
2025-07-01 11:21:30,059 [INFO] IPUIPlugin:80 - create IPUIPlugin
2025-07-01 11:21:30,059 [INFO] IPUIPlugin:80 - create IPUIPlugin
2025-07-01 11:21:30,060 [INFO] IPUIPlugin:80 - create IPUIPlugin
2025-07-01 11:21:30,060 [INFO] IPUIPlugin:80 - create IPUIPlugin
2025-07-01 11:21:30,060 [INFO] IPUIPlugin:80 - create IPUIPlugin
2025-07-01 11:21:30,060 [INFO] IPUIPlugin:80 - create IPUIPlugin
2025-07-01 11:21:30,060 [INFO] IPUIPlugin:80 - create IPUIPlugin
2025-07-01 11:21:30,060 [INFO] IPUIPlugin:80 - create IPUIPlugin
2025-07-01 11:21:30,060 [INFO] IPUIPlugin:80 - create IPUIPlugin
2025-07-01 11:21:30,061 [INFO] IPUIPlugin:80 - create IPUIPlugin
2025-07-01 11:21:30,061 [INFO] IPUIPlugin:80 - create IPUIPlugin
2025-07-01 11:21:30,061 [INFO] IPUIPlugin:80 - create IPUIPlugin
2025-07-01 11:21:30,061 [INFO] IPUIPlugin:80 - create IPUIPlugin
2025-07-01 11:21:30,061 [INFO] IPUIPlugin:80 - create IPUIPlugin
2025-07-01 11:21:30,061 [INFO] IPUIPlugin:80 - create IPUIPlugin
2025-07-01 11:21:30,062 [INFO] IPUIPlugin:80 - create IPUIPlugin
2025-07-01 11:21:30,062 [INFO] IPUIPlugin:80 - create IPUIPlugin
2025-07-01 11:21:30,062 [INFO] IPUIPlugin:80 - create IPUIPlugin
2025-07-01 11:21:30,062 [INFO] IPUIPlugin:80 - create IPUIPlugin
2025-07-01 11:21:30,063 [INFO] IPUIPlugin:80 - create IPUIPlugin
2025-07-01 11:21:30,063 [INFO] IPUIPlugin:80 - create IPUIPlugin
2025-07-01 11:21:30,063 [INFO] IPUIPlugin:80 - create IPUIPlugin
2025-07-01 11:21:30,063 [INFO] IPUIPlugin:80 - create IPUIPlugin
2025-07-01 11:21:30,063 [INFO] IPUIPlugin:80 - create IPUIPlugin
2025-07-01 11:21:30,064 [INFO] IPUIPlugin:80 - create IPUIPlugin
2025-07-01 11:21:30,064 [INFO] IPUIPlugin:80 - create IPUIPlugin
2025-07-01 11:21:30,064 [INFO] IPUIPlugin:80 - create IPUIPlugin
2025-07-01 11:21:30,064 [INFO] IPUIPlugin:80 - create IPUIPlugin
2025-07-01 11:21:30,065 [INFO] IPUIPlugin:80 - create IPUIPlugin
2025-07-01 11:21:30,065 [INFO] IPUIPlugin:80 - create IPUIPlugin
2025-07-01 11:21:30,065 [INFO] IPUIPlugin:80 - create IPUIPlugin
2025-07-01 11:21:30,065 [INFO] IPUIPlugin:80 - create IPUIPlugin
2025-07-01 11:21:30,066 [INFO] IPUIPlugin:80 - create IPUIPlugin
2025-07-01 11:21:30,066 [INFO] IPUIPlugin:80 - create IPUIPlugin
2025-07-01 11:21:30,066 [INFO] IPUIPlugin:80 - create IPUIPlugin
2025-07-01 11:21:30,066 [INFO] IPUIPlugin:80 - create IPUIPlugin
2025-07-01 11:21:30,067 [INFO] IPUIPlugin:80 - create IPUIPlugin
2025-07-01 11:21:30,067 [INFO] IPUIPlugin:80 - create IPUIPlugin
2025-07-01 11:21:30,067 [INFO] IPUIPlugin:80 - create IPUIPlugin
2025-07-01 11:21:30,067 [INFO] IPUIPlugin:80 - create IPUIPlugin
2025-07-01 11:21:30,068 [INFO] IPUIPlugin:80 - create IPUIPlugin
2025-07-01 11:21:30,068 [INFO] IPUIPlugin:80 - create IPUIPlugin
2025-07-01 11:21:30,068 [INFO] IPUIPlugin:80 - create IPUIPlugin
2025-07-01 11:21:30,068 [INFO] IPUIPlugin:80 - create IPUIPlugin
2025-07-01 11:21:30,069 [INFO] IPUIPlugin:80 - create IPUIPlugin
2025-07-01 11:21:30,069 [INFO] IPUIPlugin:80 - create IPUIPlugin
2025-07-01 11:21:30,069 [INFO] IPUIPlugin:80 - create IPUIPlugin
2025-07-01 11:21:30,069 [INFO] IPUIPlugin:80 - create IPUIPlugin
2025-07-01 11:21:30,070 [INFO] IPUIPlugin:80 - create IPUIPlugin
2025-07-01 11:21:30,070 [INFO] IPUIPlugin:80 - create IPUIPlugin
2025-07-01 11:21:30,070 [INFO] IPUIPlugin:80 - create IPUIPlugin
2025-07-01 11:21:30,071 [INFO] IPUIPlugin:80 - create IPUIPlugin
2025-07-01 11:21:30,071 [INFO] IPUIPlugin:80 - create IPUIPlugin
2025-07-01 11:21:30,071 [INFO] IPUIPlugin:80 - create IPUIPlugin
2025-07-01 11:21:30,071 [INFO] IPUIPlugin:80 - create IPUIPlugin
2025-07-01 11:21:30,072 [INFO] IPUIPlugin:80 - create IPUIPlugin
2025-07-01 11:21:30,072 [INFO] IPUIPlugin:80 - create IPUIPlugin
2025-07-01 11:21:30,073 [INFO] IPUIPlugin:80 - create IPUIPlugin
2025-07-01 11:21:30,073 [INFO] IPUIPlugin:80 - create IPUIPlugin
2025-07-01 11:21:30,073 [INFO] IPUIPlugin:80 - create IPUIPlugin
2025-07-01 11:21:30,074 [INFO] IPUIPlugin:80 - create IPUIPlugin
2025-07-01 11:21:30,074 [INFO] IPUIPlugin:80 - create IPUIPlugin
2025-07-01 11:21:30,074 [INFO] IPUIPlugin:80 - create IPUIPlugin
2025-07-01 11:21:30,075 [INFO] IPUIPlugin:80 - create IPUIPlugin
2025-07-01 11:21:30,075 [INFO] IPUIPlugin:80 - create IPUIPlugin
2025-07-01 11:21:30,075 [INFO] IPUIPlugin:80 - create IPUIPlugin
2025-07-01 11:21:30,076 [INFO] IPUIPlugin:80 - create IPUIPlugin
2025-07-01 11:21:30,076 [INFO] IPUIPlugin:80 - create IPUIPlugin
2025-07-01 11:21:30,076 [INFO] IPUIPlugin:80 - create IPUIPlugin
2025-07-01 11:21:30,077 [INFO] IPUIPlugin:80 - create IPUIPlugin
2025-07-01 11:21:30,077 [INFO] IPUIPlugin:80 - create IPUIPlugin
2025-07-01 11:21:30,078 [INFO] IPUIPlugin:80 - create IPUIPlugin
2025-07-01 11:21:30,078 [INFO] IPUIPlugin:80 - create IPUIPlugin
2025-07-01 11:21:30,078 [INFO] IPUIPlugin:80 - create IPUIPlugin
2025-07-01 11:21:30,079 [INFO] IPUIPlugin:80 - create IPUIPlugin
2025-07-01 11:21:30,079 [INFO] IPUIPlugin:80 - create IPUIPlugin
2025-07-01 11:21:30,080 [INFO] IPUIPlugin:80 - create IPUIPlugin
2025-07-01 11:21:30,080 [INFO] IPUIPlugin:80 - create IPUIPlugin
2025-07-01 11:21:30,081 [INFO] IPUIPlugin:80 - create IPUIPlugin
2025-07-01 11:21:30,108 [INFO] ApiDbMcu:508 - Load IP Config File for PDM2PCM
2025-07-01 11:21:30,156 [WARN] FreeRTOS:1023 - Null or empty value: should not occur! (nothing added to the table)
2025-07-01 11:21:30,374 [INFO] CADModel:165 - CPN selected for project levelSTM32H743VIT6
2025-07-01 11:21:30,374 [INFO] CADModel:114 - Register for checkConnection events
2025-07-01 11:21:30,376 [INFO] RtosManager:725 - Active RTOS found at IOC load: FREERTOS [Cortex-M7NS]
2025-07-01 11:21:30,443 [INFO] OpenFileManager:385 - Restore cursor
2025-07-01 11:22:07,600 [INFO] NvicIntPanel:101 - NVIC parent = com.st.microxplorer.plugins.ip.nvic.MultiNvicIntPanel[,0,0,0x0,invalid,layout=javax.swing.BoxLayout,alignmentX=0.0,alignmentY=0.0,border=,flags=9,maximumSize=,minimumSize=,preferredSize=]
2025-07-01 11:22:13,487 [INFO] NvicIntPanel:101 - NVIC parent = com.st.microxplorer.plugins.ip.nvic.MultiNvicIntPanel[,0,0,0x0,invalid,layout=javax.swing.BoxLayout,alignmentX=0.0,alignmentY=0.0,border=,flags=9,maximumSize=,minimumSize=,preferredSize=]
2025-07-01 15:31:20,301 [INFO] MainUpdater:2872 - connection check result : 10
2025-07-01 15:31:20,302 [INFO] MainUpdater:2872 - connection check result : 10
2025-07-01 15:31:20,492 [INFO] I2cTimingTraitement:330 - 0x307075B1
2025-07-01 15:31:20,522 [INFO] MicroXplorer:468 - Change Database Path : 
2025-07-01 15:31:20,522 [INFO] MicroXplorer:498 - Change Database Version : DB.6.0.140
2025-07-01 15:31:20,590 [ERROR] ProjectManagerView:394 - 
java.lang.NullPointerException: Cannot invoke "javax.swing.JTextField.getText()" because the return value of "java.util.List.get(int)" is null
	at com.st.microxplorer.plugins.projectmanager.gui.ProjectChoiceTab$9.caretUpdate(ProjectChoiceTab.java:2678) ~[filemanager.jar:?]
	at javax.swing.text.JTextComponent.fireCaretUpdate(JTextComponent.java:408) ~[?:?]
	at javax.swing.text.JTextComponent$MutableCaretEvent.fire(JTextComponent.java:4484) ~[?:?]
	at javax.swing.text.JTextComponent$MutableCaretEvent.stateChanged(JTextComponent.java:4506) ~[?:?]
	at javax.swing.text.DefaultCaret.fireStateChanged(DefaultCaret.java:857) ~[?:?]
	at javax.swing.text.DefaultCaret.changeCaretPosition(DefaultCaret.java:1343) ~[?:?]
	at javax.swing.text.DefaultCaret.handleSetDot(DefaultCaret.java:1242) ~[?:?]
	at javax.swing.text.DefaultCaret.setDot(DefaultCaret.java:1223) ~[?:?]
	at javax.swing.text.DefaultCaret$Handler.insertUpdate(DefaultCaret.java:1819) ~[?:?]
	at javax.swing.text.AbstractDocument.fireInsertUpdate(AbstractDocument.java:227) ~[?:?]
	at javax.swing.text.AbstractDocument.handleInsertString(AbstractDocument.java:781) ~[?:?]
	at javax.swing.text.AbstractDocument.insertString(AbstractDocument.java:740) ~[?:?]
	at javax.swing.text.PlainDocument.insertString(PlainDocument.java:131) ~[?:?]
	at javax.swing.text.AbstractDocument.replace(AbstractDocument.java:699) ~[?:?]
	at javax.swing.text.JTextComponent.setText(JTextComponent.java:1725) ~[?:?]
	at com.st.microxplorer.plugins.projectmanager.gui.ProjectChoiceTab.createHeapStackFields(ProjectChoiceTab.java:979) ~[filemanager.jar:?]
	at com.st.microxplorer.plugins.projectmanager.gui.ProjectChoiceTab.buildLinkSettingsPanel(ProjectChoiceTab.java:3766) ~[filemanager.jar:?]
	at com.st.microxplorer.plugins.projectmanager.gui.ProjectChoiceTab.defineWindowsFields(ProjectChoiceTab.java:1962) ~[filemanager.jar:?]
	at com.st.microxplorer.plugins.projectmanager.gui.ProjectChoiceTab.updateSettings(ProjectChoiceTab.java:555) ~[filemanager.jar:?]
	at com.st.microxplorer.plugins.projectmanager.gui.ProjectSettingsPanel.UpdateDialog(ProjectSettingsPanel.java:245) ~[filemanager.jar:?]
	at com.st.microxplorer.plugins.projectmanager.ProjectManagerView.propertyChange(ProjectManagerView.java:391) ~[filemanager.jar:?]
	at java.beans.PropertyChangeSupport.fire(PropertyChangeSupport.java:343) ~[?:?]
	at java.beans.PropertyChangeSupport.firePropertyChange(PropertyChangeSupport.java:335) ~[?:?]
	at java.beans.PropertyChangeSupport.firePropertyChange(PropertyChangeSupport.java:268) ~[?:?]
	at com.st.microxplorer.util.MXPropertyChangeSupport.firePropertyChange(MXPropertyChangeSupport.java:54) ~[STM32CubeMX.jar:?]
	at com.st.microxplorer.mxsystem.MxSystem.closeConfig(MxSystem.java:899) ~[STM32CubeMX.jar:?]
	at com.st.microxplorer.maingui.MainPanel.closeConfig(MainPanel.java:789) ~[STM32CubeMX.jar:?]
	at com.st.microxplorer.plugins.filemanager.engine.OpenFileManager.loadConfigurationFile(OpenFileManager.java:287) ~[filemanager.jar:?]
	at com.st.microxplorer.plugins.filemanager.engine.MainFileManager.userLoadConfig(MainFileManager.java:341) ~[filemanager.jar:?]
	at com.st.microxplorer.plugins.filemanager.engine.MainFileManager.userLoadConfig(MainFileManager.java:319) ~[filemanager.jar:?]
	at com.st.microxplorer.plugins.filemanager.FileManagerView.getSpecificTask(FileManagerView.java:246) ~[filemanager.jar:?]
	at com.st.stm32cube.common.mx.editor.CubeMxEditor.getMxTabbedPaneInstance(CubeMxEditor.java:1198) ~[com.st.stm32cube.common.mx_6.14.0.202502271554/:?]
	at com.st.stm32cube.common.mx.editor.CubeMxEditor$12$1.createSwingComponent(CubeMxEditor.java:1068) ~[com.st.stm32cube.common.mx_6.14.0.202502271554/:?]
	at com.st.stm32cube.common.mx.oss.core.awtswtbridge.EmbeddedSwingComposite.doComponentCreation(EmbeddedSwingComposite.java:492) ~[com.st.stm32cube.common.mx.oss_6.14.0.202502271554/:?]
	at com.st.stm32cube.common.mx.oss.core.awtswtbridge.EmbeddedSwingComposite$4.run(EmbeddedSwingComposite.java:291) ~[com.st.stm32cube.common.mx.oss_6.14.0.202502271554/:?]
	at com.st.stm32cube.common.mx.oss.core.awtswtbridge.AwtEnvironment$2.run(AwtEnvironment.java:166) ~[com.st.stm32cube.common.mx.oss_6.14.0.202502271554/:?]
	at java.awt.event.InvocationEvent.dispatch(InvocationEvent.java:318) ~[?:?]
	at java.awt.EventQueue.dispatchEventImpl(EventQueue.java:773) ~[?:?]
	at java.awt.EventQueue$4.run(EventQueue.java:720) ~[?:?]
	at java.awt.EventQueue$4.run(EventQueue.java:714) ~[?:?]
	at java.security.AccessController.doPrivileged(AccessController.java:400) ~[?:?]
	at java.security.ProtectionDomain$JavaSecurityAccessImpl.doIntersectionPrivilege(ProtectionDomain.java:87) ~[?:?]
	at java.awt.EventQueue.dispatchEvent(EventQueue.java:742) ~[?:?]
	at java.awt.EventDispatchThread.pumpOneEventForFilters(EventDispatchThread.java:203) ~[?:?]
	at java.awt.EventDispatchThread.pumpEventsForFilter(EventDispatchThread.java:124) ~[?:?]
	at java.awt.EventDispatchThread.pumpEventsForHierarchy(EventDispatchThread.java:113) ~[?:?]
	at java.awt.EventDispatchThread.pumpEvents(EventDispatchThread.java:109) ~[?:?]
	at java.awt.EventDispatchThread.pumpEvents(EventDispatchThread.java:101) ~[?:?]
	at java.awt.EventDispatchThread.run(EventDispatchThread.java:90) ~[?:?]
2025-07-01 15:31:20,604 [WARN] ThirdParty:871 - waiting for thirdparty lock release [close project]
2025-07-01 15:31:20,604 [INFO] ThirdParty:873 - entering critical section [close project]
2025-07-01 15:31:20,604 [INFO] ThirdParty:883 - exiting critical section [close project]
2025-07-01 15:31:20,610 [INFO] PinOutPanel:1589 - setPackage(No Configuration,No Configuration)
2025-07-01 15:31:20,630 [WARN] IpParametersView:155 - Warning: This peripheral hasn't parameters
2025-07-01 15:31:20,651 [WARN] MainPanel:289 - <html><b><center>Warning: This peripheral has no parameters to be configured<br></b></html>
2025-07-01 15:31:20,662 [INFO] UtilMem:75 - Begin LoadConfig() Used Memory: 817362288 Bytes (1073741824)
2025-07-01 15:31:20,663 [INFO] MicroXplorer:468 - Change Database Path : 
2025-07-01 15:31:20,663 [INFO] MicroXplorer:498 - Change Database Version : DB.6.0.140
2025-07-01 15:31:20,664 [INFO] OpenFileManager:354 - Change cursor
2025-07-01 15:31:20,701 [INFO] Mcu:2011 - Initializing MCU STM32H743VITx STM32H743VITx STM32H743VIT6
2025-07-01 15:31:24,444 [INFO] Context:756 - Trying to add GPIOservice into a context  which must be forbidden
2025-07-01 15:31:25,939 [INFO] ImportTextPane:218 - (OptionalMessage_ERROR) Pin39 (VP_RIF_VS_RIF1) cannot be retrieved for this MCU
2025-07-01 15:31:26,114 [INFO] RtosManager:558 - Registered RTOS mode: class=CMSIS, group=RTOS, mode=CMSIS_V1, owner=FREERTOS
2025-07-01 15:31:26,114 [INFO] RtosManager:558 - Registered RTOS mode: class=CMSIS, group=RTOS2, mode=CMSIS_V2, owner=FREERTOS
2025-07-01 15:31:26,114 [INFO] RtosManager:558 - Registered RTOS mode: class=RTOS, group=Core, mode=CMSIS_V1, owner=FREERTOS
2025-07-01 15:31:26,114 [INFO] RtosManager:558 - Registered RTOS mode: class=RTOS, group=Core, mode=CMSIS_V2, owner=FREERTOS
2025-07-01 15:31:26,115 [WARN] ModelIntegratedComponent:184 - Missing modes for component STMicroelectronics:FreeRTOS:0.0.1:STMicroelectronics:RTOS:FreeRTOS:Core:::10.2.0:
2025-07-01 15:31:26,126 [WARN] ModelIntegratedComponent:63 - No mode defined for component null
2025-07-01 15:31:26,126 [WARN] ModelIntegratedComponent:63 - No mode defined for component null
2025-07-01 15:31:26,127 [WARN] ModelIntegratedComponent:63 - No mode defined for component null
2025-07-01 15:31:26,127 [WARN] ModelIntegratedComponent:63 - No mode defined for component null
2025-07-01 15:31:26,127 [WARN] ModelIntegratedComponent:63 - No mode defined for component null
2025-07-01 15:31:26,127 [WARN] ModelIntegratedComponent:63 - No mode defined for component null
2025-07-01 15:31:26,127 [WARN] ModelIntegratedComponent:63 - No mode defined for component null
2025-07-01 15:31:26,127 [WARN] ModelIntegratedComponent:63 - No mode defined for component null
2025-07-01 15:31:26,127 [WARN] ModelIntegratedComponent:63 - No mode defined for component null
2025-07-01 15:31:26,127 [WARN] ModelIntegratedComponent:63 - No mode defined for component null
2025-07-01 15:31:26,128 [WARN] ModelIntegratedComponent:63 - No mode defined for component null
2025-07-01 15:31:26,128 [WARN] ModelIntegratedComponent:63 - No mode defined for component null
2025-07-01 15:31:26,128 [WARN] ModelIntegratedComponent:63 - No mode defined for component null
2025-07-01 15:31:26,128 [WARN] ModelIntegratedComponent:63 - No mode defined for component null
2025-07-01 15:31:26,128 [WARN] ModelIntegratedComponent:63 - No mode defined for component null
2025-07-01 15:31:26,128 [WARN] ModelIntegratedComponent:63 - No mode defined for component null
2025-07-01 15:31:26,128 [WARN] ModelIntegratedComponent:63 - No mode defined for component null
2025-07-01 15:31:26,128 [WARN] ModelIntegratedComponent:63 - No mode defined for component null
2025-07-01 15:31:26,129 [WARN] ModelIntegratedComponent:63 - No mode defined for component null
2025-07-01 15:31:26,129 [WARN] ModelIntegratedComponent:63 - No mode defined for component null
2025-07-01 15:31:26,129 [WARN] ModelIntegratedComponent:63 - No mode defined for component null
2025-07-01 15:31:26,129 [WARN] ModelIntegratedComponent:63 - No mode defined for component null
2025-07-01 15:31:26,129 [WARN] ModelIntegratedComponent:63 - No mode defined for component null
2025-07-01 15:31:26,129 [WARN] ModelIntegratedComponent:63 - No mode defined for component null
2025-07-01 15:31:26,129 [WARN] ModelIntegratedComponent:63 - No mode defined for component null
2025-07-01 15:31:26,129 [WARN] ModelIntegratedComponent:63 - No mode defined for component null
2025-07-01 15:31:26,129 [WARN] ModelIntegratedComponent:63 - No mode defined for component null
2025-07-01 15:31:26,130 [WARN] ModelIntegratedComponent:63 - No mode defined for component null
2025-07-01 15:31:26,130 [WARN] ModelIntegratedComponent:63 - No mode defined for component null
2025-07-01 15:31:26,130 [WARN] ModelIntegratedComponent:63 - No mode defined for component null
2025-07-01 15:31:26,130 [WARN] ModelIntegratedComponent:63 - No mode defined for component null
2025-07-01 15:31:26,130 [WARN] ModelIntegratedComponent:63 - No mode defined for component null
2025-07-01 15:31:26,130 [WARN] ModelIntegratedComponent:63 - No mode defined for component null
2025-07-01 15:31:26,130 [WARN] ModelIntegratedComponent:63 - No mode defined for component null
2025-07-01 15:31:26,130 [WARN] ModelIntegratedComponent:63 - No mode defined for component null
2025-07-01 15:31:26,130 [WARN] ModelPack:524 - Component already loaded: STMicroelectronics:HAL Drivers:0.0.0:STMicroelectronics:Device:STMicro_Driver:XSPI:HAL::0.0.1:HAL_XSPI
2025-07-01 15:31:26,318 [INFO] ThirdPartyModel:298 - Start build external matchings
2025-07-01 15:31:27,462 [INFO] ThirdPartyModel:316 - End build external matchings
2025-07-01 15:31:27,487 [INFO] RtosManager:967 - Current active RTOS is FREERTOS [Cortex-M7NS]
2025-07-01 15:31:27,492 [INFO] ImportTextPane:218 - (OptionalMessage_ERROR) IP (DMA) : Parameter (Instance) has Id (TIM3_CH1) currently not set
2025-07-01 15:31:27,492 [INFO] ImportTextPane:218 - (OptionalMessage_ERROR) IP (DMA) : Parameter (Request) has Id (TIM3_CH1) currently not set
2025-07-01 15:31:27,492 [INFO] ImportTextPane:218 - (OptionalMessage_ERROR) IP (DMA) : Parameter (Direction) has Id (TIM3_CH1) currently not set
2025-07-01 15:31:27,492 [INFO] ImportTextPane:218 - (OptionalMessage_ERROR) IP (DMA) : Parameter (PeriphInc) has Id (TIM3_CH1) currently not set
2025-07-01 15:31:27,492 [INFO] ImportTextPane:218 - (OptionalMessage_ERROR) IP (DMA) : Parameter (MemInc) has Id (TIM3_CH1) currently not set
2025-07-01 15:31:27,493 [INFO] ImportTextPane:218 - (OptionalMessage_ERROR) IP (DMA) : Parameter (PeriphDataAlignment) has Id (TIM3_CH1) currently not set
2025-07-01 15:31:27,493 [INFO] ImportTextPane:218 - (OptionalMessage_ERROR) IP (DMA) : Parameter (MemDataAlignment) has Id (TIM3_CH1) currently not set
2025-07-01 15:31:27,493 [INFO] ImportTextPane:218 - (OptionalMessage_ERROR) IP (DMA) : Parameter (Mode) has Id (TIM3_CH1) currently not set
2025-07-01 15:31:27,493 [INFO] ImportTextPane:218 - (OptionalMessage_ERROR) IP (DMA) : Parameter (Priority) has Id (TIM3_CH1) currently not set
2025-07-01 15:31:27,493 [INFO] ImportTextPane:218 - (OptionalMessage_ERROR) IP (DMA) : Parameter (FIFOMode) has Id (TIM3_CH1) currently not set
2025-07-01 15:31:27,493 [INFO] ImportTextPane:218 - (OptionalMessage_ERROR) IP (DMA) : Parameter (SignalID) has Id (TIM3_CH1) currently not set
2025-07-01 15:31:27,493 [INFO] ImportTextPane:218 - (OptionalMessage_ERROR) IP (DMA) : Parameter (Polarity) has Id (TIM3_CH1) currently not set
2025-07-01 15:31:27,493 [INFO] ImportTextPane:218 - (OptionalMessage_ERROR) IP (DMA) : Parameter (RequestNumber) has Id (TIM3_CH1) currently not set
2025-07-01 15:31:27,493 [INFO] ImportTextPane:218 - (OptionalMessage_ERROR) IP (DMA) : Parameter (SyncSignalID) has Id (TIM3_CH1) currently not set
2025-07-01 15:31:27,493 [INFO] ImportTextPane:218 - (OptionalMessage_ERROR) IP (DMA) : Parameter (SyncPolarity) has Id (TIM3_CH1) currently not set
2025-07-01 15:31:27,493 [INFO] ImportTextPane:218 - (OptionalMessage_ERROR) IP (DMA) : Parameter (SyncEnable) has Id (TIM3_CH1) currently not set
2025-07-01 15:31:27,493 [INFO] ImportTextPane:218 - (OptionalMessage_ERROR) IP (DMA) : Parameter (EventEnable) has Id (TIM3_CH1) currently not set
2025-07-01 15:31:27,494 [INFO] ImportTextPane:218 - (OptionalMessage_ERROR) IP (DMA) : Parameter (SyncRequestNumber) has Id (TIM3_CH1) currently not set
2025-07-01 15:31:27,494 [INFO] ImportTextPane:218 - (OptionalMessage_ERROR) IP (DMA) : Parameter (Instance) has Id (TIM3_CH2) currently not set
2025-07-01 15:31:27,494 [INFO] ImportTextPane:218 - (OptionalMessage_ERROR) IP (DMA) : Parameter (Request) has Id (TIM3_CH2) currently not set
2025-07-01 15:31:27,494 [INFO] ImportTextPane:218 - (OptionalMessage_ERROR) IP (DMA) : Parameter (Direction) has Id (TIM3_CH2) currently not set
2025-07-01 15:31:27,494 [INFO] ImportTextPane:218 - (OptionalMessage_ERROR) IP (DMA) : Parameter (PeriphInc) has Id (TIM3_CH2) currently not set
2025-07-01 15:31:27,494 [INFO] ImportTextPane:218 - (OptionalMessage_ERROR) IP (DMA) : Parameter (MemInc) has Id (TIM3_CH2) currently not set
2025-07-01 15:31:27,494 [INFO] ImportTextPane:218 - (OptionalMessage_ERROR) IP (DMA) : Parameter (PeriphDataAlignment) has Id (TIM3_CH2) currently not set
2025-07-01 15:31:27,494 [INFO] ImportTextPane:218 - (OptionalMessage_ERROR) IP (DMA) : Parameter (MemDataAlignment) has Id (TIM3_CH2) currently not set
2025-07-01 15:31:27,494 [INFO] ImportTextPane:218 - (OptionalMessage_ERROR) IP (DMA) : Parameter (Mode) has Id (TIM3_CH2) currently not set
2025-07-01 15:31:27,494 [INFO] ImportTextPane:218 - (OptionalMessage_ERROR) IP (DMA) : Parameter (Priority) has Id (TIM3_CH2) currently not set
2025-07-01 15:31:27,494 [INFO] ImportTextPane:218 - (OptionalMessage_ERROR) IP (DMA) : Parameter (FIFOMode) has Id (TIM3_CH2) currently not set
2025-07-01 15:31:27,494 [INFO] ImportTextPane:218 - (OptionalMessage_ERROR) IP (DMA) : Parameter (SignalID) has Id (TIM3_CH2) currently not set
2025-07-01 15:31:27,494 [INFO] ImportTextPane:218 - (OptionalMessage_ERROR) IP (DMA) : Parameter (Polarity) has Id (TIM3_CH2) currently not set
2025-07-01 15:31:27,494 [INFO] ImportTextPane:218 - (OptionalMessage_ERROR) IP (DMA) : Parameter (RequestNumber) has Id (TIM3_CH2) currently not set
2025-07-01 15:31:27,494 [INFO] ImportTextPane:218 - (OptionalMessage_ERROR) IP (DMA) : Parameter (SyncSignalID) has Id (TIM3_CH2) currently not set
2025-07-01 15:31:27,495 [INFO] ImportTextPane:218 - (OptionalMessage_ERROR) IP (DMA) : Parameter (SyncPolarity) has Id (TIM3_CH2) currently not set
2025-07-01 15:31:27,495 [INFO] ImportTextPane:218 - (OptionalMessage_ERROR) IP (DMA) : Parameter (SyncEnable) has Id (TIM3_CH2) currently not set
2025-07-01 15:31:27,495 [INFO] ImportTextPane:218 - (OptionalMessage_ERROR) IP (DMA) : Parameter (EventEnable) has Id (TIM3_CH2) currently not set
2025-07-01 15:31:27,495 [INFO] ImportTextPane:218 - (OptionalMessage_ERROR) IP (DMA) : Parameter (SyncRequestNumber) has Id (TIM3_CH2) currently not set
2025-07-01 15:31:27,495 [INFO] ImportTextPane:218 - (OptionalMessage_ERROR) IP (DMA) : Parameter (Instance) has Id (TIM16_UP) currently not set
2025-07-01 15:31:27,495 [INFO] ImportTextPane:218 - (OptionalMessage_ERROR) IP (DMA) : Parameter (Request) has Id (TIM16_UP) currently not set
2025-07-01 15:31:27,495 [INFO] ImportTextPane:218 - (OptionalMessage_ERROR) IP (DMA) : Parameter (Direction) has Id (TIM16_UP) currently not set
2025-07-01 15:31:27,495 [INFO] ImportTextPane:218 - (OptionalMessage_ERROR) IP (DMA) : Parameter (PeriphInc) has Id (TIM16_UP) currently not set
2025-07-01 15:31:27,495 [INFO] ImportTextPane:218 - (OptionalMessage_ERROR) IP (DMA) : Parameter (MemInc) has Id (TIM16_UP) currently not set
2025-07-01 15:31:27,495 [INFO] ImportTextPane:218 - (OptionalMessage_ERROR) IP (DMA) : Parameter (PeriphDataAlignment) has Id (TIM16_UP) currently not set
2025-07-01 15:31:27,496 [INFO] ImportTextPane:218 - (OptionalMessage_ERROR) IP (DMA) : Parameter (MemDataAlignment) has Id (TIM16_UP) currently not set
2025-07-01 15:31:27,496 [INFO] ImportTextPane:218 - (OptionalMessage_ERROR) IP (DMA) : Parameter (Mode) has Id (TIM16_UP) currently not set
2025-07-01 15:31:27,496 [INFO] ImportTextPane:218 - (OptionalMessage_ERROR) IP (DMA) : Parameter (Priority) has Id (TIM16_UP) currently not set
2025-07-01 15:31:27,496 [INFO] ImportTextPane:218 - (OptionalMessage_ERROR) IP (DMA) : Parameter (FIFOMode) has Id (TIM16_UP) currently not set
2025-07-01 15:31:27,496 [INFO] ImportTextPane:218 - (OptionalMessage_ERROR) IP (DMA) : Parameter (SignalID) has Id (TIM16_UP) currently not set
2025-07-01 15:31:27,496 [INFO] ImportTextPane:218 - (OptionalMessage_ERROR) IP (DMA) : Parameter (Polarity) has Id (TIM16_UP) currently not set
2025-07-01 15:31:27,496 [INFO] ImportTextPane:218 - (OptionalMessage_ERROR) IP (DMA) : Parameter (RequestNumber) has Id (TIM16_UP) currently not set
2025-07-01 15:31:27,496 [INFO] ImportTextPane:218 - (OptionalMessage_ERROR) IP (DMA) : Parameter (SyncSignalID) has Id (TIM16_UP) currently not set
2025-07-01 15:31:27,496 [INFO] ImportTextPane:218 - (OptionalMessage_ERROR) IP (DMA) : Parameter (SyncPolarity) has Id (TIM16_UP) currently not set
2025-07-01 15:31:27,497 [INFO] ImportTextPane:218 - (OptionalMessage_ERROR) IP (DMA) : Parameter (SyncEnable) has Id (TIM16_UP) currently not set
2025-07-01 15:31:27,497 [INFO] ImportTextPane:218 - (OptionalMessage_ERROR) IP (DMA) : Parameter (EventEnable) has Id (TIM16_UP) currently not set
2025-07-01 15:31:27,497 [INFO] ImportTextPane:218 - (OptionalMessage_ERROR) IP (DMA) : Parameter (SyncRequestNumber) has Id (TIM16_UP) currently not set
2025-07-01 15:31:27,503 [INFO] ImportTextPane:218 - (OptionalMessage_ERROR) IP (RCC) : Parameter (DFSDMACLkFreq_Value) has invalid value (480000000)
2025-07-01 15:31:27,510 [INFO] ImportTextPane:218 - (OptionalMessage_ERROR) IP (RCC) : Parameter (FDCANFreq_Value) has invalid value (480000000)
2025-07-01 15:31:27,510 [INFO] ImportTextPane:218 - (OptionalMessage_ERROR) IP (RCC) : Invalid parameter (FamilyName)
2025-07-01 15:31:27,510 [INFO] ImportTextPane:218 - (OptionalMessage_ERROR) IP (RCC) : Parameter (SAI1Freq_Value) has invalid value (480000000)
2025-07-01 15:31:27,510 [INFO] ImportTextPane:218 - (OptionalMessage_ERROR) IP (RCC) : Parameter (SAI23Freq_Value) has invalid value (480000000)
2025-07-01 15:31:27,510 [INFO] ImportTextPane:218 - (OptionalMessage_ERROR) IP (RCC) : Parameter (SAI4AFreq_Value) has invalid value (480000000)
2025-07-01 15:31:27,510 [INFO] ImportTextPane:218 - (OptionalMessage_ERROR) IP (RCC) : Parameter (SAI4BFreq_Value) has invalid value (480000000)
2025-07-01 15:31:27,511 [INFO] ImportTextPane:218 - (OptionalMessage_ERROR) IP (RCC) : Parameter (SDMMCFreq_Value) has invalid value (480000000)
2025-07-01 15:31:27,511 [INFO] ImportTextPane:218 - (OptionalMessage_ERROR) IP (RCC) : Parameter (SPDIFRXFreq_Value) has invalid value (480000000)
2025-07-01 15:31:27,511 [INFO] ImportTextPane:218 - (OptionalMessage_ERROR) IP (RCC) : Parameter (SPI123Freq_Value) has invalid value (480000000)
2025-07-01 15:31:27,511 [INFO] ImportTextPane:218 - (OptionalMessage_ERROR) IP (RCC) : Parameter (USBFreq_Value) has invalid value (480000000)
2025-07-01 15:31:28,026 [INFO] UtilMem:75 - End LoadConfig() Used Memory: 699042704 Bytes (1073741824)
2025-07-01 15:31:28,068 [WARN] ThirdParty:833 - waiting for thirdparty lock release [change project]
2025-07-01 15:31:28,068 [INFO] ThirdParty:835 - entering critical section [change project]
2025-07-01 15:31:28,068 [INFO] ThirdParty:1030 - CMSIS Pack Vendor :STMicroelectronics X-CUBE-PM33A1 1.0.0
2025-07-01 15:31:28,068 [INFO] ThirdParty:1030 - CMSIS Pack Vendor :STMicroelectronics USBPD 4.1
2025-07-01 15:31:28,068 [INFO] ThirdParty:1030 - CMSIS Pack Vendor :STMicroelectronics X-CUBE-AZRTOS-H7 3.3.0
2025-07-01 15:31:28,068 [INFO] ThirdParty:1030 - CMSIS Pack Vendor :STMicroelectronics X-CUBE-NFC9 1.0.0
2025-07-01 15:31:28,068 [INFO] ThirdParty:1030 - CMSIS Pack Vendor :STMicroelectronics USB_HOST 2.0.0
2025-07-01 15:31:28,068 [INFO] ThirdParty:1030 - CMSIS Pack Vendor :STMicroelectronics FP-SNS-MOTENVWB1 1.4.0
2025-07-01 15:31:28,068 [INFO] ThirdParty:1030 - CMSIS Pack Vendor :STMicroelectronics X-CUBE-AZRTOS-F4 1.1.0
2025-07-01 15:31:28,068 [INFO] ThirdParty:1030 - CMSIS Pack Vendor :STMicroelectronics LIBJPEG 8.0.0
2025-07-01 15:31:28,068 [INFO] ThirdParty:1030 - CMSIS Pack Vendor :STMicroelectronics FP-ATR-ASTRA1 2.0.2
2025-07-01 15:31:28,068 [INFO] ThirdParty:1030 - CMSIS Pack Vendor :STMicroelectronics X-CUBE-BLE1 7.1.0
2025-07-01 15:31:28,068 [INFO] ThirdParty:1030 - CMSIS Pack Vendor :Avnet-IotConnect X-CUBE-IoTC-DA16k-PMOD 1.0.0
2025-07-01 15:31:28,068 [INFO] ThirdParty:1030 - CMSIS Pack Vendor :STMicroelectronics X-CUBE-SMBUS 2.1.0
2025-07-01 15:31:28,069 [INFO] ThirdParty:1030 - CMSIS Pack Vendor :STMicroelectronics X-CUBE-WB05N 1.1.0
2025-07-01 15:31:28,069 [INFO] ThirdParty:1030 - CMSIS Pack Vendor :wolfSSL I-CUBE-wolfMQTT 1.19.2
2025-07-01 15:31:28,069 [INFO] ThirdParty:1030 - CMSIS Pack Vendor :STMicroelectronics USB_DEVICE 3.0.0
2025-07-01 15:31:28,069 [INFO] ThirdParty:1030 - CMSIS Pack Vendor :STMicroelectronics X-CUBE-ISPU 2.1.0
2025-07-01 15:31:28,069 [INFO] ThirdParty:1030 - CMSIS Pack Vendor :STMicroelectronics X-CUBE-AZRTOS-WB 2.0.0
2025-07-01 15:31:28,069 [INFO] ThirdParty:1030 - CMSIS Pack Vendor :STMicroelectronics X-CUBE-ST60 1.0.0
2025-07-01 15:31:28,069 [INFO] ThirdParty:1030 - CMSIS Pack Vendor :STMicroelectronics X-CUBE-GNSS1 7.0.1
2025-07-01 15:31:28,069 [INFO] ThirdParty:1030 - CMSIS Pack Vendor :STMicroelectronics X-CUBE-AZRTOS-F7 1.1.0
2025-07-01 15:31:28,069 [INFO] ThirdParty:1030 - CMSIS Pack Vendor :STMicroelectronics X-CUBE-AZRTOS-L5 2.0.0
2025-07-01 15:31:28,069 [INFO] ThirdParty:1030 - CMSIS Pack Vendor :STMicroelectronics X-CUBE-TOUCHGFX 4.25.0
2025-07-01 15:31:28,069 [INFO] ThirdParty:1030 - CMSIS Pack Vendor :STMicroelectronics USB_DEVICE 2.0.0
2025-07-01 15:31:28,069 [INFO] ThirdParty:1030 - CMSIS Pack Vendor :STMicroelectronics X-CUBE-NFC6 3.1.0
2025-07-01 15:31:28,069 [INFO] ThirdParty:1030 - CMSIS Pack Vendor :STMicroelectronics X-CUBE-AI 10.1.0
2025-07-01 15:31:28,069 [INFO] ThirdParty:1030 - CMSIS Pack Vendor :STMicroelectronics FP-SNS-STBOX1 2.0.0
2025-07-01 15:31:28,069 [INFO] ThirdParty:1030 - CMSIS Pack Vendor :STMicroelectronics X-CUBE-MEMS1 11.2.0
2025-07-01 15:31:28,069 [INFO] ThirdParty:1030 - CMSIS Pack Vendor :STMicroelectronics FreeRTOS 0.0.1
2025-07-01 15:31:28,069 [INFO] ThirdParty:1030 - CMSIS Pack Vendor :STMicroelectronics X-CUBE-AZRTOS-G0 1.1.0
2025-07-01 15:31:28,069 [INFO] ThirdParty:1030 - CMSIS Pack Vendor :STMicroelectronics X-CUBE-SAFEA1 1.2.2
2025-07-01 15:31:28,069 [INFO] ThirdParty:1030 - CMSIS Pack Vendor :STMicroelectronics X-CUBE-NFC4 3.0.0
2025-07-01 15:31:28,069 [INFO] ThirdParty:1030 - CMSIS Pack Vendor :STMicroelectronics X-CUBE-DPower 1.2.0
2025-07-01 15:31:28,069 [INFO] ThirdParty:1030 - CMSIS Pack Vendor :STMicroelectronics X-CUBE-SUBG2 5.0.0
2025-07-01 15:31:28,070 [INFO] ThirdParty:1030 - CMSIS Pack Vendor :STMicroelectronics X-CUBE-AZRTOS-H7RS 1.1.0
2025-07-01 15:31:28,070 [INFO] ThirdParty:1030 - CMSIS Pack Vendor :STMicroelectronics STM32_WPAN 1.0.0
2025-07-01 15:31:28,070 [INFO] ThirdParty:1030 - CMSIS Pack Vendor :EmbeddedOffice I-CUBE-FS-RTOS 1.0.1
2025-07-01 15:31:28,070 [INFO] ThirdParty:1030 - CMSIS Pack Vendor :STMicroelectronics lwIP 2.0.3
2025-07-01 15:31:28,070 [INFO] ThirdParty:1030 - CMSIS Pack Vendor :STMicroelectronics FP-SNS-FLIGHT1 5.0.2
2025-07-01 15:31:28,070 [INFO] ThirdParty:1030 - CMSIS Pack Vendor :Cesanta I-CUBE-Mongoose 7.13.0
2025-07-01 15:31:28,070 [INFO] ThirdParty:1030 - CMSIS Pack Vendor :STMicroelectronics USB_HOST 1.0.0
2025-07-01 15:31:28,070 [INFO] ThirdParty:1030 - CMSIS Pack Vendor :Infineon AIROC-Wi-Fi-Bluetooth-STM32 1.7.0
2025-07-01 15:31:28,070 [INFO] ThirdParty:1030 - CMSIS Pack Vendor :STMicroelectronics X-CUBE-AZRTOS-G4 2.0.0
2025-07-01 15:31:28,070 [INFO] ThirdParty:1030 - CMSIS Pack Vendor :STMicroelectronics X-CUBE-WB05N 2.0.0
2025-07-01 15:31:28,070 [INFO] ThirdParty:1030 - CMSIS Pack Vendor :STMicroelectronics PDM2PCM 3.1.0
2025-07-01 15:31:28,070 [INFO] ThirdParty:1030 - CMSIS Pack Vendor :STMicroelectronics PDM2PCM 3.3.0
2025-07-01 15:31:28,070 [INFO] ThirdParty:1030 - CMSIS Pack Vendor :wolfSSL I-CUBE-wolfTPM 3.8.0
2025-07-01 15:31:28,070 [INFO] ThirdParty:1030 - CMSIS Pack Vendor :STMicroelectronics X-CUBE-DISPLAY 3.0.0
2025-07-01 15:31:28,070 [INFO] ThirdParty:1030 - CMSIS Pack Vendor :wolfSSL I-CUBE-wolfSSH 1.4.20
2025-07-01 15:31:28,070 [INFO] ThirdParty:1030 - CMSIS Pack Vendor :STMicroelectronics X-CUBE-NFC7 2.0.0
2025-07-01 15:31:28,070 [INFO] ThirdParty:1030 - CMSIS Pack Vendor :STMicroelectronics X-CUBE-TCPP 4.2.0
2025-07-01 15:31:28,070 [INFO] ThirdParty:1030 - CMSIS Pack Vendor :RealThread X-CUBE-RT-Thread_Nano 4.1.1
2025-07-01 15:31:28,070 [INFO] ThirdParty:1030 - CMSIS Pack Vendor :STMicroelectronics FP-ATR-SIGFOX1 3.2.0
2025-07-01 15:31:28,070 [INFO] ThirdParty:1030 - CMSIS Pack Vendor :STMicroelectronics X-CUBE-NFC10 1.0.0
2025-07-01 15:31:28,070 [INFO] ThirdParty:1030 - CMSIS Pack Vendor :STMicroelectronics X-CUBE-BLEMGR 4.0.0
2025-07-01 15:31:28,070 [INFO] ThirdParty:1030 - CMSIS Pack Vendor :STMicroelectronics X-CUBE-EEPRMA1 5.1.0
2025-07-01 15:31:28,071 [INFO] ThirdParty:1030 - CMSIS Pack Vendor :STMicroelectronics X-CUBE-FREERTOS 1.3.1
2025-07-01 15:31:28,071 [INFO] ThirdParty:1030 - CMSIS Pack Vendor :STMicroelectronics HAL Drivers 0.0.0
2025-07-01 15:31:28,071 [INFO] ThirdParty:1030 - CMSIS Pack Vendor :STMicroelectronics MBEDTLS 2.16.2
2025-07-01 15:31:28,071 [INFO] ThirdParty:1030 - CMSIS Pack Vendor :STMicroelectronics X-CUBE-IPS 3.1.0
2025-07-01 15:31:28,071 [INFO] ThirdParty:1030 - CMSIS Pack Vendor :STMicroelectronics X-CUBE-ALS 1.0.2
2025-07-01 15:31:28,071 [INFO] ThirdParty:1030 - CMSIS Pack Vendor :emotas I-CUBE-CANOPEN 1.3.0
2025-07-01 15:31:28,071 [INFO] ThirdParty:1030 - CMSIS Pack Vendor :STMicroelectronics X-CUBE-FREERTOS 1.3.0
2025-07-01 15:31:28,071 [INFO] ThirdParty:1030 - CMSIS Pack Vendor :STMicroelectronics X-CUBE-NFC7 1.0.1
2025-07-01 15:31:28,071 [INFO] ThirdParty:1030 - CMSIS Pack Vendor :STMicroelectronics MBEDTLS 2.14.1
2025-07-01 15:31:28,071 [INFO] ThirdParty:1030 - CMSIS Pack Vendor :wolfSSL I-CUBE-wolfSSL 5.7.6
2025-07-01 15:31:28,071 [INFO] ThirdParty:1030 - CMSIS Pack Vendor :ITTIA_DB I-CUBE-ITTIADB 8.9.0
2025-07-01 15:31:28,071 [INFO] ThirdParty:1030 - CMSIS Pack Vendor :STMicroelectronics X-CUBE-TOUCHGFX 4.24.2
2025-07-01 15:31:28,071 [INFO] ThirdParty:1030 - CMSIS Pack Vendor :portGmbH I-Cube-SoM-uGOAL 1.1.0
2025-07-01 15:31:28,071 [INFO] ThirdParty:1030 - CMSIS Pack Vendor :quantropi X-CUBE-qispace-sdk-base 2.0.0
2025-07-01 15:31:28,071 [INFO] ThirdParty:1030 - CMSIS Pack Vendor :STMicroelectronics X-CUBE-AI 10.0.0
2025-07-01 15:31:28,071 [INFO] ThirdParty:1030 - CMSIS Pack Vendor :STMicroelectronics X-CUBE-ST67W61 1.0.0
2025-07-01 15:31:28,071 [INFO] ThirdParty:1030 - CMSIS Pack Vendor :STMicroelectronics FP-SNS-STAIOTCFT 1.0.0
2025-07-01 15:31:28,071 [INFO] ThirdParty:1030 - CMSIS Pack Vendor :STMicroelectronics ThreadX 1.0.0
2025-07-01 15:31:28,071 [INFO] ThirdParty:1030 - CMSIS Pack Vendor :STMicroelectronics FP-SNS-SMARTAG2 1.2.0
2025-07-01 15:31:28,071 [INFO] ThirdParty:1030 - CMSIS Pack Vendor :STMicroelectronics FP-SNS-FLIGHT1 5.1.0
2025-07-01 15:31:28,071 [INFO] ThirdParty:1030 - CMSIS Pack Vendor :STMicroelectronics X-CUBE-MEMS1 11.1.0
2025-07-01 15:31:28,071 [INFO] ThirdParty:1030 - CMSIS Pack Vendor :STMicroelectronics X-CUBE-AZRTOS-WL 2.0.0
2025-07-01 15:31:28,071 [INFO] ThirdParty:1030 - CMSIS Pack Vendor :SEGGER I-CUBE-embOS 1.3.1
2025-07-01 15:31:28,072 [INFO] ThirdParty:1030 - CMSIS Pack Vendor :STMicroelectronics X-CUBE-ALGOBUILD 1.4.0
2025-07-01 15:31:28,072 [INFO] ThirdParty:1030 - CMSIS Pack Vendor :STMicroelectronics X-CUBE-DPower 1.3.0
2025-07-01 15:31:28,072 [INFO] ThirdParty:1030 - CMSIS Pack Vendor :STMicroelectronics X-CUBE-MEMS1 11.3.0
2025-07-01 15:31:28,072 [INFO] ThirdParty:1030 - CMSIS Pack Vendor :STMicroelectronics FP-SNS-MOTENV1 5.0.0
2025-07-01 15:31:28,072 [INFO] ThirdParty:1030 - CMSIS Pack Vendor :STMicroelectronics USB_DEVICE 1.0.0
2025-07-01 15:31:28,072 [INFO] ThirdParty:1030 - CMSIS Pack Vendor :STMicroelectronics X-CUBE-AZRTOS-H7RS 1.0.0
2025-07-01 15:31:28,072 [INFO] ThirdParty:1030 - CMSIS Pack Vendor :STMicroelectronics X-CUBE-AZRTOS-L4 2.0.0
2025-07-01 15:31:28,072 [INFO] ThirdParty:1030 - CMSIS Pack Vendor :STMicroelectronics ThreadX 0.0.2
2025-07-01 15:31:28,072 [INFO] ThirdParty:1030 - CMSIS Pack Vendor :WES I-CUBE-Cesium 1.3.0
2025-07-01 15:31:28,072 [INFO] ThirdParty:1030 - CMSIS Pack Vendor :STMicroelectronics lwIP 2.1.2
2025-07-01 15:31:28,072 [INFO] ThirdParty:1030 - CMSIS Pack Vendor :STMicroelectronics X-CUBE-SFXS2LP1 4.0.0
2025-07-01 15:31:28,072 [INFO] ThirdParty:1030 - CMSIS Pack Vendor :STMicroelectronics X-CUBE-BLE2 3.3.0
2025-07-01 15:31:28,073 [INFO] ThirdParty:1030 - CMSIS Pack Vendor :STMicroelectronics X-CUBE-TOF1 3.4.2
2025-07-01 15:31:28,073 [INFO] ThirdParty:1030 - CMSIS Pack Vendor :STMicroelectronics X-CUBE-TOF1 3.4.3
2025-07-01 15:31:28,073 [INFO] ThirdParty:1030 - CMSIS Pack Vendor :STMicroelectronics PDM2PCM 3.2.0
2025-07-01 15:31:28,073 [INFO] ThirdParty:841 - exiting critical section [change project]
2025-07-01 15:31:28,599 [INFO] PinOutPanel:1589 - setPackage(No Configuration,No Configuration)
2025-07-01 15:31:28,601 [INFO] PinOutPanel:1589 - setPackage(STM32H743VITx,LQFP100)
2025-07-01 15:31:29,397 [INFO] UtilMem:75 - Before build in PCC Used Memory: 988061488 Bytes (1073741824)
2025-07-01 15:31:29,766 [INFO] UtilMem:75 - After build in PCC Used Memory: 765053640 Bytes (1073741824)
2025-07-01 15:31:29,784 [INFO] ApiDbMcu:508 - Load IP Config File for FREERTOS
2025-07-01 15:31:29,817 [INFO] IPUIPlugin:80 - create IPUIPlugin
2025-07-01 15:31:29,817 [INFO] IPUIPlugin:80 - create IPUIPlugin
2025-07-01 15:31:29,817 [INFO] IPUIPlugin:80 - create IPUIPlugin
2025-07-01 15:31:29,818 [INFO] IPUIPlugin:80 - create IPUIPlugin
2025-07-01 15:31:29,818 [INFO] IPUIPlugin:80 - create IPUIPlugin
2025-07-01 15:31:29,818 [INFO] IPUIPlugin:80 - create IPUIPlugin
2025-07-01 15:31:29,818 [INFO] IPUIPlugin:80 - create IPUIPlugin
2025-07-01 15:31:29,818 [INFO] IPUIPlugin:80 - create IPUIPlugin
2025-07-01 15:31:29,818 [INFO] IPUIPlugin:80 - create IPUIPlugin
2025-07-01 15:31:29,819 [INFO] IPUIPlugin:80 - create IPUIPlugin
2025-07-01 15:31:29,819 [INFO] IPUIPlugin:80 - create IPUIPlugin
2025-07-01 15:31:29,819 [INFO] IPUIPlugin:80 - create IPUIPlugin
2025-07-01 15:31:29,819 [INFO] IPUIPlugin:80 - create IPUIPlugin
2025-07-01 15:31:29,819 [INFO] IPUIPlugin:80 - create IPUIPlugin
2025-07-01 15:31:29,819 [INFO] IPUIPlugin:80 - create IPUIPlugin
2025-07-01 15:31:29,819 [INFO] IPUIPlugin:80 - create IPUIPlugin
2025-07-01 15:31:29,819 [INFO] IPUIPlugin:80 - create IPUIPlugin
2025-07-01 15:31:29,820 [INFO] IPUIPlugin:80 - create IPUIPlugin
2025-07-01 15:31:29,820 [INFO] IPUIPlugin:80 - create IPUIPlugin
2025-07-01 15:31:29,820 [INFO] IPUIPlugin:80 - create IPUIPlugin
2025-07-01 15:31:29,820 [INFO] IPUIPlugin:80 - create IPUIPlugin
2025-07-01 15:31:29,820 [INFO] IPUIPlugin:80 - create IPUIPlugin
2025-07-01 15:31:29,820 [INFO] IPUIPlugin:80 - create IPUIPlugin
2025-07-01 15:31:29,820 [INFO] IPUIPlugin:80 - create IPUIPlugin
2025-07-01 15:31:29,820 [INFO] IPUIPlugin:80 - create IPUIPlugin
2025-07-01 15:31:29,820 [INFO] IPUIPlugin:80 - create IPUIPlugin
2025-07-01 15:31:29,821 [INFO] IPUIPlugin:80 - create IPUIPlugin
2025-07-01 15:31:29,821 [INFO] IPUIPlugin:80 - create IPUIPlugin
2025-07-01 15:31:29,821 [INFO] IPUIPlugin:80 - create IPUIPlugin
2025-07-01 15:31:29,821 [INFO] IPUIPlugin:80 - create IPUIPlugin
2025-07-01 15:31:29,821 [INFO] IPUIPlugin:80 - create IPUIPlugin
2025-07-01 15:31:29,821 [INFO] IPUIPlugin:80 - create IPUIPlugin
2025-07-01 15:31:29,821 [INFO] IPUIPlugin:80 - create IPUIPlugin
2025-07-01 15:31:29,822 [INFO] IPUIPlugin:80 - create IPUIPlugin
2025-07-01 15:31:29,822 [INFO] IPUIPlugin:80 - create IPUIPlugin
2025-07-01 15:31:29,823 [INFO] IPUIPlugin:80 - create IPUIPlugin
2025-07-01 15:31:29,823 [INFO] IPUIPlugin:80 - create IPUIPlugin
2025-07-01 15:31:29,823 [INFO] IPUIPlugin:80 - create IPUIPlugin
2025-07-01 15:31:29,824 [INFO] IPUIPlugin:80 - create IPUIPlugin
2025-07-01 15:31:29,824 [INFO] IPUIPlugin:80 - create IPUIPlugin
2025-07-01 15:31:29,824 [INFO] IPUIPlugin:80 - create IPUIPlugin
2025-07-01 15:31:29,824 [INFO] IPUIPlugin:80 - create IPUIPlugin
2025-07-01 15:31:29,825 [INFO] IPUIPlugin:80 - create IPUIPlugin
2025-07-01 15:31:29,825 [INFO] IPUIPlugin:80 - create IPUIPlugin
2025-07-01 15:31:29,825 [INFO] IPUIPlugin:80 - create IPUIPlugin
2025-07-01 15:31:29,825 [INFO] IPUIPlugin:80 - create IPUIPlugin
2025-07-01 15:31:29,825 [INFO] IPUIPlugin:80 - create IPUIPlugin
2025-07-01 15:31:29,825 [INFO] IPUIPlugin:80 - create IPUIPlugin
2025-07-01 15:31:29,826 [INFO] IPUIPlugin:80 - create IPUIPlugin
2025-07-01 15:31:29,826 [INFO] IPUIPlugin:80 - create IPUIPlugin
2025-07-01 15:31:29,826 [INFO] IPUIPlugin:80 - create IPUIPlugin
2025-07-01 15:31:29,826 [INFO] IPUIPlugin:80 - create IPUIPlugin
2025-07-01 15:31:29,827 [INFO] IPUIPlugin:80 - create IPUIPlugin
2025-07-01 15:31:29,827 [INFO] IPUIPlugin:80 - create IPUIPlugin
2025-07-01 15:31:29,827 [INFO] IPUIPlugin:80 - create IPUIPlugin
2025-07-01 15:31:29,827 [INFO] IPUIPlugin:80 - create IPUIPlugin
2025-07-01 15:31:29,828 [INFO] IPUIPlugin:80 - create IPUIPlugin
2025-07-01 15:31:29,828 [INFO] IPUIPlugin:80 - create IPUIPlugin
2025-07-01 15:31:29,828 [INFO] IPUIPlugin:80 - create IPUIPlugin
2025-07-01 15:31:29,828 [INFO] IPUIPlugin:80 - create IPUIPlugin
2025-07-01 15:31:29,829 [INFO] IPUIPlugin:80 - create IPUIPlugin
2025-07-01 15:31:29,829 [INFO] IPUIPlugin:80 - create IPUIPlugin
2025-07-01 15:31:29,829 [INFO] IPUIPlugin:80 - create IPUIPlugin
2025-07-01 15:31:29,830 [INFO] IPUIPlugin:80 - create IPUIPlugin
2025-07-01 15:31:29,830 [INFO] IPUIPlugin:80 - create IPUIPlugin
2025-07-01 15:31:29,830 [INFO] IPUIPlugin:80 - create IPUIPlugin
2025-07-01 15:31:29,831 [INFO] IPUIPlugin:80 - create IPUIPlugin
2025-07-01 15:31:29,831 [INFO] IPUIPlugin:80 - create IPUIPlugin
2025-07-01 15:31:29,831 [INFO] IPUIPlugin:80 - create IPUIPlugin
2025-07-01 15:31:29,832 [INFO] IPUIPlugin:80 - create IPUIPlugin
2025-07-01 15:31:29,832 [INFO] IPUIPlugin:80 - create IPUIPlugin
2025-07-01 15:31:29,832 [INFO] IPUIPlugin:80 - create IPUIPlugin
2025-07-01 15:31:29,833 [INFO] IPUIPlugin:80 - create IPUIPlugin
2025-07-01 15:31:29,833 [INFO] IPUIPlugin:80 - create IPUIPlugin
2025-07-01 15:31:29,833 [INFO] IPUIPlugin:80 - create IPUIPlugin
2025-07-01 15:31:29,833 [INFO] IPUIPlugin:80 - create IPUIPlugin
2025-07-01 15:31:29,834 [INFO] IPUIPlugin:80 - create IPUIPlugin
2025-07-01 15:31:29,834 [INFO] IPUIPlugin:80 - create IPUIPlugin
2025-07-01 15:31:29,834 [INFO] IPUIPlugin:80 - create IPUIPlugin
2025-07-01 15:31:29,835 [INFO] IPUIPlugin:80 - create IPUIPlugin
2025-07-01 15:31:29,835 [INFO] IPUIPlugin:80 - create IPUIPlugin
2025-07-01 15:31:29,835 [INFO] IPUIPlugin:80 - create IPUIPlugin
2025-07-01 15:31:29,836 [INFO] IPUIPlugin:80 - create IPUIPlugin
2025-07-01 15:31:29,836 [INFO] IPUIPlugin:80 - create IPUIPlugin
2025-07-01 15:31:29,837 [INFO] IPUIPlugin:80 - create IPUIPlugin
2025-07-01 15:31:29,837 [INFO] IPUIPlugin:80 - create IPUIPlugin
2025-07-01 15:31:29,838 [INFO] IPUIPlugin:80 - create IPUIPlugin
2025-07-01 15:31:29,838 [INFO] IPUIPlugin:80 - create IPUIPlugin
2025-07-01 15:31:29,838 [INFO] IPUIPlugin:80 - create IPUIPlugin
2025-07-01 15:31:29,839 [INFO] IPUIPlugin:80 - create IPUIPlugin
2025-07-01 15:31:29,839 [INFO] IPUIPlugin:80 - create IPUIPlugin
2025-07-01 15:31:29,840 [INFO] IPUIPlugin:80 - create IPUIPlugin
2025-07-01 15:31:29,840 [INFO] IPUIPlugin:80 - create IPUIPlugin
2025-07-01 15:31:29,840 [INFO] IPUIPlugin:80 - create IPUIPlugin
2025-07-01 15:31:29,841 [INFO] IPUIPlugin:80 - create IPUIPlugin
2025-07-01 15:31:29,841 [INFO] IPUIPlugin:80 - create IPUIPlugin
2025-07-01 15:31:29,842 [INFO] IPUIPlugin:80 - create IPUIPlugin
2025-07-01 15:31:29,847 [INFO] ApiDbMcu:508 - Load IP Config File for PDM2PCM
2025-07-01 15:31:29,869 [WARN] FreeRTOS:1023 - Null or empty value: should not occur! (nothing added to the table)
2025-07-01 15:31:29,951 [INFO] CADModel:165 - CPN selected for project levelSTM32H743VIT6
2025-07-01 15:31:29,951 [INFO] CADModel:114 - Register for checkConnection events
2025-07-01 15:31:29,953 [INFO] RtosManager:725 - Active RTOS found at IOC load: FREERTOS [Cortex-M7NS]
2025-07-01 15:31:30,024 [INFO] OpenFileManager:385 - Restore cursor
2025-07-01 15:31:44,924 [INFO] NvicIntPanel:101 - NVIC parent = com.st.microxplorer.plugins.ip.nvic.MultiNvicIntPanel[,0,0,0x0,invalid,layout=javax.swing.BoxLayout,alignmentX=0.0,alignmentY=0.0,border=,flags=9,maximumSize=,minimumSize=,preferredSize=]
2025-07-01 15:32:12,895 [INFO] NvicIntPanel:101 - NVIC parent = com.st.microxplorer.plugins.ip.nvic.MultiNvicIntPanel[,0,0,0x0,invalid,layout=javax.swing.BoxLayout,alignmentX=0.0,alignmentY=0.0,border=,flags=9,maximumSize=,minimumSize=,preferredSize=]
2025-07-01 15:34:37,487 [INFO] MainUpdater:2872 - connection check result : 10
2025-07-01 15:34:37,488 [INFO] MainUpdater:2872 - connection check result : 10
2025-07-01 15:34:37,641 [INFO] I2cTimingTraitement:330 - 0x307075B1
2025-07-01 15:34:37,648 [INFO] MicroXplorer:468 - Change Database Path : 
2025-07-01 15:34:37,648 [INFO] MicroXplorer:498 - Change Database Version : DB.6.0.140
2025-07-01 15:34:37,659 [ERROR] ProjectManagerView:394 - 
java.lang.NullPointerException: Cannot invoke "javax.swing.JTextField.getText()" because the return value of "java.util.List.get(int)" is null
	at com.st.microxplorer.plugins.projectmanager.gui.ProjectChoiceTab$9.caretUpdate(ProjectChoiceTab.java:2678) ~[filemanager.jar:?]
	at javax.swing.text.JTextComponent.fireCaretUpdate(JTextComponent.java:408) ~[?:?]
	at javax.swing.text.JTextComponent$MutableCaretEvent.fire(JTextComponent.java:4484) ~[?:?]
	at javax.swing.text.JTextComponent$MutableCaretEvent.stateChanged(JTextComponent.java:4506) ~[?:?]
	at javax.swing.text.DefaultCaret.fireStateChanged(DefaultCaret.java:857) ~[?:?]
	at javax.swing.text.DefaultCaret.changeCaretPosition(DefaultCaret.java:1343) ~[?:?]
	at javax.swing.text.DefaultCaret.handleSetDot(DefaultCaret.java:1242) ~[?:?]
	at javax.swing.text.DefaultCaret.setDot(DefaultCaret.java:1223) ~[?:?]
	at javax.swing.text.DefaultCaret$Handler.insertUpdate(DefaultCaret.java:1819) ~[?:?]
	at javax.swing.text.AbstractDocument.fireInsertUpdate(AbstractDocument.java:227) ~[?:?]
	at javax.swing.text.AbstractDocument.handleInsertString(AbstractDocument.java:781) ~[?:?]
	at javax.swing.text.AbstractDocument.insertString(AbstractDocument.java:740) ~[?:?]
	at javax.swing.text.PlainDocument.insertString(PlainDocument.java:131) ~[?:?]
	at javax.swing.text.AbstractDocument.replace(AbstractDocument.java:699) ~[?:?]
	at javax.swing.text.JTextComponent.setText(JTextComponent.java:1725) ~[?:?]
	at com.st.microxplorer.plugins.projectmanager.gui.ProjectChoiceTab.createHeapStackFields(ProjectChoiceTab.java:979) ~[filemanager.jar:?]
	at com.st.microxplorer.plugins.projectmanager.gui.ProjectChoiceTab.buildLinkSettingsPanel(ProjectChoiceTab.java:3766) ~[filemanager.jar:?]
	at com.st.microxplorer.plugins.projectmanager.gui.ProjectChoiceTab.defineWindowsFields(ProjectChoiceTab.java:1962) ~[filemanager.jar:?]
	at com.st.microxplorer.plugins.projectmanager.gui.ProjectChoiceTab.updateSettings(ProjectChoiceTab.java:555) ~[filemanager.jar:?]
	at com.st.microxplorer.plugins.projectmanager.gui.ProjectSettingsPanel.UpdateDialog(ProjectSettingsPanel.java:245) ~[filemanager.jar:?]
	at com.st.microxplorer.plugins.projectmanager.ProjectManagerView.propertyChange(ProjectManagerView.java:391) ~[filemanager.jar:?]
	at java.beans.PropertyChangeSupport.fire(PropertyChangeSupport.java:343) ~[?:?]
	at java.beans.PropertyChangeSupport.firePropertyChange(PropertyChangeSupport.java:335) ~[?:?]
	at java.beans.PropertyChangeSupport.firePropertyChange(PropertyChangeSupport.java:268) ~[?:?]
	at com.st.microxplorer.util.MXPropertyChangeSupport.firePropertyChange(MXPropertyChangeSupport.java:54) ~[STM32CubeMX.jar:?]
	at com.st.microxplorer.mxsystem.MxSystem.closeConfig(MxSystem.java:899) ~[STM32CubeMX.jar:?]
	at com.st.microxplorer.maingui.MainPanel.closeConfig(MainPanel.java:789) ~[STM32CubeMX.jar:?]
	at com.st.microxplorer.plugins.filemanager.engine.OpenFileManager.loadConfigurationFile(OpenFileManager.java:287) ~[filemanager.jar:?]
	at com.st.microxplorer.plugins.filemanager.engine.MainFileManager.userLoadConfig(MainFileManager.java:341) ~[filemanager.jar:?]
	at com.st.microxplorer.plugins.filemanager.engine.MainFileManager.userLoadConfig(MainFileManager.java:319) ~[filemanager.jar:?]
	at com.st.microxplorer.plugins.filemanager.FileManagerView.getSpecificTask(FileManagerView.java:246) ~[filemanager.jar:?]
	at com.st.stm32cube.common.mx.editor.CubeMxEditor.getMxTabbedPaneInstance(CubeMxEditor.java:1198) ~[com.st.stm32cube.common.mx_6.14.0.202502271554/:?]
	at com.st.stm32cube.common.mx.editor.CubeMxEditor$12$1.createSwingComponent(CubeMxEditor.java:1068) ~[com.st.stm32cube.common.mx_6.14.0.202502271554/:?]
	at com.st.stm32cube.common.mx.oss.core.awtswtbridge.EmbeddedSwingComposite.doComponentCreation(EmbeddedSwingComposite.java:492) ~[com.st.stm32cube.common.mx.oss_6.14.0.202502271554/:?]
	at com.st.stm32cube.common.mx.oss.core.awtswtbridge.EmbeddedSwingComposite$4.run(EmbeddedSwingComposite.java:291) ~[com.st.stm32cube.common.mx.oss_6.14.0.202502271554/:?]
	at com.st.stm32cube.common.mx.oss.core.awtswtbridge.AwtEnvironment$2.run(AwtEnvironment.java:166) ~[com.st.stm32cube.common.mx.oss_6.14.0.202502271554/:?]
	at java.awt.event.InvocationEvent.dispatch(InvocationEvent.java:318) ~[?:?]
	at java.awt.EventQueue.dispatchEventImpl(EventQueue.java:773) ~[?:?]
	at java.awt.EventQueue$4.run(EventQueue.java:720) ~[?:?]
	at java.awt.EventQueue$4.run(EventQueue.java:714) ~[?:?]
	at java.security.AccessController.doPrivileged(AccessController.java:400) ~[?:?]
	at java.security.ProtectionDomain$JavaSecurityAccessImpl.doIntersectionPrivilege(ProtectionDomain.java:87) ~[?:?]
	at java.awt.EventQueue.dispatchEvent(EventQueue.java:742) ~[?:?]
	at java.awt.EventDispatchThread.pumpOneEventForFilters(EventDispatchThread.java:203) ~[?:?]
	at java.awt.EventDispatchThread.pumpEventsForFilter(EventDispatchThread.java:124) ~[?:?]
	at java.awt.EventDispatchThread.pumpEventsForHierarchy(EventDispatchThread.java:113) ~[?:?]
	at java.awt.EventDispatchThread.pumpEvents(EventDispatchThread.java:109) ~[?:?]
	at java.awt.EventDispatchThread.pumpEvents(EventDispatchThread.java:101) ~[?:?]
	at java.awt.EventDispatchThread.run(EventDispatchThread.java:90) ~[?:?]
2025-07-01 15:34:37,661 [WARN] ThirdParty:871 - waiting for thirdparty lock release [close project]
2025-07-01 15:34:37,661 [INFO] ThirdParty:873 - entering critical section [close project]
2025-07-01 15:34:37,661 [INFO] ThirdParty:883 - exiting critical section [close project]
2025-07-01 15:34:37,663 [INFO] PinOutPanel:1589 - setPackage(No Configuration,No Configuration)
2025-07-01 15:34:37,667 [WARN] IpParametersView:155 - Warning: This peripheral hasn't parameters
2025-07-01 15:34:37,672 [WARN] MainPanel:289 - <html><b><center>Warning: This peripheral has no parameters to be configured<br></b></html>
2025-07-01 15:34:37,675 [INFO] UtilMem:75 - Begin LoadConfig() Used Memory: 846821168 Bytes (1073741824)
2025-07-01 15:34:37,676 [INFO] MicroXplorer:468 - Change Database Path : 
2025-07-01 15:34:37,676 [INFO] MicroXplorer:498 - Change Database Version : DB.6.0.140
2025-07-01 15:34:37,676 [INFO] OpenFileManager:354 - Change cursor
2025-07-01 15:34:37,691 [INFO] Mcu:2011 - Initializing MCU STM32H743VITx STM32H743VITx STM32H743VIT6
2025-07-01 15:34:40,870 [INFO] Context:756 - Trying to add GPIOservice into a context  which must be forbidden
2025-07-01 15:34:42,518 [INFO] ImportTextPane:218 - (OptionalMessage_ERROR) Pin39 (VP_RIF_VS_RIF1) cannot be retrieved for this MCU
2025-07-01 15:34:42,664 [INFO] RtosManager:558 - Registered RTOS mode: class=CMSIS, group=RTOS, mode=CMSIS_V1, owner=FREERTOS
2025-07-01 15:34:42,664 [INFO] RtosManager:558 - Registered RTOS mode: class=CMSIS, group=RTOS2, mode=CMSIS_V2, owner=FREERTOS
2025-07-01 15:34:42,664 [INFO] RtosManager:558 - Registered RTOS mode: class=RTOS, group=Core, mode=CMSIS_V1, owner=FREERTOS
2025-07-01 15:34:42,664 [INFO] RtosManager:558 - Registered RTOS mode: class=RTOS, group=Core, mode=CMSIS_V2, owner=FREERTOS
2025-07-01 15:34:42,665 [WARN] ModelIntegratedComponent:184 - Missing modes for component STMicroelectronics:FreeRTOS:0.0.1:STMicroelectronics:RTOS:FreeRTOS:Core:::10.2.0:
2025-07-01 15:34:42,673 [WARN] ModelIntegratedComponent:63 - No mode defined for component null
2025-07-01 15:34:42,674 [WARN] ModelIntegratedComponent:63 - No mode defined for component null
2025-07-01 15:34:42,674 [WARN] ModelIntegratedComponent:63 - No mode defined for component null
2025-07-01 15:34:42,674 [WARN] ModelIntegratedComponent:63 - No mode defined for component null
2025-07-01 15:34:42,674 [WARN] ModelIntegratedComponent:63 - No mode defined for component null
2025-07-01 15:34:42,674 [WARN] ModelIntegratedComponent:63 - No mode defined for component null
2025-07-01 15:34:42,674 [WARN] ModelIntegratedComponent:63 - No mode defined for component null
2025-07-01 15:34:42,674 [WARN] ModelIntegratedComponent:63 - No mode defined for component null
2025-07-01 15:34:42,674 [WARN] ModelIntegratedComponent:63 - No mode defined for component null
2025-07-01 15:34:42,674 [WARN] ModelIntegratedComponent:63 - No mode defined for component null
2025-07-01 15:34:42,674 [WARN] ModelIntegratedComponent:63 - No mode defined for component null
2025-07-01 15:34:42,674 [WARN] ModelIntegratedComponent:63 - No mode defined for component null
2025-07-01 15:34:42,674 [WARN] ModelIntegratedComponent:63 - No mode defined for component null
2025-07-01 15:34:42,674 [WARN] ModelIntegratedComponent:63 - No mode defined for component null
2025-07-01 15:34:42,674 [WARN] ModelIntegratedComponent:63 - No mode defined for component null
2025-07-01 15:34:42,674 [WARN] ModelIntegratedComponent:63 - No mode defined for component null
2025-07-01 15:34:42,674 [WARN] ModelIntegratedComponent:63 - No mode defined for component null
2025-07-01 15:34:42,674 [WARN] ModelIntegratedComponent:63 - No mode defined for component null
2025-07-01 15:34:42,675 [WARN] ModelIntegratedComponent:63 - No mode defined for component null
2025-07-01 15:34:42,675 [WARN] ModelIntegratedComponent:63 - No mode defined for component null
2025-07-01 15:34:42,675 [WARN] ModelIntegratedComponent:63 - No mode defined for component null
2025-07-01 15:34:42,675 [WARN] ModelIntegratedComponent:63 - No mode defined for component null
2025-07-01 15:34:42,675 [WARN] ModelIntegratedComponent:63 - No mode defined for component null
2025-07-01 15:34:42,675 [WARN] ModelIntegratedComponent:63 - No mode defined for component null
2025-07-01 15:34:42,675 [WARN] ModelIntegratedComponent:63 - No mode defined for component null
2025-07-01 15:34:42,675 [WARN] ModelIntegratedComponent:63 - No mode defined for component null
2025-07-01 15:34:42,675 [WARN] ModelIntegratedComponent:63 - No mode defined for component null
2025-07-01 15:34:42,675 [WARN] ModelIntegratedComponent:63 - No mode defined for component null
2025-07-01 15:34:42,675 [WARN] ModelIntegratedComponent:63 - No mode defined for component null
2025-07-01 15:34:42,675 [WARN] ModelIntegratedComponent:63 - No mode defined for component null
2025-07-01 15:34:42,675 [WARN] ModelIntegratedComponent:63 - No mode defined for component null
2025-07-01 15:34:42,675 [WARN] ModelIntegratedComponent:63 - No mode defined for component null
2025-07-01 15:34:42,675 [WARN] ModelIntegratedComponent:63 - No mode defined for component null
2025-07-01 15:34:42,675 [WARN] ModelIntegratedComponent:63 - No mode defined for component null
2025-07-01 15:34:42,675 [WARN] ModelIntegratedComponent:63 - No mode defined for component null
2025-07-01 15:34:42,675 [WARN] ModelPack:524 - Component already loaded: STMicroelectronics:HAL Drivers:0.0.0:STMicroelectronics:Device:STMicro_Driver:XSPI:HAL::0.0.1:HAL_XSPI
2025-07-01 15:34:42,846 [INFO] ThirdPartyModel:298 - Start build external matchings
2025-07-01 15:34:43,973 [INFO] ThirdPartyModel:316 - End build external matchings
2025-07-01 15:34:44,003 [INFO] RtosManager:967 - Current active RTOS is FREERTOS [Cortex-M7NS]
2025-07-01 15:34:44,006 [INFO] ImportTextPane:218 - (OptionalMessage_ERROR) IP (DMA) : Parameter (Instance) has Id (TIM3_CH1) currently not set
2025-07-01 15:34:44,006 [INFO] ImportTextPane:218 - (OptionalMessage_ERROR) IP (DMA) : Parameter (Request) has Id (TIM3_CH1) currently not set
2025-07-01 15:34:44,006 [INFO] ImportTextPane:218 - (OptionalMessage_ERROR) IP (DMA) : Parameter (Direction) has Id (TIM3_CH1) currently not set
2025-07-01 15:34:44,007 [INFO] ImportTextPane:218 - (OptionalMessage_ERROR) IP (DMA) : Parameter (PeriphInc) has Id (TIM3_CH1) currently not set
2025-07-01 15:34:44,007 [INFO] ImportTextPane:218 - (OptionalMessage_ERROR) IP (DMA) : Parameter (MemInc) has Id (TIM3_CH1) currently not set
2025-07-01 15:34:44,007 [INFO] ImportTextPane:218 - (OptionalMessage_ERROR) IP (DMA) : Parameter (PeriphDataAlignment) has Id (TIM3_CH1) currently not set
2025-07-01 15:34:44,007 [INFO] ImportTextPane:218 - (OptionalMessage_ERROR) IP (DMA) : Parameter (MemDataAlignment) has Id (TIM3_CH1) currently not set
2025-07-01 15:34:44,007 [INFO] ImportTextPane:218 - (OptionalMessage_ERROR) IP (DMA) : Parameter (Mode) has Id (TIM3_CH1) currently not set
2025-07-01 15:34:44,007 [INFO] ImportTextPane:218 - (OptionalMessage_ERROR) IP (DMA) : Parameter (Priority) has Id (TIM3_CH1) currently not set
2025-07-01 15:34:44,007 [INFO] ImportTextPane:218 - (OptionalMessage_ERROR) IP (DMA) : Parameter (FIFOMode) has Id (TIM3_CH1) currently not set
2025-07-01 15:34:44,007 [INFO] ImportTextPane:218 - (OptionalMessage_ERROR) IP (DMA) : Parameter (SignalID) has Id (TIM3_CH1) currently not set
2025-07-01 15:34:44,007 [INFO] ImportTextPane:218 - (OptionalMessage_ERROR) IP (DMA) : Parameter (Polarity) has Id (TIM3_CH1) currently not set
2025-07-01 15:34:44,008 [INFO] ImportTextPane:218 - (OptionalMessage_ERROR) IP (DMA) : Parameter (RequestNumber) has Id (TIM3_CH1) currently not set
2025-07-01 15:34:44,008 [INFO] ImportTextPane:218 - (OptionalMessage_ERROR) IP (DMA) : Parameter (SyncSignalID) has Id (TIM3_CH1) currently not set
2025-07-01 15:34:44,008 [INFO] ImportTextPane:218 - (OptionalMessage_ERROR) IP (DMA) : Parameter (SyncPolarity) has Id (TIM3_CH1) currently not set
2025-07-01 15:34:44,008 [INFO] ImportTextPane:218 - (OptionalMessage_ERROR) IP (DMA) : Parameter (SyncEnable) has Id (TIM3_CH1) currently not set
2025-07-01 15:34:44,008 [INFO] ImportTextPane:218 - (OptionalMessage_ERROR) IP (DMA) : Parameter (EventEnable) has Id (TIM3_CH1) currently not set
2025-07-01 15:34:44,008 [INFO] ImportTextPane:218 - (OptionalMessage_ERROR) IP (DMA) : Parameter (SyncRequestNumber) has Id (TIM3_CH1) currently not set
2025-07-01 15:34:44,008 [INFO] ImportTextPane:218 - (OptionalMessage_ERROR) IP (DMA) : Parameter (Instance) has Id (TIM3_CH2) currently not set
2025-07-01 15:34:44,008 [INFO] ImportTextPane:218 - (OptionalMessage_ERROR) IP (DMA) : Parameter (Request) has Id (TIM3_CH2) currently not set
2025-07-01 15:34:44,008 [INFO] ImportTextPane:218 - (OptionalMessage_ERROR) IP (DMA) : Parameter (Direction) has Id (TIM3_CH2) currently not set
2025-07-01 15:34:44,008 [INFO] ImportTextPane:218 - (OptionalMessage_ERROR) IP (DMA) : Parameter (PeriphInc) has Id (TIM3_CH2) currently not set
2025-07-01 15:34:44,008 [INFO] ImportTextPane:218 - (OptionalMessage_ERROR) IP (DMA) : Parameter (MemInc) has Id (TIM3_CH2) currently not set
2025-07-01 15:34:44,008 [INFO] ImportTextPane:218 - (OptionalMessage_ERROR) IP (DMA) : Parameter (PeriphDataAlignment) has Id (TIM3_CH2) currently not set
2025-07-01 15:34:44,009 [INFO] ImportTextPane:218 - (OptionalMessage_ERROR) IP (DMA) : Parameter (MemDataAlignment) has Id (TIM3_CH2) currently not set
2025-07-01 15:34:44,009 [INFO] ImportTextPane:218 - (OptionalMessage_ERROR) IP (DMA) : Parameter (Mode) has Id (TIM3_CH2) currently not set
2025-07-01 15:34:44,009 [INFO] ImportTextPane:218 - (OptionalMessage_ERROR) IP (DMA) : Parameter (Priority) has Id (TIM3_CH2) currently not set
2025-07-01 15:34:44,009 [INFO] ImportTextPane:218 - (OptionalMessage_ERROR) IP (DMA) : Parameter (FIFOMode) has Id (TIM3_CH2) currently not set
2025-07-01 15:34:44,009 [INFO] ImportTextPane:218 - (OptionalMessage_ERROR) IP (DMA) : Parameter (SignalID) has Id (TIM3_CH2) currently not set
2025-07-01 15:34:44,009 [INFO] ImportTextPane:218 - (OptionalMessage_ERROR) IP (DMA) : Parameter (Polarity) has Id (TIM3_CH2) currently not set
2025-07-01 15:34:44,009 [INFO] ImportTextPane:218 - (OptionalMessage_ERROR) IP (DMA) : Parameter (RequestNumber) has Id (TIM3_CH2) currently not set
2025-07-01 15:34:44,009 [INFO] ImportTextPane:218 - (OptionalMessage_ERROR) IP (DMA) : Parameter (SyncSignalID) has Id (TIM3_CH2) currently not set
2025-07-01 15:34:44,009 [INFO] ImportTextPane:218 - (OptionalMessage_ERROR) IP (DMA) : Parameter (SyncPolarity) has Id (TIM3_CH2) currently not set
2025-07-01 15:34:44,009 [INFO] ImportTextPane:218 - (OptionalMessage_ERROR) IP (DMA) : Parameter (SyncEnable) has Id (TIM3_CH2) currently not set
2025-07-01 15:34:44,009 [INFO] ImportTextPane:218 - (OptionalMessage_ERROR) IP (DMA) : Parameter (EventEnable) has Id (TIM3_CH2) currently not set
2025-07-01 15:34:44,009 [INFO] ImportTextPane:218 - (OptionalMessage_ERROR) IP (DMA) : Parameter (SyncRequestNumber) has Id (TIM3_CH2) currently not set
2025-07-01 15:34:44,009 [INFO] ImportTextPane:218 - (OptionalMessage_ERROR) IP (DMA) : Parameter (Instance) has Id (TIM16_UP) currently not set
2025-07-01 15:34:44,009 [INFO] ImportTextPane:218 - (OptionalMessage_ERROR) IP (DMA) : Parameter (Request) has Id (TIM16_UP) currently not set
2025-07-01 15:34:44,009 [INFO] ImportTextPane:218 - (OptionalMessage_ERROR) IP (DMA) : Parameter (Direction) has Id (TIM16_UP) currently not set
2025-07-01 15:34:44,009 [INFO] ImportTextPane:218 - (OptionalMessage_ERROR) IP (DMA) : Parameter (PeriphInc) has Id (TIM16_UP) currently not set
2025-07-01 15:34:44,010 [INFO] ImportTextPane:218 - (OptionalMessage_ERROR) IP (DMA) : Parameter (MemInc) has Id (TIM16_UP) currently not set
2025-07-01 15:34:44,010 [INFO] ImportTextPane:218 - (OptionalMessage_ERROR) IP (DMA) : Parameter (PeriphDataAlignment) has Id (TIM16_UP) currently not set
2025-07-01 15:34:44,010 [INFO] ImportTextPane:218 - (OptionalMessage_ERROR) IP (DMA) : Parameter (MemDataAlignment) has Id (TIM16_UP) currently not set
2025-07-01 15:34:44,010 [INFO] ImportTextPane:218 - (OptionalMessage_ERROR) IP (DMA) : Parameter (Mode) has Id (TIM16_UP) currently not set
2025-07-01 15:34:44,010 [INFO] ImportTextPane:218 - (OptionalMessage_ERROR) IP (DMA) : Parameter (Priority) has Id (TIM16_UP) currently not set
2025-07-01 15:34:44,010 [INFO] ImportTextPane:218 - (OptionalMessage_ERROR) IP (DMA) : Parameter (FIFOMode) has Id (TIM16_UP) currently not set
2025-07-01 15:34:44,010 [INFO] ImportTextPane:218 - (OptionalMessage_ERROR) IP (DMA) : Parameter (SignalID) has Id (TIM16_UP) currently not set
2025-07-01 15:34:44,010 [INFO] ImportTextPane:218 - (OptionalMessage_ERROR) IP (DMA) : Parameter (Polarity) has Id (TIM16_UP) currently not set
2025-07-01 15:34:44,010 [INFO] ImportTextPane:218 - (OptionalMessage_ERROR) IP (DMA) : Parameter (RequestNumber) has Id (TIM16_UP) currently not set
2025-07-01 15:34:44,010 [INFO] ImportTextPane:218 - (OptionalMessage_ERROR) IP (DMA) : Parameter (SyncSignalID) has Id (TIM16_UP) currently not set
2025-07-01 15:34:44,010 [INFO] ImportTextPane:218 - (OptionalMessage_ERROR) IP (DMA) : Parameter (SyncPolarity) has Id (TIM16_UP) currently not set
2025-07-01 15:34:44,010 [INFO] ImportTextPane:218 - (OptionalMessage_ERROR) IP (DMA) : Parameter (SyncEnable) has Id (TIM16_UP) currently not set
2025-07-01 15:34:44,010 [INFO] ImportTextPane:218 - (OptionalMessage_ERROR) IP (DMA) : Parameter (EventEnable) has Id (TIM16_UP) currently not set
2025-07-01 15:34:44,010 [INFO] ImportTextPane:218 - (OptionalMessage_ERROR) IP (DMA) : Parameter (SyncRequestNumber) has Id (TIM16_UP) currently not set
2025-07-01 15:34:44,014 [INFO] ImportTextPane:218 - (OptionalMessage_ERROR) IP (RCC) : Parameter (DFSDMACLkFreq_Value) has invalid value (480000000)
2025-07-01 15:34:44,019 [INFO] ImportTextPane:218 - (OptionalMessage_ERROR) IP (RCC) : Parameter (FDCANFreq_Value) has invalid value (480000000)
2025-07-01 15:34:44,019 [INFO] ImportTextPane:218 - (OptionalMessage_ERROR) IP (RCC) : Invalid parameter (FamilyName)
2025-07-01 15:34:44,019 [INFO] ImportTextPane:218 - (OptionalMessage_ERROR) IP (RCC) : Parameter (SAI1Freq_Value) has invalid value (480000000)
2025-07-01 15:34:44,019 [INFO] ImportTextPane:218 - (OptionalMessage_ERROR) IP (RCC) : Parameter (SAI23Freq_Value) has invalid value (480000000)
2025-07-01 15:34:44,019 [INFO] ImportTextPane:218 - (OptionalMessage_ERROR) IP (RCC) : Parameter (SAI4AFreq_Value) has invalid value (480000000)
2025-07-01 15:34:44,019 [INFO] ImportTextPane:218 - (OptionalMessage_ERROR) IP (RCC) : Parameter (SAI4BFreq_Value) has invalid value (480000000)
2025-07-01 15:34:44,019 [INFO] ImportTextPane:218 - (OptionalMessage_ERROR) IP (RCC) : Parameter (SDMMCFreq_Value) has invalid value (480000000)
2025-07-01 15:34:44,019 [INFO] ImportTextPane:218 - (OptionalMessage_ERROR) IP (RCC) : Parameter (SPDIFRXFreq_Value) has invalid value (480000000)
2025-07-01 15:34:44,019 [INFO] ImportTextPane:218 - (OptionalMessage_ERROR) IP (RCC) : Parameter (SPI123Freq_Value) has invalid value (480000000)
2025-07-01 15:34:44,019 [INFO] ImportTextPane:218 - (OptionalMessage_ERROR) IP (RCC) : Parameter (USBFreq_Value) has invalid value (480000000)
2025-07-01 15:34:44,572 [INFO] UtilMem:75 - End LoadConfig() Used Memory: 891201624 Bytes (1073741824)
2025-07-01 15:34:44,652 [WARN] ThirdParty:833 - waiting for thirdparty lock release [change project]
2025-07-01 15:34:44,653 [INFO] ThirdParty:835 - entering critical section [change project]
2025-07-01 15:34:44,653 [INFO] ThirdParty:1030 - CMSIS Pack Vendor :STMicroelectronics X-CUBE-PM33A1 1.0.0
2025-07-01 15:34:44,653 [INFO] ThirdParty:1030 - CMSIS Pack Vendor :STMicroelectronics USBPD 4.1
2025-07-01 15:34:44,653 [INFO] ThirdParty:1030 - CMSIS Pack Vendor :STMicroelectronics X-CUBE-AZRTOS-H7 3.3.0
2025-07-01 15:34:44,653 [INFO] ThirdParty:1030 - CMSIS Pack Vendor :STMicroelectronics X-CUBE-NFC9 1.0.0
2025-07-01 15:34:44,653 [INFO] ThirdParty:1030 - CMSIS Pack Vendor :STMicroelectronics USB_HOST 2.0.0
2025-07-01 15:34:44,653 [INFO] ThirdParty:1030 - CMSIS Pack Vendor :STMicroelectronics FP-SNS-MOTENVWB1 1.4.0
2025-07-01 15:34:44,653 [INFO] ThirdParty:1030 - CMSIS Pack Vendor :STMicroelectronics X-CUBE-AZRTOS-F4 1.1.0
2025-07-01 15:34:44,654 [INFO] ThirdParty:1030 - CMSIS Pack Vendor :STMicroelectronics LIBJPEG 8.0.0
2025-07-01 15:34:44,654 [INFO] ThirdParty:1030 - CMSIS Pack Vendor :STMicroelectronics FP-ATR-ASTRA1 2.0.2
2025-07-01 15:34:44,654 [INFO] ThirdParty:1030 - CMSIS Pack Vendor :STMicroelectronics X-CUBE-BLE1 7.1.0
2025-07-01 15:34:44,654 [INFO] ThirdParty:1030 - CMSIS Pack Vendor :Avnet-IotConnect X-CUBE-IoTC-DA16k-PMOD 1.0.0
2025-07-01 15:34:44,654 [INFO] ThirdParty:1030 - CMSIS Pack Vendor :STMicroelectronics X-CUBE-SMBUS 2.1.0
2025-07-01 15:34:44,654 [INFO] ThirdParty:1030 - CMSIS Pack Vendor :STMicroelectronics X-CUBE-WB05N 1.1.0
2025-07-01 15:34:44,654 [INFO] ThirdParty:1030 - CMSIS Pack Vendor :wolfSSL I-CUBE-wolfMQTT 1.19.2
2025-07-01 15:34:44,654 [INFO] ThirdParty:1030 - CMSIS Pack Vendor :STMicroelectronics USB_DEVICE 3.0.0
2025-07-01 15:34:44,654 [INFO] ThirdParty:1030 - CMSIS Pack Vendor :STMicroelectronics X-CUBE-ISPU 2.1.0
2025-07-01 15:34:44,654 [INFO] ThirdParty:1030 - CMSIS Pack Vendor :STMicroelectronics X-CUBE-AZRTOS-WB 2.0.0
2025-07-01 15:34:44,654 [INFO] ThirdParty:1030 - CMSIS Pack Vendor :STMicroelectronics X-CUBE-ST60 1.0.0
2025-07-01 15:34:44,654 [INFO] ThirdParty:1030 - CMSIS Pack Vendor :STMicroelectronics X-CUBE-GNSS1 7.0.1
2025-07-01 15:34:44,654 [INFO] ThirdParty:1030 - CMSIS Pack Vendor :STMicroelectronics X-CUBE-AZRTOS-F7 1.1.0
2025-07-01 15:34:44,654 [INFO] ThirdParty:1030 - CMSIS Pack Vendor :STMicroelectronics X-CUBE-AZRTOS-L5 2.0.0
2025-07-01 15:34:44,655 [INFO] ThirdParty:1030 - CMSIS Pack Vendor :STMicroelectronics X-CUBE-TOUCHGFX 4.25.0
2025-07-01 15:34:44,655 [INFO] ThirdParty:1030 - CMSIS Pack Vendor :STMicroelectronics USB_DEVICE 2.0.0
2025-07-01 15:34:44,655 [INFO] ThirdParty:1030 - CMSIS Pack Vendor :STMicroelectronics X-CUBE-NFC6 3.1.0
2025-07-01 15:34:44,655 [INFO] ThirdParty:1030 - CMSIS Pack Vendor :STMicroelectronics X-CUBE-AI 10.1.0
2025-07-01 15:34:44,655 [INFO] ThirdParty:1030 - CMSIS Pack Vendor :STMicroelectronics FP-SNS-STBOX1 2.0.0
2025-07-01 15:34:44,655 [INFO] ThirdParty:1030 - CMSIS Pack Vendor :STMicroelectronics X-CUBE-MEMS1 11.2.0
2025-07-01 15:34:44,655 [INFO] ThirdParty:1030 - CMSIS Pack Vendor :STMicroelectronics FreeRTOS 0.0.1
2025-07-01 15:34:44,655 [INFO] ThirdParty:1030 - CMSIS Pack Vendor :STMicroelectronics X-CUBE-AZRTOS-G0 1.1.0
2025-07-01 15:34:44,655 [INFO] ThirdParty:1030 - CMSIS Pack Vendor :STMicroelectronics X-CUBE-SAFEA1 1.2.2
2025-07-01 15:34:44,655 [INFO] ThirdParty:1030 - CMSIS Pack Vendor :STMicroelectronics X-CUBE-NFC4 3.0.0
2025-07-01 15:34:44,655 [INFO] ThirdParty:1030 - CMSIS Pack Vendor :STMicroelectronics X-CUBE-DPower 1.2.0
2025-07-01 15:34:44,655 [INFO] ThirdParty:1030 - CMSIS Pack Vendor :STMicroelectronics X-CUBE-SUBG2 5.0.0
2025-07-01 15:34:44,655 [INFO] ThirdParty:1030 - CMSIS Pack Vendor :STMicroelectronics X-CUBE-AZRTOS-H7RS 1.1.0
2025-07-01 15:34:44,655 [INFO] ThirdParty:1030 - CMSIS Pack Vendor :STMicroelectronics STM32_WPAN 1.0.0
2025-07-01 15:34:44,655 [INFO] ThirdParty:1030 - CMSIS Pack Vendor :EmbeddedOffice I-CUBE-FS-RTOS 1.0.1
2025-07-01 15:34:44,655 [INFO] ThirdParty:1030 - CMSIS Pack Vendor :STMicroelectronics lwIP 2.0.3
2025-07-01 15:34:44,655 [INFO] ThirdParty:1030 - CMSIS Pack Vendor :STMicroelectronics FP-SNS-FLIGHT1 5.0.2
2025-07-01 15:34:44,655 [INFO] ThirdParty:1030 - CMSIS Pack Vendor :Cesanta I-CUBE-Mongoose 7.13.0
2025-07-01 15:34:44,655 [INFO] ThirdParty:1030 - CMSIS Pack Vendor :STMicroelectronics USB_HOST 1.0.0
2025-07-01 15:34:44,655 [INFO] ThirdParty:1030 - CMSIS Pack Vendor :Infineon AIROC-Wi-Fi-Bluetooth-STM32 1.7.0
2025-07-01 15:34:44,655 [INFO] ThirdParty:1030 - CMSIS Pack Vendor :STMicroelectronics X-CUBE-AZRTOS-G4 2.0.0
2025-07-01 15:34:44,656 [INFO] ThirdParty:1030 - CMSIS Pack Vendor :STMicroelectronics X-CUBE-WB05N 2.0.0
2025-07-01 15:34:44,656 [INFO] ThirdParty:1030 - CMSIS Pack Vendor :STMicroelectronics PDM2PCM 3.1.0
2025-07-01 15:34:44,656 [INFO] ThirdParty:1030 - CMSIS Pack Vendor :STMicroelectronics PDM2PCM 3.3.0
2025-07-01 15:34:44,656 [INFO] ThirdParty:1030 - CMSIS Pack Vendor :wolfSSL I-CUBE-wolfTPM 3.8.0
2025-07-01 15:34:44,656 [INFO] ThirdParty:1030 - CMSIS Pack Vendor :STMicroelectronics X-CUBE-DISPLAY 3.0.0
2025-07-01 15:34:44,656 [INFO] ThirdParty:1030 - CMSIS Pack Vendor :wolfSSL I-CUBE-wolfSSH 1.4.20
2025-07-01 15:34:44,656 [INFO] ThirdParty:1030 - CMSIS Pack Vendor :STMicroelectronics X-CUBE-NFC7 2.0.0
2025-07-01 15:34:44,656 [INFO] ThirdParty:1030 - CMSIS Pack Vendor :STMicroelectronics X-CUBE-TCPP 4.2.0
2025-07-01 15:34:44,656 [INFO] ThirdParty:1030 - CMSIS Pack Vendor :RealThread X-CUBE-RT-Thread_Nano 4.1.1
2025-07-01 15:34:44,656 [INFO] ThirdParty:1030 - CMSIS Pack Vendor :STMicroelectronics FP-ATR-SIGFOX1 3.2.0
2025-07-01 15:34:44,656 [INFO] ThirdParty:1030 - CMSIS Pack Vendor :STMicroelectronics X-CUBE-NFC10 1.0.0
2025-07-01 15:34:44,656 [INFO] ThirdParty:1030 - CMSIS Pack Vendor :STMicroelectronics X-CUBE-BLEMGR 4.0.0
2025-07-01 15:34:44,656 [INFO] ThirdParty:1030 - CMSIS Pack Vendor :STMicroelectronics X-CUBE-EEPRMA1 5.1.0
2025-07-01 15:34:44,656 [INFO] ThirdParty:1030 - CMSIS Pack Vendor :STMicroelectronics X-CUBE-FREERTOS 1.3.1
2025-07-01 15:34:44,656 [INFO] ThirdParty:1030 - CMSIS Pack Vendor :STMicroelectronics HAL Drivers 0.0.0
2025-07-01 15:34:44,656 [INFO] ThirdParty:1030 - CMSIS Pack Vendor :STMicroelectronics MBEDTLS 2.16.2
2025-07-01 15:34:44,656 [INFO] ThirdParty:1030 - CMSIS Pack Vendor :STMicroelectronics X-CUBE-IPS 3.1.0
2025-07-01 15:34:44,656 [INFO] ThirdParty:1030 - CMSIS Pack Vendor :STMicroelectronics X-CUBE-ALS 1.0.2
2025-07-01 15:34:44,656 [INFO] ThirdParty:1030 - CMSIS Pack Vendor :emotas I-CUBE-CANOPEN 1.3.0
2025-07-01 15:34:44,656 [INFO] ThirdParty:1030 - CMSIS Pack Vendor :STMicroelectronics X-CUBE-FREERTOS 1.3.0
2025-07-01 15:34:44,657 [INFO] ThirdParty:1030 - CMSIS Pack Vendor :STMicroelectronics X-CUBE-NFC7 1.0.1
2025-07-01 15:34:44,657 [INFO] ThirdParty:1030 - CMSIS Pack Vendor :STMicroelectronics MBEDTLS 2.14.1
2025-07-01 15:34:44,657 [INFO] ThirdParty:1030 - CMSIS Pack Vendor :wolfSSL I-CUBE-wolfSSL 5.7.6
2025-07-01 15:34:44,657 [INFO] ThirdParty:1030 - CMSIS Pack Vendor :ITTIA_DB I-CUBE-ITTIADB 8.9.0
2025-07-01 15:34:44,657 [INFO] ThirdParty:1030 - CMSIS Pack Vendor :STMicroelectronics X-CUBE-TOUCHGFX 4.24.2
2025-07-01 15:34:44,657 [INFO] ThirdParty:1030 - CMSIS Pack Vendor :portGmbH I-Cube-SoM-uGOAL 1.1.0
2025-07-01 15:34:44,657 [INFO] ThirdParty:1030 - CMSIS Pack Vendor :quantropi X-CUBE-qispace-sdk-base 2.0.0
2025-07-01 15:34:44,657 [INFO] ThirdParty:1030 - CMSIS Pack Vendor :STMicroelectronics X-CUBE-AI 10.0.0
2025-07-01 15:34:44,657 [INFO] ThirdParty:1030 - CMSIS Pack Vendor :STMicroelectronics X-CUBE-ST67W61 1.0.0
2025-07-01 15:34:44,657 [INFO] ThirdParty:1030 - CMSIS Pack Vendor :STMicroelectronics FP-SNS-STAIOTCFT 1.0.0
2025-07-01 15:34:44,657 [INFO] ThirdParty:1030 - CMSIS Pack Vendor :STMicroelectronics ThreadX 1.0.0
2025-07-01 15:34:44,657 [INFO] ThirdParty:1030 - CMSIS Pack Vendor :STMicroelectronics FP-SNS-SMARTAG2 1.2.0
2025-07-01 15:34:44,657 [INFO] ThirdParty:1030 - CMSIS Pack Vendor :STMicroelectronics FP-SNS-FLIGHT1 5.1.0
2025-07-01 15:34:44,657 [INFO] ThirdParty:1030 - CMSIS Pack Vendor :STMicroelectronics X-CUBE-MEMS1 11.1.0
2025-07-01 15:34:44,657 [INFO] ThirdParty:1030 - CMSIS Pack Vendor :STMicroelectronics X-CUBE-AZRTOS-WL 2.0.0
2025-07-01 15:34:44,657 [INFO] ThirdParty:1030 - CMSIS Pack Vendor :SEGGER I-CUBE-embOS 1.3.1
2025-07-01 15:34:44,657 [INFO] ThirdParty:1030 - CMSIS Pack Vendor :STMicroelectronics X-CUBE-ALGOBUILD 1.4.0
2025-07-01 15:34:44,657 [INFO] ThirdParty:1030 - CMSIS Pack Vendor :STMicroelectronics X-CUBE-DPower 1.3.0
2025-07-01 15:34:44,658 [INFO] ThirdParty:1030 - CMSIS Pack Vendor :STMicroelectronics X-CUBE-MEMS1 11.3.0
2025-07-01 15:34:44,658 [INFO] ThirdParty:1030 - CMSIS Pack Vendor :STMicroelectronics FP-SNS-MOTENV1 5.0.0
2025-07-01 15:34:44,658 [INFO] ThirdParty:1030 - CMSIS Pack Vendor :STMicroelectronics USB_DEVICE 1.0.0
2025-07-01 15:34:44,658 [INFO] ThirdParty:1030 - CMSIS Pack Vendor :STMicroelectronics X-CUBE-AZRTOS-H7RS 1.0.0
2025-07-01 15:34:44,658 [INFO] ThirdParty:1030 - CMSIS Pack Vendor :STMicroelectronics X-CUBE-AZRTOS-L4 2.0.0
2025-07-01 15:34:44,658 [INFO] ThirdParty:1030 - CMSIS Pack Vendor :STMicroelectronics ThreadX 0.0.2
2025-07-01 15:34:44,658 [INFO] ThirdParty:1030 - CMSIS Pack Vendor :WES I-CUBE-Cesium 1.3.0
2025-07-01 15:34:44,658 [INFO] ThirdParty:1030 - CMSIS Pack Vendor :STMicroelectronics lwIP 2.1.2
2025-07-01 15:34:44,658 [INFO] ThirdParty:1030 - CMSIS Pack Vendor :STMicroelectronics X-CUBE-SFXS2LP1 4.0.0
2025-07-01 15:34:44,658 [INFO] ThirdParty:1030 - CMSIS Pack Vendor :STMicroelectronics X-CUBE-BLE2 3.3.0
2025-07-01 15:34:44,658 [INFO] ThirdParty:1030 - CMSIS Pack Vendor :STMicroelectronics X-CUBE-TOF1 3.4.2
2025-07-01 15:34:44,658 [INFO] ThirdParty:1030 - CMSIS Pack Vendor :STMicroelectronics X-CUBE-TOF1 3.4.3
2025-07-01 15:34:44,658 [INFO] ThirdParty:1030 - CMSIS Pack Vendor :STMicroelectronics PDM2PCM 3.2.0
2025-07-01 15:34:44,658 [INFO] ThirdParty:841 - exiting critical section [change project]
2025-07-01 15:34:45,003 [INFO] PinOutPanel:1589 - setPackage(No Configuration,No Configuration)
2025-07-01 15:34:45,003 [INFO] PinOutPanel:1589 - setPackage(STM32H743VITx,LQFP100)
2025-07-01 15:34:45,740 [INFO] UtilMem:75 - Before build in PCC Used Memory: 896257768 Bytes (1073741824)
2025-07-01 15:34:46,062 [INFO] UtilMem:75 - After build in PCC Used Memory: 956548840 Bytes (1073741824)
2025-07-01 15:34:46,071 [INFO] ApiDbMcu:508 - Load IP Config File for FREERTOS
2025-07-01 15:34:46,107 [INFO] IPUIPlugin:80 - create IPUIPlugin
2025-07-01 15:34:46,107 [INFO] IPUIPlugin:80 - create IPUIPlugin
2025-07-01 15:34:46,107 [INFO] IPUIPlugin:80 - create IPUIPlugin
2025-07-01 15:34:46,107 [INFO] IPUIPlugin:80 - create IPUIPlugin
2025-07-01 15:34:46,107 [INFO] IPUIPlugin:80 - create IPUIPlugin
2025-07-01 15:34:46,107 [INFO] IPUIPlugin:80 - create IPUIPlugin
2025-07-01 15:34:46,107 [INFO] IPUIPlugin:80 - create IPUIPlugin
2025-07-01 15:34:46,108 [INFO] IPUIPlugin:80 - create IPUIPlugin
2025-07-01 15:34:46,108 [INFO] IPUIPlugin:80 - create IPUIPlugin
2025-07-01 15:34:46,108 [INFO] IPUIPlugin:80 - create IPUIPlugin
2025-07-01 15:34:46,108 [INFO] IPUIPlugin:80 - create IPUIPlugin
2025-07-01 15:34:46,108 [INFO] IPUIPlugin:80 - create IPUIPlugin
2025-07-01 15:34:46,108 [INFO] IPUIPlugin:80 - create IPUIPlugin
2025-07-01 15:34:46,109 [INFO] IPUIPlugin:80 - create IPUIPlugin
2025-07-01 15:34:46,109 [INFO] IPUIPlugin:80 - create IPUIPlugin
2025-07-01 15:34:46,109 [INFO] IPUIPlugin:80 - create IPUIPlugin
2025-07-01 15:34:46,109 [INFO] IPUIPlugin:80 - create IPUIPlugin
2025-07-01 15:34:46,109 [INFO] IPUIPlugin:80 - create IPUIPlugin
2025-07-01 15:34:46,109 [INFO] IPUIPlugin:80 - create IPUIPlugin
2025-07-01 15:34:46,109 [INFO] IPUIPlugin:80 - create IPUIPlugin
2025-07-01 15:34:46,109 [INFO] IPUIPlugin:80 - create IPUIPlugin
2025-07-01 15:34:46,110 [INFO] IPUIPlugin:80 - create IPUIPlugin
2025-07-01 15:34:46,110 [INFO] IPUIPlugin:80 - create IPUIPlugin
2025-07-01 15:34:46,110 [INFO] IPUIPlugin:80 - create IPUIPlugin
2025-07-01 15:34:46,110 [INFO] IPUIPlugin:80 - create IPUIPlugin
2025-07-01 15:34:46,110 [INFO] IPUIPlugin:80 - create IPUIPlugin
2025-07-01 15:34:46,110 [INFO] IPUIPlugin:80 - create IPUIPlugin
2025-07-01 15:34:46,110 [INFO] IPUIPlugin:80 - create IPUIPlugin
2025-07-01 15:34:46,110 [INFO] IPUIPlugin:80 - create IPUIPlugin
2025-07-01 15:34:46,110 [INFO] IPUIPlugin:80 - create IPUIPlugin
2025-07-01 15:34:46,111 [INFO] IPUIPlugin:80 - create IPUIPlugin
2025-07-01 15:34:46,111 [INFO] IPUIPlugin:80 - create IPUIPlugin
2025-07-01 15:34:46,111 [INFO] IPUIPlugin:80 - create IPUIPlugin
2025-07-01 15:34:46,111 [INFO] IPUIPlugin:80 - create IPUIPlugin
2025-07-01 15:34:46,111 [INFO] IPUIPlugin:80 - create IPUIPlugin
2025-07-01 15:34:46,112 [INFO] IPUIPlugin:80 - create IPUIPlugin
2025-07-01 15:34:46,113 [INFO] IPUIPlugin:80 - create IPUIPlugin
2025-07-01 15:34:46,113 [INFO] IPUIPlugin:80 - create IPUIPlugin
2025-07-01 15:34:46,114 [INFO] IPUIPlugin:80 - create IPUIPlugin
2025-07-01 15:34:46,114 [INFO] IPUIPlugin:80 - create IPUIPlugin
2025-07-01 15:34:46,114 [INFO] IPUIPlugin:80 - create IPUIPlugin
2025-07-01 15:34:46,114 [INFO] IPUIPlugin:80 - create IPUIPlugin
2025-07-01 15:34:46,114 [INFO] IPUIPlugin:80 - create IPUIPlugin
2025-07-01 15:34:46,115 [INFO] IPUIPlugin:80 - create IPUIPlugin
2025-07-01 15:34:46,115 [INFO] IPUIPlugin:80 - create IPUIPlugin
2025-07-01 15:34:46,115 [INFO] IPUIPlugin:80 - create IPUIPlugin
2025-07-01 15:34:46,115 [INFO] IPUIPlugin:80 - create IPUIPlugin
2025-07-01 15:34:46,115 [INFO] IPUIPlugin:80 - create IPUIPlugin
2025-07-01 15:34:46,116 [INFO] IPUIPlugin:80 - create IPUIPlugin
2025-07-01 15:34:46,116 [INFO] IPUIPlugin:80 - create IPUIPlugin
2025-07-01 15:34:46,116 [INFO] IPUIPlugin:80 - create IPUIPlugin
2025-07-01 15:34:46,117 [INFO] IPUIPlugin:80 - create IPUIPlugin
2025-07-01 15:34:46,117 [INFO] IPUIPlugin:80 - create IPUIPlugin
2025-07-01 15:34:46,117 [INFO] IPUIPlugin:80 - create IPUIPlugin
2025-07-01 15:34:46,118 [INFO] IPUIPlugin:80 - create IPUIPlugin
2025-07-01 15:34:46,118 [INFO] IPUIPlugin:80 - create IPUIPlugin
2025-07-01 15:34:46,118 [INFO] IPUIPlugin:80 - create IPUIPlugin
2025-07-01 15:34:46,118 [INFO] IPUIPlugin:80 - create IPUIPlugin
2025-07-01 15:34:46,118 [INFO] IPUIPlugin:80 - create IPUIPlugin
2025-07-01 15:34:46,119 [INFO] IPUIPlugin:80 - create IPUIPlugin
2025-07-01 15:34:46,120 [INFO] IPUIPlugin:80 - create IPUIPlugin
2025-07-01 15:34:46,121 [INFO] IPUIPlugin:80 - create IPUIPlugin
2025-07-01 15:34:46,121 [INFO] IPUIPlugin:80 - create IPUIPlugin
2025-07-01 15:34:46,121 [INFO] IPUIPlugin:80 - create IPUIPlugin
2025-07-01 15:34:46,122 [INFO] IPUIPlugin:80 - create IPUIPlugin
2025-07-01 15:34:46,122 [INFO] IPUIPlugin:80 - create IPUIPlugin
2025-07-01 15:34:46,122 [INFO] IPUIPlugin:80 - create IPUIPlugin
2025-07-01 15:34:46,123 [INFO] IPUIPlugin:80 - create IPUIPlugin
2025-07-01 15:34:46,123 [INFO] IPUIPlugin:80 - create IPUIPlugin
2025-07-01 15:34:46,123 [INFO] IPUIPlugin:80 - create IPUIPlugin
2025-07-01 15:34:46,124 [INFO] IPUIPlugin:80 - create IPUIPlugin
2025-07-01 15:34:46,124 [INFO] IPUIPlugin:80 - create IPUIPlugin
2025-07-01 15:34:46,124 [INFO] IPUIPlugin:80 - create IPUIPlugin
2025-07-01 15:34:46,124 [INFO] IPUIPlugin:80 - create IPUIPlugin
2025-07-01 15:34:46,125 [INFO] IPUIPlugin:80 - create IPUIPlugin
2025-07-01 15:34:46,125 [INFO] IPUIPlugin:80 - create IPUIPlugin
2025-07-01 15:34:46,125 [INFO] IPUIPlugin:80 - create IPUIPlugin
2025-07-01 15:34:46,125 [INFO] IPUIPlugin:80 - create IPUIPlugin
2025-07-01 15:34:46,126 [INFO] IPUIPlugin:80 - create IPUIPlugin
2025-07-01 15:34:46,127 [INFO] IPUIPlugin:80 - create IPUIPlugin
2025-07-01 15:34:46,127 [INFO] IPUIPlugin:80 - create IPUIPlugin
2025-07-01 15:34:46,127 [INFO] IPUIPlugin:80 - create IPUIPlugin
2025-07-01 15:34:46,128 [INFO] IPUIPlugin:80 - create IPUIPlugin
2025-07-01 15:34:46,128 [INFO] IPUIPlugin:80 - create IPUIPlugin
2025-07-01 15:34:46,129 [INFO] IPUIPlugin:80 - create IPUIPlugin
2025-07-01 15:34:46,129 [INFO] IPUIPlugin:80 - create IPUIPlugin
2025-07-01 15:34:46,129 [INFO] IPUIPlugin:80 - create IPUIPlugin
2025-07-01 15:34:46,130 [INFO] IPUIPlugin:80 - create IPUIPlugin
2025-07-01 15:34:46,130 [INFO] IPUIPlugin:80 - create IPUIPlugin
2025-07-01 15:34:46,130 [INFO] IPUIPlugin:80 - create IPUIPlugin
2025-07-01 15:34:46,131 [INFO] IPUIPlugin:80 - create IPUIPlugin
2025-07-01 15:34:46,131 [INFO] IPUIPlugin:80 - create IPUIPlugin
2025-07-01 15:34:46,141 [INFO] IPUIPlugin:80 - create IPUIPlugin
2025-07-01 15:34:46,143 [INFO] IPUIPlugin:80 - create IPUIPlugin
2025-07-01 15:34:46,144 [INFO] IPUIPlugin:80 - create IPUIPlugin
2025-07-01 15:34:46,145 [INFO] IPUIPlugin:80 - create IPUIPlugin
2025-07-01 15:34:46,146 [INFO] IPUIPlugin:80 - create IPUIPlugin
2025-07-01 15:34:46,153 [INFO] ApiDbMcu:508 - Load IP Config File for PDM2PCM
2025-07-01 15:34:46,202 [WARN] FreeRTOS:1023 - Null or empty value: should not occur! (nothing added to the table)
2025-07-01 15:34:46,378 [INFO] CADModel:165 - CPN selected for project levelSTM32H743VIT6
2025-07-01 15:34:46,378 [INFO] CADModel:114 - Register for checkConnection events
2025-07-01 15:34:46,381 [INFO] RtosManager:725 - Active RTOS found at IOC load: FREERTOS [Cortex-M7NS]
2025-07-01 15:34:46,422 [INFO] OpenFileManager:385 - Restore cursor
2025-07-01 15:35:11,929 [INFO] NvicIntPanel:101 - NVIC parent = com.st.microxplorer.plugins.ip.nvic.MultiNvicIntPanel[,0,0,0x0,invalid,layout=javax.swing.BoxLayout,alignmentX=0.0,alignmentY=0.0,border=,flags=9,maximumSize=,minimumSize=,preferredSize=]
2025-07-01 15:35:43,889 [INFO] NvicIntPanel:101 - NVIC parent = com.st.microxplorer.plugins.ip.nvic.MultiNvicIntPanel[,0,0,0x0,invalid,layout=javax.swing.BoxLayout,alignmentX=0.0,alignmentY=0.0,border=,flags=9,maximumSize=,minimumSize=,preferredSize=]
2025-07-01 15:35:50,956 [INFO] NvicIntPanel:101 - NVIC parent = com.st.microxplorer.plugins.ip.nvic.MultiNvicIntPanel[,0,0,0x0,invalid,layout=javax.swing.BoxLayout,alignmentX=0.0,alignmentY=0.0,border=,flags=9,maximumSize=,minimumSize=,preferredSize=]
2025-07-01 15:36:18,446 [INFO] NvicIntPanel:101 - NVIC parent = com.st.microxplorer.plugins.ip.nvic.MultiNvicIntPanel[,0,0,461x198,layout=javax.swing.BoxLayout,alignmentX=0.0,alignmentY=0.0,border=,flags=9,maximumSize=,minimumSize=,preferredSize=]
2025-07-01 15:36:27,589 [INFO] NvicIntPanel:101 - NVIC parent = com.st.microxplorer.plugins.ip.nvic.MultiNvicIntPanel[,0,0,0x0,invalid,layout=javax.swing.BoxLayout,alignmentX=0.0,alignmentY=0.0,border=,flags=9,maximumSize=,minimumSize=,preferredSize=]
2025-07-01 15:36:28,992 [INFO] NvicIntPanel:101 - NVIC parent = com.st.microxplorer.plugins.ip.nvic.MultiNvicIntPanel[,0,0,0x0,invalid,layout=javax.swing.BoxLayout,alignmentX=0.0,alignmentY=0.0,border=,flags=9,maximumSize=,minimumSize=,preferredSize=]
2025-07-01 15:36:30,052 [INFO] NvicIntPanel:101 - NVIC parent = com.st.microxplorer.plugins.ip.nvic.MultiNvicIntPanel[,0,0,0x0,invalid,layout=javax.swing.BoxLayout,alignmentX=0.0,alignmentY=0.0,border=,flags=9,maximumSize=,minimumSize=,preferredSize=]
2025-07-01 15:36:30,533 [INFO] NvicIntPanel:101 - NVIC parent = com.st.microxplorer.plugins.ip.nvic.MultiNvicIntPanel[,0,0,0x0,invalid,layout=javax.swing.BoxLayout,alignmentX=0.0,alignmentY=0.0,border=,flags=9,maximumSize=,minimumSize=,preferredSize=]
2025-07-01 15:36:31,011 [INFO] NvicIntPanel:101 - NVIC parent = com.st.microxplorer.plugins.ip.nvic.MultiNvicIntPanel[,0,0,0x0,invalid,layout=javax.swing.BoxLayout,alignmentX=0.0,alignmentY=0.0,border=,flags=9,maximumSize=,minimumSize=,preferredSize=]
2025-07-01 15:36:36,756 [INFO] UtilMem:75 - End SaveConfig() Used Memory: 832604512 Bytes (1073741824)
2025-07-01 15:36:37,720 [INFO] UtilMem:75 - End SaveConfig() Used Memory: 875596128 Bytes (1073741824)
2025-07-01 15:36:41,943 [INFO] UtilMem:75 - End SaveConfig() Used Memory: 858946328 Bytes (1073741824)
2025-07-01 15:36:42,582 [INFO] BlockDiagram:2775 - set Specific Code input for plugin: SPI
2025-07-01 15:36:42,582 [INFO] BlockDiagram:2775 - set Specific Code input for plugin: FREERTOS
2025-07-01 15:36:42,582 [INFO] BlockDiagram:2775 - set Specific Code input for plugin: RCC
2025-07-01 15:36:42,582 [INFO] BlockDiagram:2775 - set Specific Code input for plugin: I2C
2025-07-01 15:36:42,582 [INFO] BlockDiagram:2775 - set Specific Code input for plugin: TIM1_8H7
2025-07-01 15:36:42,582 [INFO] BlockDiagram:2775 - set Specific Code input for plugin: TIM1_8H7
2025-07-01 15:36:42,582 [INFO] BlockDiagram:2775 - set Specific Code input for plugin: TIM1_8H7
2025-07-01 15:36:42,582 [INFO] BlockDiagram:2775 - set Specific Code input for plugin: MEMORYMAP
2025-07-01 15:36:42,582 [INFO] BlockDiagram:2775 - set Specific Code input for plugin: TIM1_8H7
2025-07-01 15:36:42,582 [INFO] BlockDiagram:2775 - set Specific Code input for plugin: TIM1_8H7
2025-07-01 15:36:42,583 [INFO] BlockDiagram:2775 - set Specific Code input for plugin: TIM1_8H7
2025-07-01 15:36:42,583 [INFO] BlockDiagram:2775 - set Specific Code input for plugin: ADC
2025-07-01 15:36:42,583 [INFO] BlockDiagram:2775 - set Specific Code input for plugin: SYS
2025-07-01 15:36:42,583 [INFO] BlockDiagram:2775 - set Specific Code input for plugin: ADC
2025-07-01 15:36:42,583 [INFO] BlockDiagram:2775 - set Specific Code input for plugin: NVIC
2025-07-01 15:36:42,583 [INFO] BlockDiagram:2775 - set Specific Code input for plugin: DMA
2025-07-01 15:36:42,583 [INFO] BlockDiagram:2775 - set Specific Code input for plugin: VREFBUF
2025-07-01 15:36:42,583 [INFO] BlockDiagram:2775 - set Specific Code input for plugin: UART
2025-07-01 15:36:42,583 [INFO] BlockDiagram:2775 - set Specific Code input for plugin: UART
2025-07-01 15:36:42,583 [INFO] BlockDiagram:2775 - set Specific Code input for plugin: DEBUG
2025-07-01 15:36:42,583 [INFO] BlockDiagram:2775 - set Specific Code input for plugin: GPIO
2025-07-01 15:36:42,585 [INFO] CodeGenerator:882 - code generatio: config db path: C:\ST\STM32CubeIDE_1.18.0\STM32CubeIDE\plugins\com.st.stm32cube.common.mx_6.14.0.202502271554\\db\
2025-07-01 15:36:43,014 [INFO] CodeEngine:263 - oldGeneratedFile, C:\Users\marcv\Desktop\X1-Thorn\1_Code\3_STM32\0_workspace\X1_Thorn_v3\MXTmpFiles\license.tmp_save
2025-07-01 15:36:43,385 [INFO] CodeEngine:287 - Generated code: C:\Users\marcv\Desktop\X1-Thorn\1_Code\3_STM32\0_workspace\X1_Thorn_v3\MXTmpFiles\license.tmp
2025-07-01 15:36:43,566 [INFO] CodeEngine:263 - oldGeneratedFile, C:\Users\marcv\Desktop\X1-Thorn\1_Code\3_STM32\0_workspace\X1_Thorn_v3\Core\Src\gpio.c_save
2025-07-01 15:36:43,781 [INFO] CodeEngine:287 - Generated code: C:\Users\marcv\Desktop\X1-Thorn\1_Code\3_STM32\0_workspace\X1_Thorn_v3\Core\Src\gpio.c
2025-07-01 15:36:43,810 [INFO] CodeEngine:263 - oldGeneratedFile, C:\Users\marcv\Desktop\X1-Thorn\1_Code\3_STM32\0_workspace\X1_Thorn_v3\Core\Inc\gpio.h_save
2025-07-01 15:36:43,930 [INFO] CodeEngine:287 - Generated code: C:\Users\marcv\Desktop\X1-Thorn\1_Code\3_STM32\0_workspace\X1_Thorn_v3\Core\Inc\gpio.h
2025-07-01 15:36:44,490 [WARN] IPConfigManager:103 - WARNING: Missing Config File for DEBUG ip!!
2025-07-01 15:36:45,160 [WARN] IPConfigManager:103 - WARNING: Missing Config File for MEMORYMAP ip!!
2025-07-01 15:36:47,058 [INFO] Middleware:1452 - No code input for Bsp Dependency
2025-07-01 15:36:47,074 [INFO] CodeEngine:263 - oldGeneratedFile, C:\Users\marcv\Desktop\X1-Thorn\1_Code\3_STM32\0_workspace\X1_Thorn_v3\MXTmpFiles\rtos_inc.tmp_save
2025-07-01 15:36:47,192 [INFO] CodeEngine:287 - Generated code: C:\Users\marcv\Desktop\X1-Thorn\1_Code\3_STM32\0_workspace\X1_Thorn_v3\MXTmpFiles\rtos_inc.tmp
2025-07-01 15:36:47,208 [INFO] CodeEngine:263 - oldGeneratedFile, C:\Users\marcv\Desktop\X1-Thorn\1_Code\3_STM32\0_workspace\X1_Thorn_v3\MXTmpFiles\rtos_kernelInit.tmp_save
2025-07-01 15:36:47,325 [INFO] CodeEngine:287 - Generated code: C:\Users\marcv\Desktop\X1-Thorn\1_Code\3_STM32\0_workspace\X1_Thorn_v3\MXTmpFiles\rtos_kernelInit.tmp
2025-07-01 15:36:47,340 [INFO] CodeEngine:263 - oldGeneratedFile, C:\Users\marcv\Desktop\X1-Thorn\1_Code\3_STM32\0_workspace\X1_Thorn_v3\MXTmpFiles\rtos_kernelStart.tmp_save
2025-07-01 15:36:47,420 [INFO] CodeEngine:287 - Generated code: C:\Users\marcv\Desktop\X1-Thorn\1_Code\3_STM32\0_workspace\X1_Thorn_v3\MXTmpFiles\rtos_kernelStart.tmp
2025-07-01 15:36:47,435 [INFO] CodeEngine:263 - oldGeneratedFile, C:\Users\marcv\Desktop\X1-Thorn\1_Code\3_STM32\0_workspace\X1_Thorn_v3\MXTmpFiles\rtos_typedefs.tmp_save
2025-07-01 15:36:47,532 [INFO] CodeEngine:287 - Generated code: C:\Users\marcv\Desktop\X1-Thorn\1_Code\3_STM32\0_workspace\X1_Thorn_v3\MXTmpFiles\rtos_typedefs.tmp
2025-07-01 15:36:47,548 [INFO] CodeEngine:263 - oldGeneratedFile, C:\Users\marcv\Desktop\X1-Thorn\1_Code\3_STM32\0_workspace\X1_Thorn_v3\MXTmpFiles\rtos_vars.tmp_save
2025-07-01 15:36:47,639 [INFO] CodeEngine:287 - Generated code: C:\Users\marcv\Desktop\X1-Thorn\1_Code\3_STM32\0_workspace\X1_Thorn_v3\MXTmpFiles\rtos_vars.tmp
2025-07-01 15:36:47,654 [INFO] CodeEngine:263 - oldGeneratedFile, C:\Users\marcv\Desktop\X1-Thorn\1_Code\3_STM32\0_workspace\X1_Thorn_v3\MXTmpFiles\rtos_pfp.tmp_save
2025-07-01 15:36:47,737 [INFO] CodeEngine:287 - Generated code: C:\Users\marcv\Desktop\X1-Thorn\1_Code\3_STM32\0_workspace\X1_Thorn_v3\MXTmpFiles\rtos_pfp.tmp
2025-07-01 15:36:47,752 [INFO] CodeEngine:263 - oldGeneratedFile, C:\Users\marcv\Desktop\X1-Thorn\1_Code\3_STM32\0_workspace\X1_Thorn_v3\MXTmpFiles\rtos_obj_creat.tmp_save
2025-07-01 15:36:47,834 [INFO] CodeEngine:287 - Generated code: C:\Users\marcv\Desktop\X1-Thorn\1_Code\3_STM32\0_workspace\X1_Thorn_v3\MXTmpFiles\rtos_obj_creat.tmp
2025-07-01 15:36:47,850 [INFO] CodeEngine:263 - oldGeneratedFile, C:\Users\marcv\Desktop\X1-Thorn\1_Code\3_STM32\0_workspace\X1_Thorn_v3\MXTmpFiles\rtos_default_thread.tmp_save
2025-07-01 15:36:47,926 [INFO] CodeEngine:287 - Generated code: C:\Users\marcv\Desktop\X1-Thorn\1_Code\3_STM32\0_workspace\X1_Thorn_v3\MXTmpFiles\rtos_default_thread.tmp
2025-07-01 15:36:47,940 [INFO] CodeEngine:263 - oldGeneratedFile, C:\Users\marcv\Desktop\X1-Thorn\1_Code\3_STM32\0_workspace\X1_Thorn_v3\MXTmpFiles\rtos_threads.tmp_save
2025-07-01 15:36:48,000 [INFO] CodeEngine:287 - Generated code: C:\Users\marcv\Desktop\X1-Thorn\1_Code\3_STM32\0_workspace\X1_Thorn_v3\MXTmpFiles\rtos_threads.tmp
2025-07-01 15:36:48,038 [INFO] Middleware:1452 - No code input for Bsp Dependency
2025-07-01 15:36:48,048 [INFO] CodeEngine:263 - oldGeneratedFile, C:\Users\marcv\Desktop\X1-Thorn\1_Code\3_STM32\0_workspace\X1_Thorn_v3\MXTmpFiles\rtos_inc.tmp_save
2025-07-01 15:36:48,121 [INFO] CodeEngine:287 - Generated code: C:\Users\marcv\Desktop\X1-Thorn\1_Code\3_STM32\0_workspace\X1_Thorn_v3\MXTmpFiles\rtos_inc.tmp
2025-07-01 15:36:48,127 [INFO] CodeEngine:263 - oldGeneratedFile, C:\Users\marcv\Desktop\X1-Thorn\1_Code\3_STM32\0_workspace\X1_Thorn_v3\MXTmpFiles\rtos_kernelInit.tmp_save
2025-07-01 15:36:48,186 [INFO] CodeEngine:287 - Generated code: C:\Users\marcv\Desktop\X1-Thorn\1_Code\3_STM32\0_workspace\X1_Thorn_v3\MXTmpFiles\rtos_kernelInit.tmp
2025-07-01 15:36:48,193 [INFO] CodeEngine:263 - oldGeneratedFile, C:\Users\marcv\Desktop\X1-Thorn\1_Code\3_STM32\0_workspace\X1_Thorn_v3\MXTmpFiles\rtos_kernelStart.tmp_save
2025-07-01 15:36:48,250 [INFO] CodeEngine:287 - Generated code: C:\Users\marcv\Desktop\X1-Thorn\1_Code\3_STM32\0_workspace\X1_Thorn_v3\MXTmpFiles\rtos_kernelStart.tmp
2025-07-01 15:36:48,257 [INFO] CodeEngine:263 - oldGeneratedFile, C:\Users\marcv\Desktop\X1-Thorn\1_Code\3_STM32\0_workspace\X1_Thorn_v3\MXTmpFiles\rtos_typedefs.tmp_save
2025-07-01 15:36:48,323 [INFO] CodeEngine:287 - Generated code: C:\Users\marcv\Desktop\X1-Thorn\1_Code\3_STM32\0_workspace\X1_Thorn_v3\MXTmpFiles\rtos_typedefs.tmp
2025-07-01 15:36:48,341 [INFO] CodeEngine:263 - oldGeneratedFile, C:\Users\marcv\Desktop\X1-Thorn\1_Code\3_STM32\0_workspace\X1_Thorn_v3\MXTmpFiles\rtos_vars.tmp_save
2025-07-01 15:36:48,400 [INFO] CodeEngine:287 - Generated code: C:\Users\marcv\Desktop\X1-Thorn\1_Code\3_STM32\0_workspace\X1_Thorn_v3\MXTmpFiles\rtos_vars.tmp
2025-07-01 15:36:48,407 [INFO] CodeEngine:263 - oldGeneratedFile, C:\Users\marcv\Desktop\X1-Thorn\1_Code\3_STM32\0_workspace\X1_Thorn_v3\MXTmpFiles\rtos_pfp.tmp_save
2025-07-01 15:36:48,464 [INFO] CodeEngine:287 - Generated code: C:\Users\marcv\Desktop\X1-Thorn\1_Code\3_STM32\0_workspace\X1_Thorn_v3\MXTmpFiles\rtos_pfp.tmp
2025-07-01 15:36:48,487 [INFO] CodeEngine:263 - oldGeneratedFile, C:\Users\marcv\Desktop\X1-Thorn\1_Code\3_STM32\0_workspace\X1_Thorn_v3\MXTmpFiles\rtos_obj_creat.tmp_save
2025-07-01 15:36:48,568 [INFO] CodeEngine:287 - Generated code: C:\Users\marcv\Desktop\X1-Thorn\1_Code\3_STM32\0_workspace\X1_Thorn_v3\MXTmpFiles\rtos_obj_creat.tmp
2025-07-01 15:36:48,576 [INFO] CodeEngine:263 - oldGeneratedFile, C:\Users\marcv\Desktop\X1-Thorn\1_Code\3_STM32\0_workspace\X1_Thorn_v3\MXTmpFiles\rtos_default_thread.tmp_save
2025-07-01 15:36:48,638 [INFO] CodeEngine:287 - Generated code: C:\Users\marcv\Desktop\X1-Thorn\1_Code\3_STM32\0_workspace\X1_Thorn_v3\MXTmpFiles\rtos_default_thread.tmp
2025-07-01 15:36:48,649 [INFO] CodeEngine:263 - oldGeneratedFile, C:\Users\marcv\Desktop\X1-Thorn\1_Code\3_STM32\0_workspace\X1_Thorn_v3\MXTmpFiles\rtos_threads.tmp_save
2025-07-01 15:36:48,709 [INFO] CodeEngine:287 - Generated code: C:\Users\marcv\Desktop\X1-Thorn\1_Code\3_STM32\0_workspace\X1_Thorn_v3\MXTmpFiles\rtos_threads.tmp
2025-07-01 15:36:48,742 [INFO] CodeEngine:263 - oldGeneratedFile, C:\Users\marcv\Desktop\X1-Thorn\1_Code\3_STM32\0_workspace\X1_Thorn_v3\Core\Inc\FreeRTOSConfig.h_save
2025-07-01 15:36:48,870 [INFO] CodeEngine:287 - Generated code: C:\Users\marcv\Desktop\X1-Thorn\1_Code\3_STM32\0_workspace\X1_Thorn_v3\Core\Inc\FreeRTOSConfig.h
2025-07-01 15:36:48,909 [INFO] CodeEngine:263 - oldGeneratedFile, C:\Users\marcv\Desktop\X1-Thorn\1_Code\3_STM32\0_workspace\X1_Thorn_v3\Core\Src\freertos.c_save
2025-07-01 15:36:49,041 [INFO] CodeEngine:287 - Generated code: C:\Users\marcv\Desktop\X1-Thorn\1_Code\3_STM32\0_workspace\X1_Thorn_v3\Core\Src\freertos.c
2025-07-01 15:36:49,088 [INFO] CodeEngine:263 - oldGeneratedFile, C:\Users\marcv\Desktop\X1-Thorn\1_Code\3_STM32\0_workspace\X1_Thorn_v3\Core\Src\adc.c_save
2025-07-01 15:36:49,261 [INFO] CodeEngine:287 - Generated code: C:\Users\marcv\Desktop\X1-Thorn\1_Code\3_STM32\0_workspace\X1_Thorn_v3\Core\Src\adc.c
2025-07-01 15:36:49,292 [INFO] CodeEngine:263 - oldGeneratedFile, C:\Users\marcv\Desktop\X1-Thorn\1_Code\3_STM32\0_workspace\X1_Thorn_v3\Core\Inc\adc.h_save
2025-07-01 15:36:49,415 [INFO] CodeEngine:287 - Generated code: C:\Users\marcv\Desktop\X1-Thorn\1_Code\3_STM32\0_workspace\X1_Thorn_v3\Core\Inc\adc.h
2025-07-01 15:36:49,443 [INFO] CodeEngine:263 - oldGeneratedFile, C:\Users\marcv\Desktop\X1-Thorn\1_Code\3_STM32\0_workspace\X1_Thorn_v3\MXTmpFiles\cortex.tmp_save
2025-07-01 15:36:49,582 [INFO] CodeEngine:287 - Generated code: C:\Users\marcv\Desktop\X1-Thorn\1_Code\3_STM32\0_workspace\X1_Thorn_v3\MXTmpFiles\cortex.tmp
2025-07-01 15:36:49,713 [INFO] CodeEngine:263 - oldGeneratedFile, C:\Users\marcv\Desktop\X1-Thorn\1_Code\3_STM32\0_workspace\X1_Thorn_v3\Core\Src\dma.c_save
2025-07-01 15:36:49,819 [INFO] CodeEngine:287 - Generated code: C:\Users\marcv\Desktop\X1-Thorn\1_Code\3_STM32\0_workspace\X1_Thorn_v3\Core\Src\dma.c
2025-07-01 15:36:49,846 [INFO] CodeEngine:263 - oldGeneratedFile, C:\Users\marcv\Desktop\X1-Thorn\1_Code\3_STM32\0_workspace\X1_Thorn_v3\Core\Inc\dma.h_save
2025-07-01 15:36:49,947 [INFO] CodeEngine:287 - Generated code: C:\Users\marcv\Desktop\X1-Thorn\1_Code\3_STM32\0_workspace\X1_Thorn_v3\Core\Inc\dma.h
2025-07-01 15:36:49,975 [INFO] CodeEngine:263 - oldGeneratedFile, C:\Users\marcv\Desktop\X1-Thorn\1_Code\3_STM32\0_workspace\X1_Thorn_v3\Core\Src\i2c.c_save
2025-07-01 15:36:50,091 [INFO] CodeEngine:287 - Generated code: C:\Users\marcv\Desktop\X1-Thorn\1_Code\3_STM32\0_workspace\X1_Thorn_v3\Core\Src\i2c.c
2025-07-01 15:36:50,101 [INFO] CodeEngine:263 - oldGeneratedFile, C:\Users\marcv\Desktop\X1-Thorn\1_Code\3_STM32\0_workspace\X1_Thorn_v3\Core\Inc\i2c.h_save
2025-07-01 15:36:50,208 [INFO] CodeEngine:287 - Generated code: C:\Users\marcv\Desktop\X1-Thorn\1_Code\3_STM32\0_workspace\X1_Thorn_v3\Core\Inc\i2c.h
2025-07-01 15:36:50,237 [INFO] CodeEngine:263 - oldGeneratedFile, C:\Users\marcv\Desktop\X1-Thorn\1_Code\3_STM32\0_workspace\X1_Thorn_v3\Core\Src\memorymap.c_save
2025-07-01 15:36:50,345 [INFO] CodeEngine:287 - Generated code: C:\Users\marcv\Desktop\X1-Thorn\1_Code\3_STM32\0_workspace\X1_Thorn_v3\Core\Src\memorymap.c
2025-07-01 15:36:50,352 [INFO] CodeEngine:263 - oldGeneratedFile, C:\Users\marcv\Desktop\X1-Thorn\1_Code\3_STM32\0_workspace\X1_Thorn_v3\Core\Inc\memorymap.h_save
2025-07-01 15:36:50,487 [INFO] CodeEngine:287 - Generated code: C:\Users\marcv\Desktop\X1-Thorn\1_Code\3_STM32\0_workspace\X1_Thorn_v3\Core\Inc\memorymap.h
2025-07-01 15:36:50,523 [INFO] CodeEngine:263 - oldGeneratedFile, C:\Users\marcv\Desktop\X1-Thorn\1_Code\3_STM32\0_workspace\X1_Thorn_v3\Core\Src\spi.c_save
2025-07-01 15:36:50,636 [INFO] CodeEngine:287 - Generated code: C:\Users\marcv\Desktop\X1-Thorn\1_Code\3_STM32\0_workspace\X1_Thorn_v3\Core\Src\spi.c
2025-07-01 15:36:50,645 [INFO] CodeEngine:263 - oldGeneratedFile, C:\Users\marcv\Desktop\X1-Thorn\1_Code\3_STM32\0_workspace\X1_Thorn_v3\Core\Inc\spi.h_save
2025-07-01 15:36:50,753 [INFO] CodeEngine:287 - Generated code: C:\Users\marcv\Desktop\X1-Thorn\1_Code\3_STM32\0_workspace\X1_Thorn_v3\Core\Inc\spi.h
2025-07-01 15:36:50,782 [INFO] CodeEngine:263 - oldGeneratedFile, C:\Users\marcv\Desktop\X1-Thorn\1_Code\3_STM32\0_workspace\X1_Thorn_v3\Core\Src\tim.c_save
2025-07-01 15:36:50,981 [INFO] CodeEngine:287 - Generated code: C:\Users\marcv\Desktop\X1-Thorn\1_Code\3_STM32\0_workspace\X1_Thorn_v3\Core\Src\tim.c
2025-07-01 15:36:50,999 [INFO] CodeEngine:263 - oldGeneratedFile, C:\Users\marcv\Desktop\X1-Thorn\1_Code\3_STM32\0_workspace\X1_Thorn_v3\Core\Inc\tim.h_save
2025-07-01 15:36:51,124 [INFO] CodeEngine:287 - Generated code: C:\Users\marcv\Desktop\X1-Thorn\1_Code\3_STM32\0_workspace\X1_Thorn_v3\Core\Inc\tim.h
2025-07-01 15:36:51,152 [INFO] CodeEngine:263 - oldGeneratedFile, C:\Users\marcv\Desktop\X1-Thorn\1_Code\3_STM32\0_workspace\X1_Thorn_v3\Core\Src\usart.c_save
2025-07-01 15:36:51,258 [INFO] CodeEngine:287 - Generated code: C:\Users\marcv\Desktop\X1-Thorn\1_Code\3_STM32\0_workspace\X1_Thorn_v3\Core\Src\usart.c
2025-07-01 15:36:51,267 [INFO] CodeEngine:263 - oldGeneratedFile, C:\Users\marcv\Desktop\X1-Thorn\1_Code\3_STM32\0_workspace\X1_Thorn_v3\Core\Inc\usart.h_save
2025-07-01 15:36:51,376 [INFO] CodeEngine:287 - Generated code: C:\Users\marcv\Desktop\X1-Thorn\1_Code\3_STM32\0_workspace\X1_Thorn_v3\Core\Inc\usart.h
2025-07-01 15:36:51,434 [INFO] CodeEngine:263 - oldGeneratedFile, C:\Users\marcv\Desktop\X1-Thorn\1_Code\3_STM32\0_workspace\X1_Thorn_v3\Core\Src\stm32h7xx_it.c_save
2025-07-01 15:36:51,628 [INFO] CodeEngine:287 - Generated code: C:\Users\marcv\Desktop\X1-Thorn\1_Code\3_STM32\0_workspace\X1_Thorn_v3\Core\Src\stm32h7xx_it.c
2025-07-01 15:36:51,654 [INFO] CodeEngine:263 - oldGeneratedFile, C:\Users\marcv\Desktop\X1-Thorn\1_Code\3_STM32\0_workspace\X1_Thorn_v3\Core\Inc\stm32h7xx_it.h_save
2025-07-01 15:36:51,781 [INFO] CodeEngine:287 - Generated code: C:\Users\marcv\Desktop\X1-Thorn\1_Code\3_STM32\0_workspace\X1_Thorn_v3\Core\Inc\stm32h7xx_it.h
2025-07-01 15:36:51,935 [INFO] CodeEngine:263 - oldGeneratedFile, C:\Users\marcv\Desktop\X1-Thorn\1_Code\3_STM32\0_workspace\X1_Thorn_v3\Core\Src\stm32h7xx_hal_msp.c_save
2025-07-01 15:36:52,061 [INFO] CodeEngine:287 - Generated code: C:\Users\marcv\Desktop\X1-Thorn\1_Code\3_STM32\0_workspace\X1_Thorn_v3\Core\Src\stm32h7xx_hal_msp.c
2025-07-01 15:36:52,074 [INFO] CodeEngine:263 - oldGeneratedFile, C:\Users\marcv\Desktop\X1-Thorn\1_Code\3_STM32\0_workspace\X1_Thorn_v3\MXTmpFiles\system.tmp_save
2025-07-01 15:36:52,139 [INFO] CodeEngine:287 - Generated code: C:\Users\marcv\Desktop\X1-Thorn\1_Code\3_STM32\0_workspace\X1_Thorn_v3\MXTmpFiles\system.tmp
2025-07-01 15:36:52,165 [INFO] CodeEngine:263 - oldGeneratedFile, C:\Users\marcv\Desktop\X1-Thorn\1_Code\3_STM32\0_workspace\X1_Thorn_v3\Core\Src\stm32h7xx_hal_timebase_tim.c_save
2025-07-01 15:36:52,264 [INFO] CodeEngine:287 - Generated code: C:\Users\marcv\Desktop\X1-Thorn\1_Code\3_STM32\0_workspace\X1_Thorn_v3\Core\Src\stm32h7xx_hal_timebase_tim.c
2025-07-01 15:36:52,308 [INFO] CodeEngine:319 - oldGeneratedFile, C:\Users\marcv\Desktop\X1-Thorn\1_Code\3_STM32\0_workspace\X1_Thorn_v3\Core\Inc\stm32h7xx_hal_conf.h_save
2025-07-01 15:36:52,423 [INFO] CodeEngine:343 - Generated code: C:\Users\marcv\Desktop\X1-Thorn\1_Code\3_STM32\0_workspace\X1_Thorn_v3\Core\Inc\stm32h7xx_hal_conf.h
2025-07-01 15:36:52,500 [INFO] ApiDbMcu:508 - Load IP Config File for ADC2
2025-07-01 15:36:52,503 [INFO] ApiDbMcu:508 - Load IP Config File for ADC3
2025-07-01 15:36:52,506 [INFO] ApiDbMcu:508 - Load IP Config File for I2C2
2025-07-01 15:36:52,506 [ERROR] ApiDbMcu:464 - Can't load MEMORYMAP-STM32xx root dir null
2025-07-01 15:36:52,507 [ERROR] ApiDbMcu:536 - Cannot parse MEMORYMAP_Config file : file do not exist
2025-07-01 15:36:52,510 [INFO] ApiDbMcu:508 - Load IP Config File for SPI4
2025-07-01 15:36:52,522 [INFO] ApiDbMcu:508 - Load IP Config File for TIM1
2025-07-01 15:36:52,535 [INFO] ApiDbMcu:508 - Load IP Config File for TIM3
2025-07-01 15:36:52,546 [INFO] ApiDbMcu:508 - Load IP Config File for TIM5
2025-07-01 15:36:52,556 [INFO] ApiDbMcu:508 - Load IP Config File for TIM15
2025-07-01 15:36:52,568 [INFO] ApiDbMcu:508 - Load IP Config File for TIM16
2025-07-01 15:36:52,578 [INFO] ApiDbMcu:508 - Load IP Config File for TIM17
2025-07-01 15:36:52,593 [INFO] ApiDbMcu:508 - Load IP Config File for UART5
2025-07-01 15:36:52,611 [INFO] ApiDbMcu:508 - Load IP Config File for UART8
2025-07-01 15:36:52,617 [INFO] ApiDbMcu:508 - Load IP Config File for RCC
2025-07-01 15:36:52,657 [INFO] CodeEngine:263 - oldGeneratedFile, C:\Users\marcv\Desktop\X1-Thorn\1_Code\3_STM32\0_workspace\X1_Thorn_v3\Core\Inc\main.h_save
2025-07-01 15:36:52,786 [INFO] CodeEngine:287 - Generated code: C:\Users\marcv\Desktop\X1-Thorn\1_Code\3_STM32\0_workspace\X1_Thorn_v3\Core\Inc\main.h
2025-07-01 15:36:52,815 [INFO] CodeEngine:263 - oldGeneratedFile, C:\Users\marcv\Desktop\X1-Thorn\1_Code\3_STM32\0_workspace\X1_Thorn_v3\Core\Src\main.c_save
2025-07-01 15:36:52,984 [INFO] CodeEngine:287 - Generated code: C:\Users\marcv\Desktop\X1-Thorn\1_Code\3_STM32\0_workspace\X1_Thorn_v3\Core\Src\main.c
2025-07-01 15:36:53,905 [INFO] ProjectBuilder:3324 - Time for Copy HAL[1] : 640mS.
2025-07-01 15:36:53,917 [INFO] ProjectBuilder:4912 - Project Generator version: 4.6.0-B36
2025-07-01 15:36:54,022 [INFO] ConfigFileManager:1590 - The Die is : DIE450
2025-07-01 15:36:54,039 [INFO] ApiDbMcu:508 - Load IP Config File for FATFS
2025-07-01 15:36:54,051 [INFO] ApiDbMcu:508 - Load IP Config File for LIBJPEG
2025-07-01 15:36:54,074 [INFO] ApiDbMcu:508 - Load IP Config File for LWIP
2025-07-01 15:36:54,090 [INFO] ApiDbMcu:508 - Load IP Config File for MBEDTLS
2025-07-01 15:36:54,108 [INFO] ApiDbMcu:508 - Load IP Config File for USB_DEVICE
2025-07-01 15:36:54,120 [INFO] ApiDbMcu:508 - Load IP Config File for USB_HOST
2025-07-01 15:36:54,993 [INFO] LogOutputStream:77 - [STDOUT_REDIRECT] 
2025-07-01 15:36:59,826 [INFO] ProjectBuilder:5191 - Time for Generating toolchain IDE Files: 5906mS.
2025-07-01 15:36:59,827 [INFO] ProjectBuilder:3181 - Time for Copy CMSIS : 1mS.
2025-07-01 15:36:59,877 [INFO] ProjectBuilder:3181 - Time for Copy CMSIS : 0mS.
2025-07-01 20:41:17,598 [INFO] WebApp:194 - Connection lost
2025-07-01 20:41:20,079 [INFO] WebApp:191 - Connection restablished
2025-07-01 20:41:22,743 [INFO] WebApp:194 - Connection lost
2025-07-01 20:41:22,874 [INFO] WebApp:191 - Connection restablished
2025-07-01 22:20:54,565 [INFO] WebApp:194 - Connection lost
2025-07-01 22:20:58,304 [INFO] WebApp:191 - Connection restablished
2025-07-01 22:20:58,642 [INFO] WebApp:194 - Connection lost
2025-07-01 22:20:58,960 [INFO] WebApp:191 - Connection restablished
2025-07-01 22:21:01,736 [INFO] WebApp:194 - Connection lost
2025-07-01 22:21:01,880 [INFO] WebApp:191 - Connection restablished
2025-07-01 23:00:39,403 [INFO] UtilMem:75 - End SaveConfig() Used Memory: 891744808 Bytes (1073741824)
2025-07-01 23:01:07,568 [INFO] UtilMem:75 - End SaveConfig() Used Memory: 862492976 Bytes (1073741824)
2025-07-01 23:01:07,895 [INFO] BlockDiagram:2775 - set Specific Code input for plugin: SPI
2025-07-01 23:01:07,895 [INFO] BlockDiagram:2775 - set Specific Code input for plugin: FREERTOS
2025-07-01 23:01:07,896 [INFO] BlockDiagram:2775 - set Specific Code input for plugin: RCC
2025-07-01 23:01:07,896 [INFO] BlockDiagram:2775 - set Specific Code input for plugin: I2C
2025-07-01 23:01:07,896 [INFO] BlockDiagram:2775 - set Specific Code input for plugin: TIM1_8H7
2025-07-01 23:01:07,896 [INFO] BlockDiagram:2775 - set Specific Code input for plugin: TIM1_8H7
2025-07-01 23:01:07,896 [INFO] BlockDiagram:2775 - set Specific Code input for plugin: TIM1_8H7
2025-07-01 23:01:07,896 [INFO] BlockDiagram:2775 - set Specific Code input for plugin: MEMORYMAP
2025-07-01 23:01:07,896 [INFO] BlockDiagram:2775 - set Specific Code input for plugin: TIM1_8H7
2025-07-01 23:01:07,896 [INFO] BlockDiagram:2775 - set Specific Code input for plugin: TIM1_8H7
2025-07-01 23:01:07,896 [INFO] BlockDiagram:2775 - set Specific Code input for plugin: TIM1_8H7
2025-07-01 23:01:07,896 [INFO] BlockDiagram:2775 - set Specific Code input for plugin: ADC
2025-07-01 23:01:07,897 [INFO] BlockDiagram:2775 - set Specific Code input for plugin: SYS
2025-07-01 23:01:07,897 [INFO] BlockDiagram:2775 - set Specific Code input for plugin: ADC
2025-07-01 23:01:07,897 [INFO] BlockDiagram:2775 - set Specific Code input for plugin: NVIC
2025-07-01 23:01:07,897 [INFO] BlockDiagram:2775 - set Specific Code input for plugin: DMA
2025-07-01 23:01:07,897 [INFO] BlockDiagram:2775 - set Specific Code input for plugin: VREFBUF
2025-07-01 23:01:07,897 [INFO] BlockDiagram:2775 - set Specific Code input for plugin: UART
2025-07-01 23:01:07,897 [INFO] BlockDiagram:2775 - set Specific Code input for plugin: UART
2025-07-01 23:01:07,897 [INFO] BlockDiagram:2775 - set Specific Code input for plugin: DEBUG
2025-07-01 23:01:07,898 [INFO] BlockDiagram:2775 - set Specific Code input for plugin: GPIO
2025-07-01 23:01:07,900 [INFO] CodeGenerator:882 - code generatio: config db path: C:\ST\STM32CubeIDE_1.18.0\STM32CubeIDE\plugins\com.st.stm32cube.common.mx_6.14.0.202502271554\\db\
2025-07-01 23:01:08,001 [INFO] Argument:325 - Argument : hdmavalue: null
2025-07-01 23:01:08,002 [INFO] Argument:327 - 	 sub Args: 
2025-07-01 23:01:08,002 [INFO] Argument:325 - Argument : Instancevalue: DMA1_Stream0
2025-07-01 23:01:08,002 [INFO] Argument:335 - Argument : Instancevalue: DMA1_Stream0
2025-07-01 23:01:08,002 [INFO] Argument:325 - Argument : Initvalue: null
2025-07-01 23:01:08,002 [INFO] Argument:327 - 	 sub Args: 
2025-07-01 23:01:08,002 [INFO] Argument:325 - Argument : Requestvalue: DMA_REQUEST_TIM3_CH1
2025-07-01 23:01:08,002 [INFO] Argument:335 - Argument : Requestvalue: DMA_REQUEST_TIM3_CH1
2025-07-01 23:01:08,002 [INFO] Argument:325 - Argument : Directionvalue: DMA_MEMORY_TO_PERIPH
2025-07-01 23:01:08,003 [INFO] Argument:335 - Argument : Directionvalue: DMA_MEMORY_TO_PERIPH
2025-07-01 23:01:08,003 [INFO] Argument:325 - Argument : PeriphIncvalue: DMA_PINC_DISABLE
2025-07-01 23:01:08,003 [INFO] Argument:335 - Argument : PeriphIncvalue: DMA_PINC_DISABLE
2025-07-01 23:01:08,003 [INFO] Argument:325 - Argument : MemIncvalue: DMA_MINC_ENABLE
2025-07-01 23:01:08,003 [INFO] Argument:335 - Argument : MemIncvalue: DMA_MINC_ENABLE
2025-07-01 23:01:08,003 [INFO] Argument:325 - Argument : PeriphDataAlignmentvalue: DMA_PDATAALIGN_HALFWORD
2025-07-01 23:01:08,003 [INFO] Argument:335 - Argument : PeriphDataAlignmentvalue: DMA_PDATAALIGN_HALFWORD
2025-07-01 23:01:08,003 [INFO] Argument:325 - Argument : MemDataAlignmentvalue: DMA_MDATAALIGN_HALFWORD
2025-07-01 23:01:08,003 [INFO] Argument:335 - Argument : MemDataAlignmentvalue: DMA_MDATAALIGN_HALFWORD
2025-07-01 23:01:08,003 [INFO] Argument:325 - Argument : Modevalue: DMA_NORMAL
2025-07-01 23:01:08,003 [INFO] Argument:335 - Argument : Modevalue: DMA_NORMAL
2025-07-01 23:01:08,003 [INFO] Argument:325 - Argument : Priorityvalue: DMA_PRIORITY_HIGH
2025-07-01 23:01:08,003 [INFO] Argument:335 - Argument : Priorityvalue: DMA_PRIORITY_HIGH
2025-07-01 23:01:08,003 [INFO] Argument:325 - Argument : FIFOModevalue: DMA_FIFOMODE_DISABLE
2025-07-01 23:01:08,003 [INFO] Argument:335 - Argument : FIFOModevalue: DMA_FIFOMODE_DISABLE
2025-07-01 23:01:08,003 [INFO] Argument:325 - Argument : FIFOThresholdvalue: null
2025-07-01 23:01:08,003 [INFO] Argument:335 - Argument : FIFOThresholdvalue: null
2025-07-01 23:01:08,004 [INFO] Argument:325 - Argument : MemBurstvalue: null
2025-07-01 23:01:08,004 [INFO] Argument:335 - Argument : MemBurstvalue: null
2025-07-01 23:01:08,004 [INFO] Argument:325 - Argument : PeriphBurstvalue: null
2025-07-01 23:01:08,004 [INFO] Argument:335 - Argument : PeriphBurstvalue: null
2025-07-01 23:01:08,004 [INFO] Argument:325 - Argument : Lockvalue: null
2025-07-01 23:01:08,004 [INFO] Argument:335 - Argument : Lockvalue: null
2025-07-01 23:01:08,004 [INFO] Argument:325 - Argument : Statevalue: null
2025-07-01 23:01:08,004 [INFO] Argument:335 - Argument : Statevalue: null
2025-07-01 23:01:08,004 [INFO] Argument:325 - Argument : Parentvalue: null
2025-07-01 23:01:08,004 [INFO] Argument:335 - Argument : Parentvalue: null
2025-07-01 23:01:08,004 [INFO] Argument:325 - Argument : XferCpltCallbackvalue: null
2025-07-01 23:01:08,004 [INFO] Argument:335 - Argument : XferCpltCallbackvalue: null
2025-07-01 23:01:08,004 [INFO] Argument:325 - Argument : XferHalfCpltCallbackvalue: null
2025-07-01 23:01:08,004 [INFO] Argument:335 - Argument : XferHalfCpltCallbackvalue: null
2025-07-01 23:01:08,005 [INFO] Argument:325 - Argument : XferM1CpltCallbackvalue: null
2025-07-01 23:01:08,005 [INFO] Argument:335 - Argument : XferM1CpltCallbackvalue: null
2025-07-01 23:01:08,005 [INFO] Argument:325 - Argument : XferM1HalfCpltCallbackvalue: null
2025-07-01 23:01:08,005 [INFO] Argument:335 - Argument : XferM1HalfCpltCallbackvalue: null
2025-07-01 23:01:08,005 [INFO] Argument:325 - Argument : XferErrorCallbackvalue: null
2025-07-01 23:01:08,005 [INFO] Argument:335 - Argument : XferErrorCallbackvalue: null
2025-07-01 23:01:08,005 [INFO] Argument:325 - Argument : XferAbortCallbackvalue: null
2025-07-01 23:01:08,005 [INFO] Argument:335 - Argument : XferAbortCallbackvalue: null
2025-07-01 23:01:08,006 [INFO] Argument:325 - Argument : ErrorCodevalue: null
2025-07-01 23:01:08,006 [INFO] Argument:335 - Argument : ErrorCodevalue: null
2025-07-01 23:01:08,006 [INFO] Argument:325 - Argument : StreamBaseAddressvalue: null
2025-07-01 23:01:08,006 [INFO] Argument:335 - Argument : StreamBaseAddressvalue: null
2025-07-01 23:01:08,006 [INFO] Argument:325 - Argument : StreamIndexvalue: null
2025-07-01 23:01:08,006 [INFO] Argument:335 - Argument : StreamIndexvalue: null
2025-07-01 23:01:08,007 [INFO] Argument:325 - Argument : hdmavalue: null
2025-07-01 23:01:08,007 [INFO] Argument:327 - 	 sub Args: 
2025-07-01 23:01:08,007 [INFO] Argument:325 - Argument : Instancevalue: DMA1_Stream1
2025-07-01 23:01:08,007 [INFO] Argument:335 - Argument : Instancevalue: DMA1_Stream1
2025-07-01 23:01:08,007 [INFO] Argument:325 - Argument : Initvalue: null
2025-07-01 23:01:08,007 [INFO] Argument:327 - 	 sub Args: 
2025-07-01 23:01:08,007 [INFO] Argument:325 - Argument : Requestvalue: DMA_REQUEST_TIM3_CH2
2025-07-01 23:01:08,007 [INFO] Argument:335 - Argument : Requestvalue: DMA_REQUEST_TIM3_CH2
2025-07-01 23:01:08,007 [INFO] Argument:325 - Argument : Directionvalue: DMA_MEMORY_TO_PERIPH
2025-07-01 23:01:08,007 [INFO] Argument:335 - Argument : Directionvalue: DMA_MEMORY_TO_PERIPH
2025-07-01 23:01:08,007 [INFO] Argument:325 - Argument : PeriphIncvalue: DMA_PINC_DISABLE
2025-07-01 23:01:08,007 [INFO] Argument:335 - Argument : PeriphIncvalue: DMA_PINC_DISABLE
2025-07-01 23:01:08,007 [INFO] Argument:325 - Argument : MemIncvalue: DMA_MINC_ENABLE
2025-07-01 23:01:08,007 [INFO] Argument:335 - Argument : MemIncvalue: DMA_MINC_ENABLE
2025-07-01 23:01:08,008 [INFO] Argument:325 - Argument : PeriphDataAlignmentvalue: DMA_PDATAALIGN_HALFWORD
2025-07-01 23:01:08,008 [INFO] Argument:335 - Argument : PeriphDataAlignmentvalue: DMA_PDATAALIGN_HALFWORD
2025-07-01 23:01:08,008 [INFO] Argument:325 - Argument : MemDataAlignmentvalue: DMA_MDATAALIGN_HALFWORD
2025-07-01 23:01:08,008 [INFO] Argument:335 - Argument : MemDataAlignmentvalue: DMA_MDATAALIGN_HALFWORD
2025-07-01 23:01:08,008 [INFO] Argument:325 - Argument : Modevalue: DMA_NORMAL
2025-07-01 23:01:08,008 [INFO] Argument:335 - Argument : Modevalue: DMA_NORMAL
2025-07-01 23:01:08,008 [INFO] Argument:325 - Argument : Priorityvalue: DMA_PRIORITY_HIGH
2025-07-01 23:01:08,008 [INFO] Argument:335 - Argument : Priorityvalue: DMA_PRIORITY_HIGH
2025-07-01 23:01:08,008 [INFO] Argument:325 - Argument : FIFOModevalue: DMA_FIFOMODE_DISABLE
2025-07-01 23:01:08,008 [INFO] Argument:335 - Argument : FIFOModevalue: DMA_FIFOMODE_DISABLE
2025-07-01 23:01:08,008 [INFO] Argument:325 - Argument : FIFOThresholdvalue: null
2025-07-01 23:01:08,008 [INFO] Argument:335 - Argument : FIFOThresholdvalue: null
2025-07-01 23:01:08,008 [INFO] Argument:325 - Argument : MemBurstvalue: null
2025-07-01 23:01:08,008 [INFO] Argument:335 - Argument : MemBurstvalue: null
2025-07-01 23:01:08,008 [INFO] Argument:325 - Argument : PeriphBurstvalue: null
2025-07-01 23:01:08,008 [INFO] Argument:335 - Argument : PeriphBurstvalue: null
2025-07-01 23:01:08,008 [INFO] Argument:325 - Argument : Lockvalue: null
2025-07-01 23:01:08,009 [INFO] Argument:335 - Argument : Lockvalue: null
2025-07-01 23:01:08,009 [INFO] Argument:325 - Argument : Statevalue: null
2025-07-01 23:01:08,009 [INFO] Argument:335 - Argument : Statevalue: null
2025-07-01 23:01:08,009 [INFO] Argument:325 - Argument : Parentvalue: null
2025-07-01 23:01:08,009 [INFO] Argument:335 - Argument : Parentvalue: null
2025-07-01 23:01:08,009 [INFO] Argument:325 - Argument : XferCpltCallbackvalue: null
2025-07-01 23:01:08,009 [INFO] Argument:335 - Argument : XferCpltCallbackvalue: null
2025-07-01 23:01:08,009 [INFO] Argument:325 - Argument : XferHalfCpltCallbackvalue: null
2025-07-01 23:01:08,009 [INFO] Argument:335 - Argument : XferHalfCpltCallbackvalue: null
2025-07-01 23:01:08,009 [INFO] Argument:325 - Argument : XferM1CpltCallbackvalue: null
2025-07-01 23:01:08,009 [INFO] Argument:335 - Argument : XferM1CpltCallbackvalue: null
2025-07-01 23:01:08,009 [INFO] Argument:325 - Argument : XferM1HalfCpltCallbackvalue: null
2025-07-01 23:01:08,009 [INFO] Argument:335 - Argument : XferM1HalfCpltCallbackvalue: null
2025-07-01 23:01:08,009 [INFO] Argument:325 - Argument : XferErrorCallbackvalue: null
2025-07-01 23:01:08,009 [INFO] Argument:335 - Argument : XferErrorCallbackvalue: null
2025-07-01 23:01:08,009 [INFO] Argument:325 - Argument : XferAbortCallbackvalue: null
2025-07-01 23:01:08,009 [INFO] Argument:335 - Argument : XferAbortCallbackvalue: null
2025-07-01 23:01:08,010 [INFO] Argument:325 - Argument : ErrorCodevalue: null
2025-07-01 23:01:08,010 [INFO] Argument:335 - Argument : ErrorCodevalue: null
2025-07-01 23:01:08,010 [INFO] Argument:325 - Argument : StreamBaseAddressvalue: null
2025-07-01 23:01:08,010 [INFO] Argument:335 - Argument : StreamBaseAddressvalue: null
2025-07-01 23:01:08,010 [INFO] Argument:325 - Argument : StreamIndexvalue: null
2025-07-01 23:01:08,010 [INFO] Argument:335 - Argument : StreamIndexvalue: null
2025-07-01 23:01:08,030 [INFO] Argument:325 - Argument : hdmavalue: null
2025-07-01 23:01:08,030 [INFO] Argument:327 - 	 sub Args: 
2025-07-01 23:01:08,030 [INFO] Argument:325 - Argument : Instancevalue: DMA1_Stream3
2025-07-01 23:01:08,031 [INFO] Argument:335 - Argument : Instancevalue: DMA1_Stream3
2025-07-01 23:01:08,031 [INFO] Argument:325 - Argument : Initvalue: null
2025-07-01 23:01:08,031 [INFO] Argument:327 - 	 sub Args: 
2025-07-01 23:01:08,031 [INFO] Argument:325 - Argument : Requestvalue: DMA_REQUEST_TIM15_UP
2025-07-01 23:01:08,031 [INFO] Argument:335 - Argument : Requestvalue: DMA_REQUEST_TIM15_UP
2025-07-01 23:01:08,031 [INFO] Argument:325 - Argument : Directionvalue: DMA_PERIPH_TO_MEMORY
2025-07-01 23:01:08,031 [INFO] Argument:335 - Argument : Directionvalue: DMA_PERIPH_TO_MEMORY
2025-07-01 23:01:08,031 [INFO] Argument:325 - Argument : PeriphIncvalue: DMA_PINC_DISABLE
2025-07-01 23:01:08,031 [INFO] Argument:335 - Argument : PeriphIncvalue: DMA_PINC_DISABLE
2025-07-01 23:01:08,031 [INFO] Argument:325 - Argument : MemIncvalue: DMA_MINC_ENABLE
2025-07-01 23:01:08,031 [INFO] Argument:335 - Argument : MemIncvalue: DMA_MINC_ENABLE
2025-07-01 23:01:08,031 [INFO] Argument:325 - Argument : PeriphDataAlignmentvalue: DMA_PDATAALIGN_HALFWORD
2025-07-01 23:01:08,031 [INFO] Argument:335 - Argument : PeriphDataAlignmentvalue: DMA_PDATAALIGN_HALFWORD
2025-07-01 23:01:08,031 [INFO] Argument:325 - Argument : MemDataAlignmentvalue: DMA_MDATAALIGN_HALFWORD
2025-07-01 23:01:08,031 [INFO] Argument:335 - Argument : MemDataAlignmentvalue: DMA_MDATAALIGN_HALFWORD
2025-07-01 23:01:08,031 [INFO] Argument:325 - Argument : Modevalue: DMA_NORMAL
2025-07-01 23:01:08,031 [INFO] Argument:335 - Argument : Modevalue: DMA_NORMAL
2025-07-01 23:01:08,031 [INFO] Argument:325 - Argument : Priorityvalue: DMA_PRIORITY_VERY_HIGH
2025-07-01 23:01:08,031 [INFO] Argument:335 - Argument : Priorityvalue: DMA_PRIORITY_VERY_HIGH
2025-07-01 23:01:08,031 [INFO] Argument:325 - Argument : FIFOModevalue: DMA_FIFOMODE_DISABLE
2025-07-01 23:01:08,031 [INFO] Argument:335 - Argument : FIFOModevalue: DMA_FIFOMODE_DISABLE
2025-07-01 23:01:08,031 [INFO] Argument:325 - Argument : FIFOThresholdvalue: null
2025-07-01 23:01:08,031 [INFO] Argument:335 - Argument : FIFOThresholdvalue: null
2025-07-01 23:01:08,031 [INFO] Argument:325 - Argument : MemBurstvalue: null
2025-07-01 23:01:08,032 [INFO] Argument:335 - Argument : MemBurstvalue: null
2025-07-01 23:01:08,032 [INFO] Argument:325 - Argument : PeriphBurstvalue: null
2025-07-01 23:01:08,032 [INFO] Argument:335 - Argument : PeriphBurstvalue: null
2025-07-01 23:01:08,032 [INFO] Argument:325 - Argument : Lockvalue: null
2025-07-01 23:01:08,032 [INFO] Argument:335 - Argument : Lockvalue: null
2025-07-01 23:01:08,032 [INFO] Argument:325 - Argument : Statevalue: null
2025-07-01 23:01:08,032 [INFO] Argument:335 - Argument : Statevalue: null
2025-07-01 23:01:08,032 [INFO] Argument:325 - Argument : Parentvalue: null
2025-07-01 23:01:08,032 [INFO] Argument:335 - Argument : Parentvalue: null
2025-07-01 23:01:08,032 [INFO] Argument:325 - Argument : XferCpltCallbackvalue: null
2025-07-01 23:01:08,032 [INFO] Argument:335 - Argument : XferCpltCallbackvalue: null
2025-07-01 23:01:08,032 [INFO] Argument:325 - Argument : XferHalfCpltCallbackvalue: null
2025-07-01 23:01:08,032 [INFO] Argument:335 - Argument : XferHalfCpltCallbackvalue: null
2025-07-01 23:01:08,032 [INFO] Argument:325 - Argument : XferM1CpltCallbackvalue: null
2025-07-01 23:01:08,032 [INFO] Argument:335 - Argument : XferM1CpltCallbackvalue: null
2025-07-01 23:01:08,032 [INFO] Argument:325 - Argument : XferM1HalfCpltCallbackvalue: null
2025-07-01 23:01:08,032 [INFO] Argument:335 - Argument : XferM1HalfCpltCallbackvalue: null
2025-07-01 23:01:08,032 [INFO] Argument:325 - Argument : XferErrorCallbackvalue: null
2025-07-01 23:01:08,032 [INFO] Argument:335 - Argument : XferErrorCallbackvalue: null
2025-07-01 23:01:08,032 [INFO] Argument:325 - Argument : XferAbortCallbackvalue: null
2025-07-01 23:01:08,032 [INFO] Argument:335 - Argument : XferAbortCallbackvalue: null
2025-07-01 23:01:08,033 [INFO] Argument:325 - Argument : ErrorCodevalue: null
2025-07-01 23:01:08,033 [INFO] Argument:335 - Argument : ErrorCodevalue: null
2025-07-01 23:01:08,033 [INFO] Argument:325 - Argument : StreamBaseAddressvalue: null
2025-07-01 23:01:08,033 [INFO] Argument:335 - Argument : StreamBaseAddressvalue: null
2025-07-01 23:01:08,033 [INFO] Argument:325 - Argument : StreamIndexvalue: null
2025-07-01 23:01:08,033 [INFO] Argument:335 - Argument : StreamIndexvalue: null
2025-07-01 23:01:08,039 [INFO] Argument:325 - Argument : hdmavalue: null
2025-07-01 23:01:08,039 [INFO] Argument:327 - 	 sub Args: 
2025-07-01 23:01:08,040 [INFO] Argument:325 - Argument : Instancevalue: DMA1_Stream2
2025-07-01 23:01:08,040 [INFO] Argument:335 - Argument : Instancevalue: DMA1_Stream2
2025-07-01 23:01:08,040 [INFO] Argument:325 - Argument : Initvalue: null
2025-07-01 23:01:08,040 [INFO] Argument:327 - 	 sub Args: 
2025-07-01 23:01:08,040 [INFO] Argument:325 - Argument : Requestvalue: DMA_REQUEST_TIM16_UP
2025-07-01 23:01:08,040 [INFO] Argument:335 - Argument : Requestvalue: DMA_REQUEST_TIM16_UP
2025-07-01 23:01:08,040 [INFO] Argument:325 - Argument : Directionvalue: DMA_PERIPH_TO_MEMORY
2025-07-01 23:01:08,040 [INFO] Argument:335 - Argument : Directionvalue: DMA_PERIPH_TO_MEMORY
2025-07-01 23:01:08,040 [INFO] Argument:325 - Argument : PeriphIncvalue: DMA_PINC_DISABLE
2025-07-01 23:01:08,040 [INFO] Argument:335 - Argument : PeriphIncvalue: DMA_PINC_DISABLE
2025-07-01 23:01:08,040 [INFO] Argument:325 - Argument : MemIncvalue: DMA_MINC_ENABLE
2025-07-01 23:01:08,040 [INFO] Argument:335 - Argument : MemIncvalue: DMA_MINC_ENABLE
2025-07-01 23:01:08,040 [INFO] Argument:325 - Argument : PeriphDataAlignmentvalue: DMA_PDATAALIGN_HALFWORD
2025-07-01 23:01:08,040 [INFO] Argument:335 - Argument : PeriphDataAlignmentvalue: DMA_PDATAALIGN_HALFWORD
2025-07-01 23:01:08,040 [INFO] Argument:325 - Argument : MemDataAlignmentvalue: DMA_MDATAALIGN_HALFWORD
2025-07-01 23:01:08,040 [INFO] Argument:335 - Argument : MemDataAlignmentvalue: DMA_MDATAALIGN_HALFWORD
2025-07-01 23:01:08,040 [INFO] Argument:325 - Argument : Modevalue: DMA_NORMAL
2025-07-01 23:01:08,040 [INFO] Argument:335 - Argument : Modevalue: DMA_NORMAL
2025-07-01 23:01:08,040 [INFO] Argument:325 - Argument : Priorityvalue: DMA_PRIORITY_VERY_HIGH
2025-07-01 23:01:08,040 [INFO] Argument:335 - Argument : Priorityvalue: DMA_PRIORITY_VERY_HIGH
2025-07-01 23:01:08,040 [INFO] Argument:325 - Argument : FIFOModevalue: DMA_FIFOMODE_DISABLE
2025-07-01 23:01:08,040 [INFO] Argument:335 - Argument : FIFOModevalue: DMA_FIFOMODE_DISABLE
2025-07-01 23:01:08,040 [INFO] Argument:325 - Argument : FIFOThresholdvalue: null
2025-07-01 23:01:08,040 [INFO] Argument:335 - Argument : FIFOThresholdvalue: null
2025-07-01 23:01:08,040 [INFO] Argument:325 - Argument : MemBurstvalue: null
2025-07-01 23:01:08,040 [INFO] Argument:335 - Argument : MemBurstvalue: null
2025-07-01 23:01:08,040 [INFO] Argument:325 - Argument : PeriphBurstvalue: null
2025-07-01 23:01:08,041 [INFO] Argument:335 - Argument : PeriphBurstvalue: null
2025-07-01 23:01:08,041 [INFO] Argument:325 - Argument : Lockvalue: null
2025-07-01 23:01:08,041 [INFO] Argument:335 - Argument : Lockvalue: null
2025-07-01 23:01:08,041 [INFO] Argument:325 - Argument : Statevalue: null
2025-07-01 23:01:08,041 [INFO] Argument:335 - Argument : Statevalue: null
2025-07-01 23:01:08,041 [INFO] Argument:325 - Argument : Parentvalue: null
2025-07-01 23:01:08,041 [INFO] Argument:335 - Argument : Parentvalue: null
2025-07-01 23:01:08,041 [INFO] Argument:325 - Argument : XferCpltCallbackvalue: null
2025-07-01 23:01:08,041 [INFO] Argument:335 - Argument : XferCpltCallbackvalue: null
2025-07-01 23:01:08,041 [INFO] Argument:325 - Argument : XferHalfCpltCallbackvalue: null
2025-07-01 23:01:08,041 [INFO] Argument:335 - Argument : XferHalfCpltCallbackvalue: null
2025-07-01 23:01:08,041 [INFO] Argument:325 - Argument : XferM1CpltCallbackvalue: null
2025-07-01 23:01:08,041 [INFO] Argument:335 - Argument : XferM1CpltCallbackvalue: null
2025-07-01 23:01:08,041 [INFO] Argument:325 - Argument : XferM1HalfCpltCallbackvalue: null
2025-07-01 23:01:08,041 [INFO] Argument:335 - Argument : XferM1HalfCpltCallbackvalue: null
2025-07-01 23:01:08,041 [INFO] Argument:325 - Argument : XferErrorCallbackvalue: null
2025-07-01 23:01:08,041 [INFO] Argument:335 - Argument : XferErrorCallbackvalue: null
2025-07-01 23:01:08,041 [INFO] Argument:325 - Argument : XferAbortCallbackvalue: null
2025-07-01 23:01:08,041 [INFO] Argument:335 - Argument : XferAbortCallbackvalue: null
2025-07-01 23:01:08,041 [INFO] Argument:325 - Argument : ErrorCodevalue: null
2025-07-01 23:01:08,041 [INFO] Argument:335 - Argument : ErrorCodevalue: null
2025-07-01 23:01:08,041 [INFO] Argument:325 - Argument : StreamBaseAddressvalue: null
2025-07-01 23:01:08,041 [INFO] Argument:335 - Argument : StreamBaseAddressvalue: null
2025-07-01 23:01:08,041 [INFO] Argument:325 - Argument : StreamIndexvalue: null
2025-07-01 23:01:08,041 [INFO] Argument:335 - Argument : StreamIndexvalue: null
2025-07-01 23:01:08,143 [INFO] CodeEngine:263 - oldGeneratedFile, C:\Users\marcv\Desktop\X1-Thorn\1_Code\3_STM32\0_workspace\X1_Thorn_v3\MXTmpFiles\license.tmp_save
2025-07-01 23:01:08,368 [INFO] CodeEngine:287 - Generated code: C:\Users\marcv\Desktop\X1-Thorn\1_Code\3_STM32\0_workspace\X1_Thorn_v3\MXTmpFiles\license.tmp
2025-07-01 23:01:08,510 [INFO] CodeEngine:263 - oldGeneratedFile, C:\Users\marcv\Desktop\X1-Thorn\1_Code\3_STM32\0_workspace\X1_Thorn_v3\Core\Src\gpio.c_save
2025-07-01 23:01:08,638 [INFO] CodeEngine:287 - Generated code: C:\Users\marcv\Desktop\X1-Thorn\1_Code\3_STM32\0_workspace\X1_Thorn_v3\Core\Src\gpio.c
2025-07-01 23:01:08,647 [INFO] CodeEngine:263 - oldGeneratedFile, C:\Users\marcv\Desktop\X1-Thorn\1_Code\3_STM32\0_workspace\X1_Thorn_v3\Core\Inc\gpio.h_save
2025-07-01 23:01:08,724 [INFO] CodeEngine:287 - Generated code: C:\Users\marcv\Desktop\X1-Thorn\1_Code\3_STM32\0_workspace\X1_Thorn_v3\Core\Inc\gpio.h
2025-07-01 23:01:09,149 [WARN] IPConfigManager:103 - WARNING: Missing Config File for DEBUG ip!!
2025-07-01 23:01:09,728 [WARN] IPConfigManager:103 - WARNING: Missing Config File for MEMORYMAP ip!!
2025-07-01 23:01:11,411 [INFO] Middleware:1452 - No code input for Bsp Dependency
2025-07-01 23:01:11,422 [INFO] CodeEngine:263 - oldGeneratedFile, C:\Users\marcv\Desktop\X1-Thorn\1_Code\3_STM32\0_workspace\X1_Thorn_v3\MXTmpFiles\rtos_inc.tmp_save
2025-07-01 23:01:11,520 [INFO] CodeEngine:287 - Generated code: C:\Users\marcv\Desktop\X1-Thorn\1_Code\3_STM32\0_workspace\X1_Thorn_v3\MXTmpFiles\rtos_inc.tmp
2025-07-01 23:01:11,526 [INFO] CodeEngine:263 - oldGeneratedFile, C:\Users\marcv\Desktop\X1-Thorn\1_Code\3_STM32\0_workspace\X1_Thorn_v3\MXTmpFiles\rtos_kernelInit.tmp_save
2025-07-01 23:01:11,605 [INFO] CodeEngine:287 - Generated code: C:\Users\marcv\Desktop\X1-Thorn\1_Code\3_STM32\0_workspace\X1_Thorn_v3\MXTmpFiles\rtos_kernelInit.tmp
2025-07-01 23:01:11,610 [INFO] CodeEngine:263 - oldGeneratedFile, C:\Users\marcv\Desktop\X1-Thorn\1_Code\3_STM32\0_workspace\X1_Thorn_v3\MXTmpFiles\rtos_kernelStart.tmp_save
2025-07-01 23:01:11,683 [INFO] CodeEngine:287 - Generated code: C:\Users\marcv\Desktop\X1-Thorn\1_Code\3_STM32\0_workspace\X1_Thorn_v3\MXTmpFiles\rtos_kernelStart.tmp
2025-07-01 23:01:11,689 [INFO] CodeEngine:263 - oldGeneratedFile, C:\Users\marcv\Desktop\X1-Thorn\1_Code\3_STM32\0_workspace\X1_Thorn_v3\MXTmpFiles\rtos_typedefs.tmp_save
2025-07-01 23:01:11,796 [INFO] CodeEngine:287 - Generated code: C:\Users\marcv\Desktop\X1-Thorn\1_Code\3_STM32\0_workspace\X1_Thorn_v3\MXTmpFiles\rtos_typedefs.tmp
2025-07-01 23:01:11,804 [INFO] CodeEngine:263 - oldGeneratedFile, C:\Users\marcv\Desktop\X1-Thorn\1_Code\3_STM32\0_workspace\X1_Thorn_v3\MXTmpFiles\rtos_vars.tmp_save
2025-07-01 23:01:11,874 [INFO] CodeEngine:287 - Generated code: C:\Users\marcv\Desktop\X1-Thorn\1_Code\3_STM32\0_workspace\X1_Thorn_v3\MXTmpFiles\rtos_vars.tmp
2025-07-01 23:01:11,879 [INFO] CodeEngine:263 - oldGeneratedFile, C:\Users\marcv\Desktop\X1-Thorn\1_Code\3_STM32\0_workspace\X1_Thorn_v3\MXTmpFiles\rtos_pfp.tmp_save
2025-07-01 23:01:11,945 [INFO] CodeEngine:287 - Generated code: C:\Users\marcv\Desktop\X1-Thorn\1_Code\3_STM32\0_workspace\X1_Thorn_v3\MXTmpFiles\rtos_pfp.tmp
2025-07-01 23:01:11,951 [INFO] CodeEngine:263 - oldGeneratedFile, C:\Users\marcv\Desktop\X1-Thorn\1_Code\3_STM32\0_workspace\X1_Thorn_v3\MXTmpFiles\rtos_obj_creat.tmp_save
2025-07-01 23:01:12,016 [INFO] CodeEngine:287 - Generated code: C:\Users\marcv\Desktop\X1-Thorn\1_Code\3_STM32\0_workspace\X1_Thorn_v3\MXTmpFiles\rtos_obj_creat.tmp
2025-07-01 23:01:12,022 [INFO] CodeEngine:263 - oldGeneratedFile, C:\Users\marcv\Desktop\X1-Thorn\1_Code\3_STM32\0_workspace\X1_Thorn_v3\MXTmpFiles\rtos_default_thread.tmp_save
2025-07-01 23:01:12,091 [INFO] CodeEngine:287 - Generated code: C:\Users\marcv\Desktop\X1-Thorn\1_Code\3_STM32\0_workspace\X1_Thorn_v3\MXTmpFiles\rtos_default_thread.tmp
2025-07-01 23:01:12,098 [INFO] CodeEngine:263 - oldGeneratedFile, C:\Users\marcv\Desktop\X1-Thorn\1_Code\3_STM32\0_workspace\X1_Thorn_v3\MXTmpFiles\rtos_threads.tmp_save
2025-07-01 23:01:12,170 [INFO] CodeEngine:287 - Generated code: C:\Users\marcv\Desktop\X1-Thorn\1_Code\3_STM32\0_workspace\X1_Thorn_v3\MXTmpFiles\rtos_threads.tmp
2025-07-01 23:01:12,211 [INFO] Middleware:1452 - No code input for Bsp Dependency
2025-07-01 23:01:12,223 [INFO] CodeEngine:263 - oldGeneratedFile, C:\Users\marcv\Desktop\X1-Thorn\1_Code\3_STM32\0_workspace\X1_Thorn_v3\MXTmpFiles\rtos_inc.tmp_save
2025-07-01 23:01:12,292 [INFO] CodeEngine:287 - Generated code: C:\Users\marcv\Desktop\X1-Thorn\1_Code\3_STM32\0_workspace\X1_Thorn_v3\MXTmpFiles\rtos_inc.tmp
2025-07-01 23:01:12,299 [INFO] CodeEngine:263 - oldGeneratedFile, C:\Users\marcv\Desktop\X1-Thorn\1_Code\3_STM32\0_workspace\X1_Thorn_v3\MXTmpFiles\rtos_kernelInit.tmp_save
2025-07-01 23:01:12,351 [INFO] CodeEngine:287 - Generated code: C:\Users\marcv\Desktop\X1-Thorn\1_Code\3_STM32\0_workspace\X1_Thorn_v3\MXTmpFiles\rtos_kernelInit.tmp
2025-07-01 23:01:12,358 [INFO] CodeEngine:263 - oldGeneratedFile, C:\Users\marcv\Desktop\X1-Thorn\1_Code\3_STM32\0_workspace\X1_Thorn_v3\MXTmpFiles\rtos_kernelStart.tmp_save
2025-07-01 23:01:12,409 [INFO] CodeEngine:287 - Generated code: C:\Users\marcv\Desktop\X1-Thorn\1_Code\3_STM32\0_workspace\X1_Thorn_v3\MXTmpFiles\rtos_kernelStart.tmp
2025-07-01 23:01:12,415 [INFO] CodeEngine:263 - oldGeneratedFile, C:\Users\marcv\Desktop\X1-Thorn\1_Code\3_STM32\0_workspace\X1_Thorn_v3\MXTmpFiles\rtos_typedefs.tmp_save
2025-07-01 23:01:12,469 [INFO] CodeEngine:287 - Generated code: C:\Users\marcv\Desktop\X1-Thorn\1_Code\3_STM32\0_workspace\X1_Thorn_v3\MXTmpFiles\rtos_typedefs.tmp
2025-07-01 23:01:12,485 [INFO] CodeEngine:263 - oldGeneratedFile, C:\Users\marcv\Desktop\X1-Thorn\1_Code\3_STM32\0_workspace\X1_Thorn_v3\MXTmpFiles\rtos_vars.tmp_save
2025-07-01 23:01:12,539 [INFO] CodeEngine:287 - Generated code: C:\Users\marcv\Desktop\X1-Thorn\1_Code\3_STM32\0_workspace\X1_Thorn_v3\MXTmpFiles\rtos_vars.tmp
2025-07-01 23:01:12,546 [INFO] CodeEngine:263 - oldGeneratedFile, C:\Users\marcv\Desktop\X1-Thorn\1_Code\3_STM32\0_workspace\X1_Thorn_v3\MXTmpFiles\rtos_pfp.tmp_save
2025-07-01 23:01:12,596 [INFO] CodeEngine:287 - Generated code: C:\Users\marcv\Desktop\X1-Thorn\1_Code\3_STM32\0_workspace\X1_Thorn_v3\MXTmpFiles\rtos_pfp.tmp
2025-07-01 23:01:12,611 [INFO] CodeEngine:263 - oldGeneratedFile, C:\Users\marcv\Desktop\X1-Thorn\1_Code\3_STM32\0_workspace\X1_Thorn_v3\MXTmpFiles\rtos_obj_creat.tmp_save
2025-07-01 23:01:12,665 [INFO] CodeEngine:287 - Generated code: C:\Users\marcv\Desktop\X1-Thorn\1_Code\3_STM32\0_workspace\X1_Thorn_v3\MXTmpFiles\rtos_obj_creat.tmp
2025-07-01 23:01:12,672 [INFO] CodeEngine:263 - oldGeneratedFile, C:\Users\marcv\Desktop\X1-Thorn\1_Code\3_STM32\0_workspace\X1_Thorn_v3\MXTmpFiles\rtos_default_thread.tmp_save
2025-07-01 23:01:12,724 [INFO] CodeEngine:287 - Generated code: C:\Users\marcv\Desktop\X1-Thorn\1_Code\3_STM32\0_workspace\X1_Thorn_v3\MXTmpFiles\rtos_default_thread.tmp
2025-07-01 23:01:12,732 [INFO] CodeEngine:263 - oldGeneratedFile, C:\Users\marcv\Desktop\X1-Thorn\1_Code\3_STM32\0_workspace\X1_Thorn_v3\MXTmpFiles\rtos_threads.tmp_save
2025-07-01 23:01:12,784 [INFO] CodeEngine:287 - Generated code: C:\Users\marcv\Desktop\X1-Thorn\1_Code\3_STM32\0_workspace\X1_Thorn_v3\MXTmpFiles\rtos_threads.tmp
2025-07-01 23:01:12,802 [INFO] CodeEngine:263 - oldGeneratedFile, C:\Users\marcv\Desktop\X1-Thorn\1_Code\3_STM32\0_workspace\X1_Thorn_v3\Core\Inc\FreeRTOSConfig.h_save
2025-07-01 23:01:12,885 [INFO] CodeEngine:287 - Generated code: C:\Users\marcv\Desktop\X1-Thorn\1_Code\3_STM32\0_workspace\X1_Thorn_v3\Core\Inc\FreeRTOSConfig.h
2025-07-01 23:01:12,905 [INFO] CodeEngine:263 - oldGeneratedFile, C:\Users\marcv\Desktop\X1-Thorn\1_Code\3_STM32\0_workspace\X1_Thorn_v3\Core\Src\freertos.c_save
2025-07-01 23:01:12,994 [INFO] CodeEngine:287 - Generated code: C:\Users\marcv\Desktop\X1-Thorn\1_Code\3_STM32\0_workspace\X1_Thorn_v3\Core\Src\freertos.c
2025-07-01 23:01:13,019 [INFO] CodeEngine:263 - oldGeneratedFile, C:\Users\marcv\Desktop\X1-Thorn\1_Code\3_STM32\0_workspace\X1_Thorn_v3\Core\Src\adc.c_save
2025-07-01 23:01:13,136 [INFO] CodeEngine:287 - Generated code: C:\Users\marcv\Desktop\X1-Thorn\1_Code\3_STM32\0_workspace\X1_Thorn_v3\Core\Src\adc.c
2025-07-01 23:01:13,143 [INFO] CodeEngine:263 - oldGeneratedFile, C:\Users\marcv\Desktop\X1-Thorn\1_Code\3_STM32\0_workspace\X1_Thorn_v3\Core\Inc\adc.h_save
2025-07-01 23:01:13,199 [INFO] CodeEngine:287 - Generated code: C:\Users\marcv\Desktop\X1-Thorn\1_Code\3_STM32\0_workspace\X1_Thorn_v3\Core\Inc\adc.h
2025-07-01 23:01:13,210 [INFO] CodeEngine:263 - oldGeneratedFile, C:\Users\marcv\Desktop\X1-Thorn\1_Code\3_STM32\0_workspace\X1_Thorn_v3\MXTmpFiles\cortex.tmp_save
2025-07-01 23:01:13,297 [INFO] CodeEngine:287 - Generated code: C:\Users\marcv\Desktop\X1-Thorn\1_Code\3_STM32\0_workspace\X1_Thorn_v3\MXTmpFiles\cortex.tmp
2025-07-01 23:01:13,408 [INFO] CodeEngine:263 - oldGeneratedFile, C:\Users\marcv\Desktop\X1-Thorn\1_Code\3_STM32\0_workspace\X1_Thorn_v3\Core\Src\dma.c_save
2025-07-01 23:01:13,484 [INFO] CodeEngine:287 - Generated code: C:\Users\marcv\Desktop\X1-Thorn\1_Code\3_STM32\0_workspace\X1_Thorn_v3\Core\Src\dma.c
2025-07-01 23:01:13,492 [INFO] CodeEngine:263 - oldGeneratedFile, C:\Users\marcv\Desktop\X1-Thorn\1_Code\3_STM32\0_workspace\X1_Thorn_v3\Core\Inc\dma.h_save
2025-07-01 23:01:13,557 [INFO] CodeEngine:287 - Generated code: C:\Users\marcv\Desktop\X1-Thorn\1_Code\3_STM32\0_workspace\X1_Thorn_v3\Core\Inc\dma.h
2025-07-01 23:01:13,585 [INFO] CodeEngine:263 - oldGeneratedFile, C:\Users\marcv\Desktop\X1-Thorn\1_Code\3_STM32\0_workspace\X1_Thorn_v3\Core\Src\i2c.c_save
2025-07-01 23:01:13,712 [INFO] CodeEngine:287 - Generated code: C:\Users\marcv\Desktop\X1-Thorn\1_Code\3_STM32\0_workspace\X1_Thorn_v3\Core\Src\i2c.c
2025-07-01 23:01:13,725 [INFO] CodeEngine:263 - oldGeneratedFile, C:\Users\marcv\Desktop\X1-Thorn\1_Code\3_STM32\0_workspace\X1_Thorn_v3\Core\Inc\i2c.h_save
2025-07-01 23:01:13,845 [INFO] CodeEngine:287 - Generated code: C:\Users\marcv\Desktop\X1-Thorn\1_Code\3_STM32\0_workspace\X1_Thorn_v3\Core\Inc\i2c.h
2025-07-01 23:01:13,879 [INFO] CodeEngine:263 - oldGeneratedFile, C:\Users\marcv\Desktop\X1-Thorn\1_Code\3_STM32\0_workspace\X1_Thorn_v3\Core\Src\memorymap.c_save
2025-07-01 23:01:13,976 [INFO] CodeEngine:287 - Generated code: C:\Users\marcv\Desktop\X1-Thorn\1_Code\3_STM32\0_workspace\X1_Thorn_v3\Core\Src\memorymap.c
2025-07-01 23:01:13,984 [INFO] CodeEngine:263 - oldGeneratedFile, C:\Users\marcv\Desktop\X1-Thorn\1_Code\3_STM32\0_workspace\X1_Thorn_v3\Core\Inc\memorymap.h_save
2025-07-01 23:01:14,082 [INFO] CodeEngine:287 - Generated code: C:\Users\marcv\Desktop\X1-Thorn\1_Code\3_STM32\0_workspace\X1_Thorn_v3\Core\Inc\memorymap.h
2025-07-01 23:01:14,111 [INFO] CodeEngine:263 - oldGeneratedFile, C:\Users\marcv\Desktop\X1-Thorn\1_Code\3_STM32\0_workspace\X1_Thorn_v3\Core\Src\spi.c_save
2025-07-01 23:01:14,198 [INFO] CodeEngine:287 - Generated code: C:\Users\marcv\Desktop\X1-Thorn\1_Code\3_STM32\0_workspace\X1_Thorn_v3\Core\Src\spi.c
2025-07-01 23:01:14,204 [INFO] CodeEngine:263 - oldGeneratedFile, C:\Users\marcv\Desktop\X1-Thorn\1_Code\3_STM32\0_workspace\X1_Thorn_v3\Core\Inc\spi.h_save
2025-07-01 23:01:14,277 [INFO] CodeEngine:287 - Generated code: C:\Users\marcv\Desktop\X1-Thorn\1_Code\3_STM32\0_workspace\X1_Thorn_v3\Core\Inc\spi.h
2025-07-01 23:01:14,305 [INFO] CodeEngine:263 - oldGeneratedFile, C:\Users\marcv\Desktop\X1-Thorn\1_Code\3_STM32\0_workspace\X1_Thorn_v3\Core\Src\tim.c_save
2025-07-01 23:01:14,471 [INFO] CodeEngine:287 - Generated code: C:\Users\marcv\Desktop\X1-Thorn\1_Code\3_STM32\0_workspace\X1_Thorn_v3\Core\Src\tim.c
2025-07-01 23:01:14,487 [INFO] CodeEngine:263 - oldGeneratedFile, C:\Users\marcv\Desktop\X1-Thorn\1_Code\3_STM32\0_workspace\X1_Thorn_v3\Core\Inc\tim.h_save
2025-07-01 23:01:14,545 [INFO] CodeEngine:287 - Generated code: C:\Users\marcv\Desktop\X1-Thorn\1_Code\3_STM32\0_workspace\X1_Thorn_v3\Core\Inc\tim.h
2025-07-01 23:01:14,568 [INFO] CodeEngine:263 - oldGeneratedFile, C:\Users\marcv\Desktop\X1-Thorn\1_Code\3_STM32\0_workspace\X1_Thorn_v3\Core\Src\usart.c_save
2025-07-01 23:01:14,657 [INFO] CodeEngine:287 - Generated code: C:\Users\marcv\Desktop\X1-Thorn\1_Code\3_STM32\0_workspace\X1_Thorn_v3\Core\Src\usart.c
2025-07-01 23:01:14,664 [INFO] CodeEngine:263 - oldGeneratedFile, C:\Users\marcv\Desktop\X1-Thorn\1_Code\3_STM32\0_workspace\X1_Thorn_v3\Core\Inc\usart.h_save
2025-07-01 23:01:14,729 [INFO] CodeEngine:287 - Generated code: C:\Users\marcv\Desktop\X1-Thorn\1_Code\3_STM32\0_workspace\X1_Thorn_v3\Core\Inc\usart.h
2025-07-01 23:01:14,792 [INFO] CodeEngine:263 - oldGeneratedFile, C:\Users\marcv\Desktop\X1-Thorn\1_Code\3_STM32\0_workspace\X1_Thorn_v3\Core\Src\stm32h7xx_it.c_save
2025-07-01 23:01:15,053 [INFO] CodeEngine:287 - Generated code: C:\Users\marcv\Desktop\X1-Thorn\1_Code\3_STM32\0_workspace\X1_Thorn_v3\Core\Src\stm32h7xx_it.c
2025-07-01 23:01:15,072 [INFO] CodeEngine:263 - oldGeneratedFile, C:\Users\marcv\Desktop\X1-Thorn\1_Code\3_STM32\0_workspace\X1_Thorn_v3\Core\Inc\stm32h7xx_it.h_save
2025-07-01 23:01:15,162 [INFO] CodeEngine:287 - Generated code: C:\Users\marcv\Desktop\X1-Thorn\1_Code\3_STM32\0_workspace\X1_Thorn_v3\Core\Inc\stm32h7xx_it.h
2025-07-01 23:01:15,323 [INFO] CodeEngine:263 - oldGeneratedFile, C:\Users\marcv\Desktop\X1-Thorn\1_Code\3_STM32\0_workspace\X1_Thorn_v3\Core\Src\stm32h7xx_hal_msp.c_save
2025-07-01 23:01:15,420 [INFO] CodeEngine:287 - Generated code: C:\Users\marcv\Desktop\X1-Thorn\1_Code\3_STM32\0_workspace\X1_Thorn_v3\Core\Src\stm32h7xx_hal_msp.c
2025-07-01 23:01:15,425 [INFO] CodeEngine:263 - oldGeneratedFile, C:\Users\marcv\Desktop\X1-Thorn\1_Code\3_STM32\0_workspace\X1_Thorn_v3\MXTmpFiles\system.tmp_save
2025-07-01 23:01:15,474 [INFO] CodeEngine:287 - Generated code: C:\Users\marcv\Desktop\X1-Thorn\1_Code\3_STM32\0_workspace\X1_Thorn_v3\MXTmpFiles\system.tmp
2025-07-01 23:01:15,489 [INFO] CodeEngine:263 - oldGeneratedFile, C:\Users\marcv\Desktop\X1-Thorn\1_Code\3_STM32\0_workspace\X1_Thorn_v3\Core\Src\stm32h7xx_hal_timebase_tim.c_save
2025-07-01 23:01:15,548 [INFO] CodeEngine:287 - Generated code: C:\Users\marcv\Desktop\X1-Thorn\1_Code\3_STM32\0_workspace\X1_Thorn_v3\Core\Src\stm32h7xx_hal_timebase_tim.c
2025-07-01 23:01:15,577 [INFO] CodeEngine:319 - oldGeneratedFile, C:\Users\marcv\Desktop\X1-Thorn\1_Code\3_STM32\0_workspace\X1_Thorn_v3\Core\Inc\stm32h7xx_hal_conf.h_save
2025-07-01 23:01:15,674 [INFO] CodeEngine:343 - Generated code: C:\Users\marcv\Desktop\X1-Thorn\1_Code\3_STM32\0_workspace\X1_Thorn_v3\Core\Inc\stm32h7xx_hal_conf.h
2025-07-01 23:01:15,719 [ERROR] ApiDbMcu:464 - Can't load MEMORYMAP-STM32xx root dir null
2025-07-01 23:01:15,719 [ERROR] ApiDbMcu:536 - Cannot parse MEMORYMAP_Config file : file do not exist
2025-07-01 23:01:15,743 [INFO] CodeEngine:263 - oldGeneratedFile, C:\Users\marcv\Desktop\X1-Thorn\1_Code\3_STM32\0_workspace\X1_Thorn_v3\Core\Inc\main.h_save
2025-07-01 23:01:15,851 [INFO] CodeEngine:287 - Generated code: C:\Users\marcv\Desktop\X1-Thorn\1_Code\3_STM32\0_workspace\X1_Thorn_v3\Core\Inc\main.h
2025-07-01 23:01:15,870 [INFO] CodeEngine:263 - oldGeneratedFile, C:\Users\marcv\Desktop\X1-Thorn\1_Code\3_STM32\0_workspace\X1_Thorn_v3\Core\Src\main.c_save
2025-07-01 23:01:15,970 [INFO] CodeEngine:287 - Generated code: C:\Users\marcv\Desktop\X1-Thorn\1_Code\3_STM32\0_workspace\X1_Thorn_v3\Core\Src\main.c
2025-07-01 23:01:16,812 [INFO] ProjectBuilder:3324 - Time for Copy HAL[1] : 569mS.
2025-07-01 23:01:16,819 [INFO] ProjectBuilder:4912 - Project Generator version: 4.6.0-B36
2025-07-01 23:01:16,896 [INFO] ConfigFileManager:1590 - The Die is : DIE450
2025-07-01 23:01:18,819 [INFO] ProjectBuilder:5191 - Time for Generating toolchain IDE Files: 2000mS.
2025-07-01 23:01:18,823 [INFO] ProjectBuilder:3181 - Time for Copy CMSIS : 2mS.
2025-07-01 23:01:18,852 [INFO] ProjectBuilder:3181 - Time for Copy CMSIS : 0mS.
