2025-06-09 01:37:06,345 [ERROR] LogOutputStream:75 - [STDERR_REDIRECT] 
2025-06-09 15:32:17,283 [INFO] Activator:176 - 


2025-06-09 15:32:17,287 [INFO] Activator:177 - !SESSION log4j initialized
2025-06-09 15:32:23,963 [INFO] LogOutputStream:77 - [STDOUT_REDIRECT] 
2025-06-09 15:32:30,685 [INFO] ApplicationProperties:184 - Using Application install path: C:\ST\STM32CubeIDE_1.18.0\STM32CubeIDE\plugins\com.st.stm32cube.common.mx_6.14.0.202502271554
2025-06-09 15:32:30,707 [INFO] DbMcusXml:78 - Set database path to: C:\ST\STM32CubeIDE_1.18.0\STM32CubeIDE\plugins\com.st.stm32cube.common.mx_6.14.0.202502271554\\db\/mcu/
2025-06-09 15:32:30,708 [INFO] ApiDb:274 - Set plugin database path to: C:\ST\STM32CubeIDE_1.18.0\STM32CubeIDE\plugins\com.st.stm32cube.common.mx_6.14.0.202502271554\\db\/plugins/boardmanager/
2025-06-09 15:32:30,708 [WARN] ApiDb:259 - Overriding images path with different value:  => C:\ST\STM32CubeIDE_1.18.0\STM32CubeIDE\plugins\com.st.stm32cube.common.mx_6.14.0.202502271554\\db\/plugins/mcufinder/images/
2025-06-09 15:32:30,716 [INFO] ApiDb:250 - Set database path to: C:\Users\marcv\.stmcufinder\plugins\mcufinder//mcu/
2025-06-09 15:32:30,717 [INFO] DbMcusAds:125 - Set database path to: C:\Users\marcv\.stmcufinder\plugins\mcufinder//mcu/
2025-06-09 15:32:30,719 [INFO] CrossReferenceDbSqlite:203 - Set database path to: C:\Users\marcv\.stmcufinder\plugins\mcufinder//mcu/cs/
2025-06-09 15:32:30,838 [INFO] RulesReader:64 - Compatibility file has been processed (301 Rules)
2025-06-09 15:32:30,917 [INFO] DbMcusXml:78 - Set database path to: C:\ST\STM32CubeIDE_1.18.0\STM32CubeIDE\plugins\com.st.stm32cube.common.mx_6.14.0.202502271554\\db\/mcu/
2025-06-09 15:32:30,917 [INFO] ApiDb:274 - Set plugin database path to: C:\ST\STM32CubeIDE_1.18.0\STM32CubeIDE\plugins\com.st.stm32cube.common.mx_6.14.0.202502271554\\db\/plugins/boardmanager/
2025-06-09 15:32:30,918 [INFO] ApiDb:261 - Set plugin images path to: C:\ST\STM32CubeIDE_1.18.0\STM32CubeIDE\plugins\com.st.stm32cube.common.mx_6.14.0.202502271554\\db\/plugins/mcufinder/images/
2025-06-09 15:32:30,918 [WARN] DbFile:41 - Overriding database path with different value: C:\Users\marcv\.stmcufinder\plugins\mcufinder/ => C:\Users\marcv\.stmcufinder\plugins\mcufinder
2025-06-09 15:32:30,918 [INFO] ApiDb:250 - Set database path to: C:\Users\marcv\.stmcufinder\plugins\mcufinder//mcu/
2025-06-09 15:32:30,918 [WARN] DbFile:41 - Overriding database path with different value: C:\Users\marcv\.stmcufinder\plugins\mcufinder/ => C:\Users\marcv\.stmcufinder\plugins\mcufinder
2025-06-09 15:32:30,918 [INFO] DbMcusAds:125 - Set database path to: C:\Users\marcv\.stmcufinder\plugins\mcufinder//mcu/
2025-06-09 15:32:30,918 [WARN] DbFile:41 - Overriding database path with different value: C:\Users\marcv\.stmcufinder\plugins\mcufinder/ => C:\Users\marcv\.stmcufinder\plugins\mcufinder
2025-06-09 15:32:30,918 [WARN] DbFile:41 - Overriding database path with different value: C:\Users\marcv\.stmcufinder\plugins\mcufinder/ => C:\Users\marcv\.stmcufinder\plugins\mcufinder
2025-06-09 15:32:30,918 [INFO] CrossReferenceDbSqlite:203 - Set database path to: C:\Users\marcv\.stmcufinder\plugins\mcufinder//mcu/cs/
2025-06-09 15:32:31,001 [INFO] MainPanel:272 - HeapMemory: 268435456
2025-06-09 15:32:31,137 [INFO] DbMcusXml:78 - Set database path to: C:\ST\STM32CubeIDE_1.18.0\STM32CubeIDE\plugins\com.st.stm32cube.common.mx_6.14.0.202502271554\\db\/mcu/
2025-06-09 15:32:31,137 [INFO] ApiDb:274 - Set plugin database path to: C:\ST\STM32CubeIDE_1.18.0\STM32CubeIDE\plugins\com.st.stm32cube.common.mx_6.14.0.202502271554\\db\/plugins/boardmanager/
2025-06-09 15:32:31,137 [INFO] ApiDb:261 - Set plugin images path to: C:\ST\STM32CubeIDE_1.18.0\STM32CubeIDE\plugins\com.st.stm32cube.common.mx_6.14.0.202502271554\\db\/plugins/mcufinder/images/
2025-06-09 15:32:31,137 [WARN] DbFile:41 - Overriding database path with different value: C:\Users\marcv\.stmcufinder\plugins\mcufinder/ => C:\Users\marcv\.stmcufinder\plugins\mcufinder
2025-06-09 15:32:31,137 [INFO] ApiDb:250 - Set database path to: C:\Users\marcv\.stmcufinder\plugins\mcufinder//mcu/
2025-06-09 15:32:31,137 [WARN] DbFile:41 - Overriding database path with different value: C:\Users\marcv\.stmcufinder\plugins\mcufinder/ => C:\Users\marcv\.stmcufinder\plugins\mcufinder
2025-06-09 15:32:31,138 [INFO] DbMcusAds:125 - Set database path to: C:\Users\marcv\.stmcufinder\plugins\mcufinder//mcu/
2025-06-09 15:32:31,138 [WARN] DbFile:41 - Overriding database path with different value: C:\Users\marcv\.stmcufinder\plugins\mcufinder/ => C:\Users\marcv\.stmcufinder\plugins\mcufinder
2025-06-09 15:32:31,138 [WARN] DbFile:41 - Overriding database path with different value: C:\Users\marcv\.stmcufinder\plugins\mcufinder/ => C:\Users\marcv\.stmcufinder\plugins\mcufinder
2025-06-09 15:32:31,138 [INFO] CrossReferenceDbSqlite:203 - Set database path to: C:\Users\marcv\.stmcufinder\plugins\mcufinder//mcu/cs/
2025-06-09 15:32:31,156 [INFO] ApplicationProperties:184 - Using Application install path: C:\ST\STM32CubeIDE_1.18.0\STM32CubeIDE\plugins\com.st.stm32cube.common.mx_6.14.0.202502271554
2025-06-09 15:32:31,157 [INFO] PluginManage:196 - Search for loadable plugins [exclusion list=, ]
2025-06-09 15:32:31,158 [INFO] PluginManage:310 - Check plugin analytics
2025-06-09 15:32:35,844 [INFO] AnalyticsPlugin:253 - Accepted Software Licenses: 
2025-06-09 15:32:35,844 [INFO] AnalyticsPlugin:255 - Accepted CMSIS Pack Licenses: 
2025-06-09 15:32:35,844 [INFO] AnalyticsPlugin:257 - Accepted Firmware Licenses: FW.H7.1.12.0
2025-06-09 15:32:35,846 [INFO] PluginManage:359 - Loaded plugin analytics (category:tool,tabindex:-1)
2025-06-09 15:32:35,846 [INFO] PluginManage:310 - Check plugin cadmodel
2025-06-09 15:32:35,867 [INFO] CADModel:105 - Init CAD model plugin
2025-06-09 15:32:35,867 [INFO] PluginManage:359 - Loaded plugin cadmodel (category:power,tabindex:5)
2025-06-09 15:32:35,867 [INFO] PluginManage:310 - Check plugin clock
2025-06-09 15:32:35,890 [INFO] PluginManage:359 - Loaded plugin clock (category:base,tabindex:2)
2025-06-09 15:32:35,891 [INFO] PluginManage:310 - Check plugin ddr
2025-06-09 15:32:35,893 [INFO] PluginManage:359 - Loaded plugin ddr (category:tool,tabindex:6)
2025-06-09 15:32:35,893 [INFO] PluginManage:310 - Check plugin filemanager
2025-06-09 15:32:36,030 [INFO] PluginManage:359 - Loaded plugin filemanager (category:base,tabindex:10)
2025-06-09 15:32:36,030 [INFO] PluginManage:310 - Check plugin ipmanager
2025-06-09 15:32:36,037 [INFO] PluginManage:359 - Loaded plugin ipmanager (category:base,tabindex:5)
2025-06-09 15:32:36,037 [INFO] PluginManage:310 - Check plugin lpbam
2025-06-09 15:32:36,059 [INFO] PluginManage:359 - Loaded plugin lpbam (category:base,tabindex:0)
2025-06-09 15:32:36,059 [INFO] PluginManage:310 - Check plugin memorymap
2025-06-09 15:32:36,087 [INFO] PluginManage:359 - Loaded plugin memorymap (category:base,tabindex:4)
2025-06-09 15:32:36,088 [INFO] PluginManage:310 - Check plugin pinoutandconfiguration
2025-06-09 15:32:36,107 [INFO] PluginManage:359 - Loaded plugin pinoutandconfiguration (category:base,tabindex:1)
2025-06-09 15:32:36,107 [INFO] PluginManage:310 - Check plugin pinoutconfig
2025-06-09 15:32:36,201 [WARN] SupportedApi:132 - Cannot load RTOS API schema: s4s-elt-must-match.1: The content of 'definitions' must match (annotation?, (simpleType | complexType)?, (unique | key | keyref)*)). A problem was found starting at: attribute.
2025-06-09 15:32:36,324 [INFO] PluginManage:359 - Loaded plugin pinoutconfig (category:base,tabindex:0)
2025-06-09 15:32:36,325 [INFO] PluginManage:310 - Check plugin power
2025-06-09 15:32:36,349 [INFO] PluginManage:359 - Loaded plugin power (category:power,tabindex:4)
2025-06-09 15:32:36,349 [INFO] PluginManage:310 - Check plugin projectmanager
2025-06-09 15:32:36,363 [INFO] PluginManage:359 - Loaded plugin projectmanager (category:projectmanager,tabindex:4)
2025-06-09 15:32:36,363 [INFO] PluginManage:310 - Check plugin rif
2025-06-09 15:32:36,383 [INFO] PluginManage:359 - Loaded plugin rif (category:base,tabindex:3)
2025-06-09 15:32:36,383 [INFO] PluginManage:310 - Check plugin thirdparty
2025-06-09 15:32:36,683 [INFO] PluginManage:359 - Loaded plugin thirdparty (category:base,tabindex:-1)
2025-06-09 15:32:36,683 [INFO] PluginManage:310 - Check plugin tools
2025-06-09 15:32:36,683 [WARN] IntegrityCheckThread:84 - waiting for thirdparty lock release [integrity check]
2025-06-09 15:32:36,683 [INFO] IntegrityCheckThread:86 - entering critical section [integrity check]
2025-06-09 15:32:36,684 [INFO] ThirdPartyUpdaterWithRetryManager:70 - Updater plugin not ready yet. [1/15]
2025-06-09 15:32:36,733 [INFO] PluginManage:359 - Loaded plugin tools (category:base,tabindex:7)
2025-06-09 15:32:36,733 [INFO] PluginManage:310 - Check plugin tutovideos
2025-06-09 15:32:36,921 [INFO] PluginManage:359 - Loaded plugin tutovideos (category:base,tabindex:-1)
2025-06-09 15:32:36,921 [INFO] PluginManage:310 - Check plugin updater
2025-06-09 15:32:36,940 [INFO] PluginManage:359 - Loaded plugin updater (category:base,tabindex:12)
2025-06-09 15:32:36,940 [INFO] PluginManage:310 - Check plugin userauth
2025-06-09 15:32:36,943 [INFO] UserAuth:118 - Init User Auth plugin
2025-06-09 15:32:36,944 [INFO] PluginManage:359 - Loaded plugin userauth (category:base,tabindex:14)
2025-06-09 15:32:36,945 [INFO] PluginManage:283 - PluginManage : Loaded plugins [18]
2025-06-09 15:32:37,142 [INFO] PinOutPanel:1589 - setPackage(No Configuration,No Configuration)
2025-06-09 15:32:37,221 [INFO] CADModel:165 - CPN selected for project level
2025-06-09 15:32:37,221 [INFO] CADModel:114 - Register for checkConnection events
2025-06-09 15:32:37,250 [INFO] IPUIPlugin:80 - create IPUIPlugin
2025-06-09 15:32:37,250 [INFO] PluginManager:220 - loadIPPluginJar : add adc
2025-06-09 15:32:37,298 [INFO] IPUIPlugin:80 - create IPUIPlugin
2025-06-09 15:32:37,298 [INFO] PluginManager:220 - loadIPPluginJar : add aes
2025-06-09 15:32:37,351 [INFO] IPUIPlugin:80 - create IPUIPlugin
2025-06-09 15:32:37,351 [INFO] PluginManager:220 - loadIPPluginJar : add can
2025-06-09 15:32:37,383 [INFO] IPUIPlugin:80 - create IPUIPlugin
2025-06-09 15:32:37,383 [INFO] PluginManager:220 - loadIPPluginJar : add comp
2025-06-09 15:32:37,426 [INFO] IPUIPlugin:80 - create IPUIPlugin
2025-06-09 15:32:37,426 [INFO] PluginManager:220 - loadIPPluginJar : add cryp
2025-06-09 15:32:37,444 [INFO] IPUIPlugin:80 - create IPUIPlugin
2025-06-09 15:32:37,444 [INFO] PluginManager:220 - loadIPPluginJar : add ddr_ctrl_phy
2025-06-09 15:32:37,481 [INFO] IPUIPlugin:80 - create IPUIPlugin
2025-06-09 15:32:37,481 [INFO] PluginManager:220 - loadIPPluginJar : add dfsdm
2025-06-09 15:32:37,497 [INFO] IPUIPlugin:80 - create IPUIPlugin
2025-06-09 15:32:37,498 [INFO] PluginManager:220 - loadIPPluginJar : add dma
2025-06-09 15:32:37,545 [INFO] IPUIPlugin:80 - create IPUIPlugin
2025-06-09 15:32:37,545 [INFO] PluginManager:220 - loadIPPluginJar : add dma3
2025-06-09 15:32:37,598 [INFO] IPUIPlugin:80 - create IPUIPlugin
2025-06-09 15:32:37,598 [INFO] PluginManager:220 - loadIPPluginJar : add extmemmanager
2025-06-09 15:32:37,624 [INFO] IPUIPlugin:80 - create IPUIPlugin
2025-06-09 15:32:37,624 [INFO] PluginManager:220 - loadIPPluginJar : add fatfs
2025-06-09 15:32:37,679 [INFO] IPUIPlugin:80 - create IPUIPlugin
2025-06-09 15:32:37,680 [INFO] PluginManager:220 - loadIPPluginJar : add fmc
2025-06-09 15:32:37,699 [INFO] IPUIPlugin:80 - create IPUIPlugin
2025-06-09 15:32:37,699 [INFO] PluginManager:220 - loadIPPluginJar : add freertos
2025-06-09 15:32:37,726 [INFO] IPUIPlugin:80 - create IPUIPlugin
2025-06-09 15:32:37,726 [INFO] PluginManager:220 - loadIPPluginJar : add genericplugin
2025-06-09 15:32:37,839 [INFO] IPUIPlugin:80 - create IPUIPlugin
2025-06-09 15:32:37,839 [INFO] PluginManager:220 - loadIPPluginJar : add gfxmmu
2025-06-09 15:32:37,998 [INFO] IPUIPlugin:80 - create IPUIPlugin
2025-06-09 15:32:37,998 [INFO] PluginManager:220 - loadIPPluginJar : add gic
2025-06-09 15:32:38,014 [INFO] IPUIPlugin:80 - create IPUIPlugin
2025-06-09 15:32:38,015 [INFO] PluginManager:220 - loadIPPluginJar : add gpio
2025-06-09 15:32:38,135 [INFO] IPUIPlugin:80 - create IPUIPlugin
2025-06-09 15:32:38,135 [INFO] PluginManager:220 - loadIPPluginJar : add gtzc
2025-06-09 15:32:38,197 [INFO] IPUIPlugin:80 - create IPUIPlugin
2025-06-09 15:32:38,197 [INFO] PluginManager:220 - loadIPPluginJar : add hash
2025-06-09 15:32:38,302 [INFO] IPUIPlugin:80 - create IPUIPlugin
2025-06-09 15:32:38,302 [INFO] PluginManager:220 - loadIPPluginJar : add i2c
2025-06-09 15:32:38,359 [INFO] IPUIPlugin:80 - create IPUIPlugin
2025-06-09 15:32:38,359 [INFO] PluginManager:220 - loadIPPluginJar : add i2s
2025-06-09 15:32:38,417 [INFO] IPUIPlugin:80 - create IPUIPlugin
2025-06-09 15:32:38,418 [INFO] PluginManager:220 - loadIPPluginJar : add i3c
2025-06-09 15:32:38,581 [INFO] IPUIPlugin:80 - create IPUIPlugin
2025-06-09 15:32:38,582 [INFO] PluginManager:220 - loadIPPluginJar : add ipddr
2025-06-09 15:32:38,732 [INFO] IPUIPlugin:80 - create IPUIPlugin
2025-06-09 15:32:38,732 [INFO] PluginManager:220 - loadIPPluginJar : add linkedlist
2025-06-09 15:32:38,781 [INFO] IPUIPlugin:80 - create IPUIPlugin
2025-06-09 15:32:38,781 [INFO] PluginManager:220 - loadIPPluginJar : add lorawan
2025-06-09 15:32:38,833 [INFO] IPUIPlugin:80 - create IPUIPlugin
2025-06-09 15:32:38,833 [INFO] PluginManager:220 - loadIPPluginJar : add ltdc
2025-06-09 15:32:38,852 [INFO] IPUIPlugin:80 - create IPUIPlugin
2025-06-09 15:32:38,852 [INFO] PluginManager:220 - loadIPPluginJar : add mdma
2025-06-09 15:32:38,868 [INFO] IPUIPlugin:80 - create IPUIPlugin
2025-06-09 15:32:38,868 [INFO] PluginManager:220 - loadIPPluginJar : add nvic
2025-06-09 15:32:38,940 [INFO] IPUIPlugin:80 - create IPUIPlugin
2025-06-09 15:32:38,940 [INFO] PluginManager:220 - loadIPPluginJar : add opamp
2025-06-09 15:32:39,068 [INFO] IPUIPlugin:80 - create IPUIPlugin
2025-06-09 15:32:39,068 [INFO] PluginManager:220 - loadIPPluginJar : add openamp
2025-06-09 15:32:39,131 [INFO] IPUIPlugin:80 - create IPUIPlugin
2025-06-09 15:32:39,131 [INFO] PluginManager:220 - loadIPPluginJar : add pdm2pcm
2025-06-09 15:32:39,153 [INFO] IPUIPlugin:80 - create IPUIPlugin
2025-06-09 15:32:39,155 [INFO] PluginManager:220 - loadIPPluginJar : add plateformsettings
2025-06-09 15:32:39,189 [INFO] IPUIPlugin:80 - create IPUIPlugin
2025-06-09 15:32:39,189 [INFO] PluginManager:220 - loadIPPluginJar : add quadspi
2025-06-09 15:32:39,229 [INFO] IPUIPlugin:80 - create IPUIPlugin
2025-06-09 15:32:39,230 [INFO] PluginManager:220 - loadIPPluginJar : add radio
2025-06-09 15:32:39,247 [INFO] IPUIPlugin:80 - create IPUIPlugin
2025-06-09 15:32:39,247 [INFO] PluginManager:220 - loadIPPluginJar : add resmgrutility
2025-06-09 15:32:39,307 [INFO] IPUIPlugin:80 - create IPUIPlugin
2025-06-09 15:32:39,307 [INFO] PluginManager:220 - loadIPPluginJar : add sai
2025-06-09 15:32:39,357 [INFO] IPUIPlugin:80 - create IPUIPlugin
2025-06-09 15:32:39,357 [INFO] PluginManager:220 - loadIPPluginJar : add spi
2025-06-09 15:32:39,450 [INFO] IPUIPlugin:80 - create IPUIPlugin
2025-06-09 15:32:39,450 [INFO] PluginManager:220 - loadIPPluginJar : add stm32_wpan
2025-06-09 15:32:39,484 [INFO] IPUIPlugin:80 - create IPUIPlugin
2025-06-09 15:32:39,484 [INFO] PluginManager:220 - loadIPPluginJar : add tim
2025-06-09 15:32:39,565 [INFO] IPUIPlugin:80 - create IPUIPlugin
2025-06-09 15:32:39,565 [INFO] PluginManager:220 - loadIPPluginJar : add touchsensing
2025-06-09 15:32:39,600 [INFO] IPUIPlugin:80 - create IPUIPlugin
2025-06-09 15:32:39,600 [INFO] PluginManager:220 - loadIPPluginJar : add tracer_emb
2025-06-09 15:32:39,633 [INFO] IPUIPlugin:80 - create IPUIPlugin
2025-06-09 15:32:39,634 [INFO] PluginManager:220 - loadIPPluginJar : add ts
2025-06-09 15:32:39,663 [INFO] IPUIPlugin:80 - create IPUIPlugin
2025-06-09 15:32:39,663 [INFO] PluginManager:220 - loadIPPluginJar : add tsc
2025-06-09 15:32:39,684 [INFO] ThirdPartyUpdaterWithRetryManager:70 - Updater plugin not ready yet. [2/15]
2025-06-09 15:32:39,694 [INFO] IPUIPlugin:80 - create IPUIPlugin
2025-06-09 15:32:39,694 [INFO] PluginManager:220 - loadIPPluginJar : add ucpd
2025-06-09 15:32:39,754 [INFO] IPUIPlugin:80 - create IPUIPlugin
2025-06-09 15:32:39,754 [INFO] PluginManager:220 - loadIPPluginJar : add usart
2025-06-09 15:32:39,810 [INFO] IPUIPlugin:80 - create IPUIPlugin
2025-06-09 15:32:39,810 [INFO] PluginManager:220 - loadIPPluginJar : add usbx
2025-06-09 15:32:39,935 [FATAL] Updater:351 - Updater called before beeing initialized
2025-06-09 15:32:39,954 [INFO] RulesReader:64 - Compatibility file has been processed (301 Rules)
2025-06-09 15:32:39,962 [INFO] RulesReader:64 - Compatibility file has been processed (301 Rules)
2025-06-09 15:32:39,968 [INFO] CADModel:165 - CPN selected for project level
2025-06-09 15:32:39,968 [INFO] CADModel:114 - Register for checkConnection events
2025-06-09 15:32:39,968 [FATAL] Updater:351 - Updater called before beeing initialized
2025-06-09 15:32:39,969 [ERROR] CADModel:125 - Updater not yet initialized, retry later 
2025-06-09 15:32:40,111 [FATAL] Updater:351 - Updater called before beeing initialized
2025-06-09 15:32:40,113 [INFO] CADModel:165 - CPN selected for project level
2025-06-09 15:32:40,113 [INFO] CADModel:114 - Register for checkConnection events
2025-06-09 15:32:40,113 [FATAL] Updater:351 - Updater called before beeing initialized
2025-06-09 15:32:40,113 [ERROR] CADModel:125 - Updater not yet initialized, retry later 
2025-06-09 15:32:40,115 [FATAL] Updater:351 - Updater called before beeing initialized
2025-06-09 15:32:40,215 [FATAL] Updater:351 - Updater called before beeing initialized
2025-06-09 15:32:40,226 [INFO] DbMcusAds:53 - JSON generation date=Wed May 07 11:07:55 CEST 2025 (1746608875513)
2025-06-09 15:32:40,226 [FATAL] Updater:351 - Updater called before beeing initialized
2025-06-09 15:32:40,270 [WARN] DetailPanel:346 - Failed to get advertising image, set to default
2025-06-09 15:32:40,506 [FATAL] Updater:351 - Updater called before beeing initialized
2025-06-09 15:32:40,507 [FATAL] Updater:351 - Updater called before beeing initialized
2025-06-09 15:32:40,508 [FATAL] Updater:351 - Updater called before beeing initialized
2025-06-09 15:32:40,508 [WARN] DetailPanel:346 - Failed to get advertising image, set to default
2025-06-09 15:32:40,508 [FATAL] Updater:351 - Updater called before beeing initialized
2025-06-09 15:32:40,563 [ERROR] Updater:1198 - MainUpdater not yet initialized. External WinMGr cannot be set.
2025-06-09 15:32:40,574 [INFO] Updater:1134 - Updater Version found : 6.14.0
2025-06-09 15:32:40,594 [INFO] ApplicationProperties:184 - Using Application install path: C:\ST\STM32CubeIDE_1.18.0\STM32CubeIDE\plugins\com.st.stm32cube.common.mx_6.14.0.202502271554
2025-06-09 15:32:42,167 [ERROR] LogOutputStream:75 - [STDERR_REDIRECT] Jun 09, 2025 3:32:42 PM java.util.prefs.WindowsPreferences <init>
2025-06-09 15:32:42,168 [ERROR] LogOutputStream:75 - [STDERR_REDIRECT] WARNING: Could not open/create prefs root node Software\JavaSoft\Prefs at root 0xffffffff80000002. Windows RegCreateKeyEx(...) returned error code 5.
2025-06-09 15:32:42,168 [ERROR] LogOutputStream:75 - [STDERR_REDIRECT] 
2025-06-09 15:32:42,456 [INFO] MainUpdater:2872 - connection check result : 10
2025-06-09 15:32:42,456 [INFO] MainUpdater:3566 - Updater definition file requires update
2025-06-09 15:32:42,457 [INFO] MainUpdater:289 - Updater Check For Update Now.
2025-06-09 15:32:42,457 [INFO] MicroXplorer:498 - Change Database Version : DB.6.0.140
2025-06-09 15:32:42,475 [INFO] McuFinderGlobals:63 - Set McuFinder mode to 2 (CubeIDE integrated)
2025-06-09 15:32:42,482 [INFO] UserAuth:486 - Internet connection configuration mode: 1
2025-06-09 15:32:42,511 [INFO] JxBrowserEngine:152 - Initiate JxBrowser Engine with user profile folder
2025-06-09 15:32:42,522 [INFO] ServerAccessManage:473 - Download File updaters.zip
2025-06-09 15:32:42,609 [INFO] FileExtend:242 - Unzip File : updaters.zip
2025-06-09 15:32:42,609 [INFO] FileExtend:257 - Standard Zip Deflate
2025-06-09 15:32:42,699 [WARN] MainUpdater:1193 - Updater busy. Cannot search thirdparties
2025-06-09 15:32:42,701 [INFO] ThirdPartyUpdaterWithRetryManager:96 - Updater plugin is busy. [1/15]
2025-06-09 15:32:43,463 [INFO] ServerAccessManage:473 - Download File PacksControlFlags.xml
2025-06-09 15:32:43,560 [INFO] ServerAccessManage:473 - Download File cubemx.pidx
2025-06-09 15:32:45,019 [INFO] ServerAccessManage:473 - Download File STMicroelectronics.X-CUBE-MEMS1.pdsc
2025-06-09 15:32:45,191 [INFO] WebApp:169 - Instantiating new browser for Auth
2025-06-09 15:32:45,703 [WARN] MainUpdater:1193 - Updater busy. Cannot search thirdparties
2025-06-09 15:32:45,703 [INFO] ThirdPartyUpdaterWithRetryManager:96 - Updater plugin is busy. [2/15]
2025-06-09 15:32:46,131 [INFO] WebApp:463 - Apply proxy settings
2025-06-09 15:32:46,131 [INFO] WebApp:548 - Chromium requires no authentication
2025-06-09 15:32:46,170 [INFO] WebApp:491 - Direct internet connection detected
2025-06-09 15:32:46,225 [INFO] WebApp:894 - Register for checkConnection events
2025-06-09 15:32:46,225 [INFO] WebApp:463 - Apply proxy settings
2025-06-09 15:32:46,225 [INFO] WebApp:548 - Chromium requires no authentication
2025-06-09 15:32:46,225 [INFO] WebApp:491 - Direct internet connection detected
2025-06-09 15:32:46,458 [INFO] WebApp:191 - Connection restablished
2025-06-09 15:32:46,582 [INFO] WebApp:225 - Starting web application
2025-06-09 15:32:46,582 [INFO] WebApp:593 - Web application path used C:\ST\STM32CubeIDE_1.18.0\STM32CubeIDE\plugins\com.st.stm32cube.common.mx_6.14.0.202502271554\db\plugins\mcufinder\reactClient1\index.html
2025-06-09 15:32:46,589 [INFO] ServerAccessManage:473 - Download File STMicroelectronics.X-CUBE-ST67W61.pdsc
2025-06-09 15:32:46,766 [INFO] UserAuth:486 - Internet connection configuration mode: 1
2025-06-09 15:32:47,608 [WARN] PackLoader:240 - Cannot read IP mode file for STMicroelectronics.X-CUBE-MEMS1.11.3.0
2025-06-09 15:32:47,692 [INFO] CheckServerUpdateThread:120 - End of CheckServer Thread
2025-06-09 15:32:47,736 [WARN] PackLoader:240 - Cannot read IP mode file for STMicroelectronics.X-CUBE-ST67W61.1.0.0
2025-06-09 15:32:47,738 [INFO] PopulateThirdPartyThread:66 - Ending populate Thread
2025-06-09 15:32:47,739 [INFO] ThirdParty:1030 - CMSIS Pack Vendor :STMicroelectronics X-CUBE-ST67W61 1.0.0
2025-06-09 15:32:47,739 [INFO] ThirdParty:1030 - CMSIS Pack Vendor :STMicroelectronics X-CUBE-MEMS1 11.3.0
2025-06-09 15:32:47,739 [INFO] LoadServerUpdatesThread:375 - End of LoadServerUpdate Thread
2025-06-09 15:32:48,936 [WARN] PackLoader:240 - Cannot read IP mode file for STMicroelectronics.FP-SNS-MOTENVWB1.1.4.0
2025-06-09 15:32:48,946 [WARN] PackLoader:240 - Cannot read IP mode file for STMicroelectronics.FP-ATR-ASTRA1.2.0.2
2025-06-09 15:32:48,968 [WARN] PackLoader:240 - Cannot read IP mode file for STMicroelectronics.X-CUBE-SMBUS.2.1.0
2025-06-09 15:32:48,986 [WARN] PackLoader:240 - Cannot read IP mode file for STMicroelectronics.X-CUBE-WB05N.1.1.0
2025-06-09 15:32:49,004 [WARN] PackLoader:240 - Cannot read IP mode file for STMicroelectronics.X-CUBE-ST60.1.0.0
2025-06-09 15:32:49,039 [WARN] PackLoader:240 - Cannot read IP mode file for STMicroelectronics.X-CUBE-AZRTOS-F7.1.1.0
2025-06-09 15:32:49,054 [WARN] PackLoader:240 - Cannot read IP mode file for STMicroelectronics.FP-SNS-FLIGHT1.5.0.2
2025-06-09 15:32:49,087 [WARN] PackLoader:240 - Cannot read IP mode file for Infineon.AIROC-Wi-Fi-Bluetooth-STM32.1.7.0
2025-06-09 15:32:49,108 [WARN] PackLoader:240 - Cannot read IP mode file for STMicroelectronics.X-CUBE-DISPLAY.3.0.0
2025-06-09 15:32:49,129 [WARN] PackLoader:240 - Cannot read IP mode file for STMicroelectronics.X-CUBE-NFC10.1.0.0
2025-06-09 15:32:49,146 [WARN] PackLoader:240 - Cannot read IP mode file for STMicroelectronics.X-CUBE-BLEMGR.4.0.0
2025-06-09 15:32:49,163 [WARN] PackLoader:240 - Cannot read IP mode file for emotas.I-CUBE-CANOPEN.1.3.0
2025-06-09 15:32:49,170 [WARN] ConditionMgr:438 - getConditionDescription Invalid condition id : Cortex-A Device cause : null
2025-06-09 15:32:49,189 [WARN] ConditionMgr:1044 - genDependencies : Invalid condition id : Cortex-A Device cause : null
2025-06-09 15:32:49,190 [WARN] ConditionMgr:1044 - genDependencies : Invalid condition id : Cortex-A Device cause : null
2025-06-09 15:32:49,190 [WARN] ConditionMgr:1044 - genDependencies : Invalid condition id : Cortex-A Device cause : null
2025-06-09 15:32:49,204 [WARN] PackLoader:240 - Cannot read IP mode file for STMicroelectronics.X-CUBE-AI.10.0.0
2025-06-09 15:32:49,218 [WARN] PackLoader:240 - Cannot read IP mode file for STMicroelectronics.FP-SNS-SMARTAG2.1.2.0
2025-06-09 15:32:49,223 [WARN] PackLoader:240 - Cannot read IP mode file for STMicroelectronics.FP-SNS-FLIGHT1.5.1.0
2025-06-09 15:32:49,278 [WARN] PackLoader:240 - Cannot read IP mode file for STMicroelectronics.X-CUBE-MEMS1.11.1.0
2025-06-09 15:32:49,422 [INFO] LogOutputStream:77 - [STDOUT_REDIRECT] 1 : Invalid condition id : UX_CORESTACK_Condition cause : null
2025-06-09 15:32:49,422 [INFO] LogOutputStream:77 - [STDOUT_REDIRECT] 1 : Invalid condition id : UX_CORESTACK_Condition cause : null
2025-06-09 15:32:49,424 [INFO] LogOutputStream:77 - [STDOUT_REDIRECT] 1 : Invalid condition id : UX_CORESTACK_Condition cause : null
2025-06-09 15:32:49,425 [INFO] LogOutputStream:77 - [STDOUT_REDIRECT] 1 : Invalid condition id : UX_CORESTACK_Condition cause : null
2025-06-09 15:32:49,427 [INFO] LogOutputStream:77 - [STDOUT_REDIRECT] 1 : Invalid condition id : UX_CORESTACK_Condition cause : null
2025-06-09 15:32:49,429 [WARN] PackLoader:240 - Cannot read IP mode file for STMicroelectronics.X-CUBE-AZRTOS-WL.2.0.0
2025-06-09 15:32:49,451 [WARN] PackLoader:240 - Cannot read IP mode file for STMicroelectronics.FP-SNS-MOTENV1.5.0.0
2025-06-09 15:32:49,468 [WARN] PackLoader:240 - Cannot read IP mode file for WES.I-CUBE-Cesium.1.3.0
2025-06-09 15:32:49,485 [WARN] PackLoader:240 - Cannot read IP mode file for STMicroelectronics.X-CUBE-BLE2.3.3.0
2025-06-09 15:32:49,499 [WARN] PackLoader:240 - Cannot read IP mode file for STMicroelectronics.X-CUBE-NFC9.1.0.0
2025-06-09 15:32:49,513 [WARN] PackLoader:240 - Cannot read IP mode file for STMicroelectronics.X-CUBE-BLE1.7.1.0
2025-06-09 15:32:49,518 [WARN] PackLoader:240 - Cannot read IP mode file for wolfSSL.I-CUBE-wolfMQTT.1.19.2
2025-06-09 15:32:49,530 [WARN] PackLoader:240 - Cannot read IP mode file for STMicroelectronics.X-CUBE-AI.10.1.0
2025-06-09 15:32:49,580 [WARN] PackLoader:240 - Cannot read IP mode file for STMicroelectronics.X-CUBE-MEMS1.11.2.0
2025-06-09 15:32:49,697 [WARN] PackLoader:240 - Cannot read IP mode file for STMicroelectronics.X-CUBE-AZRTOS-G0.1.1.0
2025-06-09 15:32:49,714 [WARN] PackLoader:240 - Cannot read IP mode file for STMicroelectronics.X-CUBE-SAFEA1.1.2.2
2025-06-09 15:32:49,729 [WARN] PackLoader:240 - Cannot read IP mode file for STMicroelectronics.X-CUBE-NFC4.3.0.0
2025-06-09 15:32:49,753 [WARN] PackLoader:240 - Cannot read IP mode file for EmbeddedOffice.I-CUBE-FS-RTOS.1.0.1
2025-06-09 15:32:49,769 [WARN] PackLoader:240 - Cannot read IP mode file for STMicroelectronics.X-CUBE-WB05N.2.0.0
2025-06-09 15:32:49,774 [WARN] PackLoader:240 - Cannot read IP mode file for wolfSSL.I-CUBE-wolfTPM.3.8.0
2025-06-09 15:32:49,788 [WARN] PackLoader:240 - Cannot read IP mode file for STMicroelectronics.X-CUBE-TCPP.4.2.0
2025-06-09 15:32:49,805 [WARN] PackLoader:240 - Cannot read IP mode file for RealThread.X-CUBE-RT-Thread_Nano.4.1.1
2025-06-09 15:32:49,810 [WARN] PackLoader:240 - Cannot read IP mode file for STMicroelectronics.FP-ATR-SIGFOX1.3.2.0
2025-06-09 15:32:49,824 [WARN] PackLoader:240 - Cannot read IP mode file for STMicroelectronics.X-CUBE-EEPRMA1.5.1.0
2025-06-09 15:32:49,837 [WARN] PackLoader:240 - Cannot read IP mode file for wolfSSL.I-CUBE-wolfSSL.5.7.6
2025-06-09 15:32:49,852 [WARN] PackLoader:240 - Cannot read IP mode file for ITTIA_DB.I-CUBE-ITTIADB.8.9.0
2025-06-09 15:32:49,855 [WARN] PackLoader:240 - Cannot read IP mode file for STMicroelectronics.X-CUBE-ST67W61.1.0.0
2025-06-09 15:32:49,885 [WARN] PackLoader:240 - Cannot read IP mode file for SEGGER.I-CUBE-embOS.1.3.1
2025-06-09 15:32:49,918 [WARN] PackLoader:240 - Cannot read IP mode file for STMicroelectronics.X-CUBE-ALGOBUILD.1.4.0
2025-06-09 15:32:49,956 [WARN] PackLoader:240 - Cannot read IP mode file for STMicroelectronics.X-CUBE-MEMS1.11.3.0
2025-06-09 15:32:50,074 [WARN] PackLoader:240 - Cannot read IP mode file for STMicroelectronics.X-CUBE-AZRTOS-F4.1.1.0
2025-06-09 15:32:50,084 [WARN] PackLoader:240 - Cannot read IP mode file for Avnet-IotConnect.X-CUBE-IoTC-DA16k-PMOD.1.0.0
2025-06-09 15:32:50,099 [WARN] PackLoader:240 - Cannot read IP mode file for STMicroelectronics.X-CUBE-ISPU.2.1.0
2025-06-09 15:32:50,132 [WARN] PackLoader:240 - Cannot read IP mode file for STMicroelectronics.X-CUBE-AZRTOS-L5.2.0.0
2025-06-09 15:32:50,155 [WARN] PackLoader:240 - Cannot read IP mode file for STMicroelectronics.X-CUBE-NFC6.3.1.0
2025-06-09 15:32:50,172 [WARN] PackLoader:240 - Cannot read IP mode file for STMicroelectronics.X-CUBE-DPower.1.2.0
2025-06-09 15:32:50,193 [WARN] PackLoader:240 - Cannot read IP mode file for STMicroelectronics.X-CUBE-FREERTOS.1.3.1
2025-06-09 15:32:50,211 [WARN] PackLoader:240 - Cannot read IP mode file for STMicroelectronics.X-CUBE-FREERTOS.1.3.0
2025-06-09 15:32:50,226 [WARN] PackLoader:240 - Cannot read IP mode file for STMicroelectronics.X-CUBE-NFC7.1.0.1
2025-06-09 15:32:50,241 [WARN] PackLoader:240 - Cannot read IP mode file for STMicroelectronics.X-CUBE-DPower.1.3.0
2025-06-09 15:32:50,277 [WARN] ConditionMgr:438 - getConditionDescription Invalid condition id : LAN8742 Phy interface Condition cause : null
2025-06-09 15:32:50,277 [WARN] PackLoader:240 - Cannot read IP mode file for STMicroelectronics.X-CUBE-AZRTOS-L4.2.0.0
2025-06-09 15:32:50,279 [WARN] ConditionMgr:1044 - genDependencies : Invalid condition id : LAN8742 Phy interface Condition cause : null
2025-06-09 15:32:50,279 [WARN] ConditionMgr:1044 - genDependencies : Invalid condition id : LAN8742 Phy interface Condition cause : null
2025-06-09 15:32:50,279 [WARN] ConditionMgr:1044 - genDependencies : Invalid condition id : LAN8742 Phy interface Condition cause : null
2025-06-09 15:32:50,297 [WARN] PackLoader:240 - Cannot read IP mode file for STMicroelectronics.X-CUBE-SFXS2LP1.4.0.0
2025-06-09 15:32:50,332 [WARN] PackLoader:240 - Cannot read IP mode file for STMicroelectronics.X-CUBE-AZRTOS-H7.3.3.0
2025-06-09 15:32:50,362 [WARN] ConditionMgr:438 - getConditionDescription Invalid condition id : UX DEVICE CLASS RTOS Condition cause : null
2025-06-09 15:32:50,362 [WARN] ConditionMgr:438 - getConditionDescription Invalid condition id : UX DEVICE CLASS RTOS Condition cause : null
2025-06-09 15:32:50,363 [WARN] PackLoader:240 - Cannot read IP mode file for STMicroelectronics.X-CUBE-AZRTOS-WB.2.0.0
2025-06-09 15:32:50,364 [WARN] ConditionMgr:1044 - genDependencies : Invalid condition id : UX DEVICE CLASS RTOS Condition cause : null
2025-06-09 15:32:50,364 [WARN] ConditionMgr:1044 - genDependencies : Invalid condition id : UX DEVICE CLASS RTOS Condition cause : null
2025-06-09 15:32:50,364 [WARN] ConditionMgr:1044 - genDependencies : Invalid condition id : UX DEVICE CLASS RTOS Condition cause : null
2025-06-09 15:32:50,364 [WARN] ConditionMgr:1044 - genDependencies : Invalid condition id : UX DEVICE CLASS RTOS Condition cause : null
2025-06-09 15:32:50,364 [WARN] ConditionMgr:1044 - genDependencies : Invalid condition id : UX DEVICE CLASS RTOS Condition cause : null
2025-06-09 15:32:50,389 [WARN] PackLoader:240 - Cannot read IP mode file for STMicroelectronics.X-CUBE-GNSS1.7.0.1
2025-06-09 15:32:50,408 [WARN] PackLoader:240 - Cannot read IP mode file for STMicroelectronics.X-CUBE-TOUCHGFX.4.25.0
2025-06-09 15:32:50,428 [WARN] PackLoader:240 - Cannot read IP mode file for STMicroelectronics.FP-SNS-STBOX1.2.0.0
2025-06-09 15:32:50,455 [WARN] PackLoader:240 - Cannot read IP mode file for STMicroelectronics.X-CUBE-SUBG2.5.0.0
2025-06-09 15:32:50,494 [WARN] PackLoader:240 - Cannot read IP mode file for STMicroelectronics.X-CUBE-AZRTOS-H7RS.1.1.0
2025-06-09 15:32:50,500 [WARN] PackLoader:240 - Cannot read IP mode file for Cesanta.I-CUBE-Mongoose.7.13.0
2025-06-09 15:32:50,536 [WARN] PackLoader:240 - Cannot read IP mode file for STMicroelectronics.X-CUBE-AZRTOS-G4.2.0.0
2025-06-09 15:32:50,544 [WARN] PackLoader:240 - Cannot read IP mode file for wolfSSL.I-CUBE-wolfSSH.1.4.20
2025-06-09 15:32:50,558 [WARN] PackLoader:240 - Cannot read IP mode file for STMicroelectronics.X-CUBE-NFC7.2.0.0
2025-06-09 15:32:50,581 [WARN] PackLoader:240 - Cannot read IP mode file for STMicroelectronics.X-CUBE-IPS.3.1.0
2025-06-09 15:32:50,598 [WARN] PackLoader:240 - Cannot read IP mode file for STMicroelectronics.X-CUBE-ALS.1.0.2
2025-06-09 15:32:50,613 [WARN] PackLoader:240 - Cannot read IP mode file for STMicroelectronics.X-CUBE-TOUCHGFX.4.24.2
2025-06-09 15:32:50,633 [WARN] PackLoader:240 - Cannot read IP mode file for portGmbH.I-Cube-SoM-uGOAL.1.1.0
2025-06-09 15:32:50,669 [WARN] PackLoader:240 - Cannot read IP mode file for STMicroelectronics.X-CUBE-AZRTOS-H7RS.1.0.0
2025-06-09 15:32:50,690 [WARN] PackLoader:240 - Cannot read IP mode file for STMicroelectronics.X-CUBE-TOF1.3.4.2
2025-06-09 15:32:50,744 [WARN] PackLoader:240 - Cannot read IP mode file for STMicroelectronics.X-CUBE-TOF1.3.4.3
2025-06-09 15:32:50,751 [INFO] ThirdParty:978 - Integrity check success = true
2025-06-09 15:32:50,751 [INFO] IntegrityCheckThread:100 - exiting critical section [integrity check]
2025-06-09 15:32:50,751 [INFO] IntegrityCheckThread:103 - End integrity checks thread
2025-06-09 15:48:09,086 [INFO] McuFinderGlobals:63 - Set McuFinder mode to 2 (CubeIDE integrated)
2025-06-09 15:48:09,120 [INFO] MainUpdater:2872 - connection check result : 10
2025-06-09 15:48:09,129 [INFO] MainUpdater:2872 - connection check result : 10
2025-06-09 15:48:09,321 [INFO] MicroXplorer:468 - Change Database Path : 
2025-06-09 15:48:09,322 [INFO] MicroXplorer:498 - Change Database Version : DB.6.0.140
2025-06-09 15:48:09,331 [WARN] ThirdParty:871 - waiting for thirdparty lock release [close project]
2025-06-09 15:48:09,331 [INFO] ThirdParty:873 - entering critical section [close project]
2025-06-09 15:48:09,332 [INFO] ThirdParty:883 - exiting critical section [close project]
2025-06-09 15:48:09,334 [INFO] PinOutPanel:1589 - setPackage(No Configuration,No Configuration)
2025-06-09 15:48:09,336 [INFO] UtilMem:75 - Begin LoadConfig() Used Memory: 618955888 Bytes (1001390080)
2025-06-09 15:48:09,337 [INFO] MicroXplorer:468 - Change Database Path : 
2025-06-09 15:48:09,337 [INFO] MicroXplorer:498 - Change Database Version : DB.6.0.140
2025-06-09 15:48:09,337 [INFO] OpenFileManager:354 - Change cursor
2025-06-09 15:48:09,373 [INFO] Mcu:2011 - Initializing MCU STM32H743VITx STM32H743VITx STM32H743VIT6
2025-06-09 15:48:13,301 [INFO] Context:756 - Trying to add GPIOservice into a context  which must be forbidden
2025-06-09 15:48:15,031 [INFO] ImportTextPane:218 - (OptionalMessage_ERROR) Pin35 (VP_RIF_VS_RIF1) cannot be retrieved for this MCU
2025-06-09 15:48:15,234 [INFO] RtosManager:558 - Registered RTOS mode: class=CMSIS, group=RTOS, mode=CMSIS_V1, owner=FREERTOS
2025-06-09 15:48:15,234 [INFO] RtosManager:558 - Registered RTOS mode: class=CMSIS, group=RTOS2, mode=CMSIS_V2, owner=FREERTOS
2025-06-09 15:48:15,234 [INFO] RtosManager:558 - Registered RTOS mode: class=RTOS, group=Core, mode=CMSIS_V1, owner=FREERTOS
2025-06-09 15:48:15,234 [INFO] RtosManager:558 - Registered RTOS mode: class=RTOS, group=Core, mode=CMSIS_V2, owner=FREERTOS
2025-06-09 15:48:15,234 [WARN] ModelIntegratedComponent:184 - Missing modes for component STMicroelectronics:FreeRTOS:0.0.1:STMicroelectronics:RTOS:FreeRTOS:Core:::10.2.0:
2025-06-09 15:48:15,258 [WARN] ModelIntegratedComponent:63 - No mode defined for component null
2025-06-09 15:48:15,258 [WARN] ModelIntegratedComponent:63 - No mode defined for component null
2025-06-09 15:48:15,258 [WARN] ModelIntegratedComponent:63 - No mode defined for component null
2025-06-09 15:48:15,259 [WARN] ModelIntegratedComponent:63 - No mode defined for component null
2025-06-09 15:48:15,259 [WARN] ModelIntegratedComponent:63 - No mode defined for component null
2025-06-09 15:48:15,259 [WARN] ModelIntegratedComponent:63 - No mode defined for component null
2025-06-09 15:48:15,259 [WARN] ModelIntegratedComponent:63 - No mode defined for component null
2025-06-09 15:48:15,259 [WARN] ModelIntegratedComponent:63 - No mode defined for component null
2025-06-09 15:48:15,259 [WARN] ModelIntegratedComponent:63 - No mode defined for component null
2025-06-09 15:48:15,259 [WARN] ModelIntegratedComponent:63 - No mode defined for component null
2025-06-09 15:48:15,259 [WARN] ModelIntegratedComponent:63 - No mode defined for component null
2025-06-09 15:48:15,259 [WARN] ModelIntegratedComponent:63 - No mode defined for component null
2025-06-09 15:48:15,259 [WARN] ModelIntegratedComponent:63 - No mode defined for component null
2025-06-09 15:48:15,259 [WARN] ModelIntegratedComponent:63 - No mode defined for component null
2025-06-09 15:48:15,259 [WARN] ModelIntegratedComponent:63 - No mode defined for component null
2025-06-09 15:48:15,259 [WARN] ModelIntegratedComponent:63 - No mode defined for component null
2025-06-09 15:48:15,259 [WARN] ModelIntegratedComponent:63 - No mode defined for component null
2025-06-09 15:48:15,259 [WARN] ModelIntegratedComponent:63 - No mode defined for component null
2025-06-09 15:48:15,259 [WARN] ModelIntegratedComponent:63 - No mode defined for component null
2025-06-09 15:48:15,259 [WARN] ModelIntegratedComponent:63 - No mode defined for component null
2025-06-09 15:48:15,259 [WARN] ModelIntegratedComponent:63 - No mode defined for component null
2025-06-09 15:48:15,259 [WARN] ModelIntegratedComponent:63 - No mode defined for component null
2025-06-09 15:48:15,259 [WARN] ModelIntegratedComponent:63 - No mode defined for component null
2025-06-09 15:48:15,259 [WARN] ModelIntegratedComponent:63 - No mode defined for component null
2025-06-09 15:48:15,260 [WARN] ModelIntegratedComponent:63 - No mode defined for component null
2025-06-09 15:48:15,260 [WARN] ModelIntegratedComponent:63 - No mode defined for component null
2025-06-09 15:48:15,260 [WARN] ModelIntegratedComponent:63 - No mode defined for component null
2025-06-09 15:48:15,260 [WARN] ModelIntegratedComponent:63 - No mode defined for component null
2025-06-09 15:48:15,260 [WARN] ModelIntegratedComponent:63 - No mode defined for component null
2025-06-09 15:48:15,260 [WARN] ModelIntegratedComponent:63 - No mode defined for component null
2025-06-09 15:48:15,260 [WARN] ModelIntegratedComponent:63 - No mode defined for component null
2025-06-09 15:48:15,260 [WARN] ModelIntegratedComponent:63 - No mode defined for component null
2025-06-09 15:48:15,260 [WARN] ModelIntegratedComponent:63 - No mode defined for component null
2025-06-09 15:48:15,260 [WARN] ModelIntegratedComponent:63 - No mode defined for component null
2025-06-09 15:48:15,260 [WARN] ModelIntegratedComponent:63 - No mode defined for component null
2025-06-09 15:48:15,260 [WARN] ModelPack:524 - Component already loaded: STMicroelectronics:HAL Drivers:0.0.0:STMicroelectronics:Device:STMicro_Driver:XSPI:HAL::0.0.1:HAL_XSPI
2025-06-09 15:48:15,428 [INFO] ThirdPartyModel:298 - Start build external matchings
2025-06-09 15:48:16,463 [INFO] ThirdPartyModel:316 - End build external matchings
2025-06-09 15:48:16,489 [INFO] RtosManager:967 - Current active RTOS is FREERTOS [Cortex-M7NS]
2025-06-09 15:48:16,498 [INFO] ImportTextPane:218 - (OptionalMessage_ERROR) IP (DMA) : Parameter (Instance) has Id (TIM3_CH1) currently not set
2025-06-09 15:48:16,498 [INFO] ImportTextPane:218 - (OptionalMessage_ERROR) IP (DMA) : Parameter (Request) has Id (TIM3_CH1) currently not set
2025-06-09 15:48:16,498 [INFO] ImportTextPane:218 - (OptionalMessage_ERROR) IP (DMA) : Parameter (Direction) has Id (TIM3_CH1) currently not set
2025-06-09 15:48:16,498 [INFO] ImportTextPane:218 - (OptionalMessage_ERROR) IP (DMA) : Parameter (PeriphInc) has Id (TIM3_CH1) currently not set
2025-06-09 15:48:16,498 [INFO] ImportTextPane:218 - (OptionalMessage_ERROR) IP (DMA) : Parameter (MemInc) has Id (TIM3_CH1) currently not set
2025-06-09 15:48:16,499 [INFO] ImportTextPane:218 - (OptionalMessage_ERROR) IP (DMA) : Parameter (PeriphDataAlignment) has Id (TIM3_CH1) currently not set
2025-06-09 15:48:16,499 [INFO] ImportTextPane:218 - (OptionalMessage_ERROR) IP (DMA) : Parameter (MemDataAlignment) has Id (TIM3_CH1) currently not set
2025-06-09 15:48:16,499 [INFO] ImportTextPane:218 - (OptionalMessage_ERROR) IP (DMA) : Parameter (Mode) has Id (TIM3_CH1) currently not set
2025-06-09 15:48:16,499 [INFO] ImportTextPane:218 - (OptionalMessage_ERROR) IP (DMA) : Parameter (Priority) has Id (TIM3_CH1) currently not set
2025-06-09 15:48:16,499 [INFO] ImportTextPane:218 - (OptionalMessage_ERROR) IP (DMA) : Parameter (FIFOMode) has Id (TIM3_CH1) currently not set
2025-06-09 15:48:16,499 [INFO] ImportTextPane:218 - (OptionalMessage_ERROR) IP (DMA) : Parameter (SignalID) has Id (TIM3_CH1) currently not set
2025-06-09 15:48:16,499 [INFO] ImportTextPane:218 - (OptionalMessage_ERROR) IP (DMA) : Parameter (Polarity) has Id (TIM3_CH1) currently not set
2025-06-09 15:48:16,499 [INFO] ImportTextPane:218 - (OptionalMessage_ERROR) IP (DMA) : Parameter (RequestNumber) has Id (TIM3_CH1) currently not set
2025-06-09 15:48:16,499 [INFO] ImportTextPane:218 - (OptionalMessage_ERROR) IP (DMA) : Parameter (SyncSignalID) has Id (TIM3_CH1) currently not set
2025-06-09 15:48:16,499 [INFO] ImportTextPane:218 - (OptionalMessage_ERROR) IP (DMA) : Parameter (SyncPolarity) has Id (TIM3_CH1) currently not set
2025-06-09 15:48:16,500 [INFO] ImportTextPane:218 - (OptionalMessage_ERROR) IP (DMA) : Parameter (SyncEnable) has Id (TIM3_CH1) currently not set
2025-06-09 15:48:16,500 [INFO] ImportTextPane:218 - (OptionalMessage_ERROR) IP (DMA) : Parameter (EventEnable) has Id (TIM3_CH1) currently not set
2025-06-09 15:48:16,500 [INFO] ImportTextPane:218 - (OptionalMessage_ERROR) IP (DMA) : Parameter (SyncRequestNumber) has Id (TIM3_CH1) currently not set
2025-06-09 15:48:16,500 [INFO] ImportTextPane:218 - (OptionalMessage_ERROR) IP (DMA) : Parameter (Instance) has Id (TIM3_CH2) currently not set
2025-06-09 15:48:16,500 [INFO] ImportTextPane:218 - (OptionalMessage_ERROR) IP (DMA) : Parameter (Request) has Id (TIM3_CH2) currently not set
2025-06-09 15:48:16,500 [INFO] ImportTextPane:218 - (OptionalMessage_ERROR) IP (DMA) : Parameter (Direction) has Id (TIM3_CH2) currently not set
2025-06-09 15:48:16,500 [INFO] ImportTextPane:218 - (OptionalMessage_ERROR) IP (DMA) : Parameter (PeriphInc) has Id (TIM3_CH2) currently not set
2025-06-09 15:48:16,500 [INFO] ImportTextPane:218 - (OptionalMessage_ERROR) IP (DMA) : Parameter (MemInc) has Id (TIM3_CH2) currently not set
2025-06-09 15:48:16,500 [INFO] ImportTextPane:218 - (OptionalMessage_ERROR) IP (DMA) : Parameter (PeriphDataAlignment) has Id (TIM3_CH2) currently not set
2025-06-09 15:48:16,500 [INFO] ImportTextPane:218 - (OptionalMessage_ERROR) IP (DMA) : Parameter (MemDataAlignment) has Id (TIM3_CH2) currently not set
2025-06-09 15:48:16,500 [INFO] ImportTextPane:218 - (OptionalMessage_ERROR) IP (DMA) : Parameter (Mode) has Id (TIM3_CH2) currently not set
2025-06-09 15:48:16,500 [INFO] ImportTextPane:218 - (OptionalMessage_ERROR) IP (DMA) : Parameter (Priority) has Id (TIM3_CH2) currently not set
2025-06-09 15:48:16,500 [INFO] ImportTextPane:218 - (OptionalMessage_ERROR) IP (DMA) : Parameter (FIFOMode) has Id (TIM3_CH2) currently not set
2025-06-09 15:48:16,500 [INFO] ImportTextPane:218 - (OptionalMessage_ERROR) IP (DMA) : Parameter (SignalID) has Id (TIM3_CH2) currently not set
2025-06-09 15:48:16,500 [INFO] ImportTextPane:218 - (OptionalMessage_ERROR) IP (DMA) : Parameter (Polarity) has Id (TIM3_CH2) currently not set
2025-06-09 15:48:16,501 [INFO] ImportTextPane:218 - (OptionalMessage_ERROR) IP (DMA) : Parameter (RequestNumber) has Id (TIM3_CH2) currently not set
2025-06-09 15:48:16,501 [INFO] ImportTextPane:218 - (OptionalMessage_ERROR) IP (DMA) : Parameter (SyncSignalID) has Id (TIM3_CH2) currently not set
2025-06-09 15:48:16,501 [INFO] ImportTextPane:218 - (OptionalMessage_ERROR) IP (DMA) : Parameter (SyncPolarity) has Id (TIM3_CH2) currently not set
2025-06-09 15:48:16,501 [INFO] ImportTextPane:218 - (OptionalMessage_ERROR) IP (DMA) : Parameter (SyncEnable) has Id (TIM3_CH2) currently not set
2025-06-09 15:48:16,501 [INFO] ImportTextPane:218 - (OptionalMessage_ERROR) IP (DMA) : Parameter (EventEnable) has Id (TIM3_CH2) currently not set
2025-06-09 15:48:16,501 [INFO] ImportTextPane:218 - (OptionalMessage_ERROR) IP (DMA) : Parameter (SyncRequestNumber) has Id (TIM3_CH2) currently not set
2025-06-09 15:48:16,509 [INFO] ImportTextPane:218 - (OptionalMessage_ERROR) IP (RCC) : Parameter (DFSDMACLkFreq_Value) has invalid value (480000000)
2025-06-09 15:48:16,515 [INFO] ImportTextPane:218 - (OptionalMessage_ERROR) IP (RCC) : Parameter (FDCANFreq_Value) has invalid value (480000000)
2025-06-09 15:48:16,515 [INFO] ImportTextPane:218 - (OptionalMessage_ERROR) IP (RCC) : Invalid parameter (FamilyName)
2025-06-09 15:48:16,516 [INFO] ImportTextPane:218 - (OptionalMessage_ERROR) IP (RCC) : Parameter (SAI1Freq_Value) has invalid value (480000000)
2025-06-09 15:48:16,516 [INFO] ImportTextPane:218 - (OptionalMessage_ERROR) IP (RCC) : Parameter (SAI23Freq_Value) has invalid value (480000000)
2025-06-09 15:48:16,516 [INFO] ImportTextPane:218 - (OptionalMessage_ERROR) IP (RCC) : Parameter (SAI4AFreq_Value) has invalid value (480000000)
2025-06-09 15:48:16,516 [INFO] ImportTextPane:218 - (OptionalMessage_ERROR) IP (RCC) : Parameter (SAI4BFreq_Value) has invalid value (480000000)
2025-06-09 15:48:16,516 [INFO] ImportTextPane:218 - (OptionalMessage_ERROR) IP (RCC) : Parameter (SDMMCFreq_Value) has invalid value (480000000)
2025-06-09 15:48:16,516 [INFO] ImportTextPane:218 - (OptionalMessage_ERROR) IP (RCC) : Parameter (SPDIFRXFreq_Value) has invalid value (480000000)
2025-06-09 15:48:16,516 [INFO] ImportTextPane:218 - (OptionalMessage_ERROR) IP (RCC) : Parameter (SPI123Freq_Value) has invalid value (480000000)
2025-06-09 15:48:16,516 [INFO] ImportTextPane:218 - (OptionalMessage_ERROR) IP (RCC) : Parameter (USBFreq_Value) has invalid value (480000000)
2025-06-09 15:48:17,238 [INFO] ApiDb:581 - Connected to CubeFinder SQLite database (C:\Users\marcv\.stmcufinder\plugins\mcufinder\mcu\cube-finder-db.db)
2025-06-09 15:48:17,387 [INFO] ApiDb:668 - CubeFinder database Data Model version=2.1
2025-06-09 15:48:17,387 [INFO] ApiDb:669 - CubeFinder database Configuration version=3.0.39
2025-06-09 15:48:17,389 [INFO] ApiDb:670 - CubeFinder database generation date=2025-04-23 (1745419778)
2025-06-09 15:48:17,389 [INFO] ApiDb:671 - CubeFinder database FW Pack versions=[FP-ATR-ASTRA1_V2.0.0, FP-SNS-FLIGHT1_V5.1.0, FP-SNS-MOTENV1_V5.0.0, FP-SNS-MOTENVWB1_V1.4.0, FP-SNS-SMARTAG2_V1.2.0, FP-SNS-STBOX1_V2.0.0, STM32Cube_FW_C0_V1.4.0, STM32Cube_FW_F4_V1.28.1, STM32Cube_FW_F7_V1.17.2, STM32Cube_FW_G0_V1.6.2, STM32Cube_FW_G4_V1.6.1, STM32Cube_FW_H5_V1.5.0, STM32Cube_FW_H7RS_V1.2.0, STM32Cube_FW_H7_V1.12.1, STM32Cube_FW_L0_V1.12.2, STM32Cube_FW_L4_V1.18.1, STM32Cube_FW_L5_V1.5.1, STM32Cube_FW_N6_V1.1.1, STM32Cube_FW_U0_V1.2.0, STM32Cube_FW_U3_V1.1.0, STM32Cube_FW_U5_V1.7.0, STM32Cube_FW_WB0_V1.2.0, STM32Cube_FW_WBA_V1.6.0, STM32Cube_FW_WB_V1.22.0, STM32Cube_FW_WL3_V1.1.0, STM32Cube_FW_WL_V1.3.1, X-CUBE-ALGOBUILD_V1.4.0, X-CUBE-ALS_V1.0.2, X-CUBE-AZRTOS-F4_V1.1.0, X-CUBE-AZRTOS-F7_V1.1.0, X-CUBE-AZRTOS-G0_V1.1.0, X-CUBE-AZRTOS-G4_V2.0.0, X-CUBE-AZRTOS-H7RS_V1.1.0, X-CUBE-AZRTOS-H7_V3.3.0, X-CUBE-AZRTOS-L4_V2.0.0, X-CUBE-AZRTOS-L5_V2.0.0, X-CUBE-AZRTOS-WB_V2.0.0, X-CUBE-AZRTOS-WL_V2.0.0, X-CUBE-BLE1_V7.1.0, X-CUBE-BLE2_V3.3.0, X-CUBE-BLEMGR_V4.0.0, X-CUBE-EEPRMA1_V5.1.0, X-CUBE-FREERTOS_V1.3.0, X-CUBE-GNSS1_V6.0.0, X-CUBE-MEMS1_V11.2.0, X-CUBE-NFC4_V3.0.0, X-CUBE-NFC7_V1.0.1, X-CUBE-SFXS2LP1_V4.0.0, X-CUBE-SUBG2_V5.0.0, X-CUBE-TOF1_V3.4.3]
2025-06-09 15:48:17,564 [INFO] DbBoardsSqlite:226 - include board P-NUCLEO-WB55-NUCLEO as a kit item of type 'Nucleo-64'
2025-06-09 15:48:17,564 [INFO] DbBoardsSqlite:226 - include board P-NUCLEO-WB55-USBDONGLE as a kit item of type 'Nucleo USB Dongle'
2025-06-09 15:48:17,565 [INFO] DbBoardsSqlite:226 - include board STEVAL-IDP005V1 as a kit item of type 'Evaluation Board'
2025-06-09 15:48:17,566 [INFO] DbBoardsSqlite:226 - include board STEVAL-IDP005V2 as a kit item of type 'Evaluation Board'
2025-06-09 15:48:18,709 [INFO] ApiDb:240 - Found 895 in-development CPN: [B-G473E-ZEST1S, B-WB1M-WPAN1, B-WBA5M-WPAN, B-WL5M-SUBG1, NUCLEO-C031C6, NUCLEO-C051C8, NUCLEO-C071RB, NUCLEO-C092RC, NUCLEO-H503RB, NUCLEO-H533RE, NUCLEO-H563ZI, NUCLEO-H7S3L8, NUCLEO-N657X0-Q, NUCLEO-U031R8, NUCLEO-U083RC, NUCLEO-U385RG-Q, NUCLEO-U545RE-Q, NUCLEO-U5A5ZJ-Q, NUCLEO-WB05KZ, NUCLEO-WB07CC, NUCLEO-WB09KE, NUCLEO-WBA52CG, NUCLEO-WBA55CG, NUCLEO-WBA65RI, NUCLEO-WL33CC1, NUCLEO-WL33CC2, STEVAL-PROTEUS1, STEVAL-SMARTAG2, STEVAL-STWINBX1, STM320518-EVAL, STM32C0116-DK, STM32C011D6Y3TR, STM32C011D6Y6TR, STM32C011F4P3, STM32C011F4P6, STM32C011F4U3, STM32C011F4U6TR, STM32C011F6P3, STM32C011F6P6, STM32C011F6U3, STM32C011F6U6TR, STM32C011J4M3, STM32C011J4M6, STM32C011J6M3, STM32C011J6M6, STM32C0316-DK, STM32C031C4T3, STM32C031C4T6, STM32C031C4U3, STM32C031C4U6, STM32C031C6T3, STM32C031C6T6, STM32C031C6U3, STM32C031C6U6, STM32C031F4P3, STM32C031F4P6, STM32C031F6P3, STM32C031F6P6, STM32C031G4U3, STM32C031G4U6, STM32C031G6U3, STM32C031G6U6, STM32C031K4T3, STM32C031K4T6, STM32C031K4U3, STM32C031K4U6, STM32C031K6T3, STM32C031K6T6, STM32C031K6U3, STM32C031K6U6, STM32C051C6T6, STM32C051C6U6, STM32C051C8T6, STM32C051C8U6, STM32C051D8Y6TR, STM32C051F6P6, STM32C051F8P6, STM32C051G6U6, STM32C051G8U6, STM32C051K6T6, STM32C051K6U6, STM32C051K8T6, STM32C071C8T6, STM32C071C8T6N, STM32C071C8U6, STM32C071C8U6N, STM32C071CBT6, STM32C071CBT6N, STM32C071CBU6, STM32C071CBU6N, STM32C071F8P6, STM32C071F8P6N, STM32C071FBP6, STM32C071FBP6N, STM32C071FBY6TR, STM32C071G8U6, STM32C071G8U6N, STM32C071GBU6, STM32C071GBU6N, STM32C071K8T6, STM32C071K8T6N, STM32C071K8U6, STM32C071K8U6N, STM32C071KBT6, STM32C071KBT6N, STM32C071KBU6, STM32C071KBU6N, STM32C071R8T6, STM32C071R8T6N, STM32C071RBI6N, STM32C071RBT6, STM32C071RBT6N, STM32C091CBT6, STM32C091CBU6, STM32C091CCT6, STM32C091CCU6, STM32C091ECY6TR, STM32C091FBP6, STM32C091FCP6, STM32C091GBU6, STM32C091GCU6, STM32C091KBT6, STM32C091KBU6, STM32C091KCT6, STM32C091KCU6, STM32C091RBT6, STM32C091RCI6, STM32C091RCT6, STM32C092CBT6, STM32C092CBU6, STM32C092CCT6, STM32C092CCU6, STM32C092ECY6TR, STM32C092FBP6, STM32C092FCP6, STM32C092GBU6, STM32C092GCU6, STM32C092KBT6, STM32C092KBU6, STM32C092KCT6, STM32C092KCU6, STM32C092RBT6, STM32C092RCI6, STM32C092RCT6, STM32G071K8TXN, STM32G071K8UXN, STM32G081GBU6N, STM32G081KBT6N, STM32G081KBUXN, STM32G0B1CCT6N, STM32G0B1KCT6, STM32G0B1NEY6TR, STM32G0B1RCT6N, STM32G0C1CCT6, STM32G0C1CCT6N, STM32G0C1CCU6N, STM32G0C1CET6N, STM32G0C1CEU6N, STM32G0C1KCT6, STM32G0C1NEY6TR, STM32G0C1RCI6N, STM32G0C1RCT6N, STM32G0C1REI6N, STM32G0C1RET6N, STM32G0C1VCI6, STM32G0C1VEI6, STM32G411C6T3, STM32G411C6T6, STM32G411C6U3, STM32G411C6U6, STM32G411C8T3, STM32G411C8T6, STM32G411C8U3, STM32G411C8U6, STM32G411CBT3, STM32G411CBT6, STM32G411CBU3, STM32G411CBU6, STM32G411CCT3, STM32G411CCT6, STM32G411CCU3, STM32G411CCU6, STM32G411K6T3, STM32G411K6T6, STM32G411K6U3, STM32G411K6U6, STM32G411K8T3, STM32G411K8T6, STM32G411K8U3, STM32G411K8U6, STM32G411KBT3, STM32G411KBT6, STM32G411KBU3, STM32G411KBU6, STM32G411M6T3, STM32G411M6T6, STM32G411M8T3, STM32G411M8T6, STM32G411MBT3, STM32G411MBT6, STM32G411MCT3, STM32G411MCT6, STM32G411R6T3, STM32G411R6T6, STM32G411R8T3, STM32G411R8T6, STM32G411RBT3, STM32G411RBT6, STM32G411RCT3, STM32G411RCT6, STM32G414CBT3, STM32G414CBT6, STM32G414CBU3, STM32G414CBU6, STM32G414CCT3, STM32G414CCT6, STM32G414CCU3, STM32G414CCU6, STM32G414MBT3, STM32G414MBT6, STM32G414MCT3, STM32G414MCT6, STM32G414RBT3, STM32G414RBT6, STM32G414RCT3, STM32G414RCT6, STM32G414VBT3, STM32G414VBT6, STM32G414VCT3, STM32G414VCT6, STM32G431CBT3Z, STM32G431RBT3Z, STM32G471CCT6, STM32G471CCU6, STM32G471CET3, STM32G471CET6, STM32G471CEU3, STM32G471CEU6, STM32G471MCT6, STM32G471MET3, STM32G471MET6, STM32G471MEY6TR, STM32G471QCT6, STM32G471QET3, STM32G471RCT6, STM32G471RET3, STM32G471RET6, STM32G471VCH6, STM32G471VCI6, STM32G471VCT6, STM32G471VEH3, STM32G471VEH6, STM32G471VEI3, STM32G471VEI6, STM32G471VET3, STM32G471VET6, STM32G473QET3Z, STM32G473RET3Z, STM32G474CCT6, STM32G491RET3Z, STM32H503CBT6, STM32H503CBU6, STM32H503EBY6TR, STM32H503KBU6, STM32H503RBT6, STM32H523CCT6, STM32H523CCU6, STM32H523CET6, STM32H523CEU6, STM32H523HEY6TR, STM32H523RCT6, STM32H523RET6, STM32H523VCI6, STM32H523VCT6, STM32H523VEI6, STM32H523VET6, STM32H523ZCJ6, STM32H523ZCT6, STM32H523ZEJ6, STM32H523ZET6, STM32H533CET6, STM32H533CEU6, STM32H533HEY6TR, STM32H533RET6, STM32H533VEI6, STM32H533VET6, STM32H533ZEJ6, STM32H533ZET6, STM32H562AGI6, STM32H562AII6, STM32H562IGK6, STM32H562IGT6, STM32H562IIK6, STM32H562IIT6, STM32H562RGT6, STM32H562RGV6, STM32H562RIT6, STM32H562RIV6, STM32H562VGT6, STM32H562VIT6, STM32H562ZGT6, STM32H562ZIT6, STM32H563AGI6, STM32H563AII3Q, STM32H563AII6, STM32H563IGK6, STM32H563IGT6, STM32H563IIK3Q, STM32H563IIK6, STM32H563IIT3Q, STM32H563IIT6, STM32H563MIY3QTR, STM32H563RGT6, STM32H563RGV6, STM32H563RIT6, STM32H563RIV6, STM32H563VGT6, STM32H563VIT3Q, STM32H563VIT6, STM32H563ZGT6, STM32H563ZIT3Q, STM32H563ZIT6, STM32H573AII3Q, STM32H573AII6, STM32H573I-DK, STM32H573IIK3Q, STM32H573IIK6, STM32H573IIT3Q, STM32H573IIT6, STM32H573MIY3QTR, STM32H573RIT6, STM32H573RIV6, STM32H573VIT3Q, STM32H573VIT6, STM32H573ZIT3Q, STM32H573ZIT6, STM32H7R3A8I6, STM32H7R3I8K6, STM32H7R3I8T6, STM32H7R3L8H6, STM32H7R3L8H6H, STM32H7R3R8V6, STM32H7R3V8H6, STM32H7R3V8T6, STM32H7R3V8Y6TR, STM32H7R3Z8J6, STM32H7R3Z8T6, STM32H7R7A8I6, STM32H7R7I8K6, STM32H7R7I8T6, STM32H7R7L8H6, STM32H7R7L8H6H, STM32H7R7Z8J6, STM32H7S3A8I6, STM32H7S3I8K6, STM32H7S3I8T6, STM32H7S3L8H6, STM32H7S3L8H6H, STM32H7S3R8V6, STM32H7S3V8H6, STM32H7S3V8T6, STM32H7S3V8Y6TR, STM32H7S3Z8J6, STM32H7S3Z8T6, STM32H7S78-DK, STM32H7S7A8I6, STM32H7S7I8K6, STM32H7S7I8T6, STM32H7S7L8H6, STM32H7S7L8H6H, STM32H7S7Z8J6, STM32L4R5QGI6STR, STM32MP131AAE3, STM32MP131AAF3, STM32MP131AAG3, STM32MP131CAE3, STM32MP131CAF3, STM32MP131CAG3, STM32MP131DAE7, STM32MP131DAF7, STM32MP131DAG7, STM32MP131FAE7, STM32MP131FAF7, STM32MP131FAG7, STM32MP133AAE3, STM32MP133AAF3, STM32MP133AAG3, STM32MP133CAE3, STM32MP133CAF3, STM32MP133CAG3, STM32MP133DAE7, STM32MP133DAF7, STM32MP133DAG7, STM32MP133FAE7, STM32MP133FAF7, STM32MP133FAG7, STM32MP135AAE3, STM32MP135AAF3, STM32MP135AAG3, STM32MP135CAE3, STM32MP135CAF3, STM32MP135CAG3, STM32MP135DAE7, STM32MP135DAF7, STM32MP135DAG7, STM32MP135F-DK, STM32MP135FAE7, STM32MP135FAF7, STM32MP135FAF7T, STM32MP135FAF7U, STM32MP135FAG7, STM32MP231AAJ3, STM32MP231AAK3, STM32MP231AAL3, STM32MP231CAJ3, STM32MP231CAK3, STM32MP231CAL3, STM32MP231DAJ3, STM32MP231DAK3, STM32MP231DAL3, STM32MP231FAJ3, STM32MP231FAK3, STM32MP231FAL3, STM32MP233AAJ3, STM32MP233AAK3, STM32MP233AAL3, STM32MP233CAJ3, STM32MP233CAK3, STM32MP233CAL3, STM32MP233DAJ3, STM32MP233DAK3, STM32MP233DAL3, STM32MP233FAJ3, STM32MP233FAK3, STM32MP233FAL3, STM32MP235AAJ3, STM32MP235AAK3, STM32MP235AAL3, STM32MP235CAJ3, STM32MP235CAK3, STM32MP235CAL3, STM32MP235DAJ3, STM32MP235DAK3, STM32MP235DAL3, STM32MP235FAJ3, STM32MP235FAK3, STM32MP235FAL3, STM32MP251AAI3, STM32MP251AAJ3, STM32MP251AAK3, STM32MP251AAL3, STM32MP251CAI3, STM32MP251CAJ3, STM32MP251CAK3, STM32MP251CAL3, STM32MP251DAI3, STM32MP251DAJ3, STM32MP251DAK3, STM32MP251DAL3, STM32MP251FAI3, STM32MP251FAJ3, STM32MP251FAK3, STM32MP251FAL3, STM32MP253AAI3, STM32MP253AAJ3, STM32MP253AAK3, STM32MP253AAL3, STM32MP253CAI3, STM32MP253CAJ3, STM32MP253CAK3, STM32MP253CAL3, STM32MP253DAI3, STM32MP253DAJ3, STM32MP253DAK3, STM32MP253DAL3, STM32MP253FAI3, STM32MP253FAJ3, STM32MP253FAK3, STM32MP253FAL3, STM32MP255AAI3, STM32MP255AAJ3, STM32MP255AAK3, STM32MP255AAL3, STM32MP255CAI3, STM32MP255CAJ3, STM32MP255CAK3, STM32MP255CAL3, STM32MP255DAI3, STM32MP255DAJ3, STM32MP255DAK3, STM32MP255DAL3, STM32MP255FAI3, STM32MP255FAJ3, STM32MP255FAK3, STM32MP255FAL3, STM32MP257AAI3, STM32MP257AAJ3, STM32MP257AAK3, STM32MP257AAL3, STM32MP257CAI3, STM32MP257CAJ3, STM32MP257CAK3, STM32MP257CAL3, STM32MP257DAI3, STM32MP257DAJ3, STM32MP257DAK3, STM32MP257DAL3, STM32MP257F-DK, STM32MP257F-EV1, STM32MP257FAI3, STM32MP257FAJ3, STM32MP257FAK3, STM32MP257FAL3, STM32N645A0H3Q, STM32N645B0H3Q, STM32N645I0H3Q, STM32N645L0H3Q, STM32N645X0H3Q, STM32N645Z0H3Q, STM32N647A0H3Q, STM32N647B0H3Q, STM32N647I0H3Q, STM32N647L0H3Q, STM32N647X0H3Q, STM32N647Z0H3Q, STM32N655A0H3Q, STM32N655B0H3Q, STM32N655I0H3Q, STM32N655L0H3Q, STM32N655X0H3Q, STM32N655Z0H3Q, STM32N6570-DK, STM32N657A0H3Q, STM32N657B0H3Q, STM32N657I0H3Q, STM32N657L0H3Q, STM32N657X0H3Q, STM32N657Z0H3Q, STM32U031C6T6, STM32U031C6U6, STM32U031C8T6, STM32U031C8U6, STM32U031F4P6, STM32U031F6P6, STM32U031F8P6, STM32U031G6Y6TR, STM32U031G8Y6TR, STM32U031K4U6, STM32U031K6U6, STM32U031K8U6, STM32U031R6I6, STM32U031R6T6, STM32U031R8I6, STM32U031R8T6, STM32U073C8T6, STM32U073C8U6, STM32U073CBT6, STM32U073CBU6, STM32U073CCT6, STM32U073CCU6, STM32U073H8Y6TR, STM32U073HBY6TR, STM32U073HCY6TR, STM32U073K8U6, STM32U073KBU6, STM32U073KCU6, STM32U073M8I6, STM32U073M8T6, STM32U073MBI6, STM32U073MBT6, STM32U073MCI6, STM32U073MCT6, STM32U073R8I6, STM32U073R8T6, STM32U073RBI6, STM32U073RBT6, STM32U073RCI6, STM32U073RCT6, STM32U083C-DK, STM32U083CCT6, STM32U083CCU6, STM32U083HCY6TR, STM32U083KCU6, STM32U083MCI6, STM32U083MCT6, STM32U083RCI6, STM32U083RCT6, STM32U375CET6, STM32U375CET6Q, STM32U375CEU6, STM32U375CEU6Q, STM32U375CEY6QTR, STM32U375CGT6, STM32U375CGT6Q, STM32U375CGU6, STM32U375CGU6Q, STM32U375CGY6QTR, STM32U375KEU6, STM32U375KGU6, STM32U375REI6, STM32U375REI6Q, STM32U375RET6, STM32U375RET6Q, STM32U375REY6GTR, STM32U375REY6QTR, STM32U375RGI6, STM32U375RGI6Q, STM32U375RGT6, STM32U375RGT6Q, STM32U375RGY6GTR, STM32U375RGY6QTR, STM32U375VEI6, STM32U375VEI6Q, STM32U375VET6, STM32U375VET6Q, STM32U375VGI6, STM32U375VGI6Q, STM32U375VGT6, STM32U375VGT6Q, STM32U385CGT6, STM32U385CGT6Q, STM32U385CGU6, STM32U385CGU6Q, STM32U385CGY6QTR, STM32U385KGU6, STM32U385RGI6, STM32U385RGI6Q, STM32U385RGT6, STM32U385RGT6Q, STM32U385RGY6GTR, STM32U385RGY6QTR, STM32U385VGI6, STM32U385VGI6Q, STM32U385VGT6, STM32U385VGT6Q, STM32U535CBT6, STM32U535CBT6Q, STM32U535CBU6, STM32U535CBU6Q, STM32U535CCT6, STM32U535CCT6Q, STM32U535CCU6, STM32U535CCU6Q, STM32U535CET6, STM32U535CET6Q, STM32U535CEU6, STM32U535CEU6Q, STM32U535JEY6QTR, STM32U535NCY6QTR, STM32U535NEY6QTR, STM32U535RBI6, STM32U535RBI6Q, STM32U535RBT6, STM32U535RBT6Q, STM32U535RCI6, STM32U535RCI6Q, STM32U535RCT6, STM32U535RCT6Q, STM32U535REI6, STM32U535REI6Q, STM32U535RET6, STM32U535RET6Q, STM32U535VCI6, STM32U535VCI6Q, STM32U535VCT6, STM32U535VCT6Q, STM32U535VEI6, STM32U535VEI6Q, STM32U535VET6, STM32U535VET6Q, STM32U545CET6, STM32U545CET6Q, STM32U545CEU6, STM32U545CEU6Q, STM32U545JEY6QTR, STM32U545NEY6QTR, STM32U545REI6, STM32U545REI6Q, STM32U545RET6, STM32U545RET6Q, STM32U545VEI6, STM32U545VEI6Q, STM32U545VET6, STM32U545VET6Q, STM32U595AIH6, STM32U595AIH6Q, STM32U595AJH6, STM32U595AJH6Q, STM32U595QII6, STM32U595QII6Q, STM32U595QJI6, STM32U595QJI6Q, STM32U595RIT6, STM32U595RIT6Q, STM32U595RJT6, STM32U595RJT6Q, STM32U595VIT6, STM32U595VIT6Q, STM32U595VJT6, STM32U595VJT6Q, STM32U595ZIT6, STM32U595ZIT6Q, STM32U595ZIY6QTR, STM32U595ZJT6, STM32U595ZJT6Q, STM32U595ZJY6QTR, STM32U599BJY6QTR, STM32U599NIH6Q, STM32U599NJH6Q, STM32U599VIT6Q, STM32U599VJT6, STM32U599VJT6Q, STM32U599ZIT6Q, STM32U599ZIY6QTR, STM32U599ZJT6Q, STM32U599ZJY6QTR, STM32U5A5AJH6, STM32U5A5AJH6Q, STM32U5A5QII3Q , STM32U5A5QJI6, STM32U5A5QJI6Q, STM32U5A5RJT6, STM32U5A5RJT6Q, STM32U5A5VJT6, STM32U5A5VJT6Q, STM32U5A5ZJT6, STM32U5A5ZJT6Q, STM32U5A5ZJY6QTR, STM32U5A9BJY6QTR, STM32U5A9J-DK, STM32U5A9NJH6Q, STM32U5A9VJT6Q, STM32U5A9ZJT6Q, STM32U5A9ZJY6QTR, STM32U5F7VIT6, STM32U5F7VIT6Q, STM32U5F7VJT6, STM32U5F7VJT6Q, STM32U5F9BJY6QTR, STM32U5F9NJH6Q, STM32U5F9VIT6Q, STM32U5F9VJT6Q, STM32U5F9ZIJ6QTR, STM32U5F9ZIT6Q, STM32U5F9ZJJ6QTR, STM32U5F9ZJT6Q, STM32U5G7VJT6, STM32U5G7VJT6Q, STM32U5G9BJY6QTR, STM32U5G9J-DK1, STM32U5G9J-DK2, STM32U5G9NJH6Q, STM32U5G9VJT6Q, STM32U5G9ZJJ6QTR, STM32U5G9ZJT6Q, STM32WB05KZV6TR, STM32WB05KZV7TR, STM32WB05TZF6TR, STM32WB05TZF7TR, STM32WB06CCF6TR, STM32WB06CCF7TR, STM32WB06CCV6TR, STM32WB06CCV7TR, STM32WB06KCV6TR, STM32WB06KCV7TR, STM32WB07CCF6TR, STM32WB07CCF7TR, STM32WB07CCV6TR, STM32WB07CCV7TR, STM32WB07KCV6TR, STM32WB07KCV7TR, STM32WB09KEV6TR, STM32WB09KEV7TR, STM32WB09TEF6TR, STM32WB09TEF7TR, STM32WB1MMCH6, STM32WBA50KGU6, STM32WBA50KGU6TR, STM32WBA52CEU6, STM32WBA52CEU6TR, STM32WBA52CEU7, STM32WBA52CEU7TR, STM32WBA52CGU6, STM32WBA52CGU6TR, STM32WBA52CGU6U, STM32WBA52CGU7, STM32WBA52CGU7TR, STM32WBA52KEU6, STM32WBA52KEU6TR, STM32WBA52KGU6, STM32WBA52KGU6TR, STM32WBA54CEU6, STM32WBA54CEU6TR, STM32WBA54CEU7, STM32WBA54CEU7TR, STM32WBA54CGU6, STM32WBA54CGU6TR, STM32WBA54CGU7, STM32WBA54CGU7TR, STM32WBA54KEU6, STM32WBA54KEU6TR, STM32WBA54KEU7, STM32WBA54KEU7TR, STM32WBA54KGU6, STM32WBA54KGU6TR, STM32WBA54KGU7, STM32WBA54KGU7TR, STM32WBA55CEU6, STM32WBA55CEU6TR, STM32WBA55CEU7, STM32WBA55CEU7TR, STM32WBA55CGU6, STM32WBA55CGU6TR, STM32WBA55CGU6U, STM32WBA55CGU7, STM32WBA55CGU7TR, STM32WBA55G-DK1, STM32WBA55HEF6, STM32WBA55HEF7, STM32WBA55HGF6, STM32WBA55HGF7, STM32WBA55UEI6, STM32WBA55UEI6TR, STM32WBA55UEI7, STM32WBA55UEI7TR, STM32WBA55UGI6, STM32WBA55UGI6TR, STM32WBA55UGI7, STM32WBA55UGI7TR, STM32WBA5MJGH6TR, STM32WBA62CGU6, STM32WBA62CIU6, STM32WBA62MGF6, STM32WBA62MIF6, STM32WBA62PGI6, STM32WBA62PII6, STM32WBA63CGU6, STM32WBA63CGU7, STM32WBA63CIU6, STM32WBA63CIU7, STM32WBA64CGU6, STM32WBA64CGU7, STM32WBA64CIU6, STM32WBA64CIU7, STM32WBA65CGU6, STM32WBA65CGU7, STM32WBA65CIU6, STM32WBA65CIU7, STM32WBA65I-DK1, STM32WBA65MGF6, STM32WBA65MGF7, STM32WBA65MIF6, STM32WBA65MIF7, STM32WBA65PGI6, STM32WBA65PGI7, STM32WBA65PII6, STM32WBA65PII7, STM32WBA65RGV6, STM32WBA65RGV7, STM32WBA65RIV6, STM32WBA65RIV7, STM32WL30K8V6, STM32WL30KBV6, STM32WL31C8V6, STM32WL31CBV6, STM32WL31K8V6, STM32WL31KBV6, STM32WL33C8V6, STM32WL33C8V6TR, STM32WL33C8V7, STM32WL33C8V7TR, STM32WL33CBV6, STM32WL33CBV6TR, STM32WL33CBV7, STM32WL33CBV7TR, STM32WL33CCV6, STM32WL33CCV6TR, STM32WL33CCV7, STM32WL33CCV7A, STM32WL33CCV7ATR, STM32WL33CCV7TR, STM32WL33K8V6, STM32WL33K8V6TR, STM32WL33K8V7, STM32WL33K8V7TR, STM32WL33KBV6, STM32WL33KBV6TR, STM32WL33KBV7, STM32WL33KBV7TR, STM32WL33KCV6, STM32WL33KCV6TR, STM32WL33KCV7, STM32WL33KCV7TR, STM32WL5MOCH6, STM32WL5MOCH6TR]
2025-06-09 15:48:18,963 [INFO] BoardInfo:889 - No configuration file found for board P-NUCLEO-WB55
2025-06-09 15:48:18,965 [INFO] DbBoards:161 - Kit is not supported: P-NUCLEO-WB55
2025-06-09 15:48:18,972 [INFO] BoardInfo:889 - No configuration file found for board STEVAL-BFA001V1B
2025-06-09 15:48:18,973 [INFO] DbBoards:161 - Kit is not supported: STEVAL-BFA001V1B
2025-06-09 15:48:18,974 [INFO] BoardInfo:889 - No configuration file found for board STEVAL-BFA001V2B
2025-06-09 15:48:18,976 [INFO] DbBoards:161 - Kit is not supported: STEVAL-BFA001V2B
2025-06-09 15:48:19,190 [INFO] DbBoards:168 - Found 211 boards, 208 are supported
2025-06-09 15:48:19,190 [INFO] DbBoards:169 - Found 211 boards, 43 of them is supported for  Bsp
2025-06-09 15:48:19,193 [INFO] ApiDb:668 - CubeFinder database Data Model version=2.1
2025-06-09 15:48:19,194 [INFO] ApiDb:669 - CubeFinder database Configuration version=3.0.39
2025-06-09 15:48:19,194 [INFO] ApiDb:670 - CubeFinder database generation date=2025-04-23 (1745419778)
2025-06-09 15:48:19,194 [INFO] ApiDb:671 - CubeFinder database FW Pack versions=[FP-ATR-ASTRA1_V2.0.0, FP-SNS-FLIGHT1_V5.1.0, FP-SNS-MOTENV1_V5.0.0, FP-SNS-MOTENVWB1_V1.4.0, FP-SNS-SMARTAG2_V1.2.0, FP-SNS-STBOX1_V2.0.0, STM32Cube_FW_C0_V1.4.0, STM32Cube_FW_F4_V1.28.1, STM32Cube_FW_F7_V1.17.2, STM32Cube_FW_G0_V1.6.2, STM32Cube_FW_G4_V1.6.1, STM32Cube_FW_H5_V1.5.0, STM32Cube_FW_H7RS_V1.2.0, STM32Cube_FW_H7_V1.12.1, STM32Cube_FW_L0_V1.12.2, STM32Cube_FW_L4_V1.18.1, STM32Cube_FW_L5_V1.5.1, STM32Cube_FW_N6_V1.1.1, STM32Cube_FW_U0_V1.2.0, STM32Cube_FW_U3_V1.1.0, STM32Cube_FW_U5_V1.7.0, STM32Cube_FW_WB0_V1.2.0, STM32Cube_FW_WBA_V1.6.0, STM32Cube_FW_WB_V1.22.0, STM32Cube_FW_WL3_V1.1.0, STM32Cube_FW_WL_V1.3.1, X-CUBE-ALGOBUILD_V1.4.0, X-CUBE-ALS_V1.0.2, X-CUBE-AZRTOS-F4_V1.1.0, X-CUBE-AZRTOS-F7_V1.1.0, X-CUBE-AZRTOS-G0_V1.1.0, X-CUBE-AZRTOS-G4_V2.0.0, X-CUBE-AZRTOS-H7RS_V1.1.0, X-CUBE-AZRTOS-H7_V3.3.0, X-CUBE-AZRTOS-L4_V2.0.0, X-CUBE-AZRTOS-L5_V2.0.0, X-CUBE-AZRTOS-WB_V2.0.0, X-CUBE-AZRTOS-WL_V2.0.0, X-CUBE-BLE1_V7.1.0, X-CUBE-BLE2_V3.3.0, X-CUBE-BLEMGR_V4.0.0, X-CUBE-EEPRMA1_V5.1.0, X-CUBE-FREERTOS_V1.3.0, X-CUBE-GNSS1_V6.0.0, X-CUBE-MEMS1_V11.2.0, X-CUBE-NFC4_V3.0.0, X-CUBE-NFC7_V1.0.1, X-CUBE-SFXS2LP1_V4.0.0, X-CUBE-SUBG2_V5.0.0, X-CUBE-TOF1_V3.4.3]
2025-06-09 15:48:21,263 [INFO] ApiDb:240 - Found 895 in-development CPN: [B-G473E-ZEST1S, B-WB1M-WPAN1, B-WBA5M-WPAN, B-WL5M-SUBG1, NUCLEO-C031C6, NUCLEO-C051C8, NUCLEO-C071RB, NUCLEO-C092RC, NUCLEO-H503RB, NUCLEO-H533RE, NUCLEO-H563ZI, NUCLEO-H7S3L8, NUCLEO-N657X0-Q, NUCLEO-U031R8, NUCLEO-U083RC, NUCLEO-U385RG-Q, NUCLEO-U545RE-Q, NUCLEO-U5A5ZJ-Q, NUCLEO-WB05KZ, NUCLEO-WB07CC, NUCLEO-WB09KE, NUCLEO-WBA52CG, NUCLEO-WBA55CG, NUCLEO-WBA65RI, NUCLEO-WL33CC1, NUCLEO-WL33CC2, STEVAL-PROTEUS1, STEVAL-SMARTAG2, STEVAL-STWINBX1, STM320518-EVAL, STM32C0116-DK, STM32C011D6Y3TR, STM32C011D6Y6TR, STM32C011F4P3, STM32C011F4P6, STM32C011F4U3, STM32C011F4U6TR, STM32C011F6P3, STM32C011F6P6, STM32C011F6U3, STM32C011F6U6TR, STM32C011J4M3, STM32C011J4M6, STM32C011J6M3, STM32C011J6M6, STM32C0316-DK, STM32C031C4T3, STM32C031C4T6, STM32C031C4U3, STM32C031C4U6, STM32C031C6T3, STM32C031C6T6, STM32C031C6U3, STM32C031C6U6, STM32C031F4P3, STM32C031F4P6, STM32C031F6P3, STM32C031F6P6, STM32C031G4U3, STM32C031G4U6, STM32C031G6U3, STM32C031G6U6, STM32C031K4T3, STM32C031K4T6, STM32C031K4U3, STM32C031K4U6, STM32C031K6T3, STM32C031K6T6, STM32C031K6U3, STM32C031K6U6, STM32C051C6T6, STM32C051C6U6, STM32C051C8T6, STM32C051C8U6, STM32C051D8Y6TR, STM32C051F6P6, STM32C051F8P6, STM32C051G6U6, STM32C051G8U6, STM32C051K6T6, STM32C051K6U6, STM32C051K8T6, STM32C071C8T6, STM32C071C8T6N, STM32C071C8U6, STM32C071C8U6N, STM32C071CBT6, STM32C071CBT6N, STM32C071CBU6, STM32C071CBU6N, STM32C071F8P6, STM32C071F8P6N, STM32C071FBP6, STM32C071FBP6N, STM32C071FBY6TR, STM32C071G8U6, STM32C071G8U6N, STM32C071GBU6, STM32C071GBU6N, STM32C071K8T6, STM32C071K8T6N, STM32C071K8U6, STM32C071K8U6N, STM32C071KBT6, STM32C071KBT6N, STM32C071KBU6, STM32C071KBU6N, STM32C071R8T6, STM32C071R8T6N, STM32C071RBI6N, STM32C071RBT6, STM32C071RBT6N, STM32C091CBT6, STM32C091CBU6, STM32C091CCT6, STM32C091CCU6, STM32C091ECY6TR, STM32C091FBP6, STM32C091FCP6, STM32C091GBU6, STM32C091GCU6, STM32C091KBT6, STM32C091KBU6, STM32C091KCT6, STM32C091KCU6, STM32C091RBT6, STM32C091RCI6, STM32C091RCT6, STM32C092CBT6, STM32C092CBU6, STM32C092CCT6, STM32C092CCU6, STM32C092ECY6TR, STM32C092FBP6, STM32C092FCP6, STM32C092GBU6, STM32C092GCU6, STM32C092KBT6, STM32C092KBU6, STM32C092KCT6, STM32C092KCU6, STM32C092RBT6, STM32C092RCI6, STM32C092RCT6, STM32G071K8TXN, STM32G071K8UXN, STM32G081GBU6N, STM32G081KBT6N, STM32G081KBUXN, STM32G0B1CCT6N, STM32G0B1KCT6, STM32G0B1NEY6TR, STM32G0B1RCT6N, STM32G0C1CCT6, STM32G0C1CCT6N, STM32G0C1CCU6N, STM32G0C1CET6N, STM32G0C1CEU6N, STM32G0C1KCT6, STM32G0C1NEY6TR, STM32G0C1RCI6N, STM32G0C1RCT6N, STM32G0C1REI6N, STM32G0C1RET6N, STM32G0C1VCI6, STM32G0C1VEI6, STM32G411C6T3, STM32G411C6T6, STM32G411C6U3, STM32G411C6U6, STM32G411C8T3, STM32G411C8T6, STM32G411C8U3, STM32G411C8U6, STM32G411CBT3, STM32G411CBT6, STM32G411CBU3, STM32G411CBU6, STM32G411CCT3, STM32G411CCT6, STM32G411CCU3, STM32G411CCU6, STM32G411K6T3, STM32G411K6T6, STM32G411K6U3, STM32G411K6U6, STM32G411K8T3, STM32G411K8T6, STM32G411K8U3, STM32G411K8U6, STM32G411KBT3, STM32G411KBT6, STM32G411KBU3, STM32G411KBU6, STM32G411M6T3, STM32G411M6T6, STM32G411M8T3, STM32G411M8T6, STM32G411MBT3, STM32G411MBT6, STM32G411MCT3, STM32G411MCT6, STM32G411R6T3, STM32G411R6T6, STM32G411R8T3, STM32G411R8T6, STM32G411RBT3, STM32G411RBT6, STM32G411RCT3, STM32G411RCT6, STM32G414CBT3, STM32G414CBT6, STM32G414CBU3, STM32G414CBU6, STM32G414CCT3, STM32G414CCT6, STM32G414CCU3, STM32G414CCU6, STM32G414MBT3, STM32G414MBT6, STM32G414MCT3, STM32G414MCT6, STM32G414RBT3, STM32G414RBT6, STM32G414RCT3, STM32G414RCT6, STM32G414VBT3, STM32G414VBT6, STM32G414VCT3, STM32G414VCT6, STM32G431CBT3Z, STM32G431RBT3Z, STM32G471CCT6, STM32G471CCU6, STM32G471CET3, STM32G471CET6, STM32G471CEU3, STM32G471CEU6, STM32G471MCT6, STM32G471MET3, STM32G471MET6, STM32G471MEY6TR, STM32G471QCT6, STM32G471QET3, STM32G471RCT6, STM32G471RET3, STM32G471RET6, STM32G471VCH6, STM32G471VCI6, STM32G471VCT6, STM32G471VEH3, STM32G471VEH6, STM32G471VEI3, STM32G471VEI6, STM32G471VET3, STM32G471VET6, STM32G473QET3Z, STM32G473RET3Z, STM32G474CCT6, STM32G491RET3Z, STM32H503CBT6, STM32H503CBU6, STM32H503EBY6TR, STM32H503KBU6, STM32H503RBT6, STM32H523CCT6, STM32H523CCU6, STM32H523CET6, STM32H523CEU6, STM32H523HEY6TR, STM32H523RCT6, STM32H523RET6, STM32H523VCI6, STM32H523VCT6, STM32H523VEI6, STM32H523VET6, STM32H523ZCJ6, STM32H523ZCT6, STM32H523ZEJ6, STM32H523ZET6, STM32H533CET6, STM32H533CEU6, STM32H533HEY6TR, STM32H533RET6, STM32H533VEI6, STM32H533VET6, STM32H533ZEJ6, STM32H533ZET6, STM32H562AGI6, STM32H562AII6, STM32H562IGK6, STM32H562IGT6, STM32H562IIK6, STM32H562IIT6, STM32H562RGT6, STM32H562RGV6, STM32H562RIT6, STM32H562RIV6, STM32H562VGT6, STM32H562VIT6, STM32H562ZGT6, STM32H562ZIT6, STM32H563AGI6, STM32H563AII3Q, STM32H563AII6, STM32H563IGK6, STM32H563IGT6, STM32H563IIK3Q, STM32H563IIK6, STM32H563IIT3Q, STM32H563IIT6, STM32H563MIY3QTR, STM32H563RGT6, STM32H563RGV6, STM32H563RIT6, STM32H563RIV6, STM32H563VGT6, STM32H563VIT3Q, STM32H563VIT6, STM32H563ZGT6, STM32H563ZIT3Q, STM32H563ZIT6, STM32H573AII3Q, STM32H573AII6, STM32H573I-DK, STM32H573IIK3Q, STM32H573IIK6, STM32H573IIT3Q, STM32H573IIT6, STM32H573MIY3QTR, STM32H573RIT6, STM32H573RIV6, STM32H573VIT3Q, STM32H573VIT6, STM32H573ZIT3Q, STM32H573ZIT6, STM32H7R3A8I6, STM32H7R3I8K6, STM32H7R3I8T6, STM32H7R3L8H6, STM32H7R3L8H6H, STM32H7R3R8V6, STM32H7R3V8H6, STM32H7R3V8T6, STM32H7R3V8Y6TR, STM32H7R3Z8J6, STM32H7R3Z8T6, STM32H7R7A8I6, STM32H7R7I8K6, STM32H7R7I8T6, STM32H7R7L8H6, STM32H7R7L8H6H, STM32H7R7Z8J6, STM32H7S3A8I6, STM32H7S3I8K6, STM32H7S3I8T6, STM32H7S3L8H6, STM32H7S3L8H6H, STM32H7S3R8V6, STM32H7S3V8H6, STM32H7S3V8T6, STM32H7S3V8Y6TR, STM32H7S3Z8J6, STM32H7S3Z8T6, STM32H7S78-DK, STM32H7S7A8I6, STM32H7S7I8K6, STM32H7S7I8T6, STM32H7S7L8H6, STM32H7S7L8H6H, STM32H7S7Z8J6, STM32L4R5QGI6STR, STM32MP131AAE3, STM32MP131AAF3, STM32MP131AAG3, STM32MP131CAE3, STM32MP131CAF3, STM32MP131CAG3, STM32MP131DAE7, STM32MP131DAF7, STM32MP131DAG7, STM32MP131FAE7, STM32MP131FAF7, STM32MP131FAG7, STM32MP133AAE3, STM32MP133AAF3, STM32MP133AAG3, STM32MP133CAE3, STM32MP133CAF3, STM32MP133CAG3, STM32MP133DAE7, STM32MP133DAF7, STM32MP133DAG7, STM32MP133FAE7, STM32MP133FAF7, STM32MP133FAG7, STM32MP135AAE3, STM32MP135AAF3, STM32MP135AAG3, STM32MP135CAE3, STM32MP135CAF3, STM32MP135CAG3, STM32MP135DAE7, STM32MP135DAF7, STM32MP135DAG7, STM32MP135F-DK, STM32MP135FAE7, STM32MP135FAF7, STM32MP135FAF7T, STM32MP135FAF7U, STM32MP135FAG7, STM32MP231AAJ3, STM32MP231AAK3, STM32MP231AAL3, STM32MP231CAJ3, STM32MP231CAK3, STM32MP231CAL3, STM32MP231DAJ3, STM32MP231DAK3, STM32MP231DAL3, STM32MP231FAJ3, STM32MP231FAK3, STM32MP231FAL3, STM32MP233AAJ3, STM32MP233AAK3, STM32MP233AAL3, STM32MP233CAJ3, STM32MP233CAK3, STM32MP233CAL3, STM32MP233DAJ3, STM32MP233DAK3, STM32MP233DAL3, STM32MP233FAJ3, STM32MP233FAK3, STM32MP233FAL3, STM32MP235AAJ3, STM32MP235AAK3, STM32MP235AAL3, STM32MP235CAJ3, STM32MP235CAK3, STM32MP235CAL3, STM32MP235DAJ3, STM32MP235DAK3, STM32MP235DAL3, STM32MP235FAJ3, STM32MP235FAK3, STM32MP235FAL3, STM32MP251AAI3, STM32MP251AAJ3, STM32MP251AAK3, STM32MP251AAL3, STM32MP251CAI3, STM32MP251CAJ3, STM32MP251CAK3, STM32MP251CAL3, STM32MP251DAI3, STM32MP251DAJ3, STM32MP251DAK3, STM32MP251DAL3, STM32MP251FAI3, STM32MP251FAJ3, STM32MP251FAK3, STM32MP251FAL3, STM32MP253AAI3, STM32MP253AAJ3, STM32MP253AAK3, STM32MP253AAL3, STM32MP253CAI3, STM32MP253CAJ3, STM32MP253CAK3, STM32MP253CAL3, STM32MP253DAI3, STM32MP253DAJ3, STM32MP253DAK3, STM32MP253DAL3, STM32MP253FAI3, STM32MP253FAJ3, STM32MP253FAK3, STM32MP253FAL3, STM32MP255AAI3, STM32MP255AAJ3, STM32MP255AAK3, STM32MP255AAL3, STM32MP255CAI3, STM32MP255CAJ3, STM32MP255CAK3, STM32MP255CAL3, STM32MP255DAI3, STM32MP255DAJ3, STM32MP255DAK3, STM32MP255DAL3, STM32MP255FAI3, STM32MP255FAJ3, STM32MP255FAK3, STM32MP255FAL3, STM32MP257AAI3, STM32MP257AAJ3, STM32MP257AAK3, STM32MP257AAL3, STM32MP257CAI3, STM32MP257CAJ3, STM32MP257CAK3, STM32MP257CAL3, STM32MP257DAI3, STM32MP257DAJ3, STM32MP257DAK3, STM32MP257DAL3, STM32MP257F-DK, STM32MP257F-EV1, STM32MP257FAI3, STM32MP257FAJ3, STM32MP257FAK3, STM32MP257FAL3, STM32N645A0H3Q, STM32N645B0H3Q, STM32N645I0H3Q, STM32N645L0H3Q, STM32N645X0H3Q, STM32N645Z0H3Q, STM32N647A0H3Q, STM32N647B0H3Q, STM32N647I0H3Q, STM32N647L0H3Q, STM32N647X0H3Q, STM32N647Z0H3Q, STM32N655A0H3Q, STM32N655B0H3Q, STM32N655I0H3Q, STM32N655L0H3Q, STM32N655X0H3Q, STM32N655Z0H3Q, STM32N6570-DK, STM32N657A0H3Q, STM32N657B0H3Q, STM32N657I0H3Q, STM32N657L0H3Q, STM32N657X0H3Q, STM32N657Z0H3Q, STM32U031C6T6, STM32U031C6U6, STM32U031C8T6, STM32U031C8U6, STM32U031F4P6, STM32U031F6P6, STM32U031F8P6, STM32U031G6Y6TR, STM32U031G8Y6TR, STM32U031K4U6, STM32U031K6U6, STM32U031K8U6, STM32U031R6I6, STM32U031R6T6, STM32U031R8I6, STM32U031R8T6, STM32U073C8T6, STM32U073C8U6, STM32U073CBT6, STM32U073CBU6, STM32U073CCT6, STM32U073CCU6, STM32U073H8Y6TR, STM32U073HBY6TR, STM32U073HCY6TR, STM32U073K8U6, STM32U073KBU6, STM32U073KCU6, STM32U073M8I6, STM32U073M8T6, STM32U073MBI6, STM32U073MBT6, STM32U073MCI6, STM32U073MCT6, STM32U073R8I6, STM32U073R8T6, STM32U073RBI6, STM32U073RBT6, STM32U073RCI6, STM32U073RCT6, STM32U083C-DK, STM32U083CCT6, STM32U083CCU6, STM32U083HCY6TR, STM32U083KCU6, STM32U083MCI6, STM32U083MCT6, STM32U083RCI6, STM32U083RCT6, STM32U375CET6, STM32U375CET6Q, STM32U375CEU6, STM32U375CEU6Q, STM32U375CEY6QTR, STM32U375CGT6, STM32U375CGT6Q, STM32U375CGU6, STM32U375CGU6Q, STM32U375CGY6QTR, STM32U375KEU6, STM32U375KGU6, STM32U375REI6, STM32U375REI6Q, STM32U375RET6, STM32U375RET6Q, STM32U375REY6GTR, STM32U375REY6QTR, STM32U375RGI6, STM32U375RGI6Q, STM32U375RGT6, STM32U375RGT6Q, STM32U375RGY6GTR, STM32U375RGY6QTR, STM32U375VEI6, STM32U375VEI6Q, STM32U375VET6, STM32U375VET6Q, STM32U375VGI6, STM32U375VGI6Q, STM32U375VGT6, STM32U375VGT6Q, STM32U385CGT6, STM32U385CGT6Q, STM32U385CGU6, STM32U385CGU6Q, STM32U385CGY6QTR, STM32U385KGU6, STM32U385RGI6, STM32U385RGI6Q, STM32U385RGT6, STM32U385RGT6Q, STM32U385RGY6GTR, STM32U385RGY6QTR, STM32U385VGI6, STM32U385VGI6Q, STM32U385VGT6, STM32U385VGT6Q, STM32U535CBT6, STM32U535CBT6Q, STM32U535CBU6, STM32U535CBU6Q, STM32U535CCT6, STM32U535CCT6Q, STM32U535CCU6, STM32U535CCU6Q, STM32U535CET6, STM32U535CET6Q, STM32U535CEU6, STM32U535CEU6Q, STM32U535JEY6QTR, STM32U535NCY6QTR, STM32U535NEY6QTR, STM32U535RBI6, STM32U535RBI6Q, STM32U535RBT6, STM32U535RBT6Q, STM32U535RCI6, STM32U535RCI6Q, STM32U535RCT6, STM32U535RCT6Q, STM32U535REI6, STM32U535REI6Q, STM32U535RET6, STM32U535RET6Q, STM32U535VCI6, STM32U535VCI6Q, STM32U535VCT6, STM32U535VCT6Q, STM32U535VEI6, STM32U535VEI6Q, STM32U535VET6, STM32U535VET6Q, STM32U545CET6, STM32U545CET6Q, STM32U545CEU6, STM32U545CEU6Q, STM32U545JEY6QTR, STM32U545NEY6QTR, STM32U545REI6, STM32U545REI6Q, STM32U545RET6, STM32U545RET6Q, STM32U545VEI6, STM32U545VEI6Q, STM32U545VET6, STM32U545VET6Q, STM32U595AIH6, STM32U595AIH6Q, STM32U595AJH6, STM32U595AJH6Q, STM32U595QII6, STM32U595QII6Q, STM32U595QJI6, STM32U595QJI6Q, STM32U595RIT6, STM32U595RIT6Q, STM32U595RJT6, STM32U595RJT6Q, STM32U595VIT6, STM32U595VIT6Q, STM32U595VJT6, STM32U595VJT6Q, STM32U595ZIT6, STM32U595ZIT6Q, STM32U595ZIY6QTR, STM32U595ZJT6, STM32U595ZJT6Q, STM32U595ZJY6QTR, STM32U599BJY6QTR, STM32U599NIH6Q, STM32U599NJH6Q, STM32U599VIT6Q, STM32U599VJT6, STM32U599VJT6Q, STM32U599ZIT6Q, STM32U599ZIY6QTR, STM32U599ZJT6Q, STM32U599ZJY6QTR, STM32U5A5AJH6, STM32U5A5AJH6Q, STM32U5A5QII3Q , STM32U5A5QJI6, STM32U5A5QJI6Q, STM32U5A5RJT6, STM32U5A5RJT6Q, STM32U5A5VJT6, STM32U5A5VJT6Q, STM32U5A5ZJT6, STM32U5A5ZJT6Q, STM32U5A5ZJY6QTR, STM32U5A9BJY6QTR, STM32U5A9J-DK, STM32U5A9NJH6Q, STM32U5A9VJT6Q, STM32U5A9ZJT6Q, STM32U5A9ZJY6QTR, STM32U5F7VIT6, STM32U5F7VIT6Q, STM32U5F7VJT6, STM32U5F7VJT6Q, STM32U5F9BJY6QTR, STM32U5F9NJH6Q, STM32U5F9VIT6Q, STM32U5F9VJT6Q, STM32U5F9ZIJ6QTR, STM32U5F9ZIT6Q, STM32U5F9ZJJ6QTR, STM32U5F9ZJT6Q, STM32U5G7VJT6, STM32U5G7VJT6Q, STM32U5G9BJY6QTR, STM32U5G9J-DK1, STM32U5G9J-DK2, STM32U5G9NJH6Q, STM32U5G9VJT6Q, STM32U5G9ZJJ6QTR, STM32U5G9ZJT6Q, STM32WB05KZV6TR, STM32WB05KZV7TR, STM32WB05TZF6TR, STM32WB05TZF7TR, STM32WB06CCF6TR, STM32WB06CCF7TR, STM32WB06CCV6TR, STM32WB06CCV7TR, STM32WB06KCV6TR, STM32WB06KCV7TR, STM32WB07CCF6TR, STM32WB07CCF7TR, STM32WB07CCV6TR, STM32WB07CCV7TR, STM32WB07KCV6TR, STM32WB07KCV7TR, STM32WB09KEV6TR, STM32WB09KEV7TR, STM32WB09TEF6TR, STM32WB09TEF7TR, STM32WB1MMCH6, STM32WBA50KGU6, STM32WBA50KGU6TR, STM32WBA52CEU6, STM32WBA52CEU6TR, STM32WBA52CEU7, STM32WBA52CEU7TR, STM32WBA52CGU6, STM32WBA52CGU6TR, STM32WBA52CGU6U, STM32WBA52CGU7, STM32WBA52CGU7TR, STM32WBA52KEU6, STM32WBA52KEU6TR, STM32WBA52KGU6, STM32WBA52KGU6TR, STM32WBA54CEU6, STM32WBA54CEU6TR, STM32WBA54CEU7, STM32WBA54CEU7TR, STM32WBA54CGU6, STM32WBA54CGU6TR, STM32WBA54CGU7, STM32WBA54CGU7TR, STM32WBA54KEU6, STM32WBA54KEU6TR, STM32WBA54KEU7, STM32WBA54KEU7TR, STM32WBA54KGU6, STM32WBA54KGU6TR, STM32WBA54KGU7, STM32WBA54KGU7TR, STM32WBA55CEU6, STM32WBA55CEU6TR, STM32WBA55CEU7, STM32WBA55CEU7TR, STM32WBA55CGU6, STM32WBA55CGU6TR, STM32WBA55CGU6U, STM32WBA55CGU7, STM32WBA55CGU7TR, STM32WBA55G-DK1, STM32WBA55HEF6, STM32WBA55HEF7, STM32WBA55HGF6, STM32WBA55HGF7, STM32WBA55UEI6, STM32WBA55UEI6TR, STM32WBA55UEI7, STM32WBA55UEI7TR, STM32WBA55UGI6, STM32WBA55UGI6TR, STM32WBA55UGI7, STM32WBA55UGI7TR, STM32WBA5MJGH6TR, STM32WBA62CGU6, STM32WBA62CIU6, STM32WBA62MGF6, STM32WBA62MIF6, STM32WBA62PGI6, STM32WBA62PII6, STM32WBA63CGU6, STM32WBA63CGU7, STM32WBA63CIU6, STM32WBA63CIU7, STM32WBA64CGU6, STM32WBA64CGU7, STM32WBA64CIU6, STM32WBA64CIU7, STM32WBA65CGU6, STM32WBA65CGU7, STM32WBA65CIU6, STM32WBA65CIU7, STM32WBA65I-DK1, STM32WBA65MGF6, STM32WBA65MGF7, STM32WBA65MIF6, STM32WBA65MIF7, STM32WBA65PGI6, STM32WBA65PGI7, STM32WBA65PII6, STM32WBA65PII7, STM32WBA65RGV6, STM32WBA65RGV7, STM32WBA65RIV6, STM32WBA65RIV7, STM32WL30K8V6, STM32WL30KBV6, STM32WL31C8V6, STM32WL31CBV6, STM32WL31K8V6, STM32WL31KBV6, STM32WL33C8V6, STM32WL33C8V6TR, STM32WL33C8V7, STM32WL33C8V7TR, STM32WL33CBV6, STM32WL33CBV6TR, STM32WL33CBV7, STM32WL33CBV7TR, STM32WL33CCV6, STM32WL33CCV6TR, STM32WL33CCV7, STM32WL33CCV7A, STM32WL33CCV7ATR, STM32WL33CCV7TR, STM32WL33K8V6, STM32WL33K8V6TR, STM32WL33K8V7, STM32WL33K8V7TR, STM32WL33KBV6, STM32WL33KBV6TR, STM32WL33KBV7, STM32WL33KBV7TR, STM32WL33KCV6, STM32WL33KCV6TR, STM32WL33KCV7, STM32WL33KCV7TR, STM32WL5MOCH6, STM32WL5MOCH6TR]
2025-06-09 15:48:21,269 [INFO] DbMcus:218 - Found 4686 MCUs, 4686 are supported
2025-06-09 15:48:21,276 [INFO] ApiDb:423 - Load user favorites file C:\Users\marcv/.stm32cubeide/favorites.mcus.txt: 1 item(s)
2025-06-09 15:48:21,276 [INFO] ApiDb:427 - User favorites MCUs=[STM32H750VBT6]
2025-06-09 15:48:21,276 [INFO] DbMcus:224 - Set 1 / 1 favorites MCUs
2025-06-09 15:48:21,698 [INFO] ApiDb:423 - Load user favorites file C:\Users\marcv/.stm32cubeide/favorites.boards.txt: 0 item(s)
2025-06-09 15:48:21,698 [INFO] ApiDb:427 - User favorites Boards=[]
2025-06-09 15:48:21,698 [INFO] DbBoards:198 - Set 0 / 0 favorites Boards
2025-06-09 15:48:21,764 [INFO] UtilMem:75 - End LoadConfig() Used Memory: 886244704 Bytes (1073741824)
2025-06-09 15:48:21,944 [WARN] ThirdParty:833 - waiting for thirdparty lock release [change project]
2025-06-09 15:48:21,945 [INFO] ThirdParty:835 - entering critical section [change project]
2025-06-09 15:48:21,945 [INFO] ThirdParty:1030 - CMSIS Pack Vendor :STMicroelectronics USBPD 4.1
2025-06-09 15:48:21,946 [INFO] ThirdParty:1030 - CMSIS Pack Vendor :STMicroelectronics X-CUBE-AZRTOS-H7 3.3.0
2025-06-09 15:48:21,946 [INFO] ThirdParty:1030 - CMSIS Pack Vendor :STMicroelectronics X-CUBE-NFC9 1.0.0
2025-06-09 15:48:21,946 [INFO] ThirdParty:1030 - CMSIS Pack Vendor :STMicroelectronics USB_HOST 2.0.0
2025-06-09 15:48:21,946 [INFO] ThirdParty:1030 - CMSIS Pack Vendor :STMicroelectronics FP-SNS-MOTENVWB1 1.4.0
2025-06-09 15:48:21,946 [INFO] ThirdParty:1030 - CMSIS Pack Vendor :STMicroelectronics X-CUBE-AZRTOS-F4 1.1.0
2025-06-09 15:48:21,946 [INFO] ThirdParty:1030 - CMSIS Pack Vendor :STMicroelectronics LIBJPEG 8.0.0
2025-06-09 15:48:21,946 [INFO] ThirdParty:1030 - CMSIS Pack Vendor :STMicroelectronics FP-ATR-ASTRA1 2.0.2
2025-06-09 15:48:21,946 [INFO] ThirdParty:1030 - CMSIS Pack Vendor :STMicroelectronics X-CUBE-BLE1 7.1.0
2025-06-09 15:48:21,946 [INFO] ThirdParty:1030 - CMSIS Pack Vendor :Avnet-IotConnect X-CUBE-IoTC-DA16k-PMOD 1.0.0
2025-06-09 15:48:21,946 [INFO] ThirdParty:1030 - CMSIS Pack Vendor :STMicroelectronics X-CUBE-SMBUS 2.1.0
2025-06-09 15:48:21,946 [INFO] ThirdParty:1030 - CMSIS Pack Vendor :STMicroelectronics X-CUBE-WB05N 1.1.0
2025-06-09 15:48:21,946 [INFO] ThirdParty:1030 - CMSIS Pack Vendor :wolfSSL I-CUBE-wolfMQTT 1.19.2
2025-06-09 15:48:21,946 [INFO] ThirdParty:1030 - CMSIS Pack Vendor :STMicroelectronics USB_DEVICE 3.0.0
2025-06-09 15:48:21,946 [INFO] ThirdParty:1030 - CMSIS Pack Vendor :STMicroelectronics X-CUBE-ISPU 2.1.0
2025-06-09 15:48:21,946 [INFO] ThirdParty:1030 - CMSIS Pack Vendor :STMicroelectronics X-CUBE-AZRTOS-WB 2.0.0
2025-06-09 15:48:21,946 [INFO] ThirdParty:1030 - CMSIS Pack Vendor :STMicroelectronics X-CUBE-ST60 1.0.0
2025-06-09 15:48:21,946 [INFO] ThirdParty:1030 - CMSIS Pack Vendor :STMicroelectronics X-CUBE-GNSS1 7.0.1
2025-06-09 15:48:21,946 [INFO] ThirdParty:1030 - CMSIS Pack Vendor :STMicroelectronics X-CUBE-AZRTOS-F7 1.1.0
2025-06-09 15:48:21,946 [INFO] ThirdParty:1030 - CMSIS Pack Vendor :STMicroelectronics X-CUBE-AZRTOS-L5 2.0.0
2025-06-09 15:48:21,946 [INFO] ThirdParty:1030 - CMSIS Pack Vendor :STMicroelectronics X-CUBE-TOUCHGFX 4.25.0
2025-06-09 15:48:21,946 [INFO] ThirdParty:1030 - CMSIS Pack Vendor :STMicroelectronics USB_DEVICE 2.0.0
2025-06-09 15:48:21,946 [INFO] ThirdParty:1030 - CMSIS Pack Vendor :STMicroelectronics X-CUBE-NFC6 3.1.0
2025-06-09 15:48:21,946 [INFO] ThirdParty:1030 - CMSIS Pack Vendor :STMicroelectronics X-CUBE-AI 10.1.0
2025-06-09 15:48:21,946 [INFO] ThirdParty:1030 - CMSIS Pack Vendor :STMicroelectronics FP-SNS-STBOX1 2.0.0
2025-06-09 15:48:21,946 [INFO] ThirdParty:1030 - CMSIS Pack Vendor :STMicroelectronics X-CUBE-MEMS1 11.2.0
2025-06-09 15:48:21,946 [INFO] ThirdParty:1030 - CMSIS Pack Vendor :STMicroelectronics FreeRTOS 0.0.1
2025-06-09 15:48:21,947 [INFO] ThirdParty:1030 - CMSIS Pack Vendor :STMicroelectronics X-CUBE-AZRTOS-G0 1.1.0
2025-06-09 15:48:21,947 [INFO] ThirdParty:1030 - CMSIS Pack Vendor :STMicroelectronics X-CUBE-SAFEA1 1.2.2
2025-06-09 15:48:21,947 [INFO] ThirdParty:1030 - CMSIS Pack Vendor :STMicroelectronics X-CUBE-NFC4 3.0.0
2025-06-09 15:48:21,947 [INFO] ThirdParty:1030 - CMSIS Pack Vendor :STMicroelectronics X-CUBE-DPower 1.2.0
2025-06-09 15:48:21,947 [INFO] ThirdParty:1030 - CMSIS Pack Vendor :STMicroelectronics X-CUBE-SUBG2 5.0.0
2025-06-09 15:48:21,947 [INFO] ThirdParty:1030 - CMSIS Pack Vendor :STMicroelectronics X-CUBE-AZRTOS-H7RS 1.1.0
2025-06-09 15:48:21,947 [INFO] ThirdParty:1030 - CMSIS Pack Vendor :STMicroelectronics STM32_WPAN 1.0.0
2025-06-09 15:48:21,947 [INFO] ThirdParty:1030 - CMSIS Pack Vendor :EmbeddedOffice I-CUBE-FS-RTOS 1.0.1
2025-06-09 15:48:21,947 [INFO] ThirdParty:1030 - CMSIS Pack Vendor :STMicroelectronics lwIP 2.0.3
2025-06-09 15:48:21,947 [INFO] ThirdParty:1030 - CMSIS Pack Vendor :STMicroelectronics FP-SNS-FLIGHT1 5.0.2
2025-06-09 15:48:21,947 [INFO] ThirdParty:1030 - CMSIS Pack Vendor :Cesanta I-CUBE-Mongoose 7.13.0
2025-06-09 15:48:21,947 [INFO] ThirdParty:1030 - CMSIS Pack Vendor :STMicroelectronics USB_HOST 1.0.0
2025-06-09 15:48:21,947 [INFO] ThirdParty:1030 - CMSIS Pack Vendor :Infineon AIROC-Wi-Fi-Bluetooth-STM32 1.7.0
2025-06-09 15:48:21,947 [INFO] ThirdParty:1030 - CMSIS Pack Vendor :STMicroelectronics X-CUBE-AZRTOS-G4 2.0.0
2025-06-09 15:48:21,947 [INFO] ThirdParty:1030 - CMSIS Pack Vendor :STMicroelectronics X-CUBE-WB05N 2.0.0
2025-06-09 15:48:21,947 [INFO] ThirdParty:1030 - CMSIS Pack Vendor :STMicroelectronics PDM2PCM 3.1.0
2025-06-09 15:48:21,947 [INFO] ThirdParty:1030 - CMSIS Pack Vendor :STMicroelectronics PDM2PCM 3.3.0
2025-06-09 15:48:21,947 [INFO] ThirdParty:1030 - CMSIS Pack Vendor :wolfSSL I-CUBE-wolfTPM 3.8.0
2025-06-09 15:48:21,947 [INFO] ThirdParty:1030 - CMSIS Pack Vendor :STMicroelectronics X-CUBE-DISPLAY 3.0.0
2025-06-09 15:48:21,947 [INFO] ThirdParty:1030 - CMSIS Pack Vendor :wolfSSL I-CUBE-wolfSSH 1.4.20
2025-06-09 15:48:21,947 [INFO] ThirdParty:1030 - CMSIS Pack Vendor :STMicroelectronics X-CUBE-NFC7 2.0.0
2025-06-09 15:48:21,948 [INFO] ThirdParty:1030 - CMSIS Pack Vendor :STMicroelectronics X-CUBE-TCPP 4.2.0
2025-06-09 15:48:21,948 [INFO] ThirdParty:1030 - CMSIS Pack Vendor :RealThread X-CUBE-RT-Thread_Nano 4.1.1
2025-06-09 15:48:21,948 [INFO] ThirdParty:1030 - CMSIS Pack Vendor :STMicroelectronics FP-ATR-SIGFOX1 3.2.0
2025-06-09 15:48:21,948 [INFO] ThirdParty:1030 - CMSIS Pack Vendor :STMicroelectronics X-CUBE-NFC10 1.0.0
2025-06-09 15:48:21,948 [INFO] ThirdParty:1030 - CMSIS Pack Vendor :STMicroelectronics X-CUBE-BLEMGR 4.0.0
2025-06-09 15:48:21,948 [INFO] ThirdParty:1030 - CMSIS Pack Vendor :STMicroelectronics X-CUBE-EEPRMA1 5.1.0
2025-06-09 15:48:21,948 [INFO] ThirdParty:1030 - CMSIS Pack Vendor :STMicroelectronics X-CUBE-FREERTOS 1.3.1
2025-06-09 15:48:21,948 [INFO] ThirdParty:1030 - CMSIS Pack Vendor :STMicroelectronics HAL Drivers 0.0.0
2025-06-09 15:48:21,948 [INFO] ThirdParty:1030 - CMSIS Pack Vendor :STMicroelectronics MBEDTLS 2.16.2
2025-06-09 15:48:21,948 [INFO] ThirdParty:1030 - CMSIS Pack Vendor :STMicroelectronics X-CUBE-IPS 3.1.0
2025-06-09 15:48:21,948 [INFO] ThirdParty:1030 - CMSIS Pack Vendor :STMicroelectronics X-CUBE-ALS 1.0.2
2025-06-09 15:48:21,948 [INFO] ThirdParty:1030 - CMSIS Pack Vendor :emotas I-CUBE-CANOPEN 1.3.0
2025-06-09 15:48:21,948 [INFO] ThirdParty:1030 - CMSIS Pack Vendor :STMicroelectronics X-CUBE-FREERTOS 1.3.0
2025-06-09 15:48:21,948 [INFO] ThirdParty:1030 - CMSIS Pack Vendor :STMicroelectronics X-CUBE-NFC7 1.0.1
2025-06-09 15:48:21,948 [INFO] ThirdParty:1030 - CMSIS Pack Vendor :STMicroelectronics MBEDTLS 2.14.1
2025-06-09 15:48:21,948 [INFO] ThirdParty:1030 - CMSIS Pack Vendor :wolfSSL I-CUBE-wolfSSL 5.7.6
2025-06-09 15:48:21,948 [INFO] ThirdParty:1030 - CMSIS Pack Vendor :ITTIA_DB I-CUBE-ITTIADB 8.9.0
2025-06-09 15:48:21,948 [INFO] ThirdParty:1030 - CMSIS Pack Vendor :STMicroelectronics X-CUBE-TOUCHGFX 4.24.2
2025-06-09 15:48:21,948 [INFO] ThirdParty:1030 - CMSIS Pack Vendor :portGmbH I-Cube-SoM-uGOAL 1.1.0
2025-06-09 15:48:21,948 [INFO] ThirdParty:1030 - CMSIS Pack Vendor :quantropi X-CUBE-qispace-sdk-base 2.0.0
2025-06-09 15:48:21,948 [INFO] ThirdParty:1030 - CMSIS Pack Vendor :STMicroelectronics X-CUBE-AI 10.0.0
2025-06-09 15:48:21,949 [INFO] ThirdParty:1030 - CMSIS Pack Vendor :STMicroelectronics X-CUBE-ST67W61 1.0.0
2025-06-09 15:48:21,949 [INFO] ThirdParty:1030 - CMSIS Pack Vendor :STMicroelectronics ThreadX 1.0.0
2025-06-09 15:48:21,949 [INFO] ThirdParty:1030 - CMSIS Pack Vendor :STMicroelectronics FP-SNS-SMARTAG2 1.2.0
2025-06-09 15:48:21,949 [INFO] ThirdParty:1030 - CMSIS Pack Vendor :STMicroelectronics FP-SNS-FLIGHT1 5.1.0
2025-06-09 15:48:21,949 [INFO] ThirdParty:1030 - CMSIS Pack Vendor :STMicroelectronics X-CUBE-MEMS1 11.1.0
2025-06-09 15:48:21,949 [INFO] ThirdParty:1030 - CMSIS Pack Vendor :STMicroelectronics X-CUBE-AZRTOS-WL 2.0.0
2025-06-09 15:48:21,949 [INFO] ThirdParty:1030 - CMSIS Pack Vendor :SEGGER I-CUBE-embOS 1.3.1
2025-06-09 15:48:21,949 [INFO] ThirdParty:1030 - CMSIS Pack Vendor :STMicroelectronics X-CUBE-ALGOBUILD 1.4.0
2025-06-09 15:48:21,949 [INFO] ThirdParty:1030 - CMSIS Pack Vendor :STMicroelectronics X-CUBE-DPower 1.3.0
2025-06-09 15:48:21,949 [INFO] ThirdParty:1030 - CMSIS Pack Vendor :STMicroelectronics X-CUBE-MEMS1 11.3.0
2025-06-09 15:48:21,949 [INFO] ThirdParty:1030 - CMSIS Pack Vendor :STMicroelectronics FP-SNS-MOTENV1 5.0.0
2025-06-09 15:48:21,949 [INFO] ThirdParty:1030 - CMSIS Pack Vendor :STMicroelectronics USB_DEVICE 1.0.0
2025-06-09 15:48:21,949 [INFO] ThirdParty:1030 - CMSIS Pack Vendor :STMicroelectronics X-CUBE-AZRTOS-H7RS 1.0.0
2025-06-09 15:48:21,949 [INFO] ThirdParty:1030 - CMSIS Pack Vendor :STMicroelectronics X-CUBE-AZRTOS-L4 2.0.0
2025-06-09 15:48:21,949 [INFO] ThirdParty:1030 - CMSIS Pack Vendor :STMicroelectronics ThreadX 0.0.2
2025-06-09 15:48:21,949 [INFO] ThirdParty:1030 - CMSIS Pack Vendor :WES I-CUBE-Cesium 1.3.0
2025-06-09 15:48:21,949 [INFO] ThirdParty:1030 - CMSIS Pack Vendor :STMicroelectronics lwIP 2.1.2
2025-06-09 15:48:21,949 [INFO] ThirdParty:1030 - CMSIS Pack Vendor :STMicroelectronics X-CUBE-SFXS2LP1 4.0.0
2025-06-09 15:48:21,949 [INFO] ThirdParty:1030 - CMSIS Pack Vendor :STMicroelectronics X-CUBE-BLE2 3.3.0
2025-06-09 15:48:21,949 [INFO] ThirdParty:1030 - CMSIS Pack Vendor :STMicroelectronics X-CUBE-TOF1 3.4.2
2025-06-09 15:48:21,949 [INFO] ThirdParty:1030 - CMSIS Pack Vendor :STMicroelectronics X-CUBE-TOF1 3.4.3
2025-06-09 15:48:21,949 [INFO] ThirdParty:1030 - CMSIS Pack Vendor :STMicroelectronics PDM2PCM 3.2.0
2025-06-09 15:48:21,950 [INFO] ThirdParty:841 - exiting critical section [change project]
2025-06-09 15:48:22,625 [INFO] PinOutPanel:1589 - setPackage(No Configuration,No Configuration)
2025-06-09 15:48:22,627 [INFO] PinOutPanel:1589 - setPackage(STM32H743VITx,LQFP100)
2025-06-09 15:48:23,450 [INFO] UtilMem:75 - Before build in PCC Used Memory: 712017824 Bytes (1073741824)
2025-06-09 15:48:24,141 [INFO] UtilMem:75 - After build in PCC Used Memory: 822118304 Bytes (1073741824)
2025-06-09 15:48:24,217 [INFO] ApiDbMcu:508 - Load IP Config File for FREERTOS
2025-06-09 15:48:24,267 [INFO] IPUIPlugin:80 - create IPUIPlugin
2025-06-09 15:48:24,267 [INFO] IPUIPlugin:80 - create IPUIPlugin
2025-06-09 15:48:24,267 [INFO] IPUIPlugin:80 - create IPUIPlugin
2025-06-09 15:48:24,267 [INFO] IPUIPlugin:80 - create IPUIPlugin
2025-06-09 15:48:24,267 [INFO] IPUIPlugin:80 - create IPUIPlugin
2025-06-09 15:48:24,267 [INFO] IPUIPlugin:80 - create IPUIPlugin
2025-06-09 15:48:24,267 [INFO] IPUIPlugin:80 - create IPUIPlugin
2025-06-09 15:48:24,267 [INFO] IPUIPlugin:80 - create IPUIPlugin
2025-06-09 15:48:24,267 [INFO] IPUIPlugin:80 - create IPUIPlugin
2025-06-09 15:48:24,268 [INFO] IPUIPlugin:80 - create IPUIPlugin
2025-06-09 15:48:24,268 [INFO] IPUIPlugin:80 - create IPUIPlugin
2025-06-09 15:48:24,268 [INFO] IPUIPlugin:80 - create IPUIPlugin
2025-06-09 15:48:24,268 [INFO] IPUIPlugin:80 - create IPUIPlugin
2025-06-09 15:48:24,268 [INFO] IPUIPlugin:80 - create IPUIPlugin
2025-06-09 15:48:24,268 [INFO] IPUIPlugin:80 - create IPUIPlugin
2025-06-09 15:48:24,268 [INFO] IPUIPlugin:80 - create IPUIPlugin
2025-06-09 15:48:24,268 [INFO] IPUIPlugin:80 - create IPUIPlugin
2025-06-09 15:48:24,268 [INFO] IPUIPlugin:80 - create IPUIPlugin
2025-06-09 15:48:24,269 [INFO] IPUIPlugin:80 - create IPUIPlugin
2025-06-09 15:48:24,269 [INFO] IPUIPlugin:80 - create IPUIPlugin
2025-06-09 15:48:24,269 [INFO] IPUIPlugin:80 - create IPUIPlugin
2025-06-09 15:48:24,269 [INFO] IPUIPlugin:80 - create IPUIPlugin
2025-06-09 15:48:24,269 [INFO] IPUIPlugin:80 - create IPUIPlugin
2025-06-09 15:48:24,269 [INFO] IPUIPlugin:80 - create IPUIPlugin
2025-06-09 15:48:24,269 [INFO] IPUIPlugin:80 - create IPUIPlugin
2025-06-09 15:48:24,269 [INFO] IPUIPlugin:80 - create IPUIPlugin
2025-06-09 15:48:24,269 [INFO] IPUIPlugin:80 - create IPUIPlugin
2025-06-09 15:48:24,270 [INFO] IPUIPlugin:80 - create IPUIPlugin
2025-06-09 15:48:24,270 [INFO] IPUIPlugin:80 - create IPUIPlugin
2025-06-09 15:48:24,270 [INFO] IPUIPlugin:80 - create IPUIPlugin
2025-06-09 15:48:24,270 [INFO] IPUIPlugin:80 - create IPUIPlugin
2025-06-09 15:48:24,270 [INFO] IPUIPlugin:80 - create IPUIPlugin
2025-06-09 15:48:24,271 [INFO] IPUIPlugin:80 - create IPUIPlugin
2025-06-09 15:48:24,271 [INFO] IPUIPlugin:80 - create IPUIPlugin
2025-06-09 15:48:24,271 [INFO] IPUIPlugin:80 - create IPUIPlugin
2025-06-09 15:48:24,272 [INFO] IPUIPlugin:80 - create IPUIPlugin
2025-06-09 15:48:24,272 [INFO] IPUIPlugin:80 - create IPUIPlugin
2025-06-09 15:48:24,272 [INFO] IPUIPlugin:80 - create IPUIPlugin
2025-06-09 15:48:24,272 [INFO] IPUIPlugin:80 - create IPUIPlugin
2025-06-09 15:48:24,272 [INFO] IPUIPlugin:80 - create IPUIPlugin
2025-06-09 15:48:24,273 [INFO] IPUIPlugin:80 - create IPUIPlugin
2025-06-09 15:48:24,273 [INFO] IPUIPlugin:80 - create IPUIPlugin
2025-06-09 15:48:24,273 [INFO] IPUIPlugin:80 - create IPUIPlugin
2025-06-09 15:48:24,273 [INFO] IPUIPlugin:80 - create IPUIPlugin
2025-06-09 15:48:24,273 [INFO] IPUIPlugin:80 - create IPUIPlugin
2025-06-09 15:48:24,274 [INFO] IPUIPlugin:80 - create IPUIPlugin
2025-06-09 15:48:24,274 [INFO] IPUIPlugin:80 - create IPUIPlugin
2025-06-09 15:48:24,274 [INFO] IPUIPlugin:80 - create IPUIPlugin
2025-06-09 15:48:24,274 [INFO] IPUIPlugin:80 - create IPUIPlugin
2025-06-09 15:48:24,274 [INFO] IPUIPlugin:80 - create IPUIPlugin
2025-06-09 15:48:24,275 [INFO] IPUIPlugin:80 - create IPUIPlugin
2025-06-09 15:48:24,275 [INFO] IPUIPlugin:80 - create IPUIPlugin
2025-06-09 15:48:24,275 [INFO] IPUIPlugin:80 - create IPUIPlugin
2025-06-09 15:48:24,275 [INFO] IPUIPlugin:80 - create IPUIPlugin
2025-06-09 15:48:24,276 [INFO] IPUIPlugin:80 - create IPUIPlugin
2025-06-09 15:48:24,276 [INFO] IPUIPlugin:80 - create IPUIPlugin
2025-06-09 15:48:24,276 [INFO] IPUIPlugin:80 - create IPUIPlugin
2025-06-09 15:48:24,276 [INFO] IPUIPlugin:80 - create IPUIPlugin
2025-06-09 15:48:24,277 [INFO] IPUIPlugin:80 - create IPUIPlugin
2025-06-09 15:48:24,277 [INFO] IPUIPlugin:80 - create IPUIPlugin
2025-06-09 15:48:24,277 [INFO] IPUIPlugin:80 - create IPUIPlugin
2025-06-09 15:48:24,278 [INFO] IPUIPlugin:80 - create IPUIPlugin
2025-06-09 15:48:24,278 [INFO] IPUIPlugin:80 - create IPUIPlugin
2025-06-09 15:48:24,278 [INFO] IPUIPlugin:80 - create IPUIPlugin
2025-06-09 15:48:24,279 [INFO] IPUIPlugin:80 - create IPUIPlugin
2025-06-09 15:48:24,279 [INFO] IPUIPlugin:80 - create IPUIPlugin
2025-06-09 15:48:24,279 [INFO] IPUIPlugin:80 - create IPUIPlugin
2025-06-09 15:48:24,280 [INFO] IPUIPlugin:80 - create IPUIPlugin
2025-06-09 15:48:24,280 [INFO] IPUIPlugin:80 - create IPUIPlugin
2025-06-09 15:48:24,280 [INFO] IPUIPlugin:80 - create IPUIPlugin
2025-06-09 15:48:24,280 [INFO] IPUIPlugin:80 - create IPUIPlugin
2025-06-09 15:48:24,281 [INFO] IPUIPlugin:80 - create IPUIPlugin
2025-06-09 15:48:24,281 [INFO] IPUIPlugin:80 - create IPUIPlugin
2025-06-09 15:48:24,281 [INFO] IPUIPlugin:80 - create IPUIPlugin
2025-06-09 15:48:24,281 [INFO] IPUIPlugin:80 - create IPUIPlugin
2025-06-09 15:48:24,282 [INFO] IPUIPlugin:80 - create IPUIPlugin
2025-06-09 15:48:24,282 [INFO] IPUIPlugin:80 - create IPUIPlugin
2025-06-09 15:48:24,282 [INFO] IPUIPlugin:80 - create IPUIPlugin
2025-06-09 15:48:24,283 [INFO] IPUIPlugin:80 - create IPUIPlugin
2025-06-09 15:48:24,283 [INFO] IPUIPlugin:80 - create IPUIPlugin
2025-06-09 15:48:24,283 [INFO] IPUIPlugin:80 - create IPUIPlugin
2025-06-09 15:48:24,284 [INFO] IPUIPlugin:80 - create IPUIPlugin
2025-06-09 15:48:24,284 [INFO] IPUIPlugin:80 - create IPUIPlugin
2025-06-09 15:48:24,284 [INFO] IPUIPlugin:80 - create IPUIPlugin
2025-06-09 15:48:24,285 [INFO] IPUIPlugin:80 - create IPUIPlugin
2025-06-09 15:48:24,285 [INFO] IPUIPlugin:80 - create IPUIPlugin
2025-06-09 15:48:24,286 [INFO] IPUIPlugin:80 - create IPUIPlugin
2025-06-09 15:48:24,286 [INFO] IPUIPlugin:80 - create IPUIPlugin
2025-06-09 15:48:24,287 [INFO] IPUIPlugin:80 - create IPUIPlugin
2025-06-09 15:48:24,287 [INFO] IPUIPlugin:80 - create IPUIPlugin
2025-06-09 15:48:24,288 [INFO] IPUIPlugin:80 - create IPUIPlugin
2025-06-09 15:48:24,288 [INFO] IPUIPlugin:80 - create IPUIPlugin
2025-06-09 15:48:24,289 [INFO] IPUIPlugin:80 - create IPUIPlugin
2025-06-09 15:48:24,289 [INFO] IPUIPlugin:80 - create IPUIPlugin
2025-06-09 15:48:24,289 [INFO] IPUIPlugin:80 - create IPUIPlugin
2025-06-09 15:48:24,290 [INFO] IPUIPlugin:80 - create IPUIPlugin
2025-06-09 15:48:24,290 [INFO] IPUIPlugin:80 - create IPUIPlugin
2025-06-09 15:48:24,316 [INFO] ApiDbMcu:508 - Load IP Config File for PDM2PCM
2025-06-09 15:48:24,368 [WARN] FreeRTOS:1023 - Null or empty value: should not occur! (nothing added to the table)
2025-06-09 15:48:24,566 [INFO] CADModel:165 - CPN selected for project levelSTM32H743VIT6
2025-06-09 15:48:24,566 [INFO] CADModel:114 - Register for checkConnection events
2025-06-09 15:48:24,569 [INFO] RtosManager:725 - Active RTOS found at IOC load: FREERTOS [Cortex-M7NS]
2025-06-09 15:48:24,630 [INFO] OpenFileManager:385 - Restore cursor
2025-06-09 16:17:47,015 [INFO] NvicIntPanel:101 - NVIC parent = com.st.microxplorer.plugins.ip.nvic.MultiNvicIntPanel[,0,0,0x0,invalid,layout=javax.swing.BoxLayout,alignmentX=0.0,alignmentY=0.0,border=,flags=9,maximumSize=,minimumSize=,preferredSize=]
2025-06-09 16:20:48,523 [INFO] UtilMem:75 - End SaveConfig() Used Memory: 816193496 Bytes (1073741824)
2025-06-09 16:20:49,809 [INFO] UtilMem:75 - End SaveConfig() Used Memory: 871598032 Bytes (1073741824)
2025-06-09 16:20:50,510 [INFO] UtilMem:75 - End SaveConfig() Used Memory: 628387912 Bytes (1073741824)
2025-06-09 16:20:51,015 [INFO] BlockDiagram:2775 - set Specific Code input for plugin: SPI
2025-06-09 16:20:51,015 [INFO] BlockDiagram:2775 - set Specific Code input for plugin: FREERTOS
2025-06-09 16:20:51,015 [INFO] BlockDiagram:2775 - set Specific Code input for plugin: RCC
2025-06-09 16:20:51,015 [INFO] BlockDiagram:2775 - set Specific Code input for plugin: I2C
2025-06-09 16:20:51,015 [INFO] BlockDiagram:2775 - set Specific Code input for plugin: TIM1_8H7
2025-06-09 16:20:51,015 [INFO] BlockDiagram:2775 - set Specific Code input for plugin: TIM1_8H7
2025-06-09 16:20:51,015 [INFO] BlockDiagram:2775 - set Specific Code input for plugin: MEMORYMAP
2025-06-09 16:20:51,015 [INFO] BlockDiagram:2775 - set Specific Code input for plugin: TIM1_8H7
2025-06-09 16:20:51,016 [INFO] BlockDiagram:2775 - set Specific Code input for plugin: TIM1_8H7
2025-06-09 16:20:51,016 [INFO] BlockDiagram:2775 - set Specific Code input for plugin: TIM1_8H7
2025-06-09 16:20:51,016 [INFO] BlockDiagram:2775 - set Specific Code input for plugin: ADC
2025-06-09 16:20:51,016 [INFO] BlockDiagram:2775 - set Specific Code input for plugin: SYS
2025-06-09 16:20:51,016 [INFO] BlockDiagram:2775 - set Specific Code input for plugin: ADC
2025-06-09 16:20:51,016 [INFO] BlockDiagram:2775 - set Specific Code input for plugin: NVIC
2025-06-09 16:20:51,016 [INFO] BlockDiagram:2775 - set Specific Code input for plugin: DMA
2025-06-09 16:20:51,016 [INFO] BlockDiagram:2775 - set Specific Code input for plugin: VREFBUF
2025-06-09 16:20:51,016 [INFO] BlockDiagram:2775 - set Specific Code input for plugin: UART
2025-06-09 16:20:51,016 [INFO] BlockDiagram:2775 - set Specific Code input for plugin: UART
2025-06-09 16:20:51,016 [INFO] BlockDiagram:2775 - set Specific Code input for plugin: DEBUG
2025-06-09 16:20:51,017 [INFO] BlockDiagram:2775 - set Specific Code input for plugin: GPIO
2025-06-09 16:20:51,019 [INFO] CodeGenerator:882 - code generatio: config db path: C:\ST\STM32CubeIDE_1.18.0\STM32CubeIDE\plugins\com.st.stm32cube.common.mx_6.14.0.202502271554\\db\
2025-06-09 16:20:51,438 [INFO] CodeEngine:263 - oldGeneratedFile, C:\Users\marcv\Desktop\X1-Thorn\1_Code\3_STM32\0_workspace\X1_Thorn_v3\MXTmpFiles\license.tmp_save
2025-06-09 16:20:51,830 [INFO] CodeEngine:287 - Generated code: C:\Users\marcv\Desktop\X1-Thorn\1_Code\3_STM32\0_workspace\X1_Thorn_v3\MXTmpFiles\license.tmp
2025-06-09 16:20:52,038 [INFO] CodeEngine:263 - oldGeneratedFile, C:\Users\marcv\Desktop\X1-Thorn\1_Code\3_STM32\0_workspace\X1_Thorn_v3\Core\Src\gpio.c_save
2025-06-09 16:20:52,194 [INFO] CodeEngine:287 - Generated code: C:\Users\marcv\Desktop\X1-Thorn\1_Code\3_STM32\0_workspace\X1_Thorn_v3\Core\Src\gpio.c
2025-06-09 16:20:52,222 [INFO] CodeEngine:263 - oldGeneratedFile, C:\Users\marcv\Desktop\X1-Thorn\1_Code\3_STM32\0_workspace\X1_Thorn_v3\Core\Inc\gpio.h_save
2025-06-09 16:20:52,347 [INFO] CodeEngine:287 - Generated code: C:\Users\marcv\Desktop\X1-Thorn\1_Code\3_STM32\0_workspace\X1_Thorn_v3\Core\Inc\gpio.h
2025-06-09 16:20:52,795 [WARN] IPConfigManager:103 - WARNING: Missing Config File for DEBUG ip!!
2025-06-09 16:20:53,098 [WARN] IPConfigManager:103 - WARNING: Missing Config File for MEMORYMAP ip!!
2025-06-09 16:20:54,318 [INFO] Middleware:1452 - No code input for Bsp Dependency
2025-06-09 16:20:54,336 [INFO] CodeEngine:263 - oldGeneratedFile, C:\Users\marcv\Desktop\X1-Thorn\1_Code\3_STM32\0_workspace\X1_Thorn_v3\MXTmpFiles\rtos_inc.tmp_save
2025-06-09 16:20:54,433 [INFO] CodeEngine:287 - Generated code: C:\Users\marcv\Desktop\X1-Thorn\1_Code\3_STM32\0_workspace\X1_Thorn_v3\MXTmpFiles\rtos_inc.tmp
2025-06-09 16:20:54,446 [INFO] CodeEngine:263 - oldGeneratedFile, C:\Users\marcv\Desktop\X1-Thorn\1_Code\3_STM32\0_workspace\X1_Thorn_v3\MXTmpFiles\rtos_kernelInit.tmp_save
2025-06-09 16:20:54,538 [INFO] CodeEngine:287 - Generated code: C:\Users\marcv\Desktop\X1-Thorn\1_Code\3_STM32\0_workspace\X1_Thorn_v3\MXTmpFiles\rtos_kernelInit.tmp
2025-06-09 16:20:54,551 [INFO] CodeEngine:263 - oldGeneratedFile, C:\Users\marcv\Desktop\X1-Thorn\1_Code\3_STM32\0_workspace\X1_Thorn_v3\MXTmpFiles\rtos_kernelStart.tmp_save
2025-06-09 16:20:54,627 [INFO] CodeEngine:287 - Generated code: C:\Users\marcv\Desktop\X1-Thorn\1_Code\3_STM32\0_workspace\X1_Thorn_v3\MXTmpFiles\rtos_kernelStart.tmp
2025-06-09 16:20:54,642 [INFO] CodeEngine:263 - oldGeneratedFile, C:\Users\marcv\Desktop\X1-Thorn\1_Code\3_STM32\0_workspace\X1_Thorn_v3\MXTmpFiles\rtos_typedefs.tmp_save
2025-06-09 16:20:54,733 [INFO] CodeEngine:287 - Generated code: C:\Users\marcv\Desktop\X1-Thorn\1_Code\3_STM32\0_workspace\X1_Thorn_v3\MXTmpFiles\rtos_typedefs.tmp
2025-06-09 16:20:54,752 [INFO] CodeEngine:263 - oldGeneratedFile, C:\Users\marcv\Desktop\X1-Thorn\1_Code\3_STM32\0_workspace\X1_Thorn_v3\MXTmpFiles\rtos_vars.tmp_save
2025-06-09 16:20:54,835 [INFO] CodeEngine:287 - Generated code: C:\Users\marcv\Desktop\X1-Thorn\1_Code\3_STM32\0_workspace\X1_Thorn_v3\MXTmpFiles\rtos_vars.tmp
2025-06-09 16:20:54,848 [INFO] CodeEngine:263 - oldGeneratedFile, C:\Users\marcv\Desktop\X1-Thorn\1_Code\3_STM32\0_workspace\X1_Thorn_v3\MXTmpFiles\rtos_pfp.tmp_save
2025-06-09 16:20:54,919 [INFO] CodeEngine:287 - Generated code: C:\Users\marcv\Desktop\X1-Thorn\1_Code\3_STM32\0_workspace\X1_Thorn_v3\MXTmpFiles\rtos_pfp.tmp
2025-06-09 16:20:54,934 [INFO] CodeEngine:263 - oldGeneratedFile, C:\Users\marcv\Desktop\X1-Thorn\1_Code\3_STM32\0_workspace\X1_Thorn_v3\MXTmpFiles\rtos_obj_creat.tmp_save
2025-06-09 16:20:55,013 [INFO] CodeEngine:287 - Generated code: C:\Users\marcv\Desktop\X1-Thorn\1_Code\3_STM32\0_workspace\X1_Thorn_v3\MXTmpFiles\rtos_obj_creat.tmp
2025-06-09 16:20:55,029 [INFO] CodeEngine:263 - oldGeneratedFile, C:\Users\marcv\Desktop\X1-Thorn\1_Code\3_STM32\0_workspace\X1_Thorn_v3\MXTmpFiles\rtos_default_thread.tmp_save
2025-06-09 16:20:55,107 [INFO] CodeEngine:287 - Generated code: C:\Users\marcv\Desktop\X1-Thorn\1_Code\3_STM32\0_workspace\X1_Thorn_v3\MXTmpFiles\rtos_default_thread.tmp
2025-06-09 16:20:55,122 [INFO] CodeEngine:263 - oldGeneratedFile, C:\Users\marcv\Desktop\X1-Thorn\1_Code\3_STM32\0_workspace\X1_Thorn_v3\MXTmpFiles\rtos_threads.tmp_save
2025-06-09 16:20:55,191 [INFO] CodeEngine:287 - Generated code: C:\Users\marcv\Desktop\X1-Thorn\1_Code\3_STM32\0_workspace\X1_Thorn_v3\MXTmpFiles\rtos_threads.tmp
2025-06-09 16:20:55,227 [INFO] Middleware:1452 - No code input for Bsp Dependency
2025-06-09 16:20:55,236 [INFO] CodeEngine:263 - oldGeneratedFile, C:\Users\marcv\Desktop\X1-Thorn\1_Code\3_STM32\0_workspace\X1_Thorn_v3\MXTmpFiles\rtos_inc.tmp_save
2025-06-09 16:20:55,311 [INFO] CodeEngine:287 - Generated code: C:\Users\marcv\Desktop\X1-Thorn\1_Code\3_STM32\0_workspace\X1_Thorn_v3\MXTmpFiles\rtos_inc.tmp
2025-06-09 16:20:55,317 [INFO] CodeEngine:263 - oldGeneratedFile, C:\Users\marcv\Desktop\X1-Thorn\1_Code\3_STM32\0_workspace\X1_Thorn_v3\MXTmpFiles\rtos_kernelInit.tmp_save
2025-06-09 16:20:55,373 [INFO] CodeEngine:287 - Generated code: C:\Users\marcv\Desktop\X1-Thorn\1_Code\3_STM32\0_workspace\X1_Thorn_v3\MXTmpFiles\rtos_kernelInit.tmp
2025-06-09 16:20:55,380 [INFO] CodeEngine:263 - oldGeneratedFile, C:\Users\marcv\Desktop\X1-Thorn\1_Code\3_STM32\0_workspace\X1_Thorn_v3\MXTmpFiles\rtos_kernelStart.tmp_save
2025-06-09 16:20:55,435 [INFO] CodeEngine:287 - Generated code: C:\Users\marcv\Desktop\X1-Thorn\1_Code\3_STM32\0_workspace\X1_Thorn_v3\MXTmpFiles\rtos_kernelStart.tmp
2025-06-09 16:20:55,444 [INFO] CodeEngine:263 - oldGeneratedFile, C:\Users\marcv\Desktop\X1-Thorn\1_Code\3_STM32\0_workspace\X1_Thorn_v3\MXTmpFiles\rtos_typedefs.tmp_save
2025-06-09 16:20:55,500 [INFO] CodeEngine:287 - Generated code: C:\Users\marcv\Desktop\X1-Thorn\1_Code\3_STM32\0_workspace\X1_Thorn_v3\MXTmpFiles\rtos_typedefs.tmp
2025-06-09 16:20:55,517 [INFO] CodeEngine:263 - oldGeneratedFile, C:\Users\marcv\Desktop\X1-Thorn\1_Code\3_STM32\0_workspace\X1_Thorn_v3\MXTmpFiles\rtos_vars.tmp_save
2025-06-09 16:20:55,579 [INFO] CodeEngine:287 - Generated code: C:\Users\marcv\Desktop\X1-Thorn\1_Code\3_STM32\0_workspace\X1_Thorn_v3\MXTmpFiles\rtos_vars.tmp
2025-06-09 16:20:55,586 [INFO] CodeEngine:263 - oldGeneratedFile, C:\Users\marcv\Desktop\X1-Thorn\1_Code\3_STM32\0_workspace\X1_Thorn_v3\MXTmpFiles\rtos_pfp.tmp_save
2025-06-09 16:20:55,637 [INFO] CodeEngine:287 - Generated code: C:\Users\marcv\Desktop\X1-Thorn\1_Code\3_STM32\0_workspace\X1_Thorn_v3\MXTmpFiles\rtos_pfp.tmp
2025-06-09 16:20:55,652 [INFO] CodeEngine:263 - oldGeneratedFile, C:\Users\marcv\Desktop\X1-Thorn\1_Code\3_STM32\0_workspace\X1_Thorn_v3\MXTmpFiles\rtos_obj_creat.tmp_save
2025-06-09 16:20:55,711 [INFO] CodeEngine:287 - Generated code: C:\Users\marcv\Desktop\X1-Thorn\1_Code\3_STM32\0_workspace\X1_Thorn_v3\MXTmpFiles\rtos_obj_creat.tmp
2025-06-09 16:20:55,717 [INFO] CodeEngine:263 - oldGeneratedFile, C:\Users\marcv\Desktop\X1-Thorn\1_Code\3_STM32\0_workspace\X1_Thorn_v3\MXTmpFiles\rtos_default_thread.tmp_save
2025-06-09 16:20:55,771 [INFO] CodeEngine:287 - Generated code: C:\Users\marcv\Desktop\X1-Thorn\1_Code\3_STM32\0_workspace\X1_Thorn_v3\MXTmpFiles\rtos_default_thread.tmp
2025-06-09 16:20:55,778 [INFO] CodeEngine:263 - oldGeneratedFile, C:\Users\marcv\Desktop\X1-Thorn\1_Code\3_STM32\0_workspace\X1_Thorn_v3\MXTmpFiles\rtos_threads.tmp_save
2025-06-09 16:20:55,830 [INFO] CodeEngine:287 - Generated code: C:\Users\marcv\Desktop\X1-Thorn\1_Code\3_STM32\0_workspace\X1_Thorn_v3\MXTmpFiles\rtos_threads.tmp
2025-06-09 16:20:55,858 [INFO] CodeEngine:263 - oldGeneratedFile, C:\Users\marcv\Desktop\X1-Thorn\1_Code\3_STM32\0_workspace\X1_Thorn_v3\Core\Inc\FreeRTOSConfig.h_save
2025-06-09 16:20:55,982 [INFO] CodeEngine:287 - Generated code: C:\Users\marcv\Desktop\X1-Thorn\1_Code\3_STM32\0_workspace\X1_Thorn_v3\Core\Inc\FreeRTOSConfig.h
2025-06-09 16:20:56,010 [INFO] CodeEngine:263 - oldGeneratedFile, C:\Users\marcv\Desktop\X1-Thorn\1_Code\3_STM32\0_workspace\X1_Thorn_v3\Core\Src\freertos.c_save
2025-06-09 16:20:56,124 [INFO] CodeEngine:287 - Generated code: C:\Users\marcv\Desktop\X1-Thorn\1_Code\3_STM32\0_workspace\X1_Thorn_v3\Core\Src\freertos.c
2025-06-09 16:20:56,156 [INFO] CodeEngine:263 - oldGeneratedFile, C:\Users\marcv\Desktop\X1-Thorn\1_Code\3_STM32\0_workspace\X1_Thorn_v3\Core\Src\adc.c_save
2025-06-09 16:20:56,320 [INFO] CodeEngine:287 - Generated code: C:\Users\marcv\Desktop\X1-Thorn\1_Code\3_STM32\0_workspace\X1_Thorn_v3\Core\Src\adc.c
2025-06-09 16:20:56,349 [INFO] CodeEngine:263 - oldGeneratedFile, C:\Users\marcv\Desktop\X1-Thorn\1_Code\3_STM32\0_workspace\X1_Thorn_v3\Core\Inc\adc.h_save
2025-06-09 16:20:56,448 [INFO] CodeEngine:287 - Generated code: C:\Users\marcv\Desktop\X1-Thorn\1_Code\3_STM32\0_workspace\X1_Thorn_v3\Core\Inc\adc.h
2025-06-09 16:20:56,473 [INFO] CodeEngine:263 - oldGeneratedFile, C:\Users\marcv\Desktop\X1-Thorn\1_Code\3_STM32\0_workspace\X1_Thorn_v3\MXTmpFiles\cortex.tmp_save
2025-06-09 16:20:56,597 [INFO] CodeEngine:287 - Generated code: C:\Users\marcv\Desktop\X1-Thorn\1_Code\3_STM32\0_workspace\X1_Thorn_v3\MXTmpFiles\cortex.tmp
2025-06-09 16:20:56,739 [INFO] CodeEngine:263 - oldGeneratedFile, C:\Users\marcv\Desktop\X1-Thorn\1_Code\3_STM32\0_workspace\X1_Thorn_v3\Core\Src\dma.c_save
2025-06-09 16:20:56,848 [INFO] CodeEngine:287 - Generated code: C:\Users\marcv\Desktop\X1-Thorn\1_Code\3_STM32\0_workspace\X1_Thorn_v3\Core\Src\dma.c
2025-06-09 16:20:56,872 [INFO] CodeEngine:263 - oldGeneratedFile, C:\Users\marcv\Desktop\X1-Thorn\1_Code\3_STM32\0_workspace\X1_Thorn_v3\Core\Inc\dma.h_save
2025-06-09 16:20:56,963 [INFO] CodeEngine:287 - Generated code: C:\Users\marcv\Desktop\X1-Thorn\1_Code\3_STM32\0_workspace\X1_Thorn_v3\Core\Inc\dma.h
2025-06-09 16:20:56,991 [INFO] CodeEngine:263 - oldGeneratedFile, C:\Users\marcv\Desktop\X1-Thorn\1_Code\3_STM32\0_workspace\X1_Thorn_v3\Core\Src\i2c.c_save
2025-06-09 16:20:57,126 [INFO] CodeEngine:287 - Generated code: C:\Users\marcv\Desktop\X1-Thorn\1_Code\3_STM32\0_workspace\X1_Thorn_v3\Core\Src\i2c.c
2025-06-09 16:20:57,134 [INFO] CodeEngine:263 - oldGeneratedFile, C:\Users\marcv\Desktop\X1-Thorn\1_Code\3_STM32\0_workspace\X1_Thorn_v3\Core\Inc\i2c.h_save
2025-06-09 16:20:57,227 [INFO] CodeEngine:287 - Generated code: C:\Users\marcv\Desktop\X1-Thorn\1_Code\3_STM32\0_workspace\X1_Thorn_v3\Core\Inc\i2c.h
2025-06-09 16:20:57,257 [INFO] CodeEngine:263 - oldGeneratedFile, C:\Users\marcv\Desktop\X1-Thorn\1_Code\3_STM32\0_workspace\X1_Thorn_v3\Core\Src\memorymap.c_save
2025-06-09 16:20:57,356 [INFO] CodeEngine:287 - Generated code: C:\Users\marcv\Desktop\X1-Thorn\1_Code\3_STM32\0_workspace\X1_Thorn_v3\Core\Src\memorymap.c
2025-06-09 16:20:57,363 [INFO] CodeEngine:263 - oldGeneratedFile, C:\Users\marcv\Desktop\X1-Thorn\1_Code\3_STM32\0_workspace\X1_Thorn_v3\Core\Inc\memorymap.h_save
2025-06-09 16:20:57,448 [INFO] CodeEngine:287 - Generated code: C:\Users\marcv\Desktop\X1-Thorn\1_Code\3_STM32\0_workspace\X1_Thorn_v3\Core\Inc\memorymap.h
2025-06-09 16:20:57,471 [INFO] CodeEngine:263 - oldGeneratedFile, C:\Users\marcv\Desktop\X1-Thorn\1_Code\3_STM32\0_workspace\X1_Thorn_v3\Core\Src\spi.c_save
2025-06-09 16:20:57,574 [INFO] CodeEngine:287 - Generated code: C:\Users\marcv\Desktop\X1-Thorn\1_Code\3_STM32\0_workspace\X1_Thorn_v3\Core\Src\spi.c
2025-06-09 16:20:57,581 [INFO] CodeEngine:263 - oldGeneratedFile, C:\Users\marcv\Desktop\X1-Thorn\1_Code\3_STM32\0_workspace\X1_Thorn_v3\Core\Inc\spi.h_save
2025-06-09 16:20:57,668 [INFO] CodeEngine:287 - Generated code: C:\Users\marcv\Desktop\X1-Thorn\1_Code\3_STM32\0_workspace\X1_Thorn_v3\Core\Inc\spi.h
2025-06-09 16:20:57,694 [INFO] CodeEngine:263 - oldGeneratedFile, C:\Users\marcv\Desktop\X1-Thorn\1_Code\3_STM32\0_workspace\X1_Thorn_v3\Core\Src\tim.c_save
2025-06-09 16:20:57,851 [INFO] CodeEngine:287 - Generated code: C:\Users\marcv\Desktop\X1-Thorn\1_Code\3_STM32\0_workspace\X1_Thorn_v3\Core\Src\tim.c
2025-06-09 16:20:57,865 [INFO] CodeEngine:263 - oldGeneratedFile, C:\Users\marcv\Desktop\X1-Thorn\1_Code\3_STM32\0_workspace\X1_Thorn_v3\Core\Inc\tim.h_save
2025-06-09 16:20:57,956 [INFO] CodeEngine:287 - Generated code: C:\Users\marcv\Desktop\X1-Thorn\1_Code\3_STM32\0_workspace\X1_Thorn_v3\Core\Inc\tim.h
2025-06-09 16:20:57,981 [INFO] CodeEngine:263 - oldGeneratedFile, C:\Users\marcv\Desktop\X1-Thorn\1_Code\3_STM32\0_workspace\X1_Thorn_v3\Core\Src\usart.c_save
2025-06-09 16:20:58,080 [INFO] CodeEngine:287 - Generated code: C:\Users\marcv\Desktop\X1-Thorn\1_Code\3_STM32\0_workspace\X1_Thorn_v3\Core\Src\usart.c
2025-06-09 16:20:58,087 [INFO] CodeEngine:263 - oldGeneratedFile, C:\Users\marcv\Desktop\X1-Thorn\1_Code\3_STM32\0_workspace\X1_Thorn_v3\Core\Inc\usart.h_save
2025-06-09 16:20:58,179 [INFO] CodeEngine:287 - Generated code: C:\Users\marcv\Desktop\X1-Thorn\1_Code\3_STM32\0_workspace\X1_Thorn_v3\Core\Inc\usart.h
2025-06-09 16:20:58,224 [INFO] CodeEngine:263 - oldGeneratedFile, C:\Users\marcv\Desktop\X1-Thorn\1_Code\3_STM32\0_workspace\X1_Thorn_v3\Core\Src\stm32h7xx_it.c_save
2025-06-09 16:20:58,348 [INFO] CodeEngine:287 - Generated code: C:\Users\marcv\Desktop\X1-Thorn\1_Code\3_STM32\0_workspace\X1_Thorn_v3\Core\Src\stm32h7xx_it.c
2025-06-09 16:20:58,373 [INFO] CodeEngine:263 - oldGeneratedFile, C:\Users\marcv\Desktop\X1-Thorn\1_Code\3_STM32\0_workspace\X1_Thorn_v3\Core\Inc\stm32h7xx_it.h_save
2025-06-09 16:20:58,459 [INFO] CodeEngine:287 - Generated code: C:\Users\marcv\Desktop\X1-Thorn\1_Code\3_STM32\0_workspace\X1_Thorn_v3\Core\Inc\stm32h7xx_it.h
2025-06-09 16:20:58,572 [INFO] CodeEngine:263 - oldGeneratedFile, C:\Users\marcv\Desktop\X1-Thorn\1_Code\3_STM32\0_workspace\X1_Thorn_v3\Core\Src\stm32h7xx_hal_msp.c_save
2025-06-09 16:20:58,677 [INFO] CodeEngine:287 - Generated code: C:\Users\marcv\Desktop\X1-Thorn\1_Code\3_STM32\0_workspace\X1_Thorn_v3\Core\Src\stm32h7xx_hal_msp.c
2025-06-09 16:20:58,690 [INFO] CodeEngine:263 - oldGeneratedFile, C:\Users\marcv\Desktop\X1-Thorn\1_Code\3_STM32\0_workspace\X1_Thorn_v3\MXTmpFiles\system.tmp_save
2025-06-09 16:20:58,755 [INFO] CodeEngine:287 - Generated code: C:\Users\marcv\Desktop\X1-Thorn\1_Code\3_STM32\0_workspace\X1_Thorn_v3\MXTmpFiles\system.tmp
2025-06-09 16:20:58,778 [INFO] CodeEngine:263 - oldGeneratedFile, C:\Users\marcv\Desktop\X1-Thorn\1_Code\3_STM32\0_workspace\X1_Thorn_v3\Core\Src\stm32h7xx_hal_timebase_tim.c_save
2025-06-09 16:20:58,864 [INFO] CodeEngine:287 - Generated code: C:\Users\marcv\Desktop\X1-Thorn\1_Code\3_STM32\0_workspace\X1_Thorn_v3\Core\Src\stm32h7xx_hal_timebase_tim.c
2025-06-09 16:20:58,896 [INFO] CodeEngine:319 - oldGeneratedFile, C:\Users\marcv\Desktop\X1-Thorn\1_Code\3_STM32\0_workspace\X1_Thorn_v3\Core\Inc\stm32h7xx_hal_conf.h_save
2025-06-09 16:20:58,992 [INFO] CodeEngine:343 - Generated code: C:\Users\marcv\Desktop\X1-Thorn\1_Code\3_STM32\0_workspace\X1_Thorn_v3\Core\Inc\stm32h7xx_hal_conf.h
2025-06-09 16:20:59,055 [INFO] ApiDbMcu:508 - Load IP Config File for ADC2
2025-06-09 16:20:59,059 [INFO] ApiDbMcu:508 - Load IP Config File for ADC3
2025-06-09 16:20:59,063 [INFO] ApiDbMcu:508 - Load IP Config File for I2C2
2025-06-09 16:20:59,063 [ERROR] ApiDbMcu:464 - Can't load MEMORYMAP-STM32xx root dir null
2025-06-09 16:20:59,064 [ERROR] ApiDbMcu:536 - Cannot parse MEMORYMAP_Config file : file do not exist
2025-06-09 16:20:59,067 [INFO] ApiDbMcu:508 - Load IP Config File for SPI4
2025-06-09 16:20:59,081 [INFO] ApiDbMcu:508 - Load IP Config File for TIM1
2025-06-09 16:20:59,099 [INFO] ApiDbMcu:508 - Load IP Config File for TIM3
2025-06-09 16:20:59,115 [INFO] ApiDbMcu:508 - Load IP Config File for TIM5
2025-06-09 16:20:59,129 [INFO] ApiDbMcu:508 - Load IP Config File for TIM16
2025-06-09 16:20:59,141 [INFO] ApiDbMcu:508 - Load IP Config File for TIM17
2025-06-09 16:20:59,158 [INFO] ApiDbMcu:508 - Load IP Config File for UART5
2025-06-09 16:20:59,173 [INFO] ApiDbMcu:508 - Load IP Config File for UART8
2025-06-09 16:20:59,177 [INFO] ApiDbMcu:508 - Load IP Config File for RCC
2025-06-09 16:20:59,213 [INFO] CodeEngine:263 - oldGeneratedFile, C:\Users\marcv\Desktop\X1-Thorn\1_Code\3_STM32\0_workspace\X1_Thorn_v3\Core\Inc\main.h_save
2025-06-09 16:20:59,342 [INFO] CodeEngine:287 - Generated code: C:\Users\marcv\Desktop\X1-Thorn\1_Code\3_STM32\0_workspace\X1_Thorn_v3\Core\Inc\main.h
2025-06-09 16:20:59,369 [INFO] CodeEngine:263 - oldGeneratedFile, C:\Users\marcv\Desktop\X1-Thorn\1_Code\3_STM32\0_workspace\X1_Thorn_v3\Core\Src\main.c_save
2025-06-09 16:20:59,560 [INFO] CodeEngine:287 - Generated code: C:\Users\marcv\Desktop\X1-Thorn\1_Code\3_STM32\0_workspace\X1_Thorn_v3\Core\Src\main.c
2025-06-09 16:21:00,339 [INFO] ProjectBuilder:3324 - Time for Copy HAL[1] : 549mS.
2025-06-09 16:21:00,350 [INFO] ProjectBuilder:4912 - Project Generator version: 4.6.0-B36
2025-06-09 16:21:00,448 [INFO] ConfigFileManager:1590 - The Die is : DIE450
2025-06-09 16:21:00,465 [INFO] ApiDbMcu:508 - Load IP Config File for FATFS
2025-06-09 16:21:00,477 [INFO] ApiDbMcu:508 - Load IP Config File for LIBJPEG
2025-06-09 16:21:00,495 [INFO] ApiDbMcu:508 - Load IP Config File for LWIP
2025-06-09 16:21:00,512 [INFO] ApiDbMcu:508 - Load IP Config File for MBEDTLS
2025-06-09 16:21:00,530 [INFO] ApiDbMcu:508 - Load IP Config File for USB_DEVICE
2025-06-09 16:21:00,546 [INFO] ApiDbMcu:508 - Load IP Config File for USB_HOST
2025-06-09 16:21:01,358 [INFO] LogOutputStream:77 - [STDOUT_REDIRECT] 
2025-06-09 16:21:03,802 [INFO] ProjectBuilder:5191 - Time for Generating toolchain IDE Files: 3452mS.
2025-06-09 16:21:03,804 [INFO] ProjectBuilder:3181 - Time for Copy CMSIS : 0mS.
2025-06-09 16:21:03,824 [INFO] ProjectBuilder:3181 - Time for Copy CMSIS : 0mS.
2025-06-09 16:50:19,239 [INFO] NvicIntPanel:101 - NVIC parent = com.st.microxplorer.plugins.ip.nvic.MultiNvicIntPanel[,0,0,0x0,invalid,layout=javax.swing.BoxLayout,alignmentX=0.0,alignmentY=0.0,border=,flags=9,maximumSize=,minimumSize=,preferredSize=]
2025-06-09 16:54:11,220 [INFO] UtilMem:75 - End SaveConfig() Used Memory: 826059976 Bytes (1073741824)
2025-06-09 16:54:14,556 [INFO] UtilMem:75 - End SaveConfig() Used Memory: 863217904 Bytes (1073741824)
2025-06-09 16:54:15,155 [INFO] UtilMem:75 - End SaveConfig() Used Memory: 799239440 Bytes (1073741824)
2025-06-09 16:54:15,575 [INFO] BlockDiagram:2775 - set Specific Code input for plugin: SPI
2025-06-09 16:54:15,575 [INFO] BlockDiagram:2775 - set Specific Code input for plugin: FREERTOS
2025-06-09 16:54:15,575 [INFO] BlockDiagram:2775 - set Specific Code input for plugin: RCC
2025-06-09 16:54:15,575 [INFO] BlockDiagram:2775 - set Specific Code input for plugin: I2C
2025-06-09 16:54:15,575 [INFO] BlockDiagram:2775 - set Specific Code input for plugin: TIM1_8H7
2025-06-09 16:54:15,575 [INFO] BlockDiagram:2775 - set Specific Code input for plugin: TIM1_8H7
2025-06-09 16:54:15,575 [INFO] BlockDiagram:2775 - set Specific Code input for plugin: MEMORYMAP
2025-06-09 16:54:15,575 [INFO] BlockDiagram:2775 - set Specific Code input for plugin: TIM1_8H7
2025-06-09 16:54:15,575 [INFO] BlockDiagram:2775 - set Specific Code input for plugin: TIM1_8H7
2025-06-09 16:54:15,575 [INFO] BlockDiagram:2775 - set Specific Code input for plugin: TIM1_8H7
2025-06-09 16:54:15,575 [INFO] BlockDiagram:2775 - set Specific Code input for plugin: ADC
2025-06-09 16:54:15,575 [INFO] BlockDiagram:2775 - set Specific Code input for plugin: SYS
2025-06-09 16:54:15,576 [INFO] BlockDiagram:2775 - set Specific Code input for plugin: ADC
2025-06-09 16:54:15,576 [INFO] BlockDiagram:2775 - set Specific Code input for plugin: NVIC
2025-06-09 16:54:15,576 [INFO] BlockDiagram:2775 - set Specific Code input for plugin: DMA
2025-06-09 16:54:15,576 [INFO] BlockDiagram:2775 - set Specific Code input for plugin: VREFBUF
2025-06-09 16:54:15,576 [INFO] BlockDiagram:2775 - set Specific Code input for plugin: UART
2025-06-09 16:54:15,576 [INFO] BlockDiagram:2775 - set Specific Code input for plugin: UART
2025-06-09 16:54:15,576 [INFO] BlockDiagram:2775 - set Specific Code input for plugin: DEBUG
2025-06-09 16:54:15,577 [INFO] BlockDiagram:2775 - set Specific Code input for plugin: GPIO
2025-06-09 16:54:15,578 [INFO] CodeGenerator:882 - code generatio: config db path: C:\ST\STM32CubeIDE_1.18.0\STM32CubeIDE\plugins\com.st.stm32cube.common.mx_6.14.0.202502271554\\db\
2025-06-09 16:54:15,659 [INFO] Argument:325 - Argument : hdmavalue: null
2025-06-09 16:54:15,659 [INFO] Argument:327 - 	 sub Args: 
2025-06-09 16:54:15,659 [INFO] Argument:325 - Argument : Instancevalue: DMA1_Stream0
2025-06-09 16:54:15,659 [INFO] Argument:335 - Argument : Instancevalue: DMA1_Stream0
2025-06-09 16:54:15,659 [INFO] Argument:325 - Argument : Initvalue: null
2025-06-09 16:54:15,659 [INFO] Argument:327 - 	 sub Args: 
2025-06-09 16:54:15,659 [INFO] Argument:325 - Argument : Requestvalue: DMA_REQUEST_TIM3_CH1
2025-06-09 16:54:15,659 [INFO] Argument:335 - Argument : Requestvalue: DMA_REQUEST_TIM3_CH1
2025-06-09 16:54:15,659 [INFO] Argument:325 - Argument : Directionvalue: DMA_MEMORY_TO_PERIPH
2025-06-09 16:54:15,660 [INFO] Argument:335 - Argument : Directionvalue: DMA_MEMORY_TO_PERIPH
2025-06-09 16:54:15,660 [INFO] Argument:325 - Argument : PeriphIncvalue: DMA_PINC_DISABLE
2025-06-09 16:54:15,660 [INFO] Argument:335 - Argument : PeriphIncvalue: DMA_PINC_DISABLE
2025-06-09 16:54:15,660 [INFO] Argument:325 - Argument : MemIncvalue: DMA_MINC_ENABLE
2025-06-09 16:54:15,660 [INFO] Argument:335 - Argument : MemIncvalue: DMA_MINC_ENABLE
2025-06-09 16:54:15,660 [INFO] Argument:325 - Argument : PeriphDataAlignmentvalue: DMA_PDATAALIGN_HALFWORD
2025-06-09 16:54:15,660 [INFO] Argument:335 - Argument : PeriphDataAlignmentvalue: DMA_PDATAALIGN_HALFWORD
2025-06-09 16:54:15,660 [INFO] Argument:325 - Argument : MemDataAlignmentvalue: DMA_MDATAALIGN_HALFWORD
2025-06-09 16:54:15,660 [INFO] Argument:335 - Argument : MemDataAlignmentvalue: DMA_MDATAALIGN_HALFWORD
2025-06-09 16:54:15,660 [INFO] Argument:325 - Argument : Modevalue: DMA_NORMAL
2025-06-09 16:54:15,660 [INFO] Argument:335 - Argument : Modevalue: DMA_NORMAL
2025-06-09 16:54:15,660 [INFO] Argument:325 - Argument : Priorityvalue: DMA_PRIORITY_HIGH
2025-06-09 16:54:15,660 [INFO] Argument:335 - Argument : Priorityvalue: DMA_PRIORITY_HIGH
2025-06-09 16:54:15,660 [INFO] Argument:325 - Argument : FIFOModevalue: DMA_FIFOMODE_DISABLE
2025-06-09 16:54:15,660 [INFO] Argument:335 - Argument : FIFOModevalue: DMA_FIFOMODE_DISABLE
2025-06-09 16:54:15,661 [INFO] Argument:325 - Argument : FIFOThresholdvalue: null
2025-06-09 16:54:15,661 [INFO] Argument:335 - Argument : FIFOThresholdvalue: null
2025-06-09 16:54:15,661 [INFO] Argument:325 - Argument : MemBurstvalue: null
2025-06-09 16:54:15,661 [INFO] Argument:335 - Argument : MemBurstvalue: null
2025-06-09 16:54:15,661 [INFO] Argument:325 - Argument : PeriphBurstvalue: null
2025-06-09 16:54:15,661 [INFO] Argument:335 - Argument : PeriphBurstvalue: null
2025-06-09 16:54:15,661 [INFO] Argument:325 - Argument : Lockvalue: null
2025-06-09 16:54:15,661 [INFO] Argument:335 - Argument : Lockvalue: null
2025-06-09 16:54:15,661 [INFO] Argument:325 - Argument : Statevalue: null
2025-06-09 16:54:15,661 [INFO] Argument:335 - Argument : Statevalue: null
2025-06-09 16:54:15,661 [INFO] Argument:325 - Argument : Parentvalue: null
2025-06-09 16:54:15,661 [INFO] Argument:335 - Argument : Parentvalue: null
2025-06-09 16:54:15,661 [INFO] Argument:325 - Argument : XferCpltCallbackvalue: null
2025-06-09 16:54:15,661 [INFO] Argument:335 - Argument : XferCpltCallbackvalue: null
2025-06-09 16:54:15,661 [INFO] Argument:325 - Argument : XferHalfCpltCallbackvalue: null
2025-06-09 16:54:15,661 [INFO] Argument:335 - Argument : XferHalfCpltCallbackvalue: null
2025-06-09 16:54:15,661 [INFO] Argument:325 - Argument : XferM1CpltCallbackvalue: null
2025-06-09 16:54:15,661 [INFO] Argument:335 - Argument : XferM1CpltCallbackvalue: null
2025-06-09 16:54:15,662 [INFO] Argument:325 - Argument : XferM1HalfCpltCallbackvalue: null
2025-06-09 16:54:15,662 [INFO] Argument:335 - Argument : XferM1HalfCpltCallbackvalue: null
2025-06-09 16:54:15,662 [INFO] Argument:325 - Argument : XferErrorCallbackvalue: null
2025-06-09 16:54:15,662 [INFO] Argument:335 - Argument : XferErrorCallbackvalue: null
2025-06-09 16:54:15,662 [INFO] Argument:325 - Argument : XferAbortCallbackvalue: null
2025-06-09 16:54:15,662 [INFO] Argument:335 - Argument : XferAbortCallbackvalue: null
2025-06-09 16:54:15,662 [INFO] Argument:325 - Argument : ErrorCodevalue: null
2025-06-09 16:54:15,662 [INFO] Argument:335 - Argument : ErrorCodevalue: null
2025-06-09 16:54:15,662 [INFO] Argument:325 - Argument : StreamBaseAddressvalue: null
2025-06-09 16:54:15,662 [INFO] Argument:335 - Argument : StreamBaseAddressvalue: null
2025-06-09 16:54:15,662 [INFO] Argument:325 - Argument : StreamIndexvalue: null
2025-06-09 16:54:15,662 [INFO] Argument:335 - Argument : StreamIndexvalue: null
2025-06-09 16:54:15,663 [INFO] Argument:325 - Argument : hdmavalue: null
2025-06-09 16:54:15,663 [INFO] Argument:327 - 	 sub Args: 
2025-06-09 16:54:15,663 [INFO] Argument:325 - Argument : Instancevalue: DMA1_Stream1
2025-06-09 16:54:15,663 [INFO] Argument:335 - Argument : Instancevalue: DMA1_Stream1
2025-06-09 16:54:15,663 [INFO] Argument:325 - Argument : Initvalue: null
2025-06-09 16:54:15,663 [INFO] Argument:327 - 	 sub Args: 
2025-06-09 16:54:15,663 [INFO] Argument:325 - Argument : Requestvalue: DMA_REQUEST_TIM3_CH2
2025-06-09 16:54:15,663 [INFO] Argument:335 - Argument : Requestvalue: DMA_REQUEST_TIM3_CH2
2025-06-09 16:54:15,663 [INFO] Argument:325 - Argument : Directionvalue: DMA_MEMORY_TO_PERIPH
2025-06-09 16:54:15,663 [INFO] Argument:335 - Argument : Directionvalue: DMA_MEMORY_TO_PERIPH
2025-06-09 16:54:15,663 [INFO] Argument:325 - Argument : PeriphIncvalue: DMA_PINC_DISABLE
2025-06-09 16:54:15,663 [INFO] Argument:335 - Argument : PeriphIncvalue: DMA_PINC_DISABLE
2025-06-09 16:54:15,663 [INFO] Argument:325 - Argument : MemIncvalue: DMA_MINC_ENABLE
2025-06-09 16:54:15,663 [INFO] Argument:335 - Argument : MemIncvalue: DMA_MINC_ENABLE
2025-06-09 16:54:15,664 [INFO] Argument:325 - Argument : PeriphDataAlignmentvalue: DMA_PDATAALIGN_HALFWORD
2025-06-09 16:54:15,664 [INFO] Argument:335 - Argument : PeriphDataAlignmentvalue: DMA_PDATAALIGN_HALFWORD
2025-06-09 16:54:15,664 [INFO] Argument:325 - Argument : MemDataAlignmentvalue: DMA_MDATAALIGN_HALFWORD
2025-06-09 16:54:15,664 [INFO] Argument:335 - Argument : MemDataAlignmentvalue: DMA_MDATAALIGN_HALFWORD
2025-06-09 16:54:15,664 [INFO] Argument:325 - Argument : Modevalue: DMA_NORMAL
2025-06-09 16:54:15,664 [INFO] Argument:335 - Argument : Modevalue: DMA_NORMAL
2025-06-09 16:54:15,664 [INFO] Argument:325 - Argument : Priorityvalue: DMA_PRIORITY_HIGH
2025-06-09 16:54:15,664 [INFO] Argument:335 - Argument : Priorityvalue: DMA_PRIORITY_HIGH
2025-06-09 16:54:15,664 [INFO] Argument:325 - Argument : FIFOModevalue: DMA_FIFOMODE_DISABLE
2025-06-09 16:54:15,664 [INFO] Argument:335 - Argument : FIFOModevalue: DMA_FIFOMODE_DISABLE
2025-06-09 16:54:15,664 [INFO] Argument:325 - Argument : FIFOThresholdvalue: null
2025-06-09 16:54:15,664 [INFO] Argument:335 - Argument : FIFOThresholdvalue: null
2025-06-09 16:54:15,664 [INFO] Argument:325 - Argument : MemBurstvalue: null
2025-06-09 16:54:15,664 [INFO] Argument:335 - Argument : MemBurstvalue: null
2025-06-09 16:54:15,664 [INFO] Argument:325 - Argument : PeriphBurstvalue: null
2025-06-09 16:54:15,664 [INFO] Argument:335 - Argument : PeriphBurstvalue: null
2025-06-09 16:54:15,664 [INFO] Argument:325 - Argument : Lockvalue: null
2025-06-09 16:54:15,664 [INFO] Argument:335 - Argument : Lockvalue: null
2025-06-09 16:54:15,664 [INFO] Argument:325 - Argument : Statevalue: null
2025-06-09 16:54:15,664 [INFO] Argument:335 - Argument : Statevalue: null
2025-06-09 16:54:15,664 [INFO] Argument:325 - Argument : Parentvalue: null
2025-06-09 16:54:15,665 [INFO] Argument:335 - Argument : Parentvalue: null
2025-06-09 16:54:15,665 [INFO] Argument:325 - Argument : XferCpltCallbackvalue: null
2025-06-09 16:54:15,665 [INFO] Argument:335 - Argument : XferCpltCallbackvalue: null
2025-06-09 16:54:15,665 [INFO] Argument:325 - Argument : XferHalfCpltCallbackvalue: null
2025-06-09 16:54:15,665 [INFO] Argument:335 - Argument : XferHalfCpltCallbackvalue: null
2025-06-09 16:54:15,665 [INFO] Argument:325 - Argument : XferM1CpltCallbackvalue: null
2025-06-09 16:54:15,665 [INFO] Argument:335 - Argument : XferM1CpltCallbackvalue: null
2025-06-09 16:54:15,665 [INFO] Argument:325 - Argument : XferM1HalfCpltCallbackvalue: null
2025-06-09 16:54:15,665 [INFO] Argument:335 - Argument : XferM1HalfCpltCallbackvalue: null
2025-06-09 16:54:15,665 [INFO] Argument:325 - Argument : XferErrorCallbackvalue: null
2025-06-09 16:54:15,665 [INFO] Argument:335 - Argument : XferErrorCallbackvalue: null
2025-06-09 16:54:15,665 [INFO] Argument:325 - Argument : XferAbortCallbackvalue: null
2025-06-09 16:54:15,665 [INFO] Argument:335 - Argument : XferAbortCallbackvalue: null
2025-06-09 16:54:15,665 [INFO] Argument:325 - Argument : ErrorCodevalue: null
2025-06-09 16:54:15,665 [INFO] Argument:335 - Argument : ErrorCodevalue: null
2025-06-09 16:54:15,665 [INFO] Argument:325 - Argument : StreamBaseAddressvalue: null
2025-06-09 16:54:15,665 [INFO] Argument:335 - Argument : StreamBaseAddressvalue: null
2025-06-09 16:54:15,665 [INFO] Argument:325 - Argument : StreamIndexvalue: null
2025-06-09 16:54:15,665 [INFO] Argument:335 - Argument : StreamIndexvalue: null
2025-06-09 16:54:15,820 [INFO] CodeEngine:263 - oldGeneratedFile, C:\Users\marcv\Desktop\X1-Thorn\1_Code\3_STM32\0_workspace\X1_Thorn_v3\MXTmpFiles\license.tmp_save
2025-06-09 16:54:16,061 [INFO] CodeEngine:287 - Generated code: C:\Users\marcv\Desktop\X1-Thorn\1_Code\3_STM32\0_workspace\X1_Thorn_v3\MXTmpFiles\license.tmp
2025-06-09 16:54:16,200 [INFO] CodeEngine:263 - oldGeneratedFile, C:\Users\marcv\Desktop\X1-Thorn\1_Code\3_STM32\0_workspace\X1_Thorn_v3\Core\Src\gpio.c_save
2025-06-09 16:54:16,381 [INFO] CodeEngine:287 - Generated code: C:\Users\marcv\Desktop\X1-Thorn\1_Code\3_STM32\0_workspace\X1_Thorn_v3\Core\Src\gpio.c
2025-06-09 16:54:16,394 [INFO] CodeEngine:263 - oldGeneratedFile, C:\Users\marcv\Desktop\X1-Thorn\1_Code\3_STM32\0_workspace\X1_Thorn_v3\Core\Inc\gpio.h_save
2025-06-09 16:54:16,526 [INFO] CodeEngine:287 - Generated code: C:\Users\marcv\Desktop\X1-Thorn\1_Code\3_STM32\0_workspace\X1_Thorn_v3\Core\Inc\gpio.h
2025-06-09 16:54:16,808 [WARN] IPConfigManager:103 - WARNING: Missing Config File for DEBUG ip!!
2025-06-09 16:54:17,093 [WARN] IPConfigManager:103 - WARNING: Missing Config File for MEMORYMAP ip!!
2025-06-09 16:54:18,193 [INFO] Middleware:1452 - No code input for Bsp Dependency
2025-06-09 16:54:18,204 [INFO] CodeEngine:263 - oldGeneratedFile, C:\Users\marcv\Desktop\X1-Thorn\1_Code\3_STM32\0_workspace\X1_Thorn_v3\MXTmpFiles\rtos_inc.tmp_save
2025-06-09 16:54:18,304 [INFO] CodeEngine:287 - Generated code: C:\Users\marcv\Desktop\X1-Thorn\1_Code\3_STM32\0_workspace\X1_Thorn_v3\MXTmpFiles\rtos_inc.tmp
2025-06-09 16:54:18,310 [INFO] CodeEngine:263 - oldGeneratedFile, C:\Users\marcv\Desktop\X1-Thorn\1_Code\3_STM32\0_workspace\X1_Thorn_v3\MXTmpFiles\rtos_kernelInit.tmp_save
2025-06-09 16:54:18,377 [INFO] CodeEngine:287 - Generated code: C:\Users\marcv\Desktop\X1-Thorn\1_Code\3_STM32\0_workspace\X1_Thorn_v3\MXTmpFiles\rtos_kernelInit.tmp
2025-06-09 16:54:18,383 [INFO] CodeEngine:263 - oldGeneratedFile, C:\Users\marcv\Desktop\X1-Thorn\1_Code\3_STM32\0_workspace\X1_Thorn_v3\MXTmpFiles\rtos_kernelStart.tmp_save
2025-06-09 16:54:18,453 [INFO] CodeEngine:287 - Generated code: C:\Users\marcv\Desktop\X1-Thorn\1_Code\3_STM32\0_workspace\X1_Thorn_v3\MXTmpFiles\rtos_kernelStart.tmp
2025-06-09 16:54:18,459 [INFO] CodeEngine:263 - oldGeneratedFile, C:\Users\marcv\Desktop\X1-Thorn\1_Code\3_STM32\0_workspace\X1_Thorn_v3\MXTmpFiles\rtos_typedefs.tmp_save
2025-06-09 16:54:18,512 [INFO] CodeEngine:287 - Generated code: C:\Users\marcv\Desktop\X1-Thorn\1_Code\3_STM32\0_workspace\X1_Thorn_v3\MXTmpFiles\rtos_typedefs.tmp
2025-06-09 16:54:18,517 [INFO] CodeEngine:263 - oldGeneratedFile, C:\Users\marcv\Desktop\X1-Thorn\1_Code\3_STM32\0_workspace\X1_Thorn_v3\MXTmpFiles\rtos_vars.tmp_save
2025-06-09 16:54:18,592 [INFO] CodeEngine:287 - Generated code: C:\Users\marcv\Desktop\X1-Thorn\1_Code\3_STM32\0_workspace\X1_Thorn_v3\MXTmpFiles\rtos_vars.tmp
2025-06-09 16:54:18,598 [INFO] CodeEngine:263 - oldGeneratedFile, C:\Users\marcv\Desktop\X1-Thorn\1_Code\3_STM32\0_workspace\X1_Thorn_v3\MXTmpFiles\rtos_pfp.tmp_save
2025-06-09 16:54:18,659 [INFO] CodeEngine:287 - Generated code: C:\Users\marcv\Desktop\X1-Thorn\1_Code\3_STM32\0_workspace\X1_Thorn_v3\MXTmpFiles\rtos_pfp.tmp
2025-06-09 16:54:18,664 [INFO] CodeEngine:263 - oldGeneratedFile, C:\Users\marcv\Desktop\X1-Thorn\1_Code\3_STM32\0_workspace\X1_Thorn_v3\MXTmpFiles\rtos_obj_creat.tmp_save
2025-06-09 16:54:18,729 [INFO] CodeEngine:287 - Generated code: C:\Users\marcv\Desktop\X1-Thorn\1_Code\3_STM32\0_workspace\X1_Thorn_v3\MXTmpFiles\rtos_obj_creat.tmp
2025-06-09 16:54:18,734 [INFO] CodeEngine:263 - oldGeneratedFile, C:\Users\marcv\Desktop\X1-Thorn\1_Code\3_STM32\0_workspace\X1_Thorn_v3\MXTmpFiles\rtos_default_thread.tmp_save
2025-06-09 16:54:18,800 [INFO] CodeEngine:287 - Generated code: C:\Users\marcv\Desktop\X1-Thorn\1_Code\3_STM32\0_workspace\X1_Thorn_v3\MXTmpFiles\rtos_default_thread.tmp
2025-06-09 16:54:18,805 [INFO] CodeEngine:263 - oldGeneratedFile, C:\Users\marcv\Desktop\X1-Thorn\1_Code\3_STM32\0_workspace\X1_Thorn_v3\MXTmpFiles\rtos_threads.tmp_save
2025-06-09 16:54:18,858 [INFO] CodeEngine:287 - Generated code: C:\Users\marcv\Desktop\X1-Thorn\1_Code\3_STM32\0_workspace\X1_Thorn_v3\MXTmpFiles\rtos_threads.tmp
2025-06-09 16:54:18,892 [INFO] Middleware:1452 - No code input for Bsp Dependency
2025-06-09 16:54:18,902 [INFO] CodeEngine:263 - oldGeneratedFile, C:\Users\marcv\Desktop\X1-Thorn\1_Code\3_STM32\0_workspace\X1_Thorn_v3\MXTmpFiles\rtos_inc.tmp_save
2025-06-09 16:54:18,972 [INFO] CodeEngine:287 - Generated code: C:\Users\marcv\Desktop\X1-Thorn\1_Code\3_STM32\0_workspace\X1_Thorn_v3\MXTmpFiles\rtos_inc.tmp
2025-06-09 16:54:18,979 [INFO] CodeEngine:263 - oldGeneratedFile, C:\Users\marcv\Desktop\X1-Thorn\1_Code\3_STM32\0_workspace\X1_Thorn_v3\MXTmpFiles\rtos_kernelInit.tmp_save
2025-06-09 16:54:19,035 [INFO] CodeEngine:287 - Generated code: C:\Users\marcv\Desktop\X1-Thorn\1_Code\3_STM32\0_workspace\X1_Thorn_v3\MXTmpFiles\rtos_kernelInit.tmp
2025-06-09 16:54:19,042 [INFO] CodeEngine:263 - oldGeneratedFile, C:\Users\marcv\Desktop\X1-Thorn\1_Code\3_STM32\0_workspace\X1_Thorn_v3\MXTmpFiles\rtos_kernelStart.tmp_save
2025-06-09 16:54:19,094 [INFO] CodeEngine:287 - Generated code: C:\Users\marcv\Desktop\X1-Thorn\1_Code\3_STM32\0_workspace\X1_Thorn_v3\MXTmpFiles\rtos_kernelStart.tmp
2025-06-09 16:54:19,101 [INFO] CodeEngine:263 - oldGeneratedFile, C:\Users\marcv\Desktop\X1-Thorn\1_Code\3_STM32\0_workspace\X1_Thorn_v3\MXTmpFiles\rtos_typedefs.tmp_save
2025-06-09 16:54:19,155 [INFO] CodeEngine:287 - Generated code: C:\Users\marcv\Desktop\X1-Thorn\1_Code\3_STM32\0_workspace\X1_Thorn_v3\MXTmpFiles\rtos_typedefs.tmp
2025-06-09 16:54:19,171 [INFO] CodeEngine:263 - oldGeneratedFile, C:\Users\marcv\Desktop\X1-Thorn\1_Code\3_STM32\0_workspace\X1_Thorn_v3\MXTmpFiles\rtos_vars.tmp_save
2025-06-09 16:54:19,229 [INFO] CodeEngine:287 - Generated code: C:\Users\marcv\Desktop\X1-Thorn\1_Code\3_STM32\0_workspace\X1_Thorn_v3\MXTmpFiles\rtos_vars.tmp
2025-06-09 16:54:19,236 [INFO] CodeEngine:263 - oldGeneratedFile, C:\Users\marcv\Desktop\X1-Thorn\1_Code\3_STM32\0_workspace\X1_Thorn_v3\MXTmpFiles\rtos_pfp.tmp_save
2025-06-09 16:54:19,289 [INFO] CodeEngine:287 - Generated code: C:\Users\marcv\Desktop\X1-Thorn\1_Code\3_STM32\0_workspace\X1_Thorn_v3\MXTmpFiles\rtos_pfp.tmp
2025-06-09 16:54:19,304 [INFO] CodeEngine:263 - oldGeneratedFile, C:\Users\marcv\Desktop\X1-Thorn\1_Code\3_STM32\0_workspace\X1_Thorn_v3\MXTmpFiles\rtos_obj_creat.tmp_save
2025-06-09 16:54:19,357 [INFO] CodeEngine:287 - Generated code: C:\Users\marcv\Desktop\X1-Thorn\1_Code\3_STM32\0_workspace\X1_Thorn_v3\MXTmpFiles\rtos_obj_creat.tmp
2025-06-09 16:54:19,364 [INFO] CodeEngine:263 - oldGeneratedFile, C:\Users\marcv\Desktop\X1-Thorn\1_Code\3_STM32\0_workspace\X1_Thorn_v3\MXTmpFiles\rtos_default_thread.tmp_save
2025-06-09 16:54:19,414 [INFO] CodeEngine:287 - Generated code: C:\Users\marcv\Desktop\X1-Thorn\1_Code\3_STM32\0_workspace\X1_Thorn_v3\MXTmpFiles\rtos_default_thread.tmp
2025-06-09 16:54:19,421 [INFO] CodeEngine:263 - oldGeneratedFile, C:\Users\marcv\Desktop\X1-Thorn\1_Code\3_STM32\0_workspace\X1_Thorn_v3\MXTmpFiles\rtos_threads.tmp_save
2025-06-09 16:54:19,472 [INFO] CodeEngine:287 - Generated code: C:\Users\marcv\Desktop\X1-Thorn\1_Code\3_STM32\0_workspace\X1_Thorn_v3\MXTmpFiles\rtos_threads.tmp
2025-06-09 16:54:19,488 [INFO] CodeEngine:263 - oldGeneratedFile, C:\Users\marcv\Desktop\X1-Thorn\1_Code\3_STM32\0_workspace\X1_Thorn_v3\Core\Inc\FreeRTOSConfig.h_save
2025-06-09 16:54:19,561 [INFO] CodeEngine:287 - Generated code: C:\Users\marcv\Desktop\X1-Thorn\1_Code\3_STM32\0_workspace\X1_Thorn_v3\Core\Inc\FreeRTOSConfig.h
2025-06-09 16:54:19,580 [INFO] CodeEngine:263 - oldGeneratedFile, C:\Users\marcv\Desktop\X1-Thorn\1_Code\3_STM32\0_workspace\X1_Thorn_v3\Core\Src\freertos.c_save
2025-06-09 16:54:19,669 [INFO] CodeEngine:287 - Generated code: C:\Users\marcv\Desktop\X1-Thorn\1_Code\3_STM32\0_workspace\X1_Thorn_v3\Core\Src\freertos.c
2025-06-09 16:54:19,694 [INFO] CodeEngine:263 - oldGeneratedFile, C:\Users\marcv\Desktop\X1-Thorn\1_Code\3_STM32\0_workspace\X1_Thorn_v3\Core\Src\adc.c_save
2025-06-09 16:54:19,798 [INFO] CodeEngine:287 - Generated code: C:\Users\marcv\Desktop\X1-Thorn\1_Code\3_STM32\0_workspace\X1_Thorn_v3\Core\Src\adc.c
2025-06-09 16:54:19,806 [INFO] CodeEngine:263 - oldGeneratedFile, C:\Users\marcv\Desktop\X1-Thorn\1_Code\3_STM32\0_workspace\X1_Thorn_v3\Core\Inc\adc.h_save
2025-06-09 16:54:19,867 [INFO] CodeEngine:287 - Generated code: C:\Users\marcv\Desktop\X1-Thorn\1_Code\3_STM32\0_workspace\X1_Thorn_v3\Core\Inc\adc.h
2025-06-09 16:54:19,879 [INFO] CodeEngine:263 - oldGeneratedFile, C:\Users\marcv\Desktop\X1-Thorn\1_Code\3_STM32\0_workspace\X1_Thorn_v3\MXTmpFiles\cortex.tmp_save
2025-06-09 16:54:19,969 [INFO] CodeEngine:287 - Generated code: C:\Users\marcv\Desktop\X1-Thorn\1_Code\3_STM32\0_workspace\X1_Thorn_v3\MXTmpFiles\cortex.tmp
2025-06-09 16:54:20,035 [INFO] CodeEngine:263 - oldGeneratedFile, C:\Users\marcv\Desktop\X1-Thorn\1_Code\3_STM32\0_workspace\X1_Thorn_v3\Core\Src\dma.c_save
2025-06-09 16:54:20,102 [INFO] CodeEngine:287 - Generated code: C:\Users\marcv\Desktop\X1-Thorn\1_Code\3_STM32\0_workspace\X1_Thorn_v3\Core\Src\dma.c
2025-06-09 16:54:20,108 [INFO] CodeEngine:263 - oldGeneratedFile, C:\Users\marcv\Desktop\X1-Thorn\1_Code\3_STM32\0_workspace\X1_Thorn_v3\Core\Inc\dma.h_save
2025-06-09 16:54:20,172 [INFO] CodeEngine:287 - Generated code: C:\Users\marcv\Desktop\X1-Thorn\1_Code\3_STM32\0_workspace\X1_Thorn_v3\Core\Inc\dma.h
2025-06-09 16:54:20,196 [INFO] CodeEngine:263 - oldGeneratedFile, C:\Users\marcv\Desktop\X1-Thorn\1_Code\3_STM32\0_workspace\X1_Thorn_v3\Core\Src\i2c.c_save
2025-06-09 16:54:20,281 [INFO] CodeEngine:287 - Generated code: C:\Users\marcv\Desktop\X1-Thorn\1_Code\3_STM32\0_workspace\X1_Thorn_v3\Core\Src\i2c.c
2025-06-09 16:54:20,290 [INFO] CodeEngine:263 - oldGeneratedFile, C:\Users\marcv\Desktop\X1-Thorn\1_Code\3_STM32\0_workspace\X1_Thorn_v3\Core\Inc\i2c.h_save
2025-06-09 16:54:20,365 [INFO] CodeEngine:287 - Generated code: C:\Users\marcv\Desktop\X1-Thorn\1_Code\3_STM32\0_workspace\X1_Thorn_v3\Core\Inc\i2c.h
2025-06-09 16:54:20,387 [INFO] CodeEngine:263 - oldGeneratedFile, C:\Users\marcv\Desktop\X1-Thorn\1_Code\3_STM32\0_workspace\X1_Thorn_v3\Core\Src\memorymap.c_save
2025-06-09 16:54:20,462 [INFO] CodeEngine:287 - Generated code: C:\Users\marcv\Desktop\X1-Thorn\1_Code\3_STM32\0_workspace\X1_Thorn_v3\Core\Src\memorymap.c
2025-06-09 16:54:20,469 [INFO] CodeEngine:263 - oldGeneratedFile, C:\Users\marcv\Desktop\X1-Thorn\1_Code\3_STM32\0_workspace\X1_Thorn_v3\Core\Inc\memorymap.h_save
2025-06-09 16:54:20,531 [INFO] CodeEngine:287 - Generated code: C:\Users\marcv\Desktop\X1-Thorn\1_Code\3_STM32\0_workspace\X1_Thorn_v3\Core\Inc\memorymap.h
2025-06-09 16:54:20,559 [INFO] CodeEngine:263 - oldGeneratedFile, C:\Users\marcv\Desktop\X1-Thorn\1_Code\3_STM32\0_workspace\X1_Thorn_v3\Core\Src\spi.c_save
2025-06-09 16:54:20,651 [INFO] CodeEngine:287 - Generated code: C:\Users\marcv\Desktop\X1-Thorn\1_Code\3_STM32\0_workspace\X1_Thorn_v3\Core\Src\spi.c
2025-06-09 16:54:20,658 [INFO] CodeEngine:263 - oldGeneratedFile, C:\Users\marcv\Desktop\X1-Thorn\1_Code\3_STM32\0_workspace\X1_Thorn_v3\Core\Inc\spi.h_save
2025-06-09 16:54:20,721 [INFO] CodeEngine:287 - Generated code: C:\Users\marcv\Desktop\X1-Thorn\1_Code\3_STM32\0_workspace\X1_Thorn_v3\Core\Inc\spi.h
2025-06-09 16:54:20,750 [INFO] CodeEngine:263 - oldGeneratedFile, C:\Users\marcv\Desktop\X1-Thorn\1_Code\3_STM32\0_workspace\X1_Thorn_v3\Core\Src\tim.c_save
2025-06-09 16:54:20,900 [INFO] CodeEngine:287 - Generated code: C:\Users\marcv\Desktop\X1-Thorn\1_Code\3_STM32\0_workspace\X1_Thorn_v3\Core\Src\tim.c
2025-06-09 16:54:20,915 [INFO] CodeEngine:263 - oldGeneratedFile, C:\Users\marcv\Desktop\X1-Thorn\1_Code\3_STM32\0_workspace\X1_Thorn_v3\Core\Inc\tim.h_save
2025-06-09 16:54:20,993 [INFO] CodeEngine:287 - Generated code: C:\Users\marcv\Desktop\X1-Thorn\1_Code\3_STM32\0_workspace\X1_Thorn_v3\Core\Inc\tim.h
2025-06-09 16:54:21,020 [INFO] CodeEngine:263 - oldGeneratedFile, C:\Users\marcv\Desktop\X1-Thorn\1_Code\3_STM32\0_workspace\X1_Thorn_v3\Core\Src\usart.c_save
2025-06-09 16:54:21,101 [INFO] CodeEngine:287 - Generated code: C:\Users\marcv\Desktop\X1-Thorn\1_Code\3_STM32\0_workspace\X1_Thorn_v3\Core\Src\usart.c
2025-06-09 16:54:21,109 [INFO] CodeEngine:263 - oldGeneratedFile, C:\Users\marcv\Desktop\X1-Thorn\1_Code\3_STM32\0_workspace\X1_Thorn_v3\Core\Inc\usart.h_save
2025-06-09 16:54:21,166 [INFO] CodeEngine:287 - Generated code: C:\Users\marcv\Desktop\X1-Thorn\1_Code\3_STM32\0_workspace\X1_Thorn_v3\Core\Inc\usart.h
2025-06-09 16:54:21,207 [INFO] CodeEngine:263 - oldGeneratedFile, C:\Users\marcv\Desktop\X1-Thorn\1_Code\3_STM32\0_workspace\X1_Thorn_v3\Core\Src\stm32h7xx_it.c_save
2025-06-09 16:54:21,378 [INFO] CodeEngine:287 - Generated code: C:\Users\marcv\Desktop\X1-Thorn\1_Code\3_STM32\0_workspace\X1_Thorn_v3\Core\Src\stm32h7xx_it.c
2025-06-09 16:54:21,392 [INFO] CodeEngine:263 - oldGeneratedFile, C:\Users\marcv\Desktop\X1-Thorn\1_Code\3_STM32\0_workspace\X1_Thorn_v3\Core\Inc\stm32h7xx_it.h_save
2025-06-09 16:54:21,449 [INFO] CodeEngine:287 - Generated code: C:\Users\marcv\Desktop\X1-Thorn\1_Code\3_STM32\0_workspace\X1_Thorn_v3\Core\Inc\stm32h7xx_it.h
2025-06-09 16:54:21,569 [INFO] CodeEngine:263 - oldGeneratedFile, C:\Users\marcv\Desktop\X1-Thorn\1_Code\3_STM32\0_workspace\X1_Thorn_v3\Core\Src\stm32h7xx_hal_msp.c_save
2025-06-09 16:54:21,676 [INFO] CodeEngine:287 - Generated code: C:\Users\marcv\Desktop\X1-Thorn\1_Code\3_STM32\0_workspace\X1_Thorn_v3\Core\Src\stm32h7xx_hal_msp.c
2025-06-09 16:54:21,683 [INFO] CodeEngine:263 - oldGeneratedFile, C:\Users\marcv\Desktop\X1-Thorn\1_Code\3_STM32\0_workspace\X1_Thorn_v3\MXTmpFiles\system.tmp_save
2025-06-09 16:54:21,739 [INFO] CodeEngine:287 - Generated code: C:\Users\marcv\Desktop\X1-Thorn\1_Code\3_STM32\0_workspace\X1_Thorn_v3\MXTmpFiles\system.tmp
2025-06-09 16:54:21,758 [INFO] CodeEngine:263 - oldGeneratedFile, C:\Users\marcv\Desktop\X1-Thorn\1_Code\3_STM32\0_workspace\X1_Thorn_v3\Core\Src\stm32h7xx_hal_timebase_tim.c_save
2025-06-09 16:54:21,854 [INFO] CodeEngine:287 - Generated code: C:\Users\marcv\Desktop\X1-Thorn\1_Code\3_STM32\0_workspace\X1_Thorn_v3\Core\Src\stm32h7xx_hal_timebase_tim.c
2025-06-09 16:54:21,888 [INFO] CodeEngine:319 - oldGeneratedFile, C:\Users\marcv\Desktop\X1-Thorn\1_Code\3_STM32\0_workspace\X1_Thorn_v3\Core\Inc\stm32h7xx_hal_conf.h_save
2025-06-09 16:54:22,005 [INFO] CodeEngine:343 - Generated code: C:\Users\marcv\Desktop\X1-Thorn\1_Code\3_STM32\0_workspace\X1_Thorn_v3\Core\Inc\stm32h7xx_hal_conf.h
2025-06-09 16:54:22,080 [ERROR] ApiDbMcu:464 - Can't load MEMORYMAP-STM32xx root dir null
2025-06-09 16:54:22,080 [ERROR] ApiDbMcu:536 - Cannot parse MEMORYMAP_Config file : file do not exist
2025-06-09 16:54:22,115 [INFO] CodeEngine:263 - oldGeneratedFile, C:\Users\marcv\Desktop\X1-Thorn\1_Code\3_STM32\0_workspace\X1_Thorn_v3\Core\Inc\main.h_save
2025-06-09 16:54:22,222 [INFO] CodeEngine:287 - Generated code: C:\Users\marcv\Desktop\X1-Thorn\1_Code\3_STM32\0_workspace\X1_Thorn_v3\Core\Inc\main.h
2025-06-09 16:54:22,239 [INFO] CodeEngine:263 - oldGeneratedFile, C:\Users\marcv\Desktop\X1-Thorn\1_Code\3_STM32\0_workspace\X1_Thorn_v3\Core\Src\main.c_save
2025-06-09 16:54:22,336 [INFO] CodeEngine:287 - Generated code: C:\Users\marcv\Desktop\X1-Thorn\1_Code\3_STM32\0_workspace\X1_Thorn_v3\Core\Src\main.c
2025-06-09 16:54:22,914 [INFO] ProjectBuilder:3324 - Time for Copy HAL[1] : 377mS.
2025-06-09 16:54:22,921 [INFO] ProjectBuilder:4912 - Project Generator version: 4.6.0-B36
2025-06-09 16:54:23,010 [INFO] ConfigFileManager:1590 - The Die is : DIE450
2025-06-09 16:54:24,840 [INFO] ProjectBuilder:5191 - Time for Generating toolchain IDE Files: 1918mS.
2025-06-09 16:54:24,843 [INFO] ProjectBuilder:3181 - Time for Copy CMSIS : 3mS.
2025-06-09 16:54:24,871 [INFO] ProjectBuilder:3181 - Time for Copy CMSIS : 0mS.
