2025-06-26 08:27:58,235 [INFO] Activator:176 - 


2025-06-26 08:27:58,241 [INFO] Activator:177 - !SESSION log4j initialized
2025-06-26 08:28:05,414 [INFO] LogOutputStream:77 - [STDOUT_REDIRECT] 
2025-06-26 08:28:13,589 [INFO] ApplicationProperties:184 - Using Application install path: C:\ST\STM32CubeIDE_1.18.0\STM32CubeIDE\plugins\com.st.stm32cube.common.mx_6.14.0.202502271554
2025-06-26 08:28:13,612 [INFO] DbMcusXml:78 - Set database path to: C:\ST\STM32CubeIDE_1.18.0\STM32CubeIDE\plugins\com.st.stm32cube.common.mx_6.14.0.202502271554\\db\/mcu/
2025-06-26 08:28:13,613 [INFO] ApiDb:274 - Set plugin database path to: C:\ST\STM32CubeIDE_1.18.0\STM32CubeIDE\plugins\com.st.stm32cube.common.mx_6.14.0.202502271554\\db\/plugins/boardmanager/
2025-06-26 08:28:13,614 [WARN] ApiDb:259 - Overriding images path with different value:  => C:\ST\STM32CubeIDE_1.18.0\STM32CubeIDE\plugins\com.st.stm32cube.common.mx_6.14.0.202502271554\\db\/plugins/mcufinder/images/
2025-06-26 08:28:13,624 [INFO] ApiDb:250 - Set database path to: C:\Users\marcv\.stmcufinder\plugins\mcufinder//mcu/
2025-06-26 08:28:13,625 [INFO] DbMcusAds:125 - Set database path to: C:\Users\marcv\.stmcufinder\plugins\mcufinder//mcu/
2025-06-26 08:28:13,629 [INFO] CrossReferenceDbSqlite:203 - Set database path to: C:\Users\marcv\.stmcufinder\plugins\mcufinder//mcu/cs/
2025-06-26 08:28:13,752 [INFO] RulesReader:64 - Compatibility file has been processed (301 Rules)
2025-06-26 08:28:13,840 [INFO] DbMcusXml:78 - Set database path to: C:\ST\STM32CubeIDE_1.18.0\STM32CubeIDE\plugins\com.st.stm32cube.common.mx_6.14.0.202502271554\\db\/mcu/
2025-06-26 08:28:13,840 [INFO] ApiDb:274 - Set plugin database path to: C:\ST\STM32CubeIDE_1.18.0\STM32CubeIDE\plugins\com.st.stm32cube.common.mx_6.14.0.202502271554\\db\/plugins/boardmanager/
2025-06-26 08:28:13,840 [INFO] ApiDb:261 - Set plugin images path to: C:\ST\STM32CubeIDE_1.18.0\STM32CubeIDE\plugins\com.st.stm32cube.common.mx_6.14.0.202502271554\\db\/plugins/mcufinder/images/
2025-06-26 08:28:13,840 [WARN] DbFile:41 - Overriding database path with different value: C:\Users\marcv\.stmcufinder\plugins\mcufinder/ => C:\Users\marcv\.stmcufinder\plugins\mcufinder
2025-06-26 08:28:13,841 [INFO] ApiDb:250 - Set database path to: C:\Users\marcv\.stmcufinder\plugins\mcufinder//mcu/
2025-06-26 08:28:13,841 [WARN] DbFile:41 - Overriding database path with different value: C:\Users\marcv\.stmcufinder\plugins\mcufinder/ => C:\Users\marcv\.stmcufinder\plugins\mcufinder
2025-06-26 08:28:13,841 [INFO] DbMcusAds:125 - Set database path to: C:\Users\marcv\.stmcufinder\plugins\mcufinder//mcu/
2025-06-26 08:28:13,841 [WARN] DbFile:41 - Overriding database path with different value: C:\Users\marcv\.stmcufinder\plugins\mcufinder/ => C:\Users\marcv\.stmcufinder\plugins\mcufinder
2025-06-26 08:28:13,841 [WARN] DbFile:41 - Overriding database path with different value: C:\Users\marcv\.stmcufinder\plugins\mcufinder/ => C:\Users\marcv\.stmcufinder\plugins\mcufinder
2025-06-26 08:28:13,841 [INFO] CrossReferenceDbSqlite:203 - Set database path to: C:\Users\marcv\.stmcufinder\plugins\mcufinder//mcu/cs/
2025-06-26 08:28:13,922 [INFO] MainPanel:272 - HeapMemory: 268435456
2025-06-26 08:28:14,059 [INFO] DbMcusXml:78 - Set database path to: C:\ST\STM32CubeIDE_1.18.0\STM32CubeIDE\plugins\com.st.stm32cube.common.mx_6.14.0.202502271554\\db\/mcu/
2025-06-26 08:28:14,059 [INFO] ApiDb:274 - Set plugin database path to: C:\ST\STM32CubeIDE_1.18.0\STM32CubeIDE\plugins\com.st.stm32cube.common.mx_6.14.0.202502271554\\db\/plugins/boardmanager/
2025-06-26 08:28:14,059 [INFO] ApiDb:261 - Set plugin images path to: C:\ST\STM32CubeIDE_1.18.0\STM32CubeIDE\plugins\com.st.stm32cube.common.mx_6.14.0.202502271554\\db\/plugins/mcufinder/images/
2025-06-26 08:28:14,059 [WARN] DbFile:41 - Overriding database path with different value: C:\Users\marcv\.stmcufinder\plugins\mcufinder/ => C:\Users\marcv\.stmcufinder\plugins\mcufinder
2025-06-26 08:28:14,060 [INFO] ApiDb:250 - Set database path to: C:\Users\marcv\.stmcufinder\plugins\mcufinder//mcu/
2025-06-26 08:28:14,060 [WARN] DbFile:41 - Overriding database path with different value: C:\Users\marcv\.stmcufinder\plugins\mcufinder/ => C:\Users\marcv\.stmcufinder\plugins\mcufinder
2025-06-26 08:28:14,060 [INFO] DbMcusAds:125 - Set database path to: C:\Users\marcv\.stmcufinder\plugins\mcufinder//mcu/
2025-06-26 08:28:14,060 [WARN] DbFile:41 - Overriding database path with different value: C:\Users\marcv\.stmcufinder\plugins\mcufinder/ => C:\Users\marcv\.stmcufinder\plugins\mcufinder
2025-06-26 08:28:14,060 [WARN] DbFile:41 - Overriding database path with different value: C:\Users\marcv\.stmcufinder\plugins\mcufinder/ => C:\Users\marcv\.stmcufinder\plugins\mcufinder
2025-06-26 08:28:14,060 [INFO] CrossReferenceDbSqlite:203 - Set database path to: C:\Users\marcv\.stmcufinder\plugins\mcufinder//mcu/cs/
2025-06-26 08:28:14,079 [INFO] ApplicationProperties:184 - Using Application install path: C:\ST\STM32CubeIDE_1.18.0\STM32CubeIDE\plugins\com.st.stm32cube.common.mx_6.14.0.202502271554
2025-06-26 08:28:14,081 [INFO] PluginManage:196 - Search for loadable plugins [exclusion list=, ]
2025-06-26 08:28:14,082 [INFO] PluginManage:310 - Check plugin analytics
2025-06-26 08:28:18,781 [INFO] AnalyticsPlugin:253 - Accepted Software Licenses: 
2025-06-26 08:28:18,781 [INFO] AnalyticsPlugin:255 - Accepted CMSIS Pack Licenses: 
2025-06-26 08:28:18,781 [INFO] AnalyticsPlugin:257 - Accepted Firmware Licenses: FW.H7.1.12.0
2025-06-26 08:28:18,784 [INFO] PluginManage:359 - Loaded plugin analytics (category:tool,tabindex:-1)
2025-06-26 08:28:18,784 [INFO] PluginManage:310 - Check plugin cadmodel
2025-06-26 08:28:18,805 [INFO] CADModel:105 - Init CAD model plugin
2025-06-26 08:28:18,805 [INFO] PluginManage:359 - Loaded plugin cadmodel (category:power,tabindex:5)
2025-06-26 08:28:18,805 [INFO] PluginManage:310 - Check plugin clock
2025-06-26 08:28:18,828 [INFO] PluginManage:359 - Loaded plugin clock (category:base,tabindex:2)
2025-06-26 08:28:18,828 [INFO] PluginManage:310 - Check plugin ddr
2025-06-26 08:28:18,831 [INFO] PluginManage:359 - Loaded plugin ddr (category:tool,tabindex:6)
2025-06-26 08:28:18,831 [INFO] PluginManage:310 - Check plugin filemanager
2025-06-26 08:28:18,984 [INFO] PluginManage:359 - Loaded plugin filemanager (category:base,tabindex:10)
2025-06-26 08:28:18,984 [INFO] PluginManage:310 - Check plugin ipmanager
2025-06-26 08:28:18,991 [INFO] PluginManage:359 - Loaded plugin ipmanager (category:base,tabindex:5)
2025-06-26 08:28:18,991 [INFO] PluginManage:310 - Check plugin lpbam
2025-06-26 08:28:19,013 [INFO] PluginManage:359 - Loaded plugin lpbam (category:base,tabindex:0)
2025-06-26 08:28:19,014 [INFO] PluginManage:310 - Check plugin memorymap
2025-06-26 08:28:19,040 [INFO] PluginManage:359 - Loaded plugin memorymap (category:base,tabindex:4)
2025-06-26 08:28:19,040 [INFO] PluginManage:310 - Check plugin pinoutandconfiguration
2025-06-26 08:28:19,061 [INFO] PluginManage:359 - Loaded plugin pinoutandconfiguration (category:base,tabindex:1)
2025-06-26 08:28:19,061 [INFO] PluginManage:310 - Check plugin pinoutconfig
2025-06-26 08:28:19,159 [WARN] SupportedApi:132 - Cannot load RTOS API schema: s4s-elt-must-match.1: The content of 'definitions' must match (annotation?, (simpleType | complexType)?, (unique | key | keyref)*)). A problem was found starting at: attribute.
2025-06-26 08:28:19,295 [INFO] PluginManage:359 - Loaded plugin pinoutconfig (category:base,tabindex:0)
2025-06-26 08:28:19,295 [INFO] PluginManage:310 - Check plugin power
2025-06-26 08:28:19,321 [INFO] PluginManage:359 - Loaded plugin power (category:power,tabindex:4)
2025-06-26 08:28:19,321 [INFO] PluginManage:310 - Check plugin projectmanager
2025-06-26 08:28:19,335 [INFO] PluginManage:359 - Loaded plugin projectmanager (category:projectmanager,tabindex:4)
2025-06-26 08:28:19,335 [INFO] PluginManage:310 - Check plugin rif
2025-06-26 08:28:19,362 [INFO] PluginManage:359 - Loaded plugin rif (category:base,tabindex:3)
2025-06-26 08:28:19,363 [INFO] PluginManage:310 - Check plugin thirdparty
2025-06-26 08:28:19,663 [INFO] PluginManage:359 - Loaded plugin thirdparty (category:base,tabindex:-1)
2025-06-26 08:28:19,664 [INFO] PluginManage:310 - Check plugin tools
2025-06-26 08:28:19,663 [WARN] IntegrityCheckThread:84 - waiting for thirdparty lock release [integrity check]
2025-06-26 08:28:19,664 [INFO] IntegrityCheckThread:86 - entering critical section [integrity check]
2025-06-26 08:28:19,664 [INFO] ThirdPartyUpdaterWithRetryManager:70 - Updater plugin not ready yet. [1/15]
2025-06-26 08:28:19,710 [INFO] PluginManage:359 - Loaded plugin tools (category:base,tabindex:7)
2025-06-26 08:28:19,710 [INFO] PluginManage:310 - Check plugin tutovideos
2025-06-26 08:28:19,919 [INFO] PluginManage:359 - Loaded plugin tutovideos (category:base,tabindex:-1)
2025-06-26 08:28:19,919 [INFO] PluginManage:310 - Check plugin updater
2025-06-26 08:28:19,939 [INFO] PluginManage:359 - Loaded plugin updater (category:base,tabindex:12)
2025-06-26 08:28:19,939 [INFO] PluginManage:310 - Check plugin userauth
2025-06-26 08:28:19,944 [INFO] UserAuth:118 - Init User Auth plugin
2025-06-26 08:28:19,944 [INFO] PluginManage:359 - Loaded plugin userauth (category:base,tabindex:14)
2025-06-26 08:28:19,945 [INFO] PluginManage:283 - PluginManage : Loaded plugins [18]
2025-06-26 08:28:20,156 [INFO] PinOutPanel:1589 - setPackage(No Configuration,No Configuration)
2025-06-26 08:28:20,259 [INFO] CADModel:165 - CPN selected for project level
2025-06-26 08:28:20,259 [INFO] CADModel:114 - Register for checkConnection events
2025-06-26 08:28:20,291 [INFO] IPUIPlugin:80 - create IPUIPlugin
2025-06-26 08:28:20,291 [INFO] PluginManager:220 - loadIPPluginJar : add adc
2025-06-26 08:28:20,341 [INFO] IPUIPlugin:80 - create IPUIPlugin
2025-06-26 08:28:20,341 [INFO] PluginManager:220 - loadIPPluginJar : add aes
2025-06-26 08:28:20,397 [INFO] IPUIPlugin:80 - create IPUIPlugin
2025-06-26 08:28:20,397 [INFO] PluginManager:220 - loadIPPluginJar : add can
2025-06-26 08:28:20,433 [INFO] IPUIPlugin:80 - create IPUIPlugin
2025-06-26 08:28:20,433 [INFO] PluginManager:220 - loadIPPluginJar : add comp
2025-06-26 08:28:20,477 [INFO] IPUIPlugin:80 - create IPUIPlugin
2025-06-26 08:28:20,477 [INFO] PluginManager:220 - loadIPPluginJar : add cryp
2025-06-26 08:28:20,620 [INFO] IPUIPlugin:80 - create IPUIPlugin
2025-06-26 08:28:20,620 [INFO] PluginManager:220 - loadIPPluginJar : add ddr_ctrl_phy
2025-06-26 08:28:20,657 [INFO] IPUIPlugin:80 - create IPUIPlugin
2025-06-26 08:28:20,657 [INFO] PluginManager:220 - loadIPPluginJar : add dfsdm
2025-06-26 08:28:20,674 [INFO] IPUIPlugin:80 - create IPUIPlugin
2025-06-26 08:28:20,674 [INFO] PluginManager:220 - loadIPPluginJar : add dma
2025-06-26 08:28:20,727 [INFO] IPUIPlugin:80 - create IPUIPlugin
2025-06-26 08:28:20,727 [INFO] PluginManager:220 - loadIPPluginJar : add dma3
2025-06-26 08:28:20,786 [INFO] IPUIPlugin:80 - create IPUIPlugin
2025-06-26 08:28:20,786 [INFO] PluginManager:220 - loadIPPluginJar : add extmemmanager
2025-06-26 08:28:20,789 [INFO] IPUIPlugin:80 - create IPUIPlugin
2025-06-26 08:28:20,789 [INFO] PluginManager:220 - loadIPPluginJar : add fatfs
2025-06-26 08:28:20,848 [INFO] IPUIPlugin:80 - create IPUIPlugin
2025-06-26 08:28:20,848 [INFO] PluginManager:220 - loadIPPluginJar : add fmc
2025-06-26 08:28:20,867 [INFO] IPUIPlugin:80 - create IPUIPlugin
2025-06-26 08:28:20,867 [INFO] PluginManager:220 - loadIPPluginJar : add freertos
2025-06-26 08:28:20,869 [INFO] IPUIPlugin:80 - create IPUIPlugin
2025-06-26 08:28:20,869 [INFO] PluginManager:220 - loadIPPluginJar : add genericplugin
2025-06-26 08:28:20,995 [INFO] IPUIPlugin:80 - create IPUIPlugin
2025-06-26 08:28:20,995 [INFO] PluginManager:220 - loadIPPluginJar : add gfxmmu
2025-06-26 08:28:21,168 [INFO] IPUIPlugin:80 - create IPUIPlugin
2025-06-26 08:28:21,168 [INFO] PluginManager:220 - loadIPPluginJar : add gic
2025-06-26 08:28:21,184 [INFO] IPUIPlugin:80 - create IPUIPlugin
2025-06-26 08:28:21,184 [INFO] PluginManager:220 - loadIPPluginJar : add gpio
2025-06-26 08:28:21,307 [INFO] IPUIPlugin:80 - create IPUIPlugin
2025-06-26 08:28:21,307 [INFO] PluginManager:220 - loadIPPluginJar : add gtzc
2025-06-26 08:28:21,348 [INFO] IPUIPlugin:80 - create IPUIPlugin
2025-06-26 08:28:21,348 [INFO] PluginManager:220 - loadIPPluginJar : add hash
2025-06-26 08:28:21,416 [INFO] IPUIPlugin:80 - create IPUIPlugin
2025-06-26 08:28:21,416 [INFO] PluginManager:220 - loadIPPluginJar : add i2c
2025-06-26 08:28:21,471 [INFO] IPUIPlugin:80 - create IPUIPlugin
2025-06-26 08:28:21,471 [INFO] PluginManager:220 - loadIPPluginJar : add i2s
2025-06-26 08:28:21,525 [INFO] IPUIPlugin:80 - create IPUIPlugin
2025-06-26 08:28:21,525 [INFO] PluginManager:220 - loadIPPluginJar : add i3c
2025-06-26 08:28:21,655 [INFO] IPUIPlugin:80 - create IPUIPlugin
2025-06-26 08:28:21,655 [INFO] PluginManager:220 - loadIPPluginJar : add ipddr
2025-06-26 08:28:21,777 [INFO] IPUIPlugin:80 - create IPUIPlugin
2025-06-26 08:28:21,777 [INFO] PluginManager:220 - loadIPPluginJar : add linkedlist
2025-06-26 08:28:21,823 [INFO] IPUIPlugin:80 - create IPUIPlugin
2025-06-26 08:28:21,823 [INFO] PluginManager:220 - loadIPPluginJar : add lorawan
2025-06-26 08:28:21,870 [INFO] IPUIPlugin:80 - create IPUIPlugin
2025-06-26 08:28:21,870 [INFO] PluginManager:220 - loadIPPluginJar : add ltdc
2025-06-26 08:28:21,889 [INFO] IPUIPlugin:80 - create IPUIPlugin
2025-06-26 08:28:21,889 [INFO] PluginManager:220 - loadIPPluginJar : add mdma
2025-06-26 08:28:21,904 [INFO] IPUIPlugin:80 - create IPUIPlugin
2025-06-26 08:28:21,904 [INFO] PluginManager:220 - loadIPPluginJar : add nvic
2025-06-26 08:28:21,955 [INFO] IPUIPlugin:80 - create IPUIPlugin
2025-06-26 08:28:21,955 [INFO] PluginManager:220 - loadIPPluginJar : add opamp
2025-06-26 08:28:22,040 [INFO] IPUIPlugin:80 - create IPUIPlugin
2025-06-26 08:28:22,040 [INFO] PluginManager:220 - loadIPPluginJar : add openamp
2025-06-26 08:28:22,100 [INFO] IPUIPlugin:80 - create IPUIPlugin
2025-06-26 08:28:22,100 [INFO] PluginManager:220 - loadIPPluginJar : add pdm2pcm
2025-06-26 08:28:22,117 [INFO] IPUIPlugin:80 - create IPUIPlugin
2025-06-26 08:28:22,119 [INFO] PluginManager:220 - loadIPPluginJar : add plateformsettings
2025-06-26 08:28:22,148 [INFO] IPUIPlugin:80 - create IPUIPlugin
2025-06-26 08:28:22,148 [INFO] PluginManager:220 - loadIPPluginJar : add quadspi
2025-06-26 08:28:22,186 [INFO] IPUIPlugin:80 - create IPUIPlugin
2025-06-26 08:28:22,186 [INFO] PluginManager:220 - loadIPPluginJar : add radio
2025-06-26 08:28:22,202 [INFO] IPUIPlugin:80 - create IPUIPlugin
2025-06-26 08:28:22,202 [INFO] PluginManager:220 - loadIPPluginJar : add resmgrutility
2025-06-26 08:28:22,264 [INFO] IPUIPlugin:80 - create IPUIPlugin
2025-06-26 08:28:22,264 [INFO] PluginManager:220 - loadIPPluginJar : add sai
2025-06-26 08:28:22,311 [INFO] IPUIPlugin:80 - create IPUIPlugin
2025-06-26 08:28:22,311 [INFO] PluginManager:220 - loadIPPluginJar : add spi
2025-06-26 08:28:22,407 [INFO] IPUIPlugin:80 - create IPUIPlugin
2025-06-26 08:28:22,407 [INFO] PluginManager:220 - loadIPPluginJar : add stm32_wpan
2025-06-26 08:28:22,442 [INFO] IPUIPlugin:80 - create IPUIPlugin
2025-06-26 08:28:22,442 [INFO] PluginManager:220 - loadIPPluginJar : add tim
2025-06-26 08:28:22,524 [INFO] IPUIPlugin:80 - create IPUIPlugin
2025-06-26 08:28:22,524 [INFO] PluginManager:220 - loadIPPluginJar : add touchsensing
2025-06-26 08:28:22,553 [INFO] IPUIPlugin:80 - create IPUIPlugin
2025-06-26 08:28:22,553 [INFO] PluginManager:220 - loadIPPluginJar : add tracer_emb
2025-06-26 08:28:22,590 [INFO] IPUIPlugin:80 - create IPUIPlugin
2025-06-26 08:28:22,590 [INFO] PluginManager:220 - loadIPPluginJar : add ts
2025-06-26 08:28:22,619 [INFO] IPUIPlugin:80 - create IPUIPlugin
2025-06-26 08:28:22,619 [INFO] PluginManager:220 - loadIPPluginJar : add tsc
2025-06-26 08:28:22,648 [INFO] IPUIPlugin:80 - create IPUIPlugin
2025-06-26 08:28:22,648 [INFO] PluginManager:220 - loadIPPluginJar : add ucpd
2025-06-26 08:28:22,666 [INFO] ThirdPartyUpdaterWithRetryManager:70 - Updater plugin not ready yet. [2/15]
2025-06-26 08:28:22,705 [INFO] IPUIPlugin:80 - create IPUIPlugin
2025-06-26 08:28:22,705 [INFO] PluginManager:220 - loadIPPluginJar : add usart
2025-06-26 08:28:22,770 [INFO] IPUIPlugin:80 - create IPUIPlugin
2025-06-26 08:28:22,770 [INFO] PluginManager:220 - loadIPPluginJar : add usbx
2025-06-26 08:28:22,896 [FATAL] Updater:351 - Updater called before beeing initialized
2025-06-26 08:28:22,919 [INFO] RulesReader:64 - Compatibility file has been processed (301 Rules)
2025-06-26 08:28:22,929 [INFO] RulesReader:64 - Compatibility file has been processed (301 Rules)
2025-06-26 08:28:22,935 [INFO] CADModel:165 - CPN selected for project level
2025-06-26 08:28:22,935 [INFO] CADModel:114 - Register for checkConnection events
2025-06-26 08:28:22,935 [FATAL] Updater:351 - Updater called before beeing initialized
2025-06-26 08:28:22,935 [ERROR] CADModel:125 - Updater not yet initialized, retry later 
2025-06-26 08:28:23,094 [FATAL] Updater:351 - Updater called before beeing initialized
2025-06-26 08:28:23,097 [INFO] CADModel:165 - CPN selected for project level
2025-06-26 08:28:23,097 [INFO] CADModel:114 - Register for checkConnection events
2025-06-26 08:28:23,097 [FATAL] Updater:351 - Updater called before beeing initialized
2025-06-26 08:28:23,097 [ERROR] CADModel:125 - Updater not yet initialized, retry later 
2025-06-26 08:28:23,100 [FATAL] Updater:351 - Updater called before beeing initialized
2025-06-26 08:28:23,239 [FATAL] Updater:351 - Updater called before beeing initialized
2025-06-26 08:28:23,251 [INFO] DbMcusAds:53 - JSON generation date=Thu Jun 19 10:32:34 CEST 2025 (1750321954415)
2025-06-26 08:28:23,251 [FATAL] Updater:351 - Updater called before beeing initialized
2025-06-26 08:28:23,295 [WARN] DetailPanel:346 - Failed to get advertising image, set to default
2025-06-26 08:28:23,546 [FATAL] Updater:351 - Updater called before beeing initialized
2025-06-26 08:28:23,548 [FATAL] Updater:351 - Updater called before beeing initialized
2025-06-26 08:28:23,548 [FATAL] Updater:351 - Updater called before beeing initialized
2025-06-26 08:28:23,548 [WARN] DetailPanel:346 - Failed to get advertising image, set to default
2025-06-26 08:28:23,548 [FATAL] Updater:351 - Updater called before beeing initialized
2025-06-26 08:28:23,606 [ERROR] Updater:1198 - MainUpdater not yet initialized. External WinMGr cannot be set.
2025-06-26 08:28:23,616 [INFO] Updater:1134 - Updater Version found : 6.14.0
2025-06-26 08:28:23,636 [INFO] ApplicationProperties:184 - Using Application install path: C:\ST\STM32CubeIDE_1.18.0\STM32CubeIDE\plugins\com.st.stm32cube.common.mx_6.14.0.202502271554
2025-06-26 08:28:25,214 [ERROR] LogOutputStream:75 - [STDERR_REDIRECT] Jun 26, 2025 8:28:25 AM java.util.prefs.WindowsPreferences <init>
2025-06-26 08:28:25,215 [ERROR] LogOutputStream:75 - [STDERR_REDIRECT] WARNING: Could not open/create prefs root node Software\JavaSoft\Prefs at root 0xffffffff80000002. Windows RegCreateKeyEx(...) returned error code 5.
2025-06-26 08:28:25,215 [ERROR] LogOutputStream:75 - [STDERR_REDIRECT] 
2025-06-26 08:28:25,504 [INFO] MainUpdater:2872 - connection check result : 10
2025-06-26 08:28:25,504 [INFO] MainUpdater:289 - Updater Check For Update Now.
2025-06-26 08:28:25,505 [INFO] MicroXplorer:498 - Change Database Version : DB.6.0.140
2025-06-26 08:28:25,522 [INFO] McuFinderGlobals:63 - Set McuFinder mode to 2 (CubeIDE integrated)
2025-06-26 08:28:25,524 [INFO] UserAuth:486 - Internet connection configuration mode: 1
2025-06-26 08:28:25,565 [INFO] JxBrowserEngine:152 - Initiate JxBrowser Engine with user profile folder
2025-06-26 08:28:25,667 [WARN] MainUpdater:1193 - Updater busy. Cannot search thirdparties
2025-06-26 08:28:25,667 [INFO] ThirdPartyUpdaterWithRetryManager:96 - Updater plugin is busy. [1/15]
2025-06-26 08:28:25,735 [INFO] CheckServerUpdateThread:120 - End of CheckServer Thread
2025-06-26 08:28:27,349 [INFO] WebApp:169 - Instantiating new browser for Auth
2025-06-26 08:28:28,335 [INFO] WebApp:463 - Apply proxy settings
2025-06-26 08:28:28,335 [INFO] WebApp:548 - Chromium requires no authentication
2025-06-26 08:28:28,355 [INFO] WebApp:491 - Direct internet connection detected
2025-06-26 08:28:28,413 [INFO] WebApp:894 - Register for checkConnection events
2025-06-26 08:28:28,413 [INFO] WebApp:463 - Apply proxy settings
2025-06-26 08:28:28,414 [INFO] WebApp:548 - Chromium requires no authentication
2025-06-26 08:28:28,414 [INFO] WebApp:491 - Direct internet connection detected
2025-06-26 08:28:28,645 [INFO] WebApp:191 - Connection restablished
2025-06-26 08:28:28,757 [INFO] WebApp:225 - Starting web application
2025-06-26 08:28:28,757 [INFO] WebApp:593 - Web application path used C:\ST\STM32CubeIDE_1.18.0\STM32CubeIDE\plugins\com.st.stm32cube.common.mx_6.14.0.202502271554\db\plugins\mcufinder\reactClient1\index.html
2025-06-26 08:28:28,969 [INFO] UserAuth:486 - Internet connection configuration mode: 1
2025-06-26 08:28:29,056 [WARN] PackLoader:240 - Cannot read IP mode file for STMicroelectronics.FP-SNS-MOTENVWB1.1.4.0
2025-06-26 08:28:29,065 [WARN] PackLoader:240 - Cannot read IP mode file for STMicroelectronics.FP-ATR-ASTRA1.2.0.2
2025-06-26 08:28:29,089 [WARN] PackLoader:240 - Cannot read IP mode file for STMicroelectronics.X-CUBE-SMBUS.2.1.0
2025-06-26 08:28:29,108 [WARN] PackLoader:240 - Cannot read IP mode file for STMicroelectronics.X-CUBE-WB05N.1.1.0
2025-06-26 08:28:29,126 [WARN] PackLoader:240 - Cannot read IP mode file for STMicroelectronics.X-CUBE-ST60.1.0.0
2025-06-26 08:28:29,183 [WARN] PackLoader:240 - Cannot read IP mode file for STMicroelectronics.X-CUBE-AZRTOS-F7.1.1.0
2025-06-26 08:28:29,207 [WARN] PackLoader:240 - Cannot read IP mode file for STMicroelectronics.FP-SNS-FLIGHT1.5.0.2
2025-06-26 08:28:29,252 [WARN] PackLoader:240 - Cannot read IP mode file for Infineon.AIROC-Wi-Fi-Bluetooth-STM32.1.7.0
2025-06-26 08:28:29,284 [WARN] PackLoader:240 - Cannot read IP mode file for STMicroelectronics.X-CUBE-DISPLAY.3.0.0
2025-06-26 08:28:29,311 [WARN] PackLoader:240 - Cannot read IP mode file for STMicroelectronics.X-CUBE-NFC10.1.0.0
2025-06-26 08:28:29,338 [WARN] PackLoader:240 - Cannot read IP mode file for STMicroelectronics.X-CUBE-BLEMGR.4.0.0
2025-06-26 08:28:29,361 [WARN] PackLoader:240 - Cannot read IP mode file for emotas.I-CUBE-CANOPEN.1.3.0
2025-06-26 08:28:29,375 [WARN] ConditionMgr:438 - getConditionDescription Invalid condition id : Cortex-A Device cause : null
2025-06-26 08:28:29,398 [WARN] ConditionMgr:1044 - genDependencies : Invalid condition id : Cortex-A Device cause : null
2025-06-26 08:28:29,398 [WARN] ConditionMgr:1044 - genDependencies : Invalid condition id : Cortex-A Device cause : null
2025-06-26 08:28:29,398 [WARN] ConditionMgr:1044 - genDependencies : Invalid condition id : Cortex-A Device cause : null
2025-06-26 08:28:29,414 [WARN] PackLoader:240 - Cannot read IP mode file for STMicroelectronics.X-CUBE-AI.10.0.0
2025-06-26 08:28:29,430 [WARN] PackLoader:240 - Cannot read IP mode file for STMicroelectronics.FP-SNS-SMARTAG2.1.2.0
2025-06-26 08:28:29,434 [WARN] PackLoader:240 - Cannot read IP mode file for STMicroelectronics.FP-SNS-FLIGHT1.5.1.0
2025-06-26 08:28:29,527 [WARN] PackLoader:240 - Cannot read IP mode file for STMicroelectronics.X-CUBE-MEMS1.11.1.0
2025-06-26 08:28:29,753 [INFO] LogOutputStream:77 - [STDOUT_REDIRECT] 1 : Invalid condition id : UX_CORESTACK_Condition cause : null
2025-06-26 08:28:29,754 [INFO] LogOutputStream:77 - [STDOUT_REDIRECT] 1 : Invalid condition id : UX_CORESTACK_Condition cause : null
2025-06-26 08:28:29,755 [INFO] LogOutputStream:77 - [STDOUT_REDIRECT] 1 : Invalid condition id : UX_CORESTACK_Condition cause : null
2025-06-26 08:28:29,757 [INFO] LogOutputStream:77 - [STDOUT_REDIRECT] 1 : Invalid condition id : UX_CORESTACK_Condition cause : null
2025-06-26 08:28:29,758 [INFO] LogOutputStream:77 - [STDOUT_REDIRECT] 1 : Invalid condition id : UX_CORESTACK_Condition cause : null
2025-06-26 08:28:29,763 [WARN] PackLoader:240 - Cannot read IP mode file for STMicroelectronics.X-CUBE-AZRTOS-WL.2.0.0
2025-06-26 08:28:29,779 [WARN] PackLoader:240 - Cannot read IP mode file for STMicroelectronics.FP-SNS-MOTENV1.5.0.0
2025-06-26 08:28:29,799 [WARN] PackLoader:240 - Cannot read IP mode file for WES.I-CUBE-Cesium.1.3.0
2025-06-26 08:28:29,814 [WARN] PackLoader:240 - Cannot read IP mode file for STMicroelectronics.X-CUBE-BLE2.3.3.0
2025-06-26 08:28:29,830 [WARN] PackLoader:240 - Cannot read IP mode file for STMicroelectronics.X-CUBE-NFC9.1.0.0
2025-06-26 08:28:29,851 [WARN] PackLoader:240 - Cannot read IP mode file for STMicroelectronics.X-CUBE-BLE1.7.1.0
2025-06-26 08:28:29,865 [WARN] PackLoader:240 - Cannot read IP mode file for wolfSSL.I-CUBE-wolfMQTT.1.19.2
2025-06-26 08:28:29,878 [WARN] PackLoader:240 - Cannot read IP mode file for STMicroelectronics.X-CUBE-AI.10.1.0
2025-06-26 08:28:29,935 [WARN] PackLoader:240 - Cannot read IP mode file for STMicroelectronics.X-CUBE-MEMS1.11.2.0
2025-06-26 08:28:30,050 [WARN] PackLoader:240 - Cannot read IP mode file for STMicroelectronics.X-CUBE-AZRTOS-G0.1.1.0
2025-06-26 08:28:30,069 [WARN] PackLoader:240 - Cannot read IP mode file for STMicroelectronics.X-CUBE-SAFEA1.1.2.2
2025-06-26 08:28:30,087 [WARN] PackLoader:240 - Cannot read IP mode file for STMicroelectronics.X-CUBE-NFC4.3.0.0
2025-06-26 08:28:30,106 [WARN] PackLoader:240 - Cannot read IP mode file for EmbeddedOffice.I-CUBE-FS-RTOS.1.0.1
2025-06-26 08:28:30,121 [WARN] PackLoader:240 - Cannot read IP mode file for STMicroelectronics.X-CUBE-WB05N.2.0.0
2025-06-26 08:28:30,137 [WARN] PackLoader:240 - Cannot read IP mode file for wolfSSL.I-CUBE-wolfTPM.3.8.0
2025-06-26 08:28:30,153 [WARN] PackLoader:240 - Cannot read IP mode file for STMicroelectronics.X-CUBE-TCPP.4.2.0
2025-06-26 08:28:30,168 [WARN] PackLoader:240 - Cannot read IP mode file for RealThread.X-CUBE-RT-Thread_Nano.4.1.1
2025-06-26 08:28:30,183 [WARN] PackLoader:240 - Cannot read IP mode file for STMicroelectronics.FP-ATR-SIGFOX1.3.2.0
2025-06-26 08:28:30,201 [WARN] PackLoader:240 - Cannot read IP mode file for STMicroelectronics.X-CUBE-EEPRMA1.5.1.0
2025-06-26 08:28:30,221 [WARN] PackLoader:240 - Cannot read IP mode file for wolfSSL.I-CUBE-wolfSSL.5.7.6
2025-06-26 08:28:30,240 [WARN] PackLoader:240 - Cannot read IP mode file for ITTIA_DB.I-CUBE-ITTIADB.8.9.0
2025-06-26 08:28:30,257 [WARN] PackLoader:240 - Cannot read IP mode file for STMicroelectronics.X-CUBE-ST67W61.1.0.0
2025-06-26 08:28:30,291 [WARN] PackLoader:240 - Cannot read IP mode file for SEGGER.I-CUBE-embOS.1.3.1
2025-06-26 08:28:30,334 [WARN] PackLoader:240 - Cannot read IP mode file for STMicroelectronics.X-CUBE-ALGOBUILD.1.4.0
2025-06-26 08:28:30,387 [WARN] PackLoader:240 - Cannot read IP mode file for STMicroelectronics.X-CUBE-MEMS1.11.3.0
2025-06-26 08:28:30,518 [WARN] PackLoader:240 - Cannot read IP mode file for STMicroelectronics.X-CUBE-PM33A1.1.0.0
2025-06-26 08:28:30,564 [WARN] PackLoader:240 - Cannot read IP mode file for STMicroelectronics.X-CUBE-AZRTOS-F4.1.1.0
2025-06-26 08:28:30,587 [WARN] PackLoader:240 - Cannot read IP mode file for Avnet-IotConnect.X-CUBE-IoTC-DA16k-PMOD.1.0.0
2025-06-26 08:28:30,607 [WARN] PackLoader:240 - Cannot read IP mode file for STMicroelectronics.X-CUBE-ISPU.2.1.0
2025-06-26 08:28:30,643 [WARN] PackLoader:240 - Cannot read IP mode file for STMicroelectronics.X-CUBE-AZRTOS-L5.2.0.0
2025-06-26 08:28:30,666 [WARN] PackLoader:240 - Cannot read IP mode file for STMicroelectronics.X-CUBE-NFC6.3.1.0
2025-06-26 08:28:30,683 [WARN] PackLoader:240 - Cannot read IP mode file for STMicroelectronics.X-CUBE-DPower.1.2.0
2025-06-26 08:28:30,702 [WARN] PackLoader:240 - Cannot read IP mode file for STMicroelectronics.X-CUBE-FREERTOS.1.3.1
2025-06-26 08:28:30,715 [WARN] PackLoader:240 - Cannot read IP mode file for STMicroelectronics.X-CUBE-FREERTOS.1.3.0
2025-06-26 08:28:30,732 [WARN] PackLoader:240 - Cannot read IP mode file for STMicroelectronics.X-CUBE-NFC7.1.0.1
2025-06-26 08:28:30,750 [WARN] PackLoader:240 - Cannot read IP mode file for STMicroelectronics.X-CUBE-DPower.1.3.0
2025-06-26 08:28:30,781 [WARN] ConditionMgr:438 - getConditionDescription Invalid condition id : LAN8742 Phy interface Condition cause : null
2025-06-26 08:28:30,782 [WARN] PackLoader:240 - Cannot read IP mode file for STMicroelectronics.X-CUBE-AZRTOS-L4.2.0.0
2025-06-26 08:28:30,784 [WARN] ConditionMgr:1044 - genDependencies : Invalid condition id : LAN8742 Phy interface Condition cause : null
2025-06-26 08:28:30,784 [WARN] ConditionMgr:1044 - genDependencies : Invalid condition id : LAN8742 Phy interface Condition cause : null
2025-06-26 08:28:30,785 [WARN] ConditionMgr:1044 - genDependencies : Invalid condition id : LAN8742 Phy interface Condition cause : null
2025-06-26 08:28:30,807 [WARN] PackLoader:240 - Cannot read IP mode file for STMicroelectronics.X-CUBE-SFXS2LP1.4.0.0
2025-06-26 08:28:30,847 [WARN] PackLoader:240 - Cannot read IP mode file for STMicroelectronics.X-CUBE-AZRTOS-H7.3.3.0
2025-06-26 08:28:30,876 [WARN] ConditionMgr:438 - getConditionDescription Invalid condition id : UX DEVICE CLASS RTOS Condition cause : null
2025-06-26 08:28:30,876 [WARN] ConditionMgr:438 - getConditionDescription Invalid condition id : UX DEVICE CLASS RTOS Condition cause : null
2025-06-26 08:28:30,878 [WARN] PackLoader:240 - Cannot read IP mode file for STMicroelectronics.X-CUBE-AZRTOS-WB.2.0.0
2025-06-26 08:28:30,878 [WARN] ConditionMgr:1044 - genDependencies : Invalid condition id : UX DEVICE CLASS RTOS Condition cause : null
2025-06-26 08:28:30,878 [WARN] ConditionMgr:1044 - genDependencies : Invalid condition id : UX DEVICE CLASS RTOS Condition cause : null
2025-06-26 08:28:30,878 [WARN] ConditionMgr:1044 - genDependencies : Invalid condition id : UX DEVICE CLASS RTOS Condition cause : null
2025-06-26 08:28:30,879 [WARN] ConditionMgr:1044 - genDependencies : Invalid condition id : UX DEVICE CLASS RTOS Condition cause : null
2025-06-26 08:28:30,879 [WARN] ConditionMgr:1044 - genDependencies : Invalid condition id : UX DEVICE CLASS RTOS Condition cause : null
2025-06-26 08:28:30,897 [WARN] PackLoader:240 - Cannot read IP mode file for STMicroelectronics.X-CUBE-GNSS1.7.0.1
2025-06-26 08:28:30,913 [WARN] PackLoader:240 - Cannot read IP mode file for STMicroelectronics.X-CUBE-TOUCHGFX.4.25.0
2025-06-26 08:28:30,930 [WARN] PackLoader:240 - Cannot read IP mode file for STMicroelectronics.FP-SNS-STBOX1.2.0.0
2025-06-26 08:28:30,954 [WARN] PackLoader:240 - Cannot read IP mode file for STMicroelectronics.X-CUBE-SUBG2.5.0.0
2025-06-26 08:28:30,997 [WARN] PackLoader:240 - Cannot read IP mode file for STMicroelectronics.X-CUBE-AZRTOS-H7RS.1.1.0
2025-06-26 08:28:31,015 [WARN] PackLoader:240 - Cannot read IP mode file for Cesanta.I-CUBE-Mongoose.7.13.0
2025-06-26 08:28:31,045 [WARN] PackLoader:240 - Cannot read IP mode file for STMicroelectronics.X-CUBE-AZRTOS-G4.2.0.0
2025-06-26 08:28:31,059 [WARN] PackLoader:240 - Cannot read IP mode file for wolfSSL.I-CUBE-wolfSSH.1.4.20
2025-06-26 08:28:31,073 [WARN] PackLoader:240 - Cannot read IP mode file for STMicroelectronics.X-CUBE-NFC7.2.0.0
2025-06-26 08:28:31,096 [WARN] PackLoader:240 - Cannot read IP mode file for STMicroelectronics.X-CUBE-IPS.3.1.0
2025-06-26 08:28:31,116 [WARN] PackLoader:240 - Cannot read IP mode file for STMicroelectronics.X-CUBE-ALS.1.0.2
2025-06-26 08:28:31,131 [WARN] PackLoader:240 - Cannot read IP mode file for STMicroelectronics.X-CUBE-TOUCHGFX.4.24.2
2025-06-26 08:28:31,147 [WARN] PackLoader:240 - Cannot read IP mode file for portGmbH.I-Cube-SoM-uGOAL.1.1.0
2025-06-26 08:28:31,182 [WARN] PackLoader:240 - Cannot read IP mode file for STMicroelectronics.X-CUBE-AZRTOS-H7RS.1.0.0
2025-06-26 08:28:31,204 [WARN] PackLoader:240 - Cannot read IP mode file for STMicroelectronics.X-CUBE-TOF1.3.4.2
2025-06-26 08:28:31,234 [WARN] PackLoader:240 - Cannot read IP mode file for STMicroelectronics.X-CUBE-TOF1.3.4.3
2025-06-26 08:28:31,241 [INFO] ThirdParty:978 - Integrity check success = true
2025-06-26 08:28:31,241 [INFO] IntegrityCheckThread:100 - exiting critical section [integrity check]
2025-06-26 08:28:31,242 [INFO] IntegrityCheckThread:103 - End integrity checks thread
2025-06-26 10:33:18,884 [INFO] McuFinderGlobals:63 - Set McuFinder mode to 2 (CubeIDE integrated)
2025-06-26 10:33:18,916 [INFO] MainUpdater:2872 - connection check result : 10
2025-06-26 10:33:18,924 [INFO] MainUpdater:2872 - connection check result : 10
2025-06-26 10:33:19,145 [INFO] MicroXplorer:468 - Change Database Path : 
2025-06-26 10:33:19,145 [INFO] MicroXplorer:498 - Change Database Version : DB.6.0.140
2025-06-26 10:33:19,154 [WARN] ThirdParty:871 - waiting for thirdparty lock release [close project]
2025-06-26 10:33:19,154 [INFO] ThirdParty:873 - entering critical section [close project]
2025-06-26 10:33:19,183 [INFO] ThirdParty:883 - exiting critical section [close project]
2025-06-26 10:33:19,186 [INFO] PinOutPanel:1589 - setPackage(No Configuration,No Configuration)
2025-06-26 10:33:19,193 [INFO] UtilMem:75 - Begin LoadConfig() Used Memory: 846009088 Bytes (1073741824)
2025-06-26 10:33:19,195 [INFO] MicroXplorer:468 - Change Database Path : 
2025-06-26 10:33:19,195 [INFO] MicroXplorer:498 - Change Database Version : DB.6.0.140
2025-06-26 10:33:19,195 [INFO] OpenFileManager:354 - Change cursor
2025-06-26 10:33:19,282 [INFO] Mcu:2011 - Initializing MCU STM32H743VITx STM32H743VITx STM32H743VIT6
2025-06-26 10:33:23,436 [INFO] Context:756 - Trying to add GPIOservice into a context  which must be forbidden
2025-06-26 10:33:25,664 [INFO] ImportTextPane:218 - (OptionalMessage_ERROR) Pin37 (VP_RIF_VS_RIF1) cannot be retrieved for this MCU
2025-06-26 10:33:25,944 [INFO] RtosManager:558 - Registered RTOS mode: class=CMSIS, group=RTOS, mode=CMSIS_V1, owner=FREERTOS
2025-06-26 10:33:25,944 [INFO] RtosManager:558 - Registered RTOS mode: class=CMSIS, group=RTOS2, mode=CMSIS_V2, owner=FREERTOS
2025-06-26 10:33:25,944 [INFO] RtosManager:558 - Registered RTOS mode: class=RTOS, group=Core, mode=CMSIS_V1, owner=FREERTOS
2025-06-26 10:33:25,944 [INFO] RtosManager:558 - Registered RTOS mode: class=RTOS, group=Core, mode=CMSIS_V2, owner=FREERTOS
2025-06-26 10:33:25,944 [WARN] ModelIntegratedComponent:184 - Missing modes for component STMicroelectronics:FreeRTOS:0.0.1:STMicroelectronics:RTOS:FreeRTOS:Core:::10.2.0:
2025-06-26 10:33:25,973 [WARN] ModelIntegratedComponent:63 - No mode defined for component null
2025-06-26 10:33:25,974 [WARN] ModelIntegratedComponent:63 - No mode defined for component null
2025-06-26 10:33:25,974 [WARN] ModelIntegratedComponent:63 - No mode defined for component null
2025-06-26 10:33:25,974 [WARN] ModelIntegratedComponent:63 - No mode defined for component null
2025-06-26 10:33:25,974 [WARN] ModelIntegratedComponent:63 - No mode defined for component null
2025-06-26 10:33:25,975 [WARN] ModelIntegratedComponent:63 - No mode defined for component null
2025-06-26 10:33:25,975 [WARN] ModelIntegratedComponent:63 - No mode defined for component null
2025-06-26 10:33:25,975 [WARN] ModelIntegratedComponent:63 - No mode defined for component null
2025-06-26 10:33:25,975 [WARN] ModelIntegratedComponent:63 - No mode defined for component null
2025-06-26 10:33:25,975 [WARN] ModelIntegratedComponent:63 - No mode defined for component null
2025-06-26 10:33:25,975 [WARN] ModelIntegratedComponent:63 - No mode defined for component null
2025-06-26 10:33:25,975 [WARN] ModelIntegratedComponent:63 - No mode defined for component null
2025-06-26 10:33:25,975 [WARN] ModelIntegratedComponent:63 - No mode defined for component null
2025-06-26 10:33:25,975 [WARN] ModelIntegratedComponent:63 - No mode defined for component null
2025-06-26 10:33:25,975 [WARN] ModelIntegratedComponent:63 - No mode defined for component null
2025-06-26 10:33:25,976 [WARN] ModelIntegratedComponent:63 - No mode defined for component null
2025-06-26 10:33:25,976 [WARN] ModelIntegratedComponent:63 - No mode defined for component null
2025-06-26 10:33:25,976 [WARN] ModelIntegratedComponent:63 - No mode defined for component null
2025-06-26 10:33:25,976 [WARN] ModelIntegratedComponent:63 - No mode defined for component null
2025-06-26 10:33:25,976 [WARN] ModelIntegratedComponent:63 - No mode defined for component null
2025-06-26 10:33:25,976 [WARN] ModelIntegratedComponent:63 - No mode defined for component null
2025-06-26 10:33:25,976 [WARN] ModelIntegratedComponent:63 - No mode defined for component null
2025-06-26 10:33:25,976 [WARN] ModelIntegratedComponent:63 - No mode defined for component null
2025-06-26 10:33:25,976 [WARN] ModelIntegratedComponent:63 - No mode defined for component null
2025-06-26 10:33:25,977 [WARN] ModelIntegratedComponent:63 - No mode defined for component null
2025-06-26 10:33:25,977 [WARN] ModelIntegratedComponent:63 - No mode defined for component null
2025-06-26 10:33:25,977 [WARN] ModelIntegratedComponent:63 - No mode defined for component null
2025-06-26 10:33:25,977 [WARN] ModelIntegratedComponent:63 - No mode defined for component null
2025-06-26 10:33:25,977 [WARN] ModelIntegratedComponent:63 - No mode defined for component null
2025-06-26 10:33:25,977 [WARN] ModelIntegratedComponent:63 - No mode defined for component null
2025-06-26 10:33:25,977 [WARN] ModelIntegratedComponent:63 - No mode defined for component null
2025-06-26 10:33:25,977 [WARN] ModelIntegratedComponent:63 - No mode defined for component null
2025-06-26 10:33:25,977 [WARN] ModelIntegratedComponent:63 - No mode defined for component null
2025-06-26 10:33:25,977 [WARN] ModelIntegratedComponent:63 - No mode defined for component null
2025-06-26 10:33:25,978 [WARN] ModelIntegratedComponent:63 - No mode defined for component null
2025-06-26 10:33:25,978 [WARN] ModelPack:524 - Component already loaded: STMicroelectronics:HAL Drivers:0.0.0:STMicroelectronics:Device:STMicro_Driver:XSPI:HAL::0.0.1:HAL_XSPI
2025-06-26 10:33:26,252 [INFO] ThirdPartyModel:298 - Start build external matchings
2025-06-26 10:33:27,380 [INFO] ThirdPartyModel:316 - End build external matchings
2025-06-26 10:33:27,408 [INFO] RtosManager:967 - Current active RTOS is FREERTOS [Cortex-M7NS]
2025-06-26 10:33:27,418 [INFO] ImportTextPane:218 - (OptionalMessage_ERROR) IP (DMA) : Parameter (Instance) has Id (TIM3_CH1) currently not set
2025-06-26 10:33:27,419 [INFO] ImportTextPane:218 - (OptionalMessage_ERROR) IP (DMA) : Parameter (Request) has Id (TIM3_CH1) currently not set
2025-06-26 10:33:27,419 [INFO] ImportTextPane:218 - (OptionalMessage_ERROR) IP (DMA) : Parameter (Direction) has Id (TIM3_CH1) currently not set
2025-06-26 10:33:27,419 [INFO] ImportTextPane:218 - (OptionalMessage_ERROR) IP (DMA) : Parameter (PeriphInc) has Id (TIM3_CH1) currently not set
2025-06-26 10:33:27,419 [INFO] ImportTextPane:218 - (OptionalMessage_ERROR) IP (DMA) : Parameter (MemInc) has Id (TIM3_CH1) currently not set
2025-06-26 10:33:27,420 [INFO] ImportTextPane:218 - (OptionalMessage_ERROR) IP (DMA) : Parameter (PeriphDataAlignment) has Id (TIM3_CH1) currently not set
2025-06-26 10:33:27,420 [INFO] ImportTextPane:218 - (OptionalMessage_ERROR) IP (DMA) : Parameter (MemDataAlignment) has Id (TIM3_CH1) currently not set
2025-06-26 10:33:27,420 [INFO] ImportTextPane:218 - (OptionalMessage_ERROR) IP (DMA) : Parameter (Mode) has Id (TIM3_CH1) currently not set
2025-06-26 10:33:27,420 [INFO] ImportTextPane:218 - (OptionalMessage_ERROR) IP (DMA) : Parameter (Priority) has Id (TIM3_CH1) currently not set
2025-06-26 10:33:27,420 [INFO] ImportTextPane:218 - (OptionalMessage_ERROR) IP (DMA) : Parameter (FIFOMode) has Id (TIM3_CH1) currently not set
2025-06-26 10:33:27,420 [INFO] ImportTextPane:218 - (OptionalMessage_ERROR) IP (DMA) : Parameter (SignalID) has Id (TIM3_CH1) currently not set
2025-06-26 10:33:27,420 [INFO] ImportTextPane:218 - (OptionalMessage_ERROR) IP (DMA) : Parameter (Polarity) has Id (TIM3_CH1) currently not set
2025-06-26 10:33:27,420 [INFO] ImportTextPane:218 - (OptionalMessage_ERROR) IP (DMA) : Parameter (RequestNumber) has Id (TIM3_CH1) currently not set
2025-06-26 10:33:27,421 [INFO] ImportTextPane:218 - (OptionalMessage_ERROR) IP (DMA) : Parameter (SyncSignalID) has Id (TIM3_CH1) currently not set
2025-06-26 10:33:27,421 [INFO] ImportTextPane:218 - (OptionalMessage_ERROR) IP (DMA) : Parameter (SyncPolarity) has Id (TIM3_CH1) currently not set
2025-06-26 10:33:27,421 [INFO] ImportTextPane:218 - (OptionalMessage_ERROR) IP (DMA) : Parameter (SyncEnable) has Id (TIM3_CH1) currently not set
2025-06-26 10:33:27,421 [INFO] ImportTextPane:218 - (OptionalMessage_ERROR) IP (DMA) : Parameter (EventEnable) has Id (TIM3_CH1) currently not set
2025-06-26 10:33:27,421 [INFO] ImportTextPane:218 - (OptionalMessage_ERROR) IP (DMA) : Parameter (SyncRequestNumber) has Id (TIM3_CH1) currently not set
2025-06-26 10:33:27,421 [INFO] ImportTextPane:218 - (OptionalMessage_ERROR) IP (DMA) : Parameter (Instance) has Id (TIM3_CH2) currently not set
2025-06-26 10:33:27,421 [INFO] ImportTextPane:218 - (OptionalMessage_ERROR) IP (DMA) : Parameter (Request) has Id (TIM3_CH2) currently not set
2025-06-26 10:33:27,421 [INFO] ImportTextPane:218 - (OptionalMessage_ERROR) IP (DMA) : Parameter (Direction) has Id (TIM3_CH2) currently not set
2025-06-26 10:33:27,421 [INFO] ImportTextPane:218 - (OptionalMessage_ERROR) IP (DMA) : Parameter (PeriphInc) has Id (TIM3_CH2) currently not set
2025-06-26 10:33:27,421 [INFO] ImportTextPane:218 - (OptionalMessage_ERROR) IP (DMA) : Parameter (MemInc) has Id (TIM3_CH2) currently not set
2025-06-26 10:33:27,421 [INFO] ImportTextPane:218 - (OptionalMessage_ERROR) IP (DMA) : Parameter (PeriphDataAlignment) has Id (TIM3_CH2) currently not set
2025-06-26 10:33:27,421 [INFO] ImportTextPane:218 - (OptionalMessage_ERROR) IP (DMA) : Parameter (MemDataAlignment) has Id (TIM3_CH2) currently not set
2025-06-26 10:33:27,422 [INFO] ImportTextPane:218 - (OptionalMessage_ERROR) IP (DMA) : Parameter (Mode) has Id (TIM3_CH2) currently not set
2025-06-26 10:33:27,422 [INFO] ImportTextPane:218 - (OptionalMessage_ERROR) IP (DMA) : Parameter (Priority) has Id (TIM3_CH2) currently not set
2025-06-26 10:33:27,422 [INFO] ImportTextPane:218 - (OptionalMessage_ERROR) IP (DMA) : Parameter (FIFOMode) has Id (TIM3_CH2) currently not set
2025-06-26 10:33:27,422 [INFO] ImportTextPane:218 - (OptionalMessage_ERROR) IP (DMA) : Parameter (SignalID) has Id (TIM3_CH2) currently not set
2025-06-26 10:33:27,422 [INFO] ImportTextPane:218 - (OptionalMessage_ERROR) IP (DMA) : Parameter (Polarity) has Id (TIM3_CH2) currently not set
2025-06-26 10:33:27,422 [INFO] ImportTextPane:218 - (OptionalMessage_ERROR) IP (DMA) : Parameter (RequestNumber) has Id (TIM3_CH2) currently not set
2025-06-26 10:33:27,422 [INFO] ImportTextPane:218 - (OptionalMessage_ERROR) IP (DMA) : Parameter (SyncSignalID) has Id (TIM3_CH2) currently not set
2025-06-26 10:33:27,422 [INFO] ImportTextPane:218 - (OptionalMessage_ERROR) IP (DMA) : Parameter (SyncPolarity) has Id (TIM3_CH2) currently not set
2025-06-26 10:33:27,422 [INFO] ImportTextPane:218 - (OptionalMessage_ERROR) IP (DMA) : Parameter (SyncEnable) has Id (TIM3_CH2) currently not set
2025-06-26 10:33:27,422 [INFO] ImportTextPane:218 - (OptionalMessage_ERROR) IP (DMA) : Parameter (EventEnable) has Id (TIM3_CH2) currently not set
2025-06-26 10:33:27,422 [INFO] ImportTextPane:218 - (OptionalMessage_ERROR) IP (DMA) : Parameter (SyncRequestNumber) has Id (TIM3_CH2) currently not set
2025-06-26 10:33:27,431 [INFO] ImportTextPane:218 - (OptionalMessage_ERROR) IP (RCC) : Parameter (DFSDMACLkFreq_Value) has invalid value (480000000)
2025-06-26 10:33:27,440 [INFO] ImportTextPane:218 - (OptionalMessage_ERROR) IP (RCC) : Parameter (FDCANFreq_Value) has invalid value (480000000)
2025-06-26 10:33:27,441 [INFO] ImportTextPane:218 - (OptionalMessage_ERROR) IP (RCC) : Invalid parameter (FamilyName)
2025-06-26 10:33:27,441 [INFO] ImportTextPane:218 - (OptionalMessage_ERROR) IP (RCC) : Parameter (SAI1Freq_Value) has invalid value (480000000)
2025-06-26 10:33:27,441 [INFO] ImportTextPane:218 - (OptionalMessage_ERROR) IP (RCC) : Parameter (SAI23Freq_Value) has invalid value (480000000)
2025-06-26 10:33:27,441 [INFO] ImportTextPane:218 - (OptionalMessage_ERROR) IP (RCC) : Parameter (SAI4AFreq_Value) has invalid value (480000000)
2025-06-26 10:33:27,441 [INFO] ImportTextPane:218 - (OptionalMessage_ERROR) IP (RCC) : Parameter (SAI4BFreq_Value) has invalid value (480000000)
2025-06-26 10:33:27,441 [INFO] ImportTextPane:218 - (OptionalMessage_ERROR) IP (RCC) : Parameter (SDMMCFreq_Value) has invalid value (480000000)
2025-06-26 10:33:27,441 [INFO] ImportTextPane:218 - (OptionalMessage_ERROR) IP (RCC) : Parameter (SPDIFRXFreq_Value) has invalid value (480000000)
2025-06-26 10:33:27,441 [INFO] ImportTextPane:218 - (OptionalMessage_ERROR) IP (RCC) : Parameter (SPI123Freq_Value) has invalid value (480000000)
2025-06-26 10:33:27,441 [INFO] ImportTextPane:218 - (OptionalMessage_ERROR) IP (RCC) : Parameter (USBFreq_Value) has invalid value (480000000)
2025-06-26 10:33:28,443 [INFO] ApiDb:581 - Connected to CubeFinder SQLite database (C:\Users\marcv\.stmcufinder\plugins\mcufinder\mcu\cube-finder-db.db)
2025-06-26 10:33:28,603 [INFO] ApiDb:668 - CubeFinder database Data Model version=2.1
2025-06-26 10:33:28,603 [INFO] ApiDb:669 - CubeFinder database Configuration version=3.0.39
2025-06-26 10:33:28,605 [INFO] ApiDb:670 - CubeFinder database generation date=2025-06-16 (1750072209)
2025-06-26 10:33:28,606 [INFO] ApiDb:671 - CubeFinder database FW Pack versions=[FP-ATR-ASTRA1_V2.0.0, FP-SNS-FLIGHT1_V5.1.0, FP-SNS-MOTENV1_V5.0.0, FP-SNS-MOTENVWB1_V1.4.0, FP-SNS-SMARTAG2_V1.2.0, FP-SNS-STBOX1_V2.0.0, STM32Cube_FW_C0_V1.4.0, STM32Cube_FW_F4_V1.28.2, STM32Cube_FW_F7_V1.17.3, STM32Cube_FW_G0_V1.6.2, STM32Cube_FW_G4_V1.6.1, STM32Cube_FW_H5_V1.5.0, STM32Cube_FW_H7RS_V1.2.0, STM32Cube_FW_H7_V1.12.1, STM32Cube_FW_L0_V1.12.2, STM32Cube_FW_L4_V1.18.1, STM32Cube_FW_L5_V1.5.1, STM32Cube_FW_N6_V1.1.1, STM32Cube_FW_U0_V1.2.0, STM32Cube_FW_U3_V1.1.0, STM32Cube_FW_U5_V1.7.0, STM32Cube_FW_WB0_V1.2.0, STM32Cube_FW_WBA_V1.6.0, STM32Cube_FW_WB_V1.22.0, STM32Cube_FW_WL3_V1.1.0, STM32Cube_FW_WL_V1.3.1, X-CUBE-ALGOBUILD_V1.4.0, X-CUBE-ALS_V1.0.2, X-CUBE-AZRTOS-F4_V1.1.0, X-CUBE-AZRTOS-F7_V1.1.0, X-CUBE-AZRTOS-G0_V1.1.0, X-CUBE-AZRTOS-G4_V2.0.0, X-CUBE-AZRTOS-H7RS_V1.1.0, X-CUBE-AZRTOS-H7_V3.3.0, X-CUBE-AZRTOS-L4_V2.0.0, X-CUBE-AZRTOS-L5_V2.0.0, X-CUBE-AZRTOS-WB_V2.0.0, X-CUBE-AZRTOS-WL_V2.0.0, X-CUBE-BLE1_V7.1.0, X-CUBE-BLE2_V3.3.0, X-CUBE-BLEMGR_V4.0.0, X-CUBE-EEPRMA1_V5.1.0, X-CUBE-FREERTOS_V1.3.1, X-CUBE-GNSS1_V6.0.0, X-CUBE-MEMS1_V11.3.0, X-CUBE-NFC4_V3.0.0, X-CUBE-NFC7_V2.0.0, X-CUBE-SFXS2LP1_V4.0.0, X-CUBE-SUBG2_V5.0.0, X-CUBE-TOF1_V3.4.3]
2025-06-26 10:33:28,794 [INFO] DbBoardsSqlite:226 - include board P-NUCLEO-WB55-NUCLEO as a kit item of type 'Nucleo-64'
2025-06-26 10:33:28,794 [INFO] DbBoardsSqlite:226 - include board P-NUCLEO-WB55-USBDONGLE as a kit item of type 'Nucleo USB Dongle'
2025-06-26 10:33:28,795 [INFO] DbBoardsSqlite:226 - include board STEVAL-IDP005V1 as a kit item of type 'Evaluation Board'
2025-06-26 10:33:28,796 [INFO] DbBoardsSqlite:226 - include board STEVAL-IDP005V2 as a kit item of type 'Evaluation Board'
2025-06-26 10:33:30,002 [INFO] ApiDb:240 - Found 895 in-development CPN: [B-G473E-ZEST1S, B-WB1M-WPAN1, B-WBA5M-WPAN, B-WL5M-SUBG1, NUCLEO-C031C6, NUCLEO-C051C8, NUCLEO-C071RB, NUCLEO-C092RC, NUCLEO-H503RB, NUCLEO-H533RE, NUCLEO-H563ZI, NUCLEO-H7S3L8, NUCLEO-N657X0-Q, NUCLEO-U031R8, NUCLEO-U083RC, NUCLEO-U385RG-Q, NUCLEO-U545RE-Q, NUCLEO-U5A5ZJ-Q, NUCLEO-WB05KZ, NUCLEO-WB07CC, NUCLEO-WB09KE, NUCLEO-WBA52CG, NUCLEO-WBA55CG, NUCLEO-WBA65RI, NUCLEO-WL33CC1, NUCLEO-WL33CC2, STEVAL-PROTEUS1, STEVAL-SMARTAG2, STEVAL-STWINBX1, STM320518-EVAL, STM32C0116-DK, STM32C011D6Y3TR, STM32C011D6Y6TR, STM32C011F4P3, STM32C011F4P6, STM32C011F4U3, STM32C011F4U6TR, STM32C011F6P3, STM32C011F6P6, STM32C011F6U3, STM32C011F6U6TR, STM32C011J4M3, STM32C011J4M6, STM32C011J6M3, STM32C011J6M6, STM32C0316-DK, STM32C031C4T3, STM32C031C4T6, STM32C031C4U3, STM32C031C4U6, STM32C031C6T3, STM32C031C6T6, STM32C031C6U3, STM32C031C6U6, STM32C031F4P3, STM32C031F4P6, STM32C031F6P3, STM32C031F6P6, STM32C031G4U3, STM32C031G4U6, STM32C031G6U3, STM32C031G6U6, STM32C031K4T3, STM32C031K4T6, STM32C031K4U3, STM32C031K4U6, STM32C031K6T3, STM32C031K6T6, STM32C031K6U3, STM32C031K6U6, STM32C051C6T6, STM32C051C6U6, STM32C051C8T6, STM32C051C8U6, STM32C051D8Y6TR, STM32C051F6P6, STM32C051F8P6, STM32C051G6U6, STM32C051G8U6, STM32C051K6T6, STM32C051K6U6, STM32C051K8T6, STM32C071C8T6, STM32C071C8T6N, STM32C071C8U6, STM32C071C8U6N, STM32C071CBT6, STM32C071CBT6N, STM32C071CBU6, STM32C071CBU6N, STM32C071F8P6, STM32C071F8P6N, STM32C071FBP6, STM32C071FBP6N, STM32C071FBY6TR, STM32C071G8U6, STM32C071G8U6N, STM32C071GBU6, STM32C071GBU6N, STM32C071K8T6, STM32C071K8T6N, STM32C071K8U6, STM32C071K8U6N, STM32C071KBT6, STM32C071KBT6N, STM32C071KBU6, STM32C071KBU6N, STM32C071R8T6, STM32C071R8T6N, STM32C071RBI6N, STM32C071RBT6, STM32C071RBT6N, STM32C091CBT6, STM32C091CBU6, STM32C091CCT6, STM32C091CCU6, STM32C091ECY6TR, STM32C091FBP6, STM32C091FCP6, STM32C091GBU6, STM32C091GCU6, STM32C091KBT6, STM32C091KBU6, STM32C091KCT6, STM32C091KCU6, STM32C091RBT6, STM32C091RCI6, STM32C091RCT6, STM32C092CBT6, STM32C092CBU6, STM32C092CCT6, STM32C092CCU6, STM32C092ECY6TR, STM32C092FBP6, STM32C092FCP6, STM32C092GBU6, STM32C092GCU6, STM32C092KBT6, STM32C092KBU6, STM32C092KCT6, STM32C092KCU6, STM32C092RBT6, STM32C092RCI6, STM32C092RCT6, STM32G071K8TXN, STM32G071K8UXN, STM32G081GBU6N, STM32G081KBT6N, STM32G081KBUXN, STM32G0B1CCT6N, STM32G0B1KCT6, STM32G0B1NEY6TR, STM32G0B1RCT6N, STM32G0C1CCT6, STM32G0C1CCT6N, STM32G0C1CCU6N, STM32G0C1CET6N, STM32G0C1CEU6N, STM32G0C1KCT6, STM32G0C1NEY6TR, STM32G0C1RCI6N, STM32G0C1RCT6N, STM32G0C1REI6N, STM32G0C1RET6N, STM32G0C1VCI6, STM32G0C1VEI6, STM32G411C6T3, STM32G411C6T6, STM32G411C6U3, STM32G411C6U6, STM32G411C8T3, STM32G411C8T6, STM32G411C8U3, STM32G411C8U6, STM32G411CBT3, STM32G411CBT6, STM32G411CBU3, STM32G411CBU6, STM32G411CCT3, STM32G411CCT6, STM32G411CCU3, STM32G411CCU6, STM32G411K6T3, STM32G411K6T6, STM32G411K6U3, STM32G411K6U6, STM32G411K8T3, STM32G411K8T6, STM32G411K8U3, STM32G411K8U6, STM32G411KBT3, STM32G411KBT6, STM32G411KBU3, STM32G411KBU6, STM32G411M6T3, STM32G411M6T6, STM32G411M8T3, STM32G411M8T6, STM32G411MBT3, STM32G411MBT6, STM32G411MCT3, STM32G411MCT6, STM32G411R6T3, STM32G411R6T6, STM32G411R8T3, STM32G411R8T6, STM32G411RBT3, STM32G411RBT6, STM32G411RCT3, STM32G411RCT6, STM32G414CBT3, STM32G414CBT6, STM32G414CBU3, STM32G414CBU6, STM32G414CCT3, STM32G414CCT6, STM32G414CCU3, STM32G414CCU6, STM32G414MBT3, STM32G414MBT6, STM32G414MCT3, STM32G414MCT6, STM32G414RBT3, STM32G414RBT6, STM32G414RCT3, STM32G414RCT6, STM32G414VBT3, STM32G414VBT6, STM32G414VCT3, STM32G414VCT6, STM32G431CBT3Z, STM32G431RBT3Z, STM32G471CCT6, STM32G471CCU6, STM32G471CET3, STM32G471CET6, STM32G471CEU3, STM32G471CEU6, STM32G471MCT6, STM32G471MET3, STM32G471MET6, STM32G471MEY6TR, STM32G471QCT6, STM32G471QET3, STM32G471RCT6, STM32G471RET3, STM32G471RET6, STM32G471VCH6, STM32G471VCI6, STM32G471VCT6, STM32G471VEH3, STM32G471VEH6, STM32G471VEI3, STM32G471VEI6, STM32G471VET3, STM32G471VET6, STM32G473QET3Z, STM32G473RET3Z, STM32G474CCT6, STM32G491RET3Z, STM32H503CBT6, STM32H503CBU6, STM32H503EBY6TR, STM32H503KBU6, STM32H503RBT6, STM32H523CCT6, STM32H523CCU6, STM32H523CET6, STM32H523CEU6, STM32H523HEY6TR, STM32H523RCT6, STM32H523RET6, STM32H523VCI6, STM32H523VCT6, STM32H523VEI6, STM32H523VET6, STM32H523ZCJ6, STM32H523ZCT6, STM32H523ZEJ6, STM32H523ZET6, STM32H533CET6, STM32H533CEU6, STM32H533HEY6TR, STM32H533RET6, STM32H533VEI6, STM32H533VET6, STM32H533ZEJ6, STM32H533ZET6, STM32H562AGI6, STM32H562AII6, STM32H562IGK6, STM32H562IGT6, STM32H562IIK6, STM32H562IIT6, STM32H562RGT6, STM32H562RGV6, STM32H562RIT6, STM32H562RIV6, STM32H562VGT6, STM32H562VIT6, STM32H562ZGT6, STM32H562ZIT6, STM32H563AGI6, STM32H563AII3Q, STM32H563AII6, STM32H563IGK6, STM32H563IGT6, STM32H563IIK3Q, STM32H563IIK6, STM32H563IIT3Q, STM32H563IIT6, STM32H563MIY3QTR, STM32H563RGT6, STM32H563RGV6, STM32H563RIT6, STM32H563RIV6, STM32H563VGT6, STM32H563VIT3Q, STM32H563VIT6, STM32H563ZGT6, STM32H563ZIT3Q, STM32H563ZIT6, STM32H573AII3Q, STM32H573AII6, STM32H573I-DK, STM32H573IIK3Q, STM32H573IIK6, STM32H573IIT3Q, STM32H573IIT6, STM32H573MIY3QTR, STM32H573RIT6, STM32H573RIV6, STM32H573VIT3Q, STM32H573VIT6, STM32H573ZIT3Q, STM32H573ZIT6, STM32H7R3A8I6, STM32H7R3I8K6, STM32H7R3I8T6, STM32H7R3L8H6, STM32H7R3L8H6H, STM32H7R3R8V6, STM32H7R3V8H6, STM32H7R3V8T6, STM32H7R3V8Y6TR, STM32H7R3Z8J6, STM32H7R3Z8T6, STM32H7R7A8I6, STM32H7R7I8K6, STM32H7R7I8T6, STM32H7R7L8H6, STM32H7R7L8H6H, STM32H7R7Z8J6, STM32H7S3A8I6, STM32H7S3I8K6, STM32H7S3I8T6, STM32H7S3L8H6, STM32H7S3L8H6H, STM32H7S3R8V6, STM32H7S3V8H6, STM32H7S3V8T6, STM32H7S3V8Y6TR, STM32H7S3Z8J6, STM32H7S3Z8T6, STM32H7S78-DK, STM32H7S7A8I6, STM32H7S7I8K6, STM32H7S7I8T6, STM32H7S7L8H6, STM32H7S7L8H6H, STM32H7S7Z8J6, STM32L4R5QGI6STR, STM32MP131AAE3, STM32MP131AAF3, STM32MP131AAG3, STM32MP131CAE3, STM32MP131CAF3, STM32MP131CAG3, STM32MP131DAE7, STM32MP131DAF7, STM32MP131DAG7, STM32MP131FAE7, STM32MP131FAF7, STM32MP131FAG7, STM32MP133AAE3, STM32MP133AAF3, STM32MP133AAG3, STM32MP133CAE3, STM32MP133CAF3, STM32MP133CAG3, STM32MP133DAE7, STM32MP133DAF7, STM32MP133DAG7, STM32MP133FAE7, STM32MP133FAF7, STM32MP133FAG7, STM32MP135AAE3, STM32MP135AAF3, STM32MP135AAG3, STM32MP135CAE3, STM32MP135CAF3, STM32MP135CAG3, STM32MP135DAE7, STM32MP135DAF7, STM32MP135DAG7, STM32MP135F-DK, STM32MP135FAE7, STM32MP135FAF7, STM32MP135FAF7T, STM32MP135FAF7U, STM32MP135FAG7, STM32MP231AAJ3, STM32MP231AAK3, STM32MP231AAL3, STM32MP231CAJ3, STM32MP231CAK3, STM32MP231CAL3, STM32MP231DAJ3, STM32MP231DAK3, STM32MP231DAL3, STM32MP231FAJ3, STM32MP231FAK3, STM32MP231FAL3, STM32MP233AAJ3, STM32MP233AAK3, STM32MP233AAL3, STM32MP233CAJ3, STM32MP233CAK3, STM32MP233CAL3, STM32MP233DAJ3, STM32MP233DAK3, STM32MP233DAL3, STM32MP233FAJ3, STM32MP233FAK3, STM32MP233FAL3, STM32MP235AAJ3, STM32MP235AAK3, STM32MP235AAL3, STM32MP235CAJ3, STM32MP235CAK3, STM32MP235CAL3, STM32MP235DAJ3, STM32MP235DAK3, STM32MP235DAL3, STM32MP235FAJ3, STM32MP235FAK3, STM32MP235FAL3, STM32MP251AAI3, STM32MP251AAJ3, STM32MP251AAK3, STM32MP251AAL3, STM32MP251CAI3, STM32MP251CAJ3, STM32MP251CAK3, STM32MP251CAL3, STM32MP251DAI3, STM32MP251DAJ3, STM32MP251DAK3, STM32MP251DAL3, STM32MP251FAI3, STM32MP251FAJ3, STM32MP251FAK3, STM32MP251FAL3, STM32MP253AAI3, STM32MP253AAJ3, STM32MP253AAK3, STM32MP253AAL3, STM32MP253CAI3, STM32MP253CAJ3, STM32MP253CAK3, STM32MP253CAL3, STM32MP253DAI3, STM32MP253DAJ3, STM32MP253DAK3, STM32MP253DAL3, STM32MP253FAI3, STM32MP253FAJ3, STM32MP253FAK3, STM32MP253FAL3, STM32MP255AAI3, STM32MP255AAJ3, STM32MP255AAK3, STM32MP255AAL3, STM32MP255CAI3, STM32MP255CAJ3, STM32MP255CAK3, STM32MP255CAL3, STM32MP255DAI3, STM32MP255DAJ3, STM32MP255DAK3, STM32MP255DAL3, STM32MP255FAI3, STM32MP255FAJ3, STM32MP255FAK3, STM32MP255FAL3, STM32MP257AAI3, STM32MP257AAJ3, STM32MP257AAK3, STM32MP257AAL3, STM32MP257CAI3, STM32MP257CAJ3, STM32MP257CAK3, STM32MP257CAL3, STM32MP257DAI3, STM32MP257DAJ3, STM32MP257DAK3, STM32MP257DAL3, STM32MP257F-DK, STM32MP257F-EV1, STM32MP257FAI3, STM32MP257FAJ3, STM32MP257FAK3, STM32MP257FAL3, STM32N645A0H3Q, STM32N645B0H3Q, STM32N645I0H3Q, STM32N645L0H3Q, STM32N645X0H3Q, STM32N645Z0H3Q, STM32N647A0H3Q, STM32N647B0H3Q, STM32N647I0H3Q, STM32N647L0H3Q, STM32N647X0H3Q, STM32N647Z0H3Q, STM32N655A0H3Q, STM32N655B0H3Q, STM32N655I0H3Q, STM32N655L0H3Q, STM32N655X0H3Q, STM32N655Z0H3Q, STM32N6570-DK, STM32N657A0H3Q, STM32N657B0H3Q, STM32N657I0H3Q, STM32N657L0H3Q, STM32N657X0H3Q, STM32N657Z0H3Q, STM32U031C6T6, STM32U031C6U6, STM32U031C8T6, STM32U031C8U6, STM32U031F4P6, STM32U031F6P6, STM32U031F8P6, STM32U031G6Y6TR, STM32U031G8Y6TR, STM32U031K4U6, STM32U031K6U6, STM32U031K8U6, STM32U031R6I6, STM32U031R6T6, STM32U031R8I6, STM32U031R8T6, STM32U073C8T6, STM32U073C8U6, STM32U073CBT6, STM32U073CBU6, STM32U073CCT6, STM32U073CCU6, STM32U073H8Y6TR, STM32U073HBY6TR, STM32U073HCY6TR, STM32U073K8U6, STM32U073KBU6, STM32U073KCU6, STM32U073M8I6, STM32U073M8T6, STM32U073MBI6, STM32U073MBT6, STM32U073MCI6, STM32U073MCT6, STM32U073R8I6, STM32U073R8T6, STM32U073RBI6, STM32U073RBT6, STM32U073RCI6, STM32U073RCT6, STM32U083C-DK, STM32U083CCT6, STM32U083CCU6, STM32U083HCY6TR, STM32U083KCU6, STM32U083MCI6, STM32U083MCT6, STM32U083RCI6, STM32U083RCT6, STM32U375CET6, STM32U375CET6Q, STM32U375CEU6, STM32U375CEU6Q, STM32U375CEY6QTR, STM32U375CGT6, STM32U375CGT6Q, STM32U375CGU6, STM32U375CGU6Q, STM32U375CGY6QTR, STM32U375KEU6, STM32U375KGU6, STM32U375REI6, STM32U375REI6Q, STM32U375RET6, STM32U375RET6Q, STM32U375REY6GTR, STM32U375REY6QTR, STM32U375RGI6, STM32U375RGI6Q, STM32U375RGT6, STM32U375RGT6Q, STM32U375RGY6GTR, STM32U375RGY6QTR, STM32U375VEI6, STM32U375VEI6Q, STM32U375VET6, STM32U375VET6Q, STM32U375VGI6, STM32U375VGI6Q, STM32U375VGT6, STM32U375VGT6Q, STM32U385CGT6, STM32U385CGT6Q, STM32U385CGU6, STM32U385CGU6Q, STM32U385CGY6QTR, STM32U385KGU6, STM32U385RGI6, STM32U385RGI6Q, STM32U385RGT6, STM32U385RGT6Q, STM32U385RGY6GTR, STM32U385RGY6QTR, STM32U385VGI6, STM32U385VGI6Q, STM32U385VGT6, STM32U385VGT6Q, STM32U535CBT6, STM32U535CBT6Q, STM32U535CBU6, STM32U535CBU6Q, STM32U535CCT6, STM32U535CCT6Q, STM32U535CCU6, STM32U535CCU6Q, STM32U535CET6, STM32U535CET6Q, STM32U535CEU6, STM32U535CEU6Q, STM32U535JEY6QTR, STM32U535NCY6QTR, STM32U535NEY6QTR, STM32U535RBI6, STM32U535RBI6Q, STM32U535RBT6, STM32U535RBT6Q, STM32U535RCI6, STM32U535RCI6Q, STM32U535RCT6, STM32U535RCT6Q, STM32U535REI6, STM32U535REI6Q, STM32U535RET6, STM32U535RET6Q, STM32U535VCI6, STM32U535VCI6Q, STM32U535VCT6, STM32U535VCT6Q, STM32U535VEI6, STM32U535VEI6Q, STM32U535VET6, STM32U535VET6Q, STM32U545CET6, STM32U545CET6Q, STM32U545CEU6, STM32U545CEU6Q, STM32U545JEY6QTR, STM32U545NEY6QTR, STM32U545REI6, STM32U545REI6Q, STM32U545RET6, STM32U545RET6Q, STM32U545VEI6, STM32U545VEI6Q, STM32U545VET6, STM32U545VET6Q, STM32U595AIH6, STM32U595AIH6Q, STM32U595AJH6, STM32U595AJH6Q, STM32U595QII6, STM32U595QII6Q, STM32U595QJI6, STM32U595QJI6Q, STM32U595RIT6, STM32U595RIT6Q, STM32U595RJT6, STM32U595RJT6Q, STM32U595VIT6, STM32U595VIT6Q, STM32U595VJT6, STM32U595VJT6Q, STM32U595ZIT6, STM32U595ZIT6Q, STM32U595ZIY6QTR, STM32U595ZJT6, STM32U595ZJT6Q, STM32U595ZJY6QTR, STM32U599BJY6QTR, STM32U599NIH6Q, STM32U599NJH6Q, STM32U599VIT6Q, STM32U599VJT6, STM32U599VJT6Q, STM32U599ZIT6Q, STM32U599ZIY6QTR, STM32U599ZJT6Q, STM32U599ZJY6QTR, STM32U5A5AJH6, STM32U5A5AJH6Q, STM32U5A5QII3Q , STM32U5A5QJI6, STM32U5A5QJI6Q, STM32U5A5RJT6, STM32U5A5RJT6Q, STM32U5A5VJT6, STM32U5A5VJT6Q, STM32U5A5ZJT6, STM32U5A5ZJT6Q, STM32U5A5ZJY6QTR, STM32U5A9BJY6QTR, STM32U5A9J-DK, STM32U5A9NJH6Q, STM32U5A9VJT6Q, STM32U5A9ZJT6Q, STM32U5A9ZJY6QTR, STM32U5F7VIT6, STM32U5F7VIT6Q, STM32U5F7VJT6, STM32U5F7VJT6Q, STM32U5F9BJY6QTR, STM32U5F9NJH6Q, STM32U5F9VIT6Q, STM32U5F9VJT6Q, STM32U5F9ZIJ6QTR, STM32U5F9ZIT6Q, STM32U5F9ZJJ6QTR, STM32U5F9ZJT6Q, STM32U5G7VJT6, STM32U5G7VJT6Q, STM32U5G9BJY6QTR, STM32U5G9J-DK1, STM32U5G9J-DK2, STM32U5G9NJH6Q, STM32U5G9VJT6Q, STM32U5G9ZJJ6QTR, STM32U5G9ZJT6Q, STM32WB05KZV6TR, STM32WB05KZV7TR, STM32WB05TZF6TR, STM32WB05TZF7TR, STM32WB06CCF6TR, STM32WB06CCF7TR, STM32WB06CCV6TR, STM32WB06CCV7TR, STM32WB06KCV6TR, STM32WB06KCV7TR, STM32WB07CCF6TR, STM32WB07CCF7TR, STM32WB07CCV6TR, STM32WB07CCV7TR, STM32WB07KCV6TR, STM32WB07KCV7TR, STM32WB09KEV6TR, STM32WB09KEV7TR, STM32WB09TEF6TR, STM32WB09TEF7TR, STM32WB1MMCH6, STM32WBA50KGU6, STM32WBA50KGU6TR, STM32WBA52CEU6, STM32WBA52CEU6TR, STM32WBA52CEU7, STM32WBA52CEU7TR, STM32WBA52CGU6, STM32WBA52CGU6TR, STM32WBA52CGU6U, STM32WBA52CGU7, STM32WBA52CGU7TR, STM32WBA52KEU6, STM32WBA52KEU6TR, STM32WBA52KGU6, STM32WBA52KGU6TR, STM32WBA54CEU6, STM32WBA54CEU6TR, STM32WBA54CEU7, STM32WBA54CEU7TR, STM32WBA54CGU6, STM32WBA54CGU6TR, STM32WBA54CGU7, STM32WBA54CGU7TR, STM32WBA54KEU6, STM32WBA54KEU6TR, STM32WBA54KEU7, STM32WBA54KEU7TR, STM32WBA54KGU6, STM32WBA54KGU6TR, STM32WBA54KGU7, STM32WBA54KGU7TR, STM32WBA55CEU6, STM32WBA55CEU6TR, STM32WBA55CEU7, STM32WBA55CEU7TR, STM32WBA55CGU6, STM32WBA55CGU6TR, STM32WBA55CGU6U, STM32WBA55CGU7, STM32WBA55CGU7TR, STM32WBA55G-DK1, STM32WBA55HEF6, STM32WBA55HEF7, STM32WBA55HGF6, STM32WBA55HGF7, STM32WBA55UEI6, STM32WBA55UEI6TR, STM32WBA55UEI7, STM32WBA55UEI7TR, STM32WBA55UGI6, STM32WBA55UGI6TR, STM32WBA55UGI7, STM32WBA55UGI7TR, STM32WBA5MJGH6TR, STM32WBA62CGU6, STM32WBA62CIU6, STM32WBA62MGF6, STM32WBA62MIF6, STM32WBA62PGI6, STM32WBA62PII6, STM32WBA63CGU6, STM32WBA63CGU7, STM32WBA63CIU6, STM32WBA63CIU7, STM32WBA64CGU6, STM32WBA64CGU7, STM32WBA64CIU6, STM32WBA64CIU7, STM32WBA65CGU6, STM32WBA65CGU7, STM32WBA65CIU6, STM32WBA65CIU7, STM32WBA65I-DK1, STM32WBA65MGF6, STM32WBA65MGF7, STM32WBA65MIF6, STM32WBA65MIF7, STM32WBA65PGI6, STM32WBA65PGI7, STM32WBA65PII6, STM32WBA65PII7, STM32WBA65RGV6, STM32WBA65RGV7, STM32WBA65RIV6, STM32WBA65RIV7, STM32WL30K8V6, STM32WL30KBV6, STM32WL31C8V6, STM32WL31CBV6, STM32WL31K8V6, STM32WL31KBV6, STM32WL33C8V6, STM32WL33C8V6TR, STM32WL33C8V7, STM32WL33C8V7TR, STM32WL33CBV6, STM32WL33CBV6TR, STM32WL33CBV7, STM32WL33CBV7TR, STM32WL33CCV6, STM32WL33CCV6TR, STM32WL33CCV7, STM32WL33CCV7A, STM32WL33CCV7ATR, STM32WL33CCV7TR, STM32WL33K8V6, STM32WL33K8V6TR, STM32WL33K8V7, STM32WL33K8V7TR, STM32WL33KBV6, STM32WL33KBV6TR, STM32WL33KBV7, STM32WL33KBV7TR, STM32WL33KCV6, STM32WL33KCV6TR, STM32WL33KCV7, STM32WL33KCV7TR, STM32WL5MOCH6, STM32WL5MOCH6TR]
2025-06-26 10:33:30,312 [INFO] BoardInfo:889 - No configuration file found for board P-NUCLEO-WB55
2025-06-26 10:33:30,313 [INFO] DbBoards:161 - Kit is not supported: P-NUCLEO-WB55
2025-06-26 10:33:30,324 [INFO] BoardInfo:889 - No configuration file found for board STEVAL-BFA001V1B
2025-06-26 10:33:30,326 [INFO] DbBoards:161 - Kit is not supported: STEVAL-BFA001V1B
2025-06-26 10:33:30,327 [INFO] BoardInfo:889 - No configuration file found for board STEVAL-BFA001V2B
2025-06-26 10:33:30,328 [INFO] DbBoards:161 - Kit is not supported: STEVAL-BFA001V2B
2025-06-26 10:33:30,610 [INFO] DbBoards:168 - Found 211 boards, 208 are supported
2025-06-26 10:33:30,610 [INFO] DbBoards:169 - Found 211 boards, 43 of them is supported for  Bsp
2025-06-26 10:33:30,618 [INFO] ApiDb:668 - CubeFinder database Data Model version=2.1
2025-06-26 10:33:30,618 [INFO] ApiDb:669 - CubeFinder database Configuration version=3.0.39
2025-06-26 10:33:30,618 [INFO] ApiDb:670 - CubeFinder database generation date=2025-06-16 (1750072209)
2025-06-26 10:33:30,618 [INFO] ApiDb:671 - CubeFinder database FW Pack versions=[FP-ATR-ASTRA1_V2.0.0, FP-SNS-FLIGHT1_V5.1.0, FP-SNS-MOTENV1_V5.0.0, FP-SNS-MOTENVWB1_V1.4.0, FP-SNS-SMARTAG2_V1.2.0, FP-SNS-STBOX1_V2.0.0, STM32Cube_FW_C0_V1.4.0, STM32Cube_FW_F4_V1.28.2, STM32Cube_FW_F7_V1.17.3, STM32Cube_FW_G0_V1.6.2, STM32Cube_FW_G4_V1.6.1, STM32Cube_FW_H5_V1.5.0, STM32Cube_FW_H7RS_V1.2.0, STM32Cube_FW_H7_V1.12.1, STM32Cube_FW_L0_V1.12.2, STM32Cube_FW_L4_V1.18.1, STM32Cube_FW_L5_V1.5.1, STM32Cube_FW_N6_V1.1.1, STM32Cube_FW_U0_V1.2.0, STM32Cube_FW_U3_V1.1.0, STM32Cube_FW_U5_V1.7.0, STM32Cube_FW_WB0_V1.2.0, STM32Cube_FW_WBA_V1.6.0, STM32Cube_FW_WB_V1.22.0, STM32Cube_FW_WL3_V1.1.0, STM32Cube_FW_WL_V1.3.1, X-CUBE-ALGOBUILD_V1.4.0, X-CUBE-ALS_V1.0.2, X-CUBE-AZRTOS-F4_V1.1.0, X-CUBE-AZRTOS-F7_V1.1.0, X-CUBE-AZRTOS-G0_V1.1.0, X-CUBE-AZRTOS-G4_V2.0.0, X-CUBE-AZRTOS-H7RS_V1.1.0, X-CUBE-AZRTOS-H7_V3.3.0, X-CUBE-AZRTOS-L4_V2.0.0, X-CUBE-AZRTOS-L5_V2.0.0, X-CUBE-AZRTOS-WB_V2.0.0, X-CUBE-AZRTOS-WL_V2.0.0, X-CUBE-BLE1_V7.1.0, X-CUBE-BLE2_V3.3.0, X-CUBE-BLEMGR_V4.0.0, X-CUBE-EEPRMA1_V5.1.0, X-CUBE-FREERTOS_V1.3.1, X-CUBE-GNSS1_V6.0.0, X-CUBE-MEMS1_V11.3.0, X-CUBE-NFC4_V3.0.0, X-CUBE-NFC7_V2.0.0, X-CUBE-SFXS2LP1_V4.0.0, X-CUBE-SUBG2_V5.0.0, X-CUBE-TOF1_V3.4.3]
2025-06-26 10:33:32,840 [INFO] ApiDb:240 - Found 895 in-development CPN: [B-G473E-ZEST1S, B-WB1M-WPAN1, B-WBA5M-WPAN, B-WL5M-SUBG1, NUCLEO-C031C6, NUCLEO-C051C8, NUCLEO-C071RB, NUCLEO-C092RC, NUCLEO-H503RB, NUCLEO-H533RE, NUCLEO-H563ZI, NUCLEO-H7S3L8, NUCLEO-N657X0-Q, NUCLEO-U031R8, NUCLEO-U083RC, NUCLEO-U385RG-Q, NUCLEO-U545RE-Q, NUCLEO-U5A5ZJ-Q, NUCLEO-WB05KZ, NUCLEO-WB07CC, NUCLEO-WB09KE, NUCLEO-WBA52CG, NUCLEO-WBA55CG, NUCLEO-WBA65RI, NUCLEO-WL33CC1, NUCLEO-WL33CC2, STEVAL-PROTEUS1, STEVAL-SMARTAG2, STEVAL-STWINBX1, STM320518-EVAL, STM32C0116-DK, STM32C011D6Y3TR, STM32C011D6Y6TR, STM32C011F4P3, STM32C011F4P6, STM32C011F4U3, STM32C011F4U6TR, STM32C011F6P3, STM32C011F6P6, STM32C011F6U3, STM32C011F6U6TR, STM32C011J4M3, STM32C011J4M6, STM32C011J6M3, STM32C011J6M6, STM32C0316-DK, STM32C031C4T3, STM32C031C4T6, STM32C031C4U3, STM32C031C4U6, STM32C031C6T3, STM32C031C6T6, STM32C031C6U3, STM32C031C6U6, STM32C031F4P3, STM32C031F4P6, STM32C031F6P3, STM32C031F6P6, STM32C031G4U3, STM32C031G4U6, STM32C031G6U3, STM32C031G6U6, STM32C031K4T3, STM32C031K4T6, STM32C031K4U3, STM32C031K4U6, STM32C031K6T3, STM32C031K6T6, STM32C031K6U3, STM32C031K6U6, STM32C051C6T6, STM32C051C6U6, STM32C051C8T6, STM32C051C8U6, STM32C051D8Y6TR, STM32C051F6P6, STM32C051F8P6, STM32C051G6U6, STM32C051G8U6, STM32C051K6T6, STM32C051K6U6, STM32C051K8T6, STM32C071C8T6, STM32C071C8T6N, STM32C071C8U6, STM32C071C8U6N, STM32C071CBT6, STM32C071CBT6N, STM32C071CBU6, STM32C071CBU6N, STM32C071F8P6, STM32C071F8P6N, STM32C071FBP6, STM32C071FBP6N, STM32C071FBY6TR, STM32C071G8U6, STM32C071G8U6N, STM32C071GBU6, STM32C071GBU6N, STM32C071K8T6, STM32C071K8T6N, STM32C071K8U6, STM32C071K8U6N, STM32C071KBT6, STM32C071KBT6N, STM32C071KBU6, STM32C071KBU6N, STM32C071R8T6, STM32C071R8T6N, STM32C071RBI6N, STM32C071RBT6, STM32C071RBT6N, STM32C091CBT6, STM32C091CBU6, STM32C091CCT6, STM32C091CCU6, STM32C091ECY6TR, STM32C091FBP6, STM32C091FCP6, STM32C091GBU6, STM32C091GCU6, STM32C091KBT6, STM32C091KBU6, STM32C091KCT6, STM32C091KCU6, STM32C091RBT6, STM32C091RCI6, STM32C091RCT6, STM32C092CBT6, STM32C092CBU6, STM32C092CCT6, STM32C092CCU6, STM32C092ECY6TR, STM32C092FBP6, STM32C092FCP6, STM32C092GBU6, STM32C092GCU6, STM32C092KBT6, STM32C092KBU6, STM32C092KCT6, STM32C092KCU6, STM32C092RBT6, STM32C092RCI6, STM32C092RCT6, STM32G071K8TXN, STM32G071K8UXN, STM32G081GBU6N, STM32G081KBT6N, STM32G081KBUXN, STM32G0B1CCT6N, STM32G0B1KCT6, STM32G0B1NEY6TR, STM32G0B1RCT6N, STM32G0C1CCT6, STM32G0C1CCT6N, STM32G0C1CCU6N, STM32G0C1CET6N, STM32G0C1CEU6N, STM32G0C1KCT6, STM32G0C1NEY6TR, STM32G0C1RCI6N, STM32G0C1RCT6N, STM32G0C1REI6N, STM32G0C1RET6N, STM32G0C1VCI6, STM32G0C1VEI6, STM32G411C6T3, STM32G411C6T6, STM32G411C6U3, STM32G411C6U6, STM32G411C8T3, STM32G411C8T6, STM32G411C8U3, STM32G411C8U6, STM32G411CBT3, STM32G411CBT6, STM32G411CBU3, STM32G411CBU6, STM32G411CCT3, STM32G411CCT6, STM32G411CCU3, STM32G411CCU6, STM32G411K6T3, STM32G411K6T6, STM32G411K6U3, STM32G411K6U6, STM32G411K8T3, STM32G411K8T6, STM32G411K8U3, STM32G411K8U6, STM32G411KBT3, STM32G411KBT6, STM32G411KBU3, STM32G411KBU6, STM32G411M6T3, STM32G411M6T6, STM32G411M8T3, STM32G411M8T6, STM32G411MBT3, STM32G411MBT6, STM32G411MCT3, STM32G411MCT6, STM32G411R6T3, STM32G411R6T6, STM32G411R8T3, STM32G411R8T6, STM32G411RBT3, STM32G411RBT6, STM32G411RCT3, STM32G411RCT6, STM32G414CBT3, STM32G414CBT6, STM32G414CBU3, STM32G414CBU6, STM32G414CCT3, STM32G414CCT6, STM32G414CCU3, STM32G414CCU6, STM32G414MBT3, STM32G414MBT6, STM32G414MCT3, STM32G414MCT6, STM32G414RBT3, STM32G414RBT6, STM32G414RCT3, STM32G414RCT6, STM32G414VBT3, STM32G414VBT6, STM32G414VCT3, STM32G414VCT6, STM32G431CBT3Z, STM32G431RBT3Z, STM32G471CCT6, STM32G471CCU6, STM32G471CET3, STM32G471CET6, STM32G471CEU3, STM32G471CEU6, STM32G471MCT6, STM32G471MET3, STM32G471MET6, STM32G471MEY6TR, STM32G471QCT6, STM32G471QET3, STM32G471RCT6, STM32G471RET3, STM32G471RET6, STM32G471VCH6, STM32G471VCI6, STM32G471VCT6, STM32G471VEH3, STM32G471VEH6, STM32G471VEI3, STM32G471VEI6, STM32G471VET3, STM32G471VET6, STM32G473QET3Z, STM32G473RET3Z, STM32G474CCT6, STM32G491RET3Z, STM32H503CBT6, STM32H503CBU6, STM32H503EBY6TR, STM32H503KBU6, STM32H503RBT6, STM32H523CCT6, STM32H523CCU6, STM32H523CET6, STM32H523CEU6, STM32H523HEY6TR, STM32H523RCT6, STM32H523RET6, STM32H523VCI6, STM32H523VCT6, STM32H523VEI6, STM32H523VET6, STM32H523ZCJ6, STM32H523ZCT6, STM32H523ZEJ6, STM32H523ZET6, STM32H533CET6, STM32H533CEU6, STM32H533HEY6TR, STM32H533RET6, STM32H533VEI6, STM32H533VET6, STM32H533ZEJ6, STM32H533ZET6, STM32H562AGI6, STM32H562AII6, STM32H562IGK6, STM32H562IGT6, STM32H562IIK6, STM32H562IIT6, STM32H562RGT6, STM32H562RGV6, STM32H562RIT6, STM32H562RIV6, STM32H562VGT6, STM32H562VIT6, STM32H562ZGT6, STM32H562ZIT6, STM32H563AGI6, STM32H563AII3Q, STM32H563AII6, STM32H563IGK6, STM32H563IGT6, STM32H563IIK3Q, STM32H563IIK6, STM32H563IIT3Q, STM32H563IIT6, STM32H563MIY3QTR, STM32H563RGT6, STM32H563RGV6, STM32H563RIT6, STM32H563RIV6, STM32H563VGT6, STM32H563VIT3Q, STM32H563VIT6, STM32H563ZGT6, STM32H563ZIT3Q, STM32H563ZIT6, STM32H573AII3Q, STM32H573AII6, STM32H573I-DK, STM32H573IIK3Q, STM32H573IIK6, STM32H573IIT3Q, STM32H573IIT6, STM32H573MIY3QTR, STM32H573RIT6, STM32H573RIV6, STM32H573VIT3Q, STM32H573VIT6, STM32H573ZIT3Q, STM32H573ZIT6, STM32H7R3A8I6, STM32H7R3I8K6, STM32H7R3I8T6, STM32H7R3L8H6, STM32H7R3L8H6H, STM32H7R3R8V6, STM32H7R3V8H6, STM32H7R3V8T6, STM32H7R3V8Y6TR, STM32H7R3Z8J6, STM32H7R3Z8T6, STM32H7R7A8I6, STM32H7R7I8K6, STM32H7R7I8T6, STM32H7R7L8H6, STM32H7R7L8H6H, STM32H7R7Z8J6, STM32H7S3A8I6, STM32H7S3I8K6, STM32H7S3I8T6, STM32H7S3L8H6, STM32H7S3L8H6H, STM32H7S3R8V6, STM32H7S3V8H6, STM32H7S3V8T6, STM32H7S3V8Y6TR, STM32H7S3Z8J6, STM32H7S3Z8T6, STM32H7S78-DK, STM32H7S7A8I6, STM32H7S7I8K6, STM32H7S7I8T6, STM32H7S7L8H6, STM32H7S7L8H6H, STM32H7S7Z8J6, STM32L4R5QGI6STR, STM32MP131AAE3, STM32MP131AAF3, STM32MP131AAG3, STM32MP131CAE3, STM32MP131CAF3, STM32MP131CAG3, STM32MP131DAE7, STM32MP131DAF7, STM32MP131DAG7, STM32MP131FAE7, STM32MP131FAF7, STM32MP131FAG7, STM32MP133AAE3, STM32MP133AAF3, STM32MP133AAG3, STM32MP133CAE3, STM32MP133CAF3, STM32MP133CAG3, STM32MP133DAE7, STM32MP133DAF7, STM32MP133DAG7, STM32MP133FAE7, STM32MP133FAF7, STM32MP133FAG7, STM32MP135AAE3, STM32MP135AAF3, STM32MP135AAG3, STM32MP135CAE3, STM32MP135CAF3, STM32MP135CAG3, STM32MP135DAE7, STM32MP135DAF7, STM32MP135DAG7, STM32MP135F-DK, STM32MP135FAE7, STM32MP135FAF7, STM32MP135FAF7T, STM32MP135FAF7U, STM32MP135FAG7, STM32MP231AAJ3, STM32MP231AAK3, STM32MP231AAL3, STM32MP231CAJ3, STM32MP231CAK3, STM32MP231CAL3, STM32MP231DAJ3, STM32MP231DAK3, STM32MP231DAL3, STM32MP231FAJ3, STM32MP231FAK3, STM32MP231FAL3, STM32MP233AAJ3, STM32MP233AAK3, STM32MP233AAL3, STM32MP233CAJ3, STM32MP233CAK3, STM32MP233CAL3, STM32MP233DAJ3, STM32MP233DAK3, STM32MP233DAL3, STM32MP233FAJ3, STM32MP233FAK3, STM32MP233FAL3, STM32MP235AAJ3, STM32MP235AAK3, STM32MP235AAL3, STM32MP235CAJ3, STM32MP235CAK3, STM32MP235CAL3, STM32MP235DAJ3, STM32MP235DAK3, STM32MP235DAL3, STM32MP235FAJ3, STM32MP235FAK3, STM32MP235FAL3, STM32MP251AAI3, STM32MP251AAJ3, STM32MP251AAK3, STM32MP251AAL3, STM32MP251CAI3, STM32MP251CAJ3, STM32MP251CAK3, STM32MP251CAL3, STM32MP251DAI3, STM32MP251DAJ3, STM32MP251DAK3, STM32MP251DAL3, STM32MP251FAI3, STM32MP251FAJ3, STM32MP251FAK3, STM32MP251FAL3, STM32MP253AAI3, STM32MP253AAJ3, STM32MP253AAK3, STM32MP253AAL3, STM32MP253CAI3, STM32MP253CAJ3, STM32MP253CAK3, STM32MP253CAL3, STM32MP253DAI3, STM32MP253DAJ3, STM32MP253DAK3, STM32MP253DAL3, STM32MP253FAI3, STM32MP253FAJ3, STM32MP253FAK3, STM32MP253FAL3, STM32MP255AAI3, STM32MP255AAJ3, STM32MP255AAK3, STM32MP255AAL3, STM32MP255CAI3, STM32MP255CAJ3, STM32MP255CAK3, STM32MP255CAL3, STM32MP255DAI3, STM32MP255DAJ3, STM32MP255DAK3, STM32MP255DAL3, STM32MP255FAI3, STM32MP255FAJ3, STM32MP255FAK3, STM32MP255FAL3, STM32MP257AAI3, STM32MP257AAJ3, STM32MP257AAK3, STM32MP257AAL3, STM32MP257CAI3, STM32MP257CAJ3, STM32MP257CAK3, STM32MP257CAL3, STM32MP257DAI3, STM32MP257DAJ3, STM32MP257DAK3, STM32MP257DAL3, STM32MP257F-DK, STM32MP257F-EV1, STM32MP257FAI3, STM32MP257FAJ3, STM32MP257FAK3, STM32MP257FAL3, STM32N645A0H3Q, STM32N645B0H3Q, STM32N645I0H3Q, STM32N645L0H3Q, STM32N645X0H3Q, STM32N645Z0H3Q, STM32N647A0H3Q, STM32N647B0H3Q, STM32N647I0H3Q, STM32N647L0H3Q, STM32N647X0H3Q, STM32N647Z0H3Q, STM32N655A0H3Q, STM32N655B0H3Q, STM32N655I0H3Q, STM32N655L0H3Q, STM32N655X0H3Q, STM32N655Z0H3Q, STM32N6570-DK, STM32N657A0H3Q, STM32N657B0H3Q, STM32N657I0H3Q, STM32N657L0H3Q, STM32N657X0H3Q, STM32N657Z0H3Q, STM32U031C6T6, STM32U031C6U6, STM32U031C8T6, STM32U031C8U6, STM32U031F4P6, STM32U031F6P6, STM32U031F8P6, STM32U031G6Y6TR, STM32U031G8Y6TR, STM32U031K4U6, STM32U031K6U6, STM32U031K8U6, STM32U031R6I6, STM32U031R6T6, STM32U031R8I6, STM32U031R8T6, STM32U073C8T6, STM32U073C8U6, STM32U073CBT6, STM32U073CBU6, STM32U073CCT6, STM32U073CCU6, STM32U073H8Y6TR, STM32U073HBY6TR, STM32U073HCY6TR, STM32U073K8U6, STM32U073KBU6, STM32U073KCU6, STM32U073M8I6, STM32U073M8T6, STM32U073MBI6, STM32U073MBT6, STM32U073MCI6, STM32U073MCT6, STM32U073R8I6, STM32U073R8T6, STM32U073RBI6, STM32U073RBT6, STM32U073RCI6, STM32U073RCT6, STM32U083C-DK, STM32U083CCT6, STM32U083CCU6, STM32U083HCY6TR, STM32U083KCU6, STM32U083MCI6, STM32U083MCT6, STM32U083RCI6, STM32U083RCT6, STM32U375CET6, STM32U375CET6Q, STM32U375CEU6, STM32U375CEU6Q, STM32U375CEY6QTR, STM32U375CGT6, STM32U375CGT6Q, STM32U375CGU6, STM32U375CGU6Q, STM32U375CGY6QTR, STM32U375KEU6, STM32U375KGU6, STM32U375REI6, STM32U375REI6Q, STM32U375RET6, STM32U375RET6Q, STM32U375REY6GTR, STM32U375REY6QTR, STM32U375RGI6, STM32U375RGI6Q, STM32U375RGT6, STM32U375RGT6Q, STM32U375RGY6GTR, STM32U375RGY6QTR, STM32U375VEI6, STM32U375VEI6Q, STM32U375VET6, STM32U375VET6Q, STM32U375VGI6, STM32U375VGI6Q, STM32U375VGT6, STM32U375VGT6Q, STM32U385CGT6, STM32U385CGT6Q, STM32U385CGU6, STM32U385CGU6Q, STM32U385CGY6QTR, STM32U385KGU6, STM32U385RGI6, STM32U385RGI6Q, STM32U385RGT6, STM32U385RGT6Q, STM32U385RGY6GTR, STM32U385RGY6QTR, STM32U385VGI6, STM32U385VGI6Q, STM32U385VGT6, STM32U385VGT6Q, STM32U535CBT6, STM32U535CBT6Q, STM32U535CBU6, STM32U535CBU6Q, STM32U535CCT6, STM32U535CCT6Q, STM32U535CCU6, STM32U535CCU6Q, STM32U535CET6, STM32U535CET6Q, STM32U535CEU6, STM32U535CEU6Q, STM32U535JEY6QTR, STM32U535NCY6QTR, STM32U535NEY6QTR, STM32U535RBI6, STM32U535RBI6Q, STM32U535RBT6, STM32U535RBT6Q, STM32U535RCI6, STM32U535RCI6Q, STM32U535RCT6, STM32U535RCT6Q, STM32U535REI6, STM32U535REI6Q, STM32U535RET6, STM32U535RET6Q, STM32U535VCI6, STM32U535VCI6Q, STM32U535VCT6, STM32U535VCT6Q, STM32U535VEI6, STM32U535VEI6Q, STM32U535VET6, STM32U535VET6Q, STM32U545CET6, STM32U545CET6Q, STM32U545CEU6, STM32U545CEU6Q, STM32U545JEY6QTR, STM32U545NEY6QTR, STM32U545REI6, STM32U545REI6Q, STM32U545RET6, STM32U545RET6Q, STM32U545VEI6, STM32U545VEI6Q, STM32U545VET6, STM32U545VET6Q, STM32U595AIH6, STM32U595AIH6Q, STM32U595AJH6, STM32U595AJH6Q, STM32U595QII6, STM32U595QII6Q, STM32U595QJI6, STM32U595QJI6Q, STM32U595RIT6, STM32U595RIT6Q, STM32U595RJT6, STM32U595RJT6Q, STM32U595VIT6, STM32U595VIT6Q, STM32U595VJT6, STM32U595VJT6Q, STM32U595ZIT6, STM32U595ZIT6Q, STM32U595ZIY6QTR, STM32U595ZJT6, STM32U595ZJT6Q, STM32U595ZJY6QTR, STM32U599BJY6QTR, STM32U599NIH6Q, STM32U599NJH6Q, STM32U599VIT6Q, STM32U599VJT6, STM32U599VJT6Q, STM32U599ZIT6Q, STM32U599ZIY6QTR, STM32U599ZJT6Q, STM32U599ZJY6QTR, STM32U5A5AJH6, STM32U5A5AJH6Q, STM32U5A5QII3Q , STM32U5A5QJI6, STM32U5A5QJI6Q, STM32U5A5RJT6, STM32U5A5RJT6Q, STM32U5A5VJT6, STM32U5A5VJT6Q, STM32U5A5ZJT6, STM32U5A5ZJT6Q, STM32U5A5ZJY6QTR, STM32U5A9BJY6QTR, STM32U5A9J-DK, STM32U5A9NJH6Q, STM32U5A9VJT6Q, STM32U5A9ZJT6Q, STM32U5A9ZJY6QTR, STM32U5F7VIT6, STM32U5F7VIT6Q, STM32U5F7VJT6, STM32U5F7VJT6Q, STM32U5F9BJY6QTR, STM32U5F9NJH6Q, STM32U5F9VIT6Q, STM32U5F9VJT6Q, STM32U5F9ZIJ6QTR, STM32U5F9ZIT6Q, STM32U5F9ZJJ6QTR, STM32U5F9ZJT6Q, STM32U5G7VJT6, STM32U5G7VJT6Q, STM32U5G9BJY6QTR, STM32U5G9J-DK1, STM32U5G9J-DK2, STM32U5G9NJH6Q, STM32U5G9VJT6Q, STM32U5G9ZJJ6QTR, STM32U5G9ZJT6Q, STM32WB05KZV6TR, STM32WB05KZV7TR, STM32WB05TZF6TR, STM32WB05TZF7TR, STM32WB06CCF6TR, STM32WB06CCF7TR, STM32WB06CCV6TR, STM32WB06CCV7TR, STM32WB06KCV6TR, STM32WB06KCV7TR, STM32WB07CCF6TR, STM32WB07CCF7TR, STM32WB07CCV6TR, STM32WB07CCV7TR, STM32WB07KCV6TR, STM32WB07KCV7TR, STM32WB09KEV6TR, STM32WB09KEV7TR, STM32WB09TEF6TR, STM32WB09TEF7TR, STM32WB1MMCH6, STM32WBA50KGU6, STM32WBA50KGU6TR, STM32WBA52CEU6, STM32WBA52CEU6TR, STM32WBA52CEU7, STM32WBA52CEU7TR, STM32WBA52CGU6, STM32WBA52CGU6TR, STM32WBA52CGU6U, STM32WBA52CGU7, STM32WBA52CGU7TR, STM32WBA52KEU6, STM32WBA52KEU6TR, STM32WBA52KGU6, STM32WBA52KGU6TR, STM32WBA54CEU6, STM32WBA54CEU6TR, STM32WBA54CEU7, STM32WBA54CEU7TR, STM32WBA54CGU6, STM32WBA54CGU6TR, STM32WBA54CGU7, STM32WBA54CGU7TR, STM32WBA54KEU6, STM32WBA54KEU6TR, STM32WBA54KEU7, STM32WBA54KEU7TR, STM32WBA54KGU6, STM32WBA54KGU6TR, STM32WBA54KGU7, STM32WBA54KGU7TR, STM32WBA55CEU6, STM32WBA55CEU6TR, STM32WBA55CEU7, STM32WBA55CEU7TR, STM32WBA55CGU6, STM32WBA55CGU6TR, STM32WBA55CGU6U, STM32WBA55CGU7, STM32WBA55CGU7TR, STM32WBA55G-DK1, STM32WBA55HEF6, STM32WBA55HEF7, STM32WBA55HGF6, STM32WBA55HGF7, STM32WBA55UEI6, STM32WBA55UEI6TR, STM32WBA55UEI7, STM32WBA55UEI7TR, STM32WBA55UGI6, STM32WBA55UGI6TR, STM32WBA55UGI7, STM32WBA55UGI7TR, STM32WBA5MJGH6TR, STM32WBA62CGU6, STM32WBA62CIU6, STM32WBA62MGF6, STM32WBA62MIF6, STM32WBA62PGI6, STM32WBA62PII6, STM32WBA63CGU6, STM32WBA63CGU7, STM32WBA63CIU6, STM32WBA63CIU7, STM32WBA64CGU6, STM32WBA64CGU7, STM32WBA64CIU6, STM32WBA64CIU7, STM32WBA65CGU6, STM32WBA65CGU7, STM32WBA65CIU6, STM32WBA65CIU7, STM32WBA65I-DK1, STM32WBA65MGF6, STM32WBA65MGF7, STM32WBA65MIF6, STM32WBA65MIF7, STM32WBA65PGI6, STM32WBA65PGI7, STM32WBA65PII6, STM32WBA65PII7, STM32WBA65RGV6, STM32WBA65RGV7, STM32WBA65RIV6, STM32WBA65RIV7, STM32WL30K8V6, STM32WL30KBV6, STM32WL31C8V6, STM32WL31CBV6, STM32WL31K8V6, STM32WL31KBV6, STM32WL33C8V6, STM32WL33C8V6TR, STM32WL33C8V7, STM32WL33C8V7TR, STM32WL33CBV6, STM32WL33CBV6TR, STM32WL33CBV7, STM32WL33CBV7TR, STM32WL33CCV6, STM32WL33CCV6TR, STM32WL33CCV7, STM32WL33CCV7A, STM32WL33CCV7ATR, STM32WL33CCV7TR, STM32WL33K8V6, STM32WL33K8V6TR, STM32WL33K8V7, STM32WL33K8V7TR, STM32WL33KBV6, STM32WL33KBV6TR, STM32WL33KBV7, STM32WL33KBV7TR, STM32WL33KCV6, STM32WL33KCV6TR, STM32WL33KCV7, STM32WL33KCV7TR, STM32WL5MOCH6, STM32WL5MOCH6TR]
2025-06-26 10:33:32,844 [INFO] DbMcus:218 - Found 4686 MCUs, 4686 are supported
2025-06-26 10:33:32,853 [INFO] ApiDb:423 - Load user favorites file C:\Users\marcv/.stm32cubeide/favorites.mcus.txt: 1 item(s)
2025-06-26 10:33:32,853 [INFO] ApiDb:427 - User favorites MCUs=[STM32H750VBT6]
2025-06-26 10:33:32,853 [INFO] DbMcus:224 - Set 1 / 1 favorites MCUs
2025-06-26 10:33:33,353 [INFO] ApiDb:423 - Load user favorites file C:\Users\marcv/.stm32cubeide/favorites.boards.txt: 0 item(s)
2025-06-26 10:33:33,354 [INFO] ApiDb:427 - User favorites Boards=[]
2025-06-26 10:33:33,354 [INFO] DbBoards:198 - Set 0 / 0 favorites Boards
2025-06-26 10:33:33,394 [INFO] UtilMem:75 - End LoadConfig() Used Memory: 844462160 Bytes (1073741824)
2025-06-26 10:33:33,558 [WARN] ThirdParty:833 - waiting for thirdparty lock release [change project]
2025-06-26 10:33:33,558 [INFO] ThirdParty:835 - entering critical section [change project]
2025-06-26 10:33:33,558 [INFO] ThirdParty:1030 - CMSIS Pack Vendor :STMicroelectronics X-CUBE-PM33A1 1.0.0
2025-06-26 10:33:33,558 [INFO] ThirdParty:1030 - CMSIS Pack Vendor :STMicroelectronics USBPD 4.1
2025-06-26 10:33:33,559 [INFO] ThirdParty:1030 - CMSIS Pack Vendor :STMicroelectronics X-CUBE-AZRTOS-H7 3.3.0
2025-06-26 10:33:33,559 [INFO] ThirdParty:1030 - CMSIS Pack Vendor :STMicroelectronics X-CUBE-NFC9 1.0.0
2025-06-26 10:33:33,559 [INFO] ThirdParty:1030 - CMSIS Pack Vendor :STMicroelectronics USB_HOST 2.0.0
2025-06-26 10:33:33,559 [INFO] ThirdParty:1030 - CMSIS Pack Vendor :STMicroelectronics FP-SNS-MOTENVWB1 1.4.0
2025-06-26 10:33:33,559 [INFO] ThirdParty:1030 - CMSIS Pack Vendor :STMicroelectronics X-CUBE-AZRTOS-F4 1.1.0
2025-06-26 10:33:33,559 [INFO] ThirdParty:1030 - CMSIS Pack Vendor :STMicroelectronics LIBJPEG 8.0.0
2025-06-26 10:33:33,559 [INFO] ThirdParty:1030 - CMSIS Pack Vendor :STMicroelectronics FP-ATR-ASTRA1 2.0.2
2025-06-26 10:33:33,559 [INFO] ThirdParty:1030 - CMSIS Pack Vendor :STMicroelectronics X-CUBE-BLE1 7.1.0
2025-06-26 10:33:33,559 [INFO] ThirdParty:1030 - CMSIS Pack Vendor :Avnet-IotConnect X-CUBE-IoTC-DA16k-PMOD 1.0.0
2025-06-26 10:33:33,559 [INFO] ThirdParty:1030 - CMSIS Pack Vendor :STMicroelectronics X-CUBE-SMBUS 2.1.0
2025-06-26 10:33:33,559 [INFO] ThirdParty:1030 - CMSIS Pack Vendor :STMicroelectronics X-CUBE-WB05N 1.1.0
2025-06-26 10:33:33,559 [INFO] ThirdParty:1030 - CMSIS Pack Vendor :wolfSSL I-CUBE-wolfMQTT 1.19.2
2025-06-26 10:33:33,559 [INFO] ThirdParty:1030 - CMSIS Pack Vendor :STMicroelectronics USB_DEVICE 3.0.0
2025-06-26 10:33:33,559 [INFO] ThirdParty:1030 - CMSIS Pack Vendor :STMicroelectronics X-CUBE-ISPU 2.1.0
2025-06-26 10:33:33,559 [INFO] ThirdParty:1030 - CMSIS Pack Vendor :STMicroelectronics X-CUBE-AZRTOS-WB 2.0.0
2025-06-26 10:33:33,560 [INFO] ThirdParty:1030 - CMSIS Pack Vendor :STMicroelectronics X-CUBE-ST60 1.0.0
2025-06-26 10:33:33,560 [INFO] ThirdParty:1030 - CMSIS Pack Vendor :STMicroelectronics X-CUBE-GNSS1 7.0.1
2025-06-26 10:33:33,560 [INFO] ThirdParty:1030 - CMSIS Pack Vendor :STMicroelectronics X-CUBE-AZRTOS-F7 1.1.0
2025-06-26 10:33:33,560 [INFO] ThirdParty:1030 - CMSIS Pack Vendor :STMicroelectronics X-CUBE-AZRTOS-L5 2.0.0
2025-06-26 10:33:33,560 [INFO] ThirdParty:1030 - CMSIS Pack Vendor :STMicroelectronics X-CUBE-TOUCHGFX 4.25.0
2025-06-26 10:33:33,560 [INFO] ThirdParty:1030 - CMSIS Pack Vendor :STMicroelectronics USB_DEVICE 2.0.0
2025-06-26 10:33:33,560 [INFO] ThirdParty:1030 - CMSIS Pack Vendor :STMicroelectronics X-CUBE-NFC6 3.1.0
2025-06-26 10:33:33,560 [INFO] ThirdParty:1030 - CMSIS Pack Vendor :STMicroelectronics X-CUBE-AI 10.1.0
2025-06-26 10:33:33,560 [INFO] ThirdParty:1030 - CMSIS Pack Vendor :STMicroelectronics FP-SNS-STBOX1 2.0.0
2025-06-26 10:33:33,560 [INFO] ThirdParty:1030 - CMSIS Pack Vendor :STMicroelectronics X-CUBE-MEMS1 11.2.0
2025-06-26 10:33:33,560 [INFO] ThirdParty:1030 - CMSIS Pack Vendor :STMicroelectronics FreeRTOS 0.0.1
2025-06-26 10:33:33,560 [INFO] ThirdParty:1030 - CMSIS Pack Vendor :STMicroelectronics X-CUBE-AZRTOS-G0 1.1.0
2025-06-26 10:33:33,560 [INFO] ThirdParty:1030 - CMSIS Pack Vendor :STMicroelectronics X-CUBE-SAFEA1 1.2.2
2025-06-26 10:33:33,560 [INFO] ThirdParty:1030 - CMSIS Pack Vendor :STMicroelectronics X-CUBE-NFC4 3.0.0
2025-06-26 10:33:33,560 [INFO] ThirdParty:1030 - CMSIS Pack Vendor :STMicroelectronics X-CUBE-DPower 1.2.0
2025-06-26 10:33:33,560 [INFO] ThirdParty:1030 - CMSIS Pack Vendor :STMicroelectronics X-CUBE-SUBG2 5.0.0
2025-06-26 10:33:33,561 [INFO] ThirdParty:1030 - CMSIS Pack Vendor :STMicroelectronics X-CUBE-AZRTOS-H7RS 1.1.0
2025-06-26 10:33:33,561 [INFO] ThirdParty:1030 - CMSIS Pack Vendor :STMicroelectronics STM32_WPAN 1.0.0
2025-06-26 10:33:33,561 [INFO] ThirdParty:1030 - CMSIS Pack Vendor :EmbeddedOffice I-CUBE-FS-RTOS 1.0.1
2025-06-26 10:33:33,561 [INFO] ThirdParty:1030 - CMSIS Pack Vendor :STMicroelectronics lwIP 2.0.3
2025-06-26 10:33:33,561 [INFO] ThirdParty:1030 - CMSIS Pack Vendor :STMicroelectronics FP-SNS-FLIGHT1 5.0.2
2025-06-26 10:33:33,561 [INFO] ThirdParty:1030 - CMSIS Pack Vendor :Cesanta I-CUBE-Mongoose 7.13.0
2025-06-26 10:33:33,561 [INFO] ThirdParty:1030 - CMSIS Pack Vendor :STMicroelectronics USB_HOST 1.0.0
2025-06-26 10:33:33,561 [INFO] ThirdParty:1030 - CMSIS Pack Vendor :Infineon AIROC-Wi-Fi-Bluetooth-STM32 1.7.0
2025-06-26 10:33:33,561 [INFO] ThirdParty:1030 - CMSIS Pack Vendor :STMicroelectronics X-CUBE-AZRTOS-G4 2.0.0
2025-06-26 10:33:33,561 [INFO] ThirdParty:1030 - CMSIS Pack Vendor :STMicroelectronics X-CUBE-WB05N 2.0.0
2025-06-26 10:33:33,561 [INFO] ThirdParty:1030 - CMSIS Pack Vendor :STMicroelectronics PDM2PCM 3.1.0
2025-06-26 10:33:33,561 [INFO] ThirdParty:1030 - CMSIS Pack Vendor :STMicroelectronics PDM2PCM 3.3.0
2025-06-26 10:33:33,561 [INFO] ThirdParty:1030 - CMSIS Pack Vendor :wolfSSL I-CUBE-wolfTPM 3.8.0
2025-06-26 10:33:33,561 [INFO] ThirdParty:1030 - CMSIS Pack Vendor :STMicroelectronics X-CUBE-DISPLAY 3.0.0
2025-06-26 10:33:33,561 [INFO] ThirdParty:1030 - CMSIS Pack Vendor :wolfSSL I-CUBE-wolfSSH 1.4.20
2025-06-26 10:33:33,561 [INFO] ThirdParty:1030 - CMSIS Pack Vendor :STMicroelectronics X-CUBE-NFC7 2.0.0
2025-06-26 10:33:33,562 [INFO] ThirdParty:1030 - CMSIS Pack Vendor :STMicroelectronics X-CUBE-TCPP 4.2.0
2025-06-26 10:33:33,562 [INFO] ThirdParty:1030 - CMSIS Pack Vendor :RealThread X-CUBE-RT-Thread_Nano 4.1.1
2025-06-26 10:33:33,562 [INFO] ThirdParty:1030 - CMSIS Pack Vendor :STMicroelectronics FP-ATR-SIGFOX1 3.2.0
2025-06-26 10:33:33,562 [INFO] ThirdParty:1030 - CMSIS Pack Vendor :STMicroelectronics X-CUBE-NFC10 1.0.0
2025-06-26 10:33:33,562 [INFO] ThirdParty:1030 - CMSIS Pack Vendor :STMicroelectronics X-CUBE-BLEMGR 4.0.0
2025-06-26 10:33:33,562 [INFO] ThirdParty:1030 - CMSIS Pack Vendor :STMicroelectronics X-CUBE-EEPRMA1 5.1.0
2025-06-26 10:33:33,562 [INFO] ThirdParty:1030 - CMSIS Pack Vendor :STMicroelectronics X-CUBE-FREERTOS 1.3.1
2025-06-26 10:33:33,562 [INFO] ThirdParty:1030 - CMSIS Pack Vendor :STMicroelectronics HAL Drivers 0.0.0
2025-06-26 10:33:33,562 [INFO] ThirdParty:1030 - CMSIS Pack Vendor :STMicroelectronics MBEDTLS 2.16.2
2025-06-26 10:33:33,562 [INFO] ThirdParty:1030 - CMSIS Pack Vendor :STMicroelectronics X-CUBE-IPS 3.1.0
2025-06-26 10:33:33,562 [INFO] ThirdParty:1030 - CMSIS Pack Vendor :STMicroelectronics X-CUBE-ALS 1.0.2
2025-06-26 10:33:33,562 [INFO] ThirdParty:1030 - CMSIS Pack Vendor :emotas I-CUBE-CANOPEN 1.3.0
2025-06-26 10:33:33,562 [INFO] ThirdParty:1030 - CMSIS Pack Vendor :STMicroelectronics X-CUBE-FREERTOS 1.3.0
2025-06-26 10:33:33,563 [INFO] ThirdParty:1030 - CMSIS Pack Vendor :STMicroelectronics X-CUBE-NFC7 1.0.1
2025-06-26 10:33:33,563 [INFO] ThirdParty:1030 - CMSIS Pack Vendor :STMicroelectronics MBEDTLS 2.14.1
2025-06-26 10:33:33,563 [INFO] ThirdParty:1030 - CMSIS Pack Vendor :wolfSSL I-CUBE-wolfSSL 5.7.6
2025-06-26 10:33:33,563 [INFO] ThirdParty:1030 - CMSIS Pack Vendor :ITTIA_DB I-CUBE-ITTIADB 8.9.0
2025-06-26 10:33:33,563 [INFO] ThirdParty:1030 - CMSIS Pack Vendor :STMicroelectronics X-CUBE-TOUCHGFX 4.24.2
2025-06-26 10:33:33,563 [INFO] ThirdParty:1030 - CMSIS Pack Vendor :portGmbH I-Cube-SoM-uGOAL 1.1.0
2025-06-26 10:33:33,563 [INFO] ThirdParty:1030 - CMSIS Pack Vendor :quantropi X-CUBE-qispace-sdk-base 2.0.0
2025-06-26 10:33:33,563 [INFO] ThirdParty:1030 - CMSIS Pack Vendor :STMicroelectronics X-CUBE-AI 10.0.0
2025-06-26 10:33:33,563 [INFO] ThirdParty:1030 - CMSIS Pack Vendor :STMicroelectronics X-CUBE-ST67W61 1.0.0
2025-06-26 10:33:33,563 [INFO] ThirdParty:1030 - CMSIS Pack Vendor :STMicroelectronics ThreadX 1.0.0
2025-06-26 10:33:33,563 [INFO] ThirdParty:1030 - CMSIS Pack Vendor :STMicroelectronics FP-SNS-SMARTAG2 1.2.0
2025-06-26 10:33:33,563 [INFO] ThirdParty:1030 - CMSIS Pack Vendor :STMicroelectronics FP-SNS-FLIGHT1 5.1.0
2025-06-26 10:33:33,563 [INFO] ThirdParty:1030 - CMSIS Pack Vendor :STMicroelectronics X-CUBE-MEMS1 11.1.0
2025-06-26 10:33:33,563 [INFO] ThirdParty:1030 - CMSIS Pack Vendor :STMicroelectronics X-CUBE-AZRTOS-WL 2.0.0
2025-06-26 10:33:33,563 [INFO] ThirdParty:1030 - CMSIS Pack Vendor :SEGGER I-CUBE-embOS 1.3.1
2025-06-26 10:33:33,564 [INFO] ThirdParty:1030 - CMSIS Pack Vendor :STMicroelectronics X-CUBE-ALGOBUILD 1.4.0
2025-06-26 10:33:33,564 [INFO] ThirdParty:1030 - CMSIS Pack Vendor :STMicroelectronics X-CUBE-DPower 1.3.0
2025-06-26 10:33:33,564 [INFO] ThirdParty:1030 - CMSIS Pack Vendor :STMicroelectronics X-CUBE-MEMS1 11.3.0
2025-06-26 10:33:33,564 [INFO] ThirdParty:1030 - CMSIS Pack Vendor :STMicroelectronics FP-SNS-MOTENV1 5.0.0
2025-06-26 10:33:33,564 [INFO] ThirdParty:1030 - CMSIS Pack Vendor :STMicroelectronics USB_DEVICE 1.0.0
2025-06-26 10:33:33,564 [INFO] ThirdParty:1030 - CMSIS Pack Vendor :STMicroelectronics X-CUBE-AZRTOS-H7RS 1.0.0
2025-06-26 10:33:33,564 [INFO] ThirdParty:1030 - CMSIS Pack Vendor :STMicroelectronics X-CUBE-AZRTOS-L4 2.0.0
2025-06-26 10:33:33,564 [INFO] ThirdParty:1030 - CMSIS Pack Vendor :STMicroelectronics ThreadX 0.0.2
2025-06-26 10:33:33,564 [INFO] ThirdParty:1030 - CMSIS Pack Vendor :WES I-CUBE-Cesium 1.3.0
2025-06-26 10:33:33,564 [INFO] ThirdParty:1030 - CMSIS Pack Vendor :STMicroelectronics lwIP 2.1.2
2025-06-26 10:33:33,564 [INFO] ThirdParty:1030 - CMSIS Pack Vendor :STMicroelectronics X-CUBE-SFXS2LP1 4.0.0
2025-06-26 10:33:33,564 [INFO] ThirdParty:1030 - CMSIS Pack Vendor :STMicroelectronics X-CUBE-BLE2 3.3.0
2025-06-26 10:33:33,564 [INFO] ThirdParty:1030 - CMSIS Pack Vendor :STMicroelectronics X-CUBE-TOF1 3.4.2
2025-06-26 10:33:33,564 [INFO] ThirdParty:1030 - CMSIS Pack Vendor :STMicroelectronics X-CUBE-TOF1 3.4.3
2025-06-26 10:33:33,564 [INFO] ThirdParty:1030 - CMSIS Pack Vendor :STMicroelectronics PDM2PCM 3.2.0
2025-06-26 10:33:33,564 [INFO] ThirdParty:841 - exiting critical section [change project]
2025-06-26 10:33:34,274 [INFO] PinOutPanel:1589 - setPackage(No Configuration,No Configuration)
2025-06-26 10:33:34,275 [INFO] PinOutPanel:1589 - setPackage(STM32H743VITx,LQFP100)
2025-06-26 10:33:35,240 [INFO] UtilMem:75 - Before build in PCC Used Memory: 896080064 Bytes (1073741824)
2025-06-26 10:33:36,069 [INFO] UtilMem:75 - After build in PCC Used Memory: 1006180440 Bytes (1073741824)
2025-06-26 10:33:36,161 [INFO] ApiDbMcu:508 - Load IP Config File for FREERTOS
2025-06-26 10:33:36,209 [INFO] IPUIPlugin:80 - create IPUIPlugin
2025-06-26 10:33:36,210 [INFO] IPUIPlugin:80 - create IPUIPlugin
2025-06-26 10:33:36,210 [INFO] IPUIPlugin:80 - create IPUIPlugin
2025-06-26 10:33:36,210 [INFO] IPUIPlugin:80 - create IPUIPlugin
2025-06-26 10:33:36,210 [INFO] IPUIPlugin:80 - create IPUIPlugin
2025-06-26 10:33:36,210 [INFO] IPUIPlugin:80 - create IPUIPlugin
2025-06-26 10:33:36,211 [INFO] IPUIPlugin:80 - create IPUIPlugin
2025-06-26 10:33:36,211 [INFO] IPUIPlugin:80 - create IPUIPlugin
2025-06-26 10:33:36,211 [INFO] IPUIPlugin:80 - create IPUIPlugin
2025-06-26 10:33:36,212 [INFO] IPUIPlugin:80 - create IPUIPlugin
2025-06-26 10:33:36,212 [INFO] IPUIPlugin:80 - create IPUIPlugin
2025-06-26 10:33:36,212 [INFO] IPUIPlugin:80 - create IPUIPlugin
2025-06-26 10:33:36,212 [INFO] IPUIPlugin:80 - create IPUIPlugin
2025-06-26 10:33:36,212 [INFO] IPUIPlugin:80 - create IPUIPlugin
2025-06-26 10:33:36,212 [INFO] IPUIPlugin:80 - create IPUIPlugin
2025-06-26 10:33:36,212 [INFO] IPUIPlugin:80 - create IPUIPlugin
2025-06-26 10:33:36,213 [INFO] IPUIPlugin:80 - create IPUIPlugin
2025-06-26 10:33:36,213 [INFO] IPUIPlugin:80 - create IPUIPlugin
2025-06-26 10:33:36,213 [INFO] IPUIPlugin:80 - create IPUIPlugin
2025-06-26 10:33:36,213 [INFO] IPUIPlugin:80 - create IPUIPlugin
2025-06-26 10:33:36,213 [INFO] IPUIPlugin:80 - create IPUIPlugin
2025-06-26 10:33:36,213 [INFO] IPUIPlugin:80 - create IPUIPlugin
2025-06-26 10:33:36,214 [INFO] IPUIPlugin:80 - create IPUIPlugin
2025-06-26 10:33:36,214 [INFO] IPUIPlugin:80 - create IPUIPlugin
2025-06-26 10:33:36,214 [INFO] IPUIPlugin:80 - create IPUIPlugin
2025-06-26 10:33:36,214 [INFO] IPUIPlugin:80 - create IPUIPlugin
2025-06-26 10:33:36,214 [INFO] IPUIPlugin:80 - create IPUIPlugin
2025-06-26 10:33:36,214 [INFO] IPUIPlugin:80 - create IPUIPlugin
2025-06-26 10:33:36,214 [INFO] IPUIPlugin:80 - create IPUIPlugin
2025-06-26 10:33:36,214 [INFO] IPUIPlugin:80 - create IPUIPlugin
2025-06-26 10:33:36,214 [INFO] IPUIPlugin:80 - create IPUIPlugin
2025-06-26 10:33:36,215 [INFO] IPUIPlugin:80 - create IPUIPlugin
2025-06-26 10:33:36,215 [INFO] IPUIPlugin:80 - create IPUIPlugin
2025-06-26 10:33:36,215 [INFO] IPUIPlugin:80 - create IPUIPlugin
2025-06-26 10:33:36,215 [INFO] IPUIPlugin:80 - create IPUIPlugin
2025-06-26 10:33:36,215 [INFO] IPUIPlugin:80 - create IPUIPlugin
2025-06-26 10:33:36,216 [INFO] IPUIPlugin:80 - create IPUIPlugin
2025-06-26 10:33:36,216 [INFO] IPUIPlugin:80 - create IPUIPlugin
2025-06-26 10:33:36,216 [INFO] IPUIPlugin:80 - create IPUIPlugin
2025-06-26 10:33:36,216 [INFO] IPUIPlugin:80 - create IPUIPlugin
2025-06-26 10:33:36,216 [INFO] IPUIPlugin:80 - create IPUIPlugin
2025-06-26 10:33:36,217 [INFO] IPUIPlugin:80 - create IPUIPlugin
2025-06-26 10:33:36,217 [INFO] IPUIPlugin:80 - create IPUIPlugin
2025-06-26 10:33:36,218 [INFO] IPUIPlugin:80 - create IPUIPlugin
2025-06-26 10:33:36,218 [INFO] IPUIPlugin:80 - create IPUIPlugin
2025-06-26 10:33:36,219 [INFO] IPUIPlugin:80 - create IPUIPlugin
2025-06-26 10:33:36,219 [INFO] IPUIPlugin:80 - create IPUIPlugin
2025-06-26 10:33:36,219 [INFO] IPUIPlugin:80 - create IPUIPlugin
2025-06-26 10:33:36,219 [INFO] IPUIPlugin:80 - create IPUIPlugin
2025-06-26 10:33:36,220 [INFO] IPUIPlugin:80 - create IPUIPlugin
2025-06-26 10:33:36,220 [INFO] IPUIPlugin:80 - create IPUIPlugin
2025-06-26 10:33:36,220 [INFO] IPUIPlugin:80 - create IPUIPlugin
2025-06-26 10:33:36,220 [INFO] IPUIPlugin:80 - create IPUIPlugin
2025-06-26 10:33:36,221 [INFO] IPUIPlugin:80 - create IPUIPlugin
2025-06-26 10:33:36,221 [INFO] IPUIPlugin:80 - create IPUIPlugin
2025-06-26 10:33:36,221 [INFO] IPUIPlugin:80 - create IPUIPlugin
2025-06-26 10:33:36,221 [INFO] IPUIPlugin:80 - create IPUIPlugin
2025-06-26 10:33:36,222 [INFO] IPUIPlugin:80 - create IPUIPlugin
2025-06-26 10:33:36,222 [INFO] IPUIPlugin:80 - create IPUIPlugin
2025-06-26 10:33:36,222 [INFO] IPUIPlugin:80 - create IPUIPlugin
2025-06-26 10:33:36,223 [INFO] IPUIPlugin:80 - create IPUIPlugin
2025-06-26 10:33:36,223 [INFO] IPUIPlugin:80 - create IPUIPlugin
2025-06-26 10:33:36,223 [INFO] IPUIPlugin:80 - create IPUIPlugin
2025-06-26 10:33:36,223 [INFO] IPUIPlugin:80 - create IPUIPlugin
2025-06-26 10:33:36,224 [INFO] IPUIPlugin:80 - create IPUIPlugin
2025-06-26 10:33:36,224 [INFO] IPUIPlugin:80 - create IPUIPlugin
2025-06-26 10:33:36,224 [INFO] IPUIPlugin:80 - create IPUIPlugin
2025-06-26 10:33:36,225 [INFO] IPUIPlugin:80 - create IPUIPlugin
2025-06-26 10:33:36,225 [INFO] IPUIPlugin:80 - create IPUIPlugin
2025-06-26 10:33:36,226 [INFO] IPUIPlugin:80 - create IPUIPlugin
2025-06-26 10:33:36,226 [INFO] IPUIPlugin:80 - create IPUIPlugin
2025-06-26 10:33:36,226 [INFO] IPUIPlugin:80 - create IPUIPlugin
2025-06-26 10:33:36,226 [INFO] IPUIPlugin:80 - create IPUIPlugin
2025-06-26 10:33:36,227 [INFO] IPUIPlugin:80 - create IPUIPlugin
2025-06-26 10:33:36,227 [INFO] IPUIPlugin:80 - create IPUIPlugin
2025-06-26 10:33:36,227 [INFO] IPUIPlugin:80 - create IPUIPlugin
2025-06-26 10:33:36,227 [INFO] IPUIPlugin:80 - create IPUIPlugin
2025-06-26 10:33:36,228 [INFO] IPUIPlugin:80 - create IPUIPlugin
2025-06-26 10:33:36,228 [INFO] IPUIPlugin:80 - create IPUIPlugin
2025-06-26 10:33:36,228 [INFO] IPUIPlugin:80 - create IPUIPlugin
2025-06-26 10:33:36,229 [INFO] IPUIPlugin:80 - create IPUIPlugin
2025-06-26 10:33:36,229 [INFO] IPUIPlugin:80 - create IPUIPlugin
2025-06-26 10:33:36,229 [INFO] IPUIPlugin:80 - create IPUIPlugin
2025-06-26 10:33:36,230 [INFO] IPUIPlugin:80 - create IPUIPlugin
2025-06-26 10:33:36,230 [INFO] IPUIPlugin:80 - create IPUIPlugin
2025-06-26 10:33:36,230 [INFO] IPUIPlugin:80 - create IPUIPlugin
2025-06-26 10:33:36,231 [INFO] IPUIPlugin:80 - create IPUIPlugin
2025-06-26 10:33:36,231 [INFO] IPUIPlugin:80 - create IPUIPlugin
2025-06-26 10:33:36,232 [INFO] IPUIPlugin:80 - create IPUIPlugin
2025-06-26 10:33:36,233 [INFO] IPUIPlugin:80 - create IPUIPlugin
2025-06-26 10:33:36,233 [INFO] IPUIPlugin:80 - create IPUIPlugin
2025-06-26 10:33:36,234 [INFO] IPUIPlugin:80 - create IPUIPlugin
2025-06-26 10:33:36,234 [INFO] IPUIPlugin:80 - create IPUIPlugin
2025-06-26 10:33:36,235 [INFO] IPUIPlugin:80 - create IPUIPlugin
2025-06-26 10:33:36,235 [INFO] IPUIPlugin:80 - create IPUIPlugin
2025-06-26 10:33:36,236 [INFO] IPUIPlugin:80 - create IPUIPlugin
2025-06-26 10:33:36,236 [INFO] IPUIPlugin:80 - create IPUIPlugin
2025-06-26 10:33:36,263 [INFO] ApiDbMcu:508 - Load IP Config File for PDM2PCM
2025-06-26 10:33:36,316 [WARN] FreeRTOS:1023 - Null or empty value: should not occur! (nothing added to the table)
2025-06-26 10:33:36,567 [INFO] CADModel:165 - CPN selected for project levelSTM32H743VIT6
2025-06-26 10:33:36,567 [INFO] CADModel:114 - Register for checkConnection events
2025-06-26 10:33:36,570 [INFO] RtosManager:725 - Active RTOS found at IOC load: FREERTOS [Cortex-M7NS]
2025-06-26 10:33:36,616 [INFO] OpenFileManager:385 - Restore cursor
2025-06-26 10:33:42,737 [INFO] NvicIntPanel:101 - NVIC parent = com.st.microxplorer.plugins.ip.nvic.MultiNvicIntPanel[,0,0,0x0,invalid,layout=javax.swing.BoxLayout,alignmentX=0.0,alignmentY=0.0,border=,flags=9,maximumSize=,minimumSize=,preferredSize=]
2025-06-26 11:01:04,035 [INFO] MainUpdater:2872 - connection check result : 10
2025-06-26 11:01:04,035 [INFO] MainUpdater:2872 - connection check result : 10
2025-06-26 11:01:04,216 [INFO] I2cTimingTraitement:330 - 0x307075B1
2025-06-26 11:01:04,252 [INFO] MicroXplorer:468 - Change Database Path : 
2025-06-26 11:01:04,252 [INFO] MicroXplorer:498 - Change Database Version : DB.6.0.140
2025-06-26 11:01:04,284 [ERROR] ProjectManagerView:394 - 
java.lang.NullPointerException: Cannot invoke "javax.swing.JTextField.getText()" because the return value of "java.util.List.get(int)" is null
	at com.st.microxplorer.plugins.projectmanager.gui.ProjectChoiceTab$9.caretUpdate(ProjectChoiceTab.java:2678) ~[filemanager.jar:?]
	at javax.swing.text.JTextComponent.fireCaretUpdate(JTextComponent.java:408) ~[?:?]
	at javax.swing.text.JTextComponent$MutableCaretEvent.fire(JTextComponent.java:4484) ~[?:?]
	at javax.swing.text.JTextComponent$MutableCaretEvent.stateChanged(JTextComponent.java:4506) ~[?:?]
	at javax.swing.text.DefaultCaret.fireStateChanged(DefaultCaret.java:857) ~[?:?]
	at javax.swing.text.DefaultCaret.changeCaretPosition(DefaultCaret.java:1343) ~[?:?]
	at javax.swing.text.DefaultCaret.handleSetDot(DefaultCaret.java:1242) ~[?:?]
	at javax.swing.text.DefaultCaret.setDot(DefaultCaret.java:1223) ~[?:?]
	at javax.swing.text.DefaultCaret$Handler.insertUpdate(DefaultCaret.java:1819) ~[?:?]
	at javax.swing.text.AbstractDocument.fireInsertUpdate(AbstractDocument.java:227) ~[?:?]
	at javax.swing.text.AbstractDocument.handleInsertString(AbstractDocument.java:781) ~[?:?]
	at javax.swing.text.AbstractDocument.insertString(AbstractDocument.java:740) ~[?:?]
	at javax.swing.text.PlainDocument.insertString(PlainDocument.java:131) ~[?:?]
	at javax.swing.text.AbstractDocument.replace(AbstractDocument.java:699) ~[?:?]
	at javax.swing.text.JTextComponent.setText(JTextComponent.java:1725) ~[?:?]
	at com.st.microxplorer.plugins.projectmanager.gui.ProjectChoiceTab.createHeapStackFields(ProjectChoiceTab.java:979) ~[filemanager.jar:?]
	at com.st.microxplorer.plugins.projectmanager.gui.ProjectChoiceTab.buildLinkSettingsPanel(ProjectChoiceTab.java:3766) ~[filemanager.jar:?]
	at com.st.microxplorer.plugins.projectmanager.gui.ProjectChoiceTab.defineWindowsFields(ProjectChoiceTab.java:1962) ~[filemanager.jar:?]
	at com.st.microxplorer.plugins.projectmanager.gui.ProjectChoiceTab.updateSettings(ProjectChoiceTab.java:555) ~[filemanager.jar:?]
	at com.st.microxplorer.plugins.projectmanager.gui.ProjectSettingsPanel.UpdateDialog(ProjectSettingsPanel.java:245) ~[filemanager.jar:?]
	at com.st.microxplorer.plugins.projectmanager.ProjectManagerView.propertyChange(ProjectManagerView.java:391) ~[filemanager.jar:?]
	at java.beans.PropertyChangeSupport.fire(PropertyChangeSupport.java:343) ~[?:?]
	at java.beans.PropertyChangeSupport.firePropertyChange(PropertyChangeSupport.java:335) ~[?:?]
	at java.beans.PropertyChangeSupport.firePropertyChange(PropertyChangeSupport.java:268) ~[?:?]
	at com.st.microxplorer.util.MXPropertyChangeSupport.firePropertyChange(MXPropertyChangeSupport.java:54) ~[STM32CubeMX.jar:?]
	at com.st.microxplorer.mxsystem.MxSystem.closeConfig(MxSystem.java:899) ~[STM32CubeMX.jar:?]
	at com.st.microxplorer.maingui.MainPanel.closeConfig(MainPanel.java:789) ~[STM32CubeMX.jar:?]
	at com.st.microxplorer.plugins.filemanager.engine.OpenFileManager.loadConfigurationFile(OpenFileManager.java:287) ~[filemanager.jar:?]
	at com.st.microxplorer.plugins.filemanager.engine.MainFileManager.userLoadConfig(MainFileManager.java:341) ~[filemanager.jar:?]
	at com.st.microxplorer.plugins.filemanager.engine.MainFileManager.userLoadConfig(MainFileManager.java:319) ~[filemanager.jar:?]
	at com.st.microxplorer.plugins.filemanager.FileManagerView.getSpecificTask(FileManagerView.java:246) ~[filemanager.jar:?]
	at com.st.stm32cube.common.mx.editor.CubeMxEditor.getMxTabbedPaneInstance(CubeMxEditor.java:1198) ~[com.st.stm32cube.common.mx_6.14.0.202502271554/:?]
	at com.st.stm32cube.common.mx.editor.CubeMxEditor$12$1.createSwingComponent(CubeMxEditor.java:1068) ~[com.st.stm32cube.common.mx_6.14.0.202502271554/:?]
	at com.st.stm32cube.common.mx.oss.core.awtswtbridge.EmbeddedSwingComposite.doComponentCreation(EmbeddedSwingComposite.java:492) ~[com.st.stm32cube.common.mx.oss_6.14.0.202502271554/:?]
	at com.st.stm32cube.common.mx.oss.core.awtswtbridge.EmbeddedSwingComposite$4.run(EmbeddedSwingComposite.java:291) ~[com.st.stm32cube.common.mx.oss_6.14.0.202502271554/:?]
	at com.st.stm32cube.common.mx.oss.core.awtswtbridge.AwtEnvironment$2.run(AwtEnvironment.java:166) ~[com.st.stm32cube.common.mx.oss_6.14.0.202502271554/:?]
	at java.awt.event.InvocationEvent.dispatch(InvocationEvent.java:318) ~[?:?]
	at java.awt.EventQueue.dispatchEventImpl(EventQueue.java:773) ~[?:?]
	at java.awt.EventQueue$4.run(EventQueue.java:720) ~[?:?]
	at java.awt.EventQueue$4.run(EventQueue.java:714) ~[?:?]
	at java.security.AccessController.doPrivileged(AccessController.java:400) ~[?:?]
	at java.security.ProtectionDomain$JavaSecurityAccessImpl.doIntersectionPrivilege(ProtectionDomain.java:87) ~[?:?]
	at java.awt.EventQueue.dispatchEvent(EventQueue.java:742) ~[?:?]
	at java.awt.EventDispatchThread.pumpOneEventForFilters(EventDispatchThread.java:203) ~[?:?]
	at java.awt.EventDispatchThread.pumpEventsForFilter(EventDispatchThread.java:124) ~[?:?]
	at java.awt.EventDispatchThread.pumpEventsForHierarchy(EventDispatchThread.java:113) ~[?:?]
	at java.awt.EventDispatchThread.pumpEvents(EventDispatchThread.java:109) ~[?:?]
	at java.awt.EventDispatchThread.pumpEvents(EventDispatchThread.java:101) ~[?:?]
	at java.awt.EventDispatchThread.run(EventDispatchThread.java:90) ~[?:?]
2025-06-26 11:01:04,292 [WARN] ThirdParty:871 - waiting for thirdparty lock release [close project]
2025-06-26 11:01:04,292 [INFO] ThirdParty:873 - entering critical section [close project]
2025-06-26 11:01:04,293 [INFO] ThirdParty:883 - exiting critical section [close project]
2025-06-26 11:01:04,297 [INFO] PinOutPanel:1589 - setPackage(No Configuration,No Configuration)
2025-06-26 11:01:04,312 [WARN] IpParametersView:155 - Warning: This peripheral hasn't parameters
2025-06-26 11:01:04,329 [WARN] MainPanel:289 - <html><b><center>Warning: This peripheral has no parameters to be configured<br></b></html>
2025-06-26 11:01:04,342 [INFO] UtilMem:75 - Begin LoadConfig() Used Memory: 941522960 Bytes (1073741824)
2025-06-26 11:01:04,343 [INFO] MicroXplorer:468 - Change Database Path : 
2025-06-26 11:01:04,343 [INFO] MicroXplorer:498 - Change Database Version : DB.6.0.140
2025-06-26 11:01:04,344 [INFO] OpenFileManager:354 - Change cursor
2025-06-26 11:01:04,365 [INFO] Mcu:2011 - Initializing MCU STM32H743VITx STM32H743VITx STM32H743VIT6
2025-06-26 11:01:07,584 [INFO] Context:756 - Trying to add GPIOservice into a context  which must be forbidden
2025-06-26 11:01:09,074 [INFO] ImportTextPane:218 - (OptionalMessage_ERROR) Pin37 (VP_RIF_VS_RIF1) cannot be retrieved for this MCU
2025-06-26 11:01:09,235 [INFO] RtosManager:558 - Registered RTOS mode: class=CMSIS, group=RTOS, mode=CMSIS_V1, owner=FREERTOS
2025-06-26 11:01:09,235 [INFO] RtosManager:558 - Registered RTOS mode: class=CMSIS, group=RTOS2, mode=CMSIS_V2, owner=FREERTOS
2025-06-26 11:01:09,235 [INFO] RtosManager:558 - Registered RTOS mode: class=RTOS, group=Core, mode=CMSIS_V1, owner=FREERTOS
2025-06-26 11:01:09,235 [INFO] RtosManager:558 - Registered RTOS mode: class=RTOS, group=Core, mode=CMSIS_V2, owner=FREERTOS
2025-06-26 11:01:09,235 [WARN] ModelIntegratedComponent:184 - Missing modes for component STMicroelectronics:FreeRTOS:0.0.1:STMicroelectronics:RTOS:FreeRTOS:Core:::10.2.0:
2025-06-26 11:01:09,244 [WARN] ModelIntegratedComponent:63 - No mode defined for component null
2025-06-26 11:01:09,244 [WARN] ModelIntegratedComponent:63 - No mode defined for component null
2025-06-26 11:01:09,244 [WARN] ModelIntegratedComponent:63 - No mode defined for component null
2025-06-26 11:01:09,244 [WARN] ModelIntegratedComponent:63 - No mode defined for component null
2025-06-26 11:01:09,244 [WARN] ModelIntegratedComponent:63 - No mode defined for component null
2025-06-26 11:01:09,244 [WARN] ModelIntegratedComponent:63 - No mode defined for component null
2025-06-26 11:01:09,244 [WARN] ModelIntegratedComponent:63 - No mode defined for component null
2025-06-26 11:01:09,244 [WARN] ModelIntegratedComponent:63 - No mode defined for component null
2025-06-26 11:01:09,244 [WARN] ModelIntegratedComponent:63 - No mode defined for component null
2025-06-26 11:01:09,244 [WARN] ModelIntegratedComponent:63 - No mode defined for component null
2025-06-26 11:01:09,244 [WARN] ModelIntegratedComponent:63 - No mode defined for component null
2025-06-26 11:01:09,245 [WARN] ModelIntegratedComponent:63 - No mode defined for component null
2025-06-26 11:01:09,245 [WARN] ModelIntegratedComponent:63 - No mode defined for component null
2025-06-26 11:01:09,245 [WARN] ModelIntegratedComponent:63 - No mode defined for component null
2025-06-26 11:01:09,245 [WARN] ModelIntegratedComponent:63 - No mode defined for component null
2025-06-26 11:01:09,245 [WARN] ModelIntegratedComponent:63 - No mode defined for component null
2025-06-26 11:01:09,245 [WARN] ModelIntegratedComponent:63 - No mode defined for component null
2025-06-26 11:01:09,245 [WARN] ModelIntegratedComponent:63 - No mode defined for component null
2025-06-26 11:01:09,245 [WARN] ModelIntegratedComponent:63 - No mode defined for component null
2025-06-26 11:01:09,245 [WARN] ModelIntegratedComponent:63 - No mode defined for component null
2025-06-26 11:01:09,245 [WARN] ModelIntegratedComponent:63 - No mode defined for component null
2025-06-26 11:01:09,245 [WARN] ModelIntegratedComponent:63 - No mode defined for component null
2025-06-26 11:01:09,245 [WARN] ModelIntegratedComponent:63 - No mode defined for component null
2025-06-26 11:01:09,245 [WARN] ModelIntegratedComponent:63 - No mode defined for component null
2025-06-26 11:01:09,245 [WARN] ModelIntegratedComponent:63 - No mode defined for component null
2025-06-26 11:01:09,245 [WARN] ModelIntegratedComponent:63 - No mode defined for component null
2025-06-26 11:01:09,246 [WARN] ModelIntegratedComponent:63 - No mode defined for component null
2025-06-26 11:01:09,246 [WARN] ModelIntegratedComponent:63 - No mode defined for component null
2025-06-26 11:01:09,246 [WARN] ModelIntegratedComponent:63 - No mode defined for component null
2025-06-26 11:01:09,246 [WARN] ModelIntegratedComponent:63 - No mode defined for component null
2025-06-26 11:01:09,246 [WARN] ModelIntegratedComponent:63 - No mode defined for component null
2025-06-26 11:01:09,246 [WARN] ModelIntegratedComponent:63 - No mode defined for component null
2025-06-26 11:01:09,246 [WARN] ModelIntegratedComponent:63 - No mode defined for component null
2025-06-26 11:01:09,246 [WARN] ModelIntegratedComponent:63 - No mode defined for component null
2025-06-26 11:01:09,246 [WARN] ModelIntegratedComponent:63 - No mode defined for component null
2025-06-26 11:01:09,246 [WARN] ModelPack:524 - Component already loaded: STMicroelectronics:HAL Drivers:0.0.0:STMicroelectronics:Device:STMicro_Driver:XSPI:HAL::0.0.1:HAL_XSPI
2025-06-26 11:01:09,399 [INFO] ThirdPartyModel:298 - Start build external matchings
2025-06-26 11:01:10,466 [INFO] ThirdPartyModel:316 - End build external matchings
2025-06-26 11:01:10,495 [INFO] RtosManager:967 - Current active RTOS is FREERTOS [Cortex-M7NS]
2025-06-26 11:01:10,500 [INFO] ImportTextPane:218 - (OptionalMessage_ERROR) IP (DMA) : Parameter (Instance) has Id (TIM3_CH1) currently not set
2025-06-26 11:01:10,500 [INFO] ImportTextPane:218 - (OptionalMessage_ERROR) IP (DMA) : Parameter (Request) has Id (TIM3_CH1) currently not set
2025-06-26 11:01:10,500 [INFO] ImportTextPane:218 - (OptionalMessage_ERROR) IP (DMA) : Parameter (Direction) has Id (TIM3_CH1) currently not set
2025-06-26 11:01:10,500 [INFO] ImportTextPane:218 - (OptionalMessage_ERROR) IP (DMA) : Parameter (PeriphInc) has Id (TIM3_CH1) currently not set
2025-06-26 11:01:10,500 [INFO] ImportTextPane:218 - (OptionalMessage_ERROR) IP (DMA) : Parameter (MemInc) has Id (TIM3_CH1) currently not set
2025-06-26 11:01:10,500 [INFO] ImportTextPane:218 - (OptionalMessage_ERROR) IP (DMA) : Parameter (PeriphDataAlignment) has Id (TIM3_CH1) currently not set
2025-06-26 11:01:10,501 [INFO] ImportTextPane:218 - (OptionalMessage_ERROR) IP (DMA) : Parameter (MemDataAlignment) has Id (TIM3_CH1) currently not set
2025-06-26 11:01:10,501 [INFO] ImportTextPane:218 - (OptionalMessage_ERROR) IP (DMA) : Parameter (Mode) has Id (TIM3_CH1) currently not set
2025-06-26 11:01:10,501 [INFO] ImportTextPane:218 - (OptionalMessage_ERROR) IP (DMA) : Parameter (Priority) has Id (TIM3_CH1) currently not set
2025-06-26 11:01:10,501 [INFO] ImportTextPane:218 - (OptionalMessage_ERROR) IP (DMA) : Parameter (FIFOMode) has Id (TIM3_CH1) currently not set
2025-06-26 11:01:10,501 [INFO] ImportTextPane:218 - (OptionalMessage_ERROR) IP (DMA) : Parameter (SignalID) has Id (TIM3_CH1) currently not set
2025-06-26 11:01:10,501 [INFO] ImportTextPane:218 - (OptionalMessage_ERROR) IP (DMA) : Parameter (Polarity) has Id (TIM3_CH1) currently not set
2025-06-26 11:01:10,501 [INFO] ImportTextPane:218 - (OptionalMessage_ERROR) IP (DMA) : Parameter (RequestNumber) has Id (TIM3_CH1) currently not set
2025-06-26 11:01:10,501 [INFO] ImportTextPane:218 - (OptionalMessage_ERROR) IP (DMA) : Parameter (SyncSignalID) has Id (TIM3_CH1) currently not set
2025-06-26 11:01:10,501 [INFO] ImportTextPane:218 - (OptionalMessage_ERROR) IP (DMA) : Parameter (SyncPolarity) has Id (TIM3_CH1) currently not set
2025-06-26 11:01:10,501 [INFO] ImportTextPane:218 - (OptionalMessage_ERROR) IP (DMA) : Parameter (SyncEnable) has Id (TIM3_CH1) currently not set
2025-06-26 11:01:10,501 [INFO] ImportTextPane:218 - (OptionalMessage_ERROR) IP (DMA) : Parameter (EventEnable) has Id (TIM3_CH1) currently not set
2025-06-26 11:01:10,501 [INFO] ImportTextPane:218 - (OptionalMessage_ERROR) IP (DMA) : Parameter (SyncRequestNumber) has Id (TIM3_CH1) currently not set
2025-06-26 11:01:10,501 [INFO] ImportTextPane:218 - (OptionalMessage_ERROR) IP (DMA) : Parameter (Instance) has Id (TIM3_CH2) currently not set
2025-06-26 11:01:10,502 [INFO] ImportTextPane:218 - (OptionalMessage_ERROR) IP (DMA) : Parameter (Request) has Id (TIM3_CH2) currently not set
2025-06-26 11:01:10,502 [INFO] ImportTextPane:218 - (OptionalMessage_ERROR) IP (DMA) : Parameter (Direction) has Id (TIM3_CH2) currently not set
2025-06-26 11:01:10,502 [INFO] ImportTextPane:218 - (OptionalMessage_ERROR) IP (DMA) : Parameter (PeriphInc) has Id (TIM3_CH2) currently not set
2025-06-26 11:01:10,502 [INFO] ImportTextPane:218 - (OptionalMessage_ERROR) IP (DMA) : Parameter (MemInc) has Id (TIM3_CH2) currently not set
2025-06-26 11:01:10,502 [INFO] ImportTextPane:218 - (OptionalMessage_ERROR) IP (DMA) : Parameter (PeriphDataAlignment) has Id (TIM3_CH2) currently not set
2025-06-26 11:01:10,502 [INFO] ImportTextPane:218 - (OptionalMessage_ERROR) IP (DMA) : Parameter (MemDataAlignment) has Id (TIM3_CH2) currently not set
2025-06-26 11:01:10,502 [INFO] ImportTextPane:218 - (OptionalMessage_ERROR) IP (DMA) : Parameter (Mode) has Id (TIM3_CH2) currently not set
2025-06-26 11:01:10,502 [INFO] ImportTextPane:218 - (OptionalMessage_ERROR) IP (DMA) : Parameter (Priority) has Id (TIM3_CH2) currently not set
2025-06-26 11:01:10,502 [INFO] ImportTextPane:218 - (OptionalMessage_ERROR) IP (DMA) : Parameter (FIFOMode) has Id (TIM3_CH2) currently not set
2025-06-26 11:01:10,502 [INFO] ImportTextPane:218 - (OptionalMessage_ERROR) IP (DMA) : Parameter (SignalID) has Id (TIM3_CH2) currently not set
2025-06-26 11:01:10,502 [INFO] ImportTextPane:218 - (OptionalMessage_ERROR) IP (DMA) : Parameter (Polarity) has Id (TIM3_CH2) currently not set
2025-06-26 11:01:10,502 [INFO] ImportTextPane:218 - (OptionalMessage_ERROR) IP (DMA) : Parameter (RequestNumber) has Id (TIM3_CH2) currently not set
2025-06-26 11:01:10,502 [INFO] ImportTextPane:218 - (OptionalMessage_ERROR) IP (DMA) : Parameter (SyncSignalID) has Id (TIM3_CH2) currently not set
2025-06-26 11:01:10,503 [INFO] ImportTextPane:218 - (OptionalMessage_ERROR) IP (DMA) : Parameter (SyncPolarity) has Id (TIM3_CH2) currently not set
2025-06-26 11:01:10,503 [INFO] ImportTextPane:218 - (OptionalMessage_ERROR) IP (DMA) : Parameter (SyncEnable) has Id (TIM3_CH2) currently not set
2025-06-26 11:01:10,503 [INFO] ImportTextPane:218 - (OptionalMessage_ERROR) IP (DMA) : Parameter (EventEnable) has Id (TIM3_CH2) currently not set
2025-06-26 11:01:10,503 [INFO] ImportTextPane:218 - (OptionalMessage_ERROR) IP (DMA) : Parameter (SyncRequestNumber) has Id (TIM3_CH2) currently not set
2025-06-26 11:01:10,509 [INFO] ImportTextPane:218 - (OptionalMessage_ERROR) IP (RCC) : Parameter (DFSDMACLkFreq_Value) has invalid value (480000000)
2025-06-26 11:01:10,514 [INFO] ImportTextPane:218 - (OptionalMessage_ERROR) IP (RCC) : Parameter (FDCANFreq_Value) has invalid value (480000000)
2025-06-26 11:01:10,515 [INFO] ImportTextPane:218 - (OptionalMessage_ERROR) IP (RCC) : Invalid parameter (FamilyName)
2025-06-26 11:01:10,515 [INFO] ImportTextPane:218 - (OptionalMessage_ERROR) IP (RCC) : Parameter (SAI1Freq_Value) has invalid value (480000000)
2025-06-26 11:01:10,515 [INFO] ImportTextPane:218 - (OptionalMessage_ERROR) IP (RCC) : Parameter (SAI23Freq_Value) has invalid value (480000000)
2025-06-26 11:01:10,515 [INFO] ImportTextPane:218 - (OptionalMessage_ERROR) IP (RCC) : Parameter (SAI4AFreq_Value) has invalid value (480000000)
2025-06-26 11:01:10,515 [INFO] ImportTextPane:218 - (OptionalMessage_ERROR) IP (RCC) : Parameter (SAI4BFreq_Value) has invalid value (480000000)
2025-06-26 11:01:10,515 [INFO] ImportTextPane:218 - (OptionalMessage_ERROR) IP (RCC) : Parameter (SDMMCFreq_Value) has invalid value (480000000)
2025-06-26 11:01:10,515 [INFO] ImportTextPane:218 - (OptionalMessage_ERROR) IP (RCC) : Parameter (SPDIFRXFreq_Value) has invalid value (480000000)
2025-06-26 11:01:10,515 [INFO] ImportTextPane:218 - (OptionalMessage_ERROR) IP (RCC) : Parameter (SPI123Freq_Value) has invalid value (480000000)
2025-06-26 11:01:10,515 [INFO] ImportTextPane:218 - (OptionalMessage_ERROR) IP (RCC) : Parameter (USBFreq_Value) has invalid value (480000000)
2025-06-26 11:01:11,082 [INFO] UtilMem:75 - End LoadConfig() Used Memory: 988106432 Bytes (1073741824)
2025-06-26 11:01:11,119 [WARN] ThirdParty:833 - waiting for thirdparty lock release [change project]
2025-06-26 11:01:11,119 [INFO] ThirdParty:835 - entering critical section [change project]
2025-06-26 11:01:11,119 [INFO] ThirdParty:1030 - CMSIS Pack Vendor :STMicroelectronics X-CUBE-PM33A1 1.0.0
2025-06-26 11:01:11,119 [INFO] ThirdParty:1030 - CMSIS Pack Vendor :STMicroelectronics USBPD 4.1
2025-06-26 11:01:11,119 [INFO] ThirdParty:1030 - CMSIS Pack Vendor :STMicroelectronics X-CUBE-AZRTOS-H7 3.3.0
2025-06-26 11:01:11,119 [INFO] ThirdParty:1030 - CMSIS Pack Vendor :STMicroelectronics X-CUBE-NFC9 1.0.0
2025-06-26 11:01:11,119 [INFO] ThirdParty:1030 - CMSIS Pack Vendor :STMicroelectronics USB_HOST 2.0.0
2025-06-26 11:01:11,120 [INFO] ThirdParty:1030 - CMSIS Pack Vendor :STMicroelectronics FP-SNS-MOTENVWB1 1.4.0
2025-06-26 11:01:11,120 [INFO] ThirdParty:1030 - CMSIS Pack Vendor :STMicroelectronics X-CUBE-AZRTOS-F4 1.1.0
2025-06-26 11:01:11,120 [INFO] ThirdParty:1030 - CMSIS Pack Vendor :STMicroelectronics LIBJPEG 8.0.0
2025-06-26 11:01:11,120 [INFO] ThirdParty:1030 - CMSIS Pack Vendor :STMicroelectronics FP-ATR-ASTRA1 2.0.2
2025-06-26 11:01:11,120 [INFO] ThirdParty:1030 - CMSIS Pack Vendor :STMicroelectronics X-CUBE-BLE1 7.1.0
2025-06-26 11:01:11,120 [INFO] ThirdParty:1030 - CMSIS Pack Vendor :Avnet-IotConnect X-CUBE-IoTC-DA16k-PMOD 1.0.0
2025-06-26 11:01:11,120 [INFO] ThirdParty:1030 - CMSIS Pack Vendor :STMicroelectronics X-CUBE-SMBUS 2.1.0
2025-06-26 11:01:11,120 [INFO] ThirdParty:1030 - CMSIS Pack Vendor :STMicroelectronics X-CUBE-WB05N 1.1.0
2025-06-26 11:01:11,120 [INFO] ThirdParty:1030 - CMSIS Pack Vendor :wolfSSL I-CUBE-wolfMQTT 1.19.2
2025-06-26 11:01:11,121 [INFO] ThirdParty:1030 - CMSIS Pack Vendor :STMicroelectronics USB_DEVICE 3.0.0
2025-06-26 11:01:11,121 [INFO] ThirdParty:1030 - CMSIS Pack Vendor :STMicroelectronics X-CUBE-ISPU 2.1.0
2025-06-26 11:01:11,121 [INFO] ThirdParty:1030 - CMSIS Pack Vendor :STMicroelectronics X-CUBE-AZRTOS-WB 2.0.0
2025-06-26 11:01:11,121 [INFO] ThirdParty:1030 - CMSIS Pack Vendor :STMicroelectronics X-CUBE-ST60 1.0.0
2025-06-26 11:01:11,121 [INFO] ThirdParty:1030 - CMSIS Pack Vendor :STMicroelectronics X-CUBE-GNSS1 7.0.1
2025-06-26 11:01:11,121 [INFO] ThirdParty:1030 - CMSIS Pack Vendor :STMicroelectronics X-CUBE-AZRTOS-F7 1.1.0
2025-06-26 11:01:11,121 [INFO] ThirdParty:1030 - CMSIS Pack Vendor :STMicroelectronics X-CUBE-AZRTOS-L5 2.0.0
2025-06-26 11:01:11,121 [INFO] ThirdParty:1030 - CMSIS Pack Vendor :STMicroelectronics X-CUBE-TOUCHGFX 4.25.0
2025-06-26 11:01:11,121 [INFO] ThirdParty:1030 - CMSIS Pack Vendor :STMicroelectronics USB_DEVICE 2.0.0
2025-06-26 11:01:11,121 [INFO] ThirdParty:1030 - CMSIS Pack Vendor :STMicroelectronics X-CUBE-NFC6 3.1.0
2025-06-26 11:01:11,121 [INFO] ThirdParty:1030 - CMSIS Pack Vendor :STMicroelectronics X-CUBE-AI 10.1.0
2025-06-26 11:01:11,121 [INFO] ThirdParty:1030 - CMSIS Pack Vendor :STMicroelectronics FP-SNS-STBOX1 2.0.0
2025-06-26 11:01:11,122 [INFO] ThirdParty:1030 - CMSIS Pack Vendor :STMicroelectronics X-CUBE-MEMS1 11.2.0
2025-06-26 11:01:11,122 [INFO] ThirdParty:1030 - CMSIS Pack Vendor :STMicroelectronics FreeRTOS 0.0.1
2025-06-26 11:01:11,122 [INFO] ThirdParty:1030 - CMSIS Pack Vendor :STMicroelectronics X-CUBE-AZRTOS-G0 1.1.0
2025-06-26 11:01:11,122 [INFO] ThirdParty:1030 - CMSIS Pack Vendor :STMicroelectronics X-CUBE-SAFEA1 1.2.2
2025-06-26 11:01:11,122 [INFO] ThirdParty:1030 - CMSIS Pack Vendor :STMicroelectronics X-CUBE-NFC4 3.0.0
2025-06-26 11:01:11,122 [INFO] ThirdParty:1030 - CMSIS Pack Vendor :STMicroelectronics X-CUBE-DPower 1.2.0
2025-06-26 11:01:11,122 [INFO] ThirdParty:1030 - CMSIS Pack Vendor :STMicroelectronics X-CUBE-SUBG2 5.0.0
2025-06-26 11:01:11,122 [INFO] ThirdParty:1030 - CMSIS Pack Vendor :STMicroelectronics X-CUBE-AZRTOS-H7RS 1.1.0
2025-06-26 11:01:11,122 [INFO] ThirdParty:1030 - CMSIS Pack Vendor :STMicroelectronics STM32_WPAN 1.0.0
2025-06-26 11:01:11,122 [INFO] ThirdParty:1030 - CMSIS Pack Vendor :EmbeddedOffice I-CUBE-FS-RTOS 1.0.1
2025-06-26 11:01:11,122 [INFO] ThirdParty:1030 - CMSIS Pack Vendor :STMicroelectronics lwIP 2.0.3
2025-06-26 11:01:11,122 [INFO] ThirdParty:1030 - CMSIS Pack Vendor :STMicroelectronics FP-SNS-FLIGHT1 5.0.2
2025-06-26 11:01:11,122 [INFO] ThirdParty:1030 - CMSIS Pack Vendor :Cesanta I-CUBE-Mongoose 7.13.0
2025-06-26 11:01:11,122 [INFO] ThirdParty:1030 - CMSIS Pack Vendor :STMicroelectronics USB_HOST 1.0.0
2025-06-26 11:01:11,123 [INFO] ThirdParty:1030 - CMSIS Pack Vendor :Infineon AIROC-Wi-Fi-Bluetooth-STM32 1.7.0
2025-06-26 11:01:11,123 [INFO] ThirdParty:1030 - CMSIS Pack Vendor :STMicroelectronics X-CUBE-AZRTOS-G4 2.0.0
2025-06-26 11:01:11,123 [INFO] ThirdParty:1030 - CMSIS Pack Vendor :STMicroelectronics X-CUBE-WB05N 2.0.0
2025-06-26 11:01:11,123 [INFO] ThirdParty:1030 - CMSIS Pack Vendor :STMicroelectronics PDM2PCM 3.1.0
2025-06-26 11:01:11,123 [INFO] ThirdParty:1030 - CMSIS Pack Vendor :STMicroelectronics PDM2PCM 3.3.0
2025-06-26 11:01:11,123 [INFO] ThirdParty:1030 - CMSIS Pack Vendor :wolfSSL I-CUBE-wolfTPM 3.8.0
2025-06-26 11:01:11,123 [INFO] ThirdParty:1030 - CMSIS Pack Vendor :STMicroelectronics X-CUBE-DISPLAY 3.0.0
2025-06-26 11:01:11,123 [INFO] ThirdParty:1030 - CMSIS Pack Vendor :wolfSSL I-CUBE-wolfSSH 1.4.20
2025-06-26 11:01:11,123 [INFO] ThirdParty:1030 - CMSIS Pack Vendor :STMicroelectronics X-CUBE-NFC7 2.0.0
2025-06-26 11:01:11,123 [INFO] ThirdParty:1030 - CMSIS Pack Vendor :STMicroelectronics X-CUBE-TCPP 4.2.0
2025-06-26 11:01:11,123 [INFO] ThirdParty:1030 - CMSIS Pack Vendor :RealThread X-CUBE-RT-Thread_Nano 4.1.1
2025-06-26 11:01:11,123 [INFO] ThirdParty:1030 - CMSIS Pack Vendor :STMicroelectronics FP-ATR-SIGFOX1 3.2.0
2025-06-26 11:01:11,123 [INFO] ThirdParty:1030 - CMSIS Pack Vendor :STMicroelectronics X-CUBE-NFC10 1.0.0
2025-06-26 11:01:11,123 [INFO] ThirdParty:1030 - CMSIS Pack Vendor :STMicroelectronics X-CUBE-BLEMGR 4.0.0
2025-06-26 11:01:11,123 [INFO] ThirdParty:1030 - CMSIS Pack Vendor :STMicroelectronics X-CUBE-EEPRMA1 5.1.0
2025-06-26 11:01:11,123 [INFO] ThirdParty:1030 - CMSIS Pack Vendor :STMicroelectronics X-CUBE-FREERTOS 1.3.1
2025-06-26 11:01:11,124 [INFO] ThirdParty:1030 - CMSIS Pack Vendor :STMicroelectronics HAL Drivers 0.0.0
2025-06-26 11:01:11,124 [INFO] ThirdParty:1030 - CMSIS Pack Vendor :STMicroelectronics MBEDTLS 2.16.2
2025-06-26 11:01:11,124 [INFO] ThirdParty:1030 - CMSIS Pack Vendor :STMicroelectronics X-CUBE-IPS 3.1.0
2025-06-26 11:01:11,124 [INFO] ThirdParty:1030 - CMSIS Pack Vendor :STMicroelectronics X-CUBE-ALS 1.0.2
2025-06-26 11:01:11,124 [INFO] ThirdParty:1030 - CMSIS Pack Vendor :emotas I-CUBE-CANOPEN 1.3.0
2025-06-26 11:01:11,124 [INFO] ThirdParty:1030 - CMSIS Pack Vendor :STMicroelectronics X-CUBE-FREERTOS 1.3.0
2025-06-26 11:01:11,124 [INFO] ThirdParty:1030 - CMSIS Pack Vendor :STMicroelectronics X-CUBE-NFC7 1.0.1
2025-06-26 11:01:11,124 [INFO] ThirdParty:1030 - CMSIS Pack Vendor :STMicroelectronics MBEDTLS 2.14.1
2025-06-26 11:01:11,124 [INFO] ThirdParty:1030 - CMSIS Pack Vendor :wolfSSL I-CUBE-wolfSSL 5.7.6
2025-06-26 11:01:11,124 [INFO] ThirdParty:1030 - CMSIS Pack Vendor :ITTIA_DB I-CUBE-ITTIADB 8.9.0
2025-06-26 11:01:11,124 [INFO] ThirdParty:1030 - CMSIS Pack Vendor :STMicroelectronics X-CUBE-TOUCHGFX 4.24.2
2025-06-26 11:01:11,124 [INFO] ThirdParty:1030 - CMSIS Pack Vendor :portGmbH I-Cube-SoM-uGOAL 1.1.0
2025-06-26 11:01:11,124 [INFO] ThirdParty:1030 - CMSIS Pack Vendor :quantropi X-CUBE-qispace-sdk-base 2.0.0
2025-06-26 11:01:11,124 [INFO] ThirdParty:1030 - CMSIS Pack Vendor :STMicroelectronics X-CUBE-AI 10.0.0
2025-06-26 11:01:11,124 [INFO] ThirdParty:1030 - CMSIS Pack Vendor :STMicroelectronics X-CUBE-ST67W61 1.0.0
2025-06-26 11:01:11,124 [INFO] ThirdParty:1030 - CMSIS Pack Vendor :STMicroelectronics ThreadX 1.0.0
2025-06-26 11:01:11,124 [INFO] ThirdParty:1030 - CMSIS Pack Vendor :STMicroelectronics FP-SNS-SMARTAG2 1.2.0
2025-06-26 11:01:11,124 [INFO] ThirdParty:1030 - CMSIS Pack Vendor :STMicroelectronics FP-SNS-FLIGHT1 5.1.0
2025-06-26 11:01:11,124 [INFO] ThirdParty:1030 - CMSIS Pack Vendor :STMicroelectronics X-CUBE-MEMS1 11.1.0
2025-06-26 11:01:11,124 [INFO] ThirdParty:1030 - CMSIS Pack Vendor :STMicroelectronics X-CUBE-AZRTOS-WL 2.0.0
2025-06-26 11:01:11,124 [INFO] ThirdParty:1030 - CMSIS Pack Vendor :SEGGER I-CUBE-embOS 1.3.1
2025-06-26 11:01:11,124 [INFO] ThirdParty:1030 - CMSIS Pack Vendor :STMicroelectronics X-CUBE-ALGOBUILD 1.4.0
2025-06-26 11:01:11,124 [INFO] ThirdParty:1030 - CMSIS Pack Vendor :STMicroelectronics X-CUBE-DPower 1.3.0
2025-06-26 11:01:11,125 [INFO] ThirdParty:1030 - CMSIS Pack Vendor :STMicroelectronics X-CUBE-MEMS1 11.3.0
2025-06-26 11:01:11,125 [INFO] ThirdParty:1030 - CMSIS Pack Vendor :STMicroelectronics FP-SNS-MOTENV1 5.0.0
2025-06-26 11:01:11,125 [INFO] ThirdParty:1030 - CMSIS Pack Vendor :STMicroelectronics USB_DEVICE 1.0.0
2025-06-26 11:01:11,125 [INFO] ThirdParty:1030 - CMSIS Pack Vendor :STMicroelectronics X-CUBE-AZRTOS-H7RS 1.0.0
2025-06-26 11:01:11,125 [INFO] ThirdParty:1030 - CMSIS Pack Vendor :STMicroelectronics X-CUBE-AZRTOS-L4 2.0.0
2025-06-26 11:01:11,125 [INFO] ThirdParty:1030 - CMSIS Pack Vendor :STMicroelectronics ThreadX 0.0.2
2025-06-26 11:01:11,125 [INFO] ThirdParty:1030 - CMSIS Pack Vendor :WES I-CUBE-Cesium 1.3.0
2025-06-26 11:01:11,125 [INFO] ThirdParty:1030 - CMSIS Pack Vendor :STMicroelectronics lwIP 2.1.2
2025-06-26 11:01:11,125 [INFO] ThirdParty:1030 - CMSIS Pack Vendor :STMicroelectronics X-CUBE-SFXS2LP1 4.0.0
2025-06-26 11:01:11,125 [INFO] ThirdParty:1030 - CMSIS Pack Vendor :STMicroelectronics X-CUBE-BLE2 3.3.0
2025-06-26 11:01:11,125 [INFO] ThirdParty:1030 - CMSIS Pack Vendor :STMicroelectronics X-CUBE-TOF1 3.4.2
2025-06-26 11:01:11,125 [INFO] ThirdParty:1030 - CMSIS Pack Vendor :STMicroelectronics X-CUBE-TOF1 3.4.3
2025-06-26 11:01:11,125 [INFO] ThirdParty:1030 - CMSIS Pack Vendor :STMicroelectronics PDM2PCM 3.2.0
2025-06-26 11:01:11,125 [INFO] ThirdParty:841 - exiting critical section [change project]
2025-06-26 11:01:11,845 [INFO] PinOutPanel:1589 - setPackage(No Configuration,No Configuration)
2025-06-26 11:01:11,846 [INFO] PinOutPanel:1589 - setPackage(STM32H743VITx,LQFP100)
2025-06-26 11:01:12,561 [INFO] UtilMem:75 - Before build in PCC Used Memory: 1010699264 Bytes (1073741824)
2025-06-26 11:01:12,856 [INFO] UtilMem:75 - After build in PCC Used Memory: 785674480 Bytes (1073741824)
2025-06-26 11:01:12,862 [INFO] ApiDbMcu:508 - Load IP Config File for FREERTOS
2025-06-26 11:01:12,894 [INFO] IPUIPlugin:80 - create IPUIPlugin
2025-06-26 11:01:12,894 [INFO] IPUIPlugin:80 - create IPUIPlugin
2025-06-26 11:01:12,894 [INFO] IPUIPlugin:80 - create IPUIPlugin
2025-06-26 11:01:12,894 [INFO] IPUIPlugin:80 - create IPUIPlugin
2025-06-26 11:01:12,894 [INFO] IPUIPlugin:80 - create IPUIPlugin
2025-06-26 11:01:12,894 [INFO] IPUIPlugin:80 - create IPUIPlugin
2025-06-26 11:01:12,894 [INFO] IPUIPlugin:80 - create IPUIPlugin
2025-06-26 11:01:12,894 [INFO] IPUIPlugin:80 - create IPUIPlugin
2025-06-26 11:01:12,895 [INFO] IPUIPlugin:80 - create IPUIPlugin
2025-06-26 11:01:12,895 [INFO] IPUIPlugin:80 - create IPUIPlugin
2025-06-26 11:01:12,895 [INFO] IPUIPlugin:80 - create IPUIPlugin
2025-06-26 11:01:12,895 [INFO] IPUIPlugin:80 - create IPUIPlugin
2025-06-26 11:01:12,895 [INFO] IPUIPlugin:80 - create IPUIPlugin
2025-06-26 11:01:12,895 [INFO] IPUIPlugin:80 - create IPUIPlugin
2025-06-26 11:01:12,895 [INFO] IPUIPlugin:80 - create IPUIPlugin
2025-06-26 11:01:12,895 [INFO] IPUIPlugin:80 - create IPUIPlugin
2025-06-26 11:01:12,896 [INFO] IPUIPlugin:80 - create IPUIPlugin
2025-06-26 11:01:12,896 [INFO] IPUIPlugin:80 - create IPUIPlugin
2025-06-26 11:01:12,896 [INFO] IPUIPlugin:80 - create IPUIPlugin
2025-06-26 11:01:12,896 [INFO] IPUIPlugin:80 - create IPUIPlugin
2025-06-26 11:01:12,896 [INFO] IPUIPlugin:80 - create IPUIPlugin
2025-06-26 11:01:12,896 [INFO] IPUIPlugin:80 - create IPUIPlugin
2025-06-26 11:01:12,897 [INFO] IPUIPlugin:80 - create IPUIPlugin
2025-06-26 11:01:12,897 [INFO] IPUIPlugin:80 - create IPUIPlugin
2025-06-26 11:01:12,897 [INFO] IPUIPlugin:80 - create IPUIPlugin
2025-06-26 11:01:12,897 [INFO] IPUIPlugin:80 - create IPUIPlugin
2025-06-26 11:01:12,897 [INFO] IPUIPlugin:80 - create IPUIPlugin
2025-06-26 11:01:12,897 [INFO] IPUIPlugin:80 - create IPUIPlugin
2025-06-26 11:01:12,897 [INFO] IPUIPlugin:80 - create IPUIPlugin
2025-06-26 11:01:12,897 [INFO] IPUIPlugin:80 - create IPUIPlugin
2025-06-26 11:01:12,898 [INFO] IPUIPlugin:80 - create IPUIPlugin
2025-06-26 11:01:12,898 [INFO] IPUIPlugin:80 - create IPUIPlugin
2025-06-26 11:01:12,898 [INFO] IPUIPlugin:80 - create IPUIPlugin
2025-06-26 11:01:12,898 [INFO] IPUIPlugin:80 - create IPUIPlugin
2025-06-26 11:01:12,898 [INFO] IPUIPlugin:80 - create IPUIPlugin
2025-06-26 11:01:12,899 [INFO] IPUIPlugin:80 - create IPUIPlugin
2025-06-26 11:01:12,899 [INFO] IPUIPlugin:80 - create IPUIPlugin
2025-06-26 11:01:12,899 [INFO] IPUIPlugin:80 - create IPUIPlugin
2025-06-26 11:01:12,899 [INFO] IPUIPlugin:80 - create IPUIPlugin
2025-06-26 11:01:12,900 [INFO] IPUIPlugin:80 - create IPUIPlugin
2025-06-26 11:01:12,900 [INFO] IPUIPlugin:80 - create IPUIPlugin
2025-06-26 11:01:12,901 [INFO] IPUIPlugin:80 - create IPUIPlugin
2025-06-26 11:01:12,901 [INFO] IPUIPlugin:80 - create IPUIPlugin
2025-06-26 11:01:12,901 [INFO] IPUIPlugin:80 - create IPUIPlugin
2025-06-26 11:01:12,901 [INFO] IPUIPlugin:80 - create IPUIPlugin
2025-06-26 11:01:12,902 [INFO] IPUIPlugin:80 - create IPUIPlugin
2025-06-26 11:01:12,902 [INFO] IPUIPlugin:80 - create IPUIPlugin
2025-06-26 11:01:12,902 [INFO] IPUIPlugin:80 - create IPUIPlugin
2025-06-26 11:01:12,902 [INFO] IPUIPlugin:80 - create IPUIPlugin
2025-06-26 11:01:12,902 [INFO] IPUIPlugin:80 - create IPUIPlugin
2025-06-26 11:01:12,903 [INFO] IPUIPlugin:80 - create IPUIPlugin
2025-06-26 11:01:12,903 [INFO] IPUIPlugin:80 - create IPUIPlugin
2025-06-26 11:01:12,903 [INFO] IPUIPlugin:80 - create IPUIPlugin
2025-06-26 11:01:12,904 [INFO] IPUIPlugin:80 - create IPUIPlugin
2025-06-26 11:01:12,904 [INFO] IPUIPlugin:80 - create IPUIPlugin
2025-06-26 11:01:12,904 [INFO] IPUIPlugin:80 - create IPUIPlugin
2025-06-26 11:01:12,904 [INFO] IPUIPlugin:80 - create IPUIPlugin
2025-06-26 11:01:12,905 [INFO] IPUIPlugin:80 - create IPUIPlugin
2025-06-26 11:01:12,905 [INFO] IPUIPlugin:80 - create IPUIPlugin
2025-06-26 11:01:12,905 [INFO] IPUIPlugin:80 - create IPUIPlugin
2025-06-26 11:01:12,905 [INFO] IPUIPlugin:80 - create IPUIPlugin
2025-06-26 11:01:12,906 [INFO] IPUIPlugin:80 - create IPUIPlugin
2025-06-26 11:01:12,906 [INFO] IPUIPlugin:80 - create IPUIPlugin
2025-06-26 11:01:12,906 [INFO] IPUIPlugin:80 - create IPUIPlugin
2025-06-26 11:01:12,907 [INFO] IPUIPlugin:80 - create IPUIPlugin
2025-06-26 11:01:12,907 [INFO] IPUIPlugin:80 - create IPUIPlugin
2025-06-26 11:01:12,908 [INFO] IPUIPlugin:80 - create IPUIPlugin
2025-06-26 11:01:12,908 [INFO] IPUIPlugin:80 - create IPUIPlugin
2025-06-26 11:01:12,908 [INFO] IPUIPlugin:80 - create IPUIPlugin
2025-06-26 11:01:12,909 [INFO] IPUIPlugin:80 - create IPUIPlugin
2025-06-26 11:01:12,909 [INFO] IPUIPlugin:80 - create IPUIPlugin
2025-06-26 11:01:12,909 [INFO] IPUIPlugin:80 - create IPUIPlugin
2025-06-26 11:01:12,909 [INFO] IPUIPlugin:80 - create IPUIPlugin
2025-06-26 11:01:12,910 [INFO] IPUIPlugin:80 - create IPUIPlugin
2025-06-26 11:01:12,910 [INFO] IPUIPlugin:80 - create IPUIPlugin
2025-06-26 11:01:12,910 [INFO] IPUIPlugin:80 - create IPUIPlugin
2025-06-26 11:01:12,910 [INFO] IPUIPlugin:80 - create IPUIPlugin
2025-06-26 11:01:12,911 [INFO] IPUIPlugin:80 - create IPUIPlugin
2025-06-26 11:01:12,911 [INFO] IPUIPlugin:80 - create IPUIPlugin
2025-06-26 11:01:12,911 [INFO] IPUIPlugin:80 - create IPUIPlugin
2025-06-26 11:01:12,912 [INFO] IPUIPlugin:80 - create IPUIPlugin
2025-06-26 11:01:12,912 [INFO] IPUIPlugin:80 - create IPUIPlugin
2025-06-26 11:01:12,912 [INFO] IPUIPlugin:80 - create IPUIPlugin
2025-06-26 11:01:12,913 [INFO] IPUIPlugin:80 - create IPUIPlugin
2025-06-26 11:01:12,913 [INFO] IPUIPlugin:80 - create IPUIPlugin
2025-06-26 11:01:12,913 [INFO] IPUIPlugin:80 - create IPUIPlugin
2025-06-26 11:01:12,914 [INFO] IPUIPlugin:80 - create IPUIPlugin
2025-06-26 11:01:12,914 [INFO] IPUIPlugin:80 - create IPUIPlugin
2025-06-26 11:01:12,915 [INFO] IPUIPlugin:80 - create IPUIPlugin
2025-06-26 11:01:12,915 [INFO] IPUIPlugin:80 - create IPUIPlugin
2025-06-26 11:01:12,915 [INFO] IPUIPlugin:80 - create IPUIPlugin
2025-06-26 11:01:12,916 [INFO] IPUIPlugin:80 - create IPUIPlugin
2025-06-26 11:01:12,916 [INFO] IPUIPlugin:80 - create IPUIPlugin
2025-06-26 11:01:12,917 [INFO] IPUIPlugin:80 - create IPUIPlugin
2025-06-26 11:01:12,917 [INFO] IPUIPlugin:80 - create IPUIPlugin
2025-06-26 11:01:12,917 [INFO] IPUIPlugin:80 - create IPUIPlugin
2025-06-26 11:01:12,918 [INFO] IPUIPlugin:80 - create IPUIPlugin
2025-06-26 11:01:12,921 [INFO] ApiDbMcu:508 - Load IP Config File for PDM2PCM
2025-06-26 11:01:12,943 [WARN] FreeRTOS:1023 - Null or empty value: should not occur! (nothing added to the table)
2025-06-26 11:01:13,017 [INFO] CADModel:165 - CPN selected for project levelSTM32H743VIT6
2025-06-26 11:01:13,017 [INFO] CADModel:114 - Register for checkConnection events
2025-06-26 11:01:13,020 [INFO] RtosManager:725 - Active RTOS found at IOC load: FREERTOS [Cortex-M7NS]
2025-06-26 11:01:13,092 [INFO] OpenFileManager:385 - Restore cursor
2025-06-26 11:01:25,104 [INFO] NvicIntPanel:101 - NVIC parent = com.st.microxplorer.plugins.ip.nvic.MultiNvicIntPanel[,0,0,461x198,layout=javax.swing.BoxLayout,alignmentX=0.0,alignmentY=0.0,border=,flags=9,maximumSize=,minimumSize=,preferredSize=]
2025-06-26 11:01:41,540 [INFO] NvicIntPanel:101 - NVIC parent = com.st.microxplorer.plugins.ip.nvic.MultiNvicIntPanel[,0,0,0x0,invalid,layout=javax.swing.BoxLayout,alignmentX=0.0,alignmentY=0.0,border=,flags=9,maximumSize=,minimumSize=,preferredSize=]
2025-06-26 11:01:42,655 [INFO] NvicIntPanel:101 - NVIC parent = com.st.microxplorer.plugins.ip.nvic.MultiNvicIntPanel[,0,0,0x0,invalid,layout=javax.swing.BoxLayout,alignmentX=0.0,alignmentY=0.0,border=,flags=9,maximumSize=,minimumSize=,preferredSize=]
2025-06-26 11:01:43,912 [INFO] NvicIntPanel:101 - NVIC parent = com.st.microxplorer.plugins.ip.nvic.MultiNvicIntPanel[,0,0,0x0,invalid,layout=javax.swing.BoxLayout,alignmentX=0.0,alignmentY=0.0,border=,flags=9,maximumSize=,minimumSize=,preferredSize=]
2025-06-26 11:01:55,523 [INFO] NvicIntPanel:101 - NVIC parent = com.st.microxplorer.plugins.ip.nvic.MultiNvicIntPanel[,0,0,461x198,layout=javax.swing.BoxLayout,alignmentX=0.0,alignmentY=0.0,border=,flags=9,maximumSize=,minimumSize=,preferredSize=]
2025-06-26 11:01:58,378 [INFO] NvicIntPanel:101 - NVIC parent = com.st.microxplorer.plugins.ip.nvic.MultiNvicIntPanel[,0,0,0x0,invalid,layout=javax.swing.BoxLayout,alignmentX=0.0,alignmentY=0.0,border=,flags=9,maximumSize=,minimumSize=,preferredSize=]
2025-06-26 11:31:36,586 [INFO] MainUpdater:2872 - connection check result : 10
2025-06-26 11:31:36,586 [INFO] MainUpdater:2872 - connection check result : 10
2025-06-26 11:31:36,754 [INFO] I2cTimingTraitement:330 - 0x307075B1
2025-06-26 11:31:36,769 [INFO] MicroXplorer:468 - Change Database Path : 
2025-06-26 11:31:36,769 [INFO] MicroXplorer:498 - Change Database Version : DB.6.0.140
2025-06-26 11:31:36,804 [ERROR] ProjectManagerView:394 - 
java.lang.NullPointerException: Cannot invoke "javax.swing.JTextField.getText()" because the return value of "java.util.List.get(int)" is null
	at com.st.microxplorer.plugins.projectmanager.gui.ProjectChoiceTab$9.caretUpdate(ProjectChoiceTab.java:2678) ~[filemanager.jar:?]
	at javax.swing.text.JTextComponent.fireCaretUpdate(JTextComponent.java:408) ~[?:?]
	at javax.swing.text.JTextComponent$MutableCaretEvent.fire(JTextComponent.java:4484) ~[?:?]
	at javax.swing.text.JTextComponent$MutableCaretEvent.stateChanged(JTextComponent.java:4506) ~[?:?]
	at javax.swing.text.DefaultCaret.fireStateChanged(DefaultCaret.java:857) ~[?:?]
	at javax.swing.text.DefaultCaret.changeCaretPosition(DefaultCaret.java:1343) ~[?:?]
	at javax.swing.text.DefaultCaret.handleSetDot(DefaultCaret.java:1242) ~[?:?]
	at javax.swing.text.DefaultCaret.setDot(DefaultCaret.java:1223) ~[?:?]
	at javax.swing.text.DefaultCaret$Handler.insertUpdate(DefaultCaret.java:1819) ~[?:?]
	at javax.swing.text.AbstractDocument.fireInsertUpdate(AbstractDocument.java:227) ~[?:?]
	at javax.swing.text.AbstractDocument.handleInsertString(AbstractDocument.java:781) ~[?:?]
	at javax.swing.text.AbstractDocument.insertString(AbstractDocument.java:740) ~[?:?]
	at javax.swing.text.PlainDocument.insertString(PlainDocument.java:131) ~[?:?]
	at javax.swing.text.AbstractDocument.replace(AbstractDocument.java:699) ~[?:?]
	at javax.swing.text.JTextComponent.setText(JTextComponent.java:1725) ~[?:?]
	at com.st.microxplorer.plugins.projectmanager.gui.ProjectChoiceTab.createHeapStackFields(ProjectChoiceTab.java:979) ~[filemanager.jar:?]
	at com.st.microxplorer.plugins.projectmanager.gui.ProjectChoiceTab.buildLinkSettingsPanel(ProjectChoiceTab.java:3766) ~[filemanager.jar:?]
	at com.st.microxplorer.plugins.projectmanager.gui.ProjectChoiceTab.defineWindowsFields(ProjectChoiceTab.java:1962) ~[filemanager.jar:?]
	at com.st.microxplorer.plugins.projectmanager.gui.ProjectChoiceTab.updateSettings(ProjectChoiceTab.java:555) ~[filemanager.jar:?]
	at com.st.microxplorer.plugins.projectmanager.gui.ProjectSettingsPanel.UpdateDialog(ProjectSettingsPanel.java:245) ~[filemanager.jar:?]
	at com.st.microxplorer.plugins.projectmanager.ProjectManagerView.propertyChange(ProjectManagerView.java:391) ~[filemanager.jar:?]
	at java.beans.PropertyChangeSupport.fire(PropertyChangeSupport.java:343) ~[?:?]
	at java.beans.PropertyChangeSupport.firePropertyChange(PropertyChangeSupport.java:335) ~[?:?]
	at java.beans.PropertyChangeSupport.firePropertyChange(PropertyChangeSupport.java:268) ~[?:?]
	at com.st.microxplorer.util.MXPropertyChangeSupport.firePropertyChange(MXPropertyChangeSupport.java:54) ~[STM32CubeMX.jar:?]
	at com.st.microxplorer.mxsystem.MxSystem.closeConfig(MxSystem.java:899) ~[STM32CubeMX.jar:?]
	at com.st.microxplorer.maingui.MainPanel.closeConfig(MainPanel.java:789) ~[STM32CubeMX.jar:?]
	at com.st.microxplorer.plugins.filemanager.engine.OpenFileManager.loadConfigurationFile(OpenFileManager.java:287) ~[filemanager.jar:?]
	at com.st.microxplorer.plugins.filemanager.engine.MainFileManager.userLoadConfig(MainFileManager.java:341) ~[filemanager.jar:?]
	at com.st.microxplorer.plugins.filemanager.engine.MainFileManager.userLoadConfig(MainFileManager.java:319) ~[filemanager.jar:?]
	at com.st.microxplorer.plugins.filemanager.FileManagerView.getSpecificTask(FileManagerView.java:246) ~[filemanager.jar:?]
	at com.st.stm32cube.common.mx.editor.CubeMxEditor.getMxTabbedPaneInstance(CubeMxEditor.java:1198) ~[com.st.stm32cube.common.mx_6.14.0.202502271554/:?]
	at com.st.stm32cube.common.mx.editor.CubeMxEditor$12$1.createSwingComponent(CubeMxEditor.java:1068) ~[com.st.stm32cube.common.mx_6.14.0.202502271554/:?]
	at com.st.stm32cube.common.mx.oss.core.awtswtbridge.EmbeddedSwingComposite.doComponentCreation(EmbeddedSwingComposite.java:492) ~[com.st.stm32cube.common.mx.oss_6.14.0.202502271554/:?]
	at com.st.stm32cube.common.mx.oss.core.awtswtbridge.EmbeddedSwingComposite$4.run(EmbeddedSwingComposite.java:291) ~[com.st.stm32cube.common.mx.oss_6.14.0.202502271554/:?]
	at com.st.stm32cube.common.mx.oss.core.awtswtbridge.AwtEnvironment$2.run(AwtEnvironment.java:166) ~[com.st.stm32cube.common.mx.oss_6.14.0.202502271554/:?]
	at java.awt.event.InvocationEvent.dispatch(InvocationEvent.java:318) ~[?:?]
	at java.awt.EventQueue.dispatchEventImpl(EventQueue.java:773) ~[?:?]
	at java.awt.EventQueue$4.run(EventQueue.java:720) ~[?:?]
	at java.awt.EventQueue$4.run(EventQueue.java:714) ~[?:?]
	at java.security.AccessController.doPrivileged(AccessController.java:400) ~[?:?]
	at java.security.ProtectionDomain$JavaSecurityAccessImpl.doIntersectionPrivilege(ProtectionDomain.java:87) ~[?:?]
	at java.awt.EventQueue.dispatchEvent(EventQueue.java:742) ~[?:?]
	at java.awt.EventDispatchThread.pumpOneEventForFilters(EventDispatchThread.java:203) ~[?:?]
	at java.awt.EventDispatchThread.pumpEventsForFilter(EventDispatchThread.java:124) ~[?:?]
	at java.awt.EventDispatchThread.pumpEventsForHierarchy(EventDispatchThread.java:113) ~[?:?]
	at java.awt.EventDispatchThread.pumpEvents(EventDispatchThread.java:109) ~[?:?]
	at java.awt.EventDispatchThread.pumpEvents(EventDispatchThread.java:101) ~[?:?]
	at java.awt.EventDispatchThread.run(EventDispatchThread.java:90) ~[?:?]
2025-06-26 11:31:36,805 [WARN] ThirdParty:871 - waiting for thirdparty lock release [close project]
2025-06-26 11:31:36,805 [INFO] ThirdParty:873 - entering critical section [close project]
2025-06-26 11:31:36,806 [INFO] ThirdParty:883 - exiting critical section [close project]
2025-06-26 11:31:36,810 [INFO] PinOutPanel:1589 - setPackage(No Configuration,No Configuration)
2025-06-26 11:31:36,823 [WARN] IpParametersView:155 - Warning: This peripheral hasn't parameters
2025-06-26 11:31:36,844 [WARN] MainPanel:289 - <html><b><center>Warning: This peripheral has no parameters to be configured<br></b></html>
2025-06-26 11:31:36,850 [INFO] UtilMem:75 - Begin LoadConfig() Used Memory: 907018240 Bytes (1073741824)
2025-06-26 11:31:36,851 [INFO] MicroXplorer:468 - Change Database Path : 
2025-06-26 11:31:36,851 [INFO] MicroXplorer:498 - Change Database Version : DB.6.0.140
2025-06-26 11:31:36,851 [INFO] OpenFileManager:354 - Change cursor
2025-06-26 11:31:36,874 [INFO] Mcu:2011 - Initializing MCU STM32H743VITx STM32H743VITx STM32H743VIT6
2025-06-26 11:31:40,173 [INFO] Context:756 - Trying to add GPIOservice into a context  which must be forbidden
2025-06-26 11:31:41,624 [INFO] ImportTextPane:218 - (OptionalMessage_ERROR) Pin37 (VP_RIF_VS_RIF1) cannot be retrieved for this MCU
2025-06-26 11:31:41,795 [INFO] RtosManager:558 - Registered RTOS mode: class=CMSIS, group=RTOS, mode=CMSIS_V1, owner=FREERTOS
2025-06-26 11:31:41,795 [INFO] RtosManager:558 - Registered RTOS mode: class=CMSIS, group=RTOS2, mode=CMSIS_V2, owner=FREERTOS
2025-06-26 11:31:41,796 [INFO] RtosManager:558 - Registered RTOS mode: class=RTOS, group=Core, mode=CMSIS_V1, owner=FREERTOS
2025-06-26 11:31:41,796 [INFO] RtosManager:558 - Registered RTOS mode: class=RTOS, group=Core, mode=CMSIS_V2, owner=FREERTOS
2025-06-26 11:31:41,796 [WARN] ModelIntegratedComponent:184 - Missing modes for component STMicroelectronics:FreeRTOS:0.0.1:STMicroelectronics:RTOS:FreeRTOS:Core:::10.2.0:
2025-06-26 11:31:41,804 [WARN] ModelIntegratedComponent:63 - No mode defined for component null
2025-06-26 11:31:41,804 [WARN] ModelIntegratedComponent:63 - No mode defined for component null
2025-06-26 11:31:41,804 [WARN] ModelIntegratedComponent:63 - No mode defined for component null
2025-06-26 11:31:41,804 [WARN] ModelIntegratedComponent:63 - No mode defined for component null
2025-06-26 11:31:41,804 [WARN] ModelIntegratedComponent:63 - No mode defined for component null
2025-06-26 11:31:41,804 [WARN] ModelIntegratedComponent:63 - No mode defined for component null
2025-06-26 11:31:41,804 [WARN] ModelIntegratedComponent:63 - No mode defined for component null
2025-06-26 11:31:41,805 [WARN] ModelIntegratedComponent:63 - No mode defined for component null
2025-06-26 11:31:41,805 [WARN] ModelIntegratedComponent:63 - No mode defined for component null
2025-06-26 11:31:41,805 [WARN] ModelIntegratedComponent:63 - No mode defined for component null
2025-06-26 11:31:41,805 [WARN] ModelIntegratedComponent:63 - No mode defined for component null
2025-06-26 11:31:41,805 [WARN] ModelIntegratedComponent:63 - No mode defined for component null
2025-06-26 11:31:41,805 [WARN] ModelIntegratedComponent:63 - No mode defined for component null
2025-06-26 11:31:41,805 [WARN] ModelIntegratedComponent:63 - No mode defined for component null
2025-06-26 11:31:41,805 [WARN] ModelIntegratedComponent:63 - No mode defined for component null
2025-06-26 11:31:41,805 [WARN] ModelIntegratedComponent:63 - No mode defined for component null
2025-06-26 11:31:41,805 [WARN] ModelIntegratedComponent:63 - No mode defined for component null
2025-06-26 11:31:41,805 [WARN] ModelIntegratedComponent:63 - No mode defined for component null
2025-06-26 11:31:41,805 [WARN] ModelIntegratedComponent:63 - No mode defined for component null
2025-06-26 11:31:41,805 [WARN] ModelIntegratedComponent:63 - No mode defined for component null
2025-06-26 11:31:41,805 [WARN] ModelIntegratedComponent:63 - No mode defined for component null
2025-06-26 11:31:41,805 [WARN] ModelIntegratedComponent:63 - No mode defined for component null
2025-06-26 11:31:41,805 [WARN] ModelIntegratedComponent:63 - No mode defined for component null
2025-06-26 11:31:41,806 [WARN] ModelIntegratedComponent:63 - No mode defined for component null
2025-06-26 11:31:41,806 [WARN] ModelIntegratedComponent:63 - No mode defined for component null
2025-06-26 11:31:41,806 [WARN] ModelIntegratedComponent:63 - No mode defined for component null
2025-06-26 11:31:41,806 [WARN] ModelIntegratedComponent:63 - No mode defined for component null
2025-06-26 11:31:41,806 [WARN] ModelIntegratedComponent:63 - No mode defined for component null
2025-06-26 11:31:41,806 [WARN] ModelIntegratedComponent:63 - No mode defined for component null
2025-06-26 11:31:41,806 [WARN] ModelIntegratedComponent:63 - No mode defined for component null
2025-06-26 11:31:41,806 [WARN] ModelIntegratedComponent:63 - No mode defined for component null
2025-06-26 11:31:41,806 [WARN] ModelIntegratedComponent:63 - No mode defined for component null
2025-06-26 11:31:41,806 [WARN] ModelIntegratedComponent:63 - No mode defined for component null
2025-06-26 11:31:41,806 [WARN] ModelIntegratedComponent:63 - No mode defined for component null
2025-06-26 11:31:41,806 [WARN] ModelIntegratedComponent:63 - No mode defined for component null
2025-06-26 11:31:41,807 [WARN] ModelPack:524 - Component already loaded: STMicroelectronics:HAL Drivers:0.0.0:STMicroelectronics:Device:STMicro_Driver:XSPI:HAL::0.0.1:HAL_XSPI
2025-06-26 11:31:41,938 [INFO] ThirdPartyModel:298 - Start build external matchings
2025-06-26 11:31:42,978 [INFO] ThirdPartyModel:316 - End build external matchings
2025-06-26 11:31:43,002 [INFO] RtosManager:967 - Current active RTOS is FREERTOS [Cortex-M7NS]
2025-06-26 11:31:43,006 [INFO] ImportTextPane:218 - (OptionalMessage_ERROR) IP (DMA) : Parameter (Instance) has Id (TIM3_CH1) currently not set
2025-06-26 11:31:43,006 [INFO] ImportTextPane:218 - (OptionalMessage_ERROR) IP (DMA) : Parameter (Request) has Id (TIM3_CH1) currently not set
2025-06-26 11:31:43,006 [INFO] ImportTextPane:218 - (OptionalMessage_ERROR) IP (DMA) : Parameter (Direction) has Id (TIM3_CH1) currently not set
2025-06-26 11:31:43,006 [INFO] ImportTextPane:218 - (OptionalMessage_ERROR) IP (DMA) : Parameter (PeriphInc) has Id (TIM3_CH1) currently not set
2025-06-26 11:31:43,006 [INFO] ImportTextPane:218 - (OptionalMessage_ERROR) IP (DMA) : Parameter (MemInc) has Id (TIM3_CH1) currently not set
2025-06-26 11:31:43,006 [INFO] ImportTextPane:218 - (OptionalMessage_ERROR) IP (DMA) : Parameter (PeriphDataAlignment) has Id (TIM3_CH1) currently not set
2025-06-26 11:31:43,007 [INFO] ImportTextPane:218 - (OptionalMessage_ERROR) IP (DMA) : Parameter (MemDataAlignment) has Id (TIM3_CH1) currently not set
2025-06-26 11:31:43,007 [INFO] ImportTextPane:218 - (OptionalMessage_ERROR) IP (DMA) : Parameter (Mode) has Id (TIM3_CH1) currently not set
2025-06-26 11:31:43,007 [INFO] ImportTextPane:218 - (OptionalMessage_ERROR) IP (DMA) : Parameter (Priority) has Id (TIM3_CH1) currently not set
2025-06-26 11:31:43,007 [INFO] ImportTextPane:218 - (OptionalMessage_ERROR) IP (DMA) : Parameter (FIFOMode) has Id (TIM3_CH1) currently not set
2025-06-26 11:31:43,007 [INFO] ImportTextPane:218 - (OptionalMessage_ERROR) IP (DMA) : Parameter (SignalID) has Id (TIM3_CH1) currently not set
2025-06-26 11:31:43,007 [INFO] ImportTextPane:218 - (OptionalMessage_ERROR) IP (DMA) : Parameter (Polarity) has Id (TIM3_CH1) currently not set
2025-06-26 11:31:43,007 [INFO] ImportTextPane:218 - (OptionalMessage_ERROR) IP (DMA) : Parameter (RequestNumber) has Id (TIM3_CH1) currently not set
2025-06-26 11:31:43,007 [INFO] ImportTextPane:218 - (OptionalMessage_ERROR) IP (DMA) : Parameter (SyncSignalID) has Id (TIM3_CH1) currently not set
2025-06-26 11:31:43,007 [INFO] ImportTextPane:218 - (OptionalMessage_ERROR) IP (DMA) : Parameter (SyncPolarity) has Id (TIM3_CH1) currently not set
2025-06-26 11:31:43,007 [INFO] ImportTextPane:218 - (OptionalMessage_ERROR) IP (DMA) : Parameter (SyncEnable) has Id (TIM3_CH1) currently not set
2025-06-26 11:31:43,007 [INFO] ImportTextPane:218 - (OptionalMessage_ERROR) IP (DMA) : Parameter (EventEnable) has Id (TIM3_CH1) currently not set
2025-06-26 11:31:43,007 [INFO] ImportTextPane:218 - (OptionalMessage_ERROR) IP (DMA) : Parameter (SyncRequestNumber) has Id (TIM3_CH1) currently not set
2025-06-26 11:31:43,007 [INFO] ImportTextPane:218 - (OptionalMessage_ERROR) IP (DMA) : Parameter (Instance) has Id (TIM3_CH2) currently not set
2025-06-26 11:31:43,007 [INFO] ImportTextPane:218 - (OptionalMessage_ERROR) IP (DMA) : Parameter (Request) has Id (TIM3_CH2) currently not set
2025-06-26 11:31:43,008 [INFO] ImportTextPane:218 - (OptionalMessage_ERROR) IP (DMA) : Parameter (Direction) has Id (TIM3_CH2) currently not set
2025-06-26 11:31:43,008 [INFO] ImportTextPane:218 - (OptionalMessage_ERROR) IP (DMA) : Parameter (PeriphInc) has Id (TIM3_CH2) currently not set
2025-06-26 11:31:43,008 [INFO] ImportTextPane:218 - (OptionalMessage_ERROR) IP (DMA) : Parameter (MemInc) has Id (TIM3_CH2) currently not set
2025-06-26 11:31:43,008 [INFO] ImportTextPane:218 - (OptionalMessage_ERROR) IP (DMA) : Parameter (PeriphDataAlignment) has Id (TIM3_CH2) currently not set
2025-06-26 11:31:43,008 [INFO] ImportTextPane:218 - (OptionalMessage_ERROR) IP (DMA) : Parameter (MemDataAlignment) has Id (TIM3_CH2) currently not set
2025-06-26 11:31:43,008 [INFO] ImportTextPane:218 - (OptionalMessage_ERROR) IP (DMA) : Parameter (Mode) has Id (TIM3_CH2) currently not set
2025-06-26 11:31:43,008 [INFO] ImportTextPane:218 - (OptionalMessage_ERROR) IP (DMA) : Parameter (Priority) has Id (TIM3_CH2) currently not set
2025-06-26 11:31:43,008 [INFO] ImportTextPane:218 - (OptionalMessage_ERROR) IP (DMA) : Parameter (FIFOMode) has Id (TIM3_CH2) currently not set
2025-06-26 11:31:43,008 [INFO] ImportTextPane:218 - (OptionalMessage_ERROR) IP (DMA) : Parameter (SignalID) has Id (TIM3_CH2) currently not set
2025-06-26 11:31:43,008 [INFO] ImportTextPane:218 - (OptionalMessage_ERROR) IP (DMA) : Parameter (Polarity) has Id (TIM3_CH2) currently not set
2025-06-26 11:31:43,008 [INFO] ImportTextPane:218 - (OptionalMessage_ERROR) IP (DMA) : Parameter (RequestNumber) has Id (TIM3_CH2) currently not set
2025-06-26 11:31:43,008 [INFO] ImportTextPane:218 - (OptionalMessage_ERROR) IP (DMA) : Parameter (SyncSignalID) has Id (TIM3_CH2) currently not set
2025-06-26 11:31:43,008 [INFO] ImportTextPane:218 - (OptionalMessage_ERROR) IP (DMA) : Parameter (SyncPolarity) has Id (TIM3_CH2) currently not set
2025-06-26 11:31:43,008 [INFO] ImportTextPane:218 - (OptionalMessage_ERROR) IP (DMA) : Parameter (SyncEnable) has Id (TIM3_CH2) currently not set
2025-06-26 11:31:43,009 [INFO] ImportTextPane:218 - (OptionalMessage_ERROR) IP (DMA) : Parameter (EventEnable) has Id (TIM3_CH2) currently not set
2025-06-26 11:31:43,009 [INFO] ImportTextPane:218 - (OptionalMessage_ERROR) IP (DMA) : Parameter (SyncRequestNumber) has Id (TIM3_CH2) currently not set
2025-06-26 11:31:43,014 [INFO] ImportTextPane:218 - (OptionalMessage_ERROR) IP (RCC) : Parameter (DFSDMACLkFreq_Value) has invalid value (480000000)
2025-06-26 11:31:43,019 [INFO] ImportTextPane:218 - (OptionalMessage_ERROR) IP (RCC) : Parameter (FDCANFreq_Value) has invalid value (480000000)
2025-06-26 11:31:43,020 [INFO] ImportTextPane:218 - (OptionalMessage_ERROR) IP (RCC) : Invalid parameter (FamilyName)
2025-06-26 11:31:43,020 [INFO] ImportTextPane:218 - (OptionalMessage_ERROR) IP (RCC) : Parameter (SAI1Freq_Value) has invalid value (480000000)
2025-06-26 11:31:43,020 [INFO] ImportTextPane:218 - (OptionalMessage_ERROR) IP (RCC) : Parameter (SAI23Freq_Value) has invalid value (480000000)
2025-06-26 11:31:43,020 [INFO] ImportTextPane:218 - (OptionalMessage_ERROR) IP (RCC) : Parameter (SAI4AFreq_Value) has invalid value (480000000)
2025-06-26 11:31:43,020 [INFO] ImportTextPane:218 - (OptionalMessage_ERROR) IP (RCC) : Parameter (SAI4BFreq_Value) has invalid value (480000000)
2025-06-26 11:31:43,020 [INFO] ImportTextPane:218 - (OptionalMessage_ERROR) IP (RCC) : Parameter (SDMMCFreq_Value) has invalid value (480000000)
2025-06-26 11:31:43,020 [INFO] ImportTextPane:218 - (OptionalMessage_ERROR) IP (RCC) : Parameter (SPDIFRXFreq_Value) has invalid value (480000000)
2025-06-26 11:31:43,020 [INFO] ImportTextPane:218 - (OptionalMessage_ERROR) IP (RCC) : Parameter (SPI123Freq_Value) has invalid value (480000000)
2025-06-26 11:31:43,020 [INFO] ImportTextPane:218 - (OptionalMessage_ERROR) IP (RCC) : Parameter (USBFreq_Value) has invalid value (480000000)
2025-06-26 11:31:43,580 [INFO] UtilMem:75 - End LoadConfig() Used Memory: 868787608 Bytes (1073741824)
2025-06-26 11:31:43,619 [WARN] ThirdParty:833 - waiting for thirdparty lock release [change project]
2025-06-26 11:31:43,620 [INFO] ThirdParty:835 - entering critical section [change project]
2025-06-26 11:31:43,620 [INFO] ThirdParty:1030 - CMSIS Pack Vendor :STMicroelectronics X-CUBE-PM33A1 1.0.0
2025-06-26 11:31:43,620 [INFO] ThirdParty:1030 - CMSIS Pack Vendor :STMicroelectronics USBPD 4.1
2025-06-26 11:31:43,620 [INFO] ThirdParty:1030 - CMSIS Pack Vendor :STMicroelectronics X-CUBE-AZRTOS-H7 3.3.0
2025-06-26 11:31:43,620 [INFO] ThirdParty:1030 - CMSIS Pack Vendor :STMicroelectronics X-CUBE-NFC9 1.0.0
2025-06-26 11:31:43,621 [INFO] ThirdParty:1030 - CMSIS Pack Vendor :STMicroelectronics USB_HOST 2.0.0
2025-06-26 11:31:43,621 [INFO] ThirdParty:1030 - CMSIS Pack Vendor :STMicroelectronics FP-SNS-MOTENVWB1 1.4.0
2025-06-26 11:31:43,621 [INFO] ThirdParty:1030 - CMSIS Pack Vendor :STMicroelectronics X-CUBE-AZRTOS-F4 1.1.0
2025-06-26 11:31:43,621 [INFO] ThirdParty:1030 - CMSIS Pack Vendor :STMicroelectronics LIBJPEG 8.0.0
2025-06-26 11:31:43,621 [INFO] ThirdParty:1030 - CMSIS Pack Vendor :STMicroelectronics FP-ATR-ASTRA1 2.0.2
2025-06-26 11:31:43,621 [INFO] ThirdParty:1030 - CMSIS Pack Vendor :STMicroelectronics X-CUBE-BLE1 7.1.0
2025-06-26 11:31:43,622 [INFO] ThirdParty:1030 - CMSIS Pack Vendor :Avnet-IotConnect X-CUBE-IoTC-DA16k-PMOD 1.0.0
2025-06-26 11:31:43,622 [INFO] ThirdParty:1030 - CMSIS Pack Vendor :STMicroelectronics X-CUBE-SMBUS 2.1.0
2025-06-26 11:31:43,622 [INFO] ThirdParty:1030 - CMSIS Pack Vendor :STMicroelectronics X-CUBE-WB05N 1.1.0
2025-06-26 11:31:43,622 [INFO] ThirdParty:1030 - CMSIS Pack Vendor :wolfSSL I-CUBE-wolfMQTT 1.19.2
2025-06-26 11:31:43,622 [INFO] ThirdParty:1030 - CMSIS Pack Vendor :STMicroelectronics USB_DEVICE 3.0.0
2025-06-26 11:31:43,622 [INFO] ThirdParty:1030 - CMSIS Pack Vendor :STMicroelectronics X-CUBE-ISPU 2.1.0
2025-06-26 11:31:43,622 [INFO] ThirdParty:1030 - CMSIS Pack Vendor :STMicroelectronics X-CUBE-AZRTOS-WB 2.0.0
2025-06-26 11:31:43,622 [INFO] ThirdParty:1030 - CMSIS Pack Vendor :STMicroelectronics X-CUBE-ST60 1.0.0
2025-06-26 11:31:43,622 [INFO] ThirdParty:1030 - CMSIS Pack Vendor :STMicroelectronics X-CUBE-GNSS1 7.0.1
2025-06-26 11:31:43,622 [INFO] ThirdParty:1030 - CMSIS Pack Vendor :STMicroelectronics X-CUBE-AZRTOS-F7 1.1.0
2025-06-26 11:31:43,622 [INFO] ThirdParty:1030 - CMSIS Pack Vendor :STMicroelectronics X-CUBE-AZRTOS-L5 2.0.0
2025-06-26 11:31:43,622 [INFO] ThirdParty:1030 - CMSIS Pack Vendor :STMicroelectronics X-CUBE-TOUCHGFX 4.25.0
2025-06-26 11:31:43,622 [INFO] ThirdParty:1030 - CMSIS Pack Vendor :STMicroelectronics USB_DEVICE 2.0.0
2025-06-26 11:31:43,622 [INFO] ThirdParty:1030 - CMSIS Pack Vendor :STMicroelectronics X-CUBE-NFC6 3.1.0
2025-06-26 11:31:43,622 [INFO] ThirdParty:1030 - CMSIS Pack Vendor :STMicroelectronics X-CUBE-AI 10.1.0
2025-06-26 11:31:43,622 [INFO] ThirdParty:1030 - CMSIS Pack Vendor :STMicroelectronics FP-SNS-STBOX1 2.0.0
2025-06-26 11:31:43,622 [INFO] ThirdParty:1030 - CMSIS Pack Vendor :STMicroelectronics X-CUBE-MEMS1 11.2.0
2025-06-26 11:31:43,622 [INFO] ThirdParty:1030 - CMSIS Pack Vendor :STMicroelectronics FreeRTOS 0.0.1
2025-06-26 11:31:43,622 [INFO] ThirdParty:1030 - CMSIS Pack Vendor :STMicroelectronics X-CUBE-AZRTOS-G0 1.1.0
2025-06-26 11:31:43,622 [INFO] ThirdParty:1030 - CMSIS Pack Vendor :STMicroelectronics X-CUBE-SAFEA1 1.2.2
2025-06-26 11:31:43,622 [INFO] ThirdParty:1030 - CMSIS Pack Vendor :STMicroelectronics X-CUBE-NFC4 3.0.0
2025-06-26 11:31:43,622 [INFO] ThirdParty:1030 - CMSIS Pack Vendor :STMicroelectronics X-CUBE-DPower 1.2.0
2025-06-26 11:31:43,622 [INFO] ThirdParty:1030 - CMSIS Pack Vendor :STMicroelectronics X-CUBE-SUBG2 5.0.0
2025-06-26 11:31:43,622 [INFO] ThirdParty:1030 - CMSIS Pack Vendor :STMicroelectronics X-CUBE-AZRTOS-H7RS 1.1.0
2025-06-26 11:31:43,622 [INFO] ThirdParty:1030 - CMSIS Pack Vendor :STMicroelectronics STM32_WPAN 1.0.0
2025-06-26 11:31:43,622 [INFO] ThirdParty:1030 - CMSIS Pack Vendor :EmbeddedOffice I-CUBE-FS-RTOS 1.0.1
2025-06-26 11:31:43,622 [INFO] ThirdParty:1030 - CMSIS Pack Vendor :STMicroelectronics lwIP 2.0.3
2025-06-26 11:31:43,623 [INFO] ThirdParty:1030 - CMSIS Pack Vendor :STMicroelectronics FP-SNS-FLIGHT1 5.0.2
2025-06-26 11:31:43,623 [INFO] ThirdParty:1030 - CMSIS Pack Vendor :Cesanta I-CUBE-Mongoose 7.13.0
2025-06-26 11:31:43,623 [INFO] ThirdParty:1030 - CMSIS Pack Vendor :STMicroelectronics USB_HOST 1.0.0
2025-06-26 11:31:43,623 [INFO] ThirdParty:1030 - CMSIS Pack Vendor :Infineon AIROC-Wi-Fi-Bluetooth-STM32 1.7.0
2025-06-26 11:31:43,623 [INFO] ThirdParty:1030 - CMSIS Pack Vendor :STMicroelectronics X-CUBE-AZRTOS-G4 2.0.0
2025-06-26 11:31:43,623 [INFO] ThirdParty:1030 - CMSIS Pack Vendor :STMicroelectronics X-CUBE-WB05N 2.0.0
2025-06-26 11:31:43,623 [INFO] ThirdParty:1030 - CMSIS Pack Vendor :STMicroelectronics PDM2PCM 3.1.0
2025-06-26 11:31:43,623 [INFO] ThirdParty:1030 - CMSIS Pack Vendor :STMicroelectronics PDM2PCM 3.3.0
2025-06-26 11:31:43,623 [INFO] ThirdParty:1030 - CMSIS Pack Vendor :wolfSSL I-CUBE-wolfTPM 3.8.0
2025-06-26 11:31:43,623 [INFO] ThirdParty:1030 - CMSIS Pack Vendor :STMicroelectronics X-CUBE-DISPLAY 3.0.0
2025-06-26 11:31:43,623 [INFO] ThirdParty:1030 - CMSIS Pack Vendor :wolfSSL I-CUBE-wolfSSH 1.4.20
2025-06-26 11:31:43,623 [INFO] ThirdParty:1030 - CMSIS Pack Vendor :STMicroelectronics X-CUBE-NFC7 2.0.0
2025-06-26 11:31:43,623 [INFO] ThirdParty:1030 - CMSIS Pack Vendor :STMicroelectronics X-CUBE-TCPP 4.2.0
2025-06-26 11:31:43,623 [INFO] ThirdParty:1030 - CMSIS Pack Vendor :RealThread X-CUBE-RT-Thread_Nano 4.1.1
2025-06-26 11:31:43,623 [INFO] ThirdParty:1030 - CMSIS Pack Vendor :STMicroelectronics FP-ATR-SIGFOX1 3.2.0
2025-06-26 11:31:43,624 [INFO] ThirdParty:1030 - CMSIS Pack Vendor :STMicroelectronics X-CUBE-NFC10 1.0.0
2025-06-26 11:31:43,624 [INFO] ThirdParty:1030 - CMSIS Pack Vendor :STMicroelectronics X-CUBE-BLEMGR 4.0.0
2025-06-26 11:31:43,624 [INFO] ThirdParty:1030 - CMSIS Pack Vendor :STMicroelectronics X-CUBE-EEPRMA1 5.1.0
2025-06-26 11:31:43,624 [INFO] ThirdParty:1030 - CMSIS Pack Vendor :STMicroelectronics X-CUBE-FREERTOS 1.3.1
2025-06-26 11:31:43,624 [INFO] ThirdParty:1030 - CMSIS Pack Vendor :STMicroelectronics HAL Drivers 0.0.0
2025-06-26 11:31:43,624 [INFO] ThirdParty:1030 - CMSIS Pack Vendor :STMicroelectronics MBEDTLS 2.16.2
2025-06-26 11:31:43,624 [INFO] ThirdParty:1030 - CMSIS Pack Vendor :STMicroelectronics X-CUBE-IPS 3.1.0
2025-06-26 11:31:43,624 [INFO] ThirdParty:1030 - CMSIS Pack Vendor :STMicroelectronics X-CUBE-ALS 1.0.2
2025-06-26 11:31:43,624 [INFO] ThirdParty:1030 - CMSIS Pack Vendor :emotas I-CUBE-CANOPEN 1.3.0
2025-06-26 11:31:43,624 [INFO] ThirdParty:1030 - CMSIS Pack Vendor :STMicroelectronics X-CUBE-FREERTOS 1.3.0
2025-06-26 11:31:43,624 [INFO] ThirdParty:1030 - CMSIS Pack Vendor :STMicroelectronics X-CUBE-NFC7 1.0.1
2025-06-26 11:31:43,624 [INFO] ThirdParty:1030 - CMSIS Pack Vendor :STMicroelectronics MBEDTLS 2.14.1
2025-06-26 11:31:43,624 [INFO] ThirdParty:1030 - CMSIS Pack Vendor :wolfSSL I-CUBE-wolfSSL 5.7.6
2025-06-26 11:31:43,624 [INFO] ThirdParty:1030 - CMSIS Pack Vendor :ITTIA_DB I-CUBE-ITTIADB 8.9.0
2025-06-26 11:31:43,624 [INFO] ThirdParty:1030 - CMSIS Pack Vendor :STMicroelectronics X-CUBE-TOUCHGFX 4.24.2
2025-06-26 11:31:43,624 [INFO] ThirdParty:1030 - CMSIS Pack Vendor :portGmbH I-Cube-SoM-uGOAL 1.1.0
2025-06-26 11:31:43,625 [INFO] ThirdParty:1030 - CMSIS Pack Vendor :quantropi X-CUBE-qispace-sdk-base 2.0.0
2025-06-26 11:31:43,625 [INFO] ThirdParty:1030 - CMSIS Pack Vendor :STMicroelectronics X-CUBE-AI 10.0.0
2025-06-26 11:31:43,625 [INFO] ThirdParty:1030 - CMSIS Pack Vendor :STMicroelectronics X-CUBE-ST67W61 1.0.0
2025-06-26 11:31:43,625 [INFO] ThirdParty:1030 - CMSIS Pack Vendor :STMicroelectronics ThreadX 1.0.0
2025-06-26 11:31:43,625 [INFO] ThirdParty:1030 - CMSIS Pack Vendor :STMicroelectronics FP-SNS-SMARTAG2 1.2.0
2025-06-26 11:31:43,625 [INFO] ThirdParty:1030 - CMSIS Pack Vendor :STMicroelectronics FP-SNS-FLIGHT1 5.1.0
2025-06-26 11:31:43,625 [INFO] ThirdParty:1030 - CMSIS Pack Vendor :STMicroelectronics X-CUBE-MEMS1 11.1.0
2025-06-26 11:31:43,625 [INFO] ThirdParty:1030 - CMSIS Pack Vendor :STMicroelectronics X-CUBE-AZRTOS-WL 2.0.0
2025-06-26 11:31:43,625 [INFO] ThirdParty:1030 - CMSIS Pack Vendor :SEGGER I-CUBE-embOS 1.3.1
2025-06-26 11:31:43,625 [INFO] ThirdParty:1030 - CMSIS Pack Vendor :STMicroelectronics X-CUBE-ALGOBUILD 1.4.0
2025-06-26 11:31:43,625 [INFO] ThirdParty:1030 - CMSIS Pack Vendor :STMicroelectronics X-CUBE-DPower 1.3.0
2025-06-26 11:31:43,625 [INFO] ThirdParty:1030 - CMSIS Pack Vendor :STMicroelectronics X-CUBE-MEMS1 11.3.0
2025-06-26 11:31:43,625 [INFO] ThirdParty:1030 - CMSIS Pack Vendor :STMicroelectronics FP-SNS-MOTENV1 5.0.0
2025-06-26 11:31:43,625 [INFO] ThirdParty:1030 - CMSIS Pack Vendor :STMicroelectronics USB_DEVICE 1.0.0
2025-06-26 11:31:43,625 [INFO] ThirdParty:1030 - CMSIS Pack Vendor :STMicroelectronics X-CUBE-AZRTOS-H7RS 1.0.0
2025-06-26 11:31:43,625 [INFO] ThirdParty:1030 - CMSIS Pack Vendor :STMicroelectronics X-CUBE-AZRTOS-L4 2.0.0
2025-06-26 11:31:43,625 [INFO] ThirdParty:1030 - CMSIS Pack Vendor :STMicroelectronics ThreadX 0.0.2
2025-06-26 11:31:43,625 [INFO] ThirdParty:1030 - CMSIS Pack Vendor :WES I-CUBE-Cesium 1.3.0
2025-06-26 11:31:43,625 [INFO] ThirdParty:1030 - CMSIS Pack Vendor :STMicroelectronics lwIP 2.1.2
2025-06-26 11:31:43,625 [INFO] ThirdParty:1030 - CMSIS Pack Vendor :STMicroelectronics X-CUBE-SFXS2LP1 4.0.0
2025-06-26 11:31:43,625 [INFO] ThirdParty:1030 - CMSIS Pack Vendor :STMicroelectronics X-CUBE-BLE2 3.3.0
2025-06-26 11:31:43,625 [INFO] ThirdParty:1030 - CMSIS Pack Vendor :STMicroelectronics X-CUBE-TOF1 3.4.2
2025-06-26 11:31:43,625 [INFO] ThirdParty:1030 - CMSIS Pack Vendor :STMicroelectronics X-CUBE-TOF1 3.4.3
2025-06-26 11:31:43,625 [INFO] ThirdParty:1030 - CMSIS Pack Vendor :STMicroelectronics PDM2PCM 3.2.0
2025-06-26 11:31:43,626 [INFO] ThirdParty:841 - exiting critical section [change project]
2025-06-26 11:31:44,154 [INFO] PinOutPanel:1589 - setPackage(No Configuration,No Configuration)
2025-06-26 11:31:44,156 [INFO] PinOutPanel:1589 - setPackage(STM32H743VITx,LQFP100)
2025-06-26 11:31:44,972 [INFO] UtilMem:75 - Before build in PCC Used Memory: 892280184 Bytes (1073741824)
2025-06-26 11:31:45,262 [INFO] UtilMem:75 - After build in PCC Used Memory: 956243336 Bytes (1073741824)
2025-06-26 11:31:45,268 [INFO] ApiDbMcu:508 - Load IP Config File for FREERTOS
2025-06-26 11:31:45,300 [INFO] IPUIPlugin:80 - create IPUIPlugin
2025-06-26 11:31:45,300 [INFO] IPUIPlugin:80 - create IPUIPlugin
2025-06-26 11:31:45,300 [INFO] IPUIPlugin:80 - create IPUIPlugin
2025-06-26 11:31:45,301 [INFO] IPUIPlugin:80 - create IPUIPlugin
2025-06-26 11:31:45,301 [INFO] IPUIPlugin:80 - create IPUIPlugin
2025-06-26 11:31:45,301 [INFO] IPUIPlugin:80 - create IPUIPlugin
2025-06-26 11:31:45,301 [INFO] IPUIPlugin:80 - create IPUIPlugin
2025-06-26 11:31:45,301 [INFO] IPUIPlugin:80 - create IPUIPlugin
2025-06-26 11:31:45,301 [INFO] IPUIPlugin:80 - create IPUIPlugin
2025-06-26 11:31:45,301 [INFO] IPUIPlugin:80 - create IPUIPlugin
2025-06-26 11:31:45,301 [INFO] IPUIPlugin:80 - create IPUIPlugin
2025-06-26 11:31:45,302 [INFO] IPUIPlugin:80 - create IPUIPlugin
2025-06-26 11:31:45,302 [INFO] IPUIPlugin:80 - create IPUIPlugin
2025-06-26 11:31:45,302 [INFO] IPUIPlugin:80 - create IPUIPlugin
2025-06-26 11:31:45,302 [INFO] IPUIPlugin:80 - create IPUIPlugin
2025-06-26 11:31:45,302 [INFO] IPUIPlugin:80 - create IPUIPlugin
2025-06-26 11:31:45,302 [INFO] IPUIPlugin:80 - create IPUIPlugin
2025-06-26 11:31:45,302 [INFO] IPUIPlugin:80 - create IPUIPlugin
2025-06-26 11:31:45,302 [INFO] IPUIPlugin:80 - create IPUIPlugin
2025-06-26 11:31:45,302 [INFO] IPUIPlugin:80 - create IPUIPlugin
2025-06-26 11:31:45,303 [INFO] IPUIPlugin:80 - create IPUIPlugin
2025-06-26 11:31:45,303 [INFO] IPUIPlugin:80 - create IPUIPlugin
2025-06-26 11:31:45,303 [INFO] IPUIPlugin:80 - create IPUIPlugin
2025-06-26 11:31:45,303 [INFO] IPUIPlugin:80 - create IPUIPlugin
2025-06-26 11:31:45,303 [INFO] IPUIPlugin:80 - create IPUIPlugin
2025-06-26 11:31:45,303 [INFO] IPUIPlugin:80 - create IPUIPlugin
2025-06-26 11:31:45,303 [INFO] IPUIPlugin:80 - create IPUIPlugin
2025-06-26 11:31:45,303 [INFO] IPUIPlugin:80 - create IPUIPlugin
2025-06-26 11:31:45,303 [INFO] IPUIPlugin:80 - create IPUIPlugin
2025-06-26 11:31:45,304 [INFO] IPUIPlugin:80 - create IPUIPlugin
2025-06-26 11:31:45,304 [INFO] IPUIPlugin:80 - create IPUIPlugin
2025-06-26 11:31:45,304 [INFO] IPUIPlugin:80 - create IPUIPlugin
2025-06-26 11:31:45,304 [INFO] IPUIPlugin:80 - create IPUIPlugin
2025-06-26 11:31:45,304 [INFO] IPUIPlugin:80 - create IPUIPlugin
2025-06-26 11:31:45,305 [INFO] IPUIPlugin:80 - create IPUIPlugin
2025-06-26 11:31:45,305 [INFO] IPUIPlugin:80 - create IPUIPlugin
2025-06-26 11:31:45,305 [INFO] IPUIPlugin:80 - create IPUIPlugin
2025-06-26 11:31:45,305 [INFO] IPUIPlugin:80 - create IPUIPlugin
2025-06-26 11:31:45,305 [INFO] IPUIPlugin:80 - create IPUIPlugin
2025-06-26 11:31:45,306 [INFO] IPUIPlugin:80 - create IPUIPlugin
2025-06-26 11:31:45,306 [INFO] IPUIPlugin:80 - create IPUIPlugin
2025-06-26 11:31:45,306 [INFO] IPUIPlugin:80 - create IPUIPlugin
2025-06-26 11:31:45,306 [INFO] IPUIPlugin:80 - create IPUIPlugin
2025-06-26 11:31:45,307 [INFO] IPUIPlugin:80 - create IPUIPlugin
2025-06-26 11:31:45,307 [INFO] IPUIPlugin:80 - create IPUIPlugin
2025-06-26 11:31:45,307 [INFO] IPUIPlugin:80 - create IPUIPlugin
2025-06-26 11:31:45,307 [INFO] IPUIPlugin:80 - create IPUIPlugin
2025-06-26 11:31:45,308 [INFO] IPUIPlugin:80 - create IPUIPlugin
2025-06-26 11:31:45,308 [INFO] IPUIPlugin:80 - create IPUIPlugin
2025-06-26 11:31:45,308 [INFO] IPUIPlugin:80 - create IPUIPlugin
2025-06-26 11:31:45,308 [INFO] IPUIPlugin:80 - create IPUIPlugin
2025-06-26 11:31:45,309 [INFO] IPUIPlugin:80 - create IPUIPlugin
2025-06-26 11:31:45,309 [INFO] IPUIPlugin:80 - create IPUIPlugin
2025-06-26 11:31:45,309 [INFO] IPUIPlugin:80 - create IPUIPlugin
2025-06-26 11:31:45,309 [INFO] IPUIPlugin:80 - create IPUIPlugin
2025-06-26 11:31:45,310 [INFO] IPUIPlugin:80 - create IPUIPlugin
2025-06-26 11:31:45,310 [INFO] IPUIPlugin:80 - create IPUIPlugin
2025-06-26 11:31:45,310 [INFO] IPUIPlugin:80 - create IPUIPlugin
2025-06-26 11:31:45,310 [INFO] IPUIPlugin:80 - create IPUIPlugin
2025-06-26 11:31:45,310 [INFO] IPUIPlugin:80 - create IPUIPlugin
2025-06-26 11:31:45,311 [INFO] IPUIPlugin:80 - create IPUIPlugin
2025-06-26 11:31:45,311 [INFO] IPUIPlugin:80 - create IPUIPlugin
2025-06-26 11:31:45,311 [INFO] IPUIPlugin:80 - create IPUIPlugin
2025-06-26 11:31:45,311 [INFO] IPUIPlugin:80 - create IPUIPlugin
2025-06-26 11:31:45,312 [INFO] IPUIPlugin:80 - create IPUIPlugin
2025-06-26 11:31:45,312 [INFO] IPUIPlugin:80 - create IPUIPlugin
2025-06-26 11:31:45,312 [INFO] IPUIPlugin:80 - create IPUIPlugin
2025-06-26 11:31:45,313 [INFO] IPUIPlugin:80 - create IPUIPlugin
2025-06-26 11:31:45,313 [INFO] IPUIPlugin:80 - create IPUIPlugin
2025-06-26 11:31:45,313 [INFO] IPUIPlugin:80 - create IPUIPlugin
2025-06-26 11:31:45,313 [INFO] IPUIPlugin:80 - create IPUIPlugin
2025-06-26 11:31:45,314 [INFO] IPUIPlugin:80 - create IPUIPlugin
2025-06-26 11:31:45,314 [INFO] IPUIPlugin:80 - create IPUIPlugin
2025-06-26 11:31:45,315 [INFO] IPUIPlugin:80 - create IPUIPlugin
2025-06-26 11:31:45,315 [INFO] IPUIPlugin:80 - create IPUIPlugin
2025-06-26 11:31:45,316 [INFO] IPUIPlugin:80 - create IPUIPlugin
2025-06-26 11:31:45,316 [INFO] IPUIPlugin:80 - create IPUIPlugin
2025-06-26 11:31:45,316 [INFO] IPUIPlugin:80 - create IPUIPlugin
2025-06-26 11:31:45,316 [INFO] IPUIPlugin:80 - create IPUIPlugin
2025-06-26 11:31:45,317 [INFO] IPUIPlugin:80 - create IPUIPlugin
2025-06-26 11:31:45,317 [INFO] IPUIPlugin:80 - create IPUIPlugin
2025-06-26 11:31:45,317 [INFO] IPUIPlugin:80 - create IPUIPlugin
2025-06-26 11:31:45,318 [INFO] IPUIPlugin:80 - create IPUIPlugin
2025-06-26 11:31:45,318 [INFO] IPUIPlugin:80 - create IPUIPlugin
2025-06-26 11:31:45,318 [INFO] IPUIPlugin:80 - create IPUIPlugin
2025-06-26 11:31:45,319 [INFO] IPUIPlugin:80 - create IPUIPlugin
2025-06-26 11:31:45,319 [INFO] IPUIPlugin:80 - create IPUIPlugin
2025-06-26 11:31:45,319 [INFO] IPUIPlugin:80 - create IPUIPlugin
2025-06-26 11:31:45,320 [INFO] IPUIPlugin:80 - create IPUIPlugin
2025-06-26 11:31:45,320 [INFO] IPUIPlugin:80 - create IPUIPlugin
2025-06-26 11:31:45,320 [INFO] IPUIPlugin:80 - create IPUIPlugin
2025-06-26 11:31:45,321 [INFO] IPUIPlugin:80 - create IPUIPlugin
2025-06-26 11:31:45,321 [INFO] IPUIPlugin:80 - create IPUIPlugin
2025-06-26 11:31:45,322 [INFO] IPUIPlugin:80 - create IPUIPlugin
2025-06-26 11:31:45,335 [INFO] IPUIPlugin:80 - create IPUIPlugin
2025-06-26 11:31:45,336 [INFO] IPUIPlugin:80 - create IPUIPlugin
2025-06-26 11:31:45,336 [INFO] IPUIPlugin:80 - create IPUIPlugin
2025-06-26 11:31:45,340 [INFO] ApiDbMcu:508 - Load IP Config File for PDM2PCM
2025-06-26 11:31:45,363 [WARN] FreeRTOS:1023 - Null or empty value: should not occur! (nothing added to the table)
2025-06-26 11:31:45,436 [INFO] CADModel:165 - CPN selected for project levelSTM32H743VIT6
2025-06-26 11:31:45,436 [INFO] CADModel:114 - Register for checkConnection events
2025-06-26 11:31:45,438 [INFO] RtosManager:725 - Active RTOS found at IOC load: FREERTOS [Cortex-M7NS]
2025-06-26 11:31:45,510 [INFO] OpenFileManager:385 - Restore cursor
2025-06-26 11:31:50,443 [INFO] NvicIntPanel:101 - NVIC parent = com.st.microxplorer.plugins.ip.nvic.MultiNvicIntPanel[,0,0,0x0,invalid,layout=javax.swing.BoxLayout,alignmentX=0.0,alignmentY=0.0,border=,flags=9,maximumSize=,minimumSize=,preferredSize=]
2025-06-26 11:31:59,940 [INFO] NvicIntPanel:101 - NVIC parent = com.st.microxplorer.plugins.ip.nvic.MultiNvicIntPanel[,0,0,0x0,invalid,layout=javax.swing.BoxLayout,alignmentX=0.0,alignmentY=0.0,border=,flags=9,maximumSize=,minimumSize=,preferredSize=]
2025-06-26 11:32:00,586 [INFO] NvicIntPanel:101 - NVIC parent = com.st.microxplorer.plugins.ip.nvic.MultiNvicIntPanel[,0,0,0x0,invalid,layout=javax.swing.BoxLayout,alignmentX=0.0,alignmentY=0.0,border=,flags=9,maximumSize=,minimumSize=,preferredSize=]
2025-06-26 11:33:57,448 [INFO] UtilMem:75 - End SaveConfig() Used Memory: 941677008 Bytes (1073741824)
2025-06-26 11:34:01,134 [INFO] UtilMem:75 - End SaveConfig() Used Memory: 707679384 Bytes (1073741824)
2025-06-26 11:34:01,999 [INFO] UtilMem:75 - End SaveConfig() Used Memory: 761107584 Bytes (1073741824)
2025-06-26 11:34:02,438 [INFO] BlockDiagram:2775 - set Specific Code input for plugin: SPI
2025-06-26 11:34:02,438 [INFO] BlockDiagram:2775 - set Specific Code input for plugin: FREERTOS
2025-06-26 11:34:02,438 [INFO] BlockDiagram:2775 - set Specific Code input for plugin: RCC
2025-06-26 11:34:02,438 [INFO] BlockDiagram:2775 - set Specific Code input for plugin: I2C
2025-06-26 11:34:02,438 [INFO] BlockDiagram:2775 - set Specific Code input for plugin: TIM1_8H7
2025-06-26 11:34:02,438 [INFO] BlockDiagram:2775 - set Specific Code input for plugin: TIM1_8H7
2025-06-26 11:34:02,438 [INFO] BlockDiagram:2775 - set Specific Code input for plugin: TIM1_8H7
2025-06-26 11:34:02,438 [INFO] BlockDiagram:2775 - set Specific Code input for plugin: MEMORYMAP
2025-06-26 11:34:02,438 [INFO] BlockDiagram:2775 - set Specific Code input for plugin: TIM1_8H7
2025-06-26 11:34:02,438 [INFO] BlockDiagram:2775 - set Specific Code input for plugin: TIM1_8H7
2025-06-26 11:34:02,438 [INFO] BlockDiagram:2775 - set Specific Code input for plugin: TIM1_8H7
2025-06-26 11:34:02,438 [INFO] BlockDiagram:2775 - set Specific Code input for plugin: ADC
2025-06-26 11:34:02,438 [INFO] BlockDiagram:2775 - set Specific Code input for plugin: SYS
2025-06-26 11:34:02,438 [INFO] BlockDiagram:2775 - set Specific Code input for plugin: ADC
2025-06-26 11:34:02,438 [INFO] BlockDiagram:2775 - set Specific Code input for plugin: NVIC
2025-06-26 11:34:02,438 [INFO] BlockDiagram:2775 - set Specific Code input for plugin: DMA
2025-06-26 11:34:02,438 [INFO] BlockDiagram:2775 - set Specific Code input for plugin: VREFBUF
2025-06-26 11:34:02,438 [INFO] BlockDiagram:2775 - set Specific Code input for plugin: UART
2025-06-26 11:34:02,438 [INFO] BlockDiagram:2775 - set Specific Code input for plugin: UART
2025-06-26 11:34:02,438 [INFO] BlockDiagram:2775 - set Specific Code input for plugin: DEBUG
2025-06-26 11:34:02,439 [INFO] BlockDiagram:2775 - set Specific Code input for plugin: GPIO
2025-06-26 11:34:02,440 [INFO] CodeGenerator:882 - code generatio: config db path: C:\ST\STM32CubeIDE_1.18.0\STM32CubeIDE\plugins\com.st.stm32cube.common.mx_6.14.0.202502271554\\db\
2025-06-26 11:34:02,751 [INFO] CodeEngine:263 - oldGeneratedFile, C:\Users\marcv\Desktop\X1-Thorn\1_Code\3_STM32\0_workspace\X1_Thorn_v3\MXTmpFiles\license.tmp_save
2025-06-26 11:34:03,119 [INFO] CodeEngine:287 - Generated code: C:\Users\marcv\Desktop\X1-Thorn\1_Code\3_STM32\0_workspace\X1_Thorn_v3\MXTmpFiles\license.tmp
2025-06-26 11:34:03,272 [INFO] CodeEngine:263 - oldGeneratedFile, C:\Users\marcv\Desktop\X1-Thorn\1_Code\3_STM32\0_workspace\X1_Thorn_v3\Core\Src\gpio.c_save
2025-06-26 11:34:03,415 [INFO] CodeEngine:287 - Generated code: C:\Users\marcv\Desktop\X1-Thorn\1_Code\3_STM32\0_workspace\X1_Thorn_v3\Core\Src\gpio.c
2025-06-26 11:34:03,440 [INFO] CodeEngine:263 - oldGeneratedFile, C:\Users\marcv\Desktop\X1-Thorn\1_Code\3_STM32\0_workspace\X1_Thorn_v3\Core\Inc\gpio.h_save
2025-06-26 11:34:03,534 [INFO] CodeEngine:287 - Generated code: C:\Users\marcv\Desktop\X1-Thorn\1_Code\3_STM32\0_workspace\X1_Thorn_v3\Core\Inc\gpio.h
2025-06-26 11:34:03,873 [WARN] IPConfigManager:103 - WARNING: Missing Config File for DEBUG ip!!
2025-06-26 11:34:04,198 [WARN] IPConfigManager:103 - WARNING: Missing Config File for MEMORYMAP ip!!
2025-06-26 11:34:05,494 [INFO] Middleware:1452 - No code input for Bsp Dependency
2025-06-26 11:34:05,509 [INFO] CodeEngine:263 - oldGeneratedFile, C:\Users\marcv\Desktop\X1-Thorn\1_Code\3_STM32\0_workspace\X1_Thorn_v3\MXTmpFiles\rtos_inc.tmp_save
2025-06-26 11:34:05,596 [INFO] CodeEngine:287 - Generated code: C:\Users\marcv\Desktop\X1-Thorn\1_Code\3_STM32\0_workspace\X1_Thorn_v3\MXTmpFiles\rtos_inc.tmp
2025-06-26 11:34:05,611 [INFO] CodeEngine:263 - oldGeneratedFile, C:\Users\marcv\Desktop\X1-Thorn\1_Code\3_STM32\0_workspace\X1_Thorn_v3\MXTmpFiles\rtos_kernelInit.tmp_save
2025-06-26 11:34:05,701 [INFO] CodeEngine:287 - Generated code: C:\Users\marcv\Desktop\X1-Thorn\1_Code\3_STM32\0_workspace\X1_Thorn_v3\MXTmpFiles\rtos_kernelInit.tmp
2025-06-26 11:34:05,712 [INFO] CodeEngine:263 - oldGeneratedFile, C:\Users\marcv\Desktop\X1-Thorn\1_Code\3_STM32\0_workspace\X1_Thorn_v3\MXTmpFiles\rtos_kernelStart.tmp_save
2025-06-26 11:34:05,777 [INFO] CodeEngine:287 - Generated code: C:\Users\marcv\Desktop\X1-Thorn\1_Code\3_STM32\0_workspace\X1_Thorn_v3\MXTmpFiles\rtos_kernelStart.tmp
2025-06-26 11:34:05,792 [INFO] CodeEngine:263 - oldGeneratedFile, C:\Users\marcv\Desktop\X1-Thorn\1_Code\3_STM32\0_workspace\X1_Thorn_v3\MXTmpFiles\rtos_typedefs.tmp_save
2025-06-26 11:34:05,868 [INFO] CodeEngine:287 - Generated code: C:\Users\marcv\Desktop\X1-Thorn\1_Code\3_STM32\0_workspace\X1_Thorn_v3\MXTmpFiles\rtos_typedefs.tmp
2025-06-26 11:34:05,883 [INFO] CodeEngine:263 - oldGeneratedFile, C:\Users\marcv\Desktop\X1-Thorn\1_Code\3_STM32\0_workspace\X1_Thorn_v3\MXTmpFiles\rtos_vars.tmp_save
2025-06-26 11:34:05,962 [INFO] CodeEngine:287 - Generated code: C:\Users\marcv\Desktop\X1-Thorn\1_Code\3_STM32\0_workspace\X1_Thorn_v3\MXTmpFiles\rtos_vars.tmp
2025-06-26 11:34:05,975 [INFO] CodeEngine:263 - oldGeneratedFile, C:\Users\marcv\Desktop\X1-Thorn\1_Code\3_STM32\0_workspace\X1_Thorn_v3\MXTmpFiles\rtos_pfp.tmp_save
2025-06-26 11:34:06,050 [INFO] CodeEngine:287 - Generated code: C:\Users\marcv\Desktop\X1-Thorn\1_Code\3_STM32\0_workspace\X1_Thorn_v3\MXTmpFiles\rtos_pfp.tmp
2025-06-26 11:34:06,064 [INFO] CodeEngine:263 - oldGeneratedFile, C:\Users\marcv\Desktop\X1-Thorn\1_Code\3_STM32\0_workspace\X1_Thorn_v3\MXTmpFiles\rtos_obj_creat.tmp_save
2025-06-26 11:34:06,134 [INFO] CodeEngine:287 - Generated code: C:\Users\marcv\Desktop\X1-Thorn\1_Code\3_STM32\0_workspace\X1_Thorn_v3\MXTmpFiles\rtos_obj_creat.tmp
2025-06-26 11:34:06,149 [INFO] CodeEngine:263 - oldGeneratedFile, C:\Users\marcv\Desktop\X1-Thorn\1_Code\3_STM32\0_workspace\X1_Thorn_v3\MXTmpFiles\rtos_default_thread.tmp_save
2025-06-26 11:34:06,222 [INFO] CodeEngine:287 - Generated code: C:\Users\marcv\Desktop\X1-Thorn\1_Code\3_STM32\0_workspace\X1_Thorn_v3\MXTmpFiles\rtos_default_thread.tmp
2025-06-26 11:34:06,236 [INFO] CodeEngine:263 - oldGeneratedFile, C:\Users\marcv\Desktop\X1-Thorn\1_Code\3_STM32\0_workspace\X1_Thorn_v3\MXTmpFiles\rtos_threads.tmp_save
2025-06-26 11:34:06,301 [INFO] CodeEngine:287 - Generated code: C:\Users\marcv\Desktop\X1-Thorn\1_Code\3_STM32\0_workspace\X1_Thorn_v3\MXTmpFiles\rtos_threads.tmp
2025-06-26 11:34:06,337 [INFO] Middleware:1452 - No code input for Bsp Dependency
2025-06-26 11:34:06,348 [INFO] CodeEngine:263 - oldGeneratedFile, C:\Users\marcv\Desktop\X1-Thorn\1_Code\3_STM32\0_workspace\X1_Thorn_v3\MXTmpFiles\rtos_inc.tmp_save
2025-06-26 11:34:06,413 [INFO] CodeEngine:287 - Generated code: C:\Users\marcv\Desktop\X1-Thorn\1_Code\3_STM32\0_workspace\X1_Thorn_v3\MXTmpFiles\rtos_inc.tmp
2025-06-26 11:34:06,419 [INFO] CodeEngine:263 - oldGeneratedFile, C:\Users\marcv\Desktop\X1-Thorn\1_Code\3_STM32\0_workspace\X1_Thorn_v3\MXTmpFiles\rtos_kernelInit.tmp_save
2025-06-26 11:34:06,471 [INFO] CodeEngine:287 - Generated code: C:\Users\marcv\Desktop\X1-Thorn\1_Code\3_STM32\0_workspace\X1_Thorn_v3\MXTmpFiles\rtos_kernelInit.tmp
2025-06-26 11:34:06,478 [INFO] CodeEngine:263 - oldGeneratedFile, C:\Users\marcv\Desktop\X1-Thorn\1_Code\3_STM32\0_workspace\X1_Thorn_v3\MXTmpFiles\rtos_kernelStart.tmp_save
2025-06-26 11:34:06,528 [INFO] CodeEngine:287 - Generated code: C:\Users\marcv\Desktop\X1-Thorn\1_Code\3_STM32\0_workspace\X1_Thorn_v3\MXTmpFiles\rtos_kernelStart.tmp
2025-06-26 11:34:06,535 [INFO] CodeEngine:263 - oldGeneratedFile, C:\Users\marcv\Desktop\X1-Thorn\1_Code\3_STM32\0_workspace\X1_Thorn_v3\MXTmpFiles\rtos_typedefs.tmp_save
2025-06-26 11:34:06,585 [INFO] CodeEngine:287 - Generated code: C:\Users\marcv\Desktop\X1-Thorn\1_Code\3_STM32\0_workspace\X1_Thorn_v3\MXTmpFiles\rtos_typedefs.tmp
2025-06-26 11:34:06,600 [INFO] CodeEngine:263 - oldGeneratedFile, C:\Users\marcv\Desktop\X1-Thorn\1_Code\3_STM32\0_workspace\X1_Thorn_v3\MXTmpFiles\rtos_vars.tmp_save
2025-06-26 11:34:06,653 [INFO] CodeEngine:287 - Generated code: C:\Users\marcv\Desktop\X1-Thorn\1_Code\3_STM32\0_workspace\X1_Thorn_v3\MXTmpFiles\rtos_vars.tmp
2025-06-26 11:34:06,660 [INFO] CodeEngine:263 - oldGeneratedFile, C:\Users\marcv\Desktop\X1-Thorn\1_Code\3_STM32\0_workspace\X1_Thorn_v3\MXTmpFiles\rtos_pfp.tmp_save
2025-06-26 11:34:06,712 [INFO] CodeEngine:287 - Generated code: C:\Users\marcv\Desktop\X1-Thorn\1_Code\3_STM32\0_workspace\X1_Thorn_v3\MXTmpFiles\rtos_pfp.tmp
2025-06-26 11:34:06,729 [INFO] CodeEngine:263 - oldGeneratedFile, C:\Users\marcv\Desktop\X1-Thorn\1_Code\3_STM32\0_workspace\X1_Thorn_v3\MXTmpFiles\rtos_obj_creat.tmp_save
2025-06-26 11:34:06,782 [INFO] CodeEngine:287 - Generated code: C:\Users\marcv\Desktop\X1-Thorn\1_Code\3_STM32\0_workspace\X1_Thorn_v3\MXTmpFiles\rtos_obj_creat.tmp
2025-06-26 11:34:06,791 [INFO] CodeEngine:263 - oldGeneratedFile, C:\Users\marcv\Desktop\X1-Thorn\1_Code\3_STM32\0_workspace\X1_Thorn_v3\MXTmpFiles\rtos_default_thread.tmp_save
2025-06-26 11:34:06,841 [INFO] CodeEngine:287 - Generated code: C:\Users\marcv\Desktop\X1-Thorn\1_Code\3_STM32\0_workspace\X1_Thorn_v3\MXTmpFiles\rtos_default_thread.tmp
2025-06-26 11:34:06,848 [INFO] CodeEngine:263 - oldGeneratedFile, C:\Users\marcv\Desktop\X1-Thorn\1_Code\3_STM32\0_workspace\X1_Thorn_v3\MXTmpFiles\rtos_threads.tmp_save
2025-06-26 11:34:06,897 [INFO] CodeEngine:287 - Generated code: C:\Users\marcv\Desktop\X1-Thorn\1_Code\3_STM32\0_workspace\X1_Thorn_v3\MXTmpFiles\rtos_threads.tmp
2025-06-26 11:34:06,923 [INFO] CodeEngine:263 - oldGeneratedFile, C:\Users\marcv\Desktop\X1-Thorn\1_Code\3_STM32\0_workspace\X1_Thorn_v3\Core\Inc\FreeRTOSConfig.h_save
2025-06-26 11:34:07,027 [INFO] CodeEngine:287 - Generated code: C:\Users\marcv\Desktop\X1-Thorn\1_Code\3_STM32\0_workspace\X1_Thorn_v3\Core\Inc\FreeRTOSConfig.h
2025-06-26 11:34:07,052 [INFO] CodeEngine:263 - oldGeneratedFile, C:\Users\marcv\Desktop\X1-Thorn\1_Code\3_STM32\0_workspace\X1_Thorn_v3\Core\Src\freertos.c_save
2025-06-26 11:34:07,148 [INFO] CodeEngine:287 - Generated code: C:\Users\marcv\Desktop\X1-Thorn\1_Code\3_STM32\0_workspace\X1_Thorn_v3\Core\Src\freertos.c
2025-06-26 11:34:07,180 [INFO] CodeEngine:263 - oldGeneratedFile, C:\Users\marcv\Desktop\X1-Thorn\1_Code\3_STM32\0_workspace\X1_Thorn_v3\Core\Src\adc.c_save
2025-06-26 11:34:07,321 [INFO] CodeEngine:287 - Generated code: C:\Users\marcv\Desktop\X1-Thorn\1_Code\3_STM32\0_workspace\X1_Thorn_v3\Core\Src\adc.c
2025-06-26 11:34:07,346 [INFO] CodeEngine:263 - oldGeneratedFile, C:\Users\marcv\Desktop\X1-Thorn\1_Code\3_STM32\0_workspace\X1_Thorn_v3\Core\Inc\adc.h_save
2025-06-26 11:34:07,432 [INFO] CodeEngine:287 - Generated code: C:\Users\marcv\Desktop\X1-Thorn\1_Code\3_STM32\0_workspace\X1_Thorn_v3\Core\Inc\adc.h
2025-06-26 11:34:07,451 [INFO] CodeEngine:263 - oldGeneratedFile, C:\Users\marcv\Desktop\X1-Thorn\1_Code\3_STM32\0_workspace\X1_Thorn_v3\MXTmpFiles\cortex.tmp_save
2025-06-26 11:34:07,544 [INFO] CodeEngine:287 - Generated code: C:\Users\marcv\Desktop\X1-Thorn\1_Code\3_STM32\0_workspace\X1_Thorn_v3\MXTmpFiles\cortex.tmp
2025-06-26 11:34:07,606 [INFO] CodeEngine:263 - oldGeneratedFile, C:\Users\marcv\Desktop\X1-Thorn\1_Code\3_STM32\0_workspace\X1_Thorn_v3\Core\Src\dma.c_save
2025-06-26 11:34:07,692 [INFO] CodeEngine:287 - Generated code: C:\Users\marcv\Desktop\X1-Thorn\1_Code\3_STM32\0_workspace\X1_Thorn_v3\Core\Src\dma.c
2025-06-26 11:34:07,713 [INFO] CodeEngine:263 - oldGeneratedFile, C:\Users\marcv\Desktop\X1-Thorn\1_Code\3_STM32\0_workspace\X1_Thorn_v3\Core\Inc\dma.h_save
2025-06-26 11:34:07,787 [INFO] CodeEngine:287 - Generated code: C:\Users\marcv\Desktop\X1-Thorn\1_Code\3_STM32\0_workspace\X1_Thorn_v3\Core\Inc\dma.h
2025-06-26 11:34:07,812 [INFO] CodeEngine:263 - oldGeneratedFile, C:\Users\marcv\Desktop\X1-Thorn\1_Code\3_STM32\0_workspace\X1_Thorn_v3\Core\Src\i2c.c_save
2025-06-26 11:34:07,913 [INFO] CodeEngine:287 - Generated code: C:\Users\marcv\Desktop\X1-Thorn\1_Code\3_STM32\0_workspace\X1_Thorn_v3\Core\Src\i2c.c
2025-06-26 11:34:07,920 [INFO] CodeEngine:263 - oldGeneratedFile, C:\Users\marcv\Desktop\X1-Thorn\1_Code\3_STM32\0_workspace\X1_Thorn_v3\Core\Inc\i2c.h_save
2025-06-26 11:34:08,000 [INFO] CodeEngine:287 - Generated code: C:\Users\marcv\Desktop\X1-Thorn\1_Code\3_STM32\0_workspace\X1_Thorn_v3\Core\Inc\i2c.h
2025-06-26 11:34:08,027 [INFO] CodeEngine:263 - oldGeneratedFile, C:\Users\marcv\Desktop\X1-Thorn\1_Code\3_STM32\0_workspace\X1_Thorn_v3\Core\Src\memorymap.c_save
2025-06-26 11:34:08,130 [INFO] CodeEngine:287 - Generated code: C:\Users\marcv\Desktop\X1-Thorn\1_Code\3_STM32\0_workspace\X1_Thorn_v3\Core\Src\memorymap.c
2025-06-26 11:34:08,138 [INFO] CodeEngine:263 - oldGeneratedFile, C:\Users\marcv\Desktop\X1-Thorn\1_Code\3_STM32\0_workspace\X1_Thorn_v3\Core\Inc\memorymap.h_save
2025-06-26 11:34:08,219 [INFO] CodeEngine:287 - Generated code: C:\Users\marcv\Desktop\X1-Thorn\1_Code\3_STM32\0_workspace\X1_Thorn_v3\Core\Inc\memorymap.h
2025-06-26 11:34:08,244 [INFO] CodeEngine:263 - oldGeneratedFile, C:\Users\marcv\Desktop\X1-Thorn\1_Code\3_STM32\0_workspace\X1_Thorn_v3\Core\Src\spi.c_save
2025-06-26 11:34:08,333 [INFO] CodeEngine:287 - Generated code: C:\Users\marcv\Desktop\X1-Thorn\1_Code\3_STM32\0_workspace\X1_Thorn_v3\Core\Src\spi.c
2025-06-26 11:34:08,340 [INFO] CodeEngine:263 - oldGeneratedFile, C:\Users\marcv\Desktop\X1-Thorn\1_Code\3_STM32\0_workspace\X1_Thorn_v3\Core\Inc\spi.h_save
2025-06-26 11:34:08,414 [INFO] CodeEngine:287 - Generated code: C:\Users\marcv\Desktop\X1-Thorn\1_Code\3_STM32\0_workspace\X1_Thorn_v3\Core\Inc\spi.h
2025-06-26 11:34:08,441 [INFO] CodeEngine:263 - oldGeneratedFile, C:\Users\marcv\Desktop\X1-Thorn\1_Code\3_STM32\0_workspace\X1_Thorn_v3\Core\Src\tim.c_save
2025-06-26 11:34:08,560 [INFO] CodeEngine:287 - Generated code: C:\Users\marcv\Desktop\X1-Thorn\1_Code\3_STM32\0_workspace\X1_Thorn_v3\Core\Src\tim.c
2025-06-26 11:34:08,568 [INFO] CodeEngine:263 - oldGeneratedFile, C:\Users\marcv\Desktop\X1-Thorn\1_Code\3_STM32\0_workspace\X1_Thorn_v3\Core\Inc\tim.h_save
2025-06-26 11:34:08,653 [INFO] CodeEngine:287 - Generated code: C:\Users\marcv\Desktop\X1-Thorn\1_Code\3_STM32\0_workspace\X1_Thorn_v3\Core\Inc\tim.h
2025-06-26 11:34:08,677 [INFO] CodeEngine:263 - oldGeneratedFile, C:\Users\marcv\Desktop\X1-Thorn\1_Code\3_STM32\0_workspace\X1_Thorn_v3\Core\Src\usart.c_save
2025-06-26 11:34:08,767 [INFO] CodeEngine:287 - Generated code: C:\Users\marcv\Desktop\X1-Thorn\1_Code\3_STM32\0_workspace\X1_Thorn_v3\Core\Src\usart.c
2025-06-26 11:34:08,773 [INFO] CodeEngine:263 - oldGeneratedFile, C:\Users\marcv\Desktop\X1-Thorn\1_Code\3_STM32\0_workspace\X1_Thorn_v3\Core\Inc\usart.h_save
2025-06-26 11:34:08,850 [INFO] CodeEngine:287 - Generated code: C:\Users\marcv\Desktop\X1-Thorn\1_Code\3_STM32\0_workspace\X1_Thorn_v3\Core\Inc\usart.h
2025-06-26 11:34:08,897 [INFO] CodeEngine:263 - oldGeneratedFile, C:\Users\marcv\Desktop\X1-Thorn\1_Code\3_STM32\0_workspace\X1_Thorn_v3\Core\Src\stm32h7xx_it.c_save
2025-06-26 11:34:09,011 [INFO] CodeEngine:287 - Generated code: C:\Users\marcv\Desktop\X1-Thorn\1_Code\3_STM32\0_workspace\X1_Thorn_v3\Core\Src\stm32h7xx_it.c
2025-06-26 11:34:09,035 [INFO] CodeEngine:263 - oldGeneratedFile, C:\Users\marcv\Desktop\X1-Thorn\1_Code\3_STM32\0_workspace\X1_Thorn_v3\Core\Inc\stm32h7xx_it.h_save
2025-06-26 11:34:09,110 [INFO] CodeEngine:287 - Generated code: C:\Users\marcv\Desktop\X1-Thorn\1_Code\3_STM32\0_workspace\X1_Thorn_v3\Core\Inc\stm32h7xx_it.h
2025-06-26 11:34:09,224 [INFO] CodeEngine:263 - oldGeneratedFile, C:\Users\marcv\Desktop\X1-Thorn\1_Code\3_STM32\0_workspace\X1_Thorn_v3\Core\Src\stm32h7xx_hal_msp.c_save
2025-06-26 11:34:09,314 [INFO] CodeEngine:287 - Generated code: C:\Users\marcv\Desktop\X1-Thorn\1_Code\3_STM32\0_workspace\X1_Thorn_v3\Core\Src\stm32h7xx_hal_msp.c
2025-06-26 11:34:09,326 [INFO] CodeEngine:263 - oldGeneratedFile, C:\Users\marcv\Desktop\X1-Thorn\1_Code\3_STM32\0_workspace\X1_Thorn_v3\MXTmpFiles\system.tmp_save
2025-06-26 11:34:09,388 [INFO] CodeEngine:287 - Generated code: C:\Users\marcv\Desktop\X1-Thorn\1_Code\3_STM32\0_workspace\X1_Thorn_v3\MXTmpFiles\system.tmp
2025-06-26 11:34:09,413 [INFO] CodeEngine:263 - oldGeneratedFile, C:\Users\marcv\Desktop\X1-Thorn\1_Code\3_STM32\0_workspace\X1_Thorn_v3\Core\Src\stm32h7xx_hal_timebase_tim.c_save
2025-06-26 11:34:09,490 [INFO] CodeEngine:287 - Generated code: C:\Users\marcv\Desktop\X1-Thorn\1_Code\3_STM32\0_workspace\X1_Thorn_v3\Core\Src\stm32h7xx_hal_timebase_tim.c
2025-06-26 11:34:09,521 [INFO] CodeEngine:319 - oldGeneratedFile, C:\Users\marcv\Desktop\X1-Thorn\1_Code\3_STM32\0_workspace\X1_Thorn_v3\Core\Inc\stm32h7xx_hal_conf.h_save
2025-06-26 11:34:09,606 [INFO] CodeEngine:343 - Generated code: C:\Users\marcv\Desktop\X1-Thorn\1_Code\3_STM32\0_workspace\X1_Thorn_v3\Core\Inc\stm32h7xx_hal_conf.h
2025-06-26 11:34:09,696 [INFO] ApiDbMcu:508 - Load IP Config File for ADC2
2025-06-26 11:34:09,700 [INFO] ApiDbMcu:508 - Load IP Config File for ADC3
2025-06-26 11:34:09,704 [INFO] ApiDbMcu:508 - Load IP Config File for I2C2
2025-06-26 11:34:09,704 [ERROR] ApiDbMcu:464 - Can't load MEMORYMAP-STM32xx root dir null
2025-06-26 11:34:09,705 [ERROR] ApiDbMcu:536 - Cannot parse MEMORYMAP_Config file : file do not exist
2025-06-26 11:34:09,709 [INFO] ApiDbMcu:508 - Load IP Config File for SPI4
2025-06-26 11:34:09,728 [INFO] ApiDbMcu:508 - Load IP Config File for TIM1
2025-06-26 11:34:09,744 [INFO] ApiDbMcu:508 - Load IP Config File for TIM3
2025-06-26 11:34:09,761 [INFO] ApiDbMcu:508 - Load IP Config File for TIM5
2025-06-26 11:34:09,780 [INFO] ApiDbMcu:508 - Load IP Config File for TIM15
2025-06-26 11:34:09,798 [INFO] ApiDbMcu:508 - Load IP Config File for TIM16
2025-06-26 11:34:09,810 [INFO] ApiDbMcu:508 - Load IP Config File for TIM17
2025-06-26 11:34:09,821 [INFO] ApiDbMcu:508 - Load IP Config File for UART5
2025-06-26 11:34:09,832 [INFO] ApiDbMcu:508 - Load IP Config File for UART8
2025-06-26 11:34:09,838 [INFO] ApiDbMcu:508 - Load IP Config File for RCC
2025-06-26 11:34:09,874 [INFO] CodeEngine:263 - oldGeneratedFile, C:\Users\marcv\Desktop\X1-Thorn\1_Code\3_STM32\0_workspace\X1_Thorn_v3\Core\Inc\main.h_save
2025-06-26 11:34:09,993 [INFO] CodeEngine:287 - Generated code: C:\Users\marcv\Desktop\X1-Thorn\1_Code\3_STM32\0_workspace\X1_Thorn_v3\Core\Inc\main.h
2025-06-26 11:34:10,046 [INFO] CodeEngine:263 - oldGeneratedFile, C:\Users\marcv\Desktop\X1-Thorn\1_Code\3_STM32\0_workspace\X1_Thorn_v3\Core\Src\main.c_save
2025-06-26 11:34:10,235 [INFO] CodeEngine:287 - Generated code: C:\Users\marcv\Desktop\X1-Thorn\1_Code\3_STM32\0_workspace\X1_Thorn_v3\Core\Src\main.c
2025-06-26 11:34:11,075 [INFO] ProjectBuilder:3324 - Time for Copy HAL[1] : 614mS.
2025-06-26 11:34:11,085 [INFO] ProjectBuilder:4912 - Project Generator version: 4.6.0-B36
2025-06-26 11:34:11,186 [INFO] ConfigFileManager:1590 - The Die is : DIE450
2025-06-26 11:34:11,201 [INFO] ApiDbMcu:508 - Load IP Config File for FATFS
2025-06-26 11:34:11,212 [INFO] ApiDbMcu:508 - Load IP Config File for LIBJPEG
2025-06-26 11:34:11,230 [INFO] ApiDbMcu:508 - Load IP Config File for LWIP
2025-06-26 11:34:11,245 [INFO] ApiDbMcu:508 - Load IP Config File for MBEDTLS
2025-06-26 11:34:11,262 [INFO] ApiDbMcu:508 - Load IP Config File for USB_DEVICE
2025-06-26 11:34:11,275 [INFO] ApiDbMcu:508 - Load IP Config File for USB_HOST
2025-06-26 11:34:12,068 [INFO] LogOutputStream:77 - [STDOUT_REDIRECT] 
2025-06-26 11:34:14,614 [INFO] ProjectBuilder:5191 - Time for Generating toolchain IDE Files: 3518mS.
2025-06-26 11:34:14,615 [INFO] ProjectBuilder:3181 - Time for Copy CMSIS : 1mS.
2025-06-26 11:34:14,635 [INFO] ProjectBuilder:3181 - Time for Copy CMSIS : 0mS.
2025-06-26 11:45:24,990 [INFO] UtilMem:75 - End SaveConfig() Used Memory: 774524168 Bytes (1073741824)
2025-06-26 11:45:26,137 [INFO] UtilMem:75 - End SaveConfig() Used Memory: 771658208 Bytes (1073741824)
2025-06-26 11:45:26,709 [INFO] UtilMem:75 - End SaveConfig() Used Memory: 823038432 Bytes (1073741824)
2025-06-26 11:45:27,040 [INFO] BlockDiagram:2775 - set Specific Code input for plugin: SPI
2025-06-26 11:45:27,040 [INFO] BlockDiagram:2775 - set Specific Code input for plugin: FREERTOS
2025-06-26 11:45:27,040 [INFO] BlockDiagram:2775 - set Specific Code input for plugin: RCC
2025-06-26 11:45:27,040 [INFO] BlockDiagram:2775 - set Specific Code input for plugin: I2C
2025-06-26 11:45:27,040 [INFO] BlockDiagram:2775 - set Specific Code input for plugin: TIM1_8H7
2025-06-26 11:45:27,040 [INFO] BlockDiagram:2775 - set Specific Code input for plugin: TIM1_8H7
2025-06-26 11:45:27,040 [INFO] BlockDiagram:2775 - set Specific Code input for plugin: TIM1_8H7
2025-06-26 11:45:27,041 [INFO] BlockDiagram:2775 - set Specific Code input for plugin: MEMORYMAP
2025-06-26 11:45:27,041 [INFO] BlockDiagram:2775 - set Specific Code input for plugin: TIM1_8H7
2025-06-26 11:45:27,041 [INFO] BlockDiagram:2775 - set Specific Code input for plugin: TIM1_8H7
2025-06-26 11:45:27,041 [INFO] BlockDiagram:2775 - set Specific Code input for plugin: TIM1_8H7
2025-06-26 11:45:27,041 [INFO] BlockDiagram:2775 - set Specific Code input for plugin: ADC
2025-06-26 11:45:27,041 [INFO] BlockDiagram:2775 - set Specific Code input for plugin: SYS
2025-06-26 11:45:27,041 [INFO] BlockDiagram:2775 - set Specific Code input for plugin: ADC
2025-06-26 11:45:27,041 [INFO] BlockDiagram:2775 - set Specific Code input for plugin: NVIC
2025-06-26 11:45:27,041 [INFO] BlockDiagram:2775 - set Specific Code input for plugin: DMA
2025-06-26 11:45:27,041 [INFO] BlockDiagram:2775 - set Specific Code input for plugin: VREFBUF
2025-06-26 11:45:27,041 [INFO] BlockDiagram:2775 - set Specific Code input for plugin: UART
2025-06-26 11:45:27,041 [INFO] BlockDiagram:2775 - set Specific Code input for plugin: UART
2025-06-26 11:45:27,041 [INFO] BlockDiagram:2775 - set Specific Code input for plugin: DEBUG
2025-06-26 11:45:27,042 [INFO] BlockDiagram:2775 - set Specific Code input for plugin: GPIO
2025-06-26 11:45:27,043 [INFO] CodeGenerator:882 - code generatio: config db path: C:\ST\STM32CubeIDE_1.18.0\STM32CubeIDE\plugins\com.st.stm32cube.common.mx_6.14.0.202502271554\\db\
2025-06-26 11:45:27,144 [INFO] Argument:325 - Argument : hdmavalue: null
2025-06-26 11:45:27,144 [INFO] Argument:327 - 	 sub Args: 
2025-06-26 11:45:27,145 [INFO] Argument:325 - Argument : Instancevalue: DMA1_Stream0
2025-06-26 11:45:27,145 [INFO] Argument:335 - Argument : Instancevalue: DMA1_Stream0
2025-06-26 11:45:27,145 [INFO] Argument:325 - Argument : Initvalue: null
2025-06-26 11:45:27,145 [INFO] Argument:327 - 	 sub Args: 
2025-06-26 11:45:27,145 [INFO] Argument:325 - Argument : Requestvalue: DMA_REQUEST_TIM3_CH1
2025-06-26 11:45:27,145 [INFO] Argument:335 - Argument : Requestvalue: DMA_REQUEST_TIM3_CH1
2025-06-26 11:45:27,145 [INFO] Argument:325 - Argument : Directionvalue: DMA_MEMORY_TO_PERIPH
2025-06-26 11:45:27,145 [INFO] Argument:335 - Argument : Directionvalue: DMA_MEMORY_TO_PERIPH
2025-06-26 11:45:27,145 [INFO] Argument:325 - Argument : PeriphIncvalue: DMA_PINC_DISABLE
2025-06-26 11:45:27,145 [INFO] Argument:335 - Argument : PeriphIncvalue: DMA_PINC_DISABLE
2025-06-26 11:45:27,145 [INFO] Argument:325 - Argument : MemIncvalue: DMA_MINC_ENABLE
2025-06-26 11:45:27,145 [INFO] Argument:335 - Argument : MemIncvalue: DMA_MINC_ENABLE
2025-06-26 11:45:27,145 [INFO] Argument:325 - Argument : PeriphDataAlignmentvalue: DMA_PDATAALIGN_HALFWORD
2025-06-26 11:45:27,145 [INFO] Argument:335 - Argument : PeriphDataAlignmentvalue: DMA_PDATAALIGN_HALFWORD
2025-06-26 11:45:27,146 [INFO] Argument:325 - Argument : MemDataAlignmentvalue: DMA_MDATAALIGN_HALFWORD
2025-06-26 11:45:27,146 [INFO] Argument:335 - Argument : MemDataAlignmentvalue: DMA_MDATAALIGN_HALFWORD
2025-06-26 11:45:27,146 [INFO] Argument:325 - Argument : Modevalue: DMA_NORMAL
2025-06-26 11:45:27,146 [INFO] Argument:335 - Argument : Modevalue: DMA_NORMAL
2025-06-26 11:45:27,146 [INFO] Argument:325 - Argument : Priorityvalue: DMA_PRIORITY_HIGH
2025-06-26 11:45:27,146 [INFO] Argument:335 - Argument : Priorityvalue: DMA_PRIORITY_HIGH
2025-06-26 11:45:27,146 [INFO] Argument:325 - Argument : FIFOModevalue: DMA_FIFOMODE_DISABLE
2025-06-26 11:45:27,146 [INFO] Argument:335 - Argument : FIFOModevalue: DMA_FIFOMODE_DISABLE
2025-06-26 11:45:27,146 [INFO] Argument:325 - Argument : FIFOThresholdvalue: null
2025-06-26 11:45:27,146 [INFO] Argument:335 - Argument : FIFOThresholdvalue: null
2025-06-26 11:45:27,146 [INFO] Argument:325 - Argument : MemBurstvalue: null
2025-06-26 11:45:27,146 [INFO] Argument:335 - Argument : MemBurstvalue: null
2025-06-26 11:45:27,146 [INFO] Argument:325 - Argument : PeriphBurstvalue: null
2025-06-26 11:45:27,146 [INFO] Argument:335 - Argument : PeriphBurstvalue: null
2025-06-26 11:45:27,146 [INFO] Argument:325 - Argument : Lockvalue: null
2025-06-26 11:45:27,146 [INFO] Argument:335 - Argument : Lockvalue: null
2025-06-26 11:45:27,147 [INFO] Argument:325 - Argument : Statevalue: null
2025-06-26 11:45:27,147 [INFO] Argument:335 - Argument : Statevalue: null
2025-06-26 11:45:27,147 [INFO] Argument:325 - Argument : Parentvalue: null
2025-06-26 11:45:27,147 [INFO] Argument:335 - Argument : Parentvalue: null
2025-06-26 11:45:27,147 [INFO] Argument:325 - Argument : XferCpltCallbackvalue: null
2025-06-26 11:45:27,147 [INFO] Argument:335 - Argument : XferCpltCallbackvalue: null
2025-06-26 11:45:27,147 [INFO] Argument:325 - Argument : XferHalfCpltCallbackvalue: null
2025-06-26 11:45:27,147 [INFO] Argument:335 - Argument : XferHalfCpltCallbackvalue: null
2025-06-26 11:45:27,147 [INFO] Argument:325 - Argument : XferM1CpltCallbackvalue: null
2025-06-26 11:45:27,147 [INFO] Argument:335 - Argument : XferM1CpltCallbackvalue: null
2025-06-26 11:45:27,147 [INFO] Argument:325 - Argument : XferM1HalfCpltCallbackvalue: null
2025-06-26 11:45:27,147 [INFO] Argument:335 - Argument : XferM1HalfCpltCallbackvalue: null
2025-06-26 11:45:27,147 [INFO] Argument:325 - Argument : XferErrorCallbackvalue: null
2025-06-26 11:45:27,147 [INFO] Argument:335 - Argument : XferErrorCallbackvalue: null
2025-06-26 11:45:27,147 [INFO] Argument:325 - Argument : XferAbortCallbackvalue: null
2025-06-26 11:45:27,148 [INFO] Argument:335 - Argument : XferAbortCallbackvalue: null
2025-06-26 11:45:27,148 [INFO] Argument:325 - Argument : ErrorCodevalue: null
2025-06-26 11:45:27,148 [INFO] Argument:335 - Argument : ErrorCodevalue: null
2025-06-26 11:45:27,148 [INFO] Argument:325 - Argument : StreamBaseAddressvalue: null
2025-06-26 11:45:27,148 [INFO] Argument:335 - Argument : StreamBaseAddressvalue: null
2025-06-26 11:45:27,148 [INFO] Argument:325 - Argument : StreamIndexvalue: null
2025-06-26 11:45:27,148 [INFO] Argument:335 - Argument : StreamIndexvalue: null
2025-06-26 11:45:27,149 [INFO] Argument:325 - Argument : hdmavalue: null
2025-06-26 11:45:27,149 [INFO] Argument:327 - 	 sub Args: 
2025-06-26 11:45:27,149 [INFO] Argument:325 - Argument : Instancevalue: DMA1_Stream1
2025-06-26 11:45:27,149 [INFO] Argument:335 - Argument : Instancevalue: DMA1_Stream1
2025-06-26 11:45:27,149 [INFO] Argument:325 - Argument : Initvalue: null
2025-06-26 11:45:27,149 [INFO] Argument:327 - 	 sub Args: 
2025-06-26 11:45:27,149 [INFO] Argument:325 - Argument : Requestvalue: DMA_REQUEST_TIM3_CH2
2025-06-26 11:45:27,149 [INFO] Argument:335 - Argument : Requestvalue: DMA_REQUEST_TIM3_CH2
2025-06-26 11:45:27,149 [INFO] Argument:325 - Argument : Directionvalue: DMA_MEMORY_TO_PERIPH
2025-06-26 11:45:27,150 [INFO] Argument:335 - Argument : Directionvalue: DMA_MEMORY_TO_PERIPH
2025-06-26 11:45:27,150 [INFO] Argument:325 - Argument : PeriphIncvalue: DMA_PINC_DISABLE
2025-06-26 11:45:27,150 [INFO] Argument:335 - Argument : PeriphIncvalue: DMA_PINC_DISABLE
2025-06-26 11:45:27,150 [INFO] Argument:325 - Argument : MemIncvalue: DMA_MINC_ENABLE
2025-06-26 11:45:27,150 [INFO] Argument:335 - Argument : MemIncvalue: DMA_MINC_ENABLE
2025-06-26 11:45:27,150 [INFO] Argument:325 - Argument : PeriphDataAlignmentvalue: DMA_PDATAALIGN_HALFWORD
2025-06-26 11:45:27,150 [INFO] Argument:335 - Argument : PeriphDataAlignmentvalue: DMA_PDATAALIGN_HALFWORD
2025-06-26 11:45:27,150 [INFO] Argument:325 - Argument : MemDataAlignmentvalue: DMA_MDATAALIGN_HALFWORD
2025-06-26 11:45:27,150 [INFO] Argument:335 - Argument : MemDataAlignmentvalue: DMA_MDATAALIGN_HALFWORD
2025-06-26 11:45:27,150 [INFO] Argument:325 - Argument : Modevalue: DMA_NORMAL
2025-06-26 11:45:27,150 [INFO] Argument:335 - Argument : Modevalue: DMA_NORMAL
2025-06-26 11:45:27,150 [INFO] Argument:325 - Argument : Priorityvalue: DMA_PRIORITY_HIGH
2025-06-26 11:45:27,150 [INFO] Argument:335 - Argument : Priorityvalue: DMA_PRIORITY_HIGH
2025-06-26 11:45:27,150 [INFO] Argument:325 - Argument : FIFOModevalue: DMA_FIFOMODE_DISABLE
2025-06-26 11:45:27,150 [INFO] Argument:335 - Argument : FIFOModevalue: DMA_FIFOMODE_DISABLE
2025-06-26 11:45:27,150 [INFO] Argument:325 - Argument : FIFOThresholdvalue: null
2025-06-26 11:45:27,150 [INFO] Argument:335 - Argument : FIFOThresholdvalue: null
2025-06-26 11:45:27,150 [INFO] Argument:325 - Argument : MemBurstvalue: null
2025-06-26 11:45:27,151 [INFO] Argument:335 - Argument : MemBurstvalue: null
2025-06-26 11:45:27,151 [INFO] Argument:325 - Argument : PeriphBurstvalue: null
2025-06-26 11:45:27,151 [INFO] Argument:335 - Argument : PeriphBurstvalue: null
2025-06-26 11:45:27,151 [INFO] Argument:325 - Argument : Lockvalue: null
2025-06-26 11:45:27,151 [INFO] Argument:335 - Argument : Lockvalue: null
2025-06-26 11:45:27,151 [INFO] Argument:325 - Argument : Statevalue: null
2025-06-26 11:45:27,151 [INFO] Argument:335 - Argument : Statevalue: null
2025-06-26 11:45:27,151 [INFO] Argument:325 - Argument : Parentvalue: null
2025-06-26 11:45:27,151 [INFO] Argument:335 - Argument : Parentvalue: null
2025-06-26 11:45:27,151 [INFO] Argument:325 - Argument : XferCpltCallbackvalue: null
2025-06-26 11:45:27,151 [INFO] Argument:335 - Argument : XferCpltCallbackvalue: null
2025-06-26 11:45:27,151 [INFO] Argument:325 - Argument : XferHalfCpltCallbackvalue: null
2025-06-26 11:45:27,151 [INFO] Argument:335 - Argument : XferHalfCpltCallbackvalue: null
2025-06-26 11:45:27,151 [INFO] Argument:325 - Argument : XferM1CpltCallbackvalue: null
2025-06-26 11:45:27,151 [INFO] Argument:335 - Argument : XferM1CpltCallbackvalue: null
2025-06-26 11:45:27,151 [INFO] Argument:325 - Argument : XferM1HalfCpltCallbackvalue: null
2025-06-26 11:45:27,151 [INFO] Argument:335 - Argument : XferM1HalfCpltCallbackvalue: null
2025-06-26 11:45:27,152 [INFO] Argument:325 - Argument : XferErrorCallbackvalue: null
2025-06-26 11:45:27,152 [INFO] Argument:335 - Argument : XferErrorCallbackvalue: null
2025-06-26 11:45:27,152 [INFO] Argument:325 - Argument : XferAbortCallbackvalue: null
2025-06-26 11:45:27,152 [INFO] Argument:335 - Argument : XferAbortCallbackvalue: null
2025-06-26 11:45:27,152 [INFO] Argument:325 - Argument : ErrorCodevalue: null
2025-06-26 11:45:27,152 [INFO] Argument:335 - Argument : ErrorCodevalue: null
2025-06-26 11:45:27,152 [INFO] Argument:325 - Argument : StreamBaseAddressvalue: null
2025-06-26 11:45:27,152 [INFO] Argument:335 - Argument : StreamBaseAddressvalue: null
2025-06-26 11:45:27,152 [INFO] Argument:325 - Argument : StreamIndexvalue: null
2025-06-26 11:45:27,152 [INFO] Argument:335 - Argument : StreamIndexvalue: null
2025-06-26 11:45:27,270 [INFO] CodeEngine:263 - oldGeneratedFile, C:\Users\marcv\Desktop\X1-Thorn\1_Code\3_STM32\0_workspace\X1_Thorn_v3\MXTmpFiles\license.tmp_save
2025-06-26 11:45:27,456 [INFO] CodeEngine:287 - Generated code: C:\Users\marcv\Desktop\X1-Thorn\1_Code\3_STM32\0_workspace\X1_Thorn_v3\MXTmpFiles\license.tmp
2025-06-26 11:45:27,566 [INFO] CodeEngine:263 - oldGeneratedFile, C:\Users\marcv\Desktop\X1-Thorn\1_Code\3_STM32\0_workspace\X1_Thorn_v3\Core\Src\gpio.c_save
2025-06-26 11:45:27,665 [INFO] CodeEngine:287 - Generated code: C:\Users\marcv\Desktop\X1-Thorn\1_Code\3_STM32\0_workspace\X1_Thorn_v3\Core\Src\gpio.c
2025-06-26 11:45:27,674 [INFO] CodeEngine:263 - oldGeneratedFile, C:\Users\marcv\Desktop\X1-Thorn\1_Code\3_STM32\0_workspace\X1_Thorn_v3\Core\Inc\gpio.h_save
2025-06-26 11:45:27,760 [INFO] CodeEngine:287 - Generated code: C:\Users\marcv\Desktop\X1-Thorn\1_Code\3_STM32\0_workspace\X1_Thorn_v3\Core\Inc\gpio.h
2025-06-26 11:45:28,059 [WARN] IPConfigManager:103 - WARNING: Missing Config File for DEBUG ip!!
2025-06-26 11:45:28,359 [WARN] IPConfigManager:103 - WARNING: Missing Config File for MEMORYMAP ip!!
2025-06-26 11:45:29,795 [INFO] Middleware:1452 - No code input for Bsp Dependency
2025-06-26 11:45:29,805 [INFO] CodeEngine:263 - oldGeneratedFile, C:\Users\marcv\Desktop\X1-Thorn\1_Code\3_STM32\0_workspace\X1_Thorn_v3\MXTmpFiles\rtos_inc.tmp_save
2025-06-26 11:45:29,888 [INFO] CodeEngine:287 - Generated code: C:\Users\marcv\Desktop\X1-Thorn\1_Code\3_STM32\0_workspace\X1_Thorn_v3\MXTmpFiles\rtos_inc.tmp
2025-06-26 11:45:29,893 [INFO] CodeEngine:263 - oldGeneratedFile, C:\Users\marcv\Desktop\X1-Thorn\1_Code\3_STM32\0_workspace\X1_Thorn_v3\MXTmpFiles\rtos_kernelInit.tmp_save
2025-06-26 11:45:29,954 [INFO] CodeEngine:287 - Generated code: C:\Users\marcv\Desktop\X1-Thorn\1_Code\3_STM32\0_workspace\X1_Thorn_v3\MXTmpFiles\rtos_kernelInit.tmp
2025-06-26 11:45:29,960 [INFO] CodeEngine:263 - oldGeneratedFile, C:\Users\marcv\Desktop\X1-Thorn\1_Code\3_STM32\0_workspace\X1_Thorn_v3\MXTmpFiles\rtos_kernelStart.tmp_save
2025-06-26 11:45:30,040 [INFO] CodeEngine:287 - Generated code: C:\Users\marcv\Desktop\X1-Thorn\1_Code\3_STM32\0_workspace\X1_Thorn_v3\MXTmpFiles\rtos_kernelStart.tmp
2025-06-26 11:45:30,045 [INFO] CodeEngine:263 - oldGeneratedFile, C:\Users\marcv\Desktop\X1-Thorn\1_Code\3_STM32\0_workspace\X1_Thorn_v3\MXTmpFiles\rtos_typedefs.tmp_save
2025-06-26 11:45:30,097 [INFO] CodeEngine:287 - Generated code: C:\Users\marcv\Desktop\X1-Thorn\1_Code\3_STM32\0_workspace\X1_Thorn_v3\MXTmpFiles\rtos_typedefs.tmp
2025-06-26 11:45:30,104 [INFO] CodeEngine:263 - oldGeneratedFile, C:\Users\marcv\Desktop\X1-Thorn\1_Code\3_STM32\0_workspace\X1_Thorn_v3\MXTmpFiles\rtos_vars.tmp_save
2025-06-26 11:45:30,172 [INFO] CodeEngine:287 - Generated code: C:\Users\marcv\Desktop\X1-Thorn\1_Code\3_STM32\0_workspace\X1_Thorn_v3\MXTmpFiles\rtos_vars.tmp
2025-06-26 11:45:30,176 [INFO] CodeEngine:263 - oldGeneratedFile, C:\Users\marcv\Desktop\X1-Thorn\1_Code\3_STM32\0_workspace\X1_Thorn_v3\MXTmpFiles\rtos_pfp.tmp_save
2025-06-26 11:45:30,233 [INFO] CodeEngine:287 - Generated code: C:\Users\marcv\Desktop\X1-Thorn\1_Code\3_STM32\0_workspace\X1_Thorn_v3\MXTmpFiles\rtos_pfp.tmp
2025-06-26 11:45:30,237 [INFO] CodeEngine:263 - oldGeneratedFile, C:\Users\marcv\Desktop\X1-Thorn\1_Code\3_STM32\0_workspace\X1_Thorn_v3\MXTmpFiles\rtos_obj_creat.tmp_save
2025-06-26 11:45:30,313 [INFO] CodeEngine:287 - Generated code: C:\Users\marcv\Desktop\X1-Thorn\1_Code\3_STM32\0_workspace\X1_Thorn_v3\MXTmpFiles\rtos_obj_creat.tmp
2025-06-26 11:45:30,318 [INFO] CodeEngine:263 - oldGeneratedFile, C:\Users\marcv\Desktop\X1-Thorn\1_Code\3_STM32\0_workspace\X1_Thorn_v3\MXTmpFiles\rtos_default_thread.tmp_save
2025-06-26 11:45:30,376 [INFO] CodeEngine:287 - Generated code: C:\Users\marcv\Desktop\X1-Thorn\1_Code\3_STM32\0_workspace\X1_Thorn_v3\MXTmpFiles\rtos_default_thread.tmp
2025-06-26 11:45:30,380 [INFO] CodeEngine:263 - oldGeneratedFile, C:\Users\marcv\Desktop\X1-Thorn\1_Code\3_STM32\0_workspace\X1_Thorn_v3\MXTmpFiles\rtos_threads.tmp_save
2025-06-26 11:45:30,432 [INFO] CodeEngine:287 - Generated code: C:\Users\marcv\Desktop\X1-Thorn\1_Code\3_STM32\0_workspace\X1_Thorn_v3\MXTmpFiles\rtos_threads.tmp
2025-06-26 11:45:30,466 [INFO] Middleware:1452 - No code input for Bsp Dependency
2025-06-26 11:45:30,477 [INFO] CodeEngine:263 - oldGeneratedFile, C:\Users\marcv\Desktop\X1-Thorn\1_Code\3_STM32\0_workspace\X1_Thorn_v3\MXTmpFiles\rtos_inc.tmp_save
2025-06-26 11:45:30,544 [INFO] CodeEngine:287 - Generated code: C:\Users\marcv\Desktop\X1-Thorn\1_Code\3_STM32\0_workspace\X1_Thorn_v3\MXTmpFiles\rtos_inc.tmp
2025-06-26 11:45:30,551 [INFO] CodeEngine:263 - oldGeneratedFile, C:\Users\marcv\Desktop\X1-Thorn\1_Code\3_STM32\0_workspace\X1_Thorn_v3\MXTmpFiles\rtos_kernelInit.tmp_save
2025-06-26 11:45:30,607 [INFO] CodeEngine:287 - Generated code: C:\Users\marcv\Desktop\X1-Thorn\1_Code\3_STM32\0_workspace\X1_Thorn_v3\MXTmpFiles\rtos_kernelInit.tmp
2025-06-26 11:45:30,615 [INFO] CodeEngine:263 - oldGeneratedFile, C:\Users\marcv\Desktop\X1-Thorn\1_Code\3_STM32\0_workspace\X1_Thorn_v3\MXTmpFiles\rtos_kernelStart.tmp_save
2025-06-26 11:45:30,671 [INFO] CodeEngine:287 - Generated code: C:\Users\marcv\Desktop\X1-Thorn\1_Code\3_STM32\0_workspace\X1_Thorn_v3\MXTmpFiles\rtos_kernelStart.tmp
2025-06-26 11:45:30,679 [INFO] CodeEngine:263 - oldGeneratedFile, C:\Users\marcv\Desktop\X1-Thorn\1_Code\3_STM32\0_workspace\X1_Thorn_v3\MXTmpFiles\rtos_typedefs.tmp_save
2025-06-26 11:45:30,733 [INFO] CodeEngine:287 - Generated code: C:\Users\marcv\Desktop\X1-Thorn\1_Code\3_STM32\0_workspace\X1_Thorn_v3\MXTmpFiles\rtos_typedefs.tmp
2025-06-26 11:45:30,756 [INFO] CodeEngine:263 - oldGeneratedFile, C:\Users\marcv\Desktop\X1-Thorn\1_Code\3_STM32\0_workspace\X1_Thorn_v3\MXTmpFiles\rtos_vars.tmp_save
2025-06-26 11:45:30,823 [INFO] CodeEngine:287 - Generated code: C:\Users\marcv\Desktop\X1-Thorn\1_Code\3_STM32\0_workspace\X1_Thorn_v3\MXTmpFiles\rtos_vars.tmp
2025-06-26 11:45:30,830 [INFO] CodeEngine:263 - oldGeneratedFile, C:\Users\marcv\Desktop\X1-Thorn\1_Code\3_STM32\0_workspace\X1_Thorn_v3\MXTmpFiles\rtos_pfp.tmp_save
2025-06-26 11:45:30,881 [INFO] CodeEngine:287 - Generated code: C:\Users\marcv\Desktop\X1-Thorn\1_Code\3_STM32\0_workspace\X1_Thorn_v3\MXTmpFiles\rtos_pfp.tmp
2025-06-26 11:45:30,899 [INFO] CodeEngine:263 - oldGeneratedFile, C:\Users\marcv\Desktop\X1-Thorn\1_Code\3_STM32\0_workspace\X1_Thorn_v3\MXTmpFiles\rtos_obj_creat.tmp_save
2025-06-26 11:45:30,957 [INFO] CodeEngine:287 - Generated code: C:\Users\marcv\Desktop\X1-Thorn\1_Code\3_STM32\0_workspace\X1_Thorn_v3\MXTmpFiles\rtos_obj_creat.tmp
2025-06-26 11:45:30,964 [INFO] CodeEngine:263 - oldGeneratedFile, C:\Users\marcv\Desktop\X1-Thorn\1_Code\3_STM32\0_workspace\X1_Thorn_v3\MXTmpFiles\rtos_default_thread.tmp_save
2025-06-26 11:45:31,017 [INFO] CodeEngine:287 - Generated code: C:\Users\marcv\Desktop\X1-Thorn\1_Code\3_STM32\0_workspace\X1_Thorn_v3\MXTmpFiles\rtos_default_thread.tmp
2025-06-26 11:45:31,024 [INFO] CodeEngine:263 - oldGeneratedFile, C:\Users\marcv\Desktop\X1-Thorn\1_Code\3_STM32\0_workspace\X1_Thorn_v3\MXTmpFiles\rtos_threads.tmp_save
2025-06-26 11:45:31,073 [INFO] CodeEngine:287 - Generated code: C:\Users\marcv\Desktop\X1-Thorn\1_Code\3_STM32\0_workspace\X1_Thorn_v3\MXTmpFiles\rtos_threads.tmp
2025-06-26 11:45:31,089 [INFO] CodeEngine:263 - oldGeneratedFile, C:\Users\marcv\Desktop\X1-Thorn\1_Code\3_STM32\0_workspace\X1_Thorn_v3\Core\Inc\FreeRTOSConfig.h_save
2025-06-26 11:45:31,170 [INFO] CodeEngine:287 - Generated code: C:\Users\marcv\Desktop\X1-Thorn\1_Code\3_STM32\0_workspace\X1_Thorn_v3\Core\Inc\FreeRTOSConfig.h
2025-06-26 11:45:31,188 [INFO] CodeEngine:263 - oldGeneratedFile, C:\Users\marcv\Desktop\X1-Thorn\1_Code\3_STM32\0_workspace\X1_Thorn_v3\Core\Src\freertos.c_save
2025-06-26 11:45:31,271 [INFO] CodeEngine:287 - Generated code: C:\Users\marcv\Desktop\X1-Thorn\1_Code\3_STM32\0_workspace\X1_Thorn_v3\Core\Src\freertos.c
2025-06-26 11:45:31,300 [INFO] CodeEngine:263 - oldGeneratedFile, C:\Users\marcv\Desktop\X1-Thorn\1_Code\3_STM32\0_workspace\X1_Thorn_v3\Core\Src\adc.c_save
2025-06-26 11:45:31,428 [INFO] CodeEngine:287 - Generated code: C:\Users\marcv\Desktop\X1-Thorn\1_Code\3_STM32\0_workspace\X1_Thorn_v3\Core\Src\adc.c
2025-06-26 11:45:31,436 [INFO] CodeEngine:263 - oldGeneratedFile, C:\Users\marcv\Desktop\X1-Thorn\1_Code\3_STM32\0_workspace\X1_Thorn_v3\Core\Inc\adc.h_save
2025-06-26 11:45:31,504 [INFO] CodeEngine:287 - Generated code: C:\Users\marcv\Desktop\X1-Thorn\1_Code\3_STM32\0_workspace\X1_Thorn_v3\Core\Inc\adc.h
2025-06-26 11:45:31,515 [INFO] CodeEngine:263 - oldGeneratedFile, C:\Users\marcv\Desktop\X1-Thorn\1_Code\3_STM32\0_workspace\X1_Thorn_v3\MXTmpFiles\cortex.tmp_save
2025-06-26 11:45:31,608 [INFO] CodeEngine:287 - Generated code: C:\Users\marcv\Desktop\X1-Thorn\1_Code\3_STM32\0_workspace\X1_Thorn_v3\MXTmpFiles\cortex.tmp
2025-06-26 11:45:31,689 [INFO] CodeEngine:263 - oldGeneratedFile, C:\Users\marcv\Desktop\X1-Thorn\1_Code\3_STM32\0_workspace\X1_Thorn_v3\Core\Src\dma.c_save
2025-06-26 11:45:31,776 [INFO] CodeEngine:287 - Generated code: C:\Users\marcv\Desktop\X1-Thorn\1_Code\3_STM32\0_workspace\X1_Thorn_v3\Core\Src\dma.c
2025-06-26 11:45:31,783 [INFO] CodeEngine:263 - oldGeneratedFile, C:\Users\marcv\Desktop\X1-Thorn\1_Code\3_STM32\0_workspace\X1_Thorn_v3\Core\Inc\dma.h_save
2025-06-26 11:45:31,871 [INFO] CodeEngine:287 - Generated code: C:\Users\marcv\Desktop\X1-Thorn\1_Code\3_STM32\0_workspace\X1_Thorn_v3\Core\Inc\dma.h
2025-06-26 11:45:31,899 [INFO] CodeEngine:263 - oldGeneratedFile, C:\Users\marcv\Desktop\X1-Thorn\1_Code\3_STM32\0_workspace\X1_Thorn_v3\Core\Src\i2c.c_save
2025-06-26 11:45:31,978 [INFO] CodeEngine:287 - Generated code: C:\Users\marcv\Desktop\X1-Thorn\1_Code\3_STM32\0_workspace\X1_Thorn_v3\Core\Src\i2c.c
2025-06-26 11:45:31,986 [INFO] CodeEngine:263 - oldGeneratedFile, C:\Users\marcv\Desktop\X1-Thorn\1_Code\3_STM32\0_workspace\X1_Thorn_v3\Core\Inc\i2c.h_save
2025-06-26 11:45:32,044 [INFO] CodeEngine:287 - Generated code: C:\Users\marcv\Desktop\X1-Thorn\1_Code\3_STM32\0_workspace\X1_Thorn_v3\Core\Inc\i2c.h
2025-06-26 11:45:32,068 [INFO] CodeEngine:263 - oldGeneratedFile, C:\Users\marcv\Desktop\X1-Thorn\1_Code\3_STM32\0_workspace\X1_Thorn_v3\Core\Src\memorymap.c_save
2025-06-26 11:45:32,144 [INFO] CodeEngine:287 - Generated code: C:\Users\marcv\Desktop\X1-Thorn\1_Code\3_STM32\0_workspace\X1_Thorn_v3\Core\Src\memorymap.c
2025-06-26 11:45:32,152 [INFO] CodeEngine:263 - oldGeneratedFile, C:\Users\marcv\Desktop\X1-Thorn\1_Code\3_STM32\0_workspace\X1_Thorn_v3\Core\Inc\memorymap.h_save
2025-06-26 11:45:32,237 [INFO] CodeEngine:287 - Generated code: C:\Users\marcv\Desktop\X1-Thorn\1_Code\3_STM32\0_workspace\X1_Thorn_v3\Core\Inc\memorymap.h
2025-06-26 11:45:32,270 [INFO] CodeEngine:263 - oldGeneratedFile, C:\Users\marcv\Desktop\X1-Thorn\1_Code\3_STM32\0_workspace\X1_Thorn_v3\Core\Src\spi.c_save
2025-06-26 11:45:32,383 [INFO] CodeEngine:287 - Generated code: C:\Users\marcv\Desktop\X1-Thorn\1_Code\3_STM32\0_workspace\X1_Thorn_v3\Core\Src\spi.c
2025-06-26 11:45:32,393 [INFO] CodeEngine:263 - oldGeneratedFile, C:\Users\marcv\Desktop\X1-Thorn\1_Code\3_STM32\0_workspace\X1_Thorn_v3\Core\Inc\spi.h_save
2025-06-26 11:45:32,465 [INFO] CodeEngine:287 - Generated code: C:\Users\marcv\Desktop\X1-Thorn\1_Code\3_STM32\0_workspace\X1_Thorn_v3\Core\Inc\spi.h
2025-06-26 11:45:32,495 [INFO] CodeEngine:263 - oldGeneratedFile, C:\Users\marcv\Desktop\X1-Thorn\1_Code\3_STM32\0_workspace\X1_Thorn_v3\Core\Src\tim.c_save
2025-06-26 11:45:32,699 [INFO] CodeEngine:287 - Generated code: C:\Users\marcv\Desktop\X1-Thorn\1_Code\3_STM32\0_workspace\X1_Thorn_v3\Core\Src\tim.c
2025-06-26 11:45:32,710 [INFO] CodeEngine:263 - oldGeneratedFile, C:\Users\marcv\Desktop\X1-Thorn\1_Code\3_STM32\0_workspace\X1_Thorn_v3\Core\Inc\tim.h_save
2025-06-26 11:45:32,811 [INFO] CodeEngine:287 - Generated code: C:\Users\marcv\Desktop\X1-Thorn\1_Code\3_STM32\0_workspace\X1_Thorn_v3\Core\Inc\tim.h
2025-06-26 11:45:32,845 [INFO] CodeEngine:263 - oldGeneratedFile, C:\Users\marcv\Desktop\X1-Thorn\1_Code\3_STM32\0_workspace\X1_Thorn_v3\Core\Src\usart.c_save
2025-06-26 11:45:32,970 [INFO] CodeEngine:287 - Generated code: C:\Users\marcv\Desktop\X1-Thorn\1_Code\3_STM32\0_workspace\X1_Thorn_v3\Core\Src\usart.c
2025-06-26 11:45:32,978 [INFO] CodeEngine:263 - oldGeneratedFile, C:\Users\marcv\Desktop\X1-Thorn\1_Code\3_STM32\0_workspace\X1_Thorn_v3\Core\Inc\usart.h_save
2025-06-26 11:45:33,056 [INFO] CodeEngine:287 - Generated code: C:\Users\marcv\Desktop\X1-Thorn\1_Code\3_STM32\0_workspace\X1_Thorn_v3\Core\Inc\usart.h
2025-06-26 11:45:33,097 [INFO] CodeEngine:263 - oldGeneratedFile, C:\Users\marcv\Desktop\X1-Thorn\1_Code\3_STM32\0_workspace\X1_Thorn_v3\Core\Src\stm32h7xx_it.c_save
2025-06-26 11:45:33,255 [INFO] CodeEngine:287 - Generated code: C:\Users\marcv\Desktop\X1-Thorn\1_Code\3_STM32\0_workspace\X1_Thorn_v3\Core\Src\stm32h7xx_it.c
2025-06-26 11:45:33,263 [INFO] CodeEngine:263 - oldGeneratedFile, C:\Users\marcv\Desktop\X1-Thorn\1_Code\3_STM32\0_workspace\X1_Thorn_v3\Core\Inc\stm32h7xx_it.h_save
2025-06-26 11:45:33,319 [INFO] CodeEngine:287 - Generated code: C:\Users\marcv\Desktop\X1-Thorn\1_Code\3_STM32\0_workspace\X1_Thorn_v3\Core\Inc\stm32h7xx_it.h
2025-06-26 11:45:33,436 [INFO] CodeEngine:263 - oldGeneratedFile, C:\Users\marcv\Desktop\X1-Thorn\1_Code\3_STM32\0_workspace\X1_Thorn_v3\Core\Src\stm32h7xx_hal_msp.c_save
2025-06-26 11:45:33,533 [INFO] CodeEngine:287 - Generated code: C:\Users\marcv\Desktop\X1-Thorn\1_Code\3_STM32\0_workspace\X1_Thorn_v3\Core\Src\stm32h7xx_hal_msp.c
2025-06-26 11:45:33,538 [INFO] CodeEngine:263 - oldGeneratedFile, C:\Users\marcv\Desktop\X1-Thorn\1_Code\3_STM32\0_workspace\X1_Thorn_v3\MXTmpFiles\system.tmp_save
2025-06-26 11:45:33,591 [INFO] CodeEngine:287 - Generated code: C:\Users\marcv\Desktop\X1-Thorn\1_Code\3_STM32\0_workspace\X1_Thorn_v3\MXTmpFiles\system.tmp
2025-06-26 11:45:33,607 [INFO] CodeEngine:263 - oldGeneratedFile, C:\Users\marcv\Desktop\X1-Thorn\1_Code\3_STM32\0_workspace\X1_Thorn_v3\Core\Src\stm32h7xx_hal_timebase_tim.c_save
2025-06-26 11:45:33,666 [INFO] CodeEngine:287 - Generated code: C:\Users\marcv\Desktop\X1-Thorn\1_Code\3_STM32\0_workspace\X1_Thorn_v3\Core\Src\stm32h7xx_hal_timebase_tim.c
2025-06-26 11:45:33,690 [INFO] CodeEngine:319 - oldGeneratedFile, C:\Users\marcv\Desktop\X1-Thorn\1_Code\3_STM32\0_workspace\X1_Thorn_v3\Core\Inc\stm32h7xx_hal_conf.h_save
2025-06-26 11:45:33,794 [INFO] CodeEngine:343 - Generated code: C:\Users\marcv\Desktop\X1-Thorn\1_Code\3_STM32\0_workspace\X1_Thorn_v3\Core\Inc\stm32h7xx_hal_conf.h
2025-06-26 11:45:33,863 [ERROR] ApiDbMcu:464 - Can't load MEMORYMAP-STM32xx root dir null
2025-06-26 11:45:33,863 [ERROR] ApiDbMcu:536 - Cannot parse MEMORYMAP_Config file : file do not exist
2025-06-26 11:45:33,889 [INFO] CodeEngine:263 - oldGeneratedFile, C:\Users\marcv\Desktop\X1-Thorn\1_Code\3_STM32\0_workspace\X1_Thorn_v3\Core\Inc\main.h_save
2025-06-26 11:45:33,984 [INFO] CodeEngine:287 - Generated code: C:\Users\marcv\Desktop\X1-Thorn\1_Code\3_STM32\0_workspace\X1_Thorn_v3\Core\Inc\main.h
2025-06-26 11:45:34,000 [INFO] CodeEngine:263 - oldGeneratedFile, C:\Users\marcv\Desktop\X1-Thorn\1_Code\3_STM32\0_workspace\X1_Thorn_v3\Core\Src\main.c_save
2025-06-26 11:45:34,092 [INFO] CodeEngine:287 - Generated code: C:\Users\marcv\Desktop\X1-Thorn\1_Code\3_STM32\0_workspace\X1_Thorn_v3\Core\Src\main.c
2025-06-26 11:45:34,605 [INFO] ProjectBuilder:3324 - Time for Copy HAL[1] : 328mS.
2025-06-26 11:45:34,611 [INFO] ProjectBuilder:4912 - Project Generator version: 4.6.0-B36
2025-06-26 11:45:34,680 [INFO] ConfigFileManager:1590 - The Die is : DIE450
2025-06-26 11:45:36,411 [INFO] ProjectBuilder:5191 - Time for Generating toolchain IDE Files: 1800mS.
2025-06-26 11:45:36,412 [INFO] ProjectBuilder:3181 - Time for Copy CMSIS : 1mS.
2025-06-26 11:45:36,434 [INFO] ProjectBuilder:3181 - Time for Copy CMSIS : 0mS.
2025-06-26 12:43:45,227 [ERROR] LogOutputStream:75 - [STDERR_REDIRECT] 
2025-06-26 16:06:04,259 [INFO] Activator:176 - 


2025-06-26 16:06:04,261 [INFO] Activator:177 - !SESSION log4j initialized
2025-06-26 16:06:09,529 [INFO] LogOutputStream:77 - [STDOUT_REDIRECT] 
2025-06-26 16:06:18,009 [INFO] ApplicationProperties:184 - Using Application install path: C:\ST\STM32CubeIDE_1.18.0\STM32CubeIDE\plugins\com.st.stm32cube.common.mx_6.14.0.202502271554
2025-06-26 16:06:18,031 [INFO] DbMcusXml:78 - Set database path to: C:\ST\STM32CubeIDE_1.18.0\STM32CubeIDE\plugins\com.st.stm32cube.common.mx_6.14.0.202502271554\\db\/mcu/
2025-06-26 16:06:18,031 [INFO] ApiDb:274 - Set plugin database path to: C:\ST\STM32CubeIDE_1.18.0\STM32CubeIDE\plugins\com.st.stm32cube.common.mx_6.14.0.202502271554\\db\/plugins/boardmanager/
2025-06-26 16:06:18,031 [WARN] ApiDb:259 - Overriding images path with different value:  => C:\ST\STM32CubeIDE_1.18.0\STM32CubeIDE\plugins\com.st.stm32cube.common.mx_6.14.0.202502271554\\db\/plugins/mcufinder/images/
2025-06-26 16:06:18,041 [INFO] ApiDb:250 - Set database path to: C:\Users\marcv\.stmcufinder\plugins\mcufinder//mcu/
2025-06-26 16:06:18,042 [INFO] DbMcusAds:125 - Set database path to: C:\Users\marcv\.stmcufinder\plugins\mcufinder//mcu/
2025-06-26 16:06:18,045 [INFO] CrossReferenceDbSqlite:203 - Set database path to: C:\Users\marcv\.stmcufinder\plugins\mcufinder//mcu/cs/
2025-06-26 16:06:18,172 [INFO] RulesReader:64 - Compatibility file has been processed (301 Rules)
2025-06-26 16:06:18,257 [INFO] DbMcusXml:78 - Set database path to: C:\ST\STM32CubeIDE_1.18.0\STM32CubeIDE\plugins\com.st.stm32cube.common.mx_6.14.0.202502271554\\db\/mcu/
2025-06-26 16:06:18,257 [INFO] ApiDb:274 - Set plugin database path to: C:\ST\STM32CubeIDE_1.18.0\STM32CubeIDE\plugins\com.st.stm32cube.common.mx_6.14.0.202502271554\\db\/plugins/boardmanager/
2025-06-26 16:06:18,257 [INFO] ApiDb:261 - Set plugin images path to: C:\ST\STM32CubeIDE_1.18.0\STM32CubeIDE\plugins\com.st.stm32cube.common.mx_6.14.0.202502271554\\db\/plugins/mcufinder/images/
2025-06-26 16:06:18,257 [WARN] DbFile:41 - Overriding database path with different value: C:\Users\marcv\.stmcufinder\plugins\mcufinder/ => C:\Users\marcv\.stmcufinder\plugins\mcufinder
2025-06-26 16:06:18,258 [INFO] ApiDb:250 - Set database path to: C:\Users\marcv\.stmcufinder\plugins\mcufinder//mcu/
2025-06-26 16:06:18,258 [WARN] DbFile:41 - Overriding database path with different value: C:\Users\marcv\.stmcufinder\plugins\mcufinder/ => C:\Users\marcv\.stmcufinder\plugins\mcufinder
2025-06-26 16:06:18,258 [INFO] DbMcusAds:125 - Set database path to: C:\Users\marcv\.stmcufinder\plugins\mcufinder//mcu/
2025-06-26 16:06:18,258 [WARN] DbFile:41 - Overriding database path with different value: C:\Users\marcv\.stmcufinder\plugins\mcufinder/ => C:\Users\marcv\.stmcufinder\plugins\mcufinder
2025-06-26 16:06:18,258 [WARN] DbFile:41 - Overriding database path with different value: C:\Users\marcv\.stmcufinder\plugins\mcufinder/ => C:\Users\marcv\.stmcufinder\plugins\mcufinder
2025-06-26 16:06:18,258 [INFO] CrossReferenceDbSqlite:203 - Set database path to: C:\Users\marcv\.stmcufinder\plugins\mcufinder//mcu/cs/
2025-06-26 16:06:18,334 [INFO] MainPanel:272 - HeapMemory: 268435456
2025-06-26 16:06:18,457 [INFO] DbMcusXml:78 - Set database path to: C:\ST\STM32CubeIDE_1.18.0\STM32CubeIDE\plugins\com.st.stm32cube.common.mx_6.14.0.202502271554\\db\/mcu/
2025-06-26 16:06:18,457 [INFO] ApiDb:274 - Set plugin database path to: C:\ST\STM32CubeIDE_1.18.0\STM32CubeIDE\plugins\com.st.stm32cube.common.mx_6.14.0.202502271554\\db\/plugins/boardmanager/
2025-06-26 16:06:18,457 [INFO] ApiDb:261 - Set plugin images path to: C:\ST\STM32CubeIDE_1.18.0\STM32CubeIDE\plugins\com.st.stm32cube.common.mx_6.14.0.202502271554\\db\/plugins/mcufinder/images/
2025-06-26 16:06:18,458 [WARN] DbFile:41 - Overriding database path with different value: C:\Users\marcv\.stmcufinder\plugins\mcufinder/ => C:\Users\marcv\.stmcufinder\plugins\mcufinder
2025-06-26 16:06:18,458 [INFO] ApiDb:250 - Set database path to: C:\Users\marcv\.stmcufinder\plugins\mcufinder//mcu/
2025-06-26 16:06:18,458 [WARN] DbFile:41 - Overriding database path with different value: C:\Users\marcv\.stmcufinder\plugins\mcufinder/ => C:\Users\marcv\.stmcufinder\plugins\mcufinder
2025-06-26 16:06:18,458 [INFO] DbMcusAds:125 - Set database path to: C:\Users\marcv\.stmcufinder\plugins\mcufinder//mcu/
2025-06-26 16:06:18,458 [WARN] DbFile:41 - Overriding database path with different value: C:\Users\marcv\.stmcufinder\plugins\mcufinder/ => C:\Users\marcv\.stmcufinder\plugins\mcufinder
2025-06-26 16:06:18,458 [WARN] DbFile:41 - Overriding database path with different value: C:\Users\marcv\.stmcufinder\plugins\mcufinder/ => C:\Users\marcv\.stmcufinder\plugins\mcufinder
2025-06-26 16:06:18,458 [INFO] CrossReferenceDbSqlite:203 - Set database path to: C:\Users\marcv\.stmcufinder\plugins\mcufinder//mcu/cs/
2025-06-26 16:06:18,476 [INFO] ApplicationProperties:184 - Using Application install path: C:\ST\STM32CubeIDE_1.18.0\STM32CubeIDE\plugins\com.st.stm32cube.common.mx_6.14.0.202502271554
2025-06-26 16:06:18,477 [INFO] PluginManage:196 - Search for loadable plugins [exclusion list=, ]
2025-06-26 16:06:18,478 [INFO] PluginManage:310 - Check plugin analytics
2025-06-26 16:06:23,165 [INFO] AnalyticsPlugin:253 - Accepted Software Licenses: 
2025-06-26 16:06:23,165 [INFO] AnalyticsPlugin:255 - Accepted CMSIS Pack Licenses: 
2025-06-26 16:06:23,166 [INFO] AnalyticsPlugin:257 - Accepted Firmware Licenses: FW.H7.1.12.0
2025-06-26 16:06:23,168 [INFO] PluginManage:359 - Loaded plugin analytics (category:tool,tabindex:-1)
2025-06-26 16:06:23,168 [INFO] PluginManage:310 - Check plugin cadmodel
2025-06-26 16:06:23,189 [INFO] CADModel:105 - Init CAD model plugin
2025-06-26 16:06:23,189 [INFO] PluginManage:359 - Loaded plugin cadmodel (category:power,tabindex:5)
2025-06-26 16:06:23,189 [INFO] PluginManage:310 - Check plugin clock
2025-06-26 16:06:23,212 [INFO] PluginManage:359 - Loaded plugin clock (category:base,tabindex:2)
2025-06-26 16:06:23,212 [INFO] PluginManage:310 - Check plugin ddr
2025-06-26 16:06:23,214 [INFO] PluginManage:359 - Loaded plugin ddr (category:tool,tabindex:6)
2025-06-26 16:06:23,215 [INFO] PluginManage:310 - Check plugin filemanager
2025-06-26 16:06:23,350 [INFO] PluginManage:359 - Loaded plugin filemanager (category:base,tabindex:10)
2025-06-26 16:06:23,350 [INFO] PluginManage:310 - Check plugin ipmanager
2025-06-26 16:06:23,357 [INFO] PluginManage:359 - Loaded plugin ipmanager (category:base,tabindex:5)
2025-06-26 16:06:23,357 [INFO] PluginManage:310 - Check plugin lpbam
2025-06-26 16:06:23,380 [INFO] PluginManage:359 - Loaded plugin lpbam (category:base,tabindex:0)
2025-06-26 16:06:23,380 [INFO] PluginManage:310 - Check plugin memorymap
2025-06-26 16:06:23,408 [INFO] PluginManage:359 - Loaded plugin memorymap (category:base,tabindex:4)
2025-06-26 16:06:23,408 [INFO] PluginManage:310 - Check plugin pinoutandconfiguration
2025-06-26 16:06:23,429 [INFO] PluginManage:359 - Loaded plugin pinoutandconfiguration (category:base,tabindex:1)
2025-06-26 16:06:23,430 [INFO] PluginManage:310 - Check plugin pinoutconfig
2025-06-26 16:06:23,543 [WARN] SupportedApi:132 - Cannot load RTOS API schema: s4s-elt-must-match.1: The content of 'definitions' must match (annotation?, (simpleType | complexType)?, (unique | key | keyref)*)). A problem was found starting at: attribute.
2025-06-26 16:06:23,693 [INFO] PluginManage:359 - Loaded plugin pinoutconfig (category:base,tabindex:0)
2025-06-26 16:06:23,693 [INFO] PluginManage:310 - Check plugin power
2025-06-26 16:06:23,721 [INFO] PluginManage:359 - Loaded plugin power (category:power,tabindex:4)
2025-06-26 16:06:23,721 [INFO] PluginManage:310 - Check plugin projectmanager
2025-06-26 16:06:23,734 [INFO] PluginManage:359 - Loaded plugin projectmanager (category:projectmanager,tabindex:4)
2025-06-26 16:06:23,735 [INFO] PluginManage:310 - Check plugin rif
2025-06-26 16:06:23,757 [INFO] PluginManage:359 - Loaded plugin rif (category:base,tabindex:3)
2025-06-26 16:06:23,757 [INFO] PluginManage:310 - Check plugin thirdparty
2025-06-26 16:06:24,072 [INFO] PluginManage:359 - Loaded plugin thirdparty (category:base,tabindex:-1)
2025-06-26 16:06:24,072 [INFO] PluginManage:310 - Check plugin tools
2025-06-26 16:06:24,072 [WARN] IntegrityCheckThread:84 - waiting for thirdparty lock release [integrity check]
2025-06-26 16:06:24,072 [INFO] IntegrityCheckThread:86 - entering critical section [integrity check]
2025-06-26 16:06:24,072 [INFO] ThirdPartyUpdaterWithRetryManager:70 - Updater plugin not ready yet. [1/15]
2025-06-26 16:06:24,117 [INFO] PluginManage:359 - Loaded plugin tools (category:base,tabindex:7)
2025-06-26 16:06:24,117 [INFO] PluginManage:310 - Check plugin tutovideos
2025-06-26 16:06:24,312 [INFO] PluginManage:359 - Loaded plugin tutovideos (category:base,tabindex:-1)
2025-06-26 16:06:24,312 [INFO] PluginManage:310 - Check plugin updater
2025-06-26 16:06:24,333 [INFO] PluginManage:359 - Loaded plugin updater (category:base,tabindex:12)
2025-06-26 16:06:24,333 [INFO] PluginManage:310 - Check plugin userauth
2025-06-26 16:06:24,337 [INFO] UserAuth:118 - Init User Auth plugin
2025-06-26 16:06:24,338 [INFO] PluginManage:359 - Loaded plugin userauth (category:base,tabindex:14)
2025-06-26 16:06:24,338 [INFO] PluginManage:283 - PluginManage : Loaded plugins [18]
2025-06-26 16:06:24,537 [INFO] PinOutPanel:1589 - setPackage(No Configuration,No Configuration)
2025-06-26 16:06:24,628 [INFO] CADModel:165 - CPN selected for project level
2025-06-26 16:06:24,628 [INFO] CADModel:114 - Register for checkConnection events
2025-06-26 16:06:24,660 [INFO] IPUIPlugin:80 - create IPUIPlugin
2025-06-26 16:06:24,660 [INFO] PluginManager:220 - loadIPPluginJar : add adc
2025-06-26 16:06:24,710 [INFO] IPUIPlugin:80 - create IPUIPlugin
2025-06-26 16:06:24,710 [INFO] PluginManager:220 - loadIPPluginJar : add aes
2025-06-26 16:06:24,761 [INFO] IPUIPlugin:80 - create IPUIPlugin
2025-06-26 16:06:24,761 [INFO] PluginManager:220 - loadIPPluginJar : add can
2025-06-26 16:06:24,792 [INFO] IPUIPlugin:80 - create IPUIPlugin
2025-06-26 16:06:24,792 [INFO] PluginManager:220 - loadIPPluginJar : add comp
2025-06-26 16:06:24,834 [INFO] IPUIPlugin:80 - create IPUIPlugin
2025-06-26 16:06:24,834 [INFO] PluginManager:220 - loadIPPluginJar : add cryp
2025-06-26 16:06:24,851 [INFO] IPUIPlugin:80 - create IPUIPlugin
2025-06-26 16:06:24,851 [INFO] PluginManager:220 - loadIPPluginJar : add ddr_ctrl_phy
2025-06-26 16:06:24,889 [INFO] IPUIPlugin:80 - create IPUIPlugin
2025-06-26 16:06:24,889 [INFO] PluginManager:220 - loadIPPluginJar : add dfsdm
2025-06-26 16:06:24,906 [INFO] IPUIPlugin:80 - create IPUIPlugin
2025-06-26 16:06:24,906 [INFO] PluginManager:220 - loadIPPluginJar : add dma
2025-06-26 16:06:24,959 [INFO] IPUIPlugin:80 - create IPUIPlugin
2025-06-26 16:06:24,959 [INFO] PluginManager:220 - loadIPPluginJar : add dma3
2025-06-26 16:06:25,012 [INFO] IPUIPlugin:80 - create IPUIPlugin
2025-06-26 16:06:25,012 [INFO] PluginManager:220 - loadIPPluginJar : add extmemmanager
2025-06-26 16:06:25,043 [INFO] IPUIPlugin:80 - create IPUIPlugin
2025-06-26 16:06:25,043 [INFO] PluginManager:220 - loadIPPluginJar : add fatfs
2025-06-26 16:06:25,101 [INFO] IPUIPlugin:80 - create IPUIPlugin
2025-06-26 16:06:25,101 [INFO] PluginManager:220 - loadIPPluginJar : add fmc
2025-06-26 16:06:25,121 [INFO] IPUIPlugin:80 - create IPUIPlugin
2025-06-26 16:06:25,121 [INFO] PluginManager:220 - loadIPPluginJar : add freertos
2025-06-26 16:06:25,149 [INFO] IPUIPlugin:80 - create IPUIPlugin
2025-06-26 16:06:25,149 [INFO] PluginManager:220 - loadIPPluginJar : add genericplugin
2025-06-26 16:06:25,267 [INFO] IPUIPlugin:80 - create IPUIPlugin
2025-06-26 16:06:25,267 [INFO] PluginManager:220 - loadIPPluginJar : add gfxmmu
2025-06-26 16:06:25,437 [INFO] IPUIPlugin:80 - create IPUIPlugin
2025-06-26 16:06:25,437 [INFO] PluginManager:220 - loadIPPluginJar : add gic
2025-06-26 16:06:25,454 [INFO] IPUIPlugin:80 - create IPUIPlugin
2025-06-26 16:06:25,454 [INFO] PluginManager:220 - loadIPPluginJar : add gpio
2025-06-26 16:06:25,568 [INFO] IPUIPlugin:80 - create IPUIPlugin
2025-06-26 16:06:25,568 [INFO] PluginManager:220 - loadIPPluginJar : add gtzc
2025-06-26 16:06:25,612 [INFO] IPUIPlugin:80 - create IPUIPlugin
2025-06-26 16:06:25,612 [INFO] PluginManager:220 - loadIPPluginJar : add hash
2025-06-26 16:06:25,677 [INFO] IPUIPlugin:80 - create IPUIPlugin
2025-06-26 16:06:25,677 [INFO] PluginManager:220 - loadIPPluginJar : add i2c
2025-06-26 16:06:25,728 [INFO] IPUIPlugin:80 - create IPUIPlugin
2025-06-26 16:06:25,728 [INFO] PluginManager:220 - loadIPPluginJar : add i2s
2025-06-26 16:06:25,782 [INFO] IPUIPlugin:80 - create IPUIPlugin
2025-06-26 16:06:25,783 [INFO] PluginManager:220 - loadIPPluginJar : add i3c
2025-06-26 16:06:25,906 [INFO] IPUIPlugin:80 - create IPUIPlugin
2025-06-26 16:06:25,906 [INFO] PluginManager:220 - loadIPPluginJar : add ipddr
2025-06-26 16:06:26,018 [INFO] IPUIPlugin:80 - create IPUIPlugin
2025-06-26 16:06:26,018 [INFO] PluginManager:220 - loadIPPluginJar : add linkedlist
2025-06-26 16:06:26,065 [INFO] IPUIPlugin:80 - create IPUIPlugin
2025-06-26 16:06:26,065 [INFO] PluginManager:220 - loadIPPluginJar : add lorawan
2025-06-26 16:06:26,116 [INFO] IPUIPlugin:80 - create IPUIPlugin
2025-06-26 16:06:26,116 [INFO] PluginManager:220 - loadIPPluginJar : add ltdc
2025-06-26 16:06:26,134 [INFO] IPUIPlugin:80 - create IPUIPlugin
2025-06-26 16:06:26,134 [INFO] PluginManager:220 - loadIPPluginJar : add mdma
2025-06-26 16:06:26,152 [INFO] IPUIPlugin:80 - create IPUIPlugin
2025-06-26 16:06:26,152 [INFO] PluginManager:220 - loadIPPluginJar : add nvic
2025-06-26 16:06:26,206 [INFO] IPUIPlugin:80 - create IPUIPlugin
2025-06-26 16:06:26,206 [INFO] PluginManager:220 - loadIPPluginJar : add opamp
2025-06-26 16:06:26,297 [INFO] IPUIPlugin:80 - create IPUIPlugin
2025-06-26 16:06:26,297 [INFO] PluginManager:220 - loadIPPluginJar : add openamp
2025-06-26 16:06:26,361 [INFO] IPUIPlugin:80 - create IPUIPlugin
2025-06-26 16:06:26,361 [INFO] PluginManager:220 - loadIPPluginJar : add pdm2pcm
2025-06-26 16:06:26,380 [INFO] IPUIPlugin:80 - create IPUIPlugin
2025-06-26 16:06:26,382 [INFO] PluginManager:220 - loadIPPluginJar : add plateformsettings
2025-06-26 16:06:26,413 [INFO] IPUIPlugin:80 - create IPUIPlugin
2025-06-26 16:06:26,413 [INFO] PluginManager:220 - loadIPPluginJar : add quadspi
2025-06-26 16:06:26,449 [INFO] IPUIPlugin:80 - create IPUIPlugin
2025-06-26 16:06:26,449 [INFO] PluginManager:220 - loadIPPluginJar : add radio
2025-06-26 16:06:26,466 [INFO] IPUIPlugin:80 - create IPUIPlugin
2025-06-26 16:06:26,466 [INFO] PluginManager:220 - loadIPPluginJar : add resmgrutility
2025-06-26 16:06:26,523 [INFO] IPUIPlugin:80 - create IPUIPlugin
2025-06-26 16:06:26,524 [INFO] PluginManager:220 - loadIPPluginJar : add sai
2025-06-26 16:06:26,574 [INFO] IPUIPlugin:80 - create IPUIPlugin
2025-06-26 16:06:26,574 [INFO] PluginManager:220 - loadIPPluginJar : add spi
2025-06-26 16:06:26,675 [INFO] IPUIPlugin:80 - create IPUIPlugin
2025-06-26 16:06:26,675 [INFO] PluginManager:220 - loadIPPluginJar : add stm32_wpan
2025-06-26 16:06:26,707 [INFO] IPUIPlugin:80 - create IPUIPlugin
2025-06-26 16:06:26,708 [INFO] PluginManager:220 - loadIPPluginJar : add tim
2025-06-26 16:06:26,784 [INFO] IPUIPlugin:80 - create IPUIPlugin
2025-06-26 16:06:26,784 [INFO] PluginManager:220 - loadIPPluginJar : add touchsensing
2025-06-26 16:06:26,814 [INFO] IPUIPlugin:80 - create IPUIPlugin
2025-06-26 16:06:26,814 [INFO] PluginManager:220 - loadIPPluginJar : add tracer_emb
2025-06-26 16:06:26,845 [INFO] IPUIPlugin:80 - create IPUIPlugin
2025-06-26 16:06:26,845 [INFO] PluginManager:220 - loadIPPluginJar : add ts
2025-06-26 16:06:26,874 [INFO] IPUIPlugin:80 - create IPUIPlugin
2025-06-26 16:06:26,874 [INFO] PluginManager:220 - loadIPPluginJar : add tsc
2025-06-26 16:06:26,902 [INFO] IPUIPlugin:80 - create IPUIPlugin
2025-06-26 16:06:26,902 [INFO] PluginManager:220 - loadIPPluginJar : add ucpd
2025-06-26 16:06:26,956 [INFO] IPUIPlugin:80 - create IPUIPlugin
2025-06-26 16:06:26,956 [INFO] PluginManager:220 - loadIPPluginJar : add usart
2025-06-26 16:06:27,009 [INFO] IPUIPlugin:80 - create IPUIPlugin
2025-06-26 16:06:27,009 [INFO] PluginManager:220 - loadIPPluginJar : add usbx
2025-06-26 16:06:27,074 [INFO] ThirdPartyUpdaterWithRetryManager:70 - Updater plugin not ready yet. [2/15]
2025-06-26 16:06:27,129 [FATAL] Updater:351 - Updater called before beeing initialized
2025-06-26 16:06:27,153 [INFO] RulesReader:64 - Compatibility file has been processed (301 Rules)
2025-06-26 16:06:27,164 [INFO] RulesReader:64 - Compatibility file has been processed (301 Rules)
2025-06-26 16:06:27,170 [INFO] CADModel:165 - CPN selected for project level
2025-06-26 16:06:27,170 [INFO] CADModel:114 - Register for checkConnection events
2025-06-26 16:06:27,170 [FATAL] Updater:351 - Updater called before beeing initialized
2025-06-26 16:06:27,170 [ERROR] CADModel:125 - Updater not yet initialized, retry later 
2025-06-26 16:06:27,316 [FATAL] Updater:351 - Updater called before beeing initialized
2025-06-26 16:06:27,317 [INFO] CADModel:165 - CPN selected for project level
2025-06-26 16:06:27,318 [INFO] CADModel:114 - Register for checkConnection events
2025-06-26 16:06:27,318 [FATAL] Updater:351 - Updater called before beeing initialized
2025-06-26 16:06:27,318 [ERROR] CADModel:125 - Updater not yet initialized, retry later 
2025-06-26 16:06:27,320 [FATAL] Updater:351 - Updater called before beeing initialized
2025-06-26 16:06:27,417 [FATAL] Updater:351 - Updater called before beeing initialized
2025-06-26 16:06:27,428 [INFO] DbMcusAds:53 - JSON generation date=Thu Jun 19 10:32:34 CEST 2025 (1750321954415)
2025-06-26 16:06:27,429 [FATAL] Updater:351 - Updater called before beeing initialized
2025-06-26 16:06:27,471 [WARN] DetailPanel:346 - Failed to get advertising image, set to default
2025-06-26 16:06:27,707 [FATAL] Updater:351 - Updater called before beeing initialized
2025-06-26 16:06:27,709 [FATAL] Updater:351 - Updater called before beeing initialized
2025-06-26 16:06:27,709 [FATAL] Updater:351 - Updater called before beeing initialized
2025-06-26 16:06:27,709 [WARN] DetailPanel:346 - Failed to get advertising image, set to default
2025-06-26 16:06:27,710 [FATAL] Updater:351 - Updater called before beeing initialized
2025-06-26 16:06:27,761 [ERROR] Updater:1198 - MainUpdater not yet initialized. External WinMGr cannot be set.
2025-06-26 16:06:27,772 [INFO] Updater:1134 - Updater Version found : 6.14.0
2025-06-26 16:06:27,792 [INFO] ApplicationProperties:184 - Using Application install path: C:\ST\STM32CubeIDE_1.18.0\STM32CubeIDE\plugins\com.st.stm32cube.common.mx_6.14.0.202502271554
2025-06-26 16:06:29,368 [ERROR] LogOutputStream:75 - [STDERR_REDIRECT] Jun 26, 2025 4:06:29 PM java.util.prefs.WindowsPreferences <init>
2025-06-26 16:06:29,369 [ERROR] LogOutputStream:75 - [STDERR_REDIRECT] WARNING: Could not open/create prefs root node Software\JavaSoft\Prefs at root 0xffffffff80000002. Windows RegCreateKeyEx(...) returned error code 5.
2025-06-26 16:06:29,369 [ERROR] LogOutputStream:75 - [STDERR_REDIRECT] 
2025-06-26 16:06:29,637 [INFO] MainUpdater:2872 - connection check result : 10
2025-06-26 16:06:29,637 [INFO] MainUpdater:3566 - Updater definition file requires update
2025-06-26 16:06:29,638 [INFO] MainUpdater:289 - Updater Check For Update Now.
2025-06-26 16:06:29,638 [INFO] MicroXplorer:498 - Change Database Version : DB.6.0.140
2025-06-26 16:06:29,656 [INFO] McuFinderGlobals:63 - Set McuFinder mode to 2 (CubeIDE integrated)
2025-06-26 16:06:29,664 [INFO] UserAuth:486 - Internet connection configuration mode: 1
2025-06-26 16:06:29,694 [INFO] JxBrowserEngine:152 - Initiate JxBrowser Engine with user profile folder
2025-06-26 16:06:29,737 [INFO] ServerAccessManage:473 - Download File updaters.zip
2025-06-26 16:06:29,821 [INFO] FileExtend:242 - Unzip File : updaters.zip
2025-06-26 16:06:29,821 [INFO] FileExtend:257 - Standard Zip Deflate
2025-06-26 16:06:30,085 [WARN] MainUpdater:1193 - Updater busy. Cannot search thirdparties
2025-06-26 16:06:30,086 [INFO] ThirdPartyUpdaterWithRetryManager:96 - Updater plugin is busy. [1/15]
2025-06-26 16:06:30,690 [INFO] ServerAccessManage:473 - Download File PacksControlFlags.xml
2025-06-26 16:06:30,797 [INFO] ServerAccessManage:473 - Download File cubemx.pidx
2025-06-26 16:06:31,978 [INFO] ServerAccessManage:473 - Download File STMicroelectronics.FP-SNS-STAIOTCFT.pdsc
2025-06-26 16:06:32,531 [INFO] WebApp:169 - Instantiating new browser for Auth
2025-06-26 16:06:33,087 [WARN] MainUpdater:1193 - Updater busy. Cannot search thirdparties
2025-06-26 16:06:33,087 [INFO] ThirdPartyUpdaterWithRetryManager:96 - Updater plugin is busy. [2/15]
2025-06-26 16:06:33,641 [INFO] WebApp:463 - Apply proxy settings
2025-06-26 16:06:33,641 [INFO] WebApp:548 - Chromium requires no authentication
2025-06-26 16:06:33,669 [INFO] WebApp:491 - Direct internet connection detected
2025-06-26 16:06:33,731 [INFO] WebApp:894 - Register for checkConnection events
2025-06-26 16:06:33,731 [INFO] WebApp:463 - Apply proxy settings
2025-06-26 16:06:33,731 [INFO] WebApp:548 - Chromium requires no authentication
2025-06-26 16:06:33,731 [INFO] WebApp:491 - Direct internet connection detected
2025-06-26 16:06:33,981 [INFO] WebApp:191 - Connection restablished
2025-06-26 16:06:34,020 [WARN] PackLoader:240 - Cannot read IP mode file for STMicroelectronics.FP-SNS-STAIOTCFT.1.0.0
2025-06-26 16:06:34,023 [INFO] PopulateThirdPartyThread:66 - Ending populate Thread
2025-06-26 16:06:34,024 [INFO] ThirdParty:1030 - CMSIS Pack Vendor :STMicroelectronics FP-SNS-STAIOTCFT 1.0.0
2025-06-26 16:06:34,024 [INFO] LoadServerUpdatesThread:375 - End of LoadServerUpdate Thread
2025-06-26 16:06:34,094 [INFO] CheckServerUpdateThread:120 - End of CheckServer Thread
2025-06-26 16:06:34,135 [INFO] WebApp:225 - Starting web application
2025-06-26 16:06:34,135 [INFO] WebApp:593 - Web application path used C:\ST\STM32CubeIDE_1.18.0\STM32CubeIDE\plugins\com.st.stm32cube.common.mx_6.14.0.202502271554\db\plugins\mcufinder\reactClient1\index.html
2025-06-26 16:06:34,407 [INFO] UserAuth:486 - Internet connection configuration mode: 1
2025-06-26 16:06:36,339 [WARN] PackLoader:240 - Cannot read IP mode file for STMicroelectronics.FP-SNS-MOTENVWB1.1.4.0
2025-06-26 16:06:36,347 [WARN] PackLoader:240 - Cannot read IP mode file for STMicroelectronics.FP-ATR-ASTRA1.2.0.2
2025-06-26 16:06:36,363 [WARN] PackLoader:240 - Cannot read IP mode file for STMicroelectronics.X-CUBE-SMBUS.2.1.0
2025-06-26 16:06:36,378 [WARN] PackLoader:240 - Cannot read IP mode file for STMicroelectronics.X-CUBE-WB05N.1.1.0
2025-06-26 16:06:36,392 [WARN] PackLoader:240 - Cannot read IP mode file for STMicroelectronics.X-CUBE-ST60.1.0.0
2025-06-26 16:06:36,432 [WARN] PackLoader:240 - Cannot read IP mode file for STMicroelectronics.X-CUBE-AZRTOS-F7.1.1.0
2025-06-26 16:06:36,454 [WARN] PackLoader:240 - Cannot read IP mode file for STMicroelectronics.FP-SNS-FLIGHT1.5.0.2
2025-06-26 16:06:36,492 [WARN] PackLoader:240 - Cannot read IP mode file for Infineon.AIROC-Wi-Fi-Bluetooth-STM32.1.7.0
2025-06-26 16:06:36,519 [WARN] PackLoader:240 - Cannot read IP mode file for STMicroelectronics.X-CUBE-DISPLAY.3.0.0
2025-06-26 16:06:36,539 [WARN] PackLoader:240 - Cannot read IP mode file for STMicroelectronics.X-CUBE-NFC10.1.0.0
2025-06-26 16:06:36,563 [WARN] PackLoader:240 - Cannot read IP mode file for STMicroelectronics.X-CUBE-BLEMGR.4.0.0
2025-06-26 16:06:36,580 [WARN] PackLoader:240 - Cannot read IP mode file for emotas.I-CUBE-CANOPEN.1.3.0
2025-06-26 16:06:36,585 [WARN] ConditionMgr:438 - getConditionDescription Invalid condition id : Cortex-A Device cause : null
2025-06-26 16:06:36,603 [WARN] ConditionMgr:1044 - genDependencies : Invalid condition id : Cortex-A Device cause : null
2025-06-26 16:06:36,603 [WARN] ConditionMgr:1044 - genDependencies : Invalid condition id : Cortex-A Device cause : null
2025-06-26 16:06:36,604 [WARN] ConditionMgr:1044 - genDependencies : Invalid condition id : Cortex-A Device cause : null
2025-06-26 16:06:36,617 [WARN] PackLoader:240 - Cannot read IP mode file for STMicroelectronics.X-CUBE-AI.10.0.0
2025-06-26 16:06:36,630 [WARN] PackLoader:240 - Cannot read IP mode file for STMicroelectronics.FP-SNS-SMARTAG2.1.2.0
2025-06-26 16:06:36,634 [WARN] PackLoader:240 - Cannot read IP mode file for STMicroelectronics.FP-SNS-FLIGHT1.5.1.0
2025-06-26 16:06:36,695 [WARN] PackLoader:240 - Cannot read IP mode file for STMicroelectronics.X-CUBE-MEMS1.11.1.0
2025-06-26 16:06:36,825 [INFO] LogOutputStream:77 - [STDOUT_REDIRECT] 1 : Invalid condition id : UX_CORESTACK_Condition cause : null
2025-06-26 16:06:36,825 [INFO] LogOutputStream:77 - [STDOUT_REDIRECT] 1 : Invalid condition id : UX_CORESTACK_Condition cause : null
2025-06-26 16:06:36,827 [INFO] LogOutputStream:77 - [STDOUT_REDIRECT] 1 : Invalid condition id : UX_CORESTACK_Condition cause : null
2025-06-26 16:06:36,828 [INFO] LogOutputStream:77 - [STDOUT_REDIRECT] 1 : Invalid condition id : UX_CORESTACK_Condition cause : null
2025-06-26 16:06:36,829 [INFO] LogOutputStream:77 - [STDOUT_REDIRECT] 1 : Invalid condition id : UX_CORESTACK_Condition cause : null
2025-06-26 16:06:36,833 [WARN] PackLoader:240 - Cannot read IP mode file for STMicroelectronics.X-CUBE-AZRTOS-WL.2.0.0
2025-06-26 16:06:36,852 [WARN] PackLoader:240 - Cannot read IP mode file for STMicroelectronics.FP-SNS-MOTENV1.5.0.0
2025-06-26 16:06:36,870 [WARN] PackLoader:240 - Cannot read IP mode file for WES.I-CUBE-Cesium.1.3.0
2025-06-26 16:06:36,888 [WARN] PackLoader:240 - Cannot read IP mode file for STMicroelectronics.X-CUBE-BLE2.3.3.0
2025-06-26 16:06:36,905 [WARN] PackLoader:240 - Cannot read IP mode file for STMicroelectronics.X-CUBE-NFC9.1.0.0
2025-06-26 16:06:36,922 [WARN] PackLoader:240 - Cannot read IP mode file for STMicroelectronics.X-CUBE-BLE1.7.1.0
2025-06-26 16:06:36,927 [WARN] PackLoader:240 - Cannot read IP mode file for wolfSSL.I-CUBE-wolfMQTT.1.19.2
2025-06-26 16:06:36,942 [WARN] PackLoader:240 - Cannot read IP mode file for STMicroelectronics.X-CUBE-AI.10.1.0
2025-06-26 16:06:36,992 [WARN] PackLoader:240 - Cannot read IP mode file for STMicroelectronics.X-CUBE-MEMS1.11.2.0
2025-06-26 16:06:37,111 [WARN] PackLoader:240 - Cannot read IP mode file for STMicroelectronics.X-CUBE-AZRTOS-G0.1.1.0
2025-06-26 16:06:37,128 [WARN] PackLoader:240 - Cannot read IP mode file for STMicroelectronics.X-CUBE-SAFEA1.1.2.2
2025-06-26 16:06:37,147 [WARN] PackLoader:240 - Cannot read IP mode file for STMicroelectronics.X-CUBE-NFC4.3.0.0
2025-06-26 16:06:37,175 [WARN] PackLoader:240 - Cannot read IP mode file for EmbeddedOffice.I-CUBE-FS-RTOS.1.0.1
2025-06-26 16:06:37,191 [WARN] PackLoader:240 - Cannot read IP mode file for STMicroelectronics.X-CUBE-WB05N.2.0.0
2025-06-26 16:06:37,197 [WARN] PackLoader:240 - Cannot read IP mode file for wolfSSL.I-CUBE-wolfTPM.3.8.0
2025-06-26 16:06:37,213 [WARN] PackLoader:240 - Cannot read IP mode file for STMicroelectronics.X-CUBE-TCPP.4.2.0
2025-06-26 16:06:37,230 [WARN] PackLoader:240 - Cannot read IP mode file for RealThread.X-CUBE-RT-Thread_Nano.4.1.1
2025-06-26 16:06:37,234 [WARN] PackLoader:240 - Cannot read IP mode file for STMicroelectronics.FP-ATR-SIGFOX1.3.2.0
2025-06-26 16:06:37,252 [WARN] PackLoader:240 - Cannot read IP mode file for STMicroelectronics.X-CUBE-EEPRMA1.5.1.0
2025-06-26 16:06:37,270 [WARN] PackLoader:240 - Cannot read IP mode file for wolfSSL.I-CUBE-wolfSSL.5.7.6
2025-06-26 16:06:37,290 [WARN] PackLoader:240 - Cannot read IP mode file for ITTIA_DB.I-CUBE-ITTIADB.8.9.0
2025-06-26 16:06:37,308 [WARN] PackLoader:240 - Cannot read IP mode file for STMicroelectronics.X-CUBE-ST67W61.1.0.0
2025-06-26 16:06:37,347 [WARN] PackLoader:240 - Cannot read IP mode file for SEGGER.I-CUBE-embOS.1.3.1
2025-06-26 16:06:37,377 [WARN] PackLoader:240 - Cannot read IP mode file for STMicroelectronics.X-CUBE-ALGOBUILD.1.4.0
2025-06-26 16:06:37,428 [WARN] PackLoader:240 - Cannot read IP mode file for STMicroelectronics.X-CUBE-MEMS1.11.3.0
2025-06-26 16:06:37,507 [WARN] PackLoader:240 - Cannot read IP mode file for STMicroelectronics.X-CUBE-PM33A1.1.0.0
2025-06-26 16:06:37,542 [WARN] PackLoader:240 - Cannot read IP mode file for STMicroelectronics.X-CUBE-AZRTOS-F4.1.1.0
2025-06-26 16:06:37,549 [WARN] PackLoader:240 - Cannot read IP mode file for Avnet-IotConnect.X-CUBE-IoTC-DA16k-PMOD.1.0.0
2025-06-26 16:06:37,565 [WARN] PackLoader:240 - Cannot read IP mode file for STMicroelectronics.X-CUBE-ISPU.2.1.0
2025-06-26 16:06:37,592 [WARN] PackLoader:240 - Cannot read IP mode file for STMicroelectronics.X-CUBE-AZRTOS-L5.2.0.0
2025-06-26 16:06:37,610 [WARN] PackLoader:240 - Cannot read IP mode file for STMicroelectronics.X-CUBE-NFC6.3.1.0
2025-06-26 16:06:37,627 [WARN] PackLoader:240 - Cannot read IP mode file for STMicroelectronics.X-CUBE-DPower.1.2.0
2025-06-26 16:06:37,643 [WARN] PackLoader:240 - Cannot read IP mode file for STMicroelectronics.X-CUBE-FREERTOS.1.3.1
2025-06-26 16:06:37,659 [WARN] PackLoader:240 - Cannot read IP mode file for STMicroelectronics.X-CUBE-FREERTOS.1.3.0
2025-06-26 16:06:37,676 [WARN] PackLoader:240 - Cannot read IP mode file for STMicroelectronics.X-CUBE-NFC7.1.0.1
2025-06-26 16:06:37,680 [WARN] PackLoader:240 - Cannot read IP mode file for STMicroelectronics.FP-SNS-STAIOTCFT.1.0.0
2025-06-26 16:06:37,696 [WARN] PackLoader:240 - Cannot read IP mode file for STMicroelectronics.X-CUBE-DPower.1.3.0
2025-06-26 16:06:37,731 [WARN] ConditionMgr:438 - getConditionDescription Invalid condition id : LAN8742 Phy interface Condition cause : null
2025-06-26 16:06:37,731 [WARN] PackLoader:240 - Cannot read IP mode file for STMicroelectronics.X-CUBE-AZRTOS-L4.2.0.0
2025-06-26 16:06:37,732 [WARN] ConditionMgr:1044 - genDependencies : Invalid condition id : LAN8742 Phy interface Condition cause : null
2025-06-26 16:06:37,732 [WARN] ConditionMgr:1044 - genDependencies : Invalid condition id : LAN8742 Phy interface Condition cause : null
2025-06-26 16:06:37,732 [WARN] ConditionMgr:1044 - genDependencies : Invalid condition id : LAN8742 Phy interface Condition cause : null
2025-06-26 16:06:37,752 [WARN] PackLoader:240 - Cannot read IP mode file for STMicroelectronics.X-CUBE-SFXS2LP1.4.0.0
2025-06-26 16:06:37,792 [WARN] PackLoader:240 - Cannot read IP mode file for STMicroelectronics.X-CUBE-AZRTOS-H7.3.3.0
2025-06-26 16:06:37,820 [WARN] ConditionMgr:438 - getConditionDescription Invalid condition id : UX DEVICE CLASS RTOS Condition cause : null
2025-06-26 16:06:37,820 [WARN] ConditionMgr:438 - getConditionDescription Invalid condition id : UX DEVICE CLASS RTOS Condition cause : null
2025-06-26 16:06:37,822 [WARN] PackLoader:240 - Cannot read IP mode file for STMicroelectronics.X-CUBE-AZRTOS-WB.2.0.0
2025-06-26 16:06:37,822 [WARN] ConditionMgr:1044 - genDependencies : Invalid condition id : UX DEVICE CLASS RTOS Condition cause : null
2025-06-26 16:06:37,822 [WARN] ConditionMgr:1044 - genDependencies : Invalid condition id : UX DEVICE CLASS RTOS Condition cause : null
2025-06-26 16:06:37,822 [WARN] ConditionMgr:1044 - genDependencies : Invalid condition id : UX DEVICE CLASS RTOS Condition cause : null
2025-06-26 16:06:37,823 [WARN] ConditionMgr:1044 - genDependencies : Invalid condition id : UX DEVICE CLASS RTOS Condition cause : null
2025-06-26 16:06:37,823 [WARN] ConditionMgr:1044 - genDependencies : Invalid condition id : UX DEVICE CLASS RTOS Condition cause : null
2025-06-26 16:06:37,838 [WARN] PackLoader:240 - Cannot read IP mode file for STMicroelectronics.X-CUBE-GNSS1.7.0.1
2025-06-26 16:06:37,855 [WARN] PackLoader:240 - Cannot read IP mode file for STMicroelectronics.X-CUBE-TOUCHGFX.4.25.0
2025-06-26 16:06:37,871 [WARN] PackLoader:240 - Cannot read IP mode file for STMicroelectronics.FP-SNS-STBOX1.2.0.0
2025-06-26 16:06:37,898 [WARN] PackLoader:240 - Cannot read IP mode file for STMicroelectronics.X-CUBE-SUBG2.5.0.0
2025-06-26 16:06:37,933 [WARN] PackLoader:240 - Cannot read IP mode file for STMicroelectronics.X-CUBE-AZRTOS-H7RS.1.1.0
2025-06-26 16:06:37,940 [WARN] PackLoader:240 - Cannot read IP mode file for Cesanta.I-CUBE-Mongoose.7.13.0
2025-06-26 16:06:37,968 [WARN] PackLoader:240 - Cannot read IP mode file for STMicroelectronics.X-CUBE-AZRTOS-G4.2.0.0
2025-06-26 16:06:37,973 [WARN] PackLoader:240 - Cannot read IP mode file for wolfSSL.I-CUBE-wolfSSH.1.4.20
2025-06-26 16:06:37,986 [WARN] PackLoader:240 - Cannot read IP mode file for STMicroelectronics.X-CUBE-NFC7.2.0.0
2025-06-26 16:06:38,006 [WARN] PackLoader:240 - Cannot read IP mode file for STMicroelectronics.X-CUBE-IPS.3.1.0
2025-06-26 16:06:38,024 [WARN] PackLoader:240 - Cannot read IP mode file for STMicroelectronics.X-CUBE-ALS.1.0.2
2025-06-26 16:06:38,037 [WARN] PackLoader:240 - Cannot read IP mode file for STMicroelectronics.X-CUBE-TOUCHGFX.4.24.2
2025-06-26 16:06:38,051 [WARN] PackLoader:240 - Cannot read IP mode file for portGmbH.I-Cube-SoM-uGOAL.1.1.0
2025-06-26 16:06:38,081 [WARN] PackLoader:240 - Cannot read IP mode file for STMicroelectronics.X-CUBE-AZRTOS-H7RS.1.0.0
2025-06-26 16:06:38,103 [WARN] PackLoader:240 - Cannot read IP mode file for STMicroelectronics.X-CUBE-TOF1.3.4.2
2025-06-26 16:06:38,128 [WARN] PackLoader:240 - Cannot read IP mode file for STMicroelectronics.X-CUBE-TOF1.3.4.3
2025-06-26 16:06:38,146 [INFO] ThirdParty:978 - Integrity check success = true
2025-06-26 16:06:38,147 [INFO] IntegrityCheckThread:100 - exiting critical section [integrity check]
2025-06-26 16:06:38,147 [INFO] IntegrityCheckThread:103 - End integrity checks thread
2025-06-26 16:12:33,061 [INFO] McuFinderGlobals:63 - Set McuFinder mode to 2 (CubeIDE integrated)
2025-06-26 16:12:33,092 [INFO] MainUpdater:2872 - connection check result : 10
2025-06-26 16:12:33,101 [INFO] MainUpdater:2872 - connection check result : 10
2025-06-26 16:12:33,270 [INFO] MicroXplorer:468 - Change Database Path : 
2025-06-26 16:12:33,270 [INFO] MicroXplorer:498 - Change Database Version : DB.6.0.140
2025-06-26 16:12:33,275 [WARN] ThirdParty:871 - waiting for thirdparty lock release [close project]
2025-06-26 16:12:33,275 [INFO] ThirdParty:873 - entering critical section [close project]
2025-06-26 16:12:33,277 [INFO] ThirdParty:883 - exiting critical section [close project]
2025-06-26 16:12:33,279 [INFO] PinOutPanel:1589 - setPackage(No Configuration,No Configuration)
2025-06-26 16:12:33,283 [INFO] UtilMem:75 - Begin LoadConfig() Used Memory: 692057512 Bytes (1073741824)
2025-06-26 16:12:33,284 [INFO] MicroXplorer:468 - Change Database Path : 
2025-06-26 16:12:33,284 [INFO] MicroXplorer:498 - Change Database Version : DB.6.0.140
2025-06-26 16:12:33,284 [INFO] OpenFileManager:354 - Change cursor
2025-06-26 16:12:33,348 [INFO] Mcu:2011 - Initializing MCU STM32H743VITx STM32H743VITx STM32H743VIT6
2025-06-26 16:12:37,797 [INFO] Context:756 - Trying to add GPIOservice into a context  which must be forbidden
2025-06-26 16:12:39,534 [INFO] ImportTextPane:218 - (OptionalMessage_ERROR) Pin37 (VP_RIF_VS_RIF1) cannot be retrieved for this MCU
2025-06-26 16:12:39,750 [INFO] RtosManager:558 - Registered RTOS mode: class=CMSIS, group=RTOS, mode=CMSIS_V1, owner=FREERTOS
2025-06-26 16:12:39,751 [INFO] RtosManager:558 - Registered RTOS mode: class=CMSIS, group=RTOS2, mode=CMSIS_V2, owner=FREERTOS
2025-06-26 16:12:39,751 [INFO] RtosManager:558 - Registered RTOS mode: class=RTOS, group=Core, mode=CMSIS_V1, owner=FREERTOS
2025-06-26 16:12:39,751 [INFO] RtosManager:558 - Registered RTOS mode: class=RTOS, group=Core, mode=CMSIS_V2, owner=FREERTOS
2025-06-26 16:12:39,751 [WARN] ModelIntegratedComponent:184 - Missing modes for component STMicroelectronics:FreeRTOS:0.0.1:STMicroelectronics:RTOS:FreeRTOS:Core:::10.2.0:
2025-06-26 16:12:39,772 [WARN] ModelIntegratedComponent:63 - No mode defined for component null
2025-06-26 16:12:39,772 [WARN] ModelIntegratedComponent:63 - No mode defined for component null
2025-06-26 16:12:39,772 [WARN] ModelIntegratedComponent:63 - No mode defined for component null
2025-06-26 16:12:39,772 [WARN] ModelIntegratedComponent:63 - No mode defined for component null
2025-06-26 16:12:39,772 [WARN] ModelIntegratedComponent:63 - No mode defined for component null
2025-06-26 16:12:39,772 [WARN] ModelIntegratedComponent:63 - No mode defined for component null
2025-06-26 16:12:39,772 [WARN] ModelIntegratedComponent:63 - No mode defined for component null
2025-06-26 16:12:39,772 [WARN] ModelIntegratedComponent:63 - No mode defined for component null
2025-06-26 16:12:39,772 [WARN] ModelIntegratedComponent:63 - No mode defined for component null
2025-06-26 16:12:39,772 [WARN] ModelIntegratedComponent:63 - No mode defined for component null
2025-06-26 16:12:39,773 [WARN] ModelIntegratedComponent:63 - No mode defined for component null
2025-06-26 16:12:39,773 [WARN] ModelIntegratedComponent:63 - No mode defined for component null
2025-06-26 16:12:39,773 [WARN] ModelIntegratedComponent:63 - No mode defined for component null
2025-06-26 16:12:39,773 [WARN] ModelIntegratedComponent:63 - No mode defined for component null
2025-06-26 16:12:39,773 [WARN] ModelIntegratedComponent:63 - No mode defined for component null
2025-06-26 16:12:39,773 [WARN] ModelIntegratedComponent:63 - No mode defined for component null
2025-06-26 16:12:39,773 [WARN] ModelIntegratedComponent:63 - No mode defined for component null
2025-06-26 16:12:39,773 [WARN] ModelIntegratedComponent:63 - No mode defined for component null
2025-06-26 16:12:39,773 [WARN] ModelIntegratedComponent:63 - No mode defined for component null
2025-06-26 16:12:39,773 [WARN] ModelIntegratedComponent:63 - No mode defined for component null
2025-06-26 16:12:39,773 [WARN] ModelIntegratedComponent:63 - No mode defined for component null
2025-06-26 16:12:39,773 [WARN] ModelIntegratedComponent:63 - No mode defined for component null
2025-06-26 16:12:39,773 [WARN] ModelIntegratedComponent:63 - No mode defined for component null
2025-06-26 16:12:39,773 [WARN] ModelIntegratedComponent:63 - No mode defined for component null
2025-06-26 16:12:39,773 [WARN] ModelIntegratedComponent:63 - No mode defined for component null
2025-06-26 16:12:39,773 [WARN] ModelIntegratedComponent:63 - No mode defined for component null
2025-06-26 16:12:39,774 [WARN] ModelIntegratedComponent:63 - No mode defined for component null
2025-06-26 16:12:39,774 [WARN] ModelIntegratedComponent:63 - No mode defined for component null
2025-06-26 16:12:39,774 [WARN] ModelIntegratedComponent:63 - No mode defined for component null
2025-06-26 16:12:39,774 [WARN] ModelIntegratedComponent:63 - No mode defined for component null
2025-06-26 16:12:39,774 [WARN] ModelIntegratedComponent:63 - No mode defined for component null
2025-06-26 16:12:39,774 [WARN] ModelIntegratedComponent:63 - No mode defined for component null
2025-06-26 16:12:39,774 [WARN] ModelIntegratedComponent:63 - No mode defined for component null
2025-06-26 16:12:39,774 [WARN] ModelIntegratedComponent:63 - No mode defined for component null
2025-06-26 16:12:39,774 [WARN] ModelIntegratedComponent:63 - No mode defined for component null
2025-06-26 16:12:39,775 [WARN] ModelPack:524 - Component already loaded: STMicroelectronics:HAL Drivers:0.0.0:STMicroelectronics:Device:STMicro_Driver:XSPI:HAL::0.0.1:HAL_XSPI
2025-06-26 16:12:39,945 [INFO] ThirdPartyModel:298 - Start build external matchings
2025-06-26 16:12:40,963 [INFO] ThirdPartyModel:316 - End build external matchings
2025-06-26 16:12:40,986 [INFO] RtosManager:967 - Current active RTOS is FREERTOS [Cortex-M7NS]
2025-06-26 16:12:40,994 [INFO] ImportTextPane:218 - (OptionalMessage_ERROR) IP (DMA) : Parameter (Instance) has Id (TIM3_CH1) currently not set
2025-06-26 16:12:40,994 [INFO] ImportTextPane:218 - (OptionalMessage_ERROR) IP (DMA) : Parameter (Request) has Id (TIM3_CH1) currently not set
2025-06-26 16:12:40,995 [INFO] ImportTextPane:218 - (OptionalMessage_ERROR) IP (DMA) : Parameter (Direction) has Id (TIM3_CH1) currently not set
2025-06-26 16:12:40,995 [INFO] ImportTextPane:218 - (OptionalMessage_ERROR) IP (DMA) : Parameter (PeriphInc) has Id (TIM3_CH1) currently not set
2025-06-26 16:12:40,995 [INFO] ImportTextPane:218 - (OptionalMessage_ERROR) IP (DMA) : Parameter (MemInc) has Id (TIM3_CH1) currently not set
2025-06-26 16:12:40,995 [INFO] ImportTextPane:218 - (OptionalMessage_ERROR) IP (DMA) : Parameter (PeriphDataAlignment) has Id (TIM3_CH1) currently not set
2025-06-26 16:12:40,995 [INFO] ImportTextPane:218 - (OptionalMessage_ERROR) IP (DMA) : Parameter (MemDataAlignment) has Id (TIM3_CH1) currently not set
2025-06-26 16:12:40,995 [INFO] ImportTextPane:218 - (OptionalMessage_ERROR) IP (DMA) : Parameter (Mode) has Id (TIM3_CH1) currently not set
2025-06-26 16:12:40,995 [INFO] ImportTextPane:218 - (OptionalMessage_ERROR) IP (DMA) : Parameter (Priority) has Id (TIM3_CH1) currently not set
2025-06-26 16:12:40,995 [INFO] ImportTextPane:218 - (OptionalMessage_ERROR) IP (DMA) : Parameter (FIFOMode) has Id (TIM3_CH1) currently not set
2025-06-26 16:12:40,995 [INFO] ImportTextPane:218 - (OptionalMessage_ERROR) IP (DMA) : Parameter (SignalID) has Id (TIM3_CH1) currently not set
2025-06-26 16:12:40,996 [INFO] ImportTextPane:218 - (OptionalMessage_ERROR) IP (DMA) : Parameter (Polarity) has Id (TIM3_CH1) currently not set
2025-06-26 16:12:40,996 [INFO] ImportTextPane:218 - (OptionalMessage_ERROR) IP (DMA) : Parameter (RequestNumber) has Id (TIM3_CH1) currently not set
2025-06-26 16:12:40,996 [INFO] ImportTextPane:218 - (OptionalMessage_ERROR) IP (DMA) : Parameter (SyncSignalID) has Id (TIM3_CH1) currently not set
2025-06-26 16:12:40,996 [INFO] ImportTextPane:218 - (OptionalMessage_ERROR) IP (DMA) : Parameter (SyncPolarity) has Id (TIM3_CH1) currently not set
2025-06-26 16:12:40,996 [INFO] ImportTextPane:218 - (OptionalMessage_ERROR) IP (DMA) : Parameter (SyncEnable) has Id (TIM3_CH1) currently not set
2025-06-26 16:12:40,996 [INFO] ImportTextPane:218 - (OptionalMessage_ERROR) IP (DMA) : Parameter (EventEnable) has Id (TIM3_CH1) currently not set
2025-06-26 16:12:40,996 [INFO] ImportTextPane:218 - (OptionalMessage_ERROR) IP (DMA) : Parameter (SyncRequestNumber) has Id (TIM3_CH1) currently not set
2025-06-26 16:12:40,996 [INFO] ImportTextPane:218 - (OptionalMessage_ERROR) IP (DMA) : Parameter (Instance) has Id (TIM3_CH2) currently not set
2025-06-26 16:12:40,996 [INFO] ImportTextPane:218 - (OptionalMessage_ERROR) IP (DMA) : Parameter (Request) has Id (TIM3_CH2) currently not set
2025-06-26 16:12:40,996 [INFO] ImportTextPane:218 - (OptionalMessage_ERROR) IP (DMA) : Parameter (Direction) has Id (TIM3_CH2) currently not set
2025-06-26 16:12:40,996 [INFO] ImportTextPane:218 - (OptionalMessage_ERROR) IP (DMA) : Parameter (PeriphInc) has Id (TIM3_CH2) currently not set
2025-06-26 16:12:40,996 [INFO] ImportTextPane:218 - (OptionalMessage_ERROR) IP (DMA) : Parameter (MemInc) has Id (TIM3_CH2) currently not set
2025-06-26 16:12:40,996 [INFO] ImportTextPane:218 - (OptionalMessage_ERROR) IP (DMA) : Parameter (PeriphDataAlignment) has Id (TIM3_CH2) currently not set
2025-06-26 16:12:40,997 [INFO] ImportTextPane:218 - (OptionalMessage_ERROR) IP (DMA) : Parameter (MemDataAlignment) has Id (TIM3_CH2) currently not set
2025-06-26 16:12:40,997 [INFO] ImportTextPane:218 - (OptionalMessage_ERROR) IP (DMA) : Parameter (Mode) has Id (TIM3_CH2) currently not set
2025-06-26 16:12:40,997 [INFO] ImportTextPane:218 - (OptionalMessage_ERROR) IP (DMA) : Parameter (Priority) has Id (TIM3_CH2) currently not set
2025-06-26 16:12:40,997 [INFO] ImportTextPane:218 - (OptionalMessage_ERROR) IP (DMA) : Parameter (FIFOMode) has Id (TIM3_CH2) currently not set
2025-06-26 16:12:40,997 [INFO] ImportTextPane:218 - (OptionalMessage_ERROR) IP (DMA) : Parameter (SignalID) has Id (TIM3_CH2) currently not set
2025-06-26 16:12:40,997 [INFO] ImportTextPane:218 - (OptionalMessage_ERROR) IP (DMA) : Parameter (Polarity) has Id (TIM3_CH2) currently not set
2025-06-26 16:12:40,997 [INFO] ImportTextPane:218 - (OptionalMessage_ERROR) IP (DMA) : Parameter (RequestNumber) has Id (TIM3_CH2) currently not set
2025-06-26 16:12:40,997 [INFO] ImportTextPane:218 - (OptionalMessage_ERROR) IP (DMA) : Parameter (SyncSignalID) has Id (TIM3_CH2) currently not set
2025-06-26 16:12:40,997 [INFO] ImportTextPane:218 - (OptionalMessage_ERROR) IP (DMA) : Parameter (SyncPolarity) has Id (TIM3_CH2) currently not set
2025-06-26 16:12:40,997 [INFO] ImportTextPane:218 - (OptionalMessage_ERROR) IP (DMA) : Parameter (SyncEnable) has Id (TIM3_CH2) currently not set
2025-06-26 16:12:40,997 [INFO] ImportTextPane:218 - (OptionalMessage_ERROR) IP (DMA) : Parameter (EventEnable) has Id (TIM3_CH2) currently not set
2025-06-26 16:12:40,997 [INFO] ImportTextPane:218 - (OptionalMessage_ERROR) IP (DMA) : Parameter (SyncRequestNumber) has Id (TIM3_CH2) currently not set
2025-06-26 16:12:41,006 [INFO] ImportTextPane:218 - (OptionalMessage_ERROR) IP (RCC) : Parameter (DFSDMACLkFreq_Value) has invalid value (480000000)
2025-06-26 16:12:41,014 [INFO] ImportTextPane:218 - (OptionalMessage_ERROR) IP (RCC) : Parameter (FDCANFreq_Value) has invalid value (480000000)
2025-06-26 16:12:41,014 [INFO] ImportTextPane:218 - (OptionalMessage_ERROR) IP (RCC) : Invalid parameter (FamilyName)
2025-06-26 16:12:41,015 [INFO] ImportTextPane:218 - (OptionalMessage_ERROR) IP (RCC) : Parameter (SAI1Freq_Value) has invalid value (480000000)
2025-06-26 16:12:41,015 [INFO] ImportTextPane:218 - (OptionalMessage_ERROR) IP (RCC) : Parameter (SAI23Freq_Value) has invalid value (480000000)
2025-06-26 16:12:41,015 [INFO] ImportTextPane:218 - (OptionalMessage_ERROR) IP (RCC) : Parameter (SAI4AFreq_Value) has invalid value (480000000)
2025-06-26 16:12:41,015 [INFO] ImportTextPane:218 - (OptionalMessage_ERROR) IP (RCC) : Parameter (SAI4BFreq_Value) has invalid value (480000000)
2025-06-26 16:12:41,015 [INFO] ImportTextPane:218 - (OptionalMessage_ERROR) IP (RCC) : Parameter (SDMMCFreq_Value) has invalid value (480000000)
2025-06-26 16:12:41,015 [INFO] ImportTextPane:218 - (OptionalMessage_ERROR) IP (RCC) : Parameter (SPDIFRXFreq_Value) has invalid value (480000000)
2025-06-26 16:12:41,015 [INFO] ImportTextPane:218 - (OptionalMessage_ERROR) IP (RCC) : Parameter (SPI123Freq_Value) has invalid value (480000000)
2025-06-26 16:12:41,015 [INFO] ImportTextPane:218 - (OptionalMessage_ERROR) IP (RCC) : Parameter (USBFreq_Value) has invalid value (480000000)
2025-06-26 16:12:42,159 [INFO] ApiDb:581 - Connected to CubeFinder SQLite database (C:\Users\marcv\.stmcufinder\plugins\mcufinder\mcu\cube-finder-db.db)
2025-06-26 16:12:42,295 [INFO] ApiDb:668 - CubeFinder database Data Model version=2.1
2025-06-26 16:12:42,295 [INFO] ApiDb:669 - CubeFinder database Configuration version=3.0.39
2025-06-26 16:12:42,295 [INFO] ApiDb:670 - CubeFinder database generation date=2025-06-16 (1750072209)
2025-06-26 16:12:42,295 [INFO] ApiDb:671 - CubeFinder database FW Pack versions=[FP-ATR-ASTRA1_V2.0.0, FP-SNS-FLIGHT1_V5.1.0, FP-SNS-MOTENV1_V5.0.0, FP-SNS-MOTENVWB1_V1.4.0, FP-SNS-SMARTAG2_V1.2.0, FP-SNS-STBOX1_V2.0.0, STM32Cube_FW_C0_V1.4.0, STM32Cube_FW_F4_V1.28.2, STM32Cube_FW_F7_V1.17.3, STM32Cube_FW_G0_V1.6.2, STM32Cube_FW_G4_V1.6.1, STM32Cube_FW_H5_V1.5.0, STM32Cube_FW_H7RS_V1.2.0, STM32Cube_FW_H7_V1.12.1, STM32Cube_FW_L0_V1.12.2, STM32Cube_FW_L4_V1.18.1, STM32Cube_FW_L5_V1.5.1, STM32Cube_FW_N6_V1.1.1, STM32Cube_FW_U0_V1.2.0, STM32Cube_FW_U3_V1.1.0, STM32Cube_FW_U5_V1.7.0, STM32Cube_FW_WB0_V1.2.0, STM32Cube_FW_WBA_V1.6.0, STM32Cube_FW_WB_V1.22.0, STM32Cube_FW_WL3_V1.1.0, STM32Cube_FW_WL_V1.3.1, X-CUBE-ALGOBUILD_V1.4.0, X-CUBE-ALS_V1.0.2, X-CUBE-AZRTOS-F4_V1.1.0, X-CUBE-AZRTOS-F7_V1.1.0, X-CUBE-AZRTOS-G0_V1.1.0, X-CUBE-AZRTOS-G4_V2.0.0, X-CUBE-AZRTOS-H7RS_V1.1.0, X-CUBE-AZRTOS-H7_V3.3.0, X-CUBE-AZRTOS-L4_V2.0.0, X-CUBE-AZRTOS-L5_V2.0.0, X-CUBE-AZRTOS-WB_V2.0.0, X-CUBE-AZRTOS-WL_V2.0.0, X-CUBE-BLE1_V7.1.0, X-CUBE-BLE2_V3.3.0, X-CUBE-BLEMGR_V4.0.0, X-CUBE-EEPRMA1_V5.1.0, X-CUBE-FREERTOS_V1.3.1, X-CUBE-GNSS1_V6.0.0, X-CUBE-MEMS1_V11.3.0, X-CUBE-NFC4_V3.0.0, X-CUBE-NFC7_V2.0.0, X-CUBE-SFXS2LP1_V4.0.0, X-CUBE-SUBG2_V5.0.0, X-CUBE-TOF1_V3.4.3]
2025-06-26 16:12:42,446 [INFO] DbBoardsSqlite:226 - include board P-NUCLEO-WB55-NUCLEO as a kit item of type 'Nucleo-64'
2025-06-26 16:12:42,447 [INFO] DbBoardsSqlite:226 - include board P-NUCLEO-WB55-USBDONGLE as a kit item of type 'Nucleo USB Dongle'
2025-06-26 16:12:42,448 [INFO] DbBoardsSqlite:226 - include board STEVAL-IDP005V1 as a kit item of type 'Evaluation Board'
2025-06-26 16:12:42,448 [INFO] DbBoardsSqlite:226 - include board STEVAL-IDP005V2 as a kit item of type 'Evaluation Board'
2025-06-26 16:12:43,594 [INFO] ApiDb:240 - Found 895 in-development CPN: [B-G473E-ZEST1S, B-WB1M-WPAN1, B-WBA5M-WPAN, B-WL5M-SUBG1, NUCLEO-C031C6, NUCLEO-C051C8, NUCLEO-C071RB, NUCLEO-C092RC, NUCLEO-H503RB, NUCLEO-H533RE, NUCLEO-H563ZI, NUCLEO-H7S3L8, NUCLEO-N657X0-Q, NUCLEO-U031R8, NUCLEO-U083RC, NUCLEO-U385RG-Q, NUCLEO-U545RE-Q, NUCLEO-U5A5ZJ-Q, NUCLEO-WB05KZ, NUCLEO-WB07CC, NUCLEO-WB09KE, NUCLEO-WBA52CG, NUCLEO-WBA55CG, NUCLEO-WBA65RI, NUCLEO-WL33CC1, NUCLEO-WL33CC2, STEVAL-PROTEUS1, STEVAL-SMARTAG2, STEVAL-STWINBX1, STM320518-EVAL, STM32C0116-DK, STM32C011D6Y3TR, STM32C011D6Y6TR, STM32C011F4P3, STM32C011F4P6, STM32C011F4U3, STM32C011F4U6TR, STM32C011F6P3, STM32C011F6P6, STM32C011F6U3, STM32C011F6U6TR, STM32C011J4M3, STM32C011J4M6, STM32C011J6M3, STM32C011J6M6, STM32C0316-DK, STM32C031C4T3, STM32C031C4T6, STM32C031C4U3, STM32C031C4U6, STM32C031C6T3, STM32C031C6T6, STM32C031C6U3, STM32C031C6U6, STM32C031F4P3, STM32C031F4P6, STM32C031F6P3, STM32C031F6P6, STM32C031G4U3, STM32C031G4U6, STM32C031G6U3, STM32C031G6U6, STM32C031K4T3, STM32C031K4T6, STM32C031K4U3, STM32C031K4U6, STM32C031K6T3, STM32C031K6T6, STM32C031K6U3, STM32C031K6U6, STM32C051C6T6, STM32C051C6U6, STM32C051C8T6, STM32C051C8U6, STM32C051D8Y6TR, STM32C051F6P6, STM32C051F8P6, STM32C051G6U6, STM32C051G8U6, STM32C051K6T6, STM32C051K6U6, STM32C051K8T6, STM32C071C8T6, STM32C071C8T6N, STM32C071C8U6, STM32C071C8U6N, STM32C071CBT6, STM32C071CBT6N, STM32C071CBU6, STM32C071CBU6N, STM32C071F8P6, STM32C071F8P6N, STM32C071FBP6, STM32C071FBP6N, STM32C071FBY6TR, STM32C071G8U6, STM32C071G8U6N, STM32C071GBU6, STM32C071GBU6N, STM32C071K8T6, STM32C071K8T6N, STM32C071K8U6, STM32C071K8U6N, STM32C071KBT6, STM32C071KBT6N, STM32C071KBU6, STM32C071KBU6N, STM32C071R8T6, STM32C071R8T6N, STM32C071RBI6N, STM32C071RBT6, STM32C071RBT6N, STM32C091CBT6, STM32C091CBU6, STM32C091CCT6, STM32C091CCU6, STM32C091ECY6TR, STM32C091FBP6, STM32C091FCP6, STM32C091GBU6, STM32C091GCU6, STM32C091KBT6, STM32C091KBU6, STM32C091KCT6, STM32C091KCU6, STM32C091RBT6, STM32C091RCI6, STM32C091RCT6, STM32C092CBT6, STM32C092CBU6, STM32C092CCT6, STM32C092CCU6, STM32C092ECY6TR, STM32C092FBP6, STM32C092FCP6, STM32C092GBU6, STM32C092GCU6, STM32C092KBT6, STM32C092KBU6, STM32C092KCT6, STM32C092KCU6, STM32C092RBT6, STM32C092RCI6, STM32C092RCT6, STM32G071K8TXN, STM32G071K8UXN, STM32G081GBU6N, STM32G081KBT6N, STM32G081KBUXN, STM32G0B1CCT6N, STM32G0B1KCT6, STM32G0B1NEY6TR, STM32G0B1RCT6N, STM32G0C1CCT6, STM32G0C1CCT6N, STM32G0C1CCU6N, STM32G0C1CET6N, STM32G0C1CEU6N, STM32G0C1KCT6, STM32G0C1NEY6TR, STM32G0C1RCI6N, STM32G0C1RCT6N, STM32G0C1REI6N, STM32G0C1RET6N, STM32G0C1VCI6, STM32G0C1VEI6, STM32G411C6T3, STM32G411C6T6, STM32G411C6U3, STM32G411C6U6, STM32G411C8T3, STM32G411C8T6, STM32G411C8U3, STM32G411C8U6, STM32G411CBT3, STM32G411CBT6, STM32G411CBU3, STM32G411CBU6, STM32G411CCT3, STM32G411CCT6, STM32G411CCU3, STM32G411CCU6, STM32G411K6T3, STM32G411K6T6, STM32G411K6U3, STM32G411K6U6, STM32G411K8T3, STM32G411K8T6, STM32G411K8U3, STM32G411K8U6, STM32G411KBT3, STM32G411KBT6, STM32G411KBU3, STM32G411KBU6, STM32G411M6T3, STM32G411M6T6, STM32G411M8T3, STM32G411M8T6, STM32G411MBT3, STM32G411MBT6, STM32G411MCT3, STM32G411MCT6, STM32G411R6T3, STM32G411R6T6, STM32G411R8T3, STM32G411R8T6, STM32G411RBT3, STM32G411RBT6, STM32G411RCT3, STM32G411RCT6, STM32G414CBT3, STM32G414CBT6, STM32G414CBU3, STM32G414CBU6, STM32G414CCT3, STM32G414CCT6, STM32G414CCU3, STM32G414CCU6, STM32G414MBT3, STM32G414MBT6, STM32G414MCT3, STM32G414MCT6, STM32G414RBT3, STM32G414RBT6, STM32G414RCT3, STM32G414RCT6, STM32G414VBT3, STM32G414VBT6, STM32G414VCT3, STM32G414VCT6, STM32G431CBT3Z, STM32G431RBT3Z, STM32G471CCT6, STM32G471CCU6, STM32G471CET3, STM32G471CET6, STM32G471CEU3, STM32G471CEU6, STM32G471MCT6, STM32G471MET3, STM32G471MET6, STM32G471MEY6TR, STM32G471QCT6, STM32G471QET3, STM32G471RCT6, STM32G471RET3, STM32G471RET6, STM32G471VCH6, STM32G471VCI6, STM32G471VCT6, STM32G471VEH3, STM32G471VEH6, STM32G471VEI3, STM32G471VEI6, STM32G471VET3, STM32G471VET6, STM32G473QET3Z, STM32G473RET3Z, STM32G474CCT6, STM32G491RET3Z, STM32H503CBT6, STM32H503CBU6, STM32H503EBY6TR, STM32H503KBU6, STM32H503RBT6, STM32H523CCT6, STM32H523CCU6, STM32H523CET6, STM32H523CEU6, STM32H523HEY6TR, STM32H523RCT6, STM32H523RET6, STM32H523VCI6, STM32H523VCT6, STM32H523VEI6, STM32H523VET6, STM32H523ZCJ6, STM32H523ZCT6, STM32H523ZEJ6, STM32H523ZET6, STM32H533CET6, STM32H533CEU6, STM32H533HEY6TR, STM32H533RET6, STM32H533VEI6, STM32H533VET6, STM32H533ZEJ6, STM32H533ZET6, STM32H562AGI6, STM32H562AII6, STM32H562IGK6, STM32H562IGT6, STM32H562IIK6, STM32H562IIT6, STM32H562RGT6, STM32H562RGV6, STM32H562RIT6, STM32H562RIV6, STM32H562VGT6, STM32H562VIT6, STM32H562ZGT6, STM32H562ZIT6, STM32H563AGI6, STM32H563AII3Q, STM32H563AII6, STM32H563IGK6, STM32H563IGT6, STM32H563IIK3Q, STM32H563IIK6, STM32H563IIT3Q, STM32H563IIT6, STM32H563MIY3QTR, STM32H563RGT6, STM32H563RGV6, STM32H563RIT6, STM32H563RIV6, STM32H563VGT6, STM32H563VIT3Q, STM32H563VIT6, STM32H563ZGT6, STM32H563ZIT3Q, STM32H563ZIT6, STM32H573AII3Q, STM32H573AII6, STM32H573I-DK, STM32H573IIK3Q, STM32H573IIK6, STM32H573IIT3Q, STM32H573IIT6, STM32H573MIY3QTR, STM32H573RIT6, STM32H573RIV6, STM32H573VIT3Q, STM32H573VIT6, STM32H573ZIT3Q, STM32H573ZIT6, STM32H7R3A8I6, STM32H7R3I8K6, STM32H7R3I8T6, STM32H7R3L8H6, STM32H7R3L8H6H, STM32H7R3R8V6, STM32H7R3V8H6, STM32H7R3V8T6, STM32H7R3V8Y6TR, STM32H7R3Z8J6, STM32H7R3Z8T6, STM32H7R7A8I6, STM32H7R7I8K6, STM32H7R7I8T6, STM32H7R7L8H6, STM32H7R7L8H6H, STM32H7R7Z8J6, STM32H7S3A8I6, STM32H7S3I8K6, STM32H7S3I8T6, STM32H7S3L8H6, STM32H7S3L8H6H, STM32H7S3R8V6, STM32H7S3V8H6, STM32H7S3V8T6, STM32H7S3V8Y6TR, STM32H7S3Z8J6, STM32H7S3Z8T6, STM32H7S78-DK, STM32H7S7A8I6, STM32H7S7I8K6, STM32H7S7I8T6, STM32H7S7L8H6, STM32H7S7L8H6H, STM32H7S7Z8J6, STM32L4R5QGI6STR, STM32MP131AAE3, STM32MP131AAF3, STM32MP131AAG3, STM32MP131CAE3, STM32MP131CAF3, STM32MP131CAG3, STM32MP131DAE7, STM32MP131DAF7, STM32MP131DAG7, STM32MP131FAE7, STM32MP131FAF7, STM32MP131FAG7, STM32MP133AAE3, STM32MP133AAF3, STM32MP133AAG3, STM32MP133CAE3, STM32MP133CAF3, STM32MP133CAG3, STM32MP133DAE7, STM32MP133DAF7, STM32MP133DAG7, STM32MP133FAE7, STM32MP133FAF7, STM32MP133FAG7, STM32MP135AAE3, STM32MP135AAF3, STM32MP135AAG3, STM32MP135CAE3, STM32MP135CAF3, STM32MP135CAG3, STM32MP135DAE7, STM32MP135DAF7, STM32MP135DAG7, STM32MP135F-DK, STM32MP135FAE7, STM32MP135FAF7, STM32MP135FAF7T, STM32MP135FAF7U, STM32MP135FAG7, STM32MP231AAJ3, STM32MP231AAK3, STM32MP231AAL3, STM32MP231CAJ3, STM32MP231CAK3, STM32MP231CAL3, STM32MP231DAJ3, STM32MP231DAK3, STM32MP231DAL3, STM32MP231FAJ3, STM32MP231FAK3, STM32MP231FAL3, STM32MP233AAJ3, STM32MP233AAK3, STM32MP233AAL3, STM32MP233CAJ3, STM32MP233CAK3, STM32MP233CAL3, STM32MP233DAJ3, STM32MP233DAK3, STM32MP233DAL3, STM32MP233FAJ3, STM32MP233FAK3, STM32MP233FAL3, STM32MP235AAJ3, STM32MP235AAK3, STM32MP235AAL3, STM32MP235CAJ3, STM32MP235CAK3, STM32MP235CAL3, STM32MP235DAJ3, STM32MP235DAK3, STM32MP235DAL3, STM32MP235FAJ3, STM32MP235FAK3, STM32MP235FAL3, STM32MP251AAI3, STM32MP251AAJ3, STM32MP251AAK3, STM32MP251AAL3, STM32MP251CAI3, STM32MP251CAJ3, STM32MP251CAK3, STM32MP251CAL3, STM32MP251DAI3, STM32MP251DAJ3, STM32MP251DAK3, STM32MP251DAL3, STM32MP251FAI3, STM32MP251FAJ3, STM32MP251FAK3, STM32MP251FAL3, STM32MP253AAI3, STM32MP253AAJ3, STM32MP253AAK3, STM32MP253AAL3, STM32MP253CAI3, STM32MP253CAJ3, STM32MP253CAK3, STM32MP253CAL3, STM32MP253DAI3, STM32MP253DAJ3, STM32MP253DAK3, STM32MP253DAL3, STM32MP253FAI3, STM32MP253FAJ3, STM32MP253FAK3, STM32MP253FAL3, STM32MP255AAI3, STM32MP255AAJ3, STM32MP255AAK3, STM32MP255AAL3, STM32MP255CAI3, STM32MP255CAJ3, STM32MP255CAK3, STM32MP255CAL3, STM32MP255DAI3, STM32MP255DAJ3, STM32MP255DAK3, STM32MP255DAL3, STM32MP255FAI3, STM32MP255FAJ3, STM32MP255FAK3, STM32MP255FAL3, STM32MP257AAI3, STM32MP257AAJ3, STM32MP257AAK3, STM32MP257AAL3, STM32MP257CAI3, STM32MP257CAJ3, STM32MP257CAK3, STM32MP257CAL3, STM32MP257DAI3, STM32MP257DAJ3, STM32MP257DAK3, STM32MP257DAL3, STM32MP257F-DK, STM32MP257F-EV1, STM32MP257FAI3, STM32MP257FAJ3, STM32MP257FAK3, STM32MP257FAL3, STM32N645A0H3Q, STM32N645B0H3Q, STM32N645I0H3Q, STM32N645L0H3Q, STM32N645X0H3Q, STM32N645Z0H3Q, STM32N647A0H3Q, STM32N647B0H3Q, STM32N647I0H3Q, STM32N647L0H3Q, STM32N647X0H3Q, STM32N647Z0H3Q, STM32N655A0H3Q, STM32N655B0H3Q, STM32N655I0H3Q, STM32N655L0H3Q, STM32N655X0H3Q, STM32N655Z0H3Q, STM32N6570-DK, STM32N657A0H3Q, STM32N657B0H3Q, STM32N657I0H3Q, STM32N657L0H3Q, STM32N657X0H3Q, STM32N657Z0H3Q, STM32U031C6T6, STM32U031C6U6, STM32U031C8T6, STM32U031C8U6, STM32U031F4P6, STM32U031F6P6, STM32U031F8P6, STM32U031G6Y6TR, STM32U031G8Y6TR, STM32U031K4U6, STM32U031K6U6, STM32U031K8U6, STM32U031R6I6, STM32U031R6T6, STM32U031R8I6, STM32U031R8T6, STM32U073C8T6, STM32U073C8U6, STM32U073CBT6, STM32U073CBU6, STM32U073CCT6, STM32U073CCU6, STM32U073H8Y6TR, STM32U073HBY6TR, STM32U073HCY6TR, STM32U073K8U6, STM32U073KBU6, STM32U073KCU6, STM32U073M8I6, STM32U073M8T6, STM32U073MBI6, STM32U073MBT6, STM32U073MCI6, STM32U073MCT6, STM32U073R8I6, STM32U073R8T6, STM32U073RBI6, STM32U073RBT6, STM32U073RCI6, STM32U073RCT6, STM32U083C-DK, STM32U083CCT6, STM32U083CCU6, STM32U083HCY6TR, STM32U083KCU6, STM32U083MCI6, STM32U083MCT6, STM32U083RCI6, STM32U083RCT6, STM32U375CET6, STM32U375CET6Q, STM32U375CEU6, STM32U375CEU6Q, STM32U375CEY6QTR, STM32U375CGT6, STM32U375CGT6Q, STM32U375CGU6, STM32U375CGU6Q, STM32U375CGY6QTR, STM32U375KEU6, STM32U375KGU6, STM32U375REI6, STM32U375REI6Q, STM32U375RET6, STM32U375RET6Q, STM32U375REY6GTR, STM32U375REY6QTR, STM32U375RGI6, STM32U375RGI6Q, STM32U375RGT6, STM32U375RGT6Q, STM32U375RGY6GTR, STM32U375RGY6QTR, STM32U375VEI6, STM32U375VEI6Q, STM32U375VET6, STM32U375VET6Q, STM32U375VGI6, STM32U375VGI6Q, STM32U375VGT6, STM32U375VGT6Q, STM32U385CGT6, STM32U385CGT6Q, STM32U385CGU6, STM32U385CGU6Q, STM32U385CGY6QTR, STM32U385KGU6, STM32U385RGI6, STM32U385RGI6Q, STM32U385RGT6, STM32U385RGT6Q, STM32U385RGY6GTR, STM32U385RGY6QTR, STM32U385VGI6, STM32U385VGI6Q, STM32U385VGT6, STM32U385VGT6Q, STM32U535CBT6, STM32U535CBT6Q, STM32U535CBU6, STM32U535CBU6Q, STM32U535CCT6, STM32U535CCT6Q, STM32U535CCU6, STM32U535CCU6Q, STM32U535CET6, STM32U535CET6Q, STM32U535CEU6, STM32U535CEU6Q, STM32U535JEY6QTR, STM32U535NCY6QTR, STM32U535NEY6QTR, STM32U535RBI6, STM32U535RBI6Q, STM32U535RBT6, STM32U535RBT6Q, STM32U535RCI6, STM32U535RCI6Q, STM32U535RCT6, STM32U535RCT6Q, STM32U535REI6, STM32U535REI6Q, STM32U535RET6, STM32U535RET6Q, STM32U535VCI6, STM32U535VCI6Q, STM32U535VCT6, STM32U535VCT6Q, STM32U535VEI6, STM32U535VEI6Q, STM32U535VET6, STM32U535VET6Q, STM32U545CET6, STM32U545CET6Q, STM32U545CEU6, STM32U545CEU6Q, STM32U545JEY6QTR, STM32U545NEY6QTR, STM32U545REI6, STM32U545REI6Q, STM32U545RET6, STM32U545RET6Q, STM32U545VEI6, STM32U545VEI6Q, STM32U545VET6, STM32U545VET6Q, STM32U595AIH6, STM32U595AIH6Q, STM32U595AJH6, STM32U595AJH6Q, STM32U595QII6, STM32U595QII6Q, STM32U595QJI6, STM32U595QJI6Q, STM32U595RIT6, STM32U595RIT6Q, STM32U595RJT6, STM32U595RJT6Q, STM32U595VIT6, STM32U595VIT6Q, STM32U595VJT6, STM32U595VJT6Q, STM32U595ZIT6, STM32U595ZIT6Q, STM32U595ZIY6QTR, STM32U595ZJT6, STM32U595ZJT6Q, STM32U595ZJY6QTR, STM32U599BJY6QTR, STM32U599NIH6Q, STM32U599NJH6Q, STM32U599VIT6Q, STM32U599VJT6, STM32U599VJT6Q, STM32U599ZIT6Q, STM32U599ZIY6QTR, STM32U599ZJT6Q, STM32U599ZJY6QTR, STM32U5A5AJH6, STM32U5A5AJH6Q, STM32U5A5QII3Q , STM32U5A5QJI6, STM32U5A5QJI6Q, STM32U5A5RJT6, STM32U5A5RJT6Q, STM32U5A5VJT6, STM32U5A5VJT6Q, STM32U5A5ZJT6, STM32U5A5ZJT6Q, STM32U5A5ZJY6QTR, STM32U5A9BJY6QTR, STM32U5A9J-DK, STM32U5A9NJH6Q, STM32U5A9VJT6Q, STM32U5A9ZJT6Q, STM32U5A9ZJY6QTR, STM32U5F7VIT6, STM32U5F7VIT6Q, STM32U5F7VJT6, STM32U5F7VJT6Q, STM32U5F9BJY6QTR, STM32U5F9NJH6Q, STM32U5F9VIT6Q, STM32U5F9VJT6Q, STM32U5F9ZIJ6QTR, STM32U5F9ZIT6Q, STM32U5F9ZJJ6QTR, STM32U5F9ZJT6Q, STM32U5G7VJT6, STM32U5G7VJT6Q, STM32U5G9BJY6QTR, STM32U5G9J-DK1, STM32U5G9J-DK2, STM32U5G9NJH6Q, STM32U5G9VJT6Q, STM32U5G9ZJJ6QTR, STM32U5G9ZJT6Q, STM32WB05KZV6TR, STM32WB05KZV7TR, STM32WB05TZF6TR, STM32WB05TZF7TR, STM32WB06CCF6TR, STM32WB06CCF7TR, STM32WB06CCV6TR, STM32WB06CCV7TR, STM32WB06KCV6TR, STM32WB06KCV7TR, STM32WB07CCF6TR, STM32WB07CCF7TR, STM32WB07CCV6TR, STM32WB07CCV7TR, STM32WB07KCV6TR, STM32WB07KCV7TR, STM32WB09KEV6TR, STM32WB09KEV7TR, STM32WB09TEF6TR, STM32WB09TEF7TR, STM32WB1MMCH6, STM32WBA50KGU6, STM32WBA50KGU6TR, STM32WBA52CEU6, STM32WBA52CEU6TR, STM32WBA52CEU7, STM32WBA52CEU7TR, STM32WBA52CGU6, STM32WBA52CGU6TR, STM32WBA52CGU6U, STM32WBA52CGU7, STM32WBA52CGU7TR, STM32WBA52KEU6, STM32WBA52KEU6TR, STM32WBA52KGU6, STM32WBA52KGU6TR, STM32WBA54CEU6, STM32WBA54CEU6TR, STM32WBA54CEU7, STM32WBA54CEU7TR, STM32WBA54CGU6, STM32WBA54CGU6TR, STM32WBA54CGU7, STM32WBA54CGU7TR, STM32WBA54KEU6, STM32WBA54KEU6TR, STM32WBA54KEU7, STM32WBA54KEU7TR, STM32WBA54KGU6, STM32WBA54KGU6TR, STM32WBA54KGU7, STM32WBA54KGU7TR, STM32WBA55CEU6, STM32WBA55CEU6TR, STM32WBA55CEU7, STM32WBA55CEU7TR, STM32WBA55CGU6, STM32WBA55CGU6TR, STM32WBA55CGU6U, STM32WBA55CGU7, STM32WBA55CGU7TR, STM32WBA55G-DK1, STM32WBA55HEF6, STM32WBA55HEF7, STM32WBA55HGF6, STM32WBA55HGF7, STM32WBA55UEI6, STM32WBA55UEI6TR, STM32WBA55UEI7, STM32WBA55UEI7TR, STM32WBA55UGI6, STM32WBA55UGI6TR, STM32WBA55UGI7, STM32WBA55UGI7TR, STM32WBA5MJGH6TR, STM32WBA62CGU6, STM32WBA62CIU6, STM32WBA62MGF6, STM32WBA62MIF6, STM32WBA62PGI6, STM32WBA62PII6, STM32WBA63CGU6, STM32WBA63CGU7, STM32WBA63CIU6, STM32WBA63CIU7, STM32WBA64CGU6, STM32WBA64CGU7, STM32WBA64CIU6, STM32WBA64CIU7, STM32WBA65CGU6, STM32WBA65CGU7, STM32WBA65CIU6, STM32WBA65CIU7, STM32WBA65I-DK1, STM32WBA65MGF6, STM32WBA65MGF7, STM32WBA65MIF6, STM32WBA65MIF7, STM32WBA65PGI6, STM32WBA65PGI7, STM32WBA65PII6, STM32WBA65PII7, STM32WBA65RGV6, STM32WBA65RGV7, STM32WBA65RIV6, STM32WBA65RIV7, STM32WL30K8V6, STM32WL30KBV6, STM32WL31C8V6, STM32WL31CBV6, STM32WL31K8V6, STM32WL31KBV6, STM32WL33C8V6, STM32WL33C8V6TR, STM32WL33C8V7, STM32WL33C8V7TR, STM32WL33CBV6, STM32WL33CBV6TR, STM32WL33CBV7, STM32WL33CBV7TR, STM32WL33CCV6, STM32WL33CCV6TR, STM32WL33CCV7, STM32WL33CCV7A, STM32WL33CCV7ATR, STM32WL33CCV7TR, STM32WL33K8V6, STM32WL33K8V6TR, STM32WL33K8V7, STM32WL33K8V7TR, STM32WL33KBV6, STM32WL33KBV6TR, STM32WL33KBV7, STM32WL33KBV7TR, STM32WL33KCV6, STM32WL33KCV6TR, STM32WL33KCV7, STM32WL33KCV7TR, STM32WL5MOCH6, STM32WL5MOCH6TR]
2025-06-26 16:12:43,857 [INFO] BoardInfo:889 - No configuration file found for board P-NUCLEO-WB55
2025-06-26 16:12:43,858 [INFO] DbBoards:161 - Kit is not supported: P-NUCLEO-WB55
2025-06-26 16:12:43,865 [INFO] BoardInfo:889 - No configuration file found for board STEVAL-BFA001V1B
2025-06-26 16:12:43,866 [INFO] DbBoards:161 - Kit is not supported: STEVAL-BFA001V1B
2025-06-26 16:12:43,867 [INFO] BoardInfo:889 - No configuration file found for board STEVAL-BFA001V2B
2025-06-26 16:12:43,869 [INFO] DbBoards:161 - Kit is not supported: STEVAL-BFA001V2B
2025-06-26 16:12:44,081 [INFO] DbBoards:168 - Found 211 boards, 208 are supported
2025-06-26 16:12:44,081 [INFO] DbBoards:169 - Found 211 boards, 43 of them is supported for  Bsp
2025-06-26 16:12:44,084 [INFO] ApiDb:668 - CubeFinder database Data Model version=2.1
2025-06-26 16:12:44,084 [INFO] ApiDb:669 - CubeFinder database Configuration version=3.0.39
2025-06-26 16:12:44,084 [INFO] ApiDb:670 - CubeFinder database generation date=2025-06-16 (1750072209)
2025-06-26 16:12:44,084 [INFO] ApiDb:671 - CubeFinder database FW Pack versions=[FP-ATR-ASTRA1_V2.0.0, FP-SNS-FLIGHT1_V5.1.0, FP-SNS-MOTENV1_V5.0.0, FP-SNS-MOTENVWB1_V1.4.0, FP-SNS-SMARTAG2_V1.2.0, FP-SNS-STBOX1_V2.0.0, STM32Cube_FW_C0_V1.4.0, STM32Cube_FW_F4_V1.28.2, STM32Cube_FW_F7_V1.17.3, STM32Cube_FW_G0_V1.6.2, STM32Cube_FW_G4_V1.6.1, STM32Cube_FW_H5_V1.5.0, STM32Cube_FW_H7RS_V1.2.0, STM32Cube_FW_H7_V1.12.1, STM32Cube_FW_L0_V1.12.2, STM32Cube_FW_L4_V1.18.1, STM32Cube_FW_L5_V1.5.1, STM32Cube_FW_N6_V1.1.1, STM32Cube_FW_U0_V1.2.0, STM32Cube_FW_U3_V1.1.0, STM32Cube_FW_U5_V1.7.0, STM32Cube_FW_WB0_V1.2.0, STM32Cube_FW_WBA_V1.6.0, STM32Cube_FW_WB_V1.22.0, STM32Cube_FW_WL3_V1.1.0, STM32Cube_FW_WL_V1.3.1, X-CUBE-ALGOBUILD_V1.4.0, X-CUBE-ALS_V1.0.2, X-CUBE-AZRTOS-F4_V1.1.0, X-CUBE-AZRTOS-F7_V1.1.0, X-CUBE-AZRTOS-G0_V1.1.0, X-CUBE-AZRTOS-G4_V2.0.0, X-CUBE-AZRTOS-H7RS_V1.1.0, X-CUBE-AZRTOS-H7_V3.3.0, X-CUBE-AZRTOS-L4_V2.0.0, X-CUBE-AZRTOS-L5_V2.0.0, X-CUBE-AZRTOS-WB_V2.0.0, X-CUBE-AZRTOS-WL_V2.0.0, X-CUBE-BLE1_V7.1.0, X-CUBE-BLE2_V3.3.0, X-CUBE-BLEMGR_V4.0.0, X-CUBE-EEPRMA1_V5.1.0, X-CUBE-FREERTOS_V1.3.1, X-CUBE-GNSS1_V6.0.0, X-CUBE-MEMS1_V11.3.0, X-CUBE-NFC4_V3.0.0, X-CUBE-NFC7_V2.0.0, X-CUBE-SFXS2LP1_V4.0.0, X-CUBE-SUBG2_V5.0.0, X-CUBE-TOF1_V3.4.3]
2025-06-26 16:12:46,135 [INFO] ApiDb:240 - Found 895 in-development CPN: [B-G473E-ZEST1S, B-WB1M-WPAN1, B-WBA5M-WPAN, B-WL5M-SUBG1, NUCLEO-C031C6, NUCLEO-C051C8, NUCLEO-C071RB, NUCLEO-C092RC, NUCLEO-H503RB, NUCLEO-H533RE, NUCLEO-H563ZI, NUCLEO-H7S3L8, NUCLEO-N657X0-Q, NUCLEO-U031R8, NUCLEO-U083RC, NUCLEO-U385RG-Q, NUCLEO-U545RE-Q, NUCLEO-U5A5ZJ-Q, NUCLEO-WB05KZ, NUCLEO-WB07CC, NUCLEO-WB09KE, NUCLEO-WBA52CG, NUCLEO-WBA55CG, NUCLEO-WBA65RI, NUCLEO-WL33CC1, NUCLEO-WL33CC2, STEVAL-PROTEUS1, STEVAL-SMARTAG2, STEVAL-STWINBX1, STM320518-EVAL, STM32C0116-DK, STM32C011D6Y3TR, STM32C011D6Y6TR, STM32C011F4P3, STM32C011F4P6, STM32C011F4U3, STM32C011F4U6TR, STM32C011F6P3, STM32C011F6P6, STM32C011F6U3, STM32C011F6U6TR, STM32C011J4M3, STM32C011J4M6, STM32C011J6M3, STM32C011J6M6, STM32C0316-DK, STM32C031C4T3, STM32C031C4T6, STM32C031C4U3, STM32C031C4U6, STM32C031C6T3, STM32C031C6T6, STM32C031C6U3, STM32C031C6U6, STM32C031F4P3, STM32C031F4P6, STM32C031F6P3, STM32C031F6P6, STM32C031G4U3, STM32C031G4U6, STM32C031G6U3, STM32C031G6U6, STM32C031K4T3, STM32C031K4T6, STM32C031K4U3, STM32C031K4U6, STM32C031K6T3, STM32C031K6T6, STM32C031K6U3, STM32C031K6U6, STM32C051C6T6, STM32C051C6U6, STM32C051C8T6, STM32C051C8U6, STM32C051D8Y6TR, STM32C051F6P6, STM32C051F8P6, STM32C051G6U6, STM32C051G8U6, STM32C051K6T6, STM32C051K6U6, STM32C051K8T6, STM32C071C8T6, STM32C071C8T6N, STM32C071C8U6, STM32C071C8U6N, STM32C071CBT6, STM32C071CBT6N, STM32C071CBU6, STM32C071CBU6N, STM32C071F8P6, STM32C071F8P6N, STM32C071FBP6, STM32C071FBP6N, STM32C071FBY6TR, STM32C071G8U6, STM32C071G8U6N, STM32C071GBU6, STM32C071GBU6N, STM32C071K8T6, STM32C071K8T6N, STM32C071K8U6, STM32C071K8U6N, STM32C071KBT6, STM32C071KBT6N, STM32C071KBU6, STM32C071KBU6N, STM32C071R8T6, STM32C071R8T6N, STM32C071RBI6N, STM32C071RBT6, STM32C071RBT6N, STM32C091CBT6, STM32C091CBU6, STM32C091CCT6, STM32C091CCU6, STM32C091ECY6TR, STM32C091FBP6, STM32C091FCP6, STM32C091GBU6, STM32C091GCU6, STM32C091KBT6, STM32C091KBU6, STM32C091KCT6, STM32C091KCU6, STM32C091RBT6, STM32C091RCI6, STM32C091RCT6, STM32C092CBT6, STM32C092CBU6, STM32C092CCT6, STM32C092CCU6, STM32C092ECY6TR, STM32C092FBP6, STM32C092FCP6, STM32C092GBU6, STM32C092GCU6, STM32C092KBT6, STM32C092KBU6, STM32C092KCT6, STM32C092KCU6, STM32C092RBT6, STM32C092RCI6, STM32C092RCT6, STM32G071K8TXN, STM32G071K8UXN, STM32G081GBU6N, STM32G081KBT6N, STM32G081KBUXN, STM32G0B1CCT6N, STM32G0B1KCT6, STM32G0B1NEY6TR, STM32G0B1RCT6N, STM32G0C1CCT6, STM32G0C1CCT6N, STM32G0C1CCU6N, STM32G0C1CET6N, STM32G0C1CEU6N, STM32G0C1KCT6, STM32G0C1NEY6TR, STM32G0C1RCI6N, STM32G0C1RCT6N, STM32G0C1REI6N, STM32G0C1RET6N, STM32G0C1VCI6, STM32G0C1VEI6, STM32G411C6T3, STM32G411C6T6, STM32G411C6U3, STM32G411C6U6, STM32G411C8T3, STM32G411C8T6, STM32G411C8U3, STM32G411C8U6, STM32G411CBT3, STM32G411CBT6, STM32G411CBU3, STM32G411CBU6, STM32G411CCT3, STM32G411CCT6, STM32G411CCU3, STM32G411CCU6, STM32G411K6T3, STM32G411K6T6, STM32G411K6U3, STM32G411K6U6, STM32G411K8T3, STM32G411K8T6, STM32G411K8U3, STM32G411K8U6, STM32G411KBT3, STM32G411KBT6, STM32G411KBU3, STM32G411KBU6, STM32G411M6T3, STM32G411M6T6, STM32G411M8T3, STM32G411M8T6, STM32G411MBT3, STM32G411MBT6, STM32G411MCT3, STM32G411MCT6, STM32G411R6T3, STM32G411R6T6, STM32G411R8T3, STM32G411R8T6, STM32G411RBT3, STM32G411RBT6, STM32G411RCT3, STM32G411RCT6, STM32G414CBT3, STM32G414CBT6, STM32G414CBU3, STM32G414CBU6, STM32G414CCT3, STM32G414CCT6, STM32G414CCU3, STM32G414CCU6, STM32G414MBT3, STM32G414MBT6, STM32G414MCT3, STM32G414MCT6, STM32G414RBT3, STM32G414RBT6, STM32G414RCT3, STM32G414RCT6, STM32G414VBT3, STM32G414VBT6, STM32G414VCT3, STM32G414VCT6, STM32G431CBT3Z, STM32G431RBT3Z, STM32G471CCT6, STM32G471CCU6, STM32G471CET3, STM32G471CET6, STM32G471CEU3, STM32G471CEU6, STM32G471MCT6, STM32G471MET3, STM32G471MET6, STM32G471MEY6TR, STM32G471QCT6, STM32G471QET3, STM32G471RCT6, STM32G471RET3, STM32G471RET6, STM32G471VCH6, STM32G471VCI6, STM32G471VCT6, STM32G471VEH3, STM32G471VEH6, STM32G471VEI3, STM32G471VEI6, STM32G471VET3, STM32G471VET6, STM32G473QET3Z, STM32G473RET3Z, STM32G474CCT6, STM32G491RET3Z, STM32H503CBT6, STM32H503CBU6, STM32H503EBY6TR, STM32H503KBU6, STM32H503RBT6, STM32H523CCT6, STM32H523CCU6, STM32H523CET6, STM32H523CEU6, STM32H523HEY6TR, STM32H523RCT6, STM32H523RET6, STM32H523VCI6, STM32H523VCT6, STM32H523VEI6, STM32H523VET6, STM32H523ZCJ6, STM32H523ZCT6, STM32H523ZEJ6, STM32H523ZET6, STM32H533CET6, STM32H533CEU6, STM32H533HEY6TR, STM32H533RET6, STM32H533VEI6, STM32H533VET6, STM32H533ZEJ6, STM32H533ZET6, STM32H562AGI6, STM32H562AII6, STM32H562IGK6, STM32H562IGT6, STM32H562IIK6, STM32H562IIT6, STM32H562RGT6, STM32H562RGV6, STM32H562RIT6, STM32H562RIV6, STM32H562VGT6, STM32H562VIT6, STM32H562ZGT6, STM32H562ZIT6, STM32H563AGI6, STM32H563AII3Q, STM32H563AII6, STM32H563IGK6, STM32H563IGT6, STM32H563IIK3Q, STM32H563IIK6, STM32H563IIT3Q, STM32H563IIT6, STM32H563MIY3QTR, STM32H563RGT6, STM32H563RGV6, STM32H563RIT6, STM32H563RIV6, STM32H563VGT6, STM32H563VIT3Q, STM32H563VIT6, STM32H563ZGT6, STM32H563ZIT3Q, STM32H563ZIT6, STM32H573AII3Q, STM32H573AII6, STM32H573I-DK, STM32H573IIK3Q, STM32H573IIK6, STM32H573IIT3Q, STM32H573IIT6, STM32H573MIY3QTR, STM32H573RIT6, STM32H573RIV6, STM32H573VIT3Q, STM32H573VIT6, STM32H573ZIT3Q, STM32H573ZIT6, STM32H7R3A8I6, STM32H7R3I8K6, STM32H7R3I8T6, STM32H7R3L8H6, STM32H7R3L8H6H, STM32H7R3R8V6, STM32H7R3V8H6, STM32H7R3V8T6, STM32H7R3V8Y6TR, STM32H7R3Z8J6, STM32H7R3Z8T6, STM32H7R7A8I6, STM32H7R7I8K6, STM32H7R7I8T6, STM32H7R7L8H6, STM32H7R7L8H6H, STM32H7R7Z8J6, STM32H7S3A8I6, STM32H7S3I8K6, STM32H7S3I8T6, STM32H7S3L8H6, STM32H7S3L8H6H, STM32H7S3R8V6, STM32H7S3V8H6, STM32H7S3V8T6, STM32H7S3V8Y6TR, STM32H7S3Z8J6, STM32H7S3Z8T6, STM32H7S78-DK, STM32H7S7A8I6, STM32H7S7I8K6, STM32H7S7I8T6, STM32H7S7L8H6, STM32H7S7L8H6H, STM32H7S7Z8J6, STM32L4R5QGI6STR, STM32MP131AAE3, STM32MP131AAF3, STM32MP131AAG3, STM32MP131CAE3, STM32MP131CAF3, STM32MP131CAG3, STM32MP131DAE7, STM32MP131DAF7, STM32MP131DAG7, STM32MP131FAE7, STM32MP131FAF7, STM32MP131FAG7, STM32MP133AAE3, STM32MP133AAF3, STM32MP133AAG3, STM32MP133CAE3, STM32MP133CAF3, STM32MP133CAG3, STM32MP133DAE7, STM32MP133DAF7, STM32MP133DAG7, STM32MP133FAE7, STM32MP133FAF7, STM32MP133FAG7, STM32MP135AAE3, STM32MP135AAF3, STM32MP135AAG3, STM32MP135CAE3, STM32MP135CAF3, STM32MP135CAG3, STM32MP135DAE7, STM32MP135DAF7, STM32MP135DAG7, STM32MP135F-DK, STM32MP135FAE7, STM32MP135FAF7, STM32MP135FAF7T, STM32MP135FAF7U, STM32MP135FAG7, STM32MP231AAJ3, STM32MP231AAK3, STM32MP231AAL3, STM32MP231CAJ3, STM32MP231CAK3, STM32MP231CAL3, STM32MP231DAJ3, STM32MP231DAK3, STM32MP231DAL3, STM32MP231FAJ3, STM32MP231FAK3, STM32MP231FAL3, STM32MP233AAJ3, STM32MP233AAK3, STM32MP233AAL3, STM32MP233CAJ3, STM32MP233CAK3, STM32MP233CAL3, STM32MP233DAJ3, STM32MP233DAK3, STM32MP233DAL3, STM32MP233FAJ3, STM32MP233FAK3, STM32MP233FAL3, STM32MP235AAJ3, STM32MP235AAK3, STM32MP235AAL3, STM32MP235CAJ3, STM32MP235CAK3, STM32MP235CAL3, STM32MP235DAJ3, STM32MP235DAK3, STM32MP235DAL3, STM32MP235FAJ3, STM32MP235FAK3, STM32MP235FAL3, STM32MP251AAI3, STM32MP251AAJ3, STM32MP251AAK3, STM32MP251AAL3, STM32MP251CAI3, STM32MP251CAJ3, STM32MP251CAK3, STM32MP251CAL3, STM32MP251DAI3, STM32MP251DAJ3, STM32MP251DAK3, STM32MP251DAL3, STM32MP251FAI3, STM32MP251FAJ3, STM32MP251FAK3, STM32MP251FAL3, STM32MP253AAI3, STM32MP253AAJ3, STM32MP253AAK3, STM32MP253AAL3, STM32MP253CAI3, STM32MP253CAJ3, STM32MP253CAK3, STM32MP253CAL3, STM32MP253DAI3, STM32MP253DAJ3, STM32MP253DAK3, STM32MP253DAL3, STM32MP253FAI3, STM32MP253FAJ3, STM32MP253FAK3, STM32MP253FAL3, STM32MP255AAI3, STM32MP255AAJ3, STM32MP255AAK3, STM32MP255AAL3, STM32MP255CAI3, STM32MP255CAJ3, STM32MP255CAK3, STM32MP255CAL3, STM32MP255DAI3, STM32MP255DAJ3, STM32MP255DAK3, STM32MP255DAL3, STM32MP255FAI3, STM32MP255FAJ3, STM32MP255FAK3, STM32MP255FAL3, STM32MP257AAI3, STM32MP257AAJ3, STM32MP257AAK3, STM32MP257AAL3, STM32MP257CAI3, STM32MP257CAJ3, STM32MP257CAK3, STM32MP257CAL3, STM32MP257DAI3, STM32MP257DAJ3, STM32MP257DAK3, STM32MP257DAL3, STM32MP257F-DK, STM32MP257F-EV1, STM32MP257FAI3, STM32MP257FAJ3, STM32MP257FAK3, STM32MP257FAL3, STM32N645A0H3Q, STM32N645B0H3Q, STM32N645I0H3Q, STM32N645L0H3Q, STM32N645X0H3Q, STM32N645Z0H3Q, STM32N647A0H3Q, STM32N647B0H3Q, STM32N647I0H3Q, STM32N647L0H3Q, STM32N647X0H3Q, STM32N647Z0H3Q, STM32N655A0H3Q, STM32N655B0H3Q, STM32N655I0H3Q, STM32N655L0H3Q, STM32N655X0H3Q, STM32N655Z0H3Q, STM32N6570-DK, STM32N657A0H3Q, STM32N657B0H3Q, STM32N657I0H3Q, STM32N657L0H3Q, STM32N657X0H3Q, STM32N657Z0H3Q, STM32U031C6T6, STM32U031C6U6, STM32U031C8T6, STM32U031C8U6, STM32U031F4P6, STM32U031F6P6, STM32U031F8P6, STM32U031G6Y6TR, STM32U031G8Y6TR, STM32U031K4U6, STM32U031K6U6, STM32U031K8U6, STM32U031R6I6, STM32U031R6T6, STM32U031R8I6, STM32U031R8T6, STM32U073C8T6, STM32U073C8U6, STM32U073CBT6, STM32U073CBU6, STM32U073CCT6, STM32U073CCU6, STM32U073H8Y6TR, STM32U073HBY6TR, STM32U073HCY6TR, STM32U073K8U6, STM32U073KBU6, STM32U073KCU6, STM32U073M8I6, STM32U073M8T6, STM32U073MBI6, STM32U073MBT6, STM32U073MCI6, STM32U073MCT6, STM32U073R8I6, STM32U073R8T6, STM32U073RBI6, STM32U073RBT6, STM32U073RCI6, STM32U073RCT6, STM32U083C-DK, STM32U083CCT6, STM32U083CCU6, STM32U083HCY6TR, STM32U083KCU6, STM32U083MCI6, STM32U083MCT6, STM32U083RCI6, STM32U083RCT6, STM32U375CET6, STM32U375CET6Q, STM32U375CEU6, STM32U375CEU6Q, STM32U375CEY6QTR, STM32U375CGT6, STM32U375CGT6Q, STM32U375CGU6, STM32U375CGU6Q, STM32U375CGY6QTR, STM32U375KEU6, STM32U375KGU6, STM32U375REI6, STM32U375REI6Q, STM32U375RET6, STM32U375RET6Q, STM32U375REY6GTR, STM32U375REY6QTR, STM32U375RGI6, STM32U375RGI6Q, STM32U375RGT6, STM32U375RGT6Q, STM32U375RGY6GTR, STM32U375RGY6QTR, STM32U375VEI6, STM32U375VEI6Q, STM32U375VET6, STM32U375VET6Q, STM32U375VGI6, STM32U375VGI6Q, STM32U375VGT6, STM32U375VGT6Q, STM32U385CGT6, STM32U385CGT6Q, STM32U385CGU6, STM32U385CGU6Q, STM32U385CGY6QTR, STM32U385KGU6, STM32U385RGI6, STM32U385RGI6Q, STM32U385RGT6, STM32U385RGT6Q, STM32U385RGY6GTR, STM32U385RGY6QTR, STM32U385VGI6, STM32U385VGI6Q, STM32U385VGT6, STM32U385VGT6Q, STM32U535CBT6, STM32U535CBT6Q, STM32U535CBU6, STM32U535CBU6Q, STM32U535CCT6, STM32U535CCT6Q, STM32U535CCU6, STM32U535CCU6Q, STM32U535CET6, STM32U535CET6Q, STM32U535CEU6, STM32U535CEU6Q, STM32U535JEY6QTR, STM32U535NCY6QTR, STM32U535NEY6QTR, STM32U535RBI6, STM32U535RBI6Q, STM32U535RBT6, STM32U535RBT6Q, STM32U535RCI6, STM32U535RCI6Q, STM32U535RCT6, STM32U535RCT6Q, STM32U535REI6, STM32U535REI6Q, STM32U535RET6, STM32U535RET6Q, STM32U535VCI6, STM32U535VCI6Q, STM32U535VCT6, STM32U535VCT6Q, STM32U535VEI6, STM32U535VEI6Q, STM32U535VET6, STM32U535VET6Q, STM32U545CET6, STM32U545CET6Q, STM32U545CEU6, STM32U545CEU6Q, STM32U545JEY6QTR, STM32U545NEY6QTR, STM32U545REI6, STM32U545REI6Q, STM32U545RET6, STM32U545RET6Q, STM32U545VEI6, STM32U545VEI6Q, STM32U545VET6, STM32U545VET6Q, STM32U595AIH6, STM32U595AIH6Q, STM32U595AJH6, STM32U595AJH6Q, STM32U595QII6, STM32U595QII6Q, STM32U595QJI6, STM32U595QJI6Q, STM32U595RIT6, STM32U595RIT6Q, STM32U595RJT6, STM32U595RJT6Q, STM32U595VIT6, STM32U595VIT6Q, STM32U595VJT6, STM32U595VJT6Q, STM32U595ZIT6, STM32U595ZIT6Q, STM32U595ZIY6QTR, STM32U595ZJT6, STM32U595ZJT6Q, STM32U595ZJY6QTR, STM32U599BJY6QTR, STM32U599NIH6Q, STM32U599NJH6Q, STM32U599VIT6Q, STM32U599VJT6, STM32U599VJT6Q, STM32U599ZIT6Q, STM32U599ZIY6QTR, STM32U599ZJT6Q, STM32U599ZJY6QTR, STM32U5A5AJH6, STM32U5A5AJH6Q, STM32U5A5QII3Q , STM32U5A5QJI6, STM32U5A5QJI6Q, STM32U5A5RJT6, STM32U5A5RJT6Q, STM32U5A5VJT6, STM32U5A5VJT6Q, STM32U5A5ZJT6, STM32U5A5ZJT6Q, STM32U5A5ZJY6QTR, STM32U5A9BJY6QTR, STM32U5A9J-DK, STM32U5A9NJH6Q, STM32U5A9VJT6Q, STM32U5A9ZJT6Q, STM32U5A9ZJY6QTR, STM32U5F7VIT6, STM32U5F7VIT6Q, STM32U5F7VJT6, STM32U5F7VJT6Q, STM32U5F9BJY6QTR, STM32U5F9NJH6Q, STM32U5F9VIT6Q, STM32U5F9VJT6Q, STM32U5F9ZIJ6QTR, STM32U5F9ZIT6Q, STM32U5F9ZJJ6QTR, STM32U5F9ZJT6Q, STM32U5G7VJT6, STM32U5G7VJT6Q, STM32U5G9BJY6QTR, STM32U5G9J-DK1, STM32U5G9J-DK2, STM32U5G9NJH6Q, STM32U5G9VJT6Q, STM32U5G9ZJJ6QTR, STM32U5G9ZJT6Q, STM32WB05KZV6TR, STM32WB05KZV7TR, STM32WB05TZF6TR, STM32WB05TZF7TR, STM32WB06CCF6TR, STM32WB06CCF7TR, STM32WB06CCV6TR, STM32WB06CCV7TR, STM32WB06KCV6TR, STM32WB06KCV7TR, STM32WB07CCF6TR, STM32WB07CCF7TR, STM32WB07CCV6TR, STM32WB07CCV7TR, STM32WB07KCV6TR, STM32WB07KCV7TR, STM32WB09KEV6TR, STM32WB09KEV7TR, STM32WB09TEF6TR, STM32WB09TEF7TR, STM32WB1MMCH6, STM32WBA50KGU6, STM32WBA50KGU6TR, STM32WBA52CEU6, STM32WBA52CEU6TR, STM32WBA52CEU7, STM32WBA52CEU7TR, STM32WBA52CGU6, STM32WBA52CGU6TR, STM32WBA52CGU6U, STM32WBA52CGU7, STM32WBA52CGU7TR, STM32WBA52KEU6, STM32WBA52KEU6TR, STM32WBA52KGU6, STM32WBA52KGU6TR, STM32WBA54CEU6, STM32WBA54CEU6TR, STM32WBA54CEU7, STM32WBA54CEU7TR, STM32WBA54CGU6, STM32WBA54CGU6TR, STM32WBA54CGU7, STM32WBA54CGU7TR, STM32WBA54KEU6, STM32WBA54KEU6TR, STM32WBA54KEU7, STM32WBA54KEU7TR, STM32WBA54KGU6, STM32WBA54KGU6TR, STM32WBA54KGU7, STM32WBA54KGU7TR, STM32WBA55CEU6, STM32WBA55CEU6TR, STM32WBA55CEU7, STM32WBA55CEU7TR, STM32WBA55CGU6, STM32WBA55CGU6TR, STM32WBA55CGU6U, STM32WBA55CGU7, STM32WBA55CGU7TR, STM32WBA55G-DK1, STM32WBA55HEF6, STM32WBA55HEF7, STM32WBA55HGF6, STM32WBA55HGF7, STM32WBA55UEI6, STM32WBA55UEI6TR, STM32WBA55UEI7, STM32WBA55UEI7TR, STM32WBA55UGI6, STM32WBA55UGI6TR, STM32WBA55UGI7, STM32WBA55UGI7TR, STM32WBA5MJGH6TR, STM32WBA62CGU6, STM32WBA62CIU6, STM32WBA62MGF6, STM32WBA62MIF6, STM32WBA62PGI6, STM32WBA62PII6, STM32WBA63CGU6, STM32WBA63CGU7, STM32WBA63CIU6, STM32WBA63CIU7, STM32WBA64CGU6, STM32WBA64CGU7, STM32WBA64CIU6, STM32WBA64CIU7, STM32WBA65CGU6, STM32WBA65CGU7, STM32WBA65CIU6, STM32WBA65CIU7, STM32WBA65I-DK1, STM32WBA65MGF6, STM32WBA65MGF7, STM32WBA65MIF6, STM32WBA65MIF7, STM32WBA65PGI6, STM32WBA65PGI7, STM32WBA65PII6, STM32WBA65PII7, STM32WBA65RGV6, STM32WBA65RGV7, STM32WBA65RIV6, STM32WBA65RIV7, STM32WL30K8V6, STM32WL30KBV6, STM32WL31C8V6, STM32WL31CBV6, STM32WL31K8V6, STM32WL31KBV6, STM32WL33C8V6, STM32WL33C8V6TR, STM32WL33C8V7, STM32WL33C8V7TR, STM32WL33CBV6, STM32WL33CBV6TR, STM32WL33CBV7, STM32WL33CBV7TR, STM32WL33CCV6, STM32WL33CCV6TR, STM32WL33CCV7, STM32WL33CCV7A, STM32WL33CCV7ATR, STM32WL33CCV7TR, STM32WL33K8V6, STM32WL33K8V6TR, STM32WL33K8V7, STM32WL33K8V7TR, STM32WL33KBV6, STM32WL33KBV6TR, STM32WL33KBV7, STM32WL33KBV7TR, STM32WL33KCV6, STM32WL33KCV6TR, STM32WL33KCV7, STM32WL33KCV7TR, STM32WL5MOCH6, STM32WL5MOCH6TR]
2025-06-26 16:12:46,139 [INFO] DbMcus:218 - Found 4686 MCUs, 4686 are supported
2025-06-26 16:12:46,147 [INFO] ApiDb:423 - Load user favorites file C:\Users\marcv/.stm32cubeide/favorites.mcus.txt: 1 item(s)
2025-06-26 16:12:46,147 [INFO] ApiDb:427 - User favorites MCUs=[STM32H750VBT6]
2025-06-26 16:12:46,147 [INFO] DbMcus:224 - Set 1 / 1 favorites MCUs
2025-06-26 16:12:46,668 [INFO] ApiDb:423 - Load user favorites file C:\Users\marcv/.stm32cubeide/favorites.boards.txt: 0 item(s)
2025-06-26 16:12:46,668 [INFO] ApiDb:427 - User favorites Boards=[]
2025-06-26 16:12:46,668 [INFO] DbBoards:198 - Set 0 / 0 favorites Boards
2025-06-26 16:12:46,708 [INFO] UtilMem:75 - End LoadConfig() Used Memory: 911306296 Bytes (1073741824)
2025-06-26 16:12:46,873 [WARN] ThirdParty:833 - waiting for thirdparty lock release [change project]
2025-06-26 16:12:46,873 [INFO] ThirdParty:835 - entering critical section [change project]
2025-06-26 16:12:46,873 [INFO] ThirdParty:1030 - CMSIS Pack Vendor :STMicroelectronics X-CUBE-PM33A1 1.0.0
2025-06-26 16:12:46,873 [INFO] ThirdParty:1030 - CMSIS Pack Vendor :STMicroelectronics USBPD 4.1
2025-06-26 16:12:46,873 [INFO] ThirdParty:1030 - CMSIS Pack Vendor :STMicroelectronics X-CUBE-AZRTOS-H7 3.3.0
2025-06-26 16:12:46,874 [INFO] ThirdParty:1030 - CMSIS Pack Vendor :STMicroelectronics X-CUBE-NFC9 1.0.0
2025-06-26 16:12:46,874 [INFO] ThirdParty:1030 - CMSIS Pack Vendor :STMicroelectronics USB_HOST 2.0.0
2025-06-26 16:12:46,874 [INFO] ThirdParty:1030 - CMSIS Pack Vendor :STMicroelectronics FP-SNS-MOTENVWB1 1.4.0
2025-06-26 16:12:46,874 [INFO] ThirdParty:1030 - CMSIS Pack Vendor :STMicroelectronics X-CUBE-AZRTOS-F4 1.1.0
2025-06-26 16:12:46,874 [INFO] ThirdParty:1030 - CMSIS Pack Vendor :STMicroelectronics LIBJPEG 8.0.0
2025-06-26 16:12:46,874 [INFO] ThirdParty:1030 - CMSIS Pack Vendor :STMicroelectronics FP-ATR-ASTRA1 2.0.2
2025-06-26 16:12:46,874 [INFO] ThirdParty:1030 - CMSIS Pack Vendor :STMicroelectronics X-CUBE-BLE1 7.1.0
2025-06-26 16:12:46,874 [INFO] ThirdParty:1030 - CMSIS Pack Vendor :Avnet-IotConnect X-CUBE-IoTC-DA16k-PMOD 1.0.0
2025-06-26 16:12:46,874 [INFO] ThirdParty:1030 - CMSIS Pack Vendor :STMicroelectronics X-CUBE-SMBUS 2.1.0
2025-06-26 16:12:46,874 [INFO] ThirdParty:1030 - CMSIS Pack Vendor :STMicroelectronics X-CUBE-WB05N 1.1.0
2025-06-26 16:12:46,874 [INFO] ThirdParty:1030 - CMSIS Pack Vendor :wolfSSL I-CUBE-wolfMQTT 1.19.2
2025-06-26 16:12:46,874 [INFO] ThirdParty:1030 - CMSIS Pack Vendor :STMicroelectronics USB_DEVICE 3.0.0
2025-06-26 16:12:46,874 [INFO] ThirdParty:1030 - CMSIS Pack Vendor :STMicroelectronics X-CUBE-ISPU 2.1.0
2025-06-26 16:12:46,874 [INFO] ThirdParty:1030 - CMSIS Pack Vendor :STMicroelectronics X-CUBE-AZRTOS-WB 2.0.0
2025-06-26 16:12:46,874 [INFO] ThirdParty:1030 - CMSIS Pack Vendor :STMicroelectronics X-CUBE-ST60 1.0.0
2025-06-26 16:12:46,874 [INFO] ThirdParty:1030 - CMSIS Pack Vendor :STMicroelectronics X-CUBE-GNSS1 7.0.1
2025-06-26 16:12:46,874 [INFO] ThirdParty:1030 - CMSIS Pack Vendor :STMicroelectronics X-CUBE-AZRTOS-F7 1.1.0
2025-06-26 16:12:46,874 [INFO] ThirdParty:1030 - CMSIS Pack Vendor :STMicroelectronics X-CUBE-AZRTOS-L5 2.0.0
2025-06-26 16:12:46,874 [INFO] ThirdParty:1030 - CMSIS Pack Vendor :STMicroelectronics X-CUBE-TOUCHGFX 4.25.0
2025-06-26 16:12:46,874 [INFO] ThirdParty:1030 - CMSIS Pack Vendor :STMicroelectronics USB_DEVICE 2.0.0
2025-06-26 16:12:46,874 [INFO] ThirdParty:1030 - CMSIS Pack Vendor :STMicroelectronics X-CUBE-NFC6 3.1.0
2025-06-26 16:12:46,874 [INFO] ThirdParty:1030 - CMSIS Pack Vendor :STMicroelectronics X-CUBE-AI 10.1.0
2025-06-26 16:12:46,874 [INFO] ThirdParty:1030 - CMSIS Pack Vendor :STMicroelectronics FP-SNS-STBOX1 2.0.0
2025-06-26 16:12:46,874 [INFO] ThirdParty:1030 - CMSIS Pack Vendor :STMicroelectronics X-CUBE-MEMS1 11.2.0
2025-06-26 16:12:46,874 [INFO] ThirdParty:1030 - CMSIS Pack Vendor :STMicroelectronics FreeRTOS 0.0.1
2025-06-26 16:12:46,875 [INFO] ThirdParty:1030 - CMSIS Pack Vendor :STMicroelectronics X-CUBE-AZRTOS-G0 1.1.0
2025-06-26 16:12:46,875 [INFO] ThirdParty:1030 - CMSIS Pack Vendor :STMicroelectronics X-CUBE-SAFEA1 1.2.2
2025-06-26 16:12:46,875 [INFO] ThirdParty:1030 - CMSIS Pack Vendor :STMicroelectronics X-CUBE-NFC4 3.0.0
2025-06-26 16:12:46,875 [INFO] ThirdParty:1030 - CMSIS Pack Vendor :STMicroelectronics X-CUBE-DPower 1.2.0
2025-06-26 16:12:46,875 [INFO] ThirdParty:1030 - CMSIS Pack Vendor :STMicroelectronics X-CUBE-SUBG2 5.0.0
2025-06-26 16:12:46,875 [INFO] ThirdParty:1030 - CMSIS Pack Vendor :STMicroelectronics X-CUBE-AZRTOS-H7RS 1.1.0
2025-06-26 16:12:46,875 [INFO] ThirdParty:1030 - CMSIS Pack Vendor :STMicroelectronics STM32_WPAN 1.0.0
2025-06-26 16:12:46,875 [INFO] ThirdParty:1030 - CMSIS Pack Vendor :EmbeddedOffice I-CUBE-FS-RTOS 1.0.1
2025-06-26 16:12:46,875 [INFO] ThirdParty:1030 - CMSIS Pack Vendor :STMicroelectronics lwIP 2.0.3
2025-06-26 16:12:46,875 [INFO] ThirdParty:1030 - CMSIS Pack Vendor :STMicroelectronics FP-SNS-FLIGHT1 5.0.2
2025-06-26 16:12:46,875 [INFO] ThirdParty:1030 - CMSIS Pack Vendor :Cesanta I-CUBE-Mongoose 7.13.0
2025-06-26 16:12:46,875 [INFO] ThirdParty:1030 - CMSIS Pack Vendor :STMicroelectronics USB_HOST 1.0.0
2025-06-26 16:12:46,875 [INFO] ThirdParty:1030 - CMSIS Pack Vendor :Infineon AIROC-Wi-Fi-Bluetooth-STM32 1.7.0
2025-06-26 16:12:46,875 [INFO] ThirdParty:1030 - CMSIS Pack Vendor :STMicroelectronics X-CUBE-AZRTOS-G4 2.0.0
2025-06-26 16:12:46,875 [INFO] ThirdParty:1030 - CMSIS Pack Vendor :STMicroelectronics X-CUBE-WB05N 2.0.0
2025-06-26 16:12:46,875 [INFO] ThirdParty:1030 - CMSIS Pack Vendor :STMicroelectronics PDM2PCM 3.1.0
2025-06-26 16:12:46,875 [INFO] ThirdParty:1030 - CMSIS Pack Vendor :STMicroelectronics PDM2PCM 3.3.0
2025-06-26 16:12:46,875 [INFO] ThirdParty:1030 - CMSIS Pack Vendor :wolfSSL I-CUBE-wolfTPM 3.8.0
2025-06-26 16:12:46,875 [INFO] ThirdParty:1030 - CMSIS Pack Vendor :STMicroelectronics X-CUBE-DISPLAY 3.0.0
2025-06-26 16:12:46,875 [INFO] ThirdParty:1030 - CMSIS Pack Vendor :wolfSSL I-CUBE-wolfSSH 1.4.20
2025-06-26 16:12:46,876 [INFO] ThirdParty:1030 - CMSIS Pack Vendor :STMicroelectronics X-CUBE-NFC7 2.0.0
2025-06-26 16:12:46,876 [INFO] ThirdParty:1030 - CMSIS Pack Vendor :STMicroelectronics X-CUBE-TCPP 4.2.0
2025-06-26 16:12:46,876 [INFO] ThirdParty:1030 - CMSIS Pack Vendor :RealThread X-CUBE-RT-Thread_Nano 4.1.1
2025-06-26 16:12:46,876 [INFO] ThirdParty:1030 - CMSIS Pack Vendor :STMicroelectronics FP-ATR-SIGFOX1 3.2.0
2025-06-26 16:12:46,876 [INFO] ThirdParty:1030 - CMSIS Pack Vendor :STMicroelectronics X-CUBE-NFC10 1.0.0
2025-06-26 16:12:46,876 [INFO] ThirdParty:1030 - CMSIS Pack Vendor :STMicroelectronics X-CUBE-BLEMGR 4.0.0
2025-06-26 16:12:46,876 [INFO] ThirdParty:1030 - CMSIS Pack Vendor :STMicroelectronics X-CUBE-EEPRMA1 5.1.0
2025-06-26 16:12:46,876 [INFO] ThirdParty:1030 - CMSIS Pack Vendor :STMicroelectronics X-CUBE-FREERTOS 1.3.1
2025-06-26 16:12:46,876 [INFO] ThirdParty:1030 - CMSIS Pack Vendor :STMicroelectronics HAL Drivers 0.0.0
2025-06-26 16:12:46,876 [INFO] ThirdParty:1030 - CMSIS Pack Vendor :STMicroelectronics MBEDTLS 2.16.2
2025-06-26 16:12:46,876 [INFO] ThirdParty:1030 - CMSIS Pack Vendor :STMicroelectronics X-CUBE-IPS 3.1.0
2025-06-26 16:12:46,876 [INFO] ThirdParty:1030 - CMSIS Pack Vendor :STMicroelectronics X-CUBE-ALS 1.0.2
2025-06-26 16:12:46,876 [INFO] ThirdParty:1030 - CMSIS Pack Vendor :emotas I-CUBE-CANOPEN 1.3.0
2025-06-26 16:12:46,876 [INFO] ThirdParty:1030 - CMSIS Pack Vendor :STMicroelectronics X-CUBE-FREERTOS 1.3.0
2025-06-26 16:12:46,876 [INFO] ThirdParty:1030 - CMSIS Pack Vendor :STMicroelectronics X-CUBE-NFC7 1.0.1
2025-06-26 16:12:46,876 [INFO] ThirdParty:1030 - CMSIS Pack Vendor :STMicroelectronics MBEDTLS 2.14.1
2025-06-26 16:12:46,876 [INFO] ThirdParty:1030 - CMSIS Pack Vendor :wolfSSL I-CUBE-wolfSSL 5.7.6
2025-06-26 16:12:46,876 [INFO] ThirdParty:1030 - CMSIS Pack Vendor :ITTIA_DB I-CUBE-ITTIADB 8.9.0
2025-06-26 16:12:46,877 [INFO] ThirdParty:1030 - CMSIS Pack Vendor :STMicroelectronics X-CUBE-TOUCHGFX 4.24.2
2025-06-26 16:12:46,877 [INFO] ThirdParty:1030 - CMSIS Pack Vendor :portGmbH I-Cube-SoM-uGOAL 1.1.0
2025-06-26 16:12:46,877 [INFO] ThirdParty:1030 - CMSIS Pack Vendor :quantropi X-CUBE-qispace-sdk-base 2.0.0
2025-06-26 16:12:46,877 [INFO] ThirdParty:1030 - CMSIS Pack Vendor :STMicroelectronics X-CUBE-AI 10.0.0
2025-06-26 16:12:46,877 [INFO] ThirdParty:1030 - CMSIS Pack Vendor :STMicroelectronics X-CUBE-ST67W61 1.0.0
2025-06-26 16:12:46,877 [INFO] ThirdParty:1030 - CMSIS Pack Vendor :STMicroelectronics FP-SNS-STAIOTCFT 1.0.0
2025-06-26 16:12:46,877 [INFO] ThirdParty:1030 - CMSIS Pack Vendor :STMicroelectronics ThreadX 1.0.0
2025-06-26 16:12:46,877 [INFO] ThirdParty:1030 - CMSIS Pack Vendor :STMicroelectronics FP-SNS-SMARTAG2 1.2.0
2025-06-26 16:12:46,877 [INFO] ThirdParty:1030 - CMSIS Pack Vendor :STMicroelectronics FP-SNS-FLIGHT1 5.1.0
2025-06-26 16:12:46,877 [INFO] ThirdParty:1030 - CMSIS Pack Vendor :STMicroelectronics X-CUBE-MEMS1 11.1.0
2025-06-26 16:12:46,877 [INFO] ThirdParty:1030 - CMSIS Pack Vendor :STMicroelectronics X-CUBE-AZRTOS-WL 2.0.0
2025-06-26 16:12:46,877 [INFO] ThirdParty:1030 - CMSIS Pack Vendor :SEGGER I-CUBE-embOS 1.3.1
2025-06-26 16:12:46,877 [INFO] ThirdParty:1030 - CMSIS Pack Vendor :STMicroelectronics X-CUBE-ALGOBUILD 1.4.0
2025-06-26 16:12:46,877 [INFO] ThirdParty:1030 - CMSIS Pack Vendor :STMicroelectronics X-CUBE-DPower 1.3.0
2025-06-26 16:12:46,877 [INFO] ThirdParty:1030 - CMSIS Pack Vendor :STMicroelectronics X-CUBE-MEMS1 11.3.0
2025-06-26 16:12:46,877 [INFO] ThirdParty:1030 - CMSIS Pack Vendor :STMicroelectronics FP-SNS-MOTENV1 5.0.0
2025-06-26 16:12:46,877 [INFO] ThirdParty:1030 - CMSIS Pack Vendor :STMicroelectronics USB_DEVICE 1.0.0
2025-06-26 16:12:46,877 [INFO] ThirdParty:1030 - CMSIS Pack Vendor :STMicroelectronics X-CUBE-AZRTOS-H7RS 1.0.0
2025-06-26 16:12:46,877 [INFO] ThirdParty:1030 - CMSIS Pack Vendor :STMicroelectronics X-CUBE-AZRTOS-L4 2.0.0
2025-06-26 16:12:46,877 [INFO] ThirdParty:1030 - CMSIS Pack Vendor :STMicroelectronics ThreadX 0.0.2
2025-06-26 16:12:46,877 [INFO] ThirdParty:1030 - CMSIS Pack Vendor :WES I-CUBE-Cesium 1.3.0
2025-06-26 16:12:46,877 [INFO] ThirdParty:1030 - CMSIS Pack Vendor :STMicroelectronics lwIP 2.1.2
2025-06-26 16:12:46,877 [INFO] ThirdParty:1030 - CMSIS Pack Vendor :STMicroelectronics X-CUBE-SFXS2LP1 4.0.0
2025-06-26 16:12:46,877 [INFO] ThirdParty:1030 - CMSIS Pack Vendor :STMicroelectronics X-CUBE-BLE2 3.3.0
2025-06-26 16:12:46,878 [INFO] ThirdParty:1030 - CMSIS Pack Vendor :STMicroelectronics X-CUBE-TOF1 3.4.2
2025-06-26 16:12:46,878 [INFO] ThirdParty:1030 - CMSIS Pack Vendor :STMicroelectronics X-CUBE-TOF1 3.4.3
2025-06-26 16:12:46,878 [INFO] ThirdParty:1030 - CMSIS Pack Vendor :STMicroelectronics PDM2PCM 3.2.0
2025-06-26 16:12:46,878 [INFO] ThirdParty:841 - exiting critical section [change project]
2025-06-26 16:12:47,629 [INFO] PinOutPanel:1589 - setPackage(No Configuration,No Configuration)
2025-06-26 16:12:47,631 [INFO] PinOutPanel:1589 - setPackage(STM32H743VITx,LQFP100)
2025-06-26 16:12:48,997 [INFO] UtilMem:75 - Before build in PCC Used Memory: 888935264 Bytes (1073741824)
2025-06-26 16:12:49,911 [INFO] UtilMem:75 - After build in PCC Used Memory: 1002181472 Bytes (1073741824)
2025-06-26 16:12:50,009 [INFO] ApiDbMcu:508 - Load IP Config File for FREERTOS
2025-06-26 16:12:50,100 [INFO] IPUIPlugin:80 - create IPUIPlugin
2025-06-26 16:12:50,100 [INFO] IPUIPlugin:80 - create IPUIPlugin
2025-06-26 16:12:50,100 [INFO] IPUIPlugin:80 - create IPUIPlugin
2025-06-26 16:12:50,101 [INFO] IPUIPlugin:80 - create IPUIPlugin
2025-06-26 16:12:50,101 [INFO] IPUIPlugin:80 - create IPUIPlugin
2025-06-26 16:12:50,101 [INFO] IPUIPlugin:80 - create IPUIPlugin
2025-06-26 16:12:50,101 [INFO] IPUIPlugin:80 - create IPUIPlugin
2025-06-26 16:12:50,101 [INFO] IPUIPlugin:80 - create IPUIPlugin
2025-06-26 16:12:50,101 [INFO] IPUIPlugin:80 - create IPUIPlugin
2025-06-26 16:12:50,101 [INFO] IPUIPlugin:80 - create IPUIPlugin
2025-06-26 16:12:50,101 [INFO] IPUIPlugin:80 - create IPUIPlugin
2025-06-26 16:12:50,101 [INFO] IPUIPlugin:80 - create IPUIPlugin
2025-06-26 16:12:50,102 [INFO] IPUIPlugin:80 - create IPUIPlugin
2025-06-26 16:12:50,102 [INFO] IPUIPlugin:80 - create IPUIPlugin
2025-06-26 16:12:50,102 [INFO] IPUIPlugin:80 - create IPUIPlugin
2025-06-26 16:12:50,102 [INFO] IPUIPlugin:80 - create IPUIPlugin
2025-06-26 16:12:50,102 [INFO] IPUIPlugin:80 - create IPUIPlugin
2025-06-26 16:12:50,102 [INFO] IPUIPlugin:80 - create IPUIPlugin
2025-06-26 16:12:50,102 [INFO] IPUIPlugin:80 - create IPUIPlugin
2025-06-26 16:12:50,103 [INFO] IPUIPlugin:80 - create IPUIPlugin
2025-06-26 16:12:50,103 [INFO] IPUIPlugin:80 - create IPUIPlugin
2025-06-26 16:12:50,104 [INFO] IPUIPlugin:80 - create IPUIPlugin
2025-06-26 16:12:50,104 [INFO] IPUIPlugin:80 - create IPUIPlugin
2025-06-26 16:12:50,104 [INFO] IPUIPlugin:80 - create IPUIPlugin
2025-06-26 16:12:50,104 [INFO] IPUIPlugin:80 - create IPUIPlugin
2025-06-26 16:12:50,105 [INFO] IPUIPlugin:80 - create IPUIPlugin
2025-06-26 16:12:50,105 [INFO] IPUIPlugin:80 - create IPUIPlugin
2025-06-26 16:12:50,105 [INFO] IPUIPlugin:80 - create IPUIPlugin
2025-06-26 16:12:50,105 [INFO] IPUIPlugin:80 - create IPUIPlugin
2025-06-26 16:12:50,105 [INFO] IPUIPlugin:80 - create IPUIPlugin
2025-06-26 16:12:50,105 [INFO] IPUIPlugin:80 - create IPUIPlugin
2025-06-26 16:12:50,106 [INFO] IPUIPlugin:80 - create IPUIPlugin
2025-06-26 16:12:50,106 [INFO] IPUIPlugin:80 - create IPUIPlugin
2025-06-26 16:12:50,106 [INFO] IPUIPlugin:80 - create IPUIPlugin
2025-06-26 16:12:50,106 [INFO] IPUIPlugin:80 - create IPUIPlugin
2025-06-26 16:12:50,107 [INFO] IPUIPlugin:80 - create IPUIPlugin
2025-06-26 16:12:50,107 [INFO] IPUIPlugin:80 - create IPUIPlugin
2025-06-26 16:12:50,107 [INFO] IPUIPlugin:80 - create IPUIPlugin
2025-06-26 16:12:50,107 [INFO] IPUIPlugin:80 - create IPUIPlugin
2025-06-26 16:12:50,107 [INFO] IPUIPlugin:80 - create IPUIPlugin
2025-06-26 16:12:50,108 [INFO] IPUIPlugin:80 - create IPUIPlugin
2025-06-26 16:12:50,108 [INFO] IPUIPlugin:80 - create IPUIPlugin
2025-06-26 16:12:50,108 [INFO] IPUIPlugin:80 - create IPUIPlugin
2025-06-26 16:12:50,108 [INFO] IPUIPlugin:80 - create IPUIPlugin
2025-06-26 16:12:50,109 [INFO] IPUIPlugin:80 - create IPUIPlugin
2025-06-26 16:12:50,109 [INFO] IPUIPlugin:80 - create IPUIPlugin
2025-06-26 16:12:50,109 [INFO] IPUIPlugin:80 - create IPUIPlugin
2025-06-26 16:12:50,109 [INFO] IPUIPlugin:80 - create IPUIPlugin
2025-06-26 16:12:50,109 [INFO] IPUIPlugin:80 - create IPUIPlugin
2025-06-26 16:12:50,110 [INFO] IPUIPlugin:80 - create IPUIPlugin
2025-06-26 16:12:50,110 [INFO] IPUIPlugin:80 - create IPUIPlugin
2025-06-26 16:12:50,111 [INFO] IPUIPlugin:80 - create IPUIPlugin
2025-06-26 16:12:50,111 [INFO] IPUIPlugin:80 - create IPUIPlugin
2025-06-26 16:12:50,111 [INFO] IPUIPlugin:80 - create IPUIPlugin
2025-06-26 16:12:50,112 [INFO] IPUIPlugin:80 - create IPUIPlugin
2025-06-26 16:12:50,112 [INFO] IPUIPlugin:80 - create IPUIPlugin
2025-06-26 16:12:50,112 [INFO] IPUIPlugin:80 - create IPUIPlugin
2025-06-26 16:12:50,113 [INFO] IPUIPlugin:80 - create IPUIPlugin
2025-06-26 16:12:50,113 [INFO] IPUIPlugin:80 - create IPUIPlugin
2025-06-26 16:12:50,113 [INFO] IPUIPlugin:80 - create IPUIPlugin
2025-06-26 16:12:50,113 [INFO] IPUIPlugin:80 - create IPUIPlugin
2025-06-26 16:12:50,114 [INFO] IPUIPlugin:80 - create IPUIPlugin
2025-06-26 16:12:50,114 [INFO] IPUIPlugin:80 - create IPUIPlugin
2025-06-26 16:12:50,114 [INFO] IPUIPlugin:80 - create IPUIPlugin
2025-06-26 16:12:50,115 [INFO] IPUIPlugin:80 - create IPUIPlugin
2025-06-26 16:12:50,115 [INFO] IPUIPlugin:80 - create IPUIPlugin
2025-06-26 16:12:50,115 [INFO] IPUIPlugin:80 - create IPUIPlugin
2025-06-26 16:12:50,116 [INFO] IPUIPlugin:80 - create IPUIPlugin
2025-06-26 16:12:50,116 [INFO] IPUIPlugin:80 - create IPUIPlugin
2025-06-26 16:12:50,117 [INFO] IPUIPlugin:80 - create IPUIPlugin
2025-06-26 16:12:50,117 [INFO] IPUIPlugin:80 - create IPUIPlugin
2025-06-26 16:12:50,118 [INFO] IPUIPlugin:80 - create IPUIPlugin
2025-06-26 16:12:50,118 [INFO] IPUIPlugin:80 - create IPUIPlugin
2025-06-26 16:12:50,119 [INFO] IPUIPlugin:80 - create IPUIPlugin
2025-06-26 16:12:50,119 [INFO] IPUIPlugin:80 - create IPUIPlugin
2025-06-26 16:12:50,120 [INFO] IPUIPlugin:80 - create IPUIPlugin
2025-06-26 16:12:50,120 [INFO] IPUIPlugin:80 - create IPUIPlugin
2025-06-26 16:12:50,121 [INFO] IPUIPlugin:80 - create IPUIPlugin
2025-06-26 16:12:50,121 [INFO] IPUIPlugin:80 - create IPUIPlugin
2025-06-26 16:12:50,122 [INFO] IPUIPlugin:80 - create IPUIPlugin
2025-06-26 16:12:50,122 [INFO] IPUIPlugin:80 - create IPUIPlugin
2025-06-26 16:12:50,123 [INFO] IPUIPlugin:80 - create IPUIPlugin
2025-06-26 16:12:50,124 [INFO] IPUIPlugin:80 - create IPUIPlugin
2025-06-26 16:12:50,126 [INFO] IPUIPlugin:80 - create IPUIPlugin
2025-06-26 16:12:50,127 [INFO] IPUIPlugin:80 - create IPUIPlugin
2025-06-26 16:12:50,127 [INFO] IPUIPlugin:80 - create IPUIPlugin
2025-06-26 16:12:50,128 [INFO] IPUIPlugin:80 - create IPUIPlugin
2025-06-26 16:12:50,128 [INFO] IPUIPlugin:80 - create IPUIPlugin
2025-06-26 16:12:50,129 [INFO] IPUIPlugin:80 - create IPUIPlugin
2025-06-26 16:12:50,129 [INFO] IPUIPlugin:80 - create IPUIPlugin
2025-06-26 16:12:50,129 [INFO] IPUIPlugin:80 - create IPUIPlugin
2025-06-26 16:12:50,130 [INFO] IPUIPlugin:80 - create IPUIPlugin
2025-06-26 16:12:50,130 [INFO] IPUIPlugin:80 - create IPUIPlugin
2025-06-26 16:12:50,131 [INFO] IPUIPlugin:80 - create IPUIPlugin
2025-06-26 16:12:50,132 [INFO] IPUIPlugin:80 - create IPUIPlugin
2025-06-26 16:12:50,133 [INFO] IPUIPlugin:80 - create IPUIPlugin
2025-06-26 16:12:50,133 [INFO] IPUIPlugin:80 - create IPUIPlugin
2025-06-26 16:12:50,169 [INFO] ApiDbMcu:508 - Load IP Config File for PDM2PCM
2025-06-26 16:12:50,225 [WARN] FreeRTOS:1023 - Null or empty value: should not occur! (nothing added to the table)
2025-06-26 16:12:50,486 [INFO] CADModel:165 - CPN selected for project levelSTM32H743VIT6
2025-06-26 16:12:50,486 [INFO] CADModel:114 - Register for checkConnection events
2025-06-26 16:12:50,489 [INFO] RtosManager:725 - Active RTOS found at IOC load: FREERTOS [Cortex-M7NS]
2025-06-26 16:12:50,536 [INFO] OpenFileManager:385 - Restore cursor
2025-06-26 16:32:55,630 [ERROR] LogOutputStream:75 - [STDERR_REDIRECT] 
2025-06-26 16:33:14,375 [INFO] Activator:176 - 


2025-06-26 16:33:14,377 [INFO] Activator:177 - !SESSION log4j initialized
2025-06-26 16:33:19,022 [INFO] LogOutputStream:77 - [STDOUT_REDIRECT] 
2025-06-26 16:33:24,580 [INFO] ApplicationProperties:184 - Using Application install path: C:\ST\STM32CubeIDE_1.18.0\STM32CubeIDE\plugins\com.st.stm32cube.common.mx_6.14.0.202502271554
2025-06-26 16:33:24,593 [INFO] DbMcusXml:78 - Set database path to: C:\ST\STM32CubeIDE_1.18.0\STM32CubeIDE\plugins\com.st.stm32cube.common.mx_6.14.0.202502271554\\db\/mcu/
2025-06-26 16:33:24,594 [INFO] ApiDb:274 - Set plugin database path to: C:\ST\STM32CubeIDE_1.18.0\STM32CubeIDE\plugins\com.st.stm32cube.common.mx_6.14.0.202502271554\\db\/plugins/boardmanager/
2025-06-26 16:33:24,594 [WARN] ApiDb:259 - Overriding images path with different value:  => C:\ST\STM32CubeIDE_1.18.0\STM32CubeIDE\plugins\com.st.stm32cube.common.mx_6.14.0.202502271554\\db\/plugins/mcufinder/images/
2025-06-26 16:33:24,598 [INFO] ApiDb:250 - Set database path to: C:\Users\marcv\.stmcufinder\plugins\mcufinder//mcu/
2025-06-26 16:33:24,599 [INFO] DbMcusAds:125 - Set database path to: C:\Users\marcv\.stmcufinder\plugins\mcufinder//mcu/
2025-06-26 16:33:24,601 [INFO] CrossReferenceDbSqlite:203 - Set database path to: C:\Users\marcv\.stmcufinder\plugins\mcufinder//mcu/cs/
2025-06-26 16:33:24,688 [INFO] RulesReader:64 - Compatibility file has been processed (301 Rules)
2025-06-26 16:33:24,746 [INFO] DbMcusXml:78 - Set database path to: C:\ST\STM32CubeIDE_1.18.0\STM32CubeIDE\plugins\com.st.stm32cube.common.mx_6.14.0.202502271554\\db\/mcu/
2025-06-26 16:33:24,746 [INFO] ApiDb:274 - Set plugin database path to: C:\ST\STM32CubeIDE_1.18.0\STM32CubeIDE\plugins\com.st.stm32cube.common.mx_6.14.0.202502271554\\db\/plugins/boardmanager/
2025-06-26 16:33:24,746 [INFO] ApiDb:261 - Set plugin images path to: C:\ST\STM32CubeIDE_1.18.0\STM32CubeIDE\plugins\com.st.stm32cube.common.mx_6.14.0.202502271554\\db\/plugins/mcufinder/images/
2025-06-26 16:33:24,746 [WARN] DbFile:41 - Overriding database path with different value: C:\Users\marcv\.stmcufinder\plugins\mcufinder/ => C:\Users\marcv\.stmcufinder\plugins\mcufinder
2025-06-26 16:33:24,746 [INFO] ApiDb:250 - Set database path to: C:\Users\marcv\.stmcufinder\plugins\mcufinder//mcu/
2025-06-26 16:33:24,746 [WARN] DbFile:41 - Overriding database path with different value: C:\Users\marcv\.stmcufinder\plugins\mcufinder/ => C:\Users\marcv\.stmcufinder\plugins\mcufinder
2025-06-26 16:33:24,746 [INFO] DbMcusAds:125 - Set database path to: C:\Users\marcv\.stmcufinder\plugins\mcufinder//mcu/
2025-06-26 16:33:24,747 [WARN] DbFile:41 - Overriding database path with different value: C:\Users\marcv\.stmcufinder\plugins\mcufinder/ => C:\Users\marcv\.stmcufinder\plugins\mcufinder
2025-06-26 16:33:24,747 [WARN] DbFile:41 - Overriding database path with different value: C:\Users\marcv\.stmcufinder\plugins\mcufinder/ => C:\Users\marcv\.stmcufinder\plugins\mcufinder
2025-06-26 16:33:24,747 [INFO] CrossReferenceDbSqlite:203 - Set database path to: C:\Users\marcv\.stmcufinder\plugins\mcufinder//mcu/cs/
2025-06-26 16:33:24,798 [INFO] MainPanel:272 - HeapMemory: 268435456
2025-06-26 16:33:24,858 [INFO] DbMcusXml:78 - Set database path to: C:\ST\STM32CubeIDE_1.18.0\STM32CubeIDE\plugins\com.st.stm32cube.common.mx_6.14.0.202502271554\\db\/mcu/
2025-06-26 16:33:24,858 [INFO] ApiDb:274 - Set plugin database path to: C:\ST\STM32CubeIDE_1.18.0\STM32CubeIDE\plugins\com.st.stm32cube.common.mx_6.14.0.202502271554\\db\/plugins/boardmanager/
2025-06-26 16:33:24,858 [INFO] ApiDb:261 - Set plugin images path to: C:\ST\STM32CubeIDE_1.18.0\STM32CubeIDE\plugins\com.st.stm32cube.common.mx_6.14.0.202502271554\\db\/plugins/mcufinder/images/
2025-06-26 16:33:24,859 [WARN] DbFile:41 - Overriding database path with different value: C:\Users\marcv\.stmcufinder\plugins\mcufinder/ => C:\Users\marcv\.stmcufinder\plugins\mcufinder
2025-06-26 16:33:24,859 [INFO] ApiDb:250 - Set database path to: C:\Users\marcv\.stmcufinder\plugins\mcufinder//mcu/
2025-06-26 16:33:24,859 [WARN] DbFile:41 - Overriding database path with different value: C:\Users\marcv\.stmcufinder\plugins\mcufinder/ => C:\Users\marcv\.stmcufinder\plugins\mcufinder
2025-06-26 16:33:24,859 [INFO] DbMcusAds:125 - Set database path to: C:\Users\marcv\.stmcufinder\plugins\mcufinder//mcu/
2025-06-26 16:33:24,859 [WARN] DbFile:41 - Overriding database path with different value: C:\Users\marcv\.stmcufinder\plugins\mcufinder/ => C:\Users\marcv\.stmcufinder\plugins\mcufinder
2025-06-26 16:33:24,859 [WARN] DbFile:41 - Overriding database path with different value: C:\Users\marcv\.stmcufinder\plugins\mcufinder/ => C:\Users\marcv\.stmcufinder\plugins\mcufinder
2025-06-26 16:33:24,859 [INFO] CrossReferenceDbSqlite:203 - Set database path to: C:\Users\marcv\.stmcufinder\plugins\mcufinder//mcu/cs/
2025-06-26 16:33:24,872 [INFO] ApplicationProperties:184 - Using Application install path: C:\ST\STM32CubeIDE_1.18.0\STM32CubeIDE\plugins\com.st.stm32cube.common.mx_6.14.0.202502271554
2025-06-26 16:33:24,873 [INFO] PluginManage:196 - Search for loadable plugins [exclusion list=, ]
2025-06-26 16:33:24,874 [INFO] PluginManage:310 - Check plugin analytics
2025-06-26 16:33:29,546 [INFO] AnalyticsPlugin:253 - Accepted Software Licenses: 
2025-06-26 16:33:29,547 [INFO] AnalyticsPlugin:255 - Accepted CMSIS Pack Licenses: 
2025-06-26 16:33:29,547 [INFO] AnalyticsPlugin:257 - Accepted Firmware Licenses: FW.H7.1.12.0
2025-06-26 16:33:29,550 [INFO] PluginManage:359 - Loaded plugin analytics (category:tool,tabindex:-1)
2025-06-26 16:33:29,550 [INFO] PluginManage:310 - Check plugin cadmodel
2025-06-26 16:33:29,554 [INFO] CADModel:105 - Init CAD model plugin
2025-06-26 16:33:29,554 [INFO] PluginManage:359 - Loaded plugin cadmodel (category:power,tabindex:5)
2025-06-26 16:33:29,554 [INFO] PluginManage:310 - Check plugin clock
2025-06-26 16:33:29,563 [INFO] PluginManage:359 - Loaded plugin clock (category:base,tabindex:2)
2025-06-26 16:33:29,564 [INFO] PluginManage:310 - Check plugin ddr
2025-06-26 16:33:29,565 [INFO] PluginManage:359 - Loaded plugin ddr (category:tool,tabindex:6)
2025-06-26 16:33:29,566 [INFO] PluginManage:310 - Check plugin filemanager
2025-06-26 16:33:29,713 [INFO] PluginManage:359 - Loaded plugin filemanager (category:base,tabindex:10)
2025-06-26 16:33:29,714 [INFO] PluginManage:310 - Check plugin ipmanager
2025-06-26 16:33:29,721 [INFO] PluginManage:359 - Loaded plugin ipmanager (category:base,tabindex:5)
2025-06-26 16:33:29,721 [INFO] PluginManage:310 - Check plugin lpbam
2025-06-26 16:33:29,730 [INFO] PluginManage:359 - Loaded plugin lpbam (category:base,tabindex:0)
2025-06-26 16:33:29,730 [INFO] PluginManage:310 - Check plugin memorymap
2025-06-26 16:33:29,742 [INFO] PluginManage:359 - Loaded plugin memorymap (category:base,tabindex:4)
2025-06-26 16:33:29,742 [INFO] PluginManage:310 - Check plugin pinoutandconfiguration
2025-06-26 16:33:29,750 [INFO] PluginManage:359 - Loaded plugin pinoutandconfiguration (category:base,tabindex:1)
2025-06-26 16:33:29,750 [INFO] PluginManage:310 - Check plugin pinoutconfig
2025-06-26 16:33:29,827 [WARN] SupportedApi:132 - Cannot load RTOS API schema: s4s-elt-must-match.1: The content of 'definitions' must match (annotation?, (simpleType | complexType)?, (unique | key | keyref)*)). A problem was found starting at: attribute.
2025-06-26 16:33:29,964 [INFO] PluginManage:359 - Loaded plugin pinoutconfig (category:base,tabindex:0)
2025-06-26 16:33:29,965 [INFO] PluginManage:310 - Check plugin power
2025-06-26 16:33:29,973 [INFO] PluginManage:359 - Loaded plugin power (category:power,tabindex:4)
2025-06-26 16:33:29,973 [INFO] PluginManage:310 - Check plugin projectmanager
2025-06-26 16:33:29,987 [INFO] PluginManage:359 - Loaded plugin projectmanager (category:projectmanager,tabindex:4)
2025-06-26 16:33:29,987 [INFO] PluginManage:310 - Check plugin rif
2025-06-26 16:33:29,993 [INFO] PluginManage:359 - Loaded plugin rif (category:base,tabindex:3)
2025-06-26 16:33:29,993 [INFO] PluginManage:310 - Check plugin thirdparty
2025-06-26 16:33:30,152 [INFO] PluginManage:359 - Loaded plugin thirdparty (category:base,tabindex:-1)
2025-06-26 16:33:30,152 [INFO] PluginManage:310 - Check plugin tools
2025-06-26 16:33:30,152 [WARN] IntegrityCheckThread:84 - waiting for thirdparty lock release [integrity check]
2025-06-26 16:33:30,153 [INFO] IntegrityCheckThread:86 - entering critical section [integrity check]
2025-06-26 16:33:30,153 [INFO] ThirdPartyUpdaterWithRetryManager:70 - Updater plugin not ready yet. [1/15]
2025-06-26 16:33:30,156 [INFO] PluginManage:359 - Loaded plugin tools (category:base,tabindex:7)
2025-06-26 16:33:30,156 [INFO] PluginManage:310 - Check plugin tutovideos
2025-06-26 16:33:30,327 [INFO] PluginManage:359 - Loaded plugin tutovideos (category:base,tabindex:-1)
2025-06-26 16:33:30,328 [INFO] PluginManage:310 - Check plugin updater
2025-06-26 16:33:30,345 [INFO] PluginManage:359 - Loaded plugin updater (category:base,tabindex:12)
2025-06-26 16:33:30,345 [INFO] PluginManage:310 - Check plugin userauth
2025-06-26 16:33:30,348 [INFO] UserAuth:118 - Init User Auth plugin
2025-06-26 16:33:30,349 [INFO] PluginManage:359 - Loaded plugin userauth (category:base,tabindex:14)
2025-06-26 16:33:30,349 [INFO] PluginManage:283 - PluginManage : Loaded plugins [18]
2025-06-26 16:33:30,542 [INFO] PinOutPanel:1589 - setPackage(No Configuration,No Configuration)
2025-06-26 16:33:30,631 [INFO] CADModel:165 - CPN selected for project level
2025-06-26 16:33:30,631 [INFO] CADModel:114 - Register for checkConnection events
2025-06-26 16:33:30,647 [INFO] IPUIPlugin:80 - create IPUIPlugin
2025-06-26 16:33:30,648 [INFO] PluginManager:220 - loadIPPluginJar : add adc
2025-06-26 16:33:30,651 [INFO] IPUIPlugin:80 - create IPUIPlugin
2025-06-26 16:33:30,651 [INFO] PluginManager:220 - loadIPPluginJar : add aes
2025-06-26 16:33:30,653 [INFO] IPUIPlugin:80 - create IPUIPlugin
2025-06-26 16:33:30,654 [INFO] PluginManager:220 - loadIPPluginJar : add can
2025-06-26 16:33:30,655 [INFO] IPUIPlugin:80 - create IPUIPlugin
2025-06-26 16:33:30,655 [INFO] PluginManager:220 - loadIPPluginJar : add comp
2025-06-26 16:33:30,657 [INFO] IPUIPlugin:80 - create IPUIPlugin
2025-06-26 16:33:30,657 [INFO] PluginManager:220 - loadIPPluginJar : add cryp
2025-06-26 16:33:30,660 [INFO] IPUIPlugin:80 - create IPUIPlugin
2025-06-26 16:33:30,660 [INFO] PluginManager:220 - loadIPPluginJar : add ddr_ctrl_phy
2025-06-26 16:33:30,662 [INFO] IPUIPlugin:80 - create IPUIPlugin
2025-06-26 16:33:30,662 [INFO] PluginManager:220 - loadIPPluginJar : add dfsdm
2025-06-26 16:33:30,667 [INFO] IPUIPlugin:80 - create IPUIPlugin
2025-06-26 16:33:30,667 [INFO] PluginManager:220 - loadIPPluginJar : add dma
2025-06-26 16:33:30,669 [INFO] IPUIPlugin:80 - create IPUIPlugin
2025-06-26 16:33:30,670 [INFO] PluginManager:220 - loadIPPluginJar : add dma3
2025-06-26 16:33:30,672 [INFO] IPUIPlugin:80 - create IPUIPlugin
2025-06-26 16:33:30,672 [INFO] PluginManager:220 - loadIPPluginJar : add extmemmanager
2025-06-26 16:33:30,674 [INFO] IPUIPlugin:80 - create IPUIPlugin
2025-06-26 16:33:30,674 [INFO] PluginManager:220 - loadIPPluginJar : add fatfs
2025-06-26 16:33:30,678 [INFO] IPUIPlugin:80 - create IPUIPlugin
2025-06-26 16:33:30,678 [INFO] PluginManager:220 - loadIPPluginJar : add fmc
2025-06-26 16:33:30,683 [INFO] IPUIPlugin:80 - create IPUIPlugin
2025-06-26 16:33:30,683 [INFO] PluginManager:220 - loadIPPluginJar : add freertos
2025-06-26 16:33:30,685 [INFO] IPUIPlugin:80 - create IPUIPlugin
2025-06-26 16:33:30,686 [INFO] PluginManager:220 - loadIPPluginJar : add genericplugin
2025-06-26 16:33:30,689 [INFO] IPUIPlugin:80 - create IPUIPlugin
2025-06-26 16:33:30,689 [INFO] PluginManager:220 - loadIPPluginJar : add gfxmmu
2025-06-26 16:33:30,693 [INFO] IPUIPlugin:80 - create IPUIPlugin
2025-06-26 16:33:30,693 [INFO] PluginManager:220 - loadIPPluginJar : add gic
2025-06-26 16:33:30,697 [INFO] IPUIPlugin:80 - create IPUIPlugin
2025-06-26 16:33:30,697 [INFO] PluginManager:220 - loadIPPluginJar : add gpio
2025-06-26 16:33:30,700 [INFO] IPUIPlugin:80 - create IPUIPlugin
2025-06-26 16:33:30,700 [INFO] PluginManager:220 - loadIPPluginJar : add gtzc
2025-06-26 16:33:30,703 [INFO] IPUIPlugin:80 - create IPUIPlugin
2025-06-26 16:33:30,703 [INFO] PluginManager:220 - loadIPPluginJar : add hash
2025-06-26 16:33:30,706 [INFO] IPUIPlugin:80 - create IPUIPlugin
2025-06-26 16:33:30,706 [INFO] PluginManager:220 - loadIPPluginJar : add i2c
2025-06-26 16:33:30,709 [INFO] IPUIPlugin:80 - create IPUIPlugin
2025-06-26 16:33:30,709 [INFO] PluginManager:220 - loadIPPluginJar : add i2s
2025-06-26 16:33:30,712 [INFO] IPUIPlugin:80 - create IPUIPlugin
2025-06-26 16:33:30,712 [INFO] PluginManager:220 - loadIPPluginJar : add i3c
2025-06-26 16:33:30,715 [INFO] IPUIPlugin:80 - create IPUIPlugin
2025-06-26 16:33:30,716 [INFO] PluginManager:220 - loadIPPluginJar : add ipddr
2025-06-26 16:33:30,723 [INFO] IPUIPlugin:80 - create IPUIPlugin
2025-06-26 16:33:30,723 [INFO] PluginManager:220 - loadIPPluginJar : add linkedlist
2025-06-26 16:33:30,726 [INFO] IPUIPlugin:80 - create IPUIPlugin
2025-06-26 16:33:30,726 [INFO] PluginManager:220 - loadIPPluginJar : add lorawan
2025-06-26 16:33:30,729 [INFO] IPUIPlugin:80 - create IPUIPlugin
2025-06-26 16:33:30,729 [INFO] PluginManager:220 - loadIPPluginJar : add ltdc
2025-06-26 16:33:30,735 [INFO] IPUIPlugin:80 - create IPUIPlugin
2025-06-26 16:33:30,735 [INFO] PluginManager:220 - loadIPPluginJar : add mdma
2025-06-26 16:33:30,738 [INFO] IPUIPlugin:80 - create IPUIPlugin
2025-06-26 16:33:30,738 [INFO] PluginManager:220 - loadIPPluginJar : add nvic
2025-06-26 16:33:30,742 [INFO] IPUIPlugin:80 - create IPUIPlugin
2025-06-26 16:33:30,742 [INFO] PluginManager:220 - loadIPPluginJar : add opamp
2025-06-26 16:33:30,745 [INFO] IPUIPlugin:80 - create IPUIPlugin
2025-06-26 16:33:30,745 [INFO] PluginManager:220 - loadIPPluginJar : add openamp
2025-06-26 16:33:30,748 [INFO] IPUIPlugin:80 - create IPUIPlugin
2025-06-26 16:33:30,749 [INFO] PluginManager:220 - loadIPPluginJar : add pdm2pcm
2025-06-26 16:33:30,754 [INFO] IPUIPlugin:80 - create IPUIPlugin
2025-06-26 16:33:30,757 [INFO] PluginManager:220 - loadIPPluginJar : add plateformsettings
2025-06-26 16:33:30,759 [INFO] IPUIPlugin:80 - create IPUIPlugin
2025-06-26 16:33:30,759 [INFO] PluginManager:220 - loadIPPluginJar : add quadspi
2025-06-26 16:33:30,760 [INFO] IPUIPlugin:80 - create IPUIPlugin
2025-06-26 16:33:30,761 [INFO] PluginManager:220 - loadIPPluginJar : add radio
2025-06-26 16:33:30,765 [INFO] IPUIPlugin:80 - create IPUIPlugin
2025-06-26 16:33:30,765 [INFO] PluginManager:220 - loadIPPluginJar : add resmgrutility
2025-06-26 16:33:30,768 [INFO] IPUIPlugin:80 - create IPUIPlugin
2025-06-26 16:33:30,768 [INFO] PluginManager:220 - loadIPPluginJar : add sai
2025-06-26 16:33:30,771 [INFO] IPUIPlugin:80 - create IPUIPlugin
2025-06-26 16:33:30,771 [INFO] PluginManager:220 - loadIPPluginJar : add spi
2025-06-26 16:33:30,779 [INFO] IPUIPlugin:80 - create IPUIPlugin
2025-06-26 16:33:30,779 [INFO] PluginManager:220 - loadIPPluginJar : add stm32_wpan
2025-06-26 16:33:30,781 [INFO] IPUIPlugin:80 - create IPUIPlugin
2025-06-26 16:33:30,781 [INFO] PluginManager:220 - loadIPPluginJar : add tim
2025-06-26 16:33:30,784 [INFO] IPUIPlugin:80 - create IPUIPlugin
2025-06-26 16:33:30,784 [INFO] PluginManager:220 - loadIPPluginJar : add touchsensing
2025-06-26 16:33:30,786 [INFO] IPUIPlugin:80 - create IPUIPlugin
2025-06-26 16:33:30,786 [INFO] PluginManager:220 - loadIPPluginJar : add tracer_emb
2025-06-26 16:33:30,788 [INFO] IPUIPlugin:80 - create IPUIPlugin
2025-06-26 16:33:30,788 [INFO] PluginManager:220 - loadIPPluginJar : add ts
2025-06-26 16:33:30,790 [INFO] IPUIPlugin:80 - create IPUIPlugin
2025-06-26 16:33:30,790 [INFO] PluginManager:220 - loadIPPluginJar : add tsc
2025-06-26 16:33:30,791 [INFO] IPUIPlugin:80 - create IPUIPlugin
2025-06-26 16:33:30,791 [INFO] PluginManager:220 - loadIPPluginJar : add ucpd
2025-06-26 16:33:30,794 [INFO] IPUIPlugin:80 - create IPUIPlugin
2025-06-26 16:33:30,794 [INFO] PluginManager:220 - loadIPPluginJar : add usart
2025-06-26 16:33:30,797 [INFO] IPUIPlugin:80 - create IPUIPlugin
2025-06-26 16:33:30,797 [INFO] PluginManager:220 - loadIPPluginJar : add usbx
2025-06-26 16:33:30,924 [FATAL] Updater:351 - Updater called before beeing initialized
2025-06-26 16:33:30,951 [INFO] RulesReader:64 - Compatibility file has been processed (301 Rules)
2025-06-26 16:33:30,960 [INFO] RulesReader:64 - Compatibility file has been processed (301 Rules)
2025-06-26 16:33:30,967 [INFO] CADModel:165 - CPN selected for project level
2025-06-26 16:33:30,968 [INFO] CADModel:114 - Register for checkConnection events
2025-06-26 16:33:30,968 [FATAL] Updater:351 - Updater called before beeing initialized
2025-06-26 16:33:30,968 [ERROR] CADModel:125 - Updater not yet initialized, retry later 
2025-06-26 16:33:31,091 [FATAL] Updater:351 - Updater called before beeing initialized
2025-06-26 16:33:31,092 [INFO] CADModel:165 - CPN selected for project level
2025-06-26 16:33:31,093 [INFO] CADModel:114 - Register for checkConnection events
2025-06-26 16:33:31,093 [FATAL] Updater:351 - Updater called before beeing initialized
2025-06-26 16:33:31,093 [ERROR] CADModel:125 - Updater not yet initialized, retry later 
2025-06-26 16:33:31,097 [FATAL] Updater:351 - Updater called before beeing initialized
2025-06-26 16:33:31,229 [FATAL] Updater:351 - Updater called before beeing initialized
2025-06-26 16:33:31,233 [INFO] DbMcusAds:53 - JSON generation date=Thu Jun 19 10:32:34 CEST 2025 (1750321954415)
2025-06-26 16:33:31,234 [FATAL] Updater:351 - Updater called before beeing initialized
2025-06-26 16:33:31,268 [WARN] DetailPanel:346 - Failed to get advertising image, set to default
2025-06-26 16:33:31,519 [FATAL] Updater:351 - Updater called before beeing initialized
2025-06-26 16:33:31,521 [FATAL] Updater:351 - Updater called before beeing initialized
2025-06-26 16:33:31,521 [FATAL] Updater:351 - Updater called before beeing initialized
2025-06-26 16:33:31,521 [WARN] DetailPanel:346 - Failed to get advertising image, set to default
2025-06-26 16:33:31,522 [FATAL] Updater:351 - Updater called before beeing initialized
2025-06-26 16:33:31,565 [ERROR] Updater:1198 - MainUpdater not yet initialized. External WinMGr cannot be set.
2025-06-26 16:33:31,568 [INFO] Updater:1134 - Updater Version found : 6.14.0
2025-06-26 16:33:31,583 [INFO] ApplicationProperties:184 - Using Application install path: C:\ST\STM32CubeIDE_1.18.0\STM32CubeIDE\plugins\com.st.stm32cube.common.mx_6.14.0.202502271554
2025-06-26 16:33:33,154 [ERROR] LogOutputStream:75 - [STDERR_REDIRECT] Jun 26, 2025 4:33:33 PM java.util.prefs.WindowsPreferences <init>
2025-06-26 16:33:33,154 [INFO] ThirdPartyUpdaterWithRetryManager:70 - Updater plugin not ready yet. [2/15]
2025-06-26 16:33:33,155 [ERROR] LogOutputStream:75 - [STDERR_REDIRECT] WARNING: Could not open/create prefs root node Software\JavaSoft\Prefs at root 0xffffffff80000002. Windows RegCreateKeyEx(...) returned error code 5.
2025-06-26 16:33:33,155 [ERROR] LogOutputStream:75 - [STDERR_REDIRECT] 
2025-06-26 16:33:33,388 [INFO] MainUpdater:2872 - connection check result : 10
2025-06-26 16:33:33,389 [INFO] MainUpdater:289 - Updater Check For Update Now.
2025-06-26 16:33:33,389 [INFO] MicroXplorer:498 - Change Database Version : DB.6.0.140
2025-06-26 16:33:33,395 [INFO] McuFinderGlobals:63 - Set McuFinder mode to 2 (CubeIDE integrated)
2025-06-26 16:33:33,395 [INFO] UserAuth:486 - Internet connection configuration mode: 1
2025-06-26 16:33:33,409 [INFO] JxBrowserEngine:152 - Initiate JxBrowser Engine with user profile folder
2025-06-26 16:33:33,563 [INFO] CheckServerUpdateThread:120 - End of CheckServer Thread
2025-06-26 16:33:33,977 [INFO] WebApp:169 - Instantiating new browser for Auth
2025-06-26 16:33:34,617 [INFO] WebApp:463 - Apply proxy settings
2025-06-26 16:33:34,618 [INFO] WebApp:548 - Chromium requires no authentication
2025-06-26 16:33:34,624 [INFO] WebApp:491 - Direct internet connection detected
2025-06-26 16:33:34,642 [INFO] WebApp:894 - Register for checkConnection events
2025-06-26 16:33:34,643 [INFO] WebApp:463 - Apply proxy settings
2025-06-26 16:33:34,643 [INFO] WebApp:548 - Chromium requires no authentication
2025-06-26 16:33:34,645 [INFO] WebApp:491 - Direct internet connection detected
2025-06-26 16:33:34,783 [INFO] WebApp:225 - Starting web application
2025-06-26 16:33:34,783 [INFO] WebApp:593 - Web application path used C:\ST\STM32CubeIDE_1.18.0\STM32CubeIDE\plugins\com.st.stm32cube.common.mx_6.14.0.202502271554\db\plugins\mcufinder\reactClient1\index.html
2025-06-26 16:33:34,855 [INFO] UserAuth:486 - Internet connection configuration mode: 1
2025-06-26 16:33:35,010 [INFO] WebApp:191 - Connection restablished
2025-06-26 16:33:36,366 [WARN] PackLoader:240 - Cannot read IP mode file for STMicroelectronics.FP-SNS-MOTENVWB1.1.4.0
2025-06-26 16:33:36,376 [WARN] PackLoader:240 - Cannot read IP mode file for STMicroelectronics.FP-ATR-ASTRA1.2.0.2
2025-06-26 16:33:36,391 [WARN] PackLoader:240 - Cannot read IP mode file for STMicroelectronics.X-CUBE-SMBUS.2.1.0
2025-06-26 16:33:36,398 [WARN] PackLoader:240 - Cannot read IP mode file for STMicroelectronics.X-CUBE-WB05N.1.1.0
2025-06-26 16:33:36,404 [WARN] PackLoader:240 - Cannot read IP mode file for STMicroelectronics.X-CUBE-ST60.1.0.0
2025-06-26 16:33:36,449 [WARN] PackLoader:240 - Cannot read IP mode file for STMicroelectronics.X-CUBE-AZRTOS-F7.1.1.0
2025-06-26 16:33:36,459 [WARN] PackLoader:240 - Cannot read IP mode file for STMicroelectronics.FP-SNS-FLIGHT1.5.0.2
2025-06-26 16:33:36,491 [WARN] PackLoader:240 - Cannot read IP mode file for Infineon.AIROC-Wi-Fi-Bluetooth-STM32.1.7.0
2025-06-26 16:33:36,507 [WARN] PackLoader:240 - Cannot read IP mode file for STMicroelectronics.X-CUBE-DISPLAY.3.0.0
2025-06-26 16:33:36,519 [WARN] PackLoader:240 - Cannot read IP mode file for STMicroelectronics.X-CUBE-NFC10.1.0.0
2025-06-26 16:33:36,534 [WARN] PackLoader:240 - Cannot read IP mode file for STMicroelectronics.X-CUBE-BLEMGR.4.0.0
2025-06-26 16:33:36,543 [WARN] PackLoader:240 - Cannot read IP mode file for emotas.I-CUBE-CANOPEN.1.3.0
2025-06-26 16:33:36,549 [WARN] ConditionMgr:438 - getConditionDescription Invalid condition id : Cortex-A Device cause : null
2025-06-26 16:33:36,563 [WARN] ConditionMgr:1044 - genDependencies : Invalid condition id : Cortex-A Device cause : null
2025-06-26 16:33:36,563 [WARN] ConditionMgr:1044 - genDependencies : Invalid condition id : Cortex-A Device cause : null
2025-06-26 16:33:36,563 [WARN] ConditionMgr:1044 - genDependencies : Invalid condition id : Cortex-A Device cause : null
2025-06-26 16:33:36,569 [WARN] PackLoader:240 - Cannot read IP mode file for STMicroelectronics.X-CUBE-AI.10.0.0
2025-06-26 16:33:36,577 [WARN] PackLoader:240 - Cannot read IP mode file for STMicroelectronics.FP-SNS-SMARTAG2.1.2.0
2025-06-26 16:33:36,582 [WARN] PackLoader:240 - Cannot read IP mode file for STMicroelectronics.FP-SNS-FLIGHT1.5.1.0
2025-06-26 16:33:36,620 [WARN] PackLoader:240 - Cannot read IP mode file for STMicroelectronics.X-CUBE-MEMS1.11.1.0
2025-06-26 16:33:36,814 [INFO] LogOutputStream:77 - [STDOUT_REDIRECT] 1 : Invalid condition id : UX_CORESTACK_Condition cause : null
2025-06-26 16:33:36,815 [INFO] LogOutputStream:77 - [STDOUT_REDIRECT] 1 : Invalid condition id : UX_CORESTACK_Condition cause : null
2025-06-26 16:33:36,816 [INFO] LogOutputStream:77 - [STDOUT_REDIRECT] 1 : Invalid condition id : UX_CORESTACK_Condition cause : null
2025-06-26 16:33:36,817 [INFO] LogOutputStream:77 - [STDOUT_REDIRECT] 1 : Invalid condition id : UX_CORESTACK_Condition cause : null
2025-06-26 16:33:36,818 [INFO] LogOutputStream:77 - [STDOUT_REDIRECT] 1 : Invalid condition id : UX_CORESTACK_Condition cause : null
2025-06-26 16:33:36,821 [WARN] PackLoader:240 - Cannot read IP mode file for STMicroelectronics.X-CUBE-AZRTOS-WL.2.0.0
2025-06-26 16:33:36,826 [WARN] PackLoader:240 - Cannot read IP mode file for STMicroelectronics.FP-SNS-MOTENV1.5.0.0
2025-06-26 16:33:36,834 [WARN] PackLoader:240 - Cannot read IP mode file for WES.I-CUBE-Cesium.1.3.0
2025-06-26 16:33:36,838 [WARN] PackLoader:240 - Cannot read IP mode file for STMicroelectronics.X-CUBE-BLE2.3.3.0
2025-06-26 16:33:36,843 [WARN] PackLoader:240 - Cannot read IP mode file for STMicroelectronics.X-CUBE-NFC9.1.0.0
2025-06-26 16:33:36,851 [WARN] PackLoader:240 - Cannot read IP mode file for STMicroelectronics.X-CUBE-BLE1.7.1.0
2025-06-26 16:33:36,856 [WARN] PackLoader:240 - Cannot read IP mode file for wolfSSL.I-CUBE-wolfMQTT.1.19.2
2025-06-26 16:33:36,861 [WARN] PackLoader:240 - Cannot read IP mode file for STMicroelectronics.X-CUBE-AI.10.1.0
2025-06-26 16:33:36,906 [WARN] PackLoader:240 - Cannot read IP mode file for STMicroelectronics.X-CUBE-MEMS1.11.2.0
2025-06-26 16:33:37,021 [WARN] PackLoader:240 - Cannot read IP mode file for STMicroelectronics.X-CUBE-AZRTOS-G0.1.1.0
2025-06-26 16:33:37,028 [WARN] PackLoader:240 - Cannot read IP mode file for STMicroelectronics.X-CUBE-SAFEA1.1.2.2
2025-06-26 16:33:37,032 [WARN] PackLoader:240 - Cannot read IP mode file for STMicroelectronics.X-CUBE-NFC4.3.0.0
2025-06-26 16:33:37,041 [WARN] PackLoader:240 - Cannot read IP mode file for EmbeddedOffice.I-CUBE-FS-RTOS.1.0.1
2025-06-26 16:33:37,044 [WARN] PackLoader:240 - Cannot read IP mode file for STMicroelectronics.X-CUBE-WB05N.2.0.0
2025-06-26 16:33:37,049 [WARN] PackLoader:240 - Cannot read IP mode file for wolfSSL.I-CUBE-wolfTPM.3.8.0
2025-06-26 16:33:37,053 [WARN] PackLoader:240 - Cannot read IP mode file for STMicroelectronics.X-CUBE-TCPP.4.2.0
2025-06-26 16:33:37,058 [WARN] PackLoader:240 - Cannot read IP mode file for RealThread.X-CUBE-RT-Thread_Nano.4.1.1
2025-06-26 16:33:37,062 [WARN] PackLoader:240 - Cannot read IP mode file for STMicroelectronics.FP-ATR-SIGFOX1.3.2.0
2025-06-26 16:33:37,068 [WARN] PackLoader:240 - Cannot read IP mode file for STMicroelectronics.X-CUBE-EEPRMA1.5.1.0
2025-06-26 16:33:37,072 [WARN] PackLoader:240 - Cannot read IP mode file for wolfSSL.I-CUBE-wolfSSL.5.7.6
2025-06-26 16:33:37,078 [WARN] PackLoader:240 - Cannot read IP mode file for ITTIA_DB.I-CUBE-ITTIADB.8.9.0
2025-06-26 16:33:37,083 [WARN] PackLoader:240 - Cannot read IP mode file for STMicroelectronics.X-CUBE-ST67W61.1.0.0
2025-06-26 16:33:37,106 [WARN] PackLoader:240 - Cannot read IP mode file for SEGGER.I-CUBE-embOS.1.3.1
2025-06-26 16:33:37,137 [WARN] PackLoader:240 - Cannot read IP mode file for STMicroelectronics.X-CUBE-ALGOBUILD.1.4.0
2025-06-26 16:33:37,173 [WARN] PackLoader:240 - Cannot read IP mode file for STMicroelectronics.X-CUBE-MEMS1.11.3.0
2025-06-26 16:33:37,271 [WARN] PackLoader:240 - Cannot read IP mode file for STMicroelectronics.X-CUBE-PM33A1.1.0.0
2025-06-26 16:33:37,290 [WARN] PackLoader:240 - Cannot read IP mode file for STMicroelectronics.X-CUBE-AZRTOS-F4.1.1.0
2025-06-26 16:33:37,297 [WARN] PackLoader:240 - Cannot read IP mode file for Avnet-IotConnect.X-CUBE-IoTC-DA16k-PMOD.1.0.0
2025-06-26 16:33:37,301 [WARN] PackLoader:240 - Cannot read IP mode file for STMicroelectronics.X-CUBE-ISPU.2.1.0
2025-06-26 16:33:37,314 [WARN] PackLoader:240 - Cannot read IP mode file for STMicroelectronics.X-CUBE-AZRTOS-L5.2.0.0
2025-06-26 16:33:37,336 [WARN] PackLoader:240 - Cannot read IP mode file for STMicroelectronics.X-CUBE-NFC6.3.1.0
2025-06-26 16:33:37,343 [WARN] PackLoader:240 - Cannot read IP mode file for STMicroelectronics.X-CUBE-DPower.1.2.0
2025-06-26 16:33:37,349 [WARN] PackLoader:240 - Cannot read IP mode file for STMicroelectronics.X-CUBE-FREERTOS.1.3.1
2025-06-26 16:33:37,353 [WARN] PackLoader:240 - Cannot read IP mode file for STMicroelectronics.X-CUBE-FREERTOS.1.3.0
2025-06-26 16:33:37,359 [WARN] PackLoader:240 - Cannot read IP mode file for STMicroelectronics.X-CUBE-NFC7.1.0.1
2025-06-26 16:33:37,365 [WARN] PackLoader:240 - Cannot read IP mode file for STMicroelectronics.FP-SNS-STAIOTCFT.1.0.0
2025-06-26 16:33:37,371 [WARN] PackLoader:240 - Cannot read IP mode file for STMicroelectronics.X-CUBE-DPower.1.3.0
2025-06-26 16:33:37,388 [WARN] ConditionMgr:438 - getConditionDescription Invalid condition id : LAN8742 Phy interface Condition cause : null
2025-06-26 16:33:37,388 [WARN] PackLoader:240 - Cannot read IP mode file for STMicroelectronics.X-CUBE-AZRTOS-L4.2.0.0
2025-06-26 16:33:37,389 [WARN] ConditionMgr:1044 - genDependencies : Invalid condition id : LAN8742 Phy interface Condition cause : null
2025-06-26 16:33:37,390 [WARN] ConditionMgr:1044 - genDependencies : Invalid condition id : LAN8742 Phy interface Condition cause : null
2025-06-26 16:33:37,390 [WARN] ConditionMgr:1044 - genDependencies : Invalid condition id : LAN8742 Phy interface Condition cause : null
2025-06-26 16:33:37,396 [WARN] PackLoader:240 - Cannot read IP mode file for STMicroelectronics.X-CUBE-SFXS2LP1.4.0.0
2025-06-26 16:33:37,415 [WARN] PackLoader:240 - Cannot read IP mode file for STMicroelectronics.X-CUBE-AZRTOS-H7.3.3.0
2025-06-26 16:33:37,426 [WARN] ConditionMgr:438 - getConditionDescription Invalid condition id : UX DEVICE CLASS RTOS Condition cause : null
2025-06-26 16:33:37,426 [WARN] ConditionMgr:438 - getConditionDescription Invalid condition id : UX DEVICE CLASS RTOS Condition cause : null
2025-06-26 16:33:37,428 [WARN] PackLoader:240 - Cannot read IP mode file for STMicroelectronics.X-CUBE-AZRTOS-WB.2.0.0
2025-06-26 16:33:37,428 [WARN] ConditionMgr:1044 - genDependencies : Invalid condition id : UX DEVICE CLASS RTOS Condition cause : null
2025-06-26 16:33:37,428 [WARN] ConditionMgr:1044 - genDependencies : Invalid condition id : UX DEVICE CLASS RTOS Condition cause : null
2025-06-26 16:33:37,429 [WARN] ConditionMgr:1044 - genDependencies : Invalid condition id : UX DEVICE CLASS RTOS Condition cause : null
2025-06-26 16:33:37,429 [WARN] ConditionMgr:1044 - genDependencies : Invalid condition id : UX DEVICE CLASS RTOS Condition cause : null
2025-06-26 16:33:37,429 [WARN] ConditionMgr:1044 - genDependencies : Invalid condition id : UX DEVICE CLASS RTOS Condition cause : null
2025-06-26 16:33:37,434 [WARN] PackLoader:240 - Cannot read IP mode file for STMicroelectronics.X-CUBE-GNSS1.7.0.1
2025-06-26 16:33:37,439 [WARN] PackLoader:240 - Cannot read IP mode file for STMicroelectronics.X-CUBE-TOUCHGFX.4.25.0
2025-06-26 16:33:37,444 [WARN] PackLoader:240 - Cannot read IP mode file for STMicroelectronics.FP-SNS-STBOX1.2.0.0
2025-06-26 16:33:37,452 [WARN] PackLoader:240 - Cannot read IP mode file for STMicroelectronics.X-CUBE-SUBG2.5.0.0
2025-06-26 16:33:37,467 [WARN] PackLoader:240 - Cannot read IP mode file for STMicroelectronics.X-CUBE-AZRTOS-H7RS.1.1.0
2025-06-26 16:33:37,472 [WARN] PackLoader:240 - Cannot read IP mode file for Cesanta.I-CUBE-Mongoose.7.13.0
2025-06-26 16:33:37,484 [WARN] PackLoader:240 - Cannot read IP mode file for STMicroelectronics.X-CUBE-AZRTOS-G4.2.0.0
2025-06-26 16:33:37,491 [WARN] PackLoader:240 - Cannot read IP mode file for wolfSSL.I-CUBE-wolfSSH.1.4.20
2025-06-26 16:33:37,494 [WARN] PackLoader:240 - Cannot read IP mode file for STMicroelectronics.X-CUBE-NFC7.2.0.0
2025-06-26 16:33:37,503 [WARN] PackLoader:240 - Cannot read IP mode file for STMicroelectronics.X-CUBE-IPS.3.1.0
2025-06-26 16:33:37,511 [WARN] PackLoader:240 - Cannot read IP mode file for STMicroelectronics.X-CUBE-ALS.1.0.2
2025-06-26 16:33:37,514 [WARN] PackLoader:240 - Cannot read IP mode file for STMicroelectronics.X-CUBE-TOUCHGFX.4.24.2
2025-06-26 16:33:37,519 [WARN] PackLoader:240 - Cannot read IP mode file for portGmbH.I-Cube-SoM-uGOAL.1.1.0
2025-06-26 16:33:37,531 [WARN] PackLoader:240 - Cannot read IP mode file for STMicroelectronics.X-CUBE-AZRTOS-H7RS.1.0.0
2025-06-26 16:33:37,541 [WARN] PackLoader:240 - Cannot read IP mode file for STMicroelectronics.X-CUBE-TOF1.3.4.2
2025-06-26 16:33:37,552 [WARN] PackLoader:240 - Cannot read IP mode file for STMicroelectronics.X-CUBE-TOF1.3.4.3
2025-06-26 16:33:37,558 [INFO] ThirdParty:978 - Integrity check success = true
2025-06-26 16:33:37,558 [INFO] IntegrityCheckThread:100 - exiting critical section [integrity check]
2025-06-26 16:33:37,558 [INFO] IntegrityCheckThread:103 - End integrity checks thread
2025-06-26 16:34:02,840 [ERROR] LogOutputStream:75 - [STDERR_REDIRECT] 
2025-06-26 16:38:27,930 [INFO] Activator:176 - 


2025-06-26 16:38:27,932 [INFO] Activator:177 - !SESSION log4j initialized
2025-06-26 16:38:33,716 [INFO] LogOutputStream:77 - [STDOUT_REDIRECT] 
2025-06-26 16:38:42,580 [INFO] ApplicationProperties:184 - Using Application install path: C:\ST\STM32CubeIDE_1.18.0\STM32CubeIDE\plugins\com.st.stm32cube.common.mx_6.14.0.202502271554
2025-06-26 16:38:42,603 [INFO] DbMcusXml:78 - Set database path to: C:\ST\STM32CubeIDE_1.18.0\STM32CubeIDE\plugins\com.st.stm32cube.common.mx_6.14.0.202502271554\\db\/mcu/
2025-06-26 16:38:42,604 [INFO] ApiDb:274 - Set plugin database path to: C:\ST\STM32CubeIDE_1.18.0\STM32CubeIDE\plugins\com.st.stm32cube.common.mx_6.14.0.202502271554\\db\/plugins/boardmanager/
2025-06-26 16:38:42,604 [WARN] ApiDb:259 - Overriding images path with different value:  => C:\ST\STM32CubeIDE_1.18.0\STM32CubeIDE\plugins\com.st.stm32cube.common.mx_6.14.0.202502271554\\db\/plugins/mcufinder/images/
2025-06-26 16:38:42,613 [INFO] ApiDb:250 - Set database path to: C:\Users\marcv\.stmcufinder\plugins\mcufinder//mcu/
2025-06-26 16:38:42,614 [INFO] DbMcusAds:125 - Set database path to: C:\Users\marcv\.stmcufinder\plugins\mcufinder//mcu/
2025-06-26 16:38:42,617 [INFO] CrossReferenceDbSqlite:203 - Set database path to: C:\Users\marcv\.stmcufinder\plugins\mcufinder//mcu/cs/
2025-06-26 16:38:42,753 [INFO] RulesReader:64 - Compatibility file has been processed (301 Rules)
2025-06-26 16:38:42,859 [INFO] DbMcusXml:78 - Set database path to: C:\ST\STM32CubeIDE_1.18.0\STM32CubeIDE\plugins\com.st.stm32cube.common.mx_6.14.0.202502271554\\db\/mcu/
2025-06-26 16:38:42,859 [INFO] ApiDb:274 - Set plugin database path to: C:\ST\STM32CubeIDE_1.18.0\STM32CubeIDE\plugins\com.st.stm32cube.common.mx_6.14.0.202502271554\\db\/plugins/boardmanager/
2025-06-26 16:38:42,859 [INFO] ApiDb:261 - Set plugin images path to: C:\ST\STM32CubeIDE_1.18.0\STM32CubeIDE\plugins\com.st.stm32cube.common.mx_6.14.0.202502271554\\db\/plugins/mcufinder/images/
2025-06-26 16:38:42,860 [WARN] DbFile:41 - Overriding database path with different value: C:\Users\marcv\.stmcufinder\plugins\mcufinder/ => C:\Users\marcv\.stmcufinder\plugins\mcufinder
2025-06-26 16:38:42,860 [INFO] ApiDb:250 - Set database path to: C:\Users\marcv\.stmcufinder\plugins\mcufinder//mcu/
2025-06-26 16:38:42,861 [WARN] DbFile:41 - Overriding database path with different value: C:\Users\marcv\.stmcufinder\plugins\mcufinder/ => C:\Users\marcv\.stmcufinder\plugins\mcufinder
2025-06-26 16:38:42,861 [INFO] DbMcusAds:125 - Set database path to: C:\Users\marcv\.stmcufinder\plugins\mcufinder//mcu/
2025-06-26 16:38:42,861 [WARN] DbFile:41 - Overriding database path with different value: C:\Users\marcv\.stmcufinder\plugins\mcufinder/ => C:\Users\marcv\.stmcufinder\plugins\mcufinder
2025-06-26 16:38:42,861 [WARN] DbFile:41 - Overriding database path with different value: C:\Users\marcv\.stmcufinder\plugins\mcufinder/ => C:\Users\marcv\.stmcufinder\plugins\mcufinder
2025-06-26 16:38:42,862 [INFO] CrossReferenceDbSqlite:203 - Set database path to: C:\Users\marcv\.stmcufinder\plugins\mcufinder//mcu/cs/
2025-06-26 16:38:42,953 [INFO] MainPanel:272 - HeapMemory: 268435456
2025-06-26 16:38:43,208 [INFO] DbMcusXml:78 - Set database path to: C:\ST\STM32CubeIDE_1.18.0\STM32CubeIDE\plugins\com.st.stm32cube.common.mx_6.14.0.202502271554\\db\/mcu/
2025-06-26 16:38:43,208 [INFO] ApiDb:274 - Set plugin database path to: C:\ST\STM32CubeIDE_1.18.0\STM32CubeIDE\plugins\com.st.stm32cube.common.mx_6.14.0.202502271554\\db\/plugins/boardmanager/
2025-06-26 16:38:43,208 [INFO] ApiDb:261 - Set plugin images path to: C:\ST\STM32CubeIDE_1.18.0\STM32CubeIDE\plugins\com.st.stm32cube.common.mx_6.14.0.202502271554\\db\/plugins/mcufinder/images/
2025-06-26 16:38:43,208 [WARN] DbFile:41 - Overriding database path with different value: C:\Users\marcv\.stmcufinder\plugins\mcufinder/ => C:\Users\marcv\.stmcufinder\plugins\mcufinder
2025-06-26 16:38:43,208 [INFO] ApiDb:250 - Set database path to: C:\Users\marcv\.stmcufinder\plugins\mcufinder//mcu/
2025-06-26 16:38:43,208 [WARN] DbFile:41 - Overriding database path with different value: C:\Users\marcv\.stmcufinder\plugins\mcufinder/ => C:\Users\marcv\.stmcufinder\plugins\mcufinder
2025-06-26 16:38:43,208 [INFO] DbMcusAds:125 - Set database path to: C:\Users\marcv\.stmcufinder\plugins\mcufinder//mcu/
2025-06-26 16:38:43,209 [WARN] DbFile:41 - Overriding database path with different value: C:\Users\marcv\.stmcufinder\plugins\mcufinder/ => C:\Users\marcv\.stmcufinder\plugins\mcufinder
2025-06-26 16:38:43,209 [WARN] DbFile:41 - Overriding database path with different value: C:\Users\marcv\.stmcufinder\plugins\mcufinder/ => C:\Users\marcv\.stmcufinder\plugins\mcufinder
2025-06-26 16:38:43,209 [INFO] CrossReferenceDbSqlite:203 - Set database path to: C:\Users\marcv\.stmcufinder\plugins\mcufinder//mcu/cs/
2025-06-26 16:38:43,230 [INFO] ApplicationProperties:184 - Using Application install path: C:\ST\STM32CubeIDE_1.18.0\STM32CubeIDE\plugins\com.st.stm32cube.common.mx_6.14.0.202502271554
2025-06-26 16:38:43,231 [INFO] PluginManage:196 - Search for loadable plugins [exclusion list=, ]
2025-06-26 16:38:43,235 [INFO] PluginManage:310 - Check plugin analytics
2025-06-26 16:38:47,980 [INFO] AnalyticsPlugin:253 - Accepted Software Licenses: 
2025-06-26 16:38:47,981 [INFO] AnalyticsPlugin:255 - Accepted CMSIS Pack Licenses: 
2025-06-26 16:38:47,981 [INFO] AnalyticsPlugin:257 - Accepted Firmware Licenses: FW.H7.1.12.0
2025-06-26 16:38:47,983 [INFO] PluginManage:359 - Loaded plugin analytics (category:tool,tabindex:-1)
2025-06-26 16:38:47,983 [INFO] PluginManage:310 - Check plugin cadmodel
2025-06-26 16:38:48,004 [INFO] CADModel:105 - Init CAD model plugin
2025-06-26 16:38:48,004 [INFO] PluginManage:359 - Loaded plugin cadmodel (category:power,tabindex:5)
2025-06-26 16:38:48,004 [INFO] PluginManage:310 - Check plugin clock
2025-06-26 16:38:48,027 [INFO] PluginManage:359 - Loaded plugin clock (category:base,tabindex:2)
2025-06-26 16:38:48,028 [INFO] PluginManage:310 - Check plugin ddr
2025-06-26 16:38:48,030 [INFO] PluginManage:359 - Loaded plugin ddr (category:tool,tabindex:6)
2025-06-26 16:38:48,030 [INFO] PluginManage:310 - Check plugin filemanager
2025-06-26 16:38:48,169 [INFO] PluginManage:359 - Loaded plugin filemanager (category:base,tabindex:10)
2025-06-26 16:38:48,169 [INFO] PluginManage:310 - Check plugin ipmanager
2025-06-26 16:38:48,176 [INFO] PluginManage:359 - Loaded plugin ipmanager (category:base,tabindex:5)
2025-06-26 16:38:48,176 [INFO] PluginManage:310 - Check plugin lpbam
2025-06-26 16:38:48,198 [INFO] PluginManage:359 - Loaded plugin lpbam (category:base,tabindex:0)
2025-06-26 16:38:48,198 [INFO] PluginManage:310 - Check plugin memorymap
2025-06-26 16:38:48,227 [INFO] PluginManage:359 - Loaded plugin memorymap (category:base,tabindex:4)
2025-06-26 16:38:48,228 [INFO] PluginManage:310 - Check plugin pinoutandconfiguration
2025-06-26 16:38:48,247 [INFO] PluginManage:359 - Loaded plugin pinoutandconfiguration (category:base,tabindex:1)
2025-06-26 16:38:48,247 [INFO] PluginManage:310 - Check plugin pinoutconfig
2025-06-26 16:38:48,361 [WARN] SupportedApi:132 - Cannot load RTOS API schema: s4s-elt-must-match.1: The content of 'definitions' must match (annotation?, (simpleType | complexType)?, (unique | key | keyref)*)). A problem was found starting at: attribute.
2025-06-26 16:38:48,493 [INFO] PluginManage:359 - Loaded plugin pinoutconfig (category:base,tabindex:0)
2025-06-26 16:38:48,493 [INFO] PluginManage:310 - Check plugin power
2025-06-26 16:38:48,519 [INFO] PluginManage:359 - Loaded plugin power (category:power,tabindex:4)
2025-06-26 16:38:48,519 [INFO] PluginManage:310 - Check plugin projectmanager
2025-06-26 16:38:48,534 [INFO] PluginManage:359 - Loaded plugin projectmanager (category:projectmanager,tabindex:4)
2025-06-26 16:38:48,534 [INFO] PluginManage:310 - Check plugin rif
2025-06-26 16:38:48,556 [INFO] PluginManage:359 - Loaded plugin rif (category:base,tabindex:3)
2025-06-26 16:38:48,556 [INFO] PluginManage:310 - Check plugin thirdparty
2025-06-26 16:38:48,863 [INFO] PluginManage:359 - Loaded plugin thirdparty (category:base,tabindex:-1)
2025-06-26 16:38:48,863 [INFO] PluginManage:310 - Check plugin tools
2025-06-26 16:38:48,863 [WARN] IntegrityCheckThread:84 - waiting for thirdparty lock release [integrity check]
2025-06-26 16:38:48,863 [INFO] IntegrityCheckThread:86 - entering critical section [integrity check]
2025-06-26 16:38:48,863 [INFO] ThirdPartyUpdaterWithRetryManager:70 - Updater plugin not ready yet. [1/15]
2025-06-26 16:38:48,909 [INFO] PluginManage:359 - Loaded plugin tools (category:base,tabindex:7)
2025-06-26 16:38:48,909 [INFO] PluginManage:310 - Check plugin tutovideos
2025-06-26 16:38:49,092 [INFO] PluginManage:359 - Loaded plugin tutovideos (category:base,tabindex:-1)
2025-06-26 16:38:49,092 [INFO] PluginManage:310 - Check plugin updater
2025-06-26 16:38:49,110 [INFO] PluginManage:359 - Loaded plugin updater (category:base,tabindex:12)
2025-06-26 16:38:49,110 [INFO] PluginManage:310 - Check plugin userauth
2025-06-26 16:38:49,113 [INFO] UserAuth:118 - Init User Auth plugin
2025-06-26 16:38:49,114 [INFO] PluginManage:359 - Loaded plugin userauth (category:base,tabindex:14)
2025-06-26 16:38:49,114 [INFO] PluginManage:283 - PluginManage : Loaded plugins [18]
2025-06-26 16:38:49,329 [INFO] PinOutPanel:1589 - setPackage(No Configuration,No Configuration)
2025-06-26 16:38:49,421 [INFO] CADModel:165 - CPN selected for project level
2025-06-26 16:38:49,421 [INFO] CADModel:114 - Register for checkConnection events
2025-06-26 16:38:49,451 [INFO] IPUIPlugin:80 - create IPUIPlugin
2025-06-26 16:38:49,452 [INFO] PluginManager:220 - loadIPPluginJar : add adc
2025-06-26 16:38:49,505 [INFO] IPUIPlugin:80 - create IPUIPlugin
2025-06-26 16:38:49,505 [INFO] PluginManager:220 - loadIPPluginJar : add aes
2025-06-26 16:38:49,559 [INFO] IPUIPlugin:80 - create IPUIPlugin
2025-06-26 16:38:49,560 [INFO] PluginManager:220 - loadIPPluginJar : add can
2025-06-26 16:38:49,595 [INFO] IPUIPlugin:80 - create IPUIPlugin
2025-06-26 16:38:49,595 [INFO] PluginManager:220 - loadIPPluginJar : add comp
2025-06-26 16:38:49,637 [INFO] IPUIPlugin:80 - create IPUIPlugin
2025-06-26 16:38:49,637 [INFO] PluginManager:220 - loadIPPluginJar : add cryp
2025-06-26 16:38:49,652 [INFO] IPUIPlugin:80 - create IPUIPlugin
2025-06-26 16:38:49,652 [INFO] PluginManager:220 - loadIPPluginJar : add ddr_ctrl_phy
2025-06-26 16:38:49,688 [INFO] IPUIPlugin:80 - create IPUIPlugin
2025-06-26 16:38:49,688 [INFO] PluginManager:220 - loadIPPluginJar : add dfsdm
2025-06-26 16:38:49,704 [INFO] IPUIPlugin:80 - create IPUIPlugin
2025-06-26 16:38:49,705 [INFO] PluginManager:220 - loadIPPluginJar : add dma
2025-06-26 16:38:49,754 [INFO] IPUIPlugin:80 - create IPUIPlugin
2025-06-26 16:38:49,754 [INFO] PluginManager:220 - loadIPPluginJar : add dma3
2025-06-26 16:38:49,808 [INFO] IPUIPlugin:80 - create IPUIPlugin
2025-06-26 16:38:49,808 [INFO] PluginManager:220 - loadIPPluginJar : add extmemmanager
2025-06-26 16:38:49,835 [INFO] IPUIPlugin:80 - create IPUIPlugin
2025-06-26 16:38:49,835 [INFO] PluginManager:220 - loadIPPluginJar : add fatfs
2025-06-26 16:38:49,894 [INFO] IPUIPlugin:80 - create IPUIPlugin
2025-06-26 16:38:49,894 [INFO] PluginManager:220 - loadIPPluginJar : add fmc
2025-06-26 16:38:49,911 [INFO] IPUIPlugin:80 - create IPUIPlugin
2025-06-26 16:38:49,912 [INFO] PluginManager:220 - loadIPPluginJar : add freertos
2025-06-26 16:38:49,939 [INFO] IPUIPlugin:80 - create IPUIPlugin
2025-06-26 16:38:49,939 [INFO] PluginManager:220 - loadIPPluginJar : add genericplugin
2025-06-26 16:38:50,060 [INFO] IPUIPlugin:80 - create IPUIPlugin
2025-06-26 16:38:50,061 [INFO] PluginManager:220 - loadIPPluginJar : add gfxmmu
2025-06-26 16:38:50,226 [INFO] IPUIPlugin:80 - create IPUIPlugin
2025-06-26 16:38:50,226 [INFO] PluginManager:220 - loadIPPluginJar : add gic
2025-06-26 16:38:50,242 [INFO] IPUIPlugin:80 - create IPUIPlugin
2025-06-26 16:38:50,242 [INFO] PluginManager:220 - loadIPPluginJar : add gpio
2025-06-26 16:38:50,358 [INFO] IPUIPlugin:80 - create IPUIPlugin
2025-06-26 16:38:50,358 [INFO] PluginManager:220 - loadIPPluginJar : add gtzc
2025-06-26 16:38:50,400 [INFO] IPUIPlugin:80 - create IPUIPlugin
2025-06-26 16:38:50,400 [INFO] PluginManager:220 - loadIPPluginJar : add hash
2025-06-26 16:38:50,465 [INFO] IPUIPlugin:80 - create IPUIPlugin
2025-06-26 16:38:50,465 [INFO] PluginManager:220 - loadIPPluginJar : add i2c
2025-06-26 16:38:50,512 [INFO] IPUIPlugin:80 - create IPUIPlugin
2025-06-26 16:38:50,512 [INFO] PluginManager:220 - loadIPPluginJar : add i2s
2025-06-26 16:38:50,561 [INFO] IPUIPlugin:80 - create IPUIPlugin
2025-06-26 16:38:50,562 [INFO] PluginManager:220 - loadIPPluginJar : add i3c
2025-06-26 16:38:50,681 [INFO] IPUIPlugin:80 - create IPUIPlugin
2025-06-26 16:38:50,681 [INFO] PluginManager:220 - loadIPPluginJar : add ipddr
2025-06-26 16:38:50,800 [INFO] IPUIPlugin:80 - create IPUIPlugin
2025-06-26 16:38:50,801 [INFO] PluginManager:220 - loadIPPluginJar : add linkedlist
2025-06-26 16:38:50,849 [INFO] IPUIPlugin:80 - create IPUIPlugin
2025-06-26 16:38:50,850 [INFO] PluginManager:220 - loadIPPluginJar : add lorawan
2025-06-26 16:38:50,895 [INFO] IPUIPlugin:80 - create IPUIPlugin
2025-06-26 16:38:50,895 [INFO] PluginManager:220 - loadIPPluginJar : add ltdc
2025-06-26 16:38:50,912 [INFO] IPUIPlugin:80 - create IPUIPlugin
2025-06-26 16:38:50,912 [INFO] PluginManager:220 - loadIPPluginJar : add mdma
2025-06-26 16:38:50,926 [INFO] IPUIPlugin:80 - create IPUIPlugin
2025-06-26 16:38:50,926 [INFO] PluginManager:220 - loadIPPluginJar : add nvic
2025-06-26 16:38:50,978 [INFO] IPUIPlugin:80 - create IPUIPlugin
2025-06-26 16:38:50,978 [INFO] PluginManager:220 - loadIPPluginJar : add opamp
2025-06-26 16:38:51,061 [INFO] IPUIPlugin:80 - create IPUIPlugin
2025-06-26 16:38:51,061 [INFO] PluginManager:220 - loadIPPluginJar : add openamp
2025-06-26 16:38:51,114 [INFO] IPUIPlugin:80 - create IPUIPlugin
2025-06-26 16:38:51,114 [INFO] PluginManager:220 - loadIPPluginJar : add pdm2pcm
2025-06-26 16:38:51,130 [INFO] IPUIPlugin:80 - create IPUIPlugin
2025-06-26 16:38:51,133 [INFO] PluginManager:220 - loadIPPluginJar : add plateformsettings
2025-06-26 16:38:51,161 [INFO] IPUIPlugin:80 - create IPUIPlugin
2025-06-26 16:38:51,161 [INFO] PluginManager:220 - loadIPPluginJar : add quadspi
2025-06-26 16:38:51,195 [INFO] IPUIPlugin:80 - create IPUIPlugin
2025-06-26 16:38:51,195 [INFO] PluginManager:220 - loadIPPluginJar : add radio
2025-06-26 16:38:51,210 [INFO] IPUIPlugin:80 - create IPUIPlugin
2025-06-26 16:38:51,210 [INFO] PluginManager:220 - loadIPPluginJar : add resmgrutility
2025-06-26 16:38:51,272 [INFO] IPUIPlugin:80 - create IPUIPlugin
2025-06-26 16:38:51,272 [INFO] PluginManager:220 - loadIPPluginJar : add sai
2025-06-26 16:38:51,320 [INFO] IPUIPlugin:80 - create IPUIPlugin
2025-06-26 16:38:51,320 [INFO] PluginManager:220 - loadIPPluginJar : add spi
2025-06-26 16:38:51,413 [INFO] IPUIPlugin:80 - create IPUIPlugin
2025-06-26 16:38:51,414 [INFO] PluginManager:220 - loadIPPluginJar : add stm32_wpan
2025-06-26 16:38:51,446 [INFO] IPUIPlugin:80 - create IPUIPlugin
2025-06-26 16:38:51,446 [INFO] PluginManager:220 - loadIPPluginJar : add tim
2025-06-26 16:38:51,520 [INFO] IPUIPlugin:80 - create IPUIPlugin
2025-06-26 16:38:51,520 [INFO] PluginManager:220 - loadIPPluginJar : add touchsensing
2025-06-26 16:38:51,548 [INFO] IPUIPlugin:80 - create IPUIPlugin
2025-06-26 16:38:51,548 [INFO] PluginManager:220 - loadIPPluginJar : add tracer_emb
2025-06-26 16:38:51,576 [INFO] IPUIPlugin:80 - create IPUIPlugin
2025-06-26 16:38:51,576 [INFO] PluginManager:220 - loadIPPluginJar : add ts
2025-06-26 16:38:51,604 [INFO] IPUIPlugin:80 - create IPUIPlugin
2025-06-26 16:38:51,604 [INFO] PluginManager:220 - loadIPPluginJar : add tsc
2025-06-26 16:38:51,632 [INFO] IPUIPlugin:80 - create IPUIPlugin
2025-06-26 16:38:51,632 [INFO] PluginManager:220 - loadIPPluginJar : add ucpd
2025-06-26 16:38:51,684 [INFO] IPUIPlugin:80 - create IPUIPlugin
2025-06-26 16:38:51,684 [INFO] PluginManager:220 - loadIPPluginJar : add usart
2025-06-26 16:38:51,737 [INFO] IPUIPlugin:80 - create IPUIPlugin
2025-06-26 16:38:51,737 [INFO] PluginManager:220 - loadIPPluginJar : add usbx
2025-06-26 16:38:51,861 [FATAL] Updater:351 - Updater called before beeing initialized
2025-06-26 16:38:51,864 [INFO] ThirdPartyUpdaterWithRetryManager:70 - Updater plugin not ready yet. [2/15]
2025-06-26 16:38:51,882 [INFO] RulesReader:64 - Compatibility file has been processed (301 Rules)
2025-06-26 16:38:51,892 [INFO] RulesReader:64 - Compatibility file has been processed (301 Rules)
2025-06-26 16:38:51,899 [INFO] CADModel:165 - CPN selected for project level
2025-06-26 16:38:51,899 [INFO] CADModel:114 - Register for checkConnection events
2025-06-26 16:38:51,899 [FATAL] Updater:351 - Updater called before beeing initialized
2025-06-26 16:38:51,899 [ERROR] CADModel:125 - Updater not yet initialized, retry later 
2025-06-26 16:38:52,039 [FATAL] Updater:351 - Updater called before beeing initialized
2025-06-26 16:38:52,041 [INFO] CADModel:165 - CPN selected for project level
2025-06-26 16:38:52,041 [INFO] CADModel:114 - Register for checkConnection events
2025-06-26 16:38:52,041 [FATAL] Updater:351 - Updater called before beeing initialized
2025-06-26 16:38:52,041 [ERROR] CADModel:125 - Updater not yet initialized, retry later 
2025-06-26 16:38:52,044 [FATAL] Updater:351 - Updater called before beeing initialized
2025-06-26 16:38:52,144 [FATAL] Updater:351 - Updater called before beeing initialized
2025-06-26 16:38:52,158 [INFO] DbMcusAds:53 - JSON generation date=Thu Jun 19 10:32:34 CEST 2025 (1750321954415)
2025-06-26 16:38:52,158 [FATAL] Updater:351 - Updater called before beeing initialized
2025-06-26 16:38:52,201 [WARN] DetailPanel:346 - Failed to get advertising image, set to default
2025-06-26 16:38:52,447 [FATAL] Updater:351 - Updater called before beeing initialized
2025-06-26 16:38:52,449 [FATAL] Updater:351 - Updater called before beeing initialized
2025-06-26 16:38:52,449 [FATAL] Updater:351 - Updater called before beeing initialized
2025-06-26 16:38:52,449 [WARN] DetailPanel:346 - Failed to get advertising image, set to default
2025-06-26 16:38:52,449 [FATAL] Updater:351 - Updater called before beeing initialized
2025-06-26 16:38:52,505 [ERROR] Updater:1198 - MainUpdater not yet initialized. External WinMGr cannot be set.
2025-06-26 16:38:52,516 [INFO] Updater:1134 - Updater Version found : 6.14.0
2025-06-26 16:38:52,537 [INFO] ApplicationProperties:184 - Using Application install path: C:\ST\STM32CubeIDE_1.18.0\STM32CubeIDE\plugins\com.st.stm32cube.common.mx_6.14.0.202502271554
2025-06-26 16:38:54,113 [ERROR] LogOutputStream:75 - [STDERR_REDIRECT] Jun 26, 2025 4:38:54 PM java.util.prefs.WindowsPreferences <init>
2025-06-26 16:38:54,114 [ERROR] LogOutputStream:75 - [STDERR_REDIRECT] WARNING: Could not open/create prefs root node Software\JavaSoft\Prefs at root 0xffffffff80000002. Windows RegCreateKeyEx(...) returned error code 5.
2025-06-26 16:38:54,114 [ERROR] LogOutputStream:75 - [STDERR_REDIRECT] 
2025-06-26 16:38:54,387 [INFO] MainUpdater:2872 - connection check result : 10
2025-06-26 16:38:54,387 [INFO] MainUpdater:289 - Updater Check For Update Now.
2025-06-26 16:38:54,387 [INFO] MicroXplorer:498 - Change Database Version : DB.6.0.140
2025-06-26 16:38:54,403 [INFO] McuFinderGlobals:63 - Set McuFinder mode to 2 (CubeIDE integrated)
2025-06-26 16:38:54,411 [INFO] UserAuth:486 - Internet connection configuration mode: 1
2025-06-26 16:38:54,449 [INFO] JxBrowserEngine:152 - Initiate JxBrowser Engine with user profile folder
2025-06-26 16:38:54,600 [INFO] CheckServerUpdateThread:120 - End of CheckServer Thread
2025-06-26 16:38:55,700 [WARN] PackLoader:240 - Cannot read IP mode file for STMicroelectronics.FP-SNS-MOTENVWB1.1.4.0
2025-06-26 16:38:55,747 [WARN] PackLoader:240 - Cannot read IP mode file for STMicroelectronics.FP-ATR-ASTRA1.2.0.2
2025-06-26 16:38:55,876 [WARN] PackLoader:240 - Cannot read IP mode file for STMicroelectronics.X-CUBE-SMBUS.2.1.0
2025-06-26 16:38:55,898 [WARN] PackLoader:240 - Cannot read IP mode file for STMicroelectronics.X-CUBE-WB05N.1.1.0
2025-06-26 16:38:55,915 [WARN] PackLoader:240 - Cannot read IP mode file for STMicroelectronics.X-CUBE-ST60.1.0.0
2025-06-26 16:38:55,968 [WARN] PackLoader:240 - Cannot read IP mode file for STMicroelectronics.X-CUBE-AZRTOS-F7.1.1.0
2025-06-26 16:38:55,991 [WARN] PackLoader:240 - Cannot read IP mode file for STMicroelectronics.FP-SNS-FLIGHT1.5.0.2
2025-06-26 16:38:56,040 [WARN] PackLoader:240 - Cannot read IP mode file for Infineon.AIROC-Wi-Fi-Bluetooth-STM32.1.7.0
2025-06-26 16:38:56,107 [WARN] PackLoader:240 - Cannot read IP mode file for STMicroelectronics.X-CUBE-DISPLAY.3.0.0
2025-06-26 16:38:56,242 [WARN] PackLoader:240 - Cannot read IP mode file for STMicroelectronics.X-CUBE-NFC10.1.0.0
2025-06-26 16:38:56,297 [WARN] PackLoader:240 - Cannot read IP mode file for STMicroelectronics.X-CUBE-BLEMGR.4.0.0
2025-06-26 16:38:56,336 [WARN] PackLoader:240 - Cannot read IP mode file for emotas.I-CUBE-CANOPEN.1.3.0
2025-06-26 16:38:56,357 [WARN] ConditionMgr:438 - getConditionDescription Invalid condition id : Cortex-A Device cause : null
2025-06-26 16:38:56,400 [WARN] ConditionMgr:1044 - genDependencies : Invalid condition id : Cortex-A Device cause : null
2025-06-26 16:38:56,400 [WARN] ConditionMgr:1044 - genDependencies : Invalid condition id : Cortex-A Device cause : null
2025-06-26 16:38:56,401 [WARN] ConditionMgr:1044 - genDependencies : Invalid condition id : Cortex-A Device cause : null
2025-06-26 16:38:56,418 [WARN] PackLoader:240 - Cannot read IP mode file for STMicroelectronics.X-CUBE-AI.10.0.0
2025-06-26 16:38:56,440 [WARN] PackLoader:240 - Cannot read IP mode file for STMicroelectronics.FP-SNS-SMARTAG2.1.2.0
2025-06-26 16:38:56,456 [WARN] PackLoader:240 - Cannot read IP mode file for STMicroelectronics.FP-SNS-FLIGHT1.5.1.0
2025-06-26 16:38:56,543 [WARN] PackLoader:240 - Cannot read IP mode file for STMicroelectronics.X-CUBE-MEMS1.11.1.0
2025-06-26 16:38:56,745 [INFO] LogOutputStream:77 - [STDOUT_REDIRECT] 1 : Invalid condition id : UX_CORESTACK_Condition cause : null
2025-06-26 16:38:56,746 [INFO] LogOutputStream:77 - [STDOUT_REDIRECT] 1 : Invalid condition id : UX_CORESTACK_Condition cause : null
2025-06-26 16:38:56,750 [INFO] LogOutputStream:77 - [STDOUT_REDIRECT] 1 : Invalid condition id : UX_CORESTACK_Condition cause : null
2025-06-26 16:38:56,752 [INFO] LogOutputStream:77 - [STDOUT_REDIRECT] 1 : Invalid condition id : UX_CORESTACK_Condition cause : null
2025-06-26 16:38:56,754 [INFO] LogOutputStream:77 - [STDOUT_REDIRECT] 1 : Invalid condition id : UX_CORESTACK_Condition cause : null
2025-06-26 16:38:56,758 [WARN] PackLoader:240 - Cannot read IP mode file for STMicroelectronics.X-CUBE-AZRTOS-WL.2.0.0
2025-06-26 16:38:56,783 [WARN] PackLoader:240 - Cannot read IP mode file for STMicroelectronics.FP-SNS-MOTENV1.5.0.0
2025-06-26 16:38:56,812 [WARN] PackLoader:240 - Cannot read IP mode file for WES.I-CUBE-Cesium.1.3.0
2025-06-26 16:38:56,837 [WARN] PackLoader:240 - Cannot read IP mode file for STMicroelectronics.X-CUBE-BLE2.3.3.0
2025-06-26 16:38:56,859 [WARN] PackLoader:240 - Cannot read IP mode file for STMicroelectronics.X-CUBE-NFC9.1.0.0
2025-06-26 16:38:56,890 [WARN] PackLoader:240 - Cannot read IP mode file for STMicroelectronics.X-CUBE-BLE1.7.1.0
2025-06-26 16:38:57,023 [WARN] PackLoader:240 - Cannot read IP mode file for wolfSSL.I-CUBE-wolfMQTT.1.19.2
2025-06-26 16:38:57,040 [INFO] WebApp:169 - Instantiating new browser for Auth
2025-06-26 16:38:57,042 [WARN] PackLoader:240 - Cannot read IP mode file for STMicroelectronics.X-CUBE-AI.10.1.0
2025-06-26 16:38:57,151 [WARN] PackLoader:240 - Cannot read IP mode file for STMicroelectronics.X-CUBE-MEMS1.11.2.0
2025-06-26 16:38:57,388 [WARN] PackLoader:240 - Cannot read IP mode file for STMicroelectronics.X-CUBE-AZRTOS-G0.1.1.0
2025-06-26 16:38:57,413 [WARN] PackLoader:240 - Cannot read IP mode file for STMicroelectronics.X-CUBE-SAFEA1.1.2.2
2025-06-26 16:38:57,441 [WARN] PackLoader:240 - Cannot read IP mode file for STMicroelectronics.X-CUBE-NFC4.3.0.0
2025-06-26 16:38:57,467 [WARN] PackLoader:240 - Cannot read IP mode file for EmbeddedOffice.I-CUBE-FS-RTOS.1.0.1
2025-06-26 16:38:57,485 [WARN] PackLoader:240 - Cannot read IP mode file for STMicroelectronics.X-CUBE-WB05N.2.0.0
2025-06-26 16:38:57,501 [WARN] PackLoader:240 - Cannot read IP mode file for wolfSSL.I-CUBE-wolfTPM.3.8.0
2025-06-26 16:38:57,519 [WARN] PackLoader:240 - Cannot read IP mode file for STMicroelectronics.X-CUBE-TCPP.4.2.0
2025-06-26 16:38:57,535 [WARN] PackLoader:240 - Cannot read IP mode file for RealThread.X-CUBE-RT-Thread_Nano.4.1.1
2025-06-26 16:38:57,550 [WARN] PackLoader:240 - Cannot read IP mode file for STMicroelectronics.FP-ATR-SIGFOX1.3.2.0
2025-06-26 16:38:57,563 [WARN] PackLoader:240 - Cannot read IP mode file for STMicroelectronics.X-CUBE-EEPRMA1.5.1.0
2025-06-26 16:38:57,577 [WARN] PackLoader:240 - Cannot read IP mode file for wolfSSL.I-CUBE-wolfSSL.5.7.6
2025-06-26 16:38:57,592 [WARN] PackLoader:240 - Cannot read IP mode file for ITTIA_DB.I-CUBE-ITTIADB.8.9.0
2025-06-26 16:38:57,606 [WARN] PackLoader:240 - Cannot read IP mode file for STMicroelectronics.X-CUBE-ST67W61.1.0.0
2025-06-26 16:38:57,642 [WARN] PackLoader:240 - Cannot read IP mode file for SEGGER.I-CUBE-embOS.1.3.1
2025-06-26 16:38:57,681 [WARN] PackLoader:240 - Cannot read IP mode file for STMicroelectronics.X-CUBE-ALGOBUILD.1.4.0
2025-06-26 16:38:57,757 [WARN] PackLoader:240 - Cannot read IP mode file for STMicroelectronics.X-CUBE-MEMS1.11.3.0
2025-06-26 16:38:57,881 [WARN] PackLoader:240 - Cannot read IP mode file for STMicroelectronics.X-CUBE-PM33A1.1.0.0
2025-06-26 16:38:57,914 [WARN] PackLoader:240 - Cannot read IP mode file for STMicroelectronics.X-CUBE-AZRTOS-F4.1.1.0
2025-06-26 16:38:57,929 [WARN] PackLoader:240 - Cannot read IP mode file for Avnet-IotConnect.X-CUBE-IoTC-DA16k-PMOD.1.0.0
2025-06-26 16:38:57,945 [WARN] PackLoader:240 - Cannot read IP mode file for STMicroelectronics.X-CUBE-ISPU.2.1.0
2025-06-26 16:38:57,981 [WARN] PackLoader:240 - Cannot read IP mode file for STMicroelectronics.X-CUBE-AZRTOS-L5.2.0.0
2025-06-26 16:38:58,003 [WARN] PackLoader:240 - Cannot read IP mode file for STMicroelectronics.X-CUBE-NFC6.3.1.0
2025-06-26 16:38:58,026 [WARN] PackLoader:240 - Cannot read IP mode file for STMicroelectronics.X-CUBE-DPower.1.2.0
2025-06-26 16:38:58,047 [WARN] PackLoader:240 - Cannot read IP mode file for STMicroelectronics.X-CUBE-FREERTOS.1.3.1
2025-06-26 16:38:58,068 [WARN] PackLoader:240 - Cannot read IP mode file for STMicroelectronics.X-CUBE-FREERTOS.1.3.0
2025-06-26 16:38:58,088 [WARN] PackLoader:240 - Cannot read IP mode file for STMicroelectronics.X-CUBE-NFC7.1.0.1
2025-06-26 16:38:58,116 [WARN] PackLoader:240 - Cannot read IP mode file for STMicroelectronics.FP-SNS-STAIOTCFT.1.0.0
2025-06-26 16:38:58,137 [WARN] PackLoader:240 - Cannot read IP mode file for STMicroelectronics.X-CUBE-DPower.1.3.0
2025-06-26 16:38:58,153 [INFO] WebApp:463 - Apply proxy settings
2025-06-26 16:38:58,154 [INFO] WebApp:548 - Chromium requires no authentication
2025-06-26 16:38:58,184 [INFO] WebApp:491 - Direct internet connection detected
2025-06-26 16:38:58,184 [WARN] ConditionMgr:438 - getConditionDescription Invalid condition id : LAN8742 Phy interface Condition cause : null
2025-06-26 16:38:58,185 [WARN] PackLoader:240 - Cannot read IP mode file for STMicroelectronics.X-CUBE-AZRTOS-L4.2.0.0
2025-06-26 16:38:58,186 [WARN] ConditionMgr:1044 - genDependencies : Invalid condition id : LAN8742 Phy interface Condition cause : null
2025-06-26 16:38:58,186 [WARN] ConditionMgr:1044 - genDependencies : Invalid condition id : LAN8742 Phy interface Condition cause : null
2025-06-26 16:38:58,187 [WARN] ConditionMgr:1044 - genDependencies : Invalid condition id : LAN8742 Phy interface Condition cause : null
2025-06-26 16:38:58,212 [WARN] PackLoader:240 - Cannot read IP mode file for STMicroelectronics.X-CUBE-SFXS2LP1.4.0.0
2025-06-26 16:38:58,249 [INFO] WebApp:894 - Register for checkConnection events
2025-06-26 16:38:58,250 [INFO] WebApp:463 - Apply proxy settings
2025-06-26 16:38:58,250 [INFO] WebApp:548 - Chromium requires no authentication
2025-06-26 16:38:58,252 [INFO] WebApp:491 - Direct internet connection detected
2025-06-26 16:38:58,271 [WARN] PackLoader:240 - Cannot read IP mode file for STMicroelectronics.X-CUBE-AZRTOS-H7.3.3.0
2025-06-26 16:38:58,311 [WARN] ConditionMgr:438 - getConditionDescription Invalid condition id : UX DEVICE CLASS RTOS Condition cause : null
2025-06-26 16:38:58,312 [WARN] ConditionMgr:438 - getConditionDescription Invalid condition id : UX DEVICE CLASS RTOS Condition cause : null
2025-06-26 16:38:58,314 [WARN] PackLoader:240 - Cannot read IP mode file for STMicroelectronics.X-CUBE-AZRTOS-WB.2.0.0
2025-06-26 16:38:58,315 [WARN] ConditionMgr:1044 - genDependencies : Invalid condition id : UX DEVICE CLASS RTOS Condition cause : null
2025-06-26 16:38:58,315 [WARN] ConditionMgr:1044 - genDependencies : Invalid condition id : UX DEVICE CLASS RTOS Condition cause : null
2025-06-26 16:38:58,315 [WARN] ConditionMgr:1044 - genDependencies : Invalid condition id : UX DEVICE CLASS RTOS Condition cause : null
2025-06-26 16:38:58,315 [WARN] ConditionMgr:1044 - genDependencies : Invalid condition id : UX DEVICE CLASS RTOS Condition cause : null
2025-06-26 16:38:58,315 [WARN] ConditionMgr:1044 - genDependencies : Invalid condition id : UX DEVICE CLASS RTOS Condition cause : null
2025-06-26 16:38:58,334 [WARN] PackLoader:240 - Cannot read IP mode file for STMicroelectronics.X-CUBE-GNSS1.7.0.1
2025-06-26 16:38:58,362 [WARN] PackLoader:240 - Cannot read IP mode file for STMicroelectronics.X-CUBE-TOUCHGFX.4.25.0
2025-06-26 16:38:58,384 [WARN] PackLoader:240 - Cannot read IP mode file for STMicroelectronics.FP-SNS-STBOX1.2.0.0
2025-06-26 16:38:58,423 [WARN] PackLoader:240 - Cannot read IP mode file for STMicroelectronics.X-CUBE-SUBG2.5.0.0
2025-06-26 16:38:58,446 [INFO] WebApp:191 - Connection restablished
2025-06-26 16:38:58,474 [WARN] PackLoader:240 - Cannot read IP mode file for STMicroelectronics.X-CUBE-AZRTOS-H7RS.1.1.0
2025-06-26 16:38:58,497 [WARN] PackLoader:240 - Cannot read IP mode file for Cesanta.I-CUBE-Mongoose.7.13.0
2025-06-26 16:38:58,535 [WARN] PackLoader:240 - Cannot read IP mode file for STMicroelectronics.X-CUBE-AZRTOS-G4.2.0.0
2025-06-26 16:38:58,553 [WARN] PackLoader:240 - Cannot read IP mode file for wolfSSL.I-CUBE-wolfSSH.1.4.20
2025-06-26 16:38:58,571 [WARN] PackLoader:240 - Cannot read IP mode file for STMicroelectronics.X-CUBE-NFC7.2.0.0
2025-06-26 16:38:58,599 [WARN] PackLoader:240 - Cannot read IP mode file for STMicroelectronics.X-CUBE-IPS.3.1.0
2025-06-26 16:38:58,624 [WARN] PackLoader:240 - Cannot read IP mode file for STMicroelectronics.X-CUBE-ALS.1.0.2
2025-06-26 16:38:58,642 [INFO] WebApp:225 - Starting web application
2025-06-26 16:38:58,642 [WARN] PackLoader:240 - Cannot read IP mode file for STMicroelectronics.X-CUBE-TOUCHGFX.4.24.2
2025-06-26 16:38:58,642 [INFO] WebApp:593 - Web application path used C:\ST\STM32CubeIDE_1.18.0\STM32CubeIDE\plugins\com.st.stm32cube.common.mx_6.14.0.202502271554\db\plugins\mcufinder\reactClient1\index.html
2025-06-26 16:38:58,666 [WARN] PackLoader:240 - Cannot read IP mode file for portGmbH.I-Cube-SoM-uGOAL.1.1.0
2025-06-26 16:38:58,715 [WARN] PackLoader:240 - Cannot read IP mode file for STMicroelectronics.X-CUBE-AZRTOS-H7RS.1.0.0
2025-06-26 16:38:58,746 [WARN] PackLoader:240 - Cannot read IP mode file for STMicroelectronics.X-CUBE-TOF1.3.4.2
2025-06-26 16:38:58,796 [WARN] PackLoader:240 - Cannot read IP mode file for STMicroelectronics.X-CUBE-TOF1.3.4.3
2025-06-26 16:38:58,809 [INFO] ThirdParty:978 - Integrity check success = true
2025-06-26 16:38:58,809 [INFO] IntegrityCheckThread:100 - exiting critical section [integrity check]
2025-06-26 16:38:58,809 [INFO] IntegrityCheckThread:103 - End integrity checks thread
2025-06-26 16:38:58,884 [INFO] UserAuth:486 - Internet connection configuration mode: 1
2025-06-26 16:43:28,470 [ERROR] LogOutputStream:75 - [STDERR_REDIRECT] 
2025-06-26 16:46:03,858 [INFO] Activator:176 - 


2025-06-26 16:46:03,860 [INFO] Activator:177 - !SESSION log4j initialized
2025-06-26 16:46:08,525 [INFO] LogOutputStream:77 - [STDOUT_REDIRECT] 
2025-06-26 16:46:17,355 [INFO] ApplicationProperties:184 - Using Application install path: C:\ST\STM32CubeIDE_1.18.0\STM32CubeIDE\plugins\com.st.stm32cube.common.mx_6.14.0.202502271554
2025-06-26 16:46:17,366 [INFO] DbMcusXml:78 - Set database path to: C:\ST\STM32CubeIDE_1.18.0\STM32CubeIDE\plugins\com.st.stm32cube.common.mx_6.14.0.202502271554\\db\/mcu/
2025-06-26 16:46:17,367 [INFO] ApiDb:274 - Set plugin database path to: C:\ST\STM32CubeIDE_1.18.0\STM32CubeIDE\plugins\com.st.stm32cube.common.mx_6.14.0.202502271554\\db\/plugins/boardmanager/
2025-06-26 16:46:17,367 [WARN] ApiDb:259 - Overriding images path with different value:  => C:\ST\STM32CubeIDE_1.18.0\STM32CubeIDE\plugins\com.st.stm32cube.common.mx_6.14.0.202502271554\\db\/plugins/mcufinder/images/
2025-06-26 16:46:17,371 [INFO] ApiDb:250 - Set database path to: C:\Users\marcv\.stmcufinder\plugins\mcufinder//mcu/
2025-06-26 16:46:17,371 [INFO] DbMcusAds:125 - Set database path to: C:\Users\marcv\.stmcufinder\plugins\mcufinder//mcu/
2025-06-26 16:46:17,373 [INFO] CrossReferenceDbSqlite:203 - Set database path to: C:\Users\marcv\.stmcufinder\plugins\mcufinder//mcu/cs/
2025-06-26 16:46:17,481 [INFO] RulesReader:64 - Compatibility file has been processed (301 Rules)
2025-06-26 16:46:17,543 [INFO] DbMcusXml:78 - Set database path to: C:\ST\STM32CubeIDE_1.18.0\STM32CubeIDE\plugins\com.st.stm32cube.common.mx_6.14.0.202502271554\\db\/mcu/
2025-06-26 16:46:17,543 [INFO] ApiDb:274 - Set plugin database path to: C:\ST\STM32CubeIDE_1.18.0\STM32CubeIDE\plugins\com.st.stm32cube.common.mx_6.14.0.202502271554\\db\/plugins/boardmanager/
2025-06-26 16:46:17,544 [INFO] ApiDb:261 - Set plugin images path to: C:\ST\STM32CubeIDE_1.18.0\STM32CubeIDE\plugins\com.st.stm32cube.common.mx_6.14.0.202502271554\\db\/plugins/mcufinder/images/
2025-06-26 16:46:17,544 [WARN] DbFile:41 - Overriding database path with different value: C:\Users\marcv\.stmcufinder\plugins\mcufinder/ => C:\Users\marcv\.stmcufinder\plugins\mcufinder
2025-06-26 16:46:17,544 [INFO] ApiDb:250 - Set database path to: C:\Users\marcv\.stmcufinder\plugins\mcufinder//mcu/
2025-06-26 16:46:17,544 [WARN] DbFile:41 - Overriding database path with different value: C:\Users\marcv\.stmcufinder\plugins\mcufinder/ => C:\Users\marcv\.stmcufinder\plugins\mcufinder
2025-06-26 16:46:17,544 [INFO] DbMcusAds:125 - Set database path to: C:\Users\marcv\.stmcufinder\plugins\mcufinder//mcu/
2025-06-26 16:46:17,544 [WARN] DbFile:41 - Overriding database path with different value: C:\Users\marcv\.stmcufinder\plugins\mcufinder/ => C:\Users\marcv\.stmcufinder\plugins\mcufinder
2025-06-26 16:46:17,544 [WARN] DbFile:41 - Overriding database path with different value: C:\Users\marcv\.stmcufinder\plugins\mcufinder/ => C:\Users\marcv\.stmcufinder\plugins\mcufinder
2025-06-26 16:46:17,544 [INFO] CrossReferenceDbSqlite:203 - Set database path to: C:\Users\marcv\.stmcufinder\plugins\mcufinder//mcu/cs/
2025-06-26 16:46:17,602 [INFO] MainPanel:272 - HeapMemory: 268435456
2025-06-26 16:46:17,675 [INFO] DbMcusXml:78 - Set database path to: C:\ST\STM32CubeIDE_1.18.0\STM32CubeIDE\plugins\com.st.stm32cube.common.mx_6.14.0.202502271554\\db\/mcu/
2025-06-26 16:46:17,675 [INFO] ApiDb:274 - Set plugin database path to: C:\ST\STM32CubeIDE_1.18.0\STM32CubeIDE\plugins\com.st.stm32cube.common.mx_6.14.0.202502271554\\db\/plugins/boardmanager/
2025-06-26 16:46:17,675 [INFO] ApiDb:261 - Set plugin images path to: C:\ST\STM32CubeIDE_1.18.0\STM32CubeIDE\plugins\com.st.stm32cube.common.mx_6.14.0.202502271554\\db\/plugins/mcufinder/images/
2025-06-26 16:46:17,676 [WARN] DbFile:41 - Overriding database path with different value: C:\Users\marcv\.stmcufinder\plugins\mcufinder/ => C:\Users\marcv\.stmcufinder\plugins\mcufinder
2025-06-26 16:46:17,676 [INFO] ApiDb:250 - Set database path to: C:\Users\marcv\.stmcufinder\plugins\mcufinder//mcu/
2025-06-26 16:46:17,676 [WARN] DbFile:41 - Overriding database path with different value: C:\Users\marcv\.stmcufinder\plugins\mcufinder/ => C:\Users\marcv\.stmcufinder\plugins\mcufinder
2025-06-26 16:46:17,676 [INFO] DbMcusAds:125 - Set database path to: C:\Users\marcv\.stmcufinder\plugins\mcufinder//mcu/
2025-06-26 16:46:17,676 [WARN] DbFile:41 - Overriding database path with different value: C:\Users\marcv\.stmcufinder\plugins\mcufinder/ => C:\Users\marcv\.stmcufinder\plugins\mcufinder
2025-06-26 16:46:17,676 [WARN] DbFile:41 - Overriding database path with different value: C:\Users\marcv\.stmcufinder\plugins\mcufinder/ => C:\Users\marcv\.stmcufinder\plugins\mcufinder
2025-06-26 16:46:17,676 [INFO] CrossReferenceDbSqlite:203 - Set database path to: C:\Users\marcv\.stmcufinder\plugins\mcufinder//mcu/cs/
2025-06-26 16:46:17,693 [INFO] ApplicationProperties:184 - Using Application install path: C:\ST\STM32CubeIDE_1.18.0\STM32CubeIDE\plugins\com.st.stm32cube.common.mx_6.14.0.202502271554
2025-06-26 16:46:17,695 [INFO] PluginManage:196 - Search for loadable plugins [exclusion list=, ]
2025-06-26 16:46:17,695 [INFO] PluginManage:310 - Check plugin analytics
2025-06-26 16:46:22,369 [INFO] AnalyticsPlugin:253 - Accepted Software Licenses: 
2025-06-26 16:46:22,369 [INFO] AnalyticsPlugin:255 - Accepted CMSIS Pack Licenses: 
2025-06-26 16:46:22,369 [INFO] AnalyticsPlugin:257 - Accepted Firmware Licenses: FW.H7.1.12.0
2025-06-26 16:46:22,371 [INFO] PluginManage:359 - Loaded plugin analytics (category:tool,tabindex:-1)
2025-06-26 16:46:22,372 [INFO] PluginManage:310 - Check plugin cadmodel
2025-06-26 16:46:22,391 [INFO] CADModel:105 - Init CAD model plugin
2025-06-26 16:46:22,391 [INFO] PluginManage:359 - Loaded plugin cadmodel (category:power,tabindex:5)
2025-06-26 16:46:22,391 [INFO] PluginManage:310 - Check plugin clock
2025-06-26 16:46:22,409 [INFO] PluginManage:359 - Loaded plugin clock (category:base,tabindex:2)
2025-06-26 16:46:22,409 [INFO] PluginManage:310 - Check plugin ddr
2025-06-26 16:46:22,411 [INFO] PluginManage:359 - Loaded plugin ddr (category:tool,tabindex:6)
2025-06-26 16:46:22,411 [INFO] PluginManage:310 - Check plugin filemanager
2025-06-26 16:46:22,527 [INFO] PluginManage:359 - Loaded plugin filemanager (category:base,tabindex:10)
2025-06-26 16:46:22,528 [INFO] PluginManage:310 - Check plugin ipmanager
2025-06-26 16:46:22,535 [INFO] PluginManage:359 - Loaded plugin ipmanager (category:base,tabindex:5)
2025-06-26 16:46:22,535 [INFO] PluginManage:310 - Check plugin lpbam
2025-06-26 16:46:22,558 [INFO] PluginManage:359 - Loaded plugin lpbam (category:base,tabindex:0)
2025-06-26 16:46:22,558 [INFO] PluginManage:310 - Check plugin memorymap
2025-06-26 16:46:22,579 [INFO] PluginManage:359 - Loaded plugin memorymap (category:base,tabindex:4)
2025-06-26 16:46:22,579 [INFO] PluginManage:310 - Check plugin pinoutandconfiguration
2025-06-26 16:46:22,599 [INFO] PluginManage:359 - Loaded plugin pinoutandconfiguration (category:base,tabindex:1)
2025-06-26 16:46:22,599 [INFO] PluginManage:310 - Check plugin pinoutconfig
2025-06-26 16:46:22,690 [WARN] SupportedApi:132 - Cannot load RTOS API schema: s4s-elt-must-match.1: The content of 'definitions' must match (annotation?, (simpleType | complexType)?, (unique | key | keyref)*)). A problem was found starting at: attribute.
2025-06-26 16:46:22,810 [INFO] PluginManage:359 - Loaded plugin pinoutconfig (category:base,tabindex:0)
2025-06-26 16:46:22,810 [INFO] PluginManage:310 - Check plugin power
2025-06-26 16:46:22,833 [INFO] PluginManage:359 - Loaded plugin power (category:power,tabindex:4)
2025-06-26 16:46:22,833 [INFO] PluginManage:310 - Check plugin projectmanager
2025-06-26 16:46:22,848 [INFO] PluginManage:359 - Loaded plugin projectmanager (category:projectmanager,tabindex:4)
2025-06-26 16:46:22,848 [INFO] PluginManage:310 - Check plugin rif
2025-06-26 16:46:22,865 [INFO] PluginManage:359 - Loaded plugin rif (category:base,tabindex:3)
2025-06-26 16:46:22,865 [INFO] PluginManage:310 - Check plugin thirdparty
2025-06-26 16:46:23,162 [INFO] PluginManage:359 - Loaded plugin thirdparty (category:base,tabindex:-1)
2025-06-26 16:46:23,162 [WARN] IntegrityCheckThread:84 - waiting for thirdparty lock release [integrity check]
2025-06-26 16:46:23,162 [INFO] PluginManage:310 - Check plugin tools
2025-06-26 16:46:23,162 [INFO] IntegrityCheckThread:86 - entering critical section [integrity check]
2025-06-26 16:46:23,163 [INFO] ThirdPartyUpdaterWithRetryManager:70 - Updater plugin not ready yet. [1/15]
2025-06-26 16:46:23,214 [INFO] PluginManage:359 - Loaded plugin tools (category:base,tabindex:7)
2025-06-26 16:46:23,214 [INFO] PluginManage:310 - Check plugin tutovideos
2025-06-26 16:46:23,399 [INFO] PluginManage:359 - Loaded plugin tutovideos (category:base,tabindex:-1)
2025-06-26 16:46:23,399 [INFO] PluginManage:310 - Check plugin updater
2025-06-26 16:46:23,418 [INFO] PluginManage:359 - Loaded plugin updater (category:base,tabindex:12)
2025-06-26 16:46:23,418 [INFO] PluginManage:310 - Check plugin userauth
2025-06-26 16:46:23,421 [INFO] UserAuth:118 - Init User Auth plugin
2025-06-26 16:46:23,422 [INFO] PluginManage:359 - Loaded plugin userauth (category:base,tabindex:14)
2025-06-26 16:46:23,423 [INFO] PluginManage:283 - PluginManage : Loaded plugins [18]
2025-06-26 16:46:23,628 [INFO] PinOutPanel:1589 - setPackage(No Configuration,No Configuration)
2025-06-26 16:46:23,706 [INFO] CADModel:165 - CPN selected for project level
2025-06-26 16:46:23,706 [INFO] CADModel:114 - Register for checkConnection events
2025-06-26 16:46:23,731 [INFO] IPUIPlugin:80 - create IPUIPlugin
2025-06-26 16:46:23,731 [INFO] PluginManager:220 - loadIPPluginJar : add adc
2025-06-26 16:46:23,778 [INFO] IPUIPlugin:80 - create IPUIPlugin
2025-06-26 16:46:23,778 [INFO] PluginManager:220 - loadIPPluginJar : add aes
2025-06-26 16:46:23,833 [INFO] IPUIPlugin:80 - create IPUIPlugin
2025-06-26 16:46:23,833 [INFO] PluginManager:220 - loadIPPluginJar : add can
2025-06-26 16:46:23,865 [INFO] IPUIPlugin:80 - create IPUIPlugin
2025-06-26 16:46:23,866 [INFO] PluginManager:220 - loadIPPluginJar : add comp
2025-06-26 16:46:23,911 [INFO] IPUIPlugin:80 - create IPUIPlugin
2025-06-26 16:46:23,911 [INFO] PluginManager:220 - loadIPPluginJar : add cryp
2025-06-26 16:46:23,925 [INFO] IPUIPlugin:80 - create IPUIPlugin
2025-06-26 16:46:23,925 [INFO] PluginManager:220 - loadIPPluginJar : add ddr_ctrl_phy
2025-06-26 16:46:23,965 [INFO] IPUIPlugin:80 - create IPUIPlugin
2025-06-26 16:46:23,965 [INFO] PluginManager:220 - loadIPPluginJar : add dfsdm
2025-06-26 16:46:23,981 [INFO] IPUIPlugin:80 - create IPUIPlugin
2025-06-26 16:46:23,982 [INFO] PluginManager:220 - loadIPPluginJar : add dma
2025-06-26 16:46:24,039 [INFO] IPUIPlugin:80 - create IPUIPlugin
2025-06-26 16:46:24,039 [INFO] PluginManager:220 - loadIPPluginJar : add dma3
2025-06-26 16:46:24,098 [INFO] IPUIPlugin:80 - create IPUIPlugin
2025-06-26 16:46:24,098 [INFO] PluginManager:220 - loadIPPluginJar : add extmemmanager
2025-06-26 16:46:24,132 [INFO] IPUIPlugin:80 - create IPUIPlugin
2025-06-26 16:46:24,132 [INFO] PluginManager:220 - loadIPPluginJar : add fatfs
2025-06-26 16:46:24,203 [INFO] IPUIPlugin:80 - create IPUIPlugin
2025-06-26 16:46:24,203 [INFO] PluginManager:220 - loadIPPluginJar : add fmc
2025-06-26 16:46:24,223 [INFO] IPUIPlugin:80 - create IPUIPlugin
2025-06-26 16:46:24,223 [INFO] PluginManager:220 - loadIPPluginJar : add freertos
2025-06-26 16:46:24,259 [INFO] IPUIPlugin:80 - create IPUIPlugin
2025-06-26 16:46:24,259 [INFO] PluginManager:220 - loadIPPluginJar : add genericplugin
2025-06-26 16:46:24,403 [INFO] IPUIPlugin:80 - create IPUIPlugin
2025-06-26 16:46:24,403 [INFO] PluginManager:220 - loadIPPluginJar : add gfxmmu
2025-06-26 16:46:24,612 [INFO] IPUIPlugin:80 - create IPUIPlugin
2025-06-26 16:46:24,612 [INFO] PluginManager:220 - loadIPPluginJar : add gic
2025-06-26 16:46:24,628 [INFO] IPUIPlugin:80 - create IPUIPlugin
2025-06-26 16:46:24,628 [INFO] PluginManager:220 - loadIPPluginJar : add gpio
2025-06-26 16:46:24,749 [INFO] IPUIPlugin:80 - create IPUIPlugin
2025-06-26 16:46:24,749 [INFO] PluginManager:220 - loadIPPluginJar : add gtzc
2025-06-26 16:46:24,793 [INFO] IPUIPlugin:80 - create IPUIPlugin
2025-06-26 16:46:24,793 [INFO] PluginManager:220 - loadIPPluginJar : add hash
2025-06-26 16:46:24,859 [INFO] IPUIPlugin:80 - create IPUIPlugin
2025-06-26 16:46:24,859 [INFO] PluginManager:220 - loadIPPluginJar : add i2c
2025-06-26 16:46:24,912 [INFO] IPUIPlugin:80 - create IPUIPlugin
2025-06-26 16:46:24,912 [INFO] PluginManager:220 - loadIPPluginJar : add i2s
2025-06-26 16:46:24,961 [INFO] IPUIPlugin:80 - create IPUIPlugin
2025-06-26 16:46:24,961 [INFO] PluginManager:220 - loadIPPluginJar : add i3c
2025-06-26 16:46:25,081 [INFO] IPUIPlugin:80 - create IPUIPlugin
2025-06-26 16:46:25,081 [INFO] PluginManager:220 - loadIPPluginJar : add ipddr
2025-06-26 16:46:25,205 [INFO] IPUIPlugin:80 - create IPUIPlugin
2025-06-26 16:46:25,205 [INFO] PluginManager:220 - loadIPPluginJar : add linkedlist
2025-06-26 16:46:25,254 [INFO] IPUIPlugin:80 - create IPUIPlugin
2025-06-26 16:46:25,254 [INFO] PluginManager:220 - loadIPPluginJar : add lorawan
2025-06-26 16:46:25,299 [INFO] IPUIPlugin:80 - create IPUIPlugin
2025-06-26 16:46:25,299 [INFO] PluginManager:220 - loadIPPluginJar : add ltdc
2025-06-26 16:46:25,313 [INFO] IPUIPlugin:80 - create IPUIPlugin
2025-06-26 16:46:25,313 [INFO] PluginManager:220 - loadIPPluginJar : add mdma
2025-06-26 16:46:25,325 [INFO] IPUIPlugin:80 - create IPUIPlugin
2025-06-26 16:46:25,326 [INFO] PluginManager:220 - loadIPPluginJar : add nvic
2025-06-26 16:46:25,372 [INFO] IPUIPlugin:80 - create IPUIPlugin
2025-06-26 16:46:25,372 [INFO] PluginManager:220 - loadIPPluginJar : add opamp
2025-06-26 16:46:25,450 [INFO] IPUIPlugin:80 - create IPUIPlugin
2025-06-26 16:46:25,450 [INFO] PluginManager:220 - loadIPPluginJar : add openamp
2025-06-26 16:46:25,502 [INFO] IPUIPlugin:80 - create IPUIPlugin
2025-06-26 16:46:25,502 [INFO] PluginManager:220 - loadIPPluginJar : add pdm2pcm
2025-06-26 16:46:25,519 [INFO] IPUIPlugin:80 - create IPUIPlugin
2025-06-26 16:46:25,521 [INFO] PluginManager:220 - loadIPPluginJar : add plateformsettings
2025-06-26 16:46:25,549 [INFO] IPUIPlugin:80 - create IPUIPlugin
2025-06-26 16:46:25,549 [INFO] PluginManager:220 - loadIPPluginJar : add quadspi
2025-06-26 16:46:25,581 [INFO] IPUIPlugin:80 - create IPUIPlugin
2025-06-26 16:46:25,582 [INFO] PluginManager:220 - loadIPPluginJar : add radio
2025-06-26 16:46:25,595 [INFO] IPUIPlugin:80 - create IPUIPlugin
2025-06-26 16:46:25,595 [INFO] PluginManager:220 - loadIPPluginJar : add resmgrutility
2025-06-26 16:46:25,653 [INFO] IPUIPlugin:80 - create IPUIPlugin
2025-06-26 16:46:25,654 [INFO] PluginManager:220 - loadIPPluginJar : add sai
2025-06-26 16:46:25,701 [INFO] IPUIPlugin:80 - create IPUIPlugin
2025-06-26 16:46:25,701 [INFO] PluginManager:220 - loadIPPluginJar : add spi
2025-06-26 16:46:25,791 [INFO] IPUIPlugin:80 - create IPUIPlugin
2025-06-26 16:46:25,791 [INFO] PluginManager:220 - loadIPPluginJar : add stm32_wpan
2025-06-26 16:46:25,821 [INFO] IPUIPlugin:80 - create IPUIPlugin
2025-06-26 16:46:25,821 [INFO] PluginManager:220 - loadIPPluginJar : add tim
2025-06-26 16:46:25,893 [INFO] IPUIPlugin:80 - create IPUIPlugin
2025-06-26 16:46:25,893 [INFO] PluginManager:220 - loadIPPluginJar : add touchsensing
2025-06-26 16:46:25,921 [INFO] IPUIPlugin:80 - create IPUIPlugin
2025-06-26 16:46:25,922 [INFO] PluginManager:220 - loadIPPluginJar : add tracer_emb
2025-06-26 16:46:25,951 [INFO] IPUIPlugin:80 - create IPUIPlugin
2025-06-26 16:46:25,951 [INFO] PluginManager:220 - loadIPPluginJar : add ts
2025-06-26 16:46:25,978 [INFO] IPUIPlugin:80 - create IPUIPlugin
2025-06-26 16:46:25,978 [INFO] PluginManager:220 - loadIPPluginJar : add tsc
2025-06-26 16:46:26,003 [INFO] IPUIPlugin:80 - create IPUIPlugin
2025-06-26 16:46:26,003 [INFO] PluginManager:220 - loadIPPluginJar : add ucpd
2025-06-26 16:46:26,059 [INFO] IPUIPlugin:80 - create IPUIPlugin
2025-06-26 16:46:26,059 [INFO] PluginManager:220 - loadIPPluginJar : add usart
2025-06-26 16:46:26,134 [INFO] IPUIPlugin:80 - create IPUIPlugin
2025-06-26 16:46:26,134 [INFO] PluginManager:220 - loadIPPluginJar : add usbx
2025-06-26 16:46:26,164 [INFO] ThirdPartyUpdaterWithRetryManager:70 - Updater plugin not ready yet. [2/15]
2025-06-26 16:46:26,269 [FATAL] Updater:351 - Updater called before beeing initialized
2025-06-26 16:46:26,289 [INFO] RulesReader:64 - Compatibility file has been processed (301 Rules)
2025-06-26 16:46:26,298 [INFO] RulesReader:64 - Compatibility file has been processed (301 Rules)
2025-06-26 16:46:26,303 [INFO] CADModel:165 - CPN selected for project level
2025-06-26 16:46:26,303 [INFO] CADModel:114 - Register for checkConnection events
2025-06-26 16:46:26,304 [FATAL] Updater:351 - Updater called before beeing initialized
2025-06-26 16:46:26,304 [ERROR] CADModel:125 - Updater not yet initialized, retry later 
2025-06-26 16:46:26,409 [FATAL] Updater:351 - Updater called before beeing initialized
2025-06-26 16:46:26,411 [INFO] CADModel:165 - CPN selected for project level
2025-06-26 16:46:26,411 [INFO] CADModel:114 - Register for checkConnection events
2025-06-26 16:46:26,412 [FATAL] Updater:351 - Updater called before beeing initialized
2025-06-26 16:46:26,412 [ERROR] CADModel:125 - Updater not yet initialized, retry later 
2025-06-26 16:46:26,415 [FATAL] Updater:351 - Updater called before beeing initialized
2025-06-26 16:46:26,530 [FATAL] Updater:351 - Updater called before beeing initialized
2025-06-26 16:46:26,542 [INFO] DbMcusAds:53 - JSON generation date=Thu Jun 19 10:32:34 CEST 2025 (1750321954415)
2025-06-26 16:46:26,542 [FATAL] Updater:351 - Updater called before beeing initialized
2025-06-26 16:46:26,594 [WARN] DetailPanel:346 - Failed to get advertising image, set to default
2025-06-26 16:46:26,889 [FATAL] Updater:351 - Updater called before beeing initialized
2025-06-26 16:46:26,890 [FATAL] Updater:351 - Updater called before beeing initialized
2025-06-26 16:46:26,890 [FATAL] Updater:351 - Updater called before beeing initialized
2025-06-26 16:46:26,891 [WARN] DetailPanel:346 - Failed to get advertising image, set to default
2025-06-26 16:46:26,892 [FATAL] Updater:351 - Updater called before beeing initialized
2025-06-26 16:46:26,947 [ERROR] Updater:1198 - MainUpdater not yet initialized. External WinMGr cannot be set.
2025-06-26 16:46:26,958 [INFO] Updater:1134 - Updater Version found : 6.14.0
2025-06-26 16:46:26,971 [INFO] ApplicationProperties:184 - Using Application install path: C:\ST\STM32CubeIDE_1.18.0\STM32CubeIDE\plugins\com.st.stm32cube.common.mx_6.14.0.202502271554
2025-06-26 16:46:28,545 [ERROR] LogOutputStream:75 - [STDERR_REDIRECT] Jun 26, 2025 4:46:28 PM java.util.prefs.WindowsPreferences <init>
2025-06-26 16:46:28,547 [ERROR] LogOutputStream:75 - [STDERR_REDIRECT] WARNING: Could not open/create prefs root node Software\JavaSoft\Prefs at root 0xffffffff80000002. Windows RegCreateKeyEx(...) returned error code 5.
2025-06-26 16:46:28,547 [ERROR] LogOutputStream:75 - [STDERR_REDIRECT] 
2025-06-26 16:46:28,783 [INFO] MainUpdater:2872 - connection check result : 10
2025-06-26 16:46:28,785 [INFO] MainUpdater:289 - Updater Check For Update Now.
2025-06-26 16:46:28,785 [INFO] MicroXplorer:498 - Change Database Version : DB.6.0.140
2025-06-26 16:46:28,804 [INFO] McuFinderGlobals:63 - Set McuFinder mode to 2 (CubeIDE integrated)
2025-06-26 16:46:28,815 [INFO] UserAuth:486 - Internet connection configuration mode: 1
2025-06-26 16:46:28,846 [INFO] JxBrowserEngine:152 - Initiate JxBrowser Engine with user profile folder
2025-06-26 16:46:29,043 [INFO] CheckServerUpdateThread:120 - End of CheckServer Thread
2025-06-26 16:46:29,359 [WARN] PackLoader:240 - Cannot read IP mode file for STMicroelectronics.FP-SNS-MOTENVWB1.1.4.0
2025-06-26 16:46:29,381 [WARN] PackLoader:240 - Cannot read IP mode file for STMicroelectronics.FP-ATR-ASTRA1.2.0.2
2025-06-26 16:46:29,397 [WARN] PackLoader:240 - Cannot read IP mode file for STMicroelectronics.X-CUBE-SMBUS.2.1.0
2025-06-26 16:46:29,414 [WARN] PackLoader:240 - Cannot read IP mode file for STMicroelectronics.X-CUBE-WB05N.1.1.0
2025-06-26 16:46:29,429 [WARN] PackLoader:240 - Cannot read IP mode file for STMicroelectronics.X-CUBE-ST60.1.0.0
2025-06-26 16:46:29,468 [WARN] PackLoader:240 - Cannot read IP mode file for STMicroelectronics.X-CUBE-AZRTOS-F7.1.1.0
2025-06-26 16:46:29,497 [WARN] PackLoader:240 - Cannot read IP mode file for STMicroelectronics.FP-SNS-FLIGHT1.5.0.2
2025-06-26 16:46:29,540 [WARN] PackLoader:240 - Cannot read IP mode file for Infineon.AIROC-Wi-Fi-Bluetooth-STM32.1.7.0
2025-06-26 16:46:29,574 [WARN] PackLoader:240 - Cannot read IP mode file for STMicroelectronics.X-CUBE-DISPLAY.3.0.0
2025-06-26 16:46:29,634 [WARN] PackLoader:240 - Cannot read IP mode file for STMicroelectronics.X-CUBE-NFC10.1.0.0
2025-06-26 16:46:29,669 [WARN] PackLoader:240 - Cannot read IP mode file for STMicroelectronics.X-CUBE-BLEMGR.4.0.0
2025-06-26 16:46:29,689 [WARN] PackLoader:240 - Cannot read IP mode file for emotas.I-CUBE-CANOPEN.1.3.0
2025-06-26 16:46:29,703 [WARN] ConditionMgr:438 - getConditionDescription Invalid condition id : Cortex-A Device cause : null
2025-06-26 16:46:29,726 [WARN] ConditionMgr:1044 - genDependencies : Invalid condition id : Cortex-A Device cause : null
2025-06-26 16:46:29,726 [WARN] ConditionMgr:1044 - genDependencies : Invalid condition id : Cortex-A Device cause : null
2025-06-26 16:46:29,726 [WARN] ConditionMgr:1044 - genDependencies : Invalid condition id : Cortex-A Device cause : null
2025-06-26 16:46:29,741 [WARN] PackLoader:240 - Cannot read IP mode file for STMicroelectronics.X-CUBE-AI.10.0.0
2025-06-26 16:46:29,758 [WARN] PackLoader:240 - Cannot read IP mode file for STMicroelectronics.FP-SNS-SMARTAG2.1.2.0
2025-06-26 16:46:29,759 [INFO] WebApp:169 - Instantiating new browser for Auth
2025-06-26 16:46:29,772 [WARN] PackLoader:240 - Cannot read IP mode file for STMicroelectronics.FP-SNS-FLIGHT1.5.1.0
2025-06-26 16:46:29,852 [WARN] PackLoader:240 - Cannot read IP mode file for STMicroelectronics.X-CUBE-MEMS1.11.1.0
2025-06-26 16:46:30,015 [INFO] LogOutputStream:77 - [STDOUT_REDIRECT] 1 : Invalid condition id : UX_CORESTACK_Condition cause : null
2025-06-26 16:46:30,016 [INFO] LogOutputStream:77 - [STDOUT_REDIRECT] 1 : Invalid condition id : UX_CORESTACK_Condition cause : null
2025-06-26 16:46:30,017 [INFO] LogOutputStream:77 - [STDOUT_REDIRECT] 1 : Invalid condition id : UX_CORESTACK_Condition cause : null
2025-06-26 16:46:30,019 [INFO] LogOutputStream:77 - [STDOUT_REDIRECT] 1 : Invalid condition id : UX_CORESTACK_Condition cause : null
2025-06-26 16:46:30,020 [INFO] LogOutputStream:77 - [STDOUT_REDIRECT] 1 : Invalid condition id : UX_CORESTACK_Condition cause : null
2025-06-26 16:46:30,022 [WARN] PackLoader:240 - Cannot read IP mode file for STMicroelectronics.X-CUBE-AZRTOS-WL.2.0.0
2025-06-26 16:46:30,038 [WARN] PackLoader:240 - Cannot read IP mode file for STMicroelectronics.FP-SNS-MOTENV1.5.0.0
2025-06-26 16:46:30,058 [WARN] PackLoader:240 - Cannot read IP mode file for WES.I-CUBE-Cesium.1.3.0
2025-06-26 16:46:30,072 [WARN] PackLoader:240 - Cannot read IP mode file for STMicroelectronics.X-CUBE-BLE2.3.3.0
2025-06-26 16:46:30,091 [WARN] PackLoader:240 - Cannot read IP mode file for STMicroelectronics.X-CUBE-NFC9.1.0.0
2025-06-26 16:46:30,107 [WARN] PackLoader:240 - Cannot read IP mode file for STMicroelectronics.X-CUBE-BLE1.7.1.0
2025-06-26 16:46:30,123 [WARN] PackLoader:240 - Cannot read IP mode file for wolfSSL.I-CUBE-wolfMQTT.1.19.2
2025-06-26 16:46:30,141 [WARN] PackLoader:240 - Cannot read IP mode file for STMicroelectronics.X-CUBE-AI.10.1.0
2025-06-26 16:46:30,210 [WARN] PackLoader:240 - Cannot read IP mode file for STMicroelectronics.X-CUBE-MEMS1.11.2.0
2025-06-26 16:46:30,377 [WARN] PackLoader:240 - Cannot read IP mode file for STMicroelectronics.X-CUBE-AZRTOS-G0.1.1.0
2025-06-26 16:46:30,403 [WARN] PackLoader:240 - Cannot read IP mode file for STMicroelectronics.X-CUBE-SAFEA1.1.2.2
2025-06-26 16:46:30,427 [WARN] PackLoader:240 - Cannot read IP mode file for STMicroelectronics.X-CUBE-NFC4.3.0.0
2025-06-26 16:46:30,449 [WARN] PackLoader:240 - Cannot read IP mode file for EmbeddedOffice.I-CUBE-FS-RTOS.1.0.1
2025-06-26 16:46:30,468 [WARN] PackLoader:240 - Cannot read IP mode file for STMicroelectronics.X-CUBE-WB05N.2.0.0
2025-06-26 16:46:30,488 [WARN] PackLoader:240 - Cannot read IP mode file for wolfSSL.I-CUBE-wolfTPM.3.8.0
2025-06-26 16:46:30,508 [WARN] PackLoader:240 - Cannot read IP mode file for STMicroelectronics.X-CUBE-TCPP.4.2.0
2025-06-26 16:46:30,516 [INFO] WebApp:463 - Apply proxy settings
2025-06-26 16:46:30,516 [INFO] WebApp:548 - Chromium requires no authentication
2025-06-26 16:46:30,524 [INFO] WebApp:491 - Direct internet connection detected
2025-06-26 16:46:30,526 [WARN] PackLoader:240 - Cannot read IP mode file for RealThread.X-CUBE-RT-Thread_Nano.4.1.1
2025-06-26 16:46:30,540 [WARN] PackLoader:240 - Cannot read IP mode file for STMicroelectronics.FP-ATR-SIGFOX1.3.2.0
2025-06-26 16:46:30,541 [INFO] WebApp:894 - Register for checkConnection events
2025-06-26 16:46:30,541 [INFO] WebApp:463 - Apply proxy settings
2025-06-26 16:46:30,542 [INFO] WebApp:548 - Chromium requires no authentication
2025-06-26 16:46:30,544 [INFO] WebApp:491 - Direct internet connection detected
2025-06-26 16:46:30,560 [WARN] PackLoader:240 - Cannot read IP mode file for STMicroelectronics.X-CUBE-EEPRMA1.5.1.0
2025-06-26 16:46:30,574 [WARN] PackLoader:240 - Cannot read IP mode file for wolfSSL.I-CUBE-wolfSSL.5.7.6
2025-06-26 16:46:30,592 [WARN] PackLoader:240 - Cannot read IP mode file for ITTIA_DB.I-CUBE-ITTIADB.8.9.0
2025-06-26 16:46:30,613 [WARN] PackLoader:240 - Cannot read IP mode file for STMicroelectronics.X-CUBE-ST67W61.1.0.0
2025-06-26 16:46:30,648 [WARN] PackLoader:240 - Cannot read IP mode file for SEGGER.I-CUBE-embOS.1.3.1
2025-06-26 16:46:30,686 [WARN] PackLoader:240 - Cannot read IP mode file for STMicroelectronics.X-CUBE-ALGOBUILD.1.4.0
2025-06-26 16:46:30,712 [INFO] WebApp:225 - Starting web application
2025-06-26 16:46:30,712 [INFO] WebApp:593 - Web application path used C:\ST\STM32CubeIDE_1.18.0\STM32CubeIDE\plugins\com.st.stm32cube.common.mx_6.14.0.202502271554\db\plugins\mcufinder\reactClient1\index.html
2025-06-26 16:46:30,739 [WARN] PackLoader:240 - Cannot read IP mode file for STMicroelectronics.X-CUBE-MEMS1.11.3.0
2025-06-26 16:46:30,890 [WARN] PackLoader:240 - Cannot read IP mode file for STMicroelectronics.X-CUBE-PM33A1.1.0.0
2025-06-26 16:46:30,914 [INFO] WebApp:191 - Connection restablished
2025-06-26 16:46:30,931 [WARN] PackLoader:240 - Cannot read IP mode file for STMicroelectronics.X-CUBE-AZRTOS-F4.1.1.0
2025-06-26 16:46:30,939 [INFO] UserAuth:486 - Internet connection configuration mode: 1
2025-06-26 16:46:30,956 [WARN] PackLoader:240 - Cannot read IP mode file for Avnet-IotConnect.X-CUBE-IoTC-DA16k-PMOD.1.0.0
2025-06-26 16:46:30,973 [WARN] PackLoader:240 - Cannot read IP mode file for STMicroelectronics.X-CUBE-ISPU.2.1.0
2025-06-26 16:46:31,009 [WARN] PackLoader:240 - Cannot read IP mode file for STMicroelectronics.X-CUBE-AZRTOS-L5.2.0.0
2025-06-26 16:46:31,032 [WARN] PackLoader:240 - Cannot read IP mode file for STMicroelectronics.X-CUBE-NFC6.3.1.0
2025-06-26 16:46:31,053 [WARN] PackLoader:240 - Cannot read IP mode file for STMicroelectronics.X-CUBE-DPower.1.2.0
2025-06-26 16:46:31,080 [WARN] PackLoader:240 - Cannot read IP mode file for STMicroelectronics.X-CUBE-FREERTOS.1.3.1
2025-06-26 16:46:31,099 [WARN] PackLoader:240 - Cannot read IP mode file for STMicroelectronics.X-CUBE-FREERTOS.1.3.0
2025-06-26 16:46:31,118 [WARN] PackLoader:240 - Cannot read IP mode file for STMicroelectronics.X-CUBE-NFC7.1.0.1
2025-06-26 16:46:31,137 [WARN] PackLoader:240 - Cannot read IP mode file for STMicroelectronics.FP-SNS-STAIOTCFT.1.0.0
2025-06-26 16:46:31,154 [WARN] PackLoader:240 - Cannot read IP mode file for STMicroelectronics.X-CUBE-DPower.1.3.0
2025-06-26 16:46:31,192 [WARN] ConditionMgr:438 - getConditionDescription Invalid condition id : LAN8742 Phy interface Condition cause : null
2025-06-26 16:46:31,192 [WARN] PackLoader:240 - Cannot read IP mode file for STMicroelectronics.X-CUBE-AZRTOS-L4.2.0.0
2025-06-26 16:46:31,194 [WARN] ConditionMgr:1044 - genDependencies : Invalid condition id : LAN8742 Phy interface Condition cause : null
2025-06-26 16:46:31,194 [WARN] ConditionMgr:1044 - genDependencies : Invalid condition id : LAN8742 Phy interface Condition cause : null
2025-06-26 16:46:31,195 [WARN] ConditionMgr:1044 - genDependencies : Invalid condition id : LAN8742 Phy interface Condition cause : null
2025-06-26 16:46:31,219 [WARN] PackLoader:240 - Cannot read IP mode file for STMicroelectronics.X-CUBE-SFXS2LP1.4.0.0
2025-06-26 16:46:31,262 [WARN] PackLoader:240 - Cannot read IP mode file for STMicroelectronics.X-CUBE-AZRTOS-H7.3.3.0
2025-06-26 16:46:31,299 [WARN] ConditionMgr:438 - getConditionDescription Invalid condition id : UX DEVICE CLASS RTOS Condition cause : null
2025-06-26 16:46:31,299 [WARN] ConditionMgr:438 - getConditionDescription Invalid condition id : UX DEVICE CLASS RTOS Condition cause : null
2025-06-26 16:46:31,300 [WARN] PackLoader:240 - Cannot read IP mode file for STMicroelectronics.X-CUBE-AZRTOS-WB.2.0.0
2025-06-26 16:46:31,301 [WARN] ConditionMgr:1044 - genDependencies : Invalid condition id : UX DEVICE CLASS RTOS Condition cause : null
2025-06-26 16:46:31,301 [WARN] ConditionMgr:1044 - genDependencies : Invalid condition id : UX DEVICE CLASS RTOS Condition cause : null
2025-06-26 16:46:31,302 [WARN] ConditionMgr:1044 - genDependencies : Invalid condition id : UX DEVICE CLASS RTOS Condition cause : null
2025-06-26 16:46:31,302 [WARN] ConditionMgr:1044 - genDependencies : Invalid condition id : UX DEVICE CLASS RTOS Condition cause : null
2025-06-26 16:46:31,302 [WARN] ConditionMgr:1044 - genDependencies : Invalid condition id : UX DEVICE CLASS RTOS Condition cause : null
2025-06-26 16:46:31,325 [WARN] PackLoader:240 - Cannot read IP mode file for STMicroelectronics.X-CUBE-GNSS1.7.0.1
2025-06-26 16:46:31,346 [WARN] PackLoader:240 - Cannot read IP mode file for STMicroelectronics.X-CUBE-TOUCHGFX.4.25.0
2025-06-26 16:46:31,366 [WARN] PackLoader:240 - Cannot read IP mode file for STMicroelectronics.FP-SNS-STBOX1.2.0.0
2025-06-26 16:46:31,388 [WARN] PackLoader:240 - Cannot read IP mode file for STMicroelectronics.X-CUBE-SUBG2.5.0.0
2025-06-26 16:46:31,425 [WARN] PackLoader:240 - Cannot read IP mode file for STMicroelectronics.X-CUBE-AZRTOS-H7RS.1.1.0
2025-06-26 16:46:31,443 [WARN] PackLoader:240 - Cannot read IP mode file for Cesanta.I-CUBE-Mongoose.7.13.0
2025-06-26 16:46:31,472 [WARN] PackLoader:240 - Cannot read IP mode file for STMicroelectronics.X-CUBE-AZRTOS-G4.2.0.0
2025-06-26 16:46:31,489 [WARN] PackLoader:240 - Cannot read IP mode file for wolfSSL.I-CUBE-wolfSSH.1.4.20
2025-06-26 16:46:31,504 [WARN] PackLoader:240 - Cannot read IP mode file for STMicroelectronics.X-CUBE-NFC7.2.0.0
2025-06-26 16:46:31,524 [WARN] PackLoader:240 - Cannot read IP mode file for STMicroelectronics.X-CUBE-IPS.3.1.0
2025-06-26 16:46:31,546 [WARN] PackLoader:240 - Cannot read IP mode file for STMicroelectronics.X-CUBE-ALS.1.0.2
2025-06-26 16:46:31,560 [WARN] PackLoader:240 - Cannot read IP mode file for STMicroelectronics.X-CUBE-TOUCHGFX.4.24.2
2025-06-26 16:46:31,576 [WARN] PackLoader:240 - Cannot read IP mode file for portGmbH.I-Cube-SoM-uGOAL.1.1.0
2025-06-26 16:46:31,601 [WARN] PackLoader:240 - Cannot read IP mode file for STMicroelectronics.X-CUBE-AZRTOS-H7RS.1.0.0
2025-06-26 16:46:31,622 [WARN] PackLoader:240 - Cannot read IP mode file for STMicroelectronics.X-CUBE-TOF1.3.4.2
2025-06-26 16:46:31,644 [WARN] PackLoader:240 - Cannot read IP mode file for STMicroelectronics.X-CUBE-TOF1.3.4.3
2025-06-26 16:46:31,651 [INFO] ThirdParty:978 - Integrity check success = true
2025-06-26 16:46:31,651 [INFO] IntegrityCheckThread:100 - exiting critical section [integrity check]
2025-06-26 16:46:31,651 [INFO] IntegrityCheckThread:103 - End integrity checks thread
2025-06-26 16:47:17,993 [ERROR] LogOutputStream:75 - [STDERR_REDIRECT] 
2025-06-26 16:47:17,994 [ERROR] LogOutputStream:75 - [STDERR_REDIRECT] 
2025-06-26 17:09:41,951 [INFO] Activator:176 - 


2025-06-26 17:09:41,953 [INFO] Activator:177 - !SESSION log4j initialized
2025-06-26 17:09:46,975 [INFO] LogOutputStream:77 - [STDOUT_REDIRECT] 
2025-06-26 17:09:52,621 [INFO] ApplicationProperties:184 - Using Application install path: C:\ST\STM32CubeIDE_1.18.0\STM32CubeIDE\plugins\com.st.stm32cube.common.mx_6.14.0.202502271554
2025-06-26 17:09:52,636 [INFO] DbMcusXml:78 - Set database path to: C:\ST\STM32CubeIDE_1.18.0\STM32CubeIDE\plugins\com.st.stm32cube.common.mx_6.14.0.202502271554\\db\/mcu/
2025-06-26 17:09:52,636 [INFO] ApiDb:274 - Set plugin database path to: C:\ST\STM32CubeIDE_1.18.0\STM32CubeIDE\plugins\com.st.stm32cube.common.mx_6.14.0.202502271554\\db\/plugins/boardmanager/
2025-06-26 17:09:52,636 [WARN] ApiDb:259 - Overriding images path with different value:  => C:\ST\STM32CubeIDE_1.18.0\STM32CubeIDE\plugins\com.st.stm32cube.common.mx_6.14.0.202502271554\\db\/plugins/mcufinder/images/
2025-06-26 17:09:52,641 [INFO] ApiDb:250 - Set database path to: C:\Users\marcv\.stmcufinder\plugins\mcufinder//mcu/
2025-06-26 17:09:52,642 [INFO] DbMcusAds:125 - Set database path to: C:\Users\marcv\.stmcufinder\plugins\mcufinder//mcu/
2025-06-26 17:09:52,644 [INFO] CrossReferenceDbSqlite:203 - Set database path to: C:\Users\marcv\.stmcufinder\plugins\mcufinder//mcu/cs/
2025-06-26 17:09:52,740 [INFO] RulesReader:64 - Compatibility file has been processed (301 Rules)
2025-06-26 17:09:52,802 [INFO] DbMcusXml:78 - Set database path to: C:\ST\STM32CubeIDE_1.18.0\STM32CubeIDE\plugins\com.st.stm32cube.common.mx_6.14.0.202502271554\\db\/mcu/
2025-06-26 17:09:52,802 [INFO] ApiDb:274 - Set plugin database path to: C:\ST\STM32CubeIDE_1.18.0\STM32CubeIDE\plugins\com.st.stm32cube.common.mx_6.14.0.202502271554\\db\/plugins/boardmanager/
2025-06-26 17:09:52,802 [INFO] ApiDb:261 - Set plugin images path to: C:\ST\STM32CubeIDE_1.18.0\STM32CubeIDE\plugins\com.st.stm32cube.common.mx_6.14.0.202502271554\\db\/plugins/mcufinder/images/
2025-06-26 17:09:52,802 [WARN] DbFile:41 - Overriding database path with different value: C:\Users\marcv\.stmcufinder\plugins\mcufinder/ => C:\Users\marcv\.stmcufinder\plugins\mcufinder
2025-06-26 17:09:52,802 [INFO] ApiDb:250 - Set database path to: C:\Users\marcv\.stmcufinder\plugins\mcufinder//mcu/
2025-06-26 17:09:52,802 [WARN] DbFile:41 - Overriding database path with different value: C:\Users\marcv\.stmcufinder\plugins\mcufinder/ => C:\Users\marcv\.stmcufinder\plugins\mcufinder
2025-06-26 17:09:52,802 [INFO] DbMcusAds:125 - Set database path to: C:\Users\marcv\.stmcufinder\plugins\mcufinder//mcu/
2025-06-26 17:09:52,802 [WARN] DbFile:41 - Overriding database path with different value: C:\Users\marcv\.stmcufinder\plugins\mcufinder/ => C:\Users\marcv\.stmcufinder\plugins\mcufinder
2025-06-26 17:09:52,802 [WARN] DbFile:41 - Overriding database path with different value: C:\Users\marcv\.stmcufinder\plugins\mcufinder/ => C:\Users\marcv\.stmcufinder\plugins\mcufinder
2025-06-26 17:09:52,802 [INFO] CrossReferenceDbSqlite:203 - Set database path to: C:\Users\marcv\.stmcufinder\plugins\mcufinder//mcu/cs/
2025-06-26 17:09:52,855 [INFO] MainPanel:272 - HeapMemory: 268435456
2025-06-26 17:09:52,916 [INFO] DbMcusXml:78 - Set database path to: C:\ST\STM32CubeIDE_1.18.0\STM32CubeIDE\plugins\com.st.stm32cube.common.mx_6.14.0.202502271554\\db\/mcu/
2025-06-26 17:09:52,916 [INFO] ApiDb:274 - Set plugin database path to: C:\ST\STM32CubeIDE_1.18.0\STM32CubeIDE\plugins\com.st.stm32cube.common.mx_6.14.0.202502271554\\db\/plugins/boardmanager/
2025-06-26 17:09:52,916 [INFO] ApiDb:261 - Set plugin images path to: C:\ST\STM32CubeIDE_1.18.0\STM32CubeIDE\plugins\com.st.stm32cube.common.mx_6.14.0.202502271554\\db\/plugins/mcufinder/images/
2025-06-26 17:09:52,917 [WARN] DbFile:41 - Overriding database path with different value: C:\Users\marcv\.stmcufinder\plugins\mcufinder/ => C:\Users\marcv\.stmcufinder\plugins\mcufinder
2025-06-26 17:09:52,917 [INFO] ApiDb:250 - Set database path to: C:\Users\marcv\.stmcufinder\plugins\mcufinder//mcu/
2025-06-26 17:09:52,917 [WARN] DbFile:41 - Overriding database path with different value: C:\Users\marcv\.stmcufinder\plugins\mcufinder/ => C:\Users\marcv\.stmcufinder\plugins\mcufinder
2025-06-26 17:09:52,917 [INFO] DbMcusAds:125 - Set database path to: C:\Users\marcv\.stmcufinder\plugins\mcufinder//mcu/
2025-06-26 17:09:52,917 [WARN] DbFile:41 - Overriding database path with different value: C:\Users\marcv\.stmcufinder\plugins\mcufinder/ => C:\Users\marcv\.stmcufinder\plugins\mcufinder
2025-06-26 17:09:52,917 [WARN] DbFile:41 - Overriding database path with different value: C:\Users\marcv\.stmcufinder\plugins\mcufinder/ => C:\Users\marcv\.stmcufinder\plugins\mcufinder
2025-06-26 17:09:52,917 [INFO] CrossReferenceDbSqlite:203 - Set database path to: C:\Users\marcv\.stmcufinder\plugins\mcufinder//mcu/cs/
2025-06-26 17:09:52,930 [INFO] ApplicationProperties:184 - Using Application install path: C:\ST\STM32CubeIDE_1.18.0\STM32CubeIDE\plugins\com.st.stm32cube.common.mx_6.14.0.202502271554
2025-06-26 17:09:52,931 [INFO] PluginManage:196 - Search for loadable plugins [exclusion list=, ]
2025-06-26 17:09:52,932 [INFO] PluginManage:310 - Check plugin analytics
2025-06-26 17:09:57,596 [INFO] AnalyticsPlugin:253 - Accepted Software Licenses: 
2025-06-26 17:09:57,596 [INFO] AnalyticsPlugin:255 - Accepted CMSIS Pack Licenses: 
2025-06-26 17:09:57,596 [INFO] AnalyticsPlugin:257 - Accepted Firmware Licenses: FW.H7.1.12.0
2025-06-26 17:09:57,598 [INFO] PluginManage:359 - Loaded plugin analytics (category:tool,tabindex:-1)
2025-06-26 17:09:57,598 [INFO] PluginManage:310 - Check plugin cadmodel
2025-06-26 17:09:57,601 [INFO] CADModel:105 - Init CAD model plugin
2025-06-26 17:09:57,601 [INFO] PluginManage:359 - Loaded plugin cadmodel (category:power,tabindex:5)
2025-06-26 17:09:57,601 [INFO] PluginManage:310 - Check plugin clock
2025-06-26 17:09:57,608 [INFO] PluginManage:359 - Loaded plugin clock (category:base,tabindex:2)
2025-06-26 17:09:57,608 [INFO] PluginManage:310 - Check plugin ddr
2025-06-26 17:09:57,609 [INFO] PluginManage:359 - Loaded plugin ddr (category:tool,tabindex:6)
2025-06-26 17:09:57,610 [INFO] PluginManage:310 - Check plugin filemanager
2025-06-26 17:09:57,716 [INFO] PluginManage:359 - Loaded plugin filemanager (category:base,tabindex:10)
2025-06-26 17:09:57,717 [INFO] PluginManage:310 - Check plugin ipmanager
2025-06-26 17:09:57,722 [INFO] PluginManage:359 - Loaded plugin ipmanager (category:base,tabindex:5)
2025-06-26 17:09:57,723 [INFO] PluginManage:310 - Check plugin lpbam
2025-06-26 17:09:57,743 [INFO] PluginManage:359 - Loaded plugin lpbam (category:base,tabindex:0)
2025-06-26 17:09:57,743 [INFO] PluginManage:310 - Check plugin memorymap
2025-06-26 17:09:57,754 [INFO] PluginManage:359 - Loaded plugin memorymap (category:base,tabindex:4)
2025-06-26 17:09:57,754 [INFO] PluginManage:310 - Check plugin pinoutandconfiguration
2025-06-26 17:09:57,760 [INFO] PluginManage:359 - Loaded plugin pinoutandconfiguration (category:base,tabindex:1)
2025-06-26 17:09:57,760 [INFO] PluginManage:310 - Check plugin pinoutconfig
2025-06-26 17:09:57,825 [WARN] SupportedApi:132 - Cannot load RTOS API schema: s4s-elt-must-match.1: The content of 'definitions' must match (annotation?, (simpleType | complexType)?, (unique | key | keyref)*)). A problem was found starting at: attribute.
2025-06-26 17:09:57,926 [INFO] PluginManage:359 - Loaded plugin pinoutconfig (category:base,tabindex:0)
2025-06-26 17:09:57,926 [INFO] PluginManage:310 - Check plugin power
2025-06-26 17:09:57,932 [INFO] PluginManage:359 - Loaded plugin power (category:power,tabindex:4)
2025-06-26 17:09:57,932 [INFO] PluginManage:310 - Check plugin projectmanager
2025-06-26 17:09:57,944 [INFO] PluginManage:359 - Loaded plugin projectmanager (category:projectmanager,tabindex:4)
2025-06-26 17:09:57,945 [INFO] PluginManage:310 - Check plugin rif
2025-06-26 17:09:57,949 [INFO] PluginManage:359 - Loaded plugin rif (category:base,tabindex:3)
2025-06-26 17:09:57,950 [INFO] PluginManage:310 - Check plugin thirdparty
2025-06-26 17:09:58,049 [INFO] PluginManage:359 - Loaded plugin thirdparty (category:base,tabindex:-1)
2025-06-26 17:09:58,049 [INFO] PluginManage:310 - Check plugin tools
2025-06-26 17:09:58,049 [WARN] IntegrityCheckThread:84 - waiting for thirdparty lock release [integrity check]
2025-06-26 17:09:58,049 [INFO] IntegrityCheckThread:86 - entering critical section [integrity check]
2025-06-26 17:09:58,050 [INFO] ThirdPartyUpdaterWithRetryManager:70 - Updater plugin not ready yet. [1/15]
2025-06-26 17:09:58,051 [INFO] PluginManage:359 - Loaded plugin tools (category:base,tabindex:7)
2025-06-26 17:09:58,051 [INFO] PluginManage:310 - Check plugin tutovideos
2025-06-26 17:09:58,182 [INFO] PluginManage:359 - Loaded plugin tutovideos (category:base,tabindex:-1)
2025-06-26 17:09:58,182 [INFO] PluginManage:310 - Check plugin updater
2025-06-26 17:09:58,198 [INFO] PluginManage:359 - Loaded plugin updater (category:base,tabindex:12)
2025-06-26 17:09:58,198 [INFO] PluginManage:310 - Check plugin userauth
2025-06-26 17:09:58,201 [INFO] UserAuth:118 - Init User Auth plugin
2025-06-26 17:09:58,201 [INFO] PluginManage:359 - Loaded plugin userauth (category:base,tabindex:14)
2025-06-26 17:09:58,202 [INFO] PluginManage:283 - PluginManage : Loaded plugins [18]
2025-06-26 17:09:58,359 [INFO] PinOutPanel:1589 - setPackage(No Configuration,No Configuration)
2025-06-26 17:09:58,428 [INFO] CADModel:165 - CPN selected for project level
2025-06-26 17:09:58,428 [INFO] CADModel:114 - Register for checkConnection events
2025-06-26 17:09:58,440 [INFO] IPUIPlugin:80 - create IPUIPlugin
2025-06-26 17:09:58,441 [INFO] PluginManager:220 - loadIPPluginJar : add adc
2025-06-26 17:09:58,442 [INFO] IPUIPlugin:80 - create IPUIPlugin
2025-06-26 17:09:58,442 [INFO] PluginManager:220 - loadIPPluginJar : add aes
2025-06-26 17:09:58,444 [INFO] IPUIPlugin:80 - create IPUIPlugin
2025-06-26 17:09:58,444 [INFO] PluginManager:220 - loadIPPluginJar : add can
2025-06-26 17:09:58,446 [INFO] IPUIPlugin:80 - create IPUIPlugin
2025-06-26 17:09:58,446 [INFO] PluginManager:220 - loadIPPluginJar : add comp
2025-06-26 17:09:58,448 [INFO] IPUIPlugin:80 - create IPUIPlugin
2025-06-26 17:09:58,448 [INFO] PluginManager:220 - loadIPPluginJar : add cryp
2025-06-26 17:09:58,450 [INFO] IPUIPlugin:80 - create IPUIPlugin
2025-06-26 17:09:58,450 [INFO] PluginManager:220 - loadIPPluginJar : add ddr_ctrl_phy
2025-06-26 17:09:58,452 [INFO] IPUIPlugin:80 - create IPUIPlugin
2025-06-26 17:09:58,452 [INFO] PluginManager:220 - loadIPPluginJar : add dfsdm
2025-06-26 17:09:58,456 [INFO] IPUIPlugin:80 - create IPUIPlugin
2025-06-26 17:09:58,456 [INFO] PluginManager:220 - loadIPPluginJar : add dma
2025-06-26 17:09:58,458 [INFO] IPUIPlugin:80 - create IPUIPlugin
2025-06-26 17:09:58,458 [INFO] PluginManager:220 - loadIPPluginJar : add dma3
2025-06-26 17:09:58,460 [INFO] IPUIPlugin:80 - create IPUIPlugin
2025-06-26 17:09:58,460 [INFO] PluginManager:220 - loadIPPluginJar : add extmemmanager
2025-06-26 17:09:58,462 [INFO] IPUIPlugin:80 - create IPUIPlugin
2025-06-26 17:09:58,462 [INFO] PluginManager:220 - loadIPPluginJar : add fatfs
2025-06-26 17:09:58,465 [INFO] IPUIPlugin:80 - create IPUIPlugin
2025-06-26 17:09:58,465 [INFO] PluginManager:220 - loadIPPluginJar : add fmc
2025-06-26 17:09:58,469 [INFO] IPUIPlugin:80 - create IPUIPlugin
2025-06-26 17:09:58,469 [INFO] PluginManager:220 - loadIPPluginJar : add freertos
2025-06-26 17:09:58,470 [INFO] IPUIPlugin:80 - create IPUIPlugin
2025-06-26 17:09:58,470 [INFO] PluginManager:220 - loadIPPluginJar : add genericplugin
2025-06-26 17:09:58,472 [INFO] IPUIPlugin:80 - create IPUIPlugin
2025-06-26 17:09:58,472 [INFO] PluginManager:220 - loadIPPluginJar : add gfxmmu
2025-06-26 17:09:58,475 [INFO] IPUIPlugin:80 - create IPUIPlugin
2025-06-26 17:09:58,475 [INFO] PluginManager:220 - loadIPPluginJar : add gic
2025-06-26 17:09:58,478 [INFO] IPUIPlugin:80 - create IPUIPlugin
2025-06-26 17:09:58,478 [INFO] PluginManager:220 - loadIPPluginJar : add gpio
2025-06-26 17:09:58,480 [INFO] IPUIPlugin:80 - create IPUIPlugin
2025-06-26 17:09:58,481 [INFO] PluginManager:220 - loadIPPluginJar : add gtzc
2025-06-26 17:09:58,482 [INFO] IPUIPlugin:80 - create IPUIPlugin
2025-06-26 17:09:58,482 [INFO] PluginManager:220 - loadIPPluginJar : add hash
2025-06-26 17:09:58,484 [INFO] IPUIPlugin:80 - create IPUIPlugin
2025-06-26 17:09:58,484 [INFO] PluginManager:220 - loadIPPluginJar : add i2c
2025-06-26 17:09:58,486 [INFO] IPUIPlugin:80 - create IPUIPlugin
2025-06-26 17:09:58,486 [INFO] PluginManager:220 - loadIPPluginJar : add i2s
2025-06-26 17:09:58,488 [INFO] IPUIPlugin:80 - create IPUIPlugin
2025-06-26 17:09:58,488 [INFO] PluginManager:220 - loadIPPluginJar : add i3c
2025-06-26 17:09:58,490 [INFO] IPUIPlugin:80 - create IPUIPlugin
2025-06-26 17:09:58,491 [INFO] PluginManager:220 - loadIPPluginJar : add ipddr
2025-06-26 17:09:58,495 [INFO] IPUIPlugin:80 - create IPUIPlugin
2025-06-26 17:09:58,495 [INFO] PluginManager:220 - loadIPPluginJar : add linkedlist
2025-06-26 17:09:58,498 [INFO] IPUIPlugin:80 - create IPUIPlugin
2025-06-26 17:09:58,498 [INFO] PluginManager:220 - loadIPPluginJar : add lorawan
2025-06-26 17:09:58,499 [INFO] IPUIPlugin:80 - create IPUIPlugin
2025-06-26 17:09:58,499 [INFO] PluginManager:220 - loadIPPluginJar : add ltdc
2025-06-26 17:09:58,503 [INFO] IPUIPlugin:80 - create IPUIPlugin
2025-06-26 17:09:58,503 [INFO] PluginManager:220 - loadIPPluginJar : add mdma
2025-06-26 17:09:58,505 [INFO] IPUIPlugin:80 - create IPUIPlugin
2025-06-26 17:09:58,506 [INFO] PluginManager:220 - loadIPPluginJar : add nvic
2025-06-26 17:09:58,508 [INFO] IPUIPlugin:80 - create IPUIPlugin
2025-06-26 17:09:58,508 [INFO] PluginManager:220 - loadIPPluginJar : add opamp
2025-06-26 17:09:58,511 [INFO] IPUIPlugin:80 - create IPUIPlugin
2025-06-26 17:09:58,511 [INFO] PluginManager:220 - loadIPPluginJar : add openamp
2025-06-26 17:09:58,513 [INFO] IPUIPlugin:80 - create IPUIPlugin
2025-06-26 17:09:58,513 [INFO] PluginManager:220 - loadIPPluginJar : add pdm2pcm
2025-06-26 17:09:58,518 [INFO] IPUIPlugin:80 - create IPUIPlugin
2025-06-26 17:09:58,520 [INFO] PluginManager:220 - loadIPPluginJar : add plateformsettings
2025-06-26 17:09:58,522 [INFO] IPUIPlugin:80 - create IPUIPlugin
2025-06-26 17:09:58,522 [INFO] PluginManager:220 - loadIPPluginJar : add quadspi
2025-06-26 17:09:58,524 [INFO] IPUIPlugin:80 - create IPUIPlugin
2025-06-26 17:09:58,525 [INFO] PluginManager:220 - loadIPPluginJar : add radio
2025-06-26 17:09:58,528 [INFO] IPUIPlugin:80 - create IPUIPlugin
2025-06-26 17:09:58,528 [INFO] PluginManager:220 - loadIPPluginJar : add resmgrutility
2025-06-26 17:09:58,531 [INFO] IPUIPlugin:80 - create IPUIPlugin
2025-06-26 17:09:58,531 [INFO] PluginManager:220 - loadIPPluginJar : add sai
2025-06-26 17:09:58,533 [INFO] IPUIPlugin:80 - create IPUIPlugin
2025-06-26 17:09:58,533 [INFO] PluginManager:220 - loadIPPluginJar : add spi
2025-06-26 17:09:58,538 [INFO] IPUIPlugin:80 - create IPUIPlugin
2025-06-26 17:09:58,538 [INFO] PluginManager:220 - loadIPPluginJar : add stm32_wpan
2025-06-26 17:09:58,539 [INFO] IPUIPlugin:80 - create IPUIPlugin
2025-06-26 17:09:58,540 [INFO] PluginManager:220 - loadIPPluginJar : add tim
2025-06-26 17:09:58,543 [INFO] IPUIPlugin:80 - create IPUIPlugin
2025-06-26 17:09:58,543 [INFO] PluginManager:220 - loadIPPluginJar : add touchsensing
2025-06-26 17:09:58,545 [INFO] IPUIPlugin:80 - create IPUIPlugin
2025-06-26 17:09:58,545 [INFO] PluginManager:220 - loadIPPluginJar : add tracer_emb
2025-06-26 17:09:58,547 [INFO] IPUIPlugin:80 - create IPUIPlugin
2025-06-26 17:09:58,547 [INFO] PluginManager:220 - loadIPPluginJar : add ts
2025-06-26 17:09:58,548 [INFO] IPUIPlugin:80 - create IPUIPlugin
2025-06-26 17:09:58,548 [INFO] PluginManager:220 - loadIPPluginJar : add tsc
2025-06-26 17:09:58,551 [INFO] IPUIPlugin:80 - create IPUIPlugin
2025-06-26 17:09:58,551 [INFO] PluginManager:220 - loadIPPluginJar : add ucpd
2025-06-26 17:09:58,554 [INFO] IPUIPlugin:80 - create IPUIPlugin
2025-06-26 17:09:58,554 [INFO] PluginManager:220 - loadIPPluginJar : add usart
2025-06-26 17:09:58,557 [INFO] IPUIPlugin:80 - create IPUIPlugin
2025-06-26 17:09:58,558 [INFO] PluginManager:220 - loadIPPluginJar : add usbx
2025-06-26 17:09:58,676 [FATAL] Updater:351 - Updater called before beeing initialized
2025-06-26 17:09:58,697 [INFO] RulesReader:64 - Compatibility file has been processed (301 Rules)
2025-06-26 17:09:58,706 [INFO] RulesReader:64 - Compatibility file has been processed (301 Rules)
2025-06-26 17:09:58,711 [INFO] CADModel:165 - CPN selected for project level
2025-06-26 17:09:58,712 [INFO] CADModel:114 - Register for checkConnection events
2025-06-26 17:09:58,712 [FATAL] Updater:351 - Updater called before beeing initialized
2025-06-26 17:09:58,712 [ERROR] CADModel:125 - Updater not yet initialized, retry later 
2025-06-26 17:09:58,811 [FATAL] Updater:351 - Updater called before beeing initialized
2025-06-26 17:09:58,812 [INFO] CADModel:165 - CPN selected for project level
2025-06-26 17:09:58,812 [INFO] CADModel:114 - Register for checkConnection events
2025-06-26 17:09:58,813 [FATAL] Updater:351 - Updater called before beeing initialized
2025-06-26 17:09:58,813 [ERROR] CADModel:125 - Updater not yet initialized, retry later 
2025-06-26 17:09:58,815 [FATAL] Updater:351 - Updater called before beeing initialized
2025-06-26 17:09:58,903 [FATAL] Updater:351 - Updater called before beeing initialized
2025-06-26 17:09:58,906 [INFO] DbMcusAds:53 - JSON generation date=Thu Jun 19 10:32:34 CEST 2025 (1750321954415)
2025-06-26 17:09:58,906 [FATAL] Updater:351 - Updater called before beeing initialized
2025-06-26 17:09:58,936 [WARN] DetailPanel:346 - Failed to get advertising image, set to default
2025-06-26 17:09:59,184 [FATAL] Updater:351 - Updater called before beeing initialized
2025-06-26 17:09:59,186 [FATAL] Updater:351 - Updater called before beeing initialized
2025-06-26 17:09:59,186 [FATAL] Updater:351 - Updater called before beeing initialized
2025-06-26 17:09:59,186 [WARN] DetailPanel:346 - Failed to get advertising image, set to default
2025-06-26 17:09:59,188 [FATAL] Updater:351 - Updater called before beeing initialized
2025-06-26 17:09:59,243 [ERROR] Updater:1198 - MainUpdater not yet initialized. External WinMGr cannot be set.
2025-06-26 17:09:59,245 [INFO] Updater:1134 - Updater Version found : 6.14.0
2025-06-26 17:09:59,261 [INFO] ApplicationProperties:184 - Using Application install path: C:\ST\STM32CubeIDE_1.18.0\STM32CubeIDE\plugins\com.st.stm32cube.common.mx_6.14.0.202502271554
2025-06-26 17:10:00,828 [ERROR] LogOutputStream:75 - [STDERR_REDIRECT] Jun 26, 2025 5:10:00 PM java.util.prefs.WindowsPreferences <init>
2025-06-26 17:10:00,829 [ERROR] LogOutputStream:75 - [STDERR_REDIRECT] WARNING: Could not open/create prefs root node Software\JavaSoft\Prefs at root 0xffffffff80000002. Windows RegCreateKeyEx(...) returned error code 5.
2025-06-26 17:10:00,830 [ERROR] LogOutputStream:75 - [STDERR_REDIRECT] 
2025-06-26 17:10:01,022 [INFO] MainUpdater:2872 - connection check result : 10
2025-06-26 17:10:01,022 [INFO] MainUpdater:289 - Updater Check For Update Now.
2025-06-26 17:10:01,022 [INFO] MicroXplorer:498 - Change Database Version : DB.6.0.140
2025-06-26 17:10:01,026 [INFO] McuFinderGlobals:63 - Set McuFinder mode to 2 (CubeIDE integrated)
2025-06-26 17:10:01,027 [INFO] UserAuth:486 - Internet connection configuration mode: 1
2025-06-26 17:10:01,040 [INFO] JxBrowserEngine:152 - Initiate JxBrowser Engine with user profile folder
2025-06-26 17:10:01,050 [WARN] MainUpdater:1193 - Updater busy. Cannot search thirdparties
2025-06-26 17:10:01,051 [INFO] ThirdPartyUpdaterWithRetryManager:96 - Updater plugin is busy. [1/15]
2025-06-26 17:10:01,188 [INFO] CheckServerUpdateThread:120 - End of CheckServer Thread
2025-06-26 17:10:01,503 [INFO] WebApp:169 - Instantiating new browser for Auth
2025-06-26 17:10:02,012 [INFO] WebApp:463 - Apply proxy settings
2025-06-26 17:10:02,013 [INFO] WebApp:548 - Chromium requires no authentication
2025-06-26 17:10:02,020 [INFO] WebApp:491 - Direct internet connection detected
2025-06-26 17:10:02,037 [INFO] WebApp:894 - Register for checkConnection events
2025-06-26 17:10:02,037 [INFO] WebApp:463 - Apply proxy settings
2025-06-26 17:10:02,037 [INFO] WebApp:548 - Chromium requires no authentication
2025-06-26 17:10:02,038 [INFO] WebApp:491 - Direct internet connection detected
2025-06-26 17:10:02,176 [INFO] WebApp:225 - Starting web application
2025-06-26 17:10:02,177 [INFO] WebApp:593 - Web application path used C:\ST\STM32CubeIDE_1.18.0\STM32CubeIDE\plugins\com.st.stm32cube.common.mx_6.14.0.202502271554\db\plugins\mcufinder\reactClient1\index.html
2025-06-26 17:10:02,244 [INFO] UserAuth:486 - Internet connection configuration mode: 1
2025-06-26 17:10:02,411 [INFO] WebApp:191 - Connection restablished
2025-06-26 17:10:04,248 [WARN] PackLoader:240 - Cannot read IP mode file for STMicroelectronics.FP-SNS-MOTENVWB1.1.4.0
2025-06-26 17:10:04,257 [WARN] PackLoader:240 - Cannot read IP mode file for STMicroelectronics.FP-ATR-ASTRA1.2.0.2
2025-06-26 17:10:04,266 [WARN] PackLoader:240 - Cannot read IP mode file for STMicroelectronics.X-CUBE-SMBUS.2.1.0
2025-06-26 17:10:04,272 [WARN] PackLoader:240 - Cannot read IP mode file for STMicroelectronics.X-CUBE-WB05N.1.1.0
2025-06-26 17:10:04,277 [WARN] PackLoader:240 - Cannot read IP mode file for STMicroelectronics.X-CUBE-ST60.1.0.0
2025-06-26 17:10:04,306 [WARN] PackLoader:240 - Cannot read IP mode file for STMicroelectronics.X-CUBE-AZRTOS-F7.1.1.0
2025-06-26 17:10:04,317 [WARN] PackLoader:240 - Cannot read IP mode file for STMicroelectronics.FP-SNS-FLIGHT1.5.0.2
2025-06-26 17:10:04,338 [WARN] PackLoader:240 - Cannot read IP mode file for Infineon.AIROC-Wi-Fi-Bluetooth-STM32.1.7.0
2025-06-26 17:10:04,349 [WARN] PackLoader:240 - Cannot read IP mode file for STMicroelectronics.X-CUBE-DISPLAY.3.0.0
2025-06-26 17:10:04,358 [WARN] PackLoader:240 - Cannot read IP mode file for STMicroelectronics.X-CUBE-NFC10.1.0.0
2025-06-26 17:10:04,367 [WARN] PackLoader:240 - Cannot read IP mode file for STMicroelectronics.X-CUBE-BLEMGR.4.0.0
2025-06-26 17:10:04,374 [WARN] PackLoader:240 - Cannot read IP mode file for emotas.I-CUBE-CANOPEN.1.3.0
2025-06-26 17:10:04,378 [WARN] ConditionMgr:438 - getConditionDescription Invalid condition id : Cortex-A Device cause : null
2025-06-26 17:10:04,399 [WARN] ConditionMgr:1044 - genDependencies : Invalid condition id : Cortex-A Device cause : null
2025-06-26 17:10:04,399 [WARN] ConditionMgr:1044 - genDependencies : Invalid condition id : Cortex-A Device cause : null
2025-06-26 17:10:04,399 [WARN] ConditionMgr:1044 - genDependencies : Invalid condition id : Cortex-A Device cause : null
2025-06-26 17:10:04,402 [WARN] PackLoader:240 - Cannot read IP mode file for STMicroelectronics.X-CUBE-AI.10.0.0
2025-06-26 17:10:04,406 [WARN] PackLoader:240 - Cannot read IP mode file for STMicroelectronics.FP-SNS-SMARTAG2.1.2.0
2025-06-26 17:10:04,415 [WARN] PackLoader:240 - Cannot read IP mode file for STMicroelectronics.FP-SNS-FLIGHT1.5.1.0
2025-06-26 17:10:04,467 [WARN] PackLoader:240 - Cannot read IP mode file for STMicroelectronics.X-CUBE-MEMS1.11.1.0
2025-06-26 17:10:04,600 [INFO] LogOutputStream:77 - [STDOUT_REDIRECT] 1 : Invalid condition id : UX_CORESTACK_Condition cause : null
2025-06-26 17:10:04,600 [INFO] LogOutputStream:77 - [STDOUT_REDIRECT] 1 : Invalid condition id : UX_CORESTACK_Condition cause : null
2025-06-26 17:10:04,601 [INFO] LogOutputStream:77 - [STDOUT_REDIRECT] 1 : Invalid condition id : UX_CORESTACK_Condition cause : null
2025-06-26 17:10:04,602 [INFO] LogOutputStream:77 - [STDOUT_REDIRECT] 1 : Invalid condition id : UX_CORESTACK_Condition cause : null
2025-06-26 17:10:04,603 [INFO] LogOutputStream:77 - [STDOUT_REDIRECT] 1 : Invalid condition id : UX_CORESTACK_Condition cause : null
2025-06-26 17:10:04,605 [WARN] PackLoader:240 - Cannot read IP mode file for STMicroelectronics.X-CUBE-AZRTOS-WL.2.0.0
2025-06-26 17:10:04,609 [WARN] PackLoader:240 - Cannot read IP mode file for STMicroelectronics.FP-SNS-MOTENV1.5.0.0
2025-06-26 17:10:04,617 [WARN] PackLoader:240 - Cannot read IP mode file for WES.I-CUBE-Cesium.1.3.0
2025-06-26 17:10:04,622 [WARN] PackLoader:240 - Cannot read IP mode file for STMicroelectronics.X-CUBE-BLE2.3.3.0
2025-06-26 17:10:04,628 [WARN] PackLoader:240 - Cannot read IP mode file for STMicroelectronics.X-CUBE-NFC9.1.0.0
2025-06-26 17:10:04,634 [WARN] PackLoader:240 - Cannot read IP mode file for STMicroelectronics.X-CUBE-BLE1.7.1.0
2025-06-26 17:10:04,728 [WARN] PackLoader:240 - Cannot read IP mode file for wolfSSL.I-CUBE-wolfMQTT.1.19.2
2025-06-26 17:10:04,731 [WARN] PackLoader:240 - Cannot read IP mode file for STMicroelectronics.X-CUBE-AI.10.1.0
2025-06-26 17:10:04,762 [WARN] PackLoader:240 - Cannot read IP mode file for STMicroelectronics.X-CUBE-MEMS1.11.2.0
2025-06-26 17:10:04,895 [WARN] PackLoader:240 - Cannot read IP mode file for STMicroelectronics.X-CUBE-AZRTOS-G0.1.1.0
2025-06-26 17:10:04,903 [WARN] PackLoader:240 - Cannot read IP mode file for STMicroelectronics.X-CUBE-SAFEA1.1.2.2
2025-06-26 17:10:04,911 [WARN] PackLoader:240 - Cannot read IP mode file for STMicroelectronics.X-CUBE-NFC4.3.0.0
2025-06-26 17:10:04,917 [WARN] PackLoader:240 - Cannot read IP mode file for EmbeddedOffice.I-CUBE-FS-RTOS.1.0.1
2025-06-26 17:10:04,921 [WARN] PackLoader:240 - Cannot read IP mode file for STMicroelectronics.X-CUBE-WB05N.2.0.0
2025-06-26 17:10:04,924 [WARN] PackLoader:240 - Cannot read IP mode file for wolfSSL.I-CUBE-wolfTPM.3.8.0
2025-06-26 17:10:04,928 [WARN] PackLoader:240 - Cannot read IP mode file for STMicroelectronics.X-CUBE-TCPP.4.2.0
2025-06-26 17:10:04,933 [WARN] PackLoader:240 - Cannot read IP mode file for RealThread.X-CUBE-RT-Thread_Nano.4.1.1
2025-06-26 17:10:04,936 [WARN] PackLoader:240 - Cannot read IP mode file for STMicroelectronics.FP-ATR-SIGFOX1.3.2.0
2025-06-26 17:10:04,941 [WARN] PackLoader:240 - Cannot read IP mode file for STMicroelectronics.X-CUBE-EEPRMA1.5.1.0
2025-06-26 17:10:04,945 [WARN] PackLoader:240 - Cannot read IP mode file for wolfSSL.I-CUBE-wolfSSL.5.7.6
2025-06-26 17:10:04,950 [WARN] PackLoader:240 - Cannot read IP mode file for ITTIA_DB.I-CUBE-ITTIADB.8.9.0
2025-06-26 17:10:04,955 [WARN] PackLoader:240 - Cannot read IP mode file for STMicroelectronics.X-CUBE-ST67W61.1.0.0
2025-06-26 17:10:04,974 [WARN] PackLoader:240 - Cannot read IP mode file for SEGGER.I-CUBE-embOS.1.3.1
2025-06-26 17:10:05,005 [WARN] PackLoader:240 - Cannot read IP mode file for STMicroelectronics.X-CUBE-ALGOBUILD.1.4.0
2025-06-26 17:10:05,032 [WARN] PackLoader:240 - Cannot read IP mode file for STMicroelectronics.X-CUBE-MEMS1.11.3.0
2025-06-26 17:10:05,119 [WARN] PackLoader:240 - Cannot read IP mode file for STMicroelectronics.X-CUBE-PM33A1.1.0.0
2025-06-26 17:10:05,129 [WARN] PackLoader:240 - Cannot read IP mode file for STMicroelectronics.X-CUBE-AZRTOS-F4.1.1.0
2025-06-26 17:10:05,134 [WARN] PackLoader:240 - Cannot read IP mode file for Avnet-IotConnect.X-CUBE-IoTC-DA16k-PMOD.1.0.0
2025-06-26 17:10:05,137 [WARN] PackLoader:240 - Cannot read IP mode file for STMicroelectronics.X-CUBE-ISPU.2.1.0
2025-06-26 17:10:05,148 [WARN] PackLoader:240 - Cannot read IP mode file for STMicroelectronics.X-CUBE-AZRTOS-L5.2.0.0
2025-06-26 17:10:05,156 [WARN] PackLoader:240 - Cannot read IP mode file for STMicroelectronics.X-CUBE-NFC6.3.1.0
2025-06-26 17:10:05,161 [WARN] PackLoader:240 - Cannot read IP mode file for STMicroelectronics.X-CUBE-DPower.1.2.0
2025-06-26 17:10:05,165 [WARN] PackLoader:240 - Cannot read IP mode file for STMicroelectronics.X-CUBE-FREERTOS.1.3.1
2025-06-26 17:10:05,168 [WARN] PackLoader:240 - Cannot read IP mode file for STMicroelectronics.X-CUBE-FREERTOS.1.3.0
2025-06-26 17:10:05,171 [WARN] PackLoader:240 - Cannot read IP mode file for STMicroelectronics.X-CUBE-NFC7.1.0.1
2025-06-26 17:10:05,176 [WARN] PackLoader:240 - Cannot read IP mode file for STMicroelectronics.FP-SNS-STAIOTCFT.1.0.0
2025-06-26 17:10:05,179 [WARN] PackLoader:240 - Cannot read IP mode file for STMicroelectronics.X-CUBE-DPower.1.3.0
2025-06-26 17:10:05,190 [WARN] ConditionMgr:438 - getConditionDescription Invalid condition id : LAN8742 Phy interface Condition cause : null
2025-06-26 17:10:05,190 [WARN] PackLoader:240 - Cannot read IP mode file for STMicroelectronics.X-CUBE-AZRTOS-L4.2.0.0
2025-06-26 17:10:05,191 [WARN] ConditionMgr:1044 - genDependencies : Invalid condition id : LAN8742 Phy interface Condition cause : null
2025-06-26 17:10:05,191 [WARN] ConditionMgr:1044 - genDependencies : Invalid condition id : LAN8742 Phy interface Condition cause : null
2025-06-26 17:10:05,191 [WARN] ConditionMgr:1044 - genDependencies : Invalid condition id : LAN8742 Phy interface Condition cause : null
2025-06-26 17:10:05,196 [WARN] PackLoader:240 - Cannot read IP mode file for STMicroelectronics.X-CUBE-SFXS2LP1.4.0.0
2025-06-26 17:10:05,209 [WARN] PackLoader:240 - Cannot read IP mode file for STMicroelectronics.X-CUBE-AZRTOS-H7.3.3.0
2025-06-26 17:10:05,219 [WARN] ConditionMgr:438 - getConditionDescription Invalid condition id : UX DEVICE CLASS RTOS Condition cause : null
2025-06-26 17:10:05,219 [WARN] ConditionMgr:438 - getConditionDescription Invalid condition id : UX DEVICE CLASS RTOS Condition cause : null
2025-06-26 17:10:05,220 [WARN] PackLoader:240 - Cannot read IP mode file for STMicroelectronics.X-CUBE-AZRTOS-WB.2.0.0
2025-06-26 17:10:05,221 [WARN] ConditionMgr:1044 - genDependencies : Invalid condition id : UX DEVICE CLASS RTOS Condition cause : null
2025-06-26 17:10:05,221 [WARN] ConditionMgr:1044 - genDependencies : Invalid condition id : UX DEVICE CLASS RTOS Condition cause : null
2025-06-26 17:10:05,221 [WARN] ConditionMgr:1044 - genDependencies : Invalid condition id : UX DEVICE CLASS RTOS Condition cause : null
2025-06-26 17:10:05,221 [WARN] ConditionMgr:1044 - genDependencies : Invalid condition id : UX DEVICE CLASS RTOS Condition cause : null
2025-06-26 17:10:05,221 [WARN] ConditionMgr:1044 - genDependencies : Invalid condition id : UX DEVICE CLASS RTOS Condition cause : null
2025-06-26 17:10:05,226 [WARN] PackLoader:240 - Cannot read IP mode file for STMicroelectronics.X-CUBE-GNSS1.7.0.1
2025-06-26 17:10:05,230 [WARN] PackLoader:240 - Cannot read IP mode file for STMicroelectronics.X-CUBE-TOUCHGFX.4.25.0
2025-06-26 17:10:05,234 [WARN] PackLoader:240 - Cannot read IP mode file for STMicroelectronics.FP-SNS-STBOX1.2.0.0
2025-06-26 17:10:05,249 [WARN] PackLoader:240 - Cannot read IP mode file for STMicroelectronics.X-CUBE-SUBG2.5.0.0
2025-06-26 17:10:05,272 [WARN] PackLoader:240 - Cannot read IP mode file for STMicroelectronics.X-CUBE-AZRTOS-H7RS.1.1.0
2025-06-26 17:10:05,280 [WARN] PackLoader:240 - Cannot read IP mode file for Cesanta.I-CUBE-Mongoose.7.13.0
2025-06-26 17:10:05,292 [WARN] PackLoader:240 - Cannot read IP mode file for STMicroelectronics.X-CUBE-AZRTOS-G4.2.0.0
2025-06-26 17:10:05,297 [WARN] PackLoader:240 - Cannot read IP mode file for wolfSSL.I-CUBE-wolfSSH.1.4.20
2025-06-26 17:10:05,300 [WARN] PackLoader:240 - Cannot read IP mode file for STMicroelectronics.X-CUBE-NFC7.2.0.0
2025-06-26 17:10:05,310 [WARN] PackLoader:240 - Cannot read IP mode file for STMicroelectronics.X-CUBE-IPS.3.1.0
2025-06-26 17:10:05,317 [WARN] PackLoader:240 - Cannot read IP mode file for STMicroelectronics.X-CUBE-ALS.1.0.2
2025-06-26 17:10:05,327 [WARN] PackLoader:240 - Cannot read IP mode file for STMicroelectronics.X-CUBE-TOUCHGFX.4.24.2
2025-06-26 17:10:05,333 [WARN] PackLoader:240 - Cannot read IP mode file for portGmbH.I-Cube-SoM-uGOAL.1.1.0
2025-06-26 17:10:05,349 [WARN] PackLoader:240 - Cannot read IP mode file for STMicroelectronics.X-CUBE-AZRTOS-H7RS.1.0.0
2025-06-26 17:10:05,360 [WARN] PackLoader:240 - Cannot read IP mode file for STMicroelectronics.X-CUBE-TOF1.3.4.2
2025-06-26 17:10:05,372 [WARN] PackLoader:240 - Cannot read IP mode file for STMicroelectronics.X-CUBE-TOF1.3.4.3
2025-06-26 17:10:05,379 [INFO] ThirdParty:978 - Integrity check success = true
2025-06-26 17:10:05,379 [INFO] IntegrityCheckThread:100 - exiting critical section [integrity check]
2025-06-26 17:10:05,379 [INFO] IntegrityCheckThread:103 - End integrity checks thread
2025-06-26 17:10:52,130 [INFO] McuFinderGlobals:63 - Set McuFinder mode to 2 (CubeIDE integrated)
2025-06-26 17:10:52,160 [INFO] MainUpdater:2872 - connection check result : 10
2025-06-26 17:10:52,168 [INFO] MainUpdater:2872 - connection check result : 10
2025-06-26 17:10:52,381 [INFO] MicroXplorer:468 - Change Database Path : 
2025-06-26 17:10:52,381 [INFO] MicroXplorer:498 - Change Database Version : DB.6.0.140
2025-06-26 17:10:52,392 [WARN] ThirdParty:871 - waiting for thirdparty lock release [close project]
2025-06-26 17:10:52,392 [INFO] ThirdParty:873 - entering critical section [close project]
2025-06-26 17:10:52,393 [INFO] ThirdParty:883 - exiting critical section [close project]
2025-06-26 17:10:52,395 [INFO] PinOutPanel:1589 - setPackage(No Configuration,No Configuration)
2025-06-26 17:10:52,399 [INFO] UtilMem:75 - Begin LoadConfig() Used Memory: 601003240 Bytes (894435328)
2025-06-26 17:10:52,402 [INFO] MicroXplorer:468 - Change Database Path : 
2025-06-26 17:10:52,402 [INFO] MicroXplorer:498 - Change Database Version : DB.6.0.140
2025-06-26 17:10:52,402 [INFO] OpenFileManager:354 - Change cursor
2025-06-26 17:10:52,447 [INFO] Mcu:2011 - Initializing MCU STM32H743VITx STM32H743VITx STM32H743VIT6
2025-06-26 17:10:56,998 [INFO] Context:756 - Trying to add GPIOservice into a context  which must be forbidden
2025-06-26 17:10:59,135 [INFO] ImportTextPane:218 - (OptionalMessage_ERROR) Pin37 (VP_RIF_VS_RIF1) cannot be retrieved for this MCU
2025-06-26 17:10:59,345 [INFO] RtosManager:558 - Registered RTOS mode: class=CMSIS, group=RTOS, mode=CMSIS_V1, owner=FREERTOS
2025-06-26 17:10:59,346 [INFO] RtosManager:558 - Registered RTOS mode: class=CMSIS, group=RTOS2, mode=CMSIS_V2, owner=FREERTOS
2025-06-26 17:10:59,346 [INFO] RtosManager:558 - Registered RTOS mode: class=RTOS, group=Core, mode=CMSIS_V1, owner=FREERTOS
2025-06-26 17:10:59,346 [INFO] RtosManager:558 - Registered RTOS mode: class=RTOS, group=Core, mode=CMSIS_V2, owner=FREERTOS
2025-06-26 17:10:59,346 [WARN] ModelIntegratedComponent:184 - Missing modes for component STMicroelectronics:FreeRTOS:0.0.1:STMicroelectronics:RTOS:FreeRTOS:Core:::10.2.0:
2025-06-26 17:10:59,369 [WARN] ModelIntegratedComponent:63 - No mode defined for component null
2025-06-26 17:10:59,369 [WARN] ModelIntegratedComponent:63 - No mode defined for component null
2025-06-26 17:10:59,370 [WARN] ModelIntegratedComponent:63 - No mode defined for component null
2025-06-26 17:10:59,370 [WARN] ModelIntegratedComponent:63 - No mode defined for component null
2025-06-26 17:10:59,370 [WARN] ModelIntegratedComponent:63 - No mode defined for component null
2025-06-26 17:10:59,370 [WARN] ModelIntegratedComponent:63 - No mode defined for component null
2025-06-26 17:10:59,370 [WARN] ModelIntegratedComponent:63 - No mode defined for component null
2025-06-26 17:10:59,370 [WARN] ModelIntegratedComponent:63 - No mode defined for component null
2025-06-26 17:10:59,370 [WARN] ModelIntegratedComponent:63 - No mode defined for component null
2025-06-26 17:10:59,370 [WARN] ModelIntegratedComponent:63 - No mode defined for component null
2025-06-26 17:10:59,370 [WARN] ModelIntegratedComponent:63 - No mode defined for component null
2025-06-26 17:10:59,370 [WARN] ModelIntegratedComponent:63 - No mode defined for component null
2025-06-26 17:10:59,370 [WARN] ModelIntegratedComponent:63 - No mode defined for component null
2025-06-26 17:10:59,370 [WARN] ModelIntegratedComponent:63 - No mode defined for component null
2025-06-26 17:10:59,370 [WARN] ModelIntegratedComponent:63 - No mode defined for component null
2025-06-26 17:10:59,370 [WARN] ModelIntegratedComponent:63 - No mode defined for component null
2025-06-26 17:10:59,370 [WARN] ModelIntegratedComponent:63 - No mode defined for component null
2025-06-26 17:10:59,370 [WARN] ModelIntegratedComponent:63 - No mode defined for component null
2025-06-26 17:10:59,370 [WARN] ModelIntegratedComponent:63 - No mode defined for component null
2025-06-26 17:10:59,370 [WARN] ModelIntegratedComponent:63 - No mode defined for component null
2025-06-26 17:10:59,370 [WARN] ModelIntegratedComponent:63 - No mode defined for component null
2025-06-26 17:10:59,371 [WARN] ModelIntegratedComponent:63 - No mode defined for component null
2025-06-26 17:10:59,371 [WARN] ModelIntegratedComponent:63 - No mode defined for component null
2025-06-26 17:10:59,371 [WARN] ModelIntegratedComponent:63 - No mode defined for component null
2025-06-26 17:10:59,371 [WARN] ModelIntegratedComponent:63 - No mode defined for component null
2025-06-26 17:10:59,371 [WARN] ModelIntegratedComponent:63 - No mode defined for component null
2025-06-26 17:10:59,371 [WARN] ModelIntegratedComponent:63 - No mode defined for component null
2025-06-26 17:10:59,371 [WARN] ModelIntegratedComponent:63 - No mode defined for component null
2025-06-26 17:10:59,371 [WARN] ModelIntegratedComponent:63 - No mode defined for component null
2025-06-26 17:10:59,371 [WARN] ModelIntegratedComponent:63 - No mode defined for component null
2025-06-26 17:10:59,371 [WARN] ModelIntegratedComponent:63 - No mode defined for component null
2025-06-26 17:10:59,371 [WARN] ModelIntegratedComponent:63 - No mode defined for component null
2025-06-26 17:10:59,371 [WARN] ModelIntegratedComponent:63 - No mode defined for component null
2025-06-26 17:10:59,371 [WARN] ModelIntegratedComponent:63 - No mode defined for component null
2025-06-26 17:10:59,371 [WARN] ModelIntegratedComponent:63 - No mode defined for component null
2025-06-26 17:10:59,372 [WARN] ModelPack:524 - Component already loaded: STMicroelectronics:HAL Drivers:0.0.0:STMicroelectronics:Device:STMicro_Driver:XSPI:HAL::0.0.1:HAL_XSPI
2025-06-26 17:10:59,564 [INFO] ThirdPartyModel:298 - Start build external matchings
2025-06-26 17:11:00,694 [INFO] ThirdPartyModel:316 - End build external matchings
2025-06-26 17:11:00,718 [INFO] RtosManager:967 - Current active RTOS is FREERTOS [Cortex-M7NS]
2025-06-26 17:11:00,727 [INFO] ImportTextPane:218 - (OptionalMessage_ERROR) IP (DMA) : Parameter (Instance) has Id (TIM3_CH1) currently not set
2025-06-26 17:11:00,727 [INFO] ImportTextPane:218 - (OptionalMessage_ERROR) IP (DMA) : Parameter (Request) has Id (TIM3_CH1) currently not set
2025-06-26 17:11:00,727 [INFO] ImportTextPane:218 - (OptionalMessage_ERROR) IP (DMA) : Parameter (Direction) has Id (TIM3_CH1) currently not set
2025-06-26 17:11:00,727 [INFO] ImportTextPane:218 - (OptionalMessage_ERROR) IP (DMA) : Parameter (PeriphInc) has Id (TIM3_CH1) currently not set
2025-06-26 17:11:00,727 [INFO] ImportTextPane:218 - (OptionalMessage_ERROR) IP (DMA) : Parameter (MemInc) has Id (TIM3_CH1) currently not set
2025-06-26 17:11:00,728 [INFO] ImportTextPane:218 - (OptionalMessage_ERROR) IP (DMA) : Parameter (PeriphDataAlignment) has Id (TIM3_CH1) currently not set
2025-06-26 17:11:00,728 [INFO] ImportTextPane:218 - (OptionalMessage_ERROR) IP (DMA) : Parameter (MemDataAlignment) has Id (TIM3_CH1) currently not set
2025-06-26 17:11:00,728 [INFO] ImportTextPane:218 - (OptionalMessage_ERROR) IP (DMA) : Parameter (Mode) has Id (TIM3_CH1) currently not set
2025-06-26 17:11:00,728 [INFO] ImportTextPane:218 - (OptionalMessage_ERROR) IP (DMA) : Parameter (Priority) has Id (TIM3_CH1) currently not set
2025-06-26 17:11:00,728 [INFO] ImportTextPane:218 - (OptionalMessage_ERROR) IP (DMA) : Parameter (FIFOMode) has Id (TIM3_CH1) currently not set
2025-06-26 17:11:00,728 [INFO] ImportTextPane:218 - (OptionalMessage_ERROR) IP (DMA) : Parameter (SignalID) has Id (TIM3_CH1) currently not set
2025-06-26 17:11:00,728 [INFO] ImportTextPane:218 - (OptionalMessage_ERROR) IP (DMA) : Parameter (Polarity) has Id (TIM3_CH1) currently not set
2025-06-26 17:11:00,728 [INFO] ImportTextPane:218 - (OptionalMessage_ERROR) IP (DMA) : Parameter (RequestNumber) has Id (TIM3_CH1) currently not set
2025-06-26 17:11:00,728 [INFO] ImportTextPane:218 - (OptionalMessage_ERROR) IP (DMA) : Parameter (SyncSignalID) has Id (TIM3_CH1) currently not set
2025-06-26 17:11:00,728 [INFO] ImportTextPane:218 - (OptionalMessage_ERROR) IP (DMA) : Parameter (SyncPolarity) has Id (TIM3_CH1) currently not set
2025-06-26 17:11:00,728 [INFO] ImportTextPane:218 - (OptionalMessage_ERROR) IP (DMA) : Parameter (SyncEnable) has Id (TIM3_CH1) currently not set
2025-06-26 17:11:00,729 [INFO] ImportTextPane:218 - (OptionalMessage_ERROR) IP (DMA) : Parameter (EventEnable) has Id (TIM3_CH1) currently not set
2025-06-26 17:11:00,729 [INFO] ImportTextPane:218 - (OptionalMessage_ERROR) IP (DMA) : Parameter (SyncRequestNumber) has Id (TIM3_CH1) currently not set
2025-06-26 17:11:00,729 [INFO] ImportTextPane:218 - (OptionalMessage_ERROR) IP (DMA) : Parameter (Instance) has Id (TIM3_CH2) currently not set
2025-06-26 17:11:00,729 [INFO] ImportTextPane:218 - (OptionalMessage_ERROR) IP (DMA) : Parameter (Request) has Id (TIM3_CH2) currently not set
2025-06-26 17:11:00,729 [INFO] ImportTextPane:218 - (OptionalMessage_ERROR) IP (DMA) : Parameter (Direction) has Id (TIM3_CH2) currently not set
2025-06-26 17:11:00,729 [INFO] ImportTextPane:218 - (OptionalMessage_ERROR) IP (DMA) : Parameter (PeriphInc) has Id (TIM3_CH2) currently not set
2025-06-26 17:11:00,729 [INFO] ImportTextPane:218 - (OptionalMessage_ERROR) IP (DMA) : Parameter (MemInc) has Id (TIM3_CH2) currently not set
2025-06-26 17:11:00,729 [INFO] ImportTextPane:218 - (OptionalMessage_ERROR) IP (DMA) : Parameter (PeriphDataAlignment) has Id (TIM3_CH2) currently not set
2025-06-26 17:11:00,729 [INFO] ImportTextPane:218 - (OptionalMessage_ERROR) IP (DMA) : Parameter (MemDataAlignment) has Id (TIM3_CH2) currently not set
2025-06-26 17:11:00,729 [INFO] ImportTextPane:218 - (OptionalMessage_ERROR) IP (DMA) : Parameter (Mode) has Id (TIM3_CH2) currently not set
2025-06-26 17:11:00,729 [INFO] ImportTextPane:218 - (OptionalMessage_ERROR) IP (DMA) : Parameter (Priority) has Id (TIM3_CH2) currently not set
2025-06-26 17:11:00,729 [INFO] ImportTextPane:218 - (OptionalMessage_ERROR) IP (DMA) : Parameter (FIFOMode) has Id (TIM3_CH2) currently not set
2025-06-26 17:11:00,729 [INFO] ImportTextPane:218 - (OptionalMessage_ERROR) IP (DMA) : Parameter (SignalID) has Id (TIM3_CH2) currently not set
2025-06-26 17:11:00,729 [INFO] ImportTextPane:218 - (OptionalMessage_ERROR) IP (DMA) : Parameter (Polarity) has Id (TIM3_CH2) currently not set
2025-06-26 17:11:00,729 [INFO] ImportTextPane:218 - (OptionalMessage_ERROR) IP (DMA) : Parameter (RequestNumber) has Id (TIM3_CH2) currently not set
2025-06-26 17:11:00,730 [INFO] ImportTextPane:218 - (OptionalMessage_ERROR) IP (DMA) : Parameter (SyncSignalID) has Id (TIM3_CH2) currently not set
2025-06-26 17:11:00,730 [INFO] ImportTextPane:218 - (OptionalMessage_ERROR) IP (DMA) : Parameter (SyncPolarity) has Id (TIM3_CH2) currently not set
2025-06-26 17:11:00,730 [INFO] ImportTextPane:218 - (OptionalMessage_ERROR) IP (DMA) : Parameter (SyncEnable) has Id (TIM3_CH2) currently not set
2025-06-26 17:11:00,730 [INFO] ImportTextPane:218 - (OptionalMessage_ERROR) IP (DMA) : Parameter (EventEnable) has Id (TIM3_CH2) currently not set
2025-06-26 17:11:00,730 [INFO] ImportTextPane:218 - (OptionalMessage_ERROR) IP (DMA) : Parameter (SyncRequestNumber) has Id (TIM3_CH2) currently not set
2025-06-26 17:11:00,739 [INFO] ImportTextPane:218 - (OptionalMessage_ERROR) IP (RCC) : Parameter (DFSDMACLkFreq_Value) has invalid value (480000000)
2025-06-26 17:11:00,746 [INFO] ImportTextPane:218 - (OptionalMessage_ERROR) IP (RCC) : Parameter (FDCANFreq_Value) has invalid value (480000000)
2025-06-26 17:11:00,746 [INFO] ImportTextPane:218 - (OptionalMessage_ERROR) IP (RCC) : Invalid parameter (FamilyName)
2025-06-26 17:11:00,747 [INFO] ImportTextPane:218 - (OptionalMessage_ERROR) IP (RCC) : Parameter (SAI1Freq_Value) has invalid value (480000000)
2025-06-26 17:11:00,747 [INFO] ImportTextPane:218 - (OptionalMessage_ERROR) IP (RCC) : Parameter (SAI23Freq_Value) has invalid value (480000000)
2025-06-26 17:11:00,747 [INFO] ImportTextPane:218 - (OptionalMessage_ERROR) IP (RCC) : Parameter (SAI4AFreq_Value) has invalid value (480000000)
2025-06-26 17:11:00,747 [INFO] ImportTextPane:218 - (OptionalMessage_ERROR) IP (RCC) : Parameter (SAI4BFreq_Value) has invalid value (480000000)
2025-06-26 17:11:00,747 [INFO] ImportTextPane:218 - (OptionalMessage_ERROR) IP (RCC) : Parameter (SDMMCFreq_Value) has invalid value (480000000)
2025-06-26 17:11:00,747 [INFO] ImportTextPane:218 - (OptionalMessage_ERROR) IP (RCC) : Parameter (SPDIFRXFreq_Value) has invalid value (480000000)
2025-06-26 17:11:00,747 [INFO] ImportTextPane:218 - (OptionalMessage_ERROR) IP (RCC) : Parameter (SPI123Freq_Value) has invalid value (480000000)
2025-06-26 17:11:00,748 [INFO] ImportTextPane:218 - (OptionalMessage_ERROR) IP (RCC) : Parameter (USBFreq_Value) has invalid value (480000000)
2025-06-26 17:11:01,486 [INFO] ApiDb:581 - Connected to CubeFinder SQLite database (C:\Users\marcv\.stmcufinder\plugins\mcufinder\mcu\cube-finder-db.db)
2025-06-26 17:11:01,645 [INFO] ApiDb:668 - CubeFinder database Data Model version=2.1
2025-06-26 17:11:01,646 [INFO] ApiDb:669 - CubeFinder database Configuration version=3.0.39
2025-06-26 17:11:01,646 [INFO] ApiDb:670 - CubeFinder database generation date=2025-06-16 (1750072209)
2025-06-26 17:11:01,646 [INFO] ApiDb:671 - CubeFinder database FW Pack versions=[FP-ATR-ASTRA1_V2.0.0, FP-SNS-FLIGHT1_V5.1.0, FP-SNS-MOTENV1_V5.0.0, FP-SNS-MOTENVWB1_V1.4.0, FP-SNS-SMARTAG2_V1.2.0, FP-SNS-STBOX1_V2.0.0, STM32Cube_FW_C0_V1.4.0, STM32Cube_FW_F4_V1.28.2, STM32Cube_FW_F7_V1.17.3, STM32Cube_FW_G0_V1.6.2, STM32Cube_FW_G4_V1.6.1, STM32Cube_FW_H5_V1.5.0, STM32Cube_FW_H7RS_V1.2.0, STM32Cube_FW_H7_V1.12.1, STM32Cube_FW_L0_V1.12.2, STM32Cube_FW_L4_V1.18.1, STM32Cube_FW_L5_V1.5.1, STM32Cube_FW_N6_V1.1.1, STM32Cube_FW_U0_V1.2.0, STM32Cube_FW_U3_V1.1.0, STM32Cube_FW_U5_V1.7.0, STM32Cube_FW_WB0_V1.2.0, STM32Cube_FW_WBA_V1.6.0, STM32Cube_FW_WB_V1.22.0, STM32Cube_FW_WL3_V1.1.0, STM32Cube_FW_WL_V1.3.1, X-CUBE-ALGOBUILD_V1.4.0, X-CUBE-ALS_V1.0.2, X-CUBE-AZRTOS-F4_V1.1.0, X-CUBE-AZRTOS-F7_V1.1.0, X-CUBE-AZRTOS-G0_V1.1.0, X-CUBE-AZRTOS-G4_V2.0.0, X-CUBE-AZRTOS-H7RS_V1.1.0, X-CUBE-AZRTOS-H7_V3.3.0, X-CUBE-AZRTOS-L4_V2.0.0, X-CUBE-AZRTOS-L5_V2.0.0, X-CUBE-AZRTOS-WB_V2.0.0, X-CUBE-AZRTOS-WL_V2.0.0, X-CUBE-BLE1_V7.1.0, X-CUBE-BLE2_V3.3.0, X-CUBE-BLEMGR_V4.0.0, X-CUBE-EEPRMA1_V5.1.0, X-CUBE-FREERTOS_V1.3.1, X-CUBE-GNSS1_V6.0.0, X-CUBE-MEMS1_V11.3.0, X-CUBE-NFC4_V3.0.0, X-CUBE-NFC7_V2.0.0, X-CUBE-SFXS2LP1_V4.0.0, X-CUBE-SUBG2_V5.0.0, X-CUBE-TOF1_V3.4.3]
2025-06-26 17:11:01,815 [INFO] DbBoardsSqlite:226 - include board P-NUCLEO-WB55-NUCLEO as a kit item of type 'Nucleo-64'
2025-06-26 17:11:01,815 [INFO] DbBoardsSqlite:226 - include board P-NUCLEO-WB55-USBDONGLE as a kit item of type 'Nucleo USB Dongle'
2025-06-26 17:11:01,816 [INFO] DbBoardsSqlite:226 - include board STEVAL-IDP005V1 as a kit item of type 'Evaluation Board'
2025-06-26 17:11:01,817 [INFO] DbBoardsSqlite:226 - include board STEVAL-IDP005V2 as a kit item of type 'Evaluation Board'
2025-06-26 17:11:03,018 [INFO] ApiDb:240 - Found 895 in-development CPN: [B-G473E-ZEST1S, B-WB1M-WPAN1, B-WBA5M-WPAN, B-WL5M-SUBG1, NUCLEO-C031C6, NUCLEO-C051C8, NUCLEO-C071RB, NUCLEO-C092RC, NUCLEO-H503RB, NUCLEO-H533RE, NUCLEO-H563ZI, NUCLEO-H7S3L8, NUCLEO-N657X0-Q, NUCLEO-U031R8, NUCLEO-U083RC, NUCLEO-U385RG-Q, NUCLEO-U545RE-Q, NUCLEO-U5A5ZJ-Q, NUCLEO-WB05KZ, NUCLEO-WB07CC, NUCLEO-WB09KE, NUCLEO-WBA52CG, NUCLEO-WBA55CG, NUCLEO-WBA65RI, NUCLEO-WL33CC1, NUCLEO-WL33CC2, STEVAL-PROTEUS1, STEVAL-SMARTAG2, STEVAL-STWINBX1, STM320518-EVAL, STM32C0116-DK, STM32C011D6Y3TR, STM32C011D6Y6TR, STM32C011F4P3, STM32C011F4P6, STM32C011F4U3, STM32C011F4U6TR, STM32C011F6P3, STM32C011F6P6, STM32C011F6U3, STM32C011F6U6TR, STM32C011J4M3, STM32C011J4M6, STM32C011J6M3, STM32C011J6M6, STM32C0316-DK, STM32C031C4T3, STM32C031C4T6, STM32C031C4U3, STM32C031C4U6, STM32C031C6T3, STM32C031C6T6, STM32C031C6U3, STM32C031C6U6, STM32C031F4P3, STM32C031F4P6, STM32C031F6P3, STM32C031F6P6, STM32C031G4U3, STM32C031G4U6, STM32C031G6U3, STM32C031G6U6, STM32C031K4T3, STM32C031K4T6, STM32C031K4U3, STM32C031K4U6, STM32C031K6T3, STM32C031K6T6, STM32C031K6U3, STM32C031K6U6, STM32C051C6T6, STM32C051C6U6, STM32C051C8T6, STM32C051C8U6, STM32C051D8Y6TR, STM32C051F6P6, STM32C051F8P6, STM32C051G6U6, STM32C051G8U6, STM32C051K6T6, STM32C051K6U6, STM32C051K8T6, STM32C071C8T6, STM32C071C8T6N, STM32C071C8U6, STM32C071C8U6N, STM32C071CBT6, STM32C071CBT6N, STM32C071CBU6, STM32C071CBU6N, STM32C071F8P6, STM32C071F8P6N, STM32C071FBP6, STM32C071FBP6N, STM32C071FBY6TR, STM32C071G8U6, STM32C071G8U6N, STM32C071GBU6, STM32C071GBU6N, STM32C071K8T6, STM32C071K8T6N, STM32C071K8U6, STM32C071K8U6N, STM32C071KBT6, STM32C071KBT6N, STM32C071KBU6, STM32C071KBU6N, STM32C071R8T6, STM32C071R8T6N, STM32C071RBI6N, STM32C071RBT6, STM32C071RBT6N, STM32C091CBT6, STM32C091CBU6, STM32C091CCT6, STM32C091CCU6, STM32C091ECY6TR, STM32C091FBP6, STM32C091FCP6, STM32C091GBU6, STM32C091GCU6, STM32C091KBT6, STM32C091KBU6, STM32C091KCT6, STM32C091KCU6, STM32C091RBT6, STM32C091RCI6, STM32C091RCT6, STM32C092CBT6, STM32C092CBU6, STM32C092CCT6, STM32C092CCU6, STM32C092ECY6TR, STM32C092FBP6, STM32C092FCP6, STM32C092GBU6, STM32C092GCU6, STM32C092KBT6, STM32C092KBU6, STM32C092KCT6, STM32C092KCU6, STM32C092RBT6, STM32C092RCI6, STM32C092RCT6, STM32G071K8TXN, STM32G071K8UXN, STM32G081GBU6N, STM32G081KBT6N, STM32G081KBUXN, STM32G0B1CCT6N, STM32G0B1KCT6, STM32G0B1NEY6TR, STM32G0B1RCT6N, STM32G0C1CCT6, STM32G0C1CCT6N, STM32G0C1CCU6N, STM32G0C1CET6N, STM32G0C1CEU6N, STM32G0C1KCT6, STM32G0C1NEY6TR, STM32G0C1RCI6N, STM32G0C1RCT6N, STM32G0C1REI6N, STM32G0C1RET6N, STM32G0C1VCI6, STM32G0C1VEI6, STM32G411C6T3, STM32G411C6T6, STM32G411C6U3, STM32G411C6U6, STM32G411C8T3, STM32G411C8T6, STM32G411C8U3, STM32G411C8U6, STM32G411CBT3, STM32G411CBT6, STM32G411CBU3, STM32G411CBU6, STM32G411CCT3, STM32G411CCT6, STM32G411CCU3, STM32G411CCU6, STM32G411K6T3, STM32G411K6T6, STM32G411K6U3, STM32G411K6U6, STM32G411K8T3, STM32G411K8T6, STM32G411K8U3, STM32G411K8U6, STM32G411KBT3, STM32G411KBT6, STM32G411KBU3, STM32G411KBU6, STM32G411M6T3, STM32G411M6T6, STM32G411M8T3, STM32G411M8T6, STM32G411MBT3, STM32G411MBT6, STM32G411MCT3, STM32G411MCT6, STM32G411R6T3, STM32G411R6T6, STM32G411R8T3, STM32G411R8T6, STM32G411RBT3, STM32G411RBT6, STM32G411RCT3, STM32G411RCT6, STM32G414CBT3, STM32G414CBT6, STM32G414CBU3, STM32G414CBU6, STM32G414CCT3, STM32G414CCT6, STM32G414CCU3, STM32G414CCU6, STM32G414MBT3, STM32G414MBT6, STM32G414MCT3, STM32G414MCT6, STM32G414RBT3, STM32G414RBT6, STM32G414RCT3, STM32G414RCT6, STM32G414VBT3, STM32G414VBT6, STM32G414VCT3, STM32G414VCT6, STM32G431CBT3Z, STM32G431RBT3Z, STM32G471CCT6, STM32G471CCU6, STM32G471CET3, STM32G471CET6, STM32G471CEU3, STM32G471CEU6, STM32G471MCT6, STM32G471MET3, STM32G471MET6, STM32G471MEY6TR, STM32G471QCT6, STM32G471QET3, STM32G471RCT6, STM32G471RET3, STM32G471RET6, STM32G471VCH6, STM32G471VCI6, STM32G471VCT6, STM32G471VEH3, STM32G471VEH6, STM32G471VEI3, STM32G471VEI6, STM32G471VET3, STM32G471VET6, STM32G473QET3Z, STM32G473RET3Z, STM32G474CCT6, STM32G491RET3Z, STM32H503CBT6, STM32H503CBU6, STM32H503EBY6TR, STM32H503KBU6, STM32H503RBT6, STM32H523CCT6, STM32H523CCU6, STM32H523CET6, STM32H523CEU6, STM32H523HEY6TR, STM32H523RCT6, STM32H523RET6, STM32H523VCI6, STM32H523VCT6, STM32H523VEI6, STM32H523VET6, STM32H523ZCJ6, STM32H523ZCT6, STM32H523ZEJ6, STM32H523ZET6, STM32H533CET6, STM32H533CEU6, STM32H533HEY6TR, STM32H533RET6, STM32H533VEI6, STM32H533VET6, STM32H533ZEJ6, STM32H533ZET6, STM32H562AGI6, STM32H562AII6, STM32H562IGK6, STM32H562IGT6, STM32H562IIK6, STM32H562IIT6, STM32H562RGT6, STM32H562RGV6, STM32H562RIT6, STM32H562RIV6, STM32H562VGT6, STM32H562VIT6, STM32H562ZGT6, STM32H562ZIT6, STM32H563AGI6, STM32H563AII3Q, STM32H563AII6, STM32H563IGK6, STM32H563IGT6, STM32H563IIK3Q, STM32H563IIK6, STM32H563IIT3Q, STM32H563IIT6, STM32H563MIY3QTR, STM32H563RGT6, STM32H563RGV6, STM32H563RIT6, STM32H563RIV6, STM32H563VGT6, STM32H563VIT3Q, STM32H563VIT6, STM32H563ZGT6, STM32H563ZIT3Q, STM32H563ZIT6, STM32H573AII3Q, STM32H573AII6, STM32H573I-DK, STM32H573IIK3Q, STM32H573IIK6, STM32H573IIT3Q, STM32H573IIT6, STM32H573MIY3QTR, STM32H573RIT6, STM32H573RIV6, STM32H573VIT3Q, STM32H573VIT6, STM32H573ZIT3Q, STM32H573ZIT6, STM32H7R3A8I6, STM32H7R3I8K6, STM32H7R3I8T6, STM32H7R3L8H6, STM32H7R3L8H6H, STM32H7R3R8V6, STM32H7R3V8H6, STM32H7R3V8T6, STM32H7R3V8Y6TR, STM32H7R3Z8J6, STM32H7R3Z8T6, STM32H7R7A8I6, STM32H7R7I8K6, STM32H7R7I8T6, STM32H7R7L8H6, STM32H7R7L8H6H, STM32H7R7Z8J6, STM32H7S3A8I6, STM32H7S3I8K6, STM32H7S3I8T6, STM32H7S3L8H6, STM32H7S3L8H6H, STM32H7S3R8V6, STM32H7S3V8H6, STM32H7S3V8T6, STM32H7S3V8Y6TR, STM32H7S3Z8J6, STM32H7S3Z8T6, STM32H7S78-DK, STM32H7S7A8I6, STM32H7S7I8K6, STM32H7S7I8T6, STM32H7S7L8H6, STM32H7S7L8H6H, STM32H7S7Z8J6, STM32L4R5QGI6STR, STM32MP131AAE3, STM32MP131AAF3, STM32MP131AAG3, STM32MP131CAE3, STM32MP131CAF3, STM32MP131CAG3, STM32MP131DAE7, STM32MP131DAF7, STM32MP131DAG7, STM32MP131FAE7, STM32MP131FAF7, STM32MP131FAG7, STM32MP133AAE3, STM32MP133AAF3, STM32MP133AAG3, STM32MP133CAE3, STM32MP133CAF3, STM32MP133CAG3, STM32MP133DAE7, STM32MP133DAF7, STM32MP133DAG7, STM32MP133FAE7, STM32MP133FAF7, STM32MP133FAG7, STM32MP135AAE3, STM32MP135AAF3, STM32MP135AAG3, STM32MP135CAE3, STM32MP135CAF3, STM32MP135CAG3, STM32MP135DAE7, STM32MP135DAF7, STM32MP135DAG7, STM32MP135F-DK, STM32MP135FAE7, STM32MP135FAF7, STM32MP135FAF7T, STM32MP135FAF7U, STM32MP135FAG7, STM32MP231AAJ3, STM32MP231AAK3, STM32MP231AAL3, STM32MP231CAJ3, STM32MP231CAK3, STM32MP231CAL3, STM32MP231DAJ3, STM32MP231DAK3, STM32MP231DAL3, STM32MP231FAJ3, STM32MP231FAK3, STM32MP231FAL3, STM32MP233AAJ3, STM32MP233AAK3, STM32MP233AAL3, STM32MP233CAJ3, STM32MP233CAK3, STM32MP233CAL3, STM32MP233DAJ3, STM32MP233DAK3, STM32MP233DAL3, STM32MP233FAJ3, STM32MP233FAK3, STM32MP233FAL3, STM32MP235AAJ3, STM32MP235AAK3, STM32MP235AAL3, STM32MP235CAJ3, STM32MP235CAK3, STM32MP235CAL3, STM32MP235DAJ3, STM32MP235DAK3, STM32MP235DAL3, STM32MP235FAJ3, STM32MP235FAK3, STM32MP235FAL3, STM32MP251AAI3, STM32MP251AAJ3, STM32MP251AAK3, STM32MP251AAL3, STM32MP251CAI3, STM32MP251CAJ3, STM32MP251CAK3, STM32MP251CAL3, STM32MP251DAI3, STM32MP251DAJ3, STM32MP251DAK3, STM32MP251DAL3, STM32MP251FAI3, STM32MP251FAJ3, STM32MP251FAK3, STM32MP251FAL3, STM32MP253AAI3, STM32MP253AAJ3, STM32MP253AAK3, STM32MP253AAL3, STM32MP253CAI3, STM32MP253CAJ3, STM32MP253CAK3, STM32MP253CAL3, STM32MP253DAI3, STM32MP253DAJ3, STM32MP253DAK3, STM32MP253DAL3, STM32MP253FAI3, STM32MP253FAJ3, STM32MP253FAK3, STM32MP253FAL3, STM32MP255AAI3, STM32MP255AAJ3, STM32MP255AAK3, STM32MP255AAL3, STM32MP255CAI3, STM32MP255CAJ3, STM32MP255CAK3, STM32MP255CAL3, STM32MP255DAI3, STM32MP255DAJ3, STM32MP255DAK3, STM32MP255DAL3, STM32MP255FAI3, STM32MP255FAJ3, STM32MP255FAK3, STM32MP255FAL3, STM32MP257AAI3, STM32MP257AAJ3, STM32MP257AAK3, STM32MP257AAL3, STM32MP257CAI3, STM32MP257CAJ3, STM32MP257CAK3, STM32MP257CAL3, STM32MP257DAI3, STM32MP257DAJ3, STM32MP257DAK3, STM32MP257DAL3, STM32MP257F-DK, STM32MP257F-EV1, STM32MP257FAI3, STM32MP257FAJ3, STM32MP257FAK3, STM32MP257FAL3, STM32N645A0H3Q, STM32N645B0H3Q, STM32N645I0H3Q, STM32N645L0H3Q, STM32N645X0H3Q, STM32N645Z0H3Q, STM32N647A0H3Q, STM32N647B0H3Q, STM32N647I0H3Q, STM32N647L0H3Q, STM32N647X0H3Q, STM32N647Z0H3Q, STM32N655A0H3Q, STM32N655B0H3Q, STM32N655I0H3Q, STM32N655L0H3Q, STM32N655X0H3Q, STM32N655Z0H3Q, STM32N6570-DK, STM32N657A0H3Q, STM32N657B0H3Q, STM32N657I0H3Q, STM32N657L0H3Q, STM32N657X0H3Q, STM32N657Z0H3Q, STM32U031C6T6, STM32U031C6U6, STM32U031C8T6, STM32U031C8U6, STM32U031F4P6, STM32U031F6P6, STM32U031F8P6, STM32U031G6Y6TR, STM32U031G8Y6TR, STM32U031K4U6, STM32U031K6U6, STM32U031K8U6, STM32U031R6I6, STM32U031R6T6, STM32U031R8I6, STM32U031R8T6, STM32U073C8T6, STM32U073C8U6, STM32U073CBT6, STM32U073CBU6, STM32U073CCT6, STM32U073CCU6, STM32U073H8Y6TR, STM32U073HBY6TR, STM32U073HCY6TR, STM32U073K8U6, STM32U073KBU6, STM32U073KCU6, STM32U073M8I6, STM32U073M8T6, STM32U073MBI6, STM32U073MBT6, STM32U073MCI6, STM32U073MCT6, STM32U073R8I6, STM32U073R8T6, STM32U073RBI6, STM32U073RBT6, STM32U073RCI6, STM32U073RCT6, STM32U083C-DK, STM32U083CCT6, STM32U083CCU6, STM32U083HCY6TR, STM32U083KCU6, STM32U083MCI6, STM32U083MCT6, STM32U083RCI6, STM32U083RCT6, STM32U375CET6, STM32U375CET6Q, STM32U375CEU6, STM32U375CEU6Q, STM32U375CEY6QTR, STM32U375CGT6, STM32U375CGT6Q, STM32U375CGU6, STM32U375CGU6Q, STM32U375CGY6QTR, STM32U375KEU6, STM32U375KGU6, STM32U375REI6, STM32U375REI6Q, STM32U375RET6, STM32U375RET6Q, STM32U375REY6GTR, STM32U375REY6QTR, STM32U375RGI6, STM32U375RGI6Q, STM32U375RGT6, STM32U375RGT6Q, STM32U375RGY6GTR, STM32U375RGY6QTR, STM32U375VEI6, STM32U375VEI6Q, STM32U375VET6, STM32U375VET6Q, STM32U375VGI6, STM32U375VGI6Q, STM32U375VGT6, STM32U375VGT6Q, STM32U385CGT6, STM32U385CGT6Q, STM32U385CGU6, STM32U385CGU6Q, STM32U385CGY6QTR, STM32U385KGU6, STM32U385RGI6, STM32U385RGI6Q, STM32U385RGT6, STM32U385RGT6Q, STM32U385RGY6GTR, STM32U385RGY6QTR, STM32U385VGI6, STM32U385VGI6Q, STM32U385VGT6, STM32U385VGT6Q, STM32U535CBT6, STM32U535CBT6Q, STM32U535CBU6, STM32U535CBU6Q, STM32U535CCT6, STM32U535CCT6Q, STM32U535CCU6, STM32U535CCU6Q, STM32U535CET6, STM32U535CET6Q, STM32U535CEU6, STM32U535CEU6Q, STM32U535JEY6QTR, STM32U535NCY6QTR, STM32U535NEY6QTR, STM32U535RBI6, STM32U535RBI6Q, STM32U535RBT6, STM32U535RBT6Q, STM32U535RCI6, STM32U535RCI6Q, STM32U535RCT6, STM32U535RCT6Q, STM32U535REI6, STM32U535REI6Q, STM32U535RET6, STM32U535RET6Q, STM32U535VCI6, STM32U535VCI6Q, STM32U535VCT6, STM32U535VCT6Q, STM32U535VEI6, STM32U535VEI6Q, STM32U535VET6, STM32U535VET6Q, STM32U545CET6, STM32U545CET6Q, STM32U545CEU6, STM32U545CEU6Q, STM32U545JEY6QTR, STM32U545NEY6QTR, STM32U545REI6, STM32U545REI6Q, STM32U545RET6, STM32U545RET6Q, STM32U545VEI6, STM32U545VEI6Q, STM32U545VET6, STM32U545VET6Q, STM32U595AIH6, STM32U595AIH6Q, STM32U595AJH6, STM32U595AJH6Q, STM32U595QII6, STM32U595QII6Q, STM32U595QJI6, STM32U595QJI6Q, STM32U595RIT6, STM32U595RIT6Q, STM32U595RJT6, STM32U595RJT6Q, STM32U595VIT6, STM32U595VIT6Q, STM32U595VJT6, STM32U595VJT6Q, STM32U595ZIT6, STM32U595ZIT6Q, STM32U595ZIY6QTR, STM32U595ZJT6, STM32U595ZJT6Q, STM32U595ZJY6QTR, STM32U599BJY6QTR, STM32U599NIH6Q, STM32U599NJH6Q, STM32U599VIT6Q, STM32U599VJT6, STM32U599VJT6Q, STM32U599ZIT6Q, STM32U599ZIY6QTR, STM32U599ZJT6Q, STM32U599ZJY6QTR, STM32U5A5AJH6, STM32U5A5AJH6Q, STM32U5A5QII3Q , STM32U5A5QJI6, STM32U5A5QJI6Q, STM32U5A5RJT6, STM32U5A5RJT6Q, STM32U5A5VJT6, STM32U5A5VJT6Q, STM32U5A5ZJT6, STM32U5A5ZJT6Q, STM32U5A5ZJY6QTR, STM32U5A9BJY6QTR, STM32U5A9J-DK, STM32U5A9NJH6Q, STM32U5A9VJT6Q, STM32U5A9ZJT6Q, STM32U5A9ZJY6QTR, STM32U5F7VIT6, STM32U5F7VIT6Q, STM32U5F7VJT6, STM32U5F7VJT6Q, STM32U5F9BJY6QTR, STM32U5F9NJH6Q, STM32U5F9VIT6Q, STM32U5F9VJT6Q, STM32U5F9ZIJ6QTR, STM32U5F9ZIT6Q, STM32U5F9ZJJ6QTR, STM32U5F9ZJT6Q, STM32U5G7VJT6, STM32U5G7VJT6Q, STM32U5G9BJY6QTR, STM32U5G9J-DK1, STM32U5G9J-DK2, STM32U5G9NJH6Q, STM32U5G9VJT6Q, STM32U5G9ZJJ6QTR, STM32U5G9ZJT6Q, STM32WB05KZV6TR, STM32WB05KZV7TR, STM32WB05TZF6TR, STM32WB05TZF7TR, STM32WB06CCF6TR, STM32WB06CCF7TR, STM32WB06CCV6TR, STM32WB06CCV7TR, STM32WB06KCV6TR, STM32WB06KCV7TR, STM32WB07CCF6TR, STM32WB07CCF7TR, STM32WB07CCV6TR, STM32WB07CCV7TR, STM32WB07KCV6TR, STM32WB07KCV7TR, STM32WB09KEV6TR, STM32WB09KEV7TR, STM32WB09TEF6TR, STM32WB09TEF7TR, STM32WB1MMCH6, STM32WBA50KGU6, STM32WBA50KGU6TR, STM32WBA52CEU6, STM32WBA52CEU6TR, STM32WBA52CEU7, STM32WBA52CEU7TR, STM32WBA52CGU6, STM32WBA52CGU6TR, STM32WBA52CGU6U, STM32WBA52CGU7, STM32WBA52CGU7TR, STM32WBA52KEU6, STM32WBA52KEU6TR, STM32WBA52KGU6, STM32WBA52KGU6TR, STM32WBA54CEU6, STM32WBA54CEU6TR, STM32WBA54CEU7, STM32WBA54CEU7TR, STM32WBA54CGU6, STM32WBA54CGU6TR, STM32WBA54CGU7, STM32WBA54CGU7TR, STM32WBA54KEU6, STM32WBA54KEU6TR, STM32WBA54KEU7, STM32WBA54KEU7TR, STM32WBA54KGU6, STM32WBA54KGU6TR, STM32WBA54KGU7, STM32WBA54KGU7TR, STM32WBA55CEU6, STM32WBA55CEU6TR, STM32WBA55CEU7, STM32WBA55CEU7TR, STM32WBA55CGU6, STM32WBA55CGU6TR, STM32WBA55CGU6U, STM32WBA55CGU7, STM32WBA55CGU7TR, STM32WBA55G-DK1, STM32WBA55HEF6, STM32WBA55HEF7, STM32WBA55HGF6, STM32WBA55HGF7, STM32WBA55UEI6, STM32WBA55UEI6TR, STM32WBA55UEI7, STM32WBA55UEI7TR, STM32WBA55UGI6, STM32WBA55UGI6TR, STM32WBA55UGI7, STM32WBA55UGI7TR, STM32WBA5MJGH6TR, STM32WBA62CGU6, STM32WBA62CIU6, STM32WBA62MGF6, STM32WBA62MIF6, STM32WBA62PGI6, STM32WBA62PII6, STM32WBA63CGU6, STM32WBA63CGU7, STM32WBA63CIU6, STM32WBA63CIU7, STM32WBA64CGU6, STM32WBA64CGU7, STM32WBA64CIU6, STM32WBA64CIU7, STM32WBA65CGU6, STM32WBA65CGU7, STM32WBA65CIU6, STM32WBA65CIU7, STM32WBA65I-DK1, STM32WBA65MGF6, STM32WBA65MGF7, STM32WBA65MIF6, STM32WBA65MIF7, STM32WBA65PGI6, STM32WBA65PGI7, STM32WBA65PII6, STM32WBA65PII7, STM32WBA65RGV6, STM32WBA65RGV7, STM32WBA65RIV6, STM32WBA65RIV7, STM32WL30K8V6, STM32WL30KBV6, STM32WL31C8V6, STM32WL31CBV6, STM32WL31K8V6, STM32WL31KBV6, STM32WL33C8V6, STM32WL33C8V6TR, STM32WL33C8V7, STM32WL33C8V7TR, STM32WL33CBV6, STM32WL33CBV6TR, STM32WL33CBV7, STM32WL33CBV7TR, STM32WL33CCV6, STM32WL33CCV6TR, STM32WL33CCV7, STM32WL33CCV7A, STM32WL33CCV7ATR, STM32WL33CCV7TR, STM32WL33K8V6, STM32WL33K8V6TR, STM32WL33K8V7, STM32WL33K8V7TR, STM32WL33KBV6, STM32WL33KBV6TR, STM32WL33KBV7, STM32WL33KBV7TR, STM32WL33KCV6, STM32WL33KCV6TR, STM32WL33KCV7, STM32WL33KCV7TR, STM32WL5MOCH6, STM32WL5MOCH6TR]
2025-06-26 17:11:03,319 [INFO] BoardInfo:889 - No configuration file found for board P-NUCLEO-WB55
2025-06-26 17:11:03,321 [INFO] DbBoards:161 - Kit is not supported: P-NUCLEO-WB55
2025-06-26 17:11:03,332 [INFO] BoardInfo:889 - No configuration file found for board STEVAL-BFA001V1B
2025-06-26 17:11:03,333 [INFO] DbBoards:161 - Kit is not supported: STEVAL-BFA001V1B
2025-06-26 17:11:03,334 [INFO] BoardInfo:889 - No configuration file found for board STEVAL-BFA001V2B
2025-06-26 17:11:03,336 [INFO] DbBoards:161 - Kit is not supported: STEVAL-BFA001V2B
2025-06-26 17:11:03,620 [INFO] DbBoards:168 - Found 211 boards, 208 are supported
2025-06-26 17:11:03,621 [INFO] DbBoards:169 - Found 211 boards, 43 of them is supported for  Bsp
2025-06-26 17:11:03,625 [INFO] ApiDb:668 - CubeFinder database Data Model version=2.1
2025-06-26 17:11:03,625 [INFO] ApiDb:669 - CubeFinder database Configuration version=3.0.39
2025-06-26 17:11:03,625 [INFO] ApiDb:670 - CubeFinder database generation date=2025-06-16 (1750072209)
2025-06-26 17:11:03,625 [INFO] ApiDb:671 - CubeFinder database FW Pack versions=[FP-ATR-ASTRA1_V2.0.0, FP-SNS-FLIGHT1_V5.1.0, FP-SNS-MOTENV1_V5.0.0, FP-SNS-MOTENVWB1_V1.4.0, FP-SNS-SMARTAG2_V1.2.0, FP-SNS-STBOX1_V2.0.0, STM32Cube_FW_C0_V1.4.0, STM32Cube_FW_F4_V1.28.2, STM32Cube_FW_F7_V1.17.3, STM32Cube_FW_G0_V1.6.2, STM32Cube_FW_G4_V1.6.1, STM32Cube_FW_H5_V1.5.0, STM32Cube_FW_H7RS_V1.2.0, STM32Cube_FW_H7_V1.12.1, STM32Cube_FW_L0_V1.12.2, STM32Cube_FW_L4_V1.18.1, STM32Cube_FW_L5_V1.5.1, STM32Cube_FW_N6_V1.1.1, STM32Cube_FW_U0_V1.2.0, STM32Cube_FW_U3_V1.1.0, STM32Cube_FW_U5_V1.7.0, STM32Cube_FW_WB0_V1.2.0, STM32Cube_FW_WBA_V1.6.0, STM32Cube_FW_WB_V1.22.0, STM32Cube_FW_WL3_V1.1.0, STM32Cube_FW_WL_V1.3.1, X-CUBE-ALGOBUILD_V1.4.0, X-CUBE-ALS_V1.0.2, X-CUBE-AZRTOS-F4_V1.1.0, X-CUBE-AZRTOS-F7_V1.1.0, X-CUBE-AZRTOS-G0_V1.1.0, X-CUBE-AZRTOS-G4_V2.0.0, X-CUBE-AZRTOS-H7RS_V1.1.0, X-CUBE-AZRTOS-H7_V3.3.0, X-CUBE-AZRTOS-L4_V2.0.0, X-CUBE-AZRTOS-L5_V2.0.0, X-CUBE-AZRTOS-WB_V2.0.0, X-CUBE-AZRTOS-WL_V2.0.0, X-CUBE-BLE1_V7.1.0, X-CUBE-BLE2_V3.3.0, X-CUBE-BLEMGR_V4.0.0, X-CUBE-EEPRMA1_V5.1.0, X-CUBE-FREERTOS_V1.3.1, X-CUBE-GNSS1_V6.0.0, X-CUBE-MEMS1_V11.3.0, X-CUBE-NFC4_V3.0.0, X-CUBE-NFC7_V2.0.0, X-CUBE-SFXS2LP1_V4.0.0, X-CUBE-SUBG2_V5.0.0, X-CUBE-TOF1_V3.4.3]
2025-06-26 17:11:05,714 [INFO] ApiDb:240 - Found 895 in-development CPN: [B-G473E-ZEST1S, B-WB1M-WPAN1, B-WBA5M-WPAN, B-WL5M-SUBG1, NUCLEO-C031C6, NUCLEO-C051C8, NUCLEO-C071RB, NUCLEO-C092RC, NUCLEO-H503RB, NUCLEO-H533RE, NUCLEO-H563ZI, NUCLEO-H7S3L8, NUCLEO-N657X0-Q, NUCLEO-U031R8, NUCLEO-U083RC, NUCLEO-U385RG-Q, NUCLEO-U545RE-Q, NUCLEO-U5A5ZJ-Q, NUCLEO-WB05KZ, NUCLEO-WB07CC, NUCLEO-WB09KE, NUCLEO-WBA52CG, NUCLEO-WBA55CG, NUCLEO-WBA65RI, NUCLEO-WL33CC1, NUCLEO-WL33CC2, STEVAL-PROTEUS1, STEVAL-SMARTAG2, STEVAL-STWINBX1, STM320518-EVAL, STM32C0116-DK, STM32C011D6Y3TR, STM32C011D6Y6TR, STM32C011F4P3, STM32C011F4P6, STM32C011F4U3, STM32C011F4U6TR, STM32C011F6P3, STM32C011F6P6, STM32C011F6U3, STM32C011F6U6TR, STM32C011J4M3, STM32C011J4M6, STM32C011J6M3, STM32C011J6M6, STM32C0316-DK, STM32C031C4T3, STM32C031C4T6, STM32C031C4U3, STM32C031C4U6, STM32C031C6T3, STM32C031C6T6, STM32C031C6U3, STM32C031C6U6, STM32C031F4P3, STM32C031F4P6, STM32C031F6P3, STM32C031F6P6, STM32C031G4U3, STM32C031G4U6, STM32C031G6U3, STM32C031G6U6, STM32C031K4T3, STM32C031K4T6, STM32C031K4U3, STM32C031K4U6, STM32C031K6T3, STM32C031K6T6, STM32C031K6U3, STM32C031K6U6, STM32C051C6T6, STM32C051C6U6, STM32C051C8T6, STM32C051C8U6, STM32C051D8Y6TR, STM32C051F6P6, STM32C051F8P6, STM32C051G6U6, STM32C051G8U6, STM32C051K6T6, STM32C051K6U6, STM32C051K8T6, STM32C071C8T6, STM32C071C8T6N, STM32C071C8U6, STM32C071C8U6N, STM32C071CBT6, STM32C071CBT6N, STM32C071CBU6, STM32C071CBU6N, STM32C071F8P6, STM32C071F8P6N, STM32C071FBP6, STM32C071FBP6N, STM32C071FBY6TR, STM32C071G8U6, STM32C071G8U6N, STM32C071GBU6, STM32C071GBU6N, STM32C071K8T6, STM32C071K8T6N, STM32C071K8U6, STM32C071K8U6N, STM32C071KBT6, STM32C071KBT6N, STM32C071KBU6, STM32C071KBU6N, STM32C071R8T6, STM32C071R8T6N, STM32C071RBI6N, STM32C071RBT6, STM32C071RBT6N, STM32C091CBT6, STM32C091CBU6, STM32C091CCT6, STM32C091CCU6, STM32C091ECY6TR, STM32C091FBP6, STM32C091FCP6, STM32C091GBU6, STM32C091GCU6, STM32C091KBT6, STM32C091KBU6, STM32C091KCT6, STM32C091KCU6, STM32C091RBT6, STM32C091RCI6, STM32C091RCT6, STM32C092CBT6, STM32C092CBU6, STM32C092CCT6, STM32C092CCU6, STM32C092ECY6TR, STM32C092FBP6, STM32C092FCP6, STM32C092GBU6, STM32C092GCU6, STM32C092KBT6, STM32C092KBU6, STM32C092KCT6, STM32C092KCU6, STM32C092RBT6, STM32C092RCI6, STM32C092RCT6, STM32G071K8TXN, STM32G071K8UXN, STM32G081GBU6N, STM32G081KBT6N, STM32G081KBUXN, STM32G0B1CCT6N, STM32G0B1KCT6, STM32G0B1NEY6TR, STM32G0B1RCT6N, STM32G0C1CCT6, STM32G0C1CCT6N, STM32G0C1CCU6N, STM32G0C1CET6N, STM32G0C1CEU6N, STM32G0C1KCT6, STM32G0C1NEY6TR, STM32G0C1RCI6N, STM32G0C1RCT6N, STM32G0C1REI6N, STM32G0C1RET6N, STM32G0C1VCI6, STM32G0C1VEI6, STM32G411C6T3, STM32G411C6T6, STM32G411C6U3, STM32G411C6U6, STM32G411C8T3, STM32G411C8T6, STM32G411C8U3, STM32G411C8U6, STM32G411CBT3, STM32G411CBT6, STM32G411CBU3, STM32G411CBU6, STM32G411CCT3, STM32G411CCT6, STM32G411CCU3, STM32G411CCU6, STM32G411K6T3, STM32G411K6T6, STM32G411K6U3, STM32G411K6U6, STM32G411K8T3, STM32G411K8T6, STM32G411K8U3, STM32G411K8U6, STM32G411KBT3, STM32G411KBT6, STM32G411KBU3, STM32G411KBU6, STM32G411M6T3, STM32G411M6T6, STM32G411M8T3, STM32G411M8T6, STM32G411MBT3, STM32G411MBT6, STM32G411MCT3, STM32G411MCT6, STM32G411R6T3, STM32G411R6T6, STM32G411R8T3, STM32G411R8T6, STM32G411RBT3, STM32G411RBT6, STM32G411RCT3, STM32G411RCT6, STM32G414CBT3, STM32G414CBT6, STM32G414CBU3, STM32G414CBU6, STM32G414CCT3, STM32G414CCT6, STM32G414CCU3, STM32G414CCU6, STM32G414MBT3, STM32G414MBT6, STM32G414MCT3, STM32G414MCT6, STM32G414RBT3, STM32G414RBT6, STM32G414RCT3, STM32G414RCT6, STM32G414VBT3, STM32G414VBT6, STM32G414VCT3, STM32G414VCT6, STM32G431CBT3Z, STM32G431RBT3Z, STM32G471CCT6, STM32G471CCU6, STM32G471CET3, STM32G471CET6, STM32G471CEU3, STM32G471CEU6, STM32G471MCT6, STM32G471MET3, STM32G471MET6, STM32G471MEY6TR, STM32G471QCT6, STM32G471QET3, STM32G471RCT6, STM32G471RET3, STM32G471RET6, STM32G471VCH6, STM32G471VCI6, STM32G471VCT6, STM32G471VEH3, STM32G471VEH6, STM32G471VEI3, STM32G471VEI6, STM32G471VET3, STM32G471VET6, STM32G473QET3Z, STM32G473RET3Z, STM32G474CCT6, STM32G491RET3Z, STM32H503CBT6, STM32H503CBU6, STM32H503EBY6TR, STM32H503KBU6, STM32H503RBT6, STM32H523CCT6, STM32H523CCU6, STM32H523CET6, STM32H523CEU6, STM32H523HEY6TR, STM32H523RCT6, STM32H523RET6, STM32H523VCI6, STM32H523VCT6, STM32H523VEI6, STM32H523VET6, STM32H523ZCJ6, STM32H523ZCT6, STM32H523ZEJ6, STM32H523ZET6, STM32H533CET6, STM32H533CEU6, STM32H533HEY6TR, STM32H533RET6, STM32H533VEI6, STM32H533VET6, STM32H533ZEJ6, STM32H533ZET6, STM32H562AGI6, STM32H562AII6, STM32H562IGK6, STM32H562IGT6, STM32H562IIK6, STM32H562IIT6, STM32H562RGT6, STM32H562RGV6, STM32H562RIT6, STM32H562RIV6, STM32H562VGT6, STM32H562VIT6, STM32H562ZGT6, STM32H562ZIT6, STM32H563AGI6, STM32H563AII3Q, STM32H563AII6, STM32H563IGK6, STM32H563IGT6, STM32H563IIK3Q, STM32H563IIK6, STM32H563IIT3Q, STM32H563IIT6, STM32H563MIY3QTR, STM32H563RGT6, STM32H563RGV6, STM32H563RIT6, STM32H563RIV6, STM32H563VGT6, STM32H563VIT3Q, STM32H563VIT6, STM32H563ZGT6, STM32H563ZIT3Q, STM32H563ZIT6, STM32H573AII3Q, STM32H573AII6, STM32H573I-DK, STM32H573IIK3Q, STM32H573IIK6, STM32H573IIT3Q, STM32H573IIT6, STM32H573MIY3QTR, STM32H573RIT6, STM32H573RIV6, STM32H573VIT3Q, STM32H573VIT6, STM32H573ZIT3Q, STM32H573ZIT6, STM32H7R3A8I6, STM32H7R3I8K6, STM32H7R3I8T6, STM32H7R3L8H6, STM32H7R3L8H6H, STM32H7R3R8V6, STM32H7R3V8H6, STM32H7R3V8T6, STM32H7R3V8Y6TR, STM32H7R3Z8J6, STM32H7R3Z8T6, STM32H7R7A8I6, STM32H7R7I8K6, STM32H7R7I8T6, STM32H7R7L8H6, STM32H7R7L8H6H, STM32H7R7Z8J6, STM32H7S3A8I6, STM32H7S3I8K6, STM32H7S3I8T6, STM32H7S3L8H6, STM32H7S3L8H6H, STM32H7S3R8V6, STM32H7S3V8H6, STM32H7S3V8T6, STM32H7S3V8Y6TR, STM32H7S3Z8J6, STM32H7S3Z8T6, STM32H7S78-DK, STM32H7S7A8I6, STM32H7S7I8K6, STM32H7S7I8T6, STM32H7S7L8H6, STM32H7S7L8H6H, STM32H7S7Z8J6, STM32L4R5QGI6STR, STM32MP131AAE3, STM32MP131AAF3, STM32MP131AAG3, STM32MP131CAE3, STM32MP131CAF3, STM32MP131CAG3, STM32MP131DAE7, STM32MP131DAF7, STM32MP131DAG7, STM32MP131FAE7, STM32MP131FAF7, STM32MP131FAG7, STM32MP133AAE3, STM32MP133AAF3, STM32MP133AAG3, STM32MP133CAE3, STM32MP133CAF3, STM32MP133CAG3, STM32MP133DAE7, STM32MP133DAF7, STM32MP133DAG7, STM32MP133FAE7, STM32MP133FAF7, STM32MP133FAG7, STM32MP135AAE3, STM32MP135AAF3, STM32MP135AAG3, STM32MP135CAE3, STM32MP135CAF3, STM32MP135CAG3, STM32MP135DAE7, STM32MP135DAF7, STM32MP135DAG7, STM32MP135F-DK, STM32MP135FAE7, STM32MP135FAF7, STM32MP135FAF7T, STM32MP135FAF7U, STM32MP135FAG7, STM32MP231AAJ3, STM32MP231AAK3, STM32MP231AAL3, STM32MP231CAJ3, STM32MP231CAK3, STM32MP231CAL3, STM32MP231DAJ3, STM32MP231DAK3, STM32MP231DAL3, STM32MP231FAJ3, STM32MP231FAK3, STM32MP231FAL3, STM32MP233AAJ3, STM32MP233AAK3, STM32MP233AAL3, STM32MP233CAJ3, STM32MP233CAK3, STM32MP233CAL3, STM32MP233DAJ3, STM32MP233DAK3, STM32MP233DAL3, STM32MP233FAJ3, STM32MP233FAK3, STM32MP233FAL3, STM32MP235AAJ3, STM32MP235AAK3, STM32MP235AAL3, STM32MP235CAJ3, STM32MP235CAK3, STM32MP235CAL3, STM32MP235DAJ3, STM32MP235DAK3, STM32MP235DAL3, STM32MP235FAJ3, STM32MP235FAK3, STM32MP235FAL3, STM32MP251AAI3, STM32MP251AAJ3, STM32MP251AAK3, STM32MP251AAL3, STM32MP251CAI3, STM32MP251CAJ3, STM32MP251CAK3, STM32MP251CAL3, STM32MP251DAI3, STM32MP251DAJ3, STM32MP251DAK3, STM32MP251DAL3, STM32MP251FAI3, STM32MP251FAJ3, STM32MP251FAK3, STM32MP251FAL3, STM32MP253AAI3, STM32MP253AAJ3, STM32MP253AAK3, STM32MP253AAL3, STM32MP253CAI3, STM32MP253CAJ3, STM32MP253CAK3, STM32MP253CAL3, STM32MP253DAI3, STM32MP253DAJ3, STM32MP253DAK3, STM32MP253DAL3, STM32MP253FAI3, STM32MP253FAJ3, STM32MP253FAK3, STM32MP253FAL3, STM32MP255AAI3, STM32MP255AAJ3, STM32MP255AAK3, STM32MP255AAL3, STM32MP255CAI3, STM32MP255CAJ3, STM32MP255CAK3, STM32MP255CAL3, STM32MP255DAI3, STM32MP255DAJ3, STM32MP255DAK3, STM32MP255DAL3, STM32MP255FAI3, STM32MP255FAJ3, STM32MP255FAK3, STM32MP255FAL3, STM32MP257AAI3, STM32MP257AAJ3, STM32MP257AAK3, STM32MP257AAL3, STM32MP257CAI3, STM32MP257CAJ3, STM32MP257CAK3, STM32MP257CAL3, STM32MP257DAI3, STM32MP257DAJ3, STM32MP257DAK3, STM32MP257DAL3, STM32MP257F-DK, STM32MP257F-EV1, STM32MP257FAI3, STM32MP257FAJ3, STM32MP257FAK3, STM32MP257FAL3, STM32N645A0H3Q, STM32N645B0H3Q, STM32N645I0H3Q, STM32N645L0H3Q, STM32N645X0H3Q, STM32N645Z0H3Q, STM32N647A0H3Q, STM32N647B0H3Q, STM32N647I0H3Q, STM32N647L0H3Q, STM32N647X0H3Q, STM32N647Z0H3Q, STM32N655A0H3Q, STM32N655B0H3Q, STM32N655I0H3Q, STM32N655L0H3Q, STM32N655X0H3Q, STM32N655Z0H3Q, STM32N6570-DK, STM32N657A0H3Q, STM32N657B0H3Q, STM32N657I0H3Q, STM32N657L0H3Q, STM32N657X0H3Q, STM32N657Z0H3Q, STM32U031C6T6, STM32U031C6U6, STM32U031C8T6, STM32U031C8U6, STM32U031F4P6, STM32U031F6P6, STM32U031F8P6, STM32U031G6Y6TR, STM32U031G8Y6TR, STM32U031K4U6, STM32U031K6U6, STM32U031K8U6, STM32U031R6I6, STM32U031R6T6, STM32U031R8I6, STM32U031R8T6, STM32U073C8T6, STM32U073C8U6, STM32U073CBT6, STM32U073CBU6, STM32U073CCT6, STM32U073CCU6, STM32U073H8Y6TR, STM32U073HBY6TR, STM32U073HCY6TR, STM32U073K8U6, STM32U073KBU6, STM32U073KCU6, STM32U073M8I6, STM32U073M8T6, STM32U073MBI6, STM32U073MBT6, STM32U073MCI6, STM32U073MCT6, STM32U073R8I6, STM32U073R8T6, STM32U073RBI6, STM32U073RBT6, STM32U073RCI6, STM32U073RCT6, STM32U083C-DK, STM32U083CCT6, STM32U083CCU6, STM32U083HCY6TR, STM32U083KCU6, STM32U083MCI6, STM32U083MCT6, STM32U083RCI6, STM32U083RCT6, STM32U375CET6, STM32U375CET6Q, STM32U375CEU6, STM32U375CEU6Q, STM32U375CEY6QTR, STM32U375CGT6, STM32U375CGT6Q, STM32U375CGU6, STM32U375CGU6Q, STM32U375CGY6QTR, STM32U375KEU6, STM32U375KGU6, STM32U375REI6, STM32U375REI6Q, STM32U375RET6, STM32U375RET6Q, STM32U375REY6GTR, STM32U375REY6QTR, STM32U375RGI6, STM32U375RGI6Q, STM32U375RGT6, STM32U375RGT6Q, STM32U375RGY6GTR, STM32U375RGY6QTR, STM32U375VEI6, STM32U375VEI6Q, STM32U375VET6, STM32U375VET6Q, STM32U375VGI6, STM32U375VGI6Q, STM32U375VGT6, STM32U375VGT6Q, STM32U385CGT6, STM32U385CGT6Q, STM32U385CGU6, STM32U385CGU6Q, STM32U385CGY6QTR, STM32U385KGU6, STM32U385RGI6, STM32U385RGI6Q, STM32U385RGT6, STM32U385RGT6Q, STM32U385RGY6GTR, STM32U385RGY6QTR, STM32U385VGI6, STM32U385VGI6Q, STM32U385VGT6, STM32U385VGT6Q, STM32U535CBT6, STM32U535CBT6Q, STM32U535CBU6, STM32U535CBU6Q, STM32U535CCT6, STM32U535CCT6Q, STM32U535CCU6, STM32U535CCU6Q, STM32U535CET6, STM32U535CET6Q, STM32U535CEU6, STM32U535CEU6Q, STM32U535JEY6QTR, STM32U535NCY6QTR, STM32U535NEY6QTR, STM32U535RBI6, STM32U535RBI6Q, STM32U535RBT6, STM32U535RBT6Q, STM32U535RCI6, STM32U535RCI6Q, STM32U535RCT6, STM32U535RCT6Q, STM32U535REI6, STM32U535REI6Q, STM32U535RET6, STM32U535RET6Q, STM32U535VCI6, STM32U535VCI6Q, STM32U535VCT6, STM32U535VCT6Q, STM32U535VEI6, STM32U535VEI6Q, STM32U535VET6, STM32U535VET6Q, STM32U545CET6, STM32U545CET6Q, STM32U545CEU6, STM32U545CEU6Q, STM32U545JEY6QTR, STM32U545NEY6QTR, STM32U545REI6, STM32U545REI6Q, STM32U545RET6, STM32U545RET6Q, STM32U545VEI6, STM32U545VEI6Q, STM32U545VET6, STM32U545VET6Q, STM32U595AIH6, STM32U595AIH6Q, STM32U595AJH6, STM32U595AJH6Q, STM32U595QII6, STM32U595QII6Q, STM32U595QJI6, STM32U595QJI6Q, STM32U595RIT6, STM32U595RIT6Q, STM32U595RJT6, STM32U595RJT6Q, STM32U595VIT6, STM32U595VIT6Q, STM32U595VJT6, STM32U595VJT6Q, STM32U595ZIT6, STM32U595ZIT6Q, STM32U595ZIY6QTR, STM32U595ZJT6, STM32U595ZJT6Q, STM32U595ZJY6QTR, STM32U599BJY6QTR, STM32U599NIH6Q, STM32U599NJH6Q, STM32U599VIT6Q, STM32U599VJT6, STM32U599VJT6Q, STM32U599ZIT6Q, STM32U599ZIY6QTR, STM32U599ZJT6Q, STM32U599ZJY6QTR, STM32U5A5AJH6, STM32U5A5AJH6Q, STM32U5A5QII3Q , STM32U5A5QJI6, STM32U5A5QJI6Q, STM32U5A5RJT6, STM32U5A5RJT6Q, STM32U5A5VJT6, STM32U5A5VJT6Q, STM32U5A5ZJT6, STM32U5A5ZJT6Q, STM32U5A5ZJY6QTR, STM32U5A9BJY6QTR, STM32U5A9J-DK, STM32U5A9NJH6Q, STM32U5A9VJT6Q, STM32U5A9ZJT6Q, STM32U5A9ZJY6QTR, STM32U5F7VIT6, STM32U5F7VIT6Q, STM32U5F7VJT6, STM32U5F7VJT6Q, STM32U5F9BJY6QTR, STM32U5F9NJH6Q, STM32U5F9VIT6Q, STM32U5F9VJT6Q, STM32U5F9ZIJ6QTR, STM32U5F9ZIT6Q, STM32U5F9ZJJ6QTR, STM32U5F9ZJT6Q, STM32U5G7VJT6, STM32U5G7VJT6Q, STM32U5G9BJY6QTR, STM32U5G9J-DK1, STM32U5G9J-DK2, STM32U5G9NJH6Q, STM32U5G9VJT6Q, STM32U5G9ZJJ6QTR, STM32U5G9ZJT6Q, STM32WB05KZV6TR, STM32WB05KZV7TR, STM32WB05TZF6TR, STM32WB05TZF7TR, STM32WB06CCF6TR, STM32WB06CCF7TR, STM32WB06CCV6TR, STM32WB06CCV7TR, STM32WB06KCV6TR, STM32WB06KCV7TR, STM32WB07CCF6TR, STM32WB07CCF7TR, STM32WB07CCV6TR, STM32WB07CCV7TR, STM32WB07KCV6TR, STM32WB07KCV7TR, STM32WB09KEV6TR, STM32WB09KEV7TR, STM32WB09TEF6TR, STM32WB09TEF7TR, STM32WB1MMCH6, STM32WBA50KGU6, STM32WBA50KGU6TR, STM32WBA52CEU6, STM32WBA52CEU6TR, STM32WBA52CEU7, STM32WBA52CEU7TR, STM32WBA52CGU6, STM32WBA52CGU6TR, STM32WBA52CGU6U, STM32WBA52CGU7, STM32WBA52CGU7TR, STM32WBA52KEU6, STM32WBA52KEU6TR, STM32WBA52KGU6, STM32WBA52KGU6TR, STM32WBA54CEU6, STM32WBA54CEU6TR, STM32WBA54CEU7, STM32WBA54CEU7TR, STM32WBA54CGU6, STM32WBA54CGU6TR, STM32WBA54CGU7, STM32WBA54CGU7TR, STM32WBA54KEU6, STM32WBA54KEU6TR, STM32WBA54KEU7, STM32WBA54KEU7TR, STM32WBA54KGU6, STM32WBA54KGU6TR, STM32WBA54KGU7, STM32WBA54KGU7TR, STM32WBA55CEU6, STM32WBA55CEU6TR, STM32WBA55CEU7, STM32WBA55CEU7TR, STM32WBA55CGU6, STM32WBA55CGU6TR, STM32WBA55CGU6U, STM32WBA55CGU7, STM32WBA55CGU7TR, STM32WBA55G-DK1, STM32WBA55HEF6, STM32WBA55HEF7, STM32WBA55HGF6, STM32WBA55HGF7, STM32WBA55UEI6, STM32WBA55UEI6TR, STM32WBA55UEI7, STM32WBA55UEI7TR, STM32WBA55UGI6, STM32WBA55UGI6TR, STM32WBA55UGI7, STM32WBA55UGI7TR, STM32WBA5MJGH6TR, STM32WBA62CGU6, STM32WBA62CIU6, STM32WBA62MGF6, STM32WBA62MIF6, STM32WBA62PGI6, STM32WBA62PII6, STM32WBA63CGU6, STM32WBA63CGU7, STM32WBA63CIU6, STM32WBA63CIU7, STM32WBA64CGU6, STM32WBA64CGU7, STM32WBA64CIU6, STM32WBA64CIU7, STM32WBA65CGU6, STM32WBA65CGU7, STM32WBA65CIU6, STM32WBA65CIU7, STM32WBA65I-DK1, STM32WBA65MGF6, STM32WBA65MGF7, STM32WBA65MIF6, STM32WBA65MIF7, STM32WBA65PGI6, STM32WBA65PGI7, STM32WBA65PII6, STM32WBA65PII7, STM32WBA65RGV6, STM32WBA65RGV7, STM32WBA65RIV6, STM32WBA65RIV7, STM32WL30K8V6, STM32WL30KBV6, STM32WL31C8V6, STM32WL31CBV6, STM32WL31K8V6, STM32WL31KBV6, STM32WL33C8V6, STM32WL33C8V6TR, STM32WL33C8V7, STM32WL33C8V7TR, STM32WL33CBV6, STM32WL33CBV6TR, STM32WL33CBV7, STM32WL33CBV7TR, STM32WL33CCV6, STM32WL33CCV6TR, STM32WL33CCV7, STM32WL33CCV7A, STM32WL33CCV7ATR, STM32WL33CCV7TR, STM32WL33K8V6, STM32WL33K8V6TR, STM32WL33K8V7, STM32WL33K8V7TR, STM32WL33KBV6, STM32WL33KBV6TR, STM32WL33KBV7, STM32WL33KBV7TR, STM32WL33KCV6, STM32WL33KCV6TR, STM32WL33KCV7, STM32WL33KCV7TR, STM32WL5MOCH6, STM32WL5MOCH6TR]
2025-06-26 17:11:05,719 [INFO] DbMcus:218 - Found 4686 MCUs, 4686 are supported
2025-06-26 17:11:05,725 [INFO] ApiDb:423 - Load user favorites file C:\Users\marcv/.stm32cubeide/favorites.mcus.txt: 1 item(s)
2025-06-26 17:11:05,726 [INFO] ApiDb:427 - User favorites MCUs=[STM32H750VBT6]
2025-06-26 17:11:05,726 [INFO] DbMcus:224 - Set 1 / 1 favorites MCUs
2025-06-26 17:11:06,133 [INFO] ApiDb:423 - Load user favorites file C:\Users\marcv/.stm32cubeide/favorites.boards.txt: 0 item(s)
2025-06-26 17:11:06,134 [INFO] ApiDb:427 - User favorites Boards=[]
2025-06-26 17:11:06,134 [INFO] DbBoards:198 - Set 0 / 0 favorites Boards
2025-06-26 17:11:06,178 [INFO] UtilMem:75 - End LoadConfig() Used Memory: 830488440 Bytes (1073741824)
2025-06-26 17:11:06,340 [WARN] ThirdParty:833 - waiting for thirdparty lock release [change project]
2025-06-26 17:11:06,340 [INFO] ThirdParty:835 - entering critical section [change project]
2025-06-26 17:11:06,340 [INFO] ThirdParty:1030 - CMSIS Pack Vendor :STMicroelectronics X-CUBE-PM33A1 1.0.0
2025-06-26 17:11:06,340 [INFO] ThirdParty:1030 - CMSIS Pack Vendor :STMicroelectronics USBPD 4.1
2025-06-26 17:11:06,340 [INFO] ThirdParty:1030 - CMSIS Pack Vendor :STMicroelectronics X-CUBE-AZRTOS-H7 3.3.0
2025-06-26 17:11:06,341 [INFO] ThirdParty:1030 - CMSIS Pack Vendor :STMicroelectronics X-CUBE-NFC9 1.0.0
2025-06-26 17:11:06,341 [INFO] ThirdParty:1030 - CMSIS Pack Vendor :STMicroelectronics USB_HOST 2.0.0
2025-06-26 17:11:06,341 [INFO] ThirdParty:1030 - CMSIS Pack Vendor :STMicroelectronics FP-SNS-MOTENVWB1 1.4.0
2025-06-26 17:11:06,341 [INFO] ThirdParty:1030 - CMSIS Pack Vendor :STMicroelectronics X-CUBE-AZRTOS-F4 1.1.0
2025-06-26 17:11:06,341 [INFO] ThirdParty:1030 - CMSIS Pack Vendor :STMicroelectronics LIBJPEG 8.0.0
2025-06-26 17:11:06,341 [INFO] ThirdParty:1030 - CMSIS Pack Vendor :STMicroelectronics FP-ATR-ASTRA1 2.0.2
2025-06-26 17:11:06,341 [INFO] ThirdParty:1030 - CMSIS Pack Vendor :STMicroelectronics X-CUBE-BLE1 7.1.0
2025-06-26 17:11:06,341 [INFO] ThirdParty:1030 - CMSIS Pack Vendor :Avnet-IotConnect X-CUBE-IoTC-DA16k-PMOD 1.0.0
2025-06-26 17:11:06,341 [INFO] ThirdParty:1030 - CMSIS Pack Vendor :STMicroelectronics X-CUBE-SMBUS 2.1.0
2025-06-26 17:11:06,341 [INFO] ThirdParty:1030 - CMSIS Pack Vendor :STMicroelectronics X-CUBE-WB05N 1.1.0
2025-06-26 17:11:06,341 [INFO] ThirdParty:1030 - CMSIS Pack Vendor :wolfSSL I-CUBE-wolfMQTT 1.19.2
2025-06-26 17:11:06,341 [INFO] ThirdParty:1030 - CMSIS Pack Vendor :STMicroelectronics USB_DEVICE 3.0.0
2025-06-26 17:11:06,341 [INFO] ThirdParty:1030 - CMSIS Pack Vendor :STMicroelectronics X-CUBE-ISPU 2.1.0
2025-06-26 17:11:06,341 [INFO] ThirdParty:1030 - CMSIS Pack Vendor :STMicroelectronics X-CUBE-AZRTOS-WB 2.0.0
2025-06-26 17:11:06,341 [INFO] ThirdParty:1030 - CMSIS Pack Vendor :STMicroelectronics X-CUBE-ST60 1.0.0
2025-06-26 17:11:06,341 [INFO] ThirdParty:1030 - CMSIS Pack Vendor :STMicroelectronics X-CUBE-GNSS1 7.0.1
2025-06-26 17:11:06,341 [INFO] ThirdParty:1030 - CMSIS Pack Vendor :STMicroelectronics X-CUBE-AZRTOS-F7 1.1.0
2025-06-26 17:11:06,341 [INFO] ThirdParty:1030 - CMSIS Pack Vendor :STMicroelectronics X-CUBE-AZRTOS-L5 2.0.0
2025-06-26 17:11:06,341 [INFO] ThirdParty:1030 - CMSIS Pack Vendor :STMicroelectronics X-CUBE-TOUCHGFX 4.25.0
2025-06-26 17:11:06,341 [INFO] ThirdParty:1030 - CMSIS Pack Vendor :STMicroelectronics USB_DEVICE 2.0.0
2025-06-26 17:11:06,341 [INFO] ThirdParty:1030 - CMSIS Pack Vendor :STMicroelectronics X-CUBE-NFC6 3.1.0
2025-06-26 17:11:06,341 [INFO] ThirdParty:1030 - CMSIS Pack Vendor :STMicroelectronics X-CUBE-AI 10.1.0
2025-06-26 17:11:06,341 [INFO] ThirdParty:1030 - CMSIS Pack Vendor :STMicroelectronics FP-SNS-STBOX1 2.0.0
2025-06-26 17:11:06,341 [INFO] ThirdParty:1030 - CMSIS Pack Vendor :STMicroelectronics X-CUBE-MEMS1 11.2.0
2025-06-26 17:11:06,342 [INFO] ThirdParty:1030 - CMSIS Pack Vendor :STMicroelectronics FreeRTOS 0.0.1
2025-06-26 17:11:06,342 [INFO] ThirdParty:1030 - CMSIS Pack Vendor :STMicroelectronics X-CUBE-AZRTOS-G0 1.1.0
2025-06-26 17:11:06,342 [INFO] ThirdParty:1030 - CMSIS Pack Vendor :STMicroelectronics X-CUBE-SAFEA1 1.2.2
2025-06-26 17:11:06,342 [INFO] ThirdParty:1030 - CMSIS Pack Vendor :STMicroelectronics X-CUBE-NFC4 3.0.0
2025-06-26 17:11:06,342 [INFO] ThirdParty:1030 - CMSIS Pack Vendor :STMicroelectronics X-CUBE-DPower 1.2.0
2025-06-26 17:11:06,342 [INFO] ThirdParty:1030 - CMSIS Pack Vendor :STMicroelectronics X-CUBE-SUBG2 5.0.0
2025-06-26 17:11:06,342 [INFO] ThirdParty:1030 - CMSIS Pack Vendor :STMicroelectronics X-CUBE-AZRTOS-H7RS 1.1.0
2025-06-26 17:11:06,342 [INFO] ThirdParty:1030 - CMSIS Pack Vendor :STMicroelectronics STM32_WPAN 1.0.0
2025-06-26 17:11:06,342 [INFO] ThirdParty:1030 - CMSIS Pack Vendor :EmbeddedOffice I-CUBE-FS-RTOS 1.0.1
2025-06-26 17:11:06,342 [INFO] ThirdParty:1030 - CMSIS Pack Vendor :STMicroelectronics lwIP 2.0.3
2025-06-26 17:11:06,342 [INFO] ThirdParty:1030 - CMSIS Pack Vendor :STMicroelectronics FP-SNS-FLIGHT1 5.0.2
2025-06-26 17:11:06,342 [INFO] ThirdParty:1030 - CMSIS Pack Vendor :Cesanta I-CUBE-Mongoose 7.13.0
2025-06-26 17:11:06,342 [INFO] ThirdParty:1030 - CMSIS Pack Vendor :STMicroelectronics USB_HOST 1.0.0
2025-06-26 17:11:06,342 [INFO] ThirdParty:1030 - CMSIS Pack Vendor :Infineon AIROC-Wi-Fi-Bluetooth-STM32 1.7.0
2025-06-26 17:11:06,342 [INFO] ThirdParty:1030 - CMSIS Pack Vendor :STMicroelectronics X-CUBE-AZRTOS-G4 2.0.0
2025-06-26 17:11:06,342 [INFO] ThirdParty:1030 - CMSIS Pack Vendor :STMicroelectronics X-CUBE-WB05N 2.0.0
2025-06-26 17:11:06,342 [INFO] ThirdParty:1030 - CMSIS Pack Vendor :STMicroelectronics PDM2PCM 3.1.0
2025-06-26 17:11:06,342 [INFO] ThirdParty:1030 - CMSIS Pack Vendor :STMicroelectronics PDM2PCM 3.3.0
2025-06-26 17:11:06,342 [INFO] ThirdParty:1030 - CMSIS Pack Vendor :wolfSSL I-CUBE-wolfTPM 3.8.0
2025-06-26 17:11:06,342 [INFO] ThirdParty:1030 - CMSIS Pack Vendor :STMicroelectronics X-CUBE-DISPLAY 3.0.0
2025-06-26 17:11:06,342 [INFO] ThirdParty:1030 - CMSIS Pack Vendor :wolfSSL I-CUBE-wolfSSH 1.4.20
2025-06-26 17:11:06,342 [INFO] ThirdParty:1030 - CMSIS Pack Vendor :STMicroelectronics X-CUBE-NFC7 2.0.0
2025-06-26 17:11:06,342 [INFO] ThirdParty:1030 - CMSIS Pack Vendor :STMicroelectronics X-CUBE-TCPP 4.2.0
2025-06-26 17:11:06,342 [INFO] ThirdParty:1030 - CMSIS Pack Vendor :RealThread X-CUBE-RT-Thread_Nano 4.1.1
2025-06-26 17:11:06,343 [INFO] ThirdParty:1030 - CMSIS Pack Vendor :STMicroelectronics FP-ATR-SIGFOX1 3.2.0
2025-06-26 17:11:06,343 [INFO] ThirdParty:1030 - CMSIS Pack Vendor :STMicroelectronics X-CUBE-NFC10 1.0.0
2025-06-26 17:11:06,343 [INFO] ThirdParty:1030 - CMSIS Pack Vendor :STMicroelectronics X-CUBE-BLEMGR 4.0.0
2025-06-26 17:11:06,343 [INFO] ThirdParty:1030 - CMSIS Pack Vendor :STMicroelectronics X-CUBE-EEPRMA1 5.1.0
2025-06-26 17:11:06,343 [INFO] ThirdParty:1030 - CMSIS Pack Vendor :STMicroelectronics X-CUBE-FREERTOS 1.3.1
2025-06-26 17:11:06,343 [INFO] ThirdParty:1030 - CMSIS Pack Vendor :STMicroelectronics HAL Drivers 0.0.0
2025-06-26 17:11:06,343 [INFO] ThirdParty:1030 - CMSIS Pack Vendor :STMicroelectronics MBEDTLS 2.16.2
2025-06-26 17:11:06,343 [INFO] ThirdParty:1030 - CMSIS Pack Vendor :STMicroelectronics X-CUBE-IPS 3.1.0
2025-06-26 17:11:06,343 [INFO] ThirdParty:1030 - CMSIS Pack Vendor :STMicroelectronics X-CUBE-ALS 1.0.2
2025-06-26 17:11:06,343 [INFO] ThirdParty:1030 - CMSIS Pack Vendor :emotas I-CUBE-CANOPEN 1.3.0
2025-06-26 17:11:06,343 [INFO] ThirdParty:1030 - CMSIS Pack Vendor :STMicroelectronics X-CUBE-FREERTOS 1.3.0
2025-06-26 17:11:06,343 [INFO] ThirdParty:1030 - CMSIS Pack Vendor :STMicroelectronics X-CUBE-NFC7 1.0.1
2025-06-26 17:11:06,343 [INFO] ThirdParty:1030 - CMSIS Pack Vendor :STMicroelectronics MBEDTLS 2.14.1
2025-06-26 17:11:06,343 [INFO] ThirdParty:1030 - CMSIS Pack Vendor :wolfSSL I-CUBE-wolfSSL 5.7.6
2025-06-26 17:11:06,343 [INFO] ThirdParty:1030 - CMSIS Pack Vendor :ITTIA_DB I-CUBE-ITTIADB 8.9.0
2025-06-26 17:11:06,343 [INFO] ThirdParty:1030 - CMSIS Pack Vendor :STMicroelectronics X-CUBE-TOUCHGFX 4.24.2
2025-06-26 17:11:06,343 [INFO] ThirdParty:1030 - CMSIS Pack Vendor :portGmbH I-Cube-SoM-uGOAL 1.1.0
2025-06-26 17:11:06,344 [INFO] ThirdParty:1030 - CMSIS Pack Vendor :quantropi X-CUBE-qispace-sdk-base 2.0.0
2025-06-26 17:11:06,344 [INFO] ThirdParty:1030 - CMSIS Pack Vendor :STMicroelectronics X-CUBE-AI 10.0.0
2025-06-26 17:11:06,344 [INFO] ThirdParty:1030 - CMSIS Pack Vendor :STMicroelectronics X-CUBE-ST67W61 1.0.0
2025-06-26 17:11:06,344 [INFO] ThirdParty:1030 - CMSIS Pack Vendor :STMicroelectronics FP-SNS-STAIOTCFT 1.0.0
2025-06-26 17:11:06,344 [INFO] ThirdParty:1030 - CMSIS Pack Vendor :STMicroelectronics ThreadX 1.0.0
2025-06-26 17:11:06,344 [INFO] ThirdParty:1030 - CMSIS Pack Vendor :STMicroelectronics FP-SNS-SMARTAG2 1.2.0
2025-06-26 17:11:06,344 [INFO] ThirdParty:1030 - CMSIS Pack Vendor :STMicroelectronics FP-SNS-FLIGHT1 5.1.0
2025-06-26 17:11:06,344 [INFO] ThirdParty:1030 - CMSIS Pack Vendor :STMicroelectronics X-CUBE-MEMS1 11.1.0
2025-06-26 17:11:06,344 [INFO] ThirdParty:1030 - CMSIS Pack Vendor :STMicroelectronics X-CUBE-AZRTOS-WL 2.0.0
2025-06-26 17:11:06,344 [INFO] ThirdParty:1030 - CMSIS Pack Vendor :SEGGER I-CUBE-embOS 1.3.1
2025-06-26 17:11:06,344 [INFO] ThirdParty:1030 - CMSIS Pack Vendor :STMicroelectronics X-CUBE-ALGOBUILD 1.4.0
2025-06-26 17:11:06,344 [INFO] ThirdParty:1030 - CMSIS Pack Vendor :STMicroelectronics X-CUBE-DPower 1.3.0
2025-06-26 17:11:06,344 [INFO] ThirdParty:1030 - CMSIS Pack Vendor :STMicroelectronics X-CUBE-MEMS1 11.3.0
2025-06-26 17:11:06,344 [INFO] ThirdParty:1030 - CMSIS Pack Vendor :STMicroelectronics FP-SNS-MOTENV1 5.0.0
2025-06-26 17:11:06,344 [INFO] ThirdParty:1030 - CMSIS Pack Vendor :STMicroelectronics USB_DEVICE 1.0.0
2025-06-26 17:11:06,344 [INFO] ThirdParty:1030 - CMSIS Pack Vendor :STMicroelectronics X-CUBE-AZRTOS-H7RS 1.0.0
2025-06-26 17:11:06,344 [INFO] ThirdParty:1030 - CMSIS Pack Vendor :STMicroelectronics X-CUBE-AZRTOS-L4 2.0.0
2025-06-26 17:11:06,344 [INFO] ThirdParty:1030 - CMSIS Pack Vendor :STMicroelectronics ThreadX 0.0.2
2025-06-26 17:11:06,345 [INFO] ThirdParty:1030 - CMSIS Pack Vendor :WES I-CUBE-Cesium 1.3.0
2025-06-26 17:11:06,345 [INFO] ThirdParty:1030 - CMSIS Pack Vendor :STMicroelectronics lwIP 2.1.2
2025-06-26 17:11:06,345 [INFO] ThirdParty:1030 - CMSIS Pack Vendor :STMicroelectronics X-CUBE-SFXS2LP1 4.0.0
2025-06-26 17:11:06,345 [INFO] ThirdParty:1030 - CMSIS Pack Vendor :STMicroelectronics X-CUBE-BLE2 3.3.0
2025-06-26 17:11:06,345 [INFO] ThirdParty:1030 - CMSIS Pack Vendor :STMicroelectronics X-CUBE-TOF1 3.4.2
2025-06-26 17:11:06,345 [INFO] ThirdParty:1030 - CMSIS Pack Vendor :STMicroelectronics X-CUBE-TOF1 3.4.3
2025-06-26 17:11:06,345 [INFO] ThirdParty:1030 - CMSIS Pack Vendor :STMicroelectronics PDM2PCM 3.2.0
2025-06-26 17:11:06,345 [INFO] ThirdParty:841 - exiting critical section [change project]
2025-06-26 17:11:06,971 [INFO] PinOutPanel:1589 - setPackage(No Configuration,No Configuration)
2025-06-26 17:11:06,976 [INFO] PinOutPanel:1589 - setPackage(STM32H743VITx,LQFP100)
2025-06-26 17:11:07,930 [INFO] UtilMem:75 - Before build in PCC Used Memory: 931175104 Bytes (1073741824)
2025-06-26 17:11:08,667 [INFO] UtilMem:75 - After build in PCC Used Memory: 735521288 Bytes (1073741824)
2025-06-26 17:11:08,749 [INFO] ApiDbMcu:508 - Load IP Config File for FREERTOS
2025-06-26 17:11:08,794 [INFO] IPUIPlugin:80 - create IPUIPlugin
2025-06-26 17:11:08,794 [INFO] IPUIPlugin:80 - create IPUIPlugin
2025-06-26 17:11:08,794 [INFO] IPUIPlugin:80 - create IPUIPlugin
2025-06-26 17:11:08,794 [INFO] IPUIPlugin:80 - create IPUIPlugin
2025-06-26 17:11:08,794 [INFO] IPUIPlugin:80 - create IPUIPlugin
2025-06-26 17:11:08,794 [INFO] IPUIPlugin:80 - create IPUIPlugin
2025-06-26 17:11:08,795 [INFO] IPUIPlugin:80 - create IPUIPlugin
2025-06-26 17:11:08,795 [INFO] IPUIPlugin:80 - create IPUIPlugin
2025-06-26 17:11:08,795 [INFO] IPUIPlugin:80 - create IPUIPlugin
2025-06-26 17:11:08,795 [INFO] IPUIPlugin:80 - create IPUIPlugin
2025-06-26 17:11:08,795 [INFO] IPUIPlugin:80 - create IPUIPlugin
2025-06-26 17:11:08,795 [INFO] IPUIPlugin:80 - create IPUIPlugin
2025-06-26 17:11:08,796 [INFO] IPUIPlugin:80 - create IPUIPlugin
2025-06-26 17:11:08,796 [INFO] IPUIPlugin:80 - create IPUIPlugin
2025-06-26 17:11:08,796 [INFO] IPUIPlugin:80 - create IPUIPlugin
2025-06-26 17:11:08,796 [INFO] IPUIPlugin:80 - create IPUIPlugin
2025-06-26 17:11:08,796 [INFO] IPUIPlugin:80 - create IPUIPlugin
2025-06-26 17:11:08,796 [INFO] IPUIPlugin:80 - create IPUIPlugin
2025-06-26 17:11:08,797 [INFO] IPUIPlugin:80 - create IPUIPlugin
2025-06-26 17:11:08,797 [INFO] IPUIPlugin:80 - create IPUIPlugin
2025-06-26 17:11:08,797 [INFO] IPUIPlugin:80 - create IPUIPlugin
2025-06-26 17:11:08,797 [INFO] IPUIPlugin:80 - create IPUIPlugin
2025-06-26 17:11:08,797 [INFO] IPUIPlugin:80 - create IPUIPlugin
2025-06-26 17:11:08,797 [INFO] IPUIPlugin:80 - create IPUIPlugin
2025-06-26 17:11:08,797 [INFO] IPUIPlugin:80 - create IPUIPlugin
2025-06-26 17:11:08,797 [INFO] IPUIPlugin:80 - create IPUIPlugin
2025-06-26 17:11:08,798 [INFO] IPUIPlugin:80 - create IPUIPlugin
2025-06-26 17:11:08,798 [INFO] IPUIPlugin:80 - create IPUIPlugin
2025-06-26 17:11:08,798 [INFO] IPUIPlugin:80 - create IPUIPlugin
2025-06-26 17:11:08,798 [INFO] IPUIPlugin:80 - create IPUIPlugin
2025-06-26 17:11:08,798 [INFO] IPUIPlugin:80 - create IPUIPlugin
2025-06-26 17:11:08,798 [INFO] IPUIPlugin:80 - create IPUIPlugin
2025-06-26 17:11:08,798 [INFO] IPUIPlugin:80 - create IPUIPlugin
2025-06-26 17:11:08,799 [INFO] IPUIPlugin:80 - create IPUIPlugin
2025-06-26 17:11:08,799 [INFO] IPUIPlugin:80 - create IPUIPlugin
2025-06-26 17:11:08,799 [INFO] IPUIPlugin:80 - create IPUIPlugin
2025-06-26 17:11:08,799 [INFO] IPUIPlugin:80 - create IPUIPlugin
2025-06-26 17:11:08,800 [INFO] IPUIPlugin:80 - create IPUIPlugin
2025-06-26 17:11:08,800 [INFO] IPUIPlugin:80 - create IPUIPlugin
2025-06-26 17:11:08,800 [INFO] IPUIPlugin:80 - create IPUIPlugin
2025-06-26 17:11:08,800 [INFO] IPUIPlugin:80 - create IPUIPlugin
2025-06-26 17:11:08,800 [INFO] IPUIPlugin:80 - create IPUIPlugin
2025-06-26 17:11:08,801 [INFO] IPUIPlugin:80 - create IPUIPlugin
2025-06-26 17:11:08,801 [INFO] IPUIPlugin:80 - create IPUIPlugin
2025-06-26 17:11:08,801 [INFO] IPUIPlugin:80 - create IPUIPlugin
2025-06-26 17:11:08,801 [INFO] IPUIPlugin:80 - create IPUIPlugin
2025-06-26 17:11:08,801 [INFO] IPUIPlugin:80 - create IPUIPlugin
2025-06-26 17:11:08,802 [INFO] IPUIPlugin:80 - create IPUIPlugin
2025-06-26 17:11:08,802 [INFO] IPUIPlugin:80 - create IPUIPlugin
2025-06-26 17:11:08,802 [INFO] IPUIPlugin:80 - create IPUIPlugin
2025-06-26 17:11:08,802 [INFO] IPUIPlugin:80 - create IPUIPlugin
2025-06-26 17:11:08,802 [INFO] IPUIPlugin:80 - create IPUIPlugin
2025-06-26 17:11:08,805 [INFO] IPUIPlugin:80 - create IPUIPlugin
2025-06-26 17:11:08,806 [INFO] IPUIPlugin:80 - create IPUIPlugin
2025-06-26 17:11:08,806 [INFO] IPUIPlugin:80 - create IPUIPlugin
2025-06-26 17:11:08,806 [INFO] IPUIPlugin:80 - create IPUIPlugin
2025-06-26 17:11:08,806 [INFO] IPUIPlugin:80 - create IPUIPlugin
2025-06-26 17:11:08,807 [INFO] IPUIPlugin:80 - create IPUIPlugin
2025-06-26 17:11:08,807 [INFO] IPUIPlugin:80 - create IPUIPlugin
2025-06-26 17:11:08,807 [INFO] IPUIPlugin:80 - create IPUIPlugin
2025-06-26 17:11:08,807 [INFO] IPUIPlugin:80 - create IPUIPlugin
2025-06-26 17:11:08,808 [INFO] IPUIPlugin:80 - create IPUIPlugin
2025-06-26 17:11:08,808 [INFO] IPUIPlugin:80 - create IPUIPlugin
2025-06-26 17:11:08,808 [INFO] IPUIPlugin:80 - create IPUIPlugin
2025-06-26 17:11:08,809 [INFO] IPUIPlugin:80 - create IPUIPlugin
2025-06-26 17:11:08,809 [INFO] IPUIPlugin:80 - create IPUIPlugin
2025-06-26 17:11:08,809 [INFO] IPUIPlugin:80 - create IPUIPlugin
2025-06-26 17:11:08,809 [INFO] IPUIPlugin:80 - create IPUIPlugin
2025-06-26 17:11:08,810 [INFO] IPUIPlugin:80 - create IPUIPlugin
2025-06-26 17:11:08,810 [INFO] IPUIPlugin:80 - create IPUIPlugin
2025-06-26 17:11:08,810 [INFO] IPUIPlugin:80 - create IPUIPlugin
2025-06-26 17:11:08,811 [INFO] IPUIPlugin:80 - create IPUIPlugin
2025-06-26 17:11:08,811 [INFO] IPUIPlugin:80 - create IPUIPlugin
2025-06-26 17:11:08,811 [INFO] IPUIPlugin:80 - create IPUIPlugin
2025-06-26 17:11:08,811 [INFO] IPUIPlugin:80 - create IPUIPlugin
2025-06-26 17:11:08,812 [INFO] IPUIPlugin:80 - create IPUIPlugin
2025-06-26 17:11:08,812 [INFO] IPUIPlugin:80 - create IPUIPlugin
2025-06-26 17:11:08,812 [INFO] IPUIPlugin:80 - create IPUIPlugin
2025-06-26 17:11:08,813 [INFO] IPUIPlugin:80 - create IPUIPlugin
2025-06-26 17:11:08,813 [INFO] IPUIPlugin:80 - create IPUIPlugin
2025-06-26 17:11:08,813 [INFO] IPUIPlugin:80 - create IPUIPlugin
2025-06-26 17:11:08,814 [INFO] IPUIPlugin:80 - create IPUIPlugin
2025-06-26 17:11:08,814 [INFO] IPUIPlugin:80 - create IPUIPlugin
2025-06-26 17:11:08,814 [INFO] IPUIPlugin:80 - create IPUIPlugin
2025-06-26 17:11:08,815 [INFO] IPUIPlugin:80 - create IPUIPlugin
2025-06-26 17:11:08,815 [INFO] IPUIPlugin:80 - create IPUIPlugin
2025-06-26 17:11:08,815 [INFO] IPUIPlugin:80 - create IPUIPlugin
2025-06-26 17:11:08,816 [INFO] IPUIPlugin:80 - create IPUIPlugin
2025-06-26 17:11:08,816 [INFO] IPUIPlugin:80 - create IPUIPlugin
2025-06-26 17:11:08,816 [INFO] IPUIPlugin:80 - create IPUIPlugin
2025-06-26 17:11:08,817 [INFO] IPUIPlugin:80 - create IPUIPlugin
2025-06-26 17:11:08,818 [INFO] IPUIPlugin:80 - create IPUIPlugin
2025-06-26 17:11:08,818 [INFO] IPUIPlugin:80 - create IPUIPlugin
2025-06-26 17:11:08,819 [INFO] IPUIPlugin:80 - create IPUIPlugin
2025-06-26 17:11:08,819 [INFO] IPUIPlugin:80 - create IPUIPlugin
2025-06-26 17:11:08,820 [INFO] IPUIPlugin:80 - create IPUIPlugin
2025-06-26 17:11:08,820 [INFO] IPUIPlugin:80 - create IPUIPlugin
2025-06-26 17:11:08,848 [INFO] ApiDbMcu:508 - Load IP Config File for PDM2PCM
2025-06-26 17:11:08,894 [WARN] FreeRTOS:1023 - Null or empty value: should not occur! (nothing added to the table)
2025-06-26 17:11:09,086 [INFO] CADModel:165 - CPN selected for project levelSTM32H743VIT6
2025-06-26 17:11:09,087 [INFO] CADModel:114 - Register for checkConnection events
2025-06-26 17:11:09,090 [INFO] RtosManager:725 - Active RTOS found at IOC load: FREERTOS [Cortex-M7NS]
2025-06-26 17:11:09,135 [INFO] OpenFileManager:385 - Restore cursor
2025-06-26 17:25:19,582 [ERROR] LogOutputStream:75 - [STDERR_REDIRECT] 
2025-06-26 17:27:28,911 [INFO] Activator:176 - 


2025-06-26 17:27:28,912 [INFO] Activator:177 - !SESSION log4j initialized
2025-06-26 17:27:32,920 [INFO] LogOutputStream:77 - [STDOUT_REDIRECT] 
2025-06-26 17:27:38,585 [INFO] ApplicationProperties:184 - Using Application install path: C:\ST\STM32CubeIDE_1.18.0\STM32CubeIDE\plugins\com.st.stm32cube.common.mx_6.14.0.202502271554
2025-06-26 17:27:38,600 [INFO] DbMcusXml:78 - Set database path to: C:\ST\STM32CubeIDE_1.18.0\STM32CubeIDE\plugins\com.st.stm32cube.common.mx_6.14.0.202502271554\\db\/mcu/
2025-06-26 17:27:38,600 [INFO] ApiDb:274 - Set plugin database path to: C:\ST\STM32CubeIDE_1.18.0\STM32CubeIDE\plugins\com.st.stm32cube.common.mx_6.14.0.202502271554\\db\/plugins/boardmanager/
2025-06-26 17:27:38,601 [WARN] ApiDb:259 - Overriding images path with different value:  => C:\ST\STM32CubeIDE_1.18.0\STM32CubeIDE\plugins\com.st.stm32cube.common.mx_6.14.0.202502271554\\db\/plugins/mcufinder/images/
2025-06-26 17:27:38,605 [INFO] ApiDb:250 - Set database path to: C:\Users\marcv\.stmcufinder\plugins\mcufinder//mcu/
2025-06-26 17:27:38,606 [INFO] DbMcusAds:125 - Set database path to: C:\Users\marcv\.stmcufinder\plugins\mcufinder//mcu/
2025-06-26 17:27:38,608 [INFO] CrossReferenceDbSqlite:203 - Set database path to: C:\Users\marcv\.stmcufinder\plugins\mcufinder//mcu/cs/
2025-06-26 17:27:38,703 [INFO] RulesReader:64 - Compatibility file has been processed (301 Rules)
2025-06-26 17:27:38,771 [INFO] DbMcusXml:78 - Set database path to: C:\ST\STM32CubeIDE_1.18.0\STM32CubeIDE\plugins\com.st.stm32cube.common.mx_6.14.0.202502271554\\db\/mcu/
2025-06-26 17:27:38,771 [INFO] ApiDb:274 - Set plugin database path to: C:\ST\STM32CubeIDE_1.18.0\STM32CubeIDE\plugins\com.st.stm32cube.common.mx_6.14.0.202502271554\\db\/plugins/boardmanager/
2025-06-26 17:27:38,772 [INFO] ApiDb:261 - Set plugin images path to: C:\ST\STM32CubeIDE_1.18.0\STM32CubeIDE\plugins\com.st.stm32cube.common.mx_6.14.0.202502271554\\db\/plugins/mcufinder/images/
2025-06-26 17:27:38,772 [WARN] DbFile:41 - Overriding database path with different value: C:\Users\marcv\.stmcufinder\plugins\mcufinder/ => C:\Users\marcv\.stmcufinder\plugins\mcufinder
2025-06-26 17:27:38,772 [INFO] ApiDb:250 - Set database path to: C:\Users\marcv\.stmcufinder\plugins\mcufinder//mcu/
2025-06-26 17:27:38,772 [WARN] DbFile:41 - Overriding database path with different value: C:\Users\marcv\.stmcufinder\plugins\mcufinder/ => C:\Users\marcv\.stmcufinder\plugins\mcufinder
2025-06-26 17:27:38,772 [INFO] DbMcusAds:125 - Set database path to: C:\Users\marcv\.stmcufinder\plugins\mcufinder//mcu/
2025-06-26 17:27:38,772 [WARN] DbFile:41 - Overriding database path with different value: C:\Users\marcv\.stmcufinder\plugins\mcufinder/ => C:\Users\marcv\.stmcufinder\plugins\mcufinder
2025-06-26 17:27:38,772 [WARN] DbFile:41 - Overriding database path with different value: C:\Users\marcv\.stmcufinder\plugins\mcufinder/ => C:\Users\marcv\.stmcufinder\plugins\mcufinder
2025-06-26 17:27:38,772 [INFO] CrossReferenceDbSqlite:203 - Set database path to: C:\Users\marcv\.stmcufinder\plugins\mcufinder//mcu/cs/
2025-06-26 17:27:38,831 [INFO] MainPanel:272 - HeapMemory: 268435456
2025-06-26 17:27:38,900 [INFO] DbMcusXml:78 - Set database path to: C:\ST\STM32CubeIDE_1.18.0\STM32CubeIDE\plugins\com.st.stm32cube.common.mx_6.14.0.202502271554\\db\/mcu/
2025-06-26 17:27:38,900 [INFO] ApiDb:274 - Set plugin database path to: C:\ST\STM32CubeIDE_1.18.0\STM32CubeIDE\plugins\com.st.stm32cube.common.mx_6.14.0.202502271554\\db\/plugins/boardmanager/
2025-06-26 17:27:38,900 [INFO] ApiDb:261 - Set plugin images path to: C:\ST\STM32CubeIDE_1.18.0\STM32CubeIDE\plugins\com.st.stm32cube.common.mx_6.14.0.202502271554\\db\/plugins/mcufinder/images/
2025-06-26 17:27:38,900 [WARN] DbFile:41 - Overriding database path with different value: C:\Users\marcv\.stmcufinder\plugins\mcufinder/ => C:\Users\marcv\.stmcufinder\plugins\mcufinder
2025-06-26 17:27:38,901 [INFO] ApiDb:250 - Set database path to: C:\Users\marcv\.stmcufinder\plugins\mcufinder//mcu/
2025-06-26 17:27:38,901 [WARN] DbFile:41 - Overriding database path with different value: C:\Users\marcv\.stmcufinder\plugins\mcufinder/ => C:\Users\marcv\.stmcufinder\plugins\mcufinder
2025-06-26 17:27:38,901 [INFO] DbMcusAds:125 - Set database path to: C:\Users\marcv\.stmcufinder\plugins\mcufinder//mcu/
2025-06-26 17:27:38,901 [WARN] DbFile:41 - Overriding database path with different value: C:\Users\marcv\.stmcufinder\plugins\mcufinder/ => C:\Users\marcv\.stmcufinder\plugins\mcufinder
2025-06-26 17:27:38,901 [WARN] DbFile:41 - Overriding database path with different value: C:\Users\marcv\.stmcufinder\plugins\mcufinder/ => C:\Users\marcv\.stmcufinder\plugins\mcufinder
2025-06-26 17:27:38,901 [INFO] CrossReferenceDbSqlite:203 - Set database path to: C:\Users\marcv\.stmcufinder\plugins\mcufinder//mcu/cs/
2025-06-26 17:27:38,916 [INFO] ApplicationProperties:184 - Using Application install path: C:\ST\STM32CubeIDE_1.18.0\STM32CubeIDE\plugins\com.st.stm32cube.common.mx_6.14.0.202502271554
2025-06-26 17:27:38,917 [INFO] PluginManage:196 - Search for loadable plugins [exclusion list=, ]
2025-06-26 17:27:38,919 [INFO] PluginManage:310 - Check plugin analytics
2025-06-26 17:27:43,591 [INFO] AnalyticsPlugin:253 - Accepted Software Licenses: 
2025-06-26 17:27:43,591 [INFO] AnalyticsPlugin:255 - Accepted CMSIS Pack Licenses: 
2025-06-26 17:27:43,591 [INFO] AnalyticsPlugin:257 - Accepted Firmware Licenses: FW.H7.1.12.0
2025-06-26 17:27:43,594 [INFO] PluginManage:359 - Loaded plugin analytics (category:tool,tabindex:-1)
2025-06-26 17:27:43,594 [INFO] PluginManage:310 - Check plugin cadmodel
2025-06-26 17:27:43,597 [INFO] CADModel:105 - Init CAD model plugin
2025-06-26 17:27:43,597 [INFO] PluginManage:359 - Loaded plugin cadmodel (category:power,tabindex:5)
2025-06-26 17:27:43,597 [INFO] PluginManage:310 - Check plugin clock
2025-06-26 17:27:43,604 [INFO] PluginManage:359 - Loaded plugin clock (category:base,tabindex:2)
2025-06-26 17:27:43,604 [INFO] PluginManage:310 - Check plugin ddr
2025-06-26 17:27:43,605 [INFO] PluginManage:359 - Loaded plugin ddr (category:tool,tabindex:6)
2025-06-26 17:27:43,606 [INFO] PluginManage:310 - Check plugin filemanager
2025-06-26 17:27:43,721 [INFO] PluginManage:359 - Loaded plugin filemanager (category:base,tabindex:10)
2025-06-26 17:27:43,721 [INFO] PluginManage:310 - Check plugin ipmanager
2025-06-26 17:27:43,728 [INFO] PluginManage:359 - Loaded plugin ipmanager (category:base,tabindex:5)
2025-06-26 17:27:43,728 [INFO] PluginManage:310 - Check plugin lpbam
2025-06-26 17:27:43,735 [INFO] PluginManage:359 - Loaded plugin lpbam (category:base,tabindex:0)
2025-06-26 17:27:43,735 [INFO] PluginManage:310 - Check plugin memorymap
2025-06-26 17:27:43,744 [INFO] PluginManage:359 - Loaded plugin memorymap (category:base,tabindex:4)
2025-06-26 17:27:43,744 [INFO] PluginManage:310 - Check plugin pinoutandconfiguration
2025-06-26 17:27:43,750 [INFO] PluginManage:359 - Loaded plugin pinoutandconfiguration (category:base,tabindex:1)
2025-06-26 17:27:43,750 [INFO] PluginManage:310 - Check plugin pinoutconfig
2025-06-26 17:27:43,822 [WARN] SupportedApi:132 - Cannot load RTOS API schema: s4s-elt-must-match.1: The content of 'definitions' must match (annotation?, (simpleType | complexType)?, (unique | key | keyref)*)). A problem was found starting at: attribute.
2025-06-26 17:27:43,928 [INFO] PluginManage:359 - Loaded plugin pinoutconfig (category:base,tabindex:0)
2025-06-26 17:27:43,928 [INFO] PluginManage:310 - Check plugin power
2025-06-26 17:27:43,934 [INFO] PluginManage:359 - Loaded plugin power (category:power,tabindex:4)
2025-06-26 17:27:43,934 [INFO] PluginManage:310 - Check plugin projectmanager
2025-06-26 17:27:43,961 [INFO] PluginManage:359 - Loaded plugin projectmanager (category:projectmanager,tabindex:4)
2025-06-26 17:27:43,961 [INFO] PluginManage:310 - Check plugin rif
2025-06-26 17:27:43,966 [INFO] PluginManage:359 - Loaded plugin rif (category:base,tabindex:3)
2025-06-26 17:27:43,966 [INFO] PluginManage:310 - Check plugin thirdparty
2025-06-26 17:27:44,070 [WARN] IntegrityCheckThread:84 - waiting for thirdparty lock release [integrity check]
2025-06-26 17:27:44,071 [INFO] IntegrityCheckThread:86 - entering critical section [integrity check]
2025-06-26 17:27:44,071 [INFO] PluginManage:359 - Loaded plugin thirdparty (category:base,tabindex:-1)
2025-06-26 17:27:44,071 [INFO] ThirdPartyUpdaterWithRetryManager:70 - Updater plugin not ready yet. [1/15]
2025-06-26 17:27:44,071 [INFO] PluginManage:310 - Check plugin tools
2025-06-26 17:27:44,073 [INFO] PluginManage:359 - Loaded plugin tools (category:base,tabindex:7)
2025-06-26 17:27:44,073 [INFO] PluginManage:310 - Check plugin tutovideos
2025-06-26 17:27:44,207 [INFO] PluginManage:359 - Loaded plugin tutovideos (category:base,tabindex:-1)
2025-06-26 17:27:44,207 [INFO] PluginManage:310 - Check plugin updater
2025-06-26 17:27:44,224 [INFO] PluginManage:359 - Loaded plugin updater (category:base,tabindex:12)
2025-06-26 17:27:44,224 [INFO] PluginManage:310 - Check plugin userauth
2025-06-26 17:27:44,227 [INFO] UserAuth:118 - Init User Auth plugin
2025-06-26 17:27:44,227 [INFO] PluginManage:359 - Loaded plugin userauth (category:base,tabindex:14)
2025-06-26 17:27:44,228 [INFO] PluginManage:283 - PluginManage : Loaded plugins [18]
2025-06-26 17:27:44,400 [INFO] PinOutPanel:1589 - setPackage(No Configuration,No Configuration)
2025-06-26 17:27:44,466 [INFO] CADModel:165 - CPN selected for project level
2025-06-26 17:27:44,466 [INFO] CADModel:114 - Register for checkConnection events
2025-06-26 17:27:44,478 [INFO] IPUIPlugin:80 - create IPUIPlugin
2025-06-26 17:27:44,478 [INFO] PluginManager:220 - loadIPPluginJar : add adc
2025-06-26 17:27:44,480 [INFO] IPUIPlugin:80 - create IPUIPlugin
2025-06-26 17:27:44,480 [INFO] PluginManager:220 - loadIPPluginJar : add aes
2025-06-26 17:27:44,482 [INFO] IPUIPlugin:80 - create IPUIPlugin
2025-06-26 17:27:44,482 [INFO] PluginManager:220 - loadIPPluginJar : add can
2025-06-26 17:27:44,484 [INFO] IPUIPlugin:80 - create IPUIPlugin
2025-06-26 17:27:44,484 [INFO] PluginManager:220 - loadIPPluginJar : add comp
2025-06-26 17:27:44,485 [INFO] IPUIPlugin:80 - create IPUIPlugin
2025-06-26 17:27:44,485 [INFO] PluginManager:220 - loadIPPluginJar : add cryp
2025-06-26 17:27:44,487 [INFO] IPUIPlugin:80 - create IPUIPlugin
2025-06-26 17:27:44,488 [INFO] PluginManager:220 - loadIPPluginJar : add ddr_ctrl_phy
2025-06-26 17:27:44,490 [INFO] IPUIPlugin:80 - create IPUIPlugin
2025-06-26 17:27:44,490 [INFO] PluginManager:220 - loadIPPluginJar : add dfsdm
2025-06-26 17:27:44,494 [INFO] IPUIPlugin:80 - create IPUIPlugin
2025-06-26 17:27:44,494 [INFO] PluginManager:220 - loadIPPluginJar : add dma
2025-06-26 17:27:44,497 [INFO] IPUIPlugin:80 - create IPUIPlugin
2025-06-26 17:27:44,497 [INFO] PluginManager:220 - loadIPPluginJar : add dma3
2025-06-26 17:27:44,499 [INFO] IPUIPlugin:80 - create IPUIPlugin
2025-06-26 17:27:44,499 [INFO] PluginManager:220 - loadIPPluginJar : add extmemmanager
2025-06-26 17:27:44,500 [INFO] IPUIPlugin:80 - create IPUIPlugin
2025-06-26 17:27:44,500 [INFO] PluginManager:220 - loadIPPluginJar : add fatfs
2025-06-26 17:27:44,503 [INFO] IPUIPlugin:80 - create IPUIPlugin
2025-06-26 17:27:44,503 [INFO] PluginManager:220 - loadIPPluginJar : add fmc
2025-06-26 17:27:44,507 [INFO] IPUIPlugin:80 - create IPUIPlugin
2025-06-26 17:27:44,507 [INFO] PluginManager:220 - loadIPPluginJar : add freertos
2025-06-26 17:27:44,508 [INFO] IPUIPlugin:80 - create IPUIPlugin
2025-06-26 17:27:44,508 [INFO] PluginManager:220 - loadIPPluginJar : add genericplugin
2025-06-26 17:27:44,510 [INFO] IPUIPlugin:80 - create IPUIPlugin
2025-06-26 17:27:44,510 [INFO] PluginManager:220 - loadIPPluginJar : add gfxmmu
2025-06-26 17:27:44,513 [INFO] IPUIPlugin:80 - create IPUIPlugin
2025-06-26 17:27:44,513 [INFO] PluginManager:220 - loadIPPluginJar : add gic
2025-06-26 17:27:44,516 [INFO] IPUIPlugin:80 - create IPUIPlugin
2025-06-26 17:27:44,516 [INFO] PluginManager:220 - loadIPPluginJar : add gpio
2025-06-26 17:27:44,518 [INFO] IPUIPlugin:80 - create IPUIPlugin
2025-06-26 17:27:44,518 [INFO] PluginManager:220 - loadIPPluginJar : add gtzc
2025-06-26 17:27:44,519 [INFO] IPUIPlugin:80 - create IPUIPlugin
2025-06-26 17:27:44,519 [INFO] PluginManager:220 - loadIPPluginJar : add hash
2025-06-26 17:27:44,521 [INFO] IPUIPlugin:80 - create IPUIPlugin
2025-06-26 17:27:44,522 [INFO] PluginManager:220 - loadIPPluginJar : add i2c
2025-06-26 17:27:44,525 [INFO] IPUIPlugin:80 - create IPUIPlugin
2025-06-26 17:27:44,525 [INFO] PluginManager:220 - loadIPPluginJar : add i2s
2025-06-26 17:27:44,527 [INFO] IPUIPlugin:80 - create IPUIPlugin
2025-06-26 17:27:44,527 [INFO] PluginManager:220 - loadIPPluginJar : add i3c
2025-06-26 17:27:44,530 [INFO] IPUIPlugin:80 - create IPUIPlugin
2025-06-26 17:27:44,530 [INFO] PluginManager:220 - loadIPPluginJar : add ipddr
2025-06-26 17:27:44,535 [INFO] IPUIPlugin:80 - create IPUIPlugin
2025-06-26 17:27:44,535 [INFO] PluginManager:220 - loadIPPluginJar : add linkedlist
2025-06-26 17:27:44,538 [INFO] IPUIPlugin:80 - create IPUIPlugin
2025-06-26 17:27:44,538 [INFO] PluginManager:220 - loadIPPluginJar : add lorawan
2025-06-26 17:27:44,539 [INFO] IPUIPlugin:80 - create IPUIPlugin
2025-06-26 17:27:44,539 [INFO] PluginManager:220 - loadIPPluginJar : add ltdc
2025-06-26 17:27:44,543 [INFO] IPUIPlugin:80 - create IPUIPlugin
2025-06-26 17:27:44,543 [INFO] PluginManager:220 - loadIPPluginJar : add mdma
2025-06-26 17:27:44,546 [INFO] IPUIPlugin:80 - create IPUIPlugin
2025-06-26 17:27:44,546 [INFO] PluginManager:220 - loadIPPluginJar : add nvic
2025-06-26 17:27:44,548 [INFO] IPUIPlugin:80 - create IPUIPlugin
2025-06-26 17:27:44,548 [INFO] PluginManager:220 - loadIPPluginJar : add opamp
2025-06-26 17:27:44,550 [INFO] IPUIPlugin:80 - create IPUIPlugin
2025-06-26 17:27:44,550 [INFO] PluginManager:220 - loadIPPluginJar : add openamp
2025-06-26 17:27:44,552 [INFO] IPUIPlugin:80 - create IPUIPlugin
2025-06-26 17:27:44,553 [INFO] PluginManager:220 - loadIPPluginJar : add pdm2pcm
2025-06-26 17:27:44,558 [INFO] IPUIPlugin:80 - create IPUIPlugin
2025-06-26 17:27:44,560 [INFO] PluginManager:220 - loadIPPluginJar : add plateformsettings
2025-06-26 17:27:44,562 [INFO] IPUIPlugin:80 - create IPUIPlugin
2025-06-26 17:27:44,562 [INFO] PluginManager:220 - loadIPPluginJar : add quadspi
2025-06-26 17:27:44,563 [INFO] IPUIPlugin:80 - create IPUIPlugin
2025-06-26 17:27:44,564 [INFO] PluginManager:220 - loadIPPluginJar : add radio
2025-06-26 17:27:44,566 [INFO] IPUIPlugin:80 - create IPUIPlugin
2025-06-26 17:27:44,566 [INFO] PluginManager:220 - loadIPPluginJar : add resmgrutility
2025-06-26 17:27:44,568 [INFO] IPUIPlugin:80 - create IPUIPlugin
2025-06-26 17:27:44,569 [INFO] PluginManager:220 - loadIPPluginJar : add sai
2025-06-26 17:27:44,570 [INFO] IPUIPlugin:80 - create IPUIPlugin
2025-06-26 17:27:44,570 [INFO] PluginManager:220 - loadIPPluginJar : add spi
2025-06-26 17:27:44,575 [INFO] IPUIPlugin:80 - create IPUIPlugin
2025-06-26 17:27:44,575 [INFO] PluginManager:220 - loadIPPluginJar : add stm32_wpan
2025-06-26 17:27:44,576 [INFO] IPUIPlugin:80 - create IPUIPlugin
2025-06-26 17:27:44,577 [INFO] PluginManager:220 - loadIPPluginJar : add tim
2025-06-26 17:27:44,579 [INFO] IPUIPlugin:80 - create IPUIPlugin
2025-06-26 17:27:44,579 [INFO] PluginManager:220 - loadIPPluginJar : add touchsensing
2025-06-26 17:27:44,580 [INFO] IPUIPlugin:80 - create IPUIPlugin
2025-06-26 17:27:44,580 [INFO] PluginManager:220 - loadIPPluginJar : add tracer_emb
2025-06-26 17:27:44,582 [INFO] IPUIPlugin:80 - create IPUIPlugin
2025-06-26 17:27:44,582 [INFO] PluginManager:220 - loadIPPluginJar : add ts
2025-06-26 17:27:44,583 [INFO] IPUIPlugin:80 - create IPUIPlugin
2025-06-26 17:27:44,583 [INFO] PluginManager:220 - loadIPPluginJar : add tsc
2025-06-26 17:27:44,584 [INFO] IPUIPlugin:80 - create IPUIPlugin
2025-06-26 17:27:44,584 [INFO] PluginManager:220 - loadIPPluginJar : add ucpd
2025-06-26 17:27:44,587 [INFO] IPUIPlugin:80 - create IPUIPlugin
2025-06-26 17:27:44,587 [INFO] PluginManager:220 - loadIPPluginJar : add usart
2025-06-26 17:27:44,590 [INFO] IPUIPlugin:80 - create IPUIPlugin
2025-06-26 17:27:44,590 [INFO] PluginManager:220 - loadIPPluginJar : add usbx
2025-06-26 17:27:44,707 [FATAL] Updater:351 - Updater called before beeing initialized
2025-06-26 17:27:44,729 [INFO] RulesReader:64 - Compatibility file has been processed (301 Rules)
2025-06-26 17:27:44,737 [INFO] RulesReader:64 - Compatibility file has been processed (301 Rules)
2025-06-26 17:27:44,742 [INFO] CADModel:165 - CPN selected for project level
2025-06-26 17:27:44,742 [INFO] CADModel:114 - Register for checkConnection events
2025-06-26 17:27:44,742 [FATAL] Updater:351 - Updater called before beeing initialized
2025-06-26 17:27:44,742 [ERROR] CADModel:125 - Updater not yet initialized, retry later 
2025-06-26 17:27:44,840 [FATAL] Updater:351 - Updater called before beeing initialized
2025-06-26 17:27:44,841 [INFO] CADModel:165 - CPN selected for project level
2025-06-26 17:27:44,841 [INFO] CADModel:114 - Register for checkConnection events
2025-06-26 17:27:44,841 [FATAL] Updater:351 - Updater called before beeing initialized
2025-06-26 17:27:44,841 [ERROR] CADModel:125 - Updater not yet initialized, retry later 
2025-06-26 17:27:44,843 [FATAL] Updater:351 - Updater called before beeing initialized
2025-06-26 17:27:44,932 [FATAL] Updater:351 - Updater called before beeing initialized
2025-06-26 17:27:44,935 [INFO] DbMcusAds:53 - JSON generation date=Thu Jun 19 10:32:34 CEST 2025 (1750321954415)
2025-06-26 17:27:44,935 [FATAL] Updater:351 - Updater called before beeing initialized
2025-06-26 17:27:44,965 [WARN] DetailPanel:346 - Failed to get advertising image, set to default
2025-06-26 17:27:45,211 [FATAL] Updater:351 - Updater called before beeing initialized
2025-06-26 17:27:45,212 [FATAL] Updater:351 - Updater called before beeing initialized
2025-06-26 17:27:45,212 [FATAL] Updater:351 - Updater called before beeing initialized
2025-06-26 17:27:45,212 [WARN] DetailPanel:346 - Failed to get advertising image, set to default
2025-06-26 17:27:45,213 [FATAL] Updater:351 - Updater called before beeing initialized
2025-06-26 17:27:45,250 [ERROR] Updater:1198 - MainUpdater not yet initialized. External WinMGr cannot be set.
2025-06-26 17:27:45,253 [INFO] Updater:1134 - Updater Version found : 6.14.0
2025-06-26 17:27:45,267 [INFO] ApplicationProperties:184 - Using Application install path: C:\ST\STM32CubeIDE_1.18.0\STM32CubeIDE\plugins\com.st.stm32cube.common.mx_6.14.0.202502271554
2025-06-26 17:27:46,834 [ERROR] LogOutputStream:75 - [STDERR_REDIRECT] Jun 26, 2025 5:27:46 PM java.util.prefs.WindowsPreferences <init>
2025-06-26 17:27:46,835 [ERROR] LogOutputStream:75 - [STDERR_REDIRECT] WARNING: Could not open/create prefs root node Software\JavaSoft\Prefs at root 0xffffffff80000002. Windows RegCreateKeyEx(...) returned error code 5.
2025-06-26 17:27:46,836 [ERROR] LogOutputStream:75 - [STDERR_REDIRECT] 
2025-06-26 17:27:47,072 [INFO] ThirdPartyUpdaterWithRetryManager:70 - Updater plugin not ready yet. [2/15]
2025-06-26 17:27:47,079 [INFO] MainUpdater:2872 - connection check result : 10
2025-06-26 17:27:47,080 [INFO] MainUpdater:289 - Updater Check For Update Now.
2025-06-26 17:27:47,080 [INFO] MicroXplorer:498 - Change Database Version : DB.6.0.140
2025-06-26 17:27:47,085 [INFO] McuFinderGlobals:63 - Set McuFinder mode to 2 (CubeIDE integrated)
2025-06-26 17:27:47,085 [INFO] UserAuth:486 - Internet connection configuration mode: 1
2025-06-26 17:27:47,102 [INFO] JxBrowserEngine:152 - Initiate JxBrowser Engine with user profile folder
2025-06-26 17:27:47,251 [INFO] CheckServerUpdateThread:120 - End of CheckServer Thread
2025-06-26 17:27:47,574 [INFO] WebApp:169 - Instantiating new browser for Auth
2025-06-26 17:27:48,162 [INFO] WebApp:463 - Apply proxy settings
2025-06-26 17:27:48,163 [INFO] WebApp:548 - Chromium requires no authentication
2025-06-26 17:27:48,171 [INFO] WebApp:491 - Direct internet connection detected
2025-06-26 17:27:48,193 [INFO] WebApp:894 - Register for checkConnection events
2025-06-26 17:27:48,193 [INFO] WebApp:463 - Apply proxy settings
2025-06-26 17:27:48,193 [INFO] WebApp:548 - Chromium requires no authentication
2025-06-26 17:27:48,194 [INFO] WebApp:491 - Direct internet connection detected
2025-06-26 17:27:48,357 [INFO] WebApp:225 - Starting web application
2025-06-26 17:27:48,358 [INFO] WebApp:593 - Web application path used C:\ST\STM32CubeIDE_1.18.0\STM32CubeIDE\plugins\com.st.stm32cube.common.mx_6.14.0.202502271554\db\plugins\mcufinder\reactClient1\index.html
2025-06-26 17:27:48,424 [INFO] UserAuth:486 - Internet connection configuration mode: 1
2025-06-26 17:27:48,551 [INFO] WebApp:191 - Connection restablished
2025-06-26 17:27:50,293 [WARN] PackLoader:240 - Cannot read IP mode file for STMicroelectronics.FP-SNS-MOTENVWB1.1.4.0
2025-06-26 17:27:50,300 [WARN] PackLoader:240 - Cannot read IP mode file for STMicroelectronics.FP-ATR-ASTRA1.2.0.2
2025-06-26 17:27:50,309 [WARN] PackLoader:240 - Cannot read IP mode file for STMicroelectronics.X-CUBE-SMBUS.2.1.0
2025-06-26 17:27:50,319 [WARN] PackLoader:240 - Cannot read IP mode file for STMicroelectronics.X-CUBE-WB05N.1.1.0
2025-06-26 17:27:50,327 [WARN] PackLoader:240 - Cannot read IP mode file for STMicroelectronics.X-CUBE-ST60.1.0.0
2025-06-26 17:27:50,357 [WARN] PackLoader:240 - Cannot read IP mode file for STMicroelectronics.X-CUBE-AZRTOS-F7.1.1.0
2025-06-26 17:27:50,365 [WARN] PackLoader:240 - Cannot read IP mode file for STMicroelectronics.FP-SNS-FLIGHT1.5.0.2
2025-06-26 17:27:50,390 [WARN] PackLoader:240 - Cannot read IP mode file for Infineon.AIROC-Wi-Fi-Bluetooth-STM32.1.7.0
2025-06-26 17:27:50,406 [WARN] PackLoader:240 - Cannot read IP mode file for STMicroelectronics.X-CUBE-DISPLAY.3.0.0
2025-06-26 17:27:50,417 [WARN] PackLoader:240 - Cannot read IP mode file for STMicroelectronics.X-CUBE-NFC10.1.0.0
2025-06-26 17:27:50,431 [WARN] PackLoader:240 - Cannot read IP mode file for STMicroelectronics.X-CUBE-BLEMGR.4.0.0
2025-06-26 17:27:50,445 [WARN] PackLoader:240 - Cannot read IP mode file for emotas.I-CUBE-CANOPEN.1.3.0
2025-06-26 17:27:50,451 [WARN] ConditionMgr:438 - getConditionDescription Invalid condition id : Cortex-A Device cause : null
2025-06-26 17:27:50,465 [WARN] ConditionMgr:1044 - genDependencies : Invalid condition id : Cortex-A Device cause : null
2025-06-26 17:27:50,465 [WARN] ConditionMgr:1044 - genDependencies : Invalid condition id : Cortex-A Device cause : null
2025-06-26 17:27:50,465 [WARN] ConditionMgr:1044 - genDependencies : Invalid condition id : Cortex-A Device cause : null
2025-06-26 17:27:50,469 [WARN] PackLoader:240 - Cannot read IP mode file for STMicroelectronics.X-CUBE-AI.10.0.0
2025-06-26 17:27:50,473 [WARN] PackLoader:240 - Cannot read IP mode file for STMicroelectronics.FP-SNS-SMARTAG2.1.2.0
2025-06-26 17:27:50,477 [WARN] PackLoader:240 - Cannot read IP mode file for STMicroelectronics.FP-SNS-FLIGHT1.5.1.0
2025-06-26 17:27:50,535 [WARN] PackLoader:240 - Cannot read IP mode file for STMicroelectronics.X-CUBE-MEMS1.11.1.0
2025-06-26 17:27:50,673 [INFO] LogOutputStream:77 - [STDOUT_REDIRECT] 1 : Invalid condition id : UX_CORESTACK_Condition cause : null
2025-06-26 17:27:50,674 [INFO] LogOutputStream:77 - [STDOUT_REDIRECT] 1 : Invalid condition id : UX_CORESTACK_Condition cause : null
2025-06-26 17:27:50,675 [INFO] LogOutputStream:77 - [STDOUT_REDIRECT] 1 : Invalid condition id : UX_CORESTACK_Condition cause : null
2025-06-26 17:27:50,676 [INFO] LogOutputStream:77 - [STDOUT_REDIRECT] 1 : Invalid condition id : UX_CORESTACK_Condition cause : null
2025-06-26 17:27:50,677 [INFO] LogOutputStream:77 - [STDOUT_REDIRECT] 1 : Invalid condition id : UX_CORESTACK_Condition cause : null
2025-06-26 17:27:50,679 [WARN] PackLoader:240 - Cannot read IP mode file for STMicroelectronics.X-CUBE-AZRTOS-WL.2.0.0
2025-06-26 17:27:50,683 [WARN] PackLoader:240 - Cannot read IP mode file for STMicroelectronics.FP-SNS-MOTENV1.5.0.0
2025-06-26 17:27:50,690 [WARN] PackLoader:240 - Cannot read IP mode file for WES.I-CUBE-Cesium.1.3.0
2025-06-26 17:27:50,694 [WARN] PackLoader:240 - Cannot read IP mode file for STMicroelectronics.X-CUBE-BLE2.3.3.0
2025-06-26 17:27:50,700 [WARN] PackLoader:240 - Cannot read IP mode file for STMicroelectronics.X-CUBE-NFC9.1.0.0
2025-06-26 17:27:50,706 [WARN] PackLoader:240 - Cannot read IP mode file for STMicroelectronics.X-CUBE-BLE1.7.1.0
2025-06-26 17:27:50,709 [WARN] PackLoader:240 - Cannot read IP mode file for wolfSSL.I-CUBE-wolfMQTT.1.19.2
2025-06-26 17:27:50,712 [WARN] PackLoader:240 - Cannot read IP mode file for STMicroelectronics.X-CUBE-AI.10.1.0
2025-06-26 17:27:50,745 [WARN] PackLoader:240 - Cannot read IP mode file for STMicroelectronics.X-CUBE-MEMS1.11.2.0
2025-06-26 17:27:50,915 [WARN] PackLoader:240 - Cannot read IP mode file for STMicroelectronics.X-CUBE-AZRTOS-G0.1.1.0
2025-06-26 17:27:50,922 [WARN] PackLoader:240 - Cannot read IP mode file for STMicroelectronics.X-CUBE-SAFEA1.1.2.2
2025-06-26 17:27:50,927 [WARN] PackLoader:240 - Cannot read IP mode file for STMicroelectronics.X-CUBE-NFC4.3.0.0
2025-06-26 17:27:50,935 [WARN] PackLoader:240 - Cannot read IP mode file for EmbeddedOffice.I-CUBE-FS-RTOS.1.0.1
2025-06-26 17:27:50,939 [WARN] PackLoader:240 - Cannot read IP mode file for STMicroelectronics.X-CUBE-WB05N.2.0.0
2025-06-26 17:27:50,942 [WARN] PackLoader:240 - Cannot read IP mode file for wolfSSL.I-CUBE-wolfTPM.3.8.0
2025-06-26 17:27:50,946 [WARN] PackLoader:240 - Cannot read IP mode file for STMicroelectronics.X-CUBE-TCPP.4.2.0
2025-06-26 17:27:50,951 [WARN] PackLoader:240 - Cannot read IP mode file for RealThread.X-CUBE-RT-Thread_Nano.4.1.1
2025-06-26 17:27:50,955 [WARN] PackLoader:240 - Cannot read IP mode file for STMicroelectronics.FP-ATR-SIGFOX1.3.2.0
2025-06-26 17:27:50,961 [WARN] PackLoader:240 - Cannot read IP mode file for STMicroelectronics.X-CUBE-EEPRMA1.5.1.0
2025-06-26 17:27:50,965 [WARN] PackLoader:240 - Cannot read IP mode file for wolfSSL.I-CUBE-wolfSSL.5.7.6
2025-06-26 17:27:50,970 [WARN] PackLoader:240 - Cannot read IP mode file for ITTIA_DB.I-CUBE-ITTIADB.8.9.0
2025-06-26 17:27:50,975 [WARN] PackLoader:240 - Cannot read IP mode file for STMicroelectronics.X-CUBE-ST67W61.1.0.0
2025-06-26 17:27:50,994 [WARN] PackLoader:240 - Cannot read IP mode file for SEGGER.I-CUBE-embOS.1.3.1
2025-06-26 17:27:51,016 [WARN] PackLoader:240 - Cannot read IP mode file for STMicroelectronics.X-CUBE-ALGOBUILD.1.4.0
2025-06-26 17:27:51,045 [WARN] PackLoader:240 - Cannot read IP mode file for STMicroelectronics.X-CUBE-MEMS1.11.3.0
2025-06-26 17:27:51,143 [WARN] PackLoader:240 - Cannot read IP mode file for STMicroelectronics.X-CUBE-PM33A1.1.0.0
2025-06-26 17:27:51,153 [WARN] PackLoader:240 - Cannot read IP mode file for STMicroelectronics.X-CUBE-AZRTOS-F4.1.1.0
2025-06-26 17:27:51,159 [WARN] PackLoader:240 - Cannot read IP mode file for Avnet-IotConnect.X-CUBE-IoTC-DA16k-PMOD.1.0.0
2025-06-26 17:27:51,163 [WARN] PackLoader:240 - Cannot read IP mode file for STMicroelectronics.X-CUBE-ISPU.2.1.0
2025-06-26 17:27:51,173 [WARN] PackLoader:240 - Cannot read IP mode file for STMicroelectronics.X-CUBE-AZRTOS-L5.2.0.0
2025-06-26 17:27:51,180 [WARN] PackLoader:240 - Cannot read IP mode file for STMicroelectronics.X-CUBE-NFC6.3.1.0
2025-06-26 17:27:51,185 [WARN] PackLoader:240 - Cannot read IP mode file for STMicroelectronics.X-CUBE-DPower.1.2.0
2025-06-26 17:27:51,189 [WARN] PackLoader:240 - Cannot read IP mode file for STMicroelectronics.X-CUBE-FREERTOS.1.3.1
2025-06-26 17:27:51,194 [WARN] PackLoader:240 - Cannot read IP mode file for STMicroelectronics.X-CUBE-FREERTOS.1.3.0
2025-06-26 17:27:51,199 [WARN] PackLoader:240 - Cannot read IP mode file for STMicroelectronics.X-CUBE-NFC7.1.0.1
2025-06-26 17:27:51,203 [WARN] PackLoader:240 - Cannot read IP mode file for STMicroelectronics.FP-SNS-STAIOTCFT.1.0.0
2025-06-26 17:27:51,207 [WARN] PackLoader:240 - Cannot read IP mode file for STMicroelectronics.X-CUBE-DPower.1.3.0
2025-06-26 17:27:51,220 [WARN] ConditionMgr:438 - getConditionDescription Invalid condition id : LAN8742 Phy interface Condition cause : null
2025-06-26 17:27:51,221 [WARN] PackLoader:240 - Cannot read IP mode file for STMicroelectronics.X-CUBE-AZRTOS-L4.2.0.0
2025-06-26 17:27:51,221 [WARN] ConditionMgr:1044 - genDependencies : Invalid condition id : LAN8742 Phy interface Condition cause : null
2025-06-26 17:27:51,221 [WARN] ConditionMgr:1044 - genDependencies : Invalid condition id : LAN8742 Phy interface Condition cause : null
2025-06-26 17:27:51,222 [WARN] ConditionMgr:1044 - genDependencies : Invalid condition id : LAN8742 Phy interface Condition cause : null
2025-06-26 17:27:51,229 [WARN] PackLoader:240 - Cannot read IP mode file for STMicroelectronics.X-CUBE-SFXS2LP1.4.0.0
2025-06-26 17:27:51,256 [WARN] PackLoader:240 - Cannot read IP mode file for STMicroelectronics.X-CUBE-AZRTOS-H7.3.3.0
2025-06-26 17:27:51,273 [WARN] ConditionMgr:438 - getConditionDescription Invalid condition id : UX DEVICE CLASS RTOS Condition cause : null
2025-06-26 17:27:51,273 [WARN] ConditionMgr:438 - getConditionDescription Invalid condition id : UX DEVICE CLASS RTOS Condition cause : null
2025-06-26 17:27:51,275 [WARN] PackLoader:240 - Cannot read IP mode file for STMicroelectronics.X-CUBE-AZRTOS-WB.2.0.0
2025-06-26 17:27:51,275 [WARN] ConditionMgr:1044 - genDependencies : Invalid condition id : UX DEVICE CLASS RTOS Condition cause : null
2025-06-26 17:27:51,275 [WARN] ConditionMgr:1044 - genDependencies : Invalid condition id : UX DEVICE CLASS RTOS Condition cause : null
2025-06-26 17:27:51,275 [WARN] ConditionMgr:1044 - genDependencies : Invalid condition id : UX DEVICE CLASS RTOS Condition cause : null
2025-06-26 17:27:51,276 [WARN] ConditionMgr:1044 - genDependencies : Invalid condition id : UX DEVICE CLASS RTOS Condition cause : null
2025-06-26 17:27:51,276 [WARN] ConditionMgr:1044 - genDependencies : Invalid condition id : UX DEVICE CLASS RTOS Condition cause : null
2025-06-26 17:27:51,282 [WARN] PackLoader:240 - Cannot read IP mode file for STMicroelectronics.X-CUBE-GNSS1.7.0.1
2025-06-26 17:27:51,288 [WARN] PackLoader:240 - Cannot read IP mode file for STMicroelectronics.X-CUBE-TOUCHGFX.4.25.0
2025-06-26 17:27:51,295 [WARN] PackLoader:240 - Cannot read IP mode file for STMicroelectronics.FP-SNS-STBOX1.2.0.0
2025-06-26 17:27:51,304 [WARN] PackLoader:240 - Cannot read IP mode file for STMicroelectronics.X-CUBE-SUBG2.5.0.0
2025-06-26 17:27:51,331 [WARN] PackLoader:240 - Cannot read IP mode file for STMicroelectronics.X-CUBE-AZRTOS-H7RS.1.1.0
2025-06-26 17:27:51,338 [WARN] PackLoader:240 - Cannot read IP mode file for Cesanta.I-CUBE-Mongoose.7.13.0
2025-06-26 17:27:51,350 [WARN] PackLoader:240 - Cannot read IP mode file for STMicroelectronics.X-CUBE-AZRTOS-G4.2.0.0
2025-06-26 17:27:51,356 [WARN] PackLoader:240 - Cannot read IP mode file for wolfSSL.I-CUBE-wolfSSH.1.4.20
2025-06-26 17:27:51,360 [WARN] PackLoader:240 - Cannot read IP mode file for STMicroelectronics.X-CUBE-NFC7.2.0.0
2025-06-26 17:27:51,368 [WARN] PackLoader:240 - Cannot read IP mode file for STMicroelectronics.X-CUBE-IPS.3.1.0
2025-06-26 17:27:51,375 [WARN] PackLoader:240 - Cannot read IP mode file for STMicroelectronics.X-CUBE-ALS.1.0.2
2025-06-26 17:27:51,377 [WARN] PackLoader:240 - Cannot read IP mode file for STMicroelectronics.X-CUBE-TOUCHGFX.4.24.2
2025-06-26 17:27:51,381 [WARN] PackLoader:240 - Cannot read IP mode file for portGmbH.I-Cube-SoM-uGOAL.1.1.0
2025-06-26 17:27:51,391 [WARN] PackLoader:240 - Cannot read IP mode file for STMicroelectronics.X-CUBE-AZRTOS-H7RS.1.0.0
2025-06-26 17:27:51,402 [WARN] PackLoader:240 - Cannot read IP mode file for STMicroelectronics.X-CUBE-TOF1.3.4.2
2025-06-26 17:27:51,415 [WARN] PackLoader:240 - Cannot read IP mode file for STMicroelectronics.X-CUBE-TOF1.3.4.3
2025-06-26 17:27:51,422 [INFO] ThirdParty:978 - Integrity check success = true
2025-06-26 17:27:51,422 [INFO] IntegrityCheckThread:100 - exiting critical section [integrity check]
2025-06-26 17:27:51,422 [INFO] IntegrityCheckThread:103 - End integrity checks thread
2025-06-26 19:20:11,057 [INFO] WebApp:194 - Connection lost
2025-06-26 19:20:15,011 [INFO] WebApp:191 - Connection restablished
2025-06-26 19:20:15,340 [INFO] WebApp:194 - Connection lost
2025-06-26 19:20:15,568 [INFO] WebApp:191 - Connection restablished
2025-06-26 19:20:18,453 [INFO] WebApp:194 - Connection lost
2025-06-26 19:20:18,559 [INFO] WebApp:191 - Connection restablished
2025-06-26 23:55:27,452 [INFO] WebApp:194 - Connection lost
2025-06-26 23:55:32,030 [INFO] WebApp:191 - Connection restablished
2025-06-26 23:55:34,447 [INFO] WebApp:194 - Connection lost
2025-06-26 23:55:34,561 [INFO] WebApp:191 - Connection restablished
2025-06-26 23:56:33,242 [ERROR] LogOutputStream:75 - [STDERR_REDIRECT] 
