2025-07-05 01:02:41,570 [ERROR] LogOutputStream:75 - [STDERR_REDIRECT] 
2025-07-05 10:59:19,236 [INFO] Activator:176 - 


2025-07-05 10:59:19,238 [INFO] Activator:177 - !SESSION log4j initialized
2025-07-05 10:59:25,133 [INFO] LogOutputStream:77 - [STDOUT_REDIRECT] 
2025-07-05 10:59:34,449 [INFO] ApplicationProperties:184 - Using Application install path: C:\ST\STM32CubeIDE_1.18.0\STM32CubeIDE\plugins\com.st.stm32cube.common.mx_6.14.0.202502271554
2025-07-05 10:59:34,472 [INFO] DbMcusXml:78 - Set database path to: C:\ST\STM32CubeIDE_1.18.0\STM32CubeIDE\plugins\com.st.stm32cube.common.mx_6.14.0.202502271554\\db\/mcu/
2025-07-05 10:59:34,473 [INFO] ApiDb:274 - Set plugin database path to: C:\ST\STM32CubeIDE_1.18.0\STM32CubeIDE\plugins\com.st.stm32cube.common.mx_6.14.0.202502271554\\db\/plugins/boardmanager/
2025-07-05 10:59:34,473 [WARN] ApiDb:259 - Overriding images path with different value:  => C:\ST\STM32CubeIDE_1.18.0\STM32CubeIDE\plugins\com.st.stm32cube.common.mx_6.14.0.202502271554\\db\/plugins/mcufinder/images/
2025-07-05 10:59:34,482 [INFO] ApiDb:250 - Set database path to: C:\Users\marcv\.stmcufinder\plugins\mcufinder//mcu/
2025-07-05 10:59:34,483 [INFO] DbMcusAds:125 - Set database path to: C:\Users\marcv\.stmcufinder\plugins\mcufinder//mcu/
2025-07-05 10:59:34,487 [INFO] CrossReferenceDbSqlite:203 - Set database path to: C:\Users\marcv\.stmcufinder\plugins\mcufinder//mcu/cs/
2025-07-05 10:59:34,624 [INFO] RulesReader:64 - Compatibility file has been processed (301 Rules)
2025-07-05 10:59:34,724 [INFO] DbMcusXml:78 - Set database path to: C:\ST\STM32CubeIDE_1.18.0\STM32CubeIDE\plugins\com.st.stm32cube.common.mx_6.14.0.202502271554\\db\/mcu/
2025-07-05 10:59:34,724 [INFO] ApiDb:274 - Set plugin database path to: C:\ST\STM32CubeIDE_1.18.0\STM32CubeIDE\plugins\com.st.stm32cube.common.mx_6.14.0.202502271554\\db\/plugins/boardmanager/
2025-07-05 10:59:34,724 [INFO] ApiDb:261 - Set plugin images path to: C:\ST\STM32CubeIDE_1.18.0\STM32CubeIDE\plugins\com.st.stm32cube.common.mx_6.14.0.202502271554\\db\/plugins/mcufinder/images/
2025-07-05 10:59:34,724 [WARN] DbFile:41 - Overriding database path with different value: C:\Users\marcv\.stmcufinder\plugins\mcufinder/ => C:\Users\marcv\.stmcufinder\plugins\mcufinder
2025-07-05 10:59:34,725 [INFO] ApiDb:250 - Set database path to: C:\Users\marcv\.stmcufinder\plugins\mcufinder//mcu/
2025-07-05 10:59:34,725 [WARN] DbFile:41 - Overriding database path with different value: C:\Users\marcv\.stmcufinder\plugins\mcufinder/ => C:\Users\marcv\.stmcufinder\plugins\mcufinder
2025-07-05 10:59:34,725 [INFO] DbMcusAds:125 - Set database path to: C:\Users\marcv\.stmcufinder\plugins\mcufinder//mcu/
2025-07-05 10:59:34,725 [WARN] DbFile:41 - Overriding database path with different value: C:\Users\marcv\.stmcufinder\plugins\mcufinder/ => C:\Users\marcv\.stmcufinder\plugins\mcufinder
2025-07-05 10:59:34,725 [WARN] DbFile:41 - Overriding database path with different value: C:\Users\marcv\.stmcufinder\plugins\mcufinder/ => C:\Users\marcv\.stmcufinder\plugins\mcufinder
2025-07-05 10:59:34,725 [INFO] CrossReferenceDbSqlite:203 - Set database path to: C:\Users\marcv\.stmcufinder\plugins\mcufinder//mcu/cs/
2025-07-05 10:59:34,828 [INFO] MainPanel:272 - HeapMemory: 268435456
2025-07-05 10:59:35,000 [INFO] DbMcusXml:78 - Set database path to: C:\ST\STM32CubeIDE_1.18.0\STM32CubeIDE\plugins\com.st.stm32cube.common.mx_6.14.0.202502271554\\db\/mcu/
2025-07-05 10:59:35,000 [INFO] ApiDb:274 - Set plugin database path to: C:\ST\STM32CubeIDE_1.18.0\STM32CubeIDE\plugins\com.st.stm32cube.common.mx_6.14.0.202502271554\\db\/plugins/boardmanager/
2025-07-05 10:59:35,000 [INFO] ApiDb:261 - Set plugin images path to: C:\ST\STM32CubeIDE_1.18.0\STM32CubeIDE\plugins\com.st.stm32cube.common.mx_6.14.0.202502271554\\db\/plugins/mcufinder/images/
2025-07-05 10:59:35,000 [WARN] DbFile:41 - Overriding database path with different value: C:\Users\marcv\.stmcufinder\plugins\mcufinder/ => C:\Users\marcv\.stmcufinder\plugins\mcufinder
2025-07-05 10:59:35,000 [INFO] ApiDb:250 - Set database path to: C:\Users\marcv\.stmcufinder\plugins\mcufinder//mcu/
2025-07-05 10:59:35,001 [WARN] DbFile:41 - Overriding database path with different value: C:\Users\marcv\.stmcufinder\plugins\mcufinder/ => C:\Users\marcv\.stmcufinder\plugins\mcufinder
2025-07-05 10:59:35,001 [INFO] DbMcusAds:125 - Set database path to: C:\Users\marcv\.stmcufinder\plugins\mcufinder//mcu/
2025-07-05 10:59:35,001 [WARN] DbFile:41 - Overriding database path with different value: C:\Users\marcv\.stmcufinder\plugins\mcufinder/ => C:\Users\marcv\.stmcufinder\plugins\mcufinder
2025-07-05 10:59:35,001 [WARN] DbFile:41 - Overriding database path with different value: C:\Users\marcv\.stmcufinder\plugins\mcufinder/ => C:\Users\marcv\.stmcufinder\plugins\mcufinder
2025-07-05 10:59:35,001 [INFO] CrossReferenceDbSqlite:203 - Set database path to: C:\Users\marcv\.stmcufinder\plugins\mcufinder//mcu/cs/
2025-07-05 10:59:35,021 [INFO] ApplicationProperties:184 - Using Application install path: C:\ST\STM32CubeIDE_1.18.0\STM32CubeIDE\plugins\com.st.stm32cube.common.mx_6.14.0.202502271554
2025-07-05 10:59:35,023 [INFO] PluginManage:196 - Search for loadable plugins [exclusion list=, ]
2025-07-05 10:59:35,024 [INFO] PluginManage:310 - Check plugin analytics
2025-07-05 10:59:39,752 [INFO] AnalyticsPlugin:253 - Accepted Software Licenses: 
2025-07-05 10:59:39,752 [INFO] AnalyticsPlugin:255 - Accepted CMSIS Pack Licenses: 
2025-07-05 10:59:39,752 [INFO] AnalyticsPlugin:257 - Accepted Firmware Licenses: FW.H7.1.12.0
2025-07-05 10:59:39,754 [INFO] PluginManage:359 - Loaded plugin analytics (category:tool,tabindex:-1)
2025-07-05 10:59:39,754 [INFO] PluginManage:310 - Check plugin cadmodel
2025-07-05 10:59:39,775 [INFO] CADModel:105 - Init CAD model plugin
2025-07-05 10:59:39,775 [INFO] PluginManage:359 - Loaded plugin cadmodel (category:power,tabindex:5)
2025-07-05 10:59:39,775 [INFO] PluginManage:310 - Check plugin clock
2025-07-05 10:59:39,798 [INFO] PluginManage:359 - Loaded plugin clock (category:base,tabindex:2)
2025-07-05 10:59:39,798 [INFO] PluginManage:310 - Check plugin ddr
2025-07-05 10:59:39,800 [INFO] PluginManage:359 - Loaded plugin ddr (category:tool,tabindex:6)
2025-07-05 10:59:39,801 [INFO] PluginManage:310 - Check plugin filemanager
2025-07-05 10:59:39,958 [INFO] PluginManage:359 - Loaded plugin filemanager (category:base,tabindex:10)
2025-07-05 10:59:39,958 [INFO] PluginManage:310 - Check plugin ipmanager
2025-07-05 10:59:39,964 [INFO] PluginManage:359 - Loaded plugin ipmanager (category:base,tabindex:5)
2025-07-05 10:59:39,965 [INFO] PluginManage:310 - Check plugin lpbam
2025-07-05 10:59:39,987 [INFO] PluginManage:359 - Loaded plugin lpbam (category:base,tabindex:0)
2025-07-05 10:59:39,987 [INFO] PluginManage:310 - Check plugin memorymap
2025-07-05 10:59:40,015 [INFO] PluginManage:359 - Loaded plugin memorymap (category:base,tabindex:4)
2025-07-05 10:59:40,015 [INFO] PluginManage:310 - Check plugin pinoutandconfiguration
2025-07-05 10:59:40,036 [INFO] PluginManage:359 - Loaded plugin pinoutandconfiguration (category:base,tabindex:1)
2025-07-05 10:59:40,037 [INFO] PluginManage:310 - Check plugin pinoutconfig
2025-07-05 10:59:40,133 [WARN] SupportedApi:132 - Cannot load RTOS API schema: s4s-elt-must-match.1: The content of 'definitions' must match (annotation?, (simpleType | complexType)?, (unique | key | keyref)*)). A problem was found starting at: attribute.
2025-07-05 10:59:40,262 [INFO] PluginManage:359 - Loaded plugin pinoutconfig (category:base,tabindex:0)
2025-07-05 10:59:40,262 [INFO] PluginManage:310 - Check plugin power
2025-07-05 10:59:40,285 [INFO] PluginManage:359 - Loaded plugin power (category:power,tabindex:4)
2025-07-05 10:59:40,285 [INFO] PluginManage:310 - Check plugin projectmanager
2025-07-05 10:59:40,298 [INFO] PluginManage:359 - Loaded plugin projectmanager (category:projectmanager,tabindex:4)
2025-07-05 10:59:40,299 [INFO] PluginManage:310 - Check plugin rif
2025-07-05 10:59:40,318 [INFO] PluginManage:359 - Loaded plugin rif (category:base,tabindex:3)
2025-07-05 10:59:40,319 [INFO] PluginManage:310 - Check plugin thirdparty
2025-07-05 10:59:40,629 [INFO] PluginManage:359 - Loaded plugin thirdparty (category:base,tabindex:-1)
2025-07-05 10:59:40,629 [INFO] PluginManage:310 - Check plugin tools
2025-07-05 10:59:40,629 [WARN] IntegrityCheckThread:84 - waiting for thirdparty lock release [integrity check]
2025-07-05 10:59:40,629 [INFO] IntegrityCheckThread:86 - entering critical section [integrity check]
2025-07-05 10:59:40,629 [INFO] ThirdPartyUpdaterWithRetryManager:70 - Updater plugin not ready yet. [1/15]
2025-07-05 10:59:40,677 [INFO] PluginManage:359 - Loaded plugin tools (category:base,tabindex:7)
2025-07-05 10:59:40,677 [INFO] PluginManage:310 - Check plugin tutovideos
2025-07-05 10:59:40,866 [INFO] PluginManage:359 - Loaded plugin tutovideos (category:base,tabindex:-1)
2025-07-05 10:59:40,866 [INFO] PluginManage:310 - Check plugin updater
2025-07-05 10:59:40,888 [INFO] PluginManage:359 - Loaded plugin updater (category:base,tabindex:12)
2025-07-05 10:59:40,888 [INFO] PluginManage:310 - Check plugin userauth
2025-07-05 10:59:40,892 [INFO] UserAuth:118 - Init User Auth plugin
2025-07-05 10:59:40,893 [INFO] PluginManage:359 - Loaded plugin userauth (category:base,tabindex:14)
2025-07-05 10:59:40,893 [INFO] PluginManage:283 - PluginManage : Loaded plugins [18]
2025-07-05 10:59:41,101 [INFO] PinOutPanel:1589 - setPackage(No Configuration,No Configuration)
2025-07-05 10:59:41,195 [INFO] CADModel:165 - CPN selected for project level
2025-07-05 10:59:41,195 [INFO] CADModel:114 - Register for checkConnection events
2025-07-05 10:59:41,227 [INFO] IPUIPlugin:80 - create IPUIPlugin
2025-07-05 10:59:41,227 [INFO] PluginManager:220 - loadIPPluginJar : add adc
2025-07-05 10:59:41,283 [INFO] IPUIPlugin:80 - create IPUIPlugin
2025-07-05 10:59:41,283 [INFO] PluginManager:220 - loadIPPluginJar : add aes
2025-07-05 10:59:41,336 [INFO] IPUIPlugin:80 - create IPUIPlugin
2025-07-05 10:59:41,336 [INFO] PluginManager:220 - loadIPPluginJar : add can
2025-07-05 10:59:41,371 [INFO] IPUIPlugin:80 - create IPUIPlugin
2025-07-05 10:59:41,371 [INFO] PluginManager:220 - loadIPPluginJar : add comp
2025-07-05 10:59:41,418 [INFO] IPUIPlugin:80 - create IPUIPlugin
2025-07-05 10:59:41,418 [INFO] PluginManager:220 - loadIPPluginJar : add cryp
2025-07-05 10:59:41,436 [INFO] IPUIPlugin:80 - create IPUIPlugin
2025-07-05 10:59:41,436 [INFO] PluginManager:220 - loadIPPluginJar : add ddr_ctrl_phy
2025-07-05 10:59:41,477 [INFO] IPUIPlugin:80 - create IPUIPlugin
2025-07-05 10:59:41,477 [INFO] PluginManager:220 - loadIPPluginJar : add dfsdm
2025-07-05 10:59:41,495 [INFO] IPUIPlugin:80 - create IPUIPlugin
2025-07-05 10:59:41,496 [INFO] PluginManager:220 - loadIPPluginJar : add dma
2025-07-05 10:59:41,550 [INFO] IPUIPlugin:80 - create IPUIPlugin
2025-07-05 10:59:41,550 [INFO] PluginManager:220 - loadIPPluginJar : add dma3
2025-07-05 10:59:41,609 [INFO] IPUIPlugin:80 - create IPUIPlugin
2025-07-05 10:59:41,609 [INFO] PluginManager:220 - loadIPPluginJar : add extmemmanager
2025-07-05 10:59:41,637 [INFO] IPUIPlugin:80 - create IPUIPlugin
2025-07-05 10:59:41,637 [INFO] PluginManager:220 - loadIPPluginJar : add fatfs
2025-07-05 10:59:41,701 [INFO] IPUIPlugin:80 - create IPUIPlugin
2025-07-05 10:59:41,702 [INFO] PluginManager:220 - loadIPPluginJar : add fmc
2025-07-05 10:59:41,720 [INFO] IPUIPlugin:80 - create IPUIPlugin
2025-07-05 10:59:41,720 [INFO] PluginManager:220 - loadIPPluginJar : add freertos
2025-07-05 10:59:41,747 [INFO] IPUIPlugin:80 - create IPUIPlugin
2025-07-05 10:59:41,747 [INFO] PluginManager:220 - loadIPPluginJar : add genericplugin
2025-07-05 10:59:41,867 [INFO] IPUIPlugin:80 - create IPUIPlugin
2025-07-05 10:59:41,867 [INFO] PluginManager:220 - loadIPPluginJar : add gfxmmu
2025-07-05 10:59:42,030 [INFO] IPUIPlugin:80 - create IPUIPlugin
2025-07-05 10:59:42,030 [INFO] PluginManager:220 - loadIPPluginJar : add gic
2025-07-05 10:59:42,047 [INFO] IPUIPlugin:80 - create IPUIPlugin
2025-07-05 10:59:42,047 [INFO] PluginManager:220 - loadIPPluginJar : add gpio
2025-07-05 10:59:42,169 [INFO] IPUIPlugin:80 - create IPUIPlugin
2025-07-05 10:59:42,169 [INFO] PluginManager:220 - loadIPPluginJar : add gtzc
2025-07-05 10:59:42,210 [INFO] IPUIPlugin:80 - create IPUIPlugin
2025-07-05 10:59:42,210 [INFO] PluginManager:220 - loadIPPluginJar : add hash
2025-07-05 10:59:42,280 [INFO] IPUIPlugin:80 - create IPUIPlugin
2025-07-05 10:59:42,280 [INFO] PluginManager:220 - loadIPPluginJar : add i2c
2025-07-05 10:59:42,330 [INFO] IPUIPlugin:80 - create IPUIPlugin
2025-07-05 10:59:42,330 [INFO] PluginManager:220 - loadIPPluginJar : add i2s
2025-07-05 10:59:42,379 [INFO] IPUIPlugin:80 - create IPUIPlugin
2025-07-05 10:59:42,379 [INFO] PluginManager:220 - loadIPPluginJar : add i3c
2025-07-05 10:59:42,499 [INFO] IPUIPlugin:80 - create IPUIPlugin
2025-07-05 10:59:42,499 [INFO] PluginManager:220 - loadIPPluginJar : add ipddr
2025-07-05 10:59:42,613 [INFO] IPUIPlugin:80 - create IPUIPlugin
2025-07-05 10:59:42,613 [INFO] PluginManager:220 - loadIPPluginJar : add linkedlist
2025-07-05 10:59:42,657 [INFO] IPUIPlugin:80 - create IPUIPlugin
2025-07-05 10:59:42,657 [INFO] PluginManager:220 - loadIPPluginJar : add lorawan
2025-07-05 10:59:42,703 [INFO] IPUIPlugin:80 - create IPUIPlugin
2025-07-05 10:59:42,703 [INFO] PluginManager:220 - loadIPPluginJar : add ltdc
2025-07-05 10:59:42,720 [INFO] IPUIPlugin:80 - create IPUIPlugin
2025-07-05 10:59:42,721 [INFO] PluginManager:220 - loadIPPluginJar : add mdma
2025-07-05 10:59:42,736 [INFO] IPUIPlugin:80 - create IPUIPlugin
2025-07-05 10:59:42,736 [INFO] PluginManager:220 - loadIPPluginJar : add nvic
2025-07-05 10:59:42,787 [INFO] IPUIPlugin:80 - create IPUIPlugin
2025-07-05 10:59:42,787 [INFO] PluginManager:220 - loadIPPluginJar : add opamp
2025-07-05 10:59:42,881 [INFO] IPUIPlugin:80 - create IPUIPlugin
2025-07-05 10:59:42,881 [INFO] PluginManager:220 - loadIPPluginJar : add openamp
2025-07-05 10:59:42,946 [INFO] IPUIPlugin:80 - create IPUIPlugin
2025-07-05 10:59:42,947 [INFO] PluginManager:220 - loadIPPluginJar : add pdm2pcm
2025-07-05 10:59:42,964 [INFO] IPUIPlugin:80 - create IPUIPlugin
2025-07-05 10:59:42,965 [INFO] PluginManager:220 - loadIPPluginJar : add plateformsettings
2025-07-05 10:59:42,998 [INFO] IPUIPlugin:80 - create IPUIPlugin
2025-07-05 10:59:42,999 [INFO] PluginManager:220 - loadIPPluginJar : add quadspi
2025-07-05 10:59:43,034 [INFO] IPUIPlugin:80 - create IPUIPlugin
2025-07-05 10:59:43,034 [INFO] PluginManager:220 - loadIPPluginJar : add radio
2025-07-05 10:59:43,051 [INFO] IPUIPlugin:80 - create IPUIPlugin
2025-07-05 10:59:43,051 [INFO] PluginManager:220 - loadIPPluginJar : add resmgrutility
2025-07-05 10:59:43,118 [INFO] IPUIPlugin:80 - create IPUIPlugin
2025-07-05 10:59:43,118 [INFO] PluginManager:220 - loadIPPluginJar : add sai
2025-07-05 10:59:43,178 [INFO] IPUIPlugin:80 - create IPUIPlugin
2025-07-05 10:59:43,178 [INFO] PluginManager:220 - loadIPPluginJar : add spi
2025-07-05 10:59:43,278 [INFO] IPUIPlugin:80 - create IPUIPlugin
2025-07-05 10:59:43,278 [INFO] PluginManager:220 - loadIPPluginJar : add stm32_wpan
2025-07-05 10:59:43,315 [INFO] IPUIPlugin:80 - create IPUIPlugin
2025-07-05 10:59:43,315 [INFO] PluginManager:220 - loadIPPluginJar : add tim
2025-07-05 10:59:43,391 [INFO] IPUIPlugin:80 - create IPUIPlugin
2025-07-05 10:59:43,391 [INFO] PluginManager:220 - loadIPPluginJar : add touchsensing
2025-07-05 10:59:43,425 [INFO] IPUIPlugin:80 - create IPUIPlugin
2025-07-05 10:59:43,425 [INFO] PluginManager:220 - loadIPPluginJar : add tracer_emb
2025-07-05 10:59:43,469 [INFO] IPUIPlugin:80 - create IPUIPlugin
2025-07-05 10:59:43,469 [INFO] PluginManager:220 - loadIPPluginJar : add ts
2025-07-05 10:59:43,500 [INFO] IPUIPlugin:80 - create IPUIPlugin
2025-07-05 10:59:43,500 [INFO] PluginManager:220 - loadIPPluginJar : add tsc
2025-07-05 10:59:43,527 [INFO] IPUIPlugin:80 - create IPUIPlugin
2025-07-05 10:59:43,527 [INFO] PluginManager:220 - loadIPPluginJar : add ucpd
2025-07-05 10:59:43,581 [INFO] IPUIPlugin:80 - create IPUIPlugin
2025-07-05 10:59:43,581 [INFO] PluginManager:220 - loadIPPluginJar : add usart
2025-07-05 10:59:43,630 [INFO] ThirdPartyUpdaterWithRetryManager:70 - Updater plugin not ready yet. [2/15]
2025-07-05 10:59:43,636 [INFO] IPUIPlugin:80 - create IPUIPlugin
2025-07-05 10:59:43,636 [INFO] PluginManager:220 - loadIPPluginJar : add usbx
2025-07-05 10:59:43,757 [FATAL] Updater:351 - Updater called before beeing initialized
2025-07-05 10:59:43,777 [INFO] RulesReader:64 - Compatibility file has been processed (301 Rules)
2025-07-05 10:59:43,785 [INFO] RulesReader:64 - Compatibility file has been processed (301 Rules)
2025-07-05 10:59:43,791 [INFO] CADModel:165 - CPN selected for project level
2025-07-05 10:59:43,791 [INFO] CADModel:114 - Register for checkConnection events
2025-07-05 10:59:43,791 [FATAL] Updater:351 - Updater called before beeing initialized
2025-07-05 10:59:43,791 [ERROR] CADModel:125 - Updater not yet initialized, retry later 
2025-07-05 10:59:43,929 [FATAL] Updater:351 - Updater called before beeing initialized
2025-07-05 10:59:43,931 [INFO] CADModel:165 - CPN selected for project level
2025-07-05 10:59:43,931 [INFO] CADModel:114 - Register for checkConnection events
2025-07-05 10:59:43,931 [FATAL] Updater:351 - Updater called before beeing initialized
2025-07-05 10:59:43,931 [ERROR] CADModel:125 - Updater not yet initialized, retry later 
2025-07-05 10:59:43,934 [FATAL] Updater:351 - Updater called before beeing initialized
2025-07-05 10:59:44,046 [FATAL] Updater:351 - Updater called before beeing initialized
2025-07-05 10:59:44,059 [INFO] DbMcusAds:53 - JSON generation date=Thu Jun 19 10:32:37 CEST 2025 (1750321957418)
2025-07-05 10:59:44,059 [FATAL] Updater:351 - Updater called before beeing initialized
2025-07-05 10:59:44,107 [WARN] DetailPanel:346 - Failed to get advertising image, set to default
2025-07-05 10:59:44,360 [FATAL] Updater:351 - Updater called before beeing initialized
2025-07-05 10:59:44,362 [FATAL] Updater:351 - Updater called before beeing initialized
2025-07-05 10:59:44,362 [FATAL] Updater:351 - Updater called before beeing initialized
2025-07-05 10:59:44,362 [WARN] DetailPanel:346 - Failed to get advertising image, set to default
2025-07-05 10:59:44,363 [FATAL] Updater:351 - Updater called before beeing initialized
2025-07-05 10:59:44,418 [ERROR] Updater:1198 - MainUpdater not yet initialized. External WinMGr cannot be set.
2025-07-05 10:59:44,429 [INFO] Updater:1134 - Updater Version found : 6.14.0
2025-07-05 10:59:44,451 [INFO] ApplicationProperties:184 - Using Application install path: C:\ST\STM32CubeIDE_1.18.0\STM32CubeIDE\plugins\com.st.stm32cube.common.mx_6.14.0.202502271554
2025-07-05 10:59:46,024 [ERROR] LogOutputStream:75 - [STDERR_REDIRECT] Jul 05, 2025 10:59:46 AM java.util.prefs.WindowsPreferences <init>
2025-07-05 10:59:46,025 [ERROR] LogOutputStream:75 - [STDERR_REDIRECT] WARNING: Could not open/create prefs root node Software\JavaSoft\Prefs at root 0xffffffff80000002. Windows RegCreateKeyEx(...) returned error code 5.
2025-07-05 10:59:46,026 [ERROR] LogOutputStream:75 - [STDERR_REDIRECT] 
2025-07-05 10:59:46,299 [INFO] MainUpdater:2872 - connection check result : 10
2025-07-05 10:59:46,300 [INFO] MainUpdater:289 - Updater Check For Update Now.
2025-07-05 10:59:46,300 [INFO] MicroXplorer:498 - Change Database Version : DB.6.0.140
2025-07-05 10:59:46,317 [INFO] McuFinderGlobals:63 - Set McuFinder mode to 2 (CubeIDE integrated)
2025-07-05 10:59:46,325 [INFO] UserAuth:486 - Internet connection configuration mode: 1
2025-07-05 10:59:46,362 [INFO] JxBrowserEngine:152 - Initiate JxBrowser Engine with user profile folder
2025-07-05 10:59:46,510 [INFO] CheckServerUpdateThread:120 - End of CheckServer Thread
2025-07-05 10:59:46,859 [WARN] PackLoader:240 - Cannot read IP mode file for STMicroelectronics.FP-SNS-MOTENVWB1.1.4.0
2025-07-05 10:59:46,875 [WARN] PackLoader:240 - Cannot read IP mode file for STMicroelectronics.FP-ATR-ASTRA1.2.0.2
2025-07-05 10:59:46,891 [WARN] PackLoader:240 - Cannot read IP mode file for STMicroelectronics.X-CUBE-SMBUS.2.1.0
2025-07-05 10:59:46,907 [WARN] PackLoader:240 - Cannot read IP mode file for STMicroelectronics.X-CUBE-WB05N.1.1.0
2025-07-05 10:59:46,922 [WARN] PackLoader:240 - Cannot read IP mode file for STMicroelectronics.X-CUBE-ST60.1.0.0
2025-07-05 10:59:46,967 [WARN] PackLoader:240 - Cannot read IP mode file for STMicroelectronics.X-CUBE-AZRTOS-F7.1.1.0
2025-07-05 10:59:46,994 [WARN] PackLoader:240 - Cannot read IP mode file for STMicroelectronics.FP-SNS-FLIGHT1.5.0.2
2025-07-05 10:59:47,814 [WARN] PackLoader:240 - Cannot read IP mode file for Infineon.AIROC-Wi-Fi-Bluetooth-STM32.1.7.0
2025-07-05 10:59:47,856 [WARN] PackLoader:240 - Cannot read IP mode file for STMicroelectronics.X-CUBE-DISPLAY.3.0.0
2025-07-05 10:59:47,893 [WARN] PackLoader:240 - Cannot read IP mode file for STMicroelectronics.X-CUBE-NFC10.1.0.0
2025-07-05 10:59:47,919 [WARN] PackLoader:240 - Cannot read IP mode file for STMicroelectronics.X-CUBE-BLEMGR.4.0.0
2025-07-05 10:59:47,941 [WARN] PackLoader:240 - Cannot read IP mode file for emotas.I-CUBE-CANOPEN.1.3.0
2025-07-05 10:59:47,955 [WARN] ConditionMgr:438 - getConditionDescription Invalid condition id : Cortex-A Device cause : null
2025-07-05 10:59:47,977 [WARN] ConditionMgr:1044 - genDependencies : Invalid condition id : Cortex-A Device cause : null
2025-07-05 10:59:47,978 [WARN] ConditionMgr:1044 - genDependencies : Invalid condition id : Cortex-A Device cause : null
2025-07-05 10:59:47,978 [WARN] ConditionMgr:1044 - genDependencies : Invalid condition id : Cortex-A Device cause : null
2025-07-05 10:59:47,998 [WARN] PackLoader:240 - Cannot read IP mode file for STMicroelectronics.X-CUBE-AI.10.0.0
2025-07-05 10:59:48,021 [WARN] PackLoader:240 - Cannot read IP mode file for STMicroelectronics.FP-SNS-SMARTAG2.1.2.0
2025-07-05 10:59:48,114 [WARN] PackLoader:240 - Cannot read IP mode file for STMicroelectronics.FP-SNS-FLIGHT1.5.1.0
2025-07-05 10:59:48,253 [WARN] PackLoader:240 - Cannot read IP mode file for STMicroelectronics.X-CUBE-MEMS1.11.1.0
2025-07-05 10:59:48,436 [INFO] LogOutputStream:77 - [STDOUT_REDIRECT] 1 : Invalid condition id : UX_CORESTACK_Condition cause : null
2025-07-05 10:59:48,436 [INFO] LogOutputStream:77 - [STDOUT_REDIRECT] 1 : Invalid condition id : UX_CORESTACK_Condition cause : null
2025-07-05 10:59:48,437 [INFO] LogOutputStream:77 - [STDOUT_REDIRECT] 1 : Invalid condition id : UX_CORESTACK_Condition cause : null
2025-07-05 10:59:48,439 [INFO] LogOutputStream:77 - [STDOUT_REDIRECT] 1 : Invalid condition id : UX_CORESTACK_Condition cause : null
2025-07-05 10:59:48,440 [INFO] LogOutputStream:77 - [STDOUT_REDIRECT] 1 : Invalid condition id : UX_CORESTACK_Condition cause : null
2025-07-05 10:59:48,443 [WARN] PackLoader:240 - Cannot read IP mode file for STMicroelectronics.X-CUBE-AZRTOS-WL.2.0.0
2025-07-05 10:59:48,474 [WARN] PackLoader:240 - Cannot read IP mode file for STMicroelectronics.FP-SNS-MOTENV1.5.0.0
2025-07-05 10:59:48,503 [WARN] PackLoader:240 - Cannot read IP mode file for WES.I-CUBE-Cesium.1.3.0
2025-07-05 10:59:48,522 [WARN] PackLoader:240 - Cannot read IP mode file for STMicroelectronics.X-CUBE-BLE2.3.3.0
2025-07-05 10:59:48,545 [WARN] PackLoader:240 - Cannot read IP mode file for STMicroelectronics.X-CUBE-NFC9.1.0.0
2025-07-05 10:59:48,566 [WARN] PackLoader:240 - Cannot read IP mode file for STMicroelectronics.X-CUBE-BLE1.7.1.0
2025-07-05 10:59:48,583 [WARN] PackLoader:240 - Cannot read IP mode file for wolfSSL.I-CUBE-wolfMQTT.1.19.2
2025-07-05 10:59:48,597 [WARN] PackLoader:240 - Cannot read IP mode file for STMicroelectronics.X-CUBE-AI.10.1.0
2025-07-05 10:59:48,684 [WARN] PackLoader:240 - Cannot read IP mode file for STMicroelectronics.X-CUBE-MEMS1.11.2.0
2025-07-05 10:59:48,727 [INFO] WebApp:169 - Instantiating new browser for Auth
2025-07-05 10:59:48,903 [WARN] PackLoader:240 - Cannot read IP mode file for STMicroelectronics.X-CUBE-AZRTOS-G0.1.1.0
2025-07-05 10:59:48,941 [WARN] PackLoader:240 - Cannot read IP mode file for STMicroelectronics.X-CUBE-SAFEA1.1.2.2
2025-07-05 10:59:48,968 [WARN] PackLoader:240 - Cannot read IP mode file for STMicroelectronics.X-CUBE-NFC4.3.0.0
2025-07-05 10:59:49,008 [WARN] PackLoader:240 - Cannot read IP mode file for EmbeddedOffice.I-CUBE-FS-RTOS.1.0.1
2025-07-05 10:59:49,040 [WARN] PackLoader:240 - Cannot read IP mode file for STMicroelectronics.X-CUBE-WB05N.2.0.0
2025-07-05 10:59:49,064 [WARN] PackLoader:240 - Cannot read IP mode file for wolfSSL.I-CUBE-wolfTPM.3.8.0
2025-07-05 10:59:49,088 [WARN] PackLoader:240 - Cannot read IP mode file for STMicroelectronics.X-CUBE-TCPP.4.2.0
2025-07-05 10:59:49,109 [WARN] PackLoader:240 - Cannot read IP mode file for RealThread.X-CUBE-RT-Thread_Nano.4.1.1
2025-07-05 10:59:49,140 [WARN] PackLoader:240 - Cannot read IP mode file for STMicroelectronics.FP-ATR-SIGFOX1.3.2.0
2025-07-05 10:59:49,166 [WARN] PackLoader:240 - Cannot read IP mode file for STMicroelectronics.X-CUBE-EEPRMA1.5.1.0
2025-07-05 10:59:49,195 [WARN] PackLoader:240 - Cannot read IP mode file for wolfSSL.I-CUBE-wolfSSL.5.7.6
2025-07-05 10:59:49,217 [WARN] PackLoader:240 - Cannot read IP mode file for ITTIA_DB.I-CUBE-ITTIADB.8.9.0
2025-07-05 10:59:49,236 [WARN] PackLoader:240 - Cannot read IP mode file for STMicroelectronics.X-CUBE-ST67W61.1.0.0
2025-07-05 10:59:49,288 [WARN] PackLoader:240 - Cannot read IP mode file for SEGGER.I-CUBE-embOS.1.3.1
2025-07-05 10:59:49,340 [WARN] PackLoader:240 - Cannot read IP mode file for STMicroelectronics.X-CUBE-ALGOBUILD.1.4.0
2025-07-05 10:59:49,394 [WARN] PackLoader:240 - Cannot read IP mode file for STMicroelectronics.X-CUBE-MEMS1.11.3.0
2025-07-05 10:59:49,516 [WARN] PackLoader:240 - Cannot read IP mode file for STMicroelectronics.X-CUBE-PM33A1.1.0.0
2025-07-05 10:59:49,552 [WARN] PackLoader:240 - Cannot read IP mode file for STMicroelectronics.X-CUBE-AZRTOS-F4.1.1.0
2025-07-05 10:59:49,576 [WARN] PackLoader:240 - Cannot read IP mode file for Avnet-IotConnect.X-CUBE-IoTC-DA16k-PMOD.1.0.0
2025-07-05 10:59:49,593 [WARN] PackLoader:240 - Cannot read IP mode file for STMicroelectronics.X-CUBE-ISPU.2.1.0
2025-07-05 10:59:49,625 [WARN] PackLoader:240 - Cannot read IP mode file for STMicroelectronics.X-CUBE-AZRTOS-L5.2.0.0
2025-07-05 10:59:49,645 [WARN] PackLoader:240 - Cannot read IP mode file for STMicroelectronics.X-CUBE-NFC6.3.1.0
2025-07-05 10:59:49,666 [WARN] PackLoader:240 - Cannot read IP mode file for STMicroelectronics.X-CUBE-DPower.1.2.0
2025-07-05 10:59:49,681 [WARN] PackLoader:240 - Cannot read IP mode file for STMicroelectronics.X-CUBE-FREERTOS.1.3.1
2025-07-05 10:59:49,699 [WARN] PackLoader:240 - Cannot read IP mode file for STMicroelectronics.X-CUBE-FREERTOS.1.3.0
2025-07-05 10:59:49,721 [WARN] PackLoader:240 - Cannot read IP mode file for STMicroelectronics.X-CUBE-NFC7.1.0.1
2025-07-05 10:59:49,741 [WARN] PackLoader:240 - Cannot read IP mode file for STMicroelectronics.FP-SNS-STAIOTCFT.1.0.0
2025-07-05 10:59:49,766 [WARN] PackLoader:240 - Cannot read IP mode file for STMicroelectronics.X-CUBE-DPower.1.3.0
2025-07-05 10:59:49,828 [WARN] ConditionMgr:438 - getConditionDescription Invalid condition id : LAN8742 Phy interface Condition cause : null
2025-07-05 10:59:49,829 [WARN] PackLoader:240 - Cannot read IP mode file for STMicroelectronics.X-CUBE-AZRTOS-L4.2.0.0
2025-07-05 10:59:49,830 [WARN] ConditionMgr:1044 - genDependencies : Invalid condition id : LAN8742 Phy interface Condition cause : null
2025-07-05 10:59:49,831 [WARN] ConditionMgr:1044 - genDependencies : Invalid condition id : LAN8742 Phy interface Condition cause : null
2025-07-05 10:59:49,831 [WARN] ConditionMgr:1044 - genDependencies : Invalid condition id : LAN8742 Phy interface Condition cause : null
2025-07-05 10:59:49,864 [WARN] PackLoader:240 - Cannot read IP mode file for STMicroelectronics.X-CUBE-SFXS2LP1.4.0.0
2025-07-05 10:59:49,898 [INFO] WebApp:463 - Apply proxy settings
2025-07-05 10:59:49,899 [INFO] WebApp:548 - Chromium requires no authentication
2025-07-05 10:59:49,927 [WARN] PackLoader:240 - Cannot read IP mode file for STMicroelectronics.X-CUBE-AZRTOS-H7.3.3.0
2025-07-05 10:59:49,929 [INFO] WebApp:491 - Direct internet connection detected
2025-07-05 10:59:49,972 [WARN] ConditionMgr:438 - getConditionDescription Invalid condition id : UX DEVICE CLASS RTOS Condition cause : null
2025-07-05 10:59:49,972 [WARN] ConditionMgr:438 - getConditionDescription Invalid condition id : UX DEVICE CLASS RTOS Condition cause : null
2025-07-05 10:59:49,977 [WARN] PackLoader:240 - Cannot read IP mode file for STMicroelectronics.X-CUBE-AZRTOS-WB.2.0.0
2025-07-05 10:59:49,978 [WARN] ConditionMgr:1044 - genDependencies : Invalid condition id : UX DEVICE CLASS RTOS Condition cause : null
2025-07-05 10:59:49,978 [WARN] ConditionMgr:1044 - genDependencies : Invalid condition id : UX DEVICE CLASS RTOS Condition cause : null
2025-07-05 10:59:49,979 [WARN] ConditionMgr:1044 - genDependencies : Invalid condition id : UX DEVICE CLASS RTOS Condition cause : null
2025-07-05 10:59:49,980 [WARN] ConditionMgr:1044 - genDependencies : Invalid condition id : UX DEVICE CLASS RTOS Condition cause : null
2025-07-05 10:59:49,981 [WARN] ConditionMgr:1044 - genDependencies : Invalid condition id : UX DEVICE CLASS RTOS Condition cause : null
2025-07-05 10:59:50,006 [INFO] WebApp:894 - Register for checkConnection events
2025-07-05 10:59:50,007 [INFO] WebApp:463 - Apply proxy settings
2025-07-05 10:59:50,007 [INFO] WebApp:548 - Chromium requires no authentication
2025-07-05 10:59:50,011 [INFO] WebApp:491 - Direct internet connection detected
2025-07-05 10:59:50,018 [WARN] PackLoader:240 - Cannot read IP mode file for STMicroelectronics.X-CUBE-GNSS1.7.0.1
2025-07-05 10:59:50,043 [WARN] PackLoader:240 - Cannot read IP mode file for STMicroelectronics.X-CUBE-TOUCHGFX.4.25.0
2025-07-05 10:59:50,062 [WARN] PackLoader:240 - Cannot read IP mode file for STMicroelectronics.FP-SNS-STBOX1.2.0.0
2025-07-05 10:59:50,099 [WARN] PackLoader:240 - Cannot read IP mode file for STMicroelectronics.X-CUBE-SUBG2.5.0.0
2025-07-05 10:59:50,155 [WARN] PackLoader:240 - Cannot read IP mode file for STMicroelectronics.X-CUBE-AZRTOS-H7RS.1.1.0
2025-07-05 10:59:50,193 [WARN] PackLoader:240 - Cannot read IP mode file for Cesanta.I-CUBE-Mongoose.7.13.0
2025-07-05 10:59:50,231 [INFO] WebApp:191 - Connection restablished
2025-07-05 10:59:50,248 [WARN] PackLoader:240 - Cannot read IP mode file for STMicroelectronics.X-CUBE-AZRTOS-G4.2.0.0
2025-07-05 10:59:50,271 [WARN] PackLoader:240 - Cannot read IP mode file for wolfSSL.I-CUBE-wolfSSH.1.4.20
2025-07-05 10:59:50,300 [WARN] PackLoader:240 - Cannot read IP mode file for STMicroelectronics.X-CUBE-NFC7.2.0.0
2025-07-05 10:59:50,330 [WARN] PackLoader:240 - Cannot read IP mode file for STMicroelectronics.X-CUBE-IPS.3.1.0
2025-07-05 10:59:50,355 [WARN] PackLoader:240 - Cannot read IP mode file for STMicroelectronics.X-CUBE-ALS.1.0.2
2025-07-05 10:59:50,379 [WARN] PackLoader:240 - Cannot read IP mode file for STMicroelectronics.X-CUBE-TOUCHGFX.4.24.2
2025-07-05 10:59:50,403 [WARN] PackLoader:240 - Cannot read IP mode file for portGmbH.I-Cube-SoM-uGOAL.1.1.0
2025-07-05 10:59:50,448 [INFO] WebApp:225 - Starting web application
2025-07-05 10:59:50,448 [INFO] WebApp:593 - Web application path used C:\ST\STM32CubeIDE_1.18.0\STM32CubeIDE\plugins\com.st.stm32cube.common.mx_6.14.0.202502271554\db\plugins\mcufinder\reactClient1\index.html
2025-07-05 10:59:50,452 [WARN] PackLoader:240 - Cannot read IP mode file for STMicroelectronics.X-CUBE-AZRTOS-H7RS.1.0.0
2025-07-05 10:59:50,508 [WARN] PackLoader:240 - Cannot read IP mode file for STMicroelectronics.X-CUBE-TOF1.3.4.2
2025-07-05 10:59:50,549 [WARN] PackLoader:240 - Cannot read IP mode file for STMicroelectronics.X-CUBE-TOF1.3.4.3
2025-07-05 10:59:50,560 [INFO] ThirdParty:978 - Integrity check success = true
2025-07-05 10:59:50,560 [INFO] IntegrityCheckThread:100 - exiting critical section [integrity check]
2025-07-05 10:59:50,560 [INFO] IntegrityCheckThread:103 - End integrity checks thread
2025-07-05 10:59:50,662 [INFO] UserAuth:486 - Internet connection configuration mode: 1
2025-07-05 11:18:20,045 [INFO] McuFinderGlobals:63 - Set McuFinder mode to 2 (CubeIDE integrated)
2025-07-05 11:18:20,075 [INFO] MainUpdater:2872 - connection check result : 10
2025-07-05 11:18:20,083 [INFO] MainUpdater:2872 - connection check result : 10
2025-07-05 11:18:20,258 [INFO] MicroXplorer:468 - Change Database Path : 
2025-07-05 11:18:20,258 [INFO] MicroXplorer:498 - Change Database Version : DB.6.0.140
2025-07-05 11:18:20,264 [WARN] ThirdParty:871 - waiting for thirdparty lock release [close project]
2025-07-05 11:18:20,265 [INFO] ThirdParty:873 - entering critical section [close project]
2025-07-05 11:18:20,266 [INFO] ThirdParty:883 - exiting critical section [close project]
2025-07-05 11:18:20,268 [INFO] PinOutPanel:1589 - setPackage(No Configuration,No Configuration)
2025-07-05 11:18:20,273 [INFO] UtilMem:75 - Begin LoadConfig() Used Memory: 698109864 Bytes (1073741824)
2025-07-05 11:18:20,275 [INFO] MicroXplorer:468 - Change Database Path : 
2025-07-05 11:18:20,275 [INFO] MicroXplorer:498 - Change Database Version : DB.6.0.140
2025-07-05 11:18:20,275 [INFO] OpenFileManager:354 - Change cursor
2025-07-05 11:18:20,341 [INFO] Mcu:2011 - Initializing MCU STM32H743VITx STM32H743VITx STM32H743VIT6
2025-07-05 11:18:24,278 [INFO] Context:756 - Trying to add GPIOservice into a context  which must be forbidden
2025-07-05 11:18:26,009 [INFO] ImportTextPane:218 - (OptionalMessage_ERROR) Pin45 (VP_RIF_VS_RIF1) cannot be retrieved for this MCU
2025-07-05 11:18:26,230 [INFO] RtosManager:558 - Registered RTOS mode: class=CMSIS, group=RTOS, mode=CMSIS_V1, owner=FREERTOS
2025-07-05 11:18:26,230 [INFO] RtosManager:558 - Registered RTOS mode: class=CMSIS, group=RTOS2, mode=CMSIS_V2, owner=FREERTOS
2025-07-05 11:18:26,230 [INFO] RtosManager:558 - Registered RTOS mode: class=RTOS, group=Core, mode=CMSIS_V1, owner=FREERTOS
2025-07-05 11:18:26,230 [INFO] RtosManager:558 - Registered RTOS mode: class=RTOS, group=Core, mode=CMSIS_V2, owner=FREERTOS
2025-07-05 11:18:26,230 [WARN] ModelIntegratedComponent:184 - Missing modes for component STMicroelectronics:FreeRTOS:0.0.1:STMicroelectronics:RTOS:FreeRTOS:Core:::10.2.0:
2025-07-05 11:18:26,253 [WARN] ModelIntegratedComponent:63 - No mode defined for component null
2025-07-05 11:18:26,254 [WARN] ModelIntegratedComponent:63 - No mode defined for component null
2025-07-05 11:18:26,254 [WARN] ModelIntegratedComponent:63 - No mode defined for component null
2025-07-05 11:18:26,254 [WARN] ModelIntegratedComponent:63 - No mode defined for component null
2025-07-05 11:18:26,254 [WARN] ModelIntegratedComponent:63 - No mode defined for component null
2025-07-05 11:18:26,254 [WARN] ModelIntegratedComponent:63 - No mode defined for component null
2025-07-05 11:18:26,254 [WARN] ModelIntegratedComponent:63 - No mode defined for component null
2025-07-05 11:18:26,254 [WARN] ModelIntegratedComponent:63 - No mode defined for component null
2025-07-05 11:18:26,254 [WARN] ModelIntegratedComponent:63 - No mode defined for component null
2025-07-05 11:18:26,254 [WARN] ModelIntegratedComponent:63 - No mode defined for component null
2025-07-05 11:18:26,254 [WARN] ModelIntegratedComponent:63 - No mode defined for component null
2025-07-05 11:18:26,254 [WARN] ModelIntegratedComponent:63 - No mode defined for component null
2025-07-05 11:18:26,254 [WARN] ModelIntegratedComponent:63 - No mode defined for component null
2025-07-05 11:18:26,254 [WARN] ModelIntegratedComponent:63 - No mode defined for component null
2025-07-05 11:18:26,254 [WARN] ModelIntegratedComponent:63 - No mode defined for component null
2025-07-05 11:18:26,254 [WARN] ModelIntegratedComponent:63 - No mode defined for component null
2025-07-05 11:18:26,255 [WARN] ModelIntegratedComponent:63 - No mode defined for component null
2025-07-05 11:18:26,255 [WARN] ModelIntegratedComponent:63 - No mode defined for component null
2025-07-05 11:18:26,255 [WARN] ModelIntegratedComponent:63 - No mode defined for component null
2025-07-05 11:18:26,255 [WARN] ModelIntegratedComponent:63 - No mode defined for component null
2025-07-05 11:18:26,255 [WARN] ModelIntegratedComponent:63 - No mode defined for component null
2025-07-05 11:18:26,255 [WARN] ModelIntegratedComponent:63 - No mode defined for component null
2025-07-05 11:18:26,255 [WARN] ModelIntegratedComponent:63 - No mode defined for component null
2025-07-05 11:18:26,255 [WARN] ModelIntegratedComponent:63 - No mode defined for component null
2025-07-05 11:18:26,255 [WARN] ModelIntegratedComponent:63 - No mode defined for component null
2025-07-05 11:18:26,255 [WARN] ModelIntegratedComponent:63 - No mode defined for component null
2025-07-05 11:18:26,255 [WARN] ModelIntegratedComponent:63 - No mode defined for component null
2025-07-05 11:18:26,255 [WARN] ModelIntegratedComponent:63 - No mode defined for component null
2025-07-05 11:18:26,255 [WARN] ModelIntegratedComponent:63 - No mode defined for component null
2025-07-05 11:18:26,255 [WARN] ModelIntegratedComponent:63 - No mode defined for component null
2025-07-05 11:18:26,255 [WARN] ModelIntegratedComponent:63 - No mode defined for component null
2025-07-05 11:18:26,255 [WARN] ModelIntegratedComponent:63 - No mode defined for component null
2025-07-05 11:18:26,255 [WARN] ModelIntegratedComponent:63 - No mode defined for component null
2025-07-05 11:18:26,256 [WARN] ModelIntegratedComponent:63 - No mode defined for component null
2025-07-05 11:18:26,256 [WARN] ModelIntegratedComponent:63 - No mode defined for component null
2025-07-05 11:18:26,256 [WARN] ModelPack:524 - Component already loaded: STMicroelectronics:HAL Drivers:0.0.0:STMicroelectronics:Device:STMicro_Driver:XSPI:HAL::0.0.1:HAL_XSPI
2025-07-05 11:18:26,419 [INFO] ThirdPartyModel:298 - Start build external matchings
2025-07-05 11:18:27,480 [INFO] ThirdPartyModel:316 - End build external matchings
2025-07-05 11:18:27,505 [INFO] RtosManager:967 - Current active RTOS is FREERTOS [Cortex-M7NS]
2025-07-05 11:18:27,515 [INFO] ImportTextPane:218 - (OptionalMessage_ERROR) IP (DMA) : Parameter (Instance) has Id (TIM3_CH1) currently not set
2025-07-05 11:18:27,515 [INFO] ImportTextPane:218 - (OptionalMessage_ERROR) IP (DMA) : Parameter (Request) has Id (TIM3_CH1) currently not set
2025-07-05 11:18:27,515 [INFO] ImportTextPane:218 - (OptionalMessage_ERROR) IP (DMA) : Parameter (Direction) has Id (TIM3_CH1) currently not set
2025-07-05 11:18:27,515 [INFO] ImportTextPane:218 - (OptionalMessage_ERROR) IP (DMA) : Parameter (PeriphInc) has Id (TIM3_CH1) currently not set
2025-07-05 11:18:27,515 [INFO] ImportTextPane:218 - (OptionalMessage_ERROR) IP (DMA) : Parameter (MemInc) has Id (TIM3_CH1) currently not set
2025-07-05 11:18:27,515 [INFO] ImportTextPane:218 - (OptionalMessage_ERROR) IP (DMA) : Parameter (PeriphDataAlignment) has Id (TIM3_CH1) currently not set
2025-07-05 11:18:27,516 [INFO] ImportTextPane:218 - (OptionalMessage_ERROR) IP (DMA) : Parameter (MemDataAlignment) has Id (TIM3_CH1) currently not set
2025-07-05 11:18:27,516 [INFO] ImportTextPane:218 - (OptionalMessage_ERROR) IP (DMA) : Parameter (Mode) has Id (TIM3_CH1) currently not set
2025-07-05 11:18:27,516 [INFO] ImportTextPane:218 - (OptionalMessage_ERROR) IP (DMA) : Parameter (Priority) has Id (TIM3_CH1) currently not set
2025-07-05 11:18:27,516 [INFO] ImportTextPane:218 - (OptionalMessage_ERROR) IP (DMA) : Parameter (FIFOMode) has Id (TIM3_CH1) currently not set
2025-07-05 11:18:27,516 [INFO] ImportTextPane:218 - (OptionalMessage_ERROR) IP (DMA) : Parameter (SignalID) has Id (TIM3_CH1) currently not set
2025-07-05 11:18:27,516 [INFO] ImportTextPane:218 - (OptionalMessage_ERROR) IP (DMA) : Parameter (Polarity) has Id (TIM3_CH1) currently not set
2025-07-05 11:18:27,516 [INFO] ImportTextPane:218 - (OptionalMessage_ERROR) IP (DMA) : Parameter (RequestNumber) has Id (TIM3_CH1) currently not set
2025-07-05 11:18:27,516 [INFO] ImportTextPane:218 - (OptionalMessage_ERROR) IP (DMA) : Parameter (SyncSignalID) has Id (TIM3_CH1) currently not set
2025-07-05 11:18:27,516 [INFO] ImportTextPane:218 - (OptionalMessage_ERROR) IP (DMA) : Parameter (SyncPolarity) has Id (TIM3_CH1) currently not set
2025-07-05 11:18:27,516 [INFO] ImportTextPane:218 - (OptionalMessage_ERROR) IP (DMA) : Parameter (SyncEnable) has Id (TIM3_CH1) currently not set
2025-07-05 11:18:27,516 [INFO] ImportTextPane:218 - (OptionalMessage_ERROR) IP (DMA) : Parameter (EventEnable) has Id (TIM3_CH1) currently not set
2025-07-05 11:18:27,516 [INFO] ImportTextPane:218 - (OptionalMessage_ERROR) IP (DMA) : Parameter (SyncRequestNumber) has Id (TIM3_CH1) currently not set
2025-07-05 11:18:27,517 [INFO] ImportTextPane:218 - (OptionalMessage_ERROR) IP (DMA) : Parameter (Instance) has Id (TIM3_CH2) currently not set
2025-07-05 11:18:27,517 [INFO] ImportTextPane:218 - (OptionalMessage_ERROR) IP (DMA) : Parameter (Request) has Id (TIM3_CH2) currently not set
2025-07-05 11:18:27,517 [INFO] ImportTextPane:218 - (OptionalMessage_ERROR) IP (DMA) : Parameter (Direction) has Id (TIM3_CH2) currently not set
2025-07-05 11:18:27,517 [INFO] ImportTextPane:218 - (OptionalMessage_ERROR) IP (DMA) : Parameter (PeriphInc) has Id (TIM3_CH2) currently not set
2025-07-05 11:18:27,517 [INFO] ImportTextPane:218 - (OptionalMessage_ERROR) IP (DMA) : Parameter (MemInc) has Id (TIM3_CH2) currently not set
2025-07-05 11:18:27,517 [INFO] ImportTextPane:218 - (OptionalMessage_ERROR) IP (DMA) : Parameter (PeriphDataAlignment) has Id (TIM3_CH2) currently not set
2025-07-05 11:18:27,517 [INFO] ImportTextPane:218 - (OptionalMessage_ERROR) IP (DMA) : Parameter (MemDataAlignment) has Id (TIM3_CH2) currently not set
2025-07-05 11:18:27,517 [INFO] ImportTextPane:218 - (OptionalMessage_ERROR) IP (DMA) : Parameter (Mode) has Id (TIM3_CH2) currently not set
2025-07-05 11:18:27,517 [INFO] ImportTextPane:218 - (OptionalMessage_ERROR) IP (DMA) : Parameter (Priority) has Id (TIM3_CH2) currently not set
2025-07-05 11:18:27,517 [INFO] ImportTextPane:218 - (OptionalMessage_ERROR) IP (DMA) : Parameter (FIFOMode) has Id (TIM3_CH2) currently not set
2025-07-05 11:18:27,517 [INFO] ImportTextPane:218 - (OptionalMessage_ERROR) IP (DMA) : Parameter (SignalID) has Id (TIM3_CH2) currently not set
2025-07-05 11:18:27,517 [INFO] ImportTextPane:218 - (OptionalMessage_ERROR) IP (DMA) : Parameter (Polarity) has Id (TIM3_CH2) currently not set
2025-07-05 11:18:27,517 [INFO] ImportTextPane:218 - (OptionalMessage_ERROR) IP (DMA) : Parameter (RequestNumber) has Id (TIM3_CH2) currently not set
2025-07-05 11:18:27,518 [INFO] ImportTextPane:218 - (OptionalMessage_ERROR) IP (DMA) : Parameter (SyncSignalID) has Id (TIM3_CH2) currently not set
2025-07-05 11:18:27,518 [INFO] ImportTextPane:218 - (OptionalMessage_ERROR) IP (DMA) : Parameter (SyncPolarity) has Id (TIM3_CH2) currently not set
2025-07-05 11:18:27,518 [INFO] ImportTextPane:218 - (OptionalMessage_ERROR) IP (DMA) : Parameter (SyncEnable) has Id (TIM3_CH2) currently not set
2025-07-05 11:18:27,518 [INFO] ImportTextPane:218 - (OptionalMessage_ERROR) IP (DMA) : Parameter (EventEnable) has Id (TIM3_CH2) currently not set
2025-07-05 11:18:27,518 [INFO] ImportTextPane:218 - (OptionalMessage_ERROR) IP (DMA) : Parameter (SyncRequestNumber) has Id (TIM3_CH2) currently not set
2025-07-05 11:18:27,518 [INFO] ImportTextPane:218 - (OptionalMessage_ERROR) IP (DMA) : Parameter (Instance) has Id (TIM16_UP) currently not set
2025-07-05 11:18:27,518 [INFO] ImportTextPane:218 - (OptionalMessage_ERROR) IP (DMA) : Parameter (Request) has Id (TIM16_UP) currently not set
2025-07-05 11:18:27,518 [INFO] ImportTextPane:218 - (OptionalMessage_ERROR) IP (DMA) : Parameter (Direction) has Id (TIM16_UP) currently not set
2025-07-05 11:18:27,518 [INFO] ImportTextPane:218 - (OptionalMessage_ERROR) IP (DMA) : Parameter (PeriphInc) has Id (TIM16_UP) currently not set
2025-07-05 11:18:27,518 [INFO] ImportTextPane:218 - (OptionalMessage_ERROR) IP (DMA) : Parameter (MemInc) has Id (TIM16_UP) currently not set
2025-07-05 11:18:27,518 [INFO] ImportTextPane:218 - (OptionalMessage_ERROR) IP (DMA) : Parameter (PeriphDataAlignment) has Id (TIM16_UP) currently not set
2025-07-05 11:18:27,518 [INFO] ImportTextPane:218 - (OptionalMessage_ERROR) IP (DMA) : Parameter (MemDataAlignment) has Id (TIM16_UP) currently not set
2025-07-05 11:18:27,518 [INFO] ImportTextPane:218 - (OptionalMessage_ERROR) IP (DMA) : Parameter (Mode) has Id (TIM16_UP) currently not set
2025-07-05 11:18:27,518 [INFO] ImportTextPane:218 - (OptionalMessage_ERROR) IP (DMA) : Parameter (Priority) has Id (TIM16_UP) currently not set
2025-07-05 11:18:27,518 [INFO] ImportTextPane:218 - (OptionalMessage_ERROR) IP (DMA) : Parameter (FIFOMode) has Id (TIM16_UP) currently not set
2025-07-05 11:18:27,518 [INFO] ImportTextPane:218 - (OptionalMessage_ERROR) IP (DMA) : Parameter (SignalID) has Id (TIM16_UP) currently not set
2025-07-05 11:18:27,519 [INFO] ImportTextPane:218 - (OptionalMessage_ERROR) IP (DMA) : Parameter (Polarity) has Id (TIM16_UP) currently not set
2025-07-05 11:18:27,519 [INFO] ImportTextPane:218 - (OptionalMessage_ERROR) IP (DMA) : Parameter (RequestNumber) has Id (TIM16_UP) currently not set
2025-07-05 11:18:27,519 [INFO] ImportTextPane:218 - (OptionalMessage_ERROR) IP (DMA) : Parameter (SyncSignalID) has Id (TIM16_UP) currently not set
2025-07-05 11:18:27,519 [INFO] ImportTextPane:218 - (OptionalMessage_ERROR) IP (DMA) : Parameter (SyncPolarity) has Id (TIM16_UP) currently not set
2025-07-05 11:18:27,519 [INFO] ImportTextPane:218 - (OptionalMessage_ERROR) IP (DMA) : Parameter (SyncEnable) has Id (TIM16_UP) currently not set
2025-07-05 11:18:27,519 [INFO] ImportTextPane:218 - (OptionalMessage_ERROR) IP (DMA) : Parameter (EventEnable) has Id (TIM16_UP) currently not set
2025-07-05 11:18:27,519 [INFO] ImportTextPane:218 - (OptionalMessage_ERROR) IP (DMA) : Parameter (SyncRequestNumber) has Id (TIM16_UP) currently not set
2025-07-05 11:18:27,519 [INFO] ImportTextPane:218 - (OptionalMessage_ERROR) IP (DMA) : Parameter (Instance) has Id (TIM15_UP) currently not set
2025-07-05 11:18:27,519 [INFO] ImportTextPane:218 - (OptionalMessage_ERROR) IP (DMA) : Parameter (Request) has Id (TIM15_UP) currently not set
2025-07-05 11:18:27,519 [INFO] ImportTextPane:218 - (OptionalMessage_ERROR) IP (DMA) : Parameter (Direction) has Id (TIM15_UP) currently not set
2025-07-05 11:18:27,519 [INFO] ImportTextPane:218 - (OptionalMessage_ERROR) IP (DMA) : Parameter (PeriphInc) has Id (TIM15_UP) currently not set
2025-07-05 11:18:27,519 [INFO] ImportTextPane:218 - (OptionalMessage_ERROR) IP (DMA) : Parameter (MemInc) has Id (TIM15_UP) currently not set
2025-07-05 11:18:27,519 [INFO] ImportTextPane:218 - (OptionalMessage_ERROR) IP (DMA) : Parameter (PeriphDataAlignment) has Id (TIM15_UP) currently not set
2025-07-05 11:18:27,519 [INFO] ImportTextPane:218 - (OptionalMessage_ERROR) IP (DMA) : Parameter (MemDataAlignment) has Id (TIM15_UP) currently not set
2025-07-05 11:18:27,520 [INFO] ImportTextPane:218 - (OptionalMessage_ERROR) IP (DMA) : Parameter (Mode) has Id (TIM15_UP) currently not set
2025-07-05 11:18:27,520 [INFO] ImportTextPane:218 - (OptionalMessage_ERROR) IP (DMA) : Parameter (Priority) has Id (TIM15_UP) currently not set
2025-07-05 11:18:27,520 [INFO] ImportTextPane:218 - (OptionalMessage_ERROR) IP (DMA) : Parameter (FIFOMode) has Id (TIM15_UP) currently not set
2025-07-05 11:18:27,520 [INFO] ImportTextPane:218 - (OptionalMessage_ERROR) IP (DMA) : Parameter (SignalID) has Id (TIM15_UP) currently not set
2025-07-05 11:18:27,520 [INFO] ImportTextPane:218 - (OptionalMessage_ERROR) IP (DMA) : Parameter (Polarity) has Id (TIM15_UP) currently not set
2025-07-05 11:18:27,520 [INFO] ImportTextPane:218 - (OptionalMessage_ERROR) IP (DMA) : Parameter (RequestNumber) has Id (TIM15_UP) currently not set
2025-07-05 11:18:27,520 [INFO] ImportTextPane:218 - (OptionalMessage_ERROR) IP (DMA) : Parameter (SyncSignalID) has Id (TIM15_UP) currently not set
2025-07-05 11:18:27,520 [INFO] ImportTextPane:218 - (OptionalMessage_ERROR) IP (DMA) : Parameter (SyncPolarity) has Id (TIM15_UP) currently not set
2025-07-05 11:18:27,520 [INFO] ImportTextPane:218 - (OptionalMessage_ERROR) IP (DMA) : Parameter (SyncEnable) has Id (TIM15_UP) currently not set
2025-07-05 11:18:27,521 [INFO] ImportTextPane:218 - (OptionalMessage_ERROR) IP (DMA) : Parameter (EventEnable) has Id (TIM15_UP) currently not set
2025-07-05 11:18:27,521 [INFO] ImportTextPane:218 - (OptionalMessage_ERROR) IP (DMA) : Parameter (SyncRequestNumber) has Id (TIM15_UP) currently not set
2025-07-05 11:18:27,528 [INFO] ImportTextPane:218 - (OptionalMessage_ERROR) IP (RCC) : Parameter (DFSDMACLkFreq_Value) has invalid value (480000000)
2025-07-05 11:18:27,537 [INFO] ImportTextPane:218 - (OptionalMessage_ERROR) IP (RCC) : Parameter (FDCANFreq_Value) has invalid value (480000000)
2025-07-05 11:18:27,537 [INFO] ImportTextPane:218 - (OptionalMessage_ERROR) IP (RCC) : Invalid parameter (FamilyName)
2025-07-05 11:18:27,537 [INFO] ImportTextPane:218 - (OptionalMessage_ERROR) IP (RCC) : Parameter (SAI1Freq_Value) has invalid value (480000000)
2025-07-05 11:18:27,537 [INFO] ImportTextPane:218 - (OptionalMessage_ERROR) IP (RCC) : Parameter (SAI23Freq_Value) has invalid value (480000000)
2025-07-05 11:18:27,537 [INFO] ImportTextPane:218 - (OptionalMessage_ERROR) IP (RCC) : Parameter (SAI4AFreq_Value) has invalid value (480000000)
2025-07-05 11:18:27,537 [INFO] ImportTextPane:218 - (OptionalMessage_ERROR) IP (RCC) : Parameter (SAI4BFreq_Value) has invalid value (480000000)
2025-07-05 11:18:27,537 [INFO] ImportTextPane:218 - (OptionalMessage_ERROR) IP (RCC) : Parameter (SPDIFRXFreq_Value) has invalid value (480000000)
2025-07-05 11:18:27,537 [INFO] ImportTextPane:218 - (OptionalMessage_ERROR) IP (RCC) : Parameter (SPI123Freq_Value) has invalid value (480000000)
2025-07-05 11:18:27,537 [INFO] ImportTextPane:218 - (OptionalMessage_ERROR) IP (RCC) : Parameter (USBFreq_Value) has invalid value (480000000)
2025-07-05 11:18:28,273 [INFO] ApiDb:581 - Connected to CubeFinder SQLite database (C:\Users\marcv\.stmcufinder\plugins\mcufinder\mcu\cube-finder-db.db)
2025-07-05 11:18:28,424 [INFO] ApiDb:668 - CubeFinder database Data Model version=2.1
2025-07-05 11:18:28,424 [INFO] ApiDb:669 - CubeFinder database Configuration version=3.0.39
2025-07-05 11:18:28,425 [INFO] ApiDb:670 - CubeFinder database generation date=2025-06-16 (1750072209)
2025-07-05 11:18:28,425 [INFO] ApiDb:671 - CubeFinder database FW Pack versions=[FP-ATR-ASTRA1_V2.0.0, FP-SNS-FLIGHT1_V5.1.0, FP-SNS-MOTENV1_V5.0.0, FP-SNS-MOTENVWB1_V1.4.0, FP-SNS-SMARTAG2_V1.2.0, FP-SNS-STBOX1_V2.0.0, STM32Cube_FW_C0_V1.4.0, STM32Cube_FW_F4_V1.28.2, STM32Cube_FW_F7_V1.17.3, STM32Cube_FW_G0_V1.6.2, STM32Cube_FW_G4_V1.6.1, STM32Cube_FW_H5_V1.5.0, STM32Cube_FW_H7RS_V1.2.0, STM32Cube_FW_H7_V1.12.1, STM32Cube_FW_L0_V1.12.2, STM32Cube_FW_L4_V1.18.1, STM32Cube_FW_L5_V1.5.1, STM32Cube_FW_N6_V1.1.1, STM32Cube_FW_U0_V1.2.0, STM32Cube_FW_U3_V1.1.0, STM32Cube_FW_U5_V1.7.0, STM32Cube_FW_WB0_V1.2.0, STM32Cube_FW_WBA_V1.6.0, STM32Cube_FW_WB_V1.22.0, STM32Cube_FW_WL3_V1.1.0, STM32Cube_FW_WL_V1.3.1, X-CUBE-ALGOBUILD_V1.4.0, X-CUBE-ALS_V1.0.2, X-CUBE-AZRTOS-F4_V1.1.0, X-CUBE-AZRTOS-F7_V1.1.0, X-CUBE-AZRTOS-G0_V1.1.0, X-CUBE-AZRTOS-G4_V2.0.0, X-CUBE-AZRTOS-H7RS_V1.1.0, X-CUBE-AZRTOS-H7_V3.3.0, X-CUBE-AZRTOS-L4_V2.0.0, X-CUBE-AZRTOS-L5_V2.0.0, X-CUBE-AZRTOS-WB_V2.0.0, X-CUBE-AZRTOS-WL_V2.0.0, X-CUBE-BLE1_V7.1.0, X-CUBE-BLE2_V3.3.0, X-CUBE-BLEMGR_V4.0.0, X-CUBE-EEPRMA1_V5.1.0, X-CUBE-FREERTOS_V1.3.1, X-CUBE-GNSS1_V6.0.0, X-CUBE-MEMS1_V11.3.0, X-CUBE-NFC4_V3.0.0, X-CUBE-NFC7_V2.0.0, X-CUBE-SFXS2LP1_V4.0.0, X-CUBE-SUBG2_V5.0.0, X-CUBE-TOF1_V3.4.3]
2025-07-05 11:18:28,597 [INFO] DbBoardsSqlite:226 - include board P-NUCLEO-WB55-NUCLEO as a kit item of type 'Nucleo-64'
2025-07-05 11:18:28,597 [INFO] DbBoardsSqlite:226 - include board P-NUCLEO-WB55-USBDONGLE as a kit item of type 'Nucleo USB Dongle'
2025-07-05 11:18:28,598 [INFO] DbBoardsSqlite:226 - include board STEVAL-IDP005V1 as a kit item of type 'Evaluation Board'
2025-07-05 11:18:28,599 [INFO] DbBoardsSqlite:226 - include board STEVAL-IDP005V2 as a kit item of type 'Evaluation Board'
2025-07-05 11:18:29,742 [INFO] ApiDb:240 - Found 895 in-development CPN: [B-G473E-ZEST1S, B-WB1M-WPAN1, B-WBA5M-WPAN, B-WL5M-SUBG1, NUCLEO-C031C6, NUCLEO-C051C8, NUCLEO-C071RB, NUCLEO-C092RC, NUCLEO-H503RB, NUCLEO-H533RE, NUCLEO-H563ZI, NUCLEO-H7S3L8, NUCLEO-N657X0-Q, NUCLEO-U031R8, NUCLEO-U083RC, NUCLEO-U385RG-Q, NUCLEO-U545RE-Q, NUCLEO-U5A5ZJ-Q, NUCLEO-WB05KZ, NUCLEO-WB07CC, NUCLEO-WB09KE, NUCLEO-WBA52CG, NUCLEO-WBA55CG, NUCLEO-WBA65RI, NUCLEO-WL33CC1, NUCLEO-WL33CC2, STEVAL-PROTEUS1, STEVAL-SMARTAG2, STEVAL-STWINBX1, STM320518-EVAL, STM32C0116-DK, STM32C011D6Y3TR, STM32C011D6Y6TR, STM32C011F4P3, STM32C011F4P6, STM32C011F4U3, STM32C011F4U6TR, STM32C011F6P3, STM32C011F6P6, STM32C011F6U3, STM32C011F6U6TR, STM32C011J4M3, STM32C011J4M6, STM32C011J6M3, STM32C011J6M6, STM32C0316-DK, STM32C031C4T3, STM32C031C4T6, STM32C031C4U3, STM32C031C4U6, STM32C031C6T3, STM32C031C6T6, STM32C031C6U3, STM32C031C6U6, STM32C031F4P3, STM32C031F4P6, STM32C031F6P3, STM32C031F6P6, STM32C031G4U3, STM32C031G4U6, STM32C031G6U3, STM32C031G6U6, STM32C031K4T3, STM32C031K4T6, STM32C031K4U3, STM32C031K4U6, STM32C031K6T3, STM32C031K6T6, STM32C031K6U3, STM32C031K6U6, STM32C051C6T6, STM32C051C6U6, STM32C051C8T6, STM32C051C8U6, STM32C051D8Y6TR, STM32C051F6P6, STM32C051F8P6, STM32C051G6U6, STM32C051G8U6, STM32C051K6T6, STM32C051K6U6, STM32C051K8T6, STM32C071C8T6, STM32C071C8T6N, STM32C071C8U6, STM32C071C8U6N, STM32C071CBT6, STM32C071CBT6N, STM32C071CBU6, STM32C071CBU6N, STM32C071F8P6, STM32C071F8P6N, STM32C071FBP6, STM32C071FBP6N, STM32C071FBY6TR, STM32C071G8U6, STM32C071G8U6N, STM32C071GBU6, STM32C071GBU6N, STM32C071K8T6, STM32C071K8T6N, STM32C071K8U6, STM32C071K8U6N, STM32C071KBT6, STM32C071KBT6N, STM32C071KBU6, STM32C071KBU6N, STM32C071R8T6, STM32C071R8T6N, STM32C071RBI6N, STM32C071RBT6, STM32C071RBT6N, STM32C091CBT6, STM32C091CBU6, STM32C091CCT6, STM32C091CCU6, STM32C091ECY6TR, STM32C091FBP6, STM32C091FCP6, STM32C091GBU6, STM32C091GCU6, STM32C091KBT6, STM32C091KBU6, STM32C091KCT6, STM32C091KCU6, STM32C091RBT6, STM32C091RCI6, STM32C091RCT6, STM32C092CBT6, STM32C092CBU6, STM32C092CCT6, STM32C092CCU6, STM32C092ECY6TR, STM32C092FBP6, STM32C092FCP6, STM32C092GBU6, STM32C092GCU6, STM32C092KBT6, STM32C092KBU6, STM32C092KCT6, STM32C092KCU6, STM32C092RBT6, STM32C092RCI6, STM32C092RCT6, STM32G071K8TXN, STM32G071K8UXN, STM32G081GBU6N, STM32G081KBT6N, STM32G081KBUXN, STM32G0B1CCT6N, STM32G0B1KCT6, STM32G0B1NEY6TR, STM32G0B1RCT6N, STM32G0C1CCT6, STM32G0C1CCT6N, STM32G0C1CCU6N, STM32G0C1CET6N, STM32G0C1CEU6N, STM32G0C1KCT6, STM32G0C1NEY6TR, STM32G0C1RCI6N, STM32G0C1RCT6N, STM32G0C1REI6N, STM32G0C1RET6N, STM32G0C1VCI6, STM32G0C1VEI6, STM32G411C6T3, STM32G411C6T6, STM32G411C6U3, STM32G411C6U6, STM32G411C8T3, STM32G411C8T6, STM32G411C8U3, STM32G411C8U6, STM32G411CBT3, STM32G411CBT6, STM32G411CBU3, STM32G411CBU6, STM32G411CCT3, STM32G411CCT6, STM32G411CCU3, STM32G411CCU6, STM32G411K6T3, STM32G411K6T6, STM32G411K6U3, STM32G411K6U6, STM32G411K8T3, STM32G411K8T6, STM32G411K8U3, STM32G411K8U6, STM32G411KBT3, STM32G411KBT6, STM32G411KBU3, STM32G411KBU6, STM32G411M6T3, STM32G411M6T6, STM32G411M8T3, STM32G411M8T6, STM32G411MBT3, STM32G411MBT6, STM32G411MCT3, STM32G411MCT6, STM32G411R6T3, STM32G411R6T6, STM32G411R8T3, STM32G411R8T6, STM32G411RBT3, STM32G411RBT6, STM32G411RCT3, STM32G411RCT6, STM32G414CBT3, STM32G414CBT6, STM32G414CBU3, STM32G414CBU6, STM32G414CCT3, STM32G414CCT6, STM32G414CCU3, STM32G414CCU6, STM32G414MBT3, STM32G414MBT6, STM32G414MCT3, STM32G414MCT6, STM32G414RBT3, STM32G414RBT6, STM32G414RCT3, STM32G414RCT6, STM32G414VBT3, STM32G414VBT6, STM32G414VCT3, STM32G414VCT6, STM32G431CBT3Z, STM32G431RBT3Z, STM32G471CCT6, STM32G471CCU6, STM32G471CET3, STM32G471CET6, STM32G471CEU3, STM32G471CEU6, STM32G471MCT6, STM32G471MET3, STM32G471MET6, STM32G471MEY6TR, STM32G471QCT6, STM32G471QET3, STM32G471RCT6, STM32G471RET3, STM32G471RET6, STM32G471VCH6, STM32G471VCI6, STM32G471VCT6, STM32G471VEH3, STM32G471VEH6, STM32G471VEI3, STM32G471VEI6, STM32G471VET3, STM32G471VET6, STM32G473QET3Z, STM32G473RET3Z, STM32G474CCT6, STM32G491RET3Z, STM32H503CBT6, STM32H503CBU6, STM32H503EBY6TR, STM32H503KBU6, STM32H503RBT6, STM32H523CCT6, STM32H523CCU6, STM32H523CET6, STM32H523CEU6, STM32H523HEY6TR, STM32H523RCT6, STM32H523RET6, STM32H523VCI6, STM32H523VCT6, STM32H523VEI6, STM32H523VET6, STM32H523ZCJ6, STM32H523ZCT6, STM32H523ZEJ6, STM32H523ZET6, STM32H533CET6, STM32H533CEU6, STM32H533HEY6TR, STM32H533RET6, STM32H533VEI6, STM32H533VET6, STM32H533ZEJ6, STM32H533ZET6, STM32H562AGI6, STM32H562AII6, STM32H562IGK6, STM32H562IGT6, STM32H562IIK6, STM32H562IIT6, STM32H562RGT6, STM32H562RGV6, STM32H562RIT6, STM32H562RIV6, STM32H562VGT6, STM32H562VIT6, STM32H562ZGT6, STM32H562ZIT6, STM32H563AGI6, STM32H563AII3Q, STM32H563AII6, STM32H563IGK6, STM32H563IGT6, STM32H563IIK3Q, STM32H563IIK6, STM32H563IIT3Q, STM32H563IIT6, STM32H563MIY3QTR, STM32H563RGT6, STM32H563RGV6, STM32H563RIT6, STM32H563RIV6, STM32H563VGT6, STM32H563VIT3Q, STM32H563VIT6, STM32H563ZGT6, STM32H563ZIT3Q, STM32H563ZIT6, STM32H573AII3Q, STM32H573AII6, STM32H573I-DK, STM32H573IIK3Q, STM32H573IIK6, STM32H573IIT3Q, STM32H573IIT6, STM32H573MIY3QTR, STM32H573RIT6, STM32H573RIV6, STM32H573VIT3Q, STM32H573VIT6, STM32H573ZIT3Q, STM32H573ZIT6, STM32H7R3A8I6, STM32H7R3I8K6, STM32H7R3I8T6, STM32H7R3L8H6, STM32H7R3L8H6H, STM32H7R3R8V6, STM32H7R3V8H6, STM32H7R3V8T6, STM32H7R3V8Y6TR, STM32H7R3Z8J6, STM32H7R3Z8T6, STM32H7R7A8I6, STM32H7R7I8K6, STM32H7R7I8T6, STM32H7R7L8H6, STM32H7R7L8H6H, STM32H7R7Z8J6, STM32H7S3A8I6, STM32H7S3I8K6, STM32H7S3I8T6, STM32H7S3L8H6, STM32H7S3L8H6H, STM32H7S3R8V6, STM32H7S3V8H6, STM32H7S3V8T6, STM32H7S3V8Y6TR, STM32H7S3Z8J6, STM32H7S3Z8T6, STM32H7S78-DK, STM32H7S7A8I6, STM32H7S7I8K6, STM32H7S7I8T6, STM32H7S7L8H6, STM32H7S7L8H6H, STM32H7S7Z8J6, STM32L4R5QGI6STR, STM32MP131AAE3, STM32MP131AAF3, STM32MP131AAG3, STM32MP131CAE3, STM32MP131CAF3, STM32MP131CAG3, STM32MP131DAE7, STM32MP131DAF7, STM32MP131DAG7, STM32MP131FAE7, STM32MP131FAF7, STM32MP131FAG7, STM32MP133AAE3, STM32MP133AAF3, STM32MP133AAG3, STM32MP133CAE3, STM32MP133CAF3, STM32MP133CAG3, STM32MP133DAE7, STM32MP133DAF7, STM32MP133DAG7, STM32MP133FAE7, STM32MP133FAF7, STM32MP133FAG7, STM32MP135AAE3, STM32MP135AAF3, STM32MP135AAG3, STM32MP135CAE3, STM32MP135CAF3, STM32MP135CAG3, STM32MP135DAE7, STM32MP135DAF7, STM32MP135DAG7, STM32MP135F-DK, STM32MP135FAE7, STM32MP135FAF7, STM32MP135FAF7T, STM32MP135FAF7U, STM32MP135FAG7, STM32MP231AAJ3, STM32MP231AAK3, STM32MP231AAL3, STM32MP231CAJ3, STM32MP231CAK3, STM32MP231CAL3, STM32MP231DAJ3, STM32MP231DAK3, STM32MP231DAL3, STM32MP231FAJ3, STM32MP231FAK3, STM32MP231FAL3, STM32MP233AAJ3, STM32MP233AAK3, STM32MP233AAL3, STM32MP233CAJ3, STM32MP233CAK3, STM32MP233CAL3, STM32MP233DAJ3, STM32MP233DAK3, STM32MP233DAL3, STM32MP233FAJ3, STM32MP233FAK3, STM32MP233FAL3, STM32MP235AAJ3, STM32MP235AAK3, STM32MP235AAL3, STM32MP235CAJ3, STM32MP235CAK3, STM32MP235CAL3, STM32MP235DAJ3, STM32MP235DAK3, STM32MP235DAL3, STM32MP235FAJ3, STM32MP235FAK3, STM32MP235FAL3, STM32MP251AAI3, STM32MP251AAJ3, STM32MP251AAK3, STM32MP251AAL3, STM32MP251CAI3, STM32MP251CAJ3, STM32MP251CAK3, STM32MP251CAL3, STM32MP251DAI3, STM32MP251DAJ3, STM32MP251DAK3, STM32MP251DAL3, STM32MP251FAI3, STM32MP251FAJ3, STM32MP251FAK3, STM32MP251FAL3, STM32MP253AAI3, STM32MP253AAJ3, STM32MP253AAK3, STM32MP253AAL3, STM32MP253CAI3, STM32MP253CAJ3, STM32MP253CAK3, STM32MP253CAL3, STM32MP253DAI3, STM32MP253DAJ3, STM32MP253DAK3, STM32MP253DAL3, STM32MP253FAI3, STM32MP253FAJ3, STM32MP253FAK3, STM32MP253FAL3, STM32MP255AAI3, STM32MP255AAJ3, STM32MP255AAK3, STM32MP255AAL3, STM32MP255CAI3, STM32MP255CAJ3, STM32MP255CAK3, STM32MP255CAL3, STM32MP255DAI3, STM32MP255DAJ3, STM32MP255DAK3, STM32MP255DAL3, STM32MP255FAI3, STM32MP255FAJ3, STM32MP255FAK3, STM32MP255FAL3, STM32MP257AAI3, STM32MP257AAJ3, STM32MP257AAK3, STM32MP257AAL3, STM32MP257CAI3, STM32MP257CAJ3, STM32MP257CAK3, STM32MP257CAL3, STM32MP257DAI3, STM32MP257DAJ3, STM32MP257DAK3, STM32MP257DAL3, STM32MP257F-DK, STM32MP257F-EV1, STM32MP257FAI3, STM32MP257FAJ3, STM32MP257FAK3, STM32MP257FAL3, STM32N645A0H3Q, STM32N645B0H3Q, STM32N645I0H3Q, STM32N645L0H3Q, STM32N645X0H3Q, STM32N645Z0H3Q, STM32N647A0H3Q, STM32N647B0H3Q, STM32N647I0H3Q, STM32N647L0H3Q, STM32N647X0H3Q, STM32N647Z0H3Q, STM32N655A0H3Q, STM32N655B0H3Q, STM32N655I0H3Q, STM32N655L0H3Q, STM32N655X0H3Q, STM32N655Z0H3Q, STM32N6570-DK, STM32N657A0H3Q, STM32N657B0H3Q, STM32N657I0H3Q, STM32N657L0H3Q, STM32N657X0H3Q, STM32N657Z0H3Q, STM32U031C6T6, STM32U031C6U6, STM32U031C8T6, STM32U031C8U6, STM32U031F4P6, STM32U031F6P6, STM32U031F8P6, STM32U031G6Y6TR, STM32U031G8Y6TR, STM32U031K4U6, STM32U031K6U6, STM32U031K8U6, STM32U031R6I6, STM32U031R6T6, STM32U031R8I6, STM32U031R8T6, STM32U073C8T6, STM32U073C8U6, STM32U073CBT6, STM32U073CBU6, STM32U073CCT6, STM32U073CCU6, STM32U073H8Y6TR, STM32U073HBY6TR, STM32U073HCY6TR, STM32U073K8U6, STM32U073KBU6, STM32U073KCU6, STM32U073M8I6, STM32U073M8T6, STM32U073MBI6, STM32U073MBT6, STM32U073MCI6, STM32U073MCT6, STM32U073R8I6, STM32U073R8T6, STM32U073RBI6, STM32U073RBT6, STM32U073RCI6, STM32U073RCT6, STM32U083C-DK, STM32U083CCT6, STM32U083CCU6, STM32U083HCY6TR, STM32U083KCU6, STM32U083MCI6, STM32U083MCT6, STM32U083RCI6, STM32U083RCT6, STM32U375CET6, STM32U375CET6Q, STM32U375CEU6, STM32U375CEU6Q, STM32U375CEY6QTR, STM32U375CGT6, STM32U375CGT6Q, STM32U375CGU6, STM32U375CGU6Q, STM32U375CGY6QTR, STM32U375KEU6, STM32U375KGU6, STM32U375REI6, STM32U375REI6Q, STM32U375RET6, STM32U375RET6Q, STM32U375REY6GTR, STM32U375REY6QTR, STM32U375RGI6, STM32U375RGI6Q, STM32U375RGT6, STM32U375RGT6Q, STM32U375RGY6GTR, STM32U375RGY6QTR, STM32U375VEI6, STM32U375VEI6Q, STM32U375VET6, STM32U375VET6Q, STM32U375VGI6, STM32U375VGI6Q, STM32U375VGT6, STM32U375VGT6Q, STM32U385CGT6, STM32U385CGT6Q, STM32U385CGU6, STM32U385CGU6Q, STM32U385CGY6QTR, STM32U385KGU6, STM32U385RGI6, STM32U385RGI6Q, STM32U385RGT6, STM32U385RGT6Q, STM32U385RGY6GTR, STM32U385RGY6QTR, STM32U385VGI6, STM32U385VGI6Q, STM32U385VGT6, STM32U385VGT6Q, STM32U535CBT6, STM32U535CBT6Q, STM32U535CBU6, STM32U535CBU6Q, STM32U535CCT6, STM32U535CCT6Q, STM32U535CCU6, STM32U535CCU6Q, STM32U535CET6, STM32U535CET6Q, STM32U535CEU6, STM32U535CEU6Q, STM32U535JEY6QTR, STM32U535NCY6QTR, STM32U535NEY6QTR, STM32U535RBI6, STM32U535RBI6Q, STM32U535RBT6, STM32U535RBT6Q, STM32U535RCI6, STM32U535RCI6Q, STM32U535RCT6, STM32U535RCT6Q, STM32U535REI6, STM32U535REI6Q, STM32U535RET6, STM32U535RET6Q, STM32U535VCI6, STM32U535VCI6Q, STM32U535VCT6, STM32U535VCT6Q, STM32U535VEI6, STM32U535VEI6Q, STM32U535VET6, STM32U535VET6Q, STM32U545CET6, STM32U545CET6Q, STM32U545CEU6, STM32U545CEU6Q, STM32U545JEY6QTR, STM32U545NEY6QTR, STM32U545REI6, STM32U545REI6Q, STM32U545RET6, STM32U545RET6Q, STM32U545VEI6, STM32U545VEI6Q, STM32U545VET6, STM32U545VET6Q, STM32U595AIH6, STM32U595AIH6Q, STM32U595AJH6, STM32U595AJH6Q, STM32U595QII6, STM32U595QII6Q, STM32U595QJI6, STM32U595QJI6Q, STM32U595RIT6, STM32U595RIT6Q, STM32U595RJT6, STM32U595RJT6Q, STM32U595VIT6, STM32U595VIT6Q, STM32U595VJT6, STM32U595VJT6Q, STM32U595ZIT6, STM32U595ZIT6Q, STM32U595ZIY6QTR, STM32U595ZJT6, STM32U595ZJT6Q, STM32U595ZJY6QTR, STM32U599BJY6QTR, STM32U599NIH6Q, STM32U599NJH6Q, STM32U599VIT6Q, STM32U599VJT6, STM32U599VJT6Q, STM32U599ZIT6Q, STM32U599ZIY6QTR, STM32U599ZJT6Q, STM32U599ZJY6QTR, STM32U5A5AJH6, STM32U5A5AJH6Q, STM32U5A5QII3Q , STM32U5A5QJI6, STM32U5A5QJI6Q, STM32U5A5RJT6, STM32U5A5RJT6Q, STM32U5A5VJT6, STM32U5A5VJT6Q, STM32U5A5ZJT6, STM32U5A5ZJT6Q, STM32U5A5ZJY6QTR, STM32U5A9BJY6QTR, STM32U5A9J-DK, STM32U5A9NJH6Q, STM32U5A9VJT6Q, STM32U5A9ZJT6Q, STM32U5A9ZJY6QTR, STM32U5F7VIT6, STM32U5F7VIT6Q, STM32U5F7VJT6, STM32U5F7VJT6Q, STM32U5F9BJY6QTR, STM32U5F9NJH6Q, STM32U5F9VIT6Q, STM32U5F9VJT6Q, STM32U5F9ZIJ6QTR, STM32U5F9ZIT6Q, STM32U5F9ZJJ6QTR, STM32U5F9ZJT6Q, STM32U5G7VJT6, STM32U5G7VJT6Q, STM32U5G9BJY6QTR, STM32U5G9J-DK1, STM32U5G9J-DK2, STM32U5G9NJH6Q, STM32U5G9VJT6Q, STM32U5G9ZJJ6QTR, STM32U5G9ZJT6Q, STM32WB05KZV6TR, STM32WB05KZV7TR, STM32WB05TZF6TR, STM32WB05TZF7TR, STM32WB06CCF6TR, STM32WB06CCF7TR, STM32WB06CCV6TR, STM32WB06CCV7TR, STM32WB06KCV6TR, STM32WB06KCV7TR, STM32WB07CCF6TR, STM32WB07CCF7TR, STM32WB07CCV6TR, STM32WB07CCV7TR, STM32WB07KCV6TR, STM32WB07KCV7TR, STM32WB09KEV6TR, STM32WB09KEV7TR, STM32WB09TEF6TR, STM32WB09TEF7TR, STM32WB1MMCH6, STM32WBA50KGU6, STM32WBA50KGU6TR, STM32WBA52CEU6, STM32WBA52CEU6TR, STM32WBA52CEU7, STM32WBA52CEU7TR, STM32WBA52CGU6, STM32WBA52CGU6TR, STM32WBA52CGU6U, STM32WBA52CGU7, STM32WBA52CGU7TR, STM32WBA52KEU6, STM32WBA52KEU6TR, STM32WBA52KGU6, STM32WBA52KGU6TR, STM32WBA54CEU6, STM32WBA54CEU6TR, STM32WBA54CEU7, STM32WBA54CEU7TR, STM32WBA54CGU6, STM32WBA54CGU6TR, STM32WBA54CGU7, STM32WBA54CGU7TR, STM32WBA54KEU6, STM32WBA54KEU6TR, STM32WBA54KEU7, STM32WBA54KEU7TR, STM32WBA54KGU6, STM32WBA54KGU6TR, STM32WBA54KGU7, STM32WBA54KGU7TR, STM32WBA55CEU6, STM32WBA55CEU6TR, STM32WBA55CEU7, STM32WBA55CEU7TR, STM32WBA55CGU6, STM32WBA55CGU6TR, STM32WBA55CGU6U, STM32WBA55CGU7, STM32WBA55CGU7TR, STM32WBA55G-DK1, STM32WBA55HEF6, STM32WBA55HEF7, STM32WBA55HGF6, STM32WBA55HGF7, STM32WBA55UEI6, STM32WBA55UEI6TR, STM32WBA55UEI7, STM32WBA55UEI7TR, STM32WBA55UGI6, STM32WBA55UGI6TR, STM32WBA55UGI7, STM32WBA55UGI7TR, STM32WBA5MJGH6TR, STM32WBA62CGU6, STM32WBA62CIU6, STM32WBA62MGF6, STM32WBA62MIF6, STM32WBA62PGI6, STM32WBA62PII6, STM32WBA63CGU6, STM32WBA63CGU7, STM32WBA63CIU6, STM32WBA63CIU7, STM32WBA64CGU6, STM32WBA64CGU7, STM32WBA64CIU6, STM32WBA64CIU7, STM32WBA65CGU6, STM32WBA65CGU7, STM32WBA65CIU6, STM32WBA65CIU7, STM32WBA65I-DK1, STM32WBA65MGF6, STM32WBA65MGF7, STM32WBA65MIF6, STM32WBA65MIF7, STM32WBA65PGI6, STM32WBA65PGI7, STM32WBA65PII6, STM32WBA65PII7, STM32WBA65RGV6, STM32WBA65RGV7, STM32WBA65RIV6, STM32WBA65RIV7, STM32WL30K8V6, STM32WL30KBV6, STM32WL31C8V6, STM32WL31CBV6, STM32WL31K8V6, STM32WL31KBV6, STM32WL33C8V6, STM32WL33C8V6TR, STM32WL33C8V7, STM32WL33C8V7TR, STM32WL33CBV6, STM32WL33CBV6TR, STM32WL33CBV7, STM32WL33CBV7TR, STM32WL33CCV6, STM32WL33CCV6TR, STM32WL33CCV7, STM32WL33CCV7A, STM32WL33CCV7ATR, STM32WL33CCV7TR, STM32WL33K8V6, STM32WL33K8V6TR, STM32WL33K8V7, STM32WL33K8V7TR, STM32WL33KBV6, STM32WL33KBV6TR, STM32WL33KBV7, STM32WL33KBV7TR, STM32WL33KCV6, STM32WL33KCV6TR, STM32WL33KCV7, STM32WL33KCV7TR, STM32WL5MOCH6, STM32WL5MOCH6TR]
2025-07-05 11:18:29,988 [INFO] BoardInfo:889 - No configuration file found for board P-NUCLEO-WB55
2025-07-05 11:18:29,990 [INFO] DbBoards:161 - Kit is not supported: P-NUCLEO-WB55
2025-07-05 11:18:29,997 [INFO] BoardInfo:889 - No configuration file found for board STEVAL-BFA001V1B
2025-07-05 11:18:29,998 [INFO] DbBoards:161 - Kit is not supported: STEVAL-BFA001V1B
2025-07-05 11:18:29,999 [INFO] BoardInfo:889 - No configuration file found for board STEVAL-BFA001V2B
2025-07-05 11:18:30,001 [INFO] DbBoards:161 - Kit is not supported: STEVAL-BFA001V2B
2025-07-05 11:18:30,236 [INFO] DbBoards:168 - Found 211 boards, 208 are supported
2025-07-05 11:18:30,237 [INFO] DbBoards:169 - Found 211 boards, 43 of them is supported for  Bsp
2025-07-05 11:18:30,240 [INFO] ApiDb:668 - CubeFinder database Data Model version=2.1
2025-07-05 11:18:30,240 [INFO] ApiDb:669 - CubeFinder database Configuration version=3.0.39
2025-07-05 11:18:30,240 [INFO] ApiDb:670 - CubeFinder database generation date=2025-06-16 (1750072209)
2025-07-05 11:18:30,240 [INFO] ApiDb:671 - CubeFinder database FW Pack versions=[FP-ATR-ASTRA1_V2.0.0, FP-SNS-FLIGHT1_V5.1.0, FP-SNS-MOTENV1_V5.0.0, FP-SNS-MOTENVWB1_V1.4.0, FP-SNS-SMARTAG2_V1.2.0, FP-SNS-STBOX1_V2.0.0, STM32Cube_FW_C0_V1.4.0, STM32Cube_FW_F4_V1.28.2, STM32Cube_FW_F7_V1.17.3, STM32Cube_FW_G0_V1.6.2, STM32Cube_FW_G4_V1.6.1, STM32Cube_FW_H5_V1.5.0, STM32Cube_FW_H7RS_V1.2.0, STM32Cube_FW_H7_V1.12.1, STM32Cube_FW_L0_V1.12.2, STM32Cube_FW_L4_V1.18.1, STM32Cube_FW_L5_V1.5.1, STM32Cube_FW_N6_V1.1.1, STM32Cube_FW_U0_V1.2.0, STM32Cube_FW_U3_V1.1.0, STM32Cube_FW_U5_V1.7.0, STM32Cube_FW_WB0_V1.2.0, STM32Cube_FW_WBA_V1.6.0, STM32Cube_FW_WB_V1.22.0, STM32Cube_FW_WL3_V1.1.0, STM32Cube_FW_WL_V1.3.1, X-CUBE-ALGOBUILD_V1.4.0, X-CUBE-ALS_V1.0.2, X-CUBE-AZRTOS-F4_V1.1.0, X-CUBE-AZRTOS-F7_V1.1.0, X-CUBE-AZRTOS-G0_V1.1.0, X-CUBE-AZRTOS-G4_V2.0.0, X-CUBE-AZRTOS-H7RS_V1.1.0, X-CUBE-AZRTOS-H7_V3.3.0, X-CUBE-AZRTOS-L4_V2.0.0, X-CUBE-AZRTOS-L5_V2.0.0, X-CUBE-AZRTOS-WB_V2.0.0, X-CUBE-AZRTOS-WL_V2.0.0, X-CUBE-BLE1_V7.1.0, X-CUBE-BLE2_V3.3.0, X-CUBE-BLEMGR_V4.0.0, X-CUBE-EEPRMA1_V5.1.0, X-CUBE-FREERTOS_V1.3.1, X-CUBE-GNSS1_V6.0.0, X-CUBE-MEMS1_V11.3.0, X-CUBE-NFC4_V3.0.0, X-CUBE-NFC7_V2.0.0, X-CUBE-SFXS2LP1_V4.0.0, X-CUBE-SUBG2_V5.0.0, X-CUBE-TOF1_V3.4.3]
2025-07-05 11:18:32,434 [INFO] ApiDb:240 - Found 895 in-development CPN: [B-G473E-ZEST1S, B-WB1M-WPAN1, B-WBA5M-WPAN, B-WL5M-SUBG1, NUCLEO-C031C6, NUCLEO-C051C8, NUCLEO-C071RB, NUCLEO-C092RC, NUCLEO-H503RB, NUCLEO-H533RE, NUCLEO-H563ZI, NUCLEO-H7S3L8, NUCLEO-N657X0-Q, NUCLEO-U031R8, NUCLEO-U083RC, NUCLEO-U385RG-Q, NUCLEO-U545RE-Q, NUCLEO-U5A5ZJ-Q, NUCLEO-WB05KZ, NUCLEO-WB07CC, NUCLEO-WB09KE, NUCLEO-WBA52CG, NUCLEO-WBA55CG, NUCLEO-WBA65RI, NUCLEO-WL33CC1, NUCLEO-WL33CC2, STEVAL-PROTEUS1, STEVAL-SMARTAG2, STEVAL-STWINBX1, STM320518-EVAL, STM32C0116-DK, STM32C011D6Y3TR, STM32C011D6Y6TR, STM32C011F4P3, STM32C011F4P6, STM32C011F4U3, STM32C011F4U6TR, STM32C011F6P3, STM32C011F6P6, STM32C011F6U3, STM32C011F6U6TR, STM32C011J4M3, STM32C011J4M6, STM32C011J6M3, STM32C011J6M6, STM32C0316-DK, STM32C031C4T3, STM32C031C4T6, STM32C031C4U3, STM32C031C4U6, STM32C031C6T3, STM32C031C6T6, STM32C031C6U3, STM32C031C6U6, STM32C031F4P3, STM32C031F4P6, STM32C031F6P3, STM32C031F6P6, STM32C031G4U3, STM32C031G4U6, STM32C031G6U3, STM32C031G6U6, STM32C031K4T3, STM32C031K4T6, STM32C031K4U3, STM32C031K4U6, STM32C031K6T3, STM32C031K6T6, STM32C031K6U3, STM32C031K6U6, STM32C051C6T6, STM32C051C6U6, STM32C051C8T6, STM32C051C8U6, STM32C051D8Y6TR, STM32C051F6P6, STM32C051F8P6, STM32C051G6U6, STM32C051G8U6, STM32C051K6T6, STM32C051K6U6, STM32C051K8T6, STM32C071C8T6, STM32C071C8T6N, STM32C071C8U6, STM32C071C8U6N, STM32C071CBT6, STM32C071CBT6N, STM32C071CBU6, STM32C071CBU6N, STM32C071F8P6, STM32C071F8P6N, STM32C071FBP6, STM32C071FBP6N, STM32C071FBY6TR, STM32C071G8U6, STM32C071G8U6N, STM32C071GBU6, STM32C071GBU6N, STM32C071K8T6, STM32C071K8T6N, STM32C071K8U6, STM32C071K8U6N, STM32C071KBT6, STM32C071KBT6N, STM32C071KBU6, STM32C071KBU6N, STM32C071R8T6, STM32C071R8T6N, STM32C071RBI6N, STM32C071RBT6, STM32C071RBT6N, STM32C091CBT6, STM32C091CBU6, STM32C091CCT6, STM32C091CCU6, STM32C091ECY6TR, STM32C091FBP6, STM32C091FCP6, STM32C091GBU6, STM32C091GCU6, STM32C091KBT6, STM32C091KBU6, STM32C091KCT6, STM32C091KCU6, STM32C091RBT6, STM32C091RCI6, STM32C091RCT6, STM32C092CBT6, STM32C092CBU6, STM32C092CCT6, STM32C092CCU6, STM32C092ECY6TR, STM32C092FBP6, STM32C092FCP6, STM32C092GBU6, STM32C092GCU6, STM32C092KBT6, STM32C092KBU6, STM32C092KCT6, STM32C092KCU6, STM32C092RBT6, STM32C092RCI6, STM32C092RCT6, STM32G071K8TXN, STM32G071K8UXN, STM32G081GBU6N, STM32G081KBT6N, STM32G081KBUXN, STM32G0B1CCT6N, STM32G0B1KCT6, STM32G0B1NEY6TR, STM32G0B1RCT6N, STM32G0C1CCT6, STM32G0C1CCT6N, STM32G0C1CCU6N, STM32G0C1CET6N, STM32G0C1CEU6N, STM32G0C1KCT6, STM32G0C1NEY6TR, STM32G0C1RCI6N, STM32G0C1RCT6N, STM32G0C1REI6N, STM32G0C1RET6N, STM32G0C1VCI6, STM32G0C1VEI6, STM32G411C6T3, STM32G411C6T6, STM32G411C6U3, STM32G411C6U6, STM32G411C8T3, STM32G411C8T6, STM32G411C8U3, STM32G411C8U6, STM32G411CBT3, STM32G411CBT6, STM32G411CBU3, STM32G411CBU6, STM32G411CCT3, STM32G411CCT6, STM32G411CCU3, STM32G411CCU6, STM32G411K6T3, STM32G411K6T6, STM32G411K6U3, STM32G411K6U6, STM32G411K8T3, STM32G411K8T6, STM32G411K8U3, STM32G411K8U6, STM32G411KBT3, STM32G411KBT6, STM32G411KBU3, STM32G411KBU6, STM32G411M6T3, STM32G411M6T6, STM32G411M8T3, STM32G411M8T6, STM32G411MBT3, STM32G411MBT6, STM32G411MCT3, STM32G411MCT6, STM32G411R6T3, STM32G411R6T6, STM32G411R8T3, STM32G411R8T6, STM32G411RBT3, STM32G411RBT6, STM32G411RCT3, STM32G411RCT6, STM32G414CBT3, STM32G414CBT6, STM32G414CBU3, STM32G414CBU6, STM32G414CCT3, STM32G414CCT6, STM32G414CCU3, STM32G414CCU6, STM32G414MBT3, STM32G414MBT6, STM32G414MCT3, STM32G414MCT6, STM32G414RBT3, STM32G414RBT6, STM32G414RCT3, STM32G414RCT6, STM32G414VBT3, STM32G414VBT6, STM32G414VCT3, STM32G414VCT6, STM32G431CBT3Z, STM32G431RBT3Z, STM32G471CCT6, STM32G471CCU6, STM32G471CET3, STM32G471CET6, STM32G471CEU3, STM32G471CEU6, STM32G471MCT6, STM32G471MET3, STM32G471MET6, STM32G471MEY6TR, STM32G471QCT6, STM32G471QET3, STM32G471RCT6, STM32G471RET3, STM32G471RET6, STM32G471VCH6, STM32G471VCI6, STM32G471VCT6, STM32G471VEH3, STM32G471VEH6, STM32G471VEI3, STM32G471VEI6, STM32G471VET3, STM32G471VET6, STM32G473QET3Z, STM32G473RET3Z, STM32G474CCT6, STM32G491RET3Z, STM32H503CBT6, STM32H503CBU6, STM32H503EBY6TR, STM32H503KBU6, STM32H503RBT6, STM32H523CCT6, STM32H523CCU6, STM32H523CET6, STM32H523CEU6, STM32H523HEY6TR, STM32H523RCT6, STM32H523RET6, STM32H523VCI6, STM32H523VCT6, STM32H523VEI6, STM32H523VET6, STM32H523ZCJ6, STM32H523ZCT6, STM32H523ZEJ6, STM32H523ZET6, STM32H533CET6, STM32H533CEU6, STM32H533HEY6TR, STM32H533RET6, STM32H533VEI6, STM32H533VET6, STM32H533ZEJ6, STM32H533ZET6, STM32H562AGI6, STM32H562AII6, STM32H562IGK6, STM32H562IGT6, STM32H562IIK6, STM32H562IIT6, STM32H562RGT6, STM32H562RGV6, STM32H562RIT6, STM32H562RIV6, STM32H562VGT6, STM32H562VIT6, STM32H562ZGT6, STM32H562ZIT6, STM32H563AGI6, STM32H563AII3Q, STM32H563AII6, STM32H563IGK6, STM32H563IGT6, STM32H563IIK3Q, STM32H563IIK6, STM32H563IIT3Q, STM32H563IIT6, STM32H563MIY3QTR, STM32H563RGT6, STM32H563RGV6, STM32H563RIT6, STM32H563RIV6, STM32H563VGT6, STM32H563VIT3Q, STM32H563VIT6, STM32H563ZGT6, STM32H563ZIT3Q, STM32H563ZIT6, STM32H573AII3Q, STM32H573AII6, STM32H573I-DK, STM32H573IIK3Q, STM32H573IIK6, STM32H573IIT3Q, STM32H573IIT6, STM32H573MIY3QTR, STM32H573RIT6, STM32H573RIV6, STM32H573VIT3Q, STM32H573VIT6, STM32H573ZIT3Q, STM32H573ZIT6, STM32H7R3A8I6, STM32H7R3I8K6, STM32H7R3I8T6, STM32H7R3L8H6, STM32H7R3L8H6H, STM32H7R3R8V6, STM32H7R3V8H6, STM32H7R3V8T6, STM32H7R3V8Y6TR, STM32H7R3Z8J6, STM32H7R3Z8T6, STM32H7R7A8I6, STM32H7R7I8K6, STM32H7R7I8T6, STM32H7R7L8H6, STM32H7R7L8H6H, STM32H7R7Z8J6, STM32H7S3A8I6, STM32H7S3I8K6, STM32H7S3I8T6, STM32H7S3L8H6, STM32H7S3L8H6H, STM32H7S3R8V6, STM32H7S3V8H6, STM32H7S3V8T6, STM32H7S3V8Y6TR, STM32H7S3Z8J6, STM32H7S3Z8T6, STM32H7S78-DK, STM32H7S7A8I6, STM32H7S7I8K6, STM32H7S7I8T6, STM32H7S7L8H6, STM32H7S7L8H6H, STM32H7S7Z8J6, STM32L4R5QGI6STR, STM32MP131AAE3, STM32MP131AAF3, STM32MP131AAG3, STM32MP131CAE3, STM32MP131CAF3, STM32MP131CAG3, STM32MP131DAE7, STM32MP131DAF7, STM32MP131DAG7, STM32MP131FAE7, STM32MP131FAF7, STM32MP131FAG7, STM32MP133AAE3, STM32MP133AAF3, STM32MP133AAG3, STM32MP133CAE3, STM32MP133CAF3, STM32MP133CAG3, STM32MP133DAE7, STM32MP133DAF7, STM32MP133DAG7, STM32MP133FAE7, STM32MP133FAF7, STM32MP133FAG7, STM32MP135AAE3, STM32MP135AAF3, STM32MP135AAG3, STM32MP135CAE3, STM32MP135CAF3, STM32MP135CAG3, STM32MP135DAE7, STM32MP135DAF7, STM32MP135DAG7, STM32MP135F-DK, STM32MP135FAE7, STM32MP135FAF7, STM32MP135FAF7T, STM32MP135FAF7U, STM32MP135FAG7, STM32MP231AAJ3, STM32MP231AAK3, STM32MP231AAL3, STM32MP231CAJ3, STM32MP231CAK3, STM32MP231CAL3, STM32MP231DAJ3, STM32MP231DAK3, STM32MP231DAL3, STM32MP231FAJ3, STM32MP231FAK3, STM32MP231FAL3, STM32MP233AAJ3, STM32MP233AAK3, STM32MP233AAL3, STM32MP233CAJ3, STM32MP233CAK3, STM32MP233CAL3, STM32MP233DAJ3, STM32MP233DAK3, STM32MP233DAL3, STM32MP233FAJ3, STM32MP233FAK3, STM32MP233FAL3, STM32MP235AAJ3, STM32MP235AAK3, STM32MP235AAL3, STM32MP235CAJ3, STM32MP235CAK3, STM32MP235CAL3, STM32MP235DAJ3, STM32MP235DAK3, STM32MP235DAL3, STM32MP235FAJ3, STM32MP235FAK3, STM32MP235FAL3, STM32MP251AAI3, STM32MP251AAJ3, STM32MP251AAK3, STM32MP251AAL3, STM32MP251CAI3, STM32MP251CAJ3, STM32MP251CAK3, STM32MP251CAL3, STM32MP251DAI3, STM32MP251DAJ3, STM32MP251DAK3, STM32MP251DAL3, STM32MP251FAI3, STM32MP251FAJ3, STM32MP251FAK3, STM32MP251FAL3, STM32MP253AAI3, STM32MP253AAJ3, STM32MP253AAK3, STM32MP253AAL3, STM32MP253CAI3, STM32MP253CAJ3, STM32MP253CAK3, STM32MP253CAL3, STM32MP253DAI3, STM32MP253DAJ3, STM32MP253DAK3, STM32MP253DAL3, STM32MP253FAI3, STM32MP253FAJ3, STM32MP253FAK3, STM32MP253FAL3, STM32MP255AAI3, STM32MP255AAJ3, STM32MP255AAK3, STM32MP255AAL3, STM32MP255CAI3, STM32MP255CAJ3, STM32MP255CAK3, STM32MP255CAL3, STM32MP255DAI3, STM32MP255DAJ3, STM32MP255DAK3, STM32MP255DAL3, STM32MP255FAI3, STM32MP255FAJ3, STM32MP255FAK3, STM32MP255FAL3, STM32MP257AAI3, STM32MP257AAJ3, STM32MP257AAK3, STM32MP257AAL3, STM32MP257CAI3, STM32MP257CAJ3, STM32MP257CAK3, STM32MP257CAL3, STM32MP257DAI3, STM32MP257DAJ3, STM32MP257DAK3, STM32MP257DAL3, STM32MP257F-DK, STM32MP257F-EV1, STM32MP257FAI3, STM32MP257FAJ3, STM32MP257FAK3, STM32MP257FAL3, STM32N645A0H3Q, STM32N645B0H3Q, STM32N645I0H3Q, STM32N645L0H3Q, STM32N645X0H3Q, STM32N645Z0H3Q, STM32N647A0H3Q, STM32N647B0H3Q, STM32N647I0H3Q, STM32N647L0H3Q, STM32N647X0H3Q, STM32N647Z0H3Q, STM32N655A0H3Q, STM32N655B0H3Q, STM32N655I0H3Q, STM32N655L0H3Q, STM32N655X0H3Q, STM32N655Z0H3Q, STM32N6570-DK, STM32N657A0H3Q, STM32N657B0H3Q, STM32N657I0H3Q, STM32N657L0H3Q, STM32N657X0H3Q, STM32N657Z0H3Q, STM32U031C6T6, STM32U031C6U6, STM32U031C8T6, STM32U031C8U6, STM32U031F4P6, STM32U031F6P6, STM32U031F8P6, STM32U031G6Y6TR, STM32U031G8Y6TR, STM32U031K4U6, STM32U031K6U6, STM32U031K8U6, STM32U031R6I6, STM32U031R6T6, STM32U031R8I6, STM32U031R8T6, STM32U073C8T6, STM32U073C8U6, STM32U073CBT6, STM32U073CBU6, STM32U073CCT6, STM32U073CCU6, STM32U073H8Y6TR, STM32U073HBY6TR, STM32U073HCY6TR, STM32U073K8U6, STM32U073KBU6, STM32U073KCU6, STM32U073M8I6, STM32U073M8T6, STM32U073MBI6, STM32U073MBT6, STM32U073MCI6, STM32U073MCT6, STM32U073R8I6, STM32U073R8T6, STM32U073RBI6, STM32U073RBT6, STM32U073RCI6, STM32U073RCT6, STM32U083C-DK, STM32U083CCT6, STM32U083CCU6, STM32U083HCY6TR, STM32U083KCU6, STM32U083MCI6, STM32U083MCT6, STM32U083RCI6, STM32U083RCT6, STM32U375CET6, STM32U375CET6Q, STM32U375CEU6, STM32U375CEU6Q, STM32U375CEY6QTR, STM32U375CGT6, STM32U375CGT6Q, STM32U375CGU6, STM32U375CGU6Q, STM32U375CGY6QTR, STM32U375KEU6, STM32U375KGU6, STM32U375REI6, STM32U375REI6Q, STM32U375RET6, STM32U375RET6Q, STM32U375REY6GTR, STM32U375REY6QTR, STM32U375RGI6, STM32U375RGI6Q, STM32U375RGT6, STM32U375RGT6Q, STM32U375RGY6GTR, STM32U375RGY6QTR, STM32U375VEI6, STM32U375VEI6Q, STM32U375VET6, STM32U375VET6Q, STM32U375VGI6, STM32U375VGI6Q, STM32U375VGT6, STM32U375VGT6Q, STM32U385CGT6, STM32U385CGT6Q, STM32U385CGU6, STM32U385CGU6Q, STM32U385CGY6QTR, STM32U385KGU6, STM32U385RGI6, STM32U385RGI6Q, STM32U385RGT6, STM32U385RGT6Q, STM32U385RGY6GTR, STM32U385RGY6QTR, STM32U385VGI6, STM32U385VGI6Q, STM32U385VGT6, STM32U385VGT6Q, STM32U535CBT6, STM32U535CBT6Q, STM32U535CBU6, STM32U535CBU6Q, STM32U535CCT6, STM32U535CCT6Q, STM32U535CCU6, STM32U535CCU6Q, STM32U535CET6, STM32U535CET6Q, STM32U535CEU6, STM32U535CEU6Q, STM32U535JEY6QTR, STM32U535NCY6QTR, STM32U535NEY6QTR, STM32U535RBI6, STM32U535RBI6Q, STM32U535RBT6, STM32U535RBT6Q, STM32U535RCI6, STM32U535RCI6Q, STM32U535RCT6, STM32U535RCT6Q, STM32U535REI6, STM32U535REI6Q, STM32U535RET6, STM32U535RET6Q, STM32U535VCI6, STM32U535VCI6Q, STM32U535VCT6, STM32U535VCT6Q, STM32U535VEI6, STM32U535VEI6Q, STM32U535VET6, STM32U535VET6Q, STM32U545CET6, STM32U545CET6Q, STM32U545CEU6, STM32U545CEU6Q, STM32U545JEY6QTR, STM32U545NEY6QTR, STM32U545REI6, STM32U545REI6Q, STM32U545RET6, STM32U545RET6Q, STM32U545VEI6, STM32U545VEI6Q, STM32U545VET6, STM32U545VET6Q, STM32U595AIH6, STM32U595AIH6Q, STM32U595AJH6, STM32U595AJH6Q, STM32U595QII6, STM32U595QII6Q, STM32U595QJI6, STM32U595QJI6Q, STM32U595RIT6, STM32U595RIT6Q, STM32U595RJT6, STM32U595RJT6Q, STM32U595VIT6, STM32U595VIT6Q, STM32U595VJT6, STM32U595VJT6Q, STM32U595ZIT6, STM32U595ZIT6Q, STM32U595ZIY6QTR, STM32U595ZJT6, STM32U595ZJT6Q, STM32U595ZJY6QTR, STM32U599BJY6QTR, STM32U599NIH6Q, STM32U599NJH6Q, STM32U599VIT6Q, STM32U599VJT6, STM32U599VJT6Q, STM32U599ZIT6Q, STM32U599ZIY6QTR, STM32U599ZJT6Q, STM32U599ZJY6QTR, STM32U5A5AJH6, STM32U5A5AJH6Q, STM32U5A5QII3Q , STM32U5A5QJI6, STM32U5A5QJI6Q, STM32U5A5RJT6, STM32U5A5RJT6Q, STM32U5A5VJT6, STM32U5A5VJT6Q, STM32U5A5ZJT6, STM32U5A5ZJT6Q, STM32U5A5ZJY6QTR, STM32U5A9BJY6QTR, STM32U5A9J-DK, STM32U5A9NJH6Q, STM32U5A9VJT6Q, STM32U5A9ZJT6Q, STM32U5A9ZJY6QTR, STM32U5F7VIT6, STM32U5F7VIT6Q, STM32U5F7VJT6, STM32U5F7VJT6Q, STM32U5F9BJY6QTR, STM32U5F9NJH6Q, STM32U5F9VIT6Q, STM32U5F9VJT6Q, STM32U5F9ZIJ6QTR, STM32U5F9ZIT6Q, STM32U5F9ZJJ6QTR, STM32U5F9ZJT6Q, STM32U5G7VJT6, STM32U5G7VJT6Q, STM32U5G9BJY6QTR, STM32U5G9J-DK1, STM32U5G9J-DK2, STM32U5G9NJH6Q, STM32U5G9VJT6Q, STM32U5G9ZJJ6QTR, STM32U5G9ZJT6Q, STM32WB05KZV6TR, STM32WB05KZV7TR, STM32WB05TZF6TR, STM32WB05TZF7TR, STM32WB06CCF6TR, STM32WB06CCF7TR, STM32WB06CCV6TR, STM32WB06CCV7TR, STM32WB06KCV6TR, STM32WB06KCV7TR, STM32WB07CCF6TR, STM32WB07CCF7TR, STM32WB07CCV6TR, STM32WB07CCV7TR, STM32WB07KCV6TR, STM32WB07KCV7TR, STM32WB09KEV6TR, STM32WB09KEV7TR, STM32WB09TEF6TR, STM32WB09TEF7TR, STM32WB1MMCH6, STM32WBA50KGU6, STM32WBA50KGU6TR, STM32WBA52CEU6, STM32WBA52CEU6TR, STM32WBA52CEU7, STM32WBA52CEU7TR, STM32WBA52CGU6, STM32WBA52CGU6TR, STM32WBA52CGU6U, STM32WBA52CGU7, STM32WBA52CGU7TR, STM32WBA52KEU6, STM32WBA52KEU6TR, STM32WBA52KGU6, STM32WBA52KGU6TR, STM32WBA54CEU6, STM32WBA54CEU6TR, STM32WBA54CEU7, STM32WBA54CEU7TR, STM32WBA54CGU6, STM32WBA54CGU6TR, STM32WBA54CGU7, STM32WBA54CGU7TR, STM32WBA54KEU6, STM32WBA54KEU6TR, STM32WBA54KEU7, STM32WBA54KEU7TR, STM32WBA54KGU6, STM32WBA54KGU6TR, STM32WBA54KGU7, STM32WBA54KGU7TR, STM32WBA55CEU6, STM32WBA55CEU6TR, STM32WBA55CEU7, STM32WBA55CEU7TR, STM32WBA55CGU6, STM32WBA55CGU6TR, STM32WBA55CGU6U, STM32WBA55CGU7, STM32WBA55CGU7TR, STM32WBA55G-DK1, STM32WBA55HEF6, STM32WBA55HEF7, STM32WBA55HGF6, STM32WBA55HGF7, STM32WBA55UEI6, STM32WBA55UEI6TR, STM32WBA55UEI7, STM32WBA55UEI7TR, STM32WBA55UGI6, STM32WBA55UGI6TR, STM32WBA55UGI7, STM32WBA55UGI7TR, STM32WBA5MJGH6TR, STM32WBA62CGU6, STM32WBA62CIU6, STM32WBA62MGF6, STM32WBA62MIF6, STM32WBA62PGI6, STM32WBA62PII6, STM32WBA63CGU6, STM32WBA63CGU7, STM32WBA63CIU6, STM32WBA63CIU7, STM32WBA64CGU6, STM32WBA64CGU7, STM32WBA64CIU6, STM32WBA64CIU7, STM32WBA65CGU6, STM32WBA65CGU7, STM32WBA65CIU6, STM32WBA65CIU7, STM32WBA65I-DK1, STM32WBA65MGF6, STM32WBA65MGF7, STM32WBA65MIF6, STM32WBA65MIF7, STM32WBA65PGI6, STM32WBA65PGI7, STM32WBA65PII6, STM32WBA65PII7, STM32WBA65RGV6, STM32WBA65RGV7, STM32WBA65RIV6, STM32WBA65RIV7, STM32WL30K8V6, STM32WL30KBV6, STM32WL31C8V6, STM32WL31CBV6, STM32WL31K8V6, STM32WL31KBV6, STM32WL33C8V6, STM32WL33C8V6TR, STM32WL33C8V7, STM32WL33C8V7TR, STM32WL33CBV6, STM32WL33CBV6TR, STM32WL33CBV7, STM32WL33CBV7TR, STM32WL33CCV6, STM32WL33CCV6TR, STM32WL33CCV7, STM32WL33CCV7A, STM32WL33CCV7ATR, STM32WL33CCV7TR, STM32WL33K8V6, STM32WL33K8V6TR, STM32WL33K8V7, STM32WL33K8V7TR, STM32WL33KBV6, STM32WL33KBV6TR, STM32WL33KBV7, STM32WL33KBV7TR, STM32WL33KCV6, STM32WL33KCV6TR, STM32WL33KCV7, STM32WL33KCV7TR, STM32WL5MOCH6, STM32WL5MOCH6TR]
2025-07-05 11:18:32,438 [INFO] DbMcus:218 - Found 4686 MCUs, 4686 are supported
2025-07-05 11:18:32,445 [INFO] ApiDb:423 - Load user favorites file C:\Users\marcv/.stm32cubeide/favorites.mcus.txt: 1 item(s)
2025-07-05 11:18:32,446 [INFO] ApiDb:427 - User favorites MCUs=[STM32H750VBT6]
2025-07-05 11:18:32,446 [INFO] DbMcus:224 - Set 1 / 1 favorites MCUs
2025-07-05 11:18:32,913 [INFO] ApiDb:423 - Load user favorites file C:\Users\marcv/.stm32cubeide/favorites.boards.txt: 0 item(s)
2025-07-05 11:18:32,913 [INFO] ApiDb:427 - User favorites Boards=[]
2025-07-05 11:18:32,913 [INFO] DbBoards:198 - Set 0 / 0 favorites Boards
2025-07-05 11:18:32,990 [INFO] UtilMem:75 - End LoadConfig() Used Memory: 791433040 Bytes (1073741824)
2025-07-05 11:18:33,179 [WARN] ThirdParty:833 - waiting for thirdparty lock release [change project]
2025-07-05 11:18:33,179 [INFO] ThirdParty:835 - entering critical section [change project]
2025-07-05 11:18:33,179 [INFO] ThirdParty:1030 - CMSIS Pack Vendor :STMicroelectronics X-CUBE-PM33A1 1.0.0
2025-07-05 11:18:33,179 [INFO] ThirdParty:1030 - CMSIS Pack Vendor :STMicroelectronics USBPD 4.1
2025-07-05 11:18:33,179 [INFO] ThirdParty:1030 - CMSIS Pack Vendor :STMicroelectronics X-CUBE-AZRTOS-H7 3.3.0
2025-07-05 11:18:33,179 [INFO] ThirdParty:1030 - CMSIS Pack Vendor :STMicroelectronics X-CUBE-NFC9 1.0.0
2025-07-05 11:18:33,179 [INFO] ThirdParty:1030 - CMSIS Pack Vendor :STMicroelectronics USB_HOST 2.0.0
2025-07-05 11:18:33,179 [INFO] ThirdParty:1030 - CMSIS Pack Vendor :STMicroelectronics FP-SNS-MOTENVWB1 1.4.0
2025-07-05 11:18:33,179 [INFO] ThirdParty:1030 - CMSIS Pack Vendor :STMicroelectronics X-CUBE-AZRTOS-F4 1.1.0
2025-07-05 11:18:33,179 [INFO] ThirdParty:1030 - CMSIS Pack Vendor :STMicroelectronics LIBJPEG 8.0.0
2025-07-05 11:18:33,179 [INFO] ThirdParty:1030 - CMSIS Pack Vendor :STMicroelectronics FP-ATR-ASTRA1 2.0.2
2025-07-05 11:18:33,179 [INFO] ThirdParty:1030 - CMSIS Pack Vendor :STMicroelectronics X-CUBE-BLE1 7.1.0
2025-07-05 11:18:33,179 [INFO] ThirdParty:1030 - CMSIS Pack Vendor :Avnet-IotConnect X-CUBE-IoTC-DA16k-PMOD 1.0.0
2025-07-05 11:18:33,180 [INFO] ThirdParty:1030 - CMSIS Pack Vendor :STMicroelectronics X-CUBE-SMBUS 2.1.0
2025-07-05 11:18:33,180 [INFO] ThirdParty:1030 - CMSIS Pack Vendor :STMicroelectronics X-CUBE-WB05N 1.1.0
2025-07-05 11:18:33,180 [INFO] ThirdParty:1030 - CMSIS Pack Vendor :wolfSSL I-CUBE-wolfMQTT 1.19.2
2025-07-05 11:18:33,180 [INFO] ThirdParty:1030 - CMSIS Pack Vendor :STMicroelectronics USB_DEVICE 3.0.0
2025-07-05 11:18:33,180 [INFO] ThirdParty:1030 - CMSIS Pack Vendor :STMicroelectronics X-CUBE-ISPU 2.1.0
2025-07-05 11:18:33,180 [INFO] ThirdParty:1030 - CMSIS Pack Vendor :STMicroelectronics X-CUBE-AZRTOS-WB 2.0.0
2025-07-05 11:18:33,180 [INFO] ThirdParty:1030 - CMSIS Pack Vendor :STMicroelectronics X-CUBE-ST60 1.0.0
2025-07-05 11:18:33,180 [INFO] ThirdParty:1030 - CMSIS Pack Vendor :STMicroelectronics X-CUBE-GNSS1 7.0.1
2025-07-05 11:18:33,180 [INFO] ThirdParty:1030 - CMSIS Pack Vendor :STMicroelectronics X-CUBE-AZRTOS-F7 1.1.0
2025-07-05 11:18:33,180 [INFO] ThirdParty:1030 - CMSIS Pack Vendor :STMicroelectronics X-CUBE-AZRTOS-L5 2.0.0
2025-07-05 11:18:33,180 [INFO] ThirdParty:1030 - CMSIS Pack Vendor :STMicroelectronics X-CUBE-TOUCHGFX 4.25.0
2025-07-05 11:18:33,180 [INFO] ThirdParty:1030 - CMSIS Pack Vendor :STMicroelectronics USB_DEVICE 2.0.0
2025-07-05 11:18:33,180 [INFO] ThirdParty:1030 - CMSIS Pack Vendor :STMicroelectronics X-CUBE-NFC6 3.1.0
2025-07-05 11:18:33,180 [INFO] ThirdParty:1030 - CMSIS Pack Vendor :STMicroelectronics X-CUBE-AI 10.1.0
2025-07-05 11:18:33,181 [INFO] ThirdParty:1030 - CMSIS Pack Vendor :STMicroelectronics FP-SNS-STBOX1 2.0.0
2025-07-05 11:18:33,181 [INFO] ThirdParty:1030 - CMSIS Pack Vendor :STMicroelectronics X-CUBE-MEMS1 11.2.0
2025-07-05 11:18:33,181 [INFO] ThirdParty:1030 - CMSIS Pack Vendor :STMicroelectronics FreeRTOS 0.0.1
2025-07-05 11:18:33,181 [INFO] ThirdParty:1030 - CMSIS Pack Vendor :STMicroelectronics X-CUBE-AZRTOS-G0 1.1.0
2025-07-05 11:18:33,181 [INFO] ThirdParty:1030 - CMSIS Pack Vendor :STMicroelectronics X-CUBE-SAFEA1 1.2.2
2025-07-05 11:18:33,181 [INFO] ThirdParty:1030 - CMSIS Pack Vendor :STMicroelectronics X-CUBE-NFC4 3.0.0
2025-07-05 11:18:33,181 [INFO] ThirdParty:1030 - CMSIS Pack Vendor :STMicroelectronics X-CUBE-DPower 1.2.0
2025-07-05 11:18:33,181 [INFO] ThirdParty:1030 - CMSIS Pack Vendor :STMicroelectronics X-CUBE-SUBG2 5.0.0
2025-07-05 11:18:33,182 [INFO] ThirdParty:1030 - CMSIS Pack Vendor :STMicroelectronics X-CUBE-AZRTOS-H7RS 1.1.0
2025-07-05 11:18:33,182 [INFO] ThirdParty:1030 - CMSIS Pack Vendor :STMicroelectronics STM32_WPAN 1.0.0
2025-07-05 11:18:33,182 [INFO] ThirdParty:1030 - CMSIS Pack Vendor :EmbeddedOffice I-CUBE-FS-RTOS 1.0.1
2025-07-05 11:18:33,182 [INFO] ThirdParty:1030 - CMSIS Pack Vendor :STMicroelectronics lwIP 2.0.3
2025-07-05 11:18:33,182 [INFO] ThirdParty:1030 - CMSIS Pack Vendor :STMicroelectronics FP-SNS-FLIGHT1 5.0.2
2025-07-05 11:18:33,182 [INFO] ThirdParty:1030 - CMSIS Pack Vendor :Cesanta I-CUBE-Mongoose 7.13.0
2025-07-05 11:18:33,182 [INFO] ThirdParty:1030 - CMSIS Pack Vendor :STMicroelectronics USB_HOST 1.0.0
2025-07-05 11:18:33,182 [INFO] ThirdParty:1030 - CMSIS Pack Vendor :Infineon AIROC-Wi-Fi-Bluetooth-STM32 1.7.0
2025-07-05 11:18:33,182 [INFO] ThirdParty:1030 - CMSIS Pack Vendor :STMicroelectronics X-CUBE-AZRTOS-G4 2.0.0
2025-07-05 11:18:33,182 [INFO] ThirdParty:1030 - CMSIS Pack Vendor :STMicroelectronics X-CUBE-WB05N 2.0.0
2025-07-05 11:18:33,182 [INFO] ThirdParty:1030 - CMSIS Pack Vendor :STMicroelectronics PDM2PCM 3.1.0
2025-07-05 11:18:33,182 [INFO] ThirdParty:1030 - CMSIS Pack Vendor :STMicroelectronics PDM2PCM 3.3.0
2025-07-05 11:18:33,182 [INFO] ThirdParty:1030 - CMSIS Pack Vendor :wolfSSL I-CUBE-wolfTPM 3.8.0
2025-07-05 11:18:33,182 [INFO] ThirdParty:1030 - CMSIS Pack Vendor :STMicroelectronics X-CUBE-DISPLAY 3.0.0
2025-07-05 11:18:33,183 [INFO] ThirdParty:1030 - CMSIS Pack Vendor :wolfSSL I-CUBE-wolfSSH 1.4.20
2025-07-05 11:18:33,183 [INFO] ThirdParty:1030 - CMSIS Pack Vendor :STMicroelectronics X-CUBE-NFC7 2.0.0
2025-07-05 11:18:33,183 [INFO] ThirdParty:1030 - CMSIS Pack Vendor :STMicroelectronics X-CUBE-TCPP 4.2.0
2025-07-05 11:18:33,183 [INFO] ThirdParty:1030 - CMSIS Pack Vendor :RealThread X-CUBE-RT-Thread_Nano 4.1.1
2025-07-05 11:18:33,183 [INFO] ThirdParty:1030 - CMSIS Pack Vendor :STMicroelectronics FP-ATR-SIGFOX1 3.2.0
2025-07-05 11:18:33,183 [INFO] ThirdParty:1030 - CMSIS Pack Vendor :STMicroelectronics X-CUBE-NFC10 1.0.0
2025-07-05 11:18:33,183 [INFO] ThirdParty:1030 - CMSIS Pack Vendor :STMicroelectronics X-CUBE-BLEMGR 4.0.0
2025-07-05 11:18:33,183 [INFO] ThirdParty:1030 - CMSIS Pack Vendor :STMicroelectronics X-CUBE-EEPRMA1 5.1.0
2025-07-05 11:18:33,183 [INFO] ThirdParty:1030 - CMSIS Pack Vendor :STMicroelectronics X-CUBE-FREERTOS 1.3.1
2025-07-05 11:18:33,183 [INFO] ThirdParty:1030 - CMSIS Pack Vendor :STMicroelectronics HAL Drivers 0.0.0
2025-07-05 11:18:33,183 [INFO] ThirdParty:1030 - CMSIS Pack Vendor :STMicroelectronics MBEDTLS 2.16.2
2025-07-05 11:18:33,183 [INFO] ThirdParty:1030 - CMSIS Pack Vendor :STMicroelectronics X-CUBE-IPS 3.1.0
2025-07-05 11:18:33,183 [INFO] ThirdParty:1030 - CMSIS Pack Vendor :STMicroelectronics X-CUBE-ALS 1.0.2
2025-07-05 11:18:33,183 [INFO] ThirdParty:1030 - CMSIS Pack Vendor :emotas I-CUBE-CANOPEN 1.3.0
2025-07-05 11:18:33,183 [INFO] ThirdParty:1030 - CMSIS Pack Vendor :STMicroelectronics X-CUBE-FREERTOS 1.3.0
2025-07-05 11:18:33,183 [INFO] ThirdParty:1030 - CMSIS Pack Vendor :STMicroelectronics X-CUBE-NFC7 1.0.1
2025-07-05 11:18:33,184 [INFO] ThirdParty:1030 - CMSIS Pack Vendor :STMicroelectronics MBEDTLS 2.14.1
2025-07-05 11:18:33,184 [INFO] ThirdParty:1030 - CMSIS Pack Vendor :wolfSSL I-CUBE-wolfSSL 5.7.6
2025-07-05 11:18:33,184 [INFO] ThirdParty:1030 - CMSIS Pack Vendor :ITTIA_DB I-CUBE-ITTIADB 8.9.0
2025-07-05 11:18:33,184 [INFO] ThirdParty:1030 - CMSIS Pack Vendor :STMicroelectronics X-CUBE-TOUCHGFX 4.24.2
2025-07-05 11:18:33,184 [INFO] ThirdParty:1030 - CMSIS Pack Vendor :portGmbH I-Cube-SoM-uGOAL 1.1.0
2025-07-05 11:18:33,184 [INFO] ThirdParty:1030 - CMSIS Pack Vendor :quantropi X-CUBE-qispace-sdk-base 2.0.0
2025-07-05 11:18:33,184 [INFO] ThirdParty:1030 - CMSIS Pack Vendor :STMicroelectronics X-CUBE-AI 10.0.0
2025-07-05 11:18:33,184 [INFO] ThirdParty:1030 - CMSIS Pack Vendor :STMicroelectronics X-CUBE-ST67W61 1.0.0
2025-07-05 11:18:33,184 [INFO] ThirdParty:1030 - CMSIS Pack Vendor :STMicroelectronics FP-SNS-STAIOTCFT 1.0.0
2025-07-05 11:18:33,184 [INFO] ThirdParty:1030 - CMSIS Pack Vendor :STMicroelectronics ThreadX 1.0.0
2025-07-05 11:18:33,184 [INFO] ThirdParty:1030 - CMSIS Pack Vendor :STMicroelectronics FP-SNS-SMARTAG2 1.2.0
2025-07-05 11:18:33,184 [INFO] ThirdParty:1030 - CMSIS Pack Vendor :STMicroelectronics FP-SNS-FLIGHT1 5.1.0
2025-07-05 11:18:33,184 [INFO] ThirdParty:1030 - CMSIS Pack Vendor :STMicroelectronics X-CUBE-MEMS1 11.1.0
2025-07-05 11:18:33,184 [INFO] ThirdParty:1030 - CMSIS Pack Vendor :STMicroelectronics X-CUBE-AZRTOS-WL 2.0.0
2025-07-05 11:18:33,184 [INFO] ThirdParty:1030 - CMSIS Pack Vendor :SEGGER I-CUBE-embOS 1.3.1
2025-07-05 11:18:33,184 [INFO] ThirdParty:1030 - CMSIS Pack Vendor :STMicroelectronics X-CUBE-ALGOBUILD 1.4.0
2025-07-05 11:18:33,184 [INFO] ThirdParty:1030 - CMSIS Pack Vendor :STMicroelectronics X-CUBE-DPower 1.3.0
2025-07-05 11:18:33,184 [INFO] ThirdParty:1030 - CMSIS Pack Vendor :STMicroelectronics X-CUBE-MEMS1 11.3.0
2025-07-05 11:18:33,184 [INFO] ThirdParty:1030 - CMSIS Pack Vendor :STMicroelectronics FP-SNS-MOTENV1 5.0.0
2025-07-05 11:18:33,184 [INFO] ThirdParty:1030 - CMSIS Pack Vendor :STMicroelectronics USB_DEVICE 1.0.0
2025-07-05 11:18:33,184 [INFO] ThirdParty:1030 - CMSIS Pack Vendor :STMicroelectronics X-CUBE-AZRTOS-H7RS 1.0.0
2025-07-05 11:18:33,185 [INFO] ThirdParty:1030 - CMSIS Pack Vendor :STMicroelectronics X-CUBE-AZRTOS-L4 2.0.0
2025-07-05 11:18:33,185 [INFO] ThirdParty:1030 - CMSIS Pack Vendor :STMicroelectronics ThreadX 0.0.2
2025-07-05 11:18:33,185 [INFO] ThirdParty:1030 - CMSIS Pack Vendor :WES I-CUBE-Cesium 1.3.0
2025-07-05 11:18:33,185 [INFO] ThirdParty:1030 - CMSIS Pack Vendor :STMicroelectronics lwIP 2.1.2
2025-07-05 11:18:33,185 [INFO] ThirdParty:1030 - CMSIS Pack Vendor :STMicroelectronics X-CUBE-SFXS2LP1 4.0.0
2025-07-05 11:18:33,185 [INFO] ThirdParty:1030 - CMSIS Pack Vendor :STMicroelectronics X-CUBE-BLE2 3.3.0
2025-07-05 11:18:33,185 [INFO] ThirdParty:1030 - CMSIS Pack Vendor :STMicroelectronics X-CUBE-TOF1 3.4.2
2025-07-05 11:18:33,185 [INFO] ThirdParty:1030 - CMSIS Pack Vendor :STMicroelectronics X-CUBE-TOF1 3.4.3
2025-07-05 11:18:33,185 [INFO] ThirdParty:1030 - CMSIS Pack Vendor :STMicroelectronics PDM2PCM 3.2.0
2025-07-05 11:18:33,185 [INFO] ThirdParty:841 - exiting critical section [change project]
2025-07-05 11:18:33,880 [INFO] PinOutPanel:1589 - setPackage(No Configuration,No Configuration)
2025-07-05 11:18:33,882 [INFO] PinOutPanel:1589 - setPackage(STM32H743VITx,LQFP100)
2025-07-05 11:18:34,732 [INFO] UtilMem:75 - Before build in PCC Used Memory: 736625920 Bytes (1073741824)
2025-07-05 11:18:35,463 [INFO] UtilMem:75 - After build in PCC Used Memory: 842809392 Bytes (1073741824)
2025-07-05 11:18:35,533 [INFO] ApiDbMcu:508 - Load IP Config File for FATFS
2025-07-05 11:18:35,559 [INFO] ApiDbMcu:508 - Load IP Config File for FREERTOS
2025-07-05 11:18:35,613 [INFO] IPUIPlugin:80 - create IPUIPlugin
2025-07-05 11:18:35,613 [INFO] IPUIPlugin:80 - create IPUIPlugin
2025-07-05 11:18:35,613 [INFO] IPUIPlugin:80 - create IPUIPlugin
2025-07-05 11:18:35,613 [INFO] IPUIPlugin:80 - create IPUIPlugin
2025-07-05 11:18:35,613 [INFO] IPUIPlugin:80 - create IPUIPlugin
2025-07-05 11:18:35,613 [INFO] IPUIPlugin:80 - create IPUIPlugin
2025-07-05 11:18:35,614 [INFO] IPUIPlugin:80 - create IPUIPlugin
2025-07-05 11:18:35,614 [INFO] IPUIPlugin:80 - create IPUIPlugin
2025-07-05 11:18:35,614 [INFO] IPUIPlugin:80 - create IPUIPlugin
2025-07-05 11:18:35,614 [INFO] IPUIPlugin:80 - create IPUIPlugin
2025-07-05 11:18:35,614 [INFO] IPUIPlugin:80 - create IPUIPlugin
2025-07-05 11:18:35,615 [INFO] IPUIPlugin:80 - create IPUIPlugin
2025-07-05 11:18:35,615 [INFO] IPUIPlugin:80 - create IPUIPlugin
2025-07-05 11:18:35,615 [INFO] IPUIPlugin:80 - create IPUIPlugin
2025-07-05 11:18:35,615 [INFO] IPUIPlugin:80 - create IPUIPlugin
2025-07-05 11:18:35,615 [INFO] IPUIPlugin:80 - create IPUIPlugin
2025-07-05 11:18:35,615 [INFO] IPUIPlugin:80 - create IPUIPlugin
2025-07-05 11:18:35,616 [INFO] IPUIPlugin:80 - create IPUIPlugin
2025-07-05 11:18:35,616 [INFO] IPUIPlugin:80 - create IPUIPlugin
2025-07-05 11:18:35,616 [INFO] IPUIPlugin:80 - create IPUIPlugin
2025-07-05 11:18:35,616 [INFO] IPUIPlugin:80 - create IPUIPlugin
2025-07-05 11:18:35,616 [INFO] IPUIPlugin:80 - create IPUIPlugin
2025-07-05 11:18:35,617 [INFO] IPUIPlugin:80 - create IPUIPlugin
2025-07-05 11:18:35,617 [INFO] IPUIPlugin:80 - create IPUIPlugin
2025-07-05 11:18:35,617 [INFO] IPUIPlugin:80 - create IPUIPlugin
2025-07-05 11:18:35,617 [INFO] IPUIPlugin:80 - create IPUIPlugin
2025-07-05 11:18:35,617 [INFO] IPUIPlugin:80 - create IPUIPlugin
2025-07-05 11:18:35,617 [INFO] IPUIPlugin:80 - create IPUIPlugin
2025-07-05 11:18:35,618 [INFO] IPUIPlugin:80 - create IPUIPlugin
2025-07-05 11:18:35,618 [INFO] IPUIPlugin:80 - create IPUIPlugin
2025-07-05 11:18:35,618 [INFO] IPUIPlugin:80 - create IPUIPlugin
2025-07-05 11:18:35,618 [INFO] IPUIPlugin:80 - create IPUIPlugin
2025-07-05 11:18:35,618 [INFO] IPUIPlugin:80 - create IPUIPlugin
2025-07-05 11:18:35,619 [INFO] IPUIPlugin:80 - create IPUIPlugin
2025-07-05 11:18:35,619 [INFO] IPUIPlugin:80 - create IPUIPlugin
2025-07-05 11:18:35,619 [INFO] IPUIPlugin:80 - create IPUIPlugin
2025-07-05 11:18:35,619 [INFO] IPUIPlugin:80 - create IPUIPlugin
2025-07-05 11:18:35,619 [INFO] IPUIPlugin:80 - create IPUIPlugin
2025-07-05 11:18:35,620 [INFO] IPUIPlugin:80 - create IPUIPlugin
2025-07-05 11:18:35,620 [INFO] IPUIPlugin:80 - create IPUIPlugin
2025-07-05 11:18:35,620 [INFO] IPUIPlugin:80 - create IPUIPlugin
2025-07-05 11:18:35,620 [INFO] IPUIPlugin:80 - create IPUIPlugin
2025-07-05 11:18:35,621 [INFO] IPUIPlugin:80 - create IPUIPlugin
2025-07-05 11:18:35,621 [INFO] IPUIPlugin:80 - create IPUIPlugin
2025-07-05 11:18:35,621 [INFO] IPUIPlugin:80 - create IPUIPlugin
2025-07-05 11:18:35,621 [INFO] IPUIPlugin:80 - create IPUIPlugin
2025-07-05 11:18:35,621 [INFO] IPUIPlugin:80 - create IPUIPlugin
2025-07-05 11:18:35,621 [INFO] IPUIPlugin:80 - create IPUIPlugin
2025-07-05 11:18:35,622 [INFO] IPUIPlugin:80 - create IPUIPlugin
2025-07-05 11:18:35,622 [INFO] IPUIPlugin:80 - create IPUIPlugin
2025-07-05 11:18:35,622 [INFO] IPUIPlugin:80 - create IPUIPlugin
2025-07-05 11:18:35,622 [INFO] IPUIPlugin:80 - create IPUIPlugin
2025-07-05 11:18:35,623 [INFO] IPUIPlugin:80 - create IPUIPlugin
2025-07-05 11:18:35,623 [INFO] IPUIPlugin:80 - create IPUIPlugin
2025-07-05 11:18:35,623 [INFO] IPUIPlugin:80 - create IPUIPlugin
2025-07-05 11:18:35,623 [INFO] IPUIPlugin:80 - create IPUIPlugin
2025-07-05 11:18:35,624 [INFO] IPUIPlugin:80 - create IPUIPlugin
2025-07-05 11:18:35,624 [INFO] IPUIPlugin:80 - create IPUIPlugin
2025-07-05 11:18:35,624 [INFO] IPUIPlugin:80 - create IPUIPlugin
2025-07-05 11:18:35,625 [INFO] IPUIPlugin:80 - create IPUIPlugin
2025-07-05 11:18:35,625 [INFO] IPUIPlugin:80 - create IPUIPlugin
2025-07-05 11:18:35,625 [INFO] IPUIPlugin:80 - create IPUIPlugin
2025-07-05 11:18:35,626 [INFO] IPUIPlugin:80 - create IPUIPlugin
2025-07-05 11:18:35,626 [INFO] IPUIPlugin:80 - create IPUIPlugin
2025-07-05 11:18:35,626 [INFO] IPUIPlugin:80 - create IPUIPlugin
2025-07-05 11:18:35,626 [INFO] IPUIPlugin:80 - create IPUIPlugin
2025-07-05 11:18:35,627 [INFO] IPUIPlugin:80 - create IPUIPlugin
2025-07-05 11:18:35,627 [INFO] IPUIPlugin:80 - create IPUIPlugin
2025-07-05 11:18:35,627 [INFO] IPUIPlugin:80 - create IPUIPlugin
2025-07-05 11:18:35,628 [INFO] IPUIPlugin:80 - create IPUIPlugin
2025-07-05 11:18:35,628 [INFO] IPUIPlugin:80 - create IPUIPlugin
2025-07-05 11:18:35,628 [INFO] IPUIPlugin:80 - create IPUIPlugin
2025-07-05 11:18:35,628 [INFO] IPUIPlugin:80 - create IPUIPlugin
2025-07-05 11:18:35,629 [INFO] IPUIPlugin:80 - create IPUIPlugin
2025-07-05 11:18:35,629 [INFO] IPUIPlugin:80 - create IPUIPlugin
2025-07-05 11:18:35,629 [INFO] IPUIPlugin:80 - create IPUIPlugin
2025-07-05 11:18:35,630 [INFO] IPUIPlugin:80 - create IPUIPlugin
2025-07-05 11:18:35,630 [INFO] IPUIPlugin:80 - create IPUIPlugin
2025-07-05 11:18:35,630 [INFO] IPUIPlugin:80 - create IPUIPlugin
2025-07-05 11:18:35,630 [INFO] IPUIPlugin:80 - create IPUIPlugin
2025-07-05 11:18:35,631 [INFO] IPUIPlugin:80 - create IPUIPlugin
2025-07-05 11:18:35,631 [INFO] IPUIPlugin:80 - create IPUIPlugin
2025-07-05 11:18:35,631 [INFO] IPUIPlugin:80 - create IPUIPlugin
2025-07-05 11:18:35,632 [INFO] IPUIPlugin:80 - create IPUIPlugin
2025-07-05 11:18:35,632 [INFO] IPUIPlugin:80 - create IPUIPlugin
2025-07-05 11:18:35,633 [INFO] IPUIPlugin:80 - create IPUIPlugin
2025-07-05 11:18:35,634 [INFO] IPUIPlugin:80 - create IPUIPlugin
2025-07-05 11:18:35,634 [INFO] IPUIPlugin:80 - create IPUIPlugin
2025-07-05 11:18:35,635 [INFO] IPUIPlugin:80 - create IPUIPlugin
2025-07-05 11:18:35,635 [INFO] IPUIPlugin:80 - create IPUIPlugin
2025-07-05 11:18:35,636 [INFO] IPUIPlugin:80 - create IPUIPlugin
2025-07-05 11:18:35,636 [INFO] IPUIPlugin:80 - create IPUIPlugin
2025-07-05 11:18:35,637 [INFO] IPUIPlugin:80 - create IPUIPlugin
2025-07-05 11:18:35,637 [INFO] IPUIPlugin:80 - create IPUIPlugin
2025-07-05 11:18:35,638 [INFO] IPUIPlugin:80 - create IPUIPlugin
2025-07-05 11:18:35,638 [INFO] IPUIPlugin:80 - create IPUIPlugin
2025-07-05 11:18:35,639 [INFO] IPUIPlugin:80 - create IPUIPlugin
2025-07-05 11:18:35,663 [INFO] ApiDbMcu:508 - Load IP Config File for PDM2PCM
2025-07-05 11:18:35,707 [WARN] FreeRTOS:1023 - Null or empty value: should not occur! (nothing added to the table)
2025-07-05 11:18:35,913 [INFO] CADModel:165 - CPN selected for project levelSTM32H743VIT6
2025-07-05 11:18:35,913 [INFO] CADModel:114 - Register for checkConnection events
2025-07-05 11:18:35,916 [INFO] RtosManager:725 - Active RTOS found at IOC load: FREERTOS [Cortex-M7NS]
2025-07-05 11:18:36,003 [INFO] OpenFileManager:385 - Restore cursor
2025-07-05 11:19:06,483 [INFO] NvicIntPanel:101 - NVIC parent = com.st.microxplorer.plugins.ip.nvic.MultiNvicIntPanel[,0,0,461x198,layout=javax.swing.BoxLayout,alignmentX=0.0,alignmentY=0.0,border=,flags=9,maximumSize=,minimumSize=,preferredSize=]
2025-07-05 11:19:39,619 [INFO] MainUpdater:2872 - connection check result : 10
2025-07-05 11:19:39,619 [INFO] MainUpdater:2872 - connection check result : 10
2025-07-05 11:19:39,805 [INFO] I2cTimingTraitement:330 - 0x307075B1
2025-07-05 11:19:39,819 [INFO] MicroXplorer:468 - Change Database Path : 
2025-07-05 11:19:39,820 [INFO] MicroXplorer:498 - Change Database Version : DB.6.0.140
2025-07-05 11:19:39,832 [ERROR] ProjectManagerView:394 - 
java.lang.NullPointerException: Cannot invoke "javax.swing.JTextField.getText()" because the return value of "java.util.List.get(int)" is null
	at com.st.microxplorer.plugins.projectmanager.gui.ProjectChoiceTab$9.caretUpdate(ProjectChoiceTab.java:2678) ~[filemanager.jar:?]
	at javax.swing.text.JTextComponent.fireCaretUpdate(JTextComponent.java:408) ~[?:?]
	at javax.swing.text.JTextComponent$MutableCaretEvent.fire(JTextComponent.java:4484) ~[?:?]
	at javax.swing.text.JTextComponent$MutableCaretEvent.stateChanged(JTextComponent.java:4506) ~[?:?]
	at javax.swing.text.DefaultCaret.fireStateChanged(DefaultCaret.java:857) ~[?:?]
	at javax.swing.text.DefaultCaret.changeCaretPosition(DefaultCaret.java:1343) ~[?:?]
	at javax.swing.text.DefaultCaret.handleSetDot(DefaultCaret.java:1242) ~[?:?]
	at javax.swing.text.DefaultCaret.setDot(DefaultCaret.java:1223) ~[?:?]
	at javax.swing.text.DefaultCaret$Handler.insertUpdate(DefaultCaret.java:1819) ~[?:?]
	at javax.swing.text.AbstractDocument.fireInsertUpdate(AbstractDocument.java:227) ~[?:?]
	at javax.swing.text.AbstractDocument.handleInsertString(AbstractDocument.java:781) ~[?:?]
	at javax.swing.text.AbstractDocument.insertString(AbstractDocument.java:740) ~[?:?]
	at javax.swing.text.PlainDocument.insertString(PlainDocument.java:131) ~[?:?]
	at javax.swing.text.AbstractDocument.replace(AbstractDocument.java:699) ~[?:?]
	at javax.swing.text.JTextComponent.setText(JTextComponent.java:1725) ~[?:?]
	at com.st.microxplorer.plugins.projectmanager.gui.ProjectChoiceTab.createHeapStackFields(ProjectChoiceTab.java:979) ~[filemanager.jar:?]
	at com.st.microxplorer.plugins.projectmanager.gui.ProjectChoiceTab.buildLinkSettingsPanel(ProjectChoiceTab.java:3766) ~[filemanager.jar:?]
	at com.st.microxplorer.plugins.projectmanager.gui.ProjectChoiceTab.defineWindowsFields(ProjectChoiceTab.java:1962) ~[filemanager.jar:?]
	at com.st.microxplorer.plugins.projectmanager.gui.ProjectChoiceTab.updateSettings(ProjectChoiceTab.java:555) ~[filemanager.jar:?]
	at com.st.microxplorer.plugins.projectmanager.gui.ProjectSettingsPanel.UpdateDialog(ProjectSettingsPanel.java:245) ~[filemanager.jar:?]
	at com.st.microxplorer.plugins.projectmanager.ProjectManagerView.propertyChange(ProjectManagerView.java:391) ~[filemanager.jar:?]
	at java.beans.PropertyChangeSupport.fire(PropertyChangeSupport.java:343) ~[?:?]
	at java.beans.PropertyChangeSupport.firePropertyChange(PropertyChangeSupport.java:335) ~[?:?]
	at java.beans.PropertyChangeSupport.firePropertyChange(PropertyChangeSupport.java:268) ~[?:?]
	at com.st.microxplorer.util.MXPropertyChangeSupport.firePropertyChange(MXPropertyChangeSupport.java:54) ~[STM32CubeMX.jar:?]
	at com.st.microxplorer.mxsystem.MxSystem.closeConfig(MxSystem.java:899) ~[STM32CubeMX.jar:?]
	at com.st.microxplorer.maingui.MainPanel.closeConfig(MainPanel.java:789) ~[STM32CubeMX.jar:?]
	at com.st.microxplorer.plugins.filemanager.engine.OpenFileManager.loadConfigurationFile(OpenFileManager.java:287) ~[filemanager.jar:?]
	at com.st.microxplorer.plugins.filemanager.engine.MainFileManager.userLoadConfig(MainFileManager.java:341) ~[filemanager.jar:?]
	at com.st.microxplorer.plugins.filemanager.engine.MainFileManager.userLoadConfig(MainFileManager.java:319) ~[filemanager.jar:?]
	at com.st.microxplorer.plugins.filemanager.FileManagerView.getSpecificTask(FileManagerView.java:246) ~[filemanager.jar:?]
	at com.st.stm32cube.common.mx.editor.CubeMxEditor.getMxTabbedPaneInstance(CubeMxEditor.java:1198) ~[com.st.stm32cube.common.mx_6.14.0.202502271554/:?]
	at com.st.stm32cube.common.mx.editor.CubeMxEditor$12$1.createSwingComponent(CubeMxEditor.java:1068) ~[com.st.stm32cube.common.mx_6.14.0.202502271554/:?]
	at com.st.stm32cube.common.mx.oss.core.awtswtbridge.EmbeddedSwingComposite.doComponentCreation(EmbeddedSwingComposite.java:492) ~[com.st.stm32cube.common.mx.oss_6.14.0.202502271554/:?]
	at com.st.stm32cube.common.mx.oss.core.awtswtbridge.EmbeddedSwingComposite$4.run(EmbeddedSwingComposite.java:291) ~[com.st.stm32cube.common.mx.oss_6.14.0.202502271554/:?]
	at com.st.stm32cube.common.mx.oss.core.awtswtbridge.AwtEnvironment$2.run(AwtEnvironment.java:166) ~[com.st.stm32cube.common.mx.oss_6.14.0.202502271554/:?]
	at java.awt.event.InvocationEvent.dispatch(InvocationEvent.java:318) ~[?:?]
	at java.awt.EventQueue.dispatchEventImpl(EventQueue.java:773) ~[?:?]
	at java.awt.EventQueue$4.run(EventQueue.java:720) ~[?:?]
	at java.awt.EventQueue$4.run(EventQueue.java:714) ~[?:?]
	at java.security.AccessController.doPrivileged(AccessController.java:400) ~[?:?]
	at java.security.ProtectionDomain$JavaSecurityAccessImpl.doIntersectionPrivilege(ProtectionDomain.java:87) ~[?:?]
	at java.awt.EventQueue.dispatchEvent(EventQueue.java:742) ~[?:?]
	at java.awt.EventDispatchThread.pumpOneEventForFilters(EventDispatchThread.java:203) ~[?:?]
	at java.awt.EventDispatchThread.pumpEventsForFilter(EventDispatchThread.java:124) ~[?:?]
	at java.awt.EventDispatchThread.pumpEventsForHierarchy(EventDispatchThread.java:113) ~[?:?]
	at java.awt.EventDispatchThread.pumpEvents(EventDispatchThread.java:109) ~[?:?]
	at java.awt.EventDispatchThread.pumpEvents(EventDispatchThread.java:101) ~[?:?]
	at java.awt.EventDispatchThread.run(EventDispatchThread.java:90) ~[?:?]
2025-07-05 11:19:39,840 [WARN] ThirdParty:871 - waiting for thirdparty lock release [close project]
2025-07-05 11:19:39,841 [INFO] ThirdParty:873 - entering critical section [close project]
2025-07-05 11:19:39,841 [INFO] ThirdParty:883 - exiting critical section [close project]
2025-07-05 11:19:39,844 [INFO] PinOutPanel:1589 - setPackage(No Configuration,No Configuration)
2025-07-05 11:19:39,853 [WARN] IpParametersView:155 - Warning: This peripheral hasn't parameters
2025-07-05 11:19:39,860 [WARN] MainPanel:289 - <html><b><center>Warning: This peripheral has no parameters to be configured<br></b></html>
2025-07-05 11:19:39,871 [INFO] UtilMem:75 - Begin LoadConfig() Used Memory: 933689304 Bytes (1073741824)
2025-07-05 11:19:39,873 [INFO] MicroXplorer:468 - Change Database Path : 
2025-07-05 11:19:39,873 [INFO] MicroXplorer:498 - Change Database Version : DB.6.0.140
2025-07-05 11:19:39,873 [INFO] OpenFileManager:354 - Change cursor
2025-07-05 11:19:39,883 [INFO] Mcu:2011 - Initializing MCU STM32H743VITx STM32H743VITx STM32H743VIT6
2025-07-05 11:19:42,908 [INFO] Context:756 - Trying to add GPIOservice into a context  which must be forbidden
2025-07-05 11:19:44,236 [INFO] ImportTextPane:218 - (OptionalMessage_ERROR) Pin16 (VP_RIF_VS_RIF1) cannot be retrieved for this MCU
2025-07-05 11:19:44,395 [INFO] RtosManager:558 - Registered RTOS mode: class=CMSIS, group=RTOS, mode=CMSIS_V1, owner=FREERTOS
2025-07-05 11:19:44,396 [INFO] RtosManager:558 - Registered RTOS mode: class=CMSIS, group=RTOS2, mode=CMSIS_V2, owner=FREERTOS
2025-07-05 11:19:44,396 [INFO] RtosManager:558 - Registered RTOS mode: class=RTOS, group=Core, mode=CMSIS_V1, owner=FREERTOS
2025-07-05 11:19:44,396 [INFO] RtosManager:558 - Registered RTOS mode: class=RTOS, group=Core, mode=CMSIS_V2, owner=FREERTOS
2025-07-05 11:19:44,396 [WARN] ModelIntegratedComponent:184 - Missing modes for component STMicroelectronics:FreeRTOS:0.0.1:STMicroelectronics:RTOS:FreeRTOS:Core:::10.2.0:
2025-07-05 11:19:44,404 [WARN] ModelIntegratedComponent:63 - No mode defined for component null
2025-07-05 11:19:44,404 [WARN] ModelIntegratedComponent:63 - No mode defined for component null
2025-07-05 11:19:44,404 [WARN] ModelIntegratedComponent:63 - No mode defined for component null
2025-07-05 11:19:44,404 [WARN] ModelIntegratedComponent:63 - No mode defined for component null
2025-07-05 11:19:44,404 [WARN] ModelIntegratedComponent:63 - No mode defined for component null
2025-07-05 11:19:44,404 [WARN] ModelIntegratedComponent:63 - No mode defined for component null
2025-07-05 11:19:44,404 [WARN] ModelIntegratedComponent:63 - No mode defined for component null
2025-07-05 11:19:44,404 [WARN] ModelIntegratedComponent:63 - No mode defined for component null
2025-07-05 11:19:44,404 [WARN] ModelIntegratedComponent:63 - No mode defined for component null
2025-07-05 11:19:44,404 [WARN] ModelIntegratedComponent:63 - No mode defined for component null
2025-07-05 11:19:44,404 [WARN] ModelIntegratedComponent:63 - No mode defined for component null
2025-07-05 11:19:44,404 [WARN] ModelIntegratedComponent:63 - No mode defined for component null
2025-07-05 11:19:44,404 [WARN] ModelIntegratedComponent:63 - No mode defined for component null
2025-07-05 11:19:44,404 [WARN] ModelIntegratedComponent:63 - No mode defined for component null
2025-07-05 11:19:44,404 [WARN] ModelIntegratedComponent:63 - No mode defined for component null
2025-07-05 11:19:44,404 [WARN] ModelIntegratedComponent:63 - No mode defined for component null
2025-07-05 11:19:44,404 [WARN] ModelIntegratedComponent:63 - No mode defined for component null
2025-07-05 11:19:44,404 [WARN] ModelIntegratedComponent:63 - No mode defined for component null
2025-07-05 11:19:44,404 [WARN] ModelIntegratedComponent:63 - No mode defined for component null
2025-07-05 11:19:44,404 [WARN] ModelIntegratedComponent:63 - No mode defined for component null
2025-07-05 11:19:44,404 [WARN] ModelIntegratedComponent:63 - No mode defined for component null
2025-07-05 11:19:44,405 [WARN] ModelIntegratedComponent:63 - No mode defined for component null
2025-07-05 11:19:44,405 [WARN] ModelIntegratedComponent:63 - No mode defined for component null
2025-07-05 11:19:44,405 [WARN] ModelIntegratedComponent:63 - No mode defined for component null
2025-07-05 11:19:44,405 [WARN] ModelIntegratedComponent:63 - No mode defined for component null
2025-07-05 11:19:44,405 [WARN] ModelIntegratedComponent:63 - No mode defined for component null
2025-07-05 11:19:44,405 [WARN] ModelIntegratedComponent:63 - No mode defined for component null
2025-07-05 11:19:44,405 [WARN] ModelIntegratedComponent:63 - No mode defined for component null
2025-07-05 11:19:44,405 [WARN] ModelIntegratedComponent:63 - No mode defined for component null
2025-07-05 11:19:44,405 [WARN] ModelIntegratedComponent:63 - No mode defined for component null
2025-07-05 11:19:44,405 [WARN] ModelIntegratedComponent:63 - No mode defined for component null
2025-07-05 11:19:44,405 [WARN] ModelIntegratedComponent:63 - No mode defined for component null
2025-07-05 11:19:44,405 [WARN] ModelIntegratedComponent:63 - No mode defined for component null
2025-07-05 11:19:44,405 [WARN] ModelIntegratedComponent:63 - No mode defined for component null
2025-07-05 11:19:44,405 [WARN] ModelIntegratedComponent:63 - No mode defined for component null
2025-07-05 11:19:44,405 [WARN] ModelPack:524 - Component already loaded: STMicroelectronics:HAL Drivers:0.0.0:STMicroelectronics:Device:STMicro_Driver:XSPI:HAL::0.0.1:HAL_XSPI
2025-07-05 11:19:44,526 [INFO] ThirdPartyModel:298 - Start build external matchings
2025-07-05 11:19:45,549 [INFO] ThirdPartyModel:316 - End build external matchings
2025-07-05 11:19:45,584 [INFO] ImportTextPane:218 - (OptionalMessage_ERROR) IP (RCC) : Invalid parameter (FamilyName)
2025-07-05 11:19:45,584 [INFO] ImportTextPane:218 - (OptionalMessage_ERROR) IP (RCC) : Parameter (I2C123Freq_Value) has invalid value (120000000)
2025-07-05 11:19:45,584 [INFO] ImportTextPane:218 - (OptionalMessage_ERROR) IP (RCC) : Parameter (I2C4Freq_Value) has invalid value (120000000)
2025-07-05 11:19:45,584 [INFO] ImportTextPane:218 - (OptionalMessage_ERROR) IP (RCC) : Parameter (LPTIM1Freq_Value) has invalid value (120000000)
2025-07-05 11:19:45,584 [INFO] ImportTextPane:218 - (OptionalMessage_ERROR) IP (RCC) : Parameter (LPTIM2Freq_Value) has invalid value (120000000)
2025-07-05 11:19:45,584 [INFO] ImportTextPane:218 - (OptionalMessage_ERROR) IP (RCC) : Parameter (LPTIM345Freq_Value) has invalid value (120000000)
2025-07-05 11:19:45,584 [INFO] ImportTextPane:218 - (OptionalMessage_ERROR) IP (RCC) : Parameter (LPUART1Freq_Value) has invalid value (120000000)
2025-07-05 11:19:45,584 [INFO] ImportTextPane:218 - (OptionalMessage_ERROR) IP (RCC) : Parameter (SPI45Freq_Value) has invalid value (120000000)
2025-07-05 11:19:45,584 [INFO] ImportTextPane:218 - (OptionalMessage_ERROR) IP (RCC) : Parameter (SPI6Freq_Value) has invalid value (120000000)
2025-07-05 11:19:45,585 [INFO] ImportTextPane:218 - (OptionalMessage_ERROR) IP (RCC) : Parameter (SWPMI1Freq_Value) has invalid value (120000000)
2025-07-05 11:19:45,585 [INFO] ImportTextPane:218 - (OptionalMessage_ERROR) IP (RCC) : Parameter (USART16Freq_Value) has invalid value (120000000)
2025-07-05 11:19:45,585 [INFO] ImportTextPane:218 - (OptionalMessage_ERROR) IP (RCC) : Parameter (USART234578Freq_Value) has invalid value (120000000)
2025-07-05 11:19:45,589 [WARN] IP:2250 - DEVICE_SERIAL0_MSC_FS not found: check if there is a RefParameter without a condition.
2025-07-05 11:19:45,589 [WARN] IP:2250 - DEVICE_SERIAL1_MSC_FS not found: check if there is a RefParameter without a condition.
2025-07-05 11:19:45,589 [WARN] IP:2250 - DEVICE_SERIAL2_MSC_FS not found: check if there is a RefParameter without a condition.
2025-07-05 11:19:45,936 [INFO] UtilMem:75 - End LoadConfig() Used Memory: 978384984 Bytes (1073741824)
2025-07-05 11:19:45,983 [WARN] ThirdParty:833 - waiting for thirdparty lock release [change project]
2025-07-05 11:19:45,983 [INFO] ThirdParty:835 - entering critical section [change project]
2025-07-05 11:19:45,983 [INFO] ThirdParty:1030 - CMSIS Pack Vendor :STMicroelectronics X-CUBE-PM33A1 1.0.0
2025-07-05 11:19:45,983 [INFO] ThirdParty:1030 - CMSIS Pack Vendor :STMicroelectronics USBPD 4.1
2025-07-05 11:19:45,983 [INFO] ThirdParty:1030 - CMSIS Pack Vendor :STMicroelectronics X-CUBE-AZRTOS-H7 3.3.0
2025-07-05 11:19:45,984 [INFO] ThirdParty:1030 - CMSIS Pack Vendor :STMicroelectronics X-CUBE-NFC9 1.0.0
2025-07-05 11:19:45,984 [INFO] ThirdParty:1030 - CMSIS Pack Vendor :STMicroelectronics USB_HOST 2.0.0
2025-07-05 11:19:45,984 [INFO] ThirdParty:1030 - CMSIS Pack Vendor :STMicroelectronics FP-SNS-MOTENVWB1 1.4.0
2025-07-05 11:19:45,984 [INFO] ThirdParty:1030 - CMSIS Pack Vendor :STMicroelectronics X-CUBE-AZRTOS-F4 1.1.0
2025-07-05 11:19:45,984 [INFO] ThirdParty:1030 - CMSIS Pack Vendor :STMicroelectronics LIBJPEG 8.0.0
2025-07-05 11:19:45,984 [INFO] ThirdParty:1030 - CMSIS Pack Vendor :STMicroelectronics FP-ATR-ASTRA1 2.0.2
2025-07-05 11:19:45,984 [INFO] ThirdParty:1030 - CMSIS Pack Vendor :STMicroelectronics X-CUBE-BLE1 7.1.0
2025-07-05 11:19:45,984 [INFO] ThirdParty:1030 - CMSIS Pack Vendor :Avnet-IotConnect X-CUBE-IoTC-DA16k-PMOD 1.0.0
2025-07-05 11:19:45,984 [INFO] ThirdParty:1030 - CMSIS Pack Vendor :STMicroelectronics X-CUBE-SMBUS 2.1.0
2025-07-05 11:19:45,984 [INFO] ThirdParty:1030 - CMSIS Pack Vendor :STMicroelectronics X-CUBE-WB05N 1.1.0
2025-07-05 11:19:45,984 [INFO] ThirdParty:1030 - CMSIS Pack Vendor :wolfSSL I-CUBE-wolfMQTT 1.19.2
2025-07-05 11:19:45,984 [INFO] ThirdParty:1030 - CMSIS Pack Vendor :STMicroelectronics USB_DEVICE 3.0.0
2025-07-05 11:19:45,984 [INFO] ThirdParty:1030 - CMSIS Pack Vendor :STMicroelectronics X-CUBE-ISPU 2.1.0
2025-07-05 11:19:45,984 [INFO] ThirdParty:1030 - CMSIS Pack Vendor :STMicroelectronics X-CUBE-AZRTOS-WB 2.0.0
2025-07-05 11:19:45,984 [INFO] ThirdParty:1030 - CMSIS Pack Vendor :STMicroelectronics X-CUBE-ST60 1.0.0
2025-07-05 11:19:45,984 [INFO] ThirdParty:1030 - CMSIS Pack Vendor :STMicroelectronics X-CUBE-GNSS1 7.0.1
2025-07-05 11:19:45,984 [INFO] ThirdParty:1030 - CMSIS Pack Vendor :STMicroelectronics X-CUBE-AZRTOS-F7 1.1.0
2025-07-05 11:19:45,984 [INFO] ThirdParty:1030 - CMSIS Pack Vendor :STMicroelectronics X-CUBE-AZRTOS-L5 2.0.0
2025-07-05 11:19:45,984 [INFO] ThirdParty:1030 - CMSIS Pack Vendor :STMicroelectronics X-CUBE-TOUCHGFX 4.25.0
2025-07-05 11:19:45,985 [INFO] ThirdParty:1030 - CMSIS Pack Vendor :STMicroelectronics USB_DEVICE 2.0.0
2025-07-05 11:19:45,985 [INFO] ThirdParty:1030 - CMSIS Pack Vendor :STMicroelectronics X-CUBE-NFC6 3.1.0
2025-07-05 11:19:45,985 [INFO] ThirdParty:1030 - CMSIS Pack Vendor :STMicroelectronics X-CUBE-AI 10.1.0
2025-07-05 11:19:45,985 [INFO] ThirdParty:1030 - CMSIS Pack Vendor :STMicroelectronics FP-SNS-STBOX1 2.0.0
2025-07-05 11:19:45,985 [INFO] ThirdParty:1030 - CMSIS Pack Vendor :STMicroelectronics X-CUBE-MEMS1 11.2.0
2025-07-05 11:19:45,985 [INFO] ThirdParty:1030 - CMSIS Pack Vendor :STMicroelectronics FreeRTOS 0.0.1
2025-07-05 11:19:45,985 [INFO] ThirdParty:1030 - CMSIS Pack Vendor :STMicroelectronics X-CUBE-AZRTOS-G0 1.1.0
2025-07-05 11:19:45,985 [INFO] ThirdParty:1030 - CMSIS Pack Vendor :STMicroelectronics X-CUBE-SAFEA1 1.2.2
2025-07-05 11:19:45,985 [INFO] ThirdParty:1030 - CMSIS Pack Vendor :STMicroelectronics X-CUBE-NFC4 3.0.0
2025-07-05 11:19:45,985 [INFO] ThirdParty:1030 - CMSIS Pack Vendor :STMicroelectronics X-CUBE-DPower 1.2.0
2025-07-05 11:19:45,985 [INFO] ThirdParty:1030 - CMSIS Pack Vendor :STMicroelectronics X-CUBE-SUBG2 5.0.0
2025-07-05 11:19:45,985 [INFO] ThirdParty:1030 - CMSIS Pack Vendor :STMicroelectronics X-CUBE-AZRTOS-H7RS 1.1.0
2025-07-05 11:19:45,985 [INFO] ThirdParty:1030 - CMSIS Pack Vendor :STMicroelectronics STM32_WPAN 1.0.0
2025-07-05 11:19:45,985 [INFO] ThirdParty:1030 - CMSIS Pack Vendor :EmbeddedOffice I-CUBE-FS-RTOS 1.0.1
2025-07-05 11:19:45,985 [INFO] ThirdParty:1030 - CMSIS Pack Vendor :STMicroelectronics lwIP 2.0.3
2025-07-05 11:19:45,985 [INFO] ThirdParty:1030 - CMSIS Pack Vendor :STMicroelectronics FP-SNS-FLIGHT1 5.0.2
2025-07-05 11:19:45,985 [INFO] ThirdParty:1030 - CMSIS Pack Vendor :Cesanta I-CUBE-Mongoose 7.13.0
2025-07-05 11:19:45,985 [INFO] ThirdParty:1030 - CMSIS Pack Vendor :STMicroelectronics USB_HOST 1.0.0
2025-07-05 11:19:45,986 [INFO] ThirdParty:1030 - CMSIS Pack Vendor :Infineon AIROC-Wi-Fi-Bluetooth-STM32 1.7.0
2025-07-05 11:19:45,986 [INFO] ThirdParty:1030 - CMSIS Pack Vendor :STMicroelectronics X-CUBE-AZRTOS-G4 2.0.0
2025-07-05 11:19:45,986 [INFO] ThirdParty:1030 - CMSIS Pack Vendor :STMicroelectronics X-CUBE-WB05N 2.0.0
2025-07-05 11:19:45,986 [INFO] ThirdParty:1030 - CMSIS Pack Vendor :STMicroelectronics PDM2PCM 3.1.0
2025-07-05 11:19:45,986 [INFO] ThirdParty:1030 - CMSIS Pack Vendor :STMicroelectronics PDM2PCM 3.3.0
2025-07-05 11:19:45,986 [INFO] ThirdParty:1030 - CMSIS Pack Vendor :wolfSSL I-CUBE-wolfTPM 3.8.0
2025-07-05 11:19:45,986 [INFO] ThirdParty:1030 - CMSIS Pack Vendor :STMicroelectronics X-CUBE-DISPLAY 3.0.0
2025-07-05 11:19:45,986 [INFO] ThirdParty:1030 - CMSIS Pack Vendor :wolfSSL I-CUBE-wolfSSH 1.4.20
2025-07-05 11:19:45,986 [INFO] ThirdParty:1030 - CMSIS Pack Vendor :STMicroelectronics X-CUBE-NFC7 2.0.0
2025-07-05 11:19:45,986 [INFO] ThirdParty:1030 - CMSIS Pack Vendor :STMicroelectronics X-CUBE-TCPP 4.2.0
2025-07-05 11:19:45,986 [INFO] ThirdParty:1030 - CMSIS Pack Vendor :RealThread X-CUBE-RT-Thread_Nano 4.1.1
2025-07-05 11:19:45,986 [INFO] ThirdParty:1030 - CMSIS Pack Vendor :STMicroelectronics FP-ATR-SIGFOX1 3.2.0
2025-07-05 11:19:45,986 [INFO] ThirdParty:1030 - CMSIS Pack Vendor :STMicroelectronics X-CUBE-NFC10 1.0.0
2025-07-05 11:19:45,986 [INFO] ThirdParty:1030 - CMSIS Pack Vendor :STMicroelectronics X-CUBE-BLEMGR 4.0.0
2025-07-05 11:19:45,986 [INFO] ThirdParty:1030 - CMSIS Pack Vendor :STMicroelectronics X-CUBE-EEPRMA1 5.1.0
2025-07-05 11:19:45,986 [INFO] ThirdParty:1030 - CMSIS Pack Vendor :STMicroelectronics X-CUBE-FREERTOS 1.3.1
2025-07-05 11:19:45,986 [INFO] ThirdParty:1030 - CMSIS Pack Vendor :STMicroelectronics HAL Drivers 0.0.0
2025-07-05 11:19:45,986 [INFO] ThirdParty:1030 - CMSIS Pack Vendor :STMicroelectronics MBEDTLS 2.16.2
2025-07-05 11:19:45,987 [INFO] ThirdParty:1030 - CMSIS Pack Vendor :STMicroelectronics X-CUBE-IPS 3.1.0
2025-07-05 11:19:45,987 [INFO] ThirdParty:1030 - CMSIS Pack Vendor :STMicroelectronics X-CUBE-ALS 1.0.2
2025-07-05 11:19:45,987 [INFO] ThirdParty:1030 - CMSIS Pack Vendor :emotas I-CUBE-CANOPEN 1.3.0
2025-07-05 11:19:45,987 [INFO] ThirdParty:1030 - CMSIS Pack Vendor :STMicroelectronics X-CUBE-FREERTOS 1.3.0
2025-07-05 11:19:45,987 [INFO] ThirdParty:1030 - CMSIS Pack Vendor :STMicroelectronics X-CUBE-NFC7 1.0.1
2025-07-05 11:19:45,987 [INFO] ThirdParty:1030 - CMSIS Pack Vendor :STMicroelectronics MBEDTLS 2.14.1
2025-07-05 11:19:45,987 [INFO] ThirdParty:1030 - CMSIS Pack Vendor :wolfSSL I-CUBE-wolfSSL 5.7.6
2025-07-05 11:19:45,987 [INFO] ThirdParty:1030 - CMSIS Pack Vendor :ITTIA_DB I-CUBE-ITTIADB 8.9.0
2025-07-05 11:19:45,987 [INFO] ThirdParty:1030 - CMSIS Pack Vendor :STMicroelectronics X-CUBE-TOUCHGFX 4.24.2
2025-07-05 11:19:45,987 [INFO] ThirdParty:1030 - CMSIS Pack Vendor :portGmbH I-Cube-SoM-uGOAL 1.1.0
2025-07-05 11:19:45,987 [INFO] ThirdParty:1030 - CMSIS Pack Vendor :quantropi X-CUBE-qispace-sdk-base 2.0.0
2025-07-05 11:19:45,987 [INFO] ThirdParty:1030 - CMSIS Pack Vendor :STMicroelectronics X-CUBE-AI 10.0.0
2025-07-05 11:19:45,987 [INFO] ThirdParty:1030 - CMSIS Pack Vendor :STMicroelectronics X-CUBE-ST67W61 1.0.0
2025-07-05 11:19:45,987 [INFO] ThirdParty:1030 - CMSIS Pack Vendor :STMicroelectronics FP-SNS-STAIOTCFT 1.0.0
2025-07-05 11:19:45,987 [INFO] ThirdParty:1030 - CMSIS Pack Vendor :STMicroelectronics ThreadX 1.0.0
2025-07-05 11:19:45,987 [INFO] ThirdParty:1030 - CMSIS Pack Vendor :STMicroelectronics FP-SNS-SMARTAG2 1.2.0
2025-07-05 11:19:45,987 [INFO] ThirdParty:1030 - CMSIS Pack Vendor :STMicroelectronics FP-SNS-FLIGHT1 5.1.0
2025-07-05 11:19:45,987 [INFO] ThirdParty:1030 - CMSIS Pack Vendor :STMicroelectronics X-CUBE-MEMS1 11.1.0
2025-07-05 11:19:45,987 [INFO] ThirdParty:1030 - CMSIS Pack Vendor :STMicroelectronics X-CUBE-AZRTOS-WL 2.0.0
2025-07-05 11:19:45,987 [INFO] ThirdParty:1030 - CMSIS Pack Vendor :SEGGER I-CUBE-embOS 1.3.1
2025-07-05 11:19:45,987 [INFO] ThirdParty:1030 - CMSIS Pack Vendor :STMicroelectronics X-CUBE-ALGOBUILD 1.4.0
2025-07-05 11:19:45,987 [INFO] ThirdParty:1030 - CMSIS Pack Vendor :STMicroelectronics X-CUBE-DPower 1.3.0
2025-07-05 11:19:45,987 [INFO] ThirdParty:1030 - CMSIS Pack Vendor :STMicroelectronics X-CUBE-MEMS1 11.3.0
2025-07-05 11:19:45,987 [INFO] ThirdParty:1030 - CMSIS Pack Vendor :STMicroelectronics FP-SNS-MOTENV1 5.0.0
2025-07-05 11:19:45,987 [INFO] ThirdParty:1030 - CMSIS Pack Vendor :STMicroelectronics USB_DEVICE 1.0.0
2025-07-05 11:19:45,987 [INFO] ThirdParty:1030 - CMSIS Pack Vendor :STMicroelectronics X-CUBE-AZRTOS-H7RS 1.0.0
2025-07-05 11:19:45,987 [INFO] ThirdParty:1030 - CMSIS Pack Vendor :STMicroelectronics X-CUBE-AZRTOS-L4 2.0.0
2025-07-05 11:19:45,987 [INFO] ThirdParty:1030 - CMSIS Pack Vendor :STMicroelectronics ThreadX 0.0.2
2025-07-05 11:19:45,988 [INFO] ThirdParty:1030 - CMSIS Pack Vendor :WES I-CUBE-Cesium 1.3.0
2025-07-05 11:19:45,988 [INFO] ThirdParty:1030 - CMSIS Pack Vendor :STMicroelectronics lwIP 2.1.2
2025-07-05 11:19:45,988 [INFO] ThirdParty:1030 - CMSIS Pack Vendor :STMicroelectronics X-CUBE-SFXS2LP1 4.0.0
2025-07-05 11:19:45,988 [INFO] ThirdParty:1030 - CMSIS Pack Vendor :STMicroelectronics X-CUBE-BLE2 3.3.0
2025-07-05 11:19:45,988 [INFO] ThirdParty:1030 - CMSIS Pack Vendor :STMicroelectronics X-CUBE-TOF1 3.4.2
2025-07-05 11:19:45,988 [INFO] ThirdParty:1030 - CMSIS Pack Vendor :STMicroelectronics X-CUBE-TOF1 3.4.3
2025-07-05 11:19:45,988 [INFO] ThirdParty:1030 - CMSIS Pack Vendor :STMicroelectronics PDM2PCM 3.2.0
2025-07-05 11:19:45,988 [INFO] ThirdParty:841 - exiting critical section [change project]
2025-07-05 11:19:46,357 [INFO] PinOutPanel:1589 - setPackage(No Configuration,No Configuration)
2025-07-05 11:19:46,357 [INFO] PinOutPanel:1589 - setPackage(STM32H743VITx,LQFP100)
2025-07-05 11:19:47,011 [INFO] UtilMem:75 - Before build in PCC Used Memory: 948439040 Bytes (1073741824)
2025-07-05 11:19:47,333 [INFO] UtilMem:75 - After build in PCC Used Memory: 720190880 Bytes (1073741824)
2025-07-05 11:19:47,356 [INFO] ApiDbMcu:508 - Load IP Config File for USB_DEVICE
2025-07-05 11:19:47,385 [INFO] IPUIPlugin:80 - create IPUIPlugin
2025-07-05 11:19:47,385 [INFO] IPUIPlugin:80 - create IPUIPlugin
2025-07-05 11:19:47,385 [INFO] IPUIPlugin:80 - create IPUIPlugin
2025-07-05 11:19:47,385 [INFO] IPUIPlugin:80 - create IPUIPlugin
2025-07-05 11:19:47,385 [INFO] IPUIPlugin:80 - create IPUIPlugin
2025-07-05 11:19:47,385 [INFO] IPUIPlugin:80 - create IPUIPlugin
2025-07-05 11:19:47,385 [INFO] IPUIPlugin:80 - create IPUIPlugin
2025-07-05 11:19:47,385 [INFO] IPUIPlugin:80 - create IPUIPlugin
2025-07-05 11:19:47,386 [INFO] IPUIPlugin:80 - create IPUIPlugin
2025-07-05 11:19:47,386 [INFO] IPUIPlugin:80 - create IPUIPlugin
2025-07-05 11:19:47,386 [INFO] IPUIPlugin:80 - create IPUIPlugin
2025-07-05 11:19:47,386 [INFO] IPUIPlugin:80 - create IPUIPlugin
2025-07-05 11:19:47,386 [INFO] IPUIPlugin:80 - create IPUIPlugin
2025-07-05 11:19:47,387 [INFO] IPUIPlugin:80 - create IPUIPlugin
2025-07-05 11:19:47,387 [INFO] IPUIPlugin:80 - create IPUIPlugin
2025-07-05 11:19:47,387 [INFO] IPUIPlugin:80 - create IPUIPlugin
2025-07-05 11:19:47,387 [INFO] IPUIPlugin:80 - create IPUIPlugin
2025-07-05 11:19:47,387 [INFO] IPUIPlugin:80 - create IPUIPlugin
2025-07-05 11:19:47,387 [INFO] IPUIPlugin:80 - create IPUIPlugin
2025-07-05 11:19:47,387 [INFO] IPUIPlugin:80 - create IPUIPlugin
2025-07-05 11:19:47,388 [INFO] IPUIPlugin:80 - create IPUIPlugin
2025-07-05 11:19:47,388 [INFO] IPUIPlugin:80 - create IPUIPlugin
2025-07-05 11:19:47,388 [INFO] IPUIPlugin:80 - create IPUIPlugin
2025-07-05 11:19:47,388 [INFO] IPUIPlugin:80 - create IPUIPlugin
2025-07-05 11:19:47,388 [INFO] IPUIPlugin:80 - create IPUIPlugin
2025-07-05 11:19:47,388 [INFO] IPUIPlugin:80 - create IPUIPlugin
2025-07-05 11:19:47,388 [INFO] IPUIPlugin:80 - create IPUIPlugin
2025-07-05 11:19:47,388 [INFO] IPUIPlugin:80 - create IPUIPlugin
2025-07-05 11:19:47,388 [INFO] IPUIPlugin:80 - create IPUIPlugin
2025-07-05 11:19:47,388 [INFO] IPUIPlugin:80 - create IPUIPlugin
2025-07-05 11:19:47,389 [INFO] IPUIPlugin:80 - create IPUIPlugin
2025-07-05 11:19:47,389 [INFO] IPUIPlugin:80 - create IPUIPlugin
2025-07-05 11:19:47,389 [INFO] IPUIPlugin:80 - create IPUIPlugin
2025-07-05 11:19:47,389 [INFO] IPUIPlugin:80 - create IPUIPlugin
2025-07-05 11:19:47,389 [INFO] IPUIPlugin:80 - create IPUIPlugin
2025-07-05 11:19:47,390 [INFO] IPUIPlugin:80 - create IPUIPlugin
2025-07-05 11:19:47,390 [INFO] IPUIPlugin:80 - create IPUIPlugin
2025-07-05 11:19:47,390 [INFO] IPUIPlugin:80 - create IPUIPlugin
2025-07-05 11:19:47,390 [INFO] IPUIPlugin:80 - create IPUIPlugin
2025-07-05 11:19:47,390 [INFO] IPUIPlugin:80 - create IPUIPlugin
2025-07-05 11:19:47,391 [INFO] IPUIPlugin:80 - create IPUIPlugin
2025-07-05 11:19:47,391 [INFO] IPUIPlugin:80 - create IPUIPlugin
2025-07-05 11:19:47,391 [INFO] IPUIPlugin:80 - create IPUIPlugin
2025-07-05 11:19:47,391 [INFO] IPUIPlugin:80 - create IPUIPlugin
2025-07-05 11:19:47,391 [INFO] IPUIPlugin:80 - create IPUIPlugin
2025-07-05 11:19:47,392 [INFO] IPUIPlugin:80 - create IPUIPlugin
2025-07-05 11:19:47,392 [INFO] IPUIPlugin:80 - create IPUIPlugin
2025-07-05 11:19:47,392 [INFO] IPUIPlugin:80 - create IPUIPlugin
2025-07-05 11:19:47,392 [INFO] IPUIPlugin:80 - create IPUIPlugin
2025-07-05 11:19:47,392 [INFO] IPUIPlugin:80 - create IPUIPlugin
2025-07-05 11:19:47,393 [INFO] IPUIPlugin:80 - create IPUIPlugin
2025-07-05 11:19:47,393 [INFO] IPUIPlugin:80 - create IPUIPlugin
2025-07-05 11:19:47,393 [INFO] IPUIPlugin:80 - create IPUIPlugin
2025-07-05 11:19:47,394 [INFO] IPUIPlugin:80 - create IPUIPlugin
2025-07-05 11:19:47,394 [INFO] IPUIPlugin:80 - create IPUIPlugin
2025-07-05 11:19:47,394 [INFO] IPUIPlugin:80 - create IPUIPlugin
2025-07-05 11:19:47,394 [INFO] IPUIPlugin:80 - create IPUIPlugin
2025-07-05 11:19:47,395 [INFO] IPUIPlugin:80 - create IPUIPlugin
2025-07-05 11:19:47,395 [INFO] IPUIPlugin:80 - create IPUIPlugin
2025-07-05 11:19:47,395 [INFO] IPUIPlugin:80 - create IPUIPlugin
2025-07-05 11:19:47,395 [INFO] IPUIPlugin:80 - create IPUIPlugin
2025-07-05 11:19:47,396 [INFO] IPUIPlugin:80 - create IPUIPlugin
2025-07-05 11:19:47,396 [INFO] IPUIPlugin:80 - create IPUIPlugin
2025-07-05 11:19:47,396 [INFO] IPUIPlugin:80 - create IPUIPlugin
2025-07-05 11:19:47,396 [INFO] IPUIPlugin:80 - create IPUIPlugin
2025-07-05 11:19:47,397 [INFO] IPUIPlugin:80 - create IPUIPlugin
2025-07-05 11:19:47,397 [INFO] IPUIPlugin:80 - create IPUIPlugin
2025-07-05 11:19:47,397 [INFO] IPUIPlugin:80 - create IPUIPlugin
2025-07-05 11:19:47,397 [INFO] IPUIPlugin:80 - create IPUIPlugin
2025-07-05 11:19:47,398 [INFO] IPUIPlugin:80 - create IPUIPlugin
2025-07-05 11:19:47,398 [INFO] IPUIPlugin:80 - create IPUIPlugin
2025-07-05 11:19:47,398 [INFO] IPUIPlugin:80 - create IPUIPlugin
2025-07-05 11:19:47,398 [INFO] IPUIPlugin:80 - create IPUIPlugin
2025-07-05 11:19:47,399 [INFO] IPUIPlugin:80 - create IPUIPlugin
2025-07-05 11:19:47,399 [INFO] IPUIPlugin:80 - create IPUIPlugin
2025-07-05 11:19:47,399 [INFO] IPUIPlugin:80 - create IPUIPlugin
2025-07-05 11:19:47,400 [INFO] IPUIPlugin:80 - create IPUIPlugin
2025-07-05 11:19:47,400 [INFO] IPUIPlugin:80 - create IPUIPlugin
2025-07-05 11:19:47,400 [INFO] IPUIPlugin:80 - create IPUIPlugin
2025-07-05 11:19:47,400 [INFO] IPUIPlugin:80 - create IPUIPlugin
2025-07-05 11:19:47,401 [INFO] IPUIPlugin:80 - create IPUIPlugin
2025-07-05 11:19:47,401 [INFO] IPUIPlugin:80 - create IPUIPlugin
2025-07-05 11:19:47,401 [INFO] IPUIPlugin:80 - create IPUIPlugin
2025-07-05 11:19:47,402 [INFO] IPUIPlugin:80 - create IPUIPlugin
2025-07-05 11:19:47,402 [INFO] IPUIPlugin:80 - create IPUIPlugin
2025-07-05 11:19:47,402 [INFO] IPUIPlugin:80 - create IPUIPlugin
2025-07-05 11:19:47,403 [INFO] IPUIPlugin:80 - create IPUIPlugin
2025-07-05 11:19:47,403 [INFO] IPUIPlugin:80 - create IPUIPlugin
2025-07-05 11:19:47,403 [INFO] IPUIPlugin:80 - create IPUIPlugin
2025-07-05 11:19:47,404 [INFO] IPUIPlugin:80 - create IPUIPlugin
2025-07-05 11:19:47,404 [INFO] IPUIPlugin:80 - create IPUIPlugin
2025-07-05 11:19:47,405 [INFO] IPUIPlugin:80 - create IPUIPlugin
2025-07-05 11:19:47,405 [INFO] IPUIPlugin:80 - create IPUIPlugin
2025-07-05 11:19:47,405 [INFO] IPUIPlugin:80 - create IPUIPlugin
2025-07-05 11:19:47,406 [INFO] IPUIPlugin:80 - create IPUIPlugin
2025-07-05 11:19:47,406 [INFO] IPUIPlugin:80 - create IPUIPlugin
2025-07-05 11:19:47,407 [INFO] IPUIPlugin:80 - create IPUIPlugin
2025-07-05 11:19:47,409 [INFO] ApiDbMcu:508 - Load IP Config File for PDM2PCM
2025-07-05 11:19:47,475 [INFO] CADModel:165 - CPN selected for project levelSTM32H743VIT6
2025-07-05 11:19:47,475 [INFO] CADModel:114 - Register for checkConnection events
2025-07-05 11:19:47,540 [INFO] OpenFileManager:385 - Restore cursor
2025-07-05 11:19:47,755 [WARN] IP:2250 - DEVICE_SERIAL0_MSC_FS not found: check if there is a RefParameter without a condition.
2025-07-05 11:19:47,755 [WARN] IP:2250 - DEVICE_SERIAL1_MSC_FS not found: check if there is a RefParameter without a condition.
2025-07-05 11:19:47,756 [WARN] IP:2250 - DEVICE_SERIAL2_MSC_FS not found: check if there is a RefParameter without a condition.
2025-07-05 11:19:47,756 [WARN] IP:2250 - DEVICE_SERIAL0_MSC_FS not found: check if there is a RefParameter without a condition.
2025-07-05 11:19:47,756 [WARN] IP:2250 - DEVICE_SERIAL1_MSC_FS not found: check if there is a RefParameter without a condition.
2025-07-05 11:19:47,756 [WARN] IP:2250 - DEVICE_SERIAL2_MSC_FS not found: check if there is a RefParameter without a condition.
2025-07-05 11:20:25,172 [INFO] NvicIntPanel:101 - NVIC parent = com.st.microxplorer.plugins.ip.nvic.MultiNvicIntPanel[,0,0,461x198,layout=javax.swing.BoxLayout,alignmentX=0.0,alignmentY=0.0,border=,flags=9,maximumSize=,minimumSize=,preferredSize=]
2025-07-05 11:21:00,739 [INFO] MainUpdater:2872 - connection check result : 10
2025-07-05 11:21:00,739 [INFO] MainUpdater:2872 - connection check result : 10
2025-07-05 11:21:00,810 [INFO] MicroXplorer:468 - Change Database Path : 
2025-07-05 11:21:00,810 [INFO] MicroXplorer:498 - Change Database Version : DB.6.0.140
2025-07-05 11:21:00,819 [ERROR] ProjectManagerView:394 - 
java.lang.NullPointerException: Cannot invoke "javax.swing.JTextField.getText()" because the return value of "java.util.List.get(int)" is null
	at com.st.microxplorer.plugins.projectmanager.gui.ProjectChoiceTab$9.caretUpdate(ProjectChoiceTab.java:2678) ~[filemanager.jar:?]
	at javax.swing.text.JTextComponent.fireCaretUpdate(JTextComponent.java:408) ~[?:?]
	at javax.swing.text.JTextComponent$MutableCaretEvent.fire(JTextComponent.java:4484) ~[?:?]
	at javax.swing.text.JTextComponent$MutableCaretEvent.stateChanged(JTextComponent.java:4506) ~[?:?]
	at javax.swing.text.DefaultCaret.fireStateChanged(DefaultCaret.java:857) ~[?:?]
	at javax.swing.text.DefaultCaret.changeCaretPosition(DefaultCaret.java:1343) ~[?:?]
	at javax.swing.text.DefaultCaret.handleSetDot(DefaultCaret.java:1242) ~[?:?]
	at javax.swing.text.DefaultCaret.setDot(DefaultCaret.java:1223) ~[?:?]
	at javax.swing.text.DefaultCaret$Handler.insertUpdate(DefaultCaret.java:1819) ~[?:?]
	at javax.swing.text.AbstractDocument.fireInsertUpdate(AbstractDocument.java:227) ~[?:?]
	at javax.swing.text.AbstractDocument.handleInsertString(AbstractDocument.java:781) ~[?:?]
	at javax.swing.text.AbstractDocument.insertString(AbstractDocument.java:740) ~[?:?]
	at javax.swing.text.PlainDocument.insertString(PlainDocument.java:131) ~[?:?]
	at javax.swing.text.AbstractDocument.replace(AbstractDocument.java:699) ~[?:?]
	at javax.swing.text.JTextComponent.setText(JTextComponent.java:1725) ~[?:?]
	at com.st.microxplorer.plugins.projectmanager.gui.ProjectChoiceTab.createHeapStackFields(ProjectChoiceTab.java:979) ~[filemanager.jar:?]
	at com.st.microxplorer.plugins.projectmanager.gui.ProjectChoiceTab.buildLinkSettingsPanel(ProjectChoiceTab.java:3766) ~[filemanager.jar:?]
	at com.st.microxplorer.plugins.projectmanager.gui.ProjectChoiceTab.defineWindowsFields(ProjectChoiceTab.java:1962) ~[filemanager.jar:?]
	at com.st.microxplorer.plugins.projectmanager.gui.ProjectChoiceTab.updateSettings(ProjectChoiceTab.java:555) ~[filemanager.jar:?]
	at com.st.microxplorer.plugins.projectmanager.gui.ProjectSettingsPanel.UpdateDialog(ProjectSettingsPanel.java:245) ~[filemanager.jar:?]
	at com.st.microxplorer.plugins.projectmanager.ProjectManagerView.propertyChange(ProjectManagerView.java:391) ~[filemanager.jar:?]
	at java.beans.PropertyChangeSupport.fire(PropertyChangeSupport.java:343) ~[?:?]
	at java.beans.PropertyChangeSupport.firePropertyChange(PropertyChangeSupport.java:335) ~[?:?]
	at java.beans.PropertyChangeSupport.firePropertyChange(PropertyChangeSupport.java:268) ~[?:?]
	at com.st.microxplorer.util.MXPropertyChangeSupport.firePropertyChange(MXPropertyChangeSupport.java:54) ~[STM32CubeMX.jar:?]
	at com.st.microxplorer.mxsystem.MxSystem.closeConfig(MxSystem.java:899) ~[STM32CubeMX.jar:?]
	at com.st.microxplorer.maingui.MainPanel.closeConfig(MainPanel.java:789) ~[STM32CubeMX.jar:?]
	at com.st.microxplorer.plugins.filemanager.engine.OpenFileManager.loadConfigurationFile(OpenFileManager.java:287) ~[filemanager.jar:?]
	at com.st.microxplorer.plugins.filemanager.engine.MainFileManager.userLoadConfig(MainFileManager.java:341) ~[filemanager.jar:?]
	at com.st.microxplorer.plugins.filemanager.engine.MainFileManager.userLoadConfig(MainFileManager.java:319) ~[filemanager.jar:?]
	at com.st.microxplorer.plugins.filemanager.FileManagerView.getSpecificTask(FileManagerView.java:246) ~[filemanager.jar:?]
	at com.st.stm32cube.common.mx.editor.CubeMxEditor.getMxTabbedPaneInstance(CubeMxEditor.java:1198) ~[com.st.stm32cube.common.mx_6.14.0.202502271554/:?]
	at com.st.stm32cube.common.mx.editor.CubeMxEditor$12$1.createSwingComponent(CubeMxEditor.java:1068) ~[com.st.stm32cube.common.mx_6.14.0.202502271554/:?]
	at com.st.stm32cube.common.mx.oss.core.awtswtbridge.EmbeddedSwingComposite.doComponentCreation(EmbeddedSwingComposite.java:492) ~[com.st.stm32cube.common.mx.oss_6.14.0.202502271554/:?]
	at com.st.stm32cube.common.mx.oss.core.awtswtbridge.EmbeddedSwingComposite$4.run(EmbeddedSwingComposite.java:291) ~[com.st.stm32cube.common.mx.oss_6.14.0.202502271554/:?]
	at com.st.stm32cube.common.mx.oss.core.awtswtbridge.AwtEnvironment$2.run(AwtEnvironment.java:166) ~[com.st.stm32cube.common.mx.oss_6.14.0.202502271554/:?]
	at java.awt.event.InvocationEvent.dispatch(InvocationEvent.java:318) ~[?:?]
	at java.awt.EventQueue.dispatchEventImpl(EventQueue.java:773) ~[?:?]
	at java.awt.EventQueue$4.run(EventQueue.java:720) ~[?:?]
	at java.awt.EventQueue$4.run(EventQueue.java:714) ~[?:?]
	at java.security.AccessController.doPrivileged(AccessController.java:400) ~[?:?]
	at java.security.ProtectionDomain$JavaSecurityAccessImpl.doIntersectionPrivilege(ProtectionDomain.java:87) ~[?:?]
	at java.awt.EventQueue.dispatchEvent(EventQueue.java:742) ~[?:?]
	at java.awt.EventDispatchThread.pumpOneEventForFilters(EventDispatchThread.java:203) ~[?:?]
	at java.awt.EventDispatchThread.pumpEventsForFilter(EventDispatchThread.java:124) ~[?:?]
	at java.awt.EventDispatchThread.pumpEventsForHierarchy(EventDispatchThread.java:113) ~[?:?]
	at java.awt.EventDispatchThread.pumpEvents(EventDispatchThread.java:109) ~[?:?]
	at java.awt.EventDispatchThread.pumpEvents(EventDispatchThread.java:101) ~[?:?]
	at java.awt.EventDispatchThread.run(EventDispatchThread.java:90) ~[?:?]
2025-07-05 11:21:00,820 [WARN] ThirdParty:871 - waiting for thirdparty lock release [close project]
2025-07-05 11:21:00,820 [INFO] ThirdParty:873 - entering critical section [close project]
2025-07-05 11:21:00,820 [INFO] ThirdParty:883 - exiting critical section [close project]
2025-07-05 11:21:00,823 [INFO] PinOutPanel:1589 - setPackage(No Configuration,No Configuration)
2025-07-05 11:21:00,827 [WARN] IpParametersView:155 - Warning: This peripheral hasn't parameters
2025-07-05 11:21:00,832 [WARN] MainPanel:289 - <html><b><center>Warning: This peripheral has no parameters to be configured<br></b></html>
2025-07-05 11:21:00,835 [INFO] UtilMem:75 - Begin LoadConfig() Used Memory: 939249088 Bytes (1073741824)
2025-07-05 11:21:00,836 [INFO] MicroXplorer:468 - Change Database Path : 
2025-07-05 11:21:00,836 [INFO] MicroXplorer:498 - Change Database Version : DB.6.0.140
2025-07-05 11:21:00,836 [INFO] OpenFileManager:354 - Change cursor
2025-07-05 11:21:00,845 [INFO] Mcu:2011 - Initializing MCU STM32H743VITx STM32H743VITx STM32H743VIT6
2025-07-05 11:21:03,679 [INFO] Context:756 - Trying to add GPIOservice into a context  which must be forbidden
2025-07-05 11:21:04,996 [INFO] ImportTextPane:218 - (OptionalMessage_ERROR) Pin45 (VP_RIF_VS_RIF1) cannot be retrieved for this MCU
2025-07-05 11:21:05,144 [INFO] RtosManager:558 - Registered RTOS mode: class=CMSIS, group=RTOS, mode=CMSIS_V1, owner=FREERTOS
2025-07-05 11:21:05,144 [INFO] RtosManager:558 - Registered RTOS mode: class=CMSIS, group=RTOS2, mode=CMSIS_V2, owner=FREERTOS
2025-07-05 11:21:05,144 [INFO] RtosManager:558 - Registered RTOS mode: class=RTOS, group=Core, mode=CMSIS_V1, owner=FREERTOS
2025-07-05 11:21:05,144 [INFO] RtosManager:558 - Registered RTOS mode: class=RTOS, group=Core, mode=CMSIS_V2, owner=FREERTOS
2025-07-05 11:21:05,144 [WARN] ModelIntegratedComponent:184 - Missing modes for component STMicroelectronics:FreeRTOS:0.0.1:STMicroelectronics:RTOS:FreeRTOS:Core:::10.2.0:
2025-07-05 11:21:05,151 [WARN] ModelIntegratedComponent:63 - No mode defined for component null
2025-07-05 11:21:05,151 [WARN] ModelIntegratedComponent:63 - No mode defined for component null
2025-07-05 11:21:05,152 [WARN] ModelIntegratedComponent:63 - No mode defined for component null
2025-07-05 11:21:05,152 [WARN] ModelIntegratedComponent:63 - No mode defined for component null
2025-07-05 11:21:05,152 [WARN] ModelIntegratedComponent:63 - No mode defined for component null
2025-07-05 11:21:05,152 [WARN] ModelIntegratedComponent:63 - No mode defined for component null
2025-07-05 11:21:05,152 [WARN] ModelIntegratedComponent:63 - No mode defined for component null
2025-07-05 11:21:05,152 [WARN] ModelIntegratedComponent:63 - No mode defined for component null
2025-07-05 11:21:05,152 [WARN] ModelIntegratedComponent:63 - No mode defined for component null
2025-07-05 11:21:05,152 [WARN] ModelIntegratedComponent:63 - No mode defined for component null
2025-07-05 11:21:05,152 [WARN] ModelIntegratedComponent:63 - No mode defined for component null
2025-07-05 11:21:05,152 [WARN] ModelIntegratedComponent:63 - No mode defined for component null
2025-07-05 11:21:05,152 [WARN] ModelIntegratedComponent:63 - No mode defined for component null
2025-07-05 11:21:05,152 [WARN] ModelIntegratedComponent:63 - No mode defined for component null
2025-07-05 11:21:05,152 [WARN] ModelIntegratedComponent:63 - No mode defined for component null
2025-07-05 11:21:05,152 [WARN] ModelIntegratedComponent:63 - No mode defined for component null
2025-07-05 11:21:05,152 [WARN] ModelIntegratedComponent:63 - No mode defined for component null
2025-07-05 11:21:05,152 [WARN] ModelIntegratedComponent:63 - No mode defined for component null
2025-07-05 11:21:05,152 [WARN] ModelIntegratedComponent:63 - No mode defined for component null
2025-07-05 11:21:05,152 [WARN] ModelIntegratedComponent:63 - No mode defined for component null
2025-07-05 11:21:05,152 [WARN] ModelIntegratedComponent:63 - No mode defined for component null
2025-07-05 11:21:05,152 [WARN] ModelIntegratedComponent:63 - No mode defined for component null
2025-07-05 11:21:05,152 [WARN] ModelIntegratedComponent:63 - No mode defined for component null
2025-07-05 11:21:05,152 [WARN] ModelIntegratedComponent:63 - No mode defined for component null
2025-07-05 11:21:05,152 [WARN] ModelIntegratedComponent:63 - No mode defined for component null
2025-07-05 11:21:05,152 [WARN] ModelIntegratedComponent:63 - No mode defined for component null
2025-07-05 11:21:05,152 [WARN] ModelIntegratedComponent:63 - No mode defined for component null
2025-07-05 11:21:05,152 [WARN] ModelIntegratedComponent:63 - No mode defined for component null
2025-07-05 11:21:05,152 [WARN] ModelIntegratedComponent:63 - No mode defined for component null
2025-07-05 11:21:05,152 [WARN] ModelIntegratedComponent:63 - No mode defined for component null
2025-07-05 11:21:05,152 [WARN] ModelIntegratedComponent:63 - No mode defined for component null
2025-07-05 11:21:05,152 [WARN] ModelIntegratedComponent:63 - No mode defined for component null
2025-07-05 11:21:05,153 [WARN] ModelIntegratedComponent:63 - No mode defined for component null
2025-07-05 11:21:05,153 [WARN] ModelIntegratedComponent:63 - No mode defined for component null
2025-07-05 11:21:05,153 [WARN] ModelIntegratedComponent:63 - No mode defined for component null
2025-07-05 11:21:05,153 [WARN] ModelPack:524 - Component already loaded: STMicroelectronics:HAL Drivers:0.0.0:STMicroelectronics:Device:STMicro_Driver:XSPI:HAL::0.0.1:HAL_XSPI
2025-07-05 11:21:05,297 [INFO] ThirdPartyModel:298 - Start build external matchings
2025-07-05 11:21:06,317 [INFO] ThirdPartyModel:316 - End build external matchings
2025-07-05 11:21:06,348 [INFO] RtosManager:967 - Current active RTOS is FREERTOS [Cortex-M7NS]
2025-07-05 11:21:06,353 [INFO] ImportTextPane:218 - (OptionalMessage_ERROR) IP (DMA) : Parameter (Instance) has Id (TIM3_CH1) currently not set
2025-07-05 11:21:06,353 [INFO] ImportTextPane:218 - (OptionalMessage_ERROR) IP (DMA) : Parameter (Request) has Id (TIM3_CH1) currently not set
2025-07-05 11:21:06,353 [INFO] ImportTextPane:218 - (OptionalMessage_ERROR) IP (DMA) : Parameter (Direction) has Id (TIM3_CH1) currently not set
2025-07-05 11:21:06,353 [INFO] ImportTextPane:218 - (OptionalMessage_ERROR) IP (DMA) : Parameter (PeriphInc) has Id (TIM3_CH1) currently not set
2025-07-05 11:21:06,353 [INFO] ImportTextPane:218 - (OptionalMessage_ERROR) IP (DMA) : Parameter (MemInc) has Id (TIM3_CH1) currently not set
2025-07-05 11:21:06,353 [INFO] ImportTextPane:218 - (OptionalMessage_ERROR) IP (DMA) : Parameter (PeriphDataAlignment) has Id (TIM3_CH1) currently not set
2025-07-05 11:21:06,354 [INFO] ImportTextPane:218 - (OptionalMessage_ERROR) IP (DMA) : Parameter (MemDataAlignment) has Id (TIM3_CH1) currently not set
2025-07-05 11:21:06,354 [INFO] ImportTextPane:218 - (OptionalMessage_ERROR) IP (DMA) : Parameter (Mode) has Id (TIM3_CH1) currently not set
2025-07-05 11:21:06,354 [INFO] ImportTextPane:218 - (OptionalMessage_ERROR) IP (DMA) : Parameter (Priority) has Id (TIM3_CH1) currently not set
2025-07-05 11:21:06,354 [INFO] ImportTextPane:218 - (OptionalMessage_ERROR) IP (DMA) : Parameter (FIFOMode) has Id (TIM3_CH1) currently not set
2025-07-05 11:21:06,354 [INFO] ImportTextPane:218 - (OptionalMessage_ERROR) IP (DMA) : Parameter (SignalID) has Id (TIM3_CH1) currently not set
2025-07-05 11:21:06,354 [INFO] ImportTextPane:218 - (OptionalMessage_ERROR) IP (DMA) : Parameter (Polarity) has Id (TIM3_CH1) currently not set
2025-07-05 11:21:06,354 [INFO] ImportTextPane:218 - (OptionalMessage_ERROR) IP (DMA) : Parameter (RequestNumber) has Id (TIM3_CH1) currently not set
2025-07-05 11:21:06,354 [INFO] ImportTextPane:218 - (OptionalMessage_ERROR) IP (DMA) : Parameter (SyncSignalID) has Id (TIM3_CH1) currently not set
2025-07-05 11:21:06,354 [INFO] ImportTextPane:218 - (OptionalMessage_ERROR) IP (DMA) : Parameter (SyncPolarity) has Id (TIM3_CH1) currently not set
2025-07-05 11:21:06,354 [INFO] ImportTextPane:218 - (OptionalMessage_ERROR) IP (DMA) : Parameter (SyncEnable) has Id (TIM3_CH1) currently not set
2025-07-05 11:21:06,354 [INFO] ImportTextPane:218 - (OptionalMessage_ERROR) IP (DMA) : Parameter (EventEnable) has Id (TIM3_CH1) currently not set
2025-07-05 11:21:06,354 [INFO] ImportTextPane:218 - (OptionalMessage_ERROR) IP (DMA) : Parameter (SyncRequestNumber) has Id (TIM3_CH1) currently not set
2025-07-05 11:21:06,354 [INFO] ImportTextPane:218 - (OptionalMessage_ERROR) IP (DMA) : Parameter (Instance) has Id (TIM3_CH2) currently not set
2025-07-05 11:21:06,354 [INFO] ImportTextPane:218 - (OptionalMessage_ERROR) IP (DMA) : Parameter (Request) has Id (TIM3_CH2) currently not set
2025-07-05 11:21:06,354 [INFO] ImportTextPane:218 - (OptionalMessage_ERROR) IP (DMA) : Parameter (Direction) has Id (TIM3_CH2) currently not set
2025-07-05 11:21:06,354 [INFO] ImportTextPane:218 - (OptionalMessage_ERROR) IP (DMA) : Parameter (PeriphInc) has Id (TIM3_CH2) currently not set
2025-07-05 11:21:06,354 [INFO] ImportTextPane:218 - (OptionalMessage_ERROR) IP (DMA) : Parameter (MemInc) has Id (TIM3_CH2) currently not set
2025-07-05 11:21:06,354 [INFO] ImportTextPane:218 - (OptionalMessage_ERROR) IP (DMA) : Parameter (PeriphDataAlignment) has Id (TIM3_CH2) currently not set
2025-07-05 11:21:06,354 [INFO] ImportTextPane:218 - (OptionalMessage_ERROR) IP (DMA) : Parameter (MemDataAlignment) has Id (TIM3_CH2) currently not set
2025-07-05 11:21:06,354 [INFO] ImportTextPane:218 - (OptionalMessage_ERROR) IP (DMA) : Parameter (Mode) has Id (TIM3_CH2) currently not set
2025-07-05 11:21:06,354 [INFO] ImportTextPane:218 - (OptionalMessage_ERROR) IP (DMA) : Parameter (Priority) has Id (TIM3_CH2) currently not set
2025-07-05 11:21:06,354 [INFO] ImportTextPane:218 - (OptionalMessage_ERROR) IP (DMA) : Parameter (FIFOMode) has Id (TIM3_CH2) currently not set
2025-07-05 11:21:06,354 [INFO] ImportTextPane:218 - (OptionalMessage_ERROR) IP (DMA) : Parameter (SignalID) has Id (TIM3_CH2) currently not set
2025-07-05 11:21:06,354 [INFO] ImportTextPane:218 - (OptionalMessage_ERROR) IP (DMA) : Parameter (Polarity) has Id (TIM3_CH2) currently not set
2025-07-05 11:21:06,355 [INFO] ImportTextPane:218 - (OptionalMessage_ERROR) IP (DMA) : Parameter (RequestNumber) has Id (TIM3_CH2) currently not set
2025-07-05 11:21:06,355 [INFO] ImportTextPane:218 - (OptionalMessage_ERROR) IP (DMA) : Parameter (SyncSignalID) has Id (TIM3_CH2) currently not set
2025-07-05 11:21:06,355 [INFO] ImportTextPane:218 - (OptionalMessage_ERROR) IP (DMA) : Parameter (SyncPolarity) has Id (TIM3_CH2) currently not set
2025-07-05 11:21:06,355 [INFO] ImportTextPane:218 - (OptionalMessage_ERROR) IP (DMA) : Parameter (SyncEnable) has Id (TIM3_CH2) currently not set
2025-07-05 11:21:06,355 [INFO] ImportTextPane:218 - (OptionalMessage_ERROR) IP (DMA) : Parameter (EventEnable) has Id (TIM3_CH2) currently not set
2025-07-05 11:21:06,355 [INFO] ImportTextPane:218 - (OptionalMessage_ERROR) IP (DMA) : Parameter (SyncRequestNumber) has Id (TIM3_CH2) currently not set
2025-07-05 11:21:06,355 [INFO] ImportTextPane:218 - (OptionalMessage_ERROR) IP (DMA) : Parameter (Instance) has Id (TIM16_UP) currently not set
2025-07-05 11:21:06,355 [INFO] ImportTextPane:218 - (OptionalMessage_ERROR) IP (DMA) : Parameter (Request) has Id (TIM16_UP) currently not set
2025-07-05 11:21:06,355 [INFO] ImportTextPane:218 - (OptionalMessage_ERROR) IP (DMA) : Parameter (Direction) has Id (TIM16_UP) currently not set
2025-07-05 11:21:06,355 [INFO] ImportTextPane:218 - (OptionalMessage_ERROR) IP (DMA) : Parameter (PeriphInc) has Id (TIM16_UP) currently not set
2025-07-05 11:21:06,355 [INFO] ImportTextPane:218 - (OptionalMessage_ERROR) IP (DMA) : Parameter (MemInc) has Id (TIM16_UP) currently not set
2025-07-05 11:21:06,355 [INFO] ImportTextPane:218 - (OptionalMessage_ERROR) IP (DMA) : Parameter (PeriphDataAlignment) has Id (TIM16_UP) currently not set
2025-07-05 11:21:06,355 [INFO] ImportTextPane:218 - (OptionalMessage_ERROR) IP (DMA) : Parameter (MemDataAlignment) has Id (TIM16_UP) currently not set
2025-07-05 11:21:06,355 [INFO] ImportTextPane:218 - (OptionalMessage_ERROR) IP (DMA) : Parameter (Mode) has Id (TIM16_UP) currently not set
2025-07-05 11:21:06,355 [INFO] ImportTextPane:218 - (OptionalMessage_ERROR) IP (DMA) : Parameter (Priority) has Id (TIM16_UP) currently not set
2025-07-05 11:21:06,355 [INFO] ImportTextPane:218 - (OptionalMessage_ERROR) IP (DMA) : Parameter (FIFOMode) has Id (TIM16_UP) currently not set
2025-07-05 11:21:06,355 [INFO] ImportTextPane:218 - (OptionalMessage_ERROR) IP (DMA) : Parameter (SignalID) has Id (TIM16_UP) currently not set
2025-07-05 11:21:06,355 [INFO] ImportTextPane:218 - (OptionalMessage_ERROR) IP (DMA) : Parameter (Polarity) has Id (TIM16_UP) currently not set
2025-07-05 11:21:06,355 [INFO] ImportTextPane:218 - (OptionalMessage_ERROR) IP (DMA) : Parameter (RequestNumber) has Id (TIM16_UP) currently not set
2025-07-05 11:21:06,355 [INFO] ImportTextPane:218 - (OptionalMessage_ERROR) IP (DMA) : Parameter (SyncSignalID) has Id (TIM16_UP) currently not set
2025-07-05 11:21:06,355 [INFO] ImportTextPane:218 - (OptionalMessage_ERROR) IP (DMA) : Parameter (SyncPolarity) has Id (TIM16_UP) currently not set
2025-07-05 11:21:06,355 [INFO] ImportTextPane:218 - (OptionalMessage_ERROR) IP (DMA) : Parameter (SyncEnable) has Id (TIM16_UP) currently not set
2025-07-05 11:21:06,355 [INFO] ImportTextPane:218 - (OptionalMessage_ERROR) IP (DMA) : Parameter (EventEnable) has Id (TIM16_UP) currently not set
2025-07-05 11:21:06,355 [INFO] ImportTextPane:218 - (OptionalMessage_ERROR) IP (DMA) : Parameter (SyncRequestNumber) has Id (TIM16_UP) currently not set
2025-07-05 11:21:06,355 [INFO] ImportTextPane:218 - (OptionalMessage_ERROR) IP (DMA) : Parameter (Instance) has Id (TIM15_UP) currently not set
2025-07-05 11:21:06,355 [INFO] ImportTextPane:218 - (OptionalMessage_ERROR) IP (DMA) : Parameter (Request) has Id (TIM15_UP) currently not set
2025-07-05 11:21:06,356 [INFO] ImportTextPane:218 - (OptionalMessage_ERROR) IP (DMA) : Parameter (Direction) has Id (TIM15_UP) currently not set
2025-07-05 11:21:06,356 [INFO] ImportTextPane:218 - (OptionalMessage_ERROR) IP (DMA) : Parameter (PeriphInc) has Id (TIM15_UP) currently not set
2025-07-05 11:21:06,356 [INFO] ImportTextPane:218 - (OptionalMessage_ERROR) IP (DMA) : Parameter (MemInc) has Id (TIM15_UP) currently not set
2025-07-05 11:21:06,356 [INFO] ImportTextPane:218 - (OptionalMessage_ERROR) IP (DMA) : Parameter (PeriphDataAlignment) has Id (TIM15_UP) currently not set
2025-07-05 11:21:06,356 [INFO] ImportTextPane:218 - (OptionalMessage_ERROR) IP (DMA) : Parameter (MemDataAlignment) has Id (TIM15_UP) currently not set
2025-07-05 11:21:06,356 [INFO] ImportTextPane:218 - (OptionalMessage_ERROR) IP (DMA) : Parameter (Mode) has Id (TIM15_UP) currently not set
2025-07-05 11:21:06,356 [INFO] ImportTextPane:218 - (OptionalMessage_ERROR) IP (DMA) : Parameter (Priority) has Id (TIM15_UP) currently not set
2025-07-05 11:21:06,356 [INFO] ImportTextPane:218 - (OptionalMessage_ERROR) IP (DMA) : Parameter (FIFOMode) has Id (TIM15_UP) currently not set
2025-07-05 11:21:06,356 [INFO] ImportTextPane:218 - (OptionalMessage_ERROR) IP (DMA) : Parameter (SignalID) has Id (TIM15_UP) currently not set
2025-07-05 11:21:06,356 [INFO] ImportTextPane:218 - (OptionalMessage_ERROR) IP (DMA) : Parameter (Polarity) has Id (TIM15_UP) currently not set
2025-07-05 11:21:06,356 [INFO] ImportTextPane:218 - (OptionalMessage_ERROR) IP (DMA) : Parameter (RequestNumber) has Id (TIM15_UP) currently not set
2025-07-05 11:21:06,356 [INFO] ImportTextPane:218 - (OptionalMessage_ERROR) IP (DMA) : Parameter (SyncSignalID) has Id (TIM15_UP) currently not set
2025-07-05 11:21:06,356 [INFO] ImportTextPane:218 - (OptionalMessage_ERROR) IP (DMA) : Parameter (SyncPolarity) has Id (TIM15_UP) currently not set
2025-07-05 11:21:06,356 [INFO] ImportTextPane:218 - (OptionalMessage_ERROR) IP (DMA) : Parameter (SyncEnable) has Id (TIM15_UP) currently not set
2025-07-05 11:21:06,356 [INFO] ImportTextPane:218 - (OptionalMessage_ERROR) IP (DMA) : Parameter (EventEnable) has Id (TIM15_UP) currently not set
2025-07-05 11:21:06,356 [INFO] ImportTextPane:218 - (OptionalMessage_ERROR) IP (DMA) : Parameter (SyncRequestNumber) has Id (TIM15_UP) currently not set
2025-07-05 11:21:06,360 [INFO] ImportTextPane:218 - (OptionalMessage_ERROR) IP (RCC) : Parameter (DFSDMACLkFreq_Value) has invalid value (480000000)
2025-07-05 11:21:06,365 [INFO] ImportTextPane:218 - (OptionalMessage_ERROR) IP (RCC) : Parameter (FDCANFreq_Value) has invalid value (480000000)
2025-07-05 11:21:06,365 [INFO] ImportTextPane:218 - (OptionalMessage_ERROR) IP (RCC) : Invalid parameter (FamilyName)
2025-07-05 11:21:06,365 [INFO] ImportTextPane:218 - (OptionalMessage_ERROR) IP (RCC) : Parameter (SAI1Freq_Value) has invalid value (480000000)
2025-07-05 11:21:06,365 [INFO] ImportTextPane:218 - (OptionalMessage_ERROR) IP (RCC) : Parameter (SAI23Freq_Value) has invalid value (480000000)
2025-07-05 11:21:06,365 [INFO] ImportTextPane:218 - (OptionalMessage_ERROR) IP (RCC) : Parameter (SAI4AFreq_Value) has invalid value (480000000)
2025-07-05 11:21:06,365 [INFO] ImportTextPane:218 - (OptionalMessage_ERROR) IP (RCC) : Parameter (SAI4BFreq_Value) has invalid value (480000000)
2025-07-05 11:21:06,365 [INFO] ImportTextPane:218 - (OptionalMessage_ERROR) IP (RCC) : Parameter (SPDIFRXFreq_Value) has invalid value (480000000)
2025-07-05 11:21:06,366 [INFO] ImportTextPane:218 - (OptionalMessage_ERROR) IP (RCC) : Parameter (SPI123Freq_Value) has invalid value (480000000)
2025-07-05 11:21:06,366 [INFO] ImportTextPane:218 - (OptionalMessage_ERROR) IP (RCC) : Parameter (USBFreq_Value) has invalid value (480000000)
2025-07-05 11:21:06,862 [INFO] UtilMem:75 - End LoadConfig() Used Memory: 771764456 Bytes (1073741824)
2025-07-05 11:21:06,878 [WARN] ThirdParty:833 - waiting for thirdparty lock release [change project]
2025-07-05 11:21:06,878 [INFO] ThirdParty:835 - entering critical section [change project]
2025-07-05 11:21:06,879 [INFO] ThirdParty:1030 - CMSIS Pack Vendor :STMicroelectronics X-CUBE-PM33A1 1.0.0
2025-07-05 11:21:06,879 [INFO] ThirdParty:1030 - CMSIS Pack Vendor :STMicroelectronics USBPD 4.1
2025-07-05 11:21:06,879 [INFO] ThirdParty:1030 - CMSIS Pack Vendor :STMicroelectronics X-CUBE-AZRTOS-H7 3.3.0
2025-07-05 11:21:06,879 [INFO] ThirdParty:1030 - CMSIS Pack Vendor :STMicroelectronics X-CUBE-NFC9 1.0.0
2025-07-05 11:21:06,879 [INFO] ThirdParty:1030 - CMSIS Pack Vendor :STMicroelectronics USB_HOST 2.0.0
2025-07-05 11:21:06,879 [INFO] ThirdParty:1030 - CMSIS Pack Vendor :STMicroelectronics FP-SNS-MOTENVWB1 1.4.0
2025-07-05 11:21:06,879 [INFO] ThirdParty:1030 - CMSIS Pack Vendor :STMicroelectronics X-CUBE-AZRTOS-F4 1.1.0
2025-07-05 11:21:06,879 [INFO] ThirdParty:1030 - CMSIS Pack Vendor :STMicroelectronics LIBJPEG 8.0.0
2025-07-05 11:21:06,879 [INFO] ThirdParty:1030 - CMSIS Pack Vendor :STMicroelectronics FP-ATR-ASTRA1 2.0.2
2025-07-05 11:21:06,879 [INFO] ThirdParty:1030 - CMSIS Pack Vendor :STMicroelectronics X-CUBE-BLE1 7.1.0
2025-07-05 11:21:06,879 [INFO] ThirdParty:1030 - CMSIS Pack Vendor :Avnet-IotConnect X-CUBE-IoTC-DA16k-PMOD 1.0.0
2025-07-05 11:21:06,879 [INFO] ThirdParty:1030 - CMSIS Pack Vendor :STMicroelectronics X-CUBE-SMBUS 2.1.0
2025-07-05 11:21:06,879 [INFO] ThirdParty:1030 - CMSIS Pack Vendor :STMicroelectronics X-CUBE-WB05N 1.1.0
2025-07-05 11:21:06,879 [INFO] ThirdParty:1030 - CMSIS Pack Vendor :wolfSSL I-CUBE-wolfMQTT 1.19.2
2025-07-05 11:21:06,879 [INFO] ThirdParty:1030 - CMSIS Pack Vendor :STMicroelectronics USB_DEVICE 3.0.0
2025-07-05 11:21:06,879 [INFO] ThirdParty:1030 - CMSIS Pack Vendor :STMicroelectronics X-CUBE-ISPU 2.1.0
2025-07-05 11:21:06,879 [INFO] ThirdParty:1030 - CMSIS Pack Vendor :STMicroelectronics X-CUBE-AZRTOS-WB 2.0.0
2025-07-05 11:21:06,879 [INFO] ThirdParty:1030 - CMSIS Pack Vendor :STMicroelectronics X-CUBE-ST60 1.0.0
2025-07-05 11:21:06,879 [INFO] ThirdParty:1030 - CMSIS Pack Vendor :STMicroelectronics X-CUBE-GNSS1 7.0.1
2025-07-05 11:21:06,879 [INFO] ThirdParty:1030 - CMSIS Pack Vendor :STMicroelectronics X-CUBE-AZRTOS-F7 1.1.0
2025-07-05 11:21:06,879 [INFO] ThirdParty:1030 - CMSIS Pack Vendor :STMicroelectronics X-CUBE-AZRTOS-L5 2.0.0
2025-07-05 11:21:06,879 [INFO] ThirdParty:1030 - CMSIS Pack Vendor :STMicroelectronics X-CUBE-TOUCHGFX 4.25.0
2025-07-05 11:21:06,879 [INFO] ThirdParty:1030 - CMSIS Pack Vendor :STMicroelectronics USB_DEVICE 2.0.0
2025-07-05 11:21:06,879 [INFO] ThirdParty:1030 - CMSIS Pack Vendor :STMicroelectronics X-CUBE-NFC6 3.1.0
2025-07-05 11:21:06,879 [INFO] ThirdParty:1030 - CMSIS Pack Vendor :STMicroelectronics X-CUBE-AI 10.1.0
2025-07-05 11:21:06,880 [INFO] ThirdParty:1030 - CMSIS Pack Vendor :STMicroelectronics FP-SNS-STBOX1 2.0.0
2025-07-05 11:21:06,880 [INFO] ThirdParty:1030 - CMSIS Pack Vendor :STMicroelectronics X-CUBE-MEMS1 11.2.0
2025-07-05 11:21:06,880 [INFO] ThirdParty:1030 - CMSIS Pack Vendor :STMicroelectronics FreeRTOS 0.0.1
2025-07-05 11:21:06,880 [INFO] ThirdParty:1030 - CMSIS Pack Vendor :STMicroelectronics X-CUBE-AZRTOS-G0 1.1.0
2025-07-05 11:21:06,880 [INFO] ThirdParty:1030 - CMSIS Pack Vendor :STMicroelectronics X-CUBE-SAFEA1 1.2.2
2025-07-05 11:21:06,880 [INFO] ThirdParty:1030 - CMSIS Pack Vendor :STMicroelectronics X-CUBE-NFC4 3.0.0
2025-07-05 11:21:06,880 [INFO] ThirdParty:1030 - CMSIS Pack Vendor :STMicroelectronics X-CUBE-DPower 1.2.0
2025-07-05 11:21:06,880 [INFO] ThirdParty:1030 - CMSIS Pack Vendor :STMicroelectronics X-CUBE-SUBG2 5.0.0
2025-07-05 11:21:06,880 [INFO] ThirdParty:1030 - CMSIS Pack Vendor :STMicroelectronics X-CUBE-AZRTOS-H7RS 1.1.0
2025-07-05 11:21:06,880 [INFO] ThirdParty:1030 - CMSIS Pack Vendor :STMicroelectronics STM32_WPAN 1.0.0
2025-07-05 11:21:06,880 [INFO] ThirdParty:1030 - CMSIS Pack Vendor :EmbeddedOffice I-CUBE-FS-RTOS 1.0.1
2025-07-05 11:21:06,880 [INFO] ThirdParty:1030 - CMSIS Pack Vendor :STMicroelectronics lwIP 2.0.3
2025-07-05 11:21:06,880 [INFO] ThirdParty:1030 - CMSIS Pack Vendor :STMicroelectronics FP-SNS-FLIGHT1 5.0.2
2025-07-05 11:21:06,880 [INFO] ThirdParty:1030 - CMSIS Pack Vendor :Cesanta I-CUBE-Mongoose 7.13.0
2025-07-05 11:21:06,880 [INFO] ThirdParty:1030 - CMSIS Pack Vendor :STMicroelectronics USB_HOST 1.0.0
2025-07-05 11:21:06,880 [INFO] ThirdParty:1030 - CMSIS Pack Vendor :Infineon AIROC-Wi-Fi-Bluetooth-STM32 1.7.0
2025-07-05 11:21:06,880 [INFO] ThirdParty:1030 - CMSIS Pack Vendor :STMicroelectronics X-CUBE-AZRTOS-G4 2.0.0
2025-07-05 11:21:06,880 [INFO] ThirdParty:1030 - CMSIS Pack Vendor :STMicroelectronics X-CUBE-WB05N 2.0.0
2025-07-05 11:21:06,880 [INFO] ThirdParty:1030 - CMSIS Pack Vendor :STMicroelectronics PDM2PCM 3.1.0
2025-07-05 11:21:06,880 [INFO] ThirdParty:1030 - CMSIS Pack Vendor :STMicroelectronics PDM2PCM 3.3.0
2025-07-05 11:21:06,880 [INFO] ThirdParty:1030 - CMSIS Pack Vendor :wolfSSL I-CUBE-wolfTPM 3.8.0
2025-07-05 11:21:06,880 [INFO] ThirdParty:1030 - CMSIS Pack Vendor :STMicroelectronics X-CUBE-DISPLAY 3.0.0
2025-07-05 11:21:06,881 [INFO] ThirdParty:1030 - CMSIS Pack Vendor :wolfSSL I-CUBE-wolfSSH 1.4.20
2025-07-05 11:21:06,881 [INFO] ThirdParty:1030 - CMSIS Pack Vendor :STMicroelectronics X-CUBE-NFC7 2.0.0
2025-07-05 11:21:06,881 [INFO] ThirdParty:1030 - CMSIS Pack Vendor :STMicroelectronics X-CUBE-TCPP 4.2.0
2025-07-05 11:21:06,881 [INFO] ThirdParty:1030 - CMSIS Pack Vendor :RealThread X-CUBE-RT-Thread_Nano 4.1.1
2025-07-05 11:21:06,881 [INFO] ThirdParty:1030 - CMSIS Pack Vendor :STMicroelectronics FP-ATR-SIGFOX1 3.2.0
2025-07-05 11:21:06,881 [INFO] ThirdParty:1030 - CMSIS Pack Vendor :STMicroelectronics X-CUBE-NFC10 1.0.0
2025-07-05 11:21:06,881 [INFO] ThirdParty:1030 - CMSIS Pack Vendor :STMicroelectronics X-CUBE-BLEMGR 4.0.0
2025-07-05 11:21:06,881 [INFO] ThirdParty:1030 - CMSIS Pack Vendor :STMicroelectronics X-CUBE-EEPRMA1 5.1.0
2025-07-05 11:21:06,881 [INFO] ThirdParty:1030 - CMSIS Pack Vendor :STMicroelectronics X-CUBE-FREERTOS 1.3.1
2025-07-05 11:21:06,881 [INFO] ThirdParty:1030 - CMSIS Pack Vendor :STMicroelectronics HAL Drivers 0.0.0
2025-07-05 11:21:06,881 [INFO] ThirdParty:1030 - CMSIS Pack Vendor :STMicroelectronics MBEDTLS 2.16.2
2025-07-05 11:21:06,881 [INFO] ThirdParty:1030 - CMSIS Pack Vendor :STMicroelectronics X-CUBE-IPS 3.1.0
2025-07-05 11:21:06,881 [INFO] ThirdParty:1030 - CMSIS Pack Vendor :STMicroelectronics X-CUBE-ALS 1.0.2
2025-07-05 11:21:06,881 [INFO] ThirdParty:1030 - CMSIS Pack Vendor :emotas I-CUBE-CANOPEN 1.3.0
2025-07-05 11:21:06,881 [INFO] ThirdParty:1030 - CMSIS Pack Vendor :STMicroelectronics X-CUBE-FREERTOS 1.3.0
2025-07-05 11:21:06,881 [INFO] ThirdParty:1030 - CMSIS Pack Vendor :STMicroelectronics X-CUBE-NFC7 1.0.1
2025-07-05 11:21:06,881 [INFO] ThirdParty:1030 - CMSIS Pack Vendor :STMicroelectronics MBEDTLS 2.14.1
2025-07-05 11:21:06,881 [INFO] ThirdParty:1030 - CMSIS Pack Vendor :wolfSSL I-CUBE-wolfSSL 5.7.6
2025-07-05 11:21:06,881 [INFO] ThirdParty:1030 - CMSIS Pack Vendor :ITTIA_DB I-CUBE-ITTIADB 8.9.0
2025-07-05 11:21:06,881 [INFO] ThirdParty:1030 - CMSIS Pack Vendor :STMicroelectronics X-CUBE-TOUCHGFX 4.24.2
2025-07-05 11:21:06,881 [INFO] ThirdParty:1030 - CMSIS Pack Vendor :portGmbH I-Cube-SoM-uGOAL 1.1.0
2025-07-05 11:21:06,881 [INFO] ThirdParty:1030 - CMSIS Pack Vendor :quantropi X-CUBE-qispace-sdk-base 2.0.0
2025-07-05 11:21:06,881 [INFO] ThirdParty:1030 - CMSIS Pack Vendor :STMicroelectronics X-CUBE-AI 10.0.0
2025-07-05 11:21:06,881 [INFO] ThirdParty:1030 - CMSIS Pack Vendor :STMicroelectronics X-CUBE-ST67W61 1.0.0
2025-07-05 11:21:06,881 [INFO] ThirdParty:1030 - CMSIS Pack Vendor :STMicroelectronics FP-SNS-STAIOTCFT 1.0.0
2025-07-05 11:21:06,881 [INFO] ThirdParty:1030 - CMSIS Pack Vendor :STMicroelectronics ThreadX 1.0.0
2025-07-05 11:21:06,881 [INFO] ThirdParty:1030 - CMSIS Pack Vendor :STMicroelectronics FP-SNS-SMARTAG2 1.2.0
2025-07-05 11:21:06,881 [INFO] ThirdParty:1030 - CMSIS Pack Vendor :STMicroelectronics FP-SNS-FLIGHT1 5.1.0
2025-07-05 11:21:06,882 [INFO] ThirdParty:1030 - CMSIS Pack Vendor :STMicroelectronics X-CUBE-MEMS1 11.1.0
2025-07-05 11:21:06,882 [INFO] ThirdParty:1030 - CMSIS Pack Vendor :STMicroelectronics X-CUBE-AZRTOS-WL 2.0.0
2025-07-05 11:21:06,882 [INFO] ThirdParty:1030 - CMSIS Pack Vendor :SEGGER I-CUBE-embOS 1.3.1
2025-07-05 11:21:06,882 [INFO] ThirdParty:1030 - CMSIS Pack Vendor :STMicroelectronics X-CUBE-ALGOBUILD 1.4.0
2025-07-05 11:21:06,882 [INFO] ThirdParty:1030 - CMSIS Pack Vendor :STMicroelectronics X-CUBE-DPower 1.3.0
2025-07-05 11:21:06,882 [INFO] ThirdParty:1030 - CMSIS Pack Vendor :STMicroelectronics X-CUBE-MEMS1 11.3.0
2025-07-05 11:21:06,882 [INFO] ThirdParty:1030 - CMSIS Pack Vendor :STMicroelectronics FP-SNS-MOTENV1 5.0.0
2025-07-05 11:21:06,882 [INFO] ThirdParty:1030 - CMSIS Pack Vendor :STMicroelectronics USB_DEVICE 1.0.0
2025-07-05 11:21:06,882 [INFO] ThirdParty:1030 - CMSIS Pack Vendor :STMicroelectronics X-CUBE-AZRTOS-H7RS 1.0.0
2025-07-05 11:21:06,882 [INFO] ThirdParty:1030 - CMSIS Pack Vendor :STMicroelectronics X-CUBE-AZRTOS-L4 2.0.0
2025-07-05 11:21:06,882 [INFO] ThirdParty:1030 - CMSIS Pack Vendor :STMicroelectronics ThreadX 0.0.2
2025-07-05 11:21:06,882 [INFO] ThirdParty:1030 - CMSIS Pack Vendor :WES I-CUBE-Cesium 1.3.0
2025-07-05 11:21:06,882 [INFO] ThirdParty:1030 - CMSIS Pack Vendor :STMicroelectronics lwIP 2.1.2
2025-07-05 11:21:06,882 [INFO] ThirdParty:1030 - CMSIS Pack Vendor :STMicroelectronics X-CUBE-SFXS2LP1 4.0.0
2025-07-05 11:21:06,882 [INFO] ThirdParty:1030 - CMSIS Pack Vendor :STMicroelectronics X-CUBE-BLE2 3.3.0
2025-07-05 11:21:06,882 [INFO] ThirdParty:1030 - CMSIS Pack Vendor :STMicroelectronics X-CUBE-TOF1 3.4.2
2025-07-05 11:21:06,882 [INFO] ThirdParty:1030 - CMSIS Pack Vendor :STMicroelectronics X-CUBE-TOF1 3.4.3
2025-07-05 11:21:06,882 [INFO] ThirdParty:1030 - CMSIS Pack Vendor :STMicroelectronics PDM2PCM 3.2.0
2025-07-05 11:21:06,882 [INFO] ThirdParty:841 - exiting critical section [change project]
2025-07-05 11:21:07,214 [INFO] PinOutPanel:1589 - setPackage(No Configuration,No Configuration)
2025-07-05 11:21:07,215 [INFO] PinOutPanel:1589 - setPackage(STM32H743VITx,LQFP100)
2025-07-05 11:21:07,889 [INFO] UtilMem:75 - Before build in PCC Used Memory: 758242592 Bytes (1073741824)
2025-07-05 11:21:08,150 [INFO] UtilMem:75 - After build in PCC Used Memory: 819520624 Bytes (1073741824)
2025-07-05 11:21:08,154 [INFO] ApiDbMcu:508 - Load IP Config File for FATFS
2025-07-05 11:21:08,160 [INFO] ApiDbMcu:508 - Load IP Config File for FREERTOS
2025-07-05 11:21:08,189 [INFO] IPUIPlugin:80 - create IPUIPlugin
2025-07-05 11:21:08,189 [INFO] IPUIPlugin:80 - create IPUIPlugin
2025-07-05 11:21:08,189 [INFO] IPUIPlugin:80 - create IPUIPlugin
2025-07-05 11:21:08,189 [INFO] IPUIPlugin:80 - create IPUIPlugin
2025-07-05 11:21:08,189 [INFO] IPUIPlugin:80 - create IPUIPlugin
2025-07-05 11:21:08,189 [INFO] IPUIPlugin:80 - create IPUIPlugin
2025-07-05 11:21:08,189 [INFO] IPUIPlugin:80 - create IPUIPlugin
2025-07-05 11:21:08,189 [INFO] IPUIPlugin:80 - create IPUIPlugin
2025-07-05 11:21:08,190 [INFO] IPUIPlugin:80 - create IPUIPlugin
2025-07-05 11:21:08,190 [INFO] IPUIPlugin:80 - create IPUIPlugin
2025-07-05 11:21:08,190 [INFO] IPUIPlugin:80 - create IPUIPlugin
2025-07-05 11:21:08,190 [INFO] IPUIPlugin:80 - create IPUIPlugin
2025-07-05 11:21:08,190 [INFO] IPUIPlugin:80 - create IPUIPlugin
2025-07-05 11:21:08,190 [INFO] IPUIPlugin:80 - create IPUIPlugin
2025-07-05 11:21:08,190 [INFO] IPUIPlugin:80 - create IPUIPlugin
2025-07-05 11:21:08,191 [INFO] IPUIPlugin:80 - create IPUIPlugin
2025-07-05 11:21:08,191 [INFO] IPUIPlugin:80 - create IPUIPlugin
2025-07-05 11:21:08,191 [INFO] IPUIPlugin:80 - create IPUIPlugin
2025-07-05 11:21:08,191 [INFO] IPUIPlugin:80 - create IPUIPlugin
2025-07-05 11:21:08,191 [INFO] IPUIPlugin:80 - create IPUIPlugin
2025-07-05 11:21:08,191 [INFO] IPUIPlugin:80 - create IPUIPlugin
2025-07-05 11:21:08,191 [INFO] IPUIPlugin:80 - create IPUIPlugin
2025-07-05 11:21:08,191 [INFO] IPUIPlugin:80 - create IPUIPlugin
2025-07-05 11:21:08,191 [INFO] IPUIPlugin:80 - create IPUIPlugin
2025-07-05 11:21:08,191 [INFO] IPUIPlugin:80 - create IPUIPlugin
2025-07-05 11:21:08,191 [INFO] IPUIPlugin:80 - create IPUIPlugin
2025-07-05 11:21:08,192 [INFO] IPUIPlugin:80 - create IPUIPlugin
2025-07-05 11:21:08,192 [INFO] IPUIPlugin:80 - create IPUIPlugin
2025-07-05 11:21:08,192 [INFO] IPUIPlugin:80 - create IPUIPlugin
2025-07-05 11:21:08,192 [INFO] IPUIPlugin:80 - create IPUIPlugin
2025-07-05 11:21:08,192 [INFO] IPUIPlugin:80 - create IPUIPlugin
2025-07-05 11:21:08,192 [INFO] IPUIPlugin:80 - create IPUIPlugin
2025-07-05 11:21:08,192 [INFO] IPUIPlugin:80 - create IPUIPlugin
2025-07-05 11:21:08,193 [INFO] IPUIPlugin:80 - create IPUIPlugin
2025-07-05 11:21:08,193 [INFO] IPUIPlugin:80 - create IPUIPlugin
2025-07-05 11:21:08,193 [INFO] IPUIPlugin:80 - create IPUIPlugin
2025-07-05 11:21:08,193 [INFO] IPUIPlugin:80 - create IPUIPlugin
2025-07-05 11:21:08,193 [INFO] IPUIPlugin:80 - create IPUIPlugin
2025-07-05 11:21:08,194 [INFO] IPUIPlugin:80 - create IPUIPlugin
2025-07-05 11:21:08,194 [INFO] IPUIPlugin:80 - create IPUIPlugin
2025-07-05 11:21:08,194 [INFO] IPUIPlugin:80 - create IPUIPlugin
2025-07-05 11:21:08,194 [INFO] IPUIPlugin:80 - create IPUIPlugin
2025-07-05 11:21:08,194 [INFO] IPUIPlugin:80 - create IPUIPlugin
2025-07-05 11:21:08,194 [INFO] IPUIPlugin:80 - create IPUIPlugin
2025-07-05 11:21:08,195 [INFO] IPUIPlugin:80 - create IPUIPlugin
2025-07-05 11:21:08,195 [INFO] IPUIPlugin:80 - create IPUIPlugin
2025-07-05 11:21:08,195 [INFO] IPUIPlugin:80 - create IPUIPlugin
2025-07-05 11:21:08,195 [INFO] IPUIPlugin:80 - create IPUIPlugin
2025-07-05 11:21:08,195 [INFO] IPUIPlugin:80 - create IPUIPlugin
2025-07-05 11:21:08,196 [INFO] IPUIPlugin:80 - create IPUIPlugin
2025-07-05 11:21:08,196 [INFO] IPUIPlugin:80 - create IPUIPlugin
2025-07-05 11:21:08,196 [INFO] IPUIPlugin:80 - create IPUIPlugin
2025-07-05 11:21:08,196 [INFO] IPUIPlugin:80 - create IPUIPlugin
2025-07-05 11:21:08,196 [INFO] IPUIPlugin:80 - create IPUIPlugin
2025-07-05 11:21:08,197 [INFO] IPUIPlugin:80 - create IPUIPlugin
2025-07-05 11:21:08,197 [INFO] IPUIPlugin:80 - create IPUIPlugin
2025-07-05 11:21:08,197 [INFO] IPUIPlugin:80 - create IPUIPlugin
2025-07-05 11:21:08,197 [INFO] IPUIPlugin:80 - create IPUIPlugin
2025-07-05 11:21:08,198 [INFO] IPUIPlugin:80 - create IPUIPlugin
2025-07-05 11:21:08,198 [INFO] IPUIPlugin:80 - create IPUIPlugin
2025-07-05 11:21:08,198 [INFO] IPUIPlugin:80 - create IPUIPlugin
2025-07-05 11:21:08,198 [INFO] IPUIPlugin:80 - create IPUIPlugin
2025-07-05 11:21:08,199 [INFO] IPUIPlugin:80 - create IPUIPlugin
2025-07-05 11:21:08,199 [INFO] IPUIPlugin:80 - create IPUIPlugin
2025-07-05 11:21:08,199 [INFO] IPUIPlugin:80 - create IPUIPlugin
2025-07-05 11:21:08,199 [INFO] IPUIPlugin:80 - create IPUIPlugin
2025-07-05 11:21:08,200 [INFO] IPUIPlugin:80 - create IPUIPlugin
2025-07-05 11:21:08,200 [INFO] IPUIPlugin:80 - create IPUIPlugin
2025-07-05 11:21:08,200 [INFO] IPUIPlugin:80 - create IPUIPlugin
2025-07-05 11:21:08,200 [INFO] IPUIPlugin:80 - create IPUIPlugin
2025-07-05 11:21:08,201 [INFO] IPUIPlugin:80 - create IPUIPlugin
2025-07-05 11:21:08,201 [INFO] IPUIPlugin:80 - create IPUIPlugin
2025-07-05 11:21:08,201 [INFO] IPUIPlugin:80 - create IPUIPlugin
2025-07-05 11:21:08,201 [INFO] IPUIPlugin:80 - create IPUIPlugin
2025-07-05 11:21:08,202 [INFO] IPUIPlugin:80 - create IPUIPlugin
2025-07-05 11:21:08,202 [INFO] IPUIPlugin:80 - create IPUIPlugin
2025-07-05 11:21:08,202 [INFO] IPUIPlugin:80 - create IPUIPlugin
2025-07-05 11:21:08,202 [INFO] IPUIPlugin:80 - create IPUIPlugin
2025-07-05 11:21:08,203 [INFO] IPUIPlugin:80 - create IPUIPlugin
2025-07-05 11:21:08,203 [INFO] IPUIPlugin:80 - create IPUIPlugin
2025-07-05 11:21:08,203 [INFO] IPUIPlugin:80 - create IPUIPlugin
2025-07-05 11:21:08,204 [INFO] IPUIPlugin:80 - create IPUIPlugin
2025-07-05 11:21:08,204 [INFO] IPUIPlugin:80 - create IPUIPlugin
2025-07-05 11:21:08,204 [INFO] IPUIPlugin:80 - create IPUIPlugin
2025-07-05 11:21:08,205 [INFO] IPUIPlugin:80 - create IPUIPlugin
2025-07-05 11:21:08,205 [INFO] IPUIPlugin:80 - create IPUIPlugin
2025-07-05 11:21:08,205 [INFO] IPUIPlugin:80 - create IPUIPlugin
2025-07-05 11:21:08,206 [INFO] IPUIPlugin:80 - create IPUIPlugin
2025-07-05 11:21:08,206 [INFO] IPUIPlugin:80 - create IPUIPlugin
2025-07-05 11:21:08,206 [INFO] IPUIPlugin:80 - create IPUIPlugin
2025-07-05 11:21:08,207 [INFO] IPUIPlugin:80 - create IPUIPlugin
2025-07-05 11:21:08,207 [INFO] IPUIPlugin:80 - create IPUIPlugin
2025-07-05 11:21:08,207 [INFO] IPUIPlugin:80 - create IPUIPlugin
2025-07-05 11:21:08,208 [INFO] IPUIPlugin:80 - create IPUIPlugin
2025-07-05 11:21:08,208 [INFO] IPUIPlugin:80 - create IPUIPlugin
2025-07-05 11:21:08,209 [INFO] IPUIPlugin:80 - create IPUIPlugin
2025-07-05 11:21:08,209 [INFO] IPUIPlugin:80 - create IPUIPlugin
2025-07-05 11:21:08,212 [INFO] ApiDbMcu:508 - Load IP Config File for PDM2PCM
2025-07-05 11:21:08,232 [WARN] FreeRTOS:1023 - Null or empty value: should not occur! (nothing added to the table)
2025-07-05 11:21:08,309 [INFO] CADModel:165 - CPN selected for project levelSTM32H743VIT6
2025-07-05 11:21:08,309 [INFO] CADModel:114 - Register for checkConnection events
2025-07-05 11:21:08,311 [INFO] RtosManager:725 - Active RTOS found at IOC load: FREERTOS [Cortex-M7NS]
2025-07-05 11:21:08,352 [INFO] OpenFileManager:385 - Restore cursor
2025-07-05 11:21:52,859 [INFO] NvicIntPanel:101 - NVIC parent = com.st.microxplorer.plugins.ip.nvic.MultiNvicIntPanel[,0,0,0x0,invalid,layout=javax.swing.BoxLayout,alignmentX=0.0,alignmentY=0.0,border=,flags=9,maximumSize=,minimumSize=,preferredSize=]
2025-07-05 11:21:54,802 [INFO] NvicIntPanel:101 - NVIC parent = com.st.microxplorer.plugins.ip.nvic.MultiNvicIntPanel[,0,0,0x0,invalid,layout=javax.swing.BoxLayout,alignmentX=0.0,alignmentY=0.0,border=,flags=9,maximumSize=,minimumSize=,preferredSize=]
2025-07-05 11:22:09,800 [INFO] UtilMem:75 - End SaveConfig() Used Memory: 795714784 Bytes (1073741824)
2025-07-05 11:22:11,267 [INFO] UtilMem:75 - End SaveConfig() Used Memory: 836609248 Bytes (1073741824)
2025-07-05 11:22:11,928 [INFO] UtilMem:75 - End SaveConfig() Used Memory: 885564656 Bytes (1073741824)
2025-07-05 11:22:12,501 [INFO] BlockDiagram:2775 - set Specific Code input for plugin: SPI
2025-07-05 11:22:12,502 [INFO] BlockDiagram:2775 - set Specific Code input for plugin: FREERTOS
2025-07-05 11:22:12,502 [INFO] BlockDiagram:2775 - set Specific Code input for plugin: RCC
2025-07-05 11:22:12,502 [INFO] BlockDiagram:2775 - set Specific Code input for plugin: I2C
2025-07-05 11:22:12,502 [INFO] BlockDiagram:2775 - set Specific Code input for plugin: SDMMC
2025-07-05 11:22:12,502 [INFO] BlockDiagram:2775 - set Specific Code input for plugin: TIM1_8H7
2025-07-05 11:22:12,502 [INFO] BlockDiagram:2775 - set Specific Code input for plugin: TIM1_8H7
2025-07-05 11:22:12,502 [INFO] BlockDiagram:2775 - set Specific Code input for plugin: TIM1_8H7
2025-07-05 11:22:12,502 [INFO] BlockDiagram:2775 - set Specific Code input for plugin: FATFS
2025-07-05 11:22:12,502 [INFO] BlockDiagram:2775 - set Specific Code input for plugin: MEMORYMAP
2025-07-05 11:22:12,502 [INFO] BlockDiagram:2775 - set Specific Code input for plugin: TIM1_8H7
2025-07-05 11:22:12,502 [INFO] BlockDiagram:2775 - set Specific Code input for plugin: TIM1_8H7
2025-07-05 11:22:12,502 [INFO] BlockDiagram:2775 - set Specific Code input for plugin: TIM1_8H7
2025-07-05 11:22:12,502 [INFO] BlockDiagram:2775 - set Specific Code input for plugin: TIM1_8H7
2025-07-05 11:22:12,502 [INFO] BlockDiagram:2775 - set Specific Code input for plugin: ADC
2025-07-05 11:22:12,502 [INFO] BlockDiagram:2775 - set Specific Code input for plugin: SYS
2025-07-05 11:22:12,502 [INFO] BlockDiagram:2775 - set Specific Code input for plugin: ADC
2025-07-05 11:22:12,502 [INFO] BlockDiagram:2775 - set Specific Code input for plugin: NVIC
2025-07-05 11:22:12,502 [INFO] BlockDiagram:2775 - set Specific Code input for plugin: DMA
2025-07-05 11:22:12,502 [INFO] BlockDiagram:2775 - set Specific Code input for plugin: VREFBUF
2025-07-05 11:22:12,502 [INFO] BlockDiagram:2775 - set Specific Code input for plugin: UART
2025-07-05 11:22:12,503 [INFO] BlockDiagram:2775 - set Specific Code input for plugin: UART
2025-07-05 11:22:12,503 [INFO] BlockDiagram:2775 - set Specific Code input for plugin: DEBUG
2025-07-05 11:22:12,503 [INFO] BlockDiagram:2775 - set Specific Code input for plugin: GPIO
2025-07-05 11:22:12,505 [INFO] CodeGenerator:882 - code generatio: config db path: C:\ST\STM32CubeIDE_1.18.0\STM32CubeIDE\plugins\com.st.stm32cube.common.mx_6.14.0.202502271554\\db\
2025-07-05 11:22:12,967 [INFO] CodeEngine:263 - oldGeneratedFile, C:\Users\marcv\Desktop\X1-Thorn\1_Code\3_STM32\0_workspace\X1_Thorn_v3\MXTmpFiles\license.tmp_save
2025-07-05 11:22:13,309 [INFO] CodeEngine:287 - Generated code: C:\Users\marcv\Desktop\X1-Thorn\1_Code\3_STM32\0_workspace\X1_Thorn_v3\MXTmpFiles\license.tmp
2025-07-05 11:22:13,508 [INFO] CodeEngine:263 - oldGeneratedFile, C:\Users\marcv\Desktop\X1-Thorn\1_Code\3_STM32\0_workspace\X1_Thorn_v3\Core\Src\gpio.c_save
2025-07-05 11:22:13,668 [INFO] CodeEngine:287 - Generated code: C:\Users\marcv\Desktop\X1-Thorn\1_Code\3_STM32\0_workspace\X1_Thorn_v3\Core\Src\gpio.c
2025-07-05 11:22:13,692 [INFO] CodeEngine:263 - oldGeneratedFile, C:\Users\marcv\Desktop\X1-Thorn\1_Code\3_STM32\0_workspace\X1_Thorn_v3\Core\Inc\gpio.h_save
2025-07-05 11:22:13,795 [INFO] CodeEngine:287 - Generated code: C:\Users\marcv\Desktop\X1-Thorn\1_Code\3_STM32\0_workspace\X1_Thorn_v3\Core\Inc\gpio.h
2025-07-05 11:22:14,339 [WARN] IPConfigManager:103 - WARNING: Missing Config File for DEBUG ip!!
2025-07-05 11:22:14,988 [WARN] IPConfigManager:103 - WARNING: Missing Config File for MEMORYMAP ip!!
2025-07-05 11:22:17,040 [INFO] Middleware:1452 - No code input for Bsp Dependency
2025-07-05 11:22:17,057 [INFO] CodeEngine:263 - oldGeneratedFile, C:\Users\marcv\Desktop\X1-Thorn\1_Code\3_STM32\0_workspace\X1_Thorn_v3\MXTmpFiles\rtos_inc.tmp_save
2025-07-05 11:22:17,144 [INFO] CodeEngine:287 - Generated code: C:\Users\marcv\Desktop\X1-Thorn\1_Code\3_STM32\0_workspace\X1_Thorn_v3\MXTmpFiles\rtos_inc.tmp
2025-07-05 11:22:17,157 [INFO] CodeEngine:263 - oldGeneratedFile, C:\Users\marcv\Desktop\X1-Thorn\1_Code\3_STM32\0_workspace\X1_Thorn_v3\MXTmpFiles\rtos_kernelInit.tmp_save
2025-07-05 11:22:17,249 [INFO] CodeEngine:287 - Generated code: C:\Users\marcv\Desktop\X1-Thorn\1_Code\3_STM32\0_workspace\X1_Thorn_v3\MXTmpFiles\rtos_kernelInit.tmp
2025-07-05 11:22:17,261 [INFO] CodeEngine:263 - oldGeneratedFile, C:\Users\marcv\Desktop\X1-Thorn\1_Code\3_STM32\0_workspace\X1_Thorn_v3\MXTmpFiles\rtos_kernelStart.tmp_save
2025-07-05 11:22:17,345 [INFO] CodeEngine:287 - Generated code: C:\Users\marcv\Desktop\X1-Thorn\1_Code\3_STM32\0_workspace\X1_Thorn_v3\MXTmpFiles\rtos_kernelStart.tmp
2025-07-05 11:22:17,359 [INFO] CodeEngine:263 - oldGeneratedFile, C:\Users\marcv\Desktop\X1-Thorn\1_Code\3_STM32\0_workspace\X1_Thorn_v3\MXTmpFiles\rtos_typedefs.tmp_save
2025-07-05 11:22:17,433 [INFO] CodeEngine:287 - Generated code: C:\Users\marcv\Desktop\X1-Thorn\1_Code\3_STM32\0_workspace\X1_Thorn_v3\MXTmpFiles\rtos_typedefs.tmp
2025-07-05 11:22:17,446 [INFO] CodeEngine:263 - oldGeneratedFile, C:\Users\marcv\Desktop\X1-Thorn\1_Code\3_STM32\0_workspace\X1_Thorn_v3\MXTmpFiles\rtos_vars.tmp_save
2025-07-05 11:22:17,524 [INFO] CodeEngine:287 - Generated code: C:\Users\marcv\Desktop\X1-Thorn\1_Code\3_STM32\0_workspace\X1_Thorn_v3\MXTmpFiles\rtos_vars.tmp
2025-07-05 11:22:17,536 [INFO] CodeEngine:263 - oldGeneratedFile, C:\Users\marcv\Desktop\X1-Thorn\1_Code\3_STM32\0_workspace\X1_Thorn_v3\MXTmpFiles\rtos_pfp.tmp_save
2025-07-05 11:22:17,605 [INFO] CodeEngine:287 - Generated code: C:\Users\marcv\Desktop\X1-Thorn\1_Code\3_STM32\0_workspace\X1_Thorn_v3\MXTmpFiles\rtos_pfp.tmp
2025-07-05 11:22:17,618 [INFO] CodeEngine:263 - oldGeneratedFile, C:\Users\marcv\Desktop\X1-Thorn\1_Code\3_STM32\0_workspace\X1_Thorn_v3\MXTmpFiles\rtos_obj_creat.tmp_save
2025-07-05 11:22:17,692 [INFO] CodeEngine:287 - Generated code: C:\Users\marcv\Desktop\X1-Thorn\1_Code\3_STM32\0_workspace\X1_Thorn_v3\MXTmpFiles\rtos_obj_creat.tmp
2025-07-05 11:22:17,706 [INFO] CodeEngine:263 - oldGeneratedFile, C:\Users\marcv\Desktop\X1-Thorn\1_Code\3_STM32\0_workspace\X1_Thorn_v3\MXTmpFiles\rtos_default_thread.tmp_save
2025-07-05 11:22:17,778 [INFO] CodeEngine:287 - Generated code: C:\Users\marcv\Desktop\X1-Thorn\1_Code\3_STM32\0_workspace\X1_Thorn_v3\MXTmpFiles\rtos_default_thread.tmp
2025-07-05 11:22:17,793 [INFO] CodeEngine:263 - oldGeneratedFile, C:\Users\marcv\Desktop\X1-Thorn\1_Code\3_STM32\0_workspace\X1_Thorn_v3\MXTmpFiles\rtos_threads.tmp_save
2025-07-05 11:22:17,850 [INFO] CodeEngine:287 - Generated code: C:\Users\marcv\Desktop\X1-Thorn\1_Code\3_STM32\0_workspace\X1_Thorn_v3\MXTmpFiles\rtos_threads.tmp
2025-07-05 11:22:17,878 [INFO] CodeEngine:263 - oldGeneratedFile, C:\Users\marcv\Desktop\X1-Thorn\1_Code\3_STM32\0_workspace\X1_Thorn_v3\MXTmpFiles\fatfs_HalInit.tmp_save
2025-07-05 11:22:17,955 [INFO] CodeEngine:287 - Generated code: C:\Users\marcv\Desktop\X1-Thorn\1_Code\3_STM32\0_workspace\X1_Thorn_v3\MXTmpFiles\fatfs_HalInit.tmp
2025-07-05 11:22:17,966 [INFO] CodeEngine:263 - oldGeneratedFile, C:\Users\marcv\Desktop\X1-Thorn\1_Code\3_STM32\0_workspace\X1_Thorn_v3\MXTmpFiles\fatfs_vars.tmp_save
2025-07-05 11:22:18,037 [INFO] CodeEngine:287 - Generated code: C:\Users\marcv\Desktop\X1-Thorn\1_Code\3_STM32\0_workspace\X1_Thorn_v3\MXTmpFiles\fatfs_vars.tmp
2025-07-05 11:22:18,049 [INFO] CodeEngine:263 - oldGeneratedFile, C:\Users\marcv\Desktop\X1-Thorn\1_Code\3_STM32\0_workspace\X1_Thorn_v3\MXTmpFiles\fatfs_ext_vars.tmp_save
2025-07-05 11:22:18,112 [INFO] CodeEngine:287 - Generated code: C:\Users\marcv\Desktop\X1-Thorn\1_Code\3_STM32\0_workspace\X1_Thorn_v3\MXTmpFiles\fatfs_ext_vars.tmp
2025-07-05 11:22:18,126 [INFO] CodeEngine:263 - oldGeneratedFile, C:\Users\marcv\Desktop\X1-Thorn\1_Code\3_STM32\0_workspace\X1_Thorn_v3\MXTmpFiles\fatfs_inc.tmp_save
2025-07-05 11:22:18,211 [INFO] CodeEngine:287 - Generated code: C:\Users\marcv\Desktop\X1-Thorn\1_Code\3_STM32\0_workspace\X1_Thorn_v3\MXTmpFiles\fatfs_inc.tmp
2025-07-05 11:22:18,249 [INFO] Middleware:1452 - No code input for Bsp Dependency
2025-07-05 11:22:18,259 [INFO] CodeEngine:263 - oldGeneratedFile, C:\Users\marcv\Desktop\X1-Thorn\1_Code\3_STM32\0_workspace\X1_Thorn_v3\MXTmpFiles\rtos_inc.tmp_save
2025-07-05 11:22:18,325 [INFO] CodeEngine:287 - Generated code: C:\Users\marcv\Desktop\X1-Thorn\1_Code\3_STM32\0_workspace\X1_Thorn_v3\MXTmpFiles\rtos_inc.tmp
2025-07-05 11:22:18,332 [INFO] CodeEngine:263 - oldGeneratedFile, C:\Users\marcv\Desktop\X1-Thorn\1_Code\3_STM32\0_workspace\X1_Thorn_v3\MXTmpFiles\rtos_kernelInit.tmp_save
2025-07-05 11:22:18,383 [INFO] CodeEngine:287 - Generated code: C:\Users\marcv\Desktop\X1-Thorn\1_Code\3_STM32\0_workspace\X1_Thorn_v3\MXTmpFiles\rtos_kernelInit.tmp
2025-07-05 11:22:18,390 [INFO] CodeEngine:263 - oldGeneratedFile, C:\Users\marcv\Desktop\X1-Thorn\1_Code\3_STM32\0_workspace\X1_Thorn_v3\MXTmpFiles\rtos_kernelStart.tmp_save
2025-07-05 11:22:18,440 [INFO] CodeEngine:287 - Generated code: C:\Users\marcv\Desktop\X1-Thorn\1_Code\3_STM32\0_workspace\X1_Thorn_v3\MXTmpFiles\rtos_kernelStart.tmp
2025-07-05 11:22:18,447 [INFO] CodeEngine:263 - oldGeneratedFile, C:\Users\marcv\Desktop\X1-Thorn\1_Code\3_STM32\0_workspace\X1_Thorn_v3\MXTmpFiles\rtos_typedefs.tmp_save
2025-07-05 11:22:18,501 [INFO] CodeEngine:287 - Generated code: C:\Users\marcv\Desktop\X1-Thorn\1_Code\3_STM32\0_workspace\X1_Thorn_v3\MXTmpFiles\rtos_typedefs.tmp
2025-07-05 11:22:18,516 [INFO] CodeEngine:263 - oldGeneratedFile, C:\Users\marcv\Desktop\X1-Thorn\1_Code\3_STM32\0_workspace\X1_Thorn_v3\MXTmpFiles\rtos_vars.tmp_save
2025-07-05 11:22:18,568 [INFO] CodeEngine:287 - Generated code: C:\Users\marcv\Desktop\X1-Thorn\1_Code\3_STM32\0_workspace\X1_Thorn_v3\MXTmpFiles\rtos_vars.tmp
2025-07-05 11:22:18,575 [INFO] CodeEngine:263 - oldGeneratedFile, C:\Users\marcv\Desktop\X1-Thorn\1_Code\3_STM32\0_workspace\X1_Thorn_v3\MXTmpFiles\rtos_pfp.tmp_save
2025-07-05 11:22:18,626 [INFO] CodeEngine:287 - Generated code: C:\Users\marcv\Desktop\X1-Thorn\1_Code\3_STM32\0_workspace\X1_Thorn_v3\MXTmpFiles\rtos_pfp.tmp
2025-07-05 11:22:18,641 [INFO] CodeEngine:263 - oldGeneratedFile, C:\Users\marcv\Desktop\X1-Thorn\1_Code\3_STM32\0_workspace\X1_Thorn_v3\MXTmpFiles\rtos_obj_creat.tmp_save
2025-07-05 11:22:18,701 [INFO] CodeEngine:287 - Generated code: C:\Users\marcv\Desktop\X1-Thorn\1_Code\3_STM32\0_workspace\X1_Thorn_v3\MXTmpFiles\rtos_obj_creat.tmp
2025-07-05 11:22:18,708 [INFO] CodeEngine:263 - oldGeneratedFile, C:\Users\marcv\Desktop\X1-Thorn\1_Code\3_STM32\0_workspace\X1_Thorn_v3\MXTmpFiles\rtos_default_thread.tmp_save
2025-07-05 11:22:18,759 [INFO] CodeEngine:287 - Generated code: C:\Users\marcv\Desktop\X1-Thorn\1_Code\3_STM32\0_workspace\X1_Thorn_v3\MXTmpFiles\rtos_default_thread.tmp
2025-07-05 11:22:18,766 [INFO] CodeEngine:263 - oldGeneratedFile, C:\Users\marcv\Desktop\X1-Thorn\1_Code\3_STM32\0_workspace\X1_Thorn_v3\MXTmpFiles\rtos_threads.tmp_save
2025-07-05 11:22:18,815 [INFO] CodeEngine:287 - Generated code: C:\Users\marcv\Desktop\X1-Thorn\1_Code\3_STM32\0_workspace\X1_Thorn_v3\MXTmpFiles\rtos_threads.tmp
2025-07-05 11:22:18,841 [INFO] CodeEngine:263 - oldGeneratedFile, C:\Users\marcv\Desktop\X1-Thorn\1_Code\3_STM32\0_workspace\X1_Thorn_v3\Core\Inc\FreeRTOSConfig.h_save
2025-07-05 11:22:18,943 [INFO] CodeEngine:287 - Generated code: C:\Users\marcv\Desktop\X1-Thorn\1_Code\3_STM32\0_workspace\X1_Thorn_v3\Core\Inc\FreeRTOSConfig.h
2025-07-05 11:22:18,974 [INFO] CodeEngine:263 - oldGeneratedFile, C:\Users\marcv\Desktop\X1-Thorn\1_Code\3_STM32\0_workspace\X1_Thorn_v3\Core\Src\freertos.c_save
2025-07-05 11:22:19,078 [INFO] CodeEngine:287 - Generated code: C:\Users\marcv\Desktop\X1-Thorn\1_Code\3_STM32\0_workspace\X1_Thorn_v3\Core\Src\freertos.c
2025-07-05 11:22:19,121 [INFO] CodeEngine:263 - oldGeneratedFile, C:\Users\marcv\Desktop\X1-Thorn\1_Code\3_STM32\0_workspace\X1_Thorn_v3\Core\Src\adc.c_save
2025-07-05 11:22:19,263 [INFO] CodeEngine:287 - Generated code: C:\Users\marcv\Desktop\X1-Thorn\1_Code\3_STM32\0_workspace\X1_Thorn_v3\Core\Src\adc.c
2025-07-05 11:22:19,289 [INFO] CodeEngine:263 - oldGeneratedFile, C:\Users\marcv\Desktop\X1-Thorn\1_Code\3_STM32\0_workspace\X1_Thorn_v3\Core\Inc\adc.h_save
2025-07-05 11:22:19,394 [INFO] CodeEngine:287 - Generated code: C:\Users\marcv\Desktop\X1-Thorn\1_Code\3_STM32\0_workspace\X1_Thorn_v3\Core\Inc\adc.h
2025-07-05 11:22:19,418 [INFO] CodeEngine:263 - oldGeneratedFile, C:\Users\marcv\Desktop\X1-Thorn\1_Code\3_STM32\0_workspace\X1_Thorn_v3\MXTmpFiles\cortex.tmp_save
2025-07-05 11:22:19,493 [INFO] CodeEngine:287 - Generated code: C:\Users\marcv\Desktop\X1-Thorn\1_Code\3_STM32\0_workspace\X1_Thorn_v3\MXTmpFiles\cortex.tmp
2025-07-05 11:22:19,607 [INFO] CodeEngine:263 - oldGeneratedFile, C:\Users\marcv\Desktop\X1-Thorn\1_Code\3_STM32\0_workspace\X1_Thorn_v3\Core\Src\dma.c_save
2025-07-05 11:22:19,686 [INFO] CodeEngine:287 - Generated code: C:\Users\marcv\Desktop\X1-Thorn\1_Code\3_STM32\0_workspace\X1_Thorn_v3\Core\Src\dma.c
2025-07-05 11:22:19,708 [INFO] CodeEngine:263 - oldGeneratedFile, C:\Users\marcv\Desktop\X1-Thorn\1_Code\3_STM32\0_workspace\X1_Thorn_v3\Core\Inc\dma.h_save
2025-07-05 11:22:19,791 [INFO] CodeEngine:287 - Generated code: C:\Users\marcv\Desktop\X1-Thorn\1_Code\3_STM32\0_workspace\X1_Thorn_v3\Core\Inc\dma.h
2025-07-05 11:22:19,821 [INFO] CodeEngine:263 - oldGeneratedFile, C:\Users\marcv\Desktop\X1-Thorn\1_Code\3_STM32\0_workspace\X1_Thorn_v3\MXTmpFiles\fatfs_HalInit.tmp_save
2025-07-05 11:22:19,891 [INFO] CodeEngine:287 - Generated code: C:\Users\marcv\Desktop\X1-Thorn\1_Code\3_STM32\0_workspace\X1_Thorn_v3\MXTmpFiles\fatfs_HalInit.tmp
2025-07-05 11:22:19,898 [INFO] CodeEngine:263 - oldGeneratedFile, C:\Users\marcv\Desktop\X1-Thorn\1_Code\3_STM32\0_workspace\X1_Thorn_v3\MXTmpFiles\fatfs_vars.tmp_save
2025-07-05 11:22:19,950 [INFO] CodeEngine:287 - Generated code: C:\Users\marcv\Desktop\X1-Thorn\1_Code\3_STM32\0_workspace\X1_Thorn_v3\MXTmpFiles\fatfs_vars.tmp
2025-07-05 11:22:19,957 [INFO] CodeEngine:263 - oldGeneratedFile, C:\Users\marcv\Desktop\X1-Thorn\1_Code\3_STM32\0_workspace\X1_Thorn_v3\MXTmpFiles\fatfs_ext_vars.tmp_save
2025-07-05 11:22:20,008 [INFO] CodeEngine:287 - Generated code: C:\Users\marcv\Desktop\X1-Thorn\1_Code\3_STM32\0_workspace\X1_Thorn_v3\MXTmpFiles\fatfs_ext_vars.tmp
2025-07-05 11:22:20,015 [INFO] CodeEngine:263 - oldGeneratedFile, C:\Users\marcv\Desktop\X1-Thorn\1_Code\3_STM32\0_workspace\X1_Thorn_v3\MXTmpFiles\fatfs_inc.tmp_save
2025-07-05 11:22:20,071 [INFO] CodeEngine:287 - Generated code: C:\Users\marcv\Desktop\X1-Thorn\1_Code\3_STM32\0_workspace\X1_Thorn_v3\MXTmpFiles\fatfs_inc.tmp
2025-07-05 11:22:20,095 [INFO] CodeEngine:263 - oldGeneratedFile, C:\Users\marcv\Desktop\X1-Thorn\1_Code\3_STM32\0_workspace\X1_Thorn_v3\FATFS\Target\ffconf.h_save
2025-07-05 11:22:20,205 [INFO] CodeEngine:287 - Generated code: C:\Users\marcv\Desktop\X1-Thorn\1_Code\3_STM32\0_workspace\X1_Thorn_v3\FATFS\Target\ffconf.h
2025-07-05 11:22:20,229 [INFO] CodeEngine:263 - oldGeneratedFile, C:\Users\marcv\Desktop\X1-Thorn\1_Code\3_STM32\0_workspace\X1_Thorn_v3\FATFS\Target\bsp_driver_sd.c_save
2025-07-05 11:22:20,312 [INFO] CodeEngine:287 - Generated code: C:\Users\marcv\Desktop\X1-Thorn\1_Code\3_STM32\0_workspace\X1_Thorn_v3\FATFS\Target\bsp_driver_sd.c
2025-07-05 11:22:20,337 [INFO] CodeEngine:263 - oldGeneratedFile, C:\Users\marcv\Desktop\X1-Thorn\1_Code\3_STM32\0_workspace\X1_Thorn_v3\FATFS\Target\bsp_driver_sd.h_save
2025-07-05 11:22:20,418 [INFO] CodeEngine:287 - Generated code: C:\Users\marcv\Desktop\X1-Thorn\1_Code\3_STM32\0_workspace\X1_Thorn_v3\FATFS\Target\bsp_driver_sd.h
2025-07-05 11:22:20,441 [INFO] CodeEngine:263 - oldGeneratedFile, C:\Users\marcv\Desktop\X1-Thorn\1_Code\3_STM32\0_workspace\X1_Thorn_v3\FATFS\Target\sd_diskio.h_save
2025-07-05 11:22:20,527 [INFO] CodeEngine:287 - Generated code: C:\Users\marcv\Desktop\X1-Thorn\1_Code\3_STM32\0_workspace\X1_Thorn_v3\FATFS\Target\sd_diskio.h
2025-07-05 11:22:20,551 [INFO] CodeEngine:263 - oldGeneratedFile, C:\Users\marcv\Desktop\X1-Thorn\1_Code\3_STM32\0_workspace\X1_Thorn_v3\FATFS\Target\sd_diskio.c_save
2025-07-05 11:22:20,643 [INFO] CodeEngine:287 - Generated code: C:\Users\marcv\Desktop\X1-Thorn\1_Code\3_STM32\0_workspace\X1_Thorn_v3\FATFS\Target\sd_diskio.c
2025-07-05 11:22:20,667 [INFO] CodeEngine:263 - oldGeneratedFile, C:\Users\marcv\Desktop\X1-Thorn\1_Code\3_STM32\0_workspace\X1_Thorn_v3\FATFS\App\fatfs.c_save
2025-07-05 11:22:20,750 [INFO] CodeEngine:287 - Generated code: C:\Users\marcv\Desktop\X1-Thorn\1_Code\3_STM32\0_workspace\X1_Thorn_v3\FATFS\App\fatfs.c
2025-07-05 11:22:20,771 [INFO] CodeEngine:263 - oldGeneratedFile, C:\Users\marcv\Desktop\X1-Thorn\1_Code\3_STM32\0_workspace\X1_Thorn_v3\FATFS\App\fatfs.h_save
2025-07-05 11:22:20,864 [INFO] CodeEngine:287 - Generated code: C:\Users\marcv\Desktop\X1-Thorn\1_Code\3_STM32\0_workspace\X1_Thorn_v3\FATFS\App\fatfs.h
2025-07-05 11:22:20,884 [INFO] CodeEngine:263 - oldGeneratedFile, C:\Users\marcv\Desktop\X1-Thorn\1_Code\3_STM32\0_workspace\X1_Thorn_v3\FATFS\Target\fatfs_platform.c_save
2025-07-05 11:22:20,953 [INFO] CodeEngine:287 - Generated code: C:\Users\marcv\Desktop\X1-Thorn\1_Code\3_STM32\0_workspace\X1_Thorn_v3\FATFS\Target\fatfs_platform.c
2025-07-05 11:22:20,975 [INFO] CodeEngine:263 - oldGeneratedFile, C:\Users\marcv\Desktop\X1-Thorn\1_Code\3_STM32\0_workspace\X1_Thorn_v3\FATFS\Target\fatfs_platform.h_save
2025-07-05 11:22:21,049 [INFO] CodeEngine:287 - Generated code: C:\Users\marcv\Desktop\X1-Thorn\1_Code\3_STM32\0_workspace\X1_Thorn_v3\FATFS\Target\fatfs_platform.h
2025-07-05 11:22:21,071 [INFO] CodeEngine:263 - oldGeneratedFile, C:\Users\marcv\Desktop\X1-Thorn\1_Code\3_STM32\0_workspace\X1_Thorn_v3\Core\Src\i2c.c_save
2025-07-05 11:22:21,176 [INFO] CodeEngine:287 - Generated code: C:\Users\marcv\Desktop\X1-Thorn\1_Code\3_STM32\0_workspace\X1_Thorn_v3\Core\Src\i2c.c
2025-07-05 11:22:21,184 [INFO] CodeEngine:263 - oldGeneratedFile, C:\Users\marcv\Desktop\X1-Thorn\1_Code\3_STM32\0_workspace\X1_Thorn_v3\Core\Inc\i2c.h_save
2025-07-05 11:22:21,266 [INFO] CodeEngine:287 - Generated code: C:\Users\marcv\Desktop\X1-Thorn\1_Code\3_STM32\0_workspace\X1_Thorn_v3\Core\Inc\i2c.h
2025-07-05 11:22:21,288 [INFO] CodeEngine:263 - oldGeneratedFile, C:\Users\marcv\Desktop\X1-Thorn\1_Code\3_STM32\0_workspace\X1_Thorn_v3\Core\Src\memorymap.c_save
2025-07-05 11:22:21,378 [INFO] CodeEngine:287 - Generated code: C:\Users\marcv\Desktop\X1-Thorn\1_Code\3_STM32\0_workspace\X1_Thorn_v3\Core\Src\memorymap.c
2025-07-05 11:22:21,385 [INFO] CodeEngine:263 - oldGeneratedFile, C:\Users\marcv\Desktop\X1-Thorn\1_Code\3_STM32\0_workspace\X1_Thorn_v3\Core\Inc\memorymap.h_save
2025-07-05 11:22:21,470 [INFO] CodeEngine:287 - Generated code: C:\Users\marcv\Desktop\X1-Thorn\1_Code\3_STM32\0_workspace\X1_Thorn_v3\Core\Inc\memorymap.h
2025-07-05 11:22:21,495 [INFO] CodeEngine:263 - oldGeneratedFile, C:\Users\marcv\Desktop\X1-Thorn\1_Code\3_STM32\0_workspace\X1_Thorn_v3\Core\Src\sdmmc.c_save
2025-07-05 11:22:21,601 [INFO] CodeEngine:287 - Generated code: C:\Users\marcv\Desktop\X1-Thorn\1_Code\3_STM32\0_workspace\X1_Thorn_v3\Core\Src\sdmmc.c
2025-07-05 11:22:21,610 [INFO] CodeEngine:263 - oldGeneratedFile, C:\Users\marcv\Desktop\X1-Thorn\1_Code\3_STM32\0_workspace\X1_Thorn_v3\Core\Inc\sdmmc.h_save
2025-07-05 11:22:21,700 [INFO] CodeEngine:287 - Generated code: C:\Users\marcv\Desktop\X1-Thorn\1_Code\3_STM32\0_workspace\X1_Thorn_v3\Core\Inc\sdmmc.h
2025-07-05 11:22:21,722 [INFO] CodeEngine:263 - oldGeneratedFile, C:\Users\marcv\Desktop\X1-Thorn\1_Code\3_STM32\0_workspace\X1_Thorn_v3\Core\Src\spi.c_save
2025-07-05 11:22:21,832 [INFO] CodeEngine:287 - Generated code: C:\Users\marcv\Desktop\X1-Thorn\1_Code\3_STM32\0_workspace\X1_Thorn_v3\Core\Src\spi.c
2025-07-05 11:22:21,838 [INFO] CodeEngine:263 - oldGeneratedFile, C:\Users\marcv\Desktop\X1-Thorn\1_Code\3_STM32\0_workspace\X1_Thorn_v3\Core\Inc\spi.h_save
2025-07-05 11:22:21,925 [INFO] CodeEngine:287 - Generated code: C:\Users\marcv\Desktop\X1-Thorn\1_Code\3_STM32\0_workspace\X1_Thorn_v3\Core\Inc\spi.h
2025-07-05 11:22:21,950 [INFO] CodeEngine:263 - oldGeneratedFile, C:\Users\marcv\Desktop\X1-Thorn\1_Code\3_STM32\0_workspace\X1_Thorn_v3\Core\Src\tim.c_save
2025-07-05 11:22:22,066 [INFO] CodeEngine:287 - Generated code: C:\Users\marcv\Desktop\X1-Thorn\1_Code\3_STM32\0_workspace\X1_Thorn_v3\Core\Src\tim.c
2025-07-05 11:22:22,074 [INFO] CodeEngine:263 - oldGeneratedFile, C:\Users\marcv\Desktop\X1-Thorn\1_Code\3_STM32\0_workspace\X1_Thorn_v3\Core\Inc\tim.h_save
2025-07-05 11:22:22,167 [INFO] CodeEngine:287 - Generated code: C:\Users\marcv\Desktop\X1-Thorn\1_Code\3_STM32\0_workspace\X1_Thorn_v3\Core\Inc\tim.h
2025-07-05 11:22:22,188 [INFO] CodeEngine:263 - oldGeneratedFile, C:\Users\marcv\Desktop\X1-Thorn\1_Code\3_STM32\0_workspace\X1_Thorn_v3\Core\Src\usart.c_save
2025-07-05 11:22:22,300 [INFO] CodeEngine:287 - Generated code: C:\Users\marcv\Desktop\X1-Thorn\1_Code\3_STM32\0_workspace\X1_Thorn_v3\Core\Src\usart.c
2025-07-05 11:22:22,308 [INFO] CodeEngine:263 - oldGeneratedFile, C:\Users\marcv\Desktop\X1-Thorn\1_Code\3_STM32\0_workspace\X1_Thorn_v3\Core\Inc\usart.h_save
2025-07-05 11:22:22,412 [INFO] CodeEngine:287 - Generated code: C:\Users\marcv\Desktop\X1-Thorn\1_Code\3_STM32\0_workspace\X1_Thorn_v3\Core\Inc\usart.h
2025-07-05 11:22:22,471 [INFO] CodeEngine:263 - oldGeneratedFile, C:\Users\marcv\Desktop\X1-Thorn\1_Code\3_STM32\0_workspace\X1_Thorn_v3\Core\Src\stm32h7xx_it.c_save
2025-07-05 11:22:22,672 [INFO] CodeEngine:287 - Generated code: C:\Users\marcv\Desktop\X1-Thorn\1_Code\3_STM32\0_workspace\X1_Thorn_v3\Core\Src\stm32h7xx_it.c
2025-07-05 11:22:22,697 [INFO] CodeEngine:263 - oldGeneratedFile, C:\Users\marcv\Desktop\X1-Thorn\1_Code\3_STM32\0_workspace\X1_Thorn_v3\Core\Inc\stm32h7xx_it.h_save
2025-07-05 11:22:22,803 [INFO] CodeEngine:287 - Generated code: C:\Users\marcv\Desktop\X1-Thorn\1_Code\3_STM32\0_workspace\X1_Thorn_v3\Core\Inc\stm32h7xx_it.h
2025-07-05 11:22:22,975 [INFO] CodeEngine:263 - oldGeneratedFile, C:\Users\marcv\Desktop\X1-Thorn\1_Code\3_STM32\0_workspace\X1_Thorn_v3\Core\Src\stm32h7xx_hal_msp.c_save
2025-07-05 11:22:23,077 [INFO] CodeEngine:287 - Generated code: C:\Users\marcv\Desktop\X1-Thorn\1_Code\3_STM32\0_workspace\X1_Thorn_v3\Core\Src\stm32h7xx_hal_msp.c
2025-07-05 11:22:23,090 [INFO] CodeEngine:263 - oldGeneratedFile, C:\Users\marcv\Desktop\X1-Thorn\1_Code\3_STM32\0_workspace\X1_Thorn_v3\MXTmpFiles\system.tmp_save
2025-07-05 11:22:23,153 [INFO] CodeEngine:287 - Generated code: C:\Users\marcv\Desktop\X1-Thorn\1_Code\3_STM32\0_workspace\X1_Thorn_v3\MXTmpFiles\system.tmp
2025-07-05 11:22:23,176 [INFO] CodeEngine:263 - oldGeneratedFile, C:\Users\marcv\Desktop\X1-Thorn\1_Code\3_STM32\0_workspace\X1_Thorn_v3\Core\Src\stm32h7xx_hal_timebase_tim.c_save
2025-07-05 11:22:23,253 [INFO] CodeEngine:287 - Generated code: C:\Users\marcv\Desktop\X1-Thorn\1_Code\3_STM32\0_workspace\X1_Thorn_v3\Core\Src\stm32h7xx_hal_timebase_tim.c
2025-07-05 11:22:23,287 [INFO] CodeEngine:319 - oldGeneratedFile, C:\Users\marcv\Desktop\X1-Thorn\1_Code\3_STM32\0_workspace\X1_Thorn_v3\Core\Inc\stm32h7xx_hal_conf.h_save
2025-07-05 11:22:23,377 [INFO] CodeEngine:343 - Generated code: C:\Users\marcv\Desktop\X1-Thorn\1_Code\3_STM32\0_workspace\X1_Thorn_v3\Core\Inc\stm32h7xx_hal_conf.h
2025-07-05 11:22:23,441 [INFO] ApiDbMcu:508 - Load IP Config File for ADC2
2025-07-05 11:22:23,443 [INFO] ApiDbMcu:508 - Load IP Config File for ADC3
2025-07-05 11:22:23,446 [INFO] ApiDbMcu:508 - Load IP Config File for I2C2
2025-07-05 11:22:23,447 [ERROR] ApiDbMcu:464 - Can't load MEMORYMAP-STM32xx root dir null
2025-07-05 11:22:23,447 [ERROR] ApiDbMcu:536 - Cannot parse MEMORYMAP_Config file : file do not exist
2025-07-05 11:22:23,449 [INFO] ApiDbMcu:508 - Load IP Config File for SDMMC1
2025-07-05 11:22:23,453 [INFO] ApiDbMcu:508 - Load IP Config File for SPI4
2025-07-05 11:22:23,464 [INFO] ApiDbMcu:508 - Load IP Config File for TIM1
2025-07-05 11:22:23,476 [INFO] ApiDbMcu:508 - Load IP Config File for TIM2
2025-07-05 11:22:23,487 [INFO] ApiDbMcu:508 - Load IP Config File for TIM3
2025-07-05 11:22:23,497 [INFO] ApiDbMcu:508 - Load IP Config File for TIM5
2025-07-05 11:22:23,506 [INFO] ApiDbMcu:508 - Load IP Config File for TIM15
2025-07-05 11:22:23,517 [INFO] ApiDbMcu:508 - Load IP Config File for TIM16
2025-07-05 11:22:23,536 [INFO] ApiDbMcu:508 - Load IP Config File for TIM17
2025-07-05 11:22:23,545 [INFO] ApiDbMcu:508 - Load IP Config File for UART5
2025-07-05 11:22:23,554 [INFO] ApiDbMcu:508 - Load IP Config File for UART8
2025-07-05 11:22:23,558 [INFO] ApiDbMcu:508 - Load IP Config File for RCC
2025-07-05 11:22:23,589 [INFO] CodeEngine:263 - oldGeneratedFile, C:\Users\marcv\Desktop\X1-Thorn\1_Code\3_STM32\0_workspace\X1_Thorn_v3\Core\Inc\main.h_save
2025-07-05 11:22:23,683 [INFO] CodeEngine:287 - Generated code: C:\Users\marcv\Desktop\X1-Thorn\1_Code\3_STM32\0_workspace\X1_Thorn_v3\Core\Inc\main.h
2025-07-05 11:22:23,710 [INFO] CodeEngine:263 - oldGeneratedFile, C:\Users\marcv\Desktop\X1-Thorn\1_Code\3_STM32\0_workspace\X1_Thorn_v3\Core\Src\main.c_save
2025-07-05 11:22:23,868 [INFO] CodeEngine:287 - Generated code: C:\Users\marcv\Desktop\X1-Thorn\1_Code\3_STM32\0_workspace\X1_Thorn_v3\Core\Src\main.c
2025-07-05 11:22:24,769 [INFO] ProjectBuilder:3324 - Time for Copy HAL[1] : 689mS.
2025-07-05 11:22:24,790 [INFO] ProjectBuilder:4912 - Project Generator version: 4.6.0-B36
2025-07-05 11:22:24,884 [INFO] ConfigFileManager:1590 - The Die is : DIE450
2025-07-05 11:22:24,896 [INFO] ApiDbMcu:508 - Load IP Config File for LIBJPEG
2025-07-05 11:22:24,917 [INFO] ApiDbMcu:508 - Load IP Config File for LWIP
2025-07-05 11:22:24,932 [INFO] ApiDbMcu:508 - Load IP Config File for MBEDTLS
2025-07-05 11:22:24,937 [INFO] ApiDbMcu:508 - Load IP Config File for USB_DEVICE
2025-07-05 11:22:24,949 [INFO] ApiDbMcu:508 - Load IP Config File for USB_HOST
2025-07-05 11:22:25,788 [INFO] LogOutputStream:77 - [STDOUT_REDIRECT] 
2025-07-05 11:22:28,099 [INFO] ProjectBuilder:5191 - Time for Generating toolchain IDE Files: 3309mS.
2025-07-05 11:22:28,100 [INFO] ProjectBuilder:3181 - Time for Copy CMSIS : 0mS.
2025-07-05 11:22:28,123 [INFO] ProjectBuilder:3181 - Time for Copy CMSIS : 0mS.
