Timestamp,r_ref,q_ref,curr_ax,curr_roll_rate,curr_pitch_rate,curr_yaw_rate,curr_qw,curr_qx,curr_qy,curr_qz,thrust_ref,p_ref,omega_L_ref,omega_R_ref,servo_L_ref,servo_R_ref,Temperature,Voltage,Current,RPM2,RPM4,Throttle2,Throttle4,ErrorCodes
86404,0.359,0.093,-0.057,0.063,-0.588,-0.072,0.480,-0.473,-0.540,-0.504,0.000,0.005,3389,0,-27,18,0,0.000,0.000,0,0,0,0,0
86503,0.413,0.212,-0.050,-0.010,-0.057,-0.191,0.466,-0.479,-0.553,-0.497,0.000,0.009,5177,0,-5,3,0,0.000,0.000,0,0,0,0,0
86603,0.434,0.256,-0.070,0.029,-0.480,0.126,0.460,-0.482,-0.557,-0.496,0.000,0.010,2453,0,-27,22,0,0.000,0.000,0,0,0,0,0
86703,0.329,0.395,-0.083,-0.040,-0.388,0.419,0.453,-0.501,-0.561,-0.479,0.000,0.009,0,3456,-20,20,0,0.000,0.000,305,0,0,0,0
86803,0.172,0.354,-0.099,0.230,0.437,0.260,0.470,-0.505,-0.551,-0.470,0.000,0.003,0,1121,-4,-11,0,0.000,0.000,305,0,0,0,0
86903,0.169,0.290,-0.158,0.219,-0.026,-0.127,0.481,-0.495,-0.551,-0.470,0.000,0.003,4477,0,-20,8,0,0.000,0.000,305,305,0,0,0
87003,0.282,0.325,-0.187,0.004,0.141,-0.397,0.474,-0.486,-0.564,-0.471,0.000,0.006,6480,0,4,2,0,0.000,0.000,305,305,0,0,0
87103,0.392,0.172,-0.122,0.090,0.372,-0.111,0.481,-0.466,-0.558,-0.490,0.000,0.007,4752,0,-5,-4,0,0.000,0.000,305,305,0,0,0
87203,0.346,0.174,-0.072,-0.141,-0.303,0.193,0.482,-0.472,-0.554,-0.489,0.000,0.006,2739,0,-17,22,0,0.000,0.000,305,305,0,0,0
87303,0.255,0.270,-0.006,-0.001,-0.244,0.233,0.477,-0.487,-0.555,-0.477,0.000,0.005,2275,0,-18,13,0,0.000,0.000,305,305,0,0,0
87403,0.198,0.265,0.014,-0.008,0.140,0.113,0.480,-0.492,-0.550,-0.475,0.000,0.003,3430,0,-7,4,0,0.000,0.000,305,305,0,0,0
87503,0.185,0.237,-0.029,0.021,-0.002,-0.020,0.484,-0.490,-0.547,-0.475,0.000,0.003,4274,0,-13,9,0,0.000,0.000,305,305,0,0,0
87603,0.210,0.298,0.019,0.107,-0.279,-0.107,0.478,-0.492,-0.555,-0.471,0.000,0.004,4900,0,-24,15,0,0.000,0.000,305,305,0,0,0
87703,0.249,0.366,0.054,0.197,-0.139,-0.086,0.474,-0.488,-0.568,-0.463,0.000,0.006,4788,0,-21,10,0,0.000,0.000,305,305,0,0,0
87803,0.257,0.409,-0.015,-0.016,-0.117,-0.057,0.472,-0.489,-0.574,-0.458,0.000,0.006,4954,0,-14,18,0,0.000,0.000,305,305,0,0,0
87903,0.270,0.421,-0.075,-0.204,0.083,0.016,0.467,-0.492,-0.573,-0.460,0.000,0.007,4483,0,-6,16,0,0.000,0.000,305,305,0,0,0
88003,0.227,0.364,-0.100,-0.240,0.228,0.188,0.470,-0.497,-0.560,-0.468,0.000,0.005,3197,0,-3,12,0,0.000,0.000,305,305,0,0,0
88103,0.192,0.286,-0.040,-0.229,0.258,0.018,0.474,-0.500,-0.546,-0.478,0.000,0.004,4683,0,-3,10,31,16.640,81.370,305,305,0,0,0
88203,0.192,0.253,0.006,-0.159,0.066,0.036,0.472,-0.502,-0.539,-0.485,0.000,0.003,4403,0,-10,12,31,16.640,81.370,305,305,0,0,0
88303,0.172,0.241,0.002,-0.061,0.061,0.056,0.472,-0.505,-0.534,-0.487,0.000,0.003,4152,0,-11,9,31,16.620,81.370,305,305,0,0,0
88403,0.126,0.239,-0.089,-0.182,0.027,0.138,0.473,-0.511,-0.528,-0.487,0.000,0.002,3283,0,-7,15,31,16.620,81.370,305,305,0,0,0
88503,0.115,0.169,-0.161,-0.007,0.386,-0.061,0.476,-0.509,-0.519,-0.495,0.000,0.000,5029,0,-2,-4,31,16.640,81.370,305,305,0,0,0
88603,0.154,0.093,-0.128,0.253,0.116,-0.107,0.484,-0.496,-0.519,-0.500,0.000,0.001,5146,0,-18,1,31,16.640,81.370,305,305,0,0,0
88703,0.152,0.109,-0.055,0.232,-0.151,0.087,0.489,-0.491,-0.526,-0.492,0.000,0.001,3676,0,-21,9,31,16.630,81.370,305,305,0,0,0
88803,0.126,0.135,-0.020,0.234,-0.060,0.009,0.494,-0.489,-0.532,-0.483,0.000,0.001,4546,0,-17,5,31,16.630,81.370,305,305,0,0,0
88903,0.086,0.139,-0.048,0.237,0.029,-0.013,0.502,-0.486,-0.536,-0.475,0.000,0.001,4359,0,-15,3,30,16.650,81.370,305,305,0,0,0
89003,0.064,0.137,-0.017,0.099,-0.128,-0.010,0.506,-0.483,-0.538,-0.470,0.000,0.000,4107,0,-17,13,30,16.650,81.370,305,305,0,0,0
89103,0.056,0.180,0.072,0.114,-0.152,-0.029,0.505,-0.485,-0.543,-0.464,0.000,0.001,4305,0,-19,11,31,16.640,81.370,305,305,0,0,0
89203,0.032,0.235,0.048,0.117,-0.111,-0.034,0.505,-0.487,-0.550,-0.454,0.000,0.000,4133,0,-19,11,31,16.640,81.370,305,305,0,0,0
89303,0.033,0.267,-0.100,0.038,-0.081,-0.063,0.500,-0.491,-0.551,-0.454,0.000,0.000,4432,0,-17,14,31,16.630,81.370,305,305,0,0,0
89403,0.047,0.282,-0.232,0.028,0.233,-0.013,0.495,-0.495,-0.550,-0.456,0.000,0.001,4092,0,-9,2,31,16.630,81.370,305,305,0,0,0
89503,0.027,0.214,-0.194,0.062,0.241,0.127,0.501,-0.492,-0.542,-0.461,0.000,0.000,2727,0,-10,4,31,16.630,81.410,305,305,0,0,0
89603,-0.026,0.152,-0.118,0.047,0.288,0.117,0.510,-0.491,-0.533,-0.464,0.000,-0.000,2757,0,-6,2,31,16.630,81.410,305,305,0,0,0
89703,-0.013,0.075,-0.030,0.137,0.150,-0.264,0.514,-0.486,-0.526,-0.472,0.000,0.000,5810,0,-13,2,31,16.650,81.370,305,305,0,0,0
89803,0.134,0.046,0.041,0.273,0.064,-0.356,0.511,-0.470,-0.535,-0.480,0.000,0.001,6193,0,-16,1,31,16.650,81.370,305,305,0,0,0
89903,0.211,0.051,0.092,0.070,-0.073,-0.044,0.510,-0.462,-0.543,-0.482,0.000,0.002,4583,0,-13,11,31,16.630,81.370,305,305,0,0,0
90003,0.189,0.090,0.092,-0.030,-0.110,0.033,0.507,-0.467,-0.545,-0.477,0.000,0.002,4357,0,-13,13,31,16.630,81.370,305,305,0,0,0
90103,0.145,0.129,0.045,-0.086,-0.109,0.032,0.503,-0.477,-0.542,-0.475,0.000,0.001,4312,0,-13,14,31,16.630,81.370,305,305,0,0,0
90203,0.129,0.156,-0.018,-0.149,-0.141,-0.027,0.497,-0.485,-0.539,-0.477,0.000,0.001,4645,0,-14,18,31,16.630,81.370,305,305,0,0,0
90303,0.141,0.182,-0.048,-0.187,0.036,-0.041,0.488,-0.493,-0.536,-0.481,0.000,0.002,4831,0,-8,12,31,16.630,81.370,305,305,0,0,0
90403,0.159,0.173,-0.051,0.001,0.000,-0.014,0.485,-0.494,-0.534,-0.486,0.000,0.002,4641,0,-16,9,31,16.640,81.370,305,305,0,0,0
90503,0.146,0.169,-0.024,0.034,0.007,0.069,0.486,-0.494,-0.533,-0.485,0.000,0.002,4071,0,-15,10,31,16.640,81.370,305,305,0,0,0
90603,0.132,0.171,0.015,0.040,0.023,0.017,0.487,-0.495,-0.532,-0.484,0.000,0.001,4463,0,-14,9,31,16.630,81.370,305,305,0,0,0
90703,0.118,0.162,0.007,0.040,-0.013,0.052,0.490,-0.494,-0.532,-0.483,0.000,0.001,4046,0,-16,10,31,16.630,81.370,305,305,0,0,0
90803,0.086,0.163,-0.019,-0.021,-0.003,0.100,0.492,-0.496,-0.530,-0.481,0.000,0.001,3579,0,-13,12,31,16.620,81.370,305,305,0,0,0
90903,0.054,0.149,-0.040,-0.057,0.066,0.044,0.494,-0.498,-0.526,-0.481,0.000,0.000,3965,0,-11,10,31,16.620,81.370,305,305,0,0,0
91003,0.043,0.120,-0.016,0.037,0.061,0.042,0.497,-0.497,-0.523,-0.483,0.000,0.000,3610,0,-15,9,31,16.620,81.370,305,305,0,0,0
91103,0.017,0.130,-0.033,0.038,-0.019,0.060,0.498,-0.499,-0.523,-0.480,0.000,0.000,3553,0,-15,10,31,16.630,81.370,305,305,0,0,0
91203,-0.003,0.140,-0.026,0.001,-0.040,0.024,0.499,-0.500,-0.523,-0.477,0.000,-0.000,3745,0,-15,12,31,16.630,81.370,305,305,0,0,0
91303,-0.010,0.144,0.008,0.027,0.024,-0.067,0.499,-0.501,-0.523,-0.476,0.000,-0.000,4393,0,-15,9,31,16.630,81.370,305,305,0,0,0
91403,0.019,0.159,0.011,0.034,-0.134,-0.068,0.497,-0.499,-0.526,-0.476,0.000,0.000,4349,0,-19,15,31,16.630,81.370,305,305,0,0,0
91503,0.043,0.183,-0.009,-0.018,-0.026,-0.069,0.494,-0.499,-0.530,-0.475,0.000,0.001,4499,0,-15,13,31,16.620,81.370,305,305,0,0,0
91603,0.065,0.200,-0.040,-0.014,-0.039,-0.044,0.490,-0.500,-0.532,-0.476,0.000,0.001,4398,0,-16,13,31,16.620,81.370,305,305,0,0,0
91703,0.078,0.200,-0.023,0.067,0.000,-0.030,0.490,-0.498,-0.534,-0.476,0.000,0.001,4364,0,-18,11,31,16.620,81.370,305,305,0,0,0
91803,0.076,0.206,-0.001,0.007,-0.018,0.026,0.491,-0.498,-0.535,-0.474,0.000,0.001,4000,0,-17,14,31,16.630,81.370,305,305,0,0,0
91903,0.068,0.211,-0.000,0.028,-0.034,-0.018,0.491,-0.499,-0.535,-0.473,0.000,0.001,4356,0,-19,13,31,16.630,81.370,305,305,0,0,0
92003,0.067,0.215,-0.014,0.036,0.012,0.013,0.491,-0.498,-0.536,-0.472,0.000,0.001,4075,0,-18,12,31,16.620,81.370,305,305,0,0,0
92103,0.064,0.225,-0.037,0.046,-0.020,0.013,0.491,-0.498,-0.538,-0.470,0.000,0.001,4077,0,-19,13,31,16.620,81.370,305,305,0,0,0
92203,0.051,0.227,-0.030,0.023,0.000,0.044,0.493,-0.498,-0.538,-0.468,0.000,0.001,3794,0,-18,14,31,16.620,81.370,305,305,0,0,0
92303,0.033,0.230,-0.023,0.013,-0.030,0.029,0.494,-0.500,-0.537,-0.467,0.000,0.000,3891,0,-19,15,31,16.620,81.370,305,305,0,0,0
92403,0.025,0.232,-0.024,-0.004,-0.038,-0.021,0.494,-0.500,-0.537,-0.466,0.000,0.000,4232,0,-19,16,31,16.620,81.370,305,305,0,0,0
92503,0.044,0.241,-0.045,0.009,-0.012,-0.086,0.492,-0.500,-0.539,-0.466,0.000,0.000,4680,0,-19,15,31,16.630,81.370,305,305,0,0,0
92603,0.055,0.240,-0.072,-0.084,0.077,0.047,0.491,-0.499,-0.539,-0.468,0.000,0.001,3569,0,-13,16,31,16.630,81.370,305,305,0,0,0
92703,0.040,0.214,-0.034,-0.041,0.040,0.061,0.493,-0.500,-0.534,-0.471,0.000,0.001,3560,0,-18,15,31,16.630,81.370,305,305,0,0,0
92803,0.016,0.229,-0.008,-0.013,-0.054,0.062,0.492,-0.504,-0.533,-0.469,0.000,0.000,3498,0,-20,17,31,16.630,81.370,305,305,0,0,0
92903,-0.031,0.239,-0.008,-0.070,-0.017,0.198,0.493,-0.509,-0.530,-0.466,0.000,-0.000,1101,0,-18,17,31,16.630,81.370,305,305,0,0,0
93003,-0.114,0.256,-0.016,-0.123,-0.112,0.223,0.494,-0.518,-0.523,-0.462,0.000,-0.001,0,1589,-21,21,31,16.620,81.370,305,305,0,0,0
93103,-0.153,0.292,-0.010,-0.068,-0.198,-0.010,0.491,-0.526,-0.522,-0.458,0.000,-0.001,3235,0,-25,24,31,16.620,81.370,305,305,0,0,0
93203,-0.135,0.358,0.000,-0.077,-0.141,-0.019,0.483,-0.531,-0.526,-0.455,0.000,-0.001,2777,0,-23,23,31,16.650,81.410,305,305,0,0,0
93303,-0.128,0.388,-0.025,0.026,0.087,0.017,0.479,-0.534,-0.528,-0.454,0.000,-0.002,2320,0,-21,14,31,16.650,81.410,305,305,0,0,0
93403,-0.137,0.359,-0.046,0.166,0.120,-0.022,0.484,-0.531,-0.527,-0.454,0.000,-0.002,2859,0,-24,10,31,16.630,81.370,305,305,0,0,0
93503,-0.125,0.318,-0.007,0.116,0.063,-0.056,0.490,-0.523,-0.529,-0.455,0.000,-0.001,2983,0,-23,16,31,16.630,81.370,305,305,0,0,0
93603,-0.113,0.320,0.040,0.117,-0.079,-0.028,0.492,-0.519,-0.533,-0.452,0.000,-0.001,2626,0,-28,19,31,16.630,81.370,305,305,0,0,0
93703,-0.110,0.352,0.026,0.063,-0.032,-0.049,0.491,-0.518,-0.538,-0.447,0.000,-0.001,2997,0,-24,19,31,16.640,81.370,305,305,0,0,0
93803,-0.084,0.352,0.005,0.112,-0.037,-0.117,0.491,-0.514,-0.542,-0.447,0.000,-0.001,3724,0,-28,18,31,16.640,81.370,305,305,0,0,0
93903,-0.050,0.359,-0.022,0.107,-0.061,-0.068,0.492,-0.509,-0.548,-0.446,0.000,-0.001,3287,0,-28,20,31,16.640,81.370,305,305,0,0,0
94003,-0.044,0.377,-0.032,0.038,-0.039,0.012,0.491,-0.508,-0.552,-0.443,0.000,-0.001,2566,0,-25,21,31,16.620,81.370,305,305,0,0,0
94103,-0.056,0.395,-0.028,0.006,-0.050,0.023,0.491,-0.510,-0.553,-0.440,0.000,-0.001,2563,0,-26,23,31,16.620,81.370,305,305,0,0,0
94203,-0.055,0.395,-0.031,0.041,-0.051,-0.028,0.491,-0.509,-0.554,-0.439,0.000,-0.001,3113,0,-29,23,31,16.610,81.370,305,305,0,0,0
94303,-0.038,0.401,-0.027,0.102,0.083,-0.041,0.491,-0.506,-0.557,-0.438,0.000,-0.001,3150,0,-26,16,31,16.610,81.370,305,305,0,0,0
94403,-0.043,0.402,-0.038,0.128,0.020,-0.027,0.494,-0.504,-0.559,-0.435,0.000,-0.001,3130,0,-29,18,31,16.610,81.370,305,305,0,0,0
94503,-0.031,0.379,-0.033,0.160,0.029,-0.066,0.498,-0.497,-0.562,-0.434,0.000,-0.000,3502,0,-30,19,31,16.620,81.370,305,305,0,0,0
94603,-0.020,0.357,-0.056,0.147,-0.021,-0.061,0.503,-0.490,-0.565,-0.433,0.000,-0.000,3400,0,-30,20,31,16.620,81.370,305,305,0,0,0
94703,-0.032,0.365,-0.008,-0.017,0.001,0.081,0.504,-0.490,-0.566,-0.430,0.000,-0.001,1479,0,-25,24,31,16.610,81.370,305,305,0,0,0
94803,-0.060,0.354,0.058,-0.004,0.027,0.034,0.503,-0.497,-0.559,-0.434,0.000,-0.001,2507,0,-27,21,31,16.610,81.370,305,305,0,0,0
94903,-0.059,0.332,-0.004,0.152,0.059,-0.062,0.504,-0.496,-0.556,-0.436,0.000,-0.001,3401,0,-30,15,31,16.610,81.370,305,305,0,0,0
95003,-0.016,0.293,-0.076,0.253,0.190,-0.169,0.509,-0.486,-0.559,-0.439,0.000,-0.000,4326,0,-27,10,31,16.610,81.370,305,305,0,0,0
95103,0.030,0.249,-0.096,0.280,0.124,-0.093,0.517,-0.471,-0.565,-0.438,0.000,0.000,3754,0,-28,13,31,16.610,81.370,305,305,0,0,0
95203,0.051,0.238,-0.148,0.410,0.048,-0.082,0.523,-0.461,-0.572,-0.433,0.000,0.001,3997,0,-34,9,31,16.610,81.370,305,305,0,0,0
95303,0.078,0.207,-0.179,0.722,0.193,-0.037,0.536,-0.441,-0.583,-0.422,0.000,0.001,3872,0,-38,-4,31,16.620,81.370,305,305,0,0,0
95403,0.088,0.151,-0.204,0.852,0.177,-0.016,0.557,-0.414,-0.595,-0.406,0.000,0.001,3914,0,-39,-5,31,16.620,81.370,305,305,0,0,0
95503,0.086,0.110,-0.187,0.903,0.133,-0.056,0.577,-0.387,-0.607,-0.385,0.000,0.001,4313,0,-40,-5,31,16.630,81.370,305,305,0,0,0
95603,0.130,0.084,-0.139,0.844,0.192,-0.164,0.592,-0.358,-0.621,-0.367,0.000,0.001,5162,0,-35,-6,31,16.630,81.370,305,305,0,0,0
95703,0.169,0.050,-0.135,0.773,0.050,-0.091,0.607,-0.331,-0.631,-0.352,0.000,0.001,4867,0,-36,2,31,16.630,81.370,305,305,0,0,0
95803,0.173,0.041,-0.158,0.471,-0.017,0.022,0.615,-0.317,-0.638,-0.339,0.000,0.001,4246,0,-32,9,31,16.620,81.370,305,305,0,0,0
95903,0.130,0.062,-0.186,0.362,-0.004,0.172,0.620,-0.311,-0.643,-0.325,0.000,0.001,2771,0,-30,9,31,16.620,81.370,305,305,0,0,0
96003,0.092,0.071,-0.157,0.524,-0.062,-0.038,0.625,-0.305,-0.647,-0.312,0.000,0.000,4851,0,-39,5,31,16.630,81.370,305,305,0,0,0
96103,0.086,0.044,-0.100,0.400,0.216,0.026,0.634,-0.292,-0.650,-0.302,0.000,0.000,4077,0,-26,-1,31,16.630,81.370,305,305,0,0,0
96203,0.102,-0.019,-0.065,0.357,0.211,-0.084,0.643,-0.280,-0.647,-0.299,0.000,0.000,4990,0,-25,1,31,16.630,81.370,305,305,0,0,0
96303,0.128,-0.065,-0.014,0.239,0.084,-0.141,0.650,-0.271,-0.645,-0.297,0.000,-0.000,5337,0,-25,6,31,16.630,81.370,305,305,0,0,0
96403,0.165,-0.056,0.041,0.110,0.011,0.020,0.648,-0.267,-0.648,-0.299,0.000,-0.000,4056,0,-23,9,31,16.630,81.370,305,305,0,0,0
96503,0.125,-0.096,0.139,0.127,0.064,0.138,0.655,-0.266,-0.643,-0.295,0.000,-0.000,3342,0,-25,10,31,16.640,81.370,305,305,0,0,0
96603,0.096,-0.079,0.166,0.093,-0.020,0.047,0.654,-0.268,-0.644,-0.291,0.000,-0.000,4174,0,-24,9,31,16.640,81.370,305,305,0,0,0
96703,0.100,-0.079,0.069,-0.007,0.071,-0.044,0.654,-0.270,-0.643,-0.293,0.000,-0.000,4769,0,-19,8,31,16.640,81.370,305,305,0,0,0
96803,0.114,-0.097,0.000,-0.096,0.031,-0.049,0.653,-0.272,-0.640,-0.300,0.000,-0.000,4748,0,-19,11,31,16.640,81.370,305,305,0,0,0
96903,0.118,-0.134,0.006,0.003,0.166,0.046,0.654,-0.275,-0.634,-0.307,0.000,-0.000,3806,0,-18,3,31,16.640,81.370,305,305,0,0,0
97003,0.096,-0.175,0.029,0.039,0.082,0.027,0.659,-0.275,-0.629,-0.307,0.000,-0.001,4224,0,-20,5,31,16.630,81.370,305,305,0,0,0
97103,0.081,-0.188,0.019,0.019,-0.008,-0.014,0.661,-0.276,-0.627,-0.307,0.000,-0.001,4527,0,-21,7,31,16.630,81.370,305,305,0,0,0
97203,0.109,-0.174,-0.032,0.019,0.004,-0.087,0.658,-0.274,-0.629,-0.309,0.000,-0.001,4929,0,-19,6,31,16.640,81.370,305,305,0,0,0
97303,0.135,-0.197,-0.065,0.054,0.137,-0.060,0.659,-0.272,-0.627,-0.313,0.000,-0.001,4817,0,-17,2,31,16.640,81.370,305,305,0,0,0
97403,0.158,-0.225,-0.058,0.002,0.123,-0.049,0.661,-0.270,-0.624,-0.317,0.000,-0.001,4853,0,-15,3,31,16.640,81.370,305,305,0,0,0
97503,0.165,-0.274,-0.077,0.026,0.242,0.033,0.666,-0.267,-0.619,-0.320,0.000,-0.001,4292,0,-11,-3,31,16.640,81.370,305,305,0,0,0
97603,0.147,-0.342,-0.058,0.022,0.238,0.064,0.674,-0.264,-0.611,-0.321,0.000,-0.002,4107,0,-10,-3,31,16.640,81.370,305,305,0,0,0
97703,0.126,-0.399,0.001,-0.038,0.077,0.076,0.680,-0.263,-0.604,-0.322,0.000,-0.002,3841,0,-12,3,31,16.640,81.370,305,305,0,0,0
97803,0.158,-0.435,0.062,-0.034,0.249,-0.249,0.682,-0.260,-0.600,-0.328,0.000,-0.003,6228,0,-5,-7,31,16.640,81.370,305,305,0,0,0
97903,0.203,-0.423,0.128,0.096,-0.231,0.057,0.680,-0.254,-0.604,-0.328,0.000,-0.003,3946,0,-23,6,31,16.630,81.370,305,305,0,0,0
98003,0.204,-0.376,0.130,0.074,-0.079,-0.106,0.676,-0.255,-0.610,-0.324,0.000,-0.003,5576,0,-17,1,31,16.630,81.370,305,305,0,0,0
98103,0.243,-0.330,0.028,-0.001,-0.148,-0.171,0.670,-0.255,-0.617,-0.326,0.000,-0.002,5971,0,-19,5,31,16.620,81.370,305,305,0,0,0
98203,0.319,-0.292,0.111,-0.021,-0.100,-0.140,0.663,-0.251,-0.623,-0.331,0.000,-0.002,5759,0,-16,5,31,16.620,81.370,305,305,0,0,0
98303,0.293,-0.259,0.106,0.030,-0.219,0.293,0.661,-0.254,-0.626,-0.327,0.000,-0.002,1908,0,-23,8,31,16.620,81.370,305,305,0,0,0
98403,0.134,-0.175,0.068,0.031,-0.297,0.439,0.659,-0.270,-0.631,-0.309,0.000,-0.001,0,2191,-25,11,31,16.630,81.370,305,305,0,0,0
98503,0.043,-0.143,-0.032,0.092,-0.043,0.089,0.660,-0.277,-0.632,-0.298,0.000,-0.000,4334,0,-21,3,31,16.630,81.370,305,305,0,0,0
98603,0.076,-0.117,-0.075,0.017,-0.081,-0.147,0.656,-0.274,-0.637,-0.298,0.000,-0.000,5294,0,-20,7,31,16.630,81.370,305,305,0,0,0
98703,0.096,-0.103,-0.042,-0.046,-0.068,0.014,0.654,-0.275,-0.638,-0.300,0.000,-0.000,3999,0,-19,9,31,16.630,81.370,305,305,0,0,0
98803,0.071,-0.088,-0.022,-0.017,-0.049,0.081,0.652,-0.278,-0.639,-0.298,0.000,-0.000,3531,0,-20,7,31,16.630,81.370,305,305,0,0,0
98903,0.049,-0.078,-0.006,-0.048,-0.034,0.022,0.652,-0.282,-0.638,-0.297,0.000,-0.000,4079,0,-19,9,31,16.630,81.370,305,305,0,0,0
99003,0.028,-0.067,0.021,0.086,0.057,0.064,0.651,-0.284,-0.639,-0.295,0.000,-0.000,3486,0,-20,0,31,16.630,81.370,305,305,0,0,0
99103,-0.019,-0.063,0.009,-0.069,-0.133,0.089,0.653,-0.288,-0.638,-0.291,0.000,0.000,3153,0,-21,14,31,16.630,81.370,305,305,0,0,0
99203,-0.055,-0.007,-0.008,-0.079,-0.130,0.169,0.646,-0.297,-0.641,-0.289,0.000,0.000,948,0,-21,12,31,16.630,81.370,305,305,0,0,0
99303,-0.138,-0.035,-0.025,-0.101,0.362,0.219,0.650,-0.307,-0.633,-0.288,0.000,0.001,0,2344,-7,-5,31,16.630,81.370,305,305,0,0,0
99403,-0.225,-0.110,-0.027,-0.047,0.109,0.154,0.660,-0.312,-0.620,-0.287,0.000,0.002,0,1802,-17,5,31,16.630,81.370,305,305,0,0,0
99503,-0.228,-0.117,-0.015,-0.014,-0.064,-0.080,0.661,-0.312,-0.619,-0.287,0.000,0.002,2950,0,-20,9,31,16.630,81.370,305,305,0,0,0
99603,-0.207,-0.106,-0.037,-0.060,0.017,-0.034,0.659,-0.312,-0.620,-0.290,0.000,0.001,1738,0,-16,6,31,16.630,81.370,305,305,0,0,0
99703,-0.203,-0.131,-0.057,-0.009,0.174,0.044,0.660,-0.312,-0.617,-0.293,0.000,0.002,0,1495,-12,-1,31,16.630,81.370,305,305,0,0,0
99803,-0.208,-0.161,-0.028,-0.082,-0.026,-0.019,0.663,-0.312,-0.613,-0.296,0.000,0.002,1417,0,-16,9,31,16.640,81.410,305,305,0,0,0
99903,-0.165,-0.125,-0.003,-0.016,-0.130,-0.119,0.657,-0.313,-0.618,-0.299,0.000,0.001,2873,0,-21,8,31,16.640,81.410,305,305,0,0,0
100003,-0.122,-0.115,-0.040,0.021,0.142,-0.192,0.654,-0.310,-0.620,-0.302,0.000,0.001,3999,0,-13,-2,31,16.650,81.370,305,305,0,0,0
100103,-0.064,-0.166,-0.047,0.024,0.080,-0.073,0.657,-0.303,-0.617,-0.310,0.000,0.001,2774,0,-16,2,31,16.650,81.370,305,305,0,0,0
100203,-0.040,-0.129,0.014,0.082,-0.243,-0.039,0.653,-0.301,-0.623,-0.308,0.000,0.000,2768,0,-26,10,31,16.630,81.370,305,305,0,0,0
100303,-0.125,-0.030,0.018,-0.010,-0.322,0.310,0.646,-0.312,-0.630,-0.295,0.000,0.000,0,4100,-25,15,31,16.630,81.370,305,305,0,0,0
100403,-0.176,0.033,-0.080,0.066,-0.192,0.006,0.642,-0.318,-0.636,-0.286,0.000,0.000,1723,0,-26,10,31,16.640,81.370,305,305,0,0,0
100503,-0.161,0.072,-0.163,-0.001,-0.091,0.001,0.638,-0.316,-0.642,-0.283,0.000,-0.000,0,1192,-21,12,31,16.640,81.370,305,305,0,0,0
100603,-0.155,0.158,-0.134,-0.202,-0.524,0.013,0.628,-0.322,-0.650,-0.282,0.000,-0.001,0,1620,-32,33,31,16.640,81.370,305,305,0,0,0
100703,-0.159,0.268,-0.070,-0.120,0.023,0.012,0.614,-0.334,-0.658,-0.281,0.000,-0.001,0,1448,-19,9,31,16.630,81.370,305,305,0,0,0
100803,-0.131,0.193,-0.005,0.001,0.108,-0.048,0.621,-0.327,-0.652,-0.286,0.000,-0.001,993,0,-22,10,31,16.630,81.370,305,305,0,0,0
100903,-0.136,0.168,-0.006,-0.026,0.100,-0.023,0.624,-0.326,-0.649,-0.287,0.000,-0.001,622,0,-21,10,31,16.630,81.370,305,305,0,0,0
101003,-0.106,0.080,-0.077,-0.138,0.694,-0.152,0.632,-0.320,-0.641,-0.295,0.000,-0.000,2997,0,3,-6,31,16.630,81.370,305,305,0,0,0
101103,-0.019,0.012,-0.005,-0.016,0.000,-0.179,0.635,-0.312,-0.636,-0.307,0.000,-0.000,3225,0,-23,10,31,16.620,81.370,305,305,0,0,0
101203,-0.007,0.011,-0.015,-0.053,0.026,0.117,0.634,-0.313,-0.635,-0.311,0.000,-0.000,0,3140,-19,7,31,16.620,81.370,305,305,0,0,0
101303,0.010,-0.053,-0.275,0.029,0.397,-0.233,0.639,-0.310,-0.629,-0.317,0.000,-0.000,4508,0,-9,-6,31,16.620,81.370,305,305,0,0,0
101403,0.035,-0.190,-0.062,-0.036,0.328,-0.017,0.652,-0.301,-0.615,-0.326,0.000,-0.000,2382,0,-9,-2,31,16.620,81.370,305,305,0,0,0
101503,0.006,-0.264,-0.076,-0.041,0.359,0.047,0.660,-0.300,-0.605,-0.329,0.000,-0.000,1757,0,-3,-6,31,16.610,81.370,305,305,0,0,0
101603,-0.056,-0.318,-0.031,-0.040,-0.088,-0.029,0.669,-0.301,-0.597,-0.325,0.000,0.001,3291,0,-17,8,31,16.610,81.370,305,305,0,0,0
101703,-0.037,-0.277,-0.042,-0.013,-0.147,-0.060,0.663,-0.303,-0.602,-0.326,0.000,0.000,2612,0,-17,5,31,16.640,81.410,305,305,0,0,0
101803,-0.022,-0.231,-0.012,0.000,-0.158,0.014,0.658,-0.304,-0.607,-0.325,0.000,0.000,1097,0,-18,5,31,16.640,81.410,305,305,0,0,0
101903,-0.020,-0.195,0.029,0.000,-0.043,0.001,0.654,-0.307,-0.611,-0.324,0.000,0.000,1668,0,-15,3,31,16.640,81.370,305,305,0,0,0
102003,-0.039,-0.199,0.027,0.062,0.176,0.174,0.656,-0.307,-0.610,-0.322,0.000,0.000,0,3269,-11,-5,31,16.640,81.370,305,305,0,0,0
102103,-0.108,-0.228,0.071,-0.039,0.004,0.111,0.661,-0.310,-0.605,-0.317,0.000,0.001,0,2384,-13,4,31,16.640,81.370,305,305,0,0,0
102203,-0.113,-0.219,0.068,-0.197,-0.018,-0.110,0.659,-0.314,-0.604,-0.319,0.000,0.001,2581,0,-8,8,31,16.630,81.370,305,305,0,0,0
102303,-0.068,-0.205,0.069,-0.208,-0.042,-0.079,0.653,-0.318,-0.604,-0.329,0.000,0.001,1627,0,-10,7,31,16.630,81.370,305,305,0,0,0
102403,-0.056,-0.198,0.040,-0.227,0.083,0.014,0.648,-0.324,-0.602,-0.337,0.000,0.000,0,1328,-7,2,31,16.630,81.370,305,305,0,0,0
102503,-0.063,-0.225,-0.022,-0.063,0.064,0.093,0.648,-0.327,-0.596,-0.342,0.000,0.001,0,2674,-12,0,31,16.630,81.370,305,305,0,0,0
102603,-0.099,-0.222,-0.098,-0.112,-0.116,0.030,0.648,-0.332,-0.594,-0.341,0.000,0.001,0,1762,-14,8,31,16.630,81.370,305,305,0,0,0
102703,-0.103,-0.184,-0.117,-0.372,-0.190,-0.071,0.641,-0.341,-0.594,-0.346,0.000,0.001,1479,0,-8,17,31,16.630,81.370,305,305,0,0,0
102803,-0.109,-0.124,-0.076,-0.470,-0.097,0.009,0.629,-0.356,-0.594,-0.354,0.000,0.001,0,1959,-4,15,31,16.630,81.370,305,305,0,0,0
102903,-0.082,-0.090,-0.015,-0.533,0.083,-0.008,0.615,-0.370,-0.590,-0.369,0.000,0.000,0,1218,0,13,31,16.630,81.370,305,305,0,0,0
103003,-0.103,-0.116,-0.023,-0.687,0.036,0.088,0.607,-0.388,-0.575,-0.388,0.000,0.001,0,3149,2,19,31,16.630,81.370,305,305,0,0,0
103103,-0.125,-0.124,-0.121,-0.816,-0.042,0.019,0.595,-0.410,-0.558,-0.409,0.000,0.001,0,2309,2,24,31,16.630,81.370,305,305,0,0,0
103203,-0.130,-0.075,-0.176,-0.763,-0.226,-0.023,0.574,-0.436,-0.546,-0.428,0.000,0.001,0,955,-4,28,31,16.630,81.370,305,305,0,0,0
103303,-0.096,-0.007,-0.168,-0.901,-0.146,-0.177,0.547,-0.461,-0.535,-0.449,0.000,0.000,2455,0,1,29,31,16.620,81.370,305,305,0,0,0
103403,-0.018,0.065,-0.156,-0.879,-0.353,-0.208,0.516,-0.484,-0.526,-0.472,0.000,0.000,3050,0,-8,37,31,16.620,81.370,305,305,0,0,0
103503,0.034,0.140,-0.101,-0.807,-0.163,-0.056,0.487,-0.508,-0.515,-0.489,0.000,0.000,1507,0,-5,30,31,16.630,81.370,305,305,0,0,0
103603,0.040,0.169,-0.096,-0.668,-0.044,0.006,0.466,-0.529,-0.499,-0.504,0.000,0.000,0,706,-6,24,31,16.630,81.370,305,305,0,0,0
103703,0.019,0.174,-0.180,-0.512,-0.047,0.053,0.453,-0.544,-0.482,-0.516,0.000,0.000,0,1599,-10,23,31,16.630,81.370,305,305,0,0,0
103803,-0.010,0.193,-0.300,-0.181,-0.136,0.061,0.444,-0.556,-0.472,-0.520,0.000,-0.000,0,2005,-22,18,31,16.630,81.370,305,305,0,0,0
103903,-0.067,0.271,-0.263,0.071,-0.230,0.161,0.442,-0.565,-0.475,-0.509,0.000,-0.001,0,3505,-28,18,31,16.630,81.370,305,305,0,0,0
104003,-0.059,0.322,-0.228,-0.034,-0.277,-0.177,0.437,-0.570,-0.479,-0.505,0.000,-0.001,3231,0,-28,26,31,16.620,81.370,305,305,0,0,0
104103,-0.012,0.505,-0.030,-0.041,-0.680,-0.014,0.420,-0.582,-0.495,-0.490,0.000,-0.000,0,1636,-40,40,31,16.620,81.370,305,305,0,0,0
104203,-0.004,0.568,0.147,-0.289,0.137,-0.027,0.408,-0.593,-0.493,-0.489,0.000,-0.000,1397,0,-12,23,31,16.630,81.370,305,305,0,0,0
104303,0.006,0.516,0.223,-0.024,0.148,0.053,0.408,-0.591,-0.486,-0.498,0.000,0.000,0,2051,-24,18,31,16.630,81.370,305,305,0,0,0
104403,-0.027,0.440,0.123,0.097,0.333,0.161,0.417,-0.586,-0.480,-0.503,0.000,-0.001,0,3549,-19,10,31,16.630,81.370,305,305,0,0,0
104503,-0.083,0.342,0.022,0.024,0.268,0.069,0.430,-0.580,-0.470,-0.508,0.000,-0.001,0,2600,-18,14,31,16.630,81.370,305,305,0,0,0
104603,-0.096,0.330,0.080,-0.041,-0.098,0.026,0.432,-0.579,-0.468,-0.509,0.000,-0.002,0,2544,-26,26,31,16.630,81.370,305,305,0,0,0
104703,-0.088,0.311,0.082,-0.098,0.220,-0.030,0.431,-0.579,-0.465,-0.513,0.000,-0.001,0,1873,-14,15,31,16.630,81.370,305,305,0,0,0
104803,-0.078,0.238,0.064,-0.026,0.187,0.050,0.433,-0.575,-0.458,-0.522,0.000,-0.001,0,3147,-18,14,31,16.630,81.370,305,305,0,0,0
104903,-0.130,0.242,0.022,0.000,-0.089,0.101,0.436,-0.578,-0.455,-0.519,0.000,-0.002,0,3646,-25,22,31,16.630,81.370,305,305,0,0,0
105003,-0.139,0.241,0.040,-0.038,0.107,-0.038,0.436,-0.579,-0.453,-0.519,0.000,-0.002,0,2361,-17,16,31,16.620,81.370,305,305,0,0,0
105103,-0.088,0.233,0.049,-0.044,-0.039,-0.098,0.432,-0.577,-0.454,-0.524,0.000,-0.001,0,1660,-23,18,31,16.620,81.370,305,305,0,0,0
105203,-0.122,0.214,-0.040,0.127,0.077,0.181,0.437,-0.576,-0.452,-0.523,0.000,-0.001,0,4618,-23,13,31,16.620,81.370,305,305,0,0,0
105303,-0.134,0.236,-0.042,-0.019,-0.167,-0.167,0.437,-0.577,-0.454,-0.519,0.000,-0.002,1787,0,-26,26,31,16.620,81.370,305,305,0,0,0
105403,-0.090,0.283,0.028,-0.063,-0.108,-0.019,0.430,-0.580,-0.459,-0.518,0.000,-0.001,0,3078,-24,24,31,16.620,81.370,305,305,0,0,0
105503,-0.088,0.272,0.090,-0.091,0.150,-0.024,0.429,-0.580,-0.457,-0.521,0.000,-0.001,0,2644,-16,17,31,16.610,81.370,305,305,0,0,0
105603,-0.077,0.227,0.045,-0.053,0.126,-0.044,0.429,-0.577,-0.452,-0.527,0.000,-0.001,0,2412,-19,17,31,16.610,81.370,305,305,0,0,0
105703,-0.059,0.191,-0.030,-0.069,0.014,-0.062,0.430,-0.574,-0.449,-0.533,0.000,-0.001,0,2090,-21,21,31,16.630,81.370,305,305,0,0,0
105803,-0.023,0.208,-0.048,-0.091,-0.108,-0.097,0.424,-0.576,-0.451,-0.535,0.000,-0.000,0,1134,-23,24,31,16.630,81.370,305,305,0,0,0
105903,-0.004,0.218,-0.035,-0.007,-0.028,0.007,0.420,-0.577,-0.452,-0.536,0.000,-0.000,0,2737,-24,20,31,16.630,81.370,305,305,0,0,0
106003,-0.013,0.234,-0.014,0.000,-0.022,0.043,0.420,-0.578,-0.452,-0.534,0.000,-0.000,0,2941,-23,20,31,16.630,81.370,305,305,0,0,0
106103,-0.016,0.229,-0.016,-0.004,0.006,0.000,0.420,-0.578,-0.451,-0.534,0.000,-0.000,0,2445,-23,20,31,16.630,81.370,305,305,0,0,0
106203,-0.019,0.235,-0.004,0.000,-0.029,0.017,0.420,-0.579,-0.452,-0.533,0.000,-0.000,0,2719,-24,21,31,16.630,81.370,305,305,0,0,0
106303,-0.027,0.228,-0.005,-0.029,0.031,0.021,0.421,-0.579,-0.450,-0.534,0.000,-0.000,0,2676,-22,21,31,16.630,81.370,305,305,0,0,0
106403,-0.026,0.221,-0.008,-0.018,0.046,0.022,0.420,-0.579,-0.449,-0.535,0.000,-0.000,0,2889,-22,19,31,16.630,81.370,305,305,0,0,0
106503,-0.032,0.210,-0.021,-0.021,-0.007,0.024,0.421,-0.579,-0.447,-0.536,0.000,-0.000,0,2947,-23,22,31,16.630,81.410,305,305,0,0,0
106603,-0.033,0.218,-0.030,-0.030,-0.016,0.010,0.420,-0.580,-0.447,-0.536,0.000,-0.000,0,2848,-23,22,31,16.630,81.410,305,305,0,0,0
106703,-0.033,0.223,-0.024,-0.016,-0.026,0.000,0.419,-0.581,-0.447,-0.536,0.000,-0.000,0,2777,-24,22,31,16.630,81.370,305,305,0,0,0
106803,-0.031,0.229,-0.027,-0.014,-0.028,-0.017,0.418,-0.582,-0.447,-0.536,0.000,-0.000,0,2559,-25,22,31,16.630,81.370,305,305,0,0,0
106903,-0.025,0.237,-0.023,-0.019,-0.017,0.000,0.417,-0.583,-0.447,-0.536,0.000,-0.000,0,2812,-24,22,31,16.630,81.370,305,305,0,0,0
107003,-0.022,0.238,-0.012,-0.031,0.033,-0.008,0.416,-0.583,-0.447,-0.536,0.000,-0.000,0,2659,-23,21,31,16.630,81.370,305,305,0,0,0
107103,-0.017,0.229,-0.015,-0.042,0.002,0.000,0.415,-0.583,-0.445,-0.538,0.000,-0.000,0,2730,-24,23,31,16.630,81.370,305,305,0,0,0
107203,-0.015,0.229,-0.034,-0.042,-0.009,0.000,0.414,-0.584,-0.444,-0.539,0.000,-0.000,0,2721,-24,23,31,16.630,81.370,305,305,0,0,0
107303,-0.014,0.232,-0.029,-0.038,0.001,-0.008,0.412,-0.585,-0.443,-0.540,0.000,-0.000,0,2618,-24,23,31,16.630,81.370,305,305,0,0,0
107403,-0.011,0.233,-0.026,-0.037,-0.010,0.011,0.411,-0.586,-0.443,-0.541,0.000,-0.000,0,2869,-25,24,31,16.630,81.370,305,305,0,0,0
107503,-0.010,0.232,-0.003,-0.064,0.041,-0.007,0.410,-0.586,-0.441,-0.542,0.000,-0.000,0,2613,-22,23,31,16.620,81.410,305,305,0,0,0
107603,-0.004,0.210,-0.003,-0.073,0.056,-0.001,0.409,-0.586,-0.438,-0.546,0.000,-0.000,0,2647,-22,23,31,16.620,81.410,305,305,0,0,0
107703,-0.000,0.197,-0.018,-0.069,0.036,-0.013,0.408,-0.586,-0.436,-0.548,0.000,-0.000,0,2442,-23,23,31,16.630,81.370,305,305,0,0,0
107803,0.013,0.191,-0.026,-0.099,0.024,-0.041,0.405,-0.586,-0.434,-0.551,0.000,0.000,0,2058,-22,24,31,16.630,81.370,305,305,0,0,0
107903,0.026,0.182,-0.027,-0.129,0.033,-0.012,0.402,-0.587,-0.431,-0.555,0.000,0.000,0,2325,-21,24,32,16.630,81.370,305,305,0,0,0
108003,0.037,0.170,-0.016,-0.116,0.042,-0.002,0.399,-0.588,-0.427,-0.559,0.000,0.000,0,2287,-21,23,32,16.630,81.370,305,305,0,0,0
108103,0.042,0.158,-0.013,-0.066,0.033,0.001,0.397,-0.588,-0.424,-0.562,0.000,0.000,0,2248,-23,22,32,16.630,81.370,305,305,0,0,0
108203,0.038,0.155,-0.034,-0.018,-0.008,-0.022,0.396,-0.589,-0.423,-0.563,0.000,0.000,0,1506,-25,23,31,16.630,81.370,305,305,0,0,0
108303,0.050,0.157,-0.047,-0.007,-0.018,-0.012,0.395,-0.589,-0.423,-0.564,0.000,0.000,0,1982,-25,23,31,16.630,81.370,305,305,0,0,0
108403,0.056,0.173,-0.053,-0.013,-0.069,-0.018,0.393,-0.590,-0.425,-0.563,0.000,0.000,0,1619,-26,25,31,16.630,81.370,305,305,0,0,0
108503,0.068,0.183,-0.022,-0.016,-0.006,-0.044,0.391,-0.591,-0.426,-0.563,0.000,0.000,173,0,-25,23,31,16.630,81.370,305,305,0,0,0
108603,0.072,0.182,-0.007,0.030,0.000,0.073,0.391,-0.591,-0.426,-0.563,0.000,0.000,0,2788,-26,22,31,16.640,81.370,305,305,0,0,0
108703,0.058,0.188,-0.042,0.001,-0.059,0.024,0.392,-0.592,-0.426,-0.561,0.000,0.000,0,1929,-27,25,31,16.640,81.370,305,305,0,0,0
108803,0.064,0.205,-0.033,-0.046,-0.019,-0.040,0.389,-0.593,-0.427,-0.561,0.000,0.000,855,0,-25,25,31,16.640,81.370,305,305,0,0,0
108903,0.077,0.210,-0.026,-0.034,-0.061,0.001,0.387,-0.594,-0.427,-0.561,0.000,0.001,0,1503,-27,27,31,16.640,81.370,305,305,0,0,0
109003,0.078,0.215,-0.011,-0.019,0.019,0.001,0.386,-0.595,-0.426,-0.562,0.000,0.001,0,1176,-26,24,32,16.640,81.370,305,305,0,0,0
109103,0.080,0.207,-0.011,-0.006,0.044,0.000,0.386,-0.595,-0.425,-0.563,0.000,0.001,0,953,-25,23,32,16.640,81.370,305,305,0,0,0
109203,0.076,0.195,-0.012,-0.004,0.033,0.019,0.387,-0.594,-0.424,-0.564,0.000,0.000,0,1389,-26,24,31,16.640,81.370,305,305,0,0,0
109303,0.069,0.182,-0.005,-0.008,0.080,0.030,0.388,-0.593,-0.423,-0.565,0.000,0.000,0,1620,-24,22,31,16.640,81.370,305,305,0,0,0
109403,0.067,0.153,-0.011,-0.057,0.101,-0.003,0.389,-0.591,-0.420,-0.568,0.000,0.000,364,0,-21,23,31,16.630,81.370,305,305,0,0,0
109503,0.074,0.130,-0.029,-0.046,0.032,-0.012,0.389,-0.590,-0.417,-0.572,0.000,0.000,776,0,-24,24,31,16.630,81.370,305,305,0,0,0
109603,0.073,0.127,-0.027,-0.017,-0.002,0.014,0.389,-0.590,-0.416,-0.573,0.000,0.000,0,825,-25,24,31,16.630,81.370,305,305,0,0,0
109703,0.076,0.120,-0.018,0.007,0.041,0.009,0.388,-0.589,-0.416,-0.574,0.000,0.000,0,612,-25,22,31,16.630,81.370,305,305,0,0,0
109803,0.057,0.116,-0.027,0.043,-0.002,0.053,0.391,-0.589,-0.415,-0.573,0.000,0.000,0,1749,-27,22,31,16.630,81.370,305,305,0,0,0
109903,0.041,0.118,-0.009,0.030,0.024,0.024,0.393,-0.589,-0.415,-0.571,0.000,0.000,0,1268,-25,22,31,16.620,81.370,305,305,0,0,0
110003,0.028,0.096,-0.015,0.060,0.082,0.028,0.397,-0.587,-0.414,-0.571,0.000,0.000,0,1596,-24,20,31,16.620,81.370,305,305,0,0,0
110103,0.024,0.088,-0.043,0.050,0.001,-0.003,0.400,-0.585,-0.415,-0.571,0.000,0.000,0,1006,-26,23,32,16.620,81.370,305,305,0,0,0
110203,0.024,0.098,-0.040,0.028,-0.014,0.000,0.400,-0.586,-0.417,-0.569,0.000,0.000,0,1188,-25,23,32,16.620,81.370,305,305,0,0,0
110303,0.024,0.112,-0.033,0.013,-0.074,0.000,0.400,-0.586,-0.418,-0.567,0.000,0.000,0,1112,-27,26,31,16.630,81.370,305,305,0,0,0
110403,0.023,0.126,-0.045,-0.026,-0.089,-0.010,0.398,-0.588,-0.419,-0.566,0.000,0.000,0,625,-27,27,31,16.630,81.370,305,305,0,0,0
110503,0.025,0.165,-0.057,0.012,-0.217,0.028,0.396,-0.591,-0.422,-0.562,0.000,0.000,0,1782,-33,30,31,16.650,81.370,305,305,0,0,0
110603,0.015,0.210,-0.043,-0.007,-0.148,0.012,0.393,-0.596,-0.424,-0.557,0.000,0.000,0,1320,-31,30,31,16.650,81.370,305,305,0,0,0
110703,0.015,0.229,-0.017,0.000,-0.014,-0.003,0.391,-0.598,-0.425,-0.556,0.000,0.000,0,1035,-28,26,31,16.630,81.370,305,305,0,0,0
110803,0.016,0.240,-0.026,0.021,-0.052,0.000,0.391,-0.599,-0.426,-0.554,0.000,0.000,0,1190,-31,28,31,16.630,81.370,305,305,0,0,0
110903,0.018,0.256,-0.010,-0.001,-0.028,0.003,0.390,-0.600,-0.427,-0.553,0.000,0.000,0,1284,-30,28,31,16.610,81.370,305,305,0,0,0
111003,0.009,0.213,0.056,-0.009,0.308,0.040,0.393,-0.597,-0.424,-0.557,0.000,0.000,0,1998,-19,18,31,16.610,81.370,305,305,0,0,0
111103,-0.006,0.155,0.039,0.068,0.219,0.066,0.399,-0.591,-0.419,-0.561,0.000,-0.000,0,2506,-25,18,31,16.620,81.370,305,305,0,0,0
111203,-0.026,0.093,-0.023,0.067,0.186,0.071,0.406,-0.586,-0.415,-0.565,0.000,-0.000,0,2714,-24,19,31,16.620,81.370,305,305,0,0,0
111303,-0.051,0.078,-0.119,0.004,-0.158,0.041,0.411,-0.585,-0.414,-0.564,0.000,-0.000,0,2537,-31,31,31,16.630,81.370,305,305,0,0,0
111403,-0.086,0.133,-0.065,0.084,-0.221,0.171,0.410,-0.591,-0.416,-0.557,0.000,-0.001,0,4163,-36,29,31,16.630,81.370,305,305,0,0,0
111503,-0.151,0.188,-0.036,0.064,-0.052,0.121,0.413,-0.597,-0.418,-0.546,0.000,-0.002,0,3927,-29,26,31,16.630,81.370,305,305,0,0,0
111603,-0.186,0.192,-0.052,0.018,-0.002,0.074,0.416,-0.599,-0.416,-0.543,0.000,-0.002,0,3990,-29,27,31,16.630,81.370,305,305,0,0,0
111703,-0.215,0.225,-0.070,0.058,-0.129,0.040,0.417,-0.603,-0.418,-0.537,0.000,-0.003,0,3951,-34,29,31,16.640,81.370,305,305,0,0,0
111803,-0.206,0.227,-0.043,-0.006,0.076,-0.031,0.417,-0.602,-0.419,-0.537,0.000,-0.003,0,3562,-27,26,31,16.640,81.370,305,305,0,0,0
111903,-0.205,0.213,-0.027,-0.010,0.030,0.019,0.418,-0.601,-0.418,-0.539,0.000,-0.003,0,4118,-29,27,31,16.620,81.370,305,305,0,0,0
112003,-0.207,0.208,-0.063,-0.041,-0.039,-0.033,0.418,-0.601,-0.417,-0.539,0.000,-0.003,0,3680,-30,31,31,16.620,81.370,305,305,0,0,0
112103,-0.191,0.227,-0.060,-0.071,-0.074,-0.020,0.414,-0.602,-0.418,-0.539,0.000,-0.003,0,3986,-31,32,31,16.620,81.370,305,305,0,0,0
112203,-0.178,0.244,-0.030,0.010,0.032,-0.031,0.411,-0.604,-0.419,-0.539,0.000,-0.003,0,3851,-31,26,31,16.620,81.370,305,305,0,0,0
112303,-0.172,0.214,0.002,0.004,0.084,0.012,0.413,-0.601,-0.418,-0.542,0.000,-0.002,0,4275,-29,27,31,16.620,81.370,305,305,0,0,0
112403,-0.187,0.204,-0.033,0.014,-0.043,0.052,0.415,-0.600,-0.417,-0.542,0.000,-0.002,0,4621,-33,30,31,16.620,81.370,305,305,0,0,0
112503,-0.203,0.216,-0.029,-0.011,-0.029,0.023,0.415,-0.602,-0.416,-0.540,0.000,-0.003,0,4451,-31,30,31,16.620,81.370,305,305,0,0,0
112603,-0.205,0.228,-0.027,-0.017,-0.026,0.036,0.414,-0.604,-0.416,-0.539,0.000,-0.003,0,4775,-31,30,31,16.620,81.370,305,305,0,0,0
112703,-0.217,0.237,-0.030,-0.004,0.004,0.010,0.414,-0.605,-0.416,-0.537,0.000,-0.003,0,4664,-31,29,31,16.620,81.370,305,305,0,0,0
112803,-0.214,0.241,-0.046,-0.013,-0.034,-0.014,0.414,-0.606,-0.416,-0.537,0.000,-0.003,0,4629,-33,31,31,16.620,81.370,305,305,0,0,0
112903,-0.203,0.254,-0.039,-0.001,-0.024,-0.022,0.412,-0.606,-0.418,-0.537,0.000,-0.003,0,4692,-33,30,31,16.620,81.370,305,305,0,0,0
113003,-0.193,0.253,-0.032,-0.011,0.021,-0.067,0.411,-0.606,-0.418,-0.537,0.000,-0.003,0,4259,-31,30,31,16.610,81.370,305,305,0,0,0
113103,-0.170,0.247,-0.029,-0.001,0.000,-0.006,0.410,-0.604,-0.420,-0.539,0.000,-0.002,0,4770,-33,31,31,16.610,81.370,305,305,0,0,0
113203,-0.164,0.254,-0.050,-0.016,-0.044,-0.049,0.409,-0.605,-0.420,-0.539,0.000,-0.002,0,4272,-34,32,31,16.610,81.370,305,305,0,0,0
113303,-0.158,0.256,-0.013,-0.029,0.014,0.016,0.408,-0.605,-0.420,-0.540,0.000,-0.002,0,4771,-33,31,31,16.610,81.370,305,305,0,0,0
113403,-0.175,0.249,0.013,0.077,0.118,0.072,0.410,-0.605,-0.419,-0.539,0.000,-0.003,0,5130,-32,24,31,16.610,81.370,305,305,0,0,0
113503,-0.189,0.182,-0.003,0.046,0.208,-0.011,0.417,-0.598,-0.415,-0.544,0.000,-0.002,0,4591,-28,24,31,16.620,81.370,305,305,0,0,0
113603,-0.185,0.154,-0.064,-0.020,0.053,-0.014,0.420,-0.595,-0.415,-0.546,0.000,-0.002,0,4632,-29,30,31,16.620,81.370,305,305,0,0,0
113703,-0.181,0.171,-0.053,-0.004,-0.088,-0.003,0.417,-0.597,-0.416,-0.545,0.000,-0.002,0,4706,-34,32,31,16.610,81.370,305,305,0,0,0
113803,-0.172,0.191,-0.065,-0.036,-0.049,-0.074,0.415,-0.598,-0.417,-0.544,0.000,-0.002,0,4096,-32,32,31,16.610,81.370,305,305,0,0,0
113903,-0.145,0.203,-0.046,-0.038,-0.072,-0.037,0.411,-0.599,-0.419,-0.545,0.000,-0.002,0,4423,-34,33,32,16.640,81.370,305,305,0,0,0
114003,-0.135,0.222,-0.036,0.008,-0.011,0.012,0.409,-0.600,-0.420,-0.544,0.000,-0.002,0,4693,-34,30,32,16.640,81.370,305,305,0,0,0
114103,-0.144,0.220,-0.007,0.011,0.020,0.054,0.410,-0.601,-0.419,-0.544,0.000,-0.002,0,4931,-33,30,31,16.630,81.370,305,305,0,0,0
114203,-0.150,0.216,-0.039,0.031,-0.039,-0.004,0.411,-0.600,-0.419,-0.543,0.000,-0.002,0,4509,-36,32,31,16.630,81.370,305,305,0,0,0
114303,-0.152,0.230,-0.032,0.013,-0.012,0.021,0.411,-0.601,-0.421,-0.541,0.000,-0.002,0,4726,-34,31,31,16.630,81.370,305,305,0,0,0
114403,-0.163,0.230,-0.008,0.049,0.036,0.052,0.412,-0.601,-0.420,-0.540,0.000,-0.002,0,4960,-34,29,31,16.640,81.370,305,305,0,0,0
114503,-0.179,0.206,-0.002,0.021,0.123,0.016,0.416,-0.599,-0.419,-0.541,0.000,-0.002,0,4735,-31,28,31,16.640,81.370,305,305,0,0,0
114603,-0.191,0.183,-0.030,-0.009,-0.010,0.032,0.418,-0.597,-0.416,-0.543,0.000,-0.002,0,4924,-34,33,31,16.630,81.370,305,305,0,0,0
114703,-0.207,0.193,-0.039,-0.029,-0.041,0.038,0.418,-0.600,-0.415,-0.542,0.000,-0.003,0,4991,-34,33,31,16.630,81.370,305,305,0,0,0
114803,-0.192,0.199,-0.077,0.000,0.043,-0.118,0.416,-0.600,-0.417,-0.542,0.000,-0.002,0,3849,-33,30,31,16.630,81.370,305,305,0,0,0
114903,-0.156,0.198,-0.054,-0.021,-0.049,-0.054,0.414,-0.598,-0.419,-0.544,0.000,-0.002,0,4377,-35,34,31,16.630,81.370,305,305,0,0,0
115003,-0.139,0.221,-0.046,0.023,-0.101,-0.028,0.411,-0.599,-0.422,-0.543,0.000,-0.002,0,4437,-38,34,31,16.630,81.370,305,305,0,0,0
115103,-0.124,0.245,-0.040,0.007,-0.061,-0.031,0.408,-0.600,-0.425,-0.541,0.000,-0.002,0,4310,-37,34,32,16.640,81.370,305,305,0,0,0
115252,-0.111,0.253,-0.017,0.006,0.003,-0.006,0.407,-0.600,-0.426,-0.541,0.000,-0.001,0,4477,-36,33,32,16.640,81.370,305,305,0,0,0
115600,-0.095,0.238,-0.048,0.001,0.018,-0.043,0.407,-0.598,-0.426,-0.543,0.000,-0.001,0,4028,-36,34,31,16.630,81.370,305,305,0,0,0
115822,-0.086,0.209,0.003,0.024,0.099,0.024,0.408,-0.595,-0.425,-0.546,0.000,-0.001,0,4462,-34,30,31,16.620,81.370,305,305,0,0,0
116052,-0.072,0.191,-0.044,0.008,-0.007,-0.003,0.409,-0.592,-0.425,-0.548,0.000,-0.001,0,4265,-37,34,31,16.620,81.370,305,305,0,0,0
116273,-0.053,0.195,-0.038,-0.018,-0.021,-0.026,0.407,-0.592,-0.427,-0.549,0.000,-0.000,0,4070,-36,34,32,16.630,81.410,305,305,0,0,0
116606,-0.038,0.202,-0.031,-0.017,-0.009,-0.027,0.405,-0.592,-0.428,-0.550,0.000,-0.000,0,3843,-37,35,31,16.650,81.370,305,305,0,0,0
116684,-0.031,0.207,-0.023,-0.003,-0.004,0.000,0.404,-0.592,-0.428,-0.550,0.000,-0.000,0,4088,-37,35,31,16.650,81.370,305,305,0,0,0
116693,-0.031,0.207,-0.022,-0.006,-0.011,0.000,0.404,-0.592,-0.428,-0.550,0.000,-0.000,0,4076,-37,35,31,16.650,81.370,305,305,0,0,0
116696,-0.031,0.207,-0.022,-0.006,-0.011,0.000,0.404,-0.592,-0.428,-0.550,0.000,-0.000,0,4065,-37,35,31,16.650,81.370,305,305,0,0,0
116704,-0.031,0.207,-0.021,-0.006,-0.011,0.000,0.404,-0.592,-0.428,-0.550,0.000,-0.000,0,4065,-37,35,32,16.620,81.370,305,305,0,0,0
116713,-0.031,0.207,-0.020,-0.004,-0.010,0.000,0.404,-0.592,-0.428,-0.550,0.000,-0.000,0,4059,-37,35,32,16.620,81.370,305,305,0,0,0
116717,-0.031,0.207,-0.020,-0.004,-0.004,0.002,0.404,-0.592,-0.428,-0.550,0.000,-0.000,0,4078,-37,35,32,16.620,81.370,305,305,0,0,0
116726,-0.031,0.208,-0.019,-0.004,-0.004,0.002,0.404,-0.592,-0.428,-0.550,0.000,-0.000,0,4105,-37,35,32,16.620,81.370,305,305,0,0,0
116735,-0.031,0.208,-0.019,-0.002,-0.008,0.006,0.404,-0.592,-0.428,-0.550,0.000,-0.000,0,4105,-37,35,32,16.620,81.370,305,305,0,0,0
116743,-0.031,0.208,-0.018,0.000,-0.003,0.006,0.404,-0.592,-0.428,-0.550,0.000,-0.000,0,4097,-37,35,32,16.620,81.370,305,305,0,0,0
116747,-0.031,0.208,-0.018,0.000,-0.003,0.006,0.404,-0.592,-0.428,-0.550,0.000,-0.000,0,4088,-37,35,32,16.620,81.370,305,305,0,0,0
116803,-0.030,0.208,-0.015,0.000,0.013,0.011,0.404,-0.592,-0.428,-0.550,0.000,-0.000,0,4103,-37,35,32,16.620,81.370,305,305,0,0,0
116903,-0.032,0.205,-0.024,0.003,-0.003,0.000,0.404,-0.592,-0.428,-0.550,0.000,-0.000,0,4012,-38,35,32,16.620,81.370,305,305,0,0,0
117003,-0.032,0.206,-0.032,0.003,-0.008,0.004,0.404,-0.592,-0.428,-0.550,0.000,-0.000,0,4056,-38,35,31,16.630,81.370,305,305,0,0,0
117103,-0.031,0.205,-0.024,-0.001,0.018,0.001,0.404,-0.592,-0.428,-0.550,0.000,-0.000,0,4037,-37,35,31,16.630,81.370,305,305,0,0,0
117203,-0.031,0.204,-0.034,-0.004,-0.014,0.000,0.404,-0.592,-0.428,-0.550,0.000,-0.000,0,4023,-38,36,31,16.630,81.370,305,305,0,0,0
117303,-0.030,0.209,-0.033,-0.003,0.007,-0.008,0.404,-0.593,-0.429,-0.550,0.000,-0.000,0,3967,-38,35,31,16.630,81.370,305,305,0,0,0
117403,-0.028,0.208,-0.024,-0.002,0.000,0.002,0.404,-0.592,-0.429,-0.550,0.000,-0.000,0,4048,-38,36,31,16.630,81.370,305,305,0,0,0
117503,-0.028,0.207,-0.038,0.000,-0.010,-0.002,0.404,-0.592,-0.429,-0.550,0.000,-0.000,0,4006,-39,36,31,16.630,81.370,305,305,0,0,0
117603,-0.028,0.216,-0.036,-0.003,-0.010,-0.003,0.403,-0.593,-0.429,-0.549,0.000,-0.000,0,3997,-39,37,31,16.620,81.370,305,305,0,0,0
117703,-0.028,0.215,-0.027,-0.002,0.000,0.000,0.403,-0.593,-0.429,-0.549,0.000,-0.000,0,4026,-39,36,31,16.620,81.370,305,305,0,0,0
117803,-0.025,0.216,-0.030,-0.024,-0.034,0.000,0.403,-0.593,-0.429,-0.549,0.000,-0.000,0,4017,-39,39,31,16.620,81.370,305,305,0,0,0
117903,-0.026,0.219,-0.030,-0.002,0.000,-0.007,0.402,-0.594,-0.429,-0.549,0.000,-0.000,0,3932,-39,37,31,16.620,81.370,305,305,0,0,0
118003,-0.023,0.217,-0.029,0.003,0.000,-0.010,0.402,-0.593,-0.429,-0.549,0.000,-0.000,0,3915,-39,37,31,16.620,81.370,305,305,0,0,0
118103,-0.021,0.217,-0.035,-0.003,0.001,0.000,0.402,-0.593,-0.429,-0.550,0.000,-0.000,0,3987,-39,37,31,16.620,81.370,305,305,0,0,0
118203,-0.018,0.221,-0.033,0.010,-0.019,0.006,0.402,-0.593,-0.430,-0.549,0.000,-0.000,0,4027,-40,38,31,16.620,81.370,305,305,0,0,0
118303,-0.018,0.219,-0.031,0.004,0.014,-0.002,0.402,-0.593,-0.430,-0.549,0.000,-0.000,0,3918,-40,38,31,16.620,81.370,305,305,0,0,0
118403,-0.015,0.217,-0.028,-0.017,0.138,0.006,0.402,-0.593,-0.430,-0.550,0.000,-0.000,0,4029,-34,34,31,16.640,81.370,305,305,0,0,0
118503,-0.013,0.214,-0.048,-0.007,0.016,-0.003,0.402,-0.592,-0.430,-0.550,0.000,-0.000,0,3914,-39,37,31,16.640,81.370,305,305,0,0,0
118603,-0.010,0.219,-0.041,0.014,0.022,0.011,0.401,-0.593,-0.430,-0.550,0.000,-0.000,0,4033,-40,36,31,16.640,81.370,305,305,0,0,0
118703,-0.009,0.217,-0.037,-0.010,-0.003,0.008,0.401,-0.593,-0.430,-0.550,0.000,-0.000,0,3948,-40,38,31,16.640,81.370,305,305,0,0,0
118803,-0.009,0.222,-0.039,0.008,-0.017,0.000,0.401,-0.593,-0.430,-0.550,0.000,-0.000,0,3917,-41,38,31,16.640,81.370,305,305,0,0,0
118903,-0.008,0.227,-0.032,0.000,0.000,0.000,0.400,-0.594,-0.431,-0.550,0.000,-0.000,0,3903,-41,38,31,16.640,81.370,305,305,0,0,0
119003,-0.007,0.226,-0.026,0.006,0.006,0.009,0.400,-0.594,-0.431,-0.550,0.000,-0.000,0,3965,-41,38,32,16.630,81.370,305,305,0,0,0
119103,-0.007,0.226,-0.033,-0.001,-0.002,0.007,0.400,-0.594,-0.431,-0.550,0.000,-0.000,0,3937,-41,39,32,16.630,81.370,305,305,0,0,0
119203,-0.009,0.226,-0.030,-0.006,0.013,0.006,0.400,-0.594,-0.430,-0.550,0.000,-0.000,0,3934,-41,39,31,16.640,81.370,305,305,0,0,0
119303,-0.012,0.217,-0.027,-0.004,-0.007,-0.001,0.401,-0.593,-0.430,-0.550,0.000,-0.000,0,3876,-42,40,31,16.640,81.370,305,305,0,0,0
119403,-0.011,0.220,-0.041,0.002,-0.017,0.000,0.401,-0.593,-0.430,-0.550,0.000,-0.000,0,3933,-42,40,31,16.640,81.370,305,305,0,0,0
119503,-0.011,0.225,-0.029,-0.001,0.014,0.000,0.401,-0.594,-0.430,-0.549,0.000,-0.000,0,3916,-41,39,31,16.630,81.370,305,305,0,0,0
119603,-0.011,0.218,-0.028,-0.003,0.024,0.014,0.401,-0.593,-0.430,-0.550,0.000,-0.000,0,4052,-41,39,31,16.630,81.370,305,305,0,0,0
119703,-0.011,0.221,-0.044,0.001,-0.009,0.012,0.401,-0.593,-0.430,-0.550,0.000,-0.000,0,4032,-42,40,31,16.630,81.370,305,305,0,0,0
119803,-0.011,0.226,-0.034,0.006,-0.009,0.001,0.401,-0.594,-0.430,-0.549,0.000,-0.000,0,3929,-42,40,31,16.630,81.370,305,305,0,0,0
119903,-0.014,0.224,-0.029,0.000,0.006,0.007,0.401,-0.594,-0.430,-0.549,0.000,-0.000,0,3976,-42,40,31,16.630,81.370,305,305,0,0,0
120003,-0.018,0.223,-0.037,0.014,-0.006,0.023,0.401,-0.594,-0.430,-0.549,0.000,-0.000,0,4149,-43,40,31,16.630,81.370,305,305,0,0,0
120103,-0.027,0.225,-0.027,0.022,-0.002,0.029,0.403,-0.593,-0.430,-0.548,0.000,-0.000,0,4234,-43,40,31,16.630,81.410,305,305,0,0,0
120203,-0.036,0.222,-0.040,0.023,-0.001,0.011,0.404,-0.593,-0.430,-0.547,0.000,-0.000,0,4084,-44,40,31,16.630,81.410,305,305,0,0,0
120303,-0.044,0.239,-0.028,0.001,-0.014,0.018,0.404,-0.595,-0.431,-0.545,0.000,-0.000,0,4195,-43,41,31,16.630,81.410,305,305,0,0,0
120403,-0.046,0.232,-0.026,0.027,-0.010,0.012,0.405,-0.595,-0.430,-0.546,0.000,-0.000,0,4187,-45,41,32,16.630,81.370,305,305,0,0,0
120503,-0.044,0.234,-0.040,-0.002,0.000,-0.019,0.405,-0.594,-0.431,-0.545,0.000,-0.000,0,3918,-43,41,32,16.630,81.370,305,305,0,0,0
120603,-0.040,0.235,-0.028,-0.007,-0.010,0.001,0.404,-0.594,-0.431,-0.545,0.000,-0.000,0,4093,-44,42,32,16.630,81.370,305,305,0,0,0
120703,-0.039,0.230,-0.028,-0.014,0.009,-0.004,0.404,-0.594,-0.431,-0.546,0.000,-0.000,0,4032,-43,42,32,16.630,81.370,305,305,0,0,0
120803,-0.038,0.227,-0.027,-0.009,0.011,-0.003,0.404,-0.594,-0.430,-0.547,0.000,-0.000,0,4033,-44,41,32,16.630,81.370,305,305,0,0,0
120903,-0.037,0.229,-0.033,-0.003,0.034,0.000,0.404,-0.594,-0.430,-0.547,0.000,-0.000,0,4063,-43,40,31,16.630,81.370,305,305,0,0,0
121003,-0.038,0.229,-0.033,0.001,-0.003,0.007,0.404,-0.594,-0.430,-0.547,0.000,-0.000,0,4108,-44,42,31,16.630,81.370,305,305,0,0,0
121103,-0.037,0.227,-0.028,0.006,0.038,0.000,0.404,-0.594,-0.430,-0.547,0.000,-0.000,0,4071,-43,41,31,16.630,81.370,305,305,0,0,0
121203,-0.038,0.218,-0.020,0.003,0.028,0.011,0.405,-0.593,-0.430,-0.548,0.000,-0.000,0,4144,-44,41,31,16.620,81.370,305,305,0,0,0
121303,-0.037,0.211,-0.040,-0.003,0.008,-0.018,0.405,-0.592,-0.429,-0.548,0.000,-0.000,0,3876,-44,42,31,16.620,81.370,305,305,0,0,0
121403,-0.029,0.214,-0.043,0.000,-0.006,-0.019,0.404,-0.592,-0.430,-0.549,0.000,-0.000,0,3914,-45,43,31,16.620,81.370,305,305,0,0,0
121503,-0.022,0.215,-0.023,-0.013,0.001,-0.003,0.403,-0.592,-0.430,-0.549,0.000,-0.000,0,4006,-44,43,31,16.620,81.370,305,305,0,0,0
121603,-0.022,0.208,-0.020,0.000,0.026,0.001,0.404,-0.592,-0.430,-0.550,0.000,-0.000,0,3989,-44,42,31,16.620,81.370,305,305,0,0,0
121703,-0.022,0.203,-0.039,0.000,0.000,-0.001,0.404,-0.591,-0.429,-0.550,0.000,-0.000,0,3968,-45,43,31,16.620,81.370,305,305,0,0,0
121803,-0.022,0.204,-0.034,0.003,-0.017,0.006,0.404,-0.591,-0.430,-0.550,0.000,-0.000,0,3960,-46,43,31,16.620,81.370,305,305,0,0,0
121903,-0.021,0.204,-0.027,0.000,0.011,0.001,0.404,-0.591,-0.430,-0.550,0.000,-0.000,0,3983,-45,42,31,16.620,81.370,305,305,0,0,0
122003,-0.020,0.201,-0.035,-0.008,0.006,-0.003,0.404,-0.591,-0.429,-0.550,0.000,-0.000,0,3946,-45,43,31,16.620,81.370,305,305,0,0,0
122103,-0.020,0.205,-0.039,-0.012,-0.039,0.001,0.404,-0.591,-0.429,-0.550,0.000,-0.000,0,3976,-46,44,31,16.620,81.370,305,305,0,0,0
122203,-0.019,0.209,-0.032,0.003,0.000,-0.004,0.403,-0.592,-0.430,-0.550,0.000,-0.000,0,3962,-46,43,31,16.620,81.370,305,305,0,0,0
122303,-0.019,0.209,-0.031,-0.003,0.000,0.000,0.403,-0.592,-0.430,-0.550,0.000,-0.000,0,3973,-45,43,31,16.620,81.370,305,305,0,0,0
122403,-0.017,0.211,-0.037,0.000,-0.028,0.000,0.403,-0.592,-0.430,-0.550,0.000,-0.000,0,3952,-46,44,31,16.620,81.370,305,305,0,0,0
122503,-0.018,0.214,-0.027,0.011,0.000,0.018,0.403,-0.592,-0.430,-0.549,0.000,-0.000,0,4117,-46,43,31,16.620,81.370,305,305,0,0,0
122603,-0.024,0.211,-0.024,0.003,0.008,0.011,0.404,-0.592,-0.430,-0.549,0.000,-0.000,0,4085,-45,43,31,16.610,81.370,305,305,0,0,0
122703,-0.027,0.207,-0.035,0.002,-0.007,0.006,0.404,-0.592,-0.429,-0.550,0.000,-0.000,0,4024,-46,43,31,16.610,81.370,305,305,0,0,0
122803,-0.027,0.217,-0.040,0.000,-0.027,0.002,0.404,-0.593,-0.430,-0.549,0.000,-0.000,0,4013,-46,44,31,16.610,81.370,305,305,0,0,0
122903,-0.027,0.222,-0.025,0.000,0.006,0.008,0.403,-0.593,-0.430,-0.548,0.000,-0.000,0,4060,-45,43,31,16.610,81.370,305,305,0,0,0
123003,-0.029,0.213,-0.029,-0.010,0.023,0.003,0.404,-0.593,-0.429,-0.549,0.000,-0.000,0,4024,-45,43,31,16.610,81.370,305,305,0,0,0
123103,-0.027,0.217,-0.031,-0.008,-0.024,-0.022,0.403,-0.593,-0.430,-0.549,0.000,-0.000,0,3792,-46,44,31,16.610,81.370,305,305,0,0,0
123203,-0.024,0.216,-0.018,-0.003,0.004,0.000,0.403,-0.593,-0.430,-0.549,0.000,-0.000,0,4029,-45,43,31,16.610,81.370,305,305,0,0,0
123303,-0.014,0.219,-0.015,-0.013,-0.002,-0.044,0.402,-0.592,-0.431,-0.549,0.000,-0.000,0,3558,-45,44,32,16.610,81.370,305,305,0,0,0
123403,0.006,0.214,0.001,-0.046,0.021,-0.044,0.400,-0.592,-0.431,-0.551,0.000,0.000,0,3502,-44,44,32,16.610,81.370,305,305,0,0,0
123503,0.012,0.201,-0.001,-0.042,0.043,-0.001,0.400,-0.591,-0.429,-0.554,0.000,0.000,0,3824,-43,43,32,16.620,81.370,305,305,0,0,0
123603,-0.015,0.182,-0.098,0.001,0.038,0.150,0.402,-0.591,-0.425,-0.555,0.000,-0.000,0,5074,-45,42,32,16.620,81.370,305,305,0,0,0
123703,-0.045,0.202,-0.119,0.037,-0.084,0.004,0.404,-0.594,-0.425,-0.551,0.000,-0.000,0,3867,-49,44,31,16.610,81.370,305,305,0,0,0
123803,-0.026,0.217,-0.033,-0.004,-0.070,-0.080,0.402,-0.594,-0.428,-0.550,0.000,-0.000,0,3272,-47,46,31,16.610,81.370,305,305,0,0,0
123903,-0.034,0.210,-0.008,-0.023,0.061,0.056,0.402,-0.594,-0.427,-0.551,0.000,-0.000,0,4505,-43,42,31,16.620,81.370,305,305,0,0,0
124003,-0.033,0.206,-0.057,0.020,0.014,0.013,0.403,-0.594,-0.426,-0.551,0.000,-0.000,0,4112,-46,42,31,16.620,81.370,305,305,0,0,0
124103,-0.038,0.215,-0.049,0.011,-0.049,-0.011,0.403,-0.594,-0.427,-0.549,0.000,-0.000,0,3865,-46,44,32,16.620,81.370,305,305,0,0,0
124203,-0.040,0.207,-0.007,0.003,0.017,0.006,0.404,-0.594,-0.427,-0.550,0.000,-0.000,0,4086,-45,43,32,16.620,81.370,305,305,0,0,0
124303,-0.028,0.202,-0.017,-0.003,0.001,-0.047,0.403,-0.593,-0.427,-0.551,0.000,-0.000,0,3622,-45,43,31,16.620,81.370,305,305,0,0,0
124403,-0.009,0.199,-0.015,-0.029,0.048,-0.060,0.402,-0.591,-0.428,-0.553,0.000,-0.000,0,3419,-43,42,31,16.620,81.370,305,305,0,0,0
124503,0.016,0.187,-0.028,-0.032,-0.001,-0.032,0.400,-0.590,-0.428,-0.556,0.000,0.000,0,3605,-45,44,32,16.620,81.370,305,305,0,0,0
124603,0.015,0.184,-0.085,-0.018,-0.010,0.066,0.399,-0.590,-0.427,-0.557,0.000,0.000,0,4404,-45,43,32,16.620,81.370,305,305,0,0,0
124703,-0.028,0.187,-0.151,0.127,-0.074,0.204,0.404,-0.592,-0.425,-0.553,0.000,-0.000,0,5291,-52,41,31,16.630,81.370,305,305,0,0,0
124803,-0.041,0.234,-0.042,-0.030,-0.030,-0.038,0.402,-0.596,-0.429,-0.547,0.000,-0.000,0,3500,-43,45,31,16.630,81.370,305,305,0,0,0
124903,-0.021,0.231,0.008,-0.036,0.047,-0.021,0.400,-0.595,-0.429,-0.549,0.000,-0.000,0,3804,-43,42,32,16.630,81.370,305,305,0,0,0
125003,-0.009,0.216,-0.041,0.001,-0.007,-0.010,0.400,-0.594,-0.428,-0.552,0.000,-0.000,0,3896,-47,44,32,16.630,81.370,305,305,0,0,0
125103,-0.010,0.229,-0.057,-0.018,-0.041,0.004,0.399,-0.595,-0.429,-0.550,0.000,-0.000,0,3935,-46,45,32,16.640,81.370,305,305,0,0,0
125203,-0.011,0.234,-0.028,-0.001,-0.006,-0.004,0.398,-0.596,-0.429,-0.550,0.000,-0.000,0,3885,-46,43,32,16.640,81.370,305,305,0,0,0
125303,-0.015,0.233,-0.028,-0.010,0.006,-0.002,0.399,-0.596,-0.429,-0.550,0.000,-0.000,0,3897,-46,44,32,16.640,81.370,305,305,0,0,0
125403,-0.013,0.235,-0.027,-0.001,0.002,-0.007,0.398,-0.596,-0.429,-0.550,0.000,-0.000,0,3905,-46,43,32,16.640,81.370,305,305,0,0,0
125503,-0.012,0.233,-0.025,0.006,-0.006,0.007,0.398,-0.596,-0.429,-0.550,0.000,-0.000,0,4011,-46,44,32,16.640,81.370,305,305,0,0,0
125603,-0.011,0.233,-0.034,0.000,0.000,0.001,0.398,-0.596,-0.429,-0.550,0.000,-0.000,0,3922,-46,44,32,16.640,81.370,305,305,0,0,0
125703,-0.012,0.233,-0.033,0.000,-0.010,0.004,0.398,-0.596,-0.429,-0.550,0.000,-0.000,0,3997,-46,44,32,16.640,81.370,305,305,0,0,0
125803,-0.015,0.235,-0.023,0.001,0.007,0.000,0.398,-0.596,-0.429,-0.550,0.000,-0.000,0,3919,-46,43,32,16.640,81.370,305,305,0,0,0
125903,-0.015,0.235,-0.031,-0.003,-0.003,0.000,0.398,-0.596,-0.429,-0.550,0.000,-0.000,0,3944,-46,44,32,16.640,81.370,305,305,0,0,0
126003,-0.015,0.235,-0.035,0.007,-0.011,0.001,0.398,-0.596,-0.429,-0.550,0.000,-0.000,0,3951,-46,44,31,16.620,81.410,305,305,0,0,0
126103,-0.015,0.236,-0.034,0.001,-0.003,-0.004,0.398,-0.596,-0.429,-0.550,0.000,-0.000,0,3912,-46,44,31,16.620,81.410,305,305,0,0,0
126203,-0.015,0.237,-0.029,0.001,-0.009,0.007,0.398,-0.596,-0.429,-0.549,0.000,-0.000,0,4011,-46,44,31,16.610,81.370,305,305,0,0,0
126303,-0.015,0.235,-0.031,-0.001,0.009,-0.001,0.398,-0.596,-0.429,-0.550,0.000,-0.000,0,3939,-46,43,31,16.610,81.370,305,305,0,0,0
126403,-0.015,0.237,-0.031,0.000,0.000,0.004,0.398,-0.596,-0.429,-0.549,0.000,-0.000,0,3987,-46,44,32,16.610,81.370,305,305,0,0,0
126503,-0.015,0.237,-0.031,0.000,-0.013,0.000,0.398,-0.596,-0.429,-0.549,0.000,-0.000,0,3945,-46,44,32,16.610,81.370,305,305,0,0,0
126603,-0.015,0.239,-0.028,0.001,0.002,0.004,0.398,-0.596,-0.429,-0.549,0.000,-0.000,0,3972,-46,44,32,16.610,81.370,305,305,0,0,0
126703,-0.015,0.239,-0.031,0.006,-0.003,0.004,0.398,-0.596,-0.429,-0.549,0.000,-0.000,0,3968,-46,44,32,16.610,81.370,305,305,0,0,0
126803,-0.015,0.238,-0.029,0.007,0.004,0.006,0.398,-0.596,-0.429,-0.549,0.000,-0.000,0,3983,-46,43,32,16.610,81.370,305,305,0,0,0
126903,-0.015,0.238,-0.032,0.004,-0.002,0.007,0.398,-0.596,-0.429,-0.549,0.000,-0.000,0,3995,-46,44,32,16.610,81.370,305,305,0,0,0
127003,-0.015,0.238,-0.031,0.000,0.008,0.002,0.398,-0.596,-0.429,-0.549,0.000,-0.000,0,3962,-46,43,32,16.610,81.370,305,305,0,0,0
127103,-0.015,0.237,-0.029,0.000,0.012,0.001,0.398,-0.596,-0.429,-0.549,0.000,-0.000,0,3932,-45,43,32,16.610,81.370,305,305,0,0,0
127203,-0.015,0.234,-0.035,-0.003,-0.001,-0.004,0.398,-0.596,-0.429,-0.550,0.000,-0.000,0,3896,-46,44,32,16.610,81.370,305,305,0,0,0
127303,-0.015,0.233,-0.029,0.001,0.022,0.000,0.399,-0.596,-0.429,-0.550,0.000,-0.000,0,3942,-45,43,32,16.620,81.370,305,305,0,0,0
127403,-0.015,0.230,-0.029,0.000,0.007,0.000,0.399,-0.596,-0.428,-0.550,0.000,-0.000,0,3954,-46,43,32,16.620,81.370,305,305,0,0,0
127503,-0.015,0.226,-0.026,-0.001,0.008,0.001,0.399,-0.595,-0.428,-0.550,0.000,-0.000,0,3956,-45,43,32,16.630,81.370,305,305,0,0,0
127603,-0.015,0.222,-0.026,-0.006,0.018,0.000,0.399,-0.595,-0.428,-0.551,0.000,-0.000,0,3958,-45,43,32,16.630,81.370,305,305,0,0,0
127703,-0.016,0.217,-0.030,0.000,0.004,0.010,0.400,-0.594,-0.428,-0.551,0.000,-0.000,0,4024,-46,43,31,16.610,81.370,305,305,0,0,0
127803,-0.023,0.218,-0.036,0.007,-0.023,0.042,0.400,-0.595,-0.427,-0.551,0.000,-0.000,0,4311,-47,44,31,16.610,81.370,305,305,0,0,0
127903,-0.018,0.220,-0.033,-0.012,0.010,-0.050,0.400,-0.595,-0.427,-0.551,0.000,-0.000,0,3500,-45,43,31,16.610,81.370,305,305,0,0,0
128003,-0.013,0.219,-0.025,0.000,-0.007,0.026,0.399,-0.595,-0.428,-0.551,0.000,-0.000,0,4195,-46,43,31,16.610,81.410,305,305,0,0,0
128103,-0.022,0.218,-0.024,0.006,0.021,0.028,0.400,-0.595,-0.427,-0.551,0.000,-0.000,0,4189,-45,42,31,16.610,81.410,305,305,0,0,0
128203,-0.029,0.211,-0.043,0.037,-0.007,0.022,0.401,-0.595,-0.426,-0.551,0.000,-0.000,0,4179,-47,42,32,16.620,81.370,305,305,0,0,0
128303,-0.034,0.215,-0.032,-0.003,0.012,-0.003,0.402,-0.595,-0.427,-0.550,0.000,-0.000,0,3979,-44,43,32,16.620,81.370,305,305,0,0,0
128403,-0.034,0.209,-0.027,0.003,0.024,0.001,0.402,-0.594,-0.426,-0.551,0.000,-0.000,0,4030,-45,43,32,16.630,81.370,305,305,0,0,0
128503,-0.034,0.202,-0.031,-0.008,0.034,0.001,0.403,-0.594,-0.426,-0.552,0.000,-0.000,0,4054,-44,42,32,16.630,81.370,305,305,0,0,0
128603,-0.031,0.192,-0.033,-0.013,0.043,-0.009,0.403,-0.593,-0.425,-0.553,0.000,-0.000,0,3964,-44,42,32,16.630,81.370,305,305,0,0,0
128703,-0.031,0.177,-0.031,-0.007,0.054,-0.002,0.404,-0.592,-0.424,-0.555,0.000,-0.000,0,4015,-43,41,31,16.640,81.410,305,305,0,0,0
128803,-0.027,0.157,-0.030,-0.006,0.100,-0.012,0.405,-0.590,-0.422,-0.557,0.000,-0.000,0,3931,-42,39,31,16.640,81.410,305,305,0,0,0
128903,-0.025,0.145,-0.039,0.021,0.022,0.004,0.406,-0.588,-0.422,-0.558,0.000,-0.000,0,4062,-44,41,32,16.630,81.370,305,305,0,0,0
129003,-0.037,0.134,-0.023,0.043,0.023,0.050,0.408,-0.587,-0.421,-0.558,0.000,-0.000,0,4422,-45,40,32,16.630,81.370,305,305,0,0,0
129103,-0.059,0.114,-0.010,0.039,0.159,0.024,0.412,-0.586,-0.420,-0.558,0.000,-0.000,0,4218,-40,36,31,16.620,81.370,305,305,0,0,0
129203,-0.059,0.081,-0.030,0.006,0.067,-0.006,0.415,-0.582,-0.418,-0.561,0.000,-0.000,0,4108,-41,39,31,16.620,81.370,305,305,0,0,0
129303,-0.060,0.064,-0.042,-0.002,0.039,0.000,0.416,-0.581,-0.417,-0.562,0.000,-0.000,0,4170,-42,40,31,16.620,81.370,305,305,0,0,0
129403,-0.058,0.062,-0.044,-0.009,0.009,-0.018,0.416,-0.580,-0.417,-0.562,0.000,-0.000,0,3996,-42,40,31,16.610,81.370,305,305,0,0,0
129503,-0.046,0.061,-0.046,-0.004,-0.019,-0.028,0.416,-0.580,-0.417,-0.563,0.000,-0.000,0,3913,-43,41,31,16.610,81.370,305,305,0,0,0
129603,-0.039,0.063,-0.037,-0.014,0.021,-0.013,0.415,-0.579,-0.418,-0.563,0.000,-0.000,0,4002,-41,40,31,16.620,81.370,305,305,0,0,0
129703,-0.037,0.061,-0.040,0.006,-0.006,0.000,0.415,-0.579,-0.418,-0.564,0.000,-0.000,0,4076,-43,40,31,16.620,81.370,305,305,0,0,0
129803,-0.035,0.054,-0.021,0.006,-0.011,-0.014,0.415,-0.578,-0.418,-0.565,0.000,-0.000,0,3938,-43,40,31,16.620,81.370,305,305,0,0,0
129903,-0.030,0.035,-0.005,0.007,0.077,-0.008,0.416,-0.576,-0.417,-0.566,0.000,-0.000,0,3996,-40,38,31,16.630,81.370,305,305,0,0,0
130003,-0.030,0.020,-0.054,-0.036,-0.034,-0.006,0.417,-0.575,-0.416,-0.568,0.000,-0.000,0,4005,-42,42,31,16.630,81.370,305,305,0,0,0
130103,-0.027,0.031,-0.035,-0.011,-0.007,0.003,0.415,-0.577,-0.416,-0.568,0.000,-0.000,0,4063,-42,39,31,16.630,81.370,305,305,0,0,0
130203,-0.025,0.031,-0.018,-0.001,0.013,0.003,0.415,-0.577,-0.416,-0.568,0.000,-0.000,0,4043,-41,39,31,16.630,81.370,305,305,0,0,0
130303,-0.027,0.021,-0.024,-0.010,-0.001,0.021,0.416,-0.576,-0.415,-0.569,0.000,-0.000,0,4183,-42,40,31,16.630,81.370,305,305,0,0,0
130403,-0.036,0.031,-0.041,-0.004,-0.054,0.012,0.416,-0.577,-0.415,-0.568,0.000,-0.000,0,4091,-43,41,32,16.630,81.370,305,305,0,0,0
130503,-0.038,0.046,-0.028,0.011,-0.051,0.021,0.415,-0.579,-0.416,-0.566,0.000,-0.000,0,4224,-44,41,32,16.630,81.370,305,305,0,0,0
130603,-0.047,0.048,-0.015,0.012,0.058,0.018,0.416,-0.579,-0.415,-0.565,0.000,-0.000,0,4213,-40,38,31,16.640,81.370,305,305,0,0,0
130703,-0.055,0.036,-0.026,0.004,0.009,0.017,0.417,-0.578,-0.414,-0.566,0.000,-0.000,0,4241,-42,40,31,16.640,81.370,305,305,0,0,0
130803,-0.055,0.036,-0.039,0.009,-0.033,0.001,0.417,-0.578,-0.414,-0.566,0.000,-0.000,0,4128,-43,41,32,16.640,81.370,305,305,0,0,0
130903,-0.054,0.042,-0.032,-0.002,-0.001,-0.002,0.417,-0.579,-0.415,-0.565,0.000,-0.000,0,4140,-42,40,32,16.640,81.370,305,305,0,0,0
131003,-0.053,0.045,-0.026,-0.007,0.000,0.000,0.416,-0.579,-0.415,-0.565,0.000,-0.000,0,4155,-42,40,32,16.640,81.370,305,305,0,0,0
131103,-0.053,0.045,-0.032,0.000,-0.023,-0.008,0.416,-0.579,-0.415,-0.565,0.000,-0.000,0,4081,-43,41,31,16.630,81.370,305,305,0,0,0
131203,-0.050,0.049,-0.028,0.002,0.004,-0.016,0.416,-0.579,-0.416,-0.565,0.000,-0.000,0,4005,-42,40,31,16.630,81.370,305,305,0,0,0
131303,-0.048,0.050,-0.023,-0.003,0.008,0.000,0.416,-0.579,-0.416,-0.565,0.000,-0.000,0,4140,-42,40,31,16.630,81.370,305,305,0,0,0
131403,-0.047,0.049,-0.024,-0.002,0.000,0.002,0.416,-0.579,-0.416,-0.565,0.000,-0.000,0,4106,-42,40,31,16.630,81.370,305,305,0,0,0
131503,-0.047,0.049,-0.024,-0.002,-0.001,-0.001,0.416,-0.579,-0.416,-0.565,0.000,-0.000,0,4085,-42,40,31,16.630,81.370,305,305,0,0,0
131603,-0.047,0.049,-0.026,0.007,0.003,0.006,0.416,-0.579,-0.416,-0.565,0.000,-0.000,0,4135,-42,40,32,16.630,81.370,305,305,0,0,0
131703,-0.049,0.051,-0.030,0.009,-0.011,0.004,0.416,-0.579,-0.416,-0.564,0.000,-0.000,0,4128,-43,40,32,16.630,81.370,305,305,0,0,0
131803,-0.049,0.054,-0.030,0.009,-0.018,0.007,0.416,-0.579,-0.417,-0.564,0.000,-0.000,0,4143,-43,40,32,16.630,81.370,305,305,0,0,0
131903,-0.050,0.059,-0.015,0.001,0.002,0.001,0.416,-0.580,-0.417,-0.563,0.000,-0.000,0,4122,-42,40,32,16.590,81.330,1491,3125,60,182,0
132003,-0.050,0.051,-0.018,0.002,0.016,0.006,0.416,-0.579,-0.416,-0.564,0.000,-0.000,0,4156,-42,39,32,16.590,81.330,1491,3125,60,182,0
132103,-0.050,0.048,-0.033,-0.002,0.008,0.001,0.417,-0.579,-0.416,-0.564,0.000,-0.000,0,4120,-42,40,32,16.590,81.330,1491,3125,60,182,0
132203,-0.051,0.049,-0.039,-0.004,0.002,-0.004,0.417,-0.579,-0.416,-0.564,0.000,-0.000,0,4087,-42,40,32,16.590,81.410,726,4152,60,183,0
132303,-0.051,0.049,-0.019,0.003,0.009,0.002,0.417,-0.579,-0.416,-0.564,5000000.000,-0.000,0,4426,-42,39,32,16.590,81.410,726,4152,60,183,0
132403,-0.052,0.044,-0.035,0.000,0.003,-0.001,0.417,-0.578,-0.416,-0.565,25000000.000,-0.000,0,5433,-42,40,32,16.590,81.410,726,4152,60,183,0
132503,-0.052,0.044,-0.023,0.000,0.010,0.000,0.417,-0.578,-0.416,-0.565,40000000.000,-0.000,1681,6097,-42,39,32,16.610,81.410,474,5567,60,261,0
132603,-0.051,0.041,-0.025,0.011,0.016,0.004,0.417,-0.578,-0.416,-0.565,55000000.000,-0.000,3568,6875,-42,39,32,16.610,81.410,474,5567,60,261,0
132703,-0.052,0.035,-0.125,0.007,0.042,0.004,0.418,-0.577,-0.415,-0.565,70000000.000,-0.000,4203,7234,-41,38,32,16.610,81.410,474,5567,60,261,0
132803,-0.053,0.028,-0.097,-0.034,0.013,0.006,0.419,-0.577,-0.415,-0.566,85000000.000,-0.000,5006,7742,-40,41,32,16.570,81.290,4826,7575,204,324,0
132903,-0.054,0.021,-0.091,-0.011,0.019,0.001,0.419,-0.576,-0.414,-0.566,110000000.000,-0.000,6153,8493,-41,39,32,16.570,81.290,4826,7575,204,324,0
133003,-0.054,0.018,-0.105,-0.004,0.002,0.006,0.419,-0.576,-0.414,-0.567,130000000.000,-0.000,6900,9077,-41,39,32,16.570,81.290,4826,7575,204,324,0
133103,-0.054,0.018,-0.075,-0.001,0.007,0.000,0.419,-0.576,-0.414,-0.567,145000000.000,-0.000,7440,9468,-41,39,32,16.580,81.330,7204,9225,300,379,0
133203,-0.055,0.016,-0.052,0.000,0.013,0.001,0.419,-0.576,-0.414,-0.567,155000000.000,-0.000,7756,9739,-41,39,32,16.580,81.330,7204,9225,300,379,0
133303,-0.053,0.014,-0.031,-0.006,0.020,-0.002,0.420,-0.575,-0.414,-0.567,170000000.000,-0.000,8259,10089,-41,39,32,16.580,81.330,7204,9225,300,379,0
133403,-0.053,0.013,-0.024,-0.006,0.009,0.000,0.420,-0.575,-0.414,-0.567,180000000.000,-0.000,8539,10349,-41,39,32,16.560,81.330,8250,10121,393,458,0
133504,-0.054,0.011,-0.035,0.000,0.000,0.001,0.420,-0.575,-0.414,-0.567,190000000.000,-0.000,8820,10593,-41,39,32,16.560,81.330,8250,10121,393,458,0
133603,-0.053,0.011,-0.034,0.004,-0.006,0.003,0.420,-0.575,-0.414,-0.567,205000000.000,-0.000,9232,10944,-42,39,32,16.560,81.330,8250,10121,393,458,0
133703,-0.053,0.012,-0.049,0.003,-0.018,-0.003,0.420,-0.575,-0.414,-0.567,215000000.000,-0.000,9526,11147,-42,40,32,16.560,81.290,9259,10964,421,490,0
133804,-0.051,0.012,-0.043,0.001,0.009,0.008,0.420,-0.575,-0.414,-0.567,220000000.000,-0.000,9614,11295,-41,39,32,16.560,81.290,9259,10964,421,490,0
133904,-0.052,0.013,-0.046,0.000,0.008,-0.004,0.420,-0.575,-0.414,-0.567,230000000.000,-0.000,9918,11473,-41,39,32,16.560,81.290,9259,10964,421,490,0
134004,-0.051,0.011,-0.045,0.000,-0.006,-0.008,0.420,-0.575,-0.414,-0.568,240000000.000,-0.000,10149,11705,-41,39,32,16.550,81.210,9920,11520,417,469,0
134104,-0.057,0.009,-0.035,0.000,0.003,0.013,0.420,-0.575,-0.413,-0.567,240000000.000,-0.000,10104,11744,-41,39,32,16.550,81.210,9920,11520,417,469,0
134203,-0.057,0.008,-0.039,-0.003,-0.001,-0.009,0.420,-0.575,-0.413,-0.568,245000000.000,-0.000,10292,11793,-41,39,32,16.550,81.210,9920,11520,417,469,0
134303,-0.056,0.006,-0.041,0.001,-0.003,0.001,0.420,-0.575,-0.413,-0.568,250000000.000,-0.000,10511,12022,-41,39,32,16.540,81.290,10288,11876,462,510,0
134403,-0.055,0.005,-0.037,-0.001,0.014,0.001,0.420,-0.575,-0.413,-0.568,255000000.000,-0.000,10494,12036,-41,38,32,16.540,81.290,10288,11876,462,510,0
134504,-0.055,0.004,-0.049,0.000,0.006,-0.001,0.420,-0.574,-0.413,-0.568,270000000.000,-0.000,10858,12333,-41,39,32,16.540,81.290,10288,11876,462,510,0
134604,-0.055,0.002,-0.031,0.001,0.002,0.006,0.421,-0.574,-0.413,-0.568,295000000.000,-0.000,11400,12847,-41,39,32,16.530,81.290,10917,12376,482,538,0
134704,-0.055,0.003,-0.025,0.003,0.012,0.004,0.420,-0.574,-0.413,-0.568,310000000.000,-0.000,11728,13132,-41,38,32,16.530,81.290,10917,12376,482,538,0
134803,-0.054,-0.005,-0.033,0.001,0.009,0.000,0.421,-0.574,-0.412,-0.569,335000000.000,-0.000,12267,13584,-41,39,32,16.530,81.290,10917,12376,482,538,0
134904,-0.052,-0.005,-0.041,-0.004,0.000,0.000,0.421,-0.573,-0.413,-0.569,350000000.000,-0.000,12573,13853,-41,39,32,16.500,81.250,12224,13623,533,567,0
135003,-0.051,-0.006,-0.020,-0.002,0.013,0.004,0.421,-0.573,-0.413,-0.569,375000000.000,-0.000,13051,14307,-40,38,32,16.500,81.250,12224,13623,533,567,0
135104,-0.052,-0.010,-0.025,0.000,0.012,0.007,0.421,-0.573,-0.412,-0.570,395000000.000,-0.000,13421,14659,-41,38,32,16.460,81.090,13586,14662,534,629,0
135203,-0.054,-0.015,-0.024,0.002,0.012,0.000,0.422,-0.573,-0.412,-0.570,415000000.000,-0.000,13805,14981,-41,38,32,16.460,81.090,13586,14662,534,629,0
135303,-0.054,-0.018,-0.049,0.000,0.000,0.000,0.422,-0.572,-0.412,-0.570,420000000.000,-0.000,13896,15065,-41,39,32,16.460,81.090,13586,14662,534,629,0
135403,-0.055,-0.017,-0.047,0.000,-0.012,0.002,0.422,-0.572,-0.412,-0.570,435000000.000,-0.000,14146,15326,-41,39,32,16.480,81.250,13966,15151,626,667,0
135503,-0.055,-0.017,-0.024,0.000,0.000,0.006,0.422,-0.572,-0.412,-0.570,445000000.000,-0.000,14315,15495,-41,38,32,16.480,81.250,13966,15151,626,667,0
135603,-0.054,-0.022,-0.038,0.000,0.020,0.000,0.422,-0.572,-0.411,-0.570,450000000.000,-0.000,14416,15562,-40,38,32,16.480,81.250,13966,15151,626,667,0
135703,-0.054,-0.020,-0.082,-0.002,-0.018,-0.006,0.422,-0.572,-0.411,-0.570,470000000.000,-0.000,14777,15863,-41,39,33,16.460,81.250,14409,15576,610,667,0
135803,-0.054,-0.024,-0.044,0.000,0.019,0.000,0.422,-0.572,-0.411,-0.571,495000000.000,-0.000,15178,16268,-40,38,33,16.460,81.250,14409,15576,610,667,0
135903,-0.054,-0.028,-0.047,0.001,0.031,-0.008,0.422,-0.571,-0.411,-0.571,510000000.000,-0.000,15439,16481,-39,37,33,16.490,81.010,15290,16339,675,719,0
136003,-0.053,-0.033,-0.038,-0.011,0.010,-0.014,0.423,-0.571,-0.411,-0.572,530000000.000,0.000,15780,16763,-40,38,33,16.490,81.010,15290,16339,675,719,0
136103,-0.049,-0.036,-0.056,-0.007,-0.003,0.000,0.423,-0.570,-0.411,-0.572,545000000.000,0.000,15983,17016,-40,38,33,16.490,81.010,15290,16339,675,719,0
136203,-0.050,-0.041,-0.033,-0.004,0.014,-0.003,0.423,-0.570,-0.410,-0.573,565000000.000,0.000,16303,17297,-40,38,32,16.430,80.680,16077,17064,692,743,0
136303,-0.049,-0.048,-0.052,-0.008,0.010,-0.007,0.424,-0.569,-0.410,-0.573,580000000.000,0.000,16542,17503,-40,38,32,16.430,80.680,16077,17064,692,743,0
136403,-0.044,-0.049,-0.068,-0.001,0.010,-0.008,0.423,-0.569,-0.410,-0.574,590000000.000,0.000,16684,17653,-40,37,33,16.410,79.920,16722,17667,728,750,0
136503,-0.041,-0.050,-0.063,-0.008,0.011,-0.007,0.423,-0.569,-0.410,-0.574,605000000.000,0.000,16914,17859,-39,37,33,16.410,79.920,16722,17667,728,750,0
136603,-0.036,-0.054,-0.043,-0.012,0.009,-0.018,0.422,-0.568,-0.410,-0.575,620000000.000,0.000,17165,18038,-39,37,33,16.410,79.920,16722,17667,728,750,0
136703,-0.036,-0.063,-0.059,-0.001,0.006,0.000,0.423,-0.568,-0.409,-0.576,640000000.000,0.000,17419,18346,-40,37,33,16.390,79.360,17361,18115,721,791,0
136803,-0.033,-0.062,-0.063,-0.004,-0.008,-0.001,0.423,-0.568,-0.409,-0.576,655000000.000,0.000,17641,18542,-40,37,33,16.390,79.360,17361,18115,721,791,0
136903,-0.031,-0.058,-0.048,-0.002,-0.013,0.003,0.422,-0.568,-0.410,-0.576,675000000.000,0.000,17913,18819,-40,37,33,16.350,78.350,17857,18726,786,824,0
137003,-0.031,-0.065,-0.035,0.000,0.028,-0.001,0.423,-0.567,-0.409,-0.576,685000000.000,0.000,18056,18947,-38,37,33,16.350,78.350,17857,18726,786,824,0
137103,-0.031,-0.071,-0.011,0.004,0.022,0.004,0.423,-0.567,-0.409,-0.577,710000000.000,0.000,18393,19280,-39,36,32,16.350,78.030,18315,19230,813,843,0
137203,-0.032,-0.075,-0.034,0.002,0.014,0.003,0.424,-0.566,-0.409,-0.577,730000000.000,0.000,18666,19534,-39,36,32,16.350,78.030,18315,19230,813,843,0
137303,-0.033,-0.082,-0.006,0.002,0.020,0.007,0.424,-0.566,-0.408,-0.578,755000000.000,0.000,18991,19922,-38,36,32,16.350,78.030,18315,19230,813,843,0
137403,-0.034,-0.083,-0.030,-0.011,0.001,-0.008,0.424,-0.566,-0.408,-0.578,780000000.000,0.000,19348,20141,-38,37,33,16.320,77.830,19083,20000,842,865,0
137503,-0.032,-0.084,-0.022,-0.002,-0.006,-0.012,0.424,-0.565,-0.408,-0.578,790000000.000,0.000,19488,20253,-39,37,33,16.320,77.830,19083,20000,842,865,0
137603,-0.030,-0.087,-0.014,0.002,0.009,0.006,0.424,-0.565,-0.408,-0.578,810000000.000,0.000,19709,20532,-38,36,33,16.290,77.830,19455,20533,904,840,0
137703,-0.030,-0.095,-0.075,-0.001,0.016,-0.001,0.425,-0.564,-0.407,-0.579,830000000.000,0.000,19971,20765,-38,36,33,16.290,77.830,19455,20533,904,840,0
137803,-0.030,-0.098,-0.074,0.000,-0.017,0.002,0.425,-0.564,-0.407,-0.579,850000000.000,0.000,20215,21009,-39,36,33,16.280,77.790,20080,20833,908,938,0
137903,-0.026,-0.099,-0.075,-0.004,0.004,0.006,0.425,-0.564,-0.407,-0.580,860000000.000,0.000,20330,21135,-38,36,33,16.280,77.790,20080,20833,908,938,0
138003,-0.024,-0.103,-0.098,-0.009,-0.008,-0.016,0.425,-0.563,-0.407,-0.580,875000000.000,0.000,20565,21269,-38,36,33,16.240,77.750,20366,21186,960,978,0
138103,-0.023,-0.103,-0.116,-0.009,0.000,-0.003,0.425,-0.563,-0.407,-0.580,885000000.000,0.000,20658,21406,-37,36,33,16.240,77.750,20366,21186,960,978,0
138203,-0.025,-0.104,-0.126,0.009,-0.006,-0.002,0.425,-0.563,-0.407,-0.580,900000000.000,0.000,20835,21585,-38,35,33,16.210,77.710,20920,21367,922,1018,0
138303,-0.025,-0.099,-0.091,-0.003,-0.020,-0.012,0.425,-0.563,-0.407,-0.580,910000000.000,0.000,20977,21679,-38,35,33,16.210,77.710,20920,21367,922,1018,0
138403,-0.024,-0.099,-0.069,-0.002,0.007,-0.002,0.425,-0.563,-0.407,-0.580,925000000.000,0.000,21136,21870,-37,35,33,16.230,77.590,21231,21834,911,969,0
138503,-0.026,-0.107,-0.065,0.000,-0.001,-0.007,0.425,-0.563,-0.407,-0.580,935000000.000,0.000,21263,21974,-38,35,33,16.230,77.590,21231,21834,911,969,0
138603,-0.027,-0.110,-0.049,0.009,-0.009,0.006,0.426,-0.562,-0.406,-0.581,950000000.000,0.000,21414,22168,-38,35,33,16.190,77.670,21413,22421,972,927,0
138703,-0.025,-0.113,-0.051,0.001,0.049,0.009,0.426,-0.562,-0.406,-0.581,960000000.000,0.000,21519,22292,-35,33,33,16.190,77.670,21413,22421,972,927,0
138803,-0.026,-0.112,-0.044,-0.006,-0.019,-0.009,0.426,-0.562,-0.406,-0.581,970000000.000,0.000,21674,22366,-37,36,33,16.190,77.670,21413,22421,972,927,0
138903,-0.024,-0.111,-0.089,-0.013,0.000,-0.002,0.425,-0.562,-0.407,-0.581,985000000.000,0.000,21834,22545,-36,35,33,16.180,77.500,21645,22421,989,990,0
139003,-0.024,-0.121,-0.063,-0.006,0.049,0.011,0.426,-0.561,-0.406,-0.582,1000000000.000,0.000,22043,22784,-36,34,33,16.180,77.500,21645,22421,989,990,0
139103,-0.023,-0.119,-0.116,-0.008,-0.062,-0.020,0.426,-0.562,-0.406,-0.582,1005000000.000,0.000,22098,22731,-38,37,34,16.140,76.900,21881,22883,1043,1004,0
139203,-0.021,-0.117,-0.043,-0.004,0.022,0.019,0.425,-0.562,-0.406,-0.582,1025000000.000,0.000,22251,23019,-36,34,34,16.140,76.900,21881,22883,1043,1004,0
139303,-0.026,-0.131,-0.108,0.021,0.036,0.021,0.427,-0.560,-0.405,-0.583,1035000000.000,0.000,22414,23186,-36,33,34,16.160,76.540,22026,23041,1077,1052,0
139403,-0.029,-0.131,-0.115,0.003,-0.011,0.008,0.427,-0.561,-0.405,-0.583,1050000000.000,0.000,22547,23273,-37,34,34,16.160,76.540,22026,23041,1077,1052,0
139503,-0.027,-0.125,-0.095,-0.004,-0.007,-0.014,0.427,-0.561,-0.405,-0.582,1060000000.000,0.000,22691,23348,-36,34,34,16.210,76.380,21834,23419,1047,1022,0
139603,-0.031,-0.135,-0.056,0.006,0.061,-0.008,0.427,-0.560,-0.404,-0.583,1080000000.000,0.000,22904,23567,-34,31,34,16.210,76.380,21834,23419,1047,1022,0
139703,-0.031,-0.150,-0.091,-0.004,0.011,0.002,0.429,-0.559,-0.403,-0.584,1104999680.000,0.000,23157,23848,-35,33,34,16.080,75.570,23041,23584,1020,1107,0
139803,-0.031,-0.143,-0.051,0.001,-0.061,0.000,0.428,-0.560,-0.404,-0.584,1109999616.000,0.000,23214,23898,-37,35,34,16.080,75.570,23041,23584,1020,1107,0
139903,-0.031,-0.140,-0.118,-0.017,0.003,-0.019,0.428,-0.560,-0.404,-0.583,1124999424.000,0.000,23408,24023,-34,34,35,16.090,75.610,23310,24213,1065,1038,0
140003,-0.034,-0.149,-0.195,0.003,0.026,0.001,0.429,-0.559,-0.403,-0.584,1134999296.000,0.000,23484,24156,-35,32,35,16.090,75.610,23310,24213,1065,1038,0
140103,-0.034,-0.148,-0.075,-0.007,-0.052,0.000,0.429,-0.559,-0.403,-0.584,1149999104.000,0.000,23638,24315,-37,35,35,16.030,74.930,23419,24271,1138,1124,0
140203,-0.034,-0.145,-0.147,0.000,-0.026,0.001,0.428,-0.560,-0.403,-0.584,1159998976.000,0.000,23741,24421,-36,34,35,16.030,74.930,23419,24271,1138,1124,0
140303,-0.035,-0.142,-0.108,0.000,-0.028,0.034,0.428,-0.560,-0.403,-0.583,1179998720.000,0.000,23942,24734,-36,33,35,16.000,74.850,23923,25000,1093,1048,0
140403,-0.038,-0.139,-0.109,0.002,0.038,0.006,0.428,-0.560,-0.403,-0.583,1199998464.000,0.000,24145,24840,-34,31,35,16.000,74.850,23923,25000,1093,1048,0
140503,-0.041,-0.150,-0.059,0.017,-0.003,0.023,0.429,-0.560,-0.403,-0.584,1219998208.000,0.000,24325,25066,-36,32,35,16.000,74.850,23923,25000,1093,1048,0
140603,-0.045,-0.148,-0.093,0.014,-0.023,0.010,0.429,-0.560,-0.402,-0.583,1229998080.000,0.000,24499,25195,-35,32,35,15.990,74.770,24213,25062,1169,1161,0
140703,-0.046,-0.148,-0.061,0.006,-0.008,0.007,0.430,-0.560,-0.402,-0.583,1244997888.000,0.000,24600,25295,-35,32,35,15.990,74.770,24213,25062,1169,1161,0
140803,-0.051,-0.145,-0.040,-0.002,-0.031,0.000,0.430,-0.560,-0.402,-0.583,1264997632.000,0.000,24818,25477,-35,33,35,15.970,74.850,24449,25380,1215,1186,0
140903,-0.050,-0.148,-0.152,-0.001,0.066,0.019,0.430,-0.560,-0.402,-0.583,1279997440.000,0.000,24932,25659,-32,30,35,15.970,74.850,24449,25380,1215,1186,0
141003,-0.053,-0.162,-0.321,0.001,-0.029,-0.002,0.431,-0.559,-0.401,-0.584,1289997312.000,0.000,25064,25726,-35,33,35,15.930,75.690,25062,25839,1161,1154,0
141103,-0.049,-0.148,-0.351,0.013,-0.043,0.004,0.430,-0.560,-0.402,-0.583,1294997248.000,0.000,25098,25789,-35,32,35,15.930,75.690,25062,25839,1161,1154,0
141203,-0.050,-0.153,-0.517,-0.004,0.050,0.010,0.430,-0.560,-0.402,-0.583,1294997248.000,0.000,25095,25792,-32,30,35,15.930,75.690,25062,25839,1161,1154,0
141303,-0.055,-0.154,-0.609,0.000,-0.052,0.021,0.431,-0.560,-0.401,-0.583,1294997248.000,0.000,25082,25770,-36,34,36,15.890,76.260,25000,25773,1185,1195,0
141403,-0.054,-0.138,-0.624,0.006,0.017,0.037,0.429,-0.561,-0.402,-0.582,1294997248.000,0.000,25051,25835,-33,30,36,15.890,76.260,25000,25773,1185,1195,0
141503,-0.064,-0.140,-0.605,-0.011,0.033,-0.009,0.430,-0.562,-0.402,-0.582,1294997248.000,0.000,25123,25765,-32,31,35,15.880,76.180,25000,25839,1179,1185,0
141603,-0.068,-0.152,-0.518,0.012,-0.004,0.036,0.431,-0.561,-0.400,-0.583,1294997248.000,0.000,25066,25820,-35,32,35,15.880,76.180,25000,25839,1179,1185,0
141703,-0.067,-0.129,-0.566,-0.023,-0.077,-0.016,0.429,-0.563,-0.402,-0.581,1294997248.000,0.000,25119,25769,-35,34,36,15.840,76.460,25252,26246,1135,1076,0
141803,-0.064,-0.115,-0.599,0.003,-0.051,0.007,0.428,-0.564,-0.403,-0.580,1294997248.000,0.000,25083,25804,-35,33,36,15.840,76.460,25252,26246,1135,1076,0
141903,-0.070,-0.112,-0.492,-0.019,0.028,-0.001,0.428,-0.565,-0.403,-0.579,1304997120.000,0.000,25205,25879,-31,30,36,15.840,76.460,25252,26246,1135,1076,0
142003,-0.078,-0.133,-0.710,0.017,0.109,0.046,0.430,-0.563,-0.401,-0.581,1329996800.000,0.000,25379,26190,-31,28,36,15.880,76.580,25125,25974,1209,1181,0
142103,-0.082,-0.151,-0.704,0.008,-0.057,-0.003,0.432,-0.561,-0.399,-0.582,1354996480.000,0.000,25684,26369,-36,33,36,15.880,76.580,25125,25974,1209,1181,0
142203,-0.078,-0.135,-1.093,-0.008,-0.013,-0.008,0.430,-0.563,-0.400,-0.581,1369996288.000,0.000,25830,26511,-33,31,36,15.800,79.070,25445,26525,1273,1203,0
142303,-0.082,-0.152,-1.198,-0.010,0.007,-0.016,0.432,-0.562,-0.399,-0.582,1389996032.000,0.000,26041,26681,-33,31,36,15.800,79.070,25445,26525,1273,1203,0
142403,-0.086,-0.140,-1.283,-0.012,-0.130,-0.047,0.432,-0.563,-0.400,-0.581,1389996032.000,0.000,26091,26631,-36,35,36,15.830,79.360,25906,26315,1257,1316,0
142503,-0.082,-0.145,-1.200,0.002,0.071,0.028,0.432,-0.562,-0.400,-0.581,1389996032.000,0.000,25971,26749,-31,28,36,15.830,79.360,25906,26315,1257,1316,0
142603,-0.086,-0.149,-1.223,0.001,-0.038,-0.008,0.432,-0.562,-0.399,-0.581,1389996032.000,0.000,26034,26687,-34,33,36,15.830,79.360,25906,26315,1257,1316,0
142703,-0.081,-0.143,-1.021,0.001,0.070,0.031,0.431,-0.562,-0.400,-0.581,1389996032.000,0.000,25962,26758,-30,27,36,15.800,80.040,25706,26737,1304,1221,0
142803,-0.084,-0.148,-1.054,-0.007,-0.010,0.004,0.432,-0.562,-0.399,-0.582,1389996032.000,0.000,26006,26715,-32,31,36,15.800,80.040,25706,26737,1304,1221,0
142903,-0.084,-0.146,-1.076,0.002,0.016,-0.003,0.432,-0.562,-0.399,-0.581,1389996032.000,0.000,26003,26718,-31,29,37,15.810,80.320,26178,26595,1176,1271,0
143003,-0.090,-0.146,-0.964,-0.008,-0.006,-0.028,0.432,-0.563,-0.399,-0.581,1389996032.000,0.000,26059,26664,-32,30,37,15.810,80.320,26178,26595,1176,1271,0
143103,-0.092,-0.143,-0.959,-0.011,-0.056,-0.044,0.432,-0.563,-0.399,-0.581,1389996032.000,0.000,26083,26639,-33,32,37,15.810,80.320,26178,26595,1176,1271,0
143203,-0.094,-0.146,-1.065,-0.009,0.022,0.004,0.433,-0.563,-0.399,-0.581,1389996032.000,0.000,26007,26714,-31,29,37,15.760,80.080,26315,26455,1123,1321,0
143303,-0.093,-0.150,-1.115,0.012,-0.027,0.018,0.433,-0.562,-0.399,-0.581,1389996032.000,0.000,25981,26739,-33,30,37,15.760,80.080,26315,26455,1123,1321,0
143403,-0.090,-0.145,-1.002,-0.004,-0.013,0.000,0.432,-0.562,-0.399,-0.581,1389996032.000,0.000,26004,26717,-32,30,37,15.760,80.080,26315,26455,1123,1321,0
143503,-0.087,-0.150,-1.061,0.000,0.010,0.018,0.432,-0.562,-0.399,-0.581,1389996032.000,0.000,25976,26744,-31,29,37,15.780,80.560,26178,26666,1170,1248,0
143603,-0.088,-0.155,-1.065,0.004,-0.002,0.022,0.433,-0.561,-0.399,-0.582,1389996032.000,0.000,25974,26746,-32,29,37,15.780,80.560,26178,26666,1170,1248,0
143703,-0.090,-0.147,-1.080,-0.007,-0.014,-0.008,0.432,-0.562,-0.399,-0.581,1389996032.000,0.000,26024,26698,-31,30,38,15.710,81.250,26246,26455,1161,1315,0
143803,-0.094,-0.155,-0.977,-0.007,0.013,-0.050,0.433,-0.562,-0.398,-0.581,1389996032.000,0.000,26093,26630,-30,29,38,15.710,81.250,26246,26455,1161,1315,0
143903,-0.092,-0.158,-1.069,-0.010,-0.056,0.000,0.433,-0.561,-0.398,-0.582,1389996032.000,0.000,26011,26710,-33,31,38,15.710,81.250,26246,26455,1161,1315,0
144003,-0.086,-0.158,-0.997,-0.001,0.006,0.016,0.433,-0.561,-0.399,-0.582,1389996032.000,0.000,25982,26738,-31,29,38,15.690,80.970,25906,26881,1258,1200,0
144103,-0.085,-0.161,-1.240,0.000,-0.033,-0.017,0.433,-0.561,-0.398,-0.583,1389996032.000,0.000,26034,26688,-32,30,38,15.690,80.970,25906,26881,1258,1200,0
144203,-0.085,-0.152,-0.961,-0.001,-0.019,-0.001,0.432,-0.562,-0.399,-0.582,1389996032.000,0.000,26010,26697,-30,29,38,15.720,81.610,25974,26525,1229,1293,0
144303,-0.086,-0.161,-0.994,0.000,0.040,0.014,0.433,-0.561,-0.398,-0.583,1389996032.000,0.000,25992,26729,-29,27,38,15.720,81.610,25974,26525,1229,1293,0
144403,-0.083,-0.164,-1.000,-0.001,-0.060,0.003,0.433,-0.560,-0.398,-0.583,1389996032.000,0.000,26005,26716,-32,30,38,15.720,81.610,25974,26525,1229,1293,0
144503,-0.083,-0.158,-0.963,0.024,0.010,0.021,0.432,-0.561,-0.399,-0.582,1389996032.000,0.000,25980,26740,-31,27,38,15.680,81.610,25839,27322,1271,1094,0
144603,-0.090,-0.160,-1.183,-0.002,0.013,0.013,0.433,-0.561,-0.398,-0.582,1389996032.000,0.000,25997,26724,-29,28,38,15.680,81.610,25839,27322,1271,1094,0
144703,-0.092,-0.157,-1.268,-0.013,0.000,-0.009,0.433,-0.562,-0.398,-0.582,1389996032.000,0.000,26025,26696,-29,28,38,15.680,81.610,25839,27322,1271,1094,0
144803,-0.091,-0.166,-1.206,0.012,0.029,0.006,0.433,-0.561,-0.397,-0.583,1389996032.000,0.000,25999,26722,-30,26,38,15.640,81.770,26178,26954,1182,1199,0
144903,-0.089,-0.160,-1.197,-0.008,-0.068,0.000,0.433,-0.561,-0.398,-0.582,1389996032.000,0.000,26011,26710,-32,30,38,15.640,81.770,26178,26954,1182,1199,0
145003,-0.083,-0.161,-1.118,0.001,0.077,0.011,0.433,-0.561,-0.398,-0.583,1389996032.000,0.000,25987,26733,-27,25,38,15.640,81.770,26178,26954,1182,1199,0
145103,-0.086,-0.167,-1.129,-0.017,-0.058,-0.038,0.433,-0.560,-0.398,-0.583,1389996032.000,0.000,26070,26653,-31,30,39,15.700,81.850,26109,26737,1184,1261,0
145203,-0.088,-0.157,-0.998,-0.023,-0.028,-0.023,0.432,-0.562,-0.398,-0.582,1389996032.000,0.000,26051,26671,-29,28,39,15.700,81.850,26109,26737,1184,1261,0
145303,-0.089,-0.165,-1.068,0.000,0.057,0.010,0.433,-0.561,-0.398,-0.583,1389996032.000,0.000,25996,26724,-27,25,39,15.700,81.850,26109,26737,1184,1261,0
145403,-0.086,-0.164,-0.808,-0.010,-0.044,-0.016,0.433,-0.561,-0.398,-0.583,1389996032.000,0.000,26033,26689,-30,29,39,15.690,81.890,26041,27247,1209,1122,0
145503,-0.086,-0.170,-1.101,0.018,0.000,0.002,0.433,-0.560,-0.397,-0.584,1389996032.000,0.000,26008,26721,-30,26,39,15.690,81.890,26041,27247,1209,1122,0
145603,-0.088,-0.164,-0.948,0.000,-0.020,0.029,0.433,-0.561,-0.398,-0.583,1389996032.000,0.000,25966,26753,-29,27,40,15.670,81.890,26178,26666,1183,1270,0
145703,-0.096,-0.171,-1.002,0.002,-0.019,0.036,0.434,-0.561,-0.397,-0.583,1389996032.000,0.000,25959,26760,-30,27,40,15.670,81.890,26178,26666,1183,1270,0
145803,-0.092,-0.156,-1.116,0.002,-0.001,0.011,0.433,-0.562,-0.398,-0.582,1389996032.000,0.000,25983,26737,-28,26,40,15.670,81.890,26178,26666,1183,1270,0
145903,-0.093,-0.166,-0.989,0.014,0.037,-0.023,0.433,-0.561,-0.397,-0.583,1389996032.000,0.000,26042,26680,-28,25,40,15.660,81.610,26178,26666,1189,1263,0
146004,-0.091,-0.171,-1.080,0.017,0.031,0.000,0.434,-0.560,-0.397,-0.583,1389996032.000,0.000,26007,26714,-28,24,40,15.660,81.610,26178,26666,1189,1263,0
146104,-0.096,-0.163,-1.025,-0.027,-0.080,-0.028,0.434,-0.561,-0.397,-0.582,1389996032.000,0.000,26057,26666,-30,30,40,15.660,81.610,26178,26666,1189,1263,0
146204,-0.096,-0.167,-0.918,-0.008,0.043,0.002,0.434,-0.561,-0.397,-0.583,1389996032.000,0.000,26016,26705,-27,25,41,15.640,81.810,25974,26315,1218,1369,0
146304,-0.094,-0.175,-0.775,-0.042,0.042,-0.039,0.434,-0.560,-0.396,-0.584,1389996032.000,0.000,26064,26658,-25,26,41,15.640,81.810,25974,26315,1218,1369,0
146404,-0.085,-0.170,-0.965,-0.019,-0.056,-0.052,0.433,-0.560,-0.397,-0.584,1389996032.000,0.000,26082,26641,-29,28,41,15.640,81.810,25974,26315,1218,1369,0
146504,-0.086,-0.183,-0.883,0.014,0.039,0.010,0.433,-0.559,-0.396,-0.585,1389996032.000,0.000,26025,26697,-27,24,40,15.700,81.690,26178,26595,1167,1299,0
146604,-0.086,-0.187,-0.999,0.017,-0.007,0.027,0.434,-0.559,-0.396,-0.585,1389996032.000,0.001,25973,26747,-28,25,40,15.700,81.690,26178,26595,1167,1299,0
146704,-0.097,-0.187,-1.001,0.023,0.016,0.029,0.435,-0.559,-0.395,-0.585,1389996032.000,0.001,25972,26748,-27,23,40,15.700,81.690,26178,26595,1167,1299,0
146804,-0.099,-0.194,-1.020,0.003,0.040,0.000,0.436,-0.558,-0.395,-0.585,1389996032.000,0.001,26006,26715,-25,23,41,15.630,81.570,26385,26041,1136,1426,0
146904,-0.106,-0.194,-0.926,0.007,-0.057,-0.004,0.437,-0.558,-0.395,-0.584,1389996032.000,0.001,26015,26706,-29,27,41,15.630,81.570,26385,26041,1136,1426,0
147004,-0.106,-0.181,-0.997,0.002,0.028,0.027,0.436,-0.560,-0.396,-0.583,1389996032.000,0.001,25953,26766,-25,23,41,15.630,81.570,26385,26041,1136,1426,0
147104,-0.101,-0.183,-0.909,0.002,0.033,0.011,0.436,-0.559,-0.396,-0.583,1389996032.000,0.001,25970,26750,-25,23,40,15.620,81.570,26385,26809,1146,1221,0
147204,-0.097,-0.189,-1.001,-0.001,0.013,-0.017,0.436,-0.558,-0.396,-0.584,1389996032.000,0.001,25998,26723,-27,25,40,15.620,81.570,26385,26809,1146,1221,0
147303,-0.092,-0.181,-0.858,-0.003,0.022,-0.060,0.435,-0.559,-0.396,-0.584,1389996032.000,0.000,26087,26635,-25,23,40,15.620,81.570,26385,26809,1146,1221,0
147403,-0.092,-0.201,-0.879,-0.018,0.042,-0.010,0.436,-0.557,-0.395,-0.586,1389996032.000,0.001,26023,26698,-25,23,41,15.590,81.490,26595,26455,1095,1315,0
147503,-0.088,-0.193,-0.831,-0.010,-0.033,-0.022,0.435,-0.558,-0.396,-0.586,1389996032.000,0.001,26028,26693,-26,25,41,15.590,81.490,26595,26455,1095,1315,0
147603,-0.091,-0.186,-0.894,-0.016,-0.034,0.000,0.435,-0.559,-0.396,-0.585,1389996032.000,0.001,26011,26710,-26,25,41,15.690,81.530,25839,26595,1257,1290,0
147703,-0.091,-0.184,-0.874,0.003,0.068,0.026,0.434,-0.559,-0.396,-0.585,1389996032.000,0.001,25965,26755,-23,21,41,15.690,81.530,25839,26595,1257,1290,0
147803,-0.100,-0.199,-0.925,-0.001,-0.036,-0.007,0.436,-0.558,-0.394,-0.586,1389996032.000,0.001,26019,26715,-28,24,41,15.690,81.530,25839,26595,1257,1290,0
147903,-0.093,-0.189,-0.901,-0.004,0.000,-0.017,0.434,-0.559,-0.395,-0.585,1389996032.000,0.001,26019,26702,-25,23,41,15.550,81.170,26315,26315,1168,1351,0
148003,-0.098,-0.195,-0.927,0.006,-0.027,0.000,0.435,-0.559,-0.394,-0.585,1389996032.000,0.001,26008,26713,-26,24,41,15.550,81.170,26315,26315,1168,1351,0
148103,-0.096,-0.190,-0.782,-0.003,0.006,-0.002,0.435,-0.559,-0.395,-0.585,1389996032.000,0.001,26002,26719,-25,23,41,15.550,81.170,26315,26315,1168,1351,0
148203,-0.105,-0.193,-0.796,0.007,-0.043,-0.017,0.436,-0.559,-0.394,-0.585,1389996032.000,0.001,26037,26685,-27,24,42,15.630,81.490,25839,26666,1263,1272,0
148303,-0.100,-0.197,-0.757,-0.007,0.061,0.026,0.436,-0.559,-0.394,-0.586,1389996032.000,0.001,25957,26762,-22,21,42,15.630,81.490,25839,26666,1263,1272,0
148403,-0.098,-0.194,-0.916,0.010,0.010,-0.002,0.435,-0.559,-0.394,-0.586,1389996032.000,0.001,25998,26723,-24,22,42,15.630,81.370,26041,26666,1230,1254,0
148503,-0.101,-0.201,-1.132,0.000,-0.004,-0.024,0.436,-0.558,-0.394,-0.586,1389996032.000,0.001,26022,26699,-24,22,42,15.630,81.370,26041,26666,1230,1254,0
148603,-0.105,-0.195,-1.176,-0.013,-0.041,-0.028,0.436,-0.559,-0.394,-0.585,1389996032.000,0.001,26045,26677,-25,24,42,15.630,81.370,26041,26666,1230,1254,0
148703,-0.105,-0.192,-1.013,-0.011,0.008,-0.032,0.436,-0.559,-0.394,-0.585,1389996032.000,0.001,26047,26674,-23,22,42,15.600,81.250,26041,26881,1234,1200,0
148803,-0.110,-0.197,-0.867,-0.017,-0.019,-0.002,0.436,-0.559,-0.393,-0.585,1389996032.000,0.001,26005,26716,-25,23,42,15.600,81.250,26041,26881,1234,1200,0
148903,-0.105,-0.199,-0.832,0.006,0.071,0.029,0.436,-0.558,-0.394,-0.586,1389996032.000,0.001,25948,26771,-21,19,42,15.600,81.370,25974,26525,1259,1283,0
149003,-0.107,-0.200,-1.029,0.008,-0.023,0.009,0.436,-0.558,-0.393,-0.586,1389996032.000,0.001,25985,26735,-25,22,42,15.600,81.370,25974,26525,1259,1283,0
149103,-0.104,-0.196,-1.178,-0.002,0.056,0.019,0.436,-0.559,-0.394,-0.585,1389996032.000,0.001,25964,26756,-21,20,42,15.630,81.170,26246,26595,1164,1289,0
149203,-0.106,-0.204,-1.053,0.010,0.032,0.007,0.437,-0.558,-0.393,-0.586,1389996032.000,0.001,25988,26732,-23,20,42,15.630,81.170,26246,26595,1164,1289,0
149303,-0.105,-0.200,-1.044,-0.009,0.009,-0.012,0.436,-0.558,-0.393,-0.586,1389996032.000,0.001,26015,26706,-22,21,43,15.560,81.130,26246,26455,1173,1325,0
149403,-0.108,-0.202,-1.055,0.003,-0.010,0.018,0.437,-0.558,-0.393,-0.586,1389996032.000,0.001,25971,26749,-23,21,43,15.560,81.130,26246,26455,1173,1325,0
149503,-0.105,-0.198,-0.999,-0.010,0.019,0.020,0.436,-0.558,-0.394,-0.585,1389996032.000,0.001,25962,26758,-22,20,43,15.560,81.130,26246,26455,1173,1325,0
149603,-0.105,-0.203,-0.946,0.000,-0.013,-0.013,0.437,-0.558,-0.393,-0.586,1389996032.000,0.001,26019,26702,-23,21,43,15.590,80.970,26109,26525,1192,1320,0
149703,-0.108,-0.208,-1.066,0.000,-0.022,0.006,0.437,-0.558,-0.393,-0.586,1389996032.000,0.001,25990,26730,-23,21,43,15.590,80.970,26109,26525,1192,1320,0
149803,-0.109,-0.188,-0.892,-0.003,-0.086,0.004,0.436,-0.560,-0.394,-0.584,1389996032.000,0.001,25991,26711,-24,24,43,15.550,80.760,25641,26809,1331,1234,0
149903,-0.106,-0.193,-0.823,0.019,0.131,0.034,0.436,-0.559,-0.394,-0.585,1389996032.000,0.001,25938,26781,-19,15,43,15.550,80.760,25641,26809,1331,1234,0
150003,-0.109,-0.209,-0.941,0.000,-0.006,-0.004,0.437,-0.558,-0.393,-0.586,1389996032.000,0.001,26000,26720,-23,21,43,15.550,80.440,26178,26595,1182,1305,0
150103,-0.108,-0.201,-0.945,-0.017,-0.056,-0.030,0.436,-0.559,-0.393,-0.586,1389996032.000,0.001,26040,26705,-23,20,43,15.550,80.440,26178,26595,1182,1305,0
150203,-0.116,-0.200,-1.074,0.014,-0.017,0.021,0.437,-0.559,-0.393,-0.585,1389996032.000,0.001,25967,26752,-23,20,43,15.580,80.720,26109,26525,1192,1320,0
150303,-0.115,-0.197,-1.005,-0.014,0.000,0.026,0.437,-0.559,-0.393,-0.585,1389996032.000,0.001,25954,26766,-21,20,43,15.580,80.720,26109,26525,1192,1320,0
150403,-0.111,-0.203,-1.020,0.000,0.016,-0.002,0.437,-0.558,-0.393,-0.586,1389996032.000,0.001,25990,26731,-21,19,43,15.570,80.970,25906,26595,1260,1283,0
150503,-0.112,-0.200,-0.843,0.002,-0.056,-0.027,0.437,-0.559,-0.393,-0.585,1389996032.000,0.001,26031,26690,-23,21,43,15.570,80.970,25906,26595,1260,1283,0
150603,-0.109,-0.194,-1.115,-0.012,-0.004,-0.006,0.436,-0.559,-0.394,-0.585,1389996032.000,0.001,26000,26720,-21,20,43,15.580,80.800,25974,26954,1225,1213,0
150703,-0.113,-0.202,-1.253,-0.003,0.023,-0.018,0.437,-0.559,-0.393,-0.585,1379996160.000,0.001,25928,26603,-20,19,43,15.580,80.800,25974,26954,1225,1213,0
150803,-0.112,-0.193,-1.092,-0.003,-0.051,-0.010,0.436,-0.560,-0.393,-0.585,1359996416.000,0.001,25720,26399,-22,20,43,15.610,81.170,25510,26666,1262,1210,0
150903,-0.110,-0.190,-1.049,0.003,0.017,0.018,0.436,-0.560,-0.394,-0.585,1339996672.000,0.001,25478,26284,-21,18,43,15.610,81.170,25510,26666,1262,1210,0
151003,-0.110,-0.189,-1.046,-0.014,-0.043,-0.011,0.436,-0.560,-0.394,-0.584,1314996992.000,0.001,25279,25999,-22,21,44,15.620,81.330,25510,26041,1126,1212,0
151103,-0.111,-0.185,-1.275,-0.008,-0.056,-0.017,0.436,-0.560,-0.394,-0.584,1299997184.000,0.001,25144,25827,-22,21,44,15.620,81.330,25510,26041,1126,1212,0
151203,-0.108,-0.191,-1.105,0.006,-0.003,0.014,0.436,-0.560,-0.394,-0.585,1279997440.000,0.001,24887,25703,-21,19,44,15.620,81.330,25510,26041,1126,1212,0
151303,-0.110,-0.182,-0.911,-0.006,0.007,0.007,0.435,-0.560,-0.394,-0.584,1264997632.000,0.001,24755,25538,-20,18,44,15.640,81.650,24875,25773,1171,1183,0
151403,-0.109,-0.177,-0.755,0.000,-0.019,0.002,0.435,-0.561,-0.395,-0.583,1249997824.000,0.001,24557,25337,-21,19,44,15.640,81.650,24875,25773,1171,1183,0
151503,-0.107,-0.181,-0.522,-0.004,0.056,0.027,0.435,-0.561,-0.395,-0.584,1229998080.000,0.001,24359,25232,-19,17,44,15.630,81.730,24390,25380,1192,1173,0
151603,-0.111,-0.185,-0.444,-0.003,0.000,-0.001,0.436,-0.560,-0.394,-0.584,1209998336.000,0.001,24201,24986,-20,18,44,15.630,81.730,24390,25380,1192,1173,0
151703,-0.107,-0.182,-0.274,-0.020,-0.022,-0.017,0.435,-0.561,-0.394,-0.584,1194998528.000,0.001,24064,24817,-20,19,44,15.630,81.690,24271,25062,1104,1130,0
151803,-0.102,-0.167,-0.198,-0.009,0.010,-0.007,0.433,-0.562,-0.395,-0.583,1179998720.000,0.000,23894,24679,-19,17,44,15.630,81.690,24271,25062,1104,1130,0
151903,-0.104,-0.176,-0.118,-0.010,0.016,-0.010,0.433,-0.562,-0.394,-0.584,1159998976.000,0.001,23698,24462,-20,18,44,15.720,81.970,23696,24509,1121,1165,0
152003,-0.108,-0.186,-0.233,0.000,-0.020,0.021,0.434,-0.561,-0.393,-0.585,1139999232.000,0.001,23437,24304,-21,19,44,15.720,81.970,23696,24509,1121,1165,0
152103,-0.107,-0.170,-0.092,-0.006,-0.063,-0.001,0.433,-0.562,-0.394,-0.584,1119999488.000,0.001,23250,24071,-21,20,44,15.690,81.930,23364,24096,1099,1132,0
152203,-0.102,-0.152,0.109,-0.007,-0.031,0.008,0.431,-0.564,-0.396,-0.583,1109999616.000,0.000,23133,23977,-21,19,44,15.690,81.930,23364,24096,1099,1132,0
152303,-0.110,-0.142,0.018,-0.006,-0.034,-0.019,0.431,-0.565,-0.396,-0.581,1094999808.000,0.000,23022,23770,-21,19,44,15.720,82.090,22883,23752,1105,1106,0
152403,-0.108,-0.148,-0.036,0.006,0.026,-0.004,0.431,-0.565,-0.395,-0.582,1075000064.000,0.000,22784,23577,-21,17,44,15.720,82.090,22883,23752,1105,1106,0
152503,-0.109,-0.144,-0.043,0.016,-0.021,0.021,0.431,-0.565,-0.396,-0.581,1055000064.000,0.000,22509,23417,-21,18,44,15.720,82.090,22883,23752,1105,1106,0
152603,-0.111,-0.139,-0.001,-0.004,-0.003,0.013,0.431,-0.566,-0.396,-0.581,1045000064.000,0.000,22411,23297,-20,18,45,15.750,82.090,22421,23364,1057,1072,0
152703,-0.110,-0.142,-0.004,0.009,0.046,0.019,0.431,-0.565,-0.396,-0.581,1025000064.000,0.000,22170,23093,-19,17,45,15.750,82.090,22421,23364,1057,1072,0
152803,-0.117,-0.152,-0.043,0.000,0.006,0.012,0.432,-0.565,-0.395,-0.582,1005000064.000,0.000,21960,22864,-20,18,44,15.800,81.690,22271,22988,969,1054,0
152903,-0.116,-0.141,-0.004,0.041,-0.059,-0.038,0.431,-0.566,-0.395,-0.581,990000064.000,0.000,21867,22623,-23,17,44,15.800,81.690,22271,22988,969,1054,0
153003,-0.114,-0.141,0.047,0.000,0.020,0.009,0.431,-0.566,-0.395,-0.581,975000064.000,0.000,21611,22538,-19,17,45,15.790,80.890,21598,22935,1007,1001,0
153103,-0.119,-0.145,-0.009,-0.006,0.012,-0.018,0.432,-0.566,-0.395,-0.581,955000064.000,0.000,21430,22266,-19,17,45,15.790,80.890,21598,22935,1007,1001,0
153203,-0.125,-0.141,-0.035,0.013,-0.019,0.007,0.432,-0.566,-0.395,-0.580,940000064.000,0.000,21212,22137,-20,18,45,15.790,80.890,21598,22935,1007,1001,0
153303,-0.125,-0.134,-0.047,-0.014,-0.053,-0.016,0.432,-0.567,-0.396,-0.580,920000064.000,0.000,21008,21878,-21,20,45,15.830,80.200,21186,22172,969,990,0
153403,-0.124,-0.131,-0.008,-0.010,-0.004,0.007,0.432,-0.567,-0.396,-0.579,905000064.000,0.000,20794,21727,-20,18,45,15.830,80.200,21186,22172,969,990,0
153503,-0.123,-0.132,-0.016,-0.002,-0.017,0.036,0.431,-0.567,-0.396,-0.580,890000064.000,0.000,20549,21627,-20,18,45,15.840,78.470,20618,21691,996,978,0
153603,-0.124,-0.122,-0.029,0.002,0.000,-0.016,0.431,-0.568,-0.396,-0.579,875000064.000,0.000,20458,21365,-19,17,45,15.840,78.470,20618,21691,996,978,0
153703,-0.122,-0.120,0.007,0.000,-0.002,-0.001,0.430,-0.568,-0.396,-0.579,870000064.000,0.000,20372,21332,-19,17,45,15.880,76.660,20120,21231,999,990,0
153803,-0.122,-0.125,0.020,-0.002,0.003,-0.008,0.431,-0.568,-0.396,-0.579,850000064.000,0.000,20138,21082,-19,17,45,15.880,76.660,20120,21231,999,990,0
153903,-0.121,-0.123,-0.037,-0.008,-0.038,-0.014,0.430,-0.568,-0.396,-0.579,840000064.000,0.000,20029,20948,-20,19,45,15.880,76.660,20120,21231,999,990,0
154003,-0.123,-0.117,-0.054,0.006,-0.047,0.009,0.430,-0.569,-0.396,-0.578,825000064.000,0.000,19801,20807,-21,18,45,15.870,75.900,20000,20920,894,947,0
154103,-0.120,-0.110,0.005,-0.003,0.006,0.013,0.429,-0.569,-0.397,-0.578,820000064.000,0.000,19722,20761,-19,17,45,15.870,75.900,20000,20920,894,947,0
154203,-0.124,-0.118,-0.023,0.007,0.021,0.000,0.430,-0.569,-0.396,-0.578,810000064.000,0.000,19629,20608,-19,16,45,15.880,75.450,19762,20576,857,948,0
154303,-0.126,-0.116,-0.004,0.000,-0.019,-0.001,0.430,-0.569,-0.396,-0.578,800000064.000,0.000,19501,20487,-20,18,45,15.880,75.450,19762,20576,857,948,0
154403,-0.126,-0.107,0.025,0.010,-0.011,0.000,0.430,-0.570,-0.397,-0.577,785000064.000,0.000,19296,20314,-19,16,45,15.880,75.450,19762,20576,857,948,0
154503,-0.128,-0.109,0.042,-0.008,-0.008,-0.006,0.430,-0.570,-0.397,-0.577,765000064.000,0.000,19053,20050,-19,18,45,15.920,74.770,19157,20366,857,874,0
154603,-0.123,-0.109,0.020,0.000,-0.017,-0.006,0.430,-0.569,-0.397,-0.578,750000064.000,0.000,18858,19859,-20,18,45,15.920,74.770,19157,20366,857,874,0
154703,-0.119,-0.112,0.023,0.009,0.048,0.006,0.430,-0.569,-0.397,-0.578,740000064.000,0.000,18698,19771,-18,15,45,15.920,74.650,18726,19841,835,870,0
154803,-0.119,-0.111,0.020,0.000,-0.029,-0.007,0.430,-0.569,-0.397,-0.578,735000064.000,0.000,18661,19666,-20,18,45,15.920,74.650,18726,19841,835,870,0
154903,-0.120,-0.108,0.034,-0.016,-0.026,-0.019,0.429,-0.569,-0.397,-0.578,715000064.000,0.000,18420,19383,-19,18,45,15.920,74.650,18726,19841,835,870,0
155003,-0.118,-0.111,-0.016,0.000,0.012,0.007,0.429,-0.569,-0.397,-0.578,690000064.000,0.000,18025,19108,-18,16,45,15.930,74.570,18050,19230,835,870,0
155103,-0.115,-0.100,-0.033,0.003,-0.036,-0.011,0.429,-0.570,-0.398,-0.577,670000064.000,0.000,17780,18812,-20,17,45,15.930,74.570,18050,19230,835,870,0
155203,-0.108,-0.098,-0.003,-0.002,0.010,0.007,0.428,-0.570,-0.399,-0.577,650000064.000,0.000,17475,18564,-18,17,45,15.930,74.570,18050,19230,835,870,0
155303,-0.107,-0.096,-0.014,0.000,-0.028,-0.002,0.428,-0.570,-0.399,-0.577,630000064.000,0.000,17206,18274,-20,18,45,15.990,74.650,17241,18450,793,807,0
155403,-0.106,-0.087,0.010,0.000,-0.016,-0.001,0.427,-0.571,-0.400,-0.576,610000064.000,0.000,16902,18003,-19,17,45,15.990,74.650,17241,18450,793,807,0
155503,-0.100,-0.083,-0.004,0.000,-0.021,-0.011,0.426,-0.571,-0.401,-0.576,595000064.000,0.000,16719,17761,-20,18,45,15.990,74.650,17241,18450,793,807,0
155603,-0.094,-0.084,0.002,-0.011,-0.003,-0.007,0.426,-0.570,-0.401,-0.577,585000064.000,0.000,16557,17631,-19,17,45,16.010,74.690,16722,17793,736,773,0
155703,-0.091,-0.085,-0.036,0.009,-0.013,0.002,0.426,-0.570,-0.401,-0.577,565000064.000,0.000,16233,17357,-20,18,45,16.010,74.690,16722,17793,736,773,0
155803,-0.090,-0.078,-0.010,-0.014,0.010,-0.004,0.425,-0.571,-0.401,-0.576,550000064.000,0.000,16022,17126,-18,17,45,16.000,74.730,16025,17241,720,747,0
155903,-0.088,-0.077,0.010,0.002,-0.023,0.002,0.425,-0.571,-0.401,-0.577,530000064.000,0.000,15695,16843,-20,17,45,16.000,74.730,16025,17241,720,747,0
156003,-0.083,-0.074,0.002,-0.002,-0.017,0.004,0.424,-0.571,-0.402,-0.577,505000064.000,0.000,15298,16461,-19,17,45,16.000,74.730,16025,17241,720,747,0
156103,-0.082,-0.069,-0.005,-0.003,0.006,0.000,0.424,-0.571,-0.402,-0.576,495000064.000,0.000,15144,16299,-19,17,45,16.040,74.690,15243,16393,652,713,0
156203,-0.082,-0.065,-0.016,0.000,-0.026,-0.001,0.424,-0.572,-0.403,-0.576,470000064.000,0.000,14726,15911,-20,18,45,16.040,74.690,15243,16393,652,713,0
156303,-0.080,-0.058,-0.055,-0.004,-0.014,0.007,0.423,-0.572,-0.403,-0.575,450000064.000,0.000,14359,15614,-19,17,45,16.040,74.690,15243,16393,652,713,0
156403,-0.075,-0.055,-0.041,0.000,-0.024,0.004,0.422,-0.572,-0.404,-0.575,425000064.000,0.000,13969,15161,-20,18,45,16.080,75.010,14164,15479,591,628,0
156503,-0.065,-0.052,-0.039,-0.001,-0.017,0.003,0.421,-0.572,-0.405,-0.575,405000064.000,0.000,13598,14836,-20,18,45,16.080,75.010,14164,15479,591,628,0
156603,-0.058,-0.045,-0.048,-0.004,-0.008,-0.006,0.420,-0.572,-0.406,-0.575,385000064.000,0.000,13257,14465,-19,17,45,16.080,75.010,14164,15479,591,628,0
156703,-0.053,-0.045,-0.052,0.000,-0.029,0.001,0.420,-0.572,-0.406,-0.575,360000064.000,0.000,12766,14034,-20,18,45,16.120,75.450,13054,14326,547,602,0
156803,-0.048,-0.041,-0.043,-0.002,0.014,0.001,0.419,-0.572,-0.407,-0.575,340000064.000,0.000,12374,13670,-19,17,45,16.120,75.450,13054,14326,547,602,0
156903,-0.045,-0.040,-0.040,0.009,0.000,0.000,0.419,-0.572,-0.407,-0.575,320000064.000,0.000,11975,13289,-20,17,45,16.120,75.450,13054,14326,547,602,0
157003,-0.042,-0.042,-0.051,-0.001,-0.013,0.010,0.419,-0.572,-0.407,-0.576,305000064.000,0.000,11632,13026,-20,18,45,16.130,76.660,11961,13262,504,566,0
157103,-0.037,-0.040,-0.030,0.004,-0.006,0.010,0.419,-0.572,-0.408,-0.576,285000064.000,0.000,11204,12628,-19,17,45,16.130,76.660,11961,13262,504,566,0
157203,-0.035,-0.040,-0.021,-0.001,0.010,0.007,0.419,-0.572,-0.408,-0.576,265000064.000,0.000,10761,12215,-19,17,45,16.130,76.660,11961,13262,504,566,0
157303,-0.033,-0.039,-0.040,0.001,-0.014,0.004,0.418,-0.572,-0.408,-0.576,250000064.000,0.000,10421,11892,-20,18,45,16.150,77.420,10706,12224,466,505,0
157403,-0.032,-0.036,-0.033,-0.007,-0.009,-0.002,0.418,-0.572,-0.409,-0.576,230000064.000,0.000,9823,11336,-19,17,45,16.150,77.420,10706,12224,466,505,0
157503,-0.029,-0.035,-0.049,-0.001,-0.044,-0.009,0.418,-0.572,-0.409,-0.576,205000064.000,0.000,9345,10848,-21,19,45,16.150,77.420,10706,12224,466,505,0
157603,-0.022,-0.023,-0.054,-0.004,-0.048,0.006,0.416,-0.573,-0.410,-0.575,190000064.000,0.000,8884,10539,-21,19,45,16.180,77.590,9191,10638,384,466,0
157703,-0.021,-0.019,-0.019,0.000,0.002,0.003,0.416,-0.573,-0.410,-0.575,165000064.000,0.000,8151,9928,-19,18,45,16.180,77.590,9191,10638,384,466,0
157803,-0.019,-0.019,-0.031,0.000,-0.012,-0.013,0.416,-0.573,-0.411,-0.575,145000064.000,0.000,7601,9340,-20,18,45,16.180,77.590,9191,10638,384,466,0
157903,-0.016,-0.012,-0.031,0.000,-0.026,0.000,0.415,-0.573,-0.411,-0.574,130000064.000,0.000,7020,8984,-20,18,45,16.180,77.670,7575,9293,315,399,0
158004,-0.015,-0.009,-0.042,-0.004,-0.023,-0.001,0.415,-0.574,-0.411,-0.574,110000064.000,0.000,6283,8398,-20,19,45,16.180,77.670,7575,9293,315,399,0
158104,-0.015,-0.003,-0.037,0.004,-0.020,0.002,0.415,-0.574,-0.412,-0.573,85000064.000,-0.000,5170,7634,-21,19,45,16.180,77.670,7575,9293,315,399,0
158204,-0.014,0.004,-0.050,0.001,-0.016,0.002,0.414,-0.575,-0.412,-0.573,75000064.000,-0.000,4658,7301,-20,18,45,16.210,77.630,5175,7621,201,309,0
158304,-0.015,0.007,-0.062,-0.006,-0.008,0.010,0.414,-0.575,-0.413,-0.572,50000064.000,-0.000,2944,6429,-20,18,45,16.210,77.630,5175,7621,201,309,0
158404,-0.017,0.010,-0.057,0.019,0.003,0.009,0.414,-0.576,-0.413,-0.572,30000064.000,-0.000,0,5517,-19,19,45,16.210,77.630,5175,7621,201,309,0
158503,-0.017,0.014,-0.058,0.011,-0.012,0.002,0.414,-0.576,-0.413,-0.571,15000064.000,-0.000,0,4826,-21,18,45,16.230,77.670,1502,6038,60,259,0
158604,-0.017,0.015,-0.045,0.003,0.000,0.006,0.414,-0.576,-0.413,-0.571,64.000,-0.000,0,3984,-20,18,45,16.230,77.670,1502,6038,60,259,0
158704,-0.015,0.019,-0.039,0.000,-0.007,0.000,0.413,-0.576,-0.414,-0.571,0.000,-0.000,0,3912,-20,19,45,16.230,77.670,1502,6038,60,259,0
158803,-0.014,0.020,-0.005,0.000,-0.009,0.008,0.413,-0.576,-0.414,-0.571,0.000,-0.000,0,4023,-21,19,45,16.250,77.670,644,4385,60,187,0
158903,-0.002,0.019,-0.003,0.009,0.002,0.006,0.412,-0.576,-0.415,-0.572,0.000,-0.000,0,3871,-21,18,45,16.250,77.670,644,4385,60,187,0
159004,0.002,0.020,-0.005,0.000,-0.002,0.000,0.412,-0.576,-0.415,-0.572,0.000,0.000,0,3844,-20,18,45,16.240,77.710,437,4180,60,183,0
159103,0.003,0.020,-0.006,-0.002,-0.004,0.000,0.412,-0.575,-0.415,-0.572,0.000,0.000,0,3850,-21,19,45,16.240,77.710,437,4180,60,183,0
159203,0.005,0.022,-0.012,-0.006,-0.018,-0.008,0.411,-0.576,-0.415,-0.572,0.000,0.000,0,3774,-21,19,45,16.240,77.710,437,4180,60,183,0
159303,0.004,0.025,-0.014,-0.007,0.008,0.000,0.411,-0.576,-0.415,-0.571,0.000,0.000,0,3831,-20,19,45,16.240,77.750,381,4111,60,184,0
159403,0.004,0.025,-0.029,-0.001,-0.022,0.000,0.411,-0.576,-0.415,-0.571,0.000,0.000,0,3836,-21,20,45,16.240,77.750,381,4111,60,184,0
159503,0.010,0.025,-0.036,0.004,0.010,0.009,0.411,-0.576,-0.416,-0.572,0.000,0.000,0,3876,-21,18,45,16.250,77.790,380,4139,60,183,0
159603,0.010,0.025,-0.024,0.004,0.000,0.000,0.411,-0.576,-0.416,-0.572,0.000,0.000,0,3797,-21,19,45,16.250,77.790,380,4139,60,183,0
159703,0.009,0.026,-0.033,-0.002,-0.011,-0.001,0.411,-0.576,-0.416,-0.572,0.000,0.000,0,3796,-21,19,45,16.250,77.790,380,4139,60,183,0
159803,0.007,0.026,-0.025,-0.004,-0.001,0.001,0.411,-0.576,-0.416,-0.572,0.000,0.000,0,3830,-21,19,45,16.270,77.790,380,4084,60,182,0
159903,0.005,0.027,-0.019,-0.001,0.001,-0.001,0.411,-0.576,-0.416,-0.571,0.000,0.000,0,3816,-21,19,45,16.270,77.790,380,4084,60,182,0
160003,0.006,0.027,-0.025,-0.001,0.011,0.000,0.411,-0.576,-0.416,-0.571,0.000,0.000,0,3819,-20,18,45,16.250,77.710,381,4111,60,183,0
160103,0.005,0.027,-0.033,-0.001,-0.003,0.000,0.411,-0.576,-0.416,-0.571,0.000,0.000,0,3817,-21,19,45,16.250,77.710,381,4111,60,183,0
160203,0.010,0.027,-0.031,0.001,0.007,0.009,0.411,-0.576,-0.416,-0.572,0.000,0.000,0,3861,-21,19,44,16.270,77.670,379,4111,60,183,0
160303,0.012,0.025,-0.046,0.000,0.001,0.003,0.411,-0.575,-0.416,-0.572,0.000,0.000,0,3815,-21,19,44,16.270,77.670,379,4111,60,183,0
160403,0.009,0.018,-0.032,0.009,0.104,0.027,0.412,-0.575,-0.415,-0.572,0.000,0.000,0,4019,-18,15,45,16.270,77.710,381,4180,60,191,0
160503,0.004,0.001,-0.052,0.009,0.000,0.028,0.413,-0.574,-0.414,-0.574,0.000,-0.000,0,4052,-21,19,45,16.270,77.710,381,4180,60,191,0
160603,-0.002,-0.021,-0.032,0.007,0.141,0.038,0.415,-0.572,-0.412,-0.576,0.000,0.000,0,4186,-16,13,45,16.270,77.710,381,4180,60,191,0
160703,-0.013,-0.043,-0.043,0.001,0.063,0.014,0.417,-0.570,-0.409,-0.577,0.000,0.000,0,3972,-17,15,44,16.260,77.670,380,4355,60,200,0
160803,-0.015,-0.069,-0.044,0.001,0.054,0.012,0.419,-0.568,-0.407,-0.580,0.000,0.000,0,4035,-18,16,44,16.260,77.670,380,4355,60,200,0
160903,-0.009,-0.068,-0.062,-0.022,-0.019,-0.021,0.418,-0.568,-0.408,-0.580,0.000,0.000,0,3702,-19,18,45,16.280,77.750,380,4280,60,185,0
161003,-0.004,-0.071,-0.036,-0.004,0.070,0.006,0.418,-0.568,-0.408,-0.581,0.000,0.000,0,3972,-16,14,45,16.280,77.750,380,4280,60,185,0
161103,-0.010,-0.095,-0.035,0.013,0.072,0.028,0.420,-0.565,-0.405,-0.583,0.000,0.000,0,4085,-17,15,44,16.270,77.710,381,4280,60,196,0
161203,-0.013,-0.098,-0.058,0.001,-0.042,-0.001,0.420,-0.565,-0.405,-0.583,0.000,0.000,0,3927,-19,17,44,16.270,77.710,381,4280,60,196,0
161303,-0.013,-0.091,-0.031,-0.002,-0.021,0.000,0.420,-0.566,-0.406,-0.582,0.000,0.000,0,3940,-18,17,44,16.280,77.710,382,4251,60,188,0
161403,-0.019,-0.106,-0.004,0.003,0.092,0.020,0.421,-0.565,-0.404,-0.583,0.000,0.000,0,4116,-15,13,44,16.280,77.710,382,4251,60,188,0
161503,-0.025,-0.147,0.004,-0.001,0.159,0.013,0.425,-0.561,-0.401,-0.587,0.000,0.000,0,4073,-13,11,44,16.290,77.750,381,4416,60,193,0
161603,-0.031,-0.169,-0.053,0.011,-0.006,0.002,0.427,-0.559,-0.399,-0.588,0.000,0.000,0,3989,-17,15,44,16.290,77.750,381,4416,60,193,0
161703,-0.032,-0.166,-0.042,-0.002,0.008,0.010,0.427,-0.559,-0.399,-0.588,0.000,0.000,0,4122,-16,14,44,16.290,77.750,381,4416,60,193,0
161803,-0.036,-0.161,-0.139,0.030,-0.031,0.011,0.427,-0.560,-0.400,-0.587,0.000,0.000,0,4042,-17,13,44,16.290,77.750,382,4370,60,197,0
161903,-0.037,-0.160,-0.102,-0.020,0.001,0.004,0.427,-0.560,-0.400,-0.587,0.000,0.000,0,4089,-15,14,44,16.290,77.750,382,4370,60,197,0
162003,-0.035,-0.160,-0.076,-0.002,0.002,0.003,0.427,-0.560,-0.400,-0.587,0.000,0.000,0,4069,-16,14,44,16.290,77.750,305,305,60,197,0
162103,-0.035,-0.159,-0.076,-0.008,-0.021,-0.006,0.427,-0.560,-0.400,-0.587,0.000,0.000,0,4009,-16,14,44,16.290,77.750,305,305,60,197,0
162203,-0.034,-0.147,-0.059,-0.008,-0.024,-0.011,0.426,-0.561,-0.401,-0.586,0.000,0.000,0,3933,-15,14,44,16.300,77.750,305,305,60,197,0
162303,-0.034,-0.144,-0.055,0.000,-0.050,-0.011,0.425,-0.562,-0.401,-0.586,0.000,0.000,0,3918,-17,15,44,16.300,77.750,305,305,60,197,0
162403,-0.026,-0.123,-0.046,-0.002,-0.051,-0.010,0.423,-0.563,-0.403,-0.584,0.000,0.000,0,3966,-17,15,44,16.300,77.750,305,305,60,197,0
162503,-0.025,-0.120,-0.021,0.000,0.010,0.007,0.423,-0.564,-0.403,-0.584,0.000,0.000,0,4067,-16,13,44,16.300,77.750,305,305,60,197,0
162603,-0.025,-0.121,-0.036,-0.002,-0.033,-0.002,0.423,-0.563,-0.403,-0.584,0.000,0.000,0,3965,-17,15,44,16.290,77.750,305,305,60,197,0
162703,-0.025,-0.114,-0.026,0.000,0.003,0.003,0.423,-0.564,-0.403,-0.583,0.000,0.000,0,4005,-16,14,44,16.290,77.750,305,305,60,197,0
162803,-0.025,-0.112,-0.031,0.000,-0.027,-0.001,0.423,-0.564,-0.404,-0.583,0.000,0.000,0,3978,-17,15,44,16.310,77.750,305,305,60,197,0
162903,-0.024,-0.107,-0.025,-0.003,-0.009,0.003,0.422,-0.565,-0.404,-0.583,0.000,0.000,0,4022,-16,14,44,16.310,77.750,305,305,60,197,0
163003,-0.024,-0.105,-0.034,0.000,-0.042,0.000,0.422,-0.565,-0.404,-0.583,0.000,0.000,0,3996,-17,15,44,16.290,77.790,305,305,60,197,0
163103,-0.023,-0.093,-0.027,0.000,-0.007,0.000,0.421,-0.566,-0.405,-0.581,0.000,0.000,0,4010,-16,14,44,16.290,77.790,305,305,60,197,0
163203,-0.024,-0.088,-0.018,0.008,-0.010,0.010,0.421,-0.567,-0.405,-0.581,0.000,0.000,0,4072,-17,14,43,16.310,77.790,305,305,60,197,0
163303,-0.024,-0.087,-0.022,0.001,0.001,0.001,0.421,-0.567,-0.405,-0.581,0.000,0.000,0,3998,-16,14,43,16.310,77.790,305,305,60,197,0
163403,-0.024,-0.084,-0.022,-0.001,-0.006,0.000,0.421,-0.567,-0.406,-0.581,0.000,0.000,0,3984,-16,14,44,16.310,77.790,305,305,60,197,0
163503,-0.024,-0.083,-0.023,-0.003,-0.010,-0.001,0.421,-0.567,-0.406,-0.581,0.000,0.000,0,3984,-16,15,44,16.310,77.790,305,305,60,197,0
163603,-0.024,-0.081,-0.022,0.000,-0.003,-0.004,0.420,-0.567,-0.406,-0.580,0.000,0.000,0,3960,-16,14,44,16.320,77.830,305,305,60,197,0
163703,-0.024,-0.080,-0.019,-0.003,-0.008,-0.001,0.420,-0.567,-0.406,-0.580,0.000,0.000,0,4009,-16,14,44,16.320,77.830,305,305,60,197,0
163803,-0.023,-0.080,-0.022,-0.002,-0.009,-0.002,0.420,-0.567,-0.406,-0.580,0.000,0.000,0,3973,-16,14,43,16.310,77.830,305,305,60,197,0
163903,-0.024,-0.079,-0.024,0.001,-0.013,0.006,0.420,-0.567,-0.406,-0.580,0.000,0.000,0,4030,-16,14,43,16.310,77.830,305,305,60,197,0
164003,-0.024,-0.075,-0.019,0.001,0.003,0.002,0.420,-0.568,-0.406,-0.580,0.000,0.000,0,4010,-16,14,43,16.310,77.830,305,305,60,197,0
164103,-0.024,-0.075,-0.020,0.000,0.006,0.003,0.420,-0.568,-0.406,-0.580,0.000,0.000,0,4030,-16,14,43,16.330,77.830,305,305,60,197,0
164203,-0.025,-0.075,-0.015,0.011,0.003,0.010,0.420,-0.568,-0.406,-0.580,0.000,0.000,0,4069,-16,13,43,16.330,77.830,305,305,60,197,0
164303,-0.041,-0.074,0.037,0.146,-0.053,0.129,0.423,-0.568,-0.407,-0.577,0.000,0.000,0,5020,-22,11,43,16.330,77.830,305,305,60,197,0
164403,-0.125,-0.018,0.101,0.477,-0.443,0.434,0.433,-0.571,-0.413,-0.562,0.000,-0.000,0,6821,-43,15,43,16.330,77.830,305,305,60,197,0
164503,-0.275,0.063,-0.025,0.452,-0.033,0.187,0.451,-0.576,-0.422,-0.535,0.000,-0.003,0,5524,-26,4,43,16.340,77.870,305,305,60,197,0
164603,-0.286,0.028,-0.102,0.084,0.069,-0.049,0.462,-0.568,-0.427,-0.531,0.000,-0.002,0,4575,-15,16,43,16.340,77.870,305,305,60,197,0
164703,-0.259,0.037,-0.131,-0.062,-0.021,-0.100,0.460,-0.567,-0.430,-0.531,0.000,-0.002,0,4376,-16,20,43,16.340,77.830,305,305,60,197,0
164803,-0.238,0.049,-0.096,-0.030,-0.139,0.000,0.456,-0.568,-0.431,-0.533,0.000,-0.002,0,5063,-23,21,43,16.340,77.830,305,305,60,197,0
164903,-0.235,0.080,-0.058,-0.073,-0.057,-0.051,0.453,-0.571,-0.432,-0.531,0.000,-0.002,0,4559,-19,20,43,16.340,77.830,305,305,60,197,0
165003,-0.210,0.091,0.018,-0.034,0.112,-0.094,0.448,-0.573,-0.433,-0.533,0.000,-0.002,0,4297,-17,14,43,16.340,77.830,305,305,60,197,0
165103,-0.194,0.060,0.057,0.084,0.103,-0.039,0.451,-0.568,-0.433,-0.536,0.000,-0.001,0,4592,-20,11,43,16.340,77.830,305,305,60,197,0
165203,-0.198,0.025,0.066,0.181,0.126,0.094,0.457,-0.563,-0.433,-0.536,0.000,-0.001,0,5498,-21,8,43,16.340,77.830,305,305,60,197,0
165303,-0.233,-0.003,-0.002,0.252,0.099,0.084,0.467,-0.557,-0.434,-0.532,0.000,-0.001,0,5359,-22,7,43,16.340,77.830,305,305,60,197,0
165403,-0.285,-0.019,-0.015,0.301,-0.036,0.203,0.478,-0.553,-0.437,-0.524,0.000,-0.002,0,6194,-27,10,43,16.330,77.790,305,305,60,197,0
165503,-0.340,-0.029,-0.004,0.116,0.116,0.058,0.488,-0.550,-0.438,-0.516,0.000,-0.003,0,5412,-15,10,43,16.330,77.790,305,305,60,197,0
165603,-0.376,-0.056,0.043,0.217,0.014,0.213,0.496,-0.547,-0.437,-0.513,0.000,-0.003,0,6616,-23,8,43,16.340,77.790,305,305,60,197,0
165703,-0.432,-0.090,-0.038,0.164,0.090,0.069,0.507,-0.543,-0.436,-0.508,0.000,-0.004,0,5824,-18,8,43,16.340,77.790,305,305,60,197,0
165803,-0.439,-0.093,-0.170,0.051,-0.024,-0.034,0.511,-0.541,-0.438,-0.505,0.000,-0.004,0,5350,-17,13,43,16.340,77.790,305,305,60,197,0
165903,-0.395,-0.077,-0.206,-0.068,-0.149,-0.163,0.506,-0.540,-0.442,-0.507,0.000,-0.003,0,4579,-19,20,43,16.350,77.790,305,305,60,197,0
166003,-0.347,-0.036,-0.133,-0.066,-0.124,-0.089,0.498,-0.542,-0.447,-0.508,0.000,-0.003,0,5024,-20,18,43,16.350,77.790,305,305,60,197,0
166103,-0.328,-0.015,-0.031,-0.021,-0.009,0.007,0.494,-0.544,-0.449,-0.508,0.000,-0.003,0,5517,-18,14,43,16.360,77.790,305,305,60,197,0
166203,-0.336,-0.011,-0.025,-0.006,0.000,0.026,0.494,-0.545,-0.448,-0.508,0.000,-0.003,0,5495,-18,14,43,16.360,77.790,305,305,60,197,0
166303,-0.337,-0.005,-0.028,-0.007,-0.069,0.012,0.494,-0.546,-0.449,-0.507,0.000,-0.003,0,5415,-21,17,43,16.350,77.790,305,305,60,197,0
166403,-0.344,0.004,-0.016,-0.007,-0.009,0.014,0.494,-0.547,-0.449,-0.506,0.000,-0.003,0,5423,-19,15,43,16.350,77.790,305,305,60,197,0
166503,-0.344,0.008,-0.008,-0.003,-0.010,-0.010,0.493,-0.547,-0.449,-0.505,0.000,-0.003,0,5291,-19,15,43,16.350,77.790,305,305,60,197,0
166603,-0.342,0.009,-0.010,0.002,0.009,-0.017,0.493,-0.547,-0.449,-0.505,0.000,-0.003,0,5246,-19,14,43,16.360,77.790,305,305,60,197,0
166703,-0.338,0.016,-0.024,-0.008,-0.031,-0.022,0.492,-0.548,-0.450,-0.505,0.000,-0.003,0,5201,-20,16,43,16.360,77.790,305,305,60,197,0
166803,-0.334,0.022,-0.011,0.006,-0.020,-0.008,0.492,-0.548,-0.451,-0.505,0.000,-0.003,0,5279,-20,15,43,16.360,77.830,305,305,60,197,0
166903,-0.333,0.025,-0.017,-0.009,-0.012,-0.008,0.491,-0.548,-0.451,-0.504,0.000,-0.003,0,5269,-19,16,43,16.360,77.830,305,305,60,197,0
167003,-0.328,0.025,-0.015,-0.003,0.002,-0.001,0.491,-0.548,-0.452,-0.505,0.000,-0.003,0,5330,-19,15,43,16.360,77.830,305,305,60,197,0
167103,-0.328,0.021,-0.002,0.000,0.009,0.002,0.491,-0.547,-0.451,-0.505,0.000,-0.003,0,5293,-19,15,43,16.360,77.830,305,305,60,197,0
167203,-0.330,0.021,-0.027,0.000,-0.001,-0.010,0.492,-0.547,-0.451,-0.505,0.000,-0.003,0,5214,-19,15,43,16.360,77.830,305,305,60,197,0
167303,-0.329,0.025,-0.021,0.000,-0.012,-0.001,0.491,-0.548,-0.452,-0.504,0.000,-0.003,0,5302,-20,15,43,16.360,77.830,305,305,60,197,0
167403,-0.329,0.027,-0.025,0.002,-0.003,-0.007,0.491,-0.548,-0.452,-0.504,0.000,-0.003,0,5268,-20,15,43,16.360,77.830,305,305,60,197,0
167503,-0.328,0.032,-0.025,-0.001,-0.038,-0.004,0.491,-0.548,-0.453,-0.504,0.000,-0.003,0,5236,-21,16,43,16.360,77.830,305,305,60,197,0
167603,-0.322,0.041,-0.027,-0.014,-0.004,-0.012,0.490,-0.549,-0.454,-0.503,0.000,-0.003,0,5232,-19,16,43,16.370,77.870,305,305,60,197,0
167703,-0.321,0.043,-0.013,0.000,0.009,0.006,0.489,-0.549,-0.454,-0.503,0.000,-0.003,0,5297,-20,15,43,16.370,77.870,305,305,60,197,0
167803,-0.322,0.043,-0.025,-0.008,-0.037,0.007,0.490,-0.549,-0.454,-0.503,0.000,-0.003,0,5304,-21,17,43,16.370,77.870,305,305,60,197,0
167903,-0.321,0.044,-0.006,-0.003,0.006,0.006,0.489,-0.549,-0.454,-0.503,0.000,-0.003,0,5325,-20,15,42,16.360,77.870,305,305,60,197,0
168003,-0.322,0.037,-0.010,0.012,0.026,0.007,0.490,-0.548,-0.453,-0.504,0.000,-0.003,0,5311,-20,15,42,16.360,77.870,305,305,60,197,0
