Timestamp,r_ref,q_ref,curr_ax,curr_roll_rate,curr_pitch_rate,curr_yaw_rate,curr_qw,curr_qx,curr_qy,curr_qz,ax_ref,p_ref,omega_L_ref,omega_R_ref,servo_L_ref,servo_R_ref,Temperature,Voltage,RPM2,RPM4,Throttle2,Throttle4,ErrorCodes
82732,0.021,2.735,0.017,0.000,0.001,0.000,0.026,-0.534,-0.845,-0.020,-0.200,0.005,1478,0,-47,48,0,0.000,0,0,0,0,0
82831,0.021,2.735,0.011,0.000,0.000,0.000,0.026,-0.534,-0.845,-0.020,-0.200,0.005,1492,0,-48,48,0,0.000,0,0,0,0,0
82931,0.021,2.735,0.006,-0.001,0.002,0.000,0.026,-0.534,-0.845,-0.020,-0.200,0.005,1506,0,-48,49,0,0.000,0,0,0,0,0
83031,0.021,2.735,0.005,0.000,0.001,0.000,0.026,-0.534,-0.845,-0.020,-0.200,0.005,1520,0,-49,49,0,0.000,0,0,0,0,0
83131,0.021,2.735,0.004,0.002,0.001,0.000,0.026,-0.534,-0.845,-0.020,-0.200,0.005,1533,0,-50,50,0,0.000,305,305,0,0,0
83231,0.021,2.735,0.005,0.000,0.000,0.000,0.026,-0.534,-0.845,-0.020,-0.200,0.005,1547,0,-50,50,0,0.000,305,305,0,0,0
83331,0.021,2.735,0.004,0.001,-0.003,0.001,0.026,-0.534,-0.845,-0.020,-0.200,0.005,1532,0,-51,51,0,0.000,305,305,0,0,0
83431,0.020,2.746,0.013,-0.006,-0.150,0.026,0.022,-0.534,-0.845,-0.018,-0.200,0.005,593,0,-55,55,0,0.000,305,305,0,0,0
83531,0.021,2.751,-0.021,0.000,0.106,0.002,0.021,-0.534,-0.845,-0.017,-0.200,0.005,1509,0,-48,48,0,0.000,305,305,0,0,0
83631,0.020,2.729,-0.006,-0.003,-0.011,0.089,0.027,-0.535,-0.844,-0.021,-0.200,0.005,0,2166,-54,55,0,0.000,305,305,0,0,0
83731,0.019,2.748,-0.005,0.000,-0.179,0.040,0.022,-0.539,-0.842,-0.018,-0.200,0.005,0,1011,-57,57,0,0.000,305,305,0,0,0
83831,0.018,2.772,0.003,0.000,-0.114,-0.019,0.015,-0.540,-0.841,-0.013,-0.200,0.004,1888,0,-55,56,0,0.000,305,305,0,0,0
83931,0.032,2.800,0.006,-0.132,-0.311,-0.027,0.005,-0.540,-0.842,-0.010,-0.200,0.008,2320,0,-58,66,0,0.000,305,305,0,0,0
84031,0.047,2.832,0.043,-0.008,-0.047,0.011,-0.006,-0.539,-0.842,-0.006,-0.200,0.012,1915,0,-55,54,0,0.000,305,305,0,0,0
84131,0.001,2.781,-0.032,0.166,0.649,0.116,0.014,-0.542,-0.841,-0.009,-0.200,0.000,0,2904,-43,37,0,0.000,305,305,0,0,0
84231,-0.021,2.694,-0.014,-0.059,0.576,0.184,0.041,-0.549,-0.835,-0.023,-0.200,-0.005,0,4000,-43,48,0,0.000,305,305,0,0,0
84331,0.083,2.624,0.026,-0.652,0.333,0.364,0.050,-0.560,-0.825,-0.051,-0.200,0.018,0,4748,-36,67,0,0.000,305,305,0,0,0
84431,0.267,2.598,0.115,-0.781,-0.043,0.233,0.036,-0.576,-0.812,-0.081,-0.200,0.061,1490,0,-43,73,34,16.440,305,305,0,0,0
84531,0.389,2.601,0.200,-0.290,-0.127,0.074,0.019,-0.581,-0.808,-0.097,-0.200,0.093,5028,0,-55,62,34,16.440,305,305,0,0,0
84631,0.467,2.580,0.303,-0.262,0.409,-0.032,0.014,-0.583,-0.805,-0.111,-0.200,0.113,6386,0,-39,49,34,16.440,305,305,0,0,0
84731,0.516,2.495,0.204,-0.109,0.484,-0.092,0.033,-0.573,-0.808,-0.132,-0.200,0.119,7123,0,-44,50,34,16.440,305,305,0,0,0
84831,0.475,2.435,-0.045,0.583,0.411,0.041,0.055,-0.569,-0.809,-0.136,-0.200,0.104,6152,0,-62,34,34,16.440,305,305,0,0,0
84931,0.289,2.392,-0.190,0.486,0.437,0.251,0.089,-0.568,-0.810,-0.120,-0.200,0.058,2573,0,-51,41,34,16.430,305,305,0,0,0
85031,0.210,2.315,-0.099,0.073,0.458,0.523,0.115,-0.578,-0.798,-0.124,-0.200,0.039,0,4664,-43,48,34,16.430,305,305,0,0,0
85131,0.249,2.218,0.132,-0.156,0.790,-0.229,0.136,-0.571,-0.797,-0.145,-0.200,0.044,6481,0,-31,40,34,16.450,305,305,0,0,0
85231,0.350,2.030,0.045,-0.381,1.416,0.064,0.171,-0.559,-0.789,-0.187,-0.200,0.056,5232,0,-12,29,34,16.450,305,305,0,0,0
85331,0.371,1.715,-0.180,0.004,2.043,0.309,0.239,-0.547,-0.766,-0.239,-0.200,0.049,3145,0,-7,5,35,16.460,305,305,0,0,0
85431,0.316,1.412,-0.478,0.090,1.670,0.192,0.305,-0.533,-0.738,-0.278,-0.200,0.033,3878,0,-14,11,35,16.460,305,305,0,0,0
85531,0.303,1.195,-0.593,0.020,0.788,-0.092,0.349,-0.515,-0.721,-0.305,-0.200,0.026,6102,0,-30,31,35,16.450,305,305,0,0,0
85631,0.312,1.021,-0.452,0.181,1.192,-0.061,0.385,-0.493,-0.710,-0.325,-0.200,0.023,6022,0,-16,8,35,16.450,305,305,0,0,0
85731,0.274,0.808,-0.340,0.098,1.339,0.129,0.429,-0.471,-0.690,-0.344,-0.200,0.016,4292,0,-6,4,34,16.440,305,305,0,0,0
85831,0.215,0.551,-0.317,0.117,1.273,0.144,0.481,-0.445,-0.662,-0.364,-0.200,0.009,3566,0,-7,6,34,16.440,305,305,0,0,0
85931,0.130,0.349,-0.293,0.081,0.997,0.267,0.521,-0.427,-0.636,-0.376,-0.200,0.003,0,1976,-9,8,34,16.440,305,305,0,0,0
86031,0.057,0.179,-0.269,0.172,0.640,0.109,0.555,-0.410,-0.613,-0.383,-0.200,0.001,1646,0,-18,11,34,16.440,305,305,0,0,0
86131,0.029,0.122,-0.201,0.119,0.137,0.054,0.569,-0.402,-0.607,-0.382,-0.200,0.000,2190,0,-23,20,34,16.440,305,305,0,0,0
86231,0.015,0.089,-0.142,0.092,0.081,0.067,0.577,-0.396,-0.604,-0.381,-0.200,0.000,1630,0,-22,19,34,16.460,305,305,0,0,0
86331,-0.021,0.085,-0.110,0.049,0.052,0.053,0.581,-0.396,-0.604,-0.376,-0.200,-0.000,809,0,-19,19,34,16.460,305,305,0,0,0
86431,-0.014,0.046,-0.093,0.066,0.416,-0.041,0.587,-0.390,-0.600,-0.379,-0.200,-0.000,2964,0,-10,9,34,16.460,305,305,0,0,0
86531,0.028,-0.009,-0.121,0.041,0.074,-0.066,0.595,-0.380,-0.595,-0.386,-0.200,-0.000,3781,0,-20,19,34,16.460,305,305,0,0,0
86631,-0.003,-0.013,-0.051,0.032,0.090,0.174,0.597,-0.381,-0.593,-0.383,-0.200,-0.000,0,2728,-17,16,34,16.450,305,305,0,0,0
86731,-0.063,-0.019,-0.003,0.118,-0.094,0.137,0.602,-0.383,-0.591,-0.377,-0.200,0.000,0,3096,-24,19,34,16.450,305,305,0,0,0
86831,-0.065,0.037,-0.014,0.088,-0.372,-0.056,0.596,-0.384,-0.601,-0.368,-0.200,-0.000,2323,0,-28,26,34,16.450,305,305,0,0,0
86931,0.001,0.043,-0.045,0.184,0.171,-0.228,0.596,-0.374,-0.609,-0.367,-0.200,0.000,4978,0,-15,10,34,16.450,305,305,0,0,0
87031,0.057,0.021,-0.046,0.227,-0.087,-0.079,0.600,-0.362,-0.612,-0.367,-0.200,0.000,4209,0,-26,19,34,16.440,305,305,0,0,0
87131,0.060,0.038,-0.014,0.209,-0.008,0.013,0.600,-0.358,-0.617,-0.360,-0.200,0.000,3271,0,-22,15,34,16.440,305,305,0,0,0
87231,0.055,0.027,0.035,0.112,0.131,0.022,0.605,-0.352,-0.618,-0.356,-0.200,0.000,3110,0,-17,15,35,16.440,305,305,0,0,0
87331,0.079,0.007,0.064,-0.010,0.082,-0.116,0.608,-0.347,-0.617,-0.358,-0.200,0.000,4783,0,-16,19,35,16.440,305,305,0,0,0
87431,0.101,0.002,0.034,-0.199,0.054,0.042,0.606,-0.349,-0.616,-0.364,-0.200,0.000,3512,0,-12,22,35,16.450,305,305,0,0,0
87531,0.044,-0.022,-0.051,-0.178,0.070,0.173,0.609,-0.357,-0.606,-0.367,-0.200,-0.000,0,1702,-15,20,35,16.450,305,305,0,0,0
87631,-0.011,-0.032,-0.059,-0.197,0.113,0.079,0.609,-0.366,-0.598,-0.370,-0.200,0.000,0,215,-12,18,35,16.450,305,305,0,0,0
87731,-0.014,-0.041,0.048,-0.198,-0.021,-0.071,0.606,-0.372,-0.593,-0.378,-0.200,0.000,3427,0,-17,22,35,16.450,305,305,0,0,0
87831,0.014,-0.025,0.301,-0.110,-0.026,-0.080,0.600,-0.375,-0.594,-0.382,-0.200,0.000,3853,0,-17,19,35,16.450,305,305,0,0,0
87931,0.026,-0.048,0.452,-0.037,0.208,0.053,0.602,-0.374,-0.590,-0.387,-0.200,-0.000,2281,0,-12,13,34,16.440,305,305,0,0,0
88031,0.003,-0.056,0.618,0.308,0.224,0.078,0.608,-0.369,-0.591,-0.380,-0.200,0.000,1171,0,-18,4,34,16.440,305,305,0,0,0
88131,-0.011,-0.098,0.611,0.398,0.030,0.021,0.621,-0.356,-0.591,-0.372,-0.200,0.000,2148,0,-25,11,34,16.450,305,305,0,0,0
88231,-0.005,-0.097,0.521,0.316,-0.002,-0.036,0.626,-0.347,-0.596,-0.364,-0.200,0.000,3109,0,-22,12,34,16.450,305,305,0,0,0
88331,0.002,-0.101,0.303,0.469,-0.032,0.050,0.634,-0.334,-0.603,-0.351,-0.200,-0.000,1825,0,-26,10,35,16.440,305,305,0,0,0
88431,-0.002,-0.144,0.097,0.776,0.377,0.081,0.651,-0.311,-0.606,-0.334,-0.200,0.000,667,0,-21,-7,35,16.440,305,305,0,0,0
88531,-0.002,-0.197,-0.186,1.041,0.061,0.088,0.674,-0.280,-0.610,-0.308,-0.200,-0.000,0,508,-35,-2,34,16.440,305,305,0,0,0
88631,-0.012,-0.187,-0.338,0.939,-0.049,0.048,0.686,-0.252,-0.624,-0.275,-0.200,0.000,1379,0,-31,2,34,16.440,305,305,0,0,0
88731,-0.006,-0.218,-0.442,1.096,0.116,0.022,0.703,-0.220,-0.630,-0.245,-0.200,0.000,2059,0,-32,-6,35,16.450,305,305,0,0,0
88831,0.006,-0.240,-0.350,0.418,0.128,0.216,0.716,-0.191,-0.635,-0.217,-0.200,-0.000,0,3216,-11,13,35,16.450,305,305,0,0,0
88931,-0.040,-0.239,-0.364,-0.042,-0.030,0.062,0.718,-0.193,-0.635,-0.210,-0.200,0.001,0,1464,-11,19,34,16.460,305,305,0,0,0
89031,-0.098,-0.221,-0.380,-0.170,-0.099,0.130,0.715,-0.203,-0.635,-0.209,-0.200,0.001,0,3542,-12,20,34,16.460,305,305,0,0,0
89131,-0.156,-0.226,-0.263,-0.270,0.159,0.142,0.715,-0.215,-0.630,-0.213,-0.200,0.002,0,4321,-5,14,35,16.460,305,305,0,0,0
89231,-0.226,-0.251,-0.047,-0.380,0.173,0.173,0.717,-0.229,-0.620,-0.219,-0.200,0.004,0,5241,-2,18,35,16.460,305,305,0,0,0
89331,-0.256,-0.268,0.048,-0.397,0.089,-0.113,0.716,-0.244,-0.611,-0.233,-0.200,0.005,0,2723,-7,19,35,16.460,305,305,0,0,0
89431,-0.224,-0.279,0.108,-0.547,-0.056,-0.148,0.711,-0.256,-0.604,-0.254,-0.200,0.005,0,1508,-7,26,35,16.460,305,305,0,0,0
89531,-0.212,-0.232,0.129,-0.644,-0.264,-0.133,0.694,-0.277,-0.604,-0.275,-0.200,0.004,0,1641,-9,31,35,16.460,305,305,0,0,0
89631,-0.150,-0.157,0.067,-0.791,-0.271,-0.322,0.671,-0.300,-0.609,-0.299,-0.200,0.002,4172,0,-6,33,35,16.460,305,305,0,0,0
89731,-0.023,-0.109,0.005,-0.588,-0.214,-0.401,0.647,-0.315,-0.611,-0.329,-0.200,0.000,5864,0,-13,27,35,16.450,305,305,0,0,0
89831,0.137,-0.042,0.030,-0.173,-0.456,-0.361,0.622,-0.322,-0.621,-0.351,-0.200,-0.000,6706,0,-29,24,35,16.450,305,305,0,0,0
89931,0.147,-0.022,0.155,0.016,0.203,0.260,0.618,-0.325,-0.624,-0.351,-0.200,0.000,0,1879,-12,7,35,16.450,305,305,0,0,0
90031,0.052,-0.059,0.036,0.000,-0.059,0.070,0.629,-0.328,-0.615,-0.346,-0.200,-0.000,1949,0,-20,21,35,16.450,305,305,0,0,0
90131,0.007,-0.067,0.001,-0.054,0.274,0.239,0.632,-0.331,-0.611,-0.343,-0.200,0.000,0,3670,-8,10,34,16.450,305,305,0,0,0
90231,-0.086,-0.082,-0.047,-0.087,-0.150,0.189,0.636,-0.339,-0.604,-0.340,-0.200,0.001,0,4181,-20,23,34,16.450,305,305,0,0,0
90331,-0.135,-0.049,-0.081,-0.349,-0.117,0.039,0.629,-0.353,-0.602,-0.341,-0.200,0.001,0,3139,-12,26,34,16.450,305,305,0,0,0
90431,-0.110,-0.009,-0.067,-0.499,-0.308,-0.184,0.615,-0.367,-0.602,-0.352,-0.200,0.000,3136,0,-15,33,34,16.450,305,305,0,0,0
90531,-0.014,0.007,0.101,-0.491,-0.212,-0.244,0.599,-0.377,-0.600,-0.373,-0.200,-0.000,4760,0,-16,31,34,16.450,305,305,0,0,0
90631,0.038,0.024,0.254,-0.276,0.223,-0.118,0.586,-0.387,-0.597,-0.388,-0.200,0.000,4131,0,-8,12,35,16.440,305,305,0,0,0
90731,0.123,-0.001,0.085,-0.316,0.146,-0.170,0.581,-0.386,-0.593,-0.404,-0.200,0.000,5348,0,-8,20,35,16.440,305,305,0,0,0
90831,0.117,-0.035,-0.070,-0.084,0.060,0.127,0.580,-0.391,-0.582,-0.415,-0.200,0.000,2164,0,-18,16,35,16.460,305,305,0,0,0
90931,0.077,-0.045,-0.217,0.131,-0.052,0.154,0.586,-0.390,-0.580,-0.410,-0.200,-0.000,0,890,-22,17,35,16.460,305,305,0,0,0
91031,0.028,-0.033,-0.266,0.206,-0.010,0.104,0.588,-0.392,-0.581,-0.403,-0.200,-0.000,0,953,-21,13,34,16.450,305,305,0,0,0
91131,0.001,-0.001,-0.274,0.352,0.161,0.086,0.587,-0.394,-0.587,-0.394,-0.200,-0.000,0,1309,-20,6,34,16.450,305,305,0,0,0
91231,0.011,0.009,-0.185,0.279,-0.260,-0.113,0.590,-0.388,-0.593,-0.387,-0.200,-0.000,3873,0,-29,21,35,16.460,305,305,0,0,0
91331,0.052,0.031,0.012,0.352,-0.092,-0.140,0.590,-0.378,-0.604,-0.380,-0.200,0.000,4549,0,-25,13,35,16.460,305,305,0,0,0
91431,0.109,0.055,0.305,0.591,-0.453,0.037,0.587,-0.370,-0.614,-0.377,-0.200,0.001,3403,0,-42,18,35,16.450,305,305,0,0,0
91531,0.054,0.089,0.420,0.014,0.322,0.072,0.586,-0.375,-0.618,-0.367,-0.200,0.000,2070,0,-5,11,35,16.450,305,305,0,0,0
91631,0.064,0.051,0.299,0.238,0.350,-0.024,0.591,-0.372,-0.612,-0.372,-0.200,0.000,3607,0,-14,5,34,16.460,305,305,0,0,0
91731,0.062,0.005,0.011,0.142,-0.022,0.058,0.596,-0.370,-0.604,-0.379,-0.200,0.000,2524,0,-23,18,34,16.460,305,305,0,0,0
91831,0.062,0.019,-0.173,0.276,-0.196,-0.107,0.594,-0.371,-0.606,-0.377,-0.200,0.000,4429,0,-29,18,34,16.460,305,305,0,0,0
91931,0.112,0.056,-0.127,0.368,0.000,-0.064,0.593,-0.360,-0.620,-0.367,-0.200,0.001,4553,0,-22,11,34,16.450,305,305,0,0,0
92031,0.107,0.070,-0.071,0.600,-0.080,0.033,0.596,-0.353,-0.627,-0.357,-0.200,0.001,3568,0,-31,9,34,16.450,305,305,0,0,0
92131,0.074,0.107,0.177,0.411,0.010,-0.013,0.598,-0.346,-0.638,-0.339,-0.200,0.001,3715,0,-21,11,35,16.440,305,305,0,0,0
92231,0.102,0.044,0.072,0.398,-0.116,-0.180,0.613,-0.327,-0.636,-0.336,-0.200,0.001,5454,0,-30,21,35,16.440,305,305,0,0,0
92331,0.148,0.059,0.166,0.633,0.472,0.017,0.616,-0.312,-0.646,-0.326,-0.200,0.001,4268,0,-17,-8,35,16.450,305,305,0,0,0
92431,0.082,0.001,0.048,0.630,-0.039,0.257,0.636,-0.295,-0.643,-0.308,-0.200,0.000,0,2515,-33,11,35,16.450,305,305,0,0,0
92531,-0.025,0.037,-0.064,0.676,-0.248,0.211,0.644,-0.286,-0.654,-0.276,-0.200,-0.000,0,3430,-35,13,34,16.450,305,305,0,0,0
92631,-0.074,0.085,-0.039,0.917,-0.241,-0.016,0.646,-0.270,-0.669,-0.247,-0.200,-0.000,1463,0,-40,6,34,16.450,305,305,0,0,0
92731,-0.082,0.132,0.130,0.888,0.209,-0.072,0.649,-0.243,-0.688,-0.215,-0.200,-0.001,2445,0,-24,-4,35,16.450,305,305,0,0,0
92831,-0.082,0.062,-0.050,0.743,-0.173,0.047,0.669,-0.213,-0.686,-0.193,-0.200,-0.000,0,1907,-38,16,35,16.450,305,305,0,0,0
92931,-0.168,0.063,0.025,0.534,0.292,0.336,0.677,-0.197,-0.691,-0.163,-0.200,-0.000,0,5859,-17,5,35,16.450,305,305,0,0,0
93031,-0.232,0.037,-0.082,0.244,-0.067,-0.068,0.685,-0.187,-0.689,-0.144,-0.200,-0.000,0,2801,-22,20,35,16.450,305,305,0,0,0
93131,-0.221,0.066,-0.127,-0.166,-0.014,-0.012,0.680,-0.188,-0.694,-0.144,-0.200,-0.001,0,3433,-13,22,35,16.450,305,305,0,0,0
93231,-0.180,0.082,-0.071,-0.610,-0.158,-0.186,0.674,-0.198,-0.694,-0.160,-0.200,-0.001,2264,0,-11,34,34,16.450,305,305,0,0,0
93331,-0.103,0.119,0.187,-0.737,-0.329,-0.092,0.661,-0.213,-0.696,-0.184,-0.200,-0.001,1966,0,-14,41,34,16.450,305,305,0,0,0
93431,-0.031,0.156,0.297,-0.386,-0.020,-0.213,0.647,-0.228,-0.698,-0.205,-0.200,-0.000,4413,0,-16,22,34,16.450,305,305,0,0,0
93531,0.101,0.180,0.233,-0.347,0.157,-0.306,0.634,-0.233,-0.701,-0.229,-0.200,0.001,6170,0,-11,17,34,16.450,305,305,0,0,0
93631,0.171,0.078,0.097,-0.061,0.392,-0.054,0.648,-0.228,-0.684,-0.247,-0.200,0.001,4919,0,-15,11,34,16.450,305,305,0,0,0
93731,0.165,0.060,0.075,-0.016,-0.246,0.082,0.651,-0.228,-0.681,-0.248,-0.200,0.001,3615,0,-28,27,34,16.450,305,305,0,0,0
93831,0.147,0.131,0.036,-0.010,-0.408,-0.053,0.639,-0.235,-0.691,-0.243,-0.200,0.001,4762,0,-29,27,34,16.440,305,305,0,0,0
93931,0.186,0.182,-0.091,0.169,-0.031,-0.193,0.629,-0.232,-0.701,-0.242,-0.200,0.002,6127,0,-23,14,34,16.440,305,305,0,0,0
94031,0.251,0.191,-0.055,0.473,-0.164,-0.138,0.629,-0.217,-0.708,-0.237,-0.200,0.004,6251,0,-36,14,35,16.460,305,305,0,0,0
94131,0.227,0.203,0.046,0.971,0.308,0.123,0.637,-0.190,-0.717,-0.209,-0.200,0.003,4098,0,-32,-8,35,16.460,305,305,0,0,0
94231,0.151,0.157,-0.011,0.947,0.034,0.239,0.657,-0.157,-0.717,-0.170,-0.200,0.002,1275,0,-37,8,35,16.460,305,305,0,0,0
94331,0.002,0.180,-0.039,0.693,0.096,0.247,0.662,-0.141,-0.725,-0.129,-0.200,0.000,0,3379,-26,8,34,16.440,305,305,0,0,0
94431,-0.056,0.137,-0.173,0.453,0.032,-0.079,0.675,-0.120,-0.721,-0.102,-0.200,-0.000,3130,0,-26,17,34,16.440,305,305,0,0,0
94531,-0.074,0.113,-0.085,0.186,0.392,0.216,0.681,-0.109,-0.718,-0.091,-0.200,-0.000,0,3929,-12,8,35,16.450,305,305,0,0,0
94631,-0.167,0.048,-0.075,-0.113,0.206,0.148,0.694,-0.114,-0.706,-0.082,-0.200,-0.000,0,4258,-13,20,35,16.450,305,305,0,0,0
94731,-0.186,0.030,0.010,-0.126,-0.052,0.101,0.696,-0.120,-0.702,-0.086,-0.200,-0.000,0,4051,-20,22,35,16.440,305,305,0,0,0
94831,-0.230,0.019,0.063,0.219,0.114,0.072,0.699,-0.120,-0.700,-0.079,-0.200,-0.000,0,4276,-23,9,35,16.440,305,305,0,0,0
94931,-0.223,0.027,0.146,0.362,-0.207,-0.136,0.699,-0.108,-0.704,-0.068,-0.200,-0.000,0,1239,-32,16,35,16.440,305,305,0,0,0
95031,-0.198,0.033,0.116,0.698,0.077,0.002,0.700,-0.085,-0.708,-0.049,-0.200,-0.000,0,3281,-30,2,35,16.440,305,305,0,0,0
95131,-0.159,-0.001,0.061,0.909,-0.018,-0.006,0.707,-0.049,-0.705,-0.021,-0.200,0.000,0,2687,-37,4,34,16.450,305,305,0,0,0
95231,-0.213,0.025,0.148,0.941,-0.153,0.286,0.703,-0.021,-0.711,0.017,-0.200,-0.000,0,5956,-38,5,34,16.450,305,305,0,0,0
95331,-0.300,0.031,0.084,1.019,0.062,0.117,0.699,0.009,-0.713,0.061,-0.200,-0.001,0,5464,-33,-2,34,16.450,305,305,0,0,0
95431,-0.330,0.028,-0.045,0.942,-0.193,-0.042,0.695,0.039,-0.711,0.096,-0.200,-0.001,0,4505,-39,7,35,16.450,305,305,0,0,0
95531,-0.270,0.063,-0.021,1.104,-0.246,-0.266,0.684,0.082,-0.713,0.126,-0.200,-0.001,1469,0,-42,4,35,16.450,305,305,0,0,0
95631,-0.196,0.096,0.226,0.961,0.036,-0.268,0.672,0.130,-0.712,0.157,-0.200,-0.001,2871,0,-30,1,35,16.460,305,305,0,0,0
95731,-0.121,0.087,0.313,0.809,-0.104,-0.127,0.667,0.171,-0.702,0.184,-0.200,-0.001,1761,0,-33,10,35,16.460,305,305,0,0,0
95831,-0.077,0.061,0.020,0.581,0.036,-0.173,0.665,0.200,-0.689,0.207,-0.200,-0.000,3226,0,-28,11,34,16.450,305,305,0,0,0
95931,-0.030,0.100,-0.114,0.231,-0.187,-0.017,0.654,0.223,-0.689,0.217,-0.200,-0.000,1345,0,-25,21,34,16.450,305,305,0,0,0
96031,-0.058,0.115,-0.035,-0.067,-0.109,0.089,0.649,0.227,-0.691,0.223,-0.200,-0.000,0,3013,-20,24,35,16.460,305,305,0,0,0
96131,-0.068,0.124,0.001,-0.127,-0.196,0.008,0.648,0.224,-0.693,0.221,-0.200,-0.001,0,1886,-24,27,35,16.460,305,305,0,0,0
96231,-0.100,0.164,0.107,-0.163,-0.180,0.123,0.641,0.220,-0.702,0.219,-0.200,-0.001,0,3966,-23,25,35,16.450,305,305,0,0,0
96331,-0.081,0.191,0.129,0.158,-0.091,0.007,0.638,0.221,-0.706,0.214,-0.200,-0.001,0,2282,-30,15,35,16.450,305,305,0,0,0
96431,-0.045,0.208,0.032,0.549,-0.036,-0.011,0.631,0.241,-0.703,0.225,-0.200,-0.001,0,1023,-35,8,35,16.450,305,305,0,0,0
96531,-0.047,0.212,-0.053,0.470,-0.132,0.006,0.623,0.261,-0.696,0.242,-0.200,-0.001,0,1599,-33,17,35,16.450,305,305,0,0,0
96631,-0.118,0.220,-0.033,-0.072,0.118,0.221,0.616,0.265,-0.696,0.255,-0.200,-0.002,0,5094,-15,22,35,16.450,305,305,0,0,0
96731,-0.191,0.192,-0.015,-0.372,0.118,0.058,0.621,0.250,-0.697,0.257,-0.200,-0.003,0,4398,-13,26,35,16.440,305,305,0,0,0
96831,-0.227,0.191,0.030,-0.338,-0.091,0.217,0.625,0.235,-0.702,0.250,-0.200,-0.003,0,5964,-21,28,35,16.440,305,305,0,0,0
96931,-0.305,0.191,0.030,-0.147,0.140,0.203,0.625,0.219,-0.707,0.248,-0.200,-0.005,0,6456,-19,17,35,16.440,305,305,0,0,0
97031,-0.372,0.162,-0.004,0.050,0.117,0.132,0.629,0.209,-0.705,0.253,-0.200,-0.005,0,6517,-24,15,35,16.440,305,305,0,0,0
97131,-0.387,0.143,0.043,-0.048,0.052,-0.114,0.632,0.207,-0.702,0.256,-0.200,-0.005,0,4974,-21,20,35,16.460,305,305,0,0,0
97231,-0.335,0.145,0.140,-0.099,-0.131,-0.076,0.634,0.210,-0.701,0.250,-0.200,-0.004,0,4911,-24,25,35,16.460,305,305,0,0,0
97331,-0.310,0.146,0.124,-0.173,0.141,-0.071,0.636,0.208,-0.702,0.243,-0.200,-0.004,0,4797,-16,19,35,16.460,305,305,0,0,0
97431,-0.256,0.160,0.025,-0.099,-0.166,-0.137,0.637,0.207,-0.705,0.233,-0.200,-0.003,0,3716,-26,24,35,16.470,305,305,0,0,0
97531,-0.215,0.169,-0.018,-0.068,0.032,-0.051,0.637,0.209,-0.706,0.227,-0.200,-0.003,0,4200,-21,19,35,16.470,305,305,0,0,0
97631,-0.195,0.155,-0.094,-0.053,0.071,-0.022,0.641,0.209,-0.704,0.225,-0.200,-0.002,0,4321,-21,19,35,16.460,305,305,0,0,0
97731,-0.194,0.178,-0.033,-0.056,-0.102,0.017,0.637,0.208,-0.708,0.222,-0.200,-0.003,0,4696,-24,22,35,16.460,305,305,0,0,0
97831,-0.188,0.144,-0.003,0.034,0.347,-0.024,0.644,0.204,-0.703,0.221,-0.200,-0.002,0,4327,-17,9,35,16.450,305,305,0,0,0
97931,-0.188,0.124,0.052,0.082,-0.019,-0.023,0.647,0.205,-0.699,0.224,-0.200,-0.002,0,4375,-26,19,35,16.450,305,305,0,0,0
98031,-0.177,0.123,0.071,0.137,-0.046,-0.016,0.647,0.209,-0.698,0.226,-0.200,-0.002,0,4385,-27,18,35,16.450,305,305,0,0,0
98131,-0.193,0.119,0.111,0.202,0.099,0.070,0.645,0.214,-0.696,0.233,-0.200,-0.002,0,5268,-23,13,35,16.450,305,305,0,0,0
98231,-0.219,0.121,0.114,0.286,-0.104,0.062,0.641,0.220,-0.694,0.243,-0.200,-0.002,0,5451,-31,17,35,16.450,305,305,0,0,0
98331,-0.252,0.133,0.098,0.416,-0.241,0.034,0.634,0.230,-0.693,0.255,-0.200,-0.003,0,5547,-37,18,35,16.450,305,305,0,0,0
98431,-0.274,0.166,0.072,0.589,-0.202,-0.016,0.621,0.247,-0.693,0.271,-0.200,-0.004,0,5392,-38,13,35,16.450,305,305,0,0,0
98531,-0.273,0.169,-0.036,0.419,0.106,-0.080,0.613,0.266,-0.687,0.287,-0.200,-0.004,0,4923,-24,12,35,16.450,305,305,0,0,0
98631,-0.290,0.151,-0.103,0.102,0.041,-0.088,0.612,0.271,-0.681,0.297,-0.200,-0.004,0,5034,-22,20,35,16.450,305,305,0,0,0
98731,-0.282,0.149,-0.107,-0.194,0.019,0.000,0.613,0.270,-0.681,0.295,-0.200,-0.004,0,5676,-18,25,35,16.460,305,305,0,0,0
98831,-0.307,0.148,-0.100,-0.220,0.148,0.171,0.615,0.261,-0.685,0.291,-0.200,-0.004,0,6975,-15,19,35,16.460,305,305,0,0,0
98931,-0.370,0.076,-0.073,-0.131,0.372,0.226,0.628,0.245,-0.677,0.295,-0.200,-0.004,0,7688,-14,14,35,16.460,305,305,0,0,0
99031,-0.475,0.080,0.069,-0.282,-0.152,0.273,0.626,0.231,-0.683,0.298,-0.200,-0.005,0,8526,-21,29,35,16.450,305,305,0,0,0
99131,-0.510,0.082,0.080,-0.098,-0.013,-0.077,0.627,0.221,-0.687,0.295,-0.200,-0.006,0,6979,-23,20,35,16.450,305,305,0,0,0
99231,-0.462,0.070,0.057,-0.121,0.110,-0.118,0.632,0.222,-0.684,0.289,-0.200,-0.005,0,6504,-18,19,35,16.460,305,305,0,0,0
99331,-0.411,0.074,0.117,-0.294,-0.029,-0.163,0.635,0.220,-0.685,0.279,-0.200,-0.004,0,5935,-17,26,35,16.460,305,305,0,0,0
99431,-0.346,0.098,0.091,-0.090,-0.002,-0.050,0.636,0.220,-0.690,0.266,-0.200,-0.004,0,6286,-21,17,34,16.440,305,305,0,0,0
99531,-0.357,0.092,0.067,-0.061,-0.038,0.080,0.638,0.216,-0.690,0.265,-0.200,-0.004,0,7182,-23,21,34,16.440,305,305,0,0,0
99872,-0.420,0.017,0.044,0.157,0.151,-0.034,0.645,0.215,-0.677,0.282,-0.200,-0.003,0,7110,-21,13,35,16.440,305,305,0,0,0
100090,-0.354,-0.015,0.059,0.028,0.152,-0.117,0.652,0.219,-0.669,0.280,-0.200,-0.001,0,6325,-18,13,35,16.440,305,305,0,0,0
100112,-0.345,-0.020,0.059,0.070,0.117,-0.121,0.653,0.220,-0.668,0.280,-0.200,-0.001,0,6248,-20,13,35,16.440,305,305,0,0,0
100115,-0.345,-0.020,0.059,0.070,0.117,-0.121,0.653,0.220,-0.668,0.280,-0.200,-0.001,0,6226,-22,13,35,16.440,305,305,0,0,0
100123,-0.340,-0.023,0.063,0.087,0.096,-0.120,0.654,0.221,-0.668,0.280,-0.200,-0.001,0,6226,-22,13,35,16.440,305,305,0,0,0
100132,-0.335,-0.025,0.066,0.096,0.064,-0.118,0.654,0.221,-0.667,0.280,-0.200,-0.001,0,6213,-23,14,35,16.440,305,305,0,0,0
100231,-0.303,-0.037,0.105,-0.168,0.158,-0.062,0.658,0.222,-0.664,0.277,-0.200,-0.000,0,6398,-12,18,35,16.440,305,305,0,0,0
100331,-0.248,-0.046,0.091,-0.087,-0.108,-0.157,0.663,0.222,-0.663,0.269,-0.200,-0.000,0,5414,-23,22,35,16.440,305,305,0,0,0
100431,-0.201,-0.033,0.089,-0.366,0.117,-0.156,0.665,0.219,-0.666,0.257,-0.200,-0.000,0,5080,-9,21,35,16.430,305,305,0,0,0
100531,-0.155,-0.041,0.031,-0.459,-0.011,-0.059,0.672,0.210,-0.668,0.241,-0.200,0.000,0,5471,-13,26,35,16.430,305,305,0,0,0
100631,-0.149,-0.048,-0.031,-0.557,0.084,-0.057,0.680,0.194,-0.671,0.224,-0.200,0.000,0,5466,-9,24,35,16.450,305,305,0,0,0
100731,-0.134,-0.065,-0.031,-0.806,0.079,-0.078,0.690,0.172,-0.674,0.201,-0.200,0.000,0,5208,-5,29,35,16.450,305,305,0,0,0
100831,-0.119,-0.089,-0.055,-0.691,0.063,-0.069,0.701,0.146,-0.676,0.174,-0.200,0.001,0,5179,-9,25,35,16.440,305,305,0,0,0
100931,-0.124,-0.078,-0.101,-0.862,0.027,0.087,0.706,0.121,-0.683,0.147,-0.200,0.001,0,6309,-4,30,35,16.440,305,305,0,0,0
101031,-0.207,-0.077,0.038,-1.050,0.061,0.232,0.710,0.082,-0.688,0.122,-0.200,0.001,0,7668,0,33,35,16.440,305,305,0,0,0
101131,-0.312,-0.077,0.039,-1.013,-0.033,0.118,0.714,0.036,-0.693,0.094,-0.200,0.001,0,7681,-7,33,35,16.450,305,305,0,0,0
101231,-0.367,-0.132,0.011,-0.307,0.244,0.084,0.726,0.013,-0.683,0.081,-0.200,0.003,0,7851,-14,14,35,16.450,305,305,0,0,0
101331,-0.421,-0.129,0.153,-0.262,0.030,0.076,0.726,-0.007,-0.684,0.069,-0.200,0.003,0,8140,-19,16,35,16.430,305,305,0,0,0
101431,-0.455,-0.120,0.186,-0.146,-0.183,0.089,0.724,-0.011,-0.686,0.071,-0.200,0.003,0,8434,-22,23,35,16.430,305,305,0,0,0
101531,-0.470,-0.097,0.122,-0.201,-0.053,-0.051,0.721,-0.019,-0.690,0.065,-0.200,0.003,0,7880,-16,20,35,16.430,305,305,0,0,0
101631,-0.469,-0.077,0.100,-0.392,-0.009,0.011,0.718,-0.026,-0.693,0.058,-0.200,0.002,0,8241,-10,24,35,16.430,305,305,0,0,0
101731,-0.453,-0.063,0.097,-0.362,-0.009,-0.111,0.717,-0.037,-0.695,0.043,-0.200,0.002,0,7594,-13,22,35,16.430,305,305,0,0,0
101831,-0.394,-0.048,0.106,-0.372,-0.153,-0.220,0.715,-0.044,-0.697,0.026,-0.200,0.001,0,6690,-17,27,35,16.440,305,305,0,0,0
101931,-0.327,-0.013,0.091,-0.451,-0.032,-0.113,0.709,-0.052,-0.703,0.006,-0.200,0.000,0,6949,-12,24,35,16.440,305,305,0,0,0
102031,-0.302,-0.014,0.049,-0.607,0.016,-0.094,0.709,-0.069,-0.701,-0.016,-0.200,0.000,0,6947,-10,28,35,16.460,305,305,0,0,0
102131,-0.286,-0.015,-0.040,-0.812,0.060,0.059,0.709,-0.089,-0.699,-0.039,-0.200,0.000,0,7733,-4,32,35,16.460,305,305,0,0,0
102231,-0.287,-0.001,-0.089,-1.026,-0.087,0.018,0.704,-0.119,-0.697,-0.068,-0.200,0.000,0,7563,-4,38,35,16.450,305,305,0,0,0
102331,-0.250,0.018,-0.047,-1.129,0.084,-0.119,0.696,-0.150,-0.694,-0.106,-0.200,0.000,0,6615,1,34,35,16.450,305,305,0,0,0
102431,-0.163,-0.009,-0.113,-0.833,0.133,-0.183,0.693,-0.174,-0.684,-0.146,-0.200,0.000,0,5628,-7,27,35,16.450,305,305,0,0,0
102531,-0.122,0.005,0.062,-0.804,0.069,-0.026,0.684,-0.195,-0.681,-0.174,-0.200,0.000,0,6405,-5,28,35,16.450,305,305,0,0,0
102631,-0.166,0.018,0.093,-0.987,0.021,0.173,0.675,-0.229,-0.672,-0.199,-0.200,0.000,0,7810,-2,33,35,16.450,305,305,0,0,0
102731,-0.192,0.007,-0.017,-0.557,0.117,0.039,0.670,-0.255,-0.661,-0.222,-0.200,0.000,0,7270,-12,21,35,16.460,305,305,0,0,0
102831,-0.208,0.010,0.025,-0.470,-0.178,-0.040,0.665,-0.269,-0.656,-0.234,-0.200,0.000,0,6948,-18,31,35,16.460,305,305,0,0,0
102931,-0.186,0.057,0.062,-0.322,0.083,-0.020,0.653,-0.282,-0.659,-0.244,-0.200,-0.000,0,6955,-12,18,35,16.460,305,305,0,0,0
103031,-0.177,0.102,0.053,-0.496,-0.170,0.049,0.642,-0.292,-0.663,-0.250,-0.200,-0.001,0,7314,-12,32,35,16.460,305,305,0,0,0
103131,-0.177,0.111,0.067,-0.470,0.057,0.040,0.635,-0.306,-0.659,-0.262,-0.200,-0.001,0,7294,-11,25,35,16.460,305,305,0,0,0
103231,-0.173,0.103,-0.047,-0.333,0.127,0.028,0.631,-0.318,-0.652,-0.275,-0.200,-0.001,0,7232,-14,21,35,16.450,305,305,0,0,0
103331,-0.173,0.063,-0.061,-0.163,0.306,0.006,0.634,-0.324,-0.641,-0.286,-0.200,-0.000,0,7140,-13,13,35,16.450,305,305,0,0,0
103431,-0.152,-0.011,-0.096,-0.319,0.414,-0.113,0.643,-0.322,-0.627,-0.300,-0.200,0.000,0,6328,-5,17,35,16.460,305,305,0,0,0
103531,-0.157,-0.101,-0.065,-0.510,0.489,0.254,0.652,-0.325,-0.607,-0.317,-0.200,0.001,0,8375,1,19,35,16.460,305,305,0,0,0
103631,-0.256,-0.188,0.038,-0.767,0.110,0.061,0.660,-0.342,-0.580,-0.334,-0.200,0.004,0,7963,-4,34,35,16.460,305,305,0,0,0
103731,-0.306,-0.182,0.094,-1.131,0.094,-0.026,0.643,-0.375,-0.560,-0.362,-0.200,0.005,0,7820,5,34,35,16.460,305,305,0,0,0
103831,-0.315,-0.191,0.075,-0.963,-0.031,-0.206,0.623,-0.406,-0.536,-0.398,-0.200,0.006,0,6922,-7,31,35,16.460,305,305,0,0,0
103931,-0.213,-0.148,0.076,-0.453,-0.032,-0.371,0.601,-0.419,-0.536,-0.420,-0.200,0.003,0,5141,-12,20,35,16.450,305,305,0,0,0
104031,-0.134,-0.172,-0.066,-0.351,-0.171,-0.097,0.590,-0.423,-0.527,-0.442,-0.200,0.002,0,6474,-20,26,35,16.450,305,305,0,0,0
104131,-0.071,-0.097,-0.143,-0.050,-0.596,-0.400,0.573,-0.432,-0.538,-0.443,-0.200,0.001,0,3526,-33,29,35,16.450,305,305,0,0,0
104231,0.092,-0.009,-0.134,-0.149,-0.039,-0.336,0.549,-0.433,-0.557,-0.448,-0.200,0.000,0,1939,-12,16,35,16.450,305,305,0,0,0
104331,0.133,-0.058,0.025,-0.273,0.300,0.151,0.550,-0.430,-0.548,-0.461,-0.200,0.000,0,6237,-6,16,35,16.450,305,305,0,0,0
104431,0.046,-0.062,0.178,-0.167,-0.256,0.232,0.550,-0.441,-0.538,-0.462,-0.200,-0.000,0,7253,-24,27,34,16.440,305,305,0,0,0
104531,-0.022,-0.013,0.234,-0.197,-0.457,0.061,0.543,-0.457,-0.537,-0.457,-0.200,0.000,0,6684,-26,33,34,16.440,305,305,0,0,0
104631,-0.023,0.089,0.108,-0.168,-0.432,-0.034,0.525,-0.473,-0.546,-0.450,-0.200,-0.000,0,6098,-24,29,35,16.440,305,305,0,0,0
104731,0.001,0.113,-0.064,-0.267,0.011,-0.093,0.516,-0.479,-0.546,-0.453,-0.200,0.000,0,5522,-13,24,35,16.440,305,305,0,0,0
104831,0.055,0.129,-0.126,-0.249,0.021,-0.068,0.506,-0.484,-0.546,-0.461,-0.200,0.001,0,5280,-14,23,35,16.440,305,305,0,0,0
104931,0.048,0.096,-0.135,-0.459,0.110,0.231,0.504,-0.488,-0.535,-0.471,-0.200,0.000,0,7232,-9,28,34,16.450,305,305,0,0,0
105031,-0.038,0.089,-0.052,-0.237,-0.088,0.170,0.502,-0.502,-0.520,-0.475,-0.200,-0.000,0,7400,-21,26,34,16.450,305,305,0,0,0
105131,-0.079,0.107,0.067,-0.012,-0.069,-0.001,0.499,-0.510,-0.516,-0.474,-0.200,-0.000,0,6683,-23,20,35,16.440,305,305,0,0,0
105231,-0.074,0.126,0.157,-0.057,-0.154,0.071,0.496,-0.512,-0.519,-0.472,-0.200,-0.000,0,7086,-22,26,35,16.440,305,305,0,0,0
105331,-0.098,0.149,0.188,-0.083,-0.093,0.013,0.492,-0.519,-0.518,-0.469,-0.200,-0.001,0,6916,-21,25,35,16.440,305,305,0,0,0
105431,-0.112,0.166,0.025,-0.174,-0.153,0.108,0.488,-0.525,-0.516,-0.469,-0.200,-0.001,0,7533,-21,29,35,16.450,305,305,0,0,0
105531,-0.156,0.198,-0.054,-0.244,0.049,0.132,0.481,-0.538,-0.510,-0.468,-0.200,-0.003,0,7924,-15,23,35,16.450,305,305,0,0,0
105631,-0.171,0.158,-0.075,0.157,0.204,-0.041,0.486,-0.535,-0.503,-0.474,-0.200,-0.003,0,7113,-23,12,35,16.450,305,305,0,0,0
105731,-0.167,0.133,0.010,0.092,0.023,-0.016,0.492,-0.528,-0.504,-0.474,-0.200,-0.002,0,7248,-22,21,35,16.450,305,305,0,0,0
105831,-0.159,0.134,0.077,0.098,-0.110,0.003,0.493,-0.526,-0.506,-0.473,-0.200,-0.002,0,7328,-26,23,35,16.450,305,305,0,0,0
105931,-0.179,0.145,0.081,0.077,0.050,0.126,0.496,-0.525,-0.510,-0.467,-0.200,-0.000,0,8092,-19,20,35,16.440,305,305,0,0,0
106031,-0.217,0.140,0.023,0.138,-0.054,0.016,0.501,-0.525,-0.510,-0.462,-0.200,-0.001,0,7764,-25,21,35,16.440,305,305,0,0,0
106131,-0.234,0.143,0.033,0.353,-0.181,-0.066,0.507,-0.520,-0.515,-0.455,-0.200,-0.000,0,7450,-32,19,35,16.450,305,305,0,0,0
106231,-0.195,0.180,0.067,0.457,-0.178,-0.291,0.508,-0.513,-0.531,-0.444,-0.200,-0.001,0,5880,-33,16,35,16.450,305,305,0,0,0
106331,-0.141,0.164,-0.038,0.289,-0.170,-0.027,0.516,-0.496,-0.543,-0.439,-0.200,-0.001,0,7164,-30,25,35,16.450,305,305,0,0,0
106431,-0.167,0.205,-0.026,0.198,-0.168,0.066,0.516,-0.497,-0.551,-0.427,-0.200,-0.001,0,7823,-28,23,35,16.450,305,305,0,0,0
106531,-0.186,0.226,-0.023,0.161,-0.117,0.050,0.519,-0.495,-0.558,-0.418,-0.200,-0.002,0,7865,-26,24,35,16.450,305,305,0,0,0
106631,-0.178,0.233,-0.011,-0.031,-0.019,-0.132,0.518,-0.494,-0.560,-0.417,-0.200,-0.002,0,6857,-21,25,35,16.450,305,305,0,0,0
106731,-0.152,0.242,0.022,0.030,-0.048,0.021,0.516,-0.493,-0.564,-0.417,-0.200,-0.002,0,7575,-24,24,35,16.450,305,305,0,0,0
106831,-0.164,0.265,0.019,0.057,-0.006,-0.053,0.513,-0.495,-0.567,-0.412,-0.200,-0.002,0,7264,-23,21,35,16.440,305,305,0,0,0
106931,-0.120,0.265,0.001,0.157,0.052,-0.137,0.513,-0.490,-0.571,-0.413,-0.200,-0.002,0,6530,-25,19,35,16.440,305,305,0,0,0
107031,-0.092,0.243,-0.005,0.209,0.086,0.006,0.519,-0.480,-0.575,-0.413,-0.200,-0.001,0,7198,-25,19,35,16.440,305,305,0,0,0
107131,-0.094,0.248,0.041,0.202,-0.091,-0.067,0.522,-0.474,-0.580,-0.407,-0.200,-0.001,0,6805,-29,23,35,16.450,305,305,0,0,0
107231,-0.099,0.269,-0.048,0.156,-0.069,0.040,0.523,-0.472,-0.587,-0.399,-0.200,-0.001,0,7446,-26,23,35,16.450,305,305,0,0,0
107331,-0.100,0.269,-0.030,0.082,0.121,-0.052,0.526,-0.468,-0.590,-0.395,-0.200,-0.001,0,6947,-20,21,35,16.450,305,305,0,0,0
107431,-0.064,0.234,-0.003,0.150,0.202,-0.223,0.531,-0.460,-0.589,-0.400,-0.200,-0.001,0,5632,-23,16,35,16.450,305,305,0,0,0
107531,0.016,0.209,-0.036,0.130,0.118,-0.232,0.533,-0.447,-0.594,-0.405,-0.200,0.000,0,4914,-23,20,35,16.450,305,305,0,0,0
107631,0.102,0.182,-0.010,0.140,-0.094,-0.162,0.535,-0.435,-0.597,-0.411,-0.200,0.001,0,4725,-30,25,35,16.460,305,305,0,0,0
107731,0.128,0.186,0.004,0.221,0.143,-0.044,0.537,-0.426,-0.604,-0.406,-0.200,0.002,0,5409,-22,16,35,16.460,305,305,0,0,0
107831,0.139,0.180,0.021,0.313,-0.101,-0.070,0.543,-0.416,-0.610,-0.400,-0.200,0.002,0,5090,-31,21,35,16.470,305,305,0,0,0
107931,0.111,0.186,0.020,0.262,0.167,0.089,0.549,-0.412,-0.614,-0.391,-0.200,0.002,0,6382,-22,14,35,16.470,305,305,0,0,0
108031,0.106,0.173,0.002,0.059,0.008,0.039,0.554,-0.406,-0.615,-0.387,-0.200,0.001,0,6079,-22,24,35,16.450,305,305,0,0,0
108131,0.135,0.152,0.016,-0.349,0.243,0.152,0.554,-0.405,-0.612,-0.394,-0.200,0.002,0,6600,-6,26,35,16.450,305,305,0,0,0
108231,0.091,0.106,-0.066,-0.379,0.168,0.117,0.556,-0.414,-0.596,-0.405,-0.200,0.001,0,6656,-12,27,35,16.450,305,305,0,0,0
108331,0.065,0.081,-0.136,-0.501,-0.021,0.084,0.553,-0.425,-0.583,-0.417,-0.200,0.000,0,6622,-14,33,35,16.460,305,305,0,0,0
108432,0.091,0.094,-0.076,-0.547,0.216,-0.138,0.539,-0.439,-0.575,-0.432,-0.200,0.001,0,4869,-5,23,35,16.460,305,305,0,0,0
108531,0.141,0.018,-0.008,-0.449,-0.047,-0.106,0.536,-0.441,-0.557,-0.456,-0.200,0.001,0,4680,-20,32,35,16.450,305,305,0,0,0
108632,0.146,0.054,0.118,-0.721,-0.204,0.031,0.519,-0.459,-0.550,-0.466,-0.200,0.001,0,5668,-12,39,35,16.450,305,305,0,0,0
108731,0.149,0.043,0.192,-0.463,0.154,-0.114,0.505,-0.475,-0.534,-0.484,-0.200,0.001,0,4468,-12,21,35,16.450,305,305,0,0,0
108831,0.212,0.033,0.191,-0.331,-0.127,-0.142,0.494,-0.479,-0.528,-0.498,-0.200,0.002,0,3462,-20,29,35,16.450,305,305,0,0,0
108932,0.259,0.061,0.220,-0.233,-0.169,-0.039,0.481,-0.486,-0.528,-0.504,-0.200,0.003,0,3972,-21,28,35,16.450,305,305,0,0,0
109032,0.236,0.093,0.150,-0.177,-0.074,0.151,0.472,-0.498,-0.525,-0.504,-0.200,-0.000,0,5698,-19,24,35,16.430,305,305,0,0,0
109132,0.199,0.103,0.123,-0.153,-0.091,-0.003,0.470,-0.505,-0.520,-0.504,-0.200,0.000,0,4784,-21,26,35,16.430,305,305,0,0,0
109231,0.218,0.128,0.104,0.007,-0.158,0.011,0.464,-0.508,-0.523,-0.503,-0.200,0.000,0,4690,-26,25,35,16.430,305,305,0,0,0
109331,0.184,0.174,-0.016,-0.108,-0.300,0.071,0.459,-0.517,-0.526,-0.495,-0.200,0.001,0,5410,-26,33,35,16.450,305,305,0,0,0
109432,0.176,0.210,-0.122,0.076,-0.122,-0.040,0.455,-0.522,-0.529,-0.491,-0.200,0.001,0,4550,-27,23,35,16.450,305,305,0,0,0
109531,0.176,0.227,-0.109,0.131,0.067,0.026,0.455,-0.522,-0.533,-0.487,-0.200,0.002,0,5060,-23,19,34,16.450,305,305,0,0,0
109632,0.173,0.201,-0.057,0.213,0.262,-0.028,0.463,-0.514,-0.535,-0.485,-0.200,0.003,0,4603,-20,14,34,16.450,305,305,0,0,0
109732,0.179,0.164,-0.047,0.038,0.236,0.060,0.471,-0.505,-0.535,-0.487,-0.200,0.003,0,5227,-17,20,34,16.450,305,305,0,0,0
109832,0.185,0.152,0.002,-0.026,-0.090,-0.037,0.474,-0.501,-0.535,-0.487,-0.200,0.003,0,4331,-24,29,35,16.460,305,305,0,0,0
109932,0.179,0.143,-0.000,-0.054,0.170,0.027,0.475,-0.501,-0.533,-0.489,-0.200,0.003,0,4894,-16,20,35,16.460,305,305,0,0,0
110032,0.198,0.102,-0.035,-0.189,0.076,0.034,0.476,-0.498,-0.527,-0.497,-0.200,0.002,0,4770,-16,26,35,16.460,305,305,0,0,0
110132,0.207,0.072,0.005,-0.277,0.084,-0.043,0.475,-0.499,-0.519,-0.507,-0.200,-0.000,0,3929,-15,27,35,16.460,305,305,0,0,0
110232,0.229,0.070,-0.002,-0.514,0.000,-0.018,0.464,-0.507,-0.510,-0.517,-0.200,-0.001,0,3899,-11,32,35,16.450,305,305,0,0,0
110332,0.249,0.048,-0.008,-0.718,0.152,-0.149,0.449,-0.518,-0.493,-0.535,-0.200,-0.001,0,1592,-4,31,35,16.450,305,305,0,0,0
110432,0.309,-0.038,0.082,-0.593,0.443,-0.099,0.438,-0.518,-0.471,-0.564,-0.200,-0.003,0,944,-2,20,35,16.450,305,305,0,0,0
110532,0.314,-0.050,0.158,-0.909,-0.364,0.043,0.419,-0.532,-0.452,-0.581,-0.200,-0.003,0,3348,-14,48,35,16.450,305,305,0,0,0
110632,0.292,-0.049,0.224,-0.387,0.009,0.016,0.401,-0.548,-0.433,-0.592,-0.200,-0.003,0,3190,-17,22,35,16.450,305,305,0,0,0
110732,0.267,-0.005,0.198,-0.213,-0.331,0.114,0.391,-0.562,-0.428,-0.590,-0.200,-0.002,0,4440,-25,30,35,16.450,305,305,0,0,0
110832,0.225,0.033,0.147,-0.081,-0.228,-0.027,0.384,-0.574,-0.423,-0.587,-0.200,-0.001,0,3389,-25,25,35,16.450,305,305,0,0,0
110932,0.253,0.078,0.117,0.073,-0.157,-0.056,0.378,-0.578,-0.430,-0.581,-0.200,-0.000,0,2504,-25,22,35,16.450,305,305,0,0,0
111032,0.260,0.113,0.077,-0.040,-0.129,-0.014,0.374,-0.582,-0.435,-0.576,-0.200,0.000,0,2905,-22,27,35,16.440,305,305,0,0,0
111132,0.243,0.140,0.025,-0.054,-0.051,0.040,0.371,-0.589,-0.434,-0.572,-0.200,0.001,0,3694,-21,24,35,16.440,305,305,0,0,0
111232,0.228,0.154,-0.001,0.000,-0.143,0.029,0.370,-0.592,-0.434,-0.570,-0.200,0.001,0,3681,-25,27,35,16.440,305,305,0,0,0
111332,0.233,0.172,-0.050,-0.013,-0.060,-0.036,0.368,-0.594,-0.436,-0.567,-0.200,0.001,0,2740,-23,26,34,16.450,305,305,0,0,0
111432,0.252,0.174,-0.042,0.009,0.078,-0.051,0.366,-0.593,-0.437,-0.568,-0.200,0.001,0,2041,-20,21,34,16.450,305,305,0,0,0
111532,0.267,0.178,-0.029,0.017,-0.111,-0.048,0.365,-0.593,-0.439,-0.568,-0.200,0.001,0,1630,-26,27,35,16.450,305,305,0,0,0
111632,0.280,0.203,-0.021,0.039,-0.146,-0.008,0.361,-0.596,-0.443,-0.565,-0.200,0.002,0,2050,-27,27,35,16.450,305,305,0,0,0
111732,0.285,0.219,-0.023,0.069,0.096,-0.031,0.360,-0.597,-0.445,-0.562,-0.200,0.002,0,1168,-21,20,35,16.450,305,305,0,0,0
111832,0.283,0.197,-0.028,0.000,0.038,0.039,0.363,-0.594,-0.444,-0.565,-0.200,0.002,0,2554,-23,25,35,16.450,305,305,0,0,0
111932,0.276,0.209,0.001,0.066,-0.011,-0.011,0.363,-0.594,-0.446,-0.562,-0.200,0.002,0,1596,-24,24,35,16.450,305,305,0,0,0
112032,0.284,0.189,-0.027,0.022,0.064,0.000,0.367,-0.590,-0.446,-0.564,-0.200,0.002,0,1486,-22,24,34,16.440,305,305,0,0,0
112132,0.279,0.190,-0.005,0.041,0.014,-0.001,0.368,-0.590,-0.447,-0.563,-0.200,0.002,0,1385,-23,24,34,16.440,305,305,0,0,0
112232,0.279,0.187,0.006,0.009,0.040,0.018,0.369,-0.588,-0.448,-0.563,-0.200,0.002,0,1710,-22,25,34,16.440,305,305,0,0,0
112332,0.267,0.181,0.013,-0.007,0.006,-0.013,0.371,-0.588,-0.446,-0.563,-0.200,0.001,0,931,-23,26,35,16.440,305,305,0,0,0
112432,0.265,0.180,0.008,-0.011,-0.038,0.013,0.371,-0.588,-0.446,-0.564,-0.200,0.001,0,1614,-24,26,35,16.440,305,305,0,0,0
112532,0.255,0.185,0.055,0.000,-0.029,-0.001,0.371,-0.590,-0.445,-0.563,-0.200,0.002,0,1338,-24,26,35,16.450,305,305,0,0,0
112632,0.255,0.197,0.043,-0.010,-0.077,0.007,0.369,-0.592,-0.446,-0.561,-0.200,0.002,0,1383,-25,27,35,16.450,305,305,0,0,0
112732,0.247,0.209,-0.027,-0.010,0.014,0.031,0.368,-0.594,-0.447,-0.559,-0.200,0.002,0,2008,-23,25,35,16.450,305,305,0,0,0
112832,0.235,0.202,-0.023,0.046,0.064,0.017,0.371,-0.593,-0.446,-0.559,-0.200,0.002,0,1833,-23,23,35,16.440,305,305,0,0,0
112932,0.235,0.199,0.016,0.048,0.052,0.000,0.373,-0.591,-0.447,-0.558,-0.200,0.002,0,1254,-23,24,35,16.440,305,305,0,0,0
113031,0.232,0.195,0.032,0.018,-0.054,0.012,0.374,-0.590,-0.448,-0.558,-0.200,0.002,0,1518,-25,27,35,16.440,305,305,0,0,0
113132,0.230,0.203,-0.014,-0.002,0.019,-0.079,0.373,-0.591,-0.448,-0.557,-0.200,0.002,2300,0,-23,25,34,16.430,305,305,0,0,0
113232,0.242,0.205,-0.009,-0.057,0.036,0.040,0.371,-0.592,-0.448,-0.558,-0.200,0.002,0,1650,-21,26,34,16.430,305,305,0,0,0
113332,0.238,0.188,-0.002,-0.008,0.066,0.079,0.373,-0.590,-0.446,-0.560,-0.200,0.002,0,2387,-22,25,35,16.430,305,305,0,0,0
113432,0.194,0.159,-0.042,0.163,0.268,0.149,0.382,-0.587,-0.442,-0.561,-0.200,0.001,0,3827,-21,15,35,16.430,305,305,0,0,0
113532,0.132,0.104,-0.009,0.512,0.318,0.049,0.400,-0.576,-0.441,-0.560,-0.200,0.000,0,3430,-27,7,35,16.430,305,305,0,0,0
113632,0.108,0.042,0.027,0.471,0.223,0.031,0.421,-0.558,-0.446,-0.558,-0.200,-0.000,0,3446,-27,13,35,16.450,305,305,0,0,0
113732,0.139,0.048,0.055,0.280,-0.096,-0.108,0.430,-0.548,-0.459,-0.551,-0.200,-0.000,1444,0,-27,24,35,16.450,305,305,0,0,0
113832,0.153,0.005,0.124,0.263,0.300,0.038,0.440,-0.536,-0.462,-0.552,-0.200,-0.001,0,2832,-18,12,35,16.450,305,305,0,0,0
113932,0.152,0.012,0.119,0.246,-0.098,-0.017,0.446,-0.532,-0.469,-0.546,-0.200,-0.000,0,1937,-27,21,35,16.450,305,305,0,0,0
114032,0.154,0.021,0.074,0.238,-0.116,0.004,0.452,-0.527,-0.478,-0.539,-0.200,-0.000,0,2165,-27,23,35,16.450,305,305,0,0,0
114132,0.139,0.053,0.067,0.197,-0.110,0.069,0.455,-0.527,-0.486,-0.529,-0.200,-0.000,0,3290,-26,22,35,16.450,305,305,0,0,0
114232,0.100,0.063,0.069,0.139,-0.097,0.109,0.460,-0.527,-0.488,-0.522,-0.200,0.000,0,4135,-26,24,35,16.450,305,305,0,0,0
114332,0.044,0.104,0.025,0.004,-0.253,0.113,0.460,-0.534,-0.490,-0.512,-0.200,0.000,0,4698,-27,29,35,16.450,305,305,0,0,0
114432,0.024,0.147,0.017,0.017,-0.172,0.013,0.456,-0.540,-0.495,-0.505,-0.200,0.000,0,3957,-26,27,35,16.450,305,305,0,0,0
114532,0.008,0.168,0.018,0.148,0.048,0.043,0.456,-0.543,-0.498,-0.500,-0.200,0.000,0,4401,-24,18,35,16.450,305,305,0,0,0
114632,-0.034,0.126,-0.020,0.163,0.198,0.101,0.468,-0.537,-0.493,-0.500,-0.200,-0.000,0,5250,-22,17,35,16.440,305,305,0,0,0
114732,-0.063,0.101,0.023,-0.052,-0.027,-0.036,0.474,-0.534,-0.490,-0.500,-0.200,-0.001,0,4383,-23,29,35,16.440,305,305,0,0,0
114832,-0.039,0.129,0.120,-0.170,-0.073,-0.107,0.465,-0.540,-0.491,-0.502,-0.200,-0.000,0,3407,-21,28,35,16.440,305,305,0,0,0
114932,0.020,0.141,0.148,-0.038,-0.127,-0.133,0.458,-0.540,-0.494,-0.505,-0.200,0.000,0,2120,-26,27,35,16.450,305,305,0,0,0
115032,0.049,0.150,0.114,0.000,0.021,-0.046,0.455,-0.539,-0.497,-0.506,-0.200,0.000,0,2990,-22,24,35,16.450,305,305,0,0,0
115132,0.054,0.157,0.051,-0.020,-0.041,0.000,0.453,-0.540,-0.497,-0.505,-0.200,0.000,0,3476,-24,26,35,16.430,305,305,0,0,0
115232,0.069,0.164,0.041,-0.061,-0.052,-0.069,0.449,-0.542,-0.497,-0.507,-0.200,0.001,0,2272,-24,27,35,16.430,305,305,0,0,0
115332,0.096,0.170,0.081,-0.012,0.001,-0.043,0.446,-0.542,-0.499,-0.508,-0.200,0.001,0,2179,-24,25,35,16.430,305,305,0,0,0
115432,0.098,0.174,0.053,-0.040,-0.052,0.027,0.445,-0.543,-0.499,-0.509,-0.200,0.001,0,3170,-25,27,35,16.430,305,305,0,0,0
115532,0.083,0.178,0.019,-0.064,0.000,0.021,0.444,-0.546,-0.497,-0.509,-0.200,0.001,0,3269,-23,26,35,16.430,305,305,0,0,0
115632,0.095,0.171,0.032,-0.036,0.010,-0.061,0.442,-0.545,-0.495,-0.511,-0.200,0.001,0,1554,-24,27,35,16.440,305,305,0,0,0
115732,0.123,0.171,0.071,-0.070,-0.020,-0.076,0.438,-0.546,-0.495,-0.515,-0.200,0.001,903,0,-24,27,35,16.440,305,305,0,0,0
115832,0.139,0.175,0.091,-0.074,-0.062,-0.006,0.435,-0.547,-0.494,-0.517,-0.200,0.001,0,1766,-25,28,35,16.440,305,305,0,0,0
115933,0.120,0.196,0.070,-0.072,-0.083,0.103,0.432,-0.553,-0.493,-0.514,-0.200,0.001,0,3631,-24,28,35,16.430,305,305,0,0,0
116032,0.104,0.208,0.060,-0.024,-0.103,0.012,0.431,-0.556,-0.493,-0.512,-0.200,0.001,0,2558,-26,29,35,16.430,305,305,0,0,0
116132,0.104,0.215,0.055,0.007,0.011,-0.004,0.430,-0.557,-0.493,-0.512,-0.200,0.001,0,2345,-24,25,35,16.430,305,305,0,0,0
116232,0.102,0.213,0.027,-0.023,0.006,0.019,0.430,-0.557,-0.493,-0.512,-0.200,0.001,0,2705,-24,27,35,16.440,305,305,0,0,0
116332,0.110,0.213,0.014,-0.024,-0.011,-0.027,0.429,-0.557,-0.493,-0.512,-0.200,0.001,0,1680,-24,28,35,16.440,305,305,0,0,0
116432,0.101,0.211,0.016,0.044,0.027,0.042,0.430,-0.557,-0.492,-0.513,-0.200,0.001,0,2970,-26,24,35,16.440,305,305,0,0,0
116532,0.080,0.207,0.061,0.034,0.003,0.023,0.432,-0.557,-0.491,-0.511,-0.200,0.001,0,2988,-26,26,35,16.440,305,305,0,0,0
116632,0.078,0.211,0.094,0.019,-0.077,0.017,0.432,-0.558,-0.492,-0.510,-0.200,0.001,0,2903,-27,28,35,16.440,305,305,0,0,0
116732,0.064,0.224,0.073,-0.008,-0.029,0.016,0.432,-0.560,-0.492,-0.508,-0.200,0.001,0,3071,-25,27,35,16.450,305,305,0,0,0
116832,0.061,0.232,0.042,0.011,-0.018,0.043,0.431,-0.561,-0.493,-0.506,-0.200,0.001,0,3354,-25,26,35,16.450,305,305,0,0,0
116932,0.062,0.232,0.030,0.004,-0.028,-0.010,0.432,-0.560,-0.494,-0.505,-0.200,0.001,0,2696,-26,28,35,16.450,305,305,0,0,0
117033,0.062,0.231,0.032,0.061,-0.051,-0.017,0.433,-0.559,-0.495,-0.505,-0.200,0.001,0,2565,-28,27,35,16.450,305,305,0,0,0
117132,0.075,0.222,0.029,0.006,0.107,-0.052,0.434,-0.557,-0.496,-0.506,-0.200,0.001,0,1576,-22,25,35,16.450,305,305,0,0,0
117232,0.083,0.221,0.042,-0.009,-0.019,0.000,0.433,-0.556,-0.496,-0.507,-0.200,0.001,0,2338,-25,27,35,16.440,305,305,0,0,0
117332,0.073,0.212,0.040,-0.034,0.036,0.067,0.435,-0.556,-0.494,-0.508,-0.200,0.001,0,3449,-24,27,35,16.440,305,305,0,0,0
117432,0.067,0.210,0.037,-0.040,0.021,-0.030,0.435,-0.557,-0.492,-0.508,-0.200,0.001,0,2134,-24,27,35,16.440,305,305,0,0,0
117532,0.085,0.205,0.045,-0.066,-0.004,-0.056,0.433,-0.556,-0.492,-0.511,-0.200,0.001,0,903,-24,28,35,16.450,305,305,0,0,0
117632,0.120,0.198,0.057,-0.059,0.099,-0.072,0.430,-0.555,-0.492,-0.515,-0.200,0.001,1913,0,-22,25,35,16.450,305,305,0,0,0
117731,0.131,0.192,0.087,0.041,-0.028,0.017,0.429,-0.554,-0.491,-0.517,-0.200,0.001,0,1490,-28,26,35,16.450,305,305,0,0,0
117832,0.107,0.200,0.073,0.054,-0.001,0.074,0.431,-0.555,-0.492,-0.514,-0.200,0.001,0,2945,-26,25,35,16.440,305,305,0,0,0
117932,0.079,0.201,0.060,0.053,-0.068,0.048,0.434,-0.556,-0.491,-0.511,-0.200,0.001,0,2949,-28,28,35,16.440,305,305,0,0,0
118032,0.080,0.201,0.045,0.000,0.044,-0.021,0.435,-0.555,-0.493,-0.510,-0.200,0.001,0,1729,-23,26,35,16.440,305,305,0,0,0
118132,0.092,0.198,0.035,-0.019,0.034,-0.058,0.434,-0.554,-0.492,-0.512,-0.200,0.001,1066,0,-24,26,35,16.460,305,305,0,0,0
118232,0.095,0.192,0.064,-0.002,0.044,0.041,0.435,-0.553,-0.492,-0.513,-0.200,0.001,0,2506,-24,26,35,16.460,305,305,0,0,0
118332,0.083,0.200,0.064,0.020,-0.062,0.019,0.435,-0.555,-0.492,-0.511,-0.200,0.001,0,2315,-27,28,35,16.440,305,305,0,0,0
118432,0.082,0.201,0.050,-0.020,-0.003,-0.020,0.435,-0.555,-0.492,-0.511,-0.200,0.001,0,1470,-25,28,35,16.440,305,305,0,0,0
118532,0.087,0.202,0.059,-0.007,-0.021,0.004,0.434,-0.555,-0.492,-0.511,-0.200,0.001,0,1879,-26,28,35,16.440,305,305,0,0,0
118633,0.086,0.204,0.049,-0.008,0.001,0.016,0.434,-0.555,-0.493,-0.511,-0.200,0.001,0,2081,-25,27,35,16.460,305,305,0,0,0
118732,0.085,0.208,0.068,-0.021,-0.011,0.006,0.433,-0.556,-0.492,-0.511,-0.200,0.001,0,1851,-25,28,35,16.460,305,305,0,0,0
118832,0.077,0.215,0.027,-0.017,-0.052,0.013,0.432,-0.558,-0.492,-0.510,-0.200,0.001,0,2133,-27,29,35,16.460,305,305,0,0,0
118932,0.082,0.214,0.049,-0.086,0.101,-0.004,0.432,-0.558,-0.492,-0.510,-0.200,0.001,0,1221,-21,28,35,16.450,305,305,0,0,0
119032,0.116,0.216,0.114,-0.084,-0.109,-0.141,0.427,-0.559,-0.492,-0.514,-0.200,0.001,3381,0,-28,32,35,16.450,305,305,0,0,0
119133,0.153,0.231,0.078,-0.088,-0.091,-0.037,0.420,-0.561,-0.493,-0.516,-0.200,0.002,2549,0,-27,31,35,16.450,305,305,0,0,0
119233,0.143,0.239,-0.015,-0.083,0.048,0.047,0.418,-0.564,-0.491,-0.516,-0.200,0.002,0,870,-23,27,35,16.460,305,305,0,0,0
119332,0.157,0.235,0.037,0.030,0.049,-0.060,0.417,-0.563,-0.491,-0.518,-0.200,0.002,2874,0,-25,24,35,16.460,305,305,0,0,0
119432,0.148,0.228,0.077,0.016,-0.074,0.060,0.419,-0.562,-0.491,-0.518,-0.200,0.002,0,910,-29,31,35,16.440,305,305,0,0,0
119531,0.120,0.236,0.058,0.069,-0.014,0.050,0.420,-0.564,-0.491,-0.514,-0.200,0.001,0,1459,-28,27,35,16.440,305,305,0,0,0
119632,0.100,0.238,0.028,0.059,-0.034,0.029,0.423,-0.564,-0.491,-0.512,-0.200,0.001,0,1391,-29,28,35,16.440,305,305,0,0,0
119733,0.083,0.237,0.022,0.000,0.039,0.009,0.425,-0.565,-0.490,-0.510,-0.200,0.001,0,1063,-26,28,35,16.440,305,305,0,0,0
119833,0.086,0.235,0.011,-0.008,0.067,-0.001,0.425,-0.564,-0.490,-0.511,-0.200,0.001,0,597,-25,27,35,16.440,305,305,0,0,0
119932,0.070,0.232,0.030,-0.057,-0.049,0.043,0.425,-0.566,-0.487,-0.512,-0.200,0.001,0,2252,-27,31,35,16.440,305,305,0,0,0
120033,0.078,0.227,0.063,-0.036,0.093,-0.047,0.424,-0.566,-0.487,-0.513,-0.200,0.001,1703,0,-23,27,35,16.430,305,305,0,0,0
120131,0.092,0.216,0.038,-0.118,0.022,0.067,0.423,-0.565,-0.485,-0.516,-0.200,0.001,0,2177,-24,31,35,16.430,305,305,0,0,0
120232,0.060,0.223,0.005,-0.024,0.051,0.072,0.422,-0.570,-0.480,-0.516,-0.200,0.001,0,2793,-26,25,35,16.440,305,305,0,0,0
120333,0.080,0.197,0.061,0.023,0.038,-0.106,0.424,-0.565,-0.480,-0.521,-0.200,0.001,2872,0,-27,28,35,16.440,305,305,0,0,0
120433,0.102,0.192,0.099,0.000,0.016,-0.010,0.423,-0.563,-0.481,-0.522,-0.200,0.001,1617,0,-26,28,35,16.440,305,305,0,0,0
120533,0.090,0.211,0.108,-0.020,-0.092,0.033,0.422,-0.566,-0.482,-0.519,-0.200,0.001,0,1276,-28,30,35,16.430,305,305,0,0,0
120633,0.081,0.219,0.066,0.058,-0.030,0.024,0.422,-0.567,-0.483,-0.517,-0.200,0.001,0,1236,-28,27,35,16.430,305,305,0,0,0
120731,0.067,0.215,0.011,0.063,0.032,0.012,0.425,-0.566,-0.483,-0.516,-0.200,0.001,0,1253,-27,27,35,16.430,305,305,0,0,0
120832,0.063,0.212,0.005,0.111,-0.006,0.048,0.427,-0.564,-0.484,-0.514,-0.200,0.001,0,2160,-29,26,35,16.430,305,305,0,0,0
120932,0.039,0.226,0.037,0.133,-0.027,0.012,0.430,-0.565,-0.487,-0.509,-0.200,0.001,0,1943,-29,26,35,16.430,305,305,0,0,0
121031,0.032,0.221,0.050,0.030,0.008,-0.026,0.432,-0.563,-0.488,-0.508,-0.200,0.000,0,1100,-27,29,35,16.450,305,305,0,0,0
121133,0.036,0.211,0.015,-0.056,0.066,0.029,0.433,-0.562,-0.486,-0.510,-0.200,0.000,0,2281,-24,29,35,16.450,305,305,0,0,0
121231,0.032,0.204,-0.025,-0.054,0.058,-0.041,0.433,-0.563,-0.484,-0.512,-0.200,0.000,420,0,-25,29,35,16.450,305,305,0,0,0
121332,0.038,0.187,0.038,0.114,0.057,-0.027,0.434,-0.560,-0.482,-0.515,-0.200,0.000,0,621,-30,24,35,16.450,305,305,0,0,0
121432,0.032,0.182,0.049,0.097,0.008,0.043,0.438,-0.558,-0.484,-0.512,-0.200,0.000,0,2532,-28,27,35,16.450,305,305,0,0,0
121532,0.027,0.178,0.018,0.076,-0.033,-0.004,0.440,-0.556,-0.485,-0.512,-0.200,0.000,0,1703,-29,28,35,16.450,305,305,0,0,0
121632,-0.013,0.174,-0.020,0.138,0.049,0.212,0.447,-0.555,-0.486,-0.507,-0.200,-0.000,0,4855,-28,24,35,16.450,305,305,0,0,0
121732,-0.092,0.163,-0.033,0.106,0.020,0.208,0.456,-0.555,-0.483,-0.501,-0.200,-0.001,0,5483,-28,27,35,16.450,305,305,0,0,0
121832,-0.157,0.149,0.003,0.136,0.099,0.163,0.466,-0.553,-0.481,-0.495,-0.200,-0.002,0,5684,-26,24,35,16.460,305,305,0,0,0
121932,-0.198,0.139,0.018,0.298,0.106,-0.010,0.476,-0.549,-0.483,-0.489,-0.200,-0.003,0,4721,-29,19,35,16.460,305,305,0,0,0
122032,-0.197,0.110,-0.032,0.269,0.162,-0.078,0.486,-0.538,-0.487,-0.486,-0.200,-0.003,0,4139,-26,20,35,16.460,305,305,0,0,0
122132,-0.169,0.084,-0.049,0.142,0.177,-0.038,0.491,-0.530,-0.490,-0.487,-0.200,-0.002,0,4276,-23,21,35,16.450,305,305,0,0,0
122232,-0.213,-0.011,-0.059,-0.112,0.634,0.316,0.504,-0.522,-0.474,-0.498,-0.200,-0.001,0,7117,-7,16,35,16.450,305,305,0,0,0
122332,-0.288,-0.069,-0.044,-0.148,-0.019,0.100,0.512,-0.522,-0.459,-0.505,-0.200,-0.001,0,6356,-25,33,35,16.450,305,305,0,0,0
122432,-0.336,-0.021,0.097,-0.299,-0.153,0.143,0.504,-0.536,-0.455,-0.502,-0.200,-0.003,0,6968,-21,33,35,16.440,305,305,0,0,0
122532,-0.327,-0.039,0.111,0.092,0.164,-0.214,0.501,-0.538,-0.448,-0.509,-0.200,-0.002,0,4459,-24,15,35,16.440,305,305,0,0,0
122632,-0.282,-0.065,0.072,-0.077,0.034,-0.021,0.500,-0.532,-0.447,-0.516,-0.200,-0.001,0,5867,-23,27,35,16.440,305,305,0,0,0
122731,-0.293,-0.056,0.008,0.067,-0.124,-0.109,0.499,-0.535,-0.447,-0.515,-0.200,-0.001,0,5141,-29,26,35,16.440,305,305,0,0,0
122832,-0.253,-0.051,0.036,-0.078,0.139,-0.130,0.494,-0.535,-0.449,-0.518,-0.200,-0.001,0,4675,-16,22,35,16.440,305,305,0,0,0
122932,-0.163,-0.059,0.023,0.086,0.019,-0.244,0.489,-0.528,-0.454,-0.525,-0.200,-0.000,0,2352,-24,22,35,16.440,305,305,0,0,0
123032,-0.103,-0.058,0.032,0.201,-0.104,-0.129,0.487,-0.523,-0.460,-0.527,-0.200,0.000,0,3145,-30,23,35,16.440,305,305,0,0,0
123132,-0.062,-0.032,-0.055,0.264,-0.169,-0.090,0.486,-0.520,-0.471,-0.521,-0.200,0.000,0,3103,-32,23,35,16.430,305,305,0,0,0
123232,-0.072,-0.008,-0.193,0.291,-0.019,0.067,0.492,-0.517,-0.481,-0.510,-0.200,-0.000,0,4811,-27,20,35,16.430,305,305,0,0,0
123332,-0.100,-0.011,-0.303,0.130,-0.019,0.117,0.498,-0.514,-0.483,-0.505,-0.200,-0.000,0,5451,-25,24,35,16.430,305,305,0,0,0
123432,-0.091,-0.019,-0.279,0.090,0.064,-0.022,0.502,-0.509,-0.486,-0.502,-0.200,-0.000,0,4255,-22,23,35,16.420,305,305,0,0,0
123532,-0.105,-0.014,-0.281,-0.210,-0.159,0.004,0.499,-0.514,-0.482,-0.504,-0.200,-0.000,0,4647,-23,35,35,16.420,305,305,0,0,0
123632,-0.115,0.075,-0.403,-0.128,-0.511,0.014,0.484,-0.530,-0.488,-0.497,-0.200,-0.001,0,4847,-34,38,35,16.420,305,305,0,0,0
123732,-0.118,0.137,-0.512,0.042,-0.132,-0.017,0.476,-0.538,-0.494,-0.489,-0.200,-0.001,0,4633,-27,25,35,16.430,305,305,0,0,0
123832,-0.116,0.140,-0.524,-0.082,0.019,-0.024,0.476,-0.538,-0.495,-0.488,-0.200,-0.001,0,4574,-22,29,35,16.430,305,305,0,0,0
123932,-0.095,0.136,-0.375,-0.101,0.123,-0.108,0.473,-0.539,-0.493,-0.493,-0.200,-0.001,0,3560,-21,25,35,16.440,305,305,0,0,0
124032,-0.061,0.120,-0.017,-0.029,0.024,-0.094,0.469,-0.538,-0.490,-0.500,-0.200,-0.001,0,3320,-27,27,35,16.440,305,305,0,0,0
124132,-0.015,0.134,0.357,0.086,-0.123,-0.219,0.464,-0.538,-0.494,-0.501,-0.200,-0.000,1661,0,-32,27,35,16.440,305,305,0,0,0
124232,0.017,0.169,0.550,0.041,-0.267,-0.024,0.458,-0.540,-0.500,-0.498,-0.200,0.000,0,3179,-34,32,35,16.440,305,305,0,0,0
124332,-0.013,0.170,0.718,-0.051,0.162,0.030,0.458,-0.543,-0.498,-0.497,-0.200,-0.000,0,4122,-20,24,35,16.440,305,305,0,0,0
124432,-0.017,0.121,0.767,-0.039,0.428,0.000,0.463,-0.539,-0.489,-0.506,-0.200,-0.000,0,3859,-16,17,35,16.440,305,305,0,0,0
124532,-0.026,0.069,0.730,-0.144,-0.048,0.026,0.467,-0.536,-0.480,-0.514,-0.200,-0.000,0,4222,-27,35,35,16.430,305,305,0,0,0
124632,-0.016,0.107,0.499,-0.084,-0.156,-0.031,0.458,-0.543,-0.481,-0.513,-0.200,-0.000,0,3535,-28,30,35,16.430,305,305,0,0,0
124732,-0.016,0.117,0.250,-0.112,-0.018,0.084,0.455,-0.546,-0.481,-0.513,-0.200,-0.000,0,4662,-24,30,35,16.430,305,305,0,0,0
124832,-0.048,0.120,0.182,0.110,0.027,0.019,0.457,-0.548,-0.479,-0.511,-0.200,-0.000,0,4389,-28,23,35,16.450,305,305,0,0,0
124932,-0.025,0.118,0.156,0.102,-0.042,-0.133,0.459,-0.544,-0.483,-0.510,-0.200,-0.000,0,2298,-29,27,35,16.450,305,305,0,0,0
125031,0.028,0.121,0.169,0.040,0.068,-0.147,0.456,-0.540,-0.488,-0.512,-0.200,0.000,586,0,-24,25,35,16.450,305,305,0,0,0
125132,0.044,0.122,0.091,0.012,-0.119,0.079,0.456,-0.539,-0.490,-0.512,-0.200,0.000,0,4036,-30,31,35,16.450,305,305,0,0,0
125232,0.007,0.137,0.045,-0.002,0.053,-0.002,0.456,-0.543,-0.489,-0.508,-0.200,0.000,0,3583,-24,25,35,16.450,305,305,0,0,0
125332,0.061,0.110,0.146,0.016,0.048,-0.184,0.456,-0.536,-0.490,-0.514,-0.200,0.000,2525,0,-26,27,35,16.440,305,305,0,0,0
125431,0.104,0.119,0.202,-0.156,-0.187,0.057,0.450,-0.536,-0.492,-0.517,-0.200,0.000,0,3023,-28,37,35,16.440,305,305,0,0,0
125532,0.056,0.178,0.124,-0.207,-0.284,0.154,0.441,-0.552,-0.490,-0.511,-0.200,0.001,0,4577,-29,37,35,16.440,305,305,0,0,0
125632,0.017,0.191,0.145,-0.063,0.002,0.073,0.439,-0.559,-0.485,-0.509,-0.200,0.000,0,4213,-26,28,35,16.440,305,305,0,0,0
125732,-0.004,0.211,0.073,-0.078,-0.199,0.014,0.436,-0.565,-0.484,-0.508,-0.200,-0.000,0,3845,-31,35,35,16.440,305,305,0,0,0
125832,-0.006,0.222,0.014,-0.090,0.032,-0.026,0.432,-0.569,-0.482,-0.508,-0.200,-0.000,0,3436,-25,29,35,16.430,305,305,0,0,0
125932,0.032,0.209,0.055,-0.012,0.026,-0.090,0.430,-0.566,-0.482,-0.513,-0.200,0.000,0,1869,-28,28,35,16.430,305,305,0,0,0
126032,0.049,0.219,0.101,0.026,-0.206,0.033,0.427,-0.566,-0.484,-0.513,-0.200,0.001,0,3438,-34,34,35,16.430,305,305,0,0,0
126132,0.021,0.232,0.081,0.000,0.003,0.099,0.428,-0.569,-0.484,-0.508,-0.200,0.000,0,4397,-27,29,35,16.440,305,305,0,0,0
126232,-0.015,0.234,0.019,0.029,0.052,0.039,0.430,-0.572,-0.481,-0.507,-0.200,-0.000,0,4196,-28,27,35,16.440,305,305,0,0,0
126332,-0.022,0.196,0.032,-0.080,0.233,0.019,0.435,-0.567,-0.477,-0.512,-0.200,-0.000,0,4072,-20,27,35,16.450,305,305,0,0,0
126432,-0.003,0.186,0.092,-0.054,-0.133,-0.081,0.433,-0.567,-0.475,-0.516,-0.200,-0.000,0,2652,-32,34,35,16.450,305,305,0,0,0
126532,0.013,0.203,0.106,-0.018,-0.087,-0.011,0.429,-0.568,-0.477,-0.515,-0.200,0.000,0,3349,-30,32,35,16.450,305,305,0,0,0
126632,-0.002,0.214,0.055,-0.036,0.009,0.092,0.428,-0.571,-0.477,-0.513,-0.200,-0.000,0,4559,-26,29,35,16.450,305,305,0,0,0
126732,-0.024,0.209,0.077,-0.039,0.053,0.011,0.430,-0.572,-0.474,-0.513,-0.200,-0.000,0,4029,-26,30,35,16.450,305,305,0,0,0
126832,-0.002,0.210,-0.102,0.002,-0.019,-0.112,0.428,-0.571,-0.475,-0.514,-0.200,-0.000,0,2136,-29,30,35,16.450,305,305,0,0,0
126932,0.031,0.221,-0.038,-0.018,-0.083,-0.059,0.424,-0.571,-0.479,-0.515,-0.200,0.000,0,2438,-30,32,35,16.420,1157,2566,60,119,0
127032,0.038,0.223,-0.005,0.027,0.058,-0.003,0.423,-0.571,-0.479,-0.515,-0.200,0.000,0,3122,-27,27,35,16.420,1157,2566,60,119,0
127132,0.033,0.219,0.027,0.041,0.012,0.013,0.425,-0.571,-0.479,-0.515,-0.200,0.000,0,3424,-29,29,35,16.450,600,3246,60,180,0
127232,0.030,0.218,0.058,0.067,-0.053,-0.018,0.426,-0.569,-0.480,-0.514,-0.200,0.000,0,3010,-32,30,35,16.450,600,3246,60,180,0
127332,0.029,0.222,0.085,0.051,-0.001,-0.022,0.427,-0.569,-0.481,-0.512,0.000,0.000,0,2958,-29,29,35,16.450,600,3246,60,180,0
127432,0.043,0.224,0.049,0.013,-0.003,-0.032,0.427,-0.568,-0.483,-0.512,0.000,0.001,0,2593,-28,30,35,16.440,422,2500,60,121,0
127532,0.056,0.227,0.010,-0.032,-0.014,-0.052,0.426,-0.567,-0.485,-0.512,0.000,0.001,0,1967,-28,32,35,16.440,422,2500,60,121,0
127632,0.082,0.216,0.019,0.028,0.084,-0.057,0.425,-0.564,-0.485,-0.515,0.000,0.001,0,1101,-28,27,35,16.440,422,2500,60,121,0
127732,0.105,0.209,0.029,0.047,0.008,-0.067,0.425,-0.561,-0.487,-0.517,0.000,0.001,1321,0,-30,29,35,16.440,391,1206,60,60,0
127832,0.107,0.205,-0.015,-0.038,0.053,0.041,0.425,-0.561,-0.486,-0.518,0.000,0.001,0,2536,-26,30,35,16.440,391,1206,60,60,0
127931,0.081,0.195,0.009,-0.018,0.052,0.119,0.427,-0.562,-0.482,-0.519,0.000,0.001,0,3830,-28,29,35,16.440,391,1206,60,60,0
128032,0.043,0.198,-0.030,0.031,-0.001,0.092,0.430,-0.564,-0.481,-0.516,0.000,0.000,0,3956,-29,29,35,16.420,795,4139,60,60,0
128131,0.000,0.175,-0.022,-0.064,0.198,0.121,0.435,-0.564,-0.475,-0.517,0.000,0.000,0,4645,-22,27,35,16.420,795,4139,60,60,0
128232,-0.038,0.141,0.022,-0.017,0.128,0.064,0.439,-0.564,-0.466,-0.521,0.000,-0.000,0,4515,-27,27,35,16.420,497,4770,60,188,0
128332,-0.056,0.151,0.027,0.067,-0.118,-0.001,0.440,-0.566,-0.467,-0.518,0.000,-0.001,0,4095,-33,31,35,16.420,497,4770,60,188,0
128431,-0.045,0.145,-0.007,-0.016,0.177,-0.034,0.441,-0.563,-0.468,-0.519,0.000,-0.000,0,3636,-22,25,35,16.420,497,4770,60,188,0
128531,-0.048,0.111,0.002,-0.002,0.139,0.044,0.445,-0.560,-0.463,-0.524,0.000,-0.000,0,4465,-25,26,35,16.420,399,3869,60,181,0
128631,-0.072,0.105,-0.002,0.032,0.002,0.101,0.448,-0.559,-0.462,-0.522,0.000,-0.001,0,5159,-28,29,35,16.420,399,3869,60,181,0
128731,-0.099,0.090,0.038,0.079,0.176,0.036,0.453,-0.557,-0.460,-0.522,0.000,-0.001,0,4886,-24,23,35,16.430,389,4990,60,188,0
128831,-0.087,0.020,0.060,0.123,0.451,-0.074,0.463,-0.545,-0.456,-0.530,0.000,-0.000,0,3772,-19,15,35,16.430,389,4990,60,188,0
128931,-0.050,-0.072,0.035,0.117,0.463,-0.100,0.474,-0.528,-0.450,-0.542,0.024,0.000,0,3049,-18,16,35,16.430,389,4990,60,188,0
129031,-0.046,-0.157,0.063,-0.013,0.413,0.040,0.484,-0.515,-0.442,-0.552,0.118,0.000,0,4587,-15,19,35,16.410,391,3623,60,321,0
129131,-0.048,-0.229,0.045,0.002,0.329,-0.023,0.493,-0.505,-0.433,-0.560,0.231,0.001,0,4292,-17,19,35,16.410,391,3623,60,321,0
129231,-0.011,-0.287,0.057,0.019,0.339,-0.111,0.497,-0.494,-0.429,-0.569,0.239,0.000,501,3270,-15,16,35,16.410,391,3623,60,321,0
129331,0.032,-0.341,-0.585,0.198,0.193,-0.167,0.501,-0.484,-0.426,-0.578,0.235,-0.001,3281,2220,-24,14,35,16.450,576,3026,60,353,0
129431,0.050,-0.353,-0.631,0.000,0.020,-0.023,0.501,-0.481,-0.426,-0.580,0.282,-0.001,1874,4172,-20,22,35,16.450,576,3026,60,353,0
129531,0.033,-0.334,-1.083,-0.032,-0.242,0.022,0.500,-0.485,-0.427,-0.577,0.447,-0.001,1632,5156,-25,29,35,16.420,1174,4681,295,244,0
129631,0.036,-0.284,-0.828,-0.047,-0.161,0.051,0.496,-0.491,-0.434,-0.570,0.467,-0.001,2306,5766,-21,26,35,16.420,1174,4681,295,244,0
129731,0.023,-0.270,-0.679,-0.054,-0.103,0.086,0.494,-0.494,-0.434,-0.569,0.490,-0.000,2514,6464,-22,25,35,16.420,1174,4681,295,244,0
129831,-0.007,-0.220,-0.466,0.043,-0.364,0.083,0.489,-0.504,-0.437,-0.562,0.475,0.000,2993,7012,-32,29,35,16.410,2465,6443,363,272,0
129931,-0.083,-0.127,-0.420,-0.090,-0.479,0.173,0.480,-0.524,-0.440,-0.549,0.345,0.000,0,8171,-31,34,35,16.410,2465,6443,363,272,0
130031,-0.097,-0.113,-0.436,0.070,0.222,-0.088,0.481,-0.526,-0.442,-0.545,0.345,0.000,4708,7124,-16,14,35,16.410,2465,6443,363,272,0
130132,-0.066,-0.143,-0.363,-0.011,-0.022,-0.021,0.483,-0.519,-0.441,-0.550,0.353,0.000,4770,7561,-24,27,35,16.410,4578,7183,290,259,0
130231,-0.073,-0.113,-0.253,-0.060,-0.139,0.039,0.479,-0.524,-0.444,-0.546,0.349,0.000,4561,8131,-24,29,35,16.410,4578,7183,290,259,0
130332,-0.074,-0.103,-0.155,-0.023,0.027,-0.018,0.478,-0.526,-0.444,-0.546,0.396,0.000,5365,8102,-21,23,35,16.420,5050,8090,266,319,0
130431,-0.054,-0.115,-0.110,0.010,0.062,-0.043,0.478,-0.523,-0.444,-0.548,0.404,0.000,6036,8127,-22,23,35,16.420,5050,8090,266,319,0
130531,-0.053,-0.123,-0.067,-0.028,0.040,0.073,0.479,-0.522,-0.443,-0.549,0.416,0.000,5588,8915,-21,25,35,16.420,5050,8090,266,319,0
130631,-0.072,-0.133,-0.031,0.017,0.044,0.062,0.482,-0.521,-0.442,-0.548,0.416,0.000,5875,9193,-22,23,36,16.420,5720,8896,274,366,0
130731,-0.092,-0.144,0.012,-0.049,0.094,0.008,0.483,-0.522,-0.438,-0.550,0.420,0.001,6414,9285,-20,23,36,16.420,5720,8896,274,366,0
130831,-0.083,-0.173,0.066,-0.014,0.171,-0.023,0.485,-0.518,-0.434,-0.555,0.416,0.001,6957,9344,-18,20,36,16.400,6887,9293,304,386,0
130931,-0.071,-0.197,0.039,0.061,0.077,-0.026,0.489,-0.513,-0.434,-0.557,0.416,0.001,7319,9511,-22,21,36,16.400,6887,9293,304,386,0
131032,-0.047,-0.206,0.036,0.077,0.041,-0.046,0.490,-0.508,-0.436,-0.558,0.408,0.001,7825,9541,-22,21,36,16.400,6887,9293,304,386,0
131131,-0.041,-0.221,0.044,0.057,0.122,-0.034,0.492,-0.506,-0.435,-0.560,0.349,0.001,8042,9768,-20,19,36,16.400,7621,9765,322,417,0
131231,-0.029,-0.257,0.033,0.079,0.228,-0.053,0.496,-0.499,-0.432,-0.564,0.290,0.000,8387,9810,-18,16,36,16.400,7621,9765,322,417,0
131331,-0.017,-0.306,0.034,-0.020,0.258,0.010,0.501,-0.491,-0.428,-0.570,0.294,0.000,8318,10161,-14,18,36,16.420,8333,10020,350,433,0
131431,-0.017,-0.350,0.061,0.032,0.188,-0.007,0.506,-0.484,-0.422,-0.575,0.290,0.000,8569,10237,-17,17,36,16.420,8333,10020,350,433,0
131531,-0.022,-0.373,0.078,0.024,0.049,-0.008,0.509,-0.481,-0.419,-0.578,0.278,0.001,8708,10395,-20,20,36,16.420,8333,10020,350,433,0
131631,-0.013,-0.372,0.064,0.017,-0.028,-0.012,0.509,-0.480,-0.421,-0.577,0.282,0.000,8929,10478,-20,21,36,16.390,8833,10373,361,429,0
131732,-0.003,-0.368,0.067,0.010,-0.004,0.001,0.509,-0.479,-0.422,-0.577,0.290,0.000,9073,10626,-18,20,36,16.390,8833,10373,361,429,0
131831,-0.014,-0.373,0.081,-0.013,0.047,0.061,0.510,-0.479,-0.421,-0.577,0.290,0.000,8918,11023,-17,19,36,16.390,9025,10869,372,461,0
131931,-0.058,-0.387,0.051,-0.028,0.091,0.114,0.514,-0.480,-0.416,-0.576,0.290,0.001,8623,11511,-15,18,36,16.390,9025,10869,372,461,0
132031,-0.072,-0.412,0.054,0.032,0.189,0.006,0.519,-0.477,-0.413,-0.577,0.294,0.002,9197,11317,-14,14,36,16.390,9025,10869,372,461,0
132131,-0.079,-0.451,0.096,0.022,0.209,-0.008,0.523,-0.471,-0.407,-0.581,0.278,0.002,9370,11427,-13,14,37,16.390,9157,11389,382,477,0
132231,-0.073,-0.486,0.103,0.058,0.139,-0.067,0.527,-0.466,-0.403,-0.586,0.196,0.002,9742,11295,-16,14,37,16.390,9157,11389,382,477,0
132331,-0.058,-0.504,0.096,-0.017,0.060,0.000,0.528,-0.462,-0.402,-0.589,0.200,0.002,9629,11563,-15,17,36,16.390,9689,11441,411,476,0
132431,-0.055,-0.508,0.098,0.026,-0.010,-0.026,0.528,-0.461,-0.401,-0.589,0.200,0.002,9841,11558,-17,17,36,16.390,9689,11441,411,476,0
132531,-0.056,-0.506,0.100,-0.024,-0.013,0.032,0.527,-0.462,-0.401,-0.589,0.196,0.002,9693,11849,-15,18,36,16.390,9689,11441,411,476,0
132631,-0.081,-0.503,0.104,-0.044,0.001,0.076,0.528,-0.464,-0.400,-0.588,0.192,0.002,9501,12165,-14,18,36,16.440,9689,10752,401,488,0
132731,-0.108,-0.509,0.122,-0.007,0.048,0.000,0.530,-0.466,-0.396,-0.588,0.200,0.003,9784,12102,-14,15,36,16.440,9689,10752,401,488,0
132831,-0.079,-0.515,0.073,0.039,0.020,-0.042,0.530,-0.462,-0.398,-0.589,0.196,0.002,10164,11950,-15,16,36,16.390,10224,11737,425,504,0
132931,-0.075,-0.522,0.066,0.000,0.044,0.010,0.530,-0.461,-0.398,-0.590,0.196,0.002,10064,12195,-14,15,36,16.390,10224,11737,425,504,0
133031,-0.062,-0.527,0.076,-0.024,-0.011,-0.004,0.530,-0.459,-0.399,-0.591,0.196,0.002,10262,12190,-14,18,36,16.390,10224,11737,425,504,0
133131,-0.056,-0.516,0.094,-0.049,-0.084,0.014,0.529,-0.460,-0.400,-0.590,0.196,0.002,10305,12315,-15,20,36,16.380,10266,12224,438,495,0
133231,-0.068,-0.497,0.071,-0.040,-0.108,0.003,0.526,-0.465,-0.401,-0.589,0.196,0.002,10390,12402,-16,19,36,16.380,10266,12224,438,495,0
133331,-0.065,-0.480,0.064,0.024,-0.050,-0.027,0.524,-0.467,-0.403,-0.587,0.192,0.002,10601,12380,-16,16,37,16.360,10438,12376,441,522,0
133431,-0.066,-0.481,0.078,-0.010,0.051,0.014,0.524,-0.467,-0.403,-0.587,0.200,0.002,10528,12598,-13,15,37,16.360,10438,12376,441,522,0
133531,-0.071,-0.499,0.080,-0.023,0.101,0.019,0.526,-0.465,-0.400,-0.589,0.200,0.002,10580,12711,-12,15,36,16.400,10615,12690,431,529,0
133631,-0.067,-0.516,0.072,0.018,0.076,-0.016,0.528,-0.462,-0.398,-0.591,0.196,0.002,10810,12672,-14,14,36,16.400,10615,12690,431,529,0
133731,-0.067,-0.527,0.083,-0.007,0.042,0.014,0.529,-0.460,-0.397,-0.592,0.196,0.002,10783,12849,-13,15,36,16.400,10615,12690,431,529,0
133831,-0.065,-0.536,0.104,0.012,0.038,0.003,0.530,-0.459,-0.396,-0.593,0.196,0.002,10914,12891,-13,14,36,16.370,10869,12820,446,540,0
133931,-0.065,-0.541,0.078,0.006,0.033,-0.002,0.531,-0.458,-0.396,-0.594,0.192,0.002,11017,12955,-13,14,36,16.370,10869,12820,446,540,0
134031,-0.062,-0.548,0.065,0.027,0.027,-0.006,0.532,-0.456,-0.395,-0.594,0.192,0.002,11124,13014,-13,14,36,16.360,11086,13020,463,541,0
134131,-0.064,-0.552,0.082,-0.008,0.020,0.007,0.533,-0.456,-0.395,-0.594,0.196,0.002,11154,13136,-13,14,36,16.360,11086,13020,463,541,0
134231,-0.065,-0.557,0.084,0.003,0.024,0.023,0.533,-0.455,-0.394,-0.595,0.200,0.002,11171,13272,-12,14,36,16.360,11086,13020,463,541,0
134331,-0.075,-0.558,0.081,0.016,-0.006,0.017,0.534,-0.455,-0.393,-0.594,0.196,0.002,11239,13361,-13,14,36,16.360,11185,13227,467,564,0
134431,-0.072,-0.560,0.103,0.006,0.017,-0.023,0.534,-0.454,-0.394,-0.594,0.196,0.002,11469,13312,-12,14,36,16.360,11185,13227,467,564,0
134531,-0.059,-0.561,0.115,-0.011,-0.006,-0.002,0.534,-0.453,-0.395,-0.595,0.196,0.002,11522,13414,-12,15,36,16.360,11520,13192,498,578,0
134631,-0.055,-0.558,0.097,0.012,-0.012,-0.021,0.533,-0.454,-0.395,-0.595,0.196,0.002,11682,13422,-13,14,36,16.360,11520,13192,498,578,0
134731,-0.048,-0.557,0.074,-0.012,-0.007,0.000,0.533,-0.453,-0.396,-0.595,0.200,0.002,11715,13540,-12,14,36,16.360,11709,13477,499,567,0
134831,-0.057,-0.558,0.059,0.008,0.031,0.010,0.533,-0.454,-0.395,-0.595,0.196,0.002,11728,13673,-12,12,36,16.360,11709,13477,499,567,0
134931,-0.056,-0.569,0.065,0.009,0.059,0.000,0.534,-0.452,-0.393,-0.596,0.200,0.002,11844,13717,-11,12,36,16.360,11709,13477,499,567,0
135031,-0.053,-0.579,0.044,0.013,0.056,0.007,0.535,-0.450,-0.393,-0.597,0.196,0.002,11912,13800,-11,12,37,16.350,11792,13736,512,573,0
135131,-0.060,-0.586,0.060,0.020,0.022,0.027,0.537,-0.450,-0.391,-0.597,0.196,0.002,11895,13956,-12,12,37,16.350,11792,13736,512,573,0
135231,-0.068,-0.587,0.087,0.026,0.000,0.004,0.538,-0.450,-0.391,-0.597,0.196,0.002,12019,13990,-12,12,37,16.350,11904,13966,499,603,0
135331,-0.056,-0.586,0.085,-0.003,-0.014,-0.033,0.537,-0.449,-0.392,-0.597,0.200,0.002,12259,13923,-11,13,37,16.350,11904,13966,499,603,0
135431,-0.043,-0.584,0.071,-0.017,-0.009,-0.011,0.536,-0.448,-0.393,-0.597,0.196,0.002,12308,14021,-11,13,37,16.350,12285,13966,524,599,0
135531,-0.045,-0.584,0.068,0.014,0.006,0.019,0.536,-0.449,-0.393,-0.598,0.196,0.002,12281,14183,-11,12,37,16.350,12285,13966,524,599,0
135631,-0.055,-0.586,0.055,0.008,0.016,0.018,0.537,-0.449,-0.392,-0.597,0.196,0.002,12323,14285,-11,12,37,16.350,12285,13966,524,599,0
135731,-0.060,-0.589,0.042,0.032,0.017,-0.026,0.538,-0.449,-0.391,-0.597,0.196,0.002,12523,14249,-11,11,37,16.350,12345,14367,510,598,0
135831,-0.031,-0.592,0.047,0.007,0.018,-0.026,0.537,-0.446,-0.394,-0.598,0.204,0.001,12694,14238,-10,12,37,16.350,12345,14367,510,598,0
135931,-0.044,-0.596,0.048,-0.034,0.020,0.017,0.537,-0.447,-0.391,-0.599,0.196,0.002,12593,14465,-9,12,37,16.340,12531,14450,534,614,0
136031,-0.050,-0.600,0.073,0.017,0.024,-0.004,0.538,-0.446,-0.390,-0.599,0.200,0.002,12716,14493,-10,11,37,16.340,12531,14450,534,614,0
136131,-0.048,-0.607,0.068,0.026,0.039,-0.010,0.539,-0.445,-0.390,-0.600,0.196,0.002,12812,14546,-10,10,37,16.340,12531,14450,534,614,0
136231,-0.053,-0.613,0.055,-0.018,0.027,0.034,0.540,-0.444,-0.388,-0.600,0.200,0.002,12731,14751,-9,11,37,16.330,12853,14492,533,632,0
136331,-0.066,-0.617,0.052,-0.012,0.009,0.022,0.541,-0.445,-0.387,-0.600,0.200,0.002,12799,14825,-9,11,37,16.330,12853,14492,533,632,0
136431,-0.061,-0.617,0.071,0.076,0.002,-0.031,0.541,-0.444,-0.388,-0.599,0.200,0.002,13051,14739,-11,9,37,16.340,12919,14749,549,639,0
136531,-0.031,-0.618,0.069,0.117,0.009,-0.047,0.542,-0.440,-0.392,-0.599,0.196,0.001,13263,14683,-11,8,37,16.340,12919,14749,549,639,0
136631,-0.010,-0.621,0.050,0.199,0.032,0.046,0.546,-0.435,-0.396,-0.596,0.200,0.000,13124,14942,-12,6,37,16.340,12919,14749,530,624,0
136731,-0.048,-0.636,0.075,-0.004,0.126,0.210,0.554,-0.432,-0.395,-0.592,0.200,0.002,12558,15550,-4,9,37,16.330,13227,14970,530,624,0
136831,-0.108,-0.666,0.057,-0.046,0.158,0.068,0.560,-0.432,-0.386,-0.592,0.200,0.004,12877,15416,-4,8,37,16.330,13227,14970,530,624,0
136931,-0.094,-0.688,0.044,0.016,0.072,-0.117,0.561,-0.428,-0.384,-0.596,0.196,0.004,13548,14963,-8,8,37,16.320,12987,15384,560,637,0
137031,-0.085,-0.690,0.079,-0.187,-0.028,0.027,0.559,-0.428,-0.383,-0.597,0.196,0.003,13217,15384,-3,15,37,16.320,12987,15384,560,637,0
137131,-0.079,-0.687,0.030,-0.267,0.020,-0.231,0.552,-0.433,-0.379,-0.604,0.196,0.003,14060,14751,-1,13,37,16.320,13513,15151,592,641,0
137231,-0.082,-0.701,-0.040,-0.201,0.129,0.032,0.544,-0.436,-0.370,-0.613,0.196,0.003,13357,15518,-2,7,37,16.320,13513,15151,592,641,0
137331,-0.124,-0.735,0.002,0.038,0.186,0.086,0.550,-0.434,-0.362,-0.615,0.180,0.005,13123,15833,-5,2,37,16.320,13089,15772,555,692,0
137431,-0.123,-0.760,0.006,0.054,0.076,-0.026,0.553,-0.429,-0.360,-0.617,0.180,0.006,13516,15615,-7,5,37,16.320,13089,15772,555,692,0
137531,-0.098,-0.771,0.073,0.049,0.060,-0.058,0.554,-0.425,-0.361,-0.618,0.180,0.005,13748,15529,-5,5,37,16.320,13089,15772,555,692,0
137631,-0.072,-0.784,0.150,-0.069,0.050,-0.057,0.554,-0.421,-0.361,-0.621,0.180,0.003,13884,15523,-2,9,37,16.310,13736,15527,596,660,0
137731,-0.075,-0.784,0.186,-0.113,-0.026,-0.028,0.551,-0.423,-0.359,-0.623,0.180,0.004,13853,15667,-3,10,37,16.310,13736,15527,596,660,0
137831,-0.062,-0.774,0.185,0.006,-0.076,-0.033,0.548,-0.425,-0.360,-0.624,0.180,0.003,13970,15678,-7,8,37,16.320,13927,15673,600,655,0
137931,-0.079,-0.758,0.111,-0.068,-0.078,0.062,0.547,-0.429,-0.361,-0.622,0.176,0.004,13702,16023,-5,9,37,16.320,13927,15673,600,655,0
138031,-0.106,-0.745,0.100,-0.043,-0.062,0.034,0.546,-0.433,-0.360,-0.620,0.176,0.005,13755,16088,-5,8,37,16.320,13661,16025,597,700,0
138131,-0.097,-0.739,0.091,0.008,-0.004,-0.050,0.545,-0.434,-0.361,-0.620,0.176,0.004,14082,15914,-5,6,37,16.320,13661,16025,597,700,0
138231,-0.093,-0.743,0.116,-0.023,0.037,0.002,0.545,-0.433,-0.361,-0.621,0.176,0.004,14004,16094,-3,6,37,16.320,13661,16025,597,700,0
138331,-0.091,-0.748,0.090,0.009,0.020,0.012,0.545,-0.432,-0.360,-0.622,0.176,0.004,14038,16175,-4,6,38,16.310,14044,16077,591,692,0
138431,-0.095,-0.749,0.104,0.018,0.000,-0.001,0.546,-0.432,-0.360,-0.621,0.176,0.004,14121,16211,-5,6,38,16.310,14044,16077,591,692,0
138531,-0.086,-0.748,0.133,0.001,-0.018,-0.024,0.545,-0.431,-0.361,-0.621,0.176,0.004,14267,16192,-4,6,38,16.300,14245,16129,593,706,0
138631,-0.084,-0.743,0.122,-0.023,-0.039,-0.014,0.544,-0.432,-0.362,-0.621,0.173,0.004,14301,16268,-4,7,38,16.300,14245,16129,593,706,0
138731,-0.086,-0.735,0.117,-0.002,-0.046,0.020,0.544,-0.434,-0.363,-0.620,0.173,0.004,14252,16416,-5,7,38,16.300,14367,16393,584,694,0
138831,-0.102,-0.727,0.126,-0.039,-0.034,0.043,0.544,-0.436,-0.362,-0.619,0.165,0.004,14192,16570,-4,7,38,16.300,14367,16393,584,694,0
138931,-0.112,-0.722,0.103,0.023,-0.017,0.012,0.544,-0.437,-0.362,-0.617,0.165,0.005,14300,16576,-5,5,37,16.280,14245,16556,622,719,0
139031,-0.127,-0.721,0.111,-0.011,0.000,0.044,0.545,-0.438,-0.362,-0.616,0.165,0.005,14214,16749,-4,6,37,16.280,14245,16556,622,719,0
139131,-0.126,-0.721,0.108,0.016,0.002,-0.019,0.545,-0.438,-0.362,-0.616,0.165,0.005,14440,16653,-4,5,37,16.280,14245,16556,622,719,0
139231,-0.113,-0.721,0.115,0.017,-0.004,-0.037,0.544,-0.437,-0.363,-0.617,0.165,0.005,14576,16634,-4,5,38,16.280,14409,16666,627,717,0
139331,-0.099,-0.718,0.080,-0.001,-0.031,-0.038,0.543,-0.437,-0.364,-0.618,0.169,0.004,14669,16651,-4,6,38,16.280,14409,16666,627,717,0
139431,-0.090,-0.712,0.056,-0.002,-0.026,-0.041,0.541,-0.438,-0.365,-0.618,0.169,0.004,14757,16674,-4,5,38,16.290,14705,16666,628,718,0
139531,-0.086,-0.709,0.068,-0.010,-0.003,0.018,0.541,-0.438,-0.366,-0.618,0.169,0.004,14660,16860,-3,5,38,16.290,14705,16666,628,718,0
139631,-0.081,-0.709,0.068,0.033,0.000,-0.002,0.541,-0.437,-0.367,-0.618,0.169,0.003,14779,16855,-4,4,38,16.290,14705,16778,652,736,0
139731,-0.084,-0.700,0.024,0.019,-0.068,0.019,0.541,-0.439,-0.368,-0.616,0.165,0.004,14764,16967,-5,6,38,16.290,14705,16778,652,736,0
139831,-0.078,-0.688,-0.005,0.074,-0.052,0.002,0.541,-0.439,-0.371,-0.614,0.165,0.003,14875,16969,-6,4,38,16.270,14792,16949,655,739,0
139931,-0.051,-0.676,0.001,0.129,-0.100,-0.011,0.542,-0.437,-0.377,-0.610,0.169,0.002,15036,16927,-7,5,38,16.270,14792,16949,655,739,0
140031,-0.039,-0.656,0.018,0.039,-0.079,-0.003,0.542,-0.438,-0.383,-0.607,0.169,0.002,15100,16969,-4,6,38,16.270,14792,16949,655,739,0
140131,-0.019,-0.653,0.020,0.023,0.022,-0.056,0.541,-0.436,-0.385,-0.607,0.169,0.001,15346,16847,-2,4,38,16.280,15060,16949,657,742,0
140231,-0.002,-0.660,0.071,0.031,0.066,-0.054,0.541,-0.434,-0.385,-0.609,0.169,0.000,15445,16856,-2,2,38,16.280,15060,16949,657,742,0
140331,0.013,-0.683,0.079,0.039,0.144,-0.032,0.542,-0.430,-0.384,-0.612,0.169,-0.001,15484,16920,-1,0,38,16.270,15432,16835,658,757,0
140431,0.021,-0.706,0.086,0.014,0.051,0.033,0.545,-0.425,-0.382,-0.614,0.165,-0.001,15390,17104,-2,4,38,16.270,15432,16835,658,757,0
140531,-0.014,-0.694,0.057,-0.086,-0.184,0.140,0.545,-0.430,-0.380,-0.611,0.169,0.001,15068,17487,-5,10,38,16.280,15243,17301,652,749,0
140631,-0.045,-0.667,0.045,-0.032,-0.031,0.002,0.543,-0.436,-0.381,-0.608,0.169,0.002,15399,17295,-2,3,38,16.280,15243,17301,652,749,0
140731,-0.052,-0.687,0.048,-0.149,0.171,0.053,0.544,-0.435,-0.377,-0.610,0.169,0.002,15298,17481,6,4,38,16.260,15479,17361,654,745,0
140831,-0.088,-0.705,0.085,-0.071,0.021,0.023,0.545,-0.436,-0.370,-0.613,0.173,0.004,15329,17551,-2,4,38,16.260,15479,17361,654,745,0
140931,-0.091,-0.705,0.098,-0.006,0.053,-0.026,0.544,-0.437,-0.368,-0.614,0.169,0.004,15497,17499,-1,1,38,16.260,15479,17605,671,736,0
141031,-0.100,-0.727,0.114,0.030,0.131,0.038,0.547,-0.434,-0.365,-0.616,0.169,0.004,15358,17717,1,-1,38,16.260,15479,17605,671,736,0
141131,-0.100,-0.744,0.104,0.036,0.051,0.023,0.551,-0.430,-0.364,-0.616,0.169,0.004,15442,17739,0,2,38,16.260,15479,17605,671,736,0
141231,-0.122,-0.741,0.091,-0.019,-0.066,0.086,0.552,-0.432,-0.363,-0.614,0.169,0.005,15266,17986,-2,5,38,16.280,15432,13020,657,1971,0
141331,-0.151,-0.733,0.077,-0.023,0.044,0.053,0.553,-0.435,-0.362,-0.612,0.165,0.006,15315,18037,2,1,38,16.280,15432,13020,657,1971,0
141431,-0.171,-0.749,0.069,-0.016,0.067,0.031,0.555,-0.434,-0.358,-0.613,0.169,0.007,15364,18089,1,1,38,16.250,15290,17985,674,802,0
141531,-0.169,-0.750,0.058,0.000,-0.041,-0.023,0.555,-0.433,-0.358,-0.613,0.169,0.007,15553,18020,-1,3,38,16.250,15290,17985,674,802,0
141631,-0.158,-0.743,0.035,-0.021,-0.012,-0.011,0.554,-0.434,-0.359,-0.613,0.169,0.007,15595,18077,1,2,38,16.240,15576,17985,682,797,0
141731,-0.167,-0.747,-0.013,-0.022,0.030,0.002,0.554,-0.434,-0.358,-0.614,0.169,0.007,15579,18184,1,1,38,16.240,15576,17985,682,797,0
141831,-0.156,-0.754,0.024,0.010,0.043,-0.044,0.554,-0.433,-0.357,-0.615,0.169,0.007,15772,18110,1,0,38,16.250,15625,18115,708,794,0
141931,-0.143,-0.761,0.066,0.001,0.021,-0.006,0.554,-0.431,-0.358,-0.616,0.165,0.006,15753,18219,1,1,38,16.250,15625,18115,708,794,0
142031,-0.147,-0.759,0.072,0.018,-0.017,-0.009,0.554,-0.431,-0.358,-0.616,0.173,0.007,15793,18277,0,1,38,16.250,15625,18115,708,794,0
142131,-0.136,-0.761,0.094,0.017,0.021,-0.017,0.554,-0.430,-0.359,-0.616,0.165,0.006,15885,18288,2,0,39,16.250,15673,18315,713,790,0
142231,-0.124,-0.756,0.084,-0.012,-0.079,-0.031,0.554,-0.429,-0.361,-0.616,0.169,0.006,15997,18282,0,3,39,16.250,15673,18315,713,790,0
142331,-0.109,-0.742,0.091,0.011,-0.047,-0.042,0.551,-0.431,-0.364,-0.615,0.169,0.005,16111,18273,1,1,38,16.270,16025,18248,693,809,0
142431,-0.094,-0.732,0.083,0.030,-0.073,-0.032,0.550,-0.431,-0.366,-0.614,0.165,0.004,16170,18313,-1,1,38,16.270,16025,18248,693,809,0
142531,-0.089,-0.712,0.063,-0.002,-0.112,0.014,0.548,-0.434,-0.370,-0.612,0.169,0.004,16115,18452,-1,3,38,16.230,16129,18315,709,812,0
142631,-0.093,-0.697,0.043,0.000,-0.038,-0.009,0.547,-0.436,-0.371,-0.611,0.169,0.004,16208,18462,1,1,38,16.230,16129,18315,709,812,0
142731,-0.092,-0.690,0.047,0.000,-0.062,-0.009,0.546,-0.438,-0.372,-0.610,0.169,0.004,16257,18511,0,2,38,16.230,16129,18450,724,825,0
142831,-0.088,-0.685,0.069,0.001,0.011,-0.019,0.545,-0.438,-0.373,-0.609,0.169,0.004,16338,18530,2,0,38,16.230,16129,18450,724,825,0
142931,-0.090,-0.686,0.092,0.000,-0.006,-0.001,0.545,-0.438,-0.373,-0.610,0.169,0.004,16335,18623,1,1,39,16.230,16339,18587,706,818,0
143031,-0.086,-0.681,0.097,0.001,-0.061,-0.012,0.544,-0.439,-0.374,-0.610,0.169,0.003,16421,18638,0,2,39,16.230,16339,18587,706,818,0
143131,-0.090,-0.665,0.076,0.021,-0.091,0.017,0.543,-0.442,-0.376,-0.608,0.169,0.004,16384,18761,-1,2,39,16.240,16233,18726,744,834,0
143231,-0.087,-0.655,0.039,0.034,-0.014,-0.016,0.542,-0.442,-0.378,-0.606,0.169,0.003,16518,18733,1,-1,39,16.240,16233,18726,744,834,0
143331,-0.088,-0.658,0.069,-0.026,0.029,0.012,0.543,-0.442,-0.377,-0.606,0.169,0.003,16494,18844,3,0,39,16.230,16501,18939,715,806,0
143431,-0.093,-0.663,0.055,-0.047,0.001,0.009,0.543,-0.442,-0.376,-0.607,0.169,0.004,16534,18898,2,1,39,16.230,16501,18939,715,806,0
143531,-0.081,-0.663,0.088,0.076,-0.014,-0.036,0.542,-0.441,-0.377,-0.607,0.169,0.003,16717,18827,-1,-2,39,16.230,16501,18939,715,806,0
143631,-0.074,-0.651,0.113,0.010,-0.114,0.048,0.543,-0.441,-0.381,-0.605,0.169,0.003,16578,19038,-1,4,39,16.220,16835,18796,702,838,0
143731,-0.056,-0.616,0.051,0.020,-0.179,-0.102,0.538,-0.445,-0.387,-0.602,0.169,0.002,17029,18727,-3,3,39,16.220,16835,18796,702,838,0
143831,-0.042,-0.592,0.074,-0.016,-0.109,0.000,0.535,-0.448,-0.391,-0.600,0.169,0.002,16869,18960,0,3,39,16.220,17123,18656,713,855,0
143931,-0.038,-0.577,0.054,-0.007,-0.053,-0.012,0.533,-0.450,-0.393,-0.599,0.169,0.001,16956,18972,1,2,39,16.220,17123,18656,713,855,0
144031,-0.034,-0.577,0.075,0.013,0.036,0.000,0.534,-0.450,-0.394,-0.599,0.169,0.001,16985,19035,2,-1,39,16.210,16949,18939,747,849,0
144131,-0.028,-0.579,0.076,-0.029,-0.024,-0.019,0.533,-0.449,-0.394,-0.599,0.169,0.001,17091,19028,1,2,39,16.210,16949,18939,747,849,0
144231,-0.034,-0.565,0.081,-0.008,-0.129,0.029,0.532,-0.451,-0.395,-0.597,0.169,0.001,17013,19187,-3,4,39,16.210,17064,19011,747,864,0
144331,-0.022,-0.534,0.078,0.036,-0.158,-0.039,0.529,-0.455,-0.401,-0.594,0.169,0.001,17248,19064,-3,3,39,16.210,17064,19011,747,864,0
144431,-0.023,-0.516,0.129,0.000,-0.038,0.004,0.527,-0.458,-0.403,-0.592,0.169,0.001,17193,19202,0,1,39,16.200,17123,19157,761,857,0
144531,-0.032,-0.521,0.089,-0.022,0.057,0.030,0.528,-0.458,-0.401,-0.592,0.169,0.001,17157,19321,3,0,39,16.200,17123,19157,761,857,0
144631,-0.035,-0.533,0.055,-0.022,0.069,0.011,0.529,-0.456,-0.400,-0.593,0.169,0.001,17242,19334,3,0,39,16.200,17241,19230,759,872,0
144731,-0.044,-0.543,0.046,-0.022,0.037,0.058,0.531,-0.455,-0.398,-0.594,0.169,0.001,17157,19496,2,1,39,16.200,17241,19230,759,872,0
144831,-0.048,-0.548,0.046,0.034,0.024,-0.022,0.532,-0.454,-0.397,-0.594,0.169,0.002,17378,19386,1,-1,39,16.180,17361,19379,754,865,0
144931,-0.054,-0.548,0.031,0.014,-0.029,0.040,0.533,-0.455,-0.397,-0.593,0.169,0.002,17266,19573,0,1,39,16.180,17361,19379,754,865,0
145031,-0.074,-0.536,0.043,-0.024,-0.086,0.054,0.533,-0.458,-0.397,-0.591,0.169,0.002,17229,19691,0,3,39,16.190,17182,19685,774,868,0
145131,-0.083,-0.522,0.099,0.023,-0.050,-0.030,0.532,-0.460,-0.399,-0.588,0.169,0.003,17445,19587,0,0,39,16.190,17182,19685,774,868,0
145231,-0.086,-0.516,0.131,-0.041,-0.008,0.008,0.531,-0.462,-0.399,-0.588,0.169,0.003,17396,19717,2,1,39,16.190,17182,19685,774,868,0
145331,-0.101,-0.518,0.137,-0.020,0.018,0.019,0.531,-0.463,-0.397,-0.588,0.173,0.003,17378,19820,2,0,39,16.180,17361,19607,774,903,0
145431,-0.108,-0.521,0.135,-0.013,0.006,0.029,0.532,-0.463,-0.396,-0.588,0.169,0.003,17380,19904,2,1,39,16.180,17361,19607,774,903,0
145531,-0.123,-0.520,0.111,-0.014,-0.004,0.028,0.533,-0.464,-0.394,-0.588,0.169,0.004,17388,19981,2,0,39,16.170,17421,20000,755,860,0
145631,-0.121,-0.519,0.119,0.029,-0.021,-0.009,0.533,-0.464,-0.396,-0.587,0.169,0.004,17517,19953,1,0,39,16.170,17421,20000,755,860,0
145731,-0.118,-0.512,0.090,0.068,-0.041,0.008,0.534,-0.463,-0.398,-0.585,0.169,0.003,17530,20028,-1,0,40,16.170,17482,19880,780,912,0
145831,-0.114,-0.506,0.104,-0.016,-0.018,-0.012,0.534,-0.464,-0.400,-0.583,0.173,0.003,17624,20030,2,1,40,16.170,17482,19880,780,912,0
145931,-0.108,-0.506,0.112,-0.048,0.003,-0.002,0.533,-0.464,-0.400,-0.584,0.169,0.003,17659,20084,3,1,40,16.160,17605,20000,798,889,0
146031,-0.102,-0.506,0.108,-0.017,-0.006,-0.017,0.533,-0.463,-0.400,-0.585,0.173,0.003,17749,20088,2,1,40,16.160,17605,20000,798,889,0
146131,-0.099,-0.504,0.064,0.006,-0.017,0.000,0.532,-0.463,-0.400,-0.585,0.169,0.003,17761,20164,1,0,39,16.150,17730,20080,790,904,0
146231,-0.099,-0.502,0.029,0.007,0.000,0.004,0.532,-0.464,-0.401,-0.584,0.169,0.003,17792,20221,2,-1,39,16.150,17730,20080,790,904,0
146331,-0.109,-0.506,0.061,0.000,0.042,0.027,0.533,-0.464,-0.400,-0.584,0.176,0.003,17763,20333,3,-2,40,16.150,17667,20161,805,938,0
146431,-0.111,-0.518,0.075,-0.003,0.082,0.011,0.535,-0.462,-0.398,-0.585,0.180,0.003,17837,20356,4,-2,40,16.150,17667,20161,805,938,0
146531,-0.109,-0.536,0.110,0.021,0.096,-0.020,0.536,-0.459,-0.396,-0.587,0.180,0.003,17956,20340,4,-3,40,16.170,17921,20161,781,958,0
146631,-0.095,-0.551,0.103,0.040,0.043,-0.059,0.537,-0.456,-0.395,-0.590,0.188,0.003,18121,20287,2,-3,40,16.170,17921,20161,781,958,0
146731,-0.064,-0.551,0.109,0.070,-0.036,-0.060,0.537,-0.453,-0.398,-0.590,0.188,0.002,18244,20270,1,-2,40,16.150,18248,20325,802,885,0
146831,-0.052,-0.536,0.107,0.022,-0.112,0.013,0.535,-0.454,-0.402,-0.589,0.188,0.002,18159,20439,1,1,40,16.150,18248,20325,802,885,0
146931,-0.054,-0.513,0.056,0.036,-0.136,0.017,0.534,-0.457,-0.406,-0.584,0.188,0.002,18197,20506,0,1,40,16.160,18181,20661,814,866,0
147031,-0.058,-0.490,0.084,0.076,-0.084,0.021,0.533,-0.459,-0.409,-0.581,0.188,0.002,18223,20566,0,-2,40,16.160,18181,20661,814,866,0
147131,-0.062,-0.483,0.048,0.047,-0.001,0.026,0.535,-0.459,-0.411,-0.578,0.188,0.002,18253,20631,3,-2,40,16.160,18181,20661,814,866,0
147231,-0.070,-0.489,0.046,0.017,0.043,-0.002,0.536,-0.459,-0.410,-0.578,0.192,0.002,18343,20644,3,-3,40,16.140,18315,20661,794,912,0
147331,-0.064,-0.496,0.076,-0.017,0.033,-0.018,0.536,-0.458,-0.409,-0.579,0.188,0.002,18438,20650,4,-2,40,16.140,18315,20661,794,912,0
147431,-0.055,-0.499,0.047,0.003,0.006,-0.032,0.535,-0.457,-0.409,-0.581,0.192,0.002,18540,20652,3,-2,40,16.120,18450,20618,818,932,0
147531,-0.053,-0.494,0.019,0.003,-0.071,0.047,0.536,-0.457,-0.411,-0.579,0.192,0.002,18423,20849,1,1,40,16.120,18450,20618,818,932,0
147631,-0.075,-0.476,0.008,-0.030,-0.068,0.030,0.535,-0.461,-0.412,-0.576,0.192,0.002,18456,20911,3,1,40,16.140,18450,20920,799,933,0
147731,-0.076,-0.475,0.017,-0.038,0.021,0.000,0.535,-0.461,-0.412,-0.576,0.192,0.002,18567,20905,5,-1,40,16.140,18450,20920,799,933,0
147831,-0.076,-0.482,-0.010,-0.038,0.036,-0.001,0.535,-0.461,-0.410,-0.578,0.192,0.002,18615,20953,5,-2,41,16.130,18587,20964,827,924,0
147931,-0.081,-0.491,0.024,0.002,0.057,0.019,0.536,-0.460,-0.408,-0.579,0.192,0.002,18609,21050,4,-3,41,16.130,18587,20964,827,924,0
148031,-0.081,-0.503,0.059,0.038,0.062,0.004,0.537,-0.458,-0.407,-0.580,0.192,0.002,18687,21072,4,-4,40,16.130,18726,21008,807,951,0
148131,-0.076,-0.517,0.102,0.050,0.062,-0.021,0.539,-0.455,-0.406,-0.581,0.192,0.002,18799,21065,4,-5,40,16.130,18726,21008,807,951,0
148231,-0.068,-0.523,0.117,0.007,0.023,-0.006,0.540,-0.453,-0.406,-0.582,0.192,0.002,18833,21126,5,-3,41,16.120,18726,21186,866,911,0
148331,-0.070,-0.529,0.080,0.017,0.029,0.014,0.541,-0.452,-0.405,-0.582,0.192,0.002,18833,21216,5,-4,41,16.120,18726,21186,866,911,0
148431,-0.071,-0.527,0.074,0.008,-0.027,-0.007,0.541,-0.453,-0.406,-0.581,0.188,0.002,18922,21228,4,-2,41,16.130,18726,21141,879,972,0
148531,-0.067,-0.525,0.099,0.026,0.000,0.012,0.541,-0.452,-0.407,-0.581,0.192,0.002,18937,21304,4,-4,41,16.130,18726,21141,879,972,0
148631,-0.081,-0.526,0.113,-0.009,-0.001,0.021,0.542,-0.453,-0.405,-0.580,0.192,0.003,18934,21398,5,-3,41,16.130,18796,21321,870,979,0
148731,-0.085,-0.520,0.076,0.000,-0.051,-0.007,0.541,-0.454,-0.406,-0.580,0.192,0.003,19030,21402,3,-2,41,16.130,18796,21321,870,979,0
148831,-0.081,-0.509,-0.010,-0.008,-0.047,-0.029,0.540,-0.456,-0.407,-0.579,0.188,0.002,19132,21400,4,-2,41,16.110,19157,21276,836,998,0
148931,-0.060,-0.507,0.021,-0.019,0.008,-0.040,0.538,-0.455,-0.409,-0.580,0.192,0.002,19249,21386,6,-3,41,16.110,19157,21276,836,998,0
149031,-0.041,-0.512,0.025,-0.006,0.029,-0.038,0.537,-0.453,-0.410,-0.582,0.192,0.001,19334,21400,6,-4,41,16.090,19379,21231,856,1000,0
149131,-0.032,-0.518,0.079,-0.011,0.037,-0.002,0.537,-0.452,-0.409,-0.583,0.192,0.001,19326,21496,6,-4,41,16.090,19379,21231,856,1000,0
149231,-0.050,-0.524,0.080,-0.008,0.028,0.041,0.538,-0.452,-0.407,-0.583,0.192,0.002,19247,21656,6,-4,41,16.090,19379,21231,856,1000,0
149331,-0.053,-0.527,0.047,0.022,0.002,0.018,0.539,-0.452,-0.407,-0.583,0.192,0.002,19335,21666,5,-4,41,16.070,19305,21645,855,974,0
149431,-0.060,-0.525,0.052,-0.028,-0.022,0.017,0.539,-0.453,-0.406,-0.582,0.192,0.002,19367,21727,6,-3,41,16.070,19305,21645,855,974,0
149531,-0.058,-0.520,0.056,-0.013,-0.031,-0.038,0.539,-0.453,-0.407,-0.582,0.192,0.002,19529,21669,5,-3,41,16.070,19379,21881,868,944,0
149631,-0.046,-0.513,-0.007,0.016,-0.049,-0.020,0.536,-0.454,-0.408,-0.583,0.196,0.001,19567,21725,4,-4,41,16.070,19379,21881,868,944,0
149731,-0.089,-0.503,-0.013,-0.087,-0.016,0.119,0.537,-0.459,-0.405,-0.580,0.192,0.003,19235,22108,8,-2,41,16.070,19531,20040,852,923,0
149831,-0.083,-0.502,0.008,-0.016,0.011,-0.090,0.536,-0.459,-0.406,-0.580,0.192,0.002,19721,21764,7,-4,41,16.070,19531,20040,852,923,0
149931,-0.057,-0.509,-0.018,0.026,0.024,-0.012,0.535,-0.456,-0.407,-0.583,0.192,0.002,19665,21903,5,-5,41,16.080,20000,21786,837,912,0
150031,-0.048,-0.504,0.001,0.067,-0.037,-0.058,0.535,-0.456,-0.409,-0.582,0.192,0.001,19823,21849,3,-5,41,16.080,20000,21786,837,912,0
150131,-0.027,-0.508,0.008,0.012,0.059,-0.033,0.534,-0.454,-0.410,-0.583,0.192,0.001,19864,21900,8,-6,41,16.020,19960,21881,863,981,0
150231,-0.033,-0.514,0.040,-0.020,-0.024,0.030,0.535,-0.454,-0.408,-0.584,0.192,0.001,19771,22071,5,-3,41,16.020,19960,21881,863,981,0
150331,-0.040,-0.509,0.063,-0.024,-0.016,0.032,0.535,-0.455,-0.409,-0.583,0.200,0.001,19799,22134,7,-4,42,16.060,19607,22123,940,993,0
150431,-0.046,-0.510,-0.021,-0.020,0.018,0.001,0.535,-0.455,-0.408,-0.583,0.192,0.001,19896,22135,7,-5,42,16.060,19607,22123,940,993,0
150531,-0.043,-0.515,-0.020,0.002,0.021,-0.010,0.535,-0.455,-0.407,-0.584,0.192,0.001,19972,22155,7,-6,42,16.050,20000,22172,889,996,0
150631,-0.039,-0.512,-0.041,0.031,-0.054,-0.034,0.534,-0.455,-0.408,-0.584,0.192,0.001,20075,22148,4,-5,42,16.050,20000,22172,889,996,0
150731,-0.028,-0.500,0.018,0.016,-0.051,-0.008,0.533,-0.456,-0.411,-0.583,0.192,0.001,20092,22221,5,-4,42,16.050,20000,22172,889,996,0
150831,-0.030,-0.489,0.053,0.028,-0.054,-0.004,0.532,-0.457,-0.412,-0.582,0.196,0.001,20128,22277,5,-5,42,16.060,20120,22026,894,1059,0
150931,-0.029,-0.480,0.063,-0.004,-0.026,0.009,0.531,-0.458,-0.413,-0.580,0.196,0.001,20150,22345,7,-4,42,16.060,20120,22026,894,1059,0
151031,-0.023,-0.479,0.078,0.000,0.007,-0.017,0.531,-0.458,-0.414,-0.580,0.192,0.001,20261,22331,7,-5,42,16.040,20120,22321,931,1013,0
151131,-0.014,-0.472,0.066,0.002,-0.048,-0.033,0.530,-0.458,-0.416,-0.580,0.200,0.000,20360,22329,5,-4,42,16.040,20120,22321,931,1013,0
151231,-0.004,-0.468,0.056,0.013,0.011,-0.013,0.529,-0.459,-0.417,-0.581,0.196,0.000,20388,22391,7,-6,42,16.070,20449,22421,901,999,0
151331,-0.013,-0.471,0.009,-0.013,-0.022,0.047,0.529,-0.459,-0.415,-0.581,0.196,0.000,20299,22558,6,-4,42,16.070,20449,22421,901,999,0
151431,-0.022,-0.469,0.005,0.002,0.034,0.004,0.530,-0.460,-0.415,-0.580,0.196,0.001,20411,22545,8,-6,42,16.030,20366,22471,924,1042,0
151531,-0.031,-0.471,0.011,-0.009,-0.034,0.042,0.530,-0.460,-0.414,-0.580,0.196,0.001,20366,22672,6,-4,42,16.030,20366,22471,924,1042,0
151631,-0.035,-0.466,0.001,0.017,0.024,-0.003,0.530,-0.461,-0.415,-0.578,0.196,0.001,20493,22644,7,-6,42,16.030,20366,22471,924,1042,0
151731,-0.048,-0.468,0.009,-0.022,-0.040,0.049,0.531,-0.461,-0.414,-0.578,0.196,0.001,20408,22806,6,-4,42,16.030,20449,22522,931,1062,0
151831,-0.068,-0.465,-0.066,0.000,0.023,0.033,0.532,-0.463,-0.412,-0.576,0.196,0.002,20442,22861,8,-6,42,16.030,20449,22522,931,1062,0
151931,-0.063,-0.469,-0.065,-0.024,-0.036,-0.051,0.532,-0.463,-0.412,-0.578,0.196,0.002,20662,22749,6,-4,42,16.010,20491,22883,946,1009,0
152031,-0.063,-0.461,-0.087,-0.040,-0.010,0.051,0.530,-0.464,-0.412,-0.577,0.192,0.002,20507,22973,8,-5,42,16.010,20491,22883,946,1009,0
152131,-0.077,-0.466,0.020,0.010,0.041,0.000,0.531,-0.465,-0.411,-0.578,0.196,0.002,20622,22954,8,-7,43,16.000,20533,22935,940,1053,0
152231,-0.073,-0.463,0.000,-0.002,-0.068,-0.017,0.531,-0.464,-0.411,-0.577,0.196,0.002,20707,22963,6,-4,43,16.000,20533,22935,940,1053,0
152331,-0.059,-0.457,0.024,0.004,0.029,-0.019,0.529,-0.464,-0.413,-0.577,0.192,0.002,20784,22979,9,-7,43,16.000,20833,23041,935,1021,0
152431,-0.050,-0.466,0.005,0.014,0.023,-0.036,0.530,-0.463,-0.413,-0.579,0.192,0.001,20876,22979,8,-6,43,16.000,20833,23041,935,1021,0
152531,-0.037,-0.464,0.032,0.009,-0.043,-0.012,0.530,-0.461,-0.414,-0.579,0.196,0.001,20905,23050,7,-4,43,16.000,20833,23041,935,1021,0
152631,-0.027,-0.457,0.019,0.047,0.019,-0.057,0.529,-0.462,-0.416,-0.578,0.192,0.001,21054,22987,7,-8,43,16.000,20876,22988,956,1061,0
152731,-0.005,-0.463,0.011,-0.006,-0.007,0.004,0.529,-0.459,-0.418,-0.579,0.196,0.000,21027,23097,8,-5,43,16.000,20876,22988,956,1061,0
152831,-0.015,-0.458,0.017,-0.026,-0.003,0.026,0.528,-0.461,-0.417,-0.579,0.196,0.000,21013,23195,8,-6,43,16.000,20920,22935,980,1102,0
152931,-0.032,-0.459,-0.018,-0.050,-0.036,0.076,0.529,-0.462,-0.416,-0.578,0.200,0.001,20930,23355,8,-4,43,16.000,20920,22935,980,1102,0
153031,-0.048,-0.447,-0.079,-0.013,-0.034,0.010,0.528,-0.465,-0.416,-0.576,0.196,0.001,21066,23316,8,-6,43,15.990,21008,23201,975,1082,0
153131,-0.052,-0.443,-0.043,-0.052,-0.044,0.013,0.528,-0.466,-0.416,-0.576,0.196,0.001,21096,23373,8,-4,43,15.990,21008,23201,975,1082,0
153231,-0.053,-0.435,-0.003,0.009,0.011,-0.014,0.526,-0.468,-0.416,-0.575,0.196,0.001,21191,23371,8,-7,43,15.990,21008,23201,975,1082,0
153331,-0.046,-0.436,0.008,-0.001,-0.026,0.002,0.526,-0.467,-0.417,-0.576,0.196,0.001,21218,23430,7,-5,43,15.990,21141,23584,976,1011,0
153431,-0.056,-0.428,0.059,-0.020,0.000,0.024,0.526,-0.469,-0.417,-0.575,0.208,0.001,21202,23532,9,-6,43,15.990,21141,23584,976,1011,0
153531,-0.055,-0.436,0.109,-0.002,0.040,-0.012,0.526,-0.468,-0.416,-0.576,0.220,0.001,21322,23516,9,-7,43,15.990,21231,23584,973,1051,0
153631,-0.055,-0.438,0.106,-0.041,-0.044,-0.006,0.526,-0.468,-0.415,-0.576,0.220,0.001,21358,23577,8,-4,43,15.990,21231,23584,973,1051,0
153731,-0.048,-0.430,0.137,-0.013,0.010,-0.026,0.525,-0.469,-0.416,-0.576,0.220,0.001,21458,23579,9,-7,43,15.990,21321,23584,1003,1068,0
153831,-0.047,-0.427,0.095,-0.016,-0.067,0.020,0.524,-0.469,-0.417,-0.576,0.220,0.001,21425,23702,7,-4,43,15.990,21321,23584,1003,1068,0
153931,-0.055,-0.414,0.113,0.008,-0.008,0.008,0.523,-0.472,-0.418,-0.574,0.220,0.001,21481,23744,8,-7,43,15.960,21321,23809,1021,1064,0
154031,-0.058,-0.415,0.074,-0.012,-0.042,0.017,0.523,-0.472,-0.418,-0.574,0.224,0.001,21506,23815,7,-5,43,15.960,21321,23809,1021,1064,0
154131,-0.065,-0.401,0.068,-0.012,-0.040,0.021,0.522,-0.474,-0.419,-0.572,0.216,0.002,21532,23882,8,-6,43,15.960,21321,23809,1021,1064,0
154231,-0.060,-0.402,0.039,0.008,-0.011,-0.052,0.522,-0.474,-0.419,-0.572,0.216,0.001,21725,23797,7,-6,43,15.950,21645,23980,962,1063,0
154331,-0.052,-0.393,0.060,0.028,-0.023,0.013,0.520,-0.475,-0.420,-0.572,0.216,0.001,21666,23941,7,-7,43,15.950,21645,23980,962,1063,0
154431,-0.052,-0.401,0.016,0.016,0.043,-0.009,0.521,-0.474,-0.420,-0.573,0.216,0.001,21755,23952,9,-8,44,15.940,21505,23752,1043,1103,0
154531,-0.045,-0.405,0.082,0.000,-0.008,-0.028,0.522,-0.472,-0.420,-0.573,0.216,0.001,21850,23956,8,-6,44,15.940,21505,23752,1043,1103,0
154631,-0.041,-0.398,0.104,0.012,-0.069,0.009,0.520,-0.473,-0.421,-0.573,0.216,0.001,21838,24056,6,-6,44,15.930,21834,23980,1001,1111,0
154731,-0.051,-0.386,0.094,-0.038,-0.048,0.064,0.520,-0.475,-0.422,-0.571,0.216,0.001,21765,24213,9,-5,44,15.930,21834,23980,1001,1111,0
154831,-0.070,-0.375,0.027,0.047,0.000,-0.032,0.520,-0.478,-0.422,-0.568,0.216,0.002,21953,24132,7,-9,44,15.930,21834,23980,1001,1111,0
154931,-0.061,-0.377,-0.038,0.002,-0.013,-0.016,0.520,-0.477,-0.422,-0.569,0.216,0.001,21986,24191,8,-6,43,15.930,21881,24213,1022,1089,0
155031,-0.062,-0.368,-0.014,0.062,-0.063,0.006,0.519,-0.478,-0.424,-0.567,0.220,0.001,21991,24276,5,-7,43,15.930,21881,24213,1022,1089,0
155131,-0.066,-0.363,0.003,-0.029,0.019,0.030,0.520,-0.479,-0.425,-0.566,0.216,0.001,21984,24371,10,-6,44,15.930,22123,24509,975,1066,0
155231,-0.086,-0.374,0.026,-0.051,0.086,0.020,0.521,-0.479,-0.421,-0.567,0.220,0.002,22012,24435,11,-8,44,15.930,22123,24509,975,1066,0
155331,-0.074,-0.392,0.096,-0.011,0.090,-0.084,0.521,-0.476,-0.419,-0.571,0.220,0.002,22269,24292,10,-9,44,15.910,22123,24271,1046,1121,0
155431,-0.043,-0.406,0.045,0.002,0.034,-0.030,0.521,-0.472,-0.419,-0.574,0.224,0.001,22278,24374,9,-7,44,15.910,22123,24271,1046,1121,0
155531,-0.033,-0.406,-0.066,0.012,-0.023,-0.012,0.521,-0.471,-0.421,-0.574,0.227,0.001,22313,24435,8,-7,44,15.910,22123,24271,1046,1121,0
155631,-0.034,-0.404,-0.049,-0.002,0.016,-0.002,0.521,-0.471,-0.421,-0.573,0.227,0.001,22343,24500,10,-8,44,15.880,22271,24449,1029,1122,0
155731,-0.023,-0.408,-0.003,-0.006,-0.007,-0.023,0.521,-0.470,-0.421,-0.575,0.227,0.001,22450,24495,9,-7,44,15.880,22271,24449,1029,1122,0
155831,-0.036,-0.401,0.003,-0.056,-0.081,0.053,0.520,-0.473,-0.421,-0.574,0.231,0.001,22339,24689,9,-5,44,15.900,22421,24213,1006,1086,0
155931,-0.050,-0.388,-0.063,-0.057,-0.087,0.044,0.519,-0.476,-0.421,-0.572,0.227,0.001,22377,24747,9,-4,44,15.900,22421,24213,1006,1086,0
156031,-0.061,-0.370,-0.113,-0.078,-0.036,0.007,0.516,-0.480,-0.421,-0.571,0.227,0.001,22472,24753,10,-6,44,15.900,22321,24813,1071,1107,0
156131,-0.062,-0.371,-0.259,-0.046,-0.013,-0.004,0.515,-0.481,-0.420,-0.572,0.227,0.001,22539,24783,10,-6,44,15.900,22321,24813,1071,1107,0
156231,-0.056,-0.362,-0.241,0.020,-0.027,-0.036,0.513,-0.482,-0.421,-0.572,0.227,0.001,22653,24772,8,-8,44,15.900,22321,24813,1071,1107,0
156331,-0.053,-0.361,-0.250,-0.009,-0.003,-0.036,0.513,-0.483,-0.421,-0.572,0.231,0.001,22706,24815,9,-7,44,15.890,22573,24813,1044,1148,0
156431,-0.052,-0.358,-0.277,-0.014,-0.004,0.039,0.512,-0.484,-0.421,-0.572,0.227,0.001,22625,24981,9,-8,44,15.890,22573,24813,1044,1148,0
156531,-0.072,-0.358,-0.254,0.010,-0.018,0.029,0.513,-0.485,-0.419,-0.571,0.224,0.001,22652,25046,8,-7,45,15.870,22675,25252,1023,1115,0
156631,-0.093,-0.346,-0.185,-0.046,-0.086,0.069,0.513,-0.488,-0.420,-0.568,0.227,0.002,22590,25193,8,-4,45,15.870,22675,25252,1023,1115,0
156731,-0.103,-0.338,-0.216,0.010,-0.012,-0.048,0.512,-0.490,-0.419,-0.568,0.224,0.002,22822,25073,8,-8,45,15.870,22675,25252,1023,1115,0
156831,-0.078,-0.334,-0.247,0.012,-0.036,-0.017,0.511,-0.489,-0.422,-0.568,0.227,0.001,22858,25131,8,-7,45,15.850,22831,25125,1050,1132,0
156931,-0.080,-0.331,-0.221,0.023,0.010,-0.002,0.510,-0.489,-0.422,-0.568,0.227,0.001,22875,25205,9,-9,45,15.850,22831,25125,1050,1132,0
157031,-0.072,-0.342,-0.276,0.016,0.078,-0.022,0.511,-0.487,-0.422,-0.569,0.227,0.001,22972,25207,11,-9,45,15.860,22831,25125,1080,1175,0
157131,-0.071,-0.351,-0.260,0.030,-0.019,0.000,0.512,-0.485,-0.421,-0.570,0.227,0.001,22982,25288,7,-8,45,15.860,22831,25125,1080,1175,0
157231,-0.081,-0.341,-0.161,-0.037,-0.061,0.020,0.511,-0.488,-0.421,-0.569,0.227,0.002,22974,25385,9,-6,45,15.850,22988,25445,1050,1156,0
157331,-0.086,-0.342,-0.186,0.056,0.053,-0.033,0.512,-0.488,-0.421,-0.568,0.227,0.002,23103,25358,9,-11,45,15.850,22988,25445,1050,1156,0
157431,-0.073,-0.348,-0.069,-0.010,0.001,-0.018,0.512,-0.486,-0.421,-0.569,0.227,0.001,23145,25409,10,-7,45,15.850,22988,25445,1050,1156,0
157531,-0.053,-0.347,-0.208,0.017,0.001,-0.099,0.510,-0.485,-0.422,-0.571,0.227,0.001,23368,25294,9,-9,44,15.840,23148,25380,1079,1174,0
157631,-0.018,-0.351,-0.536,-0.023,0.062,-0.031,0.509,-0.482,-0.424,-0.573,0.231,0.000,23363,25389,12,-9,44,15.840,23148,25380,1079,1174,0
157731,-0.026,-0.372,-0.598,-0.020,0.202,0.018,0.510,-0.481,-0.420,-0.576,0.231,0.001,23314,25525,15,-13,46,15.830,23474,25316,1031,1224,0
157831,-0.007,-0.421,-0.538,-0.013,0.246,-0.101,0.514,-0.473,-0.415,-0.584,0.231,0.000,23600,25351,16,-14,46,15.830,23474,25316,1031,1224,0
157931,0.035,-0.458,-0.279,0.023,0.143,-0.081,0.516,-0.464,-0.413,-0.590,0.227,-0.001,23691,25357,13,-12,46,15.830,23474,25316,1031,1224,0
158031,0.055,-0.484,-0.268,-0.022,0.103,-0.009,0.517,-0.459,-0.411,-0.594,0.231,-0.002,23655,25482,14,-11,46,15.850,23640,25316,1105,1182,0
158131,0.048,-0.494,-0.146,-0.053,-0.026,0.041,0.518,-0.458,-0.409,-0.595,0.235,-0.002,23609,25615,12,-8,46,15.850,23640,25316,1105,1182,0
158231,0.008,-0.482,-0.278,-0.102,-0.062,0.063,0.517,-0.464,-0.406,-0.593,0.227,-0.000,23550,25759,13,-8,45,15.800,23584,26109,1083,1080,0
158331,0.028,-0.496,-0.078,0.071,0.283,-0.167,0.516,-0.461,-0.405,-0.597,0.227,-0.001,24022,25409,18,-21,45,15.800,23584,26109,1083,1080,0
158431,0.092,-0.573,-0.077,0.106,0.503,-0.146,0.521,-0.445,-0.400,-0.609,0.227,-0.004,24150,25378,22,-26,46,15.820,24096,25188,1116,1228,0
158531,0.169,-0.665,-0.063,0.212,0.351,-0.296,0.527,-0.425,-0.395,-0.622,0.227,-0.008,24583,25050,15,-24,46,15.820,24096,25188,1116,1228,0
158631,0.222,-0.665,-0.200,0.338,-0.391,0.217,0.525,-0.420,-0.399,-0.623,0.231,-0.011,23884,25806,-6,-12,46,15.820,24096,25188,1116,1228,0
158731,0.090,-0.564,-0.091,-0.038,-0.378,0.211,0.520,-0.447,-0.401,-0.608,0.227,-0.003,23714,26052,8,-9,46,15.780,23696,23866,1118,1100,0
158831,0.025,-0.541,0.017,-0.118,-0.081,0.123,0.520,-0.455,-0.398,-0.603,0.227,-0.001,23797,26064,15,-10,46,15.780,23696,23866,1118,1100,0
158931,-0.008,-0.501,0.061,-0.053,-0.334,0.000,0.516,-0.465,-0.399,-0.598,0.227,0.000,23994,25970,6,-4,46,15.760,24096,25706,1067,1221,0
159031,0.020,-0.452,0.003,-0.091,-0.038,-0.109,0.508,-0.471,-0.407,-0.595,0.231,-0.001,24271,25801,17,-11,46,15.760,24096,25706,1067,1221,0
159131,-0.007,-0.465,-0.133,-0.282,0.183,0.170,0.506,-0.475,-0.399,-0.599,0.227,0.000,23809,26316,25,-11,46,15.770,24038,25706,1077,1333,0
159231,-0.049,-0.520,-0.169,0.034,0.187,-0.196,0.510,-0.471,-0.386,-0.607,0.235,0.002,24392,25867,13,-18,46,15.770,24038,25706,1077,1333,0
159331,0.015,-0.539,-0.386,0.124,-0.006,-0.067,0.509,-0.464,-0.389,-0.612,0.231,-0.001,24338,26008,9,-15,46,15.770,24038,25706,1077,1333,0
159431,0.075,-0.535,-0.639,0.123,0.078,-0.081,0.508,-0.459,-0.397,-0.612,0.231,-0.003,24514,25930,15,-17,46,15.790,24509,25839,1116,1227,0
159531,0.116,-0.547,-0.865,0.060,0.021,-0.033,0.510,-0.452,-0.400,-0.613,0.227,-0.004,24556,25980,15,-13,46,15.790,24509,25839,1116,1227,0
159631,0.122,-0.549,-0.981,0.032,-0.038,-0.028,0.510,-0.451,-0.400,-0.613,0.231,-0.005,24609,26018,13,-13,46,15.740,24630,26109,1125,1185,0
159731,0.120,-0.545,-1.279,0.058,-0.076,0.044,0.511,-0.451,-0.402,-0.612,0.227,-0.005,24539,26172,12,-13,46,15.740,24630,26109,1125,1185,0
159831,0.111,-0.525,-0.909,-0.044,-0.120,0.082,0.510,-0.455,-0.404,-0.608,0.227,-0.004,24513,26283,14,-9,46,15.740,24630,26109,1125,1185,0
159931,0.072,-0.501,-0.778,-0.032,-0.090,0.069,0.509,-0.461,-0.404,-0.604,0.231,-0.002,24519,26365,14,-12,46,15.750,24449,26737,1154,1110,0
160031,0.033,-0.474,-0.711,-0.024,-0.208,0.102,0.508,-0.468,-0.404,-0.599,0.227,-0.001,24446,26520,10,-8,46,15.750,24449,26737,1154,1110,0
160131,0.004,-0.436,-0.510,-0.037,-0.121,0.088,0.506,-0.476,-0.407,-0.593,0.227,-0.000,24466,26587,13,-10,47,15.760,24691,25974,1101,1361,0
160231,0.003,-0.427,-0.304,0.032,0.019,-0.061,0.506,-0.477,-0.409,-0.591,0.227,-0.000,24752,26408,15,-14,47,15.760,24691,25974,1101,1361,0
160331,-0.006,-0.434,-0.219,-0.038,0.041,-0.020,0.507,-0.476,-0.407,-0.592,0.235,0.000,24717,26529,16,-12,47,15.760,24691,25974,1101,1361,0
160431,-0.001,-0.438,-0.163,0.080,0.026,-0.120,0.507,-0.476,-0.406,-0.593,0.227,0.000,24933,26413,12,-15,47,15.730,24691,26315,1158,1292,0
160531,0.042,-0.453,-0.184,0.147,0.089,-0.100,0.508,-0.469,-0.409,-0.595,0.231,-0.001,25021,26418,13,-18,47,15.730,24691,26315,1158,1292,0
160631,0.061,-0.449,-0.248,0.001,-0.133,0.066,0.509,-0.467,-0.413,-0.594,0.235,-0.002,24835,26679,12,-8,47,15.700,25188,26246,1109,1290,0
160731,0.025,-0.405,-0.335,-0.028,-0.266,0.093,0.506,-0.476,-0.415,-0.588,0.235,-0.001,24779,26819,9,-6,47,15.700,25188,26246,1109,1290,0
160831,-0.006,-0.373,-0.259,-0.026,-0.134,0.077,0.504,-0.483,-0.417,-0.582,0.235,0.000,24801,26886,12,-10,47,15.700,25188,26246,1109,1290,0
160931,-0.026,-0.354,-0.489,-0.030,-0.071,0.000,0.502,-0.488,-0.417,-0.580,0.227,0.001,24934,26847,13,-10,47,15.700,24813,27027,1160,1212,0
161031,-0.018,-0.334,-0.363,0.004,-0.157,-0.034,0.499,-0.490,-0.420,-0.578,0.231,0.000,25049,26826,10,-8,47,15.700,24813,27027,1160,1212,0
161131,-0.011,-0.301,-0.309,0.084,-0.100,-0.079,0.496,-0.494,-0.425,-0.574,0.231,0.000,25176,26794,9,-12,47,15.690,25062,26954,1145,1252,0
161231,-0.018,-0.289,-0.252,-0.066,-0.063,0.033,0.494,-0.497,-0.425,-0.573,0.231,0.000,25031,27014,13,-8,47,15.690,25062,26954,1145,1252,0
161331,-0.026,-0.269,-0.308,-0.062,-0.081,0.068,0.491,-0.502,-0.425,-0.571,0.231,0.000,25009,27121,12,-8,47,15.670,25316,26809,1112,1321,0
161431,-0.035,-0.261,-0.386,-0.033,-0.047,0.027,0.490,-0.504,-0.426,-0.570,0.231,0.001,25103,27118,12,-9,47,15.670,25316,26809,1112,1321,0
161531,-0.033,-0.243,-0.340,-0.007,-0.162,-0.013,0.488,-0.506,-0.428,-0.568,0.231,0.000,25215,27100,8,-6,47,15.670,25316,26809,1112,1321,0
161631,-0.036,-0.197,-0.244,0.007,-0.239,0.021,0.483,-0.513,-0.433,-0.562,0.235,0.000,25200,27199,6,-5,48,15.660,25062,27027,1216,1299,0
161731,-0.033,-0.164,-0.320,0.031,-0.058,-0.054,0.480,-0.517,-0.438,-0.557,0.231,0.000,25369,27127,11,-10,48,15.660,25062,27027,1216,1299,0
161831,0.016,-0.174,-0.481,0.053,0.197,-0.148,0.479,-0.512,-0.441,-0.560,0.231,-0.000,25643,26955,15,-16,48,15.670,25316,27247,1275,1194,0
161931,0.065,-0.229,-0.389,0.000,0.277,-0.118,0.482,-0.501,-0.438,-0.570,0.227,-0.001,25722,26965,17,-15,48,15.670,25316,27247,1275,1194,0
162031,0.077,-0.259,-0.397,-0.046,-0.004,0.021,0.483,-0.497,-0.434,-0.575,0.227,-0.001,25575,27189,11,-7,48,15.670,25316,27247,1275,1194,0
162131,0.068,-0.249,-0.731,0.080,-0.118,0.007,0.483,-0.499,-0.435,-0.574,0.231,-0.001,25629,27221,6,-10,48,15.640,25706,27472,1171,1206,0
162231,0.038,-0.221,-0.775,-0.029,-0.096,0.078,0.482,-0.505,-0.436,-0.568,0.231,-0.001,25515,27413,11,-8,48,15.640,25706,27472,1171,1206,0
162331,0.040,-0.232,-0.753,-0.064,0.236,0.024,0.483,-0.503,-0.435,-0.570,0.224,-0.001,25648,27371,20,-15,48,15.650,25906,27548,1168,1207,0
162431,0.041,-0.289,-0.811,0.063,0.351,-0.039,0.488,-0.496,-0.427,-0.578,0.224,-0.001,25793,27318,18,-21,48,15.650,25906,27548,1168,1207,0
162531,0.063,-0.345,-0.994,0.106,0.118,-0.080,0.492,-0.486,-0.422,-0.586,0.224,-0.001,25939,27261,10,-15,48,15.650,25906,27548,1168,1207,0
162631,0.082,-0.338,-1.343,0.014,-0.130,0.073,0.492,-0.485,-0.425,-0.585,0.224,-0.002,25779,27494,10,-8,48,15.610,25839,27548,1255,1204,0
162731,0.048,-0.316,-1.281,-0.013,-0.129,0.117,0.492,-0.490,-0.426,-0.580,0.227,-0.001,25701,27648,11,-8,48,15.610,25839,27548,1255,1204,0
162831,0.003,-0.281,-1.337,-0.052,-0.231,0.030,0.491,-0.498,-0.426,-0.574,0.224,-0.000,25807,27631,9,-6,48,15.620,25773,27472,1192,1361,0
162931,-0.021,-0.242,-1.656,-0.077,-0.148,0.033,0.486,-0.507,-0.428,-0.569,0.224,0.000,25806,27714,12,-8,48,15.620,25773,27472,1192,1361,0
163031,-0.004,-0.214,-1.486,0.041,-0.116,-0.059,0.480,-0.511,-0.431,-0.568,0.224,0.000,26018,27596,9,-11,48,15.620,25773,27472,1192,1361,0
163131,0.011,-0.197,-1.481,0.122,-0.057,0.018,0.478,-0.512,-0.435,-0.566,0.224,-0.000,25967,27724,8,-13,48,15.620,26178,27397,1189,1353,0
163231,0.001,-0.187,-1.593,0.077,-0.034,0.018,0.480,-0.512,-0.438,-0.562,0.224,-0.000,25994,27780,10,-11,48,15.620,26178,27397,1189,1353,0
163331,0.009,-0.191,-1.554,0.042,0.133,-0.038,0.482,-0.510,-0.439,-0.562,0.227,-0.000,26136,27728,15,-15,49,15.620,26246,27855,1190,1279,0
163431,0.029,-0.235,-1.504,-0.021,0.198,-0.067,0.486,-0.502,-0.435,-0.568,0.224,-0.000,26255,27696,17,-13,49,15.620,26246,27855,1190,1279,0
163531,0.052,-0.261,-1.178,0.033,0.111,-0.182,0.488,-0.496,-0.434,-0.572,0.227,-0.001,26513,27532,14,-13,49,15.620,26246,27855,1190,1279,0
163631,0.101,-0.276,-0.985,0.009,-0.054,-0.079,0.487,-0.490,-0.437,-0.576,0.224,-0.002,26481,27644,11,-8,49,15.600,26525,27777,1251,1236,0
163731,0.118,-0.258,-0.963,-0.050,-0.082,0.030,0.484,-0.492,-0.440,-0.575,0.224,-0.002,26390,27811,13,-8,49,15.600,26525,27777,1251,1236,0
163831,0.109,-0.242,-0.968,-0.046,-0.054,0.040,0.482,-0.495,-0.441,-0.573,0.224,-0.002,26406,27876,13,-9,49,15.560,26525,28011,1231,1266,0
163931,0.107,-0.233,-0.969,0.022,0.061,-0.031,0.481,-0.497,-0.441,-0.572,0.224,-0.002,26557,27813,15,-15,49,15.560,26525,28011,1231,1266,0
164031,0.110,-0.254,-0.780,0.016,0.034,0.006,0.483,-0.494,-0.439,-0.575,0.224,-0.002,26553,27897,12,-12,49,15.560,26525,28011,1231,1266,0
164132,0.090,-0.254,-0.760,-0.006,-0.022,0.110,0.484,-0.495,-0.437,-0.574,0.224,-0.002,26408,28114,12,-11,49,15.560,26246,28089,1332,1280,0
164232,0.051,-0.241,-0.747,-0.018,-0.044,0.071,0.485,-0.500,-0.436,-0.570,0.224,-0.001,26449,28154,13,-10,49,15.560,26246,28089,1332,1280,0
164332,0.049,-0.238,-0.750,-0.004,0.051,-0.019,0.485,-0.500,-0.436,-0.570,0.227,-0.001,26627,28068,15,-13,50,15.580,26954,27855,1174,1383,0
164432,0.053,-0.245,-0.681,-0.020,0.001,0.024,0.485,-0.499,-0.436,-0.571,0.227,-0.001,26614,28161,13,-10,50,15.580,26954,27855,1174,1383,0
164532,0.045,-0.245,-0.617,0.011,0.027,0.003,0.485,-0.500,-0.435,-0.570,0.220,-0.001,26676,28182,13,-13,50,15.580,26954,27855,1174,1383,0
164632,0.048,-0.255,-0.346,-0.039,0.071,-0.029,0.486,-0.498,-0.434,-0.572,0.153,-0.001,26765,28162,16,-12,49,15.530,26666,27777,1271,1441,0
164732,0.056,-0.248,-0.482,-0.004,-0.110,-0.024,0.484,-0.499,-0.435,-0.572,0.000,-0.001,26776,28159,10,-9,49,15.530,26666,27777,1271,1441,0
164832,0.072,-0.232,-0.686,0.018,-0.058,-0.024,0.482,-0.500,-0.438,-0.570,0.000,-0.001,26805,28131,12,-11,50,15.520,26246,28490,1421,1242,0
164932,0.068,-0.217,-0.631,-0.080,-0.081,-0.023,0.479,-0.503,-0.439,-0.570,0.000,-0.001,26800,28137,13,-8,50,15.520,26246,28490,1421,1242,0
165032,0.112,-0.212,-0.565,-0.033,0.039,-0.209,0.473,-0.504,-0.440,-0.574,0.000,-0.002,27148,27801,14,-13,50,15.520,26246,28490,1421,1242,0
165132,0.185,-0.210,-0.493,0.024,-0.100,-0.144,0.467,-0.500,-0.444,-0.578,0.000,-0.003,27173,27776,9,-10,50,15.550,27472,27548,1215,1383,0
165232,0.217,-0.196,-0.708,-0.021,-0.067,-0.047,0.464,-0.500,-0.448,-0.578,0.000,-0.004,27086,27861,12,-9,50,15.550,27472,27548,1215,1383,0
165332,0.230,-0.182,-0.753,-0.117,-0.054,0.009,0.460,-0.502,-0.450,-0.578,0.000,-0.004,27033,27913,15,-7,50,15.500,27624,27247,1155,1481,0
165432,0.210,-0.185,-0.714,-0.021,0.032,0.098,0.461,-0.504,-0.447,-0.578,0.000,-0.004,26878,28062,14,-12,50,15.500,27624,27247,1155,1481,0
165532,0.166,-0.178,-0.791,0.010,-0.120,0.070,0.462,-0.508,-0.444,-0.575,0.000,-0.003,26857,28082,9,-9,50,15.500,27624,27247,1155,1481,0
165632,0.147,-0.164,-0.815,0.018,-0.019,0.058,0.462,-0.511,-0.445,-0.572,0.000,-0.002,26850,28089,12,-12,50,15.500,26809,28328,1301,1265,0
165732,0.131,-0.156,-0.717,0.009,-0.093,0.027,0.463,-0.513,-0.445,-0.570,0.000,-0.002,26876,28063,10,-8,50,15.500,26809,28328,1301,1265,0
165832,0.127,-0.147,-0.697,0.002,-0.004,0.024,0.463,-0.513,-0.447,-0.568,-1.000,-0.002,26812,28000,13,-10,51,15.490,26809,28011,1292,1335,0
165932,0.109,-0.150,-0.721,-0.009,0.029,0.019,0.464,-0.514,-0.445,-0.567,-1.000,-0.001,26609,27836,13,-11,51,15.490,26809,28011,1292,1335,0
166032,0.118,-0.156,-0.672,0.012,0.052,-0.029,0.464,-0.513,-0.445,-0.569,-0.514,-0.002,26535,27589,13,-12,51,15.490,26809,28011,1292,1335,0
166132,0.120,-0.176,-0.773,-0.061,0.123,0.004,0.465,-0.511,-0.442,-0.572,0.000,-0.002,26467,27608,17,-12,51,15.540,26737,27700,1201,1285,0
166232,0.110,-0.182,-0.902,0.052,-0.057,0.064,0.467,-0.511,-0.440,-0.573,0.000,-0.002,26366,27705,9,-11,51,15.540,26737,27700,1201,1285,0
166332,0.074,-0.170,-0.650,-0.020,-0.066,0.034,0.467,-0.515,-0.439,-0.569,-0.153,-0.001,26350,27706,12,-9,51,15.540,26737,27700,1201,1285,0
166432,0.081,-0.160,-0.802,0.032,-0.044,-0.042,0.466,-0.516,-0.440,-0.569,-1.000,-0.001,26344,27451,11,-11,51,15.510,26455,27247,1233,1433,0
166532,0.090,-0.156,-0.878,0.000,-0.066,-0.008,0.465,-0.516,-0.442,-0.568,-0.871,-0.001,26128,27313,11,-9,51,15.510,26455,27247,1233,1433,0
166632,0.089,-0.144,-1.010,0.008,0.030,0.006,0.463,-0.518,-0.442,-0.567,-1.000,-0.001,25998,27222,14,-13,51,15.530,26178,27322,1220,1281,0
166732,0.061,-0.153,-0.988,-0.037,0.063,0.074,0.464,-0.520,-0.438,-0.568,-1.000,-0.001,25654,27181,14,-12,51,15.530,26178,27322,1220,1281,0
166832,0.064,-0.150,-0.877,-0.006,-0.099,-0.043,0.463,-0.520,-0.438,-0.568,-0.071,-0.001,25732,26891,10,-8,51,15.530,26178,27322,1220,1281,0
166932,0.084,-0.146,-0.841,0.003,0.048,0.058,0.462,-0.519,-0.440,-0.568,-1.000,-0.001,25470,26875,14,-12,52,15.560,25575,26809,1264,1282,0
167032,0.038,-0.152,-0.722,0.058,-0.033,0.011,0.464,-0.522,-0.435,-0.568,-1.000,-0.000,25272,26689,9,-12,52,15.560,25575,26809,1264,1282,0
167132,0.043,-0.149,-0.506,-0.012,0.063,0.009,0.466,-0.521,-0.438,-0.566,-0.216,-0.000,25172,26570,16,-12,51,15.570,25252,26666,1184,1232,0
167232,0.022,-0.148,-0.484,-0.006,-0.098,0.013,0.466,-0.523,-0.436,-0.566,-1.000,-0.000,25059,26539,9,-8,51,15.570,25252,26666,1184,1232,0
167332,0.029,-0.140,-0.603,-0.019,0.088,0.041,0.466,-0.523,-0.438,-0.564,-1.000,-0.000,24825,26381,17,-13,51,15.570,25252,26666,1184,1232,0
167432,0.007,-0.155,-0.691,-0.049,-0.021,0.033,0.467,-0.523,-0.433,-0.566,0.000,-0.000,24708,26315,12,-9,52,15.580,25125,25974,1074,1338,0
167532,0.005,-0.135,-0.727,-0.098,-0.194,-0.020,0.464,-0.527,-0.434,-0.565,-0.827,-0.000,24732,26182,10,-4,52,15.580,25125,25974,1074,1338,0
167632,0.029,-0.088,-0.772,-0.073,-0.262,-0.123,0.453,-0.536,-0.437,-0.563,-1.000,-0.000,24747,25799,7,-5,52,15.580,25125,25974,1074,1338,0
167732,0.026,-0.035,-0.676,-0.043,-0.291,0.134,0.447,-0.544,-0.443,-0.556,-0.796,-0.000,24129,26016,7,-3,52,15.600,24752,25773,1156,1219,0
167832,-0.027,0.003,-1.203,-0.012,-0.063,0.152,0.446,-0.552,-0.443,-0.548,-0.831,-0.000,23942,26074,11,-9,52,15.600,24752,25773,1156,1219,0
167932,-0.091,0.021,-1.032,-0.088,-0.104,0.140,0.446,-0.560,-0.438,-0.544,-1.000,-0.000,23645,25978,10,-5,52,15.610,23640,25641,1129,1281,0
168032,-0.135,0.023,-0.740,0.049,0.049,0.108,0.448,-0.563,-0.435,-0.542,-0.886,-0.001,23415,25824,10,-12,52,15.610,23640,25641,1129,1281,0
168132,-0.131,0.038,-0.589,0.033,-0.154,-0.094,0.447,-0.564,-0.438,-0.539,-0.431,-0.001,23682,25434,5,-5,52,15.610,23640,25641,1129,1281,0
168232,-0.099,0.075,-0.613,0.077,-0.147,-0.173,0.441,-0.567,-0.444,-0.536,-1.000,-0.001,23661,25066,5,-8,52,15.620,23584,25706,1081,1138,0
168332,-0.132,0.056,-0.367,0.146,0.330,0.150,0.453,-0.560,-0.447,-0.530,-1.000,-0.001,22825,25439,19,-16,52,15.620,23584,25706,1081,1138,0
168432,-0.143,-0.024,-0.386,-0.052,0.351,-0.082,0.463,-0.550,-0.438,-0.540,-0.247,-0.000,23097,24999,19,-12,52,15.620,23584,25706,1081,1138,0
168532,-0.093,-0.082,-0.114,-0.044,0.299,-0.112,0.465,-0.540,-0.434,-0.552,-0.494,0.000,23152,24794,18,-14,53,15.680,23094,25062,1100,1144,0
168632,-0.055,-0.122,-0.005,0.043,0.011,-0.084,0.467,-0.532,-0.432,-0.559,-1.000,0.000,22949,24569,9,-9,53,15.680,23094,25062,1100,1144,0
168732,-0.067,-0.104,-0.011,-0.003,-0.018,0.091,0.464,-0.536,-0.432,-0.557,-0.745,0.000,22369,24682,13,-12,53,15.640,22573,24691,1063,1142,0
168832,-0.093,-0.123,-0.015,-0.023,0.124,0.018,0.467,-0.536,-0.427,-0.559,-0.663,0.000,22349,24491,15,-13,53,15.640,22573,24691,1063,1142,0
168932,-0.083,-0.129,-0.063,-0.024,-0.077,0.000,0.467,-0.534,-0.427,-0.561,-1.000,0.000,22214,24280,10,-7,53,15.640,22573,24691,1063,1142,0
169032,-0.076,-0.105,-0.084,0.079,-0.126,-0.017,0.465,-0.537,-0.431,-0.557,-0.961,0.000,22029,24040,9,-9,52,15.660,22172,24154,1046,1130,0
169132,-0.072,-0.097,-0.028,0.017,0.017,0.039,0.466,-0.536,-0.434,-0.554,-0.455,0.000,21814,24018,14,-11,52,15.660,22172,24154,1046,1130,0
169232,-0.084,-0.112,0.057,-0.118,0.070,0.047,0.469,-0.534,-0.432,-0.555,-1.000,0.000,21548,23853,18,-7,52,15.660,22172,24154,1046,1130,0
169332,-0.131,-0.099,0.170,-0.058,-0.142,0.072,0.469,-0.540,-0.428,-0.553,-0.769,0.000,21180,23787,9,-6,53,15.700,21645,23419,942,1099,0
169432,-0.134,-0.073,0.145,0.071,-0.074,-0.067,0.466,-0.544,-0.432,-0.548,-0.765,0.000,21272,23352,9,-13,53,15.700,21645,23419,942,1099,0
169532,-0.120,-0.082,0.151,-0.068,0.128,0.017,0.467,-0.541,-0.432,-0.550,-1.000,0.000,20891,23320,18,-11,53,15.720,21052,23255,955,1108,0
169632,-0.115,-0.108,0.181,-0.041,0.094,0.030,0.469,-0.538,-0.429,-0.554,-0.420,0.000,20705,23192,15,-11,53,15.720,21052,23255,955,1108,0
169732,-0.127,-0.105,0.100,-0.058,-0.099,-0.027,0.468,-0.540,-0.427,-0.555,-0.843,0.000,20617,22970,10,-6,53,15.720,21052,23255,955,1108,0
169832,-0.100,-0.088,0.032,-0.033,-0.029,-0.036,0.463,-0.542,-0.430,-0.554,-1.000,0.000,20390,22700,13,-10,53,15.720,20703,22883,945,1014,0
169932,-0.123,-0.085,-0.068,-0.043,-0.022,0.146,0.464,-0.543,-0.428,-0.553,-0.286,0.000,19828,22880,13,-9,53,15.720,20703,22883,945,1014,0
170032,-0.161,-0.085,-0.067,-0.053,0.034,0.037,0.465,-0.547,-0.424,-0.552,-0.608,0.000,19842,22665,14,-11,53,15.720,20703,22883,945,1014,0
170132,-0.159,-0.090,-0.047,0.014,0.020,-0.033,0.465,-0.546,-0.423,-0.554,-1.000,0.000,19732,22325,12,-12,53,15.770,19762,22779,927,987,0
170232,-0.169,-0.099,-0.048,-0.031,0.071,0.037,0.466,-0.546,-0.421,-0.555,-0.267,0.000,19411,22348,14,-12,53,15.770,19762,22779,927,987,0
170332,-0.172,-0.116,0.031,-0.002,0.100,0.014,0.468,-0.544,-0.419,-0.557,0.000,0.001,19443,22325,15,-13,53,15.770,19762,22779,927,987,0
170432,-0.154,-0.136,0.037,0.041,0.099,-0.077,0.470,-0.540,-0.418,-0.560,0.000,0.001,19662,22133,14,-14,53,15.750,19379,22271,926,1032,0
170532,-0.133,-0.156,0.053,-0.027,0.109,0.000,0.470,-0.535,-0.417,-0.564,0.000,0.001,19539,22241,15,-13,53,15.750,19379,22271,926,1032,0
170632,-0.131,-0.168,0.072,-0.023,0.014,-0.008,0.472,-0.534,-0.416,-0.565,0.259,0.001,19585,22253,14,-10,53,15.770,19607,22123,897,1049,0
170733,-0.139,-0.160,0.060,0.058,-0.096,0.004,0.471,-0.535,-0.417,-0.564,0.906,0.001,19739,22471,9,-11,53,15.770,19607,22123,897,1049,0
170832,-0.126,-0.149,-0.025,0.034,0.004,0.011,0.471,-0.535,-0.420,-0.562,0.467,0.001,19933,22631,14,-13,53,15.770,19607,22123,897,1049,0
170933,-0.144,-0.158,-0.014,-0.002,0.066,0.033,0.474,-0.534,-0.418,-0.562,0.000,0.001,19870,22720,16,-12,53,15.730,19607,22831,973,1018,0
171033,-0.135,-0.163,0.007,0.026,0.010,-0.046,0.473,-0.533,-0.418,-0.563,0.024,0.001,20035,22577,13,-13,53,15.730,19607,22831,973,1018,0
171133,-0.139,-0.171,0.023,0.016,0.046,0.042,0.474,-0.533,-0.417,-0.564,0.843,0.001,20011,22894,14,-13,53,15.730,19607,22831,973,1018,0
171233,-0.154,-0.168,0.050,0.076,-0.056,0.024,0.475,-0.533,-0.417,-0.562,0.831,0.001,20222,23085,10,-12,53,15.750,20080,22935,924,1064,0
171333,-0.160,-0.161,0.054,0.080,0.007,0.032,0.477,-0.533,-0.419,-0.559,0.278,0.001,20312,23225,13,-14,53,15.750,20080,22935,924,1064,0
171433,-0.165,-0.154,0.014,-0.072,-0.110,-0.053,0.476,-0.535,-0.419,-0.558,0.427,0.001,20541,23165,13,-7,53,15.750,20080,22935,924,1064,0
171533,-0.140,-0.135,-0.018,0.001,-0.043,-0.029,0.472,-0.537,-0.422,-0.558,0.737,0.001,20704,23317,13,-12,53,15.740,20533,23041,971,1090,0
171633,-0.153,-0.134,0.056,-0.037,0.007,0.043,0.472,-0.538,-0.421,-0.557,0.859,0.001,20747,23651,14,-11,53,15.740,20533,23041,971,1090,0
171733,-0.147,-0.126,-0.043,0.000,-0.070,-0.044,0.471,-0.538,-0.423,-0.556,0.365,0.001,21042,23614,12,-10,53,15.740,20533,23041,971,1090,0
171833,-0.122,-0.105,-0.061,0.002,-0.131,-0.091,0.467,-0.540,-0.427,-0.555,0.584,0.000,21268,23580,10,-9,53,15.730,21097,23364,957,1153,0
171933,-0.108,-0.075,-0.061,0.008,-0.166,-0.068,0.462,-0.544,-0.430,-0.553,0.827,0.000,21401,23736,9,-8,53,15.730,21097,23364,957,1153,0
172033,-0.085,-0.044,-0.018,0.003,-0.134,-0.018,0.457,-0.547,-0.436,-0.549,0.831,0.000,21542,24003,11,-8,53,15.770,21739,24096,947,1047,0
172133,-0.096,-0.030,-0.063,-0.022,-0.038,0.043,0.456,-0.550,-0.436,-0.547,0.161,-0.000,21518,24187,12,-9,53,15.770,21739,24096,947,1047,0
172233,-0.109,-0.028,-0.046,0.000,0.000,0.014,0.456,-0.551,-0.435,-0.546,0.047,-0.000,21558,24178,12,-10,53,15.770,21739,24096,947,1047,0
172333,-0.121,-0.029,-0.067,0.031,0.009,0.040,0.458,-0.551,-0.435,-0.546,0.047,-0.000,21492,24256,11,-11,53,15.690,21645,24330,964,1101,0
172433,-0.132,-0.029,-0.091,0.044,-0.009,0.022,0.459,-0.552,-0.434,-0.545,0.051,-0.000,21509,24262,10,-11,53,15.690,21645,24330,964,1101,0
172533,-0.140,-0.029,-0.053,0.014,-0.007,0.057,0.461,-0.551,-0.435,-0.543,0.055,-0.000,21436,24350,12,-9,53,15.690,21645,24330,964,1101,0
172633,-0.158,-0.023,-0.041,0.083,-0.051,0.006,0.463,-0.552,-0.436,-0.540,0.059,-0.000,21502,24316,9,-10,53,15.680,21505,24570,973,1082,0
172733,-0.145,-0.012,0.026,-0.023,-0.057,-0.048,0.461,-0.552,-0.438,-0.539,0.059,-0.000,21646,24215,11,-7,53,15.680,21505,24570,973,1082,0
172833,-0.131,0.000,0.099,-0.089,-0.059,0.010,0.457,-0.554,-0.439,-0.539,0.067,-0.000,21561,24313,12,-6,53,15.680,21505,24570,973,1082,0
172933,-0.137,0.012,0.072,0.038,-0.047,-0.023,0.455,-0.557,-0.439,-0.538,0.063,-0.001,21619,24287,9,-10,54,15.690,21505,24449,1000,1111,0
173033,-0.130,0.022,0.060,-0.006,-0.042,-0.041,0.453,-0.558,-0.440,-0.538,0.063,-0.001,21674,24264,10,-9,54,15.690,21505,24449,1000,1111,0
173133,-0.134,0.028,0.066,-0.008,-0.011,0.039,0.452,-0.560,-0.440,-0.537,0.063,-0.001,21525,24424,11,-9,54,15.710,21505,24330,1014,1154,0
173233,-0.150,0.029,0.105,0.029,0.000,0.068,0.453,-0.561,-0.439,-0.536,0.063,-0.001,21449,24513,10,-10,54,15.710,21505,24330,1014,1154,0
173332,-0.173,0.027,0.073,0.062,0.030,0.051,0.457,-0.560,-0.439,-0.533,0.063,-0.001,21441,24546,11,-11,54,15.710,21505,24330,1014,1154,0
173432,-0.192,0.015,0.048,-0.016,0.083,0.058,0.461,-0.559,-0.438,-0.533,0.067,-0.001,21398,24609,14,-10,53,15.690,21551,24390,969,1188,0
173532,-0.196,-0.007,0.055,-0.013,0.131,-0.010,0.463,-0.556,-0.435,-0.536,0.063,-0.001,21521,24527,14,-12,53,15.690,21551,24390,969,1188,0
173631,-0.187,-0.036,0.062,-0.019,0.150,-0.027,0.466,-0.552,-0.432,-0.540,0.063,-0.000,21575,24506,15,-12,53,15.690,21551,24390,969,1188,0
173732,-0.174,-0.062,0.112,0.008,0.138,-0.029,0.467,-0.548,-0.430,-0.545,0.075,-0.000,21614,24500,14,-13,54,15.690,21551,24630,1018,1105,0
173832,-0.170,-0.084,0.157,-0.046,0.101,0.033,0.469,-0.545,-0.427,-0.549,0.153,0.000,21522,24614,14,-12,54,15.690,21551,24630,1018,1105,0
173933,-0.172,-0.095,0.137,-0.061,0.020,0.011,0.470,-0.544,-0.425,-0.550,0.886,0.000,21646,24681,14,-9,54,15.690,21551,24630,1018,1105,0
174032,-0.155,-0.096,0.048,-0.002,0.003,-0.077,0.469,-0.543,-0.426,-0.552,1.000,0.000,22048,24709,13,-11,53,15.670,21691,24752,1000,1132,0
174133,-0.148,-0.096,0.089,-0.037,-0.011,0.019,0.467,-0.543,-0.425,-0.553,1.000,0.000,22109,25057,13,-10,53,15.670,21691,24752,1000,1132,0
174232,-0.154,-0.089,0.053,0.000,-0.046,-0.012,0.466,-0.545,-0.425,-0.552,0.647,0.000,22339,25186,12,-11,54,15.690,22172,24813,1057,1258,0
174333,-0.149,-0.080,-0.003,-0.012,-0.044,-0.004,0.465,-0.546,-0.427,-0.551,0.063,0.000,22383,25250,12,-10,54,15.690,22172,24813,1057,1258,0
174433,-0.152,-0.075,-0.112,-0.019,-0.003,0.022,0.464,-0.547,-0.427,-0.551,0.024,0.000,22327,25307,13,-11,54,15.690,22172,24813,1057,1258,0
174532,-0.162,-0.083,-0.051,-0.011,0.079,0.000,0.465,-0.547,-0.425,-0.552,0.035,0.000,22347,25301,15,-13,53,15.640,22172,25380,1073,1168,0
174632,-0.145,-0.099,-0.070,-0.009,0.070,-0.052,0.466,-0.544,-0.424,-0.554,0.035,0.000,22472,25203,15,-12,53,15.640,22172,25380,1073,1168,0
174732,-0.138,-0.115,-0.120,-0.006,0.089,0.020,0.467,-0.541,-0.423,-0.557,0.039,0.001,22360,25317,15,-13,53,15.640,22172,25380,1073,1168,0
174833,-0.147,-0.126,-0.281,0.026,0.021,0.028,0.469,-0.540,-0.421,-0.558,0.047,0.001,22331,25360,12,-12,54,15.680,22321,25380,1053,1168,0
174932,-0.160,-0.131,-0.358,0.027,0.032,0.040,0.471,-0.539,-0.420,-0.557,0.051,0.001,22288,25417,14,-14,54,15.680,22321,25380,1053,1168,0
175033,-0.170,-0.142,-0.351,0.000,0.071,0.022,0.474,-0.537,-0.419,-0.557,0.047,0.001,22304,25421,16,-13,54,15.680,22471,25445,1001,1178,0
175133,-0.193,-0.149,-0.314,-0.037,-0.021,0.049,0.476,-0.538,-0.416,-0.558,0.047,0.001,22216,25517,13,-10,54,15.680,22471,25445,1001,1178,0
175232,-0.177,-0.140,-0.325,0.021,-0.030,-0.068,0.473,-0.539,-0.418,-0.558,0.051,0.001,22456,25325,12,-13,54,15.680,22471,25445,1001,1178,0
175332,-0.146,-0.142,-0.205,0.002,0.037,-0.012,0.472,-0.536,-0.421,-0.559,0.051,0.001,22380,25414,15,-13,54,15.650,22624,25316,1036,1162,0
175432,-0.157,-0.147,-0.105,-0.008,-0.009,0.056,0.474,-0.536,-0.420,-0.559,0.051,0.001,22284,25517,14,-11,54,15.650,22624,25316,1036,1162,0
175532,-0.174,-0.146,-0.128,-0.068,-0.026,-0.018,0.474,-0.538,-0.418,-0.558,0.051,0.001,22388,25447,15,-10,54,15.650,22624,25316,1036,1162,0
175632,-0.137,-0.128,-0.131,0.017,-0.127,-0.153,0.469,-0.539,-0.421,-0.559,0.051,0.001,22702,25188,10,-10,54,15.640,22321,25445,1079,1175,0
175732,-0.112,-0.108,-0.139,0.006,-0.059,0.013,0.465,-0.540,-0.426,-0.557,0.051,0.000,22462,25424,13,-11,54,15.640,22321,25445,1079,1175,0
175832,-0.132,-0.104,-0.110,-0.018,-0.004,0.040,0.466,-0.542,-0.424,-0.556,0.051,0.000,22383,25514,14,-12,54,15.610,22321,25188,1062,1272,0
175932,-0.146,-0.104,-0.153,0.004,-0.009,0.018,0.466,-0.543,-0.423,-0.555,0.051,0.000,22399,25519,13,-12,54,15.610,22321,25188,1062,1272,0
176032,-0.152,-0.105,-0.182,0.051,0.014,-0.038,0.467,-0.543,-0.423,-0.555,0.055,0.000,22492,25458,12,-14,54,15.610,22321,25188,1062,1272,0
176132,-0.156,-0.111,-0.135,-0.013,0.034,-0.004,0.468,-0.542,-0.422,-0.555,0.051,0.000,22430,25533,14,-12,54,15.630,22321,25445,1080,1209,0
176232,-0.150,-0.105,-0.185,0.038,-0.070,0.029,0.468,-0.542,-0.424,-0.555,0.055,0.000,22388,25591,10,-11,54,15.630,22321,25445,1080,1209,0
176331,-0.142,-0.088,-0.111,0.011,-0.099,-0.089,0.465,-0.545,-0.426,-0.553,0.063,0.000,22618,25412,11,-10,54,15.680,22573,25252,1065,1196,0
176432,-0.113,-0.072,-0.089,0.006,-0.044,-0.088,0.461,-0.546,-0.429,-0.553,0.078,0.000,22682,25383,12,-11,54,15.680,22573,25252,1065,1196,0
176532,-0.105,-0.070,-0.024,-0.067,0.014,0.041,0.459,-0.546,-0.429,-0.554,0.094,0.000,22482,25593,15,-10,54,15.680,22573,25252,1065,1196,0
176632,-0.121,-0.068,-0.171,-0.051,-0.040,0.012,0.459,-0.548,-0.428,-0.553,0.212,0.000,22526,25604,13,-9,54,15.630,22522,25706,1040,1176,0
176732,-0.121,-0.059,-0.294,-0.058,-0.044,-0.029,0.457,-0.550,-0.427,-0.553,0.553,0.000,22676,25617,13,-10,54,15.630,22522,25706,1040,1176,0
176832,-0.110,-0.048,-0.281,-0.001,-0.074,0.024,0.455,-0.551,-0.429,-0.553,0.604,0.000,22727,25800,11,-10,54,15.630,22522,25706,1040,1176,0
176932,-0.134,-0.033,-0.361,0.008,-0.080,0.052,0.454,-0.555,-0.429,-0.549,0.204,-0.000,22728,25974,11,-10,54,15.630,22522,25575,1118,1256,0
177032,-0.141,-0.014,-0.656,-0.022,-0.110,-0.008,0.452,-0.558,-0.430,-0.547,0.000,-0.000,22822,25905,10,-8,54,15.630,22522,25575,1118,1256,0
177131,-0.146,0.010,-0.832,-0.067,-0.120,0.018,0.448,-0.563,-0.430,-0.545,0.000,-0.001,22761,25959,11,-7,54,15.590,22727,25773,1082,1254,0
177231,-0.148,0.027,-1.259,-0.032,-0.069,0.011,0.445,-0.567,-0.431,-0.543,0.000,-0.001,22763,25956,11,-8,54,15.590,22727,25773,1082,1254,0
177331,-0.158,0.037,-1.436,0.004,-0.040,0.038,0.445,-0.569,-0.431,-0.541,0.000,-0.001,22689,26021,11,-9,54,15.620,22831,26109,1029,1194,0
177432,-0.158,0.042,-1.594,-0.021,-0.024,-0.011,0.445,-0.569,-0.432,-0.540,0.000,-0.001,22770,25951,12,-8,54,15.620,22831,26109,1029,1194,0
177531,-0.126,0.042,-1.500,0.013,0.023,-0.144,0.442,-0.568,-0.433,-0.543,0.000,-0.001,23055,25698,11,-11,54,15.620,22831,26109,1029,1194,0
177631,-0.079,0.033,-1.050,-0.023,0.066,-0.051,0.439,-0.564,-0.436,-0.547,0.000,-0.000,22975,25769,13,-10,54,15.620,23201,25706,1056,1191,0
177732,-0.088,0.022,-1.409,-0.018,0.052,0.028,0.440,-0.564,-0.433,-0.549,0.000,-0.000,22818,25909,12,-11,54,15.620,23201,25706,1056,1191,0
177831,-0.089,0.011,-1.470,-0.030,0.058,0.006,0.441,-0.563,-0.431,-0.550,0.000,-0.000,22850,25880,13,-10,54,15.640,22935,26041,1056,1174,0
177931,-0.085,0.001,-1.092,-0.024,0.041,0.021,0.441,-0.562,-0.430,-0.552,0.000,-0.000,22827,25900,13,-10,54,15.640,22935,26041,1056,1174,0
178031,-0.097,-0.008,-1.015,-0.021,0.054,0.031,0.442,-0.562,-0.427,-0.554,0.000,-0.000,22783,25939,13,-11,54,15.640,22935,26041,1056,1174,0
178131,-0.145,-0.018,-1.121,-0.036,0.050,0.132,0.445,-0.564,-0.420,-0.554,0.000,-0.000,22509,26177,13,-11,55,15.580,22675,25906,1077,1240,0
178231,-0.153,-0.022,-1.041,0.051,-0.014,-0.050,0.446,-0.564,-0.420,-0.554,0.357,-0.000,22856,25958,10,-11,55,15.580,22675,25906,1077,1240,0
178331,-0.162,-0.013,-1.380,-0.030,-0.064,0.089,0.446,-0.566,-0.420,-0.552,0.929,-0.001,22769,26348,11,-8,54,15.590,22675,26525,1104,1132,0
178431,-0.185,0.000,-1.143,0.032,-0.064,-0.002,0.446,-0.569,-0.420,-0.549,0.898,-0.001,23081,26433,10,-10,54,15.590,22675,26525,1104,1132,0
178531,-0.162,0.012,-1.093,0.001,-0.066,-0.057,0.444,-0.568,-0.424,-0.547,0.000,-0.001,23236,26342,11,-8,54,15.600,23310,26041,1072,1312,0
178631,-0.143,0.026,-1.082,-0.039,-0.073,-0.046,0.441,-0.570,-0.426,-0.547,0.000,-0.001,23246,26333,11,-7,54,15.600,23310,26041,1072,1312,0
178731,-0.134,0.039,-0.771,-0.043,-0.053,-0.019,0.438,-0.572,-0.427,-0.547,0.000,-0.001,23211,26364,11,-8,54,15.600,23310,26041,1072,1312,0
178831,-0.127,0.046,-0.653,-0.042,-0.027,0.004,0.435,-0.573,-0.428,-0.547,0.000,-0.001,23177,26394,12,-8,55,15.560,23310,26737,1077,1139,0
178931,-0.112,0.051,-0.561,0.000,-0.018,-0.049,0.434,-0.573,-0.429,-0.547,0.000,-0.001,23292,26293,11,-9,55,15.560,23310,26737,1077,1139,0
179031,-0.087,0.052,-0.478,-0.004,0.001,-0.070,0.432,-0.572,-0.431,-0.548,0.000,-0.000,23369,26225,11,-9,55,15.580,23310,25839,1108,1337,0
179131,-0.086,0.052,-0.428,-0.031,-0.004,0.028,0.431,-0.573,-0.430,-0.549,0.000,-0.000,23200,26374,12,-8,55,15.580,23310,25839,1108,1337,0
179231,-0.089,0.052,-0.540,0.041,-0.004,0.023,0.432,-0.572,-0.431,-0.548,0.000,-0.000,23197,26376,10,-10,55,15.580,23148,26385,1110,1253,0
179331,-0.094,0.052,-0.636,0.037,0.008,0.014,0.434,-0.572,-0.432,-0.547,0.000,-0.001,23200,26374,11,-10,55,15.580,23148,26385,1110,1253,0
179431,-0.107,0.048,-0.677,-0.021,0.030,0.028,0.434,-0.572,-0.430,-0.547,0.000,-0.001,23155,26413,12,-9,55,15.580,23148,26385,1110,1253,0
179531,-0.110,0.038,-0.630,-0.018,0.064,0.022,0.435,-0.571,-0.428,-0.549,0.000,-0.001,23158,26411,13,-10,55,15.580,23201,25974,1086,1348,0
179631,-0.121,0.025,-0.549,-0.003,0.066,0.011,0.437,-0.570,-0.426,-0.550,0.000,-0.001,23159,26410,13,-11,55,15.580,23201,25974,1086,1348,0
179731,-0.129,0.011,-0.516,0.048,0.071,-0.029,0.439,-0.569,-0.424,-0.552,0.000,-0.000,23214,26362,11,-13,55,15.570,23148,26595,1071,1216,0
179831,-0.121,-0.002,-0.364,-0.004,0.068,-0.020,0.440,-0.567,-0.422,-0.554,0.000,-0.000,23213,26363,13,-11,55,15.570,23148,26595,1071,1216,0
179931,-0.106,-0.013,-0.449,-0.016,0.050,-0.029,0.440,-0.564,-0.422,-0.557,0.000,-0.000,23254,26326,13,-11,55,15.580,23310,26246,1086,1258,0
180031,-0.115,-0.020,-0.432,0.038,0.024,0.000,0.440,-0.565,-0.420,-0.558,0.000,-0.000,23188,26384,11,-12,55,15.580,23310,26246,1086,1258,0
180131,-0.116,-0.022,-0.567,0.016,-0.004,0.028,0.441,-0.564,-0.420,-0.557,0.000,-0.000,23138,26428,12,-10,55,15.580,23310,26246,1086,1258,0
180231,-0.128,-0.020,-0.516,0.040,-0.016,0.024,0.443,-0.564,-0.421,-0.556,0.000,-0.000,23123,26441,11,-11,56,15.580,22935,26666,1141,1187,0
180331,-0.132,-0.017,-0.394,-0.016,-0.011,-0.007,0.443,-0.565,-0.420,-0.555,0.000,-0.000,23171,26399,12,-10,56,15.580,22935,26666,1141,1187,0
180431,-0.135,-0.016,-0.361,-0.010,-0.010,0.022,0.442,-0.566,-0.420,-0.556,0.000,-0.000,23116,26447,12,-10,55,15.570,23041,26455,1122,1234,0
180531,-0.155,-0.013,-0.377,-0.016,-0.006,0.011,0.443,-0.568,-0.418,-0.555,0.000,-0.000,23100,26462,12,-10,55,15.570,23041,26455,1122,1234,0
180631,-0.116,-0.011,-0.280,0.032,-0.012,-0.160,0.440,-0.565,-0.422,-0.556,0.000,-0.000,23461,26142,11,-11,55,15.560,23419,26246,1062,1254,0
180731,-0.077,-0.008,-0.067,-0.029,-0.031,-0.048,0.437,-0.564,-0.425,-0.557,0.000,-0.000,23336,26253,12,-9,55,15.560,23419,26246,1062,1254,0
180831,-0.086,-0.001,0.025,-0.012,-0.029,0.042,0.437,-0.565,-0.424,-0.557,0.000,-0.000,23166,26404,11,-10,55,15.550,23310,26109,1055,1318,0
180931,-0.113,0.001,-0.048,-0.044,-0.009,0.088,0.438,-0.568,-0.422,-0.555,0.000,-0.000,23040,26514,13,-9,55,15.550,23310,26109,1055,1318,0
181031,-0.130,0.002,-0.223,-0.030,0.011,0.021,0.438,-0.569,-0.421,-0.554,0.000,-0.000,23126,26439,13,-10,56,15.550,23201,26737,1066,1171,0
181131,-0.139,-0.003,-0.232,-0.066,0.039,0.093,0.439,-0.569,-0.419,-0.555,0.000,-0.000,22986,26561,15,-9,56,15.550,23201,26737,1066,1171,0
181231,-0.185,-0.016,-0.168,0.007,0.072,0.081,0.442,-0.570,-0.413,-0.555,0.000,-0.001,22926,26612,13,-13,56,15.550,23201,26737,1066,1171,0
181331,-0.216,-0.036,-0.089,-0.039,0.130,0.126,0.447,-0.569,-0.409,-0.556,0.000,-0.001,22794,26726,16,-12,56,15.550,22883,26525,1089,1277,0
181431,-0.212,-0.061,-0.084,-0.028,0.121,-0.064,0.450,-0.565,-0.407,-0.559,0.000,-0.000,23133,26433,16,-12,56,15.550,22883,26525,1089,1277,0
181531,-0.169,-0.084,-0.027,-0.027,0.081,-0.103,0.449,-0.560,-0.407,-0.565,0.000,0.000,23274,26309,15,-12,56,15.560,23041,26315,1111,1281,0
181631,-0.133,-0.090,-0.076,0.004,-0.001,-0.093,0.446,-0.557,-0.408,-0.569,0.000,0.000,23319,26269,12,-11,56,15.560,23041,26315,1111,1281,0
181731,-0.110,-0.089,-0.043,-0.032,-0.008,-0.048,0.444,-0.557,-0.409,-0.570,0.000,0.000,23280,26303,14,-11,56,15.580,23201,26109,1118,1288,0
181831,-0.101,-0.088,-0.161,-0.026,0.008,0.001,0.442,-0.557,-0.409,-0.572,0.000,0.000,23211,26364,14,-11,56,15.580,23201,26109,1118,1288,0
181931,-0.104,-0.090,-0.390,-0.038,-0.009,0.019,0.441,-0.558,-0.408,-0.573,0.000,0.000,23175,26396,14,-10,56,15.570,23255,26246,1079,1278,0
182031,-0.108,-0.089,-0.669,-0.048,-0.013,0.030,0.440,-0.559,-0.406,-0.573,0.000,0.000,23149,26418,14,-10,56,15.570,23255,26246,1079,1278,0
182131,-0.117,-0.083,-0.816,-0.059,-0.037,0.038,0.439,-0.562,-0.405,-0.573,0.000,0.000,23119,26445,13,-10,56,15.550,23041,26246,1124,1288,0
182231,-0.114,-0.075,-0.775,0.007,-0.048,-0.051,0.437,-0.563,-0.405,-0.573,0.000,0.000,23279,26304,12,-11,56,15.550,23041,26246,1124,1288,0
182331,-0.083,-0.064,-0.588,0.008,-0.070,-0.042,0.434,-0.563,-0.409,-0.572,0.000,0.000,23316,26271,12,-10,56,15.530,23419,26246,1086,1239,0
182431,-0.086,-0.048,-0.536,-0.008,-0.078,0.000,0.432,-0.566,-0.410,-0.570,0.620,0.000,23307,26400,11,-10,56,15.530,23419,26246,1086,1239,0
182531,-0.096,-0.034,-0.610,-0.033,-0.068,0.003,0.430,-0.569,-0.409,-0.569,1.000,-0.000,23493,26605,12,-9,56,15.550,23364,26666,1097,1233,0
182631,-0.083,-0.021,-0.421,-0.028,-0.069,-0.018,0.427,-0.571,-0.411,-0.568,0.827,-0.000,23754,26733,12,-9,56,15.550,23364,26666,1097,1233,0
182731,-0.092,-0.001,-0.459,0.012,-0.117,0.066,0.426,-0.574,-0.412,-0.565,0.149,-0.000,23679,26943,9,-8,56,15.510,23474,26881,1183,1270,0
182831,-0.128,0.026,-0.327,0.018,-0.150,0.074,0.426,-0.579,-0.413,-0.559,0.122,-0.001,23630,27031,9,-7,56,15.510,23474,26881,1183,1270,0
182931,-0.130,0.056,-0.401,-0.010,-0.153,-0.017,0.424,-0.583,-0.417,-0.553,0.122,-0.001,23806,26922,9,-6,56,15.520,23809,27322,1117,1180,0
183031,-0.117,0.081,-0.381,-0.011,-0.107,-0.002,0.420,-0.586,-0.421,-0.551,0.122,-0.001,23829,26946,10,-7,56,15.520,23809,27322,1117,1180,0
183131,-0.122,0.096,-0.345,0.039,-0.047,0.003,0.419,-0.588,-0.422,-0.548,0.122,-0.001,23836,26986,9,-9,56,15.490,23923,27472,1102,1160,0
183231,-0.150,0.098,-0.307,0.022,0.019,0.063,0.421,-0.589,-0.421,-0.546,0.133,-0.001,23715,27139,11,-10,56,15.490,23923,27472,1102,1160,0
183331,-0.168,0.091,-0.353,0.054,0.042,0.011,0.425,-0.588,-0.420,-0.545,0.122,-0.002,23799,27112,11,-11,56,15.490,23923,27472,1102,1160,0
183431,-0.151,0.082,-0.442,0.076,0.011,-0.068,0.427,-0.584,-0.423,-0.545,0.125,-0.001,23987,26993,9,-9,56,15.480,23696,26881,1150,1344,0
183531,-0.128,0.091,-0.355,0.172,-0.071,-0.087,0.427,-0.582,-0.429,-0.543,0.125,-0.001,24082,26955,5,-11,56,15.480,23696,26881,1150,1344,0
183631,-0.105,0.103,-0.264,0.162,-0.043,-0.068,0.427,-0.580,-0.435,-0.540,0.122,-0.001,24115,26972,7,-11,56,15.470,24038,27100,1131,1262,0
183731,-0.093,0.108,-0.261,0.140,-0.021,0.004,0.430,-0.577,-0.440,-0.537,0.122,-0.001,24040,27084,8,-10,56,15.470,24038,27100,1131,1262,0
183831,-0.107,0.108,-0.293,-0.018,0.008,-0.001,0.430,-0.578,-0.439,-0.536,0.133,-0.001,24053,27119,11,-8,56,15.460,24038,26737,1123,1391,0
183931,-0.108,0.104,-0.287,0.013,0.028,0.028,0.431,-0.578,-0.438,-0.537,0.125,-0.001,24030,27186,10,-9,56,15.460,24038,26737,1123,1391,0
184031,-0.096,0.095,-0.298,0.136,0.056,-0.100,0.433,-0.574,-0.440,-0.538,0.125,-0.001,24287,27003,8,-13,56,15.470,24096,26881,1144,1356,0
184131,-0.030,0.091,-0.324,-0.030,-0.053,-0.173,0.430,-0.569,-0.446,-0.540,0.133,-0.000,24546,26816,10,-5,56,15.470,24096,26881,1144,1356,0
184231,0.060,0.110,-0.401,-0.054,-0.076,-0.066,0.420,-0.568,-0.453,-0.544,0.133,0.000,24554,26858,10,-6,56,15.470,24449,26455,1282,1281,0
184331,-0.009,0.103,-0.335,-0.023,0.126,0.294,0.424,-0.572,-0.445,-0.542,0.125,-0.000,23865,27518,14,-12,56,15.470,24449,26455,1282,1281,0
184431,-0.101,0.056,-0.395,-0.087,0.292,0.139,0.434,-0.572,-0.432,-0.545,0.125,-0.001,23989,27456,19,-13,56,15.470,23696,27027,1176,1435,0
184531,-0.112,0.003,-0.326,-0.143,0.258,-0.022,0.438,-0.567,-0.423,-0.554,0.125,-0.000,24264,27261,19,-11,56,15.470,23696,27027,1176,1435,0
184631,-0.088,-0.042,-0.381,-0.152,0.209,-0.006,0.438,-0.562,-0.417,-0.564,0.125,0.000,24302,27273,19,-11,57,15.500,24271,27322,1175,1263,0
184731,-0.075,-0.078,-0.535,-0.264,0.173,-0.061,0.436,-0.560,-0.409,-0.574,0.133,0.000,24443,27196,21,-8,57,15.500,24271,27322,1175,1263,0
184831,-0.063,-0.113,-0.434,-0.319,0.248,0.010,0.428,-0.561,-0.396,-0.587,0.125,0.000,24372,27306,23,-12,56,15.460,24449,27173,1145,1316,0
184931,-0.058,-0.184,-0.534,-0.126,0.398,-0.086,0.431,-0.553,-0.385,-0.600,0.125,0.001,24561,27183,24,-18,56,15.460,24449,27173,1145,1316,0
185031,-0.052,-0.230,-0.453,0.063,0.098,-0.008,0.434,-0.546,-0.380,-0.607,0.133,0.001,24471,27311,12,-16,56,15.460,24449,27173,1145,1316,0
185131,-0.023,-0.236,-0.385,0.159,0.031,-0.136,0.436,-0.542,-0.384,-0.607,0.122,0.000,24753,27103,12,-17,57,15.500,24813,26881,1070,1349,0
185231,-0.025,-0.236,-0.342,-0.109,0.007,0.029,0.435,-0.543,-0.383,-0.608,0.125,0.000,24509,27370,19,-11,57,15.500,24813,26881,1070,1349,0
185331,-0.039,-0.252,-0.325,-0.006,0.123,-0.108,0.433,-0.544,-0.376,-0.613,0.125,0.001,24732,27214,17,-19,57,15.460,24630,26954,1120,1409,0
185431,0.023,-0.260,-0.286,0.024,-0.093,-0.061,0.428,-0.540,-0.379,-0.618,0.122,-0.000,24789,27208,11,-12,57,15.460,24630,26954,1120,1409,0
185531,0.051,-0.231,-0.358,0.043,-0.187,-0.118,0.424,-0.542,-0.385,-0.615,0.125,-0.001,24954,27103,11,-11,57,15.430,24813,27100,1171,1326,0
185631,0.122,-0.193,-0.425,-0.139,-0.139,-0.054,0.416,-0.544,-0.394,-0.613,0.125,-0.002,25002,27105,18,-7,57,15.430,24813,27100,1171,1326,0
185731,0.141,-0.177,-0.507,0.016,-0.052,-0.354,0.407,-0.549,-0.393,-0.615,0.125,-0.002,25539,26647,12,-15,57,15.450,25252,27173,1133,1276,0
185831,0.342,-0.165,-0.582,0.194,-0.032,-0.632,0.392,-0.540,-0.409,-0.622,0.125,-0.006,26332,25914,9,-18,57,15.450,25252,27173,1133,1276,0
185931,0.567,-0.173,-0.782,-0.694,0.347,-0.480,0.373,-0.528,-0.422,-0.635,0.125,-0.013,26507,25784,44,-5,57,15.460,26315,25706,1342,1214,0
186031,0.580,-0.244,-0.733,-0.242,-0.071,0.258,0.378,-0.517,-0.415,-0.646,0.133,-0.016,25438,26887,17,-1,57,15.460,26315,25706,1342,1214,0
186131,0.554,-0.162,-0.421,-0.337,-0.341,-0.090,0.358,-0.540,-0.410,-0.642,0.125,-0.012,25984,26407,14,-4,57,15.460,26315,25706,1342,1214,0
186231,0.571,-0.096,-0.407,-0.018,-0.470,0.162,0.348,-0.551,-0.415,-0.635,0.125,-0.010,25668,26761,4,-3,57,15.460,26455,25974,1121,1366,0
186331,0.490,-0.005,-0.607,-0.123,-0.411,0.256,0.345,-0.570,-0.417,-0.618,0.122,-0.005,25430,27034,10,0,57,15.460,26455,25974,1121,1366,0
186431,0.359,0.041,-0.729,-0.159,-0.068,0.336,0.344,-0.588,-0.405,-0.610,0.125,-0.002,25125,27363,15,-9,57,15.430,25510,27100,1198,1268,0
186531,0.112,0.042,-0.778,-0.167,-0.058,0.743,0.357,-0.604,-0.382,-0.601,0.122,0.000,24068,28341,13,-7,57,15.430,25510,27100,1198,1268,0
186631,-0.068,0.025,-0.490,0.129,0.081,0.211,0.372,-0.610,-0.366,-0.596,0.125,-0.000,24655,27877,9,-16,57,15.440,24509,27322,1138,1304,0
186731,-0.068,0.032,-0.493,0.092,-0.004,-0.040,0.375,-0.609,-0.371,-0.593,0.125,-0.000,25081,27540,11,-11,57,15.440,24509,27322,1138,1304,0
186831,-0.065,0.015,-0.573,0.028,0.069,-0.071,0.378,-0.605,-0.371,-0.594,0.125,-0.000,25158,27515,13,-11,57,15.410,25188,27247,1151,1394,0
186931,-0.045,0.024,-0.683,-0.107,-0.056,-0.028,0.373,-0.607,-0.371,-0.596,0.125,-0.000,25145,27572,13,-7,57,15.410,25188,27247,1151,1394,0
187031,0.088,0.016,-0.897,0.414,0.030,-0.640,0.368,-0.597,-0.384,-0.601,0.133,-0.000,26343,26477,2,-21,57,15.460,25641,26737,1399,1229,0
187131,0.275,0.045,-0.924,0.141,-0.238,-0.242,0.359,-0.587,-0.408,-0.600,0.125,-0.001,26071,26793,5,-5,57,15.460,25641,26737,1399,1229,0
187231,0.346,0.089,-1.028,0.157,-0.146,-0.207,0.353,-0.587,-0.421,-0.594,0.125,-0.001,26168,26745,7,-9,57,15.460,25641,26737,1399,1229,0
187331,0.402,0.102,-0.793,-0.158,-0.011,0.100,0.348,-0.585,-0.428,-0.594,0.125,-0.001,25826,27122,17,-4,58,15.420,26455,26809,1187,1252,0
187431,0.382,0.124,-0.663,-0.230,-0.157,-0.060,0.341,-0.595,-0.421,-0.594,0.125,0.000,26078,26926,12,-2,58,15.420,26455,26809,1187,1252,0
187531,0.338,0.137,-0.925,-0.352,-0.114,0.321,0.334,-0.605,-0.411,-0.595,0.125,0.001,25451,27565,14,0,58,15.400,25706,27247,1277,1267,0
187631,0.237,0.164,-0.941,-0.149,-0.109,0.226,0.329,-0.621,-0.395,-0.592,0.125,0.001,25467,27595,8,-7,58,15.400,25706,27247,1277,1267,0
187731,0.168,0.189,-1.158,-0.028,-0.136,0.232,0.329,-0.630,-0.388,-0.587,0.122,0.001,25373,27726,6,-6,57,15.410,25510,27624,1218,1306,0
187831,0.047,0.181,-0.950,-0.181,0.257,0.359,0.334,-0.637,-0.373,-0.586,0.122,0.000,24995,28111,20,-12,57,15.410,25510,27624,1218,1306,0
187931,-0.076,0.108,-0.868,-0.163,0.404,0.221,0.342,-0.636,-0.349,-0.596,0.118,-0.001,25029,28124,20,-15,58,15.410,25000,27932,1187,1407,0
188031,-0.105,0.050,-0.689,0.002,0.141,-0.080,0.345,-0.632,-0.337,-0.607,0.122,-0.001,25477,27762,9,-12,58,15.410,25000,27932,1187,1407,0
188131,-0.042,0.045,-0.742,0.029,-0.009,-0.201,0.342,-0.627,-0.343,-0.610,0.118,-0.000,25792,27513,10,-9,58,15.410,25000,27932,1187,1407,0
188231,0.051,0.034,-0.756,0.004,0.078,-0.226,0.338,-0.620,-0.352,-0.614,0.122,0.000,26005,27355,14,-10,58,15.390,25641,27932,1278,1210,0
188331,0.103,0.019,-0.821,-0.018,0.036,-0.128,0.333,-0.617,-0.353,-0.620,0.118,-0.000,25966,27436,12,-10,58,15.390,25641,27932,1278,1210,0
188431,0.179,0.017,-1.046,0.130,0.029,-0.280,0.329,-0.612,-0.360,-0.622,0.118,-0.000,26350,27110,10,-13,58,15.390,26041,27173,1248,1360,0
188531,0.334,0.006,-0.859,0.236,0.174,-0.542,0.325,-0.599,-0.378,-0.627,0.118,-0.002,27022,26484,13,-18,58,15.390,26041,27173,1248,1360,0
188631,0.410,-0.030,-0.481,-0.140,0.038,-0.104,0.318,-0.592,-0.376,-0.637,0.122,-0.004,26526,27025,14,-7,58,15.360,26385,27247,1271,1266,0
188731,0.446,-0.073,-0.411,-0.142,0.262,0.070,0.316,-0.586,-0.373,-0.647,0.122,-0.006,26358,27233,20,-14,58,15.360,26385,27247,1271,1266,0
188831,0.424,-0.075,-0.578,-0.214,-0.248,0.081,0.312,-0.590,-0.365,-0.649,0.118,-0.005,26345,27290,9,-1,59,15.360,26109,27624,1342,1221,0
188931,0.357,-0.060,-0.928,-0.283,0.004,0.280,0.311,-0.598,-0.357,-0.647,0.118,-0.003,25969,27690,20,-6,59,15.360,26109,27624,1342,1221,0
189031,0.211,-0.046,-1.040,-0.209,-0.153,0.377,0.313,-0.611,-0.339,-0.643,0.118,-0.001,25612,28063,13,-5,59,15.360,26109,27624,1342,1221,0
189131,0.083,-0.042,-1.078,-0.092,-0.041,0.228,0.318,-0.620,-0.324,-0.640,0.114,-0.000,25661,28059,12,-9,59,15.350,25641,28328,1232,1275,0
189231,0.030,-0.022,-1.077,-0.077,-0.028,0.090,0.317,-0.627,-0.318,-0.636,0.114,-0.000,25811,27962,13,-10,59,15.350,25641,28328,1232,1275,0
189331,0.020,-0.023,-1.042,-0.091,0.001,0.000,0.316,-0.628,-0.316,-0.637,0.114,-0.000,25958,27867,15,-9,59,15.410,25773,28089,1282,1286,0
189431,-0.003,-0.029,-1.047,-0.191,0.034,0.186,0.318,-0.629,-0.313,-0.637,0.114,0.000,25653,28187,19,-6,59,15.410,25773,28089,1282,1286,0
189531,-0.036,-0.036,-0.854,-0.074,0.002,-0.033,0.318,-0.630,-0.306,-0.639,0.110,0.000,25960,27944,14,-9,59,15.350,26041,27932,1208,1362,0
189631,-0.015,-0.051,-0.926,0.117,0.153,-0.040,0.316,-0.628,-0.305,-0.643,0.110,0.000,26024,27924,13,-18,59,15.350,26041,27932,1208,1362,0
189731,0.011,-0.085,-1.046,-0.009,0.191,-0.038,0.319,-0.620,-0.308,-0.648,0.114,-0.000,26085,27907,19,-14,59,15.350,26041,27932,1208,1362,0
189831,0.023,-0.124,-1.035,0.050,0.240,-0.100,0.321,-0.613,-0.305,-0.654,0.106,-0.000,26221,27819,18,-18,59,15.380,25974,28011,1274,1320,0
189931,0.041,-0.172,-1.023,-0.197,0.244,0.000,0.322,-0.605,-0.302,-0.663,0.094,-0.000,26118,27952,25,-12,59,15.380,25974,28011,1274,1320,0
190031,0.016,-0.215,-0.973,-0.201,-0.004,0.084,0.320,-0.602,-0.290,-0.672,0.102,-0.000,25968,28126,16,-7,59,15.320,26385,28011,1181,1337,0
190131,-0.009,-0.142,-1.010,-0.217,-0.718,-0.016,0.309,-0.619,-0.286,-0.663,0.094,0.000,26100,28038,0,7,59,15.320,26385,28011,1181,1337,0
190231,0.044,-0.009,-1.065,-0.050,-0.568,-0.193,0.291,-0.640,-0.297,-0.646,0.086,-0.000,26473,27716,3,-2,59,15.350,26315,27855,1295,1312,0
190331,0.123,0.082,-0.959,0.016,-0.233,-0.253,0.278,-0.651,-0.310,-0.634,0.051,0.000,26704,27514,10,-9,59,15.350,26315,27855,1295,1312,0
190431,0.212,0.111,-0.869,0.130,-0.092,-0.331,0.270,-0.652,-0.321,-0.632,0.012,0.001,26975,27262,8,-11,59,15.350,26315,27855,1295,1312,0
190531,0.344,0.114,-0.846,0.100,0.048,-0.066,0.260,-0.647,-0.332,-0.636,0.000,0.001,26799,27437,10,-13,59,15.360,26809,27397,1334,1285,0
190631,0.315,0.101,-1.223,0.102,0.074,0.053,0.266,-0.645,-0.331,-0.636,0.000,0.001,26588,27642,10,-12,59,15.360,26809,27397,1334,1285,0
190731,0.297,0.092,-1.221,-0.143,0.000,0.083,0.268,-0.644,-0.330,-0.636,0.000,0.000,26525,27701,15,-4,60,15.300,26881,27322,1218,1400,0
190831,0.247,0.101,-1.265,-0.110,-0.066,0.236,0.268,-0.649,-0.323,-0.635,0.000,0.001,26224,27987,12,-5,60,15.300,26881,27322,1218,1400,0
190931,0.148,0.103,-1.256,-0.053,0.024,0.172,0.272,-0.655,-0.311,-0.633,0.000,0.001,26167,28040,11,-9,60,15.310,25641,28328,1374,1280,0
191031,0.119,0.091,-1.329,-0.122,0.132,-0.006,0.273,-0.655,-0.305,-0.635,0.000,0.000,26395,27825,16,-9,60,15.310,25641,28328,1374,1280,0
191131,0.165,0.049,-1.371,-0.037,0.336,-0.148,0.271,-0.648,-0.305,-0.644,0.000,0.000,26688,27544,20,-16,60,15.310,25641,28328,1374,1280,0
191231,0.209,-0.011,-1.460,0.039,0.177,-0.068,0.275,-0.635,-0.307,-0.654,0.000,-0.001,26647,27585,14,-12,60,15.320,26455,27855,1343,1252,0
191331,0.215,-0.023,-1.612,0.080,0.059,-0.027,0.277,-0.632,-0.308,-0.655,0.000,-0.001,26602,27628,12,-12,60,15.320,26455,27855,1343,1252,0
191431,0.234,-0.038,-1.588,0.111,0.038,-0.022,0.278,-0.628,-0.310,-0.657,0.000,-0.001,26634,27597,11,-13,60,15.340,26737,27777,1272,1272,0
191531,0.268,-0.039,-1.127,0.029,0.022,-0.152,0.277,-0.626,-0.315,-0.658,0.000,-0.002,26891,27347,13,-11,60,15.340,26737,27777,1272,1272,0
191631,0.337,-0.042,-0.920,0.086,0.023,-0.088,0.273,-0.622,-0.321,-0.660,0.000,-0.003,26917,27322,12,-13,60,15.300,26881,26954,1348,1367,0
191731,0.325,-0.047,-0.808,0.032,-0.004,0.082,0.274,-0.622,-0.320,-0.661,0.000,-0.002,26655,27576,12,-11,60,15.300,26881,26954,1348,1367,0
191831,0.269,-0.037,-0.879,-0.037,-0.073,0.196,0.277,-0.626,-0.315,-0.658,0.000,-0.002,26405,27816,12,-8,60,15.300,26881,26954,1348,1367,0
191931,0.192,-0.014,-0.888,0.016,-0.120,0.170,0.280,-0.633,-0.309,-0.652,0.000,-0.001,26329,27888,9,-9,61,15.280,26737,27932,1203,1301,0
192031,0.157,0.005,-0.892,-0.001,-0.122,0.150,0.282,-0.637,-0.308,-0.647,0.000,-0.000,26309,27907,10,-7,61,15.280,26737,27932,1203,1301,0
192131,0.081,0.020,-0.702,-0.079,-0.114,0.262,0.287,-0.643,-0.303,-0.642,0.000,0.000,26019,28177,12,-5,60,15.290,25974,28409,1341,1235,0
192231,0.004,0.057,-0.783,0.067,-0.209,0.079,0.291,-0.651,-0.300,-0.633,-1.000,0.000,26045,27911,6,-7,60,15.290,25974,28409,1341,1235,0
192331,-0.002,0.091,-1.101,0.131,-0.117,-0.070,0.292,-0.655,-0.306,-0.626,-0.808,-0.000,26082,27533,7,-10,60,15.310,26315,27777,1196,1293,0
192431,0.042,0.111,-1.244,-0.071,-0.121,-0.171,0.292,-0.654,-0.315,-0.622,0.000,0.000,26241,27250,13,-1,60,15.310,26315,27777,1196,1293,0
192531,0.099,0.140,-1.078,-0.013,-0.074,-0.059,0.282,-0.658,-0.319,-0.621,0.000,0.001,26165,27324,10,-8,60,15.310,26315,27777,1196,1293,0
192631,0.093,0.142,-1.060,-0.460,-0.033,0.161,0.276,-0.662,-0.312,-0.623,0.000,0.001,25819,27650,20,4,61,15.310,26315,26954,1221,1408,0
192731,0.040,0.155,-1.251,-0.144,0.022,0.069,0.274,-0.669,-0.303,-0.621,0.000,0.000,25876,27597,14,-7,61,15.310,26315,26954,1221,1408,0
192831,0.038,0.140,-1.194,-0.018,0.057,0.000,0.273,-0.668,-0.299,-0.625,0.000,0.000,25981,27499,10,-9,61,15.320,25641,27700,1339,1268,0
192931,0.029,0.122,-1.434,0.000,0.226,-0.020,0.273,-0.666,-0.295,-0.628,0.000,0.000,25998,27483,15,-14,61,15.320,25641,27700,1339,1268,0
193031,0.046,0.073,-1.320,0.262,0.181,-0.048,0.281,-0.655,-0.299,-0.635,0.000,0.000,26071,27413,8,-17,61,15.320,25641,27700,1339,1268,0
193131,0.097,0.067,-1.271,0.183,-0.101,-0.231,0.281,-0.650,-0.307,-0.636,0.000,0.000,26436,27061,3,-9,60,15.310,25641,27777,1359,1224,0
193231,0.179,0.094,-0.939,-0.420,-0.214,-0.117,0.272,-0.652,-0.315,-0.634,0.000,0.001,26399,27097,18,10,60,15.310,25641,27777,1359,1224,0
193331,0.167,0.131,-0.940,-0.078,-0.161,0.131,0.260,-0.663,-0.306,-0.632,0.000,0.001,26008,27473,6,-7,61,15.340,26525,27027,1193,1361,0
193431,0.141,0.160,-0.772,-0.109,-0.162,0.051,0.258,-0.669,-0.304,-0.627,0.000,0.001,26094,27392,9,-2,61,15.340,26525,27027,1193,1361,0
193531,0.089,0.149,-0.915,-0.084,0.303,0.242,0.259,-0.671,-0.294,-0.629,0.000,0.001,25717,27746,19,-15,61,15.340,25906,27700,1219,1314,0
193631,0.023,0.086,-1.114,-0.039,0.292,0.098,0.267,-0.665,-0.283,-0.638,-0.047,0.000,25832,27634,16,-13,61,15.340,25906,27700,1219,1314,0
193731,0.002,0.054,-1.287,0.012,0.018,0.031,0.270,-0.661,-0.277,-0.643,-1.000,0.000,25793,27469,8,-8,61,15.340,25906,27700,1219,1314,0
193831,0.006,0.053,-1.212,0.081,0.002,0.026,0.270,-0.660,-0.279,-0.643,-1.000,0.000,25615,27271,9,-10,61,15.330,25839,27027,1238,1410,0
193931,-0.002,0.055,-1.124,-0.032,0.000,0.002,0.271,-0.661,-0.278,-0.642,0.000,-0.000,25572,27189,12,-7,61,15.330,25839,27027,1238,1410,0
194031,0.002,0.064,-1.088,-0.146,-0.163,-0.033,0.269,-0.663,-0.278,-0.642,0.000,0.000,25634,27130,11,0,61,15.310,25510,26881,1251,1380,0
194131,0.071,0.093,-0.977,0.113,-0.019,-0.247,0.259,-0.666,-0.283,-0.640,0.000,0.000,26080,26702,8,-14,61,15.310,25510,26881,1251,1380,0
194231,0.124,0.068,-0.902,0.046,0.263,-0.010,0.263,-0.657,-0.293,-0.643,0.000,0.000,25806,26966,20,-13,61,15.310,25510,26881,1251,1380,0
194331,0.173,0.019,-0.936,0.159,0.186,-0.241,0.264,-0.646,-0.295,-0.652,0.000,-0.000,26247,26537,11,-15,61,15.290,25839,27100,1256,1236,0
194431,0.246,-0.011,-0.819,-0.127,0.126,-0.109,0.261,-0.638,-0.299,-0.659,0.000,-0.001,26172,26612,18,-7,61,15.290,25839,27100,1256,1236,0
194531,0.278,-0.021,-0.679,-0.162,-0.033,-0.078,0.253,-0.638,-0.295,-0.664,0.000,-0.001,26186,26598,13,-6,61,15.310,26109,27173,1271,1142,0
194631,0.318,-0.039,-0.713,-0.006,0.126,-0.058,0.251,-0.634,-0.297,-0.669,0.000,-0.002,26233,26552,15,-13,61,15.310,26109,27173,1271,1142,0
194731,0.294,-0.038,-0.816,-0.139,-0.182,0.113,0.250,-0.636,-0.293,-0.669,0.000,-0.002,25943,26835,10,-1,61,15.310,26109,27173,1271,1142,0
194831,0.273,-0.026,-0.684,-0.031,0.138,0.046,0.249,-0.640,-0.290,-0.667,0.000,-0.001,26023,26757,18,-14,61,15.330,26041,26881,1228,1272,0
194931,0.224,-0.050,-0.817,-0.143,-0.024,0.132,0.252,-0.639,-0.282,-0.670,0.000,-0.001,25818,26955,14,-5,61,15.330,26041,26881,1228,1272,0
195031,0.169,-0.036,-0.737,-0.048,0.083,0.169,0.252,-0.645,-0.275,-0.668,0.000,-0.001,25679,27087,16,-14,61,15.330,25773,27472,1238,1177,0
195131,0.114,-0.052,-0.647,-0.098,-0.101,0.126,0.254,-0.645,-0.265,-0.670,0.000,-0.001,25653,27112,11,-5,61,15.330,25773,27472,1238,1177,0
195231,0.062,-0.020,-0.625,0.074,-0.184,0.061,0.255,-0.653,-0.263,-0.663,0.000,-0.000,25678,27088,6,-9,61,15.330,25773,27472,1238,1177,0
195331,0.069,-0.001,-0.458,0.066,-0.060,-0.003,0.256,-0.654,-0.267,-0.659,0.000,-0.000,25792,26980,11,-10,61,15.290,25575,26954,1258,1333,0
195431,0.073,0.009,-0.373,0.066,-0.008,-0.049,0.258,-0.655,-0.271,-0.657,0.000,-0.000,25872,26903,12,-10,61,15.290,25575,26954,1258,1333,0
195531,0.085,0.005,-0.439,0.160,0.034,0.059,0.260,-0.653,-0.274,-0.657,0.000,-0.000,25728,27041,9,-14,62,15.300,26109,26881,1189,1294,0
195631,0.073,-0.003,-0.621,0.118,-0.006,-0.029,0.266,-0.650,-0.278,-0.656,0.000,-0.000,25847,26928,10,-10,62,15.300,26109,26881,1189,1294,0
195731,0.103,0.013,-0.680,0.003,-0.132,-0.111,0.264,-0.651,-0.283,-0.653,0.000,-0.000,26026,26754,10,-5,63,15.320,26041,26809,1241,1275,0
195831,0.088,0.035,-0.682,-0.072,-0.047,0.182,0.263,-0.655,-0.282,-0.650,0.000,0.000,25550,27209,13,-7,63,15.320,26041,26809,1241,1275,0
195931,0.037,0.040,-0.585,0.018,-0.026,0.070,0.267,-0.658,-0.278,-0.647,-1.000,0.000,25495,26981,11,-9,63,15.320,26041,26809,1241,1275,0
196031,0.047,0.041,-0.532,0.018,0.020,-0.171,0.266,-0.657,-0.279,-0.647,-0.969,0.000,25696,26416,12,-10,62,15.290,25445,26809,1247,1294,0
196131,0.125,0.034,-0.691,0.047,0.056,-0.261,0.263,-0.652,-0.288,-0.650,0.000,0.000,25888,26068,13,-10,62,15.290,25445,26809,1247,1294,0
196231,0.257,0.012,-0.846,-0.210,0.143,-0.372,0.252,-0.645,-0.296,-0.658,0.000,-0.001,26280,25673,21,-6,62,15.330,26385,25510,1211,1300,0
196331,0.324,-0.016,-0.955,-0.103,0.096,0.297,0.244,-0.640,-0.295,-0.667,0.000,-0.002,25366,26577,15,-10,62,15.330,26385,25510,1211,1300,0
196431,0.232,-0.027,-0.910,-0.053,0.092,0.270,0.251,-0.642,-0.285,-0.666,0.000,-0.001,25265,26673,16,-11,62,15.330,26385,25510,1211,1300,0
196531,0.133,-0.059,-0.686,-0.046,0.160,0.227,0.260,-0.640,-0.274,-0.669,0.000,-0.001,25174,26759,17,-12,62,15.310,25252,26525,1211,1321,0
196631,0.042,-0.071,-0.276,-0.263,-0.111,0.267,0.264,-0.643,-0.261,-0.669,0.000,-0.000,24960,26959,15,0,62,15.310,25252,26525,1211,1321,0
196731,-0.042,-0.033,-0.059,-0.040,-0.212,0.119,0.263,-0.654,-0.252,-0.662,0.000,0.000,25053,26872,7,-7,62,15.320,25188,26809,1150,1322,0
196831,-0.089,0.005,-0.066,-0.064,-0.189,0.143,0.265,-0.662,-0.251,-0.654,0.000,-0.000,24931,26985,11,-4,62,15.320,25188,26809,1150,1322,0
196931,-0.149,0.042,-0.140,-0.161,-0.119,0.149,0.265,-0.671,-0.245,-0.648,0.000,-0.001,24814,27093,14,-4,62,15.320,25188,26809,1150,1322,0
197031,-0.173,0.050,-0.178,0.090,-0.036,0.000,0.265,-0.673,-0.243,-0.646,0.000,-0.001,25006,26916,8,-11,62,15.320,24691,26954,1236,1323,0
197131,-0.138,0.075,-0.174,0.051,-0.190,-0.130,0.264,-0.675,-0.251,-0.642,0.000,-0.001,25266,26672,7,-5,62,15.320,24691,26954,1236,1323,0
197231,-0.140,0.089,-0.100,-0.034,0.126,0.147,0.265,-0.677,-0.254,-0.638,0.000,-0.001,24816,27091,18,-10,62,15.300,24875,26881,1219,1315,0
197331,-0.231,0.065,-0.200,-0.029,0.093,0.287,0.273,-0.676,-0.243,-0.640,-1.000,-0.002,24297,27335,13,-9,62,15.300,24875,26881,1219,1315,0
197431,-0.317,0.048,-0.397,0.050,0.138,0.157,0.280,-0.676,-0.234,-0.640,-1.000,-0.002,24143,27105,13,-13,62,15.300,24875,26881,1219,1315,0
197531,-0.390,0.023,-0.504,-0.059,0.098,0.199,0.288,-0.674,-0.226,-0.642,0.000,-0.002,23772,27156,15,-9,62,15.330,24154,27472,1138,1211,0
197632,-0.455,0.008,-0.397,0.023,0.078,0.111,0.293,-0.674,-0.219,-0.642,0.000,-0.003,23785,27145,12,-12,62,15.330,24154,27472,1138,1211,0
197732,-0.455,-0.006,-0.327,0.022,0.039,-0.199,0.294,-0.672,-0.218,-0.645,0.000,-0.002,24283,26701,12,-10,62,15.370,23866,27247,1190,1206,0
197832,-0.319,-0.014,-0.377,0.160,0.039,-0.493,0.285,-0.666,-0.231,-0.650,0.000,-0.001,24980,26049,9,-14,62,15.370,23866,27247,1190,1206,0
197932,-0.138,-0.026,-0.488,0.012,0.086,-0.234,0.276,-0.656,-0.250,-0.656,0.000,-0.000,24864,26160,17,-10,62,15.370,23866,27247,1190,1206,0
198032,-0.145,-0.042,-0.541,-0.097,0.014,0.144,0.273,-0.656,-0.244,-0.660,0.000,0.000,24230,26749,13,-8,62,15.340,24630,26109,1191,1312,0
198132,-0.202,-0.050,-0.397,-0.160,0.061,0.208,0.276,-0.657,-0.237,-0.660,0.000,0.000,24017,26939,18,-7,62,15.340,24630,26109,1191,1312,0
198232,-0.284,-0.036,-0.271,-0.211,-0.204,0.059,0.275,-0.664,-0.224,-0.658,0.000,-0.000,24109,26858,10,-1,62,15.340,23809,27247,1180,1225,0
198332,-0.247,0.003,-0.197,0.068,-0.159,-0.206,0.269,-0.670,-0.229,-0.653,0.000,-0.001,24598,26411,7,-9,62,15.340,23809,27247,1180,1225,0
198432,-0.203,0.024,-0.109,-0.007,-0.003,-0.019,0.268,-0.671,-0.237,-0.650,0.000,-0.001,24359,26631,15,-9,62,15.340,23809,27247,1180,1225,0
198532,-0.205,0.006,-0.179,-0.084,0.112,0.002,0.268,-0.668,-0.235,-0.653,0.000,-0.001,24313,26673,17,-9,62,15.350,24330,26595,1165,1294,0
198632,-0.190,0.013,-0.296,0.078,-0.222,-0.051,0.264,-0.670,-0.234,-0.654,0.000,-0.001,24418,26577,2,-6,62,15.350,24330,26595,1165,1294,0
198732,-0.169,0.042,-0.175,0.076,0.026,-0.088,0.262,-0.673,-0.239,-0.649,-0.471,-0.001,24484,26472,12,-13,62,15.360,24390,26666,1190,1242,0
198832,-0.121,0.040,-0.140,0.022,-0.008,-0.152,0.260,-0.671,-0.245,-0.650,-1.000,-0.000,24465,26115,12,-9,62,15.360,24390,26666,1190,1242,0
198932,-0.047,0.040,-0.522,0.076,0.044,-0.253,0.254,-0.669,-0.251,-0.652,-1.000,-0.000,24552,25646,11,-12,62,15.360,24390,26666,1190,1242,0
199032,0.052,0.022,-0.651,0.141,0.158,-0.307,0.251,-0.661,-0.263,-0.657,0.000,0.000,24689,25282,13,-15,62,15.370,24630,25380,1155,1269,0
199132,0.077,-0.031,-0.595,-0.139,0.387,0.207,0.255,-0.650,-0.264,-0.665,0.000,-0.000,23892,26036,27,-12,62,15.370,24630,25380,1155,1269,0
199232,-0.013,-0.077,-0.327,-0.027,-0.032,0.221,0.263,-0.647,-0.250,-0.671,0.000,0.000,23707,26205,9,-6,63,15.350,23640,26315,1163,1208,0
199332,-0.065,-0.057,-0.075,0.052,-0.093,-0.004,0.265,-0.652,-0.247,-0.666,0.000,0.000,23991,25945,9,-10,63,15.350,23640,26315,1163,1208,0
199432,-0.045,-0.020,-0.129,0.083,-0.252,-0.059,0.264,-0.656,-0.254,-0.660,0.000,0.000,24115,25829,6,-6,63,15.350,23640,26315,1163,1208,0
199532,-0.039,0.009,-0.086,-0.011,-0.022,0.054,0.264,-0.660,-0.258,-0.654,0.000,-0.000,23935,25997,15,-9,63,15.400,24154,25706,1139,1267,0
199632,-0.072,0.005,-0.629,0.024,-0.008,0.088,0.266,-0.661,-0.255,-0.654,0.000,-0.000,23818,26103,11,-10,63,15.400,24154,25706,1139,1267,0
199732,-0.116,0.007,-0.489,0.101,0.058,0.220,0.271,-0.662,-0.252,-0.652,0.000,-0.000,23511,26381,12,-14,63,15.400,24154,25706,1139,1267,0
199832,-0.204,-0.014,-0.435,0.040,0.066,0.060,0.281,-0.660,-0.246,-0.652,0.000,-0.000,23616,26286,13,-11,63,15.380,23419,26737,1134,1179,0
199932,-0.212,-0.011,-0.425,0.050,-0.097,0.013,0.284,-0.660,-0.248,-0.650,0.000,-0.000,23672,26236,9,-7,63,15.380,23419,26737,1134,1179,0
200032,-0.194,0.008,-0.413,0.156,-0.098,-0.133,0.286,-0.661,-0.255,-0.645,0.000,-0.001,23943,25989,8,-10,63,15.340,23866,26455,1132,1151,0
200132,-0.143,0.026,-0.732,0.130,-0.080,-0.107,0.285,-0.660,-0.266,-0.642,0.000,-0.001,23982,25953,9,-9,63,15.340,23866,26455,1132,1151,0
200232,-0.120,0.039,-1.253,0.069,-0.023,-0.039,0.285,-0.661,-0.271,-0.640,0.000,-0.000,23905,26024,11,-10,63,15.340,23866,26455,1132,1151,0
200332,-0.107,0.030,-1.385,0.158,0.111,0.024,0.288,-0.657,-0.275,-0.640,0.000,-0.000,23816,26106,12,-15,63,15.370,24038,25974,1115,1247,0
200432,-0.133,0.006,-1.069,0.056,0.116,0.081,0.297,-0.652,-0.276,-0.641,0.000,-0.000,23669,26239,15,-11,63,15.370,24038,25974,1115,1247,0
200532,-0.132,-0.005,-0.857,0.170,-0.051,-0.073,0.301,-0.649,-0.279,-0.641,0.000,-0.000,23925,26006,7,-10,63,15.360,23980,25706,1119,1323,0
200632,-0.105,0.006,-1.090,0.306,-0.057,-0.077,0.304,-0.647,-0.288,-0.637,0.000,-0.000,23973,25961,4,-14,63,15.360,23980,25706,1119,1323,0
200732,-0.103,0.001,-1.166,0.091,0.041,0.004,0.310,-0.644,-0.293,-0.635,0.000,-0.000,23836,26087,13,-11,63,15.360,23980,25706,1119,1323,0
200832,-0.099,0.004,-1.150,0.026,-0.058,-0.006,0.311,-0.643,-0.296,-0.634,0.000,-0.000,23857,26068,11,-7,63,15.360,23923,25706,1131,1323,0
200932,-0.110,0.022,-1.245,0.090,-0.107,0.029,0.314,-0.645,-0.300,-0.629,0.000,-0.000,23775,26142,8,-8,63,15.360,23923,25706,1131,1323,0
201032,-0.065,0.051,-1.148,-0.040,-0.151,-0.366,0.310,-0.647,-0.307,-0.626,0.000,-0.000,24503,25462,11,-4,63,15.360,23923,25706,1131,1323,0
201132,0.145,0.071,-1.343,0.104,-0.092,-0.590,0.295,-0.640,-0.329,-0.629,-1.000,0.000,25052,24571,8,-8,63,15.330,24390,25380,1244,1176,0
201232,0.266,0.075,-1.089,-0.007,0.161,0.232,0.279,-0.639,-0.333,-0.635,-1.000,0.000,23721,25468,14,-16,63,15.330,24390,25380,1244,1176,0
201332,0.122,0.001,-0.680,-0.159,0.362,0.469,0.292,-0.635,-0.312,-0.644,0.000,-0.000,22944,25976,20,-13,64,15.360,23201,25906,1086,1206,0
201432,0.012,-0.051,-0.264,-0.207,0.200,0.114,0.299,-0.633,-0.293,-0.651,0.000,-0.000,23364,25598,18,-9,64,15.360,23201,25906,1086,1206,0
201532,0.019,-0.080,-0.161,-0.189,0.089,-0.086,0.295,-0.631,-0.287,-0.658,0.000,-0.000,23717,25272,17,-8,64,15.360,23201,25906,1086,1206,0
201632,0.095,-0.080,-0.065,-0.084,-0.089,-0.184,0.284,-0.630,-0.287,-0.663,0.000,-0.001,24021,24983,10,-8,63,15.360,23866,25125,1184,1154,0
201732,0.137,-0.032,-0.035,0.054,-0.367,0.057,0.275,-0.638,-0.292,-0.658,0.000,-0.000,23580,25399,-1,-6,63,15.360,23866,25125,1184,1154,0
201832,0.081,0.029,-0.036,0.191,-0.183,0.250,0.279,-0.647,-0.297,-0.644,0.000,0.000,23272,25682,6,-12,63,15.360,23866,25125,1184,1154,0
201932,0.013,0.062,-0.225,0.144,-0.161,0.071,0.288,-0.653,-0.299,-0.634,0.000,0.000,23456,25514,7,-8,63,15.350,23364,25641,1086,1236,0
202032,0.009,0.035,-0.497,-0.001,0.356,-0.106,0.290,-0.648,-0.297,-0.638,0.000,0.000,23747,25243,22,-18,63,15.350,23364,25641,1086,1236,0
202132,0.060,-0.015,-0.504,0.407,0.063,-0.207,0.297,-0.635,-0.304,-0.645,0.000,-0.000,24008,24995,1,-18,63,15.350,23364,25641,1086,1236,0
202232,0.152,-0.006,-0.587,-0.058,0.092,-0.110,0.299,-0.628,-0.322,-0.642,0.000,-0.000,24015,24988,22,-6,63,15.340,24154,25000,1098,1198,0
202332,0.084,-0.041,-0.386,0.089,0.242,0.051,0.302,-0.628,-0.309,-0.647,0.000,-0.000,23629,25354,14,-20,63,15.340,24154,25000,1098,1198,0
202432,0.068,-0.049,-0.319,0.117,-0.117,0.072,0.308,-0.625,-0.312,-0.646,0.000,-0.000,23576,25403,8,-8,63,15.350,23640,25316,1102,1237,0
202532,0.064,-0.040,-0.098,0.109,-0.041,-0.022,0.312,-0.625,-0.316,-0.642,0.000,-0.000,23722,25266,11,-10,63,15.350,23640,25316,1102,1237,0
202632,-0.003,-0.025,-0.265,0.049,-0.058,0.187,0.320,-0.628,-0.315,-0.636,0.000,0.000,23248,25703,12,-9,63,15.350,23640,25316,1102,1237,0
202732,-0.060,-0.016,-0.489,0.059,-0.044,0.113,0.326,-0.630,-0.314,-0.631,0.000,0.000,23267,25687,11,-9,63,15.340,23310,25575,1094,1254,0
202832,-0.056,-0.008,-0.662,0.113,-0.026,0.018,0.328,-0.630,-0.318,-0.628,0.000,-0.000,23352,25609,11,-9,63,15.340,23310,25575,1094,1254,0
202932,-0.098,0.018,-0.675,0.066,-0.223,0.151,0.332,-0.634,-0.319,-0.621,0.000,-0.000,23126,25813,6,-5,63,15.340,23310,25575,1094,1254,0
203032,-0.122,0.073,-0.632,0.100,-0.277,-0.027,0.330,-0.643,-0.323,-0.610,0.000,-0.001,23384,25580,3,-6,63,15.390,23148,25906,1088,1211,0
203132,-0.118,0.102,-0.689,0.119,-0.023,-0.086,0.331,-0.646,-0.329,-0.604,0.000,-0.001,23487,25486,10,-12,63,15.390,23148,25906,1088,1211,0
203232,-0.108,0.082,-0.717,0.100,0.098,-0.019,0.335,-0.641,-0.332,-0.606,0.000,-0.001,23385,25579,11,-12,63,15.380,23310,25445,1125,1256,0
203332,-0.088,0.059,-0.691,0.143,0.117,-0.028,0.340,-0.634,-0.336,-0.608,-0.243,-0.000,23425,25528,11,-13,63,15.380,23310,25445,1125,1256,0
203432,-0.097,0.058,-0.431,0.237,-0.058,0.039,0.345,-0.631,-0.340,-0.605,-1.000,-0.001,23128,25502,4,-11,63,15.380,23310,25445,1125,1256,0
203532,-0.121,0.063,-0.381,0.194,0.000,0.072,0.353,-0.630,-0.345,-0.600,-1.000,-0.001,22757,25404,8,-12,63,15.370,22935,25380,1094,1221,0
203632,-0.156,0.054,-0.278,0.078,0.090,0.053,0.360,-0.628,-0.346,-0.597,-0.482,-0.001,22584,25275,13,-11,63,15.370,22935,25380,1094,1221,0
203732,-0.151,0.024,-0.317,0.107,0.172,-0.082,0.365,-0.622,-0.346,-0.601,0.000,-0.001,22803,25035,13,-14,63,15.370,22935,25380,1094,1221,0
203833,-0.112,-0.006,-0.290,0.139,0.032,-0.076,0.369,-0.613,-0.351,-0.604,0.000,-0.000,22858,24985,9,-10,64,15.370,22935,25000,1075,1190,0
203933,-0.105,0.009,-0.237,0.130,-0.016,0.014,0.370,-0.613,-0.356,-0.600,0.000,-0.000,22695,25133,11,-12,64,15.370,22935,25000,1075,1190,0
204033,-0.112,0.006,-0.146,0.018,0.019,0.023,0.373,-0.611,-0.357,-0.599,0.000,-0.000,22675,25151,13,-9,64,15.370,22935,25000,1075,1190,0
204133,-0.129,0.015,-0.086,0.001,-0.092,0.068,0.374,-0.613,-0.358,-0.597,0.000,-0.000,22559,25256,10,-7,64,15.360,22675,25000,1075,1238,0
204233,-0.162,0.032,-0.196,0.053,-0.077,0.080,0.376,-0.617,-0.358,-0.592,0.000,-0.001,22468,25336,9,-9,64,15.360,22675,25000,1075,1238,0
204333,-0.198,0.027,-0.097,0.026,0.089,0.076,0.380,-0.617,-0.355,-0.591,0.000,-0.001,22401,25396,14,-12,64,15.300,22471,25252,1049,1244,0
204433,-0.205,0.009,-0.140,0.082,0.072,-0.028,0.384,-0.613,-0.355,-0.592,0.000,-0.001,22561,25253,11,-12,64,15.300,22471,25252,1049,1244,0
204533,-0.168,-0.009,-0.118,0.162,0.177,-0.128,0.385,-0.608,-0.358,-0.595,0.000,-0.000,22799,25039,12,-18,64,15.300,22471,25252,1049,1244,0
204633,-0.163,-0.022,-0.047,-0.044,-0.054,0.032,0.387,-0.605,-0.359,-0.596,0.000,-0.000,22557,25257,13,-6,64,15.400,22471,25380,1081,1175,0
204733,-0.154,-0.023,-0.025,0.000,0.021,0.007,0.386,-0.605,-0.358,-0.598,0.000,-0.000,22574,25241,12,-11,64,15.400,22471,25380,1081,1175,0
204833,-0.182,-0.048,-0.107,-0.060,0.239,0.093,0.388,-0.603,-0.352,-0.601,0.000,-0.000,22359,25432,19,-15,64,15.400,22471,25380,1081,1175,0
204933,-0.187,-0.086,-0.150,0.000,0.160,-0.109,0.390,-0.599,-0.346,-0.608,0.000,0.000,22700,25129,14,-14,64,15.500,22471,25125,1061,1258,0
205033,-0.121,-0.090,-0.272,0.030,-0.037,-0.083,0.388,-0.594,-0.354,-0.610,0.000,0.000,22775,25060,13,-9,64,15.500,22471,25125,1061,1258,0
205133,-0.112,-0.089,-0.164,0.050,-0.004,0.004,0.388,-0.593,-0.355,-0.610,0.000,0.000,22630,25192,12,-12,64,15.500,22471,25125,1061,1258,0
205233,-0.102,-0.086,-0.045,-0.059,-0.037,-0.060,0.387,-0.593,-0.356,-0.610,0.000,0.000,22757,25077,14,-8,63,15.370,22779,25125,1048,1204,0
205333,-0.096,-0.069,-0.122,-0.117,-0.099,0.056,0.383,-0.597,-0.355,-0.609,0.000,0.000,22559,25255,14,-6,63,15.370,22779,25125,1048,1204,0
205433,-0.115,-0.068,-0.103,-0.023,0.079,-0.009,0.381,-0.600,-0.351,-0.610,0.000,0.000,22633,25189,15,-14,63,15.370,22779,25125,1048,1204,0
205533,-0.117,-0.075,-0.092,0.000,-0.002,0.027,0.382,-0.599,-0.350,-0.611,0.000,0.000,22561,25254,12,-11,64,15.350,22779,25062,1047,1221,0
205633,-0.129,-0.075,-0.073,-0.051,-0.004,0.040,0.383,-0.599,-0.350,-0.610,0.000,0.000,22510,25299,14,-9,64,15.350,22779,25062,1047,1221,0
205733,-0.135,-0.072,-0.178,-0.034,-0.003,-0.001,0.382,-0.601,-0.348,-0.610,0.000,0.000,22563,25252,14,-11,63,15.380,22573,25062,1074,1242,0
205833,-0.128,-0.067,-0.192,0.048,-0.050,-0.017,0.381,-0.601,-0.350,-0.609,0.000,0.000,22601,25217,10,-11,63,15.380,22573,25062,1074,1242,0
205932,-0.133,-0.071,-0.149,-0.041,0.080,0.026,0.382,-0.601,-0.348,-0.610,0.000,0.000,22510,25299,16,-12,63,15.380,22573,25062,1074,1242,0
206032,-0.148,-0.077,-0.138,-0.090,-0.050,0.037,0.382,-0.601,-0.345,-0.611,0.000,0.000,22456,25347,13,-7,64,15.360,22522,25445,1052,1177,0
206132,-0.134,-0.050,-0.136,0.011,-0.066,-0.056,0.378,-0.605,-0.349,-0.608,0.000,0.000,22644,25179,12,-10,64,15.360,22522,25445,1052,1177,0
206232,-0.123,-0.054,-0.171,-0.039,0.089,0.016,0.378,-0.604,-0.349,-0.609,0.000,0.000,22529,25282,17,-12,64,15.360,22522,25445,1052,1177,0
206332,-0.142,-0.067,-0.159,-0.037,0.037,0.027,0.378,-0.604,-0.345,-0.611,-1.000,0.000,22390,25267,14,-11,63,15.380,22172,25380,1138,1195,0
206433,-0.134,-0.071,-0.092,-0.030,0.003,-0.039,0.378,-0.603,-0.345,-0.612,-1.000,0.000,22292,24956,13,-10,63,15.380,22172,25380,1138,1195,0
206532,-0.125,-0.064,-0.025,-0.031,-0.032,0.032,0.377,-0.603,-0.346,-0.612,-1.000,0.000,21950,24858,13,-9,63,15.380,22172,25380,1138,1195,0
206632,-0.141,-0.067,0.022,0.008,0.034,0.021,0.378,-0.604,-0.344,-0.612,0.000,0.000,21865,24815,13,-12,63,15.400,21978,25000,1030,1148,0
206733,-0.155,-0.071,0.062,0.023,0.007,0.011,0.379,-0.604,-0.342,-0.612,0.000,0.000,21849,24829,12,-12,63,15.400,21978,25000,1030,1148,0
206832,-0.157,-0.061,0.069,0.062,-0.084,-0.024,0.379,-0.605,-0.345,-0.609,0.000,0.000,21904,24781,10,-10,63,15.420,21786,24875,1054,1164,0
206932,-0.146,-0.050,0.127,0.019,-0.042,0.002,0.379,-0.605,-0.348,-0.607,0.000,0.000,21868,24812,12,-10,63,15.420,21786,24875,1054,1164,0
207032,-0.141,-0.046,0.090,-0.007,-0.036,-0.020,0.379,-0.605,-0.349,-0.607,0.000,0.000,21913,24773,13,-9,63,15.420,21786,24875,1054,1164,0
207132,-0.139,-0.037,0.094,-0.021,-0.027,-0.001,0.378,-0.607,-0.350,-0.605,0.000,-0.000,21876,24806,13,-9,64,15.400,22026,24875,1005,1151,0
207232,-0.129,-0.040,0.100,0.037,0.006,-0.032,0.378,-0.606,-0.351,-0.606,0.000,0.000,21926,24761,12,-11,64,15.400,22026,24875,1005,1151,0
207332,-0.144,-0.030,-0.006,-0.003,-0.111,0.062,0.378,-0.608,-0.351,-0.604,0.000,-0.000,21738,24926,10,-7,64,15.400,22026,24875,1005,1151,0
207432,-0.158,-0.013,0.037,0.044,-0.044,0.011,0.378,-0.611,-0.352,-0.600,0.000,-0.000,21796,24875,11,-11,63,15.410,21786,24937,1022,1175,0
207532,-0.174,-0.015,0.019,0.026,0.008,0.074,0.381,-0.610,-0.352,-0.599,0.000,-0.000,21643,25009,12,-11,63,15.410,21786,24937,1022,1175,0
207632,-0.176,-0.010,-0.002,0.092,-0.040,-0.092,0.381,-0.611,-0.353,-0.597,0.000,-0.000,21935,24753,9,-11,64,15.420,21691,25000,1027,1173,0
207732,-0.128,-0.009,0.007,0.120,0.008,-0.107,0.380,-0.607,-0.359,-0.598,0.000,-0.000,22047,24653,10,-13,64,15.420,21691,25000,1027,1173,0
207832,-0.116,-0.001,0.036,0.010,-0.043,0.017,0.380,-0.607,-0.362,-0.597,0.000,-0.000,21840,24837,12,-9,64,15.420,21691,25000,1027,1173,0
207931,-0.126,-0.002,0.023,-0.029,0.026,0.061,0.380,-0.608,-0.361,-0.596,0.000,-0.000,21735,24929,14,-10,65,15.420,21834,24630,1038,1228,0
208031,-0.159,-0.001,0.061,-0.038,-0.058,0.084,0.382,-0.610,-0.358,-0.595,0.000,-0.000,21619,25030,11,-7,65,15.420,21834,24630,1038,1228,0
208132,-0.168,0.008,0.120,0.000,-0.033,-0.022,0.382,-0.612,-0.358,-0.594,0.000,-0.001,21791,24880,11,-9,64,15.400,21598,24875,1058,1200,0
208231,-0.152,0.009,0.104,-0.058,0.041,-0.004,0.380,-0.611,-0.359,-0.595,0.000,-0.001,21783,24887,15,-10,64,15.400,21598,24875,1058,1200,0
208331,-0.162,0.014,0.122,-0.036,-0.063,0.031,0.379,-0.613,-0.357,-0.594,0.000,-0.001,21690,24968,11,-8,64,15.380,21551,24813,1065,1218,0
208431,-0.167,0.027,0.104,-0.006,-0.083,0.027,0.378,-0.615,-0.358,-0.592,0.000,-0.001,21680,24977,10,-7,64,15.380,21551,24813,1065,1218,0
208531,-0.155,0.038,0.109,-0.022,-0.002,-0.043,0.376,-0.617,-0.360,-0.591,0.000,-0.001,21825,24850,13,-9,64,15.380,21551,24813,1065,1218,0
208631,-0.146,0.041,0.098,-0.047,-0.053,-0.004,0.374,-0.617,-0.360,-0.591,0.000,-0.001,21766,24902,11,-7,64,15.420,21598,24752,1087,1206,0
208731,-0.142,0.048,0.063,-0.029,-0.022,0.012,0.373,-0.618,-0.360,-0.591,0.000,-0.001,21735,24929,12,-8,64,15.420,21598,24752,1087,1206,0
208831,-0.152,0.050,0.055,-0.013,0.020,0.016,0.373,-0.619,-0.359,-0.590,0.000,-0.001,21704,24956,12,-9,63,15.410,21691,25125,1029,1143,0
208931,-0.135,0.047,0.057,0.014,0.034,-0.057,0.372,-0.618,-0.360,-0.592,0.000,-0.001,21862,24818,12,-10,63,15.410,21691,25125,1029,1143,0
209031,-0.131,0.043,0.054,-0.004,0.003,0.021,0.372,-0.617,-0.361,-0.592,0.000,-0.001,21722,24941,12,-9,63,15.410,21691,25125,1029,1143,0
209131,-0.146,0.045,0.068,-0.056,-0.028,0.047,0.373,-0.618,-0.359,-0.591,0.000,-0.001,21637,25014,12,-7,63,15.400,21786,25000,1012,1169,0
209231,-0.162,0.049,0.011,0.011,-0.049,0.048,0.373,-0.620,-0.358,-0.590,0.000,-0.001,21598,25048,9,-8,63,15.400,21786,25000,1012,1169,0
209331,-0.183,0.066,-0.028,-0.039,-0.031,0.092,0.374,-0.623,-0.358,-0.586,0.000,-0.001,21465,25162,12,-8,63,15.420,21598,25000,1022,1199,0
209431,-0.205,0.054,0.038,-0.006,0.107,0.010,0.377,-0.622,-0.356,-0.587,0.000,-0.001,21565,25076,14,-11,63,15.420,21598,25000,1022,1199,0
209531,-0.190,0.035,0.084,0.021,0.087,-0.059,0.378,-0.618,-0.355,-0.590,0.000,-0.001,21714,24947,12,-11,64,15.390,21505,25062,1080,1155,0
209631,-0.185,0.028,0.058,-0.026,-0.008,0.012,0.378,-0.617,-0.355,-0.592,0.000,-0.001,21583,25061,11,-8,64,15.390,21505,25062,1080,1155,0
209731,-0.179,0.039,0.047,0.017,-0.051,-0.059,0.376,-0.619,-0.356,-0.591,0.000,-0.001,21718,24944,10,-9,64,15.390,21505,25062,1080,1155,0
209831,-0.154,0.031,0.088,-0.017,0.103,-0.046,0.375,-0.616,-0.357,-0.593,0.000,-0.001,21735,24929,15,-11,64,15.390,21691,24630,1047,1252,0
209931,-0.151,0.022,0.025,0.016,-0.037,0.011,0.375,-0.616,-0.356,-0.595,0.000,-0.001,21630,25020,9,-9,64,15.390,21691,24630,1047,1252,0
210031,-0.161,0.031,0.023,-0.001,-0.008,0.021,0.374,-0.618,-0.356,-0.593,0.000,-0.001,21583,25061,11,-10,63,15.400,21551,25125,1031,1172,0
210131,-0.173,0.017,-0.024,-0.030,0.094,0.102,0.376,-0.616,-0.353,-0.595,0.000,-0.001,21401,25216,15,-11,63,15.400,21551,25125,1031,1172,0
210231,-0.205,0.017,-0.024,0.018,-0.049,0.010,0.378,-0.618,-0.350,-0.594,0.000,-0.001,21501,25131,9,-9,63,15.390,21505,25252,1009,1166,0
210331,-0.202,0.023,-0.000,0.069,-0.029,-0.027,0.378,-0.618,-0.351,-0.593,0.000,-0.001,21565,25076,9,-11,63,15.390,21505,25252,1009,1166,0
210431,-0.207,0.019,0.000,-0.022,0.026,0.057,0.379,-0.617,-0.352,-0.593,0.000,-0.001,21392,25224,13,-9,63,15.390,21505,25252,1009,1166,0
210531,-0.245,0.014,0.007,-0.048,0.028,0.164,0.382,-0.619,-0.347,-0.592,0.000,-0.001,21102,25467,13,-9,64,15.420,21598,25380,964,1154,0
210631,-0.292,0.014,-0.002,0.062,0.004,0.088,0.386,-0.620,-0.345,-0.589,0.000,-0.002,21139,25436,10,-11,64,15.420,21598,25380,964,1154,0
210731,-0.298,0.002,-0.042,0.197,0.091,-0.078,0.391,-0.617,-0.346,-0.589,0.000,-0.002,21432,25190,9,-16,64,15.360,21276,25641,973,1177,0
210831,-0.271,-0.012,0.005,0.100,0.027,-0.059,0.393,-0.612,-0.350,-0.590,0.000,-0.001,21446,25178,11,-12,64,15.360,21276,25641,973,1177,0
210931,-0.252,-0.020,0.087,0.038,0.023,-0.050,0.395,-0.609,-0.353,-0.591,0.000,-0.001,21466,25161,12,-10,64,15.400,21413,25125,1018,1214,0
211031,-0.231,-0.021,0.121,0.058,-0.018,-0.036,0.395,-0.606,-0.356,-0.591,0.000,-0.001,21479,25150,11,-10,64,15.400,21413,25125,1018,1214,0
211131,-0.236,-0.010,0.158,0.026,-0.101,0.054,0.394,-0.608,-0.357,-0.589,0.000,-0.001,21300,25302,9,-8,64,15.400,21276,25316,1027,1200,0
211231,-0.294,0.001,0.118,0.008,-0.030,0.216,0.399,-0.612,-0.355,-0.584,0.000,-0.002,20886,25645,12,-9,64,15.400,21276,25316,1027,1200,0
211331,-0.353,0.002,0.100,0.233,0.033,0.061,0.406,-0.612,-0.354,-0.578,0.000,-0.003,21067,25496,8,-17,64,15.390,21008,25445,1001,1234,0
211431,-0.386,-0.013,0.087,0.387,0.019,0.088,0.419,-0.606,-0.359,-0.573,0.000,-0.003,20953,25590,5,-17,64,15.390,21008,25445,1001,1234,0
211531,-0.386,-0.011,0.063,0.439,-0.050,-0.113,0.431,-0.599,-0.373,-0.563,0.000,-0.003,21334,25273,4,-16,64,15.390,21008,25445,1001,1234,0
211631,-0.352,-0.034,0.184,0.498,0.024,-0.052,0.446,-0.584,-0.388,-0.557,0.000,-0.002,21282,25317,5,-17,63,15.400,21231,25380,1031,1175,0
211731,-0.339,-0.007,0.259,0.352,-0.168,-0.073,0.451,-0.581,-0.401,-0.547,0.000,-0.003,21346,25263,3,-12,63,15.400,21231,25380,1031,1175,0
211831,-0.361,0.005,0.305,0.249,-0.052,0.086,0.459,-0.577,-0.410,-0.536,0.000,-0.003,21005,25547,9,-12,63,15.390,21321,25125,1009,1241,0
211931,-0.412,-0.006,0.614,-0.142,0.083,0.198,0.466,-0.576,-0.408,-0.533,0.000,-0.004,20691,25802,20,-6,63,15.390,21321,25125,1009,1241,0
212031,-0.467,-0.022,0.902,-0.198,0.117,0.072,0.471,-0.577,-0.401,-0.533,0.000,-0.005,20827,25692,21,-6,63,15.410,20833,25839,942,1215,0
212131,-0.470,-0.022,1.007,0.104,-0.164,-0.060,0.472,-0.577,-0.402,-0.532,0.000,-0.005,21074,25490,4,-8,63,15.410,20833,25839,942,1215,0
212231,-0.479,-0.007,0.702,-0.170,0.056,0.050,0.470,-0.580,-0.402,-0.530,0.000,-0.005,20847,25677,19,-8,63,15.400,21052,25575,968,1217,0
212331,-0.399,-0.024,0.337,-0.109,-0.023,-0.460,0.466,-0.575,-0.405,-0.538,0.000,-0.003,21950,24740,14,-5,63,15.400,21052,25575,968,1217,0
212431,-0.244,-0.018,-0.017,-0.377,0.081,-0.332,0.448,-0.572,-0.410,-0.551,0.000,-0.001,22004,24692,23,-4,64,15.400,21929,24752,1028,1183,0
212531,-0.169,-0.033,-0.026,-0.436,0.108,-0.181,0.432,-0.576,-0.401,-0.567,0.000,-0.000,21865,24815,21,-5,64,15.400,21929,24752,1028,1183,0
212631,-0.145,-0.089,-0.035,-0.172,0.490,-0.098,0.426,-0.573,-0.387,-0.584,0.000,0.000,21752,24914,24,-22,63,15.410,21459,25188,1079,1129,0
212731,-0.072,-0.144,-0.049,0.181,0.187,-0.268,0.424,-0.562,-0.384,-0.597,0.000,0.001,22198,24518,8,-22,63,15.410,21459,25188,1079,1129,0
212831,-0.052,-0.163,-0.073,0.088,-0.028,0.160,0.429,-0.556,-0.388,-0.597,0.000,0.000,21452,25173,11,-11,64,15.380,21786,24813,1001,1219,0
212931,-0.086,-0.168,-0.174,0.151,0.064,0.044,0.436,-0.554,-0.389,-0.593,0.000,0.001,21598,25048,13,-17,64,15.380,21786,24813,1001,1219,0
213031,-0.064,-0.191,-0.297,0.377,0.138,-0.028,0.444,-0.544,-0.395,-0.592,0.000,0.001,21772,24897,10,-23,63,15.390,21786,25188,1030,1102,0
213131,-0.042,-0.195,-0.354,0.604,-0.038,0.062,0.457,-0.533,-0.409,-0.583,0.000,0.000,21647,25006,2,-23,63,15.390,21786,25188,1030,1102,0
213231,-0.090,-0.190,-0.305,0.869,0.007,0.254,0.479,-0.522,-0.424,-0.564,0.000,0.001,21198,25388,-1,-31,63,15.380,21413,25316,970,1200,0
213331,-0.136,-0.189,-0.308,1.024,-0.118,0.099,0.509,-0.503,-0.446,-0.536,0.000,0.001,21405,25213,-5,-27,63,15.380,21413,25316,970,1200,0
213431,-0.136,-0.182,-0.121,0.927,-0.120,0.011,0.534,-0.482,-0.471,-0.510,0.000,0.002,21567,25074,-1,-23,63,15.420,21551,25125,1020,1177,0
213531,-0.170,-0.194,-0.003,0.684,-0.046,0.202,0.557,-0.465,-0.486,-0.489,0.000,0.003,21146,25430,5,-20,63,15.420,21551,25125,1020,1177,0
213631,-0.237,-0.184,0.044,0.623,-0.012,0.086,0.574,-0.455,-0.497,-0.466,0.000,0.004,21239,25353,6,-23,63,15.420,21551,25125,1020,1177,0
213731,-0.149,-0.187,0.209,0.423,-0.084,-0.264,0.581,-0.436,-0.513,-0.457,-1.000,0.002,21995,24599,8,-16,63,15.370,21097,24570,1069,1206,0
213831,-0.079,-0.158,0.185,0.077,-0.140,-0.081,0.578,-0.429,-0.526,-0.453,-1.000,0.001,21560,24577,14,-9,63,15.370,21097,24570,1069,1206,0
213931,-0.069,-0.157,0.024,0.000,0.034,0.006,0.578,-0.428,-0.527,-0.453,-0.039,0.001,21293,24600,16,-14,63,15.390,21598,24390,990,1196,0
214031,-0.096,-0.153,-0.046,0.044,-0.029,0.129,0.581,-0.428,-0.528,-0.449,0.000,0.001,21006,24845,13,-13,63,15.390,21598,24390,990,1196,0
214131,-0.115,-0.159,0.051,0.054,0.064,0.009,0.583,-0.428,-0.526,-0.447,0.000,0.001,21198,24682,15,-16,63,15.410,21141,24752,990,1173,0
214231,-0.099,-0.151,0.091,0.058,-0.081,0.010,0.583,-0.425,-0.530,-0.444,0.000,0.001,21227,24657,12,-12,63,15.410,21141,24752,990,1173,0
214331,-0.122,-0.137,0.047,-0.010,-0.153,0.051,0.583,-0.429,-0.531,-0.442,0.000,0.001,21105,24761,10,-9,64,15.400,21141,24937,990,1128,0
214431,-0.146,-0.101,0.014,0.027,-0.160,0.064,0.580,-0.433,-0.536,-0.435,0.000,0.001,21034,24822,11,-10,64,15.400,21141,24937,990,1128,0
214531,-0.183,-0.104,0.055,-0.041,0.106,0.107,0.582,-0.436,-0.533,-0.433,0.000,0.002,20884,24948,18,-15,63,15.380,21052,25252,965,1091,0
214631,-0.218,-0.087,0.042,0.026,-0.199,0.092,0.582,-0.440,-0.534,-0.428,0.000,0.002,20845,24981,8,-8,63,15.380,21052,25252,965,1091,0
214731,-0.233,-0.068,-0.019,-0.020,-0.012,-0.016,0.580,-0.443,-0.536,-0.425,0.000,0.002,21022,24832,15,-13,63,15.390,21008,25062,986,1127,0
214831,-0.238,-0.066,-0.032,-0.038,-0.062,0.019,0.579,-0.444,-0.535,-0.426,0.000,0.002,20946,24896,12,-10,63,15.390,21008,25062,986,1127,0
214931,-0.230,-0.060,-0.033,-0.028,0.066,0.014,0.578,-0.444,-0.536,-0.425,0.000,0.002,20969,24877,16,-13,63,15.440,20964,24630,1003,1231,0
215031,-0.238,-0.068,0.034,-0.001,-0.069,-0.018,0.579,-0.445,-0.534,-0.427,0.000,0.002,21016,24837,10,-10,63,15.440,20964,24630,1003,1231,0
215131,-0.225,-0.062,0.123,0.026,0.018,-0.078,0.577,-0.445,-0.535,-0.428,0.000,0.002,21154,24720,12,-14,63,15.440,20964,24630,1003,1231,0
215231,-0.202,-0.055,0.131,-0.003,-0.063,-0.021,0.574,-0.445,-0.537,-0.429,0.000,0.002,21091,24773,11,-11,63,15.400,21097,24752,1015,1160,0
215331,-0.221,-0.042,0.104,-0.058,-0.067,0.076,0.573,-0.449,-0.537,-0.427,0.000,0.002,20869,24960,12,-10,63,15.400,21097,24752,1015,1160,0
215431,-0.256,-0.037,0.140,-0.111,-0.024,0.106,0.573,-0.453,-0.535,-0.425,-1.000,0.002,20636,24974,15,-9,63,15.400,20746,25062,1018,1157,0
215531,-0.266,-0.026,0.138,-0.057,-0.038,0.033,0.572,-0.455,-0.535,-0.424,-1.000,0.002,20515,24671,13,-10,63,15.400,20746,25062,1018,1157,0
215631,-0.267,-0.017,-0.078,0.010,-0.032,-0.051,0.570,-0.457,-0.536,-0.424,-0.384,0.002,20517,24402,11,-12,63,15.420,20449,24509,984,1163,0
215731,-0.263,-0.025,-0.171,0.008,0.027,0.011,0.570,-0.456,-0.534,-0.426,0.000,0.002,20397,24494,12,-12,63,15.420,20449,24509,984,1163,0
215831,-0.264,-0.034,-0.123,0.041,0.151,0.004,0.572,-0.455,-0.533,-0.426,0.000,0.002,20409,24484,15,-17,63,15.410,20491,24509,941,1150,0
215931,-0.284,-0.049,-0.007,-0.032,-0.030,0.104,0.575,-0.455,-0.530,-0.426,0.000,0.003,20173,24679,12,-10,63,15.410,20491,24509,941,1150,0
216031,-0.305,-0.053,0.047,-0.039,0.023,-0.036,0.576,-0.456,-0.528,-0.426,0.000,0.003,20407,24486,14,-11,63,15.410,20491,24509,941,1150,0
216131,-0.266,-0.061,0.090,-0.006,0.059,-0.112,0.575,-0.452,-0.529,-0.429,-1.000,0.003,20400,24100,15,-13,63,15.400,20491,24271,947,1203,0
216231,-0.256,-0.065,0.087,-0.084,0.009,0.041,0.573,-0.454,-0.527,-0.433,-1.000,0.003,19867,24131,14,-11,63,15.400,20491,24271,947,1203,0
216331,-0.275,-0.046,0.075,-0.039,-0.158,0.014,0.570,-0.460,-0.527,-0.432,-1.000,0.003,19629,23910,9,-8,63,15.440,19841,24154,904,1121,0
216431,-0.269,-0.032,0.025,-0.004,0.049,-0.023,0.568,-0.461,-0.529,-0.431,-1.000,0.002,19465,23625,15,-14,63,15.440,19841,24154,904,1121,0
216531,-0.264,-0.042,-0.012,-0.001,0.006,0.000,0.568,-0.460,-0.528,-0.433,-1.000,0.002,19168,23443,12,-12,63,15.450,19379,23419,880,1130,0
216631,-0.278,-0.041,0.075,0.037,-0.054,0.129,0.570,-0.460,-0.527,-0.431,-1.000,0.003,18599,23475,11,-11,63,15.450,19379,23419,880,1130,0
216731,-0.327,-0.018,0.078,-0.059,-0.058,0.083,0.568,-0.467,-0.527,-0.426,-1.000,0.003,18322,23266,13,-10,62,15.470,18382,23419,845,1061,0
216831,-0.343,-0.008,0.138,0.013,-0.069,-0.077,0.567,-0.470,-0.526,-0.425,-1.000,0.003,18364,22799,10,-11,62,15.470,18382,23419,845,1061,0
216931,-0.297,-0.011,0.151,0.053,0.078,-0.067,0.566,-0.465,-0.530,-0.427,-1.000,0.003,18167,22516,14,-14,62,15.470,18382,23419,845,1061,0
217031,-0.290,-0.012,0.111,-0.016,-0.002,-0.026,0.566,-0.464,-0.531,-0.427,-1.000,0.002,17815,22353,13,-11,63,15.480,18115,22421,803,1038,0
217131,-0.285,-0.021,0.111,0.011,0.088,-0.018,0.567,-0.463,-0.529,-0.429,-1.000,0.002,17505,22104,14,-14,63,15.480,18115,22421,803,1038,0
217231,-0.268,-0.035,0.105,0.034,-0.029,-0.067,0.568,-0.460,-0.529,-0.431,-1.000,0.002,17388,21786,10,-11,63,15.500,17543,21929,782,1016,0
217331,-0.245,-0.032,0.122,0.020,0.046,-0.064,0.567,-0.458,-0.531,-0.432,-1.000,0.002,17148,21516,14,-13,63,15.500,17543,21929,782,1016,0
217431,-0.213,-0.038,0.109,-0.054,0.003,-0.106,0.566,-0.456,-0.532,-0.435,-1.000,0.002,17027,21144,14,-10,63,15.500,17543,21929,782,1016,0
217531,-0.176,-0.037,0.095,-0.067,0.053,-0.033,0.562,-0.456,-0.532,-0.440,-1.000,0.001,16647,20973,14,-12,63,15.520,16949,21097,799,1000,0
217631,-0.178,-0.036,0.061,0.000,-0.043,0.053,0.561,-0.457,-0.531,-0.441,-1.000,0.001,16125,20904,11,-11,63,15.520,16949,21097,799,1000,0
217731,-0.174,-0.034,0.056,-0.014,0.013,-0.048,0.561,-0.457,-0.532,-0.440,-1.000,0.001,16074,20460,14,-12,63,15.540,16129,20833,742,938,0
217831,-0.161,-0.047,0.104,-0.029,0.028,-0.047,0.560,-0.456,-0.530,-0.445,-1.000,0.001,15790,20191,13,-12,63,15.540,16129,20833,742,938,0
217931,-0.148,-0.046,0.098,-0.036,0.063,-0.032,0.559,-0.456,-0.529,-0.447,-1.000,0.001,15467,19944,15,-14,63,15.560,15527,20000,703,922,0
218031,-0.145,-0.046,0.095,-0.013,-0.062,0.022,0.558,-0.457,-0.529,-0.448,-1.000,0.001,15003,19796,11,-10,63,15.560,15527,20000,703,922,0
218131,-0.149,-0.045,0.157,-0.030,-0.067,0.014,0.558,-0.458,-0.528,-0.448,-1.000,0.001,14679,19533,11,-9,63,15.560,15527,20000,703,922,0
218231,-0.159,-0.034,0.155,-0.020,-0.033,0.041,0.556,-0.460,-0.529,-0.446,-1.000,0.001,14230,19352,13,-11,63,15.550,14619,19607,652,866,0
218331,-0.164,-0.039,0.102,-0.046,0.086,-0.017,0.556,-0.461,-0.527,-0.447,-1.000,0.001,14025,18982,16,-13,63,15.550,14619,19607,652,866,0
218431,-0.152,-0.047,0.121,-0.020,-0.026,-0.040,0.556,-0.460,-0.526,-0.450,-1.000,0.001,13766,18641,12,-11,63,15.570,13888,18796,618,849,0
218531,-0.150,-0.031,0.103,0.011,-0.031,0.007,0.553,-0.462,-0.528,-0.449,-1.000,0.001,13265,18467,12,-12,63,15.570,13888,18796,618,849,0
218631,-0.161,-0.026,0.051,-0.060,-0.014,0.061,0.553,-0.464,-0.527,-0.448,-1.000,0.001,12678,18338,14,-10,63,15.570,13888,18796,618,849,0
218731,-0.171,-0.031,0.038,-0.038,-0.003,0.007,0.553,-0.465,-0.525,-0.449,-1.000,0.001,12422,17964,13,-11,63,15.590,12755,18315,552,832,0
218831,-0.186,-0.032,0.030,-0.036,-0.006,0.036,0.553,-0.467,-0.524,-0.449,-1.000,0.001,11864,17783,13,-11,63,15.590,12755,18315,552,832,0
218931,-0.180,-0.033,0.034,0.006,0.089,-0.019,0.554,-0.466,-0.524,-0.449,-1.000,0.001,11644,17361,15,-14,63,15.600,11820,17667,529,751,0
219031,-0.179,-0.032,0.064,-0.012,0.034,-0.030,0.553,-0.466,-0.524,-0.450,-1.000,0.001,11251,17042,14,-13,63,15.600,11820,17667,529,751,0
219131,-0.166,-0.037,0.093,0.011,-0.023,-0.014,0.553,-0.465,-0.524,-0.451,-1.000,0.001,10789,16751,12,-11,63,15.600,11820,17667,529,751,0
219231,-0.162,-0.035,0.106,-0.034,-0.027,0.016,0.553,-0.465,-0.524,-0.451,-1.000,0.001,10211,16515,13,-10,63,15.630,10869,16778,451,744,0
219331,-0.170,-0.039,0.074,0.002,0.036,0.000,0.553,-0.466,-0.523,-0.452,-1.000,0.001,9743,16189,13,-13,63,15.630,10869,16778,451,744,0
219431,-0.176,-0.040,0.100,0.053,-0.022,0.024,0.554,-0.465,-0.523,-0.451,-1.000,0.001,9083,15953,11,-13,63,15.640,9363,16077,389,718,0
219531,-0.170,-0.037,0.103,0.029,0.003,-0.007,0.554,-0.464,-0.525,-0.449,-1.000,0.001,8684,15543,13,-13,63,15.640,9363,16077,389,718,0
219631,-0.169,-0.042,0.048,-0.027,0.034,0.010,0.555,-0.463,-0.524,-0.450,-1.000,0.001,8012,15258,15,-12,63,15.640,9363,16077,389,718,0
219731,-0.175,-0.048,-0.007,-0.027,0.022,0.018,0.556,-0.464,-0.523,-0.451,-1.000,0.001,7286,14964,14,-12,63,15.670,7987,15290,343,669,0
219831,-0.184,-0.061,0.011,-0.007,0.056,0.052,0.557,-0.463,-0.520,-0.452,-1.000,0.002,6292,14745,14,-13,63,15.670,7987,15290,343,669,0
219931,-0.193,-0.070,0.050,0.051,0.033,0.001,0.560,-0.462,-0.519,-0.452,-1.000,0.002,5742,14284,13,-14,62,15.680,6097,14492,259,636,0
220031,-0.183,-0.069,0.102,0.053,-0.012,-0.020,0.560,-0.460,-0.521,-0.451,-1.000,0.002,5043,13841,12,-13,62,15.680,6097,14492,259,636,0
220131,-0.185,-0.061,0.136,0.012,0.000,0.002,0.560,-0.461,-0.522,-0.450,-1.000,0.002,3682,13544,14,-13,62,15.680,6097,14492,259,636,0
220231,-0.171,-0.063,0.136,0.029,-0.020,-0.016,0.560,-0.459,-0.523,-0.450,-1.000,0.002,2468,13073,12,-12,63,15.680,3858,12820,118,563,0
220331,-0.170,-0.052,0.115,0.018,0.049,-0.026,0.558,-0.460,-0.525,-0.449,-1.000,0.001,0,12652,15,-15,63,15.680,3858,12820,118,563,0
220431,-0.179,-0.048,0.116,-0.017,-0.063,0.060,0.558,-0.462,-0.524,-0.448,-1.000,0.001,0,12555,12,-10,62,15.680,1112,12531,60,563,0
220531,-0.200,-0.036,0.118,-0.022,-0.044,0.053,0.557,-0.465,-0.524,-0.446,-1.000,0.002,0,12197,13,-11,62,15.680,1112,12531,60,563,0
220631,-0.206,-0.024,0.121,-0.017,-0.091,-0.003,0.555,-0.467,-0.525,-0.444,-1.000,0.001,0,11606,11,-10,62,15.680,1112,12531,60,563,0
220731,-0.203,-0.013,0.121,-0.034,-0.109,-0.021,0.553,-0.468,-0.527,-0.444,-1.000,0.001,0,11092,11,-8,62,15.710,576,11655,60,489,0
220831,-0.184,-0.003,0.111,-0.044,-0.044,-0.056,0.550,-0.469,-0.528,-0.445,-1.000,0.001,0,10429,12,-10,62,15.710,576,11655,60,489,0
220931,-0.173,0.009,0.077,-0.040,-0.001,0.008,0.547,-0.471,-0.530,-0.445,-1.000,0.001,0,10146,14,-11,62,15.710,380,10330,60,428,0
221031,-0.183,0.015,0.050,-0.032,0.014,0.029,0.546,-0.473,-0.529,-0.445,-1.000,0.001,0,9770,14,-12,62,15.710,380,10330,60,428,0
221131,-0.198,0.014,0.020,0.000,0.041,0.053,0.547,-0.474,-0.528,-0.444,-1.000,0.001,0,9492,13,-13,62,15.710,380,10330,60,428,0
221231,-0.203,0.008,0.016,0.003,0.067,0.000,0.548,-0.473,-0.527,-0.444,-1.000,0.001,0,9286,14,-13,62,15.720,355,9469,60,392,0
221332,-0.196,0.001,0.073,0.016,0.004,0.003,0.549,-0.472,-0.527,-0.445,-1.000,0.001,0,9271,12,-12,62,15.720,355,9469,60,392,0
221431,-0.209,0.007,0.116,0.039,-0.098,0.061,0.550,-0.473,-0.528,-0.443,-1.000,0.001,0,9569,9,-10,62,15.720,354,9505,60,419,0
221531,-0.209,0.016,0.114,-0.001,0.000,-0.052,0.549,-0.473,-0.529,-0.441,-1.000,0.001,0,9084,13,-11,62,15.720,354,9505,60,419,0
221631,-0.175,0.016,0.087,-0.030,0.031,-0.102,0.547,-0.471,-0.531,-0.444,0.000,0.001,0,8709,14,-12,62,15.720,354,9505,60,419,0
221731,-0.149,0.008,0.056,-0.013,0.047,-0.038,0.546,-0.469,-0.531,-0.447,0.000,0.001,0,8882,13,-12,62,15.750,355,8802,60,383,0
221831,-0.119,0.004,0.047,-0.013,0.051,-0.081,0.545,-0.467,-0.532,-0.450,0.000,0.000,0,8547,14,-12,62,15.750,355,8802,60,383,0
221931,-0.063,-0.008,-0.093,0.020,0.050,-0.164,0.543,-0.461,-0.534,-0.455,-0.200,0.000,0,7861,13,-13,62,15.760,305,1657,60,346,0
222031,-0.040,-0.026,-0.092,-0.034,0.052,-0.006,0.544,-0.459,-0.532,-0.459,-0.200,0.000,0,8520,14,-12,62,15.760,305,1657,60,346,0
222131,-0.047,-0.033,-0.026,-0.031,0.018,0.052,0.544,-0.460,-0.530,-0.461,-0.200,0.000,0,8829,13,-12,62,15.760,305,1657,60,346,0
222231,-0.062,-0.032,0.023,-0.009,-0.024,0.059,0.544,-0.461,-0.529,-0.460,-0.200,0.000,0,8927,12,-11,62,15.760,305,305,60,346,0
222331,-0.072,-0.026,0.053,0.020,-0.028,0.041,0.544,-0.462,-0.529,-0.459,-0.200,0.000,0,8892,12,-12,62,15.760,305,305,60,346,0
222431,-0.085,-0.020,0.072,0.018,-0.050,0.068,0.545,-0.463,-0.530,-0.456,-0.200,0.000,0,9067,11,-11,62,15.760,305,305,60,346,0
222531,-0.099,-0.020,0.105,0.024,-0.008,0.081,0.547,-0.462,-0.530,-0.454,-0.200,0.000,0,9186,13,-11,62,15.770,305,305,60,346,0
222631,-0.149,0.005,0.103,0.078,-0.107,0.090,0.547,-0.468,-0.532,-0.446,-0.200,0.001,0,9441,9,-11,62,15.770,305,305,60,346,0
222731,-0.173,0.027,0.023,-0.126,-0.041,0.116,0.545,-0.472,-0.533,-0.443,-0.200,0.000,0,9648,16,-8,61,15.770,305,305,60,346,0
222831,-0.227,0.025,0.007,-0.213,-0.038,0.113,0.545,-0.480,-0.525,-0.444,-0.200,0.001,0,9703,15,-6,61,15.770,305,305,60,346,0
222931,-0.219,0.016,0.034,-0.173,0.117,-0.147,0.541,-0.484,-0.520,-0.451,-0.200,0.001,0,8706,17,-12,61,15.770,305,305,60,346,0
223031,-0.112,-0.021,0.092,0.117,0.232,-0.353,0.541,-0.472,-0.522,-0.462,-0.200,0.000,0,7106,14,-20,61,15.770,305,305,60,346,0
223131,0.038,-0.082,0.146,0.143,0.438,-0.384,0.543,-0.451,-0.526,-0.475,-0.200,-0.000,0,5940,21,-24,61,15.770,305,305,60,346,0
223231,0.197,-0.160,0.094,0.062,0.583,-0.296,0.547,-0.428,-0.526,-0.491,-0.200,-0.001,0,5369,27,-26,61,15.770,305,305,60,346,0
223331,0.300,-0.285,0.029,-0.151,0.660,-0.281,0.555,-0.407,-0.513,-0.513,-0.200,-0.003,0,4547,32,-24,61,15.770,305,305,60,346,0
223431,0.392,-0.402,0.015,-0.364,0.470,-0.330,0.557,-0.392,-0.496,-0.539,-0.200,-0.006,0,2855,33,-17,61,15.770,305,305,60,346,0
223531,0.561,-0.453,0.028,-0.176,0.110,-0.553,0.543,-0.381,-0.492,-0.563,-0.200,-0.007,5022,0,21,-17,62,15.780,305,305,60,346,0
223631,0.762,-0.504,0.059,0.038,0.441,-0.634,0.533,-0.362,-0.494,-0.584,-0.200,-0.007,7087,0,28,-32,62,15.780,305,305,60,346,0
223731,1.064,-0.564,0.045,0.504,0.367,-0.853,0.526,-0.325,-0.504,-0.603,-0.200,-0.006,9755,0,16,-38,62,15.780,305,305,60,346,0
223831,1.451,-0.591,-0.016,0.752,0.487,-0.972,0.519,-0.274,-0.526,-0.615,-0.200,0.002,11828,0,17,-44,61,15.780,305,305,60,346,0
223931,1.829,-0.585,-0.072,0.776,0.364,-0.786,0.513,-0.220,-0.550,-0.621,-0.200,0.016,12661,0,16,-39,61,15.780,305,305,60,346,0
224031,2.152,-0.567,-0.082,0.660,0.349,-0.668,0.508,-0.169,-0.569,-0.624,-0.200,0.030,13499,0,18,-34,61,15.800,305,305,60,346,0
224131,2.407,-0.524,-0.046,0.532,0.221,-0.561,0.502,-0.127,-0.585,-0.624,-0.200,0.046,14140,0,18,-28,61,15.800,305,305,60,346,0
224231,2.576,-0.478,-0.035,0.331,0.031,-0.341,0.494,-0.100,-0.597,-0.624,-0.200,0.061,14205,0,17,-21,61,15.800,305,305,60,346,0
224331,2.661,-0.436,-0.035,0.253,0.001,-0.129,0.489,-0.086,-0.606,-0.622,-0.200,0.071,14047,0,18,-21,61,15.800,305,305,60,346,0
224431,2.750,-0.388,-0.017,0.486,0.162,-0.333,0.486,-0.068,-0.616,-0.616,-0.200,0.081,15056,0,15,-31,61,15.800,305,305,60,346,0
224531,2.893,-0.334,-0.002,0.451,0.286,-0.458,0.482,-0.038,-0.626,-0.612,-0.200,0.094,15953,0,19,-29,61,15.800,305,305,60,346,0
224631,3.003,-0.299,-0.065,0.252,0.146,-0.231,0.478,-0.013,-0.631,-0.611,-0.200,0.103,15870,0,19,-20,61,15.790,305,305,60,346,0
224731,3.056,-0.284,-0.060,0.230,0.211,-0.162,0.480,0.003,-0.633,-0.607,-0.200,0.105,16028,0,20,-23,61,15.790,305,305,60,346,0
224831,3.126,-0.257,0.001,0.271,0.188,-0.303,0.478,0.020,-0.636,-0.605,-0.200,0.111,16748,0,19,-24,61,15.790,305,305,60,346,0
224931,3.213,-0.206,0.024,0.402,0.201,-0.316,0.474,0.043,-0.642,-0.600,-0.200,0.121,17186,0,16,-25,61,15.790,305,305,60,346,0
225031,3.271,-0.161,-0.031,0.218,0.038,-0.056,0.472,0.061,-0.648,-0.595,-0.200,0.128,16915,0,16,-15,61,15.790,305,305,60,346,0
225131,3.279,-0.132,-0.045,0.169,0.060,-0.012,0.472,0.065,-0.652,-0.589,-0.200,0.131,17024,0,18,-18,61,15.810,305,305,60,346,0
225231,3.310,-0.098,-0.029,0.260,0.138,-0.241,0.472,0.077,-0.656,-0.584,-0.200,0.135,17816,0,16,-21,61,15.810,305,305,60,346,0
225331,3.368,-0.056,-0.035,0.212,0.116,-0.190,0.469,0.095,-0.660,-0.580,-0.200,0.143,18032,0,16,-17,61,15.810,305,305,60,346,0
225431,3.390,-0.035,-0.020,0.043,0.063,-0.042,0.469,0.104,-0.662,-0.576,-0.200,0.145,17944,0,19,-12,60,15.810,305,305,60,346,0
225531,3.384,-0.038,-0.072,0.010,0.046,0.097,0.470,0.104,-0.662,-0.575,-0.200,0.143,17809,0,19,-14,60,15.810,305,305,60,346,0
225631,3.385,-0.031,-0.123,0.159,0.213,-0.011,0.474,0.109,-0.663,-0.570,-0.200,0.141,18234,0,19,-22,60,15.810,305,305,60,346,0
225731,3.391,-0.034,-0.080,0.087,0.129,-0.004,0.480,0.117,-0.662,-0.564,-0.200,0.135,18416,0,18,-15,60,15.810,305,305,60,346,0
225831,3.395,-0.029,-0.021,0.104,0.052,-0.013,0.482,0.121,-0.662,-0.561,-0.200,0.134,18512,0,16,-15,60,15.810,305,305,60,346,0
225931,3.403,-0.009,0.035,0.216,0.142,-0.104,0.484,0.128,-0.665,-0.554,-0.200,0.134,18724,0,16,-19,60,15.810,305,305,60,346,0
226031,3.428,0.016,0.041,0.136,0.046,-0.054,0.482,0.138,-0.667,-0.552,-0.200,0.138,18672,0,15,-14,60,15.810,305,305,60,346,0
226131,3.421,0.029,0.034,-0.009,-0.030,0.091,0.483,0.138,-0.669,-0.548,-0.200,0.138,18341,0,17,-9,60,15.820,305,305,60,346,0
226231,3.412,0.027,0.031,0.034,-0.004,-0.009,0.484,0.136,-0.669,-0.547,-0.200,0.137,18538,0,16,-13,60,15.820,305,305,60,346,0
226331,3.416,0.039,0.009,0.097,0.077,0.023,0.485,0.140,-0.671,-0.544,-0.200,0.138,18478,0,16,-16,60,15.820,305,305,60,346,0
226431,3.411,0.036,-0.000,-0.053,0.047,0.028,0.486,0.139,-0.671,-0.543,-0.200,0.136,18456,0,20,-12,60,15.820,305,305,60,346,0
226531,3.411,0.021,-0.018,-0.024,0.030,-0.004,0.488,0.140,-0.668,-0.544,-0.200,0.133,18527,0,17,-13,60,15.820,305,305,60,346,0
226631,3.418,0.025,0.007,0.120,0.030,-0.057,0.489,0.144,-0.668,-0.542,-0.200,0.132,18653,0,14,-15,60,15.820,305,305,60,346,0
226731,3.429,0.054,0.031,0.172,0.009,-0.051,0.487,0.149,-0.672,-0.538,-0.200,0.136,18665,0,13,-15,59,15.820,305,305,60,346,0
