Timestamp,r_ref,q_ref,curr_ax,curr_roll_rate,curr_pitch_rate,curr_yaw_rate,curr_qw,curr_qx,curr_qy,curr_qz,thrust_ref,p_ref,omega_L_ref,omega_R_ref,servo_L_ref,servo_R_ref,Temperature,Voltage,Current,RPM2,RPM4,Throttle2,Throttle4,ErrorCodes
66138,-0.059,0.003,-0.068,0.029,-0.648,0.199,-0.533,-0.456,0.541,-0.464,0.000,-0.000,0,3096,-14,8,0,0.000,0.000,0,0,0,0,0
66237,-0.089,0.182,-0.115,0.226,-0.897,0.014,-0.512,-0.472,0.555,-0.456,0.000,-0.001,193,0,-33,19,0,0.000,0.000,0,0,0,0,0
66337,-0.093,0.418,-0.162,-0.011,-0.129,-0.039,-0.486,-0.493,0.572,-0.440,0.000,-0.002,1156,0,0,3,0,0.000,0.000,305,0,0,0,0
66437,-0.019,0.150,-0.307,-0.002,1.549,-0.156,-0.516,-0.477,0.545,-0.456,0.000,-0.000,2876,0,45,-46,0,0.000,0.000,305,0,0,0,0
66537,-0.008,0.118,-0.348,-0.120,-0.840,0.064,-0.521,-0.474,0.543,-0.457,0.000,-0.000,0,2251,-30,36,0,0.000,0.000,305,0,0,0,0
66637,0.005,0.072,-0.284,0.000,0.747,-0.088,-0.528,-0.469,0.541,-0.457,0.000,0.000,2848,0,22,-26,0,0.000,0.000,305,305,0,0,0
66737,0.022,0.095,-0.245,-0.112,-0.258,0.036,-0.530,-0.469,0.546,-0.450,0.000,0.000,0,911,-6,10,0,0.000,0.000,305,305,0,0,0
66837,0.009,-0.007,-0.262,-0.100,0.663,0.002,-0.541,-0.457,0.539,-0.456,0.000,-0.000,1763,0,23,-20,0,0.000,0.000,305,305,0,0,0
66937,0.035,-0.119,-0.223,-0.112,0.173,-0.143,-0.555,-0.447,0.529,-0.461,0.000,-0.000,3692,0,8,-4,0,0.000,0.000,305,305,0,0,0
67037,0.072,-0.136,-0.212,0.047,-0.050,-0.067,-0.559,-0.448,0.526,-0.458,0.000,-0.001,2884,0,-1,-5,0,0.000,0.000,305,305,0,0,0
67137,0.092,-0.124,-0.189,0.039,-0.020,-0.012,-0.558,-0.452,0.525,-0.458,0.000,-0.001,2535,0,4,-6,0,0.000,0.000,305,305,0,0,0
67237,0.083,-0.123,-0.144,0.000,-0.096,0.057,-0.557,-0.452,0.525,-0.459,0.000,-0.001,1756,0,2,-2,0,0.000,0.000,305,305,0,0,0
67337,0.058,-0.100,-0.083,0.072,-0.002,0.077,-0.552,-0.452,0.528,-0.460,0.000,-0.000,1245,0,3,-8,0,0.000,0.000,305,305,0,0,0
67437,0.053,-0.112,-0.033,-0.008,-0.033,-0.043,-0.553,-0.452,0.527,-0.462,0.000,-0.000,3143,0,3,-3,0,0.000,0.000,305,305,0,0,0
67537,0.106,-0.076,-0.064,0.032,-0.139,-0.192,-0.552,-0.460,0.526,-0.456,0.000,-0.001,4597,0,1,-2,0,0.000,0.000,305,305,0,0,0
67637,0.169,-0.071,-0.113,-0.011,0.063,-0.113,-0.555,-0.464,0.523,-0.452,0.000,-0.001,4097,0,7,-6,0,0.000,0.000,305,305,0,0,0
67737,0.134,-0.091,-0.027,-0.032,0.079,0.101,-0.558,-0.456,0.526,-0.452,0.000,-0.001,2166,0,5,-8,34,15.360,489.260,305,305,0,0,0
67837,0.161,-0.111,0.105,0.010,-0.071,-0.069,-0.559,-0.459,0.521,-0.454,0.000,-0.001,4075,0,1,-1,34,15.360,489.260,305,305,0,0,0
67937,0.164,-0.070,0.203,-0.028,-0.030,0.078,-0.557,-0.460,0.526,-0.449,0.000,-0.001,2665,0,4,-5,34,15.360,489.260,305,305,0,0,0
68037,0.116,-0.080,0.057,-0.019,0.072,0.163,-0.555,-0.456,0.528,-0.453,0.000,-0.001,1324,0,7,-7,34,15.360,489.260,305,305,0,0,0
68137,0.023,-0.122,0.038,-0.063,0.331,0.220,-0.555,-0.445,0.530,-0.461,0.000,-0.000,0,1855,17,-14,34,15.360,489.260,305,305,0,0,0
68237,-0.018,-0.189,0.209,-0.087,0.067,0.036,-0.560,-0.436,0.528,-0.467,0.000,0.000,2567,0,9,-4,34,15.360,489.260,305,305,0,0,0
68337,-0.007,-0.200,0.325,-0.229,0.172,-0.067,-0.566,-0.431,0.529,-0.462,0.000,0.000,3244,0,19,-6,34,15.360,489.260,305,305,0,0,0
68437,-0.028,-0.260,0.387,0.002,0.157,0.194,-0.572,-0.422,0.528,-0.464,0.000,0.000,0,2924,10,-14,34,15.360,489.260,305,305,0,0,0
68537,-0.067,-0.294,0.290,-0.057,0.048,-0.117,-0.574,-0.416,0.527,-0.469,0.000,0.001,3778,0,11,-9,34,15.360,489.260,305,305,0,0,0
68637,0.015,-0.277,0.129,-0.201,-0.250,-0.240,-0.579,-0.420,0.527,-0.459,0.000,-0.000,4504,0,7,4,34,15.360,489.260,305,305,0,0,0
68737,0.075,-0.143,-0.023,-0.134,-0.589,-0.078,-0.575,-0.429,0.543,-0.436,0.000,-0.001,3532,0,-7,10,34,15.360,489.260,305,305,0,0,0
68837,0.147,-0.002,-0.172,-0.236,-0.332,-0.256,-0.571,-0.438,0.555,-0.418,0.000,-0.001,5330,0,3,8,34,15.360,489.260,305,305,0,0,0
68937,0.219,0.082,-0.255,-0.113,-0.174,-0.090,-0.569,-0.446,0.561,-0.403,0.000,-0.000,4500,0,2,3,34,15.360,489.260,305,305,0,0,0
69037,0.164,0.130,-0.321,-0.306,-0.236,0.291,-0.566,-0.439,0.573,-0.398,0.000,0.000,0,1606,3,13,34,15.360,489.260,305,305,0,0,0
69137,0.058,0.222,-0.270,0.102,-0.180,0.168,-0.554,-0.434,0.591,-0.396,0.000,0.000,2160,0,-10,-1,34,15.360,489.260,305,305,0,0,0
69237,0.012,0.182,-0.238,0.048,0.557,-0.036,-0.553,-0.432,0.586,-0.405,0.000,0.000,3896,0,18,-17,34,15.360,489.260,305,305,0,0,0
69337,0.059,0.023,-0.208,-0.216,0.362,-0.298,-0.572,-0.422,0.570,-0.411,0.000,-0.000,5669,0,17,-2,34,15.360,489.260,305,305,0,0,0
69437,0.117,-0.028,-0.245,-0.031,0.263,-0.090,-0.583,-0.419,0.566,-0.406,0.000,-0.000,4280,0,10,-12,34,15.360,489.260,305,305,0,0,0
69537,0.102,-0.046,-0.215,0.139,-0.283,0.097,-0.582,-0.419,0.563,-0.411,0.000,-0.001,2747,0,-10,2,34,15.360,489.260,305,305,0,0,0
69637,0.092,0.002,-0.154,0.191,0.137,-0.024,-0.574,-0.426,0.565,-0.413,0.000,-0.000,4079,0,5,-14,34,15.360,489.260,305,305,0,0,0
69737,0.069,-0.030,0.044,-0.037,-0.059,0.181,-0.574,-0.425,0.561,-0.419,0.000,-0.000,946,0,4,2,34,15.360,489.260,305,305,0,0,0
69837,0.025,0.060,0.159,0.068,-0.394,0.072,-0.563,-0.428,0.572,-0.416,0.000,0.000,2933,0,-10,7,34,15.360,489.260,305,305,0,0,0
69937,0.024,0.096,0.191,-0.010,0.227,0.016,-0.559,-0.432,0.574,-0.415,0.000,0.000,3245,0,11,-9,34,15.350,489.260,305,305,0,0,0
70037,-0.049,0.037,0.195,-0.094,0.068,0.313,-0.562,-0.420,0.574,-0.422,0.000,-0.000,0,3413,5,0,34,15.350,489.260,305,305,0,0,0
70137,-0.124,0.031,0.068,0.047,0.057,0.092,-0.559,-0.414,0.578,-0.427,0.000,-0.001,1257,0,2,-6,34,15.360,489.260,305,305,0,0,0
70237,-0.158,0.008,-0.131,0.057,0.196,-0.030,-0.558,-0.412,0.576,-0.433,0.000,-0.001,2356,0,8,-9,34,15.360,489.260,305,305,0,0,0
70337,-0.139,-0.045,-0.189,-0.002,0.184,-0.026,-0.563,-0.410,0.569,-0.436,0.000,-0.000,1773,0,9,-8,34,15.360,489.260,305,305,0,0,0
70437,-0.139,-0.031,-0.121,0.071,-0.240,-0.044,-0.561,-0.413,0.570,-0.437,0.000,-0.000,2340,0,-6,3,34,15.370,489.260,305,305,0,0,0
70537,-0.129,0.024,-0.069,-0.007,-0.194,-0.024,-0.556,-0.418,0.574,-0.432,0.000,-0.001,1836,0,-2,3,34,15.370,489.260,305,305,0,0,0
70637,-0.110,0.050,0.007,-0.011,0.032,-0.052,-0.555,-0.420,0.576,-0.428,0.000,-0.000,2331,0,4,-4,34,15.370,499.500,305,305,0,0,0
70737,-0.081,0.046,-0.062,-0.017,-0.029,-0.033,-0.557,-0.421,0.575,-0.426,0.000,-0.000,2092,0,2,-1,34,15.370,499.500,305,305,0,0,0
70837,-0.061,0.061,-0.071,0.018,-0.096,-0.059,-0.557,-0.424,0.575,-0.424,0.000,-0.000,2791,0,-2,0,34,15.370,499.500,305,305,0,0,0
70937,-0.056,0.093,-0.011,0.111,0.000,0.000,-0.553,-0.428,0.576,-0.423,0.000,-0.000,1948,0,-1,-5,34,15.360,489.260,305,305,0,0,0
71037,-0.060,0.103,0.034,0.033,-0.173,0.064,-0.551,-0.429,0.577,-0.423,0.000,-0.000,0,1074,-6,4,34,15.360,489.260,305,305,0,0,0
71137,-0.077,0.175,0.019,0.003,-0.281,-0.037,-0.542,-0.435,0.583,-0.421,0.000,-0.001,2667,0,-7,9,34,15.360,489.260,305,305,0,0,0
71237,-0.064,0.211,0.005,0.023,0.106,-0.003,-0.539,-0.438,0.586,-0.417,0.000,-0.001,1676,0,3,-4,34,15.360,489.260,305,305,0,0,0
71337,-0.064,0.183,0.041,-0.006,0.096,-0.007,-0.542,-0.437,0.583,-0.420,0.000,-0.001,1851,0,2,-1,34,15.360,489.260,305,305,0,0,0
71437,-0.055,0.148,0.046,-0.017,0.177,-0.020,-0.546,-0.434,0.580,-0.421,0.000,-0.000,1928,0,4,-4,34,15.360,489.260,305,305,0,0,0
71537,-0.048,0.103,-0.000,0.008,0.064,-0.014,-0.551,-0.432,0.575,-0.424,0.000,-0.000,1924,0,0,-1,34,15.360,489.260,305,305,0,0,0
71637,-0.054,0.100,-0.021,0.014,-0.044,0.039,-0.550,-0.432,0.575,-0.425,0.000,-0.000,442,0,-2,1,34,15.360,489.260,305,305,0,0,0
71737,-0.060,0.106,0.002,0.028,-0.039,-0.001,-0.549,-0.432,0.575,-0.425,0.000,-0.000,1713,0,-2,1,34,15.360,489.260,305,305,0,0,0
71837,-0.064,0.115,0.043,0.002,0.021,0.031,-0.548,-0.433,0.576,-0.425,0.000,-0.000,0,0,1,-1,34,15.360,489.260,305,305,0,0,0
71937,-0.068,0.100,0.033,-0.029,0.099,0.020,-0.549,-0.431,0.575,-0.427,0.000,-0.000,570,0,4,-1,34,15.360,489.260,305,305,0,0,0
72037,-0.080,0.077,-0.021,0.012,0.008,0.018,-0.551,-0.429,0.574,-0.429,0.000,-0.000,52,0,-1,0,34,15.360,489.260,305,305,0,0,0
72137,-0.074,0.080,-0.061,0.023,0.000,-0.054,-0.550,-0.430,0.573,-0.429,0.000,-0.000,2047,0,0,-1,34,15.360,499.500,305,305,0,0,0
72237,-0.071,0.088,-0.030,0.012,-0.004,0.054,-0.550,-0.431,0.574,-0.428,0.000,-0.000,0,1956,0,-1,34,15.360,499.500,305,305,0,0,0
72337,-0.088,0.082,-0.005,0.031,0.029,-0.003,-0.549,-0.430,0.574,-0.430,0.000,-0.001,826,0,0,-2,34,15.360,499.500,305,305,0,0,0
72437,-0.068,0.072,-0.025,0.017,0.032,-0.048,-0.551,-0.431,0.571,-0.430,0.000,-0.000,1510,0,1,-1,34,15.360,499.500,305,305,0,0,0
72537,-0.065,0.063,-0.079,0.003,0.012,0.072,-0.552,-0.430,0.570,-0.430,0.000,-0.000,0,2316,0,-1,34,15.360,499.500,305,305,0,0,0
72637,-0.080,0.074,-0.034,0.036,-0.057,-0.054,-0.549,-0.431,0.572,-0.432,0.000,-0.000,2495,0,-1,1,34,15.360,489.260,305,305,0,0,0
72737,-0.015,0.065,-0.038,-0.098,0.093,-0.223,-0.554,-0.434,0.568,-0.426,0.000,-0.000,3924,0,6,0,34,15.360,489.260,305,305,0,0,0
72837,-0.041,0.088,0.037,0.321,-0.110,0.270,-0.548,-0.437,0.569,-0.430,0.000,-0.000,0,4443,-13,-7,34,15.360,489.260,305,305,0,0,0
72937,-0.067,0.049,-0.054,0.152,0.109,-0.046,-0.546,-0.439,0.562,-0.441,0.000,-0.000,2089,0,1,-5,34,15.360,489.260,305,305,0,0,0
73037,-0.090,0.024,-0.086,0.127,-0.033,0.182,-0.544,-0.439,0.558,-0.448,0.000,-0.000,0,3659,-4,0,34,15.360,489.260,305,305,0,0,0
73137,-0.131,0.063,-0.067,0.027,-0.182,0.053,-0.536,-0.441,0.562,-0.449,0.000,-0.001,0,2270,-5,5,34,15.360,489.260,305,305,0,0,0
73237,-0.148,0.067,-0.034,0.064,0.006,0.097,-0.535,-0.440,0.563,-0.450,0.000,-0.001,0,3460,-2,-3,34,15.360,489.260,305,305,0,0,0
73337,-0.138,0.094,0.000,-0.027,-0.038,-0.142,-0.532,-0.444,0.564,-0.449,0.000,-0.001,2212,0,0,2,34,15.360,489.260,305,305,0,0,0
73437,-0.099,0.083,0.008,-0.146,-0.007,-0.041,-0.537,-0.443,0.564,-0.444,0.000,-0.001,0,1647,2,5,34,15.360,489.260,305,305,0,0,0
73537,-0.069,0.088,-0.060,-0.101,-0.039,-0.066,-0.541,-0.442,0.565,-0.439,0.000,-0.000,0,576,-1,4,34,15.360,489.260,305,305,0,0,0
73637,-0.048,0.112,-0.059,-0.049,-0.092,-0.020,-0.542,-0.443,0.568,-0.433,0.000,-0.000,0,1656,-4,4,34,15.350,489.260,305,305,0,0,0
73737,-0.060,0.143,0.002,-0.047,-0.088,-0.024,-0.539,-0.444,0.572,-0.431,0.000,-0.000,0,728,-3,5,34,15.350,489.260,305,305,0,0,0
73837,-0.035,0.131,0.051,-0.119,0.104,-0.050,-0.543,-0.442,0.571,-0.428,0.000,-0.000,0,811,5,2,34,15.350,489.260,305,305,0,0,0
73937,-0.024,0.112,0.030,-0.027,0.037,0.048,-0.547,-0.440,0.571,-0.427,0.000,-0.000,0,2315,-2,1,34,15.350,489.260,305,305,0,0,0
74037,-0.037,0.112,0.026,0.026,-0.009,-0.038,-0.546,-0.439,0.571,-0.428,0.000,-0.000,1310,0,-3,1,34,15.350,489.260,305,305,0,0,0
74137,-0.037,0.100,-0.027,-0.058,0.048,0.138,-0.548,-0.437,0.571,-0.428,0.000,-0.000,0,3678,1,2,34,15.350,489.260,305,305,0,0,0
74237,-0.057,0.120,-0.033,0.008,-0.040,-0.018,-0.546,-0.436,0.574,-0.427,0.000,-0.000,0,1382,-3,0,34,15.350,489.260,305,305,0,0,0
74337,-0.066,0.113,-0.052,-0.020,-0.038,-0.019,-0.545,-0.436,0.574,-0.429,0.000,-0.000,0,1435,-2,5,34,15.350,489.260,305,305,0,0,0
74437,-0.031,0.113,-0.023,0.003,-0.067,-0.072,-0.548,-0.438,0.572,-0.426,0.000,-0.000,760,0,-5,5,34,15.350,489.260,305,305,0,0,0
74537,-0.011,0.145,-0.019,-0.058,-0.081,-0.047,-0.546,-0.441,0.574,-0.422,0.000,-0.000,0,401,-2,7,34,15.360,489.260,305,305,0,0,0
74637,-0.021,0.149,0.013,-0.041,0.062,0.027,-0.546,-0.439,0.576,-0.421,0.000,-0.000,0,2103,0,1,34,15.360,489.260,305,305,0,0,0
74737,-0.024,0.142,0.066,-0.044,0.041,0.033,-0.547,-0.437,0.576,-0.421,0.000,-0.000,0,2289,-1,3,34,15.360,489.260,305,305,0,0,0
74837,-0.023,0.097,-0.000,0.008,0.213,-0.039,-0.552,-0.434,0.573,-0.423,0.000,-0.000,122,0,3,-4,34,15.360,489.260,305,305,0,0,0
74937,-0.012,0.065,-0.018,0.008,-0.033,0.014,-0.555,-0.433,0.569,-0.425,0.000,0.000,0,2139,-4,4,34,15.360,489.260,305,305,0,0,0
75037,-0.022,0.083,-0.049,0.008,-0.036,-0.022,-0.553,-0.434,0.571,-0.425,0.000,-0.000,0,1005,-3,3,34,15.370,489.260,305,305,0,0,0
75137,-0.006,0.105,0.009,-0.038,-0.114,-0.054,-0.552,-0.436,0.572,-0.422,0.000,-0.000,995,0,-4,7,34,15.370,489.260,305,305,0,0,0
75237,0.037,0.093,-0.001,-0.111,0.167,-0.128,-0.557,-0.436,0.570,-0.418,0.000,0.000,2669,0,7,0,34,15.370,489.260,305,305,0,0,0
75337,0.070,0.048,-0.076,-0.128,0.111,-0.037,-0.565,-0.432,0.567,-0.415,0.000,0.000,1404,0,4,2,34,15.370,489.260,305,305,0,0,0
75437,0.094,0.025,-0.150,0.000,0.049,-0.129,-0.571,-0.430,0.565,-0.413,0.000,-0.000,3382,0,-3,-3,34,15.370,489.260,305,305,0,0,0
75537,0.132,0.028,-0.049,0.012,-0.116,-0.044,-0.571,-0.434,0.562,-0.412,0.000,-0.000,2291,0,-5,6,34,15.370,489.260,305,305,0,0,0
75637,0.071,0.064,0.109,0.127,0.038,0.251,-0.563,-0.434,0.568,-0.415,0.000,0.000,0,3727,-3,-5,34,15.370,489.260,305,305,0,0,0
75737,-0.010,0.030,0.140,0.017,0.000,0.180,-0.560,-0.428,0.567,-0.425,0.000,-0.000,0,3111,-1,3,34,15.370,489.260,305,305,0,0,0
75837,-0.054,0.034,0.072,0.062,0.144,0.031,-0.557,-0.427,0.568,-0.430,0.000,-0.000,0,1587,3,-5,34,15.370,489.260,305,305,0,0,0
75937,-0.058,-0.010,0.045,0.059,0.058,-0.006,-0.559,-0.425,0.563,-0.435,0.000,-0.000,0,1548,-1,-1,34,15.360,489.260,305,305,0,0,0
76037,-0.036,-0.033,-0.022,-0.048,0.138,-0.043,-0.563,-0.425,0.560,-0.434,0.000,0.000,0,968,6,-2,34,15.360,489.260,305,305,0,0,0
76137,-0.033,-0.054,-0.052,0.034,0.012,-0.028,-0.565,-0.423,0.558,-0.436,0.000,0.000,0,964,-1,-2,34,15.360,489.260,305,305,0,0,0
76237,-0.002,-0.082,-0.069,0.000,0.150,-0.054,-0.570,-0.423,0.553,-0.436,0.000,-0.000,951,0,6,-6,34,15.360,489.260,305,305,0,0,0
76337,-0.002,-0.137,-0.041,0.039,0.248,0.023,-0.574,-0.420,0.548,-0.440,0.000,0.000,0,1894,8,-11,34,15.360,489.260,305,305,0,0,0
76437,0.003,-0.229,-0.052,0.024,0.359,-0.010,-0.582,-0.414,0.539,-0.447,0.000,0.000,0,950,13,-14,34,15.360,489.260,305,305,0,0,0
76537,0.002,-0.341,-0.047,0.017,0.419,0.019,-0.591,-0.406,0.528,-0.455,0.000,0.000,0,1679,17,-18,34,15.360,489.260,305,305,0,0,0
76637,0.015,-0.473,-0.046,-0.028,0.382,-0.036,-0.604,-0.396,0.514,-0.462,0.000,-0.000,1115,0,20,-18,34,15.360,489.260,305,305,0,0,0
76737,0.011,-0.559,-0.038,0.000,0.274,0.050,-0.611,-0.389,0.506,-0.468,0.000,-0.000,0,2087,19,-19,34,15.360,489.260,305,305,0,0,0
76837,0.007,-0.617,-0.020,0.017,0.123,-0.017,-0.616,-0.384,0.500,-0.472,0.000,-0.000,884,0,16,-17,34,15.350,489.260,305,305,0,0,0
76937,0.020,-0.626,-0.010,0.016,-0.058,-0.029,-0.617,-0.385,0.498,-0.472,0.000,-0.000,1171,0,13,-13,34,15.350,489.260,305,305,0,0,0
77037,0.001,-0.584,-0.043,0.011,-0.210,0.131,-0.613,-0.387,0.503,-0.471,0.000,0.000,0,3193,9,-9,34,15.360,499.500,305,305,0,0,0
77137,-0.041,-0.506,-0.057,-0.016,-0.308,0.068,-0.604,-0.390,0.514,-0.469,0.000,0.001,0,2312,7,-5,34,15.360,499.500,305,305,0,0,0
77237,-0.037,-0.413,0.043,-0.004,-0.306,-0.087,-0.596,-0.397,0.523,-0.462,0.000,0.001,2000,0,5,-5,34,15.360,489.260,305,305,0,0,0
77337,-0.003,-0.330,0.050,0.000,-0.249,-0.104,-0.590,-0.407,0.529,-0.454,0.000,0.000,2170,0,6,-5,34,15.360,489.260,305,305,0,0,0
77437,0.017,-0.276,-0.015,-0.008,-0.119,0.010,-0.587,-0.412,0.533,-0.449,0.000,-0.000,0,1694,8,-7,34,15.330,479.020,1506,1235,63,60,0
77537,0.007,-0.264,-0.016,0.000,0.037,0.024,-0.585,-0.412,0.535,-0.449,0.000,-0.000,0,1613,11,-11,34,15.330,479.020,1506,1235,63,60,0
77637,0.011,-0.241,-0.034,0.002,0.168,-0.046,-0.588,-0.410,0.532,-0.451,0.000,-0.000,1598,0,14,-14,34,15.350,489.260,793,1161,60,60,0
77737,0.013,-0.302,-0.005,0.022,0.236,0.072,-0.593,-0.406,0.525,-0.455,0.000,-0.000,0,2546,16,-18,34,15.350,489.260,793,1161,60,60,0
77837,-0.009,-0.379,-0.008,0.026,0.283,-0.008,-0.598,-0.400,0.518,-0.463,10000000.000,0.000,2417,2040,19,-20,34,15.360,489.260,607,2177,60,130,0
77937,0.010,-0.449,0.036,-0.011,0.202,-0.038,-0.604,-0.396,0.510,-0.467,15000000.000,-0.000,2987,2465,19,-18,34,15.360,489.260,607,2177,60,130,0
78037,0.004,-0.492,-0.058,0.037,0.102,0.029,-0.608,-0.392,0.506,-0.470,20000000.000,-0.000,2615,3628,15,-19,34,15.330,397.100,2821,3443,76,136,0
78137,-0.000,-0.499,-0.085,-0.069,-0.059,-0.022,-0.609,-0.390,0.506,-0.469,35000000.000,0.000,4270,4095,17,-10,34,15.330,397.100,2821,3443,76,136,0
78237,0.004,-0.467,-0.348,-0.359,-0.183,0.000,-0.607,-0.392,0.510,-0.467,50000000.000,0.000,4859,5137,25,5,34,15.320,397.100,5605,4595,60,422,0
78337,0.033,-0.405,-0.277,-0.242,-0.224,-0.106,-0.603,-0.400,0.514,-0.461,55000000.000,-0.001,5898,4496,19,0,34,15.320,397.100,5605,4595,60,422,0
78437,0.028,-0.330,-0.389,-0.470,-0.249,0.093,-0.597,-0.404,0.522,-0.455,65000000.000,-0.000,5040,6293,-28,-44,34,15.320,397.100,5605,4595,60,422,0
78537,0.005,-0.261,-0.403,-0.657,-0.206,0.088,-0.590,-0.407,0.531,-0.452,80000000.000,-0.000,5791,6816,34,18,35,15.270,56.620,5133,6561,590,60,0
78637,0.008,-0.216,-0.732,-0.472,-0.112,-0.007,-0.586,-0.412,0.535,-0.449,95000000.000,-0.000,6920,6864,29,10,35,15.270,56.620,5133,6561,590,60,0
78737,0.017,-0.199,-0.776,-0.254,0.010,0.027,-0.584,-0.414,0.535,-0.448,100000000.000,-0.000,6912,7227,22,-3,34,15.290,243.500,7142,6738,167,478,0
78837,-0.002,-0.217,-0.724,0.969,0.151,-0.063,-0.583,-0.415,0.531,-0.454,110000000.000,-0.000,7826,6982,-23,-56,34,15.290,243.500,7142,6738,167,478,0
78937,-0.005,-0.256,-0.468,0.341,0.169,-0.034,-0.587,-0.410,0.530,-0.455,120000000.000,0.000,7931,7556,2,-33,34,15.230,650.530,7267,7861,436,256,0
79037,-0.023,-0.300,-0.388,0.688,0.157,-0.048,-0.589,-0.406,0.526,-0.460,120000000.000,0.000,8000,7483,-12,-47,34,15.230,650.530,7267,7861,436,256,0
79137,-0.020,-0.331,-0.323,0.379,0.097,-0.037,-0.592,-0.403,0.523,-0.462,130000000.000,0.000,7711,8399,31,1,35,15.270,243.500,8532,7462,273,450,0
79237,-0.021,-0.344,-0.237,-0.151,-0.009,0.026,-0.593,-0.403,0.521,-0.463,145000000.000,0.000,8277,8746,21,-8,35,15.270,243.500,8532,7462,273,450,0
79337,-0.030,-0.338,-0.128,0.032,-0.048,0.009,-0.592,-0.403,0.522,-0.463,155000000.000,0.001,8657,8947,12,-15,35,15.300,468.780,8474,8960,350,415,0
79437,-0.033,-0.312,-0.111,-0.020,-0.111,0.007,-0.590,-0.404,0.525,-0.462,170000000.000,0.001,9053,9383,13,-11,35,15.300,468.780,8474,8960,350,415,0
79537,-0.037,-0.273,-0.059,0.003,-0.121,-0.004,-0.586,-0.407,0.529,-0.459,180000000.000,0.001,9355,9617,11,-11,35,15.290,448.300,9191,9578,415,420,0
79637,-0.030,-0.240,-0.026,0.016,-0.117,-0.039,-0.583,-0.410,0.532,-0.456,185000000.000,0.000,9602,9633,11,-11,35,15.290,448.300,9191,9578,415,420,0
79737,-0.022,-0.210,-0.062,-0.001,-0.082,0.029,-0.581,-0.413,0.535,-0.454,195000000.000,0.000,9605,10136,12,-11,35,15.290,448.300,9191,9578,415,420,0
79837,-0.034,-0.191,-0.059,-0.001,-0.042,0.018,-0.579,-0.413,0.537,-0.453,210000000.000,0.000,10075,10417,12,-12,35,15.300,458.540,9652,10183,421,453,0
79937,-0.033,-0.184,-0.038,-0.006,0.000,-0.007,-0.578,-0.414,0.538,-0.453,220000000.000,0.000,10343,10631,13,-13,35,15.300,458.540,9652,10183,421,453,0
80037,-0.047,-0.189,-0.023,0.008,0.040,0.037,-0.578,-0.412,0.538,-0.454,230000000.000,0.001,10442,10998,14,-15,36,15.300,458.540,10351,10845,465,508,0
80137,-0.043,-0.206,-0.034,0.024,0.070,-0.056,-0.579,-0.412,0.536,-0.456,235000000.000,0.000,10842,10838,15,-16,36,15.300,458.540,10351,10845,465,508,0
80237,-0.026,-0.228,-0.003,-0.024,0.077,-0.037,-0.582,-0.412,0.533,-0.456,245000000.000,0.000,11003,11132,17,-15,36,15.290,438.060,10917,11061,482,494,0
80337,-0.015,-0.247,0.027,-0.028,0.047,0.046,-0.585,-0.410,0.531,-0.456,260000000.000,0.000,11079,11715,16,-15,36,15.290,438.060,10917,11061,482,494,0
80437,-0.041,-0.255,0.027,-0.007,0.000,0.028,-0.585,-0.408,0.532,-0.458,260000000.000,0.001,11184,11615,15,-15,36,15.290,417.580,11061,11737,500,527,0
80537,-0.033,-0.250,0.146,-0.028,-0.043,0.036,-0.585,-0.408,0.532,-0.456,260000000.000,0.000,11074,11720,15,-13,36,15.290,417.580,11061,11737,500,527,0
80637,-0.074,-0.232,0.378,-0.129,-0.066,0.217,-0.583,-0.404,0.538,-0.456,260000000.000,0.001,10460,12271,17,-10,36,15.290,417.580,11061,11737,500,527,0
80737,-0.128,-0.223,0.537,0.068,0.030,-0.122,-0.579,-0.401,0.542,-0.459,260000000.000,0.001,11561,11241,14,-19,36,15.290,407.340,10438,12315,447,565,0
80837,-0.035,-0.228,0.667,0.002,0.001,-0.170,-0.585,-0.408,0.536,-0.453,260000000.000,0.000,11325,11478,15,-15,36,15.290,407.340,10438,12315,447,565,0
80937,-0.042,-0.232,0.668,0.053,0.024,0.146,-0.584,-0.407,0.536,-0.454,260000000.000,0.000,10653,12104,14,-18,35,15.290,376.620,10964,11764,475,565,0
81037,-0.069,-0.232,0.614,-0.033,-0.016,-0.054,-0.583,-0.405,0.537,-0.456,280000000.000,0.001,11744,11920,16,-14,35,15.290,376.620,10964,11764,475,565,0
81137,-0.048,-0.215,0.533,-0.024,-0.110,-0.023,-0.583,-0.408,0.538,-0.453,295000000.000,0.001,11921,12365,13,-11,36,15.280,274.220,11904,12224,532,551,0
81237,-0.050,-0.173,0.466,-0.067,-0.177,-0.028,-0.580,-0.410,0.543,-0.449,300000000.000,0.001,12078,12415,12,-8,36,15.280,274.220,11904,12224,532,551,0
81337,-0.054,-0.119,0.381,-0.078,-0.177,0.058,-0.576,-0.412,0.549,-0.444,315000000.000,0.000,12117,12969,11,-8,36,15.280,274.220,11904,12224,532,551,0
81437,-0.097,-0.072,0.247,0.022,-0.136,0.100,-0.570,-0.411,0.557,-0.442,325000000.000,0.001,12181,13290,8,-11,36,15.270,138.540,12077,12987,505,635,0
81537,-0.123,-0.042,-0.052,0.117,-0.057,0.036,-0.564,-0.414,0.560,-0.445,330000000.000,0.000,12383,13292,8,-14,36,15.270,138.540,12077,12987,505,635,0
81637,-0.100,-0.036,-0.161,0.083,0.036,-0.103,-0.563,-0.418,0.557,-0.445,340000000.000,0.000,12907,13168,12,-15,36,15.260,87.340,12722,13192,609,559,0
81737,-0.065,-0.050,-0.233,-0.006,0.029,-0.017,-0.565,-0.421,0.553,-0.445,340000000.000,0.000,12656,13410,14,-12,36,15.260,87.340,12722,13192,609,559,0
81837,-0.076,-0.056,-0.297,-0.031,0.002,0.013,-0.565,-0.419,0.553,-0.446,350000000.000,0.000,12857,13590,14,-10,36,15.260,5.420,12755,13698,587,612,0
81937,-0.093,-0.055,-0.366,-0.007,-0.050,0.000,-0.565,-0.417,0.555,-0.445,355000000.000,0.000,12974,13663,10,-11,36,15.260,5.420,12755,13698,587,612,0
82037,-0.067,-0.034,-0.410,-0.074,-0.092,-0.129,-0.566,-0.419,0.557,-0.441,360000000.000,0.000,13392,13441,12,-7,36,15.260,5.420,12755,13698,587,612,0
82137,0.017,0.000,-0.397,-0.153,-0.106,-0.213,-0.570,-0.423,0.559,-0.428,370000000.000,-0.000,13809,13390,12,-5,36,15.240,548.130,13623,13262,664,599,0
82237,0.070,0.035,-0.509,-0.034,-0.134,-0.079,-0.571,-0.428,0.560,-0.420,375000000.000,-0.000,13681,13705,7,-7,36,15.240,548.130,13623,13262,664,599,0
82337,0.109,0.067,-0.553,-0.071,-0.083,-0.136,-0.571,-0.431,0.562,-0.414,380000000.000,-0.000,14042,13521,10,-6,36,15.250,455.970,13888,13661,660,600,0
82437,0.089,0.075,-0.427,0.198,0.041,0.222,-0.568,-0.433,0.562,-0.417,380000000.000,-0.000,13148,14392,6,-17,36,15.250,455.970,13888,13661,660,600,0
82537,0.038,0.055,-0.428,0.390,0.062,0.001,-0.560,-0.438,0.555,-0.433,390000000.000,-0.000,14199,13726,2,-20,36,15.250,455.970,13888,13661,660,600,0
82637,0.112,0.037,-0.401,0.451,0.109,-0.278,-0.557,-0.452,0.542,-0.439,395000000.000,-0.001,14681,13397,3,-24,36,15.240,466.210,14044,14005,695,549,0
82737,0.183,0.014,-0.287,0.582,0.078,-0.139,-0.552,-0.468,0.523,-0.450,395000000.000,-0.002,14429,13668,-1,-26,36,15.240,466.210,14044,14005,695,549,0
82837,0.251,0.006,-0.108,0.441,0.049,-0.197,-0.544,-0.486,0.506,-0.460,400000000.000,-0.003,14810,13442,4,-17,36,15.230,412.450,14577,13513,671,608,0
82937,0.292,-0.001,-0.034,0.220,0.040,0.083,-0.541,-0.495,0.496,-0.466,415000000.000,-0.004,14482,14328,8,-15,36,15.230,412.450,14577,13513,671,608,0
83037,0.250,-0.000,-0.029,0.149,-0.002,0.061,-0.533,-0.497,0.494,-0.474,415000000.000,-0.003,14684,14120,8,-13,36,15.230,351.010,14619,14204,690,623,0
83137,0.226,0.002,-0.009,-0.006,-0.003,0.080,-0.530,-0.497,0.494,-0.477,425000000.000,-0.003,14780,14372,12,-10,36,15.230,351.010,14619,14204,690,623,0
83237,0.195,-0.004,-0.001,-0.032,-0.003,0.136,-0.530,-0.494,0.497,-0.479,435000000.000,-0.002,14786,14710,11,-11,36,15.230,351.010,14619,14204,690,623,0
83337,0.155,-0.003,0.018,-0.071,-0.049,0.073,-0.528,-0.491,0.500,-0.480,440000000.000,-0.001,15012,14650,11,-9,37,15.220,310.050,14792,14749,709,687,0
83437,0.150,0.013,0.064,-0.104,-0.048,-0.004,-0.529,-0.489,0.504,-0.476,440000000.000,-0.001,15149,14509,11,-8,37,15.220,310.050,14792,14749,709,687,0
83537,0.140,0.023,0.065,-0.099,-0.041,0.078,-0.530,-0.487,0.508,-0.474,445000000.000,-0.001,15021,14812,12,-8,36,15.220,361.250,14970,14749,706,691,0
83637,0.105,0.037,-0.004,-0.272,-0.070,0.052,-0.530,-0.482,0.515,-0.471,455000000.000,-0.001,15260,14904,15,-2,36,15.220,361.250,14970,14749,706,691,0
83737,0.093,0.054,-0.001,-0.188,-0.093,-0.031,-0.534,-0.476,0.523,-0.463,475000000.000,-0.000,15705,15111,10,-5,36,15.220,361.250,14970,14749,706,691,0
83837,0.160,0.056,0.030,-0.226,-0.004,-0.212,-0.543,-0.474,0.525,-0.452,490000000.000,-0.001,16358,14914,13,-6,37,15.200,310.050,16286,14970,751,661,0
83937,0.186,0.047,0.108,-0.107,0.177,0.044,-0.548,-0.472,0.526,-0.448,495000000.000,-0.001,15941,15521,17,-15,37,15.200,310.050,16286,14970,751,661,0
84037,0.130,-0.045,0.031,-0.067,0.297,0.082,-0.553,-0.461,0.521,-0.458,510000000.000,-0.001,16191,15743,20,-18,36,15.190,299.810,16077,15822,785,711,0
84137,0.079,-0.079,-0.154,-0.162,-0.021,0.201,-0.556,-0.451,0.524,-0.461,525000000.000,-0.001,16084,16319,14,-7,36,15.190,299.810,16077,15822,785,711,0
84237,0.014,-0.022,-0.083,-0.108,-0.093,0.101,-0.551,-0.447,0.537,-0.456,540000000.000,-0.000,16474,16390,11,-9,36,15.190,299.810,16077,15822,785,711,0
84337,-0.004,-0.029,-0.080,-0.058,0.161,0.074,-0.553,-0.444,0.538,-0.456,545000000.000,0.000,16542,16473,18,-16,37,15.170,299.810,16611,16339,774,785,0
84437,0.002,-0.025,0.035,-0.198,-0.223,-0.114,-0.557,-0.440,0.542,-0.451,555000000.000,-0.000,17042,16266,8,0,37,15.170,299.810,16611,16339,774,785,0
84537,-0.007,-0.036,-0.066,0.008,0.268,0.154,-0.558,-0.436,0.543,-0.451,565000000.000,0.000,16557,17055,18,-23,37,15.170,299.810,16611,16339,774,785,0
84637,-0.038,-0.062,-0.128,-0.053,-0.090,-0.022,-0.559,-0.432,0.542,-0.454,565000000.000,0.000,16995,16618,10,-7,37,15.160,279.330,16556,17857,768,787,0
84737,-0.015,-0.053,-0.099,0.012,0.023,-0.050,-0.561,-0.433,0.543,-0.451,565000000.000,0.000,17002,16611,12,-14,37,15.160,279.330,16556,17857,768,787,0
84837,0.012,-0.049,0.038,0.071,-0.064,-0.053,-0.561,-0.436,0.541,-0.450,565000000.000,-0.000,17027,16585,8,-12,37,15.160,299.810,17006,16611,794,765,0
84937,0.023,-0.024,0.094,0.101,-0.089,-0.040,-0.557,-0.442,0.540,-0.450,565000000.000,-0.000,17044,16568,7,-12,37,15.160,299.810,17006,16611,794,765,0
85037,0.049,-0.004,0.142,0.137,-0.058,-0.033,-0.554,-0.448,0.538,-0.450,580000000.000,-0.000,17263,16792,7,-13,37,15.160,299.810,17006,16611,794,765,0
85137,0.038,0.041,0.186,0.084,-0.221,0.173,-0.548,-0.453,0.541,-0.450,600000000.000,-0.000,17122,17517,2,-6,37,15.150,279.330,17421,16891,789,834,0
85237,-0.000,0.100,0.088,0.034,-0.180,0.106,-0.539,-0.456,0.549,-0.448,605000000.000,-0.000,17351,17434,5,-5,37,15.150,279.330,17421,16891,789,834,0
85337,-0.038,0.120,0.024,-0.206,0.013,0.118,-0.538,-0.452,0.554,-0.447,605000000.000,-0.000,17285,17499,16,-4,37,15.150,279.330,17421,16891,789,834,0
85437,-0.098,0.097,0.052,-0.088,0.154,0.186,-0.541,-0.441,0.560,-0.448,610000000.000,-0.000,17158,17765,13,-13,37,15.170,279.330,17123,17605,828,816,0
85537,-0.091,0.050,0.008,-0.129,0.158,-0.114,-0.548,-0.434,0.558,-0.447,625000000.000,-0.000,17927,17392,16,-11,37,15.170,279.330,17123,17605,828,816,0
85637,-0.033,0.012,-0.020,-0.098,0.098,-0.148,-0.557,-0.432,0.554,-0.443,630000000.000,0.000,18035,17457,14,-11,37,15.140,269.090,18050,17543,852,798,0
85737,-0.021,-0.008,-0.010,0.021,0.060,0.070,-0.561,-0.431,0.552,-0.443,650000000.000,0.000,17912,18143,11,-14,37,15.140,269.090,18050,17543,852,798,0
85837,-0.050,-0.017,-0.019,-0.097,-0.001,0.002,-0.560,-0.428,0.553,-0.445,665000000.000,0.000,18312,18157,14,-7,37,15.140,269.090,18050,17543,852,798,0
85937,-0.057,-0.004,0.019,-0.067,-0.087,0.003,-0.560,-0.426,0.556,-0.442,685000000.000,0.000,18539,18474,10,-7,37,15.120,279.330,18450,18518,895,880,0
86037,-0.068,0.028,0.006,0.034,-0.156,0.037,-0.557,-0.428,0.560,-0.441,700000000.000,0.000,18651,18766,5,-8,37,15.120,279.330,18450,18518,895,880,0
86137,-0.090,0.067,-0.007,0.027,-0.083,0.013,-0.551,-0.430,0.563,-0.441,710000000.000,-0.000,18816,18867,7,-8,37,15.120,279.330,18450,18518,895,880,0
86237,-0.113,0.081,0.017,0.074,-0.020,0.052,-0.547,-0.432,0.564,-0.443,725000000.000,-0.000,18931,19147,7,-12,37,15.110,289.570,18796,19157,870,899,0
86337,-0.106,0.077,-0.015,0.052,0.016,-0.089,-0.546,-0.434,0.562,-0.445,740000000.000,-0.000,19338,19132,9,-10,37,15.110,289.570,18796,19157,870,899,0
86437,-0.077,0.073,-0.053,0.026,0.013,-0.070,-0.547,-0.437,0.559,-0.445,740000000.000,-0.000,19277,19194,9,-9,37,15.110,289.570,18796,19157,870,899,0
86537,-0.058,0.069,0.002,0.019,0.016,0.016,-0.548,-0.438,0.558,-0.444,750000000.000,0.000,19256,19474,9,-10,37,15.080,258.850,19379,19230,918,926,0
86637,-0.067,0.071,0.017,0.041,-0.027,0.054,-0.547,-0.438,0.558,-0.445,765000000.000,0.000,19403,19711,6,-10,37,15.080,258.850,19379,19230,918,926,0
86737,-0.091,0.088,0.025,0.024,-0.097,0.056,-0.544,-0.438,0.560,-0.446,790000000.000,-0.000,19715,20033,5,-6,38,15.080,238.370,19723,20000,913,929,0
86837,-0.095,0.121,0.027,-0.018,-0.131,-0.021,-0.540,-0.440,0.563,-0.443,805000000.000,-0.000,20019,20106,5,-4,38,15.080,238.370,19723,20000,913,929,0
86937,-0.066,0.155,-0.006,-0.039,-0.093,-0.030,-0.540,-0.444,0.566,-0.437,820000000.000,-0.000,20191,20306,6,-4,38,15.080,238.370,19723,20000,913,929,0
87037,-0.069,0.177,-0.010,-0.044,-0.052,0.043,-0.538,-0.444,0.569,-0.435,820000000.000,-0.000,20090,20406,6,-5,38,15.060,238.370,20408,20202,922,1002,0
87137,-0.088,0.177,-0.026,-0.031,0.049,0.061,-0.538,-0.442,0.570,-0.436,820000000.000,-0.000,20058,20437,9,-7,38,15.060,238.370,20408,20202,922,1002,0
87237,-0.120,0.152,-0.080,-0.033,0.106,0.062,-0.539,-0.437,0.571,-0.439,825000000.000,-0.001,20076,20541,10,-9,38,15.070,207.650,19880,20703,987,936,0
87337,-0.127,0.117,-0.067,0.004,0.113,-0.082,-0.542,-0.434,0.568,-0.442,830000000.000,-0.000,20382,20361,10,-10,38,15.070,207.650,19880,20703,987,936,0
87437,-0.079,0.096,-0.043,-0.040,0.052,-0.118,-0.547,-0.436,0.563,-0.440,845000000.000,-0.000,20586,20524,10,-7,38,15.050,197.410,20703,20242,965,1023,0
87537,-0.072,0.090,-0.059,0.000,0.003,0.011,-0.548,-0.435,0.563,-0.440,855000000.000,-0.000,20511,20840,7,-8,38,15.050,197.410,20703,20242,965,1023,0
87637,-0.070,0.096,-0.059,0.027,-0.037,-0.037,-0.547,-0.437,0.563,-0.440,855000000.000,-0.000,20616,20736,6,-7,38,15.050,197.410,20703,20242,965,1023,0
87737,-0.048,0.112,-0.188,0.001,-0.067,-0.061,-0.546,-0.440,0.562,-0.438,855000000.000,-0.000,20654,20698,6,-5,38,15.020,207.650,20576,20703,1014,1002,0
87837,-0.047,0.140,-0.503,-0.009,-0.120,0.018,-0.544,-0.442,0.565,-0.436,870000000.000,-0.000,20711,21001,4,-3,38,15.020,207.650,20576,20703,1014,1002,0
87937,-0.053,0.181,-0.371,-0.006,-0.131,-0.008,-0.539,-0.445,0.569,-0.433,885000000.000,-0.000,20942,21129,2,-3,38,15.020,95.010,20790,21052,1005,1023,0
88037,-0.048,0.202,-0.276,0.031,-0.002,-0.043,-0.537,-0.447,0.570,-0.432,885000000.000,-0.000,20997,21074,5,-7,38,15.020,95.010,20790,21052,1005,1023,0
88137,-0.008,0.188,-0.190,-0.031,0.094,-0.106,-0.541,-0.448,0.567,-0.430,885000000.000,0.000,21097,20974,9,-7,38,15.020,95.010,21097,20920,1040,1010,0
88237,0.003,0.154,-0.136,-0.054,0.137,0.037,-0.546,-0.446,0.564,-0.430,900000000.000,-0.000,21109,21434,11,-8,38,15.020,95.010,21097,20920,1040,1010,0
88337,-0.037,0.115,-0.113,-0.019,0.111,0.117,-0.548,-0.439,0.563,-0.435,910000000.000,0.000,21069,21590,9,-8,38,15.010,43.810,20790,21739,1078,1023,0
88437,-0.058,0.094,-0.091,-0.012,0.022,0.033,-0.549,-0.435,0.563,-0.437,910000000.000,-0.000,21183,21477,6,-7,38,15.010,43.810,20790,21739,1078,1023,0
88537,-0.062,0.091,-0.092,0.024,0.003,-0.013,-0.549,-0.435,0.563,-0.438,915000000.000,-0.000,21284,21494,6,-7,38,14.980,604.440,21231,21459,1051,1046,0
88637,-0.057,0.096,-0.072,0.002,-0.033,-0.032,-0.549,-0.436,0.563,-0.438,925000000.000,0.000,21420,21592,6,-5,38,14.980,604.440,21231,21459,1051,1046,0
88737,-0.048,0.103,-0.057,0.000,-0.007,0.000,-0.548,-0.438,0.563,-0.437,945000000.000,-0.000,21595,21878,6,-6,38,14.980,604.440,21231,21459,1051,1046,0
88837,-0.047,0.109,-0.038,0.000,-0.017,-0.028,-0.548,-0.438,0.563,-0.437,965000000.000,-0.000,21881,22051,6,-6,38,14.980,450.840,21691,21786,1043,1106,0
88937,-0.044,0.121,-0.006,0.021,-0.069,-0.004,-0.547,-0.440,0.564,-0.435,980000000.000,-0.000,21999,22272,2,-5,38,14.980,450.840,21691,21786,1043,1106,0
89037,-0.036,0.151,-0.010,-0.016,-0.122,-0.041,-0.544,-0.442,0.566,-0.433,995000000.000,0.000,22237,22372,3,-1,38,14.960,307.480,21881,22321,1124,1089,0
89137,-0.046,0.183,-0.076,0.056,-0.124,0.067,-0.540,-0.444,0.569,-0.432,1000000000.000,-0.000,22109,22610,-1,-3,38,14.960,307.480,21881,22321,1124,1089,0
89237,-0.061,0.219,-0.046,0.041,-0.117,0.026,-0.535,-0.447,0.573,-0.431,1020000000.000,-0.000,22387,22777,-1,-2,38,14.950,266.520,22026,22624,1127,1106,0
89337,-0.064,0.248,-0.086,0.021,-0.082,-0.008,-0.532,-0.450,0.575,-0.430,1035000000.000,-0.001,22598,22899,1,-1,38,14.950,266.520,22026,22624,1127,1106,0
89437,-0.065,0.270,-0.102,0.020,-0.077,-0.001,-0.529,-0.452,0.576,-0.429,1040000000.000,-0.001,22628,22977,0,0,38,14.930,182.040,22675,22935,1107,1128,0
89537,-0.060,0.292,-0.147,-0.004,-0.074,-0.007,-0.527,-0.454,0.578,-0.427,1040000000.000,-0.001,22632,22974,-1,1,38,14.930,182.040,22675,22935,1107,1128,0
89637,-0.066,0.307,-0.216,0.012,-0.022,-0.029,-0.524,-0.456,0.578,-0.428,1050000000.000,-0.001,22789,23036,1,0,38,14.890,212.760,22522,22883,1140,1181,0
89737,-0.038,0.297,-0.190,0.003,0.067,-0.072,-0.527,-0.457,0.576,-0.426,1070000000.000,-0.000,23063,23197,2,-3,38,14.890,212.760,22522,22883,1140,1181,0
89837,-0.020,0.264,-0.156,0.000,0.167,-0.037,-0.531,-0.456,0.572,-0.428,1080000000.000,-0.000,23130,23345,6,-6,39,14.880,151.320,23201,23310,1130,1148,0
89937,-0.014,0.213,-0.166,-0.028,0.173,0.039,-0.537,-0.452,0.567,-0.431,1080000000.000,-0.000,23025,23449,6,-6,39,14.880,151.320,23201,23310,1130,1148,0
90037,-0.040,0.167,-0.125,0.016,0.176,0.093,-0.540,-0.447,0.565,-0.436,1080000000.000,-0.000,22958,23514,6,-8,39,14.880,141.080,22883,23419,1145,1179,0
90137,-0.051,0.117,-0.219,-0.044,0.157,-0.062,-0.544,-0.442,0.561,-0.440,1094999808.000,-0.000,23341,23456,9,-6,39,14.880,141.080,22883,23419,1145,1179,0
90237,-0.038,0.087,-0.171,0.007,0.019,-0.014,-0.548,-0.441,0.558,-0.441,1109999616.000,0.000,23422,23694,3,-4,39,14.870,130.840,23364,23752,1164,1155,0
90337,-0.033,0.099,-0.358,0.014,-0.113,0.000,-0.547,-0.442,0.559,-0.440,1119999488.000,-0.000,23495,23832,0,-1,39,14.870,130.840,23364,23752,1164,1155,0
90437,-0.026,0.145,-0.258,0.011,-0.204,0.017,-0.543,-0.446,0.563,-0.436,1129999360.000,-0.000,23574,23964,-3,2,39,14.860,130.840,23640,23752,1150,1229,0
90537,-0.033,0.203,-0.211,0.018,-0.159,0.000,-0.537,-0.450,0.568,-0.432,1134999296.000,-0.000,23659,23984,-2,1,39,14.860,130.840,23640,23752,1150,1229,0
90637,-0.040,0.227,-0.126,0.010,0.012,0.029,-0.534,-0.451,0.570,-0.431,1149999104.000,-0.000,23768,24189,2,-3,39,14.860,130.840,23640,23752,1150,1229,0
90737,-0.044,0.207,-0.092,-0.012,0.119,0.023,-0.536,-0.449,0.569,-0.433,1154999040.000,-0.000,23821,24240,5,-5,39,14.840,100.120,23752,24154,1184,1193,0
90837,-0.051,0.164,-0.113,-0.006,0.173,0.024,-0.540,-0.445,0.566,-0.436,1164998912.000,-0.000,23915,24353,6,-7,39,14.840,100.120,23752,24154,1184,1193,0
90937,-0.059,0.126,-0.143,-0.027,0.042,-0.008,-0.543,-0.442,0.563,-0.439,1174998784.000,-0.000,24054,24421,4,-1,39,14.830,130.840,23752,24509,1218,1163,0
91037,-0.061,0.136,-0.179,0.007,-0.136,0.014,-0.542,-0.442,0.565,-0.438,1194998528.000,-0.000,24222,24664,-3,1,39,14.830,130.840,23752,24509,1218,1163,0
91137,-0.060,0.187,-0.205,0.012,-0.168,-0.012,-0.537,-0.446,0.569,-0.435,1194998528.000,-0.000,24256,24630,-3,2,39,14.810,141.080,24390,24570,1169,1234,0
91237,-0.050,0.224,-0.212,0.018,-0.074,-0.043,-0.534,-0.449,0.571,-0.431,1199998464.000,-0.000,24402,24689,-2,-1,39,14.810,141.080,24390,24570,1169,1234,0
91337,-0.034,0.228,-0.199,-0.009,0.047,-0.060,-0.534,-0.452,0.570,-0.431,1214998272.000,-0.000,24531,24763,3,-1,40,14.810,130.840,24449,24752,1236,1231,0
91437,-0.013,0.202,-0.134,-0.013,0.123,-0.051,-0.538,-0.451,0.567,-0.431,1234998016.000,-0.000,24732,24966,4,-3,40,14.810,130.840,24449,24752,1236,1231,0
91537,0.000,0.169,-0.176,-0.020,0.108,-0.007,-0.542,-0.450,0.563,-0.433,1244997888.000,-0.000,24788,25111,4,-3,39,14.760,192.280,24937,24937,1200,1289,0
91637,-0.011,0.142,-0.114,0.014,0.089,0.050,-0.544,-0.447,0.561,-0.435,1244997888.000,0.000,24717,25180,3,-4,39,14.760,192.280,24937,24937,1200,1289,0
91737,-0.034,0.122,-0.100,-0.019,0.054,0.049,-0.544,-0.444,0.561,-0.439,1254997760.000,0.000,24812,25286,4,-2,39,14.760,192.280,24937,24937,1200,1289,0
91837,-0.057,0.106,0.011,-0.038,0.062,0.052,-0.545,-0.441,0.561,-0.441,1269997568.000,-0.000,24936,25460,5,-3,40,14.760,161.560,24875,25188,1213,1286,0
91937,-0.070,0.091,0.144,-0.020,0.019,-0.006,-0.546,-0.438,0.560,-0.443,1279997440.000,-0.000,25094,25501,3,-2,40,14.760,161.560,24875,25188,1213,1286,0
92037,-0.064,0.091,0.054,-0.034,-0.022,-0.010,-0.547,-0.438,0.561,-0.442,1279997440.000,-0.000,25080,25514,2,-1,41,14.740,297.240,25188,25380,1235,1291,0
92137,-0.061,0.100,-0.052,-0.016,-0.044,-0.023,-0.546,-0.439,0.562,-0.440,1294997248.000,-0.000,25246,25645,1,-1,41,14.740,297.240,25188,25380,1235,1291,0
92237,-0.053,0.116,-0.398,-0.009,-0.067,-0.009,-0.545,-0.440,0.563,-0.438,1309997056.000,-0.000,25360,25824,-1,-1,40,14.700,358.680,25510,26041,1236,1232,0
92337,-0.054,0.136,-0.429,-0.021,-0.061,0.007,-0.544,-0.441,0.565,-0.437,1309997056.000,-0.000,25354,25830,1,1,40,14.700,358.680,25510,26041,1236,1232,0
92437,-0.057,0.152,-0.327,0.006,-0.054,0.004,-0.542,-0.443,0.566,-0.436,1309997056.000,-0.000,25357,25827,-1,0,40,14.700,358.680,25510,26041,1236,1232,0
92537,-0.050,0.166,-0.445,0.008,-0.040,-0.059,-0.540,-0.445,0.566,-0.436,1324996864.000,-0.000,25593,25884,0,1,40,14.720,317.720,25445,25641,1279,1331,0
92637,-0.034,0.176,-0.664,0.039,-0.038,-0.014,-0.539,-0.448,0.566,-0.434,1334996736.000,-0.000,25625,26046,-2,0,40,14.720,317.720,25445,25641,1279,1331,0
92737,-0.030,0.186,-0.908,0.020,-0.033,-0.034,-0.539,-0.449,0.566,-0.434,1334996736.000,-0.000,25663,26008,-2,1,40,14.700,440.600,25706,25706,1271,1373,0
92837,-0.017,0.195,-1.240,0.044,-0.022,-0.047,-0.538,-0.451,0.566,-0.432,1334996736.000,-0.000,25684,25987,-3,0,40,14.700,440.600,25706,25706,1271,1373,0
92937,-0.017,0.206,-1.086,-0.006,-0.052,0.011,-0.537,-0.452,0.567,-0.432,1334996736.000,-0.000,25612,26058,-2,3,41,14.660,471.320,25773,25906,1246,1338,0
93037,-0.014,0.217,-1.642,-0.008,-0.027,0.007,-0.536,-0.453,0.567,-0.431,1334996736.000,-0.000,25617,26053,-2,2,41,14.660,471.320,25773,25906,1246,1338,0
93137,-0.015,0.220,-1.595,-0.019,-0.002,-0.029,-0.535,-0.453,0.568,-0.431,1344996608.000,-0.000,25769,26095,-1,2,41,14.660,471.320,25773,25906,1246,1338,0
93237,-0.016,0.219,-1.379,0.014,0.000,0.007,-0.535,-0.453,0.568,-0.431,1354996480.000,-0.000,25798,26258,-2,2,41,14.660,553.240,25773,26455,1289,1247,0
93337,-0.027,0.219,-1.031,0.026,0.013,0.078,-0.534,-0.453,0.568,-0.432,1359996416.000,-0.000,25756,26394,-2,1,41,14.660,553.240,25773,26455,1289,1247,0
93437,-0.049,0.205,-0.880,0.000,0.073,0.066,-0.534,-0.451,0.568,-0.435,1364996352.000,-0.000,25810,26435,0,0,41,14.660,553.240,25773,26455,1289,1247,0
93537,-0.061,0.173,-0.684,-0.010,0.130,0.009,-0.537,-0.448,0.565,-0.438,1364996352.000,-0.000,25871,26376,2,-2,41,14.660,583.960,25641,26666,1341,1266,0
93637,-0.066,0.146,-0.845,-0.033,0.056,0.000,-0.539,-0.445,0.564,-0.440,1364996352.000,-0.000,25868,26379,1,1,41,14.660,583.960,25641,26666,1341,1266,0
93737,-0.068,0.144,-0.734,0.006,-0.032,0.020,-0.540,-0.444,0.564,-0.440,1369996288.000,-0.000,25875,26467,-3,2,41,14.670,645.400,25706,26525,1341,1288,0
93837,-0.060,0.163,-0.602,-0.017,-0.090,-0.026,-0.538,-0.446,0.565,-0.438,1389996032.000,-0.000,26126,26598,-4,4,41,14.670,645.400,25706,26525,1341,1288,0
93937,-0.055,0.186,-0.557,0.023,-0.040,-0.003,-0.536,-0.448,0.567,-0.437,1394995968.000,-0.000,26144,26674,-3,2,41,14.620,33.570,26178,26525,1310,1379,0
94037,-0.051,0.190,-0.478,0.116,0.009,-0.048,-0.535,-0.450,0.566,-0.437,1394995968.000,-0.000,26209,26610,-5,-2,41,14.620,33.570,26178,26525,1310,1379,0
94137,-0.017,0.183,-0.364,0.142,0.040,-0.112,-0.535,-0.455,0.561,-0.438,1394995968.000,-0.000,26299,26521,-5,-3,41,14.620,33.570,26178,26525,1310,1379,0
94237,0.031,0.169,-0.309,0.224,0.030,-0.136,-0.534,-0.464,0.552,-0.442,1394995968.000,0.000,26344,26476,-5,-1,42,14.600,33.570,26385,26595,1322,1303,0
94337,0.065,0.184,-0.489,0.233,-0.088,-0.081,-0.531,-0.471,0.547,-0.443,1394995968.000,0.000,26324,26496,-11,-1,42,14.600,33.570,26385,26595,1322,1303,0
94437,0.079,0.198,-0.388,0.049,0.017,-0.022,-0.528,-0.476,0.545,-0.444,1394995968.000,0.000,26283,26537,-2,1,42,14.590,54.050,26109,26595,1379,1320,0
94537,0.103,0.190,-0.379,0.214,0.004,-0.067,-0.528,-0.481,0.540,-0.446,1394995968.000,0.000,26367,26453,-9,-3,42,14.590,54.050,26109,26595,1379,1320,0
94637,0.104,0.188,-0.348,0.186,0.054,-0.009,-0.523,-0.486,0.535,-0.452,1394995968.000,0.000,26313,26507,-5,-3,42,14.590,54.050,26109,26595,1379,1320,0
94737,0.102,0.153,-0.322,0.188,0.171,0.002,-0.522,-0.488,0.527,-0.459,1394995968.000,-0.000,26310,26510,-2,-7,42,14.620,64.290,26178,26595,1368,1307,0
94837,0.093,0.099,-0.355,0.204,0.160,0.036,-0.522,-0.488,0.519,-0.469,1394995968.000,-0.000,26273,26547,-3,-8,42,14.620,64.290,26178,26595,1368,1307,0
94937,0.508,0.162,-0.358,0.283,0.024,0.051,-0.517,-0.491,0.512,-0.479,1394995968.000,0.002,26784,26031,-11,-4,42,14.620,64.290,26178,26595,1368,1307,0
95037,0.640,0.205,-0.462,0.463,0.034,0.493,-0.499,-0.498,0.505,-0.499,1394995968.000,0.006,26260,26560,-13,-7,42,14.580,64.290,26809,26246,1362,1247,0
95137,0.443,0.194,-0.321,-0.086,0.103,0.467,-0.488,-0.483,0.516,-0.512,1394995968.000,0.009,26194,26625,3,4,42,14.580,64.290,26809,26246,1362,1247,0
95237,-0.026,-0.076,-0.181,0.239,0.001,0.116,-0.480,-0.476,0.518,-0.525,1394995968.000,-0.005,26240,26579,-10,-11,43,14.570,74.530,25839,26881,1389,1302,0
95337,0.145,-0.256,-0.245,0.256,-0.287,0.043,-0.466,-0.487,0.514,-0.530,1394995968.000,-0.014,26440,26380,-6,-6,43,14.570,74.530,25839,26881,1389,1302,0
95437,0.114,-0.152,-0.320,-0.073,-0.377,0.120,-0.453,-0.495,0.522,-0.527,1394995968.000,-0.014,26248,26572,-2,9,43,14.570,74.530,25839,26881,1389,1302,0
95537,-0.411,0.239,-0.250,-0.218,-0.203,-0.190,-0.448,-0.499,0.532,-0.517,1394995968.000,0.003,26142,26676,-4,15,43,14.570,95.010,26246,27100,1094,1438,0
95637,-0.275,0.172,-0.268,0.547,0.193,-0.369,-0.453,-0.512,0.516,-0.516,1394995968.000,0.000,26403,26417,-15,-23,43,14.570,95.010,26246,27100,1094,1438,0
95737,-0.157,0.161,-0.404,-0.128,-0.168,-0.292,-0.456,-0.524,0.502,-0.515,1394995968.000,-0.000,26393,26427,-2,17,43,14.580,84.770,26737,26666,1255,1272,0
95837,-0.044,0.186,-0.452,0.077,0.114,-0.268,-0.464,-0.531,0.499,-0.504,1394995968.000,-0.000,26472,26348,-5,-7,43,14.580,84.770,26737,26666,1255,1272,0
95937,0.044,0.119,-0.506,0.041,0.157,-0.193,-0.471,-0.535,0.483,-0.509,1394995968.000,0.001,26790,26024,0,-1,43,14.580,84.770,26737,26666,1255,1272,0
96037,0.593,0.264,-0.502,-0.031,0.041,0.002,-0.476,-0.535,0.480,-0.507,1394995968.000,0.006,26844,25969,-7,6,43,14.590,64.290,26666,26455,1468,1118,0
96137,0.465,0.293,-0.587,0.012,0.242,0.313,-0.471,-0.530,0.479,-0.518,1394995968.000,0.006,26273,26547,0,-1,43,14.590,64.290,26666,26455,1468,1118,0
96237,0.096,0.070,-0.535,-0.186,0.411,0.217,-0.475,-0.511,0.481,-0.531,1394995968.000,0.002,26211,26608,14,-3,43,14.590,64.290,26666,26455,1468,1118,0
96337,0.024,0.015,-0.538,0.157,-0.072,-0.018,-0.478,-0.505,0.478,-0.536,1394995968.000,0.002,26399,26422,-13,-3,43,14.540,64.290,26595,26525,1285,1316,0
96437,-0.012,0.019,-0.459,-0.147,-0.153,0.004,-0.474,-0.509,0.481,-0.533,1394995968.000,0.001,26326,26494,0,9,43,14.540,64.290,26595,26525,1285,1316,0
96537,0.114,-0.112,-0.513,0.069,0.011,-0.027,-0.476,-0.509,0.484,-0.529,1394995968.000,-0.001,26506,26314,-2,-10,43,14.540,64.290,26595,26525,1285,1316,0
96637,0.174,-0.071,-0.544,0.044,-0.182,0.114,-0.470,-0.512,0.483,-0.532,1394995968.000,-0.001,26350,26470,-6,4,43,14.560,95.010,26525,26595,1370,1228,0
96737,-0.174,0.099,-0.480,-0.303,-0.198,0.018,-0.466,-0.512,0.497,-0.524,1394995968.000,0.001,26168,26650,0,14,43,14.560,95.010,26525,26595,1370,1228,0
96837,-0.050,0.048,-0.548,0.329,0.140,-0.149,-0.468,-0.516,0.492,-0.523,1394995968.000,0.000,26519,26301,-10,-18,44,14.530,74.530,27027,26385,1227,1305,0
96937,0.126,-0.040,-0.444,0.030,-0.268,0.003,-0.463,-0.524,0.486,-0.524,1394995968.000,-0.001,26446,26375,-7,8,44,14.530,74.530,27027,26385,1227,1305,0
97037,0.232,-0.067,-0.510,0.088,-0.109,0.133,-0.457,-0.527,0.492,-0.521,1394995968.000,-0.002,26397,26424,-5,-5,44,14.530,74.530,27027,26385,1227,1305,0
97137,-0.162,0.195,-0.416,-0.059,-0.120,-0.028,-0.451,-0.528,0.496,-0.521,1394995968.000,0.000,26245,26575,-8,9,44,14.540,74.530,26315,26525,1276,1393,0
97237,-0.114,0.149,-0.475,0.302,0.122,-0.140,-0.451,-0.534,0.490,-0.521,1394995968.000,-0.000,26396,26425,-10,-14,44,14.540,74.530,26315,26525,1276,1393,0
97337,-0.077,0.126,-0.673,0.061,-0.029,-0.091,-0.450,-0.539,0.480,-0.526,1394995968.000,-0.000,26367,26454,-6,4,44,14.540,74.530,26315,26525,1276,1393,0
97437,-0.041,0.135,-0.663,0.076,0.044,-0.100,-0.451,-0.542,0.478,-0.523,1394995968.000,-0.000,26417,26404,-6,-2,44,14.560,43.810,26246,26109,1377,1415,0
97537,0.054,0.098,-0.828,0.098,0.138,-0.068,-0.453,-0.544,0.470,-0.528,1394995968.000,0.000,26473,26347,-3,-4,44,14.560,43.810,26246,26109,1377,1415,0
97637,0.007,0.074,-0.638,-0.169,0.019,-0.047,-0.457,-0.542,0.468,-0.528,1394995968.000,0.000,26402,26418,1,7,44,14.580,33.570,26595,26595,1288,1294,0
97737,0.035,0.112,-0.728,0.030,0.030,-0.064,-0.462,-0.541,0.468,-0.524,1394995968.000,0.000,26452,26368,-7,-2,44,14.580,33.570,26595,26595,1288,1294,0
97837,0.055,0.100,-0.751,0.407,0.042,-0.053,-0.461,-0.544,0.462,-0.527,1394995968.000,0.000,26465,26356,-47,-43,44,14.580,33.570,26595,26595,1288,1294,0
97937,0.135,0.067,-0.636,1.490,0.011,-0.006,-0.412,-0.585,0.411,-0.565,1394995968.000,0.000,26468,26352,-16,-13,45,14.520,2.850,26595,26455,1330,1293,0
98037,0.702,-0.015,-0.644,-1.053,0.114,0.351,-0.429,-0.565,0.432,-0.556,1394995968.000,2.000,26612,26206,89,83,45,14.520,2.850,26595,26455,1330,1293,0
98137,0.809,0.014,-0.652,3.284,0.006,0.288,-0.382,-0.585,0.401,-0.593,1394995968.000,0.001,26867,25946,-123,-117,45,14.530,64.290,26881,25839,1409,1285,0
98237,0.466,0.051,-0.824,-1.809,0.320,0.739,-0.341,-0.586,0.390,-0.623,1394995968.000,0.006,25997,26817,95,81,45,14.530,64.290,26881,25839,1409,1285,0
98337,0.176,0.033,-0.787,0.654,0.063,0.150,-0.366,-0.550,0.435,-0.612,1394995968.000,2.009,26571,26248,14,18,45,14.530,64.290,26881,25839,1409,1285,0
98437,-0.260,-0.142,-0.700,2.448,-0.029,-0.022,-0.297,-0.588,0.362,-0.660,1413035136.000,0.006,26401,26759,-67,-71,45,14.500,33.570,27100,25906,1234,1398,0
98537,-0.481,-0.116,-0.685,-1.688,0.040,-0.141,-0.306,-0.585,0.364,-0.658,1503231232.000,0.008,27176,27653,65,62,45,14.500,33.570,27100,25906,1234,1398,0
98637,-0.357,-0.044,-0.524,1.592,-0.371,-0.424,-0.310,-0.599,0.356,-0.647,1394995968.000,0.004,26593,26226,-72,-51,45,14.460,543.000,27173,27100,1168,1186,0
98737,-0.222,-0.000,-0.421,-0.706,-0.033,-0.263,-0.297,-0.621,0.328,-0.647,1496956800.000,0.002,27388,27329,37,35,45,14.460,543.000,27173,27100,1168,1186,0
98837,-0.129,-0.116,-0.226,0.328,-0.190,-0.270,-0.321,-0.618,0.339,-0.633,1394995968.000,-0.000,26564,26255,-26,-19,45,14.540,461.080,26737,25974,1281,1396,0
98937,0.079,-0.316,-0.238,0.101,-0.411,-0.054,-0.298,-0.644,0.315,-0.630,1394995968.000,-0.003,26478,26342,1,8,45,14.540,461.080,26737,25974,1281,1396,0
99037,0.161,0.009,-0.302,-0.371,-0.404,0.011,-0.305,-0.649,0.332,-0.612,1394995968.000,-0.001,26548,26272,-5,20,45,14.540,461.080,26737,25974,1281,1396,0
99137,-0.070,0.323,-0.241,0.339,-0.117,0.042,-0.291,-0.661,0.331,-0.608,1442839168.000,-0.001,26693,27025,-22,-2,44,14.490,23.330,26385,26455,1395,1285,0
99237,-0.064,0.297,-0.148,-0.202,0.227,-0.038,-0.295,-0.657,0.330,-0.611,1451466496.000,-0.000,26946,26933,4,4,44,14.490,23.330,26385,26455,1395,1285,0
99337,-0.052,0.231,-0.145,0.177,0.189,-0.030,-0.299,-0.651,0.326,-0.617,1394995968.000,-0.000,26410,26410,-11,-7,45,14.500,512.280,26881,26881,1390,1377,0
99437,-0.034,0.186,-0.106,-0.083,0.143,-0.117,-0.301,-0.648,0.320,-0.622,1566760704.000,-0.000,28121,27856,0,4,45,14.500,512.280,26881,26881,1390,1377,0
99537,0.024,0.145,-0.483,0.139,0.146,-0.124,-0.307,-0.646,0.313,-0.625,1545584256.000,0.000,27940,27657,-8,-6,46,14.310,246.040,27624,28169,1573,1383,0
99637,0.061,0.119,-0.380,0.027,0.048,-0.084,-0.308,-0.646,0.305,-0.628,1394995968.000,0.000,26554,26265,-5,2,46,14.310,246.040,27624,28169,1573,1383,0
99737,0.079,0.138,-0.447,-0.087,0.000,-0.016,-0.311,-0.646,0.305,-0.627,1430290048.000,0.000,26830,26654,-4,6,46,14.470,594.200,26385,26666,1388,1262,0
99837,0.071,0.110,-0.280,-0.196,0.024,0.058,-0.315,-0.643,0.310,-0.625,1394995968.000,0.000,26423,26397,0,6,46,14.470,594.200,26385,26666,1388,1262,0
99937,0.042,0.081,-0.530,-0.158,0.070,0.084,-0.321,-0.636,0.319,-0.625,1394995968.000,2.000,26392,26428,72,75,46,14.510,614.680,26315,26246,1360,1383,0
100037,0.009,0.061,-0.685,1.457,0.052,0.054,-0.310,-0.638,0.310,-0.633,1394995968.000,-0.000,26419,26401,-69,-65,46,14.510,614.680,26315,26246,1360,1383,0
100137,-0.023,0.061,-0.789,-0.369,0.046,0.164,-0.267,-0.655,0.273,-0.652,1394995968.000,0.000,26215,26604,30,33,47,14.520,635.160,26525,26737,1310,1265,0
100237,-0.068,0.028,-0.633,0.088,0.117,0.029,-0.296,-0.636,0.305,-0.645,1488329344.000,0.000,27314,27244,-54,-56,47,14.520,635.160,26525,26737,1310,1265,0
100337,-0.020,0.006,-0.405,2.083,-0.074,0.000,-0.229,-0.664,0.230,-0.673,1518917504.000,0.000,27525,27591,-55,-45,47,14.400,297.240,27855,27548,1415,1355,0
100437,-0.107,-0.039,-0.533,-1.830,0.288,0.193,-0.253,-0.646,0.263,-0.671,1542446976.000,2.001,27507,28032,127,113,47,14.400,297.240,27855,27548,1415,1355,0
100537,-0.070,-0.076,-0.387,3.307,-0.010,-0.237,-0.229,-0.653,0.232,-0.683,1394995968.000,0.001,26712,26105,-124,-116,47,14.510,192.280,26737,26315,1351,1388,0
100637,-0.015,-0.054,-0.506,-0.094,0.044,0.160,-0.155,-0.679,0.153,-0.701,1394995968.000,0.000,26139,26679,40,35,47,14.510,192.280,26737,26315,1351,1388,0
100737,-0.065,-0.084,-0.412,0.219,-0.048,-0.048,-0.183,-0.667,0.187,-0.698,1394995968.000,0.000,26469,26352,-23,-18,47,14.470,543.000,25974,26385,1482,1337,0
100837,0.042,-0.336,-0.355,0.832,-0.284,0.034,-0.139,-0.687,0.142,-0.699,1394995968.000,-0.001,26400,26420,-14,-15,47,14.470,543.000,25974,26385,1482,1337,0
100937,-0.070,0.020,-0.336,-0.721,-0.333,0.100,-0.153,-0.690,0.167,-0.688,1394995968.000,-0.000,26202,26617,5,31,47,14.470,543.000,25974,26385,1482,1337,0
101037,-0.085,0.102,-0.216,0.849,-0.097,0.000,-0.137,-0.702,0.157,-0.681,1394995968.000,-0.000,26342,26479,-33,-26,47,14.460,594.200,25906,26737,1420,1317,0
101137,-0.087,0.091,-0.412,-0.470,0.012,0.003,-0.133,-0.701,0.153,-0.683,1394995968.000,-0.000,26322,26498,14,20,47,14.460,594.200,25906,26737,1420,1317,0
101237,-0.084,0.109,-0.389,0.450,-0.052,-0.004,-0.136,-0.703,0.156,-0.680,1394995968.000,-0.000,26325,26495,-25,-14,47,14.440,583.960,26595,26109,1284,1443,0
101337,-0.094,0.170,-0.278,0.076,0.036,0.043,-0.125,-0.705,0.146,-0.683,1394995968.000,-0.000,26248,26571,-5,3,47,14.440,583.960,26595,26109,1284,1443,0
101437,-0.113,0.094,-0.242,0.133,0.066,0.054,-0.124,-0.703,0.148,-0.685,1394995968.000,-0.000,26224,26595,-9,-5,47,14.470,583.960,26178,26809,1360,1286,0
101537,-0.002,-0.332,-0.186,0.354,-0.071,0.062,-0.113,-0.703,0.140,-0.688,1394995968.000,-0.005,26319,26501,-7,-15,47,14.470,583.960,26178,26809,1360,1286,0
101637,-0.049,-0.187,-0.261,0.006,-0.471,0.136,-0.100,-0.712,0.138,-0.681,1394995968.000,-0.005,26181,26637,-12,12,47,14.470,553.240,26455,26666,1274,1343,0
101737,-0.221,0.327,-0.247,0.164,-0.233,0.000,-0.092,-0.726,0.141,-0.667,1394995968.000,-0.002,26180,26638,-22,7,47,14.470,553.240,26455,26666,1274,1343,0
101837,-0.201,0.302,-0.091,0.159,0.261,-0.117,-0.087,-0.725,0.131,-0.671,1394995968.000,-0.002,26307,26513,-6,-4,48,14.460,594.200,26315,26595,1347,1325,0
101937,-0.146,0.273,-0.120,-0.062,0.103,-0.187,-0.091,-0.719,0.124,-0.677,1394995968.000,-0.001,26415,26405,-7,7,48,14.460,594.200,26315,26595,1347,1325,0
102037,-0.064,0.809,-0.261,-0.011,0.189,-0.221,-0.101,-0.717,0.118,-0.680,1394995968.000,0.001,26501,26319,-22,16,48,14.460,594.200,26315,26595,1347,1325,0
102137,0.020,0.285,-0.341,-0.061,0.762,-0.203,-0.111,-0.703,0.109,-0.694,1394995968.000,-0.000,26543,26276,17,-20,48,14.460,532.760,26595,26525,1335,1280,0
102237,0.091,-0.109,-0.326,-0.142,0.221,-0.169,-0.124,-0.681,0.102,-0.715,1394995968.000,-0.001,26575,26244,2,-1,48,14.460,532.760,26595,26525,1335,1280,0
102337,0.148,-0.053,-0.235,-0.140,-0.246,-0.129,-0.133,-0.686,0.103,-0.708,1394995968.000,-0.001,26594,26225,-9,8,48,14.470,543.000,26525,26315,1374,1311,0
102437,0.187,-0.045,-0.228,-0.106,0.164,-0.077,-0.140,-0.687,0.104,-0.705,1394995968.000,-0.001,26590,26229,3,-5,48,14.470,543.000,26525,26315,1374,1311,0
102537,0.201,-0.103,-0.085,-0.210,0.076,0.011,-0.148,-0.681,0.107,-0.709,1394995968.000,-0.001,26524,26296,2,2,48,14.420,532.760,26525,26315,1367,1329,0
102637,0.178,-0.095,-0.094,-0.202,-0.132,0.068,-0.153,-0.680,0.116,-0.707,1394995968.000,-0.001,26465,26355,-4,6,48,14.420,532.760,26525,26315,1367,1329,0
102737,0.142,-0.061,-0.199,-0.006,-0.078,0.114,-0.153,-0.683,0.123,-0.703,1394995968.000,-0.001,26407,26413,-7,-2,48,14.420,532.760,26525,26315,1367,1329,0
102837,0.098,-0.052,-0.513,0.007,0.011,0.109,-0.148,-0.684,0.127,-0.703,1394995968.000,-0.001,26398,26423,-4,-2,47,14.440,430.360,26595,25974,1304,1456,0
102937,0.056,-0.049,-0.589,-0.128,-0.052,0.101,-0.146,-0.683,0.132,-0.703,1394995968.000,-0.000,26375,26446,-2,4,47,14.440,430.360,26595,25974,1304,1456,0
103037,0.018,-0.023,-0.586,-0.220,-0.094,0.080,-0.148,-0.684,0.141,-0.700,1394995968.000,-0.000,26367,26454,-2,7,48,14.430,491.800,26525,26595,1311,1310,0
103137,-0.012,0.025,-0.717,-0.151,-0.022,0.078,-0.151,-0.685,0.151,-0.697,1394995968.000,0.000,26332,26488,-4,3,48,14.430,491.800,26525,26595,1311,1310,0
103237,-0.041,-0.093,-0.725,-0.069,0.024,0.071,-0.153,-0.683,0.157,-0.697,1394995968.000,0.000,26312,26508,-1,-4,48,14.450,471.320,26455,26595,1313,1320,0
103337,-0.068,-0.625,-0.525,0.112,-0.214,0.096,-0.152,-0.683,0.161,-0.696,1394995968.000,-0.001,26244,26575,-2,-14,48,14.450,471.320,26455,26595,1313,1320,0
103437,0.232,-0.178,-0.579,-0.081,-0.894,0.389,-0.138,-0.701,0.171,-0.678,1394995968.000,-0.005,26203,26616,-26,28,48,14.450,471.320,26455,26595,1313,1320,0
103537,-0.292,0.391,-0.559,-0.447,-0.196,0.197,-0.129,-0.719,0.199,-0.653,1394995968.000,-0.003,25958,26855,-3,22,49,14.430,409.880,26315,26525,1325,1399,0
103637,-0.296,0.317,-0.347,0.268,0.437,-0.081,-0.132,-0.711,0.198,-0.662,1394995968.000,-0.002,26264,26556,-10,-18,49,14.430,409.880,26315,26525,1325,1399,0
103737,-0.258,0.260,-0.405,-0.306,-0.067,-0.128,-0.135,-0.706,0.192,-0.668,1351858688.000,-0.001,25872,26125,-3,22,49,14.460,491.800,26178,26666,1265,1215,0
103837,-0.179,0.244,-0.711,-0.033,0.306,-0.238,-0.151,-0.703,0.192,-0.668,1394995968.000,-0.001,26460,26361,-3,-6,49,14.460,491.800,26178,26666,1265,1215,0
103937,-0.083,0.152,-0.593,-0.101,0.242,-0.261,-0.162,-0.696,0.182,-0.676,1394995968.000,-0.000,26536,26284,0,2,49,14.460,491.800,26178,26666,1265,1215,0
104037,0.023,0.093,-0.533,-0.234,0.213,-0.264,-0.179,-0.690,0.178,-0.679,1394995968.000,0.000,26622,26196,4,3,49,14.430,471.320,26666,26595,1334,1257,0
104137,0.115,0.027,-0.486,-0.180,0.211,-0.196,-0.196,-0.683,0.175,-0.682,1394995968.000,-0.000,26622,26184,2,-1,49,14.430,471.320,26666,26595,1334,1257,0
104237,0.177,-0.031,-0.327,-0.108,0.176,-0.119,-0.208,-0.676,0.173,-0.685,1394995968.000,-0.001,26612,26207,1,-2,50,14.430,399.640,26595,26178,1373,1339,0
104337,0.208,-0.076,-0.256,-0.039,0.098,-0.026,-0.215,-0.671,0.171,-0.689,1394995968.000,-0.001,26557,26262,-2,-3,50,14.430,399.640,26595,26178,1373,1339,0
104437,0.202,-0.089,-0.215,-0.031,-0.008,0.053,-0.216,-0.669,0.173,-0.690,1394995968.000,-0.001,26500,26321,-4,0,50,14.430,399.640,26595,26178,1373,1339,0
104537,0.171,-0.074,-0.190,-0.031,-0.107,0.110,-0.214,-0.669,0.178,-0.689,1394995968.000,-0.001,26436,26384,-6,3,49,14.420,389.400,26666,26315,1311,1347,0
104637,0.122,-0.036,-0.249,-0.069,-0.159,0.133,-0.211,-0.672,0.185,-0.685,1394995968.000,-0.001,26393,26428,-6,6,49,14.420,389.400,26666,26315,1311,1347,0
104737,0.086,-0.037,-0.288,-0.084,-0.124,-0.017,-0.211,-0.675,0.194,-0.679,1394995968.000,-0.000,26576,26243,-5,2,49,14.420,450.840,25974,26385,1405,1304,0
104837,0.179,-0.066,-0.267,0.252,-0.022,0.090,-0.204,-0.678,0.189,-0.680,1394995968.000,-0.000,26494,26327,-10,-8,49,14.420,450.840,25974,26385,1405,1304,0
104937,0.515,-0.266,-0.432,0.133,-0.161,0.251,-0.197,-0.681,0.194,-0.679,1394995968.000,-0.005,26683,26135,-7,-7,49,14.420,450.840,25974,26385,1405,1304,0
105037,0.219,-0.245,-0.665,-0.052,-0.351,0.602,-0.176,-0.685,0.211,-0.675,1394995968.000,-0.007,25840,26968,-7,9,49,14.400,368.920,26455,26525,1316,1341,0
105137,-0.349,0.249,-0.588,-0.441,-0.351,0.220,-0.165,-0.691,0.238,-0.663,1394995968.000,-0.001,26085,26731,-9,22,49,14.400,368.920,26455,26525,1316,1341,0
105237,-0.354,0.227,-0.499,0.562,0.352,-0.036,-0.160,-0.690,0.232,-0.667,1394995968.000,-0.001,26201,26617,-16,-26,49,14.400,368.920,26455,26525,1316,1341,0
105337,-0.348,0.152,-0.498,-0.233,0.044,-0.033,-0.157,-0.684,0.223,-0.677,1394995968.000,0.000,26151,26667,3,17,49,14.430,327.960,26109,26666,1357,1350,0
105437,-0.313,0.152,-0.414,0.092,0.130,-0.119,-0.166,-0.683,0.226,-0.675,1394995968.000,0.000,26259,26561,-10,-6,49,14.430,327.960,26109,26666,1357,1350,0
105537,-0.269,0.084,-0.350,0.166,0.161,-0.116,-0.164,-0.680,0.212,-0.683,1394995968.000,0.001,26251,26569,-6,-4,50,14.430,358.680,26109,26595,1384,1344,0
105637,-0.223,0.065,-0.371,-0.102,0.051,-0.126,-0.169,-0.678,0.209,-0.684,1520486144.000,0.001,27459,27685,-2,5,50,14.430,358.680,26109,26595,1384,1344,0
105737,-0.159,0.025,-0.209,0.078,0.209,-0.218,-0.177,-0.675,0.203,-0.686,1525192064.000,0.001,27657,27574,-3,-8,50,14.430,358.680,26109,26595,1384,1344,0
105837,-0.070,-0.032,-0.286,0.114,0.053,-0.199,-0.180,-0.673,0.187,-0.693,1394995968.000,0.000,26478,26343,-6,-1,50,14.500,161.560,26666,26525,1293,1367,0
105937,-0.011,-0.053,-0.336,0.092,-0.138,-0.121,-0.182,-0.677,0.181,-0.690,1394995968.000,0.000,26424,26397,-10,2,50,14.500,161.560,26666,26525,1293,1367,0
106037,0.597,-0.298,-0.582,0.181,-0.114,0.000,-0.180,-0.683,0.177,-0.686,1394995968.000,-0.007,27132,25668,-3,-12,50,14.500,161.560,26666,26525,1293,1367,0
106137,0.687,-0.462,-0.455,0.176,-0.181,0.442,-0.163,-0.688,0.177,-0.686,1394995968.000,-0.012,26290,26530,-3,-2,50,14.440,287.000,26737,25773,1405,1369,0
106237,-0.263,0.216,-0.371,-0.683,-0.556,0.423,-0.150,-0.694,0.204,-0.674,1394995968.000,-0.000,25547,27246,-5,47,50,14.440,287.000,26737,25773,1405,1369,0
106337,-0.264,0.229,-0.412,0.663,0.336,-0.147,-0.154,-0.697,0.210,-0.668,1394995968.000,-0.001,26376,26444,-24,-37,50,14.440,287.000,26737,25773,1405,1369,0
106437,-0.236,0.123,-0.492,-0.067,0.064,-0.063,-0.141,-0.691,0.186,-0.684,1394995968.000,0.000,26204,26614,5,23,50,14.410,327.960,26178,26109,1398,1437,0
106537,-0.195,0.158,-0.368,-0.181,-0.030,-0.126,-0.158,-0.692,0.198,-0.676,1394995968.000,-0.000,26323,26497,-8,6,50,14.410,327.960,26178,26109,1398,1437,0
106637,-0.147,0.056,-0.276,0.299,0.249,-0.130,-0.155,-0.690,0.183,-0.683,1394995968.000,-0.000,26341,26479,-7,-14,50,14.390,266.520,26595,26178,1290,1424,0
106737,-0.104,0.042,-0.311,-0.352,-0.102,-0.093,-0.162,-0.688,0.183,-0.683,1394995968.000,-0.000,26327,26494,1,18,50,14.390,266.520,26595,26178,1290,1424,0
106837,-0.063,0.052,-0.242,0.014,0.070,-0.116,-0.172,-0.689,0.186,-0.680,1394995968.000,-0.000,26396,26424,-7,-4,50,14.390,266.520,26595,26178,1290,1424,0
106937,-0.025,-0.037,-0.350,-0.012,0.071,-0.081,-0.174,-0.687,0.180,-0.683,1394995968.000,-0.000,26379,26442,-2,-1,50,14.380,266.520,25974,26737,1467,1269,0
107037,0.139,-0.040,-0.313,-0.087,-0.077,-0.012,-0.178,-0.687,0.180,-0.681,1394995968.000,-0.000,26456,26365,-5,6,50,14.380,266.520,25974,26737,1467,1269,0
107137,0.005,0.102,-0.373,-0.056,0.008,-0.097,-0.183,-0.689,0.185,-0.676,1394995968.000,0.000,26466,26355,-7,2,50,14.410,327.960,26385,26809,1316,1293,0
107237,0.042,0.013,-0.498,0.233,0.227,-0.076,-0.182,-0.686,0.176,-0.682,1394995968.000,0.000,26446,26374,-6,-13,50,14.410,327.960,26385,26809,1316,1293,0
107337,0.576,-0.121,-0.510,0.061,-0.033,0.167,-0.179,-0.684,0.171,-0.686,1394995968.000,-0.003,26719,26098,-5,1,51,14.400,266.520,26809,26178,1337,1325,0
107437,0.540,-0.104,-0.521,-0.201,-0.058,0.396,-0.171,-0.684,0.185,-0.685,1394995968.000,-0.003,26389,26431,3,6,51,14.400,266.520,26809,26178,1337,1325,0
107537,0.229,-0.077,-0.548,-0.152,0.034,0.341,-0.165,-0.678,0.205,-0.686,1394995968.000,-0.002,26143,26675,-1,1,51,14.400,266.520,26809,26178,1337,1325,0
107637,-0.246,0.001,-0.512,-0.036,0.043,0.169,-0.160,-0.673,0.216,-0.689,1394995968.000,0.001,25907,26904,-6,0,51,14.370,223.000,26246,26666,1322,1363,0
107737,-0.329,0.035,-0.327,0.079,0.091,-0.142,-0.163,-0.671,0.218,-0.690,1394995968.000,0.002,26280,26540,-9,-5,51,14.370,223.000,26246,26666,1322,1363,0
107837,-0.264,0.006,-0.240,0.179,0.041,-0.166,-0.162,-0.671,0.205,-0.694,1394995968.000,0.002,26322,26498,-9,-4,51,14.400,212.760,26315,26109,1346,1450,0
107937,-0.202,-0.038,-0.220,0.084,-0.111,-0.140,-0.163,-0.675,0.196,-0.693,1394995968.000,0.001,26322,26498,-9,2,51,14.400,212.760,26315,26109,1346,1450,0
108037,-0.154,-0.157,-0.245,0.133,-0.170,-0.116,-0.163,-0.682,0.190,-0.687,1394995968.000,-0.001,26336,26484,-8,-4,51,14.390,235.800,26385,26385,1338,1379,0
108137,-0.120,-0.415,-0.298,0.199,-0.256,-0.054,-0.157,-0.690,0.181,-0.682,1394995968.000,-0.003,26283,26536,-6,-7,51,14.390,235.800,26385,26385,1338,1379,0
108237,-0.110,0.225,-0.385,-0.974,-0.807,0.020,-0.158,-0.708,0.190,-0.661,1394995968.000,-0.001,26211,26607,23,96,52,14.380,202.520,26385,26385,1319,1401,0
108337,-0.032,0.397,-0.309,-0.969,0.129,0.002,-0.221,-0.703,0.255,-0.626,1394995968.000,-0.000,26339,26481,4,9,52,14.380,202.520,26385,26385,1319,1401,0
108437,-0.072,0.295,-0.427,0.869,0.340,0.018,-0.191,-0.700,0.220,-0.652,1394995968.000,-0.001,26214,26605,20,22,51,14.380,202.520,26525,26666,1291,1323,0
108537,-0.082,0.212,-0.499,-2.799,0.278,0.119,-0.249,-0.671,0.277,-0.641,1471858688.000,-0.000,26887,27367,81,85,51,14.380,202.520,26525,26666,1291,1323,0
108637,-0.026,0.135,-0.454,2.150,0.312,-0.219,-0.252,-0.665,0.263,-0.652,1507937152.000,0.000,27614,27302,-84,-86,51,14.330,581.390,27700,26666,1382,1475,0
108737,0.090,0.058,-0.359,-1.567,0.272,0.108,-0.245,-0.661,0.248,-0.664,1394995968.000,0.000,28065,28317,68,64,51,14.330,581.390,27700,26666,1382,1475,0
108837,0.101,-0.006,-0.258,0.708,0.041,-0.100,-0.276,-0.643,0.276,-0.659,1522054784.000,0.000,27748,27424,-47,-39,52,14.430,540.430,27777,27472,1336,1351,0
108937,0.131,0.013,-0.257,0.026,-0.048,0.000,-0.245,-0.660,0.241,-0.668,1394995968.000,0.000,26406,26415,6,15,52,14.430,540.430,27777,27472,1336,1351,0
109037,0.116,-0.062,-0.242,-0.663,0.068,0.006,-0.275,-0.645,0.271,-0.659,1394995968.000,-2.000,26434,26386,-54,-54,52,14.360,182.040,26525,26455,1333,1326,0
109137,0.109,-0.187,-0.322,-1.749,-0.061,0.067,-0.291,-0.639,0.289,-0.650,1394995968.000,-0.001,26342,26478,84,84,52,14.360,182.040,26525,26455,1333,1326,0
109237,0.086,-0.400,-0.345,-1.106,0.022,-0.066,-0.363,-0.600,0.366,-0.612,1394995968.000,-2.003,26556,26264,-45,-62,52,14.360,182.040,26525,26455,1333,1326,0
109337,-0.041,0.039,-0.591,-1.171,-0.309,0.238,-0.365,-0.602,0.371,-0.606,1394995968.000,0.000,25738,27066,25,67,51,14.360,141.080,26385,26315,1432,1309,0
109437,-0.088,0.155,-0.488,0.149,0.179,-0.100,-0.394,-0.583,0.420,-0.572,1531466496.000,-0.000,27735,27608,-24,-31,51,14.360,141.080,26385,26315,1432,1309,0
109537,-0.048,0.025,-0.199,0.577,0.280,-0.081,-0.380,-0.591,0.384,-0.600,1435780224.000,0.000,26787,26800,-10,-15,52,14.310,540.430,27855,27777,1381,1385,0
109637,-0.050,0.025,-0.119,-0.992,-0.254,-0.033,-0.396,-0.582,0.406,-0.583,1531466496.000,0.000,27636,27707,14,35,52,14.310,540.430,27855,27777,1381,1385,0
109737,0.461,-0.589,-0.097,1.089,0.173,0.018,-0.392,-0.587,0.397,-0.587,1394995968.000,-0.013,26831,25982,-15,-54,52,14.290,581.390,27932,27932,1370,1366,0
109837,0.395,-0.253,-0.225,-0.738,-0.754,0.509,-0.370,-0.595,0.399,-0.592,1394995968.000,-0.007,26116,26701,7,53,52,14.290,581.390,27932,27932,1370,1366,0
109937,0.254,0.026,-0.242,0.247,-0.132,0.403,-0.360,-0.594,0.442,-0.568,1394995968.000,-0.005,26218,26601,-21,-18,52,14.340,141.080,25839,26666,1450,1340,0
110037,-0.448,0.265,-0.253,-0.252,0.143,0.102,-0.343,-0.587,0.437,-0.588,1394995968.000,0.001,25923,26787,7,21,52,14.340,141.080,25839,26666,1450,1340,0
110137,-0.401,0.260,-0.296,0.114,0.117,-0.210,-0.356,-0.583,0.443,-0.581,1394995968.000,0.001,26286,26534,-16,-6,52,14.330,130.840,26525,26525,1299,1362,0
110237,-0.319,0.140,-0.249,0.144,0.234,-0.259,-0.358,-0.587,0.423,-0.590,1533035136.000,0.000,27617,27755,-3,-4,52,14.330,130.840,26525,26525,1299,1362,0
110337,-0.214,0.109,-0.200,-0.312,0.029,-0.290,-0.373,-0.586,0.418,-0.586,1394995968.000,-0.000,26443,26378,1,12,52,14.330,130.840,26525,26525,1299,1386,0
110437,-0.093,-0.199,-0.226,0.177,0.243,-0.314,-0.386,-0.587,0.409,-0.583,1394995968.000,-0.001,26554,26265,0,-20,53,14.320,141.080,26525,26315,1364,1386,0
110537,0.021,0.052,-0.248,-0.233,-0.269,-0.269,-0.394,-0.592,0.398,-0.579,1394995968.000,0.000,26595,26224,-10,23,53,14.320,141.080,26525,26315,1364,1386,0
110637,0.119,0.167,-0.134,-0.090,0.024,-0.207,-0.403,-0.599,0.403,-0.563,1394995968.000,0.001,26622,26197,-6,1,52,14.350,89.880,26525,26041,1393,1388,0
110737,0.181,0.015,-0.274,-0.136,0.256,-0.090,-0.414,-0.595,0.394,-0.565,1394995968.000,0.003,26714,26102,21,-15,52,14.350,89.880,26525,26041,1393,1388,0
110837,0.314,-0.685,-0.198,-0.166,-0.220,0.100,-0.420,-0.590,0.397,-0.564,1394995968.000,0.003,26500,26320,8,-5,52,14.380,59.160,26525,26109,1383,1373,0
110937,0.254,-0.347,-0.354,-0.216,-0.719,0.210,-0.410,-0.598,0.417,-0.549,1394995968.000,0.002,26373,26447,-13,19,52,14.380,59.160,26525,26109,1383,1373,0
111037,0.055,0.330,-0.470,-0.021,-0.110,0.182,-0.398,-0.604,0.436,-0.536,1394995968.000,0.001,26263,26557,-10,3,52,14.360,89.880,26109,26666,1387,1339,0
111137,0.363,-0.202,-0.439,0.072,0.408,0.201,-0.399,-0.594,0.436,-0.546,1394995968.000,-0.003,26591,26228,10,-22,52,14.360,89.880,26109,26666,1387,1339,0
111237,-0.138,0.329,-0.373,-0.347,-0.431,0.398,-0.392,-0.585,0.446,-0.552,1394995968.000,-0.001,25650,27149,-22,42,52,14.360,89.880,26109,26666,1387,1339,0
111337,-0.212,0.395,-0.333,-0.022,0.209,0.029,-0.390,-0.581,0.471,-0.538,1394995968.000,-0.002,26264,26556,-9,-7,52,14.330,100.120,25510,27100,1403,1364,0
111437,-0.229,-0.045,-0.167,0.076,0.596,0.012,-0.396,-0.569,0.454,-0.560,1459309696.000,-0.003,26796,27226,14,-17,52,14.330,100.120,25510,27100,1403,1364,0
111537,-0.168,-0.049,-0.063,-0.368,-0.323,-0.038,-0.407,-0.559,0.459,-0.557,1394995968.000,-0.002,26295,26525,-10,25,52,14.470,18.200,26246,26525,1346,1344,0
111637,-0.197,0.294,-0.116,0.240,-0.038,-0.088,-0.403,-0.569,0.464,-0.547,1394995968.000,-0.001,26266,26553,-21,-2,52,14.470,18.200,26246,26525,1346,1344,0
111737,-0.154,0.178,-0.274,-0.203,0.510,-0.132,-0.413,-0.563,0.453,-0.554,1394995968.000,-0.000,26355,26465,14,-2,53,14.330,79.640,26385,26737,1358,1288,0
111837,0.025,-0.275,-0.314,0.000,0.134,-0.133,-0.426,-0.555,0.447,-0.558,1394995968.000,-0.003,26559,26261,3,-11,53,14.330,79.640,26385,26737,1358,1288,0
111937,0.061,-0.218,-0.345,-0.012,-0.230,0.003,-0.426,-0.558,0.444,-0.557,1394995968.000,-0.002,26358,26463,-7,6,53,14.330,79.640,26385,26737,1358,1288,0
112037,-0.081,0.174,-0.440,-0.234,-0.157,0.010,-0.424,-0.561,0.456,-0.545,1394995968.000,-0.000,26240,26579,-6,10,53,14.340,59.160,25974,26809,1415,1315,0
112137,-0.069,0.129,-0.385,0.104,0.459,-0.066,-0.430,-0.557,0.452,-0.548,1358133248.000,-0.000,26011,26106,2,-16,53,14.340,59.160,25974,26809,1415,1315,0
112237,-0.049,0.012,-0.613,-0.136,0.243,-0.020,-0.440,-0.547,0.442,-0.558,1216956800.000,0.000,24556,24778,5,2,53,14.580,276.760,24691,25000,1187,1191,0
112337,-0.037,-0.024,-0.764,-0.076,0.146,-0.068,-0.449,-0.540,0.442,-0.558,1394995968.000,0.000,26392,26428,-1,-3,53,14.580,276.760,24691,25000,1187,1191,0
112437,-0.005,-0.060,-0.738,0.136,0.079,-0.096,-0.452,-0.539,0.436,-0.560,1394995968.000,0.000,26443,26378,-6,-7,53,14.580,276.760,24691,25000,1187,1191,0
112537,0.027,-0.063,-0.739,-0.027,-0.088,-0.046,-0.452,-0.543,0.432,-0.561,1394995968.000,-0.000,26397,26424,-4,5,53,14.350,69.400,26595,26041,1330,1439,0
112637,0.182,-0.426,-0.845,-0.080,-0.104,-0.028,-0.453,-0.545,0.436,-0.555,1394995968.000,-0.002,26603,26215,9,-9,53,14.350,69.400,26595,26041,1330,1439,0
112737,0.214,-0.412,-0.700,0.082,-0.252,0.101,-0.449,-0.548,0.437,-0.554,1394995968.000,-0.003,26417,26403,-5,-3,53,14.330,48.920,26525,26246,1355,1375,0
112837,0.324,-0.233,-0.558,-0.069,-0.536,0.168,-0.437,-0.557,0.452,-0.543,1394995968.000,-0.004,26488,26332,-12,10,53,14.330,48.920,26525,26246,1355,1375,0
112937,0.212,-0.012,-0.651,-0.363,-0.170,0.252,-0.423,-0.561,0.465,-0.538,1394995968.000,-2.002,26281,26539,-43,-35,53,14.330,48.920,26525,26246,1355,1375,0
113037,-0.121,0.219,-0.629,-2.251,0.052,-0.029,-0.474,-0.511,0.525,-0.489,1394995968.000,-2.001,26392,26428,-40,-31,53,14.370,48.920,25773,26954,1350,1380,0
113137,-0.083,-0.007,-0.654,0.384,0.298,-0.023,-0.475,-0.514,0.514,-0.496,1394995968.000,-2.001,26291,26529,-55,-71,53,14.370,48.920,25773,26954,1350,1380,0
113237,0.088,-0.650,-0.673,-3.348,0.097,0.259,-0.525,-0.454,0.557,-0.456,1394995968.000,-0.011,26204,26615,115,83,53,14.360,7.960,26455,26737,1272,1346,0
113337,0.124,-0.607,-0.640,1.920,-0.530,-0.192,-0.537,-0.440,0.574,-0.434,1394995968.000,-0.001,26646,26172,-82,-17,53,14.360,7.960,26455,26737,1272,1346,0
113437,-0.149,0.364,-0.967,-2.644,-0.279,0.273,-0.515,-0.452,0.591,-0.426,1394995968.000,-0.002,25780,27025,84,116,53,14.360,7.960,26455,26737,1272,1346,0
113537,-0.142,0.322,-0.838,1.340,0.519,-0.048,-0.543,-0.416,0.612,-0.398,1394995968.000,-0.002,26350,26470,-60,-75,54,14.320,28.440,25974,26737,1420,1325,0
113637,-0.046,0.003,-0.711,-0.292,0.051,0.049,-0.526,-0.442,0.580,-0.437,1445192064.000,-0.003,26741,27021,26,28,54,14.320,28.440,25974,26737,1420,1325,0
113737,0.110,-0.182,-0.440,-0.053,-0.040,0.036,-0.546,-0.416,0.598,-0.414,1485976320.000,-0.007,27313,27203,-14,-12,54,14.320,28.440,25974,26737,1420,1325,0
113837,0.097,0.132,-0.254,0.741,-0.286,0.066,-0.517,-0.446,0.586,-0.437,1394995968.000,-0.003,26336,26484,-29,-3,54,14.410,489.230,27100,26809,1418,1450,0
113937,0.118,0.101,-0.294,-0.707,0.371,0.062,-0.528,-0.431,0.593,-0.429,1394995968.000,-0.003,26382,26439,28,12,54,14.410,489.230,27100,26809,1418,1450,0
114037,-0.227,0.213,-0.387,0.282,-0.001,-0.043,-0.529,-0.431,0.586,-0.438,1394995968.000,-0.003,26142,26676,-19,-1,54,14.330,7.960,25906,26954,1356,1350,0
114137,-0.163,0.175,-0.434,-0.269,0.283,-0.222,-0.538,-0.431,0.580,-0.434,1394995968.000,-0.001,26449,26371,10,5,54,14.330,7.960,25906,26954,1356,1350,0
114237,-0.085,0.074,-0.551,0.024,0.319,-0.186,-0.553,-0.427,0.569,-0.434,1394995968.000,-0.000,26444,26376,-1,-8,54,14.330,7.960,25906,26954,1356,1350,0
114337,-0.019,0.022,-0.560,-0.553,0.119,-0.134,-0.565,-0.422,0.563,-0.428,1394995968.000,-2.000,26419,26402,-20,-17,54,14.310,642.830,26737,26109,1306,1418,0
114437,-0.014,-0.027,-0.431,-2.948,0.254,-0.050,-0.616,-0.354,0.602,-0.365,1394995968.000,0.000,26368,26452,90,79,54,14.310,642.830,26737,26109,1306,1418,0
114537,0.077,-0.141,-0.421,1.311,0.160,-0.299,-0.633,-0.345,0.598,-0.350,1394995968.000,-0.001,26748,26068,-57,-66,54,14.310,642.830,26737,26109,1306,1418,0
114637,0.110,-0.141,-0.513,-1.574,-0.067,0.022,-0.637,-0.344,0.598,-0.344,1394995968.000,-0.001,26375,26446,54,56,54,14.320,653.070,26315,26455,1444,1290,0
114737,0.111,-0.134,-0.403,0.434,-0.090,-0.094,-0.649,-0.321,0.612,-0.318,1394995968.000,-0.001,26583,26236,-33,-29,54,14.320,653.070,26315,26455,1444,1290,0
114837,0.133,-0.089,-0.382,-0.439,-0.126,0.008,-0.640,-0.335,0.611,-0.324,1476564608.000,-0.001,27224,27118,16,21,54,14.320,653.070,26315,26455,1444,1290,0
114937,0.123,-0.178,-0.148,-0.248,-0.029,-0.010,-0.649,-0.314,0.622,-0.303,1416956800.000,-0.000,26721,26513,1,-5,54,14.260,581.390,27100,27027,1451,1437,0
115037,0.258,-0.485,-0.057,0.072,-0.159,0.029,-0.644,-0.321,0.623,-0.307,1594995968.000,-0.001,28437,28042,4,-9,54,14.260,581.390,27100,27027,1451,1437,0
115137,0.339,-0.698,-0.314,-0.573,-0.598,0.127,-0.637,-0.310,0.642,-0.292,1394995968.000,-0.005,26599,26220,12,16,54,14.390,653.070,26666,26666,1405,1362,0
115237,0.034,0.298,-0.133,0.166,-0.677,0.147,-0.615,-0.312,0.667,-0.281,1394995968.000,0.000,26151,26667,-42,22,54,14.390,653.070,26666,26666,1405,1362,0
115337,0.009,0.374,-0.112,-0.202,0.286,0.003,-0.609,-0.308,0.677,-0.275,1466368512.000,0.000,27130,27025,7,1,54,14.390,653.070,26666,26666,1405,1362,0
115437,-0.006,0.269,-0.035,0.060,0.273,0.064,-0.619,-0.303,0.668,-0.282,1489113600.000,-0.000,27236,27337,-5,-3,55,14.230,581.390,26881,27100,1470,1407,0
115537,0.057,0.136,-0.024,-0.034,0.051,0.052,-0.621,-0.299,0.666,-0.285,1485976320.000,0.000,27333,27182,-3,3,55,14.230,581.390,26881,27100,1470,1407,0
115637,0.329,-0.338,-0.145,0.152,0.182,0.197,-0.623,-0.297,0.662,-0.293,1394995968.000,-0.008,26518,26302,9,-16,55,14.290,110.360,26455,26385,1409,1319,0
115737,0.227,-0.197,-0.233,-0.240,-0.344,0.297,-0.617,-0.288,0.669,-0.298,1394995968.000,-0.008,26322,26498,-2,17,55,14.290,110.360,26455,26385,1409,1319,0
115837,-0.240,0.303,-0.313,-0.038,0.000,-0.006,-0.608,-0.280,0.682,-0.294,1394995968.000,-0.003,26294,26526,-9,4,55,14.290,110.360,26455,26385,1409,1319,0
115937,-0.166,0.150,-0.323,0.238,0.439,-0.062,-0.618,-0.284,0.666,-0.305,1394995968.000,-0.002,26374,26446,1,-14,55,14.290,642.830,26246,26737,1395,1290,0
116037,-0.064,0.001,-0.417,-0.249,-0.023,0.009,-0.624,-0.280,0.663,-0.304,1394995968.000,-0.003,26361,26459,3,12,55,14.290,642.830,26246,26737,1395,1290,0
116137,-0.203,0.144,-0.400,-0.048,0.117,-0.078,-0.628,-0.276,0.663,-0.299,1394995968.000,-0.001,26292,26528,-4,1,55,14.290,612.110,26315,26737,1371,1303,0
116237,-0.159,0.030,-0.356,-0.029,0.278,-0.127,-0.637,-0.276,0.655,-0.299,1394995968.000,-0.001,26400,26420,5,-6,55,14.290,612.110,26315,26737,1371,1303,0
116337,-0.115,-0.518,-0.413,-0.054,0.180,-0.098,-0.647,-0.273,0.647,-0.296,1394995968.000,-0.002,26390,26431,19,-19,55,14.290,612.110,26315,26737,1371,1303,0
116437,-0.079,-0.533,-0.298,-0.048,-0.382,-0.090,-0.648,-0.276,0.648,-0.291,1394995968.000,-0.002,26414,26406,-3,3,55,14.280,622.350,26109,26737,1441,1285,0
116537,-0.055,0.115,-0.294,0.006,-0.352,-0.040,-0.634,-0.283,0.663,-0.281,1394995968.000,-0.000,26372,26448,-16,13,55,14.280,622.350,26109,26737,1441,1285,0
116637,-0.046,0.105,-0.306,0.048,0.320,-0.014,-0.636,-0.285,0.659,-0.283,1394995968.000,-0.000,26362,26458,6,-10,55,14.300,581.390,26246,26666,1400,1307,0
116737,-0.045,0.040,-0.327,0.046,0.082,-0.003,-0.641,-0.283,0.653,-0.287,1394995968.000,-0.000,26354,26466,-3,0,55,14.300,581.390,26246,26666,1400,1307,0
116837,-0.045,0.050,-0.297,0.114,-0.063,0.008,-0.639,-0.286,0.653,-0.289,1394995968.000,-0.000,26338,26483,-8,1,55,14.300,642.830,26525,26455,1325,1361,0
116937,-0.049,-0.075,-0.200,0.146,-0.056,-0.012,-0.635,-0.291,0.653,-0.292,1394995968.000,-0.000,26375,26445,-5,-4,55,14.300,642.830,26525,26455,1325,1361,0
117037,-0.138,0.149,-0.307,0.076,-0.069,-0.062,-0.632,-0.298,0.652,-0.295,1394995968.000,-0.001,26310,26510,-9,6,55,14.280,632.590,26109,26525,1408,1368,0
117137,-0.071,0.122,-0.384,0.132,0.173,-0.094,-0.633,-0.303,0.648,-0.297,1394995968.000,-0.000,26434,26386,-2,-6,55,14.280,632.590,26109,26525,1408,1368,0
117237,0.030,-0.001,-0.449,0.073,0.208,-0.063,-0.640,-0.305,0.638,-0.300,1394995968.000,-0.000,26488,26332,2,-6,55,14.300,642.830,26109,25773,1472,1492,0
117337,0.036,-0.027,-0.418,0.047,-0.002,0.013,-0.642,-0.307,0.633,-0.304,1394995968.000,-0.000,26384,26437,-4,1,55,14.300,642.830,26109,25773,1472,1492,0
117437,0.028,-0.004,-0.336,0.056,-0.118,0.024,-0.638,-0.309,0.635,-0.305,1394995968.000,-0.000,26377,26444,-7,3,55,14.300,642.830,26109,25773,1472,1492,0
117537,-0.961,-0.195,-0.440,-0.040,-0.090,-0.128,-0.636,-0.311,0.639,-0.302,1394995968.000,0.009,25361,27419,3,-3,55,14.270,612.110,26455,26385,1353,1378,0
117637,-0.770,-0.219,-0.359,0.510,-0.152,-0.612,-0.641,-0.328,0.633,-0.284,1394995968.000,0.011,26380,26440,-21,-19,55,14.270,612.110,26455,26385,1353,1378,0
117737,0.301,-0.053,-0.271,0.586,-0.284,-0.291,-0.632,-0.360,0.625,-0.282,1394995968.000,0.003,27045,25759,-25,-7,55,14.280,632.590,26737,26525,1289,1337,0
117837,0.314,0.173,-0.259,-0.162,0.041,0.268,-0.624,-0.363,0.630,-0.287,1394995968.000,0.000,26265,26555,6,10,55,14.280,632.590,26737,26525,1289,1337,0
117937,0.203,0.101,-0.159,0.373,0.306,0.290,-0.625,-0.355,0.625,-0.306,1394995968.000,-0.000,26215,26603,-9,-17,55,14.310,622.350,26315,26525,1337,1381,0
118037,0.084,0.069,-0.206,0.107,0.011,0.303,-0.620,-0.352,0.623,-0.323,1394995968.000,-0.000,26123,26694,-5,3,55,14.310,622.350,26315,26525,1337,1381,0
118137,-0.027,0.040,-0.216,0.170,0.199,0.258,-0.617,-0.345,0.623,-0.336,1344799872.000,-0.000,25603,26254,-2,-10,56,14.340,28.440,25641,26246,1341,1368,0
118237,-0.104,-0.022,-0.380,-0.039,0.153,0.062,-0.618,-0.339,0.617,-0.349,1194995968.000,0.000,24297,24590,4,-2,56,14.340,28.440,25641,26246,1341,1368,0
118337,-0.093,-0.047,-0.589,0.456,0.063,-0.017,-0.617,-0.346,0.610,-0.357,1394995968.000,0.000,26276,26544,-14,-16,56,14.410,171.800,24691,24813,1192,1291,0
118437,-0.112,-0.058,-0.619,0.159,-0.014,0.100,-0.612,-0.353,0.605,-0.368,1394995968.000,0.000,26093,26723,-4,-2,56,14.410,171.800,24691,24813,1192,1291,0
118537,-0.158,-0.056,-0.508,0.224,-0.011,0.129,-0.607,-0.354,0.605,-0.376,1394995968.000,0.000,26032,26783,-8,-7,55,14.300,601.870,25974,26809,1344,1346,0
118637,-0.039,-0.349,-0.683,0.396,-0.009,0.082,-0.598,-0.361,0.601,-0.389,1394995968.000,-0.003,26280,26539,-2,-22,55,14.300,601.870,25974,26809,1344,1346,0
118737,-0.042,-0.783,-0.537,0.207,-0.313,0.176,-0.587,-0.369,0.598,-0.401,1394995968.000,-0.011,26068,26748,5,-13,56,14.280,601.870,25773,26455,1442,1431,0
118837,-0.538,-0.003,-0.501,-0.011,-0.804,-0.117,-0.568,-0.377,0.617,-0.392,1394995968.000,-0.003,25884,26927,-34,29,56,14.280,601.870,25773,26455,1442,1431,0
118937,-0.486,0.289,-0.449,0.434,0.127,-0.373,-0.551,-0.404,0.620,-0.385,1394995968.000,-0.004,26499,26321,-15,-8,56,14.260,612.110,25974,26595,1419,1372,0
119037,-0.079,0.241,-0.349,0.052,0.419,-0.288,-0.563,-0.413,0.601,-0.389,1394995968.000,-0.001,26472,26348,5,-7,56,14.260,612.110,25974,26595,1419,1372,0
119137,0.005,0.160,-0.250,0.051,0.127,-0.178,-0.574,-0.416,0.588,-0.390,1383231232.000,-0.000,26275,26322,-6,0,56,14.260,612.110,25974,26595,1419,1372,0
119237,0.067,0.122,-0.238,0.198,0.176,-0.132,-0.578,-0.422,0.578,-0.392,1322839168.000,-0.001,25703,25733,-7,-9,56,14.300,612.110,25906,26315,1455,1349,0
119337,0.104,0.067,-0.286,0.177,0.196,-0.051,-0.581,-0.427,0.567,-0.399,1394995968.000,-0.001,26355,26465,-4,-8,56,14.300,612.110,25906,26315,1455,1349,0
119437,0.112,0.010,-0.397,0.117,0.204,0.000,-0.584,-0.428,0.558,-0.407,1239701888.000,-0.001,24817,24977,-1,-9,56,14.290,540.430,26315,26525,1380,1354,0
119537,0.113,-0.049,-0.593,0.140,0.216,0.016,-0.587,-0.427,0.549,-0.414,1394995968.000,-0.002,26333,26487,-1,-12,56,14.290,540.430,26315,26525,1380,1354,0
119637,0.087,-0.149,-0.720,0.047,0.137,0.088,-0.588,-0.425,0.543,-0.423,1365976320.000,-0.001,25955,26312,3,-9,56,14.300,519.950,26041,26455,1357,1312,0
119737,-0.051,-0.652,-0.803,-0.059,-0.040,0.067,-0.589,-0.420,0.543,-0.426,1303231232.000,0.006,25240,25811,15,-17,56,14.300,519.950,26041,26455,1357,1312,0
119837,-0.050,-0.706,-0.796,0.064,-0.544,0.039,-0.582,-0.424,0.550,-0.422,1394995968.000,0.007,26189,26629,-6,-5,56,14.240,581.390,26385,26595,1319,1377,0
119937,-0.083,-0.662,-0.698,0.047,-0.636,0.127,-0.560,-0.437,0.571,-0.411,1394995968.000,0.007,26046,26770,-5,-3,56,14.240,581.390,26385,26595,1319,1377,0
120037,-0.120,-0.033,-0.749,0.114,-0.497,0.147,-0.542,-0.446,0.586,-0.405,1394995968.000,0.001,25998,26816,-21,8,56,14.240,581.390,26385,26595,1319,1377,0
120137,-0.112,0.388,-0.546,0.233,0.070,0.159,-0.527,-0.451,0.595,-0.406,1394995968.000,-0.002,26004,26810,-14,-6,57,14.310,632.590,26109,26809,1308,1377,0
120237,-0.193,0.239,-0.568,0.154,0.528,0.142,-0.529,-0.445,0.584,-0.427,1338525440.000,-0.002,25375,26355,4,-15,57,14.310,632.590,26109,26809,1308,1377,0
120337,-0.149,-0.036,-0.580,0.109,0.251,0.052,-0.536,-0.436,0.575,-0.439,1264015616.000,-0.002,24789,25485,1,-12,56,14.330,59.160,25252,26041,1152,1146,0
120437,-0.096,-0.661,-0.732,0.064,-0.122,-0.010,-0.536,-0.435,0.570,-0.445,1394995968.000,-0.008,26174,26644,8,-16,56,14.330,59.160,25252,26041,1152,1146,0
120537,0.041,-0.559,-0.760,0.067,-0.559,-0.080,-0.527,-0.445,0.577,-0.437,1394995968.000,-0.010,26355,26465,-8,-1,56,14.290,632.590,26109,26525,1416,1326,0
120637,0.291,-0.421,-0.685,-0.013,-0.317,0.033,-0.513,-0.458,0.587,-0.427,1394995968.000,-0.013,26414,26406,2,-5,56,14.290,632.590,26109,26525,1416,1326,0
120737,0.279,-0.346,-0.681,-0.398,-0.268,0.046,-0.509,-0.456,0.599,-0.417,1394995968.000,-0.013,26394,26426,10,7,56,14.290,632.590,26109,26525,1416,1326,0
120837,0.340,-0.126,-0.527,-0.208,-0.141,0.062,-0.509,-0.452,0.612,-0.403,1424015616.000,-0.009,26703,26664,0,-2,56,14.290,622.350,26178,26109,1450,1397,0
120937,-0.094,0.525,-0.337,-0.386,0.200,0.071,-0.512,-0.444,0.619,-0.397,1394995968.000,-0.002,25835,26973,2,12,56,14.290,622.350,26178,26109,1450,1397,0
121037,-0.036,0.342,-0.258,-0.343,0.634,-0.247,-0.540,-0.422,0.615,-0.389,1515780224.000,-0.001,27630,27429,11,-9,56,14.310,7.960,26525,26109,1325,1427,0
121137,0.241,-0.270,-0.470,-0.250,0.027,-0.182,-0.560,-0.417,0.604,-0.385,1594995968.000,-0.002,28464,28014,9,-3,56,14.310,7.960,26525,26109,1325,1427,0
121237,0.416,-0.465,-0.207,-0.759,-0.388,0.100,-0.566,-0.405,0.621,-0.361,1394995968.000,-0.006,26487,26333,13,16,56,14.310,7.960,26525,26109,1325,1427,0
121337,0.350,0.302,-0.072,-0.158,-0.371,0.162,-0.561,-0.396,0.640,-0.345,1394995968.000,0.004,26368,26453,-27,18,57,14.270,48.920,26525,26525,1389,1397,0
121437,-0.049,0.512,-0.027,-0.556,0.239,0.167,-0.556,-0.388,0.651,-0.341,1394995968.000,-0.001,25990,26824,14,17,57,14.270,48.920,26525,26525,1389,1397,0
121537,0.564,-0.165,0.038,0.128,0.627,-0.010,-0.577,-0.370,0.644,-0.341,1426368512.000,-0.006,27378,26016,13,-39,57,14.270,601.870,26109,26666,1413,1340,0
121637,0.396,-0.261,0.012,-0.133,-0.161,0.484,-0.578,-0.368,0.630,-0.365,1394995968.000,-0.010,26009,26806,4,14,57,14.270,601.870,26109,26666,1413,1340,0
121737,-0.288,0.350,-0.097,-0.471,-0.121,0.232,-0.568,-0.348,0.656,-0.356,1394995968.000,-0.005,25757,27047,-2,20,57,14.270,601.870,26109,26666,1413,1340,0
121837,0.355,-0.434,-0.105,0.708,0.754,-0.083,-0.576,-0.348,0.640,-0.371,1394995968.000,-0.024,27175,25622,16,-67,56,14.270,591.630,25974,26954,1347,1322,0
121937,0.306,-0.554,-0.139,-0.032,-0.381,0.398,-0.576,-0.353,0.622,-0.396,1402054784.000,-0.028,26142,26808,3,11,56,14.270,591.630,25974,26954,1347,1322,0
122037,-0.479,0.241,-0.163,0.323,-0.390,0.251,-0.553,-0.351,0.646,-0.393,1394995968.000,-0.009,25285,27489,-35,5,57,14.220,445.710,26881,27472,1437,1421,0
122137,-0.505,0.234,-0.078,0.468,0.402,-0.212,-0.545,-0.359,0.640,-0.405,1394995968.000,-0.010,26148,26670,-5,-26,57,14.220,445.710,26881,27472,1437,1421,0
122237,-0.415,0.128,0.202,-0.009,-0.144,-0.281,-0.555,-0.370,0.620,-0.413,1394995968.000,-0.006,26162,26656,-10,15,57,14.220,445.710,26881,27472,1437,1421,0
122337,-0.306,0.246,0.201,0.091,-0.140,-0.283,-0.553,-0.383,0.622,-0.402,1394995968.000,-0.004,26264,26556,-13,2,56,14.440,455.950,26246,26525,1419,1356,0
122437,-0.205,0.110,0.100,-0.061,0.491,-0.254,-0.565,-0.387,0.607,-0.403,1394995968.000,-0.002,26310,26510,15,-12,56,14.440,455.950,26246,26525,1419,1356,0
122537,-0.110,-0.712,0.071,-0.124,0.032,-0.222,-0.580,-0.385,0.598,-0.396,1394995968.000,-0.004,26354,26466,20,-24,57,14.250,591.630,26666,26178,1305,1430,0
122637,-0.042,-0.662,-0.037,0.160,-0.437,-0.147,-0.577,-0.396,0.598,-0.390,1394995968.000,-0.001,26333,26488,-6,-10,57,14.250,591.630,26666,26178,1305,1430,0
122737,0.054,-0.296,-0.118,0.058,-0.631,-0.093,-0.558,-0.414,0.613,-0.377,1394995968.000,-0.001,26411,26410,-13,6,57,14.250,591.630,26666,26178,1305,1430,0
122837,0.068,-0.208,-0.005,0.210,-0.050,-0.017,-0.546,-0.425,0.617,-0.374,1394995968.000,0.000,26304,26516,2,-16,57,14.270,612.110,26385,26525,1363,1348,0
122937,0.280,-0.012,-0.005,0.331,-0.150,0.067,-0.540,-0.432,0.614,-0.381,1394995968.000,-0.000,26467,26354,-15,-8,57,14.270,612.110,26385,26525,1363,1348,0
123037,0.227,0.163,-0.021,0.082,-0.192,0.113,-0.527,-0.439,0.618,-0.385,1394995968.000,0.000,26349,26471,-10,6,57,14.270,612.110,26385,26525,1363,1348,0
123137,-0.073,0.489,0.120,-0.103,0.196,-0.059,-0.526,-0.437,0.620,-0.386,1394995968.000,-0.001,26258,26561,-2,4,57,14.260,591.630,26595,25974,1325,1475,0
123237,-0.006,0.277,0.047,0.047,0.574,-0.231,-0.543,-0.434,0.604,-0.391,1394995968.000,-0.000,26546,26274,7,-17,57,14.260,591.630,26595,25974,1325,1475,0
123337,0.079,0.264,0.091,-0.314,0.296,-0.182,-0.563,-0.427,0.591,-0.390,1394995968.000,0.000,26536,26284,6,7,57,14.260,591.630,26595,25974,1325,1475,0
123437,0.137,0.186,-0.001,-0.159,0.273,-0.080,-0.578,-0.418,0.587,-0.382,1394995968.000,-0.000,26472,26348,3,-6,57,14.260,601.870,26595,26385,1368,1329,0
123537,0.152,0.066,-0.051,-0.321,0.414,-0.026,-0.595,-0.405,0.579,-0.383,1394995968.000,-0.001,26471,26349,18,-3,57,14.260,601.870,26595,26385,1368,1329,0
123637,0.155,-0.100,-0.076,-0.434,0.276,-0.002,-0.611,-0.388,0.577,-0.378,1361270528.000,-0.001,26140,26038,17,-3,57,14.260,550.670,26525,26178,1361,1409,0
123737,0.144,-0.168,-0.504,-0.046,0.181,0.069,-0.622,-0.376,0.575,-0.376,1227152768.000,-0.001,24727,24814,3,-14,57,14.260,550.670,26525,26178,1361,1409,0
123837,0.149,-0.345,-0.768,-0.062,0.064,0.137,-0.623,-0.370,0.574,-0.381,1261662592.000,-0.001,25067,25166,10,-11,57,14.260,550.670,26525,26178,1361,1409,0
123937,0.258,-0.932,-0.742,0.066,-0.200,0.088,-0.620,-0.367,0.578,-0.383,1284407680.000,-0.007,25493,25189,13,-25,57,14.320,601.870,25125,25252,1340,1321,0
124037,0.248,-0.763,-0.936,-0.150,-0.900,0.110,-0.601,-0.375,0.597,-0.376,1194995968.000,-0.008,24519,24368,-4,10,57,14.320,601.870,25125,25252,1340,1321,0
124137,0.220,-0.133,-0.879,-0.261,-0.580,0.093,-0.581,-0.379,0.626,-0.356,1394995968.000,-0.002,26470,26350,-6,13,57,14.320,363.790,26737,26666,1329,1305,0
124237,0.165,0.028,-0.666,-0.181,0.091,0.144,-0.576,-0.372,0.638,-0.350,1394995968.000,-0.001,26380,26441,9,-8,57,14.200,363.790,26737,26666,1329,1305,0
124337,0.229,-0.201,-0.506,-0.173,0.102,0.221,-0.582,-0.359,0.638,-0.353,1394995968.000,-0.007,26376,26445,11,-8,57,14.200,363.790,26737,26666,1329,1305,0
124437,0.119,-0.144,-0.408,-0.149,-0.226,0.339,-0.576,-0.347,0.650,-0.355,1500093952.000,-0.010,27119,27653,-1,2,58,14.250,571.150,26525,26737,1296,1333,0
124537,0.014,-0.243,-0.231,0.213,0.000,0.236,-0.565,-0.341,0.657,-0.364,1394995968.000,-0.019,26182,26636,1,-20,58,14.250,571.150,26525,26737,1296,1333,0
124637,-0.054,-0.443,-0.146,-0.109,-0.142,0.203,-0.560,-0.337,0.660,-0.371,1394995968.000,-0.031,26146,26672,12,-6,58,14.230,560.910,26315,26595,1319,1395,0
124737,-0.083,-0.222,-0.058,-0.087,-0.343,0.008,-0.551,-0.334,0.674,-0.362,1394995968.000,-0.028,26344,26476,-5,0,58,14.230,560.910,26315,26595,1319,1395,0
124837,-0.391,0.419,-0.075,0.013,0.117,-0.167,-0.547,-0.341,0.673,-0.361,1394995968.000,-0.010,26217,26602,-2,1,58,14.230,560.910,26315,26595,1319,1395,0
124937,-0.265,0.226,-0.101,-0.059,0.603,-0.372,-0.569,-0.341,0.658,-0.357,1394995968.000,-0.006,26514,26306,14,-17,58,14.280,560.910,26109,26385,1391,1425,0
125037,0.036,-0.455,-0.304,0.147,0.102,-0.244,-0.586,-0.346,0.640,-0.358,1310290048.000,-0.013,25815,25375,7,-21,58,14.280,560.910,26109,26385,1391,1425,0
125137,0.126,-0.404,-0.577,-0.080,-0.408,-0.093,-0.579,-0.357,0.644,-0.350,1394995968.000,-0.011,26512,26308,2,2,57,14.280,622.350,26525,26041,1335,1323,0
125237,0.169,-0.404,-0.579,-0.040,-0.166,-0.067,-0.572,-0.362,0.653,-0.340,1265584256.000,-0.010,25306,25004,8,-12,57,14.280,622.350,26525,26041,1335,1323,0
125337,0.179,-0.216,-0.553,-0.252,-0.117,0.027,-0.571,-0.362,0.657,-0.335,1394995968.000,-0.007,26469,26351,9,3,58,14.310,89.880,25510,25575,1463,1379,0
125437,0.166,-0.232,-0.505,-0.144,-0.106,0.053,-0.569,-0.355,0.667,-0.324,1394995968.000,-0.008,26467,26353,7,-10,58,14.310,89.880,25510,25575,1463,1379,0
125537,0.144,-0.350,-0.531,0.109,0.104,0.067,-0.570,-0.354,0.664,-0.330,1310290048.000,-0.011,25635,25556,9,-20,58,14.470,653.070,25316,25252,1288,1273,0
125637,-0.014,0.370,-0.467,-0.134,-0.281,-0.022,-0.566,-0.353,0.669,-0.326,1394995968.000,-0.002,26349,26471,-18,23,58,14.470,653.070,25316,25252,1288,1273,0
125737,-0.083,0.499,-0.299,-0.198,0.432,-0.216,-0.571,-0.353,0.671,-0.316,1394995968.000,-0.002,26568,26252,10,-5,58,14.220,468.750,26666,26455,1353,1325,0
125837,0.006,0.307,-0.179,-0.343,0.454,-0.179,-0.601,-0.342,0.651,-0.313,1394995968.000,0.000,26591,26228,14,1,58,14.220,468.750,26666,26455,1353,1325,0
125937,0.068,0.176,-0.082,-0.324,0.227,-0.107,-0.616,-0.332,0.647,-0.303,1370682240.000,0.000,26337,26020,9,0,58,14.290,591.630,26041,25906,1439,1367,0
126037,0.103,0.085,-0.451,-0.212,0.373,-0.049,-0.630,-0.323,0.640,-0.298,1227937152.000,0.000,24925,24631,14,-10,58,14.290,591.630,26041,25906,1439,1367,0
126137,0.102,0.029,-0.627,-0.332,0.323,0.029,-0.645,-0.310,0.633,-0.296,1394995968.000,-0.000,26485,26335,17,-4,58,14.180,404.750,26385,26666,1386,1303,0
126237,0.081,-0.047,-0.503,-0.330,0.192,0.077,-0.656,-0.295,0.630,-0.291,1394995968.000,-0.001,26420,26401,15,-3,58,14.180,404.750,26385,26666,1386,1303,0
126337,0.028,-0.074,-0.336,-0.354,0.009,0.142,-0.662,-0.278,0.634,-0.285,1394995968.000,-0.000,26316,26504,11,2,58,14.180,404.750,26385,26666,1386,1303,0
126437,-0.036,-0.058,-0.125,-0.176,-0.102,0.159,-0.662,-0.266,0.642,-0.282,1394995968.000,0.000,26253,26566,3,-1,59,14.210,550.670,26315,26246,1372,1441,0
126537,-0.099,-0.023,-0.116,0.050,-0.139,0.210,-0.657,-0.261,0.648,-0.283,1394995968.000,0.000,26115,26702,-3,-6,59,14.210,550.670,26315,26246,1372,1441,0
126637,-0.171,-0.480,-0.016,-0.276,-0.074,0.119,-0.652,-0.252,0.656,-0.283,1394995968.000,-0.003,26196,26622,27,-12,58,14.230,509.710,26525,26737,1337,1386,0
126737,-0.179,-0.724,0.033,-0.023,-0.458,-0.063,-0.648,-0.249,0.665,-0.276,1390290048.000,-0.006,26335,26396,5,-10,58,14.230,509.710,26525,26737,1337,1386,0
126837,-0.287,-0.467,-0.105,-0.292,-0.978,-0.110,-0.621,-0.261,0.692,-0.259,1274211712.000,-0.003,25057,25424,-2,19,58,14.240,550.670,26109,26525,1447,1325,0
126937,-0.066,0.459,-0.135,-0.313,-0.382,-0.274,-0.606,-0.265,0.712,-0.237,1394995968.000,-0.001,26786,26029,-11,23,58,14.240,550.670,26109,26525,1447,1325,0
127037,0.006,0.489,-0.332,-0.070,0.261,-0.067,-0.605,-0.273,0.712,-0.231,1394995968.000,0.000,26420,26401,6,-2,58,14.240,374.030,26809,25839,1352,1445,0
127137,0.051,0.389,-0.334,-0.391,0.288,-0.076,-0.623,-0.260,0.704,-0.221,1394995968.000,0.001,26506,26314,8,5,58,14.240,374.030,26809,25839,1352,1445,0
127237,0.084,0.325,-0.194,-0.080,0.231,-0.020,-0.632,-0.256,0.699,-0.216,1394995968.000,0.001,26460,26360,2,-3,58,14.220,571.150,26385,26041,1411,1438,0
127337,0.085,0.244,-0.249,-0.312,0.306,0.049,-0.643,-0.247,0.693,-0.214,1394995968.000,0.001,26400,26420,15,2,58,14.220,571.150,26385,26041,1411,1438,0
127437,0.067,0.171,-0.299,-0.260,0.170,0.091,-0.654,-0.233,0.689,-0.209,1369113600.000,0.000,26095,26233,7,1,58,14.300,519.950,26385,26246,1282,1340,0
127537,0.034,0.139,-0.502,-0.319,0.056,0.016,-0.659,-0.221,0.689,-0.205,1333035136.000,0.000,25865,25768,9,7,58,14.300,519.950,26385,26246,1282,1340,0
127637,0.050,0.159,-0.569,0.096,0.106,-0.018,-0.664,-0.217,0.688,-0.200,1394995968.000,0.000,26460,26360,-3,-8,58,14.300,519.950,26385,26246,1282,1340,0
127737,0.040,0.091,-0.397,-0.042,0.026,0.058,-0.666,-0.217,0.684,-0.204,1394995968.000,0.000,26362,26458,4,1,58,14.270,455.950,26455,26809,1369,1302,0
127837,0.017,0.096,-0.168,-0.092,-0.016,0.066,-0.666,-0.212,0.686,-0.202,1394995968.000,0.000,26351,26469,3,1,58,14.270,455.950,26455,26809,1369,1302,0
127937,-0.006,0.090,-0.137,-0.050,0.063,0.060,-0.666,-0.207,0.687,-0.202,1384996096.000,-0.000,26245,26386,4,-2,59,14.230,571.150,26315,26666,1383,1325,0
128037,-0.044,0.062,-0.249,-0.034,0.110,0.134,-0.669,-0.202,0.685,-0.205,1374996224.000,-0.000,26019,26420,6,-4,59,14.230,571.150,26315,26666,1383,1325,0
128137,-0.103,0.040,-0.638,0.026,0.019,0.160,-0.670,-0.195,0.685,-0.211,1374996224.000,-0.000,25948,26489,0,-4,59,14.260,571.150,25906,26246,1359,1429,0
128237,-0.151,0.043,-0.697,0.208,-0.039,0.068,-0.667,-0.195,0.685,-0.218,1198525696.000,-0.001,24265,24693,-5,-7,59,14.260,571.150,25906,26246,1359,1429,0
128337,-0.172,0.092,-0.727,0.281,-0.066,0.019,-0.663,-0.202,0.684,-0.228,1174996224.000,-0.000,24029,24446,-7,-6,59,14.260,571.150,25906,26246,1359,1429,0
128437,-0.178,0.112,-0.835,0.249,-0.108,0.013,-0.658,-0.212,0.683,-0.236,1374996224.000,-0.001,26001,26438,-6,0,59,14.320,632.590,24509,25062,1387,1374,0
128537,-0.167,0.149,-0.775,0.171,-0.148,-0.080,-0.652,-0.220,0.685,-0.240,1374996224.000,-0.001,26111,26329,-7,1,59,14.320,632.590,24509,25062,1387,1374,0
128637,-0.697,0.141,-1.052,0.093,-0.107,-0.174,-0.647,-0.230,0.686,-0.240,1374996224.000,-0.004,25499,26923,-3,1,59,14.230,530.190,26385,26455,1253,1367,0
128737,-0.651,0.109,-0.790,-0.141,-0.053,-0.648,-0.651,-0.240,0.686,-0.220,1374996224.000,-0.003,26311,26129,2,2,59,14.230,530.190,26385,26455,1253,1367,0
128837,0.173,0.187,-0.745,0.934,-0.069,-0.478,-0.650,-0.275,0.675,-0.214,1374996224.000,0.001,26809,25618,-34,-27,59,14.240,560.910,26954,25380,1384,1331,0
128937,0.238,0.206,-0.628,-0.468,-0.019,0.066,-0.647,-0.284,0.674,-0.217,1374996224.000,0.001,26185,26255,18,22,59,14.240,560.910,26954,25380,1384,1331,0
129037,0.226,0.113,-0.532,0.181,0.031,0.057,-0.651,-0.273,0.677,-0.209,1374996224.000,0.002,26263,26177,-9,-12,59,14.240,560.910,26954,25380,1384,1331,0
129137,0.233,0.013,-0.490,-0.059,-0.211,0.240,-0.644,-0.280,0.676,-0.225,1374996224.000,0.003,26053,26387,2,12,59,14.200,550.670,26455,26109,1333,1363,0
129237,0.207,0.049,-0.316,-0.243,-0.178,0.293,-0.637,-0.266,0.689,-0.222,1374996224.000,0.003,26046,26393,3,8,59,14.200,550.670,26455,26109,1333,1363,0
129337,0.225,-0.105,-0.288,0.211,-0.079,0.451,-0.630,-0.257,0.695,-0.235,1374996224.000,-0.001,25880,26556,-5,-10,59,14.220,571.150,26178,26595,1301,1343,0
129437,-0.176,0.381,-0.275,-0.348,-0.403,0.407,-0.616,-0.241,0.711,-0.240,1374996224.000,-0.003,25546,26877,-9,28,59,14.220,571.150,26178,26595,1301,1343,0
129537,-0.254,0.412,-0.195,0.046,0.256,0.091,-0.613,-0.227,0.719,-0.237,1374996224.000,-0.005,25898,26538,-3,-9,59,14.220,571.150,26178,26595,1301,1343,0
129637,-0.270,0.358,-0.324,0.031,0.267,-0.027,-0.623,-0.227,0.706,-0.248,1374996224.000,-0.004,25943,26494,0,1,59,14.230,560.910,25839,26109,1377,1469,0
129737,-0.794,0.566,-0.343,-0.088,0.213,-0.112,-0.630,-0.223,0.703,-0.243,1374996224.000,-0.013,25217,27187,-7,9,59,14.230,560.910,25839,26109,1377,1469,0
129837,-0.803,0.465,-0.320,0.213,0.699,-0.574,-0.652,-0.227,0.684,-0.236,1374996224.000,-0.013,25997,26441,0,-20,59,14.240,560.910,25974,26737,1303,1346,0
129937,0.051,-0.012,-0.253,0.820,0.374,-0.344,-0.671,-0.259,0.650,-0.245,1374996224.000,-0.001,26427,26011,-12,-30,59,14.240,560.910,25974,26737,1303,1346,0
130037,0.089,-0.022,-0.315,-0.458,-0.090,-0.027,-0.672,-0.262,0.649,-0.242,1374996224.000,-0.001,26112,26328,15,19,59,14.240,560.910,25974,26737,1303,1346,0
130137,0.109,-0.065,-0.441,0.501,0.289,-0.063,-0.677,-0.264,0.641,-0.245,1374996224.000,-0.001,26235,26205,-6,-28,59,14.220,540.430,26178,26455,1374,1337,0
130237,0.126,-0.111,-0.449,-0.088,0.054,-0.053,-0.680,-0.271,0.633,-0.252,1374996224.000,-0.002,26235,26205,10,3,59,14.220,540.430,26178,26455,1374,1337,0
130337,0.010,-0.332,-0.496,-0.003,0.121,-0.054,-0.684,-0.268,0.632,-0.247,1367153024.000,0.002,25987,26302,14,-16,59,14.250,601.870,26455,26178,1315,1352,0
130437,-0.275,-0.895,-0.731,-0.137,-0.039,-0.144,-0.689,-0.268,0.627,-0.244,1374996224.000,0.024,26067,26373,29,-5,59,14.250,601.870,26455,26178,1315,1352,0
130537,-0.084,-0.795,-0.695,0.094,-0.969,-0.317,-0.678,-0.277,0.643,-0.224,1374996224.000,0.024,26374,26066,-15,3,59,14.250,601.870,26455,26178,1315,1352,0
130637,0.216,-0.518,-0.824,0.183,-0.774,-0.039,-0.646,-0.301,0.669,-0.211,1374996224.000,0.020,26298,26142,-7,-1,59,14.210,540.430,26737,25974,1349,1296,0
130737,0.569,-0.335,-0.729,-0.087,-0.329,0.271,-0.629,-0.301,0.686,-0.207,1374996224.000,0.012,26289,26151,5,-2,59,14.210,540.430,26737,25974,1349,1296,0
130837,0.454,0.423,-0.748,0.013,-0.374,0.389,-0.614,-0.291,0.703,-0.211,1374996224.000,0.008,26131,26309,-20,17,59,14.210,540.430,26737,25974,1349,1296,0
130937,0.112,0.489,-0.630,-0.216,0.458,0.252,-0.614,-0.276,0.706,-0.220,1374996224.000,0.002,26040,26399,14,-1,59,14.240,591.630,26178,26178,1236,1490,0
131037,0.396,-0.293,-0.614,0.042,0.399,0.138,-0.631,-0.262,0.693,-0.230,1374996224.000,-0.002,26525,25911,18,-25,59,14.240,591.630,26178,26178,1236,1490,0
131137,0.315,-0.029,-0.584,-0.137,-0.496,0.360,-0.624,-0.258,0.697,-0.243,1374996224.000,-0.002,26028,26411,-11,25,59,14.240,530.190,26315,25974,1302,1449,0
131237,-0.130,0.438,-0.503,-0.384,-0.044,0.064,-0.612,-0.242,0.717,-0.229,1374996224.000,-0.003,25994,26445,2,14,59,14.240,530.190,26315,25974,1302,1449,0
131337,0.169,-0.159,-0.453,0.242,0.640,-0.148,-0.630,-0.239,0.701,-0.231,1374996224.000,-0.005,26598,25836,17,-39,59,14.240,530.190,26315,25974,1302,1449,0
131437,0.329,-0.236,-0.463,-0.459,-0.637,0.157,-0.631,-0.238,0.701,-0.231,1374996224.000,-0.007,26245,26196,0,33,59,14.230,571.150,26595,25773,1365,1370,0
131537,-0.118,0.513,-0.542,-0.406,-0.421,0.101,-0.614,-0.225,0.726,-0.211,1374996224.000,-0.002,25864,26572,-13,28,59,14.230,571.150,26595,25773,1365,1370,0
131637,-0.056,0.440,-0.449,-0.036,0.702,-0.194,-0.627,-0.218,0.720,-0.200,1520094208.000,-0.001,27712,27425,12,-19,59,14.230,571.150,26595,25773,1365,1370,0
131737,0.182,0.035,-0.407,-0.537,0.087,-0.179,-0.648,-0.213,0.707,-0.188,1400878592.000,0.001,26823,26104,17,20,60,14.150,230.670,27777,27932,1550,1427,0
131837,0.500,-0.157,-0.573,-0.070,-0.233,-0.072,-0.648,-0.204,0.714,-0.168,1374996224.000,0.000,26721,25710,-6,-5,60,14.150,230.670,27777,27932,1550,1427,0
131937,0.038,0.444,-0.563,-0.177,-0.352,0.306,-0.636,-0.202,0.725,-0.170,1374996224.000,0.001,25621,26806,-15,28,60,14.150,230.670,27777,27932,1550,1427,0
132037,-0.019,0.470,-0.742,-0.250,0.270,0.103,-0.635,-0.181,0.734,-0.159,1374996224.000,-0.000,26145,26295,2,-7,60,14.220,550.670,25641,27322,1316,1289,0
132137,0.220,0.374,-0.479,0.451,0.429,0.200,-0.648,-0.182,0.718,-0.179,1551466752.000,0.004,27937,27767,-10,-16,60,14.220,550.670,25641,27322,1316,1289,0
132237,-0.223,0.296,-0.416,-0.207,0.062,0.444,-0.649,-0.171,0.716,-0.194,1374996224.000,-0.002,25352,27061,6,14,60,14.270,404.750,26315,26246,1307,1491,0
132337,-0.313,0.215,-0.279,0.121,0.414,0.031,-0.658,-0.152,0.710,-0.196,1507545216.000,-0.002,27261,27648,0,-16,60,14.270,404.750,26315,26246,1307,1491,0
132437,-0.313,0.179,-0.161,0.423,0.147,-0.006,-0.665,-0.167,0.695,-0.216,1524015872.000,-0.000,27334,27872,-10,-6,60,14.270,404.750,26315,26246,1307,1491,0
132537,-0.524,0.619,-0.107,-0.317,0.287,-0.063,-0.671,-0.161,0.692,-0.212,1374996224.000,0.001,25769,26663,6,17,60,14.150,97.550,27322,27932,1443,1454,0
132637,-0.335,-0.166,-0.188,0.388,0.730,-0.254,-0.694,-0.164,0.667,-0.216,1374996224.000,0.002,26287,26153,13,-38,60,14.150,97.550,27322,27932,1443,1454,0
132737,-0.241,-0.168,-0.184,0.069,-0.561,-0.097,-0.691,-0.184,0.664,-0.218,1374996224.000,0.001,25970,26468,-10,24,60,14.240,519.950,26041,26041,1412,1405,0
132837,-0.685,-0.438,-0.196,-0.333,-0.098,-0.249,-0.682,-0.183,0.678,-0.204,1374996224.000,0.009,25734,26697,24,-3,60,14.240,519.950,26041,26041,1412,1405,0
132937,-0.552,-0.666,-0.302,0.659,-0.408,-0.543,-0.681,-0.208,0.674,-0.196,1374996224.000,0.019,26229,26212,-17,-25,60,14.210,540.430,26178,26315,1350,1357,0
133037,0.155,0.269,-0.487,0.077,-0.886,-0.266,-0.654,-0.243,0.692,-0.187,1374996224.000,0.001,26486,25952,-29,32,60,14.210,540.430,26178,26315,1350,1357,0
133137,0.143,0.354,-0.451,0.034,0.352,0.184,-0.642,-0.248,0.700,-0.188,1374996224.000,0.001,25908,26529,11,-9,60,14.210,540.430,26178,26315,1350,1357,0
133237,0.058,0.223,-0.344,0.279,0.239,0.238,-0.654,-0.241,0.687,-0.205,1392251136.000,-0.000,26014,26749,-8,-8,60,14.200,519.950,25906,26525,1346,1375,0
133337,-0.063,0.244,-0.426,0.350,-0.147,0.319,-0.645,-0.244,0.689,-0.225,1374996224.000,-0.001,25663,26766,-17,2,60,14.200,519.950,25906,26525,1346,1375,0
133437,-0.197,0.251,-0.322,0.520,0.091,0.299,-0.635,-0.246,0.689,-0.249,1374996224.000,-0.002,25582,26844,-14,-12,60,14.220,519.950,25575,26809,1350,1382,0
133537,-0.301,0.202,-0.199,0.316,0.129,0.076,-0.631,-0.253,0.680,-0.274,1374996224.000,-0.002,25773,26660,-5,-3,60,14.220,519.950,25575,26809,1350,1382,0
133637,-0.291,0.199,-0.196,0.544,0.003,-0.064,-0.629,-0.266,0.672,-0.287,1422055040.000,-0.002,26293,27033,-19,-9,60,14.190,425.230,26178,26809,1285,1387,0
133737,-0.338,0.263,-0.232,0.336,0.076,-0.056,-0.624,-0.282,0.663,-0.303,1374996224.000,-0.002,25733,26699,-9,-2,60,14.190,425.230,26178,26809,1285,1387,0
133837,-0.298,0.192,-0.255,0.136,0.039,-0.173,-0.625,-0.291,0.657,-0.306,1374996224.000,-0.002,25913,26523,-5,1,60,14.220,425.230,25641,26737,1387,1352,0
133937,-0.159,0.132,-0.343,0.088,0.082,-0.233,-0.628,-0.300,0.650,-0.304,1374996224.000,-0.001,26068,26372,-2,-2,60,14.220,425.230,25641,26737,1387,1352,0
134037,-0.103,0.123,-0.431,-0.081,0.166,-0.263,-0.636,-0.306,0.642,-0.297,1374996224.000,-0.001,26142,26299,4,0,60,14.220,478.990,25974,26315,1378,1378,0
134137,-0.064,0.126,-0.597,-0.083,0.139,-0.333,-0.647,-0.309,0.635,-0.288,1374996224.000,-0.002,26241,26199,0,0,60,14.220,478.990,25974,26315,1378,1378,0
134237,0.187,0.007,-0.485,0.189,0.093,-0.272,-0.654,-0.319,0.626,-0.281,1374996224.000,-0.002,26400,26039,-6,-11,60,14.200,519.950,26525,25773,1369,1389,0
134337,0.236,-0.006,-0.559,-0.073,-0.011,-0.062,-0.656,-0.326,0.621,-0.281,1374996224.000,-0.003,26195,26242,3,6,60,14.200,519.950,26525,25773,1369,1389,0
134437,0.250,0.004,-0.496,-0.051,-0.017,-0.010,-0.657,-0.323,0.623,-0.275,1374996224.000,-0.003,26202,26238,-2,-1,60,14.200,509.710,26315,26455,1341,1300,0
134537,0.467,-0.325,-0.488,0.079,-0.068,0.053,-0.656,-0.324,0.623,-0.276,1374996224.000,-0.000,26446,25992,5,-12,60,14.200,509.710,26315,26455,1341,1300,0
134637,0.601,-0.644,-0.560,-0.110,-0.548,0.381,-0.646,-0.324,0.631,-0.282,1574996224.000,-0.003,27989,28135,3,6,61,13.930,240.910,28169,28409,1468,1429,0
134737,0.083,0.342,-0.573,-0.196,-0.881,0.379,-0.614,-0.314,0.671,-0.272,1374996224.000,0.001,25680,26749,-30,34,61,13.930,240.910,28169,28409,1468,1429,0
134837,-0.046,0.328,-0.503,0.199,0.617,0.262,-0.608,-0.307,0.673,-0.286,1374996224.000,-0.001,25781,26653,9,-23,61,13.930,240.910,28169,28409,1468,1429,0
134937,-0.118,0.224,-0.630,-0.219,-0.024,0.141,-0.618,-0.295,0.666,-0.296,1374996224.000,-0.001,25837,26598,-3,16,61,14.190,519.950,25839,26246,1381,1475,0
135037,-0.151,0.263,-0.429,0.092,-0.011,0.042,-0.613,-0.291,0.672,-0.294,1374996224.000,-0.001,25885,26552,-11,-3,61,14.190,519.950,25839,26246,1381,1475,0
135137,-0.156,0.230,-0.453,0.098,0.162,-0.064,-0.615,-0.294,0.667,-0.300,1374996224.000,-0.001,25981,26457,-4,-2,60,14.230,530.190,25974,26315,1332,1427,0
135237,-0.120,0.180,-0.725,0.061,0.182,-0.119,-0.621,-0.297,0.659,-0.302,1374996224.000,-0.001,26034,26406,-2,-2,60,14.230,530.190,25974,26315,1332,1427,0
135337,-0.173,0.161,-0.884,0.210,0.129,-0.084,-0.626,-0.301,0.651,-0.305,1374996224.000,-0.001,25876,26559,-10,-6,60,14.200,519.950,25974,26595,1374,1320,0
135437,-0.339,0.201,-0.731,0.284,0.152,-0.213,-0.628,-0.310,0.642,-0.311,1374996224.000,-0.002,25923,26514,-10,-7,60,14.200,519.950,25974,26595,1374,1320,0
135537,0.054,0.046,-0.791,0.603,0.171,-0.196,-0.631,-0.328,0.627,-0.319,1374996224.000,-0.000,26300,26140,-15,-20,61,14.200,540.430,26041,26595,1497,1172,0
135637,0.052,-0.020,-0.754,0.033,-0.096,0.143,-0.626,-0.339,0.618,-0.333,1460486400.000,-0.000,26642,27398,-1,8,61,14.200,540.430,26041,26595,1497,1172,0
135737,-0.001,0.014,-0.630,0.221,-0.014,0.116,-0.621,-0.337,0.624,-0.335,1374996224.000,-0.000,25870,26566,-10,-9,61,14.230,445.710,25773,26246,1363,1437,0
135837,-0.043,-0.004,-0.501,0.404,0.022,0.102,-0.614,-0.345,0.617,-0.352,1477741312.000,-0.000,26819,27541,-11,-10,61,14.230,445.710,25773,26246,1363,1437,0
135937,-0.078,0.019,-0.423,0.167,-0.139,0.062,-0.605,-0.352,0.616,-0.361,1374996224.000,-0.000,25859,26576,-9,1,61,14.230,445.710,25773,26246,1363,1437,0
136037,-0.146,0.073,-0.450,0.334,0.091,-0.070,-0.599,-0.359,0.613,-0.368,1557741312.000,-0.000,27634,28180,-10,-11,61,14.190,499.470,25773,26455,1364,1391,0
136137,-0.113,0.054,-0.240,0.282,0.073,-0.148,-0.599,-0.369,0.603,-0.375,1416564864.000,-0.000,26424,26802,-8,-7,61,14.190,499.470,25773,26455,1364,1391,0
136237,-0.344,0.065,-0.196,0.001,-0.027,-0.198,-0.600,-0.378,0.597,-0.376,1502839424.000,-0.001,26994,27823,-3,4,61,14.220,478.990,26109,26525,1316,1373,0
136337,0.022,-0.011,-0.101,0.209,0.079,-0.366,-0.605,-0.388,0.589,-0.368,1374996224.000,-0.000,26474,25964,-10,-17,61,14.220,478.990,26109,26525,1316,1373,0
136437,0.139,-0.013,-0.670,0.229,-0.141,-0.087,-0.602,-0.406,0.577,-0.373,1374996224.000,-0.001,26104,26336,-11,1,61,14.200,591.630,26041,26109,1393,1388,0
136537,0.152,0.048,-0.736,-0.136,-0.189,-0.014,-0.598,-0.409,0.584,-0.367,1374996224.000,-0.001,26097,26343,-5,8,61,14.200,591.630,26041,26109,1393,1388,0
136637,0.183,-0.355,-0.570,0.347,-0.028,0.053,-0.592,-0.415,0.583,-0.371,1374996224.000,0.005,26043,26396,-5,-18,61,14.200,591.630,26041,26109,1393,1388,0
136737,0.189,-0.473,-0.656,-0.063,-0.596,0.180,-0.579,-0.421,0.592,-0.372,1374996224.000,0.006,25949,26489,-6,9,61,14.200,478.990,25575,26525,1488,1319,0
136837,0.114,0.386,-0.728,0.180,-0.560,0.199,-0.556,-0.427,0.612,-0.365,1374996224.000,0.001,25890,26547,-38,20,61,14.200,478.990,25575,26525,1488,1319,0
136937,0.025,0.439,-0.708,0.177,0.270,0.192,-0.542,-0.431,0.617,-0.374,1374996224.000,0.000,25825,26610,-6,-6,61,14.200,489.230,26109,26737,1282,1336,0
137037,-0.042,0.327,-0.442,0.236,0.332,0.116,-0.548,-0.423,0.607,-0.391,1547545216.000,-0.001,27477,28153,-10,-9,61,14.200,489.230,26109,26737,1282,1336,0
137137,-0.087,0.213,-0.221,0.382,0.203,0.066,-0.545,-0.426,0.595,-0.409,1374996224.000,-0.001,25852,26583,-13,-10,61,14.200,489.230,26109,26737,1282,1336,0
137237,-0.127,0.150,-0.264,0.259,0.220,0.146,-0.542,-0.429,0.584,-0.425,1468329600.000,-0.001,26577,27605,-7,-7,61,14.200,455.950,35335,26525,1040,1381,0
137337,-0.168,0.007,-0.192,0.103,0.086,0.020,-0.543,-0.425,0.579,-0.435,1423623680.000,-0.002,26292,27062,-5,-5,61,14.200,455.950,35335,26525,1040,1381,0
137437,-0.154,-0.315,-0.213,0.298,-0.061,-0.087,-0.540,-0.431,0.573,-0.440,1374996224.000,-0.004,25931,26506,-7,-15,61,14.190,435.470,25839,26385,1378,1407,0
137537,-0.117,0.162,-0.370,0.069,-0.322,-0.117,-0.531,-0.445,0.573,-0.437,1374996224.000,-0.001,25967,26471,-19,13,61,14.190,435.470,25839,26385,1378,1407,0
137637,-0.070,0.157,-0.458,0.292,0.287,-0.128,-0.530,-0.453,0.566,-0.441,1374996224.000,-0.001,25998,26440,-6,-17,61,14.190,435.470,25906,26041,1383,1465,0
137737,-0.161,-0.089,-0.575,0.007,0.088,-0.079,-0.534,-0.456,0.554,-0.447,1374996224.000,0.000,25822,26612,1,-4,61,14.190,435.470,25906,26041,1383,1465,0
137837,-0.114,-0.311,-0.482,0.157,-0.136,-0.130,-0.534,-0.461,0.553,-0.443,1374996224.000,0.002,25968,26470,-7,-11,61,14.190,435.470,25906,26041,1383,1465,0
137937,0.044,0.170,-0.520,0.307,-0.274,-0.032,-0.524,-0.475,0.550,-0.443,1374996224.000,0.000,25998,26441,-27,6,61,14.200,489.230,25974,26525,1404,1302,0
138037,0.041,0.149,-0.585,0.031,0.203,0.004,-0.520,-0.479,0.550,-0.444,1374996224.000,0.000,25965,26473,0,-7,61,14.200,489.230,25974,26525,1404,1302,0
138137,0.283,-0.462,-0.565,0.393,0.138,0.063,-0.521,-0.479,0.538,-0.457,1401662848.000,-0.004,26455,26492,-1,-29,61,14.200,489.230,25974,26525,1404,1302,0
138237,0.230,-0.178,-0.501,-0.030,-0.561,0.191,-0.505,-0.487,0.547,-0.457,1407937408.000,-0.003,26259,26803,-16,15,61,14.160,404.750,26385,26246,1407,1435,0
138337,-0.082,0.336,-0.381,0.047,0.061,0.014,-0.495,-0.489,0.557,-0.454,1374996224.000,-0.001,25879,26557,-11,0,61,14.160,404.750,26385,26246,1407,1435,0
138437,-0.059,0.238,-0.623,0.170,0.360,-0.101,-0.501,-0.489,0.542,-0.465,1374996224.000,-0.001,26021,26418,-5,-10,61,14.190,435.470,25906,26315,1384,1391,0
138537,0.050,-0.004,-0.755,-0.113,0.144,-0.102,-0.510,-0.485,0.535,-0.467,1459702144.000,-0.000,26935,27096,2,-3,61,14.190,435.470,25906,26315,1384,1391,0
138637,0.152,-0.345,-0.574,0.000,0.052,-0.139,-0.516,-0.486,0.530,-0.467,1374996224.000,-0.003,26329,26111,11,-20,61,14.190,435.470,25906,26315,1384,1391,0
138737,0.200,0.122,-0.378,-0.091,-0.577,-0.089,-0.512,-0.494,0.534,-0.456,1374996224.000,0.001,26188,26252,-31,28,61,14.210,169.230,26315,26737,1361,1275,0
138837,0.094,0.362,-0.405,-0.102,-0.062,-0.034,-0.503,-0.503,0.548,-0.440,1374996224.000,0.001,26063,26376,-10,4,61,14.210,169.230,26315,26737,1361,1275,0
138937,0.342,-0.330,-0.241,0.212,0.430,0.038,-0.513,-0.496,0.536,-0.451,1509113856.000,-0.001,27468,27471,6,-27,62,14.120,107.790,27777,27548,1370,1409,0
139037,0.465,-0.068,-0.059,-0.321,-0.627,0.193,-0.506,-0.494,0.548,-0.446,1374996224.000,-0.000,26237,26203,-16,27,62,14.120,107.790,27777,27548,1370,1409,0
139137,0.407,0.177,-0.260,0.043,0.233,0.256,-0.498,-0.489,0.562,-0.444,1374996224.000,0.002,26112,26328,-3,-13,62,14.120,107.790,27777,27548,1370,1409,0
139237,-0.097,0.251,-0.279,-0.311,0.399,-0.029,-0.511,-0.471,0.560,-0.452,1374996224.000,-0.001,26046,26393,6,1,62,14.190,384.270,26041,26525,1318,1384,0
139337,0.166,0.036,-0.455,0.272,0.253,-0.049,-0.518,-0.468,0.550,-0.458,1374996224.000,-0.000,26331,26109,-10,-18,62,14.190,384.270,26041,26525,1318,1384,0
139437,0.506,-0.035,-0.525,-0.212,0.161,0.247,-0.519,-0.464,0.543,-0.470,1374996224.000,-0.002,26301,26139,8,4,62,14.190,384.270,26041,26525,1318,1384,0
139537,0.416,-0.052,-0.675,-0.071,0.089,0.450,-0.516,-0.448,0.554,-0.476,1374996224.000,-0.004,25933,26505,-2,-6,61,14.180,404.750,26041,26595,1359,1321,0
139637,0.270,-0.119,-0.705,0.021,0.162,0.332,-0.510,-0.433,0.558,-0.491,1374996224.000,-0.010,25977,26461,0,-10,61,14.180,404.750,26041,26595,1359,1321,0
139737,0.128,-0.411,-0.777,-0.193,0.043,0.274,-0.508,-0.421,0.563,-0.497,1374996224.000,-0.026,25904,26533,12,-10,61,14.180,404.750,26041,26595,1359,1321,0
139837,-0.474,-0.292,-0.657,-0.447,-0.240,0.087,-0.507,-0.411,0.576,-0.492,1374996224.000,-0.019,25325,27086,4,13,62,14.150,353.550,26109,26595,1311,1355,0
139937,-0.523,-0.088,-0.539,-0.033,-0.254,-0.378,-0.508,-0.416,0.589,-0.469,1374996224.000,-0.014,26031,26408,-12,-5,62,14.150,353.550,26109,26595,1311,1355,0
140037,-0.308,-0.247,-0.533,0.000,0.077,-0.370,-0.515,-0.430,0.579,-0.463,1374996224.000,-0.012,26160,26280,5,-12,62,14.170,363.790,26455,26246,1273,1389,0
140137,-0.255,0.166,-0.715,-0.252,-0.279,-0.244,-0.522,-0.436,0.581,-0.447,1374996224.000,-0.003,25995,26443,-12,17,62,14.170,363.790,26455,26246,1273,1389,0
140237,-0.157,0.114,-0.973,0.244,0.256,-0.239,-0.527,-0.444,0.575,-0.441,1374996224.000,-0.002,26108,26334,-6,-20,62,14.170,363.790,26455,26246,1273,1389,0
140337,0.149,-0.447,-0.763,-0.089,0.010,-0.070,-0.534,-0.447,0.564,-0.444,1411858944.000,-0.007,26581,26557,12,-10,62,14.040,414.990,26041,26178,1391,1417,0
140437,0.175,-0.549,-0.544,-0.097,-0.498,0.054,-0.528,-0.449,0.575,-0.434,1398525696.000,-0.011,26342,26545,-4,-1,62,14.040,414.990,26041,26178,1391,1417,0
140537,0.145,-0.361,-0.528,0.099,-0.419,0.084,-0.511,-0.459,0.587,-0.428,1374996224.000,-0.010,26069,26370,-10,-4,62,14.170,343.310,26315,26178,1305,1408,0
140637,-0.159,0.496,-0.638,-0.148,-0.353,0.056,-0.499,-0.464,0.599,-0.420,1374996224.000,-0.003,25682,26747,-24,26,62,14.170,343.310,26315,26178,1305,1408,0
140737,-0.126,0.428,-0.632,0.011,0.488,-0.168,-0.506,-0.461,0.599,-0.416,1374996224.000,-0.003,26151,26290,0,-14,62,14.170,343.310,26041,26315,1371,1379,0
140837,0.058,0.008,-0.658,-0.017,0.389,-0.113,-0.524,-0.456,0.580,-0.426,1374996224.000,-0.002,26221,26219,6,-11,62,14.170,343.310,26041,26315,1371,1379,0
140937,0.236,-0.016,-0.612,-0.166,-0.237,0.067,-0.528,-0.452,0.584,-0.421,1374996224.000,-0.002,26168,26272,-11,11,62,14.180,374.030,25974,26455,1423,1309,0
141037,-0.070,0.350,-0.559,-0.211,0.148,0.000,-0.527,-0.449,0.590,-0.415,1374996224.000,-0.001,25936,26501,-2,5,62,14.180,374.030,25974,26455,1423,1309,0
141137,-0.038,0.163,-0.591,-0.017,0.510,-0.090,-0.544,-0.439,0.578,-0.421,1512251136.000,-0.000,27413,27583,5,-14,62,14.180,374.030,25974,26455,1423,1309,0
141237,-0.012,-0.091,-0.375,-0.213,0.132,-0.046,-0.556,-0.431,0.571,-0.422,1553819776.000,-0.000,27740,28005,4,0,62,14.180,384.270,27173,27397,1407,1445,0
141337,-0.007,-0.644,-0.372,-0.071,0.056,0.004,-0.561,-0.426,0.573,-0.419,1374996224.000,-0.000,26052,26387,14,-21,62,14.180,384.270,27173,27397,1407,1445,0
141437,0.074,-0.405,-0.239,0.033,-0.489,0.047,-0.555,-0.430,0.578,-0.416,1452643328.000,-0.002,26842,27058,-15,5,62,14.170,333.070,26178,26315,1370,1434,0
141537,0.051,-0.221,-0.202,-0.101,-0.229,0.097,-0.542,-0.435,0.594,-0.406,1511466752.000,-0.002,27298,27682,3,-5,62,14.170,333.070,26178,26315,1370,1434,0
141637,0.017,0.122,-0.034,0.066,0.132,0.078,-0.542,-0.431,0.594,-0.409,1378917760.000,-0.001,26053,26460,-8,-5,62,14.180,33.550,27173,27548,1360,1380,0
141737,-0.005,0.128,-0.120,-0.090,0.058,0.022,-0.542,-0.429,0.594,-0.412,1574996224.000,-0.001,27917,28207,-2,3,62,14.180,33.550,27173,27548,1360,1380,0
141837,0.052,0.089,0.092,0.061,0.369,-0.189,-0.554,-0.424,0.588,-0.409,1454211968.000,-0.000,27083,26846,0,-17,62,14.050,586.500,27472,28089,1504,1426,0
141937,0.111,-0.043,0.219,-0.199,0.056,-0.097,-0.565,-0.423,0.576,-0.412,1523231488.000,-0.000,27623,27572,4,5,62,14.050,586.500,27472,28089,1504,1426,0
142037,0.119,0.024,0.213,-0.190,-0.008,-0.046,-0.570,-0.419,0.581,-0.402,1447937408.000,0.000,26901,26912,-1,1,62,14.080,13.070,27100,27100,1343,1349,0
142137,0.116,-0.009,0.101,0.026,0.209,-0.014,-0.575,-0.417,0.576,-0.405,1528721664.000,0.000,27625,27670,2,-11,62,14.080,13.070,27100,27100,1343,1349,0
142237,0.114,-0.091,-0.036,-0.209,0.038,0.016,-0.582,-0.410,0.575,-0.404,1374996224.000,-0.000,26192,26249,4,2,62,14.140,107.790,27027,27247,1413,1383,0
142337,0.108,-0.743,-0.365,0.022,-0.127,0.021,-0.582,-0.408,0.579,-0.400,1374996224.000,-0.001,26182,26258,12,-24,62,14.140,107.790,27027,27247,1413,1383,0
142437,0.143,-0.628,-0.355,-0.089,-0.696,0.123,-0.569,-0.413,0.591,-0.394,1374996224.000,-0.003,26102,26338,-6,6,62,14.160,292.110,26315,26109,1325,1396,0
142537,0.148,-0.384,-0.430,-0.089,-0.583,0.146,-0.549,-0.418,0.616,-0.379,1374996224.000,-0.004,26135,26478,-33,26,62,14.160,292.110,26315,26109,1325,1396,0
142637,-0.075,0.468,-0.505,-0.119,0.044,0.059,-0.539,-0.419,0.628,-0.374,1374996224.000,-0.001,26014,26425,-5,5,62,14.200,374.030,26178,26595,1304,1334,0
142737,-0.076,0.362,-0.612,-0.067,0.481,-0.014,-0.551,-0.410,0.620,-0.380,1418917760.000,-0.001,26509,26762,4,-8,62,14.200,374.030,26178,26595,1304,1334,0
142837,-0.057,0.250,-0.422,-0.250,0.248,-0.081,-0.565,-0.400,0.612,-0.381,1462055040.000,-0.000,26995,27080,3,4,62,14.200,374.030,26178,26595,1304,1334,0
142937,-0.006,0.176,-0.214,-0.282,0.276,-0.141,-0.580,-0.392,0.607,-0.375,1374996224.000,-0.000,26270,26171,6,1,62,14.190,87.310,26954,27247,1429,1359,0
143037,0.048,0.053,-0.314,-0.287,0.248,-0.109,-0.596,-0.382,0.602,-0.368,1374996224.000,-0.000,26263,26177,8,-2,62,14.190,87.310,26954,27247,1429,1359,0
143137,0.149,-0.171,-0.413,-0.169,0.132,-0.033,-0.608,-0.374,0.599,-0.363,1374996224.000,-0.000,26298,26142,7,-8,63,14.170,261.390,26315,26109,1352,1378,0
143237,0.249,-0.565,-0.482,-0.057,-0.142,0.170,-0.609,-0.370,0.601,-0.363,1374996224.000,-0.003,26155,26285,5,-8,63,14.170,261.390,26315,26109,1352,1378,0
143337,0.154,-0.204,-0.487,-0.107,-0.636,0.274,-0.595,-0.368,0.618,-0.359,1374996224.000,-0.002,25971,26467,-16,16,62,14.180,302.350,26246,26315,1305,1397,0
143437,-0.131,0.279,-0.487,0.100,-0.024,0.223,-0.576,-0.368,0.635,-0.360,1374996224.000,-0.001,25777,26656,-9,-2,62,14.180,302.350,26246,26315,1305,1397,0
143537,-0.199,0.214,-0.396,0.043,0.319,0.144,-0.580,-0.360,0.630,-0.371,1374996224.000,-0.002,25815,26620,1,-6,62,14.170,384.270,25839,26809,1348,1327,0
143637,-0.258,0.096,-0.386,-0.143,0.113,0.167,-0.584,-0.350,0.627,-0.378,1374996224.000,-0.002,25716,26715,2,2,62,14.170,384.270,25839,26809,1348,1327,0
143737,-0.317,0.021,-0.428,-0.006,0.123,0.139,-0.586,-0.340,0.630,-0.380,1374996224.000,-0.004,25682,26747,-1,-8,62,14.170,384.270,25839,26809,1348,1327,0
143837,-0.300,-0.265,-0.377,0.117,0.050,0.106,-0.587,-0.336,0.627,-0.387,1374996224.000,-0.008,25719,26712,1,-14,62,14.160,374.030,25773,27173,1317,1279,0
143937,-0.390,-0.262,-0.374,-0.099,-0.479,0.014,-0.579,-0.339,0.632,-0.388,1374996224.000,-0.010,25682,26747,-8,11,62,14.160,374.030,25773,27173,1317,1279,0
144037,-0.511,0.193,-0.387,-0.036,-0.283,-0.182,-0.567,-0.347,0.647,-0.374,1374996224.000,-0.008,25773,26660,-13,8,62,14.160,343.310,25974,26595,1294,1397,0
144137,-0.383,0.224,-0.440,-0.033,0.276,-0.253,-0.572,-0.354,0.642,-0.369,1374996224.000,-0.005,25934,26503,4,-6,62,14.160,343.310,25974,26595,1294,1397,0
144237,-0.257,0.159,-0.713,-0.147,0.136,-0.256,-0.586,-0.356,0.632,-0.361,1374996224.000,-0.002,26013,26426,1,2,62,14.150,322.830,26178,26385,1318,1380,0
144337,-0.173,0.174,-0.883,-0.143,0.067,-0.201,-0.594,-0.357,0.628,-0.353,1374996224.000,-0.001,25991,26447,-2,4,62,14.150,322.830,26178,26385,1318,1380,0
144437,-0.097,0.168,-0.846,-0.088,0.031,-0.186,-0.601,-0.358,0.626,-0.344,1374996224.000,-0.001,26053,26387,-4,2,62,14.150,322.830,26178,26385,1318,1380,0
144537,-0.029,0.106,-0.874,0.106,0.078,-0.063,-0.606,-0.362,0.621,-0.340,1374996224.000,-0.000,25949,26488,-6,-7,62,14.140,333.070,25839,26315,1419,1387,0
144637,-0.016,0.013,-0.950,-0.340,0.037,-0.029,-0.610,-0.358,0.621,-0.338,1374996224.000,0.000,25979,26459,10,8,62,14.140,333.070,25839,26315,1419,1387,0
144737,-0.022,-0.298,-0.826,-0.174,-0.114,-0.092,-0.615,-0.352,0.626,-0.327,1374996224.000,0.003,26050,26389,5,-5,63,14.170,302.350,26178,26246,1312,1399,0
144837,0.012,-0.594,-0.825,-0.106,-0.368,-0.102,-0.611,-0.356,0.632,-0.317,1374996224.000,0.008,26076,26360,6,-5,63,14.170,302.350,26178,26246,1312,1399,0
144937,0.182,0.336,-0.622,-0.321,-0.613,-0.093,-0.602,-0.359,0.648,-0.299,1374996224.000,0.001,26305,26135,-27,39,63,14.140,251.150,26246,26595,1391,1243,0
145037,0.197,0.458,-0.708,-0.264,0.106,0.074,-0.592,-0.361,0.662,-0.285,1374996224.000,0.002,26039,26400,4,8,63,14.140,251.150,26246,26595,1391,1243,0
145137,0.204,0.295,-0.513,-0.117,0.336,0.000,-0.609,-0.347,0.655,-0.284,1374996224.000,0.002,26173,26268,1,-4,63,14.140,251.150,26246,26595,1391,1243,0
145237,0.190,0.218,-0.379,-0.029,0.002,0.080,-0.612,-0.344,0.652,-0.286,1374996224.000,0.002,26064,26375,-7,5,63,14.150,292.110,26178,26385,1356,1382,0
145337,0.211,-0.062,-0.517,-0.062,0.041,0.180,-0.613,-0.337,0.654,-0.288,1374996224.000,0.003,25989,26449,3,-4,63,14.150,292.110,26178,26385,1356,1382,0
145437,0.064,0.261,-0.625,0.160,-0.111,0.244,-0.608,-0.332,0.658,-0.294,1374996224.000,0.001,25759,26674,-20,5,63,14.160,240.910,25974,26246,1292,1495,0
145537,-0.032,0.281,-0.574,0.194,0.074,0.193,-0.600,-0.330,0.661,-0.307,1374996224.000,-0.000,25796,26638,-10,-3,63,14.160,240.910,25974,26246,1292,1495,0
145637,-0.114,0.164,-0.354,0.443,0.248,0.260,-0.598,-0.330,0.654,-0.324,1374996224.000,-0.002,25608,26819,-11,-17,63,14.160,240.910,25974,26246,1292,1495,0
145737,-0.221,0.119,-0.379,0.043,-0.019,0.186,-0.594,-0.327,0.651,-0.341,1374996224.000,-0.003,25645,26783,-5,6,63,14.100,240.910,25773,26737,1361,1435,0
145837,-0.262,0.164,-0.332,0.438,0.173,-0.002,-0.591,-0.329,0.648,-0.351,1374996224.000,-0.003,25788,26646,-14,-15,63,14.100,240.910,25773,26737,1361,1435,0
145937,-0.250,0.102,-0.329,0.391,0.136,-0.091,-0.590,-0.341,0.633,-0.367,1374996224.000,-0.002,25861,26575,-10,-9,63,14.100,240.910,25773,26737,1361,1435,0
146037,-0.537,0.072,-0.304,0.200,0.083,-0.191,-0.591,-0.350,0.624,-0.372,1374996224.000,-0.002,25526,26896,-6,-5,63,14.170,343.310,25906,26595,1351,1364,0
146137,-0.617,0.025,-0.345,0.227,0.194,-0.556,-0.600,-0.362,0.611,-0.368,1374996224.000,-0.001,26017,26422,-5,-13,63,14.170,343.310,25906,26595,1351,1364,0
146237,-0.422,-0.214,-0.452,0.519,0.012,-0.609,-0.605,-0.392,0.587,-0.367,1374996224.000,0.006,26247,26194,-9,-18,63,14.160,230.670,25974,26666,1373,1307,0
146337,0.248,-0.161,-0.515,0.236,-0.230,-0.398,-0.603,-0.420,0.576,-0.357,1374996224.000,0.002,26728,25703,-9,-2,63,14.160,230.670,25974,26666,1373,1307,0
146437,0.414,-0.164,-0.423,0.370,-0.051,0.171,-0.592,-0.438,0.570,-0.364,1374996224.000,0.003,26063,26376,-6,-12,63,14.160,230.670,25974,26666,1373,1307,0
146537,0.309,0.201,-0.497,0.024,-0.204,0.310,-0.581,-0.435,0.578,-0.373,1374996224.000,-0.001,25888,26549,-16,12,63,14.160,230.670,26109,26525,1304,1378,0
146637,0.195,0.172,-0.465,0.373,0.101,0.271,-0.569,-0.435,0.582,-0.384,1374996224.000,0.000,25880,26556,-13,-15,63,14.160,230.670,26109,26525,1304,1378,0
146737,0.075,0.089,-0.414,0.097,0.288,0.311,-0.566,-0.429,0.575,-0.406,1540486400.000,0.000,27285,28213,3,-6,63,14.160,230.670,26109,26525,1304,1378,0
146837,-0.039,0.056,-0.141,-0.012,0.024,0.241,-0.564,-0.418,0.578,-0.417,1545976576.000,-0.000,27344,28254,-7,-1,63,14.100,576.260,27472,28490,1441,1479,0
146937,-0.112,0.033,-0.113,0.194,0.142,0.146,-0.559,-0.415,0.577,-0.427,1374996224.000,-0.000,25751,26681,-6,-11,63,14.100,576.260,27472,28490,1441,1479,0
147037,-0.153,-0.056,-0.308,-0.024,0.096,0.081,-0.559,-0.412,0.574,-0.434,1374996224.000,-0.001,25760,26673,2,-4,63,14.100,576.260,27472,28490,1441,1479,0
147137,-0.450,-0.267,-0.312,-0.060,-0.063,0.020,-0.560,-0.408,0.577,-0.434,1374996224.000,0.001,25429,26988,1,-6,63,14.130,240.910,25773,26595,1366,1419,0
147237,-0.573,-0.436,-0.301,-0.044,-0.300,-0.317,-0.560,-0.412,0.582,-0.422,1374996224.000,0.005,25841,26594,-3,-5,63,14.130,240.910,25773,26595,1366,1419,0
147337,-0.434,-0.336,-0.475,0.246,-0.476,-0.377,-0.552,-0.436,0.582,-0.408,1374996224.000,0.007,25960,26478,-16,-5,63,14.140,148.750,26109,26666,1336,1317,0
147437,0.050,0.277,-0.576,0.104,-0.256,-0.216,-0.545,-0.455,0.582,-0.395,1374996224.000,0.000,26288,26152,-22,11,63,14.140,148.750,26109,26666,1336,1317,0
147537,0.061,0.280,-0.776,0.019,0.224,0.031,-0.545,-0.459,0.580,-0.396,1374996224.000,0.000,25913,26524,-1,-4,63,14.140,148.750,26109,26666,1336,1317,0
147637,0.152,-0.043,-0.555,0.108,0.224,0.039,-0.552,-0.452,0.572,-0.403,1465192320.000,0.002,26899,27233,-1,-15,63,14.160,220.430,25773,26666,1387,1342,0
147737,0.113,0.070,-0.450,-0.009,-0.141,0.112,-0.549,-0.451,0.572,-0.409,1374996224.000,0.001,25924,26513,-11,7,63,14.160,220.430,25773,26666,1387,1342,0
147837,0.077,0.228,-0.449,-0.030,0.032,0.090,-0.545,-0.449,0.580,-0.406,1374996224.000,0.001,25937,26501,-6,-3,63,14.120,251.150,26041,26666,1327,1335,0
147937,0.048,-0.225,-0.436,-0.017,0.334,0.063,-0.551,-0.442,0.574,-0.414,1418917760.000,0.001,26363,26906,14,-20,63,14.120,251.150,26041,26666,1327,1335,0
148037,0.025,-0.473,-0.378,-0.196,-0.313,0.054,-0.554,-0.436,0.576,-0.413,1374996224.000,0.001,25931,26507,1,3,64,14.210,158.990,25773,26666,1384,1327,0
148137,0.015,0.194,-0.378,0.063,-0.492,0.024,-0.540,-0.443,0.593,-0.401,1374996224.000,0.000,25938,26499,-28,13,64,14.210,158.990,25773,26666,1384,1327,0
148237,-0.005,0.350,-0.325,0.072,0.362,0.049,-0.536,-0.446,0.593,-0.403,1374996224.000,-0.000,25895,26541,0,-10,64,14.120,158.990,25839,26525,1370,1383,0
148337,-0.026,0.123,-0.268,0.109,0.354,0.060,-0.545,-0.438,0.581,-0.416,1374996224.000,-0.000,25861,26574,-1,-12,64,14.120,158.990,25839,26525,1370,1383,0
148437,-0.053,-0.174,-0.182,0.199,0.104,0.057,-0.547,-0.436,0.574,-0.427,1374996224.000,-0.001,25848,26588,-4,-14,64,14.120,158.990,25839,26525,1370,1383,0
148537,0.007,-0.289,-0.260,0.163,-0.167,0.033,-0.540,-0.441,0.572,-0.432,1374996224.000,-0.003,25943,26494,-6,-7,63,14.150,220.430,25706,26595,1390,1378,0
148637,0.043,-0.228,-0.296,0.032,-0.240,-0.157,-0.535,-0.447,0.577,-0.426,1374996224.000,-0.002,26204,26237,-7,-3,63,14.150,220.430,25706,26595,1390,1378,0
148737,0.109,-0.194,-0.559,0.260,-0.014,-0.126,-0.530,-0.460,0.571,-0.427,1374996224.000,-0.001,26163,26278,-6,-14,63,14.130,240.910,25773,26246,1411,1357,0
148837,0.149,-0.179,-0.621,-0.136,-0.053,-0.084,-0.530,-0.465,0.570,-0.423,1374996224.000,0.000,26158,26283,4,0,63,14.130,240.910,25773,26246,1411,1357,0
148937,0.185,-0.316,-0.589,-0.096,0.002,-0.034,-0.534,-0.463,0.571,-0.418,1374996224.000,0.001,26148,26292,6,-10,64,14.130,210.190,26246,26109,1337,1414,0
149037,0.327,-0.419,-0.587,-0.097,-0.029,0.036,-0.536,-0.461,0.573,-0.416,1374996224.000,-0.002,26259,26181,6,-10,64,14.130,210.190,26246,26109,1337,1414,0
149137,0.450,-0.130,-0.426,-0.082,-0.231,0.177,-0.531,-0.459,0.580,-0.414,1374996224.000,-0.002,26192,26249,-8,5,64,14.130,189.710,26385,26178,1317,1391,0
149237,0.386,-0.041,-0.491,-0.117,-0.041,0.200,-0.525,-0.453,0.591,-0.412,1374996224.000,-0.002,26151,26289,-1,-2,64,14.130,189.710,26385,26178,1317,1391,0
149337,0.302,-0.073,-0.484,-0.031,0.180,0.241,-0.524,-0.443,0.594,-0.419,1374996224.000,-0.006,26037,26402,4,-11,64,14.090,169.230,25974,26246,1405,1400,0
149437,0.276,-0.097,-0.459,-0.146,0.008,0.274,-0.524,-0.431,0.599,-0.425,1374996224.000,-0.010,26004,26434,1,-1,64,14.090,169.230,25974,26246,1405,1400,0
149537,0.186,-0.066,-0.702,-0.080,-0.126,0.224,-0.519,-0.422,0.610,-0.425,1374996224.000,-0.013,25999,26440,-6,-2,64,14.140,128.270,25974,26809,1367,1288,0
149637,0.111,-0.037,-0.711,0.262,-0.094,0.157,-0.510,-0.422,0.614,-0.431,1374996224.000,-0.017,26004,26435,-14,-12,64,14.140,128.270,25974,26809,1367,1288,0
149737,0.061,-0.018,-0.785,0.229,-0.086,0.081,-0.500,-0.426,0.614,-0.438,1374996224.000,-0.018,26039,26400,-10,-8,64,14.120,138.510,25974,26315,1382,1403,0
149837,-0.031,0.147,-0.495,0.123,-0.054,-0.187,-0.497,-0.431,0.613,-0.438,1374996224.000,-0.013,26244,26197,-12,-2,64,14.120,138.510,25974,26315,1382,1403,0
149937,-0.364,0.358,-0.506,0.053,0.126,-0.227,-0.497,-0.442,0.603,-0.440,1374996224.000,-0.009,25849,26587,-7,3,64,14.140,138.510,25641,26881,1384,1367,0
150037,-0.211,0.290,-0.423,0.081,0.376,-0.477,-0.513,-0.448,0.590,-0.434,1374996224.000,-0.004,26372,26068,-3,-11,64,14.140,138.510,25641,26881,1384,1367,0
150137,-0.055,0.180,-0.433,-0.024,0.266,-0.328,-0.531,-0.454,0.568,-0.435,1374996224.000,-0.000,26319,26121,2,-2,64,14.140,138.510,25641,26881,1384,1367,0
150237,0.153,0.117,-0.543,-0.269,0.203,-0.261,-0.546,-0.453,0.560,-0.427,1374996224.000,0.001,26475,25963,6,1,64,14.120,118.030,26385,26246,1369,1329,0
150337,0.858,-0.065,-0.580,0.114,0.244,0.096,-0.557,-0.451,0.552,-0.426,1374996224.000,-0.002,26764,25665,-1,-17,64,14.120,118.030,26385,26246,1369,1329,0
150437,0.753,-0.120,-0.585,-0.736,-0.014,0.402,-0.560,-0.434,0.559,-0.431,1374996224.000,-0.004,26334,26106,20,20,64,14.100,148.750,26525,25839,1388,1376,0
150537,0.611,-0.116,-0.540,-0.216,-0.062,0.349,-0.563,-0.409,0.581,-0.423,1374996224.000,-0.005,26344,26096,-4,-6,64,14.100,148.750,26525,25839,1388,1376,0
150637,0.473,-0.170,-0.515,-0.442,0.006,0.359,-0.559,-0.393,0.593,-0.427,1374996224.000,-0.010,26239,26202,13,4,64,14.170,158.990,26525,25906,1311,1424,0
150737,0.285,-0.282,-0.585,-0.544,-0.056,0.238,-0.562,-0.369,0.611,-0.419,1374996224.000,-0.018,26217,26223,14,2,64,14.170,158.990,26525,25906,1311,1424,0
150837,0.144,-0.251,-0.543,-0.343,-0.100,0.100,-0.564,-0.354,0.624,-0.410,1374996224.000,-0.019,26254,26186,5,-1,64,14.170,210.190,26315,26315,1350,1333,0
150937,-0.406,0.136,-0.432,-0.567,-0.113,-0.057,-0.565,-0.344,0.635,-0.397,1374996224.000,-0.006,25773,26660,4,19,64,14.170,210.190,26315,26315,1350,1333,0
151037,-0.363,0.177,-0.324,-0.316,0.381,-0.374,-0.582,-0.334,0.640,-0.375,1374996224.000,-0.004,26329,26111,8,-9,64,14.170,210.190,26315,26315,1350,1333,0
151137,-0.157,-0.328,-0.437,-0.054,0.206,-0.254,-0.604,-0.334,0.623,-0.367,1374996224.000,-0.005,26366,26074,12,-18,64,14.120,118.030,26246,25839,1409,1418,0
151237,-0.026,-0.742,-0.612,-0.333,-0.282,-0.067,-0.609,-0.334,0.624,-0.358,1374996224.000,-0.010,26222,26219,16,-3,64,14.120,118.030,26246,25839,1409,1418,0
151337,0.001,-0.584,-0.560,0.044,-0.719,0.012,-0.596,-0.338,0.643,-0.342,1429898240.000,-0.010,26708,26769,-13,-2,64,14.160,138.510,26041,25974,1407,1432,0
151437,-0.009,-0.418,-0.352,0.110,-0.356,0.059,-0.574,-0.350,0.659,-0.337,1469113856.000,-0.011,27023,27182,0,-10,64,14.160,138.510,26041,25974,1407,1432,0
151537,-0.030,-0.345,-0.133,0.023,-0.221,0.042,-0.566,-0.353,0.665,-0.336,1454211968.000,-0.012,26898,27032,1,-7,64,14.160,138.510,26041,25974,1407,1432,0
151637,-0.052,-0.269,-0.098,0.103,-0.310,0.052,-0.555,-0.357,0.672,-0.335,1374996224.000,-0.014,26113,26327,-6,-5,64,14.110,627.460,26525,26525,1289,1319,0
151737,-0.238,0.562,-0.129,0.090,-0.233,0.024,-0.543,-0.363,0.679,-0.335,1374996224.000,-0.007,25932,26505,-21,13,64,14.110,627.460,26525,26525,1289,1319,0
151837,-0.220,0.514,-0.357,0.182,0.650,-0.162,-0.548,-0.364,0.673,-0.338,1374996224.000,-0.006,26214,26226,3,-20,63,14.120,107.790,26385,26246,1307,1383,0
151937,-0.147,0.116,-0.393,-0.050,0.364,-0.250,-0.569,-0.365,0.650,-0.348,1374996224.000,-0.004,26337,26103,8,-5,63,14.120,107.790,26385,26246,1307,1383,0
152037,0.016,-0.390,-0.787,-0.202,-0.279,-0.201,-0.578,-0.366,0.647,-0.336,1374996224.000,-0.003,26395,26044,3,3,63,14.120,107.790,26385,26246,1307,1383,0
152137,0.094,-0.249,-1.375,-0.072,-0.327,-0.164,-0.571,-0.375,0.656,-0.320,1374996224.000,0.001,26426,26012,-3,0,64,14.130,128.270,26315,25773,1411,1415,0
152237,0.182,-0.046,-1.542,-0.023,-0.063,-0.039,-0.567,-0.381,0.661,-0.311,1374996224.000,0.003,26385,26054,-1,-3,64,14.130,128.270,26315,25773,1411,1415,0
152337,0.290,0.479,-1.315,-0.236,0.150,0.050,-0.570,-0.377,0.662,-0.308,1374996224.000,0.006,26446,25993,-5,15,64,14.140,118.030,26178,26109,1457,1338,0
152437,0.248,0.450,-1.050,-0.270,0.480,0.119,-0.585,-0.360,0.659,-0.307,1374996224.000,0.005,26408,26031,10,-3,64,14.140,118.030,26178,26109,1457,1338,0
152537,0.440,0.210,-0.943,-0.110,0.627,0.154,-0.604,-0.344,0.646,-0.316,1374996224.000,0.004,26495,25942,11,-13,64,14.140,118.030,26178,26109,1457,1338,0
152637,-0.043,0.141,-0.903,-0.777,0.257,0.198,-0.621,-0.318,0.644,-0.315,1434604032.000,-0.000,26478,27084,23,19,64,14.100,66.830,26315,26315,1407,1291,0
152737,-0.033,0.045,-0.734,-0.040,0.371,-0.081,-0.638,-0.298,0.642,-0.303,1553035392.000,0.000,27985,27747,-2,-21,64,14.100,66.830,26315,26315,1407,1291,0
152837,-0.014,-0.017,-0.599,-0.404,0.054,-0.024,-0.646,-0.295,0.635,-0.303,1423623680.000,0.000,26734,26626,13,11,64,14.100,66.830,26315,26315,1407,1291,0
152937,-0.023,-0.120,-0.622,-0.254,0.096,0.032,-0.654,-0.278,0.642,-0.288,1545976576.000,0.000,27790,27816,8,-8,64,14.140,627.460,26809,26595,1377,1411,0
153037,0.028,-0.537,-0.939,-0.037,-0.117,0.034,-0.655,-0.277,0.641,-0.290,1418133504.000,-0.002,26694,26562,10,-12,64,14.140,627.460,26809,26595,1377,1411,0
153137,0.070,-0.167,-0.779,-0.379,-0.564,0.111,-0.644,-0.272,0.659,-0.277,1447937408.000,-0.002,26913,26900,-4,21,64,14.140,179.470,26109,26178,1391,1369,0
153237,0.216,-0.148,-0.501,0.146,-0.116,0.181,-0.632,-0.268,0.673,-0.275,1485584512.000,-0.005,27363,27145,-3,-15,64,14.140,179.470,26109,26178,1391,1369,0
153337,0.141,-0.275,-0.327,-0.276,-0.269,0.333,-0.623,-0.263,0.680,-0.285,1374996224.000,-0.012,26043,26396,11,9,64,14.140,179.470,26109,26178,1391,1369,0
153437,-0.274,0.319,-0.367,-0.243,-0.399,0.196,-0.609,-0.251,0.700,-0.277,1374996224.000,-0.005,25766,26667,-13,21,64,14.080,128.270,26315,26315,1161,1526,0
153537,-0.330,0.359,-0.480,0.197,0.312,-0.082,-0.608,-0.252,0.699,-0.278,1374996224.000,-0.005,26072,26367,-3,-14,64,14.080,128.270,26315,26315,1161,1526,0
153637,-0.289,0.278,-0.472,-0.152,0.172,-0.110,-0.619,-0.252,0.689,-0.279,1516957056.000,-0.003,27422,27659,4,6,64,14.080,128.270,26315,26315,1161,1526,0
153737,-0.230,0.198,-0.173,0.088,0.152,-0.193,-0.627,-0.254,0.684,-0.274,1389113856.000,-0.002,26381,26328,-4,-9,66,13.990,473.860,27322,27624,1492,1473,0
153837,-0.146,0.101,-0.172,0.102,0.098,-0.239,-0.633,-0.263,0.675,-0.274,1381270784.000,-0.001,26387,26172,-1,-4,66,13.990,473.860,27322,27624,1492,1473,0
153937,-0.118,-0.116,-0.130,-0.158,-0.006,-0.219,-0.637,-0.269,0.672,-0.266,1482447232.000,-0.001,27297,27154,9,0,65,13.970,13.070,27322,27397,1433,1398,0
154037,-0.263,-0.375,0.063,-0.132,-0.176,-0.362,-0.639,-0.275,0.673,-0.252,1374996224.000,0.007,26400,26039,4,-3,65,13.970,13.070,27322,27397,1433,1398,0
154137,-0.032,-0.270,-0.091,0.062,-0.544,-0.323,-0.630,-0.293,0.680,-0.235,1374996224.000,0.009,26497,25940,-11,4,65,14.100,118.030,26385,25773,1414,1386,0
154237,0.274,0.298,-0.073,-0.097,-0.182,-0.078,-0.620,-0.302,0.690,-0.222,1374996224.000,0.005,26498,25940,-7,11,65,14.100,118.030,26385,25773,1414,1386,0
154337,0.290,0.366,-0.297,-0.161,0.282,0.008,-0.626,-0.296,0.688,-0.217,1374996224.000,0.003,26462,25976,4,0,65,14.100,118.030,26385,25773,1414,1386,0
154437,0.279,0.274,-0.708,-0.131,0.304,0.072,-0.638,-0.288,0.680,-0.218,1374996224.000,0.002,26406,26033,5,-1,65,14.100,66.830,26109,26109,1473,1320,0
154537,0.245,-0.029,-1.053,-0.212,0.299,0.134,-0.649,-0.276,0.674,-0.220,1374996224.000,0.003,26332,26108,16,-7,65,14.100,66.830,26109,26109,1473,1320,0
154637,0.182,-0.538,-0.940,-0.268,0.031,0.198,-0.657,-0.260,0.672,-0.220,1374996224.000,0.005,26231,26209,19,-9,65,14.100,13.070,26315,26455,1369,1293,0
154737,0.111,-0.212,-0.763,-0.153,-0.704,0.197,-0.641,-0.252,0.693,-0.214,1374996224.000,0.003,26187,26253,-15,19,65,14.100,13.070,26315,26455,1369,1293,0
154837,0.044,0.188,-0.532,-0.119,-0.156,0.184,-0.627,-0.246,0.709,-0.210,1374996224.000,0.001,26154,26286,-4,7,65,14.120,33.550,26178,26041,1373,1427,0
154937,0.040,0.139,-0.388,0.101,0.203,0.182,-0.630,-0.236,0.708,-0.213,1374996224.000,-0.000,26167,26273,-1,-13,65,14.120,33.550,26178,26041,1373,1427,0
155037,0.011,-0.041,-0.810,-0.244,0.038,0.292,-0.633,-0.223,0.707,-0.222,1374996224.000,-0.004,26017,26422,10,7,65,14.100,46.350,25839,26178,1408,1357,0
155137,0.050,0.163,-0.966,-0.050,-0.160,0.181,-0.629,-0.208,0.716,-0.218,1374996224.000,-0.003,26203,26238,-11,5,65,14.100,46.350,25839,26178,1408,1357,0
155237,0.078,0.331,-0.884,0.022,0.216,0.229,-0.627,-0.203,0.717,-0.227,1374996224.000,0.000,26108,26332,0,-2,65,14.090,23.310,25906,26455,1426,1330,0
155337,-0.346,0.258,-0.809,-0.374,0.214,0.067,-0.637,-0.186,0.713,-0.227,1374996224.000,-0.005,25862,26573,11,10,65,14.090,23.310,25906,26455,1426,1330,0
155437,-0.314,0.217,-0.651,0.331,0.139,-0.120,-0.642,-0.188,0.708,-0.227,1374996224.000,-0.004,26102,26338,-14,-13,65,14.090,647.940,25906,26385,1424,1364,0
155537,-0.271,0.168,-0.526,-0.067,0.151,-0.126,-0.648,-0.195,0.700,-0.229,1374996224.000,-0.003,26108,26332,5,4,65,14.090,647.940,25906,26385,1424,1364,0
155637,-0.220,0.132,-0.601,0.078,0.131,-0.141,-0.654,-0.197,0.695,-0.225,1374996224.000,-0.002,26156,26285,-2,-5,65,14.090,647.940,25906,26385,1424,1364,0
155737,-0.233,0.095,-0.759,0.077,0.086,-0.159,-0.659,-0.206,0.688,-0.225,1374996224.000,-0.001,26120,26320,-1,-2,65,14.100,23.310,26178,26315,1370,1360,0
155837,-0.414,-0.077,-0.708,-0.178,0.000,-0.324,-0.663,-0.210,0.685,-0.217,1374996224.000,0.000,26120,26320,8,3,65,14.100,23.310,26178,26315,1370,1360,0
155937,-0.518,-0.376,-0.670,-0.214,-0.172,-0.740,-0.668,-0.219,0.685,-0.189,1374996224.000,0.013,26565,25871,8,-2,65,14.100,56.590,25706,26737,1339,1397,0
156037,0.233,0.210,-0.622,0.150,-0.476,-0.410,-0.661,-0.245,0.689,-0.167,1374996224.000,0.001,26718,25713,-17,20,65,14.100,56.590,25706,26737,1339,1397,0
156137,0.408,0.258,-0.431,-0.656,0.143,-0.139,-0.660,-0.244,0.695,-0.146,1374996224.000,0.002,26653,25780,21,16,65,14.100,23.310,26737,25773,1373,1352,0
156237,0.575,-0.040,-0.212,-0.078,-0.099,0.053,-0.669,-0.234,0.693,-0.133,1374996224.000,0.008,26640,25794,-3,-1,65,14.100,23.310,26737,25773,1373,1352,0
156337,0.553,0.038,-0.101,-0.388,-0.322,0.271,-0.661,-0.224,0.705,-0.128,1374996224.000,0.008,26409,26030,2,20,65,14.100,637.700,26385,25906,1422,1366,0
156437,0.621,0.128,-0.161,-0.009,-0.062,0.459,-0.655,-0.203,0.717,-0.126,1374996224.000,0.008,26367,26073,-7,-2,65,14.100,637.700,26385,25906,1422,1366,0
156537,0.425,0.164,-0.315,-0.032,-0.017,0.676,-0.650,-0.183,0.723,-0.146,1374996224.000,0.004,25957,26480,-2,5,65,14.130,2.830,26246,26666,1297,1327,0
156637,-0.070,0.334,-0.522,-0.068,0.148,0.534,-0.647,-0.157,0.729,-0.162,1298917760.000,-0.001,24941,26017,-1,4,65,14.130,2.830,26246,26666,1297,1327,0
156737,-0.302,0.226,-0.604,0.256,0.420,0.293,-0.654,-0.143,0.719,-0.185,1374996224.000,-0.004,25750,26682,0,-13,65,14.130,2.830,26246,26666,1297,1327,0
156837,-0.392,0.148,-0.439,0.004,0.132,0.139,-0.661,-0.138,0.711,-0.198,1374996224.000,-0.004,25819,26615,1,4,65,14.070,97.550,25974,26666,1301,1404,0
156937,-0.423,0.099,-0.361,0.124,0.251,0.014,-0.665,-0.135,0.706,-0.202,1374996224.000,-0.003,25872,26564,1,-8,65,14.070,97.550,25974,26666,1301,1404,0
157037,-0.421,0.012,-0.299,0.142,0.268,-0.041,-0.674,-0.138,0.695,-0.210,1374996224.000,-0.001,25887,26549,4,-8,65,14.110,33.550,25773,26455,1328,1413,0
157137,-0.390,-0.049,-0.275,0.040,0.098,-0.116,-0.681,-0.142,0.687,-0.212,1374996224.000,-0.000,25955,26482,3,-2,65,14.110,33.550,25773,26455,1328,1413,0
157237,-0.651,0.061,-0.528,-0.249,-0.053,-0.216,-0.683,-0.145,0.685,-0.206,1479309952.000,0.001,26720,27665,5,14,65,14.050,627.460,26385,27173,1394,1498,0
157337,-0.520,-0.060,-0.344,0.124,0.141,-0.422,-0.688,-0.152,0.683,-0.191,1374996224.000,0.001,26242,26198,2,-14,65,14.050,627.460,26385,27173,1394,1498,0
157437,-0.103,-0.184,-0.338,0.110,-0.059,-0.306,-0.694,-0.170,0.675,-0.182,1374996224.000,0.000,26312,26128,1,-4,65,14.050,627.460,26385,27173,1394,1498,0
157537,0.036,-0.331,-0.295,-0.191,-0.394,-0.110,-0.689,-0.177,0.682,-0.173,1374996224.000,0.000,26183,26258,4,11,65,14.100,107.780,26666,26041,1328,1419,0
157637,0.078,-0.015,-0.253,0.106,-0.434,-0.126,-0.676,-0.181,0.696,-0.162,1455780480.000,0.001,27063,26895,-18,7,65,14.100,107.780,26666,26041,1328,1419,0
157737,0.105,0.230,-0.111,0.031,0.012,-0.017,-0.666,-0.191,0.703,-0.163,1417349120.000,0.001,26576,26666,0,3,65,14.010,473.860,27247,27247,1409,1402,0
157837,0.107,0.052,-0.112,0.023,0.180,0.006,-0.672,-0.189,0.698,-0.163,1374996224.000,0.001,26185,26255,4,-6,65,14.010,473.860,27247,27247,1409,1402,0
157937,-0.035,-0.286,-0.192,-0.070,-0.163,-0.048,-0.674,-0.190,0.695,-0.164,1374996224.000,0.004,26134,26306,4,2,65,14.080,13.070,26041,26595,1377,1314,0
158037,0.042,0.218,-0.480,0.069,-0.358,-0.001,-0.662,-0.193,0.708,-0.158,1374996224.000,0.000,26124,26316,-17,10,65,14.080,13.070,26041,26595,1377,1314,0
158137,-0.016,0.280,-0.507,-0.039,0.234,0.058,-0.659,-0.194,0.709,-0.161,1374996224.000,-0.001,26011,26428,5,0,65,14.080,13.070,26041,26595,1377,1314,0
158237,-0.167,0.214,-0.486,-0.102,0.138,0.023,-0.667,-0.188,0.702,-0.162,1374996224.000,-0.002,25917,26520,1,5,65,14.110,2.830,25773,26666,1412,1328,0
158337,-0.236,0.106,-0.422,0.068,-0.021,-0.074,-0.670,-0.187,0.701,-0.160,1374996224.000,-0.001,25998,26440,-7,0,65,14.110,2.830,25773,26666,1412,1328,0
158437,-0.222,-0.127,-0.543,0.058,-0.049,-0.042,-0.668,-0.192,0.701,-0.161,1374996224.000,0.004,25943,26495,2,-3,65,14.080,2.830,25839,26246,1391,1441,0
158537,-0.300,-0.096,-0.607,-0.057,-0.191,-0.041,-0.665,-0.194,0.704,-0.158,1374996224.000,0.005,25805,26629,-1,6,65,14.080,2.830,25839,26246,1391,1441,0
158637,-0.270,-0.036,-0.498,0.119,-0.164,-0.132,-0.658,-0.198,0.710,-0.153,1374996224.000,0.004,25999,26440,-7,-2,65,14.080,2.830,25839,26246,1391,1441,0
158737,-0.227,0.022,-0.603,0.259,-0.051,-0.120,-0.654,-0.210,0.710,-0.155,1374996224.000,0.004,25987,26452,-8,-5,65,14.100,606.980,26178,26666,1317,1323,0
158837,-0.168,0.139,-0.626,0.247,-0.040,-0.113,-0.650,-0.222,0.709,-0.160,1374996224.000,0.002,26029,26410,-10,0,65,14.100,606.980,26178,26666,1317,1323,0
158937,0.072,0.358,-0.842,0.288,0.119,-0.066,-0.649,-0.234,0.705,-0.166,1374996224.000,-0.001,26211,26229,-11,-1,65,14.100,606.980,26178,26666,1317,1323,0
159037,0.163,0.272,-0.586,0.201,0.489,0.148,-0.657,-0.238,0.691,-0.184,1433819776.000,0.000,26553,26996,7,-10,65,14.100,13.070,26525,26525,1441,1409,0
159137,0.087,0.134,-0.325,-0.057,0.343,0.208,-0.669,-0.228,0.680,-0.194,1374996224.000,-0.000,25905,26531,7,0,65,14.100,13.070,26525,26525,1441,1409,0
159237,0.009,-0.084,-0.326,0.019,0.130,0.150,-0.674,-0.219,0.676,-0.201,1385192320.000,0.001,26021,26611,3,-7,65,14.100,545.540,25906,26525,1389,1410,0
159337,-0.272,-0.425,-0.326,-0.036,0.100,0.049,-0.677,-0.217,0.672,-0.208,1516172672.000,0.007,27064,27946,13,-10,65,14.100,545.540,25906,26525,1389,1410,0
159437,-0.339,-0.269,-0.148,-0.097,-0.408,-0.197,-0.673,-0.218,0.678,-0.200,1374996224.000,0.006,25987,26452,-6,10,65,14.100,545.540,25906,26525,1389,1410,0
159537,-0.138,0.010,-0.400,0.200,-0.082,-0.194,-0.664,-0.232,0.684,-0.193,1374996224.000,0.001,26151,26289,-8,-5,66,14.080,33.550,26246,26315,1310,1391,0
159637,-0.087,-0.051,-0.498,-0.120,0.136,-0.082,-0.668,-0.238,0.679,-0.192,1374996224.000,0.003,25997,26442,11,0,66,14.080,33.550,26246,26315,1310,1391,0
159737,-0.054,-0.571,-0.738,-0.072,-0.306,-0.093,-0.669,-0.236,0.680,-0.184,1374996224.000,0.016,26060,26379,5,-3,66,14.080,33.550,26246,26315,1310,1391,0
159837,-0.029,-0.457,-0.724,-0.028,-0.672,-0.040,-0.649,-0.244,0.699,-0.175,1374996224.000,0.018,26007,26432,-6,8,65,14.070,576.260,26109,26246,1355,1416,0
159937,0.025,-0.299,-0.773,-0.090,-0.447,0.001,-0.631,-0.247,0.716,-0.166,1374996224.000,0.017,26049,26390,0,5,65,14.070,576.260,26109,26246,1355,1416,0
160037,0.126,-0.033,-0.956,0.001,-0.240,0.103,-0.618,-0.247,0.728,-0.162,1374996224.000,0.011,26053,26386,-9,5,66,14.070,627.460,26041,26595,1376,1323,0
160137,0.200,0.585,-0.898,0.177,0.028,0.271,-0.611,-0.245,0.733,-0.171,1374996224.000,0.004,25882,26554,-17,7,66,14.070,627.460,26041,26595,1376,1323,0
160237,0.088,0.453,-0.749,-0.031,0.690,0.264,-0.625,-0.232,0.722,-0.186,1374996224.000,0.002,25829,26606,12,-8,66,14.070,627.460,26041,26595,1376,1323,0
160337,0.002,-0.002,-0.572,0.194,0.422,0.189,-0.641,-0.222,0.707,-0.201,1379702144.000,-0.000,25885,26639,5,-18,65,14.080,566.020,25906,26525,1341,1407,0
160437,-0.273,-0.556,-0.516,0.086,0.219,0.119,-0.649,-0.219,0.696,-0.216,1404800128.000,0.002,25864,27126,19,-20,65,14.080,566.020,25906,26525,1341,1407,0
160537,-0.266,-0.497,-0.458,-0.122,-0.582,-0.088,-0.644,-0.216,0.704,-0.208,1374996224.000,0.002,25884,26552,-6,11,66,14.100,555.780,25906,26737,1399,1394,0
160637,-0.128,0.022,-0.319,0.163,-0.369,-0.093,-0.625,-0.229,0.719,-0.203,1374996224.000,-0.001,26032,26407,-18,7,66,14.100,555.780,25906,26737,1399,1394,0
160737,0.003,0.456,-0.475,0.067,0.021,-0.050,-0.619,-0.236,0.721,-0.202,1374996224.000,0.000,26027,26412,-11,9,66,14.100,555.780,25906,26737,1399,1394,0
160837,-0.005,0.363,-0.526,0.079,0.558,0.023,-0.629,-0.235,0.711,-0.209,1393035392.000,-0.000,26085,26694,7,-11,66,14.070,596.740,26178,26041,1319,1486,0
160937,-0.010,0.213,-0.373,0.073,0.407,-0.006,-0.646,-0.232,0.694,-0.218,1444800128.000,-0.000,26613,27140,2,-6,66,14.070,596.740,26178,26041,1319,1486,0
161037,-0.199,-0.393,-0.317,-0.123,0.109,-0.002,-0.655,-0.228,0.686,-0.219,1374996224.000,0.003,25671,26759,18,-11,66,14.060,453.380,26455,26666,1230,1346,0
161137,-0.294,-0.610,-0.250,-0.119,-0.191,-0.267,-0.658,-0.225,0.687,-0.209,1374996224.000,0.010,26018,26421,8,-6,66,14.060,453.380,26455,26666,1230,1346,0
161237,-0.182,-0.157,-0.375,0.170,-0.671,-0.247,-0.641,-0.245,0.699,-0.199,1374996224.000,0.006,26021,26418,-22,13,66,14.110,586.500,26041,26041,1381,1448,0
161337,0.115,0.403,-0.421,0.033,0.034,-0.131,-0.630,-0.256,0.708,-0.189,1374996224.000,0.001,26140,26300,-5,-2,66,14.110,586.500,26041,26041,1381,1448,0
161437,0.145,0.182,-0.379,0.041,0.677,-0.030,-0.646,-0.256,0.692,-0.197,1417349120.000,0.002,26500,26741,17,-18,66,14.110,566.020,25839,26315,1418,1395,0
161537,0.157,-0.210,-0.253,-0.102,0.219,0.019,-0.662,-0.250,0.678,-0.201,1421270784.000,0.005,26498,26816,12,-5,66,14.110,566.020,25839,26315,1418,1395,0
161637,0.122,-0.516,-0.193,0.172,-0.267,0.117,-0.658,-0.249,0.682,-0.200,1374996224.000,0.009,25907,26530,-5,-10,66,14.000,504.580,26881,26737,1420,1389,0
161737,0.061,-0.404,-0.167,-0.238,-0.230,0.161,-0.647,-0.246,0.693,-0.203,1374996224.000,0.007,25867,26568,13,5,66,14.000,504.580,26881,26737,1420,1389,0
161837,0.111,0.228,-0.328,-0.072,-0.112,0.101,-0.642,-0.237,0.702,-0.197,1437741312.000,0.002,26590,27032,-11,9,66,14.090,617.220,26315,26178,1307,1443,0
161937,0.091,0.248,-0.256,-0.138,0.430,0.036,-0.648,-0.231,0.698,-0.198,1549898240.000,0.001,27664,28011,12,-5,66,14.090,617.220,26315,26178,1307,1443,0
162037,0.081,-0.197,-0.119,-0.137,0.357,0.040,-0.666,-0.219,0.685,-0.198,1433035392.000,0.001,26557,26977,18,-15,66,13.990,371.460,27855,27932,1440,1528,0
162137,0.057,-0.528,0.117,-0.071,-0.261,0.066,-0.667,-0.215,0.685,-0.199,1374996224.000,0.002,25957,26481,7,-5,66,13.990,371.460,27855,27932,1440,1528,0
162237,0.037,-0.410,0.025,-0.111,-0.514,0.040,-0.653,-0.213,0.701,-0.191,1374996224.000,0.001,25981,26457,-2,5,66,14.100,606.980,25974,26315,1365,1417,0
162337,0.027,-0.260,-0.413,0.196,-0.480,0.013,-0.633,-0.220,0.718,-0.189,1374996224.000,0.001,25988,26450,-11,-4,66,14.100,606.980,25974,26315,1365,1417,0
162437,0.006,0.023,-0.423,0.311,-0.316,0.026,-0.620,-0.229,0.725,-0.194,1374996224.000,0.000,25952,26485,-16,1,66,14.100,606.980,25974,26315,1365,1417,0
162537,-0.027,0.368,-0.333,0.298,-0.152,0.024,-0.606,-0.239,0.731,-0.203,1374996224.000,-0.001,25928,26510,-18,5,66,14.100,514.820,25773,26455,1403,1393,0
162637,-0.051,0.404,-0.287,0.431,0.372,-0.022,-0.604,-0.249,0.726,-0.216,1374996224.000,-0.001,25967,26471,-5,-17,66,14.100,514.820,25773,26455,1403,1393,0
162737,0.065,0.042,-0.404,0.328,0.471,-0.014,-0.617,-0.257,0.706,-0.235,1374996224.000,-0.002,26084,26355,7,-20,66,14.050,535.300,26109,26246,1367,1410,0
162837,0.055,-0.038,-0.624,0.044,0.107,0.048,-0.625,-0.258,0.694,-0.246,1374996224.000,-0.002,25969,26469,3,-1,66,14.050,535.300,26109,26246,1367,1410,0
162937,0.029,0.143,-0.589,0.319,0.173,0.010,-0.626,-0.260,0.691,-0.253,1374996224.000,-0.001,26000,26439,-8,-12,66,14.060,504.580,26041,26737,1353,1316,0
163037,-0.105,0.163,-0.581,0.237,0.457,-0.040,-0.633,-0.266,0.676,-0.269,1374996224.000,-0.001,25913,26524,5,-14,66,14.060,504.580,26041,26737,1353,1316,0
163137,-0.078,-0.337,-0.423,0.052,0.290,-0.096,-0.647,-0.265,0.660,-0.275,1374996224.000,-0.001,26015,26423,16,-18,66,14.090,535.300,26178,26525,1327,1354,0
163237,-0.040,-0.349,-0.710,0.120,-0.184,-0.091,-0.650,-0.271,0.655,-0.276,1374996224.000,-0.001,26030,26409,-2,-5,66,14.090,535.300,26178,26525,1327,1354,0
163337,-0.008,-0.125,-1.130,0.131,-0.068,-0.076,-0.642,-0.280,0.659,-0.274,1374996224.000,-0.000,26045,26394,-1,-8,66,14.090,535.300,26178,26525,1327,1354,0
163437,0.015,-0.150,-1.012,0.158,0.144,-0.028,-0.642,-0.286,0.655,-0.278,1374996224.000,0.000,26002,26437,5,-14,66,14.060,535.300,25974,26315,1389,1403,0
163537,0.015,-0.302,-1.031,-0.009,-0.131,0.006,-0.643,-0.287,0.652,-0.281,1374996224.000,0.000,25986,26453,3,-3,66,14.060,535.300,25974,26315,1389,1403,0
163637,0.014,-0.373,-1.054,0.256,-0.263,0.004,-0.635,-0.293,0.658,-0.281,1374996224.000,0.000,25985,26453,-6,-13,66,14.070,566.020,25906,26315,1391,1414,0
163737,0.002,-0.415,-1.001,0.217,-0.247,0.037,-0.623,-0.304,0.662,-0.286,1374996224.000,0.000,25940,26497,0,-11,66,14.070,566.020,25906,26315,1391,1414,0
163837,-0.019,-0.329,-0.699,0.049,-0.337,0.048,-0.611,-0.310,0.669,-0.287,1374996224.000,-0.001,25917,26520,-1,-2,66,14.060,514.820,25974,26525,1350,1384,0
163937,-0.041,-0.240,-0.598,0.186,-0.224,0.033,-0.599,-0.316,0.677,-0.287,1374996224.000,-0.002,25919,26518,-11,-6,66,14.060,514.820,25974,26525,1350,1384,0
164037,-0.057,0.300,-0.422,0.278,-0.106,-0.014,-0.590,-0.325,0.678,-0.294,1374996224.000,-0.001,25952,26486,-17,1,66,14.060,514.820,25974,26525,1350,1384,0
164137,-0.051,0.355,-0.571,0.080,0.384,-0.046,-0.592,-0.329,0.671,-0.300,1374996224.000,-0.001,25983,26456,4,-8,66,14.070,514.820,26109,26666,1331,1331,0
164237,-0.041,0.207,-0.629,0.138,0.490,-0.030,-0.608,-0.326,0.654,-0.310,1335780480.000,-0.000,25583,26101,5,-14,66,14.070,514.820,26109,26666,1331,1331,0
164337,-0.027,-0.034,-0.799,0.068,0.184,-0.038,-0.617,-0.325,0.643,-0.317,1346760960.000,-0.000,25713,26184,3,-9,66,14.060,637.700,25706,26246,1346,1342,0
164437,-0.018,-0.098,-0.871,0.069,-0.060,-0.019,-0.617,-0.327,0.640,-0.319,1374996224.000,-0.000,25973,26465,-2,-5,66,14.060,637.700,25706,26246,1346,1342,0
164537,-0.008,-0.336,-0.794,0.211,-0.026,-0.036,-0.614,-0.333,0.639,-0.321,1230682496.000,-0.000,24578,25032,3,-19,66,14.060,637.700,25706,26246,1346,1342,0
164637,0.008,-0.326,-0.808,0.076,-0.236,-0.019,-0.609,-0.341,0.638,-0.324,1374996224.000,0.000,25989,26450,2,-2,66,14.150,169.230,24570,24937,1342,1361,0
164737,0.004,-0.406,-0.788,0.022,-0.250,0.053,-0.602,-0.344,0.646,-0.320,1374996224.000,0.000,25902,26534,4,-9,66,14.150,169.230,24570,24937,1342,1361,0
164837,-0.017,-0.473,-0.596,0.159,-0.244,0.026,-0.592,-0.349,0.651,-0.321,1374996224.000,-0.001,25941,26496,1,-14,66,14.070,525.060,25906,26385,1372,1418,0
164937,-0.034,-0.360,-0.456,0.048,-0.501,0.034,-0.578,-0.357,0.661,-0.318,1374996224.000,-0.002,25911,26525,-6,-2,66,14.070,525.060,25906,26385,1372,1418,0
165037,-0.050,-0.246,-0.418,0.233,-0.280,0.008,-0.562,-0.366,0.670,-0.317,1374996224.000,-0.003,25923,26514,-6,-11,66,14.070,525.060,25906,26385,1372,1418,0
165137,0.256,0.102,-0.307,0.159,-0.186,0.028,-0.552,-0.375,0.672,-0.320,1374996224.000,-0.002,26256,26185,-11,1,66,14.100,535.300,26041,26666,1395,1281,0
165237,0.267,0.249,-0.266,0.017,0.116,0.200,-0.546,-0.375,0.675,-0.325,1374996224.000,-0.001,25985,26454,0,-3,66,14.100,535.300,26041,26666,1395,1281,0
165337,0.203,0.143,-0.380,0.044,0.383,0.230,-0.552,-0.363,0.671,-0.337,1374996224.000,-0.006,25919,26518,6,-14,66,14.090,525.060,25839,26666,1382,1347,0
165437,-0.285,0.398,-0.197,-0.066,0.274,0.144,-0.559,-0.350,0.666,-0.348,1374996224.000,-0.006,25440,26978,-3,3,66,14.090,525.060,25839,26666,1382,1347,0
165537,-0.257,0.314,-0.148,-0.027,0.454,-0.174,-0.573,-0.341,0.660,-0.345,1374996224.000,-0.005,25987,26451,3,-13,66,14.090,525.060,25839,26666,1382,1347,0
165637,-0.317,-0.595,-0.344,0.094,0.276,-0.117,-0.590,-0.343,0.639,-0.356,1374996224.000,-0.005,25735,26696,21,-27,66,14.080,494.340,25839,26666,1394,1338,0
165737,-0.263,-0.351,-0.308,-0.172,-0.720,-0.203,-0.586,-0.348,0.648,-0.341,1374996224.000,-0.003,25948,26489,-13,16,66,14.080,494.340,25839,26666,1394,1338,0
165837,-0.163,0.141,-0.241,0.504,-0.141,-0.138,-0.568,-0.369,0.655,-0.336,1374996224.000,-0.003,25931,26506,-20,-16,66,14.080,494.340,25839,26666,1394,1338,0
165937,-0.068,0.330,-0.273,0.170,0.321,-0.034,-0.569,-0.377,0.641,-0.349,1374996224.000,-0.001,25876,26560,3,-8,66,14.070,463.620,26109,26595,1318,1362,0
166037,-0.063,0.233,-0.279,0.139,0.320,-0.083,-0.578,-0.376,0.631,-0.357,1374996224.000,-2.001,25994,26445,-63,-75,66,14.070,463.620,26109,26595,1318,1362,0
166137,-0.014,0.161,-0.490,-2.350,0.264,0.001,-0.603,-0.348,0.637,-0.331,1374996224.000,-0.000,25896,26540,109,97,66,14.030,473.860,25839,26315,1381,1445,0
166237,0.055,-0.279,-0.592,-0.391,0.367,-0.297,-0.644,-0.284,0.657,-0.269,1374996224.000,-1.999,26475,25962,-86,-132,66,14.030,473.860,25839,26315,1381,1445,0
166337,0.034,-0.688,-0.902,-0.607,0.002,-0.106,-0.645,-0.313,0.638,-0.281,1374996224.000,0.009,25941,26496,67,30,66,14.030,473.860,25839,26315,1381,1445,0
166437,0.030,-0.641,-0.868,-2.036,-0.551,-0.167,-0.670,-0.231,0.678,-0.197,1374996224.000,0.009,26249,26192,38,37,66,14.050,484.100,25575,26666,1402,1387,0
166537,0.154,-0.519,-0.793,1.233,-0.496,-0.250,-0.649,-0.268,0.683,-0.201,1374996224.000,0.014,26297,26143,-41,-46,66,14.050,484.100,25575,26666,1402,1387,0
166637,0.196,-0.387,-0.651,-1.739,-0.474,0.032,-0.643,-0.248,0.706,-0.165,1374996224.000,0.017,26094,26346,53,50,66,14.050,484.100,25575,26666,1402,1387,0
166737,0.190,-0.102,-0.715,1.056,-0.567,0.057,-0.625,-0.248,0.723,-0.157,1466760960.000,0.015,26938,27223,-54,-36,66,14.070,473.860,26315,26455,1340,1328,0
166837,0.273,0.531,-0.431,-0.750,-0.098,0.186,-0.609,-0.250,0.735,-0.160,1374996224.000,0.008,26068,26372,19,36,66,14.070,473.860,26315,26455,1340,1328,0
166937,0.554,0.179,-0.323,0.587,0.443,0.329,-0.624,-0.230,0.728,-0.167,1488721664.000,0.008,27524,27040,-11,-43,66,14.030,473.860,26809,26881,1544,1430,0
167037,0.555,0.060,-0.031,-0.326,-0.251,0.564,-0.620,-0.223,0.729,-0.189,1440094208.000,0.002,26532,27132,7,23,66,14.030,473.860,26809,26881,1544,1430,0
167137,-0.161,0.573,0.087,-0.147,0.181,0.442,-0.615,-0.190,0.742,-0.185,1374996224.000,-0.003,25138,27259,-10,2,66,14.030,473.860,26809,26881,1544,1430,0
167237,-0.238,0.443,-0.022,0.018,0.469,-0.030,-0.629,-0.178,0.732,-0.194,1374996224.000,-0.004,25981,26457,0,-11,66,14.010,535.300,25316,27322,1283,1410,0
167337,-0.148,-0.150,-0.199,-0.042,0.286,-0.084,-0.643,-0.178,0.719,-0.196,1419702144.000,-0.007,26471,26814,17,-18,66,14.010,535.300,25316,27322,1283,1410,0
167437,-0.117,-0.290,-0.188,-0.099,-0.121,-0.061,-0.648,-0.177,0.715,-0.192,1420486400.000,-0.007,26409,26889,5,-4,66,14.030,453.380,26246,26881,1451,1400,0
167537,-0.058,0.032,-0.096,-0.079,-0.369,-0.058,-0.637,-0.179,0.727,-0.183,1374996224.000,-0.004,26023,26416,-10,6,66,14.030,453.380,26246,26881,1451,1400,0
167637,-0.076,0.075,-0.154,0.054,0.153,0.133,-0.632,-0.181,0.730,-0.186,1374996224.000,-0.005,25744,26688,7,-12,66,14.080,473.860,26385,26737,1361,1340,0
167737,-0.113,-0.264,-0.256,-0.169,0.042,0.083,-0.640,-0.170,0.726,-0.186,1406368768.000,-0.010,26131,26899,12,-8,66,14.080,473.860,26385,26737,1361,1340,0
167837,-0.115,-0.069,-0.227,0.042,-0.332,-0.016,-0.631,-0.171,0.734,-0.184,1374996224.000,-0.008,25921,26516,-10,1,66,14.080,453.380,26109,26666,1334,1339,0
167937,-0.118,0.229,-0.297,0.101,0.246,-0.026,-0.629,-0.174,0.735,-0.186,1374996224.000,-0.005,25909,26528,3,-12,66,14.080,453.380,26109,26666,1334,1339,0
168037,-0.524,-0.320,-0.158,-0.137,0.302,-0.168,-0.644,-0.173,0.722,-0.186,1374996224.000,-0.003,25595,26831,23,-17,66,14.070,473.860,25706,26881,1280,1429,0
168137,-0.409,-0.310,-0.141,0.227,-0.384,-0.384,-0.644,-0.183,0.722,-0.173,1374996224.000,0.002,26019,26420,-14,-8,66,14.070,473.860,25706,26881,1280,1429,0
168237,-0.046,0.410,-0.291,0.421,0.022,-0.193,-0.634,-0.208,0.724,-0.173,1374996224.000,0.001,26266,26174,-20,-8,66,14.040,484.100,26109,26385,1422,1320,0
168337,0.044,0.297,-0.188,0.138,0.732,0.061,-0.645,-0.213,0.710,-0.186,1374996224.000,0.001,25869,26566,17,-21,66,14.040,484.100,26109,26385,1422,1320,0
168437,0.026,0.142,-0.297,0.028,0.231,0.030,-0.662,-0.208,0.693,-0.194,1506760960.000,0.000,27177,27716,0,-4,66,14.000,402.180,26455,27397,1629,1541,0
168537,0.014,0.107,-0.127,0.137,0.162,0.053,-0.665,-0.209,0.688,-0.200,1527153024.000,0.000,27307,27941,1,-10,66,14.000,402.180,26455,27397,1629,1541,0
168637,-0.119,0.049,-0.270,0.068,0.233,0.030,-0.670,-0.209,0.682,-0.207,1374996224.000,-0.000,25756,26676,5,-11,66,14.000,402.180,26455,27397,1629,1541,0
168737,-0.822,-0.392,-0.273,-0.394,0.109,-0.331,-0.678,-0.206,0.675,-0.204,1385976576.000,0.014,25624,27007,28,-5,66,14.150,576.260,25706,26737,1325,1379,0
168837,-0.423,-0.467,-0.135,0.718,-0.550,-0.568,-0.675,-0.232,0.675,-0.185,1411858944.000,0.019,26574,26565,-30,-24,66,14.150,576.260,25706,26737,1325,1379,0
168937,0.045,-0.151,-0.488,-0.043,-0.530,-0.138,-0.653,-0.261,0.688,-0.179,1374996224.000,0.011,26085,26354,0,11,66,14.080,381.700,26109,26315,1486,1254,0
169037,0.118,-0.011,-0.533,0.168,-0.164,-0.023,-0.645,-0.264,0.697,-0.172,1374996224.000,0.010,26050,26389,-6,-11,66,14.080,381.700,26109,26315,1486,1254,0
169137,0.229,0.050,-0.589,0.146,-0.127,0.108,-0.637,-0.272,0.699,-0.180,1374996224.000,0.009,26024,26415,-3,-4,66,14.050,504.580,26041,26455,1405,1329,0
169237,0.197,0.080,-0.682,-0.223,0.040,-0.006,-0.633,-0.266,0.704,-0.179,1374996224.000,0.009,26203,26237,9,0,66,14.050,504.580,26041,26455,1405,1329,0
169337,0.224,0.033,-0.538,0.142,0.167,-0.079,-0.638,-0.266,0.700,-0.177,1374996224.000,0.009,26268,26173,-1,-16,66,14.040,422.660,26525,26246,1331,1409,0
169437,0.246,-0.038,-0.431,-0.207,-0.112,-0.001,-0.640,-0.267,0.698,-0.177,1385192320.000,0.011,26291,26343,5,5,66,14.040,422.660,26525,26246,1331,1409,0
169537,0.277,0.375,-0.383,-0.062,0.086,0.088,-0.639,-0.261,0.703,-0.170,1374996224.000,0.003,26130,26310,-3,-3,66,14.040,473.860,26246,26385,1368,1351,0
169637,0.228,0.282,-0.350,-0.110,0.402,0.152,-0.650,-0.252,0.695,-0.176,1374996224.000,0.002,26051,26388,9,-8,66,14.040,473.860,26246,26385,1368,1351,0
169737,0.194,-0.102,-0.652,-0.167,0.120,0.208,-0.659,-0.239,0.690,-0.180,1374996224.000,0.005,25988,26450,10,-7,66,14.020,443.140,25839,26666,1407,1341,0
169837,0.112,-0.417,-0.518,-0.148,-0.269,0.214,-0.656,-0.228,0.696,-0.182,1374996224.000,0.007,25926,26511,6,-4,66,14.020,443.140,25839,26666,1407,1341,0
169937,0.052,-0.101,-0.503,-0.063,-0.520,0.197,-0.642,-0.221,0.711,-0.180,1374996224.000,0.004,25907,26530,-13,9,66,14.020,443.140,25839,26666,1407,1341,0
170037,0.037,0.224,-0.206,0.006,-0.237,0.191,-0.625,-0.216,0.728,-0.179,1374996224.000,0.001,25893,26544,-9,2,66,14.040,422.660,25839,26525,1373,1398,0
170137,-0.031,0.321,-0.256,-0.023,0.200,0.147,-0.624,-0.210,0.730,-0.185,1374996224.000,-0.001,25870,26566,1,-5,66,14.040,422.660,25839,26525,1373,1398,0
170237,-0.075,0.386,-0.208,-0.029,0.281,0.087,-0.632,-0.203,0.723,-0.191,1374996224.000,-0.001,25883,26553,0,-3,66,14.050,432.900,25773,26455,1386,1418,0
170337,-0.094,0.305,-0.147,-0.091,0.271,0.033,-0.642,-0.197,0.716,-0.193,1374996224.000,-0.001,25905,26531,3,-3,66,14.050,432.900,25773,26455,1386,1418,0
170437,-0.091,0.228,-0.085,-0.199,0.266,-0.019,-0.652,-0.190,0.708,-0.191,1374996224.000,-0.001,25953,26484,7,-1,66,14.050,422.660,26041,26455,1343,1395,0
170537,-0.071,0.120,-0.362,-0.216,0.200,-0.051,-0.664,-0.182,0.702,-0.184,1374996224.000,-0.001,25996,26443,8,-3,66,14.050,422.660,26041,26455,1343,1395,0
170637,-0.046,0.115,-0.604,-0.230,0.110,-0.053,-0.671,-0.175,0.699,-0.177,1374996224.000,-0.000,26001,26438,5,1,66,14.050,422.660,26041,26455,1343,1395,0
170737,-0.036,0.101,-0.662,-0.109,0.003,0.009,-0.674,-0.170,0.699,-0.171,1374996224.000,-0.000,25930,26507,-1,-1,66,14.030,473.860,25974,26525,1363,1379,0
170837,-0.031,0.101,-0.555,0.021,0.012,-0.031,-0.674,-0.170,0.699,-0.169,1374996224.000,-0.000,25994,26444,-3,-4,66,14.030,473.860,25974,26525,1363,1379,0
170937,-0.019,0.025,-0.593,-0.050,0.026,-0.036,-0.675,-0.170,0.698,-0.168,1374996224.000,-0.000,26003,26436,4,-4,66,14.010,453.380,26315,26385,1293,1398,0
171037,-0.006,-0.500,-0.797,-0.121,-0.021,-0.014,-0.677,-0.168,0.698,-0.164,1374996224.000,-0.000,25984,26454,18,-16,66,14.010,453.380,26315,26385,1293,1398,0
171137,-0.004,-0.388,-0.772,-0.088,-0.734,0.000,-0.665,-0.167,0.711,-0.157,1374996224.000,-0.000,25973,26465,-10,10,66,14.010,453.380,26315,26385,1293,1398,0
171237,-0.006,0.397,-0.764,-0.120,-0.440,-0.024,-0.642,-0.169,0.733,-0.149,1374996224.000,-0.000,26020,26419,-17,20,66,14.080,463.620,25706,26455,1245,1392,0
171337,0.010,0.399,-0.783,0.097,0.286,-0.020,-0.642,-0.171,0.733,-0.148,1374996224.000,0.000,26001,26437,-1,-10,66,14.080,463.620,25706,26455,1245,1392,0
171437,0.084,0.024,-0.701,-0.144,0.164,0.007,-0.652,-0.168,0.724,-0.149,1374996224.000,0.000,26094,26345,12,-5,66,14.050,453.380,25839,26525,1386,1368,0
171537,0.079,-0.048,-0.599,-0.059,-0.237,0.066,-0.650,-0.164,0.727,-0.146,1374996224.000,0.000,25973,26465,-5,3,66,14.050,453.380,25839,26525,1386,1368,0
171637,0.066,-0.088,-0.748,-0.091,-0.261,0.061,-0.641,-0.161,0.737,-0.142,1374996224.000,-0.001,25986,26452,-1,1,66,14.050,453.380,25839,26525,1386,1368,0
171737,0.046,0.148,-0.732,0.003,-0.100,0.051,-0.635,-0.159,0.742,-0.142,1374996224.000,-0.001,25979,26459,-7,3,67,14.030,453.380,26178,26178,1316,1457,0
171837,-0.053,0.523,-0.613,-0.036,0.039,0.047,-0.633,-0.157,0.745,-0.143,1374996224.000,-0.001,25862,26574,-9,6,67,14.030,453.380,26178,26178,1316,1457,0
171937,-0.059,0.431,-0.533,0.068,0.528,-0.030,-0.644,-0.155,0.735,-0.146,1447937408.000,-0.001,26674,27138,4,-12,67,14.010,402.180,26666,26809,1332,1428,0
172037,-0.043,0.299,-0.339,-0.070,0.322,-0.042,-0.660,-0.154,0.720,-0.149,1503623680.000,-0.000,27201,27636,3,-1,67,14.010,402.180,26666,26809,1332,1428,0
172137,-0.019,0.246,-0.136,-0.043,0.147,-0.069,-0.668,-0.151,0.714,-0.145,1374996224.000,-0.000,26045,26395,-3,-1,67,14.010,402.180,26666,26809,1332,1428,0
172237,0.016,0.190,-0.281,0.170,0.196,-0.086,-0.674,-0.155,0.708,-0.145,1381270784.000,0.000,26141,26419,-5,-10,67,14.050,555.780,25974,26525,1395,1343,0
172337,0.034,0.109,-0.293,0.057,0.058,-0.024,-0.678,-0.161,0.702,-0.149,1374996224.000,0.000,26023,26415,-2,-1,67,14.050,555.780,25974,26525,1395,1343,0
172437,0.035,0.145,-0.539,-0.004,0.036,0.002,-0.679,-0.161,0.701,-0.149,1374996224.000,0.000,26013,26425,-2,0,67,14.050,555.780,25974,26525,1395,1343,0
172537,0.034,0.128,-0.874,0.064,0.073,0.010,-0.680,-0.161,0.699,-0.151,1374996224.000,0.000,26009,26430,-3,-4,67,14.040,432.900,26109,26041,1347,1476,0
172637,0.025,0.060,-0.945,0.037,0.113,0.020,-0.683,-0.162,0.696,-0.154,1374996224.000,0.000,25998,26441,2,-6,67,14.040,432.900,26109,26041,1347,1476,0
172737,0.023,-0.158,-1.311,-0.029,0.122,0.001,-0.687,-0.160,0.692,-0.155,1374996224.000,0.000,26022,26417,9,-10,67,14.040,432.900,26109,26041,1347,1476,0
172837,0.029,-0.310,-1.248,-0.039,-0.114,-0.028,-0.688,-0.160,0.691,-0.154,1374996224.000,0.000,26058,26382,2,-2,67,14.060,443.140,26109,26595,1344,1337,0
172937,-0.124,-0.093,-1.124,-0.086,-0.457,-0.033,-0.677,-0.160,0.703,-0.147,1374996224.000,0.001,25868,26567,-10,10,67,14.060,443.140,26109,26595,1344,1337,0
173037,-0.250,0.022,-0.870,-0.064,-0.060,-0.231,-0.670,-0.162,0.711,-0.136,1374996224.000,0.001,26040,26399,1,-3,67,14.030,432.900,25839,26315,1392,1430,0
173137,0.021,-0.339,-0.849,0.073,0.009,-0.237,-0.673,-0.173,0.707,-0.130,1374996224.000,0.008,26286,26154,5,-14,67,14.030,432.900,25839,26315,1392,1430,0
173237,0.234,-0.329,-0.970,-0.130,-0.528,0.007,-0.664,-0.178,0.715,-0.124,1374996224.000,0.008,26174,26266,-3,10,67,14.030,432.900,25839,26315,1392,1430,0
173337,0.213,0.248,-0.896,-0.100,-0.376,0.088,-0.648,-0.174,0.732,-0.118,1433035392.000,0.005,26647,26888,-15,16,67,14.010,453.380,26315,26246,1319,1408,0
173437,0.179,0.427,-0.625,-0.019,0.217,0.111,-0.644,-0.170,0.736,-0.118,1458133504.000,0.003,26847,27154,-1,-3,67,14.010,453.380,26315,26246,1319,1408,0
173537,0.139,0.303,-0.314,-0.119,0.426,0.110,-0.659,-0.160,0.724,-0.122,1374996224.000,0.002,26048,26392,7,-4,67,14.010,453.380,26315,26246,1319,1408,0
173637,0.103,0.227,-0.689,-0.067,0.118,0.100,-0.668,-0.152,0.717,-0.124,1374996224.000,0.001,26032,26407,-3,2,67,14.050,525.060,26109,26246,1346,1407,0
173737,0.073,0.155,-0.721,-0.140,0.076,0.064,-0.671,-0.146,0.717,-0.123,1374996224.000,0.001,26054,26385,2,2,67,14.050,525.060,26109,26246,1346,1407,0
173837,-0.012,-0.343,-0.778,-0.180,0.182,0.017,-0.677,-0.138,0.713,-0.120,1374996224.000,0.003,26019,26420,19,-14,67,14.020,402.180,25974,26455,1364,1395,0
173937,-0.003,-0.331,-0.779,-0.099,-0.391,-0.032,-0.675,-0.135,0.716,-0.115,1374996224.000,0.003,26085,26355,-5,5,67,14.020,402.180,25974,26455,1364,1395,0
174037,0.077,0.185,-0.716,-0.046,-0.389,-0.002,-0.658,-0.135,0.733,-0.108,1374996224.000,0.002,26128,26312,-15,13,67,14.020,443.140,26041,26525,1405,1322,0
174137,0.063,0.340,-0.502,-0.102,0.304,0.059,-0.657,-0.132,0.734,-0.108,1374996224.000,0.001,26358,26735,9,-5,67,14.020,443.140,26041,26525,1405,1322,0
174237,0.046,0.223,-0.443,-0.069,0.316,0.044,-0.672,-0.125,0.722,-0.108,1457349120.000,0.000,26827,27160,3,-3,67,14.020,443.140,26041,26525,1405,1322,0
174337,0.034,0.180,-0.243,-0.048,0.046,0.032,-0.677,-0.122,0.718,-0.109,1445584512.000,0.000,26716,27052,-3,4,67,14.000,340.740,26954,27100,1393,1445,0
174437,0.022,0.159,-0.314,-0.206,0.137,0.036,-0.680,-0.116,0.716,-0.106,1374996224.000,0.000,26035,26404,6,3,67,14.000,340.740,26954,27100,1393,1445,0
174537,0.017,0.097,-0.307,-0.127,0.249,0.004,-0.688,-0.108,0.710,-0.101,1406368768.000,0.000,26371,26664,6,-5,67,13.970,422.660,26041,26455,1446,1450,0
174637,0.015,0.026,-0.224,-0.122,0.207,0.021,-0.697,-0.103,0.703,-0.099,1374996224.000,0.000,26036,26403,7,-3,67,13.970,422.660,26041,26455,1446,1450,0
174737,0.004,-0.012,-0.739,-0.241,0.074,0.023,-0.702,-0.095,0.699,-0.094,1374996224.000,-0.000,26031,26408,7,3,67,14.070,443.140,26246,26385,1309,1388,0
174837,-0.202,-0.017,-0.753,-0.293,0.006,-0.044,-0.704,-0.084,0.700,-0.083,1374996224.000,0.000,25878,26558,6,3,67,14.070,443.140,26246,26385,1309,1388,0
174937,-0.240,-0.020,-0.704,-0.078,-0.011,-0.182,-0.706,-0.081,0.700,-0.072,1374996224.000,0.000,25986,26453,-1,-3,67,14.020,432.900,26178,26109,1326,1465,0
175037,-0.195,0.008,-0.651,0.001,-0.138,-0.184,-0.703,-0.087,0.703,-0.066,1374996224.000,-0.000,26054,26385,-4,2,67,14.020,432.900,26178,26109,1326,1465,0
175137,0.076,0.057,-0.850,-0.028,-0.187,-0.118,-0.698,-0.093,0.708,-0.060,1498133504.000,0.000,27408,27330,-7,5,67,14.050,443.140,25974,26666,1384,1311,0
175237,0.090,0.127,-0.480,0.118,-0.264,0.110,-0.689,-0.096,0.715,-0.061,1482447232.000,0.000,26950,27498,-12,4,67,14.050,443.140,25974,26666,1384,1311,0
175337,0.054,0.113,-0.339,-0.158,-0.218,0.199,-0.680,-0.088,0.725,-0.064,1396172672.000,0.001,26085,26753,-1,10,67,14.030,453.380,26109,26737,1397,1403,0
175437,-0.103,0.191,-0.263,-0.023,-0.164,0.166,-0.675,-0.079,0.730,-0.066,1447937408.000,-0.001,26440,27365,-9,7,67,14.030,453.380,26109,26737,1397,1403,0
175537,-0.230,0.281,-0.303,0.090,-0.103,0.148,-0.669,-0.077,0.735,-0.074,1374996224.000,-0.003,25660,26769,-10,5,67,14.050,494.340,25706,26525,1335,1401,0
175637,-0.519,0.221,-0.240,-0.104,0.108,-0.068,-0.670,-0.073,0.735,-0.075,1374996224.000,-0.005,25650,26779,3,3,67,14.050,494.340,25706,26525,1335,1401,0
175737,-0.629,0.051,-0.231,0.269,0.009,-0.233,-0.674,-0.081,0.731,-0.073,1374996224.000,-0.001,25664,26765,-10,-8,68,14.030,371.460,25773,26809,1323,1385,0
175837,-0.443,0.015,-0.227,0.182,-0.256,-0.268,-0.669,-0.100,0.733,-0.071,1374996224.000,0.002,25867,26569,-12,4,68,14.030,371.460,25773,26809,1323,1385,0
175937,-0.025,0.313,-0.266,0.233,-0.247,-0.201,-0.660,-0.112,0.740,-0.067,1441662848.000,0.000,26878,26819,-22,7,68,14.030,371.460,25773,26809,1323,1385,0
176037,0.084,0.384,-0.051,0.223,0.232,0.061,-0.656,-0.126,0.740,-0.076,1470682496.000,0.001,26818,27413,-4,-3,67,13.910,330.500,27100,26954,1482,1429,0
176137,0.096,0.356,0.059,0.022,0.218,0.078,-0.666,-0.124,0.731,-0.082,1381270784.000,0.000,25987,26570,-7,3,67,13.910,330.500,27100,26954,1482,1429,0
176237,0.053,0.343,-0.062,0.202,0.134,0.109,-0.670,-0.123,0.727,-0.089,1374996224.000,-0.000,25874,26562,-12,-1,67,14.030,494.340,25974,26315,1356,1458,0
176337,0.007,0.320,-0.095,0.244,0.274,0.092,-0.675,-0.126,0.719,-0.102,1374996224.000,-0.001,25855,26580,-7,-5,67,14.030,494.340,25974,26315,1356,1458,0
176437,-0.146,0.445,-0.080,0.067,0.288,0.064,-0.683,-0.128,0.710,-0.113,1374996224.000,-0.004,25695,26735,-7,5,67,14.030,422.660,26041,26809,1305,1341,0
176537,-0.268,0.427,-0.121,-0.124,0.339,-0.151,-0.694,-0.124,0.701,-0.112,1374996224.000,-0.007,25913,26524,0,5,67,14.030,422.660,26041,26809,1305,1341,0
176637,-0.188,0.287,-0.367,0.144,0.383,-0.229,-0.708,-0.130,0.686,-0.108,1374996224.000,-0.007,26027,26412,-4,-8,67,14.030,422.660,25773,26109,1434,1458,0
176737,0.146,-0.105,-0.496,0.007,0.074,-0.054,-0.717,-0.138,0.675,-0.106,1374996224.000,-0.002,26101,26339,2,-2,67,14.030,422.660,25773,26109,1434,1458,0
176837,0.134,-0.056,-0.571,-0.216,-0.322,0.056,-0.712,-0.131,0.682,-0.099,1462839424.000,-0.001,26817,27271,-5,13,67,14.030,422.660,25773,26109,1434,1458,0
176937,0.103,0.010,-0.395,0.116,-0.141,0.136,-0.705,-0.129,0.691,-0.100,1477741312.000,-0.001,26850,27511,-10,-3,67,14.010,402.180,26881,27247,1412,1451,0
177037,0.041,0.046,-0.206,-0.086,-0.156,0.176,-0.699,-0.125,0.696,-0.106,1396957056.000,-0.000,26015,26837,-3,9,67,14.010,402.180,26881,27247,1412,1451,0
177137,-0.023,0.088,-0.302,-0.193,-0.120,0.147,-0.693,-0.114,0.704,-0.104,1498133504.000,-0.000,26953,27778,-2,9,67,13.990,453.380,26455,27472,1561,1542,0
177237,-0.066,0.072,-0.169,-0.260,-0.077,0.052,-0.691,-0.103,0.708,-0.100,1374996224.000,-0.000,25871,26564,1,9,67,13.990,453.380,26455,27472,1561,1542,0
177337,-0.056,0.094,-0.230,-0.191,-0.090,-0.092,-0.690,-0.097,0.712,-0.091,1374996224.000,-0.000,26031,26408,-3,8,67,13.990,453.380,26455,27472,1561,1542,0
177437,-0.023,0.183,-0.495,-0.158,-0.104,-0.093,-0.688,-0.095,0.715,-0.082,1374996224.000,-0.000,26013,26426,-6,11,67,14.050,402.180,25773,26246,1431,1414,0
177537,-0.091,0.213,-0.655,-0.284,-0.060,-0.108,-0.686,-0.092,0.719,-0.071,1374996224.000,-0.001,25911,26526,-1,14,67,14.050,402.180,25773,26246,1431,1414,0
177637,-0.047,0.217,-0.663,-0.343,0.046,-0.268,-0.687,-0.084,0.720,-0.052,1374996224.000,-0.001,26219,26221,1,10,67,14.030,402.180,26041,27247,1354,1311,0
177737,-0.230,0.244,-0.590,-0.097,0.048,-0.313,-0.690,-0.089,0.717,-0.038,1374996224.000,-0.005,26037,26402,-6,7,67,14.030,402.180,26041,27247,1354,1311,0
177837,-0.100,0.235,-0.575,-0.286,-0.002,-0.300,-0.692,-0.094,0.715,-0.020,1374996224.000,-0.005,26152,26288,0,15,67,14.010,412.420,26315,26041,1339,1445,0
177937,0.010,0.219,-0.603,-0.220,0.046,-0.133,-0.694,-0.093,0.714,-0.003,1374996224.000,-0.005,26053,26387,-2,9,67,14.010,412.420,26315,26041,1339,1445,0
178037,0.051,0.197,-0.789,-0.082,0.064,0.016,-0.697,-0.089,0.712,0.005,1374996224.000,-0.004,25955,26482,-5,5,67,14.010,412.420,26315,26041,1339,1445,0
178137,0.387,0.141,-0.646,0.229,0.031,0.312,-0.699,-0.087,0.710,-0.005,1374996224.000,-0.001,25980,26458,-12,-2,67,14.040,422.660,26315,26455,1363,1302,0
178237,0.315,0.137,-0.523,-0.303,-0.124,0.447,-0.697,-0.073,0.713,-0.016,1374996224.000,0.000,25819,26615,1,20,67,14.040,422.660,26315,26455,1363,1302,0
178337,0.148,0.104,-0.458,-0.019,-0.040,0.408,-0.694,-0.052,0.717,-0.025,1396172672.000,0.001,25926,26908,-7,4,67,13.990,402.180,25974,26809,1356,1434,0
178437,0.135,0.045,-0.355,-0.049,-0.033,0.294,-0.692,-0.039,0.720,-0.036,1481662848.000,0.000,26901,27532,-3,5,67,13.990,402.180,25974,26809,1356,1434,0
178537,0.039,0.028,-0.220,-0.070,-0.017,0.310,-0.691,-0.028,0.721,-0.046,1499702144.000,-0.001,26886,27872,-1,7,67,13.990,402.180,25974,26809,1356,1434,0
178637,-0.204,0.173,0.056,-0.158,0.003,0.160,-0.690,-0.015,0.722,-0.050,1499702144.000,-0.001,26819,27937,-3,12,68,14.000,402.180,26455,27700,1405,1452,0
178737,-0.232,0.162,0.235,0.031,0.088,0.040,-0.692,-0.010,0.720,-0.050,1430682496.000,-0.001,26281,27203,-7,2,68,14.000,402.180,26455,27700,1405,1452,0
178837,-0.235,0.133,0.026,0.031,0.063,-0.020,-0.695,-0.011,0.717,-0.052,1374996224.000,-0.000,25794,26640,-6,5,68,14.000,402.180,26455,27700,1405,1452,0
178937,-0.218,0.128,-0.002,-0.116,-0.013,-0.062,-0.696,-0.011,0.716,-0.049,1374996224.000,-0.000,25841,26594,-3,11,67,14.040,473.860,25706,26737,1374,1358,0
179037,-0.192,0.135,-0.015,-0.220,-0.018,-0.058,-0.695,-0.007,0.717,-0.041,1374996224.000,-0.000,25841,26594,-1,13,67,14.040,473.860,25706,26737,1374,1358,0
179137,-0.162,0.125,-0.048,-0.083,0.112,-0.084,-0.697,-0.004,0.716,-0.032,1374996224.000,-0.000,25901,26536,-2,4,67,14.020,391.940,25974,26525,1339,1395,0
179237,-0.275,0.078,-0.024,-0.131,0.162,-0.106,-0.702,-0.005,0.711,-0.026,1464407936.000,-0.000,26602,27509,3,5,67,14.020,391.940,25974,26525,1339,1395,0
179337,-0.273,0.046,0.032,-0.139,0.049,-0.221,-0.706,-0.004,0.708,-0.015,1567153024.000,-0.000,27737,28246,-2,7,67,14.020,391.940,25974,26525,1339,1395,0
179437,-0.193,0.057,0.191,0.024,-0.081,-0.174,-0.705,-0.010,0.709,-0.006,1374996224.000,-0.001,25921,26516,-9,7,67,14.170,453.380,26109,26954,1426,1352,0
179537,-0.020,0.041,0.108,0.073,-0.081,-0.071,-0.702,-0.016,0.712,-0.004,1374996224.000,-0.000,25983,26455,-8,5,67,14.170,453.380,26109,26954,1426,1352,0
179637,-0.000,0.063,-0.085,0.072,-0.066,-0.051,-0.700,-0.020,0.714,-0.004,1374996224.000,-0.000,25986,26452,-8,5,67,14.170,453.380,26109,26954,1426,1352,0
179737,0.023,0.124,-0.313,0.096,-0.057,-0.071,-0.697,-0.025,0.716,-0.005,1374996224.000,-0.000,26036,26404,-10,7,68,14.010,402.180,25773,26666,1435,1330,0
179837,-0.049,0.170,-0.716,0.112,-0.047,-0.048,-0.695,-0.031,0.718,-0.007,1374996224.000,-0.001,25892,26545,-11,7,68,14.010,402.180,25773,26666,1435,1330,0
179937,-0.241,0.051,-0.626,-0.010,0.010,-0.164,-0.695,-0.037,0.718,-0.006,1374996224.000,0.000,25881,26555,-1,6,68,14.010,402.180,25773,26666,1435,1330,0
180037,-0.145,0.006,-0.585,0.313,0.014,-0.260,-0.695,-0.052,0.717,-0.004,1374996224.000,0.002,26089,26350,-12,-5,67,14.040,402.180,25706,26737,1404,1341,0
180137,-0.059,0.034,-0.444,0.313,-0.097,-0.218,-0.693,-0.070,0.718,-0.007,1374996224.000,0.002,26105,26334,-15,2,67,14.040,402.180,25706,26737,1404,1341,0
180237,0.224,0.118,-0.499,0.327,-0.147,-0.164,-0.687,-0.087,0.722,-0.010,1374996224.000,0.003,26370,26070,-18,4,67,14.010,402.180,26178,26041,1369,1440,0
180337,0.292,0.200,-0.660,0.352,0.056,0.117,-0.683,-0.101,0.723,-0.025,1374996224.000,0.002,26047,26392,-12,0,67,14.010,402.180,26178,26041,1369,1440,0
180437,0.260,0.153,-0.774,0.317,0.250,0.158,-0.688,-0.106,0.716,-0.042,1374996224.000,0.001,26035,26404,-8,-6,67,14.010,432.900,25974,26455,1392,1367,0
180537,0.189,0.097,-0.967,0.237,0.172,0.182,-0.693,-0.109,0.710,-0.057,1374996224.000,0.001,25966,26471,-7,-1,67,14.010,432.900,25974,26455,1392,1367,0
180637,0.128,-0.010,-0.864,0.070,0.056,0.201,-0.696,-0.107,0.707,-0.070,1447937408.000,0.001,26601,27209,-4,4,67,14.010,432.900,25974,26455,1392,1367,0
180737,0.042,-0.006,-0.597,-0.024,-0.037,0.196,-0.695,-0.100,0.708,-0.077,1438525696.000,0.001,26446,27187,-5,7,67,13.980,320.260,26737,27100,1381,1470,0
180837,-0.029,-0.024,-0.376,-0.098,-0.037,0.131,-0.693,-0.093,0.711,-0.080,1444800128.000,0.001,26523,27227,-2,7,67,13.980,320.260,26737,27100,1381,1470,0
180937,-0.054,-0.173,-0.234,-0.053,-0.077,-0.112,-0.692,-0.087,0.713,-0.073,1445584512.000,0.002,26783,26986,-4,1,67,13.980,320.260,26666,27472,1398,1472,0
181037,0.040,0.044,-0.282,0.136,-0.243,-0.064,-0.686,-0.096,0.718,-0.073,1374996224.000,0.001,26088,26352,-18,10,67,13.980,320.260,26666,27472,1398,1472,0
181137,0.041,0.221,-0.399,-0.237,0.094,0.069,-0.683,-0.093,0.721,-0.071,1374996224.000,-0.000,25920,26517,3,13,67,14.010,381.700,25974,26041,1358,1510,0
181237,0.072,0.059,-0.584,-0.030,0.210,0.079,-0.691,-0.084,0.715,-0.068,1374996224.000,0.000,25979,26459,-2,-2,67,14.010,381.700,25974,26041,1358,1510,0
181337,0.037,-0.448,-0.648,-0.088,-0.147,0.086,-0.692,-0.079,0.714,-0.070,1374996224.000,0.001,25943,26495,5,-1,67,14.030,402.180,26109,26246,1318,1448,0
181437,0.017,-0.428,-0.726,-0.176,-0.530,0.033,-0.678,-0.073,0.729,-0.065,1374996224.000,0.001,25985,26453,-6,14,67,14.030,402.180,26109,26246,1318,1448,0
181537,0.004,-0.105,-0.751,-0.156,-0.538,0.056,-0.660,-0.068,0.745,-0.060,1374996224.000,0.000,25937,26501,-13,19,67,14.030,381.700,25839,26178,1387,1464,0
181637,-0.017,0.506,-0.695,-0.028,-0.200,0.077,-0.648,-0.064,0.757,-0.058,1438525696.000,-0.000,26496,27138,-23,21,67,14.030,381.700,25839,26178,1387,1464,0
181737,-0.046,0.474,-0.383,-0.086,0.411,0.070,-0.652,-0.060,0.754,-0.059,1506760960.000,-0.001,27133,27759,3,4,68,13.950,256.260,26809,27932,1500,1417,0
181837,-0.040,0.309,-0.183,-0.143,0.347,-0.056,-0.667,-0.054,0.741,-0.055,1374996224.000,-0.001,26038,26402,0,7,68,13.950,256.260,26809,27932,1500,1417,0
181937,-0.003,0.244,-0.309,-0.121,0.137,-0.087,-0.676,-0.053,0.733,-0.049,1374996224.000,-0.000,26068,26372,-6,11,68,14.000,391.940,25974,26385,1395,1375,0
182037,0.025,0.209,-0.155,-0.118,0.121,-0.034,-0.681,-0.050,0.730,-0.043,1498133504.000,0.000,27173,27563,-5,9,68,14.000,391.940,25974,26385,1395,1375,0
182137,0.019,0.168,-0.184,-0.022,0.152,0.054,-0.686,-0.047,0.725,-0.041,1374996224.000,0.000,25915,26522,-6,5,68,14.000,391.940,25974,26385,1395,1375,0
182237,-0.013,0.113,-0.275,0.100,0.209,0.092,-0.692,-0.045,0.719,-0.046,1376564864.000,-0.000,25877,26588,-6,-1,68,14.000,484.100,25906,26666,1361,1351,0
182337,-0.046,0.057,-0.182,0.199,0.157,0.063,-0.698,-0.047,0.712,-0.054,1374996224.000,-0.000,25879,26557,-9,-2,68,14.000,484.100,25906,26666,1361,1351,0
182437,-0.060,0.020,-0.260,0.281,0.070,0.030,-0.702,-0.054,0.707,-0.065,1374996224.000,-0.000,25892,26545,-11,-2,67,14.050,484.100,25773,26246,1336,1415,0
182537,-0.066,0.011,-0.275,0.201,-0.019,-0.010,-0.702,-0.061,0.706,-0.073,1531858944.000,-0.000,27399,27949,-10,3,67,14.050,484.100,25773,26246,1336,1415,0
182637,-0.054,0.026,0.002,0.089,-0.074,-0.058,-0.700,-0.067,0.707,-0.076,1574996224.000,-0.000,27842,28281,-9,7,68,13.860,371.460,26954,28011,1518,1414,0
182737,-0.095,0.047,-0.084,-0.024,-0.070,-0.114,-0.698,-0.072,0.709,-0.074,1378917760.000,-0.000,26046,26467,-7,9,68,13.860,371.460,26954,28011,1518,1414,0
182837,-0.056,0.054,-0.152,0.064,0.093,-0.076,-0.697,-0.076,0.709,-0.073,1541270784.000,-0.000,27527,27992,-5,1,67,13.880,463.620,27472,27397,1416,1521,0
182937,-0.208,0.070,-0.157,-0.133,0.180,-0.172,-0.702,-0.079,0.704,-0.069,1374996224.000,-0.001,25953,26485,2,7,67,13.880,463.620,27472,27397,1416,1521,0
183037,-0.120,0.028,-0.364,0.012,0.069,-0.201,-0.708,-0.083,0.698,-0.061,1374996224.000,-0.001,26052,26385,-7,4,67,14.010,381.700,25974,26178,1390,1430,0
183137,0.117,0.004,-0.493,0.114,-0.037,-0.128,-0.709,-0.091,0.697,-0.056,1481662848.000,-0.001,27194,27243,-11,3,67,14.010,381.700,25974,26178,1390,1430,0
183237,0.132,0.023,-0.440,-0.084,-0.077,0.029,-0.707,-0.094,0.699,-0.056,1519309952.000,-0.001,27366,27756,-5,11,67,14.010,381.700,25974,26178,1390,1430,0
183337,0.109,-0.003,-0.220,-0.120,-0.011,0.110,-0.705,-0.088,0.701,-0.054,1374996224.000,-0.000,25924,26513,-2,7,67,14.040,279.300,27322,27700,1454,1463,0
183437,0.069,-0.002,-0.256,-0.182,-0.031,0.110,-0.705,-0.078,0.703,-0.052,1374996224.000,-0.000,25932,26506,-2,10,67,14.040,279.300,27322,27700,1454,1463,0
183537,0.032,0.009,-0.340,-0.073,-0.048,0.088,-0.704,-0.071,0.705,-0.051,1374996224.000,-0.000,25920,26517,-7,7,67,14.040,422.660,25839,26315,1383,1425,0
183637,-0.005,0.023,-0.369,0.056,-0.047,0.096,-0.702,-0.067,0.707,-0.054,1374996224.000,-0.000,25873,26563,-10,4,67,14.040,422.660,25839,26315,1383,1425,0
183737,-0.036,0.029,-0.393,1.301,-0.043,0.038,-0.700,-0.077,0.706,-0.070,1374996224.000,2.000,25917,26520,-18,-3,68,13.990,381.700,25773,26595,1389,1381,0
183837,-0.061,0.064,-0.476,1.350,-0.149,0.091,-0.685,-0.146,0.700,-0.139,1374996224.000,-0.000,25785,26649,-35,-12,68,13.990,381.700,25773,26595,1389,1381,0
183937,-0.116,0.065,-0.503,-1.310,0.100,0.132,-0.689,-0.119,0.705,-0.123,1374996224.000,2.000,25733,26699,111,117,68,13.990,381.700,25773,26595,1389,1381,0
184037,-0.137,-0.009,-0.468,2.866,0.014,-0.081,-0.687,-0.135,0.700,-0.141,1424407936.000,-0.000,26422,26950,-124,-116,67,14.000,402.180,25641,26737,1386,1378,0
184137,-0.143,-0.313,-0.402,0.133,-0.112,0.097,-0.665,-0.213,0.681,-0.218,1574996224.000,0.000,27540,28575,27,23,67,14.000,402.180,25641,26737,1386,1378,0
184237,-0.325,-0.595,-0.222,-0.349,-0.217,-0.094,-0.673,-0.176,0.694,-0.184,1531858944.000,0.004,27280,28065,1,-2,68,13.900,330.500,27548,28571,1444,1476,0
184337,-0.128,0.243,-0.293,1.023,-0.662,-0.228,-0.647,-0.219,0.702,-0.203,1374996224.000,-0.001,26085,26355,-55,12,68,13.900,330.500,27548,28571,1444,1476,0
184437,-0.001,0.215,-0.380,-0.771,0.759,-0.151,-0.654,-0.221,0.698,-0.192,1374996224.000,-0.000,26070,26369,43,12,68,13.900,330.500,27548,28571,1444,1476,0
184537,-0.003,0.121,-0.347,0.881,-0.284,-0.083,-0.665,-0.225,0.685,-0.194,1574996224.000,-0.000,27832,28291,-53,-10,67,14.000,391.940,26041,26315,1768,1783,0
184637,-0.012,0.124,-0.085,-0.429,0.180,0.000,-0.656,-0.238,0.688,-0.201,1374996224.000,0.000,25911,26526,20,20,67,14.000,391.940,26041,26315,1768,1783,0
184737,-0.565,-0.476,-0.108,0.000,0.097,-0.129,-0.668,-0.226,0.682,-0.194,1374996224.000,0.018,25394,27022,8,-14,67,14.020,443.140,25575,26954,1369,1404,0
184837,-0.376,-0.422,-0.166,-0.044,-0.539,-0.412,-0.664,-0.238,0.685,-0.183,1374996224.000,0.019,26125,26315,-12,15,67,14.020,443.140,25575,26954,1369,1404,0
184937,0.497,-0.281,-0.352,0.131,-0.418,-0.108,-0.648,-0.253,0.699,-0.167,1374996224.000,0.012,26641,25793,-13,3,67,14.020,443.140,25575,26954,1369,1404,0
185037,0.489,-0.263,-0.380,-0.530,-0.272,0.516,-0.636,-0.245,0.712,-0.172,1374996224.000,0.009,25758,26674,15,29,68,14.010,371.460,26666,25706,1407,1360,0
185137,0.130,0.522,-0.256,-0.256,-0.270,0.374,-0.627,-0.217,0.730,-0.164,1374996224.000,0.002,25701,26730,-24,27,68,14.010,371.460,26666,25706,1407,1360,0
185237,-0.002,0.418,-0.235,0.093,0.592,0.327,-0.632,-0.204,0.727,-0.178,1374996224.000,-0.000,25637,26791,1,-8,68,14.010,381.700,25773,26809,1327,1388,0
185337,0.022,-0.006,-0.284,-0.283,0.221,0.223,-0.646,-0.185,0.717,-0.185,1439309952.000,-0.003,26501,27249,3,7,68,14.010,381.700,25773,26809,1327,1388,0
185437,-0.045,-0.053,-0.251,0.072,-0.111,0.180,-0.645,-0.177,0.719,-0.190,1403231488.000,-0.005,26030,26938,-13,6,68,14.010,381.700,25773,26809,1327,1388,0
185537,-0.228,0.358,-0.275,-0.113,-0.016,0.077,-0.641,-0.173,0.722,-0.193,1374996224.000,-0.003,25654,26775,-12,20,68,13.990,381.700,25974,26737,1392,1456,0
185637,-0.227,0.242,-0.231,-0.009,0.457,-0.044,-0.650,-0.168,0.716,-0.193,1545192320.000,-0.003,27430,28156,2,-4,68,13.990,381.700,25974,26737,1392,1456,0
185737,-0.193,0.121,0.082,-0.006,0.300,-0.113,-0.665,-0.168,0.701,-0.194,1562447232.000,-0.001,27665,28233,-2,3,68,13.990,381.700,25974,26737,1392,1456,0
185837,-0.230,0.129,0.037,-0.034,0.114,-0.101,-0.672,-0.168,0.696,-0.190,1374996224.000,-0.001,25839,26596,-6,8,68,13.890,205.060,27472,28169,1503,1505,0
185937,-0.392,-0.711,-0.162,0.091,0.104,-0.114,-0.677,-0.173,0.690,-0.189,1374996224.000,0.005,25632,26796,15,-20,68,13.890,205.060,27472,28169,1503,1505,0
186037,-0.279,-0.637,-0.350,-0.086,-0.644,-0.268,-0.671,-0.180,0.697,-0.176,1374996224.000,0.006,26007,26432,-10,14,67,14.010,371.460,26178,26737,1339,1307,0
186137,-0.194,-0.106,-0.747,-0.003,-0.621,-0.183,-0.650,-0.191,0.717,-0.164,1374996224.000,0.003,25935,26502,-20,20,67,14.010,371.460,26178,26737,1339,1307,0
186237,-0.022,0.398,-0.846,0.039,0.191,-0.073,-0.645,-0.198,0.721,-0.158,1374996224.000,-0.001,25969,26469,-7,5,67,14.010,371.460,26178,26737,1339,1307,0
186337,0.014,0.279,-0.538,-0.011,0.460,-0.018,-0.659,-0.196,0.706,-0.161,1480094208.000,-0.000,26959,27447,1,0,68,13.930,340.740,26737,27100,1393,1466,0
186437,0.019,0.173,-0.390,0.101,0.278,0.021,-0.671,-0.195,0.696,-0.166,1374996224.000,-0.000,25924,26513,-7,1,68,13.930,340.740,26737,27100,1393,1466,0
186537,0.016,0.069,-0.401,0.101,0.176,0.019,-0.677,-0.196,0.688,-0.173,1404015872.000,-0.000,26217,26771,-6,2,68,13.990,340.740,26315,26525,1361,1465,0
186637,0.098,-0.176,-0.589,0.119,0.071,0.051,-0.680,-0.198,0.683,-0.179,1374996224.000,0.001,26002,26437,-1,-3,68,13.990,340.740,26315,26525,1361,1465,0
186737,0.081,-0.474,-0.397,-0.011,-0.110,0.031,-0.678,-0.198,0.683,-0.182,1374996224.000,0.002,25989,26449,4,0,68,13.990,340.740,26315,26525,1361,1465,0
186837,0.071,0.133,-0.611,-0.027,-0.460,0.013,-0.668,-0.199,0.695,-0.179,1374996224.000,2.000,26000,26438,44,94,68,13.960,361.220,25906,26455,1406,1418,0
186937,0.040,0.166,-0.691,2.082,0.291,0.066,-0.656,-0.222,0.692,-0.203,1374996224.000,0.000,25891,26545,-95,-100,68,13.960,361.220,25906,26455,1406,1418,0
187037,-0.011,0.099,-0.670,0.772,-0.012,0.114,-0.637,-0.285,0.659,-0.278,1374996224.000,-0.000,25766,26667,-9,12,68,13.960,361.220,25839,26525,1393,1389,0
187137,-0.055,-0.069,-0.635,-0.940,0.120,0.054,-0.648,-0.250,0.674,-0.250,1374996224.000,1.999,25892,26545,79,78,68,13.960,361.220,25839,26525,1393,1389,0
187237,-0.087,-0.548,-0.527,3.101,0.079,-0.200,-0.634,-0.303,0.645,-0.300,1374996224.000,0.001,26078,26362,-91,-111,68,13.990,391.940,25974,26455,1402,1356,0
187337,-0.154,-0.449,-0.646,-1.943,-0.253,0.151,-0.626,-0.308,0.647,-0.306,1433035392.000,0.001,26133,27388,76,91,68,13.990,391.940,25974,26455,1402,1356,0
187437,-0.076,0.171,-0.554,1.156,-0.233,-0.281,-0.628,-0.297,0.664,-0.279,1502839424.000,-0.001,27464,27360,-73,-39,68,13.990,391.940,25974,26455,1402,1356,0
187537,-0.033,0.137,-0.451,-0.487,0.363,-0.078,-0.617,-0.332,0.642,-0.310,1443231488.000,-0.000,26602,27122,38,30,68,13.930,205.060,27472,27397,1435,1456,0
187637,0.005,0.071,-0.343,-0.451,-0.026,-0.081,-0.643,-0.293,0.653,-0.272,1571074688.000,-0.000,27877,28177,-25,-3,68,13.930,205.060,27472,27397,1435,1456,0
187737,0.020,0.115,-0.166,0.723,-0.046,-0.003,-0.628,-0.322,0.645,-0.294,1389898240.000,-0.000,26072,26648,-24,-8,68,13.890,225.540,27855,28328,1506,1462,0
187837,0.025,-0.260,-0.134,-1.014,0.173,0.042,-0.641,-0.300,0.649,-0.279,1374996224.000,0.002,25933,26504,39,23,68,13.890,225.540,27855,28328,1506,1462,0
187937,-0.001,-0.617,-0.276,0.748,-0.614,-0.059,-0.634,-0.304,0.655,-0.277,1374996224.000,0.006,26024,26415,-38,-18,68,13.970,391.940,26109,26595,1357,1372,0
188037,-0.000,-0.385,-0.326,-0.474,-0.738,0.017,-0.606,-0.321,0.677,-0.269,1374996224.000,0.006,25923,26514,7,35,68,13.970,391.940,26109,26595,1357,1372,0
188137,0.008,-0.262,-0.419,0.022,-0.260,0.037,-0.596,-0.315,0.694,-0.252,1374996224.000,0.006,25919,26518,-8,-2,68,13.980,381.700,25773,26525,1414,1381,0
188237,0.080,0.313,-0.356,-0.008,-0.350,0.043,-0.584,-0.321,0.701,-0.253,1374996224.000,0.003,26009,26430,-22,27,68,13.980,381.700,25773,26525,1414,1381,0
188337,0.045,0.609,-0.434,-0.118,0.310,0.158,-0.580,-0.315,0.708,-0.250,1465976576.000,0.001,26676,27466,-4,10,68,13.970,391.940,26455,26737,1436,1558,0
188437,-0.016,0.291,-0.158,0.129,0.773,0.158,-0.597,-0.304,0.693,-0.265,1435388416.000,-0.000,26356,27217,7,-15,68,13.970,391.940,26455,26737,1436,1558,0
188537,-0.064,-0.195,-0.162,-0.196,0.186,0.104,-0.613,-0.293,0.681,-0.275,1374996224.000,-0.002,25801,26633,9,7,68,13.980,422.660,25906,26666,1328,1385,0
188637,-0.081,-0.162,-0.151,-0.050,-0.166,0.036,-0.610,-0.287,0.688,-0.270,1374996224.000,-0.003,25859,26577,-8,5,68,13.980,422.660,25906,26666,1328,1385,0
188737,-0.096,0.334,-0.168,0.092,0.120,0.030,-0.609,-0.288,0.688,-0.272,1374996224.000,-0.001,25834,26601,-12,8,67,13.980,361.220,25706,26666,1396,1381,0
188837,-0.105,0.225,-0.171,-0.019,0.606,0.013,-0.621,-0.282,0.677,-0.278,1374996224.000,-0.001,25845,26590,8,-6,67,13.980,361.220,25706,26666,1396,1381,0
188937,-0.106,-0.432,-0.121,0.124,0.353,0.004,-0.637,-0.276,0.660,-0.287,1374996224.000,-0.003,25848,26581,10,-15,67,13.980,361.220,25706,26666,1396,1381,0
189037,-0.107,-0.473,-0.157,-0.050,-0.353,0.001,-0.637,-0.278,0.658,-0.289,1374996224.000,-0.003,25851,26584,-4,11,68,13.980,381.700,25906,26666,1354,1375,0
189137,-0.107,-0.275,-0.197,0.109,-0.306,-0.009,-0.624,-0.284,0.671,-0.284,1374996224.000,-0.003,25861,26575,-10,4,68,13.980,381.700,25906,26666,1354,1375,0
189237,-0.108,-0.116,-0.281,0.147,-0.076,-0.008,-0.616,-0.291,0.674,-0.286,1374996224.000,-0.003,25853,26582,-6,1,68,13.980,350.980,25906,26595,1355,1391,0
189337,-0.107,-0.099,-0.194,0.021,0.000,-0.013,-0.614,-0.294,0.674,-0.288,1374996224.000,-0.003,25863,26573,-1,3,68,13.980,350.980,25906,26595,1355,1391,0
189437,-0.101,-0.005,-0.179,-0.021,-0.012,-0.016,-0.614,-0.294,0.674,-0.287,1449506048.000,-0.002,26581,27257,-4,7,68,13.820,330.500,26666,27322,1392,1427,0
189537,-0.095,0.129,-0.278,0.120,0.093,-0.032,-0.614,-0.296,0.673,-0.288,1476957056.000,-0.002,26863,27483,-8,1,68,13.820,330.500,26666,27322,1392,1427,0
189637,-0.392,-0.075,-0.068,-0.059,0.244,-0.168,-0.621,-0.298,0.663,-0.293,1374996224.000,-0.000,25774,26659,8,0,68,13.960,422.660,25839,26737,1305,1412,0
189737,-0.312,-0.176,-0.140,0.134,-0.068,-0.291,-0.627,-0.305,0.657,-0.287,1374996224.000,0.003,25984,26454,-8,0,68,13.960,422.660,25839,26737,1305,1412,0
189837,-0.209,-0.125,-0.418,0.072,-0.208,-0.208,-0.623,-0.319,0.656,-0.281,1374996224.000,0.004,25947,26491,-8,7,68,13.960,422.660,25839,26737,1305,1412,0
189937,-0.143,-0.099,-0.359,0.151,-0.048,-0.144,-0.620,-0.329,0.656,-0.277,1374996224.000,0.005,25937,26500,-6,-2,68,13.980,381.700,25706,26666,1429,1346,0
190037,0.008,-0.201,-0.454,0.313,0.057,-0.013,-0.618,-0.340,0.651,-0.281,1374996224.000,0.007,25917,26520,-5,-10,68,13.980,381.700,25706,26666,1429,1346,0
190137,-0.014,-0.178,-0.534,-0.023,-0.193,0.066,-0.613,-0.344,0.651,-0.287,1374996224.000,0.006,25839,26596,-3,11,68,13.970,371.460,25839,26595,1363,1403,0
190237,0.007,-0.021,-0.439,0.153,-0.047,0.070,-0.607,-0.345,0.656,-0.287,1374996224.000,0.004,25885,26551,-10,-2,68,13.970,371.460,25839,26595,1363,1403,0
190337,0.028,0.279,-0.373,0.170,0.189,0.107,-0.604,-0.347,0.653,-0.298,1511466752.000,0.000,27163,27815,-9,3,68,13.970,371.460,25839,26595,1363,1403,0
190437,-0.016,0.191,-0.077,-0.054,0.388,0.111,-0.611,-0.341,0.645,-0.308,1374996224.000,-0.000,25817,26618,5,1,68,13.870,279.300,27548,27855,1367,1483,0
190537,0.047,0.030,-0.157,0.039,0.350,0.054,-0.622,-0.331,0.636,-0.315,1374996224.000,0.000,25971,26467,2,-6,68,13.870,279.300,27548,27855,1367,1483,0
190637,0.012,-0.604,-0.273,-0.032,0.091,0.090,-0.630,-0.325,0.627,-0.324,1498917760.000,0.000,27029,27719,12,-10,68,13.900,330.500,26881,27548,1495,1519,0
190737,-0.009,-0.567,-0.118,0.057,-0.660,0.027,-0.620,-0.327,0.638,-0.319,1374996224.000,-0.000,25923,26514,-15,8,68,13.900,330.500,26881,27548,1495,1519,0
190837,-0.026,-0.392,-0.134,0.082,-0.243,0.053,-0.602,-0.336,0.652,-0.315,1374996224.000,-0.001,25854,26581,0,-3,68,13.900,330.500,26881,27548,1495,1519,0
190937,-0.043,0.271,-0.040,0.053,0.014,0.033,-0.596,-0.338,0.656,-0.315,1433035392.000,-0.001,26424,27108,-9,4,68,14.010,361.220,25839,26737,1486,1468,0
191037,-0.062,0.198,0.032,0.078,0.401,0.039,-0.602,-0.335,0.648,-0.323,1550682496.000,-0.001,27493,28192,2,-5,68,14.010,361.220,25839,26737,1486,1468,0
191137,-0.073,-0.042,0.138,0.003,0.209,0.008,-0.611,-0.331,0.639,-0.331,1546760960.000,-0.001,27489,28127,3,-2,68,13.880,256.260,27548,28169,1465,1501,0
191237,-0.073,-0.409,0.155,0.060,-0.006,-0.004,-0.615,-0.329,0.635,-0.333,1390682496.000,-0.002,26034,26575,3,-8,68,13.880,256.260,27548,28169,1465,1501,0
191337,-0.072,-0.643,-0.041,0.073,-0.328,-0.019,-0.609,-0.334,0.638,-0.333,1374996224.000,-0.003,25902,26534,-1,-3,68,13.880,256.260,27548,28169,1465,1501,0
191437,-0.062,-0.494,-0.036,0.039,-0.599,-0.034,-0.593,-0.344,0.651,-0.325,1374996224.000,-0.003,25924,26513,-9,7,69,13.960,340.740,25839,26525,1390,1391,0
191537,-0.052,-0.360,-0.276,0.138,-0.330,-0.030,-0.577,-0.355,0.662,-0.320,1374996224.000,-0.002,25917,26520,-5,-3,69,13.960,340.740,25839,26525,1390,1391,0
191637,-0.049,-0.187,-0.306,0.114,-0.184,-0.030,-0.568,-0.364,0.666,-0.320,1374996224.000,-0.002,25920,26517,-5,1,69,13.970,361.220,25839,26385,1394,1424,0
191737,-0.045,0.344,-0.260,0.053,0.058,-0.019,-0.563,-0.368,0.667,-0.320,1374996224.000,-0.001,25912,26525,-9,7,69,13.970,361.220,25839,26385,1394,1424,0
191837,0.066,0.193,-0.299,0.131,0.559,-0.034,-0.575,-0.366,0.653,-0.331,1400878592.000,-0.000,26331,26600,6,-12,69,13.970,361.220,25839,26385,1394,1424,0
191937,0.229,-0.291,-0.296,0.027,0.214,0.061,-0.585,-0.363,0.639,-0.344,1465192320.000,-0.005,26964,27169,10,-8,68,13.830,235.780,26525,27700,1430,1325,0
192037,0.210,-0.319,-0.122,-0.004,-0.116,0.151,-0.584,-0.360,0.639,-0.348,1465976576.000,-0.008,26819,27326,-1,1,68,13.830,235.780,26525,27700,1430,1325,0
192137,0.173,-0.267,-0.034,0.109,-0.133,0.157,-0.575,-0.359,0.646,-0.351,1446368768.000,-0.010,26617,27164,-4,-4,68,13.830,235.780,26525,27700,1430,1325,0
192237,0.112,-0.259,-0.046,0.132,0.016,0.137,-0.569,-0.359,0.647,-0.358,1404800128.000,-0.012,26195,26807,1,-7,69,13.940,266.500,26109,26954,1482,1438,0
192337,0.057,-0.263,-0.186,0.021,0.017,0.127,-0.566,-0.357,0.648,-0.365,1374996224.000,-0.015,25877,26559,3,-4,69,13.940,266.500,26109,26954,1482,1438,0
192437,0.017,-0.207,-0.183,-0.012,-0.050,0.089,-0.564,-0.353,0.650,-0.367,1374996224.000,-0.015,25886,26550,-1,0,69,13.940,266.500,26109,26954,1482,1438,0
192537,-0.002,-0.118,-0.187,-0.009,-0.039,0.020,-0.560,-0.353,0.654,-0.367,1374996224.000,-0.014,25944,26494,-1,-1,68,13.960,361.220,25773,26525,1397,1404,0
192637,-0.009,-0.132,-0.117,0.036,0.118,0.009,-0.561,-0.352,0.652,-0.369,1374996224.000,-0.015,25931,26506,3,-7,68,13.960,361.220,25773,26525,1397,1404,0
192737,-0.001,-0.273,-0.182,-0.070,0.114,-0.034,-0.566,-0.350,0.648,-0.371,1374996224.000,-0.017,25984,26454,9,-5,68,13.970,371.460,25839,26595,1408,1361,0
192837,0.052,-0.306,-0.482,-0.142,-0.107,-0.043,-0.569,-0.348,0.650,-0.365,1374996224.000,-0.018,26041,26398,3,1,68,13.970,371.460,25839,26595,1408,1361,0
192937,0.082,-0.252,-0.909,0.000,-0.111,-0.026,-0.566,-0.350,0.655,-0.359,1374996224.000,-0.017,26043,26396,-1,-4,68,13.960,350.980,26109,26041,1361,1480,0
193037,0.090,-0.237,-0.795,0.072,-0.061,-0.027,-0.563,-0.353,0.656,-0.359,1374996224.000,-0.016,26056,26383,-1,-6,68,13.960,350.980,26109,26041,1361,1480,0
193137,0.097,-0.234,-0.907,0.102,-0.048,-0.024,-0.560,-0.357,0.655,-0.360,1374996224.000,-0.016,26063,26377,0,-6,68,13.960,350.980,26109,26041,1361,1480,0
193237,0.094,-0.252,-1.024,0.119,-0.049,-0.026,-0.557,-0.363,0.654,-0.362,1374996224.000,-0.017,26069,26371,0,-7,68,13.970,330.500,25906,26455,1415,1373,0
193337,0.092,-0.236,-1.097,0.154,-0.077,0.000,-0.553,-0.367,0.653,-0.365,1374996224.000,-0.017,26037,26402,-3,-7,68,13.970,330.500,25906,26455,1415,1373,0
193437,0.036,-0.021,-1.221,0.112,-0.083,0.000,-0.547,-0.373,0.652,-0.369,1374996224.000,-0.012,25972,26466,-7,2,68,13.960,330.500,26178,26246,1346,1429,0
193537,0.022,0.028,-1.054,0.000,-0.009,-0.020,-0.545,-0.375,0.654,-0.368,1374996224.000,-0.011,26032,26407,-2,-1,68,13.960,330.500,26178,26246,1346,1429,0
193637,0.011,-0.297,-1.149,0.141,0.197,-0.016,-0.547,-0.377,0.648,-0.373,1374996224.000,-0.018,26005,26434,9,-19,69,13.940,320.260,26178,26178,1334,1460,0
193737,0.018,-0.310,-1.203,-0.114,-0.278,-0.019,-0.547,-0.378,0.648,-0.372,1374996224.000,-0.018,26027,26412,0,7,69,13.940,320.260,26178,26178,1334,1460,0
193837,0.025,-0.164,-1.168,0.149,-0.191,-0.016,-0.537,-0.384,0.656,-0.365,1374996224.000,-0.016,26030,26409,-8,-7,68,13.960,340.740,25773,26455,1445,1378,0
193937,0.020,0.008,-0.929,0.140,-0.036,-0.028,-0.532,-0.390,0.654,-0.370,1374996224.000,-0.013,26041,26398,-6,-1,68,13.960,340.740,25773,26455,1445,1378,0
194037,0.022,0.240,-0.901,0.006,0.020,-0.050,-0.531,-0.393,0.653,-0.370,1374996224.000,-0.007,26073,26366,-6,6,68,13.950,350.980,25974,26246,1409,1422,0
194137,-0.120,0.377,-0.876,0.133,0.450,-0.109,-0.538,-0.393,0.644,-0.375,1374996224.000,-0.004,25958,26480,-1,-9,68,13.950,350.980,25974,26246,1409,1422,0
194237,-0.113,0.269,-0.758,0.037,0.524,-0.204,-0.558,-0.390,0.625,-0.382,1374996224.000,-0.002,26126,26314,5,-9,68,13.950,350.980,25974,26246,1409,1422,0
194337,-0.039,0.125,-0.584,0.059,0.468,-0.183,-0.574,-0.388,0.608,-0.387,1374996224.000,-0.000,26153,26287,5,-10,68,13.950,340.740,25906,26385,1441,1369,0
194437,0.024,0.002,-0.513,-0.010,0.358,-0.149,-0.589,-0.386,0.593,-0.391,1374996224.000,0.000,26175,26265,7,-8,68,13.950,340.740,25906,26385,1441,1369,0
194537,0.082,-0.183,-0.364,-0.101,0.194,-0.110,-0.600,-0.383,0.584,-0.391,1374996224.000,-0.001,26195,26245,10,-7,68,13.930,340.740,25906,26178,1463,1405,0
194637,0.221,-0.566,-0.435,-0.027,-0.113,-0.030,-0.604,-0.382,0.583,-0.387,1374996224.000,-0.004,26259,26182,8,-11,68,13.930,340.740,25906,26178,1463,1405,0
194737,0.238,-0.594,-0.351,-0.076,-0.520,0.052,-0.596,-0.386,0.593,-0.381,1374996224.000,-0.004,26189,26251,0,1,68,13.970,340.740,26246,26246,1381,1376,0
194837,0.221,-0.459,-0.337,0.020,-0.544,0.081,-0.579,-0.393,0.611,-0.370,1374996224.000,-0.004,26166,26274,-5,-1,68,13.970,340.740,26246,26246,1381,1376,0
194937,0.185,-0.398,-0.347,0.017,-0.343,0.099,-0.563,-0.399,0.625,-0.365,1440094208.000,-0.005,26747,26920,1,-5,69,13.940,350.980,26178,26455,1380,1348,0
195037,0.155,-0.335,-0.050,0.023,-0.273,0.098,-0.552,-0.401,0.635,-0.362,1548329600.000,-0.006,27730,27917,0,-4,69,13.940,350.980,26178,26455,1380,1348,0
195137,0.109,0.284,-0.017,-0.089,-0.351,0.116,-0.541,-0.403,0.646,-0.358,1436957056.000,-0.001,26650,26958,-17,21,69,13.890,123.140,27472,27777,1460,1459,0
195237,0.019,0.421,-0.185,0.038,0.293,0.126,-0.536,-0.400,0.651,-0.359,1374996224.000,-0.001,25969,26469,-1,-4,69,13.890,123.140,27472,27777,1460,1459,0
195337,-0.049,0.351,-0.073,-0.002,0.482,0.084,-0.546,-0.390,0.643,-0.369,1505192320.000,-0.002,27193,27671,4,-7,68,13.790,174.340,26954,27932,1535,1427,0
195437,-0.080,0.187,-0.011,0.100,0.350,0.046,-0.557,-0.382,0.632,-0.381,1374996224.000,-0.003,25985,26454,0,-9,68,13.790,174.340,26954,27932,1535,1427,0
195537,0.085,-0.115,-0.074,0.204,0.198,0.049,-0.562,-0.380,0.621,-0.392,1374996224.000,-0.008,26119,26321,-1,-16,68,13.790,174.340,26954,27932,1535,1427,0
195637,0.093,-0.449,-0.264,-0.036,-0.097,0.138,-0.560,-0.379,0.619,-0.399,1374996224.000,-0.018,26018,26420,10,-7,69,13.940,330.500,25974,26525,1409,1361,0
195737,0.047,-0.377,-0.515,0.018,-0.300,0.110,-0.552,-0.378,0.629,-0.397,1374996224.000,-0.019,26012,26427,-2,-4,69,13.940,330.500,25974,26525,1409,1361,0
195837,-0.002,-0.099,-0.630,0.092,-0.210,0.083,-0.540,-0.383,0.637,-0.396,1374996224.000,-0.016,25516,26906,-20,12,69,13.900,320.260,25839,26595,1423,1360,0
195937,-0.373,0.333,-0.610,-0.129,0.139,-0.108,-0.538,-0.382,0.640,-0.394,1374996224.000,-0.008,25856,26579,1,4,69,13.900,320.260,25839,26595,1423,1360,0
196037,-0.301,0.149,-0.724,0.276,0.586,-0.229,-0.554,-0.382,0.622,-0.401,1374996224.000,-0.005,26041,26399,4,-25,69,13.950,330.500,26178,26666,1349,1322,0
196137,-0.158,-0.077,-0.882,-0.097,0.114,-0.199,-0.566,-0.385,0.606,-0.405,1374996224.000,-0.004,26128,26312,8,0,69,13.950,330.500,26178,26666,1349,1322,0
196237,-0.066,-0.300,-0.814,0.053,0.079,-0.154,-0.572,-0.388,0.601,-0.401,1389113856.000,-0.004,26265,26444,7,-14,69,13.950,330.500,26178,26666,1349,1322,0
196337,0.011,-0.358,-0.615,-0.014,-0.183,-0.117,-0.573,-0.393,0.599,-0.398,1391466752.000,-0.004,26311,26442,2,-4,68,13.920,320.260,26315,26666,1392,1343,0
196437,0.037,0.062,-0.568,-0.027,-0.288,-0.069,-0.567,-0.400,0.607,-0.388,1388329600.000,-0.001,26256,26438,-10,7,68,13.920,320.260,26315,26666,1392,1343,0
196537,0.025,0.173,-0.429,0.117,0.239,-0.042,-0.567,-0.404,0.604,-0.389,1411074688.000,0.000,26442,26681,1,-10,68,13.950,299.780,26315,26246,1440,1519,0
196637,0.036,0.023,-0.197,-0.011,0.190,-0.011,-0.572,-0.402,0.596,-0.394,1438525696.000,-0.000,26684,26953,5,-6,68,13.950,299.780,26315,26246,1440,1519,0
196737,0.091,-0.244,-0.045,-0.007,-0.117,-0.026,-0.574,-0.402,0.596,-0.393,1440878592.000,-0.002,26800,26882,2,-5,68,13.950,299.780,26315,26246,1440,1519,0
196837,0.103,-0.251,-0.041,0.029,-0.389,-0.001,-0.565,-0.408,0.603,-0.388,1440878592.000,-0.002,26764,26917,-7,3,69,13.930,279.300,27027,26666,1367,1475,0
196937,0.098,-0.115,0.007,0.037,-0.356,0.019,-0.553,-0.416,0.614,-0.381,1430682496.000,-0.001,26659,26833,-7,1,69,13.930,279.300,27027,26666,1367,1475,0
197037,0.080,-0.057,0.086,0.141,-0.121,0.038,-0.544,-0.422,0.617,-0.381,1429898240.000,-0.002,26622,26855,-4,-6,68,13.930,310.020,26525,27173,1442,1342,0
197137,0.059,0.048,0.127,-0.047,-0.102,0.063,-0.538,-0.424,0.621,-0.381,1418133504.000,-0.002,26470,26786,-2,3,68,13.930,310.020,26525,27173,1442,1342,0
197237,0.037,0.331,0.128,-0.086,0.090,0.069,-0.539,-0.419,0.625,-0.380,1374996224.000,-0.000,26046,26393,-4,4,68,13.930,310.020,26525,27173,1442,1342,0
197337,-0.031,0.319,-0.360,0.044,0.412,0.029,-0.546,-0.413,0.619,-0.386,1374996224.000,-0.001,26027,26412,2,-9,69,13.930,310.020,25839,26595,1415,1357,0
197437,-0.048,0.139,-0.696,-0.059,0.434,-0.011,-0.559,-0.404,0.606,-0.396,1374996224.000,-0.001,26055,26384,10,-8,69,13.930,310.020,25839,26595,1415,1357,0
197537,0.213,-0.116,-0.650,-0.017,0.199,0.000,-0.572,-0.395,0.599,-0.398,1374996224.000,-0.003,26328,26112,5,-11,69,13.930,310.020,25839,26595,1415,1357,0
197637,0.277,-0.132,-0.542,0.016,-0.073,0.226,-0.570,-0.392,0.599,-0.404,1374996224.000,-0.004,26059,26381,-2,-2,69,13.920,340.740,26246,26385,1424,1309,0
197737,0.173,-0.092,-0.538,-0.251,-0.122,0.199,-0.565,-0.383,0.610,-0.403,1374996224.000,-0.006,26044,26395,6,5,69,13.920,340.740,26246,26385,1424,1309,0
197837,0.031,-0.163,-0.623,-0.227,-0.033,0.077,-0.564,-0.374,0.619,-0.398,1345192320.000,-0.009,25781,26087,8,-3,69,13.950,330.500,25641,26178,1377,1365,0
197937,0.005,-0.154,-0.754,-0.141,-0.074,0.017,-0.565,-0.369,0.624,-0.394,1374996224.000,-0.009,26084,26355,3,-2,69,13.950,330.500,25641,26178,1377,1365,0
198037,-0.139,-0.265,-0.590,-0.306,-0.251,-0.013,-0.564,-0.365,0.633,-0.385,1374996224.000,-0.012,25976,26462,7,6,69,13.950,330.500,25641,26178,1377,1365,0
198137,-0.113,0.007,-0.730,-0.209,-0.409,-0.077,-0.559,-0.366,0.646,-0.368,1374996224.000,-0.008,26070,26381,-9,13,69,13.930,320.260,26315,26109,1318,1459,0
198237,-0.162,0.416,-0.596,-0.077,-0.171,-0.063,-0.551,-0.371,0.657,-0.356,1374996224.000,-0.004,25956,26482,-12,10,69,13.930,320.260,26315,26109,1318,1459,0
198337,-0.124,0.318,-0.815,-0.100,0.332,-0.109,-0.559,-0.369,0.653,-0.353,1374996224.000,-0.003,26083,26357,7,-6,69,13.930,320.260,26315,26109,1318,1459,0
198437,-0.034,-0.040,-0.833,-0.021,0.134,-0.094,-0.570,-0.367,0.645,-0.354,1374996224.000,-0.005,26146,26294,5,-7,69,13.960,310.020,26455,26109,1290,1449,0
198537,0.017,-0.182,-0.591,-0.111,-0.239,0.006,-0.570,-0.368,0.647,-0.350,1374996224.000,-0.006,26055,26385,0,5,69,13.960,310.020,26455,26109,1290,1449,0
198637,0.164,-0.020,-0.513,0.014,-0.352,0.043,-0.559,-0.370,0.658,-0.342,1374996224.000,-0.006,26230,26210,-11,5,69,13.910,299.780,26178,26178,1416,1385,0
198737,0.164,0.171,-0.458,0.208,-0.142,0.188,-0.546,-0.376,0.663,-0.348,1374996224.000,-0.005,25987,26452,-12,0,69,13.910,299.780,26178,26178,1416,1385,0
198837,0.059,0.352,-0.629,-0.163,-0.010,0.090,-0.542,-0.370,0.669,-0.348,1374996224.000,-0.004,26048,26391,-3,11,69,13.910,299.780,26178,26178,1416,1385,0
198937,-0.137,0.472,-0.621,0.177,0.289,-0.030,-0.545,-0.368,0.666,-0.352,1374996224.000,-0.004,25975,26463,-9,-7,69,13.930,310.020,25906,26666,1377,1368,0
199037,-0.108,0.295,-0.595,0.214,0.414,-0.123,-0.556,-0.370,0.649,-0.364,1374996224.000,-0.004,26108,26332,0,-12,69,13.930,310.020,25906,26666,1377,1368,0
199137,-0.061,0.087,-0.482,-0.003,0.338,-0.101,-0.569,-0.369,0.635,-0.370,1374996224.000,-0.003,26108,26332,7,-6,69,13.920,299.780,26109,26385,1388,1379,0
199237,0.044,-0.038,-0.329,0.001,0.142,-0.063,-0.578,-0.367,0.628,-0.371,1374996224.000,-0.004,26171,26270,2,-5,69,13.920,299.780,26109,26385,1388,1379,0
199337,0.049,0.071,-0.312,-0.071,-0.008,0.006,-0.580,-0.365,0.628,-0.370,1374996224.000,-0.002,26096,26344,-2,4,69,13.930,320.260,26315,26385,1332,1383,0
199437,0.037,0.097,-0.294,0.237,0.161,0.023,-0.581,-0.365,0.624,-0.374,1374996224.000,-0.001,26068,26372,-6,-12,69,13.930,320.260,26315,26385,1332,1383,0
199537,0.016,0.096,-0.623,0.206,0.079,0.063,-0.580,-0.369,0.617,-0.385,1374996224.000,-0.001,26011,26428,-6,-5,69,13.930,320.260,26315,26385,1332,1383,0
199637,-0.015,0.049,-0.555,0.168,-0.027,0.084,-0.576,-0.371,0.615,-0.392,1374996224.000,-0.002,25970,26468,-6,-3,69,13.910,299.780,25974,26666,1393,1342,0
199737,-0.078,0.021,-0.577,0.256,-0.120,0.094,-0.568,-0.375,0.614,-0.400,1374996224.000,-0.003,25898,26539,-11,-4,69,13.910,299.780,25974,26666,1393,1342,0
199837,-0.133,-0.024,-0.345,0.423,-0.216,0.162,-0.553,-0.386,0.614,-0.410,1374996224.000,-0.007,25742,26690,-15,-8,69,13.950,310.020,25773,26385,1645,1436,0
199937,-0.192,-0.071,-0.256,0.132,-0.152,0.109,-0.540,-0.392,0.617,-0.417,1374996224.000,-0.011,25796,26637,-2,-2,69,13.950,310.020,25773,26385,1645,1436,0
200037,-0.297,0.219,-0.248,0.198,-0.241,-0.056,-0.531,-0.400,0.619,-0.419,1374996224.000,-0.007,25850,26585,-18,6,69,13.910,340.740,26109,26595,1348,1391,0
200137,-0.316,0.322,-0.254,0.400,0.116,-0.279,-0.526,-0.417,0.610,-0.422,1374996224.000,-0.005,26088,26351,-13,-12,69,13.910,340.740,26109,26595,1348,1391,0
200237,-0.213,0.246,-0.253,0.199,0.222,-0.286,-0.531,-0.428,0.593,-0.428,1374996224.000,-0.002,26109,26331,-3,-4,69,13.900,320.260,26315,25974,1344,1475,0
200337,-0.109,0.221,-0.181,0.126,0.019,-0.266,-0.538,-0.436,0.583,-0.425,1374996224.000,-0.001,26171,26269,-10,0,69,13.900,320.260,26315,25974,1344,1475,0
200437,-0.025,0.209,-0.091,0.334,0.084,-0.213,-0.538,-0.449,0.572,-0.428,1374996224.000,-0.000,26282,26158,-9,-12,69,13.940,310.020,26178,26455,1390,1337,0
200537,0.248,-0.076,-0.183,0.177,0.079,-0.117,-0.538,-0.458,0.559,-0.433,1374996224.000,-0.000,26380,26059,1,-9,69,13.940,310.020,26178,26455,1390,1337,0
200637,0.339,-0.325,-0.391,0.020,-0.223,0.098,-0.534,-0.463,0.557,-0.436,1374996224.000,-0.003,26203,26237,1,-2,69,13.950,299.780,25974,26109,1456,1405,0
200737,0.296,-0.195,-0.373,0.003,-0.369,0.117,-0.523,-0.466,0.569,-0.431,1374996224.000,-0.003,26186,26254,-8,3,69,13.950,299.780,25974,26109,1456,1405,0
200837,0.160,0.196,-0.369,0.136,-0.202,0.101,-0.510,-0.471,0.577,-0.430,1412643328.000,0.000,26444,26709,-16,3,69,13.940,279.300,26455,26178,1288,1436,0
200937,0.120,0.186,-0.305,0.031,0.322,0.092,-0.507,-0.471,0.576,-0.436,1438525696.000,-0.000,26686,26952,5,-8,69,13.940,279.300,26455,26178,1288,1436,0
201037,0.373,0.101,-0.111,0.030,0.244,0.116,-0.513,-0.461,0.570,-0.445,1374996224.000,-0.000,26409,26030,-1,-6,69,14.040,174.340,26666,25974,1323,1365,0
201137,0.329,0.044,-0.275,0.068,0.156,0.244,-0.512,-0.455,0.567,-0.458,1374996224.000,-0.003,26108,26332,0,-4,69,14.040,174.340,26666,25974,1323,1365,0
201237,-0.290,0.174,-0.366,-0.229,0.148,0.158,-0.514,-0.443,0.571,-0.463,1422839424.000,-0.003,25836,27483,1,7,69,14.040,174.340,26666,25974,1323,1365,0
201337,-0.290,0.125,-0.356,-0.167,0.279,-0.226,-0.526,-0.431,0.573,-0.458,1420486400.000,-0.002,26579,26721,2,-6,69,13.880,225.540,25906,27173,1400,1459,0
201437,-0.197,0.001,-0.118,0.117,0.237,-0.202,-0.536,-0.434,0.559,-0.460,1478525696.000,-0.001,27077,27301,2,-8,69,13.880,225.540,25906,27173,1400,1459,0
201537,0.162,-0.281,-0.196,-0.154,0.064,-0.093,-0.547,-0.431,0.555,-0.456,1445584512.000,-0.005,27054,26715,9,-8,69,13.890,123.140,26954,27322,1649,1455,0
201637,0.374,-0.547,-0.207,0.017,-0.172,0.112,-0.546,-0.431,0.556,-0.456,1374996224.000,-0.015,26361,26079,5,-13,69,13.890,123.140,26954,27322,1649,1455,0
201737,0.325,-0.566,-0.259,-0.266,-0.528,0.239,-0.536,-0.430,0.570,-0.450,1374996224.000,-0.020,26116,26324,3,7,69,13.930,279.300,26315,26178,1349,1415,0
201837,0.174,-0.184,-0.134,-0.094,-0.529,0.182,-0.520,-0.430,0.594,-0.438,1374996224.000,-0.013,26055,26384,-14,9,69,13.930,279.300,26315,26178,1349,1415,0
201937,-0.251,0.347,-0.341,-0.522,-0.221,0.006,-0.510,-0.430,0.610,-0.427,1374996224.000,-0.006,25849,26586,0,27,69,13.930,279.300,26315,26178,1349,1415,0
202037,-0.240,0.314,-0.197,-0.016,0.399,-0.291,-0.524,-0.426,0.609,-0.416,1374996224.000,-0.004,26236,26204,0,-12,69,13.880,246.020,25773,26666,1389,1396,0
202137,-0.003,0.021,-0.313,-0.261,0.132,-0.176,-0.542,-0.424,0.598,-0.412,1374996224.000,-0.003,26286,26155,7,2,69,13.880,246.020,25773,26666,1389,1396,0
202237,0.200,-0.352,-0.388,-0.283,-0.062,-0.039,-0.550,-0.418,0.601,-0.401,1374996224.000,-0.008,26383,26056,13,-6,70,13.890,289.540,26041,26178,1431,1412,0
202337,0.193,-0.195,-0.325,-0.033,-0.239,0.157,-0.546,-0.417,0.607,-0.399,1374996224.000,-0.006,26094,26346,-6,2,70,13.890,289.540,26041,26178,1431,1412,0
202437,0.126,-0.017,-0.386,-0.180,-0.364,0.202,-0.535,-0.413,0.627,-0.390,1374996224.000,-0.007,26020,26419,-8,8,69,13.930,299.780,26109,26525,1360,1369,0
202537,0.047,0.133,-0.638,0.137,-0.001,0.216,-0.526,-0.410,0.633,-0.393,1374996224.000,-0.008,25943,26494,-9,-5,69,13.930,299.780,26109,26525,1360,1369,0
202637,-0.037,0.215,-0.634,0.001,-0.096,0.209,-0.519,-0.407,0.637,-0.400,1374996224.000,-0.009,25878,26558,-9,7,69,13.930,299.780,26109,26525,1360,1369,0
202737,-0.108,0.231,-0.481,0.156,0.072,0.138,-0.514,-0.403,0.639,-0.406,1374996224.000,-0.012,25895,26531,-9,-6,69,13.910,330.500,25706,26595,1422,1392,0
202837,-0.139,0.235,-0.383,0.113,0.082,0.024,-0.512,-0.403,0.634,-0.415,1374996224.000,-0.012,25983,26456,-8,0,69,13.910,330.500,25706,26595,1422,1392,0
202937,-0.075,0.218,-0.451,-0.027,0.122,-0.016,-0.514,-0.402,0.632,-0.418,1374996224.000,-0.012,26056,26383,-2,1,69,13.920,235.780,26385,25974,1305,1494,0
203037,-0.050,0.143,-0.564,-0.152,0.393,-0.094,-0.526,-0.396,0.626,-0.418,1374996224.000,-0.010,26152,26288,9,-5,69,13.920,235.780,26385,25974,1305,1494,0
203137,-0.362,0.163,-0.573,-0.327,0.514,-0.264,-0.546,-0.387,0.614,-0.418,1374996224.000,-0.005,26001,26438,15,-1,69,13.920,235.780,26385,25974,1305,1494,0
203237,-0.218,0.023,-0.511,0.013,0.438,-0.378,-0.571,-0.384,0.597,-0.413,1374996224.000,-0.001,26265,26175,4,-13,69,13.920,266.500,26315,26315,1359,1370,0
203337,-0.026,-0.173,-0.367,-0.156,0.198,-0.277,-0.587,-0.386,0.584,-0.407,1389898240.000,-0.001,26488,26235,11,-6,69,13.920,266.500,26315,26315,1359,1370,0
203437,0.072,-0.583,-0.159,-0.018,0.030,-0.097,-0.597,-0.386,0.577,-0.401,1449506048.000,-0.002,26903,26940,12,-15,69,13.890,174.340,27173,26666,1338,1448,0
203537,0.104,-0.641,0.016,-0.132,-0.551,-0.033,-0.592,-0.390,0.586,-0.392,1451858944.000,-0.002,26913,26973,0,4,69,13.890,174.340,27173,26666,1338,1448,0
203637,0.104,-0.542,0.075,0.090,-0.468,0.013,-0.577,-0.400,0.602,-0.381,1452643328.000,-0.002,26895,27005,-4,-7,69,13.890,174.340,27173,26666,1338,1448,0
203737,0.118,-0.323,0.074,0.092,-0.364,0.059,-0.562,-0.410,0.611,-0.379,1447153024.000,-0.002,26831,26967,-5,-1,69,13.870,164.100,26737,26954,1472,1447,0
203837,0.132,-0.105,0.063,0.008,-0.278,0.067,-0.550,-0.414,0.621,-0.374,1440878592.000,-0.002,26800,26882,-6,2,69,13.870,164.100,26737,26954,1472,1447,0
203937,0.153,0.184,0.086,0.138,0.026,0.053,-0.545,-0.417,0.623,-0.376,1436172672.000,0.000,26785,26810,-8,-3,69,13.880,133.380,27100,26595,1352,1469,0
204037,0.154,0.154,-0.048,-0.019,0.211,0.008,-0.547,-0.415,0.619,-0.382,1436172672.000,-0.000,26841,26753,3,-3,69,13.880,133.380,27100,26595,1352,1469,0
204137,0.175,0.011,-0.083,-0.222,0.184,0.033,-0.556,-0.407,0.616,-0.383,1374996224.000,-0.002,26245,26195,10,0,69,13.880,133.380,27100,26595,1352,1469,0
204237,0.106,0.193,-0.128,-0.311,0.046,0.036,-0.564,-0.396,0.619,-0.377,1374996224.000,0.000,26177,26263,2,10,69,13.900,246.020,26178,26315,1379,1378,0
204337,0.049,-0.059,-0.227,-0.109,0.166,0.013,-0.570,-0.388,0.620,-0.374,1374996224.000,-0.002,26172,26269,8,-10,69,13.900,246.020,26178,26315,1379,1378,0
204437,0.054,-0.317,-0.447,-0.247,-0.159,0.077,-0.574,-0.382,0.622,-0.372,1374996224.000,-0.007,26203,26237,12,-1,69,13.900,246.020,26178,26315,1379,1378,0
204537,0.192,-0.331,-0.643,-0.144,-0.473,0.166,-0.566,-0.378,0.637,-0.362,1374996224.000,-0.010,26154,26286,-6,5,69,13.920,235.780,26109,26385,1407,1357,0
204637,0.167,-0.120,-0.731,-0.158,-0.347,0.253,-0.551,-0.375,0.655,-0.356,1374996224.000,-0.011,26041,26398,-3,7,69,13.920,235.780,26109,26385,1407,1357,0
204737,-0.035,0.365,-0.629,-0.040,-0.094,0.372,-0.541,-0.366,0.668,-0.357,1374996224.000,-0.006,25507,26914,-11,12,69,13.920,235.780,26109,26385,1407,1357,0
204837,-0.351,0.468,-0.431,-0.237,0.272,0.122,-0.543,-0.349,0.675,-0.357,1374996224.000,-0.010,25703,26728,2,5,69,13.900,205.060,26041,26809,1311,1456,0
204937,-0.340,0.072,-0.371,0.063,0.484,-0.114,-0.558,-0.341,0.665,-0.361,1374996224.000,-0.013,26005,26434,8,-20,69,13.900,205.060,26041,26809,1311,1456,0
205037,-0.278,-0.362,-0.399,-0.180,-0.012,-0.168,-0.570,-0.340,0.656,-0.360,1374996224.000,-2.016,26048,26392,-45,-54,70,13.900,225.540,25974,26178,1411,1449,0
205137,-0.171,-0.196,-0.472,-2.787,-0.363,-0.086,-0.587,-0.306,0.685,-0.304,1374996224.000,-0.010,26039,26401,92,104,70,13.900,225.540,25974,26178,1411,1449,0
205237,-0.047,-0.051,-0.692,1.052,0.124,-0.241,-0.602,-0.281,0.701,-0.260,1374996224.000,-0.004,26322,26118,-53,-66,70,13.900,225.540,25974,26178,1411,1449,0
205337,-0.072,-0.348,-0.702,-0.931,-0.059,0.111,-0.595,-0.300,0.690,-0.282,1374996224.000,-2.007,25819,26615,-23,-40,70,13.900,266.500,26315,25773,1362,1375,0
205437,0.005,-0.290,-0.734,-1.923,-0.270,-0.006,-0.611,-0.252,0.716,-0.224,1374996224.000,-2.003,26128,26312,2,4,70,13.900,266.500,26315,25773,1362,1375,0
205537,0.188,0.015,-0.552,-1.778,-0.133,0.060,-0.624,-0.194,0.741,-0.153,1374996224.000,0.003,26250,26191,40,51,69,13.900,246.020,26246,26385,1361,1361,0
205637,0.172,0.265,-0.503,0.869,-0.034,0.104,-0.619,-0.193,0.745,-0.154,1374996224.000,-1.997,26089,26351,-106,-93,69,13.900,246.020,26246,26385,1361,1361,0
205737,0.230,0.362,-0.533,-3.482,0.567,0.287,-0.640,-0.137,0.748,-0.110,1374996224.000,-1.996,26011,26428,74,55,69,13.900,246.020,26246,26385,1361,1361,0
205837,0.275,0.219,-0.572,-0.782,0.291,0.119,-0.665,-0.060,0.743,-0.040,1374996224.000,0.003,26297,26143,-1,-4,70,13.890,225.540,26041,26737,1376,1323,0
205937,0.122,0.333,-0.449,0.443,0.211,0.188,-0.671,-0.082,0.733,-0.073,1374996224.000,0.002,25921,26516,-12,-5,70,13.890,225.540,26041,26737,1376,1323,0
206037,-0.014,0.240,-0.486,-1.147,0.349,0.043,-0.683,-0.042,0.728,-0.042,1494996224.000,-0.000,27223,27457,21,9,69,13.890,194.820,25773,26809,1362,1387,0
206137,0.003,0.128,-0.300,0.729,0.067,-0.110,-0.690,-0.052,0.720,-0.049,1494996224.000,0.000,27353,27327,-28,-24,69,13.890,194.820,25773,26809,1362,1387,0
206237,0.124,-0.110,-0.386,-1.159,-0.023,-0.193,-0.690,-0.043,0.722,-0.029,1374996224.000,0.001,26455,25983,42,32,69,13.870,10.500,27173,27027,1207,1223,0
206337,0.276,-0.582,-0.688,-0.197,-0.403,-0.156,-0.687,-0.028,0.726,-0.000,1374996224.000,0.003,26505,25933,0,-7,69,13.870,10.500,27173,27027,1207,1223,0
206437,0.325,-0.361,-0.778,-1.000,-0.923,-0.019,-0.659,-0.013,0.751,0.022,1408721664.000,0.008,26702,26376,13,45,69,13.900,235.780,26737,25974,1410,1501,0
206537,0.242,0.566,-0.481,-0.543,-0.383,0.093,-0.635,0.017,0.770,0.053,1571074688.000,0.006,27982,28073,-14,27,69,13.900,235.780,26737,25974,1410,1501,0
206637,0.216,0.532,-0.534,-0.421,0.283,0.147,-0.639,0.033,0.766,0.063,1574996224.000,0.005,28027,28098,8,10,69,13.780,553.210,28089,28011,1496,1538,0
206737,0.171,0.491,-0.430,-0.350,-0.040,0.278,-0.642,0.058,0.760,0.076,1567937408.000,0.003,27789,28209,-7,19,69,13.780,553.210,28089,28011,1496,1538,0
206837,0.058,0.475,-0.262,0.016,0.163,0.318,-0.645,0.070,0.758,0.069,1374996224.000,0.001,25889,26548,-8,3,69,13.890,133.380,26041,26595,1423,1484,0
206937,-0.048,0.405,-0.232,-0.056,0.307,0.237,-0.655,0.080,0.749,0.062,1374996224.000,-0.001,25904,26533,2,3,69,13.890,133.380,26041,26595,1423,1484,0
207037,-0.109,0.315,-0.321,-0.104,0.306,0.122,-0.666,0.088,0.738,0.061,1374996224.000,-0.001,25960,26478,3,4,69,13.910,246.020,25906,26455,1398,1410,0
207137,-0.145,0.231,-0.470,-0.220,0.281,0.094,-0.676,0.096,0.727,0.065,1374996224.000,-0.001,25922,26515,8,7,69,13.910,246.020,25906,26455,1398,1410,0
207237,-0.171,0.169,-0.330,-0.072,0.176,0.076,-0.683,0.104,0.719,0.069,1374996224.000,-0.001,25892,26544,0,2,69,13.910,246.020,25906,26455,1398,1410,0
207337,-0.339,0.735,-0.236,0.220,0.138,0.012,-0.690,0.102,0.714,0.065,1374996224.000,-0.001,25723,26708,-27,15,69,13.860,215.300,25839,26455,1393,1430,0
207437,-0.313,0.791,-0.200,0.243,0.562,-0.134,-0.700,0.092,0.706,0.062,1374996224.000,0.000,25972,26466,-7,-2,69,13.860,215.300,25839,26455,1393,1430,0
207537,-0.266,0.579,-0.467,0.343,0.814,-0.111,-0.725,0.075,0.682,0.058,1374996224.000,0.001,25940,26497,0,-13,69,13.910,246.020,26041,26246,1364,1450,0
207637,-0.074,-0.128,-0.553,0.318,0.412,-0.023,-0.746,0.060,0.661,0.054,1374996224.000,0.002,26043,26396,7,-19,69,13.910,246.020,26041,26246,1364,1450,0
207737,-0.065,-0.363,-0.503,0.421,-0.402,0.111,-0.751,0.044,0.658,0.037,1374996224.000,0.001,25849,26586,-16,1,70,13.930,184.580,26109,26595,1343,1363,0
207837,-0.153,-0.259,-0.364,0.397,-0.471,0.137,-0.737,0.037,0.675,0.022,1550682496.000,0.002,27377,28305,-15,-1,70,13.930,184.580,26109,26595,1343,1363,0
207937,-0.260,-0.169,0.128,0.450,-0.230,0.086,-0.727,0.025,0.686,0.002,1505976576.000,0.002,26948,27925,-10,-7,69,13.910,10.500,26954,28089,1466,1498,0
208037,-0.895,-0.640,0.056,-0.113,-0.362,-0.156,-0.717,0.015,0.696,-0.009,1374996224.000,0.018,25437,26981,14,3,69,13.910,10.500,26954,28089,1466,1498,0
208137,-0.745,-0.480,-0.074,0.732,-0.809,-0.546,-0.699,-0.005,0.716,-0.002,1374996224.000,0.016,25948,26490,-35,-10,70,13.910,225.540,25906,26385,1419,1416,0
208237,-0.704,0.043,-0.365,0.198,-0.707,-0.578,-0.669,-0.044,0.742,-0.005,1374996224.000,0.004,25930,26507,-19,22,70,13.910,225.540,25906,26385,1419,1416,0
208337,0.119,0.368,-0.483,0.817,-0.224,-0.408,-0.651,-0.073,0.756,0.006,1374996224.000,0.005,26517,25920,-39,-13,70,13.910,225.540,25906,26385,1419,1416,0
208437,0.362,0.543,-0.558,0.023,0.102,0.182,-0.646,-0.095,0.758,-0.012,1374996224.000,0.006,25973,26465,-1,17,69,13.900,225.540,26666,25773,1438,1348,0
208537,0.280,0.480,-0.483,0.326,0.277,0.243,-0.653,-0.086,0.752,-0.019,1498133504.000,0.004,27103,27633,-17,-7,69,13.900,225.540,26666,25773,1438,1348,0
208637,0.153,0.422,-0.291,0.426,0.171,0.269,-0.659,-0.092,0.745,-0.047,1528721664.000,0.002,27275,28014,-17,-1,69,13.830,10.500,27322,28089,1493,1492,0
208737,0.024,0.388,-0.177,0.370,0.263,0.228,-0.664,-0.093,0.738,-0.069,1417349120.000,-0.001,26113,27119,-13,-5,69,13.830,10.500,27322,28089,1493,1492,0
208837,-0.478,0.382,-0.080,0.406,0.343,0.070,-0.673,-0.099,0.728,-0.091,1436957056.000,-0.008,26074,27515,-12,-6,70,13.920,51.460,25906,27777,1422,1417,0
208937,-0.072,0.200,-0.152,0.943,0.229,0.050,-0.680,-0.115,0.716,-0.111,1374996224.000,-0.001,25931,26506,-30,-26,70,13.920,51.460,25906,27777,1422,1417,0
209037,-0.171,0.154,-0.223,0.161,0.000,0.297,-0.680,-0.129,0.708,-0.144,1374996224.000,-0.001,25373,27041,-8,12,70,13.920,51.460,25906,27777,1422,1417,0
209137,-0.887,0.374,-0.224,0.381,0.150,0.151,-0.678,-0.126,0.708,-0.157,1374996224.000,-0.009,24835,27536,-20,-5,69,13.920,194.820,25380,26954,1358,1431,0
209237,-0.894,0.150,-0.308,0.506,0.360,-0.451,-0.686,-0.142,0.694,-0.167,1374996224.000,-0.004,25884,26552,-9,-19,69,13.920,194.820,25380,26954,1358,1431,0
209337,-0.058,-0.011,-0.283,0.842,0.000,-0.087,-0.691,-0.179,0.678,-0.178,1374996224.000,-0.000,25988,26450,-26,-17,69,13.870,184.580,26455,25575,1471,1414,0
209437,-0.084,0.040,-0.340,-0.479,-0.229,0.014,-0.683,-0.181,0.683,-0.182,1374996224.000,-0.000,25879,26557,8,28,69,13.870,184.580,26455,25575,1471,1414,0
209537,-0.056,0.068,-0.349,0.411,-0.004,-0.120,-0.681,-0.183,0.686,-0.177,1374996224.000,-0.000,26042,26397,-21,-14,69,13.870,184.580,26455,25575,1471,1414,0
209637,-0.017,0.089,-0.652,-0.253,-0.147,-0.069,-0.678,-0.193,0.686,-0.180,1374996224.000,-0.000,25978,26460,0,19,70,13.910,174.340,25974,26525,1397,1362,0
209737,0.016,0.113,-0.964,-0.079,0.016,-0.080,-0.679,-0.187,0.691,-0.166,1374996224.000,-0.000,26034,26405,-8,0,70,13.910,174.340,25974,26525,1397,1362,0
209837,-0.151,0.192,-1.193,0.032,0.041,0.009,-0.680,-0.190,0.688,-0.168,1374996224.000,-0.003,25692,26738,-11,4,69,13.880,215.300,26041,26109,1359,1493,0
209937,-0.276,0.201,-1.000,-0.090,0.158,-0.126,-0.684,-0.186,0.687,-0.161,1374996224.000,-0.004,25763,26669,-5,2,69,13.880,215.300,26041,26109,1359,1493,0
210037,-0.268,0.092,-0.879,0.179,0.128,-0.213,-0.691,-0.193,0.678,-0.159,1396172672.000,-0.003,26133,26707,-11,-6,69,13.880,215.300,26041,26109,1359,1493,0
210137,-0.694,0.086,-0.657,-0.176,-0.117,-0.448,-0.693,-0.204,0.675,-0.153,1447153024.000,-0.006,26423,27367,-4,16,70,13.860,153.860,26041,27173,1566,1488,0
210237,-0.284,-0.042,-0.549,0.257,-0.024,-0.709,-0.694,-0.224,0.672,-0.129,1374996224.000,0.002,26539,25897,-14,-12,70,13.860,153.860,26041,27173,1566,1488,0
210337,0.406,-0.177,-0.570,0.381,-0.277,-0.192,-0.690,-0.255,0.667,-0.122,1374996224.000,0.008,26443,25996,-18,-4,69,13.900,153.860,27027,25510,1400,1343,0
210437,0.393,-0.252,-0.555,-0.324,-0.359,0.118,-0.678,-0.254,0.680,-0.115,1374996224.000,0.018,26121,26319,4,14,69,13.900,153.860,27027,25510,1400,1343,0
210537,0.279,-0.351,-0.440,0.218,-0.248,0.252,-0.669,-0.248,0.691,-0.117,1374996224.000,0.026,25932,26506,-12,-10,69,13.900,153.860,27027,25510,1400,1343,0
210637,0.311,-0.375,-0.521,-1.407,0.159,0.061,-0.674,-0.226,0.697,-0.091,1374996224.000,0.028,26212,26228,53,29,69,13.890,266.500,26737,25839,1338,1400,0
210737,0.255,-0.352,-0.293,1.801,0.276,0.609,-0.688,-0.221,0.678,-0.136,1374996224.000,0.011,25675,26754,-61,-68,69,13.890,266.500,26737,25839,1338,1400,0
210837,0.101,0.287,0.189,2.031,-0.150,0.454,-0.645,-0.259,0.688,-0.208,1374996224.000,0.000,25795,26639,-66,-41,69,13.890,266.500,26737,25839,1338,1400,0
210937,-0.058,0.195,0.592,1.694,0.583,0.427,-0.629,-0.301,0.660,-0.280,1374996224.000,-0.001,25478,26942,-28,-48,69,13.860,164.100,25839,26315,1444,1411,0
211037,-0.155,0.080,0.910,1.544,0.098,-0.071,-0.611,-0.342,0.624,-0.346,1349113856.000,-0.000,25804,26139,-41,-31,69,13.860,164.100,25839,26315,1444,1411,0
211137,-0.158,0.053,0.712,1.156,0.147,-0.054,-0.593,-0.375,0.601,-0.383,1174996224.000,-0.000,23927,24546,-25,-25,69,13.950,381.700,23923,25188,1262,1272,0
211237,-0.135,-0.000,0.379,0.931,0.097,0.009,-0.578,-0.404,0.575,-0.415,1174996224.000,0.000,23791,24677,-23,-20,69,13.950,381.700,23923,25188,1262,1272,0
211337,-0.146,-0.045,-0.011,0.733,0.122,0.222,-0.564,-0.423,0.553,-0.444,1174996224.000,0.000,23464,24989,-20,-23,69,13.950,381.700,23923,25188,1262,1272,0
211437,-0.210,-0.108,-0.424,0.566,0.227,0.288,-0.553,-0.430,0.538,-0.469,1164996352.000,0.001,23257,24982,-11,-21,69,13.950,350.980,23529,24875,1273,1293,0
211537,-0.267,-0.161,-0.473,0.399,0.000,0.082,-0.543,-0.435,0.527,-0.489,1149996544.000,0.002,23405,24540,-15,-12,69,13.950,350.980,23529,24875,1273,1293,0
211637,-0.304,-0.210,-0.428,0.347,0.070,0.058,-0.532,-0.441,0.520,-0.502,1124996864.000,0.001,23112,24307,-11,-17,69,13.950,350.980,23529,24875,1273,1293,0
211737,-0.316,-0.189,-0.413,0.426,-0.228,0.014,-0.519,-0.453,0.513,-0.512,1104997120.000,0.001,22943,24054,-22,-10,69,13.980,350.980,22988,24330,1212,1253,0
211837,-0.329,-0.062,-0.458,0.557,-0.366,0.063,-0.494,-0.477,0.512,-0.516,1089997312.000,-0.001,22675,23997,-28,-11,69,13.980,350.980,22988,24330,1212,1253,0
211937,-0.314,-0.043,-0.516,0.627,-0.016,-0.052,-0.477,-0.494,0.498,-0.529,1079997440.000,0.002,22727,23737,-21,-21,69,14.000,391.940,22727,23866,1200,1228,0
212037,-0.306,-0.031,-0.538,0.583,-0.166,0.104,-0.463,-0.509,0.486,-0.539,1064997632.000,0.002,22284,23841,-27,-14,69,14.000,391.940,22727,23866,1200,1228,0
212137,-0.343,-0.039,-0.428,0.483,0.059,0.212,-0.446,-0.519,0.474,-0.554,1044997888.000,0.002,21927,23753,-16,-18,69,14.000,391.940,22727,23866,1200,1228,0
212237,-0.375,-0.080,-0.224,0.233,0.003,0.074,-0.437,-0.521,0.464,-0.568,1024998144.000,0.003,21892,23361,-12,-8,69,14.010,402.180,21881,23584,1157,1210,0
212337,-0.338,0.078,-0.112,0.051,-0.702,-0.106,-0.423,-0.542,0.468,-0.555,1014998272.000,0.000,22015,23029,-31,16,69,14.010,402.180,21881,23584,1157,1210,0
212437,-0.309,0.234,-0.123,-0.038,-0.432,-0.189,-0.413,-0.558,0.477,-0.539,1004998400.000,-0.002,22089,22739,-22,9,69,14.040,381.700,21881,22988,1162,1192,0
212537,-0.253,0.340,-0.200,-0.404,-0.366,0.006,-0.414,-0.566,0.487,-0.522,989998592.000,-0.003,21590,22888,-15,22,69,14.040,381.700,21881,22988,1162,1192,0
212637,-0.233,0.457,-0.256,-0.377,-0.573,0.013,-0.413,-0.569,0.505,-0.500,969998848.000,-0.004,21433,22597,-30,31,69,14.040,381.700,21551,22573,1102,1195,0
212737,-0.220,0.627,-0.191,-0.402,-0.610,0.051,-0.409,-0.573,0.524,-0.478,959998976.000,-0.005,21300,22501,-33,32,69,14.040,381.700,21551,22573,1102,1195,0
212837,-0.192,0.802,-0.033,-0.520,-0.529,0.043,-0.406,-0.577,0.547,-0.450,939999232.000,-0.006,21116,22228,-30,37,69,14.040,381.700,21551,22573,1102,1195,0
212937,-0.126,0.941,0.145,-0.730,-0.270,0.037,-0.411,-0.573,0.571,-0.420,934999296.000,-0.005,21093,22138,-21,37,69,14.070,422.660,21008,22026,1118,1202,0
213037,-0.063,1.031,0.361,-0.650,-0.409,0.168,-0.421,-0.562,0.594,-0.392,919999488.000,-0.003,20802,22074,-35,42,69,14.070,422.660,21008,22026,1118,1202,0
213137,-0.052,1.147,0.376,-0.577,-0.550,0.129,-0.423,-0.548,0.622,-0.365,909999616.000,-0.003,20886,21766,-45,48,68,14.080,453.380,20491,22421,1038,1123,0
213237,-0.035,1.246,0.251,-0.697,-0.108,0.352,-0.428,-0.530,0.650,-0.338,894999808.000,-0.002,20349,21930,-29,39,68,14.080,453.380,20491,22421,1038,1123,0
213337,-0.085,1.199,0.204,-0.510,-0.013,0.240,-0.440,-0.505,0.664,-0.333,880000000.000,-0.004,20396,21541,-34,39,69,14.100,545.540,20080,21834,1049,1179,0
213437,-0.109,1.290,0.015,-0.240,-0.301,0.266,-0.435,-0.495,0.682,-0.318,865000064.000,-0.006,20029,21537,-49,40,69,14.100,545.540,20080,21834,1049,1179,0
213537,-0.131,1.291,-0.139,-0.048,0.036,0.027,-0.436,-0.487,0.688,-0.316,850000064.000,-0.007,20199,21024,-45,29,68,14.100,606.980,20120,21141,1033,1109,0
213637,-0.134,1.336,-0.038,0.381,-0.277,-0.071,-0.426,-0.496,0.687,-0.316,840000064.000,-0.008,20091,20889,-68,29,68,14.100,606.980,20120,21141,1033,1109,0
213737,-0.172,1.398,0.034,0.757,-0.064,-0.360,-0.409,-0.516,0.678,-0.326,825000064.000,-0.010,20307,20313,-69,16,68,14.120,66.830,20080,20576,1037,1074,0
213837,-0.160,1.295,0.063,0.972,0.621,-0.418,-0.405,-0.543,0.645,-0.354,810000064.000,-0.009,20029,20220,-52,-7,68,14.120,66.830,20080,20576,1037,1074,0
213937,-0.168,1.139,0.115,1.024,0.339,-0.417,-0.402,-0.565,0.606,-0.393,805000064.000,-0.008,19991,20133,-64,5,68,14.140,148.750,20040,20242,1013,996,0
214037,-0.152,1.075,0.000,1.001,0.253,-0.366,-0.388,-0.593,0.570,-0.416,790000064.000,-0.007,19716,20032,-61,4,68,14.140,148.750,20040,20242,1013,996,0
214137,-0.180,1.006,-0.207,0.777,0.239,-0.047,-0.375,-0.608,0.543,-0.440,775000064.000,-0.007,19009,20339,-54,10,68,14.150,353.550,19157,20283,947,1033,0
214237,-0.238,0.986,-0.187,0.471,-0.304,-0.142,-0.359,-0.620,0.526,-0.457,760000064.000,-0.009,19085,19894,-64,34,68,14.150,353.550,19157,20283,947,1033,0
214337,-0.223,1.064,-0.200,0.180,-0.072,-0.051,-0.345,-0.637,0.519,-0.455,750000064.000,-0.010,18759,19952,-49,31,68,14.150,353.550,19157,20283,947,1033,0
214437,-0.178,1.046,-0.041,-0.010,0.033,-0.229,-0.347,-0.641,0.511,-0.456,735000064.000,-0.008,18973,19365,-47,33,69,14.140,468.750,18726,19841,954,1050,0
214537,-0.102,1.087,0.173,-0.271,-0.188,-0.137,-0.350,-0.646,0.510,-0.446,720000064.000,-0.005,18686,19257,-47,47,69,14.140,468.750,18726,19841,954,1050,0
214637,-0.057,1.056,0.255,-0.483,0.271,0.053,-0.364,-0.637,0.517,-0.440,705000064.000,-0.003,18290,19248,-31,38,68,14.190,550.670,18382,19305,926,1010,0
214737,-0.024,1.028,0.182,-0.472,-0.114,0.136,-0.377,-0.627,0.525,-0.434,695000064.000,-0.001,18037,19227,-45,49,68,14.190,550.670,18382,19305,926,1010,0
214837,-0.032,1.039,0.054,-0.451,0.052,0.346,-0.386,-0.615,0.541,-0.424,685000064.000,-0.001,17519,19445,-41,42,68,14.180,560.910,18050,19157,866,986,0
214937,-0.090,1.028,0.055,-0.378,-0.099,0.301,-0.393,-0.598,0.560,-0.420,670000064.000,-0.004,17443,19124,-51,46,68,14.180,560.910,18050,19157,866,986,0
215037,-0.108,1.043,0.035,-0.416,0.243,0.123,-0.398,-0.587,0.572,-0.412,655000064.000,-0.005,17459,18713,-35,37,68,14.200,581.390,17605,18587,863,951,0
215137,-0.111,0.955,-0.015,-0.397,0.130,0.150,-0.415,-0.569,0.578,-0.413,645000064.000,-0.005,17226,18662,-42,42,68,14.200,581.390,17605,18587,863,951,0
215237,-0.124,0.977,-0.062,-0.457,-0.191,0.172,-0.422,-0.556,0.593,-0.402,635000064.000,-0.005,17049,18556,-48,53,68,14.200,581.390,17605,18587,863,951,0
215337,-0.104,0.993,-0.073,-0.572,0.112,0.172,-0.432,-0.542,0.608,-0.388,615000064.000,-0.004,16739,18297,-37,46,68,14.210,581.390,17123,18518,822,910,0
215437,-0.086,1.027,0.020,-0.771,-0.388,0.127,-0.442,-0.526,0.626,-0.369,605000064.000,-0.004,16763,18000,-49,70,68,14.210,581.390,17123,18518,822,910,0
215537,-0.025,1.092,-0.013,-0.898,0.076,0.170,-0.453,-0.508,0.649,-0.341,590000064.000,-0.001,16511,17815,-31,57,68,14.220,601.870,16611,17857,801,874,0
215637,-0.001,1.107,0.063,-0.889,-0.303,0.350,-0.467,-0.480,0.671,-0.317,580000064.000,-0.000,16071,17937,-48,72,68,14.220,601.870,16611,17857,801,874,0
215737,0.008,1.185,0.069,-0.989,-0.111,0.358,-0.473,-0.452,0.700,-0.287,565000064.000,0.000,15913,17658,-39,69,68,14.220,601.870,16611,17857,801,874,0
215837,0.023,1.209,0.069,-1.056,0.030,0.479,-0.485,-0.416,0.724,-0.259,550000064.000,0.001,15437,17655,-35,68,68,14.260,622.350,15923,17730,782,855,0
215937,0.002,1.164,0.120,-0.961,0.080,0.436,-0.504,-0.372,0.744,-0.234,540000064.000,0.000,15498,17315,-39,66,68,14.260,622.350,15923,17730,782,855,0
216037,0.020,1.131,0.173,-0.897,-0.216,0.260,-0.520,-0.336,0.756,-0.212,530000064.000,0.001,15634,16899,-50,75,67,14.260,612.110,15673,17182,763,804,0
216137,0.064,1.173,0.116,-0.870,0.093,0.294,-0.525,-0.307,0.773,-0.182,520000064.000,0.003,15331,16880,-38,64,67,14.260,612.110,15673,17182,763,804,0
216237,0.044,1.073,-0.013,-1.034,0.267,0.356,-0.546,-0.263,0.779,-0.162,505000064.000,0.002,15082,16659,-30,67,68,14.270,591.630,14925,16949,758,808,0
216337,0.089,1.153,0.138,-1.094,-0.767,0.303,-0.544,-0.225,0.799,-0.124,485000064.000,0.004,14836,16275,-61,100,68,14.270,591.630,14925,16949,758,808,0
216437,0.161,1.236,0.026,-1.288,0.123,0.303,-0.540,-0.184,0.817,-0.082,470000064.000,0.008,14702,15932,-26,78,68,14.270,591.630,14925,16949,758,808,0
216537,0.224,1.202,0.122,-1.157,-0.218,0.444,-0.550,-0.140,0.822,-0.044,460000064.000,0.011,14251,16029,-46,89,68,14.270,612.110,14792,15772,678,782,0
216637,0.209,1.228,0.145,-0.922,-0.420,0.597,-0.547,-0.084,0.833,-0.010,440000064.000,0.010,13634,15941,-60,89,68,14.270,612.110,14792,15772,678,782,0
216737,0.201,1.363,0.153,-0.989,-0.412,0.403,-0.528,-0.045,0.848,0.016,430000064.000,0.012,13923,15367,-54,93,68,14.270,612.110,14792,15772,678,782,0
216837,0.167,1.354,-0.014,-0.662,0.033,0.406,-0.529,-0.006,0.848,0.035,425000064.000,0.010,13782,15332,-53,75,67,14.300,612.110,13888,15290,664,776,0
216937,0.188,1.395,0.061,-0.567,-0.396,0.191,-0.521,0.020,0.852,0.055,410000064.000,0.012,13818,14631,-70,89,67,14.300,612.110,13888,15290,664,776,0
217037,0.167,1.487,0.215,-0.339,-0.250,0.290,-0.506,0.044,0.859,0.065,385000064.000,0.011,13125,14585,-69,79,67,14.320,612.110,13089,14880,629,732,0
217137,0.181,1.500,0.401,-0.319,-0.137,0.052,-0.503,0.059,0.859,0.075,365000064.000,0.012,13347,13669,-68,79,67,14.320,612.110,13089,14880,629,732,0
217237,0.186,1.532,0.484,-0.173,-0.061,0.049,-0.497,0.068,0.861,0.081,360000064.000,0.013,13172,13656,-68,75,67,14.320,612.110,13089,14880,629,732,0
217337,0.190,1.480,0.442,-0.028,0.354,0.059,-0.504,0.071,0.857,0.084,350000064.000,0.012,12897,13552,-59,58,67,14.330,612.110,13157,13550,600,651,0
217437,0.216,1.406,0.448,-0.137,0.110,-0.118,-0.514,0.071,0.850,0.090,335000064.000,0.013,13120,12761,-63,72,67,14.330,612.110,13157,13550,600,651,0
217537,0.264,1.359,0.340,-0.146,0.196,0.016,-0.520,0.071,0.846,0.098,315000064.000,0.016,12373,12724,-58,67,67,14.330,612.110,13157,13550,600,651,0
217637,0.250,1.349,0.250,-0.170,-0.174,0.134,-0.521,0.080,0.844,0.101,305000064.000,0.015,12019,12671,-69,78,67,14.350,642.830,12254,12722,588,623,0
217737,0.220,1.381,0.219,-0.082,0.008,0.168,-0.516,0.089,0.846,0.102,300000064.000,0.014,11799,12680,-64,68,67,14.350,642.830,12254,12722,588,623,0
217837,0.188,1.364,0.202,-0.022,-0.004,0.027,-0.519,0.094,0.844,0.100,285000064.000,0.011,11861,12013,-67,69,67,14.360,632.590,11792,12195,554,540,0
217937,0.190,1.374,0.202,-0.027,0.018,-0.007,-0.517,0.094,0.845,0.101,270000064.000,0.012,11553,11685,-65,68,67,14.360,632.590,11792,12195,554,540,0
218037,0.170,1.365,0.202,0.087,-0.013,0.007,-0.519,0.095,0.844,0.098,260000064.000,0.010,11220,11581,-69,66,67,14.360,632.590,11792,12195,554,540,0
218137,0.126,1.373,0.179,0.051,-0.081,0.068,-0.519,0.097,0.844,0.092,245000064.000,0.008,10682,11441,-69,70,66,14.370,653.070,10799,11682,518,559,0
218237,0.070,1.371,0.154,0.057,-0.044,0.027,-0.520,0.099,0.844,0.086,235000064.000,0.004,10440,11225,-68,68,66,14.370,653.070,10799,11682,518,559,0
218337,0.047,1.378,0.130,0.081,-0.028,0.019,-0.519,0.099,0.845,0.081,220000064.000,0.003,10047,10911,-68,67,67,14.390,18.200,10266,10845,493,523,0
218437,0.054,1.400,0.175,0.048,-0.083,-0.056,-0.516,0.096,0.847,0.081,210000064.000,0.003,10061,10429,-70,70,67,14.390,18.200,10266,10845,493,523,0
218537,0.065,1.404,0.165,0.040,-0.002,-0.026,-0.516,0.093,0.848,0.080,200000064.000,0.004,9717,10275,-68,68,67,14.390,18.200,10266,10845,493,523,0
218637,0.055,1.397,0.165,0.052,0.031,0.000,-0.517,0.091,0.847,0.078,190000064.000,0.003,9399,10082,-67,67,66,14.390,48.920,9727,10183,453,506,0
218737,0.051,1.389,0.163,0.059,0.040,-0.002,-0.519,0.090,0.847,0.077,170000064.000,0.003,8870,9556,-67,66,66,14.390,48.920,9727,10183,453,506,0
218837,0.058,1.384,0.137,0.017,0.042,-0.009,-0.519,0.088,0.846,0.077,155000064.000,0.004,8475,9120,-66,67,66,14.400,151.320,8833,9469,398,400,0
218937,0.053,1.380,0.128,-0.004,-0.007,0.046,-0.520,0.088,0.846,0.076,150000064.000,0.003,8136,9154,-67,69,66,14.400,151.320,8833,9469,398,400,0
219037,0.032,1.369,0.119,-0.007,-0.031,0.044,-0.522,0.091,0.845,0.075,130000064.000,0.002,7494,8593,-67,69,66,14.410,256.280,8064,8928,384,406,0
219137,0.011,1.359,0.119,-0.041,-0.120,0.006,-0.523,0.094,0.844,0.074,110000064.000,0.001,6923,7878,-69,72,66,14.410,256.280,8064,8928,384,406,0
219237,0.021,1.387,0.097,-0.087,0.024,0.004,-0.519,0.095,0.846,0.076,105000064.000,0.001,6766,7695,-62,69,66,14.430,563.480,6963,7763,344,358,0
219337,0.014,1.384,0.109,-0.026,-0.071,0.032,-0.519,0.098,0.845,0.076,90000064.000,0.001,6085,7278,-69,73,66,14.430,563.480,6963,7763,344,358,0
219437,0.104,1.407,-0.013,0.003,-0.066,0.011,-0.516,0.100,0.847,0.077,79600064.000,0.006,6176,6439,-69,70,66,14.430,594.200,5494,6631,295,345,0
219537,0.110,1.421,-0.142,-0.001,-0.063,-0.009,-0.514,0.101,0.848,0.078,70600064.000,0.007,5836,6045,-70,70,66,14.430,594.200,5494,6631,295,345,0
219637,0.134,1.453,0.020,-0.036,-0.130,-0.074,-0.509,0.099,0.852,0.079,61600064.000,0.008,5845,5238,-70,75,66,14.460,43.810,305,305,295,345,0
219737,0.119,1.507,0.123,0.062,-0.219,0.111,-0.500,0.100,0.857,0.075,51700064.000,0.008,4066,5931,-77,77,66,14.460,43.810,305,305,295,345,0
219837,0.093,1.543,0.052,0.031,0.164,-0.036,-0.496,0.100,0.859,0.072,43600064.000,0.006,4906,4419,-62,64,66,14.460,43.810,305,305,295,345,0
219937,0.135,1.482,-0.052,0.066,0.012,-0.161,-0.505,0.093,0.855,0.075,34600064.000,0.009,5233,2686,-72,71,66,14.460,43.810,305,305,295,345,0
220037,0.202,1.565,-0.121,-0.004,-0.382,-0.237,-0.492,0.084,0.863,0.078,25600064.000,0.014,5399,0,-80,83,66,14.460,43.810,305,305,295,345,0
220137,0.209,1.634,-0.056,0.256,-0.124,0.126,-0.482,0.079,0.869,0.075,16600064.000,0.015,1329,3851,-81,68,66,14.460,43.810,305,305,295,345,0
220237,0.117,1.691,0.039,0.243,-0.187,0.113,-0.475,0.080,0.874,0.061,7600064.000,0.009,0,2890,-82,73,66,14.460,43.810,305,305,295,345,0
220337,0.072,1.723,0.054,0.177,-0.080,-0.131,-0.471,0.075,0.877,0.051,0.000,0.005,3211,0,-78,73,66,14.470,43.810,305,305,295,345,0
220437,0.084,1.739,0.043,0.106,-0.200,-0.326,-0.470,0.063,0.879,0.046,0.000,0.006,4336,0,-80,81,66,14.470,43.810,305,305,295,345,0
220537,0.158,1.774,0.115,0.120,-0.057,-0.147,-0.464,0.049,0.883,0.049,0.000,0.012,3036,0,-78,74,65,14.470,54.050,305,305,295,345,0
220637,0.134,1.884,0.086,0.034,-0.730,0.216,-0.447,0.053,0.892,0.047,0.000,0.011,0,2856,-99,97,65,14.470,54.050,305,305,295,345,0
220737,0.087,1.987,0.051,0.021,0.212,0.036,-0.431,0.058,0.899,0.040,0.000,0.008,2060,0,-68,69,65,14.470,54.050,305,305,295,345,0
220837,0.078,1.887,0.081,0.034,0.233,-0.032,-0.447,0.055,0.892,0.039,0.000,0.007,2697,0,-74,74,65,14.470,54.050,305,305,295,345,0
220937,0.082,1.843,0.073,0.027,-0.024,-0.026,-0.454,0.052,0.889,0.039,0.000,0.007,2364,0,-78,80,65,14.480,64.290,305,305,295,345,0
221037,0.100,1.849,0.048,0.041,-0.016,-0.052,-0.453,0.049,0.889,0.040,0.000,0.008,2844,0,-78,77,65,14.480,64.290,305,305,295,345,0
221137,0.108,1.848,0.036,0.023,0.037,-0.010,-0.453,0.046,0.889,0.039,0.000,0.009,2546,0,-76,76,65,14.490,54.050,305,305,295,345,0
221237,0.109,1.839,0.037,-0.033,0.007,-0.086,-0.455,0.044,0.889,0.039,0.000,0.009,3674,0,-75,78,65,14.490,54.050,305,305,295,345,0
221337,0.107,1.830,0.042,0.106,-0.008,0.018,-0.456,0.042,0.888,0.037,0.000,0.009,2337,0,-80,75,65,14.490,54.050,305,305,295,345,0
221437,0.085,1.819,0.049,0.044,0.087,-0.050,-0.458,0.041,0.887,0.034,0.000,0.007,3344,0,-74,74,65,14.490,43.810,305,305,295,345,0
221537,0.098,1.798,0.033,0.000,0.137,-0.008,-0.461,0.038,0.886,0.034,0.000,0.008,2759,0,-71,73,65,14.490,43.810,305,305,295,345,0
221637,0.081,1.747,0.086,-0.021,0.470,-0.093,-0.472,0.037,0.880,0.033,0.000,0.006,3276,0,-58,65,65,14.480,43.810,305,305,295,345,0
221737,0.076,1.725,0.405,-0.054,-0.259,0.201,-0.473,0.043,0.880,0.034,0.000,0.006,0,2516,-83,85,65,14.480,43.810,305,305,295,345,0
221837,-0.049,1.534,0.495,-0.233,1.370,0.538,-0.502,0.065,0.862,0.030,0.000,-0.003,0,5173,-24,38,65,14.480,43.810,305,305,295,345,0
221937,-0.126,1.317,0.285,-0.497,0.011,0.282,-0.533,0.092,0.840,0.039,0.000,-0.007,0,3307,-64,87,65,14.490,54.050,305,305,295,345,0
222037,-0.175,1.247,-0.202,-0.727,0.670,0.244,-0.545,0.123,0.828,0.054,0.000,-0.009,0,3627,-27,65,65,14.490,54.050,305,305,295,345,0
222137,-0.091,1.163,-0.205,-0.673,-0.444,-0.007,-0.550,0.145,0.818,0.084,0.000,-0.004,1567,0,-71,95,64,14.490,54.050,305,305,295,345,0
222237,-0.037,1.268,-0.210,-0.587,0.028,-0.134,-0.533,0.159,0.825,0.097,0.000,-0.002,3372,0,-46,77,64,14.490,54.050,305,305,295,345,0
222337,0.115,1.303,-0.198,-0.442,-0.202,-0.109,-0.522,0.168,0.827,0.124,0.000,0.007,3195,0,-62,80,64,14.490,54.050,305,305,295,345,0
222437,0.201,1.353,-0.170,-0.326,-0.113,-0.072,-0.511,0.172,0.831,0.137,0.000,0.012,3653,0,-60,78,64,14.510,64.290,305,305,295,345,0
222537,0.289,1.336,-0.158,-0.344,-0.031,-0.017,-0.510,0.176,0.828,0.153,0.000,0.017,3501,0,-58,78,64,14.510,64.290,305,305,295,345,0
222637,0.315,1.324,-0.088,-0.224,0.162,0.093,-0.508,0.186,0.825,0.164,0.000,0.019,3088,0,-55,67,64,14.510,64.290,305,305,295,345,0
222737,0.361,1.292,0.117,-0.596,-0.018,-0.103,-0.508,0.196,0.819,0.178,0.000,0.021,5407,0,-48,86,64,14.510,64.290,305,305,295,345,0
222837,0.365,1.126,0.165,-0.233,0.762,0.351,-0.528,0.206,0.801,0.194,0.000,0.019,0,1885,-36,47,64,14.510,64.290,305,305,295,345,0
222937,0.274,0.965,0.067,-0.134,0.478,0.332,-0.549,0.220,0.781,0.199,0.000,0.012,0,1132,-45,52,64,14.520,74.530,305,305,295,345,0
223037,0.257,0.869,-0.104,-0.081,0.183,-0.151,-0.562,0.221,0.771,0.203,0.000,0.010,5481,0,-51,60,64,14.520,74.530,305,305,295,345,0
223137,0.279,0.894,-0.431,0.338,-0.576,-0.163,-0.560,0.212,0.776,0.199,0.000,0.011,5194,0,-86,73,64,14.520,64.290,305,305,295,345,0
223237,0.324,1.021,-0.478,-0.104,0.179,-0.180,-0.543,0.208,0.790,0.195,0.000,0.015,5469,0,-40,57,64,14.520,64.290,305,305,295,345,0
223337,0.386,0.877,-0.137,-0.017,-0.059,-0.116,-0.560,0.200,0.777,0.207,0.000,0.016,5389,0,-62,67,64,14.520,64.290,305,305,295,345,0
223437,0.350,0.973,0.042,0.080,-0.311,0.040,-0.549,0.203,0.786,0.198,0.000,0.016,4674,0,-66,69,63,14.520,74.530,305,305,295,345,0
223537,0.268,0.970,0.009,0.153,-0.209,0.202,-0.552,0.207,0.785,0.189,0.000,0.011,3191,0,-72,66,63,14.520,74.530,305,305,295,345,0
223637,0.173,0.978,-0.020,0.201,0.400,0.082,-0.556,0.205,0.787,0.173,0.000,0.007,3914,0,-45,45,63,14.520,74.530,305,305,295,345,0
223737,0.147,0.885,0.038,0.153,0.038,-0.004,-0.571,0.197,0.779,0.168,0.000,0.006,4229,0,-59,61,63,14.530,74.530,305,305,295,345,0
223837,0.160,0.856,-0.050,0.190,0.273,-0.073,-0.575,0.191,0.778,0.167,0.000,0.006,4703,0,-51,47,63,14.530,74.530,305,305,295,345,0
223937,0.151,0.760,-0.030,0.283,0.497,0.012,-0.590,0.180,0.770,0.162,0.000,0.005,4106,0,-44,35,63,14.530,84.770,305,305,295,345,0
224037,0.136,0.611,0.090,0.459,0.388,0.001,-0.612,0.163,0.758,0.154,0.000,0.004,4048,0,-54,36,63,14.530,84.770,305,305,295,345,0
224137,0.135,0.545,0.129,0.450,0.142,-0.160,-0.624,0.144,0.755,0.142,0.000,0.003,5377,0,-57,42,63,14.530,84.770,305,305,295,345,0
224237,0.163,0.528,0.056,0.456,0.033,-0.124,-0.629,0.125,0.756,0.131,0.000,0.004,5125,0,-59,43,63,14.550,84.770,305,305,295,345,0
224337,0.205,0.591,0.006,0.431,-0.213,-0.242,-0.623,0.104,0.767,0.119,0.000,0.006,6088,0,-62,51,63,14.550,84.770,305,305,295,345,0
224437,0.246,0.628,-0.019,0.342,-0.037,-0.076,-0.619,0.089,0.772,0.112,0.000,0.007,4972,0,-57,47,63,14.540,95.010,305,305,295,345,0
224537,0.258,0.664,-0.127,0.179,0.049,0.068,-0.615,0.081,0.777,0.106,0.000,0.007,4027,0,-51,48,63,14.540,95.010,305,305,295,345,0
224637,0.158,0.593,-0.269,0.128,0.340,0.429,-0.626,0.088,0.768,0.097,0.000,0.004,0,2790,-44,40,62,14.540,95.010,305,305,295,345,0
224737,0.014,0.546,-0.114,-0.399,-0.202,0.200,-0.632,0.106,0.762,0.089,0.000,0.000,2913,0,-49,78,62,14.540,95.010,305,305,295,345,0
