Timestamp,r_ref,q_ref,curr_ax,curr_roll_rate,curr_pitch_rate,curr_yaw_rate,curr_qw,curr_qx,curr_qy,curr_qz,thrust_ref,p_ref,omega_L_ref,omega_R_ref,servo_L_ref,servo_R_ref,Temperature,Voltage,RPM2,RPM4,Throttle2,Throttle4,ErrorCodes
78013,0.707,-1.589,0.440,0.036,0.059,0.113,-0.339,-0.476,0.137,-0.800,0.000,-0.026,8963,0,39,-41,0,0.000,0,0,0,0,0
78112,0.665,-1.543,0.518,-0.012,-0.270,0.026,-0.335,-0.482,0.141,-0.797,0.000,-0.023,9240,0,32,-32,0,0.000,0,0,0,0,0
78212,0.601,-1.397,0.592,0.023,-0.519,0.016,-0.329,-0.500,0.154,-0.786,0.000,-0.019,8911,0,23,-26,0,0.000,0,0,0,0,0
78312,0.525,-1.242,0.557,0.009,-0.323,0.044,-0.319,-0.520,0.165,-0.775,0.000,-0.015,8240,0,28,-29,0,0.000,0,0,0,0,0
78412,0.467,-1.113,0.430,0.078,-0.229,-0.052,-0.313,-0.536,0.175,-0.764,0.000,-0.012,8493,0,26,-31,0,0.000,0,0,0,0,0
78512,0.479,-1.015,0.388,0.162,-0.440,0.060,-0.307,-0.550,0.177,-0.757,0.000,-0.011,7819,0,15,-25,0,0.000,305,305,0,0,0
78612,0.535,-0.868,0.405,0.129,-0.516,-0.067,-0.298,-0.571,0.177,-0.744,0.000,-0.010,9008,0,15,-19,0,0.000,305,305,0,0,0
78712,0.555,-0.779,0.324,-0.059,-0.193,0.014,-0.299,-0.581,0.183,-0.734,0.000,-0.009,8632,0,27,-24,0,0.000,305,305,0,0,0
78812,0.466,-0.680,0.252,-0.058,-0.104,0.041,-0.294,-0.592,0.194,-0.725,0.000,-0.007,7860,0,25,-24,0,0.000,305,305,0,0,0
78912,0.306,-0.599,0.189,-0.161,-0.066,0.192,-0.288,-0.597,0.209,-0.718,0.000,-0.004,5245,0,27,-20,0,0.000,305,305,0,0,0
79012,0.113,-0.524,0.118,-0.144,-0.488,0.254,-0.283,-0.601,0.228,-0.712,0.000,-0.001,0,985,12,-8,0,0.000,305,305,0,0,0
79112,-0.063,-0.419,0.083,-0.066,-0.104,0.211,-0.277,-0.608,0.246,-0.702,0.000,0.001,0,4202,22,-22,0,0.000,305,305,0,0,0
79212,-0.183,-0.399,0.054,-0.024,0.161,-0.077,-0.272,-0.608,0.254,-0.702,0.000,0.002,0,1143,27,-27,0,0.000,305,305,0,0,0
79312,-0.089,-0.459,0.077,0.049,0.323,-0.207,-0.279,-0.602,0.247,-0.706,0.000,0.001,4871,0,30,-34,0,0.000,305,305,0,0,0
79412,0.034,-0.536,0.170,0.137,0.094,-0.063,-0.287,-0.596,0.237,-0.712,0.000,-0.000,4782,0,22,-30,0,0.000,305,305,0,0,0
79512,0.024,-0.541,0.094,0.172,-0.011,0.028,-0.282,-0.596,0.233,-0.714,0.000,-0.000,3417,0,21,-30,0,0.000,305,305,0,0,0
79612,0.136,-0.517,-0.200,0.020,-0.201,-0.313,-0.284,-0.602,0.227,-0.711,0.000,-0.002,7987,0,20,-20,0,0.000,305,305,0,0,0
79712,0.315,-0.510,0.027,-0.084,0.312,-0.174,-0.293,-0.606,0.220,-0.706,0.000,-0.003,8298,0,40,-35,0,0.000,305,305,0,0,0
79812,0.365,-0.657,0.106,-0.066,0.486,-0.050,-0.305,-0.588,0.213,-0.718,0.000,-0.005,7784,0,42,-41,0,0.000,305,305,0,0,0
79912,0.322,-0.748,0.177,-0.108,0.200,0.207,-0.308,-0.576,0.212,-0.727,0.000,-0.005,5260,0,38,-33,0,0.000,305,305,0,0,0
80012,0.157,-0.797,0.184,-0.114,0.138,0.226,-0.305,-0.566,0.220,-0.734,0.000,-0.003,2696,0,39,-34,0,0.000,305,305,0,0,0
80112,-0.031,-0.832,0.208,-0.241,0.231,0.318,-0.302,-0.556,0.231,-0.739,0.000,0.001,0,5030,47,-36,0,0.000,305,305,0,0,0
80212,-0.247,-0.879,0.235,0.026,-0.016,0.300,-0.297,-0.545,0.241,-0.746,0.000,0.005,0,7176,32,-37,0,0.000,305,305,0,0,0
80312,-0.414,-0.847,0.166,0.003,-0.194,0.152,-0.285,-0.547,0.248,-0.747,0.000,0.009,0,7716,31,-31,0,0.000,305,305,0,0,0
80412,-0.465,-0.793,0.085,-0.028,-0.143,-0.027,-0.280,-0.552,0.253,-0.743,0.000,0.010,0,7097,34,-32,0,0.000,305,305,0,0,0
80512,-0.479,-0.745,0.011,-0.069,-0.081,0.037,-0.279,-0.557,0.258,-0.738,0.000,0.010,0,7976,37,-33,0,0.000,305,305,0,0,0
80613,-0.517,-0.728,0.017,-0.044,0.102,0.064,-0.278,-0.558,0.261,-0.737,0.000,0.010,0,8732,41,-38,0,0.000,305,305,0,0,0
80713,-0.550,-0.739,0.041,-0.063,-0.032,-0.056,-0.279,-0.555,0.264,-0.738,0.000,0.011,0,8329,36,-34,0,0.000,305,305,0,0,0
80813,-0.531,-0.724,0.016,0.064,-0.063,0.036,-0.279,-0.558,0.264,-0.736,0.000,0.010,0,8794,33,-37,0,0.000,305,305,0,0,0
80913,-0.571,-0.708,0.025,-0.038,0.021,0.048,-0.275,-0.559,0.265,-0.736,0.000,0.011,0,9115,40,-36,0,0.000,305,305,0,0,0
81013,-0.572,-0.709,0.048,-0.017,-0.011,-0.141,-0.277,-0.558,0.267,-0.735,0.000,0.011,0,7898,37,-37,28,14.530,305,305,0,0,0
81113,-0.495,-0.701,0.050,0.016,-0.038,-0.056,-0.280,-0.561,0.263,-0.733,0.000,0.009,0,7959,37,-37,28,14.530,305,305,0,0,0
81213,-0.477,-0.685,0.005,-0.019,-0.006,-0.003,-0.281,-0.563,0.263,-0.731,0.000,0.009,0,8194,39,-38,28,14.530,305,305,0,0,0
81313,-0.508,-0.709,0.027,-0.046,0.122,0.046,-0.282,-0.559,0.265,-0.733,0.000,0.010,0,8712,44,-41,28,14.530,305,305,0,0,0
81413,-0.570,-0.724,0.041,-0.032,0.031,0.057,-0.281,-0.556,0.268,-0.735,0.000,0.011,0,9162,41,-39,28,14.530,305,305,0,0,0
81513,-0.608,-0.734,0.018,0.037,0.019,0.047,-0.279,-0.554,0.269,-0.737,0.000,0.012,0,9328,40,-42,28,14.520,305,305,0,0,0
81613,-0.634,-0.744,0.044,0.076,0.061,0.018,-0.276,-0.553,0.268,-0.739,0.000,0.013,0,9309,41,-45,28,14.520,305,305,0,0,0
81713,-0.623,-0.748,0.078,0.069,-0.036,0.002,-0.273,-0.553,0.265,-0.741,0.000,0.013,0,9155,40,-42,28,14.520,305,305,0,0,0
81813,-0.628,-0.748,0.047,-0.034,0.038,-0.077,-0.273,-0.553,0.265,-0.741,0.000,0.013,0,8696,45,-42,28,14.530,305,305,0,0,0
81913,-0.531,-0.759,0.035,0.068,0.130,-0.261,-0.279,-0.554,0.261,-0.740,0.000,0.011,0,6681,45,-49,28,14.530,305,305,0,0,0
82012,-0.365,-0.810,0.040,0.011,0.178,-0.222,-0.289,-0.551,0.250,-0.742,0.000,0.008,0,5543,50,-49,28,14.540,305,305,0,0,0
82112,-0.265,-0.845,0.019,-0.031,0.068,-0.074,-0.297,-0.548,0.245,-0.742,0.000,0.006,0,6001,48,-46,28,14.540,305,305,0,0,0
82212,-0.275,-0.856,0.010,0.016,0.050,0.123,-0.296,-0.547,0.244,-0.744,0.000,0.006,0,7668,48,-48,28,14.540,305,305,0,0,0
82312,-0.354,-0.877,0.035,-0.029,0.064,0.108,-0.292,-0.543,0.246,-0.748,0.000,0.008,0,8110,51,-49,28,14.540,305,305,0,0,0
82412,-0.449,-0.891,0.082,-0.060,0.046,0.120,-0.290,-0.539,0.251,-0.750,0.000,0.011,0,8806,52,-49,28,14.540,305,305,0,0,0
82512,-0.513,-0.893,0.056,0.002,0.012,0.051,-0.287,-0.537,0.255,-0.751,0.000,0.012,0,8779,50,-50,28,14.540,305,305,0,0,0
82612,-0.534,-0.919,0.012,0.044,0.070,0.008,-0.286,-0.533,0.254,-0.754,0.000,0.013,0,8636,52,-53,28,14.540,305,305,0,0,0
82712,-0.495,-0.871,0.035,0.076,-0.347,-0.099,-0.284,-0.541,0.253,-0.750,0.000,0.011,0,7654,39,-42,28,14.540,305,305,0,0,0
82812,-0.431,-0.838,0.036,0.006,0.197,-0.034,-0.285,-0.547,0.250,-0.746,0.000,0.009,0,7657,60,-59,28,14.540,305,305,0,0,0
82912,-0.461,-0.868,0.023,-0.014,-0.172,0.070,-0.285,-0.542,0.250,-0.750,0.000,0.011,0,8565,45,-44,28,14.540,305,305,0,0,0
83012,-0.457,-0.817,0.051,0.010,0.041,-0.028,-0.282,-0.549,0.253,-0.745,0.000,0.010,0,7885,55,-55,28,14.540,305,305,0,0,0
83112,-0.448,-0.844,0.011,0.001,-0.040,-0.004,-0.284,-0.546,0.251,-0.747,0.000,0.010,0,7990,51,-50,28,14.540,305,305,0,0,0
83212,-0.433,-0.826,0.021,0.019,-0.046,-0.067,-0.284,-0.549,0.251,-0.746,0.000,0.009,0,7439,51,-52,28,14.540,305,305,0,0,0
83312,-0.382,-0.815,0.020,0.016,-0.031,-0.059,-0.285,-0.551,0.249,-0.744,0.000,0.008,0,7106,52,-52,28,14.540,305,305,0,0,0
83412,-0.358,-0.809,0.025,-0.007,0.024,-0.022,-0.286,-0.552,0.248,-0.743,0.000,0.008,0,7209,55,-54,28,14.540,305,305,0,0,0
83512,-0.343,-0.817,0.055,-0.006,0.002,-0.038,-0.288,-0.552,0.247,-0.743,0.000,0.007,0,6971,54,-54,28,14.540,305,305,0,0,0
83612,-0.318,-0.807,0.065,-0.017,-0.052,-0.029,-0.289,-0.553,0.247,-0.741,0.000,0.007,0,6843,54,-52,28,14.540,305,305,0,0,0
83712,-0.312,-0.791,0.045,-0.023,-0.016,0.000,-0.289,-0.555,0.248,-0.740,0.000,0.006,0,7022,55,-54,28,14.540,305,305,0,0,0
83812,-0.325,-0.795,0.055,-0.027,0.021,0.012,-0.290,-0.554,0.249,-0.740,0.000,0.007,0,7220,57,-55,28,14.540,305,305,0,0,0
83912,-0.332,-0.787,0.099,-0.008,-0.072,-0.001,-0.290,-0.554,0.250,-0.739,0.000,0.007,0,7169,53,-53,28,14.550,305,305,0,0,0
84012,-0.322,-0.758,0.054,0.031,-0.116,-0.058,-0.289,-0.558,0.251,-0.736,0.000,0.006,0,6641,52,-53,28,14.550,305,305,0,0,0
84112,-0.265,-0.737,-0.006,0.034,0.004,-0.031,-0.290,-0.563,0.248,-0.733,0.000,0.005,0,6378,55,-56,28,14.550,305,305,0,0,0
84212,-0.256,-0.750,0.004,-0.007,0.107,-0.013,-0.290,-0.561,0.247,-0.735,0.000,0.005,0,6459,59,-57,28,14.550,305,305,0,0,0
84312,-0.235,-0.765,0.018,0.017,0.014,-0.063,-0.292,-0.560,0.245,-0.736,0.000,0.005,0,5824,55,-56,28,14.560,305,305,0,0,0
84412,-0.190,-0.775,0.015,0.108,0.029,-0.019,-0.293,-0.560,0.241,-0.736,0.000,0.004,0,5815,53,-59,28,14.560,305,305,0,0,0
84512,-0.147,-0.781,0.010,0.121,0.016,-0.084,-0.291,-0.561,0.236,-0.738,0.000,0.003,0,4678,53,-59,28,14.540,305,305,0,0,0
84612,-0.035,-0.791,-0.024,0.149,0.008,-0.219,-0.293,-0.564,0.227,-0.738,0.000,0.001,2428,0,52,-59,28,14.540,305,305,0,0,0
84712,0.087,-0.756,-0.123,-0.247,-0.191,-0.053,-0.300,-0.569,0.225,-0.731,0.000,-0.002,1843,0,57,-42,28,14.540,305,305,0,0,0
84812,0.062,-0.709,-0.068,-0.280,-0.176,-0.117,-0.307,-0.572,0.236,-0.723,0.000,-0.001,2932,0,56,-43,28,14.530,305,305,0,0,0
84912,0.152,-0.660,0.052,-0.186,-0.066,-0.238,-0.318,-0.576,0.242,-0.713,0.000,-0.002,5893,0,56,-50,28,14.530,305,305,0,0,0
85012,0.219,-0.694,-0.005,0.227,0.252,0.191,-0.324,-0.573,0.238,-0.714,0.000,-0.003,0,1420,53,-70,28,14.550,305,305,0,0,0
85112,0.107,-0.783,0.071,0.513,0.417,0.226,-0.307,-0.565,0.226,-0.732,0.000,-0.002,0,4382,54,-79,28,14.550,305,305,0,0,0
85212,0.161,-0.870,0.190,0.147,-0.042,-0.248,-0.299,-0.559,0.209,-0.745,0.000,-0.003,6302,0,52,-52,28,14.540,305,305,0,0,0
85312,0.406,-0.810,0.270,-0.003,-0.204,-0.437,-0.307,-0.571,0.200,-0.734,0.000,-0.007,9680,0,52,-49,28,14.540,305,305,0,0,0
85412,0.646,-0.754,0.100,-0.028,-0.146,-0.218,-0.320,-0.582,0.193,-0.723,0.000,-0.010,10256,0,53,-52,28,14.540,305,305,0,0,0
85512,0.589,-0.735,-0.072,-0.011,-0.096,0.350,-0.317,-0.583,0.197,-0.722,0.000,-0.009,6428,0,52,-53,28,14.540,305,305,0,0,0
85612,0.381,-0.687,-0.066,-0.143,-0.194,0.233,-0.308,-0.584,0.212,-0.720,0.000,-0.006,5590,0,52,-46,28,14.540,305,305,0,0,0
85712,0.207,-0.636,0.001,-0.073,-0.170,0.288,-0.300,-0.587,0.225,-0.718,0.000,-0.003,2443,0,50,-48,28,14.540,305,305,0,0,0
85813,0.022,-0.585,0.096,-0.036,-0.216,0.198,-0.291,-0.589,0.237,-0.716,0.000,-0.000,0,2459,46,-46,28,14.540,305,305,0,0,0
85913,-0.108,-0.521,0.074,0.019,-0.351,0.129,-0.282,-0.594,0.246,-0.712,0.000,0.001,0,3847,40,-43,28,14.540,305,305,0,0,0
86013,-0.212,-0.444,-0.042,0.014,-0.089,0.189,-0.273,-0.602,0.254,-0.707,0.000,0.002,0,6004,49,-49,28,14.550,305,305,0,0,0
86112,-0.328,-0.443,-0.088,-0.058,0.059,0.104,-0.268,-0.599,0.260,-0.709,0.000,0.004,0,6618,53,-50,28,14.550,305,305,0,0,0
86213,-0.355,-0.460,-0.077,-0.010,0.097,-0.054,-0.268,-0.596,0.261,-0.710,0.000,0.004,0,5741,52,-52,28,14.540,305,305,0,0,0
86313,-0.321,-0.483,-0.021,-0.009,0.042,-0.010,-0.272,-0.594,0.259,-0.712,0.000,0.004,0,6078,50,-50,28,14.540,305,305,0,0,0
86413,-0.306,-0.496,0.052,0.030,0.036,0.018,-0.272,-0.593,0.257,-0.713,0.000,0.004,0,6443,49,-51,28,14.540,305,305,0,0,0
86513,-0.279,-0.493,-0.001,0.048,-0.069,-0.038,-0.272,-0.594,0.255,-0.713,0.000,0.004,0,6034,46,-48,28,14.540,305,305,0,0,0
86613,-0.273,-0.493,-0.060,0.022,0.133,0.007,-0.271,-0.595,0.254,-0.713,0.000,0.004,0,6489,54,-55,28,14.540,305,305,0,0,0
86712,-0.284,-0.539,-0.001,0.024,0.129,0.046,-0.272,-0.589,0.252,-0.718,0.000,0.004,0,7110,53,-54,28,14.540,305,305,0,0,0
86814,-0.324,-0.569,0.142,-0.022,-0.001,0.139,-0.271,-0.585,0.252,-0.722,0.000,0.005,0,8122,51,-49,28,14.540,305,305,0,0,0
86914,-0.425,-0.532,0.380,0.009,-0.031,0.089,-0.265,-0.587,0.259,-0.720,0.000,0.006,0,8460,50,-52,28,14.540,305,305,0,0,0
87014,-0.415,-0.631,0.388,0.127,0.360,-0.004,-0.267,-0.576,0.252,-0.730,0.000,0.007,0,7755,58,-65,28,14.540,305,305,0,0,0
87114,-0.386,-0.596,0.240,0.260,-0.443,-0.002,-0.259,-0.584,0.245,-0.729,0.000,0.006,0,7563,31,-43,28,14.540,305,305,0,0,0
87213,-0.367,-0.519,0.192,0.151,-0.030,0.021,-0.251,-0.596,0.243,-0.723,0.000,0.005,0,7593,49,-56,28,14.540,305,305,0,0,0
87313,-0.425,-0.582,0.233,0.063,0.299,0.033,-0.248,-0.588,0.241,-0.731,0.000,0.007,0,8091,59,-62,28,14.530,305,305,0,0,0
87413,-0.506,-0.589,0.138,-0.350,-0.076,0.081,-0.254,-0.582,0.252,-0.730,0.000,0.008,0,8920,57,-40,28,14.530,305,305,0,0,0
87513,-0.544,-0.612,-0.049,-0.101,-0.017,-0.147,-0.262,-0.575,0.260,-0.730,0.000,0.009,0,7665,50,-51,28,14.530,305,305,0,0,0
87612,-0.310,-0.541,-0.266,0.134,-0.403,-0.466,-0.269,-0.589,0.251,-0.719,0.000,0.004,1537,0,35,-44,28,14.530,305,305,0,0,0
87712,0.015,-0.488,-0.325,0.134,0.029,-0.373,-0.278,-0.603,0.235,-0.710,0.000,-0.000,5587,0,50,-56,28,14.530,305,305,0,0,0
87812,0.122,-0.499,-0.279,0.009,0.009,0.036,-0.282,-0.604,0.227,-0.710,0.000,-0.001,751,0,51,-50,28,14.520,305,305,0,0,0
87912,0.035,-0.519,-0.218,0.007,0.088,0.181,-0.277,-0.601,0.230,-0.714,0.000,-0.000,0,5038,52,-53,28,14.520,305,305,0,0,0
88012,-0.089,-0.525,-0.129,-0.071,0.029,0.128,-0.273,-0.597,0.237,-0.716,0.000,0.001,0,5933,53,-50,28,14.530,305,305,0,0,0
88112,-0.145,-0.524,-0.073,-0.027,-0.046,0.064,-0.272,-0.596,0.240,-0.716,0.000,0.002,0,6036,49,-49,28,14.530,305,305,0,0,0
88212,-0.165,-0.513,-0.038,0.140,0.039,0.093,-0.268,-0.598,0.240,-0.717,0.000,0.002,0,6585,47,-56,28,14.530,305,305,0,0,0
88312,-0.227,-0.534,-0.037,0.057,0.192,0.153,-0.261,-0.596,0.238,-0.721,0.000,0.003,0,7538,55,-57,28,14.530,305,305,0,0,0
88412,-0.284,-0.587,-0.018,0.081,0.108,0.060,-0.258,-0.589,0.236,-0.729,0.000,0.004,0,7269,51,-55,28,14.530,305,305,0,0,0
88512,-0.311,-0.585,0.044,0.043,-0.173,0.059,-0.253,-0.590,0.235,-0.730,0.000,0.005,0,7465,45,-47,28,14.530,305,305,0,0,0
88612,-0.295,-0.547,0.081,0.069,-0.044,-0.053,-0.251,-0.595,0.234,-0.727,0.000,0.004,0,6449,49,-53,28,14.530,305,305,0,0,0
88712,-0.251,-0.541,0.029,0.141,-0.004,-0.091,-0.249,-0.598,0.230,-0.727,0.000,0.003,0,5709,47,-55,28,14.530,305,305,0,0,0
88812,-0.141,-0.541,-0.082,0.086,-0.018,-0.168,-0.251,-0.601,0.221,-0.726,0.000,0.002,0,3460,48,-52,28,14.540,305,305,0,0,0
88912,-0.025,-0.532,-0.056,0.029,-0.014,-0.159,-0.255,-0.604,0.215,-0.723,0.000,0.000,770,0,49,-51,28,14.540,305,305,0,0,0
89012,0.040,-0.526,0.141,0.062,-0.019,-0.014,-0.257,-0.606,0.212,-0.722,0.000,-0.000,0,2644,48,-53,28,14.540,305,305,0,0,0
89112,0.009,-0.495,0.161,0.203,-0.194,0.109,-0.249,-0.611,0.211,-0.721,0.000,-0.000,0,4941,38,-50,28,14.540,305,305,0,0,0
89212,-0.027,-0.460,-0.058,0.098,-0.017,0.021,-0.241,-0.616,0.209,-0.720,0.000,0.000,0,4428,48,-52,28,14.540,305,305,0,0,0
89312,0.009,-0.479,-0.251,0.127,0.126,-0.053,-0.239,-0.616,0.202,-0.723,0.000,-0.000,0,2709,50,-57,28,14.540,305,305,0,0,0
89412,0.041,-0.515,-0.301,0.066,0.061,-0.050,-0.238,-0.613,0.197,-0.727,0.000,-0.000,0,1865,50,-53,28,14.540,305,305,0,0,0
89512,0.083,-0.535,-0.217,0.048,0.077,-0.087,-0.240,-0.612,0.193,-0.729,0.000,-0.001,2546,0,50,-55,28,14.540,305,305,0,0,0
89612,0.155,-0.553,-0.162,0.032,0.079,-0.077,-0.242,-0.611,0.187,-0.730,0.000,-0.002,3917,0,51,-55,28,14.540,305,305,0,0,0
89712,0.187,-0.587,-0.137,0.012,0.158,0.019,-0.244,-0.607,0.184,-0.733,0.000,-0.003,3237,0,54,-57,28,14.540,305,305,0,0,0
89812,0.177,-0.614,-0.095,0.011,-0.001,0.067,-0.242,-0.604,0.181,-0.737,0.000,-0.002,2355,0,51,-52,28,14.540,305,305,0,0,0
89912,0.108,-0.619,-0.088,0.007,0.069,0.102,-0.238,-0.603,0.184,-0.739,0.000,-0.002,0,2350,53,-56,28,14.540,305,305,0,0,0
90012,0.071,-0.603,0.051,0.068,-0.170,0.050,-0.235,-0.605,0.185,-0.738,0.000,-0.001,0,1915,44,-50,28,14.540,305,305,0,0,0
90112,0.057,-0.573,0.000,-0.046,-0.026,-0.040,-0.232,-0.608,0.187,-0.736,0.000,-0.001,2251,0,52,-51,28,14.540,305,305,0,0,0
90212,0.225,-0.541,0.019,-0.024,-0.252,-0.208,-0.240,-0.615,0.180,-0.730,0.000,-0.003,6773,0,43,-44,28,14.540,305,305,0,0,0
90312,0.173,-0.514,0.151,0.073,0.138,0.372,-0.237,-0.617,0.184,-0.727,0.000,-0.002,0,4722,52,-60,28,14.530,305,305,0,0,0
90412,-0.018,-0.578,0.145,0.064,0.039,0.211,-0.226,-0.607,0.187,-0.738,0.000,0.000,0,5281,48,-53,28,14.530,305,305,0,0,0
90512,-0.126,-0.555,0.194,0.100,-0.110,0.123,-0.217,-0.609,0.191,-0.738,0.000,0.002,0,5703,44,-52,28,14.540,305,305,0,0,0
90612,-0.231,-0.504,0.283,0.111,-0.264,0.214,-0.204,-0.616,0.193,-0.736,0.000,0.003,0,7597,40,-46,28,14.540,305,305,0,0,0
90712,-0.507,-0.429,0.304,0.159,-0.241,0.543,-0.182,-0.622,0.204,-0.733,0.000,0.006,0,11423,38,-48,28,14.540,305,305,0,0,0
90812,-0.676,-0.414,0.257,0.000,0.081,-0.033,-0.170,-0.622,0.210,-0.735,0.000,0.008,0,9259,52,-52,28,14.530,305,305,0,0,0
90912,-0.577,-0.430,0.117,0.000,0.000,-0.227,-0.175,-0.622,0.204,-0.735,0.000,0.007,0,7315,47,-49,28,14.530,305,305,0,0,0
91012,-0.424,-0.437,-0.051,0.050,-0.024,-0.298,-0.181,-0.624,0.195,-0.735,0.000,0.005,0,5377,45,-50,28,14.540,305,305,0,0,0
91112,-0.050,-0.388,-0.126,0.000,-0.160,-0.847,-0.199,-0.635,0.179,-0.724,0.000,0.000,8696,0,43,-44,28,14.540,305,305,0,0,0
91212,0.220,-0.223,-0.083,-0.032,-0.491,-0.087,-0.207,-0.658,0.172,-0.703,0.000,-0.001,5183,0,35,-32,28,14.530,305,305,0,0,0
91312,0.124,-0.306,0.029,-0.112,0.527,0.247,-0.211,-0.646,0.179,-0.712,0.000,-0.001,0,4463,64,-60,28,14.530,305,305,0,0,0
91412,-0.025,-0.325,0.050,0.180,-0.284,0.211,-0.202,-0.642,0.184,-0.716,0.000,0.000,0,5854,29,-43,28,14.530,305,305,0,0,0
91512,-0.006,-0.259,0.150,0.029,0.000,-0.073,-0.201,-0.650,0.185,-0.709,0.000,0.000,0,980,45,-49,28,14.530,305,305,0,0,0
91612,0.045,-0.216,0.506,0.094,-0.331,-0.047,-0.200,-0.656,0.182,-0.704,0.000,-0.000,1627,0,31,-39,28,14.530,305,305,0,0,0
91712,0.067,-0.089,0.824,-0.002,-0.298,-0.102,-0.197,-0.672,0.185,-0.690,0.000,-0.000,3452,0,35,-37,28,14.530,305,305,0,0,0
91812,0.322,-0.127,0.913,0.159,0.272,-0.537,-0.209,-0.671,0.170,-0.691,0.000,-0.001,9646,0,45,-57,28,14.530,305,305,0,0,0
91912,0.380,-0.100,0.745,0.203,-0.254,0.286,-0.205,-0.676,0.162,-0.689,0.000,-0.000,2229,0,27,-42,28,14.530,305,305,0,0,0
92012,0.092,0.050,0.341,0.242,-0.660,0.490,-0.181,-0.691,0.175,-0.677,0.000,0.000,0,6461,13,-29,28,14.540,305,305,0,0,0
92112,-0.061,0.195,0.115,0.106,-0.277,-0.102,-0.163,-0.707,0.180,-0.664,0.000,-0.000,1964,0,29,-35,28,14.540,305,305,0,0,0
92212,-0.024,0.203,0.084,0.434,0.081,-0.042,-0.156,-0.711,0.169,-0.665,0.000,-0.000,1353,0,26,-53,28,14.540,305,305,0,0,0
92312,0.040,0.115,-0.110,0.444,0.332,-0.278,-0.145,-0.705,0.147,-0.678,0.000,0.000,5991,0,34,-57,28,14.530,305,305,0,0,0
92412,0.232,0.049,-0.323,0.596,0.399,-0.272,-0.140,-0.703,0.119,-0.687,0.000,0.000,7792,0,34,-65,28,14.530,305,305,0,0,0
92512,0.264,-0.031,-0.432,0.537,-0.061,0.079,-0.125,-0.697,0.097,-0.700,0.000,-0.000,5380,0,21,-47,28,14.520,305,305,0,0,0
92612,0.174,-0.017,-0.631,0.766,0.004,0.138,-0.099,-0.701,0.081,-0.702,0.000,-0.000,3666,0,18,-61,28,14.520,305,305,0,0,0
92712,0.153,-0.003,-0.783,0.403,-0.193,-0.012,-0.080,-0.704,0.065,-0.703,0.000,0.000,5364,0,22,-43,28,14.520,305,305,0,0,0
92812,0.120,0.084,-0.676,-0.043,-0.136,0.032,-0.074,-0.714,0.064,-0.693,0.000,0.000,4598,0,37,-35,28,14.530,305,305,0,0,0
92912,0.121,0.028,-0.518,-0.399,0.398,-0.080,-0.084,-0.707,0.073,-0.699,0.000,0.000,5892,0,59,-44,28,14.530,305,305,0,0,0
93012,0.187,-0.015,-0.413,-0.323,-0.131,-0.081,-0.104,-0.700,0.084,-0.701,0.000,-0.000,6674,0,35,-32,28,14.520,305,305,0,0,0
93112,0.258,-0.047,-0.318,-0.101,0.336,-0.143,-0.113,-0.696,0.086,-0.704,0.000,-0.000,7688,0,48,-54,28,14.520,305,305,0,0,0
93212,0.361,-0.106,-0.269,0.101,0.080,-0.077,-0.121,-0.690,0.081,-0.709,0.000,-0.001,7946,0,34,-50,28,14.520,305,305,0,0,0
93312,0.361,-0.109,-0.230,0.068,-0.016,0.121,-0.119,-0.690,0.079,-0.710,0.000,-0.001,6434,0,35,-47,28,14.520,305,305,0,0,0
93412,0.219,-0.093,-0.060,0.400,-0.077,0.254,-0.104,-0.691,0.079,-0.710,0.000,-0.000,3320,0,24,-55,28,14.520,305,305,0,0,0
93512,0.071,-0.085,-0.032,0.604,-0.102,0.202,-0.079,-0.694,0.070,-0.713,0.000,-0.000,0,42,20,-58,28,14.540,305,305,0,0,0
93612,-0.065,-0.089,-0.005,0.668,0.153,0.138,-0.049,-0.695,0.054,-0.716,0.000,0.000,0,3175,28,-66,28,14.540,305,305,0,0,0
93712,-0.053,-0.113,-0.103,0.458,0.016,-0.122,-0.029,-0.693,0.034,-0.720,0.000,0.000,4343,0,29,-54,28,14.540,305,305,0,0,0
93812,-0.001,-0.089,-0.148,0.112,0.034,0.018,-0.023,-0.696,0.022,-0.717,0.000,0.000,3143,0,39,-49,28,14.540,305,305,0,0,0
93912,-0.035,-0.108,-0.122,-0.059,-0.059,0.020,-0.021,-0.694,0.024,-0.719,0.000,0.000,2265,0,36,-42,28,14.530,305,305,0,0,0
94012,-0.035,-0.075,-0.019,-0.046,-0.092,-0.113,-0.021,-0.698,0.024,-0.716,0.000,0.000,4388,0,35,-43,28,14.530,305,305,0,0,0
94112,-0.021,-0.136,-0.043,0.133,0.351,0.101,-0.021,-0.691,0.022,-0.723,0.000,0.000,0,1602,43,-63,28,14.540,305,305,0,0,0
94212,-0.072,-0.168,-0.127,0.261,-0.072,0.093,-0.012,-0.687,0.018,-0.727,0.000,0.000,0,2963,27,-52,28,14.540,305,305,0,0,0
94312,-0.068,-0.152,-0.180,0.488,-0.069,-0.106,0.002,-0.689,0.005,-0.725,0.000,0.000,3529,0,23,-59,28,14.530,305,305,0,0,0
94412,0.054,-0.131,-0.242,0.718,-0.024,-0.183,0.018,-0.691,-0.022,-0.722,0.000,-0.000,5984,0,20,-65,28,14.530,305,305,0,0,0
94512,0.173,-0.125,-0.252,0.672,-0.030,-0.078,0.035,-0.690,-0.051,-0.721,0.000,-0.001,6324,0,21,-62,28,14.540,305,305,0,0,0
94612,0.188,-0.110,-0.263,0.870,0.049,0.079,0.060,-0.690,-0.077,-0.717,0.000,-0.001,5123,0,18,-71,28,14.540,305,305,0,0,0
94712,0.147,-0.118,-0.368,1.123,0.018,0.126,0.094,-0.685,-0.105,-0.715,0.000,-0.000,4154,0,10,-75,28,14.530,305,305,0,0,0
94812,0.174,-0.144,-0.238,1.333,0.338,-0.122,0.136,-0.674,-0.147,-0.711,0.000,-0.001,6895,0,15,-91,28,14.530,305,305,0,0,0
94912,0.233,-0.231,0.006,1.476,0.152,0.319,0.185,-0.651,-0.193,-0.710,0.000,-0.001,2354,0,6,-86,28,14.540,305,305,0,0,0
95012,0.007,-0.205,0.419,1.210,-0.098,0.373,0.242,-0.644,-0.226,-0.690,0.000,-0.000,0,5336,7,-74,28,14.540,305,305,0,0,0
95112,-0.078,-0.217,0.499,1.168,0.364,0.067,0.288,-0.629,-0.260,-0.673,0.000,0.000,0,2543,22,-91,28,14.550,305,305,0,0,0
95212,-0.040,-0.277,0.231,1.107,-0.040,-0.030,0.326,-0.606,-0.294,-0.663,0.000,0.000,2688,0,9,-76,28,14.550,305,305,0,0,0
95312,0.051,-0.264,-0.060,0.988,-0.112,0.074,0.356,-0.589,-0.330,-0.646,0.000,-0.000,2505,0,9,-74,28,14.550,305,305,0,0,0
95412,-0.004,-0.196,-0.249,1.152,-0.319,0.188,0.388,-0.579,-0.364,-0.618,0.000,0.000,0,3689,-3,-74,28,14.540,305,305,0,0,0
95512,-0.035,-0.145,-0.319,1.162,-0.073,0.019,0.423,-0.562,-0.400,-0.588,0.000,0.000,574,0,4,-81,28,14.540,305,305,0,0,0
95612,0.005,-0.128,-0.232,1.229,-0.053,-0.047,0.456,-0.536,-0.437,-0.560,0.000,-0.000,3468,0,1,-83,28,14.540,305,305,0,0,0
95712,0.044,-0.157,-0.121,1.209,0.277,0.026,0.493,-0.502,-0.471,-0.532,0.000,-0.000,2957,0,11,-92,28,14.540,305,305,0,0,0
95812,-0.006,-0.249,-0.137,1.450,0.164,0.313,0.536,-0.464,-0.493,-0.504,0.000,-0.000,0,5458,-2,-96,28,14.540,305,305,0,0,0
95912,0.021,-0.189,-0.098,1.396,-0.417,-0.026,0.566,-0.430,-0.533,-0.460,0.000,-0.000,3106,0,-16,-78,28,14.540,305,305,0,0,0
96012,0.083,-0.124,-0.142,1.337,0.007,-0.184,0.590,-0.391,-0.571,-0.415,0.000,-0.000,5883,0,0,-90,28,14.540,305,305,0,0,0
96112,0.115,-0.225,-0.171,1.351,0.062,0.538,0.625,-0.346,-0.586,-0.383,0.000,-0.001,0,6351,-6,-92,28,14.540,305,305,0,0,0
96212,-0.092,-0.044,0.020,1.380,-0.871,0.236,0.637,-0.322,-0.624,-0.318,0.000,0.000,0,5784,-34,-66,28,14.540,305,305,0,0,0
96312,-0.013,0.014,-0.010,1.044,0.250,-0.178,0.647,-0.284,-0.649,-0.281,0.000,0.000,4600,0,9,-92,28,14.550,305,305,0,0,0
96412,0.041,0.038,-0.029,1.124,-0.371,-0.033,0.658,-0.245,-0.668,-0.246,0.000,0.000,3501,0,-19,-73,28,14.550,305,305,0,0,0
96512,0.150,0.133,0.095,0.691,-0.101,-0.233,0.657,-0.211,-0.691,-0.216,0.000,0.001,6999,0,2,-71,28,14.530,305,305,0,0,0
96612,0.271,0.163,0.094,0.020,0.003,-0.118,0.656,-0.192,-0.700,-0.208,0.000,0.001,7331,0,19,-55,28,14.530,305,305,0,0,0
96712,0.176,0.102,-0.039,-0.201,0.262,0.296,0.661,-0.204,-0.690,-0.214,0.000,0.001,0,1098,26,-64,28,14.530,305,305,0,0,0
96812,0.233,0.107,0.031,-0.039,-0.064,-0.254,0.659,-0.203,-0.690,-0.218,0.000,0.001,8255,0,11,-58,28,14.530,305,305,0,0,0
96912,0.371,0.080,0.109,-0.136,0.078,0.092,0.658,-0.201,-0.688,-0.231,0.000,0.001,6756,0,18,-60,28,14.530,305,305,0,0,0
97012,0.252,0.066,0.042,-0.259,0.339,0.118,0.660,-0.212,-0.683,-0.231,0.000,0.001,5454,0,32,-66,28,14.540,305,305,0,0,0
97112,0.130,-0.032,-0.069,-0.208,0.276,0.069,0.671,-0.221,-0.668,-0.236,0.000,-0.000,4648,0,27,-65,28,14.540,305,305,0,0,0
97212,0.172,-0.047,-0.039,-0.298,-0.013,-0.307,0.669,-0.224,-0.665,-0.244,0.000,-0.000,8225,0,23,-54,28,14.540,305,305,0,0,0
97312,0.308,-0.104,-0.168,-0.361,0.143,-0.086,0.669,-0.227,-0.657,-0.265,0.000,-0.000,7633,0,29,-60,28,14.540,305,305,0,0,0
97412,0.351,-0.129,-0.169,-0.313,-0.096,-0.024,0.666,-0.235,-0.651,-0.279,0.000,-0.001,7503,0,20,-55,28,14.540,305,305,0,0,0
97512,0.317,-0.034,-0.198,-0.240,-0.532,0.100,0.653,-0.249,-0.658,-0.281,0.000,0.000,6231,0,7,-43,28,14.530,305,305,0,0,0
97612,0.168,0.108,-0.175,-0.093,-0.378,0.237,0.639,-0.266,-0.669,-0.272,0.000,0.001,2699,0,8,-50,28,14.530,305,305,0,0,0
97712,0.084,0.084,-0.087,0.010,0.243,0.103,0.643,-0.270,-0.664,-0.270,0.000,0.000,3529,0,23,-69,28,14.530,305,305,0,0,0
97812,0.052,-0.011,-0.087,-0.143,0.234,0.003,0.653,-0.268,-0.653,-0.274,0.000,0.000,4478,0,26,-61,28,14.540,305,305,0,0,0
97912,0.007,0.109,-0.070,-0.121,-0.508,0.057,0.639,-0.281,-0.663,-0.271,0.000,0.000,2986,0,3,-43,28,14.540,305,305,0,0,0
98012,-0.013,0.056,-0.149,-0.058,0.459,0.034,0.645,-0.280,-0.657,-0.273,0.000,-0.000,2975,0,32,-73,28,14.540,305,305,0,0,0
98112,-0.130,0.022,-0.186,-0.026,-0.334,0.314,0.650,-0.285,-0.650,-0.271,0.000,-0.000,0,6076,3,-47,29,14.530,305,305,0,0,0
98212,-0.232,0.192,-0.057,-0.252,-0.363,0.031,0.631,-0.303,-0.663,-0.263,0.000,-0.001,0,4549,12,-43,29,14.530,305,305,0,0,0
98312,-0.175,0.150,0.011,-0.090,0.419,-0.229,0.634,-0.302,-0.659,-0.271,0.000,-0.001,3551,0,29,-70,28,14.540,305,305,0,0,0
98412,0.005,0.126,0.072,-0.286,-0.024,-0.216,0.630,-0.298,-0.657,-0.286,0.000,-0.000,5724,0,20,-48,28,14.540,305,305,0,0,0
98512,0.117,0.171,0.114,-0.279,-0.343,-0.054,0.619,-0.305,-0.660,-0.298,0.000,0.001,5441,0,8,-40,28,14.530,305,305,0,0,0
98612,0.208,0.233,0.080,-0.368,-0.144,-0.221,0.605,-0.315,-0.663,-0.309,0.000,0.001,7778,0,18,-43,28,14.530,305,305,0,0,0
98712,0.287,0.233,-0.041,-0.379,0.190,0.012,0.597,-0.322,-0.659,-0.323,0.000,0.002,6724,0,27,-53,28,14.530,305,305,0,0,0
98812,0.230,0.179,-0.029,-0.457,0.188,0.196,0.597,-0.336,-0.646,-0.336,0.000,0.001,4331,0,28,-50,28,14.530,305,305,0,0,0
98912,0.129,0.101,-0.081,-0.340,0.303,0.067,0.602,-0.348,-0.629,-0.348,0.000,0.000,4671,0,29,-58,28,14.530,305,305,0,0,0
99012,0.149,0.042,-0.070,-0.494,0.037,-0.113,0.601,-0.354,-0.618,-0.362,0.000,0.000,6621,0,28,-44,28,14.530,305,305,0,0,0
99112,0.089,0.055,-0.159,-0.151,-0.117,0.269,0.596,-0.368,-0.611,-0.369,0.000,0.000,0,2288,13,-52,28,14.530,305,305,0,0,0
99212,-0.021,0.033,-0.130,-0.212,0.192,0.159,0.597,-0.378,-0.602,-0.372,0.000,0.000,0,2570,27,-60,28,14.530,305,305,0,0,0
99312,-0.175,-0.056,-0.045,-0.081,0.358,0.206,0.607,-0.383,-0.587,-0.375,0.000,0.000,0,5642,30,-67,28,14.530,305,305,0,0,0
99412,-0.251,-0.182,0.043,-0.007,0.519,0.004,0.620,-0.380,-0.570,-0.382,0.000,0.001,0,4643,35,-76,28,14.530,305,305,0,0,0
99512,-0.167,-0.343,-0.018,0.112,0.570,-0.117,0.633,-0.367,-0.555,-0.396,0.000,0.002,0,257,36,-83,28,14.530,305,305,0,0,0
99612,-0.097,-0.498,-0.027,0.311,0.468,0.034,0.649,-0.347,-0.545,-0.401,0.000,0.001,0,3057,32,-87,28,14.540,305,305,0,0,0
99712,-0.118,-0.606,-0.038,0.357,0.283,0.109,0.666,-0.333,-0.537,-0.397,0.000,0.002,0,4664,29,-86,28,14.540,305,305,0,0,0
99812,-0.073,-0.659,-0.229,0.428,0.081,-0.143,0.678,-0.316,-0.540,-0.387,0.000,0.001,3049,0,24,-82,28,14.540,305,305,0,0,0
99912,0.099,-0.646,-0.225,0.258,-0.122,0.026,0.677,-0.303,-0.549,-0.387,0.000,-0.002,3477,0,23,-74,28,14.540,305,305,0,0,0
100012,0.033,-0.594,-0.191,0.096,-0.223,0.068,0.677,-0.304,-0.556,-0.374,0.000,-0.001,0,779,25,-66,28,14.530,305,305,0,0,0
100112,0.017,-0.529,-0.241,-0.181,-0.353,-0.102,0.670,-0.311,-0.562,-0.373,0.000,-0.000,4122,0,27,-56,28,14.530,305,305,0,0,0
100212,-0.003,-0.438,-0.148,-0.172,-0.358,0.031,0.658,-0.323,-0.568,-0.373,0.000,0.000,760,0,24,-58,28,14.540,305,305,0,0,0
100312,-0.004,-0.348,-0.065,-0.118,-0.224,-0.089,0.647,-0.333,-0.575,-0.374,0.000,0.000,3710,0,24,-62,28,14.540,305,305,0,0,0
100412,0.058,-0.312,-0.059,-0.188,-0.016,-0.068,0.638,-0.339,-0.577,-0.381,0.000,-0.000,4481,0,31,-64,28,14.550,305,305,0,0,0
100512,-0.012,-0.333,-0.092,-0.224,0.100,0.423,0.638,-0.346,-0.570,-0.385,0.000,0.000,0,6576,35,-66,28,14.550,305,305,0,0,0
100612,-0.303,-0.376,0.016,-0.370,0.233,0.234,0.644,-0.363,-0.553,-0.384,0.000,0.003,0,7750,43,-65,28,14.550,305,305,0,0,0
100712,-0.439,-0.455,0.064,-0.149,0.334,0.286,0.648,-0.374,-0.534,-0.394,0.000,0.006,0,9277,37,-77,28,14.550,305,305,0,0,0
100812,-0.463,-0.524,-0.070,0.170,-0.062,-0.412,0.656,-0.369,-0.526,-0.396,0.000,0.007,0,4128,20,-71,28,14.550,305,305,0,0,0
100912,-0.087,-0.397,-0.136,0.184,-0.891,-0.419,0.637,-0.357,-0.553,-0.400,0.000,0.001,5260,0,-2,-45,28,14.530,305,305,0,0,0
101012,0.052,-0.105,-0.146,0.240,-0.891,0.123,0.608,-0.367,-0.590,-0.384,0.000,-0.000,0,3857,-4,-47,28,14.530,305,305,0,0,0
101112,-0.019,0.084,-0.111,0.071,-0.344,-0.020,0.593,-0.379,-0.608,-0.367,0.000,0.000,0,2807,13,-54,28,14.550,305,305,0,0,0
101212,0.041,0.118,-0.058,0.074,0.161,-0.098,0.588,-0.378,-0.614,-0.367,0.000,0.000,2895,0,23,-66,28,14.550,305,305,0,0,0
101312,0.049,0.009,-0.028,0.070,0.627,0.060,0.599,-0.370,-0.604,-0.373,0.000,0.000,0,2726,35,-79,28,14.540,305,305,0,0,0
101412,-0.019,-0.209,-0.051,0.019,0.854,0.119,0.624,-0.357,-0.581,-0.381,0.000,0.000,0,4708,46,-85,28,14.540,305,305,0,0,0
101512,-0.076,-0.470,-0.102,-0.119,0.907,0.086,0.649,-0.344,-0.551,-0.395,0.000,0.001,0,5111,54,-87,28,14.520,305,305,0,0,0
101612,-0.207,-0.677,-0.153,-0.153,0.224,0.256,0.669,-0.339,-0.523,-0.405,0.000,0.004,0,7888,36,-68,28,14.520,305,305,0,0,0
101712,-0.355,-0.617,-0.152,0.037,-0.611,0.063,0.666,-0.351,-0.524,-0.398,0.000,0.006,0,7812,9,-54,28,14.520,305,305,0,0,0
101812,-0.294,-0.432,-0.186,0.192,-0.568,-0.229,0.650,-0.358,-0.548,-0.386,0.000,0.004,0,4703,10,-60,28,14.540,305,305,0,0,0
101913,-0.136,-0.294,-0.185,-0.029,-0.290,-0.164,0.633,-0.360,-0.567,-0.384,0.000,0.001,0,3419,24,-59,28,14.540,305,305,0,0,0
102013,-0.098,-0.249,-0.136,-0.049,0.036,0.060,0.627,-0.362,-0.572,-0.385,0.000,0.001,0,5687,30,-67,28,14.530,305,305,0,0,0
102113,-0.198,-0.269,-0.113,-0.007,0.059,0.096,0.631,-0.366,-0.567,-0.382,0.000,0.002,0,6880,27,-67,28,14.530,305,305,0,0,0
102213,-0.169,-0.283,-0.036,-0.076,-0.149,-0.098,0.631,-0.365,-0.566,-0.385,0.000,0.001,0,4781,22,-58,28,14.530,305,305,0,0,0
102313,-0.134,-0.217,-0.004,-0.040,-0.408,0.018,0.623,-0.370,-0.572,-0.385,0.000,0.001,0,5626,14,-53,28,14.530,305,305,0,0,0
102413,-0.147,-0.120,-0.010,0.026,-0.183,0.000,0.613,-0.377,-0.581,-0.380,0.000,0.000,0,5578,19,-61,28,14.530,305,305,0,0,0
102513,-0.144,-0.116,-0.029,0.000,0.176,0.014,0.613,-0.377,-0.582,-0.379,0.000,0.001,0,5697,29,-69,28,14.550,305,305,0,0,0
102613,-0.170,-0.202,-0.010,0.054,0.459,0.041,0.622,-0.372,-0.573,-0.383,0.000,0.001,0,6182,36,-78,28,14.550,305,305,0,0,0
102713,-0.148,-0.380,0.022,0.064,0.700,-0.006,0.639,-0.359,-0.553,-0.395,0.000,0.001,0,5640,44,-88,28,14.550,305,305,0,0,0
102813,-0.116,-0.574,-0.024,0.097,0.608,-0.077,0.657,-0.343,-0.536,-0.405,0.000,0.002,0,4398,42,-87,28,14.560,305,305,0,0,0
102913,-0.066,-0.732,-0.082,0.029,0.410,-0.004,0.671,-0.328,-0.521,-0.414,0.000,0.001,0,4661,42,-83,28,14.560,305,305,0,0,0
103014,-0.097,-0.816,-0.098,-0.038,0.162,0.059,0.679,-0.324,-0.510,-0.417,0.000,0.002,0,5668,40,-76,28,14.550,305,305,0,0,0
103114,-0.148,-0.815,-0.099,-0.139,-0.190,0.044,0.677,-0.330,-0.508,-0.418,0.000,0.003,0,6064,33,-66,28,14.550,305,305,0,0,0
103213,-0.150,-0.745,-0.102,-0.068,-0.428,-0.144,0.670,-0.336,-0.514,-0.417,0.000,0.003,0,3951,24,-62,28,14.550,305,305,0,0,0
103314,-0.006,-0.604,-0.153,-0.073,-0.537,-0.246,0.651,-0.343,-0.531,-0.420,0.000,0.000,3587,0,20,-57,28,14.550,305,305,0,0,0
103413,0.069,-0.451,-0.172,-0.244,-0.502,0.000,0.632,-0.355,-0.547,-0.420,0.000,-0.001,0,1973,25,-51,28,14.550,305,305,0,0,0
103513,-0.100,-0.324,-0.159,-0.190,-0.388,0.296,0.619,-0.379,-0.550,-0.413,0.000,0.001,0,7548,22,-57,28,14.560,305,305,0,0,0
103613,-0.301,-0.244,-0.075,0.070,-0.197,0.251,0.617,-0.393,-0.552,-0.400,0.000,0.002,0,8704,19,-65,28,14.560,305,305,0,0,0
103712,-0.374,-0.225,0.027,0.003,0.046,-0.086,0.618,-0.396,-0.553,-0.394,0.000,0.003,0,6839,28,-67,28,14.560,305,305,0,0,0
103812,-0.265,-0.271,0.080,0.076,0.246,-0.184,0.619,-0.389,-0.551,-0.403,0.000,0.002,0,4888,31,-75,28,14.550,305,305,0,0,0
103912,-0.156,-0.361,0.128,0.028,0.362,-0.093,0.624,-0.378,-0.545,-0.412,0.000,0.002,0,4681,37,-77,28,14.550,305,305,0,0,0
104012,-0.126,-0.475,0.120,-0.066,0.410,0.033,0.633,-0.370,-0.533,-0.422,0.000,0.002,0,5708,42,-77,28,14.550,305,305,0,0,0
104112,-0.206,-0.588,0.086,0.043,0.366,0.163,0.644,-0.366,-0.518,-0.427,0.000,0.003,0,7461,39,-81,28,14.550,305,305,0,0,0
104212,-0.216,-0.679,0.040,-0.006,0.263,-0.088,0.652,-0.361,-0.507,-0.433,0.000,0.004,0,5395,40,-78,28,14.540,305,305,0,0,0
104312,-0.177,-0.729,0.011,0.082,0.077,0.008,0.656,-0.355,-0.503,-0.437,0.000,0.003,0,5942,33,-77,28,14.540,305,305,0,0,0
104412,-0.202,-0.721,-0.049,0.064,-0.130,0.096,0.657,-0.355,-0.505,-0.433,0.000,0.004,0,6908,29,-71,28,14.540,305,305,0,0,0
104512,-0.196,-0.657,-0.137,-0.037,-0.304,-0.111,0.650,-0.360,-0.511,-0.431,0.000,0.003,0,4928,27,-63,28,14.540,305,305,0,0,0
104612,-0.109,-0.554,-0.096,0.018,-0.407,-0.076,0.638,-0.365,-0.524,-0.430,0.000,0.002,0,4325,20,-61,28,14.540,305,305,0,0,0
104712,-0.101,-0.442,-0.042,0.069,-0.359,-0.004,0.629,-0.371,-0.537,-0.421,0.000,0.001,0,5067,20,-62,28,14.540,305,305,0,0,0
104812,-0.088,-0.358,-0.046,0.048,-0.220,0.001,0.622,-0.375,-0.547,-0.415,0.000,0.001,0,4978,23,-64,28,14.540,305,305,0,0,0
104912,-0.098,-0.318,-0.045,0.021,-0.051,0.002,0.620,-0.377,-0.552,-0.410,0.000,0.001,0,5102,27,-66,28,14.540,305,305,0,0,0
105012,-0.103,-0.330,-0.044,-0.039,0.112,0.027,0.621,-0.377,-0.550,-0.412,0.000,0.001,0,5405,32,-69,28,14.540,305,305,0,0,0
105112,-0.170,-0.382,-0.023,0.074,0.221,0.144,0.628,-0.375,-0.544,-0.411,0.000,0.002,0,7041,32,-76,28,14.560,305,305,0,0,0
105212,-0.211,-0.458,0.040,0.054,0.290,0.011,0.637,-0.370,-0.536,-0.412,0.000,0.003,0,6277,36,-77,28,14.560,305,305,0,0,0
105312,-0.203,-0.544,0.021,0.073,0.274,0.007,0.646,-0.362,-0.528,-0.415,0.000,0.003,0,6169,36,-78,28,14.560,305,305,0,0,0
105412,-0.186,-0.614,-0.017,0.091,0.196,-0.007,0.654,-0.354,-0.522,-0.418,0.000,0.003,0,5895,34,-78,28,14.560,305,305,0,0,0
105512,-0.162,-0.653,-0.021,0.043,0.066,-0.026,0.658,-0.349,-0.520,-0.419,0.000,0.003,0,5473,33,-74,28,14.550,305,305,0,0,0
105612,-0.167,-0.658,-0.043,0.033,-0.098,0.106,0.659,-0.347,-0.520,-0.417,0.000,0.003,0,6705,29,-70,28,14.550,305,305,0,0,0
105712,-0.209,-0.618,-0.051,-0.072,-0.190,-0.024,0.657,-0.352,-0.523,-0.414,0.000,0.003,0,5941,30,-65,28,14.550,305,305,0,0,0
105812,-0.184,-0.560,-0.048,0.013,-0.222,-0.051,0.650,-0.356,-0.529,-0.412,0.000,0.003,0,5441,25,-66,28,14.550,305,305,0,0,0
105912,-0.150,-0.497,-0.043,0.054,-0.233,-0.011,0.644,-0.358,-0.538,-0.409,0.000,0.002,0,5503,23,-66,28,14.550,305,305,0,0,0
106012,-0.116,-0.441,-0.008,-0.051,-0.134,-0.089,0.638,-0.361,-0.545,-0.407,0.000,0.001,0,4247,28,-65,28,14.550,305,305,0,0,0
106112,-0.078,-0.413,0.022,0.069,-0.027,0.006,0.635,-0.361,-0.549,-0.407,0.000,0.001,0,4923,27,-71,28,14.550,305,305,0,0,0
106212,-0.091,-0.416,0.034,0.026,0.069,0.013,0.637,-0.359,-0.549,-0.404,0.000,0.001,0,5144,31,-71,28,14.550,305,305,0,0,0
106312,-0.108,-0.451,0.008,0.030,0.197,0.103,0.641,-0.357,-0.545,-0.406,0.000,0.001,0,6181,34,-75,28,14.550,305,305,0,0,0
106412,-0.150,-0.510,-0.015,-0.001,0.216,0.024,0.648,-0.354,-0.539,-0.406,0.000,0.002,0,5851,36,-75,28,14.550,305,305,0,0,0
106512,-0.154,-0.571,-0.014,-0.002,0.220,0.003,0.653,-0.350,-0.532,-0.410,0.000,0.002,0,5680,36,-77,28,14.550,305,305,0,0,0
106612,-0.138,-0.626,-0.010,0.007,0.141,-0.039,0.658,-0.346,-0.526,-0.414,0.000,0.002,0,5089,35,-75,28,14.540,305,305,0,0,0
106712,-0.112,-0.656,-0.006,-0.030,0.032,-0.092,0.660,-0.343,-0.523,-0.417,0.000,0.002,0,4150,34,-72,28,14.540,305,305,0,0,0
106812,-0.073,-0.653,-0.019,-0.008,-0.067,-0.029,0.658,-0.342,-0.524,-0.419,0.000,0.001,0,4452,31,-71,28,14.540,305,305,0,0,0
106912,-0.061,-0.623,-0.038,-0.030,-0.173,0.024,0.654,-0.344,-0.527,-0.419,0.000,0.001,0,4937,28,-67,28,14.540,305,305,0,0,0
107012,-0.089,-0.569,0.018,-0.011,-0.218,0.030,0.650,-0.350,-0.532,-0.415,0.000,0.001,0,5301,26,-66,28,14.540,305,305,0,0,0
107112,-0.090,-0.505,0.019,-0.016,-0.233,-0.014,0.644,-0.354,-0.539,-0.411,0.000,0.001,0,4827,25,-64,28,14.540,305,305,0,0,0
107212,-0.083,-0.444,0.013,0.030,-0.182,0.038,0.638,-0.359,-0.546,-0.408,0.000,0.001,0,5323,24,-66,28,14.530,305,305,0,0,0
107312,-0.090,-0.403,0.024,-0.016,-0.078,-0.010,0.635,-0.361,-0.550,-0.405,0.000,0.001,0,4881,28,-67,28,14.530,305,305,0,0,0
107412,-0.080,-0.392,0.001,-0.003,0.053,0.000,0.633,-0.362,-0.551,-0.406,0.000,0.001,0,4876,30,-70,28,14.530,305,305,0,0,0
107512,-0.080,-0.420,-0.031,0.007,0.149,0.020,0.636,-0.360,-0.548,-0.407,0.000,0.001,0,5101,32,-73,28,14.540,305,305,0,0,0
107612,-0.095,-0.472,-0.024,-0.002,0.210,0.024,0.641,-0.357,-0.542,-0.410,0.000,0.001,0,5305,35,-75,28,14.540,305,305,0,0,0
107712,-0.112,-0.535,-0.004,-0.011,0.226,0.013,0.647,-0.354,-0.535,-0.413,0.000,0.001,0,5364,37,-76,28,14.540,305,305,0,0,0
107813,-0.138,-0.593,0.016,0.008,0.169,0.037,0.653,-0.351,-0.528,-0.415,0.000,0.002,0,5847,35,-75,28,14.540,305,305,0,0,0
107913,-0.170,-0.622,0.089,0.010,0.016,0.014,0.656,-0.350,-0.524,-0.415,0.000,0.003,0,5942,31,-72,28,14.540,305,305,0,0,0
108013,-0.071,-0.635,0.009,0.021,0.021,-0.227,0.655,-0.345,-0.525,-0.420,0.000,0.001,1654,0,32,-73,28,14.550,305,305,0,0,0
108113,0.007,-0.603,-0.185,0.064,-0.219,0.099,0.650,-0.343,-0.531,-0.421,0.000,-0.000,0,4859,24,-67,28,14.550,305,305,0,0,0
108213,-0.109,-0.537,-0.064,0.090,-0.226,0.142,0.650,-0.350,-0.537,-0.409,0.000,0.001,0,6531,24,-67,28,14.540,305,305,0,0,0
108313,-0.097,-0.484,-0.029,0.049,-0.172,-0.093,0.646,-0.351,-0.544,-0.404,0.000,0.001,0,3920,25,-67,28,14.540,305,305,0,0,0
108413,-0.073,-0.420,0.005,0.072,-0.230,0.046,0.641,-0.353,-0.553,-0.399,0.000,0.001,0,5489,21,-66,28,14.540,305,305,0,0,0
108513,-0.087,-0.386,-0.027,0.000,-0.066,-0.019,0.639,-0.354,-0.557,-0.395,0.000,0.001,0,4741,28,-66,28,14.540,305,305,0,0,0
108613,-0.087,-0.383,0.034,-0.018,0.063,0.021,0.638,-0.355,-0.557,-0.395,0.000,0.001,0,5188,31,-70,28,14.540,305,305,0,0,0
108713,-0.119,-0.415,0.046,-0.006,0.141,0.047,0.642,-0.354,-0.553,-0.395,0.000,0.001,0,5767,32,-72,28,14.540,305,305,0,0,0
108814,-0.123,-0.471,0.022,-0.048,0.220,-0.024,0.647,-0.351,-0.547,-0.399,0.000,0.002,0,5243,36,-74,28,14.540,305,305,0,0,0
108914,-0.152,-0.534,0.003,0.008,0.212,0.059,0.654,-0.348,-0.539,-0.402,0.000,0.002,0,6184,35,-76,28,14.540,305,305,0,0,0
109014,-0.122,-0.587,0.002,-0.028,0.148,-0.092,0.657,-0.344,-0.533,-0.407,0.000,0.002,0,4271,35,-74,28,14.540,305,305,0,0,0
109114,-0.109,-0.620,-0.017,0.010,0.070,0.066,0.659,-0.341,-0.530,-0.410,0.000,0.002,0,5845,33,-74,28,14.540,305,305,0,0,0
109214,-0.155,-0.618,0.001,-0.028,-0.042,0.056,0.660,-0.344,-0.529,-0.408,0.000,0.003,0,6180,32,-70,28,14.540,305,305,0,0,0
109313,-0.168,-0.598,0.007,-0.040,-0.093,-0.002,0.658,-0.347,-0.530,-0.408,0.000,0.003,0,5761,30,-69,28,14.540,305,305,0,0,0
109413,-0.163,-0.571,-0.016,-0.007,-0.087,0.014,0.655,-0.349,-0.532,-0.407,0.000,0.002,0,5878,29,-70,28,14.540,305,305,0,0,0
109512,-0.160,-0.543,-0.017,-0.012,-0.082,-0.049,0.652,-0.351,-0.536,-0.406,0.000,0.002,0,5215,30,-69,28,14.540,305,305,0,0,0
109612,-0.121,-0.526,-0.010,-0.031,-0.009,-0.074,0.649,-0.351,-0.538,-0.407,0.000,0.002,0,4491,32,-70,28,14.540,305,305,0,0,0
109712,-0.104,-0.528,-0.019,-0.008,0.021,0.000,0.649,-0.350,-0.538,-0.408,0.000,0.001,0,5147,32,-71,28,14.550,305,305,0,0,0
109812,-0.128,-0.536,-0.001,-0.001,0.049,0.038,0.650,-0.350,-0.537,-0.407,0.000,0.002,0,5767,32,-72,28,14.550,305,305,0,0,0
109912,-0.135,-0.552,-0.002,-0.008,0.044,-0.010,0.652,-0.350,-0.535,-0.408,0.000,0.002,0,5358,32,-72,28,14.550,305,305,0,0,0
110012,-0.142,-0.561,0.014,0.041,0.014,0.057,0.653,-0.349,-0.534,-0.408,0.000,0.002,0,6075,30,-73,28,14.540,305,305,0,0,0
110112,-0.159,-0.560,0.009,0.006,-0.013,0.000,0.654,-0.350,-0.534,-0.407,0.000,0.002,0,5696,31,-71,28,14.540,305,305,0,0,0
110212,-0.134,-0.554,-0.025,0.000,-0.024,-0.036,0.652,-0.349,-0.535,-0.408,0.000,0.002,0,5081,30,-70,28,14.550,305,305,0,0,0
110312,-0.128,-0.545,-0.043,0.017,-0.037,0.023,0.652,-0.349,-0.536,-0.407,0.000,0.002,0,5621,30,-70,28,14.550,305,305,0,0,0
110412,-0.126,-0.536,-0.015,-0.002,-0.024,-0.026,0.651,-0.350,-0.537,-0.407,0.000,0.002,0,5101,30,-70,28,14.550,305,305,0,0,0
110512,-0.094,-0.532,0.020,-0.021,0.001,-0.012,0.649,-0.349,-0.538,-0.409,0.000,0.001,0,4904,31,-70,28,14.550,305,305,0,0,0
110612,-0.118,-0.535,0.010,-0.014,0.020,0.011,0.650,-0.350,-0.538,-0.407,0.000,0.001,0,5400,32,-71,28,14.540,305,305,0,0,0
110712,-0.107,-0.543,-0.020,-0.017,0.034,-0.047,0.650,-0.349,-0.537,-0.409,0.000,0.001,0,4657,32,-71,28,14.540,305,305,0,0,0
110812,-0.106,-0.552,-0.017,-0.003,0.026,0.032,0.651,-0.348,-0.536,-0.409,0.000,0.002,0,5492,32,-71,28,14.540,305,305,0,0,0
110912,-0.142,-0.557,-0.000,-0.014,0.000,0.047,0.653,-0.350,-0.534,-0.408,0.000,0.002,0,5979,31,-70,28,14.540,305,305,0,0,0
111012,-0.151,-0.554,0.009,-0.004,-0.016,-0.009,0.652,-0.351,-0.534,-0.408,0.000,0.002,0,5533,31,-71,28,14.540,305,305,0,0,0
111112,-0.146,-0.548,-0.004,0.029,-0.027,0.008,0.652,-0.351,-0.535,-0.408,0.000,0.002,0,5645,29,-71,28,14.540,305,305,0,0,0
111212,-0.129,-0.541,0.004,0.000,-0.026,-0.029,0.651,-0.351,-0.536,-0.408,0.000,0.002,0,5100,30,-70,28,14.540,305,305,0,0,0
111312,-0.122,-0.538,0.002,0.031,-0.009,0.018,0.650,-0.350,-0.537,-0.408,0.000,0.002,0,5508,30,-72,28,14.540,305,305,0,0,0
111412,-0.114,-0.538,-0.009,0.002,-0.004,-0.027,0.650,-0.350,-0.537,-0.408,0.000,0.001,0,4958,31,-71,28,14.550,305,305,0,0,0
111512,-0.102,-0.539,0.016,0.004,0.040,-0.009,0.650,-0.349,-0.537,-0.409,0.000,0.002,0,5026,32,-72,28,14.550,305,305,0,0,0
111612,-0.098,-0.552,0.001,0.002,0.029,-0.002,0.651,-0.348,-0.536,-0.410,0.000,0.001,0,5055,32,-72,28,14.550,305,305,0,0,0
111712,-0.098,-0.558,0.018,0.012,0.007,-0.033,0.652,-0.347,-0.536,-0.409,0.000,0.001,0,4700,31,-71,28,14.550,305,305,0,0,0
111812,-0.063,-0.559,0.016,0.019,0.016,-0.016,0.651,-0.345,-0.537,-0.411,0.000,0.001,0,4492,31,-72,28,14.540,305,305,0,0,0
111912,-0.069,-0.561,-0.011,0.000,-0.007,0.030,0.652,-0.345,-0.537,-0.410,0.000,0.001,0,5087,31,-71,28,14.540,305,305,0,0,0
112012,-0.090,-0.559,-0.006,-0.023,-0.020,0.002,0.652,-0.346,-0.536,-0.409,0.000,0.001,0,5019,31,-70,28,14.540,305,305,0,0,0
112112,-0.086,-0.553,-0.005,0.000,-0.029,-0.017,0.652,-0.346,-0.537,-0.409,0.000,0.001,0,4759,30,-70,28,14.560,305,305,0,0,0
112212,-0.088,-0.545,-0.023,0.071,-0.031,0.077,0.651,-0.347,-0.538,-0.408,0.000,0.001,0,5755,28,-72,28,14.560,305,305,0,0,0
112312,-0.085,-0.537,-0.016,-0.018,-0.031,-0.068,0.651,-0.346,-0.539,-0.407,0.000,0.001,0,4113,31,-69,28,14.550,305,305,0,0,0
112412,-0.048,-0.529,0.004,0.023,-0.020,0.032,0.649,-0.346,-0.541,-0.409,0.000,0.001,0,4883,29,-71,28,14.550,305,305,0,0,0
112512,-0.071,-0.523,0.006,-0.002,-0.036,0.030,0.649,-0.347,-0.541,-0.407,0.000,0.001,0,5112,30,-69,28,14.530,305,305,0,0,0
112612,-0.079,-0.515,0.010,-0.008,-0.008,-0.012,0.648,-0.348,-0.542,-0.406,0.000,0.001,0,4724,30,-70,28,14.530,305,305,0,0,0
112712,-0.072,-0.514,-0.014,0.006,0.002,0.022,0.648,-0.348,-0.542,-0.407,0.000,0.001,0,5035,30,-71,28,14.530,305,305,0,0,0
112812,-0.088,-0.516,0.001,-0.018,0.024,-0.009,0.649,-0.348,-0.541,-0.406,0.000,0.001,0,4868,32,-70,28,14.540,305,305,0,0,0
112912,-0.087,-0.527,0.011,0.000,0.070,0.000,0.650,-0.347,-0.540,-0.406,0.000,0.001,0,4952,33,-73,28,14.540,305,305,0,0,0
113012,-0.085,-0.547,-0.007,0.000,0.068,-0.016,0.652,-0.346,-0.538,-0.408,0.000,0.001,0,4754,33,-72,28,14.540,305,305,0,0,0
113112,-0.080,-0.567,-0.009,0.000,0.072,-0.009,0.653,-0.344,-0.536,-0.409,0.000,0.001,0,4782,33,-73,28,14.540,305,305,0,0,0
113212,-0.105,-0.586,0.025,0.184,0.041,0.152,0.657,-0.343,-0.534,-0.407,0.000,0.001,0,6577,26,-78,28,14.540,305,305,0,0,0
113312,-0.037,-0.590,0.040,-0.078,-0.017,0.082,0.653,-0.342,-0.534,-0.413,0.000,0.001,0,5221,32,-70,28,14.540,305,305,0,0,0
113413,-0.182,-0.581,0.027,-0.090,-0.047,-0.067,0.659,-0.345,-0.534,-0.402,0.000,0.003,0,5264,35,-65,28,14.540,305,305,0,0,0
113513,-0.194,-0.573,-0.039,0.166,-0.034,0.261,0.656,-0.349,-0.532,-0.405,0.000,0.003,0,8065,23,-78,28,14.530,305,305,0,0,0
113613,-0.183,-0.564,-0.062,-0.106,0.002,-0.092,0.654,-0.351,-0.532,-0.407,0.000,0.003,0,4999,34,-69,28,14.530,305,305,0,0,0
113713,-0.164,-0.564,-0.020,-0.112,0.012,-0.161,0.654,-0.350,-0.533,-0.408,0.000,0.002,0,3911,36,-68,28,14.540,305,305,0,0,0
113813,-0.166,-0.567,-0.015,0.083,-0.013,0.154,0.653,-0.352,-0.531,-0.410,0.000,0.002,0,7087,27,-74,28,14.540,305,305,0,0,0
113913,-0.189,-0.563,-0.004,-0.054,-0.008,0.002,0.653,-0.353,-0.531,-0.409,0.000,0.003,0,6002,33,-69,28,14.540,305,305,0,0,0
114013,-0.158,-0.557,-0.018,-0.024,-0.027,-0.177,0.652,-0.352,-0.533,-0.410,0.000,0.002,0,3600,32,-69,28,14.560,305,305,0,0,0
114113,-0.091,-0.554,0.012,0.033,-0.013,-0.016,0.649,-0.350,-0.534,-0.413,0.000,0.001,0,4826,30,-72,28,14.560,305,305,0,0,0
114213,-0.073,-0.546,0.001,-0.007,-0.046,-0.007,0.648,-0.350,-0.536,-0.413,0.000,0.001,0,4724,30,-69,28,14.550,305,305,0,0,0
114313,-0.095,-0.526,0.047,0.073,-0.060,0.022,0.648,-0.350,-0.539,-0.409,0.000,0.001,0,5286,28,-71,28,14.550,305,305,0,0,0
114413,-0.083,-0.519,0.038,0.003,0.011,-0.008,0.648,-0.350,-0.540,-0.408,0.000,0.001,0,4828,31,-71,28,14.550,305,305,0,0,0
114514,-0.084,-0.528,-0.005,0.027,0.030,0.050,0.648,-0.349,-0.539,-0.409,0.000,0.001,0,5454,30,-72,28,14.540,305,305,0,0,0
114612,-0.120,-0.542,-0.003,0.017,0.093,0.047,0.651,-0.349,-0.537,-0.407,0.000,0.002,0,5769,33,-74,28,14.540,305,305,0,0,0
114713,-0.103,-0.573,0.006,-0.012,0.119,-0.041,0.653,-0.347,-0.534,-0.411,0.000,0.001,0,4664,35,-74,28,14.540,305,305,0,0,0
114812,-0.095,-0.602,-0.006,0.011,0.070,0.034,0.655,-0.344,-0.531,-0.412,0.000,0.001,0,5412,33,-74,28,14.530,305,305,0,0,0
114912,-0.138,-0.616,-0.023,0.007,0.012,0.074,0.658,-0.345,-0.528,-0.411,0.000,0.002,0,6195,32,-72,28,14.530,305,305,0,0,0
115012,-0.161,-0.612,-0.013,-0.081,-0.049,-0.007,0.658,-0.347,-0.527,-0.411,0.000,0.003,0,5656,33,-68,28,14.530,305,305,0,0,0
115112,-0.169,-0.593,-0.007,-0.043,-0.070,0.000,0.655,-0.350,-0.528,-0.411,0.000,0.003,0,5793,31,-69,28,14.530,305,305,0,0,0
115212,-0.164,-0.570,-0.011,-0.010,-0.102,-0.037,0.653,-0.352,-0.531,-0.411,0.000,0.002,0,5389,29,-69,28,14.540,305,305,0,0,0
115312,-0.122,-0.544,0.025,-0.079,-0.073,-0.128,0.649,-0.353,-0.534,-0.412,0.000,0.002,0,3792,32,-67,28,14.540,305,305,0,0,0
115412,-0.091,-0.528,-0.006,0.011,-0.036,0.058,0.645,-0.354,-0.536,-0.414,0.000,0.001,0,5598,29,-71,28,14.540,305,305,0,0,0
115512,-0.134,-0.525,-0.018,0.006,0.007,-0.030,0.647,-0.354,-0.536,-0.410,0.000,0.002,0,5139,32,-70,28,14.540,305,305,0,0,0
115612,-0.079,-0.534,0.008,0.000,0.062,-0.070,0.646,-0.352,-0.536,-0.414,0.000,0.001,0,3989,33,-72,28,14.540,305,305,0,0,0
115712,-0.090,-0.553,0.000,0.009,0.068,0.098,0.649,-0.351,-0.534,-0.414,0.000,0.001,0,5973,33,-73,28,14.540,305,305,0,0,0
115812,-0.157,-0.570,0.007,-0.019,0.054,0.071,0.652,-0.352,-0.531,-0.412,0.000,0.002,0,6334,33,-72,28,14.540,305,305,0,0,0
115912,-0.188,-0.581,0.029,0.021,0.029,-0.040,0.655,-0.352,-0.529,-0.409,0.000,0.003,0,5595,32,-72,28,14.550,305,305,0,0,0
116012,-0.150,-0.587,0.012,-0.012,0.003,0.003,0.654,-0.350,-0.529,-0.412,0.000,0.002,0,5642,32,-71,28,14.550,305,305,0,0,0
116112,-0.178,-0.586,0.015,-0.043,-0.011,0.029,0.654,-0.352,-0.528,-0.411,0.000,0.003,0,6143,33,-70,28,14.540,305,305,0,0,0
116212,-0.145,-0.586,-0.043,-0.070,-0.006,-0.068,0.651,-0.353,-0.528,-0.416,0.000,0.002,0,4842,33,-70,28,14.540,305,305,0,0,0
116312,-0.104,-0.581,-0.126,0.080,-0.047,-0.097,0.650,-0.351,-0.530,-0.416,0.000,0.002,0,3975,28,-73,28,14.540,305,305,0,0,0
116412,0.051,-0.560,-0.158,0.019,-0.071,-0.192,0.644,-0.346,-0.536,-0.422,0.000,-0.001,3707,0,29,-70,28,14.540,305,305,0,0,0
116512,0.055,-0.542,-0.135,0.126,-0.063,0.197,0.644,-0.345,-0.540,-0.419,0.000,-0.001,0,5277,26,-73,28,14.540,305,305,0,0,0
116612,-0.037,-0.513,-0.013,0.017,-0.119,0.037,0.646,-0.348,-0.542,-0.410,0.000,0.000,0,4695,28,-66,28,14.540,305,305,0,0,0
116712,-0.051,-0.479,0.155,-0.089,-0.088,-0.016,0.643,-0.352,-0.545,-0.408,0.000,0.001,0,4286,31,-65,28,14.540,305,305,0,0,0
116812,-0.065,-0.465,0.287,-0.204,-0.008,0.072,0.639,-0.357,-0.543,-0.411,0.000,0.001,0,5484,35,-64,28,14.540,305,305,0,0,0
116912,-0.178,-0.467,0.230,-0.139,0.036,0.190,0.639,-0.366,-0.537,-0.411,0.000,0.002,0,7451,33,-68,28,14.540,305,305,0,0,0
117012,-0.264,-0.492,0.126,-0.022,0.134,0.037,0.642,-0.370,-0.530,-0.412,0.000,0.004,0,6935,33,-73,28,14.540,305,305,0,0,0
117112,-0.260,-0.534,0.015,0.000,0.167,-0.039,0.646,-0.367,-0.526,-0.415,0.000,0.004,0,6271,35,-74,28,14.540,305,305,0,0,0
117212,-0.236,-0.584,-0.029,0.002,0.196,0.011,0.649,-0.363,-0.521,-0.419,0.000,0.004,0,6491,37,-76,28,14.530,305,305,0,0,0
117312,-0.260,-0.634,-0.113,-0.023,0.131,0.014,0.654,-0.360,-0.515,-0.421,0.000,0.004,0,6724,36,-74,28,14.530,305,305,0,0,0
117412,-0.263,-0.659,-0.079,0.011,-0.007,-0.011,0.656,-0.359,-0.512,-0.423,0.000,0.005,0,6536,32,-72,28,14.530,305,305,0,0,0
117512,-0.247,-0.644,0.030,0.032,-0.122,-0.032,0.655,-0.359,-0.514,-0.422,0.000,0.004,0,6217,29,-70,28,14.530,305,305,0,0,0
117612,-0.199,-0.600,0.051,0.057,-0.189,-0.114,0.651,-0.359,-0.522,-0.420,0.000,0.003,0,4928,26,-68,28,14.550,305,305,0,0,0
117712,-0.120,-0.545,-0.068,0.086,-0.198,-0.051,0.645,-0.358,-0.531,-0.418,0.000,0.002,0,4753,24,-68,28,14.550,305,305,0,0,0
117812,-0.112,-0.494,-0.119,0.101,-0.156,0.102,0.642,-0.358,-0.538,-0.412,0.000,0.001,0,6209,25,-69,28,14.550,305,305,0,0,0
117912,-0.172,-0.462,-0.080,0.034,-0.022,0.052,0.642,-0.361,-0.541,-0.405,0.000,0.002,0,6294,30,-70,28,14.550,305,305,0,0,0
118012,-0.171,-0.474,0.001,0.028,0.142,-0.024,0.644,-0.360,-0.540,-0.406,0.000,0.002,0,5576,33,-74,28,14.540,305,305,0,0,0
118112,-0.143,-0.521,0.014,0.079,0.183,-0.029,0.648,-0.354,-0.537,-0.408,0.000,0.002,0,5248,33,-77,28,14.540,305,305,0,0,0
118212,-0.099,-0.573,-0.005,-0.041,0.173,-0.116,0.652,-0.348,-0.533,-0.412,0.000,0.001,0,3635,37,-73,28,14.540,305,305,0,0,0
118312,-0.009,-0.618,-0.035,-0.109,0.118,-0.046,0.651,-0.344,-0.528,-0.423,0.000,0.000,0,3132,37,-72,28,14.550,305,305,0,0,0
118412,-0.090,-0.639,-0.012,0.019,0.041,0.128,0.655,-0.346,-0.523,-0.421,0.000,0.001,0,6242,32,-74,28,14.550,305,305,0,0,0
118512,-0.111,-0.635,0.064,0.029,-0.051,-0.078,0.655,-0.347,-0.524,-0.419,0.000,0.002,0,4325,30,-72,28,14.540,305,305,0,0,0
118612,-0.024,-0.611,0.062,0.013,-0.114,-0.091,0.651,-0.346,-0.529,-0.422,0.000,0.000,0,2619,29,-69,28,14.540,305,305,0,0,0
118712,-0.004,-0.570,0.023,-0.050,-0.174,0.060,0.646,-0.348,-0.533,-0.422,0.000,0.000,0,4597,29,-65,28,14.520,305,305,0,0,0
118812,-0.066,-0.524,0.009,-0.071,-0.132,0.066,0.642,-0.356,-0.535,-0.418,0.000,0.001,0,5431,30,-66,28,14.520,305,305,0,0,0
118912,-0.113,-0.495,0.011,0.050,-0.056,0.081,0.641,-0.360,-0.537,-0.414,0.000,0.001,0,6030,28,-71,28,14.520,305,305,0,0,0
119012,-0.106,-0.493,0.015,0.006,0.028,-0.073,0.641,-0.359,-0.538,-0.414,0.000,0.001,0,4316,32,-71,28,14.530,305,305,0,0,0
119112,-0.015,-0.513,-0.070,-0.073,0.074,-0.176,0.638,-0.356,-0.536,-0.422,0.000,0.000,1877,0,34,-70,28,14.530,305,305,0,0,0
119212,-0.002,-0.542,-0.052,0.082,0.117,0.109,0.641,-0.353,-0.534,-0.423,0.000,0.000,0,5112,32,-76,28,14.530,305,305,0,0,0
119312,-0.068,-0.578,0.028,0.002,0.153,0.032,0.648,-0.351,-0.530,-0.420,0.000,0.001,0,5099,36,-74,28,14.530,305,305,0,0,0
119412,-0.060,-0.617,-0.001,-0.068,0.091,0.003,0.650,-0.349,-0.525,-0.424,0.000,0.001,0,4688,36,-72,28,14.530,305,305,0,0,0
119512,-0.072,-0.635,-0.008,-0.037,-0.014,0.094,0.651,-0.350,-0.522,-0.427,0.000,0.001,0,5768,32,-71,28,14.520,305,305,0,0,0
119612,-0.106,-0.618,0.023,0.008,-0.092,-0.041,0.650,-0.352,-0.523,-0.424,0.000,0.002,0,4700,30,-70,28,14.520,305,305,0,0,0
119712,-0.029,-0.588,0.054,0.032,-0.098,-0.097,0.645,-0.352,-0.528,-0.426,0.000,0.000,0,2645,29,-70,28,14.550,305,305,0,0,0
119812,-0.033,-0.555,0.005,0.062,-0.137,0.073,0.644,-0.353,-0.533,-0.422,0.000,0.001,0,5150,27,-69,28,14.550,305,305,0,0,0
119912,-0.029,-0.518,0.005,-0.019,-0.084,-0.063,0.641,-0.355,-0.537,-0.419,0.000,0.000,0,3348,30,-68,28,14.550,305,305,0,0,0
120012,0.001,-0.502,0.013,-0.018,-0.010,0.023,0.638,-0.355,-0.539,-0.420,0.000,-0.000,0,4147,31,-70,28,14.540,305,305,0,0,0
120112,-0.050,-0.505,0.017,0.028,0.037,0.117,0.640,-0.357,-0.537,-0.418,0.000,0.001,0,5773,31,-72,28,14.540,305,305,0,0,0
120212,-0.074,-0.523,0.025,-0.019,0.107,-0.056,0.642,-0.357,-0.535,-0.418,0.000,0.001,0,4125,34,-72,28,14.540,305,305,0,0,0
120312,-0.007,-0.556,0.010,-0.059,0.120,-0.099,0.642,-0.353,-0.532,-0.425,0.000,0.000,0,2071,36,-72,28,14.540,305,305,0,0,0
120412,-0.022,-0.587,-0.023,0.004,0.082,0.089,0.645,-0.352,-0.528,-0.426,0.000,0.000,0,5170,33,-73,28,14.540,305,305,0,0,0
120512,-0.054,-0.598,0.003,-0.029,0.023,0.000,0.647,-0.352,-0.526,-0.425,0.000,0.001,0,4579,33,-71,28,14.560,305,305,0,0,0
120612,-0.076,-0.598,0.001,0.031,-0.048,0.042,0.647,-0.353,-0.525,-0.425,0.000,0.001,0,5287,29,-71,28,14.560,305,305,0,0,0
120712,-0.048,-0.577,0.087,0.001,-0.073,-0.122,0.645,-0.353,-0.529,-0.424,0.000,0.001,0,2601,30,-69,28,14.550,305,305,0,0,0
120812,0.063,-0.551,0.086,-0.057,-0.078,-0.140,0.638,-0.352,-0.534,-0.430,0.000,-0.001,3079,0,31,-67,28,14.550,305,305,0,0,0
120912,-0.032,-0.511,0.007,0.088,-0.166,0.349,0.638,-0.358,-0.536,-0.422,0.000,0.000,0,7458,23,-68,28,14.550,305,305,0,0,0
121012,-0.251,-0.462,-0.050,0.011,-0.168,0.274,0.641,-0.369,-0.536,-0.408,0.000,0.003,0,8534,26,-65,28,14.540,305,305,0,0,0
121112,-0.314,-0.423,-0.068,-0.024,-0.101,-0.062,0.639,-0.374,-0.538,-0.402,0.000,0.004,0,6538,28,-65,28,14.540,305,305,0,0,0
121212,-0.262,-0.408,-0.075,0.043,-0.007,-0.016,0.636,-0.373,-0.541,-0.404,0.000,0.003,0,6492,28,-70,29,14.530,305,305,0,0,0
121312,-0.256,-0.412,-0.386,-0.037,0.044,-0.024,0.637,-0.372,-0.541,-0.404,0.000,0.003,0,6361,32,-68,29,14.530,305,305,0,0,0
121412,-0.232,-0.413,-0.168,-0.044,-0.051,-0.114,0.636,-0.371,-0.542,-0.405,0.000,0.003,0,5290,29,-64,29,14.530,305,305,0,0,0
121512,-0.135,-0.391,-0.168,0.004,-0.099,-0.126,0.631,-0.369,-0.547,-0.409,0.000,0.001,0,4008,25,-65,28,14.520,1001,5882,60,172,0
121612,-0.105,-0.367,-0.067,-0.006,-0.042,0.011,0.628,-0.369,-0.550,-0.408,0.000,0.001,0,5274,28,-66,28,14.520,1001,5882,60,172,0
121712,-0.147,-0.369,-0.058,-0.088,0.023,0.046,0.629,-0.372,-0.548,-0.407,0.000,0.001,0,6012,31,-65,28,14.520,535,5643,60,339,0
121812,-0.176,-0.378,-0.066,-0.041,0.037,0.050,0.629,-0.374,-0.545,-0.409,0.000,0.002,0,6311,29,-68,28,14.520,535,5643,60,339,0
121912,-0.154,-0.392,-0.062,-0.043,0.054,-0.097,0.629,-0.374,-0.543,-0.412,0.000,0.002,0,4620,30,-68,28,14.530,369,5733,60,222,0
122012,-0.119,-0.413,-0.043,-0.026,0.097,0.014,0.629,-0.372,-0.541,-0.416,0.000,0.001,0,5446,32,-70,28,14.530,369,5733,60,222,0
122112,-0.169,-0.447,-0.034,-0.061,0.117,0.066,0.632,-0.373,-0.535,-0.418,0.000,0.002,0,6387,34,-70,28,14.510,324,6265,60,310,0
122212,-0.183,-0.474,-0.058,-0.051,0.061,-0.031,0.634,-0.373,-0.531,-0.420,15000000.000,0.002,0,6265,32,-69,28,14.510,324,6265,60,310,0
122312,-0.158,-0.479,-0.085,-0.029,-0.007,0.001,0.633,-0.373,-0.530,-0.423,20000000.000,0.002,0,6522,30,-68,28,14.510,320,6127,60,290,0
122412,-0.182,-0.467,-0.062,-0.032,-0.078,-0.010,0.632,-0.375,-0.531,-0.422,30000000.000,0.002,0,6995,28,-66,28,14.510,320,6127,60,290,0
122512,-0.127,-0.432,-0.064,-0.011,-0.148,-0.122,0.627,-0.376,-0.535,-0.423,35000000.000,0.001,1399,5748,25,-64,28,14.530,320,6127,60,265,0
122612,-0.033,-0.392,-0.392,0.141,-0.119,-0.153,0.620,-0.375,-0.542,-0.425,45000000.000,0.000,4612,4871,21,-70,28,14.530,320,6127,60,265,0
122712,0.020,-0.366,-0.300,0.208,-0.037,0.023,0.617,-0.375,-0.547,-0.425,60000000.000,-0.000,4010,6628,20,-75,28,14.490,5070,5733,126,403,0
122812,-0.031,-0.360,-0.223,0.164,-0.017,0.090,0.618,-0.376,-0.546,-0.422,75000000.000,0.000,3135,8073,22,-72,28,14.490,5070,5733,126,403,0
122912,-0.090,-0.347,-0.225,0.028,-0.057,0.064,0.618,-0.380,-0.546,-0.419,85000000.000,0.001,3236,8633,24,-66,28,14.490,5070,5733,126,403,0
123012,-0.116,-0.329,-0.226,0.108,-0.090,-0.044,0.617,-0.383,-0.547,-0.417,90000000.000,0.001,4710,8235,20,-68,28,14.460,3822,8445,60,433,0
123112,-0.108,-0.306,-0.300,-0.219,-0.080,0.048,0.615,-0.383,-0.550,-0.415,100000000.000,0.001,4225,9064,33,-55,28,14.460,3822,8445,60,433,0
123212,-0.115,-0.281,-0.176,0.077,-0.093,0.018,0.613,-0.386,-0.551,-0.414,120000000.000,0.001,5517,9464,21,-66,29,14.490,4266,8992,426,313,0
123312,-0.137,-0.245,-0.123,-0.094,-0.166,0.030,0.609,-0.391,-0.554,-0.412,135000000.000,0.001,5838,10046,24,-57,29,14.490,4266,8992,426,313,0
123412,-0.151,-0.192,-0.062,0.009,-0.190,-0.001,0.604,-0.396,-0.558,-0.409,145000000.000,0.001,6405,10197,19,-59,28,14.520,5980,10162,306,463,0
123512,-0.136,-0.145,-0.076,0.048,-0.136,-0.047,0.600,-0.398,-0.564,-0.406,165000000.000,0.001,7591,10362,19,-61,28,14.520,5980,10162,306,463,0
123612,-0.118,-0.110,-0.089,0.031,-0.118,0.004,0.596,-0.398,-0.568,-0.403,180000000.000,0.000,7847,10882,20,-60,29,14.500,7668,10438,371,503,0
123712,-0.142,-0.080,-0.053,0.028,-0.102,0.077,0.595,-0.400,-0.571,-0.399,190000000.000,0.000,7483,11576,19,-59,29,14.500,7668,10438,371,503,0
123812,-0.187,-0.052,-0.032,0.038,-0.093,0.033,0.594,-0.403,-0.573,-0.395,205000000.000,0.000,7951,11907,19,-59,28,14.480,7645,11792,376,564,0
123912,-0.180,-0.028,-0.010,0.007,-0.069,-0.048,0.592,-0.404,-0.576,-0.392,220000000.000,0.000,8969,11813,20,-58,28,14.480,7645,11792,376,564,0
124012,-0.153,-0.013,-0.033,0.037,-0.029,-0.034,0.590,-0.403,-0.579,-0.392,235000000.000,0.000,9458,12064,19,-60,28,14.480,7645,11792,376,564,0
124112,-0.185,0.011,-0.149,0.112,-0.142,0.101,0.591,-0.403,-0.582,-0.386,245000000.000,0.000,8719,12999,14,-58,29,14.480,9398,12048,449,566,0
124212,-0.230,0.050,-0.048,0.028,-0.100,-0.002,0.590,-0.405,-0.587,-0.379,255000000.000,-0.000,9353,12943,17,-56,29,14.480,9398,12048,449,566,0
124312,-0.186,0.050,-0.019,-0.009,0.031,-0.058,0.589,-0.403,-0.588,-0.381,270000000.000,0.000,10288,12812,21,-59,29,14.470,9727,12787,501,585,0
124412,-0.174,0.050,0.026,0.043,-0.033,-0.001,0.589,-0.402,-0.589,-0.381,285000000.000,0.000,10416,13286,17,-58,29,14.470,9727,12787,501,585,0
124512,-0.164,0.063,0.023,-0.068,-0.042,-0.018,0.588,-0.402,-0.591,-0.380,290000000.000,-0.000,10674,13269,21,-54,29,14.460,10460,12195,568,557,0
124612,-0.148,0.067,-0.025,-0.036,-0.002,-0.043,0.587,-0.402,-0.591,-0.380,290000000.000,-0.000,10883,13098,20,-57,29,14.460,10460,12195,568,557,0
124712,-0.131,0.068,-0.024,-0.003,-0.018,-0.019,0.586,-0.401,-0.592,-0.381,295000000.000,-0.000,10962,13222,18,-57,29,14.460,10460,12195,568,557,0
124812,-0.120,0.079,-0.041,0.006,-0.058,0.021,0.584,-0.402,-0.593,-0.381,310000000.000,-0.000,11156,13622,16,-56,29,14.480,10940,13089,523,630,0
124912,-0.164,0.105,-0.076,0.029,-0.122,0.063,0.583,-0.404,-0.595,-0.377,310000000.000,-0.000,10726,13963,14,-54,29,14.480,10940,13089,523,630,0
125012,-0.138,0.154,-0.102,0.004,-0.174,-0.089,0.578,-0.406,-0.601,-0.374,320000000.000,-0.000,11813,13433,12,-51,29,14.460,11337,13661,536,646,0
125112,-0.123,0.194,-0.058,0.027,-0.101,-0.012,0.574,-0.407,-0.605,-0.372,325000000.000,-0.000,11633,13772,13,-53,29,14.460,11337,13661,536,646,0
125212,-0.091,0.214,0.020,0.072,-0.021,-0.076,0.572,-0.406,-0.609,-0.370,325000000.000,-0.000,12073,13388,13,-56,29,14.460,11337,13661,536,646,0
125312,-0.041,0.207,-0.053,-0.106,0.020,0.007,0.573,-0.401,-0.611,-0.371,335000000.000,-0.000,12139,13698,20,-50,29,14.460,12048,13404,571,640,0
125412,-0.069,0.193,-0.119,-0.052,0.050,0.113,0.575,-0.401,-0.609,-0.370,340000000.000,-0.000,11617,14320,18,-53,29,14.460,12048,13404,571,640,0
125512,-0.143,0.196,-0.164,-0.056,-0.088,0.097,0.575,-0.406,-0.606,-0.369,340000000.000,-0.001,11340,14540,13,-50,29,14.450,11389,14326,525,682,0
125612,-0.183,0.222,-0.103,-0.048,-0.069,-0.080,0.574,-0.409,-0.608,-0.365,355000000.000,-0.001,12295,14277,14,-50,29,14.450,11389,14326,525,682,0
125712,-0.121,0.243,-0.049,-0.051,-0.058,-0.116,0.570,-0.408,-0.612,-0.366,370000000.000,-0.001,13015,14163,14,-50,29,14.450,11389,14326,525,682,0
125812,-0.053,0.247,-0.048,0.007,0.026,-0.064,0.568,-0.406,-0.614,-0.369,370000000.000,-0.000,13092,14093,14,-54,29,14.450,12919,14164,656,651,0
125912,-0.039,0.235,-0.061,0.067,0.059,-0.086,0.570,-0.402,-0.615,-0.368,380000000.000,-0.000,13423,14135,14,-55,29,14.450,12919,14164,656,651,0
126012,0.017,0.228,-0.060,-0.008,0.042,-0.027,0.569,-0.400,-0.615,-0.372,385000000.000,0.000,13531,14210,14,-54,29,14.430,13623,14124,629,690,0
126112,-0.061,0.213,-0.019,0.033,0.004,0.207,0.573,-0.401,-0.612,-0.369,395000000.000,-0.000,12371,15555,12,-53,29,14.430,13623,14124,629,690,0
126212,-0.202,0.245,-0.104,-0.020,-0.224,0.108,0.573,-0.410,-0.610,-0.361,420000000.000,-0.001,12686,16095,6,-44,29,14.430,13623,14124,629,690,0
126312,-0.201,0.316,-0.205,0.001,-0.231,-0.086,0.566,-0.414,-0.617,-0.356,420000000.000,-0.001,13501,15419,5,-45,29,14.430,12886,15923,647,738,0
126412,-0.138,0.353,-0.131,0.052,-0.057,-0.106,0.561,-0.412,-0.624,-0.355,420000000.000,-0.001,13837,15117,8,-50,29,14.430,12886,15923,647,738,0
126512,-0.075,0.352,-0.098,-0.043,0.056,-0.072,0.560,-0.409,-0.625,-0.358,430000000.000,-0.001,14132,15176,13,-50,29,14.430,12886,15923,647,738,0
126612,-0.037,0.319,-0.015,-0.041,0.193,0.021,0.561,-0.407,-0.622,-0.363,430000000.000,-0.000,13918,15372,17,-54,29,14.430,14124,15060,682,719,0
126712,-0.114,0.271,-0.118,0.034,0.107,0.153,0.568,-0.407,-0.616,-0.363,430000000.000,-0.001,13062,16105,11,-53,29,14.430,14124,15060,682,719,0
126812,-0.174,0.261,-0.085,0.008,-0.019,0.018,0.572,-0.408,-0.614,-0.360,430000000.000,-0.001,13374,15847,10,-49,29,14.430,13192,16025,661,740,0
126912,-0.180,0.284,-0.040,-0.041,-0.119,0.018,0.569,-0.411,-0.615,-0.359,430000000.000,-0.001,13352,15866,8,-45,29,14.430,13192,16025,661,740,0
127012,-0.159,0.329,-0.017,-0.033,-0.157,-0.061,0.564,-0.413,-0.620,-0.357,430000000.000,-0.001,13754,15518,6,-44,29,14.430,13192,16025,661,740,0
127112,-0.109,0.362,0.003,-0.103,-0.067,-0.043,0.558,-0.414,-0.623,-0.358,430000000.000,-0.001,13884,15403,10,-44,29,14.420,13736,15527,664,749,0
127212,-0.138,0.372,-0.087,-0.016,-0.030,0.038,0.557,-0.418,-0.622,-0.358,440000000.000,-0.001,13626,15947,7,-46,29,14.420,13736,15527,664,749,0
127312,-0.155,0.377,-0.129,0.071,-0.012,0.021,0.558,-0.417,-0.623,-0.356,445000000.000,-0.001,13717,16026,5,-48,29,14.400,13812,15923,659,779,0
127412,-0.132,0.371,-0.121,-0.059,0.022,-0.060,0.557,-0.416,-0.623,-0.357,445000000.000,-0.001,14128,15666,10,-45,29,14.400,13812,15923,659,779,0
127512,-0.148,0.360,-0.066,-0.017,0.079,0.117,0.558,-0.417,-0.621,-0.358,460000000.000,-0.001,13635,16556,9,-49,29,14.400,13888,16233,663,819,0
127612,-0.226,0.346,-0.016,0.110,0.029,0.049,0.563,-0.418,-0.619,-0.354,465000000.000,-0.001,13685,16665,4,-50,29,14.400,13888,16233,663,819,0
127712,-0.117,0.351,-0.030,-0.177,-0.037,-0.272,0.559,-0.414,-0.622,-0.359,475000000.000,-0.001,15490,15332,11,-39,30,14.400,15151,15479,798,732,0
127812,-0.040,0.346,-0.089,0.064,0.028,0.002,0.557,-0.412,-0.623,-0.364,475000000.000,-0.000,14795,16003,5,-49,30,14.400,15151,15479,798,732,0
127912,-0.032,0.346,-0.152,0.104,-0.026,-0.038,0.558,-0.409,-0.625,-0.361,480000000.000,-0.000,15047,15924,3,-47,30,14.400,15151,15479,798,732,0
128012,-0.048,0.348,-0.159,0.001,-0.014,0.054,0.560,-0.408,-0.626,-0.359,500000000.000,-0.000,14967,16613,6,-44,30,14.410,15015,15772,744,794,0
128112,-0.108,0.352,-0.101,-0.097,-0.033,0.070,0.560,-0.411,-0.624,-0.357,510000000.000,-0.001,14847,17017,8,-41,30,14.410,15015,15772,744,794,0
128212,-0.148,0.362,-0.093,-0.102,0.000,0.067,0.558,-0.417,-0.621,-0.358,510000000.000,-0.001,14709,17136,8,-43,30,14.390,14880,17006,716,820,0
128312,-0.164,0.367,-0.148,0.011,-0.066,-0.049,0.558,-0.418,-0.621,-0.357,510000000.000,-0.001,15078,16813,2,-43,30,14.390,14880,17006,716,820,0
128412,-0.140,0.395,-0.110,0.006,-0.084,0.019,0.555,-0.419,-0.625,-0.356,520000000.000,-0.001,15082,17103,2,-42,30,14.390,15105,16722,744,830,0
128512,-0.157,0.419,-0.056,-0.008,-0.076,0.028,0.552,-0.422,-0.626,-0.354,545000000.000,-0.001,15402,17544,1,-41,30,14.390,15105,16722,744,830,0
128612,-0.161,0.423,0.085,0.004,0.036,-0.013,0.552,-0.422,-0.627,-0.353,560000000.000,-0.002,15772,17642,4,-44,30,14.380,15384,17482,751,869,0
128712,-0.163,0.404,0.115,0.012,0.084,0.006,0.554,-0.420,-0.625,-0.354,575000000.000,-0.001,15934,17919,5,-45,30,14.380,15384,17482,751,869,0
128812,-0.162,0.392,0.040,-0.033,-0.020,-0.006,0.555,-0.420,-0.623,-0.356,590000000.000,-0.001,16211,18089,2,-40,30,14.360,15974,17921,793,891,0
128912,-0.157,0.406,-0.066,-0.009,-0.067,0.022,0.553,-0.422,-0.624,-0.356,615000000.000,-0.001,16516,18499,0,-40,30,14.360,15974,17921,793,891,0
129012,-0.148,0.429,-0.179,-0.037,-0.108,-0.037,0.550,-0.424,-0.626,-0.356,630000000.000,-0.001,16963,18500,-1,-37,30,14.360,16611,18518,850,922,0
129112,-0.117,0.464,-0.330,0.008,-0.106,0.006,0.545,-0.425,-0.629,-0.355,635000000.000,-0.001,16999,18602,-3,-38,30,14.360,16611,18518,850,922,0
129212,-0.140,0.487,-0.390,-0.022,-0.047,0.000,0.544,-0.427,-0.631,-0.352,640000000.000,-0.002,17019,18718,0,-37,30,14.340,16835,18867,862,910,0
129312,-0.140,0.491,-0.321,-0.033,0.033,0.002,0.543,-0.428,-0.631,-0.352,650000000.000,-0.002,17157,18858,1,-39,30,14.340,16835,18867,862,910,0
129412,-0.147,0.479,-0.289,0.011,0.052,0.002,0.544,-0.428,-0.630,-0.353,665000000.000,-0.002,17353,19076,0,-40,30,14.330,17301,19083,826,945,0
129512,-0.121,0.454,-0.148,0.014,0.127,-0.048,0.546,-0.425,-0.628,-0.355,680000000.000,-0.001,17803,19054,2,-43,30,14.330,17301,19083,826,945,0
129612,-0.119,0.415,0.058,0.067,0.164,0.014,0.551,-0.421,-0.626,-0.357,695000000.000,-0.001,17829,19420,2,-45,30,14.330,17301,19083,826,945,0
129712,-0.125,0.367,0.151,-0.003,0.142,-0.020,0.557,-0.417,-0.622,-0.359,705000000.000,-0.001,18055,19468,4,-42,30,14.320,17730,19379,928,992,0
129812,-0.111,0.341,0.177,-0.066,-0.001,-0.016,0.559,-0.416,-0.619,-0.362,720000000.000,-0.001,18290,19633,2,-37,30,14.320,17730,19379,928,992,0
129912,-0.099,0.367,0.142,-0.091,-0.174,-0.036,0.554,-0.419,-0.621,-0.363,740000000.000,-0.001,18654,19800,-3,-32,30,14.310,18382,19762,910,995,0
130012,-0.088,0.424,0.042,0.012,-0.169,0.009,0.547,-0.423,-0.626,-0.360,745000000.000,-0.001,18624,19953,-6,-35,30,14.310,18382,19762,910,995,0
130112,-0.096,0.460,-0.045,0.040,-0.070,-0.009,0.544,-0.425,-0.629,-0.357,760000000.000,-0.001,18852,20114,-4,-37,30,14.300,18656,20080,980,1023,0
130212,-0.095,0.471,-0.078,-0.002,0.016,-0.007,0.544,-0.424,-0.631,-0.355,770000000.000,-0.001,18983,20240,-1,-37,30,14.300,18656,20080,980,1023,0
130312,-0.113,0.449,-0.106,0.008,0.154,0.034,0.547,-0.423,-0.629,-0.355,790000000.000,-0.001,19074,20645,2,-41,30,14.300,18656,20080,980,1023,0
130412,-0.173,0.393,-0.157,-0.029,0.221,0.071,0.555,-0.421,-0.623,-0.356,805000000.000,-0.001,18991,21080,6,-41,31,14.280,19083,17921,951,972,0
130512,-0.178,0.355,-0.201,-0.033,-0.016,-0.056,0.559,-0.420,-0.619,-0.359,820000000.000,-0.001,19533,20939,-3,-35,31,14.280,19083,17921,951,972,0
130613,-0.132,0.394,-0.178,-0.037,-0.199,-0.084,0.553,-0.421,-0.623,-0.359,830000000.000,-0.001,19868,20863,-7,-30,31,14.270,19569,20876,1018,1045,0
130713,-0.110,0.441,-0.190,0.043,-0.099,0.040,0.547,-0.423,-0.628,-0.356,850000000.000,-0.001,19836,21367,-7,-35,31,14.270,19569,20876,1018,1045,0
130813,-0.138,0.456,-0.106,-0.018,0.006,0.039,0.547,-0.425,-0.628,-0.354,860000000.000,-0.001,19889,21551,-3,-35,31,14.270,19569,20876,1018,1045,0
130913,-0.145,0.441,-0.080,-0.001,0.090,-0.010,0.548,-0.425,-0.626,-0.356,870000000.000,-0.001,20127,21561,-2,-38,30,14.250,19685,21551,1055,1083,0
131013,-0.132,0.411,-0.099,0.022,0.091,-0.023,0.551,-0.423,-0.624,-0.358,870000000.000,-0.001,20201,21492,-3,-38,30,14.250,19685,21551,1055,1083,0
131113,-0.118,0.393,-0.207,0.028,0.021,0.003,0.553,-0.421,-0.623,-0.359,870000000.000,-0.001,20166,21525,-5,-36,31,14.260,20283,21505,1006,1085,0
131213,-0.120,0.397,-0.267,0.014,-0.050,0.004,0.553,-0.420,-0.624,-0.359,880000000.000,-0.001,20281,21649,-6,-33,31,14.260,20283,21505,1006,1085,0
131313,-0.120,0.418,-0.310,0.040,-0.100,-0.019,0.551,-0.421,-0.626,-0.357,885000000.000,-0.001,20406,21647,-9,-32,31,14.260,20283,21505,1006,1085,0
131413,-0.084,0.462,-0.282,0.001,-0.160,-0.071,0.546,-0.421,-0.632,-0.354,885000000.000,-0.001,20641,21423,-10,-29,31,14.240,20449,21459,1025,1147,0
131513,-0.058,0.484,-0.216,-0.030,0.023,-0.038,0.543,-0.421,-0.635,-0.354,905000000.000,-0.001,20863,21673,-4,-33,31,14.240,20449,21459,1025,1147,0
131613,-0.040,0.451,-0.169,-0.003,0.170,-0.011,0.546,-0.419,-0.632,-0.357,910000000.000,-0.000,20899,21753,-2,-37,31,14.210,20920,21786,1057,1094,0
131714,-0.045,0.402,-0.210,-0.003,0.147,0.027,0.551,-0.416,-0.628,-0.360,915000000.000,-0.000,20848,21917,-3,-36,31,14.210,20920,21786,1057,1094,0
131814,-0.065,0.377,-0.187,-0.004,0.018,0.008,0.554,-0.415,-0.625,-0.361,930000000.000,-0.001,21036,22079,-6,-32,31,14.210,20920,21786,1057,1094,0
131914,-0.043,0.398,-0.235,-0.056,-0.143,-0.022,0.551,-0.416,-0.627,-0.361,935000000.000,-0.000,21218,22018,-9,-27,31,14.210,21052,22026,1075,1117,0
132014,-0.040,0.449,-0.232,-0.007,-0.134,0.027,0.545,-0.421,-0.631,-0.359,935000000.000,-0.000,21099,22132,-11,-29,31,14.210,21052,22026,1075,1117,0
132114,-0.049,0.454,-0.154,-0.006,0.071,0.003,0.544,-0.422,-0.630,-0.358,945000000.000,-0.001,21254,22210,-5,-34,31,14.210,21052,22026,1075,1117,0
132213,-0.042,0.414,-0.051,-0.020,0.131,-0.007,0.548,-0.420,-0.626,-0.362,945000000.000,-0.000,21299,22166,-4,-34,32,14.160,21413,22271,1041,1120,0
132313,-0.013,0.389,0.015,-0.069,0.024,-0.074,0.549,-0.419,-0.624,-0.366,955000000.000,-0.000,21668,22034,-6,-30,32,14.160,21413,22271,1041,1120,0
132413,0.012,0.404,0.072,-0.078,-0.112,0.020,0.545,-0.421,-0.625,-0.368,965000000.000,0.000,21615,22311,-10,-26,31,14.180,21691,22321,1116,1110,0
132512,-0.056,0.441,0.061,0.044,-0.120,0.131,0.543,-0.425,-0.626,-0.363,965000000.000,-0.001,21142,22760,-14,-29,31,14.180,21691,22321,1116,1110,0
132612,-0.104,0.459,0.133,-0.006,0.000,0.009,0.543,-0.428,-0.627,-0.359,970000000.000,-0.001,21391,22637,-9,-30,31,14.180,21691,22321,1116,1110,0
132712,-0.084,0.427,0.382,0.019,0.193,-0.036,0.546,-0.426,-0.624,-0.362,970000000.000,-0.001,21555,22480,-4,-36,31,14.180,21321,22573,1123,1169,0
132812,-0.068,0.368,0.503,-0.021,0.189,-0.002,0.551,-0.421,-0.619,-0.367,970000000.000,-0.001,21513,22521,-3,-34,31,14.180,21321,22573,1123,1169,0
132912,-0.083,0.323,0.450,-0.012,0.127,0.061,0.556,-0.420,-0.615,-0.370,970000000.000,-0.000,21312,22712,-5,-34,32,14.170,21505,22371,1098,1204,0
133012,-0.138,0.312,0.359,-0.008,-0.046,0.088,0.559,-0.421,-0.612,-0.369,970000000.000,-0.001,21099,22909,-10,-29,32,14.170,21505,22371,1098,1204,0
133112,-0.174,0.345,0.231,-0.030,-0.130,0.024,0.556,-0.425,-0.614,-0.365,970000000.000,-0.001,21171,22843,-11,-26,32,14.170,21231,22935,1066,1156,0
133212,-0.170,0.367,0.130,0.042,-0.013,0.007,0.554,-0.426,-0.616,-0.364,970000000.000,-0.001,21227,22791,-10,-32,32,14.170,21231,22935,1066,1156,0
133312,-0.177,0.352,0.010,0.054,0.092,-0.009,0.557,-0.424,-0.616,-0.363,970000000.000,-0.001,21248,22771,-8,-34,32,14.170,21231,22935,1066,1156,0
133412,-0.167,0.326,-0.148,0.007,0.067,-0.001,0.559,-0.421,-0.614,-0.365,970000000.000,-0.001,21255,22765,-7,-31,32,14.150,21141,22779,1120,1166,0
133512,-0.170,0.319,-0.295,0.029,-0.011,0.003,0.560,-0.421,-0.613,-0.365,970000000.000,-0.001,21236,22782,-11,-30,32,14.150,21141,22779,1120,1166,0
133612,-0.190,0.323,-0.434,0.202,-0.032,0.063,0.562,-0.419,-0.615,-0.361,970000000.000,-0.001,21027,22975,-16,-35,32,14.150,21321,22935,1072,1130,0
133712,-0.232,0.332,-0.484,0.036,-0.036,0.013,0.564,-0.418,-0.617,-0.356,970000000.000,-0.002,21047,22957,-11,-28,32,14.150,21321,22935,1072,1130,0
133812,-0.216,0.324,-0.602,0.021,0.074,-0.042,0.565,-0.416,-0.617,-0.356,970000000.000,-0.001,21235,22783,-8,-32,32,14.170,20964,22779,1115,1214,0
133912,-0.197,0.293,-0.605,0.004,0.142,-0.038,0.568,-0.413,-0.615,-0.359,970000000.000,-0.001,21271,22750,-5,-34,32,14.170,20964,22779,1115,1214,0
134012,-0.161,0.250,-0.557,-0.012,0.161,-0.076,0.571,-0.409,-0.612,-0.363,970000000.000,-0.001,21462,22570,-4,-34,32,14.140,21276,22573,1096,1212,0
134112,-0.117,0.191,-0.480,0.017,0.177,-0.049,0.577,-0.403,-0.608,-0.368,970000000.000,-0.000,21505,22529,-4,-36,32,14.140,21276,22573,1096,1212,0
134212,-0.103,0.172,-0.336,0.043,-0.033,-0.007,0.579,-0.400,-0.607,-0.369,980000000.000,-0.000,21550,22707,-11,-31,32,14.120,21505,22624,1101,1138,0
134312,-0.091,0.201,-0.180,0.036,-0.142,-0.041,0.576,-0.400,-0.611,-0.366,985000000.000,-0.000,21726,22649,-13,-28,32,14.120,21505,22624,1101,1138,0
134412,-0.071,0.245,-0.063,0.028,-0.146,-0.017,0.572,-0.401,-0.617,-0.363,985000000.000,-0.000,21714,22660,-13,-27,32,14.120,21739,22522,1117,1193,0
134512,-0.082,0.268,-0.027,0.034,-0.043,0.052,0.570,-0.402,-0.619,-0.361,985000000.000,-0.000,21510,22854,-11,-30,32,14.120,21739,22522,1117,1193,0
134612,-0.120,0.270,-0.096,0.056,0.048,0.016,0.572,-0.403,-0.619,-0.358,990000000.000,-0.001,21567,22910,-10,-33,33,14.130,21459,22883,1130,1192,0
134712,-0.104,0.244,-0.188,0.021,0.103,-0.077,0.575,-0.399,-0.618,-0.359,990000000.000,-0.001,21840,22650,-7,-33,33,14.130,21459,22883,1130,1192,0
134812,-0.084,0.220,-0.285,0.056,0.039,0.037,0.577,-0.396,-0.617,-0.361,990000000.000,-0.000,21604,22875,-10,-32,33,14.130,21786,22883,1109,1138,0
134912,-0.118,0.219,-0.291,-0.091,-0.019,0.190,0.579,-0.395,-0.617,-0.358,1010000000.000,-0.000,21358,23534,-6,-25,33,14.130,21786,22883,1109,1138,0
135012,-0.202,0.221,-0.231,0.034,-0.009,0.054,0.581,-0.399,-0.615,-0.354,1010000000.000,-0.001,21490,23413,-11,-30,33,14.100,21321,23094,1137,1123,0
135112,-0.224,0.228,-0.073,0.052,-0.044,0.060,0.581,-0.400,-0.615,-0.353,1010000000.000,-0.001,21419,23478,-13,-30,33,14.100,21321,23094,1137,1123,0
135212,-0.219,0.242,0.058,0.031,-0.044,-0.096,0.580,-0.400,-0.617,-0.351,1015000000.000,-0.001,21885,23153,-13,-29,33,14.100,21321,23094,1137,1123,0
135312,-0.154,0.254,0.155,0.000,-0.038,-0.092,0.578,-0.397,-0.620,-0.352,1020000000.000,-0.001,22095,23061,-12,-28,33,14.090,21881,23310,1146,1146,0
135412,-0.095,0.262,0.263,0.014,0.006,-0.074,0.575,-0.395,-0.623,-0.354,1020000000.000,-0.001,22197,22963,-12,-30,33,14.090,21881,23310,1146,1146,0
135512,-0.060,0.251,0.406,0.006,0.073,-0.030,0.576,-0.391,-0.623,-0.355,1020000000.000,-0.000,22173,22986,-9,-30,33,14.100,22271,22988,1139,1172,0
135612,-0.074,0.229,0.577,-0.009,0.094,0.044,0.579,-0.391,-0.621,-0.356,1020000000.000,-0.000,21954,23195,-8,-31,33,14.100,22271,22988,1139,1172,0
135712,-0.082,0.207,0.641,-0.030,0.036,-0.019,0.581,-0.391,-0.618,-0.358,1020000000.000,-0.000,22092,23064,-10,-29,33,14.110,21929,23148,1165,1190,0
135812,-0.080,0.216,0.386,-0.017,-0.109,0.011,0.580,-0.391,-0.619,-0.358,1020000000.000,-0.000,22022,23131,-14,-25,33,14.110,21929,23148,1165,1190,0
135912,-0.099,0.256,0.226,-0.056,-0.142,0.062,0.576,-0.396,-0.621,-0.355,1020000000.000,-0.001,21845,23298,-14,-23,34,14.090,21881,23148,1128,1235,0
136012,-0.151,0.287,0.137,-0.036,-0.048,0.064,0.573,-0.401,-0.622,-0.352,1020000000.000,-0.001,21708,23425,-13,-26,34,14.090,21881,23148,1128,1235,0
136112,-0.152,0.291,-0.058,-0.030,0.028,-0.007,0.572,-0.403,-0.621,-0.353,1025000000.000,-0.001,21944,23312,-12,-28,34,14.090,21881,23148,1128,1235,0
136212,-0.157,0.277,-0.253,0.042,0.028,-0.021,0.574,-0.401,-0.621,-0.353,1045000000.000,-0.001,22194,23504,-14,-28,33,14.060,22075,23364,1103,1220,0
136312,-0.124,0.289,-0.395,0.014,-0.112,-0.027,0.572,-0.400,-0.623,-0.353,1045000000.000,-0.001,22288,23414,-18,-23,33,14.060,22075,23364,1103,1220,0
136412,-0.145,0.314,-0.466,0.000,-0.048,0.026,0.570,-0.402,-0.625,-0.350,1045000000.000,-0.001,22107,23586,-15,-24,34,14.070,22222,23529,1109,1243,0
136513,-0.155,0.321,-0.354,0.068,0.003,0.007,0.570,-0.403,-0.626,-0.349,1045000000.000,-0.001,22128,23566,-17,-28,34,14.070,22222,23529,1109,1243,0
136613,-0.153,0.317,-0.400,-0.016,0.029,-0.041,0.571,-0.401,-0.626,-0.348,1045000000.000,-0.001,22254,23447,-13,-25,34,14.070,22222,23529,1109,1243,0
136713,-0.124,0.303,-0.366,0.017,0.060,-0.039,0.571,-0.399,-0.625,-0.351,1055000000.000,-0.001,22432,23491,-14,-28,34,14.050,22321,23529,1151,1183,0
136813,-0.104,0.282,-0.303,0.018,0.077,-0.008,0.574,-0.396,-0.624,-0.352,1055000000.000,-0.001,22404,23517,-13,-28,34,14.050,22321,23529,1151,1183,0
136913,-0.116,0.272,-0.316,0.011,-0.022,0.011,0.576,-0.395,-0.624,-0.352,1055000000.000,-0.001,22327,23591,-16,-24,34,14.030,22321,23584,1160,1225,0
137013,-0.134,0.287,-0.290,0.006,-0.082,0.026,0.575,-0.397,-0.625,-0.349,1055000000.000,-0.001,22248,23665,-18,-22,34,14.030,22321,23584,1160,1225,0
137113,-0.162,0.324,-0.271,0.021,-0.157,0.021,0.572,-0.399,-0.628,-0.345,1060000000.000,-0.001,22246,23772,-21,-20,34,14.030,22321,23584,1160,1225,0
137213,-0.159,0.364,-0.223,0.013,-0.117,-0.022,0.568,-0.401,-0.633,-0.342,1070000000.000,-0.001,22470,23771,-20,-20,34,14.050,22172,23696,1207,1250,0
137313,-0.144,0.389,-0.185,0.008,-0.053,-0.010,0.565,-0.401,-0.635,-0.340,1075000064.000,-0.001,22521,23829,-20,-22,34,14.050,22172,23696,1207,1250,0
137413,-0.162,0.396,-0.165,0.013,-0.001,0.016,0.566,-0.401,-0.637,-0.338,1075000064.000,-0.001,22428,23916,-18,-22,34,14.050,22172,23696,1207,1250,0
137514,-0.166,0.385,-0.176,0.032,0.068,0.027,0.567,-0.400,-0.635,-0.338,1075000064.000,-0.001,22390,23952,-18,-25,34,14.010,22321,23923,1205,1228,0
137614,-0.172,0.362,-0.228,0.000,0.080,0.009,0.570,-0.399,-0.633,-0.339,1075000064.000,-0.001,22419,23924,-17,-24,34,14.010,22321,23923,1205,1228,0
137714,-0.163,0.335,-0.250,-0.031,0.113,-0.027,0.572,-0.397,-0.631,-0.342,1075000064.000,-0.001,22528,23822,-14,-24,34,14.020,22471,23923,1184,1216,0
137814,-0.142,0.296,-0.288,0.039,0.153,-0.006,0.576,-0.394,-0.628,-0.345,1080000000.000,-0.001,22583,23875,-15,-28,34,14.020,22471,23923,1184,1216,0
137913,-0.171,0.246,-0.275,0.148,0.200,0.072,0.582,-0.392,-0.622,-0.347,1089999872.000,-0.001,22432,24224,-16,-33,34,14.020,22471,23923,1184,1216,0
138013,-0.197,0.195,-0.189,-0.044,0.133,0.000,0.588,-0.391,-0.616,-0.350,1089999872.000,-0.001,22547,24117,-11,-25,34,14.010,22471,24096,1181,1221,0
138113,-0.181,0.176,-0.028,0.004,0.021,-0.011,0.588,-0.392,-0.613,-0.354,1089999872.000,-0.001,22612,24057,-16,-25,34,14.010,22471,24096,1181,1221,0
138213,-0.157,0.174,0.121,0.038,-0.002,-0.067,0.587,-0.390,-0.614,-0.355,1089999872.000,-0.001,22806,23873,-17,-26,34,14.010,22471,24096,1181,1221,0
138313,-0.118,0.164,0.261,0.000,0.076,-0.046,0.586,-0.390,-0.613,-0.359,1089999872.000,-0.000,22847,23833,-13,-27,34,13.990,22727,23809,1211,1250,0
138413,-0.116,0.140,0.274,0.014,0.086,0.017,0.589,-0.388,-0.610,-0.361,1089999872.000,-0.000,22703,23971,-13,-28,34,13.990,22727,23809,1211,1250,0
138512,-0.140,0.113,0.159,-0.011,0.089,0.037,0.592,-0.388,-0.607,-0.362,1089999872.000,-0.000,22596,24071,-12,-28,35,14.010,22624,24213,1186,1204,0
138612,-0.148,0.099,0.125,0.028,0.017,-0.008,0.593,-0.388,-0.605,-0.363,1089999872.000,-0.000,22685,23987,-15,-27,35,14.010,22624,24213,1186,1204,0
138712,-0.147,0.098,0.052,0.022,-0.017,-0.013,0.593,-0.388,-0.605,-0.363,1089999872.000,-0.000,22700,23973,-15,-26,35,14.020,22522,23980,1228,1249,0
138812,-0.147,0.111,-0.070,-0.030,-0.061,0.012,0.592,-0.389,-0.606,-0.363,1089999872.000,-0.000,22637,24032,-15,-23,35,14.020,22522,23980,1228,1249,0
138912,-0.169,0.133,-0.138,-0.033,-0.073,0.020,0.589,-0.392,-0.607,-0.361,1099999744.000,-0.000,22677,24202,-16,-23,35,14.020,22522,23980,1228,1249,0
139012,-0.164,0.160,-0.109,0.034,-0.102,0.000,0.586,-0.395,-0.609,-0.361,1109999616.000,-0.000,22845,24251,-20,-24,35,13.970,22831,24096,1153,1275,0
139112,-0.183,0.179,-0.174,0.034,-0.019,0.020,0.585,-0.396,-0.611,-0.358,1109999616.000,-0.000,22754,24337,-17,-25,35,13.970,22831,24096,1153,1275,0
139212,-0.194,0.167,-0.287,0.026,0.079,-0.003,0.586,-0.396,-0.609,-0.358,1109999616.000,-0.000,22782,24310,-14,-27,35,13.960,22573,24449,1241,1234,0
139312,-0.166,0.141,-0.415,-0.013,0.072,-0.047,0.588,-0.394,-0.607,-0.362,1109999616.000,-0.000,22954,24147,-14,-26,35,13.960,22573,24449,1241,1234,0
139412,-0.137,0.129,-0.376,0.037,0.030,-0.031,0.588,-0.392,-0.607,-0.364,1109999616.000,-0.000,22986,24117,-16,-26,35,14.010,22935,23866,1218,1325,0
139512,-0.128,0.118,-0.375,-0.049,0.034,0.012,0.589,-0.391,-0.606,-0.365,1109999616.000,-0.000,22902,24197,-13,-24,35,14.010,22935,23866,1218,1325,0
139612,-0.166,0.115,-0.320,0.000,-0.004,0.060,0.590,-0.394,-0.603,-0.365,1109999616.000,-0.000,22696,24390,-16,-25,35,13.970,22883,24330,1176,1260,0
139712,-0.180,0.126,-0.340,-0.013,-0.058,-0.016,0.588,-0.396,-0.604,-0.365,1109999616.000,-0.000,22845,24251,-17,-23,35,13.970,22883,24330,1176,1260,0
139812,-0.166,0.151,-0.349,0.011,-0.104,-0.013,0.585,-0.397,-0.606,-0.364,1109999616.000,-0.000,22874,24224,-20,-22,36,13.960,22935,24154,1181,1286,0
139912,-0.142,0.186,-0.363,-0.036,-0.120,-0.026,0.581,-0.399,-0.610,-0.364,1109999616.000,-0.001,22960,24142,-19,-19,36,13.960,22935,24154,1181,1286,0
140012,-0.162,0.210,-0.297,-0.004,-0.048,0.057,0.578,-0.403,-0.611,-0.362,1119999488.000,-0.001,22825,24474,-19,-22,36,14.000,22883,24154,1196,1285,0
140112,-0.198,0.217,-0.251,-0.004,0.000,0.004,0.578,-0.404,-0.611,-0.360,1139999232.000,-0.001,23082,24642,-18,-22,36,14.000,22883,24154,1196,1285,0
140212,-0.195,0.213,-0.400,-0.004,0.036,0.033,0.578,-0.405,-0.610,-0.361,1154999040.000,-0.001,23181,24852,-17,-23,36,13.950,23148,24752,1220,1260,0
140312,-0.210,0.205,-0.453,0.063,0.040,0.032,0.579,-0.405,-0.608,-0.361,1174998784.000,-0.001,23364,25082,-20,-26,36,13.950,23148,24752,1220,1260,0
140412,-0.199,0.190,-0.361,0.018,0.042,-0.038,0.581,-0.402,-0.608,-0.361,1184998656.000,-0.001,23659,25005,-18,-24,36,13.920,23529,24937,1267,1325,0
140512,-0.179,0.177,-0.065,0.008,0.031,-0.023,0.582,-0.401,-0.607,-0.363,1204998400.000,-0.001,23882,25192,-18,-23,36,13.920,23529,24937,1267,1325,0
140612,-0.179,0.172,0.090,0.036,-0.013,0.007,0.583,-0.400,-0.607,-0.363,1204998400.000,-0.000,23813,25257,-20,-23,36,13.950,23866,25188,1238,1343,0
140712,-0.179,0.184,0.022,-0.007,-0.080,-0.020,0.582,-0.400,-0.609,-0.361,1209998336.000,-0.001,23927,25249,-20,-19,36,13.950,23866,25188,1238,1343,0
140812,-0.148,0.212,-0.070,-0.038,-0.117,-0.043,0.578,-0.401,-0.612,-0.362,1224998144.000,-0.001,24206,25279,-21,-17,36,13.950,23866,25188,1238,1343,0
140912,-0.132,0.253,-0.208,0.078,-0.152,0.009,0.574,-0.402,-0.617,-0.359,1229998080.000,-0.001,24177,25406,-26,-19,36,13.930,24038,25316,1321,1331,0
141012,-0.136,0.297,-0.222,-0.004,-0.127,0.041,0.569,-0.405,-0.621,-0.356,1229998080.000,-0.001,24094,25485,-24,-16,36,13.930,24038,25316,1321,1331,0
141112,-0.191,0.313,-0.329,0.042,0.017,0.086,0.569,-0.408,-0.621,-0.352,1229998080.000,-0.001,23866,25698,-22,-21,36,13.900,24038,25510,1253,1361,0
141212,-0.201,0.308,-0.545,-0.014,-0.026,-0.049,0.570,-0.408,-0.620,-0.352,1229998080.000,-0.001,24152,25430,-23,-17,36,13.900,24038,25510,1253,1361,0
141312,-0.133,0.323,-0.760,-0.012,-0.062,-0.107,0.566,-0.407,-0.623,-0.355,1229998080.000,-0.001,24437,25156,-24,-16,36,13.910,24330,25252,1288,1324,0
141412,-0.103,0.321,-0.709,0.113,0.116,-0.021,0.566,-0.405,-0.624,-0.355,1229998080.000,-0.001,24310,25279,-23,-26,36,13.910,24330,25252,1288,1324,0
141512,-0.110,0.277,-0.438,0.180,0.142,-0.019,0.573,-0.398,-0.622,-0.354,1229998080.000,-0.001,24290,25298,-23,-26,36,13.900,24330,25380,1268,1313,0
141612,-0.100,0.244,-0.286,0.249,0.083,-0.077,0.580,-0.390,-0.624,-0.351,1229998080.000,-0.000,24443,25151,-26,-27,36,13.900,24330,25380,1268,1313,0
141712,-0.096,0.233,-0.413,0.062,-0.036,0.098,0.584,-0.383,-0.626,-0.347,1229998080.000,-0.000,24066,25511,-23,-16,36,13.900,24330,25380,1268,1313,0
141812,-0.143,0.233,-0.288,0.081,0.128,0.057,0.586,-0.383,-0.626,-0.343,1234998016.000,-0.001,24095,25582,-19,-25,37,13.900,24096,25445,1279,1358,0
141912,-0.119,0.188,-0.315,-0.096,0.104,-0.068,0.589,-0.383,-0.620,-0.350,1234998016.000,-0.000,24432,25261,-18,-21,37,13.900,24096,25445,1279,1358,0
142012,-0.087,0.164,-0.404,-0.088,0.044,-0.082,0.590,-0.381,-0.618,-0.354,1234998016.000,-0.000,24534,25161,-18,-18,37,13.880,24570,25316,1243,1333,0
142112,-0.049,0.151,-0.435,0.016,0.107,-0.060,0.590,-0.379,-0.618,-0.356,1234998016.000,-0.000,24570,25126,-18,-24,37,13.880,24570,25316,1243,1333,0
142212,-0.028,0.114,-0.434,-0.051,0.121,0.021,0.593,-0.376,-0.614,-0.360,1234998016.000,-0.000,24435,25257,-16,-23,37,13.880,24570,25316,1243,1333,0
142312,-0.075,0.098,-0.332,0.004,-0.027,0.116,0.595,-0.378,-0.611,-0.360,1234998016.000,-0.000,24116,25562,-22,-20,37,13.890,24449,25125,1292,1358,0
142413,-0.142,0.121,-0.323,-0.069,-0.142,0.039,0.594,-0.383,-0.611,-0.356,1234998016.000,-0.000,24138,25541,-22,-15,37,13.890,24449,25125,1292,1358,0
142513,-0.162,0.162,-0.284,0.033,-0.100,0.029,0.590,-0.388,-0.613,-0.354,1234998016.000,-0.000,24113,25565,-25,-20,37,13.880,24213,25445,1263,1370,0
142613,-0.169,0.174,-0.364,-0.013,0.022,0.011,0.589,-0.389,-0.615,-0.353,1234998016.000,-0.001,24138,25541,-20,-21,37,13.880,24213,25445,1263,1370,0
142713,-0.176,0.164,-0.327,-0.022,0.054,0.023,0.590,-0.389,-0.613,-0.354,1234998016.000,-0.000,24095,25582,-19,-21,37,13.880,24154,25641,1264,1333,0
142813,-0.189,0.139,-0.411,0.002,0.109,-0.002,0.593,-0.388,-0.611,-0.354,1234998016.000,-0.000,24123,25556,-18,-23,37,13.850,24154,25641,1264,1333,0
142913,-0.163,0.114,-0.377,-0.060,0.056,-0.004,0.594,-0.386,-0.608,-0.358,1234998016.000,-0.000,24187,25495,-18,-20,37,13.850,24154,25641,1264,1333,0
143013,-0.173,0.100,-0.431,-0.022,0.053,0.038,0.595,-0.387,-0.606,-0.360,1234998016.000,-0.000,24070,25605,-19,-22,38,13.870,23980,25575,1320,1331,0
143113,-0.191,0.078,-0.396,0.000,0.083,0.032,0.598,-0.386,-0.603,-0.360,1234998016.000,-0.000,24041,25643,-18,-24,38,13.870,23980,25575,1320,1331,0
143213,-0.216,0.045,-0.234,0.001,0.138,0.019,0.602,-0.385,-0.599,-0.361,1254997760.000,0.000,24220,25853,-15,-26,38,13.870,23980,25575,1320,1331,0
143313,-0.211,0.000,-0.174,-0.031,0.116,-0.021,0.606,-0.383,-0.594,-0.365,1269997568.000,0.000,24478,25901,-15,-24,38,13.830,24213,25706,1311,1397,0
143413,-0.191,-0.008,-0.335,0.038,-0.052,-0.043,0.606,-0.382,-0.594,-0.367,1269997568.000,0.000,24572,25797,-22,-22,38,13.830,24213,25706,1311,1397,0
143514,-0.159,0.020,-0.407,-0.037,-0.122,-0.044,0.602,-0.383,-0.597,-0.367,1269997568.000,0.000,24646,25740,-21,-18,38,13.810,24570,25839,1324,1336,0
143614,-0.137,0.068,-0.525,-0.036,-0.173,0.017,0.595,-0.386,-0.602,-0.366,1269997568.000,-0.000,24558,25825,-23,-17,38,13.810,24570,25839,1324,1336,0
143714,-0.168,0.106,-0.510,0.040,-0.074,0.034,0.593,-0.390,-0.605,-0.362,1269997568.000,-0.000,24448,25929,-23,-21,38,13.810,24570,25839,1324,1336,0
143814,-0.148,0.118,-0.623,0.001,-0.058,-0.083,0.591,-0.389,-0.607,-0.362,1269997568.000,-0.000,24797,25595,-22,-18,38,13.820,24570,25773,1312,1366,0
143914,-0.102,0.139,-0.752,-0.052,-0.043,-0.059,0.588,-0.389,-0.610,-0.362,1269997568.000,-0.000,24803,25589,-20,-17,38,13.820,24570,25773,1312,1366,0
144014,-0.102,0.144,-0.738,0.027,-0.022,0.022,0.587,-0.389,-0.610,-0.363,1279997440.000,-0.000,24726,25858,-23,-20,38,13.820,24570,25773,1312,1366,0
144114,-0.108,0.161,-0.563,0.031,-0.074,0.007,0.586,-0.390,-0.612,-0.360,1279997440.000,-0.000,24728,25855,-24,-17,39,13.790,24813,25706,1298,1398,0
144214,-0.143,0.170,-0.711,0.011,0.020,0.063,0.586,-0.392,-0.612,-0.358,1279997440.000,-0.000,24542,26032,-21,-20,39,13.790,24813,25706,1298,1398,0
144314,-0.166,0.165,-0.783,-0.022,-0.004,0.051,0.587,-0.392,-0.611,-0.357,1279997440.000,-0.000,24517,26056,-22,-17,39,13.790,24813,25706,1298,1398,0
144413,-0.172,0.170,-1.032,0.038,-0.003,0.013,0.587,-0.393,-0.612,-0.357,1279997440.000,-0.001,24589,25988,-24,-20,38,13.820,24509,25974,1320,1387,0
144513,-0.179,0.160,-1.290,0.108,0.017,-0.029,0.590,-0.389,-0.613,-0.354,1279997440.000,-0.000,24668,25913,-25,-21,38,13.820,24509,25974,1320,1387,0
144613,-0.130,0.174,-1.258,0.010,-0.056,-0.074,0.588,-0.387,-0.616,-0.354,1279997440.000,-0.000,24877,25713,-24,-17,39,13.820,24691,25641,1365,1383,0
144712,-0.105,0.151,-1.075,0.047,0.177,-0.010,0.590,-0.384,-0.615,-0.356,1284997376.000,-0.000,24840,25845,-18,-26,39,13.820,24691,25641,1365,1383,0
144813,-0.084,0.119,-0.965,-0.052,0.003,-0.054,0.593,-0.380,-0.613,-0.358,1294997248.000,-0.000,25084,25803,-21,-16,39,13.820,24691,25641,1365,1383,0
144912,-0.081,0.112,-1.038,0.001,0.119,0.099,0.594,-0.380,-0.612,-0.359,1294997248.000,-0.000,24753,26120,-18,-23,38,13.790,25125,25706,1334,1380,0
145012,-0.163,0.090,-0.809,0.098,-0.004,0.140,0.600,-0.379,-0.609,-0.354,1294997248.000,-0.000,24479,26378,-25,-21,38,13.790,25125,25706,1334,1380,0
145112,-0.223,0.107,-0.673,0.021,-0.038,0.022,0.601,-0.381,-0.611,-0.349,1294997248.000,-0.000,24608,26257,-22,-18,39,13.800,24509,26595,1294,1351,0
145212,-0.180,0.091,-0.592,0.024,0.103,-0.102,0.602,-0.376,-0.611,-0.350,1294997248.000,-0.000,24978,25906,-19,-23,39,13.800,24509,26595,1294,1351,0
145312,-0.126,0.079,-0.765,-0.006,-0.034,-0.052,0.602,-0.373,-0.611,-0.353,1294997248.000,-0.000,24987,25897,-23,-18,39,13.800,24509,26595,1294,1351,0
145412,-0.093,0.108,-0.889,0.050,-0.109,0.038,0.599,-0.373,-0.616,-0.352,1294997248.000,-0.000,24862,26017,-27,-18,39,13.790,24752,25706,1387,1429,0
145512,-0.104,0.107,-0.754,0.156,0.083,-0.017,0.600,-0.371,-0.616,-0.349,1299997184.000,-0.000,25008,25973,-24,-27,39,13.790,24752,25706,1387,1429,0
145612,-0.081,0.073,-0.896,0.074,0.079,-0.063,0.605,-0.366,-0.615,-0.350,1299997184.000,-0.000,25161,25825,-21,-23,39,13.740,24813,26178,1356,1356,0
145712,-0.086,0.083,-0.957,0.049,-0.081,0.051,0.604,-0.365,-0.617,-0.348,1299997184.000,-0.000,24899,26078,-26,-18,39,13.740,24813,26178,1356,1356,0
145812,-0.145,0.070,-0.902,0.063,0.126,0.063,0.609,-0.365,-0.615,-0.344,1299997184.000,-0.000,24739,26229,-19,-25,39,13.750,24813,26385,1313,1348,0
145912,-0.171,0.045,-1.033,0.049,0.031,-0.027,0.612,-0.363,-0.613,-0.343,1299997184.000,-0.000,24881,26094,-22,-22,39,13.750,24813,26385,1313,1348,0
146012,-0.151,0.051,-0.902,0.091,-0.062,-0.070,0.613,-0.360,-0.616,-0.340,1304997120.000,-0.000,25072,26007,-26,-20,39,13.750,24752,26455,1359,1300,0
146112,-0.120,0.061,-0.732,0.124,0.007,0.010,0.612,-0.356,-0.619,-0.339,1324996864.000,-0.000,25163,26303,-24,-24,39,13.750,24752,26455,1359,1300,0
146212,-0.134,0.046,-0.702,0.106,0.077,-0.004,0.616,-0.353,-0.619,-0.336,1324996864.000,-0.000,25165,26301,-22,-25,39,13.750,25252,26315,1312,1400,0
146312,-0.145,0.014,-0.829,0.036,0.133,0.067,0.621,-0.349,-0.617,-0.335,1329996800.000,0.000,25034,26519,-18,-25,39,13.750,25252,26315,1312,1400,0
146412,-0.192,-0.026,-0.746,0.136,0.098,0.134,0.627,-0.348,-0.612,-0.334,1344996608.000,0.000,24931,26897,-23,-28,40,13.740,25062,26525,1366,1401,0
146512,-0.236,-0.032,-0.625,0.129,-0.047,-0.018,0.630,-0.346,-0.612,-0.328,1359996416.000,0.000,25318,26814,-25,-23,40,13.740,25062,26525,1366,1401,0
146612,-0.219,-0.008,-0.717,0.139,-0.120,-0.091,0.630,-0.343,-0.617,-0.324,1359996416.000,0.000,25513,26629,-27,-22,40,13.750,25316,26666,1328,1449,0
146712,-0.178,0.041,-0.583,0.120,-0.158,-0.072,0.625,-0.340,-0.626,-0.319,1359996416.000,-0.000,25562,26582,-28,-20,40,13.750,25316,26666,1328,1449,0
146812,-0.138,0.061,-0.680,0.024,-0.007,-0.091,0.623,-0.337,-0.630,-0.318,1359996416.000,-0.000,25686,26461,-22,-21,40,13.700,25510,26595,1376,1416,0
146912,-0.114,0.055,-0.561,-0.078,0.040,0.024,0.624,-0.335,-0.630,-0.319,1369996288.000,0.000,25589,26744,-18,-19,40,13.700,25510,26595,1376,1416,0
147012,-0.113,0.043,-0.585,0.071,0.000,0.002,0.626,-0.333,-0.630,-0.318,1384996096.000,-0.000,25785,26836,-24,-22,40,13.710,25773,26595,1374,1470,0
147112,-0.073,0.037,-0.577,0.118,0.049,-0.112,0.626,-0.330,-0.630,-0.319,1384996096.000,-0.000,26113,26517,-24,-26,40,13.710,25773,26595,1374,1470,0
147212,-0.002,0.013,-0.767,0.239,0.108,-0.100,0.630,-0.319,-0.632,-0.319,1384996096.000,0.000,26269,26361,-25,-31,40,13.710,25773,26595,1374,1470,0
147312,0.022,-0.011,-0.960,0.130,0.003,0.010,0.634,-0.313,-0.633,-0.316,1384996096.000,0.000,26078,26550,-25,-24,40,13.700,26455,25974,1358,1517,0
147412,-0.011,0.006,-1.087,0.024,-0.036,0.051,0.633,-0.314,-0.634,-0.313,1384996096.000,-0.000,25913,26711,-23,-22,40,13.700,26455,25974,1358,1517,0
147512,-0.064,-0.005,-1.167,0.144,0.052,0.132,0.637,-0.315,-0.633,-0.309,1384996096.000,0.000,25611,27001,-25,-28,40,13.690,26041,26455,1354,1500,0
147612,-0.128,0.005,-0.996,0.074,-0.097,0.041,0.638,-0.316,-0.633,-0.304,1384996096.000,0.000,25668,26947,-27,-21,40,13.690,26041,26455,1354,1500,0
147712,-0.106,0.024,-0.968,0.271,-0.016,-0.128,0.638,-0.311,-0.638,-0.298,1384996096.000,-0.000,26076,26553,-29,-29,40,13.700,25974,26666,1361,1465,0
147812,-0.016,0.034,-1.006,0.400,-0.069,-0.090,0.640,-0.296,-0.647,-0.291,1384996096.000,-0.000,26199,26432,-34,-29,40,13.700,25974,26666,1361,1465,0
147912,0.025,0.056,-1.274,0.387,-0.083,0.003,0.642,-0.282,-0.655,-0.279,1384996096.000,0.000,26102,26527,-33,-27,40,13.680,26178,26666,1393,1380,0
148012,0.005,0.083,-1.031,0.526,-0.106,0.029,0.645,-0.271,-0.663,-0.264,1384996096.000,0.000,26006,26621,-39,-31,40,13.680,26178,26666,1393,1380,0
148112,-0.078,0.093,-1.027,0.689,0.067,0.154,0.651,-0.260,-0.669,-0.245,1384996096.000,-0.000,25535,27073,-39,-41,40,13.680,26178,26666,1393,1380,0
148212,-0.033,0.087,-0.815,-0.350,-0.137,-0.264,0.655,-0.248,-0.673,-0.238,1384996096.000,-0.000,26525,26104,-14,-1,41,13.670,25974,26881,1346,1424,0
148312,1.244,0.009,-1.152,-0.248,0.049,0.096,0.644,-0.258,-0.673,-0.256,1584996096.000,0.001,30180,25965,-16,-23,41,13.670,25974,26881,1346,1424,0
148412,0.817,0.197,-0.872,-1.101,0.030,1.306,0.655,-0.292,-0.654,-0.242,1447741184.000,0.007,25791,27974,4,18,41,13.670,27700,27777,1415,1459,0
148512,-0.992,0.235,-0.917,-1.801,-0.016,0.351,0.627,-0.383,-0.621,-0.272,1384996096.000,0.002,23292,29026,11,19,41,13.670,27700,27777,1415,1459,0
148612,-0.466,0.149,-0.784,-0.543,0.623,-1.422,0.602,-0.400,-0.599,-0.346,1384996096.000,0.001,28023,24489,-11,-37,41,13.670,27700,27777,1415,1459,0
148712,0.144,0.115,-1.318,-0.453,-0.054,-0.173,0.594,-0.366,-0.612,-0.372,1384996096.000,0.000,26890,25728,-13,1,41,13.650,27932,24937,1499,1248,0
148812,0.195,0.470,-1.291,-2.432,0.413,0.256,0.563,-0.427,-0.562,-0.430,1384996096.000,0.002,26106,26523,38,38,41,13.650,27932,24937,1499,1248,0
148912,1.001,0.411,-1.328,-0.141,0.579,0.408,0.562,-0.448,-0.520,-0.461,1384996096.000,0.015,27538,25033,-23,-34,41,13.630,27247,25706,1379,1369,0
149012,0.563,0.043,-1.481,-2.071,0.239,1.120,0.572,-0.484,-0.468,-0.468,1384996096.000,0.018,25138,27443,43,37,41,13.630,27247,25706,1379,1369,0
149112,-0.645,-0.081,-1.200,-2.194,-0.004,-0.304,0.517,-0.565,-0.393,-0.508,1384996096.000,-0.008,25447,27156,25,24,41,13.630,27247,25706,1379,1369,0
149212,-0.738,-0.125,-1.208,0.226,-0.036,-0.961,0.482,-0.561,-0.405,-0.537,1384996096.000,-0.002,26675,25951,-33,-36,41,13.660,26041,26595,1399,1433,0
149312,-0.300,-0.068,-1.148,-1.957,-0.176,-0.529,0.433,-0.574,-0.399,-0.569,1384996096.000,-0.000,26727,25898,35,42,41,13.660,26041,26595,1399,1433,0
149412,-0.063,-0.016,-1.226,-0.918,-0.099,-0.236,0.375,-0.602,-0.367,-0.602,1384996096.000,-0.000,26650,25976,-6,-3,41,13.640,26737,26109,1429,1355,0
149512,-0.019,0.013,-1.357,-1.134,-0.091,0.046,0.346,-0.618,-0.346,-0.615,1384996096.000,-0.000,26166,26464,10,15,41,13.640,26737,26109,1429,1355,0
149612,-0.029,0.029,-1.466,-1.499,-0.004,-0.033,0.300,-0.644,-0.300,-0.637,1384996096.000,-0.000,26300,26331,18,19,41,13.640,26737,26109,1429,1355,0
149712,0.022,0.033,-1.330,-0.753,-0.101,-0.031,0.265,-0.658,-0.270,-0.651,1384996096.000,0.000,26413,26218,-6,3,41,13.650,26178,26246,1492,1400,0
149812,-0.016,0.073,-1.431,-1.234,-0.140,0.117,0.228,-0.677,-0.232,-0.660,1384996096.000,-0.000,26012,26615,12,23,41,13.650,26178,26246,1492,1400,0
149912,0.390,0.102,-1.482,-0.914,-0.050,0.018,0.188,-0.693,-0.190,-0.669,1384996096.000,0.001,27052,25558,2,8,41,13.650,26178,26246,1492,1400,0
150012,1.318,0.446,-1.907,0.171,-0.099,0.839,0.190,-0.700,-0.174,-0.666,1384996096.000,0.017,27387,25198,-35,-5,42,13.630,26881,25839,1485,1324,0
150112,0.423,0.471,-1.878,-2.026,0.157,1.623,0.211,-0.716,-0.097,-0.658,1384996096.000,0.019,23667,28721,45,59,42,13.630,26881,25839,1485,1324,0
150212,-0.287,0.610,-1.392,-0.652,0.242,-0.048,0.167,-0.731,-0.010,-0.661,1384996096.000,0.021,25652,26963,-19,-3,42,13.610,24875,27777,1388,1425,0
150312,-1.254,0.111,-1.077,-0.734,0.249,-1.097,0.152,-0.719,-0.029,-0.677,1384996096.000,-0.005,25699,26918,18,12,42,13.610,24875,27777,1388,1425,0
150412,-0.218,0.198,-1.093,-0.080,-0.381,-1.283,0.073,-0.728,-0.055,-0.680,1384996096.000,-0.001,28331,24132,-33,1,42,13.610,24875,27777,1388,1425,0
150512,0.021,0.235,-1.409,-0.922,0.137,0.241,0.061,-0.731,-0.069,-0.676,1384996096.000,0.000,25793,26827,25,24,42,13.630,28089,24449,1448,1385,0
150612,-0.023,0.179,-1.230,-1.837,0.158,-0.036,-0.002,-0.728,0.004,-0.686,1384996096.000,-0.000,26240,26391,31,34,42,13.630,28089,24449,1448,1385,0
150712,0.129,0.178,-1.306,0.309,-0.077,-0.122,-0.022,-0.728,0.010,-0.685,1384996096.000,0.001,26783,25839,-33,-16,42,13.610,27027,25641,1419,1411,0
150812,0.073,0.168,-1.352,-1.643,0.116,0.211,-0.042,-0.726,0.037,-0.686,1384996096.000,0.000,25972,26654,41,44,42,13.610,27027,25641,1419,1411,0
150912,0.059,0.115,-1.378,-0.433,0.161,-0.029,-0.084,-0.716,0.081,-0.688,1384996096.000,0.000,26439,26191,-7,-7,42,13.620,26385,26315,1422,1403,0
151012,0.039,0.092,-1.247,-0.329,0.024,0.128,-0.086,-0.713,0.084,-0.691,1384996096.000,0.000,26078,26551,0,8,42,13.620,26385,26315,1422,1403,0
151112,-0.082,0.083,-1.157,-0.806,0.081,0.247,-0.106,-0.707,0.117,-0.689,1384996096.000,-0.000,25525,27082,13,15,42,13.620,26385,26315,1422,1403,0
151212,-0.154,0.056,-0.995,-0.359,0.078,-0.038,-0.121,-0.700,0.139,-0.690,1384996096.000,-0.000,25927,26698,-1,2,43,13.600,25641,26809,1358,1421,0
151312,-0.090,0.041,-0.980,-0.112,0.052,-0.068,-0.130,-0.698,0.141,-0.690,1384996096.000,-0.000,26119,26510,-4,-1,43,13.600,25641,26809,1358,1421,0
151412,-0.094,0.018,-1.068,-0.293,0.079,0.031,-0.138,-0.693,0.148,-0.691,1384996096.000,2.000,25884,26739,57,58,43,13.610,26246,26455,1361,1448,0
151512,-0.078,0.014,-1.104,1.288,-0.017,-0.032,-0.105,-0.700,0.114,-0.698,1384996096.000,-0.000,26039,26589,-41,-35,43,13.610,26246,26455,1361,1448,0
151612,-0.114,-0.002,-1.224,-1.301,0.117,0.052,-0.122,-0.694,0.133,-0.697,1384996096.000,2.000,25757,26863,102,99,43,13.620,25839,26455,1435,1482,0
151712,-0.022,-0.014,-1.195,1.983,-0.030,-0.229,-0.112,-0.696,0.114,-0.700,1384996096.000,0.000,26546,26082,-74,-68,43,13.620,25839,26455,1435,1482,0
151812,-0.057,-0.012,-1.138,-1.623,0.089,0.199,-0.106,-0.697,0.111,-0.701,1384996096.000,0.000,25561,27049,58,55,43,13.620,26315,26178,1423,1454,0
151912,0.901,-0.577,-1.149,0.308,-0.104,-0.199,-0.139,-0.691,0.143,-0.695,1384996096.000,-0.014,28365,24092,-12,-38,43,13.620,26315,26178,1423,1454,0
152012,0.322,-0.676,-1.454,-1.031,-0.451,1.157,-0.094,-0.702,0.136,-0.693,1384996096.000,-0.019,24387,28112,45,43,43,13.620,27932,24630,1515,1308,0
152112,-0.545,-0.420,-1.098,-1.179,-0.514,-0.872,-0.163,-0.706,0.238,-0.647,1384996096.000,-0.013,26747,25876,3,11,43,13.620,27932,24630,1515,1308,0
152212,-0.086,0.429,-1.350,0.949,-0.393,0.472,-0.160,-0.731,0.193,-0.635,1384996096.000,-0.001,24997,27571,-54,-3,43,13.550,28328,24038,1570,1262,0
152312,-0.149,0.457,-1.289,-1.688,0.541,-0.227,-0.207,-0.714,0.257,-0.617,1384996096.000,-0.002,26253,26378,43,27,43,13.550,28328,24038,1570,1262,0
152412,-0.016,0.293,-1.073,-0.238,0.357,-0.031,-0.210,-0.703,0.234,-0.638,1384996096.000,-0.000,26157,26472,12,14,43,13.590,26809,25575,1495,1408,0
152512,0.669,-0.360,-0.993,-0.144,-0.291,0.473,-0.239,-0.689,0.262,-0.632,1384996096.000,-0.006,26573,26055,-10,1,43,13.590,26809,25575,1495,1408,0
152612,0.029,0.304,-0.718,-1.174,-0.447,-0.068,-0.212,-0.700,0.284,-0.620,1384996096.000,-0.001,26334,26297,21,62,43,13.600,25316,27027,1369,1553,0
152712,-0.226,0.366,-0.592,0.968,0.769,-0.029,-0.223,-0.697,0.275,-0.624,1384996096.000,-0.002,25725,26892,-17,-45,43,13.600,25316,27027,1369,1553,0
152812,-0.116,0.225,-0.595,-0.696,0.000,-0.316,-0.230,-0.685,0.260,-0.640,1384996096.000,-0.001,26558,26071,13,36,43,13.560,26315,26385,1483,1350,0
152912,0.337,0.013,-0.949,0.793,0.182,-0.224,-0.246,-0.690,0.246,-0.635,1384996096.000,0.002,27399,25185,-21,-31,43,13.560,26315,26385,1483,1350,0
153012,0.534,-0.581,-1.421,-0.662,0.010,0.624,-0.232,-0.685,0.242,-0.647,1384996096.000,-0.006,26107,26522,38,13,43,13.560,26315,26385,1483,1350,0
153112,0.262,-0.474,-1.199,-0.793,-0.673,0.357,-0.241,-0.676,0.297,-0.630,1384996096.000,-0.015,26054,26575,4,27,44,13.600,25773,26809,1440,1423,0
153212,0.116,-0.008,-1.115,0.381,-0.344,0.229,-0.227,-0.689,0.313,-0.614,1384996096.000,-0.009,26026,26602,-24,-3,44,13.600,25773,26809,1440,1423,0
153312,-0.210,0.133,-1.237,-1.042,-0.009,-0.066,-0.235,-0.686,0.334,-0.602,1384996096.000,-0.009,25917,26708,27,34,44,13.570,25839,26315,1399,1567,0
153412,-0.275,0.481,-1.172,-0.081,0.189,-0.583,-0.265,-0.682,0.339,-0.592,1384996096.000,-0.003,26853,25766,-10,5,44,13.570,25839,26315,1399,1567,0
153512,0.048,0.354,-1.138,0.326,0.496,-0.303,-0.275,-0.683,0.305,-0.605,1384996096.000,0.000,27021,25590,-3,-9,44,13.530,27247,25575,1415,1386,0
153612,0.065,0.253,-1.343,-0.959,0.224,0.152,-0.294,-0.666,0.314,-0.609,1384996096.000,0.000,26124,26505,26,33,44,13.530,27247,25575,1415,1386,0
153712,0.049,0.138,-1.234,-0.182,0.296,-0.024,-0.317,-0.648,0.332,-0.608,1384996096.000,0.000,26456,26174,3,-3,44,13.530,27247,25575,1415,1386,0
153812,-0.052,-0.075,-1.299,-0.360,0.166,-0.014,-0.323,-0.640,0.326,-0.616,1384996096.000,0.001,26235,26395,17,11,44,13.580,26455,26246,1468,1374,0
153912,-0.052,-0.169,-1.591,-0.526,0.000,-0.120,-0.345,-0.630,0.342,-0.606,1384996096.000,0.002,26455,26175,15,11,44,13.580,26455,26246,1468,1374,0
154012,0.013,-0.210,-1.755,0.001,0.040,-0.033,-0.352,-0.628,0.342,-0.604,1384996096.000,0.003,26425,26206,4,-3,44,13.580,26666,26315,1400,1368,0
154112,0.166,0.082,-1.630,-0.253,-0.033,0.149,-0.354,-0.626,0.349,-0.601,1384996096.000,0.000,26374,26257,4,15,44,13.580,26666,26315,1400,1368,0
154212,0.023,0.034,-1.715,-0.298,0.228,0.193,-0.359,-0.613,0.361,-0.605,1384996096.000,0.000,25958,26668,14,6,44,13.580,26666,26315,1400,1368,0
154312,0.084,-0.091,-1.612,0.051,0.051,0.032,-0.363,-0.604,0.366,-0.607,1384996096.000,-0.000,26415,26215,0,-2,45,13.560,26041,26455,1404,1485,0
154412,0.023,-0.042,-1.733,0.463,-0.129,0.149,-0.354,-0.607,0.365,-0.611,1384996096.000,2.000,26033,26595,33,43,45,13.560,26041,26455,1404,1485,0
154512,0.654,-0.183,-1.347,2.374,-0.117,0.061,-0.291,-0.640,0.313,-0.638,1384996096.000,1.995,27510,25064,-10,-15,44,13.560,26109,26666,1418,1400,0
154612,1.043,-0.397,-1.643,2.497,-0.021,1.298,-0.194,-0.664,0.250,-0.677,1384996096.000,-0.020,25875,26748,-73,-88,44,13.560,26109,26666,1418,1400,0
154712,-0.758,0.046,-1.454,-1.444,-0.784,0.929,-0.129,-0.664,0.283,-0.680,1384996096.000,-0.001,23292,29026,31,88,44,13.560,26109,26666,1418,1400,0
154812,-1.227,0.249,-1.177,0.554,0.594,-1.330,-0.165,-0.671,0.302,-0.657,1384996096.000,-0.002,26246,26385,-10,-43,45,13.540,23529,28735,1266,1586,0
154912,-0.433,-0.087,-1.327,-0.809,-0.923,0.478,-0.164,-0.686,0.223,-0.673,1384996096.000,-0.004,24128,28335,14,84,45,13.540,23529,28735,1266,1586,0
155012,-1.234,-0.184,-1.210,-3.310,-0.862,-0.903,-0.259,-0.686,0.346,-0.586,1384996096.000,-0.006,25320,27275,64,91,45,13.530,23474,28818,1266,1577,0
155112,-0.387,-0.039,-1.222,4.412,-0.080,-1.324,-0.251,-0.732,0.255,-0.580,1384996096.000,0.017,28087,24416,-123,-117,45,13.530,23474,28818,1266,1577,0
155212,0.575,0.599,-1.241,-0.799,0.780,0.754,-0.229,-0.743,0.218,-0.590,1384996096.000,0.009,25967,26659,52,31,45,13.530,23474,28818,1266,1577,0
155312,0.472,0.187,-1.082,0.741,1.028,-0.086,-0.261,-0.691,0.232,-0.633,1384996096.000,0.003,27511,25063,-14,-44,45,13.540,26315,26455,1507,1309,0
155412,0.518,0.164,-1.064,-0.351,-0.117,-0.628,-0.249,-0.695,0.212,-0.641,1384996096.000,0.003,28752,23629,11,37,45,13.540,26315,26455,1507,1309,0
155512,0.493,0.071,-0.837,0.478,0.352,0.058,-0.267,-0.679,0.226,-0.646,1384996096.000,0.002,27455,25124,-12,-23,45,13.540,26315,26455,1507,1309,0
155612,0.522,0.018,-1.041,0.109,0.093,-0.029,-0.266,-0.675,0.217,-0.653,1384996096.000,0.001,27715,24837,1,4,45,13.520,27932,25062,1429,1317,0
155712,0.299,-0.020,-0.962,0.091,0.186,0.236,-0.253,-0.669,0.222,-0.663,1384996096.000,0.000,26728,25896,7,1,45,13.520,27932,25062,1429,1317,0
155812,0.187,-0.067,-0.985,0.476,0.101,0.157,-0.243,-0.664,0.220,-0.673,1384996096.000,-0.000,26662,25964,-8,-10,45,13.510,26737,25906,1459,1398,0
155912,0.037,-0.064,-0.969,-0.419,-0.102,0.230,-0.235,-0.662,0.227,-0.675,1384996096.000,-0.000,26176,26454,15,24,45,13.510,26737,25906,1459,1398,0
156012,-0.019,-0.037,-1.438,0.188,0.008,0.041,-0.232,-0.664,0.231,-0.673,1384996096.000,0.000,26438,26192,-2,-2,45,13.510,26737,25906,1459,1398,0
156112,0.002,-0.067,-1.317,-0.251,0.143,-0.164,-0.234,-0.661,0.229,-0.675,1384996096.000,-0.000,26904,25713,18,10,46,13.540,26595,26041,1407,1454,0
156212,-0.054,-0.080,-1.346,0.134,-0.070,0.359,-0.233,-0.658,0.232,-0.677,1384996096.000,0.000,25683,26932,-3,3,46,13.540,26595,26041,1407,1454,0
156312,-0.155,-0.042,-1.219,-0.143,-0.096,-0.027,-0.231,-0.659,0.242,-0.674,1384996096.000,0.000,26231,26399,5,11,46,13.530,25706,26737,1444,1460,0
156412,0.041,-0.787,-1.098,0.046,-0.033,0.006,-0.230,-0.660,0.240,-0.673,1384996096.000,-0.006,26559,26070,24,-18,46,13.530,25706,26737,1444,1460,0
156512,0.105,-0.665,-1.054,-0.116,-0.851,0.196,-0.223,-0.672,0.248,-0.661,1384996096.000,-0.009,26301,26329,-4,21,46,13.520,26455,25906,1477,1447,0
156612,0.092,-0.431,-1.010,-0.894,-0.536,-0.547,-0.225,-0.693,0.271,-0.630,1384996096.000,-0.008,27779,24765,29,34,46,13.520,26455,25906,1477,1447,0
156712,-0.024,-0.336,-1.233,-0.047,-0.397,0.472,-0.209,-0.703,0.273,-0.623,1384996096.000,-0.011,25436,27166,6,13,46,13.510,25839,26385,1382,1560,0
156812,-0.082,-0.184,-0.993,-0.108,-0.432,-0.010,-0.215,-0.710,0.299,-0.600,1384996096.000,-0.012,26285,26346,-5,9,46,13.510,25839,26385,1382,1560,0
156912,-0.181,-0.112,-1.009,0.322,-0.228,0.174,-0.193,-0.722,0.290,-0.598,1384996096.000,-0.016,25653,26961,-5,2,46,13.520,25974,26385,1386,1430,0
157012,-0.181,-0.029,-0.993,-0.292,-0.200,-0.071,-0.198,-0.725,0.305,-0.585,1384996096.000,-0.016,26118,26512,6,16,46,13.520,25974,26385,1386,1430,0
157112,-0.435,0.713,-0.944,0.173,0.192,-0.179,-0.193,-0.729,0.293,-0.587,1384996096.000,-0.007,25770,26850,-11,14,46,13.540,25706,27247,1395,1369,0
157212,-0.228,0.552,-1.015,0.310,0.680,-0.333,-0.208,-0.719,0.274,-0.604,1384996096.000,-0.003,26529,26100,0,-10,46,13.540,25706,27247,1395,1369,0
157312,-0.149,0.403,-1.209,0.106,0.367,-0.053,-0.208,-0.709,0.253,-0.624,1384996096.000,-0.001,26111,26518,2,9,46,13.540,25706,27247,1395,1369,0
157412,-0.128,0.282,-1.301,0.079,0.502,-0.044,-0.214,-0.697,0.248,-0.638,1384996096.000,-0.001,26115,26514,7,-3,46,13.480,26246,26455,1398,1446,0
157512,-0.103,0.149,-1.211,0.273,0.349,-0.036,-0.215,-0.685,0.236,-0.655,1384996096.000,-0.000,26136,26494,-1,-4,46,13.480,26246,26455,1398,1446,0
157612,-0.378,0.089,-1.128,-1.116,0.148,0.273,-0.212,-0.671,0.255,-0.663,1384996096.000,-0.000,24749,27794,38,42,47,13.520,26178,26385,1410,1467,0
157712,-0.181,-0.051,-0.968,1.132,0.261,-0.539,-0.233,-0.664,0.252,-0.664,1384996096.000,-0.000,26897,25721,-29,-43,47,13.520,26178,26385,1410,1467,0
157812,0.002,-0.758,-1.141,-0.314,-0.027,0.059,-0.219,-0.671,0.218,-0.674,1384996096.000,0.000,26070,26558,41,5,46,13.500,26737,25773,1466,1421,0
157912,-0.050,-0.682,-0.994,-0.142,-0.660,-0.027,-0.231,-0.673,0.241,-0.660,1384996096.000,-0.001,26122,26507,-3,10,46,13.500,26737,25773,1466,1421,0
158012,-0.026,-0.041,-1.071,0.401,-0.418,0.000,-0.215,-0.697,0.236,-0.642,1384996096.000,-0.000,26121,26508,-19,8,47,13.510,26178,26041,1450,1512,0
158112,-0.045,0.177,-1.056,-0.242,0.012,0.016,-0.211,-0.703,0.239,-0.635,1384996096.000,-0.000,26034,26594,10,15,47,13.510,26178,26041,1450,1512,0
158212,-0.028,-0.176,-1.236,0.219,0.184,-0.050,-0.215,-0.698,0.238,-0.641,1384996096.000,-0.000,26206,26425,5,-12,47,13.500,26109,26178,1436,1515,0
158312,-0.471,-0.462,-1.134,-0.324,-0.421,-0.281,-0.217,-0.702,0.235,-0.637,1384996096.000,0.007,25710,26907,11,19,47,13.500,26109,26178,1436,1515,0
158412,-0.788,-0.030,-0.934,0.056,-0.216,-0.788,-0.237,-0.717,0.230,-0.614,1384996096.000,0.009,26077,26551,-8,6,47,13.500,25839,26525,1414,1516,0
158512,0.570,0.508,-1.010,1.447,0.023,-0.526,-0.245,-0.733,0.190,-0.606,1384996096.000,0.007,28405,24044,-56,-28,47,13.500,25839,26525,1414,1516,0
158612,0.541,0.371,-1.379,-0.376,0.794,1.193,-0.202,-0.729,0.172,-0.630,1384996096.000,0.006,24856,27698,43,14,47,13.500,25839,26525,1414,1516,0
158712,0.453,0.027,-1.104,-0.918,0.253,0.342,-0.224,-0.687,0.242,-0.647,1384996096.000,0.000,26389,26242,22,18,47,13.480,24813,27548,1308,1589,0
158812,1.299,0.357,-1.269,2.384,0.041,1.214,-0.172,-0.691,0.218,-0.667,1384996096.000,0.015,26484,26145,-76,-53,47,13.480,24813,27548,1308,1589,0
158912,-0.051,0.406,-1.485,-3.244,0.549,1.246,-0.131,-0.660,0.276,-0.687,1384996096.000,0.028,23292,29026,118,111,47,13.490,24271,28248,1143,1662,0
159012,-1.527,0.036,-1.140,0.308,0.923,-1.184,-0.197,-0.623,0.344,-0.674,1384996096.000,0.009,25294,27299,-5,-55,47,13.490,24271,28248,1143,1662,0
159112,-0.367,-0.182,-1.253,1.863,-0.307,-1.154,-0.212,-0.644,0.234,-0.697,1384996096.000,0.002,27768,24778,-57,-30,47,13.490,24271,28248,1143,1662,0
159212,-0.235,-0.073,-1.590,-2.088,-0.039,0.219,-0.217,-0.658,0.234,-0.682,1384996096.000,0.001,25188,27396,79,74,48,13.520,27855,24752,1448,1398,0
159313,-0.220,-0.113,-1.482,0.574,0.168,-0.397,-0.263,-0.638,0.273,-0.671,1584996096.000,0.001,28314,27988,-24,-36,48,13.520,27855,24752,1448,1398,0
159413,0.029,-0.058,-1.352,0.072,-0.444,-0.043,-0.242,-0.660,0.235,-0.672,1526172544.000,-0.000,27627,27621,0,25,48,13.380,28409,27624,1534,1517,0
159513,0.001,0.003,-1.422,-0.191,0.280,0.106,-0.268,-0.654,0.269,-0.654,1384996096.000,0.000,25943,26683,11,-12,48,13.380,28409,27624,1534,1517,0
159613,0.123,-0.046,-1.008,-0.156,-0.051,-0.258,-0.270,-0.654,0.254,-0.659,1384996096.000,-0.000,26990,25623,9,14,48,13.500,26954,25706,1476,1400,0
159713,0.405,-0.143,-1.001,-0.426,-0.747,-0.446,-0.266,-0.675,0.250,-0.642,1384996096.000,0.002,28027,24484,7,39,48,13.500,26954,25706,1476,1400,0
159813,0.481,-0.577,-0.826,-0.683,0.153,0.003,-0.279,-0.678,0.263,-0.628,1584996096.000,0.006,29155,27110,47,4,48,13.500,26954,25706,1476,1400,0
159913,0.569,-0.300,-0.643,-0.154,-0.919,-0.304,-0.286,-0.686,0.272,-0.611,1584996096.000,0.008,29992,26182,-18,31,48,13.370,28985,26809,1665,1461,0
160013,0.505,0.473,-0.885,-0.834,0.043,0.397,-0.295,-0.698,0.290,-0.584,1384996096.000,0.006,26821,25800,24,34,48,13.370,28985,26809,1665,1461,0
160113,0.159,0.274,-0.951,0.616,0.651,0.762,-0.298,-0.670,0.311,-0.605,1384996096.000,0.001,25282,27310,-8,-32,48,13.370,28985,26809,1665,1461,0
160214,-0.212,0.199,-0.552,-0.023,-0.039,0.434,-0.289,-0.652,0.329,-0.619,1384996096.000,-0.001,25066,27508,-6,14,47,13.450,25445,27472,1379,1431,0
160314,-0.254,0.184,-0.652,0.092,0.199,-0.192,-0.285,-0.651,0.325,-0.624,1384996096.000,-0.001,26191,26440,5,-1,47,13.450,25445,27472,1379,1431,0
160414,-0.294,0.105,-0.723,0.129,0.234,0.122,-0.280,-0.646,0.318,-0.636,1384996096.000,-0.000,25439,27164,7,1,48,13.460,25445,27100,1395,1489,0
160514,-0.113,0.080,-0.759,0.526,0.000,-0.430,-0.284,-0.650,0.302,-0.637,1384996096.000,-0.000,26979,25635,-14,-7,48,13.460,25445,27100,1395,1489,0
160613,-0.059,0.068,-0.854,-0.153,0.069,0.198,-0.274,-0.656,0.286,-0.643,1384996096.000,-0.000,25797,26824,16,17,48,13.460,25445,27100,1395,1489,0
160713,-0.169,0.064,-1.034,-0.812,0.010,0.032,-0.295,-0.641,0.317,-0.634,1384996096.000,-0.000,25853,26769,22,26,48,13.470,25445,27173,1446,1424,0
160813,-0.099,0.076,-0.996,0.459,-0.102,-0.127,-0.297,-0.644,0.314,-0.632,1384996096.000,-0.000,26327,26303,-17,-6,48,13.470,25445,27173,1446,1424,0
160913,-0.102,0.115,-1.046,-0.621,-0.107,0.082,-0.295,-0.648,0.316,-0.628,1384996096.000,-0.000,25865,26758,22,33,48,13.470,25445,27173,1446,1424,0
161013,-0.110,0.140,-1.156,-0.412,-0.067,-0.047,-0.317,-0.637,0.342,-0.613,1384996096.000,-0.000,26088,26541,5,16,48,13.440,26041,26455,1373,1534,0
161112,-0.071,0.173,-1.221,0.137,-0.129,0.013,-0.314,-0.643,0.340,-0.610,1384996096.000,-0.000,26041,26587,-7,9,48,13.440,26041,26455,1373,1534,0
161212,-0.120,0.186,-1.421,-0.492,0.021,0.076,-0.319,-0.639,0.350,-0.606,1348133376.000,-0.000,25410,26504,17,24,48,13.450,25641,26809,1462,1453,0
161312,-0.093,0.172,-1.305,0.132,0.032,-0.078,-0.327,-0.635,0.355,-0.604,1229702016.000,-0.000,24604,24987,-6,3,48,13.450,25641,26809,1462,1453,0
161412,-0.088,0.178,-1.336,0.087,-0.040,0.042,-0.321,-0.639,0.349,-0.606,1384996096.000,-0.000,25881,26743,-1,12,48,13.450,25974,26315,1387,1530,0
161512,-0.110,0.185,-1.065,-0.144,0.053,0.000,-0.322,-0.637,0.353,-0.604,1384996096.000,-0.000,25896,26728,7,14,48,13.450,25974,26315,1387,1530,0
161612,-0.453,0.146,-1.112,-0.003,0.202,0.856,-0.294,-0.634,0.350,-0.624,1384996096.000,-0.001,23292,29026,15,13,48,13.450,25974,26315,1387,1530,0
161712,-0.541,0.164,-1.168,-0.903,-0.010,-0.517,-0.323,-0.612,0.390,-0.607,1384996096.000,-0.000,25977,26650,18,30,48,13.460,23584,27548,1255,1456,0
161812,-0.115,0.138,-1.142,1.483,0.029,-0.451,-0.316,-0.637,0.342,-0.614,1384996096.000,-0.000,26798,25824,-40,-31,48,13.460,23584,27548,1255,1456,0
161912,-0.081,0.148,-1.312,-1.302,-0.001,0.113,-0.323,-0.636,0.347,-0.609,1384996096.000,-0.000,25685,26931,46,56,48,13.450,26595,25974,1449,1383,0
162012,-0.031,0.142,-1.056,0.497,-0.010,-0.172,-0.339,-0.629,0.358,-0.601,1384996096.000,-0.000,26387,26244,-23,-11,48,13.450,26595,25974,1449,1383,0
162112,0.022,0.158,-0.977,-0.049,-0.061,0.009,-0.327,-0.640,0.343,-0.606,1384996096.000,0.000,26142,26487,6,20,48,13.480,26109,26178,1517,1438,0
162212,0.008,-0.023,-1.100,-0.292,0.029,0.006,-0.337,-0.633,0.356,-0.599,1384996096.000,0.000,26113,26516,14,11,48,13.480,26109,26178,1517,1438,0
162312,0.229,-0.566,-1.054,0.201,-0.373,-0.074,-0.335,-0.638,0.352,-0.598,1384996096.000,-0.002,26761,25862,-1,1,48,13.460,26315,26385,1402,1457,0
162412,0.158,-0.370,-1.118,-0.172,-0.651,0.286,-0.315,-0.657,0.362,-0.581,1384996096.000,-0.003,25883,26741,5,25,48,13.460,26315,26385,1402,1457,0
162512,0.048,-0.250,-0.965,-0.006,-0.322,0.067,-0.309,-0.662,0.380,-0.567,1384996096.000,-0.006,26090,26538,1,7,48,13.450,25839,26737,1409,1475,0
162612,0.014,-0.154,-0.811,0.136,-0.332,-0.014,-0.296,-0.674,0.380,-0.560,1384996096.000,-0.006,26193,26438,-3,10,48,13.450,25839,26737,1409,1475,0
162712,-0.311,-0.086,-0.724,-0.113,-0.139,-0.043,-0.294,-0.680,0.384,-0.551,1384996096.000,-0.005,25545,27063,7,12,49,13.450,26178,26385,1392,1504,0
162812,0.009,0.692,-0.701,0.530,0.298,-0.334,-0.303,-0.683,0.377,-0.548,1384996096.000,0.000,26836,25784,-24,-4,49,13.450,26178,26385,1392,1504,0
162912,-0.003,1.244,-0.787,-0.093,0.671,0.073,-0.300,-0.676,0.355,-0.572,1384996096.000,0.000,25979,26647,-4,34,49,13.430,26595,25906,1401,1512,0
163012,-0.018,1.006,-1.237,0.161,1.150,0.000,-0.319,-0.649,0.349,-0.597,1384996096.000,0.000,26092,26537,5,-6,49,13.430,26595,25906,1401,1512,0
163112,0.605,0.605,-1.348,0.476,0.906,0.131,-0.328,-0.620,0.323,-0.636,1384996096.000,0.010,27150,25453,-2,-11,49,13.410,26666,25906,1509,1386,0
163212,-0.229,-0.271,-1.245,-0.830,0.254,0.027,-0.332,-0.592,0.323,-0.659,1384996096.000,0.002,25558,27051,38,27,49,13.410,26666,25906,1509,1386,0
163312,-0.071,-0.237,-1.182,0.873,-0.240,-0.329,-0.341,-0.598,0.321,-0.651,1384996096.000,0.000,26654,25973,-29,-19,49,13.450,26809,25906,1386,1468,0
163412,0.055,-0.198,-1.310,-0.253,-0.141,0.050,-0.328,-0.613,0.303,-0.652,1384996096.000,-0.000,26156,26473,18,22,49,13.450,26809,25906,1386,1468,0
163512,-0.001,-0.199,-1.409,-0.028,-0.196,0.020,-0.333,-0.613,0.318,-0.642,1384996096.000,0.000,26094,26535,2,6,49,13.450,26809,25906,1386,1468,0
163612,0.011,-0.835,-1.073,0.081,-0.459,-0.028,-0.325,-0.621,0.315,-0.639,1384996096.000,0.000,26223,26408,8,2,49,13.430,26315,26525,1380,1449,0
163712,0.017,-0.538,-1.173,-0.104,-0.881,-0.001,-0.315,-0.646,0.331,-0.612,1384996096.000,0.000,26184,26446,-4,21,49,13.430,26315,26525,1380,1449,0
163812,0.012,0.335,-1.190,0.194,-0.172,0.011,-0.303,-0.665,0.338,-0.594,1384996096.000,0.000,26150,26480,-11,11,49,13.420,26246,26737,1423,1372,0
163912,0.055,0.284,-0.967,-0.801,0.264,-0.157,-0.312,-0.658,0.338,-0.596,1384996096.000,0.000,26603,26025,30,31,49,13.420,26246,26737,1423,1372,0
164012,0.097,0.246,-1.084,0.262,0.058,0.101,-0.325,-0.650,0.343,-0.595,1486172544.000,0.001,27126,27393,-13,1,49,13.390,26385,26246,1709,1660,0
164112,0.027,0.184,-1.236,-0.282,0.336,0.030,-0.325,-0.643,0.343,-0.603,1384996096.000,0.000,26171,26459,18,13,49,13.390,26385,26246,1709,1660,0
164212,0.039,-0.298,-1.265,-0.011,0.132,0.000,-0.335,-0.633,0.345,-0.607,1384996096.000,0.001,26267,26363,14,-6,49,13.460,26525,26385,1391,1429,0
164312,0.010,-0.637,-1.512,-0.231,-0.372,0.070,-0.335,-0.631,0.347,-0.608,1384996096.000,0.000,26057,26571,13,15,49,13.460,26525,26385,1391,1429,0
164412,-0.309,0.139,-1.236,-0.408,-0.554,-0.114,-0.333,-0.644,0.368,-0.582,1384996096.000,-0.001,25734,26884,-5,38,49,13.460,26525,26385,1391,1429,0
164512,0.146,0.297,-1.233,0.700,0.521,-0.016,-0.337,-0.649,0.359,-0.581,1384996096.000,0.001,26531,26098,-7,-26,49,13.420,26246,26178,1552,1404,0
164612,0.014,0.194,-1.064,-0.686,0.023,0.224,-0.335,-0.637,0.356,-0.596,1384996096.000,0.000,25729,26889,22,41,49,13.420,26246,26178,1552,1404,0
164712,-0.021,0.175,-0.891,0.940,0.291,-0.054,-0.344,-0.629,0.366,-0.594,1384996096.000,-0.000,26227,26403,-45,-51,49,13.430,26246,26525,1385,1470,0
164812,-0.021,0.083,-1.039,1.067,0.206,0.022,-0.291,-0.651,0.301,-0.634,1384996096.000,-0.000,26079,26550,-8,-7,49,13.430,26246,26525,1385,1470,0
164913,-0.201,-0.706,-1.036,-1.106,0.138,-0.012,-0.309,-0.636,0.320,-0.631,1384996096.000,0.001,25735,26883,61,17,49,13.430,26246,26525,1385,1470,0
165013,0.089,-0.475,-1.063,1.350,-0.874,-0.357,-0.311,-0.648,0.315,-0.620,1384996096.000,0.002,27079,25529,-84,-39,50,13.400,25839,26809,1426,1457,0
165113,0.031,0.174,-1.102,0.566,-0.417,0.238,-0.241,-0.699,0.269,-0.617,1384996096.000,0.000,25754,26865,-6,24,50,13.400,25839,26809,1426,1457,0
165213,0.021,0.339,-1.035,-0.844,0.523,-0.011,-0.270,-0.683,0.300,-0.609,1384996096.000,0.000,26232,26398,33,18,50,13.420,25974,26666,1434,1452,0
165313,0.035,0.238,-1.172,0.917,0.050,-0.026,-0.263,-0.679,0.281,-0.626,1384996096.000,0.000,26310,26321,-29,-11,50,13.420,25974,26666,1434,1452,0
165413,0.009,0.221,-1.179,-0.724,0.194,0.044,-0.262,-0.677,0.281,-0.628,1384996096.000,0.000,26103,26526,31,34,50,13.420,25974,26666,1434,1452,0
165513,0.035,0.122,-1.152,0.187,0.351,-0.059,-0.277,-0.662,0.286,-0.635,1384996096.000,2.000,26380,26251,61,56,50,13.420,26109,26455,1451,1455,0
165613,0.041,0.076,-1.101,1.322,0.028,0.000,-0.262,-0.665,0.265,-0.647,1384996096.000,0.000,26284,26347,-62,-51,50,13.420,26109,26455,1451,1455,0
165713,-0.011,0.056,-0.978,0.368,0.148,0.094,-0.210,-0.680,0.215,-0.668,1384996096.000,-0.000,25974,26653,13,12,50,13.390,26178,26455,1419,1472,0
165813,-0.054,0.033,-1.042,-1.068,0.008,-0.020,-0.246,-0.664,0.254,-0.659,1384996096.000,-0.000,26101,26528,28,27,50,13.390,26178,26455,1419,1472,0
165914,0.019,0.043,-1.146,0.998,-0.054,-0.089,-0.237,-0.671,0.239,-0.661,1384996096.000,0.000,26415,26215,-30,-19,50,13.390,26178,26455,1419,1472,0
166014,-0.006,0.062,-1.227,-0.736,-0.059,0.076,-0.232,-0.674,0.238,-0.660,1384996096.000,-0.000,26015,26612,29,40,50,13.390,26041,26385,1452,1492,0
166114,0.003,0.062,-1.261,0.904,0.004,-0.083,-0.242,-0.671,0.246,-0.657,1384996096.000,0.000,26365,26266,-53,-45,50,13.390,26041,26385,1452,1492,0
166213,0.023,0.076,-1.241,1.426,-0.062,0.040,-0.172,-0.695,0.171,-0.677,1384996096.000,0.000,26052,26576,-3,7,50,13.390,26041,26385,1452,1492,0
166313,-0.053,0.047,-1.189,-1.428,0.217,0.050,-0.196,-0.683,0.205,-0.674,1384996096.000,-0.000,25958,26668,53,47,50,13.420,26041,26809,1397,1441,0
166413,0.011,0.016,-1.165,1.403,-0.034,-0.121,-0.192,-0.682,0.192,-0.679,1384996096.000,0.000,26462,26168,-45,-34,50,13.420,26041,26809,1397,1441,0
166513,-0.043,0.019,-1.289,-0.400,0.082,0.196,-0.168,-0.688,0.173,-0.685,1384996096.000,-0.000,25669,26946,30,30,50,13.390,25706,26809,1437,1476,0
166613,-0.108,-0.023,-1.077,0.148,0.142,-0.039,-0.181,-0.678,0.190,-0.686,1384996096.000,0.000,25991,26635,-2,-4,50,13.390,25706,26809,1437,1476,0
166712,0.396,-0.781,-1.023,0.774,-0.009,0.062,-0.161,-0.683,0.164,-0.693,1384996096.000,-0.009,26862,25757,9,-34,50,13.390,25706,26809,1437,1476,0
166812,0.357,-0.524,-1.220,-0.496,-0.542,0.550,-0.142,-0.689,0.175,-0.689,1384996096.000,-0.013,25764,26855,18,36,50,13.410,26455,26041,1443,1477,0
166912,-0.550,0.210,-1.080,-0.581,-0.289,-0.092,-0.141,-0.701,0.207,-0.667,1384996096.000,-0.002,25051,27522,9,34,50,13.410,26455,26041,1443,1477,0
167012,-0.172,-0.308,-1.055,1.422,0.527,-0.626,-0.144,-0.699,0.167,-0.680,1384996096.000,-0.002,27014,25597,-15,-59,50,13.390,26595,26246,1507,1320,0
167112,0.229,-0.591,-0.885,-0.474,-0.727,0.770,-0.120,-0.711,0.143,-0.678,1384996096.000,-0.009,24962,27602,22,46,50,13.390,26595,26246,1507,1320,0
167212,-0.028,-0.084,-0.891,-0.848,-0.351,0.037,-0.140,-0.719,0.207,-0.649,1384996096.000,-0.009,25892,26732,13,29,50,13.390,25575,27027,1405,1483,0
167312,-0.396,0.332,-0.708,0.597,0.293,-0.261,-0.123,-0.723,0.179,-0.656,1584996096.000,-0.003,27617,28676,-7,-7,50,13.390,25575,27027,1405,1483,0
167412,-0.147,0.239,-0.968,-0.183,0.271,-0.323,-0.145,-0.714,0.172,-0.663,1384996096.000,-0.001,26414,26216,9,12,50,13.390,25575,27027,1405,1483,0
167512,-0.036,0.170,-0.955,0.586,0.234,-0.070,-0.137,-0.712,0.148,-0.673,1384996096.000,-0.000,26142,26487,-9,-8,51,13.390,26595,26595,1420,1377,0
167612,-0.053,0.108,-1.048,-0.241,0.207,0.039,-0.136,-0.705,0.147,-0.681,1384996096.000,-0.000,25865,26758,16,16,51,13.390,26595,26595,1420,1377,0
167712,-0.051,0.049,-0.875,0.401,0.201,-0.037,-0.134,-0.699,0.142,-0.688,1504996096.000,-0.000,27147,27713,-5,-8,50,13.380,25706,26595,1480,1500,0
167812,-0.050,0.009,-0.966,0.114,0.067,0.018,-0.126,-0.696,0.131,-0.695,1461074560.000,-0.000,26623,27427,4,8,50,13.380,25706,26595,1480,1500,0
167912,0.577,-0.759,-1.125,0.391,0.089,0.014,-0.125,-0.694,0.130,-0.697,1384996096.000,-0.012,27233,25364,16,-32,50,13.460,26881,27322,1426,1557,0
168012,0.304,-0.694,-1.258,0.101,-0.657,0.792,-0.088,-0.702,0.126,-0.695,1384996096.000,-0.017,25037,27535,3,18,50,13.460,26881,27322,1426,1557,0
168112,-0.647,0.265,-1.070,-1.053,-0.273,-0.072,-0.095,-0.718,0.171,-0.669,1384996096.000,-0.003,24785,27762,21,48,51,13.360,24875,27548,1395,1470,0
168212,-0.420,0.132,-0.669,0.176,0.556,0.196,-0.103,-0.707,0.150,-0.684,1384996096.000,-0.001,24693,27843,13,-9,51,13.360,24875,27548,1395,1470,0
168312,0.109,-0.058,-0.703,-0.144,0.000,-0.510,-0.147,-0.700,0.169,-0.679,1384996096.000,-0.001,27343,25246,-2,0,51,13.410,25316,27100,1428,1499,0
168412,0.761,-0.602,-1.189,0.711,-0.104,0.724,-0.110,-0.705,0.137,-0.687,1384996096.000,-0.018,26277,26354,2,-17,51,13.410,25316,27100,1428,1499,0
168512,0.098,-0.234,-1.225,-1.599,-0.483,0.639,-0.108,-0.706,0.197,-0.672,1384996096.000,-0.016,24935,27627,40,61,51,13.370,25445,27027,1349,1566,0
168612,-0.720,0.249,-1.018,0.396,0.592,-1.023,-0.131,-0.703,0.216,-0.664,1384996096.000,-0.003,26665,25961,-3,-28,51,13.370,25445,27027,1349,1566,0
168712,-0.330,0.095,-1.014,-0.773,0.121,1.120,-0.139,-0.696,0.177,-0.682,1384996096.000,-0.000,23292,29026,34,42,51,13.380,27397,24875,1571,1382,0
168812,-0.501,0.150,-0.905,-1.368,0.440,-0.846,-0.211,-0.672,0.271,-0.656,1384996096.000,-0.001,26751,25873,32,13,51,13.380,27397,24875,1571,1382,0
168912,0.140,-0.023,-1.233,1.007,0.239,0.078,-0.213,-0.676,0.198,-0.677,1384996096.000,-0.000,26305,26326,-10,-13,51,13.390,27624,24752,1551,1371,0
169012,-0.024,-0.334,-1.187,-3.313,-0.081,0.206,-0.261,-0.643,0.293,-0.658,1384996096.000,-0.005,25579,27032,96,87,51,13.390,27624,24752,1551,1371,0
169112,0.223,-0.370,-1.092,0.664,-0.190,0.433,-0.262,-0.646,0.288,-0.657,1384996096.000,-0.006,25681,26935,-16,-9,51,13.390,27624,24752,1551,1371,0
169212,-0.466,0.156,-0.574,-0.237,-0.450,-0.002,-0.244,-0.660,0.301,-0.644,1384996096.000,-0.001,25042,27530,2,34,51,13.370,25641,26881,1440,1467,0
169312,-0.379,0.119,-0.178,0.699,0.434,-0.090,-0.243,-0.661,0.289,-0.649,1384996096.000,-0.000,25410,27190,-1,-22,51,13.370,25641,26881,1440,1467,0
169412,-0.272,0.084,0.147,0.292,-0.396,-0.136,-0.233,-0.666,0.266,-0.657,1384996096.000,-0.000,25739,26880,-12,22,51,13.350,25316,27472,1458,1392,0
169512,-0.173,0.183,0.109,0.118,-0.043,-0.214,-0.227,-0.681,0.259,-0.646,1384996096.000,-0.001,26116,26513,4,10,51,13.350,25316,27472,1458,1392,0
169612,0.004,0.129,-0.344,-0.009,0.221,-0.183,-0.233,-0.680,0.243,-0.651,1384996096.000,0.000,26457,26173,13,9,51,13.400,26178,26178,1539,1434,0
169712,0.052,0.103,-0.472,0.006,-0.011,0.060,-0.238,-0.677,0.242,-0.653,1384996096.000,0.000,26067,26561,3,12,51,13.400,26178,26178,1539,1434,0
169812,-0.004,0.092,-1.003,0.316,0.088,0.042,-0.230,-0.677,0.237,-0.657,1384996096.000,-0.000,25977,26650,-1,0,51,13.400,26178,26178,1539,1434,0
169912,-0.092,0.077,-1.060,-0.212,0.001,0.372,-0.222,-0.676,0.236,-0.662,1384996096.000,-0.000,25047,27526,14,20,52,13.350,26109,26666,1406,1455,0
170012,-0.031,0.075,-0.908,0.640,0.029,-0.379,-0.226,-0.677,0.234,-0.661,1384996096.000,-0.000,26775,25848,-17,-13,52,13.350,26109,26666,1406,1455,0
170112,0.076,0.082,-1.070,0.361,-0.028,0.116,-0.204,-0.688,0.202,-0.667,1384996096.000,0.000,26011,26616,2,9,51,13.340,26737,26109,1468,1372,0
170212,-0.025,0.090,-0.941,-0.403,0.007,0.050,-0.206,-0.685,0.214,-0.665,1384996096.000,-0.000,25908,26716,17,22,51,13.340,26737,26109,1468,1372,0
170312,0.002,0.076,-1.065,0.689,0.068,-0.056,-0.201,-0.686,0.206,-0.669,1384996096.000,0.000,26195,26435,-16,-14,52,13.350,26315,26109,1421,1529,0
170412,-0.016,0.072,-1.176,-0.141,-0.090,0.072,-0.187,-0.689,0.193,-0.673,1384996096.000,-0.000,25882,26741,11,24,52,13.350,26315,26109,1421,1529,0
170513,-0.021,0.090,-1.324,-0.012,0.007,-0.077,-0.194,-0.688,0.202,-0.669,1384996096.000,-0.000,26178,26452,2,7,52,13.350,26315,26109,1421,1529,0
170613,0.028,0.087,-1.277,0.348,-0.017,-0.009,-0.186,-0.692,0.189,-0.671,1384996096.000,0.000,26156,26474,-5,3,52,13.370,25974,26737,1517,1361,0
170713,0.475,0.138,-1.347,-0.131,-0.041,-0.128,-0.180,-0.694,0.184,-0.672,1384996096.000,0.002,27335,25255,7,19,52,13.370,25974,26737,1517,1361,0
170813,1.489,0.389,-1.597,0.970,0.040,0.971,-0.154,-0.698,0.171,-0.678,1384996096.000,0.016,27286,25308,-29,-5,52,13.340,27322,25125,1482,1450,0
170913,0.596,0.442,-1.426,-1.188,0.177,1.528,-0.105,-0.684,0.212,-0.690,1384996096.000,0.026,24127,28335,45,58,52,13.340,27322,25125,1482,1450,0
171013,0.015,0.428,-1.162,-0.319,0.383,0.119,-0.114,-0.660,0.277,-0.689,1384996096.000,0.033,25809,26812,5,-8,52,13.340,27322,25125,1482,1450,0
171113,-0.595,0.226,-0.906,0.909,0.180,-0.260,-0.100,-0.655,0.236,-0.711,1384996096.000,0.023,25311,27283,-19,-11,50,13.360,25906,26737,1476,1431,0
171213,-1.074,-0.033,-0.642,-1.883,-0.150,-1.304,-0.144,-0.659,0.247,-0.696,1384996096.000,0.004,26513,26116,57,69,50,13.360,25906,26737,1476,1431,0
171313,0.022,-0.112,-1.363,3.243,-0.020,-0.953,-0.165,-0.681,0.170,-0.693,1294800000.000,-0.000,27374,23356,-97,-96,50,13.360,25906,26737,1476,1431,0
171414,0.855,-0.278,-1.900,-0.651,0.156,0.866,-0.103,-0.694,0.123,-0.704,1272054912.000,-0.008,24811,25622,69,48,52,13.430,27548,23809,1448,1244,0
171514,0.311,-0.257,-1.596,-0.761,-0.341,0.184,-0.118,-0.678,0.204,-0.696,1384996096.000,-0.011,26474,26156,6,23,52,13.430,27548,23809,1448,1244,0
171614,1.247,-0.229,-1.657,3.683,-0.673,-0.360,-0.071,-0.718,0.094,-0.686,1384996096.000,-0.010,29026,23292,-110,-82,52,13.330,28818,23584,1585,1228,0
171713,0.305,-0.122,-1.619,-2.024,0.639,1.938,-0.005,-0.715,0.101,-0.692,1384996096.000,-0.011,23292,29026,114,91,52,13.330,28818,23584,1585,1228,0
171813,-1.469,0.303,-1.398,-0.099,-0.782,-0.498,-0.052,-0.711,0.213,-0.669,1384996096.000,-0.006,24090,28366,-55,19,52,13.330,28818,23584,1585,1228,0
171913,-0.498,0.227,-1.325,2.961,0.118,-1.696,-0.019,-0.733,0.086,-0.675,1195976448.000,-0.004,26984,21630,-73,-75,52,13.340,25974,26455,1659,1270,0
172013,-0.276,0.245,-1.475,-3.196,0.233,0.032,-0.058,-0.726,0.117,-0.675,1356760832.000,-0.001,25325,26747,107,109,52,13.340,25974,26455,1659,1270,0
172112,-0.086,0.202,-1.511,1.270,0.198,-0.786,-0.116,-0.718,0.133,-0.673,1384996096.000,-0.000,27716,24836,-57,-52,52,13.340,25974,26455,1659,1270,0
172212,0.288,0.092,-1.812,-0.420,0.189,0.171,-0.087,-0.721,0.087,-0.682,1384996096.000,0.001,26631,25996,33,31,52,13.350,27472,25062,1524,1343,0
172312,-0.071,0.092,-1.581,-1.193,0.212,0.046,-0.132,-0.703,0.143,-0.683,1384996096.000,-0.000,26110,26519,30,30,52,13.350,27472,25062,1524,1343,0
172412,0.054,0.058,-1.599,0.783,0.037,-0.173,-0.130,-0.703,0.127,-0.688,1384996096.000,0.000,26855,25764,-24,-16,52,13.340,26595,25906,1492,1434,0
172512,0.049,0.045,-1.488,-0.879,0.079,0.077,-0.136,-0.700,0.133,-0.688,1384996096.000,0.000,26340,26290,34,36,52,13.340,26595,25906,1492,1434,0
172612,0.042,0.021,-1.522,0.039,0.008,-0.009,-0.153,-0.694,0.149,-0.688,1384996096.000,0.000,26506,26123,-5,2,53,13.340,26455,26246,1473,1408,0
172712,0.654,-0.249,-1.372,0.206,-0.007,0.222,-0.148,-0.694,0.150,-0.688,1384996096.000,-0.004,27329,25261,4,-8,53,13.340,26455,26246,1473,1408,0
172812,0.504,-0.628,-1.715,-0.224,-0.347,1.177,-0.119,-0.693,0.174,-0.690,1384996096.000,-0.024,25023,27547,17,14,53,13.340,26455,26246,1473,1408,0
172912,-0.018,-0.404,-1.401,-0.509,-0.666,0.376,-0.112,-0.703,0.232,-0.663,1384996096.000,-0.031,25494,27112,4,23,52,13.310,25445,26954,1341,1595,0
173012,-0.131,-0.310,-1.068,0.510,-0.319,-0.003,-0.091,-0.716,0.226,-0.655,1384996096.000,-0.033,26020,26607,-10,-7,52,13.310,25445,26954,1341,1595,0
173112,-0.364,-0.212,-0.857,-0.363,-0.476,-0.131,-0.088,-0.731,0.227,-0.638,1584996096.000,-0.033,27625,28668,11,28,53,13.330,25974,26385,1442,1519,0
173212,-0.928,0.597,-1.150,0.332,-0.193,-0.432,-0.090,-0.744,0.213,-0.627,1584996096.000,-0.011,27054,29207,-29,22,53,13.330,25974,26385,1442,1519,0
173312,-0.485,0.560,-1.281,0.459,0.538,-0.813,-0.103,-0.749,0.178,-0.630,1492447104.000,-0.006,27852,26771,-5,-12,53,13.230,27173,28985,1544,1609,0
173412,-0.241,0.386,-1.226,0.359,0.378,-0.213,-0.091,-0.740,0.130,-0.654,1384996096.000,-0.002,26167,26463,1,7,53,13.230,27173,28985,1544,1609,0
173512,-0.142,0.292,-1.283,0.166,0.407,-0.152,-0.097,-0.731,0.121,-0.665,1384996096.000,-0.001,26240,26391,3,0,53,13.310,26109,26595,1475,1463,0
173612,-0.097,0.163,-1.249,0.489,0.347,-0.032,-0.084,-0.719,0.099,-0.682,1384996096.000,-0.000,26079,26549,-3,-6,53,13.310,26109,26595,1475,1463,0
173712,-0.092,0.099,-1.060,0.163,0.256,-0.033,-0.079,-0.713,0.091,-0.691,1584996096.000,-0.000,27930,28371,5,2,53,13.310,25974,26666,1468,1449,0
173812,-0.501,0.016,-0.812,-0.681,0.191,-0.196,-0.062,-0.700,0.112,-0.703,1582643200.000,0.000,27253,28982,28,27,53,13.310,25974,26666,1468,1449,0
173912,-0.137,0.002,-1.096,0.836,-0.246,0.316,-0.065,-0.703,0.079,-0.704,1384996096.000,0.000,25101,27476,-27,-4,53,13.200,28169,28089,1598,1526,0
174012,-0.329,0.038,-1.007,-0.799,0.160,-0.442,-0.079,-0.703,0.113,-0.698,1384996096.000,-0.000,26267,26364,25,19,53,13.200,28169,28089,1598,1526,0
174112,0.040,-0.011,-0.961,1.238,0.010,-0.284,-0.066,-0.703,0.062,-0.705,1384996096.000,-0.000,26782,25840,-28,-22,53,13.310,26525,25706,1617,1400,0
174212,0.059,-0.018,-0.960,-0.590,0.141,0.096,-0.066,-0.703,0.060,-0.706,1384996096.000,-0.000,26047,26581,27,22,53,13.310,26525,25706,1617,1400,0
174312,0.029,-0.047,-0.865,0.559,0.030,0.000,-0.059,-0.699,0.055,-0.710,1384996096.000,-0.000,26185,26445,-12,-10,53,13.330,26178,26666,1440,1421,0
174412,0.747,-0.546,-1.050,0.319,-0.167,0.370,-0.042,-0.701,0.043,-0.711,1584996096.000,-0.010,28766,27523,4,-7,53,13.330,26178,26666,1440,1421,0
174512,-0.473,0.080,-1.297,-0.491,-0.639,0.769,-0.011,-0.716,0.065,-0.695,1384996096.000,-0.001,23548,28818,23,70,54,13.190,25906,29761,1328,1707,0
174612,-0.425,0.172,-0.930,0.768,0.379,-0.711,-0.036,-0.722,0.082,-0.686,1384996096.000,-0.002,26635,25992,-20,-39,54,13.190,25906,29761,1328,1707,0
174712,-0.079,0.078,-0.862,0.598,-0.061,-0.191,-0.010,-0.716,0.018,-0.698,1584996096.000,-0.000,28168,28135,-9,7,54,13.190,25906,29761,1328,1707,0
174812,-0.064,0.105,-1.172,-0.396,0.098,0.037,-0.021,-0.719,0.029,-0.694,1584996096.000,-0.000,27738,28559,15,15,54,13.290,27397,26737,1701,1848,0
174912,-0.070,0.049,-1.210,0.656,0.131,-0.028,-0.010,-0.713,0.017,-0.701,1384996096.000,-0.000,25983,26643,-14,-13,54,13.290,27397,26737,1701,1848,0
175012,0.504,-0.704,-1.020,0.140,-0.033,0.094,-0.001,-0.712,0.008,-0.702,1384996096.000,-0.011,26944,25672,22,-19,54,13.290,25906,26595,1475,1514,0
175112,0.009,-0.669,-1.117,0.023,-0.471,0.537,0.024,-0.716,0.007,-0.697,1384996096.000,-0.011,24940,27623,8,11,54,13.290,25906,26595,1475,1514,0
175212,-0.117,-0.439,-0.972,-0.207,-0.671,-0.157,0.020,-0.742,0.020,-0.669,1384996096.000,-0.013,26112,26517,-2,14,54,13.320,25510,27173,1457,1442,0
175312,0.042,-0.344,-1.317,0.644,-0.282,-0.086,0.038,-0.753,-0.007,-0.657,1384996096.000,-0.012,26320,26310,-13,-13,54,13.320,25510,27173,1457,1442,0
175412,0.035,-0.211,-1.205,-0.457,-0.499,0.102,0.041,-0.767,-0.008,-0.640,1384996096.000,-0.013,25907,26718,10,29,54,13.280,25974,26881,1428,1433,0
175512,0.112,-0.018,-1.083,0.274,-0.077,-0.020,0.036,-0.776,-0.004,-0.630,1384996096.000,-0.011,26334,26296,-10,-5,54,13.280,25974,26881,1428,1433,0
175612,-0.418,0.622,-1.391,-0.006,-0.004,0.101,0.049,-0.776,-0.013,-0.628,1384996096.000,-0.006,24946,27616,-15,28,54,13.280,25974,26881,1428,1433,0
175712,-0.276,0.537,-1.142,-0.491,0.713,-0.494,0.030,-0.768,-0.005,-0.640,1384996096.000,-0.004,26491,26139,21,6,53,13.270,24937,27472,1408,1547,0
175812,0.155,0.600,-1.208,1.139,0.662,-0.271,0.041,-0.741,-0.045,-0.669,1384996096.000,0.002,26998,25615,-29,-25,53,13.270,24937,27472,1408,1547,0
175912,0.269,0.900,-1.154,-0.572,0.681,0.372,0.055,-0.723,-0.046,-0.687,1384996096.000,0.010,25927,26698,20,32,54,13.260,26178,26595,1454,1431,0
176012,0.316,0.300,-1.119,-0.017,1.320,0.241,0.052,-0.685,-0.015,-0.726,1384996096.000,0.010,26288,26343,28,-30,54,13.260,26178,26595,1454,1431,0
176112,-0.472,-0.436,-1.122,-0.007,0.310,0.239,0.069,-0.654,-0.015,-0.753,1384996096.000,0.005,24561,27960,18,-5,54,13.260,26178,26595,1454,1431,0
176212,-0.445,-0.374,-0.842,-0.727,-0.181,-0.610,0.037,-0.662,0.010,-0.749,1384996096.000,0.004,26384,26247,19,18,54,13.270,25000,27322,1369,1608,0
176312,0.622,-0.743,-0.926,1.453,-0.027,-0.300,0.038,-0.660,-0.035,-0.749,1384996096.000,-0.011,28029,24482,-23,-55,54,13.270,25000,27322,1369,1608,0
176412,0.902,-0.767,-1.307,-0.960,-0.716,1.150,0.072,-0.675,-0.031,-0.734,1384996096.000,-0.025,25680,26936,37,46,54,13.270,26041,26385,1495,1468,0
176512,0.168,-0.415,-1.202,-0.570,-0.494,0.638,0.070,-0.703,0.038,-0.707,1384996096.000,-0.021,25099,27478,8,13,54,13.270,26041,26385,1495,1468,0
176612,-0.129,-0.388,-0.953,0.316,-0.139,-0.263,0.080,-0.710,0.036,-0.699,1384996096.000,-0.021,26339,26292,-2,-14,54,13.270,26041,26385,1495,1468,0
176712,-0.008,-0.389,-1.078,0.054,-0.567,-0.157,0.078,-0.722,0.017,-0.687,1384996096.000,-0.023,26414,26216,-4,12,54,13.290,26455,26315,1515,1363,0
176812,-0.859,0.295,-1.038,-0.984,-0.300,-0.389,0.060,-0.740,0.026,-0.669,1384996096.000,-0.006,25016,27554,20,47,54,13.290,26455,26315,1515,1363,0
176912,-0.054,-0.176,-1.028,1.040,0.463,-1.043,0.026,-0.734,-0.006,-0.678,1384996096.000,-0.004,28128,24368,-15,-56,54,13.270,27855,24630,1567,1349,0
177012,0.095,-0.454,-1.400,0.017,-0.447,0.421,0.059,-0.732,-0.053,-0.677,1384996096.000,-0.004,25510,27097,12,24,54,13.270,27855,24630,1567,1349,0
177112,-0.189,0.432,-1.125,-1.459,-0.324,-0.112,0.015,-0.756,0.003,-0.654,1384996096.000,-0.002,25957,26669,22,55,54,13.270,27855,24630,1567,1349,0
177212,0.004,0.262,-1.026,1.581,0.922,-0.290,0.026,-0.737,-0.029,-0.675,1384996096.000,0.000,26780,25928,-22,-57,54,13.250,26737,25974,1510,1389,0
177312,-0.043,0.181,-1.136,-1.221,-0.211,0.266,0.034,-0.727,-0.032,-0.685,1512054912.000,-0.000,26724,28247,34,66,54,13.250,26737,25974,1510,1389,0
177412,0.177,0.105,-1.180,0.376,0.398,0.004,0.008,-0.727,-0.001,-0.686,1584996096.000,0.000,28346,27955,-9,-30,54,13.250,26737,25974,1510,1389,0
177512,1.327,0.282,-1.313,1.786,0.344,1.318,0.077,-0.712,-0.039,-0.697,1384996096.000,0.013,26395,26236,-39,-40,54,13.290,29498,24449,1490,1129,0
177612,0.104,0.269,-1.487,-3.236,0.230,1.357,0.098,-0.704,0.065,-0.701,1384996096.000,0.018,23389,28947,100,110,54,13.290,29498,24449,1490,1129,0
177712,-1.602,-0.016,-1.213,0.639,0.851,-1.030,0.049,-0.696,0.114,-0.707,1384996096.000,0.002,24792,27756,-11,-64,54,13.290,29498,24449,1490,1129,0
177812,-0.337,-0.291,-1.235,1.383,-0.207,-1.499,0.041,-0.681,0.008,-0.731,1384996096.000,0.001,28487,23947,-35,-22,54,13.240,24813,27700,1358,1572,0
177912,0.106,-0.300,-1.686,-0.636,-0.281,0.368,0.040,-0.696,-0.019,-0.717,1384996096.000,-0.003,25697,26919,35,33,54,13.240,24813,27700,1358,1572,0
178012,0.655,-0.490,-1.360,-0.446,-0.107,0.109,0.018,-0.700,0.026,-0.714,1384996096.000,-0.017,27342,25247,17,-2,55,13.250,25773,26954,1415,1477,0
178112,0.906,-0.412,-1.799,1.194,-0.534,0.729,0.060,-0.711,0.003,-0.700,1384996096.000,-0.022,26694,25932,-34,-22,55,13.250,25773,26954,1415,1477,0
178212,0.108,-0.174,-1.629,-2.062,-0.329,0.911,0.074,-0.727,0.061,-0.680,1384996096.000,-0.023,24477,28033,65,74,55,13.260,24691,28011,1385,1486,0
178312,-1.279,0.293,-1.358,0.550,0.024,-0.396,0.046,-0.734,0.096,-0.670,1384996096.000,-0.008,24166,28302,-35,-21,55,13.260,24691,28011,1385,1486,0
178412,-0.686,0.228,-1.187,0.148,0.156,-1.472,0.027,-0.732,0.043,-0.679,1384996096.000,-0.004,27702,24852,2,4,55,13.240,27247,25445,1505,1384,0
178512,-0.052,0.172,-1.820,0.582,0.199,-0.374,0.013,-0.727,-0.008,-0.686,1384996096.000,-0.000,26901,25717,-7,-10,55,13.240,27247,25445,1505,1384,0
178612,0.235,-0.062,-1.808,-0.679,0.182,0.100,0.005,-0.719,0.001,-0.695,1584211840.000,-0.001,28340,27947,31,20,55,13.240,27247,25445,1505,1384,0
178712,0.653,-0.163,-1.937,0.781,-0.134,0.351,0.013,-0.720,0.003,-0.694,1384996096.000,-0.005,26935,25681,-23,-22,54,13.190,28089,27548,1611,1604,0
178812,0.485,-0.316,-1.963,-0.701,-0.052,1.002,0.046,-0.722,0.023,-0.690,1384996096.000,-0.018,25210,27376,38,25,54,13.190,28089,27548,1611,1604,0
178912,-1.021,0.226,-1.472,-0.802,-0.146,-0.077,0.026,-0.729,0.079,-0.680,1384996096.000,-0.005,24105,28354,7,31,55,13.260,25316,27247,1404,1546,0
179012,-0.489,0.151,-1.201,0.807,0.440,-1.194,0.005,-0.723,0.046,-0.689,1384996096.000,-0.002,27600,24965,-15,-34,55,13.260,25316,27247,1404,1546,0
179112,0.547,-0.343,-1.545,0.153,0.042,-0.161,0.005,-0.717,-0.004,-0.697,1384996096.000,-0.005,27740,24809,19,-3,55,13.250,27548,25062,1542,1364,0
179212,0.463,-0.509,-1.771,-0.598,-0.264,0.803,0.013,-0.719,0.021,-0.694,1475976448.000,-0.015,26482,27833,27,20,55,13.250,27548,25062,1542,1364,0
179312,-0.027,-0.018,-1.649,-0.291,-0.398,0.237,0.012,-0.734,0.060,-0.677,1406956928.000,-0.008,25911,27121,-4,17,55,13.190,26737,27548,1442,1659,0
179412,-0.334,0.103,-1.300,0.052,0.168,-0.258,0.009,-0.735,0.058,-0.676,1384996096.000,-0.005,26061,26568,6,-3,55,13.190,26737,27548,1442,1659,0
179512,-0.134,0.075,-1.181,0.000,0.041,-0.271,-0.003,-0.732,0.050,-0.679,1384996096.000,-0.003,26523,26106,3,4,54,13.240,26041,26666,1531,1392,0
179612,0.372,-0.085,-1.416,0.400,0.082,0.229,-0.000,-0.730,0.040,-0.682,1384996096.000,-0.006,26595,26033,-2,-11,54,13.240,26041,26666,1531,1392,0
179712,-0.651,0.214,-1.249,-0.737,-0.077,0.374,0.011,-0.730,0.057,-0.681,1384996096.000,-0.003,23960,28477,20,37,55,13.270,25839,26525,1455,1538,0
179812,-0.403,0.182,-0.999,0.538,0.523,-0.896,-0.030,-0.724,0.074,-0.685,1384996096.000,-0.002,27178,25424,-12,-36,55,13.270,25839,26525,1455,1538,0
179912,-0.003,-0.292,-1.409,0.733,0.062,-0.091,-0.008,-0.716,0.009,-0.698,1384996096.000,-0.000,26430,26200,2,-14,55,13.260,27247,25380,1469,1449,0
180012,0.121,-0.453,-1.339,-1.533,-0.430,0.311,-0.031,-0.722,0.053,-0.689,1384996096.000,-0.003,25882,26742,22,52,55,13.260,27247,25380,1469,1449,0
180112,-0.262,0.258,-1.320,0.944,-0.177,0.048,-0.032,-0.734,0.063,-0.675,1384996096.000,-0.002,25522,27086,-40,-21,55,13.260,25641,26809,1433,1535,0
180212,-0.090,0.147,-0.883,-0.373,0.407,-0.292,-0.026,-0.730,0.049,-0.681,1384996096.000,-0.001,26585,26043,30,9,55,13.260,25641,26809,1433,1535,0
180312,0.327,-0.203,-1.209,0.822,0.156,0.283,-0.027,-0.720,0.042,-0.692,1464996096.000,-0.004,27052,27078,-12,-30,55,13.260,25641,26809,1433,1535,0
180412,0.052,-0.228,-0.984,-0.519,-0.291,0.373,0.002,-0.722,0.044,-0.691,1584996096.000,-0.008,27370,28912,22,30,55,13.220,26737,27027,1523,1546,0
180512,-0.141,0.159,-1.223,0.036,-0.114,-0.061,-0.008,-0.730,0.064,-0.680,1384996096.000,-0.002,25962,26664,-7,6,55,13.220,26737,27027,1523,1546,0
180612,-0.127,0.176,-0.971,0.468,0.246,-0.089,0.009,-0.726,0.041,-0.686,1384996096.000,-0.001,26045,26583,-2,-9,56,13.250,26041,26525,1480,1507,0
180712,-0.236,0.124,-0.934,-0.287,0.174,-0.058,0.004,-0.720,0.042,-0.692,1584996096.000,-0.001,27601,28692,16,12,56,13.250,26041,26525,1480,1507,0
180812,-0.121,0.058,-1.218,0.319,0.297,-0.287,-0.007,-0.713,0.038,-0.700,1533231360.000,-0.000,27817,27559,0,-14,55,13.150,27777,28011,1565,1530,0
180912,-0.035,-0.006,-1.277,0.230,0.070,0.017,0.003,-0.706,0.017,-0.708,1384996096.000,0.000,26012,26616,3,1,55,13.150,27777,28011,1565,1530,0
181012,-0.111,0.004,-1.267,-0.493,-0.008,0.081,-0.003,-0.707,0.031,-0.707,1384996096.000,-0.000,25679,26937,19,18,55,13.150,27777,28011,1565,1530,0
181112,-0.068,-0.017,-1.215,0.490,0.072,-0.132,-0.005,-0.705,0.028,-0.709,1384996096.000,0.000,26215,26416,-9,-15,56,13.190,25773,26881,1458,1482,0
181212,0.555,-0.087,-1.351,0.350,-0.176,0.160,0.007,-0.706,0.013,-0.708,1396760832.000,-0.002,27061,25777,-6,-1,56,13.190,25773,26881,1458,1482,0
181312,0.852,-0.223,-1.668,0.342,0.006,1.200,0.043,-0.709,0.024,-0.704,1384996096.000,-0.012,25456,27147,4,-10,56,13.220,27247,25380,1494,1437,0
181412,-0.341,-0.121,-1.347,-1.578,-0.287,0.498,0.053,-0.711,0.086,-0.696,1384996096.000,-0.010,24191,28281,43,56,56,13.220,27247,25380,1494,1437,0
181512,-0.998,0.119,-1.097,0.627,0.330,-1.276,0.020,-0.716,0.082,-0.693,1384996096.000,-0.002,26615,26012,-14,-33,56,13.220,27247,25380,1494,1437,0
181612,-0.250,0.078,-1.119,0.930,-0.116,-0.654,0.025,-0.711,0.000,-0.702,1384996096.000,0.000,26975,25639,-20,-8,55,13.220,26385,26455,1561,1307,0
181712,-0.133,0.058,-0.991,-0.723,0.124,-0.001,0.007,-0.714,0.006,-0.700,1384996096.000,-0.000,25859,26764,31,22,55,13.220,26385,26455,1561,1307,0
181812,0.621,-0.188,-1.169,1.063,0.038,0.194,0.017,-0.709,-0.002,-0.705,1384996096.000,-0.004,27073,25535,-22,-35,56,13.210,26881,25773,1508,1412,0
181912,0.406,-0.224,-1.166,-0.530,-0.224,0.993,0.056,-0.713,0.007,-0.699,1384996096.000,-0.010,24923,27637,26,28,56,13.210,26881,25773,1508,1412,0
182012,-0.922,0.136,-0.911,-0.962,0.060,-0.344,0.034,-0.720,0.060,-0.690,1384996096.000,-0.003,24779,27767,25,23,56,13.210,26881,25773,1508,1412,0
182112,-0.224,0.023,-0.990,2.000,0.309,-1.031,0.025,-0.710,-0.002,-0.704,1384996096.000,-2.000,27767,24778,-107,-123,56,13.180,25000,27247,1470,1544,0
182212,-0.115,-0.062,-1.354,-2.948,0.448,0.389,0.013,-0.700,-0.001,-0.714,1384996096.000,0.000,25068,27506,130,100,56,13.180,25000,27247,1470,1544,0
182312,-0.081,-0.438,-1.209,-0.334,0.237,-0.503,-0.077,-0.688,0.093,-0.716,1384996096.000,-0.002,26980,25633,0,-36,56,13.210,26315,26525,1456,1425,0
182412,0.719,-0.768,-1.408,1.639,-0.681,0.520,-0.024,-0.701,0.022,-0.712,1384996096.000,-0.012,26673,25953,-38,-31,56,13.210,26315,26525,1456,1425,0
182512,0.165,-0.560,-1.465,-2.758,-0.662,0.982,-0.026,-0.720,0.102,-0.686,1384996096.000,-0.026,24360,28135,85,90,56,13.210,26315,26525,1456,1425,0
182612,0.078,-0.410,-1.315,1.637,-0.341,-0.246,-0.036,-0.734,0.125,-0.667,1384996096.000,-0.028,26788,25834,-58,-67,56,13.190,25773,26809,1546,1390,0
182712,-0.028,-0.305,-1.274,-0.771,-0.572,0.223,0.001,-0.750,0.095,-0.655,1384996096.000,-0.030,25589,27022,36,48,56,13.190,25773,26809,1546,1390,0
182812,0.065,-0.010,-1.146,0.946,-0.356,0.100,-0.034,-0.764,0.132,-0.630,1384996096.000,-0.023,26038,26590,-50,-40,56,13.190,25773,26809,1546,1390,0
182912,-1.298,0.698,-1.117,-1.238,-0.141,0.527,0.003,-0.770,0.146,-0.621,1384996096.000,-0.020,23292,29026,33,69,56,13.230,25125,25188,1321,1459,0
183012,-0.778,0.664,-0.986,-0.076,0.902,-1.170,-0.067,-0.762,0.172,-0.621,1409309824.000,-0.011,27078,26002,4,-27,56,13.230,25125,25188,1321,1459,0
183112,-0.294,0.434,-1.039,1.384,0.216,-0.479,-0.043,-0.752,0.081,-0.653,1584996096.000,-0.003,28353,27948,-33,-17,56,13.070,28818,26954,1571,1596,0
183212,-0.218,0.373,-1.324,-1.969,0.411,0.130,-0.080,-0.741,0.114,-0.657,1584996096.000,-0.002,27255,29020,68,59,56,13.070,28818,26954,1571,1596,0
183312,-0.393,0.153,-0.991,1.193,0.661,-0.257,-0.068,-0.716,0.112,-0.685,1584996096.000,-0.001,27613,28680,-22,-49,56,13.070,28818,26954,1571,1596,0
183412,-0.140,0.136,-1.119,-0.097,-0.208,-0.229,-0.062,-0.719,0.079,-0.688,1584996096.000,-0.000,28084,28219,5,26,56,13.090,27932,28328,1626,1563,0
183512,-0.097,0.077,-1.494,0.126,0.486,-0.017,-0.070,-0.711,0.082,-0.695,1584996096.000,-0.000,27743,28554,14,-15,56,13.090,27932,28328,1626,1563,0
183612,-0.044,-0.022,-1.506,0.283,0.113,-0.093,-0.063,-0.701,0.067,-0.707,1384996096.000,0.000,26154,26475,0,-3,57,13.130,26737,27322,1552,1536,0
183712,-0.027,-0.020,-1.352,-0.004,0.049,0.029,-0.062,-0.702,0.065,-0.707,1384996096.000,0.000,25933,26692,9,2,57,13.130,26737,27322,1552,1536,0
183812,0.119,-0.772,-1.039,0.250,0.162,0.058,-0.056,-0.695,0.061,-0.714,1584996096.000,-0.004,28015,28287,24,-29,57,13.070,28011,28089,1542,1616,0
183912,0.314,-0.539,-1.536,0.276,-1.074,0.511,-0.034,-0.714,0.058,-0.697,1384996096.000,-0.011,25647,26967,-21,20,57,13.070,28011,28089,1542,1616,0
184012,-0.425,0.278,-1.364,-0.132,-0.181,0.281,-0.018,-0.735,0.078,-0.673,1384996096.000,-0.003,24491,28021,2,15,57,13.070,28011,28089,1542,1616,0
184112,-0.376,0.234,-1.133,0.621,0.221,-0.630,-0.023,-0.731,0.064,-0.679,1384996096.000,-0.002,26567,26061,-13,-21,57,13.190,24509,28011,1416,1544,0
184212,-0.139,0.219,-1.268,0.443,-0.074,-0.094,-0.008,-0.732,0.023,-0.681,1384996096.000,-0.001,25982,26645,-7,4,57,13.190,24509,28011,1416,1544,0
184312,-0.163,0.130,-1.120,0.007,0.234,0.027,-0.009,-0.729,0.026,-0.684,1384996096.000,-0.001,25637,26977,10,-3,57,13.160,25839,26809,1468,1468,0
184412,0.167,-0.146,-1.218,0.970,0.084,0.169,0.014,-0.723,0.006,-0.691,1384996096.000,-0.003,26053,26575,-16,-30,57,13.160,25839,26809,1468,1468,0
184512,0.131,-0.335,-0.970,-0.183,-0.212,0.414,0.038,-0.726,0.008,-0.687,1384996096.000,-0.012,25423,27178,17,12,57,13.170,26041,26666,1513,1409,0
184612,-0.619,0.216,-0.899,-0.164,-0.103,-0.031,0.045,-0.732,0.016,-0.680,1384996096.000,-0.003,24755,27789,3,17,57,13.170,26041,26666,1513,1409,0
184712,-0.283,0.140,-0.778,0.916,0.419,-0.627,0.041,-0.723,-0.013,-0.689,1384996096.000,-0.001,26771,25852,-14,-36,57,13.160,25188,27548,1457,1444,0
184812,-0.109,0.083,-1.010,-0.102,-0.031,0.006,0.052,-0.716,-0.042,-0.695,1384996096.000,-0.000,25841,26781,11,18,57,13.160,25188,27548,1457,1444,0
184912,0.052,-0.238,-0.937,0.109,0.200,-0.051,0.044,-0.713,-0.034,-0.699,1384996096.000,-0.002,26285,26345,11,-18,57,13.190,25575,26954,1489,1473,0
185012,0.483,-0.417,-0.918,0.463,-0.296,0.324,0.061,-0.712,-0.047,-0.698,1384996096.000,-0.008,26449,26181,-7,-10,57,13.190,25575,26954,1489,1473,0
185112,0.733,-0.040,-0.880,-0.066,-0.294,1.002,0.087,-0.726,-0.032,-0.681,1384996096.000,-0.006,25578,27033,2,12,57,13.170,27322,25575,1436,1428,0
185212,-0.386,0.262,-0.807,-0.681,0.099,0.446,0.100,-0.731,0.014,-0.675,1384996096.000,-0.001,24212,28262,19,21,57,13.170,27322,25575,1436,1428,0
185312,-1.046,0.162,-0.666,-0.143,0.334,-0.833,0.083,-0.725,0.022,-0.683,1384996096.000,-0.005,25575,27035,11,-5,57,13.150,25000,27397,1115,1828,0
185412,-0.320,0.091,-0.583,0.868,0.032,-0.868,0.059,-0.717,-0.028,-0.694,1384996096.000,-2.001,27238,25359,-88,-85,57,13.150,25000,27397,1115,1828,0
185512,-0.070,0.073,-0.778,-2.561,0.277,0.072,0.040,-0.715,-0.034,-0.697,1384996096.000,-0.000,25801,26819,105,85,57,13.160,26109,26178,1494,1535,0
185612,-0.034,-0.031,-0.881,0.260,0.369,-0.330,-0.029,-0.703,0.032,-0.710,1384996096.000,0.000,26753,25870,-17,-40,57,13.160,26109,26178,1494,1535,0
185712,0.132,-0.097,-0.955,0.194,-0.166,0.143,-0.003,-0.701,-0.011,-0.713,1384996096.000,-0.000,26166,26464,3,8,57,13.160,26109,26178,1494,1535,0
185812,-0.047,-0.025,-0.889,-1.266,0.034,0.156,-0.027,-0.703,0.032,-0.709,1384996096.000,0.000,25721,26896,38,30,57,13.160,26385,26385,1431,1479,0
185912,-0.034,-0.031,-0.731,-0.246,-0.058,-0.100,-0.038,-0.702,0.041,-0.710,1384996096.000,0.000,26285,26346,33,32,57,13.160,26385,26385,1431,1479,0
186012,0.321,-0.355,-0.982,-2.451,-0.064,0.082,-0.099,-0.698,0.105,-0.701,1384996096.000,-0.004,26647,25979,77,54,57,13.140,26178,26178,1461,1552,0
186112,0.419,-0.709,-1.265,1.291,-0.443,0.314,-0.102,-0.702,0.119,-0.695,1384996096.000,-0.013,26408,26222,-38,-54,57,13.140,26178,26178,1461,1552,0
186212,0.146,-0.504,-1.055,-1.692,-0.872,0.514,-0.082,-0.722,0.139,-0.673,1384996096.000,-0.018,25367,27231,50,70,57,13.180,25706,26809,1438,1530,0
186312,0.074,-0.184,-1.025,0.086,-0.418,-0.020,-0.113,-0.736,0.191,-0.639,1384996096.000,-0.016,26322,26309,-16,-13,57,13.180,25706,26809,1438,1530,0
186412,-0.576,0.555,-0.905,-0.256,-0.133,-0.103,-0.096,-0.748,0.179,-0.632,1384996096.000,-0.007,25080,27495,2,30,57,13.180,25706,26809,1438,1530,0
186512,-0.269,0.522,-0.703,-0.354,0.459,-0.563,-0.135,-0.742,0.190,-0.629,1384996096.000,-0.003,26684,25941,12,1,57,13.150,25575,27472,1319,1508,0
186612,-0.061,0.413,-0.693,0.737,0.199,-0.030,-0.134,-0.737,0.160,-0.643,1384996096.000,-0.001,26055,26573,-19,-11,57,13.150,25575,27472,1319,1508,0
186713,-0.133,0.370,-0.752,-0.858,0.191,0.111,-0.138,-0.730,0.170,-0.648,1384996096.000,-0.001,25557,27052,30,33,57,13.160,25839,26737,1389,1565,0
186813,-0.079,0.293,-0.827,0.611,0.301,-0.156,-0.149,-0.720,0.173,-0.655,1384996096.000,-0.001,26227,26403,-17,-22,57,13.160,25839,26737,1389,1565,0
186913,-0.070,0.231,-0.861,-0.052,0.063,0.082,-0.138,-0.717,0.156,-0.665,1384996096.000,-0.000,25739,26880,8,16,57,13.160,26041,26525,1412,1545,0
187013,-0.105,0.197,-0.787,-0.118,0.251,-0.023,-0.147,-0.710,0.168,-0.667,1384996096.000,-0.000,25859,26764,10,1,57,13.160,26041,26525,1412,1545,0
187113,0.484,0.028,-0.736,0.749,0.197,0.101,-0.141,-0.704,0.153,-0.680,1384996096.000,0.000,26883,25736,-13,-23,57,13.160,26041,26525,1412,1545,0
187213,0.178,0.262,-0.928,-0.712,-0.159,0.667,-0.116,-0.703,0.159,-0.684,1384996096.000,0.004,25017,27553,21,42,57,13.140,26315,26385,1464,1461,0
187313,-0.605,0.106,-0.796,-0.786,0.398,-0.096,-0.136,-0.691,0.201,-0.681,1384996096.000,-0.001,24928,27633,33,9,57,13.140,26315,26385,1464,1461,0
187413,-0.143,0.007,-0.847,1.252,0.057,-0.790,-0.153,-0.688,0.168,-0.690,1384996096.000,0.000,27418,25164,-38,-36,58,13.150,27027,25445,1573,1395,0
187513,0.025,0.062,-0.984,-0.176,-0.217,0.444,-0.127,-0.701,0.137,-0.688,1384996096.000,0.000,25221,27366,16,28,58,13.150,27027,25445,1573,1395,0
187613,-0.218,0.032,-0.808,-0.499,0.123,0.128,-0.144,-0.693,0.180,-0.684,1584996096.000,-0.001,27345,28935,8,-5,58,13.150,27027,25445,1573,1395,0
187714,0.015,-0.087,-0.761,1.593,-0.084,-0.249,-0.119,-0.698,0.143,-0.692,1384996096.000,-0.001,26592,26036,-41,-43,57,13.330,26315,26809,1474,1474,0
187814,0.238,-0.184,-0.764,-0.360,-0.192,0.260,-0.095,-0.708,0.123,-0.689,1384996096.000,-0.004,26015,26612,28,25,57,13.330,26315,26809,1474,1474,0
187914,0.298,-0.120,-0.939,-0.010,-0.120,0.402,-0.093,-0.707,0.148,-0.685,1384996096.000,-0.006,25813,26808,-2,-1,57,13.330,26315,26809,1474,1474,0
188014,0.101,-0.063,-0.809,0.473,-0.140,0.213,-0.069,-0.712,0.145,-0.683,1384996096.000,-0.007,25790,26831,-10,-8,57,13.130,25906,26737,1438,1509,0
188114,0.008,0.100,-0.659,-0.089,0.009,0.082,-0.060,-0.714,0.147,-0.682,1384996096.000,-0.002,25872,26751,8,9,57,13.130,25906,26737,1438,1509,0
188213,-0.228,0.062,-0.636,0.310,0.203,0.013,-0.056,-0.710,0.144,-0.687,1384996096.000,-0.003,25513,27094,0,-12,57,13.130,25906,26737,1438,1509,0
188313,-0.633,0.114,-0.618,-0.247,0.110,-0.674,-0.071,-0.707,0.138,-0.690,1384996096.000,-0.001,26117,26512,11,9,57,13.140,25575,27100,1426,1503,0
188413,-0.157,0.052,-0.728,1.014,0.279,-0.649,-0.083,-0.706,0.101,-0.696,1384996096.000,-0.000,27115,25491,-21,-36,57,13.140,25575,27100,1426,1503,0
188513,-0.071,-0.000,-0.810,-0.426,0.061,0.220,-0.071,-0.703,0.078,-0.704,1384996096.000,0.000,25501,27105,26,24,58,13.110,26385,26109,1438,1542,0
188612,0.125,-0.162,-0.719,-0.418,0.009,0.014,-0.097,-0.698,0.115,-0.700,1384996096.000,-0.002,26331,26300,12,1,58,13.110,26385,26109,1438,1542,0
188712,0.984,-0.266,-1.354,1.231,-0.282,0.859,-0.058,-0.704,0.097,-0.701,1384996096.000,-0.011,26477,26153,-33,-29,58,13.110,26385,26109,1438,1542,0
188812,0.109,-0.024,-1.265,-2.247,-0.390,1.192,-0.029,-0.709,0.161,-0.686,1384996096.000,-0.008,23673,28716,68,85,57,13.120,26809,25575,1433,1577,0
188912,-0.530,0.114,-1.015,0.904,0.227,-0.290,-0.061,-0.707,0.209,-0.673,1384996096.000,-0.006,25516,27091,-37,-53,57,13.120,26809,25575,1433,1577,0
189012,-1.057,0.178,-0.669,-0.038,-0.200,-0.819,-0.047,-0.710,0.159,-0.684,1384996096.000,-0.003,25520,27088,3,26,58,13.120,24875,28011,1354,1498,0
189112,-0.355,0.259,-0.653,0.359,-0.001,-0.866,-0.095,-0.723,0.141,-0.669,1384996096.000,-0.002,27146,25457,-17,-12,58,13.120,24875,28011,1354,1498,0
189212,-0.196,0.191,-0.804,0.304,0.200,0.050,-0.077,-0.722,0.102,-0.680,1384996096.000,-0.001,25590,27021,5,1,57,13.150,26666,26109,1408,1503,0
189312,-0.082,0.133,-0.773,-0.484,0.016,-0.118,-0.097,-0.719,0.123,-0.677,1584996096.000,-0.001,27996,28305,12,15,57,13.150,26666,26109,1408,1503,0
189412,0.285,0.050,-1.117,1.043,0.220,0.037,-0.076,-0.717,0.096,-0.686,1384996096.000,-0.000,26617,26010,-19,-31,58,13.010,27932,28169,1616,1579,0
189512,0.443,0.038,-1.097,-0.090,-0.018,0.504,-0.059,-0.715,0.100,-0.690,1384996096.000,-0.001,25992,26635,7,10,58,13.010,27932,28169,1616,1579,0
189612,0.151,0.172,-0.998,0.038,0.256,0.467,-0.043,-0.708,0.122,-0.694,1384996096.000,0.004,25402,27198,5,-3,58,13.120,25510,26954,1422,1588,0
189712,-0.552,-0.041,-0.800,0.104,0.242,-0.041,-0.038,-0.698,0.125,-0.704,1384996096.000,-0.001,24927,27634,8,-9,58,13.120,25510,26954,1422,1588,0
189812,-0.339,-0.078,-0.735,-0.016,0.027,-0.733,-0.060,-0.694,0.117,-0.707,1384996096.000,-0.000,26866,25753,2,-1,58,13.100,26385,26385,1482,1439,0
189912,0.046,-0.065,-0.965,0.457,-0.120,-0.134,-0.061,-0.702,0.084,-0.705,1384996096.000,-0.001,26503,26126,-9,-7,58,13.100,26385,26385,1482,1439,0
190012,0.668,-0.264,-0.839,-0.651,-0.103,0.377,-0.065,-0.703,0.102,-0.701,1384996096.000,-0.009,26756,25867,27,16,58,13.120,26455,26246,1593,1341,0
190112,0.043,-0.071,-1.035,0.028,-0.336,0.659,-0.050,-0.708,0.126,-0.693,1584996096.000,-0.005,26756,29481,-8,8,58,13.120,26455,26246,1593,1341,0
190212,-0.900,0.204,-0.763,-1.361,0.003,-0.306,-0.065,-0.712,0.163,-0.680,1384996096.000,-0.003,24740,27801,40,43,58,13.120,26455,26246,1593,1341,0
190312,-0.309,0.143,-0.741,1.314,0.190,-0.916,-0.091,-0.712,0.128,-0.684,1384996096.000,-0.001,27335,25254,-40,-45,58,13.080,25062,28169,1352,1511,0
190412,-0.098,0.081,-0.899,-0.952,0.010,0.003,-0.091,-0.716,0.105,-0.684,1384996096.000,-0.000,25912,26713,39,40,58,13.080,25062,28169,1352,1511,0
190512,0.036,0.067,-1.136,0.337,0.062,-0.049,-0.111,-0.711,0.123,-0.684,1384996096.000,-0.000,26296,26334,-13,-14,58,13.120,25906,26737,1466,1493,0
190612,0.892,-0.237,-1.171,0.059,-0.072,0.340,-0.099,-0.712,0.116,-0.685,1384996096.000,-0.007,27299,25294,11,-4,58,13.120,25906,26737,1466,1493,0
190712,0.548,-0.309,-1.434,-0.418,-0.219,0.902,-0.082,-0.711,0.143,-0.683,1384996096.000,-0.016,25423,27179,18,14,58,13.110,26954,25706,1472,1475,0
190812,-0.147,-0.164,-1.269,-0.502,-0.262,0.288,-0.077,-0.714,0.188,-0.670,1384996096.000,-0.017,25158,27424,10,15,58,13.110,26954,25706,1472,1475,0
190912,-0.513,0.052,-0.954,0.138,-0.001,-0.300,-0.082,-0.717,0.193,-0.665,1384996096.000,-0.010,25588,27023,-5,-2,58,13.100,25575,27027,1382,1566,0
191012,-0.520,0.155,-0.693,-0.147,-0.057,-0.449,-0.094,-0.723,0.178,-0.661,1384996096.000,-0.007,25961,26665,5,11,58,13.100,25575,27027,1382,1566,0
191112,-0.204,0.134,-0.863,0.176,0.244,-0.386,-0.112,-0.723,0.164,-0.662,1384996096.000,-0.003,26429,26202,2,-9,58,13.090,26525,26315,1439,1466,0
191212,-0.063,-0.124,-0.862,-0.051,0.072,-0.036,-0.117,-0.719,0.152,-0.669,1384996096.000,-0.004,26007,26620,13,1,58,13.090,26525,26315,1439,1466,0
191312,-0.093,0.236,-0.874,-0.156,-0.033,0.020,-0.123,-0.717,0.158,-0.667,1384996096.000,-0.000,25813,26808,-3,17,58,13.090,26525,26315,1439,1466,0
191412,-0.218,0.212,-0.733,0.041,0.301,-0.166,-0.127,-0.714,0.159,-0.670,1384996096.000,-0.001,25918,26707,7,-4,58,13.110,25906,26737,1439,1515,0
191512,-0.089,0.115,-0.845,0.263,0.244,-0.147,-0.130,-0.706,0.144,-0.681,1384996096.000,-0.000,26161,26469,0,-7,58,13.110,25906,26737,1439,1515,0
191612,0.055,-0.061,-0.977,-0.052,0.014,0.024,-0.129,-0.703,0.137,-0.686,1384996096.000,-0.000,26103,26526,10,5,58,13.090,26178,26315,1457,1536,0
191712,0.493,-0.304,-1.165,0.387,0.040,0.249,-0.123,-0.700,0.136,-0.690,1384996096.000,-0.005,26586,26042,1,-17,58,13.090,26178,26315,1457,1536,0
191812,0.590,-0.321,-1.300,-0.372,-0.348,0.497,-0.103,-0.703,0.147,-0.688,1384996096.000,-0.012,26280,26351,16,21,59,13.110,25839,26246,1440,1654,0
191912,0.247,-0.241,-1.355,-0.068,-0.123,0.506,-0.088,-0.707,0.171,-0.681,1384996096.000,-0.015,25512,27095,9,0,59,13.110,25839,26246,1440,1654,0
192012,-0.164,-0.163,-1.039,-0.063,-0.180,0.074,-0.081,-0.708,0.186,-0.676,1384996096.000,-0.014,25521,27087,3,4,59,13.110,25839,26246,1440,1654,0
192112,-0.324,-0.022,-0.813,-0.070,-0.233,-0.281,-0.085,-0.715,0.187,-0.668,1384996096.000,-0.011,25939,26686,-1,9,58,13.070,25510,27027,1459,1520,0
192212,-0.270,0.050,-0.727,0.419,-0.020,-0.336,-0.088,-0.724,0.169,-0.663,1384996096.000,-0.008,26175,26455,-8,-10,58,13.070,25510,27027,1459,1520,0
192313,-0.104,0.009,-0.759,0.120,0.037,-0.183,-0.086,-0.727,0.150,-0.665,1384996096.000,-0.007,26223,26408,5,1,58,13.070,26246,26178,1479,1534,0
192413,-0.021,0.032,-1.067,-0.087,0.104,-0.083,-0.091,-0.727,0.146,-0.665,1384996096.000,-0.005,26199,26431,10,2,58,13.070,26246,26178,1479,1534,0
192513,0.027,-0.061,-1.263,0.069,0.329,-0.041,-0.095,-0.719,0.142,-0.674,1384996096.000,-0.005,26226,26404,12,-10,58,13.070,26246,26178,1479,1534,0
192613,-0.321,0.165,-1.339,-0.620,0.182,-0.307,-0.110,-0.711,0.149,-0.679,1384996096.000,-0.001,26008,26619,21,19,59,13.100,25906,26525,1385,1624,0
192713,-0.054,0.074,-1.136,0.536,0.351,-0.299,-0.128,-0.703,0.136,-0.687,1384996096.000,-0.000,26589,26038,-8,-24,59,13.100,25906,26525,1385,1624,0
192813,0.394,-0.345,-1.207,-0.351,0.031,0.086,-0.127,-0.698,0.127,-0.693,1384996096.000,-0.003,26757,25866,29,5,59,13.070,26525,26109,1506,1457,0
192913,0.286,-0.520,-1.251,-0.113,-0.130,0.451,-0.126,-0.695,0.148,-0.693,1384996096.000,-0.009,25771,26849,14,-5,59,13.070,26525,26109,1506,1457,0
193013,0.059,-0.361,-1.065,-0.108,-0.527,0.248,-0.115,-0.705,0.166,-0.680,1384996096.000,-0.011,25680,26936,0,10,59,13.070,26525,26109,1506,1457,0
193113,-0.027,-0.130,-0.766,0.323,-0.153,0.086,-0.103,-0.716,0.169,-0.670,1384996096.000,-0.009,25824,26798,-3,-9,59,13.060,25906,26881,1419,1507,0
193213,-0.314,0.177,-0.663,0.073,-0.134,-0.011,-0.093,-0.721,0.163,-0.667,1384996096.000,-0.003,25381,27218,-2,11,59,13.060,25906,26881,1419,1507,0
193314,-0.406,0.262,-0.523,0.132,0.301,-0.490,-0.103,-0.721,0.155,-0.668,1384996096.000,-0.002,26206,26425,5,-8,58,13.050,25974,26881,1469,1440,0
193414,-0.129,0.125,-0.663,0.958,0.358,-0.269,-0.097,-0.713,0.114,-0.685,1384996096.000,-0.000,26365,26265,-14,-28,58,13.050,25974,26881,1469,1440,0
193514,0.172,-0.094,-0.750,0.024,0.024,0.241,-0.085,-0.710,0.103,-0.691,1384996096.000,-0.002,25946,26680,11,4,58,13.050,25974,26881,1469,1440,0
193613,0.091,-0.151,-0.820,0.199,0.214,0.238,-0.076,-0.705,0.113,-0.696,1384996096.000,-0.004,25759,26860,8,-15,59,13.050,25906,26737,1443,1516,0
193713,-0.175,-0.057,-0.613,0.088,-0.032,0.048,-0.065,-0.700,0.110,-0.703,1301858816.000,-0.001,24730,26273,2,3,59,13.050,25906,26737,1443,1516,0
193813,-0.172,0.040,-0.670,0.299,0.019,-0.253,-0.068,-0.704,0.102,-0.699,1224211840.000,-0.000,24671,24811,-3,-10,59,13.050,25906,26737,1443,1516,0
193913,-0.068,-0.023,-0.956,0.449,0.226,-0.164,-0.061,-0.700,0.080,-0.707,1384996096.000,0.000,26258,26373,1,-16,59,13.160,24570,25000,1428,1350,0
194012,0.097,-0.137,-1.088,-0.122,0.012,0.080,-0.059,-0.697,0.076,-0.710,1384996096.000,-0.001,26096,26533,14,3,59,13.160,24570,25000,1428,1350,0
194112,0.686,-0.429,-1.051,0.603,0.037,0.439,-0.045,-0.695,0.076,-0.714,1384996096.000,-0.012,26633,25993,-4,-30,59,13.040,27100,25641,1503,1397,0
194212,0.354,-0.398,-0.989,-0.564,-0.459,0.939,-0.010,-0.700,0.097,-0.707,1384996096.000,-0.019,24819,27731,22,27,59,13.040,27100,25641,1503,1397,0
194312,0.037,-0.291,-0.665,-0.147,-0.200,0.057,-0.014,-0.709,0.137,-0.691,1384996096.000,-0.022,25987,26640,4,-8,59,13.040,27100,25641,1503,1397,0
194412,-0.800,-0.024,-0.734,0.333,-0.209,-0.029,0.005,-0.714,0.115,-0.690,1384996096.000,-0.007,24344,28149,-7,3,59,13.080,26041,26737,1471,1467,0
194512,-0.732,0.258,-0.676,-0.889,-0.047,-1.140,-0.045,-0.726,0.126,-0.675,1384996096.000,-0.004,26886,25732,19,24,59,13.080,26041,26737,1471,1467,0
194612,-0.047,0.077,-1.038,1.620,0.217,-0.402,-0.043,-0.726,0.062,-0.684,1384996096.000,-0.001,26894,25723,-37,-52,59,13.030,27027,25380,1601,1406,0
194712,0.124,-0.050,-1.028,-1.374,-0.183,0.539,-0.037,-0.725,0.072,-0.684,1384996096.000,-0.004,25270,27320,48,54,59,13.030,27027,25380,1601,1406,0
194812,-0.001,0.012,-0.813,0.294,-0.064,-0.023,-0.056,-0.728,0.107,-0.674,1384996096.000,-0.005,26159,26471,-17,-20,59,13.040,25380,26954,1508,1527,0
194912,-0.007,0.007,-0.737,0.000,-0.093,0.041,-0.039,-0.730,0.090,-0.676,1384996096.000,-0.005,26017,26610,6,8,59,13.040,25380,26954,1508,1527,0
195012,-0.014,0.039,-0.789,-0.246,0.003,-0.026,-0.052,-0.732,0.105,-0.671,1384996096.000,-0.005,26129,26500,8,3,59,13.020,25839,26666,1491,1508,0
195112,0.013,0.036,-1.027,0.267,0.079,-0.031,-0.047,-0.730,0.096,-0.675,1384996096.000,-0.004,26210,26420,-2,-9,59,13.020,25839,26666,1491,1508,0
195212,0.136,0.254,-1.034,-0.236,-0.001,0.109,-0.049,-0.729,0.101,-0.675,1384996096.000,0.001,26180,26450,4,15,59,13.040,25906,26666,1561,1427,0
195312,0.053,0.196,-1.050,0.088,0.351,0.136,-0.047,-0.722,0.107,-0.682,1384996096.000,0.000,25940,26686,7,-10,59,13.040,25906,26666,1561,1427,0
195412,0.142,0.106,-0.822,0.020,0.222,0.114,-0.043,-0.711,0.109,-0.693,1384996096.000,0.001,26170,26460,6,-2,59,13.040,25906,26595,1507,1496,0
195512,0.061,0.068,-0.865,-0.137,0.101,0.121,-0.042,-0.706,0.115,-0.698,1384996096.000,0.000,25982,26645,9,4,59,13.040,25906,26595,1507,1496,0
195612,0.006,0.077,-1.090,-0.136,0.182,0.034,-0.045,-0.701,0.123,-0.701,1384996096.000,0.002,26037,26590,10,-1,59,13.050,26041,26666,1468,1485,0
195712,0.010,0.017,-0.991,-0.083,0.161,-0.009,-0.049,-0.693,0.125,-0.708,1384996096.000,0.002,26139,26490,9,-1,59,13.050,26041,26666,1468,1485,0
195812,-0.013,-0.030,-0.889,-0.184,-0.029,0.050,-0.053,-0.691,0.131,-0.709,1384996096.000,0.000,25961,26665,9,5,59,13.050,26041,26666,1468,1485,0
195912,-0.021,-0.022,-1.123,0.036,-0.018,0.006,-0.056,-0.692,0.135,-0.707,1384996096.000,0.001,26031,26596,2,-3,59,13.030,26178,26737,1418,1480,0
196012,0.092,-0.157,-1.022,0.124,-0.030,0.052,-0.051,-0.693,0.132,-0.707,1384996096.000,-0.005,26159,26471,6,-7,59,13.030,26178,26737,1418,1480,0
196112,0.259,-0.268,-1.060,0.034,-0.202,0.157,-0.044,-0.696,0.132,-0.704,1384996096.000,-0.012,26297,26333,6,-2,59,13.030,26246,26315,1453,1536,0
196212,0.085,-0.209,-1.031,-0.183,-0.333,0.320,-0.033,-0.704,0.141,-0.696,1384996096.000,-0.013,25567,27043,7,10,59,13.030,26246,26315,1453,1536,0
196312,-0.098,-0.085,-0.753,0.022,-0.177,0.003,-0.033,-0.712,0.155,-0.684,1384996096.000,-0.012,25817,26805,0,-2,60,13.030,25641,27027,1448,1529,0
196412,-1.035,0.211,-0.546,-0.043,-0.031,-0.534,-0.038,-0.716,0.148,-0.681,1384996096.000,-0.004,24950,27614,-1,8,60,13.030,25641,27027,1448,1529,0
196512,-0.547,0.213,-0.574,0.361,0.120,-0.939,-0.061,-0.721,0.123,-0.679,1384996096.000,-0.002,26862,25757,-9,-12,59,13.010,25575,27173,1502,1435,0
196612,-0.104,0.142,-0.778,0.658,0.191,-0.261,-0.058,-0.720,0.072,-0.688,1384996096.000,-0.000,26448,26182,-7,-14,59,13.010,25575,27173,1502,1435,0
196712,-0.076,0.114,-0.820,-0.493,0.076,0.037,-0.061,-0.717,0.071,-0.691,1384996096.000,-0.000,25871,26752,21,18,60,13.010,25974,26737,1452,1503,0
196812,0.156,0.025,-0.734,0.643,0.208,-0.022,-0.065,-0.711,0.070,-0.696,1384996096.000,0.000,26507,26123,-12,-27,60,13.010,25974,26737,1452,1503,0
196912,0.519,-0.104,-0.736,0.053,-0.066,0.520,-0.041,-0.709,0.059,-0.702,1384996096.000,-0.002,26176,26454,8,5,60,13.010,25974,26737,1452,1503,0
197012,0.181,-0.122,-0.708,-0.578,-0.093,0.529,-0.030,-0.710,0.091,-0.698,1384996096.000,-0.005,25388,27211,21,15,59,12.960,26246,26246,1439,1569,0
197112,0.022,-0.121,-0.620,0.297,0.037,-0.049,-0.032,-0.709,0.109,-0.696,1384996096.000,-0.007,26249,26382,-6,-19,59,12.960,26246,26246,1439,1569,0
197212,0.063,-0.135,-0.638,0.149,-0.239,0.009,-0.020,-0.712,0.093,-0.696,1384996096.000,-0.007,26235,26396,-1,4,60,13.020,26525,26109,1451,1526,0
197312,-0.229,0.028,-0.628,-0.759,-0.198,-0.088,-0.030,-0.721,0.107,-0.683,1384996096.000,-0.005,25783,26837,22,26,60,13.020,26525,26109,1451,1526,0
197412,-0.172,0.087,-0.601,0.364,0.179,-0.401,-0.049,-0.722,0.107,-0.682,1384996096.000,-0.003,26562,26066,-8,-22,60,13.020,26385,26041,1472,1558,0
197512,0.378,-0.021,-0.736,0.167,-0.088,0.139,-0.040,-0.721,0.083,-0.687,1384996096.000,-0.003,26644,25983,2,3,60,13.020,26385,26041,1472,1558,0
197612,0.143,0.014,-0.895,-0.727,0.010,0.484,-0.036,-0.722,0.106,-0.683,1384996096.000,-0.005,25398,27202,28,21,60,13.020,26385,26041,1472,1558,0
197713,-0.295,0.045,-0.612,-0.127,0.094,-0.116,-0.048,-0.717,0.132,-0.683,1384996096.000,-0.005,25690,26926,3,-4,59,13.010,25575,26954,1413,1582,0
197813,-0.414,0.168,-0.636,0.060,-0.008,-0.428,-0.054,-0.717,0.115,-0.685,1384996096.000,-0.001,26094,26535,-1,5,59,13.010,25575,26954,1413,1582,0
197913,-0.146,0.159,-0.812,-0.193,0.124,-0.362,-0.074,-0.718,0.104,-0.684,1384996096.000,-0.000,26547,26082,10,4,60,13.010,26595,26178,1493,1451,0
198013,-0.027,0.100,-1.213,0.116,0.211,0.018,-0.079,-0.712,0.096,-0.691,1384996096.000,-0.000,26022,26606,4,-6,60,13.010,26595,26178,1493,1451,0
198113,0.207,-0.004,-0.961,-0.131,-0.108,-0.007,-0.081,-0.710,0.099,-0.692,1384996096.000,-0.001,26564,26065,4,7,60,13.010,26595,26178,1493,1451,0
198213,0.534,-0.109,-1.361,0.342,0.059,0.272,-0.073,-0.711,0.099,-0.692,1384996096.000,-0.003,26703,25922,0,-16,60,12.990,26385,25906,1537,1532,0
198313,0.215,-0.178,-1.175,-0.139,-0.184,0.669,-0.046,-0.710,0.108,-0.694,1384996096.000,-0.008,25080,27495,13,15,60,12.990,26385,25906,1537,1532,0
198413,-0.012,-0.144,-0.847,-0.422,-0.274,0.041,-0.049,-0.717,0.140,-0.681,1384996096.000,-0.013,25954,26672,9,11,60,12.990,26385,25906,1537,1532,0
198513,-0.272,0.031,-0.854,0.806,0.002,-0.148,-0.041,-0.722,0.121,-0.680,1384996096.000,-0.006,25823,26799,-20,-24,60,12.980,25773,26809,1502,1489,0
198614,-0.659,0.241,-0.751,-1.042,-0.107,-0.324,-0.048,-0.725,0.121,-0.677,1384996096.000,-0.003,25311,27283,32,45,60,12.980,25773,26809,1502,1489,0
198714,-0.150,0.198,-0.669,0.919,0.418,-0.826,-0.083,-0.722,0.104,-0.678,1384996096.000,-0.001,27479,25098,-23,-45,60,12.990,26954,25575,1590,1408,0
198814,0.408,0.144,-1.349,0.673,0.139,0.283,-0.049,-0.717,0.050,-0.693,1384996096.000,0.001,26460,26170,-6,-5,60,12.990,26954,25575,1590,1408,0
198913,0.249,0.191,-1.297,-1.304,0.126,0.703,-0.048,-0.711,0.098,-0.695,1384996096.000,0.003,25154,27427,42,41,60,12.990,26954,25575,1590,1408,0
199013,0.355,0.179,-1.088,1.150,0.379,0.140,-0.042,-0.699,0.110,-0.707,1384996096.000,0.007,26500,26129,-34,-50,60,13.000,25906,26954,1463,1461,0
199113,0.173,0.081,-1.276,-0.174,0.166,0.547,-0.005,-0.689,0.097,-0.719,1384996096.000,0.008,25318,27277,20,14,60,13.000,25906,26954,1463,1461,0
199213,-0.050,0.090,-1.045,-0.281,0.153,-0.014,-0.026,-0.683,0.139,-0.716,1384996096.000,0.010,25985,26642,6,-3,60,13.000,25906,26954,1463,1461,0
199312,0.058,-0.028,-0.938,0.668,0.091,-0.053,-0.010,-0.678,0.112,-0.726,1384996096.000,0.007,26316,26314,-10,-19,60,12.980,25839,26666,1499,1518,0
199412,-1.040,-0.140,-0.927,-0.546,-0.099,0.169,-0.011,-0.680,0.122,-0.723,1384996096.000,0.005,23367,28965,23,16,60,12.980,25839,26666,1499,1518,0
199512,-0.788,-0.116,-0.701,-0.159,0.137,-1.131,-0.048,-0.680,0.134,-0.719,1381074560.000,0.003,26713,25836,6,-12,60,12.980,23696,28571,1405,1602,0
199612,-0.103,-0.108,-0.939,1.284,-0.283,-0.466,-0.041,-0.692,0.059,-0.719,1257937280.000,0.000,25694,24449,-33,-24,60,12.980,23696,28571,1405,1602,0
199712,-0.113,-0.044,-0.929,-1.049,-0.088,0.149,-0.049,-0.698,0.069,-0.711,1370094080.000,0.000,25435,26891,39,34,60,12.960,25316,26525,1496,1552,0
199812,0.299,-0.268,-0.868,0.732,-0.102,-0.046,-0.055,-0.700,0.075,-0.708,1384996096.000,-0.004,26867,25752,-20,-33,60,12.960,25316,26525,1496,1552,0
199912,0.259,-0.329,-1.070,-0.606,-0.503,0.613,-0.030,-0.711,0.075,-0.699,1384996096.000,-0.010,25402,27198,23,31,60,12.960,25316,26525,1496,1552,0
200012,0.051,-0.166,-0.817,-0.237,-0.390,0.087,-0.045,-0.724,0.117,-0.678,1384996096.000,-0.012,26034,26594,-3,2,60,12.960,25510,26954,1449,1567,0
200112,0.029,-0.085,-0.847,-0.006,-0.313,0.037,-0.034,-0.734,0.110,-0.669,1384996096.000,-0.012,26095,26534,1,7,60,12.960,25510,26954,1449,1567,0
200212,0.026,0.051,-0.899,-0.303,-0.233,0.030,-0.045,-0.743,0.125,-0.656,1384996096.000,-0.011,26098,26530,4,11,60,12.960,25974,26595,1509,1494,0
200312,0.000,0.168,-0.775,0.093,-0.022,0.048,-0.042,-0.746,0.126,-0.652,1384996096.000,-0.008,26004,26623,-3,0,60,12.960,25974,26595,1509,1494,0
200412,-0.081,0.212,-0.903,-0.120,0.070,0.033,-0.043,-0.745,0.129,-0.653,1384996096.000,-0.007,25847,26775,5,6,60,12.940,26109,26666,1450,1502,0
200512,-0.532,0.390,-0.720,-0.363,0.242,-0.221,-0.052,-0.740,0.133,-0.658,1384996096.000,-0.004,25367,27231,12,14,60,12.940,26109,26666,1450,1502,0
200612,-0.306,0.284,-0.762,0.588,0.429,-0.668,-0.071,-0.732,0.110,-0.669,1384996096.000,-0.002,26807,25815,-12,-25,60,12.960,25510,27173,1448,1518,0
200712,-0.088,0.185,-0.898,-0.132,0.199,-0.094,-0.070,-0.724,0.083,-0.681,1384996096.000,-0.000,26109,26520,13,12,60,12.960,25510,27173,1448,1518,0
200812,-0.063,0.121,-1.049,-0.071,0.292,-0.042,-0.083,-0.715,0.092,-0.688,1384996096.000,-0.000,26040,26588,8,-5,60,12.930,26178,26315,1432,1590,0
200912,-0.023,0.047,-0.994,0.136,0.152,-0.022,-0.080,-0.708,0.084,-0.697,1384996096.000,-0.000,26088,26541,2,-4,60,12.930,26178,26315,1432,1590,0
201134,0.880,-0.140,-1.265,0.404,0.009,0.671,-0.062,-0.699,0.084,-0.707,1384996096.000,-0.004,26603,26024,-3,-11,60,12.960,26109,26595,1449,1522,0
201471,-1.400,0.100,-0.463,-0.459,-0.238,-0.146,-0.013,-0.701,0.157,-0.695,1384996096.000,-0.001,23292,29026,9,22,60,12.950,25575,26954,1513,1502,0
201697,-0.084,0.117,-1.064,-0.554,0.002,-0.040,-0.043,-0.719,0.053,-0.692,1384996096.000,-0.000,26109,26520,34,33,60,12.950,27472,25125,1576,1398,0
201922,-0.064,0.071,-0.979,0.093,-0.009,-0.006,-0.061,-0.712,0.069,-0.696,1384996096.000,-0.000,26025,26603,2,3,60,12.940,26041,26525,1465,1540,0
202135,0.184,0.074,-0.792,-1.417,0.093,-0.011,-0.132,-0.701,0.145,-0.686,1384996096.000,0.008,26495,26135,-52,-39,60,12.900,25706,26809,1494,1526,0
202472,-0.138,0.264,-0.848,1.223,0.466,-0.164,-0.082,-0.656,0.220,-0.717,1384996096.000,0.030,26085,26543,-39,-53,61,12.930,26525,26109,1367,1621,0
202702,-0.646,-0.164,-0.640,-0.194,0.072,-1.224,-0.128,-0.655,0.209,-0.715,1384996096.000,0.004,27238,25359,6,-9,61,12.920,25839,26525,1513,1542,0
202812,1.279,-0.527,-1.011,1.756,-0.464,0.083,-0.108,-0.682,0.125,-0.712,1384996096.000,-0.020,28697,23695,-39,-43,61,12.900,28409,23980,1705,1254,0
202817,1.279,-0.527,-1.011,1.756,-0.464,0.083,-0.108,-0.682,0.125,-0.712,1384996096.000,-0.021,27608,24956,-16,-24,61,12.900,28409,23980,1705,1254,0
202833,1.231,-0.521,-1.105,0.823,-0.362,0.919,-0.095,-0.686,0.120,-0.711,1384996096.000,-0.021,26976,25638,0,-12,61,12.900,28409,23980,1705,1254,0
202844,1.171,-0.511,-1.082,0.533,-0.290,1.182,-0.089,-0.687,0.120,-0.711,1384996096.000,-0.021,26311,26320,11,-5,61,12.900,28409,23980,1705,1254,0
202850,1.133,-0.533,-1.153,0.533,-0.290,1.182,-0.083,-0.688,0.122,-0.711,1384996096.000,-0.023,26231,26399,9,-8,61,12.900,28409,23980,1705,1254,0
202855,1.133,-0.533,-1.153,0.533,-0.290,1.182,-0.083,-0.688,0.122,-0.711,1384996096.000,-0.023,26231,26399,9,-8,61,12.900,28409,23980,1705,1254,0
202861,1.036,-0.525,-1.168,0.067,-0.238,1.426,-0.078,-0.688,0.127,-0.710,1384996096.000,-0.024,25504,27103,26,6,61,12.900,28409,23980,1705,1254,0
202865,1.036,-0.525,-1.168,0.067,-0.238,1.426,-0.078,-0.688,0.127,-0.710,1384996096.000,-0.024,25504,27103,26,6,61,12.900,28409,23980,1705,1254,0
202875,0.927,-0.518,-1.232,-1.242,-0.214,1.709,-0.074,-0.687,0.135,-0.710,1384996096.000,-0.024,24631,27898,71,51,61,12.900,28409,23980,1705,1254,0
202884,0.811,-0.508,-1.244,-1.669,-0.216,1.754,-0.073,-0.686,0.145,-0.709,1384996096.000,-0.025,24249,28231,80,62,61,12.900,28409,23980,1705,1254,0
202893,0.690,-0.495,-1.193,-1.951,-0.286,1.762,-0.072,-0.685,0.156,-0.708,1384996096.000,-0.025,23935,28498,81,69,61,12.900,28409,23980,1705,1254,0
202901,0.570,-0.480,-1.201,-1.951,-0.286,1.762,-0.072,-0.684,0.169,-0.706,1384996096.000,-0.025,23634,28748,75,64,61,12.900,28409,23980,1705,1254,0
202912,0.453,-0.459,-1.186,-2.282,-0.349,1.724,-0.073,-0.683,0.182,-0.703,1384996096.000,-0.026,23423,28920,79,74,61,12.900,28409,23980,1705,1254,0
203012,0.004,-0.218,-0.987,0.248,-0.351,-0.170,-0.097,-0.686,0.263,-0.671,1384996096.000,-0.025,26489,26140,-27,-26,61,12.900,28409,23980,1705,1254,0
203112,0.035,-0.297,-0.991,0.654,-0.292,-0.010,-0.054,-0.701,0.209,-0.679,1384996096.000,-0.030,26273,26358,-5,-8,61,12.890,26595,25906,1570,1446,0
203212,-0.192,-0.186,-0.747,-1.577,-0.473,-0.091,-0.089,-0.710,0.253,-0.652,1384996096.000,-0.033,25930,26695,36,49,61,12.890,26595,25906,1570,1446,0
203312,-1.233,0.574,-0.600,0.794,-0.324,-0.350,-0.092,-0.726,0.244,-0.636,1384996096.000,-0.010,24179,28291,-50,-3,60,12.880,25445,27247,1185,1761,0
203412,-0.574,0.570,-0.563,-1.102,0.321,-1.458,-0.141,-0.735,0.233,-0.621,1384996096.000,-0.007,27876,24656,34,30,60,12.880,25445,27247,1185,1761,0
203512,0.064,0.429,-1.178,1.458,0.318,-0.362,-0.156,-0.736,0.173,-0.636,1384996096.000,0.001,27132,25473,-44,-40,60,12.880,25445,27247,1185,1761,0
203612,-0.043,0.395,-1.187,-1.851,0.097,0.289,-0.160,-0.728,0.188,-0.639,1384996096.000,-0.000,25521,27087,59,72,61,12.900,26109,26525,1491,1511,0
203712,0.072,0.304,-0.914,0.451,0.414,-0.212,-0.203,-0.710,0.217,-0.639,1384996096.000,0.001,26817,25804,-22,-32,61,12.900,26109,26525,1491,1511,0
203812,0.010,0.239,-0.830,0.326,0.127,0.249,-0.170,-0.711,0.183,-0.657,1384996096.000,0.000,25741,26878,-1,6,61,12.900,26109,26525,1491,1511,0
203912,-0.105,0.207,-0.803,-1.097,0.221,0.074,-0.196,-0.697,0.221,-0.654,1384996096.000,-0.000,25806,26815,33,29,61,12.870,25906,26954,1420,1522,0
204012,-0.037,0.107,-0.732,1.052,0.346,-0.132,-0.194,-0.690,0.205,-0.667,1384996096.000,-0.000,26389,26242,-25,-38,61,12.870,25906,26954,1420,1522,0
204112,-0.092,0.075,-0.786,-0.518,-0.087,0.202,-0.182,-0.689,0.195,-0.674,1584996096.000,-0.000,27432,28853,20,32,60,12.890,25641,26881,1476,1548,0
204212,-0.134,0.073,-0.764,-0.003,0.166,-0.083,-0.198,-0.682,0.216,-0.670,1584996096.000,-0.000,27877,28423,1,-8,60,12.890,25641,26881,1476,1548,0
204312,-0.051,0.032,-1.113,0.487,-0.004,-0.066,-0.184,-0.685,0.191,-0.679,1480682368.000,-0.000,27066,27352,-9,-5,60,12.890,25641,26881,1476,1548,0
204412,0.063,0.069,-0.803,-0.436,-0.111,0.120,-0.187,-0.687,0.200,-0.674,1384996096.000,0.000,26013,26614,13,21,61,12.970,26385,26737,1483,1492,0
204512,-0.011,0.041,-0.672,0.204,0.157,0.077,-0.186,-0.682,0.204,-0.677,1584996096.000,0.000,27793,28505,-1,-9,61,12.970,26385,26737,1483,1492,0
204612,0.272,0.092,-1.171,-0.097,-0.232,0.041,-0.181,-0.683,0.204,-0.677,1384996096.000,0.001,26586,26042,-3,18,61,12.780,27700,28409,1310,1027,0
204712,0.627,0.177,-1.242,0.427,0.017,0.386,-0.171,-0.688,0.207,-0.674,1384996096.000,0.004,26664,25962,-12,-9,61,12.780,27700,28409,1310,1027,0
204812,0.174,0.140,-1.054,-0.591,0.190,0.811,-0.143,-0.675,0.225,-0.688,1384996096.000,0.006,24730,27811,28,24,61,12.780,27700,28409,1310,1027,0
204912,-0.989,0.065,-0.831,-1.119,0.059,-0.397,-0.168,-0.663,0.268,-0.679,1384996096.000,0.002,24746,27797,31,30,61,12.870,24875,27624,1190,1805,0
205012,-0.263,0.013,-0.867,1.767,0.087,-1.031,-0.190,-0.675,0.216,-0.680,1384996096.000,0.000,27687,24868,-54,-56,61,12.870,24875,27624,1190,1805,0
205112,-0.124,0.034,-1.047,-0.867,-0.123,0.312,-0.169,-0.687,0.183,-0.683,1384996096.000,-0.000,25214,27373,41,49,61,12.880,26737,26109,1463,1487,0
205212,-0.220,0.060,-0.992,-0.429,0.037,-0.104,-0.206,-0.675,0.232,-0.669,1384996096.000,-0.000,25828,26793,4,2,61,12.880,26737,26109,1463,1487,0
205312,0.021,0.017,-1.031,0.796,-0.119,-0.110,-0.186,-0.686,0.199,-0.675,1584996096.000,-0.000,28203,28099,-20,-12,61,12.430,28089,27777,1628,1597,0
205412,-0.059,0.110,-1.536,-0.996,-0.080,0.216,-0.194,-0.686,0.220,-0.666,1518329472.000,-0.000,26759,28325,30,37,61,12.430,28089,27777,1628,1597,0
205512,0.006,0.098,-1.263,0.488,0.027,-0.134,-0.199,-0.683,0.224,-0.666,1407741184.000,0.000,26562,26499,-18,-15,61,12.850,26178,26809,1582,1513,0
205612,0.543,0.347,-0.991,0.339,-0.178,0.314,-0.184,-0.690,0.213,-0.667,1538721536.000,0.007,28002,27470,-18,10,61,12.850,26178,26809,1582,1513,0
205712,0.426,0.712,-1.434,-0.554,0.432,0.987,-0.166,-0.676,0.244,-0.675,1384996096.000,0.030,24889,27668,19,25,61,12.870,25510,26954,1390,1682,0
205812,-0.013,0.590,-1.171,-0.346,0.479,0.280,-0.170,-0.646,0.282,-0.689,1384996096.000,0.038,25403,27197,7,10,61,12.870,25510,26954,1390,1682,0
205912,-0.151,0.320,-1.016,0.546,0.234,-0.006,-0.165,-0.636,0.270,-0.704,1384996096.000,0.028,25719,26899,-14,-11,61,12.850,25839,27100,1449,1477,0
206012,-1.174,-0.158,-0.728,-1.458,-0.040,-0.528,-0.175,-0.631,0.276,-0.704,1384996096.000,0.009,24626,27902,52,49,61,12.850,25839,27100,1449,1477,0
206112,-0.389,-0.063,-0.802,1.461,-0.450,-1.274,-0.226,-0.650,0.258,-0.678,1384996096.000,0.001,27929,24596,-64,-38,61,12.850,25839,27100,1449,1477,0
206212,0.434,0.049,-1.275,-0.868,-0.071,0.463,-0.203,-0.680,0.214,-0.671,1384996096.000,0.001,26153,26477,44,45,61,12.830,27777,24691,1572,1444,0
206312,0.538,0.150,-1.198,-0.449,-0.193,0.372,-0.232,-0.659,0.278,-0.659,1384996096.000,0.004,26543,26086,-8,14,61,12.830,27777,24691,1572,1444,0
206412,0.802,0.201,-1.193,0.438,-0.027,1.016,-0.195,-0.664,0.281,-0.666,1384996096.000,0.009,25804,26817,-9,-1,61,12.850,26666,26178,1471,1481,0
206512,0.171,0.004,-0.942,-1.862,-0.170,0.706,-0.191,-0.639,0.347,-0.660,1384996096.000,-0.006,24996,27572,49,60,61,12.850,26666,26178,1471,1481,0
206612,0.127,0.068,-0.728,1.073,-0.271,-0.087,-0.197,-0.637,0.374,-0.645,1384996096.000,-0.008,26576,26053,-48,-29,61,12.820,25445,27322,1496,1474,0
206712,-0.311,0.157,-0.926,-0.557,-0.274,0.298,-0.165,-0.651,0.356,-0.650,1384996096.000,-0.005,24801,27747,19,43,61,12.820,25445,27322,1496,1474,0
206812,-0.210,0.248,-0.634,-0.639,0.120,-0.384,-0.196,-0.645,0.396,-0.624,1384996096.000,-0.007,26395,26236,12,14,61,12.850,24752,27855,1453,1533,0
206912,-0.061,-0.239,-0.736,1.191,0.147,-0.180,-0.193,-0.653,0.358,-0.639,1384996096.000,-0.027,26356,26274,-20,-36,61,12.850,24752,27855,1453,1533,0
207012,-1.396,0.403,-0.735,-1.706,-0.461,-0.064,-0.200,-0.656,0.369,-0.627,1384996096.000,-0.005,23292,29026,30,87,61,12.820,23980,28735,1260,1640,0
207112,-0.655,0.421,-0.724,0.480,0.992,-1.594,-0.274,-0.653,0.378,-0.596,1384996096.000,-0.004,27990,24526,-6,-46,61,12.820,23980,28735,1260,1640,0
207212,-0.030,0.189,-1.496,1.700,0.183,-0.321,-0.252,-0.677,0.271,-0.637,1384996096.000,-0.000,26837,25783,-38,-24,61,12.820,23980,28735,1260,1640,0
207312,-0.212,0.172,-1.280,-2.397,0.209,0.259,-0.279,-0.655,0.315,-0.627,1384996096.000,-0.001,25142,27439,75,77,61,12.790,26595,26178,1382,1593,0
207412,-0.106,0.062,-1.073,1.399,0.292,-0.276,-0.297,-0.642,0.313,-0.633,1384996096.000,-0.000,26499,26131,-43,-48,61,12.790,26595,26178,1382,1593,0
207512,-0.078,0.065,-1.248,-0.618,-0.164,0.108,-0.280,-0.652,0.294,-0.641,1384996096.000,-0.000,25747,26872,23,42,61,12.820,26315,26595,1467,1478,0
207612,-0.085,0.073,-1.002,0.092,0.058,-0.038,-0.299,-0.643,0.314,-0.631,1584996096.000,-0.000,27875,28425,-5,-2,61,12.820,26315,26595,1467,1478,0
207712,0.025,0.077,-1.193,0.181,-0.104,0.038,-0.284,-0.651,0.299,-0.638,1384996096.000,0.000,26082,26547,-3,11,61,12.730,26737,27322,1391,1380,0
207812,0.344,-0.514,-1.084,-0.291,0.001,0.106,-0.289,-0.648,0.312,-0.632,1384996096.000,-0.008,26618,26010,27,-3,61,12.730,26737,27322,1391,1380,0
207912,0.246,-0.499,-1.147,-0.148,-0.548,0.403,-0.273,-0.650,0.320,-0.633,1384996096.000,-0.013,25781,26839,3,20,61,12.730,26737,27322,1391,1380,0
208012,0.230,0.113,-0.971,-0.376,-0.492,0.226,-0.269,-0.659,0.355,-0.606,1384996096.000,-0.004,26108,26522,-5,30,62,12.820,25706,26809,1505,1549,0
208112,-0.325,0.280,-0.832,-0.749,0.373,-0.256,-0.278,-0.650,0.369,-0.603,1384996096.000,-0.002,25883,26741,31,22,62,12.820,25706,26809,1505,1549,0
208212,0.217,0.103,-0.976,1.021,0.130,-0.061,-0.289,-0.650,0.346,-0.612,1384996096.000,-0.001,26694,25931,-30,-24,61,12.800,27027,25575,1509,1516,0
208312,-0.527,0.257,-1.061,-1.176,0.012,0.286,-0.283,-0.644,0.358,-0.614,1384996096.000,-0.002,24278,28206,35,54,61,12.800,27027,25575,1509,1516,0
208412,-0.316,0.206,-1.007,0.539,0.363,-0.624,-0.314,-0.633,0.365,-0.606,1384996096.000,-0.001,26684,25942,-18,-25,61,12.800,27027,25575,1509,1516,0
208512,0.489,-0.540,-0.889,0.912,-0.010,-0.009,-0.295,-0.651,0.317,-0.624,1384996096.000,-0.009,27168,25434,-3,-25,61,12.820,26737,26041,1545,1434,0
208612,0.230,-0.454,-1.193,-1.277,-0.747,0.850,-0.279,-0.648,0.354,-0.614,1384996096.000,-0.019,24768,27777,33,63,61,12.820,26737,26041,1545,1434,0
208712,0.052,-0.302,-0.954,0.419,-0.182,-0.008,-0.280,-0.648,0.392,-0.590,1384996096.000,-0.022,26177,26453,-14,-22,61,12.820,26737,26041,1545,1434,0
208812,-0.052,-0.267,-0.878,0.207,-0.371,0.054,-0.254,-0.663,0.373,-0.598,1477545088.000,-0.023,26709,27644,-1,14,61,12.790,25974,26595,1539,1498,0
208912,-0.076,0.199,-1.016,-0.244,-0.351,-0.070,-0.256,-0.671,0.389,-0.576,1584996096.000,-0.012,27878,28422,-5,27,61,12.790,25974,26595,1539,1498,0
209012,-0.606,0.551,-0.904,-0.023,0.584,-0.550,-0.261,-0.672,0.375,-0.584,1384996096.000,-0.006,25911,26714,12,5,61,12.830,25188,27777,1444,1547,0
209112,-0.161,0.386,-0.911,0.699,0.407,-0.530,-0.281,-0.672,0.335,-0.598,1584996096.000,-0.001,28662,27632,-17,-12,61,12.830,25188,27777,1444,1547,0
209212,-0.110,0.293,-1.196,-0.610,0.331,0.106,-0.283,-0.667,0.322,-0.609,1400682368.000,-0.001,25792,27119,29,32,61,12.830,25188,27777,1444,1547,0
209312,-0.055,0.182,-1.420,-0.043,0.396,-0.143,-0.310,-0.647,0.335,-0.611,1584996096.000,-0.000,28108,28194,2,-3,62,12.790,26041,27027,1487,1514,0
209412,0.002,0.105,-1.566,0.290,0.174,-0.002,-0.304,-0.647,0.315,-0.625,1584996096.000,0.000,27961,28341,-2,2,62,12.790,26041,27027,1487,1514,0
209512,-0.055,0.074,-1.641,-0.332,0.084,0.129,-0.310,-0.639,0.323,-0.626,1384996096.000,-0.000,25690,26926,12,18,61,12.780,26246,27100,1449,1546,0
209612,-0.113,0.030,-1.753,0.553,0.139,0.036,-0.304,-0.636,0.318,-0.634,1525388288.000,-0.000,27062,28161,-12,-12,61,12.780,26246,27100,1449,1546,0
209712,-0.110,0.006,-1.896,0.132,0.006,-0.028,-0.294,-0.639,0.304,-0.642,1384996096.000,0.000,25855,26767,3,10,61,12.780,26246,27100,1449,1546,0
209812,-0.082,-0.003,-1.570,0.201,0.104,-0.039,-0.292,-0.640,0.299,-0.644,1584996096.000,0.000,27799,28500,1,0,61,12.750,26109,26737,1462,1560,0
209912,-0.155,-0.053,-1.681,1.198,0.107,0.597,-0.271,-0.642,0.281,-0.660,1464996096.000,0.000,25195,28813,-27,-29,61,12.750,26109,26737,1462,1560,0
210012,-0.684,-0.035,-1.644,-1.467,-0.224,0.378,-0.255,-0.628,0.315,-0.664,1384996096.000,0.003,23680,28710,44,64,62,12.800,23696,26954,1340,1606,0
210112,-0.454,-0.129,-1.447,1.106,0.079,-0.654,-0.276,-0.632,0.318,-0.650,1384996096.000,-0.001,26455,26175,-34,-44,62,12.800,23696,26954,1340,1606,0
210212,0.411,-0.696,-1.197,0.010,-0.461,0.143,-0.255,-0.653,0.280,-0.655,1384996096.000,-0.015,26671,25955,16,16,62,13.000,26737,25773,1566,1433,0
210312,0.170,-0.409,-1.150,-0.642,-0.674,0.493,-0.248,-0.661,0.323,-0.630,1384996096.000,-0.017,25390,27209,12,31,62,13.000,26737,25773,1566,1433,0
210412,-0.578,0.359,-0.950,-0.470,-0.058,-0.460,-0.252,-0.666,0.341,-0.614,1584996096.000,-0.003,27651,28643,7,26,62,12.710,24449,28089,1466,1549,0
210512,-0.096,0.294,-1.118,0.672,0.206,-0.570,-0.270,-0.674,0.307,-0.615,1584996096.000,-0.001,28875,27409,-19,-13,62,12.710,24449,28089,1466,1549,0
210612,-0.028,0.287,-1.105,-0.738,-0.004,0.137,-0.275,-0.674,0.305,-0.614,1485388288.000,-0.000,26734,27762,22,40,61,12.610,27855,28328,1381,1465,0
210712,-0.028,0.233,-1.064,0.220,0.230,-0.053,-0.289,-0.663,0.315,-0.615,1384996096.000,-0.000,26165,26465,-8,-5,61,12.610,27855,28328,1381,1465,0
210812,-0.051,0.281,-1.100,0.020,0.021,0.118,-0.280,-0.665,0.306,-0.622,1384996096.000,-0.000,25748,26871,-2,17,61,12.710,25974,26737,1502,1546,0
210912,0.150,0.505,-0.896,0.309,0.288,0.120,-0.282,-0.657,0.309,-0.627,1384996096.000,0.004,26159,26471,-13,0,61,12.710,25974,26737,1502,1546,0
211012,-0.326,0.037,-1.167,0.213,0.461,0.357,-0.266,-0.645,0.299,-0.651,1384996096.000,0.000,24570,27952,15,-8,62,12.700,24937,27932,1403,1548,0
211112,-0.221,-0.029,-1.036,-0.007,-0.022,-0.368,-0.280,-0.633,0.306,-0.653,1384996096.000,0.001,26339,26291,-4,7,62,12.700,24937,27932,1403,1548,0
211212,0.838,-0.122,-1.250,1.512,0.132,0.204,-0.265,-0.648,0.275,-0.659,1384996096.000,-0.003,27452,25127,-33,-43,62,12.700,24937,27932,1403,1548,0
211312,0.971,-0.248,-1.700,-0.684,0.017,1.640,-0.219,-0.637,0.287,-0.681,1384996096.000,-0.011,24742,27800,37,32,62,12.710,27548,24937,1516,1545,0
211412,0.058,-0.161,-1.291,-0.549,-0.176,0.571,-0.204,-0.611,0.364,-0.673,1384996096.000,-0.007,24922,27639,8,15,62,12.710,27548,24937,1516,1545,0
211512,-0.025,-0.327,-0.983,0.879,0.006,-0.137,-0.187,-0.613,0.354,-0.681,1384996096.000,-0.010,26270,26360,-15,-27,62,12.700,25125,27472,1520,1516,0
211612,-0.070,-0.317,-1.056,-0.623,-0.423,0.071,-0.178,-0.623,0.348,-0.677,1384996096.000,-0.014,25737,26881,21,35,62,12.700,25125,27472,1520,1516,0
211712,-0.222,-0.279,-0.815,-0.192,-0.194,-0.306,-0.192,-0.630,0.367,-0.657,1384996096.000,-0.020,26206,26425,5,5,62,12.690,25773,26881,1496,1540,0
211812,-1.416,0.263,-0.862,-1.449,-0.236,-0.846,-0.208,-0.641,0.365,-0.643,1384996096.000,0.000,24795,27753,35,67,62,12.690,25773,26881,1496,1540,0
211912,-0.397,0.283,-0.913,1.494,0.363,-1.407,-0.271,-0.659,0.336,-0.616,1384996096.000,-0.002,28187,24300,-50,-56,62,12.630,27700,25062,1625,1345,0
212012,0.141,0.123,-1.513,-0.541,0.163,0.134,-0.256,-0.676,0.276,-0.633,1384996096.000,0.000,26258,26373,36,39,62,12.630,27700,25062,1625,1345,0
212112,0.619,-0.205,-1.516,-0.320,0.019,0.333,-0.293,-0.649,0.326,-0.622,1384996096.000,-0.006,26856,25764,2,-3,62,12.700,27173,25641,1476,1519,0
212212,-0.560,0.228,-1.591,0.400,-0.462,0.696,-0.253,-0.657,0.327,-0.631,1384996096.000,-0.002,23458,28891,-26,22,62,12.700,27173,25641,1476,1519,0
212312,-0.625,0.332,-1.223,-1.391,0.208,-0.737,-0.275,-0.648,0.367,-0.607,1384996096.000,-0.003,26303,26328,40,40,62,12.700,27173,25641,1476,1519,0
212412,-0.109,0.215,-1.283,2.403,0.238,-0.438,-0.281,-0.662,0.312,-0.621,1384996096.000,-0.001,26841,25779,-70,-65,62,12.680,26666,26041,1627,1386,0
212512,-0.169,0.195,-1.224,-1.677,0.047,0.306,-0.259,-0.668,0.293,-0.633,1384996096.000,-0.001,25112,27466,65,78,62,12.680,26666,26041,1627,1386,0
212612,0.040,0.134,-1.060,0.632,0.357,-0.203,-0.300,-0.644,0.328,-0.623,1384996096.000,0.000,26613,26014,-25,-33,62,12.680,25906,26809,1534,1492,0
212712,0.719,-0.046,-1.072,0.664,-0.033,0.272,-0.263,-0.658,0.282,-0.647,1384996096.000,-0.001,27075,25533,-6,1,62,12.680,25906,26809,1534,1492,0
212813,0.865,-0.268,-1.153,-0.840,-0.050,0.818,-0.256,-0.648,0.311,-0.646,1384996096.000,-0.013,26279,26352,36,27,62,12.680,25906,26809,1534,1492,0
212913,0.168,-0.259,-1.119,0.091,-0.333,0.757,-0.231,-0.636,0.345,-0.650,1384996096.000,-0.015,24846,27707,-7,7,62,12.680,26385,26455,1477,1519,0
213013,-1.238,0.275,-0.892,-1.110,-0.223,-0.667,-0.229,-0.639,0.371,-0.634,1384996096.000,-0.001,24791,27756,24,53,62,12.680,26385,26455,1477,1519,0
213113,-0.399,0.211,-0.944,1.769,0.472,-1.249,-0.271,-0.653,0.329,-0.625,1384996096.000,-0.001,27852,24683,-49,-58,62,12.660,27100,25445,1584,1470,0
213213,0.458,-0.587,-1.259,-0.128,-0.211,0.506,-0.242,-0.675,0.267,-0.644,1565388288.000,-0.011,27811,28141,33,20,62,12.660,27100,25445,1584,1470,0
213313,0.291,-0.434,-1.442,-1.204,-0.640,0.541,-0.256,-0.661,0.336,-0.620,1384996096.000,-0.021,25641,26973,20,44,62,12.660,27100,25445,1584,1470,0
213413,0.219,-0.095,-1.182,1.307,-0.401,0.086,-0.229,-0.676,0.342,-0.611,1384996096.000,-0.017,26444,26186,-49,-29,62,12.720,25906,27173,1507,1526,0
213513,-0.163,0.336,-0.937,-0.884,0.090,0.260,-0.205,-0.683,0.336,-0.614,1384996096.000,-0.003,25308,27286,45,55,62,12.720,25906,27173,1507,1526,0
213613,-0.278,0.408,-0.830,-0.471,0.596,-0.421,-0.253,-0.660,0.364,-0.607,1384996096.000,-0.000,26371,26260,12,3,62,12.610,25773,27100,1522,1480,0
213714,0.144,0.242,-0.830,1.297,0.283,-0.268,-0.246,-0.664,0.316,-0.632,1384996096.000,0.002,26999,25613,-34,-26,62,12.610,25773,27100,1522,1480,0
213814,0.019,0.143,-0.778,-1.203,0.160,0.407,-0.241,-0.657,0.320,-0.638,1384996096.000,-0.000,25304,27289,52,53,62,12.610,25773,27100,1522,1480,0
213914,-0.087,-0.019,-0.590,0.056,0.258,-0.133,-0.271,-0.635,0.350,-0.633,1384996096.000,-0.003,26194,26436,-5,-12,62,12.640,25575,26954,1512,1570,0
214014,0.035,-0.174,-0.717,0.783,-0.148,-0.063,-0.249,-0.649,0.317,-0.645,1384996096.000,-0.007,26330,26300,-16,-10,62,12.640,25575,26954,1512,1570,0
214113,0.487,-0.328,-0.652,-0.403,-0.023,0.226,-0.248,-0.649,0.326,-0.641,1384996096.000,-0.017,26698,25927,24,13,62,12.640,25575,26954,1512,1570,0
214213,0.200,-0.309,-0.840,0.351,-0.339,0.592,-0.226,-0.649,0.337,-0.643,1384996096.000,-0.021,25234,27354,-8,5,62,12.620,26737,26178,1492,1498,0
214313,-0.088,-0.175,-0.607,-0.491,-0.289,0.043,-0.216,-0.652,0.358,-0.633,1384996096.000,-0.020,25800,26821,14,26,62,12.620,26737,26178,1492,1498,0
214413,-0.106,-0.091,-0.770,0.456,0.013,-0.192,-0.219,-0.658,0.354,-0.628,1384996096.000,-0.016,26273,26358,-11,-12,62,12.610,26385,26385,1491,1536,0
214513,-1.012,0.357,-0.780,-1.109,-0.103,-0.324,-0.220,-0.662,0.348,-0.626,1384996096.000,-0.004,24532,27985,31,62,62,12.610,26385,26385,1491,1536,0
214612,-0.240,0.304,-0.911,0.918,0.621,-1.247,-0.275,-0.666,0.327,-0.612,1384996096.000,-0.001,28160,24331,-25,-45,62,12.610,26385,26385,1491,1536,0
214712,0.164,0.052,-1.540,0.807,0.217,0.234,-0.242,-0.680,0.257,-0.643,1384996096.000,0.000,26080,26549,-4,-3,62,12.600,27932,24813,1594,1407,0
214812,0.165,-0.121,-1.296,-1.736,0.083,0.348,-0.265,-0.657,0.308,-0.636,1384996096.000,-0.004,25768,26851,57,52,62,12.600,27932,24813,1594,1407,0
214912,0.190,-0.183,-1.087,1.560,0.057,-0.030,-0.263,-0.654,0.304,-0.641,1384996096.000,-0.005,26637,25989,-48,-52,63,12.590,26178,26041,1654,1511,0
215012,0.027,-0.150,-1.101,-0.472,-0.256,0.348,-0.227,-0.665,0.285,-0.651,1384996096.000,-0.006,25482,27123,25,40,63,12.590,26178,26041,1654,1511,0
215112,-0.031,-0.096,-0.895,-0.251,-0.021,-0.071,-0.250,-0.657,0.320,-0.634,1384996096.000,-0.006,26215,26416,4,3,62,12.600,25906,26737,1542,1522,0
215212,-0.011,-0.240,-0.836,1.036,0.016,-0.012,-0.225,-0.668,0.290,-0.648,1384996096.000,-0.009,26147,26483,-18,-25,62,12.600,25906,26737,1542,1522,0
215312,-0.003,-0.328,-0.743,-0.532,-0.352,0.100,-0.220,-0.673,0.296,-0.641,1384996096.000,-0.014,25908,26716,19,29,62,12.600,25906,26737,1542,1522,0
215412,0.012,-0.265,-0.752,0.646,-0.147,0.000,-0.211,-0.682,0.294,-0.635,1384996096.000,-0.015,26151,26479,-15,-17,63,12.570,25974,26595,1505,1581,0
215512,-0.008,-0.220,-0.552,-0.131,-0.224,0.056,-0.199,-0.690,0.290,-0.633,1384996096.000,-0.016,25982,26645,9,15,63,12.570,25974,26595,1505,1581,0
215612,-0.015,-0.188,-0.589,0.267,-0.030,-0.028,-0.196,-0.693,0.290,-0.630,1384996096.000,-0.016,26138,26491,-2,-6,62,12.590,25974,26455,1530,1596,0
215712,-0.038,-0.168,-0.546,0.176,-0.178,-0.008,-0.186,-0.699,0.282,-0.630,1384996096.000,-0.016,26046,26582,-2,5,62,12.590,25974,26455,1530,1596,0
215812,-0.021,-0.130,-0.612,0.274,-0.040,-0.058,-0.180,-0.706,0.277,-0.627,1384996096.000,-0.016,26186,26444,-2,-4,61,12.570,26041,26666,1531,1528,0
215912,-0.018,-0.131,-0.502,0.287,0.014,-0.038,-0.170,-0.708,0.265,-0.632,1384996096.000,-0.016,26157,26473,-1,-3,61,12.570,26041,26666,1531,1528,0
216012,-0.229,0.267,-0.612,0.148,0.046,-0.062,-0.166,-0.710,0.259,-0.633,1384996096.000,-0.005,25753,26866,-8,10,63,12.550,26178,26525,1518,1546,0
216112,-0.482,0.336,-0.462,-0.040,0.561,-0.486,-0.176,-0.704,0.247,-0.643,1384996096.000,-0.003,26072,26556,12,0,63,12.550,26178,26525,1518,1546,0
216212,-0.125,0.173,-0.568,0.721,0.431,-0.420,-0.184,-0.697,0.207,-0.661,1384996096.000,-0.000,26731,25893,-12,-19,63,12.510,26041,26455,1615,1503,0
216312,-0.036,0.086,-0.747,-0.189,0.318,-0.007,-0.184,-0.691,0.193,-0.672,1384996096.000,-0.000,26072,26556,16,10,63,12.510,26041,26455,1615,1503,0
216412,-0.014,-0.073,-0.671,0.270,0.374,-0.071,-0.190,-0.679,0.190,-0.684,1384996096.000,-0.000,26257,26374,4,-15,63,12.520,26109,26595,1539,1532,0
216512,0.551,-0.619,-0.943,0.114,0.061,0.179,-0.183,-0.673,0.178,-0.695,1384996096.000,-0.008,26950,25665,18,-12,63,12.520,26109,26595,1539,1532,0
216612,0.542,-0.663,-1.159,-0.153,-0.436,0.603,-0.165,-0.674,0.191,-0.694,1384996096.000,-0.017,26073,26555,9,9,63,12.520,26178,26315,1549,1576,0
216712,0.346,-0.522,-1.183,-0.119,-0.353,0.504,-0.150,-0.681,0.224,-0.680,1384996096.000,-0.023,25844,26778,6,1,63,12.520,26178,26315,1549,1576,0
216812,0.207,-0.248,-1.002,0.078,-0.311,0.283,-0.133,-0.687,0.238,-0.674,1384996096.000,-0.017,26000,26627,-4,4,63,12.500,26109,26525,1517,1572,0
216912,0.040,0.047,-0.748,-0.077,-0.100,0.133,-0.124,-0.692,0.248,-0.666,1384996096.000,-0.006,25942,26683,0,10,63,12.500,26109,26525,1517,1572,0
217012,-0.004,0.034,-0.720,0.101,0.219,0.010,-0.122,-0.690,0.250,-0.668,1384996096.000,-0.006,26102,26527,5,-6,63,12.530,25906,26595,1578,1546,0
217112,0.058,-0.050,-0.682,-0.031,0.248,0.000,-0.123,-0.681,0.246,-0.678,1384996096.000,-0.006,26254,26376,11,-1,63,12.530,25906,26595,1578,1546,0
217212,0.075,-0.082,-0.772,-0.112,0.042,0.064,-0.126,-0.676,0.249,-0.682,1384996096.000,-0.006,26161,26469,7,5,63,12.530,25906,26595,1578,1546,0
217312,0.122,-0.094,-0.832,0.069,0.079,0.132,-0.125,-0.673,0.252,-0.684,1384996096.000,-0.006,26125,26505,4,-3,63,12.490,26178,26525,1530,1545,0
217412,0.127,-0.134,-0.847,-0.104,0.131,0.133,-0.121,-0.668,0.256,-0.688,1384996096.000,-0.006,26120,26509,13,1,63,12.490,26178,26525,1530,1545,0
217512,0.077,-0.224,-0.889,0.071,0.030,0.121,-0.119,-0.663,0.260,-0.692,1384996096.000,-0.011,26039,26589,6,-5,63,12.510,26041,26455,1563,1562,0
217612,0.007,-0.469,-0.979,-0.011,-0.084,0.104,-0.113,-0.662,0.262,-0.693,1384996096.000,-0.028,25914,26711,12,-5,63,12.510,26041,26455,1563,1562,0
217712,-0.229,-0.439,-0.803,-0.057,-0.354,-0.041,-0.111,-0.668,0.267,-0.686,1384996096.000,-0.029,25696,26921,3,5,63,12.510,26041,26455,1563,1562,0
217812,-1.396,0.213,-0.566,-0.040,-0.258,-0.432,-0.114,-0.682,0.265,-0.672,1384996096.000,-0.002,23924,28507,-11,20,63,12.490,25641,26809,1537,1599,0
217912,-0.823,0.223,-0.454,0.162,0.358,-1.391,-0.149,-0.691,0.244,-0.664,1384996096.000,-0.002,27220,25379,1,-15,63,12.490,25641,26809,1537,1599,0
218012,-0.123,0.096,-0.887,1.068,0.149,-0.417,-0.153,-0.698,0.171,-0.679,1384996096.000,-0.000,26782,25840,-21,-20,63,12.480,27624,24937,1607,1478,0
218112,-0.101,0.084,-0.914,-1.026,0.094,0.082,-0.159,-0.696,0.173,-0.679,1384996096.000,-0.000,25773,26847,39,37,63,12.480,27624,24937,1607,1478,0
218213,-0.035,0.001,-0.773,0.757,0.172,-0.204,-0.172,-0.689,0.178,-0.681,1384996096.000,-0.000,26517,26112,-21,-32,63,12.470,26246,26109,1595,1577,0
218313,0.444,-0.109,-0.818,-0.059,-0.094,0.159,-0.156,-0.693,0.156,-0.686,1384996096.000,-0.001,26788,25834,11,11,63,12.470,26246,26109,1595,1577,0
218413,0.794,-0.411,-0.939,-0.207,0.029,0.499,-0.153,-0.690,0.176,-0.685,1384996096.000,-0.012,26830,25790,22,-7,63,12.470,26246,26109,1595,1577,0
218513,0.437,-0.483,-0.871,0.064,-0.282,0.822,-0.125,-0.687,0.192,-0.690,1384996096.000,-0.020,25396,27204,5,0,63,12.430,26595,25839,1606,1543,0
218613,0.043,-0.331,-0.706,-0.574,-0.492,0.283,-0.114,-0.694,0.228,-0.674,1384996096.000,-0.023,25629,26984,12,22,63,12.430,26595,25839,1606,1543,0
218713,-0.011,-0.285,-0.545,0.657,0.014,-0.078,-0.107,-0.700,0.224,-0.669,1384996096.000,-0.023,26280,26351,-10,-29,63,12.420,26315,26595,1534,1504,0
218813,-0.259,-0.201,-0.698,-0.510,-0.309,-0.098,-0.100,-0.706,0.217,-0.667,1530878464.000,-0.019,27142,28181,18,28,63,12.420,26315,26595,1534,1504,0
218913,-0.399,0.162,-0.843,0.052,0.199,-0.522,-0.122,-0.712,0.219,-0.656,1384996096.000,-0.006,26336,26294,2,-9,63,12.420,26315,26595,1534,1504,0
219013,-0.154,0.028,-0.836,0.710,0.446,-0.354,-0.120,-0.704,0.176,-0.677,1384996096.000,-0.003,26471,26158,-2,-19,63,12.410,26737,25974,1569,1543,0
219113,-0.092,0.054,-0.615,-0.511,-0.062,-0.030,-0.125,-0.702,0.172,-0.679,1447741184.000,-0.001,26594,27212,17,26,63,12.410,26737,25974,1569,1543,0
219214,-0.012,-0.013,-0.783,0.274,0.547,-0.109,-0.137,-0.693,0.174,-0.686,1384996096.000,-0.001,26337,26294,8,-27,63,12.410,26737,25974,1569,1543,0
219314,0.198,-0.219,-0.731,0.038,0.106,0.010,-0.133,-0.682,0.160,-0.701,1384996096.000,-0.003,26552,26076,10,3,63,12.360,26385,26109,1567,1602,0
219413,0.406,-0.373,-1.038,-0.080,0.004,0.320,-0.133,-0.682,0.173,-0.698,1384996096.000,-0.010,26383,26248,13,-8,63,12.360,26385,26109,1567,1602,0
219513,0.276,-0.490,-0.961,-0.322,-0.093,0.498,-0.123,-0.676,0.192,-0.700,1384996096.000,-0.018,25728,26890,21,2,63,12.360,26385,26109,1567,1602,0
219613,0.088,-0.522,-0.742,-0.518,-0.350,0.143,-0.128,-0.680,0.225,-0.687,1384996096.000,-0.025,26045,26583,17,8,63,12.370,25706,26809,1540,1608,0
219713,0.062,-0.484,-0.722,0.311,-0.172,0.032,-0.124,-0.686,0.227,-0.680,1384996096.000,-0.026,26230,26400,-1,-19,63,12.370,25706,26809,1540,1608,0
219812,0.002,-0.420,-0.638,-0.373,-0.392,0.113,-0.119,-0.694,0.233,-0.670,1584996096.000,-0.028,27784,28514,16,14,63,12.330,26809,27322,1833,1890,0
219912,-0.424,0.040,-0.781,-0.241,-0.096,-0.148,-0.126,-0.701,0.245,-0.658,1384996096.000,-0.010,25523,27085,4,11,63,12.330,26809,27322,1833,1890,0
220012,-0.481,0.308,-0.909,0.220,0.063,-0.426,-0.137,-0.705,0.232,-0.656,1384996096.000,-0.002,25984,26643,-9,0,63,12.330,26809,27322,1833,1890,0
220112,-0.466,0.237,-0.890,-0.416,0.367,-0.540,-0.158,-0.701,0.218,-0.660,1384996096.000,-0.002,26234,26397,24,9,63,12.330,26041,26455,1562,1584,0
220212,0.246,0.049,-0.770,0.636,0.198,-0.277,-0.174,-0.698,0.196,-0.666,1384996096.000,-0.000,27224,25374,-12,-25,63,12.330,26041,26455,1562,1584,0
220312,0.559,-0.117,-1.028,-0.026,0.063,0.522,-0.154,-0.695,0.188,-0.676,1384996096.000,-0.004,26273,26357,16,3,63,12.330,26881,25839,1563,1547,0
220412,0.526,-0.189,-1.146,-0.252,-0.049,0.810,-0.138,-0.686,0.222,-0.679,1384996096.000,-0.012,25576,27035,14,4,63,12.330,26881,25839,1563,1547,0
220512,0.133,-0.045,-0.911,0.019,-0.019,0.330,-0.121,-0.681,0.244,-0.680,1384996096.000,-0.005,25706,26911,3,-1,63,12.330,25510,27173,1529,1585,0
220612,-0.475,0.065,-0.622,0.042,0.020,-0.144,-0.116,-0.681,0.243,-0.681,1384996096.000,-0.002,25372,27226,4,1,63,12.330,25510,27173,1529,1585,0
220712,-0.422,0.033,-0.445,0.057,0.193,-0.576,-0.132,-0.681,0.230,-0.683,1384996096.000,-0.000,26385,26245,8,-7,62,12.320,25906,26809,1562,1555,0
220812,0.036,-0.114,-0.676,0.442,-0.008,-0.367,-0.139,-0.685,0.199,-0.687,1384996096.000,-0.004,26961,25654,-3,-13,62,12.320,25906,26809,1562,1555,0
220912,0.524,-0.384,-1.036,-0.236,-0.117,0.177,-0.134,-0.689,0.194,-0.685,1384996096.000,-0.016,26906,25711,23,3,63,12.260,26954,25575,1636,1528,0
221012,0.284,-0.405,-1.254,-0.190,-0.349,0.592,-0.118,-0.692,0.213,-0.680,1384996096.000,-0.023,25528,27080,11,7,63,12.260,26954,25575,1636,1528,0
221112,0.078,-0.275,-0.919,-0.244,-0.322,0.097,-0.115,-0.698,0.239,-0.665,1384996096.000,-0.025,26104,26525,8,4,63,12.300,25839,26737,1601,1557,0
221212,0.076,-0.227,-0.971,0.250,-0.151,-0.010,-0.109,-0.705,0.235,-0.660,1384996096.000,-0.025,26338,26292,0,-11,63,12.300,25839,26737,1601,1557,0
221312,0.053,-0.150,-0.769,-0.272,-0.294,0.067,-0.107,-0.713,0.240,-0.650,1384996096.000,-0.025,26134,26495,10,12,63,12.300,25839,26737,1601,1557,0
221412,0.040,-0.110,-0.681,0.037,0.028,0.032,-0.109,-0.715,0.247,-0.645,1384996096.000,-0.025,26181,26449,7,-9,63,12.270,26178,26525,1559,1570,0
221512,-0.393,0.107,-0.870,-0.107,-0.084,0.001,-0.108,-0.715,0.248,-0.645,1384996096.000,-0.015,25306,27287,2,11,63,12.270,26178,26525,1559,1570,0
221612,-0.881,0.468,-0.602,-0.608,0.194,-0.537,-0.126,-0.716,0.253,-0.638,1384996096.000,-0.007,25332,27263,17,21,63,12.240,25380,27322,1529,1591,0
221712,-0.374,0.330,-0.610,0.689,0.567,-1.048,-0.163,-0.711,0.221,-0.647,1384996096.000,-0.003,27498,25078,-11,-32,63,12.240,25380,27322,1529,1591,0
221812,0.020,0.228,-1.291,-0.173,0.138,-0.109,-0.167,-0.712,0.178,-0.659,1384996096.000,0.000,26473,26157,15,16,63,12.240,27322,25188,1654,1513,0
221912,0.534,-0.017,-1.348,-0.192,0.341,0.218,-0.185,-0.699,0.196,-0.663,1384996096.000,-0.000,26905,25712,17,-10,63,12.240,27322,25188,1654,1513,0
222012,0.673,-0.123,-1.655,0.032,-0.070,0.686,-0.167,-0.690,0.203,-0.674,1384996096.000,-0.005,26252,26378,6,1,63,12.210,26954,25773,1528,1611,0
222112,0.309,-0.108,-1.346,-0.717,-0.182,0.597,-0.157,-0.685,0.244,-0.668,1384996096.000,-0.009,25625,26988,23,20,63,12.210,26954,25773,1528,1611,0
222212,0.079,-0.098,-0.979,0.261,0.038,0.163,-0.153,-0.680,0.266,-0.666,1384996096.000,-0.011,26023,26604,-2,-17,63,12.230,25839,26809,1575,1589,0
222312,0.016,-0.094,-0.885,0.060,-0.228,0.098,-0.142,-0.683,0.262,-0.667,1384996096.000,-0.011,26019,26609,2,5,63,12.230,25839,26809,1575,1589,0
222412,-0.298,0.041,-0.778,0.111,-0.059,0.077,-0.136,-0.689,0.267,-0.660,1384996096.000,-0.008,25360,27237,2,-2,63,12.190,25445,27027,1554,1649,0
222512,-0.348,0.056,-0.588,0.233,0.194,-0.352,-0.137,-0.687,0.260,-0.665,1384996096.000,-0.006,26120,26509,4,-11,63,12.190,25445,27027,1554,1649,0
222612,-0.116,-0.005,-0.667,0.594,0.027,-0.274,-0.135,-0.690,0.231,-0.672,1384996096.000,-0.005,26471,26159,-8,-14,63,12.190,25445,27027,1554,1649,0
222712,-0.042,0.031,-0.817,0.020,-0.024,-0.004,-0.128,-0.694,0.216,-0.675,1384996096.000,-0.003,26071,26557,9,5,63,12.190,26455,26109,1574,1615,0
222812,-0.796,0.146,-0.946,-0.067,0.211,-0.088,-0.129,-0.691,0.215,-0.678,1384996096.000,-0.001,24554,27966,12,0,63,12.190,26455,26109,1574,1615,0
222912,-0.420,0.071,-0.777,0.444,0.268,-0.984,-0.156,-0.687,0.201,-0.681,1384996096.000,-0.000,27237,25360,-8,-24,63,12.180,25252,27173,1695,1527,0
223012,0.172,-0.008,-1.194,1.026,-0.049,-0.071,-0.144,-0.697,0.143,-0.688,1235976448.000,0.000,25257,24455,-19,-20,63,12.180,25252,27173,1695,1527,0
223112,-0.184,0.043,-1.137,-1.140,0.044,0.410,-0.132,-0.696,0.152,-0.690,1384996096.000,-0.000,24849,27704,48,40,63,12.140,24813,27397,1523,1694,0
223212,-0.158,0.022,-0.974,0.712,0.074,-0.453,-0.156,-0.688,0.173,-0.687,1384996096.000,-0.000,26710,25915,-27,-36,63,12.140,24813,27397,1523,1694,0
223312,1.347,-0.052,-1.293,1.432,-0.084,0.456,-0.118,-0.701,0.119,-0.694,1384996096.000,-0.002,28063,24443,-29,-34,63,12.140,24813,27397,1523,1694,0
223412,0.687,0.183,-1.749,-1.409,0.033,1.743,-0.066,-0.695,0.151,-0.700,1384996096.000,0.009,23922,28508,56,58,63,12.140,27322,25510,1579,1557,0
223512,-0.530,0.448,-1.343,-0.554,0.337,-0.264,-0.083,-0.678,0.240,-0.690,1384996096.000,0.025,25472,27132,-7,-13,63,12.140,27322,25510,1579,1557,0
223613,-0.050,0.275,-1.170,2.122,0.503,-0.901,-0.079,-0.673,0.180,-0.713,1384996096.000,0.019,27849,24686,-51,-71,63,12.130,27548,25062,1658,1508,0
223713,0.133,0.147,-1.633,-0.871,0.143,0.512,-0.053,-0.669,0.134,-0.729,1384996096.000,0.016,25371,27227,50,45,63,12.130,27548,25062,1658,1508,0
223813,-0.208,0.156,-1.283,-0.579,0.187,-0.022,-0.082,-0.656,0.194,-0.724,1384996096.000,0.021,25691,26925,11,2,63,12.130,27548,25062,1658,1508,0
223913,-0.966,-0.251,-0.974,0.433,-0.076,-0.546,-0.074,-0.658,0.161,-0.732,1384996096.000,0.007,25125,27454,4,-10,64,12.080,25906,26455,1627,1632,0
224013,-0.106,-0.117,-0.897,-0.064,-0.648,-0.822,-0.107,-0.679,0.141,-0.713,1384996096.000,0.001,27566,25002,-11,13,64,12.080,25906,26455,1627,1632,0
224113,0.661,-0.183,-1.552,0.963,-0.251,0.473,-0.084,-0.700,0.112,-0.701,1384996096.000,-0.005,26607,26021,-17,-28,63,12.040,27397,25252,1476,1717,0
224213,0.429,-0.230,-1.312,-1.059,-0.357,1.028,-0.059,-0.701,0.152,-0.695,1363035264.000,-0.014,24591,27538,34,42,63,12.040,27397,25252,1476,1717,0
224313,0.174,-0.099,-1.061,0.511,-0.364,0.148,-0.052,-0.713,0.185,-0.675,1384996096.000,-0.017,26150,26479,-24,-22,63,12.040,27397,25252,1476,1717,0
224413,0.078,-0.115,-0.733,0.182,-0.191,0.156,-0.024,-0.718,0.167,-0.675,1384996096.000,-0.020,25934,26691,4,1,64,12.070,26246,26315,1568,1647,0
224513,-1.283,0.415,-0.606,-1.007,-0.082,-0.492,-0.044,-0.726,0.188,-0.660,1384996096.000,-0.007,24765,27779,19,26,64,12.070,26246,26315,1568,1647,0
224614,-0.587,0.266,-0.525,1.308,0.494,-1.244,-0.075,-0.724,0.143,-0.671,1384996096.000,-0.003,27424,25158,-33,-55,64,12.070,26246,26315,1568,1647,0
224713,-0.213,0.196,-0.685,0.129,-0.037,-0.083,-0.057,-0.725,0.083,-0.681,1384996096.000,-0.001,25865,26758,6,17,63,12.020,27397,25316,1603,1574,0
224813,-0.113,0.178,-0.589,-0.320,0.232,-0.064,-0.079,-0.720,0.105,-0.681,1384996096.000,-0.000,25993,26634,12,0,63,12.020,27397,25316,1603,1574,0
224913,0.416,0.107,-0.577,1.052,0.129,0.053,-0.055,-0.716,0.076,-0.692,1384996096.000,0.001,26889,25729,-25,-29,63,11.970,26954,25773,1641,1547,0
225013,0.317,0.126,-0.698,-0.380,0.084,0.783,-0.023,-0.713,0.079,-0.697,1384996096.000,0.002,25136,27444,22,19,63,11.970,26954,25773,1641,1547,0
225112,-0.064,0.112,-0.753,-0.014,0.300,0.141,-0.024,-0.702,0.112,-0.703,1384996096.000,0.003,25618,26995,4,-12,63,11.970,26954,25773,1641,1547,0
225212,0.014,0.024,-0.598,0.619,0.166,-0.158,-0.010,-0.695,0.088,-0.714,1384996096.000,0.003,26427,26204,-10,-20,63,11.980,26178,26666,1603,1561,0
225312,0.154,0.216,-0.749,-0.262,0.200,0.126,-0.008,-0.691,0.086,-0.718,1384996096.000,0.012,26153,26477,14,9,63,11.980,26178,26666,1603,1561,0
225412,0.049,0.225,-0.793,-0.113,0.448,0.096,-0.013,-0.677,0.099,-0.729,1384996096.000,0.018,25984,26643,10,-6,64,11.950,25906,26666,1613,1623,0
225512,0.266,0.015,-0.706,0.117,0.246,0.026,-0.012,-0.665,0.098,-0.740,1384996096.000,0.013,26595,26032,5,-12,64,11.950,25906,26666,1613,1623,0
225612,0.402,-0.175,-0.844,0.153,0.038,0.350,-0.001,-0.659,0.098,-0.746,1384996096.000,0.006,26239,26391,4,-10,64,11.950,25906,26666,1613,1623,0
225712,0.400,-0.288,-0.867,-0.462,-0.298,0.501,0.011,-0.662,0.120,-0.740,1384996096.000,-0.004,25917,26708,15,14,64,11.950,26178,26246,1669,1611,0
225812,0.115,-0.357,-0.631,-0.129,-0.206,0.281,0.018,-0.669,0.143,-0.730,1384996096.000,-0.008,25746,26873,9,-7,64,11.950,26178,26246,1669,1611,0
225912,0.015,-0.302,-0.473,0.069,-0.433,0.076,0.026,-0.678,0.147,-0.720,1384996096.000,-0.009,25949,26676,-5,0,64,12.020,25773,26737,1608,1648,0
226012,-0.014,-0.183,-0.408,0.081,-0.398,0.028,0.033,-0.693,0.145,-0.705,1384996096.000,-0.010,25981,26645,-4,0,64,12.020,25773,26737,1608,1648,0
226112,-0.031,-0.123,-0.416,0.136,-0.218,0.008,0.040,-0.703,0.142,-0.696,1384996096.000,-0.011,25977,26649,-1,-5,64,11.900,25974,26595,1592,1656,0
226212,-0.025,-0.136,-0.554,0.122,-0.126,-0.033,0.045,-0.708,0.136,-0.691,1384996096.000,-0.016,26072,26557,2,-7,64,11.900,25974,26595,1592,1656,0
226312,0.006,-0.141,-0.611,-0.051,-0.177,-0.049,0.046,-0.713,0.134,-0.686,1384996096.000,-0.020,26178,26452,4,1,64,11.870,26109,26315,1621,1670,0
226412,-1.638,0.243,-0.466,-1.121,-0.138,-0.519,0.029,-0.721,0.142,-0.678,1384996096.000,-0.007,23547,28819,28,44,64,11.870,26109,26315,1621,1670,0
226512,-0.659,0.225,-0.511,1.526,0.249,-1.698,-0.026,-0.727,0.097,-0.680,1384996096.000,-0.003,28213,24270,-51,-62,64,11.830,27247,25510,1706,1487,0
226612,-0.157,0.187,-1.271,-0.357,0.052,-0.117,-0.013,-0.728,0.030,-0.685,1384996096.000,-0.001,26134,26496,27,27,64,11.830,27247,25510,1706,1487,0
226712,0.105,0.151,-1.123,0.312,0.054,0.010,-0.037,-0.723,0.053,-0.688,1384996096.000,0.000,26413,26218,-18,-18,64,11.820,26525,26109,1609,1649,0
226812,1.112,-0.039,-1.447,0.630,-0.004,0.607,0.005,-0.724,0.030,-0.689,1384996096.000,-0.004,27333,25257,-6,-16,64,11.820,26525,26109,1609,1649,0
226912,0.665,-0.105,-1.176,-0.641,-0.089,1.122,0.033,-0.723,0.065,-0.687,1384996096.000,-0.013,25294,27298,24,19,64,11.790,25445,27322,1599,1625,0
227012,-0.182,0.040,-0.913,0.142,-0.128,0.357,0.052,-0.724,0.100,-0.681,1384996096.000,-0.009,25012,27557,-9,-5,64,11.790,25445,27322,1599,1625,0
227112,-1.201,0.317,-0.657,-0.562,0.128,-1.283,0.032,-0.728,0.103,-0.677,1384996096.000,-0.004,26202,26428,13,13,64,11.790,25445,27322,1599,1625,0
227212,-0.366,0.193,-1.101,1.639,0.197,-1.020,0.011,-0.724,0.027,-0.689,1384996096.000,-0.001,27490,25086,-43,-49,64,11.750,25906,26666,1770,1519,0
227312,-0.102,0.159,-1.306,-0.938,0.050,0.083,0.015,-0.721,-0.005,-0.693,1384996096.000,-0.000,25790,26830,37,38,64,11.750,25906,26666,1770,1519,0
227412,-0.107,0.138,-0.879,0.297,0.103,-0.099,-0.008,-0.718,0.019,-0.696,1384996096.000,-0.000,26138,26491,-16,-19,64,11.730,25906,26737,1598,1683,0
227512,0.244,0.118,-0.954,0.179,0.001,0.071,0.007,-0.715,-0.002,-0.699,1384996096.000,0.001,26540,26089,-3,1,64,11.730,25906,26737,1598,1683,0
227612,0.701,0.252,-0.902,0.108,0.083,0.369,0.009,-0.716,0.012,-0.698,1384996096.000,0.006,26906,25711,-8,-5,64,11.700,26315,26178,1647,1682,0
227712,0.703,0.121,-1.442,0.207,0.236,0.974,0.041,-0.708,0.026,-0.704,1384996096.000,0.005,25667,26948,2,-10,64,11.700,26315,26178,1647,1682,0
227812,0.120,0.086,-1.112,-0.836,-0.047,0.587,0.054,-0.705,0.073,-0.704,1384996096.000,0.003,25149,27433,19,24,64,11.690,25125,27548,1595,1679,0
227912,0.030,0.076,-0.830,0.634,0.168,-0.062,0.055,-0.702,0.081,-0.705,1384996096.000,0.003,26329,26302,-17,-28,64,11.690,25125,27548,1595,1679,0
228012,-0.307,0.093,-0.793,-0.314,-0.023,0.031,0.062,-0.699,0.073,-0.709,1384996096.000,0.007,25409,27191,10,15,64,11.690,25125,27548,1595,1679,0
228112,-0.494,0.126,-0.729,-0.424,0.160,-0.400,0.037,-0.701,0.090,-0.707,1494015744.000,0.006,26910,27746,12,3,64,11.640,25773,27027,1541,1716,0
228212,-0.137,0.046,-0.844,0.728,0.143,-0.546,0.025,-0.694,0.060,-0.717,1584996096.000,0.005,28766,27523,-18,-25,64,11.640,25773,27027,1541,1716,0
228312,0.002,0.133,-0.983,-0.436,-0.180,0.040,0.025,-0.698,0.047,-0.714,1384996096.000,0.007,26079,26550,10,24,64,11.610,27322,26666,1721,1659,0
228412,0.168,0.161,-0.862,-0.119,0.231,0.000,0.011,-0.695,0.065,-0.716,1384996096.000,0.009,26498,26132,5,-7,64,11.610,27322,26666,1721,1659,0
228512,0.309,0.105,-1.095,0.392,0.044,0.189,0.022,-0.690,0.055,-0.722,1384996096.000,0.009,26440,26190,-10,-10,64,11.570,26595,26041,1658,1685,0
228612,0.208,0.114,-1.065,-0.629,-0.017,0.346,0.026,-0.689,0.074,-0.720,1384996096.000,0.011,25880,26744,18,20,64,11.570,26595,26041,1658,1685,0
228712,0.243,0.105,-0.787,0.332,0.118,0.193,0.029,-0.687,0.087,-0.721,1384996096.000,0.013,26277,26353,-10,-16,64,11.570,26595,26041,1658,1685,0
228812,0.084,0.065,-0.737,-0.170,-0.001,0.258,0.044,-0.682,0.088,-0.725,1384996096.000,0.014,25791,26830,7,9,64,11.530,26109,26315,1682,1706,0
228912,-1.136,-0.125,-0.520,-0.818,0.007,-0.233,0.031,-0.684,0.109,-0.721,1384996096.000,0.004,24055,28396,28,16,64,11.530,26109,26315,1682,1706,0
229012,-0.599,-0.069,-0.410,0.674,-0.059,-1.417,-0.016,-0.689,0.084,-0.720,1384996096.000,0.003,27750,24798,-26,-27,64,11.500,26525,26246,1784,1524,0
229112,0.011,-0.068,-1.031,0.593,-0.197,-0.209,-0.006,-0.699,0.015,-0.715,1384996096.000,-0.000,26658,25968,-8,-6,64,11.500,26525,26246,1784,1524,0
229212,-0.103,0.006,-1.032,-1.282,-0.089,0.152,-0.030,-0.701,0.049,-0.711,1384996096.000,0.000,25610,27002,34,36,64,11.500,26525,26246,1784,1524,0
229312,0.886,-0.095,-0.868,1.006,-0.102,-0.196,-0.032,-0.706,0.044,-0.706,1411662720.000,-0.003,28615,24348,-31,-38,64,11.450,26109,26525,1646,1715,0
229412,0.926,-0.359,-1.232,0.569,0.049,1.487,0.030,-0.707,0.020,-0.707,1384996096.000,-0.016,25135,27445,9,-16,64,11.450,26109,26525,1646,1715,0
229512,-0.541,0.048,-1.097,-2.394,-0.737,0.822,0.028,-0.718,0.125,-0.684,1384996096.000,-0.007,23292,29026,41,90,64,11.370,23529,28818,1527,1838,0
229612,-0.695,0.249,-0.925,1.808,0.541,-1.062,0.009,-0.726,0.120,-0.677,1384996096.000,-0.003,26810,25811,-53,-87,64,11.370,23529,28818,1527,1838,0
229712,-0.288,0.102,-0.841,0.729,0.261,-0.372,0.044,-0.710,0.028,-0.703,1384996096.000,0.002,26309,26322,1,-6,64,11.370,23529,28818,1527,1838,0
229812,-0.261,0.098,-0.607,-1.188,0.049,-0.070,0.012,-0.707,0.057,-0.704,1384996096.000,0.002,25684,26932,32,34,64,11.330,25641,27027,1641,1739,0
229912,0.111,0.064,-0.610,1.391,0.163,-0.312,0.014,-0.704,0.036,-0.709,1384996096.000,0.002,26999,25613,-41,-51,64,11.330,25641,27027,1641,1739,0
230012,0.673,0.013,-1.122,0.231,0.114,0.588,0.051,-0.698,0.006,-0.714,1384996096.000,0.002,26391,26239,8,0,64,11.330,25641,27027,1641,1739,0
230112,0.204,0.012,-1.151,-0.868,0.099,0.787,0.060,-0.695,0.060,-0.714,1384996096.000,0.004,24877,27679,27,20,64,11.250,25974,26809,1639,1736,0
230212,0.058,-0.004,-0.909,0.550,0.103,-0.137,0.063,-0.692,0.073,-0.716,1384996096.000,0.004,26503,26126,-18,-28,64,11.250,25974,26809,1639,1736,0
230312,0.137,-0.061,-0.882,0.234,0.002,0.087,0.080,-0.687,0.049,-0.720,1384996096.000,0.003,26242,26389,1,-4,65,11.210,26178,26385,1740,1712,0
230412,-0.003,-0.006,-0.649,-0.633,-0.097,0.117,0.071,-0.692,0.071,-0.715,1384996096.000,0.004,25860,26763,16,17,65,11.210,26178,26385,1740,1712,0
230512,0.025,-0.009,-0.562,0.480,0.084,-0.124,0.069,-0.692,0.069,-0.716,1417937280.000,0.004,26744,26508,-13,-24,65,11.210,26178,26385,1740,1712,0
230612,-0.209,-0.040,-0.822,-0.160,-0.063,0.084,0.078,-0.690,0.059,-0.718,1539505920.000,0.004,26964,28503,9,8,64,11.120,26737,26737,1770,1793,0
230712,-0.658,0.021,-0.667,-0.653,0.008,-0.486,0.049,-0.695,0.078,-0.713,1384996096.000,0.005,25673,26943,16,12,64,11.120,26737,26737,1770,1793,0
230812,-0.524,-0.033,-0.620,0.759,0.087,-0.842,0.028,-0.695,0.043,-0.717,1384996096.000,0.002,26742,25882,-20,-31,65,11.080,26595,25974,1768,1740,0
230912,-0.172,-0.024,-0.911,-0.167,-0.191,-0.321,0.019,-0.697,0.011,-0.716,1519898112.000,0.001,27696,27437,6,14,65,11.080,26595,25974,1768,1740,0
231012,-0.206,0.014,-1.407,-0.312,0.002,-0.103,-0.004,-0.702,0.025,-0.712,1384996096.000,0.000,25918,26707,9,2,65,11.080,26595,25974,1768,1740,0
231112,-0.085,-0.017,-1.306,0.156,0.052,-0.222,-0.012,-0.699,0.020,-0.715,1406956928.000,0.000,26632,26414,-4,-10,65,11.110,26246,26954,1721,1731,0
231212,0.139,-0.037,-1.285,0.054,-0.201,0.108,-0.013,-0.703,0.016,-0.711,1559898112.000,-0.000,27855,28000,-4,2,65,11.110,26246,26954,1721,1731,0
231312,1.024,0.190,-1.928,0.596,0.073,0.942,0.010,-0.706,0.024,-0.708,1384996096.000,0.008,26445,26185,-17,-19,64,10.850,27855,25839,1837,1685,0
231412,0.336,0.149,-1.699,-1.159,0.111,1.134,0.047,-0.697,0.075,-0.712,1384996096.000,0.012,24433,28072,39,38,64,10.850,27855,25839,1837,1685,0
231512,0.025,0.172,-1.278,0.432,0.133,-0.082,0.038,-0.695,0.112,-0.710,1384996096.000,0.013,26324,26306,-22,-26,64,10.840,25000,27700,1684,1847,0
231612,-0.066,0.071,-1.062,0.128,0.089,-0.018,0.057,-0.687,0.083,-0.720,1384996096.000,0.012,26020,26608,5,2,64,10.840,25000,27700,1684,1847,0
231712,-0.946,-0.068,-0.820,-0.886,-0.010,-0.462,0.027,-0.691,0.106,-0.714,1384996096.000,0.002,24987,27580,26,17,64,10.760,25062,27548,1680,1866,0
231812,-0.490,-0.106,-0.696,1.099,0.058,-1.139,-0.002,-0.691,0.067,-0.719,1384996096.000,0.001,27409,25174,-33,-43,64,10.760,25062,27548,1680,1866,0
231912,-0.046,-0.074,-1.078,-0.132,-0.211,-0.051,0.001,-0.698,0.023,-0.716,1384996096.000,0.000,26170,26460,11,16,64,10.710,27247,25316,1844,1744,0
232012,0.492,0.082,-0.911,-0.093,0.064,0.341,-0.010,-0.699,0.047,-0.713,1384996096.000,0.003,26493,26137,0,-5,64,10.710,27247,25316,1844,1744,0
232112,0.733,-0.102,-1.158,0.542,0.164,0.804,0.024,-0.693,0.048,-0.719,1514407808.000,-0.002,27278,27755,-4,-23,64,10.550,27100,25906,1907,1816,0
232212,0.143,-0.182,-1.091,-1.074,-0.192,0.632,0.043,-0.691,0.089,-0.716,1538721536.000,-0.004,26560,28866,31,32,64,10.550,27100,25906,1907,1816,0
232312,-0.214,-0.112,-0.716,0.634,-0.003,-0.191,0.040,-0.696,0.106,-0.709,1384996096.000,-0.003,26028,26600,-20,-31,65,10.520,25706,27027,1848,1853,0
232412,-0.261,-0.136,-0.716,-0.226,-0.121,-0.217,0.047,-0.697,0.082,-0.711,1384996096.000,-0.003,25977,26649,13,11,65,10.520,25706,27027,1848,1853,0
232512,-0.155,0.001,-0.517,0.000,-0.004,-0.284,0.028,-0.702,0.085,-0.706,1384996096.000,-0.000,26345,26286,-2,-6,64,10.420,26109,26525,1858,1822,0
232612,0.025,-0.026,-0.830,0.300,0.038,-0.048,0.030,-0.701,0.067,-0.709,1384996096.000,-0.000,26257,26373,-4,-11,64,10.420,26109,26525,1858,1822,0
232712,-0.037,-0.017,-0.826,-0.428,-0.001,0.124,0.030,-0.701,0.073,-0.708,1384996096.000,-0.000,25744,26874,16,10,64,10.420,26109,26525,1858,1822,0
232812,-0.063,-0.030,-0.696,0.257,0.156,-0.118,0.024,-0.699,0.082,-0.710,1384996096.000,-0.000,26184,26446,-4,-19,64,10.330,25706,26737,1847,1907,0
232912,0.029,-0.063,-0.529,0.057,-0.121,-0.009,0.029,-0.696,0.069,-0.714,1446172544.000,-0.000,26744,27036,-1,2,64,10.330,25706,26737,1847,1907,0
233012,-0.014,-0.028,-1.021,-0.108,0.039,0.074,0.028,-0.700,0.074,-0.710,1568525568.000,-0.000,27608,28396,7,-3,64,10.110,26595,26881,1925,1942,0
233112,-0.542,-0.017,-1.135,-0.353,0.153,-0.341,0.018,-0.696,0.079,-0.714,1384996096.000,0.002,25600,27012,15,3,64,10.110,26595,26881,1925,1942,0
233212,-0.158,-0.020,-0.986,0.529,-0.041,-0.520,-0.001,-0.697,0.058,-0.714,1384996096.000,0.001,26826,25795,-16,-18,64,10.070,26385,26246,1963,1868,0
233312,0.022,-0.028,-0.931,-0.182,0.023,0.019,-0.001,-0.698,0.042,-0.715,1384996096.000,0.001,26117,26512,12,5,64,10.070,26385,26246,1963,1868,0
233412,0.645,-0.155,-0.976,0.093,-0.024,0.384,-0.001,-0.698,0.057,-0.714,1384996096.000,-0.005,26697,25928,0,-12,64,9.940,26666,25773,1996,1887,0
233512,0.612,-0.291,-0.974,0.157,-0.057,0.953,0.035,-0.696,0.068,-0.714,1384996096.000,-0.014,25440,27163,5,-10,64,9.940,26666,25773,1996,1887,0
233612,0.084,-0.236,-0.731,-0.751,-0.300,0.486,0.045,-0.703,0.115,-0.701,1384996096.000,-0.017,25211,27375,18,19,64,9.940,26666,25773,1996,1887,0
233712,-0.496,-0.194,-0.522,0.543,-0.029,0.003,0.056,-0.706,0.116,-0.696,1384996096.000,-0.016,24952,27611,-11,-26,64,9.830,25380,26954,1927,1930,0
233812,-1.161,0.134,-0.303,-0.944,-0.252,-0.609,0.041,-0.713,0.114,-0.690,1384996096.000,-0.003,24834,27718,19,38,64,9.830,25380,26954,1927,1930,0
233912,-0.637,0.107,-0.331,1.034,0.341,-1.159,0.004,-0.715,0.077,-0.694,1384996096.000,-0.001,27157,25446,-25,-47,64,9.670,26455,26041,2044,1907,0
234012,0.134,-0.095,-0.519,-0.097,-0.049,-0.281,0.005,-0.711,0.029,-0.702,1384996096.000,-0.002,27003,25609,14,7,64,9.670,26455,26041,2044,1907,0
234112,0.475,-0.218,-0.893,0.148,-0.048,0.361,-0.002,-0.714,0.041,-0.699,1384996096.000,-0.007,26436,26194,0,-14,64,9.670,26455,26041,2044,1907,0
234212,0.213,-0.235,-0.810,-0.173,-0.190,0.591,0.023,-0.716,0.054,-0.696,1384996096.000,-0.012,25358,27239,9,4,64,9.520,26385,26109,2036,1984,0
234312,-0.577,0.173,-0.722,-0.361,-0.088,0.070,0.019,-0.723,0.082,-0.686,1384996096.000,-0.002,24660,27872,2,11,64,9.520,26385,26109,2036,1984,0
234412,-0.469,0.119,-0.553,0.222,0.341,-0.607,0.006,-0.718,0.071,-0.693,1384996096.000,-0.001,26322,26309,1,-19,64,9.340,25445,26954,2006,2047,0
234512,0.279,0.052,-0.485,0.246,0.056,-0.351,-0.002,-0.712,0.041,-0.701,1384996096.000,0.000,27397,25188,-4,-6,64,9.340,25445,26954,2006,2047,0
234612,0.385,0.041,-0.779,-0.058,0.107,0.370,0.004,-0.711,0.038,-0.702,1384996096.000,0.000,26206,26424,9,-2,64,9.340,25445,26954,2006,2047,0
234712,0.000,-0.009,-0.592,-0.386,0.193,0.478,0.011,-0.703,0.065,-0.708,1384996096.000,-0.000,25092,27484,17,2,64,9.180,26178,26246,2011,2047,0
234812,-0.183,-0.036,-0.482,-0.122,0.079,0.091,0.011,-0.698,0.083,-0.711,1384996096.000,0.000,25456,27148,5,-5,64,9.180,26178,26246,2011,2047,0
234912,-0.163,-0.147,-0.397,0.172,0.068,-0.080,0.012,-0.696,0.080,-0.714,1384996096.000,-0.002,25853,26769,2,-14,64,9.080,25706,26109,2046,2047,0
235012,0.284,-0.197,-0.331,0.059,-0.127,0.030,0.015,-0.697,0.076,-0.713,1384996096.000,-0.007,26572,26056,2,-5,64,9.080,25706,26109,2046,2047,0
235112,0.401,-0.153,-0.339,0.033,-0.220,0.213,0.020,-0.704,0.080,-0.706,1384996096.000,-0.008,26479,26150,-1,-2,64,9.080,25706,26109,2046,2047,0
235212,0.290,-0.160,-0.366,0.161,-0.109,0.382,0.035,-0.708,0.086,-0.700,1384996096.000,-0.011,25910,26715,0,-10,64,8.920,25575,25839,2047,2047,0
235312,-0.685,-0.125,-0.412,0.083,-0.087,0.521,0.057,-0.708,0.097,-0.697,1384996096.000,-0.010,23341,28986,2,-5,64,8.920,25575,25839,2047,2047,0
235412,-1.533,0.117,-0.555,-0.444,-0.064,-0.117,0.054,-0.711,0.115,-0.691,1384996096.000,-0.003,23292,29026,9,13,64,8.920,25575,25839,2047,2047,0
235512,-1.280,0.112,-0.575,0.228,0.351,-0.892,0.032,-0.709,0.099,-0.698,1384996096.000,-0.000,25195,27390,1,-22,64,8.920,23364,25839,1899,2047,0
235612,-0.654,-0.001,-0.782,0.240,0.004,-0.858,0.012,-0.705,0.054,-0.707,1584996096.000,0.000,28293,28009,-3,-5,64,8.920,23364,25839,1899,2047,0
235712,-0.171,-0.004,-0.766,-0.011,0.120,-0.608,-0.011,-0.706,0.028,-0.708,1584996096.000,0.000,28800,27488,8,-6,64,8.700,25125,25316,2047,2047,0
235812,0.174,-0.061,-0.819,0.117,0.216,-0.419,-0.026,-0.700,0.008,-0.714,1584996096.000,-0.000,29186,27078,7,-14,64,8.700,25125,25316,2047,2047,0
235912,0.360,-0.088,-1.032,-0.069,-0.011,-0.150,-0.036,-0.697,-0.000,-0.716,1584996096.000,-0.001,29127,27141,6,-1,64,8.700,25125,25316,2047,2047,0
236012,0.365,-0.086,-1.037,0.009,0.034,0.102,-0.038,-0.697,0.001,-0.716,1584996096.000,-0.001,28726,27565,5,-8,64,8.600,24752,25062,2047,2047,0
236112,0.207,-0.106,-1.065,0.178,0.072,0.349,-0.026,-0.694,0.005,-0.719,1584996096.000,-0.001,27953,28348,2,-13,64,8.600,24752,25062,2047,2047,0
236212,0.027,-0.100,-1.026,0.287,-0.081,1.612,0.004,-0.695,0.021,-0.719,1584996096.000,-0.000,25348,30700,-6,-11,64,8.520,24570,24875,2047,2047,0
236312,0.032,-0.078,-1.177,0.309,-0.133,1.768,0.072,-0.695,0.068,-0.712,1584996096.000,0.002,25348,30700,-6,-9,64,8.520,24570,24875,2047,2047,0
236412,-0.607,-0.161,-0.237,1.066,0.019,0.068,0.117,-0.693,0.043,-0.710,1584996096.000,-0.001,26518,29695,-18,-38,63,8.420,24390,24570,2047,2047,0
236512,-0.542,-0.216,0.833,0.267,0.109,-0.539,0.111,-0.688,0.020,-0.717,1384996096.000,-0.001,26030,26598,5,-18,63,8.420,24390,24570,2047,2047,0
236612,-0.331,-0.233,2.024,-0.412,-0.002,-0.297,0.094,-0.686,0.009,-0.722,1384996096.000,-0.001,25969,26657,20,4,64,8.320,24154,24390,2047,2047,0
236712,-0.915,-0.164,2.394,-0.376,0.127,-0.011,0.078,-0.687,0.017,-0.722,1384996096.000,0.003,24042,28407,19,-5,64,8.320,24154,24390,2047,2047,0
236812,-0.967,-0.254,2.084,0.124,0.279,0.126,0.076,-0.676,0.024,-0.732,1384996096.000,0.006,23606,28770,8,-24,63,8.250,23752,24154,2041,2047,0
236912,-1.054,-0.236,1.589,0.129,-0.341,0.158,0.086,-0.678,0.023,-0.729,1384996096.000,0.005,23329,28996,-7,-2,63,8.250,23752,24154,2041,2047,0
237012,-1.188,-0.167,1.370,0.106,-0.100,0.240,0.096,-0.687,0.026,-0.720,1384996096.000,0.004,23292,29026,3,-12,63,8.190,23310,24038,2033,2047,0
237112,-1.266,-0.177,1.180,0.009,0.001,0.010,0.104,-0.686,0.027,-0.720,1384996096.000,0.004,23292,29026,8,-9,63,8.190,23310,24038,2033,2047,0
237212,-1.245,-0.160,0.979,-0.021,-0.126,-0.076,0.102,-0.688,0.026,-0.718,1384996096.000,0.004,23428,28916,4,-5,63,8.100,23419,23809,2044,2047,0
237312,-1.214,-0.124,0.760,-0.059,-0.076,0.027,0.098,-0.692,0.027,-0.715,1384996096.000,0.003,23292,29026,5,-7,63,8.100,23419,23809,2044,2047,0
237412,-1.215,-0.120,0.667,0.011,0.040,-0.050,0.096,-0.692,0.028,-0.715,1544996096.000,0.003,25087,30259,6,-12,63,8.020,23310,23529,2047,2047,0
237512,-1.160,-0.132,0.448,0.037,0.079,-0.084,0.093,-0.691,0.026,-0.716,1584996096.000,0.003,25674,30428,7,-13,63,8.020,23310,23529,2047,2047,0
237612,-1.079,-0.144,0.158,0.050,-0.089,-0.138,0.089,-0.690,0.022,-0.718,1584996096.000,0.003,25962,30183,2,-8,63,8.020,23310,23529,2047,2047,0
237712,-0.955,-0.111,-0.054,-0.061,-0.011,-0.170,0.081,-0.694,0.017,-0.715,1584996096.000,0.002,26290,29897,8,-9,63,7.940,23094,23310,2047,2047,0
237812,-0.866,-0.133,-0.265,0.074,0.151,0.038,0.074,-0.691,0.015,-0.719,1430486272.000,0.002,24512,28804,8,-17,63,7.940,23094,23310,2047,2047,0
237912,-0.888,-0.155,-0.287,-0.108,-0.047,0.020,0.076,-0.689,0.016,-0.721,1384996096.000,0.003,24035,28414,9,-4,63,7.860,22883,23094,2047,2047,0
238012,-0.907,-0.129,-0.450,-0.106,0.002,-0.028,0.075,-0.692,0.018,-0.718,1384996096.000,0.002,24100,28358,10,-8,63,7.860,22883,23094,2047,2047,0
238112,-0.862,-0.150,-0.498,-0.230,0.176,-0.154,0.068,-0.689,0.020,-0.721,1184996096.000,0.003,22353,26179,19,-9,63,7.780,22779,22883,2047,2047,0
238212,-0.792,-0.190,-0.497,-0.114,0.014,-0.136,0.059,-0.684,0.022,-0.727,1184996096.000,0.003,22478,26072,9,-8,63,7.780,22779,22883,2047,2047,0
238312,-0.754,-0.137,-0.394,-0.066,-0.318,0.032,0.054,-0.690,0.023,-0.721,1184996096.000,0.002,22158,26344,-1,0,62,7.720,22222,22727,2047,2047,0
238412,-0.788,-0.044,-0.402,-0.107,-0.179,0.052,0.053,-0.701,0.027,-0.710,1184996096.000,0.001,22023,26457,5,-3,62,7.720,22222,22727,2047,2047,0
238512,-0.784,-0.042,-0.393,-0.192,0.204,-0.094,0.047,-0.701,0.032,-0.711,1184996096.000,0.001,22396,26142,17,-11,63,7.640,22321,22522,2047,2047,0
238612,-0.721,-0.090,-0.371,-0.109,0.097,-0.074,0.038,-0.696,0.035,-0.717,1184996096.000,0.002,22503,26050,10,-9,63,7.640,22321,22522,2047,2047,0
238712,-0.676,-0.073,-0.350,-0.140,-0.224,0.037,0.032,-0.698,0.036,-0.715,1184996096.000,0.001,22341,26189,2,2,63,7.640,22321,22522,2047,2047,0
238812,-0.681,0.005,-0.400,-0.118,-0.271,-0.037,0.028,-0.707,0.041,-0.706,1184996096.000,-0.000,22509,26045,0,2,62,7.590,22123,22371,2047,2047,0
238912,-0.625,0.102,-0.359,-0.062,-0.410,-0.112,0.021,-0.718,0.043,-0.695,1184996096.000,-0.001,22827,25767,-8,6,62,7.590,22123,22371,2047,2047,0
239012,-0.539,0.152,-0.308,0.069,0.132,-0.098,0.018,-0.724,0.038,-0.689,1184996096.000,-0.002,22999,25614,6,-13,62,7.520,21929,22222,2047,2047,0
239112,-0.549,0.086,-0.177,0.052,0.237,0.110,0.020,-0.716,0.036,-0.697,1184996096.000,-0.001,22473,26076,8,-12,62,7.520,21929,22222,2047,2047,0
239212,-0.610,0.022,-0.062,-0.053,0.207,0.017,0.021,-0.709,0.040,-0.704,1184996096.000,-0.000,22552,26008,11,-9,62,7.520,21929,22222,2047,2047,0
239312,-0.533,-0.019,-0.013,0.018,0.098,-0.002,0.016,-0.704,0.038,-0.709,1184996096.000,0.000,22785,25804,6,-9,62,7.430,21834,21978,2047,2047,0
239413,-0.481,-0.015,0.042,-0.224,-0.150,0.046,0.012,-0.704,0.037,-0.709,1184996096.000,0.000,22795,25795,7,6,62,7.430,21834,21978,2047,2047,0
239513,-0.519,0.025,0.052,-0.409,-0.058,0.067,0.003,-0.708,0.050,-0.704,1184996096.000,-0.000,22650,25922,14,5,62,7.370,21598,21739,2047,2047,0
239613,-0.429,0.072,0.100,-0.564,-0.058,0.082,-0.019,-0.713,0.063,-0.698,1184996096.000,-0.001,22830,25764,15,10,62,7.370,21598,21739,2047,2047,0
239713,-0.385,0.085,0.063,-0.702,0.066,-0.019,-0.045,-0.712,0.085,-0.696,1184996096.000,-0.001,23178,25451,21,9,62,7.370,21598,21739,2047,2047,0
239813,-0.330,0.060,-0.028,-0.676,0.201,-0.069,-0.071,-0.706,0.106,-0.696,1184996096.000,-0.000,23426,25224,24,4,62,7.300,21459,21551,2047,2047,0
239913,-0.286,0.006,-0.031,-0.694,0.202,0.026,-0.097,-0.697,0.128,-0.700,1184996096.000,0.000,23301,25339,26,5,62,7.300,21459,21551,2047,2047,0
240013,-0.222,-0.051,-0.085,-0.726,0.008,-0.007,-0.124,-0.686,0.144,-0.702,1184996096.000,0.000,23534,25123,22,11,62,7.220,21276,21413,2047,2047,0
240113,-0.123,-0.054,-0.138,-0.686,-0.101,-0.072,-0.152,-0.682,0.161,-0.697,1184996096.000,0.000,23914,24762,20,12,62,7.220,21276,21413,2047,2047,0
240213,-0.120,-0.042,-0.104,-0.544,0.070,0.059,-0.172,-0.678,0.181,-0.691,1184996096.000,0.000,23564,25094,23,2,61,7.160,21008,21231,2047,2047,0
240313,-0.216,-0.105,-0.088,-0.572,0.287,0.182,-0.188,-0.665,0.202,-0.694,1184996096.000,0.001,23103,25520,30,-2,61,7.160,21008,21231,2047,2047,0
240413,-0.301,-0.154,-0.134,-0.376,0.042,0.036,-0.198,-0.654,0.217,-0.697,1184996096.000,0.001,23249,25386,18,1,61,7.160,21008,21231,2047,2047,0
240514,-0.302,-0.145,-0.121,-0.336,0.006,-0.011,-0.208,-0.652,0.227,-0.693,1184996096.000,0.001,23355,25289,20,0,61,7.090,20876,21008,2047,2047,0
240613,-0.292,-0.188,-0.097,-0.192,0.241,0.032,-0.217,-0.645,0.231,-0.696,1184996096.000,0.002,23278,25360,23,-12,61,7.090,20876,21008,2047,2047,0
240713,-0.326,-0.243,-0.089,-0.179,0.083,0.041,-0.221,-0.636,0.234,-0.701,1184996096.000,0.002,23175,25455,20,-5,61,7.090,20876,21008,2047,2047,0
240814,-0.309,-0.236,-0.063,-0.199,-0.207,-0.033,-0.227,-0.636,0.238,-0.698,1184996096.000,0.002,23393,25254,13,3,62,7.020,20703,20876,2047,2047,0
240912,-0.260,-0.173,-0.075,-0.207,-0.153,-0.102,-0.233,-0.642,0.244,-0.689,1184996096.000,0.001,23667,24998,16,1,62,7.020,20703,20876,2047,2047,0
241013,-0.227,-0.159,-0.023,-0.113,0.027,0.000,-0.237,-0.643,0.246,-0.686,1184996096.000,0.001,23506,25148,18,-6,61,6.950,20449,20661,2047,2047,0
241113,-0.231,-0.158,-0.045,-0.077,-0.027,-0.026,-0.239,-0.642,0.248,-0.685,1184996096.000,0.001,23556,25102,15,-4,61,6.950,20449,20661,2047,2047,0
241213,-0.192,-0.137,-0.001,-0.093,-0.087,-0.049,-0.243,-0.644,0.250,-0.681,1184996096.000,0.001,23702,24965,14,-1,61,6.950,20449,20661,2047,2047,0
241313,-0.128,-0.127,0.010,-0.013,-0.024,0.076,-0.246,-0.646,0.247,-0.679,1184996096.000,0.000,23561,25098,14,-5,61,6.880,20366,20491,2047,2047,0
241412,-0.141,-0.140,0.010,-0.084,0.098,0.022,-0.247,-0.644,0.249,-0.680,1184996096.000,0.001,23654,25010,20,-6,61,6.880,20366,20491,2047,2047,0
241512,-0.129,-0.178,-0.003,-0.040,0.130,-0.011,-0.250,-0.639,0.248,-0.683,1184996096.000,0.001,23759,24910,20,-9,61,6.840,20242,20408,2047,2047,0
241612,-0.134,-0.199,-0.016,-0.023,0.034,0.029,-0.252,-0.637,0.248,-0.685,1184996096.000,0.001,23656,25008,17,-7,61,6.840,20242,20408,2047,2047,0
241712,-0.160,-0.205,-0.047,-0.031,-0.024,0.074,-0.252,-0.635,0.250,-0.686,1184996096.000,0.001,23490,25164,17,-6,61,6.770,20120,20242,2047,2047,0
241812,-0.163,-0.207,-0.081,-0.073,-0.026,0.011,-0.254,-0.634,0.252,-0.686,1184996096.000,0.001,23629,25033,18,-5,61,6.770,20120,20242,2047,2047,0
241912,-0.135,-0.200,-0.052,-0.022,-0.069,-0.024,-0.255,-0.635,0.251,-0.684,1184996096.000,0.001,23778,24892,16,-5,61,6.770,20120,20242,2047,2047,0
242012,-0.134,-0.183,-0.025,-0.026,-0.039,0.011,-0.255,-0.637,0.252,-0.682,1184996096.000,0.001,23696,24970,17,-6,60,6.710,19880,20040,2047,2047,0
242112,-0.140,-0.184,-0.028,-0.029,0.034,-0.022,-0.256,-0.637,0.253,-0.682,1184996096.000,0.001,23760,24909,19,-8,60,6.710,19880,20040,2047,2047,0
242212,-0.134,-0.195,-0.031,-0.001,0.040,0.003,-0.258,-0.635,0.254,-0.683,1184996096.000,0.001,23715,24952,18,-9,60,6.660,19762,19920,2047,2047,0
242312,-0.112,-0.205,-0.009,-0.059,0.023,-0.028,-0.260,-0.634,0.253,-0.683,1184996096.000,0.001,23837,24836,20,-7,60,6.660,19762,19920,2047,2047,0
242412,-0.109,-0.211,0.000,-0.023,0.012,0.011,-0.262,-0.633,0.254,-0.683,1184996096.000,0.001,23754,24915,19,-8,60,6.600,19646,19801,2047,2047,0
242512,-0.095,-0.213,-0.016,-0.020,-0.024,0.009,-0.263,-0.633,0.254,-0.683,1184996096.000,0.001,23792,24878,18,-7,60,6.600,19646,19801,2047,2047,0
242612,-0.094,-0.218,-0.019,-0.004,0.051,-0.014,-0.264,-0.632,0.254,-0.683,1184996096.000,0.001,23849,24824,20,-10,60,6.540,19531,19685,2047,2047,0
242712,-0.069,-0.239,-0.015,-0.051,0.077,-0.054,-0.268,-0.629,0.253,-0.684,1184996096.000,0.000,23998,24679,22,-10,60,6.540,19531,19685,2047,2047,0
242812,-0.055,-0.240,-0.006,-0.042,-0.058,0.000,-0.270,-0.629,0.254,-0.683,1184996096.000,0.000,23906,24769,18,-6,60,6.500,19305,19455,2047,2047,0
242912,-0.049,-0.217,-0.018,-0.043,-0.104,0.008,-0.270,-0.631,0.256,-0.680,1184996096.000,0.000,23900,24774,17,-5,60,6.500,19305,19455,2047,2047,0
243012,-0.024,-0.197,-0.032,-0.033,-0.014,-0.060,-0.271,-0.634,0.256,-0.678,1184996096.000,0.000,24115,24566,20,-8,59,6.430,19230,19305,2047,2047,0
243112,-0.003,-0.208,-0.043,0.011,0.043,-0.009,-0.273,-0.633,0.255,-0.678,1184996096.000,0.000,24051,24628,20,-11,59,6.430,19230,19305,2047,2047,0
243212,-0.015,-0.203,-0.045,-0.012,-0.037,0.013,-0.273,-0.633,0.256,-0.678,1184996096.000,0.000,23968,24709,18,-8,60,6.390,19083,19230,2047,2047,0
243312,-0.003,-0.201,-0.027,0.006,0.027,-0.064,-0.274,-0.633,0.256,-0.677,1184996096.000,0.000,24176,24505,20,-10,60,6.390,19083,19230,2047,2047,0
243412,0.045,-0.223,-0.010,0.018,0.139,-0.003,-0.277,-0.632,0.253,-0.679,1184996096.000,-0.000,24161,24520,23,-14,59,6.340,18939,19083,2047,2047,0
243512,0.034,-0.264,-0.015,0.039,0.101,0.074,-0.276,-0.627,0.250,-0.684,1184996096.000,-0.000,23958,24719,22,-13,59,6.340,18939,19083,2047,2047,0
243612,0.001,-0.268,-0.052,-0.003,-0.072,0.041,-0.274,-0.627,0.251,-0.685,1184996096.000,-0.000,23949,24728,19,-8,59,6.290,18796,18939,2047,2047,0
243712,-0.005,-0.251,-0.061,0.007,0.012,-0.034,-0.273,-0.628,0.251,-0.684,1184996096.000,0.000,24107,24573,22,-12,59,6.290,18796,18939,2047,2047,0
243812,0.023,-0.263,-0.040,0.047,0.073,0.039,-0.274,-0.628,0.249,-0.685,1179996160.000,-0.000,23953,24622,22,-15,59,6.290,18796,18939,2047,2047,0
243912,0.018,-0.282,-0.035,-0.037,0.040,-0.006,-0.274,-0.626,0.248,-0.687,1174996224.000,-0.000,23992,24483,24,-11,59,6.230,18587,18796,2047,2047,0
244012,0.027,-0.281,-0.058,-0.018,-0.076,-0.012,-0.275,-0.626,0.248,-0.686,1154996480.000,-0.000,23825,24235,20,-9,59,6.230,18587,18796,2047,2047,0
244112,0.036,-0.263,-0.044,-0.024,-0.018,-0.016,-0.275,-0.628,0.249,-0.684,1149996544.000,-0.000,23811,24147,23,-11,59,6.190,18518,18656,2047,2047,0
244212,0.044,-0.265,-0.018,-0.013,0.049,-0.010,-0.276,-0.628,0.248,-0.684,1134996736.000,-0.000,23667,23977,24,-13,59,6.190,18518,18656,2047,2047,0
244312,0.058,-0.280,-0.042,-0.042,0.036,-0.031,-0.277,-0.626,0.247,-0.685,1124996864.000,-0.000,23658,23776,25,-12,59,6.220,17361,18726,2047,2047,0
244412,0.080,-0.280,-0.057,0.017,-0.039,-0.024,-0.279,-0.627,0.247,-0.685,1109997056.000,-0.001,23553,23563,21,-12,59,6.220,17361,18726,2047,2047,0
244512,0.113,-0.276,-0.052,0.004,-0.011,-0.033,-0.280,-0.628,0.245,-0.684,1099997184.000,-0.001,23575,23328,23,-13,59,6.210,16447,18726,2047,2047,0
244612,0.134,-0.268,-0.019,-0.028,-0.057,-0.020,-0.281,-0.629,0.245,-0.682,1084997376.000,-0.001,23465,23116,23,-10,59,6.210,16447,18726,2047,2047,0
244712,0.137,-0.254,-0.012,0.004,-0.021,0.009,-0.281,-0.630,0.246,-0.681,1074997504.000,-0.001,23328,23039,23,-13,59,6.210,16447,18726,2047,2047,0
244812,0.158,-0.254,-0.004,-0.018,0.027,-0.056,-0.282,-0.631,0.245,-0.680,1064997632.000,-0.001,23457,22688,25,-13,58,6.220,15873,18796,2047,2047,0
244912,0.183,-0.257,-0.002,-0.073,-0.101,0.012,-0.283,-0.631,0.244,-0.680,1051397888.000,-0.001,23254,22598,23,-7,58,6.220,15873,18796,2047,2047,0
245012,0.146,-0.293,-0.612,0.152,0.289,0.142,-0.278,-0.628,0.239,-0.687,1042398208.000,-0.001,22775,22884,30,-26,58,7.130,1034,1096,2047,2047,0
245112,0.039,-0.362,-0.484,0.022,0.068,0.104,-0.271,-0.620,0.236,-0.698,1033398528.000,-0.000,22488,22971,27,-15,58,7.130,1034,1096,2047,2047,0
245212,0.013,-0.347,-0.270,0.037,-0.269,-0.006,-0.269,-0.621,0.238,-0.697,1024398848.000,-0.000,22590,22674,16,-8,58,7.130,1034,1096,2047,2047,0
245313,0.044,-0.244,-0.167,-0.053,-0.411,-0.063,-0.266,-0.633,0.242,-0.685,1015399168.000,-0.000,22721,22342,15,-2,58,7.680,305,305,2047,2047,0
245413,0.060,-0.132,-0.131,-0.091,-0.309,-0.020,-0.264,-0.646,0.248,-0.672,1006399488.000,-0.000,22589,22254,18,-4,58,7.680,305,305,2047,2047,0
245513,0.092,-0.057,-0.076,-0.079,-0.220,-0.071,-0.265,-0.654,0.251,-0.663,997399808.000,-0.000,22703,21954,18,-4,58,8.050,305,305,2047,2047,0
245613,0.094,-0.006,0.030,0.000,-0.121,0.124,-0.265,-0.659,0.255,-0.656,988400128.000,0.000,22146,22315,16,-8,58,8.050,305,305,2047,2047,0
245713,0.036,0.012,0.142,-0.067,0.011,-0.009,-0.262,-0.659,0.260,-0.655,979400448.000,0.000,22226,22032,21,-8,58,8.050,305,305,2047,2047,0
245813,0.090,0.018,0.175,-0.114,-0.051,-0.119,-0.268,-0.659,0.261,-0.652,970400768.000,0.000,22560,21481,19,-4,58,8.360,305,305,2047,2047,0
245913,0.138,0.027,0.102,-0.060,0.008,-0.020,-0.271,-0.661,0.260,-0.650,961401088.000,0.000,22377,21463,20,-7,58,8.360,305,305,2047,2047,0
246013,0.149,0.037,0.011,-0.066,-0.063,0.000,-0.273,-0.661,0.263,-0.647,952401408.000,0.000,22287,21347,18,-5,58,8.630,305,305,2047,2047,0
246113,0.177,0.062,0.006,-0.201,-0.082,-0.033,-0.277,-0.663,0.267,-0.642,943401728.000,0.000,22383,21034,21,0,58,8.630,305,305,2047,2047,0
246213,0.206,-0.033,0.048,-0.451,0.739,-0.142,-0.294,-0.649,0.272,-0.647,934402048.000,0.000,22668,20508,54,-21,58,8.630,305,305,2047,2047,0
246314,0.343,-0.204,-0.077,-0.193,0.231,-0.192,-0.319,-0.628,0.268,-0.657,925402368.000,-0.001,23125,19765,27,-12,58,8.840,305,305,2047,2047,0
246414,0.375,-0.257,-0.084,-0.289,0.337,-0.063,-0.326,-0.622,0.266,-0.661,916402688.000,-0.002,22834,19875,43,-14,58,8.840,305,305,2047,2047,0
246514,0.473,-0.321,-0.135,-0.060,0.227,-0.147,-0.340,-0.614,0.265,-0.662,906503040.000,-0.003,23050,19370,35,-21,58,8.840,305,305,2047,2047,0
246613,0.509,-0.386,-0.300,-0.054,0.210,-0.026,-0.350,-0.605,0.264,-0.665,898403328.000,-0.003,22868,19376,33,-22,57,9.070,305,305,2047,2047,0
246713,0.358,-0.409,-0.289,0.232,-0.012,0.562,-0.339,-0.601,0.265,-0.673,889403648.000,-0.003,20904,21270,21,-23,57,9.070,305,305,2047,2047,0
246813,0.107,-0.394,-0.125,-0.094,0.070,0.072,-0.323,-0.600,0.274,-0.679,880403968.000,-0.001,21371,20584,38,-15,57,9.240,305,305,2047,2047,0
246913,0.209,-0.563,0.005,0.354,1.009,-0.134,-0.333,-0.583,0.258,-0.695,871404288.000,-0.003,22101,19569,53,-63,57,9.240,305,305,2047,2047,0
247012,0.314,-0.886,0.019,0.224,0.993,0.081,-0.342,-0.550,0.227,-0.727,862404608.000,-0.006,21722,19762,59,-56,57,9.240,305,305,2047,2047,0
247112,0.237,-1.057,0.028,0.267,0.267,0.238,-0.334,-0.530,0.213,-0.750,853404928.000,-0.006,21015,20293,41,-41,57,9.390,305,305,2047,2047,0
247212,0.204,-1.059,-0.020,0.192,0.024,0.034,-0.323,-0.532,0.208,-0.755,844405248.000,-0.005,21351,19711,42,-38,57,9.390,305,305,2047,2047,0
247312,0.251,-1.118,-0.019,0.030,0.363,-0.148,-0.324,-0.526,0.200,-0.760,835405568.000,-0.007,21830,18944,59,-47,57,9.510,305,305,2047,2047,0
247412,0.362,-1.175,0.030,-0.080,0.042,-0.161,-0.334,-0.520,0.194,-0.762,826405888.000,-0.010,22039,18458,52,-37,57,9.510,305,305,2047,2047,0
247512,0.374,-1.199,0.109,-0.023,0.139,0.019,-0.338,-0.517,0.193,-0.763,817406208.000,-0.010,21512,18832,56,-45,57,9.630,305,305,2047,2047,0
247612,0.364,-1.236,0.171,-0.032,0.056,0.021,-0.340,-0.511,0.192,-0.766,808406528.000,-0.010,21375,18748,54,-43,57,9.630,305,305,2047,2047,0
247712,0.342,-1.281,0.140,-0.031,0.259,0.021,-0.341,-0.505,0.191,-0.769,799406848.000,-0.010,21214,18691,63,-51,57,9.730,305,305,2047,2047,0
247812,0.327,-1.320,0.127,-0.031,0.106,-0.032,-0.342,-0.499,0.190,-0.773,790407168.000,-0.010,21207,18458,60,-48,57,9.730,305,305,2047,2047,0
247912,0.383,-1.354,0.123,0.051,0.043,-0.064,-0.346,-0.496,0.185,-0.775,781407488.000,-0.012,21328,18070,57,-50,57,9.800,305,305,2047,2047,0
248012,0.402,-1.346,0.165,0.049,-0.006,0.064,-0.345,-0.498,0.184,-0.774,772407808.000,-0.012,20936,18278,58,-50,57,9.800,305,305,2047,2047,0
248112,0.372,-1.331,0.179,0.026,-0.092,0.109,-0.340,-0.500,0.184,-0.775,763408128.000,-0.011,20631,18379,57,-47,57,9.880,305,305,2047,2047,0
248212,0.319,-1.252,0.147,0.209,-0.514,0.128,-0.330,-0.511,0.188,-0.771,754408448.000,-0.009,20328,18471,38,-39,57,9.880,305,305,2047,2047,0
248312,0.300,-1.076,0.132,0.373,-0.574,0.211,-0.310,-0.536,0.190,-0.762,745408768.000,-0.007,19938,18651,33,-41,57,9.960,305,305,2047,2047,0
248412,0.245,-0.919,0.104,0.123,-0.491,0.133,-0.292,-0.558,0.193,-0.752,736409088.000,-0.005,19886,18465,42,-33,57,9.960,305,305,2047,2047,0
248512,0.180,-0.812,0.048,-0.043,-0.232,0.039,-0.282,-0.571,0.199,-0.745,727409408.000,-0.003,19855,18253,51,-35,57,9.960,305,305,2047,2047,0
248612,0.150,-0.795,-0.042,-0.036,-0.007,0.044,-0.282,-0.572,0.202,-0.743,718409728.000,-0.003,19643,18236,53,-42,57,10.010,305,305,2047,2047,0
248712,0.098,-0.772,-0.093,-0.072,-0.111,0.141,-0.280,-0.574,0.207,-0.741,709410048.000,-0.002,19102,18561,51,-38,57,10.010,305,305,2047,2047,0
248812,0.045,-0.746,-0.078,0.000,-0.172,-0.042,-0.276,-0.576,0.211,-0.740,700410368.000,-0.001,19355,18050,46,-37,57,10.070,305,305,2047,2047,0
248912,0.046,-0.668,-0.054,0.071,-0.320,0.076,-0.272,-0.587,0.213,-0.733,691410688.000,-0.001,18904,18277,40,-34,57,10.070,305,305,2047,2047,0
249012,0.026,-0.582,-0.056,0.068,-0.200,-0.023,-0.265,-0.598,0.216,-0.725,682411008.000,-0.000,19016,17911,44,-37,56,10.130,305,305,2047,2047,0
249112,0.036,-0.549,-0.017,0.013,-0.067,0.052,-0.263,-0.602,0.216,-0.722,673411328.000,-0.000,18706,17986,47,-38,56,10.130,305,305,2047,2047,0
249212,0.012,-0.533,0.003,0.000,-0.062,0.049,-0.261,-0.604,0.217,-0.721,664411648.000,-0.000,18516,17933,47,-37,56,10.190,305,305,2047,2047,0
249312,-0.026,-0.511,0.004,0.000,-0.110,0.054,-0.257,-0.606,0.219,-0.720,655411968.000,0.000,18244,17960,45,-35,56,10.190,305,305,2047,2047,0
249412,-0.049,-0.475,-0.033,0.066,-0.131,0.036,-0.254,-0.610,0.221,-0.717,646412288.000,0.001,18083,17872,43,-37,56,10.240,305,305,2047,2047,0
249512,-0.067,-0.436,-0.024,0.069,-0.137,0.043,-0.249,-0.615,0.221,-0.715,637412608.000,0.001,17852,17853,42,-36,56,10.240,305,305,2047,2047,0
249612,-0.106,-0.416,0.005,0.074,0.059,0.100,-0.244,-0.618,0.222,-0.714,628412928.000,0.001,17381,18064,48,-42,56,10.240,305,305,2047,2047,0
249712,-0.177,-0.440,0.013,0.089,0.079,0.153,-0.238,-0.615,0.221,-0.719,619413248.000,0.002,16771,18388,47,-42,56,10.280,305,305,2047,2047,0
249812,-0.257,-0.458,0.001,0.092,0.028,0.108,-0.232,-0.612,0.222,-0.723,610413568.000,0.003,16420,18461,46,-41,56,10.280,305,305,2047,2047,0
249912,-0.268,-0.443,-0.003,0.008,-0.098,-0.017,-0.229,-0.614,0.222,-0.722,601413888.000,0.003,16574,18075,46,-36,56,10.320,305,305,2047,2047,0
250012,-0.276,-0.421,-0.023,0.049,-0.094,0.061,-0.227,-0.617,0.222,-0.720,592414208.000,0.003,16058,18291,44,-38,56,10.320,305,305,2047,2047,0
250112,-0.303,-0.381,-0.039,0.046,-0.248,0.000,-0.223,-0.622,0.223,-0.717,583414528.000,0.003,15928,18158,40,-32,56,10.350,305,305,2047,2047,0
250212,-0.295,-0.316,-0.037,0.089,-0.163,0.002,-0.219,-0.630,0.224,-0.710,574414848.000,0.003,15715,18096,41,-36,56,10.350,305,305,2047,2047,0
250312,-0.273,-0.288,-0.081,0.044,-0.017,-0.031,-0.217,-0.635,0.222,-0.708,565415168.000,0.002,15680,17876,45,-38,56,10.350,305,305,2047,2047,0
250412,-0.249,-0.264,-0.071,0.126,-0.289,0.028,-0.215,-0.639,0.219,-0.706,556415488.000,0.002,15328,17930,33,-31,56,10.400,305,305,2047,2047,0
250513,-0.247,-0.152,-0.094,0.190,-0.577,0.027,-0.206,-0.653,0.219,-0.695,547415808.000,0.001,15121,17854,22,-23,56,10.400,305,305,2047,2047,0
250613,-0.255,0.018,-0.085,0.117,-0.510,-0.007,-0.193,-0.675,0.219,-0.678,538416128.000,0.000,15064,17649,26,-21,56,10.430,305,305,2047,2047,0
250713,-0.254,0.102,-0.021,0.080,0.014,0.008,-0.187,-0.685,0.218,-0.669,529416160.000,-0.000,14863,17565,39,-34,56,10.430,305,305,2047,2047,0
250813,-0.242,0.065,0.018,0.052,0.121,-0.082,-0.186,-0.682,0.214,-0.674,520416160.000,-0.000,15086,17112,40,-33,55,10.470,305,305,2047,2047,0
250912,-0.172,0.043,-0.015,0.104,0.046,-0.057,-0.188,-0.681,0.207,-0.676,511416160.000,-0.000,15100,16835,36,-34,55,10.470,305,305,2047,2047,0
251012,-0.157,0.025,-0.027,0.201,-0.009,0.000,-0.183,-0.681,0.200,-0.680,502416160.000,-0.000,14796,16837,33,-34,55,10.470,305,305,2047,2047,0
251113,-0.112,0.029,-0.058,0.288,0.043,-0.078,-0.177,-0.685,0.190,-0.681,493416160.000,-0.000,15099,16292,33,-39,55,10.510,305,305,2047,2047,0
251213,-0.075,0.012,-0.103,0.339,0.022,-0.032,-0.169,-0.686,0.177,-0.685,484416160.000,-0.000,14917,16183,31,-38,55,10.510,305,305,2047,2047,0
251313,-0.062,0.034,-0.108,0.289,-0.136,-0.062,-0.159,-0.691,0.167,-0.685,475416160.000,-0.000,14924,15896,28,-32,55,10.510,305,305,2047,2047,0
251413,0.026,0.076,-0.102,0.003,-0.166,-0.191,-0.157,-0.698,0.159,-0.680,466416160.000,0.000,15602,14933,34,-23,55,10.530,305,305,2047,2047,0
251512,0.082,0.138,-0.116,-0.187,-0.199,0.031,-0.162,-0.705,0.161,-0.672,457416160.000,0.000,14907,15336,36,-18,55,10.530,305,305,2047,2047,0
251612,0.065,0.186,-0.063,-0.371,-0.204,-0.028,-0.168,-0.708,0.173,-0.664,448416160.000,0.000,14920,15027,38,-13,55,10.550,305,305,2047,2047,0
251712,0.111,0.216,-0.018,-0.410,0.044,-0.034,-0.183,-0.708,0.185,-0.656,439416160.000,0.001,15008,14634,45,-20,55,10.550,305,305,2047,2047,0
251812,0.131,0.185,-0.014,-0.429,0.087,0.024,-0.199,-0.701,0.199,-0.655,430416160.000,0.001,14763,14576,45,-20,55,10.550,305,305,2047,2047,0
251912,0.072,0.196,0.009,-0.457,-0.108,0.118,-0.210,-0.697,0.217,-0.651,421416160.000,0.000,14036,14981,40,-13,55,10.580,305,305,2047,2047,0
252013,-0.007,0.230,0.048,-0.426,-0.152,0.120,-0.219,-0.694,0.237,-0.643,412416160.000,-0.000,13519,15154,37,-12,55,10.580,305,305,2047,2047,0
252112,-0.096,0.242,-0.016,-0.360,0.153,0.167,-0.226,-0.690,0.255,-0.639,403416160.000,-0.001,12694,15565,46,-23,55,10.610,305,305,2047,2047,0
252212,-0.159,0.201,-0.097,-0.403,0.043,0.059,-0.237,-0.679,0.268,-0.641,394416160.000,-0.001,12612,15341,43,-16,55,10.610,305,305,2047,2047,0
252312,-0.166,0.203,-0.129,-0.387,0.032,0.063,-0.248,-0.674,0.282,-0.636,385416160.000,-0.001,12347,15263,43,-17,55,10.620,305,305,2047,2047,0
252412,-0.125,0.202,-0.093,-0.331,0.017,0.058,-0.262,-0.669,0.292,-0.631,376416160.000,-0.001,12373,14944,40,-18,55,10.620,305,305,2047,2047,0
252512,-0.150,0.199,-0.026,-0.151,0.087,0.120,-0.268,-0.665,0.301,-0.628,367416160.000,-0.001,11789,15114,38,-24,55,10.650,305,305,2047,2047,0
252612,-0.273,0.157,-0.053,0.224,0.198,0.233,-0.263,-0.659,0.303,-0.636,358416160.000,-0.001,10418,15807,33,-36,55,10.650,305,305,2047,2047,0
252712,-0.371,0.088,-0.055,0.059,0.243,0.060,-0.257,-0.652,0.300,-0.647,349416160.000,-0.000,10598,15398,43,-32,55,10.650,305,305,2047,2047,0
252812,-0.343,0.023,-0.048,-0.029,0.208,-0.089,-0.262,-0.645,0.296,-0.654,340416160.000,0.000,11281,14600,44,-30,55,10.660,305,305,2047,2047,0
252912,-0.252,-0.017,-0.056,0.038,0.010,-0.023,-0.269,-0.642,0.291,-0.656,331416160.000,0.000,11207,14346,37,-29,55,10.660,305,305,2047,2047,0
253012,-0.253,-0.031,-0.072,0.046,0.012,-0.020,-0.267,-0.642,0.288,-0.659,322416160.000,0.000,10980,14208,38,-29,54,10.690,305,305,2047,2047,0
253112,-0.237,-0.031,-0.080,0.063,0.074,-0.007,-0.267,-0.643,0.286,-0.659,313416160.000,0.000,10789,14036,40,-32,54,10.690,305,305,2047,2047,0
253212,-0.227,-0.062,-0.113,0.013,0.089,-0.027,-0.268,-0.640,0.283,-0.662,304416160.000,0.001,10733,13756,42,-31,54,10.710,305,305,2047,2047,0
253312,-0.189,-0.054,-0.111,0.024,-0.017,-0.043,-0.269,-0.641,0.282,-0.661,295416160.000,0.000,10803,13368,39,-29,54,10.710,305,305,2047,2047,0
253412,-0.179,-0.069,-0.126,-0.018,0.009,-0.019,-0.270,-0.640,0.280,-0.662,286416160.000,0.000,10516,13260,41,-28,55,10.710,305,305,2047,2047,0
253512,-0.160,-0.033,-0.065,0.016,-0.153,-0.037,-0.269,-0.645,0.281,-0.658,277416160.000,0.000,10494,12934,35,-25,55,10.710,305,305,2047,2047,0
253612,-0.165,-0.027,-0.027,0.056,0.009,0.053,-0.268,-0.646,0.281,-0.658,268416160.000,0.000,9759,13160,38,-31,54,10.730,305,305,2047,2047,0
253712,-0.192,-0.015,-0.027,0.053,0.011,0.046,-0.264,-0.647,0.281,-0.658,259416160.000,0.000,9409,13072,39,-30,54,10.730,305,305,2047,2047,0
253812,-0.222,-0.026,-0.041,0.054,0.002,0.019,-0.262,-0.646,0.280,-0.660,250416160.000,0.000,9147,12913,38,-29,54,10.740,305,305,2047,2047,0
253912,-0.224,-0.026,-0.021,0.053,0.051,-0.021,-0.260,-0.647,0.278,-0.661,241416160.000,0.000,9134,12569,40,-31,54,10.740,305,305,2047,2047,0
254012,-0.220,-0.047,-0.011,0.079,0.091,-0.009,-0.258,-0.645,0.275,-0.664,232416160.000,0.000,8828,12429,41,-33,54,10.740,305,305,2047,2047,0
254112,-0.201,-0.070,-0.025,0.050,0.069,-0.006,-0.259,-0.644,0.271,-0.667,223416160.000,0.001,8671,12175,41,-32,54,10.740,305,305,2047,2047,0
254212,-0.201,-0.086,-0.045,0.019,-0.013,-0.006,-0.258,-0.643,0.270,-0.669,214416160.000,0.001,8407,11989,39,-29,54,10.760,305,305,2047,2047,0
254312,-0.198,-0.087,-0.047,0.002,0.023,-0.014,-0.258,-0.643,0.269,-0.669,205416160.000,0.001,8214,11745,42,-30,54,10.760,305,305,2047,2047,0
254412,-0.193,-0.091,-0.033,0.024,-0.013,-0.028,-0.257,-0.643,0.267,-0.670,196416160.000,0.001,8066,11461,40,-30,54,10.790,305,305,2047,2047,0
254512,-0.177,-0.096,-0.057,0.016,0.098,-0.029,-0.257,-0.643,0.265,-0.671,187416160.000,0.001,7903,11178,44,-34,54,10.790,305,305,2047,2047,0
254612,-0.149,-0.113,-0.068,0.032,-0.043,-0.009,-0.259,-0.642,0.263,-0.672,178416160.000,0.000,7666,10938,39,-30,54,10.800,305,305,2047,2047,0
254712,-0.157,-0.098,-0.042,0.009,0.000,0.022,-0.257,-0.644,0.263,-0.671,169416160.000,0.000,7070,10928,42,-31,54,10.800,305,305,2047,2047,0
254812,-0.167,-0.113,0.013,0.021,0.071,-0.063,-0.255,-0.642,0.261,-0.674,160416160.000,0.001,7332,10328,43,-33,54,10.800,305,305,2047,2047,0
254912,-0.132,-0.149,-0.007,0.094,0.149,-0.009,-0.257,-0.640,0.257,-0.677,151416160.000,0.001,6869,10209,44,-38,54,10.800,305,305,2047,2047,0
255012,-0.130,-0.163,-0.028,0.066,-0.102,0.013,-0.255,-0.639,0.253,-0.680,142416160.000,0.001,6362,10097,38,-30,54,10.800,305,305,2047,2047,0
255112,-0.160,-0.131,-0.060,0.006,-0.082,0.078,-0.251,-0.643,0.255,-0.677,133416160.000,0.001,5050,10388,41,-30,54,10.800,305,305,2047,2047,0
255212,-0.212,-0.127,-0.052,0.050,-0.042,0.036,-0.246,-0.643,0.256,-0.679,124416160.000,0.001,4475,10217,40,-32,54,10.800,305,305,2047,2047,0
255312,-0.229,-0.124,-0.029,-0.029,0.028,0.037,-0.245,-0.643,0.256,-0.679,115416160.000,0.001,3666,10098,44,-32,54,10.820,305,305,2047,2047,0
255412,-0.255,-0.124,-0.014,-0.032,-0.076,0.077,-0.245,-0.642,0.259,-0.679,106416160.000,0.001,1300,10234,40,-29,54,10.820,305,305,2047,2047,0
255512,-0.278,-0.112,-0.076,0.033,0.017,0.013,-0.244,-0.643,0.261,-0.678,97416160.000,0.001,1269,9788,42,-34,54,10.820,305,305,2047,2047,0
255612,-0.253,-0.095,-0.079,0.026,-0.143,-0.087,-0.243,-0.646,0.259,-0.676,88416160.000,0.001,3305,8803,37,-28,54,10.850,305,305,2047,2047,0
255712,-0.202,-0.078,-0.032,-0.016,-0.004,-0.032,-0.246,-0.648,0.258,-0.673,79416160.000,0.001,2452,8568,42,-31,54,10.850,305,305,2047,2047,0
255812,-0.219,-0.062,0.005,-0.004,-0.077,0.080,-0.244,-0.650,0.260,-0.671,70416160.000,0.001,0,9116,39,-29,54,10.860,305,305,2047,2047,0
255912,-0.255,-0.077,-0.043,-0.029,0.128,0.018,-0.245,-0.647,0.262,-0.673,61416160.000,0.001,0,8704,46,-35,54,10.860,305,305,2047,2047,0
256012,-0.216,-0.076,-0.052,-0.010,-0.059,-0.087,-0.247,-0.648,0.261,-0.672,52416160.000,0.001,0,7443,40,-29,54,10.860,305,305,2047,2047,0
256112,-0.183,-0.088,-0.096,0.001,0.042,-0.040,-0.248,-0.647,0.258,-0.673,43416160.000,0.001,0,7243,43,-33,54,10.870,305,305,2047,2047,0
256212,-0.163,-0.073,-0.088,0.014,-0.043,-0.017,-0.249,-0.649,0.258,-0.671,34416160.000,0.000,0,6947,40,-31,54,10.870,305,305,2047,2047,0
256312,-0.148,-0.066,-0.056,0.033,0.012,0.002,-0.249,-0.650,0.257,-0.670,25416160.000,0.000,0,6650,41,-33,53,10.880,305,305,2047,2047,0
256412,-0.137,-0.068,-0.003,-0.008,0.051,-0.011,-0.249,-0.650,0.256,-0.670,16416160.000,0.000,0,6089,44,-33,53,10.880,305,305,2047,2047,0
256512,-0.131,-0.104,-0.009,0.012,0.058,-0.033,-0.250,-0.647,0.254,-0.674,7416160.000,0.000,0,5427,43,-33,53,10.880,305,305,2047,2047,0
256612,-0.097,-0.114,-0.034,0.028,0.073,-0.049,-0.252,-0.646,0.251,-0.675,0.000,0.000,0,4501,44,-35,53,10.890,305,305,2047,2047,0
256712,-0.080,-0.129,-0.050,0.046,0.009,0.007,-0.252,-0.645,0.249,-0.677,0.000,0.000,0,4955,42,-34,53,10.890,305,305,2047,2047,0
256812,-0.072,-0.137,-0.042,0.009,0.101,0.010,-0.253,-0.644,0.249,-0.677,0.000,0.000,0,4904,46,-37,53,10.890,305,305,2047,2047,0
256912,-0.093,-0.153,-0.067,0.029,-0.032,0.011,-0.252,-0.643,0.248,-0.680,0.000,0.000,0,5143,41,-33,53,10.910,305,305,2047,2047,0
257012,-0.092,-0.139,-0.073,0.021,-0.046,0.013,-0.251,-0.645,0.248,-0.678,0.000,0.000,0,5159,42,-33,53,10.910,305,305,2047,2047,0
257112,-0.105,-0.127,-0.051,0.041,-0.048,0.001,-0.249,-0.646,0.248,-0.678,0.000,0.000,0,5162,41,-33,53,10.910,305,305,2047,2047,0
257212,-0.078,-0.116,-0.035,0.014,0.013,-0.010,-0.250,-0.648,0.247,-0.676,0.000,0.000,0,4745,44,-35,53,10.910,305,305,2047,2047,0
257312,-0.090,-0.117,-0.040,0.006,-0.018,0.027,-0.248,-0.648,0.247,-0.677,0.000,0.000,0,5271,43,-33,53,10.930,305,305,2047,2047,0
257412,-0.101,-0.112,-0.054,0.000,-0.007,-0.004,-0.247,-0.648,0.248,-0.676,0.000,0.000,0,5063,43,-33,53,10.930,305,305,2047,2047,0
257512,-0.109,-0.101,-0.029,0.020,-0.049,0.004,-0.246,-0.649,0.248,-0.675,0.000,0.000,0,5240,41,-32,53,10.930,305,305,2047,2047,0
257612,-0.104,-0.095,-0.002,0.029,0.050,-0.020,-0.245,-0.650,0.247,-0.675,0.000,0.000,0,4927,44,-36,53,10.950,305,305,2047,2047,0
257712,-0.086,-0.108,-0.003,0.030,-0.010,-0.011,-0.246,-0.649,0.245,-0.676,0.000,0.000,0,4822,42,-34,53,10.950,305,305,2047,2047,0
257812,-0.078,-0.104,0.005,0.002,0.007,-0.021,-0.246,-0.650,0.245,-0.676,0.000,0.000,0,4609,44,-34,53,10.950,305,305,2047,2047,0
257912,-0.066,-0.114,0.014,0.000,0.006,-0.042,-0.246,-0.650,0.243,-0.677,0.000,0.000,0,4191,44,-33,53,10.950,305,305,2047,2047,0
258012,-0.050,-0.127,-0.002,-0.012,0.103,0.031,-0.248,-0.648,0.242,-0.678,0.000,0.000,0,4894,47,-37,53,10.960,305,305,2047,2047,0
258112,-0.071,-0.142,-0.027,-0.012,-0.003,0.006,-0.248,-0.646,0.243,-0.680,0.000,0.000,0,4844,44,-34,53,10.960,305,305,2047,2047,0
258212,-0.061,-0.140,-0.062,-0.020,0.004,-0.027,-0.248,-0.646,0.243,-0.679,0.000,0.000,0,4338,45,-34,52,10.980,305,305,2047,2047,0
258312,-0.053,-0.138,-0.037,-0.012,-0.047,-0.039,-0.249,-0.647,0.242,-0.679,0.000,0.000,0,4069,43,-33,52,10.980,305,305,2047,2047,0
258412,-0.043,-0.146,-0.038,-0.003,0.107,0.028,-0.250,-0.646,0.242,-0.680,0.000,0.000,0,4776,48,-39,53,10.990,305,305,2047,2047,0
258512,-0.058,-0.148,-0.050,-0.010,-0.054,-0.004,-0.249,-0.645,0.243,-0.680,0.000,0.000,0,4569,43,-33,53,10.990,305,305,2047,2047,0
258612,-0.056,-0.145,-0.065,-0.049,-0.013,-0.004,-0.250,-0.646,0.243,-0.680,0.000,0.000,0,4551,46,-33,52,10.990,305,305,2047,2047,0
258712,-0.072,-0.139,-0.037,-0.018,-0.062,0.004,-0.249,-0.646,0.245,-0.679,0.000,0.000,0,4839,44,-33,52,10.990,305,305,2047,2047,0
258812,-0.073,-0.144,-0.049,-0.014,0.072,0.026,-0.250,-0.645,0.245,-0.679,0.000,0.000,0,5086,48,-38,52,10.980,305,305,2047,2047,0
258912,-0.084,-0.138,-0.058,-0.019,-0.042,-0.003,-0.250,-0.645,0.247,-0.679,0.000,0.000,0,4890,44,-34,52,10.980,305,305,2047,2047,0
259012,-0.080,-0.136,-0.045,-0.032,-0.034,-0.016,-0.250,-0.645,0.247,-0.678,0.000,0.000,0,4703,45,-33,52,10.990,305,305,2047,2047,0
259112,-0.087,-0.130,-0.026,-0.011,-0.029,-0.010,-0.250,-0.646,0.247,-0.678,0.000,0.000,0,4845,45,-34,52,10.990,305,305,2047,2047,0
259212,-0.083,-0.132,-0.033,0.033,0.044,0.049,-0.250,-0.646,0.247,-0.678,0.000,0.000,0,5428,46,-38,52,11.000,305,305,2047,2047,0
259312,-0.101,-0.136,-0.053,0.014,-0.029,0.008,-0.249,-0.645,0.247,-0.679,0.000,0.000,0,5189,44,-35,52,11.000,305,305,2047,2047,0
259412,-0.106,-0.131,-0.039,-0.011,-0.043,0.041,-0.248,-0.646,0.247,-0.678,0.000,0.000,0,5587,45,-34,52,11.000,305,305,2047,2047,0
259512,-0.159,-0.129,-0.036,0.001,0.000,0.027,-0.244,-0.646,0.248,-0.680,0.000,0.001,0,5953,46,-35,52,11.000,305,305,2047,2047,0
259612,-0.150,-0.128,-0.031,0.018,0.022,-0.018,-0.244,-0.646,0.248,-0.679,0.000,0.001,0,5436,46,-37,52,11.000,305,305,2047,2047,0
259712,-0.148,-0.131,-0.036,0.009,-0.020,0.010,-0.244,-0.646,0.248,-0.680,0.000,0.001,0,5690,45,-35,52,11.020,305,305,2047,2047,0
259812,-0.133,-0.126,-0.034,-0.028,-0.038,-0.057,-0.245,-0.646,0.248,-0.679,0.000,0.000,0,4839,45,-34,52,11.020,305,305,2047,2047,0
259912,-0.121,-0.121,-0.003,-0.010,-0.028,-0.017,-0.245,-0.647,0.247,-0.678,0.000,0.000,0,5140,45,-35,52,11.010,305,305,2047,2047,0
260012,-0.102,-0.129,0.016,-0.001,0.073,-0.016,-0.247,-0.646,0.246,-0.679,0.000,0.000,0,4947,48,-38,52,11.010,305,305,2047,2047,0
260112,-0.104,-0.143,0.001,-0.017,0.038,0.018,-0.248,-0.645,0.246,-0.680,0.000,0.000,0,5327,48,-37,52,11.030,305,305,2047,2047,0
260212,-0.105,-0.154,-0.037,-0.016,0.016,-0.019,-0.248,-0.643,0.246,-0.681,0.000,0.000,0,4948,47,-37,52,11.030,305,305,2047,2047,0
260312,-0.096,-0.157,-0.038,-0.008,-0.029,-0.041,-0.249,-0.643,0.245,-0.681,0.000,0.000,0,4581,46,-36,52,11.030,305,305,2047,2047,0
260412,-0.067,-0.159,-0.029,0.000,0.060,0.007,-0.251,-0.643,0.244,-0.681,0.000,0.000,0,4804,49,-39,52,11.040,305,305,2047,2047,0
260512,-0.074,-0.162,-0.027,0.000,0.008,0.003,-0.251,-0.643,0.244,-0.681,0.000,0.000,0,4844,47,-38,52,11.040,305,305,2047,2047,0
260612,-0.059,-0.172,-0.045,-0.009,-0.008,-0.042,-0.252,-0.642,0.243,-0.682,0.000,0.000,0,4103,47,-37,52,11.040,305,305,2047,2047,0
260712,-0.038,-0.166,-0.046,0.000,-0.053,-0.023,-0.253,-0.643,0.243,-0.681,0.000,0.000,0,4077,46,-36,52,11.040,305,305,2047,2047,0
260812,-0.042,-0.167,-0.046,0.000,0.089,0.041,-0.253,-0.643,0.243,-0.681,0.000,0.000,0,4913,51,-41,52,11.040,305,305,2047,2047,0
260912,-0.067,-0.171,-0.065,0.000,-0.052,0.016,-0.252,-0.642,0.244,-0.682,0.000,0.000,0,4909,46,-36,52,11.050,305,305,2047,2047,0
261012,-0.069,-0.162,-0.054,0.013,-0.030,0.006,-0.251,-0.643,0.244,-0.681,0.000,0.000,0,4817,47,-38,52,11.050,305,305,2047,2047,0
261112,-0.077,-0.159,-0.038,0.030,-0.026,0.012,-0.250,-0.643,0.244,-0.681,0.000,0.000,0,4979,46,-38,52,11.060,305,305,2047,2047,0
261212,-0.065,-0.159,-0.031,-0.003,0.067,0.012,-0.251,-0.643,0.244,-0.681,0.000,0.000,0,4843,50,-40,52,11.060,305,305,2047,2047,0
261312,-0.091,-0.163,-0.047,0.001,-0.038,0.033,-0.250,-0.643,0.245,-0.682,0.000,0.000,0,5351,47,-37,52,11.060,305,305,2047,2047,0
261412,-0.103,-0.153,-0.064,-0.003,-0.020,-0.004,-0.249,-0.643,0.246,-0.681,0.000,0.000,0,5084,48,-38,52,11.070,305,305,2047,2047,0
261512,-0.110,-0.143,-0.050,0.040,-0.040,0.034,-0.247,-0.645,0.246,-0.680,0.000,0.000,0,5561,46,-38,52,11.070,305,305,2047,2047,0
261612,-0.095,-0.131,-0.011,0.001,0.018,-0.017,-0.248,-0.646,0.246,-0.679,0.000,0.000,0,4865,48,-39,51,11.070,305,305,2047,2047,0
261712,-0.093,-0.143,-0.019,0.006,0.046,-0.007,-0.248,-0.645,0.245,-0.680,0.000,0.000,0,4944,49,-39,51,11.070,305,305,2047,2047,0
261812,-0.080,-0.145,-0.033,-0.009,-0.009,-0.017,-0.249,-0.645,0.245,-0.680,0.000,0.000,0,4682,48,-37,51,11.070,305,305,2047,2047,0
261912,-0.081,-0.144,-0.034,0.016,-0.032,0.029,-0.249,-0.645,0.245,-0.680,0.000,0.000,0,5201,46,-38,51,11.080,305,305,2047,2047,0
262012,-0.069,-0.133,0.000,-0.032,0.038,-0.032,-0.251,-0.646,0.246,-0.678,0.000,0.000,0,4325,50,-39,51,11.080,305,305,2047,2047,0
262112,-0.062,-0.142,0.003,0.000,0.000,-0.004,-0.252,-0.645,0.246,-0.678,0.000,0.000,0,4613,47,-38,51,11.100,305,305,2047,2047,0
262212,-0.050,-0.149,-0.013,-0.009,0.021,-0.036,-0.252,-0.644,0.245,-0.679,0.000,0.000,0,4070,49,-38,51,11.100,305,305,2047,2047,0
262312,-0.030,-0.156,-0.024,0.030,0.048,0.002,-0.254,-0.644,0.244,-0.679,0.000,0.000,0,4311,48,-41,51,11.100,305,305,2047,2047,0
262412,-0.006,-0.159,-0.025,-0.017,0.024,-0.041,-0.255,-0.644,0.242,-0.679,0.000,0.000,0,3311,49,-39,51,11.100,305,305,2047,2047,0
262512,-0.007,-0.174,-0.072,-0.014,-0.034,-0.003,-0.256,-0.642,0.242,-0.681,0.000,0.000,0,3911,47,-36,51,11.100,305,305,2047,2047,0
262612,0.008,-0.158,-0.100,-0.060,-0.093,-0.036,-0.257,-0.644,0.243,-0.678,0.000,-0.000,0,3112,47,-34,51,11.100,305,305,2047,2047,0
262712,-0.004,-0.136,-0.116,-0.062,-0.050,0.064,-0.258,-0.645,0.247,-0.675,0.000,0.000,0,4703,48,-36,51,11.100,305,305,2047,2047,0
262812,-0.054,-0.110,-0.101,-0.021,-0.081,0.021,-0.255,-0.647,0.251,-0.673,0.000,0.000,0,4823,46,-35,51,11.100,305,305,2047,2047,0
262912,-0.061,-0.111,-0.063,-0.132,-0.004,-0.051,-0.257,-0.646,0.253,-0.673,0.000,0.000,0,4007,51,-33,51,11.110,305,305,2047,2047,0
263012,-0.026,-0.125,-0.073,-0.191,0.158,-0.037,-0.265,-0.643,0.256,-0.671,0.000,0.000,0,3693,57,-38,51,11.110,305,305,2047,2047,0
263112,-0.001,-0.190,-0.160,-0.260,0.260,-0.096,-0.276,-0.634,0.259,-0.675,0.000,0.000,0,2049,62,-39,51,11.140,305,305,2047,2047,0
263212,0.078,-0.236,-0.184,-0.228,-0.069,-0.107,-0.291,-0.626,0.262,-0.674,0.000,-0.000,2729,0,49,-31,51,11.140,305,305,2047,2047,0
263312,0.055,-0.138,-0.250,0.032,-0.410,0.107,-0.288,-0.636,0.270,-0.664,0.000,-0.000,0,4234,34,-28,51,11.130,305,305,2047,2047,0
263412,-0.027,-0.031,-0.160,0.284,-0.362,0.117,-0.273,-0.648,0.273,-0.656,0.000,0.000,0,5394,29,-35,51,11.130,305,305,2047,2047,0
263512,-0.061,-0.002,0.012,0.456,0.236,0.091,-0.258,-0.656,0.264,-0.658,0.000,0.000,0,5600,44,-56,51,11.150,305,305,2047,2047,0
263612,-0.108,-0.097,0.219,0.472,0.221,0.000,-0.244,-0.650,0.246,-0.676,0.000,0.000,0,5190,42,-51,51,11.150,305,305,2047,2047,0
263712,-0.085,-0.158,0.309,0.683,0.333,0.042,-0.228,-0.651,0.224,-0.689,0.000,0.000,0,5380,42,-63,51,11.140,305,305,2047,2047,0
263812,-0.018,-0.245,0.243,0.487,0.149,-0.217,-0.213,-0.648,0.198,-0.704,0.000,0.000,2689,0,43,-50,51,11.140,305,305,2047,2047,0
263912,0.171,-0.291,0.099,0.313,0.279,-0.171,-0.212,-0.648,0.176,-0.710,0.000,-0.001,5130,0,53,-54,51,11.150,305,305,2047,2047,0
264012,0.164,-0.341,0.003,0.296,0.097,0.173,-0.200,-0.645,0.163,-0.719,0.000,-0.001,0,3293,46,-49,51,11.150,305,305,2047,2047,0
264112,0.083,-0.321,-0.174,0.068,-0.160,0.194,-0.192,-0.648,0.165,-0.719,0.000,-0.001,0,4704,44,-38,51,11.150,305,305,2047,2047,0
264212,-0.008,-0.224,-0.151,-0.063,-0.349,0.101,-0.186,-0.658,0.173,-0.709,0.000,0.000,0,4788,41,-30,51,11.150,305,305,2047,2047,0
264312,-0.079,-0.173,-0.170,-0.309,-0.084,0.148,-0.188,-0.661,0.185,-0.702,0.000,0.000,0,6099,55,-31,51,11.150,305,305,2047,2047,0
264412,-0.228,-0.158,-0.170,-0.331,-0.063,0.152,-0.191,-0.658,0.203,-0.700,0.000,0.001,0,7537,53,-31,51,11.160,305,305,2047,2047,0
264512,-0.257,-0.177,-0.159,-0.267,0.190,-0.093,-0.199,-0.652,0.212,-0.700,0.000,0.001,0,5745,59,-41,51,11.160,305,305,2047,2047,0
264612,-0.169,-0.242,-0.128,-0.307,0.112,-0.294,-0.214,-0.643,0.213,-0.703,0.000,0.001,0,1028,58,-36,51,11.150,305,305,2047,2047,0
264712,0.126,-0.278,-0.121,-0.583,0.128,-0.510,-0.246,-0.639,0.212,-0.697,0.000,-0.001,7721,0,67,-30,51,11.150,305,305,2047,2047,0
264812,0.221,-0.271,0.003,-0.288,-0.094,0.024,-0.263,-0.637,0.221,-0.690,0.000,-0.001,3853,0,52,-33,51,11.170,305,305,2047,2047,0
264912,0.156,-0.228,0.182,-0.112,-0.499,0.224,-0.268,-0.638,0.234,-0.683,0.000,-0.001,0,3618,34,-24,51,11.170,305,305,2047,2047,0
265012,-0.019,-0.134,-0.115,-0.123,0.001,0.243,-0.259,-0.645,0.249,-0.675,0.000,0.000,0,6025,53,-38,51,11.160,305,305,2047,2047,0
265112,-0.109,-0.128,-0.343,0.029,-0.028,-0.080,-0.256,-0.643,0.255,-0.675,0.000,0.000,0,3534,46,-40,51,11.160,305,305,2047,2047,0
265212,-0.042,-0.123,-0.131,0.340,0.082,-0.031,-0.253,-0.647,0.247,-0.675,0.000,0.000,0,3223,41,-50,51,11.160,305,305,2047,2047,0
265312,-0.019,-0.127,0.190,0.546,-0.061,0.121,-0.241,-0.652,0.233,-0.681,0.000,0.000,0,4977,32,-49,51,11.160,305,305,2047,2047,0
265412,-0.110,-0.067,0.289,0.504,-0.370,0.146,-0.217,-0.663,0.222,-0.681,0.000,0.000,0,6301,25,-37,51,11.160,305,305,2047,2047,0
265512,-0.188,-0.036,0.144,0.669,0.099,0.084,-0.193,-0.671,0.208,-0.685,0.000,0.000,0,6655,34,-56,51,11.170,305,305,2047,2047,0
265612,-0.173,-0.004,-0.069,0.263,-0.050,-0.244,-0.172,-0.681,0.189,-0.686,0.000,0.000,0,2654,43,-37,51,11.170,305,305,2047,2047,0
265712,-0.000,-0.065,-0.207,-0.042,0.368,-0.226,-0.180,-0.677,0.176,-0.692,0.000,0.000,3395,0,60,-45,51,11.180,305,305,2047,2047,0
265812,0.144,-0.180,-0.186,-0.173,0.397,-0.211,-0.194,-0.665,0.169,-0.702,0.000,-0.001,5354,0,62,-45,51,11.180,305,305,2047,2047,0
265912,0.293,-0.285,0.031,-0.414,0.243,-0.270,-0.213,-0.652,0.166,-0.709,0.000,-0.002,7491,0,65,-35,51,11.170,305,305,2047,2047,0
266012,0.431,-0.327,0.170,-0.527,-0.287,-0.221,-0.239,-0.644,0.174,-0.705,0.000,-0.003,8494,0,50,-19,51,11.170,305,305,2047,2047,0
266112,0.508,-0.200,0.052,-0.577,-0.031,-0.051,-0.256,-0.656,0.192,-0.684,0.000,-0.002,8261,0,65,-31,51,11.170,305,305,2047,2047,0
266212,0.429,-0.236,-0.155,-0.439,-0.147,0.176,-0.270,-0.645,0.210,-0.683,0.000,-0.002,6215,0,52,-27,51,11.190,305,305,2047,2047,0
266313,0.253,-0.174,-0.313,-0.189,-0.199,0.197,-0.269,-0.646,0.231,-0.676,0.000,-0.001,4235,0,46,-32,51,11.190,305,305,2047,2047,0
266413,0.120,-0.153,-0.332,0.001,0.066,0.186,-0.265,-0.646,0.240,-0.675,0.000,-0.000,2123,0,50,-43,50,11.200,305,305,2047,2047,0
266513,-0.037,-0.195,-0.154,0.197,0.234,0.250,-0.255,-0.639,0.243,-0.684,0.000,0.000,0,4667,50,-52,50,11.200,305,305,2047,2047,0
266613,-0.082,-0.241,0.193,0.316,0.054,-0.127,-0.247,-0.636,0.236,-0.692,0.000,0.000,3636,0,42,-48,50,11.200,305,305,2047,2047,0
266713,-0.000,-0.192,0.374,0.482,-0.339,0.069,-0.237,-0.647,0.222,-0.690,0.000,0.000,1110,0,27,-41,50,11.200,305,305,2047,2047,0
266813,0.012,-0.171,0.145,0.502,-0.011,0.000,-0.221,-0.654,0.208,-0.693,0.000,-0.000,3170,0,37,-51,50,11.200,305,305,2047,2047,0
266913,0.077,-0.134,-0.034,0.352,-0.138,-0.207,-0.207,-0.664,0.191,-0.692,0.000,-0.000,6392,0,38,-41,50,11.200,305,305,2047,2047,0
267013,0.235,-0.127,-0.234,0.012,0.047,-0.204,-0.209,-0.669,0.178,-0.691,0.000,-0.001,7870,0,51,-38,50,11.200,305,305,2047,2047,0
267113,0.336,-0.170,-0.147,-0.144,0.208,-0.118,-0.218,-0.664,0.174,-0.693,0.000,-0.001,8059,0,58,-41,50,11.200,305,305,2047,2047,0
267213,0.376,-0.247,0.062,-0.264,0.129,-0.074,-0.230,-0.654,0.177,-0.699,0.000,-0.002,8034,0,57,-36,50,11.210,305,305,2047,2047,0
267314,0.341,-0.277,0.141,-0.118,-0.077,0.171,-0.237,-0.648,0.185,-0.700,0.000,-0.002,5801,0,46,-37,50,11.210,305,305,2047,2047,0
267414,0.242,-0.134,0.142,-0.129,-0.358,0.017,-0.229,-0.663,0.196,-0.685,0.000,-0.001,6306,0,43,-28,50,11.210,305,305,2047,2047,0
267514,0.222,-0.171,0.068,-0.026,0.103,0.044,-0.234,-0.657,0.200,-0.688,0.000,-0.001,5876,0,50,-43,50,11.210,305,305,2047,2047,0
267614,0.174,-0.149,-0.177,0.197,-0.130,0.058,-0.227,-0.660,0.200,-0.688,0.000,-0.001,5271,0,37,-41,50,11.210,305,305,2047,2047,0
267714,0.182,-0.148,-0.322,0.361,0.062,0.017,-0.219,-0.662,0.191,-0.690,0.000,-0.001,5762,0,40,-50,50,11.200,305,305,2047,2047,0
267813,0.210,-0.144,-0.276,0.328,0.037,-0.032,-0.208,-0.667,0.178,-0.693,0.000,-0.001,6451,0,42,-47,50,11.200,305,305,2047,2047,0
267913,0.248,-0.200,-0.173,0.208,0.274,0.078,-0.203,-0.663,0.166,-0.702,0.000,-0.001,5809,0,52,-52,50,11.200,305,305,2047,2047,0
268013,0.213,-0.255,0.001,0.271,0.021,0.048,-0.195,-0.658,0.159,-0.710,0.000,-0.001,5763,0,41,-46,50,11.230,305,305,2047,2047,0
268113,0.188,-0.201,0.062,0.391,-0.498,0.082,-0.179,-0.667,0.150,-0.708,0.000,-0.001,5161,0,22,-33,50,11.230,305,305,2047,2047,0
268213,0.140,-0.055,-0.013,0.382,-0.426,0.107,-0.160,-0.686,0.144,-0.695,0.000,-0.000,4320,0,26,-36,50,11.220,305,305,2047,2047,0
268312,0.136,0.070,-0.109,0.079,-0.181,-0.086,-0.149,-0.702,0.138,-0.683,0.000,0.000,6275,0,41,-33,50,11.220,305,305,2047,2047,0
268412,0.240,0.031,-0.213,-0.137,0.132,-0.174,-0.157,-0.698,0.134,-0.686,0.000,0.000,7783,0,50,-36,50,11.230,305,305,2047,2047,0
268512,0.329,-0.017,-0.264,-0.237,0.283,-0.037,-0.170,-0.692,0.136,-0.689,0.000,0.000,7431,0,56,-40,50,11.230,305,305,2047,2047,0
268612,0.294,-0.131,-0.095,-0.320,0.391,0.024,-0.179,-0.677,0.143,-0.700,0.000,-0.001,6686,0,63,-42,50,11.230,305,305,2047,2047,0
268712,0.197,-0.205,0.094,0.232,0.040,0.263,-0.179,-0.666,0.149,-0.709,0.000,-0.001,2777,0,35,-49,50,11.220,305,305,2047,2047,0
268812,0.106,-0.111,0.141,0.156,-0.076,-0.190,-0.163,-0.678,0.146,-0.701,0.000,-0.000,6852,0,43,-42,50,11.220,305,305,2047,2047,0
268912,0.260,-0.156,0.009,-0.040,0.083,-0.049,-0.173,-0.674,0.139,-0.704,0.000,-0.001,6995,0,49,-40,50,11.240,305,305,2047,2047,0
269012,0.209,-0.166,0.020,-0.091,0.220,0.039,-0.171,-0.673,0.142,-0.706,0.000,-0.001,5805,0,57,-45,50,11.240,305,305,2047,2047,0
269112,0.100,-0.261,0.039,-0.034,0.228,0.156,-0.171,-0.659,0.148,-0.717,0.000,-0.001,2913,0,53,-47,50,11.240,305,305,2047,2047,0
269212,0.043,-0.265,0.089,-0.166,-0.061,0.061,-0.170,-0.658,0.152,-0.718,0.000,-0.000,3522,0,51,-34,50,11.240,305,305,2047,2047,0
269312,-0.005,-0.246,0.032,-0.012,-0.048,0.141,-0.171,-0.659,0.158,-0.715,0.000,0.000,0,1557,45,-42,50,11.250,305,305,2047,2047,0
269412,-0.131,-0.214,-0.019,0.017,-0.236,0.206,-0.162,-0.661,0.164,-0.714,0.000,0.001,0,5107,40,-34,50,11.250,305,305,2047,2047,0
269512,-0.112,-0.138,-0.137,0.089,-0.210,-0.192,-0.158,-0.671,0.162,-0.706,0.000,0.000,4270,0,39,-37,50,11.250,305,305,2047,2047,0
269612,0.016,-0.079,-0.296,-0.132,-0.169,-0.193,-0.162,-0.680,0.156,-0.698,0.000,-0.000,5789,0,47,-30,50,11.250,305,305,2047,2047,0
269712,0.153,-0.092,-0.271,-0.159,0.146,-0.139,-0.176,-0.679,0.156,-0.696,0.000,-0.000,6752,0,53,-41,50,11.260,305,305,2047,2047,0
269812,0.190,-0.130,-0.048,-0.126,0.178,-0.058,-0.184,-0.673,0.158,-0.698,0.000,-0.000,6499,0,53,-42,50,11.260,305,305,2047,2047,0
269912,0.291,-0.151,0.140,0.164,0.000,0.083,-0.193,-0.671,0.155,-0.699,0.000,-0.001,6149,0,38,-46,49,11.250,305,305,2047,2047,0
270012,0.186,-0.111,0.089,-0.024,-0.404,0.164,-0.185,-0.675,0.160,-0.696,0.000,-0.000,4164,0,33,-24,49,11.250,305,305,2047,2047,0
270112,0.147,0.048,-0.095,-0.111,-0.570,-0.109,-0.181,-0.692,0.169,-0.678,0.000,0.000,6569,0,31,-19,49,11.250,305,305,2047,2047,0
270212,0.313,0.127,-0.348,-0.371,0.017,-0.293,-0.194,-0.701,0.171,-0.664,0.000,0.001,9036,0,54,-27,49,11.260,305,305,2047,2047,0
270312,0.483,0.156,-0.141,-0.328,-0.137,0.074,-0.217,-0.703,0.180,-0.653,0.000,0.002,7739,0,42,-25,49,11.260,305,305,2047,2047,0
270412,0.444,0.139,0.162,-0.528,0.277,0.207,-0.230,-0.696,0.197,-0.651,0.000,0.002,6414,0,61,-30,49,11.250,305,305,2047,2047,0
270512,0.298,0.112,0.292,-0.549,-0.366,0.204,-0.241,-0.685,0.221,-0.651,0.000,0.001,5029,0,40,-8,49,11.250,305,305,2047,2047,0
270612,0.215,0.091,0.014,-0.681,0.333,0.000,-0.256,-0.675,0.243,-0.648,0.000,0.001,6215,0,68,-27,50,11.260,305,305,2047,2047,0
270712,0.262,0.134,-0.187,-0.394,-0.454,0.020,-0.274,-0.674,0.262,-0.634,0.000,0.001,6454,0,33,-12,50,11.260,305,305,2047,2047,0
270812,0.224,0.190,-0.389,-0.212,0.026,0.087,-0.279,-0.675,0.276,-0.625,0.000,0.001,5483,0,46,-29,49,11.280,305,305,2047,2047,0
270912,0.166,0.189,-0.356,0.117,-0.049,0.168,-0.280,-0.672,0.282,-0.625,0.000,0.001,3844,0,33,-34,49,11.280,305,305,2047,2047,0
271012,0.060,0.210,-0.189,0.137,0.020,-0.031,-0.268,-0.675,0.282,-0.627,0.000,0.000,4974,0,39,-33,49,11.300,305,305,2047,2047,0
271112,0.088,0.179,0.038,0.502,0.030,-0.149,-0.259,-0.677,0.267,-0.635,0.000,0.000,6404,0,27,-41,49,11.300,305,305,2047,2047,0
271212,0.164,0.229,0.127,0.514,-0.108,-0.166,-0.245,-0.690,0.248,-0.634,0.000,0.001,7160,0,26,-37,49,11.300,305,305,2047,2047,0
271312,0.241,0.219,-0.003,0.543,-0.011,-0.134,-0.233,-0.697,0.227,-0.640,0.000,0.001,7502,0,26,-39,49,11.300,305,305,2047,2047,0
271412,0.249,0.257,-0.104,0.448,-0.088,-0.030,-0.213,-0.707,0.207,-0.642,0.000,0.002,6763,0,28,-33,49,11.300,305,305,2047,2047,0
271512,0.205,0.266,-0.192,0.287,0.252,0.086,-0.199,-0.711,0.197,-0.645,0.000,0.001,5304,0,41,-41,49,11.290,305,305,2047,2047,0
271612,0.177,0.160,-0.184,-0.052,0.239,-0.091,-0.197,-0.701,0.190,-0.659,0.000,0.001,6667,0,47,-30,49,11.290,305,305,2047,2047,0
271712,0.254,0.107,-0.117,-0.098,0.100,-0.198,-0.204,-0.695,0.187,-0.664,0.000,0.001,8042,0,43,-30,49,11.300,305,305,2047,2047,0
271812,0.337,0.108,-0.030,-0.183,-0.198,-0.094,-0.211,-0.696,0.185,-0.661,0.000,0.001,7900,0,37,-19,49,11.300,305,305,2047,2047,0
271912,0.418,0.183,0.005,-0.319,-0.156,-0.038,-0.222,-0.702,0.194,-0.648,0.000,0.002,8069,0,42,-20,49,11.300,305,305,2047,2047,0
272012,0.433,0.143,-0.070,-0.506,0.099,-0.007,-0.236,-0.694,0.205,-0.648,0.000,0.002,7959,0,53,-20,49,11.300,305,305,2047,2047,0
272113,0.382,0.211,-0.179,-0.218,-0.326,0.089,-0.241,-0.698,0.221,-0.638,0.000,0.002,6870,0,32,-16,49,11.300,305,305,2047,2047,0
272213,0.350,0.238,-0.304,0.072,-0.010,0.004,-0.240,-0.699,0.226,-0.634,0.000,0.002,7283,0,33,-32,49,11.290,305,305,2047,2047,0
272313,0.334,0.226,-0.225,0.533,0.174,0.081,-0.234,-0.700,0.219,-0.639,0.000,0.002,6547,0,26,-49,49,11.290,305,305,2047,2047,0
272413,0.281,0.179,-0.074,0.618,0.466,-0.103,-0.213,-0.700,0.198,-0.652,0.000,0.001,7569,0,38,-56,49,11.290,305,305,2047,2047,0
272513,0.316,0.082,0.094,0.938,0.034,0.097,-0.195,-0.697,0.169,-0.670,0.000,0.001,6259,0,13,-51,49,11.290,305,305,2047,2047,0
272613,0.211,0.111,-0.038,1.069,0.064,0.033,-0.155,-0.706,0.139,-0.676,0.000,0.001,5879,0,17,-56,49,11.290,305,305,2047,2047,0
272713,0.255,0.105,-0.158,0.930,-0.218,-0.178,-0.126,-0.712,0.104,-0.683,0.000,0.001,7912,0,10,-42,49,11.300,305,305,2047,2047,0
272813,0.348,0.179,-0.285,0.566,-0.062,-0.084,-0.106,-0.724,0.076,-0.678,0.000,0.002,7910,0,26,-39,49,11.300,305,305,2047,2047,0
272913,0.450,0.114,-0.240,-0.056,0.599,-0.229,-0.104,-0.718,0.062,-0.686,0.000,0.001,9470,0,62,-45,49,11.300,305,305,2047,2047,0
273013,0.570,-0.066,-0.035,-0.476,0.029,-0.147,-0.122,-0.697,0.063,-0.704,0.000,-0.000,9964,0,38,-6,49,11.310,305,305,2047,2047,0
273114,0.640,0.248,0.018,-0.349,-1.412,0.112,-0.136,-0.731,0.081,-0.664,0.000,0.004,8546,0,0,17,49,11.310,305,305,2047,2047,0
273214,0.393,0.495,-0.368,-0.531,-0.603,0.226,-0.131,-0.755,0.112,-0.633,0.000,0.005,5770,0,31,1,49,11.310,305,305,2047,2047,0
273314,0.531,0.639,-0.401,-0.711,-0.454,0.020,-0.157,-0.766,0.136,-0.608,0.000,0.009,8438,0,31,4,49,11.300,305,305,2047,2047,0
273413,0.467,0.774,-0.301,-0.573,-0.719,0.464,-0.170,-0.774,0.168,-0.586,0.000,0.009,2509,0,9,13,49,11.300,305,305,2047,2047,0
273513,0.175,0.963,-0.311,-0.406,-0.656,0.552,-0.164,-0.785,0.206,-0.561,0.000,0.004,0,5391,9,13,49,11.310,305,305,2047,2047,0
273613,-0.074,1.121,-0.319,-0.179,-0.484,0.330,-0.153,-0.793,0.234,-0.541,0.000,-0.002,0,6032,5,8,49,11.310,305,305,2047,2047,0
273713,-0.154,1.258,-0.372,0.031,-0.297,0.141,-0.148,-0.802,0.248,-0.523,0.000,-0.005,0,5250,1,-1,49,11.310,305,305,2047,2047,0
273813,-0.061,1.226,-0.558,-0.407,0.258,-0.111,-0.160,-0.798,0.252,-0.524,0.000,-0.002,3065,0,28,1,49,11.310,305,305,2047,2047,0
273912,0.016,1.269,-0.568,0.038,-0.482,0.001,-0.167,-0.800,0.257,-0.515,0.000,0.000,2428,0,-14,12,49,11.310,305,305,2047,2047,0
274012,0.021,1.378,-0.465,-0.036,-0.537,-0.030,-0.163,-0.810,0.260,-0.500,0.000,0.001,3158,0,-11,20,49,11.310,305,305,2047,2047,0
274112,0.051,1.572,-0.393,0.050,-0.560,-0.090,-0.155,-0.827,0.263,-0.472,0.000,0.002,4555,0,-15,20,49,11.310,305,305,2047,2047,0
274212,0.094,1.645,-0.437,0.057,-0.138,-0.092,-0.152,-0.834,0.260,-0.462,0.000,0.004,5248,0,-7,12,48,11.320,305,305,2047,2047,0
274312,0.094,1.677,-0.494,0.023,-0.112,0.052,-0.150,-0.837,0.260,-0.457,0.000,0.004,3569,0,-9,16,48,11.320,305,305,2047,2047,0
274412,0.032,1.692,-0.488,0.078,-0.064,0.087,-0.146,-0.838,0.263,-0.456,0.000,0.001,1433,0,-12,16,48,11.320,305,305,2047,2047,0
274512,-0.007,1.712,-0.456,0.054,0.061,0.024,-0.142,-0.839,0.263,-0.454,0.000,-0.000,2085,0,-8,13,49,11.330,305,305,2047,2047,0
274612,-0.026,1.684,-0.417,0.107,0.133,0.029,-0.141,-0.837,0.262,-0.459,0.000,-0.001,1198,0,-10,11,49,11.330,305,305,2047,2047,0
274712,-0.046,1.664,-0.381,0.029,0.036,-0.049,-0.139,-0.836,0.259,-0.463,0.000,-0.002,2716,0,-11,18,49,11.320,305,305,2047,2047,0
274812,-0.039,1.670,-0.366,0.051,0.063,-0.070,-0.137,-0.838,0.255,-0.462,0.000,-0.002,3272,0,-12,17,49,11.320,305,305,2047,2047,0
274912,-0.005,1.652,-0.326,0.048,0.299,-0.120,-0.138,-0.838,0.249,-0.465,0.000,-0.000,4535,0,-4,10,48,11.320,305,305,2047,2047,0
275012,0.030,1.574,-0.330,0.071,0.059,-0.081,-0.141,-0.833,0.242,-0.476,0.000,0.001,4625,0,-15,20,48,11.320,305,305,2047,2047,0
275112,0.036,1.550,-0.337,0.074,0.192,-0.019,-0.141,-0.832,0.238,-0.480,0.000,0.001,4011,0,-10,14,48,11.340,305,305,2047,2047,0
275212,0.025,1.425,-0.337,0.009,0.969,-0.032,-0.143,-0.823,0.233,-0.499,0.000,0.001,4089,0,19,-10,48,11.340,305,305,2047,2047,0
275312,0.130,1.087,-0.300,-0.194,1.141,-0.139,-0.165,-0.793,0.223,-0.543,0.000,0.003,6454,0,28,-10,48,11.350,305,305,2047,2047,0
275412,0.202,0.782,-0.298,-0.094,0.899,-0.020,-0.183,-0.763,0.215,-0.581,0.000,0.004,6242,0,21,-11,48,11.350,305,305,2047,2047,0
275512,0.214,0.642,-0.282,0.040,0.242,-0.037,-0.189,-0.750,0.211,-0.598,0.000,0.003,6523,0,4,0,48,11.340,305,305,2047,2047,0
275612,0.224,0.531,-0.317,-0.026,0.374,-0.036,-0.193,-0.739,0.207,-0.612,0.000,0.003,6601,0,14,-5,48,11.340,305,305,2047,2047,0
275712,0.275,0.437,-0.327,-0.059,0.329,-0.082,-0.200,-0.729,0.203,-0.622,0.000,0.003,7369,0,17,-6,48,11.340,305,305,2047,2047,0
275812,0.331,0.391,-0.283,0.031,0.013,-0.020,-0.205,-0.725,0.200,-0.627,0.000,0.003,7318,0,6,-1,48,11.340,305,305,2047,2047,0
275912,0.339,0.410,-0.211,0.031,-0.086,0.000,-0.204,-0.727,0.199,-0.625,0.000,0.004,7229,0,5,1,48,11.340,305,305,2047,2047,0
276012,0.345,0.414,-0.166,-0.004,0.034,-0.013,-0.204,-0.728,0.198,-0.624,0.000,0.004,7376,0,9,-1,48,11.340,305,305,2047,2047,0
276112,0.354,0.404,-0.125,0.013,-0.046,-0.003,-0.204,-0.727,0.197,-0.625,0.000,0.004,7368,0,5,2,48,11.360,305,305,2047,2047,0
276212,0.352,0.402,-0.121,0.017,0.104,0.042,-0.204,-0.727,0.197,-0.626,0.000,0.004,7007,0,10,-3,48,11.360,305,305,2047,2047,0
276312,0.334,0.393,-0.129,0.023,0.031,-0.004,-0.203,-0.726,0.197,-0.627,0.000,0.003,7229,0,7,-1,48,11.360,305,305,2047,2047,0
276412,0.347,0.389,-0.116,0.004,0.022,0.003,-0.204,-0.725,0.196,-0.627,0.000,0.004,7270,0,8,0,48,11.340,305,305,2047,2047,0
276512,0.334,0.368,-0.117,0.016,0.032,0.034,-0.205,-0.723,0.197,-0.630,0.000,0.003,6925,0,7,0,48,11.340,305,305,2047,2047,0
276612,0.331,0.378,-0.126,0.007,0.089,0.002,-0.204,-0.724,0.197,-0.629,0.000,0.003,7156,0,10,-3,48,11.350,305,305,2047,2047,0
276712,0.331,0.353,-0.148,-0.003,0.071,-0.006,-0.205,-0.721,0.196,-0.632,0.000,0.003,7216,0,9,-1,48,11.350,305,305,2047,2047,0
276812,0.313,0.335,-0.201,-0.024,0.070,0.059,-0.205,-0.719,0.197,-0.634,0.000,0.003,6557,0,10,0,48,11.350,305,305,2047,2047,0
276912,0.294,0.320,-0.206,-0.012,-0.052,-0.020,-0.205,-0.717,0.198,-0.636,0.000,0.003,7038,0,5,3,48,11.350,305,305,2047,2047,0
277012,0.307,0.354,-0.094,0.018,-0.107,-0.014,-0.205,-0.721,0.199,-0.632,0.000,0.003,7100,0,3,3,48,11.350,305,305,2047,2047,0
277112,0.304,0.378,-0.050,0.041,-0.012,0.016,-0.203,-0.724,0.198,-0.629,0.000,0.003,6833,0,5,1,48,11.350,305,305,2047,2047,0
277212,0.301,0.374,-0.077,0.009,0.049,0.013,-0.202,-0.723,0.198,-0.630,0.000,0.003,6828,0,7,1,48,11.350,305,305,2047,2047,0
277312,0.303,0.361,-0.112,-0.021,0.032,-0.011,-0.203,-0.722,0.198,-0.632,0.000,0.003,7041,0,7,3,48,11.360,305,305,2047,2047,0
277413,0.301,0.360,-0.095,0.000,-0.026,-0.017,-0.203,-0.722,0.198,-0.632,0.000,0.003,7071,0,5,4,48,11.360,305,305,2047,2047,0
277513,0.314,0.357,-0.094,0.023,-0.002,0.023,-0.203,-0.722,0.197,-0.632,0.000,0.003,6851,0,4,2,48,11.360,305,305,2047,2047,0
277613,0.292,0.370,-0.122,-0.026,-0.021,0.013,-0.202,-0.723,0.198,-0.631,0.000,0.003,6759,0,5,5,48,11.380,305,305,2047,2047,0
277713,0.295,0.372,-0.114,0.003,-0.029,-0.009,-0.202,-0.723,0.198,-0.630,0.000,0.003,6955,0,3,4,48,11.380,305,305,2047,2047,0
277813,0.297,0.378,-0.099,-0.009,0.004,-0.014,-0.202,-0.724,0.198,-0.630,0.000,0.003,7016,0,4,5,48,11.370,305,305,2047,2047,0
277913,0.316,0.368,-0.115,-0.013,0.067,-0.011,-0.204,-0.723,0.197,-0.630,0.000,0.003,7142,0,6,2,48,11.370,305,305,2047,2047,0
278013,0.317,0.370,-0.118,0.001,-0.022,0.007,-0.204,-0.723,0.198,-0.630,0.000,0.003,7008,0,3,5,48,11.370,305,305,2047,2047,0
278112,0.304,0.352,-0.100,-0.002,0.109,0.023,-0.204,-0.721,0.198,-0.632,0.000,0.003,6774,0,7,1,48,11.370,305,305,2047,2047,0
278213,0.291,0.306,-0.102,0.000,0.202,0.019,-0.205,-0.716,0.197,-0.638,0.000,0.002,6739,0,10,-2,48,11.370,305,305,2047,2047,0
278313,0.290,0.245,-0.093,-0.024,0.323,0.020,-0.207,-0.709,0.196,-0.645,0.000,0.002,6687,0,15,-6,47,11.360,305,305,2047,2047,0
278414,0.272,0.115,-0.093,-0.051,0.597,0.022,-0.212,-0.694,0.193,-0.660,0.000,0.001,6514,0,25,-15,47,11.360,305,305,2047,2047,0
278514,0.293,-0.042,-0.106,-0.060,0.397,-0.054,-0.220,-0.676,0.189,-0.677,0.000,-0.000,7293,0,20,-10,47,11.360,305,305,2047,2047,0
278613,0.336,-0.127,-0.116,-0.021,0.167,0.007,-0.227,-0.667,0.185,-0.685,0.000,-0.001,7154,0,17,-9,48,11.360,305,305,2047,2047,0
278713,0.312,-0.182,-0.092,-0.022,0.254,0.020,-0.227,-0.660,0.184,-0.692,0.000,-0.001,6868,0,22,-13,48,11.360,305,305,2047,2047,0
278812,0.306,-0.242,-0.072,0.007,0.170,0.018,-0.229,-0.653,0.183,-0.698,0.000,-0.001,6832,0,20,-13,48,11.360,305,305,2047,2047,0
278912,0.307,-0.268,-0.068,0.014,0.022,0.009,-0.230,-0.650,0.182,-0.701,0.000,-0.002,6917,0,17,-10,48,11.390,305,305,2047,2047,0
279012,0.307,-0.275,-0.060,-0.014,0.020,-0.016,-0.230,-0.649,0.182,-0.702,0.000,-0.002,7103,0,19,-10,48,11.390,305,305,2047,2047,0
279113,0.305,-0.270,-0.040,-0.008,-0.056,-0.004,-0.230,-0.650,0.182,-0.702,0.000,-0.002,7001,0,17,-8,48,11.390,305,305,2047,2047,0
279212,0.307,-0.276,-0.035,0.003,0.039,0.010,-0.230,-0.649,0.181,-0.702,0.000,-0.002,6908,0,19,-12,48,11.390,305,305,2047,2047,0
279312,0.299,-0.269,-0.031,-0.010,-0.011,0.007,-0.229,-0.650,0.182,-0.702,0.000,-0.002,6868,0,19,-10,48,11.390,305,305,2047,2047,0
279412,0.304,-0.269,-0.013,0.000,-0.010,-0.012,-0.230,-0.650,0.182,-0.701,0.000,-0.002,7057,0,18,-10,47,11.400,305,305,2047,2047,0
279512,0.306,-0.267,0.001,0.018,-0.011,0.022,-0.230,-0.650,0.182,-0.701,0.000,-0.002,6800,0,18,-11,47,11.400,305,305,2047,2047,0
279612,0.313,-0.272,0.004,-0.004,0.102,0.004,-0.230,-0.649,0.181,-0.702,0.000,-0.002,6997,0,22,-14,47,11.390,305,305,2047,2047,0
279712,0.301,-0.276,-0.019,0.000,-0.040,0.009,-0.230,-0.649,0.182,-0.702,0.000,-0.002,6865,0,18,-10,47,11.390,305,305,2047,2047,0
279812,0.301,-0.277,-0.036,0.000,-0.028,-0.018,-0.230,-0.649,0.182,-0.702,0.000,-0.002,7075,0,18,-10,47,11.400,305,305,2047,2047,0
279912,0.314,-0.272,-0.044,0.012,0.017,-0.007,-0.230,-0.650,0.181,-0.702,0.000,-0.002,7090,0,20,-13,47,11.400,305,305,2047,2047,0
280012,0.337,-0.261,-0.035,0.001,-0.022,-0.034,-0.231,-0.651,0.181,-0.700,0.000,-0.002,7472,0,19,-11,47,11.390,305,305,2047,2047,0
280112,0.332,-0.256,-0.031,0.029,-0.070,0.018,-0.230,-0.652,0.181,-0.700,0.000,-0.002,7043,0,16,-10,47,11.390,305,305,2047,2047,0
280212,0.332,-0.246,-0.051,0.001,0.016,-0.002,-0.230,-0.653,0.181,-0.699,0.000,-0.002,7195,0,20,-12,47,11.390,305,305,2047,2047,0
280312,0.345,-0.237,-0.066,-0.006,-0.066,-0.016,-0.230,-0.654,0.180,-0.697,0.000,-0.002,7394,0,18,-10,47,11.390,305,305,2047,2047,0
280412,0.349,-0.218,-0.041,-0.007,-0.073,-0.023,-0.229,-0.656,0.181,-0.695,0.000,-0.001,7480,0,18,-9,47,11.380,305,305,2047,2047,0
280512,0.356,-0.211,-0.031,0.021,-0.029,0.023,-0.229,-0.658,0.180,-0.695,0.000,-0.001,7180,0,18,-11,47,11.380,305,305,2047,2047,0
280612,0.340,-0.197,-0.044,-0.004,-0.014,0.013,-0.227,-0.659,0.181,-0.694,0.000,-0.001,7139,0,19,-11,47,11.390,305,305,2047,2047,0
280712,0.334,-0.185,-0.057,-0.006,-0.083,0.000,-0.227,-0.660,0.182,-0.693,0.000,-0.001,7190,0,17,-8,47,11.390,305,305,2047,2047,0
280812,0.321,-0.159,-0.053,0.032,-0.104,0.048,-0.225,-0.663,0.183,-0.690,0.000,-0.001,6713,0,15,-9,47,11.390,305,305,2047,2047,0
280912,0.322,-0.135,-0.023,0.010,-0.001,-0.017,-0.224,-0.666,0.184,-0.687,0.000,-0.001,7228,0,19,-11,47,11.390,305,305,2047,2047,0
281012,0.321,-0.132,-0.013,0.024,-0.004,0.006,-0.223,-0.667,0.183,-0.687,0.000,-0.001,7050,0,18,-11,47,11.390,305,305,2047,2047,0
281112,0.321,-0.134,-0.022,0.030,-0.001,0.006,-0.222,-0.667,0.182,-0.688,0.000,-0.001,7048,0,17,-11,47,11.390,305,305,2047,2047,0
281212,0.324,-0.132,-0.010,0.042,0.027,0.012,-0.222,-0.667,0.182,-0.688,0.000,-0.001,7020,0,18,-13,47,11.390,305,305,2047,2047,0
281312,0.329,-0.139,0.011,0.043,0.100,-0.032,-0.221,-0.667,0.179,-0.689,0.000,-0.001,7398,0,21,-15,47,11.410,305,305,2047,2047,0
281412,0.339,-0.170,-0.009,0.229,0.101,-0.059,-0.219,-0.664,0.175,-0.693,0.000,-0.001,7664,0,15,-21,47,11.410,305,305,2047,2047,0
281512,0.363,-0.182,-0.112,0.422,0.004,0.087,-0.208,-0.666,0.161,-0.698,0.000,-0.001,6740,0,9,-21,47,11.410,305,305,2047,2047,0
281612,0.281,-0.171,-0.121,0.286,0.047,0.161,-0.191,-0.669,0.154,-0.701,0.000,-0.001,5307,0,16,-19,47,11.410,305,305,2047,2047,0
281712,0.224,-0.188,0.035,0.220,0.090,-0.006,-0.180,-0.668,0.148,-0.706,0.000,-0.001,6340,0,18,-19,47,11.400,305,305,2047,2047,0
281812,0.235,-0.233,0.081,0.304,0.256,-0.021,-0.172,-0.665,0.137,-0.714,0.000,-0.001,6571,0,21,-28,47,11.400,305,305,2047,2047,0
281912,0.255,-0.307,0.055,0.139,0.247,0.030,-0.166,-0.658,0.126,-0.724,0.000,-0.002,6308,0,26,-23,47,11.400,305,305,2047,2047,0
282012,0.141,-0.318,-0.060,0.288,-0.147,0.191,-0.152,-0.657,0.123,-0.728,0.000,-0.001,3033,0,10,-17,47,11.400,305,305,2047,2047,0
282112,0.125,-0.255,-0.051,0.281,-0.070,-0.031,-0.140,-0.666,0.117,-0.723,0.000,-0.001,5677,0,15,-22,47,11.400,305,305,2047,2047,0
282212,0.198,-0.270,-0.040,0.140,0.080,-0.120,-0.137,-0.666,0.106,-0.725,0.000,-0.001,7072,0,22,-20,47,11.410,305,305,2047,2047,0
282312,0.236,-0.248,-0.043,0.041,-0.187,0.051,-0.136,-0.670,0.102,-0.723,0.000,-0.001,5941,0,15,-11,47,11.410,305,305,2047,2047,0
282412,0.196,-0.227,-0.100,-0.013,0.012,0.059,-0.133,-0.672,0.105,-0.721,0.000,-0.001,5484,0,22,-17,47,11.420,305,305,2047,2047,0
282512,0.178,-0.218,-0.089,0.053,-0.068,0.060,-0.134,-0.672,0.108,-0.720,0.000,-0.001,5291,0,16,-17,47,11.420,305,305,2047,2047,0
282612,0.237,-0.249,-0.058,0.017,0.267,-0.094,-0.138,-0.669,0.104,-0.723,0.000,-0.001,7177,0,29,-26,47,11.420,305,305,2047,2047,0
282712,0.203,-0.326,-0.057,-0.161,0.134,0.187,-0.142,-0.659,0.108,-0.731,0.000,-0.002,4094,0,29,-17,47,11.420,305,305,2047,2047,0
282812,0.083,-0.315,-0.023,-0.092,-0.002,0.152,-0.140,-0.658,0.118,-0.730,0.000,-0.001,2666,0,25,-18,47,11.420,305,305,2047,2047,0
282912,0.061,-0.402,-0.037,-0.172,0.357,-0.133,-0.145,-0.647,0.121,-0.739,0.000,-0.001,6030,0,39,-26,47,11.430,305,305,2047,2047,0
283012,0.105,-0.403,-0.045,0.004,-0.188,-0.041,-0.150,-0.647,0.121,-0.738,0.000,-0.001,5578,0,18,-15,47,11.430,305,305,2047,2047,0
283112,0.143,-0.329,-0.001,-0.057,-0.218,-0.083,-0.151,-0.656,0.122,-0.729,0.000,-0.001,6320,0,21,-13,47,11.440,305,305,2047,2047,0
283212,0.134,-0.287,0.044,-0.171,-0.057,0.137,-0.155,-0.660,0.128,-0.724,0.000,-0.001,3840,0,28,-15,47,11.440,305,305,2047,2047,0
283312,-0.001,-0.318,0.025,-0.203,0.192,0.117,-0.155,-0.654,0.140,-0.727,0.000,0.000,958,0,36,-21,47,11.440,305,305,2047,2047,0
283412,-0.001,-0.362,-0.096,-0.214,0.119,-0.119,-0.164,-0.647,0.145,-0.730,0.000,0.000,5188,0,34,-19,47,11.440,305,305,2047,2047,0
283512,0.075,-0.358,-0.056,0.000,-0.342,0.001,-0.173,-0.647,0.147,-0.728,0.000,-0.001,4810,0,11,-11,47,11.440,305,305,2047,2047,0
283612,0.101,-0.276,-0.021,0.180,-0.052,-0.120,-0.168,-0.658,0.144,-0.719,0.000,-0.001,6270,0,21,-26,47,11.430,305,305,2047,2047,0
283712,0.177,-0.279,-0.021,0.074,0.050,0.006,-0.168,-0.659,0.137,-0.720,0.000,-0.001,5819,0,26,-23,47,11.430,305,305,2047,2047,0
283812,0.108,-0.305,0.005,0.263,0.020,0.319,-0.159,-0.657,0.133,-0.725,0.000,-0.001,0,2970,20,-27,47,11.430,305,305,2047,2047,0
283912,0.022,-0.331,0.002,0.528,0.039,0.049,-0.141,-0.655,0.124,-0.732,0.000,-0.000,3166,0,13,-35,46,11.440,305,305,2047,2047,0
284012,0.128,-0.271,0.015,0.520,-0.118,-0.218,-0.125,-0.667,0.102,-0.728,0.000,-0.001,7245,0,13,-29,46,11.440,305,305,2047,2047,0
284112,0.310,-0.314,-0.039,0.344,0.194,-0.137,-0.122,-0.664,0.080,-0.733,0.000,-0.002,8008,0,25,-34,46,11.440,305,305,2047,2047,0
284212,0.377,-0.347,-0.061,0.422,0.113,-0.070,-0.111,-0.662,0.063,-0.738,0.000,-0.003,8011,0,20,-34,46,11.450,305,305,2047,2047,0
284312,0.462,-0.366,-0.044,0.227,-0.019,-0.093,-0.105,-0.661,0.049,-0.742,0.000,-0.004,8724,0,22,-26,46,11.450,305,305,2047,2047,0
284412,0.499,-0.327,-0.027,0.247,-0.127,-0.011,-0.097,-0.666,0.040,-0.738,0.000,-0.004,8431,0,18,-25,46,11.440,305,305,2047,2047,0
284512,0.529,-0.304,-0.030,0.024,-0.022,-0.059,-0.094,-0.670,0.034,-0.736,0.000,-0.004,8924,0,27,-22,46,11.440,305,305,2047,2047,0
284612,0.509,-0.319,0.002,-0.118,0.073,0.049,-0.094,-0.668,0.036,-0.738,0.000,-0.004,8099,0,33,-22,46,11.440,305,305,2047,2047,0
284712,0.416,-0.343,0.059,-0.216,0.007,0.062,-0.096,-0.664,0.046,-0.740,0.000,-0.003,7341,0,32,-19,46,11.450,305,305,2047,2047,0
284812,0.332,-0.357,0.031,-0.311,0.021,0.140,-0.102,-0.661,0.059,-0.741,0.000,-0.003,5805,0,35,-18,46,11.450,305,305,2047,2047,0
284912,0.180,-0.352,-0.017,-0.252,-0.038,0.236,-0.104,-0.660,0.076,-0.740,0.000,-0.001,2976,0,32,-20,47,11.440,305,305,2047,2047,0
285012,0.071,-0.348,-0.060,-0.249,0.066,0.006,-0.106,-0.659,0.088,-0.739,0.000,-0.001,4666,0,36,-23,47,11.440,305,305,2047,2047,0
285112,0.059,-0.384,-0.024,-0.117,0.004,0.067,-0.114,-0.654,0.094,-0.742,0.000,-0.001,3768,0,29,-24,47,11.440,305,305,2047,2047,0
285212,-0.035,-0.348,0.025,-0.020,-0.038,0.107,-0.110,-0.657,0.101,-0.739,0.000,0.000,0,1331,29,-26,47,11.440,305,305,2047,2047,0
285312,-0.011,-0.395,-0.046,0.009,0.240,-0.093,-0.112,-0.651,0.099,-0.744,0.000,0.000,4778,0,37,-35,47,11.440,305,305,2047,2047,0
285412,0.005,-0.387,0.015,0.000,-0.261,-0.009,-0.112,-0.653,0.098,-0.743,0.000,-0.000,3946,0,22,-17,46,11.440,305,305,2047,2047,0
285512,-0.005,-0.372,0.023,0.027,0.183,0.033,-0.111,-0.655,0.099,-0.741,0.000,0.000,3112,0,37,-35,46,11.440,305,305,2047,2047,0
285612,-0.016,-0.399,-0.026,0.016,-0.034,0.006,-0.110,-0.651,0.098,-0.745,0.000,0.000,3346,0,29,-26,46,11.450,305,305,2047,2047,0
285712,-0.017,-0.392,-0.026,0.007,0.041,0.039,-0.109,-0.652,0.098,-0.744,0.000,0.000,2680,0,33,-30,46,11.450,305,305,2047,2047,0
285812,-0.041,-0.399,0.037,0.002,-0.058,0.001,-0.107,-0.651,0.098,-0.745,0.000,0.000,2828,0,30,-26,46,11.470,305,305,2047,2047,0
285912,-0.037,-0.401,0.037,0.047,0.097,0.000,-0.107,-0.651,0.097,-0.745,0.000,0.000,2870,0,34,-33,46,11.470,305,305,2047,2047,0
286012,-0.032,-0.413,-0.007,0.031,0.028,0.031,-0.107,-0.650,0.096,-0.747,0.000,0.000,2218,0,33,-31,46,11.450,305,305,2047,2047,0
286112,-0.039,-0.406,0.022,0.014,-0.051,0.053,-0.106,-0.651,0.096,-0.746,0.000,0.000,1078,0,31,-28,46,11.450,305,305,2047,2047,0
286212,-0.047,-0.410,0.042,-0.033,0.057,-0.010,-0.106,-0.650,0.097,-0.746,0.000,0.000,2563,0,36,-31,46,11.450,305,305,2047,2047,0
286312,-0.076,-0.437,-0.002,-0.007,0.040,0.041,-0.105,-0.646,0.098,-0.749,0.000,0.001,0,1801,35,-31,46,11.450,305,305,2047,2047,0
286412,-0.068,-0.439,-0.032,-0.013,0.029,-0.027,-0.107,-0.646,0.098,-0.749,0.000,0.001,2132,0,35,-32,46,11.440,305,305,2047,2047,0
286512,-0.059,-0.435,-0.059,0.000,-0.083,0.002,-0.107,-0.647,0.098,-0.749,0.000,0.001,1330,0,32,-29,46,11.440,305,305,2047,2047,0
286612,-0.062,-0.410,-0.011,-0.009,-0.031,-0.041,-0.106,-0.650,0.098,-0.746,0.000,0.001,2359,0,35,-31,46,11.460,305,305,2047,2047,0
286712,-0.028,-0.421,-0.043,0.052,-0.059,-0.043,-0.107,-0.649,0.096,-0.747,0.000,0.000,3095,0,31,-31,46,11.460,305,305,2047,2047,0
286812,-0.009,-0.393,-0.038,0.019,0.019,0.001,-0.107,-0.652,0.094,-0.744,0.000,0.000,2619,0,36,-33,46,11.450,305,305,2047,2047,0
286912,-0.013,-0.395,-0.034,0.017,-0.084,0.014,-0.106,-0.652,0.094,-0.745,0.000,0.000,2162,0,32,-29,46,11.450,305,305,2047,2047,0
287012,-0.019,-0.370,0.028,-0.003,0.000,-0.009,-0.104,-0.656,0.094,-0.742,0.000,0.000,2514,0,36,-32,46,11.460,305,305,2047,2047,0
287112,-0.010,-0.381,0.015,0.019,0.037,-0.021,-0.105,-0.654,0.093,-0.743,0.000,0.000,2948,0,35,-33,46,11.460,305,305,2047,2047,0
287212,0.011,-0.374,0.010,0.027,-0.061,0.007,-0.106,-0.655,0.092,-0.742,0.000,-0.000,2854,0,33,-31,46,11.460,305,305,2047,2047,0
287312,0.007,-0.357,-0.024,-0.030,0.006,0.042,-0.105,-0.657,0.093,-0.741,0.000,-0.000,1948,0,37,-32,46,11.460,305,305,2047,2047,0
287412,-0.024,-0.362,0.004,-0.040,-0.054,-0.029,-0.104,-0.656,0.094,-0.741,0.000,0.000,2771,0,35,-29,46,11.460,305,305,2047,2047,0
287512,-0.044,-0.378,0.041,0.028,0.177,0.124,-0.103,-0.654,0.095,-0.743,0.000,0.000,0,3489,41,-39,46,11.470,305,305,2047,2047,0
287612,-0.107,-0.407,0.053,-0.059,0.096,0.047,-0.101,-0.650,0.098,-0.747,0.000,0.001,0,3499,41,-34,46,11.470,305,305,2047,2047,0
287712,-0.073,-0.424,-0.046,-0.097,-0.032,-0.131,-0.107,-0.648,0.099,-0.748,0.000,0.001,3275,0,38,-30,46,11.460,305,305,2047,2047,0
287812,-0.078,-0.419,-0.058,-0.017,0.002,0.026,-0.106,-0.648,0.100,-0.747,0.000,0.001,0,2806,39,-34,46,11.460,305,305,2047,2047,0
287912,-0.087,-0.418,-0.030,-0.029,0.027,-0.009,-0.107,-0.648,0.101,-0.747,0.000,0.001,0,2446,40,-35,46,11.460,305,305,2047,2047,0
288012,-0.065,-0.394,-0.039,-0.009,-0.054,-0.003,-0.109,-0.651,0.101,-0.744,0.000,0.001,0,2122,37,-34,46,11.460,305,305,2047,2047,0
288112,-0.081,-0.383,-0.023,-0.011,-0.069,0.018,-0.108,-0.653,0.102,-0.743,0.000,0.001,0,3097,37,-32,46,11.460,305,305,2047,2047,0
288212,-0.104,-0.373,0.005,0.020,-0.016,0.014,-0.106,-0.654,0.103,-0.742,0.000,0.001,0,3606,38,-35,46,11.470,305,305,2047,2047,0
288312,-0.085,-0.370,0.017,0.000,0.050,-0.020,-0.107,-0.654,0.103,-0.742,0.000,0.001,0,2788,40,-37,46,11.470,305,305,2047,2047,0
288412,-0.056,-0.384,0.008,0.020,0.008,-0.026,-0.109,-0.653,0.101,-0.743,0.000,0.001,0,2048,38,-36,46,11.470,305,305,2047,2047,0
288512,-0.042,-0.397,-0.022,0.057,0.049,0.000,-0.109,-0.651,0.099,-0.744,0.000,0.000,0,2412,39,-39,45,11.460,305,305,2047,2047,0
288612,-0.035,-0.394,-0.017,0.034,0.047,0.023,-0.109,-0.652,0.098,-0.744,0.000,0.000,0,2813,40,-39,45,11.460,305,305,2047,2047,0
288712,-0.042,-0.397,-0.033,0.013,0.009,0.009,-0.108,-0.651,0.098,-0.745,0.000,0.000,0,2782,40,-37,46,11.490,305,305,2047,2047,0
288812,-0.029,-0.398,-0.017,0.020,-0.069,-0.010,-0.108,-0.651,0.097,-0.745,0.000,0.000,0,2100,37,-35,46,11.490,305,305,2047,2047,0
288912,-0.024,-0.374,-0.057,0.012,-0.089,0.003,-0.107,-0.654,0.097,-0.742,0.000,0.000,0,2371,38,-34,46,11.490,305,305,2047,2047,0
