Timestamp,r_ref,q_ref,curr_ax,curr_roll_rate,curr_pitch_rate,curr_yaw_rate,curr_qw,curr_qx,curr_qy,curr_qz,thrust_ref,p_ref,omega_L_ref,omega_R_ref,servo_L_ref,servo_R_ref,Temperature,Voltage,RPM2,RPM4,Throttle2,Throttle4,ErrorCodes
114665,-0.388,-0.413,-0.122,-0.014,-0.114,0.000,0.484,-0.527,-0.393,-0.578,0.000,0.003,0,6327,8,-8,0,0.000,0,0,0,0,0
114765,-0.336,-0.351,0.049,0.079,-0.274,-0.134,0.480,-0.529,-0.402,-0.573,0.000,0.002,0,4764,1,-5,0,0.000,0,0,0,0,0
114865,-0.323,-0.221,0.078,0.092,-0.510,0.100,0.472,-0.541,-0.416,-0.558,0.000,0.001,0,7100,-5,1,0,0.000,0,0,0,0,0
114965,-0.360,-0.098,0.081,0.254,-0.700,0.056,0.472,-0.547,-0.429,-0.542,0.000,-0.000,0,7289,-20,9,0,0.000,0,0,0,0,0
115065,-0.306,0.121,0.058,0.139,-0.372,-0.187,0.459,-0.560,-0.454,-0.518,0.000,-0.002,0,4841,-5,2,0,0.000,305,305,0,0,0
115165,-0.055,0.206,0.002,0.150,-0.159,-0.470,0.449,-0.555,-0.476,-0.514,0.000,-0.000,6095,0,-4,0,0,0.000,305,305,0,0,0
115265,0.183,0.075,-0.085,0.213,0.494,-0.158,0.455,-0.531,-0.480,-0.530,0.000,0.000,5372,0,8,-17,0,0.000,305,305,0,0,0
115365,0.129,-0.001,-0.105,0.096,-0.011,0.163,0.468,-0.522,-0.477,-0.531,0.000,-0.000,0,2573,-2,1,0,0.000,305,305,0,0,0
115465,0.026,0.002,-0.067,0.023,0.113,0.117,0.472,-0.525,-0.474,-0.526,0.000,-0.000,0,3675,6,-7,0,0.000,305,305,0,0,0
115565,0.042,-0.029,-0.023,0.247,0.167,-0.056,0.477,-0.519,-0.475,-0.527,0.000,-0.000,2745,0,1,-16,0,0.000,305,305,0,0,0
115665,-0.010,-0.060,-0.051,0.426,-0.096,0.179,0.490,-0.510,-0.479,-0.520,0.000,0.000,0,4941,-11,-10,0,0.000,305,305,0,0,0
115765,-0.095,-0.027,0.018,0.570,-0.051,0.099,0.503,-0.504,-0.491,-0.502,0.000,-0.000,0,5181,-11,-17,0,0.000,305,305,0,0,0
115865,-0.114,-0.055,0.086,0.561,0.186,-0.029,0.519,-0.489,-0.501,-0.490,0.000,0.000,0,4062,-3,-23,0,0.000,305,305,0,0,0
115965,-0.120,-0.039,0.054,0.418,-0.324,0.048,0.528,-0.479,-0.513,-0.477,0.000,0.000,0,5172,-16,-1,0,0.000,305,305,0,0,0
116065,-0.176,0.077,-0.057,0.273,-0.289,0.084,0.526,-0.484,-0.528,-0.458,0.000,0.000,0,6268,-11,-2,0,0.000,305,305,0,0,0
116165,-0.279,0.068,-0.163,0.217,0.122,0.161,0.536,-0.482,-0.528,-0.450,0.000,0.000,0,8017,-1,-14,0,0.000,305,305,0,0,0
116265,-0.411,0.055,-0.146,0.173,-0.120,0.238,0.544,-0.481,-0.527,-0.441,0.000,0.001,0,9291,-8,-2,0,0.000,305,305,0,0,0
116365,-0.541,0.150,0.005,0.192,-0.372,0.140,0.543,-0.490,-0.534,-0.425,0.000,0.001,0,9480,-16,4,0,0.000,305,305,0,0,0
116465,-0.517,0.191,0.154,0.546,0.000,-0.210,0.547,-0.481,-0.548,-0.412,0.000,-0.000,0,6986,-15,-17,0,0.000,305,305,0,0,0
116565,-0.411,0.140,0.125,0.473,0.134,-0.052,0.559,-0.458,-0.559,-0.406,0.000,0.000,0,7364,-9,-14,0,0.000,305,305,0,0,0
116665,-0.452,0.125,0.103,0.480,-0.072,0.102,0.568,-0.450,-0.564,-0.396,0.000,0.000,0,8716,-16,-10,0,0.000,305,305,0,0,0
116765,-0.486,0.149,0.135,0.481,-0.164,0.018,0.576,-0.439,-0.576,-0.379,0.000,-0.000,0,8394,-18,-7,0,0.000,305,305,0,0,0
116865,-0.468,0.183,0.159,0.617,-0.143,-0.124,0.582,-0.425,-0.591,-0.362,0.000,-0.000,0,7266,-23,-12,0,0.000,305,305,0,0,0
116965,-0.362,0.246,0.134,0.702,-0.273,-0.249,0.584,-0.406,-0.616,-0.342,0.000,-0.001,0,4998,-29,-11,0,0.000,305,305,0,0,0
117065,-0.264,0.286,-0.007,0.962,-0.166,-0.161,0.591,-0.378,-0.636,-0.322,0.000,-0.001,0,5126,-35,-19,0,0.000,305,305,0,0,0
117165,-0.273,0.292,-0.123,1.160,-0.004,-0.020,0.607,-0.344,-0.656,-0.289,0.000,-0.002,0,6543,-34,-27,0,0.000,305,305,0,0,0
117265,-0.317,0.304,-0.139,0.979,-0.046,-0.031,0.619,-0.317,-0.671,-0.258,0.000,-0.002,0,6818,-31,-20,0,0.000,305,305,0,0,0
117365,-0.446,0.300,-0.074,0.951,-0.109,0.179,0.632,-0.292,-0.682,-0.224,0.000,-0.003,0,9260,-35,-18,0,0.000,305,305,0,0,0
117465,-0.577,0.302,0.066,1.088,-0.058,-0.040,0.644,-0.265,-0.693,-0.187,0.000,-0.003,0,8609,-38,-24,0,0.000,305,305,0,0,0
117565,-0.491,0.226,0.070,1.327,0.282,-0.370,0.662,-0.219,-0.700,-0.157,0.000,-0.002,0,5319,-33,-42,0,0.000,305,305,0,0,0
117665,-0.288,0.062,-0.175,1.089,0.654,-0.273,0.687,-0.165,-0.695,-0.133,0.000,-0.000,0,4065,-12,-46,0,0.000,305,305,0,0,0
117765,-0.126,-0.077,-0.396,0.568,0.161,-0.203,0.706,-0.131,-0.686,-0.121,0.000,0.000,0,2203,-15,-16,34,16.240,305,305,0,0,0
117865,0.003,-0.098,-0.392,0.200,0.100,-0.192,0.708,-0.119,-0.685,-0.123,0.000,0.000,2832,0,-7,-16,34,16.240,305,305,0,0,0
117965,0.037,-0.125,-0.127,0.127,0.148,0.034,0.711,-0.116,-0.682,-0.124,0.000,-0.000,0,3493,-5,-19,34,16.250,305,305,0,0,0
118065,0.026,-0.100,0.098,0.166,-0.348,0.046,0.708,-0.116,-0.685,-0.122,0.000,-0.000,0,3803,-23,-5,34,16.250,305,305,0,0,0
118165,-0.016,-0.036,0.503,0.144,-0.097,0.056,0.701,-0.120,-0.693,-0.119,0.000,0.000,0,4559,-13,-14,34,16.250,305,305,0,0,0
118265,-0.022,-0.100,0.843,0.016,0.380,-0.031,0.709,-0.118,-0.685,-0.119,0.000,0.000,0,3508,5,-24,34,16.250,305,305,0,0,0
118365,0.101,-0.153,1.008,-0.039,0.070,-0.197,0.714,-0.110,-0.680,-0.126,0.000,-0.000,4628,0,-5,-13,34,16.250,305,305,0,0,0
118465,0.152,-0.143,0.972,-0.196,-0.030,0.058,0.711,-0.115,-0.680,-0.136,0.000,-0.000,1113,0,-2,-9,34,16.250,305,305,0,0,0
118565,0.095,-0.170,0.706,-0.202,0.146,0.021,0.713,-0.124,-0.676,-0.141,0.000,-0.000,0,767,3,-15,34,16.240,305,305,0,0,0
118665,0.086,-0.186,0.405,-0.258,-0.111,0.044,0.714,-0.131,-0.672,-0.148,0.000,-0.000,0,1805,-4,-5,34,16.240,305,305,0,0,0
118765,0.006,-0.129,0.275,-0.484,-0.217,0.093,0.705,-0.150,-0.675,-0.158,0.000,0.000,0,4234,-1,2,34,16.240,305,305,0,0,0
118865,-0.028,-0.095,0.117,-0.101,0.042,-0.002,0.699,-0.163,-0.676,-0.166,0.000,0.000,0,3419,-5,-17,34,16.240,305,305,0,0,0
118965,-0.049,-0.099,-0.110,-0.040,-0.003,0.072,0.700,-0.164,-0.676,-0.164,0.000,0.000,0,4780,-6,-13,34,16.230,305,305,0,0,0
119065,-0.115,-0.053,-0.366,-0.334,-0.352,0.090,0.692,-0.177,-0.679,-0.168,0.000,0.000,0,5886,-10,7,34,16.230,305,305,0,0,0
119165,-0.183,0.052,-0.541,-0.261,-0.257,0.117,0.680,-0.192,-0.687,-0.171,0.000,-0.000,0,6835,-10,0,34,16.230,305,305,0,0,0
119265,-0.218,0.099,-0.572,-0.151,-0.063,-0.072,0.673,-0.203,-0.689,-0.176,0.000,-0.000,0,5568,-10,-7,34,16.230,305,305,0,0,0
119365,-0.097,0.130,-0.492,0.100,0.011,-0.220,0.668,-0.198,-0.695,-0.180,0.000,-0.000,0,1011,-13,-14,34,16.240,305,305,0,0,0
119465,0.014,0.105,-0.368,0.132,-0.011,0.084,0.670,-0.188,-0.695,-0.182,0.000,0.000,0,4598,-14,-12,34,16.240,305,305,0,0,0
119565,-0.183,0.051,-0.315,-0.373,0.354,0.493,0.679,-0.196,-0.686,-0.175,0.000,-0.000,0,9456,13,-7,34,16.250,305,305,0,0,0
119665,-0.352,-0.048,-0.374,-0.403,0.307,-0.062,0.688,-0.217,-0.667,-0.186,0.000,0.001,0,6849,8,-10,34,16.250,305,305,0,0,0
119765,-0.312,-0.105,-0.328,-0.371,0.296,0.040,0.690,-0.226,-0.657,-0.203,0.000,0.001,0,7326,9,-13,34,16.250,305,305,0,0,0
119865,-0.342,-0.135,-0.204,-0.286,-0.140,0.034,0.690,-0.236,-0.650,-0.213,0.000,0.001,0,7548,-4,-1,34,16.250,305,305,0,0,0
119965,-0.356,-0.149,-0.084,-0.173,0.233,0.042,0.690,-0.243,-0.645,-0.220,0.000,0.002,0,7670,6,-17,34,16.250,305,305,0,0,0
120065,-0.441,-0.214,0.087,-0.198,0.501,-0.013,0.695,-0.253,-0.633,-0.228,0.000,0.003,0,7875,15,-27,34,16.240,305,305,0,0,0
120165,-0.349,-0.315,-0.122,-0.553,-0.150,-0.094,0.702,-0.252,-0.620,-0.245,0.000,0.003,0,6559,7,7,34,16.240,305,305,0,0,0
120265,-0.372,-0.292,0.018,-0.337,0.349,-0.199,0.691,-0.274,-0.612,-0.268,0.000,0.003,0,5521,17,-25,33,16.250,305,305,0,0,0
120365,-0.306,-0.344,-0.129,-0.437,-0.149,0.039,0.689,-0.282,-0.603,-0.286,0.000,0.003,0,7275,5,-1,33,16.250,305,305,0,0,0
120465,-0.406,-0.290,-0.163,-0.354,-0.093,0.117,0.679,-0.305,-0.599,-0.296,0.000,0.004,0,8516,6,-8,34,16.250,305,305,0,0,0
120565,-0.462,-0.264,-0.094,-0.131,-0.070,-0.030,0.671,-0.320,-0.595,-0.305,0.000,0.004,0,7910,0,-14,34,16.250,305,305,0,0,0
120665,-0.398,-0.231,0.039,0.221,-0.133,-0.119,0.666,-0.320,-0.599,-0.308,0.000,0.003,0,6713,-11,-20,34,16.250,305,305,0,0,0
120765,-0.317,-0.158,0.117,0.556,-0.248,-0.052,0.661,-0.312,-0.614,-0.299,0.000,0.002,0,6644,-21,-23,34,16.230,305,305,0,0,0
120865,-0.297,-0.245,-0.057,0.463,0.464,0.119,0.678,-0.289,-0.613,-0.285,0.000,0.002,0,7794,6,-37,34,16.230,305,305,0,0,0
120965,-0.308,-0.271,-0.062,0.441,-0.179,0.021,0.687,-0.275,-0.616,-0.271,0.000,0.002,0,7153,-14,-19,34,16.240,305,305,0,0,0
121065,-0.279,-0.357,0.084,0.561,0.461,0.080,0.701,-0.257,-0.612,-0.262,0.000,0.003,0,7757,2,-40,34,16.240,305,305,0,0,0
121165,-0.387,-0.389,0.081,0.323,-0.181,0.251,0.711,-0.249,-0.611,-0.244,0.000,0.004,0,9231,-8,-18,34,16.240,305,305,0,0,0
121265,-0.498,-0.317,0.142,0.397,-0.333,0.233,0.709,-0.247,-0.622,-0.224,0.000,0.005,0,9772,-15,-19,34,16.240,305,305,0,0,0
121365,-0.641,-0.249,0.251,0.409,-0.239,0.202,0.708,-0.245,-0.632,-0.201,0.000,0.005,0,10380,-13,-22,34,16.240,305,305,0,0,0
121465,-0.714,-0.115,0.308,0.000,-0.607,0.169,0.697,-0.244,-0.649,-0.183,0.000,0.004,0,10649,-10,1,34,16.250,305,305,0,0,0
121565,-0.708,-0.153,0.269,0.419,0.741,-0.157,0.703,-0.235,-0.648,-0.177,0.000,0.004,0,8697,13,-53,34,16.250,305,305,0,0,0
121665,-0.613,-0.170,0.115,0.176,-0.379,-0.230,0.705,-0.224,-0.649,-0.175,0.000,0.004,0,7561,-18,-8,34,16.250,305,305,0,0,0
121765,-0.473,-0.140,0.083,-0.009,-0.126,-0.170,0.701,-0.217,-0.655,-0.180,0.000,0.002,0,6954,-4,-12,34,16.250,305,305,0,0,0
121865,-0.423,-0.059,-0.083,0.204,-0.358,0.059,0.691,-0.217,-0.666,-0.180,0.000,0.001,0,8245,-20,-13,34,16.250,305,305,0,0,0
121965,-0.538,0.030,-0.147,0.302,-0.313,0.194,0.684,-0.217,-0.677,-0.163,0.000,0.000,0,9775,-21,-14,34,16.250,305,305,0,0,0
122065,-0.577,0.118,0.012,0.749,-0.489,-0.029,0.679,-0.203,-0.692,-0.140,0.000,-0.001,0,8678,-40,-18,34,16.250,305,305,0,0,0
122165,-0.661,0.102,0.003,0.864,0.359,0.106,0.686,-0.181,-0.696,-0.111,0.000,-0.001,0,9968,-16,-46,34,16.240,305,305,0,0,0
122265,-0.663,0.073,-0.181,0.950,-0.078,-0.011,0.694,-0.149,-0.700,-0.080,0.000,-0.000,0,9309,-30,-32,34,16.240,305,305,0,0,0
122365,-0.814,-0.032,-0.178,0.614,0.301,0.171,0.709,-0.131,-0.691,-0.051,0.000,0.001,0,11105,-11,-35,34,16.240,305,305,0,0,0
122465,-0.830,-0.069,-0.167,0.571,-0.016,-0.007,0.715,-0.111,-0.690,-0.029,0.000,0.002,0,10277,-18,-28,34,16.240,305,305,0,0,0
122565,-0.767,-0.092,-0.105,0.444,0.024,-0.110,0.718,-0.089,-0.690,-0.013,0.000,0.002,0,9344,-13,-27,34,16.240,305,305,0,0,0
122665,-0.793,-0.063,0.213,0.092,-0.539,0.178,0.714,-0.083,-0.695,-0.004,0.000,0.002,0,11035,-25,-1,34,16.240,305,305,0,0,0
122765,-0.951,-0.065,0.346,0.267,0.348,0.003,0.715,-0.086,-0.694,0.009,0.000,0.002,0,10954,-3,-37,34,16.240,305,305,0,0,0
122865,-0.896,-0.026,0.211,0.346,0.024,-0.336,0.710,-0.079,-0.700,0.011,0.000,0.001,0,8757,-17,-33,34,16.240,305,305,0,0,0
122965,-0.653,-0.161,-0.003,0.428,0.334,-0.104,0.725,-0.042,-0.687,0.023,0.000,0.003,0,8679,-5,-36,34,16.240,305,305,0,0,0
123065,-0.592,-0.195,-0.208,0.279,0.017,0.058,0.729,-0.027,-0.683,0.033,0.000,0.003,0,9298,-10,-26,34,16.240,305,305,0,0,0
123165,-0.655,-0.204,-0.130,0.216,-0.029,-0.023,0.729,-0.017,-0.682,0.051,0.000,0.003,0,9195,-11,-27,34,16.240,305,305,0,0,0
123265,-0.598,-0.206,0.225,0.271,-0.018,-0.079,0.729,-0.004,-0.682,0.059,0.000,0.003,0,8492,-11,-29,34,16.240,305,305,0,0,0
123365,-0.549,-0.285,0.356,0.416,0.371,-0.280,0.737,0.007,-0.673,0.066,0.000,0.004,0,6676,-5,-47,34,16.240,305,305,0,0,0
123465,-0.338,-0.287,0.199,0.359,-0.064,-0.034,0.736,0.039,-0.671,0.079,0.000,0.002,0,6956,-11,-30,34,16.240,305,305,0,0,0
123565,-0.335,-0.295,0.110,0.079,-0.196,-0.016,0.735,0.050,-0.670,0.090,0.000,0.002,0,7054,-10,-18,34,16.240,305,305,0,0,0
123665,-0.408,-0.224,-0.111,-0.361,-0.253,0.153,0.727,0.047,-0.679,0.094,0.000,0.002,0,8759,0,-7,34,16.240,305,305,0,0,0
123765,-0.447,-0.168,-0.177,-0.667,-0.059,-0.063,0.722,0.035,-0.686,0.083,0.000,0.002,0,7561,12,-7,34,16.240,305,305,0,0,0
123865,-0.469,-0.132,0.052,-0.891,-0.019,0.019,0.720,0.013,-0.691,0.062,0.000,0.001,0,8287,15,-3,34,16.250,305,305,0,0,0
123965,-0.486,-0.192,0.007,-0.819,0.434,0.007,0.730,-0.014,-0.683,0.036,0.000,0.002,0,8462,25,-16,34,16.250,305,305,0,0,0
124065,-0.515,-0.230,-0.025,-0.742,0.200,-0.213,0.734,-0.037,-0.679,0.015,0.000,0.003,0,6940,15,-17,34,16.250,305,305,0,0,0
124165,-0.438,-0.319,-0.202,-0.453,0.098,0.143,0.744,-0.043,-0.667,-0.001,0.000,0.003,0,8885,7,-18,34,16.250,305,305,0,0,0
124265,-0.561,-0.297,-0.236,0.013,-0.057,0.120,0.741,-0.051,-0.669,0.004,0.000,0.004,0,9484,-5,-28,34,16.250,305,305,0,0,0
124365,-0.577,-0.261,0.058,0.533,-0.489,0.062,0.737,-0.039,-0.676,0.021,0.000,0.003,0,9399,-33,-23,34,16.240,305,305,0,0,0
124465,-0.644,-0.240,0.256,0.696,0.582,0.063,0.733,-0.021,-0.678,0.045,0.000,0.004,0,9633,5,-65,34,16.240,305,305,0,0,0
124565,-0.540,-0.316,0.130,0.942,-0.257,-0.067,0.739,0.017,-0.669,0.076,0.000,0.004,0,8188,-31,-38,34,16.230,305,305,0,0,0
124665,-0.468,-0.322,0.004,0.772,-0.142,0.117,0.736,0.051,-0.666,0.107,0.000,0.003,0,8908,-18,-37,34,16.230,305,305,0,0,0
124765,-0.536,-0.286,-0.169,0.688,-0.130,0.196,0.727,0.072,-0.669,0.136,0.000,0.003,0,9784,-17,-38,34,16.230,305,305,0,0,0
124865,-0.618,-0.229,-0.218,0.582,-0.301,0.266,0.716,0.090,-0.674,0.161,0.000,0.003,0,10591,-20,-30,34,16.230,305,305,0,0,0
124965,-0.740,-0.159,-0.013,0.434,-0.403,0.112,0.702,0.103,-0.680,0.183,0.000,0.002,0,10427,-22,-23,34,16.230,305,305,0,0,0
125065,-0.801,-0.109,0.305,0.540,0.433,0.143,0.691,0.119,-0.684,0.203,0.000,0.001,0,10902,3,-56,34,16.250,305,305,0,0,0
125165,-0.793,-0.223,0.247,0.927,-0.297,0.058,0.696,0.138,-0.666,0.229,0.000,0.002,0,10420,-38,-38,34,16.250,305,305,0,0,0
125265,-0.713,-0.237,0.239,1.429,0.027,-0.168,0.686,0.176,-0.655,0.262,0.000,0.002,0,8659,-36,-65,34,16.250,305,305,0,0,0
125365,-0.571,-0.203,0.001,1.320,-0.280,-0.086,0.668,0.225,-0.645,0.297,0.000,0.001,0,8268,-39,-50,33,16.240,305,305,0,0,0
125465,-0.516,-0.197,-0.051,1.358,-0.104,0.077,0.649,0.266,-0.630,0.333,0.000,0.001,0,8957,-36,-57,33,16.240,305,305,0,0,0
125565,-0.489,-0.187,0.019,1.461,-0.319,0.169,0.623,0.313,-0.609,0.378,0.000,0.001,0,9349,-46,-51,33,16.240,305,305,0,0,0
125665,-0.467,-0.152,0.191,1.271,0.216,-0.200,0.598,0.350,-0.593,0.409,0.000,0.000,0,6659,-24,-68,34,16.240,305,305,0,0,0
125765,-0.529,-0.203,0.142,0.978,0.220,0.342,0.579,0.374,-0.571,0.445,0.000,0.000,0,10528,-18,-59,34,16.240,305,305,0,0,0
125865,-0.590,-0.251,-0.147,0.567,-0.166,-0.001,0.566,0.387,-0.555,0.470,0.000,0.001,0,8930,-23,-37,34,16.240,305,305,0,0,0
125965,-0.543,-0.225,-0.112,0.530,0.126,0.042,0.554,0.404,-0.547,0.480,0.000,0.000,0,8909,-13,-52,34,16.240,305,305,0,0,0
126065,-0.634,-0.302,0.060,0.031,-0.036,0.077,0.552,0.400,-0.539,0.495,0.000,0.001,0,9682,-9,-28,34,16.240,305,305,0,0,0
126165,-0.584,-0.258,0.056,0.241,-0.184,-0.161,0.551,0.405,-0.541,0.490,0.000,0.001,0,7842,-21,-39,34,16.250,305,305,0,0,0
126265,-0.470,-0.221,0.011,0.554,-0.110,-0.037,0.541,0.424,-0.532,0.494,0.000,0.001,0,7917,-25,-49,34,16.250,305,305,0,0,0
126365,-0.318,-0.194,0.024,0.501,-0.086,0.032,0.530,0.447,-0.518,0.502,0.000,0.001,0,7315,-21,-45,34,16.250,305,305,0,0,0
126465,-0.366,-0.169,0.055,0.580,-0.049,0.126,0.512,0.461,-0.509,0.516,0.000,0.000,0,8310,-23,-49,34,16.240,305,305,0,0,0
126565,-0.351,-0.147,0.054,0.556,-0.209,-0.112,0.497,0.477,-0.498,0.526,0.000,0.002,0,6424,-28,-42,34,16.240,305,305,0,0,0
126665,-0.215,-0.170,0.042,0.568,0.162,-0.132,0.489,0.494,-0.477,0.538,0.000,0.001,0,4909,-17,-54,34,16.250,305,305,0,0,0
126765,-0.206,-0.132,0.016,0.364,-0.347,0.043,0.475,0.507,-0.470,0.544,0.000,0.001,0,6513,-30,-33,34,16.250,305,305,0,0,0
126865,-0.184,-0.058,0.112,0.760,-0.120,-0.168,0.453,0.530,-0.458,0.551,0.000,0.000,0,3358,-35,-56,34,16.250,305,305,0,0,0
126965,-0.096,-0.061,-0.045,0.709,0.033,0.062,0.434,0.550,-0.433,0.567,0.000,0.000,0,5692,-27,-52,34,16.240,305,305,0,0,0
127065,-0.165,-0.066,-0.078,0.733,-0.028,0.057,0.410,0.563,-0.415,0.585,0.000,0.000,0,6274,-32,-52,34,16.240,305,305,0,0,0
127165,-0.229,-0.044,-0.007,0.766,-0.096,0.117,0.382,0.580,-0.396,0.601,0.000,0.001,0,7283,-34,-51,34,16.230,305,305,0,0,0
127265,-0.295,-0.032,0.021,0.670,-0.070,0.056,0.355,0.594,-0.376,0.617,0.000,0.001,0,7260,-32,-49,34,16.230,305,305,0,0,0
127365,-0.331,-0.028,-0.053,0.723,-0.003,0.036,0.329,0.608,-0.355,0.630,0.000,0.001,0,7436,-32,-53,34,16.230,305,305,0,0,0
127465,-0.355,-0.049,-0.045,0.729,0.216,0.051,0.304,0.618,-0.331,0.645,0.000,0.001,0,7725,-26,-60,34,16.240,305,305,0,0,0
127565,-0.391,-0.153,0.037,0.739,0.427,0.102,0.283,0.618,-0.304,0.667,0.000,0.002,0,8321,-19,-68,34,16.240,305,305,0,0,0
127665,-0.390,-0.300,-0.008,0.956,0.420,-0.028,0.261,0.614,-0.271,0.694,0.000,0.003,0,7207,-25,-77,34,16.250,305,305,0,0,0
127765,-0.352,-0.437,-0.077,0.621,0.307,0.216,0.240,0.609,-0.239,0.718,0.000,0.004,0,8803,-15,-65,34,16.250,305,305,0,0,0
127865,-0.292,-0.352,-0.005,0.873,-0.496,-0.211,0.211,0.629,-0.214,0.717,0.000,0.003,0,4889,-46,-52,34,16.250,305,305,0,0,0
127965,-0.059,-0.317,-0.008,0.652,-0.069,-0.191,0.194,0.644,-0.180,0.718,0.000,0.000,726,0,-25,-59,34,16.250,305,305,0,0,0
128065,-0.056,-0.231,-0.019,0.664,-0.432,0.150,0.170,0.660,-0.162,0.714,0.000,0.000,0,6114,-41,-49,34,16.250,305,305,0,0,0
128165,-0.086,-0.188,-0.036,0.810,0.028,0.026,0.139,0.670,-0.139,0.716,0.000,0.000,0,5225,-31,-67,34,16.250,305,305,0,0,0
128265,-0.025,-0.211,-0.032,0.828,0.101,0.000,0.113,0.673,-0.108,0.723,0.000,0.000,0,4208,-30,-68,34,16.250,305,305,0,0,0
128365,0.016,-0.218,0.003,0.672,-0.106,0.103,0.090,0.676,-0.082,0.727,0.000,-0.000,0,4958,-33,-58,34,16.240,305,305,0,0,0
128465,-0.033,-0.185,-0.060,0.517,-0.132,0.200,0.065,0.682,-0.065,0.726,0.000,0.000,0,6375,-30,-55,34,16.240,305,305,0,0,0
128565,-0.163,-0.170,-0.090,0.217,-0.004,0.184,0.046,0.684,-0.060,0.725,0.000,0.001,0,7298,-20,-51,34,16.230,305,305,0,0,0
128665,-0.246,-0.162,-0.063,0.137,-0.022,-0.001,0.037,0.685,-0.059,0.725,0.000,0.001,0,6476,-21,-50,34,16.230,305,305,0,0,0
128765,-0.168,-0.200,-0.021,0.157,0.213,-0.172,0.036,0.681,-0.051,0.729,0.000,0.001,0,3818,-15,-59,34,16.230,305,305,0,0,0
128865,-0.061,-0.231,0.042,0.254,-0.007,-0.066,0.037,0.678,-0.040,0.733,0.000,0.000,0,3760,-25,-55,34,16.230,305,305,0,0,0
128965,-0.100,-0.209,0.064,0.052,-0.141,0.097,0.030,0.681,-0.039,0.730,0.000,0.001,0,6109,-21,-46,34,16.230,305,305,0,0,0
129065,-0.133,-0.192,0.038,0.047,0.011,-0.029,0.028,0.683,-0.040,0.729,0.000,0.001,0,5147,-18,-52,34,16.230,305,305,0,0,0
129165,-0.100,-0.192,0.038,-0.056,-0.056,-0.080,0.031,0.683,-0.038,0.729,0.000,0.000,0,4144,-18,-47,34,16.230,305,305,0,0,0
129265,-0.111,-0.154,0.047,-0.094,-0.179,0.099,0.034,0.687,-0.043,0.724,0.000,0.000,0,6169,-21,-43,34,16.240,305,305,0,0,0
129365,-0.190,-0.124,0.055,-0.136,0.028,0.071,0.034,0.690,-0.052,0.721,0.000,0.001,0,6534,-13,-50,34,16.240,305,305,0,0,0
129465,-0.166,-0.156,0.035,-0.069,0.117,-0.131,0.039,0.686,-0.053,0.724,0.000,0.001,0,4341,-14,-52,34,16.230,305,305,0,0,0
129565,-0.075,-0.167,-0.001,-0.061,0.047,-0.103,0.047,0.685,-0.052,0.725,0.000,0.000,0,3417,-16,-50,34,16.230,305,305,0,0,0
129665,-0.057,-0.194,0.035,-0.053,0.070,0.057,0.050,0.682,-0.053,0.728,0.000,0.000,0,5247,-14,-51,34,16.250,305,305,0,0,0
129765,-0.096,-0.167,0.036,0.002,-0.141,0.037,0.050,0.685,-0.057,0.724,0.000,0.000,0,5548,-21,-47,34,16.250,305,305,0,0,0
129865,-0.096,-0.135,-0.006,0.037,-0.013,0.019,0.048,0.689,-0.056,0.721,0.000,0.000,0,5257,-19,-51,34,16.240,305,305,0,0,0
129965,-0.134,-0.137,0.013,0.052,-0.001,0.041,0.046,0.688,-0.057,0.722,0.000,0.000,0,5854,-19,-51,34,16.240,305,305,0,0,0
130065,-0.136,-0.140,0.032,0.057,-0.029,0.000,0.043,0.688,-0.054,0.722,0.000,0.000,0,5470,-20,-50,34,16.230,305,305,0,0,0
130165,-0.128,-0.132,0.002,0.042,-0.040,-0.047,0.042,0.689,-0.052,0.721,0.000,0.000,0,4814,-20,-51,34,16.230,305,305,0,0,0
130265,-0.075,-0.120,-0.056,0.162,-0.087,-0.127,0.040,0.691,-0.046,0.720,0.000,0.000,0,3020,-24,-52,34,16.230,305,305,0,0,0
130365,-0.041,-0.107,0.009,-0.014,0.020,0.046,0.040,0.693,-0.042,0.719,0.000,0.000,0,4932,-16,-50,34,16.230,305,305,0,0,0
130465,-0.111,-0.119,0.071,0.077,0.001,0.126,0.035,0.692,-0.044,0.720,0.000,0.000,0,6401,-20,-52,34,16.220,305,305,0,0,0
130565,-0.159,-0.122,0.065,0.066,-0.068,0.019,0.030,0.691,-0.044,0.721,0.000,0.000,0,5772,-22,-49,34,16.220,305,305,0,0,0
130665,-0.164,-0.091,0.047,-0.028,-0.120,0.027,0.028,0.695,-0.043,0.717,0.000,0.000,0,6001,-20,-45,34,16.230,305,305,0,0,0
130765,-0.181,-0.062,0.002,-0.179,-0.081,-0.019,0.031,0.698,-0.048,0.714,0.000,0.000,0,5726,-16,-43,34,16.230,305,305,0,0,0
130865,-0.133,-0.043,-0.063,-0.143,-0.061,-0.078,0.038,0.700,-0.051,0.711,0.000,0.000,0,4589,-18,-44,34,16.240,305,305,0,0,0
130965,-0.149,-0.046,-0.064,-0.052,0.053,0.128,0.040,0.700,-0.055,0.711,0.000,0.000,0,6741,-17,-49,34,16.240,305,305,0,0,0
131065,-0.250,-0.045,-0.039,-0.102,-0.061,0.132,0.038,0.699,-0.062,0.711,0.000,0.000,0,7556,-19,-44,34,16.240,305,305,0,0,0
131165,-0.281,-0.038,0.016,-0.003,0.004,-0.056,0.039,0.699,-0.067,0.711,0.000,0.000,0,6310,-20,-50,34,16.240,305,305,0,0,0
131265,-0.233,-0.055,0.013,0.081,0.104,-0.038,0.040,0.698,-0.062,0.712,0.000,0.000,0,6036,-18,-54,34,16.240,305,305,0,0,0
131365,-0.209,-0.076,-0.024,0.037,0.010,0.058,0.039,0.696,-0.059,0.715,0.000,0.000,0,6660,-19,-50,34,16.240,305,305,0,0,0
131465,-0.254,-0.077,-0.027,0.003,0.019,0.060,0.036,0.695,-0.061,0.715,0.000,0.001,0,7038,-18,-50,34,16.240,305,305,0,0,0
131565,-0.265,-0.086,0.012,0.010,0.032,-0.048,0.036,0.694,-0.061,0.716,0.000,0.001,0,6237,-18,-51,34,16.230,305,305,0,0,0
131665,-0.234,-0.088,0.019,-0.008,-0.004,-0.017,0.037,0.694,-0.059,0.716,0.000,0.001,0,6241,-18,-49,34,16.230,305,305,0,0,0
131765,-0.231,-0.083,0.026,0.000,-0.068,-0.018,0.038,0.695,-0.060,0.716,0.000,0.000,0,6204,-21,-48,34,16.240,305,305,0,0,0
131865,-0.227,-0.076,0.009,0.000,0.000,0.008,0.038,0.696,-0.060,0.715,0.000,0.000,0,6381,-18,-50,34,16.240,305,305,0,0,0
131965,-0.240,-0.070,-0.021,-0.011,-0.022,0.040,0.038,0.696,-0.061,0.714,0.000,0.000,0,6764,-19,-49,34,16.240,305,305,0,0,0
132065,-0.229,-0.079,-0.029,0.027,0.031,-0.060,0.037,0.695,-0.059,0.715,0.000,0.000,0,5794,-18,-51,34,16.240,305,305,0,0,0
132165,-0.183,-0.080,0.004,-0.018,0.001,-0.068,0.039,0.695,-0.057,0.715,0.000,0.000,0,5260,-17,-49,34,16.250,305,305,0,0,0
132265,-0.153,-0.080,0.018,-0.070,0.043,-0.022,0.043,0.695,-0.057,0.715,0.000,0.000,0,5399,-14,-49,34,16.250,305,305,0,0,0
132365,-0.145,-0.092,0.014,-0.074,0.053,-0.028,0.046,0.694,-0.059,0.716,0.000,0.000,0,5283,-15,-50,34,16.240,305,305,0,0,0
132465,-0.135,-0.117,-0.004,-0.063,0.049,-0.007,0.049,0.691,-0.061,0.719,0.000,0.000,0,5398,-15,-50,34,16.240,305,305,0,0,0
132565,-0.127,-0.135,-0.000,-0.031,0.067,-0.013,0.052,0.688,-0.062,0.721,0.000,0.000,0,5245,-14,-53,33,16.240,305,305,0,0,0
132665,-0.114,-0.144,0.056,-0.013,0.024,-0.041,0.054,0.687,-0.062,0.722,0.000,0.000,0,4753,-15,-52,33,16.240,305,305,0,0,0
132765,-0.068,-0.147,0.106,-0.002,-0.097,-0.087,0.056,0.687,-0.060,0.722,0.000,0.000,0,3598,-19,-49,34,16.250,305,305,0,0,0
132865,-0.034,-0.113,0.065,0.043,-0.099,-0.012,0.057,0.691,-0.058,0.718,0.000,0.000,0,4173,-20,-50,34,16.250,305,305,0,0,0
132965,-0.029,-0.090,-0.007,0.060,-0.061,0.020,0.055,0.694,-0.057,0.716,0.000,0.000,0,4520,-20,-51,34,16.240,305,305,0,0,0
133065,-0.062,-0.082,-0.043,0.081,-0.010,0.067,0.051,0.695,-0.056,0.715,0.000,0.000,0,5416,-19,-52,34,16.240,305,305,0,0,0
133165,-0.100,-0.080,-0.045,0.050,-0.083,0.001,0.047,0.695,-0.056,0.715,0.000,0.000,0,5115,-21,-49,34,16.230,305,305,0,0,0
133265,-0.101,-0.087,-0.044,-0.044,0.106,-0.018,0.047,0.695,-0.056,0.716,0.000,0.000,0,4911,-12,-52,34,16.230,305,305,0,0,0
133365,-0.078,-0.100,-0.025,-0.014,0.033,-0.029,0.050,0.693,-0.056,0.717,0.000,0.000,0,4512,-16,-52,33,16.230,305,305,0,0,0
133465,-0.098,-0.110,0.026,-0.008,-0.050,0.031,0.049,0.692,-0.057,0.718,0.000,0.000,0,5348,-19,-49,33,16.230,305,305,0,0,0
133565,-0.108,-0.093,-0.023,-0.063,-0.018,0.011,0.050,0.694,-0.059,0.716,0.000,0.000,0,5297,-15,-50,33,16.230,305,305,0,0,0
133665,-0.135,-0.094,-0.018,-0.050,0.069,0.050,0.051,0.693,-0.063,0.716,0.000,0.000,0,5942,-14,-52,34,16.230,305,305,0,0,0
133765,-0.139,-0.099,0.025,-0.062,-0.044,-0.043,0.053,0.692,-0.065,0.717,0.000,0.000,0,5057,-17,-49,34,16.230,305,305,0,0,0
133865,-0.141,-0.091,0.023,-0.024,0.010,0.043,0.055,0.693,-0.067,0.716,0.000,0.000,0,5967,-16,-51,34,16.240,305,305,0,0,0
133965,-0.170,-0.089,0.003,0.010,-0.068,-0.004,0.054,0.693,-0.069,0.716,0.000,0.000,0,5765,-19,-50,34,16.240,305,305,0,0,0
134065,-0.164,-0.074,-0.043,-0.002,0.017,-0.017,0.054,0.695,-0.069,0.714,0.000,0.000,0,5582,-15,-52,33,16.240,305,305,0,0,0
134165,-0.159,-0.090,-0.069,0.004,0.054,0.013,0.054,0.693,-0.068,0.716,0.000,0.000,0,5828,-15,-53,33,16.240,305,305,0,0,0
134265,-0.184,-0.118,-0.007,0.071,0.114,0.064,0.052,0.690,-0.068,0.719,0.000,0.001,0,6502,-15,-57,34,16.240,305,305,0,0,0
134365,-0.218,-0.126,0.018,0.007,-0.010,0.012,0.049,0.689,-0.069,0.720,0.000,0.001,0,6354,-16,-51,34,16.240,305,305,0,0,0
134465,-0.216,-0.120,0.019,0.021,-0.049,-0.092,0.050,0.689,-0.069,0.719,0.000,0.001,0,5346,-18,-52,34,16.250,305,305,0,0,0
134565,-0.143,-0.113,0.007,0.011,0.009,-0.087,0.053,0.691,-0.065,0.718,0.000,0.000,0,4606,-15,-53,34,16.250,305,305,0,0,0
134665,-0.143,-0.105,-0.013,0.004,-0.014,0.038,0.053,0.692,-0.066,0.717,0.000,0.000,0,5908,-16,-53,34,16.250,305,305,0,0,0
134765,-0.175,-0.120,-0.023,0.080,0.063,0.097,0.050,0.690,-0.065,0.719,0.000,0.001,0,6698,-15,-56,34,16.240,305,305,0,0,0
134865,-0.227,-0.132,0.006,0.011,-0.020,0.081,0.045,0.688,-0.065,0.721,0.000,0.001,0,6992,-15,-52,34,16.240,305,305,0,0,0
134965,-0.220,-0.121,0.020,-0.003,0.014,-0.117,0.046,0.690,-0.065,0.720,0.000,0.001,0,5137,-14,-54,34,16.230,305,305,0,0,0
135065,-0.151,-0.130,0.001,-0.009,-0.024,-0.063,0.049,0.689,-0.062,0.721,0.000,0.000,0,4960,-16,-52,34,16.230,305,305,0,0,0
135165,-0.127,-0.129,-0.027,0.000,0.090,0.001,0.051,0.689,-0.061,0.720,0.000,0.000,0,5398,-12,-56,34,16.230,305,305,0,0,0
135265,-0.126,-0.144,-0.002,-0.039,-0.003,-0.033,0.051,0.687,-0.061,0.722,0.000,0.000,0,5015,-14,-52,34,16.230,305,305,0,0,0
135365,-0.083,-0.143,0.026,-0.038,-0.009,-0.076,0.055,0.687,-0.061,0.722,0.000,0.000,0,3979,-14,-53,34,16.240,305,305,0,0,0
135465,-0.057,-0.140,0.015,-0.004,-0.002,0.039,0.057,0.688,-0.060,0.721,0.000,0.000,0,5059,-14,-54,34,16.240,305,305,0,0,0
135565,-0.079,-0.140,0.011,0.007,0.002,0.034,0.056,0.688,-0.061,0.721,0.000,0.000,0,5263,-14,-54,34,16.240,305,305,0,0,0
135665,-0.107,-0.138,0.007,0.006,-0.044,0.073,0.054,0.688,-0.062,0.721,0.000,0.000,0,5899,-15,-53,34,16.230,305,305,0,0,0
135765,-0.157,-0.128,-0.014,0.000,0.019,0.070,0.052,0.689,-0.065,0.720,0.000,0.000,0,6320,-13,-55,34,16.230,305,305,0,0,0
135865,-0.193,-0.138,-0.001,0.009,0.017,0.049,0.049,0.688,-0.066,0.721,0.000,0.001,0,6450,-13,-54,34,16.240,305,305,0,0,0
135965,-0.218,-0.140,0.007,-0.007,-0.008,0.009,0.048,0.687,-0.067,0.722,0.000,0.001,0,6265,-14,-54,34,16.240,305,305,0,0,0
136065,-0.219,-0.140,-0.001,0.001,0.026,0.013,0.048,0.687,-0.067,0.722,0.000,0.001,0,6367,-13,-55,34,16.240,305,305,0,0,0
136165,-0.226,-0.143,-0.004,0.017,0.022,-0.034,0.048,0.687,-0.068,0.722,0.000,0.001,0,6007,-13,-56,34,16.240,305,305,0,0,0
136265,-0.188,-0.148,0.006,0.064,-0.013,-0.054,0.048,0.686,-0.064,0.723,0.000,0.001,0,5444,-15,-56,34,16.240,305,305,0,0,0
136365,-0.157,-0.145,0.000,0.072,0.001,-0.042,0.048,0.687,-0.061,0.722,0.000,0.001,0,5286,-14,-57,34,16.240,305,305,0,0,0
136465,-0.155,-0.167,-0.008,0.108,0.157,-0.009,0.046,0.685,-0.059,0.725,0.000,0.001,0,5579,-11,-63,34,16.240,305,305,0,0,0
136565,-0.145,-0.199,-0.016,0.069,0.033,0.020,0.043,0.681,-0.054,0.729,0.000,0.001,0,5755,-13,-57,34,16.250,305,305,0,0,0
136665,-0.192,-0.216,0.012,-0.069,0.082,0.161,0.041,0.679,-0.056,0.731,0.000,0.001,0,7337,-6,-57,34,16.250,305,305,0,0,0
136765,-0.279,-0.249,-0.007,0.071,0.003,0.053,0.036,0.674,-0.061,0.735,0.000,0.002,0,7140,-16,-58,34,16.240,305,305,0,0,0
136865,-0.280,-0.198,0.004,0.019,-0.220,-0.042,0.034,0.681,-0.059,0.729,0.000,0.001,0,6415,-17,-51,34,16.240,305,305,0,0,0
136965,-0.264,-0.172,-0.000,0.007,0.006,0.012,0.034,0.684,-0.058,0.726,0.000,0.001,0,6734,-11,-57,34,16.240,305,305,0,0,0
137065,-0.307,-0.170,-0.024,0.002,0.009,0.083,0.031,0.684,-0.060,0.726,0.000,0.001,0,7610,-11,-57,34,16.250,305,305,0,0,0
137165,-0.360,-0.181,-0.029,-0.058,0.034,0.004,0.029,0.683,-0.063,0.728,0.000,0.002,0,7419,-9,-56,34,16.250,305,305,0,0,0
137265,-0.317,-0.203,-0.041,-0.119,0.213,-0.193,0.036,0.680,-0.064,0.730,0.000,0.002,0,5344,-1,-61,34,16.250,305,305,0,0,0
137365,-0.227,-0.269,-0.046,-0.007,0.188,-0.067,0.043,0.672,-0.062,0.737,0.000,0.001,0,5710,-6,-64,34,16.250,305,305,0,0,0
137465,-0.237,-0.328,-0.014,-0.041,0.179,0.176,0.044,0.664,-0.062,0.743,0.000,0.002,0,7771,-2,-63,34,16.250,305,305,0,0,0
137565,-0.356,-0.365,0.033,-0.023,-0.002,0.128,0.040,0.659,-0.069,0.748,0.000,0.003,0,8261,-8,-60,33,16.250,305,305,0,0,0
137665,-0.370,-0.341,0.062,0.029,-0.111,-0.070,0.038,0.662,-0.069,0.745,0.000,0.003,0,6925,-11,-59,33,16.250,305,305,0,0,0
137765,-0.314,-0.317,0.033,0.097,-0.042,-0.072,0.039,0.666,-0.066,0.742,0.000,0.002,0,6450,-10,-63,34,16.240,305,305,0,0,0
137865,-0.274,-0.315,0.013,0.074,0.060,0.000,0.038,0.666,-0.060,0.742,0.000,0.002,0,6719,-6,-65,34,16.240,305,305,0,0,0
137965,-0.261,-0.350,0.023,0.118,0.187,-0.060,0.035,0.662,-0.056,0.746,0.000,0.002,0,6088,-3,-70,34,16.240,305,305,0,0,0
138065,-0.205,-0.410,0.020,-0.034,0.207,-0.047,0.036,0.654,-0.051,0.754,0.000,0.002,0,5804,3,-66,34,16.240,305,305,0,0,0
138165,-0.209,-0.449,0.066,-0.039,-0.056,0.006,0.038,0.650,-0.053,0.757,0.000,0.002,0,6212,-6,-60,34,16.240,305,305,0,0,0
138265,-0.180,-0.345,0.068,-0.127,-0.639,-0.066,0.041,0.663,-0.054,0.745,0.000,0.001,0,5249,-20,-40,34,16.240,305,305,0,0,0
138365,-0.163,-0.172,0.052,-0.069,-0.298,-0.061,0.046,0.684,-0.060,0.726,0.000,0.001,0,5123,-12,-56,34,16.240,305,305,0,0,0
138465,-0.103,-0.135,0.016,0.006,-0.133,-0.077,0.049,0.689,-0.057,0.721,0.000,0.000,0,4152,-13,-55,34,16.220,305,305,0,0,0
138565,-0.089,-0.091,-0.000,-0.079,-0.008,0.021,0.051,0.694,-0.059,0.716,0.000,0.000,0,5204,-7,-57,34,16.220,305,305,0,0,0
138665,-0.054,-0.080,-0.044,0.017,-0.164,-0.046,0.055,0.695,-0.059,0.714,0.000,0.000,0,3989,-17,-54,34,16.220,305,305,0,0,0
138765,-0.071,-0.044,-0.089,0.088,0.043,0.017,0.053,0.699,-0.059,0.710,0.000,0.000,0,4960,-11,-63,34,16.230,305,305,0,0,0
138865,-0.021,-0.135,-0.140,0.017,0.572,-0.060,0.053,0.687,-0.052,0.723,0.000,0.000,0,3957,8,-76,34,16.230,305,305,0,0,0
138965,-0.080,-0.260,-0.161,-0.069,0.126,0.181,0.051,0.674,-0.055,0.735,0.000,0.000,0,6608,-5,-59,34,16.230,305,305,0,0,0
139065,-0.196,-0.251,-0.126,-0.004,-0.224,0.113,0.046,0.674,-0.061,0.735,0.000,0.001,0,7002,-15,-54,34,16.240,305,305,0,0,0
139165,-0.210,-0.188,-0.091,0.102,-0.082,-0.086,0.043,0.682,-0.061,0.728,0.000,0.001,0,5356,-11,-63,34,16.240,305,305,0,0,0
139265,-0.125,-0.237,-0.021,0.128,0.364,-0.142,0.043,0.677,-0.052,0.734,0.000,0.001,0,3352,2,-75,34,16.220,305,305,0,0,0
139365,-0.016,-0.330,0.001,0.153,0.238,-0.139,0.043,0.666,-0.040,0.744,0.000,0.000,0,829,-2,-72,34,16.220,305,305,0,0,0
139465,0.031,-0.343,0.008,0.047,-0.109,0.033,0.044,0.665,-0.036,0.745,0.000,-0.000,0,3702,-9,-60,34,16.220,305,305,0,0,0
139565,-0.001,-0.310,0.009,-0.022,-0.073,0.038,0.041,0.669,-0.037,0.742,0.000,0.000,0,4246,-5,-62,34,16.220,305,305,0,0,0
139665,-0.026,-0.305,0.043,-0.059,-0.014,-0.020,0.043,0.669,-0.041,0.741,0.000,0.000,0,3867,-4,-63,34,16.220,305,305,0,0,0
139765,0.031,-0.311,0.025,0.036,0.074,-0.126,0.046,0.668,-0.038,0.741,0.000,-0.000,2000,0,-2,-68,34,16.230,305,305,0,0,0
139865,0.074,-0.342,0.024,-0.021,0.109,0.031,0.047,0.665,-0.035,0.745,0.000,-0.001,0,2693,1,-67,34,16.230,305,305,0,0,0
139965,0.034,-0.384,0.053,-0.001,0.149,0.089,0.046,0.659,-0.037,0.750,0.000,-0.000,0,4259,2,-70,34,16.230,305,305,0,0,0
140065,-0.033,-0.415,0.058,-0.008,0.028,0.053,0.043,0.655,-0.040,0.753,0.000,0.000,0,4747,-1,-67,34,16.230,305,305,0,0,0
140165,-0.031,-0.405,0.061,0.040,-0.068,-0.037,0.042,0.657,-0.039,0.752,0.000,0.000,0,3580,-4,-67,34,16.230,305,305,0,0,0
140265,-0.003,-0.400,0.061,0.030,0.003,0.014,0.041,0.657,-0.036,0.752,0.000,0.000,0,3874,0,-68,34,16.230,305,305,0,0,0
140365,-0.016,-0.398,0.024,0.010,-0.022,0.018,0.040,0.658,-0.036,0.751,0.000,0.000,0,4153,-1,-67,34,16.230,305,305,0,0,0
140465,-0.036,-0.379,-0.046,0.002,-0.068,0.029,0.039,0.660,-0.038,0.749,0.000,0.000,0,4593,-2,-66,34,16.230,305,305,0,0,0
140565,-0.041,-0.368,-0.075,0.061,0.024,0.007,0.037,0.661,-0.037,0.748,0.000,0.000,0,4456,-1,-71,34,16.240,305,305,0,0,0
140665,-0.059,-0.382,-0.004,0.096,0.038,0.072,0.034,0.660,-0.035,0.750,0.000,0.001,0,5430,-1,-72,34,16.240,305,305,0,0,0
140765,-0.111,-0.396,0.054,0.100,0.024,0.021,0.028,0.658,-0.035,0.752,0.000,0.001,0,5432,-1,-72,34,16.240,305,305,0,0,0
140865,-0.088,-0.393,0.079,0.062,-0.083,-0.081,0.026,0.659,-0.031,0.751,0.000,0.001,0,3965,-3,-68,34,16.240,305,305,0,0,0
140965,-0.046,-0.357,0.050,-0.020,-0.134,-0.012,0.027,0.664,-0.028,0.747,0.000,0.000,0,4313,-1,-65,34,16.240,305,305,0,0,0
141065,-0.067,-0.326,0.001,-0.218,-0.059,0.106,0.030,0.667,-0.033,0.744,0.000,0.001,0,5828,5,-61,34,16.240,305,305,0,0,0
141165,-0.150,-0.322,-0.026,-0.193,0.017,0.052,0.034,0.667,-0.045,0.743,0.000,0.001,0,6099,5,-66,34,16.240,305,305,0,0,0
141265,-0.155,-0.340,-0.019,-0.044,0.144,0.040,0.037,0.664,-0.048,0.745,0.000,0.001,0,6036,5,-73,34,16.240,305,305,0,0,0
141365,-0.230,-0.391,0.009,-0.080,0.138,0.107,0.036,0.657,-0.053,0.751,0.000,0.002,0,7148,6,-71,34,16.240,305,305,0,0,0
141465,-0.284,-0.411,0.083,-0.239,0.068,0.043,0.038,0.654,-0.060,0.753,0.000,0.003,0,7145,11,-66,34,16.240,305,305,0,0,0
141565,-0.292,-0.428,0.029,-0.177,0.013,-0.089,0.046,0.651,-0.068,0.754,0.000,0.003,0,6108,7,-68,34,16.250,305,305,0,0,0
141665,-0.306,-0.420,-0.025,-0.030,-0.011,0.137,0.048,0.652,-0.071,0.753,0.000,0.003,0,7984,4,-72,34,16.250,305,305,0,0,0
141765,-0.426,-0.437,0.030,-0.139,0.041,0.114,0.046,0.649,-0.080,0.755,0.000,0.005,0,8521,7,-70,34,16.250,305,305,0,0,0
141865,-0.365,-0.440,-0.044,0.218,0.020,-0.164,0.046,0.649,-0.074,0.756,0.000,0.004,0,6085,-1,-80,34,16.250,305,305,0,0,0
141965,-0.288,-0.435,-0.256,0.286,-0.080,-0.062,0.041,0.651,-0.063,0.755,0.000,0.003,0,6316,-4,-77,34,16.250,305,305,0,0,0
142065,-0.340,-0.423,-0.189,0.249,0.012,0.120,0.032,0.653,-0.060,0.754,0.000,0.004,0,8100,0,-80,34,16.230,305,305,0,0,0
142165,-0.381,-0.452,-0.140,0.252,0.132,0.051,0.018,0.650,-0.052,0.758,0.000,0.004,0,7909,6,-83,34,16.230,305,305,0,0,0
142265,-0.324,-0.490,-0.129,0.219,0.127,-0.178,0.016,0.646,-0.044,0.762,0.000,0.004,0,5572,5,-84,34,16.230,305,305,0,0,0
142365,-0.250,-0.542,-0.167,0.020,0.193,0.158,0.013,0.639,-0.034,0.768,0.000,0.003,0,7737,16,-79,34,16.240,305,305,0,0,0
142465,-0.471,-0.575,-0.333,-0.213,0.057,0.156,0.010,0.634,-0.052,0.772,0.000,0.007,0,9161,15,-74,34,16.240,305,305,0,0,0
142565,-0.447,-0.547,-0.600,-0.060,-0.231,-0.112,0.013,0.638,-0.052,0.768,0.000,0.006,0,7195,3,-69,33,16.250,305,305,0,0,0
142665,-0.425,-0.452,-0.601,-0.047,-0.332,-0.084,0.017,0.651,-0.055,0.757,0.000,0.005,0,7205,0,-67,33,16.250,305,305,0,0,0
142765,-0.336,-0.364,-0.422,-0.010,-0.229,-0.162,0.022,0.661,-0.052,0.748,0.000,0.003,0,5840,1,-70,33,16.250,305,305,0,0,0
142865,-0.213,-0.309,-0.300,-0.007,-0.110,-0.186,0.029,0.668,-0.046,0.742,0.000,0.002,0,4241,3,-72,34,16.240,305,305,0,0,0
142965,-0.059,-0.288,-0.228,-0.123,-0.090,-0.122,0.037,0.671,-0.039,0.739,0.000,0.000,0,2649,7,-67,34,16.240,305,305,0,0,0
143065,-0.057,-0.243,-0.067,-0.180,-0.213,0.127,0.041,0.677,-0.045,0.733,0.000,0.000,0,5963,2,-62,34,16.230,305,305,0,0,0
143165,-0.123,-0.183,0.078,-0.069,-0.179,0.149,0.040,0.683,-0.050,0.727,0.000,0.001,0,6699,1,-66,34,16.230,305,305,0,0,0
143265,-0.174,-0.154,0.177,0.041,-0.018,0.138,0.034,0.687,-0.049,0.724,0.000,0.001,0,7021,3,-71,34,16.240,305,305,0,0,0
143365,-0.208,-0.181,0.305,0.058,0.183,-0.026,0.030,0.684,-0.049,0.727,0.000,0.001,0,5920,8,-78,34,16.240,305,305,0,0,0
143465,-0.024,-0.259,0.507,0.173,0.298,-0.346,0.034,0.674,-0.032,0.737,0.000,-0.000,5019,0,10,-83,34,16.240,305,305,0,0,0
143565,0.194,-0.352,0.575,-0.124,0.293,-0.253,0.045,0.664,-0.021,0.746,0.000,-0.002,6303,0,19,-77,34,16.250,305,305,0,0,0
143665,0.168,-0.385,0.484,-0.367,-0.004,0.154,0.055,0.659,-0.032,0.749,0.000,-0.002,0,2383,15,-65,34,16.250,305,305,0,0,0
143765,0.082,-0.373,0.299,-0.106,-0.044,0.159,0.057,0.660,-0.043,0.748,0.000,-0.001,0,3924,8,-74,34,16.240,305,305,0,0,0
143865,-0.081,-0.373,0.100,-0.018,0.016,0.253,0.049,0.660,-0.051,0.748,0.000,0.001,0,6966,10,-77,34,16.240,305,305,0,0,0
143965,-0.224,-0.367,-0.045,-0.009,-0.046,0.164,0.042,0.660,-0.059,0.748,0.000,0.002,0,7471,7,-75,34,16.250,305,305,0,0,0
144065,-0.299,-0.366,0.002,0.180,0.050,0.060,0.036,0.660,-0.060,0.748,0.000,0.003,0,7381,5,-84,34,16.250,305,305,0,0,0
144165,-0.311,-0.397,0.076,0.106,0.166,-0.011,0.030,0.656,-0.056,0.752,0.000,0.003,0,6925,13,-84,34,16.250,305,305,0,0,0
144265,-0.263,-0.449,0.106,-0.034,0.154,-0.120,0.032,0.650,-0.053,0.757,0.000,0.003,0,5542,17,-81,34,16.230,305,305,0,0,0
144365,-0.201,-0.478,0.100,0.128,0.049,-0.041,0.035,0.647,-0.048,0.760,0.000,0.002,0,5705,9,-85,34,16.230,305,305,0,0,0
144465,-0.204,-0.494,0.105,0.137,0.022,0.096,0.029,0.645,-0.044,0.762,0.000,0.002,0,6924,10,-84,34,16.240,305,305,0,0,0
144565,-0.280,-0.489,0.068,-0.076,-0.048,0.097,0.023,0.645,-0.046,0.762,0.000,0.003,0,7511,15,-76,34,16.240,305,305,0,0,0
144665,-0.286,-0.477,0.035,-0.122,-0.023,-0.112,0.028,0.647,-0.051,0.761,0.000,0.003,0,5845,16,-78,34,16.250,305,305,0,0,0
144765,-0.219,-0.479,0.018,-0.092,0.040,-0.068,0.035,0.646,-0.050,0.760,0.000,0.003,0,5622,17,-81,34,16.250,305,305,0,0,0
144865,-0.225,-0.496,0.010,-0.166,0.073,0.133,0.039,0.644,-0.054,0.762,0.000,0.003,0,7380,21,-80,34,16.240,305,305,0,0,0
144965,-0.354,-0.513,0.037,-0.166,0.030,0.151,0.039,0.641,-0.066,0.764,0.000,0.004,0,8400,19,-80,34,16.240,305,305,0,0,0
145065,-0.400,-0.520,0.020,-0.028,0.026,-0.078,0.040,0.639,-0.071,0.765,0.000,0.005,0,7105,16,-84,34,16.240,305,305,0,0,0
145165,-0.336,-0.526,-0.014,-0.030,0.001,-0.041,0.044,0.639,-0.068,0.765,0.000,0.004,0,6868,17,-83,34,16.240,305,305,0,0,0
145265,-0.316,-0.519,-0.003,-0.069,-0.070,0.094,0.046,0.640,-0.068,0.764,0.000,0.004,0,7757,16,-80,34,16.240,305,305,0,0,0
145365,-0.428,-0.488,0.066,-0.119,-0.132,0.196,0.043,0.643,-0.077,0.761,0.000,0.005,0,9143,16,-77,34,16.240,305,305,0,0,0
145465,-0.486,-0.447,0.092,-0.014,-0.134,-0.058,0.042,0.647,-0.082,0.757,0.000,0.005,0,7877,12,-80,34,16.240,305,305,0,0,0
145565,-0.398,-0.415,0.023,0.056,-0.083,-0.144,0.045,0.652,-0.076,0.753,0.000,0.004,0,6460,11,-82,34,16.240,305,305,0,0,0
145665,-0.321,-0.404,-0.017,0.077,0.049,-0.019,0.046,0.654,-0.070,0.752,0.000,0.003,0,6943,15,-85,34,16.220,305,305,0,0,0
145765,-0.361,-0.456,-0.038,-0.008,0.337,0.171,0.043,0.647,-0.071,0.758,0.000,0.004,0,8576,26,-92,34,16.220,305,305,0,0,0
145865,-0.442,-0.555,-0.060,0.000,0.271,0.049,0.041,0.634,-0.075,0.768,0.000,0.006,0,8306,23,-90,34,16.230,305,305,0,0,0
145965,-0.429,-0.587,-0.021,0.030,-0.066,-0.054,0.041,0.630,-0.073,0.772,0.000,0.006,0,7409,13,-82,34,16.230,305,305,0,0,0
146065,-0.381,-0.555,0.033,0.062,-0.172,-0.084,0.042,0.635,-0.070,0.768,0.000,0.005,0,6898,11,-81,34,16.220,305,305,0,0,0
146165,-0.355,-0.497,0.091,-0.001,-0.230,-0.006,0.042,0.643,-0.069,0.762,0.000,0.004,0,7311,11,-77,34,16.220,305,305,0,0,0
146265,-0.365,-0.432,0.062,0.003,-0.203,0.002,0.041,0.651,-0.070,0.755,0.000,0.004,0,7442,10,-78,34,16.250,305,305,0,0,0
146365,-0.362,-0.385,0.010,0.052,-0.121,-0.002,0.039,0.657,-0.069,0.750,0.000,0.003,0,7371,10,-81,34,16.250,305,305,0,0,0
146465,-0.360,-0.362,-0.017,0.037,-0.046,0.026,0.037,0.660,-0.067,0.747,0.000,0.003,0,7573,13,-81,34,16.240,305,305,0,0,0
146565,-0.391,-0.358,-0.037,0.018,0.022,0.046,0.035,0.660,-0.068,0.747,0.000,0.003,0,7942,14,-82,34,16.240,305,305,0,0,0
146665,-0.404,-0.370,-0.048,0.034,0.056,-0.010,0.034,0.659,-0.068,0.749,0.000,0.004,0,7635,14,-84,34,16.240,305,305,0,0,0
146765,-0.378,-0.390,-0.063,0.094,0.049,-0.016,0.032,0.657,-0.064,0.751,0.000,0.004,0,7411,13,-85,34,16.240,305,305,0,0,0
146865,-0.344,-0.411,-0.068,0.121,0.000,0.001,0.030,0.654,-0.059,0.753,0.000,0.003,0,7276,12,-84,34,16.250,305,305,0,0,0
146965,-0.345,-0.414,-0.041,0.054,-0.010,0.049,0.026,0.654,-0.055,0.754,0.000,0.003,0,7634,14,-82,34,16.250,305,305,0,0,0
147065,-0.354,-0.413,0.013,-0.036,0.000,-0.059,0.026,0.654,-0.056,0.754,0.000,0.004,0,6890,16,-81,34,16.250,305,305,0,0,0
147165,-0.291,-0.412,0.079,-0.013,0.004,-0.136,0.030,0.655,-0.054,0.753,0.000,0.003,0,5669,15,-82,34,16.250,305,305,0,0,0
147265,-0.221,-0.415,0.101,0.068,-0.008,-0.158,0.033,0.655,-0.050,0.754,0.000,0.002,0,4689,12,-84,34,16.250,305,305,0,0,0
147365,-0.136,-0.410,0.054,0.052,-0.017,-0.042,0.035,0.656,-0.043,0.753,0.000,0.001,0,5030,13,-82,33,16.250,305,305,0,0,0
147465,-0.160,-0.403,-0.005,-0.023,-0.014,0.121,0.033,0.657,-0.044,0.752,0.000,0.002,0,6776,15,-81,33,16.250,305,305,0,0,0
147565,-0.266,-0.393,-0.015,-0.002,-0.046,0.124,0.028,0.657,-0.050,0.751,0.000,0.003,0,7613,13,-81,34,16.240,305,305,0,0,0
147665,-0.301,-0.380,0.009,0.003,-0.046,-0.016,0.026,0.659,-0.051,0.750,0.000,0.003,0,6709,13,-80,34,16.240,305,305,0,0,0
147765,-0.280,-0.368,0.022,-0.070,-0.021,-0.020,0.028,0.660,-0.051,0.749,0.000,0.003,0,6605,15,-79,34,16.250,305,305,0,0,0
147865,-0.277,-0.364,-0.010,-0.051,0.001,0.006,0.031,0.661,-0.053,0.748,0.000,0.002,0,6785,15,-80,34,16.250,305,305,0,0,0
147965,-0.271,-0.366,-0.034,0.013,0.017,-0.029,0.032,0.661,-0.054,0.748,0.000,0.002,0,6454,13,-82,34,16.250,305,305,0,0,0
148065,-0.253,-0.375,-0.031,0.000,0.076,-0.002,0.032,0.659,-0.053,0.749,0.000,0.002,0,6550,16,-84,34,16.250,305,305,0,0,0
148165,-0.265,-0.406,-0.015,-0.023,0.113,0.024,0.032,0.655,-0.054,0.753,0.000,0.003,0,6847,18,-84,34,16.240,305,305,0,0,0
148265,-0.280,-0.431,0.005,-0.007,0.007,-0.003,0.032,0.652,-0.054,0.755,0.000,0.003,0,6741,14,-82,34,16.240,305,305,0,0,0
148365,-0.281,-0.425,0.017,-0.028,-0.023,-0.006,0.033,0.653,-0.055,0.755,0.000,0.003,0,6733,15,-81,34,16.240,305,305,0,0,0
148465,-0.283,-0.423,0.010,-0.031,-0.008,-0.021,0.035,0.653,-0.057,0.754,0.000,0.003,0,6571,15,-82,34,16.240,305,305,0,0,0
148565,-0.271,-0.417,-0.010,-0.013,0.002,0.022,0.035,0.654,-0.056,0.754,0.000,0.003,0,6876,15,-82,34,16.250,305,305,0,0,0
148665,-0.295,-0.431,0.001,-0.011,0.094,0.031,0.035,0.652,-0.058,0.755,0.000,0.003,0,7130,18,-85,34,16.250,305,305,0,0,0
148765,-0.320,-0.453,0.007,0.004,0.027,0.026,0.034,0.649,-0.059,0.758,0.000,0.004,0,7281,15,-83,34,16.250,305,305,0,0,0
148865,-0.320,-0.452,0.029,0.018,-0.110,-0.047,0.033,0.649,-0.059,0.758,0.000,0.003,0,6623,11,-80,34,16.250,305,305,0,0,0
148965,-0.299,-0.419,0.032,0.003,-0.106,0.003,0.034,0.653,-0.058,0.754,0.000,0.003,0,6948,12,-80,34,16.230,305,305,0,0,0
149065,-0.321,-0.390,0.019,-0.029,-0.087,0.072,0.032,0.657,-0.059,0.751,0.000,0.003,0,7633,13,-79,34,16.230,305,305,0,0,0
149165,-0.361,-0.370,-0.000,-0.017,-0.023,0.003,0.031,0.659,-0.062,0.749,0.000,0.003,0,7424,14,-81,34,16.230,305,305,0,0,0
149265,-0.340,-0.371,0.001,0.012,0.043,-0.076,0.032,0.659,-0.061,0.749,0.000,0.003,0,6638,15,-83,34,16.230,305,305,0,0,0
149365,-0.314,-0.389,0.011,-0.028,0.087,0.000,0.034,0.657,-0.060,0.751,0.000,0.003,0,7037,17,-83,34,16.230,305,305,0,0,0
149465,-0.316,-0.410,-0.015,-0.013,0.056,0.012,0.035,0.654,-0.061,0.753,0.000,0.003,0,7147,16,-83,34,16.250,305,305,0,0,0
149565,-0.328,-0.429,-0.015,0.006,0.084,-0.007,0.036,0.652,-0.062,0.755,0.000,0.003,0,7094,17,-85,34,16.250,305,305,0,0,0
149665,-0.312,-0.453,0.009,-0.016,0.076,-0.026,0.037,0.649,-0.061,0.758,0.000,0.003,0,6823,18,-84,34,16.240,305,305,0,0,0
149765,-0.290,-0.467,0.029,-0.011,-0.030,-0.028,0.038,0.647,-0.060,0.759,0.000,0.003,0,6625,15,-81,34,16.240,305,305,0,0,0
149865,-0.279,-0.446,0.014,-0.014,-0.118,0.022,0.039,0.650,-0.060,0.757,0.000,0.003,0,6938,13,-79,34,16.230,305,305,0,0,0
149965,-0.284,-0.420,0.000,-0.004,-0.021,0.000,0.039,0.653,-0.060,0.754,0.000,0.003,0,6799,15,-82,34,16.230,305,305,0,0,0
150065,-0.280,-0.428,-0.011,0.001,0.069,-0.013,0.039,0.652,-0.060,0.755,0.000,0.003,0,6656,17,-84,34,16.250,305,305,0,0,0
150165,-0.265,-0.444,-0.021,0.024,0.024,-0.026,0.040,0.650,-0.059,0.756,0.000,0.003,0,6413,15,-83,34,16.250,305,305,0,0,0
150265,-0.251,-0.442,-0.009,0.023,-0.038,-0.009,0.040,0.651,-0.058,0.756,0.000,0.003,0,6449,13,-82,34,16.250,305,305,0,0,0
150365,-0.245,-0.431,0.003,0.002,-0.018,0.001,0.039,0.652,-0.057,0.755,0.000,0.003,0,6483,15,-82,34,16.230,305,305,0,0,0
150465,-0.245,-0.432,0.011,0.000,0.031,-0.006,0.039,0.652,-0.057,0.755,0.000,0.003,0,6433,16,-83,34,16.230,305,305,0,0,0
150565,-0.241,-0.437,-0.001,0.017,-0.007,-0.013,0.039,0.651,-0.057,0.756,0.000,0.003,0,6321,14,-82,34,16.220,305,305,0,0,0
150665,-0.227,-0.436,-0.008,0.009,0.000,-0.014,0.039,0.651,-0.055,0.756,0.000,0.002,0,6197,15,-83,34,16.220,305,305,0,0,0
150765,-0.212,-0.441,0.000,0.006,0.028,-0.018,0.040,0.651,-0.055,0.756,0.000,0.002,0,6031,16,-83,34,16.240,305,305,0,0,0
150865,-0.210,-0.445,-0.008,0.010,-0.018,0.004,0.040,0.651,-0.054,0.756,0.000,0.002,0,6208,14,-82,34,16.240,305,305,0,0,0
150965,-0.215,-0.429,-0.010,-0.001,-0.079,0.036,0.040,0.653,-0.055,0.755,0.000,0.002,0,6568,13,-80,34,16.240,305,305,0,0,0
151065,-0.244,-0.403,0.013,0.009,-0.093,0.021,0.038,0.656,-0.056,0.752,0.000,0.002,0,6645,12,-80,34,16.240,305,305,0,0,0
151165,-0.236,-0.378,0.032,0.020,-0.072,-0.014,0.037,0.659,-0.055,0.749,0.000,0.002,0,6275,12,-80,34,16.240,305,305,0,0,0
151265,-0.233,-0.363,0.036,0.007,-0.037,0.006,0.037,0.661,-0.055,0.748,0.000,0.002,0,6419,13,-80,34,16.250,305,305,0,0,0
151365,-0.256,-0.357,0.025,-0.019,-0.007,0.050,0.036,0.661,-0.056,0.747,0.000,0.002,0,6987,14,-81,34,16.250,305,305,0,0,0
151465,-0.287,-0.358,0.020,0.006,0.011,0.043,0.034,0.661,-0.058,0.747,0.000,0.003,0,7168,14,-81,34,16.240,305,305,0,0,0
151565,-0.292,-0.363,0.003,0.040,0.018,-0.012,0.033,0.661,-0.057,0.748,0.000,0.003,0,6769,13,-82,34,16.240,305,305,0,0,0
151665,-0.286,-0.368,-0.011,0.008,0.013,-0.012,0.032,0.660,-0.056,0.748,0.000,0.003,0,6720,14,-81,34,16.240,305,305,0,0,0
151765,-0.286,-0.369,-0.012,0.011,0.000,-0.007,0.032,0.660,-0.056,0.749,0.000,0.003,0,6762,13,-81,34,16.250,305,305,0,0,0
151865,-0.294,-0.369,-0.000,-0.009,0.001,0.030,0.032,0.660,-0.056,0.749,0.000,0.003,0,7114,14,-81,34,16.250,305,305,0,0,0
151965,-0.305,-0.370,0.034,0.016,-0.014,-0.022,0.031,0.660,-0.057,0.749,0.000,0.003,0,6792,13,-81,34,16.230,305,305,0,0,0
152065,-0.275,-0.356,-0.049,0.021,-0.037,-0.039,0.032,0.662,-0.055,0.747,0.000,0.002,0,6401,12,-80,34,16.230,305,305,0,0,0
152165,-0.255,-0.359,-0.033,-0.013,0.033,-0.036,0.033,0.661,-0.054,0.747,0.000,0.002,0,6254,15,-82,34,16.230,305,305,0,0,0
152265,-0.227,-0.362,0.023,-0.006,-0.010,-0.034,0.035,0.661,-0.053,0.748,0.000,0.002,0,6012,13,-81,34,16.230,305,305,0,0,0
152365,-0.229,-0.365,-0.019,-0.013,0.027,0.042,0.035,0.661,-0.053,0.748,0.000,0.002,0,6692,15,-81,34,16.230,305,305,0,0,0
152465,-0.261,-0.371,-0.035,-0.002,0.014,0.027,0.034,0.660,-0.055,0.749,0.000,0.002,0,6832,14,-82,34,16.250,305,305,0,0,0
152565,-0.263,-0.374,0.004,-0.023,0.019,0.001,0.034,0.659,-0.055,0.749,0.000,0.002,0,6640,15,-81,34,16.250,305,305,0,0,0
152665,-0.258,-0.380,0.027,-0.028,0.017,-0.021,0.036,0.658,-0.056,0.750,0.000,0.002,0,6396,15,-81,34,16.240,305,305,0,0,0
152765,-0.247,-0.383,0.006,0.016,0.008,-0.018,0.036,0.658,-0.056,0.750,0.000,0.002,0,6341,14,-82,34,16.240,305,305,0,0,0
152865,-0.239,-0.384,0.020,0.032,-0.010,0.000,0.036,0.658,-0.054,0.750,0.000,0.002,0,6424,13,-82,34,16.240,305,305,0,0,0
152965,-0.235,-0.379,0.025,0.023,-0.031,0.003,0.035,0.659,-0.054,0.750,0.000,0.002,0,6422,12,-81,34,16.240,305,305,0,0,0
153065,-0.243,-0.369,-0.018,0.006,-0.036,0.033,0.034,0.660,-0.054,0.748,0.000,0.002,0,6776,13,-80,34,16.240,305,305,0,0,0
153165,-0.261,-0.359,-0.039,0.013,-0.027,0.022,0.033,0.661,-0.054,0.747,0.000,0.002,0,6793,13,-81,34,16.240,305,305,0,0,0
153265,-0.272,-0.353,-0.025,-0.006,-0.009,0.014,0.032,0.662,-0.055,0.747,0.000,0.002,0,6819,14,-80,34,16.240,305,305,0,0,0
153365,-0.274,-0.353,-0.003,0.000,0.007,-0.010,0.032,0.662,-0.055,0.747,0.000,0.002,0,6634,14,-81,34,16.240,305,305,0,0,0
153465,-0.277,-0.358,-0.119,0.157,0.032,0.032,0.032,0.661,-0.055,0.747,0.000,0.002,0,6669,13,-83,34,16.200,1038,760,60,1896,0
153565,-0.265,-0.357,-0.356,0.030,0.000,-0.202,0.033,0.661,-0.055,0.747,0.000,0.002,0,4681,13,-82,34,16.200,1038,760,60,1896,0
153665,-0.213,-0.318,-0.403,0.048,-0.158,0.018,0.035,0.667,-0.052,0.743,0.000,0.002,0,6354,6,-78,34,16.200,1038,760,60,1896,0
153765,-0.241,-0.263,-0.316,-0.037,-0.213,0.042,0.033,0.673,-0.054,0.737,0.000,0.002,0,6796,7,-73,34,16.230,919,6038,60,443,0
153865,-0.247,-0.212,-0.221,0.047,-0.118,-0.007,0.031,0.680,-0.053,0.731,0.000,0.001,0,6405,8,-79,34,16.230,919,6038,60,443,0
153965,-0.237,-0.200,-0.189,0.018,0.007,0.011,0.030,0.681,-0.052,0.730,10000000.000,0.001,0,6876,11,-79,34,16.240,548,6596,60,257,0
154065,-0.249,-0.205,-0.110,0.007,0.013,0.016,0.030,0.681,-0.052,0.730,35000000.000,0.001,0,7847,11,-78,34,16.240,548,6596,60,257,0
154165,-0.247,-0.205,-0.060,-0.006,-0.024,-0.023,0.029,0.681,-0.052,0.730,45000000.000,0.001,0,7879,10,-77,34,16.240,548,6596,60,257,0
154265,-0.242,-0.192,-0.052,0.000,-0.073,0.023,0.030,0.682,-0.052,0.729,65000000.000,0.001,0,8768,8,-75,34,16.200,403,8143,60,356,0
154365,-0.264,-0.159,-0.038,-0.009,-0.156,0.046,0.028,0.686,-0.053,0.725,75000000.000,0.001,0,9306,6,-73,34,16.200,403,8143,60,356,0
154465,-0.284,-0.107,-0.022,0.006,-0.208,0.036,0.026,0.692,-0.054,0.719,85000000.000,0.001,0,9625,3,-71,34,16.210,382,9433,60,396,0
154565,-0.297,-0.043,-0.005,0.006,-0.223,0.001,0.025,0.700,-0.054,0.712,100000000.000,0.000,1502,9887,2,-69,34,16.210,382,9433,60,396,0
154665,-0.272,0.016,-0.223,0.014,-0.110,-0.024,0.021,0.707,-0.049,0.705,120000000.000,-0.000,4229,10105,4,-72,34,16.210,382,9433,60,396,0
154765,-0.263,0.030,-0.152,-0.006,-0.021,-0.023,0.022,0.709,-0.049,0.703,135000000.000,-0.000,5110,10435,6,-73,34,16.220,4222,10288,181,442,0
154865,-0.257,0.034,-0.079,-0.012,-0.020,-0.001,0.023,0.709,-0.049,0.703,150000000.000,-0.000,5642,10871,5,-72,34,16.220,4222,10288,181,442,0
154965,-0.266,0.049,-0.022,-0.049,-0.069,0.044,0.023,0.711,-0.051,0.701,165000000.000,-0.000,5774,11466,4,-69,34,16.200,5543,11389,300,493,0
155065,-0.290,0.078,0.019,-0.032,-0.131,-0.006,0.023,0.714,-0.054,0.698,180000000.000,-0.000,6610,11675,1,-68,34,16.200,5543,11389,300,493,0
155165,-0.286,0.125,-0.020,-0.010,-0.176,0.001,0.023,0.720,-0.054,0.692,200000000.000,-0.001,7310,12106,-1,-66,34,16.200,5543,11389,300,493,0
155265,-0.284,0.178,-0.045,-0.031,-0.176,-0.011,0.024,0.726,-0.055,0.685,210000000.000,-0.001,7741,12250,-2,-65,34,16.150,7396,12135,371,559,0
155365,-0.234,0.222,-0.094,-0.016,-0.117,-0.084,0.027,0.731,-0.053,0.680,225000000.000,-0.001,9039,11970,-1,-66,34,16.150,7396,12135,371,559,0
155465,-0.197,0.239,-0.062,-0.017,-0.013,-0.007,0.028,0.733,-0.051,0.678,250000000.000,-0.001,9439,12685,1,-68,34,16.150,7396,12135,371,559,0
155565,-0.216,0.235,-0.011,-0.042,0.037,0.043,0.029,0.732,-0.054,0.678,270000000.000,-0.001,9565,13361,2,-68,34,16.170,9293,12820,410,573,0
155665,-0.228,0.227,-0.000,-0.038,0.020,0.011,0.029,0.731,-0.055,0.679,290000000.000,-0.001,10181,13651,1,-67,34,16.170,9293,12820,410,573,0
155765,-0.240,0.231,-0.026,-0.031,-0.043,0.006,0.030,0.732,-0.057,0.679,305000000.000,-0.001,10511,13947,-1,-65,34,16.150,10395,14005,470,577,0
155865,-0.229,0.255,-0.041,0.013,-0.114,-0.060,0.030,0.734,-0.057,0.676,315000000.000,-0.001,11133,13822,-5,-64,34,16.150,10395,14005,470,577,0
155965,-0.158,0.291,-0.037,0.054,-0.152,-0.164,0.032,0.739,-0.052,0.671,330000000.000,-0.001,12276,13390,-7,-63,34,16.150,10395,14005,470,577,0
156065,-0.095,0.330,-0.016,0.002,-0.120,-0.029,0.033,0.743,-0.047,0.666,345000000.000,-0.001,12185,14019,-5,-61,34,16.140,12285,13623,546,584,0
156165,-0.096,0.359,0.006,-0.007,-0.083,0.020,0.033,0.747,-0.047,0.663,350000000.000,-0.001,12136,14238,-5,-62,34,16.140,12285,13623,546,584,0
156265,-0.117,0.375,0.042,-0.004,-0.041,0.028,0.032,0.748,-0.049,0.661,365000000.000,-0.001,12312,14608,-5,-62,34,16.140,12285,13623,546,584,0
156365,-0.126,0.385,0.046,-0.018,-0.039,0.003,0.032,0.749,-0.050,0.659,380000000.000,-0.001,12681,14805,-6,-61,34,16.110,12254,14492,534,648,0
156465,-0.130,0.400,-0.005,-0.026,-0.061,0.022,0.033,0.751,-0.052,0.658,395000000.000,-0.001,12876,15140,-7,-60,34,16.110,12254,14492,534,648,0
156565,-0.143,0.421,-0.012,-0.026,-0.074,0.038,0.033,0.753,-0.053,0.655,405000000.000,-0.001,12945,15409,-7,-59,34,16.140,12953,15151,551,673,0
156665,-0.162,0.443,-0.039,0.012,-0.068,0.000,0.032,0.755,-0.055,0.652,415000000.000,-0.002,13217,15502,-9,-59,34,16.140,12953,15151,551,673,0
156765,-0.167,0.458,-0.039,-0.007,-0.046,0.027,0.033,0.757,-0.057,0.650,435000000.000,-0.002,13442,15948,-9,-58,34,16.140,12953,15151,551,673,0
156865,-0.188,0.471,-0.008,-0.009,-0.046,0.019,0.032,0.758,-0.059,0.649,440000000.000,-0.002,13498,16056,-9,-58,34,16.110,13404,15974,566,699,0
156965,-0.193,0.485,0.012,-0.020,-0.051,0.000,0.033,0.760,-0.060,0.647,460000000.000,-0.002,13921,16316,-10,-57,34,16.110,13404,15974,566,699,0
157065,-0.190,0.500,0.019,-0.031,-0.047,0.000,0.034,0.761,-0.061,0.645,475000000.000,-0.002,14197,16536,-10,-56,34,16.090,14164,16556,615,712,0
157165,-0.193,0.512,-0.036,-0.023,-0.051,0.027,0.035,0.763,-0.063,0.643,490000000.000,-0.002,14344,16860,-11,-55,34,16.090,14164,16556,615,712,0
157265,-0.200,0.531,-0.023,-0.024,-0.074,0.024,0.034,0.764,-0.063,0.641,500000000.000,-0.003,14500,17022,-13,-54,34,16.090,14164,16556,615,712,0
157365,-0.199,0.554,-0.007,-0.007,-0.073,-0.017,0.035,0.767,-0.064,0.638,510000000.000,-0.003,14831,17031,-14,-54,34,16.080,14662,16891,637,775,0
157465,-0.177,0.572,0.001,-0.016,-0.044,-0.004,0.036,0.769,-0.063,0.635,520000000.000,-0.002,15033,17147,-13,-54,34,16.080,14662,16891,637,775,0
157565,-0.174,0.579,0.014,0.000,-0.009,0.023,0.036,0.769,-0.063,0.635,535000000.000,-0.002,15190,17443,-13,-54,34,16.080,14662,16891,637,775,0
157665,-0.178,0.578,0.034,-0.001,0.000,-0.017,0.036,0.769,-0.063,0.635,550000000.000,-0.002,15566,17542,-14,-54,34,16.050,15290,17605,675,767,0
157765,-0.160,0.578,0.046,0.000,0.000,-0.029,0.037,0.769,-0.062,0.635,565000000.000,-0.002,15909,17661,-14,-53,34,16.050,15290,17605,675,767,0
157865,-0.146,0.578,0.066,-0.004,-0.004,0.001,0.037,0.769,-0.062,0.635,570000000.000,-0.002,15932,17781,-15,-53,35,16.050,15974,17730,689,794,0
157965,-0.147,0.578,0.052,0.004,-0.009,0.000,0.037,0.769,-0.062,0.635,590000000.000,-0.002,16244,18059,-15,-52,35,16.050,15974,17730,689,794,0
158065,-0.155,0.584,0.027,-0.002,-0.030,0.037,0.037,0.770,-0.062,0.634,600000000.000,-0.002,16244,18334,-16,-51,35,16.050,15974,17730,689,794,0
158165,-0.181,0.598,-0.035,-0.006,-0.064,0.034,0.036,0.771,-0.064,0.632,615000000.000,-0.003,16480,18665,-18,-49,35,16.020,16286,18450,748,861,0
158265,-0.207,0.621,-0.057,-0.004,-0.082,0.043,0.034,0.774,-0.066,0.629,625000000.000,-0.003,16432,18841,-19,-48,35,16.020,16286,18450,748,861,0
158365,-0.215,0.634,0.013,-0.007,-0.009,-0.026,0.034,0.775,-0.066,0.628,640000000.000,-0.003,16858,18863,-17,-50,35,16.020,16286,18450,748,861,0
158465,-0.194,0.622,0.066,0.003,0.072,-0.014,0.035,0.774,-0.065,0.629,660000000.000,-0.003,17182,19100,-16,-52,35,16.020,17006,18867,766,826,0
158565,-0.188,0.594,0.072,0.000,0.104,0.022,0.035,0.771,-0.065,0.633,670000000.000,-0.003,17226,19320,-15,-52,35,16.020,17006,18867,766,826,0
158665,-0.193,0.569,0.079,0.014,0.062,-0.006,0.035,0.768,-0.065,0.636,680000000.000,-0.003,17446,19381,-17,-51,35,16.010,17421,19455,781,841,0
158765,-0.194,0.562,0.058,0.010,-0.012,0.010,0.035,0.768,-0.065,0.637,690000000.000,-0.003,17536,19557,-19,-49,35,16.010,17421,19455,781,841,0
158865,-0.213,0.576,0.016,-0.013,-0.082,0.044,0.035,0.769,-0.066,0.635,705000000.000,-0.003,17584,19875,-21,-46,35,16.010,17421,19455,781,841,0
158965,-0.241,0.610,0.022,-0.008,-0.139,0.029,0.033,0.772,-0.068,0.631,720000000.000,-0.003,17756,20118,-23,-44,35,15.980,17667,19880,791,904,0
159065,-0.242,0.634,0.043,-0.019,-0.009,-0.018,0.033,0.775,-0.068,0.628,730000000.000,-0.004,18037,20116,-20,-47,35,15.980,17667,19880,791,904,0
159165,-0.237,0.613,0.028,-0.049,0.127,0.011,0.034,0.773,-0.069,0.630,745000000.000,-0.003,18173,20365,-16,-49,35,15.980,18115,20408,813,881,0
159265,-0.229,0.588,0.032,-0.010,-0.001,0.004,0.036,0.770,-0.070,0.633,750000000.000,-0.003,18288,20385,-21,-45,35,15.980,18115,20408,813,881,0
159365,-0.249,0.605,0.002,-0.029,-0.106,0.037,0.036,0.771,-0.072,0.631,750000000.000,-0.004,18127,20529,-24,-42,35,15.980,18115,20408,813,881,0
159465,-0.232,0.641,-0.024,0.028,-0.123,-0.039,0.036,0.775,-0.071,0.626,750000000.000,-0.004,18404,20280,-27,-43,35,15.980,18115,20533,830,914,0
159565,-0.239,0.666,-0.018,-0.002,-0.049,0.018,0.035,0.778,-0.072,0.623,750000000.000,-0.004,18214,20451,-24,-43,35,15.980,18115,20533,830,914,0
159665,-0.242,0.663,0.005,0.008,0.064,0.000,0.035,0.778,-0.072,0.624,750000000.000,-0.004,18259,20411,-22,-46,35,15.970,18181,20449,835,919,0
159765,-0.241,0.634,0.018,-0.001,0.112,0.008,0.036,0.775,-0.072,0.628,745000000.000,-0.004,18169,20369,-21,-46,35,15.970,18181,20449,835,919,0
159865,-0.257,0.605,0.080,0.000,0.072,0.014,0.035,0.771,-0.072,0.631,740000000.000,-0.004,18032,20368,-22,-45,36,15.960,18050,20449,802,908,0
159965,-0.255,0.589,0.063,0.010,0.057,-0.012,0.036,0.770,-0.072,0.634,730000000.000,-0.004,17994,20155,-23,-45,36,15.960,18050,20449,802,908,0
160065,-0.246,0.578,0.023,-0.047,0.019,-0.014,0.037,0.768,-0.073,0.635,715000000.000,-0.003,17804,19950,-23,-42,36,15.960,18050,20449,802,908,0
160165,-0.218,0.578,-0.019,-0.076,0.002,-0.018,0.040,0.768,-0.073,0.634,705000000.000,-0.003,17760,19738,-22,-41,35,15.960,17921,19841,772,934,0
160265,-0.230,0.566,-0.006,-0.010,0.074,0.083,0.040,0.767,-0.075,0.636,690000000.000,-0.003,17190,19862,-22,-45,35,15.960,17921,19841,772,934,0
160365,-0.285,0.542,0.023,0.008,0.079,0.051,0.038,0.764,-0.077,0.639,685000000.000,-0.004,17046,19860,-23,-45,36,15.940,17182,19920,755,900,0
160465,-0.292,0.518,0.005,-0.009,0.079,-0.014,0.038,0.762,-0.078,0.642,685000000.000,-0.004,17231,19700,-22,-44,36,15.940,17182,19920,755,900,0
160565,-0.279,0.496,-0.010,-0.002,0.070,-0.037,0.040,0.759,-0.078,0.645,685000000.000,-0.003,17344,19601,-23,-45,36,15.970,17123,19646,788,908,0
160665,-0.266,0.479,0.007,0.012,0.053,-0.009,0.040,0.757,-0.076,0.647,685000000.000,-0.003,17300,19640,-23,-44,36,15.970,17123,19646,788,908,0
160765,-0.251,0.465,0.008,-0.026,0.037,-0.010,0.041,0.756,-0.076,0.649,685000000.000,-0.003,17350,19595,-22,-43,36,15.970,17543,19607,741,867,0
160865,-0.240,0.452,0.011,-0.051,0.051,0.017,0.043,0.755,-0.076,0.650,685000000.000,-0.003,17300,19640,-21,-43,36,15.970,17543,19607,741,867,0
160965,-0.257,0.443,0.006,0.003,0.012,0.009,0.044,0.753,-0.079,0.651,685000000.000,-0.003,17269,19667,-25,-44,36,15.950,17301,19723,757,878,0
161065,-0.254,0.444,-0.004,0.042,-0.017,-0.034,0.043,0.753,-0.078,0.651,685000000.000,-0.003,17417,19536,-26,-44,36,15.950,17301,19723,757,878,0
161165,-0.227,0.449,0.010,0.037,-0.002,-0.034,0.043,0.754,-0.074,0.651,685000000.000,-0.002,17503,19459,-25,-43,36,15.950,17301,19723,757,878,0
161265,-0.230,0.445,0.027,-0.018,0.007,0.008,0.043,0.754,-0.075,0.651,685000000.000,-0.002,17359,19587,-24,-41,36,15.950,17482,19455,787,879,0
161365,-0.234,0.442,-0.009,-0.051,0.006,0.040,0.044,0.753,-0.076,0.652,685000000.000,-0.002,17223,19707,-23,-40,36,15.950,17482,19455,787,879,0
161465,-0.261,0.443,-0.041,-0.084,-0.009,0.048,0.045,0.753,-0.081,0.651,685000000.000,-0.003,17133,19786,-24,-39,36,15.960,17182,19531,775,938,0
161565,-0.269,0.448,-0.069,-0.012,-0.024,0.019,0.045,0.753,-0.082,0.651,685000000.000,-0.003,17199,19728,-27,-40,36,15.960,17182,19531,775,938,0
161665,-0.274,0.452,-0.048,0.000,0.013,0.000,0.045,0.754,-0.083,0.650,685000000.000,-0.003,17243,19689,-26,-41,36,15.960,17182,19880,765,858,0
161765,-0.267,0.439,-0.003,-0.026,0.057,-0.023,0.046,0.752,-0.083,0.652,685000000.000,-0.003,17342,19603,-24,-41,36,15.960,17182,19880,765,858,0
161865,-0.248,0.425,-0.002,-0.006,0.042,-0.024,0.048,0.751,-0.082,0.654,685000000.000,-0.002,17405,19547,-26,-41,36,15.950,17482,19607,739,885,0
161965,-0.255,0.417,0.021,-0.003,0.011,0.008,0.048,0.750,-0.083,0.654,685000000.000,-0.002,17281,19656,-27,-41,36,15.950,17482,19607,739,885,0
162065,-0.252,0.420,-0.032,-0.013,-0.024,-0.013,0.049,0.750,-0.083,0.654,685000000.000,-0.002,17362,19584,-27,-39,37,15.940,17361,19569,766,899,0
162165,-0.227,0.427,0.020,0.001,-0.022,-0.023,0.050,0.751,-0.082,0.653,685000000.000,-0.002,17465,19493,-28,-39,37,15.940,17361,19569,766,899,0
162265,-0.216,0.435,0.003,0.010,-0.026,-0.030,0.050,0.752,-0.081,0.652,690000000.000,-0.002,17592,19507,-29,-39,36,15.940,17361,19531,799,877,0
162365,-0.193,0.440,0.047,0.014,-0.011,-0.032,0.051,0.753,-0.080,0.651,705000000.000,-0.002,17882,19627,-29,-39,36,15.940,17361,19531,799,877,0
162465,-0.188,0.443,0.061,0.008,-0.014,0.021,0.051,0.753,-0.079,0.651,715000000.000,-0.002,17868,19893,-29,-38,37,15.940,17921,19841,819,883,0
162565,-0.199,0.451,0.047,0.037,-0.053,-0.009,0.050,0.754,-0.080,0.650,715000000.000,-0.002,17933,19835,-32,-37,37,15.940,17921,19841,819,883,0
162665,-0.200,0.459,0.040,0.033,0.016,0.002,0.049,0.755,-0.079,0.649,725000000.000,-0.002,18034,19994,-29,-39,37,15.910,17921,19841,816,925,0
162765,-0.214,0.444,0.044,-0.004,0.089,0.030,0.047,0.753,-0.078,0.651,740000000.000,-0.002,18111,20297,-26,-40,37,15.910,17921,19841,816,925,0
162865,-0.224,0.414,0.041,-0.001,0.113,-0.001,0.047,0.750,-0.079,0.655,745000000.000,-0.002,18247,20299,-26,-41,37,15.910,18181,20491,831,875,0
162965,-0.229,0.383,0.053,-0.002,0.098,0.019,0.048,0.747,-0.079,0.659,750000000.000,-0.002,18240,20428,-27,-40,37,15.910,18181,20491,831,875,0
163065,-0.232,0.361,0.010,-0.006,0.057,0.007,0.048,0.744,-0.079,0.662,770000000.000,-0.002,18540,20646,-27,-39,37,15.890,18587,20533,822,961,0
163165,-0.231,0.354,0.058,-0.016,-0.001,-0.002,0.048,0.743,-0.080,0.663,770000000.000,-0.002,18537,20649,-29,-37,37,15.890,18587,20533,822,961,0
163265,-0.238,0.362,0.058,-0.019,-0.061,-0.012,0.049,0.744,-0.080,0.661,780000000.000,-0.002,18713,20732,-31,-36,37,15.890,18587,20618,875,974,0
163365,-0.221,0.384,0.024,-0.001,-0.083,-0.014,0.049,0.747,-0.080,0.659,795000000.000,-0.002,18967,20863,-32,-35,37,15.890,18587,20618,875,974,0
163465,-0.233,0.408,0.013,-0.024,-0.088,0.041,0.049,0.749,-0.081,0.656,795000000.000,-0.002,18770,21040,-32,-34,37,15.890,18796,21186,846,920,0
163565,-0.236,0.428,0.013,-0.018,-0.040,-0.022,0.049,0.751,-0.083,0.653,800000000.000,-0.002,19013,20941,-32,-35,37,15.890,18796,21186,846,920,0
163665,-0.237,0.430,0.060,-0.022,0.017,0.020,0.050,0.751,-0.083,0.653,815000000.000,-0.002,19085,21231,-30,-36,37,15.890,18796,21186,846,920,0
163765,-0.234,0.415,0.043,-0.007,0.078,0.011,0.050,0.750,-0.083,0.655,820000000.000,-0.002,19184,21260,-29,-37,37,15.860,19011,21276,886,955,0
163865,-0.249,0.385,-0.048,-0.011,0.122,0.022,0.050,0.746,-0.084,0.659,820000000.000,-0.002,19105,21331,-28,-39,37,15.860,19011,21276,886,955,0
163965,-0.255,0.348,-0.046,0.002,0.130,-0.007,0.050,0.742,-0.084,0.663,820000000.000,-0.002,19175,21268,-28,-39,37,15.870,19083,21367,876,965,0
164065,-0.256,0.309,-0.048,0.003,0.130,0.013,0.051,0.738,-0.084,0.668,830000000.000,-0.002,19246,21438,-27,-40,37,15.870,19083,21367,876,965,0
164165,-0.284,0.279,-0.040,-0.011,0.070,0.028,0.050,0.734,-0.085,0.672,840000000.000,-0.002,19253,21664,-28,-38,37,15.840,19230,21645,879,950,0
164265,-0.302,0.276,-0.030,0.017,-0.033,0.040,0.050,0.734,-0.086,0.672,840000000.000,-0.002,19167,21740,-32,-36,37,15.840,19230,21645,879,950,0
164365,-0.326,0.297,-0.002,0.002,-0.106,0.013,0.048,0.736,-0.087,0.670,840000000.000,-0.002,19174,21734,-33,-33,38,15.860,19083,21598,894,1030,0
164465,-0.315,0.335,0.025,0.026,-0.146,-0.029,0.047,0.740,-0.087,0.665,840000000.000,-0.002,19326,21599,-36,-33,38,15.860,19083,21598,894,1030,0
164565,-0.308,0.377,0.018,-0.026,-0.089,0.007,0.047,0.745,-0.087,0.659,850000000.000,-0.003,19378,21783,-34,-33,37,15.850,19305,21598,881,995,0
164665,-0.313,0.374,0.026,-0.031,0.108,0.024,0.047,0.745,-0.087,0.660,860000000.000,-0.003,19440,21956,-28,-37,37,15.850,19305,21598,881,995,0
164765,-0.317,0.323,-0.028,-0.028,0.197,0.006,0.048,0.739,-0.088,0.666,865000000.000,-0.002,19546,21976,-26,-39,38,15.850,19455,22123,913,970,0
164865,-0.326,0.278,-0.001,-0.019,0.138,0.008,0.049,0.734,-0.088,0.672,865000000.000,-0.002,19513,22006,-28,-38,38,15.850,19455,22123,913,970,0
164965,-0.335,0.249,-0.002,-0.007,0.061,0.010,0.049,0.730,-0.089,0.675,865000000.000,-0.002,19481,22034,-30,-37,38,15.850,19531,22222,874,969,0
165065,-0.328,0.242,-0.007,-0.007,-0.009,-0.012,0.049,0.730,-0.088,0.676,875000000.000,-0.002,19690,22075,-31,-35,38,15.850,19531,22222,874,969,0
165165,-0.321,0.252,-0.003,-0.012,-0.052,0.020,0.050,0.731,-0.088,0.675,885000000.000,-0.002,19749,22248,-32,-34,38,15.820,19960,22321,866,985,0
165265,-0.334,0.273,-0.031,0.003,-0.088,-0.001,0.049,0.733,-0.089,0.672,885000000.000,-0.002,19770,22230,-34,-33,38,15.820,19960,22321,866,985,0
165365,-0.327,0.300,-0.020,0.007,-0.087,-0.037,0.049,0.736,-0.089,0.669,885000000.000,-0.002,19889,22123,-35,-33,38,15.820,19960,22321,866,985,0
165465,-0.309,0.320,0.023,-0.006,-0.043,-0.038,0.050,0.739,-0.089,0.667,885000000.000,-0.002,19943,22075,-34,-33,38,15.800,19841,22075,921,1031,0
165565,-0.287,0.330,0.017,-0.010,-0.017,-0.011,0.051,0.740,-0.088,0.665,895000000.000,-0.002,20055,22199,-33,-33,38,15.800,19841,22075,921,1031,0
165665,-0.288,0.331,-0.024,-0.032,0.007,0.031,0.052,0.740,-0.088,0.665,910000000.000,-0.002,20121,22475,-33,-32,38,15.800,20040,22271,933,1019,0
165765,-0.315,0.331,-0.019,-0.014,0.004,0.032,0.051,0.740,-0.090,0.665,910000000.000,-0.002,20045,22543,-34,-32,38,15.800,20040,22271,933,1019,0
165865,-0.345,0.333,-0.036,0.016,-0.024,0.028,0.049,0.740,-0.092,0.665,910000000.000,-0.003,19975,22606,-36,-32,38,15.790,20040,22573,899,1048,0
165965,-0.357,0.339,-0.018,-0.153,-0.007,0.061,0.048,0.740,-0.092,0.664,915000000.000,-0.003,19809,22860,-31,-31,38,15.790,20040,22573,899,1048,0
166065,-0.398,0.318,0.012,0.020,0.110,-0.027,0.046,0.738,-0.094,0.667,940000000.000,-0.003,20351,22931,-32,-36,39,15.770,19960,22271,907,1059,0
166165,-0.360,0.278,0.038,-0.001,0.168,-0.074,0.049,0.733,-0.091,0.672,945000000.000,-0.002,20642,22780,-29,-37,39,15.770,19960,22271,907,1059,0
166265,-0.324,0.232,-0.051,-0.022,0.142,-0.034,0.052,0.728,-0.090,0.677,945000000.000,-0.002,20632,22788,-29,-37,39,15.780,20703,22935,929,1002,0
166365,-0.310,0.202,-0.003,0.002,0.052,-0.022,0.054,0.725,-0.090,0.681,945000000.000,-0.001,20635,22786,-32,-35,39,15.780,20703,22935,929,1002,0
166465,-0.312,0.201,-0.109,-0.036,-0.054,0.006,0.055,0.725,-0.091,0.681,955000000.000,-0.001,20677,22967,-34,-31,39,15.770,20576,22935,975,1069,0
166565,-0.308,0.231,-0.047,-0.041,-0.141,0.000,0.055,0.728,-0.092,0.677,960000000.000,-0.002,20763,22998,-36,-28,39,15.770,20576,22935,975,1069,0
166665,-0.295,0.258,-0.022,-0.040,-0.006,-0.001,0.056,0.731,-0.092,0.674,960000000.000,-0.002,20804,22960,-32,-33,39,15.770,20576,22935,975,1069,0
166765,-0.300,0.243,-0.037,-0.031,0.108,-0.018,0.058,0.729,-0.094,0.675,960000000.000,-0.002,20831,22936,-30,-36,39,15.770,20576,23094,1012,1033,0
166865,-0.277,0.211,-0.007,-0.036,0.113,-0.011,0.060,0.726,-0.094,0.679,970000000.000,-0.001,20993,23006,-30,-35,39,15.770,20576,23094,1012,1033,0
166965,-0.281,0.180,0.034,-0.054,0.087,0.044,0.062,0.722,-0.095,0.683,985000000.000,-0.001,21017,23309,-29,-35,39,15.740,21052,23148,981,1060,0
167065,-0.300,0.161,0.041,-0.013,0.033,0.029,0.063,0.719,-0.097,0.685,985000000.000,-0.001,21008,23317,-32,-34,39,15.740,21052,23148,981,1060,0
167165,-0.300,0.158,0.031,-0.017,-0.034,-0.030,0.063,0.719,-0.098,0.685,990000000.000,-0.001,21220,23231,-33,-32,39,15.750,21052,22935,992,1151,0
167265,-0.291,0.178,-0.056,-0.026,-0.098,0.023,0.064,0.721,-0.098,0.683,1005000000.000,-0.001,21281,23497,-35,-30,39,15.750,21052,22935,992,1151,0
167365,-0.310,0.209,0.076,0.000,-0.102,0.030,0.063,0.725,-0.100,0.679,1005000000.000,-0.001,21207,23564,-36,-31,39,15.770,21052,23529,1019,1107,0
167465,-0.309,0.225,0.161,-0.012,-0.014,-0.021,0.063,0.726,-0.100,0.677,1005000000.000,-0.002,21351,23433,-34,-32,39,15.770,21052,23529,1019,1107,0
167565,-0.282,0.224,0.229,-0.012,0.031,-0.014,0.064,0.726,-0.098,0.677,1010000000.000,-0.001,21462,23439,-33,-33,39,15.770,21052,23529,1019,1107,0
167665,-0.280,0.208,0.273,-0.021,0.081,0.018,0.065,0.725,-0.098,0.679,1020000000.000,-0.001,21499,23617,-31,-35,39,15.710,21505,23474,986,1106,0
167765,-0.312,0.181,0.199,0.003,0.072,0.051,0.064,0.721,-0.100,0.682,1030000000.000,-0.001,21448,23874,-32,-34,39,15.710,21505,23474,986,1106,0
167865,-0.355,0.178,-0.199,-0.093,-0.040,0.048,0.064,0.720,-0.104,0.683,1030000000.000,-0.001,21348,23964,-33,-28,40,15.700,21231,24096,1014,1088,0
167965,-0.296,0.207,-0.392,-0.020,-0.128,-0.056,0.066,0.724,-0.102,0.679,1035000000.000,-0.001,21819,23642,-37,-28,40,15.700,21231,24096,1014,1088,0
168065,-0.284,0.245,-0.162,0.067,-0.086,0.002,0.066,0.729,-0.101,0.674,1050000000.000,-0.002,21872,23908,-40,-32,40,15.680,21834,23640,1034,1166,0
168165,-0.308,0.258,0.110,0.030,0.003,0.040,0.063,0.730,-0.101,0.673,1055000000.000,-0.002,21777,24099,-36,-32,40,15.680,21834,23640,1034,1166,0
168265,-0.318,0.248,0.224,0.018,0.060,-0.009,0.062,0.729,-0.100,0.674,1055000000.000,-0.002,21876,24009,-34,-32,40,15.680,21834,23640,1034,1166,0
168365,-0.324,0.226,0.130,-0.022,0.079,0.016,0.063,0.726,-0.101,0.677,1055000000.000,-0.002,21798,24052,-33,-32,40,15.690,21929,24038,1006,1117,0
168465,-0.322,0.205,-0.031,-0.034,0.066,-0.013,0.064,0.724,-0.102,0.680,1070000000.000,-0.001,22046,24165,-33,-32,40,15.690,21929,24038,1006,1117,0
168565,-0.330,0.189,-0.116,-0.016,0.033,0.018,0.065,0.722,-0.104,0.681,1084999936.000,-0.001,22119,24408,-35,-32,40,15.650,21978,24271,1069,1163,0
168665,-0.348,0.184,-0.102,-0.013,0.003,0.049,0.064,0.721,-0.105,0.682,1084999936.000,-0.001,21997,24518,-35,-31,40,15.650,21978,24271,1069,1163,0
168765,-0.379,0.185,-0.064,0.000,-0.011,0.042,0.063,0.721,-0.107,0.682,1084999936.000,-0.001,21954,24557,-35,-30,40,15.670,21691,24509,1091,1161,0
168865,-0.385,0.193,0.009,-0.040,-0.036,0.010,0.063,0.722,-0.107,0.681,1089999872.000,-0.002,22058,24565,-35,-28,40,15.670,21691,24509,1091,1161,0
168965,-0.366,0.207,0.095,-0.044,-0.047,-0.049,0.064,0.723,-0.106,0.679,1104999680.000,-0.002,22420,24543,-36,-28,40,15.670,21691,24509,1091,1161,0
169065,-0.335,0.219,-0.170,-0.030,-0.037,-0.013,0.066,0.725,-0.105,0.678,1109999616.000,-0.002,22433,24632,-37,-28,40,15.640,22321,24509,1087,1167,0
169165,-0.343,0.233,-0.303,-0.047,-0.048,0.002,0.067,0.726,-0.108,0.676,1109999616.000,-0.002,22406,24657,-37,-27,40,15.640,22321,24509,1087,1167,0
169265,-0.345,0.250,-0.379,-0.020,-0.072,-0.017,0.068,0.728,-0.110,0.674,1109999616.000,-0.002,22447,24620,-39,-27,40,15.650,22222,24937,1082,1096,0
169365,-0.341,0.273,-0.237,-0.024,-0.066,0.002,0.068,0.730,-0.110,0.671,1109999616.000,-0.002,22411,24653,-39,-26,40,15.650,22222,24937,1082,1096,0
169465,-0.355,0.284,-0.281,-0.050,-0.012,0.009,0.068,0.731,-0.113,0.669,1109999616.000,-0.002,22361,24698,-37,-26,40,15.650,22222,24937,1082,1096,0
169565,-0.372,0.280,-0.270,-0.079,0.040,0.029,0.070,0.730,-0.116,0.670,1109999616.000,-0.002,22270,24780,-35,-27,40,15.600,22522,24691,1008,1156,0
169665,-0.354,0.260,-0.317,-0.061,0.091,-0.010,0.073,0.728,-0.117,0.672,1109999616.000,-0.002,22408,24655,-34,-29,40,15.600,22522,24691,1008,1156,0
169765,-0.358,0.231,-0.297,-0.036,0.112,0.013,0.075,0.724,-0.118,0.676,1109999616.000,-0.002,22310,24744,-34,-30,41,15.650,22371,24752,1043,1143,0
169865,-0.383,0.198,-0.215,-0.064,0.121,0.032,0.076,0.720,-0.121,0.679,1109999616.000,-0.002,22233,24813,-33,-30,41,15.650,22371,24752,1043,1143,0
169965,-0.416,0.172,-0.278,-0.042,0.061,0.014,0.077,0.716,-0.124,0.682,1109999616.000,-0.001,22195,24847,-35,-29,41,15.600,22172,24937,1037,1149,0
170065,-0.408,0.164,-0.293,-0.017,0.018,0.017,0.078,0.716,-0.124,0.683,1124999424.000,-0.001,22378,24985,-36,-29,41,15.600,22172,24937,1037,1149,0
170165,-0.425,0.162,-0.321,-0.009,0.000,0.023,0.077,0.715,-0.125,0.683,1134999296.000,-0.001,22431,25137,-37,-29,41,15.600,22172,24937,1037,1149,0
170265,-0.439,0.167,-0.262,0.000,-0.032,0.012,0.077,0.715,-0.126,0.683,1134999296.000,-0.001,22424,25143,-38,-28,41,15.610,22371,25000,1061,1215,0
170365,-0.447,0.184,-0.241,0.014,-0.074,-0.020,0.076,0.717,-0.127,0.681,1149999104.000,-0.002,22650,25239,-40,-27,41,15.610,22371,25000,1061,1215,0
170465,-0.383,0.205,-0.268,0.038,-0.062,-0.121,0.077,0.721,-0.122,0.678,1164998912.000,-0.002,23217,25019,-40,-27,41,15.630,22831,25252,1143,1124,0
170565,-0.306,0.214,-0.262,0.020,-0.003,-0.086,0.080,0.722,-0.118,0.677,1164998912.000,-0.001,23308,24934,-38,-28,41,15.630,22831,25252,1143,1124,0
170665,-0.286,0.209,-0.200,-0.017,0.028,0.006,0.081,0.722,-0.117,0.677,1164998912.000,-0.001,23140,25091,-37,-27,41,15.630,22831,25252,1143,1124,0
170765,-0.313,0.204,-0.092,-0.047,-0.002,0.023,0.082,0.721,-0.120,0.678,1164998912.000,-0.001,23032,25190,-37,-26,41,15.600,23041,24875,1109,1243,0
170865,-0.306,0.214,-0.385,-0.011,-0.063,-0.030,0.083,0.722,-0.121,0.676,1164998912.000,-0.001,23176,25057,-41,-25,41,15.600,23041,24875,1109,1243,0
170965,-0.296,0.239,-0.267,-0.040,-0.094,-0.002,0.084,0.725,-0.122,0.673,1184998656.000,-0.002,23348,25295,-41,-23,41,15.540,23255,25316,1094,1158,0
171065,-0.296,0.263,-0.068,-0.010,-0.070,-0.021,0.084,0.727,-0.123,0.670,1194998528.000,-0.002,23501,25352,-41,-24,41,15.540,23255,25316,1094,1158,0
171165,-0.292,0.256,-0.077,-0.011,0.102,0.004,0.085,0.726,-0.123,0.671,1199998464.000,-0.002,23520,25433,-36,-29,41,15.540,23255,25316,1094,1158,0
171265,-0.273,0.208,-0.169,-0.020,0.210,-0.034,0.087,0.721,-0.122,0.677,1209998336.000,-0.001,23742,25422,-33,-31,41,15.540,23419,25706,1135,1130,0
171365,-0.258,0.136,-0.197,-0.064,0.241,0.017,0.093,0.712,-0.124,0.685,1214998272.000,-0.001,23713,25548,-30,-32,41,15.540,23419,25706,1135,1130,0
171465,-0.287,0.092,-0.204,-0.038,0.064,0.061,0.095,0.706,-0.127,0.690,1219998208.000,-0.000,23595,25815,-37,-29,41,15.530,23696,25510,1098,1237,0
171565,-0.328,0.104,-0.258,-0.006,-0.117,0.034,0.095,0.707,-0.131,0.688,1229998080.000,-0.001,23668,25881,-41,-24,41,15.530,23696,25510,1098,1237,0
171665,-0.319,0.135,-0.170,-0.020,-0.046,-0.003,0.095,0.711,-0.132,0.684,1239997952.000,-0.001,23879,25880,-38,-26,41,15.530,23696,25510,1098,1237,0
171765,-0.310,0.122,-0.135,-0.038,0.114,-0.028,0.097,0.709,-0.132,0.686,1239997952.000,-0.001,23957,25808,-33,-30,42,15.560,23809,25706,1146,1266,0
171865,-0.278,0.079,-0.167,0.006,0.156,-0.064,0.100,0.704,-0.131,0.691,1254997760.000,-0.000,24280,25797,-33,-32,42,15.560,23809,25706,1146,1266,0
171965,-0.259,0.056,-0.307,-0.060,-0.012,0.001,0.103,0.702,-0.131,0.693,1264997632.000,-0.000,24267,26002,-36,-26,42,15.470,24330,25974,1130,1233,0
172065,-0.279,0.096,-0.606,-0.019,-0.216,-0.016,0.102,0.706,-0.134,0.688,1264997632.000,-0.001,24260,26008,-43,-22,42,15.470,24330,25974,1130,1233,0
172165,-0.225,0.141,-0.546,0.000,-0.077,-0.052,0.104,0.711,-0.132,0.682,1279997440.000,-0.001,24646,26030,-37,-25,42,15.470,24330,25974,1130,1233,0
172265,-0.225,0.131,-0.687,-0.008,0.114,0.036,0.105,0.710,-0.133,0.683,1299997184.000,-0.001,24623,26338,-34,-31,42,15.460,24449,26109,1223,1235,0
172365,-0.247,0.094,-0.633,-0.023,0.100,0.054,0.108,0.705,-0.137,0.688,1304997120.000,-0.000,24583,26470,-35,-29,42,15.460,24449,26109,1223,1235,0
172465,-0.293,0.080,-0.570,-0.012,0.004,0.027,0.108,0.703,-0.141,0.689,1304997120.000,-0.000,24542,26508,-38,-27,42,15.430,24509,26315,1175,1317,0
172565,-0.291,0.093,-0.545,-0.039,-0.076,-0.019,0.108,0.704,-0.141,0.688,1304997120.000,-0.000,24650,26408,-38,-24,42,15.430,24509,26315,1175,1317,0
172665,-0.301,0.129,-0.675,-0.077,-0.154,0.044,0.109,0.708,-0.144,0.683,1304997120.000,-0.001,24485,26561,-40,-20,42,15.430,24509,26315,1175,1317,0
172765,-0.309,0.171,-0.510,0.006,-0.063,-0.043,0.109,0.712,-0.147,0.678,1304997120.000,-0.001,24663,26395,-40,-26,42,15.450,24390,26809,1208,1189,0
172865,-0.292,0.150,-0.499,0.004,0.136,-0.068,0.112,0.709,-0.147,0.681,1304997120.000,-0.001,24799,26268,-36,-31,42,15.450,24390,26809,1208,1189,0
172965,-0.259,0.115,-0.457,-0.028,0.108,-0.011,0.114,0.706,-0.145,0.684,1304997120.000,-0.001,24703,26358,-35,-28,42,15.450,24390,26809,1208,1189,0
173065,-0.284,0.091,-0.517,-0.050,0.051,0.056,0.116,0.702,-0.148,0.687,1304997120.000,-0.000,24497,26550,-36,-27,43,15.410,24630,26666,1178,1198,0
173165,-0.316,0.095,-0.518,-0.094,-0.060,-0.006,0.116,0.702,-0.152,0.686,1304997120.000,-0.001,24563,26489,-37,-22,43,15.410,24630,26666,1178,1198,0
173265,-0.068,0.130,-0.676,-0.693,-0.112,-0.562,0.142,0.705,-0.155,0.677,1304997120.000,-0.000,26335,24728,-22,-4,43,15.410,24630,26666,1178,1198,0
173365,0.147,0.117,-0.854,-1.043,0.150,0.041,0.180,0.700,-0.173,0.669,1304997120.000,0.000,25588,25500,-7,-5,43,15.420,25906,25000,1327,1145,0
173465,0.013,0.037,-0.757,-0.633,0.397,0.079,0.214,0.678,-0.215,0.669,1319996928.000,0.000,25334,26042,-18,-33,43,15.420,25906,25000,1327,1145,0
173565,0.031,-0.072,-0.551,-0.066,0.178,-0.080,0.222,0.665,-0.214,0.680,1339996672.000,-0.000,26008,25760,-32,-26,42,15.420,25641,25974,1238,1203,0
173665,0.089,-0.028,-0.555,-0.088,-0.237,-0.018,0.230,0.669,-0.220,0.672,1339996672.000,-0.000,25939,25830,-41,-21,42,15.420,25641,25974,1238,1203,0
173765,0.080,-0.007,-0.601,-0.161,0.018,0.048,0.230,0.670,-0.222,0.669,1344996608.000,0.000,25845,26020,-27,-24,42,15.420,25641,25974,1238,1203,0
173865,0.002,0.017,-0.775,-0.214,-0.213,0.073,0.233,0.669,-0.234,0.666,1349996544.000,0.000,25658,26300,-36,-15,43,15.370,25575,26595,1249,1185,0
173965,0.010,0.086,-0.805,-0.250,-0.174,0.000,0.237,0.675,-0.243,0.655,1354996480.000,0.000,25882,26175,-33,-16,43,15.370,25575,26595,1249,1185,0
174065,0.002,0.101,-0.672,-0.563,0.048,-0.034,0.249,0.671,-0.257,0.649,1354996480.000,0.000,25935,26123,-19,-12,43,15.370,25575,26595,1249,1185,0
174165,0.105,0.093,-0.857,-0.698,-0.028,-0.072,0.272,0.665,-0.270,0.641,1369996288.000,0.000,26407,25936,-20,-6,43,15.410,25706,26246,1320,1200,0
174265,0.041,0.072,-1.044,-1.510,0.171,0.158,0.307,0.642,-0.315,0.626,1384996096.000,0.000,26018,26609,5,4,43,15.410,25706,26246,1320,1200,0
174365,0.202,0.005,-1.124,-0.118,0.240,-0.406,0.341,0.629,-0.324,0.619,1384996096.000,0.000,27473,25104,-34,-39,43,15.350,27700,25188,1199,1241,0
174465,0.241,-0.101,-0.782,-0.419,0.382,0.257,0.359,0.614,-0.327,0.623,1384996096.000,-0.000,26264,26367,-12,-28,43,15.350,27700,25188,1199,1241,0
174565,0.004,-0.164,-0.900,-0.061,0.074,0.366,0.357,0.599,-0.338,0.632,1384996096.000,-0.000,25489,27117,-29,-29,43,15.350,27700,25188,1199,1241,0
174665,-0.085,-0.155,-0.851,0.092,-0.063,-0.051,0.351,0.599,-0.340,0.635,1384996096.000,0.000,26144,26486,-33,-28,44,15.340,25706,26881,1273,1260,0
174765,0.015,-0.145,-0.825,0.038,-0.031,-0.257,0.353,0.603,-0.335,0.632,1384996096.000,-0.000,26795,25827,-29,-27,44,15.340,25706,26881,1273,1260,0
174865,0.127,-0.103,-0.623,0.053,-0.283,-0.049,0.353,0.611,-0.330,0.627,1384996096.000,-0.000,26646,25980,-38,-19,44,15.340,25706,26881,1273,1260,0
174965,0.032,-0.011,-0.652,-0.144,-0.233,0.194,0.345,0.618,-0.342,0.618,1384996096.000,-0.000,25902,26722,-31,-17,44,15.370,26178,26525,1310,1199,0
175065,-0.021,0.032,-0.640,-0.049,-0.083,0.021,0.343,0.619,-0.349,0.614,1384996096.000,-0.000,26167,26463,-32,-23,44,15.370,26178,26525,1310,1199,0
175165,-0.075,0.040,-0.696,-0.436,-0.001,0.082,0.346,0.616,-0.357,0.611,1384996096.000,-0.000,25901,26723,-18,-11,44,15.370,26178,26525,1310,1199,0
175265,-0.059,0.030,-0.809,-1.251,0.083,-0.054,0.377,0.597,-0.385,0.594,1384996096.000,-0.000,26211,26401,2,3,44,15.310,26109,26809,1200,1254,0
175365,-0.018,-0.023,-1.002,-1.050,0.250,-0.044,0.415,0.571,-0.413,0.576,1394995968.000,0.000,26374,26446,-2,-10,44,15.310,26109,26809,1200,1254,0
175465,-0.027,-0.068,-0.868,-1.230,0.028,0.017,0.449,0.543,-0.441,0.557,1399995904.000,0.000,26273,26641,-2,4,44,15.310,25974,26737,1360,1234,0
175565,-0.031,-0.040,-0.952,-1.404,-0.084,-0.076,0.483,0.514,-0.479,0.523,1399995904.000,0.000,26453,26462,0,9,44,15.310,25974,26737,1360,1234,0
175665,0.021,-0.063,-1.198,-1.096,0.216,-0.057,0.520,0.482,-0.506,0.491,1399995904.000,-0.000,26545,26370,1,-9,44,15.310,25974,26737,1360,1234,0
175765,-0.007,-0.128,-1.263,-1.361,0.197,0.049,0.550,0.448,-0.527,0.468,1399995904.000,0.000,26265,26649,11,2,45,15.340,26595,26109,1269,1334,0
175865,-0.074,-0.163,-1.327,-1.414,0.128,-0.010,0.583,0.404,-0.556,0.433,1399995904.000,0.000,26234,26679,10,3,45,15.340,26595,26109,1269,1334,0
175965,0.049,-0.209,-1.171,-0.228,0.222,-0.612,0.610,0.380,-0.566,0.404,1399995904.000,-0.000,27740,25077,-25,-44,45,15.320,27027,25906,1259,1279,0
176065,0.121,-0.375,-1.080,-0.139,0.703,0.187,0.626,0.374,-0.546,0.413,1399995904.000,-0.001,26312,26602,6,-42,45,15.320,27027,25906,1259,1279,0
176165,0.202,-0.339,-1.099,-0.007,-0.701,-0.160,0.630,0.372,-0.552,0.399,1399995904.000,-0.002,27244,25647,-44,-6,45,15.320,27027,25906,1259,1279,0
176265,0.301,-0.203,-1.133,-0.210,-0.224,-0.032,0.622,0.383,-0.565,0.384,1399995904.000,-0.002,27262,25628,-16,-15,45,15.290,27700,25906,1211,1157,0
176365,0.327,-0.162,-0.889,0.196,-0.298,-0.191,0.618,0.388,-0.569,0.379,1399995904.000,-0.002,27730,25121,-37,-23,45,15.290,27700,25906,1211,1157,0
176465,0.298,-0.078,-1.027,0.283,-0.104,0.313,0.604,0.399,-0.572,0.384,1399995904.000,-0.001,26670,26243,-28,-27,45,15.270,27247,26041,1244,1213,0
176565,0.063,-0.082,-1.014,0.219,-0.041,0.353,0.593,0.397,-0.574,0.402,1399995904.000,-0.000,26066,26844,-26,-23,45,15.270,27247,26041,1244,1213,0
176665,-0.131,-0.054,-0.972,-1.048,-0.059,0.198,0.594,0.377,-0.591,0.395,1399995904.000,0.000,25938,26967,10,13,45,15.270,27247,26041,1244,1213,0
176765,-0.153,-0.068,-0.959,-0.648,0.172,-0.113,0.613,0.347,-0.607,0.369,1399995904.000,0.000,26491,26424,-5,-16,45,15.290,26315,26881,1188,1290,0
176865,-0.072,-0.094,-0.842,-0.207,-0.043,-0.218,0.624,0.338,-0.608,0.355,1399995904.000,0.000,26875,26033,-22,-17,45,15.290,26315,26881,1188,1290,0
176965,0.074,-0.058,-0.933,0.267,-0.117,-0.039,0.618,0.357,-0.603,0.357,1399995904.000,-0.000,26850,26059,-29,-22,46,15.310,26954,26041,1352,1177,0
177065,-0.086,-0.057,-0.921,-0.517,0.070,0.249,0.622,0.337,-0.614,0.351,1399995904.000,0.000,25877,27026,-5,-9,46,15.310,26954,26041,1352,1177,0
177165,-0.133,-0.072,-1.090,0.082,0.042,-0.012,0.623,0.331,-0.615,0.352,1399995904.000,0.000,26288,26626,-23,-25,46,15.310,26954,26041,1352,1177,0
177265,-0.139,-0.057,-0.999,-0.943,-0.107,0.017,0.630,0.318,-0.624,0.336,1399995904.000,0.000,26190,26722,3,11,45,15.310,26109,26881,1317,1220,0
177365,-0.149,-0.037,-1.059,-0.710,0.032,-0.034,0.642,0.289,-0.641,0.306,1399995904.000,0.000,26287,26627,-7,-9,45,15.310,26109,26881,1317,1220,0
177465,-0.094,-0.047,-0.863,-0.642,0.011,-0.096,0.653,0.273,-0.646,0.286,1399995904.000,0.000,26483,26432,-6,-5,46,15.290,26178,26666,1318,1257,0
177565,-0.063,-0.038,-1.003,-1.171,0.011,-0.067,0.664,0.246,-0.658,0.255,1399995904.000,0.000,26485,26430,10,10,46,15.290,26178,26666,1318,1257,0
177665,0.135,-0.075,-0.680,0.592,0.159,-0.316,0.678,0.237,-0.657,0.231,1399995904.000,-0.000,27452,25424,-42,-50,46,15.240,27397,25380,1280,1299,0
177765,0.197,-0.075,-0.680,0.104,0.038,0.036,0.674,0.253,-0.651,0.241,1399995904.000,-0.001,26921,25986,-16,-19,46,15.240,27397,25380,1280,1299,0
177865,0.165,-0.148,-1.119,-0.089,0.306,0.081,0.681,0.249,-0.643,0.245,1399995904.000,-0.001,26786,26125,-4,-24,46,15.280,26809,26041,1300,1265,0
177965,-0.078,-0.202,-1.035,-0.873,0.079,0.442,0.688,0.222,-0.646,0.245,1399995904.000,0.000,25467,27412,12,5,46,15.280,26809,26041,1300,1265,0
178065,-0.187,-0.202,-0.979,0.022,0.034,-0.228,0.693,0.199,-0.653,0.232,1399995904.000,0.001,26741,26171,-17,-28,46,15.280,26809,26041,1300,1265,0
178165,-0.137,-0.216,-0.870,-0.686,-0.046,0.016,0.701,0.182,-0.656,0.210,1399995904.000,0.001,26186,26726,-1,-3,46,15.260,26666,26525,1311,1165,0
178265,-0.039,-0.162,-0.817,-0.151,-0.234,-0.341,0.702,0.173,-0.666,0.186,1399995904.000,0.000,27131,25767,-20,-13,46,15.260,26666,26525,1311,1165,0
178365,0.200,-0.111,-0.790,0.080,-0.079,-0.232,0.700,0.183,-0.669,0.170,1399995904.000,-0.001,27475,25399,-18,-21,47,15.300,27548,25445,1304,1218,0
178465,0.266,-0.121,-0.717,0.104,0.133,0.009,0.701,0.188,-0.667,0.169,1399995904.000,-0.001,27187,25707,-12,-26,47,15.300,27548,25445,1304,1218,0
178565,0.173,-0.138,-0.873,-0.087,-0.081,0.116,0.703,0.178,-0.667,0.169,1399995904.000,-0.001,26797,26113,-16,-14,47,15.270,26737,26315,1322,1202,0
178665,0.205,-0.087,-1.024,0.427,-0.184,-0.083,0.697,0.185,-0.672,0.170,1399995904.000,-0.001,27305,25582,-32,-25,47,15.270,26737,26315,1322,1202,0
178765,0.305,-0.060,-1.074,0.443,0.024,-0.050,0.691,0.205,-0.669,0.181,1399995904.000,-0.001,27368,25515,-22,-29,47,15.220,27700,25316,1321,1199,0
178865,0.224,-0.079,-1.072,0.307,0.048,0.167,0.690,0.211,-0.665,0.194,1399995904.000,-0.001,26856,26052,-20,-25,47,15.220,27700,25316,1321,1199,0
178965,0.088,-0.054,-1.037,0.219,-0.176,0.236,0.683,0.212,-0.668,0.208,1399995904.000,-0.000,26423,26492,-26,-17,47,15.250,26315,26525,1345,1242,0
179065,-0.026,-0.017,-1.079,0.272,-0.068,0.101,0.673,0.219,-0.670,0.223,1399995904.000,0.000,26437,26478,-23,-21,47,15.250,26315,26525,1345,1242,0
179165,-0.165,-0.006,-0.978,-0.719,-0.008,0.284,0.672,0.205,-0.676,0.221,1399995904.000,-0.000,25702,27192,6,6,47,15.250,25839,26595,1241,1443,0
179265,-0.299,-0.006,-0.986,-0.561,0.078,0.046,0.678,0.174,-0.685,0.203,1399995904.000,-0.000,25838,27063,-5,-10,47,15.250,25839,26595,1241,1443,0
179365,-0.246,-0.039,-0.946,-0.169,0.087,-0.091,0.685,0.167,-0.682,0.194,1399995904.000,0.000,26200,26712,-13,-18,47,15.250,25839,26595,1241,1443,0
179465,-0.247,-0.024,-0.815,-0.673,-0.132,0.049,0.687,0.151,-0.688,0.176,1399995904.000,-0.000,25845,27056,-1,7,47,15.230,25839,26737,1355,1292,0
179565,-0.230,-0.005,-0.863,0.012,0.073,-0.180,0.690,0.136,-0.693,0.159,1399995904.000,-0.000,26331,26583,-22,-28,47,15.230,25839,26737,1355,1292,0
179665,-0.020,-0.031,-0.813,0.197,0.000,-0.222,0.693,0.156,-0.686,0.159,1399995904.000,0.000,26888,26020,-21,-20,47,15.210,25906,26455,1419,1289,0
179765,-0.050,-0.037,-0.725,-0.126,0.096,0.204,0.695,0.147,-0.687,0.154,1399995904.000,0.000,25931,26974,-10,-18,47,15.210,25906,26455,1419,1289,0
179865,-0.116,-0.045,-0.757,-0.088,-0.081,0.082,0.695,0.141,-0.687,0.155,1399995904.000,0.000,26011,26897,-16,-11,48,15.200,25706,27173,1338,1236,0
179965,-0.195,-0.000,-0.695,-0.243,-0.083,0.094,0.691,0.130,-0.695,0.150,1399995904.000,-0.000,25765,27132,-12,-9,48,15.200,25706,27173,1338,1236,0
180065,-0.165,-0.008,-0.587,-0.179,0.061,-0.176,0.693,0.127,-0.695,0.144,1399995904.000,-0.000,26367,26548,-10,-14,48,15.200,26041,27472,1205,1214,0
180165,-0.074,0.001,-0.677,-0.494,-0.099,-0.029,0.695,0.120,-0.697,0.127,1399995904.000,-0.000,26261,26653,-5,1,48,15.200,26041,27472,1205,1214,0
180265,-0.059,0.013,-0.642,-0.649,0.050,-0.029,0.698,0.099,-0.702,0.105,1399995904.000,-0.000,26278,26636,1,-3,48,15.220,26385,26737,1249,1275,0
180365,-0.035,-0.031,-0.929,-0.438,0.206,-0.030,0.706,0.082,-0.699,0.087,1399995904.000,0.000,26329,26585,-1,-13,48,15.220,26385,26737,1249,1275,0
180465,-0.025,-0.075,-0.947,-0.648,0.098,-0.026,0.713,0.064,-0.695,0.068,1399995904.000,0.000,26340,26575,4,-2,48,15.200,26178,26385,1322,1336,0
180565,-0.032,-0.087,-0.857,-0.778,0.019,0.012,0.716,0.038,-0.696,0.043,1399995904.000,0.000,26243,26671,5,1,48,15.200,26178,26385,1322,1336,0
180665,-0.052,-0.082,-0.751,-0.530,-0.041,-0.016,0.716,0.015,-0.697,0.021,1399995904.000,0.000,26250,26664,-4,-5,48,15.170,26041,26666,1321,1306,0
180765,-0.027,-0.078,-0.933,-0.320,-0.004,-0.040,0.716,0.003,-0.698,0.006,1399995904.000,0.000,26353,26562,-7,-11,48,15.170,26041,26666,1321,1306,0
180865,-0.014,-0.057,-0.795,-0.473,-0.121,-0.036,0.714,-0.009,-0.700,-0.008,1399995904.000,0.000,26372,26542,-3,1,48,15.180,26246,26595,1312,1289,0
180965,0.048,-0.032,-0.622,-0.240,-0.034,-0.132,0.711,-0.019,-0.703,-0.024,1399995904.000,-0.000,26720,26193,-9,-11,48,15.180,26246,26595,1312,1289,0
181065,0.201,-0.010,-0.595,-0.816,-0.211,-0.447,0.707,-0.029,-0.705,-0.050,1399995904.000,-0.000,27724,25128,3,15,49,15.200,27247,26246,1218,1207,0
181165,0.377,0.061,-0.525,0.581,-0.230,0.219,0.698,-0.010,-0.714,-0.048,1399995904.000,0.001,26529,26386,-31,-10,49,15.200,27247,26246,1218,1207,0
181265,0.116,0.139,-0.689,-0.184,-0.133,0.234,0.689,-0.031,-0.723,-0.041,1399995904.000,0.000,26248,26665,-13,-4,49,15.190,26109,27100,1274,1167,0
181365,0.065,0.109,-0.682,-0.180,0.094,-0.286,0.693,-0.034,-0.719,-0.039,1399995904.000,0.000,27205,25688,-7,-8,49,15.190,26109,27100,1274,1167,0
181465,0.090,0.071,-0.777,0.207,0.258,0.379,0.698,-0.022,-0.715,-0.030,1399995904.000,0.000,25920,26985,-9,-22,49,15.170,26737,25641,1258,1393,0
181565,-0.134,-0.000,-0.670,0.101,0.164,-0.037,0.707,-0.038,-0.706,-0.024,1399995904.000,0.000,26250,26663,-18,-25,49,15.170,26737,25641,1258,1393,0
181665,-0.092,-0.068,-0.657,0.232,0.296,0.033,0.715,-0.022,-0.699,-0.013,1399995904.000,0.000,26177,26735,-6,-25,49,15.180,26178,26246,1310,1380,0
181765,-0.152,-0.148,-0.710,-0.891,0.200,0.070,0.724,-0.042,-0.688,-0.028,1399995904.000,0.001,25939,26966,20,6,49,15.180,26178,26246,1310,1380,0
181865,-0.076,-0.197,-0.756,0.249,-0.053,-0.080,0.729,-0.032,-0.683,-0.026,1399995904.000,0.000,26148,26763,-22,-15,49,15.150,26525,26109,1254,1383,0
181965,-0.263,-0.114,-0.581,0.073,-0.360,0.438,0.720,-0.039,-0.693,-0.013,1399995904.000,0.001,24812,28006,-21,-6,49,15.150,26525,26109,1254,1383,0
182065,-0.240,-0.003,-0.599,0.676,-0.411,-0.344,0.707,-0.018,-0.706,0.006,1399995904.000,0.000,26487,26428,-36,-19,49,15.150,26525,26109,1254,1383,0
182165,-0.130,0.054,-0.450,0.552,-0.069,-0.073,0.700,0.006,-0.713,0.019,1399995904.000,-0.000,26146,26765,-25,-24,49,15.190,26455,26525,1271,1291,0
182265,-0.173,0.110,-0.314,0.882,0.000,0.213,0.693,0.028,-0.719,0.044,1399995904.000,-0.000,25404,27470,-34,-35,49,15.190,26455,26525,1271,1291,0
182365,-0.171,-0.020,-0.325,0.584,0.377,-0.172,0.706,0.052,-0.703,0.069,1399995904.000,0.000,26199,26714,-15,-34,49,15.170,25445,27472,1261,1307,0
182465,0.012,-0.013,-0.414,0.661,0.030,-0.201,0.704,0.078,-0.701,0.077,1399995904.000,0.000,26674,26239,-28,-32,49,15.170,25445,27472,1261,1307,0
182565,0.026,-0.067,-0.543,0.443,-0.137,0.093,0.708,0.096,-0.693,0.098,1379996160.000,-0.000,25884,26646,-35,-19,50,15.160,26315,26737,1288,1232,0
182665,0.048,0.021,-0.516,0.514,-0.117,-0.030,0.695,0.120,-0.699,0.114,1369996288.000,0.000,26126,26219,-26,-23,50,15.160,26315,26737,1288,1232,0
182765,-0.010,0.005,-0.741,0.383,-0.137,0.109,0.694,0.130,-0.696,0.131,1354996480.000,0.000,25549,26500,-28,-18,49,15.190,25575,26455,1302,1297,0
182865,-0.072,0.076,-0.935,0.461,0.089,0.076,0.683,0.140,-0.702,0.143,1344996608.000,-0.000,25363,26490,-22,-31,49,15.190,25575,26455,1302,1297,0
182965,-0.124,-0.018,-0.951,0.460,0.147,0.087,0.691,0.148,-0.689,0.161,1334996736.000,0.000,25094,26558,-23,-29,50,15.180,25252,26525,1199,1286,0
183065,-0.147,0.001,-0.901,0.572,-0.061,0.078,0.684,0.166,-0.688,0.180,1309997056.000,-0.000,24806,26357,-30,-27,50,15.180,25252,26525,1199,1286,0
183165,-0.166,0.002,-0.678,0.399,-0.128,-0.007,0.680,0.179,-0.684,0.195,1294997248.000,-0.000,24798,26078,-29,-20,50,15.180,25252,26525,1199,1286,0
183265,-0.160,0.045,-0.844,0.352,-0.007,0.000,0.671,0.193,-0.686,0.206,1284997376.000,-0.000,24649,26027,-21,-25,50,15.230,24752,25906,1224,1313,0
183365,-0.155,0.016,-1.103,0.488,0.072,-0.053,0.671,0.204,-0.679,0.218,1274997504.000,-0.000,24725,25762,-27,-30,50,15.230,24752,25906,1224,1313,0
183465,-0.114,-0.009,-0.879,0.362,0.127,-0.017,0.669,0.221,-0.671,0.232,1259997696.000,0.000,24582,25608,-20,-28,50,15.210,24509,25641,1246,1257,0
183565,-0.116,-0.055,-0.747,0.227,0.148,0.021,0.671,0.228,-0.663,0.243,1244997888.000,0.000,24340,25546,-17,-27,50,15.210,24509,25641,1246,1257,0
183665,-0.128,-0.090,-0.577,0.322,0.083,0.000,0.672,0.233,-0.656,0.253,1224998144.000,0.000,24154,25329,-21,-29,50,15.230,24330,25641,1166,1199,0
183765,-0.073,-0.123,-0.480,0.392,0.156,-0.101,0.671,0.247,-0.647,0.264,1209998336.000,0.000,24356,24835,-19,-33,50,15.230,24330,25641,1166,1199,0
183865,-0.062,-0.188,-0.330,0.148,0.272,0.189,0.675,0.252,-0.637,0.274,1189998592.000,0.000,23504,25250,-8,-32,50,15.290,24213,24813,1087,1237,0
183965,-0.196,-0.224,-0.250,0.329,-0.109,0.193,0.673,0.251,-0.633,0.290,1184998656.000,0.001,23189,25441,-26,-26,50,15.290,24213,24813,1087,1237,0
184065,-0.145,-0.204,-0.050,0.523,0.003,-0.283,0.667,0.265,-0.629,0.297,1159998976.000,0.001,24091,24076,-25,-37,50,15.280,23752,24271,1218,1173,0
184165,0.085,-0.194,-0.043,0.491,-0.093,-0.268,0.663,0.293,-0.618,0.304,1149999104.000,-0.000,24530,23415,-26,-31,50,15.280,23752,24271,1218,1173,0
184265,0.159,-0.186,-0.187,0.111,0.053,0.023,0.660,0.304,-0.614,0.309,1139999232.000,-0.001,23983,23766,-12,-26,50,15.280,23752,24271,1218,1173,0
184365,0.149,-0.198,-0.188,0.206,-0.002,0.089,0.659,0.306,-0.611,0.313,1124999424.000,-0.001,23678,23756,-19,-30,51,15.270,24038,23752,1161,1126,0
184465,0.119,-0.196,-0.159,0.091,0.008,0.089,0.656,0.310,-0.609,0.319,1109999616.000,-0.001,23465,23651,-15,-27,51,15.270,24038,23752,1161,1126,0
184565,0.104,-0.174,-0.274,0.330,-0.177,0.048,0.651,0.316,-0.609,0.325,1094999808.000,-0.000,23384,23413,-28,-28,51,15.300,23474,23364,1164,1139,0
184665,0.057,-0.134,-0.281,0.351,-0.056,0.144,0.640,0.326,-0.610,0.336,1084999936.000,-0.000,22912,23666,-24,-32,51,15.300,23474,23364,1164,1139,0
184765,-0.026,-0.125,-0.268,0.471,-0.051,0.157,0.631,0.333,-0.607,0.349,1080000000.000,0.000,22623,23837,-28,-35,51,15.340,22831,23696,1065,1143,0
184865,-0.121,-0.101,-0.198,0.474,-0.072,0.190,0.618,0.345,-0.603,0.368,1065000064.000,0.000,22087,24024,-28,-33,51,15.340,22831,23696,1065,1143,0
184965,-0.235,-0.086,-0.211,0.507,-0.150,0.267,0.604,0.356,-0.599,0.387,1055000064.000,0.000,21408,24427,-32,-31,51,15.340,22831,23696,1065,1143,0
185065,-0.388,-0.038,-0.224,0.547,-0.173,0.167,0.586,0.365,-0.600,0.403,1045000064.000,-0.001,21131,24464,-35,-33,51,15.330,21367,24330,1038,1185,0
185165,-0.428,-0.024,-0.184,0.410,-0.082,-0.057,0.575,0.378,-0.594,0.417,1030000064.000,-0.001,21428,23892,-29,-30,51,15.330,21367,24330,1038,1185,0
185265,-0.373,0.004,-0.122,0.344,-0.126,-0.034,0.565,0.394,-0.588,0.424,1015000064.000,-0.001,21336,23660,-29,-27,51,15.380,21505,23696,1023,1140,0
185365,-0.318,0.010,-0.014,0.254,0.159,-0.152,0.560,0.406,-0.580,0.430,1000000064.000,-0.001,21632,23067,-19,-34,51,15.380,21505,23696,1023,1140,0
185465,-0.234,-0.056,-0.066,0.336,0.210,-0.057,0.564,0.411,-0.567,0.438,990000064.000,-0.000,21459,23011,-22,-38,51,15.350,21598,22935,1013,1098,0
185565,-0.232,-0.079,-0.074,0.410,-0.124,-0.011,0.558,0.419,-0.558,0.449,980000064.000,0.000,21229,23007,-34,-30,51,15.350,21598,22935,1013,1098,0
185665,-0.215,-0.048,-0.040,0.269,0.032,0.068,0.548,0.432,-0.553,0.456,970000064.000,-0.000,20940,23055,-23,-33,51,15.350,21598,22935,1013,1098,0
185765,-0.312,-0.054,-0.030,0.201,-0.157,0.264,0.539,0.435,-0.550,0.467,945000064.000,-0.000,19853,23471,-28,-24,51,15.380,21052,23041,951,1094,0
185865,-0.468,-0.002,-0.020,0.303,-0.144,0.044,0.525,0.437,-0.555,0.474,940000064.000,-0.002,19967,23267,-32,-30,51,15.380,21052,23041,951,1094,0
185965,-0.420,0.034,0.057,0.354,-0.072,-0.061,0.515,0.452,-0.549,0.479,930000064.000,-0.002,20260,22793,-30,-31,51,15.400,20120,22779,1022,1097,0
186065,-0.416,0.018,0.076,0.276,0.100,-0.030,0.510,0.459,-0.540,0.488,915000064.000,-0.002,20005,22689,-25,-34,51,15.400,20120,22779,1022,1097,0
186165,-0.424,-0.002,0.037,0.256,-0.063,-0.028,0.505,0.464,-0.533,0.496,900000064.000,-0.002,19785,22551,-29,-28,51,15.420,19960,22573,909,1082,0
186265,-0.406,0.015,-0.039,0.162,-0.037,-0.094,0.499,0.471,-0.529,0.499,885000064.000,-0.002,19831,22175,-26,-28,51,15.420,19960,22573,909,1082,0
186365,-0.315,0.006,-0.072,0.146,0.032,-0.088,0.498,0.479,-0.521,0.501,880000064.000,-0.001,19954,21837,-24,-29,51,15.420,19960,22573,909,1082,0
186465,-0.297,-0.006,-0.055,0.111,0.143,-0.023,0.497,0.481,-0.517,0.504,865000064.000,-0.001,19681,21855,-20,-33,51,15.440,19841,21929,911,1037,0
186565,-0.287,-0.073,0.004,0.092,0.149,-0.002,0.500,0.479,-0.508,0.512,845000064.000,-0.000,19394,21653,-20,-32,51,15.440,19841,21929,911,1037,0
186665,-0.288,-0.045,0.088,0.029,-0.174,-0.007,0.496,0.483,-0.509,0.511,830000064.000,-0.000,19212,21469,-27,-22,51,15.480,19305,21413,887,1059,0
186765,-0.262,-0.039,0.065,0.088,0.030,-0.049,0.495,0.486,-0.507,0.511,820000064.000,-0.001,19288,21165,-23,-30,51,15.480,19305,21413,887,1059,0
186865,-0.250,-0.033,-0.028,0.121,-0.071,0.010,0.492,0.490,-0.505,0.513,815000064.000,0.001,19076,21239,-27,-28,51,15.480,19305,21413,887,1059,0
186965,-0.313,-0.016,-0.067,-0.074,-0.007,0.162,0.488,0.490,-0.508,0.514,795000064.000,0.001,18173,21558,-19,-24,52,15.470,19083,21367,875,955,0
187065,-0.380,-0.043,-0.055,0.063,0.116,0.006,0.487,0.485,-0.507,0.520,780000064.000,0.002,18239,21150,-20,-32,52,15.470,19083,21367,875,955,0
187165,-0.385,-0.045,-0.028,-0.016,-0.028,0.050,0.487,0.485,-0.507,0.520,770000064.000,0.002,17949,21162,-22,-26,52,15.490,18248,21052,836,997,0
187265,-0.422,-0.052,0.005,0.030,0.056,0.022,0.486,0.483,-0.508,0.522,760000064.000,0.002,17781,21068,-21,-31,52,15.490,18248,21052,836,997,0
187365,-0.423,-0.077,0.006,0.074,0.061,-0.048,0.488,0.481,-0.506,0.524,750000064.000,0.003,17852,20768,-22,-32,52,15.490,18248,21052,836,997,0
187465,-0.409,-0.069,-0.024,0.070,-0.059,0.047,0.485,0.484,-0.504,0.525,730000064.000,0.002,17306,20748,-24,-28,52,15.490,17793,20833,840,965,0
187565,-0.402,-0.065,-0.032,0.191,0.053,-0.092,0.482,0.489,-0.500,0.528,715000064.000,0.002,17561,20165,-23,-35,52,15.490,17793,20833,840,965,0
187665,-0.350,-0.100,-0.006,0.103,0.151,-0.051,0.483,0.491,-0.492,0.532,710000064.000,0.002,17524,20073,-18,-35,51,15.510,17605,20120,798,961,0
187765,-0.330,-0.164,-0.063,0.042,0.186,0.037,0.487,0.487,-0.485,0.538,695000064.000,0.002,17092,20080,-15,-36,51,15.510,17605,20120,798,961,0
187865,-0.369,-0.207,-0.047,0.044,0.084,0.000,0.488,0.483,-0.482,0.544,675000064.000,0.003,16790,19827,-18,-34,52,15.530,16778,19960,790,923,0
187965,-0.373,-0.233,0.020,0.077,0.144,-0.030,0.489,0.482,-0.479,0.548,665000064.000,0.003,16727,19627,-15,-39,52,15.530,16778,19960,790,923,0
188065,-0.357,-0.276,0.017,-0.082,-0.047,0.122,0.491,0.480,-0.473,0.552,650000064.000,0.004,16040,19817,-15,-26,52,15.530,16778,19960,790,923,0
188165,-0.465,-0.180,0.028,0.006,-0.424,0.056,0.482,0.483,-0.489,0.544,645000064.000,0.004,15805,19880,-31,-22,51,15.530,15723,20120,700,932,0
188265,-0.456,-0.113,0.055,0.000,-0.013,-0.027,0.476,0.489,-0.492,0.540,635000064.000,0.003,15978,19486,-17,-33,51,15.530,15723,20120,700,932,0
188365,-0.480,-0.120,0.011,-0.146,-0.017,0.077,0.479,0.485,-0.494,0.539,615000064.000,0.004,15207,19590,-16,-26,52,15.570,15290,19723,703,889,0
188465,-0.512,-0.117,0.028,0.030,0.117,0.011,0.478,0.483,-0.497,0.539,605000064.000,0.004,15163,19367,-17,-36,52,15.570,15290,19723,703,889,0
188565,-0.496,-0.166,0.019,0.112,0.149,-0.043,0.478,0.484,-0.488,0.547,595000064.000,0.004,15256,19033,-18,-39,52,15.570,15290,19723,703,889,0
188665,-0.518,-0.201,0.008,0.058,0.044,0.083,0.476,0.484,-0.482,0.554,570000064.000,0.005,14277,19135,-18,-34,51,15.580,14792,19083,635,894,0
188765,-0.557,-0.208,-0.016,0.038,0.026,0.043,0.472,0.484,-0.480,0.559,555000064.000,0.006,14018,18934,-17,-34,51,15.580,14792,19083,635,894,0
188865,-0.586,-0.223,-0.005,-0.057,0.071,0.059,0.470,0.483,-0.479,0.562,545000064.000,0.006,13639,18947,-12,-32,51,15.580,14792,19083,635,894,0
188965,-0.620,-0.221,0.023,0.011,-0.063,0.016,0.468,0.482,-0.480,0.563,525000064.000,0.007,13325,18640,-20,-33,51,15.580,13661,18867,615,894,0
189065,-0.634,-0.228,0.072,0.030,0.029,0.009,0.467,0.483,-0.479,0.566,515000064.000,0.007,13105,18527,-16,-35,51,15.580,13661,18867,615,894,0
189165,-0.606,-0.197,0.039,0.103,-0.141,-0.020,0.462,0.489,-0.477,0.565,500000064.000,0.006,13058,18152,-23,-32,51,15.590,13333,18248,599,833,0
189265,-0.623,-0.211,-0.012,0.088,0.236,0.012,0.459,0.490,-0.474,0.569,480000064.000,0.007,12455,18024,-10,-44,51,15.590,13333,18248,599,833,0
189365,-0.574,-0.289,0.043,0.061,0.152,-0.089,0.465,0.487,-0.464,0.576,465000064.000,0.007,12810,17347,-12,-39,51,15.590,13333,18248,599,833,0
189465,-0.567,-0.287,0.047,-0.021,-0.034,0.067,0.464,0.488,-0.463,0.576,450000064.000,0.007,11845,17598,-14,-33,51,15.620,12562,17301,550,784,0
189565,-0.600,-0.279,0.093,0.078,-0.027,0.027,0.461,0.489,-0.464,0.578,440000064.000,0.007,11643,17448,-16,-37,51,15.620,12562,17301,550,784,0
189665,-0.602,-0.274,0.097,0.028,-0.047,-0.043,0.458,0.491,-0.462,0.579,425000064.000,0.007,11665,16998,-16,-35,51,15.620,12562,17301,550,784,0
189765,-0.583,-0.265,0.039,-0.014,-0.016,0.000,0.457,0.493,-0.462,0.579,415000064.000,0.007,11330,16930,-14,-35,51,15.630,11600,17064,541,756,0
189865,-0.589,-0.255,-0.010,0.000,-0.052,0.047,0.456,0.494,-0.462,0.579,410000064.000,0.007,10958,17027,-15,-34,51,15.630,11600,17064,541,756,0
189965,-0.631,-0.240,-0.044,-0.001,-0.053,0.054,0.453,0.494,-0.465,0.579,400000064.000,0.007,10467,17042,-15,-35,51,15.630,10526,17182,482,760,0
190065,-0.635,-0.250,-0.017,0.042,0.062,-0.037,0.453,0.494,-0.464,0.580,385000064.000,0.007,10570,16531,-13,-40,51,15.630,10526,17182,482,760,0
190165,-0.613,-0.253,0.024,-0.016,-0.069,0.003,0.453,0.495,-0.462,0.581,375000064.000,0.007,10234,16440,-15,-33,51,15.630,10526,17182,482,760,0
190265,-0.612,-0.227,-0.030,-0.036,-0.009,0.012,0.451,0.497,-0.464,0.578,156568688.000,0.007,0,12741,-11,-37,51,15.660,10204,16339,410,717,0
190365,-0.646,-0.244,-0.117,-0.120,0.079,0.042,0.453,0.493,-0.465,0.579,150000064.000,0.007,0,12872,-8,-35,51,15.660,10204,16339,410,717,0
190465,-0.654,-0.282,-0.158,0.007,0.189,0.022,0.456,0.489,-0.463,0.582,135000064.000,0.008,0,12525,-7,-43,51,15.660,10204,16339,410,717,0
190565,-0.695,-0.307,-0.038,-0.014,-0.026,0.041,0.456,0.484,-0.463,0.585,130000064.000,0.009,0,12686,-14,-36,51,15.730,1148,12224,60,560,0
190665,-0.675,-0.294,0.026,0.022,-0.059,-0.060,0.456,0.487,-0.463,0.584,120000064.000,0.009,0,11941,-14,-37,51,15.730,1148,12224,60,560,0
190765,-0.660,-0.281,-0.021,0.021,-0.040,-0.006,0.455,0.489,-0.463,0.582,115000064.000,0.008,0,12020,-13,-38,51,15.730,1148,12224,60,560,0
190865,-0.657,-0.279,-0.028,0.037,0.012,0.000,0.454,0.490,-0.462,0.583,90000064.000,0.008,0,11503,-12,-40,51,15.730,560,12019,60,519,0
190965,-0.655,-0.283,-0.020,-0.001,-0.020,-0.024,0.455,0.490,-0.462,0.583,70000064.000,0.008,0,10926,-12,-38,51,15.730,560,12019,60,519,0
191065,-0.638,-0.282,-0.003,0.001,0.031,-0.017,0.455,0.490,-0.461,0.583,60000064.000,0.008,0,10646,-10,-40,51,15.750,388,10615,60,463,0
191165,-0.610,-0.284,0.002,0.042,-0.001,-0.051,0.456,0.491,-0.460,0.582,45000064.000,0.007,0,9949,-12,-41,51,15.750,388,10615,60,463,0
191265,-0.591,-0.293,-0.059,0.019,0.037,-0.001,0.457,0.492,-0.458,0.583,30000064.000,0.007,0,9739,-10,-41,51,15.750,388,10615,60,463,0
191365,-0.589,-0.319,-0.056,0.036,0.086,0.006,0.458,0.490,-0.455,0.586,10000064.000,0.008,0,9270,-8,-43,51,15.770,360,9727,60,407,0
191465,-0.594,-0.335,-0.019,0.022,0.030,0.004,0.458,0.489,-0.454,0.588,64.000,0.008,0,8988,-9,-42,51,15.770,360,9727,60,407,0
191565,-0.587,-0.338,0.016,0.006,-0.019,0.004,0.458,0.489,-0.453,0.588,0.000,0.008,0,8945,-9,-40,51,15.780,360,8928,60,387,0
191665,-0.573,-0.331,0.006,0.036,-0.006,-0.044,0.458,0.490,-0.452,0.588,0.000,0.007,0,8555,-10,-42,51,15.780,360,8928,60,387,0
191765,-0.553,-0.331,-0.025,0.000,0.000,-0.018,0.459,0.491,-0.451,0.587,0.000,0.007,0,8597,-8,-42,51,15.780,360,8928,60,387,0
191865,-0.557,-0.341,-0.044,0.010,0.012,0.029,0.459,0.490,-0.451,0.588,0.000,0.007,0,8912,-8,-43,51,15.790,360,8620,60,377,0
191965,-0.571,-0.354,-0.016,0.020,0.032,0.034,0.459,0.489,-0.450,0.590,0.000,0.008,0,9036,-7,-44,51,15.790,360,8620,60,377,0
192065,-0.576,-0.359,0.003,0.016,-0.001,-0.009,0.458,0.489,-0.449,0.591,0.000,0.008,0,8797,-8,-43,50,15.780,360,8992,60,385,0
192165,-0.552,-0.358,0.000,0.031,-0.013,-0.039,0.459,0.490,-0.447,0.591,0.000,0.007,0,8448,-8,-43,50,15.780,360,8992,60,385,0
192265,-0.548,-0.356,0.001,0.008,0.000,0.030,0.458,0.491,-0.447,0.591,0.000,0.007,0,8865,-7,-43,51,15.770,360,8741,60,387,0
192365,-0.560,-0.353,0.022,0.018,-0.019,-0.019,0.457,0.491,-0.447,0.591,0.000,0.007,0,8631,-7,-44,51,15.770,360,8741,60,387,0
192465,-0.538,-0.354,0.002,0.022,-0.017,-0.037,0.457,0.492,-0.446,0.591,0.000,0.007,0,8376,-7,-44,51,15.770,360,8741,60,387,0
192565,-0.518,-0.352,-0.003,0.004,0.000,-0.032,0.458,0.493,-0.445,0.590,0.000,0.007,0,8273,-6,-45,50,15.780,362,8389,60,363,0
192665,-0.506,-0.353,-0.023,-0.003,-0.016,0.024,0.458,0.494,-0.445,0.590,0.000,0.006,0,8563,-6,-43,50,15.780,362,8389,60,363,0
192765,-0.530,-0.351,-0.005,0.024,-0.012,0.031,0.457,0.493,-0.446,0.591,0.000,0.007,0,8756,-7,-45,51,15.790,361,8680,60,391,0
192865,-0.558,-0.345,0.017,0.047,-0.030,0.048,0.455,0.493,-0.447,0.592,0.000,0.007,0,9037,-8,-45,51,15.790,361,8680,60,391,0
192965,-0.588,-0.359,-0.137,-0.036,-0.004,0.039,0.454,0.491,-0.446,0.595,0.000,0.008,0,9163,-5,-42,50,15.820,305,1062,60,392,0
193065,-0.593,-0.344,-0.105,-0.004,-0.018,-0.016,0.453,0.492,-0.448,0.593,0.000,0.008,0,8861,-6,-45,50,15.820,305,1062,60,392,0
193165,-0.580,-0.357,-0.068,0.020,0.078,-0.007,0.454,0.492,-0.446,0.594,0.000,0.008,0,8837,-3,-48,50,15.820,305,305,60,392,0
193265,-0.572,-0.365,-0.022,0.048,0.002,-0.002,0.455,0.492,-0.445,0.595,0.000,0.008,0,8816,-6,-47,50,15.820,305,305,60,392,0
193365,-0.570,-0.363,-0.003,0.010,-0.112,-0.008,0.454,0.492,-0.444,0.595,0.000,0.008,0,8767,-8,-43,50,15.820,305,305,60,392,0
193465,-0.519,-0.351,-0.027,0.081,0.018,-0.112,0.454,0.496,-0.442,0.593,0.000,0.007,0,7730,-5,-50,50,15.820,305,305,60,392,0
193565,-0.504,-0.377,-0.069,0.172,0.140,0.141,0.452,0.497,-0.436,0.599,0.000,0.007,0,9272,-3,-55,50,15.820,305,305,60,392,0
193665,-0.615,-0.388,-0.065,0.204,-0.052,0.126,0.443,0.496,-0.435,0.607,0.000,0.009,0,9821,-10,-50,50,15.820,305,305,60,392,0
193765,-0.558,-0.430,-0.017,0.618,0.291,-0.214,0.437,0.502,-0.421,0.617,0.000,0.008,0,7268,-9,-75,50,15.820,305,305,60,392,0
193865,-0.330,-0.559,-0.023,0.759,0.387,-0.198,0.435,0.509,-0.385,0.636,0.000,0.005,0,5439,-7,-80,50,15.820,305,305,60,392,0
193965,-0.152,-0.700,0.020,0.701,0.566,-0.146,0.428,0.512,-0.350,0.658,0.000,0.003,0,3957,4,-86,50,15.820,305,305,60,392,0
194065,0.156,-0.850,0.050,0.718,0.506,-0.407,0.427,0.515,-0.308,0.677,0.000,-0.003,7043,0,4,-88,50,15.840,305,305,60,392,0
194165,0.651,-1.001,0.065,0.792,0.570,-0.650,0.431,0.520,-0.256,0.692,0.000,-0.013,11832,0,7,-96,50,15.840,305,305,60,392,0
194265,1.293,-1.156,-0.023,0.919,0.837,-0.697,0.438,0.524,-0.193,0.704,0.000,-0.027,12247,0,16,-112,50,15.850,305,305,60,392,0
194365,2.064,-1.327,-0.114,0.777,0.678,-0.963,0.451,0.522,-0.121,0.713,0.000,-0.046,12247,0,17,-104,50,15.850,305,305,60,392,0
194465,2.855,-1.379,-0.121,0.999,0.383,-1.004,0.466,0.528,-0.056,0.708,0.000,-0.059,12247,0,2,-109,49,15.840,305,305,60,392,0
194565,3.693,-1.362,-0.056,1.382,0.700,-0.969,0.466,0.537,0.023,0.703,0.000,-0.071,12247,0,3,-131,49,15.840,305,305,60,392,0
194665,4.641,-1.251,-0.103,1.832,0.712,-1.043,0.454,0.544,0.125,0.694,0.000,-0.081,12247,0,-11,-136,50,15.840,305,305,60,392,0
194765,5.388,-0.995,-0.180,1.342,0.236,-0.688,0.437,0.556,0.213,0.674,0.000,-0.074,12247,0,-13,-101,50,15.840,305,305,60,392,0
194865,5.798,-0.715,-0.165,0.939,-0.012,-0.517,0.426,0.571,0.264,0.650,0.000,-0.053,12247,0,-13,-86,50,15.850,305,305,60,392,0
194965,6.053,-0.501,-0.147,0.640,0.044,-0.390,0.421,0.581,0.299,0.629,0.000,-0.035,12247,0,-9,-81,50,15.850,305,305,60,392,0
195065,6.212,-0.296,-0.120,0.546,0.019,-0.247,0.410,0.589,0.330,0.613,0.000,-0.017,12247,0,-12,-75,49,15.850,305,305,60,392,0
195165,6.288,-0.192,-0.143,0.102,-0.060,-0.169,0.409,0.594,0.343,0.602,0.000,-0.006,12247,0,-4,-62,49,15.850,305,305,60,392,0
195265,6.325,-0.135,-0.151,0.090,-0.104,-0.094,0.414,0.598,0.344,0.594,0.000,0.004,12247,0,-9,-64,49,15.850,305,305,60,392,0
195365,6.376,-0.076,-0.138,0.119,-0.020,-0.252,0.416,0.601,0.351,0.586,0.000,0.011,12247,0,-8,-66,49,15.850,305,305,60,392,0
195465,6.445,-0.062,-0.125,-0.086,-0.017,-0.198,0.424,0.598,0.357,0.579,0.000,0.014,12247,0,-3,-60,49,15.850,305,305,60,392,0
195565,6.454,-0.109,-0.097,-0.170,0.000,0.088,0.432,0.595,0.352,0.579,0.000,0.012,12247,0,0,-62,49,15.850,305,305,60,392,0
195665,6.424,-0.142,-0.050,-0.032,0.040,0.069,0.433,0.595,0.345,0.582,0.000,0.010,12247,0,-3,-68,49,15.850,305,305,60,392,0
195765,6.411,-0.123,-0.074,0.130,0.007,0.041,0.432,0.598,0.343,0.581,0.000,0.013,12247,0,-8,-70,49,15.850,305,305,60,392,0
195865,6.383,-0.095,-0.111,0.099,0.016,0.223,0.424,0.601,0.344,0.583,0.000,0.014,12247,0,-6,-65,49,15.850,305,305,60,392,0
195965,6.324,-0.098,-0.104,-0.029,0.104,0.194,0.418,0.604,0.339,0.588,0.000,0.012,12247,0,0,-67,49,15.850,305,305,60,392,0
196065,6.286,-0.128,-0.091,-0.029,0.127,0.106,0.413,0.603,0.337,0.594,0.000,0.006,12247,0,0,-68,49,15.860,305,305,60,392,0
196165,6.260,-0.152,-0.084,0.022,0.063,0.074,0.410,0.601,0.336,0.599,0.000,0.002,12247,0,-3,-69,49,15.860,305,305,60,392,0
196265,6.248,-0.154,-0.035,0.041,0.070,-0.014,0.406,0.601,0.337,0.601,0.000,-0.000,12247,0,-3,-69,49,15.860,305,305,60,392,0
196365,6.262,-0.165,0.007,-0.009,0.012,-0.117,0.407,0.598,0.339,0.601,0.000,-0.002,12247,0,-3,-67,49,15.860,305,305,60,392,0
196465,6.297,-0.147,0.002,0.081,0.024,-0.083,0.408,0.598,0.344,0.598,0.000,-0.000,12247,0,-5,-69,49,15.860,305,305,60,392,0
196565,6.319,-0.118,-0.033,0.104,0.058,-0.040,0.408,0.598,0.349,0.595,0.000,0.002,12247,0,-4,-71,49,15.860,305,305,60,392,0
