Timestamp,r_ref,q_ref,curr_ax,curr_roll_rate,curr_pitch_rate,curr_yaw_rate,curr_qw,curr_qx,curr_qy,curr_qz,thrust_ref,p_ref,omega_L_ref,omega_R_ref,servo_L_ref,servo_R_ref,Temperature,Voltage,Current,RPM2,RPM4,Throttle2,Throttle4,ErrorCodes
58013,-0.228,0.041,-0.760,0.169,1.502,-0.193,0.549,0.412,-0.581,0.438,0.000,0.000,0,3481,41,-49,0,0.000,0.000,0,0,0,0,0
58112,-0.238,0.131,0.130,-0.163,-1.326,0.213,0.540,0.416,-0.590,0.431,0.000,0.001,0,6422,-39,49,0,0.000,0.000,0,0,0,0,0
58212,-0.282,0.143,-0.350,0.044,0.727,-0.008,0.539,0.411,-0.596,0.431,0.000,0.001,0,4747,21,-26,0,0.000,0.000,0,0,0,0,0
58312,-0.273,0.115,0.060,-0.009,-0.253,-0.020,0.542,0.410,-0.592,0.433,0.000,0.001,0,4959,-8,8,0,0.000,0.000,0,0,0,0,0
58412,-0.294,0.036,-0.260,0.047,0.591,0.102,0.549,0.402,-0.586,0.439,0.000,0.000,0,5794,19,-24,0,0.000,0.000,305,305,0,0,0
58512,-0.332,-0.059,-0.080,0.030,0.037,0.074,0.555,0.394,-0.579,0.449,0.000,-0.001,0,5599,2,-4,0,0.000,0.000,305,305,0,0,0
58612,-0.340,-0.070,-0.220,-0.010,0.140,-0.022,0.556,0.392,-0.578,0.450,0.000,-0.001,0,4861,10,-10,0,0.000,0.000,305,305,0,0,0
58712,-0.311,-0.066,-0.080,0.039,-0.111,-0.114,0.557,0.394,-0.577,0.448,0.000,-0.001,0,4459,0,-4,0,0.000,0.000,305,305,0,0,0
58812,-0.268,-0.111,-0.170,0.046,0.284,-0.082,0.563,0.396,-0.570,0.449,0.000,-0.002,0,4717,14,-17,0,0.000,0.000,305,305,0,0,0
58912,-0.237,-0.169,-0.040,-0.038,0.057,-0.072,0.571,0.393,-0.564,0.450,0.000,-0.003,0,4623,9,-7,0,0.000,0.000,305,305,0,0,0
59012,-0.218,-0.168,0.090,-0.103,-0.019,-0.013,0.573,0.392,-0.564,0.447,0.000,-0.003,0,5009,10,-3,0,0.000,0.000,305,305,0,0,0
59112,-0.218,-0.173,-0.040,0.039,0.070,0.024,0.575,0.391,-0.564,0.446,0.000,-0.003,0,5121,8,-14,0,0.000,0.000,305,305,0,0,0
59212,-0.239,-0.181,-0.110,-0.058,-0.038,0.072,0.574,0.389,-0.565,0.448,0.000,-0.003,0,5388,9,-5,0,0.000,0.000,305,305,0,0,0
59312,-0.241,-0.180,-0.030,-0.029,-0.057,-0.061,0.574,0.389,-0.565,0.448,0.000,-0.003,0,4428,7,-7,0,0.000,0.000,305,305,0,0,0
59412,-0.223,-0.168,-0.120,0.021,-0.019,-0.006,0.574,0.391,-0.565,0.446,0.000,-0.003,0,5037,8,-10,0,0.000,0.000,305,305,0,0,0
59512,-0.234,-0.190,0.020,-0.019,0.144,0.020,0.575,0.389,-0.563,0.449,0.000,-0.003,0,5041,14,-14,0,0.000,0.000,305,305,0,0,0
59612,-0.235,-0.208,-0.020,-0.004,0.047,-0.033,0.577,0.386,-0.562,0.449,0.000,-0.004,0,4638,10,-12,29,16.240,77.630,305,305,0,0,0
59712,-0.217,-0.250,-0.430,0.316,0.209,0.023,0.579,0.388,-0.555,0.454,0.000,-0.005,0,5123,6,-27,29,16.240,77.630,305,305,0,0,0
59812,-0.217,-0.281,-0.090,0.032,0.014,0.086,0.576,0.394,-0.546,0.464,0.000,-0.006,0,5363,16,-8,29,16.240,77.630,305,305,0,0,0
59912,-0.220,-0.282,0.170,-0.089,-0.014,-0.053,0.577,0.392,-0.547,0.463,0.000,-0.006,0,4449,14,-9,29,16.250,77.630,305,305,0,0,0
60012,-0.245,-0.264,0.280,-0.117,0.054,0.120,0.577,0.388,-0.553,0.460,0.000,-0.006,0,5707,16,-13,29,16.250,77.630,305,305,0,0,0
60112,-0.297,-0.287,-0.260,-0.193,0.077,0.041,0.580,0.377,-0.556,0.460,0.000,-0.007,0,5202,18,-11,29,16.250,77.630,305,305,0,0,0
60212,-0.298,-0.271,0.210,-0.073,-0.133,-0.021,0.582,0.375,-0.561,0.455,0.000,-0.006,0,4842,9,-10,29,16.250,77.630,305,305,0,0,0
60312,-0.277,-0.256,0.140,0.091,0.077,-0.092,0.581,0.377,-0.561,0.452,0.000,-0.006,0,4527,11,-20,30,16.250,77.630,305,305,0,0,0
60412,-0.225,-0.287,-0.110,0.254,0.114,-0.183,0.583,0.383,-0.552,0.456,0.000,-0.006,0,3732,9,-24,30,16.250,77.630,305,305,0,0,0
60512,-0.202,-0.345,-0.100,0.039,0.252,0.139,0.586,0.385,-0.542,0.462,0.000,-0.008,0,5916,22,-21,30,16.250,77.630,305,305,0,0,0
60612,-0.280,-0.400,0.250,-0.032,0.140,0.171,0.587,0.375,-0.541,0.472,0.000,-0.012,0,5614,19,-18,30,16.250,77.630,305,305,0,0,0
60712,-0.300,-0.419,-0.010,-0.010,-0.047,0.028,0.588,0.372,-0.540,0.473,0.000,-0.013,0,5302,14,-15,29,16.230,77.630,305,305,0,0,0
60812,-0.361,-0.390,0.040,0.079,-0.119,0.204,0.582,0.370,-0.546,0.476,0.000,-0.012,0,6387,10,-17,29,16.230,77.630,305,305,0,0,0
60912,-0.399,-0.366,0.030,0.002,-0.070,-0.060,0.576,0.371,-0.549,0.479,0.000,-0.012,0,4836,15,-15,29,16.230,77.630,305,305,0,0,0
61012,-0.338,-0.338,-0.280,0.009,-0.064,-0.186,0.577,0.377,-0.549,0.473,0.000,-0.010,0,4219,15,-17,29,16.230,77.630,305,305,0,0,0
61112,-0.283,-0.340,-0.250,0.010,0.010,-0.056,0.580,0.381,-0.546,0.469,0.000,-0.009,0,5080,16,-17,29,16.230,77.670,305,305,0,0,0
61212,-0.289,-0.342,-0.170,-0.010,0.101,0.049,0.580,0.380,-0.546,0.469,0.000,-0.009,0,5521,19,-21,29,16.230,77.670,305,305,0,0,0
61312,-0.309,-0.378,-0.120,0.039,0.187,0.051,0.582,0.376,-0.543,0.473,0.000,-0.011,0,5479,20,-25,29,16.230,77.670,305,305,0,0,0
61412,-0.328,-0.434,0.130,0.003,0.183,0.014,0.586,0.371,-0.538,0.479,0.000,-0.014,0,5268,22,-25,29,16.230,77.670,305,305,0,0,0
61512,-0.309,-0.455,0.180,0.028,-0.058,-0.038,0.588,0.371,-0.535,0.479,0.000,-0.015,0,5041,15,-19,29,16.230,77.670,305,305,0,0,0
61612,-0.307,-0.473,-0.220,-0.053,0.250,-0.002,0.591,0.369,-0.533,0.480,0.000,-0.016,0,5254,29,-28,29,16.230,77.670,305,305,0,0,0
61712,-0.315,-0.576,-0.140,0.057,0.480,0.016,0.599,0.361,-0.523,0.487,0.000,-0.022,0,5342,33,-39,29,16.230,77.670,305,305,0,0,0
61812,-0.324,-0.706,-0.090,0.046,0.384,-0.001,0.609,0.351,-0.508,0.497,0.000,-0.031,0,5173,32,-36,29,16.250,77.670,305,305,0,0,0
61912,-0.316,-0.780,-0.040,0.042,0.117,-0.058,0.616,0.346,-0.499,0.502,0.000,-0.036,0,4849,27,-32,29,16.250,77.670,305,305,0,0,0
62012,-0.297,-0.795,-0.130,-0.042,-0.027,0.004,0.618,0.347,-0.496,0.502,0.000,-0.037,0,5312,28,-28,29,16.250,77.670,305,305,0,0,0
62112,-0.300,-0.784,0.080,-0.028,-0.028,0.000,0.617,0.347,-0.498,0.501,0.000,-0.036,0,5192,29,-30,29,16.250,77.670,305,305,0,0,0
62212,-0.314,-0.776,0.080,-0.069,-0.039,0.039,0.617,0.345,-0.500,0.500,0.000,-0.036,0,5495,30,-29,30,16.240,77.630,305,305,0,0,0
62312,-0.327,-0.755,0.040,0.026,-0.133,-0.053,0.616,0.345,-0.504,0.498,0.000,-0.034,0,4850,24,-30,30,16.240,77.630,305,305,0,0,0
62412,-0.293,-0.704,-0.060,0.058,-0.260,-0.110,0.612,0.352,-0.508,0.494,0.000,-0.030,0,4434,20,-26,30,16.240,77.630,305,305,0,0,0
62512,-0.236,-0.623,-0.120,0.040,-0.319,-0.096,0.606,0.364,-0.513,0.487,0.000,-0.023,0,4472,19,-22,30,16.240,77.630,305,305,0,0,0
62612,-0.214,-0.550,0.160,-0.048,-0.132,0.028,0.601,0.372,-0.519,0.480,0.000,-0.018,0,5191,27,-26,30,16.240,77.630,305,305,0,0,0
62712,-0.226,-0.528,0.000,-0.053,-0.021,0.043,0.599,0.372,-0.523,0.479,0.000,-0.017,0,5194,28,-27,30,16.240,77.630,305,305,0,0,0
62812,-0.245,-0.524,-0.230,-0.041,-0.018,0.003,0.599,0.369,-0.525,0.478,0.000,-0.017,0,4919,26,-28,30,16.240,77.630,305,305,0,0,0
62912,-0.248,-0.516,-0.060,-0.041,-0.043,0.012,0.599,0.369,-0.527,0.477,0.000,-0.017,0,5073,26,-27,30,16.240,77.630,305,305,0,0,0
63012,-0.260,-0.497,0.030,-0.004,-0.080,0.023,0.597,0.369,-0.530,0.476,0.000,-0.016,0,5079,24,-27,30,16.240,77.630,305,305,0,0,0
63112,-0.262,-0.471,-0.130,0.089,-0.064,-0.048,0.594,0.372,-0.532,0.475,0.000,-0.014,0,4673,22,-30,30,16.240,77.630,305,305,0,0,0
63212,-0.217,-0.462,-0.150,0.104,0.010,-0.133,0.593,0.378,-0.529,0.475,0.000,-0.013,0,3973,25,-32,30,16.240,77.630,305,305,0,0,0
63312,-0.179,-0.500,0.070,-0.019,0.243,-0.063,0.598,0.378,-0.523,0.475,0.000,-0.014,0,4420,36,-36,30,16.240,77.630,305,305,0,0,0
63412,-0.155,-0.576,0.260,-0.028,0.252,-0.059,0.608,0.373,-0.514,0.477,0.000,-0.018,0,4341,36,-37,30,16.240,77.630,305,305,0,0,0
63512,-0.152,-0.598,0.070,0.036,-0.202,0.012,0.610,0.371,-0.512,0.477,0.000,-0.019,0,4780,21,-27,30,16.240,77.630,305,305,0,0,0
63612,-0.175,-0.516,-0.090,0.046,-0.307,0.177,0.600,0.378,-0.521,0.476,0.000,-0.015,0,5855,20,-24,30,16.240,77.630,305,305,0,0,0
63712,-0.261,-0.435,0.010,-0.083,-0.198,0.291,0.587,0.378,-0.533,0.477,0.000,-0.013,0,6493,27,-23,30,16.240,77.630,305,305,0,0,0
63812,-0.333,-0.435,0.210,-0.007,0.214,0.082,0.583,0.373,-0.537,0.482,0.000,-0.014,0,5397,36,-39,30,16.240,77.630,305,305,0,0,0
63912,-0.341,-0.495,0.080,0.032,0.092,-0.031,0.588,0.368,-0.531,0.487,0.000,-0.018,0,4978,29,-34,29,16.230,77.630,305,305,0,0,0
64012,-0.334,-0.473,0.100,0.017,-0.133,-0.040,0.587,0.370,-0.533,0.485,0.000,-0.016,0,5018,24,-28,29,16.230,77.630,305,305,0,0,0
64112,-0.304,-0.438,0.110,-0.021,-0.091,-0.093,0.585,0.375,-0.535,0.481,0.000,-0.014,0,4646,28,-29,29,16.230,77.630,305,305,0,0,0
64213,-0.268,-0.408,-0.460,0.057,-0.110,-0.050,0.584,0.380,-0.536,0.476,0.000,-0.012,0,4934,24,-30,29,16.230,77.630,305,305,0,0,0
64313,-0.265,-0.400,-0.310,0.214,0.043,-0.037,0.582,0.384,-0.535,0.478,0.000,-0.011,0,4746,24,-40,29,16.240,77.670,305,305,0,0,0
64412,-0.228,-0.405,-0.440,0.090,-0.128,-0.039,0.579,0.391,-0.529,0.482,0.000,-0.011,0,4739,24,-27,29,16.240,77.670,305,305,0,0,0
64513,-0.240,-0.354,0.300,-0.041,-0.088,-0.029,0.576,0.393,-0.535,0.477,0.000,-0.009,0,4643,28,-29,29,16.240,77.670,305,305,0,0,0
64612,-0.202,-0.335,-0.540,-0.124,-0.127,0.022,0.577,0.396,-0.536,0.473,0.000,-0.008,0,5248,29,-23,29,16.240,77.670,305,305,0,0,0
64713,-0.138,-0.313,-0.200,0.148,-0.028,-0.339,0.578,0.403,-0.534,0.468,0.000,-0.006,1616,0,22,-35,30,16.240,77.630,305,305,0,0,0
64813,-0.093,-0.290,-0.220,-0.089,-0.129,-0.070,0.579,0.406,-0.535,0.461,0.000,-0.005,0,4085,27,-24,30,16.240,77.630,305,305,0,0,0
64912,-0.064,-0.300,0.120,-0.092,0.084,0.069,0.584,0.406,-0.534,0.458,0.000,-0.005,0,5132,32,-30,30,16.240,77.630,305,305,0,0,0
65012,-0.138,-0.318,0.300,0.047,0.076,0.048,0.582,0.398,-0.537,0.463,0.000,-0.006,0,4464,28,-35,30,16.240,77.630,305,305,0,0,0
65112,-0.139,-0.335,0.510,0.012,0.079,-0.099,0.582,0.398,-0.535,0.466,0.000,-0.007,0,3398,31,-34,30,16.230,77.630,305,305,0,0,0
65212,-0.048,-0.325,-0.250,0.071,-0.073,-0.221,0.586,0.405,-0.531,0.459,0.000,-0.005,0,2148,24,-31,30,16.230,77.630,305,305,0,0,0
65312,-0.039,-0.338,0.330,0.092,0.103,0.244,0.587,0.406,-0.528,0.461,0.000,-0.006,0,6065,31,-36,30,16.230,77.630,305,305,0,0,0
65412,-0.136,-0.345,0.480,-0.029,-0.011,0.324,0.582,0.399,-0.532,0.468,0.000,-0.007,0,6381,30,-31,30,16.230,77.630,305,305,0,0,0
65512,-0.286,-0.364,0.320,0.100,0.201,0.341,0.574,0.388,-0.537,0.481,0.000,-0.010,0,6558,34,-43,29,16.230,77.630,305,305,0,0,0
65612,-0.433,-0.459,0.150,0.040,0.436,0.277,0.570,0.374,-0.532,0.502,0.000,-0.018,0,6512,45,-47,29,16.230,77.630,305,305,0,0,0
65712,-0.420,-0.556,-0.120,-0.130,0.212,-0.371,0.582,0.365,-0.523,0.505,0.000,-0.023,818,0,41,-36,29,16.230,77.630,305,305,0,0,0
65812,-0.246,-0.528,-0.620,-0.082,-0.306,-0.387,0.593,0.376,-0.520,0.487,0.000,-0.017,0,2487,26,-26,29,16.230,77.630,305,305,0,0,0
65912,-0.209,-0.425,0.360,-0.046,-0.239,0.051,0.586,0.386,-0.529,0.477,0.000,-0.012,0,5624,30,-30,29,16.250,77.670,305,305,0,0,0
66012,-0.227,-0.416,0.650,-0.060,0.111,-0.033,0.586,0.384,-0.532,0.476,0.000,-0.011,0,4581,40,-40,29,16.250,77.670,305,305,0,0,0
66112,-0.206,-0.463,0.970,-0.040,0.231,-0.087,0.593,0.380,-0.528,0.475,0.000,-0.013,0,4044,44,-45,29,16.250,77.670,305,305,0,0,0
66212,-0.126,-0.553,0.880,-0.010,0.030,-0.346,0.607,0.377,-0.515,0.474,0.000,-0.016,1418,0,34,-37,29,16.250,77.670,305,305,0,0,0
66312,-0.021,-0.469,0.470,-0.087,-0.401,-0.212,0.605,0.391,-0.519,0.460,0.000,-0.010,0,2410,27,-23,30,16.240,77.630,305,305,0,0,0
66412,-0.031,-0.358,0.740,-0.052,-0.436,0.268,0.598,0.395,-0.533,0.450,0.000,-0.006,0,6183,22,-25,30,16.240,77.630,305,305,0,0,0
66512,-0.210,-0.244,0.770,0.018,-0.491,0.518,0.578,0.390,-0.554,0.454,0.000,-0.004,0,7268,16,-21,30,16.240,77.630,305,305,0,0,0
66612,-0.253,-0.139,0.620,-0.049,-0.068,-0.072,0.567,0.393,-0.567,0.449,0.000,-0.002,0,3879,32,-33,30,16.240,77.630,305,305,0,0,0
66712,-0.237,-0.157,-0.580,0.159,0.048,-0.100,0.568,0.395,-0.564,0.451,0.000,-0.003,0,4104,26,-39,30,16.230,77.630,305,305,0,0,0
66812,-0.207,-0.164,-1.180,0.059,-0.007,-0.057,0.567,0.401,-0.558,0.454,0.000,-0.003,0,4522,30,-31,30,16.230,77.630,305,305,0,0,0
66912,-0.175,-0.139,-0.900,-0.124,-0.140,-0.093,0.568,0.404,-0.560,0.448,0.000,-0.002,0,4053,29,-21,30,16.230,77.630,305,305,0,0,0
67012,-0.174,-0.077,-1.310,-0.057,-0.231,0.110,0.565,0.404,-0.569,0.440,0.000,-0.001,0,5586,22,-24,30,16.240,77.670,305,305,0,0,0
67112,-0.149,-0.031,-1.200,0.010,0.042,-0.141,0.562,0.410,-0.572,0.436,0.000,-0.000,0,3368,31,-33,30,16.240,77.670,305,305,0,0,0
67212,-0.099,-0.069,-1.010,-0.129,0.078,-0.028,0.569,0.410,-0.566,0.433,0.000,-0.001,0,4499,34,-27,30,16.240,77.670,305,305,0,0,0
67312,-0.154,-0.107,-0.840,-0.157,0.116,0.326,0.572,0.399,-0.568,0.436,0.000,-0.001,0,6600,34,-28,30,16.240,77.670,305,305,0,0,0
67412,-0.249,-0.068,-0.270,0.039,-0.126,0.150,0.565,0.393,-0.578,0.438,0.000,-0.001,0,5499,22,-30,30,16.250,77.630,305,305,0,0,0
67512,-0.287,-0.090,-0.640,0.179,0.109,0.150,0.563,0.392,-0.576,0.445,0.000,-0.001,0,5890,27,-39,30,16.250,77.630,305,305,0,0,0
67612,-0.336,-0.105,-0.170,0.483,-0.047,0.094,0.554,0.397,-0.570,0.459,0.000,-0.002,0,5609,14,-42,30,16.250,77.630,305,305,0,0,0
67712,-0.315,-0.049,-0.180,0.637,-0.341,-0.168,0.536,0.419,-0.562,0.470,0.000,-0.001,0,3774,5,-38,29,16.250,77.630,305,305,0,0,0
67812,-0.233,-0.049,0.110,0.706,0.006,-0.064,0.525,0.443,-0.543,0.482,0.000,-0.001,0,4998,13,-47,29,16.250,77.630,305,305,0,0,0
67912,-0.251,-0.010,-0.200,0.302,-0.156,0.038,0.509,0.458,-0.537,0.492,0.000,-0.000,0,5262,21,-28,29,16.250,77.630,305,305,0,0,0
68012,-0.239,0.025,0.070,-0.163,-0.077,-0.083,0.506,0.462,-0.539,0.490,0.000,0.000,0,4313,32,-20,29,16.250,77.630,305,305,0,0,0
68112,-0.233,0.039,0.160,-0.283,0.021,0.098,0.511,0.457,-0.546,0.482,0.000,0.000,0,5696,33,-23,29,16.250,77.630,305,305,0,0,0
68212,-0.260,0.041,0.150,-0.320,0.040,0.038,0.517,0.447,-0.554,0.476,0.000,0.000,0,5153,33,-23,29,16.250,77.630,305,305,0,0,0
68312,-0.235,0.019,0.100,-0.394,0.128,-0.092,0.528,0.438,-0.558,0.467,0.000,0.000,0,4281,38,-23,29,16.250,77.630,305,305,0,0,0
68412,-0.240,-0.020,0.180,-0.516,0.143,0.080,0.542,0.422,-0.565,0.458,0.000,-0.000,0,5574,42,-21,29,16.250,77.630,305,305,0,0,0
68512,-0.305,-0.072,-0.470,-0.611,0.199,0.167,0.556,0.397,-0.575,0.451,0.000,-0.001,0,5925,43,-19,29,16.240,77.670,305,305,0,0,0
68612,-0.352,-0.070,-0.890,-0.406,0.180,0.246,0.564,0.380,-0.587,0.440,0.000,-0.001,0,6692,40,-30,29,16.240,77.670,305,305,0,0,0
68712,-0.408,-0.092,0.330,-0.332,-0.272,-0.160,0.570,0.364,-0.593,0.436,0.000,-0.002,0,3967,25,-14,29,16.240,77.670,305,305,0,0,0
68812,-0.332,-0.038,0.140,-0.134,0.079,-0.248,0.574,0.366,-0.599,0.420,0.000,-0.001,0,3628,33,-33,30,16.240,77.630,305,305,0,0,0
68912,-0.204,-0.080,-0.320,-0.133,0.149,-0.334,0.587,0.370,-0.591,0.411,0.000,-0.001,0,2720,36,-31,30,16.240,77.630,305,305,0,0,0
69012,-0.123,-0.126,-0.750,-0.196,0.183,-0.092,0.599,0.368,-0.586,0.402,0.000,-0.001,0,4300,39,-31,30,16.240,77.630,305,305,0,0,0
69112,-0.101,-0.151,-0.720,-0.152,0.048,-0.077,0.607,0.362,-0.586,0.396,0.000,-0.001,0,3920,34,-30,30,16.240,77.630,305,305,0,0,0
69212,-0.048,-0.159,-0.070,0.390,-0.078,-0.108,0.609,0.367,-0.582,0.394,0.000,-0.001,0,3442,14,-44,29,16.240,77.630,305,305,0,0,0
69312,0.055,-0.091,1.500,0.604,-0.497,-0.570,0.595,0.397,-0.572,0.401,0.000,0.000,5085,0,3,-26,29,16.240,77.630,305,305,0,0,0
69412,0.161,0.031,-0.510,-0.233,-0.057,0.097,0.583,0.421,-0.572,0.394,0.000,-0.000,0,4440,43,-17,29,16.240,77.630,305,305,0,0,0
69512,-0.037,0.030,-0.180,-0.337,-0.010,0.697,0.578,0.399,-0.588,0.401,0.000,0.000,0,7535,37,-19,29,16.240,77.630,305,305,0,0,0
69612,-0.209,0.060,0.830,-0.371,-0.032,0.072,0.575,0.376,-0.607,0.399,0.000,0.000,0,4161,34,-20,29,16.240,77.630,305,305,0,0,0
69712,-0.170,0.051,0.150,-0.213,0.250,-0.152,0.583,0.371,-0.609,0.389,0.000,0.000,0,2853,39,-32,29,16.240,77.630,305,305,0,0,0
69812,-0.139,-0.010,-0.380,-0.007,0.117,0.069,0.594,0.364,-0.605,0.386,0.000,-0.000,0,5202,28,-33,29,16.240,77.630,305,305,0,0,0
69912,-0.208,-0.012,-0.660,0.123,-0.179,0.249,0.589,0.362,-0.606,0.394,0.000,-0.000,0,6169,18,-26,29,16.240,77.630,305,305,0,0,0
70012,-0.283,0.030,0.000,0.361,-0.097,0.164,0.577,0.364,-0.610,0.402,0.000,0.000,0,5834,15,-37,29,16.240,77.630,305,305,0,0,0
70112,-0.308,0.045,-0.610,0.461,-0.172,-0.023,0.567,0.374,-0.606,0.414,0.000,0.001,0,5229,7,-35,29,16.240,77.630,305,305,0,0,0
70212,-0.336,0.085,-0.330,0.560,-0.090,-0.066,0.548,0.394,-0.599,0.431,0.000,0.001,0,4627,14,-37,29,16.240,77.630,305,305,0,0,0
70312,-0.313,0.054,0.010,0.327,0.227,0.080,0.544,0.405,-0.587,0.442,0.000,0.001,0,5872,28,-40,30,16.240,77.630,305,305,0,0,0
70412,-0.333,-0.042,-0.120,0.096,0.371,0.024,0.547,0.402,-0.575,0.455,0.000,-0.001,0,5403,38,-39,30,16.240,77.630,305,305,0,0,0
70512,-0.314,-0.138,-0.300,0.068,0.257,-0.082,0.557,0.398,-0.565,0.461,0.000,-0.003,0,4793,33,-42,30,16.240,77.630,305,305,0,0,0
70612,-0.340,-0.245,0.030,-0.067,0.351,-0.209,0.564,0.389,-0.555,0.472,0.000,-0.006,0,4141,44,-41,30,16.240,77.630,305,305,0,0,0
70712,-0.263,-0.356,0.170,-0.101,0.416,-0.163,0.581,0.383,-0.542,0.471,0.000,-0.009,0,4391,47,-45,29,16.230,77.630,305,305,0,0,0
70812,-0.224,-0.472,0.180,-0.168,0.404,-0.058,0.598,0.372,-0.531,0.471,0.000,-0.014,0,4865,51,-46,29,16.230,77.630,305,305,0,0,0
70912,-0.269,-0.576,0.100,-0.271,0.374,0.134,0.609,0.357,-0.526,0.475,0.000,-0.020,0,5959,55,-45,29,16.230,77.630,305,305,0,0,0
71012,-0.344,-0.651,-0.800,-0.274,0.191,0.092,0.618,0.339,-0.525,0.477,0.000,-0.026,0,5774,51,-43,29,16.230,77.630,305,305,0,0,0
71112,-0.358,-0.670,-0.410,-0.171,0.017,-0.119,0.625,0.329,-0.528,0.471,0.000,-0.028,0,4560,45,-44,29,16.240,77.630,305,305,0,0,0
71212,-0.316,-0.637,-0.560,-0.106,-0.189,-0.091,0.626,0.332,-0.532,0.463,0.000,-0.024,0,4926,39,-40,29,16.240,77.630,305,305,0,0,0
71312,-0.303,-0.570,0.470,0.106,-0.268,0.057,0.620,0.339,-0.538,0.459,0.000,-0.020,0,5688,32,-42,29,16.240,77.630,305,305,0,0,0
71412,-0.309,-0.476,0.160,0.154,-0.367,0.104,0.609,0.349,-0.547,0.458,0.000,-0.015,0,5882,28,-39,29,16.240,77.630,305,305,0,0,0
71512,-0.372,-0.389,0.520,0.392,-0.219,0.312,0.591,0.358,-0.554,0.465,0.000,-0.012,0,6960,25,-48,30,16.250,77.630,305,305,0,0,0
71612,-0.428,-0.385,-0.310,0.507,0.020,0.173,0.576,0.367,-0.548,0.482,0.000,-0.013,0,6255,30,-55,30,16.250,77.630,305,305,0,0,0
71712,-0.405,-0.411,-0.500,0.233,0.112,-0.044,0.572,0.376,-0.539,0.492,0.000,-0.014,0,5209,40,-50,30,16.250,77.630,305,305,0,0,0
71812,-0.426,-0.458,-0.460,0.362,0.144,0.163,0.567,0.379,-0.529,0.506,0.000,-0.018,0,6456,37,-56,30,16.250,77.630,305,305,0,0,0
71912,-0.432,-0.498,0.110,0.108,0.093,-0.133,0.564,0.381,-0.521,0.515,0.000,-0.021,0,4601,44,-47,30,16.230,77.630,305,305,0,0,0
72012,-0.333,-0.527,0.180,-0.026,0.113,-0.236,0.574,0.385,-0.514,0.509,0.000,-0.020,0,4058,47,-48,30,16.230,77.630,305,305,0,0,0
72112,-0.288,-0.557,0.000,0.052,0.111,-0.077,0.579,0.386,-0.508,0.509,0.000,-0.021,0,4916,45,-52,30,16.230,77.630,305,305,0,0,0
72212,-0.253,-0.591,0.230,-0.068,0.118,-0.089,0.585,0.384,-0.503,0.507,0.000,-0.022,0,4640,49,-50,30,16.230,77.630,305,305,0,0,0
72312,-0.212,-0.599,-0.310,-0.088,-0.044,-0.186,0.590,0.384,-0.502,0.503,0.000,-0.022,0,3554,46,-45,30,16.230,77.630,305,305,0,0,0
72412,-0.181,-0.573,0.130,-0.028,-0.109,0.010,0.591,0.387,-0.504,0.497,0.000,-0.019,0,5064,43,-47,30,16.230,77.630,305,305,0,0,0
72512,-0.200,-0.531,-0.250,-0.031,-0.176,0.067,0.586,0.389,-0.510,0.495,0.000,-0.017,0,5130,41,-43,30,16.230,77.630,305,305,0,0,0
72612,-0.200,-0.474,-0.210,-0.004,-0.210,-0.087,0.583,0.392,-0.516,0.490,0.000,-0.014,0,3990,38,-44,30,16.230,77.630,305,305,0,0,0
72712,-0.174,-0.423,0.140,0.052,-0.163,-0.060,0.580,0.397,-0.521,0.484,0.000,-0.011,0,4342,37,-46,30,16.110,76.620,1407,7716,60,466,0
72812,-0.107,-0.351,-0.400,0.044,-0.336,-0.213,0.577,0.409,-0.524,0.475,10000000.000,-0.007,0,3608,32,-37,30,16.110,76.620,1407,7716,60,466,0
72912,-0.061,-0.240,0.110,0.043,-0.402,-0.002,0.569,0.421,-0.531,0.465,25000000.000,-0.003,0,5751,29,-35,30,16.110,76.620,1407,7716,60,466,0
73012,-0.076,-0.135,-0.090,-0.002,-0.329,0.070,0.558,0.429,-0.542,0.459,45000000.000,-0.001,0,6742,31,-33,30,16.110,76.620,1407,7716,60,466,0
73112,-0.091,-0.045,-0.280,-0.044,-0.274,0.052,0.550,0.434,-0.552,0.453,60000000.000,-0.000,2981,7150,31,-32,29,16.170,77.590,562,13477,60,587,0
73212,-0.101,0.024,-0.200,-0.018,-0.173,0.064,0.544,0.437,-0.559,0.447,70000000.000,0.000,3478,7609,31,-35,29,16.170,77.590,562,13477,60,587,0
73312,-0.120,0.061,-0.210,-0.012,-0.047,0.066,0.540,0.438,-0.564,0.446,80000000.000,0.000,4131,7933,34,-36,29,16.170,77.590,562,13477,60,587,0
73412,-0.127,0.060,-0.050,-0.030,0.043,0.012,0.540,0.437,-0.565,0.445,100000000.000,0.000,5436,8394,36,-38,29,16.170,77.590,562,13477,60,587,0
73512,-0.130,0.038,-0.420,-0.001,0.106,0.012,0.542,0.435,-0.563,0.447,110000000.000,0.000,5845,8708,37,-41,30,16.160,77.460,387,15243,60,667,0
73612,-0.140,0.004,-0.360,0.000,0.126,0.051,0.544,0.432,-0.561,0.451,120000000.000,-0.000,6016,9154,38,-41,30,16.160,77.460,387,15243,60,667,0
73712,-0.169,-0.019,0.130,-0.002,0.007,0.073,0.545,0.428,-0.560,0.454,125000000.000,-0.000,6099,9370,35,-37,30,16.160,77.460,387,15243,60,667,0
73812,-0.182,-0.005,0.230,-0.011,-0.090,-0.012,0.543,0.428,-0.562,0.454,125000000.000,-0.000,6509,9090,32,-35,30,16.160,77.460,387,15243,60,667,0
73912,-0.173,0.030,-0.180,0.016,-0.142,0.006,0.540,0.431,-0.565,0.451,135000000.000,0.000,6703,9490,30,-34,29,16.140,77.460,378,15873,60,695,0
74012,-0.190,0.076,-0.210,0.004,-0.166,0.037,0.535,0.434,-0.570,0.449,140000000.000,0.000,6758,9713,29,-32,29,16.140,77.460,378,15873,60,695,0
74112,-0.187,0.119,-0.240,-0.014,-0.114,-0.040,0.531,0.437,-0.573,0.445,155000000.000,0.000,7634,9835,30,-32,29,16.140,77.460,378,15873,60,695,0
74212,-0.168,0.137,0.110,-0.002,-0.026,-0.060,0.530,0.440,-0.574,0.443,175000000.000,0.000,8330,10277,32,-35,29,16.140,77.460,378,15873,60,695,0
74312,-0.149,0.137,-0.270,-0.019,0.019,-0.028,0.531,0.441,-0.573,0.441,185000000.000,-0.000,8506,10613,33,-35,30,16.150,77.180,849,17123,92,756,0
74412,-0.146,0.125,-0.270,-0.011,0.056,0.008,0.533,0.440,-0.572,0.442,195000000.000,0.000,8716,10910,33,-36,30,16.150,77.180,849,17123,92,756,0
74512,-0.156,0.111,0.190,0.011,0.028,0.058,0.534,0.438,-0.571,0.444,210000000.000,0.000,8954,11394,32,-36,30,16.150,77.180,849,17123,92,756,0
74612,-0.161,0.113,-0.320,-0.002,-0.026,0.003,0.533,0.438,-0.572,0.444,220000000.000,0.000,9499,11609,29,-35,30,16.150,77.180,849,17123,92,756,0
74712,-0.205,0.114,-0.290,-0.111,0.041,0.228,0.529,0.436,-0.573,0.448,240000000.000,0.000,8988,12618,39,-31,29,16.140,76.700,6250,14705,334,547,0
74812,-0.269,0.093,0.100,-0.094,0.108,0.178,0.528,0.430,-0.575,0.453,245000000.000,0.001,9322,12574,39,-34,29,16.140,76.700,6250,14705,334,547,0
74912,-0.304,0.063,-0.110,-0.074,0.099,0.059,0.530,0.424,-0.575,0.457,245000000.000,0.001,9685,12296,37,-36,29,16.140,76.700,6250,14705,334,547,0
75012,-0.300,0.044,-0.050,-0.008,0.044,-0.014,0.532,0.422,-0.573,0.458,250000000.000,0.000,9972,12270,34,-37,29,16.140,76.700,6250,14705,334,547,0
75112,-0.262,0.043,-0.200,-0.017,-0.029,-0.118,0.535,0.425,-0.571,0.455,260000000.000,0.000,10557,12188,32,-34,30,16.150,77.500,10183,12165,454,548,0
75212,-0.212,0.061,-0.150,-0.008,-0.091,-0.070,0.536,0.430,-0.571,0.450,275000000.000,0.000,10784,12597,30,-33,30,16.150,77.500,10183,12165,454,548,0
75312,-0.195,0.099,-0.010,0.001,-0.156,-0.027,0.533,0.434,-0.573,0.446,285000000.000,0.000,10979,12790,27,-31,30,16.150,77.500,10183,12165,454,548,0
75412,-0.165,0.149,-0.170,-0.007,-0.168,-0.119,0.531,0.439,-0.576,0.440,290000000.000,0.000,11427,12626,26,-30,30,16.140,77.140,11415,12658,487,536,0
75512,-0.125,0.188,0.020,-0.001,-0.118,-0.032,0.529,0.444,-0.578,0.434,310000000.000,-0.001,11608,13238,27,-30,30,16.140,77.140,11415,12658,487,536,0
75612,-0.124,0.215,-0.150,0.028,-0.054,0.044,0.526,0.447,-0.580,0.432,315000000.000,-0.001,11570,13458,28,-31,30,16.140,77.140,11415,12658,487,536,0
75712,-0.137,0.216,0.010,0.026,0.037,0.041,0.525,0.446,-0.580,0.433,325000000.000,-0.001,11807,13624,29,-34,30,16.140,77.140,11415,12658,487,536,0
75812,-0.141,0.199,-0.090,0.008,0.061,0.013,0.527,0.445,-0.579,0.435,330000000.000,-0.001,11989,13648,30,-34,30,16.130,76.860,11961,13550,535,597,0
75912,-0.140,0.183,-0.290,0.020,0.037,-0.021,0.528,0.444,-0.577,0.437,330000000.000,-0.000,12089,13559,29,-33,30,16.130,76.860,11961,13550,535,597,0
76012,-0.126,0.179,-0.010,0.039,0.002,-0.033,0.529,0.445,-0.576,0.437,335000000.000,-0.000,12173,13668,28,-33,30,16.130,76.860,11961,13550,535,597,0
76112,-0.105,0.181,0.080,0.000,-0.020,-0.070,0.529,0.448,-0.574,0.435,340000000.000,-0.001,12433,13617,28,-31,30,16.130,76.860,11961,13550,535,597,0
76212,-0.093,0.188,-0.060,0.012,-0.030,0.013,0.529,0.449,-0.574,0.434,350000000.000,-0.001,12418,13993,27,-31,30,16.090,76.460,12468,13736,541,598,0
76312,-0.109,0.201,-0.020,0.026,-0.062,0.044,0.527,0.450,-0.576,0.435,360000000.000,-0.001,12568,14214,26,-30,30,16.090,76.460,12468,13736,541,598,0
76412,-0.121,0.222,0.050,0.003,-0.072,0.022,0.523,0.451,-0.578,0.435,380000000.000,-0.001,13010,14517,26,-29,30,16.090,76.460,12468,13736,541,598,0
76512,-0.132,0.241,-0.050,-0.018,-0.041,0.034,0.521,0.451,-0.580,0.434,380000000.000,-0.001,12968,14554,27,-29,30,16.110,75.530,12919,14662,544,624,0
76612,-0.129,0.240,-0.120,0.000,0.003,-0.018,0.521,0.451,-0.580,0.434,380000000.000,-0.001,13079,14455,27,-30,30,16.110,75.530,12919,14662,544,624,0
76712,-0.118,0.232,-0.040,0.026,0.031,-0.010,0.522,0.452,-0.578,0.434,390000000.000,-0.001,13247,14646,27,-31,30,16.110,75.530,12919,14662,544,624,0
76812,-0.119,0.220,0.000,0.062,0.029,0.019,0.523,0.452,-0.576,0.436,395000000.000,-0.001,13266,14799,26,-32,30,16.110,75.530,12919,14662,544,624,0
76912,-0.128,0.215,-0.280,0.054,-0.001,0.060,0.522,0.453,-0.575,0.438,395000000.000,-0.001,13167,14888,25,-31,31,16.090,75.090,13333,14792,558,636,0
77012,-0.142,0.214,-0.460,0.006,0.007,0.019,0.520,0.453,-0.575,0.440,395000000.000,-0.001,13207,14852,27,-30,31,16.090,75.090,13333,14792,558,636,0
77112,-0.153,0.212,-0.400,-0.009,0.017,0.000,0.519,0.452,-0.575,0.441,405000000.000,-0.001,13493,14931,27,-30,31,16.090,75.090,13333,14792,558,636,0
77212,-0.155,0.209,-0.410,-0.004,0.006,-0.001,0.520,0.452,-0.575,0.442,415000000.000,-0.001,13667,15106,27,-30,31,16.090,75.090,13333,14792,558,636,0
77312,-0.163,0.206,0.080,-0.010,0.000,0.034,0.520,0.451,-0.576,0.442,415000000.000,-0.000,13562,15201,26,-29,30,16.080,74.930,13698,15151,583,646,0
77412,-0.179,0.210,-0.310,0.001,-0.041,0.026,0.518,0.450,-0.577,0.443,420000000.000,-0.000,13679,15261,25,-28,30,16.080,74.930,13698,15151,583,646,0
77512,-0.191,0.225,0.210,0.047,-0.054,0.022,0.516,0.451,-0.578,0.444,430000000.000,-0.000,13838,15444,23,-29,30,16.080,74.930,13698,15151,583,646,0
77612,-0.185,0.240,-0.220,0.012,-0.068,-0.019,0.514,0.453,-0.579,0.442,430000000.000,-0.001,13915,15374,23,-27,30,16.070,74.690,14124,15243,583,671,0
77712,-0.183,0.257,-0.330,0.030,-0.053,0.006,0.512,0.454,-0.580,0.441,440000000.000,-0.001,14067,15560,23,-28,30,16.070,74.690,14124,15243,583,671,0
77812,-0.174,0.266,-0.470,-0.001,0.000,-0.014,0.512,0.456,-0.580,0.440,450000000.000,-0.001,14266,15700,25,-28,30,16.070,74.690,14124,15243,583,671,0
77912,-0.170,0.266,0.130,-0.011,0.006,-0.004,0.512,0.456,-0.580,0.440,460000000.000,-0.001,14425,15872,24,-27,30,16.070,74.690,14124,15243,583,671,0
78012,-0.170,0.272,-0.420,0.016,-0.040,0.017,0.512,0.457,-0.580,0.439,475000000.000,-0.001,14651,16135,22,-27,31,16.030,74.770,14534,15974,654,717,0
78112,-0.171,0.285,-0.440,0.033,-0.063,-0.013,0.510,0.458,-0.581,0.439,475000000.000,-0.002,14716,16076,20,-26,31,16.030,74.770,14534,15974,654,717,0
78212,-0.156,0.304,-0.020,0.000,-0.073,-0.057,0.508,0.461,-0.581,0.437,480000000.000,-0.002,14903,16059,21,-24,31,16.030,74.770,14534,15974,654,717,0
78312,-0.142,0.319,0.250,0.000,-0.017,-0.008,0.508,0.463,-0.582,0.434,485000000.000,-0.003,14886,16230,22,-26,31,16.030,74.770,14534,15974,654,717,0
78412,-0.140,0.316,0.090,-0.006,0.058,0.004,0.509,0.462,-0.582,0.434,485000000.000,-0.003,14879,16236,24,-27,31,16.060,74.770,14836,16233,664,705,0
78512,-0.142,0.291,-0.280,0.006,0.118,0.008,0.511,0.460,-0.580,0.436,485000000.000,-0.002,14881,16235,25,-29,31,16.060,74.770,14836,16233,664,705,0
78612,-0.143,0.259,-0.370,-0.010,0.089,-0.003,0.514,0.458,-0.578,0.439,495000000.000,-0.002,15066,16371,25,-28,31,16.060,74.770,14836,16233,664,705,0
78712,-0.142,0.242,0.270,-0.009,0.014,0.014,0.516,0.457,-0.576,0.440,495000000.000,-0.001,15019,16414,21,-27,31,16.040,74.650,15015,16393,664,718,0
78812,-0.149,0.251,-0.660,0.000,-0.072,0.009,0.515,0.457,-0.577,0.440,495000000.000,-0.001,15041,16394,20,-24,31,16.040,74.650,15015,16393,664,718,0
78912,-0.161,0.274,-0.050,0.003,-0.072,0.037,0.512,0.458,-0.580,0.439,500000000.000,-0.002,15054,16534,20,-24,31,16.040,74.650,15015,16393,664,718,0
79012,-0.164,0.289,-0.180,-0.001,-0.026,0.003,0.510,0.458,-0.581,0.438,510000000.000,-0.002,15281,16628,21,-25,31,16.040,74.650,15015,16393,664,718,0
79112,-0.165,0.291,-0.240,0.007,-0.008,-0.006,0.510,0.459,-0.581,0.438,520000000.000,-0.002,15456,16766,21,-24,31,16.030,74.530,15384,16778,696,740,0
79212,-0.167,0.296,-0.480,-0.001,-0.022,0.000,0.509,0.459,-0.582,0.438,520000000.000,-0.002,15439,16782,20,-24,31,16.030,74.530,15384,16778,696,740,0
79312,-0.169,0.302,-0.090,-0.006,-0.009,0.009,0.509,0.459,-0.583,0.437,520000000.000,-0.002,15410,16809,20,-24,31,16.030,74.530,15384,16778,696,740,0
79412,-0.171,0.306,-0.090,-0.010,-0.008,-0.019,0.508,0.459,-0.583,0.437,535000000.000,-0.002,15726,16962,20,-23,31,16.030,74.530,15384,16778,696,740,0
79512,-0.164,0.307,-0.100,0.007,-0.021,-0.002,0.508,0.460,-0.583,0.436,535000000.000,-0.002,15681,17003,19,-23,31,16.030,74.610,15723,17064,690,726,0
79612,-0.163,0.309,0.170,0.000,-0.004,0.014,0.508,0.460,-0.583,0.436,540000000.000,-0.002,15728,17107,19,-23,31,16.030,74.610,15723,17064,690,726,0
79712,-0.170,0.310,-0.440,0.001,0.004,0.018,0.508,0.460,-0.583,0.436,565000000.000,-0.002,16127,17462,19,-23,31,16.030,74.610,15723,17064,690,726,0
79812,-0.169,0.312,-0.140,-0.008,-0.028,-0.016,0.508,0.460,-0.584,0.436,570000000.000,-0.002,16259,17483,18,-21,31,16.030,74.610,15723,17064,690,726,0
79912,-0.162,0.328,-0.410,-0.001,-0.068,-0.009,0.506,0.461,-0.585,0.434,580000000.000,-0.003,16394,17642,16,-20,31,16.000,74.610,16447,17482,701,796,0
80012,-0.167,0.348,0.320,0.013,-0.061,0.014,0.504,0.463,-0.587,0.433,590000000.000,-0.003,16506,17820,16,-20,31,16.000,74.610,16447,17482,701,796,0
80112,-0.166,0.357,-0.150,0.017,-0.010,0.006,0.503,0.463,-0.587,0.433,590000000.000,-0.003,16518,17809,17,-21,31,16.000,74.610,16447,17482,701,796,0
80212,-0.161,0.356,-0.550,-0.002,0.028,-0.018,0.504,0.464,-0.587,0.432,595000000.000,-0.003,16646,17830,18,-21,31,16.000,74.610,16447,17482,701,796,0
80312,-0.158,0.340,-0.560,0.011,0.077,0.000,0.505,0.463,-0.585,0.434,605000000.000,-0.003,16758,18004,19,-23,31,15.970,74.570,16722,17921,744,792,0
80412,-0.157,0.319,-0.710,-0.006,0.060,0.000,0.507,0.462,-0.583,0.435,610000000.000,-0.003,16844,18063,19,-22,31,15.970,74.570,16722,17921,744,792,0
80512,-0.159,0.304,-0.350,0.000,0.050,0.003,0.509,0.460,-0.582,0.437,625000000.000,-0.002,17061,18273,19,-22,31,15.970,74.570,16722,17921,744,792,0
80612,-0.158,0.295,0.420,0.002,0.000,0.008,0.510,0.460,-0.581,0.437,625000000.000,-0.002,17051,18283,17,-21,31,15.970,74.570,16722,17921,744,792,0
80712,-0.156,0.301,-0.870,-0.002,-0.046,-0.021,0.509,0.460,-0.582,0.436,635000000.000,-0.002,17253,18367,16,-19,31,15.960,74.570,17301,18315,733,820,0
80812,-0.156,0.320,-0.590,-0.002,-0.062,-0.018,0.507,0.462,-0.583,0.435,640000000.000,-0.003,17321,18439,15,-18,31,15.960,74.570,17301,18315,733,820,0
80912,-0.145,0.337,-0.530,0.001,-0.047,-0.023,0.506,0.464,-0.584,0.434,650000000.000,-0.003,17476,18564,15,-19,31,15.960,74.570,17301,18315,733,820,0
81012,-0.144,0.351,-0.540,0.039,-0.058,0.001,0.504,0.466,-0.584,0.433,655000000.000,-0.004,17504,18671,13,-19,31,15.960,74.570,17301,18315,733,820,0
81112,-0.136,0.370,0.210,-0.020,-0.061,-0.056,0.502,0.468,-0.585,0.431,660000000.000,-0.004,17704,18616,14,-16,32,15.940,74.490,17667,18796,786,811,0
81212,-0.123,0.382,-0.540,0.010,-0.027,0.001,0.502,0.470,-0.586,0.429,670000000.000,-0.005,17726,18862,13,-18,32,15.940,74.490,17667,18796,786,811,0
81312,-0.133,0.384,0.020,0.017,-0.002,0.032,0.501,0.470,-0.586,0.430,680000000.000,-0.005,17824,19035,13,-18,32,15.940,74.490,17667,18796,786,811,0
81412,-0.141,0.384,0.310,0.024,0.002,0.023,0.500,0.469,-0.586,0.431,685000000.000,-0.005,17903,19091,13,-18,32,15.940,74.490,17667,18796,786,811,0
81512,-0.140,0.384,0.040,0.001,0.002,-0.014,0.500,0.470,-0.586,0.431,685000000.000,-0.005,17972,19027,13,-17,32,15.950,74.530,17921,19083,821,842,0
81612,-0.141,0.381,0.070,0.002,0.021,-0.003,0.500,0.469,-0.586,0.431,685000000.000,-0.004,17941,19055,13,-17,32,15.950,74.530,17921,19083,821,842,0
81712,-0.141,0.379,-0.050,0.008,-0.003,-0.001,0.500,0.470,-0.585,0.432,685000000.000,-0.004,17939,19058,12,-16,32,15.950,74.530,17921,19083,821,842,0
81812,-0.142,0.374,-0.090,-0.003,0.039,-0.001,0.501,0.469,-0.585,0.432,695000000.000,-0.004,18081,19185,14,-18,32,15.950,74.530,17921,19083,821,842,0
81912,-0.142,0.358,0.050,0.004,0.061,0.000,0.502,0.468,-0.584,0.434,705000000.000,-0.004,18216,19318,14,-18,32,15.910,74.450,18181,19230,811,876,0
82012,-0.142,0.344,-0.400,-0.012,0.041,-0.007,0.504,0.467,-0.583,0.434,705000000.000,-0.003,18230,19305,14,-17,32,15.910,74.450,18181,19230,811,876,0
82112,-0.143,0.335,-0.170,0.018,0.018,0.022,0.505,0.466,-0.582,0.435,705000000.000,-0.003,18168,19363,12,-17,32,15.910,74.450,18181,19230,811,876,0
82212,-0.147,0.336,-0.480,0.010,-0.021,0.012,0.504,0.466,-0.582,0.435,715000000.000,-0.003,18326,19472,11,-16,32,15.910,74.450,18181,19230,811,876,0
82312,-0.154,0.348,-0.030,0.003,-0.079,0.011,0.503,0.467,-0.583,0.435,720000000.000,-0.003,18390,19540,10,-13,32,15.910,74.650,18450,19569,825,869,0
82412,-0.156,0.379,0.060,0.000,-0.117,0.018,0.499,0.469,-0.586,0.433,730000000.000,-0.004,18507,19684,8,-12,32,15.910,74.650,18450,19569,825,869,0
82512,-0.163,0.403,-0.260,0.007,-0.053,0.013,0.497,0.470,-0.589,0.431,750000000.000,-0.005,18787,19926,9,-14,32,15.910,74.650,18450,19569,825,869,0
82612,-0.166,0.404,-0.510,0.011,0.030,0.026,0.496,0.470,-0.589,0.432,770000000.000,-0.005,19019,20206,11,-15,32,15.910,74.650,18450,19569,825,869,0
82712,-0.170,0.392,-0.590,-0.002,0.059,-0.002,0.497,0.469,-0.588,0.433,775000000.000,-0.004,19134,20221,12,-15,33,15.860,75.730,19157,20366,875,878,0
82812,-0.165,0.376,-0.530,-0.016,0.059,-0.030,0.499,0.468,-0.586,0.434,785000000.000,-0.004,19296,20314,12,-15,33,15.860,75.730,19157,20366,875,878,0
82912,-0.159,0.360,-0.070,-0.020,0.063,-0.030,0.501,0.467,-0.585,0.434,795000000.000,-0.004,19443,20420,12,-15,33,15.860,75.730,19157,20366,875,878,0
83012,-0.161,0.340,0.430,-0.002,0.064,0.000,0.503,0.465,-0.583,0.436,815000000.000,-0.003,19647,20712,12,-15,33,15.860,75.730,19157,20366,875,878,0
83112,-0.162,0.325,0.340,-0.002,0.024,0.007,0.505,0.464,-0.582,0.437,825000000.000,-0.003,19766,20840,11,-14,33,15.860,75.730,19157,20366,875,878,0
83212,-0.161,0.317,-0.070,-0.017,0.021,-0.009,0.506,0.463,-0.582,0.437,845000000.000,-0.003,20043,21054,11,-14,33,15.860,77.630,19685,20920,948,947,0
83312,-0.151,0.315,0.020,-0.011,-0.017,-0.032,0.507,0.463,-0.581,0.437,850000000.000,-0.003,20149,21072,10,-13,33,15.860,77.630,19685,20920,948,947,0
83412,-0.150,0.324,-0.010,0.002,-0.070,0.012,0.506,0.464,-0.582,0.436,865000000.000,-0.003,20256,21323,7,-11,33,15.860,77.630,19685,20920,948,947,0
83512,-0.151,0.355,0.150,-0.034,-0.128,0.008,0.503,0.466,-0.585,0.433,880000000.000,-0.004,20472,21468,6,-9,33,15.860,77.630,19685,20920,948,947,0
83612,-0.163,0.373,-0.370,0.008,-0.006,0.033,0.501,0.466,-0.587,0.433,890000000.000,-0.004,20534,21641,8,-13,33,15.780,80.440,20449,21413,945,1040,0
83712,-0.163,0.359,0.210,0.033,0.096,-0.021,0.502,0.466,-0.586,0.434,905000000.000,-0.004,20804,21730,10,-16,33,15.780,80.440,20449,21413,945,1040,0
83812,-0.152,0.323,-0.230,0.006,0.162,0.000,0.506,0.464,-0.582,0.437,920000000.000,-0.003,20943,21940,12,-17,33,15.780,80.440,20449,21413,945,1040,0
83912,-0.156,0.293,-0.340,0.003,0.043,0.041,0.508,0.462,-0.579,0.439,935000000.000,-0.002,21060,22169,9,-13,33,15.780,80.440,20449,21413,945,1040,0
84012,-0.176,0.304,-0.150,0.008,-0.107,0.063,0.506,0.461,-0.581,0.439,945000000.000,-0.002,21138,22320,5,-9,33,15.760,81.770,21186,22123,957,1056,0
84112,-0.177,0.344,-0.280,-0.022,-0.131,-0.034,0.502,0.464,-0.585,0.436,945000000.000,-0.003,21296,22170,5,-8,33,15.760,81.770,21186,22123,957,1056,0
84212,-0.163,0.364,-0.480,0.019,-0.013,-0.030,0.501,0.466,-0.586,0.434,945000000.000,-0.004,21273,22191,7,-12,33,15.760,81.770,21186,22123,957,1056,0
84312,-0.158,0.356,-0.340,0.026,0.060,0.007,0.502,0.467,-0.584,0.435,950000000.000,-0.004,21275,22302,8,-13,33,15.760,81.770,21186,22123,957,1056,0
84412,-0.171,0.329,-0.120,0.009,0.117,0.037,0.503,0.464,-0.583,0.438,955000000.000,-0.003,21293,22397,10,-14,34,15.750,81.850,21276,22371,976,1021,0
84512,-0.183,0.303,-0.040,0.008,0.062,0.029,0.505,0.461,-0.581,0.441,970000000.000,-0.002,21473,22559,8,-13,34,15.750,81.850,21276,22371,976,1021,0
84612,-0.187,0.289,0.240,0.001,0.029,0.022,0.507,0.460,-0.580,0.442,985000000.000,-0.002,21645,22727,8,-12,34,15.750,81.850,21276,22371,976,1021,0
84712,-0.190,0.285,-0.120,-0.013,-0.007,-0.018,0.507,0.459,-0.580,0.442,985000000.000,-0.002,21714,22661,7,-11,34,15.750,81.850,21276,22371,976,1021,0
84812,-0.181,0.292,-0.010,0.000,-0.036,-0.036,0.507,0.460,-0.581,0.441,990000000.000,-0.002,21797,22691,6,-10,34,15.710,81.930,21459,22935,1071,985,0
84912,-0.171,0.313,-0.190,0.008,-0.092,-0.028,0.505,0.462,-0.582,0.439,1000000000.000,-0.002,21902,22810,4,-8,34,15.710,81.930,21459,22935,1071,985,0
85012,-0.167,0.342,-0.320,0.000,-0.096,0.010,0.503,0.465,-0.584,0.436,1010000000.000,-0.003,21959,22974,3,-7,34,15.710,81.930,21459,22935,1071,985,0
85112,-0.171,0.362,-0.560,-0.009,-0.052,0.037,0.501,0.466,-0.586,0.435,1035000000.000,-0.003,22218,23267,4,-8,34,15.710,81.930,21459,22935,1071,985,0
85212,-0.187,0.371,-0.210,0.014,-0.013,0.042,0.499,0.465,-0.588,0.435,1045000000.000,-0.003,22309,23394,4,-9,34,15.660,81.970,22321,23584,1028,1027,0
85312,-0.194,0.369,0.360,-0.002,0.030,-0.003,0.499,0.465,-0.588,0.436,1060000000.000,-0.003,22541,23493,5,-9,34,15.660,81.970,22321,23584,1028,1027,0
85412,-0.196,0.357,-0.010,0.010,0.046,0.002,0.500,0.464,-0.587,0.437,1065000000.000,-0.003,22578,23563,5,-10,34,15.660,81.970,22321,23584,1028,1027,0
85512,-0.192,0.347,-0.120,-0.001,0.024,-0.030,0.501,0.463,-0.586,0.437,1080000000.000,-0.003,22783,23684,5,-8,34,15.660,81.970,22321,23584,1028,1027,0
85612,-0.189,0.342,0.570,-0.004,0.013,0.000,0.502,0.463,-0.585,0.437,1080000000.000,-0.003,22741,23724,4,-8,34,15.660,81.770,22831,23752,1053,1094,0
85712,-0.189,0.345,-0.480,0.000,-0.031,-0.008,0.501,0.463,-0.586,0.437,1084999936.000,-0.003,22812,23762,3,-7,34,15.660,81.770,22831,23752,1053,1094,0
85812,-0.182,0.363,-0.180,-0.022,-0.051,-0.017,0.500,0.465,-0.587,0.435,1099999744.000,-0.003,22992,23903,3,-5,34,15.660,81.770,22831,23752,1053,1094,0
85912,-0.182,0.365,-0.520,-0.029,0.033,0.009,0.500,0.464,-0.588,0.434,1119999488.000,-0.003,23173,24146,5,-7,34,15.660,81.770,22831,23752,1053,1094,0
86012,-0.199,0.346,0.010,0.010,0.084,0.049,0.501,0.462,-0.587,0.437,1129999360.000,-0.003,23219,24308,5,-10,34,15.580,81.570,23148,24096,1099,1143,0
86112,-0.210,0.323,-0.920,0.003,0.069,-0.006,0.502,0.460,-0.585,0.440,1129999360.000,-0.002,23300,24230,5,-8,34,15.580,81.570,23148,24096,1099,1143,0
86212,-0.202,0.305,-0.060,-0.030,0.058,-0.031,0.505,0.459,-0.583,0.441,1134999296.000,-0.002,23416,24325,5,-8,34,15.580,81.570,23148,24096,1099,1143,0
86312,-0.200,0.299,-0.220,0.017,-0.017,0.002,0.505,0.459,-0.582,0.441,1154999040.000,-0.002,23543,24510,2,-7,35,15.560,81.210,23364,24449,1120,1141,0
86412,-0.194,0.313,-0.240,-0.023,-0.064,-0.017,0.505,0.460,-0.584,0.439,1154999040.000,-0.002,23575,24479,2,-4,35,15.560,81.210,23364,24449,1120,1141,0
86512,-0.194,0.330,-0.670,-0.002,-0.029,-0.011,0.503,0.461,-0.585,0.438,1154999040.000,-0.002,23571,24483,3,-6,35,15.560,81.210,23364,24449,1120,1141,0
86612,-0.187,0.319,0.110,-0.003,0.103,-0.013,0.505,0.461,-0.584,0.438,1154999040.000,-0.002,23572,24481,6,-10,35,15.560,81.210,23364,24449,1120,1141,0
86712,-0.193,0.280,-0.590,0.004,0.150,0.028,0.508,0.458,-0.581,0.442,1154999040.000,-0.001,23512,24540,7,-11,35,15.560,81.010,23584,24570,1110,1124,0
86812,-0.201,0.242,0.240,-0.001,0.107,0.002,0.511,0.455,-0.578,0.446,1169998848.000,-0.001,23714,24651,6,-9,35,15.560,81.010,23584,24570,1110,1124,0
86912,-0.196,0.217,-0.510,-0.008,0.051,-0.022,0.514,0.453,-0.575,0.447,1174998784.000,-0.000,23791,24678,5,-8,35,15.560,81.010,23584,24570,1110,1124,0
87012,-0.190,0.213,0.190,0.004,0.000,-0.011,0.515,0.453,-0.575,0.447,1174998784.000,-0.000,23778,24690,3,-8,35,15.530,80.520,23923,24752,1088,1145,0
87112,-0.189,0.213,-0.160,0.013,-0.004,-0.011,0.514,0.453,-0.575,0.447,1174998784.000,-0.000,23783,24685,3,-8,35,15.530,80.520,23923,24752,1088,1145,0
87212,-0.184,0.218,0.050,0.007,-0.021,-0.017,0.514,0.454,-0.574,0.447,1174998784.000,-0.000,23793,24679,4,-6,35,15.530,80.520,23923,24752,1088,1145,0
87312,-0.185,0.227,0.950,0.010,-0.070,0.023,0.513,0.455,-0.575,0.446,1174998784.000,-0.001,23732,24735,1,-5,35,15.530,80.520,23923,24752,1088,1145,0
87412,-0.182,0.244,-0.580,-0.004,-0.067,0.011,0.512,0.456,-0.577,0.444,1174998784.000,-0.001,23750,24717,1,-5,36,15.550,80.160,23809,24752,1128,1131,0
87512,-0.192,0.266,-0.720,0.019,-0.094,0.032,0.509,0.457,-0.579,0.443,1184998656.000,-0.001,23831,24841,-1,-4,36,15.550,80.160,23809,24752,1128,1131,0
87612,-0.191,0.292,0.370,0.009,-0.053,-0.053,0.506,0.459,-0.581,0.441,1204998400.000,-0.002,24163,24923,0,-5,36,15.550,80.160,23809,24752,1128,1131,0
87712,-0.168,0.295,0.340,-0.002,0.039,-0.050,0.508,0.461,-0.580,0.439,1219998208.000,-0.002,24308,25083,2,-7,36,15.550,80.160,23809,24752,1128,1131,0
87812,-0.167,0.272,-0.480,0.023,0.106,0.029,0.510,0.460,-0.578,0.441,1219998208.000,-0.001,24205,25182,3,-9,36,15.470,79.280,24330,25510,1136,1097,0
87912,-0.177,0.238,0.430,0.007,0.121,0.036,0.513,0.456,-0.575,0.445,1219998208.000,-0.001,24199,25187,5,-8,36,15.470,79.280,24330,25510,1136,1097,0
88012,-0.187,0.208,-0.420,-0.022,0.077,0.027,0.515,0.453,-0.574,0.447,1219998208.000,-0.000,24208,25178,4,-7,36,15.470,79.280,24330,25510,1136,1097,0
88112,-0.213,0.190,0.980,-0.039,0.051,0.026,0.515,0.450,-0.573,0.451,1219998208.000,0.000,24213,25174,5,-6,36,15.490,79.400,24096,25252,1172,1171,0
88212,-0.222,0.176,-0.170,0.009,0.033,0.021,0.516,0.448,-0.573,0.452,1219998208.000,0.000,24194,25192,3,-7,36,15.490,79.400,24096,25252,1172,1171,0
88312,-0.227,0.171,0.180,-0.037,-0.008,-0.034,0.517,0.447,-0.573,0.452,1219998208.000,0.000,24271,25118,4,-5,36,15.490,79.400,24096,25252,1172,1171,0
88412,-0.207,0.177,-0.350,0.007,-0.017,-0.062,0.518,0.448,-0.573,0.450,1219998208.000,0.000,24299,25091,2,-7,36,15.490,79.400,24096,25252,1172,1171,0
88512,-0.183,0.188,0.520,-0.016,-0.064,-0.069,0.518,0.451,-0.573,0.448,1219998208.000,-0.000,24319,25072,1,-3,36,15.490,79.240,24213,25188,1177,1160,0
88612,-0.172,0.213,0.200,-0.007,-0.092,-0.006,0.516,0.453,-0.574,0.445,1219998208.000,-0.001,24236,25152,0,-2,36,15.490,79.240,24213,25188,1177,1160,0
88712,-0.182,0.240,-0.250,0.031,-0.101,0.021,0.513,0.455,-0.577,0.444,1224998144.000,-0.001,24272,25216,-3,-3,36,15.490,79.240,24213,25188,1177,1160,0
88812,-0.178,0.261,-0.220,0.004,-0.008,-0.026,0.511,0.457,-0.578,0.443,1234998016.000,-0.001,24436,25256,1,-4,36,15.490,79.240,24213,25188,1177,1160,0
88912,-0.174,0.258,0.560,0.008,0.012,-0.003,0.511,0.458,-0.578,0.443,1234998016.000,-0.001,24397,25294,-1,-4,36,15.480,78.950,24390,25316,1164,1185,0
89012,-0.174,0.261,-0.370,0.000,-0.033,0.014,0.510,0.458,-0.578,0.443,1234998016.000,-0.001,24381,25309,-1,-2,36,15.480,78.950,24390,25316,1164,1185,0
89112,-0.182,0.275,-0.730,0.012,-0.079,0.028,0.508,0.459,-0.579,0.442,1234998016.000,-0.001,24362,25328,-3,-1,36,15.480,78.950,24390,25316,1164,1185,0
89212,-0.195,0.304,-1.070,-0.011,-0.109,0.016,0.505,0.460,-0.582,0.441,1234998016.000,-0.002,24380,25311,-4,1,36,15.480,78.950,24390,25316,1164,1185,0
89312,-0.191,0.309,0.710,-0.033,0.094,-0.024,0.505,0.461,-0.583,0.440,1234998016.000,-0.002,24427,25265,3,-4,36,15.480,78.950,24154,25445,1223,1150,0
89412,-0.184,0.258,1.490,-0.004,0.229,0.023,0.511,0.456,-0.578,0.443,1234998016.000,-0.001,24349,25340,5,-9,36,15.480,78.950,24154,25445,1223,1150,0
89512,-0.191,0.197,0.440,0.003,0.158,0.038,0.516,0.451,-0.574,0.448,1234998016.000,-0.000,24335,25353,3,-7,36,15.480,78.950,24154,25445,1223,1150,0
89612,-0.202,0.161,-0.790,0.037,0.062,0.007,0.519,0.448,-0.571,0.451,1234998016.000,0.000,24382,25309,0,-7,36,15.480,78.950,24154,25445,1223,1150,0
89712,-0.201,0.163,0.170,-0.009,-0.060,-0.028,0.519,0.448,-0.571,0.451,1239997952.000,0.000,24476,25317,-1,-2,37,15.460,78.750,24330,25773,1180,1153,0
89812,-0.192,0.186,0.470,-0.008,-0.079,-0.024,0.517,0.451,-0.573,0.449,1259997696.000,-0.000,24674,25518,-2,-2,37,15.460,78.750,24330,25773,1180,1153,0
89912,-0.187,0.210,0.000,-0.018,-0.083,-0.011,0.516,0.452,-0.575,0.446,1259997696.000,-0.000,24659,25533,-2,-1,37,15.460,78.750,24330,25773,1180,1153,0
90012,-0.188,0.234,-1.210,-0.011,-0.059,-0.014,0.513,0.454,-0.577,0.445,1259997696.000,-0.001,24674,25518,-2,-1,37,15.460,78.750,24330,25773,1180,1153,0
90112,-0.187,0.236,0.240,-0.001,0.051,0.006,0.513,0.454,-0.577,0.444,1259997696.000,-0.001,24636,25555,0,-4,37,15.390,78.830,24509,25906,1215,1119,0
90212,-0.193,0.212,0.860,0.006,0.107,0.024,0.515,0.452,-0.576,0.446,1259997696.000,-0.000,24613,25578,2,-6,37,15.390,78.830,24509,25906,1215,1119,0
90312,-0.198,0.181,-0.190,-0.018,0.103,0.023,0.518,0.449,-0.573,0.449,1269997568.000,-0.000,24711,25678,2,-5,37,15.390,78.830,24509,25906,1215,1119,0
90412,-0.205,0.152,-2.400,-0.020,0.088,0.027,0.521,0.445,-0.572,0.451,1274997504.000,0.000,24753,25734,2,-5,37,15.390,78.830,24509,25906,1215,1119,0
90512,-0.209,0.139,-0.360,-0.002,-0.020,0.013,0.522,0.444,-0.571,0.452,1274997504.000,0.000,24766,25723,-1,-3,38,15.400,78.790,25000,25706,1126,1224,0
90612,-0.210,0.152,-1.580,0.003,-0.050,-0.037,0.521,0.445,-0.572,0.451,1274997504.000,0.000,24837,25654,-2,-2,38,15.400,78.790,25000,25706,1126,1224,0
90712,-0.202,0.163,-0.280,-0.023,0.000,0.011,0.521,0.446,-0.573,0.449,1274997504.000,0.000,24759,25729,1,-3,38,15.400,78.790,25000,25706,1126,1224,0
90812,-0.203,0.155,-1.790,0.000,0.063,-0.014,0.521,0.445,-0.572,0.450,1274997504.000,0.000,24809,25681,1,-5,38,15.400,78.790,25000,25706,1126,1224,0
90912,-0.190,0.134,-0.130,-0.023,0.086,-0.036,0.524,0.445,-0.570,0.451,1274997504.000,0.000,24837,25654,3,-5,38,15.390,78.830,24752,25445,1212,1265,0
91012,-0.170,0.107,-0.560,-0.053,0.082,-0.068,0.528,0.443,-0.567,0.451,1274997504.000,0.000,24893,25599,4,-4,38,15.390,78.830,24752,25445,1212,1265,0
91112,-0.159,0.108,0.960,0.009,-0.120,0.010,0.529,0.444,-0.566,0.450,1274997504.000,0.000,24790,25700,-4,0,38,15.390,78.830,24752,25445,1212,1265,0
91212,-0.169,0.154,-1.450,-0.019,-0.158,-0.002,0.524,0.447,-0.571,0.447,1274997504.000,0.000,24826,25664,-4,2,38,15.390,78.830,24752,25445,1212,1265,0
91312,-0.170,0.174,-0.440,0.001,0.011,0.017,0.522,0.448,-0.573,0.445,1274997504.000,-0.000,24794,25695,0,-5,38,15.360,78.590,24937,25906,1157,1174,0
91412,-0.170,0.146,-1.390,0.030,0.134,-0.022,0.525,0.446,-0.570,0.448,1274997504.000,0.000,24850,25641,2,-8,38,15.360,78.590,24937,25906,1157,1174,0
91512,-0.154,0.110,1.000,-0.046,0.113,-0.071,0.529,0.445,-0.566,0.449,1274997504.000,0.000,24922,25571,4,-4,38,15.360,78.590,24937,25906,1157,1174,0
91612,-0.136,0.089,-0.350,0.006,0.037,-0.007,0.532,0.444,-0.564,0.449,1274997504.000,0.000,24818,25673,-1,-5,38,15.360,78.590,24937,25906,1157,1174,0
91712,-0.150,0.097,-0.580,0.023,-0.082,0.069,0.530,0.444,-0.565,0.450,1274997504.000,0.000,24731,25757,-3,-2,38,15.360,78.670,24570,25575,1233,1265,0
91812,-0.177,0.124,-0.650,-0.003,-0.106,0.017,0.526,0.445,-0.568,0.451,1284997376.000,0.000,24920,25768,-3,0,38,15.360,78.670,24570,25575,1233,1265,0
91913,-0.186,0.161,0.190,0.009,-0.136,0.044,0.522,0.447,-0.572,0.448,1284997376.000,0.000,24849,25836,-5,1,38,15.360,78.670,24570,25575,1233,1265,0
92013,-0.202,0.202,1.650,0.011,-0.148,0.028,0.517,0.449,-0.576,0.446,1284997376.000,-0.000,24869,25818,-6,2,38,15.360,78.670,24570,25575,1233,1265,0
92113,-0.210,0.235,-0.450,0.001,-0.057,0.014,0.513,0.451,-0.580,0.444,1284997376.000,-0.000,24874,25813,-4,0,38,15.370,78.310,24630,25974,1250,1189,0
92213,-0.210,0.227,-0.290,0.037,0.093,0.026,0.514,0.451,-0.579,0.445,1284997376.000,-0.000,24841,25844,-1,-5,38,15.370,78.310,24630,25974,1250,1189,0
92313,-0.201,0.183,-0.560,-0.027,0.200,-0.041,0.518,0.448,-0.574,0.448,1284997376.000,0.000,24926,25763,4,-6,38,15.370,78.310,24630,25974,1250,1189,0
92413,-0.204,0.125,-1.530,-0.007,0.182,-0.002,0.524,0.443,-0.569,0.453,1284997376.000,0.000,24895,25792,3,-6,38,15.370,78.310,24630,25974,1250,1189,0
92513,-0.202,0.096,0.150,-0.009,0.039,0.004,0.527,0.441,-0.567,0.454,1289997312.000,0.000,24930,25855,-1,-3,38,15.370,78.310,24630,25974,1250,1189,0
92612,-0.199,0.104,1.080,-0.008,-0.089,-0.027,0.527,0.441,-0.568,0.453,1294997248.000,0.000,25030,25856,-4,1,39,15.310,78.430,24752,25906,1241,1225,0
92713,-0.197,0.137,0.310,-0.004,-0.077,0.014,0.524,0.444,-0.571,0.450,1294997248.000,0.000,24967,25916,-4,0,39,15.310,78.430,24752,25906,1241,1225,0
92813,-0.206,0.151,-1.210,0.013,-0.023,0.017,0.522,0.444,-0.573,0.450,1294997248.000,0.000,24971,25912,-3,-2,39,15.310,78.430,24752,25906,1241,1225,0
92912,-0.205,0.151,-0.740,0.017,0.014,-0.016,0.522,0.445,-0.572,0.450,1294997248.000,0.000,25010,25874,-2,-2,39,15.310,78.430,24752,25906,1241,1225,0
93012,-0.199,0.136,0.670,0.013,0.074,0.000,0.523,0.445,-0.570,0.451,1294997248.000,0.000,24980,25903,-1,-5,39,15.360,78.350,25125,26041,1176,1188,0
93112,-0.198,0.115,1.200,0.010,0.056,0.007,0.525,0.443,-0.568,0.453,1294997248.000,0.000,24978,25905,-1,-3,39,15.360,78.350,25125,26041,1176,1188,0
93212,-0.203,0.112,-1.290,-0.018,-0.010,0.002,0.525,0.443,-0.568,0.454,1294997248.000,0.000,24990,25894,-2,-1,39,15.360,78.350,25125,26041,1176,1188,0
93312,-0.208,0.123,-0.730,0.001,-0.043,0.018,0.524,0.443,-0.569,0.453,1294997248.000,0.000,24979,25905,-3,0,39,15.360,78.350,25125,26041,1176,1188,0
93412,-0.202,0.126,0.500,-0.030,0.011,-0.054,0.524,0.443,-0.570,0.452,1294997248.000,0.000,25071,25815,-1,-1,40,15.350,77.990,24875,25974,1229,1210,0
93512,-0.193,0.121,-0.410,-0.008,0.027,0.006,0.526,0.443,-0.569,0.451,1304997120.000,0.000,25077,26003,-2,-2,40,15.350,77.990,24875,25974,1229,1210,0
93612,-0.193,0.116,0.520,-0.014,0.013,0.001,0.526,0.442,-0.569,0.451,1314996992.000,0.000,25195,26081,-2,-1,40,15.350,77.990,24875,25974,1229,1210,0
93712,-0.186,0.116,-1.360,-0.067,0.003,-0.032,0.528,0.441,-0.570,0.450,1314996992.000,0.000,25244,26034,0,1,40,15.350,77.990,24875,25974,1229,1210,0
93812,-0.181,0.127,-0.230,-0.029,-0.097,0.026,0.527,0.442,-0.571,0.448,1314996992.000,0.000,25156,26119,-5,3,40,15.270,77.710,25252,26178,1210,1219,0
93912,-0.194,0.164,0.000,0.004,-0.138,0.058,0.523,0.444,-0.575,0.446,1314996992.000,0.000,25118,26155,-7,3,40,15.270,77.710,25252,26178,1210,1219,0
94012,-0.217,0.211,0.070,-0.060,-0.176,0.031,0.518,0.445,-0.581,0.443,1314996992.000,-0.000,25147,26127,-7,7,40,15.270,77.710,25252,26178,1210,1219,0
94112,-0.240,0.236,1.140,-0.028,0.021,0.040,0.515,0.444,-0.585,0.442,1314996992.000,-0.000,25134,26140,-3,0,40,15.270,77.710,25252,26178,1210,1219,0
94212,-0.244,0.206,0.900,-0.037,0.137,-0.008,0.518,0.441,-0.583,0.444,1324996864.000,0.000,25276,26194,0,-2,40,15.280,77.380,25188,26246,1212,1241,0
94312,-0.231,0.183,1.000,-0.010,0.012,-0.070,0.521,0.440,-0.581,0.445,1344996608.000,0.000,25557,26303,-5,2,40,15.280,77.380,25188,26246,1212,1241,0
94412,-0.210,0.184,0.470,0.017,-0.013,-0.031,0.522,0.442,-0.579,0.443,1354996480.000,0.000,25595,26456,-6,1,40,15.280,77.380,25188,26246,1212,1241,0
94512,-0.202,0.195,-0.970,0.028,-0.073,-0.007,0.521,0.444,-0.579,0.443,1354996480.000,-0.000,25575,26475,-8,3,40,15.280,77.380,25188,26246,1212,1241,0
94612,-0.193,0.213,-0.590,-0.010,-0.014,-0.021,0.520,0.445,-0.581,0.441,1354996480.000,-0.000,25606,26445,-5,2,40,15.260,77.060,25641,26737,1221,1204,0
94712,-0.187,0.201,0.490,0.050,0.088,0.008,0.521,0.445,-0.579,0.441,1354996480.000,-0.000,25555,26494,-4,-3,40,15.260,77.060,25641,26737,1221,1204,0
94812,-0.190,0.163,-0.030,-0.012,0.144,-0.001,0.524,0.443,-0.576,0.445,1354996480.000,0.000,25593,26458,0,-2,40,15.260,77.060,25641,26737,1221,1204,0
94912,-0.183,0.125,-0.510,0.031,0.104,0.013,0.529,0.440,-0.572,0.447,1354996480.000,0.000,25566,26484,-3,-3,41,15.210,76.540,25445,26041,1273,1386,0
95012,-0.199,0.112,0.180,-0.057,-0.018,0.034,0.529,0.438,-0.572,0.449,1354996480.000,0.000,25595,26455,-4,4,41,15.210,76.540,25445,26041,1273,1386,0
95112,-0.180,0.131,0.690,0.166,-0.122,-0.113,0.527,0.443,-0.571,0.448,1354996480.000,0.000,25754,26301,-13,-1,41,15.210,76.540,25445,26041,1273,1386,0
95212,-0.130,0.167,0.430,-0.417,-0.116,-0.109,0.529,0.445,-0.574,0.438,1354996480.000,-0.000,25746,26308,6,18,41,15.210,76.540,25445,26041,1273,1386,0
95312,-0.077,0.194,0.370,-0.342,-0.034,-0.106,0.538,0.440,-0.582,0.423,1354996480.000,-0.001,25781,26274,1,9,41,15.240,76.180,25575,26455,1300,1228,0
95412,-0.035,0.198,-0.480,-0.293,0.017,-0.076,0.546,0.434,-0.587,0.411,1354996480.000,-0.001,25782,26274,0,8,41,15.240,76.180,25575,26455,1300,1228,0
95512,-0.012,0.182,-1.410,-0.283,0.021,-0.014,0.554,0.427,-0.590,0.403,1354996480.000,-0.001,25727,26327,0,8,41,15.240,76.180,25575,26455,1300,1228,0
95612,-0.015,0.181,-0.190,-0.262,-0.006,0.054,0.560,0.418,-0.596,0.396,1359996416.000,-0.001,25705,26443,-1,8,41,15.240,76.180,25575,26455,1300,1228,0
95712,-0.040,0.186,0.100,-0.214,-0.018,0.094,0.562,0.410,-0.603,0.391,1379996160.000,-0.001,25844,26689,-2,7,41,15.250,76.020,25773,26455,1238,1291,0
95812,-0.073,0.171,0.400,-0.300,0.118,0.091,0.567,0.399,-0.608,0.387,1379996160.000,-0.001,25842,26687,5,7,41,15.250,76.020,25773,26455,1238,1291,0
95912,-0.098,0.124,-0.290,-0.316,0.207,0.073,0.577,0.384,-0.611,0.383,1384996096.000,-0.000,25891,26733,8,4,41,15.250,76.020,25773,26455,1238,1291,0
96012,-0.112,0.069,0.480,-0.314,0.149,0.038,0.587,0.371,-0.612,0.379,1409995776.000,0.000,26157,26941,6,5,41,15.160,75.770,26315,27173,1225,1231,0
96112,-0.127,0.046,0.960,-0.361,0.072,0.042,0.595,0.357,-0.616,0.371,1619995648.000,0.000,28072,28844,6,7,41,15.160,75.770,26315,27173,1225,1231,0
96212,-0.122,0.042,1.000,-0.329,0.010,-0.041,0.603,0.346,-0.622,0.360,1624995584.000,0.000,28214,28792,4,7,41,15.160,75.770,26315,27173,1225,1231,0
96312,-0.113,0.048,1.050,-0.349,-0.022,0.003,0.608,0.338,-0.627,0.350,1454015232.000,0.000,26587,27334,5,10,41,15.160,75.770,26315,27173,1225,1231,0
96412,-0.103,0.045,-1.380,-0.230,0.058,-0.012,0.613,0.331,-0.631,0.342,1424995584.000,0.000,26330,27050,3,3,41,15.200,75.690,26385,27173,1298,1315,0
96512,-0.116,0.165,0.390,-0.228,0.093,0.074,0.617,0.323,-0.632,0.339,1424995584.000,0.001,26229,27148,2,9,41,15.200,75.690,26385,27173,1298,1315,0
96612,-0.145,0.753,-0.250,-0.290,0.168,0.064,0.623,0.311,-0.635,0.334,1424995584.000,0.005,26244,27133,-10,24,41,15.200,75.690,26385,27173,1298,1315,0
96712,-0.298,0.649,-1.040,-0.183,0.621,-0.013,0.638,0.297,-0.628,0.333,1424995584.000,0.000,26108,27245,6,1,42,15.150,75.410,26041,27100,1294,1366,0
96812,-0.280,0.472,-0.200,-0.347,0.552,-0.168,0.662,0.279,-0.612,0.330,1424995584.000,-0.002,26387,26995,9,7,42,15.150,75.410,26041,27100,1294,1366,0
96912,-0.135,0.302,0.860,-0.188,0.281,-0.169,0.680,0.271,-0.600,0.323,1424995584.000,-0.004,26485,26898,1,6,42,15.150,75.410,26041,27100,1294,1366,0
97012,0.374,0.157,0.740,-0.316,0.220,-0.017,0.693,0.262,-0.594,0.315,1424995584.000,-0.003,26918,26466,10,7,42,15.150,75.410,26041,27100,1294,1366,0
97112,0.345,-0.167,-0.510,-0.352,0.039,0.261,0.699,0.246,-0.594,0.312,1424995584.000,-0.011,26379,27002,11,6,42,15.120,75.370,26595,26809,1279,1319,0
97212,-0.141,-0.453,-0.100,-0.412,-0.524,0.024,0.696,0.225,-0.611,0.303,1424995584.000,-0.011,26331,27050,0,14,42,15.120,75.370,26595,26809,1279,1319,0
97312,0.333,-0.371,-1.870,0.116,-0.741,0.227,0.674,0.235,-0.634,0.298,1424995584.000,-0.015,26563,26822,-15,9,42,15.120,75.370,26595,26809,1279,1319,0
97412,0.281,-0.190,0.370,-0.537,-0.463,0.391,0.654,0.224,-0.661,0.292,1424995584.000,-0.008,26254,27124,6,21,42,15.120,75.370,26595,26809,1279,1319,0
97512,-0.503,0.076,-1.130,-0.504,-0.390,0.073,0.638,0.206,-0.686,0.283,1424995584.000,0.001,25931,27433,1,25,43,15.040,75.250,25445,28169,1244,1346,0
97612,-0.457,0.147,1.100,0.081,-0.069,-0.198,0.634,0.207,-0.694,0.271,1424995584.000,0.002,26296,27083,-9,0,43,15.040,75.250,25445,28169,1244,1346,0
97712,-0.371,0.185,0.790,-0.290,-0.162,-0.238,0.634,0.213,-0.697,0.260,1424995584.000,0.002,26374,27007,0,20,43,15.040,75.250,25445,28169,1244,1346,0
97812,-0.263,0.603,-1.630,-0.131,0.124,-0.272,0.638,0.215,-0.698,0.244,1424995584.000,0.006,26480,26904,-11,18,43,15.040,75.250,25445,28169,1244,1346,0
97912,-0.152,0.672,0.540,-0.186,0.328,-0.272,0.649,0.218,-0.691,0.232,1424995584.000,0.004,26555,26830,-2,15,43,15.110,75.250,26737,27027,1245,1268,0
98012,0.157,0.359,-0.920,-0.130,0.503,-0.058,0.668,0.214,-0.677,0.225,1424995584.000,0.004,26571,26814,8,1,43,15.110,75.250,26737,27027,1245,1268,0
98112,0.160,0.411,0.850,-0.382,0.263,0.017,0.683,0.202,-0.666,0.220,1424995584.000,0.005,26529,26861,2,18,43,15.110,75.250,26737,27027,1245,1268,0
98212,0.209,0.365,0.000,-0.114,0.290,0.084,0.694,0.188,-0.661,0.215,1424995584.000,0.005,26535,26850,-2,6,43,15.110,75.250,26737,27027,1245,1268,0
98312,0.414,0.282,-1.080,-0.144,0.246,0.223,0.702,0.178,-0.653,0.220,1424995584.000,0.007,26643,26742,3,10,43,15.120,75.330,26666,26666,1287,1331,0
98412,0.369,0.071,0.310,-0.338,0.072,0.407,0.705,0.162,-0.652,0.229,1424995584.000,0.001,26347,27034,15,19,43,15.120,75.330,26666,26666,1287,1331,0
98512,-0.260,-0.212,-0.640,-0.184,-0.063,0.224,0.705,0.140,-0.657,0.228,1424995584.000,-0.006,25756,27597,6,1,43,15.120,75.330,26666,26666,1287,1331,0
98612,-0.255,-0.047,1.010,-0.087,-0.353,-0.153,0.700,0.133,-0.666,0.221,1424995584.000,-0.002,26474,26910,-12,15,43,15.120,75.330,26666,26666,1287,1331,0
98712,-0.062,0.430,0.170,-0.006,-0.197,-0.037,0.690,0.141,-0.677,0.215,1424995584.000,0.012,26419,26963,-14,20,43,15.080,75.130,26595,26595,1262,1374,0
98812,-0.269,-0.097,-0.680,-0.296,0.354,-0.060,0.695,0.133,-0.675,0.207,1424995584.000,-0.002,26139,27235,26,-6,43,15.080,75.130,26595,26595,1262,1374,0
98912,-0.321,-0.173,-1.830,-0.018,-0.419,-0.306,0.700,0.132,-0.674,0.197,1424995584.000,-0.003,26492,26892,-14,14,43,15.080,75.130,26595,26595,1262,1374,0
99012,-0.185,-0.021,0.330,0.027,-0.400,-0.349,0.685,0.151,-0.688,0.184,1424995584.000,-0.000,26629,26756,-9,14,43,15.080,75.130,26595,26595,1262,1374,0
99112,-0.064,0.042,-0.370,-0.138,-0.077,-0.266,0.682,0.160,-0.694,0.169,1424995584.000,0.000,26623,26762,0,10,43,15.050,75.090,26809,26315,1264,1415,0
99212,0.024,0.073,0.720,0.146,-0.113,-0.174,0.680,0.168,-0.696,0.160,1424995584.000,-0.000,26609,26776,-11,5,43,15.050,75.090,26809,26315,1264,1415,0
99312,0.797,0.354,0.470,0.302,0.021,0.121,0.676,0.181,-0.694,0.167,1424995584.000,0.010,27136,26242,-15,9,43,15.050,75.090,26809,26315,1264,1415,0
99412,0.790,0.495,1.480,-0.217,0.303,0.536,0.677,0.174,-0.691,0.187,1424995584.000,0.020,26572,26812,8,22,43,15.050,75.090,26809,26315,1264,1415,0
99512,0.479,0.396,-0.870,-0.004,0.323,0.581,0.684,0.146,-0.686,0.201,1424995584.000,0.018,26288,27092,-4,5,44,15.080,75.010,26385,26737,1343,1336,0
99612,0.091,0.329,1.160,0.108,0.223,0.422,0.688,0.128,-0.679,0.222,1424995584.000,0.015,26163,27212,-8,6,44,15.080,75.010,26385,26737,1343,1336,0
99712,-0.190,0.440,0.320,0.010,0.113,0.297,0.688,0.117,-0.675,0.239,1424995584.000,0.020,26051,27320,-8,18,44,15.080,75.010,26385,26737,1343,1336,0
99812,-0.286,0.484,-0.360,0.161,0.312,0.086,0.692,0.112,-0.669,0.249,1424995584.000,0.022,26238,27139,-7,4,44,15.080,75.010,26385,26737,1343,1336,0
99912,-0.713,-0.358,-1.070,0.140,0.397,-0.063,0.703,0.113,-0.654,0.257,1424995584.000,-0.013,25703,27647,18,-19,44,15.080,75.050,26525,26809,1216,1400,0
100012,-0.621,-0.346,0.440,-0.032,-0.640,-0.488,0.706,0.116,-0.655,0.243,1424995584.000,-0.011,26489,26895,-18,21,44,15.080,75.050,26525,26809,1216,1400,0
100112,-0.413,-0.154,-0.160,0.497,-0.581,-0.482,0.687,0.152,-0.672,0.232,1345779840.000,-0.003,25809,26071,-21,2,44,15.080,75.050,26525,26809,1216,1400,0
100212,-0.231,-0.031,-0.340,0.083,-0.124,-0.449,0.682,0.178,-0.674,0.222,1424995584.000,-0.000,26661,26725,-2,8,44,15.080,75.050,26525,26809,1216,1400,0
100312,-0.082,0.050,-0.380,0.123,-0.337,-0.332,0.676,0.196,-0.678,0.210,1424995584.000,0.000,26649,26737,-15,14,45,14.790,75.450,26737,26666,1345,1375,0
100412,0.111,0.236,-0.820,0.213,-0.272,-0.227,0.667,0.213,-0.684,0.203,1424995584.000,0.000,26738,26648,-20,13,45,14.790,75.450,26737,26666,1345,1375,0
100512,0.502,0.656,-1.110,0.177,0.063,0.063,0.661,0.225,-0.685,0.206,1424995584.000,0.010,26793,26592,-17,17,45,14.790,75.450,26737,26666,1345,1375,0
100612,0.285,0.185,-1.160,-0.158,0.592,0.232,0.674,0.213,-0.674,0.214,1424995584.000,0.002,26271,27107,20,-5,45,14.790,75.450,26737,26666,1345,1375,0
100712,-0.088,-0.106,0.030,-0.367,-0.002,0.000,0.686,0.194,-0.667,0.216,1424995584.000,-0.001,26461,26923,5,19,45,15.060,74.690,26041,27700,1193,1320,0
100812,-0.053,0.025,0.660,0.489,-0.521,-0.029,0.671,0.207,-0.679,0.215,1424995584.000,0.000,26441,26942,-30,6,45,15.060,74.690,26041,27700,1193,1320,0
100912,-0.055,0.058,1.340,-0.368,0.184,-0.007,0.666,0.210,-0.682,0.215,1424995584.000,0.000,26466,26917,19,16,45,15.060,74.690,26041,27700,1193,1320,0
101012,-0.046,0.042,0.360,0.057,-0.179,-0.022,0.671,0.203,-0.682,0.208,1414995712.000,0.000,26394,26802,-17,11,45,15.060,74.690,26041,27700,1193,1320,0
101112,-0.044,0.111,0.570,0.066,-0.108,0.000,0.661,0.211,-0.688,0.211,1409995776.000,-0.000,26320,26781,-4,12,45,15.030,74.650,26109,27472,1347,1137,0
101212,0.280,0.413,0.700,-0.153,0.198,0.007,0.666,0.207,-0.686,0.208,1409995776.000,0.006,26763,26339,-6,20,45,15.030,74.650,26109,27472,1347,1137,0
101312,0.540,0.657,-0.040,0.323,0.277,0.413,0.668,0.206,-0.680,0.222,1409995776.000,0.021,26348,26754,-20,8,45,15.030,74.650,26109,27472,1347,1137,0
101412,0.033,0.232,1.080,-0.549,0.763,0.471,0.683,0.177,-0.667,0.239,1409995776.000,0.006,25697,27380,33,7,45,15.030,74.650,26109,27472,1347,1137,0
101512,-0.428,-0.280,-1.070,-0.128,0.151,0.056,0.700,0.149,-0.656,0.240,1409995776.000,-0.006,25942,27148,2,-1,45,15.040,74.610,25575,27472,1307,1301,0
101612,-0.301,-0.178,-0.160,0.142,-0.369,-0.236,0.695,0.159,-0.661,0.234,1261760512.000,-0.004,24961,25272,-18,12,45,15.040,74.610,25575,27472,1307,1301,0
101712,-0.094,-0.012,-1.470,-0.133,-0.083,-0.090,0.690,0.165,-0.668,0.226,1209995776.000,-0.001,24393,24798,0,14,45,15.040,74.610,25575,27472,1307,1301,0
101812,0.338,0.216,-0.790,-0.006,0.026,0.043,0.690,0.162,-0.669,0.222,1409995776.000,0.008,26629,26475,-15,5,45,15.040,74.610,25575,27472,1307,1301,0
101912,0.321,0.162,0.010,0.060,0.187,0.280,0.691,0.158,-0.666,0.232,1409995776.000,0.006,26300,26801,-3,6,45,15.040,74.610,25575,27472,1307,1301,0
102012,-0.454,-0.220,0.490,-0.443,0.001,0.028,0.695,0.140,-0.666,0.231,1409995776.000,-0.005,25860,27226,12,17,46,15.060,74.690,26246,26809,1277,1292,0
102112,-0.380,-0.129,-1.650,0.344,-0.439,-0.274,0.688,0.145,-0.676,0.218,1508819328.000,-0.002,27241,27690,-30,2,46,15.060,74.690,26246,26809,1277,1292,0
102212,-0.286,-0.058,1.560,-0.270,-0.048,-0.233,0.681,0.161,-0.681,0.214,1421760512.000,-0.001,26411,26911,11,19,46,15.060,74.690,26246,26809,1277,1292,0
102312,-0.118,-0.042,-1.290,-0.159,-0.154,-0.226,0.686,0.155,-0.685,0.191,1409995776.000,-0.000,26431,26672,-8,13,46,15.060,74.690,26246,26809,1277,1292,0
102412,0.358,-0.000,-1.380,0.117,-0.330,-0.083,0.676,0.167,-0.693,0.186,1409995776.000,-0.000,26767,26334,-15,13,46,15.050,75.010,26666,26809,1251,1264,0
102512,0.146,0.057,-0.940,-0.600,-0.027,0.056,0.673,0.158,-0.701,0.175,1409995776.000,0.001,26279,26821,14,28,46,15.050,75.010,26666,26809,1251,1264,0
102612,-0.110,0.110,-1.280,-0.288,-0.039,-0.127,0.676,0.142,-0.706,0.155,1409995776.000,0.000,26350,26752,-5,15,46,15.050,75.010,26666,26809,1251,1264,0
102712,-0.039,0.121,-1.790,-0.031,0.003,-0.161,0.677,0.147,-0.706,0.147,1409995776.000,0.000,26453,26650,-6,11,46,15.050,74.530,26809,26385,1214,1366,0
102812,0.012,0.159,-0.130,-0.113,0.141,-0.102,0.682,0.147,-0.703,0.141,1409995776.000,0.002,26711,26392,-4,16,46,15.050,74.530,26809,26385,1214,1366,0
102912,0.337,0.214,0.400,0.198,0.208,0.093,0.687,0.150,-0.696,0.144,1409995776.000,0.003,26529,26574,-10,2,46,15.050,74.530,26809,26385,1214,1366,0
103012,0.338,0.075,-0.410,-0.228,0.254,0.256,0.694,0.143,-0.689,0.156,1442936960.000,0.001,26725,26995,10,14,46,15.050,74.530,26809,26385,1214,1366,0
103112,0.465,-0.011,0.580,-0.077,0.158,0.304,0.699,0.127,-0.685,0.160,1409995776.000,-0.001,26507,26597,-1,6,46,15.040,74.040,26178,26666,1430,1232,0
103212,0.373,-0.049,-1.500,-0.091,0.134,0.419,0.700,0.115,-0.682,0.177,1409995776.000,-0.002,26279,26822,3,9,46,15.040,74.040,26178,26666,1430,1232,0
103312,0.109,-0.089,-0.680,-0.210,0.164,0.328,0.702,0.098,-0.680,0.186,1443721216.000,-0.004,26445,27283,8,10,46,15.040,74.040,26178,26666,1430,1232,0
103412,-0.289,-0.119,0.310,-0.433,0.126,0.007,0.707,0.078,-0.679,0.182,1477446784.000,-0.004,26803,27551,12,16,46,15.040,74.040,26178,26666,1430,1232,0
103512,-0.414,-0.212,0.820,0.054,0.012,-0.280,0.711,0.081,-0.677,0.172,1409995776.000,-0.005,26344,26758,-2,3,46,15.150,73.600,25974,27100,1309,1296,0
103612,-0.301,-0.199,-0.120,-0.128,-0.072,-0.292,0.712,0.088,-0.677,0.161,1489211520.000,-0.004,27131,27443,3,12,46,15.150,73.600,25974,27100,1309,1296,0
103712,-0.201,-0.176,1.360,-0.024,-0.037,-0.238,0.712,0.094,-0.680,0.148,1488427136.000,-0.003,27125,27435,-1,6,46,15.150,73.600,25974,27100,1309,1296,0
103812,-0.089,-0.175,-0.290,0.146,-0.029,-0.338,0.714,0.106,-0.678,0.141,1409995776.000,-0.002,26631,26473,-4,3,47,15.010,73.640,26954,26881,1369,1344,0
103912,0.406,-0.433,1.140,0.051,-0.097,-0.350,0.713,0.122,-0.678,0.132,1409995776.000,-0.008,27266,25818,8,-2,47,15.010,73.640,26954,26881,1369,1344,0
104012,0.645,-0.535,-0.720,0.098,-0.250,-0.040,0.709,0.133,-0.681,0.127,1409995776.000,-0.012,26933,26166,1,2,47,15.010,73.640,26954,26881,1369,1344,0
104112,0.626,-0.448,-0.360,-0.108,-0.414,0.133,0.697,0.130,-0.694,0.125,1409995776.000,-0.011,26770,26332,0,13,47,15.010,73.640,26954,26881,1369,1344,0
104212,0.567,-0.338,0.700,0.233,-0.314,0.180,0.683,0.131,-0.706,0.132,1409995776.000,-0.009,26721,26381,-10,1,47,14.980,74.120,26809,25839,1311,1421,0
104312,0.387,-0.163,-0.560,0.132,-0.298,0.261,0.669,0.132,-0.716,0.145,1409995776.000,-0.005,26481,26623,-9,11,47,14.980,74.120,26809,25839,1311,1421,0
104412,-0.214,0.248,0.540,0.089,-0.122,0.122,0.659,0.129,-0.724,0.154,1563721216.000,0.002,27509,28407,-13,16,47,14.980,74.120,26809,25839,1311,1421,0
104512,-0.231,0.179,0.630,0.387,0.404,0.032,0.665,0.135,-0.715,0.166,1525289856.000,0.001,27171,27815,-5,-10,47,14.980,74.120,26809,25839,1311,1421,0
104612,-0.273,0.091,-0.210,-0.098,0.171,0.098,0.673,0.135,-0.705,0.177,1590387968.000,0.001,27819,28574,6,15,48,14.970,73.160,27173,27700,1338,1390,0
104712,-0.294,0.032,0.650,0.102,0.310,0.016,0.680,0.129,-0.699,0.178,1531564416.000,0.000,27358,27984,1,-3,48,14.970,73.160,27173,27700,1338,1390,0
104812,-0.255,-0.044,-0.910,0.210,0.171,-0.117,0.689,0.135,-0.689,0.181,1409995776.000,-0.000,26359,26761,-7,-2,48,14.970,73.160,27173,27700,1338,1390,0
104912,-0.253,-0.073,-0.590,0.189,0.061,0.054,0.690,0.142,-0.684,0.190,1409995776.000,-0.001,26124,26972,-3,3,47,14.960,73.760,25974,26954,1340,1328,0
105012,-0.007,-0.083,-1.310,0.203,-0.014,-0.046,0.689,0.148,-0.681,0.198,1409995776.000,-0.002,26629,26475,-6,3,47,14.960,73.760,25974,26954,1340,1328,0
105112,0.374,-0.076,-0.030,0.350,-0.050,0.150,0.685,0.160,-0.679,0.207,1409995776.000,-0.003,26615,26489,-9,1,47,14.960,73.760,25974,26954,1340,1328,0
105212,0.347,-0.124,-1.030,-0.094,0.008,0.327,0.682,0.155,-0.680,0.220,1409995776.000,-0.006,26366,26736,6,10,47,14.960,73.760,25974,26954,1340,1328,0
105312,0.256,-0.156,-1.610,0.170,0.030,0.054,0.679,0.148,-0.682,0.228,1409995776.000,-0.008,26656,26448,-4,-2,48,14.980,73.720,26666,26595,1237,1337,0
105412,-0.315,-0.091,0.010,0.194,-0.034,-0.252,0.679,0.158,-0.678,0.233,1464113408.000,-0.002,26783,27327,-6,4,48,14.980,73.720,26666,26595,1237,1337,0
105512,-0.207,-0.078,1.330,0.279,-0.004,-0.731,0.683,0.174,-0.676,0.215,1409995776.000,-0.001,27065,26029,-13,-5,48,14.980,73.720,26666,26595,1237,1337,0
105612,0.072,-0.072,-0.870,0.312,-0.051,-0.596,0.686,0.211,-0.666,0.204,1409995776.000,0.000,27041,26054,-8,2,48,14.980,73.720,26666,26595,1237,1337,0
105712,0.579,-0.362,0.270,0.213,0.054,-0.181,0.688,0.230,-0.661,0.194,1437446784.000,-0.002,27348,26259,4,-10,48,14.950,73.600,27027,25706,1335,1373,0
105812,0.878,-0.675,0.910,0.198,-0.468,0.280,0.682,0.237,-0.663,0.200,1464897792.000,-0.012,27411,26749,-5,7,48,14.950,73.600,27027,25706,1335,1373,0
105912,0.537,-0.285,-0.470,-0.038,-0.592,0.540,0.655,0.230,-0.689,0.210,1409995776.000,-0.006,26370,26732,-9,19,48,14.950,73.600,27027,25706,1335,1373,0
106012,0.058,0.044,-0.070,-0.053,-0.033,0.160,0.641,0.218,-0.704,0.214,1409995776.000,-0.001,26450,26653,-1,7,48,14.990,73.840,26525,26666,1315,1273,0
106112,-0.142,-0.039,-1.210,-0.412,0.213,0.130,0.644,0.209,-0.703,0.217,1409995776.000,-0.001,26300,26802,20,13,48,14.990,73.840,26525,26666,1315,1273,0
106212,-0.174,-0.110,-0.220,-0.357,-0.083,0.192,0.652,0.187,-0.706,0.204,1409995776.000,-0.001,26211,26888,2,14,48,14.990,73.840,26525,26666,1315,1273,0
106312,-0.239,0.266,-1.220,-0.006,-0.277,0.443,0.642,0.176,-0.716,0.209,1409995776.000,0.003,25857,27229,-19,21,48,14.990,73.840,26525,26666,1315,1273,0
106412,-0.394,0.291,0.440,-0.468,0.238,0.356,0.638,0.152,-0.725,0.211,1409995776.000,0.005,25881,27206,13,17,48,14.980,73.600,25641,27548,1327,1256,0
106512,-0.486,0.233,-0.710,-0.069,0.161,0.166,0.645,0.132,-0.722,0.211,1409995776.000,0.005,25973,27118,-7,8,48,14.980,73.600,25641,27548,1327,1256,0
106612,-0.529,0.199,-0.700,-0.309,0.167,0.050,0.650,0.122,-0.720,0.211,1409995776.000,0.005,25999,27093,7,17,48,14.980,73.600,25641,27548,1327,1256,0
106712,-0.508,0.164,0.220,-0.379,0.171,-0.127,0.658,0.109,-0.718,0.198,1504897792.000,0.004,27055,27802,7,16,48,14.980,73.600,25641,27548,1327,1256,0
106812,-0.436,0.148,-1.250,-0.310,0.032,-0.212,0.665,0.103,-0.717,0.181,1409995776.000,0.003,26252,26848,1,19,48,15.030,73.200,26109,26954,1306,1291,0
106912,-0.354,0.165,-1.040,-0.319,-0.069,-0.143,0.668,0.099,-0.719,0.163,1409995776.000,0.003,26174,26925,-1,21,48,15.030,73.200,26109,26954,1306,1291,0
107012,-0.357,0.201,-1.010,-0.283,-0.093,-0.100,0.666,0.097,-0.724,0.150,1409995776.000,0.003,26090,27005,-3,21,48,15.030,73.200,26109,26954,1306,1291,0
107112,-0.230,0.224,1.090,-0.176,-0.021,-0.220,0.667,0.094,-0.727,0.135,1409995776.000,0.003,26400,26703,-5,16,48,15.030,73.200,26109,26954,1306,1291,0
107212,-0.153,0.217,0.180,-0.078,0.098,-0.212,0.669,0.101,-0.725,0.129,1409995776.000,0.002,26444,26659,0,13,48,14.940,73.400,26455,26809,1273,1307,0
107312,-0.043,0.172,1.050,-0.299,0.161,-0.324,0.677,0.104,-0.720,0.115,1409995776.000,0.001,26625,26479,8,17,48,14.940,73.400,26455,26809,1273,1307,0
107412,0.091,0.114,-0.400,-0.360,0.218,-0.291,0.687,0.103,-0.713,0.093,1409995776.000,-0.000,26674,26429,9,14,48,14.940,73.400,26455,26809,1273,1307,0
107512,0.130,0.036,-1.330,-0.173,0.302,-0.169,0.699,0.101,-0.704,0.077,1409995776.000,-0.000,26714,26507,6,3,48,14.940,73.400,26455,26809,1273,1307,0
107612,0.231,-0.041,-2.360,0.000,0.190,-0.024,0.708,0.102,-0.695,0.073,1409995776.000,0.000,26526,26577,2,4,49,14.940,73.360,26385,26246,1387,1350,0
107712,0.227,-0.078,1.640,0.026,0.074,0.033,0.712,0.102,-0.690,0.074,1409995776.000,0.000,26515,26588,0,6,49,14.940,73.360,26385,26246,1387,1350,0
107812,0.198,-0.084,-0.680,-0.027,-0.028,0.124,0.713,0.100,-0.690,0.077,1409995776.000,0.000,26408,26695,1,10,49,14.940,73.360,26385,26246,1387,1350,0
107912,0.137,-0.068,-0.940,-0.071,-0.063,0.180,0.710,0.093,-0.693,0.081,1409995776.000,0.000,26323,26778,1,12,49,14.940,73.360,26385,26246,1387,1350,0
108012,0.015,-0.050,0.000,-0.119,-0.056,0.159,0.708,0.084,-0.696,0.083,1409995776.000,0.000,26257,26843,2,12,49,14.930,73.160,26178,26809,1320,1335,0
108112,-0.059,-0.045,-0.390,-0.186,0.042,0.209,0.707,0.073,-0.698,0.084,1409995776.000,-0.000,26133,26964,7,11,49,14.930,73.160,26178,26809,1320,1335,0
108212,-0.129,-0.072,0.400,-0.237,0.151,0.141,0.711,0.059,-0.696,0.084,1409995776.000,-0.000,26141,26957,11,9,49,14.930,73.160,26178,26809,1320,1335,0
108312,-0.178,-0.113,1.960,-0.391,0.094,0.080,0.716,0.044,-0.692,0.077,1409995776.000,-0.001,26162,26936,13,15,49,14.930,73.160,26178,26809,1320,1335,0
108412,0.716,-0.204,0.580,-0.014,-0.274,0.023,0.714,0.033,-0.696,0.069,1409995776.000,-0.010,27416,25659,-8,8,49,14.920,72.920,26385,27027,1291,1254,0
108512,0.622,-0.110,1.890,-0.221,-0.208,0.678,0.703,0.033,-0.705,0.090,1409995776.000,-0.006,26112,26984,11,26,49,14.920,72.920,26385,27027,1291,1254,0
108612,-0.112,-0.052,-0.390,-0.738,-0.128,0.376,0.694,-0.005,-0.714,0.088,1409995776.000,-0.002,25812,27272,18,30,49,14.920,72.920,26385,27027,1291,1254,0
108712,-0.564,0.107,0.440,0.492,-0.140,-0.164,0.689,-0.011,-0.720,0.087,1409995776.000,0.002,26029,27064,-27,-5,49,14.920,72.920,26385,27027,1291,1254,0
108812,-0.450,0.107,-0.530,-0.211,0.087,-0.411,0.689,0.007,-0.720,0.085,1409995776.000,0.002,26434,26669,12,20,49,14.920,72.880,25974,27027,1373,1280,0
108912,-0.120,0.046,1.770,-0.444,0.056,-0.452,0.695,0.008,-0.717,0.054,1560584064.000,0.001,28144,27722,11,20,49,14.920,72.880,25974,27027,1373,1280,0
109012,0.586,-0.084,0.520,0.071,-0.153,-0.282,0.693,0.015,-0.720,0.035,1409995776.000,-0.003,27341,25739,-10,6,49,14.920,72.880,25974,27027,1373,1280,0
109112,0.808,-0.021,-0.260,-0.398,-0.142,0.177,0.687,0.011,-0.726,0.029,1409995776.000,-0.001,26824,26277,10,26,49,14.920,72.880,25974,27027,1373,1280,0
109212,-0.042,0.190,-1.100,-0.668,-0.059,0.312,0.684,-0.019,-0.729,0.020,1409995776.000,0.003,25859,27363,19,42,50,14.890,72.840,25252,27548,1318,1381,0
109312,-0.188,0.204,0.260,0.221,0.016,-0.228,0.683,-0.031,-0.730,0.004,1409995776.000,0.002,26535,26569,-20,-2,50,14.890,72.840,25252,27548,1318,1381,0
109412,-0.153,0.179,1.430,-0.007,0.084,-0.014,0.686,-0.015,-0.728,0.013,1409995776.000,0.001,26231,26869,4,17,50,14.890,72.840,25252,27548,1318,1381,0
109513,-0.151,0.158,0.810,-0.416,0.107,0.041,0.688,-0.030,-0.725,-0.003,1409995776.000,0.001,26195,26904,5,17,50,14.890,72.840,25252,27548,1318,1381,0
109613,-0.185,0.132,0.160,0.277,0.083,0.107,0.691,-0.030,-0.722,0.003,1401368320.000,0.001,26021,26913,-11,2,50,14.950,73.120,25773,27100,1346,1274,0
109713,0.261,0.092,-0.600,-0.043,0.153,0.078,0.696,-0.032,-0.717,0.007,1409995776.000,0.003,26706,26396,4,11,50,14.950,73.120,25773,27100,1346,1274,0
109813,0.359,0.048,1.420,0.058,0.114,0.459,0.701,-0.040,-0.712,0.018,1409995776.000,0.002,26159,26939,1,9,50,14.950,73.120,25773,27100,1346,1274,0
109913,-0.137,0.028,1.730,-0.294,0.071,0.403,0.703,-0.062,-0.708,0.027,1409995776.000,0.001,25623,27449,9,19,50,14.950,73.120,25773,27100,1346,1274,0
110013,-0.602,0.002,0.090,-0.407,0.183,0.006,0.706,-0.081,-0.703,0.025,1409995776.000,0.000,25885,27203,16,17,50,14.950,73.120,25773,27100,1346,1274,0
110113,-0.500,-0.035,0.280,0.513,-0.012,-0.380,0.711,-0.068,-0.700,0.020,1409995776.000,-0.001,26369,26734,-19,-6,50,14.940,72.800,26246,26809,1280,1353,0
110212,-0.320,-0.022,0.170,0.000,-0.069,-0.469,0.709,-0.042,-0.703,0.015,1409995776.000,-0.000,26504,26599,5,17,50,14.940,72.800,26246,26809,1280,1353,0
110312,-0.178,-0.032,-0.230,-0.234,0.039,-0.289,0.711,-0.036,-0.702,-0.005,1409995776.000,-0.000,26385,26718,8,16,50,14.940,72.800,26246,26809,1280,1353,0
110412,-0.076,0.006,1.090,0.163,-0.229,-0.236,0.706,-0.028,-0.707,-0.014,1409995776.000,0.000,26445,26659,-13,12,50,14.940,72.800,26246,26809,1280,1353,0
110512,-0.003,0.029,1.740,0.044,0.079,-0.154,0.703,-0.017,-0.710,-0.016,1409995776.000,0.000,26432,26680,6,7,51,14.910,72.840,26737,26246,1245,1423,0
110612,0.105,-0.016,-0.470,0.073,0.146,-0.091,0.709,-0.012,-0.705,-0.019,1258623232.000,-0.000,25032,25140,2,5,51,14.910,72.840,26737,26246,1245,1423,0
110712,0.153,-0.044,-0.840,0.151,0.057,-0.011,0.712,-0.004,-0.702,-0.014,1290780032.000,-0.000,25313,25496,-1,6,51,14.910,72.840,26737,26246,1245,1423,0
110812,0.241,-0.040,0.470,-0.071,-0.044,0.039,0.712,-0.002,-0.702,-0.012,1409995776.000,-0.000,26534,26569,3,16,51,14.910,72.840,26737,26246,1245,1423,0
110912,0.503,-0.042,-0.200,-0.104,0.068,-0.028,0.712,-0.006,-0.702,-0.014,1409995776.000,-0.001,26944,26154,6,11,51,14.930,72.840,26666,26455,1285,1345,0
111012,0.789,-0.066,0.420,0.020,0.043,0.242,0.715,-0.006,-0.699,-0.010,1409995776.000,-0.002,26781,26321,2,9,51,14.930,72.840,26666,26455,1285,1345,0
111112,0.216,-0.037,-0.480,-0.521,-0.141,0.387,0.711,-0.030,-0.702,-0.009,1409995776.000,-0.001,25910,27178,12,29,51,14.930,72.840,26666,26455,1285,1345,0
111212,-0.196,-0.005,0.500,-0.562,-0.037,-0.118,0.707,-0.057,-0.704,-0.023,1409995776.000,-0.000,26545,26559,7,17,51,14.930,72.840,26666,26455,1285,1345,0
111312,-0.081,0.013,-0.900,0.271,-0.123,-0.320,0.705,-0.047,-0.707,-0.033,1409995776.000,0.000,26705,26398,-15,4,51,14.900,72.760,26455,26666,1382,1243,0
111412,0.249,0.047,0.810,-0.472,-0.058,-0.260,0.700,-0.043,-0.711,-0.047,1409995776.000,0.000,26993,26103,15,29,51,14.900,72.760,26455,26666,1382,1243,0
111512,0.648,0.050,-0.290,0.216,-0.049,-0.018,0.699,-0.045,-0.712,-0.060,1409995776.000,0.001,27024,26071,-14,6,51,14.900,72.760,26455,26666,1382,1243,0
111612,0.846,0.072,0.340,-0.362,-0.053,0.360,0.696,-0.055,-0.714,-0.055,1409995776.000,0.003,26808,26293,11,27,51,14.900,72.760,26455,26666,1382,1243,0
111712,0.683,0.085,0.560,-0.398,-0.037,0.460,0.695,-0.086,-0.712,-0.056,1383329152.000,0.004,26363,26236,6,23,51,14.920,72.760,26809,26315,1315,1304,0
111812,0.507,0.114,-0.550,-0.122,-0.117,0.450,0.692,-0.108,-0.712,-0.047,1409995776.000,0.006,26525,26578,-4,18,51,14.920,72.760,26809,26315,1315,1304,0
111912,0.343,0.144,-0.100,-0.337,-0.050,0.402,0.688,-0.131,-0.712,-0.040,1409995776.000,0.008,26465,26638,6,25,51,14.920,72.760,26809,26315,1315,1304,0
112012,0.078,0.172,-1.000,-0.370,-0.026,0.304,0.685,-0.156,-0.710,-0.042,1409995776.000,0.010,26297,26804,5,25,51,14.890,72.600,26385,26525,1277,1403,0
112112,-0.041,0.180,-0.450,-0.128,0.044,0.104,0.684,-0.172,-0.708,-0.045,1409995776.000,0.010,26465,26639,-2,15,51,14.890,72.600,26385,26525,1277,1403,0
112212,-0.220,0.161,1.910,0.027,0.068,-0.080,0.686,-0.172,-0.706,-0.045,1409995776.000,0.007,25927,27163,-1,18,51,14.890,72.600,26385,26525,1277,1403,0
112312,-0.559,0.199,1.120,-0.239,0.173,-0.579,0.687,-0.169,-0.704,-0.066,1409995776.000,0.005,26691,26412,6,17,51,14.890,72.600,26385,26525,1277,1403,0
112412,-0.234,0.151,0.490,0.347,0.107,-0.651,0.692,-0.140,-0.703,-0.084,1409995776.000,0.002,27003,26093,-11,4,51,14.880,72.430,27027,26109,1306,1320,0
112512,0.410,0.203,-0.110,-0.343,0.079,-0.444,0.691,-0.122,-0.705,-0.103,1409995776.000,0.005,27422,25684,12,29,51,14.880,72.430,27027,26109,1306,1320,0
112612,0.845,0.149,-0.940,-0.101,0.206,-0.003,0.695,-0.119,-0.699,-0.116,1409995776.000,0.005,27278,25805,5,13,51,14.880,72.430,27027,26109,1306,1320,0
112712,0.741,0.083,0.500,-0.539,0.116,0.274,0.699,-0.132,-0.693,-0.118,1409995776.000,0.003,26885,26215,19,29,51,14.880,72.430,27027,26109,1306,1320,0
112812,0.560,0.056,-0.390,-0.320,0.040,0.243,0.701,-0.156,-0.684,-0.126,1409995776.000,0.002,26858,26242,4,19,51,14.830,72.550,26809,26041,1357,1351,0
112912,0.427,0.047,-0.680,-0.079,0.112,0.191,0.703,-0.166,-0.681,-0.122,1409995776.000,0.002,26855,26245,4,12,51,14.830,72.550,26809,26041,1357,1351,0
113012,0.123,0.007,0.260,-0.340,0.159,0.094,0.707,-0.177,-0.673,-0.125,1409995776.000,0.000,26656,26447,15,20,51,14.830,72.550,26809,26041,1357,1351,0
113112,0.079,-0.026,-0.760,0.044,0.040,-0.047,0.709,-0.182,-0.668,-0.133,1409995776.000,-0.001,26834,26267,-4,8,52,14.870,72.510,27247,26246,1226,1311,0
113212,0.085,-0.158,-1.600,0.076,-0.014,0.069,0.710,-0.176,-0.670,-0.126,1409995776.000,-0.005,26684,26419,8,14,52,14.870,72.510,27247,26246,1226,1311,0
113312,0.209,-0.255,0.570,0.024,-0.179,0.143,0.707,-0.181,-0.672,-0.122,1409995776.000,-0.010,26759,26343,1,13,52,14.870,72.510,27247,26246,1226,1311,0
113412,0.264,-0.274,1.200,0.037,-0.254,0.218,0.701,-0.186,-0.679,-0.114,1409995776.000,-0.013,26743,26359,1,13,52,14.870,72.510,27247,26246,1226,1311,0
113512,0.181,-0.181,0.520,-0.144,-0.179,0.172,0.694,-0.195,-0.685,-0.106,1409995776.000,-0.009,26727,26375,4,18,52,14.890,72.430,26809,26246,1312,1335,0
113612,-0.383,0.094,-1.250,-0.002,-0.122,0.093,0.688,-0.205,-0.688,-0.103,1409995776.000,0.003,26120,26976,-6,18,52,14.890,72.430,26809,26246,1312,1335,0
113712,-0.539,0.098,-0.200,0.112,0.160,-0.246,0.688,-0.202,-0.690,-0.104,1409995776.000,0.002,26524,26579,2,7,52,14.890,72.430,26809,26246,1312,1335,0
113812,-0.404,0.039,0.630,0.349,0.130,-0.403,0.694,-0.180,-0.689,-0.108,1409995776.000,0.001,26802,26299,-5,3,52,14.850,72.470,27100,26455,1262,1265,0
113912,-0.254,-0.006,-0.110,0.118,0.139,-0.364,0.699,-0.157,-0.689,-0.113,1409995776.000,-0.000,26844,26256,5,10,52,14.850,72.470,27100,26455,1262,1265,0
114012,0.035,-0.204,0.710,0.289,0.090,-0.256,0.702,-0.141,-0.688,-0.120,1409995776.000,-0.003,27020,26075,1,-2,52,14.850,72.470,27100,26455,1262,1265,0
114112,0.462,-0.434,0.690,0.483,-0.084,0.070,0.705,-0.123,-0.689,-0.111,1409995776.000,-0.011,27088,26005,-3,-6,52,14.850,72.470,27100,26455,1262,1265,0
114212,0.591,-0.341,-0.700,0.417,-0.334,0.322,0.701,-0.120,-0.698,-0.092,1409995776.000,-0.013,26924,26174,-8,6,52,14.900,72.470,26954,26041,1369,1284,0
114312,0.526,-0.131,0.170,0.297,-0.208,0.467,0.695,-0.122,-0.706,-0.064,1409995776.000,-0.006,26721,26382,-6,9,52,14.900,72.470,26954,26041,1369,1284,0
114412,0.347,-0.125,0.460,0.222,-0.119,0.412,0.692,-0.130,-0.709,-0.040,1409995776.000,-0.007,26668,26435,-2,8,52,14.900,72.470,26954,26041,1369,1284,0
114512,-0.469,-0.009,-0.740,0.129,-0.152,0.208,0.690,-0.136,-0.711,-0.021,1409995776.000,-0.000,25884,27203,-6,15,52,14.900,72.470,26954,26041,1369,1284,0
114612,-0.632,0.174,0.460,0.326,0.010,-0.310,0.686,-0.132,-0.715,-0.016,1409995776.000,0.005,26603,26501,-12,5,53,14.850,72.230,25974,27322,1297,1290,0
114712,-0.504,0.122,-0.150,0.453,0.102,-0.379,0.692,-0.101,-0.714,-0.010,1409995776.000,0.003,26698,26404,-8,3,53,14.850,72.230,25974,27322,1297,1290,0
114812,-0.311,0.100,-1.940,0.280,0.079,-0.331,0.695,-0.078,-0.715,-0.012,1254701696.000,0.002,25292,24800,-4,7,53,14.850,72.230,25974,27322,1297,1290,0
114912,-0.123,-0.038,0.230,0.374,0.156,-0.257,0.700,-0.057,-0.711,-0.011,1278231040.000,-0.001,25591,24967,-4,-4,53,14.850,72.230,25974,27322,1297,1290,0
115012,-0.037,0.021,-1.130,0.290,0.026,-0.152,0.705,-0.038,-0.709,-0.006,1348034944.000,0.000,26215,25706,-7,9,52,14.940,73.080,25445,25000,1300,1222,0
115112,0.005,0.019,-0.010,0.338,0.029,-0.098,0.705,-0.024,-0.709,-0.001,1409995776.000,0.000,26787,26315,-7,3,52,14.940,73.080,25445,25000,1300,1222,0
115212,0.037,0.000,0.670,0.411,0.043,-0.072,0.707,-0.008,-0.707,0.010,1409995776.000,-0.000,26784,26317,-9,1,52,14.940,73.080,25445,25000,1300,1222,0
115312,0.043,-0.050,1.280,0.406,-0.029,0.018,0.707,0.007,-0.707,0.023,1409995776.000,-0.000,26726,26376,-7,3,52,14.940,73.080,25445,25000,1300,1222,0
115412,0.248,-0.156,1.200,0.427,-0.108,0.048,0.704,0.020,-0.709,0.038,1409995776.000,-0.003,26947,26150,-9,0,53,14.860,72.390,26809,26385,1303,1313,0
115512,0.213,-0.157,1.170,0.299,-0.197,0.287,0.698,0.026,-0.713,0.059,1409995776.000,-0.004,26600,26503,-6,8,53,14.860,72.390,26809,26385,1303,1313,0
115612,-0.128,-0.107,-1.050,0.100,-0.220,0.156,0.689,0.025,-0.720,0.073,1409995776.000,-0.002,26443,26661,-4,14,53,14.860,72.390,26809,26385,1303,1313,0
115712,-0.305,0.156,-0.040,0.277,-0.090,-0.024,0.684,0.031,-0.725,0.082,1409995776.000,0.002,26488,26616,-13,10,53,14.860,72.390,26809,26385,1303,1313,0
115812,-0.227,0.138,-0.610,0.374,0.133,-0.097,0.684,0.046,-0.722,0.093,1409995776.000,0.002,26648,26455,-7,1,53,14.870,72.350,26809,26455,1237,1357,0
115912,-0.104,0.092,0.820,0.273,0.104,-0.023,0.689,0.059,-0.716,0.102,1409995776.000,0.001,26605,26499,-7,5,53,14.870,72.350,26809,26455,1237,1357,0
116012,0.314,0.145,0.090,0.461,-0.004,0.127,0.689,0.068,-0.713,0.114,1409995776.000,0.005,26883,26216,-17,3,53,14.870,72.350,26809,26455,1237,1357,0
116112,0.112,0.134,-0.300,0.176,0.061,0.360,0.686,0.070,-0.711,0.137,1409995776.000,0.005,26373,26730,-3,10,52,14.840,72.230,26455,26385,1289,1412,0
116212,-0.491,0.045,-1.380,0.104,0.028,0.052,0.686,0.062,-0.710,0.146,1409995776.000,0.001,26310,26792,-4,10,52,14.840,72.230,26455,26385,1289,1412,0
116312,-0.443,0.043,-0.420,0.520,-0.028,-0.210,0.685,0.077,-0.708,0.153,1409995776.000,0.001,26543,26560,-18,-3,52,14.840,72.230,26455,26385,1289,1412,0
116412,-0.367,0.025,0.340,0.263,0.039,-0.192,0.685,0.098,-0.703,0.161,1409995776.000,0.000,26526,26578,-4,6,52,14.840,72.230,26455,26385,1289,1412,0
116512,-0.192,0.012,-0.470,0.251,0.030,-0.202,0.687,0.111,-0.700,0.160,1409995776.000,0.000,26690,26413,-8,3,53,14.850,72.310,26737,26455,1320,1296,0
116612,0.226,-0.011,1.700,0.528,0.068,0.023,0.687,0.129,-0.694,0.172,1409995776.000,-0.000,26876,26224,-13,-5,53,14.850,72.310,26737,26455,1320,1296,0
116712,0.032,-0.032,0.970,0.302,0.002,0.332,0.683,0.137,-0.690,0.195,1409995776.000,-0.001,26183,26915,-6,6,53,14.850,72.310,26737,26455,1320,1296,0
116812,-0.333,-0.034,0.400,0.162,0.018,0.092,0.680,0.134,-0.690,0.208,1409995776.000,-0.001,26228,26872,-4,5,53,14.850,72.310,26737,26455,1320,1296,0
116912,-0.391,-0.056,0.910,0.449,0.000,-0.144,0.680,0.148,-0.685,0.218,1409995776.000,-0.001,26422,26664,-12,0,53,14.820,72.310,26246,26809,1364,1293,0
117012,-0.311,-0.053,0.110,0.152,-0.058,-0.219,0.678,0.164,-0.681,0.221,1409995776.000,-0.001,26562,26542,-4,8,53,14.820,72.310,26246,26809,1364,1293,0
117112,-0.215,-0.034,-0.460,0.084,-0.076,-0.264,0.678,0.176,-0.681,0.215,1409995776.000,-0.000,26665,26438,-5,9,53,14.820,72.310,26246,26809,1364,1293,0
117212,-0.108,-0.024,-0.860,0.278,-0.004,-0.274,0.678,0.192,-0.678,0.212,1409995776.000,-0.000,26748,26372,-10,0,53,14.820,72.310,26246,26809,1364,1293,0
117312,0.030,-0.025,-1.680,0.294,-0.012,-0.149,0.677,0.209,-0.672,0.215,1409995776.000,-0.000,26731,26371,-9,2,53,14.820,72.310,26246,26809,1364,1293,0
117412,0.079,-0.021,0.790,0.232,-0.024,0.052,0.673,0.221,-0.669,0.224,1409995776.000,-0.800,26552,26552,-30,-17,54,14.890,72.310,26595,26385,1355,1308,0
117512,0.348,-0.107,-0.570,-0.511,0.003,0.264,0.674,0.205,-0.675,0.218,1409995776.000,-1.002,26627,26477,-9,-4,54,14.890,72.310,26595,26385,1355,1308,0
117612,0.551,-0.003,-0.710,-0.661,-0.050,0.699,0.674,0.169,-0.686,0.215,1409995776.000,-1.800,26344,26758,-38,-19,54,14.890,72.310,26595,26385,1355,1308,0
117712,0.235,0.060,-0.740,-1.752,-0.059,0.736,0.671,0.106,-0.706,0.198,1409995776.000,-1.797,26048,27046,2,20,54,14.890,72.310,26595,26385,1355,1308,0
117812,-0.755,0.133,-0.710,-1.696,0.128,0.332,0.674,0.023,-0.722,0.151,1409995776.000,-1.196,25508,27557,10,21,53,14.860,72.430,25125,27548,1317,1413,0
117912,-0.767,0.134,1.230,-0.118,0.168,-0.010,0.680,-0.008,-0.723,0.125,1409995776.000,-0.596,25904,27184,-13,0,53,14.860,72.430,25125,27548,1317,1413,0
118012,-0.754,0.177,1.410,-0.556,0.192,-0.097,0.686,-0.017,-0.718,0.115,1561368320.000,0.006,27398,28473,16,28,53,14.860,72.430,25125,27548,1317,1413,0
118112,-0.659,0.156,0.990,0.346,0.223,-0.346,0.695,-0.016,-0.712,0.100,1442936960.000,0.004,26598,27120,-19,-11,53,14.860,72.430,25125,27548,1317,1413,0
118212,-0.428,0.045,0.200,0.167,0.150,-0.476,0.704,0.008,-0.704,0.095,1409995776.000,0.001,26554,26561,1,9,54,14.840,72.920,26525,26737,1306,1281,0
118312,-0.250,0.011,0.750,-0.103,0.117,-0.476,0.709,0.020,-0.700,0.076,1409995776.000,0.000,26648,26455,1,7,54,14.840,72.920,26525,26737,1306,1281,0
118412,-0.057,0.110,-1.260,0.154,0.114,-0.484,0.716,0.038,-0.695,0.061,1409995776.000,0.001,26804,26297,-10,3,54,14.840,72.920,26525,26737,1306,1281,0
118512,0.364,0.158,-1.410,0.036,0.162,-0.329,0.721,0.055,-0.689,0.050,1409995776.000,0.002,27088,26005,-3,5,54,14.840,72.920,26525,26737,1306,1281,0
118612,0.538,-0.134,0.000,0.189,0.214,-0.018,0.729,0.065,-0.679,0.050,1409995776.000,-0.002,26814,26287,1,-2,54,14.850,72.230,26737,26455,1377,1237,0
118712,0.081,-0.193,1.330,-0.388,-0.231,-0.043,0.728,0.060,-0.681,0.049,1409995776.000,0.000,26535,26568,6,24,54,14.850,72.230,26737,26455,1377,1237,0
118812,0.150,-0.133,-1.390,0.543,-0.139,-0.150,0.721,0.071,-0.688,0.048,1409995776.000,-0.199,26747,26356,-29,-18,54,14.850,72.230,26737,26455,1377,1237,0
118912,0.173,-0.087,-0.500,-0.233,-0.184,0.006,0.715,0.081,-0.692,0.053,1409995776.000,-0.799,26599,26504,-16,1,54,14.850,72.230,26737,26455,1377,1237,0
119012,0.161,-0.043,1.080,-0.653,-0.156,0.019,0.711,0.060,-0.699,0.033,1409995776.000,-1.000,26621,26482,-14,2,54,14.810,72.430,26809,26525,1286,1301,0
119112,0.209,-0.009,-0.600,-0.526,-0.122,0.048,0.708,0.042,-0.705,0.016,1409995776.000,-1.100,26666,26437,-18,-3,54,14.810,72.430,26809,26525,1286,1301,0
119212,0.675,0.018,0.290,-0.796,-0.094,0.218,0.705,0.008,-0.709,-0.008,1409995776.000,0.000,27068,26025,19,35,54,14.810,72.430,26809,26525,1286,1301,0
119312,0.663,0.136,0.640,0.717,-0.086,0.643,0.702,0.002,-0.712,0.017,1409995776.000,0.005,26412,26690,-34,-12,54,14.810,72.430,26809,26525,1286,1301,0
119412,0.524,0.346,1.570,-0.377,0.302,0.691,0.703,-0.019,-0.709,0.044,1532348672.000,0.018,27481,27878,13,21,54,14.740,72.720,27173,27855,1452,1409,0
119512,0.264,0.223,0.690,0.302,0.392,0.629,0.716,-0.045,-0.693,0.065,1461760512.000,0.014,26680,27385,-13,-10,54,14.740,72.720,27173,27855,1452,1409,0
119612,-0.782,-0.118,1.580,-0.790,0.098,0.073,0.722,-0.062,-0.685,0.077,1409995776.000,-0.004,26048,27047,20,22,54,14.740,72.720,27173,27855,1452,1409,0
119712,-0.640,-0.139,-0.720,0.524,-0.138,-0.546,0.721,-0.054,-0.688,0.059,1409995776.000,-0.204,26633,26470,-38,-23,54,14.740,72.720,27173,27855,1452,1409,0
119812,-0.418,-0.112,0.040,-0.439,-0.058,-0.540,0.719,-0.028,-0.693,0.047,1409995776.000,-0.602,26665,26438,-1,7,55,14.820,72.270,26666,26595,1334,1270,0
119912,-0.237,-0.097,-1.110,-0.713,0.043,-0.453,0.719,-0.038,-0.695,0.004,1409995776.000,-1.001,26690,26413,-16,-15,55,14.820,72.270,26666,26595,1334,1270,0
120012,-0.102,-0.174,-1.390,-0.998,-0.063,-0.304,0.717,-0.052,-0.694,-0.035,1409995776.000,-1.401,26641,26462,-11,-3,55,14.820,72.270,26666,26595,1334,1270,0
120112,-0.014,-0.050,-1.990,-1.410,-0.101,-0.260,0.708,-0.089,-0.696,-0.088,1409995776.000,-1.800,26721,26382,-18,-4,55,14.820,72.270,26666,26595,1334,1270,0
120212,0.445,-0.053,-0.510,-1.358,0.090,-0.251,0.698,-0.128,-0.689,-0.145,1409995776.000,-0.601,27204,25883,18,20,55,14.790,72.430,26666,26455,1376,1267,0
120312,1.091,-0.232,1.630,0.104,-0.171,0.210,0.694,-0.146,-0.686,-0.164,1464113408.000,-0.309,27758,26336,-25,-14,55,14.790,72.430,26666,26455,1376,1267,0
120412,0.128,-0.178,2.230,-0.750,-0.249,0.544,0.687,-0.176,-0.687,-0.158,1428819328.000,-0.002,25833,27595,14,33,55,14.790,72.430,26666,26455,1376,1267,0
120512,-0.215,0.098,-0.930,0.068,-0.199,0.100,0.677,-0.200,-0.690,-0.158,1409995776.000,0.001,26297,26804,-21,5,55,14.790,72.430,26666,26455,1376,1267,0
120612,-0.093,0.088,1.560,-0.146,0.194,-0.104,0.679,-0.196,-0.690,-0.157,1533133056.000,0.001,27838,27535,6,6,55,14.830,72.470,26525,26666,1365,1313,0
120712,0.149,0.054,1.390,-0.059,0.017,-0.030,0.681,-0.197,-0.686,-0.164,1544113408.000,0.001,28043,27527,-7,8,55,14.830,72.470,26525,26666,1365,1313,0
120812,0.583,0.133,-0.070,0.198,0.106,0.146,0.685,-0.193,-0.685,-0.156,1409995776.000,0.006,27035,26060,-11,1,55,14.830,72.470,26525,26666,1365,1313,0
120912,0.485,0.067,-1.540,0.204,0.264,0.324,0.697,-0.194,-0.676,-0.142,1409995776.000,0.003,26669,26413,-6,-5,55,14.790,72.430,26809,26455,1305,1332,0
121012,0.366,-0.052,-1.560,0.458,0.106,0.310,0.707,-0.191,-0.669,-0.123,1409995776.000,-0.003,26602,26501,-15,-10,55,14.790,72.430,26809,26455,1305,1332,0
121112,0.238,-0.161,1.830,0.471,-0.138,0.319,0.713,-0.184,-0.670,-0.097,1409995776.000,-0.009,26498,26605,-17,-4,55,14.790,72.430,26809,26455,1305,1332,0
121212,-0.293,-0.122,1.580,0.280,-0.467,-0.036,0.705,-0.182,-0.681,-0.080,1409995776.000,-0.005,26477,26626,-20,10,55,14.790,72.430,26809,26455,1305,1332,0
121312,-0.243,-0.144,-1.010,0.718,-0.231,-0.209,0.698,-0.159,-0.696,-0.065,1409995776.000,-0.005,26641,26463,-24,-14,55,14.760,72.350,26595,26525,1330,1319,0
121412,-0.207,-0.182,0.720,0.340,-0.329,0.004,0.691,-0.140,-0.707,-0.050,1409995776.000,-0.006,26360,26742,-14,3,55,14.760,72.350,26595,26525,1330,1319,0
121512,-0.260,-0.069,0.320,0.652,-0.366,0.108,0.683,-0.129,-0.718,-0.029,1409995776.000,-0.002,26248,26852,-30,-4,55,14.760,72.350,26595,26525,1330,1319,0
121612,-0.486,0.284,0.100,0.322,-0.039,-0.182,0.678,-0.113,-0.726,-0.011,1409995776.000,0.008,26388,26715,-16,6,55,14.830,72.510,25974,27173,1408,1223,0
121712,-0.376,0.240,-1.950,0.468,0.124,-0.356,0.684,-0.089,-0.724,-0.009,1423329152.000,0.005,26750,26604,-20,-4,55,14.830,72.510,25974,27173,1408,1223,0
121812,-0.315,0.285,1.030,0.071,0.000,-0.426,0.686,-0.069,-0.725,-0.011,1409995776.000,0.004,26708,26395,-12,14,55,14.830,72.510,25974,27173,1408,1223,0
121912,-0.207,0.580,0.870,0.201,0.294,-0.460,0.690,-0.050,-0.722,-0.022,1398231040.000,0.002,26714,26165,-15,2,55,14.830,72.510,25974,27173,1408,1223,0
122012,0.016,0.122,-0.400,0.192,0.496,-0.313,0.705,-0.028,-0.708,-0.031,1409995776.000,-0.000,26841,26259,0,-12,55,14.800,72.230,26666,26246,1359,1275,0
122112,0.193,-0.055,-0.510,0.060,-0.139,-0.037,0.713,-0.016,-0.700,-0.031,1409995776.000,-0.000,26737,26365,-14,11,55,14.800,72.230,26666,26246,1359,1275,0
122212,0.893,-0.235,-2.450,0.281,-0.162,0.264,0.706,-0.012,-0.708,-0.022,1409995776.000,-0.008,27192,25896,-8,1,55,14.800,72.230,26666,26246,1359,1275,0
122312,0.365,-0.027,-0.970,-0.178,-0.287,0.534,0.699,-0.023,-0.715,-0.005,1409995776.000,-0.001,26144,26953,-9,21,55,14.800,72.230,26666,26246,1359,1275,0
122412,-0.233,0.137,0.250,-0.360,-0.071,-0.031,0.691,-0.049,-0.721,-0.006,1409995776.000,0.001,26518,26586,-5,16,56,14.800,72.310,26041,26809,1379,1326,0
122512,-0.150,0.136,0.450,0.337,-0.024,-0.249,0.691,-0.037,-0.722,-0.010,1409995776.000,0.001,26762,26340,-23,-2,56,14.800,72.310,26041,26809,1379,1326,0
122612,0.247,0.143,0.330,-0.076,0.057,-0.043,0.690,-0.030,-0.723,-0.016,1409995776.000,0.002,26871,26229,-7,8,56,14.800,72.310,26041,26809,1379,1326,0
122712,0.456,0.285,2.110,0.097,0.139,0.333,0.695,-0.033,-0.718,-0.010,1409995776.000,0.008,26625,26478,-16,8,56,14.800,72.310,26041,26809,1379,1326,0
122812,0.282,0.291,-2.080,-0.170,0.128,0.401,0.698,-0.048,-0.715,0.001,1409995776.000,0.010,26462,26641,-7,14,56,14.800,72.430,26385,26809,1377,1245,0
122912,0.009,0.215,1.350,-0.034,0.361,0.300,0.707,-0.064,-0.705,0.010,1409995776.000,0.007,26340,26762,-4,1,56,14.800,72.430,26385,26809,1377,1245,0
123012,-0.130,0.249,1.290,-0.138,0.193,0.148,0.716,-0.075,-0.693,0.013,1409995776.000,0.009,26398,26704,-9,12,56,14.800,72.430,26385,26809,1377,1245,0
123112,-0.163,0.270,-1.330,-0.058,0.199,0.019,0.721,-0.083,-0.688,0.011,1409995776.000,0.010,26499,26605,-10,6,56,14.820,72.510,26525,26315,1318,1394,0
123212,-0.538,-0.136,-1.130,-0.094,0.241,-0.103,0.729,-0.085,-0.679,0.008,1409995776.000,-0.003,26230,26870,4,-1,56,14.820,72.510,26525,26315,1318,1394,0
123312,-0.451,-0.202,-0.540,0.016,-0.150,-0.323,0.731,-0.081,-0.678,-0.004,1409995776.000,-0.004,26562,26542,-12,4,56,14.820,72.510,26525,26315,1318,1394,0
123412,-0.263,-0.145,0.690,0.087,-0.183,-0.277,0.724,-0.068,-0.686,-0.012,1409995776.000,-0.002,26627,26476,-13,4,56,14.820,72.510,26525,26315,1318,1394,0
123512,-0.149,-0.146,-1.840,-0.040,-0.099,-0.192,0.719,-0.060,-0.692,-0.020,1354309504.000,-0.002,26093,25952,-6,5,56,14.800,72.640,26666,26737,1165,1087,0
123612,-0.082,-0.070,0.390,-0.088,-0.132,-0.083,0.715,-0.060,-0.696,-0.028,1402936960.000,-0.001,26487,26483,-9,9,56,14.800,72.640,26666,26737,1165,1087,0
123712,-0.064,-0.017,0.240,-0.128,-0.170,-0.039,0.708,-0.064,-0.702,-0.035,1409995776.000,-0.000,26540,26564,-10,12,56,14.800,72.640,26666,26737,1165,1087,0
123812,-0.053,0.015,-0.890,0.009,-0.048,-0.023,0.704,-0.066,-0.706,-0.039,1409995776.000,0.000,26537,26567,-11,5,56,14.800,72.640,26666,26737,1165,1087,0
123912,0.146,-0.052,1.170,-0.064,0.062,-0.029,0.704,-0.066,-0.706,-0.040,1409995776.000,-0.001,26807,26295,-3,3,56,14.780,72.550,26595,26666,1320,1289,0
124012,0.122,-0.115,-1.300,-0.042,0.029,0.099,0.707,-0.067,-0.703,-0.040,1409995776.000,-0.002,26523,26581,-4,4,56,14.780,72.550,26595,26666,1320,1289,0
124112,-0.108,0.022,1.100,-0.299,-0.138,0.083,0.703,-0.078,-0.705,-0.044,1409995776.000,0.000,26325,26777,-6,19,56,14.780,72.550,26595,26666,1320,1289,0
124212,-0.208,0.037,0.800,-0.076,0.042,0.000,0.701,-0.086,-0.706,-0.049,1409995776.000,0.001,26408,26695,-11,3,56,14.780,72.550,26595,26666,1320,1289,0
124312,-0.188,0.055,0.290,0.086,0.056,-0.079,0.704,-0.082,-0.704,-0.048,1409995776.000,0.000,26492,26612,-11,3,56,14.760,72.550,25974,26595,1445,1342,0
124412,-0.142,0.053,-1.150,-0.093,-0.030,-0.127,0.704,-0.078,-0.704,-0.053,1409995776.000,0.000,26562,26541,-8,11,56,14.760,72.550,25974,26595,1445,1342,0
124512,0.382,0.014,0.730,-0.153,0.053,-0.092,0.703,-0.080,-0.704,-0.062,1393525248.000,0.000,26983,25796,-3,7,56,14.760,72.550,25974,26595,1445,1342,0
124612,0.448,0.048,0.290,0.014,0.152,0.284,0.707,-0.082,-0.700,-0.059,1409995776.000,0.001,26569,26534,-7,3,56,14.760,72.550,25974,26595,1445,1342,0
124712,-0.009,0.038,-0.550,-0.686,0.039,0.242,0.709,-0.104,-0.695,-0.061,1409995776.000,0.001,26249,26852,12,27,56,14.760,72.640,26737,26666,1113,1465,0
124812,-0.209,0.002,-1.010,-0.009,0.183,-0.059,0.712,-0.115,-0.689,-0.069,1409995776.000,0.000,26477,26627,-7,-3,56,14.760,72.640,26737,26666,1113,1465,0
124912,-0.133,-0.105,0.540,-0.022,0.021,-0.101,0.716,-0.109,-0.686,-0.072,1326858496.000,-0.001,25780,25734,-4,6,56,14.760,72.640,26737,26666,1113,1465,0
125012,-0.094,-0.094,-0.320,-0.189,-0.044,-0.106,0.714,-0.111,-0.687,-0.080,1409995776.000,-0.001,26583,26520,-3,10,56,14.760,72.640,26737,26666,1113,1465,0
125112,-0.052,-0.095,2.270,-0.084,0.054,-0.124,0.713,-0.113,-0.687,-0.089,1409995776.000,-0.001,26637,26466,-4,2,56,14.770,72.390,26666,26595,1318,1298,0
125212,0.189,-0.243,-0.940,0.019,0.041,-0.094,0.714,-0.109,-0.685,-0.094,1409995776.000,-0.004,26852,26248,-4,-5,56,14.770,72.390,26666,26595,1318,1298,0
125312,0.504,-0.402,-0.390,0.133,-0.130,0.198,0.714,-0.106,-0.686,-0.088,1409995776.000,-0.013,26797,26304,-6,-3,56,14.770,72.390,26666,26595,1318,1298,0
125412,0.427,-0.299,1.050,-0.376,-0.439,0.403,0.703,-0.126,-0.695,-0.080,1409995776.000,-0.012,26531,26572,-2,22,56,14.770,72.390,26666,26595,1318,1298,0
125512,0.282,-0.203,-1.200,-0.084,-0.196,0.359,0.692,-0.150,-0.702,-0.075,1409995776.000,-0.009,26480,26634,-8,4,57,14.760,72.600,26737,26737,1281,1288,0
125612,-0.064,-0.110,1.360,-0.334,-0.191,0.278,0.686,-0.166,-0.705,-0.067,1409995776.000,-0.005,26234,26866,2,19,57,14.760,72.600,26737,26737,1281,1288,0
125712,-0.174,-0.012,1.110,-0.127,-0.117,0.021,0.679,-0.178,-0.709,-0.070,1409995776.000,-0.000,26461,26643,-8,9,57,14.760,72.600,26737,26737,1281,1288,0
125812,-0.174,-0.002,0.410,0.000,0.028,-0.002,0.678,-0.179,-0.710,-0.070,1409995776.000,0.000,26428,26675,-6,3,57,14.760,72.600,26737,26737,1281,1288,0
125912,-0.564,0.218,-0.020,-0.307,0.007,-0.060,0.677,-0.184,-0.709,-0.076,1409995776.000,0.006,25972,27119,-5,22,57,14.780,72.680,26315,26737,1312,1352,0
126012,-0.483,0.204,1.510,-0.039,0.201,-0.314,0.676,-0.186,-0.707,-0.093,1409995776.000,0.005,26492,26612,-9,1,57,14.780,72.680,26315,26737,1312,1352,0
126112,-0.367,0.125,-0.990,0.004,0.244,-0.269,0.685,-0.172,-0.701,-0.102,1404995840.000,0.002,26412,26597,-3,3,57,14.780,72.680,26315,26737,1312,1352,0
126212,-0.268,0.074,-0.130,-0.236,0.181,-0.257,0.688,-0.168,-0.696,-0.118,1394995968.000,0.001,26350,26375,1,10,57,14.780,72.680,26315,26737,1312,1352,0
126312,-0.174,0.008,-1.070,-0.074,0.289,-0.202,0.694,-0.163,-0.689,-0.132,1389996032.000,0.000,26339,26386,1,-1,57,14.760,72.550,26525,26178,1281,1365,0
126412,0.029,-0.172,-0.830,-0.046,0.284,-0.131,0.702,-0.157,-0.680,-0.142,1389996032.000,-0.002,26522,26203,5,-5,57,14.760,72.550,26525,26178,1281,1365,0
126512,0.331,-0.439,0.720,-0.017,0.117,0.012,0.708,-0.154,-0.673,-0.146,1389996032.000,-0.009,26594,26130,5,-6,57,14.760,72.550,26525,26178,1281,1365,0
126612,-0.153,-0.117,-0.730,-0.367,-0.249,0.234,0.707,-0.161,-0.674,-0.140,1389996032.000,-0.001,25784,26929,0,28,57,14.760,72.550,26525,26178,1281,1365,0
126712,-0.147,-0.087,-0.260,0.171,0.137,-0.129,0.701,-0.172,-0.675,-0.152,1389996032.000,-0.000,26368,26358,-10,-14,57,14.760,72.550,26525,26178,1281,1365,0
126812,-0.114,-0.140,-2.270,0.004,0.057,-0.034,0.708,-0.159,-0.672,-0.147,1389996032.000,-0.000,26233,26492,1,6,57,14.780,72.600,26455,26455,1296,1291,0
126912,0.158,-0.305,-0.640,-0.236,-0.094,-0.032,0.702,-0.170,-0.673,-0.157,1389996032.000,-0.005,26563,26161,4,3,57,14.780,72.600,26455,26455,1296,1291,0
127012,0.367,-0.664,-0.730,0.176,-0.204,0.249,0.701,-0.170,-0.676,-0.149,1389996032.000,-0.019,26348,26377,-2,-10,57,14.780,72.600,26455,26455,1296,1291,0
127112,0.251,-0.494,0.390,-0.557,-0.726,0.267,0.682,-0.194,-0.691,-0.143,1389996032.000,-0.016,26280,26446,2,31,57,14.780,72.600,26455,26455,1296,1291,0
127212,0.180,-0.343,1.010,-0.024,-0.310,0.153,0.664,-0.213,-0.703,-0.140,1389996032.000,-0.011,26351,26375,-7,-1,57,14.780,72.600,25974,26455,1412,1299,0
127312,-0.173,0.115,1.510,-0.330,-0.233,0.080,0.654,-0.223,-0.709,-0.140,1389996032.000,0.004,25938,26781,-7,27,57,14.780,72.600,25974,26455,1412,1299,0
127412,-0.321,0.379,-0.260,-0.388,0.013,-0.242,0.641,-0.239,-0.712,-0.159,1389996032.000,0.007,26287,26439,-7,19,57,14.780,72.600,25974,26455,1412,1299,0
127512,-0.179,0.281,-0.270,0.077,0.547,-0.408,0.649,-0.226,-0.704,-0.177,1389996032.000,0.003,26606,26118,1,-9,57,14.780,72.600,25974,26455,1412,1299,0
127612,0.025,0.067,-0.370,-0.361,0.281,-0.339,0.659,-0.214,-0.693,-0.199,1389996032.000,0.001,26685,26037,11,13,57,14.780,72.640,26455,25974,1374,1334,0
127712,0.294,-0.285,-1.100,-0.137,0.203,-0.174,0.660,-0.216,-0.684,-0.222,1389996032.000,-0.002,26771,25948,8,-6,57,14.780,72.640,26455,25974,1374,1334,0
127812,0.384,-0.308,1.530,-0.172,-0.174,0.019,0.658,-0.219,-0.683,-0.229,1389996032.000,-0.002,26627,26096,0,10,57,14.780,72.640,26455,25974,1374,1334,0
127912,0.367,0.151,-1.270,-0.416,-0.154,0.098,0.648,-0.235,-0.686,-0.235,1389996032.000,0.002,26582,26142,-2,24,57,14.780,72.640,26455,25974,1374,1334,0
128012,0.693,-0.054,-0.190,-0.220,0.409,0.209,0.653,-0.245,-0.674,-0.242,1389996032.000,-0.001,26929,25785,15,-6,57,14.760,73.000,26737,25773,1327,1363,0
128112,0.643,-0.252,0.850,-0.229,0.106,0.484,0.665,-0.259,-0.658,-0.240,1389996032.000,-0.009,26458,26267,8,5,57,14.760,73.000,26737,25773,1327,1363,0
128212,0.118,-0.167,-0.900,-0.236,-0.240,0.381,0.661,-0.286,-0.653,-0.234,1433917568.000,-0.005,26539,27012,-6,10,57,14.760,73.000,26737,25773,1327,1363,0
128312,0.004,-0.128,-1.830,-0.080,0.056,0.030,0.658,-0.298,-0.651,-0.232,1420584320.000,-0.004,26777,26525,2,0,57,14.750,73.200,26954,26737,1296,1278,0
128412,0.022,-0.408,0.410,-0.149,0.047,-0.082,0.659,-0.299,-0.648,-0.238,1389996032.000,-0.012,26587,26137,12,-3,57,14.750,73.200,26954,26737,1296,1278,0
128512,0.059,-0.382,-1.390,-0.151,-0.242,-0.094,0.652,-0.303,-0.650,-0.246,1389996032.000,-0.010,26653,26160,-2,7,57,14.750,73.200,26954,26737,1296,1278,0
128612,0.094,-0.276,0.500,-0.052,-0.361,-0.089,0.639,-0.306,-0.662,-0.245,1438623488.000,-0.007,27076,26562,-5,9,57,14.750,73.200,26954,26737,1296,1278,0
128712,0.174,-0.233,-0.270,-0.127,-0.188,-0.062,0.628,-0.309,-0.670,-0.246,1449603840.000,-0.005,27232,26608,3,7,57,14.720,73.360,27173,26455,1396,1365,0
128812,0.101,0.066,-1.980,-0.167,-0.081,0.000,0.621,-0.315,-0.673,-0.250,1389996032.000,0.004,26502,26223,-4,15,57,14.720,73.360,27173,26455,1396,1365,0
128912,-0.104,0.265,-0.140,-0.248,0.152,-0.051,0.619,-0.320,-0.670,-0.257,1389996032.000,0.006,26412,26314,3,14,57,14.720,73.360,27173,26455,1396,1365,0
129012,-0.061,0.083,1.040,0.158,0.419,-0.101,0.628,-0.312,-0.662,-0.265,1389996032.000,0.002,26538,26186,2,-11,57,14.720,73.360,27173,26455,1396,1365,0
129112,0.132,-0.284,0.080,-0.032,0.109,0.043,0.638,-0.305,-0.655,-0.268,1389996032.000,-0.005,26580,26144,8,-1,58,14.760,72.800,26595,26246,1365,1244,0
129212,0.121,-0.301,1.000,0.007,-0.192,0.189,0.635,-0.312,-0.655,-0.264,1389996032.000,-0.006,26390,26335,-3,3,58,14.760,72.800,26595,26246,1365,1244,0
129312,0.047,-0.256,1.170,0.137,-0.082,0.174,0.634,-0.319,-0.657,-0.256,1389996032.000,-0.006,26369,26356,-2,-3,58,14.760,72.800,26595,26246,1365,1244,0
129412,-0.019,-0.131,0.880,0.093,-0.079,0.150,0.635,-0.321,-0.658,-0.246,1389996032.000,-0.003,26337,26388,-3,3,58,14.730,72.880,26109,26455,1387,1301,0
129512,-0.057,-0.112,0.260,0.083,-0.024,0.054,0.636,-0.323,-0.659,-0.240,1389996032.000,-0.002,26409,26316,-1,2,58,14.730,72.880,26109,26455,1387,1301,0
129612,-0.119,0.001,0.360,0.053,0.048,-0.007,0.637,-0.322,-0.659,-0.237,1389996032.000,0.001,26391,26335,-2,3,58,14.730,72.880,26109,26455,1387,1301,0
129712,-0.092,-0.066,-2.160,0.073,0.147,-0.117,0.641,-0.317,-0.657,-0.239,1389996032.000,-0.001,26537,26187,2,-3,58,14.730,72.880,26109,26455,1387,1301,0
129812,-0.050,-0.251,-0.840,0.050,0.127,-0.107,0.646,-0.308,-0.655,-0.242,1389996032.000,-0.006,26533,26191,6,-5,58,14.730,72.760,26595,26315,1319,1279,0
129912,-0.079,-0.275,1.280,-0.112,-0.120,-0.119,0.643,-0.307,-0.656,-0.249,1389996032.000,-0.005,26471,26254,3,6,58,14.730,72.760,26595,26315,1319,1279,0
130012,-0.093,-0.175,0.350,-0.019,-0.194,-0.097,0.635,-0.311,-0.660,-0.255,1405682304.000,-0.002,26601,26421,-5,6,58,14.730,72.760,26595,26315,1319,1279,0
130112,-0.097,0.063,-1.360,0.016,-0.087,-0.031,0.628,-0.312,-0.665,-0.256,1474701952.000,0.002,27176,27133,-6,7,58,14.730,72.760,26595,26315,1319,1279,0
130212,-0.101,0.045,1.720,0.202,0.199,0.004,0.630,-0.310,-0.665,-0.256,1495094016.000,0.002,27324,27345,3,-16,58,14.650,73.640,27322,27322,1342,1324,0
130312,-0.125,-0.347,0.050,0.159,0.004,0.097,0.640,-0.302,-0.661,-0.250,1488819584.000,-0.004,27166,27401,4,-6,58,14.650,73.640,27322,27322,1342,1324,0
130412,-0.164,-0.218,0.640,0.152,-0.447,0.039,0.635,-0.305,-0.668,-0.240,1502937216.000,-0.002,27358,27468,-14,9,58,14.650,73.640,27322,27322,1342,1324,0
130512,-0.175,0.106,0.350,0.480,-0.086,-0.040,0.630,-0.297,-0.682,-0.224,1509211776.000,0.004,27464,27477,-14,-3,58,14.650,73.960,27322,27932,1430,1271,0
130612,-0.172,0.114,1.080,0.094,0.002,-0.027,0.633,-0.287,-0.686,-0.215,1512348928.000,0.004,27449,27548,-2,7,58,14.650,73.960,27322,27932,1430,1271,0
130712,-0.187,0.314,-0.280,0.266,-0.029,-0.068,0.635,-0.280,-0.689,-0.210,1437839232.000,0.006,26785,26841,-18,7,58,14.650,73.960,27322,27932,1430,1271,0
130812,-0.229,0.305,1.060,0.036,0.121,-0.173,0.637,-0.270,-0.691,-0.208,1389996032.000,0.005,26386,26339,-3,8,58,14.650,73.960,27322,27932,1430,1271,0
130912,-0.132,0.246,0.610,-0.036,0.238,-0.309,0.641,-0.262,-0.687,-0.220,1467643136.000,0.003,27358,26818,0,4,58,14.720,73.080,26737,25906,1295,1362,0
131012,-0.028,0.178,0.860,0.057,0.243,-0.208,0.646,-0.249,-0.684,-0.230,1478623488.000,0.001,27394,26985,-2,0,58,14.720,73.080,26737,25906,1295,1362,0
131112,0.042,0.099,-0.830,0.022,0.313,-0.161,0.653,-0.240,-0.677,-0.239,1389996032.000,0.000,26607,26117,3,-3,58,14.720,73.080,26737,25906,1295,1362,0
131212,0.077,0.013,-0.540,0.121,0.278,0.002,0.662,-0.232,-0.670,-0.244,1389996032.000,0.000,26441,26284,0,-6,58,14.720,73.080,26737,25906,1295,1362,0
131312,0.062,-0.110,-0.230,0.218,0.150,0.070,0.672,-0.226,-0.664,-0.240,1389996032.000,0.000,26405,26320,-2,-8,58,14.760,73.200,26178,26315,1390,1301,0
131412,0.022,-0.249,1.030,0.271,0.031,0.178,0.679,-0.220,-0.662,-0.229,1449603840.000,0.000,26817,27027,-2,-8,58,14.760,73.200,26178,26315,1390,1301,0
131512,0.029,-0.507,0.610,0.227,-0.334,0.352,0.681,-0.220,-0.666,-0.211,1467643136.000,-0.004,26778,27340,-5,-3,58,14.760,73.200,26178,26315,1390,1301,0
131612,-0.123,-0.196,0.080,0.276,-0.551,0.391,0.670,-0.231,-0.680,-0.186,1389996032.000,-0.003,25930,26789,-20,7,58,14.760,73.200,26178,26315,1390,1301,0
131712,-0.263,0.087,0.400,0.490,-0.117,0.257,0.665,-0.232,-0.692,-0.157,1389996032.000,0.002,25968,26752,-16,-6,59,14.750,73.080,25773,26737,1336,1343,0
131812,-0.275,0.096,0.040,0.292,0.066,0.081,0.671,-0.225,-0.693,-0.139,1396270592.000,0.003,26200,26643,-7,-3,59,14.750,73.080,25773,26737,1336,1343,0
131912,-0.315,0.178,-0.020,0.336,-0.113,-0.053,0.674,-0.215,-0.695,-0.127,1389996032.000,0.005,26180,26544,-17,4,59,14.750,73.080,25773,26737,1336,1343,0
132012,-0.412,0.210,1.030,0.180,-0.079,-0.213,0.671,-0.203,-0.703,-0.121,1408035200.000,0.004,26363,26702,-11,6,59,14.750,73.080,25773,26737,1336,1343,0
132112,-0.323,0.196,0.630,0.160,0.132,-0.259,0.672,-0.190,-0.705,-0.124,1389996032.000,0.003,26303,26423,-6,-1,58,14.650,73.240,26385,26809,1341,1314,0
132212,-0.244,0.150,-0.250,0.336,0.107,-0.093,0.678,-0.172,-0.704,-0.123,1389996032.000,0.002,26131,26592,-12,-5,58,14.650,73.240,26385,26809,1341,1314,0
132312,-0.153,0.136,-0.650,-0.160,-0.034,-0.113,0.680,-0.166,-0.704,-0.122,1389996032.000,0.002,26309,26416,0,15,58,14.650,73.240,26385,26809,1341,1314,0
132412,0.196,0.146,-0.170,0.224,0.032,0.004,0.678,-0.163,-0.706,-0.125,1389996032.000,0.004,26508,26217,-13,-4,58,14.650,73.240,26385,26809,1341,1314,0
132512,0.222,0.269,-0.180,0.090,-0.013,0.194,0.682,-0.159,-0.705,-0.113,1389996032.000,0.008,26268,26457,-11,10,59,14.700,73.360,26385,26315,1371,1274,0
132612,-0.064,0.261,0.970,0.031,0.072,0.210,0.682,-0.165,-0.704,-0.106,1389996032.000,0.006,25926,26792,-7,5,59,14.700,73.360,26385,26315,1371,1274,0
132712,-0.291,0.191,-1.220,-0.031,0.283,-0.072,0.689,-0.170,-0.697,-0.106,1389996032.000,0.003,26114,26609,0,-1,59,14.700,73.360,26385,26315,1371,1274,0
132812,-0.291,0.290,1.700,0.124,0.106,-0.203,0.696,-0.160,-0.691,-0.109,1389996032.000,0.004,26254,26472,-13,5,59,14.700,73.360,26385,26315,1371,1274,0
132912,-0.199,0.675,1.270,0.064,0.239,-0.234,0.699,-0.149,-0.689,-0.115,1389996032.000,0.006,26338,26388,-14,11,58,14.690,73.200,26109,26666,1364,1274,0
133012,-0.114,0.040,0.350,0.083,0.712,-0.206,0.716,-0.136,-0.674,-0.123,1389996032.000,0.000,26365,26360,18,-22,58,14.690,73.200,26109,26666,1364,1274,0
133112,-0.040,-0.260,-0.050,-0.011,-0.142,-0.156,0.730,-0.126,-0.659,-0.132,1389996032.000,0.001,26371,26355,-7,8,58,14.690,73.200,26109,26666,1364,1274,0
133212,0.102,-0.111,-1.700,0.072,-0.522,-0.113,0.713,-0.125,-0.677,-0.134,1389996032.000,-0.000,26490,26221,-18,12,58,14.690,73.200,26109,26666,1364,1274,0
133312,0.277,-0.098,0.520,0.050,0.108,0.121,0.707,-0.121,-0.685,-0.130,1389996032.000,-0.001,26357,26369,4,-6,59,14.720,73.280,26385,26455,1362,1257,0
133412,-0.048,-0.113,-0.560,-0.249,-0.086,0.170,0.709,-0.132,-0.681,-0.128,1389996032.000,-0.000,26011,26710,2,11,59,14.720,73.280,26385,26455,1362,1257,0
133512,0.191,-0.051,0.280,0.158,-0.211,0.044,0.702,-0.139,-0.687,-0.126,1389996032.000,-0.001,26583,26141,-16,-1,59,14.720,73.280,26385,26455,1362,1257,0
133612,0.512,-0.148,0.490,0.238,-0.120,0.184,0.700,-0.133,-0.693,-0.113,1389996032.000,-0.005,26651,26071,-7,-4,59,14.720,73.280,26385,26455,1362,1257,0
133712,0.349,-0.088,-0.700,-0.509,-0.276,0.467,0.694,-0.149,-0.697,-0.101,1389996032.000,-0.003,26081,26641,9,28,59,14.680,73.400,26595,26109,1285,1370,0
133812,-0.375,0.182,0.430,-0.432,-0.148,0.069,0.681,-0.182,-0.700,-0.110,1389996032.000,0.003,25877,26840,-4,17,59,14.680,73.400,26595,26109,1285,1370,0
133913,-0.302,0.160,-0.400,0.320,0.162,-0.324,0.683,-0.172,-0.700,-0.114,1389996032.000,0.002,26432,26293,-15,-11,59,14.680,73.400,26595,26109,1285,1370,0
134013,-0.175,0.187,-0.130,-0.532,-0.078,-0.313,0.683,-0.164,-0.700,-0.128,1389996032.000,0.001,26442,26283,7,31,59,14.680,73.400,26595,26109,1285,1370,0
134113,0.340,0.653,-0.010,-0.182,0.079,-0.271,0.674,-0.171,-0.701,-0.157,1389996032.000,0.012,26896,25819,-20,15,59,14.700,73.200,27173,25706,1353,1249,0
134213,0.581,0.457,0.110,-0.256,0.583,0.214,0.689,-0.171,-0.686,-0.160,1389996032.000,0.013,26495,26230,18,9,59,14.700,73.200,27173,25706,1353,1249,0
134313,-0.144,-0.130,-1.530,-1.086,0.329,0.123,0.699,-0.197,-0.663,-0.181,1389996032.000,-0.001,25845,26871,37,23,59,14.700,73.200,27173,25706,1353,1249,0
134413,-0.026,-0.083,0.650,-0.034,-0.411,-0.297,0.688,-0.213,-0.664,-0.202,1389996032.000,-0.000,26699,26022,-25,8,59,14.700,73.200,27173,25706,1353,1249,0
134513,0.671,-0.111,-0.300,-0.093,-0.016,0.000,0.678,-0.206,-0.675,-0.202,1389996032.000,-0.003,26876,25839,19,13,59,14.690,73.480,26881,25839,1362,1280,0
134612,0.583,-0.130,1.300,-0.806,-0.128,0.303,0.674,-0.234,-0.666,-0.215,1389996032.000,-0.004,26520,26204,16,27,59,14.690,73.480,26881,25839,1362,1280,0
134712,0.479,-0.029,-2.560,-0.156,-0.397,0.273,0.661,-0.261,-0.669,-0.217,1393917568.000,-0.001,26560,26239,-16,13,59,14.690,73.480,26881,25839,1362,1280,0
134812,0.378,0.036,0.230,-0.630,-0.057,0.262,0.652,-0.287,-0.666,-0.221,1422152832.000,0.002,26784,26554,15,23,59,14.690,73.480,26881,25839,1362,1280,0
134912,0.302,0.030,0.390,-0.512,-0.158,0.204,0.643,-0.316,-0.658,-0.233,1442545024.000,0.002,26991,26721,0,20,59,14.690,73.480,26881,25839,1362,1280,0
135012,0.242,0.092,0.530,-0.438,-0.061,0.161,0.633,-0.337,-0.655,-0.239,1435486208.000,0.006,26927,26654,3,17,59,14.710,73.760,26881,26666,1388,1357,0
135112,0.140,0.242,-1.560,-0.467,0.170,0.134,0.630,-0.355,-0.644,-0.251,1389996032.000,0.013,26398,26327,5,17,59,14.710,73.760,26881,26666,1388,1357,0
135212,0.093,0.226,1.350,-0.391,0.361,0.112,0.632,-0.368,-0.628,-0.264,1389996032.000,0.012,26422,26304,9,10,59,14.710,73.760,26881,26666,1388,1357,0
135312,0.060,0.162,0.950,-0.353,0.462,0.111,0.640,-0.377,-0.609,-0.279,1389996032.000,0.008,26387,26338,12,6,59,14.700,73.640,26595,26455,1280,1289,0
135412,0.061,0.048,0.070,-0.276,0.389,0.094,0.648,-0.384,-0.589,-0.293,1389996032.000,0.003,26422,26304,9,4,59,14.700,73.640,26595,26455,1280,1289,0
135512,0.221,-0.349,-1.150,-0.109,0.206,0.182,0.655,-0.389,-0.574,-0.300,1389996032.000,-0.022,26467,26258,10,-3,59,14.700,73.640,26595,26455,1280,1289,0
135612,0.050,-0.393,-0.380,-0.056,-0.240,0.207,0.654,-0.398,-0.571,-0.296,1389996032.000,-0.025,26208,26517,-2,6,59,14.700,73.640,26595,26455,1280,1289,0
135712,-0.356,-0.291,0.090,-0.216,-0.229,0.070,0.644,-0.414,-0.573,-0.291,1389996032.000,-0.015,26018,26703,4,11,60,14.700,73.600,25839,26525,1343,1391,0
135812,-0.593,-0.101,-1.340,0.079,0.032,-0.326,0.637,-0.416,-0.577,-0.297,1512348928.000,-0.004,27441,27556,-6,-8,60,14.700,73.600,25839,26525,1343,1391,0
135912,-0.456,-0.393,0.350,0.157,-0.024,-0.361,0.637,-0.398,-0.586,-0.304,1519407744.000,-0.012,27576,27549,4,-6,60,14.700,73.600,25839,26525,1343,1391,0
136012,-0.697,-0.362,0.020,0.108,-0.226,-0.386,0.629,-0.388,-0.598,-0.310,1498231296.000,-0.004,27083,27654,-3,2,60,14.700,73.600,25839,26525,1343,1391,0
136112,-0.650,-0.191,0.280,0.482,-0.242,-0.739,0.618,-0.367,-0.621,-0.313,1429211776.000,0.002,26990,26472,-17,-6,60,14.530,73.840,26881,27932,1303,1264,0
136212,-0.312,-0.217,-0.490,0.621,-0.262,-0.693,0.612,-0.325,-0.651,-0.309,1429211776.000,0.004,27140,26318,-15,-4,60,14.530,73.840,26881,27932,1303,1264,0
136312,0.015,-0.340,0.490,0.148,-0.468,-0.642,0.593,-0.302,-0.677,-0.314,1486466560.000,0.010,27919,26590,-7,10,60,14.530,73.840,26881,27932,1303,1264,0
136412,0.460,0.201,-1.540,0.513,-0.400,-0.409,0.574,-0.282,-0.703,-0.312,1402545024.000,0.001,27315,25621,-32,7,60,14.530,73.840,26881,27932,1303,1264,0
136512,0.667,0.460,-0.980,-0.022,0.327,-0.073,0.572,-0.271,-0.709,-0.310,1389996032.000,-0.002,27023,25686,6,6,60,14.650,73.760,27472,25839,1274,1207,0
136612,0.971,0.292,0.420,0.267,0.389,0.312,0.591,-0.265,-0.697,-0.309,1389996032.000,0.003,26997,25713,-7,-5,60,14.650,73.760,27472,25839,1274,1207,0
136712,1.027,0.141,0.340,0.090,0.180,0.767,0.611,-0.274,-0.685,-0.287,1389996032.000,0.005,26582,26142,-2,6,60,14.650,73.760,27472,25839,1274,1207,0
136812,0.555,-0.308,-0.750,-0.071,0.042,0.770,0.624,-0.301,-0.670,-0.268,1399407744.000,-0.008,26254,26648,8,-1,60,14.690,73.760,26595,26109,1227,1484,0
136912,-0.284,0.280,-0.140,-0.092,-0.303,0.357,0.623,-0.327,-0.663,-0.254,1408035200.000,0.005,26084,26975,-22,27,60,14.690,73.760,26595,26109,1227,1484,0
137012,-0.332,0.320,1.130,0.349,0.386,0.013,0.626,-0.329,-0.662,-0.249,1406466560.000,0.006,26484,26553,-8,-12,60,14.690,73.760,26595,26109,1227,1484,0
137112,-0.202,0.194,-1.690,0.017,0.280,0.067,0.642,-0.321,-0.650,-0.251,1413525504.000,0.004,26535,26635,1,6,60,14.690,73.760,26595,26109,1227,1484,0
137212,0.107,0.172,0.770,0.234,0.278,0.197,0.651,-0.319,-0.643,-0.246,1448035200.000,0.007,27023,26792,-6,-5,60,14.600,74.160,27027,27027,1372,1288,0
137312,-0.505,-0.012,0.350,0.110,0.317,0.304,0.668,-0.316,-0.631,-0.235,1389996032.000,-0.000,25517,27182,6,-3,60,14.600,74.160,27027,27027,1372,1288,0
137412,-0.517,-0.069,-1.270,0.364,0.053,-0.118,0.674,-0.317,-0.623,-0.240,1389996032.000,-0.001,26228,26497,-17,-10,60,14.600,74.160,27027,27027,1372,1288,0
137512,-0.109,-0.279,0.660,0.289,0.019,-0.067,0.680,-0.298,-0.630,-0.229,1389996032.000,-0.010,26509,26216,0,-9,60,14.600,74.160,27027,27027,1372,1288,0
137612,-0.036,-0.436,-0.530,0.110,-0.214,0.123,0.681,-0.296,-0.632,-0.222,1389996032.000,-0.017,26296,26430,-1,0,60,14.680,73.840,26595,26109,1324,1335,0
137712,-0.405,0.005,0.000,0.301,-0.312,0.066,0.675,-0.296,-0.643,-0.208,1389996032.000,0.000,25874,26843,-21,7,60,14.680,73.840,26595,26109,1324,1335,0
137812,-0.414,-0.012,0.100,0.406,0.111,-0.328,0.673,-0.287,-0.651,-0.203,1459015680.000,-0.000,27120,26880,-11,-16,60,14.680,73.840,26595,26109,1324,1335,0
137912,-0.255,-0.267,0.220,0.287,-0.198,-0.219,0.677,-0.260,-0.659,-0.198,1472348928.000,-0.005,27145,27120,-5,0,60,14.580,73.840,27624,27027,1349,1406,0
138012,-0.305,0.038,-1.380,0.023,-0.312,-0.168,0.667,-0.255,-0.672,-0.196,1389996032.000,0.001,26269,26457,-11,15,60,14.580,73.840,27624,27027,1349,1406,0
138112,-0.216,0.136,-0.310,0.247,0.000,-0.268,0.662,-0.243,-0.681,-0.196,1389996032.000,0.002,26474,26252,-11,0,60,14.580,73.840,27624,27027,1349,1406,0
138212,0.005,0.099,-2.260,-0.081,-0.033,-0.219,0.660,-0.232,-0.685,-0.202,1444898048.000,0.001,27155,26599,-2,11,60,14.580,73.840,27624,27027,1349,1406,0
138312,0.309,-0.060,-0.260,0.058,0.029,-0.026,0.659,-0.227,-0.686,-0.207,1441760768.000,-0.001,27153,26542,-2,-1,61,14.610,73.920,27322,26737,1411,1214,0
138412,0.644,-0.228,-1.430,-0.169,-0.154,0.317,0.657,-0.234,-0.686,-0.205,1389996032.000,-0.008,26589,26135,2,8,61,14.610,73.920,27322,26737,1411,1214,0
138512,-0.101,0.212,-0.800,-0.299,-0.160,0.249,0.650,-0.257,-0.685,-0.204,1389996032.000,0.004,25866,26850,-6,20,61,14.610,73.920,27322,26737,1411,1214,0
138612,-0.225,0.212,0.260,-0.064,0.269,-0.168,0.647,-0.268,-0.681,-0.213,1389996032.000,0.003,26452,26273,-2,-3,61,14.610,73.920,27322,26737,1411,1214,0
138712,-0.067,0.132,-1.230,-0.109,0.209,-0.223,0.654,-0.259,-0.674,-0.225,1389996032.000,0.001,26625,26098,1,5,61,14.680,73.760,26315,26178,1388,1316,0
138812,0.313,0.083,0.550,-0.019,0.208,-0.047,0.655,-0.257,-0.669,-0.238,1389996032.000,0.002,27051,25656,-1,0,61,14.680,73.760,26315,26178,1388,1316,0
138912,0.495,0.010,0.110,-0.164,0.269,0.290,0.665,-0.258,-0.659,-0.238,1389996032.000,0.000,26518,26207,9,4,61,14.680,73.760,26315,26178,1388,1316,0
139012,0.046,-0.115,-1.250,-0.360,0.077,0.273,0.671,-0.275,-0.646,-0.240,1389996032.000,-0.002,26040,26681,9,10,61,14.680,73.760,26315,26178,1388,1316,0
139112,-0.133,-0.096,-0.820,-0.168,-0.060,0.013,0.668,-0.290,-0.640,-0.244,1389996032.000,-0.002,26361,26364,-2,6,61,14.640,73.880,25839,26737,1371,1320,0
139212,0.049,-0.238,-2.680,0.101,0.039,-0.009,0.668,-0.289,-0.641,-0.244,1389996032.000,-0.006,26535,26189,0,-7,61,14.640,73.880,25839,26737,1371,1320,0
139312,0.268,-0.447,1.110,-0.241,-0.199,0.204,0.666,-0.294,-0.641,-0.243,1389996032.000,-0.017,26473,26252,9,8,61,14.640,73.880,25839,26737,1371,1320,0
139412,-0.053,-0.140,-0.900,0.027,-0.384,0.240,0.657,-0.311,-0.645,-0.235,1389996032.000,-0.005,26025,26696,-16,11,61,14.640,73.880,25839,26737,1371,1320,0
139512,-0.347,0.112,-1.640,-0.042,-0.067,0.029,0.651,-0.318,-0.652,-0.224,1389996032.000,0.004,26177,26548,-4,8,61,14.640,73.960,26178,26315,1278,1440,0
139612,-0.369,0.026,1.080,0.210,0.170,-0.173,0.654,-0.312,-0.652,-0.225,1389996032.000,0.001,26343,26383,-3,-8,61,14.640,73.960,26178,26315,1278,1440,0
139712,-0.238,-0.122,0.550,0.053,-0.019,-0.151,0.658,-0.299,-0.653,-0.227,1399407744.000,-0.003,26470,26434,0,4,61,14.640,73.960,26178,26315,1278,1440,0
139812,-0.169,-0.097,-1.150,-0.156,-0.087,-0.137,0.650,-0.302,-0.656,-0.236,1408819584.000,-0.002,26598,26483,2,7,61,14.660,74.000,26595,26737,1348,1266,0
139912,-0.184,0.132,0.440,-0.064,0.074,-0.144,0.647,-0.300,-0.657,-0.243,1389996032.000,0.002,26385,26340,-2,7,61,14.660,74.000,26595,26737,1348,1266,0
140012,-0.120,0.035,-1.100,-0.074,0.227,-0.152,0.650,-0.295,-0.654,-0.252,1389996032.000,0.001,26455,26270,6,1,61,14.660,74.000,26595,26737,1348,1266,0
140112,0.183,-0.423,-0.060,-0.049,0.000,-0.029,0.653,-0.291,-0.649,-0.260,1389996032.000,-0.009,26608,26115,7,-4,61,14.660,74.000,26595,26737,1348,1266,0
140212,0.162,-0.245,0.910,-0.159,-0.442,0.068,0.644,-0.299,-0.656,-0.258,1389996032.000,-0.005,26467,26258,-7,18,61,14.640,73.960,26595,25974,1312,1387,0
140312,0.102,-0.085,0.020,-0.068,-0.117,0.040,0.632,-0.308,-0.663,-0.255,1389996032.000,-0.001,26472,26253,-1,4,61,14.640,73.960,26595,25974,1312,1387,0
140412,0.087,-0.187,-0.270,-0.072,0.070,0.058,0.633,-0.310,-0.662,-0.255,1389996032.000,-0.003,26446,26280,7,-1,61,14.640,73.960,26595,25974,1312,1387,0
140512,0.056,-0.211,0.020,-0.123,-0.156,0.096,0.632,-0.316,-0.660,-0.255,1389996032.000,-0.004,26400,26325,0,9,61,14.640,73.960,26595,25974,1312,1387,0
140612,-0.060,0.089,-1.560,0.046,-0.214,0.042,0.624,-0.324,-0.665,-0.253,1389996032.000,0.004,26305,26421,-13,9,61,14.640,73.960,26595,25974,1312,1387,0
140712,-0.069,0.086,0.680,0.050,0.113,-0.058,0.623,-0.323,-0.667,-0.251,1389996032.000,0.004,26462,26264,0,0,61,14.620,74.160,26385,26737,1316,1256,0
140812,-0.036,-0.010,-0.420,-0.091,0.140,-0.097,0.626,-0.320,-0.663,-0.257,1389996032.000,0.001,26517,26208,6,3,61,14.620,74.160,26385,26737,1316,1256,0
140912,0.027,-0.054,0.590,-0.191,0.070,-0.062,0.626,-0.321,-0.659,-0.267,1389996032.000,0.000,26527,26198,6,7,61,14.620,74.160,26385,26737,1316,1256,0
141012,0.056,-0.005,1.630,-0.163,0.034,-0.023,0.624,-0.326,-0.655,-0.276,1389996032.000,0.001,26506,26219,1,7,61,14.620,74.160,26385,26737,1316,1256,0
141112,0.069,0.103,-1.140,-0.002,0.059,0.014,0.623,-0.328,-0.652,-0.280,1389996032.000,0.003,26481,26244,-5,4,61,14.630,74.040,26525,26246,1336,1312,0
141212,0.056,0.072,-0.620,0.083,0.181,0.037,0.628,-0.326,-0.648,-0.280,1389996032.000,0.002,26460,26265,-1,-2,61,14.630,74.040,26525,26246,1336,1312,0
141312,0.037,0.021,-0.600,0.027,0.190,0.068,0.635,-0.324,-0.642,-0.281,1389996032.000,0.001,26406,26319,3,0,61,14.630,74.040,26525,26246,1336,1312,0
141413,0.022,0.044,-0.880,-0.103,0.232,0.001,0.641,-0.326,-0.633,-0.286,1389996032.000,0.001,26494,26230,6,3,61,14.630,74.040,26525,26246,1336,1312,0
141513,0.029,-0.015,-1.700,-0.091,0.163,-0.042,0.646,-0.326,-0.625,-0.294,1405682304.000,-0.000,26685,26336,3,1,61,14.640,74.080,26881,26315,1247,1297,0
141613,0.007,-0.235,-0.330,-0.076,0.067,-0.119,0.646,-0.326,-0.621,-0.300,1413525504.000,-0.004,26826,26342,8,-2,61,14.640,74.080,26881,26315,1247,1297,0
141712,0.096,-0.275,-0.190,-0.064,-0.099,-0.129,0.642,-0.324,-0.623,-0.307,1415094016.000,-0.004,26916,26280,3,2,61,14.640,74.080,26881,26315,1247,1297,0
141812,0.140,-0.259,0.480,0.028,-0.244,0.007,0.635,-0.326,-0.629,-0.307,1416662656.000,-0.004,26808,26416,-3,4,61,14.640,74.080,26881,26315,1247,1297,0
141912,0.193,-0.177,-0.150,-0.084,-0.303,-0.041,0.626,-0.331,-0.637,-0.304,1416662656.000,-0.003,26963,26262,-2,10,61,14.640,74.250,27173,25974,1307,1406,0
142012,0.268,-0.104,0.470,-0.077,-0.183,0.024,0.617,-0.337,-0.644,-0.303,1419015680.000,-0.001,26975,26293,0,7,61,14.640,74.250,27173,25974,1307,1406,0
142112,0.241,-0.080,-0.130,-0.128,0.007,0.122,0.614,-0.343,-0.644,-0.302,1417447040.000,-0.001,26822,26420,6,4,61,14.640,74.250,27173,25974,1307,1406,0
142212,0.234,0.068,-0.720,-0.321,0.133,0.158,0.614,-0.353,-0.635,-0.308,1401760768.000,0.002,26670,26277,9,11,61,14.640,74.250,27173,25974,1307,1406,0
142312,0.232,0.045,0.160,-0.112,0.188,0.140,0.617,-0.364,-0.624,-0.312,1389996032.000,0.002,26649,26074,4,0,61,14.640,74.080,26525,26525,1333,1240,0
142412,0.329,-0.006,-0.850,0.228,0.114,0.199,0.626,-0.363,-0.617,-0.309,1389996032.000,-0.000,26638,26085,-6,-6,61,14.640,74.080,26525,26525,1333,1240,0
142512,0.422,-0.086,-0.530,0.136,0.008,0.422,0.636,-0.366,-0.613,-0.293,1389996032.000,-0.005,26444,26282,-2,-1,61,14.640,74.080,26525,26525,1333,1240,0
142612,0.270,-0.148,-0.270,-0.118,-0.111,0.436,0.641,-0.380,-0.606,-0.278,1389996032.000,-0.009,26354,26371,5,8,61,14.640,74.080,26525,26525,1333,1240,0
142712,0.143,-0.212,0.430,-0.032,-0.181,0.290,0.640,-0.396,-0.603,-0.266,1389996032.000,-0.014,26428,26297,0,3,62,14.620,74.200,26525,26455,1304,1300,0
142812,-0.147,-0.230,1.150,0.027,-0.278,0.099,0.636,-0.403,-0.607,-0.255,1389996032.000,-0.014,26258,26415,0,7,62,14.620,74.200,26525,26455,1304,1300,0
142912,-0.308,-0.121,1.170,-0.059,-0.309,-0.213,0.625,-0.406,-0.617,-0.254,1389996032.000,-0.005,26513,26212,-4,10,62,14.620,74.200,26525,26455,1304,1300,0
143012,-0.658,0.342,-0.110,-0.172,-0.107,-0.491,0.612,-0.401,-0.630,-0.260,1389996032.000,0.013,26460,26265,-3,19,62,14.620,74.200,26525,26455,1304,1300,0
143112,-0.427,0.297,-0.980,0.152,0.313,-0.603,0.611,-0.378,-0.638,-0.278,1389996032.000,0.008,26743,25977,-1,-4,61,14.670,74.370,26385,26455,1424,1201,0
143212,0.129,0.206,-1.320,-0.157,0.280,-0.464,0.612,-0.359,-0.637,-0.302,1389996032.000,0.006,27212,25485,7,7,61,14.670,74.370,26385,26455,1424,1201,0
143312,0.527,0.044,-1.750,0.366,0.127,-0.014,0.616,-0.345,-0.637,-0.309,1389996032.000,0.002,26950,25762,-11,-10,61,14.670,74.370,26385,26455,1424,1201,0
143412,0.506,-0.003,-1.180,-0.308,0.041,0.234,0.622,-0.349,-0.632,-0.304,1389996032.000,0.000,26708,26013,12,16,62,14.630,74.120,26809,25974,1321,1322,0
143512,0.431,-0.012,0.290,0.033,0.083,0.140,0.623,-0.359,-0.625,-0.304,1389996032.000,-0.000,26810,25907,-3,-4,62,14.630,74.120,26809,25974,1321,1322,0
143612,0.273,-0.028,-0.030,-0.318,0.043,0.058,0.626,-0.362,-0.621,-0.303,1389996032.000,-0.001,26756,25964,13,14,62,14.630,74.120,26809,25974,1321,1322,0
143712,-0.169,0.087,-1.270,-0.433,0.120,-0.157,0.619,-0.374,-0.612,-0.321,1389996032.000,0.002,26528,26196,9,13,62,14.630,74.120,26809,25974,1321,1322,0
143812,-0.095,0.058,0.690,-0.099,0.127,-0.270,0.613,-0.374,-0.608,-0.339,1392348928.000,0.001,26823,26078,1,0,62,14.640,74.250,26455,26041,1427,1301,0
143912,-0.009,-0.015,-0.380,-0.448,0.374,-0.134,0.613,-0.371,-0.600,-0.357,1453525504.000,-0.000,27302,26611,23,6,62,14.640,74.250,26455,26041,1427,1301,0
144012,0.108,-0.210,1.800,0.251,0.076,0.009,0.615,-0.368,-0.591,-0.370,1492741120.000,-0.002,27616,27020,-8,-13,62,14.640,74.250,26455,26041,1427,1301,0
144112,0.225,-0.318,0.850,-0.191,-0.133,0.170,0.616,-0.370,-0.594,-0.362,1517839232.000,-0.006,27825,27269,13,9,62,14.640,74.250,26455,26041,1427,1301,0
144212,0.305,-0.443,1.690,0.007,-0.176,0.178,0.613,-0.382,-0.590,-0.360,1527250944.000,-0.012,28006,27257,3,-5,62,14.530,74.410,28169,27322,1362,1386,0
144312,0.203,-0.306,-0.190,-0.143,-0.547,0.250,0.605,-0.395,-0.599,-0.344,1495094016.000,-0.009,27510,27171,-2,18,62,14.530,74.410,28169,27322,1362,1386,0
144412,-0.346,0.197,-0.220,-0.424,-0.094,0.162,0.592,-0.419,-0.598,-0.342,1389996032.000,0.004,26127,26597,7,19,62,14.530,74.410,28169,27322,1362,1386,0
144512,-0.363,0.158,1.210,0.144,0.254,0.011,0.595,-0.420,-0.592,-0.346,1389996032.000,0.003,26326,26399,-1,-4,62,14.610,74.200,26666,26109,1283,1397,0
144612,-0.360,0.122,1.490,-0.153,-0.011,-0.034,0.598,-0.418,-0.588,-0.349,1389996032.000,0.002,26347,26379,2,13,62,14.610,74.200,26666,26109,1283,1397,0
144712,0.021,-0.145,-0.780,0.112,0.073,-0.082,0.597,-0.417,-0.587,-0.353,1389996032.000,-0.004,26822,25896,4,-9,62,14.610,74.200,26666,26109,1283,1397,0
144812,0.092,-0.297,-0.240,-0.184,-0.226,-0.020,0.596,-0.415,-0.590,-0.354,1389996032.000,-0.008,26656,26066,10,15,62,14.610,74.200,26666,26109,1283,1397,0
144912,-0.118,-0.215,0.820,-0.273,-0.198,-0.038,0.581,-0.429,-0.593,-0.357,1389996032.000,-0.003,26416,26309,7,9,62,14.630,74.410,26246,25974,1451,1331,0
145012,-0.242,0.249,0.300,0.056,-0.114,-0.192,0.571,-0.433,-0.595,-0.364,1389996032.000,0.005,26514,26210,-14,9,62,14.630,74.410,26246,25974,1451,1331,0
145112,-0.180,0.239,-1.390,0.118,0.237,-0.128,0.571,-0.424,-0.600,-0.366,1389996032.000,0.004,26518,26207,1,-1,62,14.630,74.410,26246,25974,1451,1331,0
145212,-0.017,0.113,-0.550,0.046,0.304,-0.139,0.579,-0.414,-0.596,-0.373,1389996032.000,0.002,26763,25956,7,-2,62,14.630,74.410,26246,25974,1451,1331,0
145312,0.374,-0.239,-0.650,0.182,0.178,0.009,0.588,-0.401,-0.592,-0.378,1392348928.000,-0.006,26990,25766,7,-11,62,14.610,74.200,26954,25773,1342,1316,0
145412,0.342,-0.351,0.170,-0.049,-0.276,0.333,0.593,-0.403,-0.593,-0.367,1411172480.000,-0.010,26685,26441,5,9,62,14.610,74.200,26954,25773,1342,1316,0
145512,0.136,-0.276,1.230,0.074,-0.322,0.210,0.586,-0.419,-0.596,-0.354,1389996032.000,-0.007,26521,26204,-4,1,62,14.610,74.200,26954,25773,1342,1316,0
145612,0.028,-0.205,-0.860,0.230,-0.242,0.037,0.585,-0.421,-0.604,-0.340,1389996032.000,-0.004,26603,26120,-5,0,62,14.610,74.200,26954,25773,1342,1316,0
145712,-0.104,0.086,0.470,-0.003,-0.192,-0.032,0.580,-0.422,-0.613,-0.331,1389996032.000,0.005,26516,26208,-3,13,62,14.620,74.330,26525,26178,1345,1320,0
145812,-0.238,0.125,-1.040,0.187,0.232,-0.108,0.581,-0.418,-0.615,-0.331,1389996032.000,0.005,26470,26255,2,-7,62,14.620,74.330,26525,26178,1345,1320,0
145912,-0.209,0.044,-0.990,0.017,0.231,-0.130,0.589,-0.407,-0.612,-0.336,1389996032.000,0.003,26527,26198,7,1,62,14.620,74.330,26525,26178,1345,1320,0
146012,-0.165,-0.001,1.720,-0.076,0.087,-0.082,0.591,-0.401,-0.609,-0.343,1389996032.000,0.001,26500,26224,5,6,62,14.630,74.530,26525,26315,1341,1297,0
146112,-0.108,-0.156,-0.580,0.019,0.080,-0.083,0.591,-0.400,-0.608,-0.349,1389996032.000,-0.001,26577,26147,7,-5,62,14.630,74.530,26525,26315,1341,1297,0
146212,-0.072,-0.253,-1.460,0.179,0.062,-0.101,0.595,-0.391,-0.609,-0.350,1389996032.000,-0.002,26605,26118,3,-8,62,14.630,74.530,26525,26315,1341,1297,0
146312,-0.040,-0.078,-2.300,-0.172,-0.232,-0.067,0.591,-0.390,-0.613,-0.350,1389996032.000,0.000,26589,26134,1,17,62,14.630,74.530,26525,26315,1341,1297,0
146412,-0.009,0.149,0.110,-0.014,0.046,-0.100,0.584,-0.393,-0.617,-0.353,1389996032.000,0.003,26670,26052,-1,5,62,14.620,74.250,26737,26109,1325,1304,0
146512,0.118,0.089,0.660,0.003,0.238,-0.083,0.587,-0.387,-0.615,-0.358,1389996032.000,0.002,26784,25948,9,-1,62,14.620,74.250,26737,26109,1325,1304,0
146612,0.278,-0.089,-1.440,-0.037,0.228,0.073,0.593,-0.383,-0.607,-0.365,1389996032.000,-0.001,26736,25984,10,-4,62,14.620,74.250,26737,26109,1325,1304,0
146712,0.310,-0.163,-1.740,0.062,-0.053,0.292,0.600,-0.386,-0.600,-0.362,1389996032.000,-0.004,26515,26209,0,1,62,14.620,74.250,26737,26109,1325,1304,0
146812,0.260,-0.154,-0.290,0.107,-0.151,0.276,0.603,-0.393,-0.600,-0.348,1389996032.000,-0.005,26591,26133,0,2,63,14.630,74.370,26041,26315,1452,1299,0
146912,0.199,-0.286,0.500,0.097,-0.236,0.293,0.605,-0.401,-0.602,-0.333,1389996032.000,-0.010,26486,26239,2,0,63,14.630,74.370,26041,26315,1452,1299,0
147012,0.079,-0.217,0.770,-0.087,-0.294,0.279,0.603,-0.413,-0.604,-0.318,1389996032.000,-0.008,26401,26325,3,10,63,14.630,74.370,26041,26315,1452,1299,0
147112,-0.005,-0.128,1.230,-0.059,-0.257,0.171,0.595,-0.427,-0.606,-0.309,1389996032.000,-0.003,26445,26280,-1,6,63,14.630,74.370,26041,26315,1452,1299,0
147212,-0.345,0.209,2.120,0.039,-0.174,0.087,0.592,-0.432,-0.610,-0.300,1389996032.000,0.011,26102,26621,-10,14,62,14.580,74.330,26385,26246,1285,1410,0
147312,-0.382,0.317,0.840,0.060,0.037,-0.181,0.588,-0.431,-0.615,-0.299,1389996032.000,0.015,26429,26297,-5,7,62,14.580,74.330,26385,26246,1285,1410,0
147412,-0.428,0.309,1.190,-0.052,0.522,-0.190,0.593,-0.422,-0.611,-0.310,1389996032.000,0.010,26353,26373,13,-3,62,14.580,74.330,26385,26246,1285,1410,0
147512,-0.355,0.145,0.490,0.036,0.587,-0.214,0.607,-0.408,-0.598,-0.328,1389996032.000,0.003,26459,26266,10,-10,62,14.580,74.330,26385,26246,1285,1410,0
147612,-0.275,0.009,-1.480,0.326,0.304,-0.144,0.620,-0.390,-0.591,-0.339,1389996032.000,0.000,26388,26338,-4,-12,63,14.640,74.490,25906,26525,1468,1264,0
147712,-0.251,-0.030,0.850,0.370,-0.003,-0.041,0.629,-0.374,-0.596,-0.331,1389996032.000,-0.000,26313,26413,-8,-3,63,14.640,74.490,25906,26525,1468,1264,0
147812,-0.159,-0.209,0.070,0.182,-0.037,-0.121,0.631,-0.364,-0.603,-0.324,1389996032.000,-0.003,26556,26168,5,-4,63,14.640,74.490,25906,26525,1468,1264,0
147912,-0.377,-0.454,-0.040,0.221,-0.061,-0.040,0.632,-0.356,-0.609,-0.321,1389996032.000,-0.002,26014,26707,7,-12,63,14.640,74.490,25906,26525,1468,1264,0
148012,-0.404,-0.353,-0.320,-0.063,-0.517,-0.238,0.622,-0.355,-0.620,-0.319,1389996032.000,0.001,26378,26348,-3,14,63,14.640,74.490,25906,26525,1468,1264,0
148112,-0.388,-0.167,-0.880,0.079,-0.422,-0.357,0.602,-0.353,-0.642,-0.318,1389996032.000,0.003,26501,26224,-6,6,63,14.590,74.570,26595,26455,1271,1325,0
148213,-0.205,-0.101,1.680,0.021,-0.011,-0.360,0.590,-0.343,-0.654,-0.325,1389996032.000,0.004,26646,26077,6,-2,63,14.590,74.570,26595,26455,1271,1325,0
148313,0.190,0.084,-1.140,-0.008,0.076,-0.209,0.588,-0.333,-0.658,-0.333,1389996032.000,0.001,26840,25876,1,4,63,14.590,74.570,26595,26455,1271,1325,0
148413,0.505,0.138,-0.440,-0.289,0.087,-0.074,0.586,-0.331,-0.656,-0.342,1389996032.000,0.002,27039,25669,10,13,63,14.590,74.570,26595,26455,1271,1325,0
148513,0.753,-0.017,0.870,0.010,0.107,0.162,0.588,-0.337,-0.647,-0.350,1389996032.000,0.000,27006,25703,1,-5,62,14.620,74.490,26881,25641,1380,1325,0
148613,0.680,-0.061,1.030,-0.194,-0.130,0.331,0.590,-0.347,-0.642,-0.346,1389996032.000,-0.000,26722,25999,4,11,62,14.620,74.490,26881,25641,1380,1325,0
148712,0.401,0.085,1.080,-0.302,-0.284,0.294,0.582,-0.370,-0.638,-0.342,1389996032.000,0.003,26591,26133,-1,19,62,14.620,74.490,26881,25641,1380,1325,0
148812,0.546,0.114,2.180,-0.201,0.076,0.157,0.578,-0.384,-0.633,-0.342,1389996032.000,0.005,27046,25662,10,6,62,14.620,74.490,26881,25641,1380,1325,0
148912,0.675,0.070,0.590,-0.082,0.156,0.132,0.579,-0.392,-0.622,-0.351,1389996032.000,0.004,27090,25615,3,-1,62,14.570,74.330,27247,25906,1416,1253,0
149012,0.649,0.068,-0.480,0.303,-0.064,0.500,0.589,-0.397,-0.619,-0.335,1389996032.000,0.005,26605,26119,-12,-2,62,14.570,74.330,27247,25906,1416,1253,0
149112,0.452,0.056,1.880,0.342,0.023,0.790,0.605,-0.409,-0.611,-0.306,1389996032.000,0.005,26149,26575,-7,-5,62,14.570,74.330,27247,25906,1416,1253,0
149212,0.129,0.016,0.010,0.528,0.088,0.810,0.627,-0.419,-0.598,-0.271,1389996032.000,0.002,25925,26793,-9,-12,62,14.570,74.330,27247,25906,1416,1253,0
149312,-0.263,-0.033,0.690,0.647,-0.067,0.777,0.650,-0.422,-0.589,-0.229,1389996032.000,-0.002,25557,27145,-15,-10,63,14.600,74.570,25839,26881,1291,1378,0
149412,-1.187,-0.083,-0.390,0.498,-0.279,0.573,0.663,-0.426,-0.587,-0.187,1389996032.000,-0.005,24610,28006,-13,-1,63,14.600,74.570,25839,26881,1291,1378,0
149512,-1.348,0.107,-0.870,0.049,-0.356,-0.324,0.657,-0.427,-0.596,-0.173,1389996032.000,0.013,25870,26846,-16,14,63,14.600,74.570,25839,26881,1291,1378,0
149612,-1.228,0.173,0.250,0.584,0.000,-0.756,0.659,-0.393,-0.618,-0.174,1389996032.000,0.010,26198,26527,-14,-9,63,14.600,74.570,25839,26881,1291,1378,0
149712,-1.024,0.190,-0.820,0.026,0.032,-0.973,0.655,-0.361,-0.634,-0.199,1389996032.000,0.007,26473,26252,-1,8,63,14.610,74.490,26385,25974,1320,1433,0
149812,-0.996,0.155,-0.180,0.083,0.124,-0.997,0.651,-0.322,-0.650,-0.224,1389996032.000,0.001,26467,26258,0,4,63,14.610,74.490,26385,25974,1320,1433,0
149912,-0.198,0.126,-0.180,0.091,0.116,-1.053,0.643,-0.286,-0.663,-0.257,1389996032.000,0.001,27412,25270,-2,0,63,14.610,74.490,26385,25974,1320,1433,0
150012,0.258,0.038,0.240,0.188,0.129,-0.584,0.641,-0.248,-0.673,-0.273,1389996032.000,-0.000,27092,25613,0,-2,63,14.610,74.490,26385,25974,1320,1433,0
150112,0.512,-0.096,2.130,-0.017,0.142,-0.224,0.640,-0.236,-0.672,-0.288,1389996032.000,0.001,26971,25740,6,-4,63,14.600,74.570,27027,25575,1377,1310,0
150212,0.550,-0.115,1.900,0.049,-0.046,-0.007,0.642,-0.228,-0.673,-0.288,1389996032.000,0.001,26818,25900,-1,3,63,14.600,74.570,27027,25575,1377,1310,0
150312,0.721,-0.209,0.020,0.044,-0.052,0.117,0.640,-0.233,-0.675,-0.285,1389996032.000,-0.000,27002,25708,2,-5,63,14.600,74.570,27027,25575,1377,1310,0
150412,0.982,-0.255,-0.740,-0.127,-0.106,0.322,0.643,-0.240,-0.674,-0.275,1389996032.000,-0.005,27122,25581,8,4,63,14.600,74.570,26246,25839,1631,1187,0
150512,0.398,-0.019,-0.390,-0.329,-0.091,0.637,0.644,-0.264,-0.669,-0.261,1389996032.000,-0.000,26014,26707,7,13,63,14.600,74.570,26246,25839,1631,1187,0
150612,-0.136,0.089,-1.230,-0.136,0.178,0.179,0.647,-0.288,-0.657,-0.258,1389996032.000,0.001,26308,26418,2,-2,63,14.600,74.570,26246,25839,1631,1187,0
150712,-0.065,0.020,-2.630,0.191,0.200,-0.088,0.657,-0.278,-0.653,-0.255,1389996032.000,0.000,26664,26058,-1,-7,63,14.600,74.570,26246,25839,1631,1187,0
150812,0.223,-0.230,-1.170,-0.204,-0.060,0.003,0.656,-0.279,-0.651,-0.261,1389996032.000,-0.004,26767,25952,7,3,62,14.550,74.490,27173,25906,1280,1305,0
150912,0.384,-0.215,-0.080,0.038,-0.099,0.050,0.653,-0.282,-0.653,-0.259,1389996032.000,-0.006,26896,25818,0,-3,62,14.550,74.490,27173,25906,1280,1305,0
151012,0.335,-0.083,-1.250,-0.120,-0.027,0.222,0.652,-0.289,-0.653,-0.255,1389996032.000,-0.002,26576,26148,5,5,62,14.550,74.490,27173,25906,1280,1305,0
151112,0.069,-0.059,0.200,-0.136,0.069,0.202,0.654,-0.301,-0.647,-0.252,1389996032.000,-0.001,26388,26337,6,1,62,14.550,74.490,27173,25906,1280,1305,0
151212,-0.215,0.038,-0.890,-0.006,0.048,-0.096,0.655,-0.305,-0.643,-0.255,1389996032.000,0.001,26520,26205,-2,0,63,14.570,74.370,26109,26666,1297,1365,0
151312,0.236,-0.143,0.650,0.077,-0.028,0.040,0.658,-0.298,-0.644,-0.252,1389996032.000,-0.005,26812,25905,2,-1,63,14.570,74.370,26109,26666,1297,1365,0
151412,0.274,-0.268,0.480,-0.176,-0.219,0.216,0.654,-0.306,-0.646,-0.247,1389996032.000,-0.010,26578,26146,7,6,63,14.570,74.370,26109,26666,1297,1365,0
151512,0.193,-0.239,-0.150,0.074,-0.191,0.251,0.651,-0.316,-0.648,-0.238,1389996032.000,-0.010,26463,26263,-1,0,63,14.570,74.610,26178,26246,1429,1319,0
151612,0.107,-0.177,-0.190,-0.056,-0.242,0.152,0.647,-0.325,-0.652,-0.227,1389996032.000,-0.008,26526,26198,0,6,63,14.570,74.610,26178,26246,1429,1319,0
151712,-0.249,0.059,1.700,-0.153,-0.146,0.000,0.640,-0.333,-0.656,-0.222,1389996032.000,0.003,26321,26404,0,11,63,14.570,74.610,26178,26246,1429,1319,0
151812,-0.192,0.100,0.900,0.274,0.064,-0.151,0.638,-0.329,-0.659,-0.224,1389996032.000,0.005,26558,26166,-9,-8,63,14.570,74.610,26178,26246,1429,1319,0
151912,-0.022,0.092,-1.440,0.264,-0.064,-0.053,0.642,-0.316,-0.663,-0.219,1389996032.000,0.005,26571,26153,-10,0,64,14.600,74.570,26954,25706,1301,1381,0
152012,0.167,0.180,-1.580,0.080,-0.014,0.002,0.641,-0.312,-0.668,-0.215,1389996032.000,0.009,26700,26021,-4,5,64,14.600,74.570,26954,25706,1301,1381,0
152112,0.194,0.121,1.380,0.074,0.158,0.083,0.646,-0.310,-0.665,-0.212,1389996032.000,0.007,26615,26108,1,-1,64,14.600,74.570,26954,25706,1301,1381,0
152212,-0.068,0.058,-1.600,-0.131,0.047,0.084,0.651,-0.310,-0.661,-0.208,1389996032.000,0.003,26347,26379,6,9,64,14.600,74.570,26954,25706,1301,1381,0
152312,-0.505,0.240,-0.960,-0.129,-0.007,-0.162,0.651,-0.308,-0.661,-0.208,1389996032.000,0.006,26192,26532,-1,15,64,14.590,74.490,26109,26525,1433,1260,0
152412,-0.326,0.206,0.970,0.094,0.261,-0.396,0.652,-0.296,-0.662,-0.220,1389996032.000,0.004,26704,26017,1,-4,64,14.590,74.490,26109,26525,1433,1260,0
152512,0.139,0.071,-1.240,0.113,0.201,-0.179,0.660,-0.280,-0.659,-0.230,1389996032.000,0.002,26811,25907,-9,-10,64,14.590,74.490,26109,26525,1433,1260,0
152612,0.370,-0.057,-0.740,0.176,-0.108,0.304,0.664,-0.275,-0.658,-0.222,1389996032.000,-0.002,26519,26206,-5,0,64,14.590,74.490,26109,26525,1433,1260,0
152712,0.218,-0.020,-1.410,0.038,-0.200,0.373,0.664,-0.287,-0.659,-0.205,1389996032.000,-0.001,26363,26362,-5,6,64,14.600,74.570,26455,26178,1366,1327,0
152812,0.124,0.036,-0.970,0.046,-0.187,0.126,0.660,-0.295,-0.663,-0.193,1389996032.000,0.002,26591,26273,-7,5,64,14.600,74.570,26455,26178,1366,1327,0
152912,-0.552,0.206,0.460,-0.453,-0.118,-0.094,0.655,-0.299,-0.667,-0.191,1389996032.000,0.006,26038,26684,9,27,64,14.600,74.570,26455,26178,1366,1327,0
153012,-0.388,0.223,-0.260,0.116,0.080,-0.529,0.647,-0.292,-0.672,-0.209,1389996032.000,0.005,26785,25933,-9,-4,64,14.590,74.570,26809,26178,1357,1241,0
153112,-0.150,0.181,0.520,-0.134,0.132,-0.462,0.648,-0.272,-0.675,-0.223,1389996032.000,0.003,26874,25842,4,8,64,14.590,74.570,26809,26178,1357,1241,0
153212,0.273,0.150,1.310,-0.113,0.131,-0.284,0.644,-0.264,-0.675,-0.245,1389996032.000,0.003,27061,25646,1,4,64,14.590,74.570,26809,26178,1357,1241,0
153312,0.440,0.139,1.800,-0.070,0.236,0.120,0.649,-0.263,-0.668,-0.251,1389996032.000,0.003,26764,25955,3,0,64,14.590,74.570,26809,26178,1357,1241,0
153412,0.466,0.200,-0.650,-0.376,0.314,0.296,0.657,-0.276,-0.652,-0.256,1389996032.000,0.006,26682,26039,12,9,64,14.480,74.330,26737,26315,1358,1244,0
153512,0.340,0.105,1.210,-0.126,0.287,0.359,0.669,-0.291,-0.635,-0.257,1389996032.000,0.004,26522,26203,1,-3,64,14.480,74.330,26737,26315,1358,1244,0
153612,0.181,0.103,-1.390,0.051,0.152,0.347,0.680,-0.298,-0.623,-0.248,1389996032.000,0.004,26414,26312,-2,0,64,14.480,74.330,26737,26315,1358,1244,0
153712,-0.129,-0.169,-1.550,-0.233,0.141,0.220,0.685,-0.309,-0.613,-0.244,1389996032.000,-0.006,26245,26480,15,0,64,14.480,74.330,26737,26315,1358,1244,0
153812,-0.107,-0.399,-1.670,-0.073,-0.063,-0.063,0.684,-0.318,-0.606,-0.251,1389996032.000,-0.015,26654,26069,-6,-8,64,14.580,74.450,26737,25906,1336,1357,0
153912,-0.008,-0.487,0.490,-0.008,-0.477,-0.013,0.674,-0.319,-0.619,-0.246,1389996032.000,-0.020,26614,26110,-1,5,64,14.580,74.450,26737,25906,1336,1357,0
154012,-0.511,0.051,0.180,-0.226,-0.380,0.018,0.658,-0.331,-0.632,-0.243,1389996032.000,0.001,25931,26787,-6,21,64,14.580,74.450,26737,25906,1336,1357,0
154112,-0.413,0.106,-1.120,0.063,0.072,-0.373,0.645,-0.334,-0.637,-0.257,1389996032.000,0.002,26638,26085,-4,-6,64,14.580,74.450,26737,25906,1336,1357,0
154212,-0.195,0.070,1.680,0.019,0.006,-0.290,0.647,-0.316,-0.642,-0.263,1459015680.000,0.001,27322,26693,0,6,64,14.490,74.120,27247,26737,1442,1341,0
154312,0.334,0.036,-0.860,-0.236,0.009,0.044,0.640,-0.321,-0.643,-0.274,1389996032.000,0.001,26839,25878,6,7,64,14.490,74.120,27247,26737,1442,1341,0
154412,0.243,-0.097,-0.300,0.208,0.174,0.396,0.651,-0.322,-0.635,-0.264,1495094016.000,-0.004,27289,27393,0,-11,64,14.490,74.120,27247,26737,1442,1341,0
154512,0.086,-0.120,1.460,0.157,-0.484,0.436,0.652,-0.333,-0.636,-0.243,1389996032.000,-0.005,26193,26531,-16,11,64,14.490,74.120,27247,26737,1442,1341,0
154612,-0.194,0.067,0.930,0.120,-0.327,0.249,0.646,-0.343,-0.646,-0.218,1389996032.000,0.004,26176,26548,-9,10,64,14.490,74.120,27247,26737,1442,1341,0
154712,-0.648,0.250,-1.370,0.129,-0.049,-0.247,0.643,-0.341,-0.652,-0.213,1389996032.000,0.008,26290,26436,-9,5,64,14.600,74.530,26178,26737,1326,1285,0
154812,-0.522,0.216,-1.590,0.329,0.168,-0.342,0.646,-0.322,-0.658,-0.217,1392348928.000,0.006,26419,26351,-6,-5,64,14.600,74.530,26178,26737,1326,1285,0
154912,-0.400,0.167,-0.770,-0.024,0.110,-0.363,0.649,-0.305,-0.659,-0.225,1389996032.000,0.003,26529,26195,2,8,64,14.600,74.530,26178,26737,1326,1285,0
155012,-0.045,0.064,-0.750,-0.066,0.124,-0.389,0.647,-0.294,-0.661,-0.242,1436270592.000,0.002,27302,26285,3,2,64,14.600,74.530,26178,26737,1326,1285,0
155112,0.355,-0.110,1.450,0.202,0.180,-0.107,0.651,-0.280,-0.660,-0.249,1389996032.000,-0.003,26852,25864,0,-11,64,14.530,74.330,27472,25906,1314,1190,0
155212,0.363,-0.208,0.980,-0.221,-0.117,0.159,0.651,-0.284,-0.658,-0.250,1389996032.000,-0.006,26556,26168,7,10,64,14.530,74.330,27472,25906,1314,1190,0
155312,-0.163,0.117,-0.490,-0.124,-0.102,0.140,0.647,-0.298,-0.656,-0.249,1389996032.000,0.002,26080,26642,-7,12,64,14.530,74.330,27472,25906,1314,1190,0
155412,-0.211,0.126,0.050,0.053,0.109,-0.174,0.644,-0.299,-0.657,-0.253,1389996032.000,0.001,26568,26156,-3,-3,64,14.530,74.330,27472,25906,1314,1190,0
155512,-0.099,0.059,0.260,-0.018,0.223,-0.153,0.651,-0.288,-0.653,-0.258,1391564672.000,0.001,26638,26094,6,1,64,14.550,74.490,26666,26246,1318,1313,0
155612,0.197,-0.107,-0.380,-0.091,0.028,-0.153,0.651,-0.285,-0.651,-0.268,1392348928.000,-0.002,26954,25804,4,2,64,14.550,74.490,26666,26246,1318,1313,0
155712,0.354,-0.181,0.590,-0.017,-0.001,0.106,0.652,-0.284,-0.650,-0.268,1391564672.000,-0.004,26719,26032,4,0,64,14.550,74.490,26666,26246,1318,1313,0
155812,0.332,-0.147,1.120,-0.351,-0.163,0.174,0.647,-0.298,-0.649,-0.268,1389996032.000,-0.004,26645,26077,9,13,64,14.550,74.490,26666,26246,1318,1313,0
155912,0.081,0.079,-0.140,-0.548,0.051,0.066,0.641,-0.315,-0.643,-0.276,1389996032.000,0.002,26553,26172,14,18,64,14.570,74.490,26315,26455,1371,1292,0
156012,-0.164,0.021,0.450,-0.274,0.292,-0.190,0.640,-0.322,-0.632,-0.294,1389996032.000,0.000,26656,26066,11,-1,64,14.570,74.490,26315,26455,1371,1292,0
156112,-0.097,-0.048,-0.970,-0.179,0.167,-0.140,0.643,-0.318,-0.625,-0.308,1389996032.000,-0.000,26612,26112,8,2,64,14.570,74.490,26315,26455,1371,1292,0
156212,0.333,-0.286,1.610,-0.089,-0.072,-0.046,0.640,-0.319,-0.624,-0.317,1389996032.000,-0.005,26994,25716,6,-1,64,14.570,74.490,26315,26455,1371,1292,0
156312,0.484,-0.336,1.040,0.112,-0.138,0.204,0.637,-0.323,-0.627,-0.312,1408819584.000,-0.009,26945,26130,0,-6,64,14.550,74.570,27247,25906,1364,1309,0
156412,0.484,-0.315,-0.880,-0.110,-0.116,0.410,0.638,-0.335,-0.625,-0.300,1418231296.000,-0.012,26829,26428,9,2,64,14.550,74.570,27247,25906,1364,1309,0
156512,0.310,-0.276,-0.400,-0.297,-0.139,0.448,0.637,-0.358,-0.618,-0.292,1397054848.000,-0.012,26491,26368,8,6,64,14.550,74.570,27247,25906,1364,1309,0
156612,0.108,-0.239,0.750,-0.080,-0.089,0.344,0.636,-0.377,-0.612,-0.282,1390780288.000,-0.012,26395,26345,4,-1,64,14.550,74.570,27247,25906,1364,1309,0
156712,-0.002,-0.211,1.320,0.000,-0.104,0.247,0.637,-0.386,-0.609,-0.272,1389996032.000,-0.011,26387,26339,3,0,65,14.530,74.570,26315,26315,1373,1337,0
156812,-0.165,-0.180,-0.090,-0.151,-0.081,0.134,0.635,-0.396,-0.608,-0.267,1389996032.000,-0.009,26330,26395,8,4,65,14.530,74.570,26315,26315,1373,1337,0
156912,-0.598,-0.079,0.160,-0.257,-0.098,-0.098,0.629,-0.405,-0.607,-0.270,1389996032.000,-0.002,26166,26558,7,9,65,14.530,74.570,26315,26315,1373,1337,0
157012,-0.517,-0.068,0.440,0.200,-0.028,-0.269,0.625,-0.398,-0.613,-0.275,1389996032.000,-0.001,26401,26324,-5,-6,65,14.530,74.570,26315,26315,1373,1337,0
157112,-0.419,0.093,-0.740,-0.102,-0.111,-0.283,0.620,-0.389,-0.621,-0.280,1389996032.000,0.004,26451,26274,0,14,65,14.570,74.450,26455,26041,1338,1399,0
157212,-0.420,0.214,-1.860,-0.141,0.221,-0.300,0.615,-0.384,-0.623,-0.294,1389996032.000,0.005,26428,26298,7,4,65,14.570,74.450,26455,26041,1338,1399,0
157312,-0.163,-0.122,-1.030,0.022,0.198,-0.291,0.617,-0.371,-0.621,-0.310,1389996032.000,-0.002,26675,26046,8,-8,65,14.570,74.450,26455,26041,1338,1399,0
157412,0.060,-0.283,-0.160,-0.136,-0.323,-0.194,0.610,-0.368,-0.626,-0.318,1389996032.000,-0.005,26755,25965,2,10,65,14.560,74.570,26595,25839,1399,1349,0
157512,0.123,-0.179,0.600,-0.013,-0.264,-0.140,0.596,-0.369,-0.638,-0.317,1389996032.000,-0.001,26729,25991,-2,5,65,14.560,74.570,26595,25839,1399,1349,0
157612,0.162,0.063,0.820,-0.086,-0.089,-0.062,0.589,-0.370,-0.644,-0.318,1389996032.000,0.004,26689,26032,1,9,65,14.560,74.570,26595,25839,1399,1349,0
157712,0.174,0.151,-1.500,-0.203,0.072,0.014,0.586,-0.374,-0.642,-0.324,1389996032.000,0.005,26643,26079,6,9,65,14.560,74.570,26595,25839,1399,1349,0
157812,0.011,0.268,2.360,-0.207,0.207,0.034,0.587,-0.379,-0.633,-0.332,1389996032.000,0.005,26481,26244,5,7,65,14.550,74.450,26595,26455,1331,1265,0
157912,0.014,0.206,0.460,-0.071,0.272,-0.011,0.591,-0.380,-0.624,-0.341,1389996032.000,0.003,26574,26150,4,0,65,14.550,74.450,26595,26455,1331,1265,0
158012,0.068,0.072,-0.770,0.032,0.232,0.053,0.599,-0.376,-0.616,-0.347,1389996032.000,0.001,26547,26178,4,-3,65,14.550,74.450,26595,26455,1331,1265,0
158112,0.223,-0.213,1.530,0.064,0.052,0.254,0.606,-0.377,-0.610,-0.345,1407250944.000,-0.004,26630,26421,6,-6,65,14.520,74.450,26737,26455,1343,1325,0
158212,0.093,-0.216,0.090,-0.109,-0.164,0.297,0.609,-0.387,-0.605,-0.336,1400192128.000,-0.005,26430,26489,5,6,65,14.520,74.450,26737,26455,1343,1325,0
158312,-0.225,-0.049,-0.290,-0.064,-0.167,0.116,0.606,-0.400,-0.604,-0.329,1389996032.000,-0.000,26229,26495,-1,8,65,14.520,74.450,26737,26455,1343,1325,0
158412,-0.355,0.183,-1.020,0.024,0.008,-0.088,0.603,-0.401,-0.608,-0.326,1397054848.000,0.004,26402,26458,-1,6,65,14.520,74.450,26737,26455,1343,1325,0
158512,-0.305,0.137,2.060,0.131,0.253,-0.134,0.607,-0.393,-0.607,-0.330,1434701952.000,0.002,26815,26759,4,-3,65,14.550,74.410,26525,26525,1389,1342,0
158612,-0.260,0.075,0.990,-0.016,0.161,-0.103,0.612,-0.384,-0.604,-0.336,1448035200.000,0.001,26923,26892,6,2,65,14.550,74.410,26525,26525,1389,1342,0
158712,-0.224,0.001,1.430,-0.071,0.061,-0.092,0.613,-0.381,-0.602,-0.341,1447250944.000,0.000,26927,26873,6,4,65,14.550,74.410,26525,26525,1389,1342,0
158812,-0.057,-0.154,0.680,-0.040,-0.061,-0.078,0.611,-0.379,-0.602,-0.347,1447250944.000,-0.002,27061,26757,4,1,65,14.550,74.410,26525,26525,1389,1342,0
158912,-0.014,-0.177,0.140,-0.004,-0.206,0.008,0.606,-0.381,-0.606,-0.346,1448035200.000,-0.002,26988,26827,0,4,65,14.500,74.330,27173,26737,1362,1365,0
159012,0.190,-0.115,0.070,0.018,-0.251,-0.014,0.599,-0.385,-0.614,-0.341,1407250944.000,-0.002,26936,26109,-2,5,65,14.500,74.330,27173,26737,1362,1365,0
159112,0.343,-0.072,1.160,0.117,-0.053,0.144,0.596,-0.387,-0.619,-0.336,1389996032.000,-0.001,26658,26064,1,-2,65,14.500,74.330,27173,26737,1362,1365,0
159212,0.152,-0.003,-0.430,-0.030,-0.077,0.380,0.600,-0.394,-0.616,-0.325,1389996032.000,0.001,26149,26575,2,7,65,14.500,74.330,27173,26737,1362,1365,0
159312,-0.405,0.223,0.110,-0.102,0.038,0.142,0.601,-0.407,-0.610,-0.318,1389996032.000,0.005,25987,26733,1,9,65,14.560,74.450,25906,26666,1389,1321,0
159412,-0.401,0.158,-0.380,0.531,0.242,-0.071,0.612,-0.395,-0.608,-0.315,1389996032.000,0.003,26218,26507,-10,-16,65,14.560,74.450,25906,26666,1389,1321,0
159512,-0.314,0.127,-0.110,-0.037,-0.060,-0.119,0.618,-0.384,-0.611,-0.312,1389996032.000,0.003,26359,26367,2,13,65,14.560,74.450,25906,26666,1389,1321,0
159612,-0.210,0.080,-1.450,0.297,0.100,-0.227,0.617,-0.375,-0.616,-0.314,1389996032.000,0.002,26502,26223,-5,-8,65,14.540,74.410,26595,25974,1330,1386,0
159712,-0.157,0.099,-0.130,0.113,-0.011,-0.247,0.620,-0.360,-0.622,-0.315,1389996032.000,0.001,26510,26215,-2,6,65,14.540,74.410,26595,25974,1330,1386,0
159812,-0.129,0.124,1.260,-0.144,-0.044,-0.222,0.612,-0.357,-0.627,-0.323,1389996032.000,0.001,26503,26222,3,10,65,14.540,74.410,26595,25974,1330,1386,0
159912,-0.043,0.102,0.330,0.186,0.108,-0.202,0.611,-0.349,-0.629,-0.331,1389996032.000,0.001,26563,26161,-4,-5,65,14.540,74.410,26595,25974,1330,1386,0
160012,0.005,0.102,-0.860,0.187,-0.083,-0.079,0.613,-0.339,-0.634,-0.328,1389996032.000,0.000,26469,26256,-7,4,65,14.510,74.410,26595,25906,1322,1416,0
160112,0.262,0.152,-0.200,0.314,-0.231,0.040,0.610,-0.336,-0.642,-0.321,1389996032.000,0.002,26647,26076,-17,3,65,14.510,74.410,26595,25906,1322,1416,0
160212,0.717,0.122,-0.360,0.506,-0.076,0.648,0.617,-0.334,-0.649,-0.294,1389996032.000,0.006,26305,26421,-13,-5,65,14.510,74.410,26595,25906,1322,1416,0
160312,0.285,0.157,0.000,-0.400,-0.099,0.642,0.623,-0.360,-0.638,-0.274,1389996032.000,0.008,26020,26701,9,23,65,14.510,74.410,26595,25906,1322,1416,0
160412,-0.399,0.234,-1.400,0.276,0.000,0.202,0.625,-0.376,-0.631,-0.264,1389996032.000,0.008,25855,26861,-14,-3,65,14.530,74.450,25773,27027,1400,1258,0
160512,-0.511,0.204,-0.200,0.174,0.053,-0.087,0.633,-0.366,-0.633,-0.255,1389996032.000,0.006,26105,26618,-3,5,65,14.530,74.450,25773,27027,1400,1258,0
160612,-0.443,0.189,-1.210,0.100,0.076,-0.126,0.634,-0.360,-0.634,-0.257,1389996032.000,0.006,26168,26557,-4,2,65,14.530,74.450,25773,27027,1400,1258,0
160712,-0.138,0.138,-0.660,0.268,0.158,-0.150,0.641,-0.347,-0.635,-0.258,1389996032.000,0.005,26468,26258,-5,-5,65,14.530,74.450,25773,27027,1400,1258,0
160812,-0.428,0.170,-1.870,-0.230,-0.090,-0.093,0.641,-0.342,-0.636,-0.260,1389996032.000,0.003,25853,26806,3,20,66,14.510,74.330,26595,26595,1291,1275,0
160912,-0.338,0.174,0.030,-0.279,0.161,-0.394,0.633,-0.346,-0.635,-0.278,1389996032.000,0.003,26518,26206,7,7,66,14.510,74.330,26595,26595,1291,1275,0
161012,-0.173,0.123,-2.230,0.297,0.104,-0.388,0.635,-0.324,-0.639,-0.288,1389996032.000,0.001,26576,26148,-9,-5,66,14.510,74.330,26595,26595,1291,1275,0
161112,-0.050,0.108,-0.430,-0.229,0.068,-0.276,0.632,-0.315,-0.642,-0.300,1389996032.000,0.000,26560,26164,7,12,66,14.510,74.330,26595,26595,1291,1275,0
161212,0.161,0.019,0.170,0.083,0.219,-0.183,0.632,-0.307,-0.639,-0.312,1389996032.000,0.000,26680,26042,2,-7,65,14.560,74.530,26737,26178,1352,1271,0
161312,0.461,-0.109,-1.600,0.008,0.002,0.042,0.636,-0.301,-0.638,-0.313,1389996032.000,-0.001,26753,25966,3,2,65,14.560,74.530,26737,26178,1352,1271,0
161412,0.569,-0.118,2.240,-0.319,-0.110,0.276,0.633,-0.314,-0.635,-0.312,1389996032.000,-0.003,26617,26107,9,13,65,14.560,74.530,26737,26178,1352,1271,0
161512,0.454,-0.104,-1.520,-0.238,0.001,0.288,0.633,-0.331,-0.628,-0.309,1389996032.000,-0.003,26536,26188,8,5,65,14.560,74.530,26737,26178,1352,1271,0
161612,0.222,-0.050,0.270,-0.186,0.054,0.191,0.634,-0.344,-0.620,-0.309,1389996032.000,-0.001,26389,26337,6,5,66,14.560,74.330,26315,26178,1403,1325,0
161712,0.091,-0.052,-0.060,-0.298,0.068,0.030,0.633,-0.354,-0.612,-0.314,1389996032.000,-0.001,26518,26206,10,8,66,14.560,74.330,26315,26178,1403,1325,0
161812,0.112,-0.092,-0.120,-0.228,0.002,-0.084,0.629,-0.360,-0.608,-0.324,1389996032.000,-0.002,26662,26060,8,4,66,14.560,74.330,26315,26178,1403,1325,0
161912,0.240,-0.254,-1.080,-0.197,-0.069,-0.004,0.623,-0.366,-0.606,-0.332,1389996032.000,-0.007,26689,26033,8,2,66,14.560,74.330,26315,26178,1403,1325,0
162012,0.283,-0.290,1.260,-0.182,-0.171,0.134,0.618,-0.375,-0.606,-0.332,1389996032.000,-0.009,26560,26164,6,6,66,14.560,74.330,26315,26178,1403,1325,0
162112,0.221,-0.211,-0.030,-0.139,-0.312,0.184,0.610,-0.389,-0.607,-0.328,1389996032.000,-0.007,26484,26241,-1,9,66,14.550,74.530,26666,26246,1319,1306,0
162212,0.117,-0.124,-0.670,-0.020,-0.233,0.233,0.604,-0.402,-0.611,-0.317,1389996032.000,-0.003,26357,26369,-1,5,66,14.550,74.530,26666,26246,1319,1306,0
162312,-0.423,0.242,1.100,-0.184,0.091,-0.161,0.599,-0.410,-0.610,-0.317,1389996032.000,0.006,26379,26347,4,9,66,14.550,74.530,26666,26246,1319,1306,0
162412,-0.058,0.046,1.920,0.480,0.338,-0.377,0.608,-0.388,-0.612,-0.324,1389996032.000,0.002,26943,25769,-4,-20,66,14.550,74.530,26666,26246,1319,1306,0
162512,0.401,-0.114,1.560,-0.251,-0.041,-0.026,0.612,-0.374,-0.614,-0.328,1397839232.000,-0.004,26934,25930,16,22,65,14.530,74.330,26954,25706,1444,1293,0
162612,0.340,-0.059,0.000,-0.190,-0.212,0.328,0.603,-0.394,-0.610,-0.331,1396270592.000,-0.002,26435,26409,-2,10,65,14.530,74.330,26954,25706,1444,1293,0
162712,0.168,-0.019,-0.540,0.214,-0.027,0.388,0.608,-0.403,-0.608,-0.313,1389996032.000,0.000,26231,26494,-4,-4,65,14.530,74.330,26954,25706,1444,1293,0
162812,-0.151,0.101,1.170,-0.211,-0.090,0.253,0.611,-0.414,-0.602,-0.303,1389996032.000,0.005,26117,26570,5,19,65,14.530,74.330,26954,25706,1444,1293,0
162912,-0.249,0.136,-0.300,-0.036,0.067,-0.040,0.607,-0.423,-0.599,-0.306,1389996032.000,0.007,26387,26339,0,3,66,14.520,74.290,25839,26737,1429,1291,0
163012,-0.331,0.107,-0.320,-0.089,0.050,-0.122,0.609,-0.419,-0.598,-0.310,1389996032.000,0.005,26304,26421,3,9,66,14.520,74.290,25839,26737,1429,1291,0
163112,-0.464,0.195,0.510,-0.251,0.067,-0.294,0.602,-0.418,-0.598,-0.324,1389996032.000,0.005,26324,26402,5,13,66,14.520,74.290,25839,26737,1429,1291,0
163212,-0.311,0.149,0.460,0.013,0.220,-0.414,0.599,-0.406,-0.600,-0.341,1389996032.000,0.003,26607,26116,2,-1,66,14.520,74.290,25839,26737,1429,1291,0
163312,-0.165,0.100,-0.290,-0.264,0.142,-0.352,0.596,-0.396,-0.600,-0.359,1462152832.000,0.001,27310,26764,10,11,65,14.490,74.370,26809,26041,1331,1369,0
163412,0.062,0.014,1.210,-0.383,0.137,-0.338,0.586,-0.393,-0.597,-0.381,1444113664.000,0.000,27363,26370,14,10,65,14.490,74.370,26809,26041,1331,1369,0
163512,0.397,-0.226,-0.300,-0.204,0.020,-0.207,0.578,-0.393,-0.593,-0.400,1389996032.000,-0.007,27327,25362,8,-11,65,14.490,74.370,26809,26041,1331,1369,0
163612,0.712,-0.386,-1.000,-0.293,-0.429,0.117,0.570,-0.398,-0.597,-0.399,1389996032.000,-0.008,26957,25755,7,18,66,14.520,74.450,27173,25380,1321,1394,0
163712,0.488,-0.124,-0.560,-0.499,-0.290,0.218,0.552,-0.424,-0.595,-0.401,1389996032.000,-0.001,26582,26142,8,21,66,14.520,74.450,27173,25380,1321,1394,0
163812,-0.003,0.259,0.440,-0.653,-0.061,-0.059,0.537,-0.448,-0.586,-0.410,1389996032.000,0.003,26686,26036,10,23,66,14.520,74.450,27173,25380,1321,1394,0
163912,0.097,0.211,-1.790,-0.231,0.267,0.010,0.534,-0.450,-0.577,-0.424,1407250944.000,0.002,26806,26243,9,4,66,14.520,74.450,27173,25380,1321,1394,0
164012,0.508,0.036,-1.620,-0.376,0.116,0.282,0.534,-0.459,-0.563,-0.433,1406466560.000,0.002,26962,26068,14,11,66,14.490,74.080,26954,25773,1372,1411,0
164112,0.368,-0.001,-0.840,-0.459,0.064,0.538,0.538,-0.478,-0.542,-0.434,1396270592.000,0.001,26386,26459,15,16,66,14.490,74.080,26954,25773,1372,1411,0
164212,0.043,0.071,-1.100,-0.327,-0.027,0.521,0.538,-0.504,-0.520,-0.431,1389996032.000,0.003,26054,26668,5,13,66,14.490,74.080,26954,25773,1372,1411,0
164312,-0.192,0.094,1.610,-0.186,-0.023,0.322,0.539,-0.522,-0.505,-0.426,1389996032.000,0.005,26130,26593,2,10,66,14.490,74.080,26954,25773,1372,1411,0
164412,-0.359,0.021,-0.050,0.003,0.033,0.197,0.543,-0.529,-0.497,-0.421,1389996032.000,0.002,26050,26672,3,3,66,14.480,74.410,26455,26525,1259,1366,0
164512,-0.432,0.012,-0.010,0.081,0.072,0.083,0.548,-0.531,-0.493,-0.419,1389996032.000,0.001,26092,26631,1,1,66,14.480,74.410,26455,26525,1259,1366,0
164612,-0.627,0.120,-0.130,0.116,0.069,-0.026,0.553,-0.527,-0.492,-0.417,1389996032.000,0.005,25929,26789,-2,5,66,14.480,74.410,26455,26525,1259,1366,0
164712,-0.647,0.099,-0.020,0.167,0.052,-0.191,0.555,-0.519,-0.497,-0.418,1389996032.000,0.003,26110,26613,-2,3,65,14.530,74.410,26315,26737,1266,1331,0
164812,-0.567,0.072,-1.560,0.337,0.069,-0.261,0.559,-0.506,-0.506,-0.419,1389996032.000,0.002,26207,26518,-4,-2,65,14.530,74.410,26315,26737,1266,1331,0
164912,-0.460,0.051,0.500,0.317,-0.031,-0.291,0.561,-0.490,-0.518,-0.420,1389996032.000,0.001,26294,26431,-6,2,65,14.530,74.410,26315,26737,1266,1331,0
165012,-0.159,-0.179,0.160,0.311,-0.089,-0.243,0.561,-0.476,-0.533,-0.418,1389996032.000,-0.004,26537,26188,0,-5,65,14.530,74.410,26315,26737,1266,1331,0
165112,-0.011,-0.375,-0.390,0.228,-0.194,-0.083,0.562,-0.466,-0.546,-0.412,1389996032.000,-0.009,26431,26294,3,-3,66,14.490,74.250,26246,25906,1406,1430,0
165212,0.018,-0.293,-1.380,0.112,-0.371,-0.007,0.556,-0.467,-0.557,-0.403,1389996032.000,-0.006,26371,26354,-3,7,66,14.490,74.250,26246,25906,1406,1430,0
165312,0.002,0.114,-1.060,0.242,-0.149,0.033,0.553,-0.468,-0.569,-0.390,1389996032.000,0.005,26326,26399,-9,5,66,14.490,74.250,26246,25906,1406,1430,0
165412,-0.221,0.293,-0.510,0.156,0.151,-0.251,0.555,-0.462,-0.573,-0.387,1389996032.000,0.007,26487,26239,-3,4,66,14.490,74.250,26246,25906,1406,1430,0
165512,-0.162,0.198,-1.100,0.144,0.130,-0.348,0.560,-0.443,-0.581,-0.392,1389996032.000,0.003,26593,26131,0,5,66,14.490,74.290,26246,26315,1438,1288,0
165612,-0.036,0.163,0.240,-0.066,0.169,-0.310,0.557,-0.430,-0.585,-0.403,1397054848.000,0.001,26703,26153,6,8,66,14.490,74.290,26246,26315,1438,1288,0
165712,0.148,0.053,-0.360,-0.177,0.281,-0.300,0.555,-0.420,-0.583,-0.418,1477839232.000,0.000,27637,26721,14,4,66,14.490,74.290,26246,26315,1438,1288,0
165812,0.415,-0.418,0.730,-0.099,0.211,-0.149,0.554,-0.412,-0.577,-0.437,1457447040.000,-0.001,27504,26476,16,-8,66,14.460,73.920,27548,26178,1420,1405,0
165912,0.457,-0.587,-0.110,-0.182,-0.613,0.094,0.547,-0.417,-0.579,-0.438,1389996032.000,-0.001,26663,26059,0,17,66,14.460,73.920,27548,26178,1420,1405,0
166012,0.417,-0.017,0.070,-0.152,-0.190,0.224,0.531,-0.438,-0.585,-0.428,1389996032.000,0.002,26548,26176,2,11,66,14.460,73.920,27548,26178,1420,1405,0
166112,0.078,0.157,0.370,-0.223,0.497,0.083,0.534,-0.447,-0.572,-0.434,1389996032.000,0.001,26471,26254,18,-3,66,14.460,73.920,27548,26178,1420,1405,0
166212,0.055,0.035,-1.620,0.086,0.197,0.038,0.546,-0.440,-0.559,-0.442,1405682304.000,-0.000,26655,26367,0,-1,66,14.470,74.080,26666,26666,1365,1273,0
166312,0.044,-0.008,0.750,-0.137,0.222,0.012,0.550,-0.438,-0.554,-0.446,1417447040.000,0.000,26778,26465,13,4,66,14.470,74.080,26666,26666,1365,1273,0
166412,0.109,-0.252,1.320,0.063,0.234,0.039,0.557,-0.434,-0.544,-0.453,1422152832.000,0.000,26864,26467,11,-10,66,14.470,74.080,26666,26666,1365,1273,0
166512,0.090,-0.552,-0.060,0.137,-0.232,0.164,0.563,-0.432,-0.545,-0.447,1448819584.000,-0.002,27013,26991,10,-9,66,14.470,74.080,26666,26666,1365,1273,0
166612,0.052,-0.691,0.210,-0.062,-0.433,0.268,0.559,-0.445,-0.549,-0.434,1459015680.000,-0.006,26904,27115,10,3,66,14.480,73.680,26954,27100,1391,1363,0
166712,-0.026,-0.622,1.880,0.341,-0.484,0.363,0.556,-0.460,-0.556,-0.413,1458231296.000,-0.009,26729,27272,-7,-9,66,14.480,73.680,26954,27100,1391,1363,0
166812,-0.182,-0.424,-0.170,0.384,-0.417,0.344,0.559,-0.468,-0.568,-0.381,1420584320.000,-0.007,26264,27033,-6,-3,66,14.480,73.680,26954,27100,1391,1363,0
166912,-0.324,-0.232,-1.120,0.504,-0.359,0.286,0.564,-0.472,-0.579,-0.352,1389996032.000,-0.002,25884,26833,-12,-4,66,14.480,73.680,26954,27100,1391,1363,0
167012,-0.458,-0.164,0.490,0.692,-0.286,0.226,0.572,-0.469,-0.592,-0.320,1389996032.000,0.001,25792,26922,-16,-10,66,14.480,74.410,25641,26954,1362,1351,0
167112,-0.572,-0.136,0.300,0.829,-0.192,0.124,0.586,-0.455,-0.606,-0.287,1389996032.000,0.001,25757,26955,-16,-14,66,14.480,74.410,25641,26954,1362,1351,0
167212,-0.883,0.271,0.480,0.481,-0.172,-0.113,0.597,-0.437,-0.621,-0.259,1389996032.000,0.015,25667,27041,-14,11,66,14.480,74.410,25641,26954,1362,1351,0
167312,-0.724,0.295,0.020,0.693,0.390,-0.477,0.606,-0.411,-0.632,-0.253,1389996032.000,0.014,26239,26486,-6,-19,66,14.480,74.410,25641,26954,1362,1351,0
167412,-0.556,0.167,0.940,0.383,0.097,-0.513,0.622,-0.375,-0.637,-0.258,1389996032.000,0.006,26288,26438,-6,2,66,14.490,74.200,26315,26666,1342,1288,0
167512,-0.370,0.283,1.280,0.337,-0.036,-0.529,0.619,-0.349,-0.652,-0.264,1389996032.000,0.006,26452,26274,-14,3,66,14.490,74.200,26315,26666,1342,1288,0
167612,-0.174,0.210,-0.610,0.427,0.087,-0.532,0.621,-0.320,-0.664,-0.266,1389996032.000,0.003,26583,26141,-9,-4,66,14.490,74.200,26315,26666,1342,1288,0
167712,0.182,-0.116,0.140,0.114,-0.054,-0.316,0.619,-0.299,-0.672,-0.274,1389996032.000,0.001,26678,26044,4,0,66,14.490,74.200,26315,26666,1342,1288,0
167812,0.427,-0.044,-0.070,0.119,-0.324,-0.023,0.611,-0.295,-0.681,-0.275,1389996032.000,0.001,26594,26130,-11,13,66,14.500,74.160,26737,26178,1364,1277,0
167912,0.476,0.486,0.790,0.068,-0.147,0.307,0.605,-0.302,-0.688,-0.263,1389996032.000,0.013,26308,26418,-14,18,66,14.500,74.160,26737,26178,1364,1277,0
168012,0.372,0.523,-1.000,-0.110,0.408,0.330,0.614,-0.314,-0.676,-0.259,1389996032.000,0.017,26297,26428,5,5,66,14.500,74.160,26737,26178,1364,1277,0
168112,0.063,0.121,-0.600,-0.097,0.557,0.250,0.634,-0.318,-0.656,-0.258,1389996032.000,0.004,26086,26637,17,-7,66,14.500,74.160,26737,26178,1364,1277,0
168213,-0.042,0.031,-0.820,-0.144,-0.071,0.004,0.640,-0.325,-0.644,-0.266,1389996032.000,0.001,26320,26406,-4,12,66,14.500,74.160,26737,26178,1364,1277,0
168313,-0.074,0.029,1.950,0.134,0.159,-0.071,0.639,-0.323,-0.646,-0.265,1470780288.000,0.001,27092,27145,1,-7,66,14.500,74.200,26455,26595,1314,1289,0
168413,-0.032,-0.060,0.500,-0.120,0.378,-0.124,0.647,-0.316,-0.638,-0.274,1463721472.000,-0.001,27105,27000,15,-5,66,14.500,74.200,26455,26595,1314,1289,0
168513,0.018,-0.129,-0.850,0.049,0.097,-0.117,0.651,-0.311,-0.631,-0.285,1477054848.000,-0.002,27249,27102,-2,-3,66,14.500,74.200,26455,26595,1314,1289,0
168613,0.231,-0.136,-0.290,-0.130,0.061,-0.106,0.650,-0.308,-0.632,-0.288,1499799936.000,-0.003,27688,27077,10,3,66,14.500,74.200,26455,26595,1314,1289,0
168713,0.431,-0.147,-0.100,-0.410,0.084,0.080,0.649,-0.313,-0.626,-0.297,1465290112.000,-0.004,27307,26826,18,10,66,14.450,73.320,27548,26881,1461,1363,0
168812,0.428,-0.042,0.050,-0.433,-0.157,0.121,0.643,-0.332,-0.619,-0.306,1461368576.000,-0.001,27274,26787,1,16,66,14.450,73.320,27548,26881,1461,1363,0
168912,0.382,0.097,0.470,-0.356,-0.132,0.221,0.633,-0.351,-0.617,-0.308,1411956864.000,0.004,26650,26490,3,15,66,14.450,73.320,27548,26881,1461,1363,0
169012,0.266,0.021,-0.640,-0.531,0.177,0.182,0.629,-0.372,-0.604,-0.317,1389996032.000,0.001,26434,26291,19,8,66,14.450,73.320,27548,26881,1461,1363,0
169112,-0.136,-0.096,0.070,-0.512,-0.134,0.017,0.624,-0.388,-0.594,-0.327,1389996032.000,-0.003,26208,26517,11,18,66,14.450,73.960,26109,26455,1310,1419,0
169212,-0.058,0.002,-0.460,-0.318,-0.298,-0.242,0.606,-0.399,-0.599,-0.339,1389996032.000,0.000,26635,26088,-2,16,66,14.450,73.960,26109,26455,1310,1419,0
169312,0.156,0.017,1.610,-0.237,-0.087,-0.161,0.591,-0.405,-0.603,-0.352,1389996032.000,0.001,26713,26008,4,8,66,14.450,73.960,26109,26455,1310,1419,0
169412,0.415,-0.041,-1.530,-0.276,-0.069,0.152,0.585,-0.413,-0.600,-0.357,1389996032.000,-0.000,26601,26122,8,10,66,14.450,73.960,26109,26455,1310,1419,0
169512,0.340,0.002,0.270,-0.413,-0.141,0.328,0.579,-0.434,-0.591,-0.357,1389996032.000,0.002,26358,26368,8,17,66,14.460,74.040,26109,26041,1426,1410,0
169612,-0.409,0.256,0.490,-0.591,0.020,0.043,0.572,-0.455,-0.580,-0.361,1389996032.000,0.007,26062,26660,12,24,66,14.460,74.040,26109,26041,1426,1410,0
169712,-0.357,0.219,-1.410,0.181,0.180,-0.114,0.571,-0.452,-0.577,-0.370,1389996032.000,0.005,26243,26483,-7,-6,66,14.460,74.040,26109,26041,1426,1410,0
169812,-0.312,0.284,-1.500,-0.224,0.089,-0.140,0.572,-0.447,-0.576,-0.377,1389996032.000,0.005,26313,26412,5,18,66,14.460,74.040,26109,26041,1426,1410,0
169912,-0.250,0.451,-1.500,-0.064,0.274,-0.124,0.571,-0.444,-0.571,-0.389,1389996032.000,0.005,26290,26435,-2,9,66,14.450,73.960,26178,26315,1389,1362,0
170012,-0.063,0.112,-2.230,0.048,0.420,-0.062,0.578,-0.435,-0.562,-0.400,1389996032.000,0.002,26403,26323,8,-8,66,14.450,73.960,26178,26315,1389,1362,0
170112,0.333,-0.129,-0.150,0.013,-0.019,0.120,0.585,-0.431,-0.556,-0.403,1389996032.000,-0.004,26613,26110,2,4,66,14.450,73.960,26178,26315,1389,1362,0
170212,0.306,-0.182,-0.160,-0.180,-0.150,0.246,0.584,-0.441,-0.555,-0.395,1389996032.000,-0.007,26388,26338,9,10,66,14.450,73.960,26178,26315,1389,1362,0
170312,-0.384,0.049,-0.490,-0.148,-0.074,0.143,0.580,-0.455,-0.549,-0.394,1389996032.000,0.001,25697,27012,0,11,66,14.450,73.960,26666,26109,1285,1406,0
170412,-0.325,0.061,-0.980,0.087,0.077,-0.212,0.571,-0.459,-0.547,-0.404,1389996032.000,0.001,26333,26392,-4,-4,66,14.450,73.960,26666,26109,1285,1406,0
170512,-0.171,0.037,1.380,-0.466,0.078,-0.208,0.566,-0.456,-0.546,-0.416,1389996032.000,0.001,26476,26250,18,18,66,14.450,73.960,26666,26109,1285,1406,0
170612,-0.084,0.022,-0.950,-0.159,0.013,-0.179,0.557,-0.458,-0.542,-0.431,1389996032.000,0.000,26466,26259,2,7,66,14.460,73.800,26525,26385,1349,1314,0
170712,-0.018,0.006,-0.020,-0.203,0.136,-0.154,0.552,-0.456,-0.542,-0.440,1389996032.000,0.000,26489,26236,11,6,66,14.460,73.800,26525,26385,1349,1314,0
170812,0.087,-0.137,-0.070,-0.159,0.169,-0.111,0.550,-0.454,-0.535,-0.454,1389996032.000,-0.001,26551,26174,11,-2,66,14.460,73.800,26525,26385,1349,1314,0
170912,0.270,-0.341,-0.160,0.109,-0.179,0.079,0.549,-0.453,-0.535,-0.455,1389996032.000,-0.005,26493,26232,-1,-1,66,14.460,73.800,26525,26385,1349,1314,0
171012,-0.045,0.043,-0.740,-0.394,-0.316,0.143,0.541,-0.468,-0.537,-0.448,1389996032.000,0.000,26069,26654,4,30,66,14.450,74.120,26315,26455,1377,1306,0
171112,-0.116,0.057,-1.230,0.023,0.157,-0.013,0.537,-0.474,-0.533,-0.450,1389996032.000,0.000,26310,26416,4,-4,66,14.450,74.120,26315,26455,1377,1306,0
171212,-0.033,-0.053,-0.310,0.002,0.102,-0.020,0.540,-0.470,-0.531,-0.454,1273133312.000,-0.000,25269,25192,6,1,66,14.450,74.120,26315,26455,1377,1306,0
171312,-0.041,-0.071,-1.480,-0.157,0.010,0.069,0.539,-0.474,-0.525,-0.458,1317839232.000,-0.001,25570,25768,9,8,67,14.550,74.410,25773,25839,1245,1274,0
171412,0.145,-0.440,0.360,-0.031,0.026,0.151,0.539,-0.479,-0.520,-0.458,1389996032.000,-0.009,26406,26320,15,-9,67,14.550,74.410,25773,25839,1245,1274,0
171512,0.349,-0.462,-0.780,-0.028,-0.522,0.369,0.542,-0.488,-0.521,-0.444,1389996032.000,-0.016,26311,26415,-2,18,67,14.550,74.410,25773,25839,1245,1274,0
171612,0.215,-0.177,-0.580,-0.200,-0.394,0.396,0.532,-0.515,-0.522,-0.424,1389996032.000,-0.006,26182,26542,4,15,67,14.550,74.410,25773,25839,1245,1274,0
171712,-0.283,-0.081,-0.400,-0.358,-0.031,0.168,0.531,-0.528,-0.516,-0.416,1389996032.000,0.001,25928,26791,17,14,67,14.490,74.120,25974,26666,1255,1442,0
171812,-0.499,0.281,-0.270,-0.052,-0.102,-0.208,0.524,-0.532,-0.513,-0.422,1389996032.000,0.010,26202,26522,-6,17,67,14.490,74.120,25974,26666,1255,1442,0
171912,-0.369,0.222,-1.810,0.037,0.270,-0.413,0.518,-0.523,-0.521,-0.432,1389996032.000,0.007,26472,26253,6,0,67,14.490,74.120,25974,26666,1255,1442,0
172012,-0.208,0.090,1.030,-0.044,0.284,-0.403,0.516,-0.507,-0.523,-0.450,1389996032.000,0.002,26551,26173,11,1,67,14.490,74.120,25974,26666,1255,1442,0
172112,-0.061,-0.271,-1.320,0.064,0.041,-0.341,0.512,-0.493,-0.526,-0.467,1389996032.000,-0.000,26601,26122,6,-4,67,14.470,73.840,26737,26246,1312,1307,0
172212,0.141,-0.410,1.070,-0.021,-0.401,-0.209,0.502,-0.489,-0.539,-0.467,1436270592.000,0.001,27104,26488,4,9,67,14.470,73.840,26737,26246,1312,1307,0
172312,0.202,0.277,-0.060,0.022,-0.224,-0.033,0.492,-0.493,-0.551,-0.460,1448035200.000,0.004,27065,26749,-13,22,67,14.470,73.840,26737,26246,1312,1307,0
172412,0.182,0.296,1.370,-0.062,0.231,0.026,0.489,-0.494,-0.552,-0.459,1492741120.000,0.004,27431,27208,8,5,67,14.410,72.960,27472,27173,1404,1404,0
172512,0.178,0.187,-0.290,-0.067,0.411,0.047,0.501,-0.486,-0.541,-0.469,1427643136.000,0.002,26843,26591,13,1,67,14.410,72.960,27472,27173,1404,1404,0
172612,0.392,-0.010,0.240,-0.004,0.204,0.108,0.508,-0.482,-0.531,-0.476,1389996032.000,0.000,26709,26012,8,-1,67,14.410,72.960,27472,27173,1404,1404,0
172712,0.621,-0.297,-1.910,0.232,0.018,0.288,0.516,-0.483,-0.525,-0.473,1389996032.000,-0.008,26709,26012,3,-11,67,14.410,72.960,27472,27173,1404,1404,0
172812,0.409,-0.445,1.150,-0.157,-0.278,0.538,0.527,-0.494,-0.519,-0.458,1506858752.000,-0.014,27260,27645,14,14,67,14.390,73.080,27173,27322,1400,1404,0
172912,-0.005,-0.367,1.170,-0.117,-0.358,0.386,0.523,-0.519,-0.511,-0.442,1389996032.000,-0.013,26016,26705,4,6,67,14.390,73.080,27173,27322,1400,1404,0
173012,-0.255,0.081,-1.900,0.261,-0.306,0.158,0.523,-0.531,-0.514,-0.425,1389996032.000,0.006,26027,26694,-16,9,67,14.390,73.080,27173,27322,1400,1404,0
173112,-0.448,0.329,-0.370,0.007,0.021,-0.060,0.522,-0.534,-0.520,-0.415,1450388224.000,0.013,26697,27160,1,11,67,14.390,73.080,27173,27322,1400,1404,0
173212,-0.409,0.249,0.550,0.269,0.399,-0.168,0.530,-0.522,-0.519,-0.421,1453525504.000,0.009,26826,27090,3,-9,67,14.410,73.240,26666,27322,1420,1329,0
173312,-0.267,0.035,0.660,0.171,0.162,-0.121,0.540,-0.506,-0.521,-0.427,1456662656.000,0.002,26891,27084,4,-1,67,14.410,73.240,26666,27322,1420,1329,0
173412,-0.004,-0.508,0.940,0.126,-0.153,0.063,0.544,-0.499,-0.523,-0.426,1477054848.000,-0.015,27068,27283,8,-4,67,14.410,73.240,26666,27322,1420,1329,0
173512,-0.035,-0.414,-0.610,0.006,-0.727,0.097,0.533,-0.511,-0.535,-0.410,1477839232.000,-0.010,27021,27344,-6,15,67,14.410,73.240,26666,27322,1420,1329,0
173612,-0.194,0.152,1.060,0.116,-0.249,0.094,0.524,-0.522,-0.547,-0.392,1389996032.000,0.013,26035,26687,-10,14,67,14.410,72.880,26954,27624,1383,1326,0
173712,-0.491,0.503,0.750,0.194,0.063,-0.036,0.524,-0.522,-0.552,-0.385,1389996032.000,0.021,25811,26903,-12,10,67,14.410,72.880,26954,27624,1383,1326,0
173812,-0.450,0.420,-0.340,0.299,0.521,-0.244,0.533,-0.509,-0.552,-0.390,1389996032.000,0.013,26219,26506,2,-13,67,14.410,72.880,26954,27624,1383,1326,0
173912,-0.370,0.181,1.440,0.270,0.317,-0.202,0.549,-0.485,-0.551,-0.399,1389996032.000,0.005,26163,26561,1,-3,67,14.410,72.880,26954,27624,1383,1326,0
174012,-0.528,0.062,-0.610,0.088,0.070,-0.201,0.554,-0.472,-0.554,-0.403,1389996032.000,0.002,25960,26759,2,5,67,14.440,73.640,25839,26881,1346,1353,0
174112,-0.217,0.217,0.480,0.533,0.079,-0.239,0.556,-0.459,-0.562,-0.406,1389996032.000,0.003,26372,26354,-18,-9,67,14.440,73.640,25839,26881,1346,1353,0
174212,-0.188,0.114,-0.680,0.228,0.196,-0.007,0.568,-0.440,-0.570,-0.398,1389996032.000,0.001,26049,26673,6,0,67,14.440,73.640,25839,26881,1346,1353,0
174312,-0.258,-0.151,0.950,0.099,0.077,-0.033,0.574,-0.435,-0.568,-0.398,1411172480.000,-0.000,26235,26887,7,-4,67,14.440,73.640,25839,26881,1346,1353,0
174412,-0.335,-0.486,1.130,0.371,-0.283,-0.131,0.577,-0.426,-0.576,-0.392,1389996032.000,0.000,26087,26636,-5,-8,67,14.440,73.280,26315,27247,1322,1319,0
174512,-0.107,0.250,-1.810,0.259,-0.720,-0.161,0.562,-0.426,-0.600,-0.377,1389996032.000,0.004,26305,26421,-30,23,67,14.440,73.280,26315,27247,1322,1319,0
174612,-0.081,0.329,-0.300,0.180,0.381,-0.048,0.558,-0.421,-0.615,-0.366,1389996032.000,0.005,26162,26562,10,-8,67,14.440,73.280,26315,27247,1322,1319,0
174712,-0.075,0.164,-0.120,0.139,0.239,0.006,0.573,-0.409,-0.606,-0.371,1438623488.000,0.002,26572,27066,1,0,67,14.440,73.280,26315,27247,1322,1319,0
174812,0.154,-0.205,-0.670,0.272,-0.060,0.068,0.578,-0.403,-0.608,-0.366,1442545024.000,-0.002,26817,26896,-1,-8,67,14.380,72.960,26881,27397,1366,1302,0
174912,0.108,-0.084,0.090,0.324,-0.126,0.176,0.584,-0.400,-0.613,-0.352,1389996032.000,0.000,26090,26632,-8,-1,67,14.380,72.960,26881,27397,1366,1302,0
175012,-0.204,0.255,0.180,-0.093,-0.094,0.019,0.583,-0.405,-0.615,-0.342,1389996032.000,0.004,26030,26691,0,17,67,14.380,72.960,26881,27397,1366,1302,0
175112,-0.159,0.186,-0.730,0.336,0.426,-0.156,0.590,-0.394,-0.613,-0.347,1411172480.000,0.002,26433,26692,0,-16,67,14.380,72.960,26881,27397,1366,1302,0
175212,-0.113,0.103,-1.040,-0.038,0.052,-0.112,0.600,-0.380,-0.610,-0.350,1389996032.000,0.001,26186,26539,3,12,67,14.440,73.400,26109,26525,1366,1353,0
175312,-0.060,0.073,-0.190,-0.029,0.018,-0.150,0.593,-0.381,-0.612,-0.358,1389996032.000,0.001,26284,26441,1,3,67,14.440,73.400,26109,26525,1366,1353,0
175412,-0.009,0.041,-0.660,0.217,0.107,-0.116,0.598,-0.370,-0.614,-0.359,1389996032.000,0.000,26273,26453,-3,-4,67,14.440,73.400,26109,26525,1366,1353,0
175512,0.034,-0.009,-0.830,-0.051,-0.041,-0.106,0.598,-0.365,-0.617,-0.360,1389996032.000,0.000,26310,26417,4,8,67,14.440,73.400,26109,26525,1366,1353,0
175612,0.248,-0.216,-1.980,0.067,0.030,0.000,0.595,-0.365,-0.617,-0.364,1389996032.000,-0.001,26404,26322,5,-7,67,14.440,73.520,26178,26385,1430,1313,0
175712,0.489,-0.326,-0.570,0.126,-0.313,0.206,0.595,-0.369,-0.619,-0.356,1389996032.000,-0.006,26453,26272,-6,1,67,14.440,73.520,26178,26385,1430,1313,0
175812,0.373,-0.172,-0.690,-0.069,-0.503,0.398,0.586,-0.387,-0.627,-0.337,1389996032.000,-0.003,26105,26618,-6,19,67,14.440,73.520,26178,26385,1430,1313,0
175912,0.355,0.182,0.140,0.074,-0.104,0.398,0.583,-0.404,-0.628,-0.321,1389996032.000,0.010,26174,26551,-7,6,67,14.440,73.520,26178,26385,1430,1313,0
176012,-0.024,0.317,-0.320,0.127,0.184,0.353,0.593,-0.411,-0.620,-0.308,1389996032.000,0.014,25735,26976,-3,3,67,14.440,73.520,26178,26385,1430,1313,0
176112,-0.501,0.244,-0.790,-0.351,0.319,-0.026,0.603,-0.415,-0.607,-0.309,1389996032.000,0.007,25855,26861,17,13,67,14.420,73.240,25706,27027,1339,1361,0
176212,-0.411,0.140,-0.090,0.656,0.360,-0.269,0.613,-0.397,-0.605,-0.318,1389996032.000,0.003,26147,26577,-15,-25,67,14.420,73.240,25706,27027,1339,1361,0
176312,-0.332,0.048,0.520,0.323,0.136,-0.189,0.628,-0.368,-0.610,-0.311,1389996032.000,0.001,26062,26661,-1,0,67,14.420,73.240,25706,27027,1339,1361,0
176412,-0.272,0.046,-0.800,0.320,0.241,-0.150,0.634,-0.355,-0.612,-0.312,1389996032.000,0.001,26073,26650,-1,-11,67,14.420,73.240,25706,27027,1339,1361,0
176512,-0.104,-0.105,-0.320,0.559,0.280,-0.139,0.651,-0.328,-0.612,-0.307,1389996032.000,-0.001,26199,26526,-3,-13,67,14.450,73.440,26041,26246,1397,1412,0
176612,0.106,-0.113,-0.810,0.213,-0.097,-0.030,0.655,-0.316,-0.618,-0.300,1389996032.000,-0.002,26290,26435,-3,2,67,14.450,73.440,26041,26246,1397,1412,0
176712,0.255,-0.176,-1.260,0.362,0.078,0.016,0.658,-0.307,-0.622,-0.292,1389996032.000,-0.004,26375,26351,-1,-14,67,14.450,73.440,26041,26246,1397,1412,0
176812,0.513,-0.327,-0.170,0.131,0.017,0.242,0.665,-0.302,-0.621,-0.283,1389996032.000,-0.012,26287,26438,8,-3,67,14.450,73.440,26041,26246,1397,1412,0
176912,0.056,-0.207,-0.510,-0.388,-0.188,0.340,0.664,-0.320,-0.618,-0.275,1389996032.000,-0.006,25695,27014,12,16,67,14.440,73.360,26109,26525,1365,1359,0
177012,-0.386,-0.059,-0.090,-0.260,-0.002,-0.167,0.656,-0.336,-0.614,-0.281,1389996032.000,-0.001,26085,26638,6,3,67,14.440,73.360,26109,26525,1365,1359,0
177112,-0.262,-0.117,0.120,0.368,0.013,-0.331,0.657,-0.319,-0.621,-0.285,1389996032.000,-0.001,26314,26412,-7,-13,67,14.440,73.360,26109,26525,1365,1359,0
177212,-0.258,-0.555,-0.920,-0.429,-0.202,-0.256,0.648,-0.315,-0.627,-0.294,1389996032.000,-0.001,26172,26552,26,7,67,14.440,73.360,26109,26525,1365,1359,0
177312,-0.114,-0.400,-1.170,0.169,-0.500,-0.297,0.631,-0.317,-0.639,-0.304,1389996032.000,0.001,26391,26335,-15,-2,67,14.440,73.320,26178,26595,1350,1335,0
177412,0.029,0.163,-1.740,-0.053,-0.422,-0.079,0.614,-0.314,-0.661,-0.297,1389996032.000,0.001,26223,26502,-10,21,67,14.440,73.320,26178,26595,1350,1335,0
177512,0.266,0.166,-1.990,-0.073,0.184,0.067,0.608,-0.321,-0.660,-0.303,1389996032.000,0.003,26409,26317,2,-11,67,14.440,73.320,26178,26595,1350,1335,0
177612,0.634,0.063,-1.460,0.058,-0.001,0.328,0.618,-0.322,-0.654,-0.295,1389996032.000,0.003,26484,26241,-2,3,67,14.480,73.320,26315,26041,1449,1337,0
177712,0.556,-0.057,-0.450,-0.073,-0.109,0.699,0.623,-0.339,-0.649,-0.274,1389996032.000,-0.002,25935,26783,5,6,67,14.480,73.320,26315,26041,1449,1337,0
177812,-0.229,-0.021,0.020,-0.258,-0.016,0.478,0.627,-0.364,-0.638,-0.258,1389996032.000,0.001,25585,27118,14,14,67,14.480,73.320,26315,26041,1449,1337,0
177912,-0.415,0.112,-1.630,0.386,0.026,0.027,0.630,-0.368,-0.635,-0.253,1389996032.000,0.005,25864,26852,-16,-11,67,14.480,73.320,26315,26041,1449,1337,0
178012,-0.491,0.210,-1.000,0.048,0.081,-0.107,0.635,-0.359,-0.638,-0.247,1389996032.000,0.007,25879,26838,1,6,67,14.410,73.320,25974,27027,1278,1354,0
178112,-0.429,0.142,1.240,0.350,0.301,-0.201,0.642,-0.347,-0.635,-0.252,1389996032.000,0.004,25999,26722,-5,-13,67,14.410,73.320,25974,27027,1278,1354,0
178212,-0.351,0.079,-0.590,0.191,0.091,-0.212,0.650,-0.329,-0.637,-0.253,1375094016.000,0.002,25889,26549,-2,0,67,14.410,73.320,25974,27027,1278,1354,0
178312,-0.251,-0.017,-1.430,0.200,0.159,-0.212,0.654,-0.315,-0.639,-0.256,1277839232.000,-0.000,25000,25550,1,-8,67,14.410,73.320,25974,27027,1278,1354,0
178412,-0.178,-0.012,-1.870,0.231,0.122,-0.174,0.660,-0.299,-0.639,-0.257,1389996032.000,-0.000,26105,26618,-2,-6,67,14.480,73.800,25062,25510,1255,1292,0
178512,-0.116,-0.026,-0.720,0.119,-0.013,-0.134,0.662,-0.289,-0.642,-0.258,1389996032.000,-0.000,26112,26611,-1,0,67,14.480,73.800,25062,25510,1255,1292,0
178612,-0.004,-0.223,-0.310,0.136,0.019,-0.113,0.662,-0.280,-0.646,-0.258,1389996032.000,-0.003,26222,26503,5,-9,67,14.480,73.800,25062,25510,1255,1292,0
178712,0.117,-0.653,-1.360,0.084,-0.277,0.050,0.661,-0.275,-0.651,-0.252,1389996032.000,-0.011,26124,26600,8,-8,67,14.420,73.280,26455,26525,1284,1353,0
178812,0.081,-0.517,1.510,0.120,-0.620,0.117,0.648,-0.283,-0.665,-0.242,1389996032.000,-0.004,26049,26673,-19,9,67,14.420,73.280,26455,26525,1284,1353,0
178912,0.028,0.077,-1.220,0.228,-0.149,0.111,0.638,-0.285,-0.679,-0.225,1389996032.000,0.003,26010,26711,-8,-1,67,14.420,73.280,26455,26525,1284,1353,0
179012,0.010,0.057,1.200,0.257,0.091,0.064,0.643,-0.280,-0.679,-0.215,1389996032.000,0.002,26055,26667,-3,-7,67,14.420,73.280,26455,26525,1284,1353,0
179112,0.037,0.146,-0.080,0.177,0.011,0.050,0.649,-0.274,-0.679,-0.207,1389996032.000,0.005,26085,26638,-6,1,68,14.430,73.160,25974,26595,1388,1354,0
179212,-0.304,0.248,-0.290,0.043,0.114,-0.158,0.651,-0.271,-0.679,-0.204,1389996032.000,0.004,25991,26729,-2,2,68,14.430,73.160,25974,26595,1388,1354,0
179312,-0.205,0.139,-0.100,0.190,0.263,-0.317,0.658,-0.255,-0.677,-0.210,1389996032.000,0.002,26252,26473,0,-8,68,14.430,73.160,25974,26595,1388,1354,0
179412,-0.104,0.077,0.780,-0.090,0.164,-0.167,0.663,-0.241,-0.674,-0.217,1389996032.000,0.000,26119,26605,7,3,68,14.430,73.160,25974,26595,1388,1354,0
179512,-0.041,0.018,0.780,-0.083,0.289,-0.162,0.667,-0.237,-0.668,-0.229,1389996032.000,0.000,26217,26508,10,-7,68,14.410,72.960,26455,26178,1331,1466,0
179612,0.114,-0.073,-0.070,-0.032,0.278,-0.191,0.674,-0.230,-0.659,-0.241,1389996032.000,-0.000,26416,26309,8,-8,68,14.410,72.960,26455,26178,1331,1466,0
179712,0.636,-0.229,-0.270,0.117,0.029,0.008,0.677,-0.225,-0.655,-0.248,1389996032.000,-0.004,26708,26013,0,-10,68,14.410,72.960,26455,26178,1331,1466,0
179812,0.756,-0.372,0.810,-0.198,-0.090,0.394,0.679,-0.232,-0.654,-0.239,1389996032.000,-0.012,26301,26425,15,3,68,14.390,73.280,26315,26246,1389,1365,0
179912,0.239,-0.186,0.850,-0.214,-0.203,0.391,0.676,-0.257,-0.650,-0.234,1389996032.000,-0.004,25734,26977,1,8,68,14.390,73.280,26315,26246,1389,1365,0
180012,-0.273,0.007,-1.490,-0.336,-0.163,0.029,0.668,-0.274,-0.653,-0.228,1389996032.000,0.000,25871,26845,7,13,68,14.390,73.280,26315,26246,1389,1365,0
180112,-0.216,-0.002,0.710,0.097,0.169,-0.180,0.668,-0.270,-0.653,-0.234,1389996032.000,-0.000,26186,26539,5,-6,68,14.390,73.280,26315,26246,1389,1365,0
180212,0.200,-0.224,0.000,-0.220,-0.008,-0.059,0.667,-0.268,-0.651,-0.243,1389996032.000,-0.005,26501,26224,14,0,68,14.430,73.120,26525,26315,1305,1367,0
180312,0.523,-0.387,-0.290,0.218,-0.098,0.236,0.667,-0.270,-0.651,-0.241,1389996032.000,-0.014,26388,26338,-2,-16,68,14.430,73.120,26525,26315,1305,1367,0
180412,0.456,-0.338,-0.640,-0.284,-0.407,0.421,0.662,-0.286,-0.654,-0.228,1389996032.000,-0.016,26134,26589,8,14,68,14.430,73.120,26525,26315,1305,1367,0
180512,0.319,-0.276,-0.310,-0.077,-0.168,0.381,0.653,-0.310,-0.656,-0.218,1389996032.000,-0.014,26101,26622,4,-6,68,14.430,73.120,26525,26315,1305,1367,0
180612,-0.088,-0.187,-0.040,-0.023,-0.262,0.331,0.651,-0.324,-0.655,-0.205,1389996032.000,-0.008,25649,27058,-2,3,67,14.420,73.160,26109,26737,1328,1345,0
180712,-0.681,0.296,-0.070,-0.198,-0.147,-0.061,0.640,-0.339,-0.659,-0.201,1389996032.000,0.011,25540,27160,-6,15,67,14.420,73.160,26109,26737,1328,1345,0
180812,-0.589,0.275,0.440,0.262,0.273,-0.402,0.640,-0.330,-0.661,-0.209,1389996032.000,0.009,26137,26586,-5,-13,67,14.420,73.160,26109,26737,1328,1345,0
180912,-0.341,0.204,0.680,0.078,0.118,-0.346,0.647,-0.309,-0.662,-0.219,1389996032.000,0.006,26212,26512,-1,2,67,14.420,73.160,26109,26737,1328,1345,0
181012,0.274,-0.167,1.630,0.272,0.156,-0.062,0.648,-0.297,-0.663,-0.227,1389996032.000,-0.006,26435,26290,2,-19,69,14.410,72.920,26737,25839,1399,1341,0
181112,0.273,-0.196,0.800,-0.214,-0.307,0.128,0.651,-0.296,-0.664,-0.221,1389996032.000,-0.008,26225,26500,5,16,69,14.410,72.920,26737,25839,1399,1341,0
181212,0.234,-0.107,0.380,0.056,-0.144,0.101,0.640,-0.308,-0.670,-0.218,1389996032.000,-0.004,26257,26469,-2,-5,69,14.410,72.920,26737,25839,1399,1341,0
181312,-0.423,0.276,0.750,-0.523,0.031,-0.238,0.637,-0.313,-0.670,-0.219,1389996032.000,0.007,26081,26642,14,22,69,14.410,72.920,26737,25839,1399,1341,0
181412,-0.277,0.204,-0.790,0.348,0.399,-0.362,0.640,-0.301,-0.666,-0.238,1389996032.000,0.003,26295,26431,-6,-22,68,14.420,72.960,26315,26178,1366,1394,0
181512,0.290,-0.076,-0.950,-0.177,0.116,-0.143,0.646,-0.285,-0.664,-0.246,1389996032.000,-0.002,26609,26114,15,3,68,14.420,72.960,26315,26178,1366,1394,0
181612,0.574,-0.251,2.020,-0.147,0.010,0.313,0.649,-0.290,-0.658,-0.247,1389996032.000,-0.010,26314,26411,11,-2,68,14.420,72.960,26315,26178,1366,1394,0
181712,0.330,-0.191,1.040,-0.052,-0.189,0.350,0.649,-0.305,-0.655,-0.238,1389996032.000,-0.008,26054,26668,0,2,68,14.420,72.960,26315,26178,1366,1394,0
181812,-0.434,0.183,-0.120,-0.219,-0.006,0.077,0.644,-0.321,-0.654,-0.234,1389996032.000,0.004,25630,27076,2,6,68,14.380,72.840,25706,26737,1376,1401,0
181912,-0.384,0.131,-0.430,0.160,0.362,-0.282,0.646,-0.320,-0.648,-0.245,1389996032.000,0.003,26216,26509,1,-18,68,14.380,72.840,25706,26737,1376,1401,0
182012,-0.278,0.037,1.430,0.034,0.151,-0.251,0.656,-0.301,-0.645,-0.252,1389996032.000,0.000,26189,26536,5,0,68,14.380,72.840,25706,26737,1376,1401,0
182112,0.048,-0.193,1.750,-0.034,0.021,-0.083,0.652,-0.298,-0.646,-0.262,1389996032.000,-0.004,26233,26492,6,-7,68,14.380,72.840,25706,26737,1376,1401,0
182212,0.057,-0.109,1.260,0.141,-0.041,-0.016,0.653,-0.295,-0.648,-0.259,1389996032.000,-0.002,26230,26495,-1,-6,67,14.400,72.800,26385,26385,1311,1385,0
182312,0.058,-0.135,0.270,-0.071,-0.018,0.006,0.652,-0.294,-0.649,-0.258,1389996032.000,-0.002,26222,26503,9,0,67,14.400,72.800,26385,26385,1311,1385,0
182412,0.293,-0.578,0.490,0.040,-0.094,0.120,0.651,-0.297,-0.649,-0.257,1389996032.000,-0.017,26322,26404,12,-15,67,14.400,72.800,26385,26385,1311,1385,0
182513,0.226,-0.187,0.200,-0.062,-0.674,0.152,0.640,-0.306,-0.661,-0.245,1389996032.000,-0.005,26234,26491,-14,21,67,14.400,72.800,26385,26385,1311,1385,0
182613,-0.179,0.277,1.800,-0.062,-0.121,0.036,0.625,-0.318,-0.672,-0.238,1389996032.000,0.007,25922,26796,-3,7,68,14.430,72.920,25839,26455,1415,1393,0
182713,-0.149,0.130,-1.430,0.089,0.406,-0.167,0.634,-0.310,-0.666,-0.243,1419799936.000,0.004,26570,26717,10,-14,68,14.430,72.920,25839,26455,1415,1393,0
182813,0.030,-0.196,0.700,-0.132,0.059,-0.120,0.639,-0.302,-0.661,-0.252,1422937216.000,-0.003,26686,26661,11,-1,68,14.430,72.920,25839,26455,1415,1393,0
182913,0.320,-0.097,-1.650,0.030,-0.191,0.027,0.634,-0.305,-0.663,-0.255,1389996032.000,-0.002,26505,26220,-5,1,68,14.430,72.920,25839,26455,1415,1393,0
183013,0.461,0.044,0.080,-0.071,-0.037,0.244,0.631,-0.311,-0.666,-0.247,1389996032.000,0.003,26355,26370,5,3,68,14.430,72.920,25839,26455,1415,1393,0
183112,0.393,0.047,0.160,-0.347,0.164,0.304,0.634,-0.328,-0.655,-0.248,1389996032.000,0.003,26104,26619,12,8,68,14.400,72.880,25974,26455,1425,1357,0
183212,-0.422,0.219,-0.920,-0.602,0.022,-0.109,0.630,-0.346,-0.645,-0.257,1389996032.000,0.005,26045,26676,14,20,68,14.400,72.880,25974,26455,1425,1357,0
183312,-0.306,0.152,0.910,0.328,0.344,-0.290,0.634,-0.334,-0.643,-0.270,1389996032.000,0.003,26279,26447,-4,-21,68,14.400,72.880,25974,26455,1425,1357,0
183412,0.045,0.079,0.550,-0.353,0.146,-0.168,0.638,-0.326,-0.638,-0.283,1389996032.000,0.002,26462,26263,16,11,68,14.400,72.880,25974,26455,1425,1357,0
183512,0.457,-0.143,0.610,0.052,0.094,-0.022,0.637,-0.329,-0.633,-0.292,1389996032.000,-0.005,26840,25877,5,-14,68,14.340,72.680,26109,26525,1413,1330,0
183612,0.400,-0.233,-0.860,0.013,-0.028,0.320,0.646,-0.323,-0.632,-0.280,1389996032.000,-0.009,26183,26542,11,-1,68,14.340,72.680,26109,26525,1413,1330,0
183712,-0.372,0.101,-0.130,-0.389,-0.271,0.262,0.636,-0.350,-0.628,-0.281,1389996032.000,0.002,25389,27302,0,19,68,14.340,72.680,26109,26525,1413,1330,0
183812,-0.358,0.112,0.760,0.299,0.166,-0.227,0.633,-0.353,-0.628,-0.284,1389996032.000,0.002,26247,26478,-6,-20,68,14.340,72.680,26109,26525,1413,1330,0
183912,-0.161,-0.145,1.900,-0.050,0.103,-0.122,0.639,-0.339,-0.628,-0.288,1389996032.000,-0.002,26219,26505,13,-3,68,14.410,72.840,26455,26315,1295,1392,0
184012,-0.088,-0.148,0.940,-0.013,-0.250,-0.018,0.631,-0.345,-0.630,-0.293,1389996032.000,-0.003,26156,26568,-3,2,68,14.410,72.840,26455,26315,1295,1392,0
184112,-0.082,0.072,-0.960,0.249,-0.056,0.052,0.630,-0.341,-0.639,-0.282,1389996032.000,-0.398,26059,26664,-15,-18,68,14.410,72.840,26455,26315,1295,1392,0
184212,-0.102,0.068,-0.290,-0.337,-0.016,0.083,0.632,-0.343,-0.636,-0.281,1389996032.000,-0.998,26030,26691,-15,-14,68,14.400,72.840,25974,26809,1353,1334,0
184312,-0.112,0.108,0.450,-0.684,-0.064,0.024,0.620,-0.364,-0.630,-0.295,1389996032.000,-1.197,26099,26624,-12,-9,68,14.400,72.840,25974,26809,1353,1334,0
184412,-0.166,0.122,-1.400,-0.940,0.101,-0.020,0.607,-0.386,-0.617,-0.319,1389996032.000,-1.397,26072,26650,-4,-10,68,14.400,72.840,25974,26809,1353,1334,0
184512,-0.151,0.187,1.280,-1.394,0.034,-0.091,0.584,-0.419,-0.597,-0.358,1389996032.000,-1.296,26164,26561,8,12,68,14.400,72.840,25974,26809,1353,1334,0
184612,-0.032,-0.001,0.880,-0.954,0.187,-0.048,0.560,-0.448,-0.572,-0.397,1389996032.000,-0.099,26230,26495,37,19,68,14.420,73.000,26246,26455,1325,1382,0
184712,0.032,-0.063,-0.270,0.224,-0.177,0.010,0.553,-0.455,-0.567,-0.406,1389996032.000,0.000,26178,26546,-16,-10,68,14.420,73.000,26246,26455,1325,1382,0
184812,0.261,-0.302,-0.440,-0.056,-0.183,0.152,0.553,-0.457,-0.574,-0.395,1389996032.000,-0.007,26228,26497,7,-4,68,14.420,73.000,26246,26455,1325,1382,0
184912,0.184,-0.401,-1.420,0.056,-0.444,0.381,0.549,-0.471,-0.575,-0.381,1389996032.000,-0.210,25885,26833,-11,-8,68,14.420,73.000,26246,26455,1325,1382,0
185012,0.019,0.039,-2.190,-0.183,-0.411,0.351,0.543,-0.491,-0.578,-0.360,1389996032.000,-0.991,25841,26874,-36,-10,68,14.380,73.000,25773,26595,1331,1357,0
185112,-0.529,0.544,0.050,-1.294,-0.048,0.136,0.525,-0.519,-0.568,-0.365,1389996032.000,-1.174,25661,27047,8,24,68,14.380,73.000,25773,26595,1331,1357,0
185212,-0.382,0.473,-0.820,-0.546,0.584,-0.270,0.504,-0.533,-0.543,-0.408,1389996032.000,-0.281,26154,26570,15,-2,68,14.380,73.000,25773,26595,1331,1357,0
185312,-0.264,0.357,-1.110,0.023,0.257,-0.300,0.505,-0.521,-0.537,-0.430,1389996032.000,0.010,26208,26516,-5,-1,68,14.400,72.840,25906,26109,1422,1456,0
185412,-0.140,0.281,-0.030,-0.041,0.324,-0.312,0.506,-0.507,-0.538,-0.444,1561760768.000,0.006,27878,28010,5,-4,68,14.400,72.840,25906,26109,1422,1456,0
185512,-0.041,0.172,0.700,-0.088,0.387,-0.214,0.508,-0.494,-0.534,-0.461,1524898048.000,0.002,27515,27710,10,-5,68,14.400,72.840,25906,26109,1422,1456,0
185612,0.037,0.077,0.850,-0.013,0.270,-0.192,0.511,-0.483,-0.529,-0.475,1389996032.000,0.000,26328,26398,5,-6,68,14.400,72.840,25906,26109,1422,1456,0
185712,0.500,-0.147,0.440,0.152,0.207,-0.130,0.515,-0.471,-0.528,-0.484,1389996032.000,-0.002,26837,25880,6,-16,68,14.370,72.550,26737,26041,1302,1403,0
185812,0.800,-0.232,-0.360,0.069,0.000,0.214,0.521,-0.465,-0.528,-0.483,1389996032.000,-0.006,26511,26214,12,1,68,14.370,72.550,26737,26041,1302,1403,0
185912,0.755,0.223,0.710,-0.386,-0.126,0.451,0.520,-0.484,-0.517,-0.478,1389996032.000,0.008,26341,26385,3,19,68,14.370,72.550,26737,26041,1302,1403,0
186012,0.200,-0.243,0.540,-0.344,0.287,0.469,0.530,-0.498,-0.497,-0.474,1389996032.000,-0.007,25766,26946,29,-9,68,14.370,72.550,26737,26041,1302,1403,0
186112,0.084,-0.219,-0.710,-0.136,-0.547,0.144,0.526,-0.515,-0.483,-0.473,1389996032.000,-0.007,26199,26747,-16,8,68,14.390,72.550,25906,26809,1336,1373,0
186212,-0.325,0.140,1.200,-0.139,-0.293,0.024,0.517,-0.529,-0.493,-0.457,1458231296.000,0.004,26517,27479,-3,13,68,14.390,72.550,25906,26809,1336,1373,0
186312,-0.360,0.177,-1.750,-0.032,0.000,-0.136,0.510,-0.534,-0.495,-0.459,1389996032.000,0.004,26041,26681,0,1,68,14.390,72.550,25906,26809,1336,1373,0
186412,-0.298,0.130,1.090,0.157,-0.014,-0.170,0.508,-0.527,-0.501,-0.460,1389996032.000,0.003,26106,26617,4,-10,68,14.380,72.350,26455,26455,1261,1396,0
186512,-0.134,-0.099,-1.220,0.106,-0.118,-0.090,0.509,-0.520,-0.509,-0.460,1389996032.000,0.000,26136,26588,0,-1,68,14.380,72.350,26455,26455,1261,1396,0
186612,-0.216,0.241,0.170,0.000,-0.129,-0.107,0.502,-0.523,-0.517,-0.456,1389996032.000,0.005,26078,26645,-5,8,68,14.380,72.350,26455,26455,1261,1396,0
186712,-0.092,0.215,-1.160,0.198,0.216,-0.151,0.505,-0.513,-0.522,-0.457,1389996032.000,0.004,26284,26441,-1,-7,68,14.380,72.350,26455,26455,1261,1396,0
186812,0.324,-0.168,-0.830,0.278,-0.008,-0.020,0.508,-0.505,-0.524,-0.460,1389996032.000,-0.003,26546,26178,-3,-15,68,14.380,72.510,26525,26246,1426,1269,0
186912,0.321,0.030,-1.530,0.004,-0.276,0.281,0.514,-0.506,-0.528,-0.448,1389996032.000,0.003,26110,26613,-6,13,68,14.380,72.510,26525,26246,1426,1269,0
187012,-0.263,0.283,0.860,-0.337,-0.024,-0.056,0.507,-0.522,-0.524,-0.443,1389996032.000,0.007,26056,26667,5,13,68,14.380,72.510,26525,26246,1426,1269,0
187112,-0.138,0.223,-0.870,0.409,0.281,-0.203,0.511,-0.510,-0.527,-0.449,1389996032.000,0.005,26289,26437,-8,-14,68,14.380,72.510,26525,26246,1426,1269,0
187212,0.081,-0.241,0.120,-0.113,-0.073,-0.069,0.513,-0.501,-0.531,-0.451,1389996032.000,-0.002,26334,26391,13,-1,68,14.370,72.430,26315,26178,1401,1434,0
187312,0.086,-0.230,-0.110,0.057,-0.107,0.052,0.510,-0.504,-0.531,-0.451,1389996032.000,-0.001,26172,26552,1,-6,68,14.370,72.430,26315,26178,1401,1434,0
187412,0.119,0.276,-1.850,0.236,-0.210,0.078,0.511,-0.505,-0.540,-0.439,1389996032.000,0.009,26217,26193,-10,6,68,14.370,72.430,26315,26178,1401,1434,0
187512,0.450,0.232,-0.740,0.187,0.436,0.289,0.523,-0.501,-0.537,-0.432,1389996032.000,0.011,26342,26384,7,-13,68,14.370,72.430,26315,26178,1401,1434,0
187612,0.290,0.110,0.300,0.133,0.258,0.418,0.545,-0.498,-0.521,-0.429,1389996032.000,0.005,25971,26749,1,-5,68,14.390,72.390,26315,26455,1330,1367,0
187712,-0.453,0.096,-1.040,-0.129,-0.013,0.147,0.554,-0.505,-0.511,-0.421,1389996032.000,0.003,25598,27106,2,8,68,14.390,72.390,26315,26455,1330,1367,0
187812,-0.468,0.052,-0.120,0.609,0.254,-0.231,0.559,-0.493,-0.515,-0.423,1389996032.000,0.001,26042,26680,-12,-27,68,14.390,72.390,26315,26455,1330,1367,0
187912,-0.248,-0.019,0.710,0.336,0.011,-0.104,0.573,-0.470,-0.526,-0.418,1389996032.000,-0.000,26039,26683,-4,-4,68,14.390,72.390,26315,26455,1330,1367,0
188012,0.233,-0.238,-0.810,0.471,-0.101,0.101,0.576,-0.464,-0.534,-0.410,1389996032.000,-0.010,26254,26472,-9,-17,68,14.360,72.600,26455,26041,1373,1396,0
188112,0.093,-0.244,-0.570,0.203,-0.339,0.257,0.585,-0.462,-0.542,-0.388,1389996032.000,-0.011,25952,26767,-6,7,68,14.360,72.600,26455,26041,1373,1396,0
188212,-0.548,0.179,1.150,-0.063,-0.442,0.068,0.577,-0.473,-0.554,-0.370,1389996032.000,0.005,25399,27293,-11,20,68,14.360,72.600,26455,26041,1373,1396,0
188312,-0.477,0.195,1.170,0.678,0.143,-0.353,0.579,-0.460,-0.567,-0.364,1389996032.000,0.005,26109,26614,-18,-24,68,14.360,72.600,26455,26041,1373,1396,0
188412,-0.372,0.152,1.130,0.330,-0.090,-0.252,0.589,-0.432,-0.582,-0.357,1472348928.000,0.003,26771,27489,-6,10,69,14.390,72.510,26737,26881,1416,1529,0
188512,-0.288,0.184,-0.610,0.246,-0.049,-0.214,0.585,-0.423,-0.593,-0.357,1429996032.000,0.003,26428,27048,-11,-3,69,14.390,72.510,26737,26881,1416,1529,0
188612,0.074,0.104,-0.780,0.601,0.039,-0.121,0.593,-0.402,-0.604,-0.348,1389996032.000,0.003,26333,26393,-15,-16,69,14.390,72.510,26737,26881,1416,1529,0
188712,-0.230,0.179,-0.720,-0.080,-0.152,0.069,0.596,-0.396,-0.611,-0.340,1389996032.000,-0.597,25607,27098,-21,-5,69,14.390,72.510,26737,26881,1416,1529,0
188812,-0.195,0.220,0.560,-0.480,-0.071,-0.216,0.583,-0.408,-0.609,-0.351,1389996032.000,-1.196,26188,26536,-25,-14,69,14.380,72.390,25706,26881,1352,1386,0
188912,-0.103,0.230,0.000,-0.947,0.008,-0.137,0.566,-0.421,-0.601,-0.375,1389996032.000,-1.797,26115,26608,-23,-14,69,14.380,72.390,25706,26881,1352,1386,0
189012,-0.015,0.228,1.280,-1.858,0.082,-0.080,0.531,-0.460,-0.572,-0.424,1389996032.000,-1.798,26147,26577,3,8,69,14.380,72.390,25706,26881,1352,1386,0
189112,0.255,0.481,-0.580,-1.336,0.214,0.006,0.496,-0.496,-0.533,-0.473,1389996032.000,-1.795,26365,26345,-23,-9,69,14.380,72.390,25706,26881,1352,1386,0
189212,0.509,0.607,0.890,-1.338,0.408,0.371,0.478,-0.523,-0.492,-0.506,1389996032.000,-1.786,26130,26594,-13,-7,69,14.360,72.310,26525,25974,1341,1432,0
189312,0.312,-0.067,0.040,-1.894,0.598,0.650,0.463,-0.558,-0.421,-0.545,1389996032.000,-1.202,25662,27045,40,3,69,14.360,72.310,26525,25974,1341,1432,0
189412,0.001,-0.108,-1.070,-0.704,-0.424,0.330,0.440,-0.596,-0.369,-0.561,1389996032.000,-0.604,26142,28407,-18,19,69,14.360,72.310,26525,25974,1341,1432,0
189512,-0.493,0.060,0.810,-0.080,-0.058,-0.064,0.431,-0.613,-0.367,-0.552,1497447040.000,0.001,26864,27853,-3,-2,69,14.360,72.310,26525,25974,1341,1432,0
189612,-0.422,-0.030,0.860,0.340,0.372,-0.229,0.435,-0.598,-0.370,-0.562,1397839232.000,-0.001,26100,26770,-3,-24,69,14.350,72.030,26525,27322,1391,1362,0
189712,-0.223,-0.048,0.890,-0.006,-0.196,-0.262,0.434,-0.589,-0.380,-0.565,1428427392.000,-0.001,26620,26829,-7,8,69,14.350,72.030,26525,27322,1391,1362,0
189812,0.075,-0.013,1.280,0.400,0.010,-0.228,0.429,-0.584,-0.395,-0.564,1559407744.000,-0.000,27990,27856,-14,-16,69,14.350,72.030,26525,27322,1391,1362,0
189912,0.482,-0.150,0.710,0.321,-0.090,0.080,0.439,-0.574,-0.409,-0.558,1480192128.000,-0.005,27238,27172,-9,-9,69,14.350,72.030,26525,27322,1391,1362,0
190012,-0.018,-0.108,-1.510,-0.266,-0.346,0.328,0.438,-0.588,-0.407,-0.545,1389996032.000,-0.003,25385,27306,0,16,69,14.350,72.030,26525,27322,1391,1362,0
190112,-0.282,0.130,-1.730,0.083,-0.084,-0.051,0.435,-0.599,-0.404,-0.538,1389996032.000,0.002,26023,26699,-13,-6,69,14.400,72.600,25839,26109,1172,1696,0
190212,-0.134,0.021,1.110,0.527,0.073,-0.119,0.444,-0.585,-0.418,-0.534,1389996032.000,-0.000,26130,26594,-15,-18,69,14.400,72.600,25839,26109,1172,1696,0
190312,0.075,-0.142,-0.030,-0.121,-0.353,0.097,0.444,-0.587,-0.425,-0.527,1400192128.000,-0.005,26156,26760,-4,12,69,14.400,72.600,25839,26109,1172,1696,0
190412,-0.230,0.207,-0.650,0.138,-0.257,0.057,0.438,-0.599,-0.428,-0.516,1389996032.000,0.001,25786,26927,-22,0,69,14.400,72.600,25839,26109,1172,1696,0
190512,-0.219,0.187,-1.660,0.323,0.103,-0.142,0.443,-0.594,-0.437,-0.510,1389996032.000,0.000,26100,26623,-12,-12,69,14.360,72.230,25839,26954,1322,1364,0
190612,-0.286,0.220,0.980,0.157,0.066,-0.077,0.450,-0.583,-0.443,-0.511,1389996032.000,0.000,25861,26855,-11,0,69,14.360,72.230,25839,26954,1322,1364,0
190712,-0.249,0.220,-0.770,0.134,0.023,-0.124,0.448,-0.580,-0.447,-0.512,1389996032.000,0.000,26007,26714,-13,-6,69,14.360,72.230,25839,26954,1322,1364,0
190812,-0.219,0.165,0.060,0.413,0.202,-0.080,0.460,-0.566,-0.455,-0.511,1389996032.000,0.000,25967,26753,-13,-14,69,14.360,72.230,25839,26954,1322,1364,0
190912,-0.192,0.145,-0.730,0.037,-0.057,-0.086,0.465,-0.558,-0.461,-0.510,1389996032.000,0.000,26010,26711,-8,6,68,14.360,72.270,26178,26666,1288,1390,0
191012,0.044,-0.093,0.670,0.199,0.016,-0.053,0.464,-0.555,-0.467,-0.509,1389996032.000,-0.403,26228,26497,-17,-25,68,14.360,72.270,26178,26666,1288,1390,0
191112,0.170,-0.548,0.380,-0.266,-0.199,0.106,0.465,-0.556,-0.468,-0.506,1389996032.000,-0.813,26131,26592,-8,-22,68,14.360,72.270,26178,26666,1288,1390,0
191212,0.117,-0.264,-1.110,-0.870,-0.732,0.164,0.442,-0.585,-0.458,-0.503,1389996032.000,-1.410,26020,26701,-35,3,69,14.340,72.070,26246,26666,1283,1379,0
191312,-0.199,0.495,-0.380,-1.528,-0.147,-0.009,0.400,-0.623,-0.441,-0.508,1389996032.000,-1.006,25945,26774,10,35,69,14.340,72.070,26246,26666,1283,1379,0
191412,-0.084,0.378,-0.590,-0.652,0.559,-0.091,0.369,-0.631,-0.405,-0.548,1389996032.000,-0.104,26122,26616,6,-1,69,14.340,72.070,26246,26666,1283,1379,0
191512,-0.055,0.342,-0.070,0.137,-0.077,-0.053,0.367,-0.628,-0.403,-0.555,1389996032.000,-0.003,26079,26644,-25,2,69,14.340,72.070,26246,26666,1283,1379,0
191612,-0.037,0.309,0.360,-0.238,0.278,-0.027,0.366,-0.626,-0.400,-0.561,1389996032.000,-0.003,26067,26656,3,3,69,14.390,72.190,25974,26809,1367,1323,0
191712,0.359,-0.071,1.150,0.148,0.200,0.012,0.367,-0.620,-0.393,-0.571,1524113664.000,-0.003,27716,27494,-6,-17,69,14.390,72.190,25974,26809,1367,1323,0
191812,0.132,-0.058,-0.820,-0.270,-0.301,0.250,0.373,-0.623,-0.390,-0.566,1389996032.000,-0.003,25776,26937,-6,20,69,14.390,72.190,25974,26809,1367,1323,0
191912,-0.134,0.341,-1.450,-0.212,-0.163,0.028,0.360,-0.641,-0.382,-0.560,1389996032.000,-0.002,25934,26784,-15,13,69,14.390,72.190,25974,26809,1367,1323,0
192012,-0.098,0.291,-1.120,0.170,0.356,-0.128,0.363,-0.633,-0.385,-0.565,1389996032.000,-0.002,26155,26569,-7,-13,69,14.370,72.230,25974,26595,1372,1365,0
192112,-0.058,0.224,-0.050,-0.336,0.097,-0.079,0.361,-0.627,-0.379,-0.577,1389996032.000,-0.001,26115,26609,0,13,69,14.370,72.230,25974,26595,1372,1365,0
192212,-0.016,0.173,0.470,-0.042,0.296,-0.108,0.355,-0.624,-0.373,-0.588,1389996032.000,-0.001,26195,26529,-4,-8,69,14.370,72.230,25974,26595,1372,1365,0
192312,0.030,0.102,0.450,-0.164,0.169,-0.111,0.353,-0.617,-0.370,-0.599,1389996032.000,-0.000,26231,26494,-1,2,69,14.340,72.310,26109,26246,1391,1416,0
192412,0.074,0.073,1.700,-0.286,0.103,-0.094,0.344,-0.616,-0.364,-0.608,1389996032.000,-0.000,26254,26471,1,4,69,14.340,72.310,26109,26246,1391,1416,0
192512,0.754,0.034,1.540,0.111,0.168,0.002,0.337,-0.615,-0.357,-0.617,1389996032.000,0.001,26959,25753,-12,-14,69,14.340,72.310,26109,26246,1391,1416,0
192612,0.569,-0.089,-0.550,-0.336,-0.006,0.527,0.349,-0.615,-0.347,-0.616,1389996032.000,-0.002,25921,26797,8,10,69,14.340,72.310,26109,26246,1391,1416,0
192712,-0.184,0.035,0.010,-0.571,-0.159,0.220,0.342,-0.637,-0.317,-0.614,1389996032.000,0.000,25635,26980,-4,15,69,14.350,72.270,25316,27700,1365,1264,0
192812,-0.186,0.088,0.350,0.257,-0.116,-0.141,0.336,-0.644,-0.317,-0.610,1389996032.000,0.000,26199,26526,-22,-9,69,14.350,72.270,25316,27700,1365,1264,0
192912,-0.130,0.088,0.310,-0.346,0.072,-0.141,0.331,-0.642,-0.320,-0.613,1389996032.000,0.000,26186,26539,7,10,69,14.350,72.270,25316,27700,1365,1264,0
193012,0.199,-0.282,0.820,0.089,0.039,-0.086,0.320,-0.642,-0.316,-0.621,1389996032.000,-0.004,26442,26284,-4,-17,69,14.350,72.270,25316,27700,1365,1264,0
193112,0.216,-0.356,-0.690,-0.331,-0.397,0.071,0.320,-0.645,-0.319,-0.617,1389996032.000,-0.006,26236,26489,2,16,69,14.380,72.390,26595,26385,1326,1316,0
193212,0.206,-0.212,0.580,-0.243,-0.272,0.030,0.300,-0.666,-0.310,-0.609,1389996032.000,-0.005,26319,26407,-4,2,69,14.380,72.390,26595,26385,1326,1316,0
193312,-0.095,0.292,0.790,-0.299,-0.104,-0.038,0.294,-0.674,-0.308,-0.604,1389996032.000,-0.001,26077,26646,-7,18,69,14.380,72.390,26595,26385,1326,1316,0
193412,-0.040,0.257,1.140,-0.082,0.356,-0.139,0.283,-0.672,-0.301,-0.614,1389996032.000,-0.001,26297,26429,-1,-7,70,14.380,72.190,26109,26385,1402,1357,0
193512,0.159,-0.004,-0.640,-0.126,0.151,-0.076,0.280,-0.663,-0.298,-0.627,1455878400.000,-0.001,27064,26896,1,-3,70,14.380,72.190,26109,26385,1402,1357,0
193612,0.211,-0.018,0.140,-0.242,0.054,0.000,0.274,-0.663,-0.291,-0.633,1419799936.000,-0.001,26661,26627,1,4,70,14.380,72.190,26109,26385,1402,1357,0
193712,0.223,-0.038,-0.030,-0.107,0.071,0.117,0.271,-0.664,-0.283,-0.637,1389996032.000,-0.001,26271,26454,-2,-3,70,14.380,72.190,26109,26385,1402,1357,0
193812,0.275,-0.132,-0.300,-0.086,0.058,0.176,0.274,-0.665,-0.275,-0.639,1389996032.000,-0.002,26274,26451,1,-3,69,14.360,72.310,26246,26595,1392,1294,0
193912,-0.043,0.098,-2.070,-0.462,-0.009,0.103,0.272,-0.669,-0.262,-0.640,1389996032.000,0.001,26041,26680,5,17,69,14.360,72.310,26246,26595,1392,1294,0
194012,-0.053,0.119,0.960,-0.062,0.221,-0.033,0.264,-0.671,-0.252,-0.646,1389996032.000,0.001,26227,26498,-3,-6,69,14.360,72.310,26246,26595,1392,1294,0
194112,0.152,-0.179,1.350,-0.279,0.087,-0.030,0.261,-0.666,-0.247,-0.654,1389996032.000,-0.003,26478,26247,11,0,69,14.360,72.310,26246,26595,1392,1294,0
194212,0.237,-0.562,-0.040,-0.276,-0.221,0.079,0.253,-0.671,-0.239,-0.655,1389996032.000,-0.011,26363,26363,10,-2,69,14.370,72.070,26525,26109,1327,1403,0
194312,0.161,-0.072,-0.120,-0.358,-0.629,0.150,0.242,-0.690,-0.230,-0.643,1389996032.000,-0.002,26173,26552,-16,28,69,14.370,72.070,26525,26109,1327,1403,0
194412,-0.040,0.123,-0.050,-0.250,-0.233,0.073,0.230,-0.709,-0.223,-0.628,1389996032.000,-0.000,26164,26561,2,11,69,14.370,72.070,26525,26109,1327,1403,0
194512,-0.004,-0.179,-1.150,-0.021,0.149,-0.016,0.227,-0.708,-0.219,-0.632,1389996032.000,-0.004,26258,26467,5,-12,69,14.370,72.070,26525,26109,1327,1403,0
194612,-0.242,-0.312,0.110,-0.273,-0.487,0.001,0.218,-0.717,-0.216,-0.626,1389996032.000,-0.004,25939,26780,-4,14,69,14.360,71.990,26385,26455,1312,1368,0
194712,-0.390,0.255,0.540,0.014,-0.348,-0.244,0.203,-0.731,-0.219,-0.613,1389996032.000,-0.007,26176,26549,-23,7,69,14.360,71.990,26385,26455,1312,1368,0
194812,-0.294,0.137,0.120,0.109,0.192,-0.237,0.201,-0.727,-0.234,-0.613,1389996032.000,-0.007,26190,26535,-1,-6,69,14.360,71.990,26385,26455,1312,1368,0
194912,-0.216,0.100,-0.960,0.009,0.048,-0.176,0.197,-0.721,-0.240,-0.620,1389996032.000,-0.006,26182,26542,-6,2,69,14.360,71.990,26385,26455,1312,1368,0
195012,-0.069,0.461,-0.430,0.222,0.046,-0.092,0.197,-0.718,-0.248,-0.620,1389996032.000,-0.009,26237,26240,-17,3,69,14.370,71.990,26246,26315,1365,1385,0
195112,0.084,0.355,-0.530,0.318,0.550,0.121,0.212,-0.703,-0.254,-0.629,1389996032.000,-0.004,26106,26617,-4,-14,69,14.370,71.990,26246,26315,1365,1385,0
195212,0.019,0.245,-0.440,0.111,0.233,0.147,0.226,-0.692,-0.248,-0.639,1437054848.000,-0.001,26513,27095,-8,1,69,14.370,71.990,26246,26315,1365,1385,0
195312,-0.039,0.025,-0.980,0.411,0.272,0.126,0.243,-0.682,-0.251,-0.642,1389996032.000,-0.001,26037,26685,-9,-16,69,14.370,71.990,26246,26315,1365,1385,0
195412,-0.086,-0.163,1.230,0.087,-0.051,0.092,0.256,-0.677,-0.253,-0.642,1389996032.000,-0.001,26032,26690,-4,1,69,14.330,72.270,26041,26666,1350,1380,0
195512,-0.105,0.174,-1.410,0.179,0.021,-0.010,0.258,-0.681,-0.256,-0.636,1389996032.000,0.000,26129,26594,-13,-1,69,14.330,72.270,26041,26666,1350,1380,0
195612,-0.076,0.105,-0.480,0.078,0.269,-0.128,0.265,-0.670,-0.261,-0.642,1412741120.000,0.000,26479,26676,0,-4,69,14.330,72.270,26041,26666,1350,1380,0
195712,-0.020,-0.110,-1.450,-0.183,0.099,-0.157,0.259,-0.665,-0.261,-0.650,1415094016.000,-0.000,26570,26630,5,0,69,14.330,72.270,26041,26666,1350,1380,0
195812,-0.143,-0.437,1.830,-0.064,-0.012,-0.157,0.250,-0.662,-0.261,-0.656,1414309760.000,0.004,26347,26835,5,-8,70,14.330,71.790,26595,26666,1372,1359,0
195912,-0.116,-0.175,-0.460,-0.192,-0.468,-0.209,0.235,-0.671,-0.265,-0.652,1414309760.000,0.002,26501,26683,-12,16,70,14.330,71.790,26595,26666,1372,1359,0
196012,0.189,0.206,0.880,0.181,-0.064,-0.067,0.225,-0.678,-0.273,-0.644,1393917568.000,-0.003,26380,26420,-12,0,70,14.330,71.790,26595,26666,1372,1359,0
196112,0.173,0.060,-1.090,-0.303,0.291,0.071,0.226,-0.673,-0.267,-0.651,1406466560.000,-0.001,26411,26626,13,2,70,14.330,71.790,26595,26666,1372,1359,0
196212,0.146,-0.209,0.390,-0.051,-0.167,0.086,0.223,-0.675,-0.257,-0.655,1485682304.000,0.001,27138,27371,-7,1,70,14.320,71.830,26109,26666,1446,1361,0
196312,0.182,-0.029,1.740,-0.101,-0.252,0.119,0.223,-0.685,-0.256,-0.645,1389996032.000,-0.001,26278,26447,-8,11,70,14.320,71.830,26109,26666,1446,1361,0
196412,0.168,0.068,-0.930,-0.357,0.007,0.097,0.219,-0.692,-0.248,-0.641,1389996032.000,-0.001,26311,26415,7,11,70,14.320,71.830,26109,26666,1446,1361,0
196512,0.273,-0.169,-0.780,0.052,0.143,0.000,0.216,-0.690,-0.242,-0.647,1389996032.000,-0.002,26520,26205,1,-13,70,14.320,71.830,26109,26666,1446,1361,0
196612,0.304,-0.019,-1.050,-0.191,-0.153,0.148,0.218,-0.691,-0.239,-0.646,1389996032.000,-0.001,26328,26398,-3,13,69,14.340,71.950,26315,26315,1382,1322,0
196712,0.333,-0.082,-1.600,-0.207,0.060,0.203,0.215,-0.699,-0.226,-0.644,1389996032.000,-0.002,26363,26362,5,-3,69,14.340,71.950,26315,26315,1382,1322,0
196812,0.222,-0.342,-1.250,-0.079,0.107,0.254,0.221,-0.698,-0.214,-0.647,1389996032.000,-0.007,26167,26558,8,-9,69,14.340,71.950,26315,26315,1382,1322,0
196912,-0.047,0.038,1.370,-0.336,-0.302,0.169,0.217,-0.707,-0.199,-0.643,1389996032.000,-0.000,25992,26728,-11,25,69,14.340,71.950,26315,26315,1382,1322,0
197012,-0.228,0.300,-0.700,0.012,0.000,0.004,0.214,-0.715,-0.196,-0.636,1389996032.000,0.001,26076,26647,-9,3,69,14.340,71.910,26109,26595,1292,1423,0
197112,-0.196,0.217,0.090,0.022,0.376,-0.117,0.215,-0.705,-0.197,-0.646,1389996032.000,0.001,26216,26509,1,-5,69,14.340,71.910,26109,26595,1292,1423,0
197212,-0.021,-0.374,-0.360,-0.091,0.099,-0.091,0.213,-0.697,-0.197,-0.655,1389996032.000,-0.005,26358,26367,13,-10,69,14.340,71.910,26109,26595,1292,1423,0
197312,0.030,-0.468,-0.650,-0.110,-0.238,-0.046,0.206,-0.699,-0.196,-0.656,1389996032.000,-0.006,26306,26420,1,1,69,14.340,71.910,26109,26595,1292,1423,0
197412,0.058,-0.090,-1.490,-0.062,-0.497,-0.090,0.197,-0.714,-0.200,-0.641,1389996032.000,-0.002,26391,26335,-17,16,69,14.340,71.910,26455,26455,1349,1321,0
197512,0.097,0.267,1.120,-0.057,-0.102,-0.089,0.189,-0.723,-0.205,-0.632,1400192128.000,0.000,26510,26408,-10,10,69,14.340,71.910,26455,26455,1349,1321,0
197612,0.032,0.337,-1.180,-0.141,0.391,-0.052,0.186,-0.718,-0.203,-0.640,1462152832.000,-0.000,26980,27097,5,1,69,14.340,71.910,26455,26455,1349,1321,0
197712,0.056,0.211,-0.490,-0.001,0.407,-0.032,0.187,-0.704,-0.199,-0.656,1470780288.000,-0.000,27075,27161,0,-3,69,14.340,71.910,26455,26455,1349,1321,0
197812,0.056,0.125,1.640,-0.050,0.208,0.030,0.188,-0.695,-0.195,-0.666,1447250944.000,0.000,26806,26994,-2,2,69,14.340,71.910,26455,26455,1349,1321,0
197912,0.400,-0.013,-0.180,-0.041,0.052,0.060,0.189,-0.692,-0.191,-0.670,1389996032.000,-0.000,26700,26021,-2,0,70,14.300,71.670,26881,27322,1373,1305,0
198012,0.513,-0.304,0.750,-0.064,0.061,0.284,0.198,-0.691,-0.186,-0.670,1399407744.000,-0.009,26556,26549,10,-9,70,14.300,71.670,26881,27322,1373,1305,0
198112,0.292,-0.430,-1.700,-0.351,-0.368,0.356,0.200,-0.702,-0.167,-0.663,1429996032.000,-0.014,26514,26963,5,12,70,14.300,71.670,26881,27322,1373,1305,0
198212,-0.018,-0.216,1.020,-0.026,-0.387,0.136,0.197,-0.718,-0.156,-0.648,1429211776.000,-0.006,26506,26956,-12,4,70,14.350,71.550,26315,26809,1408,1431,0
198312,-0.273,0.277,-0.370,-0.027,-0.112,-0.068,0.196,-0.727,-0.157,-0.639,1426074496.000,0.003,26462,26941,-12,11,70,14.350,71.550,26315,26809,1408,1431,0
198412,-0.269,0.222,-1.290,0.001,0.272,-0.203,0.190,-0.723,-0.160,-0.645,1427643136.000,0.001,26622,26813,0,-4,70,14.350,71.550,26315,26809,1408,1431,0
198512,-0.176,0.094,0.000,-0.057,0.248,-0.244,0.184,-0.711,-0.165,-0.658,1428427392.000,0.000,26745,26704,2,-1,70,14.350,71.550,26315,26809,1408,1431,0
198612,-0.085,0.013,1.490,-0.174,0.110,-0.211,0.173,-0.706,-0.167,-0.667,1408819584.000,-0.000,26590,26491,3,4,70,14.320,71.590,26881,26737,1360,1356,0
198712,-0.016,0.087,-0.400,-0.109,0.073,-0.123,0.163,-0.702,-0.168,-0.672,1389996032.000,-0.000,26356,26370,-4,3,70,14.320,71.590,26881,26737,1360,1356,0
198812,-0.003,0.105,-0.220,0.019,0.084,0.036,0.162,-0.700,-0.167,-0.676,1389996032.000,-0.000,26208,26516,-5,0,70,14.320,71.590,26881,26737,1360,1356,0
198912,-0.040,0.014,-1.470,0.021,0.049,0.140,0.166,-0.698,-0.164,-0.677,1389996032.000,-0.000,26085,26637,-3,0,70,14.320,71.590,26881,26737,1360,1356,0
199012,-0.018,-0.276,-0.550,0.074,-0.027,0.143,0.172,-0.698,-0.160,-0.676,1389996032.000,-0.002,26142,26582,1,-7,70,14.330,71.830,25839,26666,1439,1329,0
199112,-0.055,-0.324,-0.310,-0.180,-0.407,0.082,0.173,-0.707,-0.157,-0.668,1389996032.000,-0.003,26179,26545,-1,12,70,14.330,71.830,25839,26666,1439,1329,0
199212,-0.060,-0.192,-1.500,-0.043,-0.449,-0.018,0.166,-0.723,-0.155,-0.653,1389996032.000,-0.003,26268,26457,-10,7,70,14.330,71.830,25839,26666,1439,1329,0
199312,-0.123,-0.056,-1.990,0.016,-0.359,-0.092,0.161,-0.734,-0.161,-0.639,1389996032.000,-0.002,26227,26498,-11,8,70,14.320,71.990,26041,26246,1401,1424,0
199412,-0.111,0.492,-0.890,-0.130,-0.289,-0.207,0.149,-0.745,-0.166,-0.629,1389996032.000,-0.003,26396,26329,-21,26,70,14.320,71.990,26041,26246,1401,1424,0
199512,0.022,0.496,-1.730,-0.062,0.231,-0.179,0.142,-0.744,-0.172,-0.630,1389996032.000,-0.004,26494,26231,-4,5,70,14.320,71.990,26041,26246,1401,1424,0
199612,0.084,0.396,0.290,-0.084,0.350,-0.116,0.136,-0.733,-0.171,-0.645,1389996032.000,-0.003,26446,26279,-2,3,70,14.320,71.990,26041,26246,1401,1424,0
199712,0.124,0.315,-0.570,-0.113,0.242,-0.074,0.132,-0.724,-0.169,-0.656,1389996032.000,-0.002,26446,26279,0,4,70,14.300,71.910,26178,26041,1437,1409,0
199812,0.145,0.240,-0.640,-0.199,0.259,-0.012,0.127,-0.716,-0.164,-0.666,1389996032.000,-0.002,26414,26312,2,7,70,14.300,71.910,26178,26041,1437,1409,0
199912,0.138,0.158,-2.160,-0.169,0.266,0.052,0.124,-0.709,-0.155,-0.677,1389996032.000,-0.001,26355,26371,2,3,70,14.300,71.910,26178,26041,1437,1409,0
200012,0.108,0.082,-1.810,-0.071,0.254,0.104,0.124,-0.702,-0.147,-0.686,1389996032.000,-0.000,26284,26442,2,0,70,14.300,71.910,26178,26041,1437,1409,0
200112,0.114,-0.104,-1.410,-0.016,0.229,0.146,0.130,-0.694,-0.139,-0.695,1389996032.000,-0.000,26267,26458,4,-5,70,14.330,71.950,25974,26666,1435,1304,0
200212,0.131,-0.238,-0.360,-0.030,0.094,0.223,0.136,-0.690,-0.131,-0.699,1389996032.000,-0.002,26193,26532,4,-3,70,14.330,71.950,25974,26666,1435,1304,0
200312,0.055,-0.257,-0.970,-0.062,-0.043,0.201,0.140,-0.690,-0.121,-0.699,1389996032.000,-0.003,26173,26552,1,0,70,14.330,71.950,25974,26666,1435,1304,0
200412,-0.027,-0.222,-0.500,-0.048,-0.174,0.128,0.143,-0.695,-0.114,-0.695,1389996032.000,-0.003,26179,26546,-3,3,70,14.320,71.790,26041,26595,1390,1350,0
200512,-0.065,-0.352,-0.870,0.038,-0.154,0.066,0.145,-0.702,-0.112,-0.688,1389996032.000,-0.005,26203,26522,0,-5,70,14.320,71.790,26041,26595,1390,1350,0
200612,-0.077,-0.448,-1.470,0.030,-0.254,-0.011,0.147,-0.708,-0.114,-0.682,1389996032.000,-0.007,26264,26461,0,-2,70,14.320,71.790,26041,26595,1390,1350,0
200712,-0.195,-0.333,-0.180,-0.108,-0.360,-0.087,0.142,-0.719,-0.116,-0.670,1389996032.000,-0.003,26241,26484,-2,5,70,14.320,71.790,26041,26595,1390,1350,0
200812,-0.218,0.188,-0.300,0.152,-0.117,-0.241,0.136,-0.727,-0.125,-0.661,1389996032.000,-0.000,26357,26369,-15,4,70,14.340,72.030,26315,26595,1347,1316,0
200912,-0.126,0.176,-1.450,0.064,0.256,-0.257,0.133,-0.723,-0.138,-0.664,1389996032.000,-0.001,26433,26293,2,-3,70,14.340,72.030,26315,26595,1347,1316,0
201012,0.054,0.008,0.280,-0.044,0.219,-0.230,0.128,-0.713,-0.145,-0.674,1389996032.000,-0.000,26602,26121,5,0,70,14.340,72.030,26315,26595,1347,1316,0
201112,0.132,-0.132,1.290,-0.159,0.119,-0.132,0.120,-0.706,-0.148,-0.682,1389996032.000,0.001,26511,26213,8,1,70,14.340,72.030,26315,26595,1347,1316,0
201212,0.176,-0.024,-1.390,-0.264,-0.014,-0.087,0.109,-0.705,-0.144,-0.686,1389996032.000,0.000,26532,26193,2,10,70,14.330,71.870,26737,26455,1314,1288,0
201312,0.202,0.107,-0.280,-0.210,0.000,-0.023,0.098,-0.706,-0.138,-0.687,1389996032.000,-0.001,26501,26219,0,6,70,14.330,71.870,26737,26455,1314,1288,0
201412,0.205,0.008,-1.120,-0.266,0.217,0.034,0.091,-0.704,-0.130,-0.692,1389996032.000,-0.000,26462,26263,10,2,70,14.330,71.870,26737,26455,1314,1288,0
201512,0.185,-0.623,-0.040,-0.288,-0.178,0.051,0.084,-0.700,-0.118,-0.700,1433917568.000,0.005,26871,26681,11,1,70,14.330,71.870,26737,26455,1314,1288,0
201612,0.109,-0.183,0.490,-0.189,-0.792,0.024,0.075,-0.722,-0.111,-0.679,1404898048.000,0.001,26574,26434,-18,25,70,14.310,71.550,26737,26455,1430,1431,0
201712,0.165,0.327,-0.300,-0.244,0.022,0.089,0.066,-0.737,-0.104,-0.664,1434701952.000,-0.003,26835,26731,1,11,70,14.310,71.550,26737,26455,1430,1431,0
201812,0.136,0.250,2.030,-0.357,0.348,0.092,0.059,-0.731,-0.089,-0.674,1530388224.000,-0.002,27711,27613,11,5,70,14.310,71.550,26737,26455,1430,1431,0
201912,0.112,-0.204,2.040,-0.148,0.080,0.067,0.053,-0.724,-0.077,-0.684,1408035200.000,0.001,26593,26474,7,-4,70,14.310,71.550,26737,26455,1430,1431,0
202012,-0.102,-0.188,-0.010,-0.234,-0.277,0.091,0.049,-0.727,-0.068,-0.681,1389996032.000,0.002,26106,26617,0,13,70,14.400,71.750,26525,26109,1374,1434,0
202112,-0.146,-0.105,-0.140,-0.282,-0.212,-0.049,0.037,-0.738,-0.056,-0.672,1389996032.000,0.001,26329,26397,2,10,70,14.400,71.750,26525,26109,1374,1434,0
202212,-0.048,-0.069,0.890,-0.076,-0.053,-0.031,0.030,-0.742,-0.054,-0.668,1389996032.000,0.000,26405,26320,0,2,70,14.400,71.750,26525,26109,1374,1434,0
202312,0.115,0.197,1.160,-0.219,-0.138,0.047,0.025,-0.745,-0.050,-0.665,1389996032.000,-0.001,26468,26266,-8,21,70,14.400,71.750,26525,26109,1374,1434,0
202412,0.075,0.295,-0.330,-0.267,0.249,0.172,0.022,-0.746,-0.038,-0.664,1389996032.000,-0.001,26251,26474,8,8,70,14.330,71.710,26315,26178,1406,1371,0
202512,0.025,0.051,0.440,-0.292,0.421,0.123,0.018,-0.734,-0.024,-0.678,1389996032.000,-0.000,26289,26437,17,-1,70,14.330,71.710,26315,26178,1406,1371,0
202612,-0.003,-0.101,0.670,-0.164,-0.046,0.051,0.012,-0.728,-0.012,-0.686,1389996032.000,-0.000,26337,26388,0,7,70,14.330,71.710,26315,26178,1406,1371,0
202712,-0.145,0.139,0.010,-0.361,-0.093,-0.010,0.005,-0.732,-0.003,-0.681,1389996032.000,-0.001,26256,26469,3,19,70,14.330,71.710,26315,26178,1406,1371,0
202812,-0.106,0.182,-0.470,-0.159,0.333,-0.008,-0.004,-0.728,0.003,-0.685,1389996032.000,-0.001,26278,26447,7,-1,70,14.240,71.590,26315,26178,1355,1438,0
202912,0.003,-0.153,-0.120,-0.123,0.299,0.056,-0.009,-0.715,0.009,-0.699,1389996032.000,0.000,26287,26439,12,-6,70,14.240,71.590,26315,26178,1355,1438,0
203012,-0.363,-0.185,-0.020,-0.097,-0.237,0.091,-0.011,-0.714,0.016,-0.700,1389996032.000,0.002,25838,26877,-3,10,70,14.240,71.590,26315,26178,1355,1438,0
203112,-0.409,-0.113,0.280,-0.151,0.069,-0.099,-0.018,-0.718,0.022,-0.695,1389996032.000,0.002,26104,26619,8,0,70,14.240,71.590,26315,26178,1355,1438,0
203212,0.020,0.053,-0.050,0.222,0.187,-0.024,-0.020,-0.713,0.017,-0.701,1389996032.000,-0.000,26369,26356,-5,-8,70,14.300,71.670,26315,26455,1297,1383,0
203312,-0.016,-0.011,-0.500,-0.469,0.194,0.091,-0.021,-0.705,0.024,-0.708,1389996032.000,0.200,26218,26506,26,22,70,14.300,71.670,26315,26455,1297,1383,0
203412,-0.021,-0.036,0.880,0.342,-0.008,-0.032,-0.025,-0.702,0.029,-0.711,1389996032.000,0.600,26339,26387,0,5,70,14.300,71.670,26315,26455,1297,1383,0
203512,0.052,-0.169,0.510,0.642,-0.014,-0.019,-0.005,-0.705,0.005,-0.710,1389996032.000,1.000,26361,26365,13,8,70,14.300,71.670,26315,26455,1297,1383,0
203613,0.068,-0.597,0.270,0.799,-0.120,0.032,0.018,-0.705,-0.016,-0.708,1389996032.000,0.998,26317,26408,8,-11,70,14.310,71.630,26385,26246,1352,1392,0
203713,0.060,-0.439,0.420,1.216,-0.780,0.048,0.060,-0.722,-0.059,-0.687,1389996032.000,0.098,26283,26442,-43,-16,70,14.310,71.630,26385,26246,1352,1392,0
203813,-0.153,-0.455,0.090,-0.798,-0.206,0.004,0.066,-0.738,-0.063,-0.668,1389996032.000,0.200,26162,26563,52,36,70,14.310,71.630,26385,26246,1352,1392,0
203913,-0.106,-0.218,0.940,0.663,-0.506,-0.138,0.054,-0.747,-0.060,-0.660,1389996032.000,0.600,26368,26357,-22,2,70,14.310,71.630,26385,26246,1352,1392,0
204013,-0.026,0.512,0.800,0.890,-0.046,-0.094,0.090,-0.758,-0.102,-0.638,1535878400.000,0.399,27705,27719,-13,-5,70,14.230,71.190,27247,27777,1419,1333,0
204113,-0.012,0.300,1.520,0.306,0.982,-0.086,0.105,-0.733,-0.114,-0.663,1496662656.000,-0.001,27343,27369,17,-23,70,14.230,71.190,27247,27777,1419,1333,0
204212,-0.004,0.183,1.490,0.072,-0.034,0.000,0.110,-0.719,-0.116,-0.676,1389996032.000,0.400,26274,26451,1,24,70,14.230,71.190,27247,27777,1419,1333,0
204312,-0.028,0.177,0.200,0.909,0.257,0.058,0.130,-0.715,-0.133,-0.673,1389996032.000,1.000,26187,26538,7,-3,70,14.230,71.190,27247,27777,1419,1333,0
204412,-0.064,0.054,-1.260,1.000,0.380,0.023,0.168,-0.695,-0.160,-0.680,1389996032.000,1.400,26233,26492,21,7,70,14.310,71.710,25974,26737,1412,1308,0
204512,-0.004,-0.064,-1.900,1.660,-0.098,-0.013,0.212,-0.680,-0.202,-0.672,1389996032.000,0.900,26358,26368,-34,-27,70,14.310,71.710,25974,26737,1412,1308,0
204612,-0.079,-0.717,0.220,1.198,-0.014,0.061,0.269,-0.662,-0.258,-0.650,1389996032.000,-0.002,26129,26595,-7,-42,70,14.310,71.710,25974,26737,1412,1308,0
204712,-0.119,-0.575,0.440,-0.524,-0.930,0.103,0.266,-0.679,-0.261,-0.633,1389996032.000,-0.004,26081,26642,8,41,70,14.310,71.710,25974,26737,1412,1308,0
204812,-0.143,-0.326,-1.680,0.847,-0.613,0.023,0.263,-0.703,-0.277,-0.601,1389996032.000,-0.006,26134,26590,-33,-21,70,14.320,71.590,26041,26525,1392,1365,0
204912,-0.182,0.502,1.050,-0.031,-0.188,0.000,0.276,-0.705,-0.295,-0.583,1389996032.000,-0.002,26113,26610,-7,29,70,14.320,71.590,26041,26525,1392,1365,0
205012,-0.516,0.461,0.750,0.186,0.458,-0.038,0.276,-0.701,-0.292,-0.589,1389996032.000,-0.008,25723,26988,1,-11,70,14.320,71.590,26041,26525,1392,1365,0
205112,-0.542,0.320,0.840,0.181,0.326,-0.323,0.286,-0.681,-0.299,-0.604,1389996032.000,-0.007,26121,26602,-3,0,70,14.320,71.590,26041,26525,1392,1365,0
205212,-0.064,0.158,0.600,0.244,0.143,-0.261,0.283,-0.669,-0.312,-0.613,1389996032.000,-0.003,26485,26241,-7,-3,70,14.320,71.590,26595,26178,1333,1378,0
205312,0.034,-0.223,-0.460,0.177,0.184,0.021,0.291,-0.660,-0.319,-0.615,1419799936.000,-0.001,26460,26827,9,-9,70,14.320,71.590,26595,26178,1333,1378,0
205412,0.010,-0.476,-0.290,0.052,-0.257,0.070,0.294,-0.661,-0.319,-0.612,1419799936.000,-0.001,26424,26862,3,-1,70,14.320,71.590,26595,26178,1333,1378,0
205512,-0.020,-0.364,1.170,0.200,-0.379,0.066,0.295,-0.671,-0.328,-0.596,1423721472.000,-0.004,26450,26909,-6,-1,70,14.320,71.590,26595,26178,1333,1378,0
205612,-0.053,0.417,-0.020,0.163,-0.117,0.050,0.299,-0.677,-0.334,-0.584,1478623488.000,-0.004,26955,27424,-20,15,70,14.180,71.430,26954,27700,1449,1393,0
205712,-0.078,0.358,-1.980,0.286,0.523,0.000,0.311,-0.668,-0.337,-0.586,1389996032.000,-0.003,26154,26570,2,-13,70,14.180,71.430,26954,27700,1449,1393,0
205812,-0.067,0.211,-1.240,0.131,0.363,-0.080,0.323,-0.650,-0.336,-0.600,1389996032.000,-0.001,26244,26481,1,-2,70,14.180,71.430,26954,27700,1449,1393,0
205912,0.044,-0.025,0.190,0.184,0.199,-0.093,0.328,-0.640,-0.338,-0.607,1389996032.000,-0.001,26359,26367,0,-8,71,14.300,71.630,26246,26525,1403,1310,32
206012,0.057,-0.591,0.350,0.184,0.037,0.026,0.337,-0.631,-0.343,-0.609,1389996032.000,-0.003,26184,26541,11,-12,71,14.300,71.630,26246,26525,1403,1310,32
206112,0.036,-0.561,0.910,0.109,-0.566,0.102,0.336,-0.640,-0.348,-0.597,1394701952.000,-0.005,26158,26654,-7,3,71,14.300,71.630,26246,26525,1403,1310,32
206212,-0.015,-0.358,1.580,0.337,-0.388,0.096,0.339,-0.652,-0.360,-0.574,1554701952.000,-0.006,27631,28129,-10,-6,71,14.300,71.630,26246,26525,1403,1310,32
206312,-0.038,0.286,0.920,0.184,-0.338,0.114,0.345,-0.658,-0.371,-0.557,1389996032.000,-0.002,26052,26670,-23,12,71,14.210,70.740,27624,28089,1395,1446,32
206412,0.273,0.186,-0.820,0.190,0.330,0.170,0.355,-0.658,-0.373,-0.549,1389996032.000,0.000,26436,26289,7,-12,71,14.210,70.740,27624,28089,1395,1446,32
206512,0.272,0.013,-1.420,0.146,0.179,0.349,0.375,-0.650,-0.365,-0.552,1389996032.000,-0.003,26094,26629,2,-4,71,14.210,70.740,27624,28089,1395,1446,32
206612,-0.229,0.235,1.240,-0.062,0.003,0.301,0.383,-0.656,-0.353,-0.546,1405682304.000,0.004,25713,27286,-5,11,71,14.210,70.740,27624,28089,1395,1446,32
206712,-0.478,0.276,-0.560,0.194,0.427,-0.227,0.384,-0.653,-0.345,-0.554,1437054848.000,0.003,26509,27098,-3,-13,71,14.290,71.510,25706,27322,1362,1409,32
206812,-0.364,0.159,0.750,0.082,0.230,-0.343,0.389,-0.633,-0.354,-0.567,1389996032.000,0.002,26204,26520,0,1,71,14.290,71.510,25706,27322,1362,1409,32
206912,-0.229,0.118,0.330,-0.121,0.188,-0.364,0.380,-0.625,-0.359,-0.580,1389996032.000,0.001,26318,26407,5,2,71,14.290,71.510,25706,27322,1362,1409,32
207012,0.045,-0.191,0.040,0.191,0.278,-0.314,0.374,-0.611,-0.365,-0.595,1389996032.000,-0.002,26500,26225,7,-14,71,14.310,71.630,26595,26109,1346,1381,32
207112,0.276,-0.366,0.660,-0.126,-0.219,-0.069,0.371,-0.604,-0.372,-0.600,1389996032.000,-0.004,26428,26297,5,6,71,14.310,71.630,26595,26109,1346,1381,32
207212,0.350,-0.243,-0.430,0.001,-0.279,0.094,0.361,-0.616,-0.372,-0.594,1470780288.000,-0.004,27099,27137,-5,1,71,14.310,71.630,26595,26109,1346,1381,32
207312,0.295,0.111,0.390,0.163,-0.074,0.163,0.365,-0.622,-0.375,-0.583,1391564672.000,0.001,26263,26492,-8,1,71,14.310,71.630,26595,26109,1346,1381,32
207412,0.193,0.163,1.080,-0.018,0.060,0.140,0.371,-0.624,-0.372,-0.579,1389996032.000,0.002,26216,26509,0,4,70,14.280,71.830,26246,26525,1360,1349,32
207512,0.149,-0.023,0.680,0.037,0.166,0.106,0.376,-0.622,-0.366,-0.580,1419799936.000,-0.001,26516,26771,5,-7,70,14.280,71.830,26246,26525,1360,1349,32
207612,0.170,-0.117,0.710,0.107,0.074,0.114,0.384,-0.619,-0.362,-0.582,1400192128.000,-0.003,26356,26562,0,-6,70,14.280,71.830,26246,26525,1360,1349,32
207712,0.120,0.081,-1.700,-0.078,-0.076,0.108,0.389,-0.620,-0.359,-0.579,1389996032.000,0.002,26224,26501,-3,10,70,14.280,71.830,26246,26525,1360,1349,32
207812,-0.096,0.130,0.600,-0.016,0.074,0.059,0.390,-0.623,-0.356,-0.577,1389996032.000,0.002,26019,26702,0,2,71,14.310,71.710,26246,26737,1354,1300,32
207912,-0.130,0.075,0.250,-0.066,0.017,-0.108,0.387,-0.623,-0.353,-0.581,1473133312.000,0.001,27019,27260,0,3,71,14.310,71.710,26246,26737,1354,1300,32
208012,-0.091,-0.026,-0.760,-0.021,0.000,-0.089,0.383,-0.622,-0.355,-0.584,1389996032.000,-0.001,26227,26498,0,-1,71,14.310,71.710,26246,26737,1354,1300,32
208112,-0.055,-0.026,0.320,0.026,0.009,-0.092,0.380,-0.620,-0.357,-0.586,1389996032.000,-0.001,26257,26468,-1,-2,71,14.310,71.710,26246,26737,1354,1300,32
208212,-0.032,-0.039,-0.730,0.160,0.020,-0.017,0.382,-0.617,-0.361,-0.586,1389996032.000,-0.001,26177,26547,-4,-5,71,14.290,71.750,25974,26041,1431,1468,32
208312,-0.035,-0.049,-0.970,0.278,-0.004,0.016,0.388,-0.613,-0.367,-0.582,1441760768.000,-0.001,26635,27062,-5,-9,71,14.290,71.750,25974,26041,1431,1468,32
208412,-0.029,-0.173,-0.170,0.274,-0.063,0.060,0.398,-0.608,-0.375,-0.576,1389996032.000,-0.003,26119,26605,-4,-7,71,14.290,71.750,25974,26041,1431,1468,32
208512,-0.023,-0.405,1.060,0.201,-0.220,0.062,0.404,-0.608,-0.382,-0.566,1389996032.000,-0.008,26129,26595,0,-7,71,14.290,71.750,25974,26041,1431,1468,32
208612,-0.048,-0.322,-1.710,0.123,-0.429,0.032,0.405,-0.615,-0.391,-0.553,1389996032.000,-0.008,26141,26583,-7,4,71,14.320,71.670,26041,26595,1372,1363,32
208712,-0.063,0.159,-0.200,0.131,-0.230,-0.008,0.400,-0.624,-0.401,-0.538,1389996032.000,-0.000,26160,26565,-12,6,71,14.320,71.670,26041,26595,1372,1363,32
208812,-0.058,0.101,0.330,0.127,0.198,-0.018,0.405,-0.620,-0.406,-0.535,1389996032.000,-0.001,26167,26557,3,-7,71,14.320,71.670,26041,26595,1372,1363,32
208912,0.024,0.004,-1.150,0.078,0.063,0.002,0.410,-0.614,-0.406,-0.538,1389996032.000,-0.002,26214,26511,-1,-2,71,14.320,71.670,26041,26595,1372,1363,32
209012,0.039,0.014,-2.190,0.008,-0.101,0.016,0.412,-0.612,-0.408,-0.539,1389996032.000,-0.002,26210,26514,-4,5,71,14.300,71.550,26109,26595,1382,1342,32
209112,0.014,0.131,-0.660,0.044,-0.042,-0.009,0.410,-0.615,-0.409,-0.536,1389996032.000,0.000,26207,26518,-6,3,71,14.300,71.550,26109,26595,1382,1342,32
209212,-0.008,0.134,0.610,0.152,0.094,-0.063,0.412,-0.612,-0.412,-0.535,1389996032.000,0.000,26258,26468,-5,-5,71,14.300,71.550,26109,26595,1382,1342,32
209312,0.009,0.018,0.200,0.150,0.073,-0.047,0.418,-0.604,-0.416,-0.536,1389996032.000,-0.002,26237,26488,-2,-5,71,14.300,71.550,26109,26595,1382,1342,32
209412,0.024,-0.106,0.400,0.001,-0.010,-0.044,0.420,-0.601,-0.419,-0.536,1389996032.000,-0.004,26259,26466,3,-1,71,14.280,71.670,26246,26109,1361,1454,32
209512,0.041,-0.059,0.890,-0.051,-0.104,-0.033,0.417,-0.602,-0.421,-0.536,1389996032.000,-0.003,26265,26460,-2,3,71,14.280,71.670,26246,26109,1361,1454,32
209612,-0.010,0.149,1.490,-0.083,-0.034,-0.067,0.411,-0.605,-0.422,-0.535,1389996032.000,-0.001,26289,26437,-3,4,71,14.280,71.670,26246,26109,1361,1454,32
209712,0.032,0.120,0.460,-0.009,0.229,-0.128,0.410,-0.600,-0.421,-0.542,1389996032.000,-0.000,26378,26348,2,-4,71,14.280,71.670,26246,26109,1361,1454,32
209812,0.058,0.172,1.390,-0.254,0.146,-0.138,0.407,-0.595,-0.418,-0.553,1389996032.000,0.000,26382,26343,4,10,71,14.280,71.390,26109,26455,1446,1325,32
209912,0.039,0.138,0.820,-0.479,0.151,-0.099,0.395,-0.596,-0.409,-0.566,1389996032.000,-0.000,26327,26398,12,12,71,14.280,71.390,26109,26455,1446,1325,32
210012,0.010,0.072,0.390,-0.317,0.247,-0.080,0.386,-0.595,-0.397,-0.582,1389996032.000,-0.000,26297,26428,9,1,71,14.280,71.390,26109,26455,1446,1325,32
210113,0.446,-0.249,-0.150,-0.124,-0.029,-0.008,0.380,-0.595,-0.390,-0.591,1389996032.000,-0.004,26793,25925,4,-5,71,14.280,71.390,26109,26455,1446,1325,32
210213,0.460,-0.242,1.250,-0.353,-0.271,0.329,0.376,-0.608,-0.382,-0.586,1389996032.000,-0.006,26287,26438,7,13,71,14.290,71.590,26246,26315,1439,1332,32
210313,0.103,0.074,-0.610,-0.542,-0.139,0.264,0.364,-0.630,-0.362,-0.583,1389996032.000,0.001,25788,26926,1,21,71,14.290,71.590,26246,26315,1439,1332,32
210413,-0.090,0.193,0.500,-0.396,0.000,-0.100,0.349,-0.642,-0.346,-0.588,1389996032.000,0.001,26374,26352,2,10,71,14.290,71.590,26246,26315,1439,1332,32
210512,-0.054,0.155,0.690,-0.359,0.170,-0.166,0.339,-0.641,-0.339,-0.600,1389996032.000,0.000,26442,26283,9,8,71,14.290,71.590,26246,26315,1439,1332,32
210612,0.005,0.130,-0.620,-0.497,0.051,-0.096,0.323,-0.643,-0.329,-0.612,1389996032.000,0.000,26354,26372,11,16,71,14.300,71.510,26666,26109,1292,1417,32
210712,0.040,0.105,-1.780,-0.431,0.132,-0.056,0.307,-0.646,-0.316,-0.623,1389996032.000,-0.000,26359,26367,10,8,71,14.300,71.510,26666,26109,1292,1417,32
210812,0.101,0.060,-0.170,-0.339,0.110,-0.203,0.291,-0.646,-0.304,-0.637,1389996032.000,-0.000,26607,26117,6,6,71,14.300,71.510,26666,26109,1292,1417,32
210912,0.162,0.067,1.550,-0.249,-0.066,-0.068,0.279,-0.648,-0.302,-0.641,1389996032.000,-0.000,26472,26253,2,11,71,14.300,71.510,26666,26109,1292,1417,32
211012,0.167,0.063,1.980,-0.648,0.021,0.037,0.263,-0.655,-0.286,-0.648,1389996032.000,-0.000,26390,26336,17,20,71,14.310,71.550,26525,26595,1324,1291,32
211112,0.138,0.083,0.650,-0.402,-0.212,0.098,0.248,-0.665,-0.267,-0.652,1389996032.000,-0.000,26323,26403,-1,17,71,14.310,71.550,26525,26595,1324,1291,32
211212,0.354,-0.165,-0.090,-0.329,-0.090,0.199,0.239,-0.676,-0.254,-0.649,1389996032.000,-0.002,26526,26199,12,3,71,14.310,71.550,26525,26595,1324,1291,32
211312,0.467,-0.204,0.360,-0.441,-0.182,0.397,0.236,-0.687,-0.233,-0.647,1389996032.000,-0.006,26340,26386,5,11,71,14.310,71.550,26525,26595,1324,1291,32
211412,0.344,-0.238,-0.590,-0.339,-0.393,0.512,0.235,-0.707,-0.210,-0.633,1389996032.000,-0.010,26116,26607,4,13,70,14.260,71.550,26246,26246,1350,1442,32
211512,-0.352,0.321,0.170,-0.474,-0.323,0.382,0.235,-0.725,-0.188,-0.619,1389996032.000,0.005,25455,27241,-5,37,70,14.260,71.550,26246,26246,1350,1442,32
211612,-0.445,0.436,0.010,-0.074,0.051,-0.086,0.222,-0.736,-0.175,-0.615,1389996032.000,0.005,26086,26636,-6,4,70,14.260,71.550,26246,26246,1350,1442,32
211712,-0.385,0.371,0.720,-0.202,0.241,-0.191,0.217,-0.729,-0.177,-0.625,1389996032.000,0.004,26193,26531,6,12,70,14.260,71.550,26246,26246,1350,1442,32
211812,-0.289,0.315,0.420,-0.277,0.270,-0.224,0.202,-0.723,-0.172,-0.638,1389996032.000,0.002,26270,26455,7,10,71,14.330,71.630,26315,26525,1335,1353,32
211912,-0.186,0.218,-1.420,-0.179,0.351,-0.258,0.190,-0.712,-0.172,-0.654,1389996032.000,0.001,26372,26354,8,4,71,14.330,71.630,26315,26525,1335,1353,32
212012,-0.083,0.138,-1.860,-0.328,0.216,-0.241,0.175,-0.703,-0.168,-0.668,1406466560.000,0.000,26585,26452,10,11,71,14.330,71.630,26315,26525,1335,1353,32
212112,0.005,0.097,-0.270,-0.171,0.106,-0.180,0.160,-0.699,-0.166,-0.677,1437839232.000,-0.000,26876,26749,3,7,71,14.330,71.630,26315,26525,1335,1353,32
212212,0.142,-0.030,-1.080,-0.140,0.092,-0.117,0.151,-0.696,-0.166,-0.682,1439407744.000,-0.000,26990,26664,7,4,70,14.260,71.350,27027,26809,1365,1369,32
212312,0.200,-0.181,-0.500,-0.287,-0.021,0.008,0.144,-0.695,-0.161,-0.686,1488819584.000,-0.000,27353,27215,12,11,70,14.260,71.350,27027,26809,1365,1369,32
212412,0.196,-0.167,0.050,-0.369,-0.129,0.024,0.131,-0.701,-0.149,-0.685,1429211776.000,-0.000,26806,26658,10,13,70,14.260,71.350,27027,26809,1365,1369,32
212512,0.188,-0.043,0.370,-0.292,-0.203,0.036,0.121,-0.709,-0.138,-0.681,1389996032.000,-0.000,26436,26289,3,16,70,14.290,71.670,26178,26385,1426,1324,32
212612,0.064,0.177,0.010,-0.377,-0.079,0.002,0.110,-0.716,-0.128,-0.677,1402545024.000,-0.001,26503,26460,6,16,70,14.290,71.670,26178,26385,1426,1324,32
212712,0.128,0.030,0.780,-0.226,0.196,0.036,0.101,-0.714,-0.118,-0.683,1498231296.000,-0.000,27442,27298,12,3,70,14.290,71.670,26178,26385,1426,1324,32
212812,0.103,0.014,0.130,-0.316,-0.004,0.101,0.095,-0.713,-0.106,-0.687,1408819584.000,-0.000,26490,26591,8,15,70,14.290,71.670,26178,26385,1426,1324,32
212912,0.068,0.128,-1.090,-0.153,-0.030,0.104,0.089,-0.716,-0.094,-0.686,1389996032.000,0.000,26290,26436,-1,11,71,14.270,71.550,26666,26666,1269,1291,32
213012,-0.003,0.115,0.250,-0.126,0.134,0.252,0.094,-0.715,-0.086,-0.687,1389996032.000,0.001,26041,26680,9,8,71,14.270,71.550,26666,26666,1269,1291,32
213112,-0.083,0.009,1.390,-0.203,0.084,0.168,0.093,-0.714,-0.069,-0.691,1389996032.000,0.000,26114,26609,9,7,71,14.270,71.550,26666,26666,1269,1291,32
213212,-0.125,0.004,0.260,0.070,-0.014,0.083,0.095,-0.714,-0.065,-0.691,1389996032.000,0.000,26152,26572,-2,4,71,14.250,71.390,26178,26525,1364,1383,32
213312,-0.145,0.004,0.050,-0.031,0.044,0.019,0.098,-0.713,-0.064,-0.691,1389996032.000,0.000,26185,26540,5,7,71,14.250,71.390,26178,26525,1364,1383,32
213412,-0.144,-0.015,-0.160,-0.077,0.048,-0.020,0.096,-0.712,-0.062,-0.693,1389996032.000,-0.000,26200,26525,6,7,71,14.250,71.390,26178,26525,1364,1383,32
213512,-0.056,-0.198,1.400,-0.097,0.033,-0.033,0.093,-0.711,-0.059,-0.695,1389996032.000,-0.003,26312,26414,12,2,71,14.250,71.390,26178,26525,1364,1383,32
213612,-0.012,-0.382,1.400,0.129,-0.176,0.027,0.093,-0.711,-0.060,-0.695,1389996032.000,-0.006,26233,26492,1,-2,71,14.280,71.350,26385,26385,1334,1380,32
213712,-0.036,-0.187,0.090,0.203,-0.301,0.034,0.100,-0.718,-0.066,-0.686,1389996032.000,-0.003,26197,26528,-7,6,71,14.280,71.350,26385,26385,1334,1380,32
213812,-0.219,0.190,0.130,0.063,-0.083,-0.066,0.104,-0.726,-0.072,-0.676,1389996032.000,0.001,26153,26571,-3,12,71,14.280,71.350,26385,26385,1334,1380,32
213912,-0.180,0.155,-0.850,0.256,0.229,-0.136,0.108,-0.721,-0.081,-0.680,1389996032.000,0.001,26252,26473,1,-1,71,14.280,71.350,26385,26385,1334,1380,32
214012,-0.124,0.105,-1.850,0.058,0.092,-0.176,0.109,-0.714,-0.091,-0.686,1389996032.000,0.000,26334,26392,2,7,71,14.270,71.350,26525,26385,1300,1378,32
214112,-0.052,0.079,-1.470,0.020,0.140,-0.194,0.104,-0.710,-0.097,-0.690,1389996032.000,0.000,26404,26321,4,4,71,14.270,71.350,26525,26385,1300,1378,32
214212,0.024,0.026,-0.410,0.080,0.227,-0.137,0.099,-0.703,-0.104,-0.697,1389996032.000,-0.000,26378,26347,6,-1,71,14.270,71.350,26525,26385,1300,1378,32
214312,0.061,-0.111,-0.560,-0.256,0.062,-0.098,0.094,-0.696,-0.104,-0.704,1389996032.000,0.000,26407,26318,14,12,71,14.270,71.350,26525,26385,1300,1378,32
214412,0.113,-0.111,0.880,-0.004,-0.250,-0.190,0.083,-0.700,-0.102,-0.702,1451956864.000,0.001,27159,26727,-5,9,71,14.250,71.590,27247,26809,1496,1560,32
214512,0.097,-0.082,0.790,-0.126,-0.068,-0.224,0.074,-0.705,-0.110,-0.697,1389996032.000,0.001,26587,26137,9,9,71,14.250,71.590,27247,26809,1496,1560,32
214612,-0.022,-0.295,-2.900,-0.232,-0.150,-0.413,0.055,-0.706,-0.111,-0.697,1389996032.000,0.008,26745,25975,6,7,71,14.250,71.590,27247,26809,1496,1560,32
214712,0.350,-0.021,0.810,0.337,-0.524,-0.223,0.042,-0.716,-0.127,-0.685,1389996032.000,0.000,26814,25904,-24,8,71,14.250,71.590,27247,26809,1496,1560,32
214812,0.471,0.263,1.540,-0.364,0.010,0.119,0.039,-0.726,-0.129,-0.674,1389996032.000,-0.006,26558,26166,14,22,71,14.260,71.470,26455,26178,1443,1307,32
214912,0.476,0.204,0.140,-0.120,0.191,0.286,0.036,-0.722,-0.111,-0.682,1389996032.000,-0.003,26474,26263,2,6,71,14.260,71.470,26455,26178,1443,1307,32
215012,0.682,0.048,0.870,0.080,-0.053,0.464,0.049,-0.721,-0.100,-0.683,1389996032.000,0.000,26552,26173,-3,7,71,14.260,71.470,26455,26178,1443,1307,32
215112,0.407,-0.027,-1.080,-0.357,0.018,0.566,0.064,-0.726,-0.079,-0.681,1389996032.000,-0.000,26159,26565,17,17,71,14.260,71.470,26455,26178,1443,1307,32
215212,0.018,-0.043,0.060,-0.231,-0.081,0.329,0.063,-0.728,-0.048,-0.681,1389996032.000,-0.001,26101,26622,2,11,71,14.270,71.430,26246,26525,1298,1418,32
215312,-0.134,0.084,-0.100,0.052,-0.092,0.107,0.068,-0.734,-0.039,-0.675,1389996032.000,0.001,26228,26497,-5,7,71,14.270,71.430,26246,26525,1298,1418,32
215412,-0.213,0.070,0.950,-0.176,0.194,0.033,0.067,-0.732,-0.034,-0.677,1389996032.000,0.000,26179,26546,13,7,71,14.270,71.430,26246,26525,1298,1418,32
215512,-0.207,0.166,1.200,0.302,0.049,-0.080,0.062,-0.726,-0.028,-0.684,1389996032.000,0.001,26331,26395,-18,-2,71,14.270,71.430,26246,26525,1298,1418,32
215612,-0.230,0.133,0.610,0.258,0.606,0.232,0.089,-0.721,-0.052,-0.685,1389996032.000,0.001,25823,26892,32,-3,71,14.290,71.430,26109,26385,1422,1354,32
215712,-0.250,0.036,1.470,0.244,-0.029,-0.226,0.096,-0.709,-0.053,-0.696,1389996032.000,0.000,26494,26231,-8,6,71,14.290,71.430,26109,26385,1422,1354,32
215812,-0.167,0.046,-0.020,0.220,-0.107,-0.212,0.099,-0.709,-0.070,-0.695,1333525504.000,0.000,25885,25758,-5,8,71,14.290,71.430,26109,26385,1422,1354,32
215912,-0.120,0.085,0.220,0.117,-0.112,-0.118,0.098,-0.713,-0.079,-0.690,1189996032.000,0.000,24401,24385,-4,9,71,14.290,71.430,26109,26385,1422,1354,32
216012,-0.065,0.110,-0.310,0.044,-0.086,-0.226,0.096,-0.715,-0.088,-0.687,1189996032.000,0.000,24594,24190,-2,11,71,14.410,72.310,24509,24213,1212,1271,32
216112,0.027,0.158,-0.230,-0.178,-0.214,-0.119,0.085,-0.719,-0.094,-0.683,1189996032.000,-0.000,24460,24324,-1,22,71,14.410,72.310,24509,24213,1212,1271,32
216212,0.072,0.153,0.630,-0.230,0.252,-0.063,0.074,-0.719,-0.091,-0.685,1189996032.000,-0.001,24474,24311,13,6,71,14.410,72.310,24509,24213,1212,1271,32
216312,0.063,0.096,-0.010,-0.267,0.008,0.072,0.068,-0.714,-0.081,-0.692,1189996032.000,-0.000,24326,24459,5,17,71,14.410,72.310,24509,24213,1212,1271,32
216412,0.060,0.130,-1.520,-0.409,-0.208,-0.113,0.057,-0.719,-0.070,-0.689,1189996032.000,-0.000,24640,24143,3,27,70,14.370,72.110,24154,24630,1270,1219,32
216512,0.087,0.145,-0.610,-0.366,0.158,-0.013,0.040,-0.722,-0.058,-0.689,1189996032.000,-0.001,24478,24306,13,11,70,14.370,72.110,24154,24630,1270,1219,32
216612,0.088,0.092,-0.080,-0.256,0.031,0.004,0.032,-0.716,-0.049,-0.695,1189996032.000,-0.000,24476,24309,4,18,70,14.370,72.110,24154,24630,1270,1219,32
216712,0.119,0.133,-0.460,-0.468,-0.178,-0.110,0.015,-0.722,-0.037,-0.691,1189996032.000,-0.001,24663,24119,5,26,70,14.370,72.110,24154,24630,1270,1219,32
216813,0.148,0.083,-0.700,-0.387,0.392,0.049,-0.001,-0.716,-0.025,-0.697,1179996160.000,-0.001,24336,24243,21,5,71,14.370,72.070,24509,23980,1303,1261,32
216913,0.123,0.016,-0.180,-0.367,-0.076,0.003,-0.012,-0.709,-0.010,-0.705,1164996352.000,-0.000,24325,23944,3,22,71,14.370,72.070,24509,23980,1303,1261,32
217013,0.144,0.009,0.360,-0.313,0.278,-0.084,-0.025,-0.708,-0.001,-0.706,1154996480.000,-0.000,24328,23731,18,5,71,14.370,72.070,24509,23980,1303,1261,32
217113,0.168,-0.071,-0.080,-0.286,0.037,-0.097,-0.036,-0.699,0.006,-0.715,1139996672.000,0.001,24213,23531,9,15,71,14.370,72.070,24509,23980,1303,1261,32
217212,0.179,0.005,0.670,-0.248,-0.312,-0.032,-0.047,-0.708,0.015,-0.705,1119996928.000,-0.000,23933,23392,-1,22,71,14.420,72.510,24096,23474,1195,1176,32
217312,0.127,0.025,-0.070,-0.302,0.152,0.119,-0.052,-0.709,0.030,-0.702,1109997056.000,-0.000,23635,23482,16,9,71,14.420,72.510,24096,23474,1195,1176,32
217412,0.100,0.047,0.610,-0.210,-0.307,-0.094,-0.058,-0.711,0.041,-0.699,1094997248.000,-0.000,23801,22989,-4,23,71,14.420,72.510,24096,23474,1195,1176,32
217512,0.082,0.153,-0.160,-0.220,-0.242,0.213,-0.062,-0.723,0.050,-0.686,1079997440.000,-0.000,23085,23389,1,22,71,14.420,72.510,24096,23474,1195,1176,32
217612,-0.022,0.164,-0.200,-0.251,0.183,0.236,-0.062,-0.723,0.070,-0.685,1069997568.000,0.000,22986,23165,13,10,71,14.420,73.160,22727,23584,1202,1162,32
217712,-0.036,0.134,0.160,-0.179,0.036,-0.081,-0.068,-0.719,0.078,-0.688,1049997824.000,0.000,23161,22662,4,15,71,14.420,73.160,22727,23584,1202,1162,32
217812,0.014,0.058,-0.220,-0.442,0.368,-0.070,-0.084,-0.709,0.083,-0.695,1034998016.000,-0.000,22916,22580,24,13,71,14.420,73.160,22727,23584,1202,1162,32
217912,0.023,-0.012,0.250,-0.620,0.091,0.044,-0.104,-0.699,0.099,-0.701,1014998272.000,0.000,22539,22522,19,25,71,14.420,73.160,22727,23584,1202,1162,32
218012,0.012,-0.026,-0.080,-0.779,-0.004,0.000,-0.126,-0.693,0.123,-0.699,1004998400.000,0.000,22528,22304,22,29,71,14.480,74.290,22421,22321,1158,1122,32
218112,0.049,-0.031,0.140,-0.747,0.194,-0.158,-0.156,-0.688,0.146,-0.693,984998656.000,0.000,22559,21819,27,18,71,14.480,74.290,22421,22321,1158,1122,32
218212,0.068,-0.154,-0.750,-0.818,0.290,0.086,-0.187,-0.669,0.166,-0.701,964998912.000,0.001,21926,22006,32,21,71,14.480,74.290,22421,22321,1158,1122,32
218312,0.085,-0.177,0.680,-0.539,0.171,-0.184,-0.208,-0.661,0.182,-0.697,954999040.000,0.001,22319,21374,24,12,71,14.480,74.290,22421,22321,1158,1122,32
218412,0.085,-0.317,-0.420,-0.442,0.486,-0.061,-0.230,-0.640,0.193,-0.707,944999168.000,0.003,22029,21441,32,-1,71,14.480,74.370,22026,21786,1076,1059,32
218512,0.136,-0.377,0.270,-0.226,0.116,-0.123,-0.246,-0.632,0.195,-0.709,934999296.000,0.005,22020,21216,19,5,71,14.480,74.370,22026,21786,1076,1059,32
218612,0.121,-0.434,0.120,-0.222,0.187,0.070,-0.253,-0.622,0.200,-0.713,914999552.000,0.006,21518,21260,25,2,71,14.480,74.370,22026,21786,1076,1059,32
218712,0.089,-0.470,-0.240,-0.039,0.103,0.059,-0.255,-0.616,0.204,-0.716,899999744.000,0.006,21393,21031,19,-2,71,14.480,74.370,22026,21786,1076,1059,32
218812,0.031,-0.529,-0.230,-0.002,0.237,0.026,-0.251,-0.608,0.206,-0.725,894999808.000,0.006,21338,20968,25,-7,71,14.520,74.530,21321,21008,1076,1072,32
218912,0.004,-0.576,-0.170,-0.006,0.094,0.020,-0.250,-0.602,0.206,-0.730,880000000.000,0.006,21142,20809,22,-4,71,14.520,74.530,21321,21008,1076,1072,32
219012,-0.016,-0.597,-0.010,0.007,0.088,0.051,-0.248,-0.599,0.206,-0.733,865000064.000,0.006,20873,20720,24,-5,71,14.520,74.530,21321,21008,1076,1072,32
219112,-0.064,-0.642,-0.150,-0.061,0.180,0.150,-0.245,-0.592,0.207,-0.740,855000064.000,0.006,20562,20790,30,-7,71,14.550,74.490,20703,20920,1013,1016,32
219212,-0.119,-0.704,0.420,0.013,0.251,0.116,-0.243,-0.582,0.209,-0.747,845000064.000,0.006,20442,20667,31,-13,71,14.550,74.490,20703,20920,1013,1016,32
219312,-0.153,-0.774,0.090,0.004,0.241,0.067,-0.241,-0.572,0.209,-0.756,835000064.000,0.006,20354,20512,33,-14,71,14.550,74.490,20703,20920,1013,1016,32
219412,-0.174,-0.842,-0.500,-0.024,0.250,0.006,-0.242,-0.563,0.207,-0.763,820000064.000,0.007,20207,20290,36,-16,71,14.550,74.490,20703,20920,1013,1016,32
219512,-0.162,-0.895,-0.230,-0.026,0.143,-0.017,-0.245,-0.556,0.205,-0.768,805000064.000,0.009,20013,20112,35,-14,71,14.570,74.610,20161,20080,1018,1013,32
219612,-0.175,-0.965,-0.350,-0.102,0.331,0.026,-0.249,-0.545,0.205,-0.774,780000064.000,0.011,19604,19892,45,-20,71,14.570,74.610,20161,20080,1018,1013,32
219712,-0.226,-1.058,-0.060,-0.274,0.420,0.100,-0.251,-0.530,0.207,-0.783,775000064.000,0.012,19363,20002,54,-20,71,14.570,74.610,20161,20080,1018,1013,32
219812,-0.300,-1.169,0.040,-0.342,0.492,0.066,-0.258,-0.509,0.215,-0.793,765000064.000,0.013,19194,19915,60,-24,71,14.570,74.610,20161,20080,1018,1013,32
219912,-0.372,-1.303,0.350,-0.523,0.567,0.054,-0.271,-0.482,0.223,-0.802,745000064.000,0.016,18757,19828,71,-23,70,14.570,74.530,19230,19920,911,970,32
220012,-0.500,-1.422,-0.570,-0.526,0.492,0.070,-0.287,-0.453,0.241,-0.809,735000064.000,0.017,18459,19856,69,-27,70,14.570,74.530,19230,19920,911,970,32
220112,-0.597,-1.508,0.030,-0.399,0.233,-0.027,-0.301,-0.429,0.254,-0.813,720000064.000,0.019,18265,19657,62,-25,70,14.570,74.530,19230,19920,911,970,32
220212,-0.661,-1.523,0.460,-0.233,0.097,0.011,-0.310,-0.419,0.265,-0.811,705000064.000,0.018,17727,19640,58,-31,70,14.620,74.730,17921,19685,879,971,32
220312,-0.706,-1.560,0.100,-0.117,0.188,0.038,-0.315,-0.408,0.270,-0.813,690000064.000,0.019,17464,19622,60,-36,70,14.620,74.730,17921,19685,879,971,32
220412,-0.735,-1.563,0.440,-0.108,-0.079,-0.019,-0.316,-0.405,0.274,-0.813,675000064.000,0.018,17265,19414,55,-29,70,14.620,74.730,17921,19685,879,971,32
220512,-0.761,-1.541,0.200,-0.077,0.043,0.027,-0.317,-0.406,0.280,-0.810,665000064.000,0.016,16904,19475,60,-36,70,14.620,74.730,17921,19685,879,971,32
220612,-0.796,-1.543,-0.190,-0.087,-0.046,0.064,-0.317,-0.403,0.283,-0.810,660000064.000,0.014,16710,19513,58,-33,70,14.630,74.730,16891,19531,787,972,32
220712,-0.842,-1.523,-0.270,-0.082,-0.028,0.066,-0.315,-0.403,0.289,-0.809,650000064.000,0.011,16515,19423,60,-35,70,14.630,74.730,16891,19531,787,972,32
220812,-0.876,-1.542,-0.470,-0.014,0.156,0.074,-0.314,-0.398,0.291,-0.811,630000064.000,0.010,16145,19218,65,-43,70,14.630,74.730,16891,19531,787,972,32
220912,-0.898,-1.550,-0.440,-0.029,-0.138,0.013,-0.312,-0.396,0.292,-0.813,615000064.000,0.009,16017,18933,57,-34,70,14.630,74.730,16891,19531,787,972,32
221012,-0.913,-1.518,-0.450,0.017,-0.043,0.018,-0.310,-0.400,0.295,-0.810,600000064.000,0.006,15738,18770,61,-41,70,14.660,74.490,15873,18867,769,918,32
221112,-0.907,-1.526,-0.420,0.037,0.054,-0.007,-0.310,-0.399,0.294,-0.811,585000064.000,0.007,15552,18524,64,-44,70,14.660,74.490,15873,18867,769,918,32
221212,-0.916,-1.537,0.000,0.002,0.011,0.037,-0.309,-0.397,0.293,-0.813,580000064.000,0.007,15332,18572,64,-42,70,14.660,74.490,15873,18867,769,918,32
221312,-0.946,-1.542,-0.210,0.012,-0.021,0.003,-0.306,-0.395,0.295,-0.814,565000064.000,0.005,15156,18311,65,-43,70,14.660,74.490,15873,18867,769,918,32
221412,-0.944,-1.540,-0.220,0.026,0.007,-0.003,-0.306,-0.396,0.295,-0.814,550000064.000,0.005,14902,18109,66,-46,70,14.680,73.920,15105,18315,732,885,32
221512,-0.958,-1.543,0.120,-0.004,0.030,0.049,-0.305,-0.395,0.295,-0.815,540000064.000,0.004,14626,18058,69,-46,70,14.680,73.920,15105,18315,732,885,32
221612,-0.963,-1.543,0.120,0.010,0.042,-0.012,-0.304,-0.394,0.295,-0.815,530000064.000,0.004,14586,17812,70,-49,70,14.680,73.920,15105,18315,732,885,32
221712,-0.956,-1.562,0.020,0.008,0.042,0.028,-0.305,-0.392,0.294,-0.817,515000064.000,0.005,14218,17688,71,-49,70,14.680,73.920,15105,18315,732,885,32
221812,-0.978,-1.557,-0.310,-0.014,-0.061,0.011,-0.303,-0.392,0.295,-0.817,500000064.000,0.003,13983,17449,70,-47,70,14.710,73.280,14204,17667,666,858,32
221912,-0.988,-1.564,0.100,0.010,0.084,-0.002,-0.302,-0.390,0.296,-0.818,495000064.000,0.003,13872,17395,75,-53,70,14.710,73.280,14204,17667,666,858,32
222012,-0.992,-1.572,-0.010,-0.029,-0.030,0.021,-0.302,-0.388,0.295,-0.819,475000064.000,0.003,13466,17136,74,-49,70,14.710,73.280,14204,17667,666,858,32
222112,-1.009,-1.567,-0.300,-0.021,-0.011,0.008,-0.301,-0.388,0.297,-0.819,465000064.000,0.002,13290,16981,75,-52,70,14.710,73.280,14204,17667,666,858,32
222212,-1.015,-1.566,-0.060,0.032,0.010,-0.020,-0.301,-0.388,0.298,-0.819,445000064.000,0.002,12993,16619,76,-56,69,14.730,72.270,13157,16949,648,819,0
222312,-1.013,-1.574,-0.350,0.003,0.030,0.000,-0.302,-0.386,0.297,-0.819,435000064.000,0.002,12718,16530,78,-56,69,14.730,72.270,13157,16949,648,819,0
222412,-1.014,-1.578,-0.050,0.027,0.000,-0.011,-0.302,-0.386,0.297,-0.820,415000064.000,0.002,12363,16191,77,-57,69,14.730,72.270,13157,16949,648,819,0
222512,-1.010,-1.575,-0.030,0.022,-0.049,0.006,-0.301,-0.387,0.297,-0.820,400000064.000,0.002,12006,15996,77,-57,69,14.730,72.270,13157,16949,648,819,0
222612,-1.013,-1.585,0.180,-0.001,0.116,-0.011,-0.302,-0.385,0.296,-0.820,385000064.000,0.002,11748,15716,84,-62,69,14.760,72.190,12019,16025,543,750,0
222712,-1.012,-1.589,0.160,0.006,-0.071,0.000,-0.302,-0.384,0.296,-0.821,370000064.000,0.002,11385,15504,79,-57,69,14.760,72.190,12019,16025,543,750,0
222812,-1.013,-1.588,0.310,-0.009,0.088,-0.014,-0.302,-0.384,0.296,-0.821,355000064.000,0.002,11089,15233,86,-63,69,14.760,72.190,12019,16025,543,750,0
222912,-0.996,-1.595,-0.370,0.014,-0.024,-0.032,-0.303,-0.384,0.294,-0.821,340000064.000,0.004,10784,14957,82,-60,69,14.760,72.190,12019,16025,543,750,0
223012,-0.994,-1.589,-0.380,0.001,-0.027,0.002,-0.303,-0.385,0.294,-0.820,325000064.000,0.004,10358,14755,82,-60,69,14.770,72.230,10775,15015,481,697,0
223112,-0.992,-1.589,-0.180,0.019,0.012,-0.013,-0.302,-0.386,0.294,-0.821,310000064.000,0.004,10075,14439,83,-62,69,14.770,72.230,10775,15015,481,697,0
223212,-0.988,-1.594,-0.550,0.007,0.038,-0.004,-0.303,-0.385,0.293,-0.821,300000064.000,0.004,9779,14296,84,-62,69,14.770,72.230,10775,15015,481,697,0
223312,-0.989,-1.601,0.100,-0.023,0.016,0.016,-0.303,-0.384,0.293,-0.822,285000064.000,0.005,9294,14093,84,-60,69,14.770,72.230,10775,15015,481,697,0
223412,-0.992,-1.605,0.520,0.039,0.010,0.004,-0.303,-0.383,0.293,-0.822,265000064.000,0.004,8819,13683,82,-63,68,14.800,72.230,9057,13927,425,626,0
223512,-0.988,-1.608,-0.240,-0.006,0.012,-0.022,-0.299,-0.384,0.290,-0.824,245000064.000,0.004,8348,13241,84,-61,68,14.800,72.230,9057,13927,425,626,0
223612,-0.979,-1.611,0.040,0.036,0.012,-0.082,-0.299,-0.385,0.289,-0.824,240000064.000,0.004,8263,12912,83,-63,68,14.800,72.230,9057,13927,425,626,0
223712,-0.940,-1.621,0.090,0.072,0.014,-0.072,-0.301,-0.386,0.285,-0.825,225000064.000,0.007,7959,12714,82,-64,68,14.800,72.230,9057,13927,425,626,0
223812,-0.916,-1.628,0.020,0.044,0.036,-0.020,-0.299,-0.387,0.281,-0.826,210000064.000,0.008,7352,12488,84,-63,69,14.830,72.190,7418,12594,346,583,0
223912,-0.885,-1.642,0.040,0.083,0.013,-0.079,-0.298,-0.388,0.276,-0.828,205000064.000,0.010,7532,12177,81,-65,69,14.830,72.190,7418,12594,346,583,0
224012,-0.836,-1.647,0.020,0.139,-0.039,-0.043,-0.296,-0.391,0.269,-0.829,195000064.000,0.012,7183,11975,80,-64,69,14.830,72.190,7418,12594,346,583,0
224112,-0.810,-1.647,0.130,0.051,-0.009,-0.010,-0.293,-0.394,0.264,-0.830,185000064.000,0.013,6740,11814,84,-62,69,14.830,72.190,7418,12594,346,583,0
224212,-0.803,-1.649,0.050,0.073,0.000,-0.020,-0.292,-0.395,0.263,-0.830,170000064.000,0.013,6289,11421,82,-64,68,14.870,72.230,6281,11574,297,534,0
224312,-0.782,-1.664,0.040,0.048,0.056,-0.019,-0.293,-0.394,0.260,-0.832,145000064.000,0.015,5238,10843,85,-65,68,14.870,72.230,6281,11574,297,534,0
224412,-0.774,-1.674,0.300,0.034,-0.006,0.000,-0.294,-0.393,0.258,-0.832,130000064.000,0.016,4376,10529,83,-63,68,14.870,72.230,6281,11574,297,534,0
224512,-0.764,-1.675,0.000,0.061,0.026,-0.017,-0.292,-0.394,0.256,-0.833,110000064.000,0.016,3272,9965,84,-65,68,14.870,72.230,6281,11574,297,534,0
224612,-0.747,-1.686,-0.200,0.054,0.014,-0.003,-0.290,-0.394,0.252,-0.835,85000064.000,0.017,0,9369,85,-63,68,14.870,72.270,2441,9652,60,393,0
224712,-0.749,-1.690,0.030,0.031,-0.001,-0.007,-0.289,-0.393,0.252,-0.836,65000064.000,0.017,0,8759,84,-63,68,14.870,72.270,2441,9652,60,393,0
224812,-0.738,-1.689,0.330,0.038,-0.026,-0.036,-0.290,-0.394,0.251,-0.835,55000064.000,0.018,0,8355,83,-63,68,14.870,72.270,2441,9652,60,393,0
224912,-0.722,-1.685,-0.020,0.029,-0.011,-0.039,-0.291,-0.396,0.250,-0.835,35000064.000,0.019,0,7705,84,-63,68,14.870,72.270,2441,9652,60,393,0
225012,-0.714,-1.687,-0.030,0.000,0.009,-0.021,-0.291,-0.396,0.249,-0.835,15000064.000,0.019,0,7083,85,-63,68,14.910,72.270,570,8012,60,354,0
225112,-0.709,-1.689,-0.160,-0.003,-0.003,-0.039,-0.292,-0.396,0.249,-0.835,0.000,0.020,0,6420,85,-63,68,14.910,72.270,570,8012,60,354,0
225212,-0.703,-1.691,0.030,-0.011,0.000,-0.034,-0.293,-0.395,0.248,-0.834,0.000,0.020,0,6443,85,-62,68,14.910,72.270,570,8012,60,354,0
225312,-0.694,-1.689,-0.070,0.090,-0.012,-0.113,-0.296,-0.395,0.249,-0.833,0.000,0.022,0,5945,87,-61,67,14.900,72.390,339,4058,60,287,0
225412,-0.647,-1.686,0.000,-0.039,-0.022,-0.243,-0.303,-0.397,0.248,-0.830,0.000,0.025,0,5106,85,-61,67,14.900,72.390,339,4058,60,287,0
225512,-0.593,-1.644,0.000,-0.194,-0.218,-0.191,-0.313,-0.404,0.250,-0.822,0.000,0.028,0,5598,84,-50,67,14.900,72.390,339,4058,60,287,0
225612,-0.616,-1.593,-0.170,-0.483,-0.057,-0.249,-0.325,-0.407,0.263,-0.813,0.000,0.027,0,5200,96,-47,67,14.900,72.390,339,4058,60,287,0
225712,-0.668,-1.548,-0.460,-0.616,-0.028,-0.534,-0.348,-0.401,0.285,-0.798,0.000,0.027,0,3831,96,-46,67,14.900,72.310,305,305,60,287,0
225812,-0.616,-1.521,-0.430,-0.739,0.008,-0.616,-0.380,-0.396,0.298,-0.781,0.000,0.035,0,3507,99,-42,67,14.900,72.310,305,305,60,287,0
225912,-0.540,-1.503,-0.050,-0.661,0.280,-0.598,-0.416,-0.389,0.311,-0.761,0.000,0.046,0,3341,105,-53,67,14.900,72.310,305,305,60,287,0
226012,-0.488,-1.530,-0.210,-0.810,0.086,-0.502,-0.454,-0.373,0.323,-0.742,0.000,0.060,0,3913,102,-40,67,14.910,72.310,305,305,60,287,0
226112,-0.482,-1.504,0.350,-0.866,0.000,-0.464,-0.486,-0.361,0.342,-0.719,0.000,0.067,0,4040,102,-36,67,14.910,72.310,305,305,60,287,0
226212,-0.531,-1.474,0.270,-0.696,0.240,-0.201,-0.513,-0.344,0.365,-0.696,0.000,0.070,0,5848,103,-51,67,14.910,72.310,305,305,60,287,0
226312,-0.605,-1.449,-0.090,-0.584,-0.276,-0.079,-0.529,-0.330,0.384,-0.681,0.000,0.069,0,6367,85,-34,67,14.910,72.310,305,305,60,287,0
226412,-0.848,-1.309,0.000,-0.359,0.007,-0.433,-0.543,-0.326,0.403,-0.661,0.000,-0.155,0,5687,78,-56,67,14.930,72.350,305,305,60,287,0
226512,-0.753,-1.305,-0.170,-0.284,-0.059,-0.261,-0.562,-0.326,0.406,-0.643,0.000,-0.143,0,6185,80,-49,67,14.930,72.350,305,305,60,287,0
226612,-0.711,-1.291,0.030,-0.152,-0.031,-0.047,-0.571,-0.325,0.411,-0.632,0.000,-0.135,0,6707,78,-53,67,14.930,72.350,305,305,60,287,0
226712,-0.695,-1.355,-0.230,0.072,0.527,-0.144,-0.580,-0.318,0.402,-0.633,0.000,-0.145,0,5965,90,-74,67,14.930,72.350,305,305,60,287,0
226812,-0.687,-1.407,0.040,-0.024,-0.010,0.007,-0.586,-0.312,0.394,-0.635,0.000,-0.154,0,6666,78,-55,67,14.930,72.390,305,305,60,287,0
226912,-0.696,-1.424,0.410,-0.107,0.194,-0.106,-0.590,-0.308,0.394,-0.633,0.000,-0.157,0,6021,87,-60,67,14.930,72.390,305,305,60,287,0
227012,-0.678,-1.442,0.670,-0.132,-0.109,-0.152,-0.599,-0.304,0.394,-0.628,0.000,-0.157,0,5900,77,-51,67,14.930,72.390,305,305,60,287,0
227112,-0.639,-1.384,0.930,-0.043,-0.352,0.046,-0.599,-0.310,0.403,-0.618,0.000,-0.142,0,6865,69,-47,66,14.930,72.430,305,305,60,287,0
227212,-0.694,-1.267,0.150,0.168,-0.568,0.419,-0.581,-0.321,0.420,-0.619,0.000,-0.124,0,8183,57,-48,66,14.930,72.430,305,305,60,287,0
227312,-0.720,-1.228,0.260,0.702,0.237,0.148,-0.560,-0.334,0.418,-0.633,0.000,-0.125,0,6743,67,-84,66,14.930,72.430,305,305,60,287,0
227412,-0.492,-1.285,-1.900,0.691,-0.878,0.397,-0.540,-0.353,0.399,-0.652,0.000,0.060,0,7225,40,-34,66,14.930,72.430,305,305,60,287,0
227512,-0.622,-1.110,-0.180,0.848,-0.241,0.656,-0.493,-0.385,0.408,-0.666,0.000,0.030,0,8486,57,-68,66,14.960,72.430,305,305,60,287,0
227612,-0.655,-1.268,-0.870,1.338,0.480,0.383,-0.462,-0.385,0.374,-0.706,0.000,0.035,0,6885,55,-96,66,14.960,72.430,305,305,60,287,0
227712,-0.558,-1.310,0.000,1.318,-0.367,0.494,-0.420,-0.411,0.335,-0.737,0.000,0.032,0,7602,40,-69,66,14.960,72.430,305,305,60,287,0
227812,-0.575,-1.308,-0.150,1.168,-0.131,0.679,-0.368,-0.433,0.307,-0.763,0.000,0.022,0,8273,54,-75,66,14.960,72.430,305,305,60,287,0
227912,-0.624,-1.345,-0.100,0.864,0.016,0.568,-0.322,-0.443,0.283,-0.788,0.000,0.014,0,7880,65,-72,66,14.970,72.510,305,305,60,287,0
228012,-0.642,-1.364,-0.400,0.687,-0.290,0.303,-0.285,-0.452,0.262,-0.804,0.000,0.009,0,6921,57,-60,66,14.970,72.510,305,305,60,287,0
228112,-0.629,-1.330,-0.430,0.446,-0.199,0.231,-0.257,-0.467,0.246,-0.810,0.000,0.004,0,6913,66,-59,66,14.970,72.510,305,305,60,287,0
228212,-0.624,-1.296,0.120,0.461,-0.154,0.178,-0.235,-0.479,0.234,-0.813,0.000,0.000,0,6753,64,-63,66,14.970,72.510,305,305,60,287,0
228312,-0.630,-1.288,-0.170,0.231,-0.181,0.106,-0.216,-0.485,0.224,-0.817,0.000,-0.003,0,6312,67,-55,66,14.980,72.550,305,305,60,287,0
228412,-0.596,-1.248,-0.080,0.172,-0.162,-0.068,-0.208,-0.495,0.217,-0.815,0.000,-0.003,0,5684,68,-55,66,14.980,72.550,305,305,60,287,0
228512,-0.559,-1.278,0.080,0.140,0.181,-0.003,-0.204,-0.494,0.208,-0.819,0.000,-0.001,0,6090,78,-65,66,14.980,72.550,305,305,60,287,0
228612,-0.536,-1.292,0.160,0.077,-0.091,0.017,-0.200,-0.494,0.202,-0.822,0.000,-0.001,0,6095,71,-54,66,14.980,72.550,305,305,60,287,0
228712,-0.538,-1.266,0.160,-0.109,-0.098,0.014,-0.199,-0.498,0.203,-0.819,0.000,-0.001,0,6091,76,-48,66,14.980,72.760,305,305,60,287,0
228812,-0.580,-1.234,0.240,-0.304,0.010,0.012,-0.203,-0.499,0.213,-0.815,0.000,-0.003,0,6324,83,-49,66,14.980,72.760,305,305,60,287,0
228912,-0.608,-1.237,0.120,-0.424,0.193,-0.241,-0.217,-0.493,0.225,-0.812,0.000,-0.002,0,5052,89,-52,66,14.980,72.760,305,305,60,287,0
229012,-0.550,-1.244,-0.360,-0.468,-0.051,-0.396,-0.242,-0.488,0.233,-0.805,0.000,0.003,0,4168,81,-42,66,14.980,72.760,305,305,60,287,0
229112,-0.506,-1.221,0.210,-0.510,0.121,-0.209,-0.266,-0.487,0.243,-0.796,0.000,0.007,0,5468,91,-47,65,14.980,73.560,305,305,60,287,0
229212,-0.537,-1.205,-0.160,-0.814,-0.107,-0.142,-0.287,-0.480,0.262,-0.787,0.000,0.008,0,5856,91,-29,65,14.980,73.560,305,305,60,287,0
229312,-0.638,-1.179,-0.480,-1.010,0.269,-0.236,-0.315,-0.466,0.294,-0.773,0.000,0.007,0,5443,105,-39,65,14.980,73.560,305,305,60,287,0
229412,-0.642,-1.175,-0.720,-1.018,-0.002,-0.578,-0.357,-0.449,0.320,-0.754,0.000,0.012,0,3118,93,-29,65,14.980,73.560,305,305,60,287,0
229512,-0.608,-1.125,-0.810,-1.296,0.050,-0.563,-0.404,-0.435,0.351,-0.724,0.000,0.017,0,4037,104,-23,64,14.990,74.730,305,305,60,287,0
229612,-0.648,-1.103,-0.380,-1.423,0.287,-0.372,-0.451,-0.409,0.386,-0.694,0.000,0.022,0,5522,113,-27,64,14.990,74.730,305,305,60,287,0
229712,-0.662,-1.131,0.460,-1.230,0.573,-0.539,-0.499,-0.375,0.413,-0.663,0.000,0.031,0,4161,115,-42,64,14.990,74.730,305,305,60,287,0
229812,-0.714,-1.164,-0.080,-0.813,0.301,-0.716,-0.549,-0.345,0.423,-0.633,0.000,-0.115,0,3460,87,-44,64,14.990,74.730,305,305,60,287,0
229912,-0.551,-1.179,0.260,-0.500,0.096,-0.691,-0.585,-0.338,0.428,-0.600,0.000,-0.102,0,2548,83,-47,65,14.990,74.970,305,305,60,287,0
230012,-0.470,-1.203,0.380,-0.473,0.247,-0.232,-0.609,-0.329,0.431,-0.579,0.000,-0.096,0,5680,92,-50,65,14.990,74.970,305,305,60,287,0
230112,-0.428,-1.223,0.170,-0.129,-0.206,-0.237,-0.623,-0.323,0.432,-0.566,0.000,-0.094,0,4878,67,-44,65,14.990,74.970,305,305,60,287,0
230212,-0.382,-1.198,-0.040,-0.232,0.013,-0.020,-0.628,-0.325,0.436,-0.557,0.000,-0.087,0,6108,87,-47,65,14.990,74.970,305,305,60,287,0
230312,-0.422,-1.209,-0.250,-0.286,-0.086,-0.104,-0.634,-0.315,0.441,-0.552,0.000,-0.089,0,5109,79,-42,64,15.010,75.050,305,305,60,287,0
230412,-0.457,-1.162,-0.120,-0.497,-0.098,0.008,-0.637,-0.309,0.455,-0.540,0.000,-0.082,0,6047,87,-36,64,15.010,75.050,305,305,60,287,0
230512,-0.556,-1.139,-0.180,-0.758,0.144,-0.094,-0.647,-0.287,0.473,-0.525,0.000,-0.080,0,5669,99,-37,64,15.010,75.050,305,305,60,287,0
230612,-0.576,-1.132,-0.520,-0.824,-0.011,-0.389,-0.669,-0.264,0.488,-0.495,0.000,-0.075,0,4128,92,-31,64,15.010,75.050,305,305,60,287,0
230712,-0.582,-1.118,-0.350,-0.856,0.159,-0.200,-0.689,-0.242,0.502,-0.464,0.000,-0.069,0,5913,99,-36,64,15.010,75.050,305,305,60,287,0
230812,-0.665,-1.151,0.380,-0.781,0.242,-0.102,-0.709,-0.209,0.511,-0.439,0.000,-0.072,0,6425,98,-39,64,15.010,75.050,305,305,60,287,0
230912,-0.699,-1.131,0.710,-0.660,-0.191,-0.168,-0.721,-0.189,0.522,-0.415,0.000,-0.069,0,5961,82,-28,64,15.010,75.050,305,305,60,287,0
231012,-0.726,-1.033,0.560,-0.747,-0.227,-0.133,-0.724,-0.174,0.543,-0.388,0.000,-0.058,0,6337,86,-24,64,15.010,75.050,305,305,60,287,0
231112,-0.772,-1.031,0.360,-0.433,0.316,-0.169,-0.735,-0.151,0.550,-0.367,0.000,-0.058,0,6134,91,-50,64,15.000,75.090,305,305,60,287,0
231212,-0.728,-1.054,-1.320,-0.122,-0.313,-0.136,-0.744,-0.145,0.549,-0.353,0.000,-0.056,0,6312,64,-32,64,15.000,75.090,305,305,60,287,0
231312,-0.738,-0.945,0.790,-0.173,0.021,0.076,-0.735,-0.146,0.565,-0.345,0.000,-0.048,0,7118,85,-50,64,15.000,75.090,305,305,60,287,0
231412,-0.674,-1.046,-1.160,0.372,0.249,-0.251,-0.746,-0.148,0.549,-0.346,0.000,-0.053,0,5054,70,-63,64,15.000,75.090,305,305,60,287,0
231512,-0.554,-1.032,-0.480,0.412,-0.288,0.000,-0.742,-0.170,0.545,-0.351,0.000,-0.048,0,6376,58,-45,63,15.020,75.090,305,305,60,287,0
231612,-0.527,-1.057,0.000,0.500,0.290,0.149,-0.738,-0.183,0.537,-0.365,0.000,-0.050,0,6721,76,-67,63,15.020,75.090,305,305,60,287,0
231712,-0.507,-1.136,0.070,0.387,-0.012,0.190,-0.737,-0.194,0.521,-0.385,0.000,-0.058,0,6978,67,-47,63,15.020,75.090,305,305,60,287,0
231812,-0.507,-1.106,0.250,0.569,-0.088,0.037,-0.725,-0.208,0.520,-0.401,0.000,-0.057,0,5576,62,-59,63,15.020,75.090,305,305,60,287,0
231912,-0.424,-1.192,-0.710,0.598,0.347,-0.070,-0.726,-0.223,0.499,-0.417,0.000,-0.063,0,4912,74,-72,63,15.020,75.090,305,305,60,287,0
232012,-0.356,-1.175,-0.390,0.541,-0.456,0.167,-0.716,-0.243,0.493,-0.431,0.000,-0.061,0,6256,51,-45,63,15.020,75.090,305,305,60,287,0
232112,-0.375,-1.132,-0.140,0.476,0.096,0.260,-0.699,-0.258,0.491,-0.451,0.000,-0.061,0,6320,77,-64,63,15.020,75.090,305,305,60,287,0
232212,-0.393,-1.264,-0.920,0.309,0.588,0.031,-0.703,-0.255,0.470,-0.469,0.000,-0.077,0,5222,89,-73,63,15.040,75.090,305,305,60,287,0
232312,-0.370,-1.330,-0.440,0.118,-0.048,0.071,-0.706,-0.256,0.457,-0.476,0.000,-0.084,0,5845,74,-49,63,15.040,75.090,305,305,60,287,0
232412,-0.382,-1.358,0.570,-0.089,0.317,0.111,-0.708,-0.253,0.453,-0.479,0.000,-0.088,0,6252,93,-60,63,15.040,75.090,305,305,60,287,0
232512,-0.459,-1.416,0.060,-0.226,-0.006,0.260,-0.712,-0.241,0.448,-0.484,0.000,-0.099,0,7230,84,-45,63,15.040,75.090,305,305,60,287,0
232612,-0.731,-1.375,0.450,-0.211,0.002,0.640,-0.701,-0.217,0.466,-0.494,0.000,-0.109,0,9001,82,-54,62,15.030,75.130,305,305,60,287,0
232712,-0.824,-1.421,-0.220,0.032,0.181,-0.121,-0.704,-0.203,0.463,-0.499,0.000,-0.120,0,5676,80,-64,62,15.030,75.130,305,305,60,287,0
232812,-0.652,-1.537,-0.600,0.062,0.491,-0.481,-0.725,-0.207,0.440,-0.488,0.000,-0.123,0,3968,94,-72,62,15.030,75.130,305,305,60,287,0
232912,-0.542,-1.630,-0.660,0.060,0.350,-0.121,-0.741,-0.207,0.422,-0.480,0.000,-0.127,0,6277,90,-70,62,15.040,75.130,305,305,60,287,0
233012,-0.574,-1.679,-1.130,0.092,0.077,0.022,-0.743,-0.202,0.414,-0.486,0.000,-0.137,0,6288,81,-64,62,15.040,75.130,305,305,60,287,0
233112,-0.704,-1.689,-0.950,-0.440,0.140,0.544,-0.741,-0.188,0.417,-0.491,0.000,-0.147,0,8926,101,-53,62,15.040,75.130,305,305,60,287,0
233212,-0.877,-1.690,-0.770,-0.001,0.098,0.151,-0.736,-0.172,0.422,-0.501,0.000,-0.160,0,7421,84,-71,62,15.040,75.130,305,305,60,287,0
233312,-0.958,-1.719,-0.210,-0.058,0.236,0.373,-0.733,-0.165,0.417,-0.511,0.000,-0.173,0,8668,94,-67,62,15.040,75.170,305,305,60,287,0
233412,-1.107,-1.745,-0.550,-0.274,-0.219,0.193,-0.729,-0.151,0.414,-0.524,0.000,-0.190,0,8093,85,-45,62,15.040,75.170,305,305,60,287,0
233512,-1.160,-1.703,-0.290,-0.057,0.037,0.142,-0.723,-0.149,0.423,-0.525,0.000,-0.186,0,8275,88,-65,62,15.040,75.170,305,305,60,287,0
233612,-1.267,-1.676,-0.870,-0.250,-0.424,0.239,-0.717,-0.141,0.430,-0.531,0.000,-0.190,0,8790,85,-28,62,15.040,75.170,305,305,60,287,0
233712,-1.400,-1.525,0.230,-0.360,-0.224,0.026,-0.704,-0.132,0.463,-0.522,0.000,-0.170,0,8278,85,-52,62,15.040,75.170,305,305,60,287,0
233812,-1.450,-1.530,0.000,0.082,0.359,0.026,-0.708,-0.122,0.465,-0.518,0.000,-0.173,0,8617,87,-78,62,15.040,75.170,305,305,60,287,0
233912,-1.431,-1.609,-0.200,0.123,0.238,-0.102,-0.715,-0.120,0.449,-0.522,0.000,-0.185,0,8077,84,-69,62,15.040,75.170,305,305,60,287,0
234012,-1.418,-1.620,-0.080,-0.087,-0.064,-0.098,-0.718,-0.119,0.447,-0.520,0.000,-0.186,0,8213,82,-58,62,15.040,75.170,305,305,60,287,0
234112,-1.395,-1.622,-0.260,0.000,0.113,-0.059,-0.721,-0.120,0.447,-0.516,0.000,-0.184,0,8305,86,-66,62,15.040,75.170,305,305,60,287,0
234212,-1.400,-1.639,-0.270,0.011,0.000,0.013,-0.722,-0.118,0.444,-0.517,0.000,-0.187,0,8520,82,-62,62,15.040,75.170,305,305,60,287,0
234312,-1.411,-1.650,-0.160,-0.064,-0.073,0.000,-0.723,-0.116,0.442,-0.518,0.000,-0.190,0,8425,83,-58,62,15.040,75.170,305,305,60,287,0
234412,-1.416,-1.636,-0.020,-0.021,-0.022,-0.016,-0.722,-0.116,0.445,-0.516,0.000,-0.187,0,8406,83,-63,62,15.050,75.210,305,305,60,287,0
234512,-1.414,-1.639,-0.040,0.018,0.032,0.024,-0.723,-0.116,0.445,-0.516,0.000,-0.188,0,8566,83,-65,62,15.050,75.210,305,305,60,287,0
234612,-1.418,-1.637,0.010,-0.043,-0.070,0.016,-0.722,-0.115,0.445,-0.516,0.000,-0.187,0,8513,82,-59,62,15.050,75.210,305,305,60,287,0
234712,-1.434,-1.622,0.000,-0.020,-0.067,0.036,-0.720,-0.115,0.448,-0.517,0.000,-0.186,0,8605,81,-61,62,15.050,75.210,305,305,60,287,0
234812,-1.415,-1.605,0.090,-0.010,-0.093,0.009,-0.719,-0.118,0.451,-0.516,0.000,-0.182,0,8517,81,-60,62,15.050,75.170,305,305,60,287,0
234912,-1.421,-1.589,-0.120,0.012,-0.062,0.068,-0.716,-0.119,0.454,-0.517,0.000,-0.180,0,8729,80,-61,62,15.050,75.170,305,305,60,287,0
235012,-1.423,-1.588,-0.190,0.039,0.026,-0.011,-0.715,-0.120,0.454,-0.518,0.000,-0.180,0,8388,82,-64,62,15.050,75.170,305,305,60,287,0
235112,-1.421,-1.592,-0.070,0.021,0.016,0.014,-0.715,-0.120,0.453,-0.518,0.000,-0.181,0,8535,81,-63,62,15.050,75.170,305,305,60,287,0
235212,-1.421,-1.598,0.010,0.031,-0.018,0.011,-0.715,-0.121,0.452,-0.520,0.000,-0.182,0,8500,80,-63,62,15.050,75.170,305,305,60,287,0
235312,-1.425,-1.592,0.000,-0.003,-0.068,0.037,-0.714,-0.121,0.453,-0.521,0.000,-0.182,0,8604,80,-61,62,15.050,75.170,305,305,60,287,0
235412,-1.431,-1.585,-0.100,0.009,-0.010,0.032,-0.712,-0.122,0.454,-0.522,0.000,-0.181,0,8599,81,-63,62,15.050,75.170,305,305,60,287,0
235512,-1.438,-1.587,-0.160,0.038,0.039,-0.003,-0.711,-0.121,0.453,-0.523,0.000,-0.182,0,8466,81,-65,62,15.050,75.170,305,305,60,287,0
235612,-1.444,-1.599,-0.080,0.017,0.019,0.037,-0.712,-0.120,0.451,-0.524,0.000,-0.185,0,8663,81,-64,61,15.060,75.170,305,305,60,287,0
235712,-1.458,-1.600,0.060,-0.008,-0.018,0.030,-0.711,-0.119,0.451,-0.526,0.000,-0.187,0,8628,81,-63,61,15.060,75.170,305,305,60,287,0
235812,-1.462,-1.596,0.070,0.004,-0.051,0.007,-0.710,-0.120,0.451,-0.527,0.000,-0.187,0,8552,79,-62,61,15.060,75.170,305,305,60,287,0
235912,-1.455,-1.596,0.070,0.037,0.008,0.003,-0.710,-0.121,0.451,-0.527,0.000,-0.186,0,8561,80,-65,61,15.060,75.170,305,305,60,287,0
236012,-1.447,-1.594,-0.070,0.019,0.010,0.001,-0.709,-0.122,0.451,-0.528,0.000,-0.186,0,8545,81,-64,61,15.060,75.130,305,305,60,287,0
236112,-1.448,-1.604,-0.120,0.048,0.009,-0.003,-0.710,-0.122,0.449,-0.528,0.000,-0.187,0,8523,79,-65,61,15.060,75.130,305,305,60,287,0
236212,-1.448,-1.602,0.050,-0.013,-0.028,0.014,-0.709,-0.122,0.450,-0.529,0.000,-0.187,0,8584,80,-62,61,15.060,75.130,305,305,60,287,0
236312,-1.446,-1.602,0.110,0.027,-0.004,-0.027,-0.709,-0.123,0.449,-0.529,0.000,-0.187,0,8400,79,-65,61,15.060,75.130,305,305,60,287,0
236412,-1.446,-1.602,0.070,0.000,-0.027,0.004,-0.709,-0.123,0.449,-0.529,0.000,-0.187,0,8546,79,-63,61,15.070,75.130,305,305,60,287,0
236512,-1.438,-1.593,-0.120,0.009,-0.063,-0.031,-0.708,-0.124,0.451,-0.528,0.000,-0.185,0,8389,78,-63,61,15.070,75.130,305,305,60,287,0
236612,-1.418,-1.585,0.000,0.019,-0.006,-0.033,-0.708,-0.127,0.452,-0.527,0.000,-0.182,0,8355,80,-65,61,15.070,75.130,305,305,60,287,0
236712,-1.403,-1.588,0.060,-0.001,-0.022,-0.030,-0.709,-0.128,0.451,-0.526,0.000,-0.182,0,8351,79,-63,61,15.070,75.130,305,305,60,287,0
236813,-1.399,-1.580,0.050,-0.012,-0.033,-0.010,-0.709,-0.129,0.453,-0.525,0.000,-0.180,0,8408,79,-63,61,15.080,75.130,305,305,60,287,0
236912,-1.404,-1.571,0.030,-0.017,-0.040,0.028,-0.708,-0.128,0.455,-0.525,0.000,-0.179,0,8552,79,-62,61,15.080,75.130,305,305,60,287,0
237012,-1.410,-1.565,0.000,-0.004,-0.038,0.017,-0.707,-0.129,0.456,-0.526,0.000,-0.178,0,8481,78,-62,61,15.080,75.130,305,305,60,287,0
237112,-1.401,-1.561,-0.010,0.026,-0.026,-0.014,-0.706,-0.130,0.456,-0.526,0.000,-0.177,0,8357,78,-64,61,15.080,75.130,305,305,60,287,0
237212,-1.390,-1.564,0.150,0.002,0.024,0.029,-0.706,-0.132,0.455,-0.526,0.000,-0.177,0,8540,80,-64,61,15.060,75.170,305,305,60,287,0
237312,-1.401,-1.566,0.020,0.016,0.000,0.033,-0.705,-0.131,0.455,-0.528,0.000,-0.178,0,8515,78,-64,61,15.060,75.170,305,305,60,287,0
237412,-1.398,-1.562,-0.050,0.014,-0.023,0.002,-0.704,-0.133,0.455,-0.529,0.000,-0.178,0,8397,78,-64,61,15.060,75.170,305,305,60,287,0
237512,-1.393,-1.562,0.000,0.017,0.003,0.017,-0.704,-0.134,0.455,-0.529,0.000,-0.178,0,8468,79,-64,61,15.060,75.170,305,305,60,287,0
237612,-1.392,-1.560,0.040,0.000,-0.040,0.001,-0.703,-0.134,0.455,-0.530,0.000,-0.178,0,8392,78,-63,61,15.080,75.170,305,305,60,287,0
237712,-1.389,-1.553,-0.010,0.007,-0.008,-0.009,-0.702,-0.135,0.456,-0.529,0.000,-0.176,0,8361,78,-64,61,15.080,75.170,305,305,60,287,0
237812,-1.396,-1.559,0.090,-0.018,0.057,0.033,-0.703,-0.134,0.455,-0.530,0.000,-0.178,0,8562,81,-65,61,15.080,75.170,305,305,60,287,0
237912,-1.413,-1.559,0.050,-0.026,-0.003,0.024,-0.702,-0.132,0.456,-0.531,0.000,-0.179,0,8526,78,-63,61,15.080,75.170,305,305,60,287,0
238012,-1.422,-1.555,0.110,-0.013,0.003,0.004,-0.702,-0.131,0.457,-0.531,0.000,-0.179,0,8469,78,-64,60,15.070,75.170,305,305,60,287,0
238112,-1.424,-1.557,0.110,-0.004,0.024,0.007,-0.702,-0.131,0.456,-0.531,0.000,-0.179,0,8440,78,-65,60,15.070,75.170,305,305,60,287,0
238212,-1.419,-1.559,-0.010,0.000,-0.028,-0.014,-0.702,-0.131,0.456,-0.531,0.000,-0.179,0,8424,77,-63,60,15.070,75.170,305,305,60,287,0
238312,-1.413,-1.563,0.000,0.020,0.017,-0.018,-0.703,-0.132,0.455,-0.530,0.000,-0.179,0,8397,78,-66,60,15.070,75.170,305,305,60,287,0
