Timestamp,r_ref,q_ref,curr_ax,curr_roll_rate,curr_pitch_rate,curr_yaw_rate,curr_qw,curr_qx,curr_qy,curr_qz,thrust_ref,p_ref,omega_L_ref,omega_R_ref,servo_L_ref,servo_R_ref,Temperature,Voltage,Current,RPM2,RPM4,Throttle2,Throttle4,ErrorCodes
94907,-0.595,-0.802,0.073,0.068,0.240,0.059,-0.712,-0.182,0.579,-0.353,0.000,0.015,0,5992,33,-34,0,0.000,0.000,0,0,0,0,0
95007,-0.626,-0.849,0.174,-0.044,-0.054,0.043,-0.715,-0.178,0.574,-0.359,0.000,0.017,0,6270,26,-18,0,0.000,0.000,0,0,0,0,0
95107,-0.562,-0.841,0.276,-0.009,0.091,-0.222,-0.717,-0.183,0.573,-0.353,0.000,0.016,0,4733,30,-26,0,0.000,0.000,305,305,0,0,0
95207,-0.518,-0.851,0.363,-0.197,-0.014,-0.091,-0.722,-0.182,0.572,-0.344,0.000,0.015,0,5776,33,-18,0,0.000,0.000,305,305,0,0,0
95307,-0.483,-0.878,0.562,-0.137,0.268,-0.126,-0.729,-0.179,0.569,-0.336,0.000,0.015,0,5415,41,-31,0,0.000,0.000,305,305,0,0,0
95407,-0.467,-0.927,0.734,0.008,0.057,-0.049,-0.734,-0.177,0.562,-0.336,0.000,0.015,0,5683,30,-29,0,0.000,0.000,305,305,0,0,0
95507,-0.425,-0.861,0.804,0.078,-0.210,0.090,-0.729,-0.186,0.569,-0.333,0.000,0.013,0,6186,21,-22,0,0.000,0.000,305,305,0,0,0
95607,-0.491,-0.834,0.690,-0.028,-0.126,0.196,-0.723,-0.182,0.574,-0.338,0.000,0.014,0,6745,28,-22,0,0.000,0.000,305,305,0,0,0
95708,-0.534,-0.770,0.478,0.214,-0.124,0.131,-0.713,-0.187,0.582,-0.344,0.000,0.014,0,6399,21,-30,0,0.000,0.000,305,305,0,0,0
95808,-0.523,-0.737,0.250,0.117,-0.052,0.129,-0.708,-0.194,0.584,-0.348,0.000,0.013,0,6472,27,-26,0,0.000,0.000,305,305,0,0,0
95908,-0.542,-0.694,0.073,-0.007,-0.020,0.127,-0.701,-0.198,0.588,-0.351,0.000,0.012,0,6461,31,-24,0,0.000,0.000,305,305,0,0,0
96008,-0.552,-0.681,0.033,0.064,0.170,0.011,-0.698,-0.199,0.590,-0.353,0.000,0.012,0,5912,32,-32,0,0.000,0.000,305,305,0,0,0
96108,-0.537,-0.724,0.152,0.062,0.168,-0.047,-0.701,-0.201,0.583,-0.357,0.000,0.012,0,5669,33,-32,0,0.000,0.000,305,305,0,0,0
96208,-0.509,-0.749,0.291,0.063,0.051,-0.053,-0.702,-0.206,0.578,-0.361,0.000,0.012,0,5685,32,-30,0,0.000,0.000,305,305,0,0,0
96308,-0.452,-0.727,0.358,0.011,0.001,-0.029,-0.701,-0.215,0.578,-0.359,0.000,0.011,0,5601,32,-27,0,0.000,0.000,305,305,0,0,0
96408,-0.415,-0.690,0.320,0.049,-0.052,0.007,-0.698,-0.221,0.581,-0.356,0.000,0.010,0,5617,28,-27,0,0.000,0.000,305,305,0,0,0
96508,-0.362,-0.598,0.248,0.049,0.007,-0.013,-0.691,-0.232,0.589,-0.349,0.000,0.007,0,5187,29,-28,0,0.000,0.000,305,305,0,0,0
96608,-0.283,-0.520,0.181,0.054,0.038,0.064,-0.685,-0.246,0.594,-0.343,0.000,0.005,0,5404,28,-27,33,15.190,310.050,305,305,0,0,0
96708,-0.272,-0.492,0.133,0.061,0.001,0.020,-0.681,-0.250,0.597,-0.343,0.000,0.005,0,5026,27,-27,33,15.190,310.050,305,305,0,0,0
96808,-0.243,-0.485,0.088,0.084,-0.099,-0.044,-0.680,-0.256,0.595,-0.344,0.000,0.004,0,4704,25,-24,33,15.200,310.050,305,305,0,0,0
96909,-0.212,-0.440,0.026,-0.004,-0.011,0.028,-0.676,-0.263,0.598,-0.341,0.000,0.003,0,5118,30,-24,33,15.200,310.050,305,305,0,0,0
97009,-0.258,-0.404,0.133,0.007,-0.251,0.043,-0.672,-0.259,0.605,-0.341,0.000,0.003,0,5094,19,-19,33,15.200,310.050,305,305,0,0,0
97109,-0.253,-0.407,0.206,0.108,0.284,0.068,-0.671,-0.262,0.603,-0.343,0.000,0.003,0,5510,35,-38,33,15.190,310.050,305,305,0,0,0
97209,-0.276,-0.515,0.240,0.090,0.376,0.058,-0.679,-0.257,0.590,-0.353,0.000,0.005,0,5344,39,-39,33,15.190,310.050,305,305,0,0,0
97309,-0.275,-0.583,0.536,0.226,0.123,0.156,-0.683,-0.256,0.581,-0.360,0.000,0.006,0,6166,28,-38,33,15.190,310.050,305,305,0,0,0
97409,-0.401,-0.606,0.997,0.013,0.018,0.449,-0.677,-0.249,0.581,-0.377,0.000,0.008,0,7508,35,-28,33,15.190,310.050,305,305,0,0,0
97509,-0.515,-0.575,1.234,-0.078,-0.249,0.117,-0.669,-0.241,0.589,-0.384,0.000,0.008,0,6056,28,-20,33,15.190,310.050,305,305,0,0,0
97609,-0.543,-0.474,1.339,-0.014,-0.334,0.022,-0.660,-0.243,0.602,-0.379,0.000,0.006,0,5994,22,-21,33,15.190,310.050,305,305,0,0,0
97709,-0.497,-0.398,1.372,0.124,-0.220,-0.374,-0.654,-0.251,0.609,-0.371,0.000,0.004,0,2790,20,-28,33,15.190,310.050,305,305,0,0,0
97809,-0.359,-0.293,1.199,0.212,-0.361,-0.140,-0.647,-0.272,0.614,-0.360,0.000,0.002,0,5255,14,-23,33,15.190,310.050,305,305,0,0,0
97909,-0.311,-0.285,0.886,0.279,0.119,-0.218,-0.645,-0.282,0.611,-0.362,0.000,0.002,0,3718,26,-38,33,15.190,310.050,305,305,0,0,0
98010,-0.191,-0.253,0.422,0.089,-0.413,-0.108,-0.645,-0.297,0.608,-0.355,0.000,0.001,0,4797,13,-13,33,15.200,310.050,305,305,0,0,0
98110,-0.192,-0.164,-0.092,-0.241,-0.361,0.250,-0.638,-0.299,0.619,-0.347,0.000,0.001,0,6616,23,-5,33,15.200,310.050,305,305,0,0,0
98210,-0.285,-0.026,-0.486,-0.381,-0.347,0.033,-0.624,-0.290,0.641,-0.338,0.000,-0.001,0,4793,26,-4,33,15.200,310.050,305,305,0,0,0
98310,-0.267,-0.028,-0.685,-0.230,0.148,-0.094,-0.630,-0.282,0.645,-0.328,0.000,-0.001,0,4313,32,-22,33,15.200,310.050,305,305,0,0,0
98410,-0.189,-0.102,-0.872,-0.229,0.141,-0.287,-0.645,-0.276,0.638,-0.317,0.000,0.000,0,2293,30,-19,33,15.200,310.050,305,305,0,0,0
98510,-0.155,-0.127,-0.884,-0.257,0.090,0.101,-0.652,-0.272,0.636,-0.309,0.000,0.000,0,5651,34,-17,33,15.190,310.050,305,305,0,0,0
98610,-0.226,-0.216,-0.846,-0.429,0.260,0.261,-0.665,-0.250,0.634,-0.307,0.000,0.001,0,6441,43,-15,33,15.190,310.050,305,305,0,0,0
98710,-0.341,-0.217,-0.565,-0.202,0.084,0.214,-0.665,-0.231,0.641,-0.306,0.000,0.002,0,6190,32,-24,33,15.190,310.050,305,305,0,0,0
98810,-0.370,-0.190,-0.230,-0.027,-0.151,0.081,-0.662,-0.227,0.646,-0.305,0.000,0.001,0,5659,22,-20,33,15.190,310.050,305,305,0,0,0
98910,-0.407,-0.195,-0.062,0.113,0.102,0.006,-0.660,-0.227,0.645,-0.311,0.000,0.001,0,5303,28,-31,33,15.190,310.050,305,305,0,0,0
99010,-0.388,-0.197,0.099,0.216,0.029,-0.063,-0.659,-0.233,0.643,-0.315,0.000,0.001,0,4891,24,-31,33,15.200,310.050,305,305,0,0,0
99110,-0.313,-0.225,0.173,0.102,0.122,-0.228,-0.662,-0.243,0.635,-0.315,0.000,0.002,0,3746,31,-29,33,15.200,310.050,305,305,0,0,0
99211,-0.244,-0.275,0.195,-0.078,0.168,-0.106,-0.670,-0.246,0.628,-0.311,0.000,0.002,0,4603,37,-26,33,15.200,310.050,305,305,0,0,0
99311,-0.181,-0.271,0.196,-0.018,0.052,-0.133,-0.673,-0.249,0.627,-0.303,0.000,0.002,0,3946,31,-27,33,15.200,310.050,305,305,0,0,0
99411,-0.098,-0.302,0.022,0.183,0.150,-0.203,-0.679,-0.256,0.620,-0.300,0.000,0.001,0,2532,31,-39,33,15.200,310.050,305,305,0,0,0
99511,-0.030,-0.340,-0.127,0.060,-0.001,-0.146,-0.683,-0.264,0.611,-0.301,0.000,0.000,0,2892,31,-26,33,15.200,310.050,305,305,0,0,0
99610,0.074,-0.315,-0.164,0.157,-0.137,-0.440,-0.683,-0.276,0.610,-0.293,0.000,-0.001,4210,0,23,-28,33,15.200,310.050,305,305,0,0,0
99709,0.241,-0.341,-0.103,0.702,0.221,-0.371,-0.684,-0.303,0.593,-0.298,0.000,-0.004,4203,0,20,-55,33,15.200,310.050,305,305,0,0,0
99809,0.512,-0.231,0.072,0.368,-0.814,-0.798,-0.675,-0.345,0.586,-0.288,0.000,-0.009,7598,0,-1,-7,33,15.200,310.050,305,305,0,0,0
99909,0.660,-0.131,0.012,0.498,0.312,0.007,-0.663,-0.376,0.581,-0.286,0.000,-0.011,2931,0,32,-50,33,15.200,310.050,305,305,0,0,0
100009,0.504,-0.193,-0.084,0.243,0.233,0.729,-0.658,-0.371,0.575,-0.315,0.000,-0.008,0,5764,32,-36,33,15.200,310.050,305,305,0,0,0
100108,0.285,-0.168,-0.030,0.450,-0.260,0.373,-0.641,-0.365,0.582,-0.341,0.000,-0.003,0,2495,7,-30,33,15.200,310.050,305,305,0,0,0
100208,0.230,-0.108,0.015,0.588,-0.146,0.120,-0.622,-0.383,0.579,-0.362,0.000,-0.002,1516,0,11,-35,33,15.200,310.050,305,305,0,0,0
100308,0.155,-0.003,0.020,0.550,-0.628,0.332,-0.599,-0.400,0.583,-0.377,0.000,-0.000,0,4312,-6,-17,33,15.190,310.050,305,305,0,0,0
100407,0.034,0.073,-0.047,0.728,0.274,0.168,-0.573,-0.414,0.584,-0.399,0.000,0.000,0,2925,19,-52,33,15.190,310.050,305,305,0,0,0
100507,0.038,0.050,-0.041,0.676,-0.048,-0.141,-0.561,-0.433,0.566,-0.421,0.000,0.000,2889,0,8,-34,33,15.190,310.050,305,305,0,0,0
100607,0.086,0.033,-0.082,0.488,0.112,-0.086,-0.553,-0.451,0.550,-0.434,0.000,-0.000,1607,0,18,-35,33,15.190,310.050,305,305,0,0,0
100707,0.114,-0.011,-0.110,0.297,0.243,0.021,-0.551,-0.459,0.536,-0.445,0.000,-0.000,0,1863,26,-36,33,15.190,310.050,305,305,0,0,0
100807,0.053,-0.009,0.008,0.257,-0.141,0.210,-0.541,-0.463,0.533,-0.457,0.000,-0.000,0,3850,13,-24,33,15.190,310.050,305,305,0,0,0
100907,0.023,-0.002,0.076,0.238,0.084,-0.003,-0.533,-0.467,0.530,-0.465,0.000,-0.000,0,682,22,-33,33,15.190,310.050,305,305,0,0,0
101007,-0.021,-0.056,0.017,0.434,-0.106,0.237,-0.526,-0.470,0.519,-0.482,0.000,0.000,0,4566,8,-30,33,15.190,310.050,305,305,0,0,0
101107,-0.063,-0.019,0.148,0.058,0.061,-0.054,-0.515,-0.476,0.519,-0.488,0.000,0.000,588,0,29,-27,33,15.190,310.050,305,305,0,0,0
101207,-0.026,-0.053,0.067,0.036,0.204,-0.117,-0.519,-0.477,0.513,-0.489,0.000,0.000,1304,0,30,-33,33,15.190,310.050,305,305,0,0,0
101307,0.010,-0.106,-0.028,-0.189,0.051,-0.116,-0.527,-0.474,0.508,-0.490,0.000,-0.000,1584,0,32,-21,33,15.190,310.050,305,305,0,0,0
101407,0.038,-0.103,0.067,-0.347,-0.217,-0.027,-0.535,-0.469,0.512,-0.481,0.000,-0.000,0,1804,26,-10,34,15.190,310.050,305,305,0,0,0
101507,0.019,-0.099,0.053,-0.503,0.061,0.027,-0.543,-0.458,0.523,-0.471,0.000,-0.000,0,2279,39,-17,34,15.190,310.050,305,305,0,0,0
101607,0.024,-0.093,-0.017,-0.388,0.171,-0.002,-0.555,-0.445,0.535,-0.456,0.000,-0.000,0,1951,38,-28,34,15.190,310.050,305,305,0,0,0
101707,0.000,-0.085,0.052,-0.364,-0.331,-0.003,-0.559,-0.437,0.543,-0.449,0.000,-0.000,0,1596,22,-7,34,15.190,310.050,305,305,0,0,0
101807,-0.024,-0.046,0.062,-0.496,0.026,0.131,-0.564,-0.426,0.558,-0.436,0.000,-0.000,0,3754,38,-17,33,15.200,310.050,305,305,0,0,0
101907,-0.059,-0.019,-0.007,-0.418,-0.243,0.062,-0.570,-0.412,0.572,-0.423,0.000,-0.000,0,3141,24,-10,33,15.200,310.050,305,305,0,0,0
102007,-0.084,0.034,0.022,-0.052,0.124,0.053,-0.567,-0.408,0.582,-0.416,0.000,-0.000,0,3300,28,-33,33,15.200,310.050,305,305,0,0,0
102107,-0.114,0.022,0.049,0.016,-0.158,0.170,-0.567,-0.405,0.583,-0.418,0.000,-0.000,0,4604,17,-20,33,15.200,310.050,305,305,0,0,0
102207,-0.156,0.044,0.132,0.108,0.088,0.018,-0.562,-0.404,0.586,-0.421,0.000,-0.001,0,3429,23,-31,33,15.200,310.050,305,305,0,0,0
102307,-0.140,0.015,0.084,0.190,0.113,-0.117,-0.562,-0.408,0.580,-0.426,0.000,-0.001,0,2123,22,-32,33,15.200,310.050,305,305,0,0,0
102407,-0.099,-0.006,0.064,0.253,-0.018,-0.119,-0.562,-0.416,0.571,-0.431,0.000,-0.000,0,2128,17,-28,33,15.200,310.050,305,305,0,0,0
102507,-0.032,-0.017,0.090,0.026,0.123,-0.197,-0.563,-0.424,0.563,-0.431,0.000,0.000,1599,0,30,-27,33,15.200,310.050,305,305,0,0,0
102607,0.035,-0.027,0.079,-0.188,-0.006,-0.119,-0.569,-0.426,0.560,-0.425,0.000,-0.000,0,587,30,-18,33,15.200,310.050,305,305,0,0,0
102708,0.050,-0.017,-0.002,-0.276,-0.079,-0.011,-0.573,-0.422,0.565,-0.417,0.000,-0.000,0,2065,29,-15,33,15.200,310.050,305,305,0,0,0
102858,0.115,0.097,-0.020,-0.151,-0.204,-0.107,-0.574,-0.422,0.581,-0.393,0.000,0.000,2074,0,19,-18,34,15.200,310.050,305,305,0,0,0
103089,0.055,0.190,0.065,0.184,0.004,-0.047,-0.547,-0.444,0.581,-0.407,0.000,0.000,0,5071,11,-23,33,15.200,310.050,305,305,0,0,0
103439,-0.084,0.015,0.051,-0.017,0.468,0.002,-0.562,-0.417,0.573,-0.427,0.000,-0.000,0,3308,30,-35,33,15.190,310.050,305,305,0,0,0
103658,-0.343,-0.005,-0.012,-0.018,0.048,0.182,-0.545,-0.402,0.581,-0.451,0.000,-0.003,0,5413,27,-24,33,15.180,310.050,305,305,0,0,0
103879,-0.389,-0.043,-0.056,-0.056,0.023,0.024,-0.550,-0.391,0.583,-0.453,0.000,-0.003,0,5517,25,-24,33,15.180,310.050,305,305,0,0,0
104109,-0.416,-0.072,0.018,-0.060,0.031,0.049,-0.556,-0.376,0.590,-0.449,0.000,-0.003,0,5900,27,-25,33,15.190,310.050,305,305,0,0,0
104241,-0.445,-0.060,0.015,-0.041,0.058,0.047,-0.556,-0.376,0.590,-0.448,0.000,-0.003,0,5899,27,-27,33,15.190,310.050,305,305,0,0,0
104247,-0.447,-0.061,0.013,-0.041,0.058,0.047,-0.556,-0.376,0.591,-0.448,0.000,-0.003,0,5910,27,-27,33,15.190,310.050,305,305,0,0,0
104251,-0.447,-0.061,0.013,-0.041,0.058,0.047,-0.556,-0.376,0.591,-0.448,0.000,-0.003,0,5910,27,-27,33,15.190,310.050,305,305,0,0,0
104257,-0.449,-0.062,0.012,-0.023,0.054,0.050,-0.556,-0.376,0.590,-0.449,0.000,-0.003,0,5944,26,-27,33,15.190,310.050,305,305,0,0,0
104262,-0.449,-0.062,0.012,-0.023,0.054,0.050,-0.556,-0.376,0.590,-0.449,0.000,-0.003,0,5944,26,-27,33,15.190,310.050,305,305,0,0,0
104270,-0.451,-0.064,0.013,-0.029,0.018,0.042,-0.556,-0.375,0.590,-0.449,0.000,-0.003,0,5899,25,-26,33,15.190,310.050,305,305,0,0,0
104274,-0.451,-0.064,0.013,-0.029,0.018,0.038,-0.556,-0.375,0.590,-0.449,0.000,-0.003,0,5880,25,-24,33,15.190,310.050,305,305,0,0,0
104290,-0.453,-0.064,0.011,-0.044,-0.008,0.030,-0.556,-0.375,0.591,-0.449,0.000,-0.003,0,5833,25,-24,33,15.190,310.050,305,305,0,0,0
104294,-0.453,-0.064,0.011,-0.044,-0.008,0.030,-0.556,-0.375,0.591,-0.449,0.000,-0.003,0,5848,25,-24,33,15.190,310.050,305,305,0,0,0
104307,-0.456,-0.062,0.006,-0.039,-0.014,0.026,-0.556,-0.375,0.591,-0.449,0.000,-0.003,0,5824,25,-24,33,15.190,310.050,305,305,0,0,0
104410,-0.458,-0.051,0.001,-0.013,-0.011,-0.026,-0.555,-0.375,0.592,-0.448,0.000,-0.004,0,5569,25,-25,33,15.190,310.050,305,305,0,0,0
104507,-0.440,-0.047,0.019,-0.038,0.046,-0.057,-0.556,-0.375,0.593,-0.445,0.000,-0.003,0,5410,27,-26,33,15.190,310.050,305,305,0,0,0
104607,-0.414,-0.051,0.032,-0.009,0.044,-0.064,-0.559,-0.376,0.591,-0.443,0.000,-0.003,0,5320,26,-26,33,15.190,310.050,305,305,0,0,0
104707,-0.400,-0.051,0.040,-0.026,-0.061,-0.021,-0.560,-0.377,0.591,-0.442,0.000,-0.003,0,5521,24,-23,33,15.190,310.050,305,305,0,0,0
104807,-0.397,-0.050,0.039,-0.087,0.009,-0.022,-0.561,-0.376,0.592,-0.440,0.000,-0.003,0,5437,28,-23,33,15.190,310.050,305,305,0,0,0
104907,-0.385,-0.045,0.034,-0.081,0.023,-0.017,-0.563,-0.375,0.593,-0.437,0.000,-0.003,0,5484,28,-24,33,15.190,310.050,305,305,0,0,0
105007,-0.378,-0.036,0.038,-0.061,0.020,-0.008,-0.563,-0.375,0.595,-0.435,0.000,-0.003,0,5500,27,-25,33,15.190,310.050,305,305,0,0,0
105107,-0.375,-0.032,0.027,-0.104,-0.010,-0.029,-0.565,-0.373,0.596,-0.432,0.000,-0.003,0,5307,27,-22,33,15.200,310.050,305,305,0,0,0
105207,-0.362,-0.039,0.048,-0.106,0.047,-0.018,-0.569,-0.370,0.597,-0.428,0.000,-0.002,0,5395,29,-24,33,15.200,310.050,305,305,0,0,0
105307,-0.348,-0.054,0.045,-0.222,0.072,-0.009,-0.575,-0.364,0.599,-0.422,0.000,-0.002,0,5446,32,-22,33,15.200,310.050,305,305,0,0,0
105407,-0.352,-0.049,0.046,-0.354,-0.006,0.028,-0.580,-0.356,0.604,-0.414,0.000,-0.002,0,5605,34,-16,33,15.200,310.050,305,305,0,0,0
105507,-0.363,-0.034,0.064,-0.368,0.114,-0.009,-0.586,-0.345,0.613,-0.404,0.000,-0.002,0,5349,37,-21,33,15.200,310.050,305,305,0,0,0
105607,-0.367,-0.051,0.023,-0.411,0.057,0.049,-0.595,-0.331,0.618,-0.393,0.000,-0.002,0,5805,36,-17,33,15.200,310.050,305,305,0,0,0
105707,-0.400,-0.039,-0.015,-0.468,-0.024,0.063,-0.600,-0.316,0.627,-0.382,0.000,-0.002,0,5817,35,-14,33,15.200,310.050,305,305,0,0,0
105807,-0.403,-0.024,0.003,-0.523,0.020,-0.004,-0.608,-0.301,0.637,-0.367,0.000,-0.002,0,5507,38,-14,33,15.200,310.050,305,305,0,0,0
105907,-0.377,-0.019,0.041,-0.462,0.037,-0.010,-0.617,-0.288,0.643,-0.349,0.000,-0.002,0,5356,36,-16,33,15.200,310.050,305,305,0,0,0
106007,-0.329,-0.026,0.010,-0.528,-0.008,-0.161,-0.628,-0.276,0.648,-0.331,0.000,-0.001,0,4231,37,-11,33,15.200,310.050,305,305,0,0,0
106107,-0.288,0.038,0.057,-0.220,-0.061,0.048,-0.630,-0.269,0.659,-0.312,0.000,-0.002,0,5802,26,-22,33,15.200,310.050,305,305,0,0,0
106207,-0.278,0.031,0.099,-0.080,0.017,-0.151,-0.633,-0.266,0.659,-0.308,0.000,-0.001,0,3869,27,-23,33,15.200,310.050,305,305,0,0,0
106307,-0.214,0.023,0.213,-0.138,0.179,-0.002,-0.638,-0.266,0.658,-0.299,0.000,-0.001,0,5269,35,-26,33,15.200,310.050,305,305,0,0,0
106407,-0.186,0.021,0.229,-0.141,0.033,-0.124,-0.642,-0.263,0.659,-0.291,0.000,-0.001,0,3900,30,-21,33,15.200,310.050,305,305,0,0,0
106507,-0.162,-0.024,0.119,-0.057,0.112,-0.134,-0.648,-0.261,0.654,-0.289,0.000,-0.000,0,3508,31,-25,33,15.200,310.050,305,305,0,0,0
106607,-0.067,-0.068,0.061,-0.120,0.267,-0.189,-0.658,-0.262,0.648,-0.279,0.000,0.000,0,2980,39,-29,33,15.200,310.050,305,305,0,0,0
106707,-0.020,-0.079,0.045,-0.221,-0.154,-0.071,-0.663,-0.261,0.647,-0.271,0.000,0.000,0,3714,29,-12,33,15.200,310.050,305,305,0,0,0
106807,-0.018,-0.072,-0.012,-0.386,-0.048,-0.010,-0.667,-0.251,0.652,-0.260,0.000,0.000,0,3922,36,-13,33,15.190,310.050,305,305,0,0,0
106907,-0.029,-0.054,-0.051,-0.477,-0.056,0.018,-0.670,-0.237,0.659,-0.246,0.000,0.000,0,4125,38,-11,33,15.190,310.050,305,305,0,0,0
107007,-0.045,-0.026,0.006,-0.531,-0.039,0.041,-0.672,-0.220,0.669,-0.230,0.000,0.000,0,4379,40,-11,33,15.190,310.050,305,305,0,0,0
107107,-0.078,-0.027,0.054,-0.531,0.049,0.049,-0.677,-0.200,0.675,-0.215,0.000,0.000,0,4567,41,-14,33,15.190,310.050,305,305,0,0,0
107207,-0.076,0.021,0.135,-0.763,-0.202,0.020,-0.678,-0.181,0.686,-0.192,0.000,-0.000,0,4476,40,2,33,15.190,310.050,305,305,0,0,0
107307,-0.110,0.008,0.138,-0.566,0.141,0.031,-0.683,-0.160,0.690,-0.178,0.000,-0.000,0,4405,43,-16,33,15.190,310.050,305,305,0,0,0
107407,-0.085,-0.039,0.043,-0.688,0.144,-0.109,-0.694,-0.142,0.688,-0.159,0.000,0.000,0,3329,48,-10,33,15.190,310.050,305,305,0,0,0
107507,-0.053,-0.073,-0.048,-0.599,0.033,-0.087,-0.702,-0.124,0.687,-0.137,0.000,0.000,0,3586,41,-11,33,15.190,310.050,305,305,0,0,0
107607,-0.008,-0.052,-0.070,-0.573,-0.071,-0.042,-0.704,-0.110,0.692,-0.113,0.000,0.000,0,3649,40,-8,33,15.190,310.050,305,305,0,0,0
107707,0.033,-0.018,-0.046,-0.549,-0.118,-0.066,-0.703,-0.097,0.698,-0.091,0.000,-0.000,0,2998,38,-7,33,15.190,310.050,305,305,0,0,0
107807,0.069,0.004,0.016,-0.601,-0.143,-0.113,-0.703,-0.081,0.703,-0.069,0.000,-0.000,0,2202,39,-3,33,15.190,310.050,305,305,0,0,0
107907,0.106,0.032,0.086,-0.423,-0.010,-0.074,-0.701,-0.071,0.707,-0.052,0.000,0.000,0,2418,38,-13,33,15.190,310.050,305,305,0,0,0
108007,0.140,0.032,0.095,-0.158,-0.040,-0.087,-0.702,-0.067,0.708,-0.042,0.000,0.000,0,1604,29,-17,33,15.190,310.050,305,305,0,0,0
108107,0.170,0.035,0.083,-0.070,-0.008,-0.048,-0.702,-0.069,0.708,-0.038,0.000,0.000,0,1915,30,-18,33,15.190,310.050,305,305,0,0,0
108207,0.186,0.043,0.051,-0.034,-0.046,-0.013,-0.701,-0.070,0.709,-0.036,0.000,0.000,0,1938,29,-17,33,15.190,310.050,305,305,0,0,0
108307,0.194,0.056,0.027,0.000,-0.027,-0.028,-0.700,-0.072,0.710,-0.037,0.000,0.000,0,896,29,-18,33,15.190,310.050,305,305,0,0,0
108407,0.216,0.063,0.035,0.021,-0.026,-0.009,-0.699,-0.076,0.710,-0.037,0.000,0.000,0,1153,28,-18,33,15.190,310.050,305,305,0,0,0
108507,0.212,0.079,0.053,0.022,-0.020,0.020,-0.697,-0.077,0.712,-0.038,0.000,0.001,0,1309,29,-18,33,15.190,310.050,305,305,0,0,0
108607,0.216,0.081,0.066,0.023,0.001,-0.032,-0.696,-0.079,0.712,-0.040,0.000,0.001,1692,0,29,-18,33,15.190,310.050,305,305,0,0,0
108707,0.220,0.086,0.066,0.048,-0.020,0.010,-0.696,-0.081,0.713,-0.041,0.000,0.001,753,0,27,-18,33,15.190,310.050,305,305,0,0,0
108807,0.217,0.084,0.053,0.028,0.051,0.000,-0.696,-0.083,0.712,-0.043,0.000,0.001,1483,0,30,-19,33,15.190,310.050,305,305,0,0,0
108907,0.212,0.078,0.042,0.029,-0.061,0.014,-0.696,-0.085,0.711,-0.046,0.000,0.001,1397,0,26,-15,33,15.190,310.050,305,305,0,0,0
109007,0.208,0.078,0.043,0.012,0.024,0.000,-0.696,-0.087,0.711,-0.049,0.000,0.001,1852,0,30,-18,33,15.190,310.050,305,305,0,0,0
109108,0.153,0.071,0.040,0.016,0.014,0.011,-0.697,-0.088,0.710,-0.049,0.000,0.000,0,1222,29,-18,33,15.180,310.050,1161,1225,60,60,0
109208,0.152,0.069,0.050,0.006,0.007,0.011,-0.697,-0.088,0.710,-0.050,0.000,0.000,1070,0,29,-18,33,15.180,310.050,1161,1225,60,60,0
109307,0.150,0.065,0.044,-0.018,0.038,0.019,-0.698,-0.087,0.709,-0.050,0.000,0.000,1135,0,31,-18,33,15.180,310.050,1161,1225,60,60,0
109407,0.140,0.058,0.033,-0.027,0.012,0.058,-0.698,-0.085,0.709,-0.050,15000000.000,0.000,2523,2938,30,-17,33,15.200,320.290,598,662,60,60,0
109507,0.121,0.055,0.034,0.002,0.020,0.051,-0.699,-0.083,0.709,-0.050,25000000.000,0.000,3438,3630,29,-19,33,15.200,320.290,598,662,60,60,0
109608,0.109,0.059,0.033,0.000,0.024,-0.007,-0.698,-0.082,0.709,-0.052,30000000.000,0.000,4272,3428,30,-18,33,15.200,310.050,405,456,60,60,0
109708,0.109,0.047,0.027,0.003,0.003,-0.003,-0.700,-0.082,0.708,-0.052,45000000.000,0.000,5005,4466,29,-18,33,15.200,310.050,405,456,60,60,0
109807,0.113,0.047,0.025,-0.001,-0.004,-0.023,-0.700,-0.083,0.708,-0.052,65000000.000,0.000,6070,5306,29,-17,34,15.200,320.290,342,381,60,60,0
109908,0.118,0.047,0.019,0.004,0.020,-0.028,-0.700,-0.084,0.708,-0.052,75000000.000,0.000,6547,5669,30,-18,34,15.200,320.290,342,381,60,60,0
110007,0.113,0.051,0.037,0.000,-0.050,0.034,-0.699,-0.083,0.708,-0.053,95000000.000,0.000,6990,6793,27,-16,34,15.200,320.290,342,381,60,60,0
110108,0.103,0.055,0.053,0.010,0.018,0.009,-0.699,-0.083,0.709,-0.054,100000000.000,0.000,7312,6822,29,-18,33,15.180,310.050,338,370,60,60,0
110208,0.097,0.048,0.040,0.020,0.019,0.002,-0.699,-0.083,0.708,-0.055,110000000.000,0.000,7678,7145,29,-18,33,15.180,310.050,338,370,60,60,0
110307,0.095,0.047,0.046,0.049,0.027,0.001,-0.699,-0.084,0.708,-0.056,135000000.000,0.000,8456,7968,29,-19,33,15.190,310.050,753,369,93,73,0
110407,0.094,0.042,0.079,0.104,-0.007,0.023,-0.700,-0.086,0.707,-0.059,145000000.000,0.000,8665,8362,26,-20,33,15.190,310.050,753,369,93,73,0
110507,0.073,0.039,0.066,0.202,0.020,0.051,-0.699,-0.089,0.706,-0.066,155000000.000,0.000,8845,8762,24,-23,33,15.190,310.050,753,369,93,73,0
110607,0.067,0.034,-0.423,0.312,0.012,0.022,-0.699,-0.098,0.704,-0.075,175000000.000,0.000,9467,9240,21,-26,33,15.180,310.050,2125,1876,132,122,0
110707,0.040,0.029,-0.194,0.568,0.090,0.086,-0.698,-0.111,0.702,-0.093,185000000.000,0.000,9467,9766,18,-35,33,15.180,310.050,2125,1876,132,122,0
110807,0.011,-0.013,-0.016,0.798,0.169,0.078,-0.698,-0.131,0.693,-0.120,195000000.000,-0.000,9712,10034,15,-42,33,15.150,279.330,9157,9363,432,426,0
110907,-0.035,-0.070,0.024,1.203,0.091,0.222,-0.698,-0.157,0.681,-0.157,195000000.000,0.000,9083,10606,2,-51,33,15.150,279.330,9157,9363,432,426,0
111007,-0.101,-0.080,-0.048,1.311,0.127,0.121,-0.686,-0.194,0.670,-0.208,195000000.000,0.000,9410,10317,6,-53,33,15.150,279.330,9157,9363,432,426,0
111107,-0.106,-0.124,-0.152,1.383,0.088,0.013,-0.675,-0.237,0.651,-0.255,195000000.000,0.000,9657,10086,4,-54,34,15.150,289.570,9433,10266,416,468,0
111207,-0.065,-0.122,-0.199,1.537,-0.019,-0.102,-0.656,-0.286,0.631,-0.300,195000000.000,0.000,10044,9701,-3,-56,34,15.150,289.570,9433,10266,416,468,0
111307,0.006,-0.116,-0.202,1.340,-0.116,-0.144,-0.637,-0.334,0.608,-0.337,210000000.000,-0.000,10609,9872,-1,-47,34,15.140,299.810,10288,9689,524,462,0
111407,0.095,-0.075,-0.183,1.107,-0.160,-0.172,-0.616,-0.378,0.587,-0.365,215000000.000,-0.001,10939,9765,3,-40,34,15.140,299.810,10288,9689,524,462,0
111507,0.099,0.015,0.012,0.707,-0.238,0.183,-0.591,-0.410,0.578,-0.385,215000000.000,-0.000,9839,10872,10,-27,34,15.140,299.810,10288,9689,524,462,0
111607,0.045,0.132,0.024,1.041,-0.520,0.209,-0.559,-0.440,0.573,-0.407,220000000.000,0.000,9838,11100,-13,-29,33,15.140,269.090,9803,10893,461,485,0
111707,-0.004,0.139,0.120,0.274,0.241,-0.053,-0.545,-0.452,0.565,-0.425,230000000.000,-0.000,10971,10471,32,-29,33,15.140,269.090,9803,10893,461,485,0
111807,-0.041,-0.045,0.105,0.397,0.231,0.161,-0.554,-0.443,0.544,-0.448,230000000.000,0.000,10102,11311,17,-36,34,15.140,269.090,10162,11261,432,541,0
111907,-0.114,0.014,0.002,0.486,-0.166,0.150,-0.535,-0.454,0.544,-0.460,235000000.000,-0.000,10225,11421,9,-30,34,15.140,269.090,10162,11261,432,541,0
112007,-0.117,0.055,-0.024,-0.033,-0.361,0.094,-0.527,-0.461,0.544,-0.461,235000000.000,-0.000,10195,11448,17,-7,34,15.140,269.090,10162,11261,432,541,0
112107,-0.183,0.075,0.031,-0.299,0.460,-0.104,-0.526,-0.453,0.554,-0.459,235000000.000,-0.001,10973,10705,50,-31,34,15.130,269.090,9090,12315,391,587,0
112207,-0.092,-0.056,0.036,-0.254,0.217,-0.419,-0.549,-0.443,0.543,-0.456,240000000.000,0.000,11882,9941,33,-23,34,15.130,269.090,9090,12315,391,587,0
112307,0.038,-0.016,-0.030,-0.297,-0.362,-0.219,-0.559,-0.447,0.546,-0.436,245000000.000,-0.000,11376,10751,18,-7,34,15.130,269.090,9090,12315,391,587,0
112407,0.037,0.017,-0.103,-0.106,0.190,0.129,-0.560,-0.443,0.553,-0.428,245000000.000,-0.000,10482,11624,32,-33,33,15.130,269.090,11185,10940,462,550,0
112507,-0.044,0.086,-0.096,0.093,-0.721,0.257,-0.548,-0.444,0.563,-0.430,245000000.000,-0.000,10140,11924,-4,-3,33,15.130,269.090,11185,10940,462,550,0
112607,-0.098,0.325,-0.123,0.276,-0.680,0.133,-0.519,-0.462,0.584,-0.420,260000000.000,-0.001,10785,11987,-5,-10,34,15.120,258.850,10683,12077,478,565,0
112707,-0.133,0.438,0.018,0.239,-0.157,0.036,-0.501,-0.475,0.589,-0.420,275000000.000,-0.003,11280,12156,10,-19,34,15.120,258.850,10683,12077,478,565,0
112807,-0.161,0.390,0.075,0.138,0.410,0.096,-0.500,-0.474,0.583,-0.430,290000000.000,-0.003,11310,12732,27,-31,34,15.120,258.850,10683,12077,478,565,0
112907,-0.208,0.232,0.113,0.051,0.580,0.142,-0.511,-0.462,0.570,-0.447,300000000.000,-0.003,11298,13129,32,-34,34,15.110,279.330,11389,12853,497,610,0
113007,-0.246,0.069,0.131,-0.089,0.552,0.019,-0.525,-0.446,0.559,-0.462,315000000.000,-0.002,11934,13137,37,-32,34,15.110,279.330,11389,12853,497,610,0
113107,-0.243,-0.071,0.057,-0.137,0.424,-0.013,-0.540,-0.433,0.549,-0.469,325000000.000,-0.000,12109,13356,37,-31,34,15.120,269.090,12077,13513,549,586,0
113207,-0.252,-0.161,0.076,-0.001,0.234,0.008,-0.551,-0.422,0.543,-0.473,340000000.000,0.001,12307,13731,29,-33,34,15.120,269.090,12077,13513,549,586,0
113307,-0.198,-0.182,0.018,-0.058,-0.052,-0.203,-0.556,-0.423,0.539,-0.470,355000000.000,0.001,13160,13484,25,-23,34,15.120,269.090,12077,13513,549,586,0
113407,-0.154,-0.126,-0.001,-0.188,-0.243,0.000,-0.558,-0.425,0.546,-0.458,365000000.000,0.000,12781,14200,24,-15,34,15.090,279.330,13123,13513,597,628,0
113507,-0.149,-0.062,-0.020,-0.100,-0.222,-0.043,-0.556,-0.426,0.555,-0.448,380000000.000,0.000,13295,14257,20,-19,34,15.090,279.330,13123,13513,597,628,0
113607,-0.112,0.007,-0.014,-0.062,-0.229,-0.111,-0.554,-0.432,0.561,-0.438,395000000.000,-0.000,13766,14335,19,-18,34,15.080,258.850,13698,14245,662,679,0
113707,-0.073,0.070,-0.012,-0.061,-0.210,-0.059,-0.552,-0.436,0.567,-0.428,395000000.000,-0.000,13655,14441,18,-17,34,15.080,258.850,13698,14245,662,679,0
113807,-0.067,0.117,0.048,-0.023,-0.112,0.007,-0.549,-0.439,0.572,-0.423,395000000.000,-0.000,13547,14543,19,-20,34,15.080,299.810,13586,14534,616,667,0
113907,-0.081,0.130,0.048,0.023,0.000,0.040,-0.547,-0.438,0.574,-0.423,410000000.000,-0.000,13748,14866,20,-23,34,15.080,299.810,13586,14534,616,667,0
114007,-0.099,0.119,0.074,0.050,0.063,0.013,-0.546,-0.438,0.573,-0.427,425000000.000,-0.001,14072,15066,22,-24,34,15.080,299.810,13586,14534,616,667,0
114107,-0.102,0.102,0.119,-0.001,0.043,0.009,-0.547,-0.437,0.571,-0.429,440000000.000,-0.001,14299,15347,22,-22,34,15.070,269.090,14005,15060,699,723,0
114207,-0.109,0.090,0.069,-0.007,0.026,0.009,-0.548,-0.436,0.570,-0.430,450000000.000,-0.001,14456,15525,22,-22,34,15.070,269.090,14005,15060,699,723,0
114307,-0.116,0.085,0.047,0.059,-0.010,-0.023,-0.547,-0.436,0.570,-0.432,460000000.000,-0.001,14667,15648,19,-23,34,15.060,238.370,14492,15527,661,724,0
114407,-0.110,0.098,-0.012,0.037,-0.086,-0.022,-0.545,-0.439,0.569,-0.432,475000000.000,-0.000,14888,15917,18,-19,34,15.060,238.370,14492,15527,661,724,0
114507,-0.092,0.128,-0.016,-0.017,-0.106,-0.046,-0.543,-0.442,0.571,-0.429,490000000.000,-0.001,15202,16090,18,-17,34,15.050,248.610,14970,16025,735,756,0
114607,-0.085,0.160,-0.008,-0.027,-0.108,0.001,-0.541,-0.444,0.574,-0.425,500000000.000,-0.001,15268,16337,17,-17,34,15.050,248.610,14970,16025,735,756,0
114707,-0.104,0.188,0.039,-0.009,-0.086,0.057,-0.537,-0.445,0.577,-0.425,520000000.000,-0.001,15469,16755,17,-17,34,15.040,238.370,15243,16501,717,775,0
114807,-0.113,0.210,0.072,-0.013,-0.064,-0.031,-0.534,-0.446,0.580,-0.424,530000000.000,-0.001,15814,16731,17,-17,34,15.040,238.370,15243,16501,717,775,0
114907,-0.090,0.232,0.080,0.022,-0.093,-0.021,-0.534,-0.449,0.580,-0.420,545000000.000,-0.001,15975,17024,14,-16,34,15.040,207.650,15974,16891,753,744,0
115007,-0.068,0.259,0.096,-0.018,-0.083,-0.058,-0.532,-0.452,0.582,-0.417,555000000.000,-0.001,16243,17063,15,-15,34,15.040,207.650,15974,16891,753,744,0
115107,-0.050,0.276,0.056,0.029,-0.037,-0.024,-0.532,-0.455,0.582,-0.414,565000000.000,-0.001,16343,17260,14,-17,34,15.030,197.410,16286,17064,779,824,0
115208,-0.046,0.278,0.035,0.043,0.006,0.001,-0.531,-0.457,0.581,-0.415,575000000.000,-0.000,16463,17435,15,-18,34,15.030,197.410,16286,17064,779,824,0
115308,-0.045,0.268,0.050,-0.007,0.056,-0.012,-0.531,-0.457,0.580,-0.416,600000000.000,-0.001,16879,17751,18,-17,34,15.010,125.730,16666,17667,818,856,0
115408,-0.046,0.251,0.049,-0.016,0.052,0.030,-0.533,-0.455,0.579,-0.417,605000000.000,-0.000,16850,17918,17,-17,34,15.010,125.730,16666,17667,818,856,0
115508,-0.067,0.240,0.026,0.019,0.019,0.084,-0.533,-0.453,0.579,-0.419,615000000.000,-0.001,16882,18166,15,-17,34,14.990,105.250,16835,18181,806,866,0
115608,-0.085,0.239,0.044,-0.019,0.001,0.020,-0.532,-0.451,0.580,-0.421,630000000.000,-0.001,17215,18266,16,-15,34,14.990,105.250,16835,18181,806,866,0
115708,-0.091,0.239,0.027,-0.019,0.003,0.014,-0.532,-0.450,0.581,-0.421,645000000.000,-0.001,17416,18484,16,-16,34,14.990,105.250,16835,18181,806,866,0
115808,-0.091,0.241,0.024,-0.024,-0.027,0.008,-0.533,-0.450,0.581,-0.420,660000000.000,-0.001,17639,18678,15,-15,34,15.000,645.400,17361,18450,848,890,0
115908,-0.097,0.252,0.054,-0.023,-0.050,0.034,-0.532,-0.449,0.583,-0.418,665000000.000,-0.001,17644,18807,14,-14,34,15.000,645.400,17361,18450,848,890,0
116008,-0.115,0.260,0.044,0.000,0.006,0.026,-0.530,-0.448,0.585,-0.419,675000000.000,-0.001,17810,18916,15,-16,34,14.980,481.560,17667,18796,850,929,0
116108,-0.118,0.253,0.047,0.014,0.049,0.018,-0.531,-0.447,0.585,-0.420,695000000.000,-0.001,18078,19189,15,-17,34,14.980,481.560,17667,18796,850,929,0
116208,-0.118,0.235,0.071,0.001,0.081,-0.020,-0.533,-0.446,0.583,-0.421,710000000.000,-0.001,18338,19331,17,-18,34,14.930,327.960,18315,19305,888,904,0
116308,-0.111,0.213,0.025,-0.002,0.061,-0.014,-0.535,-0.445,0.581,-0.422,715000000.000,-0.001,18404,19398,16,-17,34,14.930,327.960,18315,19305,888,904,0
116408,-0.110,0.204,0.014,0.003,0.001,0.033,-0.536,-0.444,0.580,-0.423,730000000.000,-0.001,18519,19673,14,-16,35,14.950,266.520,18518,19531,884,953,0
116509,-0.125,0.211,0.057,-0.003,-0.053,0.027,-0.535,-0.444,0.581,-0.423,745000000.000,-0.001,18743,19842,13,-14,35,14.950,266.520,18518,19531,884,953,0
116609,-0.136,0.231,0.029,0.017,-0.089,0.019,-0.532,-0.445,0.584,-0.423,760000000.000,-0.001,18944,20028,11,-13,35,14.950,266.520,18518,19531,884,953,0
116709,-0.140,0.261,0.043,0.004,-0.089,-0.007,-0.528,-0.447,0.586,-0.421,770000000.000,-0.002,19108,20121,12,-12,34,14.930,246.040,19011,20040,902,964,0
116809,-0.134,0.286,-0.003,-0.004,-0.062,-0.030,-0.526,-0.449,0.588,-0.419,775000000.000,-0.002,19207,20152,12,-12,34,14.930,246.040,19011,20040,902,964,0
116909,-0.123,0.300,-0.008,-0.021,-0.014,-0.046,-0.526,-0.451,0.589,-0.417,795000000.000,-0.002,19508,20357,13,-12,35,14.910,192.280,19305,20449,921,925,0
117009,-0.111,0.300,0.016,-0.010,-0.008,-0.009,-0.526,-0.452,0.588,-0.416,805000000.000,-0.001,19571,20542,12,-12,35,14.910,192.280,19305,20449,921,925,0
117109,-0.112,0.300,-0.032,0.021,0.000,0.007,-0.526,-0.452,0.588,-0.416,815000000.000,-0.002,19686,20675,11,-13,35,14.900,151.320,19685,20533,939,1021,0
117209,-0.114,0.301,-0.093,0.022,-0.009,-0.009,-0.526,-0.452,0.588,-0.417,820000000.000,-0.001,19757,20729,11,-12,35,14.900,151.320,19685,20533,939,1021,0
117309,-0.109,0.307,-0.045,-0.057,-0.042,-0.042,-0.525,-0.453,0.589,-0.416,830000000.000,-0.002,19965,20770,12,-9,35,14.900,151.320,19685,20533,939,1021,0
117409,-0.115,0.316,0.022,0.004,0.023,0.048,-0.525,-0.452,0.590,-0.415,835000000.000,-0.002,19867,20983,11,-13,35,14.890,151.320,19801,20920,988,997,0
117509,-0.122,0.298,0.054,-0.023,0.120,-0.013,-0.526,-0.450,0.589,-0.416,855000000.000,-0.002,20230,21113,15,-15,35,14.890,151.320,19801,20920,988,997,0
117610,-0.110,0.255,0.068,0.010,0.178,-0.011,-0.532,-0.447,0.585,-0.418,855000000.000,-0.001,20206,21135,15,-18,35,14.890,161.560,20120,21097,1011,1032,0
117710,-0.100,0.213,0.017,0.000,0.063,-0.018,-0.536,-0.445,0.581,-0.420,860000000.000,-0.001,20288,21175,13,-14,35,14.890,161.560,20120,21097,1011,1032,0
117810,-0.093,0.215,-0.042,-0.010,-0.094,-0.016,-0.537,-0.445,0.581,-0.419,875000000.000,-0.001,20480,21344,9,-9,35,14.890,161.560,20120,21097,1011,1032,0
117910,-0.088,0.255,0.021,0.000,-0.137,0.003,-0.533,-0.448,0.585,-0.416,880000000.000,-0.001,20515,21428,8,-9,35,14.860,141.080,20408,21321,1028,1041,0
118010,-0.094,0.286,-0.003,0.032,-0.077,0.067,-0.530,-0.450,0.588,-0.414,890000000.000,-0.001,20529,21647,8,-11,35,14.860,141.080,20408,21321,1028,1041,0
118110,-0.109,0.298,0.029,-0.018,0.006,-0.007,-0.528,-0.450,0.589,-0.414,905000000.000,-0.001,20845,21691,11,-10,35,14.840,141.080,20746,21786,1030,1019,0
118210,-0.108,0.287,0.053,0.009,0.063,-0.009,-0.529,-0.449,0.588,-0.415,925000000.000,-0.001,21070,21933,11,-13,35,14.840,141.080,20746,21786,1030,1019,0
118310,-0.102,0.266,0.060,0.024,0.061,-0.040,-0.531,-0.448,0.586,-0.416,940000000.000,-0.001,21291,22061,11,-13,35,14.840,141.080,20746,21786,1030,1019,0
118410,-0.084,0.249,0.065,-0.001,0.050,-0.047,-0.534,-0.449,0.583,-0.417,955000000.000,-0.001,21482,22215,12,-12,36,14.830,110.360,21459,22123,1033,1076,0
118510,-0.072,0.237,0.110,0.007,0.032,0.009,-0.535,-0.449,0.581,-0.417,980000000.000,-0.001,21687,22576,11,-12,36,14.830,110.360,21459,22123,1033,1076,0
118610,-0.082,0.236,0.114,0.004,-0.036,0.026,-0.535,-0.448,0.582,-0.418,985000000.000,-0.001,21734,22641,9,-10,36,14.830,110.360,21459,22123,1033,1076,0
118710,-0.105,0.260,0.093,0.017,-0.113,0.059,-0.531,-0.449,0.585,-0.418,1000000000.000,-0.001,21857,22854,6,-7,36,14.800,141.080,21786,22779,1061,1079,0
118810,-0.109,0.296,0.119,0.000,-0.137,0.009,-0.527,-0.451,0.588,-0.416,1010000000.000,-0.001,22032,22904,5,-6,36,14.800,141.080,21786,22779,1061,1079,0
118911,-0.116,0.328,0.103,0.019,-0.078,0.008,-0.523,-0.453,0.591,-0.414,1025000000.000,-0.002,22201,23068,6,-8,36,14.760,141.080,21929,22779,1155,1194,0
119011,-0.108,0.337,0.048,-0.014,0.021,-0.024,-0.523,-0.454,0.591,-0.413,1040000000.000,-0.002,22410,23191,9,-9,36,14.760,141.080,21929,22779,1155,1194,0
119111,-0.116,0.312,0.009,0.018,0.114,0.048,-0.525,-0.452,0.590,-0.415,1050000000.000,-0.002,22407,23408,10,-12,36,14.760,141.080,21929,22779,1155,1194,0
119211,-0.125,0.288,0.057,-0.009,0.046,0.020,-0.527,-0.449,0.588,-0.418,1070000000.000,-0.002,22685,23567,9,-9,36,14.740,192.280,22573,23529,1152,1179,0
119311,-0.126,0.287,0.039,0.007,-0.027,0.013,-0.527,-0.449,0.588,-0.417,1080000000.000,-0.002,22783,23684,6,-8,36,14.740,192.280,22573,23529,1152,1179,0
119410,-0.126,0.308,0.032,0.007,-0.110,-0.033,-0.525,-0.451,0.590,-0.416,1099999744.000,-0.002,23079,23819,4,-5,36,14.740,192.280,22573,23529,1152,1179,0
119510,-0.115,0.342,0.059,0.000,-0.082,-0.024,-0.522,-0.454,0.593,-0.412,1114999552.000,-0.002,23221,23996,5,-5,36,14.710,317.720,23201,23923,1150,1189,0
119610,-0.109,0.351,0.169,0.001,0.008,-0.034,-0.522,-0.455,0.593,-0.411,1129999360.000,-0.002,23407,24127,6,-7,36,14.710,317.720,23201,23923,1150,1189,0
119710,-0.104,0.333,0.225,0.004,0.101,0.001,-0.524,-0.454,0.591,-0.412,1139999232.000,-0.002,23460,24282,9,-10,36,14.710,317.720,23201,23923,1150,1189,0
119810,-0.110,0.304,0.055,-0.007,0.074,0.019,-0.527,-0.451,0.589,-0.415,1139999232.000,-0.001,23441,24300,8,-8,36,14.730,409.880,23419,24390,1175,1177,0
119910,-0.119,0.292,-0.141,0.000,0.026,0.034,-0.528,-0.449,0.589,-0.416,1149999104.000,-0.002,23520,24430,6,-7,36,14.730,409.880,23419,24390,1175,1177,0
120009,-0.130,0.292,-0.037,0.019,-0.019,0.053,-0.527,-0.448,0.589,-0.417,1164998912.000,-0.002,23637,24623,5,-7,37,14.690,471.320,23640,24390,1177,1251,0
120109,-0.125,0.301,-0.066,-0.027,-0.036,-0.026,-0.526,-0.449,0.590,-0.416,1169998848.000,-0.002,23805,24562,5,-4,37,14.690,471.320,23640,24390,1177,1251,0
120209,-0.122,0.314,-0.105,0.014,-0.056,0.011,-0.525,-0.450,0.591,-0.414,1169998848.000,-0.002,23749,24617,3,-5,37,14.690,471.320,23640,24390,1177,1251,0
120309,-0.122,0.330,-0.175,-0.003,-0.062,-0.011,-0.524,-0.452,0.593,-0.413,1189998592.000,-0.002,23997,24782,3,-4,37,14.670,522.520,23752,24691,1202,1217,0
120409,-0.122,0.341,-0.150,0.000,-0.016,-0.003,-0.523,-0.452,0.594,-0.412,1199998464.000,-0.002,24090,24893,4,-5,37,14.670,522.520,23752,24691,1202,1217,0
120509,-0.126,0.341,-0.150,0.009,0.010,-0.001,-0.522,-0.452,0.593,-0.413,1204998400.000,-0.002,24143,24943,4,-5,37,14.650,2.850,24096,25125,1213,1206,0
120608,-0.121,0.335,-0.303,-0.013,0.027,-0.004,-0.523,-0.452,0.593,-0.413,1204998400.000,-0.002,24140,24945,5,-5,37,14.650,2.850,24096,25125,1213,1206,0
120708,-0.116,0.322,-0.336,0.000,0.066,-0.034,-0.525,-0.451,0.592,-0.413,1224998144.000,-0.002,24400,25093,5,-7,37,14.650,2.850,24096,25125,1213,1206,0
120808,-0.106,0.296,-0.484,0.020,0.107,-0.029,-0.528,-0.450,0.589,-0.415,1234998016.000,-0.001,24492,25202,6,-8,37,14.620,74.530,24509,24813,1202,1323,0
120907,-0.106,0.262,-0.639,-0.009,0.118,0.012,-0.531,-0.448,0.586,-0.417,1234998016.000,-0.001,24431,25261,8,-8,37,14.620,74.530,24509,24813,1202,1323,0
121007,-0.119,0.227,-0.806,0.003,0.130,0.036,-0.534,-0.444,0.584,-0.420,1234998016.000,-0.001,24407,25284,8,-9,37,14.620,74.530,24213,25125,1278,1300,0
121107,-0.129,0.193,-0.856,-0.001,0.100,0.029,-0.537,-0.441,0.581,-0.424,1234998016.000,-0.001,24407,25284,8,-9,37,14.620,74.530,24213,25125,1278,1300,0
121207,-0.136,0.179,-0.918,0.014,-0.004,0.009,-0.538,-0.440,0.580,-0.425,1234998016.000,-0.001,24434,25259,5,-6,38,14.620,84.770,24509,25125,1207,1297,0
121307,-0.136,0.202,-0.899,0.019,-0.129,-0.016,-0.535,-0.442,0.582,-0.424,1234998016.000,-0.001,24464,25229,1,-3,38,14.620,84.770,24509,25125,1207,1297,0
121407,-0.121,0.247,-0.928,0.019,-0.150,-0.049,-0.532,-0.446,0.585,-0.420,1234998016.000,-0.001,24507,25187,0,-2,37,14.620,64.290,24509,25125,1231,1274,0
121507,-0.117,0.268,-0.935,-0.001,-0.014,0.012,-0.530,-0.448,0.587,-0.418,1234998016.000,-0.001,24421,25271,4,-5,37,14.620,64.290,24509,25125,1231,1274,0
121607,-0.122,0.254,-0.967,-0.030,0.103,0.002,-0.531,-0.446,0.586,-0.419,1244997888.000,-0.001,24550,25343,8,-7,38,14.620,95.010,24390,25316,1235,1251,0
121707,-0.124,0.212,-0.980,0.004,0.138,-0.006,-0.535,-0.443,0.582,-0.422,1259997696.000,-0.001,24715,25479,8,-9,38,14.620,95.010,24390,25316,1235,1251,0
121807,-0.112,0.188,-1.019,-0.006,0.022,-0.046,-0.538,-0.442,0.579,-0.423,1264997632.000,-0.001,24819,25476,5,-5,38,14.590,95.010,24813,25510,1251,1272,0
121907,-0.108,0.199,-1.121,0.012,-0.071,0.032,-0.537,-0.444,0.580,-0.422,1264997632.000,-0.001,24703,25588,2,-3,38,14.590,95.010,24813,25510,1251,1272,0
122008,-0.112,0.220,-0.956,-0.058,-0.041,0.002,-0.535,-0.444,0.583,-0.420,1269997568.000,-0.001,24810,25582,5,-2,38,14.580,95.010,24875,25445,1226,1297,0
122108,-0.113,0.219,-1.090,-0.026,0.032,0.020,-0.536,-0.443,0.583,-0.420,1279997440.000,-0.001,24882,25707,5,-5,38,14.580,95.010,24875,25445,1226,1297,0
122208,-0.124,0.208,-0.973,-0.016,0.043,0.033,-0.537,-0.441,0.583,-0.421,1289997312.000,-0.001,24964,25823,5,-5,37,14.560,95.010,25000,25641,1258,1338,0
122308,-0.130,0.197,-1.037,-0.004,0.019,-0.016,-0.538,-0.440,0.583,-0.422,1289997312.000,-0.001,25027,25761,4,-5,37,14.560,95.010,25000,25641,1258,1338,0
122408,-0.124,0.194,-0.996,0.019,-0.024,0.006,-0.538,-0.440,0.582,-0.422,1289997312.000,-0.001,24986,25801,2,-4,37,14.560,95.010,25000,25641,1258,1338,0
122508,-0.127,0.209,-1.123,-0.002,-0.084,0.003,-0.536,-0.442,0.583,-0.422,1299997184.000,-0.001,25150,25932,1,-2,38,14.540,84.770,25000,25706,1263,1320,0
122608,-0.127,0.235,-1.230,0.018,-0.093,-0.007,-0.534,-0.443,0.585,-0.420,1314996992.000,-0.001,25256,26022,0,-2,38,14.540,84.770,25000,25706,1263,1320,0
122708,-0.130,0.261,-1.329,0.042,-0.094,0.017,-0.530,-0.446,0.587,-0.419,1314996992.000,-0.002,25221,26055,-1,-1,38,14.500,64.290,25316,25706,1266,1397,0
122808,-0.128,0.294,-1.683,-0.011,-0.148,0.014,-0.527,-0.449,0.589,-0.417,1314996992.000,-0.002,25221,26056,-2,3,38,14.500,64.290,25316,25706,1266,1397,0
122908,-0.124,0.336,-1.746,0.007,-0.087,-0.036,-0.523,-0.452,0.593,-0.413,1314996992.000,-0.002,25297,25982,-2,1,38,14.530,54.050,25380,25773,1257,1362,0
123008,-0.091,0.337,-1.769,-0.034,0.092,-0.081,-0.525,-0.454,0.592,-0.410,1314996992.000,-0.001,25358,25922,4,-3,38,14.530,54.050,25380,25773,1257,1362,0
123108,-0.067,0.294,-1.819,0.010,0.180,-0.021,-0.531,-0.452,0.587,-0.411,1314996992.000,-0.001,25293,25986,4,-7,39,14.520,95.010,25445,25773,1257,1351,0
123208,-0.076,0.262,-1.868,0.023,-0.029,0.063,-0.533,-0.450,0.584,-0.415,1314996992.000,-0.001,25197,26079,-2,0,39,14.520,95.010,25445,25773,1257,1351,0
123309,-0.100,0.289,-1.720,0.024,-0.113,0.043,-0.529,-0.450,0.588,-0.415,1324996864.000,-0.001,25329,26143,-4,2,39,14.520,95.010,25445,25773,1257,1351,0
123409,-0.123,0.296,-1.838,0.030,0.076,0.059,-0.526,-0.450,0.589,-0.417,1329996800.000,-0.002,25340,26227,2,-4,39,14.470,2.850,25316,26109,1307,1345,0
123509,-0.139,0.258,-1.691,0.009,0.161,-0.019,-0.529,-0.447,0.586,-0.421,1329996800.000,-0.002,25440,26131,5,-5,39,14.470,2.850,25316,26109,1307,1345,0
123609,-0.127,0.213,-1.812,-0.026,0.134,-0.050,-0.534,-0.445,0.581,-0.424,1329996800.000,-0.001,25462,26109,5,-4,39,14.490,64.290,25380,26041,1304,1342,0
123709,-0.114,0.184,-1.733,-0.027,0.050,-0.003,-0.538,-0.443,0.578,-0.424,1329996800.000,-0.001,25393,26176,3,-2,39,14.490,64.290,25380,26041,1304,1342,0
123809,-0.105,0.179,-1.903,-0.029,-0.009,-0.026,-0.540,-0.442,0.578,-0.423,1329996800.000,-0.001,25438,26132,1,-1,39,14.480,13.090,25445,25974,1295,1354,0
123909,-0.099,0.185,-1.791,-0.028,-0.034,-0.021,-0.539,-0.443,0.579,-0.422,1329996800.000,-0.001,25441,26129,1,0,39,14.480,13.090,25445,25974,1295,1354,0
124009,-0.099,0.199,-1.818,-0.017,-0.051,0.017,-0.538,-0.444,0.580,-0.421,1329996800.000,-0.001,25393,26176,0,0,39,14.480,13.090,25445,25974,1295,1354,0
124109,-0.102,0.209,-1.858,-0.030,0.000,-0.017,-0.537,-0.444,0.581,-0.420,1329996800.000,-0.001,25446,26125,2,-1,39,14.500,645.400,25641,25773,1229,1420,0
124209,-0.101,0.209,-1.820,-0.026,0.014,0.014,-0.538,-0.443,0.582,-0.420,1329996800.000,-0.001,25395,26174,2,-1,39,14.500,645.400,25641,25773,1229,1420,0
124309,-0.103,0.203,-1.890,0.000,0.032,-0.007,-0.538,-0.442,0.582,-0.420,1339996672.000,-0.001,25528,26235,1,-2,39,14.500,645.400,25641,25773,1229,1420,0
124409,-0.101,0.192,-1.924,-0.001,0.066,-0.021,-0.540,-0.442,0.580,-0.421,1339996672.000,-0.001,25546,26219,3,-3,40,14.510,645.410,25641,26109,1273,1358,0
124510,-0.089,0.173,-1.914,-0.006,0.074,-0.022,-0.542,-0.441,0.578,-0.421,1339996672.000,-0.001,25541,26223,3,-3,40,14.510,645.410,25641,26109,1273,1358,0
124610,-0.076,0.143,-2.080,0.013,0.127,-0.017,-0.546,-0.440,0.575,-0.422,1339996672.000,-0.001,25539,26225,4,-6,40,14.470,594.200,25445,26109,1342,1339,0
124710,-0.061,0.107,-2.142,-0.036,0.070,-0.083,-0.550,-0.439,0.571,-0.424,1339996672.000,-0.000,25653,26114,4,-3,40,14.470,594.200,25445,26109,1342,1339,0
124810,-0.053,0.110,-2.140,0.017,-0.080,0.076,-0.551,-0.438,0.571,-0.422,1339996672.000,-0.000,25426,26334,-2,-1,40,14.460,573.720,25510,26041,1273,1408,0
124910,-0.068,0.135,-2.069,-0.041,-0.091,-0.002,-0.548,-0.439,0.575,-0.421,1339996672.000,-0.000,25559,26205,0,2,40,14.460,573.720,25510,26041,1273,1408,0
125010,-0.058,0.163,-1.790,-0.050,-0.083,-0.050,-0.546,-0.440,0.577,-0.418,1339996672.000,-0.000,25615,26151,0,2,40,14.460,573.720,25510,26041,1273,1408,0
125110,-0.043,0.184,-1.793,0.024,-0.058,0.002,-0.545,-0.443,0.578,-0.415,1339996672.000,-0.000,25535,26229,-2,-1,40,14.480,563.480,25706,25839,1271,1411,0
125210,-0.041,0.192,-1.723,-0.012,0.004,0.013,-0.545,-0.443,0.579,-0.414,1339996672.000,-0.000,25532,26232,1,-1,40,14.480,563.480,25706,25839,1271,1411,0
125310,-0.041,0.183,-1.590,0.022,0.040,-0.008,-0.546,-0.443,0.578,-0.415,1339996672.000,-0.000,25570,26195,0,-3,40,14.480,563.480,25706,25839,1271,1411,0
125410,-0.042,0.165,-1.785,0.041,0.081,0.002,-0.547,-0.442,0.576,-0.417,1339996672.000,-0.000,25556,26208,1,-4,41,14.460,532.760,25575,25839,1296,1424,0
125510,-0.047,0.138,-1.856,0.046,0.088,0.017,-0.548,-0.442,0.573,-0.421,1339996672.000,-0.000,25530,26234,0,-5,41,14.460,532.760,25575,25839,1296,1424,0
125611,-0.065,0.133,-1.887,0.023,-0.036,0.068,-0.546,-0.442,0.572,-0.424,1339996672.000,-0.000,25455,26306,-1,1,41,14.460,532.760,25575,25839,1296,1424,0
125711,-0.091,0.149,-1.730,0.000,-0.047,0.046,-0.543,-0.441,0.575,-0.425,1339996672.000,-0.001,25487,26276,-1,1,41,14.440,481.560,25380,26525,1312,1282,0
125811,-0.107,0.152,-1.765,0.008,0.026,0.002,-0.542,-0.440,0.576,-0.425,1349996544.000,-0.001,25621,26335,1,-2,41,14.440,481.560,25380,26525,1312,1282,0
125911,-0.117,0.136,-1.913,0.016,0.063,0.014,-0.543,-0.439,0.575,-0.428,1364996352.000,-0.001,25742,26502,2,-3,41,14.440,440.600,25773,26809,1285,1268,0
126011,-0.113,0.124,-2.045,-0.036,0.017,0.006,-0.544,-0.438,0.574,-0.428,1374996224.000,-0.001,25835,26599,2,0,41,14.440,440.600,25773,26809,1285,1268,0
126110,-0.107,0.128,-2.032,0.139,-0.040,-0.061,-0.543,-0.440,0.572,-0.429,1374996224.000,-0.001,25935,26502,-5,-4,41,14.440,440.600,25773,26809,1285,1268,0
126210,-0.072,0.139,-2.239,0.247,-0.018,-0.100,-0.540,-0.449,0.567,-0.431,1374996224.000,-0.000,25979,26459,-7,-7,41,14.410,368.920,25974,26455,1341,1335,0
126310,-0.035,0.144,-2.477,0.279,-0.041,-0.113,-0.536,-0.459,0.560,-0.435,1389996032.000,-0.000,26165,26560,-8,-5,41,14.410,368.920,25974,26455,1341,1335,0
126410,0.008,0.167,-2.440,0.276,-0.096,-0.137,-0.530,-0.471,0.553,-0.437,1394995968.000,-0.000,26277,26543,-9,-3,41,14.410,368.920,25974,26455,1341,1335,0
126510,0.067,0.198,-2.178,0.041,-0.123,-0.174,-0.528,-0.480,0.550,-0.433,1394995968.000,0.000,26377,26444,-5,4,41,14.400,327.960,26246,26595,1362,1334,0
126609,0.131,0.215,-2.302,0.026,0.027,-0.161,-0.530,-0.486,0.547,-0.428,1394995968.000,0.000,26417,26404,-1,-1,41,14.400,327.960,26246,26595,1362,1334,0
126709,0.183,0.185,-2.555,-0.084,0.130,-0.108,-0.536,-0.487,0.542,-0.427,1394995968.000,-0.000,26411,26410,5,0,42,14.380,256.280,26178,26178,1421,1403,0
126809,0.641,0.319,-2.411,-0.026,0.053,-0.022,-0.542,-0.485,0.539,-0.425,1394995968.000,0.003,26941,25869,-6,4,42,14.380,256.280,26178,26178,1421,1403,0
126909,1.026,0.624,-2.309,0.230,0.103,0.497,-0.534,-0.483,0.539,-0.436,1394995968.000,0.018,26550,26270,-17,5,42,14.380,256.280,26178,26178,1421,1403,0
127008,0.708,0.597,-1.972,-0.496,0.467,0.688,-0.534,-0.452,0.551,-0.455,1394995968.000,0.021,26116,26701,17,14,42,14.400,212.760,26041,26385,1459,1344,0
127108,0.079,0.273,-2.196,0.056,0.351,0.379,-0.537,-0.423,0.556,-0.473,1394995968.000,0.007,25894,26917,-2,-11,42,14.400,212.760,26041,26385,1459,1344,0
127208,-0.242,0.083,-2.103,-0.198,-0.013,0.029,-0.538,-0.413,0.558,-0.479,1394995968.000,0.002,26056,26759,4,7,42,14.370,161.560,25575,27173,1396,1323,0
127308,-0.316,0.179,-2.195,-0.070,-0.051,-0.216,-0.543,-0.413,0.560,-0.471,1394995968.000,0.002,26239,26581,-6,6,42,14.370,161.560,25575,27173,1396,1323,0
127408,0.005,0.226,-2.210,0.048,-0.048,-0.258,-0.546,-0.423,0.555,-0.464,1394995968.000,0.004,26657,26161,-5,2,42,14.370,202.520,26385,26315,1339,1398,0
127508,-0.153,-0.034,-2.276,-0.040,0.078,-0.051,-0.550,-0.427,0.549,-0.462,1394995968.000,0.000,25976,26837,9,-6,42,14.370,202.520,26385,26315,1339,1398,0
127607,-0.106,-0.030,-2.134,-0.179,-0.214,-0.226,-0.557,-0.424,0.553,-0.451,1394995968.000,0.000,26398,26422,-3,7,42,14.350,182.040,26385,26455,1349,1352,0
127707,-0.023,0.032,-2.125,0.051,-0.184,-0.186,-0.554,-0.437,0.554,-0.442,1394995968.000,0.000,26392,26428,-5,1,42,14.350,182.040,26385,26455,1349,1352,0
127807,0.038,0.058,-2.388,-0.151,-0.038,-0.142,-0.556,-0.441,0.555,-0.433,1394995968.000,-0.000,26409,26411,4,4,43,14.260,171.800,26737,26246,1287,1404,0
127907,0.085,0.075,-2.239,-0.110,-0.082,-0.104,-0.560,-0.442,0.557,-0.425,1394995968.000,-0.000,26420,26400,-1,4,43,14.260,171.800,26737,26246,1287,1404,0
128007,0.386,0.059,-2.513,0.158,-0.092,0.018,-0.559,-0.445,0.558,-0.421,1394995968.000,0.001,26587,26233,-10,-5,43,14.260,171.800,26737,26246,1287,1404,0
128107,0.257,0.200,-2.327,-0.192,-0.046,0.241,-0.554,-0.442,0.563,-0.425,1394995968.000,0.002,26156,26662,2,12,43,14.370,171.800,26595,26041,1368,1383,0
128207,0.002,0.121,-2.559,-0.318,0.098,-0.002,-0.562,-0.426,0.575,-0.416,1394995968.000,-0.000,26323,26497,7,3,43,14.370,171.800,26595,26041,1368,1383,0
128307,0.029,0.109,-2.364,0.041,-0.021,-0.057,-0.565,-0.427,0.572,-0.415,1394995968.000,0.000,26388,26433,-5,0,43,14.350,141.080,26246,26666,1386,1296,0
128407,0.042,0.143,-2.109,-0.282,0.004,-0.013,-0.568,-0.423,0.576,-0.408,1394995968.000,-0.000,26351,26469,5,10,43,14.350,141.080,26246,26666,1386,1296,0
128507,0.129,0.786,-2.458,-0.009,0.123,-0.001,-0.574,-0.417,0.576,-0.407,1394995968.000,0.001,26456,26364,-21,16,43,14.360,120.600,26455,26666,1325,1303,0
128607,0.010,-0.026,-2.369,0.031,0.656,0.189,-0.581,-0.409,0.567,-0.417,1394995968.000,-0.000,25930,26882,30,-32,43,14.360,120.600,26455,26666,1325,1303,0
128707,-0.067,-0.170,-2.403,-0.336,-0.043,0.078,-0.597,-0.385,0.562,-0.424,1394995968.000,0.001,26212,26607,6,11,43,14.340,89.880,26041,27027,1301,1348,0
128808,-0.080,-0.048,-2.490,0.179,-0.377,0.043,-0.585,-0.393,0.574,-0.417,1394995968.000,0.000,26211,26608,-15,1,43,14.340,89.880,26041,27027,1301,1348,0
128908,-0.095,-0.021,-2.484,-0.111,0.062,0.013,-0.581,-0.394,0.577,-0.417,1384996096.000,0.000,26137,26492,8,0,43,14.360,89.880,26246,26455,1340,1401,0
129008,-0.096,-0.020,-2.498,0.038,-0.080,-0.019,-0.582,-0.393,0.578,-0.416,1384996096.000,0.000,26159,26471,-3,0,43,14.360,89.880,26246,26455,1340,1401,0
129108,-0.079,0.005,-2.287,0.022,-0.080,-0.068,-0.579,-0.397,0.579,-0.414,1384996096.000,0.000,26219,26411,-2,2,43,14.360,110.360,26041,26315,1386,1378,0
129208,-0.049,0.025,-2.333,-0.052,-0.056,-0.094,-0.579,-0.400,0.580,-0.411,1384996096.000,0.000,26262,26368,0,3,43,14.360,110.360,26041,26315,1386,1378,0
129308,-0.011,0.204,-2.418,-0.131,-0.037,-0.093,-0.581,-0.402,0.581,-0.405,1384996096.000,0.000,26282,26349,-2,9,44,14.340,38.680,26385,26315,1332,1357,0
129408,0.028,0.041,-2.862,-0.030,0.147,-0.104,-0.586,-0.402,0.579,-0.400,1384996096.000,-0.000,26333,26298,5,-6,44,14.340,38.680,26385,26315,1332,1357,0
129508,0.063,-0.001,-3.304,-0.176,0.049,-0.071,-0.592,-0.400,0.575,-0.399,1384996096.000,-0.000,26324,26307,6,5,44,14.340,38.680,26385,26315,1332,1357,0
129608,0.081,0.010,-3.564,-0.168,-0.041,-0.031,-0.597,-0.396,0.578,-0.391,1384996096.000,-0.001,26306,26325,2,5,44,14.360,48.920,26246,26525,1377,1295,0
129708,0.445,0.083,-3.340,0.240,-0.022,0.198,-0.595,-0.397,0.579,-0.392,1384996096.000,0.001,26380,26250,-11,-6,44,14.360,48.920,26246,26525,1377,1295,0
129808,0.082,0.023,-3.138,-0.327,0.033,0.336,-0.589,-0.388,0.586,-0.399,1384996096.000,0.000,25858,26765,13,10,44,14.330,18.200,26385,26315,1302,1388,0
129909,-0.063,0.008,-2.783,0.144,-0.011,0.041,-0.592,-0.374,0.593,-0.398,1384996096.000,0.000,26195,26435,-10,-8,44,14.330,18.200,26385,26315,1302,1388,0
130009,-0.070,0.019,-2.505,0.061,-0.047,0.022,-0.586,-0.380,0.591,-0.404,1384996096.000,0.000,26164,26466,-1,2,44,14.330,28.440,25974,26666,1409,1294,0
130109,-0.035,0.069,-2.939,-0.037,0.081,-0.009,-0.586,-0.379,0.592,-0.403,1384996096.000,0.001,26238,26392,2,0,44,14.330,28.440,25974,26666,1409,1294,0
130209,0.156,0.064,-2.744,0.204,0.113,0.073,-0.586,-0.381,0.586,-0.410,1408525568.000,0.002,26528,26548,-4,-6,44,14.330,28.440,25974,26666,1409,1294,0
130309,-0.087,0.031,-2.749,-0.253,-0.001,0.123,-0.585,-0.377,0.586,-0.415,1384996096.000,0.001,25891,26733,9,12,44,14.290,653.070,26595,26737,1352,1326,0
130409,-0.200,-0.031,-2.768,-0.084,0.060,-0.109,-0.589,-0.369,0.591,-0.410,1384996096.000,0.000,26203,26427,3,-3,44,14.290,653.070,26595,26737,1352,1326,0
130509,-0.135,-0.051,-2.396,0.223,-0.022,-0.166,-0.591,-0.376,0.584,-0.409,1384996096.000,0.001,26282,26349,-7,-6,44,14.320,18.200,26385,26525,1333,1301,0
130609,-0.085,-0.023,-2.193,-0.197,-0.126,-0.102,-0.591,-0.382,0.584,-0.404,1384996096.000,0.000,26239,26392,5,11,44,14.320,18.200,26385,26525,1333,1301,0
130709,-0.045,-0.017,-2.313,0.116,0.076,-0.097,-0.594,-0.383,0.584,-0.399,1384996096.000,0.000,26274,26356,-2,-8,45,14.320,653.070,26178,26455,1386,1326,0
130809,0.199,-0.068,-2.292,0.031,-0.107,-0.063,-0.593,-0.389,0.581,-0.399,1386564736.000,-0.001,26610,26047,-1,3,45,14.320,653.070,26178,26455,1386,1326,0
130909,0.290,0.059,-2.272,0.063,-0.220,0.142,-0.587,-0.393,0.585,-0.398,1384996096.000,0.001,26314,26317,-9,7,45,14.320,653.070,26178,26455,1386,1326,0
131009,0.228,-0.066,-2.246,-0.144,0.016,0.209,-0.580,-0.389,0.593,-0.401,1416368640.000,-0.001,26512,26711,10,1,45,14.300,642.830,26385,26525,1331,1311,0
131110,-0.082,0.024,-1.868,-0.034,-0.151,0.114,-0.578,-0.381,0.599,-0.402,1483035264.000,-0.001,26932,27527,-7,6,45,14.300,642.830,26385,26525,1331,1311,0
131210,-0.159,0.128,-1.716,-0.093,-0.117,-0.119,-0.575,-0.382,0.606,-0.395,1384996096.000,-0.001,26266,26364,-3,7,45,14.340,48.920,26455,26525,1274,1328,0
131310,-0.106,0.125,-1.546,-0.039,0.131,-0.133,-0.578,-0.385,0.604,-0.391,1384996096.000,-0.000,26286,26345,3,0,45,14.340,48.920,26455,26525,1274,1328,0
131410,-0.048,0.081,-2.187,-0.209,0.089,-0.163,-0.588,-0.383,0.600,-0.385,1384996096.000,-0.000,26367,26263,6,7,45,14.340,48.920,26455,26525,1274,1328,0
131510,0.013,0.032,-2.342,-0.079,-0.046,-0.140,-0.594,-0.383,0.599,-0.377,1384996096.000,0.000,26382,26249,-2,4,45,14.310,632.590,26178,26315,1417,1330,0
131610,0.057,0.050,-2.528,-0.062,-0.072,-0.080,-0.595,-0.386,0.599,-0.371,1384996096.000,0.000,26355,26276,-2,5,45,14.310,632.590,26178,26315,1417,1330,0
131710,0.128,0.111,-2.746,-0.068,-0.064,-0.016,-0.595,-0.386,0.602,-0.367,1384996096.000,0.000,26378,26252,-3,7,45,14.310,632.590,26178,26315,1417,1330,0
131810,0.263,0.117,-2.807,0.087,0.010,0.072,-0.594,-0.386,0.603,-0.368,1384996096.000,0.001,26431,26236,-6,-2,45,14.280,632.590,26595,26385,1312,1313,0
131910,0.062,0.104,-2.645,-0.147,0.133,0.154,-0.593,-0.380,0.604,-0.374,1384996096.000,0.000,26101,26528,7,5,45,14.280,632.590,26595,26385,1312,1313,0
132010,0.033,0.091,-2.627,-0.053,0.074,0.020,-0.599,-0.370,0.604,-0.373,1384996096.000,0.000,26310,26321,-2,2,45,14.300,632.590,26246,26178,1371,1391,0
132110,0.057,0.136,-2.850,0.089,0.128,0.026,-0.600,-0.370,0.601,-0.377,1384996096.000,0.001,26296,26335,-2,-1,45,14.300,632.590,26246,26178,1371,1391,0
132211,0.150,0.231,-3.046,0.037,0.201,0.111,-0.602,-0.367,0.596,-0.384,1384996096.000,0.003,26289,26341,0,1,45,14.300,632.590,26246,26178,1371,1391,0
132311,-0.038,-0.100,-2.818,-0.221,0.317,0.086,-0.610,-0.355,0.592,-0.389,1384996096.000,0.000,26143,26486,19,-3,46,14.290,622.350,26385,26178,1328,1404,0
132411,-0.048,-0.161,-2.554,-0.003,-0.162,-0.024,-0.613,-0.352,0.591,-0.388,1384996096.000,0.000,26280,26351,-5,4,46,14.290,622.350,26385,26178,1328,1404,0
132511,-0.043,-0.104,-2.242,-0.027,-0.149,-0.012,-0.609,-0.355,0.597,-0.383,1384996096.000,-0.000,26254,26377,-1,3,46,14.290,622.350,26385,26178,1328,1404,0
132611,0.027,-0.181,-2.035,-0.004,-0.019,-0.028,-0.607,-0.356,0.600,-0.381,1385780352.000,-0.001,26383,26263,6,-5,46,14.270,622.350,26178,26385,1385,1357,0
132710,0.138,-0.223,-1.903,-0.051,-0.082,0.029,-0.607,-0.356,0.600,-0.380,1415584384.000,-0.003,26704,26505,5,0,46,14.270,622.350,26178,26385,1385,1357,0
132810,-0.116,0.026,-1.851,-0.230,-0.203,-0.011,-0.602,-0.355,0.609,-0.375,1384996096.000,0.000,26186,26444,1,14,46,14.290,550.670,26385,26737,1292,1297,0
132910,-0.091,0.021,-2.390,0.052,0.118,-0.067,-0.604,-0.356,0.608,-0.372,1384996096.000,0.000,26267,26364,1,-5,46,14.290,550.670,26385,26737,1292,1297,0
133010,-0.074,0.011,-2.518,-0.214,-0.028,-0.031,-0.608,-0.354,0.608,-0.369,1384996096.000,0.000,26229,26402,6,10,46,14.290,550.670,26385,26737,1292,1297,0
133109,-0.060,0.004,-2.303,-0.084,0.097,-0.038,-0.612,-0.350,0.610,-0.363,1387348992.000,0.000,26275,26401,4,-1,45,14.250,612.110,26455,26109,1311,1434,0
133209,-0.048,-0.027,-2.115,-0.140,0.084,-0.036,-0.617,-0.346,0.607,-0.362,1435192192.000,0.000,26733,26843,7,3,45,14.250,612.110,26455,26109,1311,1434,0
133309,-0.034,-0.117,-1.808,-0.227,-0.027,-0.049,-0.621,-0.341,0.610,-0.354,1384996096.000,-0.000,26287,26344,8,5,45,14.250,612.110,26455,26109,1311,1434,0
133409,0.076,-0.293,-2.108,-0.040,-0.022,-0.030,-0.624,-0.338,0.612,-0.348,1384996096.000,-0.001,26378,26252,6,-7,47,14.280,632.590,26455,26315,1315,1356,0
133508,0.097,-0.143,-2.270,-0.141,-0.347,0.052,-0.619,-0.338,0.620,-0.344,1384996096.000,-0.001,26286,26345,-3,13,47,14.280,632.590,26455,26315,1315,1356,0
133608,-0.038,0.066,-2.521,-0.112,-0.063,-0.029,-0.614,-0.336,0.631,-0.335,1384996096.000,-0.000,26278,26353,1,4,47,14.280,601.870,26109,26595,1350,1348,0
133707,-0.020,0.043,-2.929,-0.127,0.108,-0.051,-0.618,-0.335,0.629,-0.333,1384996096.000,-0.000,26307,26324,7,3,47,14.280,601.870,26109,26595,1350,1348,0
133807,0.002,0.032,-3.411,-0.258,-0.020,-0.066,-0.624,-0.329,0.630,-0.325,1384996096.000,-0.000,26341,26289,5,10,47,14.300,622.350,26455,26246,1330,1368,0
133907,0.036,0.036,-3.373,-0.134,0.021,-0.094,-0.628,-0.325,0.633,-0.316,1384996096.000,0.000,26402,26229,3,3,47,14.300,622.350,26455,26246,1330,1368,0
134007,0.075,0.022,-2.907,-0.117,0.048,-0.088,-0.632,-0.325,0.631,-0.311,1384996096.000,-0.000,26422,26208,4,4,47,14.270,571.150,26455,26246,1363,1341,0
134107,0.103,0.010,-2.795,-0.233,0.033,-0.060,-0.638,-0.320,0.632,-0.302,1384996096.000,-0.000,26422,26209,7,7,47,14.270,571.150,26455,26246,1363,1341,0
134207,0.120,-0.004,-2.641,-0.153,0.041,-0.023,-0.643,-0.315,0.633,-0.296,1384996096.000,-0.000,26407,26223,5,4,47,14.260,581.390,26737,26041,1290,1395,0
134307,0.125,-0.020,-2.450,-0.093,0.057,0.002,-0.646,-0.310,0.633,-0.293,1384996096.000,-0.000,26397,26233,5,2,47,14.260,581.390,26737,26041,1290,1395,0
134407,0.117,-0.034,-2.742,-0.028,0.012,0.029,-0.648,-0.308,0.632,-0.292,1384996096.000,0.200,26376,26254,8,8,47,14.260,591.630,26246,26455,1403,1302,0
134507,0.098,-0.035,-2.769,0.147,0.024,0.057,-0.647,-0.307,0.633,-0.294,1384996096.000,0.400,26341,26290,6,4,47,14.260,591.630,26246,26455,1403,1302,0
134607,0.075,-0.051,-2.491,0.261,0.051,0.071,-0.644,-0.313,0.627,-0.306,1384996096.000,0.200,26313,26318,1,-3,47,14.260,591.630,26246,26455,1403,1302,0
134707,0.045,-0.040,-2.469,-0.018,-0.042,0.079,-0.641,-0.313,0.629,-0.310,1384996096.000,0.300,26287,26344,10,12,47,14.260,591.630,26455,25974,1329,1445,0
134807,0.013,-0.039,-2.360,0.230,0.012,0.097,-0.638,-0.314,0.628,-0.316,1384996096.000,-0.000,26236,26395,-7,-9,47,14.260,591.630,26455,25974,1329,1445,0
134907,-0.025,-0.021,-2.255,-0.270,-0.093,0.096,-0.635,-0.311,0.632,-0.317,1384996096.000,0.100,26210,26421,12,17,47,14.280,601.870,26246,26595,1356,1312,0
135007,-0.053,-0.014,-2.606,0.131,0.014,0.053,-0.634,-0.306,0.636,-0.316,1386564736.000,0.100,26247,26413,-3,-5,47,14.280,601.870,26246,26595,1356,1312,0
135107,-0.072,0.001,-2.544,0.052,-0.137,0.050,-0.630,-0.310,0.635,-0.322,1403035264.000,0.400,26377,26595,8,17,48,14.250,550.670,26041,26178,1458,1469,0
135207,-0.088,0.026,-2.265,0.374,-0.003,0.023,-0.623,-0.316,0.636,-0.327,1384996096.000,0.700,26214,26416,8,8,48,14.250,550.670,26041,26178,1458,1469,0
135307,-0.092,0.015,-2.591,0.708,-0.016,0.000,-0.615,-0.332,0.626,-0.345,1384996096.000,1.000,26226,26405,8,10,48,14.270,581.390,26246,26595,1357,1312,0
135407,-0.091,0.027,-2.510,0.899,-0.064,-0.012,-0.600,-0.357,0.614,-0.367,1384996096.000,1.100,26227,26403,4,9,48,14.270,581.390,26246,26595,1357,1312,0
135507,-0.084,0.035,-2.067,1.054,-0.031,-0.043,-0.582,-0.386,0.597,-0.394,1384996096.000,1.300,26264,26367,7,10,48,14.230,601.870,26315,26737,1349,1275,0
135607,-0.071,0.031,-2.020,1.243,0.000,-0.053,-0.560,-0.419,0.574,-0.425,1384996096.000,1.200,26277,26354,-2,-1,48,14.230,601.870,26315,26737,1349,1275,0
135707,-0.054,0.017,-2.071,1.087,0.041,-0.061,-0.536,-0.453,0.545,-0.458,1384996096.000,0.900,26295,26335,0,-1,48,14.250,591.630,26525,26109,1311,1417,0
135807,-0.029,0.006,-2.070,0.691,-0.010,-0.069,-0.518,-0.477,0.523,-0.480,1384996096.000,0.700,26322,26309,5,7,48,14.250,591.630,26525,26109,1311,1417,0
135908,-0.003,-0.002,-2.429,0.694,0.073,-0.078,-0.505,-0.495,0.505,-0.495,1384996096.000,0.400,26357,26274,-4,-8,48,14.250,591.630,26525,26109,1311,1417,0
136007,0.025,-0.001,-2.193,0.324,-0.099,-0.062,-0.493,-0.510,0.489,-0.507,1384996096.000,0.200,26361,26270,-2,6,48,14.250,591.630,26246,26525,1401,1294,0
136108,0.047,0.007,-1.898,0.143,0.062,-0.052,-0.488,-0.518,0.483,-0.511,1384996096.000,0.000,26376,26254,3,-1,48,14.250,591.630,26246,26525,1401,1294,0
136208,0.062,-0.010,-2.304,-0.014,0.031,-0.027,-0.488,-0.519,0.479,-0.513,1398329472.000,0.000,26490,26393,5,4,48,14.260,540.430,26455,26455,1352,1304,0
136308,0.072,-0.010,-2.351,-0.091,-0.042,-0.019,-0.490,-0.518,0.479,-0.511,1433623552.000,0.000,26831,26715,4,7,48,14.260,540.430,26455,26455,1352,1304,0
136407,0.073,-0.001,-1.854,-0.124,0.004,0.003,-0.492,-0.516,0.483,-0.508,1384996096.000,0.000,26358,26273,6,6,48,14.200,425.230,27027,27100,1395,1345,0
136508,0.072,-0.006,-1.746,-0.103,0.033,-0.002,-0.495,-0.513,0.485,-0.506,1384996096.000,0.000,26370,26260,6,4,48,14.200,425.230,27027,27100,1395,1345,0
136607,0.188,-0.009,-2.179,-0.186,-0.016,0.016,-0.499,-0.510,0.488,-0.503,1384996096.000,0.000,26521,26108,7,9,48,14.230,571.150,26595,26525,1371,1237,0
136708,0.255,0.001,-2.151,-0.276,-0.062,0.091,-0.501,-0.505,0.495,-0.498,1384996096.000,0.000,26460,26170,8,13,48,14.230,571.150,26595,26525,1371,1237,0
136808,-0.005,0.061,-1.805,-0.426,-0.063,0.159,-0.504,-0.495,0.508,-0.492,1380290176.000,-0.000,26017,26521,10,17,48,14.230,571.150,26595,26525,1371,1237,0
136907,-0.030,0.075,-1.944,-0.259,-0.050,-0.004,-0.512,-0.484,0.521,-0.482,1184996096.000,-0.000,24361,24321,2,9,48,14.470,612.110,24937,25445,1243,1191,0
137008,-0.032,0.090,-1.925,-0.160,-0.056,0.019,-0.514,-0.481,0.526,-0.477,1384996096.000,-0.000,26280,26351,3,10,48,14.470,612.110,24937,25445,1243,1191,0
137107,-0.046,0.110,-1.875,-0.306,-0.044,0.048,-0.518,-0.474,0.535,-0.470,1384996096.000,-0.000,26235,26395,7,14,47,14.220,550.670,26109,26455,1423,1369,0
137207,-0.057,0.100,-2.205,-0.138,0.151,0.014,-0.523,-0.467,0.540,-0.466,1384996096.000,-0.000,26268,26363,7,3,47,14.220,550.670,26109,26455,1423,1369,0
137307,-0.053,0.127,-2.456,-0.184,0.176,-0.046,-0.532,-0.459,0.537,-0.467,1384996096.000,0.000,26336,26295,8,8,47,14.220,550.670,26109,26455,1423,1369,0
137407,0.103,0.393,-2.546,-0.148,0.173,-0.061,-0.542,-0.452,0.536,-0.462,1384996096.000,0.002,26483,26147,-1,13,49,14.180,540.430,26455,26041,1359,1417,0
137507,-0.020,-0.075,-2.481,-0.221,0.441,-0.011,-0.555,-0.440,0.531,-0.465,1384996096.000,0.000,26217,26414,27,-8,49,14.180,540.430,26455,26041,1359,1417,0
137607,0.004,-0.185,-2.653,-0.202,0.034,-0.153,-0.570,-0.429,0.526,-0.464,1384996096.000,0.000,26505,26125,9,6,49,14.230,530.190,26455,26455,1365,1290,0
137707,0.180,-0.184,-2.469,-0.046,-0.182,-0.131,-0.570,-0.435,0.530,-0.453,1384996096.000,-0.001,26646,25981,3,6,49,14.230,530.190,26455,26455,1365,1290,0
137807,0.473,-0.256,-2.295,-0.029,-0.068,0.104,-0.569,-0.437,0.532,-0.450,1384996096.000,-0.005,26632,25995,9,1,49,14.230,530.190,26455,26455,1365,1290,0
137907,0.528,-0.276,-2.023,-0.170,-0.217,0.271,-0.564,-0.431,0.544,-0.448,1428133376.000,-0.006,26921,26522,8,8,49,14.240,581.390,27027,25773,1356,1379,0
138007,-0.117,0.042,-1.914,-0.236,-0.326,0.267,-0.555,-0.423,0.562,-0.444,1476760832.000,0.000,26686,27652,-2,22,49,14.240,581.390,27027,25773,1356,1379,0
138107,-0.123,0.053,-1.730,0.023,0.104,-0.124,-0.557,-0.417,0.573,-0.433,1423427456.000,-0.000,26824,26532,2,-5,49,14.220,550.670,26737,26385,1412,1393,0
138207,-0.081,0.017,-1.676,-0.133,0.001,-0.090,-0.561,-0.420,0.566,-0.434,1422643200.000,0.000,26765,26576,8,11,49,14.220,550.670,26737,26385,1412,1393,0
138307,-0.055,-0.016,-1.823,-0.101,0.068,-0.053,-0.567,-0.416,0.570,-0.426,1384996096.000,-0.000,26390,26241,8,2,49,14.220,550.670,26737,26385,1412,1393,0
138407,0.281,-0.139,-1.953,0.098,0.047,0.004,-0.569,-0.416,0.565,-0.428,1368525568.000,-0.002,26558,25753,5,-3,49,14.250,519.950,26809,25906,1292,1405,0
138507,0.830,-0.374,-1.978,0.322,-0.219,0.394,-0.558,-0.420,0.566,-0.438,1367741184.000,-0.017,26628,25665,-2,-8,49,14.250,519.950,26809,25906,1292,1405,0
138607,0.338,-0.262,-1.956,-0.271,-0.277,0.657,-0.536,-0.409,0.586,-0.449,1384996096.000,-0.016,25937,26688,14,17,49,14.190,530.190,26041,26737,1311,1385,0
138707,-0.492,0.119,-2.116,-0.409,-0.080,0.148,-0.529,-0.394,0.604,-0.448,1384996096.000,-0.008,25820,26801,12,23,49,14.190,530.190,26041,26737,1311,1385,0
138807,-0.417,0.085,-2.348,0.534,0.230,-0.281,-0.532,-0.404,0.592,-0.451,1384996096.000,-0.006,26385,26246,-7,-18,49,14.190,530.190,26041,26737,1311,1385,0
138907,-0.125,-0.513,-2.553,-0.132,-0.023,-0.166,-0.535,-0.414,0.579,-0.456,1384996096.000,-0.016,26522,26107,27,-1,49,14.250,571.150,26246,26385,1372,1350,0
139007,-0.078,-0.554,-2.270,0.249,-0.414,-0.012,-0.531,-0.421,0.582,-0.450,1384996096.000,-0.017,26292,26339,-5,-4,49,14.250,571.150,26246,26385,1372,1350,0
139107,-0.312,0.232,-2.257,0.299,-0.376,-0.012,-0.510,-0.440,0.587,-0.449,1384996096.000,-0.006,25978,26649,-20,16,49,14.250,571.150,26246,26385,1372,1350,0
139207,-0.279,0.287,-2.311,0.200,0.279,-0.183,-0.508,-0.447,0.583,-0.450,1384996096.000,-0.004,26335,26296,3,-5,50,14.220,519.950,25974,26666,1364,1357,0
139307,-0.803,0.305,-2.504,0.224,0.356,-0.336,-0.518,-0.452,0.561,-0.462,1384996096.000,-0.008,25897,26728,0,0,50,14.220,519.950,25974,26666,1364,1357,0
139407,-0.801,0.455,-2.696,0.229,0.092,-0.546,-0.529,-0.464,0.545,-0.456,1384996096.000,-0.015,26196,26434,-12,7,50,14.210,499.470,26041,26595,1405,1321,0
139507,0.051,0.042,-2.678,0.612,0.536,-0.448,-0.537,-0.483,0.512,-0.465,1384996096.000,-0.002,27075,25533,8,-30,50,14.210,499.470,26041,26595,1405,1321,0
139607,0.134,-0.067,-2.477,0.128,-0.029,0.139,-0.538,-0.491,0.489,-0.480,1384996096.000,-0.003,26153,26477,4,11,50,14.210,499.470,26041,26595,1405,1321,0
139707,0.103,0.011,-2.401,0.158,-0.226,0.101,-0.529,-0.493,0.500,-0.477,1384996096.000,-0.002,26300,26331,-8,4,50,14.230,540.430,26315,26385,1366,1344,0
139807,0.235,-0.114,-2.938,0.473,0.041,0.122,-0.513,-0.504,0.492,-0.491,1384996096.000,-0.001,26457,26173,-1,-12,50,14.230,540.430,26315,26385,1366,1344,0
139907,0.264,-0.135,-2.868,0.051,-0.231,0.323,-0.499,-0.507,0.494,-0.500,1384996096.000,-0.001,26184,26446,2,11,50,14.230,540.430,26315,26385,1366,1344,0
140007,-0.045,0.140,-2.731,0.008,-0.146,0.117,-0.488,-0.507,0.506,-0.500,1384996096.000,-0.000,26188,26442,-4,10,50,14.210,530.190,25906,26809,1351,1357,0
140107,-0.036,0.143,-2.593,0.298,0.037,-0.068,-0.482,-0.513,0.500,-0.505,1384996096.000,0.000,26375,26255,-6,-3,50,14.210,530.190,25906,26809,1351,1357,0
140207,-0.017,0.143,-2.707,-0.134,-0.038,-0.060,-0.482,-0.516,0.498,-0.504,1384996096.000,-0.000,26355,26275,4,14,50,14.210,530.190,25906,26809,1351,1357,0
140307,0.010,0.167,-3.039,-0.060,0.177,-0.087,-0.488,-0.513,0.497,-0.501,1384996096.000,0.000,26409,26222,5,3,50,14.190,509.710,26455,26109,1347,1406,0
140407,-0.143,0.226,-3.170,-0.166,0.296,-0.209,-0.500,-0.508,0.489,-0.503,1384996096.000,-0.003,26388,26243,9,6,50,14.190,509.710,26455,26109,1347,1406,0
140507,-0.027,0.028,-2.942,0.006,0.303,-0.288,-0.516,-0.505,0.477,-0.502,1384996096.000,-0.003,26598,26030,8,-6,50,14.250,509.710,26595,25906,1360,1394,0
140607,0.264,-0.168,-2.806,0.056,0.109,-0.177,-0.525,-0.507,0.464,-0.502,1384996096.000,0.000,26766,25857,7,-4,50,14.250,509.710,26595,25906,1360,1394,0
140707,0.257,-0.237,-2.678,0.072,-0.149,0.229,-0.521,-0.510,0.462,-0.505,1384996096.000,0.001,26207,26423,2,3,50,14.210,571.150,26178,25974,1368,1373,0
140807,0.228,-0.346,-2.446,0.046,-0.166,0.268,-0.512,-0.506,0.476,-0.505,1384996096.000,0.000,26283,26348,4,-4,50,14.210,571.150,26178,25974,1368,1373,0
140907,0.195,-0.222,-2.296,0.354,-0.276,0.270,-0.493,-0.512,0.482,-0.512,1384996096.000,-0.001,26296,26335,-9,-3,50,14.210,571.150,26178,25974,1368,1373,0
141007,0.161,-0.166,-1.985,0.223,-0.229,0.318,-0.473,-0.518,0.489,-0.518,1384996096.000,-0.002,26188,26442,-3,0,50,14.190,509.710,26041,26525,1421,1320,0
141107,0.040,-0.130,-2.084,0.206,-0.069,0.282,-0.457,-0.518,0.495,-0.526,1428917632.000,-0.002,26528,26929,0,-3,50,14.190,509.710,26041,26525,1421,1320,0
141207,-0.281,0.091,-2.232,0.287,-0.040,0.142,-0.444,-0.520,0.495,-0.536,1448525568.000,0.001,26555,27264,-7,0,51,14.160,312.590,26315,27397,1414,1414,0
141307,-0.288,0.139,-2.040,0.423,0.046,-0.057,-0.435,-0.526,0.486,-0.545,1384996096.000,0.002,26165,26465,-10,-6,51,14.160,312.590,26315,27397,1414,1414,0
141407,-0.258,0.053,-2.213,0.324,0.053,-0.107,-0.429,-0.535,0.472,-0.554,1438329472.000,0.001,26698,26936,-3,-4,51,14.210,445.710,26246,26737,1353,1291,0
141507,-0.286,0.052,-2.106,0.106,-0.092,-0.119,-0.426,-0.542,0.464,-0.556,1479113728.000,0.001,27015,27373,-2,7,51,14.210,445.710,26246,26737,1353,1291,0
141607,-0.217,0.096,-2.339,0.236,-0.136,-0.213,-0.424,-0.553,0.459,-0.551,1384996096.000,-0.000,26309,26321,-10,1,51,14.130,220.430,27173,27322,1161,1125,0
141707,-0.638,0.116,-2.668,0.113,-0.029,-0.214,-0.421,-0.565,0.448,-0.551,1384996096.000,-0.003,25710,26907,-1,5,51,14.130,220.430,27173,27322,1161,1125,0
141807,-0.460,0.117,-2.484,0.162,-0.017,-0.590,-0.433,-0.574,0.436,-0.541,1456368640.000,-0.002,27198,26770,-8,-1,51,14.160,302.350,27247,26809,1410,1392,0
141907,0.194,0.130,-2.450,0.494,-0.022,-0.262,-0.431,-0.594,0.411,-0.541,1384996096.000,0.003,26667,25959,-14,-5,51,14.160,302.350,27247,26809,1410,1392,0
142007,0.220,0.131,-2.158,-0.343,-0.008,0.024,-0.434,-0.594,0.411,-0.539,1479898112.000,0.003,27254,27150,11,19,51,14.030,394.510,27397,27100,1410,1460,0
142107,0.273,0.122,-2.030,0.374,0.061,0.079,-0.431,-0.594,0.410,-0.542,1384996096.000,0.003,26430,26201,-13,-10,51,14.030,394.510,27397,27100,1410,1460,0
142207,0.220,0.118,-2.322,-0.059,-0.034,0.194,-0.423,-0.594,0.408,-0.549,1384996096.000,0.002,26255,26376,2,12,51,14.030,394.510,27397,27100,1410,1460,0
142307,0.147,0.205,-2.505,0.016,0.102,0.174,-0.421,-0.588,0.417,-0.551,1384996096.000,0.001,26253,26377,-3,3,51,14.200,455.950,26109,26666,1402,1288,0
142407,0.084,0.215,-2.245,0.162,0.178,0.142,-0.416,-0.584,0.414,-0.561,1384996096.000,-0.000,26235,26395,-4,-1,51,14.200,455.950,26109,26666,1402,1288,0
142507,0.119,0.446,-2.215,0.061,0.291,0.117,-0.414,-0.577,0.411,-0.572,1384996096.000,0.001,26321,26309,-3,5,51,14.180,425.230,26109,26041,1401,1450,0
142607,-0.024,-0.039,-1.923,0.037,0.403,0.170,-0.415,-0.566,0.406,-0.586,1414015744.000,0.000,26315,26861,14,-11,51,14.180,425.230,26109,26041,1401,1450,0
142707,-0.071,-0.141,-2.257,-0.156,-0.211,0.031,-0.417,-0.557,0.408,-0.591,1384996096.000,0.001,26225,26405,-1,13,52,14.170,281.870,26246,26809,1393,1390,0
142807,-0.077,0.020,-2.162,0.048,-0.143,0.010,-0.413,-0.563,0.414,-0.584,1384996096.000,0.001,26211,26419,-6,4,52,14.170,281.870,26246,26809,1393,1390,0
142907,-0.077,0.025,-2.134,0.001,0.070,-0.018,-0.412,-0.564,0.415,-0.584,1384996096.000,0.001,26234,26396,3,1,52,14.200,384.270,26455,26109,1309,1443,0
143007,-0.065,-0.084,-2.575,0.012,0.048,-0.051,-0.415,-0.562,0.412,-0.585,1384996096.000,0.000,26274,26357,3,-1,52,14.200,384.270,26455,26109,1309,1443,0
143107,-0.091,-0.081,-2.623,0.027,-0.087,-0.096,-0.416,-0.564,0.410,-0.583,1388917632.000,0.000,26305,26400,-2,3,52,14.160,302.350,26737,26666,1370,1373,0
143207,0.011,0.000,-3.115,0.058,-0.204,-0.141,-0.417,-0.570,0.410,-0.577,1384996096.000,-0.000,26461,26169,-8,7,52,14.160,302.350,26737,26666,1370,1373,0
143307,0.052,0.062,-3.013,0.006,-0.128,-0.051,-0.415,-0.578,0.410,-0.570,1384996096.000,-0.000,26342,26288,-3,7,52,14.190,425.230,26246,26315,1396,1351,0
143408,0.066,0.091,-3.135,-0.039,-0.014,-0.021,-0.415,-0.581,0.411,-0.567,1384996096.000,0.000,26340,26290,0,6,52,14.190,425.230,26246,26315,1396,1351,0
143507,0.074,0.088,-2.837,-0.130,0.014,-0.020,-0.419,-0.579,0.413,-0.565,1413231360.000,0.000,26629,26536,2,8,52,14.190,425.230,26246,26315,1396,1351,0
143607,0.080,0.098,-2.304,-0.131,-0.017,-0.003,-0.423,-0.577,0.416,-0.562,1384996096.000,0.000,26351,26280,0,9,52,14.170,322.830,26666,26455,1386,1399,0
143707,0.080,0.110,-2.497,-0.134,-0.038,0.012,-0.426,-0.574,0.420,-0.558,1384996096.000,0.000,26342,26289,-1,9,52,14.170,322.830,26666,26455,1386,1399,0
143807,0.081,0.161,-2.605,-0.141,0.004,-0.002,-0.430,-0.572,0.425,-0.555,1433623552.000,-0.000,26826,26720,-1,9,52,14.160,292.110,26809,26881,1412,1350,0
143907,0.086,0.189,-2.237,-0.084,0.116,-0.013,-0.434,-0.568,0.426,-0.554,1479113728.000,-0.000,27267,27123,0,5,52,14.160,292.110,26809,26881,1412,1350,0
144008,0.097,0.143,-2.218,-0.114,0.157,-0.033,-0.440,-0.563,0.424,-0.556,1384996096.000,-0.000,26428,26202,3,6,52,14.250,302.350,26315,26246,1388,1338,0
144108,0.114,0.463,-2.582,-0.218,0.188,-0.051,-0.450,-0.556,0.424,-0.556,1384996096.000,-0.003,26466,26164,-4,18,52,14.250,302.350,26315,26246,1388,1338,0
144207,0.213,0.569,-2.241,-0.198,0.373,-0.027,-0.462,-0.545,0.424,-0.557,1384996096.000,-0.002,26573,26055,1,10,52,14.250,302.350,26315,26246,1388,1338,0
144308,0.246,-0.095,-2.301,-0.152,0.554,0.054,-0.476,-0.527,0.416,-0.568,1384996096.000,-0.003,26484,26146,22,-12,52,14.170,425.230,26666,25906,1351,1395,0
144407,0.202,-0.308,-2.349,-0.270,-0.442,0.078,-0.482,-0.518,0.425,-0.565,1384996096.000,-0.002,26439,26191,-3,18,52,14.170,425.230,26666,25906,1351,1395,0
144507,0.242,-0.325,-2.456,-0.024,-0.337,0.110,-0.472,-0.527,0.441,-0.553,1407741184.000,-0.003,26706,26354,0,1,52,14.170,363.790,26178,26315,1432,1335,0
144607,-0.015,-0.045,-2.131,-0.141,-0.309,0.161,-0.465,-0.529,0.453,-0.547,1450878464.000,0.000,26727,27140,-4,16,52,14.170,363.790,26178,26315,1432,1335,0
144707,-0.042,0.065,-1.796,0.029,-0.293,-0.001,-0.459,-0.534,0.467,-0.535,1384996096.000,0.000,26358,26273,-11,8,52,14.170,363.790,26178,26315,1432,1335,0
144807,-0.043,0.109,-1.833,0.140,-0.059,0.012,-0.451,-0.541,0.465,-0.537,1384996096.000,0.000,26317,26314,-6,4,52,14.190,384.270,26178,26315,1417,1344,0
144907,-0.053,0.156,-1.910,-0.061,-0.069,0.027,-0.449,-0.542,0.468,-0.534,1384996096.000,0.000,26291,26340,-2,11,52,14.190,384.270,26178,26315,1417,1344,0
145007,-0.068,0.128,-2.040,0.108,0.129,0.040,-0.448,-0.541,0.467,-0.537,1384996096.000,0.000,26259,26371,-2,0,52,14.150,414.990,26178,26246,1394,1398,0
145107,-0.087,0.074,-1.821,0.046,0.076,0.049,-0.447,-0.539,0.464,-0.543,1384996096.000,0.000,26229,26401,-1,4,52,14.150,414.990,26178,26246,1394,1398,0
145207,-0.096,0.074,-1.930,0.026,0.058,-0.014,-0.447,-0.537,0.463,-0.545,1384996096.000,0.000,26297,26333,-1,5,52,14.150,414.990,26178,26246,1394,1398,0
145307,-0.082,0.072,-2.482,0.032,0.049,-0.042,-0.449,-0.537,0.460,-0.546,1428133376.000,0.000,26725,26719,-2,5,53,14.200,435.470,26246,26246,1388,1375,0
145407,-0.063,0.057,-2.068,0.054,0.092,-0.053,-0.451,-0.537,0.456,-0.548,1444603904.000,0.000,26897,26855,-1,2,53,14.200,435.470,26246,26246,1388,1375,0
145507,-0.046,0.022,-1.414,0.042,0.132,-0.036,-0.453,-0.536,0.451,-0.551,1384996096.000,0.000,26324,26306,2,1,53,14.180,271.630,26315,26455,1375,1317,0
145607,-0.031,-0.022,-1.643,0.092,0.110,-0.029,-0.455,-0.535,0.445,-0.555,1384996096.000,0.000,26328,26303,0,-1,53,14.180,271.630,26315,26455,1375,1317,0
145707,-0.017,-0.034,-1.955,0.147,-0.008,-0.039,-0.454,-0.537,0.440,-0.558,1414015744.000,0.000,26634,26545,-4,1,53,14.180,271.630,26315,26455,1375,1317,0
145807,0.006,-0.020,-1.888,0.158,-0.067,-0.063,-0.450,-0.543,0.436,-0.559,1384996096.000,-0.000,26406,26225,-5,3,53,14.210,333.070,26178,26246,1427,1347,0
145907,0.154,-0.004,-2.167,0.120,-0.094,-0.043,-0.446,-0.550,0.432,-0.559,1434407808.000,-0.000,27013,26546,-5,5,53,14.210,333.070,26178,26246,1427,1347,0
146007,0.126,0.027,-2.154,0.124,-0.120,0.104,-0.438,-0.556,0.430,-0.561,1446956928.000,0.000,26881,26915,-6,6,53,14.210,333.070,26178,26246,1427,1347,0
146107,-0.017,0.026,-2.120,-0.084,-0.042,0.023,-0.435,-0.555,0.435,-0.560,1384996096.000,0.000,26322,26308,1,8,53,14.210,302.350,26178,26737,1342,1298,0
146207,-0.024,0.027,-1.991,0.262,0.040,0.028,-0.432,-0.557,0.433,-0.562,1435976448.000,0.000,26774,26817,-8,-5,53,14.210,302.350,26178,26737,1342,1298,0
146307,-0.034,0.018,-1.540,0.149,0.017,0.022,-0.425,-0.560,0.427,-0.568,1439898112.000,0.000,26809,26854,-3,2,53,14.210,302.350,26178,26737,1342,1298,0
146407,-0.049,0.041,-1.535,0.021,0.052,0.047,-0.423,-0.560,0.426,-0.571,1384996096.000,0.000,26244,26387,0,4,53,14.120,240.910,26737,26881,1265,1233,0
146507,-0.065,0.004,-1.416,0.187,0.208,0.040,-0.422,-0.557,0.421,-0.578,1450094080.000,0.000,26852,27001,-1,-7,53,14.120,240.910,26737,26881,1265,1233,0
146607,-0.074,-0.045,-1.514,0.206,0.087,0.023,-0.418,-0.557,0.412,-0.587,1384996096.000,0.001,26246,26384,-3,-2,53,14.180,220.430,26246,26246,1365,1391,0
146707,-0.076,-0.051,-2.259,0.160,-0.067,-0.002,-0.413,-0.560,0.408,-0.590,1461074560.000,0.001,26983,27074,-5,2,53,14.180,220.430,26246,26246,1365,1391,0
146807,-0.187,-0.050,-1.922,0.178,-0.037,-0.077,-0.408,-0.567,0.403,-0.592,1384996096.000,0.001,26212,26418,-4,-1,53,14.180,220.430,26246,26246,1365,1391,0
146907,-0.535,-0.225,-2.150,0.074,0.008,-0.222,-0.409,-0.572,0.396,-0.591,1384996096.000,0.005,25965,26661,5,-3,53,14.160,353.550,26178,26455,1390,1335,0
147007,-0.447,-0.287,-2.474,0.161,-0.188,-0.532,-0.420,-0.582,0.386,-0.580,1384996096.000,0.009,26488,26141,-6,-3,53,14.160,353.550,26178,26455,1390,1335,0
147107,0.145,-0.064,-2.532,0.346,-0.182,-0.333,-0.422,-0.601,0.369,-0.569,1384996096.000,0.004,26786,25836,-15,-2,53,14.160,353.550,26178,26455,1390,1335,0
147207,0.454,-0.114,-2.218,-0.187,0.022,0.000,-0.423,-0.606,0.367,-0.565,1384996096.000,0.005,26725,25900,13,6,53,14.160,343.310,26809,26041,1398,1282,0
147307,0.721,-0.287,-2.212,0.232,-0.157,0.299,-0.417,-0.605,0.370,-0.568,1406172544.000,0.003,26827,26201,-7,-6,53,14.160,343.310,26809,26041,1398,1282,0
147407,0.540,0.005,-1.779,-0.361,-0.343,0.481,-0.402,-0.604,0.392,-0.565,1447741184.000,0.002,26868,26942,1,27,54,14.090,261.390,27100,26737,1364,1366,0
147507,-0.004,0.175,-1.660,-0.241,0.116,0.392,-0.394,-0.594,0.412,-0.568,1418721536.000,-0.000,26211,27050,6,10,54,14.090,261.390,27100,26737,1364,1366,0
147607,-0.067,0.131,-2.024,0.044,0.201,0.097,-0.395,-0.584,0.416,-0.574,1418721536.000,-0.000,26582,26686,-2,-3,54,14.170,230.670,26455,26737,1418,1346,0
147707,-0.095,0.081,-1.922,-0.094,0.147,0.043,-0.397,-0.577,0.415,-0.580,1414800000.000,0.000,26546,26647,4,5,54,14.170,230.670,26455,26737,1418,1346,0
147807,-0.102,0.044,-1.826,-0.181,0.128,-0.007,-0.404,-0.570,0.418,-0.581,1446956928.000,0.000,26876,26919,5,6,54,14.170,230.670,26455,26737,1418,1346,0
147907,0.116,-0.147,-1.411,-0.077,0.129,0.014,-0.411,-0.564,0.419,-0.581,1384996096.000,-0.001,26504,26125,7,-3,54,14.060,158.990,26809,27173,1438,1349,0
148007,-0.051,-0.053,-1.870,-0.179,-0.032,0.076,-0.413,-0.559,0.422,-0.582,1384996096.000,0.000,26157,26472,3,10,54,14.060,158.990,26809,27173,1438,1349,0
148107,-0.107,0.009,-2.276,-0.173,0.081,-0.139,-0.421,-0.555,0.430,-0.575,1384996096.000,0.001,26428,26202,4,3,54,14.140,312.590,26178,25974,1361,1494,0
148207,-0.140,-0.186,-2.337,-0.207,0.083,-0.171,-0.431,-0.552,0.426,-0.572,1384996096.000,0.001,26368,26263,12,2,54,14.140,312.590,26178,25974,1361,1494,0
148307,-0.207,-0.502,-2.233,-0.279,-0.157,-0.273,-0.444,-0.552,0.429,-0.560,1384996096.000,0.006,26432,26198,13,2,54,14.190,261.390,26525,26525,1347,1281,0
148407,-0.051,-0.454,-2.329,0.057,-0.409,-0.282,-0.446,-0.567,0.430,-0.543,1384996096.000,0.008,26579,26049,-4,1,54,14.190,261.390,26525,26525,1347,1281,0
148507,0.123,-0.404,-2.347,-0.039,-0.341,-0.131,-0.443,-0.581,0.431,-0.529,1384996096.000,0.010,26554,26075,3,4,54,14.170,271.630,26525,25706,1433,1397,0
148607,0.256,0.265,-2.212,-0.084,-0.109,0.036,-0.441,-0.587,0.437,-0.519,1384996096.000,0.003,26509,26121,-6,14,54,14.170,271.630,26525,25706,1433,1397,0
148707,0.224,0.144,-2.303,-0.136,0.381,0.113,-0.447,-0.577,0.438,-0.525,1384996096.000,0.003,26444,26186,12,-2,54,14.140,230.670,26385,25839,1405,1441,0
148807,0.263,-0.012,-2.220,-0.022,0.158,0.144,-0.452,-0.565,0.437,-0.534,1402251008.000,0.002,26665,26291,3,-1,54,14.140,230.670,26385,25839,1405,1441,0
148907,0.438,-0.222,-2.472,0.006,-0.008,0.318,-0.448,-0.559,0.442,-0.540,1472839296.000,-0.002,27272,27001,4,-1,54,13.940,87.310,27548,26881,1481,1402,0
149007,0.248,-0.234,-2.636,-0.136,-0.106,0.387,-0.440,-0.551,0.457,-0.542,1384996096.000,-0.003,26188,26442,6,4,54,13.940,87.310,27548,26881,1481,1402,0
149108,0.024,-0.171,-2.614,-0.191,0.030,0.318,-0.434,-0.539,0.471,-0.547,1384996096.000,-0.003,26127,26502,10,3,54,14.160,240.910,26041,26246,1352,1409,0
149208,-0.255,0.107,-2.720,-0.042,0.089,0.039,-0.433,-0.532,0.478,-0.549,1384996096.000,0.001,26210,26421,0,3,54,14.160,240.910,26041,26246,1352,1409,0
149308,-0.253,0.001,-2.463,0.013,0.242,-0.027,-0.437,-0.527,0.471,-0.556,1384996096.000,0.002,26227,26403,8,-3,55,14.130,148.750,26315,26315,1354,1385,0
149408,-0.160,-0.192,-2.673,-0.104,0.130,-0.051,-0.444,-0.522,0.469,-0.557,1384996096.000,-0.000,26332,26299,11,-2,55,14.130,148.750,26315,26315,1354,1385,0
149508,-0.145,-0.328,-2.814,0.040,-0.076,-0.037,-0.446,-0.521,0.468,-0.557,1384996096.000,-0.002,26281,26350,4,-4,55,14.130,148.750,26315,26315,1354,1385,0
149608,-0.133,-0.442,-2.941,0.051,-0.209,-0.016,-0.443,-0.527,0.469,-0.554,1384996096.000,-0.004,26250,26381,5,-4,55,14.120,158.990,26455,26455,1339,1347,0
149708,-0.125,-0.373,-3.169,0.048,-0.369,0.013,-0.435,-0.535,0.473,-0.548,1384996096.000,-0.005,26220,26411,-1,3,55,14.120,158.990,26455,26455,1339,1347,0
149808,-0.136,-0.253,-2.826,0.059,-0.352,-0.001,-0.424,-0.547,0.480,-0.539,1384996096.000,-0.005,26224,26407,-2,4,54,14.130,148.750,25974,26666,1441,1307,0
149908,-0.513,-0.181,-2.797,-0.073,-0.156,-0.146,-0.419,-0.555,0.484,-0.531,1384996096.000,-0.002,25974,26652,6,4,54,14.130,148.750,25974,26666,1441,1307,0
150008,-0.419,0.142,-2.760,0.181,-0.099,-0.324,-0.423,-0.564,0.480,-0.522,1384996096.000,-0.003,26298,26333,-13,4,55,14.130,199.950,26041,26595,1407,1336,0
150108,-0.004,0.283,-2.775,0.278,0.267,-0.097,-0.424,-0.574,0.466,-0.523,1384996096.000,-0.000,26368,26262,-2,-7,55,14.130,199.950,26041,26595,1407,1336,0
150208,0.010,0.183,-3.017,-0.117,0.303,-0.034,-0.432,-0.567,0.458,-0.532,1384996096.000,0.000,26335,26295,9,4,55,14.140,148.750,26315,26246,1374,1389,0
150308,0.029,0.161,-2.918,0.166,0.221,-0.070,-0.437,-0.563,0.450,-0.539,1384996096.000,0.000,26404,26226,-3,-4,55,14.140,148.750,26315,26246,1374,1389,0
150409,-0.000,0.210,-2.819,-0.093,0.220,-0.069,-0.441,-0.560,0.441,-0.545,1384996096.000,-0.001,26358,26273,6,7,55,14.150,189.710,26385,26246,1375,1374,0
150509,-0.467,0.609,-2.632,-0.163,0.478,-0.260,-0.456,-0.551,0.436,-0.546,1461074560.000,-0.018,26775,27280,3,6,55,14.150,189.710,26385,26246,1375,1374,0
150609,-0.091,-0.050,-2.359,0.003,0.727,-0.458,-0.482,-0.538,0.413,-0.554,1384996096.000,-0.002,26864,25755,24,-22,55,14.150,189.710,26385,26246,1375,1374,0
150709,0.323,-0.317,-2.254,0.116,-0.296,-0.148,-0.495,-0.541,0.394,-0.555,1384996096.000,-0.000,26701,25924,-7,5,55,14.210,586.500,26881,26109,1446,1305,0
150809,0.578,-0.525,-2.082,0.008,-0.154,0.103,-0.492,-0.548,0.403,-0.543,1384996096.000,0.002,26700,25925,10,-10,55,14.210,586.500,26881,26109,1446,1305,0
150909,0.798,-0.656,-1.957,0.063,-0.551,0.497,-0.477,-0.552,0.412,-0.546,1418721536.000,-0.006,26788,26479,0,4,55,14.110,66.830,27247,25839,1368,1385,0
151009,0.108,0.087,-1.836,-0.526,-0.508,0.316,-0.457,-0.553,0.450,-0.532,1384996096.000,0.000,26158,26472,2,31,55,14.110,66.830,27247,25839,1368,1385,0
151109,0.036,0.050,-1.637,0.434,0.287,0.136,-0.451,-0.550,0.453,-0.537,1385780352.000,0.000,26329,26317,-3,-23,55,14.110,66.830,27247,25839,1368,1385,0
151209,-0.018,0.037,-1.552,-0.227,-0.172,0.127,-0.446,-0.548,0.454,-0.543,1384996096.000,-0.000,26261,26370,4,18,55,14.160,148.750,26385,25974,1364,1449,0
151309,0.006,-0.071,-1.641,0.153,0.174,0.068,-0.445,-0.545,0.459,-0.544,1384996096.000,-0.000,26385,26245,5,-14,55,14.160,148.750,26385,25974,1364,1449,0
151409,0.057,-0.303,-1.754,-0.034,-0.056,0.097,-0.442,-0.543,0.455,-0.551,1391270656.000,-0.003,26419,26331,10,0,55,14.090,97.550,26385,26385,1383,1339,0
151509,-0.123,0.113,-1.935,-0.074,-0.271,0.067,-0.437,-0.544,0.464,-0.546,1384996096.000,0.000,26169,26461,-9,17,55,14.090,97.550,26385,26385,1383,1339,0
151609,-0.111,0.125,-1.637,0.182,0.259,-0.091,-0.436,-0.547,0.464,-0.544,1384996096.000,0.000,26390,26241,2,-11,55,14.160,97.550,26385,26385,1389,1322,0
151710,-0.079,0.042,-1.581,-0.138,0.159,-0.081,-0.444,-0.542,0.454,-0.551,1384996096.000,0.000,26376,26255,9,6,55,14.160,97.550,26385,26385,1389,1322,0
151810,-0.048,-0.175,-2.218,0.136,0.106,-0.073,-0.450,-0.540,0.452,-0.550,1384996096.000,-0.000,26388,26243,5,-12,55,14.160,97.550,26385,26385,1389,1322,0
151910,-0.025,-0.391,-2.324,-0.023,-0.157,-0.036,-0.449,-0.542,0.447,-0.552,1384996096.000,-0.000,26361,26270,8,0,56,14.120,46.350,26246,26246,1422,1366,0
152010,-0.017,-0.210,-2.010,0.023,-0.369,0.000,-0.445,-0.550,0.455,-0.541,1384996096.000,-0.000,26331,26300,-6,5,56,14.120,46.350,26246,26246,1422,1366,0
152110,-0.020,0.121,-2.192,0.174,0.033,0.013,-0.435,-0.559,0.456,-0.539,1384996096.000,-0.000,26323,26308,-1,-3,56,14.140,138.510,26455,26246,1349,1381,0
152210,-0.024,0.040,-1.960,0.049,0.081,-0.002,-0.436,-0.557,0.451,-0.544,1384996096.000,-0.000,26345,26286,3,0,56,14.140,138.510,26455,26246,1349,1381,0
152310,-0.018,0.043,-2.203,0.111,-0.140,-0.028,-0.433,-0.560,0.449,-0.545,1384996096.000,-0.000,26375,26256,-6,5,56,14.140,138.510,26455,26246,1349,1381,0
152410,-0.010,0.128,-2.641,0.091,-0.057,-0.023,-0.429,-0.566,0.449,-0.543,1384996096.000,-0.000,26371,26260,-4,4,55,14.090,87.310,26455,26246,1370,1372,0
152510,-0.005,0.123,-2.602,0.074,0.086,-0.010,-0.427,-0.567,0.445,-0.545,1384996096.000,-0.000,26358,26273,1,0,55,14.090,87.310,26455,26246,1370,1372,0
152610,-0.003,0.081,-2.510,0.061,0.154,-0.004,-0.428,-0.565,0.441,-0.550,1384996096.000,-0.000,26349,26282,4,-1,55,14.090,87.310,26455,26246,1370,1372,0
152710,0.212,-0.031,-2.407,0.064,0.169,0.048,-0.430,-0.562,0.436,-0.556,1384996096.000,-0.000,26538,26091,5,-5,56,13.950,87.310,26178,26315,1444,1375,0
152810,0.105,-0.014,-2.196,-0.136,0.124,0.180,-0.430,-0.554,0.436,-0.564,1384996096.000,0.000,26213,26417,9,6,56,13.950,87.310,26178,26315,1444,1375,0
152911,-0.052,0.054,-2.062,-0.208,-0.051,0.082,-0.433,-0.546,0.447,-0.561,1384996096.000,0.001,26265,26365,1,6,56,14.130,56.590,26455,26737,1304,1301,0
153011,-0.112,0.035,-2.403,0.168,0.067,-0.061,-0.432,-0.546,0.445,-0.562,1384996096.000,0.001,26354,26277,-3,-6,56,14.130,56.590,26455,26737,1304,1301,0
153111,-0.080,0.011,-2.747,0.137,0.009,-0.071,-0.431,-0.551,0.438,-0.565,1384996096.000,0.000,26358,26273,-1,-1,56,14.130,56.590,26455,26737,1304,1301,0
153211,-0.070,-0.092,-2.578,0.007,-0.036,-0.003,-0.430,-0.553,0.436,-0.566,1384996096.000,0.000,26281,26349,5,1,56,14.130,138.510,26385,26595,1359,1304,0
153311,-0.074,-0.202,-2.342,0.034,-0.107,0.028,-0.428,-0.555,0.437,-0.564,1384996096.000,-0.000,26245,26385,3,-1,56,14.130,138.510,26385,26595,1359,1304,0
153410,-0.089,0.039,-2.125,0.098,-0.197,0.026,-0.421,-0.560,0.439,-0.562,1384996096.000,0.000,26249,26381,-8,6,56,14.130,138.510,26385,26595,1359,1304,0
153510,-0.096,0.111,-2.364,0.118,0.033,0.003,-0.415,-0.565,0.439,-0.562,1384996096.000,0.000,26261,26369,-1,-1,56,14.110,56.590,26315,26041,1361,1460,0
153610,-0.095,0.103,-2.570,0.126,0.150,-0.019,-0.416,-0.563,0.433,-0.568,1384996096.000,0.000,26279,26352,1,-1,56,14.110,56.590,26315,26041,1361,1460,0
153710,-0.440,0.120,-2.688,-0.027,0.061,-0.141,-0.419,-0.562,0.429,-0.570,1384996096.000,-0.001,25984,26643,1,6,56,14.110,56.590,26315,26041,1361,1460,0
153810,-0.348,0.089,-2.843,0.039,0.070,-0.381,-0.429,-0.565,0.422,-0.564,1384996096.000,-0.002,26444,26186,0,0,56,14.130,33.550,25706,26809,1426,1345,0
153910,0.102,-0.037,-2.838,0.257,0.006,-0.180,-0.433,-0.575,0.404,-0.565,1384996096.000,0.000,26566,26062,-4,-5,56,14.130,33.550,25706,26809,1426,1345,0
154009,0.186,0.008,-2.530,-0.206,-0.221,0.011,-0.432,-0.579,0.407,-0.558,1384996096.000,0.001,26433,26197,3,16,56,14.110,66.830,26455,25974,1406,1393,0
154109,0.170,0.025,-2.782,0.054,0.074,0.050,-0.432,-0.579,0.411,-0.556,1418721536.000,0.001,26731,26536,1,-4,56,14.110,66.830,26455,25974,1406,1393,0
154209,0.153,0.047,-2.155,0.014,0.038,0.043,-0.431,-0.577,0.410,-0.560,1384996096.000,0.000,26426,26204,1,3,56,14.080,576.260,26881,26525,1425,1431,0
154309,0.142,0.057,-2.129,-0.076,0.021,0.018,-0.431,-0.575,0.412,-0.560,1384996096.000,0.000,26457,26173,3,5,56,14.080,576.260,26881,26525,1425,1431,0
154408,0.126,0.055,-1.816,-0.036,0.142,0.054,-0.433,-0.571,0.412,-0.562,1466564736.000,-0.000,27163,26995,5,-1,56,14.080,576.260,26881,26525,1425,1431,0
154508,0.103,0.002,-1.934,-0.120,0.161,0.058,-0.438,-0.563,0.413,-0.566,1447741184.000,-0.000,26980,26829,8,1,56,14.040,525.060,27173,27247,1436,1359,0
154608,0.082,-0.082,-1.855,-0.039,-0.099,0.042,-0.439,-0.560,0.416,-0.566,1438329472.000,-0.000,26901,26734,0,3,56,14.040,525.060,27173,27247,1436,1359,0
154708,0.065,-0.026,-1.368,-0.071,-0.242,0.046,-0.435,-0.563,0.422,-0.561,1396760832.000,0.000,26492,26362,-3,10,56,14.070,606.980,26881,26595,1417,1433,0
154808,0.155,-0.195,-1.839,0.009,-0.278,0.056,-0.429,-0.569,0.430,-0.554,1384996096.000,-0.000,26499,26130,0,1,56,14.070,606.980,26881,26595,1417,1433,0
154907,0.110,-0.122,-2.016,0.006,-0.328,0.153,-0.418,-0.576,0.437,-0.550,1384996096.000,-0.001,26298,26332,-3,8,56,14.130,66.830,26595,26178,1325,1379,0
155007,-0.041,0.262,-2.228,-0.103,-0.161,0.049,-0.411,-0.579,0.449,-0.542,1384996096.000,-0.000,26316,26315,-5,13,56,14.130,66.830,26595,26178,1325,1379,0
155107,-0.053,0.241,-2.571,0.036,0.194,0.021,-0.411,-0.577,0.447,-0.546,1384996096.000,-0.000,26314,26317,1,0,56,14.100,46.350,26385,26315,1366,1368,0
155207,-0.053,0.191,-2.788,-0.078,0.192,-0.014,-0.417,-0.570,0.445,-0.550,1384996096.000,-0.000,26348,26283,3,4,56,14.100,46.350,26385,26315,1366,1368,0
155307,-0.040,0.140,-2.634,-0.151,0.159,-0.046,-0.425,-0.564,0.443,-0.552,1384996096.000,-0.000,26387,26243,5,6,57,14.120,33.550,26595,26385,1331,1333,0
155407,-0.020,0.106,-2.582,-0.203,0.083,-0.044,-0.434,-0.558,0.444,-0.550,1384996096.000,0.000,26389,26242,5,8,57,14.120,33.550,26595,26385,1331,1333,0
155507,-0.002,0.087,-2.890,-0.192,0.063,-0.038,-0.442,-0.553,0.447,-0.547,1393623552.000,0.000,26476,26319,4,7,57,14.090,637.700,26525,26109,1384,1423,0
155607,0.001,0.110,-2.554,-0.076,0.069,0.021,-0.447,-0.548,0.449,-0.545,1395976448.000,-0.000,26429,26410,0,4,57,14.090,637.700,26525,26109,1384,1423,0
155707,0.055,0.068,-2.053,0.043,0.099,0.026,-0.449,-0.545,0.449,-0.547,1384996096.000,0.000,26416,26214,0,-1,57,14.110,647.940,26385,26178,1401,1368,0
155807,0.057,0.100,-2.151,0.117,0.068,0.076,-0.447,-0.544,0.445,-0.554,1430486272.000,0.001,26761,26728,-3,2,57,14.110,647.940,26385,26178,1401,1368,0
155907,0.027,0.097,-2.224,-0.038,-0.002,0.067,-0.444,-0.542,0.447,-0.556,1444603904.000,0.001,26885,26866,0,7,57,14.110,647.940,26385,26178,1401,1368,0
156007,-0.073,-0.004,-2.084,-0.011,0.112,-0.017,-0.445,-0.539,0.447,-0.558,1414015744.000,0.000,26608,26571,5,-1,56,14.040,504.580,27027,26737,1388,1441,0
156108,-0.053,-0.023,-2.138,0.059,-0.014,-0.044,-0.447,-0.540,0.443,-0.560,1428917632.000,0.000,26773,26686,-1,2,56,14.040,504.580,27027,26737,1388,1441,0
156208,-0.036,-0.007,-2.196,-0.046,-0.149,-0.058,-0.447,-0.543,0.444,-0.556,1384996096.000,0.000,26385,26245,-2,8,56,14.110,535.300,26666,27100,1433,1283,0
156308,-0.011,0.022,-2.112,0.106,-0.066,-0.060,-0.445,-0.547,0.444,-0.552,1384996096.000,0.000,26403,26228,-4,1,56,14.110,535.300,26666,27100,1433,1283,0
156408,0.011,0.049,-2.025,0.083,-0.052,-0.043,-0.444,-0.552,0.441,-0.551,1384996096.000,-0.000,26403,26227,-3,3,57,14.120,617.220,26246,26178,1426,1372,0
156508,0.024,0.063,-2.443,0.053,-0.059,-0.022,-0.442,-0.555,0.440,-0.551,1384996096.000,-0.000,26396,26235,-3,5,57,14.120,617.220,26246,26178,1426,1372,0
156608,0.026,0.081,-2.529,0.142,-0.054,0.009,-0.438,-0.559,0.439,-0.551,1384996096.000,-0.000,26367,26263,-6,2,57,14.130,637.700,26246,26525,1418,1293,0
156708,0.016,0.081,-2.422,0.230,0.018,0.033,-0.432,-0.563,0.435,-0.554,1384996096.000,0.000,26339,26291,-6,-2,57,14.130,637.700,26246,26525,1418,1293,0
156808,0.003,0.067,-2.013,0.164,0.084,0.029,-0.427,-0.565,0.430,-0.560,1384996096.000,-0.000,26339,26292,-2,-1,57,14.100,606.980,26178,26455,1427,1329,0
156908,-0.006,0.059,-2.310,0.113,0.146,0.007,-0.424,-0.565,0.424,-0.567,1416368640.000,0.000,26656,26567,1,-1,57,14.100,606.980,26178,26455,1427,1329,0
157008,-0.004,0.029,-2.724,0.012,0.177,-0.020,-0.426,-0.562,0.419,-0.572,1384996096.000,0.000,26388,26242,5,0,57,14.100,606.980,26178,26455,1427,1329,0
157108,-0.070,0.034,-2.702,0.048,0.102,-0.013,-0.429,-0.558,0.415,-0.576,1384996096.000,-0.000,26277,26354,-1,1,57,14.120,2.830,26385,26041,1384,1416,0
157208,-0.253,0.028,-2.400,-0.044,0.002,-0.143,-0.431,-0.557,0.413,-0.577,1392839296.000,-0.000,26378,26402,1,5,57,14.120,2.830,26385,26041,1384,1416,0
157308,-0.024,-0.058,-2.566,0.562,0.002,-0.122,-0.433,-0.563,0.405,-0.575,1386564736.000,-0.000,26495,26165,-17,-19,57,14.110,555.780,26246,26178,1444,1402,0
157409,-0.018,-0.093,-2.511,-0.250,-0.166,0.179,-0.422,-0.569,0.401,-0.581,1467348992.000,0.000,26893,27279,11,18,57,14.110,555.780,26246,26178,1444,1402,0
157509,0.004,-0.091,-1.865,0.234,-0.083,0.126,-0.419,-0.568,0.412,-0.577,1384996096.000,-0.000,26241,26389,-9,-9,57,14.090,484.100,26525,26737,1340,1268,0
157609,0.079,-0.021,-2.050,0.202,-0.173,0.181,-0.405,-0.575,0.408,-0.583,1384996096.000,-0.000,26166,26463,-9,6,57,14.090,484.100,26525,26737,1340,1268,0
157709,-0.116,0.093,-2.428,-0.268,-0.124,0.127,-0.398,-0.575,0.421,-0.578,1384996096.000,0.000,26106,26523,5,16,57,14.090,484.100,26525,26737,1340,1268,0
157809,-0.130,0.083,-2.789,0.326,0.194,-0.016,-0.397,-0.573,0.419,-0.582,1384996096.000,0.001,26261,26370,-7,-14,57,14.090,606.980,26109,26666,1385,1330,0
157909,-0.260,0.087,-2.678,0.009,-0.089,-0.013,-0.393,-0.575,0.412,-0.587,1384996096.000,0.000,26066,26562,0,14,57,14.090,606.980,26109,26666,1385,1330,0
158009,-0.297,0.190,-2.577,0.247,0.144,-0.153,-0.395,-0.577,0.410,-0.585,1384996096.000,-0.001,26228,26403,-9,-7,57,14.120,617.220,25974,26525,1406,1376,0
158109,-0.104,0.019,-2.518,0.264,0.056,-0.114,-0.393,-0.582,0.393,-0.593,1466564736.000,0.000,27104,27054,-5,-3,57,14.120,617.220,25974,26525,1406,1376,0
158209,-0.076,0.022,-2.400,-0.068,-0.027,-0.056,-0.393,-0.585,0.390,-0.592,1385780352.000,-0.000,26283,26363,2,7,57,14.100,586.500,26315,26455,1365,1341,0
158309,-0.049,0.006,-2.886,0.174,0.104,-0.069,-0.395,-0.586,0.385,-0.593,1429702016.000,-0.000,26735,26738,-3,-6,57,14.100,586.500,26315,26455,1365,1341,0
158409,-0.029,0.000,-2.359,0.010,-0.094,-0.030,-0.393,-0.589,0.380,-0.595,1446172544.000,-0.000,26857,26923,-3,7,57,14.100,586.500,26315,26455,1365,1341,0
158510,-0.100,0.105,-1.947,0.037,-0.108,-0.057,-0.392,-0.593,0.382,-0.590,1384996096.000,-0.001,26203,26427,-8,6,57,14.050,484.100,26315,26881,1383,1236,0
158610,-0.240,0.141,-2.318,0.014,0.091,-0.143,-0.392,-0.597,0.379,-0.588,1384996096.000,-0.002,26196,26434,0,2,57,14.050,484.100,26315,26881,1383,1236,0
158710,0.042,0.019,-2.055,0.289,0.124,-0.239,-0.399,-0.598,0.368,-0.589,1384996096.000,-0.000,26631,25996,-8,-11,57,14.050,484.100,26315,26881,1383,1236,0
158810,0.121,0.012,-2.256,0.047,-0.152,0.026,-0.396,-0.604,0.359,-0.591,1384996096.000,0.000,26316,26315,-5,9,57,14.090,576.260,26737,26178,1376,1301,0
158910,0.064,0.043,-2.592,-0.149,-0.032,0.181,-0.390,-0.605,0.366,-0.591,1414015744.000,-0.000,26420,26759,4,9,57,14.090,576.260,26737,26178,1376,1301,0
159010,0.029,0.048,-2.839,-0.037,-0.054,0.024,-0.390,-0.601,0.373,-0.590,1384996096.000,-0.000,26341,26290,-4,4,57,14.100,525.060,26385,26246,1354,1360,0
159110,0.031,0.069,-2.841,-0.008,-0.066,-0.073,-0.390,-0.603,0.374,-0.587,1407741184.000,-0.000,26642,26419,-4,5,57,14.100,525.060,26385,26246,1354,1360,0
159210,0.066,0.078,-2.503,-0.071,0.000,-0.123,-0.393,-0.606,0.372,-0.583,1384996096.000,0.000,26494,26136,0,5,57,14.100,525.060,26385,26246,1354,1360,0
159310,0.098,0.018,-2.412,-0.134,0.068,-0.116,-0.401,-0.605,0.371,-0.580,1459505920.000,0.001,27192,26835,4,4,57,14.060,2.830,26455,26315,1400,1316,0
159410,0.166,-0.054,-2.598,-0.111,0.069,-0.122,-0.409,-0.602,0.370,-0.578,1392054912.000,0.002,26660,26102,4,1,57,14.060,2.830,26455,26315,1400,1316,0
159510,0.302,-0.013,-2.509,-0.128,-0.046,-0.084,-0.416,-0.601,0.369,-0.574,1384996096.000,0.002,26689,25937,0,8,57,14.110,23.310,26595,25641,1421,1413,0
159611,0.411,0.023,-2.481,-0.158,-0.206,0.078,-0.417,-0.602,0.376,-0.568,1384996096.000,0.002,26616,26011,-4,13,57,14.110,23.310,26595,25641,1421,1413,0
159711,0.651,0.079,-2.386,0.013,-0.158,0.226,-0.414,-0.602,0.389,-0.562,1384996096.000,0.003,26740,25884,-10,4,57,14.110,23.310,26595,25641,1421,1413,0
159811,0.580,0.095,-2.259,0.020,0.011,0.507,-0.399,-0.597,0.400,-0.570,1384996096.000,0.002,26348,26283,-2,4,57,14.110,514.820,26595,25974,1325,1434,0
159910,-0.090,0.144,-2.474,-0.313,-0.003,0.310,-0.393,-0.583,0.420,-0.574,1384996096.000,0.000,25956,26670,3,13,57,14.110,514.820,26595,25974,1325,1434,0
160010,-0.129,0.133,-2.646,0.181,0.091,-0.034,-0.396,-0.576,0.427,-0.573,1384996096.000,0.000,26409,26221,-11,-7,57,14.110,514.820,26595,25974,1325,1434,0
160110,-0.116,0.118,-2.678,-0.078,0.038,-0.036,-0.394,-0.578,0.419,-0.579,1391270656.000,0.000,26411,26339,2,11,57,14.060,555.780,26315,26246,1425,1390,0
160210,0.035,0.266,-2.403,-0.048,0.151,-0.064,-0.402,-0.574,0.421,-0.576,1391270656.000,0.002,26616,26132,-4,4,57,14.060,555.780,26315,26246,1425,1390,0
160310,0.055,0.197,-2.503,-0.021,0.207,-0.009,-0.406,-0.570,0.415,-0.582,1384996096.000,0.002,26445,26185,1,4,57,14.060,555.780,26315,26246,1425,1390,0
160410,-0.065,-0.003,-2.311,-0.301,0.074,-0.088,-0.416,-0.562,0.417,-0.581,1384996096.000,0.000,26414,26217,9,11,58,14.100,514.820,26595,25974,1350,1416,0
160509,-0.018,-0.002,-2.294,-0.067,-0.027,-0.130,-0.424,-0.562,0.418,-0.575,1384996096.000,0.000,26515,26114,-3,4,58,14.100,514.820,26595,25974,1350,1416,0
160609,0.027,0.028,-2.047,-0.100,0.009,-0.109,-0.429,-0.563,0.416,-0.571,1428133376.000,-0.000,26933,26509,1,6,57,14.040,463.620,26525,26666,1525,1358,0
160709,0.058,0.025,-1.709,-0.176,0.017,-0.072,-0.435,-0.561,0.418,-0.567,1459505920.000,-0.000,27217,26810,3,8,57,14.040,463.620,26525,26666,1525,1358,0
160809,0.082,-0.005,-1.967,-0.343,0.054,-0.066,-0.445,-0.556,0.422,-0.561,1384996096.000,-0.000,26549,26080,10,11,58,14.100,555.780,26178,26315,1467,1281,0
160908,0.103,-0.023,-1.982,-0.397,0.051,-0.066,-0.458,-0.548,0.430,-0.553,1384996096.000,-0.000,26579,26049,10,11,58,14.100,555.780,26178,26315,1467,1281,0
161008,0.442,0.032,-2.052,-0.316,0.132,0.002,-0.470,-0.538,0.436,-0.547,1384996096.000,-0.001,26891,25727,8,7,58,14.100,555.780,26178,26315,1467,1281,0
161108,0.330,-0.050,-1.929,-0.424,0.117,0.422,-0.471,-0.525,0.444,-0.552,1384996096.000,-0.001,26192,26438,17,13,58,14.020,402.180,27624,25575,1386,1419,0
161208,-0.071,-0.144,-1.777,-0.352,0.046,0.259,-0.477,-0.503,0.465,-0.551,1384996096.000,0.001,26045,26583,9,5,58,14.020,402.180,27624,25575,1386,1419,0
161307,-0.175,-0.181,-1.831,-0.199,-0.041,-0.040,-0.480,-0.495,0.474,-0.548,1407741184.000,0.002,26618,26443,6,4,58,14.040,514.820,26455,26595,1335,1366,0
161407,-0.149,-0.156,-1.938,-0.224,-0.102,-0.086,-0.485,-0.494,0.479,-0.539,1384996096.000,0.002,26423,26207,6,9,58,14.040,514.820,26455,26595,1335,1366,0
161507,-0.114,-0.122,-2.132,-0.184,-0.100,-0.120,-0.490,-0.494,0.485,-0.529,1384996096.000,0.001,26479,26151,4,7,58,14.050,514.820,26666,26109,1332,1390,0
161607,-0.068,-0.097,-2.149,-0.088,-0.066,-0.127,-0.495,-0.496,0.487,-0.521,1384996096.000,0.000,26512,26117,2,4,58,14.050,514.820,26666,26109,1332,1390,0
161707,-0.026,-0.081,-2.061,0.052,-0.052,-0.089,-0.496,-0.500,0.486,-0.517,1384996096.000,0.000,26496,26133,-1,1,58,14.090,504.580,26525,25906,1387,1413,0
161807,0.006,-0.114,-2.291,0.104,-0.088,-0.073,-0.494,-0.506,0.483,-0.516,1384996096.000,-0.000,26517,26112,-1,1,58,14.090,504.580,26525,25906,1387,1413,0
161907,0.031,0.019,-2.346,0.092,-0.141,-0.059,-0.491,-0.513,0.482,-0.514,1384996096.000,-0.000,26530,26099,-6,7,58,14.060,535.300,26666,25906,1360,1410,0
162007,0.046,0.053,-2.346,-0.050,-0.056,-0.022,-0.488,-0.517,0.483,-0.511,1384996096.000,-0.000,26504,26125,2,9,58,14.060,535.300,26666,25906,1360,1410,0
162107,0.055,0.031,-2.197,-0.072,0.172,-0.019,-0.492,-0.514,0.483,-0.510,1384996096.000,-0.000,26521,26108,7,1,58,14.050,535.300,26455,26455,1411,1273,0
162207,0.057,-0.029,-2.380,-0.007,0.198,0.001,-0.498,-0.509,0.478,-0.515,1384996096.000,-0.000,26507,26122,6,-1,58,14.050,535.300,26455,26455,1411,1273,0
162308,0.048,-0.072,-2.095,0.017,0.108,0.043,-0.500,-0.505,0.475,-0.519,1384996096.000,-0.000,26455,26175,3,0,58,14.080,473.860,26455,26315,1387,1328,0
162408,0.022,-0.090,-2.341,0.014,0.000,0.071,-0.500,-0.502,0.475,-0.523,1384996096.000,-0.000,26414,26216,2,3,58,14.080,473.860,26455,26315,1387,1328,0
162508,-0.002,-0.119,-2.030,0.081,-0.117,0.068,-0.495,-0.503,0.476,-0.524,1485388288.000,0.000,27333,27172,-2,2,58,14.080,473.860,26455,26315,1387,1328,0
162608,-0.029,-0.150,-2.123,0.066,-0.174,0.072,-0.489,-0.506,0.480,-0.523,1384996096.000,0.000,26368,26262,-1,4,58,13.880,371.460,27777,27173,1360,1450,0
162708,0.022,-0.262,-2.363,0.196,-0.200,0.064,-0.481,-0.511,0.484,-0.523,1384996096.000,-0.001,26445,26186,-3,-4,58,13.880,371.460,27777,27173,1360,1450,0
162808,0.001,-0.049,-2.533,0.141,-0.344,0.110,-0.468,-0.519,0.487,-0.524,1384996096.000,-0.000,26346,26284,-12,12,58,14.070,514.820,26178,26109,1444,1393,0
162908,-0.141,0.171,-2.208,0.029,-0.084,0.109,-0.456,-0.526,0.495,-0.520,1384996096.000,0.000,26201,26430,-3,9,58,14.070,514.820,26178,26109,1444,1393,0
163008,-0.170,-0.050,-2.075,0.239,0.184,0.063,-0.453,-0.525,0.491,-0.528,1384996096.000,-0.001,26231,26399,3,-11,59,14.030,473.860,26178,26041,1409,1455,0
163108,-0.205,-0.294,-2.023,0.192,-0.081,0.086,-0.447,-0.526,0.485,-0.537,1384996096.000,-0.003,26166,26463,1,-4,59,14.030,473.860,26178,26041,1409,1455,0
163208,-0.236,0.161,-2.517,0.327,-0.151,0.071,-0.435,-0.533,0.485,-0.539,1384996096.000,0.001,26138,26492,-17,5,58,14.050,514.820,26178,26666,1370,1331,0
163308,-0.273,0.114,-2.453,0.459,0.440,0.084,-0.425,-0.537,0.473,-0.554,1384996096.000,0.002,26069,26560,2,-18,58,14.050,514.820,26178,26666,1370,1331,0
163409,-0.718,-0.047,-2.676,0.313,0.247,-0.036,-0.423,-0.533,0.456,-0.574,1384996096.000,0.003,25653,26961,0,-8,58,14.050,514.820,26178,26666,1370,1331,0
163509,-0.815,-0.095,-2.636,0.430,0.097,-0.390,-0.424,-0.538,0.441,-0.580,1384996096.000,0.004,26080,26548,-8,-12,59,14.060,473.860,25510,26881,1420,1390,0
163609,-0.138,-0.126,-2.694,0.971,0.052,-0.319,-0.421,-0.558,0.410,-0.586,1384996096.000,0.001,26604,26023,-24,-28,59,14.060,473.860,25510,26881,1420,1390,0
163709,-0.099,-0.119,-2.557,-0.034,-0.092,0.051,-0.411,-0.569,0.396,-0.592,1460290176.000,0.000,26803,27238,10,13,59,14.050,463.620,26041,26809,1456,1349,0
163809,-0.159,-0.180,-2.115,0.661,0.033,0.063,-0.404,-0.573,0.392,-0.596,1454015744.000,0.001,26701,27222,-15,-25,59,14.050,463.620,26041,26809,1456,1349,0
163909,-0.554,-0.483,-1.950,0.296,-0.502,-0.111,-0.385,-0.586,0.380,-0.604,1451662720.000,0.010,26576,27301,-8,5,59,14.050,463.620,26041,26809,1456,1349,0
164009,-0.495,-0.302,-1.979,0.770,-0.547,-0.166,-0.364,-0.616,0.372,-0.592,1464996096.000,0.007,26756,27370,-26,-12,59,14.030,381.700,26737,27247,1368,1438,0
164109,-0.438,-0.100,-1.923,0.232,-0.312,-0.199,-0.345,-0.640,0.358,-0.586,1458721536.000,0.004,26754,27257,-4,6,59,14.030,381.700,26737,27247,1368,1438,0
164209,0.062,0.305,-1.981,0.468,-0.060,-0.056,-0.337,-0.655,0.349,-0.579,1384996096.000,0.001,26311,26320,-18,-4,59,14.130,453.380,26525,26109,1429,1366,0
164309,0.066,0.311,-1.927,-0.118,0.202,-0.111,-0.336,-0.654,0.343,-0.585,1384996096.000,0.001,26417,26213,5,9,59,14.130,453.380,26525,26109,1429,1366,0
164409,0.108,0.263,-2.056,0.380,0.154,-0.069,-0.337,-0.653,0.331,-0.591,1384996096.000,0.001,26344,26286,-14,-7,59,14.070,484.100,26246,26178,1376,1389,0
164510,0.106,0.217,-1.905,-0.123,0.151,0.043,-0.336,-0.651,0.325,-0.598,1497152896.000,0.001,27281,27439,4,10,59,14.070,484.100,26246,26178,1376,1389,0
164610,0.087,0.175,-1.968,0.312,0.188,0.064,-0.337,-0.646,0.325,-0.603,1384996096.000,0.001,26221,26409,-11,-11,59,14.070,484.100,26246,26178,1376,1389,0
164710,0.044,0.140,-2.363,0.136,-0.041,0.147,-0.327,-0.645,0.317,-0.614,1384996096.000,0.000,26093,26536,-9,7,59,14.100,555.780,26385,26246,1343,1433,0
164810,-0.016,0.161,-2.333,0.264,0.006,0.131,-0.317,-0.647,0.319,-0.616,1384996096.000,-0.000,26089,26540,-12,-3,59,14.100,555.780,26385,26246,1343,1433,0
164910,-0.061,0.144,-2.334,0.230,0.078,0.076,-0.306,-0.648,0.312,-0.624,1384996096.000,-0.000,26111,26518,-7,-2,59,14.100,555.780,26385,26246,1343,1433,0
165010,-0.096,0.180,-2.363,0.022,0.063,0.051,-0.301,-0.647,0.310,-0.629,1384996096.000,-0.001,26091,26538,-3,5,59,14.050,463.620,25706,26666,1478,1346,0
165110,-0.012,0.047,-2.357,0.194,0.183,0.011,-0.299,-0.644,0.305,-0.635,1384996096.000,-0.000,26231,26399,-3,-9,59,14.050,463.620,25706,26666,1478,1346,0
165210,-0.033,0.090,-2.439,-0.001,-0.020,0.073,-0.293,-0.642,0.301,-0.641,1384996096.000,0.000,26089,26539,-4,8,59,14.060,463.620,25974,26595,1406,1370,0
165310,-0.107,0.073,-2.141,-0.012,0.049,0.023,-0.293,-0.642,0.304,-0.640,1384996096.000,-0.000,26075,26554,-2,1,59,14.060,463.620,25974,26595,1406,1370,0
165410,-0.100,0.035,-2.218,0.056,0.183,-0.043,-0.294,-0.638,0.300,-0.645,1384996096.000,0.000,26160,26470,0,-4,59,14.060,463.620,25974,26595,1406,1370,0
165510,-0.213,0.103,-2.237,-0.139,0.082,-0.060,-0.298,-0.635,0.297,-0.648,1384996096.000,-0.002,25737,26881,-1,8,60,14.060,473.860,26109,26595,1393,1342,0
165611,-0.728,0.090,-2.590,-0.197,0.162,-0.291,-0.312,-0.630,0.297,-0.646,1384996096.000,-0.003,25735,26883,3,2,60,14.060,473.860,26109,26595,1393,1342,0
165711,0.109,-0.148,-2.302,0.186,0.193,-0.659,-0.335,-0.630,0.281,-0.642,1384996096.000,0.000,27400,25184,-3,-17,60,14.060,473.860,26109,26595,1393,1342,0
165811,0.316,-0.126,-2.318,0.314,-0.189,-0.031,-0.333,-0.644,0.254,-0.641,1405388288.000,0.001,26513,26504,-6,6,60,14.010,432.900,27100,25445,1516,1242,0
165910,0.294,-0.139,-2.152,-0.644,-0.067,0.099,-0.341,-0.640,0.274,-0.631,1454800000.000,0.002,26963,26978,19,16,60,14.010,432.900,27100,25445,1516,1242,0
166010,0.252,-0.092,-1.883,0.403,-0.037,0.142,-0.337,-0.639,0.277,-0.634,1384996096.000,0.001,26246,26384,-18,-16,59,14.070,473.860,26109,26315,1420,1380,0
166110,0.170,-0.051,-1.981,-0.336,-0.171,0.270,-0.328,-0.641,0.284,-0.633,1432054912.000,0.000,26490,27024,7,18,59,14.070,473.860,26109,26315,1420,1380,0
166209,0.061,0.001,-2.212,0.026,0.078,0.269,-0.327,-0.634,0.302,-0.632,1408525568.000,-0.000,26216,26856,-4,-6,59,14.070,473.860,26109,26315,1420,1380,0
166309,-0.018,-0.024,-2.289,-0.051,0.078,0.151,-0.322,-0.629,0.307,-0.638,1469702016.000,-0.000,26869,27345,2,1,60,14.010,453.380,26246,26954,1573,1552,0
166409,-0.064,-0.044,-2.073,-0.187,0.052,0.092,-0.324,-0.622,0.314,-0.640,1384996096.000,0.000,26064,26564,4,4,60,14.010,453.380,26246,26954,1573,1552,0
166509,-0.083,-0.071,-2.333,0.000,0.131,-0.024,-0.328,-0.617,0.317,-0.641,1429702016.000,0.000,26590,26883,1,-6,59,14.020,422.660,26666,27027,1383,1379,0
166609,-0.068,-0.129,-2.303,0.071,-0.040,-0.043,-0.329,-0.617,0.313,-0.643,1446956928.000,0.000,26756,27039,-4,-2,59,14.020,422.660,26666,27027,1383,1379,0
166709,-0.054,-0.406,-1.831,-0.007,-0.331,-0.004,-0.326,-0.624,0.314,-0.637,1384996096.000,0.002,26113,26516,0,1,59,14.020,422.660,26666,27027,1383,1379,0
166808,-0.053,-0.267,-2.337,-0.021,-0.526,-0.021,-0.320,-0.638,0.323,-0.622,1384996096.000,0.001,26153,26477,-10,9,60,14.050,545.540,25906,26809,1419,1308,0
166908,-0.031,0.212,-2.059,0.016,-0.460,-0.067,-0.313,-0.654,0.328,-0.605,1384996096.000,-0.000,26213,26417,-19,17,60,14.050,545.540,25906,26809,1419,1308,0
167008,-0.013,0.294,-2.143,0.019,0.150,-0.074,-0.314,-0.658,0.329,-0.600,1384996096.000,-0.000,26227,26403,-2,0,60,14.060,463.620,26315,26315,1354,1403,0
167108,-0.117,0.157,-2.598,-0.147,0.137,-0.151,-0.321,-0.654,0.325,-0.603,1384996096.000,-0.000,26227,26404,3,5,60,14.060,463.620,26315,26315,1354,1403,0
167207,-0.155,-0.021,-2.475,-0.072,-0.033,-0.278,-0.333,-0.653,0.321,-0.600,1384996096.000,0.004,26335,26295,-3,3,60,14.050,463.620,26455,25839,1326,1518,0
167307,0.173,0.160,-2.523,0.079,-0.148,-0.134,-0.336,-0.661,0.314,-0.592,1384996096.000,0.004,26438,26192,-13,7,60,14.050,463.620,26455,25839,1326,1518,0
167407,0.220,0.219,-2.695,-0.342,0.117,0.004,-0.343,-0.659,0.319,-0.588,1384996096.000,0.004,26353,26278,7,12,60,14.040,432.900,26525,26315,1339,1371,0
167507,0.229,0.167,-2.830,-0.024,0.177,0.027,-0.351,-0.652,0.321,-0.591,1469702016.000,0.003,27149,27067,-3,-1,60,14.040,432.900,26525,26315,1339,1371,0
167607,0.214,0.184,-2.327,-0.242,0.070,0.058,-0.355,-0.645,0.324,-0.593,1384996096.000,0.002,26330,26301,1,12,60,14.010,371.460,26881,26954,1254,1218,0
167707,0.189,0.134,-2.098,-0.167,0.274,0.089,-0.362,-0.636,0.330,-0.596,1451662720.000,0.001,26914,26968,5,0,60,14.010,371.460,26881,26954,1254,1218,0
167807,0.151,0.038,-1.559,-0.193,0.316,0.114,-0.371,-0.621,0.334,-0.604,1395976448.000,0.000,26345,26494,9,0,60,14.010,350.980,26737,26809,1297,1313,0
167907,0.108,-0.037,-1.767,-0.246,0.178,0.084,-0.379,-0.608,0.340,-0.609,1384996096.000,-0.000,26260,26371,7,3,60,14.010,350.980,26737,26809,1297,1313,0
168007,0.081,-0.063,-1.877,-0.246,0.021,0.038,-0.387,-0.599,0.348,-0.608,1487741184.000,-0.000,27250,27298,4,6,60,14.010,350.980,26737,26809,1297,1313,0
168107,0.150,-0.070,-2.069,-0.181,0.001,0.007,-0.391,-0.596,0.354,-0.605,1478329472.000,-0.001,27289,27086,3,4,60,13.970,279.300,27397,27322,1423,1432,0
168207,0.140,-0.131,-2.034,-0.268,0.083,0.033,-0.398,-0.590,0.360,-0.603,1401466624.000,-0.000,26491,26452,11,3,60,13.970,279.300,27397,27322,1423,1432,0
168307,0.323,-0.330,-2.185,-0.097,-0.030,0.106,-0.403,-0.584,0.366,-0.602,1414015744.000,-0.002,26703,26476,5,-4,60,14.020,494.340,26109,26666,1520,1191,0
168407,0.250,-0.234,-1.839,-0.266,-0.286,0.176,-0.401,-0.583,0.378,-0.597,1468133376.000,-0.002,27071,27116,2,12,60,14.020,494.340,26109,26666,1520,1191,0
168508,0.068,-0.040,-1.769,-0.138,-0.083,0.119,-0.397,-0.583,0.392,-0.591,1384996096.000,-0.000,26219,26411,1,5,60,14.010,299.780,27100,26881,1181,1350,0
168608,0.116,-0.362,-2.447,-0.058,0.162,0.079,-0.398,-0.577,0.396,-0.593,1384996096.000,-0.003,26364,26267,16,-13,60,14.010,299.780,27100,26881,1181,1350,0
168707,0.137,-0.396,-2.559,-0.006,-0.316,0.154,-0.395,-0.575,0.399,-0.595,1384996096.000,-0.004,26252,26378,-4,4,60,14.050,443.140,26109,26455,1422,1353,0
168807,-0.150,0.077,-2.885,-0.142,-0.411,0.151,-0.382,-0.584,0.415,-0.584,1384996096.000,-0.000,25943,26683,-9,20,60,14.050,443.140,26109,26455,1422,1353,0
168907,-0.164,0.114,-2.779,0.208,0.238,-0.022,-0.379,-0.587,0.418,-0.581,1384996096.000,-0.000,26178,26452,-1,-13,60,14.030,402.180,26041,26455,1422,1374,0
169007,-0.158,0.050,-2.327,-0.101,0.058,-0.008,-0.382,-0.582,0.412,-0.588,1423427456.000,0.000,26500,26854,4,8,60,14.030,402.180,26041,26455,1422,1374,0
169108,-0.150,0.045,-2.377,0.021,0.053,-0.041,-0.386,-0.580,0.414,-0.586,1418721536.000,0.000,26497,26770,-2,0,60,14.030,402.180,26041,26455,1422,1374,0
169208,-0.134,0.021,-2.089,0.194,0.042,-0.040,-0.384,-0.581,0.407,-0.590,1384996096.000,0.000,26171,26459,-5,-3,61,13.990,371.460,26455,26737,1415,1411,0
169308,-0.124,0.060,-2.240,0.062,-0.007,-0.003,-0.382,-0.584,0.403,-0.592,1431270656.000,0.000,26563,26938,-3,3,61,13.990,371.460,26455,26737,1415,1411,0
169408,-0.124,0.062,-2.062,0.152,0.188,0.006,-0.381,-0.584,0.398,-0.596,1384996096.000,0.001,26115,26514,0,-6,61,14.000,361.220,26666,26881,1336,1384,0
169508,-0.257,0.051,-2.368,0.160,0.134,0.024,-0.379,-0.581,0.390,-0.605,1384996096.000,0.001,25931,26694,-3,-2,61,14.000,361.220,26666,26881,1336,1384,0
169608,-0.349,0.031,-2.397,-0.030,0.009,-0.042,-0.378,-0.580,0.387,-0.609,1384996096.000,0.001,25926,26699,0,5,60,14.020,391.940,26246,26595,1358,1406,0
169708,-0.430,-0.001,-2.407,0.029,0.036,-0.247,-0.383,-0.581,0.384,-0.607,1384996096.000,0.001,26087,26541,-1,-1,60,14.020,391.940,26246,26595,1358,1406,0
169808,-0.297,-0.055,-2.671,0.113,0.000,-0.378,-0.391,-0.588,0.372,-0.603,1384996096.000,0.001,26338,26292,-3,-3,60,14.020,391.940,26246,26595,1358,1406,0
169908,-0.121,-0.076,-2.576,0.037,-0.138,-0.379,-0.398,-0.598,0.359,-0.595,1384996096.000,0.001,26451,26179,-3,4,61,14.030,412.420,26041,26455,1475,1324,0
170008,0.029,-0.107,-2.361,-0.261,-0.263,-0.363,-0.409,-0.608,0.357,-0.579,1384996096.000,0.005,26564,26064,3,14,61,14.030,412.420,26041,26455,1475,1324,0
170107,0.468,-0.306,-2.313,-0.233,-0.141,-0.291,-0.424,-0.614,0.359,-0.561,1384996096.000,0.012,26970,25644,10,1,61,14.020,412.420,26595,25773,1489,1335,0
170207,0.527,-0.153,-1.859,-0.334,-0.279,-0.062,-0.432,-0.617,0.365,-0.548,1384996096.000,0.013,26702,25923,3,15,61,14.020,412.420,26595,25773,1489,1335,0
170307,0.543,0.192,-1.983,-0.311,-0.158,0.011,-0.440,-0.615,0.381,-0.532,1384996096.000,0.009,26695,25931,-3,16,61,14.020,412.420,26595,25773,1489,1335,0
170407,0.515,0.147,-2.209,-0.369,0.260,0.118,-0.448,-0.604,0.389,-0.532,1421074560.000,0.007,26940,26368,13,6,60,14.010,391.940,26595,25974,1434,1347,0
170507,0.471,0.064,-1.929,-0.350,0.151,0.133,-0.461,-0.587,0.397,-0.533,1384996096.000,0.005,26594,26034,8,8,60,14.010,391.940,26595,25974,1434,1347,0
170607,0.413,0.030,-1.876,-0.309,0.037,0.166,-0.468,-0.575,0.408,-0.533,1384996096.000,0.003,26539,26089,6,9,61,14.050,443.140,26525,25906,1407,1397,0
170707,0.346,0.023,-2.061,-0.263,0.000,0.168,-0.472,-0.564,0.420,-0.531,1384996096.000,0.002,26512,26117,4,8,61,14.050,443.140,26525,25906,1407,1397,0
170807,0.550,-0.035,-2.031,-0.119,-0.003,0.286,-0.472,-0.556,0.430,-0.532,1486172544.000,0.001,27531,26985,3,3,61,13.970,266.500,27472,26809,1481,1473,0
170907,0.752,-0.211,-2.393,-0.229,0.013,0.528,-0.467,-0.543,0.444,-0.538,1384996096.000,-0.005,26517,26112,11,3,61,13.970,266.500,27472,26809,1481,1473,0
171007,0.289,-0.147,-2.495,-0.577,-0.129,0.432,-0.462,-0.524,0.472,-0.538,1384996096.000,-0.003,26253,26378,14,18,61,13.970,266.500,27472,26809,1481,1473,0
171107,-0.177,0.043,-2.647,-0.211,0.022,-0.006,-0.464,-0.512,0.487,-0.533,1432839296.000,0.001,26830,26702,2,5,61,14.020,402.180,26041,26737,1351,1371,0
171207,-0.154,0.034,-2.429,-0.117,0.072,-0.060,-0.469,-0.510,0.486,-0.532,1384996096.000,0.001,26377,26253,4,5,61,14.020,402.180,26041,26737,1351,1371,0
171307,-0.127,-0.032,-2.419,-0.313,0.036,-0.079,-0.478,-0.505,0.489,-0.526,1438329472.000,0.001,26900,26734,11,10,61,14.020,402.180,26041,26737,1351,1371,0
171407,-0.099,-0.053,-1.893,-0.142,0.084,-0.073,-0.487,-0.500,0.491,-0.521,1453231360.000,0.001,27043,26868,6,2,61,13.970,350.980,27027,26525,1402,1464,0
171507,0.002,-0.240,-1.789,-0.044,-0.059,-0.064,-0.492,-0.499,0.490,-0.518,1384996096.000,-0.001,26511,26118,5,0,61,13.970,350.980,27027,26525,1402,1464,0
171607,0.094,-0.076,-1.942,-0.044,-0.328,0.072,-0.488,-0.504,0.496,-0.511,1384996096.000,-0.001,26360,26271,-8,15,61,13.970,350.980,27027,26525,1402,1464,0
171707,-0.093,0.135,-1.850,-0.293,-0.139,0.041,-0.484,-0.505,0.511,-0.501,1384996096.000,-0.000,26258,26372,4,17,61,14.040,422.660,26041,26455,1466,1328,0
171807,-0.075,0.103,-2.020,0.079,0.241,-0.060,-0.490,-0.500,0.510,-0.499,1384996096.000,-0.000,26422,26208,2,-7,61,14.040,422.660,26041,26455,1466,1328,0
171907,-0.054,0.063,-1.962,0.039,0.043,-0.050,-0.493,-0.500,0.503,-0.504,1384996096.000,-0.000,26415,26215,0,5,61,14.030,412.420,26666,26178,1336,1379,0
172007,-0.037,0.060,-2.493,0.022,0.022,-0.038,-0.494,-0.501,0.502,-0.503,1423427456.000,-0.000,26777,26579,0,4,61,14.030,412.420,26666,26178,1336,1379,0
172107,-0.020,0.035,-1.908,0.149,0.134,-0.043,-0.495,-0.502,0.497,-0.506,1438329472.000,0.000,26938,26696,0,-4,61,14.030,412.420,26666,26178,1336,1379,0
172207,-0.011,-0.042,-1.983,0.079,0.072,-0.003,-0.495,-0.503,0.490,-0.511,1384996096.000,0.000,26396,26234,3,1,61,14.030,422.660,26525,26041,1360,1408,0
172307,-0.013,-0.001,-2.374,-0.021,-0.022,0.020,-0.495,-0.503,0.490,-0.511,1384996096.000,0.000,26371,26259,1,6,61,14.030,422.660,26525,26041,1360,1408,0
172407,-0.028,-0.005,-1.978,0.058,0.078,0.046,-0.495,-0.501,0.490,-0.513,1384996096.000,0.000,26336,26295,2,-1,61,14.030,422.660,26525,26041,1360,1408,0
172507,-0.052,-0.018,-1.921,0.127,0.034,0.063,-0.492,-0.501,0.487,-0.519,1384996096.000,0.000,26300,26330,-1,0,61,14.000,391.940,26595,26041,1327,1443,0
172607,-0.067,-0.076,-2.167,0.122,0.012,0.029,-0.488,-0.503,0.485,-0.524,1384996096.000,0.000,26327,26304,2,-1,61,14.000,391.940,26595,26041,1327,1443,0
172707,-0.340,-0.080,-1.902,-0.111,0.036,-0.094,-0.488,-0.503,0.483,-0.525,1395976448.000,0.001,26303,26535,10,6,61,14.000,371.460,26041,26809,1393,1392,0
172807,-0.326,-0.089,-2.313,0.166,0.000,-0.277,-0.494,-0.508,0.477,-0.520,1384996096.000,0.001,26414,26216,-3,-4,61,14.000,371.460,26041,26809,1393,1392,0
172907,-0.021,-0.085,-2.412,0.304,-0.002,-0.126,-0.493,-0.520,0.465,-0.521,1384996096.000,0.000,26462,26168,-4,-6,61,14.000,371.460,26041,26809,1393,1392,0
173007,-0.124,-0.085,-2.572,-0.180,-0.007,-0.027,-0.494,-0.521,0.463,-0.520,1384996096.000,0.001,26243,26387,11,9,61,14.020,381.700,26109,26385,1488,1314,0
173107,-0.143,-0.206,-3.067,0.192,-0.001,-0.148,-0.495,-0.523,0.461,-0.518,1384996096.000,0.004,26441,26190,1,-10,61,14.020,381.700,26109,26385,1488,1314,0
173207,0.093,-0.220,-2.974,0.101,-0.170,-0.050,-0.492,-0.533,0.454,-0.518,1384996096.000,0.003,26537,26092,1,3,61,14.000,391.940,26041,26455,1506,1300,0
173307,0.107,-0.243,-2.761,-0.067,-0.209,0.104,-0.484,-0.537,0.460,-0.515,1443035264.000,0.004,26888,26834,5,6,61,14.000,391.940,26041,26455,1506,1300,0
173407,0.078,-0.072,-2.225,0.053,-0.067,0.061,-0.480,-0.538,0.466,-0.512,1384996096.000,0.002,26387,26243,-1,0,61,13.990,371.460,27100,26737,1214,1252,0
173507,0.058,0.098,-2.279,0.113,-0.021,0.090,-0.474,-0.540,0.466,-0.515,1384996096.000,0.000,26327,26304,-4,3,61,13.990,371.460,27100,26737,1214,1252,0
173607,-0.007,0.100,-2.065,-0.013,0.096,0.133,-0.471,-0.537,0.467,-0.521,1384996096.000,-0.000,26225,26406,4,4,61,14.000,402.180,26385,26525,1359,1345,0
173707,-0.091,0.047,-1.701,-0.038,0.154,0.104,-0.471,-0.531,0.468,-0.526,1384996096.000,-0.000,26182,26448,6,1,61,14.000,402.180,26385,26525,1359,1345,0
173807,-0.335,-0.205,-1.900,-0.026,0.001,-0.100,-0.475,-0.526,0.467,-0.528,1384996096.000,0.003,26217,26413,5,-1,61,13.980,371.460,26109,26737,1357,1360,0
173907,-0.291,-0.200,-2.018,0.229,-0.281,-0.111,-0.471,-0.537,0.466,-0.522,1384996096.000,0.004,26200,26430,-9,-1,61,13.980,371.460,26109,26737,1357,1360,0
174007,-0.264,-0.129,-2.183,-0.157,-0.194,-0.074,-0.467,-0.544,0.470,-0.515,1384996096.000,0.004,26195,26436,6,10,62,13.990,381.700,26525,26246,1280,1398,0
174107,-0.194,-0.027,-2.039,0.020,0.031,-0.167,-0.470,-0.548,0.469,-0.509,1384996096.000,0.003,26350,26280,2,-1,62,13.990,381.700,26525,26246,1280,1398,0
174207,-0.014,0.059,-2.312,-0.117,0.004,-0.171,-0.477,-0.550,0.465,-0.504,1384996096.000,0.002,26515,26114,3,9,62,14.020,350.980,26455,26041,1416,1378,0
174307,0.056,0.158,-2.302,-0.133,0.136,-0.056,-0.482,-0.549,0.464,-0.501,1384996096.000,0.001,26393,26237,5,6,62,14.020,350.980,26455,26041,1416,1378,0
174407,0.081,0.114,-2.477,-0.087,0.302,-0.069,-0.492,-0.542,0.459,-0.503,1384996096.000,0.001,26454,26176,9,-2,62,14.020,350.980,26455,26041,1416,1378,0
174507,0.183,-0.002,-2.317,-0.081,0.181,-0.027,-0.502,-0.535,0.454,-0.506,1384996096.000,0.001,26507,26122,7,0,62,14.010,361.220,26041,26041,1500,1403,0
174607,0.207,-0.037,-2.135,-0.086,0.023,0.110,-0.505,-0.529,0.454,-0.509,1448525568.000,0.001,26970,26854,4,4,62,14.010,361.220,26041,26041,1500,1403,0
174707,0.145,-0.031,-1.527,-0.049,-0.061,0.206,-0.503,-0.524,0.460,-0.510,1384996096.000,0.000,26236,26395,1,4,62,13.990,320.260,26954,26737,1422,1457,0
174807,0.060,-0.022,-1.676,-0.014,-0.014,0.221,-0.497,-0.520,0.468,-0.513,1384996096.000,0.000,26173,26457,3,2,62,13.990,320.260,26954,26737,1422,1457,0
174908,-0.018,-0.065,-2.227,0.032,0.024,0.178,-0.492,-0.515,0.473,-0.518,1384996096.000,0.000,26162,26468,3,-1,62,14.010,402.180,26178,26737,1378,1318,0
175007,-0.055,-0.136,-1.967,0.017,0.023,0.131,-0.488,-0.511,0.475,-0.524,1384996096.000,0.000,26178,26452,6,-1,62,14.010,402.180,26178,26737,1378,1318,0
175108,-0.099,-0.180,-2.467,-0.049,-0.011,0.089,-0.486,-0.508,0.478,-0.526,1384996096.000,0.000,26164,26466,8,0,61,14.000,381.700,26315,26455,1343,1388,0
175207,-0.134,-0.114,-2.575,0.024,-0.139,0.032,-0.483,-0.508,0.482,-0.526,1384996096.000,0.000,26181,26449,-1,3,61,14.000,381.700,26315,26455,1343,1388,0
175307,-0.495,-0.159,-2.453,-0.243,-0.222,-0.098,-0.480,-0.512,0.487,-0.521,1419505920.000,0.003,26275,27003,9,13,61,14.000,381.700,26315,26455,1343,1388,0
175407,-0.311,-0.147,-2.496,0.132,-0.234,-0.364,-0.483,-0.523,0.487,-0.505,1384996096.000,0.003,26468,26162,-6,-1,62,13.990,330.500,26315,27247,1433,1373,0
175507,0.006,0.139,-2.377,0.049,-0.167,-0.106,-0.478,-0.539,0.482,-0.499,1384996096.000,0.001,26378,26253,-4,10,62,13.990,330.500,26315,27247,1433,1373,0
175608,0.014,0.184,-2.118,-0.119,0.078,0.018,-0.482,-0.537,0.485,-0.495,1384996096.000,0.000,26241,26390,4,6,62,13.980,371.460,26315,26666,1373,1312,0
175708,0.017,0.150,-1.981,0.159,0.161,0.011,-0.483,-0.535,0.481,-0.500,1467348992.000,0.000,27042,27131,-2,-4,62,13.980,371.460,26315,26666,1373,1312,0
175807,0.010,0.099,-1.657,0.007,0.138,0.052,-0.483,-0.532,0.476,-0.507,1384996096.000,0.000,26215,26415,4,3,62,14.000,330.500,26525,27100,1310,1213,0
175907,-0.017,0.080,-1.964,-0.016,0.190,0.044,-0.487,-0.526,0.475,-0.510,1384996096.000,-0.000,26205,26425,5,0,62,14.000,330.500,26525,27100,1310,1213,0
176007,-0.229,0.172,-2.269,0.113,0.291,-0.022,-0.490,-0.521,0.468,-0.519,1384996096.000,-0.004,26040,26588,1,-4,62,14.000,330.500,26525,27100,1310,1213,0
176107,-0.197,0.121,-2.424,0.120,0.181,-0.147,-0.496,-0.519,0.457,-0.524,1384996096.000,-0.005,26253,26377,0,-2,62,14.010,391.940,26109,26525,1397,1372,0
176207,0.061,-0.087,-2.510,0.041,0.094,-0.119,-0.500,-0.521,0.448,-0.527,1384996096.000,-0.000,26496,26134,7,-2,62,14.010,391.940,26109,26525,1397,1372,0
176307,0.126,-0.168,-2.583,0.059,-0.070,0.049,-0.498,-0.523,0.445,-0.529,1384996096.000,0.000,26294,26337,3,0,62,13.980,371.460,26178,26315,1422,1386,0
176407,0.108,-0.111,-2.975,0.049,-0.251,0.077,-0.492,-0.528,0.451,-0.526,1384996096.000,0.000,26265,26365,-3,5,62,13.980,371.460,26178,26315,1422,1386,0
176507,0.075,-0.057,-2.682,0.092,-0.123,0.092,-0.483,-0.532,0.455,-0.525,1424211840.000,0.000,26599,26771,-1,1,62,13.980,371.460,26178,26315,1422,1386,0
176607,0.041,-0.033,-2.691,0.079,-0.040,0.081,-0.477,-0.535,0.457,-0.527,1417937280.000,0.000,26531,26721,1,0,62,13.950,320.260,26525,26881,1424,1378,0
176707,0.015,-0.032,-2.425,-0.019,0.038,0.020,-0.475,-0.534,0.457,-0.529,1421858816.000,0.000,26616,26711,6,1,62,13.950,320.260,26525,26881,1424,1378,0
176807,0.012,-0.008,-2.090,-0.003,0.103,0.008,-0.477,-0.532,0.456,-0.531,1421074560.000,-0.000,26608,26704,5,-1,62,13.970,381.700,26737,27027,1384,1328,0
176907,0.007,-0.041,-1.727,0.071,0.112,0.027,-0.478,-0.529,0.453,-0.535,1418721536.000,-0.000,26553,26714,4,-4,62,13.970,381.700,26737,27027,1384,1328,0
177007,-0.012,-0.059,-1.760,0.101,-0.032,0.059,-0.475,-0.529,0.451,-0.539,1403819648.000,-0.000,26363,26623,-1,0,62,13.970,381.700,26737,27027,1384,1328,0
177107,-0.036,-0.024,-2.552,0.163,-0.166,0.069,-0.468,-0.534,0.452,-0.540,1408525568.000,-0.000,26377,26698,-6,2,62,14.010,381.700,26315,26737,1384,1343,0
177207,-0.061,-0.182,-2.473,0.079,-0.173,0.057,-0.459,-0.540,0.455,-0.540,1410878464.000,0.001,26394,26725,3,0,62,14.010,381.700,26315,26737,1384,1343,0
177307,-0.227,-0.171,-2.813,0.081,-0.254,0.023,-0.451,-0.546,0.458,-0.537,1384996096.000,0.002,25938,26687,-2,3,62,14.010,381.700,26315,26737,1384,1343,0
177407,-0.303,0.043,-2.857,0.030,-0.330,-0.133,-0.445,-0.556,0.463,-0.529,1384996096.000,-0.000,26118,26512,-8,11,62,13.990,412.420,26246,26666,1307,1394,0
177507,-0.110,0.261,-2.607,0.281,0.010,-0.194,-0.441,-0.568,0.458,-0.523,1384996096.000,-0.002,26402,26228,-10,-3,62,13.990,412.420,26246,26666,1307,1394,0
177607,-0.013,0.209,-2.239,0.091,0.297,-0.078,-0.443,-0.570,0.444,-0.531,1384996096.000,-0.001,26268,26363,6,-2,62,14.010,381.700,26178,26109,1417,1440,0
177707,0.025,0.151,-2.232,-0.078,0.137,-0.093,-0.452,-0.564,0.438,-0.534,1384996096.000,-0.000,26342,26289,3,6,62,14.010,381.700,26178,26109,1417,1440,0
177807,0.007,0.225,-2.362,0.114,0.157,-0.101,-0.456,-0.564,0.431,-0.537,1436760832.000,-0.002,26805,26800,-4,0,62,14.010,381.700,26178,26109,1417,1440,0
177907,0.052,0.162,-2.167,0.080,0.333,-0.103,-0.461,-0.562,0.419,-0.544,1425780352.000,-0.002,26757,26643,6,-4,62,13.970,330.500,26954,26666,1387,1409,0
178007,0.194,-0.089,-2.129,-0.013,0.204,0.026,-0.468,-0.555,0.410,-0.552,1465780352.000,-0.000,27112,27032,9,-3,62,13.970,330.500,26954,26666,1387,1409,0
178107,0.167,-0.087,-1.907,-0.062,-0.147,0.056,-0.467,-0.554,0.414,-0.551,1473623552.000,-0.000,27154,27134,0,7,62,13.970,330.500,26954,26666,1387,1409,0
178207,0.157,-0.072,-1.811,0.129,0.002,0.039,-0.463,-0.556,0.415,-0.552,1384996096.000,0.000,26363,26268,0,-5,62,13.950,320.260,26666,26595,1333,1327,0
178307,0.140,-0.077,-1.853,0.010,-0.007,0.051,-0.460,-0.556,0.414,-0.555,1384996096.000,-0.000,26337,26294,4,1,62,13.950,320.260,26666,26595,1333,1327,0
178407,0.125,-0.103,-2.238,-0.127,-0.049,0.019,-0.461,-0.555,0.418,-0.552,1384996096.000,0.000,26376,26254,6,4,62,13.990,371.460,26525,26178,1358,1397,0
178507,0.118,-0.111,-2.478,-0.089,0.074,0.004,-0.463,-0.552,0.421,-0.551,1384996096.000,0.000,26386,26244,8,-2,62,13.990,371.460,26525,26178,1358,1397,0
178607,0.188,-0.603,-2.162,0.004,0.116,-0.007,-0.466,-0.548,0.419,-0.554,1384996096.000,0.003,26492,26138,21,-19,62,13.990,371.460,26525,26178,1358,1397,0
178707,0.181,-0.544,-2.270,-0.048,-0.691,0.036,-0.461,-0.555,0.426,-0.547,1384996096.000,0.004,26411,26219,-6,13,62,14.000,381.700,26109,25974,1489,1411,0
178807,0.164,0.131,-2.300,0.047,-0.422,0.056,-0.446,-0.571,0.443,-0.529,1384996096.000,0.002,26386,26245,-12,11,62,14.000,381.700,26109,25974,1489,1411,0
178907,0.120,0.110,-2.078,0.001,0.233,0.137,-0.442,-0.568,0.442,-0.535,1384996096.000,0.001,26265,26365,9,-4,62,13.960,371.460,26385,26246,1376,1409,0
179007,0.070,0.105,-2.369,-0.100,-0.118,0.121,-0.442,-0.563,0.448,-0.536,1384996096.000,0.000,26266,26365,-2,10,62,13.960,371.460,26385,26246,1376,1409,0
179107,0.034,0.124,-2.187,0.078,0.029,0.076,-0.437,-0.563,0.451,-0.537,1412447104.000,0.000,26547,26602,-2,0,63,13.970,391.940,26737,26595,1361,1396,0
179207,0.017,0.095,-1.748,-0.078,0.126,0.018,-0.438,-0.560,0.450,-0.541,1392839296.000,0.000,26409,26370,7,3,63,13.970,391.940,26737,26595,1361,1396,0
179307,0.020,-0.019,-1.857,-0.179,0.068,-0.036,-0.444,-0.554,0.451,-0.540,1384996096.000,0.000,26394,26236,9,3,62,13.940,371.460,26246,26315,1434,1366,0
179407,0.051,0.048,-2.256,-0.146,0.043,-0.097,-0.452,-0.551,0.452,-0.537,1384996096.000,0.000,26476,26154,4,5,62,13.940,371.460,26246,26315,1434,1366,0
179507,0.093,0.086,-2.223,-0.219,0.029,-0.110,-0.460,-0.549,0.453,-0.531,1384996096.000,0.000,26520,26110,6,8,62,13.940,371.460,26246,26315,1434,1366,0
179607,0.132,0.065,-2.211,-0.232,0.139,-0.076,-0.470,-0.544,0.454,-0.526,1384996096.000,0.000,26511,26119,10,4,63,13.980,350.980,26595,26455,1382,1283,0
179707,0.142,-0.055,-2.048,-0.287,0.271,0.009,-0.482,-0.533,0.455,-0.526,1384996096.000,0.000,26437,26193,17,0,63,13.980,350.980,26595,26455,1382,1283,0
179807,0.127,-0.125,-2.198,-0.318,0.177,0.041,-0.495,-0.519,0.458,-0.525,1384996096.000,-0.000,26412,26218,15,2,63,13.950,361.220,26525,26315,1374,1350,0
179907,0.243,-0.166,-2.569,-0.250,0.089,0.089,-0.503,-0.507,0.464,-0.524,1384996096.000,-0.001,26547,26082,12,1,63,13.950,361.220,26525,26315,1374,1350,0
180007,0.255,-0.179,-2.261,-0.051,0.013,0.188,-0.502,-0.500,0.469,-0.527,1392839296.000,-0.002,26496,26283,6,-2,63,13.980,402.180,26246,26385,1473,1304,0
180107,0.015,-0.169,-2.720,-0.177,-0.070,0.201,-0.497,-0.495,0.476,-0.530,1384996096.000,-0.000,26158,26472,11,7,63,13.980,402.180,26246,26385,1473,1304,0
180208,-0.078,-0.139,-2.327,0.067,-0.074,-0.007,-0.495,-0.494,0.483,-0.527,1384996096.000,0.001,26354,26277,0,-4,63,13.990,340.740,25906,26455,1453,1385,0
180308,-0.062,-0.183,-2.030,0.127,-0.017,-0.047,-0.492,-0.499,0.478,-0.530,1456368640.000,0.000,27048,26922,5,-5,63,13.990,340.740,25906,26455,1453,1385,0
180408,-0.042,-0.325,-1.660,-0.021,-0.161,-0.083,-0.491,-0.502,0.477,-0.528,1455584384.000,-0.000,27089,26866,8,0,62,13.950,215.300,27027,27027,1452,1394,0
180508,-0.004,-0.248,-1.884,-0.018,-0.452,-0.102,-0.488,-0.511,0.482,-0.518,1384996096.000,-0.000,26469,26161,-4,10,62,13.950,215.300,27027,27027,1452,1394,0
180608,0.026,0.080,-2.072,0.079,-0.206,-0.044,-0.480,-0.523,0.489,-0.506,1384996096.000,0.000,26420,26210,-5,4,63,13.980,350.980,26666,26246,1344,1357,0
180708,0.042,0.127,-2.544,-0.009,0.148,-0.052,-0.479,-0.526,0.487,-0.507,1384996096.000,0.000,26464,26166,7,0,63,13.980,350.980,26666,26246,1344,1357,0
180808,0.061,0.036,-2.560,-0.021,0.110,-0.054,-0.484,-0.523,0.482,-0.509,1384996096.000,0.000,26489,26140,6,0,62,13.990,371.460,26595,26178,1369,1366,0
180908,0.087,-0.180,-2.271,0.008,-0.013,-0.066,-0.487,-0.523,0.479,-0.509,1435192192.000,0.001,26993,26581,8,-3,62,13.990,371.460,26595,26178,1369,1366,0
181008,0.111,-0.141,-1.976,-0.160,-0.208,-0.060,-0.488,-0.526,0.481,-0.504,1384996096.000,0.001,26547,26082,5,10,62,13.990,371.460,26595,26178,1369,1366,0
181108,0.132,0.096,-2.340,0.027,-0.032,-0.028,-0.488,-0.528,0.487,-0.496,1384996096.000,0.001,26533,26095,-2,1,63,13.960,412.420,26525,26109,1411,1359,0
181209,0.128,0.118,-2.171,0.058,0.147,0.046,-0.488,-0.527,0.483,-0.500,1384996096.000,0.001,26458,26172,4,-1,63,13.960,412.420,26525,26109,1411,1359,0
181309,0.111,0.086,-2.306,-0.082,0.106,0.034,-0.491,-0.523,0.482,-0.504,1384996096.000,0.000,26485,26145,7,4,63,14.000,350.980,26385,26246,1418,1350,0
181409,0.100,0.002,-2.280,-0.164,0.117,0.028,-0.496,-0.516,0.483,-0.504,1384996096.000,0.000,26486,26143,11,3,63,14.000,350.980,26385,26246,1418,1350,0
181509,0.069,-0.128,-2.483,-0.040,0.090,0.114,-0.500,-0.508,0.485,-0.506,1389702016.000,0.000,26407,26313,8,-4,63,13.990,361.220,26809,26315,1302,1381,0
181609,0.082,-0.181,-2.549,0.210,-0.134,0.172,-0.494,-0.508,0.486,-0.511,1384996096.000,-0.000,26324,26307,-3,-5,63,13.990,361.220,26809,26315,1302,1381,0
181709,0.022,-0.097,-2.737,0.201,-0.323,0.248,-0.479,-0.512,0.493,-0.515,1384996096.000,-0.001,26192,26438,-9,3,63,13.990,361.220,26809,26315,1302,1381,0
181809,-0.080,0.028,-2.692,0.378,-0.193,0.231,-0.459,-0.520,0.498,-0.521,1384996096.000,-0.000,26134,26496,-10,-4,63,13.960,361.220,26178,26041,1394,1493,0
181909,-0.130,-0.140,-2.493,0.273,-0.082,0.159,-0.441,-0.527,0.496,-0.531,1388917632.000,-0.003,26219,26485,3,-7,63,13.960,361.220,26178,26041,1394,1493,0
182009,-0.299,0.182,-2.536,0.164,-0.292,0.066,-0.429,-0.532,0.497,-0.534,1384996096.000,0.000,26046,26582,-14,14,63,13.940,361.220,26315,26385,1372,1414,0
182109,-0.289,0.324,-2.714,0.232,0.011,-0.103,-0.421,-0.542,0.498,-0.530,1384996096.000,0.000,26260,26371,-8,-1,63,13.940,361.220,26315,26385,1372,1414,0
182209,-0.871,0.345,-2.713,-0.326,0.280,-0.433,-0.428,-0.542,0.489,-0.533,1384996096.000,-0.011,26047,26581,16,14,63,13.970,371.460,25575,26881,1447,1369,0
182309,-0.749,0.284,-2.612,0.554,0.226,-0.719,-0.448,-0.552,0.466,-0.527,1384996096.000,-0.009,26444,26186,-18,-18,63,13.970,371.460,25575,26881,1447,1369,0
182410,-0.278,0.432,-2.194,-0.179,0.281,-0.480,-0.458,-0.566,0.436,-0.529,1423427456.000,-0.014,26974,26379,10,17,63,13.970,371.460,25575,26881,1447,1369,0
182510,0.275,0.023,-2.185,0.454,0.463,-0.156,-0.475,-0.564,0.419,-0.530,1384996096.000,0.002,26719,25905,-1,-29,63,13.930,320.260,27247,26455,1451,1447,0
182610,0.287,-0.056,-2.225,-0.248,-0.102,0.139,-0.475,-0.561,0.411,-0.539,1384996096.000,0.001,26372,26259,9,17,63,13.930,320.260,27247,26455,1451,1447,0
182710,0.235,-0.104,-1.909,0.039,0.187,0.170,-0.476,-0.554,0.419,-0.540,1465780352.000,0.001,27097,27046,7,-11,63,13.880,246.020,27397,26954,1390,1458,0
182810,0.166,-0.080,-1.935,-0.144,-0.123,0.169,-0.473,-0.548,0.423,-0.545,1440682368.000,-0.000,26838,26841,3,10,63,13.880,246.020,27397,26954,1390,1458,0
182910,0.109,-0.047,-1.961,0.097,-0.039,0.103,-0.468,-0.547,0.431,-0.544,1384996096.000,-0.000,26355,26276,-1,-4,63,13.880,246.020,27397,26954,1390,1458,0
183010,0.083,-0.041,-2.339,0.058,-0.080,0.052,-0.463,-0.548,0.431,-0.547,1384996096.000,-0.000,26377,26254,0,0,63,13.940,371.460,26246,26385,1436,1340,0
183110,0.065,-0.048,-2.289,0.043,-0.131,0.027,-0.459,-0.551,0.434,-0.546,1384996096.000,0.000,26389,26242,-1,2,63,13.940,371.460,26246,26385,1436,1340,0
183210,0.070,0.036,-2.341,-0.032,-0.129,-0.037,-0.456,-0.555,0.436,-0.542,1384996096.000,0.000,26462,26167,0,7,63,13.940,371.460,26246,26385,1436,1340,0
183310,0.088,0.073,-2.420,-0.103,0.022,-0.041,-0.458,-0.556,0.438,-0.538,1384996096.000,0.000,26469,26161,5,4,63,13.940,330.500,26666,26385,1355,1319,0
183410,0.105,0.083,-2.435,-0.079,0.226,-0.041,-0.465,-0.551,0.437,-0.538,1384996096.000,-0.001,26488,26142,8,-2,63,13.940,330.500,26666,26385,1355,1319,0
183511,0.183,0.237,-2.362,-0.066,0.312,-0.039,-0.474,-0.543,0.431,-0.543,1384996096.000,-0.003,26577,26051,5,0,63,13.960,350.980,26809,26041,1352,1368,0
183611,0.260,0.257,-2.550,-0.072,0.342,0.046,-0.483,-0.532,0.426,-0.550,1384996096.000,-0.004,26542,26086,6,0,63,13.960,350.980,26809,26041,1352,1368,0
183711,0.150,-0.243,-2.560,-0.100,0.333,0.072,-0.490,-0.518,0.422,-0.559,1389702016.000,-0.002,26464,26256,19,-11,63,13.960,350.980,26809,26041,1352,1368,0
183811,0.132,-0.334,-2.559,-0.066,-0.188,0.018,-0.493,-0.514,0.424,-0.559,1482251008.000,-0.001,27407,27039,3,2,63,13.960,330.500,26737,26178,1391,1414,0
183911,0.113,-0.288,-2.408,0.041,-0.401,0.087,-0.484,-0.523,0.434,-0.551,1384996096.000,-0.000,26402,26228,-2,3,63,13.960,330.500,26737,26178,1391,1414,0
184010,0.233,-0.434,-2.317,0.291,-0.323,0.171,-0.469,-0.534,0.440,-0.549,1418721536.000,-0.002,26749,26518,-2,-8,63,13.960,330.500,26737,26178,1391,1414,0
184110,0.196,-0.404,-2.107,0.050,-0.570,0.203,-0.449,-0.545,0.451,-0.546,1451662720.000,-0.004,27025,26857,-2,7,63,13.940,299.780,26525,26809,1468,1333,0
184210,0.074,0.091,-1.759,-0.038,-0.390,0.050,-0.435,-0.556,0.467,-0.533,1421858816.000,0.000,26824,26501,-6,12,63,13.940,299.780,26525,26809,1468,1333,0
184310,-0.041,0.224,-1.932,-0.131,0.153,-0.128,-0.437,-0.556,0.469,-0.529,1384996096.000,-0.000,26561,26068,8,3,63,13.940,299.780,26525,26809,1348,1407,0
184409,0.030,0.177,-2.071,-0.054,0.114,-0.254,-0.448,-0.554,0.463,-0.527,1384996096.000,0.000,26756,25867,1,3,63,13.930,391.940,26809,25906,1348,1407,0
184509,0.135,0.180,-1.805,0.103,0.111,-0.274,-0.456,-0.558,0.454,-0.524,1384996096.000,0.001,26829,25792,-3,-2,63,13.930,391.940,26809,25906,1348,1407,0
184609,0.206,0.137,-1.475,0.076,0.168,-0.103,-0.461,-0.561,0.442,-0.527,1384996096.000,0.001,26682,25944,3,-1,63,13.940,330.500,26385,26109,1522,1365,0
184709,0.217,0.089,-1.575,-0.154,0.144,0.023,-0.466,-0.557,0.438,-0.530,1384996096.000,0.001,26597,26031,9,6,63,13.940,330.500,26385,26109,1522,1365,0
184809,0.186,0.050,-1.661,-0.189,0.144,0.104,-0.472,-0.547,0.443,-0.531,1384996096.000,0.000,26525,26104,9,3,63,13.960,361.220,26595,25906,1390,1426,0
184908,0.142,-0.029,-2.023,-0.136,0.211,0.113,-0.477,-0.536,0.446,-0.535,1294800000.000,-0.000,25642,25244,11,-2,63,13.960,361.220,26595,25906,1390,1426,0
185008,0.093,-0.146,-2.000,-0.174,0.213,0.133,-0.482,-0.525,0.447,-0.540,1253231360.000,-0.000,25159,24905,15,-3,63,13.960,361.220,26595,25906,1390,1426,0
185108,0.026,-0.188,-1.926,-0.099,0.068,0.179,-0.485,-0.514,0.452,-0.544,1355976448.000,-0.000,26068,26009,9,-2,64,14.030,525.060,24875,24937,1383,1281,0
185208,-0.045,-0.180,-1.739,0.098,-0.073,0.188,-0.479,-0.511,0.457,-0.548,1384996096.000,0.000,26280,26351,0,-4,64,14.030,525.060,24875,24937,1383,1281,0
185307,-0.017,-0.251,-1.604,0.224,-0.093,0.207,-0.468,-0.512,0.460,-0.554,1384996096.000,-0.000,26310,26320,0,-9,64,13.950,330.500,26246,26455,1396,1374,0
185407,-0.081,-0.203,-1.794,0.116,-0.216,0.286,-0.453,-0.515,0.465,-0.560,1384996096.000,0.000,26118,26511,0,2,64,13.950,330.500,26246,26455,1396,1374,0
185507,-0.328,-0.037,-2.119,0.133,-0.296,0.280,-0.436,-0.518,0.475,-0.562,1384996096.000,0.003,25858,26764,-7,5,63,13.930,350.980,26246,26737,1337,1360,0
185607,-0.532,0.021,-2.210,0.131,-0.082,-0.016,-0.426,-0.523,0.480,-0.561,1384996096.000,0.003,26030,26597,-1,-2,63,13.930,350.980,26246,26737,1337,1360,0
185707,-0.496,-0.028,-2.155,-0.009,0.023,-0.167,-0.426,-0.527,0.474,-0.561,1384996096.000,0.002,26183,26447,7,1,64,13.970,371.460,26178,26385,1382,1412,0
185807,-0.390,0.096,-2.285,-0.062,-0.096,-0.282,-0.434,-0.532,0.471,-0.554,1384996096.000,0.001,26367,26264,-2,8,64,13.970,371.460,26178,26385,1382,1412,0
185907,-0.219,0.104,-2.351,0.106,-0.008,-0.312,-0.438,-0.542,0.463,-0.547,1393623552.000,-0.000,26596,26197,-2,-1,64,13.950,330.500,26737,26109,1333,1398,0
186007,-0.094,0.076,-2.506,-0.072,0.139,-0.324,-0.448,-0.547,0.452,-0.543,1424996096.000,-0.000,26971,26411,9,2,64,13.950,330.500,26737,26109,1333,1398,0
186107,0.020,0.038,-2.042,-0.244,0.088,-0.273,-0.463,-0.547,0.446,-0.536,1384996096.000,-0.000,26632,25995,11,7,64,13.970,340.740,26954,26246,1424,1411,0
186207,0.059,0.044,-2.390,-0.381,0.041,-0.219,-0.479,-0.544,0.446,-0.525,1384996096.000,-0.000,26601,26026,12,11,64,13.970,340.740,26954,26246,1424,1411,0
186308,0.138,0.007,-2.201,-0.163,0.194,-0.169,-0.495,-0.538,0.446,-0.517,1396760832.000,0.000,26754,26095,9,-4,64,13.940,330.500,27027,26041,1357,1385,0
186408,0.242,-0.075,-1.932,-0.081,0.161,-0.022,-0.503,-0.533,0.441,-0.518,1384996096.000,0.001,26606,26022,9,-3,64,13.940,330.500,27027,26041,1357,1385,0
186508,0.237,-0.109,-2.193,-0.147,0.006,0.089,-0.508,-0.527,0.443,-0.518,1384996096.000,0.000,26505,26125,8,3,64,13.940,330.500,27027,26041,1357,1385,0
186608,0.178,-0.103,-2.250,-0.101,-0.029,0.182,-0.507,-0.521,0.451,-0.518,1415584384.000,0.000,26676,26533,6,1,64,13.970,320.260,26525,26385,1401,1307,0
186708,0.110,-0.099,-1.548,0.123,0.020,0.172,-0.502,-0.518,0.455,-0.522,1384996096.000,-0.000,26369,26261,2,-7,64,13.970,320.260,26525,26385,1401,1307,0
186808,0.043,-0.145,-1.703,0.057,-0.050,0.184,-0.495,-0.517,0.457,-0.529,1384996096.000,0.000,26299,26332,5,-1,64,13.950,330.500,26246,25974,1427,1456,0
186908,-0.316,-0.336,-1.830,-0.128,-0.182,0.238,-0.486,-0.516,0.464,-0.532,1427348992.000,0.005,26239,27182,14,3,64,13.950,330.500,26246,25974,1427,1456,0
187008,-0.376,-0.398,-1.800,0.056,-0.251,-0.038,-0.484,-0.514,0.477,-0.524,1402251008.000,0.006,26349,26608,2,-7,64,13.900,289.540,26525,26881,1447,1466,0
187108,-0.320,-0.190,-1.763,0.027,-0.313,-0.080,-0.475,-0.527,0.479,-0.518,1384996096.000,0.003,26236,26394,0,6,64,13.900,289.540,26525,26881,1447,1466,0
187208,-0.303,0.225,-2.071,-0.047,-0.008,-0.080,-0.473,-0.533,0.483,-0.509,1384996096.000,-0.003,26190,26440,0,7,64,13.970,310.020,26178,26525,1409,1357,0
187308,-0.228,0.156,-2.368,-0.010,0.298,-0.151,-0.480,-0.531,0.477,-0.510,1384996096.000,-0.003,26371,26259,10,-5,64,13.970,310.020,26178,26525,1409,1357,0
187408,0.005,0.033,-2.248,0.059,0.170,-0.056,-0.489,-0.528,0.467,-0.514,1384996096.000,-0.000,26426,26204,5,-4,64,13.970,310.020,26178,26525,1409,1357,0
187509,0.020,-0.046,-2.321,-0.259,-0.006,0.004,-0.494,-0.523,0.467,-0.514,1384996096.000,0.001,26361,26270,12,9,64,13.970,340.740,26246,26178,1326,1385,0
187609,-0.014,-0.237,-1.902,-0.137,-0.002,-0.061,-0.500,-0.518,0.471,-0.509,1384996096.000,0.003,26410,26221,12,-3,64,13.970,340.740,26246,26178,1326,1385,0
187709,-0.015,-0.342,-2.055,-0.144,-0.244,-0.092,-0.502,-0.520,0.474,-0.503,1384996096.000,0.006,26433,26197,8,5,64,13.940,310.020,26246,26109,1443,1412,0
187809,0.021,-0.224,-2.129,-0.150,-0.359,-0.082,-0.501,-0.526,0.484,-0.488,1384996096.000,0.007,26447,26183,3,8,64,13.940,310.020,26246,26109,1443,1412,0
187909,0.016,-0.127,-2.228,-0.148,-0.222,0.017,-0.498,-0.531,0.494,-0.476,1384996096.000,0.007,26317,26314,7,6,64,13.950,330.500,26315,26455,1408,1338,0
188009,-0.002,-0.085,-2.730,-0.090,-0.056,0.087,-0.496,-0.530,0.502,-0.470,1384996096.000,0.007,26250,26380,8,0,64,13.950,330.500,26315,26455,1408,1338,0
188109,-0.033,0.006,-3.006,-0.046,0.019,0.069,-0.495,-0.527,0.505,-0.470,1384996096.000,0.004,26270,26361,6,1,64,13.950,330.500,26315,26455,1408,1338,0
188209,-0.048,0.069,-2.799,-0.074,0.069,0.042,-0.497,-0.524,0.507,-0.471,1384996096.000,0.001,26276,26355,7,3,64,13.940,320.260,26178,26178,1424,1437,0
188309,-0.065,0.035,-2.747,-0.060,0.176,0.039,-0.500,-0.518,0.507,-0.473,1384996096.000,0.001,26260,26370,10,-2,64,13.940,320.260,26178,26178,1424,1437,0
188409,-0.071,0.033,-2.625,0.094,0.167,-0.002,-0.504,-0.514,0.502,-0.479,1384996096.000,0.000,26294,26336,4,-5,64,13.920,330.500,26109,26246,1448,1416,0
188510,0.011,0.066,-2.363,0.123,0.062,-0.003,-0.505,-0.514,0.497,-0.484,1384996096.000,-0.001,26375,26256,1,-1,64,13.920,330.500,26109,26246,1448,1416,0
188610,0.011,0.044,-2.516,-0.172,0.110,-0.020,-0.507,-0.512,0.495,-0.486,1384996096.000,-0.001,26378,26253,13,6,64,13.920,330.500,26109,26246,1448,1416,0
188710,0.041,-0.054,-3.055,-0.033,0.184,-0.086,-0.515,-0.507,0.493,-0.485,1384996096.000,-0.000,26477,26152,11,-7,64,13.940,310.020,26595,26109,1352,1419,0
188810,0.081,-0.098,-2.602,-0.043,0.084,-0.076,-0.521,-0.504,0.487,-0.487,1384996096.000,-0.001,26483,26146,9,-1,64,13.940,310.020,26595,26109,1352,1419,0
188910,0.129,-0.052,-2.552,-0.133,-0.102,0.047,-0.524,-0.503,0.488,-0.484,1384996096.000,-0.002,26393,26237,6,7,64,13.950,320.260,26109,26246,1477,1376,0
189010,0.180,-0.041,-2.362,-0.009,0.014,0.120,-0.523,-0.500,0.494,-0.483,1384996096.000,-0.001,26406,26224,5,-4,64,13.950,320.260,26109,26246,1477,1376,0
189110,0.128,-0.047,-2.519,0.158,-0.012,0.156,-0.517,-0.499,0.493,-0.491,1384996096.000,-0.001,26304,26327,2,-4,64,13.950,320.260,26109,26246,1477,1376,0
189210,0.073,-0.018,-3.392,-0.106,-0.143,0.127,-0.511,-0.498,0.499,-0.492,1384996096.000,-0.000,26304,26327,6,9,64,13.970,340.740,25974,26109,1479,1442,0
189310,0.033,-0.011,-3.354,-0.001,0.088,0.081,-0.509,-0.495,0.503,-0.493,1384996096.000,-0.000,26328,26302,10,-4,64,13.970,340.740,25974,26109,1479,1442,0
189410,0.020,-0.057,-3.247,-0.124,0.133,-0.014,-0.513,-0.489,0.501,-0.496,1384996096.000,-0.000,26418,26212,14,0,64,13.970,340.740,25974,26109,1479,1442,0
189510,0.039,-0.068,-2.822,-0.228,-0.030,-0.057,-0.520,-0.485,0.503,-0.491,1384996096.000,-0.000,26454,26176,11,7,63,13.980,289.540,26246,26246,1452,1361,0
189611,-0.054,0.033,-2.879,-0.117,0.017,-0.040,-0.524,-0.482,0.507,-0.485,1384996096.000,-0.001,26298,26333,6,2,63,13.980,289.540,26246,26246,1452,1361,0
189711,-0.046,0.014,-3.093,0.026,0.136,-0.087,-0.530,-0.480,0.505,-0.484,1384996096.000,-0.001,26413,26218,7,-6,64,13.940,330.500,26315,26178,1428,1391,0
189811,0.019,-0.069,-2.994,0.161,0.051,0.002,-0.531,-0.482,0.498,-0.489,1384996096.000,-0.001,26363,26268,3,-6,64,13.940,330.500,26315,26178,1428,1391,0
189910,0.019,-0.052,-3.008,-0.153,-0.144,-0.007,-0.529,-0.483,0.500,-0.486,1384996096.000,-0.001,26391,26239,8,10,64,13.940,330.500,26315,26178,1428,1391,0
190010,0.030,-0.043,-3.109,-0.100,0.077,-0.043,-0.532,-0.481,0.503,-0.482,1384996096.000,-0.001,26445,26185,12,-2,64,13.950,340.740,26525,26246,1385,1366,0
190110,0.041,-0.085,-2.899,-0.131,0.138,-0.013,-0.538,-0.476,0.501,-0.482,1384996096.000,-0.001,26411,26219,15,-1,64,13.950,340.740,26525,26246,1385,1366,0
190210,0.040,-0.109,-3.077,-0.110,-0.017,0.003,-0.544,-0.471,0.502,-0.480,1384996096.000,-0.001,26397,26233,8,2,64,13.950,340.740,26525,26246,1385,1366,0
190309,0.030,-0.072,-2.918,-0.038,-0.187,0.042,-0.541,-0.472,0.508,-0.476,1384996096.000,-0.001,26350,26281,3,5,64,13.940,310.020,26525,25974,1367,1452,0
190409,0.008,-0.016,-2.478,0.010,-0.168,0.068,-0.536,-0.474,0.514,-0.473,1384996096.000,-0.001,26311,26319,2,3,64,13.940,310.020,26525,25974,1367,1452,0
190509,-0.011,0.027,-2.124,0.189,-0.128,0.037,-0.528,-0.479,0.517,-0.473,1384996096.000,-0.000,26341,26289,-3,-2,65,13.940,340.740,26385,26246,1391,1400,0
190609,-0.023,0.056,-2.395,0.217,-0.054,0.014,-0.521,-0.486,0.515,-0.477,1384996096.000,-0.000,26351,26279,-1,-3,65,13.940,340.740,26385,26246,1391,1400,0
190709,-0.031,0.063,-2.948,0.174,-0.023,0.024,-0.515,-0.491,0.511,-0.482,1384996096.000,-0.000,26321,26310,1,-1,65,13.940,340.740,26385,26246,1391,1400,0
190808,0.761,-0.017,-3.198,0.061,-0.037,-0.003,-0.511,-0.494,0.510,-0.485,1384996096.000,-0.001,27557,25012,7,0,65,13.960,320.260,26246,26246,1421,1400,0
190908,0.065,0.097,-3.002,0.534,-0.031,0.610,-0.496,-0.499,0.506,-0.498,1384996096.000,0.000,25061,27513,-13,-8,65,13.960,320.260,26246,26246,1421,1400,0
191008,-0.270,0.127,-2.610,-0.930,-0.130,0.280,-0.491,-0.474,0.537,-0.496,1384996096.000,-0.002,25920,26705,26,34,64,13.960,289.540,25316,27397,1294,1441,0
191108,-0.311,0.128,-2.777,1.002,0.068,0.074,-0.481,-0.479,0.533,-0.505,1384996096.000,-0.003,26064,26564,-29,-35,64,13.960,289.540,25316,27397,1294,1441,0
191207,-1.018,0.218,-2.458,-0.486,0.000,-0.021,-0.475,-0.481,0.528,-0.513,1384996096.000,-0.008,25122,27457,22,28,64,13.920,279.300,25773,26809,1388,1410,0
191307,-1.216,0.181,-2.131,0.227,0.274,-0.596,-0.492,-0.479,0.525,-0.502,1384996096.000,-0.008,25903,26721,-3,-17,64,13.920,279.300,25773,26809,1388,1410,0
191407,-0.734,0.118,-2.636,0.539,0.079,-0.738,-0.502,-0.507,0.488,-0.503,1384996096.000,-0.005,26445,26185,-9,-9,64,13.920,320.260,26455,26178,1381,1402,0
191507,0.236,0.036,-2.596,0.199,-0.037,-0.002,-0.503,-0.526,0.470,-0.499,1384996096.000,0.001,26317,26314,3,2,64,13.920,320.260,26455,26178,1381,1402,0
191607,0.198,0.036,-2.504,-0.044,-0.008,0.077,-0.502,-0.522,0.475,-0.500,1384996096.000,0.001,26338,26292,5,3,64,13.950,289.540,26109,26595,1439,1335,0
191707,0.166,0.050,-2.522,0.367,-0.074,0.094,-0.493,-0.527,0.472,-0.507,1384996096.000,0.000,26314,26317,-9,-6,64,13.950,289.540,26109,26595,1439,1335,0
191807,0.123,0.087,-2.994,0.108,-0.142,0.136,-0.482,-0.533,0.472,-0.511,1384996096.000,0.000,26237,26393,-1,6,65,13.920,266.500,26109,26666,1434,1317,0
191907,0.068,0.102,-2.997,0.094,0.021,0.131,-0.475,-0.533,0.475,-0.515,1384996096.000,0.000,26217,26414,2,-1,65,13.920,266.500,26109,26666,1434,1317,0
192007,0.032,0.062,-3.155,-0.112,0.179,0.012,-0.475,-0.528,0.474,-0.521,1384996096.000,0.000,26352,26279,13,1,65,13.920,266.500,26109,26666,1434,1317,0
192107,-0.019,0.087,-3.177,0.279,0.046,-0.138,-0.478,-0.531,0.465,-0.523,1384996096.000,-0.001,26356,26274,-7,-6,65,13.940,320.260,25839,26178,1382,1409,0
192208,-0.327,0.227,-2.896,-0.328,0.013,-0.146,-0.480,-0.533,0.462,-0.522,1384996096.000,-0.006,26042,26586,11,19,65,13.940,320.260,25839,26178,1382,1409,0
192308,-0.252,0.175,-2.646,0.264,0.287,-0.294,-0.492,-0.533,0.454,-0.517,1384996096.000,-0.008,26372,26258,-2,-15,64,13.920,330.500,26109,26385,1375,1427,0
192408,0.213,-0.065,-2.624,0.061,-0.016,0.103,-0.492,-0.539,0.437,-0.526,1384996096.000,0.001,26303,26328,6,4,64,13.920,330.500,26109,26385,1375,1427,0
192508,0.117,-0.041,-2.779,-0.123,-0.007,0.294,-0.485,-0.535,0.446,-0.529,1384996096.000,0.000,26075,26553,10,4,65,13.940,310.020,26246,25974,1377,1354,0
192608,0.025,-0.059,-2.864,0.121,0.063,0.178,-0.480,-0.529,0.450,-0.536,1486956928.000,-0.000,27131,27402,3,-7,65,13.940,310.020,26246,25974,1377,1354,0
192708,-0.025,-0.062,-2.597,0.121,-0.044,0.080,-0.473,-0.528,0.450,-0.542,1442251008.000,-0.000,26767,26940,1,-2,65,13.900,123.140,26881,27397,1498,1405,0
192808,-0.200,0.026,-2.121,-0.009,-0.022,-0.026,-0.469,-0.530,0.450,-0.544,1384996096.000,-0.000,26143,26486,4,3,65,13.900,123.140,26881,27397,1498,1405,0
192908,-0.408,0.119,-1.808,0.157,0.159,-0.410,-0.476,-0.532,0.445,-0.540,1463427456.000,-0.004,27147,26953,0,-9,65,13.870,184.580,26954,26881,1485,1467,0
193008,0.172,-0.094,-1.664,0.468,0.040,-0.233,-0.481,-0.545,0.421,-0.543,1384996096.000,-0.000,26662,25964,-6,-14,65,13.870,184.580,26954,26881,1485,1467,0
193109,0.216,-0.056,-1.613,-0.197,-0.211,-0.028,-0.478,-0.552,0.421,-0.538,1384996096.000,0.000,26461,26169,7,12,65,13.870,184.580,26954,26881,1485,1467,0
193209,0.218,-0.024,-1.941,0.259,-0.023,0.023,-0.475,-0.556,0.421,-0.536,1384996096.000,0.001,26440,26190,-3,-9,65,13.910,266.500,26455,26041,1410,1414,0
193309,0.195,0.010,-2.458,-0.052,-0.174,0.091,-0.467,-0.561,0.422,-0.537,1384996096.000,0.001,26368,26262,3,9,65,13.910,266.500,26455,26041,1410,1414,0
193409,0.142,0.036,-2.230,-0.023,-0.018,0.142,-0.464,-0.560,0.429,-0.536,1384996096.000,0.001,26280,26350,4,0,65,13.930,310.020,26109,26455,1458,1347,0
193509,0.062,0.049,-2.000,0.011,0.041,0.133,-0.460,-0.556,0.432,-0.540,1384996096.000,-0.000,26245,26385,4,-1,65,13.930,310.020,26109,26455,1458,1347,0
193609,0.018,0.014,-2.038,0.041,0.052,0.090,-0.457,-0.554,0.434,-0.544,1384996096.000,-0.000,26264,26367,4,-3,65,13.920,279.300,26455,26178,1348,1442,0
193709,-0.016,0.009,-2.225,0.070,0.016,0.053,-0.455,-0.552,0.433,-0.548,1384996096.000,-0.000,26263,26368,2,-2,65,13.920,279.300,26455,26178,1348,1442,0
193809,-0.046,0.015,-2.551,0.127,-0.061,0.026,-0.451,-0.554,0.432,-0.550,1384996096.000,-0.000,26249,26382,-2,-1,65,13.920,279.300,26455,26178,1348,1442,0
193909,-0.620,0.139,-2.726,-0.223,-0.084,-0.424,-0.453,-0.556,0.434,-0.545,1384996096.000,-0.006,26370,26260,4,11,65,13.950,289.540,25188,26954,1340,1528,0
194009,0.306,0.036,-2.411,0.799,0.079,-0.313,-0.456,-0.573,0.412,-0.542,1384996096.000,0.002,27084,25523,-19,-28,65,13.950,289.540,25188,26954,1340,1528,0
194109,0.270,0.044,-2.327,-0.514,-0.103,0.323,-0.444,-0.579,0.405,-0.551,1384996096.000,0.001,26103,26526,24,30,65,13.910,299.780,26246,26595,1360,1370,0
194210,0.163,0.051,-2.338,0.381,0.010,0.226,-0.442,-0.570,0.420,-0.551,1384996096.000,0.000,26224,26406,-14,-16,65,13.910,299.780,26246,26595,1360,1370,0
194310,0.075,0.061,-2.213,-0.139,-0.101,0.218,-0.428,-0.571,0.419,-0.561,1384996096.000,0.000,26150,26479,7,13,65,13.910,299.780,26246,26595,1360,1370,0
194410,0.005,0.083,-2.181,0.062,0.003,0.132,-0.426,-0.566,0.430,-0.559,1384996096.000,-0.000,26193,26437,-2,-4,65,13.920,246.020,26041,26525,1415,1387,0
194510,-0.036,0.087,-2.351,0.050,-0.070,0.082,-0.419,-0.567,0.430,-0.563,1384996096.000,0.000,26187,26443,-1,4,65,13.920,246.020,26041,26525,1415,1387,0
194610,-0.159,0.109,-2.374,-0.027,-0.039,-0.012,-0.417,-0.568,0.434,-0.561,1410878464.000,-0.000,26413,26707,1,3,65,13.890,266.500,26455,26809,1393,1396,0
194710,-0.403,0.046,-2.477,0.004,0.154,-0.101,-0.419,-0.568,0.430,-0.563,1395192192.000,-0.001,26063,26757,7,-4,65,13.890,266.500,26455,26809,1393,1396,0
194810,-0.318,0.023,-2.532,0.027,0.000,-0.338,-0.431,-0.569,0.424,-0.557,1384996096.000,-0.000,26356,26274,-1,-1,65,13.890,266.500,26455,26809,1393,1396,0
194910,-0.148,0.029,-2.894,0.118,-0.009,-0.294,-0.435,-0.578,0.412,-0.553,1384996096.000,0.001,26426,26204,-1,-3,66,13.920,279.300,26525,26246,1364,1391,0
195010,-0.023,0.031,-2.595,0.121,0.012,-0.196,-0.438,-0.586,0.402,-0.550,1384996096.000,0.002,26406,26225,0,-2,66,13.920,279.300,26525,26246,1364,1391,0
195110,0.066,0.022,-2.526,0.102,0.062,-0.106,-0.440,-0.590,0.394,-0.550,1384996096.000,0.003,26393,26237,2,-3,66,13.920,279.300,26525,26246,1364,1391,0
195211,0.188,0.082,-2.837,0.056,0.100,-0.048,-0.441,-0.591,0.388,-0.553,1384996096.000,0.001,26508,26121,2,-1,65,13.950,279.300,26385,26178,1405,1395,0
195311,0.232,0.052,-2.598,0.053,0.112,0.063,-0.441,-0.589,0.384,-0.558,1417152896.000,0.001,26703,26535,4,-2,65,13.950,279.300,26385,26178,1405,1395,0
195410,0.198,0.022,-2.585,0.039,0.111,0.137,-0.439,-0.585,0.384,-0.564,1424996096.000,0.000,26681,26705,4,-3,65,13.950,279.300,26385,26178,1405,1395,0
195510,0.142,-0.005,-2.547,-0.001,0.079,0.134,-0.436,-0.580,0.386,-0.570,1385780352.000,-0.000,26293,26352,4,-2,66,13.920,215.300,26809,26666,1390,1421,0
195610,0.095,-0.022,-2.683,-0.002,0.029,0.110,-0.434,-0.576,0.388,-0.574,1414015744.000,-0.000,26549,26630,3,-1,66,13.920,215.300,26809,26666,1390,1421,0
195710,0.059,-0.034,-2.875,-0.047,-0.022,0.080,-0.432,-0.574,0.391,-0.575,1414015744.000,-0.000,26556,26623,4,1,65,13.920,174.340,26525,26809,1428,1367,0
195810,0.033,-0.030,-2.911,-0.070,-0.087,0.049,-0.431,-0.573,0.396,-0.574,1407741184.000,-0.000,26507,26554,2,3,65,13.920,174.340,26525,26809,1428,1367,0
195909,0.019,0.006,-2.842,-0.016,-0.156,0.033,-0.429,-0.575,0.400,-0.570,1430486272.000,-0.000,26716,26772,-2,4,65,13.920,174.340,26525,26809,1428,1367,0
196009,0.006,0.047,-2.426,0.242,-0.148,0.041,-0.421,-0.581,0.402,-0.569,1421858816.000,-0.000,26608,26718,-10,-4,65,13.860,184.580,26666,26809,1446,1411,0
196108,-0.023,0.024,-2.396,0.303,-0.069,0.102,-0.409,-0.588,0.398,-0.573,1384996096.000,0.000,26157,26472,-6,-6,65,13.860,184.580,26666,26809,1446,1411,0
196208,-0.067,0.047,-2.329,0.351,-0.084,0.106,-0.396,-0.594,0.393,-0.579,1384996096.000,-0.000,26129,26500,-9,-5,66,13.920,279.300,26315,26178,1344,1471,0
196308,-0.106,0.077,-2.266,0.389,-0.117,0.082,-0.380,-0.602,0.387,-0.585,1384996096.000,-0.000,26118,26512,-11,-4,66,13.920,279.300,26315,26178,1344,1471,0
196408,-0.137,0.167,-1.940,0.358,-0.156,0.064,-0.365,-0.612,0.381,-0.589,1384996096.000,-0.001,26094,26534,-13,0,66,13.920,279.300,26315,26178,1344,1471,0
196508,-0.158,0.205,-2.090,0.193,-0.140,0.017,-0.352,-0.620,0.377,-0.590,1384996096.000,-0.001,26124,26505,-8,5,65,13.930,256.260,26041,26737,1401,1344,0
196608,-0.159,0.195,-2.163,0.137,-0.068,-0.026,-0.346,-0.626,0.375,-0.590,1384996096.000,-0.001,26152,26477,-6,3,65,13.930,256.260,26041,26737,1401,1344,0
196707,-0.142,0.248,-2.291,0.037,0.017,-0.078,-0.345,-0.629,0.371,-0.590,1384996096.000,-0.001,26214,26417,-4,5,66,13.950,266.500,26178,26737,1384,1319,0
196807,-0.206,0.321,-1.946,-0.093,0.121,-0.122,-0.350,-0.628,0.368,-0.590,1384996096.000,-0.003,26157,26473,0,8,66,13.950,266.500,26178,26737,1384,1319,0
196907,-0.358,0.495,-2.154,-0.146,0.250,-0.292,-0.363,-0.624,0.363,-0.589,1384996096.000,-0.010,26209,26421,-3,9,66,13.910,266.500,25839,26455,1426,1441,0
197007,-0.111,0.484,-2.075,0.232,0.406,-0.329,-0.378,-0.621,0.345,-0.594,1384996096.000,-0.010,26470,26160,-9,-8,66,13.910,266.500,25839,26455,1426,1441,0
197107,0.004,0.432,-2.282,-0.171,0.383,-0.188,-0.391,-0.613,0.328,-0.603,1384996096.000,-0.012,26386,26245,6,8,65,13.910,289.540,26178,26315,1459,1361,0
197207,0.215,0.087,-2.238,0.008,0.428,-0.110,-0.406,-0.601,0.321,-0.609,1384996096.000,-0.006,26573,26055,9,-14,65,13.910,289.540,26178,26315,1459,1361,0
197307,0.311,-0.238,-2.200,-0.100,0.181,0.067,-0.411,-0.591,0.314,-0.619,1384996096.000,-0.003,26436,26194,13,-5,66,13.900,235.780,26385,26246,1433,1354,0
197407,0.251,-0.234,-2.034,-0.168,-0.253,0.151,-0.412,-0.588,0.327,-0.615,1384996096.000,-0.002,26308,26323,0,6,66,13.900,235.780,26385,26246,1433,1354,0
197507,0.153,-0.189,-1.771,0.027,-0.129,0.191,-0.404,-0.590,0.336,-0.612,1480682368.000,-0.001,27089,27328,0,-3,66,13.800,92.420,27100,27322,1463,1469,0
197607,0.061,-0.191,-1.655,0.089,-0.158,0.274,-0.393,-0.592,0.344,-0.614,1443035264.000,0.000,26583,27136,-2,-2,66,13.800,92.420,27100,27322,1463,1469,0
197707,-0.253,-0.177,-1.918,0.152,-0.257,0.249,-0.378,-0.595,0.352,-0.615,1384996096.000,0.002,25722,26895,-6,-1,66,13.800,92.420,27100,27322,1463,1469,0
197807,-0.328,-0.048,-2.054,0.207,-0.290,0.003,-0.367,-0.603,0.358,-0.611,1384996096.000,0.001,26025,26603,-12,1,66,13.920,320.260,25575,26954,1397,1402,0
197907,-0.318,0.020,-2.348,0.271,-0.151,-0.039,-0.355,-0.616,0.352,-0.608,1384996096.000,-0.000,26016,26612,-8,-3,66,13.920,320.260,25575,26954,1397,1402,0
198007,-0.154,0.049,-2.306,0.106,-0.061,-0.002,-0.348,-0.622,0.347,-0.609,1413231360.000,-0.000,26411,26753,-2,2,65,13.890,256.260,25974,26595,1485,1432,0
198107,-0.142,0.077,-2.128,0.099,-0.166,-0.011,-0.344,-0.627,0.346,-0.607,1414015744.000,-0.000,26367,26810,-9,6,65,13.890,256.260,25974,26595,1485,1432,0
198207,-0.134,0.133,-2.203,0.092,-0.174,-0.041,-0.339,-0.634,0.346,-0.602,1432839296.000,-0.001,26574,26957,-9,5,66,13.890,215.300,26455,26881,1390,1397,0
198307,-0.409,0.217,-2.055,0.057,-0.044,-0.048,-0.336,-0.640,0.344,-0.599,1439898112.000,-0.004,26285,27368,-6,5,66,13.890,215.300,26455,26881,1390,1397,0
198407,-0.343,0.221,-2.080,0.063,0.132,-0.339,-0.345,-0.641,0.340,-0.595,1438329472.000,-0.004,26761,26874,-5,-3,66,13.880,112.900,26666,27322,1408,1358,0
198507,-0.130,0.213,-1.650,0.026,0.087,-0.307,-0.354,-0.644,0.325,-0.595,1414015744.000,-0.002,26647,26533,-4,4,66,13.880,112.900,26666,27322,1408,1358,0
198607,0.235,0.198,-1.846,-0.046,0.176,-0.056,-0.363,-0.644,0.318,-0.594,1384996096.000,0.001,26417,26213,1,2,65,13.900,289.540,26525,26041,1376,1420,0
198707,0.418,0.477,-1.856,-0.071,0.324,0.159,-0.367,-0.635,0.316,-0.602,1384996096.000,-0.003,26415,26216,-5,9,65,13.900,289.540,26525,26041,1376,1420,0
198807,0.355,0.442,-1.885,0.043,0.464,0.344,-0.365,-0.620,0.317,-0.617,1384996096.000,-0.003,26105,26524,-1,-3,65,13.900,289.540,26525,26041,1376,1420,0
198907,-0.031,-0.131,-2.271,-0.021,0.512,0.310,-0.363,-0.599,0.318,-0.639,1384996096.000,-0.001,25759,26860,18,-16,65,13.920,235.780,26455,26455,1299,1413,0
199008,-0.785,-0.533,-1.968,-0.218,-0.236,-0.070,-0.365,-0.587,0.325,-0.646,1384996096.000,0.018,25369,27229,10,2,65,13.920,235.780,26455,26455,1299,1413,0
199107,-0.796,-0.507,-1.961,0.228,-0.400,-0.516,-0.368,-0.603,0.322,-0.630,1384996096.000,0.021,26053,26575,-7,-8,66,13.870,225.540,25575,27027,1391,1401,0
199207,0.167,-0.119,-1.927,0.456,-0.483,-0.483,-0.366,-0.633,0.300,-0.614,1384996096.000,0.003,26975,25638,-23,2,66,13.870,225.540,25575,27027,1391,1401,0
199308,0.304,0.091,-1.695,-0.082,-0.121,0.097,-0.354,-0.650,0.292,-0.605,1384996096.000,0.003,26228,26402,5,12,66,13.900,256.260,26109,26109,1442,1448,0
199407,0.071,0.079,-2.268,0.068,0.013,0.071,-0.358,-0.645,0.300,-0.605,1384996096.000,0.001,26054,26574,-6,-3,66,13.900,256.260,26109,26109,1442,1448,0
199507,-0.058,0.114,-2.621,0.143,-0.108,-0.062,-0.351,-0.650,0.296,-0.606,1384996096.000,0.000,26180,26450,-10,3,66,13.900,256.260,26109,26109,1442,1448,0
199607,-0.056,-0.005,-2.539,0.089,-0.072,-0.063,-0.348,-0.656,0.293,-0.603,1384996096.000,0.006,26180,26450,-2,-1,66,13.920,235.780,26315,26666,1366,1331,0
199707,0.295,0.103,-2.442,0.151,-0.013,-0.012,-0.346,-0.659,0.289,-0.603,1384996096.000,0.004,26578,26050,-9,0,66,13.920,235.780,26315,26666,1366,1331,0
199807,0.250,0.128,-2.738,0.213,-0.079,0.314,-0.330,-0.663,0.285,-0.608,1384996096.000,0.003,26020,26607,-9,3,66,13.910,235.780,26385,26315,1375,1393,0
199907,0.130,0.185,-2.665,-0.092,0.062,0.283,-0.323,-0.658,0.298,-0.611,1384996096.000,0.001,26018,26610,-1,5,66,13.910,235.780,26385,26315,1375,1393,0
200007,-0.068,0.211,-2.726,0.152,0.156,0.207,-0.314,-0.652,0.300,-0.621,1384996096.000,-0.002,25905,26720,-6,-2,66,13.910,235.780,26385,26315,1375,1393,0
200107,-0.359,0.197,-2.557,-0.174,0.141,-0.014,-0.313,-0.647,0.301,-0.627,1384996096.000,-0.004,25869,26755,4,8,66,13.930,235.780,25906,26737,1374,1403,0
200207,-0.306,0.150,-2.510,0.143,0.153,-0.204,-0.321,-0.643,0.297,-0.629,1384996096.000,-0.003,26133,26496,-8,-6,66,13.930,235.780,25906,26737,1374,1403,0
200307,-0.226,0.121,-2.301,-0.018,0.053,-0.202,-0.325,-0.645,0.285,-0.631,1384996096.000,-0.003,26150,26480,-2,5,65,13.920,246.020,26178,26385,1380,1419,0
200407,-0.093,0.098,-2.278,-0.153,0.119,-0.193,-0.337,-0.643,0.282,-0.628,1388133376.000,-0.003,26281,26409,3,3,65,13.920,246.020,26178,26385,1380,1419,0
200507,-0.028,0.057,-1.915,-0.118,0.108,-0.159,-0.347,-0.639,0.278,-0.627,1408525568.000,-0.003,26482,26594,2,2,65,13.920,246.020,26178,26385,1380,1419,0
200607,0.279,-0.043,-1.836,-0.098,0.061,-0.132,-0.356,-0.637,0.275,-0.626,1384996096.000,0.000,26608,26019,3,0,65,13.890,112.900,26737,26666,1350,1388,0
200707,0.296,-0.068,-2.044,-0.122,-0.057,0.101,-0.357,-0.636,0.275,-0.627,1384996096.000,0.000,26247,26384,2,7,65,13.890,112.900,26737,26666,1350,1388,0
200807,0.236,-0.011,-2.404,-0.411,-0.219,0.077,-0.362,-0.634,0.292,-0.618,1384996096.000,0.000,26289,26342,3,17,66,13.910,225.540,26385,26315,1361,1410,0
200907,0.193,0.011,-2.837,-0.151,0.020,0.059,-0.367,-0.631,0.302,-0.614,1423427456.000,0.000,26644,26712,1,1,66,13.910,225.540,26385,26315,1361,1410,0
201007,-0.026,0.050,-2.863,-0.288,-0.008,0.049,-0.372,-0.626,0.310,-0.612,1388133376.000,-0.002,26071,26617,4,10,66,13.910,225.540,26385,26315,1361,1410,0
201107,0.147,0.026,-2.471,-0.383,0.003,-0.136,-0.386,-0.619,0.322,-0.604,1458721536.000,-0.001,27309,26700,6,9,66,13.900,235.780,26385,26595,1467,1532,0
201207,0.297,-0.037,-2.399,0.124,-0.033,0.043,-0.389,-0.620,0.319,-0.602,1416368640.000,0.001,26690,26533,-7,-4,66,13.900,235.780,26385,26595,1467,1532,0
201307,0.237,0.005,-2.448,-0.506,-0.252,0.216,-0.387,-0.618,0.333,-0.597,1384996096.000,0.001,26163,26467,8,25,66,13.900,235.780,26385,26595,1467,1532,0
201407,0.162,0.045,-2.680,-0.119,-0.048,0.174,-0.390,-0.613,0.352,-0.590,1384996096.000,0.001,26190,26440,-3,1,66,13.910,246.020,25839,26525,1473,1377,0
201507,0.118,0.003,-2.384,-0.003,-0.050,0.133,-0.385,-0.611,0.357,-0.593,1384996096.000,0.001,26209,26422,-3,3,66,13.910,246.020,25839,26525,1473,1377,0
201607,0.054,0.044,-2.539,-0.142,-0.211,0.149,-0.380,-0.611,0.366,-0.590,1384996096.000,0.000,26116,26514,-4,13,66,13.890,194.820,25974,26666,1426,1359,0
201707,-0.017,0.078,-2.421,0.091,-0.006,0.130,-0.375,-0.611,0.373,-0.589,1384996096.000,0.000,26079,26550,-6,-2,66,13.890,194.820,25974,26666,1426,1359,0
201807,-0.178,0.119,-2.461,0.001,0.051,0.112,-0.369,-0.610,0.373,-0.594,1384996096.000,-0.001,25927,26698,-1,5,66,13.890,194.820,25974,26666,1426,1359,0
201907,-0.584,0.047,-2.441,-0.156,0.074,-0.132,-0.371,-0.607,0.374,-0.595,1384996096.000,-0.001,25847,26776,5,7,66,13.890,205.060,25380,26881,1382,1488,0
202007,0.052,0.070,-2.211,0.521,0.058,-0.300,-0.375,-0.613,0.359,-0.596,1384996096.000,0.000,26705,25920,-19,-14,66,13.890,205.060,25380,26881,1382,1488,0
202107,0.021,0.109,-2.128,-0.192,-0.003,0.221,-0.359,-0.621,0.345,-0.606,1384996096.000,-0.000,25870,26753,11,22,66,13.890,205.060,25380,26881,1382,1488,0
202207,-0.169,0.174,-2.010,0.251,0.101,0.049,-0.361,-0.614,0.355,-0.605,1384996096.000,-0.002,25972,26654,-15,-10,66,13.900,215.300,25974,26666,1348,1433,0
202307,-0.177,0.133,-2.381,0.340,0.151,-0.022,-0.350,-0.617,0.339,-0.618,1384996096.000,-0.002,26035,26592,-7,-5,66,13.900,215.300,25974,26666,1348,1433,0
202407,-0.254,0.105,-3.004,0.068,0.089,-0.040,-0.349,-0.617,0.334,-0.622,1384996096.000,-0.002,25930,26695,-2,2,67,13.910,194.820,25839,26455,1427,1442,0
202507,-0.711,0.202,-2.818,-0.086,0.206,-0.361,-0.354,-0.615,0.324,-0.626,1384996096.000,-0.009,25885,26739,2,6,67,13.910,194.820,25839,26455,1427,1442,0
202607,-0.588,0.163,-2.752,0.397,0.158,-0.568,-0.366,-0.621,0.298,-0.625,1384996096.000,-0.011,26195,26435,-14,-10,66,13.930,225.540,26041,26737,1417,1325,0
202707,0.379,-0.120,-2.575,0.202,0.033,-0.198,-0.371,-0.630,0.272,-0.626,1384996096.000,0.000,26627,26000,0,-3,66,13.930,225.540,26041,26737,1417,1325,0
202807,0.411,-0.136,-2.002,-0.071,-0.174,-0.031,-0.374,-0.634,0.275,-0.619,1384996096.000,0.002,26453,26177,-1,5,67,13.900,205.060,26385,26109,1418,1467,0
202907,-0.010,-0.208,-1.798,0.058,-0.096,0.054,-0.368,-0.638,0.274,-0.618,1384996096.000,0.008,25879,26745,1,-2,67,13.900,205.060,26385,26109,1418,1467,0
203007,-0.011,-0.172,-2.004,-0.031,-0.203,-0.094,-0.371,-0.641,0.279,-0.611,1384996096.000,0.009,26245,26386,-4,3,67,13.900,205.060,26385,26109,1418,1467,0
203107,0.423,-0.012,-2.030,0.034,-0.107,0.060,-0.366,-0.648,0.278,-0.607,1384996096.000,0.004,26615,26012,-5,5,66,13.870,184.580,26246,26525,1398,1366,0
203207,0.373,0.038,-1.991,-0.306,0.052,0.292,-0.364,-0.645,0.289,-0.607,1384996096.000,0.003,26169,26461,9,10,66,13.870,184.580,26246,26525,1398,1366,0
203307,0.271,-0.003,-2.067,-0.157,0.126,0.220,-0.367,-0.633,0.303,-0.611,1384996096.000,0.001,26220,26411,3,0,66,13.890,215.300,26109,26737,1402,1332,0
203407,0.180,-0.032,-2.138,-0.137,0.071,0.211,-0.365,-0.625,0.311,-0.616,1384996096.000,0.000,26141,26489,3,3,66,13.890,215.300,26109,26737,1402,1332,0
203507,0.105,-0.093,-2.434,-0.248,0.054,0.167,-0.366,-0.617,0.322,-0.618,1384996096.000,0.000,26135,26495,8,4,67,13.880,174.340,26178,26455,1382,1408,0
203607,0.042,-0.106,-2.171,-0.294,0.011,0.096,-0.371,-0.609,0.334,-0.617,1384996096.000,0.000,26159,26471,7,6,67,13.880,174.340,26178,26455,1382,1408,0
203707,0.013,-0.202,-2.251,-0.256,-0.058,0.020,-0.376,-0.604,0.343,-0.613,1384996096.000,0.001,26203,26427,7,3,66,13.890,235.780,26315,26666,1357,1344,0
203807,-0.195,-0.345,-2.132,-0.173,-0.094,-0.023,-0.381,-0.602,0.351,-0.607,1384996096.000,0.006,25946,26679,7,-1,66,13.890,235.780,26315,26666,1357,1344,0
203907,-0.354,-0.315,-2.362,-0.242,-0.228,-0.237,-0.389,-0.604,0.358,-0.597,1384996096.000,0.009,26122,26508,4,6,66,13.910,225.540,26041,26385,1383,1451,0
204007,-0.224,-0.181,-2.871,0.083,-0.292,-0.307,-0.395,-0.615,0.357,-0.581,1384996096.000,0.008,26314,26317,-10,2,66,13.910,225.540,26041,26385,1383,1451,0
204107,0.248,0.115,-2.781,0.099,-0.141,-0.044,-0.394,-0.629,0.352,-0.571,1384996096.000,0.004,26474,26156,-9,6,66,13.890,164.100,26595,26109,1428,1343,0
204207,0.250,0.117,-2.957,-0.084,0.110,0.134,-0.393,-0.628,0.354,-0.571,1438329472.000,0.004,26752,26882,3,3,66,13.890,164.100,26595,26109,1428,1343,0
204307,0.216,0.121,-2.528,0.042,0.146,0.164,-0.392,-0.621,0.357,-0.577,1386564736.000,0.002,26234,26427,-2,-1,66,13.920,0.260,26109,26385,1426,1391,0
204407,0.141,0.091,-2.262,0.118,0.127,0.174,-0.387,-0.615,0.357,-0.587,1384996096.000,0.001,26150,26480,-3,-2,66,13.920,0.260,26109,26385,1426,1391,0
204508,0.073,0.065,-2.237,0.211,0.069,0.176,-0.379,-0.612,0.356,-0.595,1410878464.000,-0.000,26341,26778,-7,-3,66,13.850,71.940,26455,27247,1382,1303,0
204607,0.010,0.033,-2.178,0.202,0.120,0.132,-0.370,-0.611,0.353,-0.605,1384996096.000,-0.000,26100,26529,-3,-5,66,13.850,71.940,26455,27247,1382,1303,0
204707,-0.027,-0.152,-2.167,0.080,0.081,0.060,-0.364,-0.608,0.350,-0.612,1494800000.000,0.001,27172,27505,5,-5,66,13.850,71.940,26455,27247,1382,1303,0
204807,-0.153,-0.044,-1.958,0.030,-0.152,-0.006,-0.362,-0.609,0.349,-0.614,1384996096.000,0.000,26038,26590,-6,7,66,13.820,614.650,27027,27322,1509,1503,0
204908,-0.272,-0.003,-2.148,0.058,0.000,-0.202,-0.363,-0.614,0.350,-0.607,1384996096.000,0.000,26196,26435,-3,-2,66,13.820,614.650,27027,27322,1509,1503,0
205008,-0.190,-0.082,-2.190,0.066,0.000,-0.202,-0.366,-0.618,0.339,-0.607,1384996096.000,0.002,26225,26405,0,-1,66,13.850,174.340,26246,26246,1395,1435,0
205107,-0.087,-0.185,-2.283,-0.131,-0.152,-0.164,-0.373,-0.622,0.338,-0.600,1421074560.000,0.005,26608,26703,3,5,66,13.850,174.340,26246,26246,1395,1435,0
205208,0.051,0.018,-2.634,0.036,-0.169,-0.094,-0.374,-0.629,0.338,-0.592,1384996096.000,0.002,26330,26301,-9,5,66,13.880,235.780,26525,26455,1355,1349,0
205308,0.192,0.122,-3.292,0.097,0.048,0.097,-0.371,-0.633,0.336,-0.591,1384996096.000,0.002,26230,26401,-4,0,66,13.880,235.780,26525,26455,1355,1349,0
205408,0.139,0.073,-3.289,-0.136,0.247,0.123,-0.371,-0.625,0.339,-0.597,1409309824.000,0.001,26420,26670,8,0,66,13.880,235.780,26525,26455,1355,1349,0
205507,0.097,0.013,-2.628,0.071,0.172,0.107,-0.372,-0.617,0.339,-0.605,1430486272.000,0.000,26607,26880,-1,-5,66,13.830,133.380,26455,26881,1475,1422,0
205607,0.047,-0.054,-2.442,0.099,0.040,0.109,-0.367,-0.614,0.338,-0.612,1408525568.000,0.000,26353,26721,-2,-2,66,13.830,133.380,26455,26881,1475,1422,0
205707,-0.045,-0.047,-2.444,0.110,-0.063,0.091,-0.361,-0.615,0.338,-0.615,1411662720.000,0.000,26303,26830,-5,0,66,13.870,112.900,26315,26881,1399,1373,0
205807,-0.120,-0.111,-2.405,0.112,-0.143,0.042,-0.354,-0.619,0.339,-0.615,1438329472.000,0.001,26560,27072,-5,0,66,13.870,112.900,26315,26881,1399,1373,0
205907,-0.196,-0.086,-2.329,0.107,-0.204,0.010,-0.345,-0.626,0.339,-0.612,1423427456.000,0.002,26371,26982,-6,3,66,13.870,112.900,26315,26881,1399,1373,0
206007,-0.227,-0.065,-2.452,0.201,-0.131,-0.098,-0.340,-0.634,0.336,-0.608,1384996096.000,0.002,26097,26532,-8,-3,66,13.940,82.180,25839,26525,1412,1421,0
206107,-0.290,-0.096,-2.542,0.270,-0.110,-0.129,-0.333,-0.643,0.326,-0.608,1384996096.000,0.004,26016,26612,-7,-4,66,13.940,82.180,25839,26525,1412,1421,0
206207,-0.356,-0.029,-2.492,0.190,-0.280,-0.269,-0.329,-0.656,0.317,-0.601,1384996096.000,0.005,26121,26508,-12,5,66,13.870,143.620,26041,26666,1407,1369,0
206307,-0.267,0.038,-2.257,0.388,-0.114,-0.222,-0.322,-0.671,0.302,-0.596,1384996096.000,0.006,26114,26515,-13,-5,66,13.870,143.620,26041,26666,1407,1369,0
206407,0.044,0.149,-2.193,0.248,0.093,-0.136,-0.318,-0.678,0.287,-0.597,1384996096.000,0.005,26394,26236,-7,-2,66,13.870,143.620,26041,26666,1407,1369,0
206507,0.246,0.234,-2.601,0.280,0.127,0.174,-0.309,-0.680,0.276,-0.605,1384996096.000,0.004,26136,26494,-9,-2,66,13.900,92.420,26246,26109,1462,1399,0
206607,0.169,0.218,-2.500,0.010,0.186,0.194,-0.304,-0.672,0.279,-0.615,1384996096.000,0.002,26085,26544,-2,3,66,13.900,92.420,26246,26109,1462,1399,0
206707,0.094,0.217,-2.276,0.060,0.057,0.180,-0.298,-0.667,0.282,-0.622,1392839296.000,0.000,26125,26652,-8,4,66,13.900,92.420,26246,26109,1462,1399,0
206807,-0.012,0.215,-1.970,0.093,0.142,0.117,-0.293,-0.663,0.284,-0.628,1435976448.000,-0.001,26496,27092,-6,-1,66,13.850,41.220,26315,26525,1352,1443,0
206907,-0.136,0.196,-1.745,0.051,0.286,0.000,-0.291,-0.656,0.279,-0.638,1421074560.000,-0.002,26382,26927,0,-2,66,13.850,41.220,26315,26525,1352,1443,0
207007,-0.552,0.255,-2.046,-0.136,0.316,-0.294,-0.299,-0.648,0.271,-0.646,1384996096.000,-0.009,25976,26650,4,5,66,13.870,71.940,25773,26881,1336,1440,0
207107,-0.381,0.167,-2.061,0.428,0.299,-0.438,-0.311,-0.646,0.247,-0.651,1384996096.000,-0.009,26238,26392,-14,-16,66,13.870,71.940,25773,26881,1336,1440,0
207207,-0.163,0.066,-1.827,0.043,0.127,-0.357,-0.317,-0.648,0.223,-0.655,1384996096.000,-0.007,26329,26301,1,3,66,13.870,71.940,25773,26881,1336,1440,0
207307,0.437,-0.162,-1.653,0.387,0.052,0.094,-0.317,-0.650,0.209,-0.658,1384996096.000,-0.001,26303,26328,-9,-14,66,13.880,92.420,26737,25773,1462,1355,0
207407,0.366,-0.202,-1.863,-0.194,-0.286,0.204,-0.308,-0.653,0.216,-0.657,1384996096.000,0.001,26226,26404,2,13,66,13.880,92.420,26737,25773,1462,1355,0
207507,0.298,-0.148,-2.066,0.287,-0.116,0.173,-0.298,-0.658,0.223,-0.654,1384996096.000,0.002,26234,26397,-11,-11,66,13.880,92.420,26737,25773,1462,1355,0
207607,0.156,-0.126,-2.011,0.050,-0.260,0.167,-0.284,-0.665,0.224,-0.654,1384996096.000,0.003,26100,26529,-6,7,66,13.880,123.140,26385,26455,1361,1382,0
207707,-0.215,-0.272,-1.921,-0.184,-0.198,-0.034,-0.282,-0.671,0.234,-0.645,1384996096.000,0.011,25988,26638,7,2,66,13.880,123.140,26385,26455,1361,1382,0
207807,-0.119,-0.151,-2.167,0.182,-0.253,-0.217,-0.284,-0.678,0.230,-0.638,1384996096.000,0.009,26332,26299,-14,-2,66,13.890,112.900,26315,26315,1391,1395,0
207907,0.216,0.151,-2.536,0.024,-0.183,-0.081,-0.283,-0.689,0.225,-0.629,1384996096.000,0.003,26464,26166,-11,9,66,13.890,112.900,26315,26315,1391,1395,0
208007,0.260,0.134,-2.147,-0.212,0.233,0.112,-0.285,-0.685,0.229,-0.630,1384996096.000,0.003,26260,26370,9,2,66,13.890,112.900,26315,26315,1391,1395,0
208107,0.257,0.058,-2.074,-0.153,0.193,0.161,-0.290,-0.674,0.236,-0.638,1384996096.000,0.002,26233,26398,3,0,66,13.870,82.180,26385,26385,1373,1387,0
208207,0.275,0.015,-1.812,-0.242,0.076,0.258,-0.291,-0.664,0.247,-0.643,1384996096.000,0.001,26191,26439,4,6,66,13.870,82.180,26385,26385,1373,1387,0
208307,0.291,-0.082,-2.324,-0.202,-0.036,0.316,-0.289,-0.657,0.263,-0.644,1384996096.000,0.001,26167,26463,2,4,66,13.960,92.420,26041,26595,1424,1351,0
208407,0.116,-0.079,-2.371,-0.229,-0.146,0.361,-0.284,-0.653,0.282,-0.643,1384996096.000,-0.000,25913,26712,0,8,66,13.960,92.420,26041,26595,1424,1351,0
208507,-0.239,-0.019,-2.442,-0.116,-0.201,0.213,-0.279,-0.651,0.301,-0.638,1384996096.000,-0.000,25736,26882,-7,6,66,13.830,61.700,25706,26954,1367,1424,0
208607,-0.413,0.061,-2.363,0.008,-0.110,-0.040,-0.278,-0.654,0.307,-0.633,1384996096.000,-0.002,25888,26736,-8,2,66,13.830,61.700,25706,26954,1367,1424,0
208707,-0.553,0.142,-2.068,0.121,0.044,-0.182,-0.276,-0.658,0.301,-0.632,1384996096.000,-0.003,25873,26750,-7,-1,66,13.830,61.700,25706,26954,1367,1424,0
208807,-0.303,0.143,-2.212,0.221,0.216,-0.227,-0.280,-0.659,0.286,-0.637,1384996096.000,-0.002,26161,26469,-6,-8,66,13.880,82.180,25706,26809,1422,1395,0
208907,-0.032,0.078,-2.301,0.177,0.210,-0.010,-0.280,-0.656,0.272,-0.645,1384996096.000,-0.000,26081,26548,-3,-5,66,13.880,82.180,25706,26809,1422,1395,0
209007,-0.044,0.025,-2.493,-0.041,0.104,0.014,-0.280,-0.651,0.270,-0.652,1384996096.000,-0.000,26048,26580,0,2,66,13.890,41.220,26385,26666,1303,1382,0
209107,-0.056,0.038,-2.421,0.093,-0.043,-0.061,-0.280,-0.651,0.267,-0.653,1384996096.000,-0.000,26114,26515,-9,1,66,13.890,41.220,26385,26666,1303,1382,0
209207,-0.730,0.056,-2.344,-0.208,0.002,-0.207,-0.284,-0.653,0.265,-0.650,1384996096.000,-0.002,25369,27229,4,9,67,13.860,41.220,26246,26246,1363,1468,0
209307,-0.676,0.019,-2.029,-0.001,0.176,-0.692,-0.307,-0.652,0.257,-0.643,1384996096.000,-0.001,26269,26362,-2,-9,67,13.860,41.220,26246,26246,1363,1468,0
209407,0.066,-0.060,-2.104,0.303,-0.061,-0.418,-0.318,-0.662,0.226,-0.639,1384996096.000,0.003,26595,26033,-12,-5,67,13.880,71.940,26109,26041,1490,1419,0
209507,0.423,0.018,-2.239,-0.409,-0.126,0.132,-0.322,-0.665,0.233,-0.633,1384996096.000,0.002,26294,26336,4,14,67,13.880,71.940,26109,26041,1490,1419,0
209608,0.347,0.016,-1.868,-0.017,0.041,0.239,-0.320,-0.661,0.243,-0.634,1384996096.000,0.002,26135,26494,-3,-3,67,13.880,102.660,26178,26385,1432,1410,0
209708,0.247,0.022,-2.050,-0.103,-0.019,0.164,-0.316,-0.657,0.251,-0.637,1384996096.000,0.001,26160,26469,-1,5,67,13.880,102.660,26178,26385,1432,1410,0
209808,-0.263,-0.159,-2.112,-0.372,-0.014,-0.027,-0.319,-0.654,0.261,-0.634,1384996096.000,0.007,25832,26790,12,7,66,13.840,20.740,25706,26809,1399,1430,0
209908,-0.202,-0.174,-2.299,0.061,-0.012,-0.252,-0.331,-0.652,0.263,-0.629,1384996096.000,0.008,26225,26406,-5,-8,66,13.840,20.740,25706,26809,1399,1430,0
210008,0.342,-0.006,-2.700,0.007,-0.159,-0.036,-0.332,-0.659,0.255,-0.625,1384996096.000,0.003,26531,26098,-7,8,67,13.870,82.180,26315,26455,1399,1360,0
210108,0.315,0.079,-2.532,-0.404,-0.041,0.261,-0.329,-0.660,0.265,-0.621,1384996096.000,0.002,26083,26546,10,17,67,13.870,82.180,26315,26455,1399,1360,0
210208,0.266,0.003,-2.292,0.052,0.167,0.092,-0.336,-0.651,0.277,-0.622,1384996096.000,0.002,26288,26343,-4,-11,67,13.870,102.660,26109,26595,1451,1383,0
210308,0.181,-0.080,-2.776,-0.132,-0.023,0.149,-0.332,-0.647,0.278,-0.627,1384996096.000,0.002,26106,26523,4,6,67,13.870,102.660,26109,26595,1451,1383,0
210408,-0.169,-0.104,-2.697,-0.259,-0.032,0.040,-0.336,-0.643,0.292,-0.623,1384996096.000,0.004,25910,26715,5,4,67,13.870,102.660,26109,26595,1451,1383,0
210508,-0.163,-0.117,-2.863,0.141,-0.091,-0.080,-0.340,-0.643,0.295,-0.620,1384996096.000,0.005,26097,26532,-9,-6,67,13.870,41.220,25706,26525,1440,1455,0
210609,-0.043,-0.071,-2.434,0.037,-0.161,-0.026,-0.337,-0.649,0.292,-0.616,1384996096.000,0.004,26132,26497,-5,3,67,13.870,41.220,25706,26525,1440,1455,0
210709,0.059,-0.012,-2.534,-0.073,-0.099,0.060,-0.336,-0.653,0.296,-0.611,1384996096.000,0.004,26141,26489,-1,5,67,13.870,82.180,26385,26595,1335,1370,0
210809,0.082,-0.060,-2.301,-0.080,-0.019,0.166,-0.334,-0.652,0.302,-0.610,1384996096.000,0.004,26016,26612,2,1,67,13.870,82.180,26385,26595,1335,1370,0
210909,-0.029,-0.066,-2.583,-0.083,-0.034,0.143,-0.332,-0.648,0.312,-0.611,1384996096.000,0.003,25954,26672,-1,2,67,13.900,61.700,25773,26809,1428,1369,0
211009,-0.136,-0.022,-2.928,0.024,-0.099,0.071,-0.329,-0.648,0.317,-0.610,1384996096.000,0.002,25938,26687,-6,2,67,13.900,61.700,25773,26809,1428,1369,0
211109,-0.168,0.004,-2.756,0.091,-0.062,0.009,-0.324,-0.651,0.318,-0.609,1384996096.000,0.002,25971,26655,-6,0,67,13.900,61.700,25773,26809,1428,1369,0
211209,-0.170,0.015,-2.831,0.187,0.013,-0.009,-0.320,-0.654,0.314,-0.610,1384996096.000,0.002,25966,26660,-6,-4,67,13.840,61.700,25974,26737,1386,1392,0
211309,-0.166,0.081,-3.157,0.191,0.003,-0.032,-0.314,-0.657,0.308,-0.612,1384996096.000,0.001,25981,26645,-9,0,67,13.840,61.700,25974,26737,1386,1392,0
211409,-0.195,0.212,-3.194,0.130,0.021,-0.043,-0.309,-0.660,0.301,-0.615,1384996096.000,-0.002,25939,26686,-9,4,68,13.830,0.260,25839,26455,1426,1462,0
211509,-0.194,0.233,-3.108,0.062,0.200,-0.086,-0.310,-0.659,0.295,-0.618,1384996096.000,-0.003,25989,26637,-2,0,68,13.830,0.260,25839,26455,1426,1462,0
211609,0.112,0.110,-2.949,0.274,0.309,-0.023,-0.314,-0.654,0.286,-0.626,1384996096.000,0.000,26220,26411,-6,-14,68,13.830,0.260,25839,26455,1426,1462,0
211710,0.072,0.034,-2.683,-0.140,0.120,0.170,-0.310,-0.646,0.282,-0.638,1384996096.000,-0.000,25914,26711,5,8,67,13.850,645.370,26315,26595,1383,1348,0
211810,0.010,0.018,-2.511,-0.001,0.043,0.094,-0.312,-0.640,0.290,-0.639,1384996096.000,-0.000,25982,26644,-4,-1,67,13.850,645.370,26315,26595,1383,1348,0
211910,-0.597,-0.152,-2.639,-0.038,0.019,-0.048,-0.309,-0.638,0.289,-0.643,1384996096.000,0.005,25398,27202,5,-1,66,13.850,10.500,25641,27027,1370,1415,0
212010,-0.597,-0.129,-2.197,0.010,-0.173,-0.404,-0.320,-0.642,0.289,-0.635,1384996096.000,0.005,25982,26645,-7,1,66,13.850,10.500,25641,27027,1370,1415,0
212110,-0.366,-0.090,-2.219,0.181,-0.089,-0.394,-0.327,-0.653,0.274,-0.626,1384996096.000,0.005,26158,26472,-7,-4,66,13.850,10.500,25641,27027,1370,1415,0
212210,-0.028,-0.039,-2.189,0.046,-0.140,-0.217,-0.331,-0.663,0.262,-0.618,1384996096.000,0.006,26245,26385,-5,4,67,13.830,604.410,26246,26246,1382,1455,0
212310,0.011,-0.004,-2.477,-0.043,-0.082,-0.017,-0.332,-0.668,0.260,-0.613,1384996096.000,0.007,26018,26609,-2,5,67,13.830,604.410,26246,26246,1382,1455,0
212410,0.006,0.003,-2.679,0.051,0.027,0.032,-0.333,-0.668,0.262,-0.612,1384996096.000,0.007,25997,26630,-3,-3,67,13.850,624.890,25974,26666,1400,1395,0
212510,-0.018,-0.010,-2.816,0.139,0.061,0.082,-0.328,-0.667,0.260,-0.616,1384996096.000,0.006,25927,26698,-4,-3,67,13.850,624.890,25974,26666,1400,1395,0
212610,-0.053,-0.010,-2.578,0.083,0.019,0.082,-0.322,-0.667,0.259,-0.620,1384996096.000,0.005,25912,26713,-3,-1,67,13.850,624.890,25974,26666,1400,1395,0
212710,0.282,0.075,-2.582,0.090,-0.032,0.062,-0.318,-0.667,0.259,-0.622,1384996096.000,0.003,26383,26247,-8,3,67,13.830,624.890,25974,26595,1377,1439,0
212811,0.204,0.087,-2.249,0.016,-0.014,0.316,-0.304,-0.669,0.260,-0.627,1384996096.000,0.002,25853,26769,-1,7,67,13.830,624.890,25974,26595,1377,1439,0
212911,0.100,0.128,-2.043,0.000,0.066,0.231,-0.299,-0.663,0.271,-0.630,1384996096.000,0.000,25908,26717,-5,0,67,13.830,624.890,25974,26595,1377,1439,0
213011,-0.034,0.144,-2.019,0.177,0.143,0.140,-0.290,-0.659,0.271,-0.639,1418721536.000,-0.001,26179,27081,-7,-3,67,13.830,604.410,25839,26525,1402,1463,0
213111,-0.209,0.150,-2.203,-0.069,0.072,0.023,-0.289,-0.655,0.273,-0.643,1428917632.000,-0.002,26211,27238,-2,6,67,13.830,604.410,25839,26525,1402,1463,0
213211,-0.197,0.102,-2.458,0.027,0.248,-0.127,-0.295,-0.649,0.270,-0.647,1428917632.000,-0.002,26457,26999,0,-6,67,13.850,499.450,26246,27472,1450,1329,0
213310,-0.139,0.025,-2.145,0.012,0.166,-0.153,-0.300,-0.645,0.260,-0.653,1384996096.000,-0.002,26081,26547,0,-2,67,13.850,499.450,26246,27472,1450,1329,0
213410,-0.066,-0.024,-2.077,-0.109,0.049,-0.138,-0.308,-0.643,0.256,-0.653,1384996096.000,-0.001,26110,26519,1,3,67,13.850,499.450,26246,27472,1450,1329,0
213510,-0.057,-0.034,-2.082,-0.117,0.012,-0.122,-0.317,-0.642,0.256,-0.650,1384996096.000,-0.001,26082,26546,1,2,67,13.860,645.370,26041,26595,1413,1379,0
213610,-0.137,-0.053,-2.241,0.151,0.060,-0.159,-0.324,-0.641,0.253,-0.648,1384996096.000,-0.001,26059,26570,-8,-11,67,13.860,645.370,26041,26595,1413,1379,0
213709,-0.120,-0.147,-2.233,-0.148,-0.083,-0.011,-0.324,-0.642,0.251,-0.648,1384996096.000,0.002,25919,26706,5,6,67,13.840,645.370,26178,26737,1382,1410,0
213809,-0.100,-0.112,-2.075,-0.083,-0.168,-0.103,-0.330,-0.645,0.257,-0.640,1384996096.000,0.002,26076,26553,-4,3,67,13.840,645.370,26178,26737,1382,1410,0
213909,-0.047,-0.111,-2.143,0.017,-0.144,-0.153,-0.332,-0.651,0.255,-0.633,1384996096.000,0.004,26160,26470,-4,0,67,13.840,645.370,26178,26737,1382,1410,0
214009,-0.093,-0.072,-1.956,-0.100,-0.122,-0.233,-0.338,-0.657,0.253,-0.625,1384996096.000,0.005,26201,26429,-1,5,66,13.860,624.890,25906,26666,1415,1394,0
214108,-0.007,-0.037,-2.568,-0.130,-0.127,-0.198,-0.346,-0.662,0.250,-0.616,1384996096.000,0.007,26218,26413,-1,6,66,13.860,624.890,25906,26666,1415,1394,0
214208,0.056,-0.019,-2.408,-0.260,-0.166,-0.137,-0.355,-0.665,0.254,-0.606,1384996096.000,0.009,26216,26415,1,11,67,13.840,604.410,26178,26737,1410,1324,0
214308,0.455,0.025,-2.166,0.047,-0.101,-0.017,-0.363,-0.667,0.259,-0.597,1384996096.000,0.010,26524,26105,-11,-3,67,13.840,604.410,26178,26737,1410,1324,0
214408,0.525,0.084,-2.286,-0.267,-0.051,0.360,-0.359,-0.664,0.271,-0.598,1384996096.000,0.008,26111,26518,3,12,67,13.840,635.130,26178,26246,1379,1471,0
214508,0.387,0.077,-2.322,-0.283,-0.007,0.358,-0.360,-0.653,0.293,-0.598,1384996096.000,0.005,26069,26560,1,8,67,13.840,635.130,26178,26246,1379,1471,0
214607,0.258,0.077,-2.311,-0.081,-0.039,0.322,-0.354,-0.646,0.309,-0.602,1384996096.000,0.003,26017,26611,-5,4,67,13.840,635.130,26178,26246,1379,1471,0
214707,0.147,0.132,-2.294,-0.107,-0.043,0.254,-0.347,-0.642,0.321,-0.604,1384996096.000,0.001,26005,26622,-4,8,67,13.830,604.410,26178,26525,1347,1431,0
214807,-0.285,0.175,-2.579,-0.153,0.040,0.162,-0.346,-0.636,0.331,-0.605,1384996096.000,-0.003,25566,27044,-2,8,67,13.830,604.410,26178,26525,1347,1431,0
214907,-0.340,0.171,-2.494,-0.041,0.074,-0.207,-0.356,-0.631,0.336,-0.602,1384996096.000,-0.004,26075,26553,-7,1,67,13.870,624.890,25445,27100,1398,1407,0
215007,-0.201,0.141,-2.288,0.067,0.104,-0.199,-0.361,-0.633,0.324,-0.603,1384996096.000,-0.002,26120,26509,-4,1,67,13.870,624.890,25445,27100,1398,1407,0
215107,0.123,0.114,-2.331,-0.070,0.129,0.013,-0.365,-0.632,0.319,-0.604,1384996096.000,-0.000,26144,26485,2,4,67,13.830,604.410,26178,26246,1493,1356,0
215207,0.141,0.066,-2.493,-0.054,0.183,0.071,-0.370,-0.624,0.321,-0.609,1384996096.000,-0.001,26121,26508,1,0,67,13.830,604.410,26178,26246,1493,1356,0
215307,0.107,0.027,-2.342,0.039,0.122,0.101,-0.369,-0.618,0.320,-0.616,1384996096.000,-0.001,26066,26562,-2,-1,67,13.860,635.130,26178,26666,1371,1367,0
215407,0.002,0.025,-2.187,0.072,0.050,0.110,-0.365,-0.616,0.320,-0.621,1490878464.000,-0.002,26956,27645,-4,1,67,13.860,635.130,26178,26666,1371,1367,0
215507,-0.162,0.053,-1.810,0.019,0.018,0.001,-0.361,-0.615,0.319,-0.624,1420290176.000,-0.002,26282,27010,-3,4,67,13.790,478.970,26954,27624,1469,1472,0
215607,0.048,-0.020,-1.856,0.288,0.003,-0.046,-0.360,-0.617,0.314,-0.625,1384996096.000,-0.001,26228,26403,-11,-8,67,13.790,478.970,26954,27624,1469,1472,0
215708,0.089,-0.057,-1.894,-0.033,-0.062,0.141,-0.353,-0.620,0.312,-0.628,1384996096.000,-0.000,25989,26638,1,7,67,13.810,0.260,25906,26525,1443,1406,0
215808,0.036,-0.039,-2.349,-0.014,-0.047,0.110,-0.351,-0.618,0.320,-0.626,1384996096.000,-0.000,26003,26624,-3,1,67,13.810,0.260,25906,26525,1443,1406,0
215908,0.001,-0.027,-2.640,0.129,-0.032,0.076,-0.345,-0.619,0.321,-0.628,1384996096.000,-0.000,26008,26619,-6,-1,67,13.830,635.130,26041,26737,1383,1380,0
216008,-0.024,-0.014,-3.017,0.139,-0.054,0.056,-0.338,-0.622,0.320,-0.630,1384996096.000,-0.000,26000,26627,-7,0,67,13.830,635.130,26041,26737,1383,1380,0
216108,-0.042,0.008,-2.829,0.149,-0.097,0.039,-0.331,-0.626,0.318,-0.631,1442251008.000,-0.000,26539,27164,-8,2,67,13.800,553.210,26666,26954,1397,1500,0
216208,-0.054,0.029,-2.507,0.073,-0.040,0.018,-0.326,-0.629,0.317,-0.631,1430486272.000,-0.000,26436,27049,-5,2,67,13.800,553.210,26666,26954,1397,1500,0
216308,-0.191,0.049,-2.535,0.001,0.000,0.000,-0.324,-0.630,0.316,-0.631,1384996096.000,-0.001,25817,26804,-3,3,67,13.800,553.210,26666,26954,1397,1500,0
216408,-0.376,0.075,-2.282,-0.146,0.021,-0.132,-0.328,-0.629,0.317,-0.629,1384996096.000,-0.002,25790,26830,0,8,67,13.820,635.130,25773,26737,1396,1428,0
216508,-0.310,0.072,-2.319,0.164,0.019,-0.268,-0.334,-0.633,0.310,-0.626,1384996096.000,-0.002,26061,26568,-10,-3,67,13.820,635.130,25773,26737,1396,1428,0
216608,-0.211,0.072,-2.431,0.108,0.001,-0.228,-0.337,-0.639,0.297,-0.625,1384996096.000,-0.002,26072,26556,-6,2,67,13.840,583.930,26315,26246,1335,1479,0
216708,-0.133,0.068,-2.163,-0.021,-0.013,-0.158,-0.341,-0.643,0.289,-0.622,1384996096.000,-0.001,26053,26575,-3,6,67,13.840,583.930,26315,26246,1335,1479,0
216808,-0.080,0.058,-2.178,-0.024,0.018,-0.109,-0.346,-0.644,0.286,-0.619,1384996096.000,-0.001,26055,26573,-3,3,67,13.810,604.410,26041,26666,1400,1382,0
216909,-0.057,0.046,-2.318,0.186,0.034,0.071,-0.346,-0.646,0.281,-0.620,1384996096.000,-0.000,25841,26781,-9,-3,67,13.810,604.410,26041,26666,1400,1382,0
217009,-0.046,0.038,-2.618,-0.126,-0.016,0.070,-0.343,-0.644,0.283,-0.623,1384996096.000,-0.000,25957,26669,0,9,67,13.810,604.410,26041,26666,1400,1382,0
217109,0.241,0.022,-2.472,0.128,0.060,0.060,-0.343,-0.642,0.286,-0.623,1384996096.000,0.000,26295,26336,-7,-5,67,13.810,604.410,26041,26595,1398,1430,0
217209,0.172,0.004,-2.677,-0.183,-0.063,0.233,-0.334,-0.640,0.287,-0.630,1384996096.000,-0.000,25931,26694,2,14,67,13.810,604.410,26041,26595,1398,1430,0
217309,0.097,0.016,-2.560,-0.079,0.027,0.141,-0.335,-0.635,0.301,-0.628,1384996096.000,-0.000,25999,26628,-2,1,67,13.820,553.210,25839,26666,1428,1405,0
217409,0.044,-0.003,-2.904,0.064,0.039,0.078,-0.331,-0.632,0.302,-0.632,1384996096.000,-0.000,26011,26616,-5,-1,67,13.820,553.210,25839,26666,1428,1405,0
217509,-0.120,0.005,-3.239,-0.082,-0.094,-0.033,-0.329,-0.633,0.303,-0.632,1384996096.000,-0.000,25954,26672,-3,9,67,13.820,553.210,25839,26666,1428,1405,0
217609,-0.291,0.024,-2.660,0.067,-0.019,-0.301,-0.335,-0.636,0.303,-0.626,1401466624.000,-0.001,26299,26643,-8,-2,67,13.920,604.410,26109,26954,1336,1332,0
217709,-0.170,0.018,-2.859,0.116,0.011,-0.282,-0.339,-0.642,0.287,-0.624,1399113728.000,-0.000,26300,26597,-5,1,67,13.920,604.410,26109,26954,1336,1332,0
217809,-0.068,0.024,-2.508,-0.136,0.000,-0.258,-0.349,-0.646,0.282,-0.618,1384996096.000,0.001,26231,26399,1,6,67,13.830,522.490,26178,26595,1400,1361,0
217909,0.024,0.007,-2.462,0.036,0.049,-0.207,-0.358,-0.647,0.274,-0.615,1384996096.000,0.001,26254,26377,-4,0,67,13.830,522.490,26178,26595,1400,1361,0
218010,0.074,0.014,-2.403,-0.127,-0.089,-0.129,-0.364,-0.649,0.270,-0.611,1384996096.000,0.002,26220,26410,-2,10,67,13.830,563.450,26315,26595,1379,1359,0
218110,0.105,0.015,-2.426,-0.084,0.032,-0.073,-0.370,-0.650,0.271,-0.607,1384996096.000,0.003,26211,26419,0,3,67,13.830,563.450,26315,26595,1379,1359,0
218210,0.109,-0.054,-2.394,-0.063,0.117,-0.029,-0.374,-0.647,0.269,-0.608,1384996096.000,0.005,26183,26447,3,-1,67,13.830,563.450,26315,26595,1379,1359,0
218310,-0.116,-0.209,-2.135,-0.198,0.030,-0.042,-0.380,-0.642,0.271,-0.608,1384996096.000,0.013,25940,26686,9,2,67,13.830,522.490,26109,26315,1381,1470,0
218410,-0.134,-0.227,-2.662,-0.123,-0.184,-0.123,-0.388,-0.641,0.276,-0.602,1384996096.000,0.015,26102,26527,-2,5,67,13.830,522.490,26109,26315,1381,1470,0
218510,0.608,0.035,-2.875,0.109,-0.214,0.007,-0.387,-0.650,0.276,-0.593,1384996096.000,0.007,26908,25710,-14,6,67,13.830,522.490,26109,26315,1381,1470,0
218610,0.512,0.069,-2.704,0.031,0.044,0.553,-0.371,-0.653,0.280,-0.598,1384996096.000,0.005,25867,26757,1,4,67,13.790,512.250,26881,25839,1463,1318,0
218710,0.292,0.041,-2.340,-0.300,-0.003,0.494,-0.366,-0.638,0.306,-0.605,1384996096.000,0.002,25883,26741,3,10,67,13.790,512.250,26881,25839,1463,1318,0
218810,0.021,-0.061,-2.336,0.217,-0.062,0.354,-0.350,-0.634,0.316,-0.612,1420290176.000,0.002,26117,27169,-10,-6,67,13.780,489.210,26315,27397,1360,1368,0
218910,-0.407,-0.186,-1.947,-0.366,-0.136,0.053,-0.346,-0.631,0.329,-0.612,1421074560.000,0.006,26102,27199,10,14,67,13.780,489.210,26315,27397,1360,1368,0
219010,-0.513,-0.119,-2.221,0.302,-0.303,-0.173,-0.344,-0.640,0.330,-0.603,1434407808.000,0.006,26296,27256,-20,-4,67,13.780,489.210,26315,27397,1360,1368,0
219110,-0.440,-0.023,-1.887,0.142,-0.106,-0.229,-0.339,-0.653,0.319,-0.597,1435976448.000,0.005,26425,27161,-4,3,67,13.820,407.290,26455,27100,1382,1475,0
219211,-0.301,0.086,-1.761,-0.010,-0.023,-0.233,-0.344,-0.659,0.311,-0.593,1411662720.000,0.003,26307,26825,-4,7,67,13.820,407.290,26455,27100,1382,1475,0
219311,0.054,0.106,-1.762,0.219,0.017,-0.128,-0.346,-0.663,0.302,-0.591,1427348992.000,0.005,26701,26728,-12,-3,67,13.820,407.290,26455,27100,1382,1475,0
219411,0.139,0.111,-1.535,0.244,0.094,0.120,-0.338,-0.666,0.294,-0.596,1461858816.000,0.005,26708,27359,-4,1,67,13.710,512.250,26809,26809,1421,1426,0
219510,0.088,0.079,-1.352,-0.169,0.114,0.148,-0.337,-0.660,0.299,-0.601,1461074560.000,0.004,26687,27365,4,7,67,13.710,512.250,26809,26809,1421,1426,0
219610,0.112,0.110,-1.487,0.299,0.162,0.136,-0.332,-0.655,0.298,-0.610,1384996096.000,0.002,26023,26605,-12,-9,67,13.870,427.770,25974,26455,1398,1423,0
219710,0.070,0.078,-1.900,0.074,0.078,0.123,-0.322,-0.653,0.294,-0.619,1384996096.000,0.001,25985,26641,-3,4,67,13.870,427.770,25974,26455,1398,1423,0
219810,-0.268,0.203,-2.061,-0.104,0.232,0.013,-0.322,-0.648,0.296,-0.624,1384996096.000,-0.004,25710,26907,2,4,67,13.870,427.770,25974,26455,1398,1423,0
219910,-0.416,0.103,-1.975,0.064,0.361,-0.238,-0.331,-0.640,0.286,-0.632,1384996096.000,-0.004,25921,26704,1,-7,67,13.800,489.210,25906,26315,1359,1549,0
220010,-0.314,-0.009,-2.168,0.094,0.179,-0.360,-0.341,-0.637,0.269,-0.636,1384996096.000,-0.002,26155,26475,-2,-4,67,13.800,489.210,25906,26315,1359,1549,0
220110,0.365,-0.090,-2.172,0.340,0.007,0.026,-0.343,-0.642,0.254,-0.637,1384996096.000,-0.000,26257,26373,-12,-8,67,13.800,489.210,25906,26315,1359,1549,0
220209,0.289,-0.085,-2.065,-0.579,-0.096,0.182,-0.345,-0.637,0.269,-0.635,1428917632.000,-0.000,26515,26942,14,21,67,13.800,417.530,26246,26315,1379,1446,0
220309,0.227,-0.082,-1.605,0.077,0.014,0.152,-0.346,-0.633,0.280,-0.634,1472839296.000,-0.000,26935,27338,-7,-7,67,13.800,417.530,26246,26315,1379,1446,0
220409,0.155,-0.070,-1.319,-0.276,-0.117,0.159,-0.343,-0.630,0.289,-0.634,1410094080.000,-0.000,26284,26819,3,13,67,13.790,356.090,26809,27624,1427,1355,0
220509,-0.143,-0.103,-1.360,-0.401,-0.012,0.077,-0.348,-0.625,0.304,-0.629,1439113728.000,0.001,26341,27300,10,10,67,13.790,356.090,26809,27624,1427,1355,0
220609,-0.125,-0.115,-1.270,-0.013,0.042,-0.119,-0.356,-0.621,0.308,-0.626,1384996096.000,0.001,26123,26506,-2,-5,67,13.790,366.330,26178,26954,1384,1292,0
220708,0.121,-0.093,-1.572,-0.138,-0.174,-0.090,-0.360,-0.625,0.307,-0.621,1384996096.000,0.001,26357,26274,-2,10,67,13.790,366.330,26178,26954,1384,1292,0
220808,0.140,-0.039,-2.106,-0.093,-0.136,0.094,-0.358,-0.629,0.312,-0.615,1384996096.000,0.001,26067,26561,-2,7,67,13.790,366.330,26178,26954,1384,1292,0
220908,0.103,-0.033,-2.267,-0.144,0.007,0.082,-0.359,-0.626,0.320,-0.613,1392054912.000,0.001,26153,26609,2,4,67,13.810,468.730,26246,26525,1347,1422,0
221008,-0.082,-0.168,-2.264,-0.123,0.032,0.042,-0.361,-0.622,0.325,-0.614,1393623552.000,0.003,26000,26789,6,0,67,13.810,468.730,26246,26525,1347,1422,0
221107,-0.096,-0.152,-2.179,-0.229,-0.110,-0.084,-0.368,-0.620,0.331,-0.609,1384996096.000,0.003,26103,26526,3,8,67,13.820,458.490,25974,26737,1408,1421,0
221207,-0.056,-0.112,-2.255,-0.084,-0.094,-0.104,-0.374,-0.622,0.335,-0.601,1384996096.000,0.004,26139,26491,-2,3,67,13.820,458.490,25974,26737,1408,1421,0
221307,-0.031,-0.077,-2.133,-0.056,-0.158,-0.074,-0.376,-0.626,0.336,-0.595,1384996096.000,0.004,26119,26511,-4,6,67,13.830,489.210,26109,26737,1396,1348,0
221407,-0.009,-0.044,-2.154,-0.069,-0.156,-0.044,-0.377,-0.630,0.339,-0.588,1384996096.000,0.005,26108,26521,-3,7,67,13.830,489.210,26109,26737,1396,1348,0
221507,0.005,0.003,-2.200,-0.086,-0.123,-0.027,-0.378,-0.634,0.343,-0.582,1384996096.000,0.005,26109,26520,-3,7,67,13.790,468.730,26041,26737,1411,1355,0
221607,0.169,0.182,-2.077,-0.019,-0.030,0.068,-0.377,-0.635,0.346,-0.578,1384996096.000,0.002,26162,26468,-7,7,67,13.790,468.730,26041,26737,1411,1355,0
221707,0.100,0.150,-2.085,-0.057,0.246,0.132,-0.377,-0.629,0.348,-0.583,1384996096.000,0.001,26019,26609,4,0,67,13.810,468.730,26041,26666,1399,1383,0
221807,-0.097,0.069,-2.271,-0.158,0.297,0.048,-0.382,-0.618,0.348,-0.593,1384996096.000,-0.000,25954,26672,9,2,67,13.810,468.730,26041,26666,1399,1383,0
221907,0.148,0.002,-2.323,0.038,0.128,-0.036,-0.388,-0.611,0.345,-0.599,1384996096.000,0.000,26428,26202,-3,-1,67,13.840,438.010,25974,26178,1418,1501,0
222007,0.130,-0.014,-2.393,0.093,0.023,0.157,-0.383,-0.611,0.341,-0.604,1384996096.000,-0.000,26003,26624,-3,2,67,13.840,438.010,25974,26178,1418,1501,0
222108,0.051,0.000,-2.428,-0.191,0.000,0.132,-0.382,-0.606,0.350,-0.604,1384996096.000,-0.000,26002,26625,3,8,67,13.780,427.770,26041,26525,1378,1448,0
222208,-0.342,0.016,-2.406,-0.103,0.153,-0.030,-0.384,-0.600,0.353,-0.606,1384996096.000,-0.001,25767,26852,4,1,67,13.780,427.770,26041,26525,1378,1448,0
222308,-0.466,-0.125,-2.442,-0.001,0.059,-0.242,-0.392,-0.598,0.349,-0.606,1384996096.000,0.003,25886,26737,1,-3,67,13.780,427.770,26041,26525,1378,1448,0
222408,-0.328,-0.134,-2.383,-0.056,-0.029,-0.374,-0.404,-0.601,0.341,-0.599,1384996096.000,0.003,26188,26442,1,2,67,13.800,438.010,25706,27027,1430,1348,0
222508,0.047,-0.112,-2.607,0.079,-0.137,-0.218,-0.413,-0.609,0.333,-0.590,1384996096.000,0.003,26308,26323,-6,1,67,13.800,438.010,25706,27027,1430,1348,0
222608,0.129,-0.128,-2.448,-0.180,-0.130,-0.038,-0.415,-0.614,0.334,-0.583,1384996096.000,0.006,26177,26453,5,8,67,13.780,427.770,26525,26525,1351,1358,0
222708,0.137,-0.129,-2.641,-0.082,0.012,-0.016,-0.419,-0.613,0.339,-0.578,1384996096.000,0.006,26198,26433,3,-1,67,13.780,427.770,26525,26525,1351,1358,0
222808,0.058,-0.201,-2.280,-0.033,0.038,0.021,-0.421,-0.611,0.339,-0.579,1384996096.000,0.009,26061,26567,5,-3,67,13.810,458.490,26178,26666,1402,1347,0
222908,0.054,-0.208,-2.243,-0.070,-0.021,-0.012,-0.423,-0.609,0.341,-0.578,1384996096.000,0.009,26153,26477,4,1,67,13.810,458.490,26178,26666,1402,1347,0
223008,0.056,-0.197,-1.714,-0.121,-0.077,0.003,-0.425,-0.608,0.344,-0.575,1384996096.000,0.009,26139,26491,4,4,68,13.790,478.970,26455,26525,1323,1397,0
223108,0.050,-0.195,-1.840,-0.213,-0.134,0.027,-0.428,-0.608,0.351,-0.569,1384996096.000,0.010,26112,26517,6,7,68,13.790,478.970,26455,26525,1323,1397,0
223209,0.054,-0.218,-1.784,-0.233,-0.046,0.020,-0.431,-0.606,0.360,-0.563,1384996096.000,0.012,26143,26487,10,3,68,13.790,478.970,26455,26525,1323,1397,0
223309,0.108,-0.212,-2.236,-0.183,0.119,0.028,-0.438,-0.600,0.366,-0.561,1384996096.000,0.010,26183,26447,11,-2,67,13.810,458.490,25906,26737,1456,1340,0
223409,0.130,-0.132,-1.994,-0.222,0.128,0.048,-0.445,-0.592,0.370,-0.562,1384996096.000,0.005,26189,26441,9,2,67,13.810,458.490,25906,26737,1456,1340,0
223509,0.255,-0.080,-2.167,-0.219,0.190,0.133,-0.450,-0.583,0.373,-0.565,1384996096.000,0.001,26223,26407,11,2,68,13.800,427.770,26385,26315,1378,1410,0
223609,0.204,-0.197,-2.486,-0.309,0.249,0.190,-0.457,-0.568,0.380,-0.570,1443035264.000,0.001,26646,27074,19,-1,68,13.800,427.770,26385,26315,1378,1410,0
223709,0.132,-0.273,-1.926,-0.281,0.168,0.107,-0.466,-0.551,0.388,-0.573,1477545088.000,0.000,27028,27332,15,-2,68,13.730,458.490,27027,27322,1454,1485,0
223809,0.100,-0.652,-1.851,-0.260,-0.083,0.062,-0.472,-0.542,0.396,-0.572,1445388288.000,0.005,26737,27028,18,-4,68,13.730,458.490,27027,27322,1454,1485,0
223909,0.062,-0.609,-1.592,-0.507,-0.461,0.039,-0.475,-0.539,0.415,-0.558,1401466624.000,0.006,26315,26627,14,14,68,13.730,458.490,27027,27322,1454,1485,0
224009,0.055,-0.494,-2.091,-0.248,-0.339,-0.043,-0.476,-0.542,0.435,-0.539,1384996096.000,0.006,26247,26384,8,2,67,13.800,458.490,26246,26737,1376,1330,0
224109,0.035,-0.403,-2.118,-0.310,-0.344,-0.067,-0.477,-0.545,0.447,-0.524,1384996096.000,0.007,26218,26413,10,8,67,13.800,458.490,26246,26737,1376,1330,0
224210,-0.004,-0.317,-2.018,-0.421,-0.384,-0.051,-0.480,-0.547,0.464,-0.504,1384996096.000,0.009,26168,26462,10,14,68,13.790,397.050,25906,26525,1459,1395,0
224310,-0.092,-0.190,-1.833,-0.322,-0.372,-0.086,-0.483,-0.549,0.480,-0.484,1384996096.000,0.011,26145,26484,4,13,68,13.790,397.050,25906,26525,1459,1395,0
224410,-0.061,-0.011,-1.921,-0.194,-0.230,-0.032,-0.483,-0.553,0.491,-0.469,1384996096.000,0.010,26117,26512,2,10,68,13.790,397.050,25906,26525,1459,1395,0
224510,0.149,0.304,-1.899,-0.073,0.103,0.042,-0.486,-0.551,0.497,-0.462,1384996096.000,-0.001,26313,26318,-1,6,67,13.770,407.290,26041,26737,1418,1353,0
224610,0.150,0.272,-2.050,-0.054,0.374,0.202,-0.489,-0.542,0.494,-0.471,1384996096.000,-0.001,26070,26558,9,0,67,13.770,407.290,26041,26737,1418,1353,0
224710,0.069,0.151,-2.194,-0.110,0.427,0.203,-0.497,-0.525,0.492,-0.485,1470486272.000,-0.001,26823,27405,12,-3,68,13.590,438.010,26881,27624,1454,1443,0
224810,0.009,0.040,-1.799,-0.054,0.352,0.156,-0.503,-0.511,0.489,-0.497,1439113728.000,-0.001,26534,27112,11,-4,68,13.590,438.010,26881,27624,1454,1443,0
224910,-0.040,-0.051,-1.590,-0.047,0.283,0.132,-0.507,-0.500,0.485,-0.508,1423427456.000,-0.000,26356,26997,12,-3,68,13.590,438.010,26881,27624,1454,1443,0
225010,-0.040,-0.105,-1.449,0.220,0.082,-0.031,-0.510,-0.496,0.479,-0.514,1584996096.000,-0.000,27998,28304,-3,-9,68,13.740,448.250,27247,27173,1380,1547,0
225110,-0.051,-0.091,-1.610,0.163,-0.034,0.090,-0.503,-0.502,0.473,-0.520,1384996096.000,0.000,25951,26674,2,0,68,13.740,448.250,27247,27173,1380,1547,0
225211,-0.305,-0.079,-1.834,0.027,0.000,0.091,-0.499,-0.501,0.476,-0.523,1384996096.000,0.001,25683,26933,5,0,68,13.740,448.250,27247,27173,1380,1547,0
225311,-0.452,-0.203,-1.697,0.347,0.009,-0.272,-0.500,-0.505,0.470,-0.524,1439898112.000,0.004,26581,27080,-3,-15,68,13.530,468.730,26809,27777,1456,1587,0
225411,-0.140,-0.179,-1.560,0.401,-0.236,-0.227,-0.493,-0.525,0.453,-0.525,1384996096.000,0.003,26245,26385,-8,-3,68,13.530,468.730,26809,27777,1456,1587,0
225511,0.068,-0.038,-1.836,0.066,-0.163,-0.014,-0.485,-0.538,0.452,-0.521,1384996096.000,0.001,26142,26488,3,5,68,13.530,468.730,26809,27777,1456,1587,0
225610,0.088,-0.046,-2.200,0.190,0.118,-0.080,-0.483,-0.541,0.447,-0.523,1384996096.000,0.001,26257,26374,4,-9,68,13.760,386.810,26315,26385,1365,1436,0
225710,0.116,0.007,-2.260,-0.079,0.009,-0.057,-0.485,-0.542,0.442,-0.525,1384996096.000,0.000,26241,26379,8,9,68,13.760,386.810,26315,26385,1365,1436,0
225810,0.142,-0.003,-2.084,-0.171,0.159,-0.067,-0.492,-0.539,0.442,-0.522,1384996096.000,0.000,26286,26344,13,1,68,13.810,366.330,26315,26246,1404,1425,0
225910,0.153,-0.062,-1.754,-0.127,0.204,-0.008,-0.501,-0.531,0.439,-0.524,1384996096.000,-0.000,26235,26396,12,-2,68,13.810,366.330,26315,26246,1404,1425,0
226009,-0.302,-0.091,-1.920,-0.162,0.171,0.019,-0.508,-0.523,0.438,-0.526,1384996096.000,-0.004,25658,26957,13,-1,68,13.810,366.330,26315,26246,1404,1425,0
226109,-0.443,-0.157,-1.760,-0.130,0.084,-0.467,-0.527,-0.515,0.437,-0.515,1384996096.000,-0.004,26282,26349,7,-5,68,13.750,345.850,25706,26809,1352,1491,0
226209,-0.249,-0.223,-1.715,-0.019,-0.044,-0.451,-0.537,-0.528,0.422,-0.505,1384996096.000,-0.008,26350,26281,9,-1,68,13.750,345.850,25706,26809,1352,1491,0
226309,0.088,-0.253,-1.566,-0.271,-0.143,-0.359,-0.552,-0.530,0.422,-0.486,1384996096.000,-0.015,26600,26028,11,4,67,13.780,345.850,26595,26178,1418,1361,0
226409,0.635,-0.214,-1.546,0.141,-0.139,-0.008,-0.555,-0.536,0.423,-0.475,1384996096.000,-0.024,26701,25924,-2,-9,67,13.780,345.850,26595,26178,1418,1361,0
226508,0.540,-0.181,-1.833,-0.557,-0.157,0.351,-0.553,-0.527,0.439,-0.473,1384996096.000,-0.018,26216,26414,22,17,67,13.780,345.850,26595,26178,1418,1361,0
226608,0.398,-0.151,-1.957,-0.003,-0.114,0.380,-0.549,-0.514,0.459,-0.472,1342643200.000,-0.011,25726,26092,0,-6,68,13.790,356.090,26315,26246,1378,1451,0
226708,0.270,-0.113,-1.851,-0.053,-0.118,0.398,-0.537,-0.508,0.472,-0.479,1257937280.000,-0.005,24795,25360,6,2,68,13.790,356.090,26315,26246,1378,1451,0
226808,0.119,-0.080,-1.863,0.069,-0.104,0.420,-0.526,-0.501,0.485,-0.486,1370878464.000,-0.002,25733,26621,1,-2,68,13.830,553.210,24875,25316,1283,1352,0
226907,-0.045,-0.042,-1.999,-0.168,-0.209,0.356,-0.513,-0.494,0.499,-0.493,1384996096.000,0.000,25840,26782,6,12,68,13.830,553.210,24875,25316,1283,1352,0
227007,-0.139,0.098,-2.064,0.140,-0.049,-0.002,-0.493,-0.502,0.515,-0.490,1384996096.000,-0.001,26221,26410,4,-4,68,13.770,325.370,26041,26881,1377,1397,0
227107,-0.154,-0.048,-1.990,0.361,0.353,-0.098,-0.501,-0.492,0.500,-0.507,1384996096.000,0.000,26233,26398,3,-19,68,13.770,325.370,26041,26881,1377,1397,0
227207,-0.058,-0.048,-2.107,0.168,-0.097,-0.161,-0.502,-0.503,0.489,-0.505,1384996096.000,0.000,26238,26393,-1,1,67,13.770,325.370,26385,26109,1455,1398,0
227307,-0.026,-0.045,-1.934,0.117,-0.059,-0.041,-0.500,-0.509,0.483,-0.507,1296368640.000,0.000,25275,25643,2,1,67,13.770,325.370,26385,26109,1455,1398,0
227407,-0.017,0.024,-1.814,0.044,-0.081,-0.054,-0.496,-0.514,0.482,-0.507,1184996096.000,-0.000,24220,24462,2,4,68,13.880,51.460,24038,24271,1293,1344,0
227507,0.002,0.064,-1.298,0.009,-0.171,-0.037,-0.493,-0.520,0.484,-0.503,1184996096.000,-0.000,24208,24473,-1,7,68,13.880,51.460,24038,24271,1293,1344,0
227607,0.016,0.110,-1.277,-0.041,-0.116,-0.044,-0.490,-0.525,0.486,-0.499,1184996096.000,0.000,24236,24446,2,7,68,13.870,123.140,24213,24570,1280,1264,0
227707,0.043,0.118,-1.124,-0.080,0.087,-0.060,-0.493,-0.525,0.487,-0.494,1184996096.000,0.000,24272,24411,8,2,68,13.870,123.140,24213,24570,1280,1264,0
227807,0.034,0.059,-0.829,-0.197,0.062,0.058,-0.496,-0.521,0.489,-0.494,1179996160.000,0.001,24068,24510,11,6,68,13.870,102.660,23866,24570,1332,1299,0
227907,0.022,0.059,-0.653,-0.269,-0.003,0.003,-0.501,-0.514,0.495,-0.489,1154996480.000,-0.000,23899,24163,10,8,68,13.870,102.660,23866,24570,1332,1299,0
228007,0.028,0.027,-0.498,-0.364,0.149,-0.053,-0.511,-0.505,0.500,-0.484,1139996672.000,-0.000,23819,23931,17,6,68,13.920,246.020,23866,23866,1245,1265,0
228107,0.040,-0.010,-0.385,-0.270,0.054,-0.007,-0.524,-0.494,0.505,-0.477,1119996928.000,-0.000,23534,23794,10,5,68,13.920,246.020,23866,23866,1245,1265,0
228207,0.024,-0.045,-0.458,-0.269,0.080,0.093,-0.532,-0.483,0.509,-0.474,1114996992.000,-0.000,23337,23883,13,5,68,13.920,246.020,23866,23866,1245,1265,0
228307,0.014,-0.090,-0.483,-0.219,0.086,-0.101,-0.541,-0.473,0.511,-0.472,1104997120.000,-0.000,23527,23484,12,2,68,13.930,299.780,23255,23752,1239,1254,0
228408,0.047,-0.077,-0.378,-0.130,-0.097,-0.059,-0.546,-0.471,0.515,-0.464,1099997184.000,-0.001,23389,23515,6,5,68,13.930,299.780,23255,23752,1239,1254,0
228508,0.048,-0.071,-0.158,-0.182,0.019,0.054,-0.549,-0.468,0.519,-0.459,1084997376.000,-0.001,23080,23502,12,3,68,13.920,289.540,23255,23474,1212,1226,0
228607,0.044,-0.092,-0.085,-0.056,0.118,-0.050,-0.552,-0.465,0.519,-0.459,1064997632.000,-0.001,23026,23126,11,-3,68,13.920,289.540,23255,23474,1212,1226,0
228707,0.044,-0.100,-0.042,-0.079,0.008,-0.011,-0.554,-0.463,0.519,-0.458,1039997952.000,-0.001,22690,22917,9,1,68,13.930,330.500,22935,22988,1152,1182,0
228807,0.059,-0.114,-0.024,0.077,0.054,-0.073,-0.555,-0.463,0.516,-0.459,1019998208.000,-0.001,22595,22572,6,-5,68,13.930,330.500,22935,22988,1152,1182,0
228907,0.065,-0.122,0.019,0.047,0.000,0.036,-0.555,-0.464,0.514,-0.461,1009998336.000,-0.001,22327,22616,7,-2,68,13.930,330.500,22935,22988,1152,1182,0
229008,0.059,-0.133,-0.064,0.100,0.088,0.023,-0.554,-0.465,0.511,-0.464,989998592.000,-0.001,22134,22363,8,-7,68,13.940,371.460,22371,22573,1158,1184,0
229107,0.050,-0.163,-0.050,0.090,0.070,0.021,-0.554,-0.464,0.508,-0.469,974998784.000,-0.001,21974,22184,9,-6,68,13.940,371.460,22371,22573,1158,1184,0
229207,0.057,-0.165,0.042,0.078,-0.033,-0.014,-0.553,-0.467,0.505,-0.471,964998912.000,-0.001,21914,22018,6,-3,68,13.980,371.460,22026,22075,1177,1134,0
229307,0.033,-0.136,0.038,0.091,0.000,-0.016,-0.547,-0.470,0.507,-0.473,954999040.000,-0.001,21776,21927,7,-4,68,13.980,371.460,22026,22075,1177,1134,0
229407,0.037,-0.145,0.053,0.029,0.028,0.006,-0.546,-0.470,0.505,-0.475,939999232.000,-0.001,21582,21776,10,-3,68,14.030,381.700,21645,21786,1101,1125,0
229507,0.045,-0.138,0.005,-0.041,-0.013,-0.036,-0.545,-0.473,0.504,-0.475,924999424.000,-0.001,21497,21515,12,0,68,14.030,381.700,21645,21786,1101,1125,0
229607,0.123,-0.236,-0.039,-0.073,0.374,-0.069,-0.562,-0.466,0.494,-0.473,914999552.000,-0.002,21421,21357,21,-14,68,14.030,381.700,21645,21786,1101,1125,0
229707,0.056,-0.231,0.047,-0.071,-0.387,0.394,-0.559,-0.461,0.499,-0.476,904999680.000,-0.001,20578,21944,-1,11,68,14.000,391.940,21276,21413,1070,1129,0
229807,-0.182,-0.084,0.208,-0.267,-0.123,0.529,-0.541,-0.446,0.535,-0.470,889999872.000,0.000,20136,22012,14,2,68,14.000,391.940,21276,21413,1070,1129,0
229907,-0.184,-0.125,0.229,-0.256,-0.150,-0.280,-0.548,-0.440,0.534,-0.470,875000064.000,0.001,21134,20697,10,10,67,14.020,371.460,21097,20661,1121,1085,0
230007,-0.045,0.008,0.126,0.012,-0.281,-0.359,-0.548,-0.454,0.543,-0.445,860000064.000,-0.000,21018,20451,-2,2,67,14.020,371.460,21097,20661,1121,1085,0
230107,0.076,-0.005,0.067,-0.092,0.063,-0.208,-0.556,-0.461,0.536,-0.437,845000064.000,-0.001,20690,20419,12,1,67,14.020,371.460,21097,20661,1121,1085,0
230207,0.146,0.036,0.033,-0.034,-0.189,-0.122,-0.557,-0.468,0.536,-0.428,835000064.000,-0.001,20568,20297,2,7,67,14.050,391.940,20618,20533,1099,999,0
230307,0.161,0.061,0.074,-0.043,-0.046,0.034,-0.556,-0.471,0.537,-0.425,815000064.000,-0.001,20144,20229,6,4,67,14.050,391.940,20618,20533,1099,999,0
230407,0.149,0.077,0.030,-0.133,-0.041,0.021,-0.555,-0.469,0.541,-0.423,795000064.000,-0.001,19981,19894,8,7,67,14.040,402.180,20040,19960,1034,1014,0
230507,0.140,0.077,0.044,0.000,0.034,-0.036,-0.555,-0.468,0.542,-0.423,790000064.000,-0.001,20019,19730,6,1,67,14.040,402.180,20040,19960,1034,1014,0
230607,0.179,0.071,0.096,-0.012,-0.053,-0.154,-0.557,-0.471,0.538,-0.422,780000064.000,-0.001,20131,19358,3,5,67,14.040,402.180,20040,19960,1034,1014,0
230707,0.230,0.091,0.152,-0.012,-0.071,-0.133,-0.558,-0.475,0.538,-0.416,760000064.000,-0.002,19884,19095,3,5,67,14.070,422.660,19762,19083,1067,993,0
230807,0.282,0.126,0.133,-0.001,-0.127,-0.156,-0.558,-0.481,0.538,-0.410,750000064.000,-0.002,19881,18835,0,7,67,14.070,422.660,19762,19083,1067,993,0
230907,0.348,0.144,0.071,0.037,0.024,-0.189,-0.560,-0.487,0.536,-0.404,725000064.000,-0.003,19725,18328,4,1,67,14.070,422.660,19762,19083,1067,993,0
231007,0.384,0.119,0.030,0.011,0.101,-0.037,-0.563,-0.489,0.530,-0.404,705000064.000,-0.004,19283,18253,7,1,67,14.090,473.860,19531,18382,1010,917,0
231107,0.373,0.098,0.057,-0.014,0.059,0.023,-0.564,-0.487,0.529,-0.407,695000064.000,-0.004,19116,18154,6,3,67,14.090,473.860,19531,18382,1010,917,0
231211,0.367,0.094,0.051,0.004,0.007,0.009,-0.564,-0.486,0.528,-0.408,685000064.000,-0.004,19071,17925,4,3,68,14.120,555.780,19083,17921,968,897,0
231307,0.366,0.096,0.044,0.026,0.013,0.010,-0.563,-0.487,0.529,-0.408,665000064.000,-0.004,18830,17619,4,2,68,14.120,555.780,19083,17921,968,897,0
231410,0.357,0.090,0.037,0.003,-0.002,0.010,-0.563,-0.486,0.528,-0.410,655000064.000,-0.004,18731,17440,4,4,68,14.120,555.780,19083,17921,968,897,0
231507,0.354,0.094,0.053,0.046,0.003,0.018,-0.562,-0.487,0.528,-0.411,645000064.000,-0.004,18602,17291,3,2,67,14.130,118.030,18726,17301,941,870,0
231607,0.349,0.087,0.040,0.117,0.043,-0.012,-0.561,-0.488,0.526,-0.413,640000064.000,-0.004,18631,17114,2,-1,67,14.130,118.030,18726,17301,941,870,0
231707,0.338,0.056,0.024,0.124,0.084,0.068,-0.560,-0.489,0.520,-0.421,635000064.000,-0.004,18417,17200,4,-1,67,14.130,179.470,18518,17241,910,845,0
231807,0.293,0.077,-0.007,0.049,-0.136,0.138,-0.554,-0.490,0.523,-0.424,625000064.000,-0.003,18159,17183,0,7,67,14.130,179.470,18518,17241,910,845,0
231907,0.249,0.087,-0.045,0.106,0.040,0.101,-0.549,-0.489,0.525,-0.429,615000064.000,-0.002,18079,16975,3,-1,67,14.130,179.470,18518,17241,910,845,0
232007,0.201,0.071,-0.023,-0.091,-0.003,0.117,-0.547,-0.486,0.525,-0.434,600000064.000,-0.002,17803,16825,8,8,67,14.130,322.830,18050,16949,896,830,0
232107,0.116,0.080,0.001,0.192,0.094,0.210,-0.541,-0.482,0.531,-0.440,595000064.000,-0.001,17496,16996,1,-7,67,14.130,322.830,18050,16949,896,830,0
232207,0.041,0.048,-0.036,0.153,0.116,0.214,-0.536,-0.479,0.528,-0.453,585000064.000,-0.000,17229,16976,5,-3,67,14.170,404.750,17482,16778,889,843,0
232307,0.013,0.072,0.044,0.318,-0.061,-0.024,-0.530,-0.482,0.529,-0.455,570000064.000,-0.000,17427,16319,-8,-6,67,14.170,404.750,17482,16778,889,843,0
232407,-0.009,0.017,0.049,0.301,0.254,0.068,-0.527,-0.484,0.518,-0.469,565000064.000,-0.000,17087,16524,5,-12,67,14.170,468.750,17182,16447,842,821,0
232507,-0.003,-0.014,0.030,0.123,0.082,0.000,-0.525,-0.487,0.511,-0.476,555000064.000,-0.000,17053,16254,6,-1,67,14.170,468.750,17182,16447,842,821,0
232607,0.040,-0.047,0.016,0.069,0.166,-0.097,-0.530,-0.487,0.505,-0.477,540000064.000,-0.001,17032,15809,9,-6,67,14.170,519.950,17241,15873,905,740,0
232707,0.060,-0.135,0.017,-0.024,0.359,-0.031,-0.538,-0.482,0.495,-0.483,515000064.000,-0.001,16576,15500,19,-10,67,14.170,519.950,17241,15873,905,740,0
232807,0.068,-0.180,0.061,-0.083,0.001,-0.052,-0.544,-0.477,0.492,-0.484,505000064.000,-0.001,16526,15228,9,1,67,14.170,560.910,16393,15337,852,766,0
232907,0.073,-0.178,0.087,-0.049,0.020,0.013,-0.546,-0.476,0.494,-0.481,495000064.000,-0.001,16240,15208,11,-3,67,14.170,560.910,16393,15337,852,766,0
233007,0.048,-0.206,0.098,-0.087,0.114,0.081,-0.547,-0.471,0.494,-0.484,480000064.000,-0.001,15854,15121,16,-4,67,14.200,571.150,15974,15197,765,704,0
233107,0.036,-0.203,0.127,-0.046,-0.031,-0.029,-0.548,-0.470,0.496,-0.484,470000064.000,-0.001,15954,14679,10,-2,67,14.200,571.150,15974,15197,765,704,0
233207,0.061,-0.187,0.130,0.050,-0.007,-0.122,-0.548,-0.472,0.496,-0.481,455000064.000,-0.001,15878,14244,9,-6,67,14.210,591.630,16025,14204,762,678,0
233308,0.081,-0.192,0.136,0.004,-0.002,0.017,-0.549,-0.474,0.493,-0.480,440000064.000,-0.002,15353,14292,11,-4,67,14.210,591.630,16025,14204,762,678,0
233407,0.079,-0.183,0.088,-0.020,-0.053,-0.008,-0.548,-0.474,0.495,-0.480,425000064.000,-0.002,15201,13926,10,-2,67,14.210,591.630,16025,14204,762,678,0
233507,0.062,-0.163,0.068,0.004,0.051,-0.002,-0.546,-0.475,0.498,-0.479,420000064.000,-0.001,15066,13893,12,-5,67,14.230,581.390,15243,13888,732,680,0
233608,0.060,-0.167,0.092,0.001,-0.017,0.003,-0.546,-0.474,0.497,-0.480,410000064.000,-0.001,14903,13707,10,-3,67,14.230,581.390,15243,13888,732,680,0
233708,0.056,-0.159,0.090,-0.002,0.017,0.000,-0.544,-0.475,0.498,-0.480,390000064.000,-0.001,14556,13346,11,-4,67,14.240,601.870,14749,13550,721,629,0
233808,0.053,-0.163,0.078,-0.001,0.044,0.017,-0.544,-0.475,0.498,-0.480,370000064.000,-0.001,14169,13009,12,-5,67,14.240,601.870,14749,13550,721,629,0
233908,0.040,-0.164,0.098,-0.016,0.004,0.014,-0.544,-0.473,0.499,-0.481,365000064.000,-0.001,14077,12916,11,-4,66,14.240,601.870,14124,12919,675,606,0
234008,0.018,-0.158,0.090,0.011,0.016,-0.019,-0.543,-0.472,0.501,-0.481,345000064.000,-0.000,13758,12478,10,-5,66,14.240,601.870,14124,12919,675,606,0
234109,0.013,-0.161,0.069,-0.010,0.000,0.016,-0.542,-0.472,0.501,-0.482,330000064.000,-0.000,13385,12282,11,-4,66,14.240,601.870,14124,12919,675,606,0
234209,0.011,-0.159,0.062,0.012,-0.009,0.001,-0.542,-0.472,0.501,-0.482,310000064.000,-0.000,13054,11815,10,-4,66,14.270,601.870,13368,12254,653,579,0
234309,0.010,-0.158,0.051,-0.002,0.003,0.000,-0.542,-0.472,0.501,-0.482,300000064.000,-0.000,12863,11600,11,-4,66,14.270,601.870,13368,12254,653,579,0
234407,0.011,-0.149,0.039,0.021,-0.043,-0.018,-0.541,-0.473,0.502,-0.482,295000064.000,-0.000,12801,11451,9,-4,66,14.280,601.870,12853,11415,611,531,0
234509,0.012,-0.151,0.057,0.007,-0.007,0.003,-0.541,-0.473,0.501,-0.482,275000064.000,-0.001,12358,11058,11,-4,66,14.280,601.870,12853,11415,611,531,0
234607,0.007,-0.157,0.022,0.001,0.040,0.006,-0.542,-0.472,0.501,-0.483,260000064.000,-0.000,12043,10723,12,-6,66,14.280,601.870,12853,11415,611,531,0
234707,-0.001,-0.155,0.034,0.000,0.028,-0.021,-0.541,-0.471,0.502,-0.483,245000064.000,-0.000,11776,10311,12,-6,66,14.280,622.350,11876,10570,586,497,0
234807,0.011,-0.159,0.063,-0.006,0.000,-0.030,-0.542,-0.472,0.501,-0.482,235000064.000,-0.001,11593,10030,12,-5,66,14.280,622.350,11876,10570,586,497,0
234909,0.010,-0.157,0.080,-0.001,-0.002,-0.009,-0.542,-0.472,0.501,-0.482,215000064.000,-0.000,11098,9584,12,-5,66,14.320,632.590,11261,9881,540,458,0
235008,0.009,-0.153,0.042,-0.004,-0.024,0.003,-0.542,-0.472,0.502,-0.482,205000064.000,-0.000,10841,9353,11,-4,66,14.320,632.590,11261,9881,540,458,0
235109,0.003,-0.151,0.047,-0.010,0.021,-0.001,-0.541,-0.472,0.502,-0.482,200000064.000,-0.000,10730,9213,13,-5,66,14.320,632.590,11261,9881,540,458,0
235207,0.001,-0.153,0.071,-0.090,0.037,-0.001,-0.542,-0.471,0.503,-0.482,180000064.000,-0.000,10238,8671,16,-3,66,14.320,632.590,10593,9057,518,417,0
235307,0.006,-0.158,0.073,-0.014,0.022,0.001,-0.542,-0.471,0.502,-0.482,155000064.000,-0.000,9608,7917,13,-6,66,14.320,632.590,10593,9057,518,417,0
235407,0.001,-0.167,0.056,-0.010,0.034,0.023,-0.543,-0.470,0.501,-0.483,135000064.000,-0.000,8999,7349,14,-6,66,14.320,632.590,10593,9057,518,417,0
235507,-0.009,-0.182,0.051,-0.060,0.076,0.026,-0.544,-0.467,0.501,-0.484,120000064.000,-0.000,8562,6833,17,-7,66,14.280,642.830,8928,8620,436,325,0
235607,-0.007,-0.209,-0.000,-0.152,0.097,-0.054,-0.549,-0.463,0.501,-0.483,100000064.000,-0.000,8291,5592,20,-5,66,14.280,642.830,8928,8620,436,325,0
235707,0.000,-0.211,0.027,-0.287,-0.024,-0.031,-0.555,-0.457,0.506,-0.477,85000064.000,-0.000,7678,5103,20,1,66,14.340,642.830,7936,5630,374,277,0
235807,0.016,-0.197,0.063,-0.367,-0.083,-0.080,-0.562,-0.451,0.513,-0.465,65000064.000,-0.000,7250,3526,20,4,66,14.340,642.830,7936,5630,374,277,0
235907,0.042,-0.159,0.019,-0.197,-0.076,-0.059,-0.567,-0.448,0.522,-0.452,45000064.000,-0.001,6407,1989,15,-3,66,14.340,642.830,7936,5630,374,277,0
236007,0.031,-0.193,0.001,-0.101,-0.093,0.010,-0.574,-0.440,0.524,-0.450,30000064.000,-0.001,5503,0,10,-2,65,14.370,653.070,6329,1502,264,60,0
236107,0.006,-0.182,0.027,-0.022,0.064,0.119,-0.572,-0.439,0.526,-0.451,15000064.000,-0.000,3833,552,17,-9,65,14.370,653.070,6329,1502,264,60,0
236207,-0.037,-0.228,0.016,0.041,0.179,0.044,-0.574,-0.432,0.525,-0.456,0.000,0.000,3549,0,18,-15,65,14.370,653.070,6329,1502,264,60,0
236307,-0.022,-0.255,0.094,0.023,0.022,-0.023,-0.576,-0.432,0.520,-0.459,0.000,0.000,3879,0,16,-8,65,14.370,653.070,2753,618,164,60,0
236407,-0.022,-0.254,0.196,-0.047,-0.036,-0.007,-0.577,-0.431,0.521,-0.458,0.000,0.000,3730,0,16,-6,65,14.370,653.070,2753,618,164,60,0
236507,0.081,-0.226,0.197,0.019,-0.104,0.003,-0.574,-0.433,0.524,-0.456,0.000,-0.001,4622,0,12,-6,65,14.360,653.070,3033,404,157,60,0
236607,0.079,-0.197,0.060,0.086,-0.082,0.046,-0.571,-0.437,0.526,-0.455,0.000,-0.001,3863,0,11,-8,65,14.360,653.070,3033,404,157,60,0
236707,0.032,-0.185,0.039,0.100,-0.012,0.119,-0.565,-0.437,0.528,-0.460,0.000,-0.000,3073,0,13,-10,65,14.360,653.070,3033,404,157,60,0
236807,0.005,-0.169,0.024,0.061,-0.101,-0.022,-0.560,-0.438,0.529,-0.463,0.000,-0.000,4194,0,11,-5,65,14.370,653.070,305,305,153,60,0
236907,0.010,-0.149,0.024,0.006,-0.027,-0.001,-0.558,-0.441,0.530,-0.462,0.000,-0.000,3773,0,15,-6,65,14.370,653.070,305,305,153,60,0
237007,-0.032,-0.129,0.052,0.010,0.036,0.041,-0.554,-0.439,0.535,-0.463,0.000,0.000,3177,0,15,-9,65,14.370,653.070,305,305,153,60,0
237107,-0.029,-0.136,0.035,0.153,0.101,-0.078,-0.553,-0.441,0.532,-0.466,0.000,0.000,4285,0,13,-14,65,14.370,653.070,305,305,153,60,0
237207,-0.009,-0.137,0.006,0.137,-0.011,-0.012,-0.551,-0.446,0.528,-0.468,0.000,0.000,3699,0,11,-10,65,14.380,7.960,305,305,153,60,0
237307,-0.026,-0.141,0.027,0.226,0.054,0.078,-0.546,-0.449,0.524,-0.474,0.000,0.000,2757,0,11,-14,65,14.380,7.960,305,305,153,60,0
237407,-0.019,-0.143,0.045,0.427,-0.011,-0.074,-0.539,-0.458,0.516,-0.483,0.000,0.000,4362,0,4,-18,64,14.390,18.200,305,305,153,60,0
237507,-0.013,-0.154,0.071,0.498,0.172,0.142,-0.528,-0.470,0.503,-0.497,0.000,0.000,1493,0,11,-24,64,14.390,18.200,305,305,153,60,0
237607,-0.025,-0.138,0.001,0.596,-0.108,-0.076,-0.513,-0.484,0.493,-0.510,0.000,0.000,4511,0,-2,-19,64,14.400,18.200,305,305,153,60,0
237707,-0.009,-0.148,-0.125,0.507,0.094,0.044,-0.501,-0.497,0.478,-0.523,0.000,0.000,3000,0,9,-22,64,14.400,18.200,305,305,153,60,0
237807,-0.059,-0.166,-0.320,0.339,0.031,0.164,-0.488,-0.502,0.469,-0.538,0.000,0.001,1257,0,10,-15,64,14.400,38.680,305,305,153,60,0
237907,-0.078,-0.285,-0.291,0.179,0.617,0.069,-0.487,-0.498,0.453,-0.557,0.000,0.001,2516,0,35,-30,64,14.400,38.680,305,305,153,60,0
238007,-0.089,-0.337,-0.232,-0.109,-0.258,-0.101,-0.490,-0.492,0.449,-0.562,0.000,0.001,4204,0,12,3,64,14.400,69.400,305,305,153,60,0
238107,0.003,-0.247,0.051,-0.097,-0.053,-0.240,-0.490,-0.505,0.451,-0.548,0.000,-0.000,5068,0,22,-9,64,14.400,69.400,305,305,153,60,0
238207,-0.018,-0.311,0.200,-0.754,0.229,-0.052,-0.507,-0.487,0.459,-0.543,0.000,0.000,3897,0,45,0,64,14.400,69.400,305,305,153,60,0
238308,0.019,-0.284,0.171,-0.653,-0.149,-0.232,-0.524,-0.477,0.475,-0.522,0.000,-0.000,5272,0,27,4,64,14.420,338.200,305,305,153,60,0
238408,0.077,-0.323,0.256,-0.861,0.159,-0.136,-0.548,-0.462,0.483,-0.503,0.000,-0.001,4586,0,45,2,64,14.420,338.200,305,305,153,60,0
238508,0.087,-0.305,0.280,-0.917,-0.329,-0.090,-0.565,-0.445,0.501,-0.481,0.000,-0.001,4560,0,29,17,64,14.420,450.840,305,305,153,60,0
238608,0.071,-0.215,0.360,-1.119,-0.096,-0.018,-0.580,-0.426,0.532,-0.447,0.000,-0.001,4109,0,44,13,64,14.420,450.840,305,305,153,60,0
238708,0.056,-0.226,0.203,-1.142,-0.181,-0.159,-0.603,-0.394,0.554,-0.417,0.000,-0.001,5250,0,37,19,63,14.420,604.440,305,305,153,60,0
238808,0.088,-0.151,0.184,-1.286,-0.234,0.156,-0.620,-0.370,0.582,-0.375,0.000,-0.001,1361,0,42,25,63,14.420,604.440,305,305,153,60,0
238908,-0.035,-0.085,0.151,-1.168,-0.209,0.211,-0.629,-0.329,0.614,-0.344,0.000,0.000,1398,0,37,21,63,14.420,13.090,305,305,153,60,0
239008,-0.058,-0.078,0.050,-1.112,0.246,-0.146,-0.645,-0.294,0.633,-0.311,0.000,0.000,4867,0,49,7,63,14.420,13.090,305,305,153,60,0
239108,-0.016,-0.112,-0.060,-1.161,-0.077,-0.140,-0.666,-0.261,0.643,-0.273,0.000,0.000,4578,0,40,21,63,14.430,33.570,305,305,153,60,0
239209,0.027,-0.109,-0.033,-1.082,0.114,-0.190,-0.681,-0.229,0.655,-0.233,0.000,-0.000,5128,0,45,12,63,14.430,33.570,305,305,153,60,0
239309,0.062,-0.143,0.024,-0.919,0.022,-0.149,-0.696,-0.199,0.661,-0.198,0.000,-0.000,4780,0,39,11,63,14.430,33.570,305,305,153,60,0
239409,0.077,-0.143,0.019,-0.717,-0.087,-0.079,-0.704,-0.175,0.668,-0.170,0.000,-0.001,4377,0,32,10,63,14.430,33.570,305,305,153,60,0
239509,0.068,-0.129,0.002,-0.388,-0.113,0.051,-0.706,-0.157,0.674,-0.152,0.000,-0.000,3715,0,22,1,63,14.430,33.570,305,305,153,60,0
239609,-0.015,-0.099,0.113,-0.020,0.164,0.361,-0.703,-0.144,0.680,-0.151,0.000,0.000,0,3026,25,-16,63,14.440,33.570,305,305,153,60,0
239709,-0.079,-0.158,0.157,0.376,0.010,0.022,-0.706,-0.146,0.673,-0.167,0.000,0.001,3689,0,11,-15,63,14.440,33.570,305,305,153,60,0
239809,-0.092,-0.131,0.001,0.227,0.091,0.024,-0.700,-0.154,0.674,-0.177,0.000,0.000,3091,0,22,-14,63,14.440,43.810,305,305,153,60,0
239909,-0.108,-0.200,-0.102,0.002,0.143,0.048,-0.706,-0.157,0.665,-0.187,0.000,0.001,2479,0,30,-7,63,14.440,43.810,305,305,153,60,0
240009,-0.101,-0.229,-0.050,0.142,0.312,-0.139,-0.709,-0.157,0.661,-0.188,0.000,0.001,4351,0,30,-22,63,14.440,43.810,305,305,153,60,0
240109,-0.096,-0.342,0.006,0.014,0.154,0.134,-0.721,-0.157,0.647,-0.193,0.000,0.001,0,1463,30,-11,63,14.460,43.810,305,305,153,60,0
240209,-0.133,-0.380,0.053,0.058,0.188,0.117,-0.723,-0.154,0.643,-0.200,0.000,0.002,0,803,32,-17,63,14.460,43.810,305,305,153,60,0
240310,-0.189,-0.417,0.004,0.009,0.172,0.154,-0.726,-0.150,0.639,-0.207,0.000,0.003,0,2317,35,-17,62,14.450,43.810,305,305,153,60,0
240410,-0.255,-0.522,-0.007,-0.060,0.588,0.234,-0.735,-0.141,0.627,-0.216,0.000,0.005,0,3844,51,-29,62,14.450,43.810,305,305,153,60,0
240510,-0.386,-0.764,-0.044,-0.268,1.012,0.334,-0.758,-0.116,0.600,-0.227,0.000,0.011,0,5197,72,-40,62,14.470,43.810,305,305,153,60,0
240610,-0.521,-0.997,-0.034,-0.310,0.651,0.322,-0.780,-0.089,0.573,-0.235,0.000,0.020,0,5859,65,-32,62,14.470,43.810,305,305,153,60,0
240710,-0.639,-1.180,-0.047,-0.320,0.657,0.183,-0.796,-0.064,0.552,-0.240,0.000,0.029,0,5763,72,-39,62,14.470,43.810,305,305,153,60,0
240810,-0.716,-1.332,-0.041,-0.270,0.552,0.126,-0.811,-0.045,0.532,-0.240,0.000,0.037,0,6101,73,-41,62,14.470,43.810,305,305,153,60,0
240910,-0.794,-1.460,-0.011,-0.260,0.420,0.163,-0.822,-0.028,0.515,-0.242,0.000,0.045,0,6801,73,-42,62,14.470,43.810,305,305,153,60,0
241010,-0.875,-1.566,0.039,-0.156,0.444,0.113,-0.830,-0.012,0.501,-0.245,0.000,0.054,0,6945,75,-51,62,14.470,54.050,305,305,153,60,0
241110,-0.919,-1.657,0.087,-0.137,0.276,0.050,-0.837,-0.003,0.488,-0.248,0.000,0.060,0,7067,74,-47,62,14.470,54.050,305,305,153,60,0
241210,-0.946,-1.708,0.125,-0.110,0.199,0.047,-0.842,0.005,0.481,-0.245,0.000,0.064,0,7434,75,-49,62,14.470,54.050,305,305,153,60,0
241310,-0.962,-1.749,0.158,-0.060,0.152,0.052,-0.845,0.010,0.475,-0.246,0.000,0.067,0,7517,75,-51,62,14.470,54.050,305,305,153,60,0
241411,-0.978,-1.773,0.150,-0.020,0.059,0.046,-0.846,0.013,0.471,-0.247,0.000,0.070,0,7535,75,-52,62,14.470,54.050,305,305,153,60,0
241510,-0.993,-1.794,0.150,0.000,0.077,0.073,-0.848,0.015,0.468,-0.249,0.000,0.072,0,7646,76,-54,62,14.470,54.050,305,305,153,60,0
241610,-0.996,-1.806,0.153,0.030,-0.003,0.010,-0.848,0.014,0.467,-0.252,0.000,0.072,0,7357,75,-54,62,14.470,54.050,305,305,153,60,0
241710,-0.989,-1.808,0.148,0.000,0.024,0.002,-0.848,0.013,0.466,-0.252,0.000,0.072,0,7366,79,-56,62,14.470,54.050,305,305,153,60,0
241810,-0.990,-1.814,0.143,-0.007,0.017,0.029,-0.848,0.014,0.465,-0.252,0.000,0.072,0,7504,80,-57,62,14.470,64.290,305,305,153,60,0
241909,-0.990,-1.813,0.151,-0.022,0.010,0.020,-0.848,0.013,0.466,-0.253,0.000,0.072,0,7460,82,-57,62,14.470,64.290,305,305,153,60,0
242009,-1.000,-1.808,0.143,-0.013,0.006,-0.006,-0.847,0.014,0.466,-0.253,0.000,0.073,0,7363,82,-59,61,14.470,64.290,305,305,153,60,0
242109,-0.991,-1.808,0.103,0.020,-0.040,-0.014,-0.847,0.013,0.466,-0.254,0.000,0.072,0,7334,81,-60,61,14.470,64.290,305,305,153,60,0
242208,-0.994,-1.804,0.082,0.009,0.022,0.057,-0.846,0.012,0.467,-0.256,0.000,0.072,0,7651,85,-62,61,14.470,64.290,305,305,153,60,0
242308,-1.010,-1.812,0.079,0.016,0.004,0.042,-0.846,0.013,0.466,-0.259,0.000,0.073,0,7541,85,-63,61,14.490,64.290,305,305,153,60,0
242408,-1.007,-1.813,0.084,0.026,0.009,0.000,-0.846,0.012,0.466,-0.260,0.000,0.073,0,7380,87,-65,61,14.490,64.290,305,305,153,60,0
242508,-1.002,-1.811,0.095,0.021,-0.010,0.000,-0.846,0.011,0.466,-0.260,0.000,0.072,0,7403,87,-65,61,14.490,64.290,305,305,153,60,0
242607,-0.999,-1.807,0.097,0.024,-0.039,-0.003,-0.845,0.010,0.467,-0.260,0.000,0.072,0,7378,86,-64,61,14.490,64.290,305,305,153,60,0
242708,-0.990,-1.803,0.086,0.008,-0.040,-0.003,-0.845,0.008,0.467,-0.260,0.000,0.071,0,7367,86,-63,61,14.490,64.290,305,305,153,60,0
242807,-0.988,-1.796,0.075,0.003,-0.010,0.000,-0.844,0.008,0.468,-0.260,0.000,0.071,0,7387,87,-64,61,14.490,64.290,305,305,153,60,0
242907,-0.988,-1.789,0.060,-0.003,-0.008,0.013,-0.844,0.007,0.469,-0.261,0.000,0.070,0,7443,88,-64,61,14.480,54.050,305,305,153,60,0
243007,-0.984,-1.787,0.050,0.021,-0.007,0.012,-0.844,0.006,0.469,-0.261,0.000,0.070,0,7413,87,-65,61,14.480,54.050,305,305,153,60,0
243107,-0.985,-1.788,0.052,0.012,-0.008,0.022,-0.843,0.006,0.469,-0.262,0.000,0.070,0,7449,87,-64,61,14.490,54.050,305,305,153,60,0
243207,-0.983,-1.788,0.059,0.018,-0.011,-0.017,-0.843,0.005,0.469,-0.262,0.000,0.070,0,7266,87,-64,61,14.490,54.050,305,305,153,60,0
243307,-0.972,-1.787,0.056,0.014,-0.004,0.001,-0.843,0.004,0.469,-0.262,0.000,0.069,0,7365,87,-64,61,14.500,54.050,305,305,153,60,0
243407,-0.970,-1.784,0.049,0.039,-0.019,0.002,-0.843,0.003,0.470,-0.263,0.000,0.069,0,7322,86,-65,61,14.500,54.050,305,305,153,60,0
243507,-0.972,-1.790,0.057,0.008,-0.037,-0.003,-0.843,0.003,0.469,-0.264,0.000,0.069,0,7286,86,-63,61,14.500,54.050,305,305,153,60,0
243607,-0.971,-1.786,0.058,0.029,-0.002,-0.003,-0.843,0.003,0.470,-0.264,0.000,0.069,0,7308,87,-65,61,14.500,54.050,305,305,153,60,0
243707,-0.967,-1.781,0.039,0.000,0.002,0.010,-0.842,0.002,0.470,-0.264,0.000,0.069,0,7371,88,-64,61,14.500,54.050,305,305,153,60,0
243807,-0.964,-1.787,0.045,0.000,0.016,0.002,-0.843,0.002,0.469,-0.264,0.000,0.069,0,7325,88,-64,61,14.500,54.050,305,305,153,60,0
243907,-0.963,-1.786,0.046,0.000,0.001,0.002,-0.842,0.001,0.469,-0.264,0.000,0.068,0,7321,88,-64,61,14.500,54.050,305,305,153,60,0
244007,-0.960,-1.788,0.036,0.012,0.034,-0.006,-0.843,0.001,0.469,-0.264,0.000,0.068,0,7276,89,-65,61,14.500,64.290,305,305,153,60,0
244108,-0.948,-1.803,0.025,0.049,0.049,0.017,-0.844,-0.001,0.467,-0.265,0.000,0.068,0,7356,88,-66,61,14.500,64.290,305,305,153,60,0
244208,-0.946,-1.819,0.016,0.030,0.059,0.010,-0.845,-0.001,0.464,-0.267,0.000,0.069,0,7275,89,-66,61,14.500,64.290,305,305,153,60,0
244308,-0.949,-1.826,0.039,0.023,0.022,0.020,-0.845,-0.000,0.463,-0.268,0.000,0.069,0,7343,88,-66,61,14.500,64.290,305,305,153,60,0
244408,-0.955,-1.841,0.039,0.013,0.053,0.047,-0.846,0.000,0.461,-0.269,0.000,0.070,0,7460,90,-66,61,14.500,64.290,305,305,153,60,0
244508,-0.965,-1.848,0.028,-0.004,0.014,0.041,-0.845,0.001,0.460,-0.271,0.000,0.071,0,7452,90,-65,61,14.500,64.290,305,305,153,60,0
244608,-0.972,-1.859,0.036,0.017,0.042,-0.007,-0.846,0.002,0.459,-0.272,0.000,0.072,0,7245,90,-67,60,14.500,64.290,305,305,153,60,0
