Timestamp,curr_ax,curr_roll_rate,curr_pitch_rate,curr_yaw_rate,curr_qw,curr_qx,curr_qy,curr_qz,ax_ref,p_ref,q_ref,r_ref,omega_L_ref,omega_R_ref,servo_L_ref,servo_R_ref,Temperature,Voltage,RPM2,RPM4
88533,-0.080,0.001,-0.001,0.001,0.527,0.426,-0.408,0.612,-0.200,0.009,-0.308,-0.049,4022,2840,53,-53,0,0.000,0,0
88632,0.480,0.002,-0.007,0.002,0.518,0.434,-0.414,0.610,-0.200,0.009,-0.284,-0.054,3661,1992,28,-28,0,0.000,0,0
88732,0.180,0.000,-0.011,0.002,0.503,0.450,-0.429,0.600,-0.200,0.009,-0.229,-0.062,3404,529,-1,1,0,0.000,0,0
88832,-0.070,-0.000,-0.010,0.002,0.486,0.467,-0.446,0.589,-0.200,0.008,-0.166,-0.071,3368,0,-12,12,0,0.000,305,305
88932,-0.080,-0.000,-0.005,0.000,0.475,0.478,-0.457,0.580,-0.200,0.007,-0.125,-0.076,3346,0,-3,3,0,0.000,305,305
89032,-0.160,0.001,-0.007,-0.000,0.465,0.490,-0.465,0.572,-0.200,0.006,-0.087,-0.076,3301,0,-7,7,0,0.000,305,305
89132,-0.290,0.001,-0.010,-0.000,0.451,0.507,-0.478,0.558,-0.200,0.004,-0.030,-0.075,3375,0,-27,27,0,0.000,305,305
89232,-0.520,-0.000,-0.018,-0.000,0.434,0.527,-0.494,0.539,-0.200,0.001,0.043,-0.075,3596,0,-51,51,0,0.000,305,305
89332,-0.400,-0.001,-0.012,-0.002,0.423,0.542,-0.506,0.521,-0.200,-0.001,0.100,-0.069,3723,0,-54,54,0,0.000,305,305
89432,-0.600,0.002,0.010,0.000,0.423,0.545,-0.505,0.519,-0.200,-0.002,0.104,-0.063,3888,802,-5,5,0,0.000,305,305
89532,-0.220,0.001,0.019,0.000,0.440,0.524,-0.486,0.544,-0.200,0.001,0.022,-0.068,4072,985,56,-56,0,0.000,305,305
89632,-0.160,-0.001,0.020,-0.002,0.469,0.494,-0.461,0.569,-0.200,0.004,-0.088,-0.061,3939,1219,95,-95,34,16.090,305,305
89732,0.090,0.000,0.021,-0.002,0.498,0.462,-0.431,0.594,-0.200,0.006,-0.203,-0.052,3754,1015,118,-118,34,16.090,305,305
89832,0.690,0.000,0.019,-0.001,0.522,0.431,-0.402,0.617,-0.200,0.008,-0.310,-0.044,3461,0,133,-134,34,16.090,305,305
89932,0.460,0.001,0.008,0.002,0.535,0.409,-0.381,0.634,-0.200,0.010,-0.383,-0.045,3079,0,120,-120,34,16.090,305,305
90032,0.940,0.001,-0.007,0.002,0.529,0.410,-0.383,0.637,-0.200,0.011,-0.378,-0.053,2721,0,71,-71,34,16.090,305,305
90132,0.330,0.001,-0.012,0.001,0.514,0.429,-0.399,0.627,-0.200,0.011,-0.317,-0.058,2762,0,30,-30,34,16.090,305,305
90232,0.250,-0.000,-0.014,0.001,0.497,0.451,-0.418,0.613,-0.200,0.010,-0.246,-0.063,2812,0,9,-9,34,16.090,305,305
90332,0.160,0.000,-0.015,0.000,0.482,0.471,-0.435,0.597,-0.200,0.008,-0.179,-0.065,2784,0,1,-1,34,16.080,305,305
90432,-0.060,0.000,-0.012,-0.000,0.467,0.491,-0.450,0.582,-0.200,0.005,-0.113,-0.064,2758,0,-3,3,34,16.080,305,305
90532,-0.110,-0.001,-0.003,-0.001,0.460,0.504,-0.460,0.569,-0.200,0.004,-0.069,-0.060,2684,0,13,-13,35,16.080,305,305
90632,0.030,-0.001,0.013,-0.001,0.469,0.496,-0.453,0.574,-0.200,0.004,-0.098,-0.055,2629,0,63,-63,35,16.080,305,305
90732,0.190,-0.001,0.015,-0.001,0.490,0.473,-0.433,0.590,-0.200,0.005,-0.178,-0.047,2532,0,106,-106,35,16.080,305,305
90832,0.290,-0.000,0.016,-0.000,0.506,0.454,-0.416,0.604,-0.200,0.006,-0.244,-0.042,2509,0,114,-114,35,16.080,305,305
90932,0.350,0.000,0.010,-0.000,0.522,0.431,-0.396,0.620,-0.200,0.007,-0.319,-0.041,2538,0,128,-128,35,16.080,305,305
91032,0.250,0.000,-0.002,0.001,0.526,0.424,-0.391,0.625,-0.200,0.008,-0.340,-0.042,2579,0,100,-100,34,16.070,305,305
91132,0.100,0.000,-0.015,0.001,0.515,0.439,-0.404,0.616,-0.200,0.008,-0.292,-0.045,2645,0,50,-50,34,16.070,305,305
91232,0.000,0.000,-0.018,0.001,0.489,0.470,-0.432,0.594,-0.200,0.006,-0.186,-0.054,2751,0,1,-1,34,16.070,305,305
91332,0.000,-0.001,-0.013,-0.001,0.471,0.494,-0.452,0.574,-0.200,0.004,-0.103,-0.053,2690,0,0,0,35,16.070,305,305
91432,-0.010,0.001,-0.008,0.001,0.456,0.514,-0.468,0.555,-0.200,0.002,-0.033,-0.051,2653,0,6,-6,35,16.070,305,305
91532,-0.280,0.001,-0.003,0.001,0.452,0.518,-0.473,0.551,-0.200,0.002,-0.016,-0.054,2713,0,28,-28,35,16.080,305,305
91632,-0.080,0.001,0.003,0.000,0.448,0.522,-0.478,0.546,-0.200,0.001,0.002,-0.055,2696,0,26,-26,35,16.080,305,305
91732,-0.060,0.000,0.012,-0.001,0.452,0.517,-0.471,0.553,-0.200,0.002,-0.022,-0.053,2660,0,68,-69,35,16.090,305,305
91832,-0.040,-0.002,0.015,-0.002,0.475,0.496,-0.454,0.568,-0.200,0.003,-0.105,-0.043,2492,0,109,-110,35,16.090,305,305
91932,0.060,-0.001,0.014,-0.002,0.499,0.473,-0.433,0.582,-0.200,0.003,-0.178,-0.032,2358,0,127,-127,35,16.090,305,305
92032,0.220,-0.000,0.008,0.001,0.513,0.457,-0.420,0.593,-0.200,0.004,-0.231,-0.028,2394,0,118,-118,35,16.090,305,305
92132,0.320,0.001,0.009,0.001,0.520,0.444,-0.409,0.604,-0.200,0.005,-0.273,-0.032,2514,0,123,-124,35,16.090,305,305
92232,0.400,0.001,0.009,0.001,0.525,0.433,-0.400,0.614,-0.200,0.006,-0.308,-0.035,2570,0,127,-127,35,16.090,305,305
92332,0.280,0.001,0.005,0.001,0.528,0.426,-0.392,0.622,-0.200,0.007,-0.334,-0.038,2590,0,123,-123,35,16.090,305,305
92432,0.250,0.000,0.005,-0.000,0.530,0.422,-0.389,0.625,-0.200,0.008,-0.348,-0.039,2574,0,124,-124,35,16.090,305,305
92532,0.220,0.000,0.002,0.000,0.531,0.419,-0.386,0.627,-0.200,0.008,-0.356,-0.038,2563,0,121,-121,35,16.090,305,305
92632,0.280,0.000,0.002,0.000,0.533,0.416,-0.384,0.629,-0.200,0.008,-0.365,-0.038,2546,0,125,-125,35,16.090,305,305
92732,0.350,0.000,0.002,-0.000,0.535,0.414,-0.381,0.630,-0.200,0.007,-0.374,-0.036,2521,0,130,-130,35,16.090,305,305
92832,0.370,-0.000,-0.000,-0.000,0.537,0.412,-0.380,0.630,-0.200,0.007,-0.378,-0.035,2519,0,131,-131,35,16.090,305,305
92932,0.120,0.000,-0.008,0.001,0.531,0.420,-0.388,0.625,-0.200,0.007,-0.352,-0.038,2573,0,107,-107,34,16.090,305,305
93032,-0.080,-0.000,-0.019,0.001,0.515,0.443,-0.409,0.609,-0.200,0.007,-0.276,-0.041,2618,0,63,-63,34,16.090,305,305
93132,-0.300,-0.001,-0.023,-0.001,0.493,0.476,-0.438,0.582,-0.200,0.004,-0.151,-0.040,2581,0,21,-21,34,16.090,305,305
93232,-0.630,0.001,-0.027,0.001,0.461,0.516,-0.474,0.545,-0.200,0.001,-0.019,-0.042,2916,0,-16,16,35,16.070,305,305
93332,-0.520,0.001,-0.025,0.001,0.420,0.555,-0.509,0.507,-0.200,-0.002,0.135,-0.049,3390,0,-44,44,35,16.070,305,305
93432,-0.300,0.001,-0.014,0.001,0.391,0.579,-0.529,0.482,-0.200,-0.005,0.232,-0.057,3606,0,-25,25,35,16.090,305,305
93532,-0.090,-0.000,-0.008,0.000,0.376,0.592,-0.540,0.466,-0.200,-0.007,0.286,-0.058,3554,0,-8,8,35,16.090,305,305
93632,-0.280,0.001,-0.006,0.001,0.363,0.601,-0.547,0.456,-0.200,-0.009,0.325,-0.063,3590,0,-4,4,35,16.090,305,305
93732,-0.330,-0.000,-0.007,-0.000,0.351,0.610,-0.555,0.444,-0.200,-0.010,0.367,-0.063,3643,0,-15,15,35,16.100,305,305
93832,-0.330,0.000,-0.003,-0.000,0.341,0.618,-0.561,0.433,-0.200,-0.011,0.402,-0.063,3785,0,-16,16,35,16.100,305,305
93932,-0.360,-0.000,-0.001,-0.000,0.338,0.620,-0.565,0.427,-0.200,-0.011,0.418,-0.062,3884,445,-14,14,35,16.110,305,305
94032,-0.260,-0.000,-0.000,-0.000,0.336,0.621,-0.570,0.420,-0.200,-0.012,0.432,-0.060,3922,895,-13,13,35,16.110,305,305
94132,-0.310,0.000,-0.000,0.001,0.334,0.622,-0.572,0.417,-0.200,-0.012,0.440,-0.061,3978,937,-17,17,35,16.110,305,305
94232,-0.310,0.000,-0.001,-0.000,0.333,0.622,-0.573,0.416,-0.200,-0.012,0.442,-0.062,4046,1171,-19,19,35,16.110,305,305
94332,-0.190,0.000,-0.000,0.000,0.332,0.623,-0.575,0.414,-0.200,-0.012,0.448,-0.061,4085,1323,-24,25,35,16.110,305,305
94432,-0.160,0.000,-0.000,0.000,0.330,0.624,-0.575,0.413,-0.200,-0.013,0.453,-0.062,4076,1222,-29,29,35,16.090,305,305
94532,-0.200,0.000,-0.000,0.000,0.328,0.625,-0.576,0.413,-0.200,-0.013,0.456,-0.064,4093,1186,-32,32,35,16.090,305,305
94632,-0.070,0.002,-0.000,-0.000,0.325,0.627,-0.576,0.412,-0.200,-0.014,0.461,-0.066,4065,991,-38,38,35,16.090,305,305
94732,-0.020,0.003,0.000,-0.002,0.319,0.633,-0.575,0.409,-0.200,-0.014,0.476,-0.066,3999,871,-50,51,35,16.090,305,305
94832,0.010,0.010,0.000,-0.004,0.310,0.646,-0.563,0.412,-0.200,-0.014,0.483,-0.062,3843,373,-52,53,35,16.110,305,305
94932,0.040,0.012,0.003,-0.003,0.295,0.659,-0.545,0.426,-0.200,-0.016,0.476,-0.074,3823,0,-44,45,35,16.110,305,305
95032,-0.260,0.011,0.006,-0.003,0.285,0.666,-0.526,0.446,-0.200,-0.017,0.452,-0.088,3844,0,-32,33,35,16.110,305,305
95132,-0.430,0.010,0.004,-0.002,0.277,0.670,-0.505,0.467,-0.200,-0.018,0.420,-0.100,3983,0,-29,30,35,16.110,305,305
95232,-0.320,0.006,0.004,-0.004,0.272,0.674,-0.487,0.484,-0.200,-0.017,0.393,-0.104,4045,0,-31,31,35,16.110,305,305
95332,-0.230,0.002,0.002,-0.001,0.272,0.678,-0.476,0.491,-0.200,-0.016,0.379,-0.098,4042,0,-42,42,35,16.100,305,305
95432,-0.190,0.002,-0.001,-0.001,0.272,0.678,-0.474,0.492,-0.200,-0.015,0.377,-0.097,4068,0,-52,52,35,16.100,305,305
95532,-0.110,0.004,-0.002,0.000,0.264,0.683,-0.471,0.492,-0.200,-0.016,0.383,-0.101,4079,0,-62,62,35,16.100,305,305
95632,-0.150,0.003,-0.003,0.000,0.253,0.688,-0.469,0.492,-0.200,-0.019,0.396,-0.112,4121,0,-73,73,35,16.100,305,305
95732,-0.110,0.000,-0.005,-0.000,0.245,0.694,-0.470,0.487,-0.200,-0.020,0.417,-0.117,4083,0,-85,85,35,16.100,305,305
95832,-0.120,0.000,-0.003,0.001,0.240,0.698,-0.474,0.481,-0.200,-0.022,0.434,-0.119,4009,0,-91,92,35,16.100,305,305
95932,-0.150,-0.001,-0.003,-0.000,0.237,0.701,-0.477,0.474,-0.200,-0.023,0.451,-0.118,3921,0,-96,96,35,16.110,305,305
96032,-0.170,-0.001,-0.001,-0.001,0.237,0.703,-0.479,0.469,-0.200,-0.023,0.461,-0.113,3849,0,-97,97,35,16.110,305,305
96132,-0.200,-0.000,-0.000,0.000,0.239,0.703,-0.480,0.467,-0.200,-0.022,0.463,-0.111,3820,0,-96,97,35,16.110,305,305
96232,-0.120,0.000,0.000,0.000,0.239,0.703,-0.481,0.466,-0.200,-0.022,0.467,-0.110,3791,0,-100,101,35,16.110,305,305
96332,-0.070,-0.001,0.001,0.000,0.240,0.701,-0.483,0.466,-0.200,-0.022,0.465,-0.111,3726,0,-101,102,35,16.110,305,305
96432,-0.120,-0.001,0.001,0.001,0.243,0.699,-0.485,0.466,-0.200,-0.022,0.461,-0.110,3652,0,-104,104,35,16.110,305,305
96532,-0.170,0.001,-0.003,0.001,0.240,0.699,-0.487,0.465,-0.200,-0.023,0.467,-0.114,3725,0,-116,116,35,16.110,305,305
96632,-0.170,-0.001,-0.005,0.001,0.233,0.703,-0.494,0.457,-0.200,-0.026,0.491,-0.122,3743,0,-135,136,35,16.080,305,305
96732,-0.110,-0.001,-0.008,0.001,0.224,0.708,-0.500,0.445,-0.200,-0.028,0.524,-0.124,3694,0,-153,154,35,16.080,305,305
96832,-0.130,-0.001,-0.004,-0.000,0.217,0.715,-0.506,0.431,-0.200,-0.030,0.559,-0.123,3626,0,-160,161,35,16.080,305,305
96932,-0.080,-0.000,-0.001,0.000,0.216,0.717,-0.509,0.424,-0.200,-0.031,0.574,-0.118,3488,0,-156,157,35,16.080,305,305
97032,-0.060,-0.001,-0.000,0.001,0.215,0.717,-0.511,0.422,-0.200,-0.031,0.578,-0.119,3423,0,-155,156,35,16.080,305,305
97132,0.000,-0.002,0.002,0.001,0.218,0.714,-0.515,0.422,-0.200,-0.030,0.575,-0.118,3311,0,-154,155,35,16.080,305,305
97232,-0.050,-0.006,0.013,-0.001,0.239,0.700,-0.514,0.434,-0.200,-0.026,0.529,-0.109,3105,0,-121,122,35,16.080,305,305
97332,-0.230,-0.007,0.017,-0.001,0.276,0.679,-0.509,0.452,-0.200,-0.017,0.452,-0.085,2769,0,-94,94,35,16.110,305,305
97432,-0.210,-0.004,0.016,0.000,0.307,0.655,-0.501,0.475,-0.200,-0.011,0.367,-0.072,2726,0,-80,80,35,16.110,305,305
97532,-0.210,-0.004,0.016,-0.001,0.335,0.632,-0.492,0.496,-0.200,-0.008,0.286,-0.065,2733,0,-72,73,35,16.100,305,305
97632,-0.220,-0.000,0.018,-0.000,0.360,0.607,-0.479,0.522,-0.200,-0.005,0.197,-0.061,2741,0,-54,55,35,16.100,305,305
97732,-0.210,0.003,0.016,-0.003,0.381,0.587,-0.456,0.549,-0.200,-0.002,0.107,-0.053,2648,0,-44,44,35,16.110,305,305
97832,-0.180,0.008,0.018,-0.003,0.396,0.572,-0.424,0.580,-0.200,0.000,0.014,-0.038,2536,0,-26,26,35,16.110,305,305
97932,0.000,0.003,0.004,-0.001,0.403,0.560,-0.398,0.605,-0.200,0.001,-0.056,-0.029,2353,0,-44,44,35,16.110,305,305
98032,-0.110,0.000,-0.003,-0.001,0.403,0.564,-0.394,0.604,-0.200,0.001,-0.054,-0.022,2319,0,-79,79,35,16.110,305,305
98132,-0.300,0.002,-0.008,-0.000,0.395,0.576,-0.401,0.593,-0.200,0.000,-0.015,-0.021,2507,0,-111,111,35,16.110,305,305
98232,-0.030,0.004,-0.002,-0.000,0.384,0.587,-0.401,0.590,-0.200,0.000,0.009,-0.022,2531,0,-107,107,35,16.110,305,305
98332,0.040,0.001,0.001,-0.000,0.379,0.590,-0.395,0.593,-0.200,0.000,0.009,-0.021,2402,0,-91,91,35,16.110,305,305
98432,-0.080,0.000,0.002,-0.000,0.381,0.589,-0.392,0.595,-0.200,0.000,0.002,-0.018,2356,0,-85,85,35,16.110,305,305
98532,-0.280,0.003,-0.001,0.001,0.379,0.590,-0.391,0.597,-0.200,0.000,0.001,-0.019,2442,0,-90,90,35,16.110,305,305
98632,-0.050,0.001,0.011,-0.001,0.382,0.583,-0.381,0.608,-0.200,0.000,-0.031,-0.019,2463,0,-58,58,35,16.100,305,305
98732,0.030,0.000,-0.000,-0.000,0.388,0.576,-0.373,0.616,-0.200,0.000,-0.059,-0.013,2295,0,-65,66,35,16.100,305,305
98832,-0.170,0.000,-0.001,0.001,0.385,0.578,-0.373,0.616,-0.200,0.000,-0.054,-0.015,2372,0,-82,82,35,16.100,305,305
98932,-0.080,0.000,-0.000,0.000,0.383,0.579,-0.375,0.614,-0.200,0.000,-0.048,-0.017,2399,0,-85,85,35,16.100,305,305
99032,-0.050,0.000,-0.001,0.001,0.382,0.580,-0.375,0.614,-0.200,0.001,-0.046,-0.018,2415,0,-83,83,35,16.100,305,305
99132,-0.110,-0.000,-0.000,-0.000,0.381,0.580,-0.377,0.613,-0.200,0.001,-0.043,-0.020,2429,0,-82,83,35,16.080,305,305
99232,-0.010,0.000,0.000,0.000,0.380,0.582,-0.376,0.613,-0.200,0.000,-0.040,-0.019,2399,0,-82,82,35,16.080,305,305
99332,-0.150,-0.000,0.005,-0.001,0.382,0.579,-0.374,0.615,-0.200,0.001,-0.050,-0.017,2356,0,-70,70,35,16.080,305,305
99432,-0.200,0.001,0.005,-0.000,0.388,0.572,-0.366,0.623,-0.200,0.001,-0.078,-0.013,2313,0,-56,56,35,16.080,305,305
99532,-0.060,-0.000,0.004,0.001,0.392,0.564,-0.361,0.631,-0.200,0.001,-0.103,-0.014,2358,0,-53,53,35,16.090,305,305
99632,0.050,-0.001,0.004,-0.000,0.397,0.555,-0.357,0.638,-0.200,0.001,-0.129,-0.014,2355,0,-47,47,35,16.090,305,305
99732,0.000,0.001,0.004,-0.001,0.401,0.551,-0.353,0.641,-0.200,0.001,-0.145,-0.011,2290,0,-48,48,35,16.080,305,305
99832,-0.120,0.001,0.008,-0.001,0.406,0.544,-0.346,0.648,-0.200,0.001,-0.170,-0.007,2245,0,-35,35,35,16.080,305,305
99932,-0.190,0.001,0.010,-0.001,0.414,0.531,-0.334,0.659,-0.200,0.000,-0.213,-0.000,2160,0,-17,17,35,16.080,305,305
100032,-0.190,0.002,0.009,0.000,0.422,0.514,-0.315,0.677,-0.200,-0.001,-0.276,0.007,2067,0,4,-4,35,16.090,305,305
100132,-0.210,0.000,-0.014,0.001,0.417,0.519,-0.318,0.675,-0.200,-0.000,-0.262,0.002,2224,0,-53,53,35,16.090,305,305
100232,-0.520,0.001,-0.025,0.001,0.398,0.552,-0.338,0.650,-0.200,0.000,-0.162,-0.000,2449,0,-120,120,35,16.080,305,305
100332,-0.870,-0.001,-0.028,0.001,0.369,0.598,-0.369,0.608,-0.200,0.000,-0.012,-0.008,3081,0,-172,172,35,16.080,305,305
100432,-0.600,-0.000,-0.024,0.002,0.339,0.639,-0.397,0.565,-0.200,-0.001,0.132,-0.016,3500,0,-191,191,35,16.090,305,305
100532,-0.340,0.003,-0.023,0.004,0.307,0.674,-0.426,0.522,-0.200,-0.004,0.274,-0.035,3882,228,-200,200,35,16.090,305,305
100632,0.040,0.000,-0.010,0.003,0.279,0.693,-0.443,0.496,-0.200,-0.009,0.358,-0.051,3939,0,-194,194,35,16.090,305,305
100732,0.190,0.001,0.000,0.001,0.266,0.700,-0.452,0.485,-0.200,-0.012,0.397,-0.065,3809,0,-166,166,35,16.090,305,305
100832,0.060,0.001,0.005,-0.000,0.267,0.698,-0.449,0.489,-0.200,-0.012,0.387,-0.066,3478,0,-138,138,35,16.090,305,305
100932,-0.020,0.001,0.013,-0.002,0.281,0.685,-0.439,0.509,-0.200,-0.009,0.321,-0.061,3165,0,-95,96,35,16.080,305,305
101032,0.030,-0.000,0.002,-0.001,0.292,0.675,-0.431,0.522,-0.200,-0.007,0.287,-0.055,2912,0,-109,109,35,16.080,305,305
101132,-0.190,-0.001,-0.001,0.000,0.293,0.675,-0.434,0.520,-0.200,-0.007,0.292,-0.055,2868,0,-136,136,35,16.080,305,305
101232,0.050,0.000,-0.002,0.000,0.292,0.675,-0.437,0.517,-0.200,-0.008,0.297,-0.057,2752,0,-144,144,35,16.080,305,305
101332,0.080,0.001,-0.005,0.001,0.289,0.678,-0.439,0.514,-0.200,-0.008,0.308,-0.059,2737,0,-153,154,35,16.080,305,305
101432,-0.040,0.000,-0.010,0.001,0.276,0.688,-0.446,0.501,-0.200,-0.010,0.350,-0.065,2819,0,-182,182,35,16.080,305,305
101532,-0.130,-0.000,-0.002,0.000,0.267,0.698,-0.454,0.486,-0.200,-0.012,0.393,-0.068,2818,0,-183,183,35,16.090,305,305
101632,0.050,0.001,0.001,-0.001,0.269,0.697,-0.452,0.488,-0.200,-0.012,0.387,-0.066,2763,0,-157,158,35,16.090,305,305
101732,-0.030,0.001,0.001,0.000,0.269,0.695,-0.450,0.492,-0.200,-0.011,0.379,-0.067,2774,0,-152,153,35,16.090,305,305
101832,0.020,-0.000,-0.000,0.000,0.269,0.695,-0.450,0.492,-0.200,-0.012,0.378,-0.068,2788,0,-156,157,35,16.090,305,305
101932,0.000,-0.000,0.000,-0.000,0.269,0.695,-0.451,0.491,-0.200,-0.012,0.380,-0.068,2789,0,-157,158,35,16.090,305,305
102032,0.030,0.001,-0.000,-0.000,0.270,0.694,-0.451,0.492,-0.200,-0.012,0.377,-0.068,2778,0,-155,156,35,16.090,305,305
102132,-0.060,0.000,-0.001,0.000,0.269,0.695,-0.451,0.492,-0.200,-0.012,0.379,-0.069,2794,0,-158,158,35,16.090,305,305
102232,-0.080,0.001,-0.000,0.001,0.267,0.695,-0.452,0.491,-0.200,-0.012,0.382,-0.072,2841,0,-158,159,35,16.090,305,305
102332,0.000,0.000,-0.002,0.001,0.264,0.696,-0.454,0.490,-0.200,-0.013,0.389,-0.076,2876,0,-164,164,35,16.090,305,305
102432,0.010,-0.001,-0.007,0.001,0.257,0.701,-0.462,0.478,-0.200,-0.015,0.421,-0.080,2903,0,-184,184,35,16.090,305,305
102532,-0.070,-0.000,-0.003,0.001,0.252,0.707,-0.471,0.464,-0.200,-0.016,0.455,-0.079,2876,0,-188,189,35,16.090,305,305
102632,0.060,0.000,0.002,-0.000,0.253,0.706,-0.469,0.467,-0.200,-0.016,0.447,-0.080,2865,0,-163,164,35,16.100,305,305
102732,0.010,0.001,0.002,0.000,0.254,0.704,-0.467,0.472,-0.200,-0.016,0.437,-0.082,2894,0,-159,160,35,16.100,305,305
102832,-0.010,0.001,0.001,-0.000,0.253,0.704,-0.464,0.475,-0.200,-0.016,0.432,-0.084,2912,0,-160,161,35,16.100,305,305
102932,-0.050,0.002,0.003,-0.003,0.254,0.704,-0.458,0.480,-0.200,-0.015,0.422,-0.081,2845,0,-155,156,35,16.100,305,305
103032,0.060,0.001,-0.001,-0.005,0.257,0.709,-0.447,0.480,-0.200,-0.012,0.415,-0.064,2581,0,-160,160,35,16.100,305,305
103132,0.010,-0.003,-0.004,-0.005,0.263,0.717,-0.440,0.473,-0.200,-0.008,0.425,-0.038,2236,0,-171,171,35,16.100,305,305
103232,-0.060,-0.005,-0.007,-0.001,0.267,0.726,-0.444,0.453,-0.200,-0.003,0.459,-0.014,2013,0,-191,191,35,16.100,305,305
103332,-0.090,-0.005,-0.006,0.002,0.269,0.730,-0.456,0.432,-0.200,-0.001,0.497,-0.002,2024,0,-199,199,35,16.100,305,305
103432,0.080,-0.002,-0.000,0.000,0.268,0.731,-0.464,0.422,-0.200,0.000,0.516,0.000,2113,0,-190,190,35,16.110,305,305
103532,0.150,-0.001,0.001,0.001,0.271,0.729,-0.466,0.423,-0.200,0.000,0.512,0.001,2183,0,-176,176,35,16.110,305,305
103632,0.000,-0.003,0.001,0.001,0.276,0.725,-0.468,0.423,-0.200,0.001,0.507,0.003,2161,0,-172,172,35,16.110,305,305
103732,-0.190,-0.001,-0.001,0.001,0.281,0.721,-0.472,0.422,-0.200,0.002,0.503,0.006,2125,0,-174,174,35,16.110,305,305
103832,0.010,0.001,-0.001,0.001,0.279,0.722,-0.474,0.421,-0.200,0.001,0.507,0.003,2205,0,-178,178,35,16.100,305,305
103932,0.060,0.001,-0.001,0.001,0.275,0.723,-0.474,0.421,-0.200,-0.001,0.511,-0.003,2315,0,-179,179,35,16.100,305,305
104032,0.110,0.001,0.000,0.000,0.272,0.723,-0.475,0.422,-0.200,-0.002,0.513,-0.008,2364,0,-178,178,35,16.100,305,305
104132,0.000,0.001,0.000,-0.000,0.270,0.724,-0.473,0.423,-0.200,-0.002,0.514,-0.009,2345,0,-178,178,35,16.100,305,305
104232,-0.120,0.005,0.001,0.002,0.264,0.725,-0.471,0.427,-0.200,-0.005,0.512,-0.020,2535,0,-175,176,35,16.100,305,305
104332,-0.070,0.007,0.002,-0.001,0.254,0.727,-0.466,0.436,-0.200,-0.009,0.508,-0.036,2715,0,-173,173,35,16.090,305,305
104432,0.400,0.013,0.001,-0.005,0.238,0.736,-0.446,0.451,-0.200,-0.012,0.497,-0.051,2816,0,-167,168,35,16.090,305,305
104532,0.540,0.013,0.007,-0.005,0.221,0.743,-0.418,0.474,-0.200,-0.015,0.467,-0.066,2936,0,-148,149,35,16.080,305,305
104632,0.000,0.007,0.005,-0.006,0.213,0.746,-0.391,0.496,-0.200,-0.014,0.428,-0.069,2846,0,-139,140,35,16.080,305,305
104732,0.080,0.005,-0.006,-0.008,0.211,0.758,-0.367,0.496,-0.200,-0.009,0.429,-0.043,2383,0,-167,168,35,16.090,305,305
104832,-0.020,0.001,-0.009,-0.007,0.208,0.779,-0.348,0.478,-0.200,-0.002,0.470,-0.009,1879,0,-196,196,35,16.090,305,305
104932,-0.240,0.001,-0.009,-0.003,0.201,0.795,-0.344,0.457,-0.200,0.001,0.519,0.004,1984,0,-200,200,35,16.070,305,305
105032,-0.370,-0.002,-0.003,-0.001,0.201,0.802,-0.344,0.445,-0.200,0.004,0.544,0.015,1952,0,-199,199,35,16.070,305,305
105132,-0.070,-0.001,0.003,0.000,0.203,0.802,-0.345,0.444,-0.200,0.006,0.543,0.019,1984,0,-180,180,35,16.090,305,305
105232,-0.170,0.000,0.006,0.001,0.206,0.796,-0.344,0.453,-0.200,0.004,0.519,0.014,2097,0,-162,162,35,16.090,305,305
105332,-0.180,0.001,0.003,0.004,0.208,0.786,-0.349,0.467,-0.200,0.000,0.493,0.001,2341,0,-156,157,35,16.090,305,305
105432,-0.030,0.000,0.009,0.003,0.205,0.778,-0.352,0.479,-0.200,-0.004,0.471,-0.019,2565,0,-150,151,35,16.090,305,305
105532,0.080,0.001,0.016,0.003,0.210,0.760,-0.350,0.506,-0.200,-0.007,0.409,-0.034,2710,0,-118,119,35,16.090,305,305
105632,0.000,0.001,0.021,0.005,0.223,0.727,-0.347,0.549,-0.200,-0.008,0.301,-0.056,2956,0,-73,73,35,16.090,305,305
105732,0.100,0.002,0.013,0.001,0.230,0.699,-0.340,0.586,-0.200,-0.007,0.210,-0.077,3076,0,-71,71,35,16.100,305,305
105832,0.090,0.002,0.011,-0.001,0.234,0.685,-0.328,0.607,-0.200,-0.005,0.154,-0.078,2933,0,-80,80,35,16.100,305,305
105932,-0.160,0.005,0.005,0.000,0.234,0.676,-0.316,0.624,-0.200,-0.003,0.113,-0.079,2901,0,-89,90,35,16.100,305,305
106032,-0.400,0.005,0.005,-0.003,0.228,0.671,-0.300,0.638,-0.200,-0.002,0.080,-0.077,2880,0,-89,89,35,16.100,305,305
106132,-0.100,0.006,0.004,-0.004,0.230,0.670,-0.278,0.649,-0.200,-0.001,0.051,-0.053,2512,0,-88,89,35,16.100,305,305
106232,-0.250,0.007,0.007,-0.001,0.226,0.667,-0.257,0.662,-0.200,-0.000,0.022,-0.038,2538,0,-80,80,35,16.100,305,305
106332,-0.640,0.005,0.003,0.002,0.216,0.658,-0.243,0.679,-0.200,0.001,-0.016,-0.046,2938,0,-75,75,35,16.090,305,305
106432,-0.060,0.002,-0.002,0.000,0.207,0.658,-0.236,0.684,-0.200,0.001,-0.022,-0.051,3050,0,-92,92,35,16.090,305,305
106532,0.070,-0.000,-0.002,0.000,0.201,0.666,-0.237,0.678,-0.200,0.000,0.001,-0.054,2984,0,-110,110,35,16.090,305,305
106632,-0.080,0.000,-0.001,0.002,0.198,0.668,-0.240,0.676,-0.200,0.000,0.009,-0.060,2950,0,-107,108,35,16.090,305,305
106732,-0.080,0.000,0.000,0.001,0.194,0.667,-0.242,0.677,-0.200,0.001,0.007,-0.069,2901,0,-101,101,35,16.090,305,305
106832,-0.170,-0.001,-0.001,0.000,0.193,0.666,-0.244,0.678,-0.200,0.001,0.007,-0.073,2871,0,-101,102,35,16.100,305,305
106932,-0.120,-0.000,-0.001,-0.001,0.195,0.669,-0.245,0.674,-0.200,0.000,0.014,-0.070,2789,0,-106,106,35,16.100,305,305
107032,-0.060,0.002,0.001,-0.000,0.194,0.670,-0.240,0.675,-0.200,0.000,0.013,-0.065,2722,0,-101,101,35,16.110,305,305
107132,-0.070,0.001,0.001,0.000,0.192,0.669,-0.236,0.678,-0.200,0.000,0.006,-0.064,2725,0,-96,97,35,16.110,305,305
107232,-0.080,0.001,-0.001,-0.000,0.190,0.669,-0.236,0.679,-0.200,0.000,0.006,-0.066,2772,0,-102,102,35,16.100,305,305
107332,-0.100,0.000,0.000,0.001,0.189,0.667,-0.235,0.681,-0.200,0.001,0.001,-0.068,2795,0,-98,98,35,16.100,305,305
107432,-0.100,0.001,0.001,0.000,0.187,0.667,-0.235,0.681,-0.200,0.001,0.002,-0.071,2824,0,-99,99,35,16.100,305,305
107532,-0.070,0.000,0.001,0.000,0.187,0.667,-0.235,0.682,-0.200,0.001,-0.000,-0.071,2812,0,-98,98,35,16.100,305,305
107632,-0.040,-0.000,-0.000,0.000,0.186,0.666,-0.235,0.683,-0.200,0.001,-0.001,-0.073,2827,0,-99,99,35,16.090,305,305
107732,-0.040,0.000,0.000,0.000,0.187,0.665,-0.235,0.683,-0.200,0.001,-0.004,-0.073,2821,0,-98,98,35,16.090,305,305
107832,-0.020,0.000,0.001,-0.000,0.187,0.665,-0.235,0.684,-0.200,0.001,-0.006,-0.073,2818,0,-96,97,35,16.080,305,305
107932,-0.100,0.000,0.000,-0.000,0.187,0.663,-0.234,0.686,-0.200,0.001,-0.010,-0.072,2798,0,-96,96,35,16.080,305,305
108032,-0.170,0.000,0.003,-0.001,0.189,0.661,-0.231,0.688,-0.200,0.001,-0.019,-0.069,2755,0,-90,91,35,16.080,305,305
108132,-0.050,0.000,0.005,-0.000,0.191,0.655,-0.229,0.695,-0.200,0.002,-0.038,-0.067,2755,0,-81,81,35,16.080,305,305
108232,-0.390,0.002,0.009,0.001,0.193,0.642,-0.225,0.707,-0.200,0.003,-0.074,-0.070,2869,0,-61,61,35,16.080,305,305
108332,-0.120,0.002,0.007,0.001,0.191,0.626,-0.218,0.724,-0.200,0.005,-0.121,-0.075,2999,0,-50,50,35,16.080,305,305
108432,0.060,0.000,-0.001,0.000,0.190,0.621,-0.215,0.729,-0.200,0.006,-0.136,-0.078,2885,0,-68,68,35,16.100,305,305
108532,0.070,-0.000,-0.002,-0.000,0.190,0.623,-0.216,0.727,-0.200,0.006,-0.130,-0.078,2861,0,-79,79,35,16.100,305,305
108632,-0.080,-0.000,-0.001,-0.000,0.189,0.627,-0.217,0.724,-0.200,0.006,-0.120,-0.077,2843,0,-82,82,35,16.100,305,305
108732,-0.100,-0.000,-0.002,-0.001,0.191,0.632,-0.217,0.719,-0.200,0.005,-0.109,-0.071,2743,0,-84,84,35,16.100,305,305
108832,-0.080,-0.000,0.005,-0.001,0.194,0.630,-0.215,0.721,-0.200,0.004,-0.114,-0.065,2691,0,-69,69,35,16.090,305,305
108932,-0.210,0.000,0.010,-0.001,0.201,0.614,-0.208,0.734,-0.200,0.005,-0.159,-0.059,2673,0,-37,37,35,16.090,305,305
109032,-0.340,-0.000,0.012,-0.003,0.210,0.593,-0.198,0.751,-0.200,0.006,-0.219,-0.047,2629,0,-15,15,35,16.090,305,305
109132,-0.170,0.001,0.008,-0.002,0.219,0.573,-0.188,0.767,-0.200,0.005,-0.280,-0.035,2592,0,-10,10,35,16.090,305,305
109232,-0.040,0.001,-0.002,-0.000,0.219,0.567,-0.180,0.773,-0.200,0.004,-0.295,-0.028,2461,0,-29,29,36,16.080,305,305
109332,-0.190,-0.003,-0.016,0.002,0.213,0.588,-0.188,0.758,-0.200,0.004,-0.241,-0.034,2561,0,-84,84,36,16.080,305,305
109432,-0.250,-0.002,-0.015,0.002,0.202,0.619,-0.205,0.731,-0.200,0.004,-0.151,-0.050,2840,0,-116,116,35,16.100,305,305
109532,-0.250,-0.001,-0.005,0.002,0.194,0.635,-0.218,0.715,-0.200,0.004,-0.099,-0.065,2933,0,-101,100,35,16.100,305,305
109632,-0.170,-0.000,-0.003,0.003,0.187,0.640,-0.225,0.710,-0.200,0.004,-0.079,-0.080,3084,0,-82,82,35,16.100,305,305
109732,-0.120,0.000,-0.004,0.002,0.180,0.646,-0.230,0.705,-0.200,0.004,-0.059,-0.092,3154,0,-83,83,36,16.080,305,305
109832,-0.060,-0.000,-0.004,0.001,0.175,0.652,-0.234,0.700,-0.200,0.004,-0.040,-0.100,3129,0,-85,85,36,16.080,305,305
109932,-0.090,0.000,-0.002,0.001,0.170,0.656,-0.238,0.696,-0.200,0.003,-0.027,-0.108,3155,0,-83,83,35,16.080,305,305
110032,0.020,0.001,0.000,0.000,0.168,0.657,-0.238,0.696,-0.200,0.003,-0.024,-0.111,3117,0,-75,75,35,16.080,305,305
110132,-0.030,0.000,-0.000,0.000,0.168,0.657,-0.239,0.695,-0.200,0.003,-0.024,-0.112,3104,0,-74,74,35,16.090,305,305
110232,-0.090,0.000,0.001,-0.001,0.168,0.657,-0.239,0.695,-0.200,0.003,-0.024,-0.111,3065,0,-72,72,35,16.090,305,305
110332,-0.130,0.001,0.000,-0.000,0.169,0.657,-0.237,0.696,-0.200,0.003,-0.026,-0.107,3023,0,-72,72,35,16.090,305,305
110432,-0.130,-0.000,-0.001,0.000,0.170,0.656,-0.236,0.696,-0.200,0.003,-0.027,-0.106,3022,0,-73,74,35,16.090,305,305
110532,-0.020,-0.001,-0.000,-0.000,0.170,0.657,-0.237,0.695,-0.200,0.003,-0.025,-0.106,3032,0,-73,73,35,16.070,305,305
110632,-0.010,0.000,-0.000,-0.000,0.171,0.658,-0.237,0.694,-0.200,0.003,-0.023,-0.105,3021,0,-74,74,35,16.070,305,305
110732,-0.140,0.000,-0.000,0.000,0.171,0.658,-0.236,0.695,-0.200,0.003,-0.023,-0.104,3017,0,-72,72,35,16.090,305,305
110832,-0.100,-0.000,-0.001,0.000,0.171,0.657,-0.237,0.695,-0.200,0.003,-0.024,-0.104,3019,0,-72,72,35,16.090,305,305
110932,-0.040,-0.000,-0.000,-0.000,0.171,0.659,-0.237,0.693,-0.200,0.003,-0.020,-0.103,3009,0,-74,74,35,16.100,305,305
111032,-0.110,0.000,0.000,-0.000,0.171,0.658,-0.236,0.694,-0.200,0.003,-0.022,-0.103,3012,0,-71,71,35,16.100,305,305
111132,-0.160,-0.000,0.000,-0.001,0.172,0.657,-0.235,0.695,-0.200,0.003,-0.025,-0.101,2989,0,-69,69,35,16.090,305,305
111232,-0.060,-0.000,-0.001,-0.000,0.174,0.657,-0.235,0.694,-0.200,0.003,-0.026,-0.097,2941,0,-71,71,35,16.090,305,305
111332,-0.030,-0.001,0.001,-0.000,0.175,0.657,-0.236,0.694,-0.200,0.003,-0.025,-0.097,2966,0,-69,70,35,16.100,305,305
111432,-0.050,0.001,0.005,-0.001,0.179,0.651,-0.233,0.700,-0.200,0.003,-0.043,-0.094,2922,0,-54,54,35,16.100,305,305
111532,-0.290,0.001,0.008,-0.001,0.186,0.636,-0.226,0.714,-0.200,0.005,-0.089,-0.086,2838,0,-30,30,35,16.110,305,305
111632,-0.120,-0.000,0.011,-0.001,0.194,0.618,-0.217,0.730,-0.200,0.006,-0.142,-0.076,2734,0,-12,12,35,16.110,305,305
111732,-0.150,-0.001,0.004,-0.002,0.203,0.604,-0.209,0.742,-0.200,0.007,-0.185,-0.064,2622,0,-19,19,35,16.110,305,305
111832,-0.010,-0.001,0.004,-0.002,0.209,0.600,-0.206,0.745,-0.200,0.006,-0.197,-0.056,2559,0,-26,26,35,16.110,305,305
111932,-0.170,-0.000,0.007,-0.001,0.216,0.589,-0.203,0.752,-0.200,0.006,-0.226,-0.051,2566,0,-12,12,35,16.100,305,305
112032,-0.300,-0.000,0.009,-0.001,0.222,0.570,-0.198,0.766,-0.200,0.007,-0.273,-0.050,2686,0,9,-9,35,16.100,305,305
112132,-0.240,0.000,0.005,-0.003,0.231,0.554,-0.191,0.776,-0.200,0.007,-0.317,-0.039,2556,0,11,-11,35,16.100,305,305
112232,-0.020,0.000,-0.002,-0.001,0.233,0.556,-0.187,0.776,-0.200,0.005,-0.317,-0.030,2380,0,-11,11,35,16.100,305,305
112332,-0.150,0.000,-0.002,-0.000,0.233,0.560,-0.188,0.772,-0.200,0.005,-0.305,-0.029,2438,0,-18,18,35,16.100,305,305
112432,-0.180,0.000,-0.005,0.001,0.230,0.566,-0.189,0.769,-0.200,0.004,-0.291,-0.029,2473,0,-22,22,35,16.100,305,305
112532,-0.660,-0.001,-0.022,0.004,0.219,0.592,-0.200,0.750,-0.200,0.005,-0.221,-0.041,2842,0,-72,72,35,16.080,305,305
112632,-0.920,-0.003,-0.033,0.006,0.192,0.649,-0.227,0.701,-0.200,0.003,-0.056,-0.069,3616,0,-148,148,35,16.080,305,305
112732,-0.860,-0.009,-0.037,0.007,0.169,0.699,-0.263,0.643,-0.200,-0.004,0.116,-0.102,4288,0,-199,199,35,16.080,305,305
112832,-0.480,-0.006,-0.026,0.005,0.149,0.745,-0.302,0.576,-0.200,-0.016,0.296,-0.124,4682,0,-200,200,35,16.080,305,305
112932,-0.010,-0.002,-0.011,0.003,0.138,0.767,-0.324,0.537,-0.200,-0.024,0.395,-0.133,4677,0,-184,185,35,16.080,305,305
113032,0.220,0.001,0.003,0.001,0.131,0.772,-0.332,0.526,-0.200,-0.027,0.423,-0.144,4491,0,-136,138,35,16.080,305,305
113132,0.140,0.002,0.004,-0.001,0.132,0.767,-0.329,0.535,-0.200,-0.026,0.404,-0.148,4279,0,-113,114,35,16.070,305,305
113232,0.000,-0.000,0.001,-0.001,0.134,0.763,-0.327,0.540,-0.200,-0.025,0.389,-0.146,4049,0,-116,117,35,16.070,305,305
113332,-0.100,0.000,0.001,-0.001,0.138,0.762,-0.325,0.542,-0.200,-0.024,0.382,-0.141,3867,0,-122,123,35,16.080,305,305
113432,-0.090,0.001,0.001,-0.000,0.139,0.761,-0.324,0.545,-0.200,-0.023,0.376,-0.141,3773,0,-126,127,35,16.080,305,305
113532,0.090,0.002,0.001,0.000,0.137,0.759,-0.322,0.548,-0.200,-0.023,0.369,-0.143,3688,0,-127,128,35,16.080,305,305
113632,0.040,0.000,0.002,0.000,0.136,0.758,-0.322,0.551,-0.200,-0.023,0.364,-0.147,3539,0,-130,131,35,16.070,305,305
113732,-0.050,0.002,0.004,-0.001,0.135,0.754,-0.320,0.557,-0.200,-0.023,0.349,-0.151,3395,0,-124,125,35,16.070,305,305
113832,-0.160,0.000,0.016,-0.003,0.144,0.742,-0.312,0.575,-0.200,-0.018,0.301,-0.144,3237,0,-95,96,35,16.070,305,305
113932,-0.540,0.002,0.024,-0.003,0.164,0.714,-0.296,0.613,-0.200,-0.010,0.197,-0.128,3150,0,-45,46,35,16.070,305,305
114032,-0.460,0.001,0.026,-0.004,0.186,0.673,-0.273,0.662,-0.200,-0.001,0.054,-0.111,3172,0,-1,1,35,16.080,305,305
114132,-0.320,-0.005,0.025,-0.003,0.220,0.622,-0.257,0.707,-0.200,0.006,-0.096,-0.088,3060,0,28,-28,35,16.080,305,305
114232,-0.270,-0.001,0.005,0.003,0.234,0.595,-0.256,0.725,-0.200,0.009,-0.161,-0.092,3309,0,-21,20,35,16.090,305,305
114332,-0.440,-0.003,-0.000,-0.000,0.235,0.586,-0.264,0.729,-0.200,0.012,-0.175,-0.109,3593,0,-51,51,35,16.090,305,305
114432,-0.080,-0.002,0.005,-0.004,0.243,0.584,-0.262,0.729,-0.200,0.011,-0.183,-0.098,3360,0,-48,47,35,16.090,305,305
114532,-0.060,0.000,0.010,-0.003,0.258,0.570,-0.252,0.738,-0.200,0.010,-0.225,-0.077,2997,0,-19,19,35,16.090,305,305
114632,-0.290,-0.002,0.012,-0.002,0.272,0.548,-0.239,0.754,-0.200,0.010,-0.289,-0.061,2886,0,8,-8,35,16.090,305,305
114732,-0.190,-0.000,0.009,-0.004,0.287,0.526,-0.229,0.767,-0.200,0.009,-0.351,-0.047,2906,0,14,-14,35,16.090,305,305
114832,-0.350,-0.000,-0.012,-0.003,0.292,0.535,-0.227,0.760,-0.200,0.005,-0.329,-0.031,2889,0,-41,41,35,16.100,305,305
114932,-0.920,-0.004,-0.029,0.002,0.284,0.577,-0.245,0.725,-0.200,0.003,-0.215,-0.028,3276,0,-121,121,35,16.100,305,305
115032,-0.780,-0.002,-0.029,0.001,0.264,0.629,-0.273,0.678,-0.200,0.001,-0.060,-0.038,3902,1357,-167,168,35,16.100,305,305
115132,-0.890,-0.004,-0.032,0.004,0.241,0.678,-0.302,0.625,-0.200,-0.002,0.103,-0.050,4406,2056,-200,200,35,16.100,305,305
115232,-0.320,-0.006,-0.028,0.007,0.214,0.722,-0.341,0.563,-0.200,-0.009,0.279,-0.074,4748,1948,-200,200,35,16.090,305,305
115332,-0.580,-0.006,-0.008,0.006,0.200,0.737,-0.375,0.526,-0.200,-0.017,0.375,-0.099,5013,2020,-198,199,35,16.090,305,305
115432,0.580,0.003,0.004,-0.001,0.207,0.734,-0.381,0.522,-0.200,-0.016,0.376,-0.092,4866,2451,-140,141,35,16.100,305,305
115532,0.250,0.006,-0.003,0.001,0.196,0.735,-0.376,0.529,-0.200,-0.018,0.370,-0.109,4737,1444,-139,140,35,16.100,305,305
115632,0.370,0.005,-0.003,0.003,0.166,0.747,-0.371,0.526,-0.200,-0.024,0.401,-0.140,4593,0,-162,163,35,16.090,305,305
115732,-0.390,-0.001,-0.002,-0.001,0.167,0.746,-0.373,0.525,-0.200,-0.024,0.402,-0.141,4401,0,-155,155,35,16.090,305,305
115832,0.050,0.002,-0.006,-0.002,0.162,0.756,-0.371,0.514,-0.200,-0.026,0.432,-0.134,4261,0,-178,179,35,16.080,305,305
115932,0.100,-0.008,-0.005,0.001,0.166,0.762,-0.378,0.500,-0.200,-0.025,0.459,-0.122,3982,0,-187,187,35,16.080,305,305
116032,0.210,-0.005,-0.013,0.008,0.168,0.764,-0.403,0.475,-0.200,-0.028,0.511,-0.122,3785,0,-199,200,35,16.080,305,305
116132,0.050,0.001,-0.004,0.004,0.152,0.768,-0.421,0.457,-0.200,-0.037,0.561,-0.146,3882,0,-199,200,35,16.080,305,305
116232,0.300,0.005,0.006,-0.002,0.151,0.765,-0.418,0.466,-0.200,-0.038,0.544,-0.154,3678,0,-172,173,35,16.090,305,305
116332,-0.020,0.003,0.015,-0.002,0.157,0.755,-0.403,0.494,-0.200,-0.033,0.479,-0.157,3411,0,-123,124,35,16.090,305,305
116432,-0.390,0.005,0.020,-0.002,0.171,0.734,-0.384,0.538,-0.200,-0.024,0.369,-0.157,3474,0,-84,85,35,16.090,305,305
116532,-0.140,0.001,0.010,-0.001,0.183,0.713,-0.372,0.566,-0.200,-0.018,0.297,-0.158,3491,0,-91,92,35,16.090,305,305
116632,-0.120,0.000,0.008,-0.002,0.193,0.699,-0.362,0.585,-0.200,-0.014,0.244,-0.154,3343,0,-97,98,35,16.100,305,305
116732,-0.010,-0.000,0.007,-0.001,0.202,0.689,-0.355,0.599,-0.200,-0.010,0.203,-0.147,3237,0,-100,101,35,16.100,305,305
116832,0.000,-0.000,0.016,0.000,0.211,0.673,-0.346,0.618,-0.200,-0.006,0.147,-0.145,3255,0,-74,75,35,16.100,305,305
116932,-0.110,0.002,0.012,0.001,0.219,0.650,-0.338,0.644,-0.200,-0.001,0.075,-0.150,3347,0,-64,64,35,16.100,305,305
117032,-0.370,-0.000,0.011,0.000,0.227,0.629,-0.331,0.666,-0.200,0.005,0.010,-0.157,3433,0,-53,53,35,16.100,305,305
117132,-0.280,0.001,0.012,-0.002,0.236,0.611,-0.321,0.684,-0.200,0.008,-0.047,-0.150,3377,0,-48,48,35,16.090,305,305
117232,-0.260,-0.001,0.015,-0.001,0.250,0.589,-0.310,0.703,-0.200,0.012,-0.115,-0.140,3285,0,-31,31,35,16.090,305,305
117332,-0.290,-0.000,0.009,-0.000,0.261,0.565,-0.299,0.723,-0.200,0.017,-0.184,-0.137,3379,0,-27,27,35,16.100,305,305
117432,-0.190,-0.001,0.005,-0.000,0.267,0.551,-0.295,0.734,-0.200,0.020,-0.223,-0.138,3415,0,-30,30,35,16.100,305,305
117532,-0.080,-0.001,0.004,-0.001,0.272,0.541,-0.291,0.741,-0.200,0.021,-0.248,-0.135,3326,0,-37,36,35,16.110,305,305
117632,-0.120,-0.000,0.003,-0.001,0.275,0.534,-0.286,0.747,-0.200,0.022,-0.270,-0.132,3201,0,-34,34,35,16.110,305,305
117732,-0.160,0.001,0.003,-0.001,0.279,0.529,-0.281,0.751,-0.200,0.022,-0.289,-0.124,3088,0,-33,33,35,16.110,305,305
117832,-0.120,-0.000,0.002,-0.002,0.280,0.528,-0.276,0.753,-0.200,0.021,-0.295,-0.118,3036,0,-36,35,35,16.110,305,305
117932,0.010,-0.000,0.001,-0.000,0.281,0.527,-0.273,0.754,-0.200,0.020,-0.300,-0.114,3043,0,-35,35,35,16.090,305,305
118032,-0.140,-0.000,0.002,-0.000,0.284,0.523,-0.273,0.756,-0.200,0.021,-0.308,-0.114,3066,0,-29,29,35,16.090,305,305
118132,-0.220,0.000,0.001,-0.000,0.285,0.521,-0.271,0.758,-0.200,0.021,-0.316,-0.113,3075,0,-26,25,35,16.100,305,305
118232,-0.160,0.000,0.001,0.001,0.285,0.518,-0.270,0.760,-0.200,0.021,-0.322,-0.113,3097,0,-23,23,35,16.100,305,305
118332,-0.120,0.000,-0.000,0.002,0.280,0.517,-0.270,0.762,-0.200,0.023,-0.325,-0.120,3184,0,-22,22,35,16.100,305,305
118432,-0.180,-0.001,0.003,0.002,0.279,0.513,-0.272,0.765,-0.200,0.025,-0.332,-0.127,3244,0,-14,13,35,16.100,305,305
118532,-0.310,0.003,0.005,0.003,0.274,0.505,-0.271,0.773,-0.200,0.029,-0.352,-0.139,3435,0,1,-1,35,16.090,305,305
118632,-0.170,0.002,0.011,0.000,0.275,0.482,-0.256,0.792,-0.200,0.033,-0.416,-0.136,3336,0,42,-43,35,16.090,305,305
118732,-0.100,0.001,0.002,-0.001,0.277,0.474,-0.252,0.797,-0.200,0.034,-0.436,-0.135,3216,0,22,-23,35,16.080,305,305
118832,-0.030,-0.001,0.000,0.002,0.277,0.472,-0.251,0.798,-0.200,0.035,-0.441,-0.136,3244,0,15,-16,35,16.080,305,305
118932,0.050,-0.001,0.003,0.003,0.272,0.467,-0.257,0.801,-0.200,0.040,-0.447,-0.152,3445,0,21,-22,35,16.080,305,305
119085,0.010,-0.001,-0.001,0.004,0.265,0.453,-0.264,0.809,-0.200,0.061,-0.489,-0.204,3848,0,49,-51,36,16.090,305,305
119419,-0.450,0.001,0.004,0.000,0.266,0.409,-0.261,0.833,-0.200,0.070,-0.558,-0.206,3915,0,75,-77,35,16.070,305,305
119633,-0.030,-0.000,-0.001,0.001,0.265,0.396,-0.257,0.841,-0.200,0.075,-0.589,-0.208,4070,0,73,-75,35,16.080,305,305
119859,-0.210,0.003,-0.004,0.002,0.251,0.410,-0.262,0.837,-0.200,0.076,-0.558,-0.220,3932,0,64,-66,35,16.080,305,305
120081,-0.170,-0.000,-0.007,0.005,0.223,0.427,-0.274,0.832,-0.200,0.081,-0.513,-0.252,4111,0,61,-74,35,16.070,305,305
120211,0.170,0.003,0.003,0.005,0.203,0.434,-0.281,0.832,-0.200,0.087,-0.493,-0.277,4167,0,79,-82,35,16.070,305,305
120215,0.170,0.003,0.003,0.005,0.203,0.434,-0.281,0.832,-0.200,0.088,-0.495,-0.279,4170,0,84,-86,35,16.070,305,305
120221,0.210,0.003,0.005,0.005,0.202,0.433,-0.280,0.832,-0.200,0.088,-0.495,-0.279,4170,0,84,-86,35,16.070,305,305
120225,0.210,0.003,0.005,0.005,0.202,0.433,-0.280,0.833,-0.200,0.089,-0.498,-0.280,4174,0,88,-91,35,16.070,305,305
120232,0.200,0.003,0.006,0.005,0.201,0.432,-0.280,0.833,-0.200,0.089,-0.498,-0.280,4174,0,88,-91,35,16.070,305,305
120239,0.190,0.003,0.006,0.005,0.200,0.431,-0.280,0.835,-0.200,0.090,-0.502,-0.281,4177,0,93,-95,35,16.070,305,305
120242,0.190,0.003,0.006,0.005,0.200,0.431,-0.280,0.835,-0.200,0.090,-0.502,-0.281,4177,0,93,-95,35,16.070,305,305
120249,0.200,0.003,0.007,0.005,0.199,0.429,-0.279,0.836,-0.200,0.091,-0.506,-0.283,4181,0,97,-100,35,16.070,305,305
120332,-0.050,0.003,0.007,0.006,0.189,0.413,-0.276,0.847,-0.200,0.101,-0.544,-0.295,4231,0,126,-129,35,16.070,305,305
120432,-0.470,0.002,0.001,0.004,0.179,0.397,-0.273,0.858,-0.200,0.112,-0.580,-0.306,4360,0,128,-131,35,16.080,305,305
120532,-0.370,0.002,0.000,0.000,0.171,0.397,-0.272,0.860,-0.200,0.115,-0.581,-0.312,4493,0,115,-118,35,16.080,305,305
120632,-0.170,-0.000,-0.003,-0.001,0.172,0.399,-0.270,0.859,-0.200,0.113,-0.580,-0.308,4425,0,114,-117,35,16.080,305,305
120732,-0.230,0.002,-0.005,0.004,0.166,0.407,-0.273,0.856,-0.200,0.111,-0.561,-0.313,4456,0,107,-110,35,16.090,305,305
120832,-0.090,0.007,-0.003,0.003,0.150,0.417,-0.267,0.856,-0.200,0.108,-0.550,-0.314,4429,0,115,-118,35,16.090,305,305
120932,-0.200,0.008,-0.005,0.003,0.133,0.425,-0.254,0.859,-0.200,0.103,-0.548,-0.306,4303,0,123,-126,35,16.110,305,305
121032,-0.080,0.003,-0.009,0.005,0.111,0.442,-0.244,0.856,-0.200,0.097,-0.525,-0.304,4236,0,111,-114,35,16.110,305,305
121132,-0.290,0.001,-0.011,-0.000,0.095,0.465,-0.247,0.845,-0.200,0.092,-0.475,-0.316,4421,0,92,-95,35,16.100,305,305
121232,-0.170,0.002,-0.005,-0.004,0.092,0.486,-0.241,0.835,-0.200,0.080,-0.435,-0.303,4284,0,101,-103,35,16.100,305,305
121332,0.010,0.002,0.001,-0.004,0.097,0.495,-0.231,0.832,-0.200,0.071,-0.424,-0.279,3987,0,118,-120,35,16.100,305,305
121432,-0.460,0.000,0.003,-0.003,0.103,0.494,-0.223,0.834,-0.200,0.067,-0.433,-0.262,3926,0,136,-138,35,16.100,305,305
121532,-0.240,0.001,0.003,-0.006,0.114,0.488,-0.215,0.838,-0.200,0.063,-0.451,-0.240,3921,0,149,-151,35,16.090,305,305
121632,-0.080,-0.002,0.000,-0.005,0.129,0.487,-0.206,0.839,-0.200,0.056,-0.460,-0.212,3700,0,148,-150,35,16.090,305,305
121732,-0.120,-0.001,-0.007,-0.002,0.136,0.494,-0.206,0.834,-0.200,0.052,-0.444,-0.202,3621,0,132,-134,35,16.090,305,305
121832,-0.110,-0.001,-0.005,-0.003,0.139,0.508,-0.208,0.824,-0.200,0.046,-0.410,-0.195,3536,0,123,-125,35,16.090,305,305
121932,-0.210,-0.000,-0.008,-0.001,0.139,0.523,-0.208,0.815,-0.200,0.041,-0.378,-0.189,3475,0,118,-120,35,16.090,305,305
122032,-0.360,-0.002,-0.011,0.001,0.135,0.541,-0.213,0.803,-0.200,0.038,-0.333,-0.194,3644,0,104,-106,35,16.100,305,305
122132,-0.400,-0.001,-0.005,0.002,0.127,0.558,-0.223,0.789,-0.200,0.035,-0.285,-0.206,3881,0,105,-106,35,16.100,305,305
122232,-0.060,0.001,0.001,-0.002,0.124,0.566,-0.225,0.783,-0.200,0.034,-0.264,-0.209,3857,0,120,-121,35,16.100,305,305
122332,0.020,0.001,0.000,-0.000,0.126,0.563,-0.221,0.786,-0.200,0.034,-0.273,-0.203,3656,0,140,-141,35,16.100,305,305
122432,-0.120,-0.000,-0.000,0.000,0.125,0.563,-0.220,0.787,-0.200,0.034,-0.276,-0.203,3617,0,142,-143,35,16.100,305,305
122532,-0.070,0.000,0.000,-0.001,0.125,0.564,-0.219,0.786,-0.200,0.033,-0.273,-0.202,3602,0,139,-140,35,16.100,305,305
122632,-0.040,0.001,0.001,-0.001,0.127,0.564,-0.217,0.787,-0.200,0.032,-0.276,-0.196,3543,0,143,-144,35,16.090,305,305
122732,-0.140,0.000,0.001,-0.001,0.129,0.563,-0.214,0.788,-0.200,0.031,-0.280,-0.189,3483,0,144,-145,35,16.090,305,305
122832,-0.210,-0.000,-0.001,-0.000,0.130,0.563,-0.212,0.788,-0.200,0.031,-0.281,-0.184,3470,0,142,-143,35,16.080,305,305
122932,-0.160,-0.001,-0.001,-0.001,0.131,0.565,-0.212,0.787,-0.200,0.030,-0.278,-0.183,3506,0,139,-140,35,16.080,305,305
123032,-0.070,-0.000,-0.001,-0.000,0.133,0.565,-0.212,0.786,-0.200,0.030,-0.277,-0.181,3481,0,140,-141,35,16.080,305,305
123132,-0.090,0.000,0.000,0.001,0.132,0.566,-0.213,0.786,-0.200,0.030,-0.274,-0.183,3519,0,140,-141,35,16.080,305,305
123232,-0.140,0.000,0.000,-0.000,0.130,0.565,-0.214,0.786,-0.200,0.030,-0.276,-0.186,3541,0,141,-142,35,16.080,305,305
123332,-0.150,-0.000,-0.001,-0.000,0.131,0.565,-0.214,0.786,-0.200,0.030,-0.275,-0.185,3523,0,140,-141,36,16.080,305,305
123432,-0.070,0.000,-0.000,0.000,0.131,0.566,-0.214,0.785,-0.200,0.030,-0.273,-0.185,3523,0,139,-140,36,16.080,305,305
123532,-0.180,-0.000,-0.000,0.000,0.130,0.567,-0.215,0.785,-0.200,0.030,-0.270,-0.187,3541,0,138,-140,35,16.090,305,305
123632,-0.040,-0.000,-0.000,0.000,0.131,0.567,-0.215,0.784,-0.200,0.030,-0.270,-0.187,3535,0,140,-141,35,16.090,305,305
123732,-0.160,0.000,0.000,-0.000,0.131,0.567,-0.215,0.784,-0.200,0.030,-0.271,-0.187,3532,0,141,-142,36,16.080,305,305
123832,-0.160,-0.000,-0.000,-0.000,0.132,0.566,-0.215,0.785,-0.200,0.030,-0.272,-0.185,3514,0,141,-142,36,16.080,305,305
123932,-0.130,-0.000,0.000,0.000,0.132,0.566,-0.215,0.784,-0.200,0.030,-0.271,-0.185,3516,0,140,-141,36,16.080,305,305
124032,-0.100,0.000,0.002,-0.001,0.134,0.566,-0.214,0.785,-0.200,0.030,-0.274,-0.182,3479,0,143,-144,36,16.080,305,305
124132,-0.200,0.001,0.008,-0.001,0.137,0.560,-0.210,0.789,-0.200,0.030,-0.290,-0.175,3406,0,155,-156,35,16.070,305,305
124232,-0.040,0.002,0.007,-0.002,0.142,0.544,-0.202,0.802,-0.200,0.032,-0.335,-0.167,3335,0,179,-181,35,16.070,305,305
124332,-0.190,0.000,0.003,-0.001,0.146,0.533,-0.194,0.810,-0.200,0.032,-0.365,-0.155,3234,0,176,-177,35,16.070,305,305
124432,-0.130,0.000,0.001,-0.001,0.150,0.528,-0.191,0.814,-0.200,0.032,-0.378,-0.149,3231,0,165,-166,36,16.080,305,305
124532,-0.100,-0.000,0.002,-0.002,0.154,0.525,-0.188,0.816,-0.200,0.031,-0.388,-0.142,3184,0,165,-167,36,16.080,305,305
124632,-0.170,-0.001,0.003,-0.001,0.159,0.520,-0.185,0.819,-0.200,0.030,-0.402,-0.135,3152,0,168,-170,36,16.090,305,305
124732,-0.510,-0.000,0.005,-0.003,0.165,0.512,-0.183,0.823,-0.200,0.030,-0.419,-0.128,3259,0,176,-177,36,16.090,305,305
124832,-0.280,0.000,0.008,-0.006,0.178,0.501,-0.174,0.829,-0.200,0.026,-0.451,-0.107,3240,0,189,-190,36,16.100,305,305
124932,-0.350,-0.003,0.005,-0.002,0.193,0.484,-0.169,0.837,-0.200,0.025,-0.492,-0.092,3174,0,199,-200,36,16.100,305,305
125032,-0.180,-0.001,0.003,-0.002,0.201,0.478,-0.167,0.839,-0.200,0.023,-0.506,-0.084,3102,0,187,-188,35,16.100,305,305
125132,-0.220,-0.003,0.009,-0.007,0.217,0.463,-0.161,0.844,-0.200,0.020,-0.540,-0.068,3063,0,199,-200,35,16.100,305,305
125232,-0.260,-0.006,0.010,-0.004,0.239,0.440,-0.162,0.850,-0.200,0.020,-0.587,-0.062,3187,0,199,-200,35,16.090,305,305
125332,-0.170,-0.004,0.007,-0.005,0.258,0.421,-0.161,0.855,-0.200,0.019,-0.626,-0.055,3273,0,199,-200,35,16.090,305,305
125432,-0.140,-0.005,0.007,-0.002,0.275,0.402,-0.166,0.858,-0.200,0.022,-0.663,-0.060,3358,0,199,-200,35,16.090,305,305
125532,-0.230,-0.004,0.004,0.001,0.285,0.385,-0.169,0.862,-0.200,0.026,-0.691,-0.067,3358,0,199,-200,35,16.090,305,305
125632,-0.210,-0.001,0.001,-0.000,0.288,0.375,-0.171,0.865,-0.200,0.029,-0.707,-0.074,3346,0,199,-200,35,16.090,305,305
125732,-0.090,-0.000,0.002,0.002,0.289,0.365,-0.169,0.868,-0.200,0.031,-0.726,-0.077,3390,0,199,-200,36,16.090,305,305
125832,0.270,-0.001,-0.001,0.005,0.282,0.367,-0.174,0.869,-0.200,0.036,-0.720,-0.089,3349,0,199,-200,36,16.090,305,305
125932,-0.040,-0.001,0.001,0.006,0.268,0.366,-0.182,0.872,-0.200,0.046,-0.716,-0.113,3354,0,199,-200,35,16.090,305,305
126032,-0.240,-0.002,-0.000,0.004,0.260,0.359,-0.191,0.876,-0.200,0.057,-0.723,-0.136,3522,0,199,-200,35,16.090,305,305
126132,-0.030,0.001,-0.002,0.005,0.249,0.359,-0.197,0.878,-0.200,0.065,-0.718,-0.154,3539,0,199,-200,35,16.080,305,305
126232,-0.190,-0.001,-0.003,0.006,0.235,0.360,-0.203,0.880,-0.200,0.073,-0.713,-0.173,3656,0,199,-200,35,16.080,305,305
126332,-0.220,-0.001,-0.004,0.005,0.216,0.364,-0.213,0.881,-0.200,0.084,-0.698,-0.201,3841,0,193,-196,35,16.070,305,305
126432,-0.380,-0.002,-0.006,0.003,0.205,0.371,-0.222,0.878,-0.200,0.089,-0.678,-0.220,3991,0,184,-187,35,16.070,305,305
126532,-0.040,-0.003,-0.007,0.003,0.196,0.383,-0.234,0.872,-0.200,0.094,-0.645,-0.240,4050,0,172,-176,35,16.070,305,305
126632,-0.030,-0.001,-0.003,0.001,0.189,0.392,-0.244,0.867,-0.200,0.097,-0.618,-0.257,4060,0,173,-177,35,16.080,305,305
126732,-0.280,-0.001,-0.001,0.000,0.187,0.396,-0.247,0.864,-0.200,0.097,-0.607,-0.262,4016,0,182,-185,35,16.080,305,305
126832,-0.190,-0.002,-0.001,-0.002,0.191,0.397,-0.250,0.862,-0.200,0.097,-0.602,-0.263,3982,0,183,-187,36,16.080,305,305
126932,0.000,-0.004,0.001,-0.003,0.198,0.398,-0.253,0.859,-0.200,0.096,-0.596,-0.262,3936,0,184,-188,36,16.080,305,305
127032,0.400,-0.002,0.001,0.000,0.206,0.395,-0.260,0.857,-0.200,0.097,-0.593,-0.264,3968,0,186,-190,35,16.090,305,305
127132,0.010,-0.001,0.002,-0.000,0.202,0.388,-0.261,0.860,-0.200,0.104,-0.607,-0.274,4047,0,197,-200,35,16.090,305,305
127232,-0.170,-0.006,-0.004,-0.006,0.208,0.390,-0.265,0.857,-0.200,0.102,-0.598,-0.273,4083,0,181,-185,35,16.100,305,305
127332,0.270,-0.013,-0.015,-0.006,0.226,0.409,-0.283,0.838,-0.200,0.094,-0.539,-0.273,4029,0,136,-140,35,16.100,305,305
127432,0.000,-0.016,-0.013,-0.007,0.244,0.436,-0.319,0.806,-0.200,0.086,-0.440,-0.288,4141,0,101,-105,35,16.100,305,305
127532,0.120,-0.014,-0.004,-0.008,0.269,0.455,-0.349,0.774,-0.200,0.075,-0.359,-0.287,4060,0,101,-107,35,16.100,305,305
127632,-0.030,-0.009,-0.004,-0.003,0.294,0.458,-0.367,0.755,-0.200,0.068,-0.325,-0.277,3966,0,119,-122,35,16.100,305,305
127732,-0.270,-0.009,-0.003,-0.003,0.305,0.460,-0.384,0.740,-0.200,0.065,-0.293,-0.280,4060,0,121,-124,36,16.090,305,305
127832,-0.400,-0.008,-0.011,-0.006,0.318,0.471,-0.402,0.718,-0.200,0.057,-0.243,-0.273,4084,0,98,-101,36,16.090,305,305
127932,-0.840,-0.009,-0.025,-0.009,0.325,0.500,-0.420,0.684,-0.200,0.038,-0.152,-0.246,4025,0,54,-56,35,16.090,305,305
128032,-1.280,-0.013,-0.039,-0.007,0.320,0.562,-0.456,0.611,-0.200,0.008,0.047,-0.197,4276,0,-44,43,35,16.090,305,305
128132,-1.030,-0.011,-0.031,-0.002,0.302,0.614,-0.496,0.535,-0.200,-0.011,0.248,-0.160,4646,1993,-75,75,36,16.090,305,305
128232,-0.660,-0.009,-0.029,0.002,0.272,0.647,-0.531,0.474,-0.200,-0.023,0.412,-0.150,4978,2336,-84,84,36,16.090,305,305
128332,-0.290,-0.006,-0.026,0.001,0.240,0.674,-0.562,0.415,-0.200,-0.033,0.565,-0.139,5117,2652,-102,102,35,16.090,305,305
128432,-0.630,-0.008,-0.024,0.001,0.211,0.696,-0.590,0.352,-0.200,-0.038,0.712,-0.116,5184,3210,-116,116,35,16.090,305,305
128532,-0.220,-0.002,-0.016,-0.000,0.190,0.710,-0.604,0.308,-0.200,-0.037,0.809,-0.095,5180,3501,-118,118,36,16.090,305,305
128632,0.330,-0.003,-0.017,0.002,0.171,0.719,-0.614,0.277,-0.200,-0.038,0.879,-0.086,5053,3246,-117,117,36,16.090,305,305
128732,0.010,-0.001,-0.015,0.000,0.152,0.725,-0.627,0.240,-0.200,-0.036,0.957,-0.072,4871,3156,-134,134,36,16.090,305,305
128832,0.090,-0.001,-0.013,-0.002,0.126,0.733,-0.636,0.205,-0.200,-0.038,1.037,-0.068,4791,2941,-153,153,36,16.090,305,305
128932,-0.100,-0.003,-0.006,-0.002,0.115,0.739,-0.638,0.183,-0.200,-0.033,1.077,-0.055,4689,3048,-149,149,36,16.090,305,305
129032,0.140,0.002,-0.006,0.001,0.109,0.739,-0.642,0.173,-0.200,-0.032,1.097,-0.051,4548,2703,-147,147,36,16.090,305,305
129132,-0.150,-0.001,-0.009,0.002,0.094,0.739,-0.648,0.158,-0.200,-0.036,1.133,-0.055,4430,2280,-171,171,36,16.090,305,305
129232,-0.110,-0.002,-0.005,-0.000,0.083,0.737,-0.656,0.137,-0.200,-0.032,1.174,-0.046,4229,2234,-187,187,36,16.090,305,305
129332,-0.050,-0.001,0.002,-0.000,0.083,0.737,-0.658,0.131,-0.200,-0.028,1.180,-0.041,4092,2070,-179,179,36,16.090,305,305
129432,0.170,-0.000,0.001,0.000,0.088,0.736,-0.658,0.134,-0.200,-0.027,1.171,-0.039,3914,1638,-180,180,36,16.080,305,305
129532,0.070,-0.001,-0.000,-0.000,0.090,0.735,-0.659,0.134,-0.200,-0.026,1.169,-0.037,3763,1211,-192,192,36,16.080,305,305
129632,-0.040,-0.000,0.001,-0.001,0.091,0.733,-0.661,0.133,-0.200,-0.024,1.168,-0.035,3576,592,-200,200,36,16.080,305,305
129732,-0.150,0.000,0.003,-0.001,0.095,0.731,-0.661,0.137,-0.200,-0.024,1.161,-0.035,3456,0,-200,200,35,16.090,305,305
129832,-0.050,0.002,0.015,0.001,0.103,0.729,-0.661,0.148,-0.200,-0.025,1.137,-0.038,3310,0,-199,199,35,16.090,305,305
129932,-0.660,0.004,0.039,0.001,0.145,0.712,-0.654,0.209,-0.200,-0.032,1.010,-0.058,3774,0,-119,120,36,16.070,305,305
130032,-1.380,0.001,0.053,-0.004,0.219,0.685,-0.626,0.299,-0.200,-0.027,0.790,-0.069,4347,1404,-32,32,36,16.070,305,305
130132,-2.280,0.001,0.066,-0.004,0.315,0.639,-0.574,0.404,-0.200,-0.013,0.490,-0.060,5133,3449,63,-64,36,16.080,305,305
130232,-1.850,-0.002,0.061,-0.007,0.421,0.562,-0.500,0.507,-0.200,-0.002,0.131,-0.033,5908,5009,148,-149,36,16.080,305,305
130332,-0.820,0.001,0.041,0.000,0.495,0.486,-0.427,0.580,-0.200,0.001,-0.164,-0.013,6385,5659,151,-152,35,16.080,305,305
130432,-0.200,0.000,0.018,-0.000,0.525,0.441,-0.385,0.618,-0.200,0.002,-0.318,-0.013,6525,5699,85,-86,35,16.080,305,305
130532,-0.540,0.001,0.019,-0.003,0.545,0.412,-0.356,0.637,-0.200,0.001,-0.415,-0.004,6572,5841,62,-63,35,16.080,305,305
130632,-0.290,-0.000,0.018,-0.002,0.564,0.384,-0.327,0.654,-0.200,-0.001,-0.509,0.005,6601,5949,82,-83,36,16.080,305,305
130732,-0.210,0.000,0.011,-0.002,0.580,0.357,-0.300,0.668,-0.200,-0.004,-0.591,0.013,6599,5993,84,-85,36,16.080,305,305
130832,-0.470,0.001,0.001,-0.000,0.585,0.346,-0.289,0.674,-0.200,-0.005,-0.625,0.016,6616,5995,64,-64,36,16.080,305,305
130932,-0.620,-0.000,-0.022,0.000,0.575,0.371,-0.308,0.663,-0.200,-0.005,-0.557,0.016,6726,6102,-15,14,36,16.080,305,305
131032,-1.090,0.001,-0.042,-0.000,0.546,0.423,-0.350,0.633,-0.200,-0.004,-0.406,0.018,6951,6387,-99,99,36,16.080,305,305
131132,-0.840,0.002,-0.039,0.000,0.503,0.494,-0.407,0.581,-0.200,-0.002,-0.182,0.023,7233,6755,-165,164,36,16.080,305,305
131232,-1.040,0.001,-0.037,0.000,0.454,0.553,-0.454,0.530,-0.200,0.000,0.025,0.021,7474,6980,-191,190,36,16.090,305,305
131332,-1.890,0.005,-0.055,0.004,0.392,0.614,-0.501,0.468,-0.200,0.002,0.286,0.010,7927,7340,-200,200,36,16.090,305,305
131432,-1.090,0.002,-0.045,0.006,0.301,0.673,-0.557,0.381,-0.200,-0.005,0.549,-0.019,8457,7629,-200,200,36,16.090,305,305
131532,-0.470,-0.004,0.015,0.002,0.264,0.688,-0.582,0.344,-0.200,-0.012,0.661,-0.036,8570,7689,-200,200,35,16.090,305,305
131632,-0.950,-0.002,0.046,-0.003,0.325,0.650,-0.559,0.399,-0.200,-0.005,0.485,-0.022,8612,7976,-21,20,35,16.090,305,305
131732,-0.790,0.002,0.043,-0.002,0.396,0.598,-0.506,0.479,-0.200,-0.001,0.230,-0.011,8798,8255,73,-74,36,16.100,305,305
131832,-0.300,-0.000,0.026,-0.002,0.443,0.553,-0.463,0.533,-0.200,-0.000,0.039,-0.003,8836,8332,62,-63,36,16.100,305,305
131932,-0.480,0.000,0.017,-0.003,0.472,0.524,-0.435,0.560,-0.200,-0.000,-0.073,0.008,8839,8406,30,-31,35,16.100,305,305
132032,-0.810,0.001,0.027,-0.003,0.501,0.496,-0.401,0.585,-0.200,-0.002,-0.189,0.028,8856,8582,54,-55,35,16.100,305,305
132132,-0.270,-0.000,0.027,-0.002,0.534,0.452,-0.357,0.619,-0.200,-0.006,-0.342,0.040,8908,8691,97,-98,36,16.100,305,305
132232,0.030,0.001,0.003,-0.001,0.557,0.418,-0.324,0.641,-0.200,-0.010,-0.453,0.048,8894,8718,83,-83,36,16.100,305,305
132332,-1.070,0.001,-0.031,0.002,0.536,0.448,-0.351,0.624,-0.200,-0.007,-0.358,0.043,9040,8787,-61,60,36,16.100,305,305
132432,-1.160,0.001,-0.034,0.002,0.494,0.507,-0.399,0.583,-0.200,-0.003,-0.169,0.036,9294,9018,-147,146,36,16.100,305,305
132532,-0.670,0.002,-0.031,0.003,0.455,0.553,-0.438,0.544,-0.200,0.000,-0.005,0.026,9473,9143,-163,162,36,16.100,305,305
132632,-0.150,-0.002,-0.003,0.002,0.413,0.590,-0.476,0.505,-0.200,0.000,0.148,0.006,9585,9143,-155,155,36,16.080,305,305
132732,-0.700,-0.000,0.043,-0.002,0.441,0.560,-0.450,0.538,-0.200,0.000,0.033,0.011,9601,9281,26,-26,36,16.080,305,305
132832,-0.090,-0.001,0.024,-0.001,0.487,0.505,-0.402,0.588,-0.200,-0.001,-0.166,0.019,9573,9342,95,-95,35,16.110,305,305
132932,-0.020,-0.001,0.003,-0.000,0.509,0.476,-0.379,0.609,-0.200,-0.003,-0.262,0.022,9541,9326,58,-58,35,16.110,305,305
133032,-1.080,0.001,-0.031,0.004,0.484,0.502,-0.411,0.586,-0.200,-0.000,-0.149,0.005,9737,9364,-96,96,35,16.100,305,305
133132,-0.420,-0.000,-0.015,0.001,0.451,0.540,-0.441,0.557,-0.200,0.000,-0.027,-0.004,9863,9463,-123,123,35,16.100,305,305
133232,-0.250,0.001,-0.021,0.001,0.429,0.562,-0.461,0.535,-0.200,-0.000,0.058,-0.011,9871,9446,-120,119,35,16.100,305,305
133332,-0.850,-0.000,-0.041,0.003,0.384,0.606,-0.498,0.488,-0.200,-0.002,0.231,-0.020,10001,9525,-200,200,35,16.080,305,305
133432,-0.290,-0.000,-0.015,0.003,0.334,0.642,-0.536,0.434,-0.200,-0.007,0.416,-0.037,10163,9582,-200,200,35,16.080,305,305
133532,-0.340,-0.001,0.019,-0.002,0.330,0.643,-0.542,0.429,-0.200,-0.008,0.424,-0.039,10161,9606,-127,126,35,16.080,305,305
133632,-1.040,0.001,0.055,-0.004,0.384,0.602,-0.500,0.490,-0.200,-0.003,0.227,-0.028,10277,9834,48,-48,35,16.080,305,305
133732,-0.300,-0.002,0.038,-0.005,0.458,0.533,-0.440,0.560,-0.200,0.000,-0.045,-0.005,10336,10057,123,-124,35,16.080,305,305
133832,-0.080,-0.001,0.000,-0.001,0.490,0.500,-0.409,0.585,-0.200,-0.001,-0.166,0.013,10244,10019,35,-35,35,16.080,305,305
133932,-1.100,0.001,-0.034,0.001,0.467,0.531,-0.433,0.559,-0.200,-0.000,-0.061,0.012,10383,10096,-115,114,35,16.080,305,305
134032,-0.410,-0.000,-0.002,0.000,0.438,0.565,-0.462,0.525,-0.200,0.000,0.065,0.009,10516,10195,-130,130,35,16.100,305,305
134132,-0.190,-0.003,-0.009,0.001,0.441,0.560,-0.461,0.529,-0.200,0.000,0.051,0.006,10531,10192,-70,69,35,16.100,305,305
134232,-0.680,0.001,-0.040,0.004,0.402,0.593,-0.497,0.490,-0.200,-0.001,0.199,-0.011,10634,10168,-200,200,35,16.110,305,305
134332,-0.590,-0.001,-0.030,0.002,0.343,0.636,-0.542,0.428,-0.200,-0.005,0.406,-0.027,10809,10251,-200,200,35,16.110,305,305
134432,-0.290,-0.003,0.016,-0.002,0.329,0.646,-0.556,0.406,-0.200,-0.006,0.466,-0.025,10793,10308,-163,162,36,16.100,305,305
134532,-0.700,0.002,0.050,-0.003,0.386,0.608,-0.517,0.462,-0.200,-0.001,0.278,-0.009,10854,10502,17,-18,36,16.100,305,305
134632,-0.300,-0.001,0.033,-0.005,0.451,0.553,-0.460,0.529,-0.200,0.000,0.035,0.011,10832,10612,82,-83,35,16.090,305,305
134732,-0.470,-0.001,0.020,-0.004,0.490,0.518,-0.422,0.560,-0.200,-0.001,-0.107,0.035,10787,10697,51,-52,35,16.090,305,305
134832,-0.480,-0.001,0.013,-0.001,0.514,0.498,-0.400,0.572,-0.200,-0.004,-0.184,0.054,10812,10797,20,-21,35,16.090,305,305
134932,-0.170,-0.000,0.014,0.004,0.527,0.472,-0.383,0.594,-0.200,-0.005,-0.265,0.042,10902,10736,34,-35,35,16.090,305,305
135032,-0.370,0.001,-0.006,-0.000,0.530,0.459,-0.376,0.605,-0.200,-0.004,-0.298,0.031,10917,10709,1,-2,35,16.090,305,305
135132,-0.970,0.002,-0.031,-0.001,0.511,0.493,-0.398,0.581,-0.200,-0.003,-0.198,0.042,10967,10889,-100,100,36,16.100,305,305
135232,-0.110,0.001,-0.016,-0.001,0.482,0.535,-0.428,0.547,-0.200,-0.001,-0.062,0.048,11003,10979,-131,130,36,16.100,305,305
135332,-0.090,0.003,-0.005,0.003,0.468,0.549,-0.436,0.537,-0.200,0.001,-0.016,0.046,10972,10927,-89,88,36,16.100,305,305
135432,-0.260,0.001,-0.010,0.003,0.453,0.557,-0.445,0.535,-0.200,0.001,0.017,0.028,11011,10848,-88,87,36,16.100,305,305
135532,-0.530,0.001,-0.013,-0.002,0.434,0.578,-0.460,0.515,-0.200,0.002,0.091,0.027,11057,10966,-118,118,36,16.100,305,305
135632,-0.080,-0.001,-0.011,-0.002,0.424,0.596,-0.470,0.495,-0.200,0.004,0.151,0.039,11013,11039,-126,126,36,16.100,305,305
135732,0.230,0.001,-0.003,0.000,0.416,0.607,-0.477,0.480,-0.200,0.005,0.194,0.046,10928,10995,-117,116,36,16.100,305,305
135832,0.130,0.002,-0.002,0.002,0.408,0.611,-0.480,0.479,-0.200,0.005,0.209,0.038,10863,10866,-107,106,35,16.090,305,305
135932,-0.130,0.002,0.000,-0.000,0.401,0.612,-0.483,0.481,-0.200,0.003,0.219,0.025,10852,10796,-104,103,35,16.090,305,305
136032,-0.160,0.002,0.000,-0.001,0.397,0.615,-0.480,0.483,-0.200,0.003,0.219,0.024,10818,10800,-100,99,36,16.090,305,305
136132,0.030,0.002,-0.001,-0.000,0.395,0.618,-0.477,0.485,-0.200,0.003,0.220,0.026,10754,10776,-103,102,36,16.090,305,305
136232,0.170,0.003,0.001,0.001,0.389,0.622,-0.475,0.486,-0.200,0.003,0.226,0.021,10700,10701,-106,105,36,16.100,305,305
136332,0.040,0.003,0.005,0.000,0.385,0.621,-0.470,0.495,-0.200,0.001,0.213,0.013,10644,10611,-95,94,36,16.100,305,305
136432,-0.010,0.000,0.005,-0.000,0.390,0.616,-0.462,0.505,-0.200,0.001,0.187,0.013,10571,10569,-84,83,36,16.100,305,305
136532,-0.210,-0.001,0.004,-0.001,0.397,0.610,-0.457,0.511,-0.200,0.002,0.162,0.017,10524,10574,-83,82,36,16.090,305,305
136632,-0.340,-0.000,0.000,-0.001,0.405,0.607,-0.454,0.512,-0.200,0.002,0.148,0.026,10486,10611,-90,89,36,16.090,305,305
136732,-0.140,0.001,0.002,0.001,0.406,0.606,-0.452,0.513,-0.200,0.002,0.144,0.027,10487,10600,-94,93,36,16.100,305,305
136832,0.050,0.000,0.001,0.002,0.406,0.601,-0.452,0.519,-0.200,0.001,0.131,0.018,10479,10525,-90,90,36,16.100,305,305
136932,0.020,-0.002,-0.001,0.003,0.405,0.596,-0.457,0.521,-0.200,0.000,0.129,0.006,10459,10430,-99,98,36,16.100,305,305
137032,-0.310,-0.000,0.002,-0.001,0.403,0.594,-0.464,0.520,-0.200,-0.000,0.135,-0.004,10454,10402,-104,103,36,16.100,305,305
137132,0.000,-0.001,0.005,-0.001,0.413,0.587,-0.457,0.526,-0.200,0.000,0.106,0.004,10387,10432,-79,78,36,16.100,305,305
137232,-0.160,0.000,-0.001,-0.001,0.417,0.586,-0.454,0.526,-0.200,0.001,0.099,0.010,10339,10431,-94,94,36,16.080,305,305
137332,-0.180,0.001,-0.001,0.000,0.415,0.589,-0.454,0.524,-0.200,0.001,0.106,0.014,10319,10420,-104,103,36,16.080,305,305
137432,0.030,-0.000,0.001,-0.001,0.414,0.590,-0.453,0.524,-0.200,0.001,0.108,0.014,10284,10390,-103,102,36,16.090,305,305
137532,0.040,0.000,-0.000,-0.000,0.417,0.590,-0.452,0.523,-0.200,0.001,0.104,0.019,10203,10353,-101,100,36,16.090,305,305
137632,0.010,0.000,-0.000,0.001,0.417,0.589,-0.452,0.524,-0.200,0.001,0.103,0.017,10163,10281,-103,102,35,16.100,305,305
137732,-0.040,0.001,0.000,0.001,0.415,0.587,-0.453,0.527,-0.200,0.001,0.100,0.010,10155,10230,-101,100,35,16.100,305,305
137832,-0.090,-0.000,0.002,0.000,0.414,0.586,-0.453,0.529,-0.200,0.000,0.098,0.006,10128,10196,-101,100,35,16.100,305,305
137932,-0.090,-0.001,0.001,0.000,0.416,0.584,-0.452,0.531,-0.200,0.000,0.091,0.006,10073,10162,-100,99,36,16.090,305,305
138032,-0.140,-0.000,-0.000,-0.001,0.417,0.583,-0.452,0.531,-0.200,0.000,0.087,0.006,10053,10154,-103,102,36,16.090,305,305
138132,0.010,0.001,0.003,-0.000,0.420,0.581,-0.448,0.534,-0.200,0.000,0.077,0.008,10009,10131,-95,94,36,16.080,305,305
138232,0.040,-0.001,0.002,-0.002,0.423,0.578,-0.444,0.539,-0.200,0.000,0.062,0.009,9928,10067,-92,91,36,16.080,305,305
138332,-0.070,0.002,0.000,-0.002,0.426,0.579,-0.439,0.539,-0.200,0.001,0.057,0.021,9834,10071,-97,97,36,16.080,305,305
138432,0.000,0.003,-0.002,-0.002,0.426,0.585,-0.433,0.538,-0.200,0.001,0.059,0.033,9751,10077,-105,104,36,16.080,305,305
138532,-0.110,0.005,-0.000,-0.000,0.421,0.592,-0.426,0.539,-0.200,0.002,0.064,0.040,9717,10075,-106,106,36,16.080,305,305
138632,-0.180,0.005,-0.001,0.001,0.411,0.599,-0.420,0.544,-0.200,0.002,0.071,0.035,9733,10030,-110,110,35,16.090,305,305
138732,-0.150,0.004,-0.001,-0.000,0.401,0.606,-0.415,0.548,-0.200,0.002,0.079,0.031,9724,10011,-112,111,35,16.090,305,305
138832,-0.060,0.007,-0.001,0.000,0.390,0.613,-0.408,0.553,-0.200,0.001,0.084,0.028,9725,10008,-113,112,36,16.090,305,305
138932,-0.060,0.006,0.000,-0.001,0.377,0.621,-0.398,0.560,-0.200,0.001,0.089,0.023,9696,9977,-114,113,36,16.090,305,305
139032,-0.040,0.009,0.001,-0.002,0.369,0.627,-0.383,0.569,-0.200,0.001,0.081,0.027,9630,9979,-104,104,36,16.100,305,305
139132,-0.140,0.010,-0.001,-0.003,0.356,0.640,-0.362,0.576,-0.200,0.002,0.082,0.039,9534,10005,-111,111,36,16.100,305,305
139232,-0.170,0.010,0.001,-0.001,0.342,0.652,-0.343,0.583,-0.200,0.003,0.085,0.046,9492,10013,-113,113,36,16.100,305,305
139332,0.000,0.012,0.007,0.002,0.326,0.655,-0.321,0.602,-0.200,0.002,0.063,0.041,9497,9965,-93,92,36,16.090,305,305
139432,0.080,0.010,-0.004,-0.000,0.304,0.659,-0.301,0.618,-0.200,0.001,0.050,0.029,9464,9863,-103,102,36,16.090,305,305
139532,-0.120,0.008,0.002,-0.003,0.291,0.675,-0.288,0.614,-0.200,0.002,0.077,0.039,9364,9912,-122,122,36,16.090,305,305
139632,-0.160,0.008,-0.002,0.001,0.280,0.681,-0.275,0.618,-0.200,0.002,0.079,0.041,9331,9893,-119,118,36,16.090,305,305
139732,-0.170,0.008,-0.001,0.000,0.263,0.688,-0.264,0.622,-0.200,0.002,0.087,0.033,9337,9851,-117,117,36,16.090,305,305
139832,-0.060,0.008,-0.002,-0.000,0.250,0.695,-0.254,0.624,-0.200,0.002,0.096,0.030,9301,9828,-121,121,36,16.090,305,305
139932,0.080,0.007,0.000,0.001,0.238,0.703,-0.243,0.625,-0.200,0.002,0.106,0.030,9230,9790,-122,122,36,16.110,305,305
140032,0.000,0.008,0.001,0.002,0.224,0.705,-0.234,0.631,-0.200,0.001,0.104,0.019,9204,9688,-115,115,36,16.110,305,305
140132,0.000,0.009,0.001,0.000,0.208,0.706,-0.226,0.638,-0.200,0.000,0.098,0.005,9181,9595,-112,112,36,16.110,305,305
140232,0.030,0.010,-0.005,-0.001,0.192,0.713,-0.212,0.640,-0.200,0.000,0.107,0.003,9119,9575,-124,124,36,16.090,305,305
140332,-0.020,0.010,-0.002,-0.005,0.175,0.727,-0.191,0.636,-0.200,0.001,0.130,0.011,9018,9587,-133,133,36,16.090,305,305
140432,-0.450,0.006,-0.003,-0.003,0.163,0.739,-0.172,0.630,-0.200,0.002,0.152,0.024,8948,9615,-139,138,36,16.080,305,305
140532,-0.100,0.007,-0.000,-0.001,0.154,0.747,-0.164,0.626,-0.200,0.002,0.169,0.025,8960,9608,-135,135,36,16.080,305,305
140632,0.050,0.009,-0.001,-0.008,0.146,0.747,-0.146,0.633,-0.200,0.003,0.158,0.034,8717,9493,-120,119,36,16.090,305,305
140732,-0.480,0.005,0.012,-0.003,0.142,0.746,-0.120,0.640,-0.200,0.004,0.141,0.058,8761,9680,-103,102,36,16.090,305,305
140832,-0.300,0.004,0.010,0.003,0.135,0.725,-0.107,0.667,-0.200,0.002,0.074,0.052,8915,9675,-69,69,36,16.090,305,305
140932,-0.720,-0.005,-0.006,0.001,0.132,0.723,-0.120,0.668,-0.200,0.001,0.073,0.031,9094,9674,-113,112,35,16.090,305,305
141032,0.080,0.000,-0.003,0.001,0.136,0.728,-0.128,0.660,-0.200,0.001,0.092,0.029,9069,9681,-123,122,35,16.090,305,305
141132,0.340,0.000,-0.002,0.002,0.133,0.732,-0.133,0.654,-0.200,0.001,0.108,0.020,8947,9517,-127,126,36,16.090,305,305
141232,0.020,-0.000,0.001,0.001,0.131,0.731,-0.137,0.655,-0.200,0.001,0.107,0.011,8849,9380,-115,115,36,16.090,305,305
141332,0.000,-0.001,0.002,0.001,0.130,0.727,-0.141,0.660,-0.200,0.000,0.096,0.004,8823,9332,-107,107,36,16.070,305,305
141432,-0.150,-0.002,0.000,0.000,0.134,0.726,-0.147,0.658,-0.200,0.000,0.097,0.001,8785,9309,-116,115,36,16.070,305,305
141532,-0.160,0.001,-0.002,0.001,0.135,0.726,-0.151,0.657,-0.200,-0.000,0.101,-0.002,8785,9297,-119,119,36,16.070,305,305
141632,-0.100,0.002,0.000,0.001,0.130,0.730,-0.148,0.655,-0.200,-0.000,0.109,-0.005,8773,9275,-122,121,36,16.070,305,305
141732,0.230,0.003,0.003,0.000,0.125,0.727,-0.147,0.660,-0.200,-0.001,0.099,-0.012,8710,9163,-108,107,36,16.070,305,305
141832,-0.190,0.005,0.003,0.000,0.118,0.723,-0.140,0.667,-0.200,-0.001,0.084,-0.017,8646,9073,-104,103,36,16.110,305,305
141932,-0.220,0.004,0.000,-0.000,0.109,0.721,-0.133,0.671,-0.200,-0.001,0.076,-0.021,8679,9078,-106,105,36,16.110,305,305
142032,-0.270,0.006,-0.003,-0.001,0.100,0.725,-0.124,0.670,-0.200,-0.001,0.082,-0.022,8675,9081,-117,117,36,16.100,305,305
142132,0.070,0.007,0.002,-0.002,0.088,0.728,-0.110,0.671,-0.200,-0.001,0.085,-0.020,8631,9054,-113,112,36,16.100,305,305
142232,0.090,0.007,0.001,-0.005,0.081,0.730,-0.090,0.672,-0.200,-0.000,0.082,-0.001,8442,9047,-111,110,36,16.100,305,305
142332,-0.110,0.007,0.002,-0.002,0.076,0.728,-0.070,0.678,-0.200,0.001,0.070,0.015,8362,9059,-103,102,36,16.090,305,305
142432,-0.220,0.005,0.002,-0.001,0.067,0.726,-0.057,0.682,-0.200,0.001,0.060,0.019,8387,9055,-101,101,36,16.090,305,305
142532,-0.440,0.003,0.001,0.001,0.060,0.724,-0.049,0.685,-0.200,0.001,0.054,0.020,8419,9063,-104,103,36,16.070,305,305
142632,-0.320,0.002,-0.000,0.000,0.053,0.723,-0.048,0.687,-0.200,0.000,0.051,0.012,8525,9088,-107,106,36,16.070,305,305
142732,-0.320,0.003,-0.003,-0.001,0.049,0.727,-0.042,0.684,-0.200,0.000,0.059,0.013,8522,9131,-115,114,36,16.070,305,305
142832,0.380,0.002,0.000,-0.003,0.049,0.729,-0.033,0.682,-0.200,0.001,0.064,0.027,8367,9126,-112,111,36,16.080,305,305
142932,0.170,0.000,-0.002,0.003,0.050,0.733,-0.032,0.678,-0.200,0.001,0.076,0.030,8238,8981,-121,120,36,16.080,305,305
143032,0.160,0.001,-0.000,0.005,0.040,0.733,-0.039,0.678,-0.200,0.000,0.079,0.005,8280,8765,-114,113,35,16.070,305,305
143132,-0.230,-0.000,0.001,0.003,0.029,0.733,-0.047,0.678,-0.200,-0.001,0.078,-0.022,8336,8644,-111,111,35,16.070,305,305
143232,-0.150,-0.001,-0.000,0.002,0.026,0.731,-0.052,0.680,-0.200,-0.001,0.075,-0.033,8357,8643,-110,109,36,16.080,305,305
143332,0.000,-0.000,-0.002,-0.001,0.027,0.733,-0.055,0.677,-0.200,-0.001,0.081,-0.035,8312,8633,-116,115,36,16.080,305,305
143432,-0.010,0.000,-0.002,-0.000,0.028,0.736,-0.054,0.674,-0.200,-0.001,0.090,-0.032,8250,8615,-120,119,36,16.080,305,305
143532,-0.070,0.001,-0.002,-0.001,0.028,0.742,-0.052,0.668,-0.200,-0.001,0.107,-0.028,8178,8564,-127,126,36,16.080,305,305
143632,-0.140,-0.001,-0.002,-0.002,0.030,0.745,-0.049,0.665,-0.200,-0.001,0.115,-0.020,8138,8579,-125,125,36,16.080,305,305
143732,-0.070,0.000,-0.002,0.000,0.031,0.749,-0.048,0.660,-0.200,-0.001,0.127,-0.016,8111,8541,-128,128,36,16.070,305,305
143832,0.060,-0.000,-0.000,-0.001,0.032,0.752,-0.048,0.656,-0.200,-0.001,0.136,-0.015,8046,8462,-126,125,36,16.070,305,305
143932,-0.020,-0.000,0.001,-0.001,0.034,0.753,-0.046,0.656,-0.200,-0.001,0.138,-0.008,7948,8415,-123,122,36,16.070,305,305
144032,-0.100,-0.000,0.000,-0.000,0.037,0.753,-0.044,0.656,-0.200,-0.000,0.137,-0.002,7886,8392,-121,120,36,16.070,305,305
144132,-0.020,-0.001,0.000,-0.001,0.040,0.753,-0.043,0.656,-0.200,0.000,0.137,0.003,7830,8361,-120,120,36,16.070,305,305
144232,-0.080,-0.001,0.000,-0.002,0.044,0.752,-0.041,0.656,-0.200,0.001,0.135,0.012,7761,8355,-119,119,35,16.090,305,305
144332,0.040,-0.000,0.000,-0.001,0.047,0.752,-0.039,0.656,-0.200,0.001,0.134,0.020,7656,8311,-120,119,35,16.090,305,305
144432,-0.060,-0.000,-0.000,0.000,0.049,0.751,-0.038,0.657,-0.200,0.002,0.132,0.024,7585,8260,-119,119,36,16.100,305,305
144532,-0.020,0.000,0.000,0.002,0.049,0.753,-0.040,0.656,-0.200,0.001,0.136,0.021,7566,8195,-123,122,36,16.100,305,305
144632,0.020,0.001,0.003,0.002,0.046,0.750,-0.043,0.659,-0.200,0.001,0.128,0.012,7533,8084,-114,113,36,16.100,305,305
144732,-0.080,0.001,0.004,0.000,0.043,0.743,-0.043,0.666,-0.200,0.000,0.109,0.006,7484,8018,-104,103,36,16.100,305,305
144832,-0.260,0.001,0.002,-0.000,0.041,0.738,-0.041,0.672,-0.200,0.000,0.093,0.006,7471,8042,-104,103,36,16.100,305,305
144932,-0.180,0.001,0.003,0.002,0.042,0.735,-0.044,0.676,-0.200,0.000,0.083,0.003,7494,8042,-105,104,36,16.110,305,305
145032,-0.020,0.001,0.004,0.003,0.040,0.729,-0.048,0.682,-0.200,-0.000,0.068,-0.007,7531,7978,-99,98,36,16.110,305,305
145132,0.410,-0.001,0.009,0.005,0.033,0.717,-0.055,0.694,-0.200,-0.001,0.036,-0.030,7555,7786,-81,81,36,16.100,305,305
145232,-0.150,-0.003,0.003,0.002,0.040,0.698,-0.071,0.711,-0.200,0.000,-0.016,-0.046,7580,7726,-68,67,36,16.100,305,305
145332,-0.360,0.001,-0.001,0.005,0.029,0.703,-0.077,0.706,-0.200,0.000,0.001,-0.069,7704,7618,-107,106,36,16.100,305,305
145432,0.080,0.003,-0.010,0.002,0.020,0.712,-0.080,0.697,-0.200,-0.001,0.027,-0.084,7722,7553,-127,127,36,16.090,305,305
145532,0.110,-0.002,-0.004,-0.002,0.019,0.725,-0.081,0.684,-0.200,-0.002,0.063,-0.082,7680,7568,-133,132,36,16.090,305,305
145632,-0.090,-0.001,-0.005,-0.001,0.026,0.736,-0.082,0.671,-0.200,-0.003,0.098,-0.071,7590,7546,-138,138,36,16.100,305,305
145732,-0.360,-0.001,-0.002,-0.000,0.026,0.743,-0.083,0.663,-0.200,-0.004,0.119,-0.071,7619,7502,-135,134,36,16.100,305,305
145832,-0.420,0.000,-0.001,-0.004,0.030,0.744,-0.082,0.663,-0.200,-0.004,0.120,-0.064,7631,7535,-121,120,36,16.100,305,305
145932,0.000,0.001,-0.004,-0.001,0.036,0.752,-0.075,0.654,-0.200,-0.003,0.142,-0.044,7533,7566,-137,137,36,16.100,305,305
146032,-0.110,0.001,-0.000,0.000,0.032,0.758,-0.073,0.648,-0.200,-0.004,0.159,-0.046,7526,7413,-132,132,36,16.100,305,305
146132,0.210,0.002,-0.002,-0.000,0.032,0.755,-0.070,0.652,-0.200,-0.003,0.149,-0.044,7375,7238,-120,119,36,16.100,305,305
146232,-0.120,0.005,-0.001,-0.000,0.020,0.762,-0.061,0.644,-0.200,-0.004,0.170,-0.048,7376,7129,-136,136,36,16.100,305,305
146332,0.310,-0.007,0.007,0.001,0.027,0.754,-0.068,0.653,-0.200,-0.003,0.145,-0.049,7247,6958,-105,104,36,16.100,305,305
146432,-0.310,-0.003,0.001,0.001,0.038,0.744,-0.085,0.661,-0.200,-0.003,0.122,-0.055,7287,6885,-107,106,36,16.100,305,305
146532,-0.340,0.004,-0.008,-0.005,0.041,0.747,-0.085,0.658,-0.200,-0.003,0.131,-0.050,7361,7031,-127,127,36,16.100,305,305
146632,0.180,-0.001,0.001,-0.003,0.043,0.754,-0.077,0.651,-0.200,-0.003,0.150,-0.035,7224,6997,-129,128,36,16.100,305,305
146732,-0.090,0.001,-0.001,0.001,0.045,0.757,-0.074,0.648,-0.200,-0.002,0.156,-0.027,7172,6937,-129,129,36,16.100,305,305
146832,0.110,0.000,0.001,0.002,0.040,0.757,-0.074,0.648,-0.200,-0.003,0.157,-0.036,7206,6784,-124,123,36,16.100,305,305
146932,0.070,-0.002,0.001,-0.002,0.043,0.753,-0.078,0.652,-0.200,-0.003,0.146,-0.036,7110,6687,-116,115,36,16.100,305,305
147032,-0.100,0.001,0.001,-0.001,0.047,0.752,-0.075,0.654,-0.200,-0.002,0.141,-0.028,7027,6668,-117,117,36,16.090,305,305
147132,-0.100,0.000,-0.001,-0.001,0.047,0.751,-0.073,0.654,-0.200,-0.002,0.140,-0.025,6999,6614,-120,119,36,16.090,305,305
147232,-0.140,-0.000,0.000,-0.002,0.049,0.752,-0.070,0.653,-0.200,-0.001,0.142,-0.018,6926,6591,-121,121,35,16.070,305,305
147332,-0.110,0.001,0.001,0.001,0.050,0.751,-0.068,0.655,-0.200,-0.001,0.137,-0.014,6915,6565,-118,117,35,16.070,305,305
147432,-0.200,0.000,0.001,-0.001,0.049,0.751,-0.069,0.655,-0.200,-0.001,0.138,-0.017,6932,6513,-121,120,35,16.070,305,305
147532,0.000,-0.000,0.000,-0.002,0.052,0.751,-0.066,0.654,-0.200,-0.001,0.139,-0.009,6832,6501,-122,121,36,16.070,305,305
147632,0.130,0.000,0.001,-0.000,0.056,0.749,-0.064,0.657,-0.200,-0.000,0.132,-0.001,6701,6419,-116,115,36,16.070,305,305
147732,0.030,0.001,0.002,-0.000,0.057,0.747,-0.062,0.660,-0.200,0.000,0.123,0.003,6623,6340,-113,112,36,16.080,305,305
147832,-0.040,0.001,0.000,0.001,0.055,0.746,-0.061,0.661,-0.200,0.000,0.120,0.001,6583,6242,-116,116,36,16.080,305,305
147932,-0.140,0.001,-0.000,0.001,0.051,0.746,-0.061,0.661,-0.200,-0.000,0.122,-0.005,6568,6141,-120,120,36,16.080,305,305
148032,-0.110,0.002,0.000,0.002,0.045,0.744,-0.062,0.664,-0.200,-0.001,0.114,-0.016,6585,6019,-112,112,36,16.080,305,305
148132,-0.100,-0.000,0.000,-0.000,0.043,0.742,-0.062,0.666,-0.200,-0.001,0.110,-0.019,6552,5992,-113,112,36,16.080,305,305
148232,-0.200,-0.001,-0.002,-0.003,0.044,0.745,-0.060,0.663,-0.200,-0.001,0.116,-0.013,6476,6020,-123,122,36,16.080,305,305
148332,-0.080,0.000,-0.001,-0.001,0.048,0.744,-0.056,0.664,-0.200,-0.000,0.114,-0.002,6375,6035,-117,116,36,16.080,305,305
148432,-0.020,-0.001,-0.001,0.001,0.048,0.747,-0.056,0.661,-0.200,-0.000,0.121,-0.002,6340,5930,-123,122,36,16.090,305,305
148532,-0.030,-0.000,0.001,0.002,0.047,0.746,-0.058,0.662,-0.200,-0.000,0.119,-0.007,6304,5783,-116,116,36,16.090,305,305
148632,-0.020,-0.000,0.002,0.001,0.044,0.742,-0.062,0.666,-0.200,-0.001,0.110,-0.018,6308,5641,-110,109,36,16.090,305,305
148732,-0.130,-0.001,-0.000,-0.001,0.045,0.740,-0.063,0.668,-0.200,-0.001,0.103,-0.018,6219,5604,-111,110,36,16.080,305,305
148832,-0.240,-0.001,0.001,-0.001,0.050,0.739,-0.063,0.669,-0.200,-0.000,0.100,-0.010,6147,5646,-112,112,36,16.080,305,305
148932,0.000,-0.000,-0.000,0.001,0.052,0.737,-0.064,0.671,-0.200,-0.000,0.095,-0.010,6142,5571,-113,112,36,16.080,305,305
149032,0.010,0.001,0.000,0.002,0.047,0.737,-0.067,0.671,-0.200,-0.001,0.095,-0.020,6148,5401,-114,114,36,16.080,305,305
149132,0.030,0.000,0.001,0.001,0.043,0.735,-0.069,0.673,-0.200,-0.001,0.090,-0.030,6110,5241,-110,109,36,16.080,305,305
149232,-0.050,0.000,0.000,0.001,0.041,0.733,-0.071,0.675,-0.200,-0.001,0.084,-0.037,6069,5113,-109,108,36,16.080,305,305
149332,-0.170,-0.000,0.000,0.001,0.039,0.735,-0.073,0.673,-0.200,-0.002,0.091,-0.040,6065,5058,-116,116,36,16.080,305,305
149432,-0.120,0.000,0.001,-0.000,0.041,0.734,-0.073,0.674,-0.200,-0.002,0.088,-0.039,6006,5019,-112,112,36,16.070,305,305
149532,-0.090,-0.001,0.001,-0.001,0.042,0.733,-0.072,0.676,-0.200,-0.001,0.084,-0.036,5938,4942,-110,110,36,16.070,305,305
149632,-0.060,0.000,0.001,-0.000,0.044,0.731,-0.071,0.677,-0.200,-0.001,0.080,-0.032,5866,4864,-110,109,36,16.080,305,305
149732,-0.110,-0.000,-0.001,0.000,0.044,0.731,-0.071,0.678,-0.200,-0.001,0.078,-0.033,5840,4759,-111,111,36,16.080,305,305
149832,-0.170,0.000,-0.001,0.000,0.044,0.732,-0.072,0.677,-0.200,-0.001,0.081,-0.032,5841,4717,-114,114,36,16.080,305,305
149932,-0.070,-0.000,0.000,0.000,0.044,0.732,-0.072,0.676,-0.200,-0.001,0.083,-0.033,5828,4634,-114,113,36,16.090,305,305
150032,0.000,-0.000,-0.001,-0.000,0.044,0.733,-0.072,0.675,-0.200,-0.001,0.085,-0.033,5751,4528,-115,115,36,16.090,305,305
150132,0.150,-0.000,-0.000,0.000,0.044,0.734,-0.073,0.674,-0.200,-0.001,0.087,-0.033,5612,4332,-115,114,36,16.110,305,305
150232,-0.030,-0.001,0.001,-0.001,0.047,0.733,-0.074,0.674,-0.200,-0.001,0.087,-0.031,5490,4231,-113,112,36,16.110,305,305
150332,-0.160,-0.001,0.001,-0.000,0.050,0.733,-0.075,0.674,-0.200,-0.001,0.086,-0.027,5470,4260,-113,112,36,16.110,305,305
150432,-0.200,-0.001,0.000,-0.001,0.052,0.732,-0.074,0.675,-0.200,-0.001,0.084,-0.024,5471,4297,-111,111,36,16.110,305,305
150532,-0.030,0.001,0.000,-0.001,0.054,0.733,-0.072,0.674,-0.200,-0.001,0.084,-0.018,5371,4246,-113,113,36,16.110,305,305
150632,0.000,0.001,0.001,-0.000,0.054,0.732,-0.070,0.675,-0.200,-0.001,0.082,-0.015,5269,4134,-111,110,36,16.110,305,305
150732,-0.120,0.001,0.000,0.001,0.052,0.731,-0.068,0.677,-0.200,-0.001,0.079,-0.015,5242,4057,-110,109,36,16.110,305,305
150832,-0.120,0.000,-0.001,-0.001,0.049,0.732,-0.067,0.677,-0.200,-0.001,0.080,-0.018,5222,3969,-113,112,36,16.110,305,305
150932,-0.010,0.000,-0.000,0.000,0.050,0.733,-0.065,0.676,-0.200,-0.001,0.082,-0.015,5149,3934,-114,113,36,16.100,305,305
151032,0.000,0.000,-0.001,0.001,0.049,0.734,-0.067,0.674,-0.200,-0.001,0.086,-0.018,5097,3768,-115,115,36,16.100,305,305
151132,0.040,0.001,0.001,0.000,0.046,0.734,-0.067,0.674,-0.200,-0.001,0.088,-0.023,5003,3557,-114,114,36,16.100,305,305
151232,0.000,-0.001,0.001,0.000,0.045,0.732,-0.067,0.676,-0.200,-0.001,0.081,-0.025,4886,3397,-109,108,36,16.100,305,305
151332,-0.200,-0.000,0.001,-0.001,0.047,0.730,-0.067,0.679,-0.200,-0.001,0.074,-0.022,4818,3420,-107,107,36,16.090,305,305
151432,-0.160,-0.001,-0.000,-0.001,0.049,0.730,-0.065,0.679,-0.200,-0.001,0.074,-0.016,4781,3474,-111,111,36,16.090,305,305
151532,-0.040,-0.000,-0.001,-0.000,0.050,0.731,-0.065,0.677,-0.200,-0.001,0.078,-0.015,4719,3377,-114,114,36,16.090,305,305
151632,0.060,-0.000,0.000,0.000,0.050,0.732,-0.065,0.677,-0.200,-0.001,0.079,-0.015,4617,3186,-113,112,36,16.070,305,305
151732,-0.010,0.000,0.001,0.000,0.050,0.732,-0.066,0.677,-0.200,-0.001,0.079,-0.016,4504,2984,-112,111,36,16.070,305,305
151832,-0.090,-0.001,0.001,0.000,0.050,0.730,-0.067,0.678,-0.200,-0.001,0.074,-0.017,4437,2856,-109,108,35,16.080,305,305
151932,-0.190,-0.001,-0.000,-0.001,0.051,0.729,-0.067,0.679,-0.200,-0.001,0.073,-0.017,4403,2852,-110,110,35,16.080,305,305
152032,-0.210,-0.001,-0.001,-0.000,0.053,0.729,-0.067,0.679,-0.200,-0.000,0.073,-0.013,4386,2906,-112,111,35,16.080,305,305
152132,0.030,-0.001,-0.001,0.001,0.054,0.730,-0.070,0.677,-0.200,-0.001,0.077,-0.016,4352,2749,-114,114,36,16.090,305,305
152232,0.040,0.001,-0.000,0.000,0.054,0.731,-0.071,0.676,-0.200,-0.001,0.080,-0.018,4222,2452,-113,113,36,16.090,305,305
152332,-0.110,0.000,0.001,-0.001,0.052,0.732,-0.070,0.676,-0.200,-0.001,0.081,-0.019,4117,2287,-113,112,36,16.100,305,305
152432,-0.170,0.001,-0.000,-0.000,0.052,0.732,-0.069,0.676,-0.200,-0.001,0.080,-0.017,4060,2276,-112,112,36,16.100,305,305
152532,-0.020,-0.000,-0.000,-0.001,0.052,0.732,-0.068,0.676,-0.200,-0.001,0.080,-0.014,3976,2233,-113,112,36,16.100,305,305
152632,-0.030,0.000,-0.000,0.000,0.053,0.732,-0.067,0.676,-0.200,-0.001,0.081,-0.013,3853,2027,-113,113,36,16.100,305,305
152732,-0.150,0.000,-0.000,0.001,0.052,0.733,-0.067,0.675,-0.200,-0.001,0.084,-0.014,3817,1847,-114,114,36,16.100,305,305
152832,-0.040,0.002,-0.001,0.001,0.048,0.733,-0.067,0.675,-0.200,-0.001,0.084,-0.021,3825,1509,-114,113,35,16.090,305,305
152932,0.050,0.002,0.001,0.000,0.041,0.734,-0.065,0.675,-0.200,-0.001,0.087,-0.027,3698,910,-114,113,35,16.090,305,305
153032,-0.010,0.000,0.001,0.000,0.038,0.734,-0.062,0.676,-0.200,-0.001,0.084,-0.028,3525,0,-111,110,36,16.090,305,305
153132,-0.130,0.001,0.000,-0.000,0.037,0.732,-0.062,0.677,-0.200,-0.001,0.080,-0.028,3445,0,-110,110,36,16.090,305,305
153232,-0.050,0.000,0.000,0.000,0.037,0.732,-0.061,0.678,-0.200,-0.001,0.079,-0.027,3347,0,-111,111,36,16.090,305,305
153332,-0.070,-0.000,-0.000,-0.000,0.038,0.732,-0.060,0.678,-0.200,-0.001,0.079,-0.027,3226,0,-112,112,36,16.090,305,305
153432,-0.020,0.000,0.000,-0.000,0.038,0.732,-0.060,0.678,-0.200,-0.001,0.079,-0.026,3090,0,-112,111,36,16.090,305,305
153532,-0.100,0.001,0.000,-0.000,0.038,0.732,-0.059,0.678,-0.200,-0.001,0.078,-0.024,2930,0,-111,111,36,16.080,305,305
153632,-0.040,0.001,-0.000,-0.000,0.037,0.732,-0.057,0.678,-0.200,-0.001,0.077,-0.024,2818,0,-111,111,36,16.080,305,305
153732,-0.150,0.001,-0.001,0.000,0.034,0.732,-0.055,0.679,-0.200,-0.001,0.077,-0.024,2768,0,-112,111,36,16.080,305,305
153832,-0.100,0.001,-0.001,0.000,0.030,0.733,-0.052,0.678,-0.200,-0.001,0.079,-0.026,2728,0,-114,113,36,16.090,305,305
153932,0.230,0.001,0.000,0.000,0.028,0.732,-0.049,0.679,-0.200,-0.001,0.077,-0.027,2472,0,-110,110,36,16.090,305,305
154032,-0.020,-0.002,-0.000,-0.000,0.030,0.733,-0.050,0.678,-0.200,-0.001,0.078,-0.024,2418,0,-113,112,36,16.090,305,305
154132,-0.080,-0.003,0.000,0.001,0.040,0.726,-0.052,0.685,-0.200,-0.000,0.059,-0.013,2228,0,-94,94,36,16.090,305,305
154232,-0.170,-0.003,-0.000,0.004,0.045,0.719,-0.057,0.691,-0.200,-0.000,0.040,-0.015,2370,0,-97,97,36,16.100,305,305
154332,-0.270,-0.005,-0.000,0.000,0.049,0.719,-0.069,0.690,-0.200,-0.001,0.043,-0.025,2622,0,-107,107,36,16.100,305,305
154432,0.490,-0.005,-0.001,-0.002,0.061,0.719,-0.078,0.688,-0.200,-0.000,0.047,-0.019,2360,0,-111,110,36,16.100,305,305
154532,0.910,-0.004,0.002,-0.002,0.074,0.717,-0.082,0.688,-0.200,-0.000,0.042,-0.006,2153,0,-102,101,36,16.090,305,305
154632,1.230,-0.001,-0.003,-0.001,0.081,0.717,-0.085,0.687,-0.200,0.000,0.042,0.000,2113,0,-108,107,36,16.090,305,305
154732,1.060,0.000,-0.005,-0.003,0.082,0.726,-0.084,0.678,-0.200,0.000,0.069,0.005,2064,0,-126,126,36,16.090,305,305
154832,0.760,-0.001,-0.003,-0.002,0.082,0.740,-0.083,0.663,-0.200,0.001,0.107,0.011,1988,0,-134,134,36,16.090,305,305
154932,0.600,-0.004,-0.001,0.001,0.085,0.744,-0.086,0.657,-0.200,0.001,0.122,0.015,1997,0,-131,130,36,16.090,305,305
155032,-0.740,-0.007,0.001,0.001,0.096,0.743,-0.097,0.655,-0.200,0.001,0.123,0.015,2285,0,-120,119,36,16.090,305,305
155132,-1.190,-0.006,-0.007,0.001,0.106,0.744,-0.110,0.650,-0.200,0.001,0.133,0.014,3196,1432,-129,128,36,16.090,305,305
155232,-1.180,-0.006,-0.004,0.002,0.117,0.753,-0.125,0.635,-0.200,0.001,0.167,0.017,3972,2821,-144,143,36,16.080,305,305
155332,-1.020,-0.003,-0.001,0.003,0.122,0.755,-0.138,0.629,-0.200,0.001,0.180,0.011,4468,3361,-137,137,36,16.080,305,305
155432,-0.470,-0.004,0.001,0.003,0.126,0.752,-0.148,0.629,-0.200,0.000,0.177,0.004,4757,3615,-126,125,36,16.080,305,305
155532,-0.350,-0.007,0.003,0.002,0.127,0.747,-0.156,0.634,-0.200,-0.001,0.166,-0.009,4906,3600,-118,117,36,16.080,305,305
155632,-0.120,-0.010,0.002,0.001,0.141,0.736,-0.171,0.639,-0.200,-0.001,0.143,-0.010,4895,3661,-111,110,36,16.080,305,305
155732,0.160,-0.008,0.005,0.003,0.157,0.728,-0.189,0.640,-0.200,-0.001,0.131,-0.013,4817,3492,-109,108,36,16.080,305,305
155832,0.620,-0.007,-0.000,-0.001,0.167,0.715,-0.197,0.649,-0.200,-0.001,0.101,-0.017,4376,2823,-100,99,36,16.080,305,305
155932,-0.610,-0.006,0.003,0.003,0.178,0.715,-0.209,0.643,-0.200,-0.001,0.110,-0.014,4347,2827,-117,116,36,16.080,305,305
156032,-0.340,-0.005,0.000,0.002,0.181,0.704,-0.221,0.651,-0.200,-0.001,0.088,-0.033,4721,2836,-102,103,36,16.080,305,305
156132,-0.600,-0.003,0.001,0.001,0.187,0.703,-0.233,0.645,-0.200,-0.002,0.098,-0.038,4899,3156,-119,118,36,16.100,305,305
156232,-0.130,-0.008,0.002,0.001,0.197,0.696,-0.244,0.646,-0.200,-0.002,0.088,-0.041,4926,3207,-108,107,36,16.100,305,305
156332,0.080,-0.010,0.003,0.003,0.212,0.687,-0.261,0.645,-0.200,-0.001,0.080,-0.046,4887,3063,-106,105,36,16.100,305,305
156432,0.430,-0.013,0.007,0.003,0.235,0.666,-0.289,0.647,-0.200,-0.001,0.053,-0.061,4756,2473,-89,88,36,16.100,305,305
156532,-0.600,-0.013,-0.005,0.006,0.248,0.658,-0.319,0.636,-0.200,-0.001,0.069,-0.079,4852,2186,-125,124,36,16.100,305,305
156632,0.100,-0.018,0.003,0.002,0.266,0.644,-0.352,0.625,-0.200,-0.001,0.076,-0.098,4842,1833,-114,113,36,16.070,305,305
156732,-0.310,-0.015,-0.002,0.002,0.294,0.631,-0.384,0.607,-0.200,-0.002,0.091,-0.096,4724,1982,-126,125,36,16.070,305,305
156832,-0.160,-0.014,0.004,-0.000,0.322,0.612,-0.411,0.594,-0.200,-0.001,0.088,-0.094,4695,2141,-111,110,36,16.070,305,305
156932,-0.050,-0.009,0.002,-0.000,0.351,0.594,-0.430,0.583,-0.200,-0.001,0.075,-0.084,4509,2097,-106,105,36,16.080,305,305
157032,0.350,-0.010,0.005,0.000,0.368,0.580,-0.440,0.579,-0.200,-0.000,0.058,-0.083,4385,1726,-96,95,36,16.080,305,305
157132,0.100,-0.008,-0.000,-0.001,0.383,0.570,-0.453,0.569,-0.200,-0.000,0.059,-0.079,4165,1263,-109,108,36,16.090,305,305
157232,-0.100,-0.004,0.002,-0.001,0.395,0.562,-0.462,0.560,-0.200,-0.000,0.060,-0.074,4115,1243,-108,107,36,16.090,305,305
157332,-0.580,-0.003,0.001,-0.003,0.406,0.557,-0.466,0.554,-0.200,-0.000,0.056,-0.063,4168,1909,-107,106,36,16.080,305,305
157432,-0.200,-0.002,-0.004,-0.003,0.416,0.556,-0.467,0.547,-0.200,-0.000,0.056,-0.048,4112,2234,-111,110,36,16.080,305,305
157532,-0.110,-0.005,-0.000,0.001,0.420,0.558,-0.474,0.535,-0.200,-0.001,0.074,-0.039,4086,2222,-119,119,36,16.080,305,305
157632,0.100,-0.006,0.001,-0.001,0.427,0.552,-0.483,0.529,-0.200,-0.001,0.077,-0.039,4002,1883,-116,115,36,16.080,305,305
157732,0.060,-0.009,0.001,-0.001,0.440,0.546,-0.492,0.515,-0.200,-0.001,0.079,-0.027,3709,1670,-114,113,36,16.080,305,305
157832,0.200,-0.011,-0.001,0.002,0.455,0.531,-0.508,0.502,-0.200,-0.001,0.081,-0.027,3474,569,-115,114,36,16.090,305,305
157932,-0.030,-0.011,0.001,0.004,0.469,0.514,-0.527,0.488,-0.200,-0.001,0.085,-0.032,3414,0,-116,115,36,16.090,305,305
158032,-0.370,-0.010,0.000,0.003,0.482,0.494,-0.547,0.474,-0.200,-0.003,0.086,-0.043,3536,0,-114,113,36,16.090,305,305
158132,-0.350,-0.011,0.000,0.002,0.495,0.475,-0.563,0.461,-0.200,-0.003,0.085,-0.049,3745,0,-113,112,36,16.090,305,305
158232,-0.380,-0.014,-0.001,0.002,0.509,0.455,-0.582,0.441,-0.200,-0.003,0.092,-0.051,3848,560,-119,118,36,16.090,305,305
158332,-0.050,-0.010,-0.003,0.000,0.520,0.439,-0.601,0.419,-0.200,-0.003,0.109,-0.046,3782,980,-128,128,36,16.080,305,305
158432,0.250,-0.009,-0.000,0.001,0.530,0.424,-0.618,0.398,-0.200,-0.003,0.123,-0.043,3509,0,-128,127,36,16.080,305,305
158532,0.060,-0.005,-0.000,0.001,0.537,0.411,-0.628,0.386,-0.200,-0.003,0.126,-0.044,3276,0,-123,122,36,16.090,305,305
158632,-0.030,-0.002,0.002,0.001,0.539,0.402,-0.633,0.383,-0.200,-0.004,0.125,-0.051,3233,0,-118,117,36,16.090,305,305
158732,0.000,-0.001,0.000,0.001,0.543,0.396,-0.634,0.383,-0.200,-0.004,0.118,-0.056,3097,0,-115,114,36,16.090,305,305
158832,-0.100,0.001,-0.000,-0.001,0.543,0.396,-0.634,0.382,-0.200,-0.004,0.118,-0.055,2905,0,-118,117,36,16.090,305,305
158932,-0.210,-0.000,-0.000,-0.001,0.545,0.397,-0.634,0.379,-0.200,-0.004,0.120,-0.047,2779,0,-119,118,36,16.090,305,305
159032,-0.140,-0.001,-0.000,-0.000,0.545,0.397,-0.635,0.377,-0.200,-0.003,0.122,-0.045,2716,0,-120,120,36,16.090,305,305
159132,-0.140,-0.001,-0.001,-0.001,0.545,0.398,-0.635,0.375,-0.200,-0.003,0.125,-0.042,2619,0,-121,121,36,16.090,305,305
159232,-0.090,0.000,-0.000,-0.000,0.546,0.399,-0.636,0.372,-0.200,-0.003,0.128,-0.037,2491,0,-121,121,36,16.090,305,305
159332,0.010,0.001,0.000,-0.000,0.545,0.400,-0.636,0.372,-0.200,-0.003,0.130,-0.036,2509,0,-121,120,36,16.100,305,305
159432,-0.070,0.002,-0.000,-0.000,0.544,0.402,-0.635,0.373,-0.200,-0.003,0.131,-0.036,2530,0,-121,120,36,16.100,305,305
159532,-0.090,0.003,-0.000,0.001,0.540,0.406,-0.634,0.376,-0.200,-0.003,0.135,-0.039,2585,0,-123,123,36,16.100,305,305
159632,-0.030,0.003,-0.000,0.001,0.535,0.409,-0.633,0.382,-0.200,-0.004,0.137,-0.045,2667,0,-122,122,36,16.100,305,305
159732,-0.120,0.004,-0.000,0.000,0.529,0.415,-0.631,0.388,-0.200,-0.005,0.141,-0.051,2726,0,-123,123,36,16.090,305,305
159832,-0.120,0.003,0.000,0.000,0.525,0.419,-0.628,0.393,-0.200,-0.005,0.140,-0.053,2711,0,-121,121,36,16.090,305,305
159932,-0.090,0.002,-0.000,-0.000,0.522,0.424,-0.625,0.397,-0.200,-0.005,0.140,-0.054,2688,0,-121,121,36,16.090,305,305
160032,0.000,0.001,-0.000,-0.001,0.520,0.428,-0.623,0.398,-0.200,-0.005,0.143,-0.050,2617,0,-123,123,36,16.100,305,305
160132,0.000,-0.001,0.000,-0.001,0.521,0.430,-0.622,0.397,-0.200,-0.004,0.143,-0.045,2555,0,-121,121,36,16.100,305,305
160232,-0.160,-0.001,-0.000,-0.001,0.522,0.431,-0.622,0.394,-0.200,-0.004,0.146,-0.040,2507,0,-124,123,36,16.080,305,305
160332,-0.020,-0.001,-0.000,-0.000,0.522,0.431,-0.623,0.391,-0.200,-0.003,0.149,-0.038,2517,0,-125,124,36,16.080,305,305
160432,0.100,0.001,-0.001,0.000,0.521,0.431,-0.625,0.391,-0.200,-0.004,0.152,-0.040,2575,0,-125,125,36,16.080,305,305
160532,0.050,0.002,0.001,-0.001,0.519,0.433,-0.623,0.394,-0.200,-0.004,0.152,-0.042,2604,0,-123,123,36,16.080,305,305
160632,-0.090,0.004,0.002,-0.001,0.516,0.437,-0.618,0.401,-0.200,-0.004,0.146,-0.045,2634,0,-118,118,36,16.080,305,305
160732,-0.090,0.006,0.002,0.000,0.513,0.443,-0.610,0.411,-0.200,-0.004,0.136,-0.046,2646,0,-115,114,35,16.090,305,305
160832,-0.180,0.006,0.001,0.000,0.508,0.449,-0.602,0.421,-0.200,-0.004,0.129,-0.051,2704,0,-114,114,35,16.090,305,305
160932,-0.170,0.007,0.000,0.000,0.500,0.457,-0.594,0.434,-0.200,-0.005,0.124,-0.059,2799,0,-115,115,36,16.080,305,305
161032,-0.110,0.005,0.000,-0.000,0.492,0.465,-0.587,0.444,-0.200,-0.006,0.121,-0.064,2813,0,-116,116,36,16.080,305,305
161132,-0.250,0.003,-0.001,0.000,0.486,0.470,-0.584,0.450,-0.200,-0.006,0.124,-0.068,2844,0,-121,120,36,16.080,305,305
161232,-0.100,-0.002,-0.002,-0.001,0.485,0.473,-0.583,0.449,-0.200,-0.006,0.127,-0.065,2748,0,-122,121,36,16.090,305,305
161332,0.040,-0.009,-0.001,-0.002,0.490,0.471,-0.588,0.438,-0.200,-0.005,0.136,-0.054,2572,0,-126,125,36,16.090,305,305
161432,0.080,-0.011,0.000,0.000,0.503,0.459,-0.601,0.418,-0.200,-0.004,0.144,-0.041,2429,0,-127,126,36,16.110,305,305
161532,-0.030,-0.010,0.001,0.001,0.517,0.443,-0.614,0.399,-0.200,-0.003,0.147,-0.033,2408,0,-124,123,36,16.110,305,305
161632,-0.320,-0.010,0.002,0.001,0.528,0.426,-0.626,0.385,-0.200,-0.003,0.146,-0.031,2481,0,-122,121,36,16.110,305,305
161732,0.050,-0.010,0.000,-0.001,0.542,0.410,-0.633,0.371,-0.200,-0.002,0.138,-0.026,2378,0,-117,116,36,16.090,305,305
161832,-0.040,-0.011,-0.004,-0.000,0.550,0.397,-0.648,0.347,-0.200,-0.001,0.155,-0.012,2184,0,-135,134,36,16.090,305,305
161932,-0.060,-0.007,-0.002,-0.001,0.555,0.387,-0.661,0.326,-0.200,-0.000,0.173,-0.001,2062,0,-138,137,36,16.080,305,305
162032,0.090,-0.007,-0.002,0.001,0.562,0.376,-0.668,0.311,-0.200,0.001,0.175,0.007,2027,0,-130,130,36,16.080,305,305
162132,-0.060,-0.009,0.000,0.002,0.570,0.362,-0.675,0.299,-0.200,0.001,0.172,0.008,2085,0,-124,122,36,16.080,305,305
162232,-0.020,-0.009,0.003,0.003,0.582,0.340,-0.679,0.290,-0.200,0.000,0.154,0.002,2247,0,-110,109,36,16.080,305,305
162332,0.000,-0.016,0.002,0.004,0.596,0.312,-0.688,0.273,-0.200,-0.000,0.142,-0.003,2325,0,-113,112,36,16.080,305,305
162432,-0.140,-0.017,0.002,0.005,0.612,0.269,-0.701,0.250,-0.200,-0.001,0.127,-0.020,2579,0,-110,109,36,16.080,305,305
162532,-0.400,-0.015,0.004,0.003,0.622,0.237,-0.711,0.226,-0.200,-0.002,0.124,-0.027,2704,0,-114,113,36,16.080,305,305
162632,-0.200,-0.013,-0.001,-0.000,0.634,0.209,-0.716,0.201,-0.200,-0.001,0.114,-0.023,2557,0,-114,113,36,16.080,305,305
162732,0.000,-0.013,-0.001,0.001,0.638,0.187,-0.726,0.177,-0.200,-0.001,0.124,-0.018,2432,0,-124,123,36,16.080,305,305
162832,-0.080,-0.015,-0.001,0.001,0.641,0.161,-0.735,0.149,-0.200,-0.001,0.134,-0.012,2268,0,-127,126,36,16.080,305,305
162932,0.060,-0.006,0.000,0.001,0.645,0.141,-0.740,0.130,-0.200,-0.001,0.134,-0.010,2277,0,-122,121,36,16.080,305,305
163032,0.060,-0.003,0.000,-0.000,0.648,0.131,-0.740,0.122,-0.200,-0.001,0.132,-0.011,2318,0,-118,118,36,16.080,305,305
163132,-0.070,-0.003,-0.000,-0.001,0.649,0.127,-0.741,0.115,-0.200,-0.000,0.130,-0.006,2234,0,-119,119,36,16.090,305,305
163232,0.010,-0.002,-0.001,0.001,0.650,0.123,-0.742,0.109,-0.200,-0.000,0.131,-0.002,2213,0,-121,121,36,16.090,305,305
163332,-0.040,-0.001,-0.000,-0.000,0.650,0.120,-0.743,0.107,-0.200,-0.000,0.132,-0.002,2227,0,-121,120,36,16.090,305,305
163432,-0.120,-0.000,0.000,-0.001,0.651,0.120,-0.742,0.104,-0.200,0.000,0.132,0.001,2190,0,-119,119,36,16.110,305,305
163532,-0.190,0.000,-0.000,-0.000,0.651,0.121,-0.742,0.103,-0.200,0.000,0.132,0.004,2161,0,-120,120,36,16.110,305,305
163632,-0.080,0.001,0.000,0.000,0.650,0.121,-0.743,0.104,-0.200,0.000,0.134,0.002,2213,0,-121,120,36,16.110,305,305
163732,-0.040,-0.000,0.000,0.000,0.651,0.121,-0.742,0.106,-0.200,0.000,0.131,-0.000,2244,0,-118,117,36,16.110,305,305
163832,0.040,-0.001,0.001,0.000,0.651,0.121,-0.742,0.106,-0.200,0.000,0.129,-0.000,2234,0,-118,117,36,16.110,305,305
163932,0.060,-0.001,0.003,0.000,0.654,0.118,-0.739,0.106,-0.200,-0.000,0.122,-0.001,2255,0,-113,112,36,16.090,305,305
164032,-0.050,-0.001,0.005,0.000,0.662,0.116,-0.733,0.105,-0.200,-0.000,0.101,-0.001,2242,0,-101,100,36,16.090,305,305
164132,-0.170,-0.005,0.006,-0.003,0.674,0.112,-0.721,0.100,-0.200,0.000,0.066,0.007,2078,0,-89,88,36,16.100,305,305
164232,0.200,-0.010,0.006,-0.004,0.688,0.104,-0.714,0.081,-0.200,0.000,0.040,0.027,1633,0,-86,85,36,16.100,305,305
164332,0.350,-0.012,0.010,-0.004,0.706,0.089,-0.701,0.056,-0.200,-0.000,-0.002,0.047,1189,0,-70,68,36,16.100,305,305
164432,0.080,-0.015,0.010,-0.006,0.727,0.072,-0.682,0.023,-0.200,-0.002,-0.059,0.073,0,565,-52,51,36,16.090,305,305
164532,-0.930,-0.017,0.004,-0.010,0.741,0.053,-0.669,-0.027,-0.200,-0.006,-0.099,0.115,0,2411,-58,57,36,16.090,305,305
164632,-0.580,-0.012,0.000,-0.008,0.745,0.039,-0.662,-0.073,-0.200,-0.009,-0.123,0.155,0,3132,-65,64,36,16.090,305,305
164732,-0.150,-0.006,0.001,-0.001,0.750,0.030,-0.653,-0.098,-0.200,-0.012,-0.147,0.173,0,3390,-58,57,36,16.090,305,305
164832,0.080,-0.004,-0.001,-0.001,0.750,0.021,-0.652,-0.109,-0.200,-0.012,-0.151,0.172,0,3284,-68,68,36,16.090,305,305
164932,-0.250,-0.005,-0.004,-0.003,0.748,0.014,-0.653,-0.120,-0.200,-0.012,-0.148,0.178,0,3348,-75,74,35,16.080,305,305
165032,-0.190,-0.002,-0.003,-0.003,0.738,0.010,-0.662,-0.134,-0.200,-0.010,-0.126,0.193,0,3641,-88,88,35,16.080,305,305
165132,0.150,0.000,-0.004,-0.001,0.733,0.010,-0.666,-0.139,-0.200,-0.009,-0.113,0.200,0,3689,-86,85,36,16.090,305,305
165232,0.140,0.001,0.001,-0.000,0.732,0.011,-0.667,-0.140,-0.200,-0.009,-0.111,0.202,0,3578,-74,74,36,16.090,305,305
165332,-0.130,0.003,0.002,0.001,0.734,0.016,-0.664,-0.137,-0.200,-0.010,-0.118,0.205,0,3657,-67,67,36,16.090,305,305
165432,-0.120,0.004,0.002,0.003,0.740,0.022,-0.661,-0.124,-0.200,-0.011,-0.126,0.197,0,3533,-65,65,36,16.100,305,305
165532,-0.530,0.001,0.010,0.002,0.749,0.024,-0.652,-0.116,-0.200,-0.013,-0.150,0.186,0,3515,-45,45,36,16.100,305,305
165632,-0.220,0.004,0.008,0.004,0.769,0.027,-0.630,-0.105,-0.200,-0.017,-0.207,0.173,0,3553,-19,19,36,16.080,305,305
165732,-0.060,0.003,0.002,0.002,0.777,0.032,-0.622,-0.090,-0.200,-0.018,-0.228,0.160,0,3443,-34,34,36,16.080,305,305
165832,0.010,0.001,0.005,0.001,0.783,0.035,-0.615,-0.084,-0.200,-0.019,-0.246,0.156,0,3300,-30,30,36,16.080,305,305
165932,-0.090,0.001,0.007,0.002,0.795,0.037,-0.600,-0.078,-0.200,-0.021,-0.282,0.151,0,3249,-11,11,36,16.090,305,305
166032,-0.060,0.002,-0.001,0.004,0.800,0.034,-0.595,-0.070,-0.200,-0.020,-0.294,0.137,0,3101,-27,27,36,16.090,305,305
166132,0.070,0.000,0.001,0.002,0.799,0.032,-0.597,-0.061,-0.200,-0.018,-0.289,0.122,0,2999,-32,31,36,16.090,305,305
166232,-0.070,0.000,0.003,0.002,0.802,0.028,-0.594,-0.058,-0.200,-0.017,-0.298,0.113,0,2962,-20,19,36,16.090,305,305
166332,-0.080,-0.001,0.001,0.001,0.805,0.025,-0.590,-0.055,-0.200,-0.016,-0.308,0.104,0,2910,-16,16,36,16.090,305,305
166432,-0.040,-0.000,0.000,-0.003,0.808,0.025,-0.587,-0.055,-0.200,-0.016,-0.315,0.104,0,3002,-14,14,36,16.080,305,305
166532,-0.150,-0.002,-0.000,-0.008,0.807,0.031,-0.586,-0.070,-0.200,-0.021,-0.316,0.131,0,3397,-15,15,36,16.080,305,305
166632,0.080,-0.000,0.002,-0.006,0.808,0.040,-0.581,-0.087,-0.200,-0.027,-0.329,0.163,0,3657,-2,2,36,16.080,305,305
166732,-0.180,0.000,0.000,-0.004,0.808,0.049,-0.578,-0.100,-0.200,-0.032,-0.334,0.192,0,3806,-3,4,36,16.080,305,305
166832,-0.430,0.001,0.001,-0.002,0.808,0.054,-0.577,-0.106,-0.200,-0.034,-0.337,0.206,0,3890,0,1,36,16.080,305,305
166932,-0.130,-0.001,0.000,-0.001,0.808,0.058,-0.577,-0.108,-0.200,-0.036,-0.336,0.215,0,3945,0,1,36,16.090,305,305
167032,0.110,-0.001,0.001,0.000,0.808,0.057,-0.576,-0.111,-0.200,-0.036,-0.339,0.217,0,3758,5,-4,36,16.090,305,305
167132,-0.130,-0.001,0.003,0.001,0.812,0.054,-0.570,-0.111,-0.200,-0.037,-0.354,0.209,0,3629,20,-19,36,16.100,305,305
167232,-0.260,0.001,0.002,0.001,0.817,0.051,-0.565,-0.108,-0.200,-0.037,-0.367,0.203,0,3604,22,-22,36,16.100,305,305
167332,-0.210,0.000,0.001,-0.001,0.820,0.052,-0.560,-0.108,-0.200,-0.038,-0.378,0.204,0,3617,25,-25,36,16.100,305,305
167432,-0.100,0.000,-0.000,-0.000,0.820,0.055,-0.559,-0.108,-0.200,-0.039,-0.381,0.208,0,3669,24,-24,36,16.100,305,305
167532,-0.040,-0.001,0.000,0.000,0.820,0.056,-0.559,-0.107,-0.200,-0.039,-0.381,0.208,0,3652,26,-26,36,16.100,305,305
167632,-0.110,-0.000,0.001,0.002,0.820,0.052,-0.560,-0.106,-0.200,-0.038,-0.379,0.201,0,3563,29,-28,36,16.100,305,305
167732,-0.220,-0.001,0.000,-0.000,0.820,0.050,-0.560,-0.106,-0.200,-0.037,-0.378,0.196,0,3576,32,-31,36,16.090,305,305
167832,-0.140,-0.000,-0.000,0.000,0.820,0.049,-0.561,-0.105,-0.200,-0.037,-0.377,0.195,0,3601,34,-34,36,16.090,305,305
167932,-0.110,-0.000,-0.000,-0.000,0.819,0.049,-0.562,-0.106,-0.200,-0.036,-0.375,0.195,0,3575,37,-37,36,16.090,305,305
168032,0.030,0.001,0.001,0.001,0.818,0.049,-0.563,-0.104,-0.200,-0.036,-0.371,0.194,0,3558,41,-41,36,16.090,305,305
168132,-0.050,-0.001,0.002,0.001,0.820,0.048,-0.561,-0.103,-0.200,-0.036,-0.376,0.191,0,3523,49,-48,36,16.090,305,305
168232,-0.200,0.001,-0.000,0.001,0.820,0.047,-0.561,-0.099,-0.200,-0.035,-0.375,0.186,0,3490,48,-47,36,16.080,305,305
168332,0.000,0.003,-0.004,0.001,0.817,0.049,-0.566,-0.095,-0.200,-0.034,-0.363,0.185,0,3503,40,-40,36,16.080,305,305
168432,-0.010,0.005,-0.006,0.001,0.811,0.055,-0.575,-0.087,-0.200,-0.031,-0.336,0.187,0,3531,30,-29,36,16.080,305,305
168532,-0.230,0.014,-0.016,0.005,0.792,0.069,-0.603,-0.065,-0.200,-0.025,-0.267,0.187,0,3550,-11,11,36,16.080,305,305
168632,-0.520,0.016,-0.016,0.007,0.761,0.089,-0.641,-0.031,-0.200,-0.015,-0.163,0.174,0,3572,-41,42,36,16.080,305,305
168732,-0.570,0.016,-0.017,0.005,0.725,0.111,-0.679,0.006,-0.200,-0.005,-0.053,0.152,0,3565,-64,64,36,16.080,305,305
168832,-0.120,0.014,-0.013,0.005,0.695,0.129,-0.706,0.039,-0.200,0.001,0.031,0.125,0,3359,-61,60,36,16.080,305,305
168932,0.270,0.007,-0.002,0.004,0.676,0.142,-0.720,0.067,-0.200,0.003,0.077,0.095,0,2964,-38,37,35,16.080,305,305
169032,0.240,0.003,-0.003,0.002,0.669,0.146,-0.725,0.080,-0.200,0.003,0.094,0.080,0,2626,-26,26,35,16.080,305,305
169132,0.200,0.003,-0.006,0.003,0.657,0.150,-0.734,0.088,-0.200,0.004,0.121,0.068,0,2579,-37,37,35,16.080,305,305
169232,-0.090,0.001,-0.010,0.001,0.642,0.151,-0.746,0.095,-0.200,0.004,0.158,0.051,0,2440,-51,50,36,16.080,305,305
169332,0.030,0.000,-0.001,-0.001,0.630,0.153,-0.755,0.095,-0.200,0.005,0.189,0.050,0,2567,-46,45,36,16.080,305,305
169432,0.130,0.003,0.006,0.001,0.636,0.155,-0.750,0.096,-0.200,0.004,0.174,0.052,0,2633,-19,19,36,16.090,305,305
169532,-0.180,-0.003,-0.005,0.001,0.636,0.152,-0.750,0.101,-0.200,0.003,0.171,0.041,0,2484,-34,34,36,16.090,305,305
169632,-0.260,-0.002,-0.004,0.001,0.625,0.147,-0.761,0.093,-0.200,0.004,0.202,0.042,0,2577,-53,53,36,16.090,305,305
169732,0.100,-0.000,-0.000,0.003,0.622,0.141,-0.765,0.094,-0.200,0.003,0.211,0.031,0,2351,-44,44,36,16.090,305,305
169832,-0.010,-0.001,0.002,0.001,0.623,0.135,-0.765,0.096,-0.200,0.002,0.206,0.021,0,2297,-38,38,36,16.090,305,305
169932,-0.100,0.001,0.000,-0.001,0.626,0.135,-0.762,0.095,-0.200,0.002,0.200,0.025,0,2436,-38,37,36,16.090,305,305
170032,0.000,0.001,0.003,-0.002,0.629,0.139,-0.759,0.093,-0.200,0.003,0.193,0.034,0,2595,-36,35,36,16.110,305,305
170132,0.100,0.001,-0.000,-0.000,0.632,0.143,-0.756,0.094,-0.200,0.003,0.185,0.039,0,2622,-39,39,36,16.110,305,305
170232,-0.040,-0.000,0.002,0.001,0.631,0.142,-0.757,0.095,-0.200,0.003,0.186,0.035,0,2516,-44,43,36,16.090,305,305
170332,0.090,0.000,0.001,0.001,0.635,0.140,-0.754,0.098,-0.200,0.003,0.175,0.029,0,2420,-38,38,36,16.090,305,305
170432,-0.010,-0.001,-0.000,0.000,0.636,0.137,-0.753,0.098,-0.200,0.002,0.173,0.025,0,2400,-43,43,36,16.090,305,305
170532,-0.050,-0.001,0.000,0.001,0.636,0.135,-0.753,0.096,-0.200,0.002,0.173,0.027,0,2463,-47,46,36,16.080,305,305
170632,-0.040,-0.002,-0.000,0.000,0.637,0.133,-0.754,0.094,-0.200,0.002,0.172,0.027,0,2457,-49,48,36,16.080,305,305
170732,0.080,-0.002,0.001,-0.001,0.639,0.130,-0.752,0.091,-0.200,0.002,0.167,0.030,0,2523,-46,45,36,16.100,305,305
170832,0.050,0.002,-0.002,0.001,0.639,0.133,-0.753,0.090,-0.200,0.003,0.169,0.034,0,2554,-54,54,36,16.100,305,305
170932,0.280,0.006,0.003,0.000,0.635,0.137,-0.753,0.102,-0.200,0.002,0.174,0.021,0,2317,-54,53,36,16.100,305,305
171032,-0.190,0.007,-0.001,-0.001,0.642,0.148,-0.743,0.115,-0.200,0.001,0.149,0.019,0,2361,-41,41,36,16.100,305,305
171132,-0.080,0.002,0.003,-0.003,0.644,0.161,-0.738,0.118,-0.200,0.002,0.142,0.033,0,2790,-43,42,36,16.100,305,305
171232,0.060,0.006,-0.001,-0.002,0.646,0.172,-0.734,0.121,-0.200,0.003,0.136,0.045,0,2730,-48,48,36,16.100,305,305
171332,0.060,0.004,-0.001,-0.002,0.640,0.184,-0.735,0.126,-0.200,0.003,0.150,0.050,0,2739,-62,61,36,16.090,305,305
171432,0.000,0.001,-0.001,0.001,0.638,0.189,-0.735,0.131,-0.200,0.003,0.151,0.049,0,2647,-59,59,36,16.090,305,305
171532,-0.120,0.001,-0.002,0.002,0.636,0.187,-0.736,0.136,-0.200,0.003,0.155,0.037,0,2454,-63,62,36,16.070,305,305
171632,0.050,-0.000,0.001,0.002,0.635,0.184,-0.738,0.139,-0.200,0.002,0.157,0.029,0,2361,-61,60,36,16.070,305,305
171732,0.190,-0.002,0.001,0.002,0.637,0.177,-0.737,0.139,-0.200,0.001,0.149,0.020,0,2288,-56,56,36,16.070,305,305
171832,0.040,-0.004,0.003,-0.000,0.642,0.169,-0.735,0.136,-0.200,0.001,0.138,0.017,0,2315,-52,51,36,16.090,305,305
171932,-0.380,-0.003,0.013,-0.000,0.659,0.161,-0.723,0.130,-0.200,0.001,0.098,0.023,0,2525,-23,23,36,16.090,305,305
172032,-0.420,-0.003,0.023,0.004,0.699,0.143,-0.686,0.141,-0.200,-0.000,-0.017,0.007,0,2712,39,-39,36,16.090,305,305
172132,0.030,-0.003,0.012,-0.002,0.731,0.129,-0.655,0.144,-0.200,-0.000,-0.110,0.001,0,2693,37,-38,36,16.090,305,305
172232,-0.150,-0.003,0.023,0.001,0.758,0.121,-0.625,0.140,-0.200,-0.001,-0.190,0.008,0,2432,54,-55,36,16.090,305,305
172332,0.000,-0.004,0.024,-0.003,0.805,0.106,-0.567,0.138,-0.200,-0.002,-0.340,0.014,0,2522,112,-112,36,16.080,305,305
172432,-0.590,-0.003,0.019,-0.001,0.839,0.094,-0.519,0.135,-0.200,-0.004,-0.456,0.017,0,2658,112,-112,36,16.080,305,305
172532,-0.260,-0.001,0.006,0.002,0.857,0.083,-0.491,0.136,-0.200,-0.002,-0.523,0.008,0,2770,99,-99,36,16.080,305,305
172632,0.170,-0.002,0.003,0.001,0.860,0.075,-0.485,0.139,-0.200,0.001,-0.537,-0.005,0,2504,73,-74,36,16.110,305,305
172732,0.150,-0.003,0.013,-0.000,0.870,0.067,-0.469,0.138,-0.200,0.004,-0.575,-0.013,0,1987,98,-99,36,16.110,305,305
172832,-0.320,-0.001,0.012,-0.002,0.888,0.059,-0.436,0.137,-0.200,0.005,-0.654,-0.014,0,2117,131,-132,36,16.100,305,305
172932,-0.010,0.000,0.008,-0.001,0.899,0.057,-0.413,0.136,-0.200,0.003,-0.695,-0.009,0,2201,130,-131,36,16.100,305,305
173032,0.000,-0.001,0.008,0.001,0.907,0.055,-0.394,0.137,-0.200,0.003,-0.736,-0.008,0,2098,139,-139,36,16.100,305,305
173132,0.040,-0.002,0.002,0.000,0.912,0.048,-0.383,0.138,-0.200,0.007,-0.758,-0.018,0,1888,135,-135,36,16.110,305,305
173232,0.050,-0.001,0.004,-0.001,0.916,0.043,-0.375,0.136,-0.200,0.009,-0.775,-0.021,0,1842,143,-144,36,16.110,305,305
173332,-0.040,-0.000,0.009,0.002,0.922,0.040,-0.360,0.138,-0.200,0.011,-0.805,-0.024,0,1785,163,-164,36,16.110,305,305
173432,-0.050,-0.001,0.003,0.001,0.927,0.034,-0.344,0.143,-0.200,0.014,-0.838,-0.031,0,1607,172,-174,36,16.100,305,305
173532,-0.130,0.000,0.004,-0.001,0.931,0.032,-0.334,0.144,-0.200,0.016,-0.858,-0.033,0,1596,178,-179,36,16.100,305,305
173632,-0.060,0.001,0.003,-0.001,0.934,0.033,-0.325,0.143,-0.200,0.014,-0.875,-0.029,0,1678,187,-188,36,16.100,305,305
173732,0.050,0.000,0.004,-0.001,0.938,0.033,-0.315,0.142,-0.200,0.012,-0.894,-0.024,0,1731,198,-199,36,16.100,305,305
173832,0.000,-0.002,0.001,-0.001,0.940,0.032,-0.309,0.140,-0.200,0.012,-0.905,-0.023,0,1657,200,-200,36,16.100,305,305
173932,0.000,-0.001,-0.001,-0.001,0.940,0.030,-0.310,0.138,-0.200,0.013,-0.903,-0.027,0,1487,199,-200,36,16.080,305,305
174032,0.040,-0.001,-0.002,0.000,0.939,0.027,-0.315,0.135,-0.200,0.016,-0.895,-0.032,0,1301,199,-200,36,16.080,305,305
174132,-0.070,-0.000,-0.000,0.000,0.938,0.025,-0.317,0.135,-0.200,0.018,-0.892,-0.035,0,1168,199,-200,36,16.080,305,305
174232,0.000,0.000,-0.001,-0.000,0.938,0.026,-0.318,0.136,-0.200,0.017,-0.890,-0.034,0,1209,199,-200,36,16.080,305,305
174332,0.020,-0.000,-0.002,0.001,0.936,0.026,-0.322,0.137,-0.200,0.017,-0.882,-0.035,0,1041,199,-200,36,16.080,305,305
174432,0.000,-0.000,-0.004,0.002,0.933,0.026,-0.331,0.140,-0.200,0.019,-0.865,-0.041,0,682,199,-200,36,16.080,305,305
174532,0.030,-0.001,-0.007,0.003,0.925,0.025,-0.349,0.147,-0.200,0.023,-0.827,-0.052,778,0,199,-200,36,16.080,305,305
174632,-0.030,0.000,-0.002,0.001,0.921,0.025,-0.360,0.150,-0.200,0.025,-0.810,-0.057,957,0,199,-200,36,16.080,305,305
174732,-0.180,0.000,0.000,-0.000,0.919,0.026,-0.362,0.151,-0.200,0.025,-0.805,-0.057,1002,0,199,-200,36,16.080,305,305
174832,-0.010,0.000,-0.005,0.001,0.917,0.028,-0.368,0.153,-0.200,0.024,-0.793,-0.057,1103,0,199,-200,36,16.080,305,305
174932,-0.060,0.000,-0.008,0.001,0.909,0.030,-0.386,0.156,-0.200,0.024,-0.757,-0.060,1363,0,188,-189,36,16.090,305,305
175032,-0.070,0.001,-0.015,0.001,0.897,0.035,-0.412,0.157,-0.200,0.023,-0.705,-0.063,1543,0,166,-167,36,16.090,305,305
175132,-0.280,0.001,-0.025,0.002,0.871,0.044,-0.461,0.162,-0.200,0.021,-0.598,-0.069,1791,0,115,-116,36,16.100,305,305
175232,-0.280,0.000,-0.027,0.001,0.833,0.056,-0.527,0.162,-0.200,0.017,-0.451,-0.076,2091,0,67,-68,36,16.100,305,305
175332,-0.240,-0.000,-0.021,-0.003,0.800,0.066,-0.576,0.155,-0.200,0.012,-0.332,-0.073,2242,0,66,-66,36,16.100,305,305
175432,-0.510,0.003,-0.016,-0.004,0.767,0.083,-0.620,0.139,-0.200,0.005,-0.218,-0.045,2125,914,62,-62,36,16.100,305,305
175532,-0.340,0.001,-0.015,0.001,0.744,0.093,-0.648,0.135,-0.200,0.003,-0.145,-0.036,2177,557,62,-63,36,16.100,305,305
175632,-0.360,0.002,-0.023,0.001,0.704,0.104,-0.690,0.135,-0.200,0.000,-0.027,-0.040,2330,0,23,-24,36,16.100,305,305
175732,0.100,0.001,-0.012,-0.001,0.667,0.115,-0.724,0.135,-0.200,-0.002,0.073,-0.042,2203,0,24,-24,36,16.110,305,305
175832,0.050,-0.001,-0.006,-0.001,0.650,0.121,-0.739,0.129,-0.200,-0.002,0.124,-0.033,1792,0,47,-47,36,16.110,305,305
175932,0.060,-0.002,-0.000,-0.001,0.644,0.121,-0.746,0.123,-0.200,-0.002,0.141,-0.028,1754,0,62,-63,36,16.110,305,305
176032,0.020,0.001,0.000,-0.002,0.642,0.124,-0.747,0.119,-0.200,-0.001,0.148,-0.020,1665,0,68,-69,36,16.110,305,305
176132,0.020,-0.000,-0.003,-0.003,0.643,0.129,-0.746,0.115,-0.200,-0.000,0.146,-0.006,1434,0,70,-71,36,16.110,305,305
176232,0.020,0.002,-0.004,-0.000,0.635,0.135,-0.753,0.112,-0.200,0.000,0.170,0.004,1353,0,52,-53,36,16.090,305,305
176332,-0.260,0.001,-0.000,0.002,0.624,0.134,-0.761,0.114,-0.200,-0.001,0.195,-0.007,1840,0,50,-50,36,16.090,305,305
176432,-0.280,0.003,0.000,0.002,0.619,0.136,-0.764,0.122,-0.200,-0.002,0.206,-0.018,2014,0,51,-52,36,16.090,305,305
176532,0.110,0.005,-0.001,0.004,0.619,0.134,-0.762,0.134,-0.200,-0.004,0.198,-0.038,2357,0,59,-60,36,16.100,305,305
176632,-0.030,0.007,-0.006,0.001,0.606,0.142,-0.768,0.150,-0.200,-0.007,0.223,-0.057,2579,0,36,-37,36,16.100,305,305
176732,0.400,-0.012,0.010,-0.002,0.614,0.140,-0.763,0.145,-0.200,-0.005,0.206,-0.050,2332,0,71,-72,36,16.090,305,305
176832,-0.340,-0.010,-0.005,-0.001,0.621,0.127,-0.764,0.121,-0.200,-0.003,0.201,-0.027,1980,0,50,-51,36,16.090,305,305
176932,-0.090,-0.005,-0.007,-0.000,0.609,0.120,-0.778,0.103,-0.200,-0.002,0.240,-0.015,1953,0,20,-21,36,16.090,305,305
177032,0.180,-0.006,-0.004,-0.002,0.605,0.113,-0.783,0.091,-0.200,-0.001,0.253,-0.005,1796,0,29,-29,35,16.090,305,305
177132,0.020,-0.003,-0.000,-0.001,0.597,0.108,-0.791,0.075,-0.200,0.001,0.277,0.010,1602,0,25,-25,35,16.090,305,305
177232,0.160,0.002,0.002,-0.005,0.605,0.116,-0.785,0.067,-0.200,0.004,0.262,0.034,959,0,41,-41,36,16.090,305,305
177332,-0.020,-0.001,-0.001,-0.002,0.601,0.125,-0.787,0.064,-0.200,0.007,0.272,0.049,606,0,25,-26,36,16.090,305,305
177432,-0.060,-0.000,0.007,0.000,0.611,0.124,-0.780,0.059,-0.200,0.007,0.248,0.059,170,0,48,-49,36,16.090,305,305
177532,-0.260,0.005,0.014,0.007,0.632,0.121,-0.762,0.073,-0.200,0.004,0.191,0.041,1453,0,79,-80,36,16.090,305,305
177632,0.100,-0.001,-0.010,0.002,0.632,0.113,-0.762,0.087,-0.200,0.001,0.187,0.011,1914,0,30,-31,36,16.090,305,305
177732,-0.150,0.002,0.007,0.001,0.636,0.114,-0.757,0.093,-0.200,0.000,0.174,0.004,1826,0,52,-52,36,16.090,305,305
177832,-0.060,0.001,0.007,-0.001,0.646,0.115,-0.748,0.096,-0.200,0.000,0.147,0.004,1653,0,59,-59,36,16.090,305,305
177932,-0.090,0.001,0.003,-0.001,0.657,0.120,-0.737,0.099,-0.200,0.001,0.116,0.012,1382,0,61,-62,36,16.090,305,305
178032,-0.140,-0.001,-0.001,0.000,0.661,0.121,-0.734,0.097,-0.200,0.001,0.107,0.017,1272,0,47,-47,36,16.080,305,305
178132,0.230,-0.001,-0.005,0.002,0.656,0.119,-0.739,0.098,-0.200,0.001,0.121,0.010,1498,0,30,-31,36,16.080,305,305
178232,0.260,-0.001,0.001,-0.001,0.653,0.114,-0.743,0.096,-0.200,0.000,0.129,0.006,1528,0,36,-37,36,16.080,305,305
178332,0.070,-0.000,0.002,0.001,0.656,0.112,-0.740,0.094,-0.200,0.000,0.121,0.008,1445,0,43,-44,36,16.070,305,305
178432,-0.140,-0.000,-0.002,0.001,0.656,0.108,-0.740,0.096,-0.200,-0.000,0.120,-0.001,1637,0,34,-35,36,16.070,305,305
178532,0.050,-0.001,0.002,-0.001,0.656,0.108,-0.742,0.092,-0.200,0.000,0.124,0.005,1414,0,37,-37,36,16.080,305,305
178632,0.080,-0.001,-0.002,0.000,0.656,0.108,-0.742,0.087,-0.200,0.001,0.123,0.012,1206,0,32,-33,36,16.080,305,305
178732,-0.040,-0.001,0.001,0.001,0.656,0.104,-0.742,0.088,-0.200,0.000,0.123,0.006,1468,0,35,-36,36,16.080,305,305
178832,-0.120,-0.001,-0.002,-0.000,0.655,0.102,-0.744,0.088,-0.200,0.000,0.127,0.003,1479,0,28,-29,36,16.090,305,305
178932,0.080,-0.000,-0.000,-0.000,0.652,0.103,-0.747,0.087,-0.200,0.000,0.136,0.005,1397,0,25,-25,36,16.090,305,305
179032,0.050,0.000,-0.001,0.000,0.651,0.103,-0.747,0.087,-0.200,0.000,0.138,0.004,1403,0,25,-26,36,16.080,305,305
179132,0.030,-0.000,-0.000,-0.000,0.651,0.104,-0.747,0.087,-0.200,0.000,0.139,0.004,1403,0,26,-26,36,16.080,305,305
179232,-0.060,0.000,0.001,0.000,0.652,0.103,-0.747,0.087,-0.200,0.000,0.136,0.004,1409,0,28,-28,36,16.080,305,305
179332,-0.050,-0.000,-0.000,-0.001,0.652,0.104,-0.746,0.086,-0.200,0.000,0.136,0.006,1301,0,24,-24,36,16.100,305,305
179432,0.120,-0.000,-0.001,-0.000,0.650,0.104,-0.748,0.085,-0.200,0.001,0.141,0.008,1264,0,19,-19,36,16.100,305,305
179532,0.010,0.000,-0.001,0.001,0.648,0.104,-0.750,0.086,-0.200,0.000,0.147,0.005,1359,0,16,-17,36,16.100,305,305
179632,0.070,0.000,0.000,0.000,0.648,0.103,-0.749,0.086,-0.200,0.000,0.145,0.005,1335,0,20,-21,36,16.100,305,305
179732,0.030,0.000,0.000,0.000,0.648,0.103,-0.749,0.086,-0.200,0.000,0.145,0.005,1330,0,18,-19,36,16.100,305,305
179832,-0.130,-0.000,-0.000,0.000,0.648,0.103,-0.750,0.087,-0.200,0.000,0.146,0.003,1363,0,15,-16,36,16.090,305,305
179932,-0.100,-0.000,-0.001,0.000,0.647,0.103,-0.751,0.088,-0.200,0.000,0.148,0.001,1385,0,12,-13,36,16.090,305,305
180032,0.050,-0.000,-0.001,-0.002,0.646,0.104,-0.751,0.086,-0.200,0.000,0.150,0.005,1206,0,12,-12,36,16.090,305,305
180132,0.140,-0.001,0.001,-0.001,0.651,0.106,-0.747,0.082,-0.200,0.001,0.140,0.016,800,0,20,-20,36,16.090,305,305
180232,0.010,-0.001,-0.000,0.001,0.653,0.104,-0.747,0.078,-0.200,0.001,0.136,0.019,824,0,14,-15,36,16.090,305,305
180332,0.010,-0.000,0.002,0.000,0.654,0.101,-0.745,0.077,-0.200,0.001,0.132,0.017,945,0,17,-17,36,16.070,305,305
180432,-0.080,0.001,0.002,0.001,0.657,0.100,-0.743,0.078,-0.200,0.001,0.125,0.016,962,0,17,-17,36,16.070,305,305
180532,0.000,0.000,-0.001,-0.000,0.658,0.101,-0.742,0.080,-0.200,0.001,0.122,0.015,902,0,12,-13,36,16.070,305,305
180632,-0.110,-0.000,-0.000,-0.002,0.656,0.103,-0.744,0.077,-0.200,0.001,0.127,0.020,495,0,7,-7,35,16.070,305,305
180732,-0.060,0.000,0.000,-0.002,0.657,0.107,-0.743,0.075,-0.200,0.002,0.127,0.029,0,743,8,-9,35,16.070,305,305
180832,0.010,-0.001,0.001,-0.001,0.657,0.108,-0.742,0.072,-0.200,0.002,0.126,0.035,0,945,9,-9,36,16.090,305,305
180932,0.000,-0.001,0.001,-0.000,0.662,0.107,-0.738,0.069,-0.200,0.002,0.113,0.040,0,1095,15,-16,36,16.090,305,305
181032,-0.080,-0.001,-0.001,0.002,0.662,0.101,-0.740,0.068,-0.200,0.002,0.114,0.033,0,743,5,-6,36,16.090,305,305
181132,-0.010,0.001,-0.002,0.001,0.658,0.098,-0.743,0.073,-0.200,0.001,0.123,0.021,120,0,-1,0,36,16.080,305,305
181232,0.090,0.001,0.001,-0.001,0.656,0.100,-0.744,0.074,-0.200,0.001,0.128,0.021,0,675,1,-1,36,16.080,305,305
181332,-0.050,0.000,0.000,-0.001,0.658,0.103,-0.742,0.073,-0.200,0.002,0.123,0.028,0,1147,4,-5,36,16.080,305,305
181432,0.000,-0.000,-0.000,-0.000,0.659,0.105,-0.742,0.071,-0.200,0.002,0.122,0.033,0,1299,2,-3,36,16.080,305,305
181532,0.000,0.000,-0.000,0.000,0.659,0.105,-0.741,0.071,-0.200,0.002,0.121,0.033,0,1328,1,-1,36,16.080,305,305
181632,-0.080,-0.000,-0.000,0.000,0.659,0.105,-0.741,0.071,-0.200,0.002,0.121,0.033,0,1368,-1,0,36,16.080,305,305
181732,-0.150,0.000,-0.001,-0.000,0.659,0.107,-0.742,0.072,-0.200,0.002,0.123,0.034,0,1467,-3,3,36,16.080,305,305
181832,-0.030,0.000,-0.001,-0.001,0.658,0.108,-0.742,0.072,-0.200,0.002,0.125,0.036,0,1578,-6,5,36,16.080,305,305
181932,-0.090,0.000,-0.001,0.000,0.656,0.110,-0.743,0.071,-0.200,0.002,0.128,0.038,0,1659,-8,7,36,16.080,305,305
182032,0.320,-0.002,-0.001,-0.000,0.654,0.110,-0.745,0.071,-0.200,0.002,0.134,0.038,0,1737,-11,10,36,16.040,2688,2323
182132,0.430,0.000,-0.000,0.000,0.653,0.110,-0.746,0.072,-0.200,0.002,0.137,0.036,0,1716,-11,11,36,16.040,2688,2323
182232,0.030,-0.000,0.001,0.000,0.654,0.110,-0.745,0.072,-0.200,0.002,0.135,0.036,0,1804,-8,8,36,16.040,2688,2323
182332,-0.030,-0.000,0.001,-0.000,0.656,0.110,-0.744,0.072,-0.200,0.002,0.130,0.036,0,1865,-7,6,36,16.060,540,1832
182432,-0.270,0.000,-0.000,-0.000,0.656,0.110,-0.743,0.072,-0.200,0.002,0.130,0.037,0,1937,-11,10,36,16.060,540,1832
182532,-0.050,0.000,-0.000,0.000,0.656,0.109,-0.744,0.071,-0.200,0.002,0.130,0.037,0,1996,-13,12,36,16.060,540,1832
182632,-0.010,0.000,-0.000,-0.000,0.655,0.109,-0.745,0.071,-0.200,0.002,0.133,0.038,0,2057,-16,15,36,16.090,1008,1996
182732,0.160,-0.000,-0.000,0.000,0.655,0.109,-0.745,0.071,0.000,0.002,0.133,0.037,0,2090,-16,15,36,16.090,1008,1996
182832,-0.110,0.000,-0.000,0.000,0.654,0.109,-0.745,0.072,0.000,0.002,0.134,0.035,0,2167,-18,17,36,16.080,1684,2076
182932,-0.120,-0.000,-0.000,0.000,0.654,0.108,-0.745,0.072,0.000,0.002,0.134,0.033,0,2194,-18,18,36,16.080,1684,2076
183032,0.010,-0.000,-0.001,-0.000,0.653,0.108,-0.746,0.072,0.000,0.002,0.137,0.033,0,2397,-21,21,36,16.080,1684,2076
183132,-0.060,0.000,-0.000,-0.000,0.652,0.109,-0.747,0.072,0.000,0.002,0.139,0.035,0,2519,-22,22,36,16.090,382,2470
183232,-0.190,0.001,-0.002,0.001,0.650,0.110,-0.748,0.074,0.000,0.002,0.145,0.033,0,2590,-28,27,36,16.090,382,2470
183332,0.010,0.002,-0.003,-0.001,0.645,0.112,-0.752,0.077,0.000,0.002,0.157,0.030,0,2713,-35,35,36,16.100,703,2693
183432,0.000,-0.001,0.000,-0.002,0.643,0.116,-0.753,0.073,0.000,0.003,0.163,0.040,0,2880,-33,32,36,16.100,703,2693
183532,0.010,-0.001,-0.001,0.001,0.646,0.115,-0.752,0.072,0.000,0.003,0.156,0.040,0,2763,-28,27,36,16.100,703,2693
183632,0.260,-0.001,0.001,0.002,0.647,0.109,-0.751,0.070,0.000,0.003,0.152,0.035,0,2699,-26,25,36,16.080,1197,2741
183732,0.000,0.001,0.000,0.002,0.648,0.105,-0.750,0.076,0.000,0.002,0.148,0.022,0,2479,-29,28,36,16.080,1197,2741
183832,0.140,0.001,0.001,-0.001,0.647,0.105,-0.751,0.081,0.000,0.001,0.149,0.014,0,2537,-32,31,36,16.080,1197,2741
183932,0.000,0.001,-0.000,-0.001,0.648,0.110,-0.750,0.080,0.000,0.002,0.148,0.022,0,2818,-34,33,36,16.090,1376,2604
184032,-0.250,0.001,-0.001,0.000,0.645,0.112,-0.752,0.082,0.000,0.002,0.155,0.021,0,2826,-41,40,36,16.090,1376,2604
184132,0.080,-0.000,0.000,-0.000,0.644,0.113,-0.753,0.083,0.000,0.002,0.159,0.021,0,2716,-40,39,36,16.090,507,2723
184232,0.290,0.000,-0.000,0.000,0.643,0.117,-0.752,0.086,0.000,0.002,0.157,0.020,0,2684,-39,38,36,16.090,507,2723
184332,0.100,-0.000,0.000,0.000,0.644,0.116,-0.751,0.086,0.000,0.002,0.156,0.021,0,2770,-39,39,36,16.090,507,2723
184432,-0.100,-0.000,-0.001,-0.000,0.644,0.115,-0.752,0.084,0.000,0.002,0.157,0.021,0,2887,-43,42,36,16.070,875,2777
184532,0.580,0.000,-0.000,-0.000,0.642,0.115,-0.753,0.084,0.000,0.002,0.162,0.021,0,2818,-46,46,36,16.070,875,2777
184632,0.070,-0.000,-0.000,-0.001,0.642,0.115,-0.754,0.083,0.000,0.002,0.164,0.022,0,2791,-47,46,36,16.060,1619,2796
184732,-0.080,0.000,0.000,0.000,0.642,0.115,-0.753,0.084,0.000,0.002,0.162,0.021,0,2758,-46,45,36,16.060,1619,2796
184832,-0.100,0.000,0.001,-0.000,0.643,0.114,-0.753,0.083,0.000,0.002,0.159,0.022,0,2771,-46,45,36,16.060,1619,2796
184932,0.350,-0.000,0.001,-0.001,0.645,0.115,-0.751,0.082,-0.200,0.002,0.154,0.026,0,2710,-45,45,36,16.090,376,2777
185032,-0.080,0.000,0.000,-0.001,0.647,0.117,-0.749,0.081,-0.200,0.002,0.151,0.030,0,2795,-48,47,36,16.090,376,2777
185132,0.000,-0.000,-0.001,-0.001,0.646,0.118,-0.750,0.080,-0.200,0.002,0.153,0.033,0,2673,-52,52,36,16.100,305,305
185232,0.120,0.000,0.000,0.000,0.645,0.119,-0.751,0.079,-0.200,0.003,0.156,0.034,0,2543,-55,54,36,16.100,305,305
185332,-0.010,0.000,0.000,0.000,0.645,0.118,-0.751,0.080,-0.200,0.003,0.156,0.033,0,2511,-54,53,36,16.100,305,305
185432,-0.040,0.000,0.000,-0.000,0.645,0.119,-0.750,0.080,-0.200,0.003,0.155,0.034,0,2536,-55,54,36,16.090,305,305
185532,-0.030,0.000,-0.000,-0.000,0.645,0.120,-0.751,0.079,-0.200,0.003,0.157,0.035,0,2539,-58,58,36,16.090,305,305
185632,0.020,0.000,-0.000,-0.000,0.644,0.120,-0.751,0.079,-0.200,0.003,0.158,0.035,0,2537,-60,59,36,16.080,305,305
185732,-0.030,0.000,0.000,0.001,0.644,0.120,-0.751,0.080,-0.200,0.003,0.158,0.033,0,2497,-61,60,36,16.080,305,305
185832,-0.060,0.000,0.000,0.001,0.645,0.118,-0.751,0.082,-0.200,0.002,0.156,0.030,0,2454,-61,60,36,16.090,305,305
185932,0.010,0.000,-0.000,-0.000,0.644,0.118,-0.751,0.083,-0.200,0.002,0.157,0.027,0,2435,-64,63,36,16.090,305,305
186032,0.040,-0.000,0.000,-0.000,0.645,0.117,-0.751,0.083,-0.200,0.002,0.156,0.026,0,2440,-64,63,36,16.090,305,305
186132,-0.010,-0.000,0.000,-0.000,0.645,0.117,-0.750,0.082,-0.200,0.002,0.154,0.029,0,2497,-64,64,36,16.100,305,305
186232,0.060,0.000,-0.000,0.000,0.646,0.117,-0.750,0.082,-0.200,0.002,0.154,0.028,0,2466,-66,65,36,16.100,305,305
186332,-0.040,0.000,-0.000,-0.000,0.645,0.117,-0.750,0.081,-0.200,0.002,0.154,0.029,0,2494,-68,67,36,16.090,305,305
186432,0.000,0.000,0.000,-0.000,0.646,0.118,-0.750,0.081,-0.200,0.002,0.154,0.031,0,2509,-70,69,36,16.090,305,305
186532,0.050,0.000,0.000,0.000,0.646,0.118,-0.750,0.081,-0.200,0.002,0.153,0.031,0,2497,-70,70,36,16.090,305,305
186632,-0.020,-0.000,-0.000,-0.000,0.646,0.118,-0.750,0.081,-0.200,0.002,0.152,0.031,0,2497,-72,71,36,16.100,305,305
186732,-0.050,0.000,-0.000,-0.000,0.646,0.118,-0.750,0.081,-0.200,0.002,0.153,0.030,0,2487,-74,73,36,16.100,305,305
186832,-0.040,0.001,0.001,0.000,0.646,0.118,-0.749,0.083,-0.200,0.002,0.151,0.029,0,2464,-73,73,36,16.100,305,305
186932,-0.050,-0.000,-0.000,-0.001,0.648,0.121,-0.748,0.083,-0.200,0.002,0.148,0.032,0,2541,-74,73,36,16.100,305,305
187032,0.130,0.000,-0.001,0.001,0.647,0.122,-0.749,0.081,-0.200,0.003,0.151,0.035,0,2563,-79,78,36,16.100,305,305
187132,0.070,-0.000,0.000,0.001,0.647,0.119,-0.749,0.084,-0.200,0.002,0.150,0.028,0,2423,-78,77,37,16.100,305,305
187232,0.000,0.001,0.000,0.001,0.648,0.117,-0.748,0.086,-0.200,0.002,0.145,0.024,0,2374,-77,76,37,16.100,305,305
187332,-0.110,0.001,0.002,0.000,0.650,0.118,-0.745,0.090,-0.200,0.001,0.139,0.019,0,2344,-74,74,36,16.090,305,305
187432,-0.230,0.000,0.002,-0.003,0.652,0.120,-0.743,0.092,-0.200,0.001,0.133,0.020,0,2438,-75,74,36,16.090,305,305
187532,0.140,0.001,-0.003,-0.003,0.652,0.127,-0.742,0.088,-0.200,0.002,0.134,0.035,0,2653,-84,84,36,16.090,305,305
187632,0.250,-0.001,0.002,-0.000,0.652,0.130,-0.742,0.086,-0.200,0.003,0.137,0.042,0,2677,-81,81,36,16.090,305,305
187732,-0.150,-0.000,0.003,0.002,0.654,0.126,-0.741,0.086,-0.200,0.002,0.128,0.036,0,2502,-76,75,36,16.090,305,305
187832,0.280,-0.001,-0.001,-0.003,0.658,0.125,-0.737,0.087,-0.200,0.002,0.119,0.037,0,2563,-78,77,36,16.100,305,305
187932,-0.230,-0.001,-0.006,-0.002,0.652,0.130,-0.743,0.082,-0.200,0.003,0.137,0.048,0,2770,-98,97,36,16.100,305,305
188032,-0.360,0.002,0.004,0.000,0.648,0.138,-0.745,0.080,-0.200,0.004,0.149,0.060,0,3019,-92,91,36,16.080,305,305
188132,-0.070,0.001,0.007,0.002,0.661,0.137,-0.732,0.088,-0.200,0.003,0.110,0.052,0,2632,-62,61,36,16.080,305,305
188232,0.000,-0.003,-0.004,0.000,0.662,0.131,-0.732,0.093,-0.200,0.002,0.106,0.037,0,2429,-86,86,36,16.080,305,305
188332,-0.010,-0.001,-0.001,0.000,0.659,0.130,-0.735,0.088,-0.200,0.002,0.116,0.042,0,2591,-93,92,36,16.090,1088,2682
188432,0.270,-0.001,-0.001,0.002,0.655,0.124,-0.740,0.087,-0.200,0.002,0.127,0.034,0,2441,-98,97,36,16.090,1088,2682
188532,0.100,-0.003,0.002,-0.000,0.658,0.119,-0.739,0.085,-0.200,0.002,0.121,0.031,0,2455,-87,86,36,16.080,1100,2446
188632,0.080,0.001,-0.002,0.002,0.657,0.116,-0.739,0.088,-0.200,0.001,0.120,0.023,0,2321,-93,93,36,16.080,1100,2446
188732,0.000,-0.000,0.001,0.001,0.656,0.114,-0.740,0.092,-0.200,0.001,0.122,0.014,0,2223,-92,92,36,16.090,550,2232
188832,0.270,0.000,0.000,0.000,0.659,0.114,-0.738,0.092,-0.200,0.001,0.116,0.014,0,2320,-90,90,36,16.090,550,2232
188932,-0.180,0.000,-0.000,-0.000,0.659,0.118,-0.737,0.096,-0.200,0.001,0.113,0.014,0,2351,-92,91,36,16.090,550,2232
189032,-0.310,0.001,-0.001,0.000,0.658,0.119,-0.737,0.097,-0.200,0.001,0.116,0.013,0,2365,-97,96,37,16.080,1008,2349
189132,-0.020,-0.000,-0.001,0.000,0.655,0.120,-0.740,0.097,-0.200,0.001,0.124,0.013,0,2338,-102,101,37,16.080,1008,2349
189232,0.120,-0.000,0.000,-0.000,0.654,0.120,-0.740,0.097,-0.200,0.001,0.125,0.013,0,2349,-99,98,37,16.090,1594,2358
189332,-0.180,0.000,-0.001,0.000,0.653,0.120,-0.742,0.097,-0.200,0.001,0.129,0.013,0,2348,-103,102,37,16.090,1594,2358
189432,-0.050,-0.001,-0.001,-0.000,0.651,0.119,-0.743,0.095,-0.200,0.001,0.133,0.014,0,2367,-106,105,37,16.090,1594,2358
189532,0.260,0.000,0.000,-0.000,0.650,0.119,-0.744,0.094,-0.200,0.001,0.137,0.015,0,2374,-106,105,36,16.100,497,2376
189632,-0.170,-0.000,0.000,-0.000,0.650,0.119,-0.744,0.094,-0.200,0.001,0.136,0.015,0,2382,-105,104,36,16.100,497,2376
189732,0.120,0.000,-0.001,-0.001,0.649,0.121,-0.745,0.094,-0.200,0.001,0.139,0.017,0,2416,-108,107,37,16.080,875,2403
189832,0.000,-0.000,-0.000,-0.002,0.648,0.125,-0.746,0.090,-0.200,0.002,0.144,0.027,0,2558,-112,111,37,16.080,875,2403
189932,-0.100,-0.000,0.001,0.002,0.650,0.121,-0.745,0.088,-0.200,0.002,0.141,0.026,0,2459,-108,107,37,16.080,875,2403
190032,-0.020,-0.001,0.001,-0.000,0.651,0.118,-0.745,0.088,-0.200,0.002,0.138,0.023,0,2417,-108,108,36,16.080,1631,2450
190132,-0.090,-0.001,0.001,-0.000,0.653,0.117,-0.743,0.085,-0.200,0.002,0.132,0.026,0,2481,-107,106,36,16.080,1631,2450
190232,-0.170,-0.000,0.000,0.001,0.655,0.116,-0.741,0.088,-0.200,0.001,0.127,0.021,0,2379,-108,108,36,16.080,434,2431
190332,-0.040,0.000,-0.001,-0.001,0.655,0.117,-0.742,0.088,-0.200,0.001,0.128,0.022,0,2465,-114,113,36,16.080,434,2431
190432,0.180,0.000,-0.001,0.000,0.652,0.118,-0.744,0.088,-0.200,0.002,0.135,0.024,0,2442,-118,117,36,16.080,434,2431
190532,0.260,-0.001,0.000,0.000,0.652,0.117,-0.744,0.087,-0.200,0.002,0.136,0.023,0,2433,-117,116,36,16.090,837,2446
190632,0.140,-0.001,0.001,0.000,0.653,0.115,-0.744,0.086,-0.200,0.001,0.133,0.022,0,2417,-115,114,36,16.090,837,2446
190732,-0.040,-0.000,0.000,-0.000,0.655,0.115,-0.742,0.085,0.000,0.001,0.127,0.024,0,2466,-115,114,37,16.090,1433,2403
190832,0.020,-0.001,0.001,-0.001,0.657,0.115,-0.741,0.082,0.000,0.002,0.124,0.029,0,2627,-114,113,37,16.090,1433,2403
190932,0.040,-0.002,-0.000,-0.000,0.658,0.111,-0.741,0.076,0.000,0.002,0.123,0.034,0,2644,-118,117,37,16.070,510,2659
191032,0.100,-0.002,-0.001,0.002,0.658,0.106,-0.742,0.073,0.000,0.002,0.124,0.031,0,2515,-121,120,37,16.070,510,2659
191132,-0.120,-0.002,0.002,0.001,0.660,0.096,-0.742,0.069,0.000,0.001,0.121,0.024,0,2418,-115,114,37,16.070,510,2659
191232,0.360,-0.001,0.000,0.001,0.662,0.091,-0.741,0.068,0.000,0.001,0.115,0.020,0,2363,-115,114,36,16.050,1183,2413
191332,-0.050,-0.001,0.001,0.000,0.664,0.088,-0.740,0.066,0.000,0.001,0.110,0.018,0,2359,-113,112,36,16.050,1183,2413
191432,0.080,0.001,0.000,0.000,0.666,0.086,-0.738,0.067,0.000,0.001,0.105,0.016,0,2330,-113,112,36,16.080,342,2376
191532,-0.060,0.001,0.001,0.000,0.667,0.086,-0.737,0.069,0.000,0.001,0.102,0.013,0,2382,-113,112,36,16.080,342,2376
191632,0.130,0.001,0.000,-0.001,0.667,0.088,-0.737,0.070,0.000,0.001,0.101,0.014,0,2445,-115,115,36,16.080,785,2455
191732,-0.040,0.001,-0.001,-0.001,0.666,0.091,-0.737,0.070,0.000,0.001,0.103,0.018,0,2514,-117,116,36,16.080,785,2455
191832,0.130,0.000,-0.000,0.000,0.664,0.093,-0.738,0.071,0.000,0.001,0.108,0.018,0,2418,-120,119,36,16.080,785,2455
191932,-0.170,0.000,-0.001,-0.001,0.664,0.095,-0.738,0.071,0.000,0.001,0.108,0.022,0,2525,-118,117,37,16.100,1531,2431
192032,0.120,-0.000,-0.000,-0.001,0.664,0.098,-0.738,0.070,0.000,0.001,0.109,0.027,0,2524,-118,117,37,16.100,1531,2431
192132,0.160,0.000,-0.001,-0.000,0.662,0.099,-0.739,0.069,0.000,0.002,0.113,0.029,0,2519,-120,119,36,16.080,388,2530
192232,-0.140,0.000,0.001,-0.000,0.662,0.101,-0.739,0.070,0.000,0.002,0.113,0.030,0,2607,-117,116,36,16.080,388,2530
192332,-0.200,0.000,0.001,0.000,0.664,0.101,-0.738,0.070,0.000,0.002,0.109,0.031,0,2591,-115,114,37,16.080,754,2556
192432,0.080,0.000,0.002,0.000,0.666,0.101,-0.735,0.072,0.000,0.001,0.102,0.029,0,2511,-111,110,37,16.080,754,2556
192532,-0.060,-0.000,0.003,0.001,0.671,0.098,-0.731,0.075,0.000,0.001,0.087,0.022,0,2451,-103,103,37,16.080,754,2556
192632,-0.020,-0.001,0.000,0.001,0.673,0.096,-0.729,0.075,0.000,0.001,0.082,0.019,0,2378,-109,108,37,16.100,1702,2413
192732,0.000,-0.000,-0.001,-0.001,0.674,0.096,-0.729,0.074,0.000,0.001,0.082,0.021,0,2562,-112,112,37,16.100,1702,2413
192832,0.000,0.000,-0.001,-0.000,0.672,0.098,-0.730,0.073,0.000,0.001,0.086,0.026,0,2661,-116,115,37,16.060,473,2659
192932,0.320,-0.002,0.001,0.002,0.674,0.096,-0.729,0.073,0.000,0.001,0.082,0.022,0,2483,-110,110,37,16.060,473,2659
193032,-0.040,-0.000,0.002,-0.001,0.677,0.093,-0.727,0.069,0.000,0.001,0.074,0.025,0,2637,-104,104,37,16.060,473,2659
193132,-0.170,0.001,-0.001,0.000,0.676,0.095,-0.728,0.067,0.000,0.001,0.078,0.031,0,2762,-115,114,37,16.060,1001,2626
193232,-0.030,0.000,-0.000,0.001,0.676,0.095,-0.727,0.070,0.000,0.001,0.076,0.027,0,2674,-112,111,37,16.060,1001,2626
193332,0.200,-0.000,0.000,0.001,0.677,0.094,-0.727,0.071,0.000,0.001,0.074,0.024,0,2610,-110,109,37,16.070,1477,2735
193432,-0.100,0.001,0.000,0.000,0.677,0.093,-0.727,0.072,0.000,0.001,0.074,0.022,0,2624,-111,110,37,16.070,1477,2735
193532,0.030,-0.000,0.000,0.000,0.677,0.093,-0.726,0.074,0.000,0.001,0.073,0.019,0,2549,-110,110,37,16.070,538,2551
193632,0.030,0.000,0.000,0.000,0.679,0.093,-0.725,0.074,0.008,0.001,0.068,0.019,0,2629,-108,107,37,16.070,538,2551
193732,-0.190,-0.001,-0.000,-0.000,0.678,0.096,-0.724,0.077,0.063,0.001,0.068,0.019,0,2746,-110,109,37,16.070,538,2551
193832,0.160,-0.001,-0.001,0.001,0.677,0.094,-0.726,0.073,0.078,0.001,0.073,0.021,0,2938,-114,113,36,16.070,1124,2759
193932,0.100,0.000,-0.001,0.003,0.676,0.089,-0.727,0.077,0.122,0.000,0.074,0.007,0,2733,-113,113,36,16.070,1124,2759
194032,0.240,0.000,0.000,-0.000,0.675,0.088,-0.728,0.081,0.169,0.000,0.075,0.000,0,2836,-112,111,37,16.070,662,2693
194132,-0.040,0.000,0.000,-0.000,0.676,0.089,-0.727,0.081,0.180,0.000,0.073,0.003,0,3119,-110,109,37,16.070,662,2693
194232,-0.190,0.000,0.000,-0.000,0.676,0.090,-0.727,0.080,0.200,0.000,0.073,0.006,602,3318,-111,110,36,16.070,600,3272
194332,-0.390,-0.001,-0.001,-0.000,0.675,0.091,-0.728,0.080,0.251,0.000,0.077,0.006,1420,3559,-115,115,36,16.070,600,3272
194432,-0.080,-0.002,-0.001,-0.001,0.673,0.088,-0.730,0.076,0.306,0.000,0.082,0.008,1996,3846,-116,115,36,16.070,600,3272
194532,0.010,-0.003,-0.001,-0.001,0.673,0.087,-0.731,0.071,0.314,0.001,0.084,0.013,2262,4102,-115,114,37,16.060,2016,3918
194632,0.240,-0.002,-0.000,-0.002,0.671,0.086,-0.733,0.062,0.314,0.001,0.091,0.026,2337,4335,-117,116,37,16.060,2016,3918
194732,0.000,-0.004,0.001,0.000,0.672,0.082,-0.734,0.053,0.318,0.001,0.091,0.033,2544,4496,-114,113,37,16.080,2422,4401
194832,-0.250,-0.003,-0.001,0.001,0.674,0.074,-0.733,0.048,0.314,0.001,0.086,0.030,2906,4577,-112,111,37,16.080,2422,4401
194932,-0.340,-0.003,0.001,-0.000,0.675,0.069,-0.733,0.045,0.302,0.001,0.085,0.028,3237,4761,-111,110,37,16.090,3148,4699
195032,-0.140,-0.001,0.002,-0.000,0.678,0.067,-0.731,0.040,0.302,0.001,0.078,0.032,3440,4968,-107,105,37,16.090,3148,4699
195132,-0.200,-0.000,0.001,-0.001,0.680,0.067,-0.730,0.037,0.302,0.001,0.074,0.037,3680,5214,-109,108,37,16.090,3148,4699
195232,0.090,0.001,-0.001,-0.002,0.680,0.070,-0.729,0.034,0.302,0.002,0.072,0.046,3762,5375,-111,110,37,16.080,3676,5241
195332,0.310,0.002,-0.000,-0.001,0.679,0.076,-0.730,0.036,0.302,0.002,0.077,0.051,3841,5442,-114,113,37,16.080,3676,5241
195432,-0.340,0.002,-0.001,0.000,0.676,0.080,-0.732,0.038,0.294,0.002,0.085,0.053,3960,5505,-118,117,37,16.090,3846,5434
195532,-0.270,-0.002,0.002,0.001,0.680,0.078,-0.728,0.038,0.290,0.002,0.073,0.051,4224,5651,-105,104,37,16.090,3846,5434
195632,0.420,0.001,0.005,0.001,0.686,0.076,-0.723,0.039,0.259,0.001,0.056,0.048,4482,5802,-94,94,37,16.080,4370,5760
195732,-0.410,-0.000,-0.003,-0.003,0.686,0.080,-0.722,0.039,0.231,0.001,0.055,0.054,4647,6041,-111,110,37,16.080,4370,5760
195832,-0.400,0.000,-0.004,-0.002,0.680,0.087,-0.727,0.034,0.212,0.002,0.072,0.069,4747,6285,-123,122,37,16.080,4370,5760
195932,0.130,0.001,0.005,0.005,0.686,0.088,-0.721,0.038,0.212,0.002,0.055,0.067,4904,6256,-96,95,37,16.070,4716,6281
196032,0.070,-0.002,-0.005,0.003,0.684,0.081,-0.723,0.046,0.200,0.001,0.059,0.044,5212,6226,-114,114,37,16.070,4716,6281
196132,-0.060,0.000,-0.000,0.002,0.679,0.076,-0.728,0.046,0.200,0.001,0.073,0.036,5286,6270,-117,116,37,16.060,5208,6218
196232,-0.040,-0.000,0.002,0.002,0.683,0.070,-0.726,0.051,0.188,0.001,0.063,0.021,5496,6327,-104,103,37,16.060,5208,6218
196332,-0.020,0.001,-0.000,-0.002,0.686,0.073,-0.722,0.053,0.180,0.001,0.055,0.024,5464,6453,-106,105,37,16.060,5458,6361
196432,-0.050,0.001,-0.001,-0.002,0.683,0.078,-0.724,0.050,0.180,0.001,0.061,0.034,5520,6644,-113,112,37,16.060,5458,6361
196532,0.210,0.001,-0.001,0.000,0.682,0.082,-0.726,0.049,0.180,0.001,0.066,0.041,5631,6761,-114,113,37,16.060,5458,6361
196632,-0.080,-0.000,0.000,0.001,0.681,0.081,-0.726,0.051,0.180,0.001,0.066,0.037,5802,6827,-111,110,37,16.070,5630,610
196732,0.050,-0.000,-0.000,0.000,0.682,0.080,-0.726,0.051,0.180,0.001,0.066,0.034,5901,6884,-111,110,37,16.070,5630,610
196832,0.000,0.000,0.000,0.001,0.681,0.079,-0.726,0.050,0.180,0.001,0.068,0.034,5933,6906,-111,111,37,16.040,5882,6887
196932,0.300,0.000,0.001,0.002,0.681,0.076,-0.726,0.053,0.180,0.001,0.066,0.027,6010,6891,-109,108,37,16.040,5882,6887
197032,-0.280,0.000,0.002,0.000,0.684,0.075,-0.723,0.057,0.173,0.001,0.058,0.019,6121,6941,-104,103,37,16.050,6053,6906
197132,-0.170,0.000,0.000,-0.000,0.686,0.075,-0.721,0.059,0.161,0.000,0.051,0.018,6194,7028,-104,104,37,16.050,6053,6906
197232,0.000,0.000,-0.001,-0.001,0.686,0.077,-0.721,0.058,0.153,0.001,0.051,0.021,6257,7141,-108,108,37,16.070,6250,7082
197332,-0.060,-0.000,-0.000,-0.000,0.685,0.078,-0.722,0.057,0.161,0.001,0.055,0.025,6289,7210,-111,110,37,16.070,6250,7082
197432,-0.110,-0.000,0.000,0.001,0.685,0.077,-0.722,0.057,0.149,0.001,0.055,0.024,6370,7241,-108,107,37,16.050,6313,7225
197532,-0.100,-0.001,0.000,0.000,0.685,0.076,-0.723,0.056,0.145,0.001,0.056,0.023,6454,7306,-109,109,37,16.050,6313,7225
197632,-0.120,-0.002,-0.001,-0.000,0.684,0.073,-0.724,0.054,0.137,0.001,0.058,0.023,6538,7384,-111,110,37,16.050,6313,7225
197732,-0.120,-0.003,-0.000,0.000,0.685,0.069,-0.724,0.050,0.118,0.001,0.057,0.023,6621,7462,-109,108,37,16.050,6544,7374
197832,0.100,-0.003,0.001,-0.000,0.685,0.064,-0.724,0.044,0.090,0.001,0.057,0.024,6661,7513,-108,107,37,16.050,6544,7374
197932,0.020,-0.005,0.000,-0.001,0.687,0.058,-0.723,0.034,0.075,0.001,0.053,0.030,6638,7556,-106,105,37,16.040,6648,7507
198032,-0.030,-0.005,0.000,-0.001,0.690,0.050,-0.722,0.022,0.082,0.001,0.047,0.038,6630,7602,-104,103,37,16.040,6648,7507
198132,-0.070,-0.001,-0.000,0.000,0.692,0.045,-0.720,0.016,0.086,0.001,0.041,0.040,6676,7631,-103,103,37,16.050,6631,7575
198232,0.020,0.000,0.000,0.000,0.692,0.044,-0.720,0.016,0.086,0.001,0.041,0.038,6755,7665,-105,105,37,16.050,6631,7575
198332,0.000,0.001,-0.000,0.001,0.692,0.044,-0.721,0.017,0.094,0.001,0.043,0.035,6824,7689,-107,106,37,16.070,6793,7668
198432,0.010,0.001,-0.001,0.001,0.690,0.043,-0.722,0.021,0.094,0.001,0.047,0.029,6916,7712,-110,109,37,16.070,6793,7668
198532,0.130,0.001,-0.001,0.000,0.689,0.043,-0.723,0.023,0.102,0.001,0.049,0.027,6937,7733,-110,110,37,16.040,6944,7739
198632,0.140,0.001,0.001,0.000,0.689,0.044,-0.723,0.024,0.106,0.001,0.050,0.026,6948,7751,-108,107,37,16.040,6944,7739
198732,0.060,-0.000,0.000,0.000,0.689,0.044,-0.723,0.026,0.114,0.001,0.049,0.023,6988,7765,-107,107,37,16.040,6944,7739
198832,-0.070,-0.000,0.000,0.000,0.690,0.042,-0.722,0.027,0.125,0.000,0.046,0.019,7077,7821,-106,106,37,16.050,7002,7788
198932,-0.120,-0.000,0.000,-0.000,0.690,0.042,-0.722,0.026,0.125,0.000,0.046,0.020,7119,7890,-107,106,37,16.050,7002,7788
199032,0.070,-0.000,-0.000,-0.001,0.689,0.043,-0.723,0.025,0.125,0.001,0.048,0.023,7152,7958,-109,108,37,16.060,7142,7911
199132,0.050,-0.000,-0.000,-0.001,0.688,0.044,-0.724,0.024,0.133,0.001,0.051,0.026,7175,7996,-110,109,37,16.060,7142,7911
199232,0.000,-0.000,-0.000,-0.001,0.688,0.045,-0.724,0.023,0.125,0.001,0.053,0.030,7211,8053,-109,108,37,16.040,7183,8012
199332,-0.080,-0.000,0.001,0.000,0.689,0.047,-0.723,0.021,0.118,0.001,0.051,0.035,7236,8107,-106,106,37,16.040,7183,8012
199432,-0.010,0.000,-0.000,0.001,0.688,0.046,-0.723,0.022,0.118,0.001,0.051,0.031,7322,8123,-108,108,37,16.060,7288,8116
199532,0.060,-0.000,0.000,-0.001,0.688,0.045,-0.724,0.023,0.114,0.001,0.051,0.029,7364,8147,-108,107,37,16.060,7288,8116
199632,0.030,-0.000,0.000,-0.002,0.689,0.048,-0.723,0.020,0.118,0.001,0.051,0.037,7351,8229,-108,107,38,16.050,7331,8196
199732,0.000,-0.000,-0.000,-0.003,0.689,0.052,-0.722,0.015,0.110,0.001,0.049,0.051,7337,8331,-107,106,38,16.050,7331,8196
199832,-0.050,-0.001,-0.000,-0.004,0.689,0.058,-0.722,0.008,0.118,0.002,0.050,0.069,7307,8433,-108,107,38,16.050,7331,8196
199932,-0.100,-0.000,-0.000,-0.002,0.689,0.062,-0.722,0.002,0.118,0.002,0.051,0.084,7321,8506,-109,108,37,16.050,7309,8445
200032,0.060,-0.000,-0.000,-0.000,0.689,0.064,-0.722,-0.001,0.110,0.002,0.050,0.089,7376,8522,-108,107,37,16.050,7309,8445
200132,0.080,-0.000,-0.000,-0.001,0.689,0.063,-0.722,-0.001,0.106,0.002,0.050,0.088,7439,8532,-107,107,37,16.040,7374,8503
200232,0.060,-0.000,0.000,-0.003,0.690,0.066,-0.721,-0.004,0.106,0.002,0.049,0.096,7407,8580,-107,106,37,16.040,7374,8503
200332,-0.060,-0.000,0.001,-0.003,0.690,0.071,-0.720,-0.010,0.102,0.002,0.047,0.113,7376,8676,-106,105,38,16.060,7396,8591
200432,-0.070,-0.000,-0.001,-0.003,0.691,0.077,-0.719,-0.016,0.102,0.003,0.045,0.129,7381,8774,-107,106,38,16.060,7396,8591
200532,-0.070,0.000,-0.001,-0.003,0.689,0.083,-0.720,-0.021,0.094,0.003,0.051,0.145,7397,8857,-112,111,38,16.060,7396,8833
200632,-0.070,0.001,0.000,-0.003,0.688,0.089,-0.720,-0.026,0.106,0.004,0.053,0.159,7395,8925,-110,109,38,16.060,7396,8833
200732,0.040,0.000,0.000,-0.003,0.687,0.096,-0.720,-0.031,0.090,0.004,0.055,0.176,7376,8990,-110,109,38,16.040,7352,8992
200832,-0.050,0.000,-0.001,-0.002,0.686,0.101,-0.720,-0.035,0.086,0.005,0.057,0.189,7396,9040,-111,110,38,16.040,7352,8992
200932,-0.060,0.000,-0.000,-0.002,0.685,0.105,-0.720,-0.037,0.086,0.005,0.060,0.198,7413,9065,-111,110,38,16.050,7396,9090
201032,0.100,-0.000,-0.000,-0.002,0.684,0.108,-0.721,-0.040,0.086,0.005,0.062,0.206,7427,9112,-112,111,38,16.050,7396,9090
201132,-0.150,0.000,-0.001,-0.001,0.683,0.111,-0.721,-0.042,0.086,0.006,0.064,0.213,7438,9138,-112,111,38,16.040,7440,9124
201232,0.060,0.000,-0.000,-0.001,0.683,0.113,-0.721,-0.044,0.090,0.006,0.065,0.217,7474,9161,-111,110,38,16.040,7440,9124
201332,0.140,0.000,0.000,-0.001,0.682,0.115,-0.721,-0.045,0.090,0.006,0.066,0.222,7489,9197,-110,109,38,16.040,7485,9225
201432,0.050,-0.000,0.000,-0.001,0.682,0.117,-0.720,-0.048,0.090,0.006,0.066,0.227,7493,9226,-110,109,38,16.040,7485,9225
201532,-0.160,0.000,0.000,-0.000,0.683,0.118,-0.720,-0.048,0.090,0.006,0.064,0.230,7536,9255,-109,108,38,16.040,7485,9225
201632,0.080,-0.000,-0.000,-0.001,0.683,0.119,-0.719,-0.048,0.094,0.006,0.063,0.232,7565,9281,-109,108,38,16.040,7552,9259
201732,-0.100,0.000,-0.000,-0.000,0.683,0.120,-0.719,-0.049,0.086,0.006,0.063,0.235,7589,9316,-110,109,38,16.040,7552,9259
201832,-0.130,0.000,-0.000,-0.000,0.683,0.121,-0.719,-0.050,0.086,0.006,0.064,0.237,7622,9348,-110,109,38,16.050,7575,9293
201932,-0.020,0.000,0.000,-0.000,0.682,0.122,-0.719,-0.050,0.055,0.006,0.064,0.239,7653,9378,-111,110,38,16.050,7575,9293
202032,-0.100,0.000,0.000,0.000,0.682,0.123,-0.719,-0.050,0.047,0.006,0.064,0.239,7667,9385,-110,109,38,16.050,7645,9363
202132,-0.210,0.000,0.000,0.000,0.682,0.123,-0.719,-0.049,0.047,0.006,0.065,0.239,7699,9399,-111,110,38,16.050,7645,9363
202232,-0.020,0.000,0.000,0.001,0.682,0.123,-0.719,-0.048,0.024,0.006,0.065,0.236,7727,9399,-110,109,37,16.040,7692,9398
202332,0.030,0.000,-0.000,0.001,0.683,0.121,-0.719,-0.045,0.000,0.006,0.064,0.230,7764,9379,-110,109,37,16.040,7692,9398
202432,-0.160,-0.000,-0.000,0.000,0.682,0.119,-0.720,-0.043,0.000,0.006,0.066,0.224,7797,9377,-112,111,37,16.040,7788,9398
202532,0.160,0.000,-0.001,0.000,0.682,0.118,-0.721,-0.043,0.000,0.006,0.068,0.223,7770,9374,-112,111,37,16.040,7788,9398
202632,0.040,0.000,-0.000,0.000,0.681,0.118,-0.721,-0.042,0.000,0.006,0.069,0.221,7773,9366,-111,110,38,16.040,7788,9398
202732,0.020,0.001,-0.000,0.000,0.680,0.118,-0.722,-0.041,0.000,0.007,0.071,0.219,7761,9355,-113,112,38,16.040,7788,9398
202832,0.020,-0.000,-0.000,0.000,0.680,0.118,-0.723,-0.040,0.000,0.007,0.073,0.218,7735,9329,-113,112,38,16.070,7763,9328
202932,0.020,-0.000,0.000,0.000,0.681,0.118,-0.722,-0.039,0.000,0.006,0.071,0.217,7729,9326,-110,109,38,16.070,7763,9328
203032,-0.120,-0.000,0.001,0.000,0.682,0.117,-0.721,-0.039,0.000,0.006,0.067,0.216,7744,9333,-108,107,38,16.040,7716,9363
203132,0.030,0.000,0.001,0.000,0.683,0.116,-0.720,-0.038,0.000,0.006,0.064,0.214,7776,9346,-107,106,38,16.040,7716,9363
203232,-0.010,-0.000,0.000,0.000,0.684,0.116,-0.720,-0.038,0.000,0.005,0.063,0.213,7805,9364,-109,109,37,16.040,7788,9363
203332,-0.120,0.000,-0.001,0.000,0.683,0.115,-0.720,-0.037,0.000,0.005,0.064,0.210,7821,9362,-111,110,37,16.040,7788,9363
203432,-0.180,0.000,-0.000,0.000,0.683,0.114,-0.720,-0.036,0.000,0.005,0.064,0.208,7829,9367,-111,110,37,16.040,7788,9363
203532,-0.090,0.000,-0.000,0.000,0.683,0.114,-0.721,-0.037,0.000,0.006,0.066,0.209,7821,9370,-112,111,38,16.060,7763,9398
203632,0.010,-0.000,-0.000,-0.000,0.682,0.114,-0.721,-0.037,0.000,0.006,0.067,0.209,7794,9355,-111,110,38,16.060,7763,9398
203732,0.160,0.000,-0.000,0.001,0.683,0.114,-0.721,-0.036,0.000,0.006,0.066,0.207,7786,9325,-110,109,38,16.040,7739,9363
203832,0.010,-0.000,0.000,0.000,0.683,0.113,-0.721,-0.035,0.000,0.006,0.065,0.205,7799,9324,-110,109,38,16.040,7739,9363
203932,0.130,0.001,0.000,0.001,0.684,0.112,-0.720,-0.033,0.000,0.005,0.063,0.202,7813,9312,-109,108,38,16.050,7788,9328
204032,-0.050,0.001,-0.000,0.002,0.684,0.110,-0.721,-0.028,0.000,0.005,0.063,0.192,7865,9278,-110,109,38,16.050,7788,9328
204132,0.200,0.001,0.001,0.005,0.685,0.105,-0.720,-0.020,0.000,0.004,0.060,0.173,7941,9199,-107,106,38,16.030,7861,9259
204232,0.080,0.001,0.001,0.008,0.686,0.095,-0.721,-0.006,0.004,0.003,0.058,0.138,8100,9087,-107,106,38,16.030,7861,9259
204332,-0.030,0.000,0.000,0.008,0.687,0.079,-0.722,0.010,0.004,0.002,0.057,0.093,8281,8973,-108,107,38,16.030,8169,9057
204432,-0.240,-0.000,-0.000,0.009,0.686,0.062,-0.724,0.026,0.008,0.001,0.057,0.046,8454,8881,-110,109,38,16.030,8169,9057
204532,0.020,-0.001,0.001,0.008,0.687,0.044,-0.725,0.040,0.008,0.000,0.054,0.002,8575,8799,-107,106,38,16.040,8503,8802
204632,-0.060,-0.001,-0.001,0.008,0.687,0.026,-0.725,0.053,0.012,-0.001,0.052,-0.041,8698,8716,-108,107,38,16.040,8503,8802
204732,-0.200,-0.001,-0.001,0.008,0.685,0.008,-0.726,0.064,0.020,-0.002,0.054,-0.082,8827,8619,-110,109,38,16.070,8741,8680
204832,-0.120,-0.002,-0.000,0.006,0.683,-0.008,-0.727,0.074,0.039,-0.004,0.057,-0.119,8955,8549,-110,110,38,16.070,8741,8680
204932,0.000,-0.001,-0.001,0.005,0.680,-0.021,-0.728,0.083,0.051,-0.005,0.062,-0.149,9080,8481,-114,113,38,16.040,9025,8532
205032,0.030,-0.001,-0.000,0.006,0.678,-0.034,-0.729,0.091,0.055,-0.006,0.065,-0.178,9202,8381,-112,111,38,16.040,9025,8532
205132,0.030,0.000,0.001,0.005,0.677,-0.046,-0.728,0.102,0.059,-0.008,0.064,-0.210,9349,8246,-108,108,38,16.020,9259,8333
205232,0.070,-0.000,0.001,0.005,0.677,-0.056,-0.725,0.109,0.063,-0.008,0.059,-0.234,9469,8134,-106,106,38,16.020,9259,8333
205332,-0.050,-0.001,0.000,0.004,0.677,-0.065,-0.724,0.117,0.067,-0.009,0.058,-0.257,9605,8030,-108,108,38,16.040,9578,8038
205432,-0.120,-0.000,-0.001,0.003,0.675,-0.072,-0.724,0.122,0.082,-0.009,0.059,-0.274,9740,7943,-110,110,38,16.040,9578,8038
205532,-0.110,-0.001,0.000,0.002,0.675,-0.078,-0.723,0.126,0.086,-0.010,0.059,-0.287,9860,7897,-109,108,38,16.030,9842,7886
205632,0.130,-0.001,0.001,0.000,0.674,-0.080,-0.723,0.126,0.090,-0.010,0.061,-0.289,9868,7952,-110,109,38,16.030,9842,7886
205732,0.030,-0.001,0.000,-0.000,0.674,-0.081,-0.724,0.124,0.094,-0.010,0.062,-0.288,9871,8009,-111,110,38,16.030,9842,7886
205832,-0.180,-0.001,0.000,0.000,0.675,-0.081,-0.723,0.123,0.122,-0.010,0.061,-0.287,9891,8051,-109,109,38,16.040,9920,8038
205932,-0.190,-0.000,0.000,0.000,0.675,-0.083,-0.722,0.123,0.153,-0.010,0.059,-0.290,9946,8095,-108,107,38,16.040,9920,8038
206032,-0.140,-0.000,0.001,0.001,0.676,-0.085,-0.722,0.123,0.161,-0.010,0.057,-0.292,9996,8141,-107,106,38,16.020,9920,8064
206132,0.080,-0.000,0.000,0.001,0.677,-0.086,-0.720,0.123,0.161,-0.009,0.054,-0.294,10046,8188,-107,106,38,16.020,9920,8064
206232,0.170,-0.000,0.000,0.000,0.677,-0.088,-0.720,0.124,0.165,-0.009,0.054,-0.297,10090,8227,-108,108,38,16.030,10080,8169
206332,-0.080,-0.000,-0.000,-0.000,0.677,-0.089,-0.720,0.123,0.169,-0.009,0.054,-0.297,10146,8313,-108,108,38,16.030,10080,8169
206432,-0.010,-0.000,0.000,0.000,0.677,-0.088,-0.720,0.123,0.165,-0.009,0.054,-0.296,10179,8364,-109,108,38,16.050,10141,8305
206532,0.080,-0.001,0.000,-0.000,0.677,-0.089,-0.720,0.122,0.165,-0.009,0.054,-0.295,10212,8411,-108,108,38,16.050,10141,8305
206632,0.050,-0.000,0.000,-0.002,0.678,-0.087,-0.720,0.120,0.165,-0.009,0.053,-0.290,10237,8493,-107,107,38,16.030,10204,8445
206732,0.060,-0.000,0.000,-0.001,0.679,-0.085,-0.720,0.116,0.137,-0.008,0.052,-0.282,10253,8568,-107,107,38,16.030,10204,8445
206832,-0.010,-0.000,0.000,-0.001,0.679,-0.083,-0.720,0.115,0.133,-0.008,0.052,-0.278,10288,8625,-108,107,38,16.040,10245,8591
206932,-0.120,-0.000,0.000,-0.001,0.680,-0.081,-0.720,0.112,0.000,-0.008,0.051,-0.271,10307,8684,-108,107,38,16.040,10245,8591
207032,-0.010,-0.000,-0.000,-0.001,0.680,-0.078,-0.720,0.109,0.000,-0.008,0.051,-0.263,10299,8719,-108,107,38,16.030,10373,8710
207132,-0.010,0.000,-0.000,-0.001,0.680,-0.076,-0.721,0.107,0.000,-0.008,0.053,-0.258,10310,8747,-110,109,38,16.030,10373,8710
207232,-0.050,0.000,0.000,-0.001,0.680,-0.074,-0.721,0.105,0.000,-0.007,0.053,-0.253,10298,8753,-108,108,38,16.020,10309,8741
207332,-0.120,0.000,0.000,-0.002,0.680,-0.071,-0.722,0.103,0.000,-0.007,0.054,-0.246,10284,8779,-109,108,38,16.020,10309,8741
207432,-0.020,0.000,0.000,-0.003,0.681,-0.066,-0.722,0.099,0.000,-0.007,0.054,-0.233,10244,8824,-108,108,38,16.020,10245,8771
207532,0.060,0.000,-0.001,-0.004,0.682,-0.059,-0.723,0.091,0.000,-0.006,0.054,-0.211,10185,8908,-110,109,38,16.020,10245,8771
207632,-0.220,0.000,-0.000,-0.005,0.682,-0.049,-0.725,0.083,0.000,-0.006,0.056,-0.188,10136,8995,-110,109,38,16.040,10141,8928
207732,0.180,0.000,-0.000,-0.005,0.682,-0.039,-0.726,0.074,0.000,-0.005,0.058,-0.161,10082,9078,-110,109,38,16.040,10141,8928
207832,0.020,0.000,-0.001,-0.005,0.683,-0.029,-0.727,0.066,0.000,-0.004,0.059,-0.135,10029,9137,-110,110,38,16.030,10060,9124
207932,0.120,0.000,-0.001,-0.005,0.681,-0.019,-0.729,0.057,0.000,-0.004,0.066,-0.106,9981,9214,-114,113,38,16.030,10060,9124
208032,-0.160,0.000,-0.001,-0.005,0.681,-0.009,-0.731,0.049,0.000,-0.003,0.068,-0.083,9957,9279,-113,112,38,16.030,9980,9259
208132,-0.120,0.001,0.000,-0.005,0.682,0.001,-0.730,0.041,0.000,-0.002,0.067,-0.058,9909,9335,-110,109,38,16.030,9980,9259
208232,0.030,0.001,0.000,-0.004,0.682,0.011,-0.730,0.034,0.000,-0.001,0.067,-0.035,9860,9373,-110,110,38,16.020,9842,9363
208332,0.110,0.001,0.000,-0.004,0.683,0.020,-0.730,0.028,0.000,-0.000,0.066,-0.011,9836,9435,-109,109,38,16.020,9842,9363
208432,-0.280,0.001,-0.001,-0.003,0.683,0.029,-0.729,0.023,0.000,0.000,0.066,0.006,9820,9480,-111,110,38,16.030,9823,9469
208532,0.030,0.001,-0.000,-0.004,0.682,0.038,-0.730,0.018,0.000,0.001,0.070,0.025,9764,9505,-112,112,38,16.030,9823,9469
208632,0.380,0.001,-0.001,-0.005,0.680,0.049,-0.731,0.012,0.000,0.002,0.074,0.049,9676,9566,-114,114,38,16.030,9823,9469
208732,0.230,0.001,-0.000,-0.007,0.679,0.063,-0.732,0.003,0.008,0.003,0.079,0.081,9571,9678,-115,114,38,16.020,9652,9578
208832,-0.170,0.001,-0.001,-0.006,0.677,0.077,-0.732,-0.008,0.035,0.005,0.084,0.116,9485,9827,-117,116,38,16.020,9652,9578
208932,0.250,0.000,-0.000,-0.005,0.675,0.089,-0.732,-0.018,0.035,0.006,0.089,0.146,9388,9917,-117,116,38,16.030,9505,9823
209032,0.260,-0.000,-0.000,-0.005,0.674,0.098,-0.732,-0.027,0.075,0.007,0.091,0.172,9327,10038,-116,115,38,16.030,9505,9823
209132,-0.020,0.001,0.000,-0.003,0.674,0.106,-0.731,-0.032,0.090,0.008,0.091,0.190,9286,10137,-115,114,39,16.010,9328,10101
209232,-0.020,0.000,0.001,-0.003,0.674,0.113,-0.729,-0.037,0.090,0.008,0.090,0.206,9225,10245,-113,112,39,16.010,9328,10101
209332,-0.030,0.001,0.000,-0.002,0.673,0.119,-0.728,-0.041,0.090,0.009,0.091,0.221,9144,10334,-115,114,38,16.020,9225,10224
209432,-0.020,-0.000,0.000,-0.002,0.674,0.124,-0.727,-0.044,0.090,0.009,0.089,0.232,9067,10425,-113,112,38,16.020,9225,10224
209532,0.050,0.000,0.000,-0.001,0.675,0.128,-0.726,-0.046,0.094,0.009,0.086,0.239,9012,10509,-112,111,39,16.020,9025,10438
209632,0.040,0.000,-0.000,0.000,0.675,0.129,-0.725,-0.046,0.082,0.008,0.084,0.241,9042,10564,-112,111,39,16.020,9025,10438
209732,0.000,0.000,-0.000,0.000,0.675,0.129,-0.725,-0.045,0.055,0.008,0.085,0.239,9102,10583,-113,112,39,16.030,9057,10438
209832,0.070,0.000,-0.000,0.001,0.675,0.128,-0.726,-0.043,0.051,0.009,0.087,0.235,9137,10579,-114,113,39,16.030,9057,10438
209932,0.100,0.000,-0.000,0.001,0.674,0.126,-0.726,-0.040,0.051,0.008,0.088,0.228,9167,10557,-115,114,38,16.020,9191,10548
210032,0.100,-0.000,0.000,0.000,0.676,0.125,-0.725,-0.038,0.051,0.008,0.084,0.225,9167,10563,-111,110,38,16.020,9191,10548
210132,-0.040,0.000,0.001,-0.000,0.677,0.125,-0.724,-0.038,0.055,0.008,0.081,0.225,9176,10589,-110,109,39,16.020,9124,10570
210232,-0.010,0.000,-0.000,0.000,0.678,0.126,-0.724,-0.038,0.055,0.007,0.080,0.225,9194,10605,-112,111,39,16.020,9124,10570
210332,-0.070,0.000,0.000,0.000,0.679,0.126,-0.722,-0.037,0.047,0.007,0.076,0.224,9221,10620,-110,109,38,16.020,9191,10615
210432,-0.010,0.001,0.001,0.001,0.680,0.125,-0.722,-0.034,0.047,0.007,0.075,0.219,9256,10619,-110,109,38,16.020,9191,10615
210532,-0.020,0.001,-0.000,0.000,0.680,0.126,-0.721,-0.033,0.047,0.006,0.073,0.218,9280,10641,-110,109,38,16.010,9259,10638
210632,-0.130,0.000,-0.000,0.001,0.680,0.125,-0.722,-0.031,0.039,0.006,0.075,0.214,9310,10644,-113,112,38,16.010,9259,10638
210732,0.130,-0.000,-0.001,0.000,0.679,0.124,-0.723,-0.029,0.031,0.007,0.076,0.211,9320,10646,-113,112,38,16.010,9363,10660
210832,0.060,-0.000,-0.000,0.000,0.679,0.123,-0.724,-0.030,0.031,0.007,0.078,0.210,9320,10649,-114,113,38,16.010,9363,10660
210932,-0.050,0.000,0.001,0.000,0.678,0.123,-0.724,-0.029,0.027,0.007,0.079,0.208,9320,10644,-113,112,39,16.000,9259,10615
211032,0.020,0.000,0.001,0.001,0.679,0.123,-0.723,-0.028,0.027,0.006,0.076,0.207,9307,10627,-110,110,39,16.000,9259,10615
211132,-0.010,0.000,0.000,0.001,0.680,0.122,-0.723,-0.026,0.020,0.006,0.075,0.203,9332,10628,-111,110,39,16.020,9328,10593
211232,0.030,0.000,-0.000,0.000,0.680,0.122,-0.723,-0.024,0.012,0.006,0.075,0.200,9341,10620,-112,111,39,16.020,9328,10593
211332,-0.020,0.000,-0.000,0.001,0.680,0.121,-0.723,-0.022,0.004,0.006,0.076,0.196,9366,10625,-112,112,39,16.020,9398,10593
211432,-0.050,0.000,0.000,0.002,0.680,0.119,-0.724,-0.019,0.000,0.006,0.076,0.189,9393,10604,-112,111,39,16.020,9398,10593
211532,0.030,0.000,0.000,0.002,0.680,0.116,-0.724,-0.016,0.000,0.006,0.076,0.180,9421,10581,-111,110,39,16.000,9433,10615
211632,-0.110,0.001,0.000,0.002,0.680,0.112,-0.725,-0.011,0.000,0.005,0.076,0.167,9447,10544,-112,111,39,16.000,9433,10615
211732,0.060,-0.000,0.000,0.002,0.681,0.109,-0.724,-0.008,0.000,0.005,0.074,0.160,9448,10524,-111,110,39,16.000,9433,10615
211832,0.060,0.000,0.000,0.002,0.681,0.106,-0.724,-0.004,0.000,0.005,0.073,0.150,9473,10502,-110,109,38,16.010,9469,10482
211932,0.100,0.000,0.001,0.002,0.683,0.101,-0.724,0.000,0.000,0.004,0.068,0.138,9510,10481,-107,107,38,16.010,9469,10482
212032,-0.160,0.000,0.000,0.002,0.683,0.098,-0.724,0.005,0.000,0.004,0.068,0.127,9574,10502,-110,110,39,16.030,9505,10460
212132,-0.150,0.001,-0.001,0.002,0.681,0.096,-0.726,0.010,0.000,0.004,0.073,0.116,9616,10497,-114,114,39,16.030,9505,10460
212232,-0.020,0.001,-0.000,0.002,0.680,0.094,-0.727,0.014,0.000,0.004,0.076,0.107,9620,10474,-114,113,39,16.010,9615,10482
212332,0.330,0.001,0.000,0.003,0.680,0.091,-0.727,0.020,0.000,0.003,0.075,0.095,9637,10434,-111,110,39,16.010,9615,10482
212432,-0.110,0.001,0.001,0.002,0.680,0.088,-0.728,0.026,0.000,0.003,0.075,0.082,9671,10405,-111,110,38,16.010,9689,9960
212532,-0.090,0.000,0.000,0.001,0.680,0.085,-0.728,0.029,0.000,0.002,0.074,0.073,9693,10411,-111,110,38,16.010,9689,9960
212632,-0.160,0.000,0.000,0.000,0.680,0.084,-0.728,0.031,0.000,0.002,0.073,0.069,9699,10427,-111,110,39,16.030,9727,10373
212732,0.140,0.000,0.000,0.000,0.680,0.083,-0.727,0.031,0.000,0.002,0.072,0.068,9681,10429,-111,110,39,16.030,9727,10373
212832,0.200,0.000,0.000,0.001,0.681,0.083,-0.727,0.033,0.000,0.002,0.072,0.065,9681,10419,-111,110,39,16.010,9652,10460
212932,-0.100,0.000,-0.000,0.000,0.681,0.082,-0.727,0.033,0.000,0.002,0.071,0.063,9699,10432,-111,110,39,16.010,9652,10460
213032,-0.090,0.000,0.000,0.000,0.681,0.082,-0.727,0.034,0.000,0.002,0.071,0.063,9709,10443,-111,110,39,16.000,9689,10438
213132,-0.200,0.000,0.000,0.001,0.681,0.081,-0.727,0.035,0.000,0.002,0.071,0.059,9719,10430,-111,110,39,16.000,9689,10438
213232,0.040,-0.000,0.000,0.001,0.681,0.080,-0.727,0.037,0.000,0.002,0.070,0.055,9736,10429,-110,110,39,16.000,9689,10416
213332,-0.150,-0.000,-0.000,0.001,0.681,0.079,-0.727,0.038,0.000,0.002,0.069,0.052,9759,10437,-111,110,39,16.000,9689,10416
213432,-0.110,-0.000,-0.000,0.001,0.681,0.078,-0.727,0.038,0.000,0.002,0.070,0.050,9767,10442,-111,111,39,16.010,9765,10438
213532,-0.090,-0.000,-0.000,0.000,0.681,0.077,-0.727,0.039,0.000,0.002,0.070,0.048,9775,10440,-112,111,39,16.010,9765,10438
213632,0.060,-0.000,0.000,0.000,0.680,0.076,-0.728,0.040,0.000,0.002,0.071,0.045,9788,10443,-111,110,39,16.020,9784,10416
213732,-0.040,-0.000,0.000,0.000,0.680,0.075,-0.728,0.041,0.000,0.001,0.071,0.042,9814,10453,-111,110,39,16.020,9784,10416
213832,-0.290,0.000,-0.001,0.000,0.680,0.074,-0.728,0.042,0.000,0.001,0.072,0.039,9829,10459,-112,112,39,16.020,9823,10460
213932,0.090,0.000,-0.000,-0.000,0.679,0.074,-0.729,0.042,0.004,0.001,0.075,0.040,9829,10473,-113,112,39,16.020,9823,10460
214032,0.010,0.000,-0.000,0.001,0.678,0.074,-0.730,0.043,0.000,0.001,0.076,0.038,9822,10451,-113,112,39,16.020,9823,10460
214132,-0.330,0.000,0.000,0.001,0.679,0.073,-0.729,0.044,0.004,0.001,0.074,0.034,9845,10450,-111,110,39,16.020,9823,10460
214232,-0.220,-0.000,0.000,0.001,0.679,0.072,-0.729,0.047,0.004,0.001,0.073,0.030,9874,10460,-110,110,39,16.020,9823,10460
214332,-0.240,0.000,-0.000,0.001,0.679,0.072,-0.729,0.048,0.000,0.001,0.074,0.027,9875,10449,-112,111,39,16.000,9920,10460
214432,-0.120,0.001,0.000,0.001,0.679,0.071,-0.729,0.051,0.004,0.001,0.072,0.022,9893,10437,-110,109,39,16.000,9920,10460
214532,0.340,0.000,0.001,0.001,0.681,0.070,-0.727,0.053,0.000,0.001,0.068,0.018,9898,10428,-108,107,39,16.010,9900,10438
214632,-0.020,0.000,-0.000,0.000,0.681,0.069,-0.727,0.054,0.000,0.001,0.067,0.016,9897,10433,-110,109,39,16.010,9900,10438
214732,-0.100,0.000,-0.001,0.000,0.681,0.070,-0.727,0.054,0.004,0.001,0.068,0.016,9918,10464,-111,111,39,16.010,9920,10416
214832,0.190,0.000,0.001,0.000,0.680,0.070,-0.727,0.055,0.008,0.000,0.068,0.014,9905,10441,-110,109,39,16.010,9920,10416
214932,-0.070,0.000,0.000,0.000,0.681,0.069,-0.727,0.056,0.000,0.000,0.066,0.013,9912,10446,-109,108,39,16.000,9920,10395
215032,-0.060,-0.000,0.000,-0.000,0.681,0.069,-0.727,0.056,0.000,0.000,0.066,0.012,9929,10456,-110,109,39,16.000,9920,10395
215132,-0.220,-0.000,-0.000,0.000,0.681,0.069,-0.727,0.055,0.000,0.000,0.066,0.013,9927,10468,-111,110,39,16.020,9980,89285
215232,0.050,-0.000,0.000,-0.000,0.681,0.068,-0.727,0.055,0.004,0.000,0.067,0.012,9928,10467,-110,109,39,16.020,9980,89285
215332,-0.020,0.000,0.000,-0.001,0.681,0.069,-0.727,0.055,0.000,0.000,0.066,0.015,9922,10480,-110,109,39,16.010,9940,10438
215432,0.180,0.000,-0.000,0.000,0.682,0.070,-0.726,0.054,0.000,0.001,0.065,0.016,9912,10473,-110,109,39,16.010,9940,10438
215532,-0.280,0.000,0.000,-0.000,0.682,0.070,-0.726,0.055,0.000,0.001,0.064,0.016,9933,10489,-109,108,39,16.010,9940,10460
215632,0.070,0.000,-0.000,-0.000,0.682,0.070,-0.726,0.055,0.004,0.000,0.064,0.016,9941,10493,-110,109,39,16.010,9940,10460
215732,0.000,0.000,-0.000,0.000,0.682,0.071,-0.726,0.055,0.012,0.000,0.063,0.016,9948,10498,-110,109,39,16.010,9940,10460
215832,0.010,-0.000,0.000,-0.000,0.682,0.071,-0.726,0.056,0.020,0.001,0.064,0.016,9954,10509,-110,109,39,16.000,9920,10482
215932,0.150,0.000,-0.000,-0.000,0.681,0.071,-0.726,0.056,0.020,0.001,0.066,0.016,9956,10511,-111,111,39,16.000,9920,10482
216032,0.100,0.000,-0.000,-0.000,0.681,0.072,-0.727,0.055,0.027,0.001,0.068,0.018,9954,10519,-112,111,39,16.000,9900,10482
216132,0.220,0.000,-0.000,0.000,0.680,0.072,-0.727,0.055,0.020,0.001,0.068,0.018,9937,10499,-111,110,39,16.000,9900,10482
216232,-0.200,0.000,0.000,0.000,0.680,0.072,-0.727,0.056,0.020,0.001,0.068,0.017,9939,10492,-110,109,39,16.000,9960,10482
216332,-0.070,-0.000,-0.000,0.000,0.681,0.072,-0.726,0.056,0.020,0.001,0.066,0.017,9951,10507,-109,108,39,16.000,9960,10482
216432,-0.110,-0.000,0.000,0.000,0.681,0.072,-0.726,0.056,0.020,0.001,0.066,0.017,9975,10527,-110,109,39,16.000,10020,10526
216532,0.030,-0.000,-0.001,-0.000,0.681,0.072,-0.727,0.056,0.020,0.001,0.067,0.016,9982,10532,-111,110,39,16.000,10020,10526
216632,0.020,0.000,0.000,-0.000,0.681,0.072,-0.727,0.056,0.020,0.001,0.067,0.017,9994,10546,-110,110,39,16.000,10000,10548
216732,-0.180,0.000,0.000,0.000,0.681,0.072,-0.727,0.056,0.020,0.001,0.066,0.017,10013,10562,-110,109,39,16.000,10000,10548
216832,0.060,-0.000,0.000,0.000,0.681,0.071,-0.727,0.056,0.024,0.001,0.066,0.015,10024,10566,-110,109,39,16.000,10000,10504
216932,0.100,0.000,-0.000,0.000,0.681,0.071,-0.726,0.056,0.020,0.001,0.065,0.015,10023,10567,-110,109,39,16.000,10000,10504
217032,0.170,-0.000,0.000,-0.000,0.682,0.071,-0.726,0.057,0.020,0.000,0.065,0.015,10042,10585,-109,108,39,16.000,10000,10504
217132,-0.110,0.000,0.000,0.000,0.682,0.072,-0.726,0.057,0.020,0.000,0.064,0.016,10047,10592,-110,109,39,16.000,10040,10593
217232,-0.210,-0.000,0.000,0.000,0.682,0.072,-0.725,0.057,0.020,0.000,0.063,0.016,10043,10591,-109,109,39,16.000,10040,10593
217332,-0.210,-0.000,0.000,-0.000,0.682,0.072,-0.725,0.056,0.020,0.000,0.063,0.016,10051,10600,-109,109,39,16.000,10040,10593
217432,-0.110,-0.000,-0.000,-0.000,0.683,0.072,-0.725,0.055,0.020,0.001,0.062,0.018,10045,10607,-110,109,39,16.000,10040,10593
217532,-0.260,-0.000,-0.000,-0.000,0.683,0.072,-0.725,0.054,0.020,0.001,0.062,0.020,10074,10642,-110,109,39,16.000,10080,10615
217632,-0.210,-0.000,-0.000,-0.000,0.682,0.072,-0.725,0.054,0.020,0.001,0.063,0.020,10102,10667,-110,109,39,16.000,10080,10615
217732,0.080,0.000,0.000,-0.000,0.682,0.072,-0.726,0.054,0.020,0.001,0.064,0.021,10095,10660,-110,110,39,16.010,10121,10683
217832,0.070,0.000,-0.000,-0.000,0.682,0.072,-0.726,0.054,0.020,0.001,0.064,0.021,10107,10670,-111,110,39,16.010,10121,10683
217932,0.230,0.000,-0.000,0.000,0.682,0.073,-0.725,0.054,0.012,0.001,0.063,0.021,10113,10679,-109,108,39,16.010,10121,10683
218032,-0.230,0.000,0.001,-0.000,0.683,0.074,-0.725,0.054,0.020,0.001,0.062,0.022,10120,10694,-109,108,39,16.000,10141,10683
218132,0.210,0.000,0.000,0.000,0.684,0.074,-0.724,0.055,0.020,0.001,0.059,0.022,10125,10692,-107,107,39,16.000,10141,10683
218232,0.090,0.000,0.000,0.000,0.684,0.074,-0.724,0.056,0.020,0.001,0.058,0.020,10149,10698,-108,107,39,16.000,10141,10683
218332,-0.170,0.000,0.000,-0.000,0.685,0.074,-0.723,0.057,0.020,0.001,0.056,0.020,10162,10713,-108,107,39,16.000,10141,10683
218432,-0.040,-0.000,-0.000,-0.000,0.685,0.074,-0.723,0.057,0.020,0.001,0.056,0.020,10173,10726,-108,108,39,15.990,10162,10706
218532,0.000,-0.000,-0.000,-0.000,0.684,0.074,-0.723,0.056,0.020,0.001,0.057,0.020,10195,10749,-110,109,39,15.990,10162,10706
218632,-0.190,-0.000,-0.001,0.000,0.683,0.074,-0.724,0.055,0.024,0.001,0.060,0.020,10207,10758,-112,111,39,16.000,10183,10706
218732,-0.200,-0.000,-0.001,-0.000,0.682,0.073,-0.726,0.055,0.020,0.001,0.064,0.020,10209,10763,-113,112,39,16.000,10183,10706
218832,0.190,-0.000,0.000,-0.001,0.682,0.074,-0.726,0.053,0.020,0.001,0.065,0.023,10186,10767,-110,110,39,16.000,10204,10799
218932,-0.130,0.001,0.000,0.001,0.682,0.074,-0.726,0.053,0.020,0.001,0.065,0.024,10184,10756,-110,110,39,16.000,10204,10799
219032,-0.080,0.000,0.001,0.001,0.682,0.073,-0.725,0.056,0.020,0.001,0.063,0.019,10191,10731,-108,108,39,16.000,10204,10799
219132,-0.430,0.000,0.000,0.000,0.683,0.073,-0.724,0.057,0.020,0.000,0.059,0.017,10239,10765,-108,107,39,16.010,10204,10706
219232,0.060,0.000,-0.001,-0.000,0.684,0.073,-0.724,0.057,0.020,0.000,0.059,0.016,10249,10782,-109,108,39,16.010,10204,10706
219332,0.100,0.001,-0.000,0.000,0.682,0.074,-0.725,0.058,0.012,0.001,0.062,0.017,10248,10785,-111,110,40,16.000,10245,10799
219432,0.010,0.000,0.000,-0.001,0.682,0.075,-0.725,0.060,0.012,0.000,0.062,0.016,10243,10781,-110,109,40,16.000,10245,10799
219532,-0.040,0.001,0.000,0.001,0.683,0.076,-0.724,0.061,0.012,0.000,0.061,0.016,10258,10790,-109,108,39,16.010,10224,10822
219632,-0.130,0.000,-0.000,0.000,0.683,0.076,-0.724,0.063,0.012,0.000,0.060,0.013,10284,10793,-109,108,39,16.010,10224,10822
219732,0.070,0.000,-0.000,-0.000,0.682,0.077,-0.724,0.064,0.008,0.000,0.061,0.012,10291,10808,-110,109,39,16.010,10309,10822
219832,0.150,0.000,0.000,-0.000,0.682,0.078,-0.724,0.064,0.004,0.000,0.062,0.014,10268,10797,-110,109,39,16.010,10309,10822
219932,-0.120,0.001,0.000,0.001,0.683,0.078,-0.724,0.064,0.000,0.000,0.060,0.014,10263,10791,-108,108,39,16.010,10309,10822
220032,-0.290,0.000,0.001,-0.000,0.684,0.078,-0.723,0.066,0.000,0.000,0.056,0.012,10271,10789,-106,105,39,16.000,10245,10799
220132,-0.050,0.002,-0.001,0.001,0.685,0.079,-0.721,0.067,0.000,0.000,0.053,0.012,10286,10801,-106,106,39,16.000,10245,10799
220232,-0.060,0.000,-0.000,-0.000,0.684,0.080,-0.722,0.068,0.000,0.000,0.055,0.012,10320,10838,-109,109,39,15.990,10309,10121
220332,0.030,0.000,-0.001,0.001,0.683,0.081,-0.723,0.069,0.000,0.000,0.058,0.011,10330,10835,-111,110,39,15.990,10309,10121
220432,-0.070,0.001,-0.000,0.000,0.682,0.080,-0.723,0.071,0.000,0.000,0.059,0.007,10347,10825,-110,109,39,15.990,10330,10799
220532,0.010,0.000,-0.000,-0.000,0.682,0.081,-0.724,0.071,0.000,0.000,0.060,0.007,10351,10847,-110,109,39,15.990,10330,10799
220632,0.070,-0.000,0.000,-0.000,0.680,0.081,-0.725,0.072,0.000,0.000,0.064,0.006,10328,10822,-112,111,39,16.000,10351,10822
220732,-0.010,-0.000,0.001,-0.001,0.681,0.081,-0.724,0.071,0.000,0.000,0.061,0.007,10303,10808,-108,108,39,16.000,10351,10822
220832,-0.090,0.000,0.001,-0.000,0.683,0.082,-0.722,0.070,0.000,0.000,0.057,0.012,10294,10829,-106,105,39,16.000,10351,10822
220932,-0.250,0.000,0.000,0.000,0.684,0.082,-0.721,0.070,0.000,0.000,0.053,0.011,10319,10840,-106,106,40,16.000,10309,10822
221032,-0.080,-0.000,0.000,-0.000,0.685,0.082,-0.720,0.070,0.000,0.000,0.051,0.012,10333,10853,-106,105,40,16.000,10309,10822
221132,-0.030,0.001,-0.001,-0.000,0.685,0.083,-0.720,0.071,0.000,0.000,0.052,0.012,10341,10864,-109,108,39,16.000,10373,10869
221232,0.030,0.000,-0.000,-0.000,0.684,0.085,-0.721,0.070,0.000,0.000,0.054,0.014,10339,10875,-110,109,39,16.000,10373,10869
221332,0.090,-0.000,-0.000,0.000,0.684,0.085,-0.721,0.071,0.000,0.000,0.055,0.015,10337,10868,-109,109,40,16.000,10373,10893
221432,-0.130,-0.000,0.001,0.001,0.684,0.084,-0.721,0.071,0.000,0.000,0.054,0.012,10358,10865,-108,107,40,16.000,10373,10893
221532,-0.110,0.000,0.001,0.001,0.685,0.082,-0.720,0.072,0.000,0.000,0.051,0.008,10380,10862,-106,105,39,15.990,10416,10893
221632,-0.060,-0.000,0.000,0.000,0.686,0.081,-0.719,0.074,0.000,0.000,0.048,0.006,10406,10879,-106,105,39,15.990,10416,10893
221732,-0.050,0.000,-0.001,-0.000,0.685,0.081,-0.720,0.074,0.000,0.000,0.049,0.004,10426,10901,-109,108,39,15.990,10416,10893
221832,-0.020,0.000,0.000,-0.000,0.685,0.081,-0.721,0.074,0.000,0.000,0.052,0.005,10399,10887,-109,108,40,16.000,10330,10917
221932,0.070,-0.000,0.001,0.000,0.685,0.081,-0.721,0.073,0.000,0.000,0.052,0.005,10385,10875,-108,107,40,16.000,10330,10917
222032,-0.050,0.000,0.000,0.001,0.685,0.080,-0.720,0.074,0.000,0.000,0.051,0.003,10398,10872,-107,107,39,16.000,10330,10893
222132,-0.030,-0.001,-0.000,-0.001,0.685,0.080,-0.720,0.073,0.000,0.000,0.050,0.004,10404,10889,-108,107,39,16.000,10330,10893
222232,-0.140,0.000,-0.001,0.001,0.685,0.080,-0.720,0.072,0.000,0.000,0.051,0.006,10417,10912,-108,107,39,15.990,10438,10917
222332,0.080,0.002,-0.002,0.002,0.684,0.077,-0.721,0.077,0.000,-0.000,0.053,-0.005,10473,10880,-111,110,39,15.990,10438,10917
222432,0.020,0.001,-0.002,-0.000,0.682,0.078,-0.723,0.080,0.000,-0.000,0.058,-0.009,10482,10882,-112,112,39,15.990,10438,10917
222532,0.200,0.000,-0.001,-0.002,0.682,0.083,-0.722,0.080,0.000,-0.000,0.058,-0.002,10452,10928,-109,108,40,16.000,10460,10917
222632,0.040,0.001,-0.000,-0.000,0.680,0.088,-0.724,0.079,0.000,0.000,0.063,0.005,10393,10906,-112,111,40,16.000,10460,10917
222732,0.060,0.000,0.001,0.000,0.680,0.089,-0.724,0.080,0.000,0.000,0.063,0.005,10389,10887,-110,109,39,15.990,10438,10893
222832,-0.180,0.001,0.001,0.000,0.681,0.089,-0.722,0.080,0.000,0.000,0.059,0.005,10408,10900,-107,106,39,15.990,10438,10893
222932,-0.160,-0.000,0.000,-0.001,0.682,0.089,-0.721,0.081,0.000,0.000,0.055,0.005,10433,10925,-106,105,40,16.000,10460,10917
223032,0.090,-0.000,-0.001,-0.000,0.681,0.090,-0.722,0.080,0.000,0.000,0.059,0.008,10431,10940,-111,110,40,16.000,10460,10917
223132,-0.080,0.000,-0.000,-0.000,0.680,0.091,-0.723,0.080,0.000,0.000,0.062,0.009,10427,10935,-111,110,40,16.000,10460,10917
223232,-0.070,0.001,-0.001,0.001,0.680,0.092,-0.723,0.080,0.000,0.000,0.064,0.009,10441,10943,-112,111,40,16.000,10438,10940
223332,0.000,0.000,-0.001,0.000,0.678,0.091,-0.725,0.082,0.000,0.000,0.067,0.005,10475,10943,-113,112,40,16.000,10438,10940
223432,0.240,0.000,0.000,0.000,0.678,0.091,-0.725,0.084,0.000,0.000,0.067,0.002,10454,10915,-110,110,40,15.990,10460,10940
223532,-0.200,0.000,0.001,-0.000,0.678,0.092,-0.724,0.083,0.000,0.000,0.065,0.004,10465,10952,-109,108,40,15.990,10460,10940
223632,-0.050,0.000,-0.000,-0.000,0.678,0.093,-0.724,0.083,0.000,0.000,0.066,0.007,10477,10980,-111,111,40,15.990,10482,11013
223732,-0.010,0.000,-0.001,-0.000,0.677,0.094,-0.725,0.082,0.000,0.000,0.069,0.009,10455,10969,-113,112,40,15.990,10482,11013
223832,-0.050,-0.000,0.000,0.000,0.678,0.094,-0.724,0.083,0.000,0.000,0.066,0.006,10451,10937,-109,108,40,15.990,10482,11013
223932,0.000,0.001,0.001,-0.000,0.679,0.094,-0.723,0.084,0.000,0.000,0.064,0.006,10469,10959,-108,107,40,16.010,10438,10989
224032,-0.170,0.000,-0.000,-0.001,0.679,0.095,-0.723,0.084,-0.267,0.000,0.064,0.007,10450,10947,-110,109,40,16.010,10438,10989
224132,0.070,-0.000,-0.001,-0.000,0.679,0.096,-0.723,0.083,-0.459,0.000,0.065,0.010,10323,10846,-111,110,40,16.010,10351,10917
224232,-0.030,-0.000,-0.000,-0.000,0.678,0.096,-0.725,0.082,-0.443,0.000,0.068,0.011,10223,10752,-112,112,40,16.010,10351,10917
224332,0.070,-0.000,-0.000,-0.000,0.677,0.096,-0.725,0.081,-0.443,0.000,0.071,0.013,10102,10645,-113,112,40,16.000,10162,10683
224432,0.120,0.000,-0.001,0.001,0.677,0.096,-0.726,0.081,-0.443,0.000,0.071,0.012,10006,10536,-112,111,40,16.000,10162,10683
224532,-0.100,0.000,-0.000,-0.000,0.675,0.095,-0.727,0.082,-0.435,0.000,0.075,0.009,9900,10419,-114,113,40,16.000,10162,10683
224632,0.070,0.001,-0.000,0.000,0.675,0.096,-0.727,0.083,-0.404,0.000,0.074,0.009,9792,10323,-112,111,40,16.000,9900,10460
224732,-0.200,0.000,0.000,0.001,0.676,0.096,-0.726,0.084,-0.404,0.000,0.073,0.008,9686,10213,-110,109,40,16.000,9900,10460
224832,-0.130,0.000,0.000,0.000,0.676,0.096,-0.726,0.085,-0.404,0.000,0.071,0.007,9602,10130,-110,110,40,16.000,9652,10224
224932,0.220,-0.000,0.000,0.000,0.677,0.095,-0.725,0.086,-0.408,0.000,0.070,0.004,9494,10011,-110,109,40,16.000,9652,10224
225032,-0.340,-0.001,-0.001,0.000,0.676,0.095,-0.726,0.086,-0.404,0.000,0.071,0.004,9410,9934,-112,111,40,16.010,9433,9960
225132,0.000,-0.000,-0.000,-0.000,0.675,0.094,-0.727,0.083,-0.404,0.000,0.075,0.006,9291,9846,-114,113,40,16.010,9433,9960
225232,0.150,-0.001,-0.000,0.001,0.674,0.093,-0.728,0.082,-0.408,0.000,0.078,0.006,9174,9730,-114,113,40,16.010,9225,9727
225332,-0.040,-0.000,-0.000,-0.001,0.674,0.092,-0.728,0.081,-0.404,0.000,0.078,0.006,9073,9638,-112,112,40,16.010,9225,9727
225432,0.040,-0.000,-0.001,-0.001,0.674,0.093,-0.729,0.077,-0.404,0.001,0.079,0.013,8943,9580,-114,113,40,16.010,9225,9727
225532,-0.080,-0.001,0.001,0.000,0.672,0.094,-0.730,0.076,-0.404,0.001,0.084,0.016,8813,9458,-116,114,40,16.010,8928,9541
225632,-0.230,-0.001,-0.001,0.000,0.672,0.091,-0.730,0.077,-0.404,0.000,0.084,0.011,8763,9350,-115,114,40,16.010,8928,9541
225732,-0.010,0.000,-0.000,0.000,0.672,0.090,-0.731,0.077,-0.404,0.000,0.085,0.008,8661,9233,-114,113,40,16.000,8710,9293
225832,0.020,0.000,0.001,-0.000,0.673,0.089,-0.730,0.077,-0.408,0.000,0.081,0.008,8517,9118,-110,110,40,16.000,8710,9293
225932,-0.210,-0.001,-0.000,-0.001,0.675,0.091,-0.729,0.076,-0.408,0.000,0.078,0.013,8396,9052,-110,109,40,16.020,8417,9090
226032,-0.200,-0.000,0.001,0.001,0.675,0.090,-0.728,0.076,-0.404,0.000,0.077,0.011,8293,8921,-111,110,40,16.020,8417,9090
226132,-0.100,-0.001,0.001,0.000,0.676,0.088,-0.727,0.075,-0.404,0.000,0.074,0.010,8182,8810,-109,109,40,16.020,8417,9090
226232,-0.120,-0.003,-0.001,-0.001,0.678,0.085,-0.727,0.070,-0.404,0.000,0.072,0.014,8067,8749,-111,110,40,16.010,8169,8833
226332,-0.110,-0.004,-0.002,-0.000,0.678,0.080,-0.728,0.059,-0.404,0.001,0.074,0.022,7928,8681,-113,112,40,16.010,8169,8833
226432,0.080,-0.003,0.001,-0.001,0.678,0.073,-0.730,0.050,-0.404,0.001,0.076,0.026,7764,8545,-111,110,40,16.030,7861,8620
226532,-0.090,-0.003,0.000,-0.001,0.679,0.069,-0.730,0.043,-0.408,0.001,0.075,0.031,7626,8451,-111,110,40,16.030,7861,8620
226632,-0.110,-0.001,-0.000,0.001,0.679,0.065,-0.731,0.039,-0.408,0.001,0.076,0.032,7495,8303,-113,113,40,16.020,7507,8333
226732,0.190,-0.001,0.000,0.000,0.680,0.062,-0.730,0.037,-0.404,0.001,0.074,0.030,7356,8153,-110,110,40,16.020,7507,8333
226832,-0.030,-0.000,0.001,-0.000,0.680,0.061,-0.729,0.036,-0.404,0.001,0.071,0.031,7199,8030,-109,109,40,16.020,7507,8333
226932,-0.100,-0.000,0.001,-0.001,0.682,0.062,-0.728,0.035,-0.404,0.001,0.068,0.034,7093,7962,-108,107,40,16.010,7246,8038
227032,-0.040,0.000,-0.000,-0.001,0.683,0.064,-0.727,0.034,-0.329,0.001,0.065,0.037,6988,7890,-109,108,40,16.010,7246,8038
227132,0.190,0.001,-0.000,0.000,0.682,0.064,-0.727,0.035,-0.318,0.001,0.066,0.038,6869,7764,-110,110,40,16.010,6963,7886
227232,0.100,0.000,0.000,0.000,0.682,0.064,-0.728,0.035,-0.310,0.001,0.068,0.037,6700,7605,-111,110,40,16.010,6963,7886
227332,0.140,0.000,0.000,0.000,0.682,0.065,-0.727,0.035,-0.286,0.001,0.067,0.037,6573,7493,-110,109,40,16.000,6613,7530
227432,-0.050,-0.000,0.001,-0.000,0.684,0.065,-0.726,0.036,-0.275,0.001,0.062,0.037,6474,7415,-106,105,40,16.000,6613,7530
227532,0.000,-0.000,-0.000,0.002,0.685,0.063,-0.725,0.035,-0.255,0.001,0.060,0.035,6407,7315,-108,108,40,16.000,6613,7530
227632,-0.110,-0.000,-0.001,0.001,0.684,0.059,-0.726,0.039,-0.251,0.001,0.062,0.024,6404,7201,-112,111,40,16.010,6410,7331
227732,-0.100,0.000,0.000,-0.000,0.683,0.058,-0.727,0.042,-0.251,0.001,0.063,0.017,6356,7130,-109,109,40,16.010,6410,7331
227832,0.070,0.000,-0.000,-0.002,0.683,0.059,-0.727,0.042,-0.251,0.001,0.064,0.020,6240,7101,-110,110,40,16.020,6345,7062
227932,-0.030,0.001,0.000,0.000,0.683,0.062,-0.727,0.040,-0.231,0.001,0.065,0.026,6078,7026,-111,110,40,16.020,6345,7062
228032,-0.060,0.000,0.000,0.001,0.683,0.062,-0.727,0.041,-0.184,0.001,0.065,0.025,5980,6887,-110,109,40,16.020,6024,6963
228132,-0.220,0.001,0.001,-0.000,0.683,0.062,-0.727,0.042,-0.173,0.001,0.063,0.023,5933,6856,-109,108,40,16.020,6024,6963
228232,0.160,0.000,0.000,-0.000,0.684,0.064,-0.726,0.043,-0.173,0.001,0.062,0.025,5883,6837,-109,108,40,16.010,5924,6868
228332,0.150,0.001,-0.000,0.000,0.684,0.065,-0.726,0.044,-0.173,0.001,0.061,0.025,5817,6771,-109,108,40,16.010,5924,6868
228432,0.150,0.001,-0.001,0.000,0.682,0.065,-0.727,0.045,-0.173,0.001,0.064,0.024,5854,6786,-112,112,40,16.010,5924,6868
228532,0.240,0.000,-0.002,-0.002,0.680,0.067,-0.729,0.045,-0.173,0.001,0.072,0.026,5809,6787,-117,116,40,16.030,5868,6811
228632,0.460,0.000,-0.001,-0.001,0.675,0.071,-0.733,0.043,-0.173,0.001,0.085,0.033,5626,6705,-121,120,40,16.030,5868,6811
228732,-0.190,-0.001,-0.001,0.001,0.674,0.069,-0.734,0.043,-0.176,0.001,0.087,0.031,5559,6577,-116,115,40,16.020,5592,6666
228832,-0.230,-0.001,0.000,0.000,0.674,0.066,-0.734,0.042,-0.176,0.001,0.087,0.027,5480,6471,-113,112,40,16.020,5592,6666
228932,0.000,0.000,0.000,-0.000,0.675,0.065,-0.734,0.041,-0.173,0.001,0.085,0.027,5441,6463,-112,111,40,16.010,5470,6476
229032,0.310,0.001,-0.000,-0.001,0.675,0.067,-0.733,0.041,-0.180,0.001,0.085,0.030,5334,6410,-113,112,40,16.010,5470,6476
229132,-0.040,0.000,-0.000,-0.000,0.675,0.069,-0.733,0.041,-0.173,0.001,0.085,0.033,5260,6380,-113,113,40,16.010,5470,6476
229232,-0.270,-0.000,0.000,-0.000,0.675,0.070,-0.733,0.041,-0.180,0.001,0.086,0.035,5195,6327,-113,112,40,16.040,5241,6377
229332,-0.070,-0.000,0.000,-0.001,0.675,0.071,-0.734,0.041,-0.173,0.001,0.086,0.036,5108,6261,-113,113,40,16.040,5241,6377
229432,-0.290,-0.000,0.000,-0.000,0.675,0.071,-0.733,0.040,-0.176,0.002,0.085,0.037,5040,6204,-113,112,40,16.030,5050,6234
229532,-0.520,0.001,-0.000,-0.001,0.676,0.072,-0.732,0.040,-0.184,0.002,0.083,0.039,4964,6170,-112,111,40,16.030,5050,6234
229632,0.010,0.001,0.001,0.000,0.676,0.075,-0.732,0.042,-0.176,0.002,0.084,0.041,4839,6072,-113,112,40,16.030,5050,6234
229732,-0.170,0.001,0.000,0.000,0.676,0.076,-0.732,0.044,-0.176,0.002,0.082,0.038,4681,5903,-112,111,40,16.000,4826,6082
229832,-0.070,0.001,0.000,-0.001,0.676,0.078,-0.731,0.047,-0.173,0.001,0.081,0.038,4592,5836,-112,111,40,16.000,4826,6082
229932,-0.390,0.001,0.000,0.000,0.677,0.081,-0.730,0.048,-0.176,0.002,0.080,0.039,4549,5819,-112,111,40,16.040,4562,5827
230032,0.240,0.001,-0.000,0.000,0.677,0.081,-0.730,0.049,-0.176,0.001,0.080,0.038,4454,5723,-112,112,40,16.040,4562,5827
230132,0.040,-0.000,0.000,-0.000,0.677,0.082,-0.730,0.050,-0.161,0.001,0.079,0.038,4363,5670,-112,111,40,16.050,4340,5681
230232,0.040,0.000,0.000,0.000,0.677,0.082,-0.730,0.050,0.000,0.001,0.078,0.039,4306,5628,-112,111,40,16.050,4340,5681
230332,0.050,-0.000,0.000,0.000,0.677,0.083,-0.729,0.050,0.000,0.001,0.077,0.039,4292,5617,-111,110,40,16.050,4340,5681
230432,-0.160,-0.000,0.000,-0.000,0.678,0.083,-0.729,0.050,0.000,0.001,0.077,0.039,4351,5664,-111,111,40,16.030,4280,5605
230532,-0.160,0.000,-0.002,-0.000,0.678,0.083,-0.729,0.050,-0.200,0.001,0.075,0.039,4584,5849,-113,112,40,16.030,4280,5605
230632,0.070,-0.000,-0.000,0.000,0.677,0.083,-0.730,0.049,-0.200,0.002,0.079,0.041,4478,5782,-114,113,40,16.040,305,305
230732,0.070,0.000,0.000,-0.000,0.676,0.083,-0.731,0.049,-0.200,0.002,0.082,0.041,4343,5671,-114,113,40,16.040,305,305
230832,-0.010,0.001,0.001,0.000,0.676,0.084,-0.730,0.050,-0.200,0.002,0.081,0.040,4239,5584,-112,112,40,16.040,305,305
230932,0.030,0.004,0.002,0.001,0.677,0.087,-0.729,0.054,-0.200,0.001,0.079,0.039,4148,5481,-110,109,40,16.030,305,305
231032,0.360,0.006,0.006,0.000,0.683,0.093,-0.722,0.068,-0.200,0.001,0.059,0.029,3916,5184,-96,95,40,16.030,305,305
231132,-0.160,0.012,0.019,0.003,0.703,0.106,-0.698,0.089,-0.200,-0.000,-0.003,0.025,3708,4983,-54,53,40,16.040,305,305
231232,-0.150,0.007,0.010,0.005,0.733,0.116,-0.658,0.129,-0.200,-0.000,-0.108,0.001,4034,4875,-21,20,40,16.040,305,305
231332,-0.080,0.001,0.001,0.000,0.741,0.117,-0.645,0.144,-0.200,0.001,-0.140,-0.013,4053,4841,-54,53,40,16.050,305,305
231432,0.050,0.000,0.003,0.002,0.742,0.117,-0.642,0.150,-0.200,0.001,-0.148,-0.018,3953,4755,-66,66,40,16.050,305,305
231532,-0.050,0.004,0.005,0.001,0.750,0.115,-0.633,0.155,-0.200,0.002,-0.173,-0.024,3829,4601,-52,52,40,16.050,305,305
231632,-0.230,0.006,0.008,0.002,0.758,0.122,-0.618,0.169,-0.200,0.003,-0.208,-0.025,3778,4580,-38,37,40,16.060,305,305
231732,-0.030,0.005,0.013,0.001,0.771,0.125,-0.596,0.186,-0.200,0.004,-0.260,-0.029,3740,4469,-16,15,40,16.060,305,305
231832,-0.210,0.004,0.012,-0.001,0.791,0.126,-0.564,0.200,-0.200,0.004,-0.344,-0.024,3612,4476,12,-13,40,16.060,305,305
231932,-0.630,0.004,-0.014,-0.001,0.794,0.135,-0.557,0.203,-0.200,0.002,-0.349,-0.011,3620,4679,-33,33,40,16.060,305,305
232032,-0.380,0.002,-0.022,0.001,0.766,0.153,-0.591,0.202,-0.200,0.001,-0.256,-0.004,3853,4863,-103,103,40,16.060,305,305
232132,-0.620,-0.002,-0.020,-0.002,0.723,0.167,-0.642,0.193,-0.200,0.000,-0.121,-0.007,4176,5035,-151,150,40,16.060,305,305
232232,-0.400,-0.001,-0.019,-0.005,0.691,0.182,-0.678,0.175,-0.200,-0.000,-0.016,0.014,3988,5257,-156,155,40,16.060,305,305
232332,-0.490,-0.001,-0.023,-0.006,0.658,0.199,-0.710,0.152,-0.200,0.002,0.088,0.045,3823,5521,-172,171,40,16.060,305,305
232432,-0.060,0.005,-0.011,-0.003,0.620,0.218,-0.741,0.137,-0.200,0.006,0.195,0.067,3760,5643,-180,180,40,16.060,305,305
232532,0.240,0.009,0.005,-0.001,0.611,0.235,-0.742,0.145,-0.200,0.007,0.213,0.071,3520,5429,-130,129,40,16.060,305,305
232632,0.030,0.015,0.012,-0.000,0.623,0.251,-0.721,0.172,-0.200,0.005,0.166,0.065,3500,5235,-82,82,40,16.060,305,305
232732,0.090,0.018,0.004,-0.000,0.627,0.275,-0.698,0.209,-0.200,0.003,0.127,0.052,3482,5022,-84,83,40,16.060,305,305
232832,0.220,0.022,0.004,-0.001,0.621,0.308,-0.676,0.250,-0.200,0.002,0.104,0.044,3292,4834,-87,86,40,16.060,305,305
232932,0.100,0.022,0.006,-0.001,0.611,0.344,-0.650,0.292,-0.200,0.001,0.083,0.040,3047,4663,-85,85,40,16.060,305,305
233032,-0.170,0.022,0.004,-0.002,0.599,0.378,-0.622,0.333,-0.200,0.001,0.059,0.040,2874,4605,-84,84,40,16.070,305,305
233132,-0.090,0.020,0.003,-0.003,0.584,0.416,-0.590,0.370,-0.200,0.000,0.043,0.049,2599,4639,-87,87,40,16.070,305,305
233232,-0.370,0.020,0.002,-0.003,0.570,0.446,-0.566,0.396,-0.200,-0.000,0.038,0.061,2461,4721,-93,92,39,16.060,305,305
233332,-0.040,0.019,0.002,0.001,0.552,0.474,-0.540,0.423,-0.200,-0.001,0.033,0.065,2583,4744,-91,91,39,16.060,305,305
233432,-0.070,0.021,0.002,0.002,0.525,0.498,-0.518,0.456,-0.200,-0.000,0.033,0.050,2827,4576,-95,95,40,16.050,305,305
233532,0.000,0.021,-0.001,0.001,0.495,0.524,-0.493,0.487,-0.200,0.001,0.037,0.037,2694,4344,-101,101,40,16.050,305,305
233632,0.190,0.022,-0.003,0.002,0.463,0.550,-0.465,0.517,-0.200,0.001,0.037,0.029,2416,4081,-100,100,40,16.050,305,305
233732,-0.250,0.022,-0.006,-0.001,0.423,0.582,-0.441,0.537,-0.200,0.001,0.065,0.019,2497,4061,-121,121,40,16.050,305,305
233832,0.370,0.023,-0.005,-0.001,0.384,0.613,-0.410,0.556,-0.200,0.001,0.087,0.016,2247,3956,-121,121,40,16.050,305,305
233932,-0.110,0.024,-0.000,-0.002,0.338,0.644,-0.378,0.573,-0.200,0.000,0.116,0.003,2082,3637,-127,125,39,16.040,305,305
234032,-0.890,0.025,-0.000,-0.003,0.291,0.676,-0.337,0.588,-0.200,-0.000,0.140,-0.002,2020,3607,-133,133,39,16.040,305,305
234132,0.110,0.022,-0.002,-0.004,0.254,0.694,-0.293,0.607,-0.200,-0.000,0.135,-0.003,1640,3486,-119,118,39,16.040,305,305
234232,0.150,0.021,-0.002,-0.005,0.220,0.712,-0.250,0.618,-0.200,0.000,0.140,0.005,652,3387,-122,122,39,16.060,305,305
234332,-0.010,0.019,-0.000,-0.004,0.190,0.727,-0.210,0.625,-0.200,0.001,0.147,0.013,0,3336,-125,124,39,16.060,305,305
234432,-0.060,0.021,0.004,-0.004,0.158,0.736,-0.167,0.637,-0.200,0.001,0.138,0.019,0,3306,-114,114,39,16.020,305,305
234532,-0.010,0.016,0.002,-0.002,0.128,0.739,-0.126,0.650,-0.200,0.002,0.123,0.025,0,3185,-111,110,39,16.020,305,305
234632,0.160,0.014,-0.007,-0.001,0.101,0.743,-0.097,0.655,-0.200,0.001,0.123,0.023,0,2705,-123,123,39,16.030,305,305
234732,-0.160,0.013,-0.001,0.003,0.072,0.753,-0.078,0.649,-0.200,0.001,0.147,0.007,0,2366,-134,134,39,16.030,305,305
234832,0.280,0.007,0.009,-0.001,0.051,0.746,-0.061,0.663,-0.200,-0.000,0.116,-0.007,0,2065,-96,95,39,16.030,305,305
234932,-0.160,0.006,-0.007,-0.002,0.044,0.744,-0.049,0.665,-0.200,0.000,0.112,0.000,0,2241,-119,118,39,16.040,305,305
235032,-0.220,0.007,-0.003,-0.003,0.034,0.755,-0.034,0.654,-0.200,0.001,0.141,0.007,0,2536,-136,136,39,16.040,305,305
235132,0.350,0.005,-0.001,0.001,0.022,0.758,-0.022,0.651,-0.200,0.000,0.151,0.004,0,2249,-130,129,39,16.040,305,305
235232,0.050,0.008,-0.003,-0.001,0.008,0.762,-0.010,0.647,-0.200,0.000,0.162,0.000,0,2203,-135,135,39,16.040,305,305
235332,0.140,0.006,0.004,-0.004,0.000,0.761,0.007,0.649,-0.200,0.001,0.158,0.009,0,2406,-118,118,39,16.050,305,305
235432,-0.090,0.001,-0.004,-0.004,0.001,0.761,0.025,0.649,-0.200,0.003,0.159,0.034,0,2764,-129,128,39,16.050,305,305
235532,-0.360,-0.001,0.003,-0.000,0.006,0.761,0.027,0.648,-0.200,0.003,0.161,0.043,0,2956,-123,122,39,16.050,305,305
235632,0.360,-0.001,0.006,0.001,0.006,0.753,0.025,0.657,-0.200,0.003,0.137,0.042,0,2619,-105,104,39,16.040,305,305
235732,0.860,-0.006,0.001,0.002,0.011,0.744,0.018,0.668,-0.200,0.002,0.108,0.041,0,2583,-101,100,39,16.040,305,305
235832,-0.550,-0.004,-0.003,0.005,0.014,0.748,0.005,0.663,-0.200,0.002,0.120,0.027,0,2425,-126,125,39,16.030,305,305
235932,-0.210,-0.010,-0.004,-0.001,0.021,0.745,-0.012,0.666,-0.200,0.001,0.112,0.016,0,2496,-116,114,39,16.030,305,305
236032,-0.400,0.000,-0.002,0.000,0.028,0.757,-0.021,0.652,-0.200,0.001,0.148,0.014,0,2633,-142,142,39,16.030,305,305
236132,-0.160,0.003,0.003,-0.001,0.022,0.756,-0.012,0.654,-0.200,0.001,0.143,0.018,0,2840,-119,118,39,16.050,305,305
236232,0.110,0.008,0.005,0.000,0.008,0.748,0.003,0.663,-0.200,0.001,0.120,0.016,0,2631,-103,103,39,16.050,305,305
236332,0.080,0.012,0.003,-0.003,-0.015,0.740,0.028,0.672,-0.200,0.001,0.098,0.016,0,2385,-100,99,39,16.030,305,305
236432,0.630,0.018,0.009,-0.004,-0.041,0.730,0.065,0.679,-0.200,0.001,0.075,0.028,0,2594,-91,91,39,16.030,305,305
236532,-0.990,0.019,-0.002,0.003,-0.079,0.728,0.108,0.673,-0.200,0.001,0.082,0.031,0,2791,-121,121,39,16.040,305,305
236632,0.210,0.015,0.001,-0.002,-0.119,0.717,0.144,0.671,-0.200,0.001,0.070,0.023,0,2675,-102,102,39,16.040,305,305
236732,-0.720,0.011,-0.005,0.001,-0.145,0.723,0.176,0.653,-0.200,0.001,0.107,0.020,0,2496,-140,139,39,16.040,305,305
236832,-0.390,0.009,-0.001,0.002,-0.169,0.722,0.197,0.641,-0.200,0.000,0.121,0.007,0,2746,-129,128,39,16.050,305,305
236932,0.720,0.006,-0.003,0.002,-0.189,0.724,0.209,0.629,-0.200,-0.001,0.136,-0.010,0,2189,-132,132,39,16.050,305,305
237032,0.590,0.003,0.006,-0.002,-0.198,0.720,0.221,0.627,-0.200,-0.001,0.136,-0.009,0,2085,-115,115,39,16.060,305,305
237132,0.820,0.001,0.008,-0.003,-0.208,0.706,0.229,0.637,-0.200,-0.000,0.102,-0.001,0,2269,-91,90,39,16.060,305,305
237232,-1.530,0.003,0.003,-0.002,-0.206,0.706,0.241,0.633,-0.200,0.001,0.114,0.014,0,3079,-124,123,39,16.060,305,305
237332,0.450,0.008,-0.007,-0.000,-0.219,0.691,0.254,0.641,-0.200,0.001,0.083,0.022,0,3079,-104,103,39,16.070,305,305
237432,-0.600,0.004,-0.002,0.002,-0.228,0.694,0.269,0.627,-0.200,0.001,0.110,0.020,0,3176,-125,125,39,16.070,305,305
237532,-0.370,0.002,0.000,0.002,-0.244,0.693,0.275,0.620,-0.200,0.000,0.112,0.003,874,3100,-119,118,39,16.050,305,305
237632,0.080,0.005,0.003,0.004,-0.255,0.693,0.278,0.615,-0.200,-0.001,0.114,-0.012,1287,2919,-116,116,39,16.050,305,305
237732,0.270,-0.001,0.004,-0.000,-0.271,0.686,0.282,0.614,-0.200,-0.001,0.100,-0.027,0,2343,-106,106,39,16.060,305,305
237832,0.600,0.002,-0.009,0.002,-0.282,0.679,0.282,0.616,-0.200,-0.002,0.083,-0.036,0,1566,-116,116,39,16.060,305,305
237932,0.110,0.003,0.003,0.002,-0.289,0.690,0.293,0.596,-0.200,-0.004,0.124,-0.050,0,1503,-131,131,39,16.060,305,305
238032,-0.620,-0.009,-0.004,0.001,-0.286,0.697,0.291,0.589,-0.200,-0.005,0.143,-0.055,0,1409,-142,141,39,16.050,305,305
238132,-0.830,-0.011,0.002,0.004,-0.275,0.706,0.272,0.593,-0.200,-0.006,0.147,-0.065,1841,2044,-125,124,39,16.050,305,305
238232,-0.190,-0.015,0.002,0.002,-0.258,0.713,0.246,0.604,-0.200,-0.006,0.137,-0.071,2219,2224,-116,115,39,16.060,305,305
238332,-0.050,-0.023,-0.002,0.002,-0.228,0.722,0.213,0.618,-0.200,-0.005,0.132,-0.065,1826,2001,-119,118,39,16.060,305,305
238432,-0.400,-0.021,0.000,0.006,-0.194,0.739,0.168,0.623,-0.200,-0.007,0.150,-0.077,2505,1960,-132,131,39,16.060,305,305
238532,0.200,-0.026,-0.007,-0.000,-0.151,0.753,0.122,0.629,-0.200,-0.007,0.164,-0.073,2065,1644,-139,138,39,16.040,305,305
238632,0.040,-0.020,-0.003,0.001,-0.101,0.775,0.087,0.618,-0.200,-0.006,0.217,-0.049,1775,2125,-162,161,39,16.040,305,305
238732,0.430,-0.013,-0.006,0.001,-0.064,0.784,0.057,0.614,-0.200,-0.004,0.239,-0.030,0,1445,-154,153,39,16.050,305,305
238832,-0.080,-0.005,-0.004,0.001,-0.053,0.793,0.047,0.606,-0.200,-0.004,0.263,-0.027,0,847,-158,157,39,16.050,305,305
238932,0.380,-0.006,-0.000,-0.003,-0.042,0.794,0.042,0.606,-0.200,-0.002,0.265,-0.016,0,1158,-143,142,39,16.060,305,305
239032,0.250,0.001,0.009,0.002,-0.032,0.784,0.037,0.618,-0.200,-0.001,0.235,-0.004,0,1212,-112,111,39,16.060,305,305
239132,-0.300,-0.000,0.003,-0.001,-0.037,0.778,0.038,0.627,-0.200,-0.001,0.212,-0.010,0,940,-118,118,39,16.060,305,305
239232,0.000,0.001,-0.001,-0.002,-0.034,0.773,0.040,0.632,-0.200,-0.000,0.199,-0.001,0,1164,-122,121,38,16.050,305,305
239332,0.030,0.005,0.005,-0.000,-0.039,0.770,0.051,0.635,-0.200,0.001,0.192,0.006,0,1291,-120,119,38,16.050,305,305
239432,-0.500,0.005,-0.002,0.003,-0.060,0.766,0.058,0.638,-0.200,-0.002,0.180,-0.017,1044,0,-124,123,39,16.050,305,305
239532,-0.150,0.003,0.005,-0.005,-0.068,0.761,0.069,0.642,-0.200,-0.001,0.167,-0.015,946,1367,-111,111,39,16.050,305,305
239632,-0.380,-0.000,-0.006,0.001,-0.069,0.758,0.078,0.644,-0.200,-0.000,0.162,-0.003,765,1606,-127,126,39,16.050,305,305
239732,0.200,-0.008,-0.005,0.002,-0.062,0.771,0.070,0.630,-0.200,-0.001,0.199,-0.007,1137,1487,-150,149,39,16.050,305,305
239832,-0.060,-0.012,-0.002,0.004,-0.047,0.780,0.047,0.622,-0.200,-0.002,0.223,-0.015,1060,694,-151,150,39,16.050,305,305
239932,-0.330,-0.011,-0.001,0.002,-0.028,0.786,0.021,0.617,-0.200,-0.002,0.240,-0.018,754,0,-148,147,39,16.050,305,305
240032,-0.470,-0.011,-0.005,0.003,-0.009,0.791,-0.003,0.612,-0.200,-0.002,0.252,-0.018,1228,849,-151,150,39,16.050,305,305
240132,0.380,-0.007,0.001,-0.000,0.007,0.791,-0.024,0.611,-0.200,-0.002,0.255,-0.019,650,0,-139,138,39,16.050,305,305
240232,0.920,-0.005,-0.002,-0.004,0.025,0.782,-0.024,0.622,-0.200,0.001,0.226,0.010,0,1456,-119,118,39,16.060,305,305
240332,-0.650,-0.001,0.003,-0.002,0.030,0.786,-0.024,0.617,-0.200,0.002,0.240,0.017,0,1901,-138,137,39,16.060,305,305
240432,-0.260,-0.005,0.007,-0.001,0.042,0.775,-0.025,0.630,-0.200,0.003,0.204,0.033,0,2293,-109,108,39,16.060,305,305
240532,-0.100,-0.000,-0.003,0.001,0.045,0.772,-0.031,0.634,-0.200,0.003,0.194,0.031,0,1998,-124,123,39,16.060,305,305
240632,0.120,-0.001,-0.001,-0.000,0.047,0.777,-0.032,0.627,-0.200,0.003,0.210,0.032,0,1735,-139,139,39,16.060,305,305
240732,0.100,0.000,0.001,-0.000,0.047,0.775,-0.030,0.629,-0.200,0.004,0.204,0.035,0,1654,-128,127,39,16.060,305,305
240832,0.220,-0.002,-0.002,0.001,0.048,0.776,-0.031,0.628,-0.200,0.004,0.203,0.036,0,1729,-126,125,39,16.060,305,305
240932,0.350,-0.003,-0.001,0.002,0.054,0.773,-0.036,0.630,-0.200,0.004,0.200,0.039,0,1796,-132,131,39,16.060,305,305
241032,0.120,-0.002,0.002,0.002,0.057,0.772,-0.043,0.631,-0.200,0.003,0.197,0.032,0,1681,-127,126,39,16.060,305,305
241132,0.590,-0.002,0.004,0.001,0.055,0.767,-0.048,0.637,-0.200,0.002,0.182,0.023,0,1542,-117,116,39,16.050,305,305
241232,1.220,0.003,0.004,-0.001,0.056,0.755,-0.045,0.652,-0.200,0.002,0.144,0.026,0,1762,-96,95,39,16.050,305,305
241332,-0.350,-0.008,-0.001,0.002,0.067,0.761,-0.053,0.643,-0.200,0.003,0.164,0.035,0,2070,-134,133,39,16.050,305,305
241432,-0.780,-0.003,0.011,0.002,0.072,0.752,-0.067,0.652,-0.200,0.001,0.140,0.021,639,2441,-101,101,39,16.040,305,305
241532,-0.260,-0.004,-0.005,-0.003,0.079,0.749,-0.073,0.654,-0.200,0.002,0.133,0.024,0,2593,-125,124,39,16.040,305,305
241632,-0.270,-0.004,-0.001,0.003,0.093,0.750,-0.082,0.650,-0.200,0.002,0.138,0.032,0,2666,-123,122,39,16.050,305,305
241732,-0.620,-0.008,0.001,0.000,0.102,0.745,-0.097,0.652,-0.200,0.002,0.129,0.025,821,2902,-115,114,39,16.050,305,305
241832,-0.470,-0.010,0.002,0.001,0.124,0.738,-0.118,0.652,-0.200,0.002,0.118,0.029,1521,3304,-109,108,39,16.050,305,305
241932,0.700,-0.016,-0.001,0.004,0.147,0.734,-0.148,0.646,-0.200,0.002,0.122,0.024,0,2799,-122,120,39,16.050,305,305
242032,1.650,-0.014,-0.000,0.000,0.180,0.714,-0.189,0.649,-0.200,0.001,0.092,0.011,0,1788,-95,94,39,16.050,305,305
242132,-0.700,-0.016,0.001,0.003,0.212,0.714,-0.223,0.628,-0.200,0.001,0.120,0.021,0,2544,-125,124,39,16.060,305,305
242232,-0.360,-0.016,0.003,0.004,0.244,0.698,-0.261,0.621,-0.200,0.001,0.109,0.016,0,2638,-111,109,39,16.060,305,305
242332,-0.650,-0.015,-0.001,0.004,0.272,0.678,-0.300,0.613,-0.200,0.000,0.101,0.002,1312,2753,-113,112,39,16.060,305,305
242432,-0.360,-0.013,0.001,0.003,0.296,0.664,-0.332,0.601,-0.200,-0.000,0.101,-0.006,1826,2982,-115,114,39,16.070,305,305
242532,0.200,-0.007,0.002,0.008,0.319,0.648,-0.356,0.593,-0.200,-0.000,0.093,-0.009,1764,2755,-109,108,39,16.070,305,305
242632,1.140,-0.013,0.011,0.004,0.331,0.619,-0.378,0.603,-0.200,-0.001,0.053,-0.045,712,518,-79,78,39,16.070,305,305
242732,0.070,-0.011,0.002,0.004,0.351,0.599,-0.403,0.596,-0.200,-0.000,0.042,-0.061,852,0,-102,100,39,16.070,305,305
242832,-0.110,-0.013,-0.002,-0.003,0.366,0.586,-0.425,0.585,-0.200,-0.000,0.048,-0.067,801,0,-113,112,39,16.060,305,305
242932,-0.860,-0.013,-0.000,0.000,0.392,0.574,-0.446,0.563,-0.200,-0.001,0.058,-0.052,1611,1902,-115,114,39,16.060,305,305
243032,-0.460,-0.017,-0.002,-0.000,0.417,0.559,-0.470,0.541,-0.200,-0.001,0.067,-0.042,1978,2392,-118,116,39,16.060,305,305
243132,0.010,-0.023,0.001,0.004,0.445,0.533,-0.505,0.513,-0.200,-0.001,0.078,-0.044,2170,2173,-118,117,38,16.070,305,305
243232,0.110,-0.032,0.004,0.003,0.481,0.491,-0.546,0.479,-0.200,-0.003,0.078,-0.051,1793,1198,-112,111,38,16.070,305,305
243332,0.270,-0.033,-0.003,-0.001,0.526,0.438,-0.583,0.439,-0.200,-0.003,0.062,-0.051,1384,351,-105,103,39,16.070,305,305
243432,-0.030,-0.032,-0.002,0.003,0.558,0.385,-0.632,0.375,-0.200,-0.003,0.095,-0.044,1233,299,-129,127,39,16.070,305,305
243532,-0.170,-0.028,-0.006,-0.001,0.576,0.345,-0.668,0.321,-0.200,-0.002,0.130,-0.031,0,374,-147,146,39,16.070,305,305
243632,-0.110,-0.028,-0.000,-0.001,0.594,0.306,-0.694,0.266,-0.200,-0.000,0.153,-0.005,0,1329,-137,136,38,16.050,305,305
243732,0.240,-0.025,0.001,0.001,0.618,0.261,-0.710,0.216,-0.200,0.001,0.143,0.016,0,1604,-118,116,38,16.050,305,305
243832,0.190,-0.016,0.002,0.004,0.635,0.217,-0.721,0.174,-0.200,0.001,0.130,0.021,0,1429,-111,110,38,16.070,305,305
243932,-0.120,-0.014,-0.002,0.004,0.648,0.184,-0.722,0.161,-0.200,0.000,0.109,0.006,0,738,-105,104,38,16.070,305,305
244032,0.370,-0.016,0.006,0.001,0.649,0.153,-0.733,0.136,-0.200,0.000,0.121,-0.000,0,842,-117,116,38,16.070,305,305
244132,0.560,-0.015,-0.003,-0.002,0.662,0.125,-0.732,0.100,-0.200,0.001,0.103,0.018,0,1526,-111,110,38,16.060,305,305
244232,-0.720,-0.014,-0.003,0.003,0.657,0.103,-0.743,0.075,-0.200,0.001,0.125,0.024,0,1820,-131,130,38,16.060,305,305
244332,-0.800,-0.014,-0.003,0.005,0.657,0.069,-0.749,0.054,-0.200,0.001,0.131,0.009,2003,2369,-126,124,38,16.070,305,305
244432,0.110,-0.021,-0.004,0.002,0.651,0.033,-0.758,0.026,-0.200,0.000,0.152,0.004,1940,2368,-138,137,38,16.070,305,305
244532,0.190,-0.021,0.001,0.002,0.649,-0.010,-0.760,-0.012,-0.200,0.000,0.157,0.005,1393,2069,-126,125,38,16.070,305,305
244632,-0.150,-0.017,-0.002,0.001,0.646,-0.048,-0.760,-0.055,-0.200,0.002,0.159,0.022,0,2147,-128,127,38,16.070,305,305
244732,-0.080,-0.009,-0.004,0.004,0.639,-0.075,-0.762,-0.074,-0.200,0.001,0.174,0.016,0,1862,-137,136,38,16.070,305,305
244832,-0.320,-0.006,-0.004,0.002,0.630,-0.094,-0.767,-0.079,-0.200,0.000,0.194,0.003,1190,1822,-143,142,38,16.060,305,305
244932,0.720,-0.005,0.008,-0.003,0.632,-0.102,-0.762,-0.092,-0.200,0.001,0.184,0.011,0,1644,-116,115,38,16.060,305,305
245032,-0.060,0.002,-0.004,-0.003,0.636,-0.098,-0.759,-0.103,-0.200,0.003,0.171,0.032,0,1934,-124,123,38,16.060,305,305
245132,-0.810,-0.001,-0.003,-0.007,0.624,-0.082,-0.769,-0.110,-0.200,0.007,0.198,0.066,0,3007,-144,143,38,16.050,305,305
245232,-0.480,-0.005,-0.003,0.001,0.619,-0.081,-0.772,-0.121,-0.200,0.009,0.206,0.086,0,3441,-140,139,38,16.050,305,305
245332,0.540,-0.000,-0.002,0.002,0.613,-0.090,-0.776,-0.120,-0.200,0.009,0.221,0.076,0,3020,-144,143,38,16.060,305,305
245432,-1.250,-0.004,-0.004,0.001,0.606,-0.093,-0.781,-0.117,-0.200,0.009,0.240,0.069,0,2978,-151,150,38,16.060,305,305
245532,-2.220,-0.003,-0.001,0.000,0.603,-0.100,-0.781,-0.128,-0.200,0.010,0.243,0.078,2512,4519,-140,139,38,16.060,305,305
245632,-1.590,-0.004,-0.004,0.001,0.603,-0.106,-0.780,-0.127,-0.200,0.009,0.243,0.071,3773,5250,-139,138,38,16.060,305,305
245732,-0.770,-0.008,-0.006,-0.001,0.587,-0.116,-0.789,-0.140,-0.200,0.012,0.276,0.084,4196,5867,-162,160,38,16.060,305,305
245832,-0.730,-0.010,0.003,-0.001,0.578,-0.131,-0.790,-0.156,-0.200,0.015,0.287,0.094,4362,6155,-148,146,38,16.070,305,305
245932,-0.310,-0.011,0.004,-0.004,0.581,-0.142,-0.779,-0.186,-0.200,0.018,0.255,0.127,4256,6458,-122,120,38,16.070,305,305
246032,0.770,-0.003,0.004,-0.003,0.586,-0.145,-0.769,-0.210,-0.200,0.020,0.228,0.151,3938,6409,-115,114,38,16.070,305,305
246132,3.550,0.005,-0.003,0.003,0.595,-0.140,-0.761,-0.216,-0.200,0.020,0.201,0.161,1884,5304,-116,115,38,16.070,305,305
246232,3.220,0.012,0.005,0.007,0.598,-0.140,-0.768,-0.183,-0.200,0.014,0.220,0.112,0,2742,-138,138,38,16.070,305,305
246332,2.690,0.003,0.001,0.005,0.612,-0.138,-0.762,-0.162,-0.200,0.008,0.200,0.077,0,2404,-123,122,38,16.050,305,305
246432,0.760,-0.003,0.002,0.002,0.615,-0.145,-0.760,-0.153,-0.200,0.006,0.199,0.054,0,2325,-127,126,38,16.050,305,305
246532,-0.390,-0.001,0.006,0.002,0.627,-0.149,-0.750,-0.153,-0.200,0.004,0.169,0.042,0,2401,-106,105,38,16.050,305,305
246632,-0.730,0.000,0.006,-0.000,0.639,-0.149,-0.739,-0.154,-0.200,0.003,0.135,0.038,0,2901,-97,96,38,16.050,305,305
246732,-0.030,0.003,0.003,-0.003,0.649,-0.140,-0.732,-0.155,-0.200,0.003,0.110,0.045,0,3229,-101,100,38,16.050,305,305
246832,0.860,0.000,0.006,-0.003,0.661,-0.122,-0.724,-0.158,-0.200,0.003,0.078,0.067,0,2951,-87,86,38,16.050,305,305
246932,0.150,-0.003,-0.003,-0.003,0.660,-0.116,-0.725,-0.157,-0.200,0.004,0.079,0.075,0,2959,-114,113,38,16.050,305,305
247032,-0.950,-0.004,-0.003,-0.001,0.652,-0.115,-0.729,-0.172,-0.200,0.006,0.091,0.100,0,3434,-121,120,38,16.050,305,305
247132,-1.610,-0.007,-0.007,0.003,0.643,-0.125,-0.736,-0.174,-0.200,0.006,0.114,0.096,0,4076,-134,133,38,16.070,305,305
247232,-0.860,-0.003,-0.011,0.007,0.630,-0.147,-0.744,-0.166,-0.200,0.005,0.151,0.062,2438,4246,-151,150,38,16.070,305,305
247332,-0.140,0.000,-0.008,0.001,0.613,-0.157,-0.758,-0.158,-0.200,0.005,0.199,0.047,2615,4273,-164,163,38,16.070,305,305
247432,-0.330,0.002,-0.001,0.000,0.601,-0.157,-0.769,-0.154,-0.200,0.006,0.232,0.048,2340,4304,-156,155,38,16.070,305,305
247532,-0.180,-0.001,-0.001,0.001,0.601,-0.154,-0.770,-0.148,-0.200,0.005,0.236,0.043,2423,4310,-142,141,38,16.070,305,305
247632,0.160,0.001,-0.011,0.003,0.593,-0.156,-0.777,-0.140,-0.200,0.005,0.265,0.033,2094,3968,-165,164,38,16.060,305,305
247732,0.230,0.007,-0.002,0.002,0.578,-0.156,-0.791,-0.123,-0.200,0.002,0.305,0.015,2063,3648,-171,171,38,16.060,305,305
247832,0.370,0.010,0.003,0.000,0.586,-0.142,-0.791,-0.102,-0.200,-0.001,0.295,-0.005,1503,3064,-140,139,38,16.050,305,305
247932,0.160,0.009,0.008,-0.002,0.600,-0.122,-0.787,-0.080,-0.200,-0.003,0.270,-0.019,804,2629,-122,122,38,16.050,305,305
248032,0.380,0.008,0.004,-0.003,0.614,-0.098,-0.781,-0.064,-0.200,-0.002,0.237,-0.020,0,1937,-118,117,38,16.050,305,305
248132,0.060,0.007,0.012,0.003,0.634,-0.083,-0.767,-0.053,-0.200,-0.002,0.191,-0.024,0,1795,-92,92,38,16.040,305,305
248232,-1.320,0.002,0.005,0.001,0.654,-0.079,-0.751,-0.041,-0.200,-0.003,0.141,-0.042,0,1904,-92,91,38,16.040,305,305
248332,-0.540,0.004,0.003,0.009,0.667,-0.079,-0.740,-0.024,-0.200,-0.004,0.109,-0.070,2491,2258,-93,92,38,16.050,305,305
248432,-0.190,-0.001,0.001,0.017,0.664,-0.102,-0.740,-0.001,-0.200,-0.007,0.118,-0.134,3365,523,-120,119,38,16.050,305,305
248532,-0.160,-0.002,0.006,0.020,0.667,-0.143,-0.731,0.029,-0.200,-0.011,0.111,-0.233,4167,0,-112,112,38,16.050,305,305
248632,-0.080,-0.003,0.009,0.017,0.682,-0.182,-0.706,0.049,-0.200,-0.005,0.065,-0.318,4746,0,-81,80,38,16.060,305,305
248732,-0.040,-0.001,0.006,0.022,0.692,-0.226,-0.681,0.079,-0.200,0.004,0.028,-0.422,5500,0,-80,79,38,16.060,305,305
248832,-0.190,-0.003,0.005,0.022,0.694,-0.271,-0.657,0.112,-0.200,0.014,0.008,-0.523,6026,0,-87,85,38,16.060,305,305
248932,0.190,-0.003,-0.005,0.021,0.682,-0.321,-0.640,0.151,-0.200,0.020,0.018,-0.631,6281,0,-113,112,38,16.060,305,305
249032,0.400,-0.002,-0.001,0.017,0.668,-0.353,-0.630,0.180,-0.200,0.020,0.036,-0.698,6234,0,-117,116,38,16.060,305,305
249132,0.200,-0.002,0.000,0.010,0.658,-0.378,-0.619,0.202,-0.200,0.023,0.042,-0.747,6261,0,-112,111,38,16.060,305,305
249232,0.020,0.001,-0.001,0.008,0.653,-0.393,-0.609,0.218,-0.200,0.027,0.038,-0.778,6255,0,-105,103,38,16.060,305,305
249332,0.170,0.001,0.001,0.006,0.649,-0.406,-0.600,0.235,-0.200,0.032,0.032,-0.808,6286,0,-101,99,38,16.060,305,305
249432,0.360,0.008,-0.004,0.004,0.650,-0.404,-0.593,0.250,-0.200,0.037,0.012,-0.821,6268,0,-87,85,38,16.050,305,305
249532,0.030,0.003,-0.001,0.001,0.650,-0.395,-0.592,0.266,-0.200,0.039,-0.007,-0.828,6237,0,-87,85,38,16.050,305,305
249632,-0.300,0.001,0.000,-0.005,0.652,-0.388,-0.595,0.265,-0.200,0.038,-0.011,-0.821,6168,0,-95,93,38,16.040,305,305
249732,0.330,0.001,-0.004,-0.003,0.654,-0.379,-0.601,0.259,-0.200,0.035,-0.008,-0.807,6054,0,-105,103,38,16.040,305,305
249832,0.410,-0.001,-0.002,-0.000,0.650,-0.377,-0.607,0.259,-0.200,0.027,0.008,-0.803,6066,0,-110,109,38,16.040,305,305
249932,-0.030,-0.001,0.004,0.000,0.651,-0.381,-0.605,0.256,-0.200,0.029,0.007,-0.805,6093,0,-99,97,38,16.050,305,305
250032,0.310,0.002,-0.000,-0.000,0.656,-0.377,-0.602,0.255,-0.200,0.035,-0.009,-0.801,6071,0,-92,90,38,16.050,305,305
250132,0.170,-0.000,-0.001,0.001,0.655,-0.379,-0.600,0.259,-0.200,0.036,-0.011,-0.806,6118,0,-98,96,38,16.060,305,305
250232,-0.050,0.002,0.001,-0.002,0.657,-0.378,-0.598,0.260,-0.200,0.038,-0.017,-0.807,6107,0,-92,90,38,16.060,305,305
250332,0.160,0.000,0.002,-0.004,0.662,-0.371,-0.599,0.256,-0.200,0.039,-0.026,-0.797,6028,0,-90,88,38,16.060,305,305
250432,0.250,0.002,-0.002,-0.002,0.664,-0.370,-0.602,0.246,-0.200,0.038,-0.020,-0.786,5984,0,-100,98,38,16.060,305,305
250532,0.020,0.001,-0.002,-0.002,0.663,-0.368,-0.605,0.245,-0.200,0.036,-0.015,-0.783,5993,0,-102,100,38,16.060,305,305
250632,0.000,-0.002,0.000,-0.003,0.662,-0.363,-0.610,0.240,-0.200,0.032,-0.009,-0.773,5944,0,-103,101,38,16.060,305,305
250732,0.420,0.000,-0.000,-0.002,0.666,-0.358,-0.611,0.235,-0.200,0.033,-0.012,-0.763,5904,0,-97,95,38,16.060,305,305
250832,-0.240,0.002,0.002,-0.009,0.670,-0.344,-0.617,0.228,-0.200,0.031,-0.016,-0.741,5784,0,-93,91,38,16.060,305,305
250932,-0.280,0.002,0.004,-0.015,0.684,-0.323,-0.621,0.203,-0.200,0.034,-0.033,-0.694,5529,0,-83,81,38,16.060,305,305
251032,0.350,0.003,0.001,-0.015,0.700,-0.293,-0.627,0.178,-0.200,0.035,-0.054,-0.626,5115,0,-78,76,38,16.060,305,305
251132,0.020,0.003,-0.002,-0.012,0.710,-0.270,-0.632,0.155,-0.200,0.034,-0.067,-0.578,4927,0,-82,80,38,16.060,305,305
251232,-0.400,0.003,-0.005,-0.016,0.710,-0.239,-0.649,0.133,-0.200,0.023,-0.049,-0.512,4635,0,-99,98,38,16.060,305,305
251332,0.100,0.004,-0.010,-0.018,0.702,-0.193,-0.677,0.108,-0.200,0.008,-0.012,-0.417,4003,0,-120,119,38,16.060,305,305
251432,0.400,-0.002,-0.004,-0.012,0.697,-0.163,-0.694,0.082,-0.200,0.001,0.015,-0.341,3637,0,-118,117,38,16.070,305,305
251532,-0.240,-0.003,-0.000,-0.010,0.692,-0.147,-0.704,0.059,-0.200,-0.002,0.035,-0.287,3489,0,-115,114,38,16.070,305,305
251632,0.070,-0.006,0.003,-0.010,0.694,-0.135,-0.707,0.030,-0.200,-0.002,0.035,-0.229,3151,0,-104,103,38,16.070,305,305
251732,-0.010,-0.004,0.001,-0.007,0.699,-0.131,-0.703,0.003,-0.200,-0.001,0.023,-0.188,3030,0,-97,96,38,16.070,305,305
251832,0.260,0.000,-0.008,-0.008,0.695,-0.122,-0.709,-0.013,-0.200,-0.001,0.034,-0.151,2841,0,-115,114,38,16.070,305,305
251932,0.000,0.002,-0.007,-0.008,0.676,-0.106,-0.729,-0.025,-0.200,-0.004,0.084,-0.107,2525,0,-139,138,38,16.070,305,305
252032,0.200,0.001,0.001,-0.005,0.673,-0.093,-0.733,-0.034,-0.200,-0.003,0.091,-0.076,2336,0,-120,119,38,16.070,305,305
252132,-0.120,0.001,0.001,-0.002,0.675,-0.085,-0.732,-0.037,-0.200,-0.002,0.085,-0.060,2406,0,-111,110,38,16.070,305,305
252232,-0.060,0.002,-0.001,-0.003,0.675,-0.077,-0.732,-0.038,-0.200,-0.002,0.085,-0.048,2404,0,-114,113,38,16.050,305,305
252332,-0.060,0.003,0.001,-0.001,0.673,-0.067,-0.735,-0.037,-0.200,-0.002,0.090,-0.035,2354,0,-115,114,38,16.050,305,305
252432,-0.150,0.002,0.001,-0.002,0.678,-0.061,-0.732,-0.034,-0.200,-0.001,0.079,-0.033,2413,0,-106,105,38,16.040,305,305
252532,0.020,0.000,-0.000,-0.003,0.679,-0.054,-0.731,-0.039,-0.200,-0.001,0.076,-0.016,2163,0,-110,109,38,16.040,305,305
252632,0.090,0.001,-0.002,-0.000,0.678,-0.048,-0.733,-0.041,-0.200,-0.000,0.079,-0.005,2101,0,-114,113,38,16.040,305,305
252732,0.000,0.001,0.000,0.000,0.674,-0.045,-0.736,-0.038,-0.200,-0.000,0.087,-0.005,2228,0,-116,115,38,16.050,305,305
252832,0.050,0.004,-0.003,0.001,0.675,-0.040,-0.736,-0.032,-0.200,-0.000,0.086,-0.007,2303,0,-115,114,38,16.050,305,305
252932,0.200,0.004,-0.002,0.000,0.670,-0.035,-0.741,-0.021,-0.200,-0.001,0.100,-0.016,2453,0,-123,122,38,16.050,305,305
253032,0.060,0.002,-0.000,-0.000,0.667,-0.030,-0.744,-0.019,-0.200,-0.001,0.109,-0.012,2331,0,-121,120,38,16.050,305,305
253132,0.020,-0.001,-0.003,-0.002,0.660,-0.029,-0.751,-0.020,-0.200,-0.000,0.129,-0.007,2204,0,-132,131,38,16.050,305,305
253232,-0.100,-0.002,-0.002,-0.001,0.655,-0.028,-0.755,-0.026,-0.200,0.000,0.141,0.002,2117,0,-131,130,38,16.050,305,305
253332,0.100,-0.001,-0.001,-0.001,0.653,-0.027,-0.756,-0.029,-0.200,0.001,0.145,0.008,2035,0,-127,126,38,16.050,305,305
253432,-0.080,0.000,-0.003,-0.002,0.647,-0.023,-0.762,-0.031,-0.200,0.001,0.161,0.017,1896,0,-135,134,38,16.050,305,305
253532,-0.080,-0.001,-0.002,-0.002,0.641,-0.018,-0.766,-0.036,-0.200,0.003,0.176,0.032,1611,0,-137,135,38,16.060,305,305
253632,-0.130,0.000,0.001,-0.004,0.640,-0.011,-0.767,-0.044,-0.200,0.005,0.177,0.053,1026,0,-128,127,38,16.060,305,305
253732,-0.190,0.006,0.005,0.001,0.645,-0.000,-0.763,-0.040,-0.200,0.005,0.166,0.060,1162,0,-116,115,38,16.070,305,305
253832,0.160,0.002,0.002,-0.002,0.654,0.006,-0.756,-0.032,-0.200,0.004,0.143,0.057,1129,0,-109,108,38,16.070,305,305
253932,-0.100,0.000,-0.002,-0.008,0.654,0.017,-0.755,-0.040,-0.200,0.006,0.141,0.083,0,1166,-122,121,38,16.070,305,305
254032,-0.460,0.001,-0.006,-0.005,0.643,0.032,-0.763,-0.050,-0.200,0.010,0.168,0.117,0,2047,-144,142,38,16.070,305,305
254132,-0.050,0.002,-0.004,-0.003,0.632,0.040,-0.772,-0.053,-0.200,0.013,0.198,0.132,0,2370,-150,149,38,16.070,305,305
254232,-0.130,-0.003,-0.007,-0.005,0.622,0.046,-0.779,-0.061,-0.200,0.017,0.221,0.151,0,2508,-153,151,38,16.070,305,305
254332,-0.060,-0.004,-0.007,-0.007,0.606,0.051,-0.789,-0.082,-0.200,0.025,0.256,0.189,0,3132,-162,160,38,16.070,305,305
254432,-0.040,-0.004,0.002,-0.008,0.597,0.061,-0.794,-0.100,-0.200,0.033,0.272,0.235,0,3667,-146,143,38,16.070,305,305
254532,0.160,-0.008,0.003,-0.018,0.604,0.086,-0.782,-0.130,-0.200,0.039,0.245,0.304,0,4417,-123,120,38,16.060,305,305
254632,-0.400,-0.011,-0.000,-0.028,0.597,0.118,-0.771,-0.190,-0.200,0.055,0.230,0.430,0,5475,-125,122,38,16.060,305,305
254732,-0.850,-0.013,-0.003,-0.027,0.579,0.157,-0.756,-0.262,-0.200,0.076,0.218,0.574,0,6309,-125,121,38,16.060,305,305
254832,-0.390,-0.009,0.001,-0.011,0.567,0.176,-0.741,-0.314,-0.200,0.087,0.194,0.659,0,6540,-113,109,38,16.060,305,305
254932,-0.110,-0.001,0.002,-0.005,0.568,0.192,-0.728,-0.332,-0.200,0.086,0.170,0.696,0,6431,-113,109,38,16.060,305,305
255032,-0.020,-0.002,-0.000,-0.002,0.569,0.199,-0.724,-0.336,-0.200,0.085,0.164,0.707,0,6228,-120,116,38,16.070,305,305
255132,0.320,-0.001,-0.002,-0.003,0.570,0.205,-0.721,-0.338,-0.200,0.084,0.158,0.716,0,6017,-123,120,38,16.070,305,305
255232,0.180,0.001,0.000,-0.001,0.566,0.212,-0.721,-0.338,-0.200,0.087,0.169,0.723,0,5884,-132,128,38,16.070,305,305
255332,0.180,-0.003,-0.000,0.000,0.568,0.209,-0.720,-0.340,-0.200,0.085,0.162,0.722,0,5838,-122,118,38,16.060,305,305
255432,0.060,0.001,0.002,-0.001,0.569,0.210,-0.719,-0.341,-0.200,0.084,0.157,0.723,0,5838,-123,119,38,16.060,305,305
255532,-0.120,-0.003,-0.001,-0.003,0.571,0.214,-0.715,-0.342,-0.200,0.081,0.149,0.729,0,5878,-119,115,38,16.060,305,305
255632,-0.300,-0.001,-0.003,-0.001,0.565,0.211,-0.715,-0.353,-0.200,0.087,0.151,0.738,0,5934,-126,122,38,16.060,305,305
255732,-0.320,0.002,0.005,0.007,0.572,0.210,-0.716,-0.342,-0.200,0.081,0.147,0.724,0,5862,-118,115,38,16.060,305,305
255832,-0.030,0.001,-0.000,0.006,0.582,0.200,-0.716,-0.328,-0.200,0.072,0.136,0.699,0,5678,-117,113,38,16.060,305,305
255932,-0.220,0.009,0.006,0.006,0.585,0.197,-0.721,-0.314,-0.200,0.071,0.145,0.681,0,5578,-126,123,38,16.060,305,305
256032,0.420,0.008,-0.000,0.000,0.592,0.206,-0.724,-0.287,-0.200,0.066,0.159,0.656,0,5459,-138,135,38,16.070,305,305
256132,-0.420,-0.006,-0.008,-0.004,0.572,0.201,-0.735,-0.302,-0.200,0.083,0.197,0.671,0,5729,-150,146,38,16.070,305,305
256232,-0.340,0.002,-0.001,0.002,0.573,0.210,-0.734,-0.298,-0.200,0.083,0.200,0.673,0,5684,-139,135,38,16.070,305,305
256332,0.410,0.003,0.002,0.001,0.570,0.204,-0.738,-0.298,-0.200,0.086,0.208,0.667,0,5610,-137,133,38,16.070,305,305
256432,-0.110,-0.001,-0.001,0.004,0.570,0.200,-0.741,-0.292,-0.200,0.085,0.212,0.656,0,5535,-136,132,38,16.070,305,305
256532,0.020,-0.000,0.001,0.007,0.580,0.188,-0.741,-0.282,-0.200,0.077,0.197,0.631,0,5365,-123,120,38,16.070,305,305
256632,-0.060,0.003,0.003,0.008,0.589,0.175,-0.743,-0.265,-0.200,0.069,0.189,0.597,0,5173,-124,121,38,16.070,305,305
256732,-0.170,0.002,0.001,0.006,0.596,0.166,-0.745,-0.246,-0.200,0.062,0.187,0.562,0,5024,-128,125,38,16.070,305,305
256832,-0.150,0.002,0.004,0.009,0.606,0.153,-0.747,-0.229,-0.200,0.055,0.178,0.524,0,4832,-121,118,38,16.070,305,305
256932,-0.090,0.002,-0.000,0.009,0.613,0.139,-0.750,-0.207,-0.200,0.048,0.176,0.478,0,4588,-127,124,38,16.070,305,305
257032,-0.330,0.002,-0.001,0.011,0.617,0.122,-0.756,-0.185,-0.200,0.043,0.182,0.427,0,4387,-132,130,38,16.070,305,305
257132,-0.100,0.001,0.003,0.012,0.623,0.105,-0.758,-0.164,-0.200,0.037,0.178,0.378,0,4128,-124,122,38,16.070,305,305
257232,0.090,0.001,0.003,0.012,0.633,0.083,-0.757,-0.139,-0.200,0.028,0.164,0.315,0,3668,-116,114,38,16.070,305,305
257332,0.000,0.002,0.002,0.011,0.643,0.065,-0.755,-0.115,-0.200,0.021,0.151,0.256,0,3324,-115,113,38,16.050,305,305
257432,-0.030,0.002,0.002,0.010,0.652,0.048,-0.751,-0.092,-0.200,0.014,0.135,0.195,0,2960,-112,110,38,16.050,305,305
257532,-0.230,0.001,-0.001,0.007,0.654,0.035,-0.752,-0.073,-0.200,0.011,0.135,0.156,0,2812,-120,119,38,16.050,305,305
257632,-0.250,0.002,0.001,0.008,0.654,0.022,-0.754,-0.058,-0.200,0.008,0.138,0.117,0,2672,-122,120,38,16.050,305,305
257732,0.200,0.000,0.000,0.006,0.657,0.009,-0.753,-0.043,-0.200,0.005,0.133,0.077,0,2282,-119,117,38,16.050,305,305
257832,0.140,0.001,0.002,0.003,0.660,-0.000,-0.750,-0.036,-0.200,0.003,0.126,0.054,0,2255,-113,112,38,16.050,305,305
257932,0.260,-0.000,0.002,0.002,0.664,-0.005,-0.747,-0.033,-0.200,0.003,0.117,0.043,0,2347,-112,111,38,16.070,305,305
258032,0.130,-0.001,-0.000,0.002,0.667,-0.010,-0.744,-0.031,-0.200,0.002,0.107,0.032,0,2321,-112,110,38,16.070,305,305
258132,0.000,0.001,-0.001,0.001,0.665,-0.015,-0.746,-0.027,-0.200,0.001,0.114,0.022,0,2247,-121,120,38,16.060,305,305
258232,-0.010,0.000,-0.004,-0.004,0.659,-0.011,-0.752,-0.033,-0.200,0.002,0.130,0.034,0,2599,-132,130,38,16.060,305,305
258332,0.000,0.000,-0.002,-0.002,0.652,-0.003,-0.758,-0.037,-0.200,0.004,0.148,0.052,0,2806,-133,131,38,16.060,305,305
258432,0.230,-0.001,-0.001,-0.001,0.650,-0.002,-0.759,-0.040,-0.200,0.004,0.151,0.058,0,2817,-127,126,38,16.060,305,305
258532,-0.010,-0.001,0.001,-0.001,0.649,-0.003,-0.760,-0.044,-0.200,0.005,0.155,0.063,0,2828,-125,123,38,16.060,305,305
258632,0.070,-0.000,-0.003,-0.006,0.647,0.005,-0.760,-0.051,-0.200,0.007,0.158,0.084,0,3096,-129,127,38,16.050,305,305
258732,-0.270,-0.001,-0.003,-0.004,0.639,0.016,-0.766,-0.065,-0.200,0.011,0.178,0.120,0,3429,-139,137,38,16.050,305,305
258832,-0.480,-0.001,0.003,0.005,0.641,0.012,-0.765,-0.065,-0.200,0.010,0.171,0.114,0,3374,-122,120,38,16.050,305,305
258932,0.030,0.001,0.002,0.005,0.648,-0.001,-0.760,-0.055,-0.200,0.006,0.155,0.082,0,2874,-115,114,38,16.050,305,305
259032,-0.070,0.000,-0.001,0.002,0.648,-0.005,-0.760,-0.047,-0.200,0.005,0.157,0.066,0,2637,-125,124,38,16.050,305,305
259132,0.170,0.001,-0.001,0.002,0.647,-0.008,-0.762,-0.041,-0.200,0.004,0.161,0.052,0,2468,-128,127,38,16.050,305,305
259232,0.280,0.000,-0.004,-0.000,0.643,-0.009,-0.765,-0.039,-0.200,0.004,0.171,0.048,0,2537,-135,133,38,16.050,305,305
259332,0.070,0.001,0.002,0.000,0.642,-0.007,-0.766,-0.038,-0.200,0.004,0.173,0.049,0,2603,-126,124,38,16.050,305,305
259432,-0.100,-0.000,-0.000,0.001,0.646,-0.009,-0.763,-0.037,-0.200,0.004,0.164,0.044,0,2532,-122,121,38,16.050,305,305
259532,0.010,-0.000,-0.002,0.003,0.643,-0.014,-0.765,-0.034,-0.200,0.003,0.172,0.035,0,2404,-132,131,38,16.050,305,305
259632,-0.120,-0.002,0.005,0.001,0.649,-0.019,-0.760,-0.034,-0.200,0.002,0.156,0.027,0,2356,-112,110,38,16.050,305,305
259732,-0.410,0.002,0.005,0.001,0.657,-0.019,-0.753,-0.032,-0.200,0.002,0.134,0.023,0,2507,-106,105,38,16.060,305,305
259832,0.030,0.001,0.005,0.003,0.669,-0.021,-0.743,-0.025,-0.200,0.000,0.105,0.009,0,2255,-97,96,38,16.060,305,305
259932,0.160,0.000,0.007,0.003,0.681,-0.024,-0.732,-0.021,-0.200,-0.000,0.072,-0.003,0,2016,-88,86,38,16.060,305,305
260032,-0.120,0.002,0.002,0.000,0.690,-0.025,-0.723,-0.016,-0.200,-0.000,0.047,-0.011,0,1985,-94,93,38,16.060,305,305
260132,-0.250,0.001,-0.001,0.001,0.689,-0.024,-0.724,-0.015,-0.200,-0.000,0.050,-0.011,0,2076,-109,107,38,16.060,305,305
260232,0.070,0.000,0.002,-0.001,0.692,-0.022,-0.722,-0.015,-0.200,-0.000,0.042,-0.010,0,2114,-101,100,38,16.070,305,305
260332,0.100,0.000,-0.004,-0.002,0.687,-0.018,-0.726,-0.020,-0.200,0.000,0.054,0.004,0,2361,-118,117,38,16.070,305,305
260432,-0.090,0.000,0.001,0.001,0.685,-0.018,-0.728,-0.018,-0.200,0.000,0.061,0.001,0,2205,-112,110,38,16.060,305,305
260532,0.030,-0.001,-0.003,-0.002,0.685,-0.016,-0.728,-0.023,-0.200,0.000,0.062,0.011,0,2412,-113,112,38,16.060,305,305
260632,-0.070,0.001,-0.002,-0.003,0.676,-0.012,-0.736,-0.026,-0.200,0.001,0.084,0.022,0,2558,-125,123,38,16.060,305,305
260732,-0.060,0.002,0.003,0.001,0.680,-0.010,-0.733,-0.026,-0.200,0.001,0.074,0.024,0,2493,-106,105,38,16.060,305,305
260832,0.200,-0.001,0.004,-0.002,0.688,-0.007,-0.726,-0.025,-0.200,0.001,0.053,0.028,0,2543,-95,93,38,16.060,305,305
260932,-0.550,-0.003,0.009,-0.002,0.698,-0.007,-0.715,-0.033,-0.200,0.000,0.022,0.036,0,2721,-81,79,38,16.060,305,305
261032,-0.530,-0.002,0.008,-0.005,0.718,-0.003,-0.695,-0.046,-0.200,-0.001,-0.034,0.059,0,3155,-60,58,38,16.070,305,305
261132,0.080,0.003,-0.008,-0.001,0.712,0.007,-0.700,-0.049,-0.200,-0.001,-0.019,0.078,0,3119,-110,109,38,16.070,305,305
261232,0.320,0.002,-0.004,-0.001,0.703,0.009,-0.709,-0.047,-0.200,0.000,0.006,0.079,0,2943,-117,115,38,16.080,305,305
261332,-0.060,0.002,-0.001,0.000,0.695,0.013,-0.718,-0.041,-0.200,0.001,0.031,0.077,0,2864,-118,116,38,16.080,305,305
261432,0.240,0.002,-0.002,0.004,0.692,0.016,-0.721,-0.031,-0.200,0.001,0.041,0.067,0,2671,-116,115,38,16.080,305,305
261532,-0.140,-0.001,0.003,0.003,0.696,0.008,-0.718,-0.022,-0.200,0.001,0.031,0.042,0,2381,-100,98,38,16.070,305,305
261632,-0.090,0.002,-0.000,0.002,0.698,0.004,-0.716,-0.018,-0.200,0.000,0.026,0.031,0,2300,-103,101,38,16.070,305,305
261732,0.060,0.003,-0.002,0.002,0.697,0.006,-0.717,-0.009,-0.200,0.000,0.029,0.019,0,2222,-108,107,38,16.070,305,305
261832,-0.010,0.002,0.003,0.003,0.699,0.004,-0.715,0.002,-0.200,0.000,0.023,0.003,0,2011,-98,97,38,16.070,305,305
261932,-0.180,0.002,0.005,0.003,0.706,0.002,-0.708,0.012,-0.200,-0.000,0.002,-0.014,0,1790,-87,85,38,16.070,305,305
262032,-0.270,0.001,0.009,0.001,0.718,0.000,-0.696,0.019,-0.200,0.000,-0.032,-0.027,0,1760,-71,69,38,16.070,305,305
262132,-0.100,0.001,0.005,0.000,0.733,0.000,-0.680,0.023,-0.200,0.001,-0.077,-0.031,0,1697,-62,60,38,16.070,305,305
262232,0.020,-0.002,-0.008,-0.002,0.732,-0.000,-0.682,0.018,-0.200,0.001,-0.071,-0.025,0,1897,-95,93,38,16.070,305,305
262332,0.330,-0.003,-0.014,-0.003,0.706,-0.000,-0.708,0.011,-0.200,-0.000,0.003,-0.015,0,2068,-145,144,38,16.060,305,305
262432,0.000,-0.003,-0.007,-0.003,0.684,0.001,-0.729,0.001,-0.200,0.000,0.063,0.000,0,2290,-148,147,38,16.060,305,305
262532,-0.060,-0.001,0.005,-0.001,0.684,0.001,-0.729,-0.010,-0.200,0.000,0.064,0.015,0,2431,-110,109,38,16.060,305,305
262632,0.070,0.004,0.012,0.003,0.704,0.002,-0.711,-0.004,-0.200,0.000,0.010,0.009,0,2176,-66,65,38,16.070,305,305
262732,-0.290,0.001,0.001,0.003,0.715,-0.000,-0.699,0.006,-0.200,0.000,-0.023,-0.009,0,1843,-76,74,38,16.070,305,305
262832,-0.130,0.001,0.000,0.001,0.715,-0.001,-0.699,0.013,-0.200,0.000,-0.022,-0.020,0,1752,-94,92,38,16.070,305,305
262932,0.130,0.001,-0.006,-0.002,0.709,0.001,-0.705,0.015,-0.200,0.000,-0.006,-0.019,0,1816,-111,109,38,16.070,305,305
263032,0.100,0.001,-0.004,-0.002,0.699,0.004,-0.715,0.010,-0.200,-0.000,0.025,-0.007,0,2099,-120,119,38,16.070,305,305
263132,-0.230,0.000,-0.002,-0.003,0.694,0.011,-0.719,0.004,-0.200,0.000,0.036,0.009,0,2341,-115,113,38,16.070,305,305
263232,-0.130,0.001,-0.001,-0.000,0.692,0.013,-0.722,0.001,-0.200,0.000,0.042,0.018,0,2369,-112,111,38,16.070,305,305
263332,-0.010,0.004,0.000,-0.001,0.692,0.018,-0.722,0.003,-0.200,0.000,0.043,0.021,0,2371,-108,106,38,16.070,305,305
263432,-0.020,0.004,-0.002,-0.000,0.690,0.027,-0.723,0.011,-0.200,0.001,0.048,0.022,0,2360,-113,112,38,16.060,305,305
263532,0.060,0.004,-0.004,0.000,0.685,0.034,-0.727,0.017,-0.200,0.001,0.060,0.021,0,2354,-119,118,38,16.060,305,305
263632,0.130,0.002,-0.002,0.001,0.680,0.039,-0.732,0.024,-0.200,0.001,0.073,0.017,0,2292,-120,119,38,16.070,305,305
263732,-0.160,0.001,-0.001,0.001,0.675,0.038,-0.737,0.027,-0.200,0.001,0.088,0.012,0,2250,-123,122,38,16.070,305,305
263832,-0.180,0.001,0.000,-0.000,0.673,0.041,-0.738,0.031,-0.200,0.000,0.092,0.010,0,2269,-117,115,38,16.070,305,305
263932,0.010,0.000,-0.001,0.000,0.674,0.038,-0.737,0.029,-0.200,0.000,0.090,0.008,0,2259,-115,113,38,16.070,305,305
264032,-0.230,-0.000,-0.000,-0.001,0.672,0.039,-0.739,0.029,-0.200,0.000,0.095,0.010,0,2342,-117,116,38,16.070,305,305
264132,0.180,-0.001,-0.002,0.001,0.670,0.037,-0.741,0.027,-0.200,0.000,0.100,0.009,0,2294,-121,119,38,16.060,305,305
264232,0.180,0.001,0.001,0.001,0.669,0.035,-0.742,0.030,-0.200,0.000,0.104,0.002,0,2189,-117,116,38,16.060,305,305
264332,0.040,0.001,0.000,0.000,0.670,0.037,-0.741,0.033,-0.200,0.000,0.099,0.000,0,2196,-114,113,38,16.060,305,305
264432,0.470,-0.003,-0.001,-0.000,0.670,0.040,-0.740,0.035,-0.200,0.000,0.099,0.002,0,2253,-116,115,38,16.020,1197,2111
264532,-0.410,-0.000,0.001,-0.000,0.671,0.040,-0.740,0.033,-0.200,0.000,0.098,0.005,0,2359,-114,113,38,16.020,1197,2111
264632,-0.130,-0.000,0.001,-0.000,0.673,0.039,-0.737,0.034,-0.200,0.000,0.091,0.003,0,2252,-109,108,38,16.020,1197,2111
264732,0.080,0.001,-0.002,0.001,0.672,0.038,-0.739,0.034,-0.200,0.000,0.095,0.001,0,2215,-119,117,38,16.060,496,2340
264832,0.010,0.001,-0.001,0.001,0.671,0.041,-0.740,0.040,0.000,-0.000,0.098,-0.004,0,2138,-117,116,38,16.060,496,2340
264932,-0.030,0.000,0.001,0.001,0.669,0.040,-0.741,0.042,0.000,-0.000,0.100,-0.008,0,2119,-117,115,38,16.060,833,2083
265032,0.120,-0.002,0.000,-0.000,0.670,0.038,-0.740,0.040,0.000,-0.000,0.098,-0.008,0,2259,-115,114,38,16.060,833,2083
265132,0.310,-0.002,-0.001,0.001,0.669,0.031,-0.742,0.031,0.000,-0.000,0.102,-0.005,0,2385,-118,117,38,16.060,833,2083
265232,0.010,-0.002,-0.001,0.002,0.668,0.024,-0.743,0.028,0.816,-0.001,0.105,-0.009,0,2421,-120,118,38,16.080,1602,2358
265332,-0.030,-0.001,-0.001,0.000,0.667,0.020,-0.744,0.026,1.000,-0.001,0.109,-0.013,1467,3202,-120,118,38,16.080,1602,2358
265432,-0.030,0.002,0.003,-0.000,0.670,0.021,-0.742,0.030,1.000,-0.001,0.101,-0.017,2840,3942,-109,107,38,16.060,2598,3787
265532,-0.160,-0.000,0.002,-0.002,0.676,0.023,-0.736,0.027,1.000,-0.000,0.084,-0.010,3497,4600,-104,102,38,16.060,2598,3787
265632,-0.100,-0.001,0.000,-0.002,0.681,0.023,-0.732,0.022,1.000,-0.000,0.072,-0.000,4062,5158,-106,104,38,16.060,2598,3787
265732,0.170,0.000,-0.002,-0.001,0.680,0.023,-0.732,0.017,1.000,0.000,0.074,0.006,4531,5575,-113,111,38,16.060,4237,5285
265832,0.150,0.003,0.001,-0.001,0.679,0.026,-0.734,0.020,1.000,0.000,0.078,0.007,5128,6045,-112,111,38,16.060,4237,5285
265932,-0.200,-0.001,0.002,0.001,0.684,0.028,-0.728,0.022,1.000,0.000,0.063,0.007,5642,6459,-102,101,38,16.060,4237,5285
266032,-0.200,-0.000,-0.000,-0.002,0.684,0.029,-0.729,0.020,1.000,0.000,0.064,0.010,6086,6911,-111,109,38,16.050,5643,6443
266132,0.090,0.000,-0.001,-0.001,0.683,0.032,-0.730,0.018,0.976,0.001,0.067,0.018,6419,7282,-113,112,38,16.050,5643,6443
266232,-0.020,0.000,0.000,0.000,0.681,0.034,-0.731,0.019,0.000,0.001,0.071,0.018,6537,7360,-113,111,38,16.040,6527,7352
266332,0.010,-0.001,0.000,-0.001,0.681,0.034,-0.731,0.019,0.000,0.001,0.071,0.019,6509,7357,-112,110,38,16.040,6527,7352
266432,-0.080,-0.000,-0.001,-0.000,0.681,0.034,-0.731,0.016,0.235,0.001,0.073,0.023,6559,7430,-113,112,38,16.040,6527,7352
266532,0.120,-0.001,0.001,0.000,0.680,0.033,-0.732,0.015,1.000,0.001,0.074,0.023,6786,7622,-112,111,38,16.030,6613,7485
266632,-0.040,-0.000,0.002,0.000,0.683,0.032,-0.730,0.015,1.000,0.001,0.067,0.022,7142,7919,-106,105,38,16.030,6613,7485
266732,-0.270,0.000,0.002,-0.001,0.686,0.032,-0.726,0.014,1.000,0.001,0.057,0.024,7531,8295,-103,101,38,16.030,6613,7485
266832,-0.070,0.001,0.001,-0.000,0.689,0.034,-0.724,0.014,1.000,0.001,0.051,0.026,7890,8635,-104,103,38,16.030,7507,8278
266932,0.020,0.002,0.001,0.000,0.690,0.037,-0.722,0.018,1.000,0.001,0.047,0.025,8212,8911,-105,103,38,16.030,7507,8278
267032,0.130,-0.001,0.000,-0.000,0.690,0.039,-0.722,0.020,1.000,0.001,0.047,0.026,8471,9160,-107,106,38,16.040,8389,9025
267132,-0.180,-0.001,0.000,-0.000,0.690,0.037,-0.723,0.017,1.000,0.001,0.048,0.027,8769,9450,-109,107,38,16.040,8389,9025
267232,0.030,-0.000,-0.001,0.001,0.690,0.037,-0.723,0.016,1.000,0.001,0.047,0.028,9068,9723,-109,107,38,16.040,8389,9025
267332,-0.100,0.000,0.002,0.001,0.692,0.035,-0.721,0.017,1.000,0.001,0.043,0.024,9364,9964,-102,101,38,16.020,9057,9727
267432,-0.090,0.001,0.002,-0.000,0.695,0.036,-0.717,0.020,1.000,0.000,0.032,0.022,9654,10231,-98,97,38,16.020,9057,9727
267532,0.180,0.001,0.002,-0.000,0.700,0.038,-0.713,0.022,1.000,0.000,0.019,0.021,9935,10502,-95,94,38,16.010,9861,10416
267632,0.150,0.002,0.004,-0.002,0.707,0.043,-0.706,0.024,1.000,-0.000,0.000,0.027,10146,10756,-87,86,38,16.010,9861,10416
267732,-0.050,0.002,0.001,-0.002,0.712,0.052,-0.700,0.025,1.000,-0.000,-0.016,0.038,10351,11015,-89,87,38,16.010,9861,10416
267832,-0.220,0.003,0.000,-0.003,0.711,0.061,-0.700,0.026,1.000,-0.000,-0.014,0.050,10553,11272,-98,96,38,16.000,10395,11061
267932,0.030,0.001,0.002,-0.001,0.714,0.067,-0.696,0.027,1.000,-0.001,-0.022,0.058,10801,11513,-91,90,38,16.000,10395,11061
268032,0.250,-0.001,0.003,0.000,0.720,0.067,-0.690,0.026,1.000,-0.001,-0.038,0.061,11056,11739,-84,82,38,16.000,10395,11061
268132,-0.010,-0.000,-0.001,0.001,0.721,0.062,-0.690,0.026,1.000,-0.001,-0.040,0.054,11308,11906,-93,92,38,16.010,11037,11261
268232,0.000,-0.000,-0.001,0.001,0.719,0.060,-0.692,0.026,1.000,-0.001,-0.036,0.050,11518,12092,-96,95,38,16.010,11037,11261
268332,-0.030,-0.001,-0.001,0.002,0.718,0.057,-0.693,0.026,1.000,-0.001,-0.032,0.045,11728,12265,-97,95,38,16.000,11627,12195
268432,-0.060,-0.001,-0.002,0.001,0.717,0.050,-0.695,0.028,1.000,-0.000,-0.029,0.033,11978,12441,-98,97,38,16.000,11627,12195
268532,-0.140,-0.001,-0.004,-0.001,0.709,0.048,-0.703,0.026,1.000,-0.000,-0.008,0.032,12220,12705,-110,109,38,16.000,11627,12195
268632,0.340,0.001,-0.002,0.001,0.704,0.047,-0.708,0.026,1.000,0.000,0.006,0.029,12390,12863,-110,108,38,15.990,12254,12690
268732,0.090,0.001,0.001,0.002,0.705,0.045,-0.707,0.032,1.000,0.000,0.005,0.019,12621,13023,-99,98,38,15.990,12254,12690
268832,0.020,-0.000,-0.002,0.001,0.704,0.046,-0.708,0.034,1.000,0.000,0.006,0.017,12793,13207,-102,101,38,15.960,12755,13157
268932,-0.160,-0.001,-0.003,-0.001,0.698,0.044,-0.715,0.029,1.000,0.000,0.025,0.021,12992,13439,-114,112,38,15.960,12755,13157
269032,-0.320,0.000,-0.001,0.000,0.695,0.045,-0.717,0.027,1.000,0.000,0.034,0.023,13182,13633,-110,109,38,15.960,12755,13157
269132,-0.180,0.002,0.002,0.001,0.696,0.045,-0.716,0.033,1.000,0.000,0.030,0.015,13406,13792,-101,100,38,15.970,13333,13736
269232,0.000,0.001,-0.001,0.000,0.697,0.046,-0.715,0.038,1.000,0.000,0.026,0.010,13582,13952,-103,101,38,15.970,13333,13736
269332,0.000,-0.000,-0.002,-0.002,0.693,0.048,-0.719,0.036,0.000,0.000,0.039,0.015,13686,14101,-113,112,38,15.970,13333,13736
269432,0.330,0.001,-0.000,0.001,0.690,0.050,-0.721,0.037,0.000,0.000,0.045,0.015,13691,14095,-112,110,38,15.950,13698,14124
269532,-0.130,0.001,0.001,0.001,0.690,0.051,-0.720,0.041,0.000,0.000,0.043,0.011,13710,14086,-106,105,38,15.950,13698,14124
269632,-0.190,-0.002,-0.002,-0.001,0.689,0.049,-0.722,0.040,0.000,0.000,0.048,0.010,13700,14082,-112,111,38,15.960,13736,14124
269732,-0.010,-0.000,0.000,-0.001,0.686,0.048,-0.725,0.034,0.000,0.000,0.056,0.017,13692,14121,-112,110,38,15.960,13736,14124
269832,-0.220,0.000,0.000,0.001,0.688,0.049,-0.723,0.034,0.000,0.000,0.051,0.019,13723,14146,-106,105,38,15.960,13736,14124
269932,0.060,0.001,0.000,0.001,0.688,0.047,-0.723,0.036,0.471,0.000,0.050,0.013,13758,14140,-107,106,39,16.040,13698,14124
270032,0.040,0.000,0.001,-0.000,0.689,0.047,-0.722,0.037,1.000,0.000,0.047,0.011,13911,14290,-105,104,39,16.040,13698,14124
270132,0.030,-0.000,-0.001,-0.002,0.688,0.050,-0.723,0.034,1.000,0.000,0.051,0.020,14075,14504,-112,110,38,15.950,14005,14450
270232,-0.170,0.001,0.000,-0.002,0.688,0.056,-0.723,0.030,1.000,0.001,0.051,0.033,14191,14681,-109,107,38,15.950,14005,14450
270332,0.100,0.000,-0.000,-0.000,0.688,0.056,-0.723,0.030,1.000,0.001,0.051,0.034,14380,14835,-109,107,38,15.950,14005,14450
270432,-0.010,-0.000,0.000,0.001,0.689,0.055,-0.722,0.031,0.000,0.001,0.050,0.031,14541,14964,-107,105,38,15.950,14492,14970
270532,0.000,-0.000,-0.000,0.000,0.689,0.054,-0.722,0.032,0.000,0.001,0.048,0.029,14536,14945,-108,107,38,15.950,14492,14970
270632,0.270,0.000,0.000,-0.001,0.688,0.055,-0.723,0.031,0.000,0.001,0.051,0.030,14519,14948,-109,108,38,15.950,14492,14970
270732,-0.050,-0.001,-0.001,-0.001,0.688,0.059,-0.723,0.029,0.918,0.001,0.052,0.039,14647,15115,-110,108,39,15.950,14577,14970
270832,0.010,-0.000,-0.001,-0.000,0.685,0.058,-0.726,0.026,1.000,0.001,0.061,0.042,14821,15283,-115,114,39,15.950,14577,14970
270932,0.020,0.001,0.001,0.000,0.686,0.058,-0.725,0.027,1.000,0.001,0.057,0.041,15000,15453,-107,106,39,15.950,14577,14970
271032,0.000,-0.000,-0.000,-0.001,0.686,0.060,-0.725,0.027,1.000,0.001,0.058,0.043,15149,15597,-110,108,39,15.930,14970,15384
271132,-0.040,0.001,0.001,-0.000,0.686,0.064,-0.724,0.026,1.000,0.001,0.056,0.050,15314,15784,-107,106,39,15.930,14970,15384
271232,0.210,0.001,-0.001,0.000,0.688,0.066,-0.722,0.027,1.000,0.001,0.051,0.051,15484,15945,-107,105,39,15.910,15384,15772
271332,-0.320,-0.001,-0.003,0.000,0.686,0.066,-0.725,0.027,1.000,0.001,0.059,0.051,15690,16139,-117,115,39,15.910,15384,15772
271432,-0.110,-0.002,-0.002,0.001,0.680,0.061,-0.730,0.024,1.000,0.002,0.073,0.047,15874,16290,-120,118,39,15.910,15384,15772
271532,0.110,-0.000,-0.001,0.002,0.678,0.056,-0.732,0.025,0.000,0.001,0.079,0.039,15887,16269,-116,115,39,15.910,15873,16233
271632,0.390,0.001,-0.001,0.000,0.677,0.055,-0.733,0.029,0.000,0.001,0.081,0.033,15878,16247,-115,113,39,15.910,15873,16233
271732,0.000,0.000,0.000,-0.001,0.677,0.058,-0.734,0.028,0.000,0.001,0.083,0.037,15858,16265,-114,113,39,15.920,15772,16181
271832,-0.150,-0.001,-0.000,-0.001,0.677,0.060,-0.733,0.027,1.000,0.002,0.081,0.042,15976,16407,-112,111,39,15.920,15772,16181
271932,-0.300,0.002,-0.001,-0.000,0.674,0.061,-0.735,0.025,1.000,0.002,0.089,0.046,16133,16564,-119,117,39,15.920,15772,16181
272032,-0.110,0.003,0.006,0.000,0.681,0.064,-0.729,0.029,0.173,0.002,0.072,0.046,16209,16630,-99,97,39,15.900,16077,16556
272132,0.040,0.003,0.009,-0.001,0.697,0.073,-0.713,0.036,0.000,0.001,0.026,0.051,16208,16653,-75,73,39,15.900,16077,16556
272232,-0.080,-0.004,-0.005,-0.000,0.699,0.075,-0.710,0.035,0.000,0.000,0.021,0.055,16213,16667,-104,102,39,15.900,16077,16556
272332,-0.130,-0.001,0.000,-0.000,0.694,0.069,-0.716,0.027,0.000,0.001,0.036,0.057,16213,16666,-112,110,39,15.910,16233,16722
272432,0.010,0.004,0.004,-0.001,0.700,0.074,-0.709,0.030,0.000,0.000,0.017,0.061,16203,16673,-92,91,39,15.910,16233,16722
272532,-0.190,0.001,0.003,-0.001,0.708,0.080,-0.701,0.033,0.000,-0.000,-0.004,0.067,16207,16693,-86,85,39,15.890,16129,16666
272632,0.010,0.001,0.003,0.000,0.713,0.081,-0.696,0.035,1.000,-0.001,-0.018,0.067,16275,16747,-87,86,39,15.890,16129,16666
272732,0.510,-0.002,0.001,-0.000,0.717,0.080,-0.692,0.035,1.000,-0.001,-0.030,0.066,16420,16879,-88,86,39,15.890,16129,16666
272832,0.000,0.000,-0.001,-0.001,0.716,0.080,-0.693,0.033,0.867,-0.001,-0.028,0.069,16566,17035,-97,95,39,15.870,16447,16891
272932,0.000,-0.001,0.002,-0.001,0.716,0.081,-0.693,0.031,0.000,-0.001,-0.027,0.072,16603,17086,-95,93,39,15.870,16447,16891
273032,-0.150,0.002,0.005,0.002,0.724,0.081,-0.684,0.035,0.000,-0.002,-0.051,0.069,16615,17067,-76,75,39,15.870,16447,16891
273132,0.440,-0.000,0.001,0.001,0.729,0.080,-0.679,0.040,0.525,-0.002,-0.066,0.062,16660,17082,-79,78,39,15.860,16447,17064
273232,-0.240,-0.002,-0.005,0.001,0.724,0.077,-0.685,0.039,1.000,-0.002,-0.051,0.058,16833,17244,-101,100,39,15.860,16447,17064
273332,0.170,-0.001,0.001,0.002,0.719,0.071,-0.690,0.040,1.000,-0.001,-0.037,0.048,16993,17359,-98,97,39,15.860,17123,17301
273432,-0.120,-0.000,-0.002,0.003,0.719,0.065,-0.690,0.044,1.000,-0.001,-0.039,0.033,17201,17514,-95,93,39,15.860,17123,17301
273532,-0.330,-0.000,-0.003,0.001,0.714,0.061,-0.696,0.046,1.000,-0.000,-0.025,0.023,17357,17652,-103,102,39,15.860,17123,17301
273632,0.130,0.002,-0.001,-0.002,0.711,0.064,-0.699,0.046,0.110,-0.000,-0.016,0.026,17381,17717,-101,100,40,15.860,17361,17605
273732,0.000,0.002,-0.004,-0.002,0.706,0.072,-0.703,0.045,0.133,-0.000,-0.002,0.039,17355,17758,-108,106,40,15.860,17361,17605
273832,0.350,0.001,-0.002,0.000,0.699,0.076,-0.710,0.043,1.000,0.000,0.018,0.045,17448,17854,-111,110,40,15.860,17361,17605
273932,0.110,-0.000,-0.001,-0.001,0.698,0.078,-0.711,0.044,0.369,0.000,0.023,0.046,17562,17961,-106,104,40,15.860,17482,17857
274032,-0.360,-0.001,-0.002,-0.002,0.694,0.080,-0.715,0.041,0.000,0.001,0.034,0.052,17581,18002,-111,109,40,15.860,17482,17857
274132,0.150,0.000,-0.001,-0.001,0.690,0.083,-0.718,0.037,0.000,0.001,0.045,0.062,17571,18023,-111,110,40,15.840,17482,18050
274232,0.010,0.001,-0.001,0.001,0.687,0.086,-0.720,0.039,0.624,0.001,0.052,0.061,17637,18061,-111,109,40,15.840,17482,18050
274332,-0.140,0.001,0.001,0.001,0.688,0.086,-0.719,0.044,0.675,0.001,0.048,0.055,17733,18119,-104,103,40,15.840,17482,18050
274432,0.110,-0.002,0.001,-0.000,0.691,0.084,-0.717,0.043,0.000,0.001,0.042,0.054,17745,18139,-102,100,40,15.840,17667,18115
274532,-0.300,-0.001,0.001,-0.000,0.693,0.082,-0.715,0.041,0.000,0.001,0.037,0.056,17758,18163,-101,100,40,15.840,17667,18115
274632,-0.450,0.002,0.002,0.001,0.695,0.081,-0.713,0.044,0.000,0.001,0.030,0.051,17778,18157,-99,98,40,15.840,17667,18115
274732,0.080,-0.001,0.000,-0.002,0.699,0.082,-0.709,0.042,0.000,0.000,0.020,0.055,17793,18202,-97,96,40,15.840,17793,18181
274832,-0.210,-0.003,-0.000,-0.000,0.699,0.078,-0.710,0.036,0.000,0.000,0.021,0.059,17776,18196,-103,102,40,15.840,17793,18181
274932,0.020,-0.002,0.002,0.001,0.701,0.074,-0.709,0.031,0.000,0.000,0.015,0.060,17749,18164,-98,97,40,15.850,17730,18115
275032,-0.140,0.001,0.010,0.001,0.710,0.074,-0.697,0.035,0.000,-0.001,-0.018,0.057,17763,18163,-71,70,40,15.850,17730,18115
275132,0.020,0.004,0.012,0.002,0.738,0.086,-0.668,0.047,0.000,-0.003,-0.093,0.064,17761,18192,-36,35,40,15.850,17730,18115
275232,-0.700,-0.002,0.003,-0.001,0.747,0.077,-0.659,0.043,0.000,-0.004,-0.120,0.058,17817,18220,-61,59,41,15.840,17793,18115
275332,-0.250,-0.003,0.005,-0.002,0.757,0.077,-0.647,0.039,0.000,-0.005,-0.151,0.066,17836,18279,-54,52,41,15.840,17793,18115
275432,-0.440,-0.012,0.004,-0.009,0.766,0.073,-0.639,0.011,0.000,-0.009,-0.178,0.095,17824,18398,-51,49,41,15.840,17793,18115
275532,0.750,0.002,-0.010,-0.005,0.764,0.076,-0.641,-0.011,0.000,-0.011,-0.169,0.129,17739,18419,-80,80,40,15.840,17921,18450
275632,0.350,0.003,0.004,-0.001,0.754,0.083,-0.652,-0.013,0.000,-0.010,-0.138,0.142,17710,18371,-84,83,40,15.840,17921,18450
275732,0.630,-0.000,0.018,0.002,0.780,0.083,-0.620,-0.011,0.000,-0.016,-0.220,0.142,17729,18340,-5,4,40,15.830,17605,18181
275832,-0.660,-0.000,-0.001,0.001,0.793,0.083,-0.603,-0.005,0.000,-0.018,-0.261,0.135,17767,18338,-32,31,40,15.830,17605,18181
275932,-0.480,-0.001,0.003,0.001,0.793,0.079,-0.604,-0.008,0.000,-0.018,-0.262,0.135,17805,18374,-41,40,40,15.830,17605,18181
276032,-0.360,-0.002,0.010,0.003,0.805,0.074,-0.589,-0.005,0.000,-0.019,-0.300,0.124,17815,18333,-12,11,41,15.840,17793,18315
276132,-0.250,-0.001,0.008,0.000,0.820,0.070,-0.568,-0.001,0.000,-0.021,-0.353,0.114,17836,18335,5,-5,41,15.840,17793,18315
276232,-0.290,-0.002,0.003,-0.001,0.828,0.066,-0.557,-0.005,0.000,-0.022,-0.380,0.114,17866,18384,-4,3,41,15.840,17793,18315
276332,-0.360,-0.002,0.000,-0.006,0.831,0.067,-0.551,-0.020,0.000,-0.026,-0.392,0.130,17874,18479,-6,6,40,15.820,17793,18315
276432,-0.160,-0.001,-0.014,-0.002,0.821,0.068,-0.565,-0.037,0.000,-0.028,-0.360,0.151,17894,18565,-44,44,40,15.820,17793,18315
276532,0.190,-0.000,-0.007,0.002,0.801,0.067,-0.594,-0.039,0.000,-0.022,-0.290,0.152,17916,18541,-65,64,41,15.820,17921,17857
276632,-0.160,0.001,0.003,0.002,0.804,0.063,-0.590,-0.033,0.000,-0.021,-0.302,0.137,17949,18497,-16,15,41,15.820,17921,17857
276732,0.280,-0.000,0.004,0.003,0.806,0.060,-0.588,-0.027,0.000,-0.020,-0.307,0.128,17962,18480,-12,11,41,15.820,17921,17857
276832,0.240,-0.002,0.006,0.001,0.817,0.055,-0.573,-0.023,0.000,-0.020,-0.343,0.115,17987,18469,14,-14,41,15.820,17921,18450
276932,0.140,-0.003,0.003,0.001,0.823,0.049,-0.565,-0.024,0.000,-0.020,-0.363,0.107,17994,18468,12,-13,41,15.820,17921,18450
277032,-0.130,0.000,0.002,0.002,0.826,0.044,-0.562,-0.023,0.000,-0.019,-0.372,0.097,18029,18479,11,-12,41,15.810,17985,18315
277132,-0.430,-0.001,0.013,0.001,0.840,0.039,-0.541,-0.023,0.000,-0.019,-0.421,0.088,18061,18490,49,-50,41,15.810,17985,18315
277232,-0.140,0.000,0.004,-0.000,0.853,0.038,-0.521,-0.021,0.000,-0.020,-0.469,0.084,18071,18508,52,-53,41,15.810,17985,18315
277332,-0.130,0.001,-0.001,-0.002,0.853,0.042,-0.520,-0.020,0.000,-0.022,-0.469,0.090,18078,18556,31,-32,41,15.810,18050,18518
277432,-0.280,-0.001,-0.002,-0.005,0.852,0.042,-0.521,-0.034,0.000,-0.025,-0.468,0.106,18095,18646,30,-30,41,15.810,18050,18518
277532,0.100,0.001,-0.007,-0.001,0.844,0.044,-0.532,-0.039,0.000,-0.026,-0.442,0.114,18079,18636,15,-15,41,15.800,18050,18656
277632,0.130,0.000,-0.003,-0.001,0.836,0.045,-0.544,-0.046,0.000,-0.026,-0.414,0.122,18050,18623,16,-17,41,15.800,18050,18656
277732,-0.460,0.002,-0.007,0.001,0.830,0.044,-0.555,-0.049,0.000,-0.025,-0.390,0.124,18054,18615,12,-13,41,15.800,18050,18656
277832,-0.490,0.000,-0.013,0.002,0.815,0.044,-0.577,-0.044,0.000,-0.020,-0.337,0.119,18090,18614,-14,14,41,15.800,18050,18518
277932,-0.600,0.001,-0.019,0.002,0.787,0.040,-0.614,-0.043,0.000,-0.014,-0.246,0.115,18163,18669,-46,45,41,15.800,18050,18518
278032,-0.260,0.000,-0.020,0.002,0.753,0.036,-0.655,-0.039,0.000,-0.007,-0.139,0.105,18215,18682,-72,70,42,15.810,18248,18656
278132,-0.190,0.000,-0.014,0.002,0.724,0.031,-0.688,-0.032,0.000,-0.002,-0.051,0.089,18252,18668,-71,70,42,15.810,18248,18656
278232,0.430,0.002,-0.007,0.003,0.706,0.028,-0.708,-0.025,0.000,0.000,0.003,0.074,18238,18610,-53,52,42,15.810,18248,18656
278332,0.840,0.000,0.006,0.002,0.707,0.026,-0.706,-0.019,0.000,-0.000,-0.002,0.064,18156,18522,-14,12,42,15.800,18315,18587
278432,0.490,-0.002,0.007,0.003,0.724,0.018,-0.690,-0.019,0.000,-0.001,-0.048,0.053,18111,18451,18,-19,42,15.800,18315,18587
278532,-0.210,-0.004,0.001,0.004,0.730,0.005,-0.684,-0.018,0.000,-0.001,-0.065,0.031,18154,18425,5,-6,42,15.800,18115,18382
278632,-1.030,-0.002,-0.000,0.003,0.729,-0.007,-0.684,-0.015,0.000,-0.000,-0.064,0.010,18268,18483,-7,5,42,15.800,18115,18382
278732,-1.000,-0.002,-0.008,0.001,0.722,-0.015,-0.692,-0.013,0.000,0.000,-0.043,-0.003,18397,18604,-26,24,42,15.800,18115,18382
278832,-0.840,0.000,-0.013,0.000,0.697,-0.018,-0.716,-0.014,0.000,-0.000,0.027,-0.005,18508,18738,-66,64,41,15.780,18518,18587
278932,0.370,0.001,-0.001,-0.000,0.687,-0.018,-0.727,-0.013,0.000,-0.000,0.056,-0.006,18508,18749,-43,42,41,15.780,18518,18587
279032,0.190,0.000,0.003,-0.002,0.685,-0.011,-0.729,-0.013,0.000,0.000,0.062,0.004,18470,18765,-27,26,42,15.770,18382,18867
279132,-0.020,-0.000,-0.002,-0.000,0.688,-0.004,-0.725,-0.010,0.000,0.000,0.052,0.010,18444,18752,-24,23,42,15.770,18382,18867
279232,0.090,-0.000,-0.003,0.000,0.682,-0.005,-0.731,-0.011,0.000,0.000,0.070,0.009,18439,18734,-38,37,42,15.770,18382,18867
279332,0.340,-0.000,0.003,0.003,0.683,-0.007,-0.730,-0.010,0.000,0.000,0.067,0.004,18448,18711,-25,23,42,15.780,18382,18796
279432,-0.120,0.000,0.001,0.000,0.687,-0.009,-0.727,-0.005,0.000,-0.000,0.057,-0.005,18473,18707,-22,21,42,15.780,18382,18796
279532,-0.110,0.001,0.000,-0.001,0.689,-0.006,-0.725,-0.004,0.000,-0.000,0.051,-0.002,18470,18732,-24,23,42,15.780,18518,18656
279632,0.080,-0.000,-0.001,-0.001,0.686,-0.001,-0.727,-0.003,0.000,0.000,0.058,0.003,18446,18735,-33,31,42,15.780,18518,18656
279732,-0.130,-0.000,-0.001,-0.002,0.685,0.002,-0.729,-0.006,0.000,0.000,0.063,0.012,18441,18760,-33,32,42,15.760,18518,18867
279832,0.030,-0.000,-0.000,-0.001,0.685,0.005,-0.729,-0.008,0.000,0.001,0.062,0.018,18434,18763,-31,29,42,15.760,18518,18867
279932,-0.080,0.000,0.001,0.002,0.686,0.004,-0.727,-0.006,0.000,0.000,0.059,0.015,18442,18738,-27,26,42,15.760,18518,18867
280032,-0.130,0.001,-0.001,0.002,0.686,0.001,-0.728,-0.001,0.000,0.000,0.060,0.002,18479,18724,-32,31,42,15.790,18315,18796
280132,0.330,0.000,0.000,0.001,0.686,0.000,-0.728,0.001,0.000,-0.000,0.059,-0.002,18471,18717,-31,29,42,15.790,18315,18796
280232,0.240,-0.001,-0.001,0.001,0.684,-0.002,-0.729,0.002,0.000,-0.000,0.064,-0.005,18454,18695,-36,35,42,15.790,18518,18518
280332,-0.080,-0.002,-0.000,-0.001,0.684,-0.003,-0.729,-0.002,0.000,-0.000,0.064,-0.001,18450,18720,-34,33,42,15.790,18518,18518
280432,0.100,-0.001,0.001,-0.002,0.685,0.001,-0.729,-0.006,0.000,0.000,0.062,0.010,18439,18760,-31,30,42,15.790,18518,18518
280532,-0.210,0.001,-0.000,-0.000,0.684,0.005,-0.729,-0.006,0.000,0.000,0.064,0.015,18443,18765,-36,35,42,15.790,18518,18656
280632,-0.180,-0.001,0.000,0.001,0.684,0.005,-0.729,-0.006,0.000,0.000,0.064,0.015,18432,18741,-35,33,42,15.790,18518,18656
280732,-0.430,0.001,0.005,0.005,0.689,-0.001,-0.725,-0.001,0.000,0.000,0.052,0.001,18480,18712,-24,23,42,15.780,18518,18656
280832,0.340,-0.000,0.005,0.006,0.698,-0.012,-0.716,0.011,0.000,-0.000,0.026,-0.033,18543,18640,-13,12,42,15.780,18518,18656
280932,0.410,-0.007,-0.002,0.001,0.702,-0.025,-0.712,0.012,0.000,-0.000,0.015,-0.052,18546,18607,-25,23,42,15.790,18656,18587
281032,0.310,-0.004,-0.004,-0.001,0.690,-0.037,-0.723,-0.001,0.000,-0.001,0.048,-0.051,18492,18592,-53,51,42,15.790,18656,18587
281132,-0.040,0.008,0.005,-0.001,0.695,-0.029,-0.718,0.005,0.000,-0.001,0.033,-0.048,18482,18592,-21,21,42,15.790,18656,18587
281232,0.000,0.005,-0.001,-0.003,0.700,-0.014,-0.714,0.014,0.000,-0.000,0.019,-0.040,18464,18602,-23,22,42,15.770,18518,18518
281332,0.060,-0.004,-0.002,-0.003,0.695,-0.011,-0.719,0.006,0.000,-0.000,0.035,-0.024,18456,18641,-41,40,42,15.770,18518,18518
281432,-0.120,0.001,0.002,-0.000,0.694,-0.011,-0.719,-0.000,0.000,-0.000,0.035,-0.015,18464,18652,-32,31,42,15.770,18315,18587
281532,-0.130,0.006,0.004,-0.000,0.700,-0.001,-0.714,0.009,0.000,-0.000,0.021,-0.014,18486,18652,-22,21,42,15.770,18315,18587
281632,-0.120,-0.001,-0.001,-0.001,0.704,0.005,-0.710,0.014,0.000,-0.000,0.009,-0.012,18504,18668,-24,22,43,15.780,18518,18656
281732,-0.020,-0.006,-0.006,-0.000,0.695,-0.002,-0.719,0.003,0.000,-0.000,0.033,-0.007,18507,18679,-50,48,43,15.780,18518,18656
281832,0.060,0.002,0.002,-0.000,0.689,-0.005,-0.724,-0.001,0.000,-0.000,0.050,-0.006,18524,18693,-43,42,43,15.780,18518,18656
281932,-0.110,0.005,0.006,-0.000,0.702,0.006,-0.712,0.010,0.000,-0.000,0.015,-0.005,18533,18698,-12,11,43,15.770,18450,18726
282032,-0.350,-0.002,-0.003,-0.001,0.704,0.009,-0.711,0.010,0.278,-0.000,0.010,-0.002,18525,18699,-29,28,43,15.770,18450,18726
282132,-0.660,-0.005,-0.002,-0.001,0.697,0.002,-0.717,-0.003,0.855,0.000,0.028,0.008,18638,18851,-43,42,43,15.750,18587,18867
282232,0.200,0.003,0.005,0.001,0.700,0.000,-0.714,-0.005,0.275,0.000,0.019,0.008,18751,18947,-25,24,43,15.750,18587,18867
282332,0.100,0.002,0.006,0.001,0.715,0.006,-0.700,0.004,0.000,-0.000,-0.021,0.004,18764,18936,-4,2,43,15.760,18726,18939
282432,0.000,-0.009,-0.001,-0.002,0.718,-0.002,-0.696,-0.006,0.000,-0.000,-0.032,0.005,18748,18934,-16,14,43,15.760,18726,18939
282532,0.130,-0.007,-0.003,-0.005,0.712,-0.011,-0.701,-0.028,0.000,-0.000,-0.017,0.024,18676,18956,-35,34,43,15.760,18726,18939
282632,0.200,0.001,0.001,-0.003,0.711,-0.008,-0.702,-0.040,0.000,-0.000,-0.015,0.045,18608,18960,-27,26,43,15.770,18587,19083
282732,-0.060,0.004,0.001,-0.002,0.716,0.004,-0.698,-0.038,0.000,-0.001,-0.027,0.058,18596,18977,-19,18,43,15.770,18587,19083
282832,0.110,0.001,-0.000,-0.002,0.716,0.013,-0.697,-0.036,0.000,-0.001,-0.029,0.068,18600,19019,-23,21,43,15.770,18518,19011
282932,0.020,-0.000,-0.005,0.000,0.712,0.015,-0.701,-0.039,0.000,-0.001,-0.016,0.076,18597,19037,-36,35,43,15.770,18518,19011
283032,0.240,0.003,-0.001,0.003,0.705,0.014,-0.709,-0.033,0.000,0.000,0.005,0.066,18615,19008,-41,39,43,15.740,18587,19083
283132,0.380,0.005,-0.000,0.004,0.704,0.014,-0.710,-0.017,1.000,0.000,0.007,0.044,18775,19076,-33,32,43,15.740,18587,19083
283232,0.050,0.002,0.002,0.002,0.705,0.013,-0.709,-0.007,1.000,0.000,0.005,0.029,18902,19168,-27,26,43,15.740,18587,19083
283332,-0.120,-0.002,0.000,0.000,0.709,0.010,-0.705,-0.007,0.780,-0.000,-0.005,0.023,19032,19309,-23,22,43,15.760,18796,19157
283432,-0.040,-0.003,-0.002,0.000,0.706,0.007,-0.708,-0.011,0.000,0.000,0.004,0.025,19067,19370,-34,32,43,15.760,18796,19157
283532,-0.550,-0.000,0.001,0.001,0.705,0.004,-0.709,-0.012,1.000,0.000,0.005,0.023,19165,19462,-29,28,43,15.730,19011,19531
283632,-0.520,0.001,0.000,-0.000,0.707,0.005,-0.707,-0.010,1.000,0.000,0.001,0.021,19302,19599,-27,25,43,15.730,19011,19531
283732,0.000,-0.000,-0.003,-0.001,0.703,0.008,-0.711,-0.010,0.000,0.000,0.010,0.025,19357,19674,-38,36,43,15.720,19305,19685
283832,0.320,0.001,-0.003,-0.001,0.697,0.010,-0.717,-0.011,0.000,0.000,0.027,0.030,19334,19667,-44,42,43,15.720,19305,19685
283932,0.070,0.000,-0.002,-0.002,0.691,0.015,-0.722,-0.013,0.000,0.001,0.045,0.039,19352,19712,-47,46,43,15.730,19305,19646
284032,0.290,0.003,0.001,-0.002,0.691,0.023,-0.723,-0.011,1.000,0.001,0.045,0.047,19354,19735,-37,36,43,15.730,19305,19646
284132,0.180,0.001,-0.001,-0.001,0.691,0.030,-0.722,-0.009,1.000,0.001,0.044,0.055,19485,19878,-37,36,43,15.730,19305,19646
284232,0.020,0.001,0.001,0.001,0.689,0.031,-0.724,-0.007,0.678,0.001,0.049,0.053,19607,19970,-39,38,43,15.690,19455,19762
284332,-0.090,0.001,0.003,0.001,0.693,0.031,-0.720,-0.003,0.365,0.001,0.038,0.048,19679,20017,-29,28,43,15.690,19455,19762
284432,0.420,-0.001,0.001,-0.000,0.698,0.031,-0.716,-0.003,1.000,0.001,0.027,0.048,19791,20135,-28,27,43,15.710,19607,20080
284532,-0.350,-0.002,-0.000,-0.001,0.699,0.028,-0.715,-0.008,1.000,0.001,0.024,0.051,19914,20270,-33,32,43,15.710,19607,20080
284632,-0.250,-0.001,-0.000,-0.000,0.698,0.025,-0.716,-0.012,0.000,0.001,0.026,0.053,19921,20281,-37,35,43,15.700,19960,20491
284732,-0.100,0.001,0.001,0.001,0.699,0.024,-0.715,-0.012,0.000,0.001,0.022,0.050,19924,20266,-32,31,43,15.700,19960,20491
284832,-0.210,0.001,0.001,0.001,0.701,0.025,-0.713,-0.007,0.000,0.000,0.017,0.045,19959,20286,-32,30,44,15.700,20040,20408
284932,0.060,0.000,-0.001,-0.001,0.700,0.025,-0.713,-0.007,0.506,0.000,0.019,0.045,19969,20303,-36,35,44,15.700,20040,20408
285032,0.290,0.001,-0.002,-0.000,0.698,0.026,-0.716,-0.008,1.000,0.001,0.026,0.047,20048,20390,-42,40,44,15.700,20040,20408
285132,0.180,-0.000,0.000,-0.001,0.696,0.029,-0.718,-0.009,0.941,0.001,0.031,0.053,20165,20537,-40,38,44,15.700,19920,20491
285232,0.380,0.001,-0.001,-0.001,0.695,0.031,-0.718,-0.010,0.000,0.001,0.034,0.058,20193,20569,-41,39,44,15.700,19920,20491
285332,0.420,0.002,0.002,0.001,0.696,0.034,-0.717,-0.006,0.000,0.001,0.030,0.057,20203,20563,-34,33,43,15.680,20202,20618
285432,-0.030,0.003,0.005,0.000,0.703,0.038,-0.710,-0.001,0.000,0.000,0.011,0.055,20219,20569,-22,21,43,15.680,20202,20618
285532,-0.300,-0.001,0.003,0.000,0.712,0.040,-0.701,0.001,0.000,-0.000,-0.014,0.057,20218,20576,-16,14,44,15.640,20366,20491
285632,0.530,-0.004,-0.001,-0.001,0.714,0.032,-0.700,-0.008,0.000,-0.001,-0.019,0.058,20206,20569,-28,26,44,15.640,20366,20491
285732,-0.320,-0.002,0.000,-0.002,0.713,0.029,-0.701,-0.018,0.000,-0.001,-0.016,0.065,20212,20604,-31,29,44,15.690,20120,20661
285832,0.490,-0.000,0.001,-0.002,0.715,0.030,-0.698,-0.023,0.000,-0.001,-0.023,0.074,20192,20608,-26,24,44,15.690,20120,20661
285932,0.650,-0.001,0.003,-0.001,0.719,0.031,-0.694,-0.026,0.000,-0.001,-0.036,0.081,20196,20623,-18,16,44,15.690,20283,20618
286032,0.430,0.001,0.002,-0.001,0.724,0.032,-0.689,-0.029,0.000,-0.002,-0.049,0.086,20178,20611,-16,15,44,15.690,20283,20618
286132,-0.310,0.002,-0.000,-0.001,0.725,0.034,-0.688,-0.027,0.000,-0.002,-0.052,0.087,20163,20589,-23,21,44,15.700,20202,20533
286232,-0.780,-0.001,0.002,-0.001,0.726,0.038,-0.686,-0.026,0.000,-0.003,-0.057,0.090,20146,20580,-18,17,44,15.700,20202,20533
286332,0.010,-0.001,0.005,-0.001,0.734,0.037,-0.677,-0.030,0.000,-0.004,-0.080,0.094,20130,20574,-2,1,44,15.680,20161,20491
286432,-0.960,-0.004,0.005,-0.001,0.745,0.035,-0.665,-0.035,0.000,-0.006,-0.114,0.099,20131,20587,9,-11,44,15.680,20161,20491
286532,0.510,-0.008,-0.002,-0.003,0.748,0.025,-0.661,-0.051,0.000,-0.006,-0.125,0.105,20091,20565,-3,2,44,15.680,20161,20491
286632,0.550,-0.007,-0.008,-0.003,0.739,0.013,-0.669,-0.072,0.000,-0.006,-0.104,0.115,20085,20586,-27,26,44,15.680,20161,20576
286732,-1.320,0.003,-0.000,0.001,0.729,0.013,-0.680,-0.075,0.000,-0.004,-0.075,0.120,20129,20628,-30,29,44,15.680,20161,20576
286832,-0.310,0.014,0.017,0.003,0.747,0.029,-0.662,-0.053,0.000,-0.007,-0.124,0.114,20192,20650,28,-29,44,15.680,20120,20618
286932,0.340,-0.000,0.008,0.001,0.772,0.050,-0.634,-0.027,0.000,-0.011,-0.193,0.111,20216,20670,46,-47,44,15.680,20120,20618
287032,0.340,-0.009,-0.012,-0.003,0.766,0.027,-0.641,-0.053,0.000,-0.010,-0.179,0.110,20177,20636,-8,7,46,15.670,20080,20533
287132,-0.280,-0.004,0.003,-0.001,0.753,0.017,-0.654,-0.069,0.000,-0.008,-0.145,0.115,20160,20639,-11,10,46,15.670,20080,20533
287232,-0.710,0.015,0.014,0.004,0.775,0.030,-0.629,-0.054,0.000,-0.012,-0.209,0.114,20221,20685,51,-52,44,15.680,20366,20618
287332,-0.330,-0.000,-0.001,-0.001,0.786,0.048,-0.616,-0.033,0.000,-0.014,-0.239,0.116,20227,20705,34,-35,44,15.680,20366,20618
287432,0.270,-0.018,-0.011,-0.007,0.773,0.028,-0.631,-0.066,0.000,-0.013,-0.204,0.126,20165,20690,-7,5,44,15.670,20161,20790
287532,0.000,-0.004,0.001,-0.003,0.764,0.010,-0.637,-0.099,0.000,-0.013,-0.189,0.142,20122,20686,8,-9,44,15.670,20161,20790
287632,-1.120,0.015,0.008,-0.000,0.772,0.027,-0.629,-0.086,0.000,-0.015,-0.210,0.150,20202,20771,33,-33,44,15.670,20120,20790
287732,-0.080,0.001,0.004,-0.004,0.783,0.051,-0.616,-0.074,0.000,-0.020,-0.240,0.170,20219,20853,43,-44,44,15.670,20120,20790
287832,0.750,-0.009,-0.007,0.001,0.779,0.042,-0.618,-0.094,0.000,-0.021,-0.235,0.180,20145,20771,21,-23,44,15.660,20161,20920
287932,0.380,-0.004,-0.011,0.001,0.761,0.025,-0.639,-0.105,0.000,-0.015,-0.183,0.171,20133,20706,-12,11,44,15.660,20161,20920
288032,-0.340,0.004,0.008,0.001,0.759,0.028,-0.642,-0.101,0.000,-0.014,-0.175,0.172,20165,20745,24,-25,45,15.650,20120,20703
288132,0.140,0.005,0.001,-0.001,0.769,0.040,-0.631,-0.092,0.000,-0.017,-0.203,0.176,20173,20775,41,-42,45,15.650,20120,20703
288232,0.390,-0.004,-0.019,-0.000,0.748,0.037,-0.656,-0.094,1.000,-0.012,-0.138,0.178,20224,20822,-26,25,45,15.670,20120,20618
288332,-0.550,0.006,0.003,0.005,0.732,0.034,-0.675,-0.087,1.000,-0.007,-0.087,0.167,20405,20940,-11,10,45,15.670,20120,20618
288432,0.310,0.006,-0.001,0.007,0.747,0.041,-0.661,-0.053,0.000,-0.008,-0.123,0.131,20545,20955,30,-31,45,15.630,20618,20964
288532,-0.160,-0.007,-0.019,0.002,0.725,0.028,-0.687,-0.051,0.000,-0.003,-0.055,0.110,20561,20936,-38,36,45,15.630,20618,20964
288632,-0.960,0.005,0.009,0.002,0.715,0.020,-0.696,-0.054,0.490,-0.001,-0.029,0.104,20678,21076,0,-1,45,15.650,20703,21008
288732,0.170,0.002,0.003,0.005,0.738,0.026,-0.673,-0.031,0.000,-0.004,-0.093,0.081,20742,21068,46,-47,45,15.650,20703,21008
288832,-0.220,-0.012,-0.015,-0.002,0.711,0.007,-0.701,-0.045,0.000,-0.001,-0.016,0.073,20727,21076,-40,39,45,15.650,20661,21052
288932,-0.490,0.007,0.017,0.001,0.719,0.006,-0.693,-0.051,0.000,-0.001,-0.039,0.079,20762,21149,30,-31,45,15.650,20661,21052
289032,-0.440,0.003,-0.009,0.003,0.733,0.019,-0.679,-0.027,0.000,-0.002,-0.077,0.064,20806,21135,23,-24,45,15.630,20876,21141
289132,0.250,-0.005,-0.006,-0.002,0.707,0.008,-0.706,-0.041,0.000,-0.000,-0.004,0.069,20761,21135,-30,29,45,15.630,20876,21141
289232,0.050,0.010,0.016,0.004,0.730,0.019,-0.682,-0.026,0.000,-0.002,-0.068,0.063,20818,21153,55,-55,45,15.630,20746,21141
289332,-0.200,-0.007,-0.018,-0.002,0.722,0.018,-0.691,-0.021,0.000,-0.001,-0.045,0.056,20813,21144,-11,10,45,15.630,20746,21141
289432,-0.330,0.001,0.006,-0.002,0.701,0.011,-0.712,-0.043,0.000,0.001,0.015,0.077,20787,21206,-19,18,45,15.640,20876,21186
289532,0.260,0.008,0.009,0.006,0.731,0.026,-0.682,-0.018,0.000,-0.002,-0.069,0.062,20864,21193,58,-59,45,15.640,20876,21186
289632,-0.040,-0.011,-0.022,-0.004,0.700,0.012,-0.714,-0.028,0.000,0.001,0.020,0.057,20849,21191,-54,52,45,15.640,20876,21186
289732,-0.220,0.008,0.021,0.001,0.708,0.014,-0.706,-0.034,0.000,-0.000,-0.004,0.068,20852,21234,30,-31,45,15.630,20964,21367
289832,0.160,-0.001,-0.013,0.003,0.724,0.024,-0.689,-0.011,0.000,-0.001,-0.049,0.050,20886,21188,24,-26,45,15.630,20964,21367
289932,0.220,-0.004,-0.005,-0.004,0.688,0.013,-0.725,-0.030,0.000,0.002,0.051,0.061,20850,21225,-49,48,45,15.630,20920,21186
290032,-0.050,0.011,0.016,0.004,0.715,0.026,-0.696,-0.016,0.000,-0.001,-0.029,0.059,20900,21237,53,-54,45,15.630,20920,21186
290132,0.060,-0.009,-0.020,-0.001,0.700,0.020,-0.713,-0.013,0.000,0.000,0.019,0.047,20890,21197,-34,32,45,15.620,20920,21459
290232,-0.300,0.003,0.014,-0.001,0.693,0.017,-0.721,-0.027,0.000,0.001,0.039,0.062,20886,21261,3,-4,45,15.620,20920,21459
290332,-0.830,0.002,-0.004,0.004,0.712,0.025,-0.702,-0.008,0.000,-0.000,-0.013,0.046,20956,21249,24,-25,46,15.640,21097,21321
290432,0.230,-0.003,-0.009,-0.002,0.691,0.016,-0.725,-0.021,0.000,0.001,0.053,0.052,20978,21320,-37,36,46,15.640,21097,21321
290532,-0.230,0.009,0.011,0.004,0.696,0.022,-0.718,-0.008,0.000,0.001,0.031,0.042,21011,21304,13,-14,45,15.610,20964,20876
290632,-0.330,0.001,-0.010,-0.001,0.700,0.032,-0.713,0.008,0.000,0.000,0.019,0.033,21010,21290,-1,0,45,15.610,20964,20876
290732,-0.090,-0.003,-0.001,-0.002,0.682,0.029,-0.731,-0.004,0.000,0.002,0.071,0.046,20971,21314,-30,28,45,15.600,21008,21413
290832,-0.210,0.010,0.009,0.003,0.698,0.039,-0.715,0.010,0.000,0.000,0.022,0.039,20999,21291,28,-28,45,15.600,21008,21413
290932,-0.170,-0.011,-0.014,-0.000,0.687,0.034,-0.726,0.011,0.000,0.001,0.056,0.031,21015,21291,-32,30,46,15.610,20964,21231
291032,0.100,0.007,0.012,-0.000,0.684,0.030,-0.729,0.005,0.000,0.001,0.064,0.034,21006,21305,1,-2,46,15.610,20964,21231
291132,0.120,-0.002,-0.004,0.001,0.702,0.038,-0.711,0.017,0.000,0.000,0.013,0.029,21016,21294,19,-21,46,15.620,21097,21367
291232,-0.180,-0.006,-0.006,-0.003,0.679,0.027,-0.734,0.002,-0.780,0.001,0.079,0.037,20932,21260,-41,40,46,15.620,21097,21367
291332,0.100,0.010,0.014,0.002,0.696,0.036,-0.717,0.008,-1.000,0.001,0.031,0.038,20837,21153,27,-28,46,15.620,20964,21141
291432,0.090,-0.008,-0.016,0.000,0.693,0.038,-0.719,0.018,-1.000,0.000,0.038,0.027,20734,21007,-23,21,46,15.620,20964,21141
291532,-0.270,0.005,0.011,-0.001,0.679,0.028,-0.734,0.004,-1.000,0.001,0.078,0.033,20610,20921,-22,21,46,15.610,20790,20920
291632,0.240,0.005,0.003,0.001,0.705,0.043,-0.708,0.021,-1.000,0.000,0.006,0.030,20513,20791,30,-31,46,15.610,20790,20920
291732,0.440,-0.010,-0.014,-0.002,0.684,0.036,-0.729,0.011,-1.000,0.001,0.065,0.034,20373,20694,-49,47,46,15.610,20790,20920
291832,0.200,0.008,0.016,0.001,0.687,0.037,-0.726,0.007,-1.000,0.001,0.056,0.041,20257,20595,8,-9,46,15.620,20283,20576
291932,0.160,-0.002,-0.009,0.001,0.700,0.048,-0.712,0.027,-1.000,0.000,0.017,0.029,20161,20443,7,-8,46,15.620,20283,20576
292032,-0.370,-0.005,-0.003,-0.003,0.679,0.037,-0.734,0.009,-1.000,0.001,0.079,0.036,20039,20372,-44,43,46,15.620,20080,20449
292132,-0.400,0.009,0.012,0.001,0.694,0.046,-0.718,0.016,-1.000,0.001,0.036,0.040,19910,20246,21,-22,46,15.620,20080,20449
292232,-0.020,-0.007,-0.012,0.000,0.694,0.052,-0.717,0.026,-1.000,0.001,0.035,0.034,19781,20092,-17,15,46,15.630,19841,20202
292332,-0.420,-0.000,0.007,0.000,0.681,0.041,-0.731,0.013,-1.000,0.001,0.072,0.038,19673,20007,-25,24,46,15.630,19841,20202
292432,0.160,0.005,0.003,0.002,0.698,0.048,-0.714,0.027,-1.000,0.000,0.023,0.029,19561,19853,18,-19,46,15.640,19607,19841
292532,-0.370,-0.006,-0.009,-0.001,0.688,0.045,-0.724,0.024,-1.000,0.001,0.053,0.027,19435,19738,-32,30,46,15.640,19607,19841
292632,0.160,0.003,0.006,-0.001,0.686,0.043,-0.726,0.015,-1.000,0.001,0.059,0.037,19296,19649,-11,10,46,15.660,19305,19685
292732,0.050,0.002,0.001,-0.000,0.696,0.051,-0.716,0.020,-1.000,0.001,0.030,0.042,19162,19526,6,-7,46,15.660,19305,19685
292832,-0.060,-0.003,-0.004,0.000,0.689,0.049,-0.723,0.017,-1.000,0.001,0.049,0.042,19030,19385,-24,23,46,15.650,19083,19455
292932,-0.420,0.001,0.004,0.001,0.692,0.046,-0.720,0.017,-1.000,0.001,0.041,0.039,18880,19220,-4,3,46,15.650,19083,19455
293032,-0.050,0.000,0.001,0.000,0.696,0.047,-0.716,0.020,-1.000,0.001,0.031,0.037,18753,19087,-4,3,46,15.650,19083,19455
293132,-0.270,-0.002,-0.002,-0.000,0.695,0.045,-0.718,0.017,-1.000,0.001,0.034,0.038,18636,18983,-13,12,46,15.670,18726,19157
293232,0.000,-0.001,-0.001,0.000,0.692,0.042,-0.721,0.012,-1.000,0.001,0.043,0.040,18509,18867,-18,17,46,15.670,18726,19157
293332,-0.010,0.001,0.000,0.002,0.690,0.042,-0.723,0.016,-1.000,0.001,0.048,0.035,18379,18710,-16,15,46,15.660,18587,18867
293432,0.110,0.000,0.000,0.000,0.691,0.044,-0.721,0.021,-1.000,0.001,0.045,0.030,18253,18572,-12,11,46,15.660,18587,18867
293532,0.000,-0.002,0.000,-0.001,0.691,0.044,-0.721,0.020,-1.000,0.001,0.043,0.032,18111,18455,-13,12,46,15.650,18181,18726
293632,-0.250,-0.000,-0.001,-0.001,0.690,0.041,-0.722,0.016,-1.000,0.001,0.047,0.034,17981,18334,-17,16,46,15.650,18181,18726
293732,0.100,0.001,0.001,0.000,0.690,0.044,-0.722,0.017,-1.000,0.001,0.046,0.035,17854,18211,-14,13,46,15.680,17921,18181
293832,-0.270,-0.000,-0.001,0.001,0.690,0.042,-0.722,0.019,-1.000,0.001,0.046,0.030,17740,18075,-16,15,46,15.680,17921,18181
293932,-0.140,0.001,-0.000,0.000,0.690,0.041,-0.723,0.021,-1.000,0.001,0.048,0.026,17611,17936,-17,16,47,15.670,17667,17921
294032,-0.240,0.000,-0.000,-0.000,0.689,0.041,-0.723,0.022,-1.000,0.001,0.049,0.025,17465,17800,-18,16,47,15.670,17667,17921
294132,0.280,-0.001,-0.001,-0.000,0.688,0.041,-0.725,0.019,-1.000,0.001,0.053,0.029,17293,17654,-21,20,47,15.680,17301,17667
294232,0.360,-0.001,0.001,0.001,0.687,0.040,-0.725,0.017,-1.000,0.001,0.055,0.030,17161,17520,-20,19,47,15.680,17301,17667
294332,-0.010,-0.000,0.000,0.001,0.688,0.038,-0.724,0.018,-1.000,0.001,0.052,0.026,17005,17346,-17,16,47,15.680,17301,17667
294432,0.250,-0.001,-0.001,-0.000,0.689,0.036,-0.724,0.018,-1.000,0.001,0.051,0.024,16875,17217,-19,18,47,15.690,17064,17421
294532,-0.210,-0.000,-0.001,-0.000,0.686,0.036,-0.726,0.016,-1.000,0.001,0.059,0.026,16679,17038,-25,24,47,15.690,17064,17421
294632,0.010,0.001,-0.001,-0.000,0.684,0.037,-0.728,0.016,-1.000,0.001,0.063,0.027,16558,16928,-26,25,46,15.690,16611,17006
294732,-0.340,0.001,0.001,0.000,0.685,0.038,-0.728,0.017,-1.000,0.001,0.062,0.028,16427,16797,-21,20,46,15.690,16611,17006
294832,0.150,0.000,-0.001,-0.000,0.683,0.039,-0.729,0.018,-1.000,0.001,0.067,0.027,16244,16615,-27,26,46,15.690,16447,16778
294932,-0.060,0.000,-0.000,-0.000,0.681,0.040,-0.731,0.017,-1.000,0.001,0.072,0.029,16068,16453,-28,26,46,15.690,16447,16778
295032,0.090,-0.000,-0.000,-0.000,0.681,0.040,-0.731,0.017,-1.000,0.001,0.071,0.031,15927,16321,-26,25,47,15.700,16025,16393
295132,0.100,-0.000,-0.000,-0.000,0.681,0.040,-0.731,0.015,-1.000,0.001,0.073,0.032,15777,16178,-28,26,47,15.700,16025,16393
295232,0.310,0.000,-0.001,0.000,0.680,0.039,-0.732,0.014,-1.000,0.001,0.075,0.032,15605,16001,-30,28,47,15.700,16025,16393
295332,-0.270,0.001,0.000,0.000,0.679,0.040,-0.733,0.016,-1.000,0.001,0.077,0.030,15441,15833,-29,28,47,15.740,15625,16025
295432,0.190,-0.000,-0.001,-0.001,0.678,0.041,-0.733,0.017,-1.000,0.001,0.079,0.031,15274,15682,-32,30,47,15.740,15625,16025
295532,0.000,0.000,-0.000,0.000,0.677,0.041,-0.735,0.016,-1.000,0.001,0.084,0.033,15097,15512,-34,33,46,15.730,15243,15625
295632,-0.150,-0.000,0.001,0.001,0.678,0.040,-0.733,0.016,-1.000,0.001,0.079,0.030,14960,15364,-28,26,46,15.730,15243,15625
295732,0.170,-0.002,-0.001,0.000,0.677,0.038,-0.734,0.014,-1.000,0.001,0.082,0.030,14782,15193,-35,34,47,15.740,14880,15197
295832,-0.420,0.000,0.000,0.000,0.676,0.035,-0.736,0.012,-1.000,0.001,0.085,0.030,14620,15037,-34,33,47,15.740,14880,15197
295932,0.000,0.001,-0.000,0.000,0.677,0.036,-0.735,0.015,-1.000,0.001,0.082,0.027,14447,14853,-32,31,47,15.740,14880,15197
296032,-0.020,-0.001,-0.002,-0.001,0.676,0.038,-0.736,0.014,-1.000,0.001,0.086,0.031,14248,14692,-39,37,46,15.740,14534,14880
296132,0.100,0.000,0.000,-0.001,0.674,0.041,-0.738,0.011,-1.000,0.002,0.092,0.039,14031,14520,-40,38,46,15.740,14534,14880
296232,0.040,-0.001,0.001,0.000,0.675,0.042,-0.737,0.010,-1.000,0.002,0.089,0.042,13857,14351,-36,34,47,15.740,14084,14534
296332,-0.170,-0.001,-0.000,0.000,0.676,0.039,-0.736,0.009,-1.000,0.002,0.087,0.039,13703,14172,-37,35,47,15.740,14084,14534
296432,-0.010,0.000,0.001,0.000,0.677,0.037,-0.735,0.009,-1.000,0.002,0.083,0.037,13536,13997,-34,33,47,15.750,13586,14124
296532,0.000,-0.000,0.000,-0.000,0.678,0.037,-0.734,0.009,-1.000,0.001,0.081,0.036,13329,13801,-37,36,47,15.750,13586,14124
296632,-0.030,0.000,0.001,-0.001,0.678,0.039,-0.734,0.009,-1.000,0.002,0.080,0.039,13137,13635,-37,36,47,15.760,13262,13698
296732,-0.280,0.000,0.001,-0.000,0.680,0.040,-0.732,0.009,-1.000,0.002,0.074,0.041,12948,13463,-35,34,47,15.760,13262,13698
296832,-0.300,0.000,-0.001,0.000,0.680,0.040,-0.732,0.008,-1.000,0.002,0.075,0.043,12775,13299,-40,38,47,15.760,13262,13698
296932,-0.010,-0.000,0.001,0.001,0.680,0.038,-0.732,0.009,-1.000,0.001,0.075,0.039,12577,13074,-39,37,47,15.750,12820,13333
297032,0.080,-0.001,-0.000,-0.000,0.681,0.037,-0.731,0.010,-1.000,0.001,0.072,0.035,12367,12864,-40,38,47,15.750,12820,13333
297132,0.040,0.000,-0.000,-0.000,0.680,0.037,-0.732,0.008,-1.000,0.001,0.075,0.038,12162,12694,-43,42,47,15.790,12315,12853
297232,-0.090,0.001,-0.000,0.000,0.680,0.039,-0.732,0.009,-1.000,0.001,0.074,0.040,11979,12522,-42,40,47,15.790,12315,12853
297332,-0.120,-0.001,-0.001,0.001,0.679,0.039,-0.733,0.010,-1.000,0.001,0.077,0.038,11809,12342,-45,43,47,15.780,11876,12406
297432,0.070,-0.000,-0.000,0.001,0.678,0.035,-0.734,0.010,-1.000,0.001,0.081,0.033,11578,12091,-46,45,47,15.780,11876,12406
297532,0.190,0.000,0.001,0.001,0.679,0.034,-0.733,0.013,-1.000,0.001,0.078,0.028,11369,11867,-43,41,47,15.780,11876,12406
297632,0.200,-0.000,-0.000,-0.001,0.680,0.033,-0.733,0.013,-1.000,0.001,0.076,0.026,11131,11646,-44,43,47,15.790,11363,11848
297732,-0.180,-0.002,-0.000,-0.000,0.679,0.033,-0.734,0.009,-1.000,0.001,0.079,0.031,10889,11460,-48,46,47,15.790,11363,11848
297832,-0.050,0.001,-0.000,0.000,0.678,0.033,-0.734,0.009,-1.000,0.001,0.080,0.032,10658,11237,-47,46,46,15.800,10775,11415
297932,0.070,0.000,-0.000,0.000,0.678,0.033,-0.734,0.011,-1.000,0.001,0.080,0.029,10462,11028,-48,47,46,15.800,10775,11415
298032,0.190,-0.001,-0.001,0.000,0.677,0.032,-0.736,0.010,-1.000,0.001,0.084,0.028,10221,10800,-52,50,46,15.820,10309,10869
298132,0.030,-0.001,0.000,-0.000,0.676,0.030,-0.736,0.008,-1.000,0.001,0.085,0.029,9961,10565,-50,49,46,15.820,10309,10869
298232,-0.050,-0.000,-0.001,-0.000,0.677,0.030,-0.736,0.005,-1.000,0.001,0.084,0.033,9683,10328,-51,49,46,15.820,10309,10869
298332,-0.150,0.001,0.000,0.001,0.676,0.030,-0.737,0.007,-1.000,0.001,0.087,0.031,9464,10095,-53,52,47,15.820,9727,10351
298432,-0.160,-0.000,-0.001,0.001,0.675,0.030,-0.737,0.009,-1.000,0.001,0.088,0.027,9237,9859,-54,53,47,15.820,9727,10351
298532,0.290,-0.001,-0.001,0.000,0.674,0.026,-0.739,0.008,-1.000,0.001,0.092,0.024,8958,9577,-57,55,47,15.840,9124,9803
298632,0.080,-0.001,-0.001,-0.001,0.673,0.026,-0.739,0.006,0.000,0.001,0.094,0.028,8921,9599,-56,55,47,15.840,9124,9803
298732,0.100,0.000,-0.001,-0.002,0.670,0.030,-0.741,0.002,0.000,0.002,0.101,0.037,8921,9668,-62,61,47,15.850,8928,9652
298832,0.130,-0.001,0.000,0.000,0.670,0.031,-0.741,0.001,0.000,0.002,0.102,0.040,8944,9682,-58,57,47,15.850,8928,9652
298932,0.200,0.000,-0.001,0.001,0.669,0.029,-0.743,-0.000,0.000,0.002,0.105,0.039,8960,9670,-62,61,47,15.850,8928,9652
299032,-0.050,0.000,0.000,0.001,0.669,0.030,-0.742,0.004,0.000,0.002,0.104,0.035,8987,9653,-60,59,47,15.830,8960,9689
299132,0.200,0.000,-0.001,-0.000,0.668,0.029,-0.744,0.003,0.000,0.002,0.109,0.034,8963,9640,-65,64,47,15.830,8960,9689
299232,0.160,0.001,-0.000,0.000,0.667,0.031,-0.744,0.004,0.000,0.002,0.110,0.035,8960,9649,-64,63,47,15.830,8960,9652
299332,-0.030,0.000,-0.001,0.000,0.666,0.032,-0.745,0.006,0.000,0.002,0.112,0.034,8984,9663,-66,65,47,15.830,8960,9652
299432,-0.090,0.001,0.001,-0.000,0.666,0.034,-0.745,0.007,0.000,0.002,0.112,0.034,8999,9683,-65,64,46,15.830,8992,9727
299532,0.020,-0.001,-0.002,-0.001,0.665,0.035,-0.746,0.006,0.000,0.002,0.115,0.037,8990,9699,-71,69,46,15.830,8992,9727
299632,0.190,-0.000,0.000,0.001,0.664,0.034,-0.747,0.005,0.000,0.002,0.120,0.038,8989,9697,-71,70,46,15.830,8992,9727
299732,-0.040,0.000,-0.000,0.000,0.664,0.033,-0.747,0.006,0.000,0.002,0.118,0.036,9008,9691,-70,68,46,15.840,9025,9727
299832,0.050,0.000,-0.000,-0.000,0.664,0.033,-0.747,0.005,0.000,0.002,0.119,0.036,8981,9673,-71,70,46,15.840,9025,9727
299932,-0.150,0.000,-0.000,-0.000,0.663,0.034,-0.748,0.005,0.000,0.002,0.120,0.036,8989,9681,-73,72,46,15.840,8992,9652
300032,-0.210,0.001,0.000,0.000,0.663,0.035,-0.747,0.007,0.000,0.002,0.120,0.036,9013,9699,-73,72,46,15.840,8992,9652
300132,-0.050,0.000,0.001,0.000,0.664,0.035,-0.747,0.009,0.000,0.002,0.119,0.033,9041,9699,-73,72,46,15.840,8992,9652
300232,0.100,-0.000,-0.000,0.000,0.664,0.033,-0.747,0.009,0.000,0.002,0.118,0.030,9047,9694,-75,74,46,15.840,9057,9652
300332,-0.050,-0.001,0.000,0.001,0.663,0.032,-0.748,0.009,0.000,0.002,0.121,0.030,9041,9688,-77,76,46,15.840,9057,9652
300432,-0.080,0.000,0.002,0.001,0.665,0.031,-0.746,0.010,0.000,0.001,0.116,0.025,9037,9657,-73,72,46,15.820,9057,9652
300532,-0.150,0.000,-0.001,-0.001,0.666,0.032,-0.745,0.010,0.000,0.002,0.114,0.028,9017,9680,-78,76,46,15.820,9057,9652
300632,-0.180,0.000,-0.001,-0.000,0.663,0.035,-0.747,0.008,0.000,0.002,0.120,0.034,9026,9730,-83,82,46,15.820,9057,9652
300732,0.190,0.001,0.001,0.001,0.663,0.035,-0.747,0.011,0.000,0.002,0.120,0.030,9050,9700,-80,79,46,15.820,9025,9727
300832,-0.100,0.000,-0.000,-0.000,0.664,0.035,-0.747,0.013,0.000,0.002,0.119,0.027,9066,9697,-82,80,46,15.820,9025,9727
300932,-0.180,-0.001,-0.001,-0.000,0.662,0.034,-0.749,0.012,0.000,0.002,0.124,0.027,9039,9687,-86,85,46,15.850,9025,9727
301032,-0.050,0.000,0.001,0.001,0.662,0.034,-0.748,0.012,0.000,0.002,0.122,0.026,9060,9693,-83,82,46,15.850,9025,9727
301132,-0.020,-0.000,0.000,0.001,0.664,0.032,-0.747,0.014,0.000,0.001,0.118,0.021,9112,9703,-83,81,46,15.850,9025,9727
301232,0.080,-0.001,-0.001,0.000,0.663,0.030,-0.748,0.014,-0.200,0.001,0.120,0.020,9056,9662,-88,86,46,15.850,9124,9727
301332,0.020,0.001,0.000,-0.000,0.663,0.031,-0.748,0.014,-0.200,0.001,0.121,0.020,9002,9619,-87,86,46,15.850,9124,9727
301432,0.030,0.000,0.000,0.000,0.662,0.031,-0.749,0.015,-0.200,0.001,0.124,0.019,8945,9560,-90,89,46,15.840,8992,9191
301532,-0.020,-0.001,-0.001,-0.001,0.662,0.032,-0.749,0.015,-0.200,0.001,0.123,0.020,8895,9528,-90,89,46,15.840,8992,9191
301632,0.030,-0.000,0.001,0.000,0.663,0.032,-0.748,0.013,-0.200,0.001,0.121,0.022,8835,9489,-89,88,46,15.850,8833,9433
301732,-0.150,0.001,0.001,0.000,0.663,0.032,-0.748,0.015,-0.200,0.001,0.120,0.020,8798,9430,-90,89,46,15.850,8833,9433
301832,-0.040,0.001,0.000,-0.000,0.664,0.034,-0.747,0.018,-0.200,0.001,0.117,0.019,8722,9351,-90,89,46,15.850,8833,9433
301932,-0.200,-0.001,-0.001,-0.001,0.665,0.034,-0.746,0.016,-0.200,0.001,0.116,0.022,8662,9333,-93,92,46,15.880,8710,9363
302032,0.140,0.001,0.000,0.000,0.664,0.035,-0.746,0.014,-0.200,0.001,0.117,0.025,8614,9299,-95,93,46,15.880,8710,9363
302132,0.010,0.001,0.001,0.001,0.666,0.035,-0.745,0.017,-0.200,0.001,0.112,0.022,8571,9218,-91,90,46,15.840,8591,9225
302232,0.080,0.001,0.000,0.000,0.668,0.036,-0.743,0.019,-0.200,0.001,0.107,0.020,8505,9150,-92,91,46,15.840,8591,9225
302332,-0.180,0.001,0.002,-0.000,0.671,0.038,-0.740,0.021,-0.200,0.001,0.098,0.019,8463,9111,-88,86,46,15.840,8591,9225
302432,0.000,-0.001,0.001,-0.000,0.673,0.038,-0.738,0.021,-0.200,0.001,0.093,0.020,8414,9081,-91,89,46,15.860,8474,9090
302532,-0.140,-0.001,-0.000,0.001,0.675,0.034,-0.737,0.018,-0.200,0.001,0.088,0.019,8364,9019,-91,90,46,15.860,8474,9090
302632,0.080,0.003,0.003,0.002,0.676,0.034,-0.736,0.023,-0.200,0.001,0.085,0.012,8344,8934,-91,90,46,15.850,8361,8928
302732,0.010,0.003,0.007,0.002,0.685,0.034,-0.727,0.032,-0.200,0.000,0.060,0.000,8298,8804,-74,73,46,15.850,8361,8928
302832,-0.190,0.002,0.006,0.001,0.699,0.037,-0.713,0.041,-0.200,-0.000,0.019,-0.007,8285,8771,-59,58,46,15.850,8361,8928
302932,-0.220,-0.002,0.002,-0.001,0.711,0.037,-0.701,0.042,-0.200,0.000,-0.014,-0.006,8210,8759,-62,61,46,15.850,8278,8802
303032,-0.210,-0.004,-0.004,-0.001,0.709,0.037,-0.703,0.037,-0.200,0.000,-0.008,-0.000,8101,8714,-85,84,46,15.850,8278,8802
303132,0.170,-0.002,-0.003,-0.002,0.700,0.032,-0.713,0.025,-0.200,0.000,0.018,0.010,7986,8691,-100,99,46,15.850,8038,8741
303232,-0.300,-0.001,-0.005,-0.002,0.693,0.033,-0.720,0.016,-0.200,0.000,0.038,0.022,7861,8664,-105,104,46,15.850,8038,8741
303332,-0.330,0.000,-0.005,0.001,0.682,0.034,-0.730,0.017,-0.200,0.001,0.068,0.021,7869,8592,-113,111,46,15.850,8038,8741
303432,0.020,-0.000,-0.002,-0.000,0.678,0.033,-0.734,0.018,-0.200,0.001,0.081,0.019,7844,8555,-108,106,46,15.850,7861,8591
303532,-0.010,-0.001,0.000,-0.001,0.675,0.034,-0.737,0.014,-0.200,0.001,0.089,0.025,7770,8542,-103,102,46,15.850,7861,8591
303632,0.050,-0.002,0.001,0.000,0.676,0.032,-0.736,0.011,-0.200,0.001,0.087,0.027,7711,8482,-98,97,46,15.860,7739,8503
303732,0.270,-0.000,0.001,0.001,0.677,0.030,-0.735,0.010,-0.200,0.001,0.082,0.025,7653,8392,-96,95,46,15.860,7739,8503
303832,0.100,0.001,0.000,0.001,0.679,0.028,-0.734,0.012,-0.200,0.001,0.078,0.021,7594,8297,-97,95,46,15.860,7739,8503
303932,-0.030,0.001,0.001,0.001,0.680,0.028,-0.732,0.016,-0.200,0.001,0.074,0.014,7553,8213,-96,95,46,15.880,7598,8250
304032,-0.140,-0.000,0.001,-0.001,0.681,0.029,-0.731,0.018,-0.200,0.000,0.071,0.012,7504,8186,-97,96,46,15.880,7598,8250
304132,-0.050,-0.000,-0.001,-0.001,0.680,0.031,-0.732,0.017,-0.200,0.001,0.074,0.017,7415,8167,-103,101,46,15.880,7418,8169
304232,-0.130,0.000,0.000,-0.000,0.680,0.032,-0.733,0.016,-0.200,0.001,0.075,0.020,7343,8118,-102,101,46,15.880,7418,8169
304332,-0.040,0.000,0.000,0.000,0.681,0.033,-0.731,0.016,-0.200,0.001,0.071,0.022,7296,8074,-100,98,46,15.880,7418,8169
304432,-0.030,-0.000,0.000,-0.000,0.681,0.033,-0.731,0.016,-0.200,0.001,0.072,0.021,7243,8008,-102,101,46,15.880,7246,8038
304532,0.110,0.001,-0.000,0.000,0.681,0.033,-0.731,0.016,-0.200,0.001,0.072,0.022,7141,7924,-103,102,46,15.880,7246,8038
304632,0.090,-0.000,0.001,-0.000,0.682,0.034,-0.731,0.017,-0.200,0.001,0.070,0.022,7031,7827,-102,101,46,15.880,7246,8038
304732,-0.080,0.000,0.000,-0.001,0.682,0.036,-0.731,0.016,-0.200,0.001,0.070,0.026,6959,7803,-104,102,46,15.890,7002,7812
304832,-0.190,-0.001,0.000,-0.000,0.682,0.037,-0.731,0.015,-0.200,0.001,0.070,0.028,6901,7757,-104,103,46,15.890,7002,7812
304932,0.050,0.002,0.004,-0.000,0.687,0.038,-0.726,0.016,-0.200,0.001,0.056,0.029,6856,7715,-92,91,46,15.880,6868,7716
305032,0.610,-0.001,-0.002,0.004,0.684,0.034,-0.728,0.017,-0.200,0.001,0.063,0.021,6938,7672,-109,108,46,15.880,6868,7716
305132,-0.070,-0.005,-0.008,-0.001,0.680,0.038,-0.732,0.016,-0.200,0.001,0.075,0.028,6705,7583,-121,120,46,15.880,6868,7716
305232,0.240,-0.000,0.004,-0.000,0.677,0.036,-0.735,0.008,-0.200,0.002,0.084,0.037,6592,7567,-109,108,46,15.860,6648,7621
305332,0.150,0.002,0.003,0.001,0.683,0.035,-0.729,0.011,-0.200,0.001,0.066,0.032,6547,7429,-97,96,46,15.860,6648,7621
305432,0.030,-0.000,-0.001,-0.000,0.683,0.035,-0.729,0.011,-0.200,0.001,0.066,0.032,6462,7366,-108,106,46,15.860,6648,7621
305532,0.040,-0.000,-0.001,-0.001,0.682,0.037,-0.730,0.009,-0.200,0.001,0.068,0.036,6363,7336,-111,110,46,15.890,6443,7374
305632,-0.030,0.000,0.000,0.000,0.682,0.037,-0.730,0.010,-0.200,0.001,0.070,0.037,6300,7264,-110,109,46,15.890,6443,7374
305732,-0.080,-0.000,-0.001,-0.000,0.681,0.037,-0.732,0.009,-0.200,0.001,0.073,0.037,6237,7205,-113,111,46,15.890,6443,7374
305832,0.070,0.000,0.000,-0.000,0.681,0.037,-0.732,0.009,-0.200,0.001,0.074,0.038,6148,7136,-112,111,46,15.890,6218,7204
305932,-0.150,-0.000,-0.000,-0.000,0.680,0.037,-0.733,0.009,-0.200,0.001,0.076,0.038,6067,7067,-114,112,46,15.890,6218,7204
306032,-0.190,0.000,0.000,0.000,0.679,0.037,-0.733,0.009,-0.200,0.001,0.078,0.037,5997,6983,-113,112,46,15.890,6218,7204
306132,0.000,0.000,-0.001,-0.000,0.679,0.036,-0.733,0.008,-0.200,0.001,0.078,0.037,5941,6950,-114,113,45,15.890,5980,6983
306232,-0.310,0.000,0.001,0.000,0.678,0.037,-0.734,0.008,-0.200,0.002,0.080,0.039,5803,6849,-113,111,45,15.890,5980,6983
306332,0.260,0.000,0.000,-0.000,0.680,0.038,-0.732,0.009,-0.200,0.001,0.074,0.039,5753,6804,-109,107,46,15.880,5800,6830
306432,0.470,0.001,0.000,0.001,0.680,0.038,-0.732,0.011,-0.200,0.001,0.074,0.036,5711,6720,-111,110,46,15.880,5800,6830
306532,-0.290,0.001,0.000,0.000,0.680,0.038,-0.732,0.013,-0.200,0.001,0.075,0.033,5706,6698,-112,110,46,15.880,5800,6830
306632,-0.020,0.000,-0.001,0.001,0.680,0.037,-0.732,0.015,-0.200,0.001,0.075,0.028,5645,6588,-113,112,45,15.890,5668,6666
306732,-0.220,-0.000,-0.001,0.001,0.679,0.036,-0.733,0.019,-0.200,0.001,0.078,0.021,5581,6485,-115,114,45,15.890,5668,6666
306832,-0.260,0.001,-0.004,0.000,0.672,0.035,-0.740,0.018,-0.200,0.001,0.097,0.021,5504,6445,-128,127,45,15.890,5668,6666
306932,-0.160,0.003,-0.002,-0.000,0.669,0.039,-0.742,0.024,-0.200,0.001,0.103,0.016,5429,6346,-121,120,45,15.860,5506,6459
307032,0.210,-0.000,-0.003,-0.000,0.662,0.043,-0.748,0.026,-0.200,0.001,0.123,0.018,5326,6307,-132,131,45,15.860,5506,6459
307132,0.170,-0.001,0.003,-0.000,0.662,0.042,-0.748,0.023,-0.200,0.001,0.123,0.020,5165,6204,-117,116,45,15.890,5197,6218
307232,-0.100,0.001,0.001,0.003,0.665,0.036,-0.745,0.027,-0.200,0.000,0.113,0.008,5183,6030,-112,111,45,15.890,5197,6218
307332,-0.060,0.004,-0.001,-0.000,0.667,0.036,-0.744,0.036,-0.200,-0.000,0.109,-0.006,5238,5960,-115,114,45,15.890,5197,6218
307432,0.530,0.001,-0.003,-0.000,0.663,0.040,-0.747,0.039,-0.200,-0.000,0.119,-0.005,5032,5861,-126,124,45,15.910,5197,5966
307532,-0.410,0.001,-0.001,-0.002,0.661,0.048,-0.748,0.040,-0.200,0.000,0.123,0.004,4868,5880,-122,121,45,15.910,5197,5966
307632,0.180,-0.002,-0.002,-0.001,0.658,0.052,-0.750,0.035,-0.200,0.001,0.131,0.016,4621,5819,-126,124,45,15.910,5197,5966
307732,0.040,-0.000,-0.000,-0.001,0.656,0.051,-0.752,0.033,-0.200,0.001,0.137,0.018,4567,5740,-125,123,45,15.890,2394,2900
307832,0.040,0.002,0.003,0.001,0.658,0.049,-0.750,0.033,-0.200,0.001,0.131,0.015,4416,5535,-116,115,45,15.890,2394,2900
307932,0.140,0.001,0.003,-0.000,0.662,0.047,-0.747,0.031,-0.200,0.001,0.121,0.016,4587,5696,-113,112,45,15.890,5470,6868
308032,-0.290,-0.002,-0.001,-0.000,0.664,0.046,-0.746,0.030,-0.200,0.001,0.116,0.016,4536,5650,-116,115,45,15.890,5470,6868
308132,0.590,0.003,-0.000,0.001,0.661,0.048,-0.749,0.031,-0.200,0.001,0.126,0.017,4370,5523,-123,122,45,15.890,5470,6868
308232,0.160,0.000,-0.001,-0.001,0.662,0.053,-0.747,0.035,-0.200,0.001,0.121,0.019,4175,5405,-119,117,45,15.890,4310,5543
308332,0.080,-0.000,0.000,-0.002,0.661,0.058,-0.747,0.031,-0.200,0.002,0.124,0.031,3947,5409,-120,118,45,15.890,4310,5543
308432,-0.100,-0.001,0.001,-0.003,0.662,0.063,-0.746,0.026,-0.200,0.003,0.122,0.045,3796,5469,-117,116,45,15.890,4310,5543
308532,0.000,-0.001,-0.002,0.000,0.659,0.062,-0.749,0.020,-0.200,0.003,0.130,0.051,3734,5399,-126,125,45,15.900,3834,5470
308632,0.170,0.001,0.001,0.002,0.659,0.059,-0.749,0.025,-0.200,0.003,0.130,0.042,3702,5145,-119,118,45,15.900,3834,5470
308732,-0.100,0.000,0.000,-0.000,0.660,0.059,-0.748,0.028,-0.200,0.002,0.126,0.037,3510,4994,-118,117,45,15.890,3521,5040
308832,-0.240,-0.000,-0.000,-0.001,0.661,0.062,-0.747,0.026,-0.200,0.003,0.124,0.043,3388,5029,-118,117,45,15.890,3521,5040
308932,0.840,-0.001,-0.000,0.000,0.661,0.062,-0.748,0.026,-0.200,0.003,0.126,0.043,3259,4917,-119,118,45,15.890,3521,5040
309032,-0.020,-0.000,-0.000,0.001,0.659,0.060,-0.749,0.027,-0.200,0.002,0.129,0.039,3229,4818,-122,121,45,15.900,305,305
309132,0.040,-0.001,0.000,-0.000,0.660,0.059,-0.749,0.027,-0.200,0.002,0.128,0.038,3019,4700,-120,118,45,15.900,305,305
309232,0.050,-0.003,-0.002,-0.000,0.658,0.056,-0.751,0.021,-0.200,0.003,0.133,0.042,2756,4611,-126,124,45,15.910,305,305
309332,0.210,-0.000,0.001,0.002,0.657,0.052,-0.752,0.019,-0.200,0.003,0.136,0.040,2572,4418,-122,120,45,15.910,305,305
309432,-0.010,0.001,0.001,0.001,0.660,0.049,-0.749,0.024,-0.200,0.002,0.128,0.029,2408,4140,-115,114,45,15.910,305,305
309532,0.430,-0.003,-0.002,0.001,0.659,0.045,-0.751,0.025,-0.200,0.001,0.131,0.023,2236,3979,-124,122,45,15.910,305,305
309632,-0.180,-0.006,-0.001,-0.000,0.655,0.042,-0.754,0.013,-0.200,0.002,0.141,0.035,1392,3938,-129,127,45,15.910,305,305
309732,0.120,-0.004,0.009,0.000,0.668,0.034,-0.743,0.004,-0.200,0.002,0.108,0.040,784,3797,-93,92,45,15.910,305,305
309832,0.000,-0.003,0.010,0.001,0.688,0.027,-0.725,-0.000,-0.200,0.001,0.052,0.038,0,3565,-71,70,45,15.910,305,305
309932,-0.160,-0.006,0.005,-0.001,0.703,0.018,-0.711,-0.009,-0.200,0.000,0.012,0.038,0,3423,-76,74,45,15.910,305,305
310032,0.050,-0.000,0.001,-0.001,0.710,0.014,-0.704,-0.017,-0.200,-0.000,-0.009,0.045,0,3304,-87,86,45,15.900,305,305
310132,-0.050,-0.002,0.003,0.001,0.714,0.011,-0.700,-0.018,-0.200,-0.000,-0.020,0.041,0,3036,-87,85,45,15.900,305,305
310232,0.000,-0.000,-0.001,-0.001,0.718,0.007,-0.696,-0.020,-0.200,-0.001,-0.032,0.038,0,2907,-89,88,45,15.900,305,305
310332,0.000,-0.002,0.010,-0.002,0.724,0.012,-0.689,-0.025,-0.200,-0.001,-0.050,0.052,0,2895,-72,71,45,15.900,305,305
310432,-0.280,-0.003,0.010,-0.003,0.744,0.013,-0.667,-0.036,-0.200,-0.004,-0.116,0.068,0,2947,-43,42,45,15.900,305,305
310532,-0.120,-0.005,0.014,-0.002,0.768,0.011,-0.639,-0.046,-0.200,-0.007,-0.184,0.075,0,2945,-19,18,45,15.900,305,305
310632,-0.260,-0.005,0.013,-0.002,0.789,0.006,-0.612,-0.056,-0.200,-0.010,-0.254,0.078,0,2930,-8,7,45,15.900,305,305
310732,-0.800,-0.008,0.010,-0.008,0.807,0.001,-0.586,-0.076,-0.200,-0.014,-0.318,0.090,0,3393,-1,0,44,15.910,305,305
310832,-0.650,-0.008,0.011,-0.015,0.823,-0.006,-0.554,-0.125,-0.200,-0.025,-0.395,0.126,0,4326,21,-21,44,15.910,305,305
310932,0.090,0.002,0.003,0.005,0.823,0.001,-0.551,-0.137,-0.200,-0.030,-0.404,0.149,0,3881,-13,13,45,15.910,305,305
311032,0.070,-0.003,0.008,0.007,0.836,-0.006,-0.535,-0.122,-0.200,-0.026,-0.439,0.117,0,3191,9,-10,45,15.910,305,305
311132,-0.180,-0.001,0.011,0.010,0.853,-0.023,-0.511,-0.105,-0.200,-0.017,-0.492,0.067,0,2394,32,-33,45,15.920,305,305
311232,-0.410,0.002,0.011,0.009,0.871,-0.030,-0.484,-0.078,-0.200,-0.006,-0.550,0.022,0,2085,49,-51,45,15.920,305,305
311332,-0.440,0.001,0.001,0.003,0.883,-0.032,-0.465,-0.064,-0.200,-0.001,-0.593,0.002,0,2370,44,-45,45,15.920,305,305
311432,-0.010,0.000,-0.009,0.000,0.875,-0.032,-0.479,-0.058,-0.200,0.000,-0.562,-0.001,0,2350,2,-4,45,15.910,305,305
311532,0.130,0.001,-0.010,-0.002,0.865,-0.031,-0.497,-0.059,-0.200,-0.001,-0.523,0.005,0,2275,-8,7,45,15.910,305,305
311632,-0.330,0.001,-0.006,-0.000,0.854,-0.029,-0.517,-0.059,-0.200,-0.003,-0.478,0.012,0,2495,-9,8,45,15.910,305,305
311732,-0.480,0.000,-0.014,0.001,0.836,-0.030,-0.548,-0.055,-0.200,-0.002,-0.406,0.010,0,2542,-36,35,45,15.910,305,305
311832,-0.180,0.001,-0.022,0.001,0.808,-0.035,-0.586,-0.050,-0.200,-0.000,-0.316,0.002,0,2381,-70,68,45,15.900,305,305
311932,-0.510,0.001,-0.024,0.002,0.768,-0.041,-0.638,-0.041,-0.200,0.001,-0.182,-0.010,0,2343,-107,106,45,15.900,305,305
312032,-0.430,0.001,-0.015,0.001,0.729,-0.044,-0.682,-0.035,-0.200,0.001,-0.066,-0.016,0,2412,-112,110,44,15.920,305,305
312132,0.040,0.000,-0.007,-0.001,0.714,-0.043,-0.698,-0.034,-0.200,0.000,-0.019,-0.014,0,2328,-74,73,44,15.920,305,305
312232,-0.140,0.001,-0.008,0.001,0.700,-0.043,-0.712,-0.031,-0.200,-0.000,0.018,-0.016,0,2145,-76,74,44,15.920,305,305
312332,-0.230,0.001,-0.009,0.001,0.683,-0.043,-0.729,-0.026,-0.200,-0.001,0.067,-0.020,0,2052,-87,86,45,15.920,305,305
312432,-0.130,0.003,-0.013,0.000,0.664,-0.039,-0.746,-0.021,-0.200,-0.001,0.118,-0.021,0,1913,-100,99,45,15.920,305,305
312532,-0.020,0.004,-0.010,-0.004,0.640,-0.029,-0.767,-0.019,-0.200,-0.001,0.180,-0.007,0,2471,-114,113,45,15.930,305,305
312632,0.270,0.003,-0.007,-0.003,0.624,-0.018,-0.781,-0.021,-0.200,0.001,0.222,0.011,0,2571,-111,110,45,15.930,305,305
312732,0.680,0.001,-0.003,0.001,0.612,-0.012,-0.790,-0.019,-0.200,0.002,0.251,0.015,0,2355,-107,106,45,15.920,305,305
312832,0.390,0.003,-0.005,0.007,0.606,-0.019,-0.795,-0.010,-0.200,-0.001,0.268,-0.007,0,1805,-107,106,45,15.920,305,305
312932,-0.030,-0.000,-0.001,0.005,0.600,-0.031,-0.800,0.004,-0.200,-0.006,0.283,-0.044,0,855,-106,105,45,15.920,305,305
313032,-0.190,0.000,-0.002,-0.001,0.596,-0.035,-0.802,0.009,-0.200,-0.008,0.292,-0.055,0,1235,-108,107,45,15.920,305,305
313132,0.270,0.000,-0.002,-0.002,0.594,-0.031,-0.804,0.006,-0.200,-0.007,0.299,-0.046,0,1386,-110,109,44,15.920,305,305
313232,0.000,0.000,-0.002,-0.000,0.588,-0.028,-0.809,0.008,-0.200,-0.007,0.313,-0.046,0,1272,-119,118,44,15.920,305,305
313332,0.020,0.001,0.001,0.002,0.586,-0.029,-0.809,0.009,-0.200,-0.008,0.316,-0.047,0,1081,-114,113,44,15.930,305,305
313432,-0.280,0.003,0.001,0.004,0.590,-0.031,-0.806,0.020,-0.200,-0.011,0.306,-0.068,1055,0,-109,108,44,15.930,305,305
313532,-0.090,0.002,-0.001,0.002,0.590,-0.035,-0.806,0.029,-0.200,-0.013,0.307,-0.087,1579,0,-117,117,44,15.930,305,305
313632,0.170,-0.001,-0.003,0.001,0.585,-0.038,-0.809,0.034,-0.200,-0.016,0.318,-0.099,1744,0,-130,129,44,15.920,305,305
313732,0.020,-0.001,-0.001,-0.001,0.579,-0.038,-0.814,0.033,-0.200,-0.016,0.333,-0.096,1674,0,-135,134,44,15.920,305,305
313832,-0.020,-0.000,0.003,-0.001,0.582,-0.037,-0.812,0.029,-0.200,-0.015,0.324,-0.088,1624,0,-123,122,44,15.930,305,305
313932,-0.150,0.000,-0.002,0.000,0.584,-0.038,-0.811,0.028,-0.200,-0.014,0.322,-0.088,1820,0,-130,129,44,15.930,305,305
314032,0.010,-0.001,-0.002,0.000,0.578,-0.040,-0.815,0.028,-0.200,-0.015,0.336,-0.090,2011,0,-144,143,44,15.920,305,305
314132,0.160,-0.001,0.000,0.000,0.575,-0.042,-0.817,0.026,-0.200,-0.016,0.344,-0.089,2122,0,-144,144,44,15.920,305,305
314232,-0.210,-0.000,-0.001,0.001,0.573,-0.042,-0.818,0.026,-0.200,-0.016,0.348,-0.090,2258,0,-148,148,44,15.900,305,305
314332,0.110,-0.001,-0.003,0.003,0.570,-0.048,-0.820,0.027,-0.200,-0.017,0.356,-0.097,2501,0,-154,153,44,15.900,305,305
314432,0.170,-0.001,-0.002,0.000,0.563,-0.051,-0.824,0.027,-0.200,-0.019,0.371,-0.100,2618,0,-163,162,44,15.930,305,305
314532,-0.160,-0.003,-0.005,0.003,0.556,-0.055,-0.829,0.025,-0.200,-0.020,0.388,-0.100,2722,0,-172,171,44,15.930,305,305
314632,-0.190,-0.003,-0.005,0.002,0.545,-0.065,-0.836,0.025,-0.200,-0.023,0.416,-0.110,3026,0,-181,181,44,15.930,305,305
314732,-0.320,-0.001,-0.006,0.004,0.532,-0.076,-0.843,0.024,-0.200,-0.027,0.445,-0.118,3274,0,-187,187,44,15.930,305,305
314832,-0.130,-0.001,-0.012,0.003,0.512,-0.084,-0.854,0.029,-0.200,-0.033,0.491,-0.132,3355,0,-200,200,44,15.920,305,305
314932,-0.100,-0.001,-0.019,-0.002,0.473,-0.089,-0.876,0.029,-0.200,-0.039,0.578,-0.129,3201,0,-200,200,44,15.920,305,305
315032,-0.130,-0.003,-0.018,0.000,0.430,-0.091,-0.898,0.026,-0.200,-0.041,0.670,-0.117,3036,0,-200,200,44,15.920,305,305
315132,0.030,-0.004,-0.018,-0.001,0.379,-0.094,-0.920,0.020,-0.200,-0.041,0.775,-0.099,2819,0,-200,200,44,15.920,305,305
315232,-0.080,-0.004,-0.013,-0.001,0.342,-0.095,-0.935,0.013,-0.200,-0.038,0.848,-0.081,2653,0,-200,200,44,15.930,305,305
315332,-0.010,-0.002,0.001,-0.000,0.331,-0.097,-0.939,0.007,-0.200,-0.033,0.868,-0.069,2618,0,-200,200,44,15.930,305,305
315432,0.090,-0.002,-0.001,-0.001,0.325,-0.097,-0.941,-0.000,-0.200,-0.028,0.879,-0.057,2517,0,-200,200,44,15.920,305,305
315532,0.040,-0.000,-0.001,-0.000,0.321,-0.096,-0.942,-0.003,-0.200,-0.025,0.886,-0.050,2546,0,-200,200,44,15.920,305,305
315632,0.040,0.001,-0.002,0.000,0.320,-0.096,-0.943,-0.003,-0.200,-0.025,0.889,-0.051,2615,0,-200,200,44,15.930,305,305
315732,-0.060,0.001,-0.000,0.000,0.316,-0.096,-0.944,0.000,-0.200,-0.027,0.895,-0.054,2694,0,-200,200,44,15.930,305,305
315832,0.020,0.000,-0.001,0.000,0.315,-0.097,-0.944,0.002,-0.200,-0.029,0.898,-0.058,2738,0,-200,200,44,15.930,305,305
315932,-0.020,-0.000,-0.000,-0.000,0.315,-0.096,-0.944,0.001,-0.200,-0.028,0.898,-0.056,2683,0,-200,200,44,15.930,305,305
316032,-0.060,-0.000,0.000,0.000,0.315,-0.096,-0.944,0.001,-0.200,-0.028,0.898,-0.056,2684,0,-200,200,44,15.930,305,305
316132,0.000,-0.000,0.000,-0.000,0.315,-0.096,-0.944,0.000,-0.200,-0.027,0.898,-0.054,2663,0,-200,200,44,15.930,305,305
316232,-0.020,0.000,-0.001,-0.001,0.315,-0.095,-0.944,-0.001,-0.200,-0.026,0.899,-0.052,2629,0,-200,200,44,15.930,305,305
316332,-0.020,0.000,-0.001,-0.000,0.312,-0.095,-0.945,-0.003,-0.200,-0.024,0.904,-0.049,2602,0,-200,200,44,15.930,305,305
316432,0.070,0.000,0.000,0.000,0.310,-0.094,-0.946,-0.002,-0.200,-0.025,0.906,-0.049,2627,0,-200,200,44,15.930,305,305
316532,0.100,-0.000,0.001,0.000,0.316,-0.094,-0.944,-0.001,-0.200,-0.026,0.896,-0.051,2673,0,-200,200,44,15.940,305,305
316632,-0.100,-0.000,0.001,-0.000,0.320,-0.094,-0.943,-0.002,-0.200,-0.025,0.889,-0.051,2662,0,-200,200,44,15.940,305,305
316732,-0.120,-0.000,0.000,-0.000,0.321,-0.094,-0.942,-0.001,-0.200,-0.025,0.886,-0.052,2664,0,-200,200,43,15.930,305,305
316832,0.030,0.000,-0.001,-0.000,0.321,-0.091,-0.943,-0.001,-0.200,-0.025,0.886,-0.052,2662,0,-200,200,43,15.930,305,305
316932,0.050,0.000,-0.000,-0.000,0.321,-0.091,-0.943,-0.000,-0.200,-0.025,0.887,-0.051,2653,0,-200,200,43,15.930,305,305
317032,-0.080,0.000,0.001,-0.000,0.321,-0.089,-0.943,-0.000,-0.200,-0.025,0.887,-0.050,2642,0,-200,200,43,15.930,305,305
317132,-0.040,0.000,0.000,-0.000,0.321,-0.087,-0.943,-0.000,-0.200,-0.025,0.886,-0.050,2640,0,-200,200,43,15.930,305,305
