Timestamp,curr_ax,curr_roll_rate,curr_pitch_rate,curr_yaw_rate,curr_qw,curr_qx,curr_qy,curr_qz,ax_ref,p_ref,q_ref,r_ref,omega_L_ref,omega_R_ref,servo_L_ref,servo_R_ref,Temperature,Voltage,RPM2,RPM4
65371,-0.490,0.001,0.005,-0.009,0.550,0.347,-0.528,0.546,-0.200,0.004,-0.203,-0.195,3079,0,56,-56,0,0.000,0,0
65470,0.110,0.002,0.007,-0.009,0.569,0.353,-0.506,0.544,-0.200,0.009,-0.244,-0.144,2669,0,71,-71,0,0.000,0,0
65570,-0.350,0.004,-0.020,-0.005,0.567,0.376,-0.504,0.532,-0.200,0.006,-0.199,-0.105,2555,0,0,0,0,0.000,0,0
65670,-0.620,0.000,-0.031,-0.003,0.531,0.421,-0.536,0.504,-0.200,-0.000,-0.054,-0.092,3084,0,-78,79,0,0.000,305,305
65770,-0.290,-0.000,-0.020,-0.003,0.497,0.458,-0.569,0.468,-0.200,-0.005,0.078,-0.075,3248,0,-88,88,0,0.000,305,305
65870,-0.030,-0.001,-0.001,-0.003,0.485,0.475,-0.581,0.450,-0.200,-0.006,0.124,-0.059,3051,0,-39,39,0,0.000,305,305
65970,0.050,-0.000,0.022,-0.001,0.512,0.459,-0.558,0.465,-0.200,-0.002,0.032,-0.047,2887,0,62,-61,0,0.000,305,305
66070,0.030,0.001,0.017,0.000,0.546,0.431,-0.524,0.492,-0.200,0.001,-0.079,-0.045,2820,0,90,-90,0,0.000,305,305
66170,0.040,-0.000,-0.001,0.002,0.555,0.419,-0.515,0.502,-0.200,0.002,-0.117,-0.053,2757,0,48,-48,0,0.000,305,305
66270,-0.470,-0.002,-0.022,-0.001,0.532,0.438,-0.541,0.483,-0.200,-0.000,-0.032,-0.056,2910,0,-48,48,0,0.000,305,305
66370,-0.070,-0.002,0.002,-0.001,0.519,0.452,-0.563,0.457,-0.200,-0.002,0.043,-0.045,2812,0,-24,25,0,0.000,305,305
66470,0.100,0.001,0.010,0.003,0.531,0.438,-0.552,0.471,-0.200,-0.001,-0.007,-0.055,2780,0,41,-41,39,15.970,305,305
66570,0.050,0.001,0.003,0.001,0.542,0.423,-0.540,0.486,-0.200,0.000,-0.060,-0.066,2867,0,43,-43,39,15.970,305,305
66670,-0.370,0.002,-0.007,0.002,0.529,0.431,-0.550,0.483,-0.200,-0.001,-0.025,-0.075,2948,0,-5,6,38,15.960,305,305
66770,-0.080,0.002,0.002,-0.001,0.521,0.439,-0.551,0.482,-0.200,-0.002,-0.007,-0.074,2829,0,9,-8,38,15.960,305,305
66870,0.050,0.002,0.001,-0.003,0.526,0.439,-0.542,0.487,-0.200,-0.001,-0.026,-0.067,2678,0,22,-22,38,15.960,305,305
66970,-0.450,0.002,-0.004,-0.002,0.526,0.450,-0.536,0.483,-0.200,-0.000,-0.020,-0.044,2488,0,8,-7,38,15.960,305,305
67070,-1.050,0.005,-0.007,0.003,0.514,0.461,-0.538,0.483,-0.200,-0.001,0.004,-0.048,3284,0,-9,10,39,15.960,305,305
67170,-0.600,0.015,-0.013,0.005,0.478,0.479,-0.546,0.493,-0.200,-0.005,0.056,-0.080,4109,0,-36,37,39,15.960,305,305
67270,-0.380,0.014,-0.013,0.009,0.427,0.508,-0.553,0.504,-0.200,-0.000,0.127,-0.124,4604,0,-56,57,39,15.970,305,305
67370,0.850,0.007,-0.006,0.011,0.384,0.522,-0.560,0.516,-0.200,-0.001,0.175,-0.185,4684,0,-46,46,39,15.970,305,305
67470,0.460,0.011,-0.008,0.023,0.339,0.508,-0.583,0.536,-0.200,0.007,0.194,-0.280,4985,0,-39,39,39,15.970,305,305
67570,-0.640,0.007,0.007,0.019,0.286,0.482,-0.597,0.574,-0.200,0.036,0.168,-0.409,5744,0,6,-7,39,15.960,305,305
67670,-0.150,0.004,0.008,0.015,0.266,0.447,-0.601,0.606,-0.200,0.073,0.101,-0.485,5852,0,29,-32,39,15.960,305,305
67770,0.290,-0.001,0.001,0.011,0.251,0.421,-0.609,0.623,-0.200,0.105,0.062,-0.538,5776,0,14,-18,39,15.950,305,305
67870,-0.440,-0.007,-0.001,0.008,0.234,0.398,-0.630,0.624,-0.200,0.129,0.064,-0.588,5865,0,-12,8,39,15.950,305,305
67970,0.200,-0.003,-0.005,0.006,0.225,0.391,-0.644,0.618,-0.200,0.136,0.082,-0.605,5634,0,-26,22,38,15.950,305,305
68070,0.480,-0.003,-0.006,0.009,0.201,0.389,-0.660,0.610,-0.200,0.140,0.114,-0.634,5722,0,-37,33,38,15.950,305,305
68170,-0.320,-0.002,-0.004,0.010,0.168,0.385,-0.671,0.611,-0.200,0.153,0.124,-0.673,5908,0,-28,23,38,15.940,305,305
68270,-0.420,-0.007,-0.001,-0.003,0.167,0.382,-0.683,0.600,-0.200,0.150,0.152,-0.675,5909,0,-45,41,38,15.940,305,305
68370,-0.030,0.001,-0.007,0.000,0.160,0.393,-0.684,0.593,-0.200,0.136,0.178,-0.672,5792,0,-52,48,39,15.940,305,305
68470,0.370,-0.000,-0.003,-0.000,0.151,0.401,-0.684,0.590,-0.200,0.128,0.195,-0.673,5663,0,-47,43,39,15.940,305,305
68570,0.290,-0.006,0.004,-0.005,0.159,0.405,-0.686,0.582,-0.200,0.118,0.212,-0.660,5525,0,-50,47,39,15.950,305,305
68670,-0.170,-0.005,0.005,-0.006,0.177,0.408,-0.686,0.577,-0.200,-0.329,0.381,-0.557,4701,0,-166,184,39,15.950,305,305
68770,-0.030,-0.007,0.007,-0.008,0.207,0.407,-0.683,0.570,-0.200,-0.288,0.353,-0.538,4844,0,-60,69,39,15.950,305,305
68870,0.090,-0.007,0.007,-0.011,0.244,0.409,-0.679,0.558,-0.200,-0.238,0.324,-0.505,4721,0,-42,49,39,15.950,305,305
68970,0.090,-0.005,0.005,-0.010,0.277,0.417,-0.671,0.547,-0.200,-0.192,0.295,-0.463,4525,0,-42,46,39,15.950,305,305
69070,0.030,-0.000,0.001,-0.006,0.294,0.428,-0.661,0.542,-0.200,-0.167,0.277,-0.434,4475,0,-48,52,39,15.950,305,305
69170,-0.390,-0.002,0.004,-0.007,0.304,0.435,-0.655,0.538,-0.200,-0.151,0.268,-0.413,4485,0,-52,56,39,15.950,305,305
69270,0.150,-0.002,0.005,-0.010,0.333,0.441,-0.641,0.533,-0.200,-0.117,0.231,-0.371,4113,0,-35,38,38,15.980,305,305
69370,0.350,-0.005,0.007,-0.011,0.365,0.447,-0.627,0.524,-0.200,-0.084,0.199,-0.319,3758,0,-32,33,38,15.980,305,305
69470,0.110,-0.002,0.003,-0.008,0.389,0.456,-0.614,0.514,-0.200,-0.060,0.177,-0.268,3489,0,-40,41,38,15.960,305,305
69570,-0.080,-0.005,0.004,-0.006,0.407,0.462,-0.606,0.505,-0.200,-0.044,0.163,-0.228,3358,0,-44,45,38,15.960,305,305
69670,-0.320,-0.003,0.000,-0.005,0.422,0.463,-0.603,0.493,-0.200,-0.035,0.161,-0.201,3278,0,-53,54,39,15.950,305,305
69770,-0.390,-0.002,0.004,-0.011,0.436,0.470,-0.596,0.482,-0.200,-0.025,0.156,-0.163,3128,0,-50,51,39,15.950,305,305
69870,-0.070,-0.005,0.006,-0.011,0.462,0.481,-0.578,0.471,-0.200,-0.011,0.130,-0.093,2198,0,-35,35,39,15.940,305,305
69970,0.100,-0.004,0.004,-0.005,0.488,0.481,-0.565,0.459,-0.200,-0.004,0.103,-0.050,1895,0,-33,34,39,15.940,305,305
70070,0.000,0.001,-0.001,-0.002,0.492,0.486,-0.562,0.454,-0.200,-0.002,0.104,-0.031,2095,0,-52,53,39,15.950,305,305
70170,0.120,-0.000,-0.000,0.002,0.485,0.490,-0.564,0.455,-0.200,-0.003,0.115,-0.037,2486,0,-58,59,39,15.950,305,305
70270,-0.080,-0.004,0.001,-0.004,0.488,0.487,-0.564,0.454,-0.200,-0.003,0.111,-0.037,2391,0,-52,52,39,15.960,305,305
70370,-0.080,-0.006,-0.002,-0.009,0.510,0.491,-0.557,0.435,-0.200,0.001,0.102,0.016,1223,0,-54,54,39,15.960,305,305
70470,-0.090,-0.006,0.002,-0.007,0.531,0.493,-0.552,0.413,-0.200,0.001,0.095,0.067,0,1002,-47,47,39,15.960,305,305
70570,-0.260,-0.003,0.005,-0.003,0.544,0.490,-0.544,0.409,-0.200,-0.000,0.072,0.089,0,1199,-34,35,39,15.960,305,305
70670,-0.110,-0.000,0.007,-0.001,0.555,0.484,-0.536,0.411,-0.200,-0.002,0.045,0.097,0,1418,-25,26,39,15.950,305,305
70770,-0.420,0.004,0.007,0.003,0.561,0.480,-0.526,0.422,-0.200,-0.003,0.014,0.094,0,1125,-20,21,39,15.950,305,305
70870,-0.330,-0.001,-0.007,0.002,0.555,0.477,-0.528,0.431,-0.200,-0.002,0.016,0.073,790,0,-53,53,39,15.960,305,305
70970,-0.460,-0.002,-0.003,-0.001,0.551,0.482,-0.538,0.417,-0.200,-0.001,0.045,0.082,0,1230,-65,65,39,15.960,305,305
71070,0.030,-0.002,0.001,0.004,0.547,0.478,-0.547,0.417,-0.200,-0.000,0.054,0.067,0,236,-53,53,39,15.960,305,305
71170,-0.060,-0.003,0.002,0.004,0.545,0.466,-0.553,0.424,-0.200,0.000,0.047,0.038,1127,0,-45,45,39,15.960,305,305
71270,-0.150,-0.002,-0.000,0.002,0.545,0.459,-0.560,0.423,-0.200,0.000,0.049,0.026,1116,0,-51,51,39,15.960,305,305
71370,-0.110,-0.002,0.001,0.002,0.547,0.451,-0.564,0.422,-0.200,0.000,0.044,0.017,1095,0,-46,47,39,15.960,305,305
71470,0.040,-0.005,0.001,-0.000,0.555,0.443,-0.567,0.418,-0.200,0.000,0.035,0.017,732,0,-43,43,39,15.960,305,305
71570,0.240,-0.008,0.002,0.002,0.565,0.428,-0.571,0.413,-0.200,0.000,0.019,0.011,933,0,-38,38,39,15.950,305,305
71670,0.250,-0.005,0.002,0.001,0.572,0.414,-0.579,0.407,-0.200,0.000,0.014,0.003,1123,0,-41,41,39,15.950,305,305
71770,0.090,-0.001,-0.000,-0.003,0.577,0.411,-0.581,0.401,-0.200,0.000,0.013,0.011,334,0,-46,46,39,15.950,305,305
71870,-0.230,0.004,0.003,-0.002,0.580,0.416,-0.575,0.401,-0.200,-0.000,0.006,0.021,0,834,-37,38,39,15.950,305,305
71970,-0.460,0.006,0.001,0.001,0.578,0.421,-0.563,0.414,-0.200,-0.000,-0.012,0.021,1134,1351,-34,34,39,15.960,305,305
72070,0.210,0.004,-0.001,0.001,0.569,0.430,-0.559,0.423,-0.200,-0.000,-0.005,0.016,710,633,-46,46,39,15.960,305,305
72170,0.040,-0.001,0.000,0.006,0.564,0.426,-0.564,0.428,-0.200,-0.000,-0.002,-0.002,1372,0,-45,45,39,15.960,305,305
72270,0.320,-0.004,-0.003,0.010,0.555,0.409,-0.578,0.437,-0.200,-0.001,0.002,-0.051,2366,0,-51,51,39,15.960,305,305
72370,1.070,-0.008,0.002,0.005,0.550,0.390,-0.594,0.438,-0.200,-0.003,0.011,-0.091,2719,0,-47,47,39,15.960,305,305
72470,0.580,-0.013,0.002,0.002,0.562,0.366,-0.607,0.427,-0.200,-0.004,0.004,-0.106,2755,0,-42,42,39,15.960,305,305
72570,-0.280,-0.013,0.002,0.003,0.575,0.337,-0.622,0.411,-0.200,-0.005,0.001,-0.123,2983,0,-42,42,38,15.960,305,305
72670,-0.950,-0.010,-0.004,0.000,0.581,0.317,-0.639,0.392,-0.200,-0.006,0.018,-0.132,3626,0,-61,61,38,15.960,305,305
72770,-0.270,-0.008,0.000,0.004,0.582,0.304,-0.652,0.378,-0.200,-0.008,0.036,-0.139,3988,0,-59,60,39,15.970,305,305
72870,0.030,-0.004,0.003,0.001,0.588,0.285,-0.657,0.376,-0.200,-0.009,0.026,-0.158,4040,0,-42,43,39,15.970,305,305
72970,-0.230,0.001,0.003,-0.002,0.594,0.285,-0.653,0.375,-0.200,-0.007,0.015,-0.151,3819,0,-38,38,39,15.970,305,305
73070,-0.200,0.001,0.004,-0.003,0.599,0.291,-0.644,0.377,-0.200,-0.005,-0.001,-0.136,3706,0,-32,32,39,15.970,305,305
73170,-0.280,0.001,0.001,-0.003,0.603,0.299,-0.634,0.380,-0.200,-0.003,-0.016,-0.122,3570,0,-35,35,39,15.970,305,305
73270,0.840,0.002,0.000,-0.006,0.609,0.309,-0.624,0.379,-0.200,-0.001,-0.029,-0.097,2698,0,-34,34,39,15.970,305,305
73370,0.330,-0.002,-0.004,-0.000,0.607,0.320,-0.623,0.375,-0.200,-0.001,-0.019,-0.079,2657,0,-52,53,39,15.980,305,305
73470,-1.240,0.003,0.001,-0.000,0.602,0.325,-0.632,0.363,-0.200,-0.002,0.011,-0.068,3187,0,-55,56,39,15.980,305,305
73570,-0.820,0.004,-0.003,0.007,0.593,0.329,-0.626,0.385,-0.200,-0.003,0.002,-0.092,4101,0,-47,47,39,15.970,305,305
73670,-0.620,-0.006,-0.002,0.006,0.580,0.318,-0.641,0.389,-0.200,-0.007,0.025,-0.130,4635,0,-60,60,39,15.970,305,305
73770,-0.090,-0.018,0.004,0.006,0.587,0.286,-0.653,0.383,-0.200,-0.009,0.018,-0.164,4781,0,-44,44,38,15.970,305,305
73870,-0.460,-0.027,-0.001,-0.004,0.609,0.242,-0.672,0.344,-0.200,-0.008,0.022,-0.168,4607,0,-60,60,38,15.970,305,305
73970,-1.280,-0.022,-0.005,-0.008,0.622,0.216,-0.699,0.278,-0.200,-0.007,0.070,-0.118,4617,2399,-83,83,39,15.950,305,305
74070,-1.230,-0.015,-0.007,-0.006,0.624,0.206,-0.718,0.230,-0.200,-0.005,0.115,-0.073,4918,3807,-96,97,39,15.950,305,305
74170,-0.320,-0.003,-0.013,0.004,0.614,0.200,-0.738,0.199,-0.200,-0.004,0.169,-0.048,5033,3735,-116,117,39,15.950,305,305
74270,1.550,0.001,-0.014,0.001,0.580,0.200,-0.763,0.204,-0.200,-0.011,0.246,-0.079,4710,2253,-140,141,39,15.950,305,305
74370,2.600,0.002,-0.004,-0.003,0.559,0.217,-0.776,0.197,-0.200,-0.010,0.303,-0.062,2627,0,-127,128,39,15.950,305,305
74470,2.200,0.005,0.015,0.011,0.567,0.214,-0.764,0.221,-0.200,-0.014,0.262,-0.093,3300,0,-59,60,39,15.950,305,305
74570,0.560,-0.010,0.003,0.004,0.578,0.188,-0.758,0.235,-0.200,-0.019,0.224,-0.138,3552,0,-73,73,39,15.950,305,305
74670,-1.670,-0.003,0.013,0.002,0.603,0.166,-0.743,0.239,-0.200,-0.016,0.161,-0.154,4482,0,-38,39,39,15.950,305,305
74770,-1.540,-0.007,0.008,-0.007,0.621,0.161,-0.734,0.224,-0.200,-0.011,0.130,-0.129,4870,2405,-52,53,39,15.960,305,305
74870,-1.180,-0.003,0.006,-0.008,0.642,0.163,-0.721,0.204,-0.200,-0.005,0.092,-0.084,5157,3864,-50,50,39,15.960,305,305
74970,-0.230,-0.000,-0.003,-0.006,0.649,0.175,-0.716,0.188,-0.200,-0.002,0.087,-0.043,5090,4229,-76,77,39,15.960,305,305
75070,0.280,-0.004,0.001,-0.005,0.651,0.181,-0.716,0.176,-0.200,-0.001,0.092,-0.017,4811,4030,-75,75,39,15.960,305,305
75170,0.260,-0.006,0.001,-0.004,0.657,0.179,-0.714,0.163,-0.200,0.000,0.084,0.002,4467,3693,-72,72,39,15.950,305,305
75270,-0.060,-0.009,0.003,0.000,0.664,0.165,-0.715,0.142,-0.200,0.001,0.077,0.017,4368,3560,-68,68,39,15.950,305,305
75370,0.320,-0.012,-0.000,0.001,0.670,0.145,-0.717,0.122,-0.200,0.001,0.072,0.019,4224,3259,-73,73,39,15.950,305,305
75470,-0.180,-0.017,-0.000,0.001,0.674,0.115,-0.724,0.093,-0.200,0.001,0.075,0.020,4111,3087,-78,78,39,15.960,305,305
75570,-0.280,-0.026,-0.003,0.003,0.678,0.070,-0.729,0.052,-0.200,0.001,0.074,0.020,4143,3089,-80,80,39,15.960,305,305
75670,-0.240,-0.026,0.001,0.004,0.681,0.013,-0.732,0.006,-0.200,0.000,0.072,0.009,4295,3050,-76,75,39,15.960,305,305
75770,-0.370,-0.022,-0.005,0.006,0.673,-0.041,-0.738,-0.034,-0.200,-0.000,0.092,-0.005,4510,2970,-97,97,39,15.960,305,305
75870,-0.220,-0.025,-0.002,0.004,0.659,-0.097,-0.742,-0.074,-0.200,-0.001,0.121,-0.018,4600,2984,-102,102,39,15.960,305,305
75970,-0.180,-0.017,-0.001,0.005,0.650,-0.142,-0.739,-0.108,-0.200,-0.002,0.131,-0.024,4554,2781,-97,97,39,15.960,305,305
76070,-0.730,-0.007,0.002,0.008,0.652,-0.176,-0.728,-0.115,-0.200,-0.003,0.123,-0.064,5166,2726,-83,84,39,15.960,305,305
76170,-0.390,-0.009,-0.003,0.000,0.648,-0.198,-0.725,-0.123,-0.200,-0.004,0.130,-0.078,5243,3024,-99,100,39,15.960,305,305
76270,0.220,-0.000,0.003,0.001,0.643,-0.207,-0.725,-0.134,-0.200,-0.004,0.138,-0.071,5117,3156,-93,93,39,15.940,305,305
76370,0.170,0.006,0.001,-0.000,0.646,-0.201,-0.726,-0.128,-0.200,-0.004,0.134,-0.074,4933,2819,-92,93,39,15.940,305,305
76470,-0.270,0.009,-0.006,-0.003,0.641,-0.185,-0.737,-0.114,-0.200,-0.005,0.154,-0.069,4754,2747,-116,116,39,15.940,305,305
76570,-0.980,0.009,-0.012,-0.007,0.625,-0.163,-0.757,-0.098,-0.200,-0.005,0.201,-0.055,4876,3396,-146,147,39,15.940,305,305
76670,-0.650,0.008,-0.005,-0.008,0.609,-0.134,-0.777,-0.087,-0.200,-0.003,0.244,-0.025,5057,4111,-143,143,39,15.940,305,305
76770,0.570,0.012,-0.000,-0.006,0.606,-0.104,-0.785,-0.076,-0.200,-0.001,0.257,-0.006,4763,3902,-127,128,39,15.940,305,305
76870,0.440,0.013,0.005,-0.006,0.615,-0.071,-0.783,-0.060,-0.200,0.001,0.239,0.007,4339,3449,-106,107,39,15.940,305,305
76970,0.480,0.010,0.008,-0.006,0.630,-0.039,-0.774,-0.046,-0.200,0.002,0.203,0.023,3817,3066,-88,89,39,15.940,305,305
77070,0.360,0.007,0.006,-0.005,0.647,-0.011,-0.762,-0.040,-0.200,0.004,0.161,0.047,3102,2678,-83,83,39,15.950,305,305
77170,0.720,0.001,0.005,-0.001,0.663,0.003,-0.748,-0.034,-0.200,0.003,0.119,0.055,2557,1955,-80,80,39,15.950,305,305
77270,0.780,-0.001,0.002,0.003,0.665,-0.002,-0.746,-0.036,-0.200,0.003,0.113,0.051,1861,0,-98,98,38,15.950,305,305
77370,0.340,0.001,0.002,0.002,0.667,-0.010,-0.744,-0.033,-0.200,0.002,0.106,0.036,1702,0,-100,101,38,15.950,305,305
77470,-0.270,-0.002,0.003,-0.000,0.674,-0.013,-0.738,-0.034,-0.200,0.001,0.089,0.033,1654,0,-92,93,38,15.950,305,305
77570,-0.350,-0.002,0.000,-0.001,0.679,-0.015,-0.733,-0.038,-0.200,0.001,0.076,0.035,1790,0,-97,97,38,15.950,305,305
77670,-0.190,-0.000,-0.000,-0.002,0.679,-0.016,-0.733,-0.044,-0.200,0.002,0.074,0.043,1579,849,-102,102,39,15.960,305,305
77770,-0.080,0.000,-0.001,-0.000,0.676,-0.013,-0.735,-0.049,-0.200,0.002,0.081,0.053,1152,943,-109,109,39,15.960,305,305
77870,-0.060,0.002,0.000,0.002,0.674,-0.013,-0.737,-0.045,-0.200,0.002,0.088,0.048,1196,0,-111,111,39,15.970,305,305
77970,0.020,0.003,0.001,0.002,0.674,-0.012,-0.737,-0.036,-0.200,0.002,0.088,0.037,1196,0,-108,108,39,15.970,305,305
78070,-0.040,0.003,-0.001,0.003,0.674,-0.014,-0.738,-0.026,-0.200,0.001,0.089,0.020,1540,0,-112,112,39,15.970,305,305
78170,-0.010,0.001,0.002,0.002,0.676,-0.015,-0.737,-0.018,-0.200,0.000,0.086,0.006,1681,0,-106,106,39,15.970,305,305
78270,0.000,0.002,-0.000,0.002,0.675,-0.017,-0.738,-0.013,-0.200,-0.000,0.089,-0.004,1742,0,-112,113,39,15.970,305,305
78370,0.020,0.002,0.001,-0.000,0.674,-0.014,-0.738,-0.007,-0.200,-0.000,0.090,-0.010,1744,0,-113,113,39,15.950,305,305
78470,0.050,0.001,0.002,-0.001,0.675,-0.013,-0.737,-0.005,-0.200,-0.000,0.087,-0.011,1664,0,-109,109,39,15.950,305,305
78570,-0.120,0.001,0.002,0.001,0.680,-0.013,-0.733,-0.003,-0.200,-0.000,0.074,-0.013,1747,0,-103,103,39,15.950,305,305
78670,-0.030,-0.000,-0.001,0.001,0.682,-0.015,-0.731,-0.000,-0.200,-0.001,0.071,-0.020,1876,0,-109,110,39,15.950,305,305
78770,-0.120,0.000,-0.000,0.001,0.681,-0.016,-0.732,0.002,-0.200,-0.001,0.072,-0.024,1946,0,-111,111,39,15.950,305,305
78870,0.040,0.000,-0.001,0.000,0.680,-0.017,-0.733,0.004,-0.200,-0.001,0.075,-0.029,2020,0,-114,114,39,15.950,305,305
78970,0.040,-0.000,-0.001,0.001,0.679,-0.018,-0.734,0.003,-0.200,-0.001,0.078,-0.030,2043,0,-115,115,39,15.950,305,305
79070,0.080,0.000,0.000,-0.000,0.678,-0.018,-0.735,0.005,-0.200,-0.001,0.080,-0.031,2087,0,-112,113,39,15.950,305,305
79170,-0.110,0.000,0.000,0.000,0.679,-0.017,-0.734,0.005,-0.200,-0.001,0.079,-0.030,2097,0,-111,111,39,15.950,305,305
79270,-0.040,0.001,-0.001,-0.001,0.679,-0.017,-0.734,0.006,-0.200,-0.001,0.078,-0.031,2151,0,-112,112,39,15.950,305,305
79370,0.100,0.000,-0.001,-0.000,0.677,-0.015,-0.736,0.006,-0.200,-0.001,0.083,-0.029,2137,0,-115,115,39,15.950,305,305
79470,0.070,0.000,-0.001,-0.000,0.676,-0.013,-0.737,0.006,-0.200,-0.001,0.086,-0.027,2170,0,-115,115,39,15.950,305,305
79570,0.000,0.000,-0.000,0.001,0.675,-0.013,-0.738,0.007,-0.200,-0.001,0.088,-0.028,2253,0,-114,115,39,15.970,305,305
79670,-0.080,-0.000,0.001,-0.001,0.675,-0.015,-0.737,0.007,-0.200,-0.001,0.088,-0.031,2320,0,-112,112,39,15.970,305,305
79770,-0.070,-0.001,-0.002,-0.003,0.677,-0.010,-0.736,0.000,-0.200,-0.001,0.084,-0.012,2103,0,-112,113,39,15.960,305,305
79870,0.000,-0.001,-0.002,-0.001,0.672,-0.007,-0.740,-0.004,-0.200,-0.000,0.096,-0.003,1922,0,-121,122,39,15.960,305,305
79970,0.460,-0.001,-0.001,0.002,0.669,-0.008,-0.744,-0.005,-0.200,-0.000,0.106,-0.004,2083,0,-122,123,39,15.960,305,305
80070,-0.060,0.000,0.001,0.002,0.669,-0.013,-0.743,-0.001,-0.200,-0.001,0.104,-0.016,2354,0,-114,114,39,15.950,305,305
80170,-0.060,0.001,-0.000,0.000,0.671,-0.015,-0.742,0.002,-0.200,-0.001,0.101,-0.023,2394,0,-114,114,39,15.950,305,305
80270,0.000,0.000,-0.000,0.000,0.670,-0.015,-0.742,0.004,-0.200,-0.001,0.101,-0.026,2432,0,-115,116,39,15.950,305,305
80370,-0.010,-0.000,-0.000,0.001,0.670,-0.016,-0.742,0.005,-0.200,-0.001,0.103,-0.029,2475,0,-116,117,39,15.950,305,305
80470,0.170,0.001,-0.000,0.001,0.670,-0.017,-0.742,0.007,-0.200,-0.002,0.102,-0.033,2565,0,-116,116,39,15.950,305,305
80570,-0.210,0.001,0.001,-0.001,0.670,-0.017,-0.742,0.011,-0.200,-0.002,0.102,-0.039,2605,0,-113,113,39,15.950,305,305
80670,-0.080,0.001,-0.001,-0.001,0.669,-0.012,-0.743,0.009,-0.200,-0.002,0.104,-0.029,2429,0,-119,119,39,15.960,305,305
80770,0.060,0.001,-0.001,0.000,0.668,-0.008,-0.744,0.010,-0.200,-0.001,0.109,-0.026,2420,0,-119,119,39,15.960,305,305
80870,0.330,-0.001,-0.001,0.001,0.666,-0.008,-0.746,0.011,-0.200,-0.002,0.112,-0.027,2466,0,-119,119,39,15.960,305,305
80970,-0.100,0.000,0.002,-0.001,0.667,-0.010,-0.745,0.013,-0.200,-0.002,0.111,-0.032,2522,0,-114,114,39,15.960,305,305
81070,-0.020,0.000,0.000,-0.001,0.668,-0.006,-0.744,0.011,-0.200,-0.001,0.108,-0.023,2371,0,-115,115,39,15.960,305,305
81170,0.020,-0.001,0.001,0.000,0.667,-0.004,-0.745,0.009,-0.200,-0.001,0.109,-0.019,2333,0,-116,116,39,15.960,305,305
81270,0.060,-0.001,-0.000,0.001,0.668,-0.006,-0.744,0.007,-0.200,-0.001,0.107,-0.018,2370,0,-116,116,39,15.960,305,305
81370,0.200,-0.001,0.001,0.001,0.668,-0.010,-0.744,0.006,-0.200,-0.001,0.108,-0.023,2477,0,-115,116,39,15.950,305,305
81470,-0.120,-0.001,0.001,-0.000,0.671,-0.012,-0.742,0.008,-0.200,-0.001,0.100,-0.027,2517,0,-109,110,39,15.950,305,305
81570,-0.060,0.000,0.000,-0.001,0.672,-0.012,-0.740,0.006,-0.200,-0.001,0.096,-0.025,2438,0,-113,113,39,15.950,305,305
81670,-0.010,0.000,0.001,-0.001,0.672,-0.011,-0.740,0.006,-0.200,-0.001,0.096,-0.023,2405,0,-113,114,39,15.950,305,305
81770,0.000,-0.000,-0.000,-0.000,0.674,-0.010,-0.739,0.005,-0.200,-0.001,0.091,-0.021,2384,0,-111,112,39,15.960,305,305
81870,-0.010,0.000,0.000,0.001,0.674,-0.010,-0.738,0.005,-0.200,-0.001,0.090,-0.022,2446,0,-112,112,39,15.960,305,305
81970,0.060,-0.001,0.000,0.000,0.675,-0.013,-0.738,0.006,-0.200,-0.001,0.089,-0.027,2511,0,-112,112,39,15.960,305,305
82070,0.010,0.000,0.000,0.000,0.675,-0.015,-0.737,0.008,-0.200,-0.001,0.088,-0.031,2544,0,-112,113,39,15.960,305,305
82170,0.090,0.000,-0.000,0.000,0.675,-0.015,-0.737,0.008,-0.200,-0.001,0.087,-0.032,2540,0,-113,113,39,15.950,305,305
82270,0.140,0.001,0.001,0.000,0.675,-0.015,-0.737,0.008,-0.200,-0.001,0.087,-0.032,2523,0,-112,112,39,15.950,305,305
82370,0.060,-0.001,0.002,0.000,0.678,-0.016,-0.734,0.009,-0.200,-0.001,0.080,-0.035,2559,0,-106,106,39,15.960,305,305
82470,0.030,0.000,-0.000,-0.000,0.680,-0.017,-0.733,0.009,-0.200,-0.001,0.075,-0.037,2564,0,-109,109,39,15.960,305,305
82570,0.120,-0.002,0.001,0.000,0.680,-0.017,-0.733,0.008,-0.200,-0.001,0.074,-0.034,2513,0,-109,110,39,15.960,305,305
82670,0.090,-0.003,0.002,0.000,0.683,-0.022,-0.730,0.001,-0.200,-0.001,0.067,-0.031,2474,0,-104,104,39,15.960,305,305
82770,-0.120,-0.004,0.003,0.000,0.686,-0.031,-0.727,-0.006,-0.200,-0.001,0.059,-0.034,2523,0,-102,102,39,15.960,305,305
82870,-0.200,0.001,0.001,-0.003,0.688,-0.032,-0.725,-0.012,-0.200,-0.001,0.054,-0.027,2375,0,-105,105,39,15.950,305,305
82970,-0.170,0.000,0.000,-0.002,0.691,-0.024,-0.722,-0.016,-0.200,-0.000,0.045,-0.010,2122,0,-102,102,39,15.950,305,305
83070,0.160,0.000,-0.001,0.000,0.691,-0.022,-0.722,-0.018,-0.200,-0.000,0.043,-0.004,2165,0,-106,106,39,15.960,305,305
83170,0.150,0.001,0.001,-0.001,0.692,-0.021,-0.722,-0.017,-0.200,-0.000,0.043,-0.004,2218,0,-103,104,39,15.960,305,305
83270,-0.240,0.001,-0.002,0.001,0.691,-0.023,-0.722,-0.014,-0.200,-0.000,0.044,-0.011,2526,0,-109,110,39,15.950,305,305
83370,0.120,0.001,-0.001,0.001,0.689,-0.022,-0.724,-0.012,-0.200,-0.000,0.049,-0.013,2389,0,-110,110,39,15.950,305,305
83470,0.380,-0.001,0.002,-0.001,0.690,-0.021,-0.724,-0.011,-0.200,-0.000,0.048,-0.013,2333,0,-104,104,39,15.950,305,305
83570,-0.360,0.001,0.001,-0.000,0.693,-0.020,-0.720,-0.015,-0.200,-0.000,0.038,-0.007,2337,0,-100,101,39,15.950,305,305
83670,-0.200,-0.000,-0.001,0.000,0.693,-0.021,-0.721,-0.012,-0.200,-0.000,0.039,-0.011,2643,0,-108,108,39,15.960,305,305
83770,0.410,0.000,-0.000,-0.002,0.691,-0.019,-0.723,-0.015,-0.200,-0.000,0.045,-0.003,2184,0,-110,110,39,15.960,305,305
83870,-0.050,-0.000,-0.001,0.001,0.691,-0.018,-0.722,-0.016,-0.200,-0.000,0.044,-0.002,2245,0,-107,107,39,15.960,305,305
83970,-0.070,-0.001,-0.000,0.001,0.689,-0.019,-0.724,-0.017,-0.200,-0.000,0.050,-0.002,2247,0,-110,111,39,15.960,305,305
84070,-0.050,-0.001,-0.002,0.001,0.687,-0.023,-0.726,-0.016,-0.200,-0.000,0.055,-0.009,2394,0,-112,112,39,15.960,305,305
84170,0.070,0.001,-0.002,0.001,0.684,-0.025,-0.729,-0.012,-0.200,-0.000,0.066,-0.016,2453,0,-117,117,39,15.960,305,305
84270,0.150,0.000,-0.000,0.001,0.683,-0.024,-0.730,-0.010,-0.200,-0.001,0.067,-0.019,2462,0,-112,112,39,15.960,305,305
84370,0.130,-0.000,-0.001,0.001,0.682,-0.025,-0.731,-0.008,-0.200,-0.001,0.070,-0.022,2484,0,-112,112,39,15.960,305,305
84470,0.070,0.000,0.000,0.000,0.681,-0.027,-0.732,-0.008,-0.200,-0.001,0.072,-0.025,2486,0,-111,112,39,15.960,305,305
84570,-0.050,-0.000,-0.000,0.000,0.682,-0.028,-0.731,-0.007,-0.200,-0.001,0.070,-0.028,2525,0,-110,110,38,15.960,305,305
84670,-0.030,-0.000,-0.000,0.000,0.682,-0.029,-0.731,-0.008,-0.200,-0.001,0.071,-0.029,2497,0,-112,112,38,15.960,305,305
84770,0.170,-0.000,-0.000,0.000,0.681,-0.030,-0.732,-0.007,-0.200,-0.001,0.073,-0.030,2517,0,-112,112,39,15.960,305,305
84870,-0.050,0.000,-0.000,-0.000,0.681,-0.030,-0.732,-0.008,-0.200,-0.001,0.073,-0.029,2471,0,-111,112,39,15.960,305,305
84970,-0.220,0.001,0.000,0.001,0.682,-0.029,-0.731,-0.007,-0.200,-0.001,0.069,-0.030,2516,0,-108,109,39,15.960,305,305
85070,-0.010,-0.003,-0.003,0.001,0.679,-0.036,-0.733,-0.012,-0.200,-0.001,0.077,-0.031,2515,0,-119,119,39,15.960,305,305
85170,-0.120,0.001,0.002,-0.001,0.679,-0.038,-0.733,-0.015,-0.200,-0.001,0.077,-0.031,2476,0,-108,109,39,15.960,305,305
85270,0.110,0.001,0.001,-0.000,0.681,-0.035,-0.731,-0.010,-0.200,-0.001,0.071,-0.033,2536,0,-108,108,39,15.960,305,305
85370,-0.010,-0.000,-0.001,-0.004,0.680,-0.030,-0.733,-0.013,-0.200,-0.001,0.076,-0.022,2268,0,-115,115,39,15.960,305,305
85470,0.200,0.001,0.001,-0.001,0.683,-0.023,-0.730,-0.018,-0.200,-0.000,0.066,-0.006,2118,0,-104,104,39,15.970,305,305
85570,-0.420,-0.000,0.004,-0.001,0.685,-0.021,-0.728,-0.019,-0.200,-0.000,0.060,-0.001,2136,0,-100,100,39,15.970,305,305
85670,-0.340,-0.002,-0.002,0.001,0.688,-0.022,-0.725,-0.019,-0.200,-0.000,0.053,-0.002,2320,0,-108,108,39,15.950,305,305
85770,0.020,0.001,-0.000,0.001,0.685,-0.028,-0.728,-0.018,-0.200,-0.000,0.061,-0.012,2431,0,-112,113,39,15.950,305,305
85870,0.480,0.002,0.002,0.001,0.689,-0.027,-0.724,-0.012,-0.200,-0.000,0.049,-0.020,2500,0,-100,101,39,15.950,305,305
85970,-0.230,-0.001,0.003,0.002,0.695,-0.028,-0.718,-0.010,-0.200,-0.000,0.034,-0.024,2561,0,-93,93,39,15.980,305,305
86070,-0.220,0.001,-0.001,0.002,0.698,-0.033,-0.715,-0.006,-0.200,-0.000,0.025,-0.037,2731,0,-99,100,39,15.980,305,305
86170,0.040,0.002,-0.004,-0.002,0.694,-0.033,-0.719,-0.002,-0.200,-0.001,0.037,-0.042,2635,0,-115,115,39,15.960,305,305
86270,-0.100,0.003,-0.002,-0.002,0.687,-0.022,-0.727,-0.004,-0.200,-0.001,0.057,-0.024,2301,0,-119,119,39,15.960,305,305
86370,0.350,0.003,-0.001,-0.003,0.683,-0.012,-0.730,-0.003,-0.200,-0.000,0.066,-0.012,2137,0,-116,117,39,15.960,305,305
86470,0.130,-0.001,0.004,-0.002,0.687,-0.005,-0.727,-0.007,-0.200,0.000,0.057,0.003,1985,0,-99,99,39,15.960,305,305
86570,-0.050,0.000,-0.003,0.001,0.689,-0.004,-0.725,-0.008,-0.200,0.000,0.051,0.006,2079,0,-104,104,39,15.960,305,305
86670,-0.010,-0.001,-0.002,0.003,0.683,-0.007,-0.731,-0.008,-0.200,0.000,0.068,0.001,2272,0,-119,119,39,15.960,305,305
86770,0.150,-0.003,0.003,0.003,0.688,-0.019,-0.726,-0.005,-0.200,-0.001,0.054,-0.020,2597,0,-99,99,39,15.960,305,305
86870,-0.160,-0.001,0.002,-0.002,0.690,-0.023,-0.723,-0.008,-0.200,-0.000,0.047,-0.019,2424,0,-101,101,39,15.960,305,305
86970,0.300,0.001,-0.005,-0.002,0.691,-0.022,-0.722,-0.013,-0.200,-0.000,0.044,-0.012,2276,0,-112,112,39,15.960,305,305
87070,0.090,-0.002,-0.000,-0.002,0.684,-0.021,-0.729,-0.016,-0.200,-0.000,0.064,-0.005,2181,0,-118,118,39,15.950,305,305
87170,0.090,-0.001,0.001,0.000,0.684,-0.022,-0.728,-0.021,-0.200,0.000,0.062,0.001,2149,0,-108,108,39,15.950,305,305
87270,0.260,-0.002,0.002,0.000,0.687,-0.024,-0.726,-0.022,-0.200,-0.000,0.054,-0.001,2236,0,-102,102,39,15.950,305,305
87370,0.090,0.000,-0.000,-0.000,0.690,-0.027,-0.723,-0.024,-0.200,-0.000,0.047,-0.002,2242,0,-104,104,39,15.950,305,305
87470,-0.170,0.000,-0.001,-0.000,0.685,-0.027,-0.727,-0.023,-0.200,-0.000,0.060,-0.004,2284,0,-116,116,39,15.950,305,305
87570,-0.040,0.001,0.002,-0.002,0.684,-0.023,-0.729,-0.024,-0.200,0.000,0.063,0.005,2127,0,-110,110,39,15.950,305,305
87670,0.100,0.002,-0.000,-0.003,0.686,-0.015,-0.727,-0.027,-0.200,0.001,0.058,0.019,1809,0,-107,108,39,15.960,305,305
87770,0.360,0.002,-0.005,-0.000,0.681,-0.011,-0.731,-0.026,-0.200,0.001,0.070,0.022,1885,0,-122,122,39,15.960,305,305
87870,0.480,0.003,0.002,-0.001,0.677,-0.006,-0.735,-0.020,-0.200,0.001,0.082,0.021,1900,0,-115,115,39,15.960,305,305
87970,0.110,0.006,0.005,-0.002,0.685,0.005,-0.728,-0.016,-0.200,0.001,0.061,0.029,1694,0,-94,94,39,15.950,305,305
88070,-0.260,0.006,-0.004,0.002,0.687,0.012,-0.726,-0.007,-0.200,0.001,0.055,0.027,1869,0,-111,112,39,15.950,305,305
88170,-0.430,0.002,0.000,0.005,0.684,0.015,-0.729,0.015,-0.200,-0.000,0.065,-0.001,2491,0,-112,112,39,15.950,305,305
88270,-0.500,0.004,0.000,0.004,0.679,0.015,-0.733,0.029,-0.200,-0.001,0.076,-0.024,3242,0,-116,116,39,15.950,305,305
88370,-0.360,0.002,-0.002,-0.004,0.678,0.024,-0.734,0.034,-0.200,-0.001,0.079,-0.018,3011,0,-117,117,39,15.960,305,305
88470,-0.330,0.004,0.005,0.001,0.677,0.028,-0.735,0.039,-0.200,-0.001,0.081,-0.018,3226,0,-108,108,39,15.960,305,305
88570,-0.330,-0.000,0.001,-0.001,0.683,0.032,-0.729,0.044,-0.200,-0.001,0.064,-0.021,3290,0,-102,102,39,15.960,305,305
88670,-0.040,-0.000,-0.003,-0.000,0.684,0.033,-0.728,0.041,-0.200,-0.000,0.061,-0.014,3148,0,-111,111,39,15.960,305,305
88770,-0.070,0.003,-0.004,-0.000,0.677,0.033,-0.734,0.040,-0.200,-0.001,0.080,-0.013,3049,0,-125,126,39,15.960,305,305
88870,0.000,0.003,-0.001,-0.000,0.671,0.039,-0.739,0.046,-0.200,-0.001,0.096,-0.017,2914,0,-123,123,39,15.970,305,305
88970,-0.220,0.001,0.003,-0.005,0.669,0.044,-0.740,0.049,-0.200,-0.001,0.099,-0.013,2725,0,-113,113,39,15.970,305,305
89070,-0.120,-0.002,0.000,-0.004,0.674,0.054,-0.735,0.041,-0.200,0.001,0.087,0.012,2290,0,-109,109,39,15.970,305,305
89170,0.050,-0.002,-0.003,-0.001,0.674,0.061,-0.735,0.028,-0.200,0.002,0.089,0.042,1596,0,-118,118,39,15.970,305,305
89270,0.250,0.001,-0.003,0.003,0.667,0.059,-0.742,0.026,-0.200,0.002,0.109,0.039,1674,0,-129,130,39,15.960,305,305
89370,0.180,-0.000,-0.002,0.003,0.661,0.055,-0.748,0.034,-0.200,0.001,0.125,0.021,2059,0,-129,129,39,15.960,305,305
89470,-0.310,0.002,0.004,0.001,0.660,0.052,-0.748,0.039,-0.200,0.001,0.125,0.010,2171,0,-114,115,39,15.960,305,305
89570,0.000,0.002,-0.003,0.002,0.665,0.052,-0.743,0.045,-0.200,0.000,0.110,0.001,2294,0,-114,115,39,15.960,305,305
89670,0.730,0.002,0.000,0.000,0.663,0.052,-0.745,0.051,-0.200,-0.000,0.117,-0.007,2269,0,-117,118,39,15.960,305,305
89770,0.060,0.000,0.001,0.001,0.657,0.054,-0.750,0.054,-0.200,-0.001,0.130,-0.011,2264,0,-125,125,39,15.960,305,305
89870,-0.570,0.001,0.001,-0.000,0.657,0.054,-0.750,0.057,-0.200,-0.001,0.131,-0.014,2543,0,-120,120,39,15.960,305,305
89970,0.040,-0.000,0.000,-0.004,0.656,0.062,-0.750,0.053,-0.200,0.000,0.134,0.003,2120,0,-123,123,39,15.970,305,305
90070,0.250,-0.003,-0.006,-0.000,0.656,0.063,-0.751,0.049,-0.200,0.001,0.136,0.009,1882,0,-130,130,39,15.970,305,305
90170,0.180,-0.004,0.000,-0.001,0.652,0.058,-0.755,0.041,-0.200,0.001,0.147,0.015,1819,0,-125,125,39,15.970,305,305
90270,0.190,-0.002,-0.006,0.000,0.644,0.053,-0.762,0.030,-0.200,0.002,0.168,0.023,1695,0,-143,143,39,15.970,305,305
90370,0.350,-0.001,0.007,0.001,0.643,0.051,-0.763,0.029,-0.200,0.002,0.171,0.022,1764,0,-117,117,39,15.970,305,305
90470,-0.150,-0.003,0.006,0.002,0.653,0.043,-0.755,0.028,-0.200,0.001,0.146,0.015,1947,0,-105,105,39,15.960,305,305
90570,-0.470,-0.004,0.000,-0.004,0.658,0.037,-0.752,0.022,-0.200,0.001,0.134,0.016,1812,0,-115,115,39,15.960,305,305
90670,0.000,-0.007,-0.006,-0.006,0.658,0.038,-0.752,0.002,-0.200,0.003,0.135,0.046,222,0,-128,128,39,15.960,305,305
90770,0.350,-0.004,-0.002,-0.002,0.652,0.039,-0.757,-0.018,-0.200,0.006,0.149,0.078,0,1292,-129,129,39,15.960,305,305
90870,0.000,0.001,-0.003,-0.003,0.644,0.046,-0.763,-0.032,-0.200,0.009,0.169,0.107,0,1889,-139,139,39,15.940,305,305
90970,0.170,-0.001,-0.004,0.002,0.641,0.045,-0.766,-0.031,-0.200,0.009,0.179,0.104,0,1582,-138,138,39,15.940,305,305
91070,0.180,-0.006,0.000,0.000,0.637,0.031,-0.769,-0.039,-0.200,0.009,0.185,0.099,0,1612,-130,130,39,15.950,305,305
91170,0.050,-0.002,0.002,0.003,0.641,0.021,-0.766,-0.042,-0.200,0.008,0.175,0.090,0,1471,-119,119,39,15.950,305,305
91270,-0.730,0.000,0.001,0.001,0.645,0.016,-0.763,-0.036,-0.200,0.006,0.165,0.076,0,1694,-119,119,39,15.950,305,305
91370,0.080,0.003,0.002,-0.001,0.651,0.018,-0.758,-0.034,-0.200,0.006,0.150,0.074,0,2051,-112,112,39,15.950,305,305
91470,0.450,0.014,-0.001,0.001,0.650,0.032,-0.759,-0.020,-0.200,0.006,0.156,0.071,0,1665,-127,128,39,15.950,305,305
91570,0.180,0.002,-0.005,0.000,0.643,0.048,-0.765,0.002,-0.200,0.005,0.175,0.058,0,1612,-142,142,39,15.960,305,305
91670,-0.140,0.009,-0.003,0.001,0.635,0.056,-0.770,0.007,-0.200,0.006,0.194,0.058,0,1964,-141,141,39,15.960,305,305
91770,0.100,0.010,0.003,-0.003,0.629,0.076,-0.773,0.033,-0.200,0.005,0.208,0.045,0,1672,-134,135,39,15.960,305,305
91870,-0.440,0.005,-0.001,-0.002,0.627,0.096,-0.772,0.046,-0.200,0.005,0.212,0.049,0,2200,-138,138,39,15.960,305,305
91970,0.210,0.002,-0.006,-0.005,0.615,0.108,-0.780,0.045,-0.200,0.007,0.242,0.062,0,2283,-158,158,39,15.960,305,305
92070,0.080,0.000,-0.007,0.005,0.603,0.110,-0.789,0.044,-0.200,0.008,0.271,0.063,0,2168,-165,166,39,15.950,305,305
92170,-0.050,-0.005,0.003,0.007,0.599,0.093,-0.794,0.050,-0.200,0.004,0.281,0.032,0,1574,-143,143,39,15.950,305,305
92270,-0.730,-0.003,0.007,0.001,0.609,0.069,-0.789,0.050,-0.200,0.001,0.255,0.006,0,1736,-119,119,39,15.960,305,305
92370,0.200,0.000,0.007,-0.003,0.626,0.067,-0.776,0.043,-0.200,0.002,0.211,0.019,0,2296,-105,105,39,15.960,305,305
92470,0.590,-0.003,0.006,-0.003,0.636,0.072,-0.767,0.040,-0.200,0.003,0.187,0.029,0,2215,-108,108,39,15.960,305,305
92570,0.120,-0.003,0.004,-0.003,0.650,0.074,-0.755,0.031,-0.200,0.004,0.153,0.048,0,2530,-101,101,39,15.960,305,305
92670,0.180,0.004,-0.000,-0.004,0.653,0.081,-0.753,0.023,-0.200,0.005,0.148,0.070,0,2809,-119,120,39,15.960,305,305
92770,0.040,-0.001,-0.001,0.002,0.652,0.088,-0.753,0.025,-0.200,0.005,0.149,0.076,0,2761,-123,124,39,15.950,305,305
92870,-0.500,-0.000,0.001,0.006,0.654,0.077,-0.751,0.033,-0.200,0.004,0.142,0.052,0,2518,-115,115,39,15.950,305,305
92970,-0.340,-0.002,0.003,-0.001,0.659,0.070,-0.748,0.035,-0.200,0.003,0.130,0.040,0,2961,-109,109,39,15.960,305,305
93070,-0.240,-0.004,0.001,0.001,0.661,0.063,-0.747,0.032,-0.200,0.002,0.125,0.035,0,2915,-115,115,39,15.960,305,305
93170,-0.110,-0.001,-0.001,-0.002,0.662,0.062,-0.747,0.026,-0.200,0.003,0.123,0.043,0,2960,-119,119,39,15.960,305,305
93270,0.100,0.000,-0.000,0.003,0.656,0.063,-0.751,0.029,-0.200,0.003,0.137,0.038,0,2513,-128,128,39,15.960,305,305
93370,0.170,-0.000,0.001,-0.002,0.661,0.059,-0.747,0.031,-0.200,0.002,0.123,0.031,0,2466,-113,113,39,15.960,305,305
93470,-0.020,-0.000,0.004,-0.003,0.667,0.063,-0.742,0.026,-0.200,0.002,0.110,0.045,0,2725,-104,105,39,15.960,305,305
93570,0.070,-0.000,0.004,-0.002,0.674,0.068,-0.736,0.024,-0.200,0.002,0.092,0.056,0,2817,-100,100,39,15.960,305,305
93670,0.060,-0.001,0.001,-0.000,0.678,0.070,-0.731,0.021,-0.200,0.002,0.079,0.065,0,2854,-105,105,39,15.960,305,305
93770,0.200,0.000,-0.000,0.002,0.680,0.069,-0.730,0.020,-0.200,0.002,0.076,0.065,0,2760,-109,109,39,15.960,305,305
93870,-0.130,-0.001,0.000,0.002,0.680,0.064,-0.730,0.024,-0.200,0.002,0.073,0.051,0,2539,-109,110,39,15.960,305,305
93970,-0.030,-0.001,-0.001,0.000,0.679,0.060,-0.731,0.026,-0.200,0.002,0.076,0.044,0,2511,-113,113,39,15.950,305,305
94070,-0.080,-0.001,-0.000,0.002,0.679,0.058,-0.731,0.025,-0.200,0.002,0.076,0.042,0,2504,-111,112,39,15.950,305,305
94170,0.020,0.000,0.001,0.002,0.680,0.052,-0.731,0.027,-0.200,0.001,0.073,0.031,0,2359,-108,108,39,15.950,305,305
94270,0.040,-0.000,-0.001,-0.000,0.679,0.051,-0.732,0.029,-0.200,0.001,0.076,0.026,0,2375,-114,114,39,15.950,305,305
94370,-0.110,0.001,-0.001,-0.001,0.677,0.052,-0.733,0.029,-0.200,0.001,0.081,0.029,0,2505,-115,116,38,15.950,305,305
94470,-0.020,0.000,0.000,0.000,0.676,0.055,-0.735,0.029,-0.200,0.001,0.086,0.032,0,2519,-115,116,38,15.950,305,305
94570,-0.120,0.000,-0.000,-0.001,0.675,0.055,-0.735,0.030,-0.200,0.001,0.087,0.029,0,2479,-114,114,38,15.950,305,305
94670,-0.130,0.001,0.000,-0.000,0.674,0.056,-0.736,0.029,-0.200,0.001,0.089,0.033,0,2529,-114,114,39,15.950,305,305
94770,-0.040,0.000,-0.001,0.001,0.673,0.056,-0.737,0.031,-0.200,0.001,0.091,0.029,0,2439,-116,117,39,15.950,305,305
94870,0.040,0.000,-0.002,-0.000,0.670,0.055,-0.740,0.034,-0.200,0.001,0.101,0.024,0,2397,-123,123,39,15.970,305,305
94970,0.070,0.002,-0.002,-0.001,0.667,0.058,-0.742,0.034,-0.200,0.001,0.108,0.026,0,2475,-121,121,39,15.970,305,305
95070,0.150,-0.001,-0.000,-0.000,0.665,0.060,-0.744,0.036,-0.200,0.001,0.113,0.026,0,2459,-119,119,39,15.980,305,305
95170,0.340,0.001,-0.000,-0.001,0.663,0.060,-0.745,0.034,-0.200,0.002,0.119,0.030,0,2524,-121,121,39,15.980,305,305
95270,0.100,0.002,0.002,0.001,0.663,0.064,-0.745,0.038,-0.200,0.002,0.119,0.028,0,2436,-115,115,39,15.980,305,305
95370,0.000,0.000,0.001,0.004,0.667,0.060,-0.741,0.044,-0.200,0.001,0.106,0.014,0,2164,-110,110,39,15.970,305,305
95470,-0.160,0.001,-0.001,0.004,0.670,0.050,-0.738,0.054,-0.200,-0.001,0.095,-0.013,0,1755,-109,109,39,15.970,305,305
95570,-0.260,0.000,0.001,-0.002,0.669,0.049,-0.739,0.055,-0.200,-0.001,0.098,-0.015,0,2002,-113,114,39,15.970,305,305
95670,0.100,-0.000,0.002,-0.003,0.673,0.054,-0.736,0.051,-0.200,-0.000,0.089,-0.003,0,2289,-107,107,39,15.970,305,305
95770,-0.040,-0.000,-0.000,-0.000,0.675,0.057,-0.734,0.047,-0.200,0.000,0.085,0.007,0,2362,-111,111,38,15.970,305,305
95870,0.090,0.000,0.001,0.001,0.675,0.056,-0.734,0.048,-0.200,0.000,0.083,0.006,0,2289,-110,111,38,15.970,305,305
95970,0.030,0.000,0.003,0.002,0.677,0.056,-0.732,0.050,-0.200,0.000,0.079,0.002,0,2185,-106,106,38,15.970,305,305
96070,0.040,-0.002,0.001,0.003,0.684,0.049,-0.726,0.053,-0.200,-0.000,0.059,-0.010,0,1951,-99,99,39,15.970,305,305
96170,-0.430,-0.002,-0.005,-0.001,0.680,0.045,-0.729,0.054,-0.200,-0.001,0.068,-0.018,0,2112,-121,121,39,15.970,305,305
96270,-0.010,-0.004,-0.003,-0.003,0.671,0.048,-0.739,0.043,-0.200,0.000,0.097,0.001,0,2552,-131,131,39,15.960,305,305
96370,0.440,-0.002,0.001,-0.000,0.672,0.045,-0.739,0.031,-0.200,0.001,0.095,0.015,0,2483,-113,114,39,15.960,305,305
96470,0.230,0.001,-0.000,0.002,0.670,0.041,-0.740,0.033,-0.200,0.000,0.099,0.006,0,2207,-116,117,39,15.960,305,305
96570,-0.050,0.000,-0.001,0.002,0.669,0.038,-0.741,0.040,-0.200,-0.000,0.102,-0.009,0,1943,-119,120,39,15.950,305,305
96670,0.000,-0.003,-0.000,0.001,0.669,0.033,-0.741,0.041,-0.200,-0.001,0.102,-0.016,0,1907,-115,115,39,15.950,305,305
96770,-0.280,-0.002,-0.002,0.001,0.666,0.024,-0.745,0.032,-0.200,-0.001,0.110,-0.016,0,2001,-122,123,39,15.960,305,305
96870,-0.270,0.003,0.002,-0.000,0.665,0.024,-0.746,0.037,-0.200,-0.001,0.113,-0.023,0,2051,-115,116,39,15.960,305,305
96970,-0.210,0.000,0.003,-0.001,0.670,0.029,-0.740,0.038,-0.200,-0.001,0.098,-0.017,0,2166,-105,105,39,15.960,305,305
97070,0.380,0.004,-0.003,-0.002,0.668,0.036,-0.742,0.037,-0.200,-0.000,0.105,-0.006,0,2172,-122,122,39,15.960,305,305
97170,0.040,0.004,-0.002,0.000,0.664,0.048,-0.745,0.045,-0.200,-0.000,0.115,-0.002,0,2139,-122,123,39,15.960,305,305
97270,-0.040,-0.001,0.001,-0.001,0.663,0.053,-0.745,0.047,-0.200,-0.000,0.117,-0.000,0,2159,-117,117,39,15.950,305,305
97370,-0.400,0.000,0.004,-0.003,0.667,0.054,-0.742,0.041,-0.200,0.001,0.108,0.011,0,2516,-107,108,39,15.950,305,305
97470,0.210,-0.007,0.000,-0.001,0.674,0.053,-0.736,0.034,-0.200,0.001,0.089,0.021,0,2487,-105,105,39,15.960,305,305
97570,-0.580,-0.002,-0.001,0.001,0.673,0.041,-0.738,0.024,-0.200,0.001,0.092,0.020,0,2443,-115,116,39,15.960,305,305
97670,0.950,-0.003,-0.006,-0.001,0.663,0.043,-0.747,0.023,-0.200,0.001,0.120,0.023,0,2422,-138,138,39,15.970,305,305
97770,0.150,-0.004,-0.004,0.004,0.656,0.030,-0.754,0.017,-0.200,0.001,0.139,0.014,0,2197,-136,136,39,15.970,305,305
97870,0.050,-0.002,0.002,0.003,0.653,0.022,-0.757,0.017,-0.200,0.000,0.147,0.003,0,2072,-123,123,39,15.970,305,305
97970,-0.090,0.000,0.002,0.003,0.658,0.008,-0.753,0.016,-0.200,-0.001,0.135,-0.014,0,1804,-113,114,39,15.960,305,305
98070,-0.440,-0.004,0.003,0.003,0.661,0.002,-0.750,0.023,-0.200,-0.002,0.126,-0.032,0,1921,-112,113,39,15.960,305,305
98170,-0.130,0.004,-0.001,-0.004,0.664,-0.002,-0.748,0.018,-0.200,-0.002,0.118,-0.031,0,2020,-115,116,39,15.970,305,305
98270,0.000,-0.002,0.002,-0.002,0.664,0.008,-0.748,0.012,-0.200,-0.000,0.118,-0.007,0,2251,-113,113,39,15.970,305,305
98370,-0.240,0.001,-0.000,-0.002,0.667,0.010,-0.745,0.005,-0.200,0.000,0.110,0.006,0,2363,-113,114,39,15.970,305,305
98470,-0.070,0.001,0.000,-0.000,0.667,0.012,-0.745,0.004,-0.200,0.001,0.110,0.011,0,2322,-115,115,39,15.970,305,305
98570,-0.060,-0.002,0.002,-0.003,0.667,0.013,-0.745,0.001,-0.200,0.001,0.110,0.016,0,2422,-114,114,39,15.970,305,305
98670,-0.240,-0.001,0.002,-0.001,0.670,0.016,-0.742,-0.006,-0.200,0.002,0.102,0.030,0,2605,-110,110,39,15.970,305,305
98770,0.080,-0.001,0.001,-0.003,0.674,0.017,-0.739,-0.013,-0.200,0.002,0.092,0.041,0,2744,-108,109,39,15.970,305,305
98870,0.390,-0.003,0.004,-0.002,0.678,0.019,-0.734,-0.023,-0.200,0.002,0.079,0.060,0,2921,-100,100,39,15.970,305,305
98970,0.050,-0.004,0.006,-0.000,0.688,0.014,-0.725,-0.030,-0.200,0.002,0.052,0.062,0,2819,-87,87,39,15.970,305,305
99070,0.460,-0.001,-0.002,0.002,0.692,0.012,-0.721,-0.036,-0.200,0.001,0.040,0.069,0,2825,-103,103,39,15.970,305,305
99170,0.050,-0.006,0.002,0.002,0.689,0.006,-0.724,-0.037,-0.200,0.002,0.048,0.061,0,2685,-107,107,39,15.960,305,305
99270,-0.010,-0.010,0.009,0.005,0.699,-0.013,-0.714,-0.046,-0.200,0.001,0.020,0.047,0,2435,-79,79,39,15.960,305,305
99370,0.050,-0.002,0.003,0.004,0.714,-0.044,-0.697,-0.052,-0.200,-0.000,-0.024,0.010,0,1905,-74,74,39,15.950,305,305
99470,-0.350,0.003,0.004,0.002,0.719,-0.046,-0.692,-0.044,-0.200,0.000,-0.038,-0.005,0,1904,-79,80,39,15.950,305,305
99570,-0.430,0.003,0.003,-0.002,0.727,-0.043,-0.684,-0.039,-0.200,0.000,-0.059,-0.008,0,2455,-76,77,39,15.960,305,305
99670,-0.120,0.003,0.003,-0.003,0.731,-0.034,-0.680,-0.039,-0.200,-0.000,-0.072,0.004,0,2710,-77,78,39,15.960,305,305
99770,-0.170,0.002,0.001,-0.001,0.736,-0.024,-0.675,-0.039,-0.200,-0.001,-0.088,0.018,0,2772,-76,77,39,15.960,305,305
99870,-0.100,-0.001,-0.004,-0.001,0.732,-0.020,-0.680,-0.039,-0.200,-0.001,-0.075,0.024,0,2647,-96,96,39,15.960,305,305
99970,0.140,0.001,-0.004,-0.000,0.724,-0.018,-0.689,-0.041,-0.200,-0.001,-0.051,0.030,0,2573,-105,105,39,15.960,305,305
100070,-0.020,0.000,-0.003,-0.001,0.716,-0.017,-0.697,-0.040,-0.200,-0.000,-0.029,0.031,0,2555,-106,106,39,15.960,305,305
100170,0.080,0.000,0.003,-0.002,0.717,-0.013,-0.695,-0.046,-0.200,-0.001,-0.032,0.046,0,2750,-86,86,39,15.960,305,305
100270,0.120,0.000,0.003,-0.001,0.722,-0.007,-0.690,-0.045,-0.200,-0.001,-0.046,0.052,0,2754,-79,79,39,15.970,305,305
100370,0.000,0.001,-0.002,0.000,0.722,-0.007,-0.690,-0.047,-0.200,-0.001,-0.048,0.055,0,2746,-90,90,39,15.970,305,305
100470,0.090,0.000,0.000,0.000,0.718,-0.008,-0.694,-0.045,-0.200,-0.001,-0.035,0.050,0,2633,-94,94,39,15.970,305,305
100570,-0.310,0.000,0.000,0.000,0.719,-0.008,-0.693,-0.045,-0.200,-0.001,-0.039,0.050,0,2676,-87,88,39,15.970,305,305
100670,0.000,-0.002,-0.008,0.000,0.715,-0.010,-0.698,-0.047,-0.200,-0.001,-0.026,0.050,0,2673,-105,106,39,15.970,305,305
100770,0.000,-0.001,-0.010,0.002,0.694,-0.016,-0.719,-0.048,-0.200,0.001,0.033,0.046,0,2545,-138,138,39,15.960,305,305
100870,0.200,-0.003,-0.002,0.005,0.688,-0.028,-0.724,-0.044,-0.200,0.001,0.050,0.025,0,2166,-114,114,39,15.960,305,305
100970,-0.080,-0.002,0.002,0.002,0.684,-0.043,-0.727,-0.043,-0.200,0.000,0.061,0.003,0,1956,-108,108,39,15.960,305,305
101070,-0.300,0.001,0.004,0.001,0.693,-0.047,-0.718,-0.041,-0.200,-0.000,0.035,-0.006,0,2112,-86,86,39,15.960,305,305
101170,-0.480,0.000,-0.001,0.002,0.697,-0.047,-0.715,-0.039,-0.200,-0.000,0.026,-0.010,0,2389,-96,96,39,15.960,305,305
101270,0.440,-0.001,-0.007,-0.003,0.687,-0.050,-0.723,-0.039,-0.200,-0.000,0.052,-0.013,0,2385,-123,124,39,15.960,305,305
101370,-0.050,0.001,-0.003,-0.004,0.681,-0.040,-0.730,-0.049,-0.200,0.001,0.069,0.017,0,2802,-118,118,39,15.960,305,305
101470,0.350,0.000,-0.001,0.001,0.675,-0.036,-0.735,-0.051,-0.200,0.001,0.084,0.026,0,2579,-117,118,38,15.960,305,305
101570,0.290,-0.001,0.001,0.001,0.678,-0.040,-0.732,-0.050,-0.200,0.001,0.076,0.019,0,2383,-105,105,38,15.960,305,305
101670,-0.180,-0.004,-0.000,-0.002,0.680,-0.043,-0.729,-0.058,-0.200,0.001,0.068,0.025,0,2576,-106,106,38,15.960,305,305
101770,0.030,-0.000,-0.007,-0.007,0.678,-0.047,-0.730,-0.074,-0.200,0.002,0.070,0.044,0,2858,-118,119,39,15.960,305,305
101870,0.050,0.000,-0.005,-0.002,0.660,-0.036,-0.746,-0.079,-0.200,0.004,0.117,0.070,0,3035,-143,143,39,15.960,305,305
101970,0.140,-0.003,0.004,0.002,0.656,-0.036,-0.750,-0.077,-0.200,0.005,0.129,0.069,0,2831,-121,121,39,15.970,305,305
102070,-0.010,-0.000,-0.001,-0.002,0.663,-0.040,-0.744,-0.080,-0.200,0.004,0.109,0.066,0,2808,-111,111,39,15.970,305,305
102170,0.120,0.001,0.004,-0.001,0.666,-0.038,-0.740,-0.082,-0.200,0.004,0.100,0.071,0,2846,-104,104,39,15.970,305,305
102270,-0.050,0.001,0.002,-0.001,0.671,-0.035,-0.736,-0.083,-0.200,0.004,0.085,0.076,0,2898,-103,103,39,15.970,305,305
102370,0.020,0.005,0.008,-0.000,0.679,-0.027,-0.729,-0.080,-0.200,0.003,0.064,0.079,0,2902,-94,94,39,15.970,305,305
102470,-0.040,0.003,0.003,-0.001,0.689,-0.014,-0.722,-0.065,-0.200,0.002,0.043,0.075,0,2826,-94,94,38,15.970,305,305
102570,-0.250,-0.003,0.008,-0.005,0.701,-0.006,-0.709,-0.070,-0.200,0.001,0.007,0.091,0,3148,-73,74,38,15.970,305,305
102670,-0.160,-0.001,-0.003,-0.004,0.707,-0.002,-0.702,-0.085,-0.200,-0.000,-0.016,0.117,0,3352,-90,90,39,15.960,305,305
102770,-0.290,-0.002,-0.004,-0.000,0.699,-0.001,-0.710,-0.090,-0.200,0.001,0.007,0.127,0,3343,-112,113,39,15.960,305,305
102870,0.150,-0.004,-0.004,0.002,0.689,-0.009,-0.719,-0.092,-0.200,0.002,0.033,0.119,0,3104,-123,123,39,15.960,305,305
102970,-0.220,-0.008,-0.001,-0.004,0.686,-0.021,-0.720,-0.104,-0.200,0.003,0.038,0.121,0,3221,-110,110,39,15.970,305,305
103070,0.440,-0.003,0.004,-0.003,0.686,-0.024,-0.716,-0.128,-0.200,0.003,0.026,0.150,0,3522,-93,93,39,15.970,305,305
103170,0.660,0.005,-0.003,0.002,0.688,-0.018,-0.714,-0.127,-0.200,0.003,0.024,0.155,0,3422,-107,108,39,15.970,305,305
103270,0.240,0.005,-0.000,0.004,0.686,-0.016,-0.719,-0.108,-0.200,0.003,0.035,0.133,0,3068,-111,111,39,15.970,305,305
103370,0.020,0.011,-0.004,0.004,0.683,-0.012,-0.725,-0.089,-0.200,0.003,0.051,0.112,0,2831,-121,122,39,15.970,305,305
103470,-0.110,0.010,-0.003,0.001,0.676,0.003,-0.735,-0.059,-0.200,0.004,0.080,0.091,0,2713,-130,131,39,15.970,305,305
103570,0.130,-0.002,0.003,-0.005,0.677,0.012,-0.733,-0.054,-0.200,0.004,0.076,0.096,0,3017,-106,106,39,15.970,305,305
103670,-0.310,-0.001,-0.004,-0.002,0.677,0.015,-0.733,-0.066,-0.200,0.005,0.075,0.116,0,3306,-116,116,39,15.970,305,305
103770,0.500,0.005,-0.008,0.004,0.669,0.016,-0.740,-0.069,-0.200,0.006,0.097,0.123,0,3156,-133,133,39,15.970,305,305
103870,0.130,0.001,0.000,0.006,0.659,0.011,-0.751,-0.048,-0.200,0.006,0.127,0.088,0,2618,-131,131,39,15.970,305,305
103970,-0.040,0.003,-0.001,0.005,0.658,0.004,-0.752,-0.036,-0.200,0.004,0.132,0.060,0,2354,-126,126,39,15.970,305,305
104070,-0.030,-0.002,-0.002,0.003,0.656,-0.003,-0.754,-0.029,-0.200,0.003,0.137,0.039,0,2273,-125,125,39,15.970,305,305
104170,-0.130,-0.001,0.003,0.002,0.657,-0.010,-0.754,-0.028,-0.200,0.002,0.137,0.029,0,2252,-117,117,39,15.970,305,305
104270,0.170,-0.002,0.003,0.001,0.666,-0.013,-0.745,-0.029,-0.200,0.001,0.110,0.026,0,2356,-102,102,39,15.970,305,305
104370,0.010,-0.002,-0.001,-0.000,0.668,-0.015,-0.743,-0.030,-0.200,0.001,0.106,0.025,0,2421,-114,114,39,15.970,305,305
104470,0.060,0.000,-0.000,-0.000,0.670,-0.018,-0.742,-0.026,-0.200,0.001,0.102,0.014,0,2493,-113,113,39,15.970,305,305
104570,0.140,-0.000,-0.000,-0.002,0.668,-0.013,-0.743,-0.029,-0.200,0.001,0.105,0.026,0,2538,-117,117,39,15.950,305,305
104670,0.070,-0.001,0.000,0.001,0.667,-0.012,-0.744,-0.031,-0.200,0.002,0.109,0.031,0,2529,-118,118,39,15.950,305,305
104770,0.070,0.001,0.002,0.002,0.668,-0.013,-0.744,-0.028,-0.200,0.001,0.107,0.024,0,2365,-113,113,39,15.950,305,305
104870,-0.110,0.000,0.000,-0.000,0.672,-0.013,-0.740,-0.023,-0.200,0.001,0.097,0.016,0,2313,-110,110,39,15.950,305,305
104970,-0.060,0.001,-0.001,0.000,0.672,-0.012,-0.740,-0.023,-0.200,0.001,0.096,0.017,0,2359,-114,115,39,15.950,305,305
105070,-0.120,-0.001,-0.000,0.000,0.670,-0.011,-0.742,-0.023,-0.200,0.001,0.101,0.020,0,2418,-118,118,39,15.970,305,305
105170,0.240,0.001,0.001,0.000,0.671,-0.011,-0.741,-0.022,-0.200,0.001,0.100,0.018,0,2386,-113,114,39,15.970,305,305
105270,0.040,0.000,0.005,-0.001,0.674,-0.010,-0.738,-0.022,-0.200,0.001,0.089,0.018,0,2407,-103,103,39,15.970,305,305
105370,-0.040,-0.002,0.005,-0.001,0.685,-0.009,-0.728,-0.026,-0.200,0.001,0.060,0.026,0,2538,-90,90,39,15.970,305,305
105470,-0.160,-0.000,0.001,0.001,0.691,-0.011,-0.723,-0.028,-0.200,0.001,0.045,0.026,0,2450,-98,98,39,15.970,305,305
105570,0.060,0.000,0.003,0.002,0.695,-0.014,-0.718,-0.025,-0.200,0.000,0.031,0.016,0,2281,-93,93,39,15.970,305,305
105670,-0.020,-0.000,-0.000,0.001,0.700,-0.017,-0.713,-0.023,-0.200,0.000,0.018,0.009,0,2222,-97,97,39,15.970,305,305
105770,-0.090,-0.000,-0.002,0.000,0.697,-0.019,-0.717,-0.022,-0.200,0.000,0.029,0.006,0,2229,-111,111,39,15.960,305,305
105870,0.080,-0.000,-0.000,-0.001,0.695,-0.019,-0.718,-0.024,-0.200,0.000,0.032,0.008,0,2315,-107,108,39,15.960,305,305
105970,-0.030,-0.000,-0.002,-0.000,0.694,-0.019,-0.719,-0.026,-0.200,0.000,0.036,0.012,0,2379,-109,109,39,15.950,305,305
106070,-0.040,-0.000,0.000,0.001,0.692,-0.019,-0.721,-0.027,-0.200,0.000,0.040,0.012,0,2342,-107,107,39,15.950,305,305
106170,0.020,0.001,-0.001,0.002,0.692,-0.021,-0.721,-0.023,-0.200,0.000,0.041,0.002,0,2158,-107,108,39,15.950,305,305
106270,0.120,-0.000,0.001,0.001,0.692,-0.025,-0.722,-0.018,-0.200,-0.000,0.043,-0.008,0,1999,-106,107,39,15.950,305,305
106370,0.050,0.000,0.001,-0.001,0.694,-0.025,-0.720,-0.018,-0.200,-0.000,0.037,-0.008,0,2112,-102,102,39,15.950,305,305
106470,-0.060,0.001,-0.001,-0.000,0.694,-0.022,-0.719,-0.019,-0.200,-0.000,0.036,-0.003,0,2222,-106,107,39,15.960,305,305
106570,-0.020,0.000,0.001,0.000,0.694,-0.021,-0.719,-0.019,-0.200,-0.000,0.035,-0.001,0,2230,-103,104,39,15.960,305,305
106670,0.000,-0.000,0.000,0.001,0.696,-0.021,-0.718,-0.019,-0.200,-0.000,0.031,-0.002,0,2162,-103,103,39,15.960,305,305
106770,-0.020,0.000,-0.000,0.000,0.694,-0.022,-0.719,-0.017,-0.200,-0.000,0.036,-0.006,0,2112,-107,107,39,15.970,305,305
106870,0.060,0.000,-0.001,0.000,0.694,-0.022,-0.720,-0.017,-0.200,-0.000,0.037,-0.006,0,2124,-107,108,39,15.970,305,305
106970,0.010,-0.000,0.002,0.001,0.694,-0.024,-0.720,-0.016,-0.200,-0.000,0.037,-0.009,0,2031,-104,104,39,15.970,305,305
107070,-0.040,-0.000,0.001,0.000,0.696,-0.026,-0.718,-0.014,-0.200,-0.000,0.031,-0.016,0,1928,-102,102,39,15.970,305,305
107170,-0.010,-0.000,0.001,-0.000,0.697,-0.027,-0.717,-0.015,-0.200,-0.000,0.029,-0.015,0,1978,-102,102,39,15.960,305,305
107270,0.000,-0.000,0.000,-0.000,0.697,-0.027,-0.716,-0.017,-0.200,-0.000,0.026,-0.014,0,2006,-102,103,39,15.960,305,305
107370,0.040,0.000,0.000,0.001,0.698,-0.028,-0.716,-0.016,-0.200,-0.000,0.026,-0.015,0,1918,-103,103,39,15.960,305,305
107470,-0.070,0.000,0.001,0.000,0.699,-0.029,-0.714,-0.015,-0.200,-0.000,0.022,-0.019,0,1833,-100,101,38,15.960,305,305
107570,-0.150,-0.000,0.000,0.000,0.701,-0.030,-0.713,-0.015,-0.200,-0.000,0.017,-0.021,0,1788,-99,100,38,15.960,305,305
107670,0.010,0.000,-0.001,-0.000,0.701,-0.030,-0.713,-0.015,-0.200,-0.000,0.018,-0.021,0,1783,-104,104,39,15.960,305,305
107770,0.080,0.000,-0.000,-0.000,0.699,-0.030,-0.714,-0.015,-0.200,-0.000,0.023,-0.021,0,1753,-105,106,39,15.960,305,305
107870,0.010,-0.000,0.000,0.000,0.699,-0.030,-0.714,-0.015,-0.200,-0.000,0.021,-0.020,0,1745,-102,102,39,15.960,305,305
107970,-0.060,0.000,-0.000,-0.000,0.699,-0.030,-0.714,-0.016,-0.200,-0.000,0.022,-0.019,0,1732,-104,105,39,15.960,305,305
108070,0.110,-0.000,0.000,0.000,0.698,-0.029,-0.715,-0.015,-0.200,-0.000,0.024,-0.019,0,1694,-104,104,39,15.960,305,305
108170,0.000,-0.000,-0.000,0.000,0.698,-0.030,-0.715,-0.015,-0.200,-0.000,0.025,-0.020,0,1618,-105,105,39,15.950,305,305
108270,-0.050,-0.000,0.000,0.000,0.698,-0.030,-0.715,-0.014,-0.200,-0.000,0.024,-0.022,0,1540,-103,103,39,15.950,305,305
108370,0.000,-0.000,0.000,0.000,0.698,-0.031,-0.715,-0.014,-0.200,-0.000,0.025,-0.023,0,1469,-104,104,39,15.950,305,305
108470,-0.050,-0.001,0.000,-0.000,0.698,-0.032,-0.715,-0.014,-0.200,-0.000,0.025,-0.025,0,1409,-104,104,39,15.960,305,305
108570,-0.030,0.000,-0.001,-0.001,0.698,-0.033,-0.715,-0.015,-0.200,-0.000,0.024,-0.024,0,1432,-104,104,39,15.960,305,305
108670,0.040,-0.001,-0.002,-0.001,0.695,-0.031,-0.718,-0.017,-0.200,-0.000,0.033,-0.017,0,1552,-111,111,39,15.970,305,305
108770,-0.020,0.000,-0.003,-0.000,0.690,-0.030,-0.723,-0.019,-0.200,-0.000,0.046,-0.013,0,1570,-117,117,39,15.970,305,305
108870,0.080,0.001,-0.000,0.001,0.687,-0.031,-0.726,-0.019,-0.200,-0.000,0.057,-0.015,0,1413,-114,115,39,15.970,305,305
108970,0.130,-0.000,-0.000,-0.000,0.684,-0.033,-0.728,-0.016,-0.200,-0.001,0.063,-0.021,0,1333,-114,114,39,15.970,305,305
109070,-0.100,-0.002,-0.004,0.000,0.678,-0.036,-0.734,-0.015,-0.200,-0.001,0.081,-0.027,0,957,-127,127,39,15.970,305,305
109170,0.130,0.001,-0.001,-0.002,0.673,-0.036,-0.739,-0.019,-0.200,-0.001,0.094,-0.020,0,1325,-121,121,39,15.970,305,305
109270,0.010,0.001,-0.002,-0.001,0.669,-0.031,-0.742,-0.020,-0.200,-0.001,0.103,-0.012,0,1425,-123,123,39,15.970,305,305
109370,-0.050,-0.000,-0.000,-0.001,0.667,-0.029,-0.745,-0.020,-0.200,-0.000,0.110,-0.009,0,1432,-121,121,39,15.960,305,305
109470,-0.200,-0.001,-0.001,0.000,0.664,-0.028,-0.746,-0.022,-0.200,-0.000,0.116,-0.004,0,1465,-122,123,39,15.960,305,305
109570,0.100,-0.006,-0.005,0.000,0.656,-0.040,-0.753,-0.028,-0.200,-0.001,0.137,-0.011,0,1187,-136,136,39,15.960,305,305
109670,-0.020,-0.000,-0.002,0.000,0.648,-0.044,-0.760,-0.034,-0.200,-0.000,0.159,-0.005,0,1371,-137,137,38,15.970,305,305
109770,-0.040,-0.004,0.004,-0.001,0.648,-0.048,-0.759,-0.036,-0.200,-0.001,0.158,-0.008,0,1303,-120,120,38,15.970,305,305
109870,0.000,-0.000,0.006,0.001,0.661,-0.051,-0.747,-0.041,-0.200,-0.000,0.123,-0.006,0,1288,-96,96,39,15.970,305,305
109970,0.030,0.003,0.005,-0.001,0.672,-0.047,-0.737,-0.039,-0.200,-0.000,0.090,-0.005,0,1300,-92,93,39,15.970,305,305
110070,0.110,0.003,0.001,-0.001,0.681,-0.040,-0.730,-0.036,-0.200,-0.000,0.070,-0.002,0,1380,-98,99,39,15.970,305,305
110170,-0.050,0.001,-0.008,0.001,0.676,-0.037,-0.735,-0.032,-0.200,-0.000,0.084,-0.004,0,1213,-126,126,39,15.970,305,305
110270,0.000,-0.001,-0.009,0.002,0.658,-0.041,-0.751,-0.027,-0.200,-0.001,0.133,-0.014,0,803,-153,153,39,15.970,305,305
110370,0.140,-0.001,-0.000,0.000,0.648,-0.045,-0.760,-0.026,-0.200,-0.001,0.159,-0.019,0,737,-137,137,39,15.970,305,305
110470,-0.010,-0.001,0.000,-0.004,0.650,-0.044,-0.758,-0.030,-0.200,-0.001,0.153,-0.011,0,1261,-121,122,39,15.970,305,305
110570,-0.010,0.002,0.004,-0.002,0.652,-0.036,-0.756,-0.035,-0.200,0.000,0.147,0.006,0,1623,-114,114,39,15.970,305,305
110670,0.010,0.001,0.005,-0.000,0.664,-0.030,-0.747,-0.034,-0.200,0.001,0.117,0.011,0,1561,-98,99,39,15.970,305,305
110770,0.020,0.000,0.004,-0.001,0.671,-0.029,-0.740,-0.034,-0.200,0.001,0.098,0.013,0,1568,-100,100,38,15.970,305,305
110870,0.040,-0.001,0.002,0.001,0.677,-0.028,-0.735,-0.035,-0.200,0.001,0.081,0.014,0,1533,-102,102,38,15.970,305,305
110970,-0.070,-0.000,0.006,0.001,0.685,-0.030,-0.728,-0.034,-0.200,0.000,0.061,0.008,0,1359,-90,90,38,15.970,305,305
111070,-0.040,-0.001,0.001,-0.001,0.693,-0.032,-0.720,-0.034,-0.200,0.000,0.038,0.005,0,1388,-93,94,39,15.950,305,305
111170,-0.040,0.000,0.001,-0.000,0.693,-0.031,-0.719,-0.036,-0.200,0.000,0.037,0.009,0,1530,-102,103,39,15.950,305,305
111270,0.150,0.000,0.004,-0.001,0.699,-0.030,-0.714,-0.036,-0.200,0.000,0.021,0.010,0,1561,-93,93,38,15.960,305,305
111370,-0.100,0.000,0.002,-0.000,0.703,-0.028,-0.710,-0.035,-0.200,0.000,0.009,0.010,0,1571,-92,93,38,15.960,305,305
111470,0.040,-0.001,0.000,-0.000,0.705,-0.027,-0.708,-0.036,-0.200,0.000,0.004,0.012,0,1628,-98,98,39,15.960,305,305
111570,0.090,-0.001,0.000,0.000,0.705,-0.028,-0.708,-0.036,-0.200,0.000,0.004,0.011,0,1591,-100,100,39,15.960,305,305
111670,-0.030,-0.001,0.002,-0.000,0.705,-0.030,-0.707,-0.037,-0.200,0.000,0.002,0.010,0,1604,-98,98,39,15.960,305,305
111770,-0.120,-0.000,0.003,-0.001,0.709,-0.029,-0.703,-0.040,-0.200,-0.000,-0.010,0.015,0,1793,-89,90,38,15.970,305,305
111870,-0.160,0.000,0.001,0.001,0.714,-0.028,-0.698,-0.042,-0.200,-0.000,-0.024,0.019,0,1831,-87,88,38,15.970,305,305
111970,-0.070,0.000,-0.000,0.001,0.715,-0.028,-0.697,-0.040,-0.200,-0.000,-0.027,0.015,0,1711,-94,94,39,15.970,305,305
112070,-0.080,0.000,-0.001,0.001,0.714,-0.030,-0.699,-0.038,-0.200,-0.000,-0.022,0.010,0,1622,-99,99,39,15.970,305,305
112170,0.070,0.000,-0.001,0.001,0.711,-0.032,-0.702,-0.036,-0.200,-0.000,-0.014,0.004,0,1557,-103,103,39,15.970,305,305
112270,-0.020,0.000,0.001,0.000,0.709,-0.032,-0.704,-0.034,-0.200,-0.000,-0.008,0.002,0,1560,-99,99,39,15.970,305,305
112370,0.020,0.000,0.004,0.000,0.713,-0.032,-0.700,-0.033,-0.200,-0.000,-0.019,0.000,0,1571,-87,87,39,15.970,305,305
112470,-0.030,-0.000,0.002,0.000,0.719,-0.032,-0.694,-0.033,-0.200,0.000,-0.035,-0.001,0,1550,-84,85,39,15.970,305,305
112570,-0.080,-0.000,-0.002,0.000,0.718,-0.034,-0.695,-0.033,-0.200,0.000,-0.032,-0.004,0,1520,-97,97,39,15.970,305,305
112670,0.030,-0.000,-0.001,0.000,0.715,-0.035,-0.698,-0.032,-0.200,0.000,-0.023,-0.006,0,1470,-101,101,39,15.980,305,305
112770,0.020,-0.000,0.001,-0.000,0.714,-0.037,-0.699,-0.031,-0.200,0.000,-0.021,-0.008,0,1442,-94,94,39,15.980,305,305
112870,-0.050,-0.000,-0.000,-0.000,0.716,-0.037,-0.697,-0.033,-0.200,0.000,-0.026,-0.007,0,1499,-91,91,39,15.960,305,305
112970,0.010,0.000,-0.001,0.000,0.715,-0.036,-0.698,-0.033,-0.200,0.000,-0.023,-0.007,0,1466,-97,97,39,15.960,305,305
113070,0.070,-0.000,-0.001,0.000,0.712,-0.036,-0.700,-0.032,-0.200,0.000,-0.017,-0.007,0,1456,-99,99,39,15.960,305,305
113170,-0.050,-0.000,-0.001,-0.001,0.710,-0.037,-0.703,-0.033,-0.200,0.000,-0.009,-0.005,0,1512,-100,101,39,15.960,305,305
113270,0.010,0.000,0.001,-0.001,0.709,-0.035,-0.703,-0.035,-0.200,0.000,-0.009,-0.001,0,1584,-95,95,39,15.960,305,305
113370,0.010,-0.000,0.001,-0.001,0.711,-0.034,-0.701,-0.036,-0.200,-0.000,-0.014,0.003,0,1645,-91,92,39,15.950,305,305
113470,-0.020,0.000,-0.001,-0.000,0.712,-0.033,-0.700,-0.038,-0.200,-0.000,-0.017,0.007,0,1716,-93,94,39,15.950,305,305
113570,-0.150,0.000,-0.001,0.001,0.711,-0.033,-0.701,-0.038,-0.200,-0.000,-0.014,0.006,0,1640,-96,96,39,15.960,305,305
113670,-0.020,-0.000,-0.002,0.001,0.709,-0.036,-0.704,-0.036,-0.200,0.000,-0.007,0.000,0,1471,-101,101,39,15.960,305,305
113770,0.110,-0.000,-0.001,-0.000,0.706,-0.037,-0.707,-0.035,-0.200,0.000,0.001,-0.002,0,1482,-102,102,39,15.960,305,305
113870,0.070,-0.000,0.001,0.000,0.705,-0.038,-0.708,-0.035,-0.200,-0.000,0.005,-0.004,0,1459,-98,99,39,15.950,305,305
113970,0.050,0.000,0.001,-0.001,0.706,-0.037,-0.706,-0.036,-0.200,0.000,0.000,-0.001,0,1583,-94,94,39,15.950,305,305
114070,-0.140,0.001,0.000,-0.000,0.708,-0.035,-0.705,-0.038,-0.200,-0.000,-0.004,0.004,0,1672,-93,93,39,15.960,305,305
114170,-0.050,-0.000,-0.000,-0.000,0.708,-0.033,-0.705,-0.037,-0.200,-0.000,-0.005,0.005,0,1675,-96,96,39,15.960,305,305
114270,-0.070,-0.000,-0.001,0.000,0.707,-0.034,-0.706,-0.039,-0.200,-0.000,-0.002,0.007,0,1700,-98,98,39,15.950,305,305
114370,0.060,-0.000,0.000,-0.000,0.706,-0.034,-0.706,-0.038,-0.200,-0.000,-0.000,0.006,0,1651,-97,98,39,15.950,305,305
114470,0.080,0.000,-0.001,-0.000,0.706,-0.035,-0.706,-0.039,-0.200,0.000,0.000,0.006,0,1686,-98,98,39,15.950,305,305
114570,-0.040,0.000,-0.000,0.000,0.705,-0.034,-0.707,-0.039,-0.200,0.000,0.002,0.007,0,1704,-97,98,39,15.960,305,305
114670,-0.080,0.000,-0.001,0.000,0.705,-0.034,-0.708,-0.038,-0.200,0.000,0.004,0.005,0,1664,-99,99,39,15.960,305,305
114770,0.000,0.000,-0.001,0.000,0.703,-0.035,-0.709,-0.038,-0.200,0.000,0.008,0.005,0,1656,-101,101,39,15.960,305,305
114870,0.040,-0.000,-0.000,0.001,0.702,-0.036,-0.710,-0.037,-0.200,0.000,0.012,0.002,0,1609,-101,101,39,15.960,305,305
114970,0.000,-0.000,0.000,-0.001,0.702,-0.037,-0.711,-0.037,-0.200,0.000,0.012,0.001,0,1640,-99,99,38,15.950,305,305
115070,-0.020,-0.000,0.000,-0.000,0.703,-0.036,-0.709,-0.038,-0.200,0.000,0.009,0.003,0,1705,-97,97,38,15.950,305,305
115170,0.030,-0.000,-0.000,0.000,0.702,-0.036,-0.710,-0.039,-0.200,0.000,0.012,0.005,0,1741,-100,101,38,15.950,305,305
115270,-0.060,0.001,0.000,0.000,0.701,-0.035,-0.711,-0.037,-0.200,0.000,0.014,0.003,0,1666,-100,100,39,15.950,305,305
115370,0.040,-0.001,-0.001,0.001,0.701,-0.037,-0.711,-0.037,-0.200,0.000,0.015,0.002,0,1636,-101,102,39,15.950,305,305
115470,0.020,-0.000,0.000,0.001,0.699,-0.039,-0.713,-0.037,-0.200,-0.000,0.020,-0.001,0,1590,-103,103,39,15.950,305,305
115570,0.010,-0.000,0.000,-0.000,0.700,-0.040,-0.712,-0.037,-0.200,-0.000,0.017,-0.004,0,1574,-99,99,39,15.950,305,305
115670,0.070,-0.001,0.000,0.000,0.701,-0.041,-0.711,-0.038,-0.200,-0.000,0.015,-0.003,0,1583,-98,98,39,15.980,305,305
115770,-0.090,-0.001,0.000,-0.000,0.701,-0.042,-0.711,-0.039,-0.200,-0.000,0.016,-0.004,0,1583,-100,101,39,15.980,305,305
115870,0.060,-0.001,-0.000,0.000,0.700,-0.043,-0.712,-0.040,-0.200,-0.000,0.017,-0.003,0,1613,-101,101,39,15.970,305,305
115970,0.000,-0.000,0.000,-0.000,0.700,-0.044,-0.711,-0.041,-0.200,-0.000,0.016,-0.003,0,1604,-99,100,39,15.970,305,305
116070,-0.020,0.000,0.000,-0.001,0.701,-0.044,-0.711,-0.042,-0.200,-0.000,0.014,-0.002,0,1644,-99,99,39,15.970,305,305
116170,0.000,0.001,-0.000,0.000,0.700,-0.042,-0.711,-0.042,-0.200,0.000,0.016,0.001,0,1669,-102,102,39,15.940,305,305
116270,0.010,0.001,-0.000,0.000,0.700,-0.041,-0.711,-0.040,-0.200,0.000,0.016,-0.000,0,1620,-101,101,39,15.940,305,305
116370,-0.040,0.000,-0.000,0.000,0.700,-0.039,-0.712,-0.039,-0.200,0.000,0.018,0.001,0,1659,-103,103,39,15.950,305,305
116470,0.010,-0.000,-0.000,-0.000,0.699,-0.039,-0.713,-0.039,-0.200,0.000,0.019,0.002,0,1684,-102,103,39,15.950,305,305
116570,0.050,-0.000,0.001,0.000,0.700,-0.038,-0.712,-0.040,-0.200,0.000,0.017,0.004,0,1703,-99,99,39,15.950,305,305
116670,-0.110,-0.000,0.000,0.000,0.701,-0.039,-0.711,-0.042,-0.200,0.000,0.013,0.005,0,1720,-99,99,39,15.950,305,305
116770,-0.110,0.000,-0.000,0.000,0.701,-0.039,-0.711,-0.041,-0.200,0.000,0.013,0.004,0,1707,-102,102,39,15.960,305,305
116870,0.000,-0.000,-0.001,-0.000,0.701,-0.039,-0.711,-0.041,-0.200,0.000,0.013,0.004,0,1708,-102,102,39,15.960,305,305
116970,0.010,-0.000,-0.000,0.000,0.700,-0.039,-0.712,-0.041,-0.200,0.000,0.017,0.004,0,1714,-104,104,39,15.960,305,305
117070,0.080,0.000,0.000,-0.000,0.700,-0.039,-0.712,-0.041,-0.200,0.000,0.017,0.004,0,1715,-102,102,39,15.960,305,305
117170,-0.030,0.000,0.001,-0.000,0.701,-0.039,-0.711,-0.041,-0.200,0.000,0.014,0.005,0,1752,-100,100,39,15.960,305,305
117270,0.040,0.000,0.000,-0.000,0.702,-0.038,-0.710,-0.041,-0.200,0.000,0.012,0.006,0,1774,-101,101,38,15.970,305,305
117370,-0.070,-0.000,0.001,-0.000,0.702,-0.037,-0.710,-0.042,-0.200,0.000,0.010,0.007,0,1798,-99,100,38,15.970,305,305
117470,-0.010,-0.000,-0.000,0.000,0.703,-0.037,-0.709,-0.043,-0.200,0.000,0.008,0.009,0,1836,-100,101,39,15.970,305,305
117570,0.010,-0.000,0.000,0.000,0.703,-0.038,-0.709,-0.043,-0.200,0.000,0.009,0.008,0,1822,-102,102,39,15.970,305,305
117670,0.050,-0.000,0.000,-0.000,0.703,-0.038,-0.709,-0.044,-0.200,0.000,0.009,0.009,0,1853,-101,101,39,15.970,305,305
117770,0.000,0.000,-0.000,-0.000,0.703,-0.038,-0.709,-0.044,-0.200,0.000,0.008,0.009,0,1861,-101,101,39,15.960,305,305
117870,-0.050,0.000,-0.000,-0.000,0.703,-0.037,-0.709,-0.044,-0.200,0.000,0.008,0.009,0,1891,-101,101,39,15.960,305,305
117970,-0.050,-0.000,0.000,-0.000,0.703,-0.037,-0.709,-0.044,-0.200,0.000,0.008,0.010,0,1900,-101,101,39,15.950,305,305
118070,0.040,0.000,-0.001,0.000,0.702,-0.038,-0.709,-0.044,-0.200,0.000,0.010,0.010,0,1910,-103,103,39,15.950,305,305
118170,0.030,-0.000,0.001,-0.000,0.702,-0.038,-0.710,-0.044,-0.200,0.000,0.012,0.008,0,1898,-102,102,38,15.940,305,305
118270,-0.040,0.000,0.000,-0.000,0.703,-0.038,-0.709,-0.045,-0.200,0.000,0.008,0.010,0,1955,-99,99,38,15.940,305,305
118370,-0.060,0.000,0.000,0.000,0.704,-0.037,-0.708,-0.045,-0.200,0.000,0.006,0.011,0,1978,-99,100,38,15.940,305,305
118470,0.000,0.000,-0.000,-0.000,0.704,-0.037,-0.708,-0.044,-0.200,0.000,0.006,0.011,0,1987,-100,101,39,15.950,305,305
118570,0.050,0.000,-0.001,0.000,0.704,-0.037,-0.708,-0.044,-0.200,0.000,0.006,0.011,0,1997,-102,102,39,15.950,305,305
118670,0.070,-0.000,0.000,0.000,0.703,-0.037,-0.709,-0.044,-0.200,0.000,0.007,0.011,0,2013,-101,101,39,15.950,305,305
118770,-0.060,-0.000,0.001,-0.000,0.704,-0.038,-0.707,-0.045,-0.200,0.000,0.004,0.011,0,2026,-98,98,39,15.950,305,305
118870,-0.140,-0.000,0.000,0.000,0.705,-0.039,-0.707,-0.045,-0.200,0.000,0.001,0.010,0,2028,-99,99,39,15.950,305,305
118970,0.070,-0.000,-0.000,-0.000,0.705,-0.039,-0.707,-0.045,-0.200,0.000,0.003,0.009,0,2033,-102,102,39,15.950,305,305
119070,0.050,0.000,-0.000,0.000,0.704,-0.039,-0.708,-0.045,-0.200,0.000,0.004,0.010,0,2065,-102,102,39,15.960,305,305
119170,-0.040,0.000,0.000,0.000,0.705,-0.039,-0.707,-0.045,-0.200,0.000,0.003,0.010,0,2075,-99,99,39,15.960,305,305
119270,-0.020,0.000,0.000,-0.000,0.705,-0.038,-0.707,-0.045,-0.200,0.000,0.002,0.010,0,2094,-99,100,39,15.960,305,305
119370,0.020,0.000,-0.000,0.000,0.705,-0.038,-0.707,-0.045,-0.200,0.000,0.002,0.010,0,2114,-101,101,38,15.960,305,305
119470,0.030,-0.000,0.001,0.000,0.704,-0.038,-0.707,-0.045,-0.200,0.000,0.003,0.009,0,2100,-100,100,38,15.960,305,305
119570,-0.060,0.000,0.000,-0.000,0.706,-0.039,-0.706,-0.045,-0.200,0.000,0.001,0.009,0,2118,-99,99,39,15.970,305,305
119670,-0.050,-0.000,-0.000,-0.000,0.706,-0.039,-0.706,-0.045,-0.200,0.000,0.000,0.010,0,2153,-100,100,39,15.970,305,305
119770,-0.020,0.000,0.000,-0.000,0.705,-0.038,-0.707,-0.046,-0.200,0.000,0.002,0.010,0,2169,-100,101,39,15.970,305,305
119870,0.010,-0.000,0.000,-0.000,0.705,-0.038,-0.707,-0.045,-0.200,0.000,0.002,0.010,0,2186,-100,100,39,15.970,305,305
119970,-0.060,0.000,0.000,0.000,0.705,-0.038,-0.706,-0.046,-0.200,0.000,0.001,0.011,0,2208,-100,100,39,15.970,305,305
120070,0.000,0.000,-0.000,0.000,0.706,-0.038,-0.706,-0.045,-0.200,-0.000,-0.000,0.011,0,2205,-100,100,39,15.970,305,305
120170,0.040,-0.000,-0.000,0.000,0.705,-0.038,-0.707,-0.044,-0.200,0.000,0.002,0.009,0,2190,-101,102,39,15.970,305,305
120270,0.630,-0.004,-0.000,-0.001,0.705,-0.038,-0.706,-0.046,-0.200,0.000,0.001,0.010,0,2288,-100,100,39,15.970,305,305
120370,0.010,0.000,0.001,-0.000,0.706,-0.039,-0.706,-0.047,-0.200,-0.000,-0.001,0.012,0,2273,-97,98,39,15.970,305,305
120470,0.020,0.000,-0.000,-0.000,0.705,-0.039,-0.706,-0.048,-0.200,0.000,0.000,0.013,0,2318,-100,101,39,15.960,1270,2385
120570,-0.190,0.000,0.000,0.000,0.706,-0.038,-0.705,-0.047,-0.200,-0.000,-0.002,0.013,0,2309,-98,98,39,15.960,1270,2385
120670,-0.100,0.000,-0.001,0.000,0.706,-0.038,-0.705,-0.047,-0.200,-0.000,-0.002,0.012,0,2315,-100,100,39,15.950,397,2332
120770,0.120,0.000,-0.001,0.000,0.705,-0.038,-0.706,-0.046,-0.200,0.000,0.001,0.011,0,2303,-102,102,39,15.950,397,2332
120870,-0.090,-0.000,0.001,0.000,0.705,-0.038,-0.706,-0.046,-0.200,0.000,0.001,0.011,0,2333,-99,99,39,15.970,880,2332
120970,-0.150,-0.000,0.000,-0.000,0.706,-0.038,-0.706,-0.046,-0.200,-0.000,-0.001,0.011,0,2334,-98,99,39,15.970,880,2332
121070,-0.290,-0.000,-0.000,0.000,0.706,-0.038,-0.705,-0.047,-0.200,-0.000,-0.002,0.012,0,2346,-99,99,39,15.920,1430,2376
121170,-0.110,-0.000,0.000,0.000,0.706,-0.038,-0.705,-0.047,0.000,-0.000,-0.003,0.012,0,2365,-99,99,39,15.920,1430,2376
121270,0.010,0.000,0.000,0.000,0.707,-0.039,-0.705,-0.046,0.000,-0.000,-0.003,0.011,0,2398,-99,99,39,15.920,1430,2376
121370,0.010,0.000,0.000,-0.000,0.707,-0.039,-0.705,-0.046,0.000,-0.000,-0.003,0.009,0,2403,-99,100,39,15.950,594,2413
121470,-0.090,-0.000,0.000,-0.000,0.707,-0.039,-0.704,-0.045,0.000,-0.000,-0.005,0.009,0,2430,-98,98,39,15.950,594,2413
121570,0.160,-0.000,-0.000,-0.000,0.707,-0.038,-0.705,-0.046,0.000,-0.000,-0.003,0.010,0,2423,-100,101,39,15.940,1318,2460
121670,0.050,-0.000,0.000,0.001,0.706,-0.039,-0.706,-0.046,0.000,-0.000,-0.001,0.010,0,2370,-100,101,39,15.940,1318,2460
121770,-0.520,0.000,0.000,0.000,0.706,-0.040,-0.705,-0.045,0.000,-0.000,-0.002,0.007,0,2311,-99,99,39,15.930,376,2385
121870,0.060,-0.000,-0.000,-0.000,0.707,-0.040,-0.705,-0.045,0.000,-0.000,-0.004,0.007,0,2326,-98,98,39,15.930,376,2385
121970,0.110,0.000,0.001,-0.000,0.707,-0.039,-0.704,-0.046,0.114,-0.000,-0.004,0.009,0,2421,-97,98,39,15.950,835,2376
122070,-0.040,-0.000,-0.000,-0.000,0.707,-0.038,-0.705,-0.047,0.212,-0.000,-0.004,0.012,0,2649,-100,100,39,15.950,835,2376
122170,-0.480,-0.000,0.000,-0.000,0.708,-0.037,-0.704,-0.046,0.224,-0.000,-0.006,0.013,0,2916,-97,98,39,15.950,1578,2753
122270,-0.190,0.000,-0.001,0.000,0.707,-0.037,-0.705,-0.047,0.220,-0.000,-0.004,0.013,0,3129,-100,101,39,15.950,1578,2753
122370,0.120,-0.000,-0.000,-0.000,0.707,-0.037,-0.705,-0.046,0.212,-0.000,-0.004,0.013,0,3223,-99,100,39,15.950,1578,2753
122470,-0.170,-0.000,0.001,-0.000,0.707,-0.037,-0.705,-0.046,0.176,-0.000,-0.004,0.013,473,3367,-98,98,38,15.950,548,3213
122570,0.240,-0.001,-0.000,0.000,0.708,-0.037,-0.704,-0.046,0.082,-0.000,-0.006,0.013,959,3468,-98,98,38,15.950,548,3213
122670,-0.240,-0.000,-0.000,-0.000,0.708,-0.037,-0.704,-0.047,0.106,-0.000,-0.006,0.013,1449,3627,-99,99,39,15.940,1206,3501
122770,-0.240,0.000,-0.000,0.000,0.707,-0.038,-0.705,-0.047,0.267,-0.000,-0.004,0.013,1822,3792,-99,100,39,15.940,1206,3501
122870,-0.190,-0.000,-0.000,0.000,0.707,-0.038,-0.705,-0.047,0.341,-0.000,-0.003,0.013,2147,3951,-100,100,39,15.950,1905,3858
122970,-0.170,0.000,0.000,-0.000,0.707,-0.038,-0.705,-0.047,0.369,-0.000,-0.004,0.012,2527,4169,-98,98,39,15.950,1905,3858
123070,-0.090,-0.000,-0.000,0.000,0.707,-0.038,-0.705,-0.047,0.380,-0.000,-0.004,0.013,2864,4384,-99,99,39,15.950,2682,4340
123170,0.150,0.000,-0.001,0.000,0.707,-0.038,-0.705,-0.047,0.404,-0.000,-0.004,0.012,3279,4657,-99,99,39,15.950,2682,4340
123270,0.110,-0.000,0.001,0.000,0.707,-0.038,-0.705,-0.047,0.404,-0.000,-0.004,0.012,3561,4848,-98,98,39,15.950,2682,4340
123370,-0.090,0.000,0.000,0.000,0.708,-0.039,-0.704,-0.046,0.408,-0.000,-0.006,0.010,3838,5025,-97,97,39,15.950,3434,4807
123470,-0.010,-0.001,0.000,0.000,0.708,-0.040,-0.704,-0.046,0.412,-0.000,-0.007,0.008,4099,5218,-97,97,39,15.950,3434,4807
123570,0.040,-0.000,-0.000,0.000,0.708,-0.041,-0.703,-0.047,0.435,-0.000,-0.007,0.007,4360,5420,-98,98,39,15.940,4084,5219
123670,0.170,-0.000,-0.000,-0.000,0.708,-0.042,-0.703,-0.046,0.435,-0.000,-0.007,0.006,4608,5630,-98,98,39,15.940,4084,5219
123770,-0.420,-0.000,-0.000,-0.001,0.708,-0.041,-0.703,-0.047,0.439,-0.000,-0.007,0.008,4801,5821,-98,98,39,15.950,4545,5681
123870,0.000,-0.000,-0.000,0.000,0.708,-0.041,-0.704,-0.047,0.443,-0.000,-0.006,0.008,5001,5976,-98,98,39,15.950,4545,5681
123970,0.020,0.000,0.001,0.000,0.708,-0.041,-0.703,-0.047,0.443,-0.000,-0.008,0.008,5193,6137,-96,96,39,15.940,5060,6053
124070,0.000,-0.000,0.000,-0.000,0.709,-0.041,-0.703,-0.047,0.431,-0.000,-0.009,0.008,5425,6329,-96,96,39,15.940,5060,6053
124170,0.040,0.000,-0.000,-0.000,0.709,-0.041,-0.702,-0.048,0.424,-0.000,-0.010,0.009,5611,6503,-97,97,39,15.940,5518,6443
124270,0.450,0.000,0.000,0.000,0.710,-0.041,-0.702,-0.048,0.388,-0.000,-0.012,0.009,5755,6613,-96,96,39,15.940,5518,6443
124370,0.280,0.000,0.000,0.000,0.710,-0.041,-0.701,-0.047,0.357,-0.000,-0.013,0.008,5881,6717,-95,96,39,15.940,5518,6443
124470,-0.190,-0.000,-0.000,-0.000,0.710,-0.042,-0.701,-0.047,0.325,-0.000,-0.012,0.007,6057,6864,-97,97,39,15.940,5882,6702
124570,0.240,-0.000,-0.000,-0.000,0.709,-0.042,-0.702,-0.048,0.322,-0.000,-0.011,0.008,6175,6990,-97,98,39,15.940,5882,6702
124670,0.130,0.000,0.000,-0.000,0.709,-0.042,-0.702,-0.047,0.333,-0.000,-0.011,0.008,6258,7056,-96,97,39,15.910,6157,6983
124770,-0.050,0.000,-0.000,-0.000,0.710,-0.041,-0.701,-0.048,0.345,-0.000,-0.013,0.009,6412,7205,-95,95,39,15.910,6157,6983
124870,-0.010,-0.000,-0.000,-0.000,0.710,-0.040,-0.702,-0.048,0.349,-0.000,-0.012,0.010,6560,7347,-97,97,39,15.950,6443,7246
124970,0.110,0.000,0.000,0.000,0.709,-0.040,-0.702,-0.048,0.349,-0.000,-0.010,0.011,6676,7458,-97,97,39,15.950,6443,7246
125070,-0.020,-0.000,0.000,0.000,0.710,-0.040,-0.702,-0.048,0.353,-0.000,-0.012,0.011,6811,7568,-95,95,39,15.930,6720,7507
125170,-0.100,-0.000,0.000,0.000,0.710,-0.041,-0.701,-0.049,0.357,-0.000,-0.013,0.011,6955,7694,-94,95,39,15.930,6720,7507
125270,0.030,-0.000,0.000,-0.000,0.711,-0.040,-0.701,-0.049,0.353,-0.000,-0.015,0.011,7065,7804,-94,95,39,15.920,7042,7739
125370,-0.040,0.000,0.000,0.000,0.711,-0.041,-0.701,-0.048,0.357,-0.000,-0.014,0.009,7207,7908,-95,95,39,15.920,7042,7739
125470,-0.070,-0.000,-0.001,0.000,0.711,-0.041,-0.701,-0.047,0.357,-0.000,-0.015,0.008,7344,8026,-95,95,39,15.920,7042,7739
125570,-0.020,0.000,0.000,-0.000,0.711,-0.041,-0.700,-0.047,0.365,-0.000,-0.015,0.008,7477,8152,-94,94,39,15.930,7331,7987
125670,-0.020,-0.000,0.001,0.000,0.711,-0.041,-0.700,-0.047,0.365,-0.000,-0.016,0.008,7579,8250,-93,94,39,15.930,7331,7987
125770,0.030,0.000,-0.000,0.000,0.711,-0.041,-0.700,-0.047,0.369,-0.000,-0.017,0.008,7719,8382,-94,95,39,15.910,7598,8250
125870,0.050,-0.000,0.000,-0.000,0.711,-0.041,-0.700,-0.047,0.369,-0.000,-0.016,0.008,7839,8489,-94,94,39,15.910,7598,8250
125970,0.140,0.000,0.000,0.000,0.711,-0.041,-0.700,-0.047,0.369,-0.000,-0.016,0.008,7942,8588,-94,94,40,15.920,7861,8503
126070,0.160,-0.000,0.001,0.000,0.711,-0.041,-0.700,-0.047,0.369,-0.000,-0.017,0.008,8044,8676,-93,93,40,15.920,7861,8503
126170,-0.250,-0.002,0.000,-0.001,0.713,-0.041,-0.699,-0.048,0.369,-0.000,-0.020,0.009,8174,8816,-91,91,39,15.940,6906,8741
126270,-0.030,-0.000,-0.001,0.000,0.712,-0.041,-0.699,-0.048,0.369,-0.000,-0.019,0.008,8295,8910,-94,94,39,15.940,6906,8741
126370,-0.110,0.000,0.000,-0.000,0.712,-0.041,-0.700,-0.048,0.369,-0.000,-0.018,0.008,8395,9005,-93,93,39,15.920,8278,8960
126470,-0.100,-0.000,-0.000,-0.000,0.712,-0.041,-0.699,-0.048,0.369,-0.000,-0.018,0.009,8502,9117,-93,93,39,15.920,8278,8960
126570,-0.030,0.000,-0.000,0.000,0.712,-0.041,-0.699,-0.049,0.369,-0.000,-0.019,0.010,8627,9236,-92,92,39,15.920,8278,8960
126670,-0.110,-0.000,-0.000,-0.000,0.712,-0.041,-0.700,-0.049,0.369,-0.000,-0.018,0.010,8737,9337,-93,94,39,15.930,8620,9225
126770,0.020,0.000,-0.000,-0.000,0.711,-0.041,-0.701,-0.049,0.373,-0.000,-0.015,0.011,8834,9431,-95,95,39,15.930,8620,9225
126870,-0.070,0.000,0.001,-0.000,0.711,-0.040,-0.701,-0.049,0.369,-0.000,-0.015,0.011,8944,9536,-92,92,39,15.920,8833,9433
126970,-0.090,0.000,0.000,-0.001,0.712,-0.040,-0.700,-0.049,0.243,-0.000,-0.017,0.012,9057,9656,-91,92,39,15.920,8833,9433
127070,0.030,0.000,-0.000,-0.000,0.711,-0.039,-0.700,-0.049,0.000,-0.000,-0.016,0.014,9058,9660,-93,93,39,15.900,9090,9652
127170,-0.130,0.000,-0.001,0.001,0.710,-0.039,-0.701,-0.048,0.000,-0.000,-0.014,0.012,9063,9639,-94,95,39,15.900,9090,9652
127270,0.050,-0.000,0.001,-0.000,0.711,-0.039,-0.701,-0.047,0.000,-0.000,-0.014,0.010,9071,9642,-91,91,39,15.920,9090,9652
127370,-0.110,-0.000,0.000,-0.000,0.712,-0.040,-0.700,-0.048,0.000,-0.000,-0.017,0.011,9085,9662,-90,90,39,15.920,9090,9652
127470,-0.190,-0.000,-0.001,0.000,0.712,-0.040,-0.700,-0.048,0.000,-0.000,-0.017,0.011,9099,9676,-92,92,41,15.920,9090,9689
127570,-0.010,0.000,0.000,0.000,0.711,-0.040,-0.700,-0.048,0.000,-0.000,-0.016,0.009,9123,9685,-92,92,41,15.920,9090,9689
127670,0.220,0.000,0.000,0.000,0.712,-0.041,-0.700,-0.047,0.000,-0.000,-0.017,0.008,9141,9697,-90,90,40,15.910,9157,9727
127770,-0.250,-0.000,0.000,0.000,0.712,-0.041,-0.699,-0.047,0.000,-0.000,-0.018,0.008,9141,9701,-90,91,40,15.910,9157,9727
127870,0.110,-0.000,-0.001,0.000,0.712,-0.042,-0.700,-0.046,0.000,-0.000,-0.018,0.005,9161,9693,-92,92,40,15.900,9191,9689
127970,0.020,-0.000,0.000,0.000,0.712,-0.042,-0.700,-0.046,0.000,-0.000,-0.018,0.004,9164,9704,-90,90,40,15.900,9191,9689
128070,0.340,-0.000,-0.000,0.000,0.712,-0.043,-0.700,-0.046,0.094,-0.000,-0.018,0.004,9165,9710,-91,91,40,15.900,9191,9689
128170,-0.090,-0.000,0.000,0.000,0.712,-0.043,-0.700,-0.047,0.286,-0.000,-0.018,0.003,9220,9755,-90,91,39,15.910,9157,9689
128270,-0.110,0.000,0.000,-0.000,0.713,-0.043,-0.699,-0.046,0.298,-0.000,-0.020,0.003,9319,9852,-88,88,39,15.910,9157,9689
128370,0.270,0.000,-0.000,-0.000,0.712,-0.043,-0.699,-0.046,0.298,-0.000,-0.019,0.003,9401,9934,-90,91,39,15.910,9259,9881
128470,0.120,0.000,0.000,0.000,0.712,-0.043,-0.699,-0.047,0.302,-0.000,-0.019,0.005,9454,9992,-90,90,39,15.910,9259,9881
128570,-0.230,0.000,0.001,-0.000,0.713,-0.042,-0.698,-0.047,0.302,-0.000,-0.021,0.005,9564,10094,-87,88,39,15.920,9469,10020
128670,0.100,-0.000,-0.001,0.000,0.713,-0.042,-0.698,-0.047,0.302,-0.000,-0.021,0.004,9658,10179,-89,90,39,15.920,9469,10020
128770,0.080,0.000,-0.000,0.000,0.713,-0.043,-0.699,-0.047,0.306,-0.000,-0.020,0.004,9742,10257,-89,90,40,15.900,9689,10204
128870,0.010,0.000,0.000,-0.000,0.713,-0.043,-0.699,-0.047,0.259,-0.000,-0.020,0.004,9792,10306,-88,89,40,15.900,9689,10204
128970,-0.150,-0.000,0.001,0.000,0.713,-0.043,-0.698,-0.047,0.000,-0.000,-0.021,0.004,9788,10304,-88,88,40,15.910,9784,10288
129070,0.230,0.000,0.000,-0.000,0.714,-0.043,-0.698,-0.047,0.000,-0.000,-0.023,0.004,9799,10315,-86,87,40,15.910,9784,10288
129170,-0.110,0.000,0.000,0.000,0.714,-0.043,-0.697,-0.047,0.000,-0.000,-0.025,0.004,9812,10325,-86,86,39,15.900,9823,10351
129270,0.030,-0.000,-0.000,0.000,0.714,-0.043,-0.697,-0.047,0.000,-0.000,-0.024,0.004,9818,10323,-88,88,39,15.900,9823,10351
129370,-0.120,-0.000,-0.000,-0.001,0.714,-0.043,-0.697,-0.047,0.973,-0.000,-0.024,0.004,9945,10458,-87,88,39,15.900,9900,10395
129470,-0.090,-0.000,-0.000,-0.000,0.713,-0.043,-0.698,-0.048,1.000,-0.000,-0.022,0.005,10185,10693,-88,89,39,15.900,9900,10395
129570,0.030,0.000,0.001,-0.000,0.713,-0.042,-0.698,-0.048,1.000,-0.000,-0.022,0.007,10418,10917,-86,86,39,15.900,9900,10395
129670,0.130,0.000,0.000,-0.000,0.714,-0.042,-0.697,-0.048,0.220,-0.000,-0.026,0.007,10547,11042,-85,85,40,15.900,10395,10869
129770,-0.030,-0.000,-0.000,-0.000,0.714,-0.042,-0.697,-0.049,0.000,-0.000,-0.026,0.009,10561,11063,-86,86,40,15.900,10395,10869
129870,-0.220,-0.000,0.000,0.000,0.715,-0.042,-0.697,-0.049,0.000,-0.000,-0.026,0.009,10570,11068,-85,85,40,15.900,10570,11037
129970,-0.060,-0.000,-0.000,0.000,0.714,-0.042,-0.697,-0.049,0.000,-0.000,-0.025,0.009,10571,11069,-86,87,40,15.900,10570,11037
130070,-0.030,-0.000,-0.000,-0.000,0.714,-0.041,-0.697,-0.050,0.718,-0.000,-0.026,0.010,10627,11132,-85,86,40,15.910,10638,11086
130170,0.090,-0.000,0.000,0.000,0.715,-0.042,-0.697,-0.051,1.000,-0.000,-0.026,0.010,10838,11326,-84,84,40,15.910,10638,11086
130270,-0.100,-0.000,-0.000,-0.000,0.715,-0.042,-0.696,-0.050,1.000,-0.000,-0.027,0.009,11082,11552,-84,85,40,15.900,10893,11337
130370,-0.050,0.000,-0.000,0.000,0.715,-0.042,-0.696,-0.050,0.557,-0.000,-0.028,0.009,11261,11726,-84,84,40,15.900,10893,11337
130470,-0.220,0.000,0.001,0.000,0.715,-0.042,-0.696,-0.049,0.188,-0.000,-0.028,0.008,11336,11794,-83,83,40,15.900,11363,11764
130570,0.020,0.000,-0.000,0.000,0.716,-0.041,-0.695,-0.049,0.482,-0.000,-0.030,0.009,11426,11885,-83,83,40,15.900,11363,11764
130670,-0.010,-0.000,-0.000,0.000,0.715,-0.042,-0.696,-0.049,0.796,-0.000,-0.028,0.008,11598,12045,-84,85,40,15.920,11494,11933
130770,0.150,0.000,-0.000,-0.000,0.715,-0.042,-0.696,-0.048,1.000,-0.000,-0.028,0.007,11813,12251,-83,84,40,15.920,11494,11933
130870,0.180,-0.000,0.000,0.000,0.715,-0.041,-0.696,-0.048,0.914,-0.000,-0.028,0.008,12009,12443,-82,82,40,15.880,11904,12345
130970,-0.040,0.000,0.000,-0.000,0.716,-0.042,-0.696,-0.048,0.000,-0.000,-0.029,0.008,12025,12458,-82,83,40,15.880,11904,12345
131070,0.030,-0.000,0.000,0.000,0.716,-0.042,-0.695,-0.048,0.000,-0.000,-0.030,0.007,12045,12475,-82,82,40,15.870,12048,12437
131170,-0.030,0.000,0.000,0.000,0.716,-0.041,-0.695,-0.048,1.000,-0.000,-0.031,0.008,12210,12639,-81,81,40,15.870,12048,12437
131270,0.270,-0.000,-0.001,-0.000,0.715,-0.042,-0.696,-0.048,1.000,-0.000,-0.028,0.008,12407,12827,-84,84,40,15.870,12048,12437
131370,-0.060,-0.000,0.000,0.000,0.714,-0.042,-0.697,-0.048,0.000,-0.000,-0.025,0.008,12485,12905,-83,84,40,15.880,12406,12787
131470,0.080,-0.000,0.001,-0.000,0.715,-0.042,-0.696,-0.049,0.000,-0.000,-0.028,0.008,12493,12914,-79,80,40,15.880,12406,12787
131570,0.060,0.000,-0.000,0.000,0.715,-0.041,-0.696,-0.049,0.235,-0.000,-0.029,0.010,12532,12959,-81,81,40,15.870,12437,12919
131670,0.120,-0.000,-0.001,0.000,0.714,-0.042,-0.697,-0.049,0.992,-0.000,-0.025,0.008,12668,13076,-84,84,40,15.870,12437,12919
131770,-0.190,0.000,-0.000,-0.000,0.713,-0.042,-0.698,-0.049,0.000,-0.000,-0.022,0.009,12731,13152,-83,83,39,15.880,12690,13089
131870,0.160,-0.000,0.000,0.000,0.714,-0.041,-0.698,-0.050,0.000,-0.000,-0.023,0.011,12732,13157,-81,81,39,15.880,12690,13089
131970,-0.070,0.000,0.000,0.000,0.714,-0.042,-0.698,-0.049,0.000,-0.000,-0.023,0.009,12747,13152,-81,81,40,15.870,12787,13157
132070,-0.020,-0.000,-0.000,0.000,0.714,-0.042,-0.698,-0.048,0.000,-0.000,-0.003,0.007,12757,13159,-92,92,40,15.870,12787,13157
132170,-0.100,0.000,0.000,0.000,0.713,-0.042,-0.698,-0.048,0.000,-0.000,0.071,0.007,12754,13160,-142,142,40,15.880,12755,13157
132270,-0.190,0.000,0.001,-0.000,0.714,-0.042,-0.697,-0.049,0.000,-0.000,0.074,0.007,12763,13170,-105,105,40,15.880,12755,13157
132370,-0.060,-0.000,-0.000,-0.000,0.714,-0.042,-0.697,-0.049,0.000,-0.000,0.046,0.008,12754,13169,-69,70,40,15.860,12755,13123
132470,0.340,0.002,-0.002,-0.000,0.713,-0.041,-0.698,-0.048,0.000,-0.000,-0.001,0.009,12758,13175,-74,75,40,15.860,12755,13123
132570,-0.060,0.000,0.001,0.000,0.714,-0.041,-0.697,-0.050,0.000,-0.001,0.076,0.010,12755,13176,-176,176,40,15.860,12787,12987
132670,0.010,0.000,0.001,0.000,0.715,-0.042,-0.696,-0.050,0.000,-0.001,0.120,0.010,12774,13192,-146,146,40,15.860,12787,12987
132770,0.040,0.000,-0.001,-0.000,0.715,-0.042,-0.697,-0.050,0.000,-0.001,0.119,0.010,12771,13188,-112,112,41,15.860,12755,13192
132870,-0.120,0.000,0.000,-0.000,0.715,-0.041,-0.696,-0.051,0.000,-0.000,-0.016,0.012,12749,13178,-25,25,41,15.860,12755,13192
132970,0.000,0.000,0.002,0.001,0.714,-0.041,-0.697,-0.050,0.000,-0.000,-0.013,0.011,12776,13195,-75,76,41,15.860,12755,13192
133070,-0.320,-0.000,-0.001,0.000,0.715,-0.041,-0.696,-0.049,0.000,-0.000,-0.017,0.009,12786,13195,-84,84,40,15.850,12755,13227
133170,0.180,0.000,0.000,-0.000,0.715,-0.041,-0.696,-0.049,0.000,-0.000,-0.027,0.009,12781,13195,-81,81,40,15.850,12755,13227
133270,0.020,-0.000,0.001,0.000,0.715,-0.041,-0.696,-0.049,0.000,-0.000,-0.039,0.010,12789,13202,-70,71,41,15.870,12820,13227
133370,-0.070,-0.000,-0.000,0.000,0.715,-0.042,-0.696,-0.049,0.000,0.000,-0.131,0.007,12800,13197,-4,4,41,15.870,12820,13227
133470,-0.190,-0.000,-0.001,-0.000,0.714,-0.042,-0.698,-0.049,0.000,0.000,-0.144,0.007,12803,13211,-46,47,40,15.860,12820,13227
133570,0.170,0.000,0.000,-0.000,0.714,-0.042,-0.697,-0.049,0.000,-0.000,-0.025,0.009,12797,13210,-158,159,40,15.860,12820,13227
133670,0.030,-0.000,-0.001,0.001,0.717,-0.043,-0.694,-0.048,0.000,-0.000,-0.032,0.005,12817,13199,-91,91,41,15.850,12755,13192
133770,-0.050,-0.000,0.000,-0.000,0.715,-0.044,-0.697,-0.047,0.000,-0.000,-0.026,0.002,12806,13185,-84,84,41,15.850,12755,13192
133870,-0.040,-0.000,0.001,-0.000,0.715,-0.044,-0.696,-0.048,0.000,-0.000,-0.028,0.004,12784,13184,-78,79,41,15.860,12820,13192
133970,0.050,0.000,0.001,0.000,0.716,-0.043,-0.695,-0.048,0.733,-0.000,-0.031,0.005,12904,13306,-77,77,41,15.860,12820,13192
134070,-0.050,0.000,-0.000,-0.000,0.717,-0.043,-0.695,-0.048,0.922,-0.000,-0.032,0.005,13071,13465,-79,79,41,15.840,12987,13368
134170,-0.140,-0.000,0.000,-0.000,0.716,-0.043,-0.695,-0.048,0.008,-0.000,-0.030,0.006,13201,13597,-79,80,41,15.840,12987,13368
134270,-0.010,0.000,0.000,0.000,0.716,-0.042,-0.695,-0.049,0.000,-0.000,-0.030,0.007,13219,13614,-78,78,41,15.840,13227,13513
134370,0.130,-0.000,-0.000,0.000,0.716,-0.042,-0.696,-0.048,0.000,-0.000,-0.029,0.006,13212,13604,-79,79,41,15.840,13227,13513
134470,-0.260,0.000,0.000,0.000,0.716,-0.042,-0.696,-0.048,0.631,-0.000,-0.029,0.006,13286,13674,-78,78,41,15.830,13192,13661
134570,0.010,0.000,0.000,-0.000,0.716,-0.042,-0.695,-0.048,1.000,-0.000,-0.031,0.008,13468,13860,-76,76,41,15.830,13192,13661
134670,-0.050,0.000,0.001,0.000,0.717,-0.041,-0.694,-0.049,0.965,-0.000,-0.032,0.009,13611,14004,-76,76,41,15.840,13623,14005
134770,-0.280,0.000,0.000,0.000,0.718,-0.041,-0.693,-0.048,0.000,-0.000,-0.035,0.008,13627,14011,-74,75,41,15.840,13623,14005
134870,-0.260,0.000,-0.000,-0.000,0.717,-0.041,-0.694,-0.048,0.000,-0.000,-0.034,0.009,13634,14024,-76,76,41,15.840,13623,14005
134970,0.230,0.000,-0.001,0.000,0.717,-0.041,-0.695,-0.048,0.627,-0.000,-0.031,0.008,13687,14072,-78,79,41,15.850,13661,14005
135070,-0.030,-0.000,0.000,0.000,0.716,-0.041,-0.695,-0.048,1.000,-0.000,-0.030,0.008,13858,14238,-77,77,41,15.850,13661,14005
135170,0.050,-0.000,0.000,0.000,0.717,-0.041,-0.695,-0.048,0.345,-0.000,-0.032,0.008,13968,14341,-74,74,41,15.830,13812,14204
135270,0.120,-0.000,-0.000,0.000,0.717,-0.041,-0.694,-0.048,0.000,-0.000,-0.032,0.007,13978,14350,-75,75,41,15.830,13812,14204
135370,-0.090,-0.000,0.000,0.000,0.717,-0.042,-0.694,-0.048,0.906,-0.000,-0.034,0.007,14051,14418,-73,74,41,15.820,13927,14450
135470,0.000,-0.000,-0.000,-0.000,0.718,-0.042,-0.693,-0.048,1.000,-0.000,-0.035,0.006,14230,14591,-74,74,41,15.820,13927,14450
135570,-0.010,0.000,-0.000,-0.000,0.717,-0.042,-0.694,-0.048,1.000,-0.000,-0.034,0.006,14393,14753,-74,74,41,15.820,14204,14577
135670,0.060,0.000,0.001,0.000,0.718,-0.042,-0.693,-0.048,0.227,-0.000,-0.035,0.006,14454,14808,-72,73,41,15.820,14204,14577
135770,-0.350,-0.000,0.001,-0.000,0.719,-0.043,-0.692,-0.049,0.259,-0.000,-0.037,0.006,14488,14845,-71,71,41,15.810,14492,14836
135870,-0.360,0.000,-0.000,-0.000,0.719,-0.043,-0.692,-0.048,1.000,-0.000,-0.039,0.006,14671,15025,-72,72,41,15.810,14492,14836
135970,-0.240,0.000,-0.000,0.000,0.719,-0.043,-0.692,-0.049,1.000,-0.000,-0.038,0.006,14834,15185,-72,73,41,15.810,14662,15060
136070,-0.020,-0.000,0.001,0.000,0.719,-0.043,-0.692,-0.049,0.000,-0.000,-0.038,0.006,14860,15208,-71,71,41,15.810,14662,15060
136170,-0.080,0.000,-0.000,0.000,0.719,-0.043,-0.692,-0.049,0.000,-0.000,-0.038,0.006,14869,15216,-72,72,41,15.810,14836,15243
136270,-0.080,0.000,-0.000,0.000,0.719,-0.043,-0.692,-0.048,1.000,-0.000,-0.038,0.005,14979,15322,-71,71,41,15.810,14836,15243
136370,-0.100,-0.000,-0.000,-0.000,0.719,-0.042,-0.692,-0.048,1.000,-0.000,-0.038,0.006,15163,15507,-71,71,41,15.810,15060,15432
136470,0.000,0.000,-0.000,-0.000,0.718,-0.042,-0.693,-0.048,0.000,-0.000,-0.037,0.006,15244,15587,-71,71,41,15.810,15060,15432
136570,-0.070,0.000,-0.000,-0.000,0.718,-0.042,-0.693,-0.048,0.514,-0.000,-0.036,0.005,15272,15609,-71,71,41,15.790,15197,15576
136670,0.070,-0.000,0.000,-0.000,0.718,-0.042,-0.693,-0.048,1.000,-0.000,-0.036,0.006,15404,15743,-70,70,41,15.790,15197,15576
136770,-0.140,-0.000,0.001,0.000,0.719,-0.042,-0.692,-0.048,1.000,-0.000,-0.039,0.006,15581,15912,-67,67,41,15.790,15527,15772
136870,0.180,-0.000,-0.000,-0.000,0.719,-0.043,-0.692,-0.049,1.000,-0.000,-0.039,0.007,15748,16083,-69,69,41,15.790,15527,15772
136970,0.290,0.000,0.000,0.000,0.719,-0.043,-0.692,-0.050,0.682,-0.000,-0.039,0.007,15882,16212,-68,69,41,15.790,15822,16077
137070,0.100,0.000,0.001,0.000,0.720,-0.043,-0.691,-0.050,0.259,-0.000,-0.041,0.007,15947,16276,-66,66,41,15.790,15822,16077
137170,0.010,-0.000,-0.000,-0.000,0.720,-0.043,-0.691,-0.050,0.165,-0.000,-0.042,0.008,15984,16317,-67,67,41,15.790,15822,16077
137270,0.150,0.000,-0.000,0.000,0.719,-0.042,-0.691,-0.050,0.749,-0.000,-0.040,0.009,16058,16391,-68,68,41,15.790,15873,16286
137370,0.180,-0.000,0.000,-0.000,0.719,-0.042,-0.691,-0.050,0.859,-0.000,-0.040,0.009,16183,16514,-67,67,41,15.790,15873,16286
137470,-0.170,0.000,-0.000,0.000,0.720,-0.042,-0.691,-0.050,1.000,-0.000,-0.042,0.009,16339,16664,-66,66,41,15.780,16181,16447
137570,0.420,0.000,0.000,-0.000,0.720,-0.041,-0.691,-0.050,1.000,-0.000,-0.041,0.009,16483,16805,-66,66,41,15.780,16181,16447
137670,0.040,0.000,0.001,0.001,0.721,-0.042,-0.690,-0.049,1.000,-0.000,-0.044,0.008,16640,16951,-62,62,42,15.780,16501,16835
137770,-0.500,-0.000,0.001,0.000,0.723,-0.042,-0.688,-0.049,0.475,-0.000,-0.050,0.007,16743,17053,-60,60,42,15.780,16501,16835
137870,-0.030,0.000,-0.001,-0.000,0.723,-0.042,-0.688,-0.049,0.949,-0.000,-0.050,0.008,16859,17172,-65,65,42,15.760,16778,16949
137970,0.050,-0.000,0.000,-0.000,0.722,-0.041,-0.689,-0.050,0.984,-0.000,-0.047,0.009,16992,17309,-64,64,42,15.760,16778,16949
138070,-0.300,0.000,-0.000,0.000,0.722,-0.042,-0.689,-0.051,0.153,-0.000,-0.047,0.010,17077,17390,-63,63,42,15.770,17006,17301
138170,0.000,-0.000,-0.000,-0.000,0.721,-0.043,-0.690,-0.052,0.000,-0.000,-0.045,0.009,17084,17396,-64,65,42,15.770,17006,17301
138270,-0.030,0.000,-0.000,0.000,0.721,-0.044,-0.690,-0.051,0.000,-0.000,-0.045,0.008,17090,17396,-63,63,42,15.760,17123,17421
138370,0.150,-0.000,0.000,-0.000,0.721,-0.043,-0.689,-0.052,0.000,-0.000,-0.046,0.008,17084,17396,-61,61,42,15.760,17123,17421
138470,0.000,0.000,-0.001,0.000,0.721,-0.043,-0.690,-0.052,0.000,-0.000,-0.044,0.009,17094,17407,-64,64,42,15.760,17006,17361
138570,0.450,-0.000,0.001,0.000,0.721,-0.043,-0.690,-0.051,0.271,-0.000,-0.043,0.008,17092,17400,-61,61,42,15.760,17006,17361
138670,-0.150,0.000,0.000,0.000,0.721,-0.043,-0.690,-0.051,0.333,-0.000,-0.044,0.008,17143,17449,-60,61,41,15.750,17064,17301
138770,0.150,-0.000,0.000,0.000,0.721,-0.044,-0.690,-0.051,0.000,-0.000,-0.045,0.007,17169,17471,-60,60,41,15.750,17064,17301
138870,-0.180,-0.000,-0.001,0.000,0.721,-0.044,-0.690,-0.051,0.000,-0.000,-0.044,0.007,17166,17469,-61,61,41,15.750,17182,17421
138970,-0.260,-0.000,0.000,0.000,0.721,-0.044,-0.689,-0.051,0.000,-0.000,-0.046,0.007,17171,17478,-58,59,41,15.750,17182,17421
139070,0.010,-0.000,0.000,-0.000,0.722,-0.043,-0.689,-0.052,0.000,-0.000,-0.047,0.009,17179,17492,-58,58,42,15.740,17182,17605
139170,0.310,0.000,-0.001,0.000,0.721,-0.043,-0.689,-0.052,0.408,-0.000,-0.046,0.009,17213,17523,-60,60,42,15.740,17182,17605
139270,-0.130,-0.000,-0.000,0.000,0.721,-0.043,-0.690,-0.052,0.514,-0.000,-0.044,0.009,17284,17593,-59,59,42,15.730,17241,17667
139370,-0.230,0.000,0.001,0.000,0.721,-0.043,-0.689,-0.052,0.169,-0.000,-0.046,0.009,17344,17651,-56,57,42,15.730,17241,17667
139470,-0.350,0.000,0.000,-0.000,0.721,-0.043,-0.689,-0.052,0.000,-0.000,-0.046,0.009,17375,17681,-57,57,42,15.750,17482,17730
139570,-0.240,0.000,-0.000,0.000,0.721,-0.043,-0.690,-0.051,0.000,-0.000,-0.045,0.009,17370,17676,-58,58,42,15.750,17482,17730
139670,0.180,-0.000,-0.000,0.000,0.721,-0.043,-0.690,-0.051,0.996,-0.000,-0.045,0.009,17489,17791,-57,57,42,15.730,17361,17793
139770,-0.310,0.000,0.000,0.000,0.721,-0.042,-0.690,-0.051,1.000,-0.000,-0.044,0.009,17636,17935,-57,57,42,15.730,17361,17793
139870,0.170,-0.000,0.001,-0.000,0.721,-0.042,-0.689,-0.051,0.612,-0.000,-0.046,0.010,17737,18041,-54,55,42,15.730,17361,17793
139970,-0.090,0.000,-0.000,-0.000,0.721,-0.042,-0.689,-0.052,0.039,-0.000,-0.046,0.011,17749,18058,-56,56,42,15.730,17730,18050
140070,-0.060,0.000,0.000,-0.000,0.722,-0.041,-0.689,-0.052,0.251,-0.000,-0.047,0.011,17777,18085,-54,54,42,15.730,17730,18050
140170,0.300,0.000,0.000,-0.000,0.721,-0.041,-0.690,-0.052,1.000,-0.000,-0.046,0.013,17905,18216,-55,55,42,15.730,17730,18050
140270,-0.120,-0.000,-0.000,-0.000,0.721,-0.041,-0.690,-0.053,1.000,-0.000,-0.044,0.014,18028,18336,-55,56,42,15.730,17730,18050
140370,0.480,0.000,0.001,0.000,0.721,-0.041,-0.690,-0.053,0.490,-0.000,-0.045,0.013,18120,18421,-53,53,42,15.720,18050,18315
140470,0.090,0.000,0.000,0.000,0.722,-0.041,-0.689,-0.052,0.000,-0.000,-0.048,0.012,18137,18435,-51,51,42,15.720,18050,18315
140570,-0.440,0.000,-0.001,0.000,0.722,-0.041,-0.689,-0.052,0.000,-0.000,-0.048,0.012,18138,18435,-53,53,42,15.710,18115,18382
140670,0.030,-0.000,-0.000,-0.000,0.722,-0.041,-0.689,-0.052,0.404,-0.000,-0.047,0.012,18167,18467,-53,53,42,15.710,18115,18382
140770,0.150,0.000,0.000,-0.000,0.721,-0.041,-0.690,-0.052,1.000,-0.000,-0.045,0.012,18288,18587,-52,53,42,15.690,18181,18248
140870,0.260,-0.000,-0.000,0.000,0.721,-0.042,-0.690,-0.053,1.000,-0.000,-0.045,0.012,18414,18710,-52,52,42,15.690,18181,18248
140970,-0.050,-0.000,0.001,-0.000,0.722,-0.042,-0.689,-0.053,1.000,-0.000,-0.048,0.012,18539,18834,-49,49,42,15.690,18382,18796
141070,0.110,0.000,0.000,-0.000,0.723,-0.042,-0.688,-0.053,1.000,-0.000,-0.050,0.012,18680,18974,-49,49,42,15.690,18382,18796
141170,0.150,0.000,-0.000,0.000,0.722,-0.041,-0.689,-0.053,0.216,-0.000,-0.048,0.013,18755,19046,-51,51,42,15.690,18656,19011
141270,-0.050,-0.000,0.001,-0.000,0.722,-0.042,-0.688,-0.053,0.000,-0.000,-0.049,0.013,18752,19047,-48,49,42,15.690,18656,19011
141370,0.070,-0.000,0.000,-0.000,0.723,-0.041,-0.688,-0.054,0.792,-0.000,-0.050,0.015,18780,19078,-48,48,42,15.690,18656,18939
141470,-0.270,-0.000,-0.000,-0.000,0.723,-0.041,-0.688,-0.054,1.000,-0.000,-0.051,0.016,18924,19223,-48,49,42,15.690,18656,18939
141570,0.100,-0.000,-0.000,0.000,0.722,-0.041,-0.689,-0.054,1.000,-0.000,-0.048,0.015,19052,19340,-50,50,43,15.690,18867,19305
141670,0.170,0.000,0.001,0.000,0.722,-0.041,-0.688,-0.054,0.824,-0.000,-0.049,0.014,19180,19468,-47,47,43,15.690,18867,19305
141770,-0.160,0.000,0.000,0.000,0.723,-0.041,-0.688,-0.053,0.161,-0.000,-0.050,0.013,19222,19504,-47,47,43,15.690,19157,19531
141870,0.190,0.000,0.000,-0.000,0.722,-0.042,-0.688,-0.053,0.173,-0.000,-0.050,0.013,19245,19530,-46,47,43,15.690,19157,19531
141970,-0.230,0.000,-0.000,0.000,0.723,-0.042,-0.688,-0.054,1.000,-0.000,-0.050,0.013,19345,19626,-46,47,43,15.660,19305,19607
142070,0.360,-0.000,0.001,-0.000,0.723,-0.042,-0.688,-0.054,0.925,-0.000,-0.050,0.012,19475,19755,-44,45,43,15.660,19305,19607
142170,0.220,0.000,-0.000,-0.000,0.723,-0.042,-0.687,-0.054,0.239,-0.000,-0.052,0.014,19512,19797,-44,45,43,15.660,19455,19723
142270,-0.090,-0.000,-0.000,-0.000,0.723,-0.041,-0.687,-0.054,0.000,-0.000,-0.053,0.015,19516,19805,-44,45,43,15.660,19455,19723
142370,0.060,0.000,0.000,-0.000,0.723,-0.040,-0.688,-0.055,0.847,-0.000,-0.051,0.017,19576,19870,-44,45,43,15.650,19646,19801
142470,-0.390,-0.000,-0.000,0.000,0.723,-0.040,-0.688,-0.055,1.000,-0.000,-0.051,0.018,19688,19981,-44,44,43,15.650,19646,19801
142570,0.520,0.000,0.001,-0.000,0.724,-0.039,-0.686,-0.055,1.000,-0.001,-0.056,0.019,19806,20098,-39,39,43,15.650,19607,20080
142670,-0.350,0.000,0.001,0.000,0.726,-0.039,-0.684,-0.055,0.000,-0.001,-0.060,0.019,19859,20150,-38,38,43,15.650,19607,20080
142770,0.070,0.000,-0.000,0.000,0.727,-0.038,-0.683,-0.054,0.000,-0.001,-0.063,0.018,19891,20174,-40,40,43,15.650,19607,20080
142870,0.060,0.001,-0.001,0.001,0.725,-0.039,-0.686,-0.052,0.000,-0.000,-0.056,0.016,19909,20181,-45,46,43,15.650,19920,20120
142970,0.240,0.001,0.001,0.001,0.723,-0.038,-0.688,-0.048,0.000,-0.000,-0.051,0.010,19905,20160,-42,42,43,15.650,19920,20120
143070,0.100,0.000,-0.000,0.000,0.725,-0.039,-0.687,-0.047,0.000,-0.000,-0.054,0.008,19883,20138,-39,40,43,15.640,20040,20120
143170,0.030,0.000,0.000,-0.001,0.724,-0.037,-0.687,-0.046,0.000,-0.000,-0.053,0.009,19887,20156,-40,40,43,15.640,20040,20120
143270,-0.040,-0.000,0.001,-0.000,0.725,-0.037,-0.686,-0.047,0.000,-0.000,-0.055,0.011,19908,20183,-37,38,43,15.640,19960,20120
143370,0.140,-0.000,0.000,-0.000,0.725,-0.037,-0.686,-0.047,0.055,-0.000,-0.055,0.012,19914,20189,-39,39,43,15.640,19960,20120
143470,0.010,-0.000,-0.000,-0.000,0.725,-0.037,-0.686,-0.048,0.404,-0.000,-0.056,0.013,19934,20213,-39,39,43,15.630,19801,20202
143570,-0.440,0.000,0.001,0.000,0.725,-0.037,-0.686,-0.049,0.694,-0.000,-0.056,0.013,20025,20301,-36,36,43,15.630,19801,20202
143670,-0.150,-0.000,0.000,0.000,0.725,-0.037,-0.686,-0.048,1.000,-0.000,-0.057,0.012,20158,20428,-36,36,43,15.660,20080,20120
143770,0.670,0.000,0.000,-0.000,0.726,-0.037,-0.685,-0.049,0.710,-0.000,-0.058,0.013,20283,20556,-35,35,43,15.660,20080,20120
143870,0.750,-0.000,0.000,-0.000,0.727,-0.036,-0.684,-0.049,0.118,-0.000,-0.061,0.015,20313,20590,-34,34,43,15.670,20408,20408
143970,-0.010,-0.000,-0.002,-0.001,0.724,-0.034,-0.687,-0.050,0.000,-0.001,-0.055,0.020,20306,20601,-41,41,43,15.670,20408,20408
144070,0.050,-0.000,0.001,-0.000,0.723,-0.035,-0.689,-0.051,0.000,-0.000,-0.049,0.021,20309,20599,-37,38,43,15.600,20491,20040
144170,0.000,0.000,0.000,0.000,0.723,-0.035,-0.688,-0.051,0.000,-0.000,-0.050,0.020,20303,20587,-35,35,43,15.600,20491,20040
144270,0.050,0.000,0.001,0.000,0.724,-0.035,-0.687,-0.051,0.000,-0.000,-0.054,0.019,20290,20567,-31,32,43,15.650,20161,20325
144370,-0.330,0.000,-0.000,0.000,0.725,-0.036,-0.686,-0.050,0.000,-0.000,-0.057,0.017,20304,20577,-32,32,43,15.650,20161,20325
144470,-0.490,-0.000,-0.000,-0.001,0.725,-0.036,-0.686,-0.051,0.000,-0.000,-0.056,0.018,20322,20602,-33,34,43,15.620,20120,20746
144570,-0.350,0.000,-0.000,-0.000,0.725,-0.035,-0.686,-0.052,0.678,-0.001,-0.055,0.020,20384,20672,-33,33,43,15.620,20120,20746
144670,0.090,-0.000,0.001,0.000,0.725,-0.035,-0.685,-0.052,1.000,-0.001,-0.058,0.021,20498,20782,-30,30,44,15.620,20449,20533
144770,-0.210,0.000,0.000,0.001,0.726,-0.036,-0.685,-0.051,0.910,-0.001,-0.060,0.018,20632,20901,-30,30,44,15.620,20449,20533
144870,-0.180,-0.000,-0.000,0.000,0.726,-0.036,-0.685,-0.050,0.008,-0.000,-0.059,0.016,20670,20937,-30,31,44,15.590,20618,20746
144970,0.050,0.000,-0.000,-0.000,0.725,-0.036,-0.686,-0.050,0.000,-0.000,-0.057,0.017,20666,20938,-31,32,44,15.590,20618,20746
145070,-0.350,0.000,-0.000,-0.000,0.725,-0.036,-0.686,-0.050,0.000,-0.000,-0.056,0.017,20661,20934,-31,31,44,15.600,20703,20833
145170,0.070,0.001,0.000,0.000,0.725,-0.035,-0.686,-0.050,0.000,-0.000,-0.055,0.017,20658,20930,-30,30,44,15.600,20703,20833
145270,0.120,-0.000,-0.000,-0.000,0.724,-0.036,-0.687,-0.050,0.035,-0.000,-0.053,0.017,20664,20936,-31,31,44,15.600,20703,20920
145370,0.030,-0.000,-0.000,-0.000,0.723,-0.036,-0.688,-0.050,0.075,-0.000,-0.051,0.017,20672,20944,-30,31,44,15.600,20703,20920
145470,-0.030,-0.000,0.001,0.000,0.724,-0.036,-0.687,-0.050,0.090,-0.000,-0.052,0.016,20682,20953,-27,27,44,15.590,20533,21141
145570,0.180,0.000,0.000,0.000,0.724,-0.036,-0.687,-0.049,0.243,-0.000,-0.055,0.015,20711,20978,-26,27,44,15.590,20533,21141
145670,-0.300,0.000,0.000,0.000,0.725,-0.036,-0.686,-0.049,0.604,-0.000,-0.057,0.015,20769,21034,-25,26,43,15.600,20746,21008
145770,-0.190,0.000,0.000,0.000,0.725,-0.037,-0.686,-0.048,0.659,-0.000,-0.057,0.013,20849,21107,-26,26,43,15.600,20746,21008
145870,-0.180,-0.000,0.000,-0.000,0.726,-0.037,-0.685,-0.049,0.000,-0.000,-0.058,0.013,20879,21144,-25,25,43,15.600,20746,21008
145970,0.220,0.000,0.000,-0.000,0.726,-0.036,-0.685,-0.050,0.000,-0.001,-0.059,0.017,20881,21162,-25,25,44,15.560,20876,21141
146070,0.170,0.000,-0.000,0.000,0.725,-0.035,-0.686,-0.051,0.000,-0.001,-0.057,0.018,20888,21162,-26,26,44,15.560,20876,21141
146170,0.090,0.000,-0.000,0.000,0.725,-0.035,-0.686,-0.050,0.000,-0.000,-0.055,0.018,20880,21155,-25,26,44,15.570,20876,21008
146270,-0.170,-0.000,0.000,0.000,0.724,-0.035,-0.687,-0.050,0.055,-0.000,-0.054,0.018,20880,21151,-24,24,44,15.570,20876,21008
146370,-0.160,0.000,-0.000,-0.000,0.725,-0.035,-0.686,-0.049,0.478,-0.000,-0.056,0.017,20945,21208,-24,24,44,15.580,20876,21097
146470,0.270,0.000,0.000,0.000,0.725,-0.035,-0.686,-0.049,1.000,-0.000,-0.056,0.016,21030,21293,-22,22,44,15.580,20876,21097
146570,0.060,0.000,0.000,0.000,0.725,-0.036,-0.686,-0.048,0.969,-0.000,-0.056,0.014,21167,21422,-22,22,44,15.570,20964,21413
146670,0.370,0.000,0.001,0.000,0.726,-0.036,-0.685,-0.048,0.431,-0.000,-0.058,0.013,21234,21490,-20,20,44,15.570,20964,21413
146770,0.010,-0.000,0.000,-0.000,0.726,-0.036,-0.685,-0.048,0.000,-0.000,-0.059,0.014,21242,21502,-20,21,45,15.550,21413,21645
146870,0.110,-0.000,-0.000,0.000,0.726,-0.036,-0.685,-0.048,0.024,-0.000,-0.058,0.014,21246,21505,-21,22,45,15.550,21413,21645
146970,0.110,-0.000,0.000,0.001,0.726,-0.037,-0.685,-0.047,0.859,-0.000,-0.059,0.010,21332,21576,-20,20,45,15.560,21321,21321
147070,-0.090,-0.000,-0.000,0.000,0.726,-0.038,-0.685,-0.046,1.000,-0.000,-0.059,0.007,21454,21692,-19,19,45,15.560,21321,21321
147170,0.030,-0.000,-0.000,-0.000,0.725,-0.039,-0.686,-0.047,0.494,-0.000,-0.057,0.007,21571,21812,-20,20,45,15.520,21645,21786
147270,0.070,0.000,-0.000,-0.000,0.724,-0.039,-0.687,-0.047,0.000,-0.000,-0.054,0.009,21581,21829,-20,21,45,15.520,21645,21786
147370,0.220,0.000,0.000,0.000,0.725,-0.039,-0.687,-0.047,0.000,-0.000,-0.054,0.007,21576,21816,-18,19,45,15.540,21551,21834
147470,0.030,0.000,0.001,0.000,0.725,-0.040,-0.686,-0.046,0.000,-0.000,-0.056,0.005,21575,21810,-16,17,45,15.540,21551,21834
147570,-0.110,0.000,0.000,-0.000,0.725,-0.039,-0.686,-0.046,0.000,-0.000,-0.057,0.007,21573,21817,-17,17,45,15.520,21598,21645
147670,-0.400,-0.000,-0.000,-0.000,0.725,-0.039,-0.686,-0.046,0.000,-0.000,-0.056,0.007,21576,21821,-17,17,45,15.520,21598,21645
147770,0.170,-0.000,-0.000,0.000,0.725,-0.039,-0.686,-0.046,0.000,-0.000,-0.056,0.007,21580,21823,-17,17,45,15.520,21551,21786
147870,0.050,-0.000,0.000,-0.000,0.725,-0.039,-0.686,-0.046,0.000,-0.000,-0.056,0.007,21577,21822,-16,16,45,15.520,21551,21786
147970,-0.320,-0.000,-0.000,0.000,0.725,-0.039,-0.686,-0.046,0.000,-0.000,-0.055,0.007,21585,21829,-16,17,45,15.520,21551,21786
148070,0.280,-0.000,0.000,0.000,0.724,-0.039,-0.687,-0.046,0.000,-0.000,-0.054,0.007,21593,21838,-14,15,45,15.530,21321,21786
148170,0.240,-0.000,-0.000,-0.000,0.724,-0.039,-0.687,-0.047,0.000,-0.000,-0.053,0.008,21586,21834,-15,16,45,15.530,21321,21786
148270,-0.020,-0.000,0.000,-0.000,0.724,-0.038,-0.687,-0.048,0.000,-0.000,-0.053,0.010,21585,21836,-14,15,45,15.530,21598,21881
148370,0.190,-0.000,-0.000,0.000,0.724,-0.039,-0.687,-0.048,0.000,-0.000,-0.053,0.009,21583,21829,-14,14,45,15.530,21598,21881
148470,-0.210,0.000,0.000,0.000,0.724,-0.040,-0.687,-0.047,0.000,-0.000,-0.054,0.017,21518,21904,-12,12,45,15.550,21505,21834
148570,-0.300,-0.000,0.000,0.000,0.725,-0.040,-0.686,-0.045,0.000,-0.002,-0.055,0.085,21444,21980,-12,12,45,15.550,21505,21834
148670,-0.030,0.001,0.000,0.000,0.725,-0.039,-0.686,-0.044,0.000,-0.002,-0.055,0.090,21483,21945,-12,13,45,15.510,21321,22026
148770,-0.320,-0.000,0.000,0.000,0.725,-0.039,-0.686,-0.043,0.000,-0.002,-0.055,0.090,21511,21930,-11,11,45,15.510,21321,22026
148870,0.130,-0.000,-0.000,0.000,0.725,-0.040,-0.687,-0.042,0.000,-0.002,-0.054,0.073,21589,21846,-12,12,46,15.510,21645,21978
148970,0.010,-0.000,0.000,-0.001,0.724,-0.040,-0.687,-0.043,0.000,-0.001,-0.053,0.055,21568,21871,-11,12,46,15.510,21645,21978
149070,-0.210,-0.000,-0.000,-0.001,0.725,-0.040,-0.686,-0.044,0.000,-0.002,-0.054,0.077,21515,21937,-10,10,45,15.520,21598,21834
149170,0.090,0.000,-0.001,-0.000,0.724,-0.040,-0.688,-0.046,0.000,-0.003,-0.034,0.150,21390,22081,-27,27,45,15.520,21598,21834
149270,0.080,0.000,-0.000,-0.000,0.723,-0.040,-0.689,-0.047,0.000,-0.002,-0.025,0.180,21403,22067,-19,20,45,15.520,21598,21834
149370,-0.100,0.001,0.000,0.000,0.722,-0.039,-0.689,-0.046,0.000,-0.001,-0.048,0.046,21681,21789,6,-6,46,15.500,21367,21978
149470,0.340,-0.000,-0.002,-0.000,0.721,-0.039,-0.690,-0.046,0.000,-0.000,-0.044,0.008,21675,21779,-13,13,46,15.500,21367,21978
149570,-0.060,0.000,0.000,-0.001,0.719,-0.038,-0.693,-0.048,0.000,-0.000,-0.038,0.012,21738,21725,-27,27,45,15.510,21413,21739
149670,0.040,0.000,0.001,-0.001,0.718,-0.037,-0.693,-0.050,0.000,0.002,-0.026,-0.147,21913,21551,-14,15,45,15.510,21413,21739
149770,-0.040,0.000,0.000,0.000,0.719,-0.035,-0.692,-0.051,0.000,0.002,-0.029,-0.180,21896,21557,-11,11,46,15.510,21929,21505
149870,-0.050,-0.000,0.001,0.000,0.720,-0.036,-0.691,-0.050,0.000,0.003,-0.032,-0.183,21877,21580,-9,9,46,15.510,21929,21505
149970,0.150,0.000,-0.001,0.000,0.721,-0.036,-0.691,-0.049,0.000,-0.000,-0.044,0.016,21505,21946,-7,7,46,15.520,21598,21739
150070,0.170,0.000,0.000,0.000,0.719,-0.036,-0.692,-0.049,0.000,-0.000,-0.039,0.016,21597,21845,-11,11,46,15.520,21598,21739
150170,0.100,0.000,0.000,-0.000,0.719,-0.036,-0.693,-0.049,0.000,-0.000,-0.038,0.017,21629,21812,-9,10,46,15.510,21598,21834
150270,-0.090,0.000,0.000,0.000,0.719,-0.036,-0.692,-0.050,0.000,-0.000,-0.073,0.017,21638,21796,31,-30,46,15.510,21598,21834
150370,-0.040,0.000,-0.004,-0.000,0.717,-0.036,-0.695,-0.049,0.000,0.000,-0.090,0.016,21650,21797,9,-9,46,15.510,21598,21834
150470,0.060,0.001,-0.000,-0.000,0.711,-0.036,-0.700,-0.049,0.000,0.001,-0.092,0.018,21650,21805,4,-3,46,15.500,21598,21786
150570,-0.330,0.000,-0.001,0.000,0.713,-0.035,-0.699,-0.048,0.000,0.001,-0.096,0.018,21639,21795,3,-3,46,15.500,21598,21786
150670,-0.360,0.000,-0.000,0.000,0.711,-0.035,-0.700,-0.048,0.000,-0.000,-0.130,0.036,21607,21840,33,-33,46,15.510,21645,21834
150770,-0.110,-0.001,-0.005,0.000,0.707,-0.036,-0.705,-0.047,0.000,-0.001,-0.143,0.040,21621,21856,18,-17,46,15.510,21645,21834
150870,0.080,0.000,-0.001,-0.000,0.701,-0.037,-0.711,-0.048,0.000,-0.001,-0.155,0.043,21617,21862,31,-31,46,15.490,21691,21881
150970,-0.140,-0.000,-0.002,-0.000,0.701,-0.036,-0.711,-0.048,0.000,-0.000,-0.167,0.045,21618,21870,23,-23,46,15.490,21691,21881
151070,0.220,0.000,-0.001,0.000,0.696,-0.037,-0.716,-0.048,0.000,-0.000,-0.160,0.044,21625,21882,16,-15,46,15.470,21551,21691
151170,-0.180,0.001,-0.002,0.000,0.694,-0.038,-0.717,-0.048,0.000,-0.000,-0.155,0.044,21626,21892,14,-14,46,15.470,21551,21691
151270,-0.270,-0.000,-0.001,-0.000,0.690,-0.038,-0.721,-0.048,0.000,0.000,-0.113,0.045,21613,21897,-16,17,46,15.500,21413,21929
151370,-0.440,-0.000,0.006,-0.000,0.692,-0.037,-0.719,-0.048,0.000,0.000,0.036,0.018,21658,21854,-62,62,46,15.500,21413,21929
151470,0.150,0.004,0.002,0.001,0.717,-0.034,-0.695,-0.045,0.000,-0.000,-0.021,0.013,21660,21864,20,-19,46,15.500,21413,21929
151570,-0.290,-0.001,-0.003,-0.001,0.705,-0.031,-0.707,-0.043,0.000,-0.000,0.020,0.016,21641,21886,-27,27,46,15.490,21645,21834
151670,0.270,0.000,0.004,0.001,0.715,-0.032,-0.697,-0.045,0.000,-0.000,-0.008,0.018,21631,21881,14,-14,46,15.490,21645,21834
151770,0.220,-0.001,-0.002,-0.000,0.708,-0.031,-0.704,-0.044,0.000,-0.000,0.009,0.018,21634,21891,-22,22,47,15.490,21505,21929
151870,-0.040,0.001,0.002,0.000,0.712,-0.031,-0.700,-0.044,0.000,-0.001,0.044,0.017,21628,21884,-26,27,47,15.490,21505,21929
151970,-0.260,0.000,0.000,0.000,0.714,-0.032,-0.698,-0.043,0.000,-0.001,0.079,0.015,21639,21892,-31,31,47,15.480,21786,21929
152070,-0.280,-0.000,-0.000,-0.000,0.715,-0.032,-0.697,-0.043,0.000,-0.001,0.101,0.015,21634,21889,-36,36,47,15.480,21786,21929
152170,-0.040,0.000,0.000,0.000,0.715,-0.032,-0.697,-0.043,0.000,-0.001,0.130,0.014,21665,21863,-66,66,47,15.470,21551,21786
152270,-0.120,0.000,0.001,0.000,0.716,-0.031,-0.696,-0.043,0.000,-0.003,0.148,0.003,21654,21882,-28,29,47,15.470,21551,21786
152370,-0.070,0.000,-0.001,-0.000,0.716,-0.031,-0.696,-0.042,0.000,-0.002,0.135,0.004,21660,21893,-24,24,47,15.470,21551,21786
152470,0.030,-0.000,-0.001,-0.000,0.716,-0.031,-0.696,-0.042,0.000,-0.002,0.146,0.004,21653,21888,-42,42,47,15.480,21645,21881
152570,-0.120,-0.000,0.001,-0.000,0.716,-0.031,-0.696,-0.042,0.000,-0.002,0.151,0.004,21645,21881,-37,37,47,15.480,21645,21881
152670,-0.060,-0.000,0.001,0.000,0.717,-0.031,-0.695,-0.042,0.000,-0.002,0.149,0.004,21641,21877,-35,35,47,15.480,21505,21739
152770,-0.280,-0.000,0.000,0.001,0.718,-0.031,-0.694,-0.043,0.000,-0.002,0.146,0.004,21654,21889,-32,33,47,15.480,21505,21739
152870,0.120,0.000,-0.000,0.000,0.718,-0.032,-0.694,-0.042,0.000,-0.000,-0.034,0.013,21631,21900,74,-74,47,15.470,21645,21929
152970,0.000,0.003,-0.016,-0.003,0.692,-0.029,-0.720,-0.042,0.000,0.000,0.057,0.020,21641,21940,-79,80,47,15.470,21645,21929
153070,-0.520,0.003,0.025,0.003,0.702,-0.026,-0.710,-0.039,0.000,-0.001,0.102,0.016,21695,21946,-90,90,47,15.470,21598,21881
153170,0.260,0.000,-0.006,0.000,0.723,-0.023,-0.690,-0.031,0.000,-0.001,0.083,0.010,21660,21895,-18,18,47,15.470,21598,21881
153270,-0.030,-0.001,-0.008,-0.002,0.712,-0.022,-0.701,-0.032,0.000,-0.000,-0.016,0.014,21640,21906,2,-2,47,15.470,21598,21881
153370,-0.250,-0.001,0.009,0.001,0.704,-0.023,-0.709,-0.036,0.000,0.000,0.007,0.019,21663,21934,-7,7,47,15.470,21739,21978
153470,-0.300,0.000,-0.005,0.001,0.717,-0.024,-0.696,-0.034,0.000,-0.000,-0.030,0.013,21676,21917,-4,4,47,15.470,21739,21978
153570,0.370,0.000,0.002,0.000,0.708,-0.025,-0.705,-0.033,0.000,-0.000,-0.004,0.011,21686,21929,1,0,47,15.460,21786,21978
153670,0.100,0.000,-0.003,0.001,0.713,-0.026,-0.700,-0.033,0.000,-0.001,-0.102,0.028,21644,21967,68,-68,47,15.460,21786,21978
153770,-0.680,-0.000,-0.010,-0.001,0.702,-0.026,-0.711,-0.033,0.000,-0.000,-0.106,0.029,21661,21969,0,0,47,15.450,21459,21834
153870,-0.140,-0.000,0.006,-0.000,0.692,-0.025,-0.720,-0.034,0.000,-0.000,-0.088,0.045,21644,21993,7,-7,47,15.450,21459,21834
153970,0.120,-0.000,-0.006,0.000,0.697,-0.025,-0.716,-0.034,0.000,-0.000,-0.099,0.043,21639,21955,-87,88,47,15.450,21459,21834
154070,0.220,0.000,0.010,0.001,0.694,-0.026,-0.719,-0.033,0.000,0.000,0.035,0.011,21708,21878,-75,76,47,15.470,21739,21929
154170,-0.100,0.001,-0.001,0.000,0.708,-0.026,-0.705,-0.030,0.000,-0.000,-0.005,0.006,21676,21877,-10,10,47,15.470,21739,21929
154270,0.170,-0.001,-0.001,-0.001,0.699,-0.026,-0.714,-0.031,0.000,0.000,0.020,0.008,21666,21902,-27,27,48,15.470,21739,21834
154370,-0.050,0.000,-0.001,0.001,0.701,-0.026,-0.712,-0.032,0.000,0.000,0.015,0.010,21648,21892,-15,16,48,15.470,21739,21834
154470,-0.440,0.000,0.000,0.000,0.700,-0.027,-0.713,-0.031,0.141,0.000,0.018,0.007,21667,21906,-16,16,48,15.480,21691,21834
154570,-0.180,0.000,-0.000,-0.000,0.700,-0.026,-0.713,-0.032,0.443,0.000,0.017,0.009,21703,21953,-15,16,48,15.480,21691,21834
154670,-0.150,-0.000,-0.000,-0.000,0.700,-0.025,-0.713,-0.033,0.604,0.000,0.018,0.011,21766,22019,-16,17,48,15.480,21691,21834
154770,0.200,-0.000,0.000,0.000,0.700,-0.025,-0.713,-0.032,0.004,0.000,0.018,0.010,21771,22017,-15,15,48,15.420,21786,22075
154870,0.030,0.000,0.000,-0.000,0.701,-0.025,-0.712,-0.031,0.000,0.000,0.016,0.010,21770,22016,-14,15,48,15.420,21786,22075
154970,-0.570,0.000,0.000,0.000,0.701,-0.024,-0.712,-0.031,0.000,0.000,0.015,0.010,21767,22015,-15,16,48,15.440,21598,22026
155070,0.020,0.000,0.001,0.000,0.702,-0.024,-0.712,-0.030,0.000,0.000,0.014,0.008,21771,22010,-14,15,48,15.440,21598,22026
155170,-0.270,-0.000,-0.000,0.000,0.702,-0.024,-0.711,-0.030,0.000,0.000,0.012,0.008,21770,22013,-15,15,48,15.440,21786,21978
155270,0.630,-0.000,-0.000,-0.000,0.702,-0.024,-0.711,-0.030,0.000,0.000,0.012,0.008,21784,22028,-15,16,48,15.440,21786,21978
155370,-0.010,0.000,0.000,0.000,0.702,-0.024,-0.711,-0.030,0.000,0.000,0.012,0.010,21789,22036,-16,16,48,15.440,21786,21978
155470,-0.260,-0.000,0.000,-0.000,0.702,-0.024,-0.711,-0.030,0.000,0.000,0.011,0.009,21790,22035,-15,15,48,15.430,21691,22075
155570,0.180,0.000,0.001,-0.000,0.703,-0.024,-0.710,-0.031,-0.216,0.000,0.009,0.010,21771,22017,-14,14,48,15.430,21691,22075
155670,-0.190,-0.000,-0.000,0.000,0.704,-0.024,-0.710,-0.031,-0.624,0.000,0.008,0.010,21704,21951,-15,15,48,15.450,21834,22123
155770,-0.430,-0.001,-0.000,0.000,0.703,-0.025,-0.710,-0.031,-0.835,0.000,0.009,0.009,21643,21887,-16,16,48,15.450,21834,22123
155870,0.030,-0.000,-0.001,-0.000,0.703,-0.025,-0.710,-0.031,-1.000,0.000,0.010,0.009,21536,21782,-17,17,48,15.450,21834,22123
155970,-0.290,-0.000,-0.000,-0.001,0.702,-0.024,-0.711,-0.031,-1.000,0.000,0.012,0.010,21414,21670,-17,17,48,15.430,21459,21834
156070,-0.210,-0.000,-0.000,-0.000,0.702,-0.024,-0.711,-0.033,-1.000,0.000,0.012,0.013,21287,21551,-16,17,48,15.430,21459,21834
156170,0.360,0.000,0.001,0.000,0.702,-0.024,-0.711,-0.033,-1.000,0.000,0.011,0.013,21180,21439,-15,15,48,15.460,21321,21459
156270,-0.640,0.001,-0.000,-0.000,0.703,-0.024,-0.710,-0.032,-1.000,0.000,0.008,0.012,21090,21349,-15,15,48,15.460,21321,21459
156370,-0.040,0.000,0.000,-0.000,0.704,-0.023,-0.709,-0.032,-1.000,0.000,0.008,0.012,20960,21221,-15,16,48,15.460,20964,21413
156470,0.090,0.000,-0.000,-0.000,0.703,-0.023,-0.710,-0.032,-1.000,0.000,0.008,0.013,20841,21105,-17,17,48,15.460,20964,21413
156570,0.050,-0.000,-0.000,-0.000,0.703,-0.022,-0.710,-0.032,-1.000,0.000,0.010,0.015,20718,20991,-17,17,48,15.460,20964,21413
156670,-0.170,-0.000,-0.001,0.000,0.702,-0.022,-0.711,-0.032,-1.000,0.000,0.013,0.015,20587,20858,-19,19,48,15.470,20746,21008
156770,-0.060,-0.000,-0.000,-0.000,0.701,-0.022,-0.712,-0.032,-1.000,0.000,0.014,0.014,20478,20745,-18,18,48,15.470,20746,21008
156870,-0.050,-0.000,0.000,-0.000,0.702,-0.022,-0.711,-0.033,-1.000,0.000,0.013,0.015,20353,20630,-17,17,48,15.480,20533,20618
156970,-0.720,-0.000,-0.001,-0.000,0.701,-0.022,-0.712,-0.033,-1.000,0.000,0.014,0.016,20205,20485,-19,19,48,15.480,20533,20618
157070,-0.390,0.000,-0.000,0.000,0.700,-0.022,-0.713,-0.032,-1.000,0.000,0.018,0.015,20074,20350,-21,21,48,15.480,20533,20618
157170,0.120,-0.000,0.000,0.000,0.700,-0.023,-0.713,-0.032,-1.000,0.000,0.019,0.014,19940,20210,-19,19,49,15.480,20080,20161
157270,-0.050,0.000,-0.000,-0.000,0.699,-0.023,-0.714,-0.031,-1.000,0.000,0.020,0.013,19808,20082,-20,20,49,15.480,20080,20161
157370,0.030,0.000,-0.000,-0.000,0.699,-0.023,-0.714,-0.031,-1.000,0.000,0.021,0.013,19673,19953,-21,21,48,15.490,19685,20080
157470,-0.250,0.000,0.000,0.000,0.699,-0.023,-0.714,-0.032,-1.000,0.000,0.021,0.014,19538,19820,-19,19,48,15.490,19685,20080
157570,-0.210,0.000,0.000,0.000,0.699,-0.023,-0.714,-0.032,-1.000,0.000,0.020,0.013,19417,19700,-19,19,48,15.490,19685,20080
157670,0.280,-0.000,-0.000,-0.000,0.699,-0.023,-0.714,-0.032,-1.000,0.000,0.020,0.015,19305,19594,-20,20,49,15.500,19379,19646
157770,0.120,-0.000,-0.001,0.000,0.698,-0.023,-0.715,-0.032,-1.000,0.000,0.023,0.014,19176,19462,-23,23,49,15.500,19379,19646
157870,0.070,0.000,0.000,0.000,0.698,-0.023,-0.715,-0.031,-1.000,0.000,0.024,0.013,19047,19334,-21,21,49,15.500,19083,19455
157970,0.320,0.000,0.001,-0.000,0.698,-0.022,-0.715,-0.031,-1.000,0.000,0.024,0.013,18904,19197,-20,21,49,15.500,19083,19455
158070,0.110,0.000,0.000,-0.000,0.699,-0.021,-0.714,-0.031,-1.000,0.000,0.021,0.015,18766,19067,-19,19,49,15.500,19083,19455
158170,0.100,0.000,0.000,0.000,0.699,-0.021,-0.714,-0.030,-1.000,0.000,0.020,0.014,18641,18935,-20,20,49,15.520,18726,19157
158270,0.200,0.000,0.000,-0.000,0.700,-0.021,-0.713,-0.030,-1.000,0.000,0.018,0.014,18512,18808,-19,20,49,15.520,18726,19157
158370,0.010,0.000,-0.000,-0.000,0.700,-0.020,-0.713,-0.030,-1.000,0.000,0.019,0.015,18365,18671,-21,21,49,15.520,18518,18656
158470,0.120,-0.000,0.000,-0.000,0.700,-0.020,-0.714,-0.031,-1.000,0.000,0.019,0.016,18231,18540,-21,22,49,15.520,18518,18656
158570,-0.410,-0.000,0.001,-0.000,0.700,-0.019,-0.714,-0.031,-1.000,0.000,0.019,0.017,18082,18398,-21,21,49,15.520,18518,18656
158670,-0.020,0.000,0.000,-0.000,0.700,-0.019,-0.713,-0.031,-1.000,0.000,0.017,0.017,17952,18268,-20,20,48,15.520,17985,18382
158770,-0.280,-0.000,-0.000,-0.000,0.700,-0.018,-0.714,-0.031,-1.000,0.000,0.019,0.019,17799,18125,-23,23,48,15.520,17985,18382
158870,0.020,0.000,0.000,0.000,0.699,-0.018,-0.714,-0.032,-1.000,0.000,0.021,0.021,17645,17977,-23,23,49,15.540,17730,17985
158970,0.190,-0.000,0.001,0.000,0.700,-0.018,-0.713,-0.032,-1.000,0.000,0.019,0.020,17512,17839,-20,21,49,15.540,17730,17985
159070,-0.060,-0.000,-0.000,0.000,0.700,-0.018,-0.713,-0.032,-1.000,0.000,0.017,0.020,17378,17708,-21,21,49,15.540,17730,17985
159170,-0.170,-0.000,-0.000,-0.000,0.700,-0.017,-0.713,-0.031,-1.000,0.000,0.018,0.020,17253,17589,-23,23,49,15.550,17421,17730
159270,0.130,-0.000,-0.000,0.000,0.699,-0.017,-0.714,-0.032,-1.000,0.000,0.021,0.022,17090,17431,-24,25,49,15.550,17421,17730
159370,-0.090,-0.000,-0.001,0.001,0.699,-0.017,-0.714,-0.031,-1.000,0.000,0.022,0.020,16944,17274,-24,24,48,15.550,17123,17421
159470,-0.140,0.000,-0.000,0.000,0.698,-0.018,-0.715,-0.030,-1.000,0.000,0.024,0.017,16800,17126,-24,25,48,15.550,17123,17421
159570,0.180,0.000,-0.000,-0.000,0.697,-0.018,-0.716,-0.030,-1.000,0.000,0.026,0.017,16645,16982,-26,26,48,15.550,17123,17421
159670,-0.110,0.000,-0.000,0.000,0.697,-0.018,-0.716,-0.030,-1.000,0.000,0.026,0.017,16501,16840,-24,25,48,15.570,16778,17006
159770,0.030,0.000,0.000,0.000,0.697,-0.018,-0.716,-0.029,-1.000,0.000,0.026,0.016,16347,16686,-24,25,48,15.570,16778,17006
159870,-0.080,-0.000,0.001,0.000,0.699,-0.019,-0.714,-0.029,-1.000,0.000,0.020,0.016,16203,16544,-20,20,49,15.580,16286,16611
159970,-0.210,0.000,0.000,0.000,0.700,-0.019,-0.713,-0.029,-1.000,0.000,0.017,0.015,16055,16400,-21,21,49,15.580,16286,16611
160070,0.070,-0.000,-0.000,0.000,0.701,-0.019,-0.712,-0.029,-1.000,0.000,0.015,0.015,15896,16245,-22,23,49,15.580,16286,16611
160170,0.140,0.000,-0.000,0.000,0.700,-0.019,-0.713,-0.029,-1.000,0.000,0.019,0.015,15741,16093,-26,26,49,15.580,15873,16339
160270,0.280,-0.000,0.000,0.000,0.700,-0.019,-0.714,-0.028,-1.000,0.000,0.019,0.014,15574,15922,-25,25,49,15.580,15873,16339
160370,-0.210,0.000,0.000,-0.000,0.700,-0.019,-0.713,-0.028,-1.000,0.000,0.018,0.014,15392,15748,-24,24,49,15.590,15479,15723
160470,-0.150,-0.000,-0.000,-0.000,0.701,-0.018,-0.713,-0.029,-1.000,0.000,0.016,0.015,15222,15590,-24,24,49,15.590,15479,15723
160570,0.000,-0.000,0.000,0.000,0.700,-0.018,-0.714,-0.029,-1.000,0.000,0.019,0.015,15055,15424,-26,26,49,15.590,15479,15723
160670,-0.220,-0.000,-0.000,0.000,0.699,-0.018,-0.714,-0.029,-1.000,0.000,0.020,0.015,14884,15257,-26,26,49,15.600,15060,15384
160770,-0.150,0.000,-0.000,-0.000,0.699,-0.018,-0.714,-0.029,-1.000,0.000,0.020,0.016,14721,15099,-26,26,49,15.600,15060,15384
160870,-0.170,-0.000,0.000,-0.000,0.700,-0.018,-0.714,-0.029,-1.000,0.000,0.020,0.016,14549,14931,-25,25,49,15.600,15060,15384
160970,-0.150,-0.000,-0.000,0.000,0.699,-0.018,-0.714,-0.029,-1.000,0.000,0.020,0.015,14384,14769,-26,26,49,15.600,14534,14970
161070,-0.130,-0.000,-0.000,0.000,0.699,-0.018,-0.715,-0.029,-1.000,0.000,0.022,0.015,14210,14600,-28,28,49,15.600,14534,14970
161170,-0.110,0.000,0.000,0.000,0.699,-0.018,-0.715,-0.029,-1.000,0.000,0.022,0.016,14042,14436,-26,27,49,15.650,13966,14450
161270,-0.030,-0.000,0.001,-0.000,0.699,-0.018,-0.714,-0.028,-1.000,0.000,0.020,0.015,13861,14259,-24,24,49,15.650,13966,14450
161370,-0.020,-0.000,0.001,-0.000,0.701,-0.017,-0.712,-0.029,-1.000,0.000,0.015,0.017,13673,14091,-22,23,49,15.650,13966,14450
161470,0.080,-0.000,-0.001,-0.000,0.701,-0.017,-0.713,-0.030,-1.000,0.000,0.016,0.020,13492,13923,-27,28,49,15.630,13661,14005
161570,0.220,-0.000,0.000,0.000,0.701,-0.017,-0.713,-0.030,-1.000,0.000,0.017,0.019,13303,13731,-26,27,49,15.630,13661,14005
161670,0.100,0.000,0.000,0.000,0.700,-0.017,-0.713,-0.030,-1.000,0.000,0.017,0.019,13108,13539,-26,27,49,15.620,13192,13586
161770,0.270,-0.000,0.001,-0.000,0.701,-0.017,-0.712,-0.030,-1.000,0.000,0.014,0.019,12908,13352,-24,24,49,15.620,13192,13586
161870,-0.130,0.000,0.000,-0.000,0.702,-0.017,-0.711,-0.032,-1.000,0.000,0.011,0.022,12711,13177,-24,24,49,15.620,13192,13586
161970,-0.120,0.000,-0.000,-0.001,0.702,-0.016,-0.711,-0.033,-1.000,0.000,0.012,0.025,12544,13029,-26,26,48,15.630,12658,13123
162070,0.280,0.000,-0.001,-0.001,0.701,-0.015,-0.712,-0.034,-1.000,0.000,0.014,0.028,12341,12840,-28,28,48,15.630,12658,13123
162170,0.060,-0.001,-0.000,0.000,0.701,-0.016,-0.712,-0.035,-1.000,0.000,0.016,0.028,12128,12623,-28,28,49,15.620,12254,12722
162270,0.010,0.000,0.000,0.000,0.701,-0.017,-0.712,-0.035,-1.000,0.000,0.016,0.025,11946,12433,-27,27,49,15.620,12254,12722
162370,0.020,0.000,-0.000,0.000,0.700,-0.018,-0.713,-0.033,-1.000,0.000,0.018,0.023,11731,12212,-29,30,49,15.620,12254,12722
162470,0.030,-0.001,0.001,0.000,0.701,-0.018,-0.713,-0.034,-1.000,0.000,0.016,0.023,11480,11982,-26,26,49,15.640,11709,12254
162570,-0.130,-0.001,0.000,-0.000,0.701,-0.020,-0.712,-0.036,-1.000,0.000,0.013,0.024,11272,11795,-25,26,49,15.640,11709,12254
162670,0.200,-0.001,0.001,-0.000,0.701,-0.021,-0.711,-0.039,-1.000,0.000,0.013,0.027,11055,11606,-26,26,48,15.660,11210,11709
162770,0.000,-0.001,-0.000,0.001,0.702,-0.023,-0.711,-0.041,-1.000,0.000,0.012,0.025,10853,11379,-27,28,48,15.660,11210,11709
162870,-0.150,0.000,0.000,0.001,0.702,-0.026,-0.711,-0.037,-1.000,0.000,0.012,0.016,10669,11150,-27,27,48,15.660,11210,11709
162970,-0.130,0.000,-0.000,0.000,0.701,-0.027,-0.711,-0.036,-1.000,0.000,0.013,0.013,10429,10920,-29,29,49,15.670,10706,11210
163070,-0.030,0.001,-0.001,0.001,0.701,-0.028,-0.712,-0.034,-1.000,0.000,0.015,0.010,10204,10692,-29,29,49,15.670,10706,11210
163170,0.030,-0.000,-0.000,-0.001,0.700,-0.028,-0.713,-0.033,-1.000,0.000,0.018,0.008,9928,10439,-30,30,49,15.680,10080,10570
163270,0.140,-0.001,0.001,-0.002,0.700,-0.027,-0.713,-0.035,-1.000,0.000,0.019,0.013,9630,10217,-28,29,49,15.680,10080,10570
163370,-0.370,-0.000,0.001,-0.001,0.701,-0.024,-0.712,-0.039,-1.000,0.000,0.015,0.022,9354,10008,-26,27,49,15.680,10080,10570
163470,-0.260,0.000,-0.002,0.000,0.700,-0.024,-0.712,-0.041,-0.341,0.000,0.016,0.025,9255,9906,-31,31,48,15.690,9433,10040
163570,0.180,0.001,0.000,-0.000,0.698,-0.023,-0.715,-0.039,0.000,0.000,0.022,0.023,9262,9890,-32,32,48,15.690,9433,10040
163670,0.000,0.001,0.000,-0.001,0.699,-0.020,-0.714,-0.039,0.000,0.000,0.019,0.027,9211,9880,-28,29,48,15.680,9259,9881
163770,-0.340,0.001,0.000,-0.000,0.699,-0.016,-0.714,-0.038,0.000,0.000,0.019,0.033,9220,9910,-29,30,48,15.680,9259,9881
163870,0.120,0.000,0.001,0.001,0.699,-0.013,-0.714,-0.038,0.000,0.000,0.019,0.036,9231,9937,-29,29,48,15.690,9225,9920
163970,0.000,0.000,-0.002,0.001,0.699,-0.013,-0.714,-0.037,-0.510,0.000,0.019,0.034,9204,9863,-33,34,48,15.690,9225,9920
164070,0.310,-0.001,-0.001,0.001,0.696,-0.016,-0.717,-0.036,-0.318,0.000,0.029,0.028,9131,9749,-37,37,48,15.690,9225,9920
164170,0.440,-0.001,-0.000,0.000,0.694,-0.020,-0.718,-0.037,0.000,0.000,0.033,0.025,9104,9725,-35,35,48,15.690,9124,9765
164270,-0.190,0.000,0.000,0.000,0.695,-0.021,-0.718,-0.037,0.000,0.000,0.033,0.025,9058,9681,-33,33,48,15.690,9124,9765
164370,0.060,0.000,0.001,0.000,0.695,-0.021,-0.718,-0.036,-0.200,0.000,0.031,0.022,9018,9634,-32,32,49,15.700,9090,9689
164470,-0.300,0.000,0.000,0.000,0.696,-0.021,-0.717,-0.035,-0.200,0.000,0.030,0.021,8988,9604,-33,33,49,15.700,9090,9689
164570,0.220,0.000,0.000,-0.000,0.696,-0.021,-0.717,-0.035,-0.200,0.000,0.028,0.021,8937,9569,-32,32,49,15.700,9090,9689
164670,0.000,-0.000,0.000,-0.000,0.696,-0.020,-0.716,-0.035,-0.200,0.000,0.027,0.023,8866,9519,-32,32,48,15.730,8928,9578
164770,0.070,0.000,0.001,0.000,0.697,-0.019,-0.715,-0.035,-0.200,0.000,0.025,0.023,8798,9451,-30,31,48,15.730,8928,9578
164870,0.020,-0.001,-0.004,0.000,0.698,-0.019,-0.715,-0.035,-0.200,0.000,0.024,0.023,8880,9521,-40,40,48,15.750,756,887
164970,0.040,-0.000,-0.000,0.000,0.695,-0.020,-0.718,-0.035,-0.200,0.000,0.032,0.023,8812,9457,-37,37,48,15.750,756,887
165070,0.080,-0.000,-0.001,-0.000,0.694,-0.020,-0.719,-0.035,-0.200,0.000,0.035,0.023,8712,9368,-38,38,48,15.750,756,887
165170,0.050,-0.000,0.000,-0.000,0.693,-0.020,-0.719,-0.037,-0.200,0.000,0.035,0.025,8630,9312,-36,36,48,15.740,305,305
165270,-0.060,-0.001,-0.001,0.000,0.693,-0.021,-0.720,-0.038,-0.200,0.000,0.037,0.025,8588,9266,-38,38,48,15.740,305,305
165370,0.040,-0.000,-0.001,0.000,0.693,-0.022,-0.720,-0.039,-0.200,0.000,0.037,0.025,8530,9207,-38,38,48,15.740,305,305
165470,-0.080,0.000,0.000,-0.000,0.692,-0.022,-0.721,-0.039,-0.200,0.001,0.040,0.025,8471,9157,-38,39,48,15.740,305,305
165570,0.030,0.001,0.000,-0.000,0.692,-0.021,-0.721,-0.038,-0.200,0.001,0.040,0.026,8416,9106,-38,38,48,15.740,305,305
165670,0.020,0.001,0.000,-0.001,0.692,-0.019,-0.720,-0.038,-0.200,0.001,0.038,0.028,8332,9059,-36,37,48,15.740,305,305
165770,-0.070,0.000,0.000,-0.000,0.693,-0.016,-0.719,-0.038,-0.200,0.001,0.036,0.033,8262,9028,-36,36,48,15.740,305,305
165870,-0.010,-0.000,-0.001,0.001,0.694,-0.015,-0.719,-0.039,-0.200,0.001,0.034,0.036,8219,8986,-38,38,48,15.740,305,305
165970,0.050,-0.000,0.000,0.001,0.692,-0.016,-0.720,-0.039,-0.200,0.001,0.039,0.033,8181,8911,-40,41,48,15.740,305,305
166070,0.050,-0.000,-0.000,0.000,0.692,-0.018,-0.721,-0.039,-0.200,0.001,0.039,0.031,8113,8834,-40,41,48,15.750,305,305
166170,0.000,0.000,0.000,0.001,0.693,-0.019,-0.720,-0.038,-0.200,0.001,0.037,0.028,8055,8758,-38,38,48,15.750,305,305
166270,0.070,0.000,0.000,0.001,0.693,-0.021,-0.719,-0.035,-0.200,0.000,0.036,0.022,8011,8671,-39,39,48,15.750,305,305
166370,-0.030,0.000,0.001,0.000,0.694,-0.022,-0.719,-0.034,-0.200,0.000,0.034,0.018,7952,8614,-37,37,48,15.750,305,305
166470,0.000,0.001,0.001,0.001,0.696,-0.023,-0.717,-0.031,-0.200,0.000,0.029,0.013,7924,8554,-36,36,48,15.750,305,305
166570,0.000,0.000,0.002,0.001,0.698,-0.023,-0.715,-0.028,-0.200,0.000,0.024,0.008,7886,8491,-33,33,48,15.740,305,305
166670,0.060,0.001,0.002,0.001,0.702,-0.023,-0.711,-0.026,-0.200,0.000,0.013,0.004,7809,8405,-29,29,48,15.740,305,305
166770,-0.120,0.000,0.000,0.001,0.704,-0.025,-0.710,-0.022,-0.200,-0.000,0.008,-0.003,7792,8335,-34,34,48,15.740,305,305
166870,-0.150,-0.002,0.001,-0.001,0.705,-0.027,-0.708,-0.022,-0.200,-0.000,0.004,-0.006,7774,8330,-32,32,48,15.740,305,305
166970,-0.060,-0.001,0.002,-0.001,0.708,-0.028,-0.705,-0.026,-0.200,0.000,-0.004,-0.002,7704,8325,-28,28,48,15.740,305,305
167070,0.100,-0.000,0.001,-0.001,0.712,-0.026,-0.701,-0.030,-0.200,-0.000,-0.015,0.005,7577,8282,-27,27,48,15.740,305,305
167170,0.180,-0.000,0.000,0.000,0.712,-0.025,-0.701,-0.032,-0.200,-0.000,-0.015,0.010,7456,8176,-32,32,48,15.740,305,305
167270,-0.060,-0.000,0.001,0.001,0.712,-0.027,-0.701,-0.031,-0.200,-0.000,-0.015,0.004,7430,8072,-31,31,48,15.740,305,305
167370,-0.130,-0.000,-0.001,-0.001,0.712,-0.028,-0.701,-0.031,-0.200,-0.000,-0.016,0.003,7404,8066,-34,34,48,15.740,305,305
167470,0.070,-0.000,-0.001,-0.000,0.710,-0.027,-0.703,-0.032,-0.200,-0.000,-0.009,0.006,7323,8018,-38,38,48,15.740,305,305
167570,0.130,0.000,-0.000,0.000,0.709,-0.028,-0.704,-0.032,-0.200,-0.000,-0.006,0.005,7218,7903,-35,35,48,15.750,305,305
167670,0.050,0.000,0.001,0.000,0.708,-0.028,-0.705,-0.030,-0.200,-0.000,-0.005,0.003,7134,7809,-33,33,48,15.750,305,305
167770,-0.140,0.000,0.001,-0.000,0.708,-0.028,-0.705,-0.031,-0.200,-0.000,-0.005,0.004,7079,7781,-33,34,48,15.750,305,305
167870,-0.050,-0.000,0.000,-0.000,0.709,-0.027,-0.704,-0.032,-0.200,-0.000,-0.009,0.006,6992,7720,-31,31,48,15.780,305,305
167970,-0.020,-0.000,-0.000,0.000,0.709,-0.027,-0.703,-0.033,-0.200,-0.000,-0.009,0.008,6920,7658,-33,33,48,15.780,305,305
168070,-0.100,0.000,-0.002,0.000,0.708,-0.028,-0.704,-0.032,-0.200,-0.000,-0.006,0.005,6882,7590,-37,37,48,15.780,305,305
168170,-0.040,0.000,-0.000,-0.000,0.708,-0.027,-0.706,-0.030,-0.200,-0.000,-0.003,0.004,6826,7539,-35,35,48,15.780,305,305
168270,0.100,0.000,-0.001,0.000,0.706,-0.027,-0.707,-0.030,-0.200,0.000,0.001,0.005,6735,7462,-37,37,48,15.780,305,305
168370,0.060,0.001,-0.002,0.000,0.704,-0.026,-0.709,-0.027,-0.200,0.000,0.008,0.002,6647,7346,-41,41,48,15.780,305,305
168470,-0.050,0.000,-0.000,0.000,0.703,-0.025,-0.710,-0.025,-0.200,0.000,0.011,0.001,6572,7287,-37,37,48,15.780,305,305
168570,-0.140,0.000,-0.001,0.000,0.702,-0.026,-0.711,-0.025,-0.200,-0.000,0.013,-0.001,6531,7241,-39,39,48,15.770,305,305
168670,0.000,-0.000,-0.001,0.000,0.701,-0.026,-0.713,-0.024,-0.200,-0.000,0.017,-0.002,6477,7176,-41,41,48,15.770,305,305
168770,0.090,0.000,0.000,0.000,0.698,-0.027,-0.715,-0.024,-0.200,-0.000,0.023,-0.004,6373,7072,-41,42,48,15.770,305,305
168870,0.080,-0.000,0.000,0.000,0.699,-0.026,-0.714,-0.022,-0.200,-0.000,0.022,-0.005,6268,6962,-37,38,47,15.780,305,305
168970,-0.140,-0.001,0.000,0.001,0.698,-0.030,-0.715,-0.022,-0.200,-0.000,0.024,-0.011,6253,6885,-39,40,47,15.780,305,305
169070,0.000,-0.000,-0.003,0.001,0.698,-0.034,-0.715,-0.022,-0.200,-0.000,0.026,-0.016,6189,6781,-43,44,47,15.780,305,305
169170,-0.180,0.001,0.001,0.001,0.696,-0.036,-0.717,-0.020,-0.200,-0.000,0.030,-0.020,6163,6715,-39,39,47,15.780,305,305
169270,0.010,0.001,-0.000,-0.000,0.697,-0.035,-0.716,-0.020,-0.200,-0.000,0.028,-0.020,6067,6646,-39,40,47,15.780,305,305
169370,0.070,0.001,-0.001,-0.002,0.697,-0.030,-0.716,-0.019,-0.200,-0.000,0.028,-0.013,5895,6586,-41,42,47,15.770,305,305
169470,-0.170,0.000,0.002,-0.001,0.698,-0.026,-0.716,-0.020,-0.200,-0.000,0.026,-0.008,5834,6554,-36,37,47,15.770,305,305
169570,-0.310,-0.002,-0.008,-0.002,0.691,-0.027,-0.722,-0.020,-0.200,-0.000,0.044,-0.008,5788,6502,-64,64,47,15.780,305,305
169670,0.120,-0.002,-0.007,-0.004,0.677,-0.024,-0.735,-0.030,-0.200,0.000,0.081,0.012,5587,6567,-74,74,47,15.780,305,305
169770,0.210,-0.001,0.003,0.003,0.668,-0.021,-0.743,-0.035,-0.200,0.001,0.106,0.024,5453,6448,-61,62,47,15.780,305,305
169870,0.170,0.003,-0.003,0.005,0.672,-0.027,-0.739,-0.027,-0.200,0.000,0.095,0.003,5401,6066,-56,56,47,15.780,305,305
169970,0.370,0.002,0.003,0.008,0.668,-0.030,-0.743,-0.009,-0.200,-0.001,0.107,-0.027,5484,5727,-57,57,47,15.780,305,305
170070,-0.070,-0.001,-0.003,0.005,0.670,-0.049,-0.741,0.008,-0.200,-0.004,0.103,-0.077,5751,5442,-62,62,47,15.780,305,305
170170,-0.020,-0.001,-0.002,-0.004,0.667,-0.053,-0.743,0.008,-0.200,-0.005,0.111,-0.083,5599,5537,-64,64,47,15.780,305,305
170270,0.290,-0.001,0.001,-0.004,0.666,-0.046,-0.744,-0.002,-0.200,-0.003,0.112,-0.059,5247,5566,-59,59,47,15.780,305,305
170370,0.030,-0.001,-0.000,-0.003,0.668,-0.043,-0.743,-0.010,-0.200,-0.002,0.108,-0.042,5033,5469,-58,58,47,15.770,305,305
170470,-0.080,-0.002,-0.005,-0.002,0.659,-0.040,-0.751,-0.019,-0.200,-0.002,0.132,-0.025,4896,5467,-82,82,47,15.770,305,305
170570,-0.040,-0.001,-0.000,0.003,0.654,-0.044,-0.755,-0.020,-0.200,-0.002,0.143,-0.027,4981,5266,-73,74,47,15.790,305,305
170670,-0.100,-0.001,-0.000,0.000,0.653,-0.052,-0.755,-0.018,-0.200,-0.003,0.146,-0.041,4971,5044,-72,73,47,15.790,305,305
170770,0.040,0.000,-0.000,-0.003,0.652,-0.050,-0.757,-0.019,-0.200,-0.003,0.150,-0.037,4755,4946,-74,74,47,15.790,305,305
170870,-0.030,0.002,0.003,-0.000,0.657,-0.044,-0.753,-0.020,-0.200,-0.002,0.137,-0.027,4625,4884,-61,62,46,15.790,305,305
170970,-0.030,0.002,0.001,-0.001,0.658,-0.039,-0.752,-0.017,-0.200,-0.002,0.134,-0.025,4514,4739,-69,69,46,15.790,305,305
171070,0.250,0.002,-0.001,-0.004,0.659,-0.030,-0.752,-0.018,-0.200,-0.001,0.132,-0.013,4252,4669,-72,73,47,15.790,305,305
171170,0.140,-0.001,-0.007,-0.009,0.653,-0.019,-0.756,-0.022,-0.200,0.001,0.145,0.008,3899,4795,-91,91,47,15.790,305,305
171270,-0.260,-0.000,-0.001,-0.005,0.643,-0.006,-0.765,-0.036,-0.200,0.004,0.171,0.047,3529,4942,-93,93,47,15.790,305,305
171370,0.010,0.002,0.001,0.000,0.644,0.001,-0.765,-0.037,-0.200,0.005,0.170,0.058,3526,4858,-81,82,46,15.790,305,305
171470,-0.030,-0.002,-0.001,-0.000,0.645,0.001,-0.764,-0.037,-0.200,0.005,0.167,0.058,3412,4726,-84,84,46,15.790,305,305
171570,0.070,-0.002,-0.005,-0.002,0.640,-0.001,-0.767,-0.044,-0.200,0.006,0.179,0.065,3083,4682,-98,98,47,15.780,305,305
171670,-0.080,0.001,-0.003,-0.004,0.631,0.005,-0.775,-0.049,-0.200,0.008,0.201,0.081,2539,4691,-106,106,47,15.780,305,305
171770,-0.210,0.003,0.003,-0.003,0.631,0.016,-0.774,-0.054,-0.200,0.010,0.200,0.103,1895,4733,-89,89,47,15.780,305,305
171870,-0.250,0.005,0.007,-0.001,0.641,0.027,-0.765,-0.049,-0.200,0.010,0.174,0.109,1790,4751,-71,72,47,15.790,305,305
171970,0.110,0.001,0.001,-0.003,0.646,0.037,-0.761,-0.045,-0.200,0.009,0.162,0.116,1204,4706,-85,85,47,15.790,305,305
172070,0.000,0.003,0.000,-0.002,0.647,0.045,-0.760,-0.044,-0.200,0.010,0.160,0.126,402,4652,-91,91,46,15.790,305,305
172170,-0.050,0.000,-0.000,-0.003,0.647,0.054,-0.759,-0.047,-0.200,0.011,0.159,0.141,0,4653,-92,92,46,15.790,305,305
172270,0.150,-0.003,-0.002,0.003,0.644,0.051,-0.762,-0.050,-0.200,0.012,0.167,0.142,0,4467,-101,101,46,15.790,305,305
172370,0.020,-0.003,0.003,0.007,0.647,0.033,-0.760,-0.048,-0.200,0.009,0.158,0.115,0,3910,-88,88,46,15.800,305,305
172470,-0.290,0.001,0.001,0.006,0.648,0.016,-0.760,-0.042,-0.200,0.007,0.156,0.084,235,3587,-96,96,46,15.800,305,305
172570,-0.110,0.001,-0.002,-0.000,0.647,0.011,-0.762,-0.034,-0.200,0.005,0.161,0.066,0,3517,-105,106,46,15.800,305,305
172670,0.080,0.003,-0.004,-0.004,0.642,0.018,-0.765,-0.034,-0.200,0.006,0.173,0.076,0,3659,-113,113,46,15.790,305,305
172770,-0.220,0.003,0.002,-0.006,0.638,0.038,-0.768,-0.038,-0.200,0.010,0.184,0.106,0,3947,-109,109,46,15.790,305,305
172870,0.290,0.001,0.002,-0.004,0.641,0.052,-0.765,-0.040,-0.200,0.011,0.176,0.127,0,3927,-101,101,46,15.790,305,305
172970,0.040,0.001,-0.002,-0.002,0.641,0.060,-0.764,-0.043,-0.200,0.013,0.177,0.142,0,3748,-112,112,46,15.790,305,305
173070,0.050,0.002,-0.001,-0.001,0.638,0.065,-0.766,-0.043,-0.200,0.014,0.185,0.149,0,3468,-115,115,46,15.790,305,305
173170,0.010,0.001,-0.004,-0.002,0.634,0.071,-0.769,-0.042,-0.200,0.015,0.195,0.156,0,3439,-124,124,46,15.800,305,305
173270,-0.080,-0.001,-0.002,-0.000,0.628,0.074,-0.773,-0.047,-0.200,0.017,0.209,0.164,0,3497,-127,126,46,15.800,305,305
173370,0.030,0.003,-0.000,-0.005,0.624,0.079,-0.776,-0.047,-0.200,0.019,0.220,0.171,0,3550,-128,128,46,15.810,305,305
173470,-0.240,0.001,0.000,-0.003,0.624,0.092,-0.775,-0.048,-0.200,0.020,0.220,0.188,0,3679,-125,124,46,15.810,305,305
173570,0.160,-0.000,0.003,-0.002,0.626,0.098,-0.772,-0.050,-0.200,0.021,0.216,0.199,0,3722,-119,119,46,15.810,305,305
173670,0.000,0.001,0.001,0.001,0.632,0.100,-0.767,-0.051,-0.200,0.020,0.199,0.204,0,3671,-116,116,46,15.790,305,305
173770,-0.150,0.001,-0.001,0.005,0.632,0.096,-0.768,-0.046,-0.200,0.019,0.200,0.192,0,3455,-128,128,46,15.790,305,305
173870,-0.020,0.000,-0.001,0.002,0.631,0.090,-0.769,-0.039,-0.200,0.017,0.202,0.173,0,3313,-130,129,46,15.810,305,305
173970,-0.040,-0.000,-0.004,-0.001,0.627,0.090,-0.773,-0.040,-0.200,0.018,0.214,0.173,0,3422,-142,142,46,15.810,305,305
174070,0.200,0.001,-0.001,0.001,0.622,0.088,-0.777,-0.038,-0.200,0.019,0.228,0.168,0,3365,-141,141,46,15.810,305,305
174170,-0.030,0.003,-0.001,-0.002,0.618,0.092,-0.780,-0.034,-0.200,0.019,0.238,0.166,0,3377,-143,143,46,15.800,305,305
174270,-0.030,0.002,0.002,-0.005,0.617,0.101,-0.780,-0.032,-0.200,0.020,0.240,0.174,0,3561,-135,135,46,15.800,305,305
174370,0.050,0.003,-0.001,-0.001,0.617,0.113,-0.778,-0.035,-0.200,0.022,0.241,0.193,0,3666,-140,140,46,15.810,305,305
174470,0.100,0.002,-0.007,0.001,0.606,0.115,-0.786,-0.028,-0.200,0.024,0.272,0.181,0,3461,-162,162,46,15.810,305,305
174570,0.180,0.002,-0.003,0.001,0.595,0.117,-0.795,-0.023,-0.200,0.025,0.297,0.174,0,3391,-162,161,46,15.810,305,305
174670,-0.100,0.000,0.004,0.001,0.598,0.118,-0.792,-0.017,-0.200,0.023,0.289,0.166,0,3344,-136,136,46,15.800,305,305
174770,0.030,-0.001,0.001,0.002,0.604,0.114,-0.789,-0.015,-0.200,0.021,0.275,0.160,0,3293,-134,133,46,15.800,305,305
174870,-0.130,-0.001,-0.002,0.003,0.602,0.106,-0.792,-0.012,-0.200,0.020,0.280,0.145,0,3147,-146,146,46,15.810,305,305
174970,-0.100,0.000,0.002,0.000,0.601,0.103,-0.793,-0.010,-0.200,0.019,0.282,0.138,0,3151,-141,141,46,15.810,305,305
175070,0.010,0.000,0.003,-0.002,0.606,0.105,-0.788,-0.009,-0.200,0.018,0.269,0.140,0,3264,-132,131,46,15.810,305,305
175170,0.000,-0.001,0.002,-0.000,0.611,0.107,-0.784,-0.011,-0.200,0.018,0.257,0.147,0,3329,-130,130,45,15.800,305,305
175270,-0.010,-0.000,0.000,0.001,0.613,0.107,-0.783,-0.011,-0.200,0.018,0.251,0.147,0,3300,-134,134,45,15.800,305,305
175370,0.090,-0.000,-0.001,0.002,0.612,0.104,-0.784,-0.009,-0.200,0.017,0.254,0.140,0,3210,-140,140,46,15.810,305,305
175470,-0.050,0.000,0.000,0.001,0.611,0.101,-0.785,-0.006,-0.200,0.016,0.256,0.132,0,3124,-139,138,46,15.810,305,305
175570,-0.010,0.001,0.001,0.000,0.613,0.101,-0.784,-0.004,-0.200,0.016,0.252,0.129,0,3145,-135,135,46,15.810,305,305
175670,-0.140,0.001,-0.001,-0.001,0.614,0.103,-0.782,-0.003,-0.200,0.016,0.248,0.129,0,3185,-136,136,46,15.820,305,305
175770,0.150,0.000,-0.000,-0.001,0.613,0.105,-0.783,-0.002,-0.200,0.016,0.253,0.130,0,3201,-140,140,46,15.820,305,305
175870,-0.010,0.000,0.001,-0.000,0.613,0.107,-0.783,-0.002,-0.200,0.016,0.251,0.133,0,3233,-136,135,46,15.820,305,305
175970,0.030,0.001,0.001,-0.000,0.615,0.108,-0.781,-0.001,-0.200,0.016,0.247,0.134,0,3232,-135,134,45,15.820,305,305
176070,0.150,0.001,-0.000,0.000,0.615,0.109,-0.781,0.000,-0.200,0.016,0.245,0.133,0,3208,-136,136,45,15.820,305,305
176170,0.010,0.000,0.001,0.000,0.616,0.109,-0.781,0.002,-0.200,0.015,0.245,0.131,0,3177,-136,136,45,15.810,305,305
176270,0.020,0.000,0.001,0.001,0.618,0.108,-0.779,0.003,-0.200,0.015,0.240,0.128,0,3155,-132,132,45,15.810,305,305
176370,0.020,0.000,0.001,0.001,0.619,0.107,-0.778,0.004,-0.200,0.014,0.236,0.126,0,3137,-132,132,45,15.810,305,305
176470,-0.110,0.000,0.001,-0.001,0.621,0.107,-0.776,0.005,-0.200,0.014,0.230,0.124,0,3150,-131,131,45,15.810,305,305
176570,-0.010,0.000,0.000,-0.001,0.623,0.109,-0.774,0.005,-0.200,0.014,0.226,0.128,0,3207,-131,131,45,15.810,305,305
176670,0.020,-0.000,0.000,0.001,0.624,0.110,-0.774,0.004,-0.200,0.014,0.224,0.131,0,3216,-132,132,45,15.810,305,305
176770,0.060,-0.000,-0.000,0.001,0.624,0.109,-0.774,0.005,-0.200,0.014,0.224,0.127,0,3150,-134,134,45,15.810,305,305
176870,0.080,-0.000,0.001,0.000,0.624,0.107,-0.774,0.005,-0.200,0.013,0.223,0.125,0,3141,-132,132,45,15.810,305,305
176970,0.000,-0.000,-0.000,0.001,0.626,0.107,-0.773,0.006,-0.200,0.013,0.219,0.124,0,3142,-132,132,45,15.810,305,305
177070,-0.020,0.000,0.000,0.001,0.625,0.105,-0.773,0.007,-0.200,0.013,0.221,0.118,0,3070,-134,133,45,15.810,305,305
177170,-0.050,-0.000,0.001,-0.000,0.626,0.104,-0.773,0.008,-0.200,0.012,0.219,0.116,0,3080,-131,131,45,15.820,305,305
177270,-0.120,-0.000,-0.000,-0.001,0.627,0.105,-0.772,0.008,-0.200,0.012,0.217,0.117,0,3123,-132,132,45,15.820,305,305
177370,0.050,0.001,0.000,-0.000,0.626,0.107,-0.772,0.008,-0.200,0.013,0.217,0.121,0,3160,-133,133,45,15.820,305,305
177470,0.080,-0.000,0.000,0.000,0.626,0.108,-0.773,0.008,-0.200,0.013,0.219,0.122,0,3168,-134,134,45,15.820,305,305
177570,0.000,-0.000,-0.000,0.001,0.626,0.107,-0.772,0.009,-0.200,0.012,0.218,0.119,0,3092,-133,133,45,15.820,305,305
177670,0.030,0.000,-0.000,0.001,0.627,0.104,-0.772,0.011,-0.200,0.012,0.216,0.113,0,3023,-133,132,45,15.820,305,305
177770,0.040,-0.000,0.001,0.000,0.627,0.103,-0.772,0.013,-0.200,0.011,0.214,0.108,0,3014,-129,129,45,15.820,305,305
177870,-0.040,-0.000,0.002,-0.001,0.630,0.103,-0.770,0.012,-0.200,0.011,0.208,0.111,0,3083,-126,126,45,15.820,305,305
177970,-0.120,0.000,0.001,-0.000,0.633,0.105,-0.767,0.011,-0.200,0.011,0.200,0.115,0,3122,-125,125,45,15.820,305,305
178070,-0.050,-0.000,0.001,-0.000,0.633,0.106,-0.767,0.011,-0.200,0.011,0.199,0.117,0,3137,-129,128,45,15.820,305,305
178170,0.010,-0.000,0.000,0.000,0.633,0.106,-0.767,0.009,-0.200,0.011,0.199,0.119,0,3144,-130,130,45,15.830,305,305
178270,0.000,-0.000,-0.001,0.001,0.634,0.104,-0.766,0.010,-0.200,0.011,0.198,0.116,0,3091,-131,130,45,15.830,305,305
178370,0.090,-0.000,-0.000,0.000,0.633,0.103,-0.767,0.011,-0.200,0.011,0.200,0.113,0,3064,-131,130,45,15.830,305,305
178470,0.070,-0.000,0.001,-0.001,0.634,0.103,-0.766,0.010,-0.200,0.011,0.197,0.115,0,3111,-127,127,45,15.810,305,305
178570,0.090,0.000,0.001,0.000,0.635,0.103,-0.765,0.009,-0.200,0.011,0.194,0.117,0,3124,-127,127,45,15.810,305,305
178670,-0.040,-0.000,0.001,0.001,0.636,0.102,-0.765,0.010,-0.200,0.010,0.192,0.113,0,3052,-127,127,45,15.810,305,305
178770,0.000,-0.000,0.000,0.000,0.637,0.099,-0.764,0.012,-0.200,0.010,0.189,0.107,0,3000,-127,127,45,15.810,305,305
178870,0.010,-0.000,0.001,0.000,0.638,0.099,-0.764,0.012,-0.200,0.010,0.187,0.107,0,3028,-126,126,45,15.810,305,305
178970,-0.130,-0.000,0.000,0.000,0.639,0.098,-0.763,0.013,-0.200,0.009,0.186,0.106,0,3019,-127,127,45,15.820,305,305
179070,-0.030,-0.000,0.001,-0.000,0.639,0.098,-0.763,0.013,-0.200,0.009,0.185,0.106,0,3037,-126,126,45,15.820,305,305
179170,-0.120,0.000,0.000,0.000,0.640,0.098,-0.762,0.012,-0.200,0.009,0.183,0.107,0,3051,-127,127,45,15.820,305,305
179270,0.060,-0.000,0.000,0.000,0.640,0.098,-0.762,0.012,-0.200,0.009,0.183,0.107,0,3042,-127,127,45,15.820,305,305
179370,0.120,-0.001,0.000,0.000,0.640,0.097,-0.762,0.012,-0.200,0.009,0.183,0.106,0,3039,-127,127,45,15.820,305,305
179470,0.060,0.000,0.000,0.001,0.641,0.096,-0.762,0.013,-0.200,0.009,0.180,0.104,0,2997,-126,125,45,15.820,305,305
179570,0.060,0.000,0.001,-0.000,0.642,0.096,-0.761,0.013,-0.200,0.009,0.176,0.103,0,3008,-124,123,45,15.820,305,305
179670,-0.050,-0.000,0.002,-0.000,0.644,0.097,-0.758,0.012,-0.200,0.009,0.170,0.106,0,3054,-121,121,45,15.820,305,305
179770,-0.060,0.000,-0.001,0.000,0.646,0.096,-0.757,0.012,-0.200,0.008,0.166,0.106,0,3047,-124,123,45,15.820,305,305
179870,0.040,0.001,-0.001,0.001,0.646,0.095,-0.757,0.013,-0.200,0.008,0.166,0.102,0,2974,-126,126,45,15.820,305,305
179970,-0.030,0.000,0.000,-0.000,0.645,0.095,-0.758,0.016,-0.200,0.008,0.167,0.098,0,2960,-125,125,45,15.820,305,305
180070,0.100,-0.000,0.000,-0.000,0.646,0.095,-0.757,0.015,-0.200,0.008,0.165,0.099,0,2990,-124,124,45,15.810,305,305
180170,0.010,0.000,0.000,-0.001,0.647,0.096,-0.756,0.016,-0.200,0.008,0.164,0.100,0,3011,-123,123,45,15.810,305,305
180270,-0.030,0.000,0.001,0.000,0.648,0.097,-0.756,0.016,-0.200,0.008,0.162,0.100,0,3003,-122,122,45,15.810,305,305
180370,0.020,-0.001,0.000,-0.000,0.648,0.097,-0.755,0.016,-0.200,0.008,0.160,0.100,0,3006,-123,123,45,15.820,305,305
180470,0.060,-0.000,0.000,-0.000,0.649,0.096,-0.754,0.014,-0.200,0.008,0.157,0.103,0,3039,-122,122,45,15.820,305,305
180570,-0.010,-0.000,0.000,0.000,0.650,0.096,-0.754,0.014,-0.200,0.008,0.156,0.103,0,3032,-123,122,45,15.820,305,305
180670,0.000,-0.000,0.000,0.001,0.650,0.095,-0.754,0.014,-0.200,0.008,0.157,0.103,0,3010,-123,123,45,15.820,305,305
180770,0.010,-0.001,-0.000,-0.001,0.651,0.095,-0.753,0.012,-0.200,0.008,0.153,0.106,0,3067,-122,122,45,15.820,305,305
180870,0.080,0.000,-0.000,0.001,0.651,0.095,-0.753,0.011,-0.200,0.008,0.153,0.106,0,3040,-123,123,45,15.820,305,305
180970,0.030,-0.000,0.000,0.001,0.650,0.093,-0.754,0.014,-0.200,0.007,0.155,0.099,0,2941,-124,124,45,15.820,305,305
181070,-0.010,0.000,0.001,-0.000,0.650,0.092,-0.754,0.014,-0.200,0.007,0.155,0.098,0,2972,-123,123,45,15.820,305,305
181170,-0.060,0.000,0.001,0.001,0.653,0.092,-0.752,0.015,-0.200,0.007,0.149,0.097,0,2963,-119,119,45,15.820,305,305
181270,0.040,-0.000,-0.000,0.000,0.653,0.091,-0.752,0.016,-0.200,0.007,0.148,0.095,0,2938,-122,122,45,15.820,305,305
181370,0.170,0.000,-0.001,0.001,0.653,0.090,-0.752,0.017,-0.200,0.006,0.148,0.091,0,2886,-123,123,45,15.820,305,305
181470,0.110,0.001,-0.000,0.003,0.649,0.086,-0.755,0.024,-0.200,0.006,0.157,0.075,0,2677,-128,128,45,15.820,305,305
181570,0.170,0.001,-0.001,0.003,0.648,0.082,-0.757,0.030,-0.200,0.005,0.159,0.061,0,2533,-127,127,44,15.810,305,305
181670,0.030,0.003,-0.002,0.002,0.645,0.080,-0.759,0.038,-0.200,0.004,0.167,0.046,0,2397,-131,131,44,15.810,305,305
181770,-0.160,0.002,-0.003,-0.003,0.638,0.088,-0.764,0.042,-0.200,0.004,0.184,0.048,0,2632,-138,138,44,15.810,305,305
181870,-0.130,0.002,-0.002,-0.002,0.635,0.097,-0.765,0.042,-0.200,0.006,0.193,0.059,0,2790,-135,135,44,15.800,305,305
181970,0.000,0.002,-0.002,-0.002,0.630,0.105,-0.769,0.041,-0.200,0.007,0.205,0.068,0,2887,-141,141,44,15.800,305,305
182070,-0.010,0.003,-0.006,-0.002,0.619,0.116,-0.775,0.041,-0.200,0.009,0.231,0.079,0,2973,-155,155,44,15.800,305,305
182170,0.140,0.005,-0.003,-0.003,0.607,0.127,-0.783,0.047,-0.200,0.010,0.262,0.080,0,2947,-157,157,45,15.820,305,305
182270,0.240,0.009,-0.000,-0.006,0.602,0.151,-0.782,0.055,-0.200,0.012,0.273,0.095,0,3132,-148,148,45,15.820,305,305
182370,0.230,0.010,0.009,-0.000,0.613,0.176,-0.767,0.072,-0.200,0.012,0.240,0.106,0,3125,-113,113,44,15.820,305,305
182470,-0.230,0.004,-0.010,-0.004,0.607,0.190,-0.768,0.080,-0.200,0.013,0.254,0.107,0,3151,-158,158,44,15.820,305,305
182570,-0.620,0.012,-0.009,0.002,0.580,0.211,-0.782,0.088,-0.200,0.016,0.317,0.105,0,3154,-186,186,44,15.820,305,305
182670,-0.360,0.005,-0.003,0.004,0.563,0.216,-0.790,0.108,-0.200,0.012,0.349,0.072,0,2862,-173,173,45,15.830,305,305
182770,0.330,0.001,-0.003,0.001,0.556,0.212,-0.796,0.113,-0.200,0.010,0.363,0.055,0,2612,-165,165,45,15.830,305,305
182870,0.160,-0.001,0.009,-0.003,0.562,0.213,-0.791,0.116,-0.200,0.009,0.347,0.057,0,2673,-134,134,45,15.830,305,305
182970,0.060,-0.001,0.004,-0.003,0.575,0.215,-0.782,0.109,-0.200,0.012,0.320,0.076,0,2978,-132,132,45,15.830,305,305
183070,-0.590,0.005,0.010,-0.006,0.586,0.226,-0.770,0.114,-0.200,0.012,0.292,0.088,0,3146,-117,117,45,15.830,305,305
183170,-0.050,0.001,-0.012,-0.000,0.581,0.236,-0.770,0.116,-0.200,0.013,0.308,0.092,0,3008,-168,167,44,15.820,305,305
183270,0.150,0.001,-0.010,0.009,0.559,0.227,-0.789,0.117,-0.200,0.012,0.355,0.069,0,2461,-189,188,44,15.820,305,305
183370,-0.020,-0.001,0.004,0.005,0.542,0.211,-0.803,0.127,-0.200,0.005,0.387,0.024,0,1986,-166,166,44,15.820,305,305
183470,0.000,0.001,-0.008,0.001,0.538,0.208,-0.807,0.128,-0.200,0.003,0.397,0.017,0,2151,-179,179,44,15.820,305,305
183570,-0.190,-0.001,0.004,0.002,0.535,0.202,-0.810,0.130,-0.200,0.001,0.402,0.006,0,2124,-157,157,44,15.820,305,305
183670,-0.020,-0.000,0.000,-0.001,0.539,0.200,-0.808,0.127,-0.200,0.002,0.393,0.010,0,2381,-157,157,44,15.830,305,305
183770,0.360,-0.002,0.001,-0.001,0.536,0.200,-0.811,0.123,-0.200,0.003,0.404,0.015,0,2426,-162,162,44,15.830,305,305
183870,0.230,0.001,0.002,-0.001,0.541,0.203,-0.807,0.120,-0.200,0.005,0.393,0.025,0,2549,-153,153,44,15.830,305,305
183970,0.260,0.000,0.003,-0.001,0.549,0.204,-0.801,0.122,-0.200,0.005,0.374,0.028,0,2546,-145,145,44,15.820,305,305
184070,0.070,-0.001,0.003,-0.000,0.557,0.204,-0.796,0.120,-0.200,0.006,0.356,0.035,0,2605,-142,142,44,15.820,305,305
184170,0.080,-0.001,0.002,-0.000,0.562,0.203,-0.793,0.118,-0.200,0.007,0.346,0.041,0,2645,-143,143,44,15.820,305,305
184270,-0.310,-0.000,0.002,0.001,0.566,0.202,-0.791,0.119,-0.200,0.007,0.337,0.040,0,2593,-143,143,44,15.820,305,305
184370,-0.310,-0.000,0.001,-0.001,0.570,0.199,-0.788,0.120,-0.200,0.006,0.326,0.037,0,2608,-143,143,44,15.820,305,305
184470,-0.230,0.002,-0.000,0.001,0.569,0.201,-0.788,0.123,-0.200,0.005,0.326,0.034,0,2513,-149,149,44,15.830,305,305
184570,-0.070,0.001,0.000,-0.001,0.568,0.202,-0.788,0.123,-0.200,0.006,0.328,0.036,0,2547,-150,150,44,15.830,305,305
184670,-0.170,-0.001,0.000,0.002,0.569,0.200,-0.789,0.121,-0.200,0.006,0.329,0.036,0,2515,-149,149,44,15.830,305,305
184770,0.040,0.001,-0.002,0.001,0.568,0.196,-0.790,0.123,-0.200,0.004,0.328,0.027,0,2377,-152,152,44,15.830,305,305
184870,0.350,-0.001,-0.000,-0.001,0.566,0.197,-0.791,0.123,-0.200,0.005,0.335,0.028,0,2494,-153,153,44,15.830,305,305
184970,0.320,0.000,0.001,0.001,0.565,0.196,-0.792,0.121,-0.200,0.005,0.336,0.030,0,2470,-150,150,44,15.840,305,305
185070,-0.050,-0.000,0.002,0.001,0.567,0.194,-0.791,0.123,-0.200,0.004,0.331,0.024,0,2396,-145,145,44,15.840,305,305
185170,-0.120,-0.000,0.000,0.001,0.570,0.191,-0.790,0.125,-0.200,0.003,0.325,0.021,0,2360,-146,146,44,15.840,305,305
185270,-0.130,-0.001,-0.000,-0.000,0.570,0.190,-0.790,0.126,-0.200,0.003,0.323,0.018,0,2364,-148,148,44,15.840,305,305
185370,-0.060,-0.000,-0.001,0.000,0.570,0.190,-0.790,0.123,-0.200,0.003,0.325,0.021,0,2432,-150,150,44,15.840,305,305
185470,0.130,-0.000,-0.000,0.001,0.568,0.188,-0.792,0.123,-0.200,0.003,0.329,0.018,0,2353,-152,152,44,15.840,305,305
185570,-0.010,-0.001,-0.000,0.002,0.567,0.184,-0.794,0.123,-0.200,0.002,0.332,0.012,0,2259,-152,152,44,15.840,305,305
185670,0.100,-0.001,-0.001,0.002,0.566,0.178,-0.795,0.124,-0.200,0.001,0.333,0.004,0,2150,-151,151,44,15.840,305,305
185770,0.150,-0.001,0.001,0.001,0.566,0.173,-0.797,0.124,-0.200,-0.001,0.334,-0.003,0,2102,-150,150,44,15.830,305,305
185870,-0.060,-0.001,0.001,-0.001,0.567,0.172,-0.797,0.123,-0.200,-0.000,0.332,-0.001,0,2234,-148,148,44,15.830,305,305
185970,0.040,-0.001,0.000,0.001,0.567,0.170,-0.797,0.121,-0.200,-0.000,0.332,0.000,0,2215,-149,149,44,15.830,305,305
186070,0.000,-0.001,0.000,0.000,0.568,0.166,-0.797,0.120,-0.200,-0.000,0.330,-0.002,0,2194,-149,149,44,15.840,305,305
186170,0.070,-0.002,-0.000,0.000,0.569,0.163,-0.798,0.117,-0.200,-0.000,0.331,-0.000,0,2247,-150,150,44,15.840,305,305
186270,0.060,-0.002,0.001,-0.000,0.570,0.160,-0.798,0.112,-0.200,0.001,0.329,0.004,0,2315,-148,148,44,15.830,305,305
186370,-0.090,-0.001,-0.002,-0.001,0.570,0.160,-0.798,0.108,-0.200,0.002,0.330,0.009,0,2405,-152,152,44,15.830,305,305
186470,0.180,0.000,-0.001,-0.001,0.569,0.163,-0.799,0.105,-0.200,0.003,0.336,0.017,0,2474,-154,154,44,15.830,305,305
186570,0.110,0.001,0.001,-0.001,0.568,0.167,-0.799,0.104,-0.200,0.004,0.338,0.023,0,2521,-151,151,44,15.830,305,305
186707,0.010,0.000,-0.001,0.000,0.568,0.168,-0.799,0.105,-0.200,0.004,0.338,0.023,0,2447,-152,152,44,15.830,305,305
186770,-0.040,0.000,-0.000,-0.000,0.566,0.169,-0.800,0.105,-0.200,0.004,0.342,0.023,0,2442,-153,153,44,15.840,305,305
186870,0.140,0.001,-0.001,0.001,0.565,0.169,-0.801,0.106,-0.200,0.004,0.345,0.021,0,2385,-154,154,44,15.840,305,305
186970,0.120,0.001,0.000,0.001,0.565,0.168,-0.800,0.109,-0.200,0.003,0.342,0.015,0,2306,-150,150,44,15.840,305,305
187070,0.020,0.001,0.000,-0.001,0.565,0.170,-0.799,0.113,-0.200,0.002,0.340,0.012,0,2304,-150,150,44,15.840,305,305
187170,-0.140,-0.001,-0.001,-0.002,0.565,0.173,-0.799,0.109,-0.200,0.004,0.342,0.021,0,2503,-154,154,44,15.840,305,305
187270,-0.110,-0.002,-0.011,-0.004,0.555,0.177,-0.806,0.099,-0.200,0.007,0.370,0.037,0,2750,-183,183,44,15.840,305,305
187370,0.060,-0.002,-0.004,-0.002,0.539,0.184,-0.818,0.083,-0.200,0.013,0.415,0.062,0,2969,-186,185,44,15.840,305,305
187470,0.230,0.002,-0.002,-0.001,0.534,0.189,-0.820,0.080,-0.200,0.015,0.428,0.069,0,2913,-175,174,44,15.840,305,305
187570,-0.100,0.001,-0.001,-0.002,0.528,0.198,-0.822,0.079,-0.200,0.017,0.442,0.078,0,2957,-175,174,44,15.850,305,305
187670,0.220,0.002,-0.001,0.003,0.526,0.197,-0.823,0.082,-0.200,0.015,0.444,0.070,0,2729,-170,170,44,15.850,305,305
187770,0.000,0.002,0.003,0.006,0.524,0.190,-0.825,0.094,-0.200,0.010,0.445,0.042,0,2262,-163,163,44,15.850,305,305
187870,0.230,0.001,0.006,0.002,0.532,0.181,-0.820,0.103,-0.200,0.005,0.421,0.022,0,2148,-145,145,44,15.840,305,305
187970,0.020,-0.001,0.009,-0.001,0.553,0.177,-0.806,0.110,-0.200,0.004,0.370,0.019,0,2297,-124,124,44,15.840,305,305
188070,-0.390,-0.002,0.008,0.003,0.569,0.171,-0.797,0.113,-0.200,0.003,0.332,0.015,0,2346,-119,119,44,15.830,305,305
188170,-0.160,-0.003,0.003,0.003,0.582,0.160,-0.789,0.117,-0.200,0.000,0.299,0.002,0,2173,-125,125,44,15.830,305,305
188270,-0.500,0.002,-0.004,0.003,0.577,0.154,-0.793,0.124,-0.200,-0.003,0.308,-0.020,0,1834,-152,152,44,15.830,305,305
188370,0.120,0.002,-0.000,-0.003,0.573,0.161,-0.794,0.124,-0.200,-0.002,0.316,-0.010,0,2115,-151,151,44,15.830,305,305
188470,0.220,0.000,0.003,-0.000,0.579,0.167,-0.789,0.124,-0.200,-0.000,0.303,-0.003,0,2232,-136,136,44,15.830,305,305
188570,-0.120,-0.004,-0.001,0.002,0.582,0.158,-0.789,0.120,-0.200,-0.001,0.298,-0.005,0,2119,-143,143,44,15.830,305,305
188670,-0.250,-0.000,0.001,0.007,0.583,0.143,-0.790,0.123,-0.200,-0.004,0.293,-0.027,0,1531,-140,140,44,15.820,305,305
188770,0.040,-0.001,-0.002,-0.000,0.586,0.138,-0.789,0.125,-0.200,-0.005,0.286,-0.034,0,1618,-144,144,44,15.820,305,305
188870,0.000,-0.002,-0.000,-0.003,0.585,0.138,-0.790,0.120,-0.200,-0.004,0.290,-0.028,0,1889,-145,145,44,15.820,305,305
188970,0.140,-0.001,0.000,-0.002,0.584,0.143,-0.791,0.111,-0.200,-0.001,0.297,-0.009,0,2178,-146,146,44,15.820,305,305
189070,-0.010,0.001,-0.003,-0.002,0.580,0.148,-0.794,0.107,-0.200,0.000,0.309,0.002,0,2244,-155,155,44,15.820,305,305
189170,-0.060,0.001,0.000,0.002,0.578,0.151,-0.794,0.111,-0.200,-0.000,0.310,-0.001,0,2022,-147,147,44,15.830,305,305
189270,-0.020,-0.001,0.003,-0.000,0.583,0.149,-0.791,0.113,-0.200,-0.001,0.299,-0.004,0,1988,-137,137,44,15.830,305,305
189370,0.120,0.000,0.004,0.000,0.589,0.147,-0.787,0.113,-0.200,-0.001,0.284,-0.005,0,1988,-130,130,44,15.830,305,305
189470,-0.030,0.002,0.012,-0.001,0.608,0.148,-0.771,0.117,-0.200,-0.000,0.234,-0.002,0,2044,-96,96,44,15.820,305,305
189570,0.020,0.001,0.014,-0.001,0.637,0.148,-0.746,0.125,-0.200,0.000,0.158,0.003,0,2140,-71,71,44,15.820,305,305
189670,-0.150,0.001,0.015,0.001,0.665,0.146,-0.718,0.133,-0.200,0.000,0.074,0.005,0,2107,-56,56,44,15.830,305,305
189770,-0.020,0.002,0.017,0.004,0.695,0.138,-0.691,0.145,-0.200,0.000,-0.007,-0.009,0,1725,-34,34,44,15.830,305,305
189870,-0.100,0.001,0.016,0.005,0.724,0.124,-0.659,0.163,-0.200,0.002,-0.101,-0.034,0,1065,-20,20,44,15.830,305,305
189970,-0.340,-0.001,0.007,0.001,0.742,0.113,-0.638,0.172,-0.200,0.004,-0.161,-0.052,0,849,-32,32,44,15.830,305,305
190070,-0.170,0.000,0.002,0.000,0.748,0.109,-0.631,0.173,-0.200,0.005,-0.180,-0.055,0,857,-55,55,44,15.830,305,305
190170,-0.050,0.001,0.004,0.000,0.754,0.108,-0.624,0.174,-0.200,0.005,-0.199,-0.054,0,857,-50,50,44,15.830,305,305
190270,0.020,0.001,0.007,0.000,0.764,0.106,-0.611,0.178,-0.200,0.006,-0.232,-0.055,0,687,-34,34,44,15.830,305,305
190370,-0.170,0.000,0.000,0.002,0.772,0.104,-0.600,0.181,-0.200,0.007,-0.260,-0.057,431,0,-41,40,44,15.830,305,305
190470,-0.700,-0.000,-0.024,0.003,0.748,0.106,-0.629,0.184,-0.200,0.006,-0.187,-0.072,1816,0,-123,123,44,15.840,305,305
190570,-0.760,-0.000,-0.031,-0.004,0.690,0.121,-0.693,0.168,-0.200,-0.000,-0.010,-0.066,2322,1953,-196,196,44,15.840,305,305
190670,-0.190,0.001,-0.017,-0.005,0.654,0.140,-0.728,0.152,-0.200,-0.002,0.099,-0.038,2066,2589,-183,184,44,15.840,305,305
190770,-0.260,-0.001,-0.016,-0.002,0.623,0.151,-0.755,0.139,-0.200,-0.002,0.186,-0.022,1893,2550,-183,183,44,15.830,305,305
190870,0.010,-0.001,-0.010,0.000,0.591,0.155,-0.781,0.131,-0.200,-0.003,0.269,-0.022,1915,2166,-183,183,44,15.830,305,305
190970,0.250,-0.001,0.002,-0.001,0.586,0.155,-0.785,0.130,-0.200,-0.003,0.283,-0.021,1370,1521,-144,144,44,15.830,305,305
191070,-0.060,-0.001,-0.001,-0.001,0.589,0.156,-0.782,0.128,-0.200,-0.002,0.276,-0.016,673,1236,-139,139,44,15.830,305,305
191170,0.080,-0.000,0.001,-0.002,0.591,0.159,-0.782,0.122,-0.200,-0.000,0.275,-0.003,0,1218,-138,138,44,15.830,305,305
191270,0.140,-0.000,0.006,0.000,0.598,0.159,-0.776,0.122,-0.200,0.000,0.256,0.002,0,1074,-123,123,44,15.830,305,305
191370,0.050,-0.001,0.005,0.001,0.609,0.155,-0.767,0.125,-0.200,-0.000,0.225,-0.003,0,741,-116,116,44,15.820,305,305
191470,0.080,-0.001,0.003,-0.001,0.617,0.153,-0.762,0.125,-0.200,-0.000,0.209,-0.001,0,890,-119,119,44,15.820,305,305
191570,-0.040,-0.000,0.001,0.002,0.619,0.149,-0.760,0.125,-0.200,-0.001,0.202,-0.006,0,304,-125,125,44,15.830,305,305
191670,-0.200,0.000,0.000,0.003,0.619,0.144,-0.761,0.131,-0.200,-0.002,0.201,-0.022,1102,0,-129,129,44,15.830,305,305
191770,-0.140,0.000,-0.002,-0.001,0.618,0.143,-0.761,0.135,-0.200,-0.003,0.201,-0.028,1028,0,-134,134,44,15.830,305,305
191870,-0.180,-0.000,-0.001,-0.003,0.616,0.149,-0.763,0.130,-0.200,-0.002,0.209,-0.015,0,530,-135,135,44,15.830,305,305
191970,0.120,-0.002,-0.001,-0.002,0.615,0.153,-0.764,0.122,-0.200,0.000,0.214,0.001,0,1103,-136,136,44,15.830,305,305
192070,0.280,-0.001,0.001,-0.000,0.618,0.151,-0.763,0.117,-0.200,0.001,0.210,0.008,0,1084,-129,129,44,15.840,305,305
192170,0.090,0.000,-0.000,0.000,0.618,0.150,-0.763,0.116,-0.200,0.001,0.211,0.008,0,912,-133,133,44,15.840,305,305
192270,0.000,0.000,0.000,-0.000,0.617,0.151,-0.763,0.116,-0.200,0.001,0.213,0.009,0,952,-132,132,44,15.840,305,305
192370,0.040,0.001,-0.000,0.001,0.616,0.151,-0.764,0.118,-0.200,0.001,0.214,0.006,0,764,-133,133,44,15.850,305,305
192470,0.130,0.001,0.001,0.001,0.616,0.150,-0.764,0.121,-0.200,0.000,0.214,0.000,0,443,-131,132,44,15.850,305,305
192570,0.090,0.000,0.001,-0.001,0.616,0.152,-0.763,0.122,-0.200,0.000,0.211,0.001,0,755,-130,130,43,15.840,305,305
192670,-0.060,0.001,0.001,0.000,0.618,0.153,-0.761,0.122,-0.200,0.000,0.207,0.004,0,854,-128,128,43,15.840,305,305
192770,-0.040,-0.000,0.000,-0.000,0.618,0.154,-0.762,0.121,-0.200,0.001,0.208,0.006,0,930,-131,131,43,15.840,305,305
192870,-0.020,-0.001,0.001,-0.001,0.619,0.154,-0.761,0.120,-0.200,0.001,0.207,0.008,0,1058,-129,129,44,15.830,305,305
192970,0.000,-0.000,-0.000,-0.001,0.619,0.155,-0.761,0.119,-0.200,0.001,0.206,0.012,0,1169,-131,131,44,15.830,305,305
193070,0.020,-0.000,-0.001,-0.000,0.617,0.156,-0.762,0.118,-0.200,0.001,0.211,0.013,0,1172,-135,135,44,15.830,305,305
193170,0.070,-0.000,0.001,0.000,0.616,0.156,-0.763,0.117,-0.200,0.001,0.214,0.014,0,1186,-133,132,44,15.830,305,305
193270,0.030,-0.001,-0.000,0.000,0.617,0.155,-0.763,0.116,-0.200,0.001,0.212,0.014,0,1210,-131,131,44,15.830,305,305
193370,-0.110,-0.000,0.000,-0.000,0.617,0.154,-0.763,0.115,-0.200,0.002,0.212,0.014,0,1266,-132,132,44,15.820,305,305
193470,-0.070,0.000,-0.001,0.000,0.616,0.154,-0.764,0.114,-0.200,0.002,0.216,0.016,0,1305,-136,136,44,15.820,305,305
193570,0.110,0.000,-0.000,0.001,0.615,0.153,-0.765,0.115,-0.200,0.001,0.219,0.012,0,1193,-135,135,44,15.820,305,305
193670,0.050,-0.000,0.001,-0.000,0.615,0.152,-0.765,0.116,-0.200,0.001,0.217,0.010,0,1230,-131,131,43,15.830,305,305
193770,-0.060,-0.000,0.002,0.000,0.618,0.152,-0.763,0.117,-0.200,0.001,0.211,0.010,0,1253,-126,126,43,15.830,305,305
193870,0.000,0.000,0.000,0.001,0.620,0.150,-0.761,0.118,-0.200,0.001,0.206,0.006,0,1164,-129,129,43,15.840,305,305
193970,0.060,0.000,0.000,0.000,0.620,0.149,-0.761,0.119,-0.200,0.000,0.205,0.003,0,1131,-130,130,43,15.840,305,305
194070,0.000,0.000,0.001,0.000,0.620,0.149,-0.761,0.120,-0.200,0.000,0.204,0.003,0,1176,-129,129,43,15.840,305,305
194170,-0.050,0.000,0.000,0.000,0.620,0.150,-0.761,0.120,-0.200,0.000,0.204,0.003,0,1196,-130,130,44,15.850,305,305
194270,-0.020,0.000,0.000,0.000,0.620,0.150,-0.760,0.121,-0.200,0.000,0.202,0.003,0,1242,-130,130,44,15.850,305,305
194370,0.010,-0.000,0.000,0.000,0.620,0.150,-0.760,0.121,-0.200,0.000,0.203,0.001,0,1157,-130,130,44,15.840,305,305
194470,0.060,0.000,-0.000,-0.000,0.620,0.150,-0.761,0.121,-0.200,0.000,0.203,0.002,0,1221,-131,131,44,15.840,305,305
194570,0.020,0.000,0.000,-0.000,0.620,0.150,-0.761,0.121,-0.200,0.000,0.204,0.002,0,1223,-131,131,44,15.840,305,305
194670,0.060,0.000,0.000,0.000,0.619,0.150,-0.761,0.121,-0.200,0.000,0.205,0.002,0,1233,-131,131,44,15.840,305,305
194770,0.070,0.000,0.000,0.000,0.620,0.150,-0.761,0.121,-0.200,0.000,0.204,0.002,0,1212,-130,130,44,15.840,305,305
194870,0.050,-0.000,0.000,0.001,0.621,0.149,-0.760,0.122,-0.200,-0.000,0.201,-0.001,0,1115,-129,129,44,15.840,305,305
194970,0.020,0.000,-0.000,0.000,0.621,0.147,-0.760,0.123,-0.200,-0.000,0.199,-0.004,0,1045,-129,129,44,15.850,305,305
195070,-0.080,-0.001,-0.000,0.000,0.622,0.147,-0.760,0.122,-0.200,-0.000,0.198,-0.003,0,1120,-130,130,44,15.850,305,305
195170,0.030,-0.001,0.000,0.000,0.621,0.146,-0.760,0.120,-0.200,-0.000,0.200,-0.002,0,1151,-130,130,43,15.850,305,305
195270,0.060,-0.000,0.000,0.001,0.622,0.144,-0.760,0.120,-0.200,-0.000,0.197,-0.004,0,1055,-128,128,43,15.850,305,305
195370,0.030,-0.000,0.001,-0.001,0.623,0.143,-0.759,0.120,-0.200,-0.000,0.195,-0.004,0,1090,-126,126,43,15.850,305,305
195470,-0.090,0.000,0.000,-0.000,0.624,0.143,-0.758,0.119,-0.200,-0.000,0.193,-0.002,0,1160,-127,127,44,15.850,305,305
195570,-0.040,0.000,-0.001,-0.000,0.623,0.144,-0.759,0.119,-0.200,-0.000,0.196,-0.001,0,1182,-131,131,44,15.850,305,305
195670,0.100,-0.000,-0.000,0.000,0.623,0.144,-0.760,0.118,-0.200,-0.000,0.197,-0.000,0,1163,-130,130,44,15.850,305,305
195770,0.190,0.000,0.001,0.000,0.623,0.144,-0.760,0.118,-0.200,0.000,0.197,0.001,0,1178,-129,129,44,15.850,305,305
195870,0.130,-0.000,0.002,-0.000,0.625,0.144,-0.758,0.118,-0.200,0.000,0.191,0.001,0,1202,-124,124,44,15.850,305,305
195970,-0.010,-0.000,0.001,-0.000,0.630,0.143,-0.755,0.118,-0.200,0.000,0.180,0.001,0,1192,-122,122,44,15.850,305,305
196070,-0.060,0.000,0.001,0.000,0.630,0.142,-0.754,0.118,-0.200,0.000,0.179,0.001,0,1156,-124,124,44,15.850,305,305
196170,-0.070,-0.000,0.000,0.001,0.631,0.141,-0.754,0.120,-0.200,-0.000,0.177,-0.003,0,1031,-125,125,43,15.840,305,305
196270,-0.060,-0.001,-0.001,-0.001,0.630,0.141,-0.755,0.118,-0.200,-0.000,0.179,-0.001,0,1169,-129,129,43,15.840,305,305
196370,0.210,-0.001,-0.001,0.000,0.628,0.140,-0.756,0.116,-0.200,0.000,0.184,0.001,0,1183,-130,130,43,15.840,305,305
196470,0.130,-0.001,0.001,0.000,0.630,0.138,-0.755,0.115,-0.200,0.000,0.180,0.001,0,1178,-124,124,43,15.840,305,305
196570,0.010,-0.001,0.000,0.000,0.633,0.136,-0.754,0.113,-0.200,0.000,0.173,0.002,0,1218,-123,123,43,15.840,305,305
196670,-0.120,-0.001,0.000,0.000,0.635,0.134,-0.753,0.111,-0.200,0.000,0.171,0.004,0,1259,-124,124,43,15.850,305,305
196770,0.010,-0.000,0.000,-0.000,0.635,0.134,-0.753,0.110,-0.200,0.000,0.170,0.004,0,1275,-124,124,43,15.850,305,305
196870,-0.070,-0.000,-0.000,-0.001,0.634,0.135,-0.753,0.109,-0.200,0.001,0.173,0.007,0,1374,-127,127,43,15.850,305,305
196970,-0.050,-0.001,-0.001,0.001,0.633,0.135,-0.754,0.108,-0.200,0.001,0.175,0.008,0,1348,-129,129,43,15.860,305,305
197070,0.080,-0.001,-0.001,0.001,0.632,0.133,-0.756,0.107,-0.200,0.000,0.178,0.006,0,1279,-129,129,43,15.860,305,305
197170,0.170,-0.001,-0.000,-0.000,0.631,0.131,-0.757,0.105,-0.200,0.001,0.182,0.006,0,1362,-129,129,43,15.860,305,305
197270,0.000,-0.001,0.001,0.001,0.631,0.130,-0.758,0.104,-0.200,0.001,0.182,0.007,0,1366,-128,127,43,15.850,305,305
197370,-0.070,-0.000,-0.000,0.001,0.633,0.127,-0.757,0.105,-0.200,0.000,0.179,0.002,0,1180,-126,126,43,15.850,305,305
197470,0.060,-0.000,-0.000,0.002,0.631,0.124,-0.758,0.106,-0.200,-0.000,0.181,-0.005,0,1011,-128,128,43,15.840,305,305
197570,0.160,-0.000,0.000,0.000,0.632,0.121,-0.758,0.107,-0.200,-0.001,0.179,-0.008,0,964,-126,126,43,15.840,305,305
197670,0.050,0.000,0.000,-0.000,0.632,0.122,-0.758,0.106,-0.200,-0.001,0.179,-0.007,0,1087,-127,127,43,15.840,305,305
197770,0.220,-0.000,0.000,-0.000,0.633,0.122,-0.758,0.106,-0.200,-0.001,0.178,-0.007,0,1100,-126,126,43,15.840,305,305
197870,-0.090,0.000,-0.000,-0.000,0.633,0.122,-0.757,0.106,-0.200,-0.001,0.177,-0.006,0,1106,-126,126,43,15.840,305,305
197970,-0.160,0.001,0.000,0.001,0.634,0.121,-0.756,0.108,-0.200,-0.001,0.173,-0.011,0,806,-124,124,43,15.840,305,305
198070,-0.180,0.001,-0.001,-0.002,0.634,0.122,-0.755,0.110,-0.200,-0.001,0.172,-0.011,0,975,-126,126,43,15.840,305,305
198170,0.190,0.001,-0.001,-0.002,0.633,0.129,-0.755,0.109,-0.200,-0.000,0.175,-0.001,0,1325,-128,129,43,15.840,305,305
198270,-0.130,-0.002,-0.000,-0.000,0.631,0.132,-0.757,0.106,-0.200,0.001,0.182,0.007,0,1429,-129,129,43,15.840,305,305
198370,-0.110,-0.000,0.001,0.000,0.633,0.129,-0.756,0.102,-0.200,0.001,0.178,0.008,0,1365,-125,125,43,15.840,305,305
198470,0.270,-0.001,-0.001,-0.001,0.633,0.130,-0.757,0.099,-0.200,0.001,0.180,0.014,0,1549,-129,129,43,15.840,305,305
198570,0.080,-0.001,0.002,0.001,0.636,0.127,-0.755,0.099,-0.200,0.001,0.172,0.013,0,1396,-120,120,43,15.840,305,305
198670,0.080,-0.001,-0.000,0.000,0.638,0.123,-0.754,0.099,-0.200,0.001,0.167,0.008,0,1300,-122,122,43,15.840,305,305
198770,0.210,-0.001,0.001,-0.000,0.639,0.122,-0.753,0.094,-0.200,0.001,0.165,0.013,0,1527,-123,122,43,15.840,305,305
198870,-0.020,0.001,0.002,0.002,0.641,0.119,-0.752,0.098,-0.200,0.000,0.160,0.004,0,1185,-119,119,43,15.840,305,305
198970,0.030,-0.001,0.000,-0.001,0.642,0.117,-0.751,0.099,-0.200,0.000,0.155,0.003,0,1310,-121,121,43,15.840,305,305
199070,-0.110,-0.000,0.000,0.001,0.644,0.116,-0.750,0.098,-0.200,0.000,0.153,0.003,0,1279,-121,121,43,15.840,305,305
199170,-0.220,-0.001,0.002,0.001,0.645,0.112,-0.749,0.099,-0.200,-0.000,0.148,-0.005,0,1166,-118,118,43,15.840,305,305
199270,0.010,0.000,-0.002,-0.001,0.644,0.112,-0.750,0.098,-0.200,-0.000,0.151,-0.004,0,1227,-126,126,43,15.850,305,305
199370,0.050,-0.000,0.000,0.001,0.643,0.112,-0.751,0.097,-0.200,-0.000,0.155,-0.001,0,1238,-124,124,43,15.850,305,305
199470,0.000,0.000,-0.000,0.000,0.643,0.109,-0.752,0.099,-0.200,-0.001,0.155,-0.009,0,999,-124,124,43,15.850,305,305
199570,-0.060,0.001,0.000,-0.001,0.642,0.110,-0.752,0.099,-0.200,-0.001,0.157,-0.007,0,1118,-124,124,43,15.850,305,305
199670,-0.040,0.000,-0.001,-0.000,0.640,0.112,-0.753,0.100,-0.200,-0.001,0.161,-0.007,0,1109,-128,128,43,15.850,305,305
199770,0.160,0.000,-0.000,0.000,0.638,0.113,-0.755,0.100,-0.200,-0.001,0.167,-0.007,0,1105,-129,129,43,15.840,305,305
199870,0.190,-0.000,0.000,0.001,0.637,0.112,-0.756,0.100,-0.200,-0.001,0.169,-0.009,0,968,-127,127,43,15.840,305,305
199970,0.060,-0.001,0.001,-0.000,0.639,0.109,-0.755,0.101,-0.200,-0.001,0.163,-0.012,0,892,-120,120,43,15.840,305,305
200070,-0.100,0.000,0.001,-0.000,0.641,0.109,-0.753,0.099,-0.200,-0.001,0.160,-0.010,0,981,-120,120,43,15.840,305,305
200170,-0.040,0.000,-0.000,0.000,0.642,0.110,-0.753,0.100,-0.200,-0.001,0.157,-0.009,0,937,-123,123,43,15.840,305,305
200270,0.150,0.001,0.000,0.000,0.641,0.109,-0.753,0.102,-0.200,-0.001,0.158,-0.013,0,687,-123,123,43,15.840,305,305
200370,0.120,-0.000,-0.002,-0.001,0.640,0.111,-0.753,0.102,-0.200,-0.001,0.160,-0.011,0,914,-128,128,43,15.840,305,305
200470,0.000,0.000,0.001,-0.000,0.639,0.112,-0.754,0.099,-0.200,-0.001,0.163,-0.006,0,990,-124,125,43,15.840,305,305
200570,-0.070,0.002,0.001,0.001,0.640,0.113,-0.753,0.104,-0.200,-0.001,0.159,-0.011,0,576,-121,121,43,15.850,305,305
200670,-0.090,0.001,-0.001,-0.000,0.641,0.114,-0.752,0.106,-0.200,-0.001,0.157,-0.012,0,640,-123,123,43,15.850,305,305
200770,-0.140,-0.000,-0.001,0.001,0.638,0.114,-0.754,0.105,-0.200,-0.001,0.164,-0.012,0,549,-128,129,43,15.840,305,305
200870,-0.020,-0.000,-0.001,0.001,0.636,0.111,-0.756,0.106,-0.200,-0.002,0.170,-0.020,613,0,-130,130,43,15.840,305,305
200970,0.300,-0.001,-0.002,-0.001,0.632,0.110,-0.760,0.105,-0.200,-0.002,0.179,-0.020,440,0,-134,134,43,15.840,305,305
201070,0.000,-0.001,0.001,0.001,0.632,0.110,-0.760,0.104,-0.200,-0.002,0.180,-0.018,474,0,-127,127,43,15.840,305,305
201170,-0.100,-0.000,0.001,0.000,0.634,0.108,-0.758,0.105,-0.200,-0.002,0.174,-0.023,817,0,-123,123,43,15.840,305,305
201270,-0.060,0.001,-0.001,-0.000,0.634,0.109,-0.758,0.106,-0.200,-0.002,0.174,-0.023,867,0,-127,127,43,15.850,305,305
201370,-0.030,0.001,0.000,0.000,0.634,0.110,-0.758,0.107,-0.200,-0.002,0.174,-0.022,903,0,-126,126,43,15.850,305,305
201470,0.120,0.001,-0.001,-0.000,0.633,0.111,-0.758,0.109,-0.200,-0.002,0.175,-0.025,1036,0,-128,128,43,15.850,305,305
201570,0.160,0.000,0.000,-0.000,0.632,0.113,-0.759,0.108,-0.200,-0.002,0.179,-0.021,914,0,-128,128,43,15.850,305,305
201670,0.130,0.001,0.002,0.001,0.633,0.113,-0.758,0.110,-0.200,-0.002,0.175,-0.024,1178,0,-123,123,43,15.850,305,305
201770,-0.180,0.001,0.000,-0.001,0.634,0.113,-0.757,0.111,-0.200,-0.002,0.172,-0.024,1196,0,-124,124,43,15.850,305,305
201870,-0.050,-0.000,-0.001,-0.001,0.633,0.115,-0.758,0.111,-0.200,-0.002,0.175,-0.022,1160,0,-129,129,43,15.850,305,305
201970,0.250,0.000,-0.001,-0.000,0.631,0.115,-0.759,0.111,-0.200,-0.002,0.179,-0.022,1234,0,-130,130,43,15.850,305,305
202070,0.090,0.000,0.001,-0.000,0.631,0.117,-0.759,0.110,-0.200,-0.002,0.179,-0.020,1250,0,-125,125,43,15.850,305,305
202170,0.000,0.001,0.001,-0.001,0.633,0.119,-0.757,0.110,-0.200,-0.002,0.175,-0.017,1186,0,-124,124,43,15.850,305,305
202270,-0.090,0.000,0.001,-0.000,0.634,0.121,-0.756,0.109,-0.200,-0.001,0.172,-0.012,1103,0,-123,123,43,15.850,305,305
202370,-0.110,-0.000,0.002,0.000,0.637,0.121,-0.754,0.109,-0.200,-0.001,0.166,-0.011,1200,0,-120,120,43,15.850,305,305
202470,-0.260,0.000,0.000,0.000,0.639,0.120,-0.752,0.109,-0.200,-0.001,0.160,-0.011,1283,0,-121,121,43,15.840,305,305
202570,-0.060,0.000,-0.003,-0.001,0.638,0.121,-0.753,0.108,-0.200,-0.001,0.164,-0.009,1197,0,-130,130,43,15.840,305,305
202670,0.050,-0.001,-0.001,-0.000,0.634,0.121,-0.756,0.107,-0.200,-0.001,0.173,-0.008,1218,0,-131,131,43,15.840,305,305
202770,0.020,-0.001,-0.000,0.000,0.632,0.119,-0.759,0.105,-0.200,-0.001,0.180,-0.008,1272,0,-131,131,43,15.840,305,305
202870,0.100,-0.001,-0.000,0.001,0.631,0.117,-0.760,0.102,-0.200,-0.001,0.184,-0.009,1323,0,-130,130,43,15.840,305,305
202970,0.150,-0.000,-0.000,0.001,0.630,0.114,-0.761,0.103,-0.200,-0.001,0.186,-0.013,1456,0,-130,130,43,15.840,305,305
203070,0.130,-0.001,0.000,-0.001,0.630,0.113,-0.762,0.102,-0.200,-0.001,0.187,-0.013,1418,0,-128,128,43,15.840,305,305
203170,0.010,-0.000,0.001,-0.000,0.631,0.114,-0.761,0.101,-0.200,-0.001,0.184,-0.010,1367,0,-126,126,43,15.850,305,305
203270,-0.170,0.000,-0.000,-0.000,0.632,0.114,-0.760,0.102,-0.200,-0.001,0.182,-0.011,1419,0,-127,127,43,15.850,305,305
203370,-0.440,0.001,-0.001,-0.001,0.631,0.116,-0.761,0.100,-0.200,-0.001,0.186,-0.006,1515,0,-130,130,43,15.850,305,305
203470,0.070,0.001,-0.002,-0.003,0.628,0.122,-0.762,0.100,-0.200,0.000,0.192,0.001,1198,0,-134,134,43,15.840,305,305
203570,0.460,0.000,-0.001,-0.001,0.626,0.128,-0.763,0.096,-0.200,0.001,0.199,0.013,683,0,-135,135,43,15.840,305,305
203670,0.410,0.001,0.001,0.001,0.625,0.129,-0.764,0.097,-0.200,0.001,0.201,0.012,1002,0,-129,129,43,15.850,305,305
203770,-0.110,-0.001,0.003,-0.001,0.630,0.128,-0.760,0.097,-0.200,0.001,0.188,0.014,840,0,-119,119,43,15.850,305,305
203870,-0.050,-0.000,0.001,-0.001,0.634,0.129,-0.757,0.094,-0.200,0.002,0.178,0.021,472,0,-121,121,43,15.850,305,305
203970,0.120,-0.000,0.001,0.002,0.637,0.127,-0.754,0.096,-0.200,0.001,0.170,0.016,925,0,-120,120,43,15.840,305,305
204070,0.010,0.001,0.000,0.000,0.641,0.124,-0.751,0.099,-0.200,0.001,0.159,0.010,1034,0,-119,119,43,15.840,305,305
204170,-0.080,0.000,0.002,-0.001,0.640,0.127,-0.751,0.100,-0.200,0.001,0.162,0.012,767,0,-122,122,43,15.840,305,305
204270,0.050,-0.001,0.002,0.001,0.641,0.126,-0.750,0.098,-0.200,0.001,0.158,0.014,692,0,-120,120,43,15.840,305,305
204370,0.030,-0.000,0.002,-0.000,0.644,0.124,-0.748,0.098,-0.200,0.001,0.151,0.012,715,0,-117,117,43,15.840,305,305
204470,-0.050,-0.001,0.001,0.000,0.648,0.122,-0.745,0.098,-0.200,0.001,0.141,0.012,672,0,-115,115,43,15.840,305,305
204570,-0.010,-0.000,0.001,0.001,0.652,0.117,-0.742,0.099,-0.200,0.000,0.130,0.006,952,0,-113,113,43,15.840,305,305
204670,-0.050,-0.001,0.002,0.001,0.655,0.115,-0.741,0.099,-0.200,0.000,0.124,0.004,942,0,-113,113,43,15.840,305,305
204770,-0.160,-0.001,0.002,0.000,0.659,0.111,-0.737,0.098,-0.200,0.000,0.112,0.002,948,0,-110,110,43,15.840,305,305
204870,-0.120,-0.000,0.000,-0.001,0.661,0.110,-0.736,0.096,-0.200,0.000,0.107,0.003,763,0,-113,113,43,15.840,305,305
204970,-0.020,-0.001,0.001,-0.001,0.662,0.111,-0.735,0.094,-0.200,0.000,0.106,0.009,340,0,-114,114,43,15.850,305,305
205070,0.030,-0.000,-0.000,0.000,0.663,0.111,-0.734,0.093,-0.200,0.001,0.103,0.011,320,0,-115,115,43,15.850,305,305
205170,0.260,-0.001,-0.002,-0.000,0.661,0.111,-0.737,0.092,-0.200,0.001,0.111,0.012,150,0,-124,124,43,15.840,305,305
205270,0.040,-0.001,-0.003,0.002,0.653,0.108,-0.744,0.089,-0.200,0.001,0.131,0.009,704,0,-132,132,43,15.840,305,305
205370,0.110,-0.000,0.000,-0.000,0.650,0.106,-0.747,0.089,-0.200,0.000,0.139,0.004,740,0,-126,126,43,15.840,305,305
205470,-0.240,-0.001,0.001,-0.001,0.652,0.107,-0.746,0.089,-0.200,0.000,0.135,0.007,317,0,-119,119,43,15.840,305,305
205570,-0.140,0.001,0.001,-0.000,0.654,0.107,-0.744,0.087,-0.200,0.001,0.131,0.010,0,309,-117,117,43,15.840,305,305
205670,0.080,-0.001,0.003,-0.001,0.657,0.108,-0.741,0.088,-0.200,0.001,0.122,0.012,0,540,-111,111,43,15.850,305,305
205770,-0.190,-0.001,-0.001,0.000,0.658,0.107,-0.741,0.085,-0.200,0.001,0.120,0.015,0,642,-118,118,43,15.850,305,305
205870,-0.010,-0.000,0.001,0.001,0.657,0.105,-0.742,0.083,-0.200,0.001,0.122,0.014,0,586,-117,117,43,15.850,305,305
205970,0.060,-0.001,-0.002,0.001,0.658,0.102,-0.741,0.083,-0.200,0.001,0.120,0.012,0,378,-121,121,43,15.840,305,305
206070,0.140,-0.000,-0.000,-0.001,0.655,0.102,-0.744,0.082,-0.200,0.001,0.129,0.010,0,605,-123,123,43,15.840,305,305
206170,0.000,-0.001,-0.002,-0.002,0.654,0.104,-0.745,0.078,-0.200,0.001,0.132,0.020,0,1192,-124,124,43,15.840,305,305
206270,-0.190,-0.001,-0.001,-0.001,0.650,0.106,-0.749,0.073,-0.200,0.002,0.144,0.030,0,1379,-128,128,43,15.840,305,305
206370,-0.130,-0.001,0.000,0.001,0.650,0.104,-0.750,0.069,-0.200,0.002,0.147,0.032,0,1345,-124,124,43,15.840,305,305
206470,0.110,-0.000,-0.001,0.002,0.649,0.100,-0.751,0.072,-0.200,0.002,0.148,0.021,0,941,-125,125,43,15.850,305,305
206570,0.170,0.002,-0.002,0.000,0.646,0.098,-0.753,0.076,-0.200,0.001,0.155,0.013,0,806,-128,128,43,15.850,305,305
206670,-0.100,0.002,0.000,-0.000,0.646,0.102,-0.752,0.079,-0.200,0.001,0.154,0.014,0,1067,-123,123,43,15.860,305,305
206770,-0.010,0.002,0.001,0.002,0.646,0.105,-0.751,0.083,-0.200,0.001,0.151,0.009,0,911,-120,120,43,15.860,305,305
206870,0.220,0.002,-0.000,0.001,0.650,0.105,-0.747,0.090,-0.200,0.000,0.140,0.002,0,626,-118,118,43,15.850,305,305
206970,-0.120,0.003,-0.001,0.000,0.641,0.111,-0.753,0.098,-0.200,-0.000,0.161,-0.006,362,595,-132,132,43,15.850,305,305
207070,0.240,-0.000,0.000,0.001,0.639,0.110,-0.754,0.101,-0.200,-0.001,0.162,-0.011,431,0,-126,126,43,15.850,305,305
207170,0.110,0.003,0.000,-0.003,0.636,0.114,-0.756,0.104,-0.200,-0.001,0.171,-0.010,0,566,-128,128,43,15.850,305,305
207270,-0.190,0.002,0.001,-0.003,0.637,0.127,-0.753,0.104,-0.200,0.000,0.167,0.005,0,1288,-122,122,43,15.850,305,305
207370,-0.070,0.003,0.003,-0.001,0.643,0.132,-0.747,0.108,-0.200,0.001,0.149,0.009,0,1202,-113,113,43,15.850,305,305
207470,-0.180,0.003,-0.002,-0.001,0.645,0.139,-0.743,0.111,-0.200,0.001,0.143,0.013,0,1294,-121,121,43,15.850,305,305
207570,0.360,0.001,-0.003,0.002,0.639,0.142,-0.747,0.114,-0.200,0.001,0.158,0.011,0,1043,-132,132,43,15.850,305,305
207670,0.040,0.001,0.001,0.000,0.640,0.139,-0.746,0.117,-0.200,0.000,0.153,0.003,0,831,-121,121,42,15.850,305,305
207770,0.080,0.005,-0.001,0.000,0.638,0.145,-0.746,0.124,-0.200,-0.000,0.157,-0.001,0,722,-126,126,42,15.850,305,305
207870,-0.030,0.003,0.001,0.001,0.636,0.150,-0.745,0.133,-0.200,-0.001,0.156,-0.007,0,379,-122,122,42,15.850,305,305
207970,0.000,0.002,-0.000,0.000,0.635,0.153,-0.744,0.139,-0.200,-0.001,0.155,-0.012,228,0,-123,123,43,15.840,305,305
208070,0.090,0.001,0.000,0.000,0.635,0.154,-0.744,0.142,-0.200,-0.001,0.154,-0.015,334,0,-122,122,43,15.840,305,305
208170,0.110,0.000,0.001,0.000,0.637,0.154,-0.742,0.142,-0.200,-0.001,0.149,-0.014,114,0,-119,119,43,15.840,305,305
208270,-0.140,0.000,0.002,0.001,0.639,0.154,-0.740,0.143,-0.200,-0.001,0.143,-0.015,364,0,-117,117,43,15.840,305,305
208370,-0.110,-0.000,-0.001,0.000,0.639,0.153,-0.740,0.143,-0.200,-0.001,0.143,-0.016,519,0,-123,123,43,15.840,305,305
208470,0.150,-0.000,-0.001,0.001,0.636,0.152,-0.743,0.145,-0.200,-0.002,0.150,-0.022,937,0,-126,126,43,15.840,305,305
208570,0.120,0.001,0.001,-0.000,0.636,0.152,-0.742,0.147,-0.200,-0.002,0.147,-0.026,1024,0,-120,120,43,15.840,305,305
208670,-0.030,0.000,-0.000,-0.001,0.636,0.155,-0.742,0.148,-0.200,-0.002,0.148,-0.021,816,0,-123,123,43,15.850,305,305
208770,0.220,-0.000,0.000,0.000,0.636,0.156,-0.741,0.145,-0.200,-0.001,0.148,-0.016,750,0,-122,122,43,15.850,305,305
208870,0.000,-0.000,0.002,0.002,0.641,0.152,-0.738,0.148,-0.200,-0.002,0.135,-0.024,1226,0,-112,112,43,15.850,305,305
208970,-0.100,0.000,0.002,0.000,0.644,0.149,-0.735,0.151,-0.200,-0.002,0.126,-0.029,1363,0,-112,112,43,15.850,305,305
209070,-0.180,-0.001,0.000,-0.001,0.647,0.149,-0.733,0.150,-0.200,-0.002,0.119,-0.027,1210,0,-115,115,43,15.850,305,305
209170,-0.110,-0.000,-0.001,0.001,0.644,0.149,-0.736,0.148,-0.200,-0.002,0.127,-0.026,1343,0,-123,123,43,15.850,305,305
209270,-0.040,-0.001,-0.000,0.002,0.644,0.144,-0.736,0.149,-0.200,-0.002,0.126,-0.033,1607,0,-120,120,43,15.850,305,305
209370,0.050,0.000,-0.001,-0.001,0.642,0.142,-0.739,0.148,-0.200,-0.003,0.132,-0.037,1656,0,-123,124,43,15.850,305,305
209470,0.040,0.001,-0.000,-0.002,0.641,0.147,-0.738,0.148,-0.200,-0.002,0.134,-0.030,1465,0,-121,121,43,15.850,305,305
209570,0.060,0.002,0.000,-0.000,0.642,0.151,-0.737,0.149,-0.200,-0.002,0.133,-0.026,1501,0,-119,120,43,15.850,305,305
209670,0.130,0.002,0.002,0.001,0.642,0.153,-0.736,0.153,-0.200,-0.002,0.129,-0.029,1702,0,-115,116,43,15.850,305,305
209770,-0.150,0.002,0.001,0.000,0.643,0.154,-0.733,0.159,-0.200,-0.002,0.122,-0.034,1834,0,-113,113,43,15.850,305,305
209870,-0.100,0.001,-0.002,0.000,0.644,0.156,-0.732,0.161,-0.200,-0.002,0.119,-0.034,1870,0,-119,119,43,15.850,305,305
209970,0.220,0.001,-0.000,-0.002,0.643,0.160,-0.731,0.163,-0.200,-0.002,0.121,-0.032,1826,0,-119,119,43,15.850,305,305
210070,0.070,0.001,0.001,-0.001,0.642,0.164,-0.731,0.163,-0.200,-0.002,0.122,-0.028,1784,0,-117,117,43,15.860,305,305
210170,-0.140,0.000,0.000,-0.001,0.643,0.167,-0.730,0.163,-0.200,-0.001,0.121,-0.024,1789,0,-118,118,43,15.860,305,305
210270,-0.040,0.000,-0.001,-0.001,0.643,0.168,-0.729,0.163,-0.200,-0.001,0.121,-0.021,1795,0,-120,120,43,15.860,305,305
210370,0.130,-0.000,0.000,-0.001,0.642,0.170,-0.730,0.161,-0.200,-0.001,0.124,-0.015,1759,0,-119,119,43,15.860,305,305
210470,0.010,-0.001,0.001,0.000,0.643,0.169,-0.730,0.159,-0.200,-0.001,0.123,-0.015,1833,0,-118,118,43,15.860,305,305
210570,-0.060,0.000,0.000,-0.000,0.643,0.168,-0.730,0.159,-0.200,-0.001,0.122,-0.015,1872,0,-118,118,43,15.850,305,305
210670,-0.050,-0.000,-0.000,-0.000,0.644,0.169,-0.729,0.158,-0.200,-0.001,0.121,-0.013,1850,0,-118,118,43,15.850,305,305
210770,0.170,0.000,-0.000,0.001,0.643,0.168,-0.730,0.158,-0.200,-0.001,0.122,-0.015,1957,0,-119,119,43,15.850,305,305
210870,0.100,-0.000,0.001,-0.001,0.644,0.167,-0.729,0.159,-0.200,-0.001,0.120,-0.016,1950,0,-115,115,42,15.840,305,305
210970,-0.250,0.000,0.001,0.001,0.648,0.167,-0.726,0.159,-0.200,-0.001,0.111,-0.015,2015,0,-111,111,42,15.840,305,305
211070,-0.180,-0.001,-0.001,0.001,0.647,0.165,-0.727,0.159,-0.200,-0.001,0.113,-0.018,2131,0,-118,118,43,15.840,305,305
211170,0.150,0.000,-0.001,0.000,0.645,0.165,-0.729,0.159,-0.200,-0.001,0.118,-0.019,2086,0,-121,121,43,15.840,305,305
211270,0.130,0.001,-0.001,-0.000,0.643,0.167,-0.730,0.158,-0.200,-0.001,0.123,-0.017,2051,0,-121,121,43,15.840,305,305
211370,0.020,0.001,0.000,-0.000,0.643,0.168,-0.730,0.159,-0.200,-0.001,0.124,-0.016,2064,0,-119,119,43,15.840,305,305
211470,-0.100,0.001,0.000,-0.000,0.643,0.170,-0.729,0.159,-0.200,-0.001,0.122,-0.013,2038,0,-117,117,43,15.840,305,305
211570,0.000,0.000,0.000,0.000,0.642,0.171,-0.730,0.160,-0.200,-0.001,0.124,-0.013,2087,0,-119,119,42,15.850,305,305
211670,0.110,0.000,-0.000,-0.000,0.642,0.172,-0.730,0.160,-0.200,-0.001,0.124,-0.012,2097,0,-119,119,42,15.850,305,305
211770,0.110,-0.000,0.001,-0.001,0.642,0.174,-0.729,0.160,-0.200,-0.001,0.124,-0.010,2065,0,-118,118,43,15.850,305,305
211870,-0.130,-0.000,0.001,0.000,0.644,0.173,-0.728,0.160,-0.200,-0.001,0.120,-0.010,2110,0,-115,115,43,15.850,305,305
211970,0.080,-0.000,0.000,0.000,0.644,0.172,-0.728,0.160,-0.200,-0.001,0.120,-0.012,2161,0,-117,117,43,15.850,305,305
212070,-0.010,-0.000,0.001,0.000,0.646,0.172,-0.727,0.160,-0.200,-0.001,0.116,-0.011,2162,0,-115,115,42,15.850,305,305
212170,0.010,-0.000,-0.000,0.000,0.645,0.171,-0.728,0.160,-0.200,-0.001,0.118,-0.013,2213,0,-119,119,42,15.850,305,305
212270,0.030,0.000,0.000,0.000,0.646,0.171,-0.727,0.160,-0.200,-0.001,0.116,-0.012,2207,0,-116,116,43,15.850,305,305
212370,0.020,0.000,0.000,0.000,0.646,0.170,-0.727,0.161,-0.200,-0.001,0.114,-0.015,2270,0,-116,116,43,15.850,305,305
212470,-0.070,0.001,-0.000,-0.000,0.646,0.171,-0.726,0.163,-0.200,-0.001,0.112,-0.016,2285,0,-116,116,43,15.840,305,305
212570,0.000,0.001,0.000,-0.000,0.646,0.173,-0.725,0.164,-0.200,-0.001,0.111,-0.015,2282,0,-116,116,43,15.840,305,305
212670,-0.010,0.001,-0.000,0.000,0.646,0.174,-0.725,0.165,-0.200,-0.001,0.112,-0.013,2279,0,-117,118,43,15.840,305,305
212770,-0.030,0.000,-0.000,-0.001,0.645,0.176,-0.725,0.165,-0.200,-0.001,0.113,-0.012,2261,0,-118,118,43,15.840,305,305
212870,-0.040,0.001,-0.001,0.000,0.645,0.178,-0.725,0.165,-0.200,-0.001,0.114,-0.009,2260,0,-119,119,43,15.840,305,305
212970,0.050,0.001,-0.001,-0.000,0.643,0.179,-0.726,0.165,-0.200,-0.001,0.118,-0.009,2271,0,-120,120,43,15.840,305,305
213070,-0.040,0.001,-0.000,-0.000,0.643,0.182,-0.726,0.164,-0.200,-0.000,0.119,-0.005,2225,0,-119,119,43,15.840,305,305
213170,-0.050,0.000,-0.001,0.000,0.641,0.183,-0.726,0.166,-0.200,-0.000,0.123,-0.006,2286,0,-121,121,43,15.840,305,305
213270,0.050,0.000,-0.001,0.000,0.639,0.183,-0.728,0.166,-0.200,-0.001,0.128,-0.008,2317,0,-123,123,43,15.840,305,305
213370,0.160,0.000,-0.001,0.001,0.637,0.184,-0.730,0.167,-0.200,-0.001,0.134,-0.010,2353,0,-124,124,43,15.840,305,305
213470,0.200,0.000,0.001,0.001,0.636,0.183,-0.731,0.168,-0.200,-0.001,0.135,-0.013,2399,0,-120,120,43,15.840,305,305
213570,0.050,-0.000,0.001,-0.000,0.638,0.182,-0.729,0.169,-0.200,-0.001,0.129,-0.014,2382,0,-116,116,43,15.840,305,305
213670,-0.110,-0.001,0.001,0.000,0.639,0.181,-0.728,0.169,-0.200,-0.001,0.126,-0.014,2373,0,-117,117,43,15.850,305,305
213770,0.010,-0.000,-0.000,0.000,0.640,0.179,-0.728,0.167,-0.200,-0.001,0.124,-0.014,2360,0,-118,118,43,15.850,305,305
213870,0.150,-0.000,-0.001,0.000,0.639,0.179,-0.729,0.166,-0.200,-0.001,0.129,-0.014,2358,0,-122,122,43,15.840,305,305
213970,-0.100,0.000,0.001,0.000,0.640,0.178,-0.729,0.166,-0.200,-0.001,0.126,-0.014,2361,0,-117,117,43,15.840,305,305
214070,0.010,-0.000,-0.001,0.001,0.639,0.178,-0.730,0.166,-0.200,-0.001,0.128,-0.016,2400,0,-122,122,42,15.840,305,305
214170,-0.030,-0.000,-0.000,0.000,0.638,0.176,-0.731,0.166,-0.200,-0.001,0.131,-0.018,2413,0,-121,121,42,15.840,305,305
214270,0.030,-0.000,-0.000,-0.002,0.637,0.178,-0.731,0.164,-0.200,-0.001,0.134,-0.014,2312,0,-122,122,42,15.840,305,305
214370,0.010,-0.001,-0.001,0.000,0.637,0.179,-0.732,0.163,-0.200,-0.001,0.137,-0.011,2296,0,-123,123,42,15.840,305,305
214470,0.210,0.001,-0.000,-0.000,0.636,0.179,-0.733,0.161,-0.200,-0.001,0.140,-0.008,2273,0,-123,123,42,15.840,305,305
214570,0.140,0.000,0.001,-0.000,0.635,0.181,-0.733,0.162,-0.200,-0.001,0.141,-0.007,2274,0,-121,121,43,15.840,305,305
214670,0.020,-0.000,0.001,0.000,0.637,0.181,-0.732,0.162,-0.200,-0.000,0.136,-0.006,2270,0,-118,118,43,15.840,305,305
214770,-0.160,0.000,0.000,-0.000,0.639,0.181,-0.730,0.162,-0.200,-0.000,0.132,-0.006,2274,0,-117,117,43,15.840,305,305
214870,-0.060,-0.000,-0.000,0.000,0.638,0.181,-0.731,0.162,-0.200,-0.000,0.133,-0.005,2273,0,-121,121,43,15.840,305,305
214970,0.010,-0.000,-0.001,0.001,0.637,0.181,-0.732,0.162,-0.200,-0.000,0.137,-0.007,2309,0,-123,123,42,15.850,305,305
215070,0.050,-0.000,-0.001,-0.000,0.636,0.181,-0.733,0.161,-0.200,-0.000,0.141,-0.007,2295,0,-124,124,42,15.850,305,305
215170,0.080,-0.000,0.000,0.000,0.635,0.181,-0.734,0.160,-0.200,-0.000,0.143,-0.006,2293,0,-122,122,42,15.850,305,305
215270,0.110,-0.000,-0.000,0.000,0.635,0.180,-0.734,0.160,-0.200,-0.000,0.142,-0.007,2304,0,-121,121,43,15.850,305,305
215370,0.000,0.000,0.001,-0.000,0.636,0.179,-0.734,0.160,-0.200,-0.001,0.140,-0.008,2312,0,-119,119,43,15.850,305,305
215470,-0.010,0.000,0.000,-0.000,0.637,0.179,-0.733,0.160,-0.200,-0.000,0.138,-0.006,2284,0,-120,120,42,15.850,305,305
215570,-0.060,0.000,-0.000,0.000,0.638,0.179,-0.732,0.161,-0.200,-0.001,0.135,-0.008,2311,0,-119,119,42,15.850,305,305
215670,-0.030,-0.000,0.000,-0.000,0.638,0.179,-0.732,0.161,-0.200,-0.000,0.135,-0.006,2277,0,-120,120,43,15.850,305,305
215770,0.090,0.000,-0.000,-0.000,0.637,0.180,-0.732,0.160,-0.200,-0.000,0.138,-0.004,2248,0,-122,122,43,15.850,305,305
215870,0.010,0.001,0.000,0.001,0.637,0.181,-0.732,0.161,-0.200,-0.000,0.138,-0.005,2294,0,-120,120,43,15.850,305,305
215970,0.060,-0.000,-0.000,0.000,0.637,0.180,-0.732,0.161,-0.200,-0.000,0.137,-0.006,2305,0,-121,121,43,15.850,305,305
216070,0.200,-0.000,0.001,0.000,0.637,0.180,-0.732,0.161,-0.200,-0.001,0.136,-0.007,2310,0,-119,119,43,15.850,305,305
216170,0.020,-0.000,0.002,-0.000,0.639,0.179,-0.730,0.162,-0.200,-0.000,0.130,-0.007,2291,0,-115,115,43,15.840,305,305
216270,-0.090,-0.000,0.001,0.000,0.642,0.178,-0.728,0.162,-0.200,-0.000,0.124,-0.007,2310,0,-114,114,43,15.840,305,305
216370,-0.020,-0.000,0.000,-0.000,0.643,0.177,-0.727,0.162,-0.200,-0.000,0.120,-0.007,2297,0,-116,116,42,15.830,305,305
216470,-0.100,-0.000,0.000,0.000,0.644,0.177,-0.727,0.162,-0.200,-0.000,0.119,-0.008,2313,0,-117,117,42,15.830,305,305
216570,0.050,-0.000,0.001,-0.000,0.644,0.177,-0.727,0.162,-0.200,-0.000,0.119,-0.007,2297,0,-117,117,43,15.840,305,305
216670,-0.090,0.000,0.000,-0.000,0.644,0.176,-0.727,0.162,-0.200,-0.000,0.118,-0.008,2304,0,-117,117,43,15.840,305,305
216770,0.000,0.000,-0.000,0.000,0.644,0.177,-0.727,0.162,-0.200,-0.000,0.118,-0.008,2304,0,-118,118,43,15.840,305,305
216870,0.090,0.000,-0.000,0.000,0.644,0.176,-0.727,0.161,-0.200,-0.000,0.120,-0.008,2306,0,-119,119,42,15.850,305,305
216970,0.050,-0.000,0.000,0.000,0.644,0.176,-0.727,0.161,-0.200,-0.000,0.119,-0.008,2306,0,-117,117,42,15.850,305,305
217070,-0.010,0.000,0.000,-0.000,0.644,0.176,-0.726,0.161,-0.200,-0.000,0.117,-0.007,2284,0,-117,117,43,15.840,305,305
217170,0.000,0.000,-0.000,-0.001,0.645,0.178,-0.726,0.161,-0.200,-0.000,0.117,-0.004,2238,0,-117,117,43,15.840,305,305
217270,-0.020,0.000,-0.000,0.000,0.645,0.178,-0.726,0.161,-0.200,-0.000,0.116,-0.004,2252,0,-117,117,42,15.840,305,305
217370,0.040,0.000,-0.000,0.000,0.644,0.178,-0.726,0.162,-0.200,-0.000,0.119,-0.005,2298,0,-119,119,42,15.840,305,305
217470,0.050,0.000,0.000,-0.000,0.644,0.179,-0.727,0.162,-0.200,-0.000,0.120,-0.005,2262,0,-118,118,42,15.840,305,305
217570,0.030,0.000,0.000,0.000,0.643,0.180,-0.726,0.162,-0.200,-0.000,0.120,-0.004,2262,0,-118,118,43,15.850,305,305
217670,-0.020,-0.000,0.000,-0.000,0.644,0.180,-0.726,0.162,-0.200,-0.000,0.119,-0.003,2256,0,-117,117,43,15.850,305,305
217770,-0.030,-0.000,-0.000,0.000,0.644,0.180,-0.726,0.161,-0.200,-0.000,0.119,-0.002,2248,0,-118,118,42,15.850,305,305
217870,-0.100,0.000,-0.000,-0.000,0.644,0.180,-0.726,0.161,-0.200,-0.000,0.120,-0.002,2248,0,-119,119,42,15.850,305,305
217970,0.130,-0.000,-0.000,0.000,0.643,0.180,-0.727,0.161,-0.200,-0.000,0.121,-0.002,2257,0,-119,119,42,15.840,305,305
218070,0.040,0.001,0.001,0.000,0.645,0.179,-0.725,0.162,-0.200,-0.000,0.116,-0.003,2277,0,-115,115,42,15.840,305,305
218170,-0.200,0.000,0.000,0.001,0.644,0.179,-0.725,0.164,-0.200,-0.000,0.116,-0.007,2363,0,-116,116,43,15.850,305,305
218270,-0.230,0.000,-0.001,-0.001,0.646,0.178,-0.723,0.165,-0.200,-0.000,0.110,-0.009,2385,0,-117,117,43,15.850,305,305
218370,0.260,0.000,-0.002,0.000,0.644,0.182,-0.725,0.162,-0.200,-0.000,0.118,-0.002,2216,0,-123,123,43,15.850,305,305
218470,0.070,-0.000,0.001,0.001,0.645,0.179,-0.725,0.164,-0.200,-0.000,0.115,-0.007,2342,0,-116,116,42,15.850,305,305
218570,0.090,-0.001,0.001,-0.001,0.644,0.180,-0.725,0.162,-0.200,-0.000,0.117,-0.004,2229,0,-117,117,42,15.850,305,305
218670,-0.120,-0.000,0.001,0.000,0.645,0.179,-0.725,0.162,-0.200,-0.000,0.116,-0.004,2267,0,-116,116,42,15.850,305,305
218770,0.000,-0.000,-0.001,-0.001,0.646,0.180,-0.725,0.161,-0.200,-0.000,0.115,-0.001,2204,0,-119,119,42,15.850,305,305
218870,0.090,-0.001,-0.000,-0.001,0.646,0.180,-0.725,0.157,-0.200,0.000,0.115,0.004,2122,0,-118,117,43,15.850,305,305
218970,0.020,-0.000,0.000,-0.001,0.645,0.181,-0.726,0.154,-0.200,0.001,0.120,0.009,2061,0,-120,120,43,15.850,305,305
219070,0.010,-0.001,-0.000,-0.001,0.645,0.183,-0.727,0.151,-0.200,0.001,0.123,0.015,1943,0,-120,120,43,15.850,305,305
219170,0.030,-0.001,0.001,-0.001,0.648,0.182,-0.724,0.148,-0.200,0.001,0.116,0.022,1843,0,-114,114,42,15.850,305,305
219270,-0.090,-0.000,0.001,-0.000,0.649,0.183,-0.724,0.146,-0.200,0.001,0.116,0.026,1806,0,-116,116,42,15.850,305,305
219370,0.030,-0.000,-0.001,0.000,0.648,0.183,-0.725,0.145,-0.200,0.002,0.119,0.027,1799,0,-120,120,42,15.850,305,305
219470,-0.240,0.001,-0.001,-0.001,0.643,0.185,-0.729,0.145,-0.200,0.002,0.130,0.027,1798,0,-125,125,42,15.850,305,305
219570,0.170,-0.000,-0.001,0.000,0.647,0.185,-0.726,0.144,-0.200,0.002,0.122,0.030,1669,0,-117,117,42,15.850,305,305
219670,0.080,0.001,-0.000,0.000,0.647,0.185,-0.725,0.146,-0.200,0.002,0.121,0.027,1712,0,-118,118,42,15.850,305,305
219770,-0.060,-0.000,0.001,-0.000,0.646,0.185,-0.726,0.146,-0.200,0.002,0.122,0.027,1630,0,-118,118,42,15.850,305,305
219870,-0.040,-0.000,-0.000,0.000,0.647,0.185,-0.725,0.146,-0.200,0.002,0.120,0.028,1585,0,-117,117,42,15.840,305,305
219970,-0.090,-0.001,-0.000,0.001,0.647,0.184,-0.726,0.146,-0.200,0.001,0.121,0.026,1596,0,-119,119,42,15.840,305,305
220070,-0.060,-0.001,-0.001,0.000,0.646,0.181,-0.727,0.145,-0.200,0.001,0.124,0.022,1618,0,-121,121,42,15.840,305,305
220170,-0.140,0.000,-0.001,0.001,0.643,0.179,-0.730,0.146,-0.200,0.001,0.131,0.017,1697,0,-124,124,42,15.840,305,305
220270,-0.010,0.001,-0.000,-0.000,0.640,0.179,-0.732,0.149,-0.200,0.001,0.137,0.011,1741,0,-124,124,42,15.850,305,305
220370,0.130,0.000,0.001,0.002,0.641,0.178,-0.731,0.152,-0.200,0.000,0.132,0.006,1825,0,-117,117,42,15.850,305,305
220470,0.170,0.001,0.000,0.004,0.643,0.172,-0.729,0.162,-0.200,-0.001,0.121,-0.014,2196,0,-113,114,42,15.850,305,305
220570,0.000,-0.001,0.001,-0.002,0.643,0.171,-0.729,0.162,-0.200,-0.001,0.121,-0.016,2010,0,-116,116,42,15.850,305,305
220670,-0.030,0.000,-0.000,-0.002,0.643,0.175,-0.728,0.157,-0.200,-0.000,0.123,-0.003,1706,0,-119,119,42,15.850,305,305
220770,0.160,-0.001,-0.000,0.000,0.644,0.176,-0.728,0.155,-0.200,0.000,0.123,0.002,1687,0,-119,119,42,15.850,305,305
220870,0.020,-0.000,0.001,-0.001,0.645,0.176,-0.728,0.153,-0.200,0.000,0.121,0.005,1653,0,-116,116,42,15.850,305,305
220970,0.030,0.001,0.000,0.001,0.647,0.177,-0.726,0.155,-0.200,0.000,0.116,0.004,1755,0,-115,115,42,15.840,305,305
221070,-0.100,0.001,0.001,-0.001,0.648,0.178,-0.724,0.157,-0.200,0.000,0.112,0.004,1728,0,-113,113,42,15.840,305,305
221170,-0.150,0.001,-0.001,0.001,0.648,0.180,-0.723,0.161,-0.200,-0.000,0.109,-0.000,1851,0,-116,116,42,15.840,305,305
221270,0.090,0.000,0.000,-0.000,0.647,0.180,-0.723,0.162,-0.200,-0.000,0.111,-0.002,1842,0,-117,117,42,15.840,305,305
221370,-0.040,-0.000,0.000,-0.000,0.647,0.181,-0.723,0.162,-0.200,0.000,0.111,0.000,1753,0,-116,116,42,15.840,305,305
221470,-0.130,-0.000,-0.001,-0.001,0.646,0.182,-0.724,0.161,-0.200,0.000,0.115,0.002,1733,0,-121,121,42,15.840,305,305
221570,0.130,-0.000,-0.001,-0.001,0.644,0.183,-0.726,0.159,-0.200,0.000,0.121,0.005,1669,0,-121,121,42,15.840,305,305
221670,0.230,0.000,0.000,-0.000,0.643,0.184,-0.726,0.158,-0.200,0.000,0.122,0.007,1651,0,-118,118,42,15.840,305,305
221770,-0.090,0.000,0.001,0.000,0.646,0.184,-0.724,0.158,-0.200,0.001,0.115,0.008,1623,0,-114,114,42,15.840,305,305
221870,-0.150,-0.000,0.000,-0.000,0.648,0.183,-0.722,0.159,-0.200,0.000,0.110,0.007,1672,0,-114,114,42,15.840,305,305
221970,0.050,0.000,0.001,0.001,0.647,0.182,-0.723,0.159,-0.200,0.000,0.111,0.005,1700,0,-116,116,42,15.840,305,305
222070,-0.180,0.000,-0.001,0.000,0.646,0.182,-0.724,0.159,-0.200,0.000,0.115,0.005,1706,0,-121,121,42,15.840,305,305
222170,0.000,-0.001,-0.002,0.000,0.643,0.181,-0.727,0.158,-0.200,0.000,0.123,0.002,1731,0,-125,125,42,15.840,305,305
222270,0.230,-0.001,-0.001,0.000,0.640,0.178,-0.731,0.157,-0.200,-0.000,0.131,-0.002,1792,0,-124,124,42,15.840,305,305
222370,0.090,-0.002,-0.000,0.001,0.641,0.174,-0.732,0.155,-0.200,-0.000,0.131,-0.004,1814,0,-120,120,42,15.840,305,305
222470,-0.130,-0.002,-0.000,0.000,0.642,0.171,-0.732,0.151,-0.200,-0.000,0.130,-0.003,1769,0,-120,120,42,15.850,305,305
222570,-0.210,-0.002,-0.000,0.000,0.642,0.166,-0.733,0.149,-0.200,-0.000,0.131,-0.005,1837,0,-121,121,42,15.850,305,305
222670,0.160,-0.000,-0.001,-0.001,0.641,0.163,-0.736,0.147,-0.200,-0.000,0.136,-0.006,1842,0,-124,124,42,15.850,305,305
222770,0.550,0.001,-0.000,0.002,0.641,0.163,-0.735,0.147,-0.200,-0.001,0.134,-0.007,1903,0,-120,120,42,15.850,305,305
222870,-0.080,0.000,0.002,-0.001,0.642,0.163,-0.735,0.146,-0.200,-0.000,0.134,-0.006,1793,0,-116,116,42,15.850,305,305
222970,-0.630,0.001,0.003,-0.001,0.643,0.166,-0.733,0.145,-0.200,0.000,0.131,0.001,1972,0,-115,115,42,15.850,305,305
223070,-0.290,-0.000,-0.001,-0.000,0.642,0.167,-0.734,0.146,-0.200,0.000,0.134,0.000,2106,0,-123,123,42,15.850,305,305
223170,0.100,-0.000,-0.002,0.001,0.640,0.166,-0.736,0.146,-0.200,-0.000,0.138,-0.002,1898,0,-125,125,42,15.850,305,305
223270,0.280,0.001,-0.002,-0.001,0.636,0.167,-0.739,0.147,-0.200,-0.000,0.148,-0.005,1864,0,-129,129,42,15.850,305,305
223370,0.010,0.001,-0.000,-0.001,0.635,0.170,-0.739,0.147,-0.200,-0.000,0.151,-0.001,1744,0,-125,125,42,15.850,305,305
223470,0.230,0.002,-0.002,-0.002,0.633,0.175,-0.739,0.147,-0.200,0.000,0.155,0.004,1630,0,-128,128,42,15.850,305,305
223570,0.230,0.002,0.001,-0.003,0.631,0.184,-0.739,0.150,-0.200,0.001,0.159,0.011,1470,0,-125,125,42,15.850,305,305
223670,0.210,-0.000,0.002,-0.002,0.635,0.189,-0.734,0.149,-0.200,0.002,0.149,0.023,1231,0,-117,117,42,15.850,305,305
223770,0.070,-0.001,0.004,0.001,0.640,0.188,-0.730,0.149,-0.200,0.002,0.138,0.023,1330,0,-111,111,42,15.850,305,305
223870,0.120,-0.002,0.002,0.001,0.648,0.182,-0.725,0.149,-0.200,0.001,0.117,0.019,1437,0,-106,106,42,15.850,305,305
223970,-0.240,-0.002,-0.002,0.002,0.643,0.178,-0.730,0.146,-0.200,0.001,0.130,0.015,1550,0,-126,126,42,15.850,305,305
224070,-0.330,-0.003,0.003,-0.001,0.649,0.172,-0.727,0.143,-0.200,0.001,0.116,0.015,1555,0,-109,109,42,15.850,305,305
224170,-0.180,-0.002,-0.000,0.000,0.650,0.171,-0.727,0.139,-0.200,0.001,0.116,0.020,1769,263,-117,117,42,15.850,305,305
224270,0.000,-0.004,0.001,0.001,0.648,0.163,-0.732,0.133,-0.200,0.001,0.126,0.016,1742,0,-120,120,42,15.850,305,305
224370,-0.430,-0.003,-0.002,0.001,0.649,0.157,-0.734,0.128,-0.200,0.001,0.125,0.016,1725,0,-123,123,42,15.840,305,305
224470,0.140,-0.004,-0.003,-0.001,0.646,0.151,-0.738,0.122,-0.200,0.001,0.135,0.015,1313,0,-128,128,42,15.840,305,305
224570,-0.210,-0.003,-0.000,-0.000,0.646,0.147,-0.740,0.116,-0.200,0.001,0.138,0.018,1110,0,-122,122,42,15.850,305,305
224670,0.260,-0.002,-0.002,0.001,0.645,0.142,-0.743,0.113,-0.200,0.001,0.144,0.015,1230,0,-127,127,42,15.850,305,305
224770,0.040,-0.003,-0.000,0.000,0.644,0.136,-0.745,0.110,-0.200,0.001,0.148,0.011,1254,0,-124,124,42,15.850,305,305
224870,0.070,-0.003,-0.001,0.000,0.642,0.131,-0.748,0.105,-0.200,0.001,0.154,0.012,1171,0,-127,127,42,15.850,305,305
224970,0.380,-0.003,-0.003,0.002,0.640,0.125,-0.752,0.101,-0.200,0.001,0.163,0.006,1367,0,-132,132,42,15.850,305,305
225070,0.040,-0.002,-0.002,0.004,0.638,0.114,-0.754,0.105,-0.200,-0.001,0.165,-0.014,1859,0,-129,129,42,15.850,305,305
225170,0.000,-0.001,-0.002,0.005,0.635,0.103,-0.757,0.111,-0.200,-0.003,0.170,-0.037,2235,0,-130,130,42,15.850,305,305
225270,-0.130,-0.002,-0.005,0.001,0.628,0.095,-0.765,0.112,-0.200,-0.005,0.188,-0.051,2292,0,-143,143,42,15.850,305,305
225370,-0.190,-0.001,-0.009,0.000,0.610,0.095,-0.779,0.105,-0.200,-0.006,0.234,-0.047,2165,0,-167,167,42,15.850,305,305
225470,-0.030,0.000,-0.007,0.001,0.595,0.095,-0.791,0.104,-0.200,-0.007,0.273,-0.051,2277,0,-169,169,42,15.850,305,305
225570,0.000,0.000,-0.003,-0.000,0.586,0.096,-0.798,0.104,-0.200,-0.008,0.295,-0.054,2334,0,-160,160,42,15.840,305,305
225670,-0.070,0.001,0.003,-0.000,0.585,0.097,-0.798,0.105,-0.200,-0.008,0.296,-0.054,2394,0,-142,142,42,15.840,305,305
225770,-0.350,0.001,0.009,-0.001,0.597,0.099,-0.789,0.107,-0.200,-0.007,0.268,-0.051,2415,0,-115,115,42,15.840,305,305
225870,0.040,0.001,0.010,-0.002,0.620,0.099,-0.771,0.109,-0.200,-0.005,0.209,-0.045,2333,0,-92,92,42,15.840,305,305
225970,0.180,-0.002,0.003,-0.003,0.632,0.100,-0.761,0.105,-0.200,-0.003,0.179,-0.033,2202,0,-108,108,42,15.840,305,305
226070,0.190,-0.001,0.002,-0.001,0.638,0.101,-0.757,0.099,-0.200,-0.002,0.166,-0.021,2132,0,-114,114,42,15.840,305,305
226170,0.050,-0.002,0.006,-0.000,0.645,0.099,-0.751,0.095,-0.200,-0.001,0.149,-0.015,2134,0,-109,109,42,15.840,305,305
226270,-0.130,-0.000,0.010,0.002,0.662,0.094,-0.735,0.097,-0.200,-0.001,0.099,-0.018,2330,0,-82,83,42,15.850,305,305
226370,-0.050,-0.001,0.005,0.001,0.675,0.090,-0.725,0.103,-0.200,-0.001,0.067,-0.028,2533,0,-86,86,42,15.850,305,305
226470,-0.050,-0.001,-0.001,0.002,0.677,0.083,-0.724,0.104,-0.200,-0.001,0.063,-0.038,2673,0,-107,107,42,15.850,305,305
226570,-0.120,-0.001,-0.007,0.001,0.670,0.080,-0.731,0.102,-0.200,-0.002,0.082,-0.043,2675,0,-129,129,42,15.850,305,305
226670,-0.040,-0.000,-0.003,0.000,0.659,0.078,-0.741,0.102,-0.200,-0.003,0.112,-0.047,2679,0,-132,132,42,15.850,305,305
226770,0.090,0.000,-0.002,-0.000,0.656,0.078,-0.744,0.101,-0.200,-0.003,0.119,-0.047,2635,0,-126,126,42,15.850,305,305
226870,0.150,0.001,0.001,-0.001,0.655,0.082,-0.744,0.101,-0.200,-0.003,0.122,-0.043,2559,0,-119,119,42,15.850,305,305
226970,0.060,0.000,0.000,0.000,0.657,0.082,-0.743,0.101,-0.200,-0.003,0.118,-0.042,2578,0,-116,116,42,15.850,305,305
227070,-0.030,0.000,0.000,-0.003,0.657,0.085,-0.742,0.099,-0.200,-0.002,0.117,-0.036,2438,0,-117,117,42,15.840,305,305
227170,0.020,0.001,-0.001,-0.001,0.657,0.089,-0.742,0.097,-0.200,-0.002,0.118,-0.027,2360,0,-119,119,42,15.840,305,305
227270,0.060,-0.000,-0.001,0.000,0.657,0.090,-0.742,0.096,-0.200,-0.002,0.118,-0.025,2417,0,-119,119,42,15.840,305,305
227370,-0.030,-0.001,-0.001,0.000,0.657,0.088,-0.743,0.096,-0.200,-0.002,0.120,-0.026,2455,0,-120,120,42,15.840,305,305
227470,0.000,-0.001,-0.000,-0.000,0.655,0.087,-0.745,0.095,-0.200,-0.002,0.125,-0.027,2465,0,-121,121,42,15.850,305,305
227570,0.050,-0.001,0.001,-0.002,0.655,0.088,-0.745,0.092,-0.200,-0.001,0.126,-0.022,2360,0,-118,118,42,15.850,305,305
227670,0.040,-0.001,0.001,-0.001,0.658,0.089,-0.743,0.088,-0.200,-0.001,0.120,-0.014,2262,0,-115,115,42,15.850,305,305
227770,-0.050,-0.000,-0.001,-0.000,0.657,0.089,-0.743,0.086,-0.200,-0.001,0.121,-0.011,2268,0,-119,119,42,15.850,305,305
227870,0.000,0.001,-0.001,-0.000,0.656,0.089,-0.745,0.086,-0.200,-0.001,0.125,-0.011,2326,0,-122,122,42,15.840,305,305
227970,0.250,-0.000,-0.001,-0.001,0.654,0.090,-0.746,0.084,-0.200,-0.000,0.130,-0.007,2240,0,-123,123,42,15.840,305,305
228070,0.170,-0.001,0.002,-0.000,0.656,0.092,-0.745,0.081,-0.200,-0.000,0.126,-0.000,2165,0,-114,114,42,15.840,305,305
228170,0.000,-0.001,0.001,0.001,0.659,0.089,-0.742,0.081,-0.200,-0.000,0.118,-0.003,2283,0,-113,113,42,15.840,305,305
228270,-0.190,-0.001,0.001,0.000,0.662,0.085,-0.740,0.080,-0.200,-0.000,0.110,-0.006,2315,0,-112,112,42,15.840,305,305
228370,0.000,-0.000,-0.000,0.001,0.661,0.082,-0.742,0.079,-0.200,-0.000,0.115,-0.009,2366,0,-118,118,42,15.840,305,305
228470,0.040,-0.001,-0.001,-0.000,0.661,0.079,-0.742,0.079,-0.200,-0.001,0.113,-0.012,2369,0,-118,118,42,15.840,305,305
228570,0.210,-0.000,-0.000,0.000,0.661,0.079,-0.742,0.078,-0.200,-0.001,0.115,-0.011,2344,0,-118,118,42,15.840,305,305
228670,-0.030,-0.001,0.001,0.001,0.660,0.077,-0.743,0.079,-0.200,-0.001,0.116,-0.016,2428,0,-115,115,42,15.840,305,305
228770,-0.260,-0.003,0.003,-0.002,0.666,0.075,-0.738,0.075,-0.200,-0.000,0.101,-0.010,2291,0,-106,106,42,15.840,305,305
228870,-0.090,-0.005,0.000,-0.000,0.671,0.071,-0.736,0.063,-0.200,0.000,0.093,0.002,2125,0,-111,111,42,15.850,305,305
228970,-0.340,-0.007,-0.003,0.002,0.665,0.057,-0.743,0.052,-0.200,-0.000,0.110,-0.002,2373,0,-126,126,42,15.850,305,305
229070,-0.330,-0.010,-0.001,0.002,0.666,0.040,-0.744,0.034,-0.200,0.000,0.111,0.003,2411,0,-118,118,42,15.840,305,305
229170,-0.360,-0.011,-0.001,0.004,0.667,0.016,-0.745,0.018,-0.200,-0.000,0.110,-0.004,2683,0,-117,117,42,15.840,305,305
229270,-0.810,-0.010,-0.001,0.002,0.668,-0.012,-0.744,-0.001,-0.200,-0.001,0.109,-0.014,3200,0,-116,116,42,15.850,305,305
229370,-1.040,-0.008,-0.003,0.005,0.662,-0.034,-0.748,-0.012,-0.200,-0.002,0.123,-0.027,3894,984,-130,130,42,15.850,305,305
229470,-1.460,-0.007,-0.002,0.002,0.656,-0.053,-0.753,-0.021,-0.200,-0.003,0.140,-0.038,4497,2398,-132,132,42,15.860,305,305
229570,-0.980,-0.010,0.002,0.000,0.653,-0.070,-0.753,-0.038,-0.200,-0.002,0.144,-0.034,4955,3437,-123,122,42,15.860,305,305
229670,-0.140,-0.006,0.003,0.002,0.654,-0.089,-0.749,-0.051,-0.200,-0.003,0.139,-0.040,5144,3540,-116,116,42,15.860,305,305
229770,-0.060,-0.004,0.006,0.000,0.660,-0.100,-0.742,-0.060,-0.200,-0.002,0.121,-0.043,5017,3374,-102,102,42,15.860,305,305
229870,0.150,-0.005,0.003,-0.003,0.669,-0.104,-0.732,-0.075,-0.200,-0.001,0.094,-0.030,4685,3308,-98,98,42,15.840,305,305
229970,0.160,-0.010,0.002,0.002,0.673,-0.118,-0.725,-0.092,-0.200,-0.001,0.078,-0.025,4534,2963,-101,100,42,15.840,305,305
230070,1.250,-0.011,0.005,-0.003,0.681,-0.135,-0.710,-0.116,-0.200,-0.000,0.046,-0.022,3869,2039,-88,88,42,15.850,305,305
230170,0.180,-0.011,0.003,-0.004,0.681,-0.148,-0.704,-0.138,-0.200,-0.000,0.035,-0.008,3275,1480,-94,94,42,15.850,305,305
230270,-0.150,-0.000,0.003,-0.003,0.681,-0.149,-0.699,-0.158,-0.200,0.000,0.021,0.017,3005,1830,-94,94,42,15.850,305,305
230370,0.120,-0.003,-0.005,-0.005,0.666,-0.149,-0.711,-0.168,-0.200,0.001,0.056,0.040,2581,1960,-129,129,42,15.850,305,305
230470,1.090,-0.006,-0.001,-0.001,0.662,-0.153,-0.712,-0.178,-0.200,0.002,0.061,0.052,1198,0,-114,114,42,15.850,305,305
230570,1.770,0.005,0.004,0.004,0.664,-0.154,-0.710,-0.177,-0.200,0.002,0.055,0.047,1622,0,-100,100,42,15.850,305,305
230670,0.600,0.009,-0.003,0.002,0.670,-0.147,-0.711,-0.158,-0.200,0.001,0.053,0.027,1929,0,-113,113,42,15.850,305,305
230770,-0.230,0.007,-0.012,0.004,0.661,-0.145,-0.724,-0.136,-0.200,0.000,0.090,0.006,2300,0,-147,148,42,15.860,305,305
230870,-0.760,0.004,-0.013,0.003,0.633,-0.149,-0.750,-0.117,-0.200,-0.001,0.171,-0.013,3089,0,-179,179,42,15.860,305,305
230970,0.470,-0.000,-0.004,-0.002,0.616,-0.147,-0.766,-0.110,-0.200,-0.001,0.219,-0.012,2702,0,-162,162,42,15.850,305,305
231070,0.470,-0.001,-0.005,-0.003,0.608,-0.145,-0.772,-0.115,-0.200,0.000,0.235,0.001,1837,0,-153,152,42,15.850,305,305
231170,0.590,-0.002,-0.005,-0.005,0.596,-0.141,-0.781,-0.123,-0.200,0.003,0.261,0.024,1238,0,-158,158,42,15.860,305,305
231270,0.800,-0.004,0.006,-0.001,0.595,-0.140,-0.780,-0.133,-0.200,0.005,0.259,0.040,966,0,-129,129,42,15.860,305,305
231370,0.140,-0.004,0.004,0.000,0.605,-0.143,-0.769,-0.147,-0.200,0.006,0.226,0.053,713,0,-117,117,42,15.860,305,305
231470,-0.060,-0.003,0.005,-0.001,0.610,-0.147,-0.762,-0.156,-0.200,0.006,0.207,0.059,216,0,-114,113,42,15.860,305,305
231570,-0.250,-0.000,0.004,-0.001,0.620,-0.145,-0.754,-0.162,-0.200,0.006,0.181,0.064,0,555,-109,109,41,15.860,305,305
231670,-0.470,0.001,0.003,0.002,0.629,-0.144,-0.747,-0.160,-0.200,0.005,0.159,0.059,1200,1029,-109,109,41,15.860,305,305
231770,-0.210,0.000,0.004,0.002,0.636,-0.146,-0.741,-0.157,-0.200,0.003,0.140,0.046,1657,1046,-107,107,42,15.860,305,305
231870,0.210,-0.003,0.002,0.004,0.643,-0.153,-0.734,-0.157,-0.200,0.002,0.124,0.034,1303,0,-106,106,42,15.860,305,305
231970,0.080,-0.001,-0.000,0.000,0.646,-0.160,-0.729,-0.159,-0.200,0.001,0.116,0.025,1087,0,-114,114,42,15.860,305,305
232070,0.000,-0.001,0.000,-0.001,0.644,-0.161,-0.730,-0.163,-0.200,0.002,0.117,0.030,479,0,-117,117,42,15.860,305,305
232170,-0.140,0.001,-0.000,0.000,0.644,-0.161,-0.729,-0.163,-0.200,0.002,0.116,0.029,427,0,-117,117,42,15.850,305,305
232270,-0.140,0.000,0.001,0.002,0.645,-0.163,-0.730,-0.158,-0.200,0.001,0.119,0.021,882,0,-118,117,42,15.850,305,305
232370,0.050,0.002,-0.002,0.001,0.646,-0.164,-0.730,-0.154,-0.200,0.001,0.119,0.013,977,0,-122,122,42,15.840,305,305
232470,0.260,0.002,-0.002,-0.001,0.641,-0.161,-0.735,-0.150,-0.200,0.001,0.133,0.013,776,0,-129,129,42,15.840,305,305
232570,0.180,0.003,-0.000,-0.002,0.638,-0.156,-0.740,-0.147,-0.200,0.001,0.143,0.019,0,489,-127,127,42,15.840,305,305
232670,-0.030,0.002,0.002,-0.001,0.638,-0.147,-0.742,-0.144,-0.200,0.002,0.144,0.026,0,850,-123,123,42,15.840,305,305
232770,-0.130,0.001,0.002,0.001,0.643,-0.143,-0.739,-0.142,-0.200,0.002,0.134,0.025,0,644,-113,113,42,15.840,305,305
232870,-0.070,0.000,0.000,0.001,0.646,-0.143,-0.737,-0.139,-0.200,0.001,0.126,0.020,0,382,-115,115,42,15.840,305,305
232970,0.000,0.001,0.001,0.001,0.647,-0.144,-0.737,-0.136,-0.200,0.001,0.127,0.014,420,0,-118,118,42,15.840,305,305
233070,-0.140,-0.002,0.001,0.000,0.649,-0.147,-0.733,-0.138,-0.200,0.001,0.119,0.011,160,0,-113,113,41,15.840,305,305
233170,0.000,-0.001,-0.001,0.001,0.649,-0.151,-0.732,-0.141,-0.200,0.001,0.118,0.012,0,427,-118,118,41,15.840,305,305
233270,0.030,0.000,0.001,0.001,0.648,-0.154,-0.732,-0.140,-0.200,0.000,0.120,0.005,612,0,-120,120,42,15.840,305,305
233370,0.000,0.000,0.000,0.001,0.650,-0.156,-0.731,-0.138,-0.200,-0.000,0.117,-0.000,710,0,-116,116,42,15.840,305,305
233470,0.050,0.000,0.001,0.002,0.651,-0.159,-0.730,-0.135,-0.200,-0.001,0.115,-0.011,1125,0,-115,115,41,15.840,305,305
233570,0.030,-0.000,0.002,0.000,0.654,-0.162,-0.727,-0.131,-0.200,-0.001,0.111,-0.021,1331,0,-113,113,41,15.840,305,305
233670,0.080,0.000,-0.000,0.000,0.656,-0.162,-0.725,-0.133,-0.200,-0.001,0.104,-0.020,1163,0,-112,112,42,15.850,305,305
233770,0.000,-0.001,0.000,0.000,0.657,-0.164,-0.724,-0.133,-0.200,-0.001,0.103,-0.022,1272,0,-114,114,42,15.850,305,305
233870,0.040,-0.001,0.001,-0.000,0.656,-0.165,-0.724,-0.134,-0.200,-0.001,0.103,-0.023,1262,0,-115,115,42,15.850,305,305
233970,0.020,0.000,0.001,0.000,0.657,-0.165,-0.723,-0.135,-0.200,-0.001,0.099,-0.021,1287,0,-112,112,42,15.850,305,305
234070,-0.140,-0.001,-0.000,-0.000,0.659,-0.166,-0.721,-0.136,-0.200,-0.001,0.096,-0.023,1362,0,-113,113,42,15.850,305,305
234170,-0.150,-0.001,-0.001,0.000,0.658,-0.167,-0.721,-0.138,-0.200,-0.001,0.097,-0.021,1353,0,-116,116,42,15.850,305,305
234270,0.000,-0.000,-0.001,-0.001,0.655,-0.169,-0.723,-0.140,-0.200,-0.001,0.102,-0.020,1364,0,-118,118,42,15.850,305,305
234370,0.020,0.000,-0.001,-0.000,0.654,-0.169,-0.724,-0.140,-0.200,-0.001,0.106,-0.019,1405,0,-119,119,42,15.850,305,305
234470,0.030,0.000,-0.000,-0.000,0.653,-0.168,-0.725,-0.140,-0.200,-0.001,0.107,-0.016,1398,0,-118,118,42,15.850,305,305
234570,0.070,0.000,-0.000,0.001,0.654,-0.169,-0.724,-0.139,-0.200,-0.001,0.106,-0.020,1554,0,-115,116,42,15.850,305,305
234670,0.060,0.000,0.000,-0.000,0.654,-0.168,-0.724,-0.139,-0.200,-0.001,0.106,-0.019,1533,0,-116,116,42,15.850,305,305
234770,0.070,0.001,0.000,0.000,0.655,-0.167,-0.724,-0.138,-0.200,-0.001,0.104,-0.020,1602,0,-114,114,42,15.850,305,305
234870,-0.040,0.000,-0.001,0.000,0.654,-0.166,-0.725,-0.136,-0.200,-0.001,0.107,-0.020,1656,0,-118,118,42,15.850,305,305
234970,-0.080,-0.001,-0.002,0.000,0.654,-0.167,-0.725,-0.136,-0.200,-0.001,0.108,-0.022,1715,0,-118,118,42,15.850,305,305
235070,-0.230,-0.000,-0.003,-0.001,0.648,-0.170,-0.730,-0.136,-0.200,-0.001,0.124,-0.021,1733,0,-129,129,42,15.850,305,305
235170,-0.520,-0.001,-0.005,-0.001,0.638,-0.171,-0.739,-0.135,-0.200,-0.001,0.151,-0.017,2032,0,-141,141,42,15.850,305,305
235270,-0.050,-0.000,0.000,0.002,0.637,-0.172,-0.739,-0.135,-0.200,-0.001,0.153,-0.019,2170,0,-125,125,42,15.850,305,305
235370,0.160,0.001,-0.000,0.002,0.638,-0.176,-0.738,-0.131,-0.200,-0.002,0.152,-0.030,2201,0,-123,123,42,15.860,305,305
235470,0.110,-0.001,-0.001,-0.003,0.636,-0.176,-0.740,-0.130,-0.200,-0.002,0.157,-0.032,1974,0,-127,126,42,15.860,305,305
235570,0.130,-0.000,-0.003,-0.004,0.631,-0.171,-0.744,-0.138,-0.200,-0.001,0.168,-0.008,1442,0,-133,133,42,15.850,305,305
235670,0.360,-0.001,0.000,-0.000,0.628,-0.166,-0.747,-0.144,-0.200,0.001,0.171,0.007,1275,0,-127,127,42,15.850,305,305
235770,0.030,0.002,-0.003,0.001,0.627,-0.165,-0.749,-0.138,-0.200,-0.000,0.176,-0.000,1686,0,-133,133,42,15.850,305,305
235870,-0.210,-0.001,0.001,-0.000,0.625,-0.166,-0.751,-0.135,-0.200,-0.000,0.183,-0.004,1753,0,-129,129,42,15.850,305,305
235970,-0.010,-0.000,-0.002,-0.000,0.622,-0.168,-0.753,-0.135,-0.200,-0.001,0.190,-0.007,1799,0,-135,135,42,15.850,305,305
236070,0.200,-0.000,0.003,-0.005,0.622,-0.164,-0.753,-0.137,-0.200,0.000,0.190,0.002,1444,0,-125,125,42,15.850,305,305
236170,0.260,0.001,0.003,-0.005,0.625,-0.153,-0.752,-0.146,-0.200,0.003,0.177,0.028,383,0,-118,118,42,15.850,305,305
236270,-0.350,0.000,-0.000,-0.003,0.628,-0.143,-0.750,-0.153,-0.200,0.004,0.166,0.050,0,1076,-121,121,41,15.860,305,305
236370,0.200,0.014,0.002,0.003,0.641,-0.128,-0.746,-0.131,-0.200,0.002,0.145,0.032,1297,0,-108,109,41,15.860,305,305
236470,0.060,-0.001,-0.000,-0.001,0.634,-0.120,-0.754,-0.123,-0.200,0.003,0.165,0.033,818,0,-134,134,42,15.860,305,305
236570,-0.480,0.004,0.001,0.005,0.637,-0.119,-0.753,-0.113,-0.200,0.002,0.164,0.019,1773,0,-124,124,42,15.860,305,305
236670,-0.090,0.003,-0.000,0.003,0.640,-0.123,-0.752,-0.100,-0.200,-0.001,0.160,-0.007,2120,0,-123,123,42,15.860,305,305
236770,0.240,0.001,-0.001,-0.000,0.641,-0.122,-0.752,-0.092,-0.200,-0.001,0.161,-0.018,1877,0,-126,126,42,15.860,305,305
236870,0.310,0.000,-0.002,-0.000,0.639,-0.121,-0.754,-0.093,-0.200,-0.001,0.166,-0.014,1669,0,-129,129,42,15.860,305,305
236970,0.250,-0.000,-0.001,0.001,0.638,-0.121,-0.755,-0.091,-0.200,-0.001,0.171,-0.016,1726,0,-129,129,41,15.860,305,305
237070,-0.030,0.001,-0.003,-0.001,0.632,-0.121,-0.760,-0.090,-0.200,-0.002,0.186,-0.017,1710,0,-138,139,41,15.860,305,305
237170,0.080,0.001,-0.001,-0.003,0.630,-0.116,-0.762,-0.091,-0.200,-0.001,0.190,-0.008,1439,0,-131,131,42,15.850,305,305
237270,0.090,0.003,0.001,-0.001,0.629,-0.108,-0.764,-0.090,-0.200,0.000,0.192,0.002,1327,0,-129,129,42,15.850,305,305
237370,0.040,0.002,0.001,0.000,0.631,-0.103,-0.764,-0.087,-0.200,0.000,0.190,0.003,1410,0,-126,127,42,15.850,305,305
237470,0.010,0.003,0.001,0.001,0.632,-0.100,-0.764,-0.081,-0.200,-0.000,0.190,-0.003,1637,0,-128,128,42,15.850,305,305
237570,-0.090,-0.001,0.001,-0.001,0.636,-0.099,-0.761,-0.080,-0.200,-0.000,0.180,-0.004,1574,0,-122,122,42,15.840,305,305
237670,-0.050,0.000,0.001,-0.001,0.637,-0.096,-0.761,-0.083,-0.200,0.000,0.177,0.003,1371,0,-123,123,42,15.840,305,305
237770,0.040,0.001,-0.000,0.000,0.636,-0.095,-0.762,-0.083,-0.200,0.000,0.179,0.005,1408,0,-128,128,41,15.840,305,305
237870,0.100,0.000,-0.001,0.000,0.635,-0.094,-0.762,-0.082,-0.200,0.000,0.180,0.005,1415,0,-128,128,41,15.840,305,305
237970,0.020,-0.000,-0.000,0.000,0.634,-0.095,-0.763,-0.082,-0.200,0.000,0.183,0.004,1450,0,-130,130,41,15.840,305,305
238070,0.000,-0.000,0.001,-0.000,0.634,-0.095,-0.763,-0.082,-0.200,0.000,0.183,0.004,1448,0,-127,127,42,15.850,305,305
238170,-0.050,-0.000,0.001,-0.000,0.635,-0.095,-0.762,-0.082,-0.200,0.000,0.180,0.005,1391,0,-124,124,42,15.850,305,305
238270,-0.060,0.000,0.000,-0.000,0.638,-0.094,-0.760,-0.083,-0.200,0.001,0.174,0.006,1361,0,-123,123,42,15.850,305,305
238370,-0.040,-0.000,-0.000,-0.000,0.638,-0.094,-0.760,-0.084,-0.200,0.001,0.172,0.007,1326,0,-125,125,42,15.850,305,305
238470,0.040,-0.000,-0.000,-0.000,0.638,-0.094,-0.760,-0.085,-0.200,0.001,0.173,0.009,1258,0,-126,126,42,15.850,305,305
238570,0.070,-0.000,0.001,-0.000,0.637,-0.094,-0.760,-0.086,-0.200,0.001,0.174,0.010,1233,0,-126,126,42,15.850,305,305
238670,-0.020,0.000,0.001,-0.000,0.639,-0.093,-0.759,-0.086,-0.200,0.001,0.170,0.012,1167,0,-123,123,41,15.850,305,305
238770,-0.050,0.001,0.000,-0.000,0.641,-0.092,-0.757,-0.086,-0.200,0.001,0.165,0.013,1114,0,-122,122,41,15.850,305,305
238870,0.000,-0.000,-0.000,-0.000,0.641,-0.091,-0.757,-0.086,-0.200,0.001,0.165,0.013,1095,0,-125,124,41,15.850,305,305
238970,0.050,-0.000,-0.000,-0.000,0.640,-0.091,-0.758,-0.086,-0.200,0.001,0.166,0.014,1063,0,-126,126,41,15.840,305,305
239070,0.080,-0.000,0.000,-0.000,0.640,-0.091,-0.758,-0.086,-0.200,0.001,0.167,0.014,1025,0,-125,125,41,15.840,305,305
239170,0.030,0.000,0.000,0.000,0.640,-0.091,-0.758,-0.087,-0.200,0.001,0.167,0.015,964,0,-125,125,42,15.840,305,305
239270,-0.030,-0.000,0.000,0.000,0.640,-0.092,-0.758,-0.086,-0.200,0.001,0.167,0.013,1013,0,-125,125,42,15.840,305,305
239370,0.070,-0.000,-0.000,-0.000,0.640,-0.093,-0.758,-0.086,-0.200,0.001,0.168,0.012,961,0,-126,126,42,15.850,305,305
239470,-0.010,0.000,0.000,0.001,0.639,-0.093,-0.758,-0.087,-0.200,0.001,0.168,0.013,901,0,-126,126,42,15.850,305,305
239570,-0.010,-0.000,0.000,0.000,0.639,-0.094,-0.758,-0.087,-0.200,0.001,0.168,0.012,884,0,-125,125,42,15.850,305,305
239670,0.030,0.000,-0.000,-0.000,0.640,-0.094,-0.758,-0.088,-0.200,0.001,0.167,0.012,838,0,-125,125,42,15.830,305,305
239770,0.070,0.000,0.000,-0.000,0.639,-0.094,-0.758,-0.087,-0.200,0.001,0.168,0.012,785,0,-125,125,42,15.830,305,305
239870,0.040,-0.000,0.000,-0.000,0.639,-0.094,-0.759,-0.087,-0.200,0.001,0.169,0.012,744,0,-126,126,41,15.830,305,305
239970,0.080,-0.000,-0.000,-0.000,0.639,-0.094,-0.759,-0.087,-0.200,0.001,0.169,0.012,665,0,-126,126,41,15.830,305,305
240070,0.030,-0.000,-0.000,0.000,0.639,-0.094,-0.759,-0.087,-0.200,0.001,0.169,0.012,603,0,-125,125,41,15.850,305,305
240170,-0.010,-0.000,0.000,0.000,0.639,-0.094,-0.758,-0.088,-0.200,0.001,0.168,0.013,518,0,-125,125,41,15.850,305,305
240270,0.010,-0.000,-0.000,0.000,0.639,-0.094,-0.758,-0.088,-0.200,0.001,0.168,0.013,456,0,-125,125,42,15.850,305,305
240370,0.000,-0.000,0.000,0.000,0.640,-0.095,-0.758,-0.088,-0.200,0.001,0.166,0.013,355,0,-124,124,42,15.850,305,305
240470,-0.010,-0.000,-0.000,0.000,0.640,-0.095,-0.758,-0.088,-0.200,0.001,0.166,0.013,246,0,-125,125,42,15.850,305,305
240570,0.030,0.000,-0.000,-0.001,0.639,-0.094,-0.758,-0.088,-0.200,0.001,0.168,0.014,0,374,-127,127,42,15.850,305,305
240670,0.020,-0.000,0.001,-0.001,0.639,-0.093,-0.758,-0.090,-0.200,0.001,0.168,0.018,0,733,-124,124,42,15.850,305,305
240770,-0.080,-0.000,0.000,0.000,0.641,-0.092,-0.757,-0.090,-0.200,0.002,0.163,0.018,0,732,-123,123,41,15.850,305,305
240870,-0.020,0.000,-0.000,-0.000,0.641,-0.092,-0.757,-0.090,-0.200,0.002,0.162,0.018,0,757,-124,124,41,15.850,305,305
240970,0.060,0.000,-0.000,-0.000,0.641,-0.091,-0.757,-0.091,-0.200,0.002,0.164,0.020,0,919,-125,125,42,15.850,305,305
241070,0.080,-0.000,0.000,0.000,0.639,-0.092,-0.758,-0.091,-0.200,0.002,0.166,0.021,0,965,-127,127,42,15.850,305,305
241170,0.020,0.000,0.000,-0.000,0.640,-0.092,-0.758,-0.090,-0.200,0.002,0.165,0.019,0,961,-124,124,42,15.850,305,305
241270,-0.010,0.000,0.000,0.000,0.641,-0.091,-0.757,-0.090,-0.200,0.002,0.162,0.019,0,1020,-123,123,42,15.850,305,305
241370,0.020,0.001,-0.000,-0.000,0.641,-0.091,-0.757,-0.089,-0.200,0.002,0.164,0.019,0,1078,-126,126,42,15.850,305,305
241470,0.060,0.000,0.000,0.000,0.641,-0.090,-0.757,-0.090,-0.200,0.002,0.164,0.020,0,1181,-124,124,42,15.840,305,305
241570,0.050,0.000,0.001,-0.000,0.640,-0.090,-0.757,-0.089,-0.200,0.002,0.164,0.020,0,1205,-124,124,42,15.840,305,305
241670,0.030,0.000,0.001,0.000,0.642,-0.089,-0.756,-0.090,-0.200,0.002,0.160,0.021,0,1289,-121,121,42,15.840,305,305
241770,-0.030,0.001,0.000,-0.000,0.643,-0.088,-0.755,-0.089,-0.200,0.002,0.157,0.021,0,1332,-122,122,42,15.840,305,305
241870,-0.020,0.000,0.001,0.000,0.644,-0.088,-0.755,-0.089,-0.200,0.002,0.154,0.021,0,1370,-121,121,41,15.850,305,305
241970,-0.030,-0.000,-0.000,-0.000,0.644,-0.088,-0.755,-0.089,-0.200,0.002,0.155,0.021,0,1423,-124,124,41,15.850,305,305
242070,0.010,-0.001,-0.000,0.000,0.643,-0.088,-0.755,-0.090,-0.200,0.002,0.157,0.022,0,1480,-125,125,41,15.850,305,305
242170,0.160,-0.000,-0.001,0.001,0.642,-0.090,-0.756,-0.090,-0.200,0.002,0.161,0.021,0,1478,-127,127,42,15.840,305,305
242270,0.090,-0.000,0.000,0.001,0.641,-0.091,-0.757,-0.089,-0.200,0.002,0.163,0.018,0,1447,-126,126,42,15.840,305,305
242370,0.000,-0.000,0.000,0.000,0.642,-0.093,-0.756,-0.090,-0.200,0.001,0.161,0.016,0,1468,-123,123,42,15.840,305,305
242470,0.000,-0.000,-0.000,0.000,0.642,-0.094,-0.756,-0.091,-0.200,0.001,0.160,0.016,0,1528,-124,124,42,15.840,305,305
242570,-0.030,-0.001,0.000,0.000,0.642,-0.095,-0.755,-0.092,-0.200,0.001,0.159,0.016,0,1559,-123,123,42,15.850,305,305
242670,0.030,-0.001,-0.000,-0.000,0.642,-0.097,-0.755,-0.092,-0.200,0.001,0.159,0.015,0,1577,-124,124,42,15.850,305,305
242770,0.000,0.000,0.001,0.000,0.642,-0.097,-0.755,-0.093,-0.200,0.001,0.158,0.015,0,1612,-122,122,41,15.840,305,305
242870,-0.020,-0.000,0.001,-0.001,0.645,-0.097,-0.752,-0.094,-0.200,0.001,0.152,0.016,0,1666,-118,118,41,15.840,305,305
242970,0.000,-0.000,0.001,-0.001,0.646,-0.095,-0.751,-0.095,-0.200,0.001,0.148,0.019,0,1781,-119,119,41,15.840,305,305
243070,0.000,-0.001,0.000,-0.000,0.648,-0.095,-0.749,-0.098,-0.200,0.002,0.141,0.024,0,1883,-118,118,41,15.840,305,305
243170,-0.100,-0.001,-0.000,0.001,0.649,-0.097,-0.748,-0.101,-0.200,0.002,0.138,0.025,0,1892,-119,119,41,15.840,305,305
243270,0.000,-0.000,-0.001,0.002,0.647,-0.100,-0.750,-0.098,-0.200,0.001,0.146,0.017,0,1724,-126,126,42,15.850,305,305
243370,0.020,-0.002,-0.001,0.000,0.645,-0.105,-0.751,-0.098,-0.200,0.001,0.150,0.012,0,1688,-126,126,42,15.850,305,305
243470,0.060,-0.000,-0.001,0.001,0.641,-0.108,-0.753,-0.098,-0.200,0.001,0.159,0.010,0,1707,-130,130,41,15.850,305,305
243570,0.080,0.002,-0.002,0.002,0.638,-0.109,-0.756,-0.095,-0.200,0.000,0.168,0.005,0,1595,-132,132,41,15.850,305,305
243670,0.140,0.001,0.001,0.001,0.637,-0.111,-0.757,-0.090,-0.200,-0.000,0.172,-0.005,0,1418,-126,126,41,15.850,305,305
243770,0.110,0.001,0.002,-0.000,0.640,-0.110,-0.756,-0.085,-0.200,-0.001,0.166,-0.011,0,1389,-120,120,41,15.850,305,305
243870,0.070,0.001,0.001,-0.001,0.646,-0.106,-0.751,-0.085,-0.200,-0.001,0.152,-0.009,0,1512,-115,115,41,15.850,305,305
243970,-0.060,0.001,0.003,0.001,0.650,-0.104,-0.748,-0.085,-0.200,-0.001,0.142,-0.008,0,1483,-112,113,41,15.850,305,305
244070,-0.020,-0.001,-0.001,0.001,0.651,-0.107,-0.747,-0.082,-0.200,-0.001,0.140,-0.016,0,1238,-121,121,41,15.850,305,305
244170,0.010,-0.002,0.000,0.001,0.651,-0.111,-0.746,-0.084,-0.200,-0.001,0.138,-0.018,0,1232,-119,119,41,15.850,305,305
244270,-0.050,0.001,0.002,0.001,0.652,-0.112,-0.745,-0.084,-0.200,-0.001,0.137,-0.021,0,1120,-118,118,41,15.850,305,305
244370,0.090,0.000,0.001,-0.000,0.655,-0.112,-0.743,-0.086,-0.200,-0.001,0.128,-0.020,0,1204,-114,114,41,15.850,305,305
244470,0.090,0.001,-0.000,-0.000,0.655,-0.110,-0.743,-0.084,-0.200,-0.001,0.127,-0.019,0,1144,-118,118,41,15.850,305,305
244570,0.230,0.001,0.002,-0.002,0.657,-0.107,-0.742,-0.080,-0.200,-0.001,0.124,-0.021,0,1035,-116,116,41,15.850,305,305
244670,0.080,0.000,0.001,-0.000,0.660,-0.103,-0.740,-0.082,-0.200,-0.001,0.116,-0.015,0,1208,-113,113,41,15.860,305,305
244770,0.230,0.000,0.004,0.000,0.663,-0.102,-0.737,-0.083,-0.200,-0.001,0.107,-0.014,0,1165,-107,107,41,15.860,305,305
244870,-0.150,-0.001,0.001,-0.002,0.667,-0.101,-0.733,-0.084,-0.200,-0.001,0.096,-0.011,0,1261,-108,108,41,15.860,305,305
244970,0.170,-0.001,-0.000,-0.003,0.669,-0.098,-0.732,-0.089,-0.200,-0.000,0.089,-0.000,0,1500,-110,110,41,15.860,305,305
245070,-0.400,-0.005,-0.000,-0.001,0.668,-0.099,-0.731,-0.100,-0.200,0.001,0.089,0.014,0,1817,-113,112,42,15.860,305,305
245170,-0.130,-0.007,-0.000,0.002,0.664,-0.112,-0.731,-0.110,-0.200,0.001,0.094,0.012,0,1635,-117,116,42,15.860,305,305
245270,-0.060,-0.002,0.005,0.004,0.662,-0.128,-0.729,-0.116,-0.200,-0.000,0.096,-0.001,0,1036,-110,110,41,15.860,305,305
245370,0.190,0.000,0.000,0.000,0.672,-0.133,-0.720,-0.113,-0.200,-0.001,0.071,-0.016,0,637,-101,101,41,15.860,305,305
245470,0.120,-0.002,-0.000,-0.001,0.671,-0.134,-0.720,-0.116,-0.200,-0.000,0.073,-0.012,0,1059,-110,110,41,15.860,305,305
245570,0.000,-0.003,0.000,-0.002,0.671,-0.135,-0.718,-0.125,-0.200,-0.000,0.069,-0.002,0,1402,-108,108,41,15.860,305,305
245670,-0.180,-0.003,0.001,-0.001,0.671,-0.139,-0.716,-0.132,-0.200,0.000,0.064,0.003,0,1467,-105,105,41,15.860,305,305
245770,-0.360,-0.002,0.001,-0.001,0.671,-0.142,-0.714,-0.140,-0.200,0.000,0.059,0.010,0,1740,-105,105,41,15.850,305,305
245870,0.100,-0.000,-0.000,0.000,0.672,-0.143,-0.712,-0.146,-0.200,0.000,0.054,0.016,0,1665,-106,106,41,15.850,305,305
245970,0.550,0.003,0.002,0.001,0.674,-0.143,-0.711,-0.142,-0.200,0.000,0.051,0.010,0,1455,-102,103,41,15.860,305,305
246070,-0.250,0.007,0.002,0.001,0.682,-0.135,-0.707,-0.135,-0.200,0.000,0.035,0.006,0,1423,-95,95,41,15.860,305,305
246170,-0.640,0.009,-0.001,-0.001,0.689,-0.119,-0.705,-0.119,-0.200,0.000,0.023,0.004,258,2032,-99,100,42,15.860,305,305
246270,-0.260,0.005,-0.002,0.001,0.688,-0.104,-0.711,-0.106,-0.200,0.000,0.031,0.008,845,2322,-109,109,42,15.860,305,305
246370,0.140,0.003,-0.001,0.003,0.688,-0.099,-0.712,-0.095,-0.200,-0.000,0.035,-0.001,1009,1963,-108,108,42,15.860,305,305
246470,0.050,0.003,-0.003,0.003,0.685,-0.100,-0.717,-0.083,-0.200,-0.000,0.047,-0.018,832,934,-116,117,41,15.850,305,305
246570,-0.280,0.003,-0.002,-0.000,0.679,-0.099,-0.724,-0.073,-0.200,-0.001,0.069,-0.027,763,833,-123,123,41,15.850,305,305
246670,-0.090,0.002,-0.002,0.001,0.674,-0.093,-0.730,-0.067,-0.200,-0.001,0.083,-0.028,539,790,-122,122,41,15.840,305,305
246770,0.180,0.000,0.001,0.000,0.671,-0.090,-0.733,-0.064,-0.200,-0.001,0.090,-0.027,0,541,-118,118,41,15.840,305,305
246870,0.120,-0.000,0.000,-0.002,0.672,-0.089,-0.732,-0.065,-0.200,-0.001,0.088,-0.024,0,759,-113,113,41,15.840,305,305
246970,0.080,-0.002,-0.001,-0.002,0.672,-0.087,-0.732,-0.070,-0.200,-0.001,0.088,-0.015,0,1043,-114,114,41,15.840,305,305
247070,0.050,-0.005,-0.004,-0.003,0.669,-0.089,-0.734,-0.079,-0.200,-0.000,0.096,-0.004,0,1301,-123,122,42,15.840,305,305
247170,0.180,-0.007,-0.003,-0.005,0.660,-0.091,-0.740,-0.096,-0.200,0.001,0.110,0.022,0,1924,-126,126,42,15.840,305,305
247270,0.160,-0.007,0.000,-0.002,0.656,-0.096,-0.740,-0.114,-0.200,0.003,0.113,0.045,0,2146,-119,118,42,15.840,305,305
247370,0.000,-0.006,0.003,-0.002,0.655,-0.103,-0.737,-0.133,-0.200,0.004,0.107,0.060,0,2323,-110,109,41,15.850,305,305
247470,-0.260,-0.002,0.004,-0.001,0.659,-0.108,-0.729,-0.148,-0.200,0.004,0.088,0.075,0,2496,-99,99,41,15.850,305,305
247570,-0.570,0.005,-0.003,0.006,0.665,-0.104,-0.726,-0.142,-0.200,0.003,0.075,0.068,0,2519,-109,109,41,15.840,305,305
247670,0.120,0.002,-0.002,0.005,0.661,-0.112,-0.732,-0.123,-0.200,0.002,0.096,0.033,0,1996,-124,124,41,15.840,305,305
247770,0.290,0.003,-0.001,0.002,0.656,-0.115,-0.737,-0.110,-0.200,0.001,0.114,0.012,0,1424,-127,127,41,15.840,305,305
247870,0.160,0.001,-0.003,-0.001,0.654,-0.111,-0.741,-0.103,-0.200,0.001,0.124,0.008,0,1671,-129,129,41,15.840,305,305
247970,0.000,-0.002,-0.001,-0.000,0.648,-0.112,-0.746,-0.106,-0.200,0.001,0.137,0.013,0,1904,-129,129,41,15.860,305,305
248070,0.050,-0.000,0.001,0.002,0.647,-0.116,-0.746,-0.108,-0.200,0.001,0.139,0.011,0,1836,-121,121,41,15.860,305,305
248170,0.060,0.000,0.001,-0.000,0.652,-0.116,-0.742,-0.107,-0.200,0.000,0.128,0.008,0,1833,-112,112,41,15.860,305,305
248270,-0.170,0.001,0.000,-0.001,0.653,-0.114,-0.741,-0.107,-0.200,0.001,0.124,0.010,0,1934,-117,117,41,15.850,305,305
248370,0.110,0.002,0.002,-0.001,0.654,-0.107,-0.741,-0.106,-0.200,0.001,0.122,0.016,0,2067,-116,116,41,15.850,305,305
248470,0.060,0.004,-0.001,-0.001,0.659,-0.099,-0.739,-0.102,-0.200,0.001,0.111,0.020,0,2125,-113,113,41,15.850,305,305
248570,-0.020,0.007,-0.000,0.001,0.658,-0.091,-0.741,-0.095,-0.200,0.001,0.116,0.020,0,2093,-119,119,41,15.850,305,305
248670,-0.040,0.005,0.001,0.001,0.661,-0.082,-0.742,-0.080,-0.200,0.001,0.113,0.010,0,1883,-115,115,41,15.850,305,305
248770,0.160,0.003,0.000,-0.001,0.660,-0.075,-0.744,-0.072,-0.200,0.001,0.117,0.008,0,1973,-120,120,41,15.850,305,305
248870,-0.100,0.004,0.002,-0.000,0.663,-0.067,-0.743,-0.065,-0.200,0.000,0.114,0.008,0,1997,-114,114,41,15.840,305,305
248970,0.030,0.002,0.001,-0.000,0.668,-0.060,-0.739,-0.060,-0.200,0.000,0.101,0.009,0,2035,-109,109,41,15.840,305,305
249070,0.140,0.002,-0.000,0.001,0.668,-0.058,-0.739,-0.059,-0.200,0.001,0.100,0.010,0,2057,-114,114,41,15.840,305,305
249170,0.150,-0.000,0.002,0.001,0.669,-0.060,-0.738,-0.056,-0.200,0.000,0.098,0.003,0,1921,-110,110,41,15.850,305,305
249270,0.030,-0.001,0.000,-0.000,0.672,-0.060,-0.736,-0.057,-0.200,0.000,0.090,0.003,0,1991,-110,110,41,15.850,305,305
249370,-0.150,0.000,0.001,-0.001,0.673,-0.060,-0.735,-0.057,-0.200,0.000,0.087,0.003,0,2023,-110,110,41,15.850,305,305
249470,-0.260,0.000,-0.002,-0.001,0.674,-0.057,-0.734,-0.060,-0.200,0.000,0.086,0.010,0,2195,-115,115,41,15.850,305,305
249570,0.000,-0.001,-0.002,-0.002,0.669,-0.054,-0.738,-0.065,-0.200,0.001,0.096,0.023,0,2403,-121,121,41,15.840,305,305
249670,0.060,0.001,-0.003,-0.001,0.664,-0.050,-0.744,-0.064,-0.200,0.002,0.111,0.029,0,2419,-126,126,41,15.840,305,305
249770,0.070,0.004,-0.002,-0.000,0.660,-0.045,-0.747,-0.061,-0.200,0.002,0.121,0.032,0,2442,-126,126,41,15.840,305,305
249870,0.130,0.000,0.001,-0.000,0.657,-0.041,-0.751,-0.057,-0.200,0.002,0.130,0.032,0,2450,-123,123,41,15.840,305,305
249970,0.090,0.001,0.001,0.000,0.659,-0.038,-0.749,-0.055,-0.200,0.002,0.125,0.032,0,2483,-116,116,41,15.840,305,305
250070,-0.100,0.001,-0.001,-0.000,0.660,-0.036,-0.748,-0.053,-0.200,0.002,0.123,0.032,0,2516,-118,118,41,15.850,305,305
250170,-0.030,0.001,-0.001,-0.001,0.659,-0.035,-0.750,-0.055,-0.200,0.002,0.126,0.036,0,2591,-122,122,41,15.850,305,305
250270,-0.050,0.001,-0.001,-0.001,0.654,-0.030,-0.754,-0.055,-0.200,0.003,0.138,0.044,0,2670,-127,127,41,15.850,305,305
250370,0.500,0.001,-0.002,0.000,0.650,-0.028,-0.757,-0.052,-0.200,0.003,0.149,0.041,0,2580,-131,131,41,15.850,305,305
250470,0.140,0.000,0.002,-0.001,0.649,-0.023,-0.759,-0.049,-0.200,0.004,0.152,0.046,0,2663,-122,122,41,15.840,305,305
250570,-0.080,-0.001,-0.001,-0.001,0.651,-0.019,-0.757,-0.052,-0.200,0.004,0.148,0.053,0,2766,-122,122,41,15.840,305,305
250670,0.130,-0.001,-0.002,0.000,0.648,-0.018,-0.759,-0.056,-0.200,0.005,0.154,0.062,0,2819,-128,128,41,15.850,305,305
250770,0.130,-0.001,-0.001,-0.001,0.644,-0.020,-0.762,-0.060,-0.200,0.005,0.164,0.065,0,2834,-130,130,41,15.850,305,305
250870,0.250,-0.000,0.003,-0.001,0.645,-0.018,-0.762,-0.062,-0.200,0.006,0.162,0.070,0,2861,-120,120,41,15.850,305,305
250970,0.000,0.001,0.002,0.000,0.648,-0.017,-0.759,-0.061,-0.200,0.006,0.152,0.071,0,2824,-116,116,41,15.850,305,305
251070,-0.190,0.002,0.001,0.000,0.651,-0.014,-0.756,-0.057,-0.200,0.005,0.145,0.069,0,2766,-118,118,41,15.850,305,305
251170,-0.180,0.006,0.004,0.003,0.659,-0.009,-0.751,-0.044,-0.200,0.004,0.129,0.055,0,2527,-107,107,41,15.860,305,305
251270,-0.090,0.002,-0.000,-0.001,0.662,-0.003,-0.748,-0.033,-0.200,0.003,0.121,0.046,0,2518,-115,115,41,15.860,305,305
251370,-0.090,0.001,-0.001,-0.000,0.660,0.002,-0.750,-0.030,-0.200,0.003,0.127,0.048,0,2604,-122,122,42,15.860,305,305
251470,-0.120,0.000,-0.001,-0.000,0.659,0.004,-0.752,-0.031,-0.200,0.003,0.130,0.052,0,2693,-123,123,42,15.860,305,305
251570,0.190,-0.000,-0.001,0.001,0.658,0.004,-0.753,-0.031,-0.200,0.004,0.134,0.053,0,2665,-122,122,42,15.860,305,305
251670,0.120,-0.001,-0.001,-0.001,0.656,0.002,-0.754,-0.031,-0.200,0.004,0.138,0.051,0,2652,-123,123,41,15.850,305,305
251770,-0.120,-0.001,-0.000,-0.001,0.654,0.003,-0.755,-0.035,-0.200,0.004,0.142,0.056,0,2731,-123,123,41,15.850,305,305
251870,-0.030,-0.002,-0.003,-0.002,0.650,0.002,-0.759,-0.041,-0.200,0.005,0.152,0.064,0,2852,-131,131,41,15.840,305,305
251970,0.140,-0.003,-0.000,-0.001,0.646,0.001,-0.761,-0.048,-0.200,0.006,0.160,0.076,0,2950,-129,128,41,15.840,305,305
252070,0.140,-0.001,-0.000,0.000,0.647,-0.000,-0.760,-0.054,-0.200,0.007,0.157,0.081,0,2940,-123,123,41,15.850,305,305
252170,0.000,0.002,0.004,0.002,0.649,-0.002,-0.759,-0.051,-0.200,0.006,0.153,0.074,0,2770,-116,116,41,15.850,305,305
252270,-0.040,0.003,0.007,0.001,0.662,-0.001,-0.748,-0.040,-0.200,0.004,0.120,0.058,0,2556,-94,94,41,15.850,305,305
252370,0.030,0.002,0.000,0.001,0.668,0.002,-0.743,-0.033,-0.200,0.003,0.105,0.050,0,2525,-108,108,41,15.850,305,305
252470,-0.110,0.007,0.000,-0.001,0.668,0.008,-0.743,-0.024,-0.200,0.002,0.106,0.046,0,2548,-115,115,41,15.840,305,305
252570,-0.130,0.007,0.000,-0.004,0.665,0.026,-0.746,-0.012,-0.200,0.003,0.115,0.052,0,2738,-121,121,41,15.840,305,305
252670,0.050,0.004,-0.001,-0.004,0.664,0.047,-0.746,-0.006,-0.200,0.004,0.119,0.071,0,2956,-123,123,41,15.840,305,305
252770,-0.180,0.002,-0.001,-0.000,0.664,0.057,-0.745,-0.005,-0.200,0.005,0.118,0.084,0,3016,-119,119,41,15.850,305,305
252870,-0.380,0.003,-0.002,0.003,0.659,0.058,-0.750,0.000,-0.200,0.005,0.133,0.076,0,2960,-130,130,41,15.850,305,305
252970,-0.030,-0.001,0.003,0.004,0.660,0.053,-0.749,0.012,-0.200,0.003,0.129,0.052,0,2533,-113,113,41,15.850,305,305
253070,0.060,-0.001,-0.006,0.000,0.657,0.046,-0.753,0.013,-0.200,0.003,0.140,0.041,0,2432,-132,132,41,15.850,305,305
253170,0.210,-0.002,-0.000,-0.001,0.652,0.046,-0.757,0.005,-0.200,0.004,0.150,0.052,0,2717,-127,127,41,15.850,305,305
253270,0.200,-0.001,0.001,-0.001,0.654,0.044,-0.755,0.001,-0.200,0.004,0.145,0.056,0,2742,-119,118,41,15.850,305,305
253370,0.040,0.002,0.001,0.002,0.655,0.044,-0.754,0.004,-0.200,0.004,0.143,0.052,0,2609,-119,119,41,15.850,305,305
253470,0.130,0.000,0.000,0.002,0.656,0.041,-0.754,0.007,-0.200,0.003,0.140,0.044,0,2493,-119,119,41,15.850,305,305
253570,0.170,-0.001,-0.000,0.000,0.656,0.038,-0.754,0.009,-0.200,0.003,0.139,0.037,0,2469,-120,120,41,15.850,305,305
253670,0.200,-0.004,0.001,-0.001,0.657,0.034,-0.753,0.005,-0.200,0.003,0.137,0.038,0,2552,-119,119,41,15.860,305,305
253770,-0.200,-0.004,-0.001,-0.001,0.658,0.029,-0.752,-0.007,-0.200,0.003,0.134,0.048,0,2719,-120,119,41,15.860,305,305
253870,-0.360,-0.001,0.002,0.001,0.661,0.024,-0.750,-0.011,-0.200,0.003,0.127,0.048,0,2753,-113,113,41,15.850,305,305
253970,0.130,-0.001,0.000,-0.000,0.664,0.021,-0.747,-0.010,-0.200,0.002,0.118,0.042,0,2557,-113,113,41,15.850,305,305
254070,0.000,0.001,-0.001,-0.001,0.661,0.021,-0.750,-0.013,-0.200,0.003,0.126,0.048,0,2662,-123,123,41,15.860,305,305
254170,-0.100,0.000,-0.001,0.000,0.660,0.022,-0.750,-0.014,-0.200,0.003,0.128,0.050,0,2669,-121,121,41,15.860,305,305
254270,-0.020,-0.002,0.000,0.000,0.659,0.022,-0.752,-0.012,-0.200,0.003,0.132,0.048,0,2621,-122,122,41,15.860,305,305
254370,-0.110,-0.005,0.002,-0.004,0.659,0.023,-0.751,-0.024,-0.200,0.004,0.131,0.066,0,2928,-117,117,41,15.860,305,305
254470,-0.050,-0.003,-0.001,-0.001,0.661,0.020,-0.749,-0.035,-0.200,0.005,0.123,0.079,0,3004,-117,117,41,15.860,305,305
254570,0.250,0.000,-0.003,0.003,0.656,0.015,-0.754,-0.036,-0.200,0.005,0.138,0.073,0,2775,-132,132,41,15.860,305,305
254670,0.300,0.001,-0.002,0.002,0.651,0.010,-0.758,-0.032,-0.200,0.005,0.151,0.061,0,2624,-131,131,41,15.860,305,305
254770,0.350,0.000,0.003,0.003,0.653,0.006,-0.757,-0.028,-0.200,0.004,0.146,0.048,0,2482,-117,116,41,15.850,305,305
254870,-0.200,0.001,0.004,0.001,0.658,0.001,-0.753,-0.023,-0.200,0.002,0.134,0.036,0,2376,-110,110,41,15.850,305,305
254970,-0.120,-0.006,0.001,0.002,0.664,-0.004,-0.747,-0.026,-0.200,0.002,0.118,0.033,0,2420,-110,109,41,15.840,305,305
255070,-0.080,0.001,0.010,0.001,0.669,-0.014,-0.742,-0.033,-0.200,0.002,0.102,0.031,0,2436,-95,95,41,15.840,305,305
255170,-0.080,0.001,0.003,-0.002,0.685,-0.009,-0.728,-0.030,-0.200,0.001,0.059,0.031,0,2526,-88,88,41,15.840,305,305
255270,-0.020,0.004,0.002,0.001,0.690,-0.004,-0.723,-0.028,-0.200,0.001,0.046,0.035,0,2524,-95,96,41,15.840,305,305
255370,0.060,0.004,-0.006,-0.004,0.688,0.007,-0.725,-0.020,-0.200,0.001,0.052,0.038,0,2667,-118,118,41,15.840,305,305
255470,-0.110,-0.001,0.000,-0.002,0.680,0.017,-0.732,-0.025,-0.200,0.002,0.073,0.059,0,2901,-118,118,41,15.850,305,305
255570,0.040,-0.001,0.002,0.004,0.684,0.014,-0.729,-0.026,-0.200,0.002,0.064,0.056,0,2658,-105,104,41,15.850,305,305
255670,0.110,-0.000,0.004,0.005,0.692,0.003,-0.722,-0.017,-0.200,0.001,0.042,0.028,0,2219,-93,93,41,15.840,305,305
255770,0.120,-0.002,0.002,0.001,0.697,-0.006,-0.717,-0.014,-0.200,0.000,0.028,0.012,0,2104,-94,94,41,15.840,305,305
255870,-0.040,-0.002,0.001,-0.000,0.702,-0.010,-0.712,-0.018,-0.200,0.000,0.013,0.011,0,2243,-93,93,41,15.860,305,305
255970,0.000,-0.003,-0.001,0.001,0.705,-0.015,-0.709,-0.023,-0.200,0.000,0.005,0.012,0,2297,-98,97,41,15.860,305,305
256070,0.190,-0.002,-0.001,0.001,0.700,-0.020,-0.714,-0.025,-0.200,0.000,0.019,0.007,0,2249,-110,110,41,15.860,305,305
256170,-0.050,-0.003,0.002,-0.001,0.700,-0.025,-0.713,-0.029,-0.200,0.000,0.018,0.006,0,2272,-101,100,42,15.850,305,305
256270,-0.210,-0.005,0.001,-0.003,0.707,-0.030,-0.706,-0.040,-0.200,-0.000,-0.002,0.015,0,2486,-90,90,42,15.850,305,305
256370,-0.420,-0.004,0.002,0.001,0.708,-0.034,-0.704,-0.052,-0.200,-0.000,-0.007,0.024,0,2763,-93,93,41,15.850,305,305
256470,-0.010,-0.002,-0.004,-0.003,0.707,-0.040,-0.704,-0.056,-0.200,-0.000,-0.007,0.022,0,2690,-105,104,41,15.850,305,305
256570,0.200,-0.001,-0.002,-0.002,0.700,-0.038,-0.711,-0.065,-0.200,0.000,0.013,0.038,0,2709,-112,112,41,15.850,305,305
256670,-0.040,-0.001,0.001,-0.003,0.698,-0.037,-0.712,-0.068,-0.200,0.000,0.016,0.046,0,2758,-104,104,41,15.850,305,305
256770,-0.050,-0.003,0.000,-0.002,0.697,-0.036,-0.712,-0.076,-0.200,0.001,0.016,0.059,0,2862,-103,103,41,15.860,305,305
256870,-0.090,-0.006,-0.000,-0.000,0.697,-0.044,-0.710,-0.088,-0.200,0.001,0.013,0.065,0,2888,-101,101,41,15.860,305,305
256970,0.170,-0.007,-0.000,0.004,0.694,-0.054,-0.710,-0.110,-0.200,0.001,0.014,0.081,0,2975,-102,101,41,15.860,305,305
257070,0.540,-0.006,0.000,0.003,0.694,-0.072,-0.707,-0.115,-0.200,0.001,0.010,0.062,0,2614,-99,99,41,15.850,305,305
257170,0.630,0.003,0.001,-0.004,0.696,-0.075,-0.705,-0.118,-0.200,0.000,0.004,0.063,0,2786,-96,96,41,15.850,305,305
257270,0.660,0.006,-0.001,-0.006,0.696,-0.058,-0.706,-0.120,-0.200,0.001,0.003,0.088,0,3161,-102,102,41,15.840,305,305
257370,-0.550,0.003,-0.009,-0.005,0.682,-0.035,-0.723,-0.121,-0.200,0.004,0.047,0.128,0,3565,-137,137,41,15.840,305,305
257470,-0.900,-0.001,-0.004,-0.002,0.670,-0.027,-0.732,-0.121,-0.200,0.006,0.074,0.142,0,3921,-131,131,41,15.840,305,305
257570,-1.070,-0.001,0.003,-0.000,0.668,-0.027,-0.733,-0.123,-0.200,0.007,0.078,0.145,0,4342,-110,110,41,15.840,305,305
257670,-0.510,-0.001,0.007,-0.003,0.678,-0.024,-0.724,-0.127,-0.200,0.005,0.050,0.151,0,4619,-86,86,41,15.840,305,305
257770,-0.310,0.003,0.006,-0.002,0.694,-0.013,-0.708,-0.132,-0.200,0.002,0.003,0.169,0,4777,-72,73,41,15.840,305,305
257870,0.110,0.005,-0.001,0.001,0.692,-0.004,-0.711,-0.126,-0.200,0.002,0.011,0.173,0,4683,-106,106,41,15.840,305,305
257970,0.390,0.005,0.000,0.004,0.693,-0.004,-0.712,-0.112,-0.200,0.002,0.015,0.155,0,4140,-105,105,41,15.840,305,305
258070,0.710,0.007,0.000,0.004,0.692,-0.000,-0.716,-0.093,-0.200,0.002,0.025,0.132,0,3441,-109,109,41,15.840,305,305
258170,1.150,0.006,0.005,0.000,0.700,0.008,-0.711,-0.073,-0.200,0.001,0.011,0.116,0,2934,-89,89,41,15.850,305,305
258270,1.820,0.005,0.001,0.004,0.712,0.020,-0.699,-0.059,-0.200,-0.001,-0.022,0.110,0,2912,-80,80,41,15.850,305,305
258370,1.060,0.005,-0.007,0.005,0.699,0.018,-0.714,-0.039,-0.200,0.001,0.020,0.081,0,2543,-129,129,41,15.850,305,305
258470,0.250,-0.002,0.001,0.002,0.686,0.012,-0.727,-0.028,-0.200,0.002,0.058,0.057,0,2399,-124,124,41,15.840,305,305
258570,-0.460,-0.004,-0.002,0.009,0.686,0.002,-0.727,-0.024,-0.200,0.001,0.057,0.038,0,2237,-115,115,41,15.840,305,305
258670,-0.630,-0.006,-0.007,0.007,0.675,-0.026,-0.738,-0.017,-0.200,-0.000,0.092,-0.009,848,2233,-138,138,41,15.840,305,305
258770,-1.730,-0.003,-0.006,0.008,0.659,-0.045,-0.751,-0.010,-0.200,-0.003,0.131,-0.049,2896,2942,-149,149,41,15.840,305,305
258870,-1.460,-0.007,0.006,0.000,0.662,-0.066,-0.746,-0.014,-0.200,-0.004,0.123,-0.066,3906,3973,-110,110,41,15.840,305,305
258970,-0.270,-0.011,-0.006,-0.004,0.665,-0.077,-0.742,-0.037,-0.200,-0.002,0.112,-0.046,3804,4481,-123,122,41,15.840,305,305
259070,0.210,-0.002,-0.003,-0.004,0.652,-0.085,-0.751,-0.065,-0.200,-0.001,0.143,-0.013,3273,4543,-135,136,41,15.840,305,305
259170,-0.680,-0.001,0.004,-0.008,0.648,-0.076,-0.754,-0.075,-0.200,0.001,0.149,0.018,3188,4875,-121,121,41,15.840,305,305
259270,-0.380,0.001,0.001,-0.005,0.647,-0.063,-0.755,-0.087,-0.200,0.004,0.149,0.050,3077,5136,-125,125,41,15.840,305,305
259370,-0.120,0.006,-0.005,-0.001,0.647,-0.050,-0.757,-0.083,-0.200,0.005,0.151,0.060,3033,5022,-132,132,41,15.850,305,305
259470,0.510,0.003,-0.003,-0.001,0.637,-0.041,-0.766,-0.071,-0.200,0.005,0.180,0.056,2857,4787,-142,142,41,15.850,305,305
259570,0.660,0.004,0.009,0.001,0.642,-0.038,-0.763,-0.062,-0.200,0.004,0.168,0.046,2470,4336,-109,109,41,15.860,305,305
259670,0.400,0.009,-0.003,0.000,0.649,-0.026,-0.759,-0.047,-0.200,0.003,0.154,0.038,1653,3840,-122,123,41,15.860,305,305
259770,-0.030,0.005,-0.003,-0.001,0.642,-0.012,-0.766,-0.031,-0.200,0.003,0.174,0.032,1273,3678,-138,137,41,15.860,305,305
259870,-0.270,0.005,-0.002,0.004,0.641,-0.008,-0.767,-0.019,-0.200,0.002,0.178,0.020,1803,3565,-130,130,41,15.850,305,305
259970,-0.360,0.006,0.004,0.002,0.640,-0.004,-0.768,0.000,-0.200,-0.000,0.181,-0.005,2380,3538,-122,122,41,15.850,305,305
260070,0.190,0.005,0.003,0.003,0.646,0.003,-0.763,0.013,-0.200,-0.001,0.166,-0.016,2296,3396,-115,115,41,15.840,305,305
260170,0.420,-0.002,-0.001,-0.001,0.646,0.002,-0.763,0.019,-0.200,-0.002,0.164,-0.027,1528,2939,-126,126,41,15.840,305,305
260270,-0.430,-0.003,0.003,-0.003,0.646,0.004,-0.763,0.010,-0.200,-0.001,0.166,-0.011,0,3066,-121,121,41,15.840,305,305
260370,-1.050,-0.002,0.006,-0.002,0.657,0.003,-0.754,0.000,-0.200,0.000,0.137,0.004,1557,3708,-101,101,41,15.840,305,305
260470,-1.410,-0.002,-0.004,0.001,0.660,0.000,-0.751,-0.005,-0.200,0.001,0.130,0.007,2763,4266,-122,122,41,15.850,305,305
260570,-0.230,-0.005,-0.002,-0.001,0.652,-0.007,-0.758,-0.013,-0.200,0.001,0.150,0.011,3075,4555,-134,133,41,15.850,305,305
260670,0.560,-0.006,0.006,0.001,0.657,-0.013,-0.753,-0.023,-0.200,0.001,0.135,0.017,2422,4188,-106,106,41,15.850,305,305
260770,0.270,-0.004,0.003,0.001,0.667,-0.026,-0.744,-0.031,-0.200,0.001,0.110,0.012,1550,3596,-104,104,41,15.840,305,305
260870,0.260,-0.003,-0.001,-0.003,0.670,-0.030,-0.740,-0.039,-0.200,0.001,0.098,0.020,0,3312,-110,109,41,15.840,305,305
260970,0.420,-0.003,0.000,-0.005,0.665,-0.026,-0.744,-0.054,-0.200,0.003,0.110,0.046,0,3270,-120,120,41,15.850,305,305
261070,0.280,-0.003,0.000,-0.001,0.664,-0.025,-0.745,-0.066,-0.200,0.004,0.111,0.065,0,2965,-118,117,41,15.850,305,305
261170,0.470,-0.001,0.003,0.000,0.667,-0.032,-0.740,-0.073,-0.200,0.003,0.099,0.065,0,2826,-107,107,41,15.850,305,305
261270,0.500,-0.001,0.001,-0.000,0.670,-0.034,-0.738,-0.075,-0.200,0.003,0.091,0.066,0,2811,-107,106,41,15.850,305,305
261370,-0.300,-0.003,0.005,0.001,0.674,-0.038,-0.733,-0.078,-0.200,0.003,0.079,0.064,0,2763,-101,101,41,15.850,305,305
261470,-0.320,-0.003,0.007,0.004,0.686,-0.046,-0.722,-0.079,-0.200,0.001,0.048,0.051,0,2685,-84,84,41,15.840,305,305
261570,-0.080,-0.003,0.003,0.003,0.694,-0.059,-0.713,-0.079,-0.200,0.000,0.022,0.028,0,2402,-89,89,41,15.840,305,305
261670,-0.070,0.001,-0.001,0.001,0.697,-0.066,-0.710,-0.076,-0.200,0.000,0.017,0.017,0,2179,-100,100,41,15.850,305,305
261770,0.010,0.000,-0.001,0.001,0.697,-0.064,-0.711,-0.074,-0.200,0.000,0.018,0.015,0,2276,-104,104,41,15.850,305,305
261870,0.100,0.001,0.000,0.001,0.696,-0.064,-0.712,-0.072,-0.200,0.000,0.022,0.013,0,2286,-104,104,41,15.850,305,305
261970,0.000,-0.001,-0.000,0.001,0.695,-0.064,-0.712,-0.068,-0.200,0.000,0.023,0.008,0,2232,-105,104,41,15.850,305,305
262070,-0.190,-0.001,0.000,-0.001,0.694,-0.066,-0.713,-0.070,-0.200,0.000,0.026,0.008,0,2312,-104,104,41,15.850,305,305
262170,0.100,-0.002,-0.001,0.001,0.694,-0.068,-0.713,-0.074,-0.200,0.000,0.025,0.012,0,2346,-104,104,40,15.860,305,305
262270,0.150,-0.001,-0.001,0.000,0.689,-0.074,-0.716,-0.077,-0.200,0.000,0.038,0.007,0,2264,-112,112,40,15.860,305,305
262370,-0.050,-0.000,0.001,0.001,0.689,-0.078,-0.716,-0.078,-0.200,0.000,0.038,0.005,0,2231,-105,105,41,15.860,305,305
262470,-0.110,-0.003,-0.000,-0.000,0.692,-0.082,-0.713,-0.081,-0.200,0.000,0.030,0.003,0,2245,-102,102,41,15.860,305,305
262570,-0.090,-0.002,-0.001,0.001,0.689,-0.086,-0.714,-0.084,-0.200,0.000,0.036,0.001,0,2211,-108,108,41,15.870,305,305
262670,-0.010,-0.001,-0.001,-0.001,0.689,-0.089,-0.714,-0.087,-0.200,0.000,0.036,0.002,0,2264,-107,107,41,15.870,305,305
262770,0.220,-0.001,-0.003,-0.005,0.686,-0.088,-0.716,-0.089,-0.200,0.000,0.042,0.006,0,2411,-112,112,41,15.870,305,305
262870,0.000,0.005,-0.001,-0.001,0.680,-0.079,-0.724,-0.091,-0.200,0.001,0.060,0.026,0,2606,-117,117,41,15.860,305,305
262970,0.040,0.001,-0.001,0.000,0.682,-0.071,-0.723,-0.084,-0.200,0.001,0.056,0.024,0,2488,-110,110,41,15.860,305,305
263070,-0.310,-0.002,-0.000,-0.000,0.678,-0.073,-0.726,-0.086,-0.200,0.001,0.065,0.027,0,2521,-113,113,41,15.870,305,305
263170,-0.080,0.003,-0.004,0.000,0.676,-0.072,-0.729,-0.086,-0.200,0.001,0.072,0.028,0,2487,-119,119,41,15.870,305,305
263270,0.140,0.003,-0.003,-0.004,0.668,-0.066,-0.736,-0.082,-0.200,0.002,0.095,0.035,0,2624,-127,127,41,15.860,305,305
263370,-0.020,-0.001,0.002,0.002,0.667,-0.058,-0.738,-0.082,-0.200,0.002,0.097,0.043,0,2652,-114,114,41,15.860,305,305
263470,0.070,0.002,0.005,0.004,0.672,-0.060,-0.734,-0.076,-0.200,0.001,0.084,0.030,0,2344,-99,99,41,15.860,305,305
263570,-0.090,0.000,0.003,0.003,0.680,-0.065,-0.727,-0.069,-0.200,0.000,0.065,0.013,0,2129,-98,98,41,15.840,305,305
263670,-0.140,-0.001,0.005,0.002,0.690,-0.069,-0.717,-0.066,-0.200,0.000,0.038,0.001,0,2018,-87,86,41,15.840,305,305
263770,-0.040,-0.002,-0.003,-0.000,0.696,-0.074,-0.711,-0.066,-0.200,-0.000,0.021,-0.009,0,2010,-99,99,41,15.850,305,305
263870,-0.050,-0.002,-0.001,-0.002,0.691,-0.075,-0.715,-0.071,-0.200,-0.000,0.034,-0.001,0,2240,-109,109,41,15.850,305,305
263970,0.020,0.000,0.001,0.002,0.690,-0.075,-0.716,-0.071,-0.200,-0.000,0.037,-0.002,0,2164,-106,106,41,15.850,305,305
264070,0.180,-0.001,0.001,-0.000,0.690,-0.076,-0.716,-0.070,-0.200,-0.000,0.038,-0.005,0,2157,-106,106,41,15.850,305,305
264170,0.090,-0.000,0.002,0.001,0.692,-0.079,-0.714,-0.073,-0.200,-0.000,0.031,-0.004,0,2155,-101,101,41,15.850,305,305
264270,-0.380,0.001,-0.001,0.001,0.693,-0.080,-0.713,-0.071,-0.200,-0.000,0.031,-0.010,0,2112,-106,106,41,15.850,305,305
264370,0.070,-0.000,-0.000,0.000,0.692,-0.081,-0.714,-0.070,-0.200,-0.000,0.034,-0.011,0,2035,-106,106,41,15.850,305,305
264470,0.140,0.002,0.002,0.001,0.691,-0.083,-0.715,-0.065,-0.200,-0.000,0.036,-0.022,0,1793,-104,104,41,15.850,305,305
264570,1.480,-0.001,0.000,0.001,0.694,-0.082,-0.712,-0.063,-0.200,-0.000,0.028,-0.024,0,1808,-102,102,41,15.850,305,305
264670,0.970,0.000,0.003,-0.001,0.696,-0.081,-0.710,-0.064,-0.200,-0.000,0.022,-0.021,0,1903,-97,97,41,15.850,305,305
264770,-0.050,0.000,0.003,0.000,0.702,-0.078,-0.705,-0.065,-0.200,-0.000,0.005,-0.018,0,1905,-89,89,41,15.850,305,305
264870,-0.650,-0.001,0.002,-0.001,0.708,-0.080,-0.698,-0.066,-0.200,0.000,-0.012,-0.021,0,2119,-87,87,41,15.850,305,305
264970,-0.940,-0.001,-0.000,-0.000,0.711,-0.081,-0.695,-0.068,-0.200,0.000,-0.021,-0.021,1059,2727,-92,92,41,15.850,305,305
265070,-0.710,-0.002,0.004,-0.000,0.712,-0.082,-0.693,-0.071,-0.200,0.000,-0.025,-0.020,2125,3290,-88,88,41,15.850,305,305
265170,-0.430,-0.000,-0.001,-0.001,0.716,-0.082,-0.690,-0.073,-0.200,0.000,-0.035,-0.017,2355,3488,-91,91,41,15.850,305,305
265270,-0.080,-0.000,0.000,-0.001,0.715,-0.079,-0.690,-0.075,-0.200,0.000,-0.034,-0.010,2296,3571,-94,94,41,15.850,305,305
265370,-0.030,0.000,-0.001,-0.001,0.714,-0.079,-0.691,-0.077,-0.200,0.000,-0.032,-0.006,2087,3449,-96,95,41,15.860,305,305
265470,0.060,0.001,0.001,0.002,0.713,-0.079,-0.692,-0.076,-0.200,0.000,-0.029,-0.008,1960,3178,-95,95,41,15.860,305,305
265570,0.150,0.000,0.000,0.001,0.714,-0.082,-0.692,-0.071,-0.200,0.000,-0.030,-0.018,1772,2801,-94,93,41,15.860,305,305
265670,-0.190,0.000,-0.002,-0.002,0.712,-0.081,-0.694,-0.072,-0.200,0.000,-0.023,-0.015,1401,2839,-100,100,41,15.860,305,305
265770,-0.050,-0.000,0.000,-0.000,0.709,-0.078,-0.697,-0.075,-0.200,0.000,-0.016,-0.007,1091,2824,-99,98,41,15.860,305,305
265870,0.080,0.001,-0.001,0.001,0.711,-0.079,-0.695,-0.073,-0.200,0.000,-0.021,-0.010,589,2466,-94,94,41,15.860,305,305
265970,0.010,0.001,-0.001,0.000,0.709,-0.079,-0.697,-0.071,-0.200,0.000,-0.015,-0.013,0,2210,-98,98,41,15.860,305,305
266070,0.070,0.001,-0.001,0.000,0.708,-0.077,-0.699,-0.069,-0.200,0.000,-0.011,-0.013,0,1967,-99,99,41,15.850,305,305
266170,0.050,0.000,-0.001,0.000,0.706,-0.077,-0.701,-0.068,-0.200,0.000,-0.005,-0.013,0,1751,-100,100,41,15.850,305,305
266270,0.120,0.000,-0.001,-0.000,0.703,-0.077,-0.704,-0.068,-0.200,-0.000,0.004,-0.012,0,1609,-103,103,41,15.850,305,305
266370,0.040,-0.000,-0.000,-0.000,0.701,-0.077,-0.706,-0.068,-0.200,-0.000,0.008,-0.012,0,1573,-102,102,41,15.850,305,305
266470,-0.030,0.000,-0.000,-0.001,0.700,-0.077,-0.707,-0.069,-0.200,-0.000,0.011,-0.009,0,1657,-101,101,41,15.850,305,305
266570,0.130,0.001,-0.000,-0.000,0.699,-0.075,-0.707,-0.070,-0.200,-0.000,0.012,-0.005,0,1696,-100,100,41,15.850,305,305
266670,0.040,0.000,0.002,0.000,0.701,-0.073,-0.706,-0.068,-0.200,-0.000,0.006,-0.006,0,1614,-94,94,41,15.850,305,305
266770,-0.250,0.001,0.000,0.001,0.701,-0.074,-0.706,-0.066,-0.200,-0.000,0.008,-0.010,0,1498,-99,99,41,15.850,305,305
266870,-0.120,0.000,-0.001,-0.001,0.699,-0.073,-0.708,-0.065,-0.200,-0.000,0.013,-0.011,0,1498,-103,103,41,15.850,305,305
266970,-0.030,0.000,-0.002,-0.000,0.698,-0.072,-0.709,-0.065,-0.200,-0.000,0.016,-0.008,0,1555,-105,105,41,15.850,305,305
267070,0.130,-0.000,-0.001,-0.000,0.696,-0.072,-0.711,-0.066,-0.200,-0.000,0.024,-0.007,0,1561,-106,106,41,15.840,305,305
267170,0.090,-0.000,0.001,0.000,0.695,-0.072,-0.713,-0.066,-0.200,-0.000,0.027,-0.006,0,1531,-103,103,41,15.840,305,305
267270,-0.030,-0.000,0.001,0.001,0.696,-0.073,-0.712,-0.065,-0.200,-0.000,0.024,-0.009,0,1437,-100,100,41,15.850,305,305
267370,-0.060,0.000,-0.000,0.001,0.696,-0.074,-0.711,-0.064,-0.200,-0.000,0.022,-0.012,0,1338,-102,101,41,15.850,305,305
267470,-0.040,-0.001,0.000,-0.001,0.696,-0.074,-0.711,-0.064,-0.200,-0.000,0.023,-0.013,0,1363,-103,102,41,15.850,305,305
267570,-0.220,0.000,-0.000,-0.000,0.696,-0.073,-0.712,-0.064,-0.200,-0.000,0.024,-0.011,0,1391,-104,104,41,15.850,305,305
267670,-0.060,-0.000,-0.002,0.000,0.694,-0.073,-0.713,-0.064,-0.200,-0.000,0.027,-0.011,0,1362,-107,107,41,15.850,305,305
267770,-0.020,-0.000,-0.002,0.001,0.691,-0.074,-0.716,-0.063,-0.200,-0.000,0.036,-0.012,0,1260,-112,111,41,15.850,305,305
267870,0.110,-0.000,-0.001,0.000,0.689,-0.076,-0.718,-0.062,-0.200,-0.000,0.042,-0.016,0,1128,-110,110,41,15.850,305,305
267970,0.030,-0.000,-0.000,0.000,0.689,-0.076,-0.719,-0.060,-0.200,-0.000,0.045,-0.019,0,1018,-109,109,41,15.860,305,305
268070,0.010,0.001,-0.001,-0.000,0.688,-0.077,-0.720,-0.059,-0.200,-0.000,0.047,-0.021,0,937,-110,110,41,15.860,305,305
268170,0.010,0.001,-0.001,-0.000,0.685,-0.075,-0.722,-0.058,-0.200,-0.000,0.054,-0.018,0,1028,-112,112,41,15.860,305,305
268270,-0.130,0.000,-0.001,0.000,0.684,-0.074,-0.724,-0.057,-0.200,-0.001,0.059,-0.020,0,902,-112,112,41,15.850,305,305
268370,0.000,0.000,-0.002,-0.000,0.681,-0.074,-0.727,-0.056,-0.200,-0.001,0.067,-0.019,0,882,-116,116,41,15.850,305,305
268470,0.030,-0.000,-0.001,-0.000,0.678,-0.073,-0.730,-0.056,-0.200,-0.001,0.075,-0.018,0,866,-117,117,40,15.850,305,305
268570,-0.080,-0.001,0.002,0.000,0.681,-0.075,-0.727,-0.058,-0.200,-0.001,0.067,-0.018,0,753,-103,103,40,15.850,305,305
268670,-0.100,-0.001,0.000,-0.001,0.683,-0.075,-0.724,-0.059,-0.200,-0.000,0.060,-0.017,0,830,-105,105,41,15.840,305,305
268770,-0.200,0.001,0.001,-0.000,0.683,-0.073,-0.724,-0.061,-0.200,-0.000,0.059,-0.010,0,989,-108,108,41,15.840,305,305
268870,-0.070,-0.000,0.003,-0.000,0.687,-0.071,-0.720,-0.061,-0.200,-0.000,0.048,-0.010,0,867,-98,97,41,15.850,305,305
268970,0.170,-0.001,0.002,-0.000,0.692,-0.070,-0.716,-0.062,-0.200,-0.000,0.035,-0.008,0,896,-97,97,41,15.850,305,305
269070,0.100,-0.000,0.001,0.000,0.693,-0.069,-0.715,-0.062,-0.200,-0.000,0.032,-0.008,0,804,-102,102,41,15.850,305,305
269170,-0.120,-0.000,0.000,0.001,0.694,-0.071,-0.713,-0.060,-0.200,-0.000,0.028,-0.014,0,247,-102,102,41,15.860,305,305
269270,-0.130,0.001,-0.000,0.002,0.695,-0.073,-0.713,-0.056,-0.200,-0.000,0.028,-0.022,822,0,-104,104,41,15.860,305,305
269370,0.140,0.000,-0.002,0.001,0.694,-0.076,-0.714,-0.051,-0.200,-0.000,0.032,-0.033,1148,0,-108,108,41,15.870,305,305
269470,0.120,-0.001,-0.000,-0.000,0.691,-0.077,-0.717,-0.051,-0.200,-0.001,0.040,-0.034,1084,0,-110,110,41,15.870,305,305
269570,-0.100,0.002,-0.001,0.001,0.690,-0.077,-0.718,-0.049,-0.200,-0.001,0.044,-0.036,1224,0,-110,110,41,15.860,305,305
269670,0.060,-0.000,-0.002,0.001,0.689,-0.078,-0.720,-0.045,-0.200,-0.001,0.048,-0.043,1499,0,-111,111,41,15.860,305,305
269770,0.310,-0.000,-0.001,0.001,0.685,-0.080,-0.722,-0.044,-0.200,-0.001,0.057,-0.047,1574,0,-114,114,41,15.860,305,305
269870,0.090,-0.001,0.001,-0.001,0.685,-0.081,-0.723,-0.044,-0.200,-0.001,0.059,-0.048,1620,0,-109,109,41,15.860,305,305
269970,0.040,-0.001,0.000,-0.001,0.684,-0.081,-0.723,-0.048,-0.200,-0.001,0.060,-0.042,1522,0,-110,110,41,15.860,305,305
270070,-0.140,-0.000,0.000,0.000,0.684,-0.081,-0.723,-0.049,-0.200,-0.001,0.058,-0.040,1597,0,-108,108,41,15.850,305,305
270170,-0.040,-0.000,-0.001,0.000,0.685,-0.082,-0.722,-0.050,-0.200,-0.001,0.056,-0.040,1728,0,-108,108,41,15.850,305,305
270270,-0.010,0.000,-0.000,0.000,0.684,-0.083,-0.723,-0.050,-0.200,-0.001,0.060,-0.041,1808,0,-110,110,41,15.860,305,305
270370,-0.070,-0.000,-0.001,-0.000,0.683,-0.083,-0.724,-0.051,-0.200,-0.001,0.063,-0.040,1842,0,-112,111,41,15.860,305,305
270470,-0.040,-0.001,-0.001,0.001,0.681,-0.088,-0.725,-0.050,-0.200,-0.001,0.068,-0.047,2080,0,-114,114,41,15.860,305,305
270570,0.070,0.000,-0.002,-0.000,0.679,-0.090,-0.727,-0.048,-0.200,-0.002,0.074,-0.052,2181,0,-117,117,41,15.840,305,305
270670,0.220,0.001,-0.000,-0.000,0.676,-0.089,-0.730,-0.047,-0.200,-0.002,0.081,-0.052,2226,0,-116,116,41,15.840,305,305
270770,0.070,-0.001,0.001,-0.000,0.676,-0.089,-0.730,-0.048,-0.200,-0.002,0.081,-0.050,2230,0,-111,111,41,15.840,305,305
270870,-0.170,0.001,0.000,0.000,0.678,-0.088,-0.729,-0.048,-0.200,-0.002,0.077,-0.049,2292,0,-110,110,41,15.840,305,305
270970,-0.010,0.000,-0.001,0.001,0.677,-0.088,-0.729,-0.045,-0.200,-0.002,0.079,-0.053,2439,0,-114,114,41,15.850,305,305
271070,-0.010,0.000,-0.001,0.001,0.676,-0.089,-0.730,-0.044,-0.200,-0.002,0.082,-0.057,2552,0,-114,114,41,15.850,305,305
271170,-0.110,-0.001,-0.001,-0.000,0.675,-0.090,-0.731,-0.043,-0.200,-0.002,0.084,-0.059,2607,0,-115,115,41,15.850,305,305
271270,0.120,0.000,-0.001,0.000,0.674,-0.090,-0.732,-0.043,-0.200,-0.002,0.088,-0.058,2649,0,-116,116,41,15.850,305,305
271370,0.070,0.000,-0.000,-0.000,0.672,-0.090,-0.734,-0.042,-0.200,-0.003,0.092,-0.058,2709,0,-116,116,41,15.850,305,305
271470,-0.020,-0.000,-0.000,0.000,0.671,-0.090,-0.734,-0.043,-0.200,-0.003,0.095,-0.057,2702,0,-116,116,41,15.860,305,305
271570,0.150,0.000,-0.001,-0.001,0.670,-0.089,-0.736,-0.044,-0.200,-0.003,0.099,-0.054,2640,0,-118,118,41,15.860,305,305
271670,0.040,-0.001,0.000,-0.000,0.669,-0.089,-0.737,-0.045,-0.200,-0.003,0.102,-0.053,2645,0,-116,116,41,15.870,305,305
271770,-0.070,-0.000,0.000,-0.000,0.669,-0.090,-0.736,-0.046,-0.200,-0.003,0.100,-0.053,2653,0,-114,114,41,15.870,305,305
271870,-0.130,-0.000,-0.000,0.000,0.669,-0.090,-0.736,-0.047,-0.200,-0.002,0.100,-0.052,2667,0,-115,115,41,15.870,305,305
271970,0.090,-0.000,-0.000,-0.001,0.668,-0.090,-0.737,-0.046,-0.200,-0.003,0.103,-0.052,2639,0,-117,117,41,15.860,305,305
272070,-0.060,-0.000,0.001,-0.000,0.669,-0.088,-0.737,-0.048,-0.200,-0.002,0.102,-0.048,2597,0,-113,113,41,15.860,305,305
272170,0.110,-0.001,0.002,-0.001,0.670,-0.088,-0.735,-0.049,-0.200,-0.002,0.097,-0.047,2584,0,-110,110,41,15.850,305,305
272270,-0.030,0.000,-0.000,0.001,0.672,-0.088,-0.733,-0.050,-0.200,-0.002,0.091,-0.045,2585,0,-111,111,41,15.850,305,305
272370,0.000,-0.002,0.000,-0.001,0.672,-0.089,-0.733,-0.051,-0.200,-0.002,0.091,-0.044,2584,0,-114,114,41,15.850,305,305
272470,0.080,-0.002,-0.000,0.000,0.672,-0.091,-0.733,-0.054,-0.200,-0.002,0.092,-0.043,2570,0,-114,114,41,15.850,305,305
272570,-0.050,0.001,-0.003,-0.000,0.671,-0.093,-0.734,-0.054,-0.200,-0.002,0.093,-0.046,2628,0,-117,117,41,15.850,305,305
272670,0.120,0.001,-0.004,-0.000,0.661,-0.090,-0.743,-0.050,-0.200,-0.003,0.121,-0.044,2593,0,-136,136,41,15.850,305,305
272770,0.100,-0.000,0.003,-0.001,0.660,-0.089,-0.744,-0.054,-0.200,-0.002,0.122,-0.037,2466,0,-116,116,41,15.850,305,305
272870,-0.040,0.001,0.002,0.001,0.665,-0.087,-0.739,-0.053,-0.200,-0.002,0.109,-0.038,2562,0,-109,109,41,15.850,305,305
272970,0.040,0.001,-0.001,0.000,0.666,-0.089,-0.739,-0.050,-0.200,-0.002,0.109,-0.043,2626,0,-118,118,41,15.850,305,305
273070,0.070,-0.000,-0.000,-0.001,0.664,-0.088,-0.741,-0.051,-0.200,-0.002,0.113,-0.041,2556,0,-119,119,41,15.850,305,305
273170,0.030,-0.000,0.001,0.001,0.663,-0.089,-0.741,-0.052,-0.200,-0.002,0.115,-0.041,2591,0,-118,118,41,15.850,305,305
273270,-0.110,-0.000,0.003,0.000,0.666,-0.091,-0.739,-0.052,-0.200,-0.002,0.109,-0.044,2623,0,-110,110,41,15.850,305,305
273370,0.050,0.001,-0.000,-0.001,0.669,-0.090,-0.736,-0.052,-0.200,-0.002,0.099,-0.043,2584,0,-111,111,41,15.860,305,305
273470,-0.390,0.003,-0.001,-0.003,0.668,-0.083,-0.738,-0.052,-0.200,-0.002,0.102,-0.034,2449,0,-117,117,41,15.860,305,305
273570,-0.150,0.004,0.002,0.002,0.670,-0.074,-0.737,-0.049,-0.200,-0.001,0.098,-0.028,2619,0,-109,110,41,15.860,305,305
273670,0.430,-0.001,-0.000,0.001,0.673,-0.078,-0.734,-0.039,-0.200,-0.002,0.091,-0.048,2763,0,-112,112,41,15.860,305,305
273770,0.150,-0.000,-0.000,-0.002,0.674,-0.078,-0.734,-0.041,-0.200,-0.002,0.089,-0.045,2592,0,-112,112,41,15.860,305,305
273870,0.000,-0.001,-0.002,-0.002,0.673,-0.075,-0.734,-0.043,-0.200,-0.002,0.090,-0.038,2482,0,-116,116,41,15.860,305,305
273970,0.050,-0.001,-0.006,-0.002,0.666,-0.072,-0.741,-0.049,-0.200,-0.001,0.108,-0.023,2259,0,-132,131,41,15.860,305,305
274070,0.290,-0.002,-0.001,0.000,0.659,-0.071,-0.747,-0.052,-0.200,-0.001,0.126,-0.016,2267,0,-129,128,41,15.850,305,305
274170,0.560,-0.002,0.004,0.002,0.659,-0.076,-0.746,-0.055,-0.200,-0.001,0.126,-0.018,2407,0,-115,115,41,15.850,305,305
274270,-0.290,-0.004,0.003,0.002,0.665,-0.088,-0.739,-0.056,-0.200,-0.002,0.108,-0.034,2690,0,-106,106,41,15.850,305,305
274370,-0.100,0.006,-0.001,-0.000,0.671,-0.087,-0.734,-0.053,-0.200,-0.002,0.093,-0.038,2635,0,-106,107,41,15.850,305,305
274470,0.070,0.004,0.000,-0.003,0.671,-0.073,-0.737,-0.048,-0.200,-0.001,0.096,-0.027,2339,0,-114,114,41,15.850,305,305
274570,-0.060,0.002,0.002,0.005,0.681,-0.066,-0.728,-0.042,-0.200,-0.001,0.070,-0.028,2565,0,-96,96,41,15.850,305,305
274670,0.230,-0.003,-0.000,0.000,0.677,-0.075,-0.731,-0.040,-0.200,-0.002,0.081,-0.043,2677,0,-117,117,41,15.850,305,305
274770,0.530,-0.002,0.005,0.001,0.684,-0.079,-0.724,-0.043,-0.200,-0.001,0.062,-0.046,2684,0,-94,94,41,15.850,305,305
274870,-0.490,-0.000,0.001,0.002,0.691,-0.085,-0.717,-0.041,-0.200,-0.001,0.042,-0.059,2966,0,-96,96,41,15.850,305,305
274970,-0.540,0.001,-0.005,0.001,0.686,-0.089,-0.721,-0.037,-0.200,-0.002,0.057,-0.068,3332,0,-120,120,41,15.860,305,305
275070,0.390,0.000,-0.004,0.001,0.679,-0.089,-0.729,-0.037,-0.200,-0.002,0.077,-0.066,2977,0,-125,125,41,15.860,305,305
275170,-0.090,-0.000,0.001,-0.001,0.678,-0.094,-0.728,-0.037,-0.200,-0.003,0.078,-0.074,2859,0,-111,111,40,15.860,305,305
275270,-0.040,0.003,-0.003,0.000,0.673,-0.086,-0.733,-0.034,-0.200,-0.003,0.091,-0.066,2742,0,-124,124,40,15.860,305,305
275370,0.360,-0.004,0.004,-0.001,0.672,-0.084,-0.735,-0.034,-0.200,-0.003,0.095,-0.063,2684,0,-112,112,40,15.860,305,305
275470,-0.240,-0.002,-0.000,0.001,0.681,-0.095,-0.725,-0.043,-0.200,-0.002,0.070,-0.068,2840,0,-101,101,41,15.850,305,305
275570,-0.010,0.000,-0.000,0.000,0.675,-0.097,-0.731,-0.042,-0.200,-0.003,0.087,-0.069,2804,0,-119,119,41,15.850,305,305
275670,0.080,0.001,-0.002,0.001,0.675,-0.095,-0.730,-0.041,-0.200,-0.003,0.085,-0.068,2794,0,-116,116,41,15.850,305,305
275770,-0.170,0.003,-0.006,0.001,0.668,-0.096,-0.737,-0.035,-0.200,-0.004,0.104,-0.077,2925,0,-131,132,41,15.850,305,305
275870,0.090,0.000,-0.000,-0.002,0.664,-0.095,-0.741,-0.032,-0.200,-0.004,0.116,-0.078,2839,0,-122,122,41,15.850,305,305
275970,0.240,-0.001,-0.001,-0.004,0.659,-0.089,-0.746,-0.039,-0.200,-0.004,0.128,-0.059,2519,0,-126,126,41,15.850,305,305
276070,0.090,-0.000,-0.004,-0.005,0.649,-0.082,-0.755,-0.048,-0.200,-0.002,0.153,-0.033,2169,0,-141,141,41,15.850,305,305
276170,0.080,0.001,0.004,-0.001,0.648,-0.076,-0.756,-0.051,-0.200,-0.002,0.154,-0.021,2211,0,-119,119,41,15.850,305,305
276270,-0.100,0.001,0.009,-0.002,0.662,-0.069,-0.744,-0.052,-0.200,-0.001,0.118,-0.014,2190,0,-92,92,41,15.850,305,305
276370,-0.070,0.000,0.004,-0.002,0.677,-0.064,-0.731,-0.055,-0.200,-0.000,0.077,-0.006,2145,0,-88,88,41,15.850,305,305
276470,-0.040,-0.002,0.002,-0.002,0.684,-0.061,-0.724,-0.061,-0.200,0.000,0.057,0.005,1995,0,-94,94,41,15.850,305,305
276570,-0.210,-0.001,-0.000,0.001,0.687,-0.061,-0.722,-0.065,-0.200,0.000,0.049,0.010,2072,0,-103,102,41,15.850,305,305
276670,0.030,-0.000,0.004,0.001,0.690,-0.065,-0.718,-0.064,-0.200,0.000,0.039,0.002,2243,0,-95,95,41,15.850,305,305
276770,0.000,0.001,0.007,0.002,0.702,-0.066,-0.707,-0.062,-0.200,-0.000,0.008,-0.004,2331,0,-81,81,41,15.850,305,305
276870,-0.070,0.000,0.003,0.003,0.710,-0.068,-0.698,-0.059,-0.200,0.000,-0.016,-0.014,2503,0,-81,81,40,15.840,305,305
276970,-0.050,0.001,-0.001,0.003,0.713,-0.073,-0.696,-0.054,-0.200,0.000,-0.021,-0.029,2679,0,-95,95,40,15.840,305,305
277070,-0.230,0.000,-0.001,0.001,0.711,-0.076,-0.697,-0.048,-0.200,0.000,-0.017,-0.042,2755,0,-99,99,41,15.840,305,305
277170,-0.210,0.001,-0.002,0.000,0.709,-0.076,-0.700,-0.045,-0.200,0.000,-0.009,-0.046,2743,0,-104,104,41,15.840,305,305
277270,0.090,0.001,-0.002,0.001,0.705,-0.076,-0.704,-0.043,-0.200,0.000,0.003,-0.046,2671,0,-108,108,41,15.840,305,305
277370,0.190,-0.001,-0.001,-0.000,0.702,-0.077,-0.707,-0.042,-0.200,-0.000,0.011,-0.049,2671,0,-107,107,41,15.850,305,305
277470,0.070,0.001,-0.001,-0.001,0.700,-0.077,-0.708,-0.045,-0.200,-0.000,0.015,-0.045,2564,0,-105,105,41,15.850,305,305
277570,-0.050,-0.000,-0.000,-0.002,0.702,-0.072,-0.707,-0.047,-0.200,-0.000,0.009,-0.035,2406,0,-100,100,41,15.850,305,305
277670,-0.260,-0.000,-0.001,-0.001,0.700,-0.070,-0.709,-0.050,-0.200,-0.000,0.015,-0.027,2377,0,-105,105,41,15.850,305,305
277770,-0.190,0.000,-0.001,-0.002,0.698,-0.068,-0.711,-0.053,-0.200,-0.000,0.020,-0.020,2282,0,-107,107,41,15.850,305,305
277870,0.390,-0.000,-0.001,0.000,0.694,-0.066,-0.715,-0.054,-0.200,-0.000,0.030,-0.015,2309,0,-111,111,41,15.850,305,305
277970,0.140,0.000,-0.001,0.002,0.692,-0.069,-0.717,-0.052,-0.200,-0.000,0.038,-0.021,2468,0,-111,111,41,15.850,305,305
278070,0.000,0.002,0.001,0.003,0.692,-0.073,-0.716,-0.047,-0.200,-0.001,0.037,-0.034,2665,0,-104,104,41,15.850,305,305
278170,-0.170,-0.001,0.000,0.000,0.695,-0.075,-0.714,-0.042,-0.200,-0.001,0.032,-0.044,2702,0,-102,102,41,15.850,305,305
278270,-0.030,-0.001,0.001,-0.000,0.694,-0.076,-0.714,-0.046,-0.200,-0.001,0.033,-0.040,2583,0,-105,104,41,15.860,305,305
278370,0.150,-0.001,-0.001,-0.001,0.692,-0.077,-0.716,-0.048,-0.200,-0.001,0.037,-0.036,2506,0,-110,110,41,15.860,305,305
278470,0.060,-0.001,0.002,0.001,0.693,-0.077,-0.715,-0.051,-0.200,-0.001,0.036,-0.034,2495,0,-104,104,41,15.850,305,305
278570,-0.060,-0.003,-0.001,-0.000,0.696,-0.080,-0.711,-0.054,-0.200,-0.000,0.025,-0.035,2519,0,-100,100,41,15.850,305,305
278670,0.070,0.001,0.000,0.002,0.693,-0.085,-0.714,-0.056,-0.200,-0.001,0.033,-0.038,2610,0,-107,107,41,15.850,305,305
278770,0.010,0.000,0.000,-0.001,0.695,-0.084,-0.712,-0.052,-0.200,-0.001,0.028,-0.043,2607,0,-102,102,41,15.850,305,305
278870,-0.080,0.001,-0.001,-0.000,0.694,-0.082,-0.713,-0.055,-0.200,-0.001,0.031,-0.036,2500,0,-106,106,41,15.850,305,305
278970,0.010,0.001,-0.001,-0.000,0.691,-0.081,-0.716,-0.053,-0.200,-0.001,0.038,-0.036,2519,0,-111,111,40,15.860,305,305
279070,-0.020,-0.000,-0.000,0.001,0.691,-0.081,-0.716,-0.052,-0.200,-0.001,0.039,-0.036,2553,0,-107,107,40,15.860,305,305
279170,-0.150,0.001,-0.001,0.001,0.690,-0.083,-0.718,-0.050,-0.200,-0.001,0.044,-0.043,2660,0,-110,110,40,15.860,305,305
279270,0.110,0.000,0.000,0.000,0.688,-0.084,-0.719,-0.049,-0.200,-0.001,0.048,-0.045,2632,0,-109,109,40,15.850,305,305
279370,0.050,-0.000,0.001,-0.000,0.690,-0.084,-0.717,-0.050,-0.200,-0.001,0.044,-0.043,2593,0,-104,104,40,15.850,305,305
279470,-0.020,0.001,0.001,0.001,0.690,-0.084,-0.717,-0.049,-0.200,-0.001,0.042,-0.046,2652,0,-105,105,40,15.850,305,305
279570,-0.090,-0.001,-0.001,-0.000,0.691,-0.084,-0.716,-0.049,-0.200,-0.001,0.040,-0.047,2625,0,-107,107,40,15.850,305,305
279670,0.030,0.001,0.000,0.001,0.689,-0.085,-0.718,-0.050,-0.200,-0.001,0.045,-0.046,2637,0,-109,109,41,15.850,305,305
279770,0.290,-0.000,0.001,0.002,0.691,-0.088,-0.716,-0.045,-0.200,-0.001,0.041,-0.057,2794,0,-103,103,41,15.850,305,305
279870,-0.080,-0.000,0.001,0.001,0.694,-0.091,-0.713,-0.043,-0.200,-0.001,0.034,-0.065,2857,0,-101,101,41,15.850,305,305
279970,-0.060,0.000,0.000,-0.000,0.694,-0.092,-0.713,-0.042,-0.200,-0.001,0.033,-0.068,2821,0,-103,103,41,15.850,305,305
280070,-0.140,-0.000,-0.000,0.001,0.695,-0.092,-0.712,-0.042,-0.200,-0.001,0.031,-0.068,2805,0,-104,104,41,15.850,305,305
280170,-0.050,-0.000,-0.001,0.001,0.694,-0.094,-0.713,-0.042,-0.200,-0.001,0.034,-0.071,2832,0,-107,107,41,15.850,305,305
280270,0.140,-0.000,-0.000,0.000,0.693,-0.096,-0.713,-0.041,-0.200,-0.001,0.036,-0.075,2865,0,-106,106,41,15.850,305,305
280370,-0.040,-0.000,0.000,0.000,0.693,-0.096,-0.713,-0.041,-0.200,-0.001,0.035,-0.076,2859,0,-105,105,41,15.850,305,305
280470,-0.040,-0.001,0.000,0.000,0.693,-0.098,-0.713,-0.040,-0.200,-0.001,0.036,-0.079,2891,0,-105,105,41,15.850,305,305
280570,0.070,0.000,-0.001,-0.001,0.693,-0.100,-0.713,-0.040,-0.200,-0.001,0.037,-0.082,2904,0,-107,107,41,15.850,305,305
280670,0.010,0.000,-0.000,-0.001,0.692,-0.098,-0.714,-0.041,-0.200,-0.001,0.038,-0.078,2823,0,-106,106,40,15.850,305,305
280770,0.020,0.001,-0.001,-0.000,0.692,-0.097,-0.714,-0.040,-0.200,-0.001,0.038,-0.077,2828,0,-106,106,40,15.850,305,305
280870,0.000,0.000,0.000,-0.000,0.692,-0.096,-0.714,-0.040,-0.200,-0.001,0.039,-0.075,2812,0,-106,106,40,15.850,305,305
280970,-0.470,0.000,-0.001,-0.000,0.692,-0.095,-0.715,-0.040,-0.200,-0.001,0.039,-0.074,2814,0,-107,106,40,15.860,305,305
281070,0.560,0.000,0.001,-0.000,0.691,-0.095,-0.716,-0.040,-0.200,-0.001,0.043,-0.074,3102,0,-107,107,40,15.860,305,305
281170,-0.030,0.000,0.001,0.000,0.691,-0.095,-0.716,-0.040,-0.200,-0.001,0.042,-0.074,2910,0,-106,106,41,15.830,3462,1027
281270,-0.110,0.001,0.000,-0.001,0.691,-0.094,-0.716,-0.040,-0.200,-0.001,0.042,-0.073,2779,0,-106,106,41,15.830,3462,1027
281370,0.150,0.001,0.000,-0.002,0.693,-0.089,-0.714,-0.044,0.000,-0.001,0.036,-0.060,2599,0,-102,102,41,15.830,3462,1027
281470,0.290,0.000,0.001,-0.003,0.694,-0.083,-0.714,-0.048,0.000,-0.001,0.032,-0.046,2426,0,-101,101,40,15.820,2530,347
281570,0.440,0.001,0.001,-0.000,0.695,-0.078,-0.713,-0.049,0.000,-0.000,0.028,-0.038,2459,0,-101,101,40,15.820,2530,347
281670,-0.090,0.000,0.001,-0.001,0.697,-0.077,-0.711,-0.050,0.000,-0.000,0.023,-0.037,2535,0,-100,100,40,15.840,2441,735
281770,-0.080,0.000,0.000,-0.001,0.698,-0.076,-0.710,-0.051,0.000,-0.000,0.020,-0.034,2557,0,-102,102,40,15.840,2441,735
281870,-0.120,0.000,0.000,-0.001,0.699,-0.073,-0.710,-0.052,0.000,-0.000,0.018,-0.029,2659,0,-101,101,41,15.850,2620,1693
281970,-0.290,0.000,0.000,0.000,0.700,-0.073,-0.709,-0.052,0.000,-0.000,0.016,-0.028,2748,0,-101,101,41,15.850,2620,1693
282070,0.110,0.000,0.001,0.001,0.700,-0.073,-0.709,-0.052,0.000,-0.000,0.016,-0.029,2682,0,-101,101,41,15.850,2620,1693
282170,-0.080,-0.000,-0.000,-0.000,0.701,-0.074,-0.707,-0.051,0.000,-0.000,0.012,-0.032,2710,0,-101,100,41,15.850,2665,455
282270,-0.120,0.000,0.000,-0.001,0.701,-0.073,-0.707,-0.053,0.000,-0.000,0.010,-0.028,2679,0,-100,100,41,15.850,2665,455
282370,-0.170,0.000,0.000,-0.001,0.702,-0.070,-0.706,-0.055,0.000,-0.000,0.007,-0.021,2664,0,-100,100,41,15.850,2620,967
282470,0.080,0.000,-0.001,-0.001,0.702,-0.067,-0.707,-0.057,0.000,-0.000,0.009,-0.014,2635,0,-103,103,41,15.850,2620,967
282570,0.190,0.000,-0.000,-0.000,0.701,-0.065,-0.708,-0.056,0.000,-0.000,0.011,-0.012,2638,0,-103,103,41,15.850,2620,967
282670,-0.100,-0.000,0.001,0.000,0.701,-0.065,-0.708,-0.057,0.000,-0.000,0.011,-0.010,2678,0,-101,101,41,15.850,2637,1288
282770,-0.270,0.000,0.002,0.001,0.702,-0.066,-0.707,-0.056,0.000,-0.000,0.008,-0.013,2841,0,-98,98,41,15.850,2637,1288
282870,-0.230,-0.000,-0.001,-0.000,0.703,-0.066,-0.706,-0.056,0.000,-0.000,0.005,-0.015,2866,0,-101,101,41,15.840,2873,598
282970,0.280,-0.001,-0.000,-0.001,0.702,-0.065,-0.706,-0.057,0.000,-0.000,0.007,-0.012,2923,0,-102,102,41,15.840,2873,598
283070,-0.370,0.001,0.002,-0.000,0.704,-0.063,-0.705,-0.058,0.000,-0.000,0.002,-0.007,2800,0,-96,96,41,15.840,2873,598
283170,0.230,0.000,-0.002,0.001,0.703,-0.063,-0.706,-0.057,0.000,-0.000,0.005,-0.007,2580,0,-104,104,41,15.830,2753,1211
283270,0.280,0.000,-0.000,-0.001,0.701,-0.063,-0.708,-0.056,0.000,-0.000,0.010,-0.009,2403,0,-105,105,41,15.830,2753,1211
283370,-0.160,-0.000,0.001,0.000,0.702,-0.062,-0.707,-0.057,0.000,-0.000,0.008,-0.007,2337,0,-100,100,41,15.850,2349,349
283470,-0.050,0.000,0.001,0.000,0.703,-0.062,-0.706,-0.057,0.000,-0.000,0.004,-0.008,2503,0,-97,97,41,15.850,2349,349
283570,-0.220,0.001,-0.001,-0.000,0.704,-0.062,-0.705,-0.056,0.000,-0.000,0.002,-0.008,2710,0,-102,102,41,15.850,2349,349
283670,-0.020,-0.000,-0.001,-0.000,0.701,-0.060,-0.708,-0.056,0.000,-0.000,0.010,-0.005,2758,0,-106,106,41,15.840,2648,773
283770,0.060,0.000,-0.001,-0.000,0.700,-0.060,-0.709,-0.057,0.000,-0.000,0.013,-0.003,2586,0,-104,104,41,15.840,2648,773
283870,0.230,0.000,0.000,0.001,0.700,-0.061,-0.709,-0.055,0.133,-0.000,0.014,-0.006,2743,0,-102,102,41,15.830,2676,1702
283970,0.080,-0.000,0.000,0.001,0.700,-0.062,-0.709,-0.054,0.137,-0.000,0.013,-0.011,2882,0,-102,102,41,15.830,2676,1702
284070,-0.110,-0.000,0.001,-0.000,0.702,-0.063,-0.708,-0.053,0.145,-0.000,0.010,-0.013,2991,0,-99,99,41,15.850,2626,499
284170,-0.170,-0.001,0.000,-0.001,0.702,-0.062,-0.707,-0.055,0.169,-0.000,0.007,-0.011,3114,0,-100,100,41,15.850,2626,499
284270,-0.260,-0.000,-0.000,-0.001,0.702,-0.061,-0.707,-0.057,0.231,-0.000,0.007,-0.005,3277,947,-101,101,41,15.850,2626,499
284370,-0.020,-0.001,-0.001,0.000,0.701,-0.061,-0.708,-0.058,0.318,-0.000,0.010,-0.003,3504,1547,-104,104,41,15.850,3238,1092
284470,0.030,-0.000,0.000,-0.000,0.701,-0.061,-0.708,-0.058,0.443,-0.000,0.011,-0.004,3761,1980,-102,102,41,15.850,3238,1092
284570,0.150,-0.000,0.001,0.000,0.701,-0.061,-0.708,-0.060,0.443,-0.000,0.009,-0.001,3990,2467,-100,100,41,15.840,3834,2192
284670,0.000,-0.001,-0.000,-0.000,0.702,-0.062,-0.707,-0.061,0.435,0.000,0.008,-0.001,4274,2883,-101,101,41,15.840,3834,2192
284770,0.150,-0.000,0.000,0.000,0.702,-0.063,-0.707,-0.061,0.369,-0.000,0.008,-0.002,4581,3261,-101,101,41,15.840,3834,2192
284870,0.290,0.000,0.000,-0.000,0.702,-0.063,-0.707,-0.061,0.353,-0.000,0.007,-0.003,4824,3598,-100,100,41,15.840,4562,3272
284970,0.470,0.001,-0.000,0.000,0.701,-0.063,-0.708,-0.060,0.345,-0.000,0.011,-0.003,4950,3781,-104,104,41,15.840,4562,3272
285070,-0.160,-0.000,-0.000,0.000,0.700,-0.063,-0.709,-0.060,0.310,-0.000,0.014,-0.003,5053,3905,-104,104,41,15.820,5000,3846
285170,-0.180,0.002,0.001,0.002,0.701,-0.065,-0.708,-0.056,0.275,-0.000,0.011,-0.012,5284,4003,-99,99,41,15.820,5000,3846
285270,-0.510,0.005,-0.002,-0.001,0.702,-0.061,-0.708,-0.048,0.275,-0.000,0.011,-0.018,5524,4302,-104,104,41,15.820,5000,3846
285370,0.370,0.004,-0.002,-0.001,0.697,-0.050,-0.714,-0.041,0.278,-0.000,0.024,-0.012,5632,4573,-113,113,41,15.830,5494,4237
285470,0.070,0.000,0.000,-0.000,0.695,-0.045,-0.716,-0.036,0.278,-0.000,0.031,-0.011,5664,4625,-108,108,41,15.830,5494,4237
285570,0.570,0.001,0.000,0.001,0.695,-0.045,-0.716,-0.035,0.275,-0.000,0.030,-0.011,5698,4636,-104,104,41,15.850,5630,4629
285670,0.070,0.002,0.001,-0.000,0.696,-0.043,-0.716,-0.030,0.275,-0.000,0.028,-0.016,5825,4725,-102,102,41,15.850,5630,4629
285770,0.090,-0.000,0.000,0.000,0.697,-0.040,-0.715,-0.029,0.275,-0.000,0.027,-0.014,6006,4989,-104,104,41,15.830,5952,4950
285870,-0.120,-0.000,0.001,0.001,0.698,-0.041,-0.714,-0.027,0.275,-0.000,0.024,-0.018,6183,5132,-101,101,41,15.830,5952,4950
285970,0.020,0.000,-0.001,-0.002,0.699,-0.040,-0.713,-0.028,0.275,-0.000,0.020,-0.016,6224,5262,-102,102,41,15.830,5952,4950
286070,0.000,-0.002,-0.000,-0.001,0.698,-0.039,-0.714,-0.033,0.278,-0.000,0.023,-0.008,6310,5478,-104,104,41,15.860,6218,5263
286170,0.170,-0.001,0.000,0.000,0.698,-0.042,-0.714,-0.033,0.275,-0.000,0.023,-0.011,6470,5557,-103,103,41,15.860,6218,5263
286270,0.100,-0.001,0.001,0.001,0.698,-0.045,-0.714,-0.036,0.275,-0.000,0.022,-0.011,6589,5705,-102,102,41,15.830,6493,5617
286370,0.230,-0.001,-0.001,-0.001,0.698,-0.045,-0.714,-0.038,0.278,-0.000,0.023,-0.009,6690,5856,-105,105,41,15.830,6493,5617
286470,0.130,-0.000,0.000,-0.000,0.698,-0.044,-0.713,-0.041,0.278,-0.000,0.022,-0.003,6721,5959,-102,102,41,15.830,6493,5617
286570,-0.270,0.002,-0.001,0.000,0.700,-0.043,-0.712,-0.038,0.278,-0.000,0.017,-0.006,6857,6044,-101,101,41,15.820,6702,5938
286670,-0.040,0.000,-0.001,-0.001,0.698,-0.040,-0.714,-0.038,0.278,-0.000,0.024,-0.002,6936,6194,-108,108,41,15.820,6702,5938
286770,-0.330,-0.000,0.000,-0.000,0.697,-0.038,-0.715,-0.038,0.255,0.000,0.026,0.001,7060,6349,-105,105,41,15.840,6963,6250
286870,0.280,-0.001,-0.000,0.000,0.696,-0.039,-0.715,-0.040,0.255,0.000,0.027,0.003,7126,6427,-104,104,41,15.840,6963,6250
286970,-0.200,-0.001,0.000,-0.000,0.696,-0.041,-0.715,-0.040,0.251,0.000,0.027,0.000,7258,6540,-104,104,41,15.820,7225,6493
287070,0.190,-0.001,-0.000,-0.002,0.696,-0.042,-0.716,-0.045,0.239,0.000,0.028,0.007,7308,6690,-105,105,41,15.820,7225,6493
287170,0.050,-0.000,0.000,-0.000,0.696,-0.042,-0.716,-0.047,0.200,0.000,0.027,0.009,7354,6735,-104,104,41,15.820,7225,6493
287270,0.110,-0.001,-0.000,0.001,0.696,-0.044,-0.715,-0.048,0.145,0.000,0.026,0.008,7425,6767,-104,104,41,15.820,7352,6756
287370,0.100,0.001,-0.001,0.001,0.696,-0.047,-0.715,-0.047,0.125,0.000,0.026,0.001,7491,6782,-105,105,41,15.820,7352,6756
287470,-0.220,0.000,-0.000,-0.000,0.696,-0.047,-0.715,-0.044,0.125,-0.000,0.028,-0.002,7608,6902,-105,105,41,15.840,7552,6811
287570,-0.050,0.000,-0.001,-0.001,0.694,-0.045,-0.717,-0.044,0.125,0.000,0.032,0.002,7644,7008,-108,108,41,15.840,7552,6811
287670,0.120,0.000,-0.001,0.000,0.692,-0.043,-0.719,-0.044,0.125,0.000,0.039,0.004,7672,7053,-110,110,41,15.840,7552,6811
287770,0.000,-0.001,-0.000,0.000,0.691,-0.044,-0.720,-0.045,0.125,0.000,0.040,0.004,7682,7070,-107,107,41,15.830,7621,7062
287870,-0.030,-0.001,0.002,0.000,0.693,-0.047,-0.718,-0.047,0.137,0.000,0.036,0.002,7752,7105,-102,102,41,15.830,7621,7062
287970,-0.050,-0.001,-0.001,-0.002,0.694,-0.048,-0.716,-0.051,0.137,0.000,0.031,0.007,7756,7189,-104,104,42,15.830,7621,7122
288070,0.040,-0.001,0.001,-0.001,0.694,-0.046,-0.716,-0.057,0.133,0.000,0.029,0.017,7721,7265,-102,102,42,15.830,7621,7122
288170,-0.070,0.000,0.001,-0.000,0.695,-0.046,-0.715,-0.058,0.235,0.000,0.027,0.018,7793,7316,-101,101,41,15.830,7763,7288
288270,-0.030,-0.000,0.001,0.001,0.696,-0.046,-0.714,-0.058,0.298,0.000,0.024,0.019,7911,7425,-101,101,41,15.830,7763,7288
288370,-0.190,0.000,0.001,0.001,0.698,-0.047,-0.713,-0.056,0.263,0.000,0.020,0.013,8052,7525,-100,100,41,15.830,7763,7288
288470,-0.100,0.001,-0.000,0.001,0.699,-0.050,-0.711,-0.054,0.247,0.000,0.017,0.007,8188,7622,-101,101,42,15.820,8064,7552
288570,-0.020,0.001,0.000,0.001,0.700,-0.051,-0.711,-0.050,0.247,-0.000,0.016,-0.001,8312,7718,-102,102,42,15.820,8064,7552
288670,-0.010,-0.001,-0.000,-0.001,0.699,-0.049,-0.711,-0.049,0.251,0.000,0.017,0.001,8359,7833,-103,103,41,15.820,8305,7552
288770,-0.110,0.000,-0.000,-0.001,0.699,-0.049,-0.712,-0.050,0.247,0.000,0.018,0.004,8414,7931,-104,104,41,15.820,8305,7552
288870,0.030,-0.000,0.001,-0.001,0.698,-0.047,-0.712,-0.053,0.251,0.000,0.019,0.010,8463,8041,-102,102,41,15.820,8305,7552
288970,-0.010,-0.001,-0.002,0.001,0.698,-0.048,-0.713,-0.055,0.251,0.000,0.020,0.011,8526,8082,-106,106,41,15.830,8445,8038
289070,0.060,-0.000,-0.002,0.002,0.695,-0.052,-0.715,-0.052,0.251,0.000,0.027,0.001,8637,8093,-109,109,41,15.830,8445,8038
289170,-0.010,-0.001,0.002,0.001,0.694,-0.057,-0.716,-0.049,0.251,-0.000,0.033,-0.010,8751,8136,-104,104,41,15.810,8680,7418
289270,-0.030,0.000,0.000,-0.002,0.697,-0.057,-0.713,-0.049,0.251,-0.000,0.024,-0.008,8785,8251,-101,101,41,15.810,8680,7418
289370,-0.230,-0.000,-0.001,-0.000,0.696,-0.054,-0.714,-0.052,0.263,-0.000,0.025,-0.001,8855,8387,-105,105,41,15.800,8833,8305
289470,-0.040,0.000,-0.001,-0.000,0.695,-0.054,-0.715,-0.052,0.271,-0.000,0.028,-0.000,8965,8491,-106,106,41,15.800,8833,8305
289570,0.030,0.000,-0.001,0.000,0.693,-0.054,-0.717,-0.053,0.271,0.000,0.035,0.002,9032,8572,-111,111,41,15.800,8833,8305
289670,0.090,-0.001,0.001,-0.000,0.693,-0.052,-0.718,-0.051,0.271,0.000,0.036,0.001,9079,8611,-105,105,41,15.820,9057,8561
289770,0.260,-0.001,0.001,0.002,0.695,-0.055,-0.715,-0.053,0.286,-0.000,0.029,-0.001,9121,8614,-100,100,41,15.820,9057,8561
289870,-0.200,-0.002,0.002,0.002,0.697,-0.063,-0.713,-0.052,0.298,-0.000,0.023,-0.013,9282,8679,-98,98,41,15.810,9259,8650
289970,-0.240,0.002,-0.002,-0.000,0.697,-0.065,-0.712,-0.050,0.302,-0.000,0.022,-0.019,9409,8804,-106,106,41,15.810,9259,8650
290070,0.030,-0.000,0.000,-0.002,0.694,-0.060,-0.715,-0.050,0.302,-0.000,0.031,-0.013,9441,8917,-108,108,41,15.810,9259,8650
290170,-0.010,0.000,0.000,-0.001,0.694,-0.058,-0.715,-0.052,0.302,-0.000,0.030,-0.006,9481,9009,-105,105,41,15.820,9433,8928
290270,-0.070,0.000,0.001,0.000,0.696,-0.057,-0.714,-0.052,0.302,-0.000,0.027,-0.005,9570,9074,-101,100,41,15.820,9433,8928
290370,-0.200,0.000,0.000,-0.000,0.697,-0.057,-0.713,-0.051,0.302,-0.000,0.022,-0.007,9663,9147,-102,102,42,15.810,9615,9090
290470,-0.030,0.000,-0.000,0.000,0.698,-0.057,-0.712,-0.052,0.306,-0.000,0.020,-0.004,9749,9252,-102,102,42,15.810,9615,9090
290570,0.230,0.000,-0.000,-0.000,0.697,-0.056,-0.713,-0.052,0.314,-0.000,0.024,-0.003,9847,9358,-106,106,42,15.810,9615,9090
290670,0.070,-0.000,-0.000,-0.000,0.696,-0.056,-0.714,-0.052,0.329,-0.000,0.025,-0.003,9913,9423,-105,105,41,15.820,9784,9328
290770,-0.070,-0.000,-0.000,-0.001,0.696,-0.055,-0.714,-0.052,0.333,-0.000,0.024,-0.002,9982,9502,-104,104,41,15.820,9784,9328
290870,-0.170,-0.000,0.001,-0.000,0.697,-0.054,-0.713,-0.054,0.333,0.000,0.023,0.002,10051,9600,-102,102,42,15.800,10040,9541
290970,0.030,-0.001,-0.000,-0.000,0.697,-0.054,-0.713,-0.056,0.341,0.000,0.023,0.005,10124,9696,-104,104,42,15.800,10040,9541
291070,0.320,-0.000,-0.001,-0.000,0.696,-0.055,-0.714,-0.056,0.337,0.000,0.024,0.004,10210,9769,-105,105,42,15.800,10204,9765
291170,0.110,-0.000,0.001,-0.000,0.696,-0.055,-0.714,-0.057,0.345,0.000,0.025,0.005,10300,9865,-103,103,42,15.800,10204,9765
291270,0.050,0.000,-0.000,0.000,0.696,-0.054,-0.714,-0.057,0.341,0.000,0.026,0.006,10375,9955,-105,105,42,15.800,10204,9765
291370,-0.130,-0.000,0.000,0.000,0.696,-0.054,-0.714,-0.056,0.467,0.000,0.025,0.006,10481,10060,-103,103,42,15.790,10351,9980
291470,-0.040,0.000,-0.000,0.001,0.696,-0.055,-0.714,-0.056,0.467,0.000,0.025,0.003,10605,10169,-104,104,42,15.790,10351,9980
291570,-0.090,-0.001,-0.000,-0.000,0.695,-0.056,-0.714,-0.055,0.443,0.000,0.027,0.001,10720,10287,-105,105,42,15.800,10660,10245
291670,0.220,-0.000,0.000,-0.000,0.695,-0.055,-0.715,-0.056,0.431,0.000,0.028,0.003,10794,10388,-105,105,42,15.800,10660,10245
291770,0.150,0.001,0.000,-0.000,0.695,-0.055,-0.715,-0.057,0.427,0.000,0.027,0.006,10862,10480,-103,103,42,15.800,10660,10245
291870,-0.090,-0.000,0.000,-0.000,0.696,-0.054,-0.714,-0.057,0.424,0.000,0.025,0.006,10965,10588,-102,102,41,15.800,10869,10504
291970,-0.150,-0.000,-0.000,0.000,0.696,-0.055,-0.714,-0.058,0.420,0.000,0.024,0.007,11091,10716,-103,103,41,15.800,10869,10504
292070,-0.130,0.000,-0.001,-0.000,0.695,-0.055,-0.715,-0.058,0.416,0.000,0.027,0.007,11199,10834,-106,106,42,15.800,11160,10799
292170,0.110,-0.000,-0.001,-0.000,0.694,-0.055,-0.716,-0.059,0.416,0.000,0.030,0.009,11283,10937,-107,107,42,15.800,11160,10799
292270,0.010,-0.000,-0.000,0.001,0.693,-0.055,-0.717,-0.059,0.416,0.000,0.034,0.008,11353,10996,-107,107,42,15.800,11160,10799
292370,0.150,-0.000,0.000,0.001,0.693,-0.056,-0.716,-0.057,0.416,0.000,0.032,0.004,11429,11054,-104,104,41,15.780,11363,10989
292470,0.030,-0.000,0.001,0.000,0.695,-0.057,-0.715,-0.058,0.416,0.000,0.028,0.003,11505,11135,-101,101,41,15.780,11363,10989
292570,-0.180,-0.000,0.001,0.000,0.696,-0.058,-0.713,-0.058,0.416,0.000,0.024,0.002,11618,11256,-100,100,42,15.790,11547,11160
292670,-0.180,-0.000,-0.000,0.000,0.697,-0.058,-0.713,-0.058,0.416,0.000,0.023,0.002,11725,11368,-103,103,42,15.790,11547,11160
292770,0.250,0.000,-0.000,-0.000,0.696,-0.058,-0.713,-0.058,0.424,0.000,0.025,0.002,11794,11444,-105,105,42,15.790,11547,11160
292870,0.180,-0.000,0.000,-0.000,0.697,-0.058,-0.713,-0.059,0.455,0.000,0.023,0.003,11865,11527,-102,102,42,15.790,11764,11467
292970,-0.130,-0.001,0.000,-0.000,0.697,-0.057,-0.712,-0.059,0.455,0.000,0.021,0.005,11977,11652,-102,102,42,15.790,11764,11467
293070,0.010,-0.000,0.000,0.001,0.697,-0.059,-0.712,-0.059,0.455,0.000,0.021,0.002,12077,11731,-103,103,42,15.780,12048,11682
293170,0.000,-0.000,-0.000,0.000,0.697,-0.060,-0.712,-0.059,0.451,-0.000,0.021,0.000,12171,11822,-103,103,42,15.780,12048,11682
293270,-0.050,0.000,0.000,0.000,0.698,-0.060,-0.711,-0.059,0.451,0.000,0.020,-0.000,12268,11925,-102,102,42,15.780,12048,11682
293370,-0.050,0.000,0.000,0.001,0.698,-0.060,-0.711,-0.059,0.451,-0.000,0.019,-0.000,12364,12021,-103,103,42,15.780,12254,11961
293470,-0.010,-0.000,-0.000,-0.000,0.698,-0.061,-0.711,-0.058,0.455,-0.000,0.019,-0.002,12466,12123,-103,103,42,15.780,12254,11961
293570,-0.010,0.000,0.000,-0.000,0.698,-0.060,-0.712,-0.058,0.451,-0.000,0.020,-0.001,12549,12216,-103,103,42,15.770,12531,12135
293670,-0.090,-0.000,0.000,0.000,0.698,-0.060,-0.711,-0.059,0.455,0.000,0.019,-0.000,12638,12311,-102,102,42,15.770,12531,12135
293770,-0.090,-0.000,0.000,0.001,0.698,-0.061,-0.711,-0.059,0.459,-0.000,0.018,-0.001,12735,12395,-102,102,42,15.770,12531,12135
293870,-0.010,-0.000,0.000,0.000,0.699,-0.062,-0.710,-0.058,0.459,-0.000,0.016,-0.005,12825,12474,-101,101,42,15.750,12722,12437
293970,0.020,0.000,0.000,-0.000,0.700,-0.063,-0.709,-0.058,0.459,-0.000,0.014,-0.005,12927,12578,-101,101,42,15.750,12722,12437
294070,-0.080,0.000,-0.001,-0.000,0.700,-0.063,-0.709,-0.059,0.463,-0.000,0.013,-0.004,13034,12700,-102,102,42,15.760,12987,12658
294170,-0.170,0.000,-0.000,0.000,0.700,-0.062,-0.709,-0.060,0.463,-0.000,0.013,-0.002,13149,12824,-102,102,42,15.760,12987,12658
294270,0.010,0.001,0.000,0.001,0.700,-0.062,-0.709,-0.060,0.494,-0.000,0.014,-0.002,13259,12930,-102,102,42,15.760,12987,12658
294370,0.250,0.000,0.001,0.001,0.702,-0.063,-0.707,-0.058,0.525,-0.000,0.009,-0.007,13338,12975,-98,98,42,15.750,13227,12953
294470,0.220,-0.000,-0.001,-0.001,0.701,-0.063,-0.708,-0.057,0.525,-0.000,0.009,-0.008,13384,13032,-102,102,42,15.750,13227,12953
294570,-0.080,-0.000,0.001,-0.002,0.702,-0.060,-0.707,-0.059,0.525,-0.000,0.008,-0.000,13468,13169,-99,99,42,15.760,13513,13123
294670,-0.170,-0.000,0.002,-0.001,0.704,-0.057,-0.705,-0.062,0.518,-0.000,0.001,0.007,13574,13307,-95,95,42,15.760,13513,13123
294770,0.040,-0.001,0.001,-0.001,0.706,-0.057,-0.703,-0.065,0.490,-0.000,-0.006,0.011,13703,13451,-94,94,42,15.760,13513,13123
294870,-0.110,-0.002,0.000,-0.001,0.706,-0.058,-0.702,-0.072,0.490,-0.000,-0.007,0.018,13826,13607,-98,98,42,15.740,13698,13440
294970,-0.180,0.000,-0.001,-0.003,0.705,-0.057,-0.703,-0.077,0.494,-0.000,-0.006,0.027,13896,13737,-101,101,42,15.740,13698,13440
295070,0.040,0.000,-0.005,0.000,0.697,-0.054,-0.710,-0.078,0.490,0.000,0.015,0.036,13980,13844,-118,118,42,15.750,13927,13736
295170,0.300,-0.001,-0.003,0.001,0.691,-0.056,-0.717,-0.075,0.490,0.001,0.035,0.030,14075,13894,-118,118,42,15.750,13927,13736
295270,0.180,-0.001,0.001,0.000,0.688,-0.059,-0.719,-0.076,0.494,0.001,0.041,0.028,14135,13963,-109,109,42,15.750,13927,13736
295370,0.040,0.001,0.002,0.002,0.691,-0.061,-0.717,-0.074,0.490,0.000,0.035,0.022,14218,14015,-101,101,42,15.740,14124,13966
295470,-0.180,0.000,0.003,0.003,0.695,-0.066,-0.713,-0.066,0.490,0.000,0.025,0.002,14367,14068,-95,95,42,15.740,14124,13966
295570,-0.090,0.001,-0.001,0.000,0.700,-0.069,-0.708,-0.064,0.494,-0.000,0.013,-0.006,14469,14180,-98,98,42,15.740,14450,14044
295670,0.190,0.001,-0.002,-0.002,0.694,-0.067,-0.714,-0.064,0.494,-0.000,0.029,-0.001,14532,14308,-113,113,42,15.740,14450,14044
295770,0.370,-0.000,-0.001,-0.001,0.689,-0.064,-0.719,-0.066,0.494,0.000,0.042,0.007,14583,14402,-114,114,42,15.730,14534,14326
295870,-0.130,0.001,0.001,0.001,0.692,-0.063,-0.716,-0.065,0.494,0.000,0.034,0.005,14692,14484,-101,101,42,15.730,14534,14326
295970,0.060,0.000,0.000,0.000,0.694,-0.062,-0.715,-0.062,0.494,0.000,0.030,0.002,14804,14586,-102,102,42,15.730,14534,14326
296070,-0.180,-0.000,-0.000,-0.001,0.692,-0.061,-0.716,-0.064,0.494,0.000,0.033,0.007,14887,14706,-107,107,42,15.710,14836,14577
296170,0.510,-0.000,-0.001,-0.000,0.692,-0.060,-0.716,-0.066,0.494,0.000,0.034,0.012,14934,14773,-107,106,42,15.710,14836,14577
296270,0.040,-0.000,0.000,0.001,0.692,-0.061,-0.716,-0.067,0.494,0.000,0.033,0.011,14992,14819,-104,104,42,15.720,14970,14792
296370,-0.360,-0.000,0.001,0.001,0.693,-0.064,-0.715,-0.065,0.494,0.000,0.031,0.005,15107,14902,-102,102,42,15.720,14970,14792
296470,-0.010,0.001,-0.001,0.001,0.694,-0.066,-0.714,-0.063,0.494,-0.000,0.029,-0.002,15207,14978,-105,105,42,15.720,14970,14792
296570,0.000,-0.001,-0.003,-0.001,0.692,-0.066,-0.716,-0.063,0.494,-0.000,0.033,-0.001,15284,15084,-111,111,42,15.710,15243,15015
296670,-0.020,0.000,0.001,-0.002,0.689,-0.063,-0.719,-0.066,0.494,0.000,0.043,0.008,15313,15167,-108,108,42,15.710,15243,15015
296770,-0.110,0.000,0.001,-0.000,0.690,-0.061,-0.718,-0.068,0.494,0.000,0.038,0.013,15372,15235,-104,104,42,15.710,15290,15197
296870,0.140,-0.000,0.001,0.000,0.694,-0.061,-0.714,-0.068,0.498,0.000,0.028,0.012,15466,15318,-98,98,42,15.710,15290,15197
296970,-0.080,-0.000,0.002,-0.000,0.698,-0.061,-0.711,-0.068,0.498,0.000,0.018,0.012,15559,15413,-95,95,42,15.710,15290,15197
297070,-0.050,-0.001,0.002,0.000,0.701,-0.062,-0.708,-0.069,0.494,0.000,0.009,0.010,15668,15513,-94,94,42,15.700,15576,15384
297170,0.250,-0.001,-0.000,0.000,0.703,-0.064,-0.705,-0.071,0.498,0.000,0.002,0.010,15724,15578,-97,97,42,15.700,15576,15384
297270,0.210,0.001,0.000,-0.001,0.703,-0.066,-0.704,-0.072,0.498,0.000,0.000,0.008,15820,15674,-98,98,43,15.700,15723,15527
297370,-0.390,0.002,0.000,-0.003,0.704,-0.061,-0.704,-0.071,0.494,0.000,-0.001,0.015,15916,15823,-99,99,43,15.700,15723,15527
297470,-0.140,0.001,0.000,-0.003,0.704,-0.052,-0.705,-0.074,0.498,0.000,-0.002,0.031,15944,15933,-100,100,43,15.700,15723,15527
297570,-0.020,-0.000,0.003,-0.001,0.706,-0.047,-0.703,-0.079,0.498,-0.000,-0.008,0.045,16015,16047,-92,92,43,15.680,15923,15822
297670,-0.010,0.000,-0.003,0.001,0.705,-0.048,-0.703,-0.080,0.498,-0.000,-0.007,0.045,16083,16094,-103,103,43,15.680,15923,15822
297770,-0.070,0.001,0.002,0.001,0.704,-0.049,-0.704,-0.077,0.502,-0.000,-0.004,0.040,16156,16142,-98,98,43,15.680,16077,16129
297870,-0.100,0.000,0.001,0.000,0.708,-0.049,-0.700,-0.076,0.506,-0.000,-0.014,0.036,16230,16226,-92,92,43,15.680,16077,16129
297970,-0.170,-0.001,0.001,0.001,0.709,-0.050,-0.700,-0.076,0.506,-0.000,-0.016,0.034,16309,16311,-95,95,43,15.680,16077,16129
298070,0.090,-0.000,0.000,0.000,0.711,-0.053,-0.698,-0.075,0.506,-0.000,-0.021,0.030,16386,16384,-94,94,43,15.690,16393,16286
298170,0.160,-0.000,0.002,-0.000,0.713,-0.053,-0.695,-0.076,0.506,-0.000,-0.027,0.029,16451,16467,-89,89,43,15.690,16393,16286
298270,0.000,-0.000,0.000,-0.000,0.715,-0.053,-0.693,-0.076,0.506,-0.000,-0.035,0.030,16518,16555,-90,90,43,15.690,16501,16501
298370,-0.160,-0.000,0.000,0.001,0.716,-0.053,-0.691,-0.077,0.510,-0.001,-0.038,0.030,16585,16625,-90,90,43,15.690,16501,16501
298470,0.060,-0.000,0.000,0.000,0.716,-0.054,-0.692,-0.076,0.620,-0.001,-0.038,0.028,16679,16726,-92,92,43,15.690,16501,16501
298570,0.160,-0.000,-0.001,0.000,0.716,-0.054,-0.692,-0.076,0.608,-0.000,-0.036,0.027,16768,16822,-95,95,43,15.680,16666,16611
298670,-0.270,0.000,-0.000,0.000,0.715,-0.055,-0.693,-0.075,0.596,-0.000,-0.034,0.025,16857,16911,-94,94,43,15.680,16666,16611
298770,-0.040,0.000,-0.001,-0.000,0.715,-0.056,-0.693,-0.075,0.584,-0.000,-0.032,0.024,16935,17000,-94,94,43,15.680,16891,16949
298870,0.050,0.000,0.000,0.000,0.714,-0.055,-0.694,-0.074,0.573,-0.000,-0.031,0.024,17010,17086,-93,93,43,15.680,16891,16949
298970,0.110,0.000,-0.001,0.001,0.714,-0.056,-0.695,-0.073,0.576,-0.000,-0.029,0.021,17093,17158,-95,95,43,15.680,16891,16949
299070,-0.370,-0.000,-0.001,0.001,0.712,-0.059,-0.696,-0.071,0.576,-0.000,-0.024,0.015,17203,17250,-96,96,43,15.670,17064,17182
299170,0.200,0.000,-0.002,-0.000,0.710,-0.060,-0.698,-0.070,0.576,-0.000,-0.017,0.012,17284,17340,-99,99,43,15.670,17064,17182
299270,0.120,-0.000,-0.000,-0.000,0.706,-0.060,-0.702,-0.070,0.576,-0.000,-0.008,0.014,17362,17436,-100,100,43,15.650,17301,17361
299370,0.000,-0.000,-0.000,0.000,0.706,-0.060,-0.702,-0.071,0.576,-0.000,-0.008,0.015,17450,17534,-96,96,43,15.650,17301,17361
299470,0.040,-0.001,0.002,0.000,0.707,-0.060,-0.701,-0.071,0.580,-0.000,-0.010,0.014,17527,17608,-92,92,43,15.650,17301,17361
299570,-0.100,-0.000,0.002,-0.000,0.710,-0.060,-0.698,-0.072,0.584,-0.000,-0.019,0.014,17620,17710,-87,86,43,15.650,17482,17667
299670,-0.130,0.000,0.003,-0.002,0.715,-0.060,-0.693,-0.073,0.584,-0.000,-0.032,0.016,17711,17812,-83,83,43,15.650,17482,17667
299770,0.300,0.000,0.003,-0.001,0.720,-0.057,-0.688,-0.076,0.584,-0.001,-0.047,0.023,17792,17933,-77,77,43,15.630,17857,17857
299870,0.630,0.000,0.005,0.000,0.727,-0.054,-0.680,-0.077,0.588,-0.001,-0.070,0.026,17866,18009,-67,67,43,15.630,17857,17857
299970,0.230,0.001,0.007,0.000,0.737,-0.052,-0.670,-0.076,0.588,-0.001,-0.098,0.024,17960,18096,-57,57,43,15.630,17857,17857
300070,0.180,0.000,0.009,-0.001,0.753,-0.049,-0.652,-0.074,0.588,-0.002,-0.144,0.024,18052,18195,-41,41,43,15.640,17921,18115
300170,0.210,0.001,-0.002,-0.001,0.759,-0.046,-0.645,-0.076,0.588,-0.002,-0.163,0.029,18102,18280,-58,58,43,15.640,17921,18115
300270,-0.290,0.000,0.003,0.001,0.756,-0.044,-0.648,-0.076,0.588,-0.002,-0.156,0.032,18190,18376,-64,64,43,15.620,18115,18315
300370,0.060,-0.001,0.002,0.001,0.762,-0.046,-0.642,-0.076,0.588,-0.002,-0.173,0.026,18278,18441,-54,54,43,15.620,18115,18315
300470,-0.050,0.001,0.004,-0.000,0.769,-0.047,-0.633,-0.075,0.588,-0.002,-0.195,0.024,18366,18535,-43,43,43,15.620,18115,18315
300570,-0.070,0.001,0.005,-0.001,0.777,-0.042,-0.623,-0.076,0.604,-0.003,-0.221,0.030,18423,18637,-32,32,43,15.600,18450,18518
300670,-0.270,0.000,0.002,0.001,0.783,-0.039,-0.616,-0.076,0.624,-0.004,-0.240,0.033,18516,18735,-35,35,43,15.600,18450,18518
300770,-0.020,-0.000,0.000,0.000,0.784,-0.040,-0.615,-0.075,0.616,-0.004,-0.242,0.029,18613,18820,-42,42,43,15.600,18587,18867
300870,-0.040,0.000,-0.001,0.001,0.785,-0.042,-0.614,-0.074,0.600,-0.003,-0.245,0.025,18701,18902,-41,41,43,15.600,18587,18867
300970,-0.040,-0.000,0.001,0.000,0.786,-0.043,-0.613,-0.073,0.584,-0.003,-0.247,0.022,18784,18984,-37,37,43,15.600,18587,18867
301070,-0.120,-0.000,-0.003,-0.000,0.785,-0.044,-0.614,-0.072,0.561,-0.002,-0.243,0.021,18884,19094,-43,43,43,15.610,18796,19011
301170,0.080,0.000,0.002,0.000,0.783,-0.043,-0.617,-0.072,0.565,-0.003,-0.237,0.022,18960,19182,-36,36,43,15.610,18796,19011
301270,0.150,-0.000,0.006,0.000,0.789,-0.042,-0.608,-0.071,0.561,-0.003,-0.259,0.020,19029,19251,-16,16,43,15.590,18867,19157
301370,0.070,-0.001,0.001,0.000,0.797,-0.042,-0.598,-0.070,0.565,-0.002,-0.284,0.017,19096,19309,-11,11,43,15.590,18867,19157
301470,0.080,-0.002,-0.001,-0.000,0.796,-0.045,-0.600,-0.072,0.565,-0.002,-0.279,0.015,19164,19381,-25,25,43,15.590,18867,19157
301570,0.070,-0.001,0.002,-0.001,0.796,-0.046,-0.599,-0.075,0.561,-0.002,-0.280,0.016,19230,19465,-17,17,43,15.590,19230,19379
301670,-0.280,-0.002,0.005,0.001,0.802,-0.048,-0.591,-0.078,0.565,-0.002,-0.301,0.015,19327,19554,-1,1,43,15.590,19230,19379
301770,-0.080,-0.003,-0.000,0.001,0.805,-0.053,-0.585,-0.080,0.565,-0.001,-0.314,0.008,19418,19613,-3,3,43,15.590,19230,19379
301870,-0.150,-0.002,-0.002,0.001,0.803,-0.061,-0.587,-0.080,0.565,0.000,-0.306,-0.003,19521,19685,-13,13,43,15.570,19531,19723
301970,0.630,-0.003,0.001,-0.001,0.801,-0.064,-0.589,-0.082,0.561,0.001,-0.300,-0.006,19575,19749,-8,7,43,15.570,19531,19723
302070,0.140,-0.003,-0.000,-0.000,0.802,-0.070,-0.586,-0.087,0.561,0.001,-0.306,-0.009,19627,19792,-1,1,44,15.580,19455,19801
302170,0.080,-0.001,-0.003,-0.001,0.798,-0.074,-0.591,-0.091,0.565,0.002,-0.292,-0.011,19704,19870,-13,12,44,15.580,19455,19801
302270,-0.110,0.002,0.000,-0.002,0.794,-0.072,-0.596,-0.093,0.565,0.000,-0.282,-0.002,19778,19984,-5,5,44,15.580,19455,19801
302370,-0.240,0.002,-0.001,-0.000,0.794,-0.066,-0.597,-0.092,0.565,-0.001,-0.281,0.005,19857,20089,-1,1,44,15.570,19801,19960
302470,0.080,0.000,-0.000,0.001,0.793,-0.062,-0.600,-0.088,0.565,-0.001,-0.275,0.007,19951,20165,0,0,44,15.570,19801,19960
302570,-0.140,0.001,0.002,-0.000,0.794,-0.061,-0.599,-0.087,0.561,-0.001,-0.278,0.007,20034,20251,10,-10,44,15.550,19960,20449
302670,0.000,0.001,0.002,-0.002,0.797,-0.056,-0.595,-0.088,0.565,-0.002,-0.289,0.014,20087,20336,16,-16,44,15.550,19960,20449
302770,-0.510,0.001,-0.001,-0.001,0.798,-0.052,-0.594,-0.089,0.565,-0.003,-0.293,0.023,20149,20422,15,-15,44,15.550,19960,20449
302870,-0.470,-0.001,-0.002,-0.001,0.796,-0.050,-0.597,-0.090,0.565,-0.004,-0.284,0.028,20217,20498,9,-9,44,15.530,20161,20491
302970,0.000,-0.002,-0.001,-0.000,0.793,-0.052,-0.600,-0.094,0.565,-0.004,-0.278,0.030,20277,20563,12,-12,44,15.530,20161,20491
303070,-0.770,-0.001,-0.001,0.001,0.792,-0.054,-0.601,-0.093,0.565,-0.004,-0.274,0.027,20347,20616,16,-16,44,15.550,20491,20533
303170,0.060,-0.001,-0.000,0.000,0.792,-0.056,-0.601,-0.093,0.565,-0.003,-0.274,0.022,20434,20695,20,-20,44,15.550,20491,20533
303270,0.720,-0.000,-0.002,-0.001,0.790,-0.056,-0.604,-0.093,0.569,-0.003,-0.266,0.024,20486,20772,16,-16,44,15.550,20491,20533
303370,-0.170,-0.000,-0.002,-0.000,0.786,-0.056,-0.608,-0.094,0.565,-0.003,-0.256,0.027,20563,20864,16,-15,44,15.510,20491,20703
303470,0.190,0.000,-0.000,0.000,0.785,-0.054,-0.611,-0.093,0.565,-0.004,-0.251,0.028,20627,20926,22,-21,44,15.510,20491,20703
303570,0.040,-0.000,0.001,0.000,0.786,-0.054,-0.609,-0.093,0.565,-0.003,-0.255,0.027,20694,20984,30,-30,44,15.510,20491,20703
303670,-0.390,-0.000,-0.001,0.000,0.787,-0.056,-0.608,-0.094,0.565,-0.003,-0.257,0.025,20775,21059,30,-30,44,15.530,20576,21008
303770,0.360,-0.000,-0.000,-0.000,0.786,-0.057,-0.609,-0.094,0.565,-0.003,-0.254,0.025,20836,21121,30,-30,44,15.530,20576,21008
303870,0.410,-0.002,0.002,-0.001,0.786,-0.058,-0.608,-0.097,0.565,-0.003,-0.257,0.026,20897,21188,38,-38,44,15.510,20876,21141
303970,-0.280,-0.001,-0.000,-0.002,0.789,-0.056,-0.603,-0.101,0.565,-0.004,-0.268,0.034,20955,21275,42,-42,44,15.510,20876,21141
304070,0.010,0.003,-0.011,0.001,0.779,-0.056,-0.620,-0.098,0.565,-0.004,-0.228,0.035,21027,21332,7,-6,44,15.510,20876,21141
304170,-0.360,0.003,-0.004,0.000,0.764,-0.054,-0.637,-0.092,0.561,-0.003,-0.185,0.034,21095,21397,6,-6,44,15.510,21008,21367
304270,-0.060,0.000,0.008,-0.002,0.771,-0.051,-0.628,-0.095,0.561,-0.004,-0.207,0.040,21175,21506,53,-53,44,15.510,21008,21367
304370,-0.400,-0.002,-0.007,-0.003,0.773,-0.048,-0.624,-0.102,0.557,-0.006,-0.219,0.053,21223,21596,32,-32,44,15.480,21276,21691
304470,-0.050,0.003,-0.015,-0.000,0.749,-0.047,-0.656,-0.102,0.549,-0.004,-0.136,0.063,21318,21693,-21,21,44,15.480,21276,21691
304570,0.220,0.002,0.005,0.003,0.743,-0.047,-0.662,-0.093,0.549,-0.003,-0.120,0.053,21393,21704,24,-24,44,15.480,21276,21691
304670,0.080,-0.002,0.007,-0.001,0.759,-0.047,-0.643,-0.094,0.537,-0.004,-0.170,0.049,21456,21770,62,-62,45,15.490,21276,21786
304770,-0.590,0.004,-0.013,-0.000,0.752,-0.047,-0.650,-0.097,0.525,-0.004,-0.151,0.056,21510,21858,7,-7,45,15.490,21276,21786
304870,0.110,0.001,-0.020,-0.002,0.715,-0.047,-0.694,-0.096,0.525,-0.001,-0.031,0.067,21579,21958,-53,53,45,15.490,21276,21786
304970,-0.840,0.002,0.005,-0.001,0.703,-0.039,-0.705,-0.089,0.518,0.000,-0.003,0.071,21685,22068,2,-3,45,15.460,21645,21881
305070,0.770,-0.001,0.008,0.001,0.721,-0.043,-0.684,-0.098,0.514,-0.002,-0.060,0.073,21738,22103,51,-51,45,15.460,21645,21881
305170,0.310,-0.002,-0.019,-0.001,0.708,-0.051,-0.696,-0.106,0.514,-0.001,-0.025,0.075,21755,22134,-25,25,44,15.460,21645,22222
305270,-0.280,0.002,-0.013,0.002,0.668,-0.051,-0.737,-0.095,0.514,0.004,0.093,0.070,21830,22175,-61,61,44,15.460,21645,22222
305370,-0.540,0.002,0.022,0.002,0.687,-0.049,-0.720,-0.090,0.514,0.001,0.041,0.063,21984,22300,51,-51,44,15.460,21645,22222
305470,-0.490,-0.001,-0.005,-0.001,0.707,-0.044,-0.701,-0.090,0.514,-0.000,-0.015,0.063,22053,22391,25,-25,45,15.430,22123,22371
305570,-0.360,0.005,-0.030,-0.001,0.661,-0.044,-0.743,-0.089,0.510,0.004,0.110,0.074,22102,22473,-95,95,45,15.430,22123,22371
305670,-1.020,-0.008,0.013,-0.000,0.639,-0.053,-0.759,-0.093,0.514,0.006,0.159,0.072,22216,22576,-18,18,45,15.430,22123,22371
305770,0.720,0.002,0.002,-0.001,0.668,-0.049,-0.737,-0.091,0.510,0.003,0.092,0.068,22252,22595,18,-18,45,15.420,22271,22727
305870,-0.290,0.005,-0.024,0.002,0.639,-0.050,-0.763,-0.084,0.514,0.006,0.171,0.064,22296,22614,-82,82,45,15.420,22271,22727
305970,-0.380,-0.001,-0.009,0.004,0.599,-0.062,-0.795,-0.077,0.514,0.007,0.274,0.048,22429,22690,-89,89,45,15.410,22421,22624
306070,0.510,0.002,0.011,-0.001,0.604,-0.060,-0.792,-0.074,0.510,0.006,0.256,0.044,22445,22732,-21,21,45,15.410,22421,22624
306170,0.390,0.004,0.010,0.000,0.631,-0.052,-0.771,-0.073,0.506,0.005,0.195,0.048,22475,22775,11,-11,45,15.410,22421,22624
306270,-0.300,-0.002,0.004,0.002,0.645,-0.050,-0.760,-0.071,0.506,0.004,0.159,0.044,22557,22843,-2,2,45,15.430,22371,22779
306370,-0.150,0.001,0.001,0.001,0.650,-0.052,-0.755,-0.069,0.486,0.003,0.146,0.037,22624,22893,-14,14,45,15.430,22371,22779
306470,-0.030,-0.001,0.004,0.001,0.654,-0.052,-0.752,-0.064,0.478,0.002,0.135,0.028,22695,22944,-13,12,46,15.380,22779,22988
306570,-0.070,-0.000,0.001,-0.000,0.662,-0.052,-0.744,-0.065,0.467,0.002,0.114,0.029,22776,23040,-10,10,46,15.380,22779,22988
306670,-0.330,-0.005,-0.000,-0.002,0.661,-0.054,-0.745,-0.072,0.467,0.002,0.115,0.035,22861,23157,-21,21,46,15.380,22779,22988
306770,0.180,-0.008,0.004,-0.001,0.664,-0.064,-0.740,-0.090,0.471,0.003,0.102,0.048,22903,23232,-10,10,46,15.380,22831,23255
306870,0.240,0.001,0.004,0.003,0.672,-0.070,-0.731,-0.091,0.471,0.002,0.080,0.038,22935,23202,-3,3,46,15.380,22831,23255
306970,-0.190,-0.000,0.002,0.001,0.681,-0.073,-0.724,-0.088,0.471,0.001,0.058,0.028,23004,23248,-4,4,46,15.380,22831,23255
307070,-0.140,-0.001,-0.002,0.000,0.680,-0.076,-0.724,-0.088,0.467,0.001,0.061,0.025,23070,23312,-19,19,46,15.390,22935,22988
307170,0.650,-0.001,-0.003,0.002,0.675,-0.080,-0.728,-0.086,0.467,0.001,0.074,0.016,23114,23334,-29,29,46,15.390,22935,22988
307270,-0.150,-0.002,0.004,-0.001,0.675,-0.084,-0.727,-0.087,0.471,0.000,0.072,0.013,23152,23383,-13,13,46,15.400,23201,23310
307370,0.260,0.001,0.006,-0.002,0.687,-0.081,-0.716,-0.094,0.467,0.000,0.039,0.023,23174,23445,6,-6,46,15.400,23201,23310
307470,0.240,0.001,-0.003,-0.001,0.690,-0.078,-0.713,-0.097,0.494,0.000,0.029,0.030,23197,23483,-16,16,46,15.400,23201,23310
307570,-0.680,0.002,-0.014,0.001,0.670,-0.078,-0.733,-0.092,0.498,0.001,0.086,0.031,23276,23544,-66,66,46,15.340,23310,23529
307670,-0.290,-0.001,0.009,0.003,0.662,-0.079,-0.741,-0.083,0.498,0.001,0.110,0.018,23366,23584,-5,5,46,15.340,23310,23529
307770,0.530,0.002,0.006,-0.001,0.687,-0.078,-0.718,-0.083,0.498,0.000,0.043,0.012,23416,23641,12,-12,46,15.340,23310,23529
307870,0.010,0.002,-0.020,-0.003,0.670,-0.071,-0.735,-0.082,0.502,0.001,0.089,0.025,23435,23716,-73,73,46,15.360,23310,23529
307970,-0.270,-0.000,-0.002,-0.002,0.637,-0.063,-0.765,-0.078,0.502,0.003,0.178,0.038,23478,23786,-75,74,46,15.360,23310,23529
308070,0.050,0.004,0.018,-0.000,0.667,-0.067,-0.737,-0.086,0.498,0.002,0.097,0.037,23552,23833,21,-21,46,15.340,23474,23923
308170,-0.350,-0.003,-0.008,-0.001,0.674,-0.067,-0.730,-0.091,0.475,0.002,0.075,0.042,23600,23894,-31,31,46,15.340,23474,23923
308270,0.530,0.009,-0.010,-0.001,0.644,-0.066,-0.757,-0.085,0.455,0.004,0.156,0.044,23661,23952,-82,82,46,15.340,23474,23923
308370,-0.170,0.002,0.020,0.001,0.663,-0.062,-0.742,-0.081,0.455,0.002,0.108,0.037,23766,24027,12,-12,46,15.320,23866,23809
308470,-0.280,-0.003,0.002,0.002,0.697,-0.066,-0.709,-0.086,0.455,0.000,0.014,0.030,23811,24048,15,-15,46,15.320,23866,23809
308570,0.270,-0.002,-0.026,-0.003,0.659,-0.072,-0.744,-0.087,0.451,0.002,0.117,0.034,23886,24164,-108,107,46,15.320,23866,23809
308670,0.250,-0.009,0.029,0.002,0.660,-0.088,-0.738,-0.111,0.455,0.003,0.104,0.046,23934,24233,13,-13,47,15.310,23980,24096
308770,1.100,-0.001,0.006,0.001,0.712,-0.084,-0.688,-0.110,0.455,-0.001,-0.039,0.032,23971,24215,41,-41,47,15.310,23980,24096
308870,-1.220,0.010,-0.048,-0.005,0.649,-0.079,-0.750,-0.099,0.455,0.003,0.138,0.045,24119,24428,-174,174,47,15.310,23980,24096
308970,-1.930,0.001,0.037,0.002,0.630,-0.070,-0.768,-0.088,0.455,0.005,0.192,0.046,24264,24543,-14,13,47,15.270,24038,24213
309070,2.300,-0.010,0.007,0.005,0.719,-0.081,-0.681,-0.112,0.467,-0.001,-0.059,0.037,24288,24526,74,-74,47,15.270,24038,24213
309170,0.180,0.008,-0.058,-0.005,0.626,-0.070,-0.771,-0.094,0.467,0.006,0.200,0.058,24426,24754,-200,200,47,15.270,24390,24691
309270,-2.320,-0.005,0.066,0.006,0.671,-0.070,-0.733,-0.087,0.467,0.001,0.084,0.033,24684,24892,102,-102,47,15.270,24390,24691
309370,-1.540,-0.002,-0.045,0.004,0.693,-0.082,-0.713,-0.075,0.467,-0.000,0.029,-0.007,24813,24921,-85,85,47,15.270,24390,24691
309470,-2.250,0.000,0.002,0.006,0.615,-0.100,-0.780,-0.056,0.463,-0.004,0.239,-0.035,24988,25042,-123,124,47,15.240,24752,25062
309570,1.120,-0.003,0.025,-0.000,0.691,-0.096,-0.714,-0.068,0.467,-0.001,0.037,-0.035,25004,25112,61,-61,47,15.240,24752,25062
309670,-0.850,0.004,-0.053,-0.016,0.636,-0.075,-0.765,-0.075,0.467,0.002,0.181,0.019,25017,25356,-183,183,47,15.240,24752,25062
309770,-2.070,-0.007,0.035,-0.007,0.616,-0.065,-0.779,-0.099,0.463,0.009,0.223,0.075,25120,25563,-25,24,47,15.250,24875,25380
309870,1.200,-0.004,-0.019,0.000,0.644,-0.065,-0.754,-0.117,0.463,0.007,0.145,0.092,25041,25450,-64,64,47,15.250,24875,25380
309970,-2.160,0.000,0.001,0.004,0.604,-0.073,-0.786,-0.111,0.463,0.011,0.249,0.083,25194,25523,-98,98,47,15.250,24875,25380
310070,0.160,-0.000,0.022,0.007,0.665,-0.078,-0.736,-0.104,0.467,0.002,0.095,0.049,25381,25585,32,-32,47,15.230,25380,25575
310170,0.150,0.001,-0.027,-0.000,0.642,-0.083,-0.757,-0.092,0.486,0.003,0.160,0.033,25397,25607,-119,119,47,15.230,25380,25575
310270,-3.290,0.000,0.029,-0.001,0.639,-0.082,-0.759,-0.096,0.486,0.004,0.165,0.042,25545,25808,-17,17,48,15.170,25380,25974
310370,0.950,-0.001,0.010,0.003,0.698,-0.078,-0.705,-0.102,0.486,0.000,0.006,0.034,25562,25790,27,-27,48,15.170,25380,25974
310470,0.070,-0.000,-0.041,-0.003,0.646,-0.083,-0.753,-0.098,0.486,0.003,0.147,0.041,25634,25903,-168,167,48,15.170,25380,25974
310570,-2.660,-0.003,0.041,0.002,0.646,-0.085,-0.752,-0.098,0.486,0.003,0.145,0.038,25828,26069,2,-2,48,15.180,25839,26178
310670,0.620,0.002,0.014,-0.002,0.734,-0.078,-0.666,-0.110,0.486,-0.002,-0.101,0.033,25845,26090,75,-74,48,15.180,25839,26178
310770,-1.510,0.009,-0.070,-0.007,0.646,-0.073,-0.753,-0.102,0.475,0.004,0.145,0.058,26022,26358,-200,200,48,15.180,25839,26178
310870,-3.050,-0.011,0.046,-0.007,0.618,-0.064,-0.773,-0.126,0.467,0.013,0.205,0.116,26167,26645,-26,26,48,15.170,25974,26041
310970,1.830,-0.001,-0.005,0.002,0.713,-0.075,-0.685,-0.131,0.467,-0.001,-0.051,0.072,26224,26490,60,-60,48,15.170,25974,26041
311070,-1.830,0.006,-0.058,-0.001,0.621,-0.094,-0.768,-0.126,0.467,0.008,0.198,0.076,26323,26618,-200,200,48,15.170,25974,26041
311170,-5.000,0.003,0.055,-0.011,0.638,-0.080,-0.754,-0.133,0.467,0.008,0.152,0.098,26564,26966,30,-30,48,15.150,26737,26178
311270,0.660,-0.010,-0.021,0.002,0.705,-0.072,-0.689,-0.152,0.463,-0.001,-0.040,0.108,26530,26892,-12,12,48,15.150,26737,26178
311370,0.220,0.013,-0.035,0.005,0.577,-0.102,-0.801,-0.123,0.459,0.013,0.308,0.078,26811,27059,-200,200,48,15.110,26455,27027
311470,-2.440,-0.011,0.051,-0.002,0.620,-0.084,-0.772,-0.115,0.459,0.008,0.207,0.073,27037,27319,16,-17,48,15.110,26455,27027
311570,1.450,-0.003,-0.023,-0.008,0.677,-0.090,-0.714,-0.155,0.459,0.003,0.037,0.099,26845,27230,-38,38,48,15.110,26455,27027
311670,-1.070,0.010,-0.030,0.002,0.571,-0.107,-0.801,-0.143,0.459,0.018,0.312,0.104,26971,27316,-200,200,48,15.070,26737,27100
311770,-4.480,-0.003,0.064,0.007,0.653,-0.080,-0.741,-0.136,0.459,0.006,0.111,0.096,27274,27579,70,-71,48,15.070,26737,27100
311870,-0.030,-0.007,-0.029,0.000,0.692,-0.095,-0.701,-0.143,0.459,0.000,0.001,0.069,27254,27498,-49,49,48,15.070,26737,27100
311970,-0.080,-0.002,-0.036,0.009,0.576,-0.130,-0.797,-0.125,0.459,0.008,0.309,0.049,27459,27646,-200,200,48,15.080,27100,27548
312070,0.030,0.009,0.049,-0.001,0.620,-0.113,-0.768,-0.112,0.459,0.003,0.206,0.032,27679,27865,8,-8,48,15.080,27100,27548
312170,1.610,-0.012,0.002,0.003,0.703,-0.112,-0.689,-0.134,0.459,-0.000,-0.025,0.026,27596,27783,45,-45,49,15.080,27397,28011
312270,-1.920,0.001,-0.061,0.001,0.626,-0.129,-0.759,-0.122,0.455,0.002,0.187,0.024,27724,27912,-200,200,49,15.080,27397,28011
312370,-2.010,0.010,0.044,-0.001,0.629,-0.127,-0.759,-0.111,0.333,0.001,0.186,0.008,27883,28045,-20,21,49,15.080,27397,28011
312470,2.150,0.007,0.020,0.005,0.718,-0.115,-0.679,-0.098,0.325,0.001,-0.051,-0.032,27913,27972,52,-52,49,15.010,27855,27932
312570,-0.960,0.002,-0.056,-0.001,0.647,-0.114,-0.750,-0.082,0.318,-0.002,0.150,-0.024,27970,28091,-200,200,49,15.010,27855,27932
312670,-1.580,0.006,0.047,0.004,0.656,-0.120,-0.741,-0.082,0.173,-0.002,0.127,-0.035,28167,28243,-11,12,49,15.030,27855,28248
312770,1.350,0.007,0.002,0.005,0.731,-0.111,-0.670,-0.066,0.000,0.003,-0.077,-0.075,28085,28056,18,-18,49,15.030,27855,28248
312870,-1.500,0.002,-0.047,-0.001,0.663,-0.119,-0.738,-0.051,0.000,-0.004,0.117,-0.082,28137,28119,-200,200,49,15.030,27855,28248
312970,-2.440,-0.000,0.048,-0.001,0.693,-0.127,-0.708,-0.049,-0.294,-0.001,0.034,-0.106,28331,28249,17,-17,50,14.990,27777,28328
313070,0.510,0.008,-0.006,0.001,0.738,-0.121,-0.661,-0.054,-0.290,0.006,-0.096,-0.108,28161,28073,-7,7,50,14.990,27777,28328
313170,-2.170,0.002,-0.016,0.004,0.683,-0.123,-0.719,-0.027,-0.282,-0.003,0.066,-0.130,28297,28127,-143,143,50,14.990,27777,28328
313270,0.500,0.001,0.022,-0.007,0.728,-0.121,-0.673,-0.040,-0.267,0.005,-0.064,-0.122,28303,28188,15,-16,50,14.980,28328,28248
313370,-1.570,0.001,-0.028,-0.003,0.702,-0.109,-0.702,-0.046,-0.267,-0.000,0.011,-0.090,28317,28246,-126,126,50,14.980,28328,28248
313470,-0.230,-0.001,0.017,-0.004,0.701,-0.105,-0.703,-0.052,-0.267,-0.000,0.010,-0.073,28301,28241,-44,44,50,14.990,28328,28169
313570,0.170,0.003,-0.011,-0.000,0.712,-0.095,-0.694,-0.050,-0.271,0.001,-0.018,-0.065,28275,28189,-72,72,50,14.990,28328,28169
313670,0.360,-0.001,0.011,0.002,0.705,-0.094,-0.702,-0.042,-0.388,0.000,0.003,-0.074,28319,28173,-51,51,50,14.990,28328,28169
313770,0.470,-0.001,-0.005,0.001,0.724,-0.096,-0.682,-0.041,-0.447,0.002,-0.051,-0.083,28252,28068,-42,42,50,14.990,28169,27932
313870,-0.510,0.001,-0.001,-0.001,0.710,-0.097,-0.696,-0.039,-0.451,0.001,-0.012,-0.083,28237,28050,-74,74,50,14.990,28169,27932
313970,0.220,-0.000,0.008,-0.001,0.730,-0.092,-0.676,-0.047,-0.451,0.003,-0.069,-0.071,28166,27997,-23,23,50,14.980,28248,28409
314070,-0.690,-0.000,-0.009,-0.001,0.719,-0.095,-0.687,-0.046,-1.000,0.002,-0.038,-0.074,28129,27929,-80,80,50,14.980,28248,28409
314170,-0.310,0.001,0.006,-0.000,0.727,-0.092,-0.679,-0.050,-0.820,0.002,-0.062,-0.067,28065,27864,-37,37,50,14.980,28248,28409
314270,0.160,0.000,-0.007,0.002,0.720,-0.095,-0.685,-0.047,0.000,0.002,-0.042,-0.072,28030,27787,-71,71,50,14.990,28089,27932
314370,1.050,0.000,0.015,0.002,0.729,-0.096,-0.677,-0.043,0.000,0.003,-0.066,-0.081,28030,27749,-19,19,50,14.990,28089,27932
314470,0.510,0.005,0.013,0.004,0.757,-0.098,-0.645,-0.040,-0.020,0.008,-0.149,-0.097,28022,27677,13,-13,51,14.970,28409,27700
314570,0.070,0.001,0.009,0.004,0.778,-0.093,-0.621,-0.023,-0.294,0.013,-0.215,-0.116,28010,27626,14,-15,51,14.970,28409,27700
314670,0.400,0.002,-0.008,-0.002,0.776,-0.092,-0.624,-0.018,-0.349,0.013,-0.207,-0.119,28025,27665,-37,36,51,14.970,28409,27700
314770,0.180,-0.001,-0.004,-0.005,0.764,-0.087,-0.638,-0.027,-0.725,0.009,-0.171,-0.099,27918,27633,-49,49,52,14.970,28169,27700
314870,0.040,-0.002,-0.006,-0.003,0.753,-0.082,-0.652,-0.037,-0.835,0.005,-0.138,-0.075,27817,27575,-57,57,52,14.970,28169,27700
314970,0.310,-0.002,-0.004,-0.002,0.743,-0.081,-0.663,-0.044,-1.000,0.004,-0.108,-0.062,27734,27499,-56,55,51,14.940,27548,27472
315070,-1.080,-0.002,-0.007,0.001,0.732,-0.089,-0.674,-0.049,-1.000,0.003,-0.077,-0.063,27712,27447,-66,66,51,14.940,27548,27472
315170,-0.230,0.001,0.005,-0.000,0.730,-0.087,-0.677,-0.048,-1.000,0.002,-0.069,-0.063,27630,27362,-38,38,51,14.940,27548,27472
315270,-0.130,0.000,-0.002,-0.000,0.734,-0.086,-0.672,-0.050,-1.000,0.003,-0.082,-0.059,27574,27314,-39,39,52,14.980,27548,27173
315370,0.210,0.002,-0.000,-0.000,0.730,-0.085,-0.677,-0.050,-1.000,0.002,-0.070,-0.056,27470,27213,-44,44,52,14.980,27548,27173
315470,0.130,0.002,-0.003,-0.001,0.728,-0.082,-0.679,-0.051,-1.000,0.002,-0.064,-0.049,27371,27130,-47,47,52,14.960,27397,26881
315570,0.310,-0.000,0.006,-0.002,0.731,-0.077,-0.676,-0.056,-0.176,0.001,-0.074,-0.037,27344,27137,-25,25,52,14.960,27397,26881
315670,-0.620,0.000,-0.003,-0.004,0.731,-0.071,-0.675,-0.063,0.000,0.001,-0.078,-0.019,27307,27139,-39,39,52,14.960,27397,26881
315770,-0.480,0.003,-0.001,-0.004,0.726,-0.061,-0.682,-0.067,-0.420,-0.000,-0.063,0.002,27282,27156,-44,44,52,14.960,27100,27027
315870,-0.320,-0.001,-0.001,0.002,0.726,-0.056,-0.683,-0.064,-0.898,-0.000,-0.061,0.006,27259,27101,-41,41,52,14.960,27100,27027
315970,-0.390,0.001,-0.001,-0.001,0.725,-0.055,-0.684,-0.064,-1.000,-0.000,-0.059,0.008,27142,26986,-41,41,52,14.980,27247,26954
316070,-0.680,0.001,-0.004,0.001,0.717,-0.054,-0.693,-0.061,-1.000,-0.000,-0.034,0.007,27052,26881,-57,57,52,14.980,27247,26954
316170,0.200,-0.001,0.001,0.000,0.716,-0.055,-0.694,-0.058,0.000,-0.000,-0.032,0.001,27032,26847,-42,42,52,14.980,27247,26954
316270,0.730,-0.003,0.003,-0.002,0.719,-0.058,-0.690,-0.065,0.000,-0.000,-0.042,0.007,27017,26862,-30,30,52,14.990,26881,26809
316370,0.720,0.001,-0.005,-0.003,0.718,-0.053,-0.690,-0.073,-0.620,-0.000,-0.041,0.024,26954,26849,-49,49,52,14.990,26881,26809
316470,1.010,-0.001,-0.001,0.000,0.710,-0.054,-0.698,-0.076,-1.000,-0.000,-0.020,0.029,26845,26732,-51,51,52,14.990,27027,26809
316570,1.250,-0.003,0.003,0.008,0.714,-0.067,-0.693,-0.074,-1.000,-0.000,-0.032,0.008,26759,26552,-32,32,52,14.990,27027,26809
316670,-0.740,-0.001,-0.001,0.001,0.715,-0.082,-0.691,-0.067,-1.000,0.000,-0.032,-0.025,26669,26410,-41,41,52,14.990,27027,26809
316770,0.130,-0.002,0.007,-0.003,0.721,-0.081,-0.684,-0.074,-1.000,0.000,-0.052,-0.016,26539,26343,-18,18,52,15.010,26178,26525
316870,-0.150,0.001,0.007,0.002,0.735,-0.078,-0.669,-0.078,-1.000,0.001,-0.092,-0.011,26427,26225,-3,3,52,15.010,26178,26525
316970,-0.980,-0.001,0.005,0.001,0.745,-0.080,-0.658,-0.076,-1.000,0.001,-0.121,-0.019,26352,26124,-4,4,53,15.020,26455,26109
317070,-0.080,-0.006,0.009,0.001,0.754,-0.088,-0.645,-0.084,-1.000,0.002,-0.152,-0.025,26335,26089,9,-9,53,15.020,26455,26109
317170,-1.020,0.008,0.004,0.002,0.771,-0.085,-0.627,-0.077,-1.000,0.004,-0.201,-0.034,26263,26000,16,-16,53,15.020,26455,26109
317270,0.080,0.002,-0.000,-0.001,0.772,-0.076,-0.627,-0.068,-1.000,0.003,-0.202,-0.031,26190,25952,-4,4,53,15.000,26246,25906
317370,-0.030,0.002,-0.007,-0.001,0.766,-0.072,-0.636,-0.067,-1.000,0.002,-0.182,-0.024,26080,25865,-26,26,53,15.000,26246,25906
317470,-0.160,-0.001,0.005,-0.002,0.763,-0.068,-0.639,-0.069,-1.000,0.001,-0.174,-0.015,25952,25757,-4,4,53,15.020,25773,26041
317570,0.100,-0.001,0.014,0.002,0.784,-0.070,-0.612,-0.075,-1.000,0.002,-0.242,-0.018,25887,25658,49,-49,53,15.020,25773,26041
317670,0.280,0.003,0.002,-0.001,0.796,-0.064,-0.598,-0.068,-1.000,0.003,-0.280,-0.021,25768,25546,32,-33,53,15.020,25773,26041
317770,-0.600,0.001,-0.009,-0.002,0.789,-0.061,-0.607,-0.070,-1.000,0.002,-0.258,-0.012,25684,25489,-9,9,54,15.030,25839,25575
317870,-0.320,-0.001,-0.007,-0.002,0.779,-0.056,-0.621,-0.070,-1.000,0.000,-0.223,-0.001,25608,25434,-17,17,54,15.030,25839,25575
317970,0.010,0.001,-0.011,0.001,0.760,-0.058,-0.644,-0.068,-1.000,-0.000,-0.164,0.000,25517,25325,-41,41,54,15.060,25575,25380
318070,-0.100,0.001,-0.002,0.000,0.748,-0.059,-0.657,-0.066,-1.000,0.000,-0.129,-0.002,25453,25252,-21,21,54,15.060,25575,25380
318170,0.080,-0.001,-0.003,0.000,0.747,-0.061,-0.659,-0.067,-1.000,0.000,-0.124,-0.003,25368,25161,-12,12,54,15.060,25575,25380
318270,-0.730,0.001,-0.004,-0.000,0.739,-0.063,-0.667,-0.067,-1.000,0.000,-0.101,-0.004,25269,25062,-20,20,54,15.030,25188,25062
318370,-0.560,-0.000,-0.004,-0.000,0.731,-0.064,-0.676,-0.066,-1.000,0.000,-0.079,-0.004,25176,24969,-23,23,54,15.030,25188,25062
318470,-0.290,-0.000,-0.001,-0.001,0.726,-0.063,-0.682,-0.065,-1.000,0.000,-0.062,-0.003,25063,24865,-19,19,54,15.060,25188,24752
318570,-0.510,0.002,0.001,-0.003,0.725,-0.056,-0.683,-0.068,-1.000,-0.000,-0.062,0.011,24935,24788,-10,10,54,15.060,25188,24752
318670,0.090,-0.003,-0.002,-0.003,0.724,-0.052,-0.684,-0.074,-1.000,-0.001,-0.058,0.026,24825,24713,-14,14,54,15.060,25188,24752
318770,0.060,0.000,-0.001,-0.003,0.720,-0.048,-0.688,-0.080,-1.000,-0.001,-0.049,0.042,24684,24611,-15,15,54,15.090,25062,24875
318870,1.010,-0.000,0.004,-0.004,0.721,-0.039,-0.686,-0.089,-1.000,-0.002,-0.057,0.068,24515,24513,3,-3,54,15.090,25062,24875
318970,0.200,0.004,0.005,-0.006,0.731,-0.023,-0.675,-0.095,-1.000,-0.004,-0.088,0.094,24362,24445,16,-16,54,15.060,24509,24509
319070,-0.740,-0.001,-0.006,-0.006,0.729,-0.008,-0.676,-0.104,-1.000,-0.005,-0.086,0.129,24226,24409,-11,11,54,15.060,24509,24509
319170,0.540,0.004,-0.008,-0.004,0.712,0.002,-0.694,-0.108,-1.000,-0.002,-0.037,0.152,24089,24329,-40,40,54,15.060,24509,24509
319270,-1.440,0.006,0.003,-0.007,0.706,0.024,-0.699,-0.108,-1.000,-0.001,-0.021,0.188,23962,24333,-13,13,54,15.120,24213,24213
319370,0.170,-0.001,0.007,-0.005,0.715,0.040,-0.688,-0.117,-1.000,-0.004,-0.051,0.218,23833,24292,14,-14,54,15.120,24213,24213
319470,0.280,0.003,-0.007,-0.002,0.715,0.048,-0.687,-0.122,-1.000,-0.005,-0.052,0.236,23635,24154,-18,18,54,15.090,12019,24096
319570,0.020,0.005,-0.014,0.003,0.688,0.046,-0.714,-0.118,-1.000,0.004,0.025,0.232,23565,24077,-68,68,54,15.090,12019,24096
319670,-1.170,-0.001,0.005,0.004,0.683,0.044,-0.722,-0.105,-1.000,0.006,0.046,0.211,23517,24004,-16,16,54,15.120,23640,23980
319770,-0.460,0.004,-0.000,-0.003,0.694,0.035,-0.711,-0.105,-1.000,0.002,0.014,0.198,23462,23992,-9,9,54,15.120,23640,23980
319870,0.300,0.007,-0.005,-0.002,0.681,0.046,-0.723,-0.106,-1.000,0.007,0.051,0.216,23321,23916,-44,44,54,15.120,23640,23980
319970,0.110,-0.006,0.002,-0.003,0.682,0.051,-0.722,-0.102,-1.000,0.006,0.050,0.217,23231,23835,-19,19,54,15.120,23419,24096
320070,0.090,-0.006,0.001,-0.000,0.686,0.042,-0.716,-0.122,-0.788,0.005,0.029,0.233,23043,23683,-10,9,54,15.120,23419,24096
320170,0.120,-0.002,0.001,0.003,0.685,0.033,-0.717,-0.126,-0.475,0.005,0.030,0.225,22968,23558,-17,16,55,15.140,23041,23529
320270,-0.440,0.003,0.000,0.007,0.690,0.032,-0.714,-0.110,-0.475,0.003,0.023,0.202,22967,23462,-17,17,55,15.140,23041,23529
320370,0.080,0.004,0.001,0.009,0.696,0.024,-0.712,-0.090,-0.471,0.002,0.015,0.162,22978,23361,-16,16,55,15.130,22935,23255
320470,-0.550,0.003,-0.002,0.008,0.695,0.010,-0.715,-0.069,-0.612,0.002,0.024,0.112,23033,23302,-25,25,55,15.130,22935,23255
320570,0.040,0.003,0.002,0.008,0.696,0.005,-0.717,-0.045,-0.847,0.001,0.027,0.067,23006,23209,-20,20,55,15.130,22935,23255
320670,0.300,0.004,0.006,0.003,0.704,-0.005,-0.709,-0.030,-1.000,0.000,0.006,0.036,22938,23113,-1,1,54,15.140,22988,23255
320770,-0.120,-0.007,0.002,-0.005,0.715,-0.005,-0.699,-0.033,-1.000,-0.000,-0.024,0.038,22776,23051,2,-2,54,15.140,22988,23255
320870,-0.230,-0.006,-0.007,-0.009,0.706,-0.005,-0.705,-0.063,-1.000,-0.000,-0.005,0.083,22628,23086,-31,31,54,15.120,22779,23148
320970,0.560,-0.002,-0.004,-0.003,0.692,-0.000,-0.718,-0.079,-1.000,0.002,0.030,0.114,22472,22975,-41,40,54,15.120,22779,23148
321070,0.270,-0.002,0.001,-0.003,0.689,0.001,-0.719,-0.089,-1.000,0.003,0.034,0.129,22322,22837,-23,23,54,15.120,22779,23148
321170,-0.540,0.002,0.010,-0.004,0.700,0.009,-0.707,-0.098,-1.000,0.001,-0.000,0.151,22226,22788,10,-10,54,15.170,22371,22779
321270,0.200,-0.000,-0.000,-0.004,0.709,0.023,-0.697,-0.103,-1.000,-0.002,-0.027,0.176,22099,22712,-2,2,54,15.170,22371,22779
321370,-0.040,-0.002,-0.009,-0.001,0.698,0.022,-0.708,-0.107,-1.000,0.001,0.003,0.182,22015,22601,-40,40,55,15.160,21978,22727
321470,0.040,0.006,0.002,0.003,0.692,0.026,-0.715,-0.098,-1.000,0.003,0.024,0.175,21918,22444,-27,28,55,15.160,21978,22727
321570,0.820,-0.000,0.004,0.006,0.700,0.024,-0.709,-0.079,-1.000,0.001,0.008,0.146,21847,22267,-7,7,55,15.170,21929,22371
321670,0.010,-0.000,-0.001,0.001,0.705,0.020,-0.705,-0.071,-1.000,-0.000,-0.006,0.129,21697,22110,-14,14,55,15.170,21929,22371
321770,-0.200,-0.004,-0.006,0.002,0.693,0.012,-0.717,-0.075,-1.000,0.002,0.028,0.124,21597,22025,-41,40,55,15.200,21598,22075
321870,-0.120,-0.001,0.001,0.007,0.693,0.002,-0.718,-0.071,-1.000,0.002,0.031,0.100,21543,21888,-23,23,55,15.200,21598,22075
321970,0.070,0.002,0.000,0.010,0.695,-0.015,-0.717,-0.050,-1.000,0.001,0.029,0.051,21525,21701,-22,22,55,15.200,21598,22075
322070,0.000,0.001,0.003,0.006,0.699,-0.030,-0.713,-0.033,-1.000,0.000,0.020,0.005,21444,21544,-13,13,55,15.220,21141,21551
322170,-0.360,-0.001,-0.001,0.003,0.702,-0.040,-0.711,-0.026,-1.000,-0.000,0.014,-0.019,21317,21420,-19,19,55,15.220,21141,21551
322270,-0.090,-0.001,0.000,0.005,0.701,-0.051,-0.711,-0.022,-1.000,-0.000,0.017,-0.040,21215,21272,-21,21,55,15.220,21367,21276
322370,0.060,-0.001,0.000,0.005,0.702,-0.063,-0.709,-0.016,-1.000,-0.000,0.014,-0.067,21165,21156,-19,19,55,15.220,21367,21276
322470,-0.110,-0.001,-0.000,0.004,0.702,-0.072,-0.709,-0.010,-1.000,-0.000,0.016,-0.088,21091,21030,-22,22,55,15.210,21141,21097
322570,0.210,-0.002,0.000,0.004,0.701,-0.083,-0.708,-0.005,-1.000,-0.001,0.016,-0.110,20994,20870,-21,21,55,15.210,21141,21097
322670,0.070,-0.001,0.001,0.003,0.703,-0.090,-0.706,0.000,-1.000,-0.000,0.012,-0.127,20899,20712,-17,17,55,15.240,20920,20576
322770,-0.410,-0.000,0.001,0.001,0.705,-0.095,-0.703,0.003,-1.000,0.000,0.005,-0.138,20795,20569,-15,15,55,15.240,20920,20576
322870,-0.400,-0.001,-0.001,-0.001,0.705,-0.097,-0.702,0.002,-1.000,0.000,0.005,-0.140,20687,20447,-21,21,55,15.240,20920,20576
322970,-0.220,-0.002,-0.000,-0.002,0.704,-0.096,-0.704,-0.004,-1.000,0.000,0.009,-0.130,20568,20339,-22,22,56,15.230,20746,20533
323070,-0.930,-0.003,-0.002,-0.004,0.702,-0.095,-0.706,-0.013,-1.000,-0.000,0.015,-0.115,20471,20266,-27,27,56,15.230,20746,20533
323170,-0.200,-0.003,-0.002,-0.006,0.696,-0.091,-0.712,-0.027,-1.000,-0.001,0.030,-0.084,20323,20183,-34,34,55,15.230,20325,20325
323270,0.190,-0.001,-0.002,-0.007,0.690,-0.084,-0.717,-0.046,-1.000,-0.001,0.042,-0.050,20188,20132,-35,35,55,15.230,20325,20325
323370,-0.090,0.000,-0.002,-0.006,0.681,-0.073,-0.726,-0.062,-1.000,-0.000,0.065,-0.010,20036,20055,-42,42,55,15.250,20040,20120
323470,0.090,0.000,0.000,-0.005,0.678,-0.064,-0.728,-0.074,-1.000,0.001,0.069,0.021,19891,19974,-36,36,55,15.250,20040,20120
323570,0.020,-0.001,0.005,-0.005,0.684,-0.053,-0.723,-0.082,-1.000,0.001,0.051,0.050,19739,19872,-16,15,55,15.250,19607,19880
323670,-0.070,-0.002,0.000,-0.003,0.688,-0.045,-0.719,-0.089,-1.000,0.002,0.039,0.066,19574,19735,-22,22,55,15.250,19607,19880
323770,-0.320,-0.001,-0.006,-0.002,0.679,-0.046,-0.726,-0.099,-1.000,0.003,0.057,0.081,19440,19631,-44,44,55,15.270,19455,19607
323870,-0.070,0.003,-0.001,0.002,0.672,-0.047,-0.733,-0.097,-1.000,0.004,0.079,0.080,19328,19491,-45,45,55,15.270,19455,19607
323970,-0.150,0.004,0.006,0.002,0.681,-0.045,-0.726,-0.086,-1.000,0.002,0.059,0.064,19231,19347,-17,17,55,15.260,19305,19305
324070,-0.230,0.005,-0.004,-0.001,0.684,-0.036,-0.724,-0.077,-1.000,0.002,0.052,0.062,19074,19227,-35,35,55,15.260,19305,19305
324170,0.370,-0.004,-0.001,0.002,0.672,-0.027,-0.737,-0.067,-1.000,0.003,0.088,0.062,18935,19109,-54,53,55,15.270,19011,19230
324270,0.050,0.001,-0.003,0.003,0.674,-0.036,-0.735,-0.064,-1.000,0.002,0.083,0.045,18829,18947,-44,44,55,15.270,19011,19230
324370,-0.400,-0.000,-0.008,0.003,0.659,-0.043,-0.749,-0.058,-1.000,0.002,0.125,0.030,18708,18798,-72,72,55,15.270,19011,19230
324470,0.450,0.001,0.004,0.004,0.657,-0.049,-0.751,-0.051,-1.000,0.001,0.133,0.013,18583,18630,-45,45,55,15.280,18587,18867
324570,0.480,0.001,0.007,0.004,0.674,-0.055,-0.736,-0.042,-1.000,-0.000,0.089,-0.011,18457,18447,-17,17,55,15.280,18587,18867
324670,-0.240,-0.001,0.000,0.002,0.679,-0.058,-0.731,-0.037,-1.000,-0.001,0.076,-0.024,18321,18294,-34,34,55,15.310,18518,18450
324770,-0.200,-0.002,-0.005,0.000,0.672,-0.063,-0.737,-0.040,-1.000,-0.001,0.093,-0.025,18173,18173,-56,56,55,15.310,18518,18450
324870,-0.160,0.001,0.000,0.002,0.667,-0.067,-0.741,-0.040,-1.000,-0.002,0.108,-0.029,18075,18051,-51,51,55,15.310,18115,18181
324970,0.030,0.002,0.007,0.001,0.679,-0.065,-0.731,-0.037,-1.000,-0.001,0.076,-0.035,17954,17912,-23,23,55,15.310,18115,18181
325070,0.600,0.001,0.001,0.001,0.688,-0.064,-0.723,-0.033,-1.000,-0.001,0.052,-0.040,17811,17745,-28,28,55,15.310,17985,17857
325170,-0.220,-0.001,-0.002,-0.000,0.684,-0.066,-0.726,-0.034,-1.000,-0.001,0.063,-0.041,17669,17603,-47,47,55,15.310,17985,17857
325270,-0.130,-0.002,-0.003,-0.001,0.680,-0.067,-0.729,-0.040,-1.000,-0.001,0.071,-0.032,17505,17470,-52,52,55,15.330,17421,17605
325370,-0.200,0.001,-0.002,-0.002,0.673,-0.063,-0.736,-0.042,-1.000,-0.001,0.091,-0.023,17353,17339,-58,58,55,15.330,17421,17605
325470,-0.430,0.003,-0.001,0.001,0.671,-0.059,-0.738,-0.037,-1.000,-0.001,0.096,-0.025,17241,17180,-55,55,55,15.340,17421,17301
325570,-0.080,0.002,0.003,0.002,0.673,-0.059,-0.736,-0.029,-1.000,-0.002,0.092,-0.038,17129,16997,-43,43,55,15.340,17421,17301
325670,0.260,0.000,-0.000,0.000,0.677,-0.058,-0.733,-0.025,-1.000,-0.002,0.081,-0.042,16992,16853,-45,45,55,15.330,17123,16835
325770,-0.500,-0.002,-0.003,-0.001,0.672,-0.060,-0.737,-0.027,-1.000,-0.002,0.094,-0.040,16857,16720,-60,60,55,15.330,17123,16835
325870,0.020,-0.002,-0.004,-0.001,0.665,-0.062,-0.744,-0.031,-1.000,-0.002,0.114,-0.036,16711,16586,-70,70,55,15.340,16891,16666
325970,-0.180,-0.002,-0.001,-0.000,0.660,-0.064,-0.748,-0.037,-1.000,-0.002,0.128,-0.029,16549,16434,-67,67,55,15.340,16891,16666
326070,-0.430,-0.003,-0.000,0.000,0.657,-0.070,-0.749,-0.043,-1.000,-0.002,0.133,-0.028,16421,16287,-64,64,54,15.350,16501,16339
326170,-0.440,-0.003,0.004,-0.004,0.661,-0.072,-0.745,-0.053,-1.000,-0.001,0.120,-0.015,16260,16196,-49,49,54,15.350,16501,16339
326270,-0.100,-0.000,-0.000,-0.002,0.663,-0.065,-0.744,-0.061,-1.000,0.000,0.114,0.003,16069,16057,-58,58,55,15.350,16077,16077
326370,-0.240,0.002,0.001,-0.001,0.664,-0.063,-0.743,-0.064,-1.000,0.001,0.111,0.012,15904,15899,-57,57,55,15.350,16077,16077
326470,0.170,0.001,-0.001,0.000,0.664,-0.058,-0.743,-0.062,-1.000,0.001,0.112,0.015,15731,15708,-63,63,55,15.370,15822,15772
326570,0.030,-0.001,-0.001,0.001,0.662,-0.060,-0.745,-0.061,-1.000,0.001,0.116,0.012,15594,15545,-65,65,55,15.370,15822,15772
326670,-0.130,-0.001,-0.002,0.001,0.659,-0.064,-0.747,-0.061,-0.929,0.000,0.123,0.007,15458,15384,-72,72,55,15.370,15822,15772
326770,-0.150,-0.003,-0.002,-0.000,0.655,-0.070,-0.750,-0.063,-0.906,0.000,0.134,0.003,15332,15262,-76,76,55,15.380,15527,15432
326870,-0.290,-0.002,-0.008,-0.002,0.643,-0.072,-0.759,-0.069,-0.894,0.001,0.164,0.011,15199,15187,-99,99,55,15.380,15527,15432
326970,0.020,-0.002,-0.004,-0.001,0.625,-0.076,-0.773,-0.077,-0.859,0.003,0.209,0.023,15039,15082,-106,106,55,15.390,15243,15197
327070,0.390,-0.001,0.007,-0.002,0.630,-0.073,-0.769,-0.082,-0.780,0.003,0.193,0.034,14885,14975,-68,68,55,15.390,15243,15197
327170,-0.130,0.001,0.004,-0.002,0.641,-0.067,-0.760,-0.086,-0.773,0.004,0.165,0.044,14738,14875,-63,63,55,15.400,14925,14970
327270,-0.590,0.001,0.006,-0.001,0.651,-0.061,-0.751,-0.089,-0.741,0.004,0.137,0.054,14632,14809,-56,56,55,15.400,14925,14970
327370,0.110,0.003,0.002,-0.001,0.656,-0.052,-0.748,-0.087,-0.694,0.004,0.124,0.061,14495,14710,-66,66,55,15.400,14705,14836
327470,0.160,0.003,0.009,0.002,0.670,-0.050,-0.736,-0.085,-0.635,0.003,0.088,0.058,14335,14520,-43,43,55,15.400,14705,14836
327570,-0.280,0.002,0.005,0.005,0.686,-0.052,-0.722,-0.073,-0.584,0.001,0.049,0.035,14271,14329,-42,42,55,15.410,14285,14534
327670,-0.450,0.000,0.003,0.005,0.694,-0.060,-0.715,-0.060,-0.549,0.000,0.029,0.004,14281,14217,-50,50,55,15.410,14285,14534
327770,0.250,0.001,-0.001,0.003,0.696,-0.066,-0.713,-0.050,-0.475,-0.000,0.026,-0.022,14270,14152,-61,61,54,15.410,14367,14204
327870,0.400,-0.000,-0.001,0.000,0.694,-0.069,-0.715,-0.047,-0.463,-0.000,0.033,-0.029,14160,14059,-68,68,54,15.410,14367,14204
327970,0.230,-0.002,0.003,0.001,0.697,-0.071,-0.712,-0.047,-0.463,-0.000,0.024,-0.032,14031,13933,-56,56,54,15.420,14084,14005
328070,0.230,0.001,0.000,0.001,0.699,-0.074,-0.710,-0.045,-0.451,-0.000,0.019,-0.039,13952,13816,-60,60,54,15.420,14084,14005
328170,0.170,0.001,0.002,0.001,0.701,-0.074,-0.708,-0.042,-0.451,-0.000,0.012,-0.045,13909,13746,-57,57,54,15.430,13888,13774
328270,0.330,0.000,-0.001,0.001,0.703,-0.075,-0.707,-0.039,-0.447,-0.000,0.010,-0.051,13852,13649,-62,62,54,15.430,13888,13774
328370,0.240,-0.001,-0.003,-0.001,0.698,-0.077,-0.711,-0.039,-0.443,-0.000,0.022,-0.052,13776,13568,-72,72,54,15.440,13774,13623
328470,-0.150,-0.000,-0.003,-0.002,0.692,-0.074,-0.717,-0.042,-0.443,-0.001,0.038,-0.043,13659,13496,-77,76,54,15.440,13774,13623
328570,0.240,-0.000,0.001,-0.001,0.690,-0.072,-0.718,-0.044,-0.443,-0.001,0.043,-0.035,13567,13415,-69,69,54,15.440,13586,13513
328670,-0.170,-0.001,0.000,0.000,0.691,-0.072,-0.718,-0.046,-0.443,-0.001,0.042,-0.033,13509,13329,-68,68,54,15.440,13586,13513
328770,0.050,-0.001,-0.001,0.000,0.689,-0.074,-0.720,-0.049,-0.443,-0.001,0.047,-0.031,13444,13249,-73,73,54,15.440,13440,13262
328870,-0.070,-0.001,-0.001,-0.001,0.685,-0.076,-0.723,-0.051,-0.443,-0.001,0.056,-0.030,13377,13168,-77,77,54,15.440,13440,13262
328970,0.270,-0.001,0.001,0.000,0.684,-0.077,-0.724,-0.054,-0.447,-0.001,0.059,-0.027,13262,13046,-73,73,54,15.450,13368,13192
329070,0.040,0.000,-0.002,0.001,0.684,-0.078,-0.724,-0.053,-0.451,-0.001,0.060,-0.030,13183,12927,-77,77,54,15.450,13368,13192
329170,-0.100,0.000,-0.002,0.000,0.677,-0.078,-0.730,-0.051,-0.463,-0.001,0.078,-0.031,13135,12858,-86,86,54,15.450,13157,12886
329270,0.090,-0.000,0.002,0.000,0.678,-0.079,-0.729,-0.050,-0.467,-0.001,0.075,-0.034,13068,12763,-73,73,54,15.450,13157,12886
329370,0.060,0.000,-0.000,0.001,0.679,-0.079,-0.728,-0.048,-0.467,-0.001,0.073,-0.037,12985,12643,-76,76,54,15.470,13054,12690
329470,0.020,0.000,-0.002,-0.001,0.677,-0.078,-0.730,-0.047,-0.471,-0.001,0.078,-0.037,12886,12547,-82,82,54,15.470,13054,12690
329570,0.050,0.000,0.001,-0.001,0.676,-0.077,-0.732,-0.048,-0.471,-0.001,0.082,-0.033,12779,12446,-79,79,54,15.460,12886,12468
329670,0.050,0.000,0.001,0.001,0.679,-0.075,-0.729,-0.047,-0.471,-0.001,0.074,-0.033,12712,12338,-75,75,54,15.460,12886,12468
329770,-0.130,-0.000,-0.000,0.002,0.679,-0.079,-0.728,-0.044,-0.482,-0.001,0.074,-0.042,12676,12224,-79,79,54,15.460,12886,12468
329870,0.090,-0.001,-0.001,-0.002,0.677,-0.080,-0.731,-0.045,-0.518,-0.002,0.081,-0.043,12564,12123,-86,86,54,15.450,12690,12254
329970,0.030,0.000,0.000,-0.000,0.675,-0.078,-0.732,-0.047,-0.561,-0.001,0.083,-0.036,12459,12028,-83,83,54,15.450,12690,12254
330070,0.000,-0.000,-0.001,0.001,0.676,-0.079,-0.731,-0.047,-0.647,-0.001,0.082,-0.037,12332,11854,-84,83,54,15.470,12468,12048
330170,0.010,-0.000,0.000,0.001,0.674,-0.080,-0.733,-0.045,-0.682,-0.002,0.088,-0.042,12231,11697,-85,85,54,15.470,12468,12048
330270,0.090,-0.000,-0.001,0.000,0.673,-0.081,-0.734,-0.044,-0.741,-0.002,0.091,-0.044,12078,11518,-88,88,54,15.470,12285,11737
330370,0.190,0.001,0.001,0.000,0.672,-0.080,-0.735,-0.044,-0.788,-0.002,0.093,-0.043,11907,11325,-85,85,54,15.470,12285,11737
330470,0.060,-0.000,0.000,-0.000,0.673,-0.079,-0.734,-0.043,-0.796,-0.002,0.091,-0.044,11730,11139,-87,87,54,15.490,11820,11363
330570,-0.150,-0.000,-0.001,0.000,0.672,-0.081,-0.735,-0.043,-0.800,-0.002,0.093,-0.044,11574,10968,-90,90,54,15.490,11820,11363
330670,-0.090,0.000,0.000,-0.000,0.672,-0.080,-0.735,-0.043,-0.804,-0.002,0.093,-0.044,11379,10770,-88,88,54,15.490,11547,10940
330770,0.080,0.000,-0.000,-0.000,0.672,-0.079,-0.735,-0.044,-0.812,-0.002,0.094,-0.041,11182,10584,-91,91,54,15.490,11547,10940
330870,0.020,-0.001,-0.001,0.000,0.670,-0.079,-0.737,-0.044,-0.808,-0.002,0.098,-0.041,10989,10368,-94,94,54,15.490,11185,10593
330970,-0.070,-0.000,-0.000,0.000,0.669,-0.081,-0.737,-0.043,-0.773,-0.002,0.100,-0.045,10851,10191,-94,94,54,15.490,11185,10593
331070,0.200,-0.000,0.000,-0.000,0.670,-0.082,-0.737,-0.044,-0.635,-0.002,0.099,-0.045,10681,10023,-93,92,53,15.490,10822,10183
331170,-0.070,-0.000,-0.001,-0.001,0.670,-0.081,-0.737,-0.046,-0.635,-0.002,0.099,-0.040,10512,9891,-96,96,53,15.490,10822,10183
331270,0.180,0.000,-0.000,-0.001,0.668,-0.078,-0.738,-0.048,-0.631,-0.002,0.102,-0.033,10365,9781,-97,97,54,15.520,10482,9861
331370,0.330,0.000,-0.000,-0.000,0.667,-0.077,-0.739,-0.049,-0.635,-0.002,0.105,-0.030,10226,9623,-99,99,54,15.520,10482,9861
331470,0.020,-0.000,-0.002,0.001,0.665,-0.078,-0.741,-0.047,-0.635,-0.002,0.111,-0.033,10058,9397,-104,104,54,15.520,10204,9578
331570,0.110,-0.001,0.000,-0.000,0.663,-0.080,-0.743,-0.047,-0.639,-0.002,0.118,-0.036,9861,9177,-104,104,54,15.520,10204,9578
331670,-0.050,-0.001,-0.000,-0.001,0.662,-0.079,-0.744,-0.049,-0.643,-0.002,0.120,-0.031,9680,9032,-104,104,53,15.490,9803,9124
331770,-0.340,-0.002,0.002,-0.001,0.662,-0.080,-0.743,-0.053,-0.675,-0.002,0.118,-0.027,9549,8931,-101,101,53,15.490,9803,9124
331870,0.230,-0.000,0.002,0.000,0.666,-0.081,-0.739,-0.058,-0.675,-0.001,0.107,-0.022,9386,8763,-94,94,53,15.540,9505,8896
331970,0.280,0.001,0.005,0.002,0.673,-0.081,-0.733,-0.056,-0.678,-0.001,0.087,-0.027,9164,8438,-85,85,53,15.540,9505,8896
332070,0.240,0.000,-0.001,0.001,0.677,-0.084,-0.729,-0.054,-0.678,-0.001,0.078,-0.035,8946,8155,-97,97,53,15.530,9090,8305
332170,0.010,0.001,-0.001,-0.001,0.674,-0.082,-0.732,-0.052,-0.678,-0.001,0.085,-0.035,8726,7961,-105,105,53,15.530,9090,8305
332270,-0.230,0.001,-0.001,-0.002,0.671,-0.076,-0.735,-0.052,-0.608,-0.001,0.093,-0.026,8532,7858,-109,109,53,15.520,8680,7911
332370,-0.010,0.002,0.000,0.001,0.671,-0.073,-0.736,-0.054,-0.596,-0.001,0.093,-0.018,8382,7706,-104,104,53,15.520,8680,7911
332470,0.030,-0.000,-0.002,0.002,0.671,-0.074,-0.736,-0.050,-0.592,-0.001,0.095,-0.025,8230,7420,-110,110,53,15.520,8305,7552
332570,0.230,-0.000,-0.004,0.002,0.661,-0.080,-0.744,-0.046,-0.561,-0.002,0.121,-0.038,8028,7082,-127,127,53,15.520,8305,7552
332670,0.270,-0.001,-0.002,0.001,0.655,-0.084,-0.750,-0.045,-0.541,-0.003,0.140,-0.043,7801,6823,-125,125,53,15.530,7911,6944
332770,-0.400,0.000,0.000,-0.001,0.652,-0.084,-0.752,-0.045,-0.537,-0.003,0.146,-0.041,7640,6724,-120,120,53,15.530,7911,6944
332870,-0.400,0.000,-0.000,0.000,0.653,-0.082,-0.752,-0.047,-0.537,-0.003,0.144,-0.037,7584,6692,-117,117,53,15.540,7598,6720
332970,-0.200,0.000,0.002,0.001,0.655,-0.083,-0.749,-0.047,-0.529,-0.003,0.137,-0.038,7444,6490,-112,112,53,15.540,7598,6720
333070,0.250,-0.000,0.002,-0.000,0.659,-0.084,-0.746,-0.046,-0.529,-0.003,0.128,-0.042,7234,6221,-112,112,53,15.530,7288,6281
333170,-0.010,0.001,0.006,-0.002,0.666,-0.080,-0.740,-0.048,-0.529,-0.002,0.107,-0.036,6929,5982,-98,98,53,15.530,7288,6281
333270,-0.320,0.001,-0.000,-0.000,0.672,-0.077,-0.735,-0.049,-0.529,-0.001,0.091,-0.031,6731,5774,-108,108,53,15.530,7288,6281
333370,0.200,-0.000,-0.002,0.000,0.666,-0.077,-0.740,-0.048,-0.529,-0.002,0.107,-0.032,6528,5485,-124,124,53,15.550,6775,5854
333470,0.120,0.001,-0.002,0.000,0.663,-0.077,-0.744,-0.046,-0.529,-0.002,0.118,-0.034,6295,5181,-125,125,53,15.550,6775,5854
333570,-0.420,0.000,-0.000,-0.000,0.663,-0.077,-0.744,-0.045,-0.529,-0.002,0.118,-0.034,6162,5031,-118,118,53,15.540,6329,5197
333670,-0.600,-0.001,0.001,-0.000,0.664,-0.076,-0.743,-0.047,-0.529,-0.002,0.115,-0.031,6057,4955,-116,116,53,15.540,6329,5197
333770,-0.260,-0.004,-0.004,0.000,0.658,-0.081,-0.747,-0.052,-0.518,-0.002,0.129,-0.030,5872,4718,-129,129,53,15.570,6097,4970
333870,0.620,-0.003,-0.004,-0.001,0.649,-0.087,-0.754,-0.057,-0.518,-0.002,0.152,-0.026,5472,4301,-138,138,53,15.570,6097,4970
333970,-0.120,0.002,-0.000,0.001,0.646,-0.086,-0.756,-0.061,-0.510,-0.002,0.159,-0.019,5233,4030,-128,128,53,15.560,5434,4280
334070,-0.140,0.007,0.007,0.008,0.655,-0.086,-0.749,-0.045,-0.376,-0.003,0.138,-0.045,5454,3572,-101,101,53,15.560,5434,4280
334170,0.620,0.004,0.003,0.006,0.675,-0.087,-0.733,-0.016,-0.173,-0.004,0.089,-0.093,5628,3087,-89,89,53,15.570,5482,3511
334270,0.310,0.000,-0.003,-0.003,0.671,-0.085,-0.736,-0.013,-0.039,-0.004,0.099,-0.094,5187,2893,-119,119,53,15.570,5482,3511
334370,0.210,-0.001,0.001,-0.003,0.669,-0.080,-0.739,-0.022,0.000,-0.004,0.105,-0.074,4908,3112,-115,115,52,15.560,5154,2997
334470,-0.320,-0.001,0.005,-0.003,0.677,-0.074,-0.732,-0.031,0.000,-0.002,0.083,-0.054,4864,3441,-96,96,52,15.560,5154,2997
334570,-0.230,0.003,0.002,-0.004,0.686,-0.059,-0.724,-0.036,0.000,-0.001,0.057,-0.029,4890,3791,-95,95,53,15.580,4882,3551
334670,0.480,0.003,-0.007,-0.003,0.680,-0.049,-0.731,-0.039,0.000,-0.000,0.073,-0.009,4863,3987,-128,128,53,15.580,4882,3551
334770,0.150,0.001,-0.015,0.000,0.656,-0.047,-0.753,-0.037,0.000,-0.000,0.138,-0.007,4748,3616,-171,171,53,15.590,4752,3799
334870,0.460,0.000,-0.010,-0.001,0.628,-0.046,-0.776,-0.032,0.000,-0.001,0.210,-0.008,4715,3467,-177,177,53,15.590,4752,3799
334970,-0.700,-0.001,0.003,0.000,0.622,-0.044,-0.781,-0.034,0.000,-0.000,0.225,-0.003,4778,3627,-140,140,53,15.560,4716,3378
335070,-0.470,-0.001,0.004,0.002,0.631,-0.047,-0.773,-0.034,0.000,-0.001,0.202,-0.007,4843,3531,-117,116,53,15.560,4716,3378
335170,0.160,-0.001,0.001,0.002,0.636,-0.053,-0.769,-0.033,0.000,-0.002,0.190,-0.017,4889,3387,-121,121,53,15.570,4844,3351
335270,-0.260,-0.001,0.000,0.001,0.635,-0.056,-0.770,-0.032,0.000,-0.002,0.191,-0.022,4942,3464,-128,128,53,15.570,4844,3351
335370,-0.040,-0.003,0.004,-0.001,0.638,-0.058,-0.766,-0.040,0.000,-0.001,0.180,-0.014,4884,3645,-118,118,52,15.570,4911,3623
335470,-0.230,-0.002,0.002,-0.001,0.647,-0.060,-0.759,-0.048,0.000,-0.000,0.159,-0.004,4840,3770,-111,111,52,15.570,4911,3623
335570,-0.250,-0.004,0.001,-0.000,0.645,-0.063,-0.760,-0.053,0.000,0.000,0.164,0.001,4816,3741,-123,123,52,15.570,4911,3623
335670,0.400,-0.001,0.007,0.000,0.657,-0.067,-0.749,-0.058,0.000,-0.000,0.131,-0.001,4910,3752,-98,97,52,15.570,4844,3787
335770,-0.080,-0.001,0.005,0.000,0.666,-0.070,-0.740,-0.062,0.000,-0.000,0.104,-0.002,5026,3895,-99,99,52,15.570,4844,3787
335870,0.280,0.000,-0.006,-0.002,0.662,-0.066,-0.744,-0.061,0.000,0.000,0.115,0.004,4896,3882,-129,129,52,15.590,5020,3753
335970,0.500,-0.001,0.003,-0.000,0.658,-0.063,-0.747,-0.064,0.000,0.001,0.126,0.013,4714,3773,-119,119,52,15.590,5020,3753
336070,-0.370,-0.000,0.003,0.001,0.665,-0.065,-0.741,-0.065,0.000,0.001,0.107,0.010,4773,3714,-105,105,52,15.600,4716,3731
336170,-0.640,0.000,0.000,0.001,0.670,-0.067,-0.737,-0.063,0.000,0.000,0.095,0.002,4946,3801,-109,109,52,15.600,4716,3731
336270,0.310,-0.002,-0.002,-0.002,0.668,-0.067,-0.738,-0.065,0.000,0.000,0.100,0.006,4903,3905,-118,118,52,15.590,4960,3846
336370,-0.130,-0.001,-0.003,-0.001,0.663,-0.068,-0.742,-0.068,0.000,0.001,0.112,0.011,4878,3952,-127,126,52,15.590,4960,3846
336470,-0.650,-0.000,-0.000,-0.001,0.660,-0.067,-0.745,-0.068,0.000,0.001,0.119,0.012,4971,4082,-121,121,52,15.620,4901,3980
336570,0.090,0.003,-0.003,-0.002,0.658,-0.062,-0.747,-0.069,0.000,0.001,0.125,0.021,4952,4257,-126,126,52,15.620,4901,3980
336670,0.210,0.005,-0.004,0.000,0.652,-0.058,-0.753,-0.065,0.000,0.002,0.141,0.022,4899,4139,-133,134,52,15.600,4940,4237
336770,0.320,0.004,-0.000,0.001,0.648,-0.052,-0.758,-0.053,0.000,0.001,0.156,0.014,4912,3966,-131,131,52,15.600,4940,4237
336870,0.300,0.002,-0.004,0.000,0.646,-0.051,-0.760,-0.050,0.000,0.001,0.160,0.010,4936,4008,-132,132,52,15.590,4970,4071
336970,0.160,0.002,-0.006,-0.000,0.635,-0.048,-0.770,-0.043,0.000,0.000,0.191,0.005,4961,3998,-149,149,52,15.590,4970,4071
337070,-0.800,-0.005,-0.002,-0.000,0.625,-0.048,-0.778,-0.043,0.000,0.001,0.215,0.008,4899,4051,-147,147,52,15.590,4970,4071
337170,0.470,-0.003,0.003,-0.001,0.631,-0.053,-0.772,-0.055,0.000,0.002,0.198,0.017,4732,4065,-119,119,52,15.580,4901,4032
337270,0.470,0.005,-0.004,0.002,0.632,-0.054,-0.771,-0.056,0.000,0.002,0.195,0.019,4662,3894,-134,134,52,15.580,4901,4032
337370,0.230,0.004,-0.008,0.005,0.621,-0.052,-0.781,-0.040,0.000,-0.000,0.227,-0.002,4985,3794,-157,157,52,15.600,4578,3943
337470,0.120,-0.003,-0.005,0.002,0.604,-0.062,-0.794,-0.032,0.000,-0.003,0.270,-0.025,5062,3626,-168,168,52,15.600,4578,3943
337570,0.160,0.001,0.004,-0.002,0.605,-0.064,-0.793,-0.033,0.000,-0.003,0.268,-0.024,4932,3680,-136,137,52,15.600,4980,3602
337670,-0.320,0.002,0.001,0.001,0.611,-0.058,-0.789,-0.030,0.000,-0.003,0.253,-0.022,4928,3656,-131,132,52,15.600,4980,3602
337770,0.190,-0.001,-0.003,0.001,0.609,-0.058,-0.791,-0.029,0.000,-0.003,0.259,-0.025,4940,3605,-145,145,52,15.610,4950,3623
337870,0.310,0.000,0.000,-0.001,0.607,-0.059,-0.792,-0.032,0.000,-0.003,0.264,-0.021,4890,3664,-141,141,52,15.610,4950,3623
337970,-0.160,0.001,0.000,-0.001,0.606,-0.055,-0.793,-0.034,0.000,-0.002,0.266,-0.013,4793,3641,-141,141,52,15.600,4770,3571
338070,0.270,0.000,0.000,0.000,0.607,-0.054,-0.792,-0.034,0.000,-0.002,0.264,-0.013,4857,3618,-138,138,52,15.600,4770,3571
338170,-0.130,-0.000,0.002,0.000,0.611,-0.056,-0.789,-0.033,0.000,-0.002,0.254,-0.016,4839,3468,-130,130,52,15.600,4770,3571
338270,0.350,0.000,0.001,-0.001,0.616,-0.055,-0.785,-0.036,0.000,-0.001,0.239,-0.011,4744,3478,-127,127,52,15.620,4882,3511
338370,0.280,0.001,-0.002,0.000,0.615,-0.052,-0.786,-0.035,0.000,-0.001,0.242,-0.008,4737,3472,-139,139,52,15.620,4882,3511
338470,-0.160,0.000,-0.002,0.000,0.614,-0.051,-0.787,-0.032,0.000,-0.002,0.246,-0.013,4836,3475,-141,141,52,15.630,4612,3453
338570,-0.160,0.001,-0.000,-0.000,0.611,-0.050,-0.789,-0.030,0.000,-0.002,0.253,-0.014,4876,3533,-140,140,52,15.630,4612,3453
338670,0.170,0.000,-0.001,0.000,0.609,-0.049,-0.791,-0.030,0.000,-0.002,0.257,-0.013,4861,3545,-142,142,52,15.620,4826,3531
338770,-0.460,-0.002,-0.002,0.001,0.606,-0.052,-0.793,-0.031,0.000,-0.002,0.266,-0.014,4888,3569,-146,146,52,15.620,4826,3531
338870,-0.300,-0.001,-0.000,0.001,0.602,-0.057,-0.796,-0.035,0.000,-0.002,0.275,-0.013,4919,3622,-146,146,52,15.620,4863,3541
338970,-0.490,-0.000,-0.004,0.001,0.599,-0.061,-0.797,-0.034,0.000,-0.003,0.282,-0.020,4923,3466,-151,151,52,15.620,4863,3541
339070,0.000,-0.000,-0.002,0.001,0.591,-0.065,-0.803,-0.032,0.000,-0.004,0.303,-0.026,4992,3485,-156,156,51,15.620,4950,3443
339170,-0.200,0.000,-0.001,0.000,0.587,-0.067,-0.806,-0.030,0.000,-0.005,0.313,-0.029,5066,3562,-155,155,51,15.620,4950,3443
339270,-0.030,0.001,-0.000,0.000,0.586,-0.066,-0.807,-0.027,0.000,-0.005,0.316,-0.033,5021,3456,-149,150,51,15.620,4950,3443
339370,0.030,-0.001,0.004,-0.001,0.590,-0.068,-0.804,-0.030,0.000,-0.005,0.307,-0.032,4911,3407,-137,137,51,15.600,5040,3501
339470,0.350,-0.001,0.006,-0.002,0.599,-0.067,-0.797,-0.033,0.000,-0.004,0.283,-0.027,4893,3514,-128,128,51,15.600,5040,3501
339570,0.790,-0.000,0.004,0.000,0.611,-0.064,-0.788,-0.038,0.000,-0.002,0.253,-0.017,4757,3466,-118,118,52,15.610,4882,3511
339670,0.680,0.004,0.006,0.006,0.622,-0.067,-0.779,-0.031,0.000,-0.004,0.226,-0.035,4943,3063,-112,112,52,15.610,4882,3511
339770,-0.370,0.001,0.005,0.004,0.636,-0.072,-0.768,-0.015,0.000,-0.006,0.191,-0.068,5240,2922,-106,106,52,15.620,4990,2948
339870,-0.070,-0.000,-0.003,0.001,0.639,-0.078,-0.765,-0.010,0.000,-0.008,0.184,-0.084,5334,3085,-126,126,52,15.620,4990,2948
339970,0.190,-0.001,-0.003,-0.002,0.634,-0.077,-0.770,-0.011,0.000,-0.008,0.198,-0.080,5304,3396,-138,138,52,15.620,5330,3205
340070,0.040,-0.001,-0.000,0.001,0.629,-0.077,-0.774,-0.013,0.000,-0.008,0.210,-0.076,5319,3479,-137,137,52,15.620,5330,3205
340170,0.300,0.000,-0.001,0.000,0.626,-0.081,-0.775,-0.012,0.000,-0.009,0.217,-0.083,5349,3387,-138,138,51,15.610,5376,3462
340270,0.290,-0.001,-0.002,-0.003,0.624,-0.078,-0.777,-0.016,0.000,-0.008,0.223,-0.073,5149,3389,-139,139,51,15.610,5376,3462
340370,0.440,-0.001,0.000,-0.001,0.622,-0.076,-0.779,-0.020,0.000,-0.007,0.226,-0.063,4962,3266,-136,136,51,15.610,5376,3462
340470,0.240,-0.001,0.001,0.001,0.622,-0.078,-0.779,-0.022,0.000,-0.007,0.227,-0.062,4998,3218,-134,134,51,15.640,4990,3306
340570,-0.800,-0.003,-0.004,-0.000,0.620,-0.081,-0.780,-0.024,-0.200,-0.007,0.233,-0.062,5049,3288,-144,144,51,15.640,4990,3306
340670,-0.100,-0.000,-0.003,-0.002,0.609,-0.081,-0.788,-0.027,-0.200,-0.007,0.260,-0.055,4962,3327,-152,152,51,15.610,988,305
340770,0.000,0.001,-0.005,-0.001,0.600,-0.078,-0.796,-0.027,-0.200,-0.007,0.281,-0.049,4833,3200,-160,160,51,15.610,988,305
340870,0.100,-0.002,-0.007,-0.002,0.589,-0.075,-0.804,-0.030,-0.200,-0.006,0.308,-0.039,4609,3080,-168,168,51,15.620,305,305
340970,-0.060,-0.001,-0.012,-0.001,0.565,-0.077,-0.820,-0.037,-0.200,-0.005,0.364,-0.025,4447,3075,-196,196,51,15.620,305,305
341070,-0.030,0.001,-0.005,0.003,0.546,-0.081,-0.833,-0.035,-0.200,-0.007,0.413,-0.031,4499,2735,-189,190,51,15.630,305,305
341170,0.000,0.001,0.003,0.002,0.542,-0.085,-0.835,-0.029,-0.200,-0.009,0.419,-0.044,4490,2328,-168,168,51,15.630,305,305
341270,0.110,0.004,0.008,0.001,0.557,-0.084,-0.826,-0.022,-0.200,-0.011,0.387,-0.056,4413,1828,-134,134,51,15.630,305,305
341370,0.090,-0.003,0.001,-0.002,0.568,-0.085,-0.818,-0.022,-0.200,-0.011,0.360,-0.059,4156,1560,-141,141,51,15.630,305,305
341470,0.180,0.000,0.009,0.001,0.577,-0.085,-0.812,-0.031,-0.200,-0.008,0.338,-0.047,3849,1240,-126,127,51,15.630,305,305
341570,0.000,0.001,0.009,0.001,0.596,-0.084,-0.798,-0.031,-0.200,-0.007,0.291,-0.050,3648,0,-111,112,51,15.630,305,305
341670,-0.240,-0.000,0.007,0.003,0.615,-0.087,-0.783,-0.026,-0.200,-0.008,0.244,-0.066,3783,0,-105,105,51,15.630,305,305
341770,-0.250,-0.001,0.004,0.004,0.628,-0.094,-0.772,-0.025,-0.200,-0.008,0.211,-0.079,3901,0,-110,110,51,15.630,305,305
341870,-0.060,-0.001,0.002,0.004,0.637,-0.103,-0.763,-0.021,-0.200,-0.009,0.189,-0.099,4009,0,-114,114,51,15.630,305,305
341970,0.010,-0.001,-0.000,0.003,0.639,-0.113,-0.761,-0.015,-0.200,-0.011,0.185,-0.121,4018,0,-124,124,51,15.640,305,305
342070,-0.050,-0.004,0.004,-0.001,0.641,-0.122,-0.758,-0.019,-0.200,-0.011,0.179,-0.127,3771,0,-120,120,51,15.640,305,305
342170,-0.220,0.001,0.000,-0.001,0.643,-0.127,-0.754,-0.031,-0.200,-0.009,0.171,-0.117,3612,0,-122,122,50,15.640,305,305
342270,0.290,0.001,0.001,0.002,0.645,-0.125,-0.753,-0.027,-0.200,-0.009,0.167,-0.121,3356,0,-122,122,50,15.640,305,305
342370,0.030,0.004,0.004,-0.002,0.652,-0.120,-0.748,-0.024,-0.200,-0.008,0.150,-0.121,3235,0,-110,110,51,15.640,305,305
342470,-0.120,0.001,0.000,-0.001,0.656,-0.114,-0.746,-0.020,-0.200,-0.008,0.140,-0.119,3101,0,-115,116,51,15.640,305,305
342570,0.000,0.003,0.004,0.000,0.658,-0.110,-0.745,-0.018,-0.200,-0.007,0.134,-0.119,3132,0,-111,112,51,15.640,305,305
342670,-0.010,-0.001,0.001,-0.001,0.662,-0.108,-0.742,-0.016,-0.200,-0.007,0.124,-0.120,3124,0,-114,114,51,15.640,305,305
342770,-0.140,-0.002,0.001,-0.002,0.664,-0.107,-0.740,-0.022,-0.200,-0.006,0.119,-0.109,2975,0,-114,114,51,15.640,305,305
342870,0.050,-0.001,0.007,-0.003,0.669,-0.105,-0.735,-0.029,-0.200,-0.005,0.104,-0.097,2827,0,-100,100,50,15.640,305,305
342970,0.320,0.003,0.009,-0.004,0.686,-0.096,-0.720,-0.039,-0.200,-0.002,0.056,-0.075,2581,0,-73,73,50,15.640,305,305
343070,-0.210,0.007,0.005,-0.001,0.703,-0.079,-0.706,-0.032,-0.200,-0.000,0.010,-0.066,2649,0,-71,72,51,15.640,305,305
343170,-0.340,0.003,0.002,-0.001,0.714,-0.066,-0.697,-0.025,-0.200,0.001,-0.022,-0.059,2814,0,-77,77,51,15.640,305,305
343270,-0.370,0.002,0.002,0.001,0.717,-0.062,-0.694,-0.023,-0.200,0.001,-0.030,-0.057,3037,0,-86,86,51,15.640,305,305
343370,0.250,0.005,0.009,0.002,0.726,-0.062,-0.685,-0.015,-0.200,0.002,-0.055,-0.069,2983,0,-68,68,51,15.640,305,305
343470,-0.120,0.006,0.016,0.002,0.756,-0.052,-0.653,-0.001,-0.200,0.006,-0.142,-0.077,2940,0,-16,16,50,15.640,305,305
343570,0.010,0.003,0.012,-0.002,0.783,-0.045,-0.621,0.006,-0.200,0.009,-0.227,-0.077,2829,0,-7,6,50,15.640,305,305
343670,-0.380,-0.001,0.009,-0.002,0.795,-0.039,-0.605,-0.002,-0.200,0.008,-0.268,-0.059,2668,0,-22,21,50,15.640,305,305
343770,-0.220,-0.002,0.011,-0.001,0.813,-0.041,-0.581,-0.006,-0.200,0.010,-0.325,-0.059,2811,0,-3,2,50,15.640,305,305
343870,-0.090,-0.002,0.003,-0.001,0.822,-0.043,-0.567,-0.016,-0.200,0.009,-0.359,-0.052,2582,0,-14,13,50,15.640,305,305
343970,0.270,-0.001,-0.000,-0.001,0.826,-0.048,-0.562,-0.020,-0.200,0.011,-0.371,-0.055,2669,0,-23,23,50,15.640,305,305
344070,0.410,-0.001,-0.000,0.001,0.824,-0.048,-0.564,-0.022,-0.200,0.010,-0.366,-0.053,2659,0,-29,28,50,15.640,305,305
344170,-0.030,-0.001,0.001,0.000,0.826,-0.051,-0.561,-0.022,-0.200,0.011,-0.373,-0.058,2735,0,-18,18,50,15.640,305,305
344270,-0.440,0.001,-0.011,-0.000,0.821,-0.051,-0.568,-0.023,-0.200,0.010,-0.355,-0.057,3054,0,-44,44,50,15.640,305,305
344370,-0.930,-0.003,-0.024,-0.003,0.796,-0.052,-0.602,-0.029,-0.200,0.007,-0.272,-0.047,3409,0,-98,98,50,15.640,305,305
344470,-0.060,-0.003,-0.033,-0.006,0.746,-0.050,-0.669,-0.037,-0.200,0.001,-0.099,-0.024,3167,769,-166,166,50,15.650,305,305
344570,0.370,-0.001,-0.016,-0.003,0.699,-0.049,-0.712,-0.046,-0.200,-0.000,0.019,-0.003,2526,0,-158,158,50,15.650,305,305
344670,0.290,-0.003,-0.003,-0.000,0.679,-0.051,-0.730,-0.052,-0.200,0.000,0.072,0.007,2102,0,-116,116,50,15.650,305,305
344770,-0.070,-0.001,-0.005,-0.003,0.674,-0.053,-0.734,-0.059,-0.200,0.001,0.085,0.015,1831,0,-100,100,50,15.650,305,305
344870,-0.020,-0.001,-0.006,-0.005,0.661,-0.046,-0.745,-0.069,-0.200,0.003,0.119,0.044,1201,0,-112,112,50,15.650,305,305
344970,-0.010,0.002,-0.003,0.004,0.645,-0.045,-0.759,-0.071,-0.200,0.004,0.157,0.050,1424,0,-122,122,50,15.650,305,305
345070,0.060,-0.002,0.004,0.006,0.647,-0.057,-0.758,-0.062,-0.200,0.002,0.157,0.020,2184,0,-96,96,50,15.650,305,305
345170,0.080,-0.000,-0.001,0.003,0.647,-0.068,-0.757,-0.057,-0.200,-0.000,0.156,-0.001,2370,0,-102,102,50,15.650,305,305
345270,-0.110,-0.003,-0.004,-0.001,0.642,-0.072,-0.761,-0.057,-0.200,-0.000,0.169,-0.006,2203,0,-115,115,50,15.630,305,305
345370,0.040,-0.003,-0.004,-0.001,0.630,-0.077,-0.770,-0.066,-0.200,0.000,0.198,0.005,1921,0,-130,130,50,15.630,305,305
345470,0.040,-0.001,-0.002,-0.002,0.624,-0.077,-0.774,-0.073,-0.200,0.002,0.212,0.017,1659,0,-124,124,50,15.630,305,305
345570,-0.090,0.002,-0.000,-0.001,0.624,-0.073,-0.774,-0.075,-0.200,0.003,0.211,0.025,1600,0,-116,116,50,15.640,305,305
345670,-0.060,0.004,0.001,0.002,0.624,-0.067,-0.775,-0.069,-0.200,0.002,0.212,0.023,1762,0,-116,116,50,15.640,305,305
345770,-0.010,0.005,-0.000,-0.000,0.627,-0.063,-0.774,-0.057,-0.200,0.001,0.208,0.008,1997,0,-117,117,50,15.650,305,305
345870,0.050,0.002,-0.000,-0.003,0.626,-0.054,-0.776,-0.053,-0.200,0.002,0.211,0.015,1669,0,-122,122,50,15.650,305,305
345970,0.080,0.000,-0.003,-0.003,0.619,-0.045,-0.782,-0.055,-0.200,0.003,0.229,0.030,1247,0,-139,139,50,15.650,305,305
346070,0.770,0.000,0.003,-0.000,0.621,-0.040,-0.781,-0.053,-0.200,0.004,0.224,0.032,1347,0,-121,121,50,15.650,305,305
346170,0.040,-0.000,0.004,0.001,0.629,-0.040,-0.775,-0.054,-0.200,0.004,0.205,0.034,1310,0,-113,113,50,15.650,305,305
346270,-0.580,-0.000,0.001,0.002,0.635,-0.043,-0.770,-0.053,-0.200,0.003,0.189,0.028,1947,0,-116,116,49,15.650,305,305
346370,-0.520,0.001,-0.001,0.003,0.635,-0.047,-0.770,-0.048,-0.200,0.001,0.190,0.014,2589,694,-127,127,49,15.650,305,305
346470,-0.280,0.000,-0.001,-0.001,0.634,-0.047,-0.771,-0.044,-0.200,0.001,0.193,0.007,2699,1238,-132,132,49,15.650,305,305
346570,0.100,-0.000,-0.002,-0.001,0.632,-0.045,-0.772,-0.046,-0.200,0.002,0.199,0.016,2290,1169,-134,134,49,15.650,305,305
346670,0.470,0.000,-0.001,-0.000,0.629,-0.043,-0.775,-0.047,-0.200,0.002,0.206,0.018,1528,0,-135,135,50,15.660,305,305
346770,0.160,0.001,0.006,0.002,0.632,-0.044,-0.773,-0.046,-0.200,0.002,0.198,0.015,1470,0,-119,119,50,15.660,305,305
346870,-0.220,-0.001,0.006,0.001,0.646,-0.046,-0.761,-0.042,-0.200,0.000,0.163,0.004,1721,0,-103,102,50,15.660,305,305
346970,-0.240,-0.001,0.001,-0.001,0.654,-0.048,-0.754,-0.043,-0.200,0.000,0.141,0.002,1752,0,-108,108,50,15.660,305,305
347070,-0.190,0.000,-0.001,-0.001,0.653,-0.046,-0.755,-0.044,-0.200,0.000,0.145,0.007,1511,0,-123,123,50,15.660,305,305
347170,-0.040,0.000,-0.000,0.000,0.652,-0.043,-0.756,-0.044,-0.200,0.001,0.147,0.010,1354,0,-124,124,49,15.660,305,305
347270,0.030,-0.000,-0.001,0.001,0.651,-0.044,-0.756,-0.042,-0.200,0.001,0.149,0.007,1483,0,-124,124,49,15.660,305,305
347370,0.010,-0.000,0.001,0.000,0.652,-0.045,-0.756,-0.043,-0.200,0.000,0.147,0.006,1472,0,-120,120,49,15.670,305,305
347470,-0.220,-0.001,0.002,0.001,0.655,-0.047,-0.753,-0.044,-0.200,0.000,0.139,0.004,1509,0,-114,114,49,15.670,305,305
347570,-0.060,-0.000,-0.001,0.000,0.656,-0.050,-0.752,-0.046,-0.200,0.000,0.137,0.003,1496,0,-121,121,49,15.670,305,305
347670,0.100,0.001,-0.001,0.001,0.654,-0.051,-0.754,-0.042,-0.200,-0.000,0.142,-0.003,1667,0,-124,124,49,15.670,305,305
347770,0.290,-0.001,-0.000,0.000,0.651,-0.053,-0.756,-0.041,-0.200,-0.000,0.149,-0.006,1673,0,-126,126,49,15.670,305,305
347870,-0.160,-0.002,0.000,-0.002,0.650,-0.053,-0.757,-0.047,-0.200,0.000,0.152,0.001,1420,0,-124,124,49,15.670,305,305
347970,-0.190,-0.001,0.000,0.001,0.653,-0.055,-0.754,-0.050,-0.200,0.000,0.142,0.004,1480,0,-117,117,49,15.670,305,305
348070,0.070,0.001,0.002,0.000,0.655,-0.056,-0.752,-0.046,-0.200,-0.000,0.138,-0.004,1646,0,-115,115,49,15.670,305,305
348170,0.150,-0.000,0.000,-0.001,0.656,-0.054,-0.751,-0.048,-0.200,0.000,0.134,0.001,1448,0,-119,119,49,15.670,305,305
348270,0.030,0.001,0.000,0.001,0.656,-0.054,-0.752,-0.047,-0.200,-0.000,0.136,-0.000,1539,0,-121,121,49,15.670,305,305
348370,-0.010,0.001,0.001,0.003,0.658,-0.055,-0.750,-0.043,-0.200,-0.001,0.131,-0.008,1792,0,-117,117,49,15.670,305,305
348470,-0.430,0.001,0.002,0.002,0.660,-0.058,-0.748,-0.038,-0.200,-0.001,0.126,-0.020,2120,0,-114,114,49,15.670,305,305
348570,-0.470,0.000,-0.003,0.001,0.660,-0.060,-0.748,-0.034,-0.200,-0.002,0.127,-0.028,2466,0,-123,123,49,15.660,305,305
348670,0.000,-0.001,-0.002,-0.001,0.654,-0.063,-0.753,-0.034,-0.200,-0.002,0.141,-0.031,2394,0,-129,130,49,15.660,305,305
348770,0.030,0.000,0.001,-0.002,0.652,-0.060,-0.755,-0.037,-0.200,-0.002,0.147,-0.022,1957,0,-123,123,49,15.660,305,305
348870,-0.020,0.001,-0.001,-0.000,0.651,-0.058,-0.756,-0.039,-0.200,-0.001,0.151,-0.017,1874,0,-127,127,49,15.660,305,305
348970,0.040,0.003,-0.003,0.001,0.647,-0.057,-0.760,-0.037,-0.200,-0.001,0.161,-0.017,1965,0,-133,133,49,15.680,305,305
349070,-0.010,-0.002,-0.006,0.001,0.643,-0.060,-0.762,-0.035,-0.200,-0.002,0.170,-0.025,2132,0,-137,137,49,15.680,305,305
349170,0.250,-0.001,-0.001,0.003,0.640,-0.067,-0.765,-0.037,-0.200,-0.003,0.179,-0.030,2245,0,-131,131,49,15.680,305,305
349270,0.210,0.001,0.005,0.004,0.642,-0.078,-0.762,-0.037,-0.200,-0.004,0.173,-0.044,2540,0,-116,116,49,15.670,305,305
349370,0.270,0.001,0.003,-0.001,0.649,-0.082,-0.756,-0.032,-0.200,-0.004,0.157,-0.057,2633,0,-113,114,49,15.670,305,305
349470,-0.310,-0.000,0.000,0.001,0.654,-0.080,-0.752,-0.031,-0.200,-0.004,0.143,-0.058,2673,0,-116,116,49,15.670,305,305
349570,-0.130,0.001,0.002,0.002,0.655,-0.083,-0.750,-0.031,-0.200,-0.004,0.139,-0.063,2749,0,-117,117,49,15.670,305,305
349670,-0.070,-0.001,0.004,0.003,0.660,-0.087,-0.746,-0.027,-0.200,-0.005,0.129,-0.074,2960,0,-111,111,49,15.670,305,305
349770,0.120,-0.003,0.004,0.001,0.666,-0.095,-0.739,-0.027,-0.200,-0.004,0.111,-0.086,3020,0,-104,104,49,15.670,305,305
349870,-0.420,-0.002,0.004,-0.003,0.670,-0.097,-0.735,-0.036,-0.200,-0.004,0.099,-0.078,2876,0,-103,103,49,15.680,305,305
349970,-0.420,0.002,0.003,-0.003,0.679,-0.090,-0.727,-0.047,-0.200,-0.002,0.073,-0.053,2795,0,-96,96,49,15.680,305,305
350070,0.050,0.001,-0.002,0.001,0.681,-0.086,-0.726,-0.047,-0.200,-0.002,0.068,-0.048,2746,0,-109,109,49,15.680,305,305
350170,0.060,0.001,-0.003,0.002,0.674,-0.088,-0.732,-0.042,-0.200,-0.002,0.088,-0.056,2733,0,-125,125,49,15.670,305,305
350270,0.180,0.001,-0.003,-0.001,0.669,-0.087,-0.737,-0.040,-0.200,-0.003,0.103,-0.057,2691,0,-126,126,49,15.670,305,305
350370,0.070,0.001,-0.001,-0.001,0.665,-0.085,-0.741,-0.039,-0.200,-0.003,0.114,-0.054,2653,0,-123,123,49,15.670,305,305
350470,-0.050,0.001,-0.001,-0.001,0.661,-0.080,-0.745,-0.037,-0.200,-0.003,0.123,-0.050,2590,0,-125,125,49,15.670,305,305
350570,-0.060,0.001,-0.001,0.001,0.660,-0.078,-0.746,-0.036,-0.200,-0.003,0.127,-0.049,2640,0,-123,123,49,15.670,305,305
350670,-0.110,0.002,-0.001,0.003,0.657,-0.081,-0.749,-0.032,-0.200,-0.004,0.135,-0.058,2804,0,-125,126,49,15.670,305,305
350770,0.110,0.002,-0.003,0.002,0.653,-0.084,-0.753,-0.023,-0.200,-0.005,0.147,-0.075,2975,0,-131,131,49,15.670,305,305
350870,-0.010,0.000,-0.003,-0.001,0.650,-0.078,-0.756,-0.020,-0.200,-0.005,0.155,-0.071,2804,0,-132,132,49,15.670,305,305
350970,0.000,-0.001,-0.003,0.000,0.643,-0.077,-0.762,-0.024,-0.200,-0.005,0.173,-0.063,2702,0,-137,137,49,15.670,305,305
351070,0.190,-0.003,-0.002,-0.000,0.638,-0.080,-0.766,-0.026,-0.200,-0.006,0.186,-0.062,2703,0,-137,137,49,15.670,305,305
351170,0.070,0.001,0.001,0.000,0.635,-0.083,-0.768,-0.029,-0.200,-0.006,0.194,-0.059,2684,0,-132,132,49,15.670,305,305
351270,-0.080,0.001,0.001,0.001,0.637,-0.081,-0.766,-0.025,-0.200,-0.006,0.187,-0.065,2808,0,-125,125,49,15.670,305,305
351370,0.100,-0.000,0.002,0.001,0.641,-0.082,-0.763,-0.023,-0.200,-0.006,0.177,-0.071,2858,0,-120,120,49,15.660,305,305
351470,0.120,-0.002,-0.001,0.001,0.642,-0.086,-0.762,-0.023,-0.200,-0.006,0.177,-0.075,2878,0,-127,127,49,15.660,305,305
351570,0.020,-0.001,-0.001,-0.000,0.638,-0.089,-0.764,-0.025,-0.200,-0.007,0.185,-0.075,2837,0,-133,133,49,15.670,305,305
351670,-0.030,-0.000,0.001,0.000,0.638,-0.089,-0.764,-0.027,-0.200,-0.007,0.185,-0.073,2811,0,-127,127,49,15.670,305,305
351770,-0.100,-0.001,0.002,0.001,0.640,-0.090,-0.762,-0.027,-0.200,-0.006,0.179,-0.074,2836,0,-123,123,49,15.680,305,305
351870,-0.080,-0.000,-0.000,0.001,0.640,-0.094,-0.762,-0.026,-0.200,-0.007,0.179,-0.080,2911,0,-127,127,49,15.680,305,305
351970,0.220,0.000,-0.001,-0.000,0.639,-0.095,-0.763,-0.026,-0.200,-0.007,0.184,-0.081,2892,0,-130,130,49,15.680,305,305
352070,0.120,-0.000,-0.001,-0.000,0.637,-0.094,-0.765,-0.026,-0.200,-0.007,0.189,-0.080,2863,0,-132,132,49,15.660,305,305
352170,-0.060,0.000,0.000,-0.000,0.636,-0.094,-0.766,-0.026,-0.200,-0.007,0.191,-0.080,2860,0,-129,130,49,15.660,305,305
352270,-0.180,0.000,-0.000,0.001,0.637,-0.094,-0.765,-0.025,-0.200,-0.007,0.189,-0.082,2899,0,-128,129,49,15.660,305,305
352370,-0.010,0.000,-0.000,0.000,0.636,-0.095,-0.766,-0.023,-0.200,-0.008,0.192,-0.085,2924,0,-130,130,49,15.660,305,305
352470,0.080,0.001,-0.001,-0.000,0.635,-0.094,-0.766,-0.022,-0.200,-0.008,0.193,-0.084,2895,0,-130,130,48,15.670,305,305
352570,0.000,0.000,-0.001,0.000,0.635,-0.093,-0.767,-0.022,-0.200,-0.008,0.194,-0.083,2882,0,-131,131,48,15.670,305,305
352670,0.010,-0.000,-0.001,0.000,0.634,-0.093,-0.768,-0.021,-0.200,-0.008,0.197,-0.085,2903,0,-132,132,48,15.670,305,305
352770,0.030,-0.000,0.000,-0.000,0.633,-0.093,-0.768,-0.021,-0.200,-0.008,0.199,-0.086,2911,0,-130,131,48,15.680,305,305
352870,0.140,-0.000,-0.000,-0.000,0.633,-0.094,-0.769,-0.021,-0.200,-0.008,0.200,-0.086,2906,0,-131,131,48,15.680,305,305
352970,0.090,-0.000,-0.000,-0.000,0.632,-0.094,-0.769,-0.021,-0.200,-0.008,0.203,-0.086,2901,0,-132,132,48,15.680,305,305
353070,0.010,-0.000,0.001,0.000,0.633,-0.094,-0.768,-0.021,-0.200,-0.008,0.200,-0.086,2908,0,-128,128,48,15.680,305,305
353170,-0.020,-0.000,0.000,0.000,0.633,-0.094,-0.768,-0.021,-0.200,-0.008,0.198,-0.086,2919,0,-128,128,48,15.680,305,305
353270,-0.100,0.001,-0.001,0.002,0.633,-0.097,-0.768,-0.018,-0.200,-0.009,0.200,-0.094,3036,0,-133,133,48,15.690,305,305
353370,-0.060,0.001,0.000,0.001,0.631,-0.098,-0.769,-0.014,-0.200,-0.010,0.205,-0.101,3079,0,-133,133,48,15.690,305,305
353470,-0.030,0.000,-0.001,-0.000,0.628,-0.097,-0.772,-0.014,-0.200,-0.010,0.212,-0.101,3024,0,-136,137,48,15.690,305,305
353570,0.090,0.000,-0.000,-0.000,0.627,-0.097,-0.773,-0.014,-0.200,-0.010,0.215,-0.098,2980,0,-134,134,48,15.690,305,305
353670,0.140,0.001,0.001,-0.001,0.628,-0.096,-0.772,-0.013,-0.200,-0.010,0.213,-0.099,2988,0,-130,130,48,15.690,305,305
353770,0.060,-0.000,0.001,-0.001,0.629,-0.091,-0.772,-0.016,-0.200,-0.009,0.211,-0.090,2866,0,-130,131,48,15.680,305,305
353870,0.000,0.001,0.000,-0.000,0.630,-0.090,-0.771,-0.017,-0.200,-0.009,0.207,-0.087,2878,0,-129,129,48,15.680,305,305
353970,-0.130,0.000,-0.000,0.000,0.630,-0.091,-0.771,-0.016,-0.200,-0.009,0.207,-0.090,2935,0,-131,131,48,15.680,305,305
354070,-0.020,-0.000,-0.001,0.001,0.628,-0.093,-0.773,-0.015,-0.200,-0.010,0.212,-0.094,2995,0,-135,135,48,15.680,305,305
354170,0.150,0.000,-0.001,0.000,0.626,-0.093,-0.774,-0.014,-0.200,-0.010,0.218,-0.095,2992,0,-136,136,48,15.680,305,305
354270,0.180,-0.000,-0.000,0.001,0.625,-0.095,-0.775,-0.013,-0.200,-0.011,0.221,-0.098,3032,0,-135,135,48,15.680,305,305
354370,-0.020,-0.000,0.001,0.000,0.626,-0.097,-0.774,-0.011,-0.200,-0.011,0.218,-0.105,3080,0,-130,130,48,15.680,305,305
354470,-0.240,-0.000,-0.000,-0.001,0.627,-0.096,-0.773,-0.012,-0.200,-0.010,0.214,-0.101,2988,0,-131,131,48,15.680,305,305
354570,-0.100,-0.000,-0.001,-0.001,0.625,-0.094,-0.775,-0.014,-0.200,-0.010,0.220,-0.095,2923,0,-136,136,48,15.680,305,305
354670,0.040,-0.000,-0.001,-0.001,0.623,-0.093,-0.777,-0.016,-0.200,-0.010,0.225,-0.090,2862,0,-138,138,48,15.680,305,305
354770,0.300,-0.000,-0.001,-0.000,0.620,-0.092,-0.779,-0.017,-0.200,-0.010,0.233,-0.087,2869,0,-140,140,48,15.680,305,305
354870,0.180,-0.001,0.000,-0.001,0.618,-0.092,-0.780,-0.018,-0.200,-0.010,0.236,-0.085,2868,0,-137,137,48,15.680,305,305
354970,0.030,0.000,0.001,0.000,0.620,-0.092,-0.779,-0.018,-0.200,-0.010,0.232,-0.084,2885,0,-132,132,48,15.670,305,305
355070,-0.100,0.000,0.000,-0.001,0.621,-0.091,-0.778,-0.019,-0.200,-0.009,0.230,-0.083,2860,0,-133,133,48,15.670,305,305
355170,-0.090,0.000,-0.001,-0.001,0.621,-0.088,-0.778,-0.020,-0.200,-0.009,0.229,-0.079,2808,0,-135,135,48,15.680,305,305
355270,-0.030,0.001,-0.001,-0.000,0.620,-0.086,-0.780,-0.020,-0.200,-0.009,0.233,-0.076,2796,0,-137,138,48,15.680,305,305
355370,0.150,0.000,-0.001,0.001,0.618,-0.085,-0.781,-0.019,-0.200,-0.009,0.238,-0.075,2820,0,-139,139,48,15.680,305,305
355470,0.180,-0.000,-0.000,0.000,0.617,-0.086,-0.782,-0.018,-0.200,-0.009,0.240,-0.078,2866,0,-137,138,48,15.680,305,305
355570,0.000,0.000,0.001,-0.001,0.617,-0.086,-0.782,-0.018,-0.200,-0.009,0.239,-0.078,2839,0,-135,135,48,15.680,305,305
355670,-0.070,0.000,-0.000,-0.001,0.617,-0.085,-0.782,-0.019,-0.200,-0.009,0.240,-0.074,2799,0,-137,137,48,15.680,305,305
355770,0.050,-0.000,-0.000,-0.000,0.616,-0.083,-0.783,-0.020,-0.200,-0.008,0.241,-0.071,2758,0,-136,137,48,15.680,305,305
355870,0.040,-0.000,0.000,0.000,0.616,-0.083,-0.783,-0.021,-0.200,-0.008,0.243,-0.069,2768,0,-137,137,48,15.680,305,305
355970,0.080,0.000,0.000,-0.000,0.616,-0.083,-0.783,-0.020,-0.200,-0.008,0.243,-0.070,2783,0,-136,137,48,15.680,305,305
356070,0.000,0.001,-0.000,0.001,0.615,-0.083,-0.784,-0.020,-0.200,-0.008,0.245,-0.071,2810,0,-138,138,48,15.680,305,305
356170,0.080,0.001,0.000,0.000,0.616,-0.083,-0.783,-0.018,-0.200,-0.009,0.242,-0.074,2842,0,-135,136,48,15.690,305,305
356270,0.020,0.001,0.000,-0.000,0.616,-0.082,-0.783,-0.017,-0.200,-0.009,0.241,-0.073,2814,0,-135,136,48,15.690,305,305
356370,-0.180,0.000,0.000,-0.001,0.615,-0.079,-0.784,-0.017,-0.200,-0.009,0.244,-0.071,2776,0,-137,137,48,15.690,305,305
356470,-0.030,0.000,-0.001,0.000,0.615,-0.079,-0.785,-0.017,-0.200,-0.009,0.246,-0.070,2789,0,-139,140,48,15.690,305,305
356570,0.000,-0.000,-0.001,-0.001,0.614,-0.078,-0.785,-0.018,-0.200,-0.008,0.248,-0.068,2740,0,-140,140,48,15.690,305,305
356670,0.090,-0.001,0.002,-0.001,0.616,-0.077,-0.784,-0.021,-0.200,-0.007,0.242,-0.061,2658,0,-131,131,48,15.690,305,305
356770,-0.050,-0.000,0.001,0.002,0.617,-0.079,-0.783,-0.022,-0.200,-0.007,0.240,-0.063,2770,0,-132,132,48,15.690,305,305
356870,0.000,-0.000,0.001,0.001,0.620,-0.084,-0.780,-0.020,-0.200,-0.008,0.233,-0.073,2891,0,-130,131,48,15.690,305,305
356970,0.150,0.001,0.006,0.001,0.626,-0.085,-0.775,-0.018,-0.200,-0.008,0.217,-0.078,2914,0,-118,118,48,15.690,305,305
357070,0.160,-0.000,0.009,-0.000,0.643,-0.085,-0.761,-0.019,-0.200,-0.007,0.173,-0.080,2895,0,-96,96,48,15.690,305,305
357170,0.040,0.000,0.005,0.001,0.657,-0.085,-0.748,-0.021,-0.200,-0.005,0.135,-0.081,2910,0,-95,96,48,15.690,305,305
357270,-0.210,0.002,0.007,0.003,0.669,-0.087,-0.738,-0.015,-0.200,-0.005,0.104,-0.094,3098,0,-90,90,48,15.690,305,305
357370,-0.200,0.004,-0.000,0.004,0.680,-0.089,-0.728,-0.002,-0.200,-0.004,0.076,-0.119,3357,0,-100,100,48,15.690,305,305
357470,0.080,0.001,-0.011,-0.005,0.665,-0.084,-0.742,0.004,-0.200,-0.006,0.115,-0.117,3083,0,-146,146,48,15.690,305,305
357570,-0.020,-0.003,-0.015,-0.009,0.639,-0.070,-0.766,-0.010,-0.200,-0.007,0.184,-0.075,2377,0,-178,178,48,15.690,305,305
357670,0.290,-0.004,-0.008,-0.006,0.615,-0.060,-0.786,-0.031,-0.200,-0.003,0.245,-0.024,1766,0,-175,175,48,15.690,305,305
357770,0.270,-0.006,-0.007,-0.005,0.597,-0.059,-0.798,-0.046,-0.200,0.000,0.285,0.007,1530,0,-173,173,48,15.690,305,305
357870,-1.110,0.002,0.003,0.005,0.587,-0.061,-0.805,-0.059,-0.200,0.004,0.308,0.024,2474,0,-151,152,48,15.690,305,305
357970,1.290,0.007,0.012,0.009,0.610,-0.074,-0.789,-0.025,-0.200,-0.006,0.257,-0.050,3163,0,-106,107,48,15.690,305,305
358070,0.440,0.001,0.007,0.008,0.631,-0.083,-0.771,-0.005,-0.200,-0.010,0.205,-0.096,3479,0,-99,99,48,15.690,305,305
358170,0.280,-0.006,0.010,-0.001,0.647,-0.094,-0.756,-0.009,-0.200,-0.008,0.163,-0.108,3240,0,-90,90,48,15.690,305,305
358270,-0.650,-0.003,-0.004,-0.011,0.652,-0.088,-0.753,-0.026,-0.200,-0.005,0.150,-0.076,2719,0,-122,122,48,15.690,305,305
358370,-0.540,-0.005,0.006,-0.006,0.649,-0.074,-0.756,-0.054,-0.200,-0.001,0.150,-0.014,2353,0,-113,113,48,15.690,305,305
358470,-0.260,-0.004,0.001,-0.001,0.657,-0.075,-0.747,-0.068,-0.200,0.000,0.129,0.003,2275,0,-110,110,48,15.690,305,305
358570,-0.050,0.003,-0.003,0.005,0.652,-0.079,-0.752,-0.064,-0.200,-0.001,0.143,-0.007,2534,0,-130,131,48,15.690,305,305
358670,0.080,0.003,-0.001,0.004,0.647,-0.084,-0.756,-0.045,-0.200,-0.003,0.158,-0.041,2841,0,-132,132,48,15.680,305,305
358770,0.060,0.002,0.004,-0.003,0.650,-0.081,-0.755,-0.041,-0.200,-0.003,0.153,-0.041,2620,0,-114,115,48,15.680,305,305
358870,-0.120,0.006,0.004,-0.002,0.662,-0.067,-0.746,-0.042,-0.200,-0.002,0.121,-0.025,2341,0,-100,101,48,15.680,305,305
358970,-0.190,0.005,0.001,-0.003,0.665,-0.050,-0.745,-0.033,-0.200,-0.001,0.114,-0.017,2370,0,-111,111,48,15.680,305,305
359070,0.640,-0.005,0.008,-0.001,0.674,-0.044,-0.737,-0.036,-0.200,-0.000,0.090,-0.006,2135,0,-92,92,48,15.680,305,305
359170,-0.260,-0.001,-0.001,-0.000,0.682,-0.051,-0.728,-0.046,-0.200,-0.000,0.067,-0.003,2193,0,-103,103,48,15.690,305,305
359270,0.040,-0.002,-0.002,-0.005,0.675,-0.050,-0.734,-0.054,-0.200,0.000,0.083,0.012,2295,0,-118,118,48,15.690,305,305
359370,0.150,-0.001,-0.000,-0.003,0.678,-0.049,-0.731,-0.062,-0.200,0.001,0.072,0.025,1976,0,-108,108,48,15.690,305,305
359470,-0.060,0.002,-0.005,0.006,0.671,-0.048,-0.738,-0.056,-0.200,0.001,0.094,0.015,2143,0,-130,130,48,15.690,305,305
359570,-0.050,0.002,-0.005,0.003,0.662,-0.057,-0.746,-0.041,-0.200,-0.001,0.120,-0.014,2598,0,-137,137,48,15.690,305,305
359670,-0.150,-0.000,0.003,-0.000,0.659,-0.055,-0.750,-0.030,-0.200,-0.002,0.131,-0.028,2622,0,-121,121,48,15.680,305,305
359770,-0.270,0.002,0.002,-0.003,0.662,-0.050,-0.747,-0.032,-0.200,-0.001,0.121,-0.019,2459,0,-112,112,48,15.680,305,305
359870,0.190,0.003,0.002,-0.003,0.664,-0.039,-0.746,-0.033,-0.200,-0.000,0.117,-0.002,2061,0,-113,113,48,15.680,305,305
359970,0.030,0.003,0.001,-0.003,0.668,-0.027,-0.743,-0.031,-0.200,0.001,0.105,0.010,1911,0,-110,110,48,15.680,305,305
360070,0.010,0.001,0.000,-0.000,0.670,-0.020,-0.742,-0.028,-0.200,0.001,0.101,0.016,1955,0,-113,113,48,15.680,305,305
360170,-0.010,0.001,-0.002,0.002,0.668,-0.021,-0.744,-0.026,-0.200,0.001,0.107,0.012,2113,0,-120,121,47,15.680,305,305
360270,-0.150,0.006,-0.006,-0.001,0.661,-0.016,-0.750,-0.020,-0.200,0.001,0.125,0.009,2108,0,-135,135,47,15.680,305,305
360370,0.360,-0.006,0.007,-0.002,0.663,-0.014,-0.748,-0.024,-0.200,0.001,0.119,0.018,1838,0,-105,105,48,15.680,305,305
360470,0.120,-0.003,0.000,-0.001,0.669,-0.018,-0.742,-0.042,-0.200,0.002,0.101,0.037,1493,0,-108,108,48,15.680,305,305
360570,0.140,0.001,-0.000,0.006,0.667,-0.027,-0.744,-0.033,-0.200,0.001,0.108,0.013,2217,0,-117,118,48,15.680,305,305
360670,0.100,-0.000,0.000,0.003,0.668,-0.034,-0.743,-0.024,-0.200,-0.001,0.107,-0.010,2442,0,-116,116,47,15.680,305,305
360770,0.210,0.002,0.000,0.001,0.667,-0.036,-0.744,-0.021,-0.200,-0.001,0.110,-0.018,2430,0,-117,117,47,15.680,305,305
360870,-0.090,0.001,0.004,-0.000,0.673,-0.035,-0.739,-0.018,-0.200,-0.001,0.094,-0.021,2406,0,-101,101,48,15.680,305,305
360970,-0.150,0.000,0.006,0.000,0.683,-0.033,-0.729,-0.018,-0.200,-0.001,0.065,-0.020,2363,0,-89,89,48,15.680,305,305
361070,-0.130,0.000,0.005,0.000,0.693,-0.034,-0.720,-0.017,-0.200,-0.000,0.038,-0.022,2417,0,-86,86,48,15.680,305,305
361170,0.000,0.001,0.004,0.001,0.702,-0.034,-0.711,-0.014,-0.200,-0.000,0.013,-0.027,2542,0,-85,85,48,15.690,305,305
361270,0.000,0.001,0.005,0.003,0.711,-0.037,-0.702,-0.009,-0.200,0.000,-0.011,-0.039,2714,0,-81,81,48,15.690,305,305
361370,-0.150,0.002,0.004,0.002,0.723,-0.039,-0.690,0.002,-0.200,0.001,-0.045,-0.058,2890,0,-73,73,48,15.700,305,305
361470,-0.100,0.001,0.002,0.001,0.728,-0.039,-0.684,0.007,-0.200,0.002,-0.061,-0.065,2881,0,-79,79,48,15.700,305,305
361570,-0.050,0.001,0.000,0.001,0.730,-0.039,-0.683,0.010,-0.200,0.002,-0.065,-0.071,2901,0,-85,85,48,15.700,305,305
361670,0.010,-0.000,-0.000,0.001,0.730,-0.041,-0.682,0.012,-0.200,0.003,-0.066,-0.077,2921,0,-88,88,48,15.690,305,305
361770,0.160,-0.000,-0.002,0.001,0.727,-0.043,-0.685,0.013,-0.200,0.002,-0.057,-0.081,2929,0,-94,94,48,15.690,305,305
361870,0.150,-0.000,-0.002,0.001,0.724,-0.044,-0.688,0.015,-0.200,0.002,-0.048,-0.084,2939,0,-98,98,48,15.690,305,305
361970,0.000,0.000,-0.001,-0.000,0.720,-0.044,-0.692,0.015,-0.200,0.002,-0.038,-0.084,2902,0,-97,97,48,15.690,305,305
362070,-0.070,0.000,-0.002,-0.001,0.718,-0.042,-0.694,0.014,-0.200,0.001,-0.033,-0.080,2836,0,-96,97,48,15.690,305,305
362170,0.030,-0.000,-0.001,-0.001,0.715,-0.042,-0.697,0.013,-0.200,0.001,-0.024,-0.077,2804,0,-99,99,48,15.690,305,305
362270,-0.100,0.000,-0.003,-0.001,0.711,-0.040,-0.702,0.012,-0.200,0.001,-0.013,-0.074,2776,0,-103,103,48,15.690,305,305
362370,-0.080,-0.000,-0.005,-0.001,0.706,-0.039,-0.707,0.009,-0.200,-0.000,0.003,-0.069,2717,0,-110,110,48,15.690,305,305
362470,0.040,-0.002,-0.004,-0.001,0.698,-0.039,-0.715,0.006,-0.200,-0.001,0.025,-0.062,2660,0,-114,114,47,15.700,305,305
362570,-0.010,-0.001,-0.002,-0.001,0.694,-0.039,-0.719,0.002,-0.200,-0.001,0.038,-0.058,2638,0,-112,112,47,15.700,305,305
362670,-0.100,-0.000,-0.001,-0.001,0.689,-0.039,-0.724,-0.000,-0.200,-0.001,0.051,-0.053,2604,0,-113,113,48,15.700,305,305
362770,-0.110,-0.000,-0.000,-0.000,0.687,-0.038,-0.725,-0.002,-0.200,-0.001,0.056,-0.050,2599,0,-108,109,48,15.700,305,305
362870,0.000,-0.000,-0.000,0.001,0.686,-0.039,-0.726,-0.002,-0.200,-0.001,0.058,-0.050,2646,0,-108,108,48,15.700,305,305
362970,0.110,-0.000,0.001,0.001,0.686,-0.040,-0.726,-0.002,-0.200,-0.001,0.058,-0.051,2671,0,-107,107,47,15.690,305,305
363070,0.130,-0.000,0.001,0.000,0.686,-0.041,-0.726,-0.002,-0.200,-0.002,0.058,-0.053,2683,0,-107,107,47,15.690,305,305
363170,-0.040,-0.001,0.000,-0.000,0.688,-0.041,-0.724,-0.003,-0.200,-0.001,0.052,-0.053,2668,0,-104,104,47,15.700,305,305
363270,0.050,0.000,0.002,-0.000,0.690,-0.041,-0.722,-0.004,-0.200,-0.001,0.047,-0.052,2646,0,-102,102,47,15.700,305,305
363370,-0.170,-0.000,0.001,0.001,0.692,-0.042,-0.720,-0.003,-0.200,-0.001,0.041,-0.053,2677,0,-102,102,47,15.700,305,305
363470,-0.100,0.000,-0.001,0.001,0.693,-0.043,-0.720,-0.002,-0.200,-0.001,0.041,-0.056,2718,0,-107,107,47,15.700,305,305
363570,-0.010,-0.001,-0.003,0.001,0.689,-0.045,-0.723,-0.000,-0.200,-0.001,0.050,-0.061,2790,0,-115,116,47,15.700,305,305
363670,0.060,-0.000,-0.001,0.001,0.685,-0.047,-0.727,0.002,-0.200,-0.002,0.062,-0.067,2841,0,-115,115,48,15.690,305,305
363770,0.080,-0.000,-0.001,0.001,0.683,-0.049,-0.729,0.003,-0.200,-0.002,0.067,-0.071,2857,0,-115,115,48,15.690,305,305
363870,0.060,0.001,-0.001,0.001,0.681,-0.049,-0.731,0.005,-0.200,-0.003,0.074,-0.074,2872,0,-115,116,48,15.690,305,305
363970,0.120,0.001,-0.002,0.001,0.679,-0.050,-0.732,0.007,-0.200,-0.003,0.078,-0.079,2929,0,-117,117,47,15.700,305,305
364070,-0.030,0.001,-0.003,0.003,0.674,-0.052,-0.737,0.014,-0.200,-0.004,0.091,-0.091,3078,0,-123,123,47,15.700,305,305
364170,0.110,0.000,-0.001,-0.001,0.670,-0.054,-0.740,0.019,-0.200,-0.005,0.101,-0.099,3057,0,-121,121,47,15.700,305,305
364270,-0.040,-0.004,-0.001,-0.007,0.667,-0.049,-0.743,0.005,-0.200,-0.004,0.110,-0.073,2530,0,-124,124,47,15.700,305,305
364370,0.060,-0.003,-0.004,-0.005,0.659,-0.042,-0.751,-0.014,-0.200,-0.002,0.131,-0.034,2051,0,-135,135,47,15.700,305,305
364470,0.070,-0.002,0.003,-0.002,0.658,-0.040,-0.751,-0.024,-0.200,-0.001,0.132,-0.017,2045,0,-116,116,47,15.690,305,305
364570,-0.110,-0.002,0.004,-0.003,0.665,-0.037,-0.745,-0.033,-0.200,0.000,0.113,0.000,1888,0,-105,105,47,15.690,305,305
364670,0.000,-0.002,0.004,-0.003,0.673,-0.034,-0.737,-0.043,-0.200,0.001,0.090,0.018,1708,0,-98,98,47,15.690,305,305
364770,0.080,-0.001,0.004,-0.001,0.679,-0.032,-0.732,-0.051,-0.200,0.001,0.073,0.031,1590,0,-97,98,48,15.690,305,305
364870,-0.110,-0.001,0.002,-0.000,0.683,-0.032,-0.728,-0.053,-0.200,0.001,0.061,0.034,1676,0,-100,100,48,15.690,305,305
364970,0.110,-0.001,0.004,-0.001,0.690,-0.032,-0.721,-0.055,-0.200,0.001,0.041,0.035,1646,0,-92,92,48,15.700,305,305
365070,-0.180,-0.000,0.005,-0.000,0.697,-0.033,-0.714,-0.058,-0.200,0.000,0.021,0.037,1575,0,-87,87,48,15.700,305,305
365170,-0.260,0.000,0.001,-0.001,0.703,-0.031,-0.708,-0.061,-0.200,0.000,0.004,0.043,1453,0,-93,93,48,15.700,305,305
365270,0.010,0.000,-0.000,0.001,0.704,-0.031,-0.707,-0.060,-0.200,0.000,0.002,0.041,1458,0,-99,99,47,15.700,305,305
365370,0.090,-0.000,-0.000,0.001,0.703,-0.034,-0.708,-0.057,-0.200,0.000,0.006,0.033,1583,0,-102,102,47,15.700,305,305
365470,0.210,-0.001,0.002,-0.000,0.703,-0.036,-0.708,-0.057,-0.200,0.000,0.005,0.029,1515,0,-98,98,47,15.700,305,305
365570,-0.020,-0.001,0.006,-0.001,0.709,-0.037,-0.702,-0.059,-0.200,-0.000,-0.015,0.030,1371,0,-83,83,47,15.700,305,305
365670,0.020,-0.000,0.004,-0.000,0.719,-0.035,-0.692,-0.061,-0.200,-0.001,-0.041,0.034,1160,0,-76,76,47,15.700,305,305
365770,-0.080,-0.001,0.004,0.000,0.726,-0.035,-0.684,-0.063,-0.200,-0.001,-0.062,0.035,1083,0,-74,75,47,15.690,305,305
365870,-0.010,-0.001,0.002,0.001,0.730,-0.037,-0.680,-0.065,-0.200,-0.001,-0.074,0.034,1093,0,-78,78,47,15.690,305,305
365970,-0.130,-0.001,0.003,0.002,0.735,-0.042,-0.674,-0.065,-0.200,-0.001,-0.089,0.026,1307,0,-73,73,47,15.690,305,305
366070,0.010,-0.001,0.004,0.000,0.743,-0.045,-0.665,-0.065,-0.200,-0.001,-0.112,0.020,1307,0,-65,65,47,15.690,305,305
366170,0.030,0.001,-0.001,-0.000,0.742,-0.043,-0.665,-0.065,-0.200,-0.001,-0.111,0.022,1079,0,-80,81,47,15.690,305,305
366270,0.020,-0.000,-0.002,-0.000,0.739,-0.043,-0.669,-0.064,-0.200,-0.001,-0.101,0.023,985,0,-86,86,47,15.690,305,305
366370,-0.090,0.000,-0.001,0.000,0.736,-0.043,-0.672,-0.064,-0.200,-0.001,-0.092,0.022,972,0,-86,86,47,15.690,305,305
366470,-0.160,-0.000,-0.004,0.000,0.731,-0.044,-0.678,-0.063,-0.200,-0.001,-0.077,0.022,888,0,-93,93,47,15.700,305,305
366570,0.090,0.000,-0.003,-0.000,0.725,-0.044,-0.684,-0.063,-0.200,-0.001,-0.059,0.022,795,0,-97,97,47,15.700,305,305
366670,-0.010,0.000,-0.001,-0.000,0.722,-0.044,-0.688,-0.063,-0.200,-0.001,-0.049,0.023,620,0,-92,92,47,15.700,305,305
366770,0.090,0.000,-0.001,-0.000,0.719,-0.043,-0.691,-0.063,-0.200,-0.000,-0.041,0.025,307,0,-91,91,47,15.700,305,305
366870,0.020,0.000,-0.001,0.000,0.717,-0.043,-0.693,-0.063,-0.200,-0.000,-0.036,0.025,229,0,-89,89,47,15.700,305,305
366970,-0.120,0.000,0.000,-0.000,0.716,-0.043,-0.694,-0.063,-0.200,-0.000,-0.034,0.025,0,360,-87,87,47,15.690,305,305
367070,-0.130,0.000,-0.001,0.000,0.715,-0.042,-0.695,-0.062,-0.200,-0.000,-0.031,0.026,0,547,-89,90,47,15.690,305,305
367170,-0.030,-0.000,-0.002,0.000,0.712,-0.043,-0.698,-0.061,-0.200,-0.000,-0.022,0.024,0,505,-94,94,47,15.690,305,305
367270,-0.070,0.000,-0.003,0.001,0.709,-0.044,-0.702,-0.060,-0.200,-0.000,-0.011,0.021,0,356,-98,98,47,15.690,305,305
367370,0.070,0.000,-0.002,0.000,0.703,-0.045,-0.707,-0.058,-0.200,0.000,0.004,0.018,0,476,-100,100,47,15.690,305,305
367470,0.100,0.000,-0.001,-0.001,0.700,-0.044,-0.710,-0.059,-0.200,0.000,0.012,0.023,0,930,-98,98,47,15.690,305,305
367570,0.020,0.000,-0.000,0.000,0.699,-0.042,-0.712,-0.059,-0.200,0.000,0.017,0.025,0,999,-96,96,47,15.690,305,305
367670,-0.050,0.000,-0.001,-0.000,0.697,-0.042,-0.713,-0.059,-0.200,0.000,0.021,0.025,0,1062,-98,98,47,15.690,305,305
367770,-0.060,0.000,-0.002,0.001,0.694,-0.043,-0.716,-0.059,-0.200,0.000,0.029,0.024,0,1072,-101,101,47,15.690,305,305
367870,-0.030,0.000,-0.001,0.000,0.692,-0.044,-0.718,-0.058,-0.200,0.000,0.036,0.023,0,1057,-102,102,47,15.690,305,305
367970,0.050,0.000,-0.002,0.001,0.689,-0.045,-0.721,-0.055,-0.200,0.000,0.044,0.017,0,892,-105,105,47,15.690,305,305
368070,0.170,0.000,0.000,0.000,0.687,-0.047,-0.723,-0.053,-0.200,0.000,0.050,0.012,0,833,-102,102,47,15.690,305,305
368170,-0.020,0.001,0.001,0.000,0.689,-0.046,-0.721,-0.052,-0.200,0.000,0.044,0.012,0,969,-96,96,47,15.690,305,305
368270,0.010,0.000,-0.000,0.000,0.691,-0.045,-0.720,-0.050,-0.200,0.000,0.041,0.010,0,959,-98,98,47,15.700,305,305
368370,-0.030,0.000,0.001,-0.000,0.692,-0.045,-0.719,-0.050,-0.200,0.000,0.039,0.010,0,1051,-97,97,47,15.700,305,305
368470,-0.100,-0.000,-0.001,0.000,0.692,-0.045,-0.719,-0.049,-0.200,0.000,0.037,0.008,0,989,-99,100,47,15.700,305,305
368570,0.000,-0.000,-0.001,0.000,0.689,-0.047,-0.722,-0.048,-0.200,0.000,0.046,0.005,0,927,-106,107,47,15.700,305,305
368670,0.020,0.000,-0.003,0.000,0.685,-0.047,-0.725,-0.047,-0.200,0.000,0.056,0.004,0,936,-111,111,47,15.700,305,305
368770,-0.120,0.000,-0.001,0.002,0.682,-0.049,-0.728,-0.044,-0.200,-0.000,0.066,-0.003,0,525,-112,112,47,15.700,305,305
368870,0.070,0.001,-0.002,0.002,0.678,-0.052,-0.732,-0.040,-0.200,-0.000,0.077,-0.012,489,0,-115,115,47,15.700,305,305
368970,0.070,0.001,-0.001,0.002,0.675,-0.053,-0.735,-0.034,-0.200,-0.001,0.086,-0.022,934,0,-115,115,47,15.700,305,305
369070,-0.070,0.001,-0.002,0.001,0.672,-0.053,-0.738,-0.029,-0.200,-0.001,0.094,-0.028,1035,0,-117,118,47,15.700,305,305
369170,0.010,0.001,-0.000,0.001,0.671,-0.052,-0.739,-0.027,-0.200,-0.001,0.099,-0.029,1035,0,-116,117,47,15.700,305,305
369270,0.030,0.001,-0.000,0.001,0.672,-0.052,-0.739,-0.024,-0.200,-0.002,0.097,-0.035,1276,0,-114,114,47,15.700,305,305
369370,-0.070,0.000,0.002,-0.000,0.673,-0.053,-0.737,-0.022,-0.200,-0.002,0.093,-0.040,1380,0,-110,110,47,15.700,305,305
369470,-0.060,0.001,0.002,0.001,0.677,-0.053,-0.734,-0.021,-0.200,-0.002,0.082,-0.041,1481,0,-105,106,47,15.700,305,305
369570,-0.040,0.000,0.002,0.001,0.679,-0.054,-0.732,-0.018,-0.200,-0.002,0.077,-0.046,1669,0,-106,106,47,15.700,305,305
369670,0.150,0.001,0.002,0.002,0.683,-0.056,-0.728,-0.015,-0.200,-0.002,0.067,-0.054,1909,0,-103,104,47,15.700,305,305
369770,0.230,0.001,0.003,0.002,0.690,-0.057,-0.721,-0.009,-0.200,-0.001,0.046,-0.066,2147,0,-93,93,47,15.700,305,305
369870,-0.080,0.001,0.005,0.001,0.699,-0.058,-0.712,-0.005,-0.200,-0.001,0.019,-0.073,2259,0,-85,85,47,15.700,305,305
369970,-0.090,0.001,0.002,0.002,0.705,-0.058,-0.707,-0.002,-0.200,-0.000,0.006,-0.078,2415,0,-91,91,47,15.700,305,305
370070,0.000,0.001,0.000,0.002,0.707,-0.060,-0.704,0.002,-0.200,0.000,-0.001,-0.088,2612,0,-95,96,47,15.700,305,305
370170,0.050,0.001,-0.000,0.002,0.708,-0.062,-0.704,0.007,-0.200,0.000,-0.002,-0.098,2779,0,-99,99,47,15.700,305,305
370270,0.040,0.001,0.001,0.002,0.709,-0.064,-0.702,0.013,-0.200,0.001,-0.005,-0.108,2990,0,-96,96,47,15.700,305,305
370370,-0.060,0.001,0.000,0.002,0.710,-0.066,-0.701,0.019,-0.200,0.001,-0.008,-0.120,3182,0,-97,97,47,15.700,305,305
370470,0.010,0.001,-0.001,0.002,0.709,-0.067,-0.702,0.025,-0.200,0.001,-0.006,-0.130,3316,0,-100,101,47,15.700,305,305
370570,0.000,0.001,0.001,0.001,0.709,-0.067,-0.702,0.031,-0.200,0.001,-0.006,-0.140,3353,0,-97,98,47,15.700,305,305
370670,0.080,0.002,0.001,0.002,0.710,-0.067,-0.700,0.037,-0.200,0.001,-0.010,-0.147,3398,0,-95,95,47,15.700,305,305
370770,-0.010,0.001,0.006,0.001,0.719,-0.068,-0.691,0.043,-0.200,0.003,-0.037,-0.156,3438,0,-76,76,47,15.700,305,305
370870,-0.050,0.001,0.005,-0.000,0.727,-0.067,-0.681,0.045,-0.200,0.005,-0.063,-0.158,3408,0,-70,70,47,15.720,305,305
370970,-0.060,0.001,0.003,-0.000,0.735,-0.066,-0.674,0.046,-0.200,0.007,-0.084,-0.158,3374,0,-71,71,47,15.720,305,305
371070,0.030,0.001,0.002,-0.000,0.740,-0.064,-0.668,0.047,-0.200,0.008,-0.100,-0.157,3354,0,-71,71,47,15.720,305,305
371170,-0.030,0.001,0.002,0.000,0.744,-0.063,-0.664,0.048,-0.200,0.009,-0.113,-0.157,3360,0,-71,71,46,15.700,305,305
371270,-0.110,-0.000,-0.001,-0.001,0.744,-0.062,-0.663,0.048,-0.200,0.009,-0.113,-0.156,3340,0,-79,79,46,15.700,305,305
371370,-0.130,-0.000,-0.002,-0.001,0.741,-0.061,-0.667,0.047,-0.200,0.008,-0.102,-0.153,3306,0,-86,86,46,15.700,305,305
371470,-0.130,-0.001,-0.006,0.000,0.732,-0.061,-0.677,0.046,-0.200,0.006,-0.077,-0.151,3308,0,-101,101,47,15.700,305,305
371570,0.090,-0.002,-0.009,-0.001,0.721,-0.063,-0.689,0.044,-0.200,0.003,-0.043,-0.150,3299,0,-117,117,47,15.700,305,305
371670,-0.130,-0.003,-0.009,-0.002,0.702,-0.064,-0.708,0.037,-0.200,-0.001,0.011,-0.142,3182,0,-130,130,47,15.710,305,305
371770,0.100,-0.001,-0.005,-0.002,0.689,-0.064,-0.722,0.031,-0.200,-0.003,0.050,-0.132,3105,0,-126,126,47,15.710,305,305
371870,-0.360,-0.001,-0.009,-0.001,0.674,-0.062,-0.736,0.026,-0.200,-0.005,0.091,-0.122,3091,0,-140,141,47,15.710,305,305
371970,0.040,-0.003,-0.010,-0.003,0.655,-0.062,-0.753,0.020,-0.200,-0.008,0.143,-0.112,2924,0,-154,154,47,15.710,305,305
372070,0.210,-0.003,-0.006,-0.003,0.638,-0.061,-0.768,0.010,-0.200,-0.009,0.187,-0.093,2743,0,-153,153,47,15.710,305,305
372170,0.120,-0.002,-0.007,-0.000,0.626,-0.060,-0.778,0.004,-0.200,-0.009,0.219,-0.082,2739,0,-158,158,47,15.710,305,305
372270,-0.010,-0.002,-0.011,0.002,0.605,-0.065,-0.793,0.004,-0.200,-0.011,0.270,-0.084,2886,0,-179,180,47,15.700,305,305
372370,-0.010,-0.002,-0.011,0.004,0.578,-0.073,-0.813,0.007,-0.200,-0.016,0.337,-0.095,3066,0,-194,195,47,15.700,305,305
372470,-0.010,-0.002,-0.006,0.005,0.556,-0.088,-0.826,0.012,-0.200,-0.023,0.390,-0.115,3264,0,-191,192,47,15.710,305,305
372570,0.040,0.000,-0.002,0.008,0.546,-0.101,-0.831,0.018,-0.200,-0.028,0.414,-0.137,3514,0,-179,181,47,15.710,305,305
372670,0.130,-0.000,-0.003,0.006,0.539,-0.119,-0.833,0.032,-0.200,-0.038,0.429,-0.178,3809,0,-176,178,47,15.710,305,305
372770,0.110,-0.001,-0.002,0.004,0.532,-0.133,-0.835,0.038,-0.200,-0.044,0.446,-0.199,3837,0,-177,179,47,15.710,305,305
372870,-0.050,0.000,-0.007,0.001,0.521,-0.139,-0.842,0.040,-0.200,-0.049,0.477,-0.206,3754,0,-192,194,47,15.710,305,305
372970,0.270,0.001,-0.007,-0.001,0.506,-0.136,-0.851,0.045,-0.200,-0.053,0.507,-0.207,3686,0,-198,200,47,15.700,305,305
373070,0.170,0.002,-0.005,-0.000,0.494,-0.132,-0.858,0.050,-0.200,-0.056,0.533,-0.208,3678,0,-198,200,47,15.700,305,305
373170,0.020,0.001,-0.002,0.000,0.486,-0.129,-0.863,0.054,-0.200,-0.059,0.550,-0.211,3696,0,-191,193,47,15.700,305,305
373270,0.040,-0.000,-0.003,0.001,0.481,-0.130,-0.865,0.057,-0.200,-0.061,0.560,-0.214,3714,0,-192,194,47,15.700,305,305
373370,-0.030,0.000,-0.004,0.002,0.471,-0.132,-0.870,0.059,-0.200,-0.065,0.581,-0.218,3748,0,-199,200,47,15.700,305,305
373470,0.010,-0.000,-0.002,0.003,0.463,-0.137,-0.874,0.062,-0.200,-0.069,0.600,-0.225,3807,0,-199,200,46,15.720,305,305
373570,0.300,-0.000,0.000,0.001,0.463,-0.143,-0.872,0.064,-0.200,-0.071,0.599,-0.233,3842,0,-190,192,46,15.720,305,305
373670,0.020,0.001,0.001,0.001,0.465,-0.144,-0.871,0.067,-0.200,-0.073,0.595,-0.239,3886,0,-184,187,46,15.720,305,305
373770,-0.080,0.002,0.000,0.000,0.466,-0.143,-0.870,0.071,-0.200,-0.074,0.592,-0.246,3915,0,-185,188,47,15.710,305,305
373870,0.030,0.001,0.000,0.001,0.468,-0.142,-0.869,0.075,-0.200,-0.076,0.587,-0.252,3945,0,-184,187,47,15.710,305,305
373970,0.110,0.001,0.000,0.001,0.469,-0.143,-0.868,0.079,-0.200,-0.078,0.583,-0.260,4003,0,-183,186,47,15.710,305,305
374070,0.090,0.001,0.002,0.001,0.471,-0.145,-0.866,0.083,-0.200,-0.080,0.579,-0.270,4046,0,-181,184,46,15.710,305,305
374170,0.060,0.000,0.000,0.000,0.472,-0.145,-0.865,0.085,-0.200,-0.080,0.577,-0.272,4022,0,-184,187,46,15.710,305,305
374270,0.070,0.001,0.000,0.000,0.474,-0.145,-0.864,0.085,-0.200,-0.080,0.572,-0.274,4024,0,-182,185,46,15.710,305,305
374370,0.160,0.000,0.001,-0.000,0.476,-0.145,-0.863,0.086,-0.200,-0.080,0.568,-0.276,4014,0,-181,184,46,15.710,305,305
374470,0.030,0.000,-0.000,-0.001,0.477,-0.144,-0.863,0.086,-0.200,-0.079,0.566,-0.274,3985,0,-183,185,46,15.710,305,305
374570,-0.060,-0.001,-0.000,-0.001,0.475,-0.141,-0.865,0.084,-0.200,-0.078,0.570,-0.269,3933,0,-186,189,47,15.710,305,305
374670,-0.020,0.001,-0.001,-0.001,0.475,-0.139,-0.865,0.083,-0.200,-0.077,0.570,-0.265,3923,0,-185,188,47,15.710,305,305
374770,0.000,-0.000,-0.002,-0.000,0.471,-0.138,-0.867,0.084,-0.200,-0.078,0.579,-0.265,3933,0,-191,194,46,15.710,305,305
374870,0.120,-0.000,0.000,-0.000,0.471,-0.137,-0.867,0.084,-0.200,-0.078,0.578,-0.263,3926,0,-185,188,46,15.710,305,305
374970,0.060,0.000,-0.001,0.001,0.470,-0.137,-0.868,0.084,-0.200,-0.078,0.581,-0.263,3940,0,-188,191,46,15.710,305,305
375070,0.060,-0.000,-0.001,-0.000,0.470,-0.138,-0.868,0.084,-0.200,-0.078,0.582,-0.263,3932,0,-188,191,46,15.720,305,305
375170,-0.040,-0.000,-0.000,-0.001,0.468,-0.137,-0.869,0.082,-0.200,-0.078,0.585,-0.260,3901,0,-188,191,46,15.720,305,305
375270,0.110,-0.000,-0.001,-0.001,0.467,-0.136,-0.870,0.081,-0.200,-0.077,0.587,-0.256,3879,0,-189,192,46,15.720,305,305
375370,0.100,-0.000,-0.000,-0.000,0.466,-0.135,-0.871,0.080,-0.200,-0.077,0.591,-0.254,3861,0,-189,192,46,15.720,305,305
375470,0.050,-0.000,-0.000,-0.000,0.465,-0.134,-0.872,0.078,-0.200,-0.076,0.593,-0.250,3843,0,-189,192,46,15.720,305,305
375570,0.020,0.000,0.002,-0.000,0.465,-0.133,-0.872,0.079,-0.200,-0.076,0.593,-0.250,3865,0,-185,188,46,15.710,305,305
375670,0.150,-0.000,0.001,-0.000,0.467,-0.133,-0.870,0.079,-0.200,-0.076,0.587,-0.251,3882,0,-183,185,46,15.710,305,305
