Timestamp,curr_ax,curr_roll_rate,curr_pitch_rate,curr_yaw_rate,curr_qw,curr_qx,curr_qy,curr_qz,ax_ref,p_ref,q_ref,r_ref,omega_L_ref,omega_R_ref,servo_L_ref,servo_R_ref,Temperature,Voltage,RPM2,RPM4
86761,0.260,0.003,-0.011,0.000,0.613,0.229,-0.735,0.179,-0.200,0.002,0.186,0.017,4737,4622,-27,27,0,0.000,0,0
86861,0.110,0.003,-0.005,-0.001,0.591,0.240,-0.749,0.180,-0.200,0.002,0.239,0.014,4498,4472,-39,39,0,0.000,0,0
86961,0.180,0.002,0.012,-0.000,0.611,0.241,-0.730,0.190,-0.200,0.002,0.183,0.017,4386,4289,-18,18,0,0.000,0,0
87061,0.050,0.001,0.005,-0.001,0.626,0.239,-0.716,0.197,-0.200,0.001,0.140,0.018,4276,4185,-13,13,0,0.000,0,0
87161,0.120,0.001,0.007,0.000,0.633,0.239,-0.709,0.199,-0.200,0.001,0.120,0.019,4109,4009,-12,12,0,0.000,0,0
87261,0.170,0.002,0.013,0.003,0.651,0.232,-0.691,0.213,-0.200,0.000,0.062,0.008,3767,3927,3,-3,0,0.000,0,0
87361,0.000,0.002,0.018,0.003,0.678,0.220,-0.663,0.230,-0.200,0.000,-0.024,-0.007,3466,3892,23,-23,0,0.000,0,0
87461,-0.120,0.000,0.012,0.001,0.703,0.208,-0.634,0.247,-0.200,0.001,-0.117,-0.021,3365,3933,40,-41,0,0.000,0,0
87561,-0.410,-0.000,-0.010,-0.000,0.702,0.206,-0.635,0.248,-0.200,0.001,-0.109,-0.026,3421,3955,30,-30,0,0.000,0,0
87661,-0.220,-0.001,-0.016,-0.001,0.678,0.216,-0.661,0.238,-0.200,0.000,-0.033,-0.021,3638,3965,10,-10,0,0.000,0,0
87761,-0.210,-0.000,-0.018,-0.001,0.651,0.228,-0.689,0.224,-0.200,-0.000,0.053,-0.012,3733,3875,-10,10,0,0.000,0,0
87861,0.090,0.001,-0.016,-0.001,0.623,0.239,-0.714,0.211,-0.200,-0.000,0.135,-0.004,3734,3778,-26,26,0,0.000,0,0
87961,-0.040,0.001,-0.021,0.000,0.588,0.252,-0.743,0.199,-0.200,-0.000,0.232,-0.001,3670,3721,-49,49,0,0.000,0,0
88061,0.080,0.002,-0.019,0.000,0.549,0.263,-0.771,0.188,-0.200,-0.000,0.331,-0.001,3481,3599,-72,72,0,0.000,0,0
88161,0.390,0.001,-0.008,0.001,0.523,0.271,-0.788,0.181,-0.200,-0.000,0.396,-0.002,3055,3244,-84,84,0,0.000,0,0
88261,0.590,0.001,-0.002,-0.000,0.512,0.274,-0.795,0.177,-0.200,-0.000,0.423,0.000,2478,2634,-89,89,0,0.000,0,0
88361,0.270,0.003,0.011,0.000,0.519,0.273,-0.789,0.184,-0.200,-0.001,0.396,-0.005,1359,1882,-81,81,0,0.000,0,0
88461,0.040,0.007,0.018,-0.001,0.550,0.273,-0.763,0.204,-0.200,-0.002,0.316,-0.011,0,1466,-63,63,0,0.000,0,0
88561,-0.010,0.001,0.013,-0.001,0.577,0.274,-0.737,0.221,-0.200,-0.001,0.238,-0.011,0,992,-51,51,0,0.000,0,0
88661,-0.200,-0.002,0.014,-0.001,0.602,0.267,-0.718,0.226,-0.200,-0.000,0.174,-0.003,0,514,-40,40,0,0.000,0,0
88761,0.040,-0.003,0.009,-0.001,0.621,0.259,-0.704,0.229,-0.200,-0.000,0.124,-0.001,0,574,-34,33,0,0.000,0,0
88861,0.160,-0.001,0.005,-0.001,0.633,0.254,-0.695,0.228,-0.200,0.000,0.094,0.005,261,0,-31,31,0,0.000,0,0
88961,0.020,0.000,0.002,0.001,0.644,0.251,-0.686,0.229,-0.200,0.000,0.067,0.010,447,0,-26,26,0,0.000,0,0
89061,0.190,0.009,-0.003,0.005,0.640,0.252,-0.685,0.239,-0.200,-0.000,0.066,-0.005,0,1188,-30,30,0,0.000,0,0
89161,0.670,0.019,-0.000,0.006,0.627,0.269,-0.677,0.277,-0.200,-0.001,0.061,-0.038,0,1939,-28,29,0,0.000,0,0
89261,0.290,0.028,-0.003,0.004,0.595,0.302,-0.667,0.330,-0.200,-0.005,0.073,-0.081,0,2520,-33,34,0,0.000,0,0
89361,0.040,0.023,0.003,0.004,0.571,0.332,-0.643,0.388,-0.200,-0.007,0.047,-0.120,0,2806,-25,25,0,0.000,0,0
89461,-0.430,0.010,-0.006,0.001,0.548,0.355,-0.636,0.411,-0.200,-0.010,0.062,-0.133,0,2824,-33,33,0,0.000,0,0
89561,-0.210,0.000,0.003,-0.003,0.541,0.366,-0.632,0.417,-0.200,-0.010,0.068,-0.130,0,2650,-33,33,0,0.000,0,0
89661,-0.080,-0.002,0.002,-0.002,0.551,0.364,-0.628,0.411,-0.200,-0.007,0.054,-0.115,0,2362,-30,30,0,0.000,0,0
89761,0.150,-0.002,0.003,-0.002,0.559,0.361,-0.625,0.408,-0.200,-0.006,0.041,-0.106,0,2036,-27,27,0,0.000,0,0
89861,-0.170,-0.002,0.001,-0.001,0.563,0.359,-0.626,0.403,-0.200,-0.005,0.041,-0.099,0,1996,-29,29,0,0.000,0,0
89961,-0.010,0.001,0.003,-0.000,0.571,0.354,-0.621,0.403,-0.200,-0.004,0.022,-0.097,0,2021,-24,24,0,0.000,0,0
90061,0.110,0.002,0.000,-0.002,0.575,0.355,-0.615,0.406,-0.200,-0.003,0.008,-0.091,0,1930,-22,22,0,0.000,0,0
90161,-0.040,0.003,-0.001,-0.002,0.575,0.364,-0.609,0.408,-0.200,-0.002,0.006,-0.079,0,1726,-22,22,0,0.000,0,0
90261,-0.080,-0.002,-0.004,-0.000,0.571,0.368,-0.609,0.409,-0.200,-0.002,0.014,-0.078,0,1824,-25,25,0,0.000,0,0
90361,-0.060,-0.003,-0.006,0.001,0.570,0.368,-0.617,0.399,-0.200,-0.003,0.033,-0.072,0,1741,-30,30,0,0.000,0,0
90461,-0.010,-0.005,-0.001,0.001,0.570,0.362,-0.629,0.386,-0.200,-0.004,0.054,-0.072,0,1800,-34,34,0,0.000,0,0
90561,0.170,0.001,0.002,0.000,0.575,0.354,-0.630,0.383,-0.200,-0.003,0.044,-0.075,0,1882,-30,30,0,0.000,0,0
90661,0.090,0.005,0.001,-0.000,0.572,0.357,-0.628,0.390,-0.200,-0.004,0.041,-0.081,0,1969,-30,31,0,0.000,0,0
90761,0.020,0.004,0.003,-0.002,0.572,0.365,-0.618,0.397,-0.200,-0.003,0.030,-0.072,0,1754,-28,28,0,0.000,0,0
90861,0.200,0.004,0.002,-0.001,0.577,0.369,-0.606,0.405,-0.200,-0.002,0.007,-0.064,0,1629,-23,23,0,0.000,0,0
90961,-0.140,0.004,0.002,-0.001,0.578,0.374,-0.597,0.412,-0.200,-0.001,-0.008,-0.059,0,1576,-20,20,0,0.000,0,0
91061,0.000,0.005,-0.001,0.005,0.572,0.376,-0.593,0.424,-0.200,-0.001,-0.014,-0.072,0,1999,-20,20,0,0.000,0,0
91161,-0.160,0.002,0.000,0.001,0.568,0.376,-0.591,0.432,-0.200,-0.002,-0.018,-0.084,0,2099,-19,19,0,0.000,0,0
91261,0.000,0.001,-0.001,0.001,0.569,0.378,-0.586,0.435,-0.200,-0.001,-0.028,-0.080,0,1951,-17,17,0,0.000,0,0
91361,0.110,0.001,0.000,0.001,0.569,0.379,-0.584,0.437,-0.200,-0.001,-0.030,-0.079,0,1924,-16,16,0,0.000,0,0
91461,0.040,0.002,-0.000,0.002,0.568,0.378,-0.582,0.442,-0.200,-0.001,-0.037,-0.086,0,2058,-14,14,0,0.000,0,0
91561,-0.090,0.002,-0.000,-0.000,0.564,0.381,-0.580,0.447,-0.200,-0.001,-0.036,-0.088,0,2043,-14,15,0,0.000,0,0
91661,0.050,0.001,-0.003,-0.002,0.562,0.387,-0.579,0.447,-0.200,-0.001,-0.031,-0.083,0,1904,-16,16,0,0.000,0,0
91761,0.000,-0.000,-0.001,-0.001,0.562,0.392,-0.578,0.442,-0.200,-0.001,-0.024,-0.071,0,1645,-17,17,0,0.000,0,0
91861,0.030,-0.003,0.002,-0.003,0.568,0.391,-0.578,0.436,-0.200,-0.000,-0.027,-0.060,0,1455,-15,15,0,0.000,0,0
91961,0.000,-0.006,0.002,-0.004,0.583,0.387,-0.576,0.423,-0.200,0.000,-0.038,-0.035,0,709,-12,12,0,0.000,0,0
92061,-0.030,-0.003,-0.001,-0.002,0.592,0.384,-0.575,0.413,-0.200,0.000,-0.043,-0.020,0,537,-12,12,0,0.000,0,0
92161,0.060,-0.001,-0.001,-0.001,0.594,0.385,-0.578,0.406,-0.200,0.000,-0.036,-0.012,0,467,-14,14,0,0.000,0,0
92261,0.040,-0.001,-0.000,0.000,0.596,0.383,-0.579,0.404,-0.200,0.000,-0.037,-0.011,0,775,-12,12,0,0.000,0,0
92361,0.020,-0.001,-0.001,0.001,0.596,0.382,-0.580,0.403,-0.200,0.000,-0.037,-0.012,0,980,-12,12,0,0.000,0,0
92461,-0.060,-0.002,-0.001,-0.000,0.597,0.380,-0.581,0.402,-0.200,0.000,-0.036,-0.013,0,1023,-12,12,0,0.000,0,0
92561,0.000,-0.003,0.000,-0.001,0.599,0.377,-0.584,0.396,-0.200,0.000,-0.032,-0.011,0,913,-13,12,0,0.000,0,0
92661,0.020,-0.007,0.000,-0.003,0.606,0.373,-0.588,0.385,-0.200,0.000,-0.030,-0.000,277,0,-13,13,0,0.000,0,0
92761,0.220,-0.008,-0.001,-0.000,0.616,0.363,-0.593,0.370,-0.200,-0.000,-0.033,0.008,580,0,-12,11,0,0.000,0,0
92861,0.150,-0.004,0.001,0.002,0.622,0.348,-0.602,0.360,-0.200,0.000,-0.032,-0.001,0,901,-11,11,0,0.000,0,0
92961,-0.190,-0.008,0.010,-0.002,0.638,0.332,-0.598,0.353,-0.200,-0.000,-0.064,0.003,0,353,1,-1,0,0.000,0,0
93061,-0.430,-0.006,0.003,-0.002,0.661,0.313,-0.591,0.341,-0.200,-0.001,-0.105,0.010,1088,701,8,-8,0,0.000,0,0
93161,-0.510,-0.001,-0.007,-0.001,0.660,0.310,-0.597,0.334,-0.200,-0.001,-0.095,0.011,1612,1516,1,-1,0,0.000,0,0
93261,-0.410,-0.004,-0.003,-0.002,0.656,0.313,-0.608,0.320,-0.200,-0.001,-0.065,0.022,2085,1551,-5,4,0,0.000,0,0
93361,0.650,-0.001,-0.003,-0.004,0.659,0.314,-0.609,0.309,-0.200,-0.001,-0.060,0.037,1918,0,-4,4,0,0.000,0,0
93461,0.570,0.001,-0.004,0.000,0.655,0.322,-0.616,0.296,-0.200,-0.002,-0.034,0.057,1697,0,-10,10,0,0.000,0,0
93561,0.000,0.002,-0.005,0.007,0.640,0.319,-0.634,0.295,-0.200,-0.000,0.007,0.035,499,0,-20,20,0,0.000,0,0
93661,-0.090,0.000,-0.003,0.006,0.626,0.313,-0.648,0.299,-0.200,0.000,0.037,0.005,0,1295,-25,25,0,0.000,0,0
93761,-0.040,0.001,0.009,0.002,0.632,0.296,-0.648,0.305,-0.200,-0.000,0.015,-0.021,0,1667,-14,14,0,0.000,0,0
93861,0.200,0.009,-0.004,-0.001,0.633,0.301,-0.642,0.311,-0.200,-0.000,0.005,-0.019,0,1258,-15,16,0,0.000,0,0
93961,-0.140,0.013,-0.002,-0.001,0.620,0.325,-0.636,0.324,-0.200,-0.000,0.022,-0.009,0,704,-20,20,0,0.000,0,0
94061,0.160,0.013,-0.004,-0.001,0.602,0.353,-0.629,0.343,-0.200,-0.000,0.040,-0.007,0,691,-25,25,0,0.000,0,0
94161,0.350,0.007,0.001,-0.000,0.590,0.374,-0.619,0.357,-0.200,-0.000,0.048,-0.000,0,266,-25,25,0,0.000,0,0
94261,-0.290,0.001,0.008,0.004,0.591,0.372,-0.613,0.368,-0.200,-0.000,0.030,-0.012,0,1197,-19,19,0,0.000,0,0
94361,-0.160,0.004,0.004,0.005,0.596,0.361,-0.605,0.386,-0.200,-0.000,-0.010,-0.040,0,1855,-11,11,0,0.000,0,0
94461,-0.280,0.005,-0.010,-0.000,0.587,0.365,-0.606,0.393,-0.200,-0.001,0.001,-0.048,0,1926,-18,18,0,0.000,0,0
94561,0.060,0.006,-0.003,-0.001,0.571,0.381,-0.611,0.394,-0.200,-0.002,0.038,-0.047,0,1893,-26,26,0,0.000,0,0
94661,0.220,-0.006,0.008,-0.005,0.577,0.383,-0.608,0.388,-0.200,-0.001,0.033,-0.031,0,981,-22,21,0,0.000,0,0
94761,0.110,-0.006,0.006,-0.003,0.603,0.371,-0.596,0.379,-0.200,0.000,-0.015,-0.005,814,0,-9,9,0,0.000,0,0
94861,-0.110,0.000,0.002,-0.004,0.616,0.373,-0.584,0.374,-0.200,-0.001,-0.039,0.023,1465,0,-6,6,0,0.000,0,0
94961,-0.160,0.003,0.006,-0.002,0.623,0.378,-0.571,0.378,-0.200,-0.002,-0.063,0.040,1592,0,0,0,0,0.000,0,0
95061,-0.240,0.002,-0.002,0.006,0.622,0.376,-0.568,0.386,-0.200,-0.001,-0.071,0.030,895,0,0,0,0,0.000,0,0
95161,-0.030,-0.000,0.001,0.002,0.618,0.370,-0.571,0.395,-0.200,-0.000,-0.075,0.006,0,1081,1,-2,0,0.000,0,0
95261,-0.140,-0.002,-0.003,0.000,0.617,0.364,-0.576,0.395,-0.200,0.000,-0.072,-0.006,0,1257,0,0,0,0.000,0,0
95361,0.240,-0.006,-0.003,-0.001,0.616,0.361,-0.584,0.386,-0.200,0.000,-0.056,-0.006,0,969,-3,3,0,0.000,0,0
95461,-0.130,-0.011,0.002,0.002,0.621,0.350,-0.596,0.370,-0.200,0.000,-0.045,-0.007,0,982,-4,4,0,0.000,0,0
95561,-0.050,-0.015,-0.004,0.002,0.629,0.322,-0.613,0.353,-0.200,0.000,-0.040,-0.028,0,1618,-6,5,0,0.000,0,0
95661,0.250,-0.009,-0.004,0.000,0.631,0.304,-0.632,0.332,-0.200,-0.000,-0.016,-0.036,0,1602,-11,11,0,0.000,0,0
95761,0.400,-0.005,-0.002,-0.001,0.633,0.293,-0.643,0.317,-0.200,-0.000,0.000,-0.035,0,1432,-13,13,0,0.000,0,0
95861,-0.250,-0.001,0.001,0.000,0.638,0.290,-0.644,0.308,-0.200,-0.000,-0.002,-0.027,0,1159,-11,11,0,0.000,0,0
95961,-0.170,0.004,0.001,0.003,0.636,0.288,-0.642,0.316,-0.200,-0.000,-0.009,-0.038,0,1652,-9,10,0,0.000,0,0
96061,0.230,0.004,0.003,-0.000,0.637,0.291,-0.634,0.327,-0.200,0.000,-0.026,-0.044,0,1603,-5,5,0,0.000,0,0
96161,0.160,0.005,0.000,-0.001,0.638,0.298,-0.627,0.333,-0.200,0.000,-0.035,-0.038,0,1366,-3,4,0,0.000,0,0
96261,0.240,0.002,-0.004,-0.004,0.635,0.310,-0.623,0.334,-0.200,0.000,-0.030,-0.023,0,811,-6,6,0,0.000,0,0
96361,-0.010,-0.003,-0.000,-0.004,0.637,0.315,-0.624,0.323,-0.200,0.000,-0.021,-0.002,836,0,-7,7,0,0.000,0,0
96461,-0.200,-0.009,-0.001,-0.004,0.644,0.311,-0.628,0.308,-0.200,-0.000,-0.018,0.014,1118,0,-8,7,0,0.000,0,0
96561,-0.160,-0.010,0.000,-0.004,0.658,0.298,-0.633,0.280,-0.200,-0.001,-0.022,0.038,1639,0,-6,6,0,0.000,0,0
96661,-0.050,-0.007,0.001,0.000,0.667,0.285,-0.638,0.258,-0.200,-0.001,-0.023,0.050,1679,0,-6,6,0,0.000,0,0
96761,-0.040,0.002,0.001,0.004,0.670,0.272,-0.641,0.257,-0.200,-0.001,-0.031,0.034,934,0,-3,3,0,0.000,0,0
96861,-0.300,0.001,0.002,0.001,0.668,0.270,-0.639,0.269,-0.200,-0.000,-0.037,0.017,0,758,-1,1,0,0.000,0,0
96961,-0.280,-0.003,-0.002,-0.002,0.668,0.270,-0.641,0.266,-0.200,-0.000,-0.033,0.020,671,0,-4,4,0,0.000,0,0
97061,0.200,-0.006,-0.001,0.000,0.670,0.265,-0.645,0.254,-0.200,-0.001,-0.027,0.027,943,0,-4,4,0,0.000,0,0
97161,0.100,-0.004,0.003,0.002,0.675,0.252,-0.649,0.246,-0.200,-0.000,-0.031,0.019,381,0,-2,1,0,0.000,0,0
97261,-0.250,-0.003,0.003,0.003,0.682,0.237,-0.646,0.248,-0.200,-0.000,-0.053,0.003,0,1078,4,-4,34,16.040,305,305
97361,-0.280,-0.007,0.003,-0.001,0.688,0.223,-0.645,0.245,-0.200,0.000,-0.067,-0.009,0,1205,7,-7,34,16.040,305,305
97461,-0.250,-0.012,-0.003,-0.004,0.699,0.208,-0.647,0.224,-0.200,-0.000,-0.077,0.001,718,565,8,-9,34,16.050,305,305
97561,-0.170,-0.012,-0.008,0.002,0.694,0.192,-0.665,0.196,-0.200,-0.000,-0.041,0.006,261,0,-3,2,34,16.050,305,305
97661,0.310,-0.018,-0.001,0.001,0.694,0.160,-0.681,0.169,-0.200,0.000,-0.021,-0.008,0,1057,-4,3,34,16.060,305,305
97761,0.140,-0.023,-0.011,0.002,0.692,0.123,-0.699,0.133,-0.200,-0.000,0.008,-0.015,0,1224,-13,12,34,16.060,305,305
97861,0.480,-0.020,-0.014,0.003,0.671,0.080,-0.732,0.090,-0.200,-0.001,0.084,-0.025,0,1399,-32,31,34,16.060,305,305
97961,0.180,-0.010,0.008,0.003,0.664,0.048,-0.743,0.065,-0.200,-0.002,0.109,-0.033,0,1538,-31,31,34,16.060,305,305
98061,-0.500,-0.005,0.016,-0.002,0.691,0.031,-0.720,0.053,-0.200,-0.001,0.031,-0.032,0,1469,-8,7,34,16.060,305,305
98161,-0.230,-0.005,-0.003,0.001,0.706,0.022,-0.706,0.044,-0.200,0.000,-0.002,-0.031,0,1391,-6,6,34,16.070,305,305
98261,-0.190,-0.005,-0.009,0.000,0.687,0.009,-0.725,0.035,-0.200,-0.001,0.053,-0.038,0,1496,-25,24,34,16.070,305,305
98361,0.270,-0.003,-0.001,-0.003,0.676,0.003,-0.736,0.022,-0.200,-0.001,0.084,-0.029,0,1112,-29,29,34,16.070,305,305
98461,0.330,-0.002,0.000,-0.002,0.676,0.003,-0.737,0.013,-0.200,-0.001,0.085,-0.014,0,579,-28,28,34,16.070,305,305
98561,0.180,-0.001,0.001,0.001,0.675,0.002,-0.738,0.009,-0.200,-0.000,0.088,-0.010,0,715,-29,29,34,16.070,305,305
98661,0.180,-0.002,0.006,0.000,0.683,-0.001,-0.731,0.009,-0.200,-0.000,0.067,-0.015,0,1050,-23,23,34,16.070,305,305
98761,0.010,-0.002,0.005,-0.002,0.693,-0.003,-0.721,-0.001,-0.200,-0.000,0.040,-0.003,0,221,-17,17,34,16.070,305,305
98861,-0.190,-0.002,0.001,-0.000,0.701,-0.002,-0.713,-0.003,-0.200,0.000,0.018,0.002,0,234,-14,14,34,16.070,305,305
98961,-0.190,0.002,-0.003,0.001,0.703,-0.004,-0.711,-0.002,-0.200,-0.000,0.011,-0.002,0,898,-15,15,34,16.070,305,305
99061,0.360,0.002,-0.004,-0.003,0.696,0.003,-0.718,-0.001,-0.200,0.000,0.030,0.005,309,0,-21,21,34,16.050,305,305
99161,0.030,-0.001,0.002,-0.002,0.692,0.008,-0.722,-0.006,-0.200,0.000,0.043,0.021,1092,0,-22,22,34,16.050,305,305
99261,0.120,0.005,-0.001,0.004,0.695,0.008,-0.719,-0.003,-0.200,0.000,0.035,0.016,259,0,-20,20,34,16.070,305,305
99361,0.280,0.005,0.001,-0.005,0.695,0.015,-0.719,0.011,-0.200,0.000,0.034,0.006,0,387,-20,20,34,16.070,305,305
99461,0.120,0.003,0.004,-0.005,0.698,0.035,-0.715,0.007,-0.200,0.000,0.025,0.039,1594,0,-18,18,34,16.050,305,305
99561,-0.080,0.005,0.001,-0.001,0.704,0.047,-0.708,0.009,-0.200,0.000,0.008,0.053,1656,0,-14,14,34,16.050,305,305
99661,-0.080,0.009,0.005,0.006,0.707,0.057,-0.704,0.026,-0.200,-0.000,-0.001,0.045,1133,0,-12,13,34,16.060,305,305
99761,0.110,0.009,0.004,0.004,0.714,0.065,-0.696,0.054,-0.200,-0.000,-0.024,0.018,0,883,-7,7,34,16.060,305,305
99861,0.010,0.001,0.001,0.000,0.718,0.071,-0.688,0.071,-0.200,-0.000,-0.042,0.005,0,993,-4,4,34,16.060,305,305
99961,-0.250,-0.006,-0.002,-0.002,0.721,0.062,-0.687,0.067,-0.200,0.000,-0.049,-0.002,0,1012,-3,3,34,16.070,305,305
100061,-0.310,-0.003,-0.001,0.001,0.720,0.055,-0.690,0.056,-0.200,-0.000,-0.042,0.003,0,625,-5,5,34,16.070,305,305
100161,0.190,-0.001,-0.005,-0.001,0.716,0.050,-0.694,0.054,-0.200,0.000,-0.032,-0.003,0,825,-8,8,34,16.070,305,305
100261,0.530,-0.003,0.001,-0.004,0.713,0.052,-0.698,0.049,-0.200,-0.000,-0.021,0.008,700,0,-8,8,34,16.070,305,305
100361,-0.070,-0.008,0.001,-0.005,0.717,0.051,-0.694,0.030,-0.200,-0.001,-0.031,0.032,1535,0,-5,5,34,16.070,305,305
100461,-0.400,-0.010,-0.003,-0.002,0.714,0.042,-0.699,0.004,-0.200,-0.001,-0.019,0.054,1975,0,-10,9,34,16.070,305,305
100561,-0.340,-0.013,0.003,-0.001,0.717,0.021,-0.697,-0.022,-0.200,-0.001,-0.029,0.060,2038,0,-5,4,34,16.070,305,305
100661,-0.480,-0.012,0.002,0.000,0.723,-0.004,-0.689,-0.051,-0.200,-0.002,-0.051,0.064,2346,0,1,-1,34,16.070,305,305
100761,0.210,-0.013,0.000,0.001,0.724,-0.030,-0.685,-0.072,-0.200,-0.001,-0.058,0.055,2084,850,2,-2,34,16.070,305,305
100861,0.630,-0.012,0.003,0.002,0.725,-0.059,-0.680,-0.096,-0.200,-0.001,-0.069,0.045,1084,0,5,-5,35,16.070,305,305
100961,0.490,-0.009,-0.005,0.001,0.723,-0.083,-0.677,-0.110,-0.200,-0.001,-0.069,0.029,508,0,3,-4,35,16.070,305,305
101061,0.320,-0.010,0.012,-0.001,0.720,-0.102,-0.675,-0.126,-0.200,-0.001,-0.069,0.024,647,0,7,-7,35,16.070,305,305
101161,0.310,-0.011,-0.006,-0.005,0.724,-0.115,-0.664,-0.156,-0.200,-0.002,-0.092,0.038,1465,0,10,-10,35,16.070,305,305
101261,-0.180,-0.012,-0.006,-0.002,0.708,-0.135,-0.669,-0.179,-0.200,-0.001,-0.068,0.049,1634,0,3,-4,35,16.070,305,305
101361,-0.630,-0.012,-0.004,-0.001,0.695,-0.158,-0.671,-0.203,-0.200,-0.001,-0.049,0.053,2106,0,1,-1,35,16.070,305,305
101461,-0.100,-0.014,-0.005,0.002,0.684,-0.184,-0.669,-0.224,-0.200,-0.001,-0.037,0.048,2140,807,-1,1,35,16.070,305,305
101561,0.000,-0.015,0.002,-0.002,0.671,-0.214,-0.664,-0.250,-0.200,-0.000,-0.027,0.045,1987,0,-1,1,35,16.060,305,305
101661,0.140,-0.012,-0.000,-0.001,0.664,-0.234,-0.654,-0.278,-0.200,-0.000,-0.036,0.052,1743,0,1,-2,35,16.060,305,305
101761,-0.090,-0.009,-0.002,0.001,0.656,-0.259,-0.645,-0.294,-0.200,-0.000,-0.034,0.038,1140,0,1,-1,34,16.060,305,305
101861,-0.340,-0.006,0.003,-0.004,0.647,-0.276,-0.638,-0.313,-0.200,-0.000,-0.034,0.042,1640,0,2,-2,34,16.060,305,305
101961,0.290,-0.008,0.001,-0.005,0.645,-0.277,-0.629,-0.335,-0.200,-0.001,-0.057,0.064,2002,0,8,-8,34,16.070,305,305
102061,0.190,-0.001,-0.011,-0.002,0.630,-0.287,-0.632,-0.349,-0.200,0.000,-0.036,0.079,2140,0,-1,0,34,16.070,305,305
102161,-0.030,-0.001,-0.001,-0.003,0.614,-0.293,-0.644,-0.351,-0.200,0.002,0.000,0.092,2263,0,-7,7,34,16.070,305,305
102261,-0.190,0.002,0.004,-0.001,0.615,-0.288,-0.642,-0.357,-0.200,0.002,-0.011,0.105,2368,0,-1,1,34,16.070,305,305
102361,-0.270,-0.000,0.004,-0.001,0.620,-0.279,-0.638,-0.361,-0.200,0.002,-0.030,0.114,2468,0,4,-4,34,16.070,305,305
102461,0.190,-0.002,-0.001,0.000,0.622,-0.279,-0.633,-0.366,-0.200,0.001,-0.042,0.116,2332,0,5,-5,35,16.060,305,305
102561,0.430,-0.003,0.002,0.001,0.620,-0.286,-0.629,-0.371,-0.200,0.001,-0.044,0.112,2218,0,6,-6,35,16.060,305,305
102661,0.350,-0.003,0.002,-0.001,0.624,-0.288,-0.622,-0.375,-0.200,-0.000,-0.060,0.108,2172,0,10,-10,35,16.070,305,305
102761,-0.030,0.000,0.004,-0.002,0.625,-0.286,-0.616,-0.384,-0.200,-0.001,-0.076,0.116,2327,0,15,-15,35,16.070,305,305
102861,-0.390,0.001,0.003,-0.002,0.629,-0.280,-0.611,-0.391,-0.200,-0.002,-0.097,0.126,2597,0,20,-20,35,16.060,305,305
102961,-0.240,-0.001,-0.001,-0.001,0.630,-0.275,-0.609,-0.396,-0.200,-0.002,-0.108,0.135,2702,0,22,-22,35,16.060,305,305
103061,-0.170,0.000,0.000,-0.000,0.629,-0.276,-0.608,-0.397,-0.200,-0.002,-0.108,0.136,2653,0,22,-22,35,16.060,305,305
103161,0.000,0.001,-0.003,0.001,0.628,-0.277,-0.610,-0.396,-0.200,-0.002,-0.103,0.135,2502,0,21,-21,35,16.040,305,305
103261,0.210,-0.001,-0.002,0.000,0.625,-0.282,-0.611,-0.395,-0.200,-0.001,-0.093,0.131,2359,0,20,-20,35,16.040,305,305
103361,0.160,0.000,0.000,0.000,0.623,-0.285,-0.613,-0.393,-0.200,-0.001,-0.086,0.127,2307,0,19,-20,35,16.070,305,305
103461,-0.070,-0.000,-0.000,-0.001,0.623,-0.285,-0.612,-0.395,-0.200,-0.001,-0.088,0.129,2396,0,21,-21,35,16.070,305,305
103561,-0.200,-0.001,-0.001,-0.001,0.621,-0.284,-0.613,-0.397,-0.200,-0.001,-0.088,0.134,2491,0,22,-22,35,16.070,305,305
103661,-0.020,-0.001,-0.002,-0.000,0.615,-0.288,-0.615,-0.400,-0.200,0.000,-0.078,0.138,2497,0,20,-20,35,16.070,305,305
103761,0.060,-0.003,-0.002,-0.001,0.609,-0.293,-0.617,-0.403,-0.200,0.001,-0.068,0.140,2500,0,18,-19,35,16.070,305,305
103861,-0.060,-0.003,-0.002,-0.001,0.605,-0.298,-0.616,-0.407,-0.200,0.001,-0.062,0.141,2502,0,18,-18,34,16.070,305,305
103961,0.100,-0.003,-0.002,-0.002,0.596,-0.305,-0.618,-0.412,-0.200,0.003,-0.051,0.145,2567,0,16,-16,34,16.070,305,305
104061,0.180,-0.003,-0.001,0.000,0.588,-0.311,-0.619,-0.418,-0.200,0.004,-0.040,0.151,2616,0,14,-14,35,16.070,305,305
104161,-0.140,-0.004,-0.001,0.000,0.583,-0.320,-0.616,-0.422,-0.200,0.004,-0.035,0.145,2479,0,14,-14,35,16.070,305,305
104261,0.090,-0.004,0.001,0.001,0.580,-0.327,-0.613,-0.425,-0.200,0.004,-0.034,0.142,2453,0,15,-15,35,16.070,305,305
104361,-0.260,-0.005,-0.001,-0.001,0.577,-0.336,-0.606,-0.434,-0.200,0.003,-0.041,0.138,2445,0,17,-17,35,16.070,305,305
104461,-0.250,-0.004,0.002,-0.000,0.574,-0.341,-0.602,-0.439,-0.200,0.003,-0.044,0.137,2531,0,18,-18,35,16.070,305,305
104561,-0.020,-0.003,-0.002,0.001,0.569,-0.350,-0.597,-0.444,-0.200,0.003,-0.042,0.132,2353,0,17,-17,34,16.060,305,305
104661,0.110,-0.000,0.001,0.001,0.568,-0.352,-0.595,-0.446,-0.200,0.003,-0.043,0.130,2344,0,18,-18,34,16.060,305,305
104761,-0.160,-0.000,-0.001,0.000,0.568,-0.354,-0.594,-0.446,-0.200,0.003,-0.044,0.128,2337,0,18,-18,35,16.060,305,305
104861,-0.190,-0.000,-0.001,0.001,0.567,-0.356,-0.593,-0.447,-0.200,0.003,-0.043,0.127,2361,0,19,-19,35,16.060,305,305
104961,-0.200,-0.001,-0.003,0.002,0.566,-0.360,-0.593,-0.444,-0.200,0.003,-0.036,0.118,2190,0,17,-17,35,16.060,305,305
105061,0.080,-0.002,-0.003,0.003,0.565,-0.370,-0.593,-0.439,-0.200,0.003,-0.023,0.104,1953,0,14,-14,34,16.060,305,305
105161,0.200,-0.003,-0.000,0.001,0.560,-0.381,-0.592,-0.436,-0.200,0.003,-0.008,0.090,1801,0,11,-12,34,16.060,305,305
105261,0.140,-0.003,-0.000,0.001,0.559,-0.388,-0.587,-0.439,-0.200,0.002,-0.010,0.082,1764,0,13,-13,35,16.060,305,305
105361,0.090,0.001,-0.000,0.002,0.561,-0.391,-0.585,-0.436,-0.200,0.001,-0.009,0.070,1583,0,13,-13,35,16.060,305,305
105461,0.180,0.003,-0.002,0.001,0.563,-0.394,-0.587,-0.427,-0.200,0.001,0.000,0.058,1443,0,10,-10,34,16.070,305,305
105561,0.090,0.003,0.003,0.000,0.568,-0.390,-0.589,-0.422,-0.200,0.001,-0.002,0.054,1479,0,12,-12,34,16.070,305,305
105661,0.190,0.003,-0.002,0.000,0.573,-0.385,-0.592,-0.416,-0.200,0.001,-0.002,0.052,1510,0,11,-11,34,16.070,305,305
105761,0.130,0.000,-0.001,0.003,0.574,-0.385,-0.597,-0.407,-0.200,0.001,0.010,0.043,1276,0,8,-8,35,16.070,305,305
105861,-0.140,-0.002,0.002,0.003,0.574,-0.393,-0.594,-0.405,-0.200,0.001,0.012,0.029,923,0,9,-9,35,16.070,305,305
105961,-0.140,-0.004,0.001,0.003,0.578,-0.398,-0.583,-0.409,-0.200,0.000,-0.003,0.017,547,0,13,-13,34,16.070,305,305
106061,0.140,-0.007,-0.008,-0.001,0.565,-0.416,-0.583,-0.409,-0.200,0.000,0.026,0.008,402,0,2,-2,34,16.070,305,305
106161,0.830,-0.009,-0.008,-0.001,0.540,-0.435,-0.590,-0.413,-0.200,0.001,0.076,0.018,1192,0,-10,10,34,16.070,305,305
106261,0.410,-0.013,-0.008,-0.000,0.514,-0.462,-0.585,-0.425,-0.200,0.001,0.110,0.023,1299,0,-17,16,35,16.060,305,305
106361,-0.440,-0.008,-0.008,-0.006,0.483,-0.482,-0.586,-0.437,-0.200,0.004,0.152,0.046,2002,0,-27,26,35,16.060,305,305
106461,-0.870,0.003,0.001,-0.000,0.464,-0.487,-0.593,-0.442,-0.200,0.009,0.179,0.072,2806,0,-31,31,34,16.060,305,305
106561,-1.270,0.008,0.010,0.005,0.482,-0.478,-0.588,-0.440,-0.200,0.006,0.149,0.056,3121,2240,-21,21,34,16.060,305,305
106661,-0.570,0.002,0.005,0.006,0.513,-0.467,-0.572,-0.438,-0.200,0.001,0.091,0.021,3234,3331,-9,9,35,16.070,305,305
106761,-0.630,-0.002,0.000,-0.002,0.512,-0.471,-0.568,-0.439,-0.200,0.001,0.090,0.016,3635,3464,-14,14,35,16.070,305,305
106861,-0.920,0.000,-0.004,-0.002,0.502,-0.473,-0.574,-0.441,-0.200,0.002,0.108,0.031,4047,3472,-21,21,35,16.070,305,305
106961,-0.480,-0.000,0.002,0.000,0.498,-0.476,-0.577,-0.439,-0.200,0.002,0.118,0.033,4254,3746,-23,23,35,16.070,305,305
107061,-0.020,-0.000,0.004,0.001,0.505,-0.473,-0.569,-0.445,-0.200,0.002,0.094,0.029,4187,3807,-16,16,35,16.070,305,305
107161,-0.180,-0.002,0.007,-0.002,0.510,-0.469,-0.559,-0.455,-0.200,0.001,0.062,0.031,4252,3777,-9,9,35,16.060,305,305
107261,-0.850,-0.002,0.008,0.001,0.516,-0.462,-0.547,-0.471,-0.200,0.001,0.025,0.038,4506,3972,-1,1,35,16.060,305,305
107361,-0.220,-0.001,0.007,0.003,0.525,-0.461,-0.531,-0.480,-0.200,0.000,-0.012,0.025,4451,4233,6,-6,35,16.060,305,305
107461,0.480,0.002,0.005,0.000,0.537,-0.456,-0.516,-0.487,-0.200,-0.000,-0.051,0.014,4114,4008,14,-14,35,16.060,305,305
107561,0.800,0.004,0.003,-0.003,0.545,-0.446,-0.513,-0.491,-0.200,-0.001,-0.076,0.018,3567,3086,19,-19,35,16.060,305,305
107661,0.920,0.003,0.004,-0.003,0.547,-0.431,-0.516,-0.497,-0.200,-0.001,-0.094,0.041,3090,1769,22,-22,35,16.070,305,305
107761,1.630,0.002,-0.008,-0.000,0.544,-0.427,-0.527,-0.494,-0.200,-0.001,-0.079,0.056,1915,0,15,-15,35,16.070,305,305
107861,1.160,-0.000,-0.003,0.001,0.535,-0.439,-0.534,-0.486,-0.200,0.000,-0.044,0.049,1572,0,8,-8,35,16.070,305,305
107961,0.120,-0.003,0.001,-0.000,0.532,-0.444,-0.532,-0.487,-0.200,-0.000,-0.039,0.045,1488,0,10,-10,35,16.090,305,305
108061,-0.090,-0.004,-0.001,0.000,0.528,-0.448,-0.527,-0.492,-0.200,0.000,-0.043,0.045,1504,0,12,-12,35,16.090,305,305
108161,0.020,-0.002,-0.003,-0.002,0.523,-0.451,-0.526,-0.496,-0.200,0.000,-0.040,0.051,1681,0,11,-11,35,16.060,305,305
108261,0.380,-0.003,0.002,-0.001,0.515,-0.455,-0.526,-0.501,-0.200,0.001,-0.032,0.059,1804,0,10,-10,35,16.060,305,305
108361,0.360,-0.003,0.002,-0.004,0.513,-0.451,-0.519,-0.515,-0.200,0.001,-0.056,0.072,2058,0,17,-18,35,16.060,305,305
108461,0.290,-0.001,-0.003,-0.002,0.503,-0.453,-0.523,-0.520,-0.200,0.002,-0.044,0.088,2225,0,12,-13,34,16.070,305,305
108561,-0.620,-0.003,-0.002,-0.002,0.489,-0.461,-0.525,-0.522,-0.200,0.004,-0.024,0.097,2443,0,8,-8,34,16.070,305,305
108661,-0.020,-0.002,-0.002,-0.000,0.489,-0.462,-0.523,-0.523,-0.200,0.003,-0.026,0.095,2446,0,10,-10,35,16.070,305,305
108761,-0.160,-0.003,-0.005,0.001,0.476,-0.473,-0.527,-0.522,-0.200,0.005,0.003,0.101,2318,0,2,-2,35,16.070,305,305
108861,-0.250,0.002,0.000,0.004,0.480,-0.480,-0.525,-0.513,-0.200,0.003,0.012,0.077,1817,0,2,-2,35,16.070,305,305
108961,-0.390,0.003,-0.000,0.003,0.489,-0.482,-0.520,-0.508,-0.200,0.002,0.005,0.058,1687,0,5,-5,35,16.050,305,305
109061,0.090,0.001,-0.005,0.006,0.494,-0.490,-0.519,-0.497,-0.200,0.001,0.018,0.032,831,703,0,0,35,16.050,305,305
109161,-0.250,0.001,-0.000,0.001,0.493,-0.500,-0.523,-0.482,-0.200,0.000,0.049,0.012,910,1284,-7,7,35,16.070,305,305
109261,0.130,0.001,0.002,-0.002,0.499,-0.493,-0.524,-0.483,-0.200,0.000,0.034,0.014,848,0,-1,1,35,16.070,305,305
109361,0.030,0.003,0.000,-0.000,0.503,-0.486,-0.524,-0.486,-0.200,0.000,0.021,0.021,1182,0,1,-1,35,16.070,305,305
109461,-0.160,0.002,0.006,0.002,0.509,-0.482,-0.522,-0.486,-0.200,0.000,0.010,0.017,1004,0,4,-4,35,16.060,305,305
109561,-0.500,0.006,0.001,0.002,0.522,-0.476,-0.518,-0.482,-0.200,0.000,-0.011,0.002,645,790,8,-8,35,16.060,305,305
109661,0.010,0.009,-0.004,0.001,0.534,-0.466,-0.529,-0.467,-0.200,-0.000,-0.006,-0.003,549,717,5,-4,35,16.060,305,305
109761,0.690,0.004,-0.007,-0.001,0.533,-0.465,-0.545,-0.449,-0.200,-0.000,0.030,-0.003,526,0,-6,5,35,16.060,305,305
109861,0.160,0.001,0.001,0.001,0.530,-0.467,-0.552,-0.444,-0.200,-0.000,0.046,-0.005,278,0,-7,7,35,16.060,305,305
109961,0.110,-0.001,0.000,0.002,0.533,-0.470,-0.548,-0.442,-0.200,-0.000,0.042,-0.016,0,840,-5,5,35,16.060,305,305
110061,0.000,-0.004,-0.001,0.000,0.530,-0.476,-0.543,-0.444,-0.200,-0.000,0.043,-0.022,0,912,-6,6,35,16.060,305,305
110161,0.240,-0.004,-0.001,-0.001,0.523,-0.482,-0.541,-0.449,-0.200,-0.000,0.049,-0.018,0,467,-8,8,35,16.060,305,305
110261,-0.060,-0.004,0.002,-0.002,0.517,-0.483,-0.537,-0.458,-0.200,-0.000,0.044,-0.007,809,0,-6,6,35,16.060,305,305
110361,0.000,-0.004,0.001,-0.003,0.510,-0.484,-0.536,-0.466,-0.200,0.000,0.044,0.006,1212,0,-7,7,35,16.060,305,305
110461,-0.110,-0.003,-0.000,-0.003,0.503,-0.484,-0.536,-0.475,-0.200,0.001,0.043,0.023,1566,0,-7,7,35,16.070,305,305
110561,-0.040,-0.003,0.000,-0.000,0.499,-0.485,-0.532,-0.483,-0.200,0.001,0.036,0.030,1502,0,-6,5,35,16.070,305,305
110661,-0.120,-0.001,0.001,0.000,0.499,-0.486,-0.526,-0.488,-0.200,0.001,0.025,0.030,1371,0,-4,3,35,16.050,305,305
110761,0.030,0.000,-0.000,0.000,0.498,-0.488,-0.527,-0.486,-0.200,0.001,0.031,0.027,1240,0,-6,6,35,16.050,305,305
110861,-0.180,-0.000,-0.002,0.000,0.496,-0.490,-0.527,-0.485,-0.200,0.001,0.037,0.025,1181,0,-8,8,35,16.050,305,305
110961,0.060,0.001,0.001,-0.000,0.496,-0.490,-0.529,-0.484,-0.200,0.001,0.039,0.025,1211,0,-8,8,35,16.060,305,305
111061,0.120,0.000,0.000,0.001,0.499,-0.489,-0.528,-0.482,-0.200,0.001,0.036,0.020,1013,0,-8,7,35,16.060,305,305
111161,0.010,-0.001,0.001,-0.001,0.500,-0.489,-0.527,-0.483,-0.200,0.001,0.033,0.019,1086,0,-7,7,35,16.060,305,305
111261,-0.150,-0.001,-0.001,0.000,0.498,-0.491,-0.526,-0.484,-0.200,0.001,0.035,0.021,1155,0,-9,8,35,16.040,305,305
111361,0.090,-0.002,-0.001,0.000,0.493,-0.496,-0.526,-0.484,-0.200,0.001,0.046,0.020,1136,0,-12,12,35,16.040,305,305
111461,0.000,-0.002,0.000,0.001,0.492,-0.498,-0.522,-0.487,-0.200,0.001,0.041,0.019,1065,0,-10,10,35,16.050,305,305
111561,-0.060,-0.001,0.001,-0.001,0.492,-0.499,-0.519,-0.490,-0.200,0.000,0.037,0.017,1062,0,-9,9,35,16.050,305,305
111661,-0.010,-0.001,-0.001,-0.000,0.488,-0.501,-0.520,-0.491,-0.200,0.001,0.042,0.021,1218,0,-12,11,35,16.050,305,305
111761,0.230,-0.003,-0.001,-0.000,0.484,-0.504,-0.518,-0.493,-0.200,0.001,0.045,0.022,1225,0,-13,12,35,16.060,305,305
111861,0.140,-0.003,-0.001,0.000,0.480,-0.509,-0.515,-0.495,-0.200,0.000,0.049,0.021,1148,0,-14,13,35,16.060,305,305
111961,-0.010,-0.001,0.001,0.001,0.477,-0.514,-0.510,-0.497,-0.200,0.000,0.049,0.016,922,0,-14,14,35,16.070,305,305
112061,0.000,-0.001,0.000,0.001,0.476,-0.518,-0.507,-0.498,-0.200,0.000,0.051,0.012,833,0,-15,14,35,16.070,305,305
112161,-0.080,-0.001,-0.000,0.000,0.476,-0.521,-0.504,-0.499,-0.200,0.000,0.049,0.007,709,0,-15,15,35,16.070,305,305
112261,0.080,0.000,-0.001,0.001,0.476,-0.522,-0.503,-0.498,-0.200,0.000,0.052,0.005,705,0,-16,16,35,16.070,305,305
112361,-0.010,0.000,-0.000,0.000,0.476,-0.522,-0.503,-0.497,-0.200,0.000,0.051,0.004,701,0,-16,16,35,16.070,305,305
112461,0.080,-0.001,0.001,0.001,0.477,-0.523,-0.502,-0.497,-0.200,0.000,0.051,0.000,556,0,-16,16,35,16.080,305,305
112561,0.130,0.000,0.000,0.001,0.478,-0.525,-0.501,-0.495,-0.200,-0.000,0.052,-0.006,0,380,-17,17,35,16.080,305,305
112661,-0.030,0.001,0.001,0.001,0.483,-0.524,-0.498,-0.495,-0.200,-0.000,0.045,-0.013,0,690,-15,15,35,16.070,305,305
112761,-0.120,-0.000,-0.000,0.000,0.486,-0.523,-0.496,-0.494,-0.200,-0.001,0.040,-0.019,0,809,-15,15,35,16.070,305,305
112861,0.070,0.001,-0.001,-0.000,0.486,-0.524,-0.497,-0.493,-0.200,-0.001,0.043,-0.019,0,667,-17,17,35,16.060,305,305
112961,0.050,0.000,0.000,-0.000,0.485,-0.523,-0.498,-0.492,-0.200,-0.001,0.044,-0.018,0,504,-17,17,35,16.060,305,305
113061,-0.070,0.000,0.000,0.001,0.485,-0.524,-0.499,-0.492,-0.200,-0.001,0.046,-0.018,0,573,-18,18,35,16.060,305,305
113161,0.000,0.001,-0.002,0.000,0.485,-0.524,-0.501,-0.489,-0.200,-0.001,0.051,-0.019,0,658,-20,20,35,16.070,305,305
113261,0.000,0.001,-0.001,-0.000,0.485,-0.524,-0.503,-0.487,-0.200,-0.001,0.056,-0.018,0,566,-21,21,35,16.070,305,305
113361,0.000,0.001,-0.002,0.000,0.485,-0.525,-0.505,-0.483,-0.200,-0.001,0.062,-0.021,0,765,-23,23,35,16.070,305,305
113461,0.100,0.001,-0.001,-0.000,0.485,-0.525,-0.509,-0.480,-0.200,-0.001,0.069,-0.021,0,689,-25,25,35,16.070,305,305
113561,0.060,0.001,-0.000,0.000,0.485,-0.525,-0.512,-0.476,-0.200,-0.001,0.076,-0.022,0,810,-27,27,35,16.070,305,305
113661,0.120,0.001,-0.000,0.001,0.487,-0.525,-0.513,-0.473,-0.200,-0.001,0.077,-0.027,0,1016,-28,28,35,16.070,305,305
113761,0.070,0.001,-0.001,0.000,0.489,-0.523,-0.514,-0.472,-0.200,-0.001,0.076,-0.026,0,928,-28,28,35,16.070,305,305
113861,0.000,-0.000,0.002,-0.000,0.492,-0.523,-0.513,-0.471,-0.200,-0.001,0.073,-0.031,0,1086,-27,27,35,16.070,305,305
113961,-0.060,0.001,-0.002,-0.002,0.491,-0.520,-0.516,-0.471,-0.200,-0.001,0.074,-0.024,0,682,-29,29,35,16.070,305,305
114061,0.120,0.003,-0.001,0.001,0.491,-0.520,-0.521,-0.466,-0.200,-0.001,0.083,-0.025,0,897,-32,32,35,16.060,305,305
114161,0.100,0.001,0.000,0.000,0.495,-0.518,-0.522,-0.463,-0.200,-0.001,0.082,-0.030,0,1094,-32,32,35,16.060,305,305
114261,0.000,0.001,0.001,-0.001,0.496,-0.514,-0.523,-0.464,-0.200,-0.001,0.077,-0.025,0,807,-31,31,35,16.060,305,305
114361,0.160,0.001,0.002,-0.001,0.499,-0.512,-0.523,-0.465,-0.200,-0.001,0.071,-0.024,0,856,-30,30,35,16.070,305,305
114461,-0.070,0.002,-0.002,0.000,0.499,-0.508,-0.526,-0.465,-0.200,-0.000,0.070,-0.018,0,594,-32,32,35,16.070,305,305
114561,0.090,-0.001,-0.001,0.002,0.500,-0.511,-0.526,-0.460,-0.200,-0.001,0.077,-0.028,0,1168,-34,34,35,16.060,305,305
114661,0.160,-0.007,-0.007,0.001,0.488,-0.526,-0.525,-0.458,-0.200,-0.001,0.105,-0.032,0,1245,-43,43,35,16.060,305,305
114761,-0.200,-0.004,-0.003,0.002,0.474,-0.543,-0.523,-0.455,-0.200,-0.003,0.137,-0.038,0,1427,-50,50,35,16.050,305,305
114861,-0.350,-0.004,-0.007,-0.004,0.458,-0.553,-0.526,-0.456,-0.200,-0.003,0.165,-0.027,0,861,-58,58,35,16.050,305,305
114961,-0.230,-0.005,-0.007,-0.003,0.436,-0.562,-0.535,-0.456,-0.200,-0.000,0.209,-0.001,1242,0,-69,69,35,16.060,305,305
115061,0.110,-0.004,-0.005,0.000,0.421,-0.574,-0.537,-0.453,-0.200,0.000,0.236,0.003,875,0,-76,75,35,16.060,305,305
115161,0.230,-0.005,-0.006,-0.004,0.402,-0.583,-0.542,-0.453,-0.200,0.003,0.269,0.022,1448,0,-85,85,35,16.060,305,305
115261,0.110,-0.003,0.001,-0.001,0.389,-0.585,-0.544,-0.459,-0.200,0.005,0.279,0.044,1771,0,-87,86,35,16.070,305,305
115361,0.290,-0.001,0.002,-0.001,0.391,-0.583,-0.540,-0.464,-0.200,0.005,0.267,0.044,1532,0,-85,85,35,16.070,305,305
115461,-0.060,-0.000,0.004,-0.003,0.392,-0.575,-0.540,-0.473,-0.200,0.006,0.248,0.059,1850,0,-82,82,35,16.070,305,305
115561,-0.120,0.001,0.004,0.002,0.396,-0.570,-0.537,-0.479,-0.200,0.005,0.230,0.063,1860,0,-81,81,35,16.070,305,305
115661,-0.090,-0.004,-0.006,-0.002,0.392,-0.573,-0.536,-0.480,-0.200,0.006,0.233,0.064,1768,0,-87,86,35,16.060,305,305
115761,0.110,-0.002,-0.002,-0.003,0.379,-0.577,-0.540,-0.481,-0.200,0.007,0.252,0.081,2118,0,-93,93,35,16.060,305,305
115861,0.120,-0.002,0.001,-0.000,0.376,-0.577,-0.541,-0.483,-0.200,0.008,0.252,0.088,2104,0,-94,94,35,16.050,305,305
115961,0.110,0.000,-0.000,0.002,0.376,-0.579,-0.537,-0.484,-0.200,0.007,0.249,0.084,1957,0,-95,95,35,16.050,305,305
116061,0.010,0.001,-0.002,-0.000,0.375,-0.580,-0.540,-0.482,-0.200,0.008,0.256,0.086,2003,0,-100,100,35,16.050,305,305
116161,0.070,-0.001,-0.003,-0.002,0.368,-0.582,-0.544,-0.479,-0.200,0.009,0.272,0.093,2152,0,-107,106,35,16.060,305,305
116261,0.210,-0.000,-0.001,-0.000,0.364,-0.583,-0.548,-0.477,-0.200,0.010,0.283,0.099,2185,0,-111,110,35,16.060,305,305
116361,0.150,-0.004,-0.001,-0.001,0.359,-0.585,-0.547,-0.479,-0.200,0.010,0.287,0.104,2245,0,-114,113,35,16.060,305,305
116461,-0.050,-0.001,0.001,0.000,0.356,-0.586,-0.544,-0.484,-0.200,0.010,0.283,0.109,2272,0,-114,114,35,16.060,305,305
116561,0.160,0.001,0.003,0.002,0.361,-0.587,-0.538,-0.485,-0.200,0.009,0.272,0.097,1991,0,-114,113,35,16.060,305,305
116661,-0.550,0.004,0.002,0.000,0.369,-0.584,-0.536,-0.484,-0.200,0.008,0.261,0.088,1946,0,-114,114,35,16.060,305,305
116761,-0.280,0.001,-0.001,0.004,0.377,-0.588,-0.532,-0.479,-0.200,0.007,0.260,0.065,1520,0,-117,117,35,16.050,305,305
116861,0.290,0.001,-0.002,0.001,0.384,-0.587,-0.532,-0.474,-0.200,0.006,0.258,0.052,1278,0,-119,119,35,16.050,305,305
116961,0.170,0.000,-0.001,-0.001,0.386,-0.586,-0.533,-0.473,-0.200,0.006,0.257,0.052,1510,0,-121,121,35,16.050,305,305
117061,0.070,-0.001,-0.000,0.001,0.385,-0.587,-0.534,-0.473,-0.200,0.006,0.260,0.053,1565,0,-124,124,35,16.060,305,305
117161,0.040,0.002,-0.001,0.001,0.389,-0.587,-0.533,-0.469,-0.200,0.005,0.259,0.043,1324,0,-126,126,35,16.060,305,305
117261,-0.030,-0.001,-0.001,0.002,0.390,-0.589,-0.531,-0.467,-0.200,0.004,0.262,0.036,1149,0,-130,129,35,16.060,305,305
117361,0.100,0.004,0.001,0.003,0.397,-0.590,-0.530,-0.462,-0.200,0.003,0.260,0.021,639,0,-131,131,35,16.060,305,305
117461,0.340,0.001,0.001,0.002,0.405,-0.591,-0.527,-0.457,-0.200,0.000,0.256,0.003,0,671,-132,132,35,16.050,305,305
117561,0.250,0.001,0.001,-0.001,0.406,-0.591,-0.526,-0.457,-0.200,0.000,0.254,0.002,485,0,-135,134,35,16.050,305,305
117661,0.220,0.001,-0.002,-0.004,0.403,-0.588,-0.533,-0.456,-0.200,0.002,0.262,0.013,1204,0,-139,139,35,16.060,305,305
117761,-0.220,0.001,-0.004,-0.003,0.396,-0.583,-0.545,-0.453,-0.200,0.004,0.277,0.031,1654,0,-146,146,35,16.060,305,305
117861,0.250,0.003,-0.001,0.000,0.396,-0.581,-0.550,-0.450,-0.200,0.004,0.285,0.034,1497,0,-149,149,35,16.060,305,305
117961,0.050,0.003,-0.002,0.001,0.401,-0.578,-0.556,-0.442,-0.200,0.004,0.290,0.027,1139,0,-153,153,35,16.060,305,305
118061,0.090,0.001,-0.002,-0.000,0.403,-0.578,-0.559,-0.437,-0.200,0.003,0.296,0.021,1043,0,-156,156,35,16.070,305,305
118161,0.100,0.001,-0.001,-0.000,0.402,-0.579,-0.561,-0.433,-0.200,0.003,0.305,0.021,1098,0,-161,161,35,16.070,305,305
118261,0.030,-0.000,0.003,0.002,0.403,-0.578,-0.560,-0.436,-0.200,0.003,0.298,0.021,1103,0,-159,159,35,16.070,305,305
118361,-0.040,-0.000,0.001,0.000,0.407,-0.578,-0.557,-0.436,-0.200,0.002,0.291,0.014,881,0,-158,157,35,16.070,305,305
118461,0.020,-0.000,-0.000,0.001,0.407,-0.579,-0.556,-0.435,-0.200,0.002,0.293,0.011,851,0,-159,159,35,16.070,305,305
118561,0.020,0.000,-0.000,0.001,0.409,-0.580,-0.555,-0.433,-0.200,0.001,0.293,0.007,683,0,-159,159,35,16.070,305,305
118661,-0.030,-0.002,-0.003,0.001,0.409,-0.583,-0.553,-0.431,-0.200,-0.000,0.296,-0.000,236,0,-160,160,35,16.070,305,305
118761,-0.050,-0.002,-0.004,-0.003,0.398,-0.589,-0.556,-0.430,-0.200,0.002,0.316,0.010,1148,0,-165,165,35,16.070,305,305
118861,0.120,-0.001,-0.002,-0.001,0.389,-0.588,-0.562,-0.432,-0.200,0.004,0.328,0.027,1545,0,-167,167,35,16.060,305,305
118961,-0.080,-0.001,0.000,0.001,0.393,-0.588,-0.559,-0.433,-0.200,0.003,0.320,0.021,1192,0,-164,163,35,16.060,305,305
119061,-0.020,-0.002,-0.002,0.003,0.391,-0.594,-0.555,-0.431,-0.200,0.002,0.327,0.014,854,0,-166,166,35,16.060,305,305
119161,0.360,-0.003,-0.005,-0.003,0.383,-0.599,-0.555,-0.431,-0.200,0.003,0.341,0.020,1260,0,-170,170,35,16.050,305,305
119261,0.040,-0.002,-0.001,-0.000,0.372,-0.603,-0.558,-0.432,-0.200,0.006,0.355,0.034,1555,0,-172,172,35,16.050,305,305
119361,0.300,0.001,0.001,0.001,0.368,-0.603,-0.558,-0.435,-0.200,0.006,0.357,0.040,1593,0,-171,171,35,16.050,305,305
119461,0.150,0.002,0.003,0.003,0.381,-0.600,-0.553,-0.434,-0.200,0.004,0.337,0.023,905,0,-166,166,35,16.050,305,305
119561,0.110,-0.001,0.001,0.001,0.389,-0.600,-0.547,-0.435,-0.200,0.002,0.324,0.010,436,0,-164,163,35,16.060,305,305
119661,0.070,0.003,0.000,0.000,0.389,-0.601,-0.547,-0.434,-0.200,0.001,0.326,0.008,686,0,-165,165,35,16.060,305,305
119761,0.270,0.004,0.001,-0.002,0.392,-0.596,-0.553,-0.430,-0.200,0.001,0.327,0.008,841,0,-165,165,35,16.060,305,305
119861,-0.080,0.001,0.001,-0.001,0.395,-0.591,-0.557,-0.430,-0.200,0.002,0.323,0.013,1084,0,-164,164,35,16.060,305,305
119961,-0.160,0.002,0.003,0.001,0.395,-0.589,-0.557,-0.432,-0.200,0.002,0.318,0.015,1085,0,-163,163,35,16.060,305,305
120061,-0.080,0.001,0.001,0.002,0.405,-0.587,-0.553,-0.432,-0.200,0.000,0.303,0.002,216,0,-159,159,35,16.060,305,305
120161,0.020,0.001,0.002,0.001,0.411,-0.585,-0.551,-0.431,-0.200,-0.001,0.294,-0.006,0,520,-158,157,35,16.080,305,305
120261,0.220,0.001,0.001,-0.000,0.416,-0.583,-0.549,-0.431,-0.200,-0.002,0.286,-0.012,0,664,-156,156,35,16.080,305,305
120361,0.050,0.001,0.002,-0.004,0.419,-0.576,-0.551,-0.434,-0.200,-0.001,0.275,-0.005,715,0,-154,154,34,16.070,305,305
120461,0.070,0.002,0.004,-0.003,0.417,-0.565,-0.557,-0.443,-0.200,0.003,0.261,0.022,1609,0,-151,150,34,16.070,305,305
120561,-0.020,0.001,0.001,0.003,0.425,-0.560,-0.554,-0.445,-0.200,0.002,0.243,0.016,1061,0,-147,147,35,16.070,305,305
120661,0.140,0.001,0.002,0.000,0.430,-0.558,-0.552,-0.446,-0.200,0.001,0.233,0.012,938,0,-146,145,35,16.070,305,305
120761,0.000,0.000,0.002,-0.001,0.435,-0.555,-0.550,-0.448,-0.200,0.001,0.223,0.010,912,0,-144,143,34,16.070,305,305
120861,0.000,0.000,-0.000,-0.001,0.435,-0.552,-0.552,-0.450,-0.200,0.002,0.219,0.016,1185,0,-143,143,34,16.070,305,305
120961,0.000,0.000,0.001,0.000,0.434,-0.550,-0.553,-0.451,-0.200,0.002,0.218,0.021,1267,0,-143,143,35,16.070,305,305
121061,0.240,0.000,0.002,0.000,0.437,-0.547,-0.553,-0.452,-0.200,0.002,0.211,0.021,1180,0,-142,141,35,16.070,305,305
121161,-0.180,0.001,0.004,0.003,0.442,-0.546,-0.549,-0.454,-0.200,0.002,0.199,0.016,943,0,-138,138,35,16.060,305,305
121261,-0.070,-0.000,0.000,0.005,0.453,-0.549,-0.538,-0.452,-0.200,-0.001,0.182,-0.011,0,1295,-135,135,35,16.060,305,305
121361,0.140,-0.001,-0.002,-0.000,0.454,-0.552,-0.537,-0.449,-0.200,-0.002,0.185,-0.018,0,981,-138,138,35,16.050,305,305
121461,0.010,-0.001,-0.002,-0.001,0.449,-0.552,-0.541,-0.449,-0.200,-0.001,0.195,-0.011,239,0,-140,140,35,16.050,305,305
121561,-0.140,-0.000,-0.001,-0.001,0.445,-0.552,-0.544,-0.449,-0.200,-0.000,0.202,-0.003,833,0,-141,141,35,16.040,305,305
121661,0.050,0.001,-0.001,-0.001,0.443,-0.550,-0.548,-0.448,-0.200,0.000,0.207,0.003,981,0,-142,142,35,16.040,305,305
121761,-0.260,0.001,0.001,0.000,0.444,-0.549,-0.548,-0.448,-0.200,0.000,0.205,0.003,887,0,-141,141,35,16.060,305,305
121861,-0.310,0.001,0.001,0.000,0.447,-0.549,-0.546,-0.447,-0.200,-0.000,0.201,-0.002,1057,850,-140,140,35,16.060,305,305
121961,-0.250,0.001,-0.001,0.000,0.447,-0.550,-0.548,-0.444,-0.200,-0.001,0.208,-0.005,1100,1017,-142,142,35,16.070,305,305
122061,-0.210,0.001,-0.003,0.000,0.443,-0.553,-0.552,-0.439,-0.200,-0.001,0.223,-0.006,1159,1092,-146,146,35,16.070,305,305
122161,0.090,0.001,-0.002,0.001,0.442,-0.555,-0.557,-0.432,-0.200,-0.001,0.238,-0.010,410,753,-149,149,35,16.060,305,305
122261,0.010,0.002,-0.001,0.001,0.443,-0.556,-0.559,-0.426,-0.200,-0.002,0.245,-0.016,0,757,-150,150,35,16.070,305,305
122361,-0.040,0.003,-0.001,0.000,0.448,-0.553,-0.561,-0.422,-0.200,-0.002,0.244,-0.022,0,903,-149,149,35,16.070,305,305
122461,0.020,0.001,0.001,0.001,0.452,-0.552,-0.562,-0.419,-0.200,-0.003,0.242,-0.029,0,1087,-148,148,35,16.060,305,305
122561,0.070,0.002,-0.002,-0.000,0.453,-0.552,-0.564,-0.414,-0.200,-0.003,0.248,-0.032,0,1095,-150,150,35,16.060,305,305
122661,0.170,0.003,-0.002,-0.001,0.453,-0.550,-0.570,-0.410,-0.200,-0.003,0.256,-0.031,0,972,-152,152,35,16.060,305,305
122761,0.360,0.002,-0.000,-0.001,0.454,-0.547,-0.574,-0.405,-0.200,-0.004,0.261,-0.032,0,989,-153,153,35,16.060,305,305
122861,0.170,0.002,-0.003,0.001,0.456,-0.547,-0.578,-0.399,-0.200,-0.004,0.268,-0.036,0,1206,-155,155,35,16.070,305,305
122961,0.270,0.001,-0.000,0.002,0.456,-0.550,-0.580,-0.392,-0.200,-0.006,0.280,-0.046,0,1456,-157,157,35,16.070,305,305
123061,0.270,-0.001,0.001,0.002,0.458,-0.553,-0.575,-0.391,-0.200,-0.006,0.278,-0.058,0,1674,-155,155,35,16.060,305,305
123161,0.080,-0.001,-0.002,-0.000,0.455,-0.557,-0.574,-0.390,-0.200,-0.007,0.283,-0.058,0,1559,-157,157,35,16.060,305,305
123261,0.020,0.000,-0.001,0.000,0.455,-0.557,-0.575,-0.390,-0.200,-0.007,0.285,-0.057,0,1507,-157,157,35,16.070,305,305
123361,-0.070,0.000,-0.000,-0.001,0.455,-0.557,-0.575,-0.390,-0.200,-0.007,0.284,-0.057,0,1486,-157,157,35,16.070,305,305
123461,-0.030,0.001,-0.003,-0.001,0.453,-0.555,-0.580,-0.389,-0.200,-0.006,0.291,-0.052,0,1357,-159,159,35,16.070,305,305
123561,0.060,0.002,0.003,0.001,0.455,-0.552,-0.580,-0.389,-0.200,-0.006,0.286,-0.052,0,1456,-156,156,35,16.070,305,305
123661,-0.070,0.003,0.006,0.001,0.465,-0.548,-0.576,-0.390,-0.200,-0.006,0.266,-0.060,0,1693,-151,151,35,16.060,305,305
123761,0.240,0.002,0.006,-0.000,0.478,-0.538,-0.570,-0.397,-0.200,-0.005,0.229,-0.062,0,1687,-142,142,35,16.060,305,305
123861,0.250,0.002,0.004,0.003,0.490,-0.532,-0.562,-0.401,-0.200,-0.005,0.200,-0.070,0,1892,-137,137,35,16.070,305,305
123961,0.180,0.001,-0.000,0.004,0.498,-0.532,-0.557,-0.397,-0.200,-0.005,0.188,-0.089,0,2205,-137,137,35,16.070,305,305
124061,0.010,0.000,-0.004,-0.001,0.497,-0.536,-0.560,-0.390,-0.200,-0.006,0.203,-0.096,0,2192,-142,142,35,16.060,305,305
124161,0.080,0.000,-0.003,-0.001,0.489,-0.537,-0.568,-0.387,-0.200,-0.006,0.223,-0.085,0,1909,-147,147,35,16.060,305,305
124261,0.210,0.001,-0.001,0.002,0.485,-0.539,-0.572,-0.384,-0.200,-0.007,0.237,-0.083,0,1942,-149,149,35,16.050,305,305
124361,0.120,0.001,0.001,0.002,0.488,-0.540,-0.570,-0.381,-0.200,-0.007,0.234,-0.095,0,2175,-146,147,35,16.050,305,305
124461,-0.100,0.001,0.000,0.001,0.494,-0.540,-0.568,-0.377,-0.200,-0.007,0.230,-0.105,0,2300,-146,146,35,16.050,305,305
124561,-0.240,0.001,-0.006,-0.002,0.490,-0.540,-0.575,-0.372,-0.200,-0.008,0.246,-0.101,0,2138,-151,151,35,16.050,305,305
124661,0.280,0.002,-0.004,0.002,0.483,-0.542,-0.584,-0.363,-0.200,-0.009,0.272,-0.100,0,2139,-157,157,35,16.040,305,305
124761,0.320,0.003,0.000,0.002,0.486,-0.545,-0.586,-0.352,-0.200,-0.011,0.283,-0.116,0,2417,-157,157,35,16.040,305,305
124861,-0.040,-0.002,-0.001,-0.001,0.485,-0.544,-0.585,-0.355,-0.200,-0.011,0.281,-0.113,0,2244,-156,157,35,16.050,305,305
124961,-0.160,-0.003,-0.001,-0.003,0.473,-0.546,-0.591,-0.359,-0.200,-0.010,0.298,-0.092,0,1795,-161,161,35,16.050,305,305
125061,0.060,0.001,-0.005,-0.001,0.463,-0.549,-0.596,-0.359,-0.200,-0.010,0.318,-0.081,0,1730,-166,166,35,16.060,305,305
125161,0.320,0.002,-0.001,-0.000,0.462,-0.548,-0.601,-0.354,-0.200,-0.011,0.327,-0.081,0,1852,-166,167,35,16.060,305,305
125261,0.030,0.001,0.000,0.000,0.464,-0.547,-0.602,-0.351,-0.200,-0.011,0.329,-0.084,0,1967,-166,166,35,16.080,305,305
125361,-0.120,0.001,-0.000,-0.001,0.463,-0.545,-0.604,-0.351,-0.200,-0.011,0.329,-0.080,0,1873,-166,166,35,16.080,305,305
125461,-0.070,0.000,-0.001,-0.002,0.462,-0.543,-0.607,-0.351,-0.200,-0.010,0.331,-0.074,0,1755,-166,167,35,16.080,305,305
125561,0.120,-0.000,-0.001,-0.001,0.460,-0.541,-0.610,-0.352,-0.200,-0.009,0.333,-0.067,0,1672,-167,167,35,16.080,305,305
125661,0.160,0.000,-0.001,-0.000,0.459,-0.541,-0.611,-0.351,-0.200,-0.010,0.337,-0.068,0,1769,-168,168,35,16.080,305,305
125761,0.180,0.000,-0.001,-0.000,0.457,-0.542,-0.613,-0.349,-0.200,-0.010,0.343,-0.067,0,1749,-169,169,35,16.080,305,305
125861,0.080,0.000,0.000,0.001,0.458,-0.542,-0.613,-0.348,-0.200,-0.010,0.344,-0.069,0,1834,-169,169,35,16.060,305,305
125961,0.040,0.000,-0.000,0.000,0.459,-0.543,-0.612,-0.347,-0.200,-0.010,0.342,-0.073,0,1890,-168,169,35,16.060,305,305
126061,0.080,0.000,-0.000,-0.001,0.459,-0.542,-0.612,-0.347,-0.200,-0.010,0.343,-0.071,0,1818,-168,169,35,16.060,305,305
126161,0.020,0.000,0.001,0.000,0.459,-0.542,-0.613,-0.347,-0.200,-0.010,0.343,-0.071,0,1821,-168,169,35,16.060,305,305
126261,-0.130,0.001,-0.000,0.001,0.460,-0.543,-0.613,-0.344,-0.200,-0.011,0.346,-0.076,0,1947,-169,170,35,16.070,305,305
126361,-0.170,0.001,-0.002,0.001,0.461,-0.544,-0.614,-0.339,-0.200,-0.012,0.350,-0.084,0,2072,-171,171,35,16.070,305,305
126461,0.060,0.001,-0.003,-0.000,0.459,-0.544,-0.617,-0.336,-0.200,-0.012,0.361,-0.084,0,1993,-173,174,35,16.070,305,305
126561,0.250,-0.000,-0.001,0.000,0.455,-0.545,-0.620,-0.334,-0.200,-0.013,0.370,-0.082,0,1935,-175,175,35,16.070,305,305
126661,0.150,0.000,-0.001,0.001,0.453,-0.548,-0.621,-0.330,-0.200,-0.013,0.379,-0.086,0,2024,-177,177,35,16.070,305,305
126761,0.040,0.000,-0.000,-0.001,0.453,-0.548,-0.621,-0.329,-0.200,-0.014,0.380,-0.087,0,2021,-176,176,35,16.070,305,305
126861,0.140,0.000,0.000,-0.000,0.453,-0.547,-0.622,-0.330,-0.200,-0.013,0.380,-0.084,0,1937,-176,176,35,16.070,305,305
126961,0.170,0.000,-0.001,0.000,0.453,-0.547,-0.622,-0.330,-0.200,-0.013,0.380,-0.084,0,1964,-176,176,35,16.070,305,305
127061,0.070,0.000,0.000,-0.000,0.452,-0.547,-0.624,-0.329,-0.200,-0.013,0.383,-0.083,0,1943,-177,177,35,16.070,305,305
127161,-0.100,0.001,0.001,-0.000,0.454,-0.546,-0.623,-0.328,-0.200,-0.013,0.380,-0.085,0,1978,-176,176,35,16.070,305,305
127261,-0.080,-0.000,-0.002,-0.001,0.453,-0.546,-0.625,-0.327,-0.200,-0.013,0.383,-0.084,0,1962,-177,177,35,16.070,305,305
127361,0.100,0.000,-0.001,-0.001,0.449,-0.545,-0.628,-0.326,-0.200,-0.013,0.392,-0.079,0,1848,-179,179,35,16.080,305,305
127461,-0.240,-0.001,0.000,-0.002,0.448,-0.544,-0.630,-0.327,-0.200,-0.013,0.392,-0.075,0,1799,-178,179,35,16.080,305,305
127561,0.020,0.000,-0.002,0.002,0.448,-0.545,-0.630,-0.326,-0.200,-0.013,0.394,-0.075,0,1882,-179,180,35,16.070,305,305
127661,0.010,0.001,-0.000,0.001,0.446,-0.548,-0.630,-0.321,-0.200,-0.014,0.404,-0.083,0,2029,-180,180,35,16.070,305,305
127761,0.200,-0.000,-0.002,-0.002,0.444,-0.549,-0.633,-0.319,-0.200,-0.014,0.412,-0.082,0,1940,-180,180,35,16.070,305,305
127861,0.190,0.000,-0.002,-0.002,0.439,-0.547,-0.636,-0.321,-0.200,-0.013,0.418,-0.071,0,1689,-180,180,35,16.070,305,305
127961,-0.070,0.001,0.001,-0.000,0.436,-0.546,-0.640,-0.319,-0.200,-0.013,0.425,-0.067,0,1681,-180,180,35,16.060,305,305
128061,-0.040,-0.000,-0.000,0.000,0.439,-0.545,-0.639,-0.319,-0.200,-0.013,0.421,-0.069,0,1800,-180,180,35,16.060,305,305
128161,-0.050,0.000,0.001,0.001,0.440,-0.547,-0.638,-0.317,-0.200,-0.014,0.422,-0.075,0,1941,-180,180,35,16.070,305,305
128261,0.080,0.002,0.002,0.002,0.451,-0.543,-0.633,-0.318,-0.200,-0.015,0.400,-0.087,0,2167,-178,178,35,16.070,305,305
128361,0.170,0.000,-0.001,0.000,0.456,-0.544,-0.630,-0.316,-0.200,-0.016,0.393,-0.097,0,2240,-178,178,35,16.070,305,305
128461,0.050,-0.002,-0.005,-0.003,0.450,-0.544,-0.634,-0.316,-0.200,-0.015,0.403,-0.088,0,1929,-180,180,35,16.070,305,305
128561,-0.270,-0.001,-0.005,-0.003,0.437,-0.545,-0.643,-0.315,-0.200,-0.013,0.434,-0.067,0,1518,-180,180,35,16.070,305,305
128661,-0.040,0.001,-0.001,0.001,0.429,-0.545,-0.650,-0.312,-0.200,-0.012,0.450,-0.060,0,1508,-180,180,35,16.070,305,305
128761,-0.230,-0.000,-0.002,0.001,0.429,-0.547,-0.649,-0.309,-0.200,-0.014,0.453,-0.066,0,1784,-180,180,35,16.060,305,305
128861,-0.130,-0.001,-0.005,-0.002,0.423,-0.549,-0.653,-0.305,-0.200,-0.014,0.470,-0.065,0,1712,-180,180,35,16.060,305,305
128961,0.320,-0.001,-0.005,-0.000,0.410,-0.552,-0.659,-0.304,-0.200,-0.012,0.494,-0.051,0,1396,-180,180,35,16.060,305,305
129061,0.320,-0.000,0.000,0.002,0.406,-0.556,-0.660,-0.301,-0.200,-0.012,0.506,-0.053,0,1588,-180,180,35,16.060,305,305
129161,0.250,0.001,0.000,0.002,0.410,-0.559,-0.656,-0.299,-0.200,-0.015,0.501,-0.064,0,1877,-180,180,35,16.060,305,305
129261,0.220,0.001,0.005,0.001,0.416,-0.558,-0.652,-0.300,-0.200,-0.016,0.489,-0.072,0,1973,-180,180,35,16.060,305,305
129361,-0.160,0.001,0.001,0.001,0.423,-0.555,-0.650,-0.301,-0.200,-0.016,0.475,-0.076,0,1981,-180,180,35,16.070,305,305
129461,-0.280,-0.001,-0.006,0.000,0.420,-0.558,-0.652,-0.296,-0.200,-0.018,0.487,-0.081,0,2032,-180,180,35,16.070,305,305
129561,0.170,-0.001,-0.000,-0.002,0.413,-0.559,-0.656,-0.295,-0.200,-0.016,0.501,-0.073,0,1756,-180,180,35,16.070,305,305
129661,0.190,-0.000,0.001,-0.000,0.411,-0.558,-0.658,-0.296,-0.200,-0.016,0.504,-0.068,0,1708,-180,180,35,16.070,305,305
129761,0.110,0.001,0.002,0.002,0.417,-0.557,-0.655,-0.295,-0.200,-0.017,0.495,-0.077,0,1984,-180,180,35,16.070,305,305
129861,0.060,0.000,0.001,0.001,0.422,-0.560,-0.651,-0.292,-0.200,-0.019,0.489,-0.090,0,2179,-180,180,35,16.070,305,305
129961,-0.010,0.001,-0.001,0.001,0.424,-0.560,-0.649,-0.292,-0.200,-0.020,0.486,-0.093,0,2162,-180,180,35,16.070,305,305
130061,0.010,-0.001,-0.001,-0.000,0.423,-0.562,-0.649,-0.291,-0.200,-0.020,0.487,-0.095,0,2124,-180,180,35,16.060,305,305
130161,-0.040,0.000,0.000,-0.000,0.422,-0.562,-0.649,-0.293,-0.200,-0.019,0.488,-0.092,0,2026,-180,180,35,16.060,305,305
130261,0.120,0.002,0.000,-0.000,0.423,-0.560,-0.650,-0.292,-0.200,-0.019,0.486,-0.092,0,2041,-180,180,35,16.070,305,305
130361,0.260,0.001,0.002,0.001,0.427,-0.558,-0.649,-0.292,-0.200,-0.020,0.480,-0.095,0,2116,-180,180,35,16.070,305,305
130461,0.160,0.003,0.004,0.001,0.433,-0.557,-0.646,-0.292,-0.200,-0.020,0.468,-0.103,0,2238,-180,180,35,16.050,305,305
130561,0.120,0.001,0.002,-0.001,0.442,-0.551,-0.644,-0.293,-0.200,-0.020,0.449,-0.108,0,2259,-180,180,35,16.050,305,305
130661,0.170,0.001,0.002,0.001,0.444,-0.549,-0.643,-0.297,-0.200,-0.019,0.439,-0.104,0,2171,-180,180,35,16.060,305,305
130761,0.200,0.001,0.002,0.000,0.451,-0.548,-0.639,-0.297,-0.200,-0.019,0.427,-0.113,0,2326,-180,180,35,16.060,305,305
130861,-0.130,-0.001,-0.000,-0.001,0.454,-0.545,-0.637,-0.301,-0.200,-0.018,0.416,-0.109,0,2192,-180,180,35,16.070,305,305
130961,-0.410,-0.004,-0.005,-0.002,0.444,-0.547,-0.643,-0.301,-0.200,-0.018,0.435,-0.097,0,2069,-180,180,35,16.070,305,305
131061,-0.120,-0.002,0.001,-0.001,0.432,-0.550,-0.646,-0.306,-0.200,-0.016,0.452,-0.079,0,1734,-180,180,35,16.070,305,305
131161,0.000,-0.001,0.005,-0.001,0.435,-0.547,-0.643,-0.313,-0.200,-0.014,0.435,-0.072,0,1655,-180,180,35,16.070,305,305
131261,0.110,-0.001,0.005,-0.000,0.441,-0.546,-0.633,-0.328,-0.200,-0.012,0.404,-0.066,0,1620,-178,178,35,16.070,305,305
131361,0.340,-0.002,-0.004,0.001,0.441,-0.550,-0.626,-0.333,-0.200,-0.012,0.397,-0.067,0,1746,-179,180,35,16.070,305,305
131461,0.150,0.001,0.003,-0.001,0.433,-0.557,-0.625,-0.334,-0.200,-0.011,0.411,-0.063,0,1669,-180,180,35,16.070,305,305
131561,-0.080,0.002,0.002,-0.001,0.438,-0.553,-0.623,-0.338,-0.200,-0.011,0.396,-0.063,0,1704,-178,178,35,16.070,305,305
131661,-0.120,-0.001,-0.002,-0.004,0.434,-0.549,-0.627,-0.343,-0.200,-0.008,0.397,-0.045,0,1181,-180,180,35,16.070,305,305
131761,0.170,0.002,-0.003,-0.003,0.428,-0.545,-0.634,-0.343,-0.200,-0.006,0.407,-0.031,0,887,-180,180,35,16.070,305,305
131861,0.230,0.002,-0.002,-0.003,0.425,-0.540,-0.641,-0.342,-0.200,-0.004,0.414,-0.021,0,716,-180,180,35,16.070,305,305
131961,0.130,0.002,-0.002,-0.003,0.422,-0.534,-0.649,-0.340,-0.200,-0.002,0.422,-0.009,0,193,-180,180,35,16.070,305,305
132061,0.160,0.002,-0.000,-0.002,0.421,-0.528,-0.656,-0.338,-0.200,-0.000,0.427,-0.000,429,0,-180,180,35,16.070,305,305
132161,0.160,0.001,-0.002,-0.001,0.419,-0.524,-0.660,-0.338,-0.200,0.001,0.430,0.006,507,0,-180,180,35,16.080,305,305
132261,0.100,0.000,-0.001,0.000,0.418,-0.525,-0.661,-0.335,-0.200,0.001,0.437,0.005,0,404,-180,180,35,16.080,305,305
132361,-0.010,-0.000,-0.001,0.001,0.416,-0.527,-0.661,-0.335,-0.200,0.001,0.440,0.003,0,629,-180,180,35,16.060,305,305
132461,-0.060,0.000,-0.001,0.001,0.415,-0.529,-0.660,-0.334,-0.200,0.000,0.444,0.001,0,765,-180,180,35,16.060,305,305
132561,0.010,-0.001,-0.001,-0.000,0.414,-0.531,-0.659,-0.333,-0.200,-0.000,0.446,-0.001,0,768,-180,180,35,16.070,305,305
132661,0.120,-0.001,-0.001,-0.001,0.411,-0.532,-0.661,-0.333,-0.200,0.001,0.452,0.004,0,330,-180,180,35,16.070,305,305
132761,0.160,-0.001,-0.001,-0.000,0.407,-0.532,-0.663,-0.334,-0.200,0.002,0.458,0.009,451,0,-180,180,35,16.070,305,305
132861,0.140,-0.001,-0.001,-0.000,0.404,-0.534,-0.663,-0.335,-0.200,0.003,0.462,0.012,489,0,-180,180,35,16.070,305,305
132961,0.180,-0.001,0.001,0.000,0.403,-0.536,-0.661,-0.336,-0.200,0.003,0.461,0.013,404,0,-180,180,35,16.070,305,305
133061,0.000,-0.000,0.001,0.000,0.404,-0.536,-0.660,-0.339,-0.200,0.004,0.456,0.015,526,0,-180,180,35,16.070,305,305
133161,-0.080,0.000,-0.001,0.000,0.405,-0.535,-0.659,-0.340,-0.200,0.003,0.452,0.013,272,0,-180,180,35,16.070,305,305
133261,0.080,-0.000,-0.001,-0.000,0.405,-0.536,-0.659,-0.339,-0.200,0.003,0.454,0.013,281,0,-180,180,35,16.080,305,305
133361,0.070,-0.000,0.000,0.000,0.405,-0.535,-0.659,-0.340,-0.200,0.003,0.453,0.014,395,0,-180,180,35,16.080,305,305
133461,-0.070,-0.000,0.000,-0.001,0.405,-0.535,-0.659,-0.340,-0.200,0.004,0.453,0.015,531,0,-180,180,35,16.070,305,305
133561,0.030,0.000,-0.001,0.001,0.403,-0.536,-0.660,-0.340,-0.200,0.004,0.456,0.016,543,0,-180,180,35,16.070,305,305
133661,0.040,-0.001,-0.000,0.000,0.403,-0.537,-0.659,-0.340,-0.200,0.004,0.457,0.015,510,0,-180,180,35,16.060,305,305
133761,0.060,-0.001,-0.000,-0.000,0.401,-0.538,-0.658,-0.341,-0.200,0.004,0.457,0.017,646,0,-180,180,35,16.060,305,305
133861,0.170,-0.001,0.000,-0.000,0.400,-0.539,-0.657,-0.343,-0.200,0.004,0.458,0.019,720,0,-180,180,35,16.060,305,305
133961,0.030,-0.001,0.002,-0.000,0.400,-0.539,-0.655,-0.346,-0.200,0.005,0.452,0.022,859,0,-180,180,35,16.060,305,305
134061,-0.020,-0.000,0.002,0.001,0.403,-0.539,-0.652,-0.350,-0.200,0.005,0.440,0.021,725,0,-180,180,35,16.050,305,305
134161,0.110,-0.000,0.001,-0.001,0.405,-0.538,-0.651,-0.351,-0.200,0.005,0.436,0.021,775,0,-180,180,35,16.050,305,305
134261,0.130,-0.000,0.001,-0.000,0.406,-0.536,-0.650,-0.354,-0.200,0.006,0.430,0.025,925,0,-180,180,35,16.050,305,305
134361,0.170,0.002,0.002,0.000,0.410,-0.534,-0.647,-0.357,-0.200,0.005,0.419,0.023,801,0,-180,180,35,16.050,305,305
134461,0.190,0.001,0.007,0.001,0.421,-0.529,-0.643,-0.359,-0.200,0.003,0.395,0.015,86,0,-176,176,35,16.050,305,305
134561,0.360,0.000,0.008,0.001,0.438,-0.522,-0.633,-0.368,-0.200,0.002,0.352,0.008,0,575,-166,166,35,16.050,305,305
134661,0.110,0.000,0.009,0.001,0.456,-0.513,-0.619,-0.381,-0.200,0.001,0.297,0.003,0,697,-153,153,35,16.050,305,305
134761,0.030,-0.001,0.002,0.001,0.466,-0.509,-0.609,-0.391,-0.200,0.000,0.261,0.002,0,557,-149,149,35,16.060,305,305
134861,-0.130,-0.001,0.002,0.001,0.468,-0.510,-0.605,-0.394,-0.200,-0.000,0.254,-0.002,0,711,-150,150,35,16.060,305,305
134961,-0.250,-0.001,-0.000,0.001,0.469,-0.513,-0.600,-0.395,-0.200,-0.001,0.250,-0.007,0,968,-150,150,35,16.070,305,305
135061,-0.140,-0.000,-0.001,0.002,0.468,-0.515,-0.600,-0.395,-0.200,-0.001,0.253,-0.008,0,1035,-151,151,35,16.070,305,305
135161,0.330,-0.000,0.000,0.001,0.468,-0.518,-0.598,-0.394,-0.200,-0.002,0.254,-0.014,0,1034,-151,151,35,16.070,305,305
135261,0.070,0.000,0.001,0.000,0.468,-0.519,-0.597,-0.394,-0.200,-0.002,0.252,-0.015,0,1021,-150,150,35,16.070,305,305
135361,0.150,-0.000,0.002,0.000,0.471,-0.519,-0.593,-0.396,-0.200,-0.002,0.243,-0.018,0,1082,-148,148,35,16.070,305,305
135461,0.330,-0.002,0.005,0.001,0.477,-0.516,-0.587,-0.402,-0.200,-0.002,0.222,-0.020,0,1135,-142,142,35,16.060,305,305
135561,0.270,-0.000,0.004,0.001,0.483,-0.516,-0.577,-0.410,-0.200,-0.002,0.199,-0.025,0,1238,-137,137,35,16.060,305,305
135661,0.120,-0.001,0.003,-0.000,0.490,-0.512,-0.570,-0.415,-0.200,-0.002,0.175,-0.029,0,1301,-133,133,35,16.050,305,305
135761,-0.240,-0.000,0.003,-0.002,0.493,-0.508,-0.566,-0.422,-0.200,-0.002,0.158,-0.023,0,1035,-129,129,35,16.050,305,305
135861,-0.250,0.001,0.001,-0.000,0.495,-0.503,-0.566,-0.426,-0.200,-0.001,0.147,-0.017,0,1065,-128,129,35,16.070,305,305
135961,-0.130,0.000,0.001,-0.001,0.498,-0.501,-0.565,-0.426,-0.200,-0.001,0.141,-0.018,0,1132,-128,128,35,16.070,305,305
136061,0.000,0.001,0.000,-0.002,0.498,-0.498,-0.566,-0.427,-0.200,-0.001,0.138,-0.012,0,751,-127,127,35,16.070,305,305
136161,-0.020,0.001,-0.001,-0.001,0.495,-0.496,-0.569,-0.430,-0.200,-0.000,0.141,-0.003,129,0,-128,129,35,16.070,305,305
136261,-0.140,0.000,0.000,0.000,0.496,-0.495,-0.570,-0.429,-0.200,-0.000,0.140,-0.002,0,490,-128,128,35,16.070,305,305
136361,-0.060,-0.000,0.000,0.000,0.495,-0.496,-0.570,-0.429,-0.200,-0.000,0.141,-0.001,0,600,-128,128,35,16.070,305,305
136461,-0.070,-0.000,0.001,0.000,0.495,-0.497,-0.570,-0.429,-0.200,-0.000,0.143,-0.002,0,699,-129,129,35,16.070,305,305
136561,0.000,0.000,-0.001,-0.001,0.494,-0.497,-0.570,-0.430,-0.200,-0.000,0.143,-0.001,0,616,-129,129,35,16.070,305,305
136661,0.170,-0.000,-0.000,-0.000,0.492,-0.497,-0.571,-0.430,-0.200,0.000,0.147,0.002,0,410,-130,130,35,16.070,305,305
136761,-0.030,0.001,-0.000,-0.000,0.491,-0.497,-0.571,-0.431,-0.200,0.000,0.147,0.004,0,329,-129,129,35,16.070,305,305
136861,-0.050,-0.000,-0.000,0.000,0.491,-0.497,-0.572,-0.430,-0.200,0.000,0.149,0.004,0,379,-130,130,35,16.070,305,305
136961,-0.020,0.000,0.000,0.000,0.490,-0.498,-0.572,-0.429,-0.200,0.000,0.152,0.003,0,546,-131,131,35,16.070,305,305
137061,-0.070,0.000,-0.001,0.000,0.489,-0.499,-0.573,-0.428,-0.200,0.000,0.157,0.003,0,533,-132,132,35,16.050,305,305
137161,0.040,0.000,-0.001,0.000,0.487,-0.500,-0.575,-0.427,-0.200,0.000,0.162,0.003,0,507,-133,133,35,16.050,305,305
137261,0.030,0.000,-0.000,-0.000,0.485,-0.502,-0.576,-0.426,-0.200,0.000,0.167,0.004,0,370,-134,134,35,16.070,305,305
137361,-0.030,0.000,-0.002,0.001,0.484,-0.502,-0.576,-0.426,-0.200,0.001,0.169,0.006,0,303,-134,134,35,16.070,305,305
137461,0.170,-0.000,-0.001,0.000,0.483,-0.503,-0.578,-0.424,-0.200,0.000,0.176,0.004,0,501,-136,136,35,16.070,305,305
137561,0.010,0.000,0.000,-0.000,0.482,-0.504,-0.578,-0.423,-0.200,0.000,0.178,0.004,0,473,-136,136,35,16.070,305,305
137661,-0.150,-0.000,-0.001,0.000,0.481,-0.505,-0.579,-0.422,-0.200,0.000,0.181,0.004,0,459,-137,137,35,16.070,305,305
137761,-0.030,-0.000,-0.002,0.001,0.480,-0.507,-0.580,-0.420,-0.200,0.000,0.186,0.001,0,701,-138,138,35,16.070,305,305
137861,0.180,-0.001,-0.001,0.000,0.479,-0.508,-0.580,-0.419,-0.200,-0.000,0.192,-0.000,0,666,-139,139,35,16.070,305,305
137961,0.130,0.000,-0.001,-0.000,0.477,-0.509,-0.582,-0.418,-0.200,0.000,0.197,0.001,0,531,-140,140,35,16.070,305,305
138061,0.130,-0.000,0.000,-0.000,0.476,-0.510,-0.583,-0.417,-0.200,0.000,0.200,0.001,0,538,-140,140,35,16.070,305,305
138161,0.080,0.000,-0.001,0.000,0.476,-0.510,-0.583,-0.417,-0.200,0.000,0.201,0.001,0,582,-140,140,35,16.060,305,305
138261,0.050,0.000,0.000,-0.000,0.475,-0.510,-0.583,-0.417,-0.200,0.000,0.202,0.001,0,545,-140,140,35,16.060,305,305
138361,0.090,0.000,0.001,0.000,0.476,-0.509,-0.583,-0.417,-0.200,0.000,0.199,0.000,0,636,-139,139,35,16.060,305,305
138461,0.080,-0.000,0.001,0.000,0.477,-0.509,-0.582,-0.417,-0.200,-0.000,0.197,-0.000,0,628,-139,139,35,16.070,305,305
138561,0.000,-0.001,0.002,-0.000,0.478,-0.508,-0.581,-0.420,-0.200,0.000,0.192,0.002,0,470,-138,138,35,16.070,305,305
138661,-0.110,-0.001,-0.000,-0.001,0.478,-0.506,-0.579,-0.424,-0.200,0.001,0.184,0.006,378,0,-136,136,35,16.070,305,305
138761,0.080,0.000,-0.001,0.001,0.477,-0.507,-0.579,-0.423,-0.200,0.001,0.187,0.005,0,398,-138,138,35,16.070,305,305
138861,0.100,-0.001,-0.001,0.001,0.477,-0.510,-0.579,-0.422,-0.200,0.000,0.191,0.003,0,610,-139,139,35,16.070,305,305
138961,0.080,-0.000,-0.000,0.001,0.476,-0.512,-0.579,-0.420,-0.200,-0.000,0.195,-0.002,0,794,-139,140,35,16.070,305,305
139061,0.060,-0.000,-0.000,0.000,0.475,-0.514,-0.578,-0.419,-0.200,-0.000,0.198,-0.003,0,777,-140,140,35,16.070,305,305
139161,0.030,-0.000,-0.000,0.001,0.475,-0.515,-0.578,-0.419,-0.200,-0.000,0.200,-0.005,0,817,-140,140,35,16.070,305,305
139261,0.000,-0.000,0.000,0.000,0.475,-0.516,-0.578,-0.418,-0.200,-0.001,0.202,-0.006,0,852,-140,140,35,16.070,305,305
139361,-0.130,-0.000,-0.000,0.001,0.474,-0.517,-0.578,-0.418,-0.200,-0.001,0.202,-0.007,0,832,-141,141,35,16.060,305,305
139461,0.050,0.000,-0.001,0.001,0.474,-0.518,-0.577,-0.417,-0.200,-0.001,0.204,-0.010,0,966,-141,141,35,16.060,305,305
139561,0.200,0.000,-0.000,0.001,0.474,-0.520,-0.577,-0.415,-0.200,-0.001,0.208,-0.014,0,1075,-142,142,35,16.060,305,305
139661,0.150,-0.000,-0.000,0.001,0.474,-0.521,-0.576,-0.415,-0.200,-0.002,0.208,-0.016,0,1115,-142,142,35,16.060,305,305
139761,0.160,-0.000,0.000,0.000,0.475,-0.522,-0.575,-0.414,-0.200,-0.002,0.208,-0.020,0,1192,-141,142,35,16.060,305,305
139861,-0.020,-0.000,0.001,-0.001,0.476,-0.522,-0.574,-0.414,-0.200,-0.002,0.205,-0.021,0,1193,-140,141,35,16.060,305,305
139961,-0.120,-0.000,-0.000,-0.001,0.476,-0.521,-0.574,-0.416,-0.200,-0.002,0.202,-0.018,0,1035,-140,140,35,16.060,305,305
140061,0.060,0.000,-0.001,0.001,0.475,-0.521,-0.574,-0.416,-0.200,-0.002,0.205,-0.017,0,1069,-141,141,35,16.060,305,305
140161,0.140,0.000,0.000,-0.000,0.475,-0.522,-0.575,-0.414,-0.200,-0.002,0.207,-0.019,0,1116,-141,142,35,16.060,305,305
140261,0.020,-0.000,-0.001,0.000,0.475,-0.522,-0.575,-0.414,-0.200,-0.002,0.207,-0.020,0,1162,-142,142,35,16.060,305,305
140361,0.050,0.000,0.000,0.000,0.476,-0.523,-0.575,-0.413,-0.200,-0.002,0.208,-0.023,0,1256,-142,142,35,16.060,305,305
140461,0.090,0.000,-0.000,-0.000,0.477,-0.522,-0.574,-0.413,-0.200,-0.002,0.205,-0.024,0,1248,-141,141,35,16.060,305,305
140561,0.070,-0.000,0.002,-0.001,0.477,-0.521,-0.573,-0.415,-0.200,-0.002,0.201,-0.021,0,1095,-140,140,35,16.060,305,305
140661,-0.080,0.000,0.001,0.000,0.479,-0.518,-0.573,-0.418,-0.200,-0.002,0.193,-0.018,0,1041,-138,138,35,16.060,305,305
140761,0.030,-0.000,-0.000,0.000,0.481,-0.518,-0.570,-0.418,-0.200,-0.002,0.188,-0.022,0,1215,-137,137,35,16.060,305,305
140861,0.220,0.000,-0.000,-0.000,0.481,-0.518,-0.570,-0.418,-0.200,-0.002,0.188,-0.022,0,1197,-137,138,35,16.060,305,305
140961,0.000,0.000,0.000,0.000,0.481,-0.518,-0.571,-0.417,-0.200,-0.002,0.190,-0.023,0,1210,-138,138,35,16.060,305,305
141061,0.040,-0.000,0.002,-0.001,0.482,-0.517,-0.569,-0.420,-0.200,-0.002,0.183,-0.020,0,1083,-136,136,35,16.070,305,305
141161,-0.090,-0.000,0.001,-0.000,0.483,-0.516,-0.569,-0.421,-0.200,-0.002,0.179,-0.019,0,1106,-135,135,35,16.070,305,305
141261,-0.080,0.000,0.002,-0.001,0.485,-0.513,-0.567,-0.425,-0.200,-0.001,0.170,-0.016,0,950,-133,133,35,16.050,305,305
141361,0.310,0.000,0.002,-0.001,0.488,-0.507,-0.566,-0.430,-0.200,-0.001,0.154,-0.008,0,626,-129,129,35,16.050,305,305
141461,0.210,0.000,0.003,0.000,0.491,-0.503,-0.563,-0.434,-0.200,-0.000,0.141,-0.005,0,678,-126,127,35,16.050,305,305
141561,-0.110,-0.000,0.001,0.000,0.496,-0.500,-0.560,-0.436,-0.200,-0.000,0.128,-0.007,0,887,-124,124,35,16.050,305,305
141661,-0.230,-0.000,-0.001,-0.000,0.497,-0.499,-0.559,-0.437,-0.200,-0.000,0.124,-0.007,0,1032,-125,125,35,16.050,305,305
141761,-0.010,-0.000,-0.001,-0.001,0.495,-0.500,-0.561,-0.437,-0.200,-0.000,0.130,-0.005,0,755,-126,126,35,16.060,305,305
141861,-0.100,-0.001,-0.001,-0.001,0.493,-0.500,-0.562,-0.438,-0.200,0.000,0.131,-0.000,0,520,-127,127,35,16.060,305,305
141961,0.080,0.000,-0.001,0.001,0.491,-0.501,-0.564,-0.437,-0.200,-0.000,0.138,0.000,0,652,-128,128,35,16.070,305,305
142061,-0.030,0.000,-0.001,0.001,0.491,-0.504,-0.563,-0.435,-0.200,-0.000,0.141,-0.006,0,980,-128,129,35,16.070,305,305
142161,-0.150,-0.000,-0.002,-0.000,0.491,-0.505,-0.563,-0.432,-0.200,-0.001,0.145,-0.010,0,1046,-130,130,35,16.070,305,305
142261,0.010,0.000,-0.002,0.001,0.490,-0.506,-0.566,-0.429,-0.200,-0.001,0.153,-0.010,0,1022,-131,131,35,16.070,305,305
142361,0.070,-0.000,-0.001,0.001,0.489,-0.509,-0.568,-0.424,-0.200,-0.001,0.162,-0.015,0,1187,-133,133,35,16.070,305,305
142461,0.290,-0.000,-0.001,0.000,0.486,-0.512,-0.570,-0.420,-0.200,-0.001,0.175,-0.019,0,1221,-136,136,35,16.070,305,305
142561,0.240,-0.000,-0.001,-0.000,0.484,-0.514,-0.572,-0.418,-0.200,-0.002,0.182,-0.019,0,1145,-137,137,35,16.070,305,305
142661,0.130,0.000,0.000,-0.000,0.484,-0.513,-0.573,-0.418,-0.200,-0.002,0.183,-0.018,0,1092,-137,137,35,16.070,305,305
142761,-0.060,0.000,-0.000,-0.000,0.484,-0.512,-0.573,-0.419,-0.200,-0.001,0.183,-0.016,0,1037,-137,137,35,16.070,305,305
142861,-0.110,0.000,-0.001,0.000,0.483,-0.512,-0.574,-0.418,-0.200,-0.001,0.184,-0.015,0,1009,-137,137,35,16.070,305,305
142961,0.000,0.000,-0.001,-0.000,0.483,-0.512,-0.575,-0.417,-0.200,-0.001,0.187,-0.015,0,1048,-138,138,35,16.080,305,305
143061,0.070,0.001,-0.000,0.000,0.482,-0.512,-0.577,-0.416,-0.200,-0.001,0.191,-0.013,0,952,-138,139,35,16.080,305,305
143161,0.080,0.000,-0.000,0.000,0.482,-0.512,-0.577,-0.415,-0.200,-0.001,0.191,-0.014,0,1057,-138,139,35,16.070,305,305
143261,0.080,0.000,-0.001,0.000,0.482,-0.513,-0.577,-0.414,-0.200,-0.002,0.194,-0.017,0,1146,-139,139,35,16.070,305,305
143361,-0.040,0.000,-0.000,-0.000,0.482,-0.513,-0.578,-0.414,-0.200,-0.001,0.195,-0.016,0,1079,-139,139,35,16.070,305,305
143461,-0.160,0.001,-0.001,0.000,0.482,-0.513,-0.579,-0.412,-0.200,-0.001,0.197,-0.017,0,1109,-140,140,35,16.070,305,305
143561,-0.060,-0.000,-0.002,-0.000,0.480,-0.514,-0.581,-0.411,-0.200,-0.001,0.204,-0.016,0,1047,-142,142,35,16.070,305,305
143661,0.000,-0.000,-0.002,0.000,0.478,-0.515,-0.582,-0.408,-0.200,-0.002,0.211,-0.018,0,1136,-143,143,35,16.060,305,305
143761,0.110,-0.001,-0.002,0.000,0.476,-0.517,-0.584,-0.406,-0.200,-0.002,0.218,-0.018,0,1113,-144,144,35,16.060,305,305
143861,0.100,-0.000,-0.001,0.000,0.473,-0.519,-0.585,-0.405,-0.200,-0.002,0.226,-0.018,0,1102,-146,146,35,16.060,305,305
143961,0.020,-0.000,0.000,0.000,0.472,-0.521,-0.586,-0.404,-0.200,-0.002,0.230,-0.019,0,1147,-146,146,35,16.060,305,305
144061,-0.260,-0.000,-0.001,0.001,0.471,-0.522,-0.585,-0.403,-0.200,-0.002,0.232,-0.020,0,1239,-147,147,35,16.060,305,305
144161,-0.120,-0.000,-0.003,0.000,0.469,-0.525,-0.586,-0.401,-0.200,-0.003,0.240,-0.023,0,1265,-149,149,35,16.060,305,305
144261,-0.010,-0.000,-0.002,0.001,0.466,-0.528,-0.587,-0.398,-0.200,-0.003,0.251,-0.024,0,1268,-151,151,35,16.060,305,305
144361,-0.180,0.000,-0.000,0.002,0.466,-0.531,-0.587,-0.395,-0.200,-0.003,0.256,-0.031,0,1450,-152,152,35,16.060,305,305
144461,-0.080,0.000,-0.004,0.002,0.466,-0.536,-0.587,-0.389,-0.200,-0.005,0.265,-0.043,0,1695,-154,155,35,16.070,305,305
144561,0.280,-0.001,-0.002,-0.000,0.461,-0.541,-0.590,-0.384,-0.200,-0.006,0.284,-0.045,0,1608,-158,159,35,16.070,305,305
144661,0.410,-0.001,-0.003,-0.000,0.454,-0.545,-0.593,-0.381,-0.200,-0.006,0.303,-0.042,0,1469,-162,163,35,16.060,305,305
144761,0.220,-0.000,-0.001,0.000,0.451,-0.547,-0.594,-0.380,-0.200,-0.006,0.307,-0.041,0,1445,-162,162,35,16.060,305,305
144861,0.020,0.001,-0.000,0.000,0.450,-0.548,-0.596,-0.377,-0.200,-0.006,0.315,-0.043,0,1526,-163,164,35,16.060,305,305
144961,0.070,0.002,0.001,0.001,0.451,-0.547,-0.598,-0.373,-0.200,-0.007,0.317,-0.047,0,1613,-164,164,35,16.050,305,305
145061,0.030,0.002,0.002,0.002,0.459,-0.547,-0.596,-0.369,-0.200,-0.008,0.311,-0.062,0,1932,-161,161,35,16.050,305,305
145161,0.090,-0.000,0.000,-0.005,0.463,-0.541,-0.596,-0.371,-0.200,-0.007,0.299,-0.058,0,1645,-159,159,35,16.050,305,305
145261,0.450,-0.001,-0.001,-0.007,0.457,-0.530,-0.604,-0.381,-0.200,-0.003,0.295,-0.024,395,0,-159,159,35,16.050,305,305
145361,0.580,-0.000,0.000,-0.007,0.448,-0.518,-0.615,-0.390,-0.200,0.002,0.296,0.015,1542,0,-159,159,35,16.050,305,305
145461,0.180,0.000,-0.002,-0.005,0.444,-0.508,-0.622,-0.398,-0.200,0.007,0.293,0.044,1835,0,-159,159,35,16.050,305,305
145561,0.140,0.001,-0.001,-0.003,0.438,-0.500,-0.631,-0.400,-0.200,0.012,0.301,0.066,1946,0,-161,161,35,16.050,305,305
145661,-0.050,0.002,0.004,0.002,0.441,-0.497,-0.633,-0.397,-0.200,0.011,0.300,0.063,1605,0,-159,159,35,16.060,305,305
145761,-0.130,0.006,0.000,0.001,0.451,-0.493,-0.634,-0.389,-0.200,0.008,0.294,0.048,1049,0,-159,159,35,16.060,305,305
145861,-0.100,0.005,-0.001,0.008,0.466,-0.496,-0.629,-0.375,-0.200,0.001,0.287,0.008,0,1432,-157,157,35,16.050,305,305
145961,0.090,0.006,-0.002,0.007,0.479,-0.503,-0.627,-0.351,-0.200,-0.006,0.296,-0.042,0,2183,-160,160,35,16.050,305,305
146061,-0.540,0.006,-0.005,0.001,0.485,-0.505,-0.631,-0.335,-0.200,-0.009,0.309,-0.067,0,2453,-163,164,35,16.050,305,305
146161,-0.090,0.006,-0.010,-0.001,0.478,-0.503,-0.648,-0.314,-0.200,-0.011,0.351,-0.073,0,2291,-174,175,35,16.050,305,305
146261,0.020,0.004,-0.007,-0.007,0.459,-0.501,-0.673,-0.291,-0.200,-0.013,0.419,-0.067,0,1749,-180,180,35,16.050,305,305
146361,-0.590,0.006,-0.001,0.001,0.462,-0.490,-0.682,-0.285,-0.200,-0.012,0.420,-0.064,0,2100,-180,180,35,16.060,305,305
146461,-1.090,0.000,-0.004,-0.001,0.464,-0.482,-0.689,-0.281,-0.200,-0.012,0.422,-0.059,1525,2778,-180,180,35,16.060,305,305
146561,-0.840,-0.003,-0.007,0.005,0.453,-0.494,-0.691,-0.272,-0.200,-0.014,0.454,-0.070,2297,3601,-180,180,35,16.060,305,305
146661,0.030,0.000,-0.008,0.006,0.439,-0.512,-0.692,-0.258,-0.200,-0.020,0.498,-0.090,2036,3819,-180,180,35,16.070,305,305
146761,0.280,-0.013,0.009,-0.005,0.427,-0.516,-0.692,-0.270,-0.200,-0.016,0.507,-0.060,2370,2964,-180,180,35,16.070,305,305
146861,0.120,-0.015,0.009,-0.003,0.422,-0.519,-0.672,-0.318,-0.200,-0.002,0.453,-0.011,2661,1870,-180,180,35,16.070,305,305
146961,0.420,-0.015,0.015,-0.004,0.421,-0.521,-0.647,-0.365,-0.200,0.007,0.388,0.033,2575,0,-170,170,35,16.070,305,305
147061,0.290,-0.006,0.007,-0.012,0.415,-0.505,-0.640,-0.403,-0.200,0.020,0.336,0.095,2713,0,-163,162,35,16.070,305,305
147161,0.550,-0.001,-0.000,-0.007,0.405,-0.489,-0.644,-0.426,-0.200,0.034,0.315,0.149,3068,0,-162,161,35,16.060,305,305
147261,0.320,-0.004,-0.003,-0.005,0.389,-0.487,-0.649,-0.437,-0.200,0.046,0.323,0.182,3159,0,-166,165,35,16.060,305,305
147361,0.050,0.001,-0.004,0.000,0.377,-0.490,-0.648,-0.445,-0.200,0.053,0.329,0.200,3112,0,-168,166,35,16.060,305,305
147461,0.020,0.006,-0.005,0.009,0.379,-0.503,-0.653,-0.422,-0.200,0.044,0.366,0.164,2361,0,-177,176,35,16.060,305,305
147561,-0.130,-0.000,0.002,-0.003,0.388,-0.508,-0.653,-0.406,-0.200,0.034,0.378,0.132,2164,0,-177,176,35,16.060,305,305
147661,0.080,-0.009,0.003,-0.015,0.376,-0.488,-0.657,-0.434,-0.200,0.054,0.351,0.197,3322,0,-169,167,35,16.060,305,305
147761,0.730,-0.008,0.001,-0.013,0.355,-0.472,-0.659,-0.466,-0.200,0.080,0.328,0.268,3941,0,-165,162,35,16.060,305,305
147861,0.130,-0.006,-0.004,-0.016,0.318,-0.456,-0.675,-0.485,-0.200,0.123,0.351,0.343,4385,0,-175,170,35,16.060,305,305
147961,0.180,-0.007,-0.002,-0.015,0.289,-0.437,-0.685,-0.506,-0.200,0.166,0.358,0.408,4649,0,-175,169,35,16.050,305,305
148061,-0.300,-0.011,-0.006,-0.016,0.243,-0.419,-0.696,-0.532,-0.200,0.237,0.385,0.485,5021,0,-180,175,35,16.050,305,305
148161,-0.040,-0.010,-0.002,-0.010,0.203,-0.410,-0.695,-0.555,-0.200,0.291,0.391,0.530,5076,0,-180,174,35,16.060,305,305
148261,0.280,-0.007,-0.000,-0.005,0.183,-0.404,-0.688,-0.574,-0.200,0.322,0.380,0.556,5028,0,-180,170,35,16.060,305,305
148361,0.080,-0.006,-0.003,-0.010,0.157,-0.397,-0.690,-0.584,-0.200,0.364,0.398,0.577,5061,0,-180,174,35,16.060,305,305
148461,-0.250,-0.002,0.009,0.000,0.147,-0.385,-0.689,-0.596,-0.200,-0.151,0.165,0.692,5655,0,-119,127,35,16.060,305,305
148561,-0.140,-0.007,-0.000,0.002,0.140,-0.391,-0.680,-0.605,-0.200,-0.150,0.153,0.696,5491,0,-125,130,35,16.060,305,305
148661,0.020,0.003,0.001,0.001,0.140,-0.394,-0.673,-0.610,-0.200,-0.149,0.143,0.695,5375,0,-125,130,35,16.070,305,305
148761,-0.410,0.004,-0.005,-0.003,0.145,-0.395,-0.675,-0.606,-0.200,-0.145,0.152,0.689,5336,0,-130,134,35,16.070,305,305
148861,-0.160,0.009,0.004,0.001,0.152,-0.408,-0.676,-0.595,-0.200,-0.125,0.185,0.669,5136,0,-137,142,35,16.070,305,305
148961,0.180,0.002,-0.006,-0.001,0.147,-0.413,-0.684,-0.584,-0.200,-0.114,0.218,0.667,5185,0,-146,149,35,16.050,305,305
149061,0.480,0.002,-0.005,0.006,0.148,-0.424,-0.683,-0.577,-0.200,-0.100,0.241,0.654,5077,0,-150,153,35,16.050,305,305
149161,0.260,0.000,-0.003,0.000,0.150,-0.432,-0.681,-0.572,-0.200,-0.089,0.257,0.643,5055,0,-152,154,35,16.050,305,305
149261,0.570,-0.004,-0.003,-0.002,0.140,-0.436,-0.679,-0.574,-0.200,-0.089,0.258,0.650,5164,0,-151,153,35,16.050,305,305
149361,0.450,-0.001,-0.003,-0.003,0.127,-0.435,-0.678,-0.578,-0.200,-0.094,0.251,0.668,5288,0,-149,151,35,16.050,305,305
149461,0.290,0.001,-0.000,0.000,0.122,-0.434,-0.680,-0.578,-0.200,-0.096,0.251,0.673,5285,0,-149,152,35,16.050,305,305
149561,0.120,-0.000,-0.003,-0.004,0.123,-0.429,-0.683,-0.578,-0.200,-0.100,0.250,0.677,5300,0,-149,152,35,16.050,305,305
149661,-0.080,-0.002,-0.000,-0.004,0.108,-0.424,-0.686,-0.581,-0.200,-0.109,0.243,0.697,5429,0,-146,149,35,16.040,305,305
149761,-0.250,-0.005,0.001,0.001,0.098,-0.423,-0.682,-0.589,-0.200,-0.116,0.224,0.710,5479,0,-141,145,35,16.040,305,305
149861,-0.170,-0.000,-0.001,0.005,0.096,-0.431,-0.673,-0.594,-0.200,-0.113,0.216,0.707,5396,0,-141,144,35,16.040,305,305
149961,0.290,0.003,-0.001,0.007,0.107,-0.445,-0.668,-0.587,-0.200,-0.095,0.238,0.683,5169,0,-148,151,35,16.050,305,305
150061,0.280,-0.000,-0.002,0.005,0.114,-0.456,-0.663,-0.582,-0.200,-0.081,0.255,0.664,5084,0,-152,154,35,16.050,305,305
150161,0.010,-0.002,0.001,0.007,0.124,-0.466,-0.656,-0.580,-0.200,-0.069,0.262,0.640,4955,0,-152,154,35,16.050,305,305
150261,0.090,0.006,0.001,0.013,0.142,-0.484,-0.645,-0.573,-0.200,-0.050,0.279,0.601,4677,0,-157,159,35,16.050,305,305
150361,0.180,0.007,0.001,0.013,0.176,-0.502,-0.637,-0.558,-0.200,-0.028,0.304,0.534,4230,0,-163,164,35,16.050,305,305
150461,0.030,0.003,0.002,0.015,0.207,-0.521,-0.623,-0.545,-0.200,-0.010,0.317,0.463,3788,0,-165,165,35,16.060,305,305
150561,0.260,0.002,0.002,0.015,0.235,-0.542,-0.605,-0.534,-0.200,0.003,0.319,0.391,3348,0,-164,164,35,16.060,305,305
150661,-0.110,-0.000,0.001,0.012,0.258,-0.559,-0.587,-0.526,-0.200,0.010,0.316,0.330,3025,0,-163,163,35,16.060,305,305
150761,-0.150,0.001,0.001,0.012,0.279,-0.573,-0.567,-0.522,-0.200,0.013,0.303,0.271,2651,0,-160,160,35,16.060,305,305
150861,0.420,0.000,0.004,0.010,0.298,-0.586,-0.548,-0.517,-0.200,0.014,0.291,0.217,2265,0,-157,156,35,16.060,305,305
150961,0.300,-0.002,0.000,-0.001,0.306,-0.590,-0.539,-0.518,-0.200,0.013,0.281,0.197,2517,0,-156,155,35,16.060,305,305
151061,0.160,-0.003,0.001,-0.005,0.296,-0.584,-0.541,-0.527,-0.200,0.011,0.271,0.225,3170,0,-154,153,35,16.060,305,305
151161,-0.050,-0.000,0.004,-0.002,0.291,-0.578,-0.541,-0.537,-0.200,0.009,0.256,0.245,3368,0,-149,149,35,16.070,305,305
151261,0.000,0.001,0.001,-0.001,0.297,-0.571,-0.543,-0.539,-0.200,0.007,0.244,0.246,3286,0,-148,148,35,16.070,305,305
151361,0.140,0.001,-0.002,-0.004,0.297,-0.569,-0.546,-0.539,-0.200,0.007,0.244,0.250,3315,0,-149,149,35,16.070,305,305
151461,-0.170,0.004,0.003,0.001,0.300,-0.562,-0.552,-0.537,-0.200,0.006,0.243,0.254,3285,0,-148,148,35,16.070,305,305
151561,-0.080,0.006,0.005,0.007,0.322,-0.561,-0.547,-0.531,-0.200,0.006,0.229,0.220,2777,0,-144,144,35,16.070,305,305
151661,0.300,0.002,0.000,0.001,0.336,-0.561,-0.545,-0.525,-0.200,0.007,0.225,0.195,2595,0,-145,145,35,16.070,305,305
151761,0.170,0.000,0.001,-0.001,0.337,-0.560,-0.546,-0.523,-0.200,0.007,0.226,0.194,2774,0,-145,145,35,16.070,305,305
151861,0.020,-0.001,0.001,0.000,0.339,-0.557,-0.547,-0.525,-0.200,0.006,0.219,0.196,2853,0,-143,143,35,16.070,305,305
151961,-0.050,0.001,0.000,-0.000,0.342,-0.555,-0.546,-0.526,-0.200,0.005,0.213,0.195,2861,0,-142,142,35,16.070,305,305
152061,-0.010,0.002,0.000,-0.001,0.344,-0.552,-0.549,-0.524,-0.200,0.005,0.214,0.196,2889,0,-143,143,35,16.070,305,305
152161,0.470,-0.002,-0.001,-0.001,0.344,-0.551,-0.550,-0.525,-0.200,0.005,0.213,0.199,2931,0,-143,142,35,16.030,1566,600
152261,0.120,-0.001,-0.002,-0.001,0.343,-0.549,-0.550,-0.527,-0.200,0.004,0.211,0.202,2976,0,-142,142,35,16.030,1566,600
152361,0.210,-0.000,-0.000,0.000,0.341,-0.548,-0.553,-0.527,-0.200,0.004,0.214,0.209,3022,0,-143,143,35,16.030,1566,600
152461,-0.170,-0.000,0.000,0.002,0.346,-0.547,-0.551,-0.526,-0.200,0.004,0.208,0.201,2878,0,-141,141,35,16.060,2976,552
152561,0.340,-0.002,-0.001,0.000,0.345,-0.550,-0.550,-0.526,-0.200,0.004,0.210,0.199,2885,0,-142,142,35,16.060,2976,552
152661,-0.080,0.001,0.001,0.001,0.347,-0.549,-0.549,-0.526,-0.200,0.004,0.207,0.197,2861,0,-141,141,35,16.060,2976,552
152761,0.150,-0.000,-0.000,-0.000,0.347,-0.549,-0.550,-0.526,-0.200,0.004,0.208,0.197,2895,0,-142,142,35,16.030,2815,1104
152861,-0.030,0.000,0.000,0.001,0.348,-0.549,-0.548,-0.526,-0.200,0.004,0.206,0.195,2857,0,-141,141,35,16.030,2815,1104
152961,0.040,-0.001,-0.002,0.000,0.348,-0.551,-0.547,-0.525,-0.200,0.005,0.208,0.192,2829,0,-142,142,35,16.030,2729,1024
153061,-0.010,0.000,0.001,0.002,0.350,-0.551,-0.547,-0.524,-0.200,0.005,0.207,0.187,2770,0,-141,141,35,16.030,2729,1024
153161,0.050,-0.000,-0.001,0.000,0.350,-0.553,-0.547,-0.522,-0.200,0.005,0.210,0.184,2766,0,-143,143,35,16.030,2729,1024
153261,0.030,0.000,-0.001,0.002,0.353,-0.554,-0.546,-0.520,-0.200,0.006,0.211,0.177,2666,0,-143,142,35,16.040,2665,564
153361,0.340,-0.001,0.000,-0.000,0.355,-0.555,-0.545,-0.519,0.000,0.006,0.210,0.173,2666,0,-141,141,35,16.040,2665,564
153461,0.000,-0.000,-0.001,-0.002,0.354,-0.552,-0.547,-0.520,0.000,0.004,0.220,0.177,2777,0,-144,144,35,16.040,2783,1088
153561,0.000,0.000,0.001,0.000,0.354,-0.552,-0.547,-0.521,0.000,0.004,0.218,0.180,2787,0,-143,143,35,16.040,2783,1088
153661,0.040,0.000,0.002,0.002,0.358,-0.551,-0.544,-0.522,0.000,0.004,0.210,0.172,2661,0,-141,141,35,16.040,2783,1088
153761,0.190,0.001,0.000,-0.001,0.359,-0.551,-0.543,-0.522,0.000,0.004,0.209,0.172,2720,0,-142,142,35,16.050,2682,1467
153861,0.330,0.001,0.001,0.000,0.362,-0.550,-0.544,-0.521,0.000,0.004,0.206,0.169,2703,0,-141,141,35,16.050,2682,1467
153961,0.260,0.001,0.001,0.000,0.364,-0.550,-0.543,-0.520,0.231,0.004,0.206,0.166,2734,0,-141,141,35,16.050,2682,1467
154061,0.090,-0.000,-0.001,-0.001,0.364,-0.549,-0.544,-0.519,0.800,0.004,0.207,0.165,3060,0,-142,142,35,16.050,2765,508
154161,-0.080,0.001,0.001,0.001,0.365,-0.549,-0.544,-0.520,1.000,0.004,0.206,0.165,3728,0,-141,141,35,16.050,2765,508
154261,-0.040,-0.002,-0.001,0.001,0.367,-0.549,-0.542,-0.520,1.000,0.004,0.202,0.160,4334,2341,-140,140,35,16.060,4006,1760
154361,0.050,0.000,-0.000,0.001,0.370,-0.549,-0.540,-0.519,1.000,0.004,0.199,0.154,4842,3288,-140,140,35,16.060,4006,1760
154461,0.240,0.001,0.001,0.001,0.374,-0.549,-0.539,-0.518,1.000,0.003,0.195,0.148,5340,4064,-139,139,35,16.060,4006,1760
154561,0.280,0.001,0.002,0.000,0.378,-0.547,-0.538,-0.519,1.000,0.003,0.188,0.144,5682,4520,-137,137,35,16.040,5330,4006
154661,-0.400,-0.000,0.000,-0.002,0.378,-0.544,-0.539,-0.521,1.000,0.002,0.183,0.151,6169,4950,-136,136,35,16.040,5330,4006
154761,0.000,0.001,0.001,-0.001,0.377,-0.541,-0.541,-0.523,1.000,0.002,0.181,0.157,6587,5397,-136,136,36,16.020,6476,5241
154861,-0.060,0.001,0.002,0.002,0.381,-0.541,-0.540,-0.521,1.000,0.002,0.178,0.151,6966,5998,-135,135,36,16.020,6476,5241
154961,0.050,0.002,0.002,0.003,0.388,-0.541,-0.536,-0.519,1.000,0.002,0.172,0.136,7212,6461,-134,134,36,16.020,6476,5241
155061,0.200,0.001,0.001,0.001,0.395,-0.541,-0.535,-0.516,1.000,0.002,0.168,0.125,7491,6825,-133,133,35,16.040,7225,6493
155161,-0.120,0.001,0.001,0.001,0.398,-0.540,-0.534,-0.515,1.000,0.002,0.165,0.119,7805,7175,-133,133,35,16.040,7225,6493
155261,0.040,0.000,-0.000,0.000,0.402,-0.540,-0.533,-0.512,1.000,0.002,0.162,0.112,8118,7538,-132,132,35,16.030,7936,7374
155361,-0.020,-0.000,-0.000,0.001,0.402,-0.541,-0.532,-0.512,0.310,0.002,0.164,0.110,8294,7720,-133,133,35,16.030,7936,7374
155461,0.060,-0.000,0.000,0.001,0.405,-0.542,-0.530,-0.511,0.271,0.002,0.160,0.103,8332,7817,-132,132,35,16.030,7936,7374
155561,0.110,-0.000,0.001,0.000,0.407,-0.543,-0.527,-0.511,0.000,0.002,0.157,0.097,8360,7869,-131,131,36,16.040,8333,7812
155661,0.090,-0.000,0.001,0.000,0.408,-0.544,-0.525,-0.512,0.000,0.002,0.154,0.095,8362,7862,-131,131,36,16.040,8333,7812
155761,0.000,0.002,0.002,0.002,0.410,-0.544,-0.523,-0.512,0.000,0.002,0.151,0.090,8342,7884,-130,130,36,16.030,8361,7861
155861,-0.070,-0.000,0.000,0.001,0.416,-0.544,-0.520,-0.511,0.412,0.002,0.144,0.080,8337,7953,-128,128,36,16.030,8361,7861
155961,0.060,0.001,0.000,0.000,0.416,-0.544,-0.520,-0.510,0.678,0.002,0.144,0.078,8508,8108,-129,129,35,16.020,8445,8064
156061,-0.030,0.001,0.001,0.001,0.420,-0.542,-0.519,-0.509,0.886,0.002,0.139,0.073,8736,8399,-127,127,35,16.020,8445,8064
156161,0.060,-0.000,-0.001,0.000,0.423,-0.540,-0.520,-0.508,1.000,0.002,0.136,0.071,9011,8656,-127,127,35,16.020,8445,8064
156261,0.120,0.001,0.000,0.001,0.424,-0.540,-0.521,-0.507,1.000,0.002,0.138,0.070,9265,8918,-128,128,35,16.020,8992,8650
156361,0.180,-0.000,-0.001,-0.001,0.425,-0.539,-0.522,-0.506,1.000,0.002,0.138,0.069,9495,9148,-128,128,35,16.020,8992,8650
156461,0.200,-0.001,-0.001,-0.001,0.424,-0.537,-0.524,-0.507,1.000,0.002,0.138,0.076,9756,9354,-128,128,36,16.020,9615,9259
156561,0.400,-0.001,-0.001,-0.001,0.421,-0.535,-0.526,-0.509,1.000,0.002,0.138,0.085,10014,9570,-128,128,36,16.020,9615,9259
156661,-0.240,-0.000,0.000,-0.000,0.421,-0.534,-0.526,-0.510,1.000,0.002,0.136,0.088,10276,9846,-127,127,35,16.010,10204,9784
156761,0.130,0.001,0.000,0.000,0.420,-0.534,-0.527,-0.511,1.000,0.002,0.138,0.090,10511,10095,-127,128,35,16.010,10204,9784
156861,-0.090,-0.000,-0.000,0.001,0.421,-0.535,-0.526,-0.510,1.000,0.002,0.137,0.086,10746,10387,-127,127,35,16.010,10204,9784
156961,-0.010,0.000,-0.000,-0.000,0.421,-0.535,-0.526,-0.509,1.000,0.002,0.138,0.084,10970,10619,-128,128,35,16.000,10775,10416
157061,-0.050,0.000,-0.000,-0.000,0.420,-0.536,-0.528,-0.507,1.000,0.002,0.144,0.086,11188,10822,-129,129,35,16.000,10775,10416
157161,0.200,0.000,0.002,0.000,0.422,-0.536,-0.527,-0.507,1.000,0.002,0.142,0.083,11351,11025,-128,128,36,16.000,11235,10940
157261,0.020,0.001,0.002,-0.000,0.422,-0.537,-0.526,-0.507,1.000,0.002,0.140,0.080,11558,11245,-127,128,36,16.000,11235,10940
157361,0.210,0.000,0.000,0.000,0.421,-0.537,-0.526,-0.508,0.000,0.002,0.140,0.082,11630,11301,-128,128,36,16.000,11235,10940
157461,0.030,0.001,0.001,0.000,0.425,-0.536,-0.524,-0.507,0.000,0.002,0.136,0.076,11584,11297,-127,127,36,15.990,11600,11261
157561,-0.380,-0.001,-0.000,-0.002,0.423,-0.535,-0.526,-0.508,0.000,0.002,0.137,0.081,11610,11264,-128,128,36,15.990,11600,11261
157661,-0.120,0.001,0.000,0.001,0.420,-0.537,-0.526,-0.508,0.000,0.002,0.141,0.083,11618,11274,-128,129,36,16.000,11600,11286
157761,0.410,-0.000,-0.001,0.001,0.422,-0.538,-0.524,-0.508,0.000,0.002,0.139,0.078,11571,11269,-128,128,36,16.000,11600,11286
157861,-0.120,-0.001,0.001,0.001,0.424,-0.537,-0.525,-0.507,0.000,0.002,0.138,0.076,11575,11280,-127,127,36,16.000,11600,11235
157961,-0.100,-0.001,0.000,0.002,0.424,-0.539,-0.520,-0.509,0.000,0.002,0.134,0.073,11589,11313,-126,126,36,16.000,11600,11235
158061,-0.070,0.002,0.000,0.004,0.427,-0.543,-0.517,-0.506,0.000,0.002,0.136,0.059,11562,11379,-127,127,36,16.000,11574,11363
158161,0.400,-0.003,-0.001,0.000,0.431,-0.545,-0.515,-0.502,0.000,0.002,0.135,0.047,11484,11334,-127,127,36,16.000,11574,11363
158261,0.300,-0.001,0.001,0.000,0.426,-0.548,-0.510,-0.508,0.000,0.002,0.133,0.052,11431,11209,-126,126,36,16.000,11574,11363
158361,-0.170,-0.003,-0.001,-0.001,0.431,-0.546,-0.508,-0.508,0.000,0.001,0.124,0.046,11436,11248,-124,124,36,15.990,11467,11261
158461,-0.030,-0.000,0.001,0.001,0.428,-0.547,-0.507,-0.510,0.000,0.001,0.125,0.049,11447,11232,-125,125,36,15.990,11467,11261
158561,-0.240,-0.000,0.002,0.001,0.431,-0.546,-0.503,-0.513,0.000,0.001,0.114,0.046,11474,11289,-122,122,36,15.970,11415,11261
158661,-0.370,0.003,0.001,0.004,0.442,-0.544,-0.498,-0.510,0.000,0.001,0.100,0.027,11493,11438,-119,119,36,15.970,11415,11261
158761,-0.030,0.001,-0.000,0.003,0.450,-0.547,-0.497,-0.502,0.000,0.000,0.103,0.007,11469,11508,-121,121,36,16.010,11520,11494
158861,0.050,0.003,-0.000,0.003,0.456,-0.548,-0.495,-0.496,0.000,-0.000,0.103,-0.010,11413,11508,-121,121,36,16.010,11520,11494
158961,0.030,0.001,0.001,-0.000,0.461,-0.548,-0.494,-0.494,0.000,-0.001,0.100,-0.017,11411,11486,-119,119,36,15.990,11389,11494
159061,0.200,0.003,0.008,-0.002,0.470,-0.536,-0.494,-0.498,0.000,-0.000,0.073,-0.011,11441,11434,-111,111,36,15.990,11389,11494
159161,-0.200,0.002,0.003,-0.000,0.480,-0.523,-0.491,-0.505,0.000,-0.000,0.040,-0.007,11475,11443,-105,105,36,15.990,11389,11494
159261,0.160,-0.001,0.004,0.001,0.487,-0.518,-0.484,-0.510,0.000,-0.000,0.018,-0.010,11434,11445,-101,101,36,15.990,11467,11441
159361,0.350,-0.002,0.000,0.005,0.488,-0.523,-0.477,-0.510,0.000,-0.000,0.014,-0.025,11330,11451,-102,102,36,15.990,11467,11441
159461,-0.320,0.000,0.005,0.002,0.497,-0.526,-0.467,-0.508,0.000,-0.001,-0.001,-0.048,11260,11502,-98,98,36,16.000,11312,11467
159561,-0.240,0.004,0.007,-0.002,0.508,-0.514,-0.461,-0.515,0.000,0.000,-0.036,-0.047,11341,11498,-89,89,36,16.000,11312,11467
159661,-0.410,0.008,-0.002,-0.001,0.515,-0.501,-0.472,-0.511,0.000,0.001,-0.043,-0.034,11427,11480,-90,91,36,16.000,11415,11494
159761,-0.180,0.004,-0.008,0.002,0.516,-0.497,-0.488,-0.499,0.000,0.001,-0.018,-0.026,11475,11509,-98,98,36,16.000,11415,11494
159861,0.230,-0.002,-0.007,0.005,0.512,-0.512,-0.496,-0.479,0.000,0.001,0.027,-0.049,11362,11593,-109,109,37,15.990,11363,11547
159961,-0.530,-0.003,-0.008,-0.001,0.500,-0.529,-0.498,-0.471,0.000,0.000,0.067,-0.060,11407,11650,-118,118,37,15.990,11363,11547
160061,0.210,-0.002,0.007,-0.002,0.497,-0.532,-0.494,-0.475,0.000,-0.003,0.065,-0.060,11349,11555,-112,112,36,16.010,11312,11600
160161,-0.330,-0.004,0.015,-0.006,0.503,-0.514,-0.483,-0.500,0.000,-0.000,0.005,-0.033,11491,11490,-95,94,36,16.010,11312,11600
160261,-0.080,0.002,-0.002,-0.004,0.505,-0.495,-0.479,-0.520,0.000,0.000,-0.040,-0.001,11633,11473,-89,89,36,15.990,11655,11467
160361,-0.130,0.002,-0.004,0.003,0.501,-0.501,-0.488,-0.509,0.000,0.000,-0.010,-0.005,11561,11545,-100,100,36,15.990,11655,11467
160461,-0.180,0.002,-0.011,0.004,0.497,-0.514,-0.494,-0.494,0.000,-0.000,0.027,-0.022,11477,11606,-110,111,36,15.990,11655,11467
160561,-0.060,0.002,-0.008,0.004,0.491,-0.529,-0.507,-0.471,0.000,-0.000,0.085,-0.043,11461,11704,-123,123,36,16.000,11467,11574
160661,-0.060,0.002,0.006,0.004,0.495,-0.536,-0.505,-0.461,0.000,-0.000,0.095,-0.064,11424,11763,-119,120,36,16.000,11467,11574
160761,-0.120,-0.001,0.005,-0.000,0.507,-0.528,-0.495,-0.468,0.000,0.001,0.060,-0.072,11444,11762,-109,109,36,15.970,11415,11764
160861,-0.310,-0.001,0.001,-0.005,0.504,-0.523,-0.498,-0.473,0.000,0.001,0.054,-0.057,11524,11682,-110,110,36,15.970,11415,11764
160961,0.280,0.001,0.005,-0.007,0.499,-0.509,-0.503,-0.488,0.000,0.000,0.036,-0.018,11624,11530,-105,105,36,15.980,11520,11655
161061,0.200,0.003,0.002,-0.004,0.502,-0.492,-0.508,-0.498,0.000,-0.000,0.010,0.012,11670,11470,-100,100,36,15.980,11520,11655
161161,-0.260,-0.002,-0.000,0.004,0.500,-0.493,-0.509,-0.497,0.000,0.000,0.015,0.012,11620,11544,-103,103,37,15.980,11655,11441
161261,0.200,-0.000,-0.002,0.006,0.509,-0.500,-0.500,-0.491,0.000,0.000,0.011,-0.018,11466,11641,-103,103,37,15.980,11655,11441
161361,-0.070,0.000,-0.005,0.002,0.507,-0.512,-0.502,-0.478,0.000,0.000,0.041,-0.040,11422,11688,-111,111,37,15.990,11441,11655
161461,0.540,0.002,0.002,0.002,0.509,-0.515,-0.499,-0.476,0.000,0.001,0.040,-0.049,11318,11592,-108,108,37,15.990,11441,11655
161561,0.410,0.003,0.002,0.006,0.521,-0.514,-0.493,-0.471,0.000,0.002,0.025,-0.071,11121,11520,-104,104,37,15.990,11286,11600
161661,-0.290,0.002,0.000,-0.002,0.528,-0.513,-0.492,-0.465,0.000,0.003,0.021,-0.084,11158,11556,-104,104,37,15.990,11286,11600
161761,-0.100,-0.001,-0.005,-0.003,0.523,-0.510,-0.499,-0.466,0.000,0.002,0.030,-0.068,11279,11521,-107,107,36,15.970,11286,11600
161861,0.030,0.003,-0.002,-0.003,0.516,-0.508,-0.512,-0.462,0.000,0.000,0.052,-0.050,11395,11525,-112,112,36,15.970,11286,11600
161961,0.260,-0.003,0.005,-0.005,0.511,-0.500,-0.517,-0.471,0.000,-0.000,0.046,-0.023,11553,11531,-108,108,36,15.980,11494,11574
162061,0.500,-0.002,-0.007,0.004,0.511,-0.505,-0.507,-0.475,0.000,0.000,0.037,-0.035,11345,11549,-110,110,36,15.980,11494,11574
162161,0.090,0.006,-0.004,0.002,0.510,-0.520,-0.518,-0.449,0.000,-0.000,0.087,-0.066,11218,11605,-121,121,37,15.980,11261,11627
162261,0.690,0.002,0.005,-0.001,0.519,-0.510,-0.517,-0.451,0.000,0.001,0.066,-0.063,11140,11437,-111,111,37,15.980,11261,11627
162361,-0.030,-0.006,-0.004,-0.003,0.512,-0.511,-0.517,-0.457,0.000,0.000,0.068,-0.051,11216,11403,-114,114,37,15.990,11135,11363
162461,0.010,-0.002,-0.001,-0.001,0.500,-0.517,-0.519,-0.462,0.000,-0.000,0.084,-0.037,11299,11408,-118,118,37,15.990,11135,11363
162561,-0.140,-0.002,-0.002,-0.001,0.495,-0.517,-0.520,-0.466,0.000,-0.000,0.086,-0.028,11334,11413,-118,118,37,15.970,11337,11441
162661,-0.040,0.001,0.000,0.000,0.492,-0.519,-0.522,-0.465,0.000,-0.001,0.094,-0.026,11327,11433,-119,119,37,15.970,11337,11441
162761,-0.060,-0.000,0.002,0.002,0.495,-0.518,-0.520,-0.465,0.000,-0.001,0.088,-0.029,11300,11457,-117,117,37,15.980,11286,11441
162861,0.000,-0.002,0.000,0.002,0.498,-0.521,-0.512,-0.466,0.000,-0.000,0.079,-0.043,11239,11485,-115,115,37,15.980,11286,11441
162961,0.070,-0.003,-0.002,0.000,0.494,-0.527,-0.508,-0.469,0.424,-0.000,0.083,-0.045,11306,11529,-117,117,37,15.980,11337,11520
163061,0.040,-0.001,-0.000,0.000,0.493,-0.529,-0.507,-0.469,1.000,-0.000,0.084,-0.045,11517,11726,-117,117,37,15.980,11337,11520
163161,-0.170,-0.000,-0.002,-0.001,0.489,-0.531,-0.509,-0.469,1.000,-0.000,0.092,-0.041,11771,11941,-119,119,37,15.980,11337,11520
163261,0.050,-0.000,0.000,-0.001,0.487,-0.531,-0.512,-0.469,1.000,-0.001,0.098,-0.036,11988,12124,-120,120,37,15.960,11737,11876
163361,-0.260,0.001,0.001,-0.000,0.486,-0.529,-0.513,-0.470,1.000,-0.001,0.097,-0.032,12200,12324,-119,119,37,15.960,11737,11876
163461,-0.040,0.000,-0.000,0.000,0.490,-0.526,-0.513,-0.469,1.000,-0.001,0.091,-0.034,12409,12555,-118,118,37,15.970,12165,12315
163561,0.210,0.001,0.000,-0.001,0.489,-0.527,-0.515,-0.467,1.000,-0.001,0.098,-0.034,12579,12723,-120,120,37,15.970,12165,12315
163661,0.210,0.001,0.000,-0.000,0.488,-0.527,-0.516,-0.467,1.000,-0.001,0.097,-0.032,12785,12916,-119,119,37,15.970,12562,12658
163761,0.090,0.000,-0.000,-0.001,0.488,-0.525,-0.516,-0.469,1.000,-0.001,0.095,-0.029,12955,13069,-119,119,37,15.970,12562,12658
163861,-0.070,0.001,-0.001,-0.000,0.487,-0.524,-0.518,-0.469,1.000,-0.001,0.097,-0.024,13160,13249,-120,120,37,15.970,12919,13020
163961,0.030,0.001,0.000,-0.000,0.488,-0.523,-0.518,-0.469,1.000,-0.001,0.096,-0.025,13344,13451,-119,119,37,15.970,12919,13020
164061,0.010,-0.001,-0.000,-0.000,0.487,-0.523,-0.518,-0.470,1.000,-0.001,0.095,-0.023,13546,13644,-119,119,37,15.950,13333,13513
164161,-0.110,0.001,-0.000,-0.000,0.486,-0.523,-0.519,-0.470,1.000,-0.001,0.098,-0.021,13716,13802,-120,120,37,15.950,13333,13513
164261,0.070,-0.003,-0.002,-0.000,0.482,-0.526,-0.520,-0.470,1.000,-0.001,0.105,-0.017,13900,13969,-122,122,37,15.920,13736,13774
164361,0.210,-0.002,0.001,0.001,0.479,-0.529,-0.516,-0.473,1.000,-0.001,0.103,-0.019,14045,14134,-120,120,37,15.920,13736,13774
164461,-0.010,-0.002,0.000,0.000,0.478,-0.532,-0.512,-0.476,1.000,-0.001,0.102,-0.021,14228,14328,-120,120,37,15.930,14084,14164
164561,0.230,-0.001,0.001,0.000,0.476,-0.533,-0.510,-0.478,1.000,-0.001,0.100,-0.021,14365,14460,-120,120,37,15.930,14084,14164
164661,0.120,-0.001,0.001,-0.000,0.476,-0.535,-0.507,-0.480,1.000,-0.001,0.098,-0.021,14529,14623,-119,119,37,15.920,14409,14492
164761,0.070,-0.002,-0.001,-0.001,0.473,-0.535,-0.506,-0.483,0.192,-0.001,0.097,-0.018,14675,14745,-119,119,37,15.920,14409,14492
164861,-0.130,0.001,0.001,0.000,0.474,-0.535,-0.506,-0.484,0.000,-0.001,0.094,-0.017,14680,14758,-118,119,37,15.920,14705,14749
164961,-0.080,-0.000,-0.000,0.001,0.475,-0.535,-0.505,-0.484,0.000,-0.001,0.092,-0.020,14691,14786,-118,118,37,15.920,14705,14749
165061,0.190,0.000,-0.000,0.001,0.476,-0.535,-0.503,-0.483,0.000,-0.001,0.091,-0.024,14668,14784,-118,118,37,15.910,14749,14792
165161,0.230,-0.000,0.001,0.000,0.478,-0.535,-0.502,-0.483,0.267,-0.001,0.088,-0.025,14679,14791,-117,117,37,15.910,14749,14792
165261,-0.230,-0.000,-0.000,-0.001,0.478,-0.534,-0.502,-0.484,1.000,-0.001,0.085,-0.023,14877,14971,-117,117,37,15.900,14705,14836
165361,-0.070,0.001,-0.001,-0.001,0.479,-0.531,-0.505,-0.483,1.000,-0.001,0.086,-0.020,15044,15119,-117,117,37,15.900,14705,14836
165461,0.140,-0.000,-0.001,0.001,0.477,-0.533,-0.506,-0.482,1.000,-0.001,0.090,-0.021,15198,15288,-118,119,37,15.900,15060,15151
165561,-0.010,0.001,0.001,0.001,0.480,-0.533,-0.503,-0.482,1.000,-0.001,0.086,-0.027,15327,15446,-117,117,37,15.900,15060,15151
165661,0.090,-0.001,0.000,0.000,0.480,-0.534,-0.501,-0.483,1.000,-0.001,0.084,-0.029,15505,15624,-117,117,37,15.910,15337,15479
165761,-0.190,-0.001,0.001,0.000,0.480,-0.535,-0.499,-0.484,1.000,-0.001,0.080,-0.031,15677,15796,-116,116,37,15.910,15337,15479
165861,0.220,0.000,-0.000,-0.000,0.481,-0.534,-0.497,-0.486,1.000,-0.001,0.077,-0.031,15849,15961,-115,115,37,15.900,15673,15822
165961,0.000,0.001,0.001,0.000,0.482,-0.533,-0.497,-0.486,1.000,-0.001,0.074,-0.031,16000,16110,-114,115,37,15.900,15673,15822
166061,0.010,-0.001,-0.000,0.000,0.482,-0.534,-0.496,-0.487,1.000,-0.001,0.074,-0.031,16153,16260,-115,115,37,15.900,16025,16077
166161,-0.080,0.001,0.001,-0.001,0.482,-0.532,-0.496,-0.488,1.000,-0.001,0.070,-0.030,16304,16402,-114,114,37,15.900,16025,16077
166261,0.250,-0.000,0.001,0.001,0.483,-0.533,-0.495,-0.488,1.000,-0.001,0.069,-0.031,16430,16541,-113,114,37,15.880,16339,16447
166361,-0.480,0.001,0.000,-0.000,0.485,-0.530,-0.495,-0.488,0.941,-0.001,0.063,-0.032,16596,16704,-112,112,37,15.880,16339,16447
166461,-0.110,-0.000,-0.000,-0.000,0.485,-0.530,-0.496,-0.488,0.855,-0.001,0.063,-0.030,16725,16821,-113,113,37,15.890,16556,16666
166561,-0.270,-0.000,0.001,0.000,0.485,-0.528,-0.496,-0.490,0.000,-0.001,0.061,-0.027,16769,16853,-112,112,37,15.890,16556,16666
166661,-0.180,-0.001,0.001,0.000,0.485,-0.527,-0.494,-0.493,0.000,-0.001,0.055,-0.025,16770,16851,-111,111,37,15.880,16835,16835
166761,0.000,-0.000,0.000,0.001,0.485,-0.528,-0.493,-0.493,0.000,-0.001,0.054,-0.026,16779,16871,-111,111,37,15.880,16835,16835
166861,0.280,-0.000,0.000,0.000,0.486,-0.528,-0.492,-0.493,1.000,-0.001,0.052,-0.027,16905,17000,-110,110,38,15.860,16835,16949
166961,-0.210,0.000,0.000,-0.001,0.486,-0.527,-0.493,-0.494,1.000,-0.001,0.051,-0.025,17054,17135,-110,110,38,15.860,16835,16949
167061,0.120,0.001,0.001,-0.001,0.485,-0.524,-0.494,-0.495,1.000,-0.000,0.050,-0.019,17200,17258,-110,110,38,15.850,17006,17182
167161,0.510,0.002,0.002,0.000,0.489,-0.521,-0.494,-0.496,1.000,-0.000,0.041,-0.020,17350,17420,-107,107,38,15.850,17006,17182
167261,0.010,0.003,0.003,0.000,0.497,-0.514,-0.493,-0.495,1.000,-0.000,0.026,-0.022,17489,17574,-103,104,38,15.860,17301,17482
167361,0.290,0.001,0.000,0.001,0.503,-0.511,-0.492,-0.494,1.000,0.000,0.018,-0.027,17608,17713,-103,103,38,15.860,17301,17482
167461,0.010,-0.000,0.001,0.000,0.503,-0.511,-0.492,-0.494,1.000,0.001,0.016,-0.029,17737,17838,-103,103,38,15.850,17605,17667
167561,0.270,-0.001,-0.001,-0.001,0.501,-0.511,-0.491,-0.496,1.000,-0.000,0.017,-0.025,17868,17947,-104,104,38,15.850,17605,17667
167661,0.190,0.000,0.000,-0.000,0.500,-0.511,-0.492,-0.497,1.000,-0.000,0.018,-0.022,18025,18091,-103,104,38,15.840,17857,17921
167761,-0.290,0.001,0.001,0.000,0.501,-0.511,-0.492,-0.497,1.000,-0.000,0.016,-0.023,18162,18238,-103,103,38,15.840,17857,17921
167861,0.150,-0.000,0.000,-0.001,0.505,-0.506,-0.493,-0.497,1.000,0.000,0.009,-0.021,18294,18361,-101,101,38,15.880,18181,17006
167961,0.000,0.001,0.002,-0.001,0.505,-0.504,-0.494,-0.496,1.000,0.001,0.007,-0.020,18430,18495,-101,101,38,15.880,18181,17006
168061,0.000,0.001,0.000,-0.001,0.507,-0.501,-0.494,-0.498,1.000,0.000,-0.000,-0.016,18579,18628,-99,99,38,15.830,18450,18382
168161,0.190,0.002,0.003,-0.001,0.510,-0.495,-0.495,-0.499,1.000,0.000,-0.008,-0.012,18700,18738,-97,97,38,15.830,18450,18382
168261,0.020,0.000,0.002,-0.000,0.517,-0.489,-0.492,-0.501,1.000,0.000,-0.025,-0.012,18824,18872,-93,93,38,15.830,18796,18726
168361,-0.270,-0.000,0.002,0.001,0.519,-0.487,-0.490,-0.503,1.000,0.001,-0.035,-0.014,18963,19021,-91,92,38,15.830,18796,18726
168461,-0.110,-0.001,-0.001,0.000,0.521,-0.486,-0.488,-0.505,1.000,0.001,-0.040,-0.014,19103,19161,-91,91,38,15.820,19083,18939
168561,0.200,0.000,-0.001,0.000,0.519,-0.489,-0.487,-0.504,0.847,0.001,-0.035,-0.016,19224,19290,-92,92,38,15.820,19083,18939
168661,-0.220,0.001,-0.000,-0.000,0.519,-0.489,-0.489,-0.502,0.635,0.001,-0.032,-0.016,19323,19382,-92,93,38,15.800,19230,19305
168761,0.050,0.001,0.000,-0.000,0.520,-0.487,-0.491,-0.501,0.000,0.000,-0.031,-0.014,19354,19403,-92,92,38,15.800,19230,19305
168861,0.090,-0.001,-0.000,-0.001,0.520,-0.486,-0.492,-0.502,0.000,0.000,-0.032,-0.011,19371,19412,-91,92,38,15.810,19305,19379
168961,-0.110,-0.001,0.000,0.000,0.519,-0.487,-0.491,-0.502,0.173,0.000,-0.031,-0.012,19368,19418,-91,91,38,15.810,19305,19379
169061,-0.060,0.000,0.000,0.001,0.519,-0.489,-0.489,-0.503,1.000,0.001,-0.034,-0.015,19451,19518,-90,91,38,15.790,19305,19455
169161,-0.150,-0.001,0.000,-0.000,0.520,-0.488,-0.488,-0.503,1.000,0.001,-0.036,-0.016,19601,19661,-90,90,38,15.790,19305,19455
169261,0.210,0.001,0.000,-0.000,0.519,-0.487,-0.490,-0.503,1.000,0.001,-0.033,-0.012,19729,19773,-90,90,38,15.780,19607,19762
169361,0.060,0.000,0.001,-0.000,0.520,-0.485,-0.490,-0.504,1.000,0.000,-0.038,-0.011,19855,19898,-88,89,38,15.780,19607,19762
169461,-0.010,-0.001,0.000,0.000,0.520,-0.484,-0.490,-0.505,1.000,0.000,-0.040,-0.010,19983,20024,-88,88,38,15.790,19685,20000
169561,0.020,-0.001,0.000,0.001,0.521,-0.485,-0.487,-0.505,0.867,0.000,-0.043,-0.013,20106,20166,-87,87,38,15.790,19685,20120
169661,-0.050,0.000,0.000,-0.000,0.521,-0.487,-0.485,-0.506,0.616,0.001,-0.044,-0.017,20186,20253,-86,86,38,15.750,20080,20120
169761,-0.380,-0.000,-0.001,-0.001,0.520,-0.486,-0.486,-0.507,0.000,0.000,-0.044,-0.013,20225,20266,-86,86,38,15.750,20080,20120
169861,-0.070,0.001,0.000,-0.001,0.518,-0.484,-0.490,-0.507,0.000,0.000,-0.040,-0.006,20226,20244,-87,87,39,15.770,20120,20408
169961,-0.140,-0.000,0.001,-0.001,0.519,-0.483,-0.490,-0.508,0.000,0.000,-0.042,-0.003,20219,20238,-85,86,39,15.770,20491,20202
170061,-0.220,-0.000,-0.001,0.000,0.517,-0.482,-0.491,-0.508,0.000,0.000,-0.041,0.000,20223,20238,-86,86,39,15.750,20491,20202
170161,-0.040,-0.000,0.000,0.000,0.518,-0.483,-0.489,-0.509,0.247,0.000,-0.045,-0.003,20229,20262,-84,84,39,15.750,20491,20202
170261,0.300,-0.001,0.000,0.000,0.518,-0.485,-0.488,-0.509,0.659,0.000,-0.043,-0.006,20268,20309,-84,84,39,15.750,20120,20120
170361,0.330,0.000,0.001,-0.000,0.518,-0.484,-0.487,-0.510,1.000,0.000,-0.045,-0.005,20382,20416,-83,83,39,15.750,20242,20408
170461,0.440,0.000,0.000,0.000,0.519,-0.483,-0.487,-0.510,1.000,0.000,-0.048,-0.005,20506,20543,-82,82,39,15.740,20242,20408
170561,-0.250,-0.000,-0.000,0.000,0.519,-0.484,-0.486,-0.511,0.820,0.000,-0.049,-0.006,20636,20673,-82,82,39,15.740,20242,20408
170661,0.470,-0.000,0.001,-0.000,0.519,-0.483,-0.484,-0.512,0.000,0.000,-0.053,-0.005,20677,20710,-80,80,39,15.730,20661,20618
170761,-0.520,-0.000,0.001,-0.000,0.520,-0.482,-0.483,-0.514,0.000,0.000,-0.058,-0.006,20690,20727,-79,79,39,15.730,20661,20618
170861,-0.250,0.001,0.000,0.000,0.521,-0.482,-0.482,-0.513,0.000,0.000,-0.059,-0.007,20691,20731,-78,78,39,15.730,20790,20746
170961,-0.010,0.001,0.001,0.000,0.523,-0.480,-0.482,-0.513,0.000,0.000,-0.064,-0.008,20697,20741,-76,77,39,15.730,20790,20746
171061,-0.040,0.000,0.001,0.001,0.526,-0.479,-0.481,-0.512,0.431,0.001,-0.067,-0.012,20720,20780,-75,75,39,15.710,20661,20790
171161,0.210,0.000,0.002,0.001,0.531,-0.479,-0.477,-0.511,1.000,0.001,-0.075,-0.020,20793,20878,-73,73,39,15.710,20661,20790
171261,-0.010,-0.001,0.002,0.000,0.534,-0.478,-0.473,-0.513,1.000,0.002,-0.086,-0.025,20909,20997,-70,69,39,15.710,20790,20833
171361,-0.120,-0.003,-0.002,-0.001,0.531,-0.480,-0.472,-0.515,1.000,0.002,-0.084,-0.024,21047,21117,-71,71,39,15.710,20790,20833
171461,0.020,-0.002,-0.004,-0.002,0.523,-0.484,-0.474,-0.516,1.000,0.001,-0.070,-0.017,21184,21226,-74,74,39,15.690,20964,21231
171561,-0.470,0.001,-0.003,-0.003,0.513,-0.488,-0.483,-0.515,1.000,0.000,-0.046,-0.004,21337,21332,-79,79,39,15.690,20964,21231
171661,-0.030,0.003,0.001,0.001,0.515,-0.485,-0.487,-0.512,1.000,-0.000,-0.044,0.000,21459,21465,-77,77,39,15.700,21276,21321
171761,-0.210,0.001,0.000,0.000,0.519,-0.481,-0.489,-0.510,1.000,0.000,-0.047,-0.001,21583,21603,-75,75,39,15.700,21276,21321
171861,0.110,-0.001,0.000,0.000,0.521,-0.480,-0.488,-0.510,1.000,-0.000,-0.052,-0.002,21703,21730,-74,74,40,15.710,21691,21739
171961,0.060,-0.001,-0.000,0.000,0.518,-0.483,-0.488,-0.510,1.000,0.000,-0.046,-0.002,21813,21842,-75,75,40,15.710,21691,21739
172061,0.060,0.001,0.000,0.000,0.520,-0.482,-0.486,-0.511,1.000,0.000,-0.052,-0.004,21922,21957,-73,73,40,15.680,21834,21881
172161,-0.230,-0.000,0.002,-0.001,0.522,-0.479,-0.485,-0.513,0.961,0.000,-0.058,-0.003,22045,22070,-71,71,40,15.680,21834,21881
172261,-0.040,-0.000,0.001,-0.001,0.522,-0.477,-0.485,-0.514,0.000,-0.000,-0.063,0.001,22065,22079,-70,70,40,15.690,21978,21978
172361,0.040,-0.000,0.003,0.000,0.525,-0.474,-0.482,-0.517,0.000,0.000,-0.075,0.001,22073,22091,-66,66,40,15.690,21978,21978
172461,0.040,-0.001,0.001,0.000,0.525,-0.475,-0.480,-0.518,0.000,-0.000,-0.078,-0.001,22074,22100,-65,65,40,15.680,22271,22321
172561,0.250,-0.001,0.004,0.001,0.528,-0.472,-0.475,-0.522,0.000,0.000,-0.091,-0.002,22069,22101,-61,61,40,15.680,22271,22321
172661,0.040,0.001,0.007,0.002,0.538,-0.465,-0.466,-0.526,0.000,0.001,-0.121,-0.010,22061,22119,-52,52,40,15.640,22075,22075
172761,0.020,-0.003,-0.002,-0.001,0.542,-0.462,-0.459,-0.531,0.000,0.001,-0.142,-0.013,22047,22103,-49,49,40,15.640,22075,22075
172861,0.110,-0.007,-0.004,-0.003,0.528,-0.472,-0.459,-0.536,0.000,0.000,-0.122,-0.006,22069,22089,-55,54,40,15.680,22026,22123
172961,-0.330,-0.001,-0.004,-0.002,0.516,-0.480,-0.461,-0.539,0.600,-0.000,-0.103,0.002,22129,22129,-57,58,40,15.680,22026,22123
173061,-0.210,0.002,-0.001,0.000,0.514,-0.480,-0.465,-0.537,1.000,-0.000,-0.096,0.007,22264,22260,-57,57,40,15.660,22075,22222
173161,0.240,0.002,-0.004,0.000,0.514,-0.481,-0.473,-0.530,1.000,-0.000,-0.079,0.006,22386,22393,-61,61,40,15.660,22075,22222
173261,-0.610,0.003,-0.003,0.000,0.513,-0.483,-0.482,-0.520,1.000,-0.000,-0.058,0.005,22508,22521,-64,65,40,15.660,22271,22522
173361,0.020,0.003,-0.004,-0.001,0.511,-0.485,-0.491,-0.513,0.580,-0.000,-0.037,0.009,22598,22593,-69,69,40,15.660,22271,22522
173461,0.020,0.002,-0.001,0.000,0.508,-0.485,-0.499,-0.508,0.478,-0.000,-0.022,0.013,22636,22625,-70,70,41,15.630,22779,22727
173561,-0.170,-0.001,-0.002,0.001,0.510,-0.485,-0.500,-0.505,0.776,-0.000,-0.018,0.011,22689,22692,-70,70,41,15.630,22779,22727
173661,0.340,-0.001,-0.000,0.001,0.507,-0.490,-0.500,-0.503,0.906,-0.000,-0.008,0.007,22778,22794,-72,72,40,15.610,22883,22675
173761,0.330,-0.002,0.001,-0.000,0.507,-0.490,-0.498,-0.505,0.824,-0.000,-0.013,0.006,22858,22871,-70,70,40,15.610,22883,22675
173861,0.450,-0.002,-0.000,-0.001,0.504,-0.492,-0.495,-0.508,0.000,-0.000,-0.015,0.008,22890,22891,-70,70,40,15.610,22883,22883
173961,-0.010,-0.001,0.001,-0.001,0.502,-0.492,-0.494,-0.512,0.000,-0.000,-0.018,0.013,22912,22899,-69,69,40,15.610,22883,22883
174061,-0.060,-0.001,-0.001,-0.000,0.499,-0.494,-0.492,-0.515,0.353,-0.000,-0.016,0.014,22914,22903,-69,70,40,15.610,22883,22883
174161,-0.060,0.001,0.001,0.001,0.499,-0.493,-0.491,-0.516,1.000,-0.000,-0.020,0.014,23020,23014,-68,68,41,15.600,22988,22935
174261,0.150,0.001,-0.001,0.000,0.502,-0.494,-0.492,-0.513,1.000,-0.000,-0.018,0.009,23136,23146,-69,69,41,15.600,22988,22935
174361,0.570,-0.000,0.001,0.000,0.503,-0.494,-0.491,-0.511,1.000,0.000,-0.018,0.006,23219,23235,-68,68,41,15.580,23201,23201
174461,-0.110,0.000,-0.000,-0.001,0.503,-0.493,-0.492,-0.512,1.000,-0.000,-0.019,0.008,23317,23315,-68,68,41,15.580,23201,23201
174561,0.010,-0.000,-0.000,-0.001,0.501,-0.492,-0.493,-0.514,1.000,-0.000,-0.019,0.015,23423,23400,-68,68,41,15.580,23255,23310
174661,-0.070,0.000,-0.000,0.000,0.499,-0.493,-0.494,-0.514,1.000,-0.000,-0.016,0.016,23529,23511,-69,69,41,15.580,23255,23310
174761,-0.080,-0.000,0.000,0.001,0.500,-0.492,-0.494,-0.514,1.000,-0.000,-0.018,0.015,23620,23611,-68,68,41,15.530,23364,23419
174861,-0.100,-0.000,0.001,0.001,0.502,-0.493,-0.492,-0.513,1.000,-0.000,-0.018,0.010,23735,23740,-67,67,41,15.530,23364,23419
174961,0.360,0.002,0.001,0.002,0.504,-0.493,-0.490,-0.513,1.000,-0.000,-0.023,0.005,23837,23857,-66,66,41,15.550,23866,23866
175061,0.160,0.001,0.001,0.001,0.510,-0.491,-0.488,-0.511,1.000,0.000,-0.031,-0.002,23928,23961,-64,64,41,15.550,23866,23866
175161,0.130,-0.002,-0.002,0.001,0.509,-0.492,-0.488,-0.511,1.000,0.000,-0.029,-0.003,24026,24053,-65,65,41,15.520,23866,24096
175261,0.250,-0.000,0.001,0.001,0.508,-0.495,-0.486,-0.511,1.000,0.000,-0.026,-0.007,24117,24152,-65,65,41,15.520,23866,24096
175361,-0.230,0.000,-0.002,-0.001,0.508,-0.495,-0.487,-0.511,0.125,0.000,-0.025,-0.006,24179,24201,-65,65,42,15.530,24154,24213
175461,0.230,-0.000,0.000,-0.001,0.504,-0.496,-0.489,-0.511,0.000,0.000,-0.020,-0.001,24184,24190,-66,66,42,15.530,24154,24213
175561,0.210,0.001,-0.000,-0.000,0.504,-0.495,-0.490,-0.511,0.000,-0.000,-0.020,0.002,24189,24193,-66,66,42,15.520,24330,24213
175661,0.240,0.001,-0.001,-0.002,0.502,-0.493,-0.493,-0.511,0.757,-0.000,-0.016,0.009,24240,24221,-67,67,42,15.520,24330,24213
175761,0.390,0.002,-0.001,-0.001,0.499,-0.493,-0.499,-0.509,1.000,-0.000,-0.006,0.017,24334,24299,-69,69,42,15.520,24330,24213
175861,-0.230,0.004,0.003,0.001,0.504,-0.486,-0.501,-0.508,1.000,-0.000,-0.014,0.019,24427,24400,-65,66,42,15.480,24330,24271
175961,-0.020,0.003,-0.000,0.002,0.510,-0.484,-0.502,-0.504,1.000,-0.000,-0.018,0.013,24497,24497,-65,65,42,15.480,24330,24271
176061,-0.430,0.002,0.003,0.003,0.520,-0.480,-0.500,-0.499,1.000,0.000,-0.028,0.000,24579,24618,-62,62,42,15.470,24330,24449
176161,-0.270,-0.003,0.002,0.003,0.529,-0.479,-0.492,-0.499,0.953,0.001,-0.046,-0.016,24660,24738,-58,57,42,15.470,24330,24449
176261,0.150,-0.005,-0.001,0.005,0.529,-0.491,-0.478,-0.501,0.000,0.002,-0.050,-0.040,24683,24820,-58,58,42,15.490,24691,24875
176361,0.190,-0.003,0.001,0.003,0.525,-0.505,-0.467,-0.501,0.000,0.000,-0.043,-0.063,24663,24842,-59,59,42,15.490,24691,24875
176461,0.300,0.001,0.004,0.001,0.529,-0.504,-0.459,-0.505,0.000,0.000,-0.060,-0.070,24671,24837,-53,54,42,15.470,24630,24691
176561,-0.010,-0.001,0.001,0.000,0.536,-0.501,-0.454,-0.506,0.000,0.001,-0.076,-0.077,24674,24843,-50,50,42,15.470,24630,24691
176661,-0.660,-0.002,-0.003,-0.003,0.533,-0.503,-0.452,-0.508,0.000,0.001,-0.075,-0.076,24690,24836,-51,51,42,15.450,24570,24752
176761,0.430,0.001,-0.005,-0.006,0.519,-0.505,-0.464,-0.510,0.000,0.001,-0.049,-0.051,24715,24770,-58,58,42,15.450,24570,24752
176861,-0.450,0.004,-0.002,-0.005,0.507,-0.500,-0.482,-0.510,0.000,0.000,-0.024,-0.015,24775,24738,-62,63,42,15.450,24570,24752
176961,-0.610,0.008,0.006,-0.001,0.515,-0.484,-0.493,-0.508,0.000,-0.000,-0.034,0.003,24784,24742,-56,57,43,15.460,24813,24630
177061,0.260,-0.001,-0.002,-0.000,0.525,-0.472,-0.495,-0.507,0.000,-0.000,-0.054,0.006,24751,24734,-53,52,43,15.460,24813,24630
177161,-0.410,-0.002,-0.004,-0.003,0.515,-0.478,-0.498,-0.508,0.000,-0.000,-0.036,0.013,24786,24758,-58,58,42,15.440,24570,24691
177261,0.490,0.002,-0.001,-0.002,0.507,-0.479,-0.502,-0.511,0.000,-0.000,-0.026,0.027,24774,24716,-59,59,42,15.440,24570,24691
177361,-0.110,0.003,0.002,-0.002,0.510,-0.472,-0.508,-0.510,0.000,-0.000,-0.029,0.037,24789,24717,-57,57,43,15.490,24813,24691
177461,-0.200,0.001,-0.000,-0.000,0.512,-0.467,-0.510,-0.510,0.000,-0.000,-0.033,0.043,24787,24715,-56,57,43,15.490,24813,24691
177561,-0.050,-0.002,0.002,0.003,0.514,-0.467,-0.508,-0.510,0.000,-0.000,-0.036,0.038,24773,24730,-55,55,43,15.420,24752,24691
177661,-0.110,-0.001,0.002,0.003,0.521,-0.471,-0.499,-0.508,0.000,-0.001,-0.047,0.017,24744,24770,-52,52,43,15.420,24752,24691
177761,0.100,-0.003,-0.001,0.001,0.523,-0.475,-0.493,-0.508,0.000,-0.000,-0.051,0.005,24745,24785,-52,52,43,15.420,24752,24691
177861,-0.340,-0.001,-0.002,0.000,0.518,-0.480,-0.492,-0.509,0.000,-0.000,-0.044,0.003,24782,24806,-54,54,43,15.440,24875,24813
177961,-0.200,0.001,0.000,0.002,0.519,-0.482,-0.493,-0.505,0.000,0.000,-0.038,-0.003,24783,24817,-54,54,43,15.440,24875,24813
178061,-0.090,-0.001,0.000,0.003,0.523,-0.487,-0.488,-0.501,0.000,0.001,-0.039,-0.020,24766,24851,-53,53,43,15.460,24752,24691
178161,-0.490,0.001,0.002,0.003,0.528,-0.491,-0.482,-0.498,0.000,0.002,-0.043,-0.038,24769,24890,-51,51,43,15.460,24752,24691
178261,-0.150,0.003,0.011,0.001,0.541,-0.481,-0.473,-0.502,0.000,0.003,-0.078,-0.044,24798,24910,-40,40,43,15.440,24875,25062
178361,-0.070,-0.007,0.003,0.004,0.558,-0.471,-0.454,-0.512,0.000,0.007,-0.135,-0.060,24774,24932,-28,27,43,15.440,24875,25062
178461,-0.240,-0.016,-0.010,0.002,0.542,-0.496,-0.442,-0.515,0.000,0.002,-0.105,-0.082,24759,24964,-41,40,43,15.430,24630,24875
178561,0.880,-0.006,-0.011,-0.005,0.510,-0.529,-0.443,-0.514,0.000,-0.001,-0.038,-0.083,24746,24914,-56,57,43,15.430,24630,24875
178661,0.350,0.006,-0.009,-0.008,0.485,-0.536,-0.469,-0.507,0.000,-0.001,0.026,-0.044,24783,24806,-69,69,43,15.430,24630,24875
178761,0.460,0.012,0.005,-0.009,0.484,-0.513,-0.498,-0.505,-0.780,0.000,0.033,0.007,24775,24665,-64,65,43,15.440,24752,24813
178861,-0.180,-0.000,0.008,-0.003,0.493,-0.483,-0.509,-0.515,0.000,0.000,-0.004,0.048,24760,24591,-53,53,43,15.440,24752,24813
178961,-0.940,-0.000,-0.002,-0.001,0.491,-0.480,-0.505,-0.523,0.000,0.000,-0.018,0.056,24756,24628,-53,53,44,15.450,24813,24509
179061,-0.100,0.007,0.006,0.001,0.502,-0.470,-0.507,-0.520,0.000,0.000,-0.034,0.056,24773,24680,-48,48,44,15.450,24813,24509
179161,-0.480,-0.001,-0.004,0.003,0.511,-0.463,-0.511,-0.514,0.000,-0.000,-0.040,0.051,24797,24730,-49,49,44,15.440,24937,24937
179261,-0.020,-0.001,0.001,0.006,0.511,-0.477,-0.506,-0.506,0.000,-0.000,-0.023,0.025,24757,24782,-53,53,44,15.440,24937,24937
179361,-0.100,0.000,0.003,0.006,0.524,-0.480,-0.495,-0.499,0.000,0.000,-0.038,-0.009,24718,24826,-48,48,44,15.410,25000,24630
179461,0.360,-0.003,-0.004,-0.000,0.526,-0.487,-0.490,-0.496,0.000,0.001,-0.034,-0.026,24701,24808,-50,50,44,15.410,25000,24630
179561,-0.130,0.000,0.003,-0.003,0.521,-0.489,-0.495,-0.494,0.000,0.001,-0.021,-0.020,24735,24787,-52,52,44,15.410,25000,24630
179661,0.000,-0.000,0.000,0.000,0.523,-0.484,-0.493,-0.499,0.000,0.001,-0.034,-0.015,24730,24767,-48,48,44,15.400,24509,24752
179761,-0.590,-0.003,-0.001,-0.000,0.521,-0.485,-0.492,-0.501,0.000,0.000,-0.034,-0.012,24756,24781,-49,49,44,15.400,24509,24752
179861,-0.840,-0.002,-0.002,0.005,0.520,-0.492,-0.491,-0.497,0.000,0.001,-0.024,-0.023,24760,24836,-51,51,44,15.410,24752,24752
179961,0.330,0.002,-0.000,0.006,0.523,-0.501,-0.483,-0.492,0.000,0.002,-0.021,-0.049,24740,24895,-51,51,44,15.410,24752,24752
180061,-0.860,-0.003,-0.006,-0.001,0.528,-0.502,-0.487,-0.483,0.000,0.003,-0.012,-0.060,24791,24937,-54,54,44,15.390,24752,24875
180161,0.870,-0.002,-0.002,0.002,0.523,-0.511,-0.488,-0.477,0.000,0.003,0.009,-0.070,24784,24950,-58,58,44,15.390,24752,24875
180261,0.330,-0.001,0.007,-0.002,0.525,-0.510,-0.484,-0.480,0.000,0.003,-0.001,-0.071,24774,24917,-53,53,44,15.390,24752,24875
180361,0.310,0.001,0.000,-0.004,0.527,-0.499,-0.478,-0.496,0.000,0.003,-0.035,-0.051,24780,24851,-45,45,44,15.420,24813,24752
180461,0.250,-0.002,-0.007,-0.005,0.515,-0.497,-0.487,-0.501,0.000,0.001,-0.021,-0.024,24811,24808,-52,52,44,15.420,24813,24752
180561,0.280,0.002,-0.001,-0.003,0.500,-0.502,-0.503,-0.496,0.000,-0.000,0.021,-0.003,24865,24829,-61,62,45,15.370,24752,24630
180661,-0.420,0.007,0.019,-0.001,0.514,-0.481,-0.499,-0.505,0.000,-0.000,-0.028,0.010,24905,24868,-42,43,45,15.370,24752,24630
180761,0.620,-0.005,0.014,0.004,0.544,-0.458,-0.468,-0.526,0.000,0.000,-0.133,-0.006,24844,24891,-17,17,45,15.400,25000,24937
180861,-0.160,0.001,0.001,0.001,0.553,-0.455,-0.449,-0.534,0.000,0.003,-0.173,-0.023,24825,24915,-14,14,45,15.400,25000,24937
180961,-0.530,-0.001,-0.005,-0.001,0.550,-0.455,-0.455,-0.532,0.000,0.002,-0.160,-0.016,24841,24885,-20,20,45,15.400,25000,24937
181061,-0.090,-0.001,-0.006,0.000,0.540,-0.465,-0.466,-0.526,0.000,0.001,-0.124,-0.012,24857,24892,-28,28,45,15.390,24937,24630
181161,-0.480,-0.000,0.004,-0.003,0.534,-0.468,-0.466,-0.528,0.000,0.000,-0.117,-0.007,24887,24904,-25,25,45,15.390,24937,24630
181261,0.120,0.001,0.010,-0.004,0.541,-0.449,-0.460,-0.542,0.000,-0.001,-0.162,0.014,24956,24909,-10,10,45,15.400,24570,24630
181361,-0.250,-0.001,0.015,-0.003,0.551,-0.425,-0.446,-0.562,0.000,-0.004,-0.231,0.033,24980,24900,9,-8,45,15.400,24570,24630
181461,0.230,-0.001,0.004,-0.001,0.561,-0.407,-0.427,-0.581,0.000,-0.006,-0.297,0.040,24937,24863,23,-22,45,15.350,25000,24691
181561,-1.060,0.001,-0.011,-0.002,0.554,-0.410,-0.434,-0.580,0.000,-0.006,-0.278,0.049,24969,24880,13,-13,45,15.350,25000,24691
181661,-0.500,0.001,-0.022,-0.000,0.533,-0.434,-0.461,-0.562,0.000,-0.004,-0.189,0.056,25010,24915,-10,10,45,15.350,25000,24691
181761,0.060,0.000,-0.019,0.003,0.507,-0.466,-0.493,-0.531,0.000,-0.001,-0.068,0.051,25052,24986,-36,36,45,15.340,24813,24937
181861,-0.500,0.001,-0.011,0.004,0.492,-0.492,-0.509,-0.507,0.000,0.000,0.013,0.031,25045,25044,-48,48,45,15.340,24813,24937
181961,0.830,0.004,-0.002,-0.000,0.485,-0.504,-0.519,-0.491,0.000,0.000,0.058,0.020,25040,25048,-53,53,46,15.340,24937,25062
182061,0.790,0.002,0.008,-0.001,0.494,-0.496,-0.516,-0.494,0.000,0.000,0.036,0.021,25053,25037,-42,42,46,15.340,24937,25062
182161,0.000,-0.002,-0.004,-0.000,0.498,-0.491,-0.513,-0.498,0.000,0.000,0.019,0.022,25068,25043,-41,41,45,15.370,25252,25000
182261,-0.110,0.001,-0.008,-0.001,0.484,-0.500,-0.523,-0.492,0.000,0.001,0.057,0.030,25100,25045,-53,54,45,15.370,25252,25000
182361,1.080,0.004,0.000,0.002,0.480,-0.502,-0.534,-0.482,0.000,0.002,0.085,0.033,25049,24998,-58,58,45,15.370,25252,25000
182461,0.720,-0.001,0.016,0.003,0.502,-0.487,-0.521,-0.489,0.000,0.000,0.028,0.020,24967,24960,-38,38,46,15.340,24875,25000
182561,0.270,-0.002,-0.000,0.002,0.519,-0.479,-0.503,-0.498,0.000,-0.000,-0.024,0.004,24925,24962,-30,30,46,15.340,24875,25000
182661,-0.520,-0.002,-0.004,-0.001,0.513,-0.485,-0.505,-0.496,0.000,-0.000,-0.008,0.002,24985,25001,-39,39,46,15.350,25000,25188
182761,-0.440,0.001,-0.004,-0.002,0.505,-0.488,-0.514,-0.493,0.000,0.000,0.016,0.015,25042,25007,-45,45,46,15.350,25000,25188
182861,0.370,0.000,0.006,-0.001,0.507,-0.484,-0.514,-0.495,0.000,-0.000,0.008,0.018,25045,25010,-39,39,46,15.360,25125,24875
182961,-0.250,-0.002,0.007,-0.001,0.513,-0.473,-0.507,-0.505,0.000,-0.000,-0.027,0.026,25063,25006,-30,30,46,15.360,25125,24875
183061,-0.470,-0.001,-0.001,0.003,0.519,-0.469,-0.500,-0.511,0.000,-0.001,-0.048,0.024,25049,25013,-28,28,46,15.360,25125,24875
183161,0.650,0.000,-0.007,0.001,0.517,-0.476,-0.504,-0.502,0.000,-0.000,-0.028,0.014,25011,25007,-35,35,46,15.330,25125,24813
183261,-0.040,0.001,-0.013,0.001,0.505,-0.491,-0.517,-0.487,0.000,0.000,0.027,0.008,25002,25004,-50,50,46,15.330,25125,24813
183361,0.630,0.000,-0.017,0.001,0.490,-0.507,-0.535,-0.466,0.000,-0.000,0.098,0.001,24990,25010,-67,67,46,15.340,25125,24875
183461,0.480,0.002,-0.001,0.001,0.478,-0.519,-0.549,-0.447,0.000,-0.000,0.155,-0.006,25024,25053,-76,76,46,15.340,25125,24875
183561,-0.220,0.001,0.010,-0.000,0.490,-0.513,-0.545,-0.447,0.000,-0.001,0.132,-0.016,25024,25074,-65,65,47,15.350,25188,25000
183661,-0.090,-0.001,0.011,0.000,0.512,-0.495,-0.525,-0.467,0.000,0.000,0.052,-0.017,25003,25043,-46,46,47,15.350,25188,25000
183761,-0.190,0.000,0.005,0.000,0.523,-0.488,-0.512,-0.475,0.000,0.000,0.011,-0.024,24963,25020,-40,40,47,15.350,25188,25000
183861,-0.890,-0.001,0.000,-0.001,0.525,-0.484,-0.510,-0.480,0.000,0.000,-0.001,-0.018,24997,25026,-41,41,46,15.330,25000,24937
183961,-0.480,-0.000,0.004,0.000,0.525,-0.483,-0.507,-0.483,0.000,0.000,-0.008,-0.018,25003,25035,-40,40,46,15.330,25000,24937
184061,-1.160,0.001,0.009,-0.003,0.536,-0.469,-0.496,-0.498,0.000,0.000,-0.058,-0.009,25029,25030,-26,26,46,15.330,24875,24691
184161,-0.360,-0.001,-0.002,0.001,0.538,-0.465,-0.493,-0.502,0.000,0.000,-0.071,-0.006,25028,25033,-27,27,46,15.330,24875,24691
184261,-0.020,-0.002,-0.006,0.001,0.531,-0.475,-0.494,-0.498,0.000,0.000,-0.049,-0.013,25027,25061,-34,34,46,15.330,24875,24691
184361,-0.270,0.001,0.001,-0.001,0.524,-0.481,-0.499,-0.495,0.000,0.000,-0.028,-0.010,25074,25092,-37,37,47,15.380,25000,25000
184461,0.170,0.002,0.011,-0.000,0.536,-0.467,-0.489,-0.505,0.000,0.000,-0.075,-0.006,25097,25108,-21,21,47,15.380,25000,25000
184561,-0.150,0.001,0.004,-0.002,0.547,-0.451,-0.484,-0.513,0.000,-0.000,-0.115,0.003,25091,25071,-13,13,47,15.300,25000,25188
184661,-0.430,-0.000,-0.001,0.002,0.549,-0.447,-0.484,-0.514,0.000,-0.000,-0.120,0.007,25097,25081,-14,14,47,15.300,25000,25188
184761,-0.520,-0.002,-0.002,0.002,0.549,-0.455,-0.483,-0.509,0.000,0.001,-0.109,-0.008,25084,25123,-17,17,47,15.300,25000,25188
184861,0.220,-0.003,0.001,0.002,0.547,-0.462,-0.477,-0.509,0.000,0.002,-0.107,-0.020,25077,25144,-15,15,47,15.340,24875,25188
184961,0.330,-0.001,0.003,-0.000,0.548,-0.463,-0.472,-0.512,0.000,0.002,-0.116,-0.024,25075,25138,-11,11,47,15.340,24875,25188
185061,0.650,0.001,0.001,-0.002,0.550,-0.457,-0.470,-0.517,0.000,0.001,-0.130,-0.018,25091,25121,-7,8,47,15.280,25000,25062
185161,0.110,0.000,0.002,0.000,0.550,-0.453,-0.469,-0.522,0.000,0.001,-0.139,-0.009,25103,25113,-5,5,47,15.280,25000,25062
185261,0.170,0.000,0.002,0.002,0.555,-0.453,-0.463,-0.522,0.000,0.002,-0.150,-0.020,25065,25121,-1,1,47,15.280,25000,25062
185361,-0.380,-0.001,-0.000,-0.001,0.556,-0.451,-0.460,-0.525,0.000,0.002,-0.159,-0.019,25069,25110,2,-2,47,15.290,25062,25252
185461,-0.290,0.000,-0.003,-0.000,0.553,-0.455,-0.464,-0.522,0.000,0.002,-0.145,-0.019,25083,25125,-2,2,47,15.290,25062,25252
185561,1.030,-0.000,0.001,-0.003,0.549,-0.452,-0.467,-0.525,0.000,0.001,-0.144,-0.006,25111,25106,1,-1,47,15.300,25062,25125
185661,0.090,0.001,-0.000,-0.001,0.546,-0.448,-0.470,-0.529,0.000,-0.001,-0.147,0.008,25128,25097,3,-3,47,15.300,25062,25125
185761,-0.030,0.000,-0.001,-0.001,0.546,-0.448,-0.473,-0.527,0.000,-0.001,-0.140,0.010,25124,25104,2,-2,47,15.300,25062,25125
185861,0.620,-0.005,-0.005,0.001,0.539,-0.456,-0.473,-0.526,0.000,-0.000,-0.125,0.006,25083,25086,-1,1,48,15.290,25252,25062
185961,0.920,-0.003,-0.005,0.000,0.528,-0.470,-0.475,-0.524,0.000,0.000,-0.096,0.001,25087,25106,-7,7,48,15.290,25252,25062
186061,-1.020,0.001,-0.005,-0.002,0.519,-0.476,-0.484,-0.519,0.000,-0.000,-0.066,0.008,25125,25109,-12,12,48,15.300,25125,25062
186161,-1.050,-0.001,0.001,-0.001,0.516,-0.474,-0.490,-0.519,0.000,-0.001,-0.059,0.020,25156,25109,-11,11,48,15.300,25125,25062
186261,-0.740,-0.001,-0.004,0.001,0.514,-0.478,-0.489,-0.518,0.000,-0.000,-0.054,0.016,25160,25142,-12,12,48,15.300,25125,25062
186361,-1.190,-0.000,-0.008,-0.000,0.504,-0.488,-0.498,-0.510,0.000,-0.000,-0.017,0.017,25190,25167,-22,22,47,15.300,25062,24937
186461,-1.360,-0.001,-0.011,-0.001,0.486,-0.502,-0.514,-0.498,0.000,0.000,0.042,0.024,25240,25194,-36,36,47,15.300,25062,24937
186561,-0.040,0.002,-0.003,-0.006,0.471,-0.505,-0.529,-0.493,0.000,0.002,0.082,0.046,25293,25176,-42,42,48,15.290,25252,25252
186661,0.110,0.000,0.012,-0.004,0.476,-0.491,-0.527,-0.505,0.000,0.003,0.047,0.064,25260,25110,-28,28,48,15.290,25252,25252
186761,-0.400,-0.004,0.012,-0.004,0.486,-0.468,-0.513,-0.531,0.000,0.002,-0.026,0.090,25260,25053,-10,10,48,15.290,25252,25252
186861,-1.200,-0.003,-0.004,0.001,0.486,-0.468,-0.508,-0.536,0.000,-0.007,-0.035,0.089,25258,25098,-15,15,48,15.280,25062,25062
186961,0.050,0.006,-0.009,0.004,0.482,-0.474,-0.520,-0.523,0.000,0.003,0.001,0.086,25233,25095,-26,26,48,15.280,25062,25062
187061,1.260,0.000,0.000,0.010,0.490,-0.487,-0.520,-0.502,0.000,0.001,0.027,0.046,25106,25106,-29,29,48,15.280,25062,25062
187161,1.060,-0.001,0.003,0.009,0.508,-0.498,-0.502,-0.492,0.000,0.000,0.011,-0.012,25029,25167,-23,23,48,15.280,25188,25125
187261,-0.310,0.001,0.003,0.003,0.520,-0.503,-0.486,-0.490,0.000,0.002,-0.012,-0.047,25010,25173,-18,18,48,15.280,25188,25125
187361,-0.500,0.001,0.005,-0.003,0.527,-0.495,-0.482,-0.495,0.000,0.002,-0.035,-0.043,25070,25161,-12,12,48,15.280,25000,25062
187461,0.360,0.001,-0.001,-0.007,0.520,-0.484,-0.490,-0.505,0.000,0.000,-0.041,-0.009,25134,25092,-13,13,48,15.280,25000,25062
187561,-0.120,-0.002,-0.001,0.003,0.518,-0.484,-0.493,-0.505,0.000,0.000,-0.035,-0.003,25068,25052,-15,15,48,15.280,25000,25062
187661,-0.810,-0.000,-0.002,0.004,0.518,-0.495,-0.488,-0.498,0.000,0.001,-0.022,-0.027,25022,25094,-18,18,48,15.300,25188,25252
187761,0.300,-0.001,0.001,0.002,0.518,-0.501,-0.484,-0.496,0.000,0.002,-0.019,-0.039,25003,25097,-17,17,48,15.300,25188,25252
187861,0.460,-0.003,0.004,-0.000,0.518,-0.500,-0.478,-0.504,0.000,0.002,-0.034,-0.036,25024,25087,-12,12,48,15.290,24937,25000
187961,0.460,-0.005,0.005,0.000,0.519,-0.498,-0.467,-0.514,0.000,0.001,-0.056,-0.037,25021,25083,-7,7,48,15.290,24937,25000
188061,0.130,0.000,-0.004,-0.001,0.519,-0.499,-0.467,-0.514,0.000,0.001,-0.053,-0.038,25001,25062,-10,10,48,15.290,24937,25000
188161,0.020,0.002,-0.006,-0.001,0.512,-0.504,-0.479,-0.505,0.000,0.000,-0.023,-0.032,25011,25054,-18,18,48,15.250,25062,25062
188261,-1.500,-0.001,-0.001,-0.001,0.506,-0.508,-0.486,-0.501,0.000,-0.000,-0.002,-0.027,25055,25089,-21,21,48,15.250,25062,25062
188361,-0.370,0.007,0.006,-0.002,0.512,-0.498,-0.488,-0.502,0.000,0.000,-0.016,-0.019,25087,25102,-14,14,49,15.220,25062,25062
188461,0.190,-0.011,0.009,0.002,0.514,-0.495,-0.464,-0.524,0.000,0.001,-0.068,-0.023,25050,25101,-1,1,49,15.220,25062,25062
188561,-0.230,0.000,-0.007,-0.000,0.518,-0.493,-0.469,-0.518,0.000,0.001,-0.063,-0.025,25039,25090,-7,7,49,15.220,25062,25062
188661,-0.260,0.000,-0.011,-0.001,0.504,-0.509,-0.483,-0.505,0.000,0.000,-0.006,-0.026,25063,25111,-22,23,49,15.260,25000,25062
188761,0.480,0.008,-0.008,-0.003,0.493,-0.510,-0.507,-0.488,0.000,-0.000,0.047,-0.008,25106,25094,-33,33,49,15.260,25000,25062
188861,-0.380,0.003,-0.002,0.000,0.491,-0.508,-0.523,-0.476,0.000,0.000,0.074,-0.001,25115,25108,-36,36,48,15.230,25062,25252
188961,0.390,-0.003,0.006,0.000,0.495,-0.504,-0.519,-0.482,0.000,0.000,0.057,0.002,25087,25078,-29,29,48,15.230,25062,25252
189061,0.000,0.000,0.013,0.002,0.505,-0.496,-0.501,-0.497,0.000,0.000,0.007,-0.003,25043,25061,-15,15,49,15.230,25125,25252
189161,0.330,-0.003,0.010,0.002,0.526,-0.483,-0.476,-0.514,0.000,0.001,-0.071,-0.018,24990,25054,2,-2,49,15.230,25125,25252
189261,-0.200,0.004,-0.019,0.001,0.521,-0.491,-0.484,-0.503,0.000,0.001,-0.027,-0.025,25018,25088,-20,20,49,15.220,25125,25188
189361,-0.240,0.002,-0.016,-0.001,0.495,-0.515,-0.515,-0.473,0.000,-0.000,0.072,-0.024,25054,25105,-43,44,49,15.220,25125,25188
189461,0.470,0.004,0.004,0.003,0.497,-0.513,-0.528,-0.460,0.000,-0.001,0.095,-0.024,25057,25117,-40,40,49,15.250,25000,25252
189561,-0.110,-0.002,0.014,0.001,0.514,-0.502,-0.511,-0.471,0.000,0.000,0.038,-0.035,25050,25137,-22,22,49,15.250,25000,25252
189661,0.400,-0.001,0.004,-0.000,0.526,-0.494,-0.493,-0.487,0.000,0.002,-0.017,-0.039,25017,25105,-13,13,49,15.250,25000,25252
189761,-0.020,0.006,-0.003,-0.004,0.524,-0.489,-0.501,-0.486,0.000,0.001,-0.009,-0.026,25062,25094,-19,19,49,15.230,24937,25000
189861,-0.190,0.002,-0.001,-0.002,0.520,-0.484,-0.514,-0.482,0.000,0.000,0.007,-0.008,25119,25108,-23,23,49,15.230,24937,25000
189961,0.550,0.011,0.004,-0.001,0.529,-0.469,-0.523,-0.476,0.000,0.000,-0.002,0.001,25082,25066,-18,19,49,15.230,25000,25188
190061,0.750,-0.005,0.012,0.003,0.548,-0.456,-0.515,-0.476,0.000,0.000,-0.050,-0.011,25040,25091,-5,4,49,15.230,25000,25188
190161,0.310,-0.006,0.014,0.001,0.556,-0.458,-0.474,-0.507,0.000,0.002,-0.122,-0.028,24975,25071,13,-13,50,15.210,24875,25062
190261,0.190,0.007,0.000,-0.001,0.569,-0.441,-0.466,-0.515,0.000,0.002,-0.167,-0.022,25012,25064,19,-19,50,15.210,24875,25062
190361,-0.550,0.010,-0.016,-0.001,0.566,-0.438,-0.499,-0.489,0.000,0.001,-0.108,-0.008,25059,25065,-1,2,49,15.250,25062,25252
190461,-0.100,-0.006,-0.016,0.000,0.545,-0.459,-0.524,-0.466,0.000,0.000,-0.009,-0.012,25092,25127,-24,23,49,15.250,25062,25252
190561,-0.130,0.001,-0.002,-0.001,0.529,-0.473,-0.531,-0.464,0.000,-0.000,0.023,-0.008,25132,25154,-24,25,50,15.200,25188,25316
190661,-0.550,0.005,0.004,0.001,0.536,-0.466,-0.532,-0.461,0.000,-0.000,0.012,-0.009,25149,25183,-18,18,50,15.200,25188,25316
190761,-0.540,0.001,0.005,-0.001,0.545,-0.454,-0.531,-0.464,0.000,0.000,-0.014,-0.003,25162,25175,-11,11,50,15.210,25252,25000
190861,-0.390,-0.007,-0.002,0.000,0.542,-0.458,-0.524,-0.470,0.000,0.000,-0.018,-0.004,25156,25180,-13,13,50,15.210,25252,25000
190961,-0.360,0.005,0.003,0.000,0.540,-0.460,-0.522,-0.474,0.000,-0.000,-0.021,-0.002,25162,25182,-11,11,50,15.250,25188,25316
191061,-0.690,0.010,0.006,0.001,0.560,-0.441,-0.526,-0.464,0.000,0.000,-0.048,-0.006,25149,25183,-3,4,50,15.250,25188,25316
191161,-0.410,-0.017,0.008,0.000,0.569,-0.440,-0.505,-0.477,0.000,0.001,-0.092,-0.019,25086,25161,7,-8,50,15.220,25252,25252
191261,-0.310,-0.003,-0.001,0.001,0.565,-0.447,-0.492,-0.489,0.000,0.002,-0.104,-0.024,25092,25170,7,-7,50,15.220,25252,25252
191361,-0.190,0.002,-0.009,-0.000,0.561,-0.451,-0.502,-0.479,0.000,0.001,-0.077,-0.025,25080,25149,-1,1,51,15.190,24937,25188
191461,-0.950,-0.003,-0.010,-0.003,0.546,-0.461,-0.519,-0.469,0.000,0.000,-0.025,-0.017,25117,25151,-13,13,51,15.190,24937,25188
191561,0.170,-0.002,-0.013,-0.002,0.523,-0.476,-0.535,-0.463,0.000,-0.000,0.036,-0.003,25141,25137,-27,27,50,15.200,24875,25062
191661,-0.500,0.001,-0.008,0.000,0.508,-0.486,-0.552,-0.448,0.000,0.000,0.097,0.001,25140,25145,-39,39,50,15.200,24875,25062
191761,0.010,-0.002,0.002,-0.000,0.507,-0.486,-0.559,-0.441,0.000,0.000,0.108,-0.001,25125,25143,-37,37,50,15.220,25125,25062
191861,-0.730,0.002,0.015,-0.000,0.517,-0.477,-0.544,-0.456,0.000,0.000,0.059,0.003,25143,25150,-21,22,50,15.220,25125,25062
191961,-1.060,-0.002,0.015,0.000,0.538,-0.458,-0.520,-0.480,0.000,-0.000,-0.028,0.005,25171,25177,-1,1,50,15.210,25252,25000
192061,-0.920,0.003,-0.004,0.001,0.550,-0.447,-0.510,-0.488,0.000,-0.000,-0.067,0.006,25144,25152,0,0,50,15.210,25252,25000
192161,-1.040,-0.002,-0.012,-0.000,0.533,-0.462,-0.524,-0.478,0.000,-0.000,-0.013,0.008,25210,25213,-17,17,50,15.210,25252,25000
192261,-0.260,0.003,-0.010,0.001,0.516,-0.475,-0.542,-0.462,0.000,0.000,0.051,0.010,25205,25203,-31,31,50,15.200,25252,25125
192361,0.090,0.004,0.001,-0.000,0.519,-0.473,-0.555,-0.446,0.000,0.000,0.075,0.004,25169,25188,-32,32,50,15.200,25252,25125
192461,0.430,-0.001,0.012,-0.000,0.531,-0.464,-0.544,-0.455,0.000,-0.000,0.034,0.003,25151,25169,-16,16,50,15.210,25125,25316
192561,0.660,-0.003,0.017,-0.001,0.546,-0.451,-0.518,-0.479,0.000,-0.000,-0.045,0.005,25144,25151,2,-2,50,15.210,25125,25316
192661,1.710,0.010,0.012,-0.001,0.570,-0.424,-0.497,-0.498,0.000,-0.001,-0.136,0.011,25115,25101,21,-21,51,15.210,25062,25000
192761,0.060,0.003,-0.009,0.004,0.585,-0.416,-0.503,-0.481,0.000,0.000,-0.137,-0.002,25090,25137,13,-13,51,15.210,25062,25000
192861,-0.480,-0.003,-0.023,0.001,0.562,-0.442,-0.526,-0.460,0.000,0.001,-0.044,-0.013,25103,25171,-18,18,51,15.200,25316,25252
192961,-0.960,-0.004,-0.020,0.002,0.523,-0.478,-0.555,-0.435,0.000,-0.000,0.085,-0.017,25133,25195,-43,43,51,15.200,25316,25252
193061,-0.590,0.000,-0.003,-0.001,0.504,-0.495,-0.568,-0.423,0.000,-0.001,0.147,-0.018,25164,25218,-49,49,50,15.230,25188,25316
193161,0.350,-0.007,0.008,-0.001,0.510,-0.488,-0.565,-0.428,0.000,-0.001,0.125,-0.014,25204,25239,-39,38,50,15.230,25188,25316
193261,-0.230,-0.006,0.017,-0.001,0.519,-0.479,-0.541,-0.457,0.000,-0.000,0.055,-0.001,25250,25248,-17,17,51,15.200,25188,25252
193361,1.700,0.004,0.021,0.001,0.549,-0.449,-0.515,-0.481,0.000,-0.000,-0.056,0.002,25221,25225,7,-6,51,15.200,25188,25252
193461,0.000,0.001,0.001,-0.004,0.567,-0.433,-0.493,-0.498,0.000,-0.000,-0.128,0.001,25184,25193,16,-16,51,15.160,25252,25316
193561,-0.410,-0.002,-0.016,0.000,0.549,-0.444,-0.511,-0.489,0.000,-0.001,-0.071,0.013,25236,25219,-6,6,51,15.160,25252,25316
193661,-0.220,0.004,-0.018,0.000,0.523,-0.467,-0.538,-0.467,0.000,0.000,0.028,0.014,25252,25229,-31,32,51,15.220,25380,24937
193761,-0.920,0.002,-0.001,0.002,0.518,-0.474,-0.554,-0.447,0.000,0.000,0.075,0.003,25268,25297,-34,34,51,15.220,25380,24937
193861,0.510,-0.001,0.011,0.001,0.530,-0.468,-0.543,-0.454,0.000,-0.000,0.037,-0.003,25236,25274,-19,19,51,15.180,25316,25252
193961,0.150,-0.003,0.010,0.001,0.544,-0.457,-0.524,-0.469,0.000,0.000,-0.022,-0.005,25232,25270,-5,5,51,15.180,25316,25252
194061,-0.340,0.000,0.002,0.000,0.551,-0.452,-0.512,-0.479,0.000,0.000,-0.056,-0.008,25255,25292,-1,1,51,15.200,25316,25252
194161,-1.540,0.001,-0.008,-0.001,0.547,-0.454,-0.518,-0.475,0.000,0.000,-0.040,-0.006,25291,25317,-8,8,51,15.200,25316,25252
194261,0.640,-0.001,-0.010,-0.000,0.534,-0.466,-0.531,-0.465,0.000,0.000,0.010,-0.004,25255,25278,-21,21,51,15.200,25380,25380
194361,0.490,0.001,-0.008,-0.000,0.519,-0.477,-0.550,-0.448,0.000,-0.000,0.071,-0.003,25260,25283,-35,35,51,15.200,25380,25380
194461,-0.530,0.004,0.004,-0.000,0.518,-0.477,-0.555,-0.443,0.000,-0.000,0.082,-0.003,25302,25324,-31,31,51,15.200,25316,25188
194561,-0.380,-0.004,0.012,-0.001,0.531,-0.466,-0.541,-0.456,0.000,-0.000,0.032,-0.002,25309,25327,-17,17,51,15.200,25316,25188
194661,-0.400,-0.001,0.019,-0.001,0.549,-0.448,-0.516,-0.481,0.000,-0.000,-0.054,0.004,25298,25301,5,-5,51,15.170,25380,25316
194761,1.430,0.005,0.007,0.001,0.576,-0.421,-0.496,-0.496,0.000,-0.000,-0.143,0.006,25283,25286,22,-22,51,15.170,25380,25316
194861,-0.230,0.000,-0.017,0.001,0.570,-0.428,-0.511,-0.481,0.000,-0.000,-0.102,0.004,25315,25332,1,2,51,15.170,25188,25125
194961,-0.380,-0.002,-0.022,0.000,0.537,-0.460,-0.541,-0.456,0.000,-0.000,0.019,-0.001,25330,25359,-30,30,51,15.170,25188,25125
195061,0.790,0.002,-0.009,0.000,0.516,-0.478,-0.561,-0.437,0.000,-0.000,0.098,-0.003,25336,25368,-41,41,52,15.170,25316,25380
195161,-0.540,-0.001,0.010,-0.002,0.517,-0.476,-0.560,-0.439,0.000,-0.000,0.091,-0.001,25355,25371,-32,32,52,15.170,25316,25380
195261,-0.260,-0.001,-0.000,0.001,0.527,-0.467,-0.548,-0.452,0.000,-0.000,0.047,0.003,25360,25372,-23,24,51,15.150,25316,25641
195361,0.870,-0.002,-0.004,0.000,0.521,-0.476,-0.552,-0.446,0.000,-0.000,0.072,-0.003,25331,25364,-32,32,51,15.150,25316,25641
195461,-0.940,-0.001,0.005,-0.000,0.519,-0.477,-0.551,-0.446,0.000,0.000,0.074,-0.003,25346,25373,-31,31,52,15.220,25316,25252
195561,0.330,0.000,0.010,-0.001,0.529,-0.467,-0.540,-0.459,0.000,0.000,0.031,0.001,25335,25345,-19,19,52,15.220,25316,25252
195661,-0.770,-0.000,0.007,0.000,0.543,-0.455,-0.525,-0.472,0.000,-0.000,-0.023,0.002,25335,25348,-7,7,52,15.180,25445,25445
195761,-0.550,-0.001,-0.002,0.001,0.547,-0.454,-0.520,-0.473,0.000,0.000,-0.036,-0.005,25340,25380,-9,9,52,15.180,25445,25445
195861,1.230,0.001,-0.001,-0.000,0.544,-0.457,-0.523,-0.470,0.000,0.000,-0.023,-0.005,25334,25363,-13,13,52,15.150,25316,25380
195961,0.000,0.000,0.000,-0.000,0.543,-0.457,-0.526,-0.469,0.000,0.000,-0.019,-0.002,25346,25366,-13,13,52,15.150,25316,25380
196061,-0.430,-0.000,0.002,-0.000,0.544,-0.455,-0.523,-0.472,0.000,-0.000,-0.027,-0.000,25347,25363,-10,10,52,15.200,25380,25316
196161,0.610,0.001,0.002,0.000,0.548,-0.451,-0.521,-0.474,0.000,-0.000,-0.040,-0.001,25321,25342,-7,7,52,15.200,25380,25316
196261,0.510,-0.002,0.001,-0.000,0.554,-0.447,-0.518,-0.474,0.000,0.000,-0.052,-0.003,25336,25365,-4,4,52,15.160,25380,25380
196361,-0.660,-0.002,0.001,-0.000,0.552,-0.450,-0.514,-0.479,0.000,0.000,-0.057,-0.004,25354,25382,-3,3,52,15.160,25380,25380
196461,-0.040,0.001,0.001,-0.000,0.554,-0.448,-0.511,-0.482,0.000,0.000,-0.066,-0.004,25359,25385,0,0,52,15.170,25445,25125
196561,-0.360,-0.002,-0.005,-0.001,0.551,-0.449,-0.513,-0.481,0.000,0.000,-0.059,-0.002,25371,25390,-4,4,52,15.170,25445,25125
196661,0.080,-0.002,-0.005,-0.001,0.541,-0.457,-0.520,-0.478,0.000,0.000,-0.032,0.003,25384,25387,-10,10,52,15.190,25510,25445
196761,0.110,0.001,-0.003,0.000,0.534,-0.462,-0.527,-0.473,0.000,-0.000,-0.007,0.006,25383,25387,-14,15,52,15.190,25510,25445
196861,-0.110,0.001,-0.001,0.001,0.532,-0.464,-0.530,-0.469,0.000,0.000,0.005,0.004,25379,25394,-16,16,52,15.190,25380,25380
196961,0.240,0.000,-0.002,-0.001,0.530,-0.466,-0.533,-0.467,0.000,-0.000,0.012,0.004,25399,25409,-17,17,52,15.190,25380,25380
197061,-0.590,-0.001,-0.003,-0.001,0.526,-0.468,-0.537,-0.465,0.000,0.000,0.025,0.008,25402,25402,-20,20,52,15.190,25380,25380
197161,-0.210,0.001,-0.001,0.000,0.523,-0.469,-0.541,-0.463,0.000,0.000,0.036,0.010,25399,25395,-22,22,52,15.160,25445,25510
197261,-0.200,0.003,0.002,0.001,0.525,-0.467,-0.542,-0.461,0.000,0.000,0.035,0.009,25408,25411,-21,21,52,15.160,25445,25510
197361,0.550,0.000,0.004,-0.000,0.534,-0.458,-0.541,-0.460,0.000,-0.000,0.017,0.008,25368,25376,-16,16,52,15.120,25445,25510
197461,-0.710,-0.001,0.003,0.000,0.539,-0.455,-0.534,-0.467,0.000,-0.000,-0.005,0.008,25386,25390,-12,12,52,15.120,25445,25510
197561,0.600,0.000,-0.001,0.001,0.542,-0.454,-0.532,-0.466,0.000,-0.000,-0.011,0.005,25363,25381,-12,12,52,15.150,25380,25380
197661,-0.160,0.000,-0.001,0.000,0.541,-0.456,-0.534,-0.463,0.000,0.000,-0.004,0.001,25387,25410,-14,14,52,15.150,25380,25380
197761,0.220,0.001,-0.001,0.000,0.542,-0.456,-0.536,-0.460,0.000,0.000,0.002,-0.001,25398,25423,-15,15,53,15.140,25445,25510
197861,0.220,-0.000,-0.000,0.001,0.541,-0.456,-0.537,-0.459,0.000,0.000,0.004,-0.001,25415,25436,-15,15,53,15.140,25445,25510
197961,-1.430,-0.001,0.001,0.000,0.540,-0.458,-0.535,-0.461,0.000,-0.000,0.004,-0.002,25415,25437,-15,15,53,15.120,25380,25380
198061,-0.380,-0.001,0.001,0.001,0.541,-0.459,-0.532,-0.462,0.000,0.000,-0.001,-0.004,25435,25466,-14,14,53,15.120,25380,25380
198161,0.580,-0.000,0.001,-0.001,0.544,-0.457,-0.530,-0.463,0.000,0.000,-0.008,-0.006,25403,25435,-12,12,53,15.160,25575,25380
198261,-0.140,0.002,0.003,0.000,0.547,-0.454,-0.528,-0.465,0.000,0.000,-0.020,-0.005,25430,25454,-9,9,53,15.160,25575,25380
198361,-0.090,0.000,0.003,0.000,0.553,-0.447,-0.524,-0.468,0.000,0.000,-0.039,-0.004,25427,25451,-4,4,53,15.160,25575,25380
198461,-0.020,-0.000,0.000,-0.000,0.556,-0.445,-0.521,-0.471,0.000,0.000,-0.050,-0.005,25435,25460,-3,3,53,15.150,25445,25445
198561,-0.230,0.000,-0.003,0.000,0.554,-0.445,-0.523,-0.470,0.000,0.000,-0.045,-0.002,25408,25425,-5,5,53,15.150,25445,25445
198661,-0.030,0.000,-0.002,-0.000,0.551,-0.448,-0.528,-0.466,0.000,0.000,-0.030,-0.002,25424,25444,-8,8,53,15.140,25641,25380
198761,-0.470,-0.000,-0.002,0.000,0.548,-0.451,-0.530,-0.464,0.000,-0.000,-0.020,-0.002,25434,25456,-10,10,53,15.140,25641,25380
198861,-0.210,0.001,-0.003,0.000,0.544,-0.454,-0.533,-0.462,0.000,0.000,-0.008,-0.003,25447,25471,-12,12,53,15.140,25641,25510
198961,-0.760,0.001,-0.005,-0.000,0.539,-0.460,-0.539,-0.455,0.000,0.000,0.015,-0.006,25444,25477,-18,18,53,15.140,25641,25510
199061,1.010,0.001,-0.003,0.000,0.535,-0.463,-0.545,-0.450,0.000,-0.000,0.034,-0.004,25432,25458,-22,22,53,15.140,25575,25575
199161,0.430,-0.000,-0.000,0.000,0.533,-0.465,-0.547,-0.448,0.000,-0.000,0.041,-0.006,25436,25467,-22,22,53,15.140,25575,25575
199261,-0.090,-0.001,0.001,-0.000,0.534,-0.465,-0.546,-0.449,0.000,-0.000,0.039,-0.007,25438,25471,-21,21,53,15.140,25380,25510
199361,0.310,-0.000,0.002,0.000,0.536,-0.464,-0.542,-0.452,0.000,-0.000,0.029,-0.007,25421,25453,-19,19,53,15.140,25380,25510
199461,0.170,0.001,0.003,0.001,0.540,-0.460,-0.539,-0.454,0.000,0.000,0.016,-0.008,25418,25453,-15,16,53,15.140,25380,25510
199561,0.540,0.005,0.004,0.001,0.550,-0.452,-0.536,-0.453,0.000,0.000,-0.006,-0.011,25389,25434,-10,11,53,15.130,25380,25445
199661,-0.230,0.001,0.001,0.001,0.560,-0.444,-0.536,-0.448,0.000,0.000,-0.019,-0.017,25409,25468,-9,9,53,15.130,25380,25445
199761,0.300,-0.003,-0.002,-0.001,0.555,-0.450,-0.535,-0.450,0.000,0.000,-0.011,-0.018,25399,25452,-12,12,53,15.130,25445,25641
199861,-0.220,0.000,-0.000,-0.001,0.552,-0.453,-0.536,-0.451,0.000,0.000,-0.004,-0.015,25415,25455,-13,13,53,15.130,25445,25641
199961,0.930,0.003,0.003,0.001,0.557,-0.449,-0.535,-0.450,0.000,0.000,-0.013,-0.019,25404,25461,-10,10,53,15.120,25380,25510
200061,0.000,-0.002,0.004,-0.001,0.565,-0.444,-0.531,-0.450,0.000,0.001,-0.031,-0.024,25421,25487,-5,5,53,15.120,25380,25510
200161,0.010,-0.003,0.002,-0.000,0.563,-0.444,-0.523,-0.460,0.000,0.001,-0.047,-0.018,25449,25492,-2,2,53,15.120,25445,25380
200261,0.370,0.001,0.001,0.001,0.565,-0.442,-0.522,-0.462,0.000,0.001,-0.053,-0.017,25441,25486,-1,1,53,15.120,25445,25380
200361,-0.200,0.003,-0.001,0.001,0.569,-0.439,-0.524,-0.457,0.000,0.001,-0.054,-0.022,25430,25492,-1,1,53,15.120,25445,25380
200461,0.410,0.004,-0.004,0.003,0.574,-0.439,-0.530,-0.443,0.000,0.002,-0.041,-0.033,25411,25507,-5,5,53,15.120,25445,25706
200561,-0.230,0.002,-0.001,0.002,0.576,-0.442,-0.535,-0.432,0.000,0.002,-0.026,-0.047,25419,25544,-7,7,53,15.120,25445,25706
200661,-0.380,0.002,-0.000,0.002,0.580,-0.442,-0.535,-0.426,0.000,0.003,-0.025,-0.056,25422,25559,-6,6,53,15.100,25316,25773
200761,-0.490,-0.002,-0.000,-0.001,0.580,-0.444,-0.536,-0.423,0.000,0.003,-0.021,-0.061,25456,25586,-7,7,53,15.100,25316,25773
200861,-0.800,-0.003,-0.001,0.000,0.576,-0.447,-0.534,-0.428,0.000,0.002,-0.019,-0.057,25458,25568,-7,7,53,15.100,25316,25773
200961,0.710,-0.001,-0.003,-0.000,0.570,-0.452,-0.536,-0.429,0.000,0.002,-0.006,-0.055,25493,25594,-11,11,53,15.130,25510,25641
201061,-0.060,-0.000,-0.005,-0.001,0.563,-0.456,-0.542,-0.425,0.000,0.001,0.015,-0.053,25488,25586,-16,16,53,15.130,25510,25641
201161,0.370,-0.000,-0.003,-0.000,0.558,-0.460,-0.548,-0.421,0.000,0.001,0.034,-0.051,25503,25598,-20,20,53,15.110,25706,25773
201261,0.480,-0.001,0.000,-0.001,0.554,-0.462,-0.548,-0.423,0.000,0.001,0.039,-0.048,25487,25573,-19,19,53,15.110,25706,25773
201361,-1.120,-0.001,0.001,-0.001,0.553,-0.461,-0.546,-0.428,0.000,0.001,0.033,-0.042,25475,25548,-18,18,53,15.120,25510,25445
201461,1.470,0.001,0.002,-0.000,0.554,-0.460,-0.543,-0.432,0.000,0.000,0.024,-0.040,25457,25530,-16,16,53,15.120,25510,25445
201561,-0.370,-0.001,0.000,-0.001,0.556,-0.457,-0.542,-0.435,0.000,0.001,0.016,-0.037,25483,25553,-15,15,53,15.120,25510,25445
201661,-0.490,-0.000,-0.005,-0.001,0.550,-0.460,-0.546,-0.432,0.000,0.000,0.032,-0.034,25475,25538,-20,21,54,15.140,25252,25575
201761,1.260,0.000,-0.002,-0.001,0.544,-0.462,-0.554,-0.429,0.000,-0.000,0.051,-0.027,25500,25547,-24,24,54,15.140,25252,25575
201861,-0.410,-0.001,0.001,-0.001,0.543,-0.461,-0.555,-0.430,0.000,-0.000,0.052,-0.024,25509,25554,-23,24,54,15.100,25510,25445
201961,0.770,-0.001,0.000,-0.001,0.543,-0.460,-0.553,-0.433,0.000,-0.000,0.046,-0.021,25457,25498,-22,22,54,15.100,25510,25445
202061,0.320,-0.000,-0.001,0.001,0.541,-0.462,-0.554,-0.433,0.000,-0.000,0.050,-0.021,25487,25538,-24,25,54,15.070,25380,25575
202161,-0.580,-0.000,0.001,0.002,0.544,-0.464,-0.552,-0.429,0.000,-0.000,0.051,-0.031,25476,25561,-24,24,54,15.070,25380,25575
202261,0.530,0.002,0.004,0.003,0.551,-0.462,-0.548,-0.428,0.000,0.000,0.038,-0.040,25452,25561,-21,21,54,15.070,25380,25575
202361,-0.770,0.003,0.002,0.004,0.565,-0.458,-0.541,-0.422,0.000,0.002,0.017,-0.061,25446,25607,-16,16,54,15.120,25445,25575
202461,0.290,0.002,-0.005,-0.000,0.568,-0.458,-0.547,-0.411,0.000,0.002,0.028,-0.072,25411,25574,-22,22,54,15.120,25445,25575
202561,-0.600,-0.002,-0.000,-0.003,0.562,-0.458,-0.555,-0.409,0.000,0.001,0.045,-0.060,25450,25552,-25,25,54,15.130,25380,25706
202661,0.680,-0.003,-0.000,-0.003,0.557,-0.455,-0.556,-0.417,0.000,0.000,0.042,-0.043,25469,25521,-24,24,54,15.130,25380,25706
202761,-0.390,-0.002,-0.001,-0.002,0.551,-0.453,-0.559,-0.423,0.000,0.000,0.047,-0.027,25507,25527,-26,26,54,15.130,25380,25706
202861,0.530,-0.000,-0.002,-0.001,0.546,-0.454,-0.562,-0.424,0.000,-0.000,0.056,-0.019,25505,25529,-29,29,54,15.080,25445,25380
202961,0.280,-0.002,-0.002,-0.001,0.541,-0.457,-0.566,-0.422,0.000,-0.000,0.069,-0.016,25519,25548,-33,33,54,15.080,25445,25380
203061,-1.320,0.003,0.004,0.001,0.542,-0.456,-0.565,-0.424,0.000,-0.000,0.065,-0.015,25522,25560,-30,30,54,15.090,25510,25445
203161,0.700,0.003,0.010,0.002,0.560,-0.444,-0.556,-0.424,0.000,0.000,0.023,-0.026,25503,25579,-18,19,54,15.090,25510,25445
203261,1.440,0.000,0.002,0.001,0.575,-0.435,-0.547,-0.427,0.000,0.001,-0.014,-0.033,25502,25592,-13,13,54,15.110,25510,25839
203361,-1.170,-0.003,-0.007,-0.000,0.568,-0.443,-0.549,-0.424,0.000,0.001,0.010,-0.039,25498,25592,-23,23,54,15.110,25510,25839
203461,1.020,-0.000,-0.001,-0.003,0.556,-0.451,-0.555,-0.423,0.000,0.000,0.035,-0.033,25492,25554,-28,28,54,15.110,25510,25839
203561,-0.280,-0.001,0.001,-0.001,0.556,-0.445,-0.556,-0.428,0.000,0.000,0.027,-0.019,25549,25575,-24,24,54,15.080,25445,25510
203661,-0.490,-0.000,-0.004,-0.001,0.551,-0.447,-0.558,-0.430,0.000,-0.000,0.034,-0.013,25560,25581,-27,27,54,15.080,25445,25510
203761,-0.660,-0.002,-0.005,-0.001,0.540,-0.454,-0.566,-0.428,0.000,-0.000,0.065,-0.006,25565,25575,-35,35,55,15.060,25510,25575
203861,0.430,0.000,0.002,0.002,0.537,-0.457,-0.565,-0.427,0.000,-0.000,0.068,-0.008,25561,25594,-34,34,55,15.060,25510,25575
203961,-0.300,-0.001,0.008,0.001,0.551,-0.455,-0.553,-0.428,0.000,0.000,0.038,-0.027,25552,25643,-25,25,55,15.060,25510,25575
204061,-0.420,0.001,-0.000,0.001,0.560,-0.448,-0.546,-0.433,0.000,0.000,0.009,-0.029,25580,25661,-21,21,54,15.060,25575,25839
204161,0.930,-0.003,-0.005,-0.001,0.549,-0.456,-0.554,-0.429,0.000,-0.000,0.042,-0.026,25574,25633,-32,32,54,15.060,25575,25839
204261,0.360,0.002,0.001,-0.002,0.544,-0.458,-0.557,-0.429,0.000,-0.000,0.052,-0.020,25578,25617,-33,33,54,15.060,25575,25839
204361,-0.440,0.002,0.002,-0.003,0.546,-0.450,-0.559,-0.432,0.000,-0.000,0.042,-0.008,25603,25609,-29,30,54,15.060,25575,25641
204461,0.270,0.002,-0.002,-0.003,0.545,-0.443,-0.565,-0.433,0.000,-0.000,0.042,0.006,25605,25580,-31,31,54,15.060,25575,25641
204561,-0.180,-0.001,-0.001,-0.001,0.540,-0.443,-0.570,-0.432,0.000,0.000,0.054,0.014,25606,25582,-34,34,55,15.070,25641,25706
204661,0.560,-0.003,-0.000,0.001,0.535,-0.448,-0.568,-0.437,0.000,0.000,0.056,0.016,25615,25596,-35,35,55,15.070,25641,25706
204761,0.490,0.000,0.003,0.003,0.540,-0.450,-0.561,-0.438,0.000,0.000,0.045,0.005,25604,25634,-31,32,55,15.070,25641,25706
204861,-0.160,-0.005,0.002,0.003,0.545,-0.455,-0.551,-0.438,0.000,0.000,0.034,-0.013,25583,25659,-30,30,55,15.070,25510,25510
204961,0.030,-0.006,0.001,0.002,0.541,-0.465,-0.541,-0.445,0.000,0.000,0.030,-0.024,25560,25646,-30,30,55,15.070,25510,25510
205061,-0.910,0.003,0.005,-0.001,0.542,-0.466,-0.534,-0.452,0.000,0.000,0.016,-0.022,25537,25597,-26,26,55,15.050,25575,25445
205161,0.660,0.001,0.012,-0.001,0.559,-0.445,-0.528,-0.459,0.000,0.000,-0.036,-0.014,25563,25591,-12,12,55,15.050,25575,25445
205261,-0.600,-0.002,-0.004,-0.001,0.564,-0.439,-0.522,-0.466,0.000,0.000,-0.059,-0.010,25575,25600,-11,11,55,15.050,25575,25445
205361,-1.180,-0.003,-0.016,-0.001,0.539,-0.461,-0.536,-0.457,0.000,0.000,0.017,-0.006,25588,25606,-35,35,55,15.050,25641,25641
205461,-0.490,-0.000,-0.002,0.000,0.522,-0.476,-0.546,-0.450,0.000,-0.000,0.061,-0.006,25612,25638,-41,41,55,15.050,25641,25641
205561,-1.220,-0.000,0.012,0.003,0.536,-0.470,-0.536,-0.453,0.000,0.000,0.026,-0.018,25628,25696,-26,26,55,15.030,25575,25575
205661,-1.130,-0.003,0.004,0.001,0.551,-0.461,-0.516,-0.467,0.000,0.001,-0.033,-0.026,25605,25684,-13,13,55,15.030,25575,25575
205761,-0.020,0.003,-0.007,-0.003,0.544,-0.463,-0.525,-0.462,0.000,0.000,-0.006,-0.016,25664,25694,-25,26,55,15.030,25575,25575
205861,-0.960,0.003,-0.003,0.001,0.538,-0.463,-0.538,-0.454,0.000,0.000,0.019,-0.009,25668,25689,-31,31,55,15.080,25706,25839
205961,1.030,-0.001,0.002,0.003,0.543,-0.466,-0.535,-0.448,0.000,0.000,0.019,-0.026,25647,25733,-28,28,55,15.080,25706,25839
206061,0.790,-0.001,0.003,0.001,0.550,-0.466,-0.529,-0.448,0.000,0.001,0.005,-0.039,25641,25750,-24,24,55,15.040,25706,25773
206161,-0.990,0.001,0.006,0.001,0.557,-0.463,-0.519,-0.454,0.000,0.002,-0.026,-0.045,25652,25762,-16,16,55,15.040,25706,25773
206261,-0.650,0.003,0.005,-0.002,0.568,-0.452,-0.513,-0.459,0.000,0.003,-0.054,-0.043,25651,25739,-10,10,55,15.040,25706,25773
206361,-0.690,0.000,0.001,-0.001,0.572,-0.441,-0.515,-0.461,0.000,0.002,-0.070,-0.030,25686,25733,-8,8,56,15.060,25510,25641
206461,-1.100,-0.002,0.001,-0.002,0.570,-0.440,-0.512,-0.468,0.000,0.001,-0.077,-0.023,25701,25734,-7,7,56,15.060,25510,25641
206561,0.150,-0.001,-0.000,-0.001,0.567,-0.439,-0.511,-0.474,0.000,0.001,-0.082,-0.013,25720,25737,-5,6,55,15.060,25641,25706
206661,-1.770,-0.001,-0.001,-0.002,0.563,-0.439,-0.514,-0.475,0.000,0.000,-0.075,-0.006,25757,25764,-7,7,55,15.060,25641,25706
206761,0.070,-0.003,-0.001,-0.001,0.558,-0.443,-0.513,-0.480,0.000,0.000,-0.071,-0.001,25753,25760,-7,7,55,15.060,25641,25706
206861,-1.170,-0.001,-0.000,-0.001,0.554,-0.445,-0.513,-0.482,0.000,0.000,-0.067,0.000,25781,25790,-7,7,55,15.040,25773,25706
206961,-1.700,0.001,-0.002,-0.001,0.550,-0.446,-0.514,-0.483,0.000,-0.000,-0.061,0.007,25792,25785,-8,8,55,15.040,25773,25706
207061,-1.360,0.002,0.000,-0.000,0.549,-0.445,-0.517,-0.483,0.000,-0.000,-0.058,0.010,25791,25783,-8,8,56,15.070,25974,25706
207161,-0.880,-0.001,-0.000,-0.000,0.551,-0.441,-0.520,-0.482,0.000,-0.001,-0.060,0.016,25784,25766,-7,7,56,15.070,25974,25706
207261,-0.930,-0.000,-0.003,0.000,0.547,-0.444,-0.523,-0.480,0.000,-0.000,-0.049,0.016,25806,25793,-9,10,56,15.020,25906,25706
207361,0.090,0.002,-0.004,0.001,0.541,-0.451,-0.526,-0.476,0.000,-0.000,-0.026,0.012,25784,25788,-15,15,56,15.020,25906,25706
207461,-0.780,0.002,-0.003,0.001,0.538,-0.457,-0.532,-0.469,0.000,-0.000,-0.007,0.008,25819,25835,-18,18,56,15.020,25906,25706
207561,-0.060,-0.001,-0.003,0.001,0.536,-0.461,-0.534,-0.464,0.000,-0.000,0.005,0.001,25836,25867,-20,20,55,15.030,25906,25575
207661,1.090,-0.002,-0.005,0.001,0.530,-0.469,-0.537,-0.458,0.000,0.000,0.028,-0.005,25853,25894,-26,26,55,15.030,25906,25575
207761,1.620,-0.000,-0.009,0.002,0.520,-0.481,-0.546,-0.447,0.000,-0.000,0.075,-0.013,25853,25910,-38,38,56,15.040,25839,25906
207861,-0.640,0.006,0.001,0.002,0.518,-0.487,-0.551,-0.437,0.000,-0.001,0.093,-0.023,25865,25945,-39,39,56,15.040,25839,25906
207961,-1.210,-0.001,0.008,0.001,0.532,-0.478,-0.545,-0.437,0.000,-0.000,0.063,-0.032,25902,25995,-29,29,56,15.040,25839,25773
208061,1.510,0.002,0.012,0.001,0.550,-0.465,-0.530,-0.447,0.000,0.001,0.007,-0.037,25900,25994,-15,15,56,15.040,25839,25773
208161,0.520,-0.000,0.008,0.000,0.564,-0.452,-0.514,-0.461,0.000,0.002,-0.052,-0.036,25949,26029,-3,3,56,15.030,25839,25906
208261,-0.530,-0.000,-0.003,-0.000,0.567,-0.450,-0.513,-0.461,0.000,0.002,-0.057,-0.038,25984,26065,-8,8,56,15.030,25839,25906
208361,0.180,-0.002,-0.003,-0.002,0.559,-0.455,-0.518,-0.461,0.000,0.001,-0.038,-0.032,26007,26065,-13,13,56,15.050,26315,26315
208461,-3.460,0.003,-0.003,-0.001,0.555,-0.454,-0.525,-0.458,0.000,0.001,-0.026,-0.023,26111,26147,-14,15,56,15.050,26315,26315
208561,0.210,0.001,-0.005,0.000,0.553,-0.455,-0.534,-0.450,0.000,0.001,-0.005,-0.022,26075,26121,-20,20,56,15.050,26315,26315
208661,0.860,-0.003,-0.003,0.001,0.546,-0.463,-0.539,-0.444,0.000,0.000,0.021,-0.027,26109,26176,-25,25,56,15.010,25839,26455
208761,0.010,-0.002,-0.001,-0.000,0.541,-0.469,-0.538,-0.444,0.000,0.000,0.031,-0.029,26141,26211,-26,26,56,15.010,25839,26455
208861,-0.750,0.002,0.001,-0.001,0.540,-0.468,-0.539,-0.446,0.000,0.000,0.029,-0.025,26174,26225,-25,25,56,15.020,25906,26041
208961,0.600,0.005,-0.001,0.001,0.546,-0.461,-0.544,-0.441,0.000,0.000,0.027,-0.024,26195,26248,-25,25,56,15.020,25906,26041
209061,-0.690,0.003,-0.004,-0.000,0.548,-0.457,-0.553,-0.430,0.000,0.000,0.042,-0.025,26187,26246,-29,30,56,15.050,26385,26315
209161,-0.730,-0.002,0.001,0.001,0.546,-0.459,-0.557,-0.426,0.000,-0.000,0.052,-0.027,26222,26286,-31,31,56,15.050,26385,26315
209261,0.360,-0.000,0.004,0.001,0.550,-0.459,-0.550,-0.430,0.000,0.000,0.036,-0.032,26206,26286,-26,26,56,15.040,26041,26041
209361,-2.230,-0.001,0.006,0.003,0.557,-0.458,-0.539,-0.435,0.000,0.001,0.013,-0.041,26251,26357,-20,20,56,15.040,26041,26041
209461,-0.890,0.000,0.007,0.004,0.571,-0.455,-0.524,-0.439,0.000,0.003,-0.026,-0.059,26203,26351,-11,11,56,14.990,26315,26315
209561,-0.180,-0.004,0.004,0.004,0.580,-0.456,-0.508,-0.444,0.000,0.006,-0.058,-0.078,26205,26388,-6,5,56,14.990,26315,26315
209661,0.640,-0.008,-0.001,-0.001,0.580,-0.462,-0.497,-0.451,0.000,0.007,-0.069,-0.088,26203,26385,-5,5,57,14.960,26246,26109
209761,-0.240,-0.004,-0.002,-0.004,0.566,-0.474,-0.494,-0.460,0.000,0.006,-0.053,-0.081,26235,26366,-10,10,57,14.960,26246,26109
209861,-0.160,-0.004,-0.004,-0.005,0.551,-0.476,-0.499,-0.471,0.000,0.003,-0.040,-0.055,26298,26354,-12,12,56,14.970,26455,26041
209961,-0.510,-0.003,-0.007,-0.005,0.531,-0.480,-0.511,-0.476,0.000,0.000,-0.006,-0.022,26350,26332,-21,21,56,14.970,26455,26041
210061,0.780,-0.003,-0.009,-0.004,0.510,-0.489,-0.525,-0.474,0.000,0.000,0.041,-0.001,26398,26356,-32,32,56,14.960,26525,26525
210161,0.980,0.001,-0.004,-0.002,0.495,-0.495,-0.538,-0.469,0.000,0.001,0.080,0.015,26400,26350,-39,39,56,14.960,26525,26525
210261,-0.310,0.006,0.003,0.000,0.501,-0.487,-0.544,-0.465,0.000,0.001,0.077,0.018,26406,26377,-35,35,57,14.980,26525,26385
210361,0.180,0.004,0.004,0.001,0.514,-0.478,-0.544,-0.460,0.000,0.000,0.059,0.009,26374,26384,-30,31,57,14.980,26525,26385
210461,-0.970,0.003,0.002,-0.001,0.522,-0.471,-0.543,-0.458,0.000,0.000,0.046,0.006,26357,26370,-29,29,56,14.980,26455,26666
210561,-1.240,-0.001,0.002,-0.002,0.525,-0.466,-0.544,-0.459,0.000,0.000,0.038,0.010,26371,26338,-28,28,56,14.980,26455,26666
210661,-2.190,-0.000,0.005,-0.003,0.528,-0.457,-0.542,-0.467,0.000,0.000,0.017,0.024,26401,26355,-23,23,57,14.950,26385,26525
210761,0.080,-0.001,0.002,-0.001,0.530,-0.451,-0.537,-0.477,0.000,-0.000,-0.006,0.034,26417,26356,-18,18,57,14.950,26385,26525
210861,0.140,-0.001,0.007,-0.003,0.534,-0.445,-0.531,-0.484,0.000,-0.000,-0.028,0.040,26410,26343,-13,13,57,14.980,26246,26385
210961,0.240,-0.003,0.004,-0.001,0.538,-0.434,-0.523,-0.499,0.000,-0.001,-0.066,0.055,26441,26342,-3,3,57,14.990,26666,26455
211061,-0.480,-0.001,-0.002,0.000,0.536,-0.435,-0.518,-0.505,0.000,-0.001,-0.072,0.057,26456,26369,-6,6,57,14.990,26666,26455
211161,0.520,-0.001,-0.006,0.001,0.531,-0.442,-0.523,-0.499,0.000,-0.001,-0.050,0.052,26449,26383,-12,12,57,14.990,26666,26455
211261,0.670,-0.001,-0.008,0.001,0.522,-0.454,-0.532,-0.488,0.000,0.000,-0.010,0.044,26462,26416,-22,22,57,15.000,26246,26595
211361,-0.820,-0.001,-0.006,0.002,0.515,-0.467,-0.537,-0.477,0.000,0.000,0.025,0.032,26506,26489,-30,30,57,14.950,26315,26109
211461,-0.370,-0.000,-0.002,0.001,0.512,-0.476,-0.538,-0.471,0.000,0.000,0.043,0.020,26490,26493,-30,30,57,14.950,26315,26109
211561,0.470,0.000,0.001,0.001,0.511,-0.480,-0.539,-0.467,0.000,0.000,0.052,0.013,26490,26496,-31,31,57,14.950,26315,26109
211661,-0.410,-0.001,0.001,-0.001,0.512,-0.478,-0.537,-0.470,0.000,0.000,0.045,0.015,26523,26507,-29,29,57,14.990,26525,26246
211761,-3.690,-0.003,0.000,-0.001,0.511,-0.477,-0.536,-0.473,0.000,0.000,0.041,0.020,26593,26559,-29,29,57,14.990,26525,26246
211861,0.120,-0.002,-0.000,-0.003,0.507,-0.476,-0.537,-0.478,0.000,0.001,0.041,0.031,26558,26491,-30,30,58,14.980,26595,26809
211961,-1.340,0.000,0.003,0.000,0.506,-0.473,-0.537,-0.482,0.000,0.001,0.035,0.039,26608,26533,-28,28,58,14.980,26595,26809
212061,1.000,0.001,0.000,0.002,0.510,-0.472,-0.534,-0.482,0.000,0.001,0.026,0.034,26574,26528,-27,27,57,14.960,26666,26737
212161,-0.470,0.000,-0.002,0.001,0.511,-0.474,-0.534,-0.479,0.000,0.000,0.032,0.027,26589,26559,-29,29,57,14.960,26666,26737
212261,0.710,0.001,-0.002,0.000,0.509,-0.476,-0.537,-0.476,0.000,0.000,0.041,0.027,26567,26527,-32,32,57,14.960,26595,26666
212361,-0.350,-0.000,-0.001,0.000,0.507,-0.477,-0.539,-0.475,0.000,0.001,0.046,0.028,26610,26566,-33,33,57,14.960,26595,26666
212461,1.560,0.001,-0.003,0.000,0.506,-0.479,-0.541,-0.472,0.000,0.001,0.055,0.025,26574,26536,-35,36,57,14.940,26315,26737
212561,-0.740,0.001,-0.000,0.001,0.506,-0.480,-0.544,-0.466,0.000,0.001,0.064,0.021,26601,26575,-37,38,57,14.940,26315,26737
212661,0.350,0.002,0.001,0.001,0.513,-0.477,-0.543,-0.464,0.000,0.000,0.055,0.014,26587,26576,-35,35,57,14.960,26595,26455
212761,0.350,-0.001,-0.002,0.001,0.514,-0.477,-0.544,-0.462,0.000,0.000,0.057,0.012,26572,26557,-37,37,57,14.960,26595,26455
212861,-0.510,0.000,-0.002,0.000,0.512,-0.479,-0.546,-0.458,0.000,0.000,0.067,0.009,26589,26577,-40,40,58,14.940,26737,26178
212961,-0.440,-0.002,0.001,0.000,0.512,-0.480,-0.548,-0.456,0.000,0.000,0.071,0.008,26599,26585,-41,41,58,14.940,26737,26178
213061,0.890,-0.001,-0.002,-0.001,0.514,-0.478,-0.547,-0.456,0.000,0.000,0.067,0.007,26596,26581,-40,40,58,14.920,26595,26595
213161,-0.380,0.000,0.001,0.000,0.512,-0.480,-0.548,-0.455,0.000,0.000,0.074,0.007,26589,26573,-43,43,58,14.920,26595,26595
213261,0.550,-0.001,0.002,0.000,0.514,-0.479,-0.545,-0.458,0.000,0.000,0.063,0.007,26552,26536,-40,40,58,14.980,26666,26595
213361,-0.020,-0.000,-0.001,-0.000,0.514,-0.478,-0.544,-0.458,0.000,0.000,0.062,0.007,26553,26536,-41,41,58,14.980,26666,26595
213461,0.870,0.001,-0.001,0.000,0.513,-0.480,-0.546,-0.456,0.000,0.000,0.068,0.006,26558,26544,-43,43,58,14.960,26455,26525
213561,-1.100,0.000,-0.000,0.002,0.514,-0.482,-0.545,-0.454,0.000,0.000,0.071,-0.001,26536,26543,-44,44,58,14.960,26455,26525
213661,-0.720,-0.001,0.002,0.001,0.518,-0.484,-0.542,-0.451,0.000,-0.000,0.067,-0.012,26544,26576,-43,43,58,14.960,26455,26525
213761,1.230,-0.001,-0.000,0.000,0.519,-0.484,-0.541,-0.450,0.000,-0.000,0.067,-0.015,26525,26555,-45,45,58,14.950,26455,26809
213861,0.670,0.000,-0.000,-0.001,0.518,-0.484,-0.542,-0.451,0.000,-0.000,0.067,-0.012,26508,26519,-45,45,58,14.950,26455,26809
213961,-0.310,0.000,-0.000,-0.000,0.517,-0.484,-0.542,-0.453,0.000,-0.000,0.067,-0.009,26527,26528,-46,46,58,14.980,26455,26666
214061,0.350,0.000,0.001,0.001,0.518,-0.483,-0.542,-0.453,0.000,-0.000,0.064,-0.009,26536,26546,-45,45,58,14.980,26455,26666
214161,-0.070,-0.000,0.002,0.000,0.520,-0.483,-0.539,-0.453,0.000,-0.000,0.060,-0.014,26493,26516,-45,45,58,14.930,26455,26737
214261,0.500,-0.000,0.003,0.001,0.524,-0.481,-0.535,-0.456,0.000,-0.000,0.047,-0.017,26509,26537,-42,42,58,14.930,26455,26737
214361,0.810,0.001,0.001,0.000,0.527,-0.479,-0.533,-0.456,0.000,0.000,0.039,-0.019,26516,26547,-41,41,58,14.950,26737,26455
214461,-1.370,-0.001,-0.002,-0.000,0.526,-0.480,-0.533,-0.456,0.000,-0.000,0.041,-0.020,26564,26594,-43,43,58,14.950,26737,26455
214561,1.480,-0.001,-0.002,-0.000,0.522,-0.484,-0.536,-0.453,0.000,-0.000,0.054,-0.019,26512,26539,-47,47,58,14.930,26737,26525
214661,-1.190,0.000,0.001,0.000,0.520,-0.485,-0.537,-0.453,0.000,-0.000,0.059,-0.018,26548,26573,-48,48,58,14.930,26737,26525
214761,-0.780,0.001,-0.001,0.001,0.523,-0.484,-0.535,-0.454,0.000,-0.000,0.053,-0.020,26617,26650,-46,46,58,14.930,26737,26525
214861,0.660,0.001,-0.001,0.001,0.523,-0.487,-0.536,-0.448,0.000,-0.000,0.061,-0.029,26578,26637,-50,50,59,14.900,26737,26666
214961,-0.610,0.001,-0.001,0.001,0.525,-0.487,-0.539,-0.442,0.000,-0.000,0.068,-0.035,26602,26670,-51,52,59,14.900,26737,26666
215061,1.940,0.001,0.001,0.000,0.527,-0.487,-0.540,-0.439,0.000,-0.000,0.070,-0.039,26557,26629,-52,52,58,14.930,26737,26666
215161,-1.320,-0.002,-0.001,0.002,0.529,-0.488,-0.536,-0.441,0.000,-0.000,0.062,-0.044,26604,26689,-51,51,58,14.930,26737,26666
215261,1.920,0.000,0.002,0.000,0.530,-0.490,-0.535,-0.438,0.000,-0.000,0.065,-0.051,26493,26589,-52,52,59,14.940,26666,26595
215361,0.310,0.001,0.003,-0.006,0.534,-0.481,-0.537,-0.441,0.000,0.000,0.050,-0.041,26521,26570,-48,48,59,14.940,26666,26595
215461,-0.910,-0.004,-0.007,-0.004,0.520,-0.481,-0.543,-0.450,0.000,-0.000,0.065,-0.012,26547,26525,-56,55,59,14.950,26525,26666
215561,0.050,-0.005,-0.007,-0.003,0.494,-0.496,-0.553,-0.452,0.000,0.000,0.114,0.010,26554,26489,-69,69,59,14.950,26525,26666
215661,1.230,0.005,0.007,0.001,0.502,-0.486,-0.553,-0.453,0.000,0.000,0.096,0.013,26564,26530,-59,59,59,14.930,26666,26525
215761,-1.190,-0.000,-0.002,0.005,0.512,-0.485,-0.550,-0.447,0.000,-0.000,0.088,-0.005,26573,26615,-60,60,59,14.930,26666,26525
215861,0.570,-0.001,-0.001,0.001,0.511,-0.494,-0.548,-0.441,0.000,-0.001,0.100,-0.022,26514,26583,-64,64,59,14.930,26666,26525
215961,1.160,0.004,0.004,-0.003,0.516,-0.489,-0.548,-0.441,0.000,-0.001,0.090,-0.021,26487,26532,-61,61,59,14.930,26455,26525
216061,-0.590,0.000,-0.001,-0.002,0.518,-0.480,-0.553,-0.443,0.000,-0.000,0.083,-0.008,26474,26476,-62,62,59,14.930,26455,26525
216161,0.010,-0.001,-0.000,-0.006,0.511,-0.477,-0.558,-0.447,0.000,0.001,0.089,0.012,26472,26418,-64,64,59,14.920,26385,26666
216261,0.170,-0.001,-0.002,-0.007,0.498,-0.470,-0.569,-0.456,0.000,0.003,0.101,0.050,26556,26410,-68,68,59,14.920,26385,26666
216361,-0.540,-0.005,-0.004,-0.000,0.484,-0.475,-0.572,-0.461,0.000,0.005,0.117,0.067,26585,26432,-73,73,59,14.900,26595,26041
216461,-0.430,0.003,0.002,0.015,0.486,-0.496,-0.558,-0.454,0.000,0.001,0.127,0.024,26584,26619,-74,75,59,14.900,26595,26041
216561,-0.320,0.009,0.007,0.017,0.527,-0.500,-0.536,-0.429,0.000,-0.000,0.087,-0.067,26459,26746,-63,64,59,14.900,26595,26041
216661,0.530,-0.002,-0.006,0.004,0.542,-0.518,-0.524,-0.406,0.000,0.003,0.096,-0.135,26335,26694,-72,71,59,14.940,26455,26595
216761,-1.440,-0.003,0.003,-0.005,0.530,-0.518,-0.527,-0.417,0.000,0.001,0.102,-0.110,26387,26584,-72,72,59,14.940,26455,26595
216861,1.130,0.001,0.002,-0.006,0.532,-0.504,-0.527,-0.431,0.000,0.001,0.073,-0.082,26374,26474,-65,65,59,14.930,26109,26178
216961,1.460,-0.001,-0.000,-0.001,0.527,-0.500,-0.530,-0.437,0.000,0.000,0.073,-0.064,26452,26524,-67,67,59,14.930,26109,26178
217061,-1.120,-0.005,-0.003,0.001,0.521,-0.508,-0.529,-0.438,0.000,-0.000,0.086,-0.065,26532,26639,-73,72,59,14.910,26595,26737
217161,-0.340,-0.001,-0.002,0.006,0.515,-0.522,-0.526,-0.431,0.000,-0.001,0.087,-0.085,26530,26711,-72,72,59,14.910,26595,26737
217261,0.280,0.006,0.002,0.002,0.528,-0.519,-0.523,-0.421,0.000,0.000,0.087,-0.107,26464,26691,-72,72,59,14.910,26595,26737
217361,0.630,-0.001,-0.003,-0.005,0.527,-0.515,-0.528,-0.423,0.000,-0.000,0.088,-0.097,26443,26599,-74,74,59,14.920,26595,26737
217461,1.460,0.001,-0.001,-0.008,0.515,-0.505,-0.542,-0.433,-1.000,-0.001,0.097,-0.050,26444,26459,-77,77,59,14.920,26595,26737
217561,0.030,0.001,0.001,-0.004,0.509,-0.497,-0.550,-0.438,-1.000,-0.001,0.100,-0.024,26412,26393,-78,78,59,14.870,26455,26525
217661,-1.760,-0.001,0.000,0.001,0.509,-0.493,-0.552,-0.439,-1.000,-0.001,0.097,-0.017,26344,26353,-78,78,59,14.870,26455,26525
217761,-1.870,-0.002,-0.001,-0.001,0.509,-0.495,-0.550,-0.440,-0.357,-0.001,0.096,-0.019,26296,26332,-79,79,59,14.870,26315,26595
217861,-1.840,0.002,0.002,-0.003,0.507,-0.492,-0.553,-0.442,-1.000,-0.000,0.096,-0.009,26230,26239,-79,79,59,14.870,26315,26595
217961,0.780,0.001,-0.002,0.000,0.508,-0.489,-0.555,-0.442,-1.000,-0.000,0.093,-0.006,26163,26178,-80,80,59,14.870,26315,26595
218061,-0.730,-0.001,-0.001,0.003,0.508,-0.493,-0.552,-0.441,-1.000,-0.001,0.096,-0.014,26083,26138,-81,82,59,14.920,26455,26455
218161,-1.610,-0.001,-0.000,-0.001,0.506,-0.497,-0.550,-0.441,-1.000,-0.001,0.099,-0.018,25985,26038,-83,83,59,14.920,26455,26455
218261,1.260,0.001,0.000,-0.002,0.506,-0.490,-0.556,-0.442,-1.000,-0.000,0.098,-0.005,25888,25896,-83,83,59,14.910,26109,25974
218361,-0.200,-0.002,-0.000,0.001,0.506,-0.490,-0.556,-0.441,-1.000,-0.000,0.100,-0.006,25805,25831,-85,85,59,14.910,26109,25974
218461,0.010,0.000,0.001,0.000,0.506,-0.492,-0.556,-0.440,-1.000,-0.000,0.101,-0.007,25705,25736,-86,86,60,14.930,25706,25773
218561,-0.680,0.001,-0.001,0.002,0.507,-0.494,-0.555,-0.438,-1.000,-0.001,0.103,-0.015,25599,25656,-87,88,60,14.930,25706,25773
218661,-0.650,0.002,0.001,0.002,0.513,-0.496,-0.551,-0.433,-1.000,-0.001,0.099,-0.032,25449,25550,-87,87,60,14.930,25706,25773
218761,0.540,-0.000,0.001,-0.004,0.514,-0.491,-0.553,-0.434,-1.000,-0.001,0.094,-0.026,25340,25396,-86,86,60,14.960,25445,25445
218861,-0.320,0.000,-0.004,-0.006,0.505,-0.485,-0.561,-0.441,-1.000,0.000,0.102,0.005,25283,25238,-91,91,60,14.960,25445,25445
218961,-0.670,0.004,0.002,0.000,0.502,-0.479,-0.568,-0.442,-1.000,0.001,0.105,0.021,25210,25154,-91,91,60,14.970,25252,25316
219061,-0.410,0.002,0.002,0.002,0.514,-0.472,-0.567,-0.438,-1.000,0.000,0.088,0.010,25108,25116,-88,87,60,14.970,25252,25316
219161,-0.810,-0.006,-0.003,0.002,0.508,-0.481,-0.564,-0.438,-1.000,0.000,0.100,0.004,25031,25055,-93,93,60,14.970,25252,25316
219261,-1.330,0.003,0.003,0.001,0.507,-0.487,-0.560,-0.439,-1.000,-0.000,0.100,-0.002,24938,24976,-92,92,60,14.950,25125,25062
219361,0.170,0.003,0.001,-0.001,0.517,-0.478,-0.558,-0.438,-1.000,-0.000,0.081,-0.005,24800,24836,-88,88,60,14.950,25125,25062
219461,0.160,-0.004,-0.005,-0.003,0.506,-0.478,-0.567,-0.441,-1.000,0.001,0.100,0.017,24721,24675,-96,96,60,14.960,24752,24813
219561,1.790,0.002,0.002,0.000,0.501,-0.479,-0.570,-0.441,-1.000,0.001,0.109,0.023,24624,24582,-97,97,60,14.960,24752,24813
219661,-0.700,0.002,0.001,0.001,0.511,-0.472,-0.569,-0.439,-1.000,0.001,0.092,0.018,24538,24528,-93,93,60,14.960,24752,24813
219761,0.060,-0.005,-0.001,0.003,0.508,-0.480,-0.565,-0.439,-1.000,0.000,0.099,0.009,24409,24431,-97,97,61,14.960,24509,24509
219861,0.990,0.002,0.003,0.002,0.513,-0.480,-0.560,-0.438,-1.000,-0.000,0.089,-0.003,24256,24304,-94,95,61,14.960,24509,24509
219961,-0.780,0.004,0.002,-0.001,0.520,-0.474,-0.560,-0.437,-1.000,-0.000,0.077,-0.005,24182,24218,-93,93,60,14.990,24330,24271
220061,-0.160,0.002,0.001,-0.000,0.525,-0.468,-0.562,-0.436,-0.929,-0.000,0.068,-0.001,24070,24089,-92,92,60,14.990,24330,24271
220161,-0.240,0.001,-0.001,0.001,0.528,-0.466,-0.563,-0.433,-0.812,-0.000,0.068,-0.004,23982,24014,-94,94,60,14.990,24330,24271
220261,-0.160,0.002,0.001,0.001,0.531,-0.466,-0.563,-0.429,-0.949,-0.000,0.068,-0.013,23888,23945,-94,94,60,15.020,23980,24038
220361,-0.960,-0.002,0.000,-0.001,0.531,-0.466,-0.562,-0.431,-1.000,-0.000,0.065,-0.010,23805,23838,-94,94,60,15.020,23980,24038
220461,-0.450,-0.001,-0.001,0.000,0.528,-0.467,-0.562,-0.432,-0.890,-0.000,0.069,-0.007,23688,23714,-96,96,60,15.040,23529,23752
220561,0.010,0.002,0.001,0.000,0.528,-0.468,-0.562,-0.431,-0.435,-0.000,0.070,-0.009,23604,23641,-96,96,60,15.040,23529,23752
220661,-0.100,-0.001,0.000,-0.003,0.529,-0.464,-0.563,-0.434,-0.788,-0.000,0.065,-0.001,23557,23560,-96,96,60,15.040,23529,23752
220761,-0.200,-0.001,0.000,-0.002,0.523,-0.462,-0.565,-0.440,-1.000,0.000,0.065,0.013,23485,23448,-97,97,60,15.030,23584,23474
220861,-0.320,0.001,0.002,-0.000,0.524,-0.459,-0.564,-0.443,-1.000,0.001,0.058,0.019,23378,23342,-95,95,60,15.030,23584,23474
220961,0.050,0.001,-0.000,0.001,0.527,-0.458,-0.563,-0.443,-0.675,0.001,0.052,0.016,23313,23302,-94,95,61,15.030,23364,23419
221061,-0.530,0.001,0.001,0.003,0.534,-0.457,-0.560,-0.439,-0.420,0.000,0.045,0.004,23273,23309,-93,93,61,15.030,23364,23419
221161,-0.910,0.001,0.001,0.000,0.540,-0.454,-0.559,-0.435,-0.851,0.000,0.038,-0.004,23204,23248,-92,92,61,15.030,23364,23419
221261,0.490,-0.002,0.001,0.000,0.540,-0.456,-0.557,-0.436,-1.000,-0.000,0.036,-0.006,23092,23132,-93,93,60,15.040,23094,23041
221361,0.030,-0.001,0.001,0.001,0.541,-0.458,-0.553,-0.438,-0.843,-0.000,0.032,-0.011,23002,23057,-92,92,60,15.040,23094,23041
221461,-0.320,0.001,-0.001,-0.000,0.541,-0.459,-0.554,-0.436,-0.278,-0.000,0.034,-0.014,22957,23008,-93,93,60,15.050,22988,22935
221561,0.280,0.001,-0.000,0.001,0.543,-0.458,-0.554,-0.435,-0.612,-0.000,0.032,-0.015,22898,22952,-93,93,60,15.050,22988,22935
221661,0.980,0.001,0.000,0.000,0.545,-0.459,-0.554,-0.432,-1.000,-0.000,0.034,-0.021,22773,22844,-94,94,60,15.050,22988,22935
221761,-0.330,-0.000,-0.001,-0.000,0.544,-0.458,-0.555,-0.431,-1.000,-0.000,0.037,-0.021,22692,22753,-95,95,60,15.050,22779,22624
221861,-0.610,0.000,-0.002,0.000,0.541,-0.459,-0.559,-0.429,-1.000,-0.000,0.046,-0.017,22575,22623,-98,98,60,15.050,22779,22624
221961,-0.170,0.000,0.000,0.000,0.540,-0.459,-0.561,-0.427,-1.000,-0.000,0.051,-0.017,22488,22539,-99,99,60,15.050,22779,22624
222061,0.290,0.001,-0.001,-0.001,0.540,-0.457,-0.563,-0.427,-1.000,-0.000,0.053,-0.013,22367,22403,-99,100,60,15.070,22522,22471
222161,0.350,-0.001,-0.001,-0.001,0.536,-0.457,-0.565,-0.429,-1.000,-0.000,0.057,-0.004,22249,22258,-101,101,60,15.070,22522,22471
222261,-0.060,0.000,-0.002,-0.000,0.531,-0.460,-0.568,-0.430,-1.000,-0.000,0.067,-0.000,22129,22139,-104,104,60,15.080,22172,22123
222361,0.000,0.001,0.000,-0.000,0.531,-0.459,-0.570,-0.427,-1.000,-0.000,0.071,-0.001,22021,22041,-105,105,60,15.080,22172,22123
222461,-0.330,0.000,-0.000,-0.001,0.532,-0.458,-0.571,-0.426,-0.851,-0.000,0.071,-0.001,21902,21923,-105,105,60,15.080,22172,22123
222561,0.000,0.000,-0.002,-0.001,0.528,-0.460,-0.572,-0.427,-0.522,0.000,0.078,0.003,21815,21822,-108,108,60,15.090,21881,21929
222661,0.210,0.000,-0.002,-0.002,0.524,-0.457,-0.577,-0.428,-0.533,0.001,0.084,0.015,21756,21726,-110,110,60,15.090,21881,21929
222761,0.070,-0.000,-0.002,-0.000,0.519,-0.458,-0.581,-0.428,-0.792,0.001,0.095,0.021,21675,21636,-113,113,60,15.130,21834,21834
222861,-0.480,0.001,0.001,0.000,0.523,-0.455,-0.582,-0.426,-1.000,0.001,0.091,0.020,21539,21518,-112,112,60,15.130,21834,21834
222961,-0.680,-0.000,0.000,-0.002,0.523,-0.454,-0.583,-0.425,-1.000,0.001,0.092,0.021,21400,21372,-113,113,60,15.130,21834,21834
223061,0.420,0.000,-0.001,-0.002,0.519,-0.451,-0.586,-0.428,-1.000,0.002,0.095,0.034,21272,21199,-115,115,61,15.130,21551,21321
223161,0.000,-0.000,-0.000,-0.000,0.518,-0.449,-0.587,-0.431,-1.000,0.003,0.093,0.041,21173,21090,-115,115,61,15.130,21551,21321
223261,-0.140,0.001,0.001,0.002,0.521,-0.449,-0.585,-0.430,-1.000,0.002,0.087,0.035,21079,21032,-114,114,60,15.120,21231,21008
223361,0.010,0.002,-0.001,0.001,0.524,-0.449,-0.585,-0.426,-1.000,0.001,0.087,0.027,20941,20922,-115,116,60,15.120,21231,21008
223461,0.140,0.001,-0.001,0.000,0.524,-0.451,-0.586,-0.422,-1.000,0.001,0.095,0.022,20800,20789,-118,119,60,15.150,20920,20876
223561,0.110,-0.001,0.000,0.001,0.524,-0.453,-0.586,-0.421,-1.000,0.001,0.096,0.019,20673,20663,-119,119,60,15.150,20920,20876
223661,-0.030,-0.000,-0.001,-0.001,0.523,-0.452,-0.586,-0.422,-1.000,0.001,0.097,0.021,20541,20512,-120,120,60,15.150,20920,20876
223761,0.940,-0.001,-0.000,-0.001,0.523,-0.451,-0.587,-0.422,-1.000,0.001,0.097,0.025,20407,20363,-119,119,60,15.170,20703,20576
223861,0.460,0.001,0.000,0.001,0.522,-0.454,-0.587,-0.421,-1.000,0.001,0.101,0.020,20278,20255,-120,120,60,15.170,20703,20576
223961,0.260,0.001,0.000,0.000,0.525,-0.454,-0.585,-0.420,-1.000,0.001,0.097,0.015,20120,20115,-119,119,60,15.160,20283,20366
224061,0.170,0.000,0.000,-0.002,0.525,-0.453,-0.585,-0.421,-1.000,0.001,0.095,0.018,19981,19951,-119,119,60,15.160,20283,20366
224161,-0.170,-0.000,-0.001,-0.001,0.522,-0.451,-0.588,-0.423,-1.000,0.001,0.097,0.026,19895,19831,-120,120,60,15.170,20040,19920
224261,-0.150,0.000,-0.001,0.002,0.522,-0.452,-0.589,-0.421,-1.000,0.001,0.102,0.024,19779,19742,-121,121,60,15.170,20040,19920
224361,1.030,0.001,-0.001,0.000,0.524,-0.453,-0.589,-0.417,-1.000,0.001,0.104,0.016,19594,19582,-121,121,60,15.190,19685,19531
224461,-0.160,0.001,-0.000,0.001,0.525,-0.453,-0.590,-0.414,-1.000,0.001,0.107,0.013,19471,19461,-122,122,60,15.190,19685,19531
224561,0.290,-0.000,-0.000,0.000,0.525,-0.453,-0.590,-0.413,-0.776,0.001,0.107,0.012,19324,19311,-121,121,60,15.190,19379,19305
224661,-0.030,0.000,-0.000,0.000,0.528,-0.451,-0.588,-0.416,-0.827,0.001,0.097,0.013,19210,19188,-119,119,60,15.190,19379,19305
224761,0.090,-0.000,0.000,0.000,0.527,-0.451,-0.587,-0.417,-0.890,0.001,0.097,0.013,19085,19062,-119,119,60,15.190,19379,19305
224861,-0.720,-0.001,0.000,0.001,0.529,-0.452,-0.586,-0.416,-0.867,0.001,0.094,0.010,18984,18973,-119,119,60,15.210,19157,19083
224961,-0.360,-0.001,0.001,0.001,0.529,-0.453,-0.584,-0.417,-0.776,0.000,0.093,0.007,18854,18853,-118,118,60,15.210,19157,19083
225061,0.630,-0.000,-0.000,-0.001,0.529,-0.452,-0.584,-0.418,-0.780,0.000,0.090,0.009,18710,18690,-118,118,60,15.200,18867,18867
225161,-0.100,0.000,-0.001,-0.000,0.526,-0.452,-0.585,-0.419,-0.831,0.001,0.094,0.015,18633,18590,-119,119,60,15.200,18867,18867
225261,0.180,0.000,-0.000,0.000,0.527,-0.453,-0.585,-0.418,-1.000,0.001,0.095,0.013,18492,18467,-119,119,60,15.200,18587,18518
225361,-0.090,0.001,0.000,-0.001,0.526,-0.452,-0.587,-0.418,-1.000,0.001,0.096,0.016,18341,18300,-119,119,60,15.200,18587,18518
225461,-0.150,-0.000,-0.000,-0.001,0.526,-0.450,-0.589,-0.418,-1.000,0.001,0.099,0.019,18211,18160,-120,120,60,15.230,18248,18248
225561,-0.190,-0.001,0.001,0.001,0.527,-0.451,-0.587,-0.417,-0.851,0.001,0.097,0.014,18066,18042,-119,119,60,15.230,18248,18248
225661,0.170,0.000,0.000,0.000,0.528,-0.453,-0.584,-0.418,0.000,0.001,0.093,0.010,17995,17983,-118,118,60,15.220,17985,17921
225761,0.060,-0.000,-0.000,-0.001,0.527,-0.452,-0.585,-0.419,0.000,0.001,0.094,0.013,17994,17958,-119,119,60,15.220,17985,17921
225861,-0.340,-0.000,-0.001,-0.000,0.527,-0.451,-0.585,-0.421,0.000,0.001,0.091,0.017,17994,17945,-118,118,60,15.240,17985,17985
225961,-0.240,0.000,0.000,-0.000,0.530,-0.449,-0.583,-0.422,0.000,0.001,0.082,0.016,17980,17939,-115,115,60,15.240,17985,17985
226061,0.070,0.001,0.001,-0.000,0.532,-0.448,-0.582,-0.422,0.000,0.001,0.078,0.015,17974,17940,-115,115,60,15.260,17985,17985
226161,0.270,0.001,-0.002,-0.001,0.530,-0.446,-0.585,-0.422,0.000,0.001,0.082,0.021,17979,17911,-117,117,60,15.260,17985,17985
226261,0.330,-0.000,0.000,-0.000,0.530,-0.444,-0.587,-0.421,0.000,0.001,0.084,0.024,17973,17904,-117,117,60,15.220,17985,17921
226361,0.000,-0.001,-0.001,0.000,0.528,-0.446,-0.587,-0.421,0.000,0.001,0.087,0.024,17976,17914,-118,118,60,15.220,17985,17921
226461,0.140,0.001,-0.000,0.000,0.528,-0.446,-0.588,-0.420,0.000,0.001,0.090,0.023,17978,17917,-118,118,60,15.240,17921,17857
226561,0.200,-0.000,-0.000,-0.000,0.530,-0.445,-0.588,-0.419,0.000,0.001,0.087,0.021,17964,17910,-117,117,60,15.240,17921,17857
226661,0.060,0.000,-0.002,0.000,0.528,-0.447,-0.587,-0.420,0.000,0.001,0.089,0.021,17967,17912,-118,118,60,15.240,17921,17921
226761,0.120,0.003,0.002,0.001,0.534,-0.444,-0.587,-0.415,0.000,0.001,0.084,0.013,17923,17905,-116,116,60,15.240,17921,17921
226861,-0.240,-0.003,-0.001,-0.001,0.535,-0.442,-0.588,-0.415,0.000,0.001,0.083,0.015,17953,17905,-117,117,60,15.240,17857,17793
226961,-0.660,0.002,0.003,0.001,0.536,-0.444,-0.586,-0.415,0.000,0.000,0.081,0.011,17953,17927,-115,116,60,15.240,17857,17793
227061,-0.460,-0.001,-0.001,-0.001,0.538,-0.443,-0.585,-0.415,0.000,0.000,0.076,0.009,17947,17919,-115,115,60,15.240,17921,17921
227161,-0.210,0.001,-0.000,0.000,0.536,-0.443,-0.586,-0.415,0.000,0.001,0.080,0.011,17947,17908,-116,116,60,15.240,17921,17921
227261,-0.420,-0.001,0.000,0.000,0.537,-0.443,-0.585,-0.416,0.000,0.000,0.077,0.011,17943,17906,-115,115,60,15.240,17921,17921
227361,-0.210,0.000,-0.000,0.001,0.537,-0.444,-0.586,-0.414,0.000,0.000,0.080,0.008,17935,17909,-116,116,60,15.240,17921,17921
227461,-0.070,-0.001,0.001,0.000,0.537,-0.446,-0.584,-0.415,0.000,0.000,0.079,0.005,17911,17895,-116,116,60,15.260,17985,17921
227561,0.110,-0.001,-0.000,-0.000,0.537,-0.447,-0.581,-0.418,0.000,0.000,0.075,0.006,17895,17867,-115,115,60,15.260,17985,17921
227661,-0.270,0.001,0.001,-0.000,0.539,-0.445,-0.581,-0.418,0.000,0.000,0.070,0.005,17909,17882,-113,113,60,15.230,17985,17921
227761,-0.090,-0.001,-0.001,-0.000,0.540,-0.445,-0.579,-0.419,-0.341,0.000,0.067,0.005,17880,17854,-113,113,60,15.230,17985,17921
227861,0.000,0.001,0.001,0.000,0.541,-0.444,-0.579,-0.418,-1.000,0.000,0.065,0.004,17754,17731,-113,113,59,15.260,17857,17793
227961,-0.010,-0.000,-0.000,0.000,0.542,-0.445,-0.578,-0.417,-1.000,-0.000,0.064,-0.000,17616,17612,-113,113,59,15.260,17857,17793
228061,0.160,0.001,0.000,0.000,0.542,-0.446,-0.578,-0.416,-1.000,-0.001,0.066,-0.016,17443,17499,-113,113,60,15.270,17482,17543
228161,-0.020,0.000,0.001,0.001,0.543,-0.446,-0.578,-0.414,-1.000,-0.001,0.067,-0.020,17294,17348,-113,113,60,15.270,17482,17543
228261,0.160,0.000,0.001,0.001,0.545,-0.445,-0.578,-0.413,-1.000,-0.001,0.064,-0.023,17142,17199,-112,112,59,15.260,17182,17301
228361,-0.110,0.001,0.000,0.001,0.550,-0.443,-0.575,-0.413,-1.000,-0.001,0.055,-0.027,17009,17075,-110,110,59,15.260,17182,17301
228461,0.210,0.000,-0.001,0.000,0.551,-0.444,-0.575,-0.412,-1.000,-0.001,0.054,-0.030,16846,16920,-111,111,59,15.260,17182,17301
228561,-0.420,0.002,0.000,0.000,0.550,-0.444,-0.576,-0.410,-1.000,-0.001,0.058,-0.030,16698,16767,-111,112,60,15.290,17006,16835
228661,-0.330,0.003,0.003,0.001,0.557,-0.441,-0.575,-0.407,-1.000,-0.001,0.049,-0.037,16562,16664,-109,109,60,15.290,17006,16835
228761,-0.050,0.002,0.001,0.001,0.565,-0.435,-0.573,-0.404,-1.000,-0.000,0.035,-0.029,16437,16488,-106,106,59,15.330,16611,16666
228861,-0.930,-0.001,-0.002,0.002,0.565,-0.438,-0.573,-0.401,-1.000,-0.000,0.041,-0.034,16295,16387,-109,109,59,15.330,16611,16666
228961,0.220,0.001,0.000,0.002,0.566,-0.442,-0.573,-0.395,-1.000,-0.000,0.047,-0.048,16093,16257,-110,110,59,15.300,16181,16447
229061,0.320,0.001,0.000,0.003,0.573,-0.443,-0.570,-0.388,-1.000,0.000,0.042,-0.065,15933,16160,-108,108,59,15.300,16181,16447
229161,0.110,-0.001,-0.001,0.001,0.573,-0.449,-0.569,-0.382,-1.000,0.000,0.051,-0.081,15734,16006,-111,111,59,15.320,15923,16129
229261,0.310,-0.002,-0.004,0.001,0.568,-0.454,-0.571,-0.381,-1.000,-0.000,0.064,-0.081,15606,15846,-114,114,59,15.320,15923,16129
229361,0.550,0.001,-0.001,-0.001,0.562,-0.458,-0.575,-0.378,-1.000,-0.001,0.082,-0.081,15384,15611,-118,118,59,15.310,15576,15723
229461,0.020,-0.001,-0.002,-0.003,0.562,-0.455,-0.578,-0.379,-1.000,-0.001,0.082,-0.073,15222,15404,-117,117,59,15.310,15576,15723
229561,-0.030,-0.002,-0.005,-0.003,0.549,-0.460,-0.582,-0.385,-1.000,-0.002,0.100,-0.057,15127,15244,-122,122,59,15.330,15290,15243
229661,-0.040,0.001,-0.003,-0.001,0.538,-0.465,-0.588,-0.386,-1.000,-0.002,0.124,-0.046,14921,15023,-127,127,59,15.330,15290,15243
229761,0.150,0.002,-0.002,-0.001,0.533,-0.467,-0.592,-0.384,-1.000,-0.002,0.138,-0.042,14688,14802,-129,129,59,15.360,14792,14880
229861,0.080,-0.000,-0.004,-0.001,0.528,-0.470,-0.595,-0.382,-1.000,-0.002,0.152,-0.042,14517,14650,-132,132,59,15.360,14792,14880
229961,0.150,-0.002,-0.004,-0.000,0.518,-0.478,-0.599,-0.381,-1.000,-0.003,0.175,-0.038,14325,14452,-137,137,59,15.360,14792,14880
230061,0.310,-0.001,0.000,0.000,0.512,-0.483,-0.599,-0.382,-1.000,-0.003,0.186,-0.036,14102,14228,-138,138,59,15.360,14367,14492
230161,0.510,-0.000,-0.000,-0.000,0.510,-0.485,-0.597,-0.385,-1.000,-0.003,0.184,-0.035,13860,13989,-137,137,59,15.360,14367,14492
230261,-0.070,0.001,0.000,0.000,0.512,-0.484,-0.596,-0.385,-1.000,-0.003,0.179,-0.036,13692,13835,-135,136,59,15.350,13850,14044
230361,-0.120,0.000,-0.001,0.000,0.513,-0.483,-0.597,-0.383,-1.000,-0.003,0.181,-0.037,13508,13655,-136,136,59,15.350,13850,14044
230461,0.250,-0.000,-0.000,0.001,0.511,-0.486,-0.596,-0.385,-1.000,-0.003,0.182,-0.037,13284,13438,-136,136,59,15.360,13550,13586
230561,0.210,-0.000,0.000,0.000,0.512,-0.487,-0.592,-0.386,-1.000,-0.003,0.178,-0.042,13034,13212,-135,135,59,15.360,13550,13586
230661,0.200,-0.001,-0.000,0.000,0.512,-0.490,-0.590,-0.387,-1.000,-0.003,0.178,-0.044,12827,13018,-135,136,59,15.370,12953,13123
230761,0.270,-0.001,0.001,0.001,0.512,-0.492,-0.588,-0.388,-1.000,-0.003,0.176,-0.047,12604,12807,-135,135,59,15.370,12953,13123
230861,0.050,0.000,-0.000,0.000,0.512,-0.493,-0.586,-0.389,-1.000,-0.003,0.175,-0.049,12390,12598,-135,135,59,15.410,12468,12626
230961,-0.090,0.000,-0.001,0.000,0.513,-0.492,-0.587,-0.388,-1.000,-0.003,0.174,-0.050,12153,12364,-135,135,59,15.410,12468,12626
231061,-0.010,-0.000,-0.000,0.000,0.513,-0.492,-0.587,-0.387,-1.000,-0.003,0.175,-0.050,11967,12178,-135,135,59,15.410,12468,12626
231161,0.280,-0.000,0.000,0.000,0.512,-0.494,-0.586,-0.387,-1.000,-0.004,0.176,-0.052,11736,11966,-135,135,59,15.410,11904,12135
231261,-0.050,0.000,-0.000,0.001,0.513,-0.495,-0.585,-0.386,-1.000,-0.004,0.176,-0.057,11488,11749,-135,135,59,15.410,11904,12135
231361,0.160,-0.000,-0.001,-0.000,0.514,-0.496,-0.585,-0.385,-1.000,-0.004,0.177,-0.059,11215,11480,-136,136,58,15.380,11389,11682
231461,0.150,0.001,-0.001,-0.001,0.512,-0.496,-0.586,-0.385,-1.000,-0.004,0.180,-0.056,11009,11245,-136,136,58,15.380,11389,11682
231561,0.100,-0.000,-0.001,-0.000,0.511,-0.495,-0.586,-0.387,-1.000,-0.004,0.179,-0.051,10787,11002,-136,136,58,15.410,10845,11086
231661,0.070,0.001,0.001,0.001,0.511,-0.496,-0.586,-0.386,-1.000,-0.004,0.180,-0.055,10529,10790,-136,136,58,15.410,10845,11086
231761,0.000,-0.001,0.000,0.000,0.515,-0.496,-0.585,-0.384,-1.000,-0.004,0.176,-0.061,10208,10515,-135,135,58,15.410,10845,11086
231861,-0.040,-0.000,0.000,-0.000,0.513,-0.497,-0.584,-0.386,-1.000,-0.004,0.175,-0.059,9980,10263,-135,135,59,15.400,10183,10482
231961,-0.120,0.000,0.001,0.001,0.514,-0.496,-0.584,-0.387,-1.000,-0.004,0.174,-0.058,9740,10028,-135,135,59,15.400,10183,10482
232061,0.040,-0.001,-0.002,-0.001,0.513,-0.496,-0.584,-0.387,-1.000,-0.004,0.175,-0.059,9475,9767,-135,135,58,15.420,9615,9900
232161,-0.050,-0.001,-0.000,-0.001,0.510,-0.497,-0.585,-0.388,0.000,-0.004,0.179,-0.054,9402,9658,-136,136,58,15.420,9615,9900
232261,0.190,0.001,0.000,-0.001,0.507,-0.498,-0.586,-0.389,0.000,-0.004,0.184,-0.049,9407,9632,-137,137,58,15.420,9615,9900
232361,0.080,0.001,-0.001,0.000,0.506,-0.498,-0.587,-0.388,0.000,-0.004,0.186,-0.049,9371,9622,-138,138,59,15.430,9433,9652
232461,0.010,0.000,0.001,0.000,0.508,-0.498,-0.586,-0.387,0.000,-0.004,0.185,-0.052,9324,9607,-137,137,59,15.430,9433,9652
232561,-0.010,-0.001,0.000,-0.001,0.509,-0.498,-0.584,-0.389,0.000,-0.004,0.180,-0.052,9330,9605,-136,136,58,15.450,9363,9615
232661,-0.010,0.001,-0.001,0.000,0.506,-0.500,-0.585,-0.389,0.000,-0.004,0.185,-0.050,9353,9613,-138,138,58,15.450,9363,9615
232761,0.150,0.000,-0.001,0.000,0.507,-0.499,-0.587,-0.387,0.000,-0.004,0.188,-0.052,9312,9588,-138,138,58,15.430,9328,9615
232861,0.090,0.005,0.003,0.000,0.507,-0.498,-0.589,-0.386,-0.200,-0.004,0.190,-0.051,9245,9513,-137,138,58,15.430,9328,9615
232961,0.000,-0.002,-0.001,0.001,0.500,-0.504,-0.591,-0.384,-0.200,-0.004,0.206,-0.050,9257,9517,-142,143,58,15.430,9328,9615
233061,0.260,-0.002,-0.000,0.001,0.499,-0.507,-0.589,-0.385,-0.200,-0.004,0.207,-0.052,9159,9448,-142,142,58,15.480,305,305
233161,0.130,-0.002,-0.005,-0.003,0.493,-0.511,-0.589,-0.387,-0.200,-0.004,0.217,-0.048,9057,9295,-145,145,58,15.480,305,305
233261,-0.050,-0.000,-0.002,-0.001,0.480,-0.515,-0.596,-0.385,-0.200,-0.004,0.244,-0.035,9072,9217,-151,151,58,15.480,305,305
233361,-0.070,0.000,0.001,0.003,0.480,-0.521,-0.594,-0.382,-0.200,-0.005,0.248,-0.046,8935,9231,-150,150,58,15.480,305,305
233461,0.780,-0.004,-0.004,-0.000,0.479,-0.527,-0.590,-0.380,-0.200,-0.006,0.255,-0.057,8796,9160,-152,153,58,15.480,305,305
233561,-0.120,-0.006,-0.016,0.000,0.460,-0.536,-0.599,-0.377,-0.200,-0.005,0.297,-0.041,8795,8985,-165,165,58,15.480,305,305
233661,0.140,-0.003,-0.008,0.001,0.435,-0.550,-0.611,-0.368,-0.200,-0.005,0.357,-0.028,8768,8873,-177,177,58,15.480,305,305
233761,0.010,-0.001,-0.003,0.001,0.426,-0.557,-0.613,-0.365,-0.200,-0.005,0.378,-0.026,8662,8809,-178,178,58,15.480,305,305
233861,0.240,-0.001,-0.008,0.001,0.418,-0.565,-0.615,-0.358,-0.200,-0.006,0.402,-0.032,8519,8741,-180,180,58,15.480,305,305
233961,0.090,-0.001,-0.010,-0.000,0.400,-0.576,-0.626,-0.341,-0.200,-0.007,0.460,-0.034,8379,8605,-180,180,58,15.470,305,305
234061,0.050,0.000,-0.002,0.000,0.393,-0.581,-0.630,-0.333,-0.200,-0.008,0.484,-0.036,8310,8553,-180,180,58,15.470,305,305
234161,0.170,0.000,-0.014,0.000,0.382,-0.588,-0.637,-0.317,-0.200,-0.010,0.531,-0.041,8180,8461,-180,180,58,15.470,305,305
234261,0.100,-0.003,-0.022,-0.003,0.342,-0.604,-0.658,-0.294,-0.200,-0.008,0.625,-0.025,8255,8354,-180,180,57,15.490,305,305
234361,0.140,-0.002,-0.017,-0.001,0.300,-0.617,-0.676,-0.268,-0.200,-0.003,0.725,-0.008,8254,8237,-180,180,57,15.490,305,305
234461,-0.130,-0.001,-0.023,0.002,0.262,-0.634,-0.689,-0.234,-0.200,-0.004,0.828,-0.010,8197,8282,-180,180,57,15.490,305,305
234561,-0.030,0.004,-0.029,0.001,0.217,-0.652,-0.704,-0.180,-0.200,-0.015,0.973,-0.029,8055,8346,-180,180,57,15.490,305,305
234661,0.180,-0.000,-0.011,0.000,0.178,-0.663,-0.715,-0.131,-0.200,-0.025,1.068,-0.042,7926,8298,-180,180,57,15.490,305,305
234761,0.140,-0.003,0.018,-0.002,0.187,-0.659,-0.713,-0.146,-0.200,-0.019,1.038,-0.033,7935,8145,-180,180,57,15.500,305,305
234861,-0.500,0.001,0.033,-0.002,0.238,-0.645,-0.700,-0.193,-0.200,-0.016,0.913,-0.033,7930,8147,-180,180,57,15.500,305,305
234961,0.140,0.003,0.028,0.005,0.302,-0.627,-0.676,-0.244,-0.200,-0.018,0.740,-0.050,7826,8250,-180,180,57,15.500,305,305
235061,-0.160,0.004,0.025,0.004,0.361,-0.612,-0.646,-0.279,-0.200,-0.022,0.614,-0.078,7674,8336,-179,180,57,15.500,305,305
235161,-0.320,0.007,0.023,-0.000,0.410,-0.590,-0.625,-0.304,-0.200,-0.021,0.494,-0.101,7671,8432,-179,180,57,15.500,305,305
235261,0.120,0.002,0.021,-0.002,0.453,-0.563,-0.604,-0.335,-0.200,-0.015,0.372,-0.105,7636,8307,-161,162,57,15.500,305,305
235361,-0.450,0.001,0.024,-0.000,0.491,-0.538,-0.578,-0.368,-0.200,-0.008,0.250,-0.102,7696,8293,-133,134,57,15.500,305,305
235461,-0.180,0.000,0.023,0.001,0.529,-0.513,-0.545,-0.401,-0.200,-0.001,0.120,-0.106,7686,8316,-110,110,57,15.500,305,305
235561,-0.060,-0.000,0.022,0.002,0.565,-0.491,-0.508,-0.427,-0.200,0.006,-0.002,-0.120,7648,8396,-86,86,57,15.500,305,305
235661,-0.410,0.000,0.025,-0.001,0.594,-0.462,-0.473,-0.457,-0.200,0.013,-0.125,-0.116,7700,8340,-61,60,57,15.500,305,305
235761,-0.740,0.005,0.027,0.002,0.632,-0.422,-0.431,-0.485,-0.200,0.022,-0.274,-0.114,7848,8465,-27,26,57,15.500,305,305
235861,-0.520,0.001,0.020,-0.000,0.663,-0.384,-0.392,-0.510,-0.200,0.027,-0.408,-0.107,7999,8535,1,-1,57,15.500,305,305
235961,-0.150,0.000,0.012,0.000,0.679,-0.363,-0.367,-0.523,-0.200,0.031,-0.483,-0.105,7986,8529,14,-15,57,15.500,305,305
236061,0.080,0.001,0.006,-0.002,0.684,-0.352,-0.354,-0.532,-0.200,0.032,-0.521,-0.100,7942,8446,22,-23,56,15.510,305,305
236161,0.050,0.001,0.005,-0.002,0.686,-0.343,-0.347,-0.540,-0.200,0.030,-0.546,-0.091,7875,8316,31,-32,56,15.510,305,305
236261,-0.070,0.001,0.002,0.000,0.689,-0.334,-0.342,-0.545,-0.200,0.028,-0.568,-0.083,7799,8221,40,-40,57,15.510,305,305
236361,-0.270,0.001,0.007,0.001,0.695,-0.326,-0.334,-0.547,-0.200,0.029,-0.592,-0.083,7809,8265,51,-51,57,15.510,305,305
236461,-0.390,0.001,0.008,0.001,0.704,-0.314,-0.320,-0.550,-0.200,0.031,-0.632,-0.084,7876,8343,65,-66,57,15.510,305,305
236561,-0.400,-0.000,-0.001,-0.001,0.708,-0.306,-0.312,-0.555,-0.200,0.032,-0.655,-0.081,7951,8391,73,-74,57,15.510,305,305
236661,-0.220,-0.001,-0.004,0.000,0.704,-0.314,-0.319,-0.552,-0.200,0.032,-0.632,-0.085,7948,8439,71,-72,57,15.510,305,305
236761,-0.770,-0.001,-0.021,-0.000,0.691,-0.335,-0.341,-0.543,-0.200,0.030,-0.568,-0.087,8034,8534,57,-58,56,15.510,305,305
236861,-0.830,-0.003,-0.027,-0.005,0.661,-0.373,-0.384,-0.526,-0.200,0.023,-0.437,-0.086,8209,8660,30,-30,56,15.510,305,305
236961,-0.310,-0.002,-0.022,-0.005,0.622,-0.409,-0.431,-0.509,-0.200,0.013,-0.297,-0.070,8390,8681,5,-5,56,15.510,305,305
237061,-0.250,-0.002,-0.020,-0.004,0.588,-0.440,-0.469,-0.495,-0.200,0.006,-0.174,-0.050,8503,8663,-16,16,56,15.520,305,305
237161,-0.470,-0.004,-0.025,-0.005,0.547,-0.468,-0.504,-0.478,-0.200,0.001,-0.055,-0.029,8632,8656,-41,41,56,15.520,305,305
237261,-0.480,-0.001,-0.025,0.000,0.502,-0.501,-0.541,-0.452,-0.200,-0.000,0.087,-0.014,8732,8736,-70,70,56,15.530,305,305
237361,-0.040,-0.000,-0.015,0.001,0.472,-0.526,-0.567,-0.423,-0.200,-0.001,0.198,-0.016,8680,8773,-90,90,56,15.530,305,305
237461,0.190,-0.000,-0.013,-0.000,0.451,-0.540,-0.583,-0.405,-0.200,-0.002,0.274,-0.015,8550,8663,-104,104,56,15.530,305,305
237561,-0.040,-0.001,-0.018,0.001,0.430,-0.553,-0.599,-0.388,-0.200,-0.002,0.335,-0.011,8499,8581,-118,119,56,15.530,305,305
237661,-0.270,0.000,-0.021,0.002,0.397,-0.577,-0.619,-0.355,-0.200,-0.004,0.444,-0.018,8474,8644,-147,148,56,15.530,305,305
237761,-0.060,0.000,-0.011,0.003,0.372,-0.596,-0.632,-0.328,-0.200,-0.007,0.527,-0.027,8391,8645,-165,166,56,15.530,305,305
237861,0.090,0.000,-0.008,0.002,0.358,-0.607,-0.637,-0.312,-0.200,-0.011,0.578,-0.037,8267,8572,-178,178,56,15.520,305,305
237961,0.050,-0.000,-0.012,0.001,0.340,-0.619,-0.645,-0.292,-0.200,-0.013,0.631,-0.042,8168,8483,-180,180,56,15.520,305,305
238061,0.070,0.001,-0.007,0.001,0.323,-0.628,-0.653,-0.273,-0.200,-0.015,0.683,-0.046,8078,8404,-180,180,56,15.520,305,305
238161,0.120,0.001,-0.003,0.000,0.314,-0.632,-0.657,-0.264,-0.200,-0.017,0.709,-0.048,7971,8290,-180,180,56,15.520,305,305
238261,0.040,0.001,-0.001,0.001,0.313,-0.634,-0.658,-0.260,-0.200,-0.018,0.717,-0.051,7850,8209,-180,180,56,15.520,305,305
238361,0.070,-0.001,-0.003,0.000,0.311,-0.636,-0.658,-0.256,-0.200,-0.020,0.725,-0.055,7764,8133,-180,180,56,15.520,305,305
238461,0.140,-0.000,-0.002,0.001,0.306,-0.638,-0.659,-0.252,-0.200,-0.020,0.737,-0.055,7670,8024,-180,180,56,15.520,305,305
238561,0.110,0.000,-0.003,0.002,0.305,-0.642,-0.658,-0.248,-0.200,-0.023,0.745,-0.062,7533,7965,-180,180,55,15.520,305,305
238661,0.240,0.000,-0.003,0.001,0.306,-0.645,-0.656,-0.243,-0.200,-0.026,0.750,-0.071,7357,7865,-180,180,55,15.520,305,305
238761,-0.110,0.000,-0.005,-0.000,0.301,-0.648,-0.658,-0.235,-0.200,-0.028,0.768,-0.075,7293,7801,-179,180,56,15.520,305,305
238861,-0.080,-0.000,-0.005,0.000,0.291,-0.653,-0.661,-0.227,-0.200,-0.029,0.793,-0.074,7269,7740,-180,180,56,15.520,305,305
238961,-0.060,0.002,-0.005,0.001,0.283,-0.657,-0.664,-0.216,-0.200,-0.032,0.819,-0.079,7194,7730,-179,180,55,15.530,305,305
239061,0.000,0.002,-0.004,0.002,0.279,-0.663,-0.664,-0.204,-0.200,-0.037,0.841,-0.091,7069,7718,-179,180,55,15.530,305,305
239161,0.130,-0.001,-0.003,0.001,0.274,-0.667,-0.665,-0.197,-0.200,-0.040,0.857,-0.095,6979,7619,-179,180,55,15.530,305,305
239261,0.070,-0.001,-0.002,0.001,0.266,-0.672,-0.663,-0.194,-0.200,-0.039,0.871,-0.092,6919,7497,-179,180,55,15.530,305,305
239361,0.130,-0.001,-0.001,0.001,0.261,-0.676,-0.660,-0.195,-0.200,-0.038,0.878,-0.089,6833,7384,-179,180,55,15.530,305,305
239461,0.110,-0.001,-0.001,0.001,0.260,-0.680,-0.657,-0.197,-0.200,-0.046,0.878,-0.083,6756,7257,-179,180,55,15.530,305,305
239561,-0.080,-0.001,0.000,-0.001,0.257,-0.680,-0.657,-0.198,-0.200,-0.043,0.880,-0.078,6722,7187,-179,180,55,15.530,305,305
239661,0.030,0.001,0.001,0.000,0.259,-0.679,-0.657,-0.201,-0.200,-0.042,0.874,-0.077,6666,7160,-179,180,55,15.530,305,305
239761,0.060,-0.000,0.002,0.001,0.262,-0.678,-0.655,-0.205,-0.200,-0.042,0.865,-0.078,6592,7116,-179,180,55,15.530,305,305
239861,0.080,-0.001,0.007,0.001,0.270,-0.677,-0.651,-0.215,-0.200,-0.039,0.842,-0.076,6511,7020,-179,180,55,15.530,305,305
239961,0.100,-0.002,0.012,-0.001,0.283,-0.672,-0.642,-0.236,-0.200,-0.034,0.794,-0.070,6411,6858,-180,180,55,15.540,305,305
240061,-0.270,-0.002,0.025,-0.003,0.306,-0.660,-0.629,-0.275,-0.200,-0.022,0.707,-0.055,6490,6758,-180,180,55,15.540,305,305
240161,-0.380,-0.003,0.027,0.000,0.345,-0.641,-0.604,-0.325,-0.200,-0.015,0.575,-0.046,6478,6740,-180,180,55,15.540,305,305
240261,-0.390,-0.005,0.030,-0.001,0.386,-0.615,-0.571,-0.382,-0.200,-0.009,0.419,-0.039,6575,6782,-167,167,55,15.540,305,305
240361,-0.670,-0.004,0.038,-0.005,0.432,-0.570,-0.526,-0.460,-0.200,-0.001,0.204,-0.009,6887,6782,-119,119,55,15.540,305,305
240461,-0.740,-0.002,0.029,-0.000,0.466,-0.532,-0.490,-0.510,-0.200,0.000,0.046,0.003,6981,6881,-90,91,55,15.540,305,305
240561,-0.820,0.000,0.031,0.001,0.504,-0.489,-0.447,-0.554,-0.200,-0.000,-0.122,0.001,7130,7153,-56,57,55,15.550,305,305
240661,-0.580,-0.001,0.029,0.005,0.545,-0.448,-0.398,-0.587,-0.200,0.003,-0.286,-0.021,7135,7453,-23,23,55,15.550,305,305
240761,-0.290,-0.001,0.028,0.002,0.579,-0.402,-0.342,-0.619,-0.200,0.009,-0.455,-0.044,7101,7572,14,-14,55,15.550,305,305
240861,-0.430,-0.001,0.029,-0.001,0.603,-0.362,-0.300,-0.644,-0.200,0.014,-0.584,-0.049,7159,7574,43,-43,55,15.550,305,305
240961,-0.500,-0.003,0.027,-0.001,0.624,-0.307,-0.249,-0.675,-0.200,0.017,-0.742,-0.044,7372,7682,81,-81,55,15.560,305,305
241061,-0.410,-0.001,0.012,0.000,0.633,-0.279,-0.215,-0.690,-0.200,0.022,-0.827,-0.052,7459,7845,98,-98,55,15.560,305,305
241161,0.060,-0.002,0.017,0.001,0.637,-0.254,-0.187,-0.703,-0.200,0.027,-0.905,-0.057,7469,7879,121,-122,54,15.560,305,305
241261,-0.430,-0.005,0.019,-0.002,0.637,-0.226,-0.148,-0.722,-0.200,0.034,-0.981,-0.066,7515,7986,145,-146,54,15.560,305,305
241361,0.140,-0.003,0.017,-0.005,0.632,-0.198,-0.111,-0.742,-0.200,0.043,-1.061,-0.074,7431,7944,169,-171,54,15.570,305,305
241461,-0.500,0.001,0.020,-0.006,0.622,-0.160,-0.076,-0.763,-0.200,0.046,-1.146,-0.070,7530,7937,179,-180,54,15.570,305,305
241561,-0.430,0.001,0.013,-0.003,0.611,-0.121,-0.051,-0.780,-0.200,0.040,-1.227,-0.055,7644,7913,180,-180,55,15.570,305,305
241661,0.030,-0.001,0.002,-0.002,0.602,-0.108,-0.040,-0.790,-0.200,0.041,-1.247,-0.053,7665,7961,179,-180,55,15.570,305,305
241761,0.020,0.002,0.006,-0.001,0.594,-0.101,-0.033,-0.798,-0.200,0.041,-1.263,-0.052,7574,7885,180,-180,54,15.570,305,305
241861,0.000,0.001,0.010,-0.003,0.583,-0.076,-0.023,-0.809,-0.200,0.033,-1.303,-0.039,7554,7738,180,-180,54,15.570,305,305
241961,0.350,-0.001,-0.002,-0.001,0.570,-0.067,-0.018,-0.818,-0.200,0.030,-1.318,-0.036,7387,7602,180,-180,54,15.570,305,305
242061,0.280,0.001,-0.002,-0.002,0.560,-0.076,-0.022,-0.824,-0.200,0.031,-1.303,-0.037,7192,7451,180,-180,54,15.570,305,305
242161,0.020,0.005,0.004,-0.000,0.553,-0.068,-0.026,-0.830,-0.200,0.020,-1.310,-0.024,7187,7296,180,-180,54,15.570,305,305
242261,0.720,0.010,0.006,0.001,0.555,-0.042,-0.037,-0.830,-0.200,-0.010,-1.333,0.011,7214,6970,180,-179,54,15.570,305,305
242361,-0.180,0.002,0.004,0.002,0.551,-0.019,-0.043,-0.833,-0.200,-0.036,-1.356,0.037,7173,6782,180,-179,54,15.570,305,305
242461,0.160,-0.007,0.005,-0.001,0.552,-0.016,-0.029,-0.833,-0.200,-0.022,-1.372,0.023,6919,6853,180,-180,54,15.570,305,305
242561,0.080,-0.001,-0.003,0.001,0.553,-0.021,-0.018,-0.833,-0.200,-0.004,-1.375,0.004,6669,6817,180,-180,54,15.570,305,305
242661,0.180,0.003,-0.004,0.000,0.540,-0.030,-0.025,-0.841,-0.200,-0.007,-1.359,0.007,6629,6660,180,-180,54,15.570,305,305
242761,0.200,0.002,-0.000,-0.001,0.522,-0.029,-0.034,-0.852,-0.200,-0.019,-1.352,0.020,6555,6413,180,-180,54,15.570,305,305
242861,-0.240,0.009,0.022,0.001,0.508,-0.008,-0.041,-0.860,-0.200,-0.044,-1.372,0.044,6644,6226,180,-179,54,15.570,305,305
242961,0.970,-0.001,0.002,-0.001,0.500,0.009,-0.040,-0.865,-0.200,-0.056,-1.394,0.055,6567,6139,180,-179,54,15.570,305,305
243061,0.480,-0.003,0.008,0.001,0.495,0.031,-0.026,-0.868,-0.200,-0.056,-1.432,0.052,6323,6009,180,-179,54,15.570,305,305
243161,-0.170,-0.003,-0.000,-0.002,0.491,0.026,-0.016,-0.871,-0.200,-0.039,-1.434,0.036,6222,6126,180,-180,54,15.580,305,305
243261,0.080,-0.000,0.000,-0.001,0.489,0.022,-0.013,-0.872,-0.200,-0.032,-1.432,0.030,6131,6047,180,-179,54,15.580,305,305
243361,0.020,0.000,0.001,0.000,0.489,0.025,-0.010,-0.872,-0.200,-0.030,-1.437,0.028,6049,5935,180,-179,54,15.580,305,305
243461,0.060,-0.001,0.000,-0.000,0.474,0.026,-0.009,-0.880,-0.200,-0.030,-1.439,0.028,5981,5844,180,-179,54,15.580,305,305
243561,0.080,-0.001,0.001,-0.000,0.462,0.026,-0.008,-0.886,-0.200,-0.028,-1.441,0.026,5875,5746,180,-180,54,15.580,305,305
243661,0.020,-0.001,0.001,0.000,0.452,0.026,-0.005,-0.892,-0.200,-0.024,-1.443,0.022,5755,5662,180,-180,54,15.580,305,305
243761,-0.090,-0.001,-0.000,0.000,0.444,0.026,-0.002,-0.896,-0.200,-0.019,-1.445,0.018,5665,5614,180,-180,54,15.580,305,305
243861,0.060,-0.002,-0.002,0.001,0.438,0.020,0.001,-0.899,-0.200,-0.011,-1.440,0.011,5541,5558,180,-180,54,15.580,305,305
243961,-0.010,-0.001,-0.001,0.000,0.431,0.017,0.003,-0.902,-0.200,-0.006,-1.437,0.006,5418,5454,180,-180,53,15.580,305,305
244061,0.030,-0.000,-0.000,0.000,0.426,0.014,0.004,-0.905,-0.200,-0.004,-1.434,0.003,5300,5331,180,-180,53,15.580,305,305
244161,0.020,-0.000,-0.000,0.000,0.420,0.014,0.004,-0.907,-0.200,-0.003,-1.434,0.003,5221,5237,180,-180,54,15.580,305,305
244261,-0.010,-0.000,-0.000,0.000,0.416,0.013,0.004,-0.909,-0.200,-0.002,-1.433,0.002,5119,5129,180,-180,54,15.580,305,305
244361,0.000,-0.000,-0.000,0.000,0.411,0.012,0.004,-0.911,-0.200,-0.001,-1.432,0.001,5002,5019,180,-180,53,15.580,305,305
244461,0.030,-0.000,-0.000,-0.000,0.409,0.011,0.005,-0.913,-0.200,-0.000,-1.430,0.000,4879,4910,180,-180,53,15.580,305,305
244561,-0.010,-0.000,-0.000,0.000,0.405,0.010,0.005,-0.914,-0.200,-0.000,-1.430,0.000,4795,4819,180,-180,54,15.580,305,305
244661,0.010,-0.000,-0.000,0.000,0.401,0.009,0.004,-0.916,-0.200,0.000,-1.429,-0.000,4694,4713,180,-180,54,15.580,305,305
244761,0.020,-0.000,-0.000,0.000,0.400,0.008,0.005,-0.917,-0.200,0.001,-1.428,-0.001,4565,4609,180,-180,53,15.580,305,305
244861,0.040,-0.000,-0.000,0.000,0.398,0.007,0.006,-0.917,-0.200,0.004,-1.426,-0.004,4391,4475,180,-180,53,15.580,305,305
244961,-0.080,0.001,-0.004,-0.000,0.397,0.005,0.003,-0.918,-0.200,0.001,-1.423,-0.001,4437,4446,180,-180,53,15.580,305,305
245061,0.180,0.000,0.000,0.000,0.397,-0.001,-0.001,-0.918,-0.200,-0.001,-1.412,0.001,4188,4170,180,-180,53,15.580,305,305
245161,0.000,0.000,-0.002,-0.000,0.397,-0.001,-0.001,-0.918,-0.200,-0.001,-1.412,0.001,4150,4145,180,-180,53,15.580,305,305
245261,-0.060,0.000,0.000,-0.000,0.397,-0.004,-0.003,-0.918,-0.200,-0.002,-1.407,0.002,3974,3950,180,-180,53,15.580,305,305
245361,0.400,0.000,-0.001,-0.000,0.396,-0.005,-0.004,-0.918,-0.200,-0.002,-1.405,0.002,3820,3808,180,-180,53,15.580,305,305
245461,-0.690,0.001,0.007,-0.001,0.396,-0.002,-0.002,-0.918,-0.200,-0.002,-1.411,0.002,3713,3709,180,-180,53,15.580,305,305
245561,0.810,-0.002,-0.004,0.000,0.396,-0.004,-0.004,-0.918,-0.200,-0.003,-1.406,0.003,3619,3594,180,-180,53,15.580,305,305
245661,-0.190,-0.000,-0.001,0.000,0.396,0.000,-0.002,-0.918,-0.200,-0.003,-1.413,0.003,3526,3517,180,-180,53,15.580,305,305
245761,-0.140,-0.000,0.002,0.000,0.395,-0.002,-0.003,-0.918,-0.200,-0.002,-1.410,0.002,3354,3358,180,-180,53,15.580,305,305
245861,-0.030,0.000,-0.001,-0.000,0.395,-0.003,-0.003,-0.919,-0.200,-0.002,-1.408,0.002,3253,3255,180,-180,53,15.580,305,305
245961,0.030,0.000,-0.002,-0.000,0.394,-0.005,-0.005,-0.919,-0.200,-0.003,-1.405,0.003,3162,3119,180,-180,53,15.590,305,305
246061,0.020,-0.000,-0.001,0.000,0.393,-0.008,-0.006,-0.919,-0.200,-0.004,-1.401,0.004,2937,2898,180,-180,53,15.590,305,305
246161,-0.070,0.000,0.000,0.000,0.393,-0.008,-0.006,-0.919,-0.200,-0.004,-1.400,0.004,2725,2682,180,-180,53,15.590,305,305
246261,0.040,0.000,-0.000,-0.000,0.393,-0.008,-0.007,-0.919,-0.200,-0.004,-1.401,0.004,2596,2535,180,-180,53,15.570,305,305
246361,-0.040,0.000,-0.001,-0.000,0.393,-0.007,-0.006,-0.920,-0.200,-0.005,-1.402,0.005,2451,2380,180,-180,53,15.570,305,305
246461,-0.050,0.000,0.001,-0.000,0.393,-0.007,-0.007,-0.920,-0.200,-0.005,-1.401,0.005,2195,2115,180,-180,53,15.580,305,305
246561,-0.040,-0.000,0.000,0.000,0.393,-0.007,-0.007,-0.920,-0.200,-0.005,-1.401,0.005,1983,1898,180,-180,53,15.580,305,305
246661,0.030,0.000,-0.000,0.000,0.393,-0.007,-0.007,-0.920,-0.200,-0.005,-1.401,0.005,1743,1647,180,-180,53,15.580,305,305
246761,-0.070,0.000,-0.000,-0.000,0.393,-0.007,-0.007,-0.920,-0.200,-0.005,-1.402,0.005,1523,1404,180,-180,53,15.580,305,305
246861,-0.230,-0.000,-0.001,-0.000,0.392,-0.006,-0.007,-0.920,-0.200,-0.005,-1.402,0.005,1249,1091,180,-180,53,15.590,305,305
246961,-0.080,-0.000,0.000,0.000,0.392,-0.007,-0.007,-0.920,-0.200,-0.005,-1.402,0.005,795,564,180,-180,53,15.590,305,305
247061,-0.060,-0.000,0.000,0.000,0.392,-0.007,-0.007,-0.920,-0.200,-0.005,-1.401,0.005,402,0,180,-180,53,15.590,305,305
247161,-0.020,0.000,0.000,-0.000,0.392,-0.007,-0.007,-0.920,-0.200,-0.005,-1.401,0.005,413,0,180,-180,53,15.600,305,305
247261,-0.010,0.000,0.000,0.000,0.392,-0.007,-0.007,-0.920,-0.200,-0.005,-1.401,0.005,415,0,180,-180,53,15.600,305,305
247361,-0.020,0.000,-0.000,0.000,0.392,-0.007,-0.007,-0.920,-0.200,-0.005,-1.401,0.005,428,0,180,-180,52,15.600,305,305
247461,-0.050,0.000,-0.000,-0.000,0.392,-0.007,-0.007,-0.920,-0.200,-0.005,-1.401,0.005,432,0,180,-180,52,15.600,305,305
247561,-0.030,0.000,-0.000,0.000,0.392,-0.007,-0.007,-0.920,-0.200,-0.005,-1.401,0.005,437,0,180,-180,52,15.590,305,305
247661,-0.020,0.000,-0.000,-0.000,0.392,-0.007,-0.007,-0.920,-0.200,-0.005,-1.401,0.005,439,0,180,-180,52,15.590,305,305
247761,-0.020,-0.000,-0.000,-0.000,0.392,-0.007,-0.007,-0.920,-0.200,-0.005,-1.401,0.005,445,0,180,-180,52,15.590,305,305
247861,0.000,-0.000,0.000,-0.000,0.392,-0.007,-0.007,-0.920,-0.200,-0.005,-1.401,0.005,449,0,180,-180,52,15.590,305,305
247961,0.000,-0.000,0.000,0.000,0.392,-0.007,-0.007,-0.920,-0.200,-0.005,-1.401,0.005,458,0,180,-180,52,15.590,305,305
248061,-0.010,-0.000,-0.000,0.000,0.392,-0.007,-0.007,-0.920,-0.200,-0.005,-1.401,0.005,461,0,180,-180,52,15.590,305,305
248161,-0.030,-0.000,0.000,-0.000,0.392,-0.007,-0.007,-0.920,-0.200,-0.005,-1.401,0.005,465,0,180,-180,52,15.590,305,305
248261,-0.040,-0.000,0.000,0.000,0.392,-0.007,-0.007,-0.920,-0.200,-0.005,-1.401,0.005,470,0,180,-180,53,15.590,305,305
248361,-0.020,0.000,-0.000,0.000,0.392,-0.007,-0.007,-0.920,-0.200,-0.005,-1.401,0.005,475,0,180,-180,53,15.590,305,305
248461,-0.050,0.000,-0.000,0.000,0.392,-0.007,-0.007,-0.920,-0.200,-0.005,-1.401,0.005,479,0,180,-180,53,15.590,305,305
248561,-0.060,-0.000,-0.000,0.000,0.392,-0.007,-0.007,-0.920,-0.200,-0.005,-1.401,0.005,482,0,180,-180,52,15.590,305,305
248661,-0.050,0.000,0.000,0.000,0.392,-0.007,-0.007,-0.920,-0.200,-0.005,-1.401,0.005,487,0,180,-180,52,15.590,305,305
248761,-0.020,0.000,0.000,0.000,0.392,-0.007,-0.007,-0.920,-0.200,-0.005,-1.401,0.005,492,0,180,-180,52,15.600,305,305
248861,-0.030,-0.000,-0.000,0.000,0.392,-0.007,-0.007,-0.920,-0.200,-0.005,-1.401,0.005,496,0,180,-180,52,15.600,305,305
248961,-0.040,0.000,-0.000,-0.000,0.392,-0.007,-0.007,-0.920,-0.200,-0.005,-1.401,0.005,497,0,180,-180,52,15.600,305,305
249061,-0.030,0.000,-0.000,0.000,0.392,-0.007,-0.007,-0.920,-0.200,-0.005,-1.401,0.005,507,0,180,-180,52,15.600,305,305
249161,0.000,0.000,0.000,0.000,0.392,-0.008,-0.007,-0.920,-0.200,-0.005,-1.400,0.005,509,0,180,-180,52,15.600,305,305
249261,0.010,0.000,-0.000,0.000,0.392,-0.008,-0.007,-0.920,-0.200,-0.005,-1.400,0.005,514,0,180,-180,52,15.600,305,305
249361,0.000,0.000,-0.000,-0.000,0.392,-0.008,-0.007,-0.920,-0.200,-0.005,-1.400,0.005,519,0,180,-180,52,15.600,305,305
249461,0.000,-0.000,0.000,0.000,0.392,-0.007,-0.007,-0.920,-0.200,-0.005,-1.401,0.005,523,0,180,-180,52,15.600,305,305
249561,-0.010,-0.000,0.000,-0.000,0.392,-0.007,-0.007,-0.920,-0.200,-0.005,-1.401,0.005,526,0,180,-180,52,15.600,305,305
249661,-0.010,-0.000,0.000,0.000,0.392,-0.007,-0.007,-0.920,-0.200,-0.005,-1.401,0.005,531,0,180,-180,52,15.600,305,305
249761,-0.020,-0.000,0.000,0.000,0.392,-0.007,-0.006,-0.920,-0.200,-0.005,-1.402,0.005,531,0,180,-180,52,15.600,305,305
249861,0.000,-0.000,0.000,0.000,0.392,-0.006,-0.006,-0.920,-0.200,-0.005,-1.402,0.005,538,0,180,-180,52,15.600,305,305
249961,0.000,-0.000,0.000,0.000,0.392,-0.006,-0.006,-0.920,-0.200,-0.005,-1.403,0.005,542,0,180,-180,52,15.600,305,305
250061,0.000,0.000,0.000,0.000,0.392,-0.006,-0.006,-0.920,-0.200,-0.005,-1.403,0.005,547,0,180,-180,52,15.600,305,305
250161,-0.020,0.000,-0.000,-0.000,0.392,-0.006,-0.006,-0.920,-0.200,-0.005,-1.403,0.005,551,0,180,-180,52,15.600,305,305
250261,0.000,0.000,-0.000,0.000,0.392,-0.006,-0.006,-0.920,-0.200,-0.005,-1.403,0.005,554,0,180,-180,52,15.600,305,305
250361,0.000,0.000,-0.000,-0.000,0.392,-0.006,-0.006,-0.920,-0.200,-0.005,-1.403,0.005,558,0,180,-180,52,15.600,305,305
250461,0.010,-0.000,0.000,-0.000,0.392,-0.006,-0.006,-0.920,-0.200,-0.005,-1.403,0.005,562,0,180,-180,52,15.600,305,305
250561,0.000,-0.000,0.000,0.000,0.392,-0.006,-0.006,-0.920,-0.200,-0.005,-1.403,0.005,565,0,180,-180,52,15.600,305,305
250661,-0.010,-0.000,0.000,0.000,0.392,-0.006,-0.006,-0.920,-0.200,-0.005,-1.403,0.005,569,0,180,-180,52,15.590,305,305
250761,0.010,0.000,-0.000,-0.000,0.392,-0.006,-0.006,-0.920,-0.200,-0.005,-1.403,0.005,574,0,180,-180,52,15.590,305,305
250861,-0.020,-0.000,-0.000,0.000,0.392,-0.006,-0.006,-0.920,-0.200,-0.005,-1.403,0.005,579,0,180,-180,52,15.600,305,305
250961,0.030,-0.000,0.000,0.000,0.392,-0.006,-0.006,-0.920,-0.200,-0.005,-1.403,0.005,582,0,180,-180,52,15.600,305,305
251061,0.010,-0.000,0.000,0.000,0.392,-0.006,-0.006,-0.920,-0.200,-0.005,-1.403,0.005,585,0,180,-180,52,15.600,305,305
251161,-0.010,0.000,0.000,0.000,0.392,-0.006,-0.006,-0.920,-0.200,-0.005,-1.403,0.005,589,0,180,-180,52,15.600,305,305
251261,-0.010,-0.000,-0.000,0.000,0.392,-0.006,-0.006,-0.920,-0.200,-0.005,-1.403,0.005,592,0,180,-180,52,15.600,305,305
251361,-0.030,-0.000,-0.000,0.000,0.392,-0.006,-0.006,-0.920,-0.200,-0.005,-1.403,0.005,595,0,180,-180,52,15.600,305,305
251461,-0.010,0.000,-0.000,0.000,0.392,-0.006,-0.006,-0.920,-0.200,-0.005,-1.403,0.005,600,0,180,-180,52,15.600,305,305
251561,-0.030,0.000,0.000,0.000,0.392,-0.006,-0.006,-0.920,-0.200,-0.005,-1.403,0.005,604,0,180,-180,52,15.600,305,305
251661,-0.010,0.000,0.000,-0.000,0.392,-0.006,-0.006,-0.920,-0.200,-0.005,-1.403,0.005,607,0,180,-180,52,15.600,305,305
251761,0.020,0.000,0.000,-0.000,0.392,-0.006,-0.006,-0.920,-0.200,-0.005,-1.403,0.005,611,0,180,-180,52,15.600,305,305
251861,0.050,0.000,-0.000,0.000,0.392,-0.007,-0.006,-0.920,-0.200,-0.004,-1.401,0.004,578,0,180,-180,52,15.600,305,305
251961,0.020,-0.000,-0.000,-0.000,0.392,-0.007,-0.006,-0.920,-0.200,-0.004,-1.402,0.004,598,0,180,-180,52,15.600,305,305
252061,-0.020,-0.000,-0.000,-0.000,0.392,-0.007,-0.006,-0.920,-0.200,-0.004,-1.401,0.004,593,0,180,-180,52,15.600,305,305
252161,-0.030,0.000,0.000,0.000,0.392,-0.007,-0.006,-0.920,-0.200,-0.004,-1.402,0.004,599,0,180,-180,52,15.600,305,305
252261,-0.050,0.000,0.001,0.000,0.392,-0.006,-0.006,-0.920,-0.200,-0.004,-1.403,0.004,600,0,180,-180,52,15.600,305,305
252361,0.010,-0.000,0.000,0.000,0.392,-0.006,-0.006,-0.920,-0.200,-0.004,-1.403,0.004,606,0,180,-180,52,15.600,305,305
252461,0.020,0.000,0.000,-0.000,0.392,-0.006,-0.006,-0.920,-0.200,-0.004,-1.403,0.004,613,0,180,-180,52,15.600,305,305
252561,0.010,0.000,-0.000,-0.000,0.392,-0.006,-0.006,-0.920,-0.200,-0.004,-1.403,0.004,615,0,180,-180,51,15.600,305,305
252661,0.010,-0.000,-0.000,-0.000,0.392,-0.006,-0.006,-0.920,-0.200,-0.004,-1.403,0.004,615,0,180,-180,51,15.600,305,305
252761,-0.020,-0.000,0.000,-0.000,0.392,-0.006,-0.006,-0.920,-0.200,-0.004,-1.403,0.004,622,0,180,-180,51,15.600,305,305
252861,0.020,0.000,0.000,0.000,0.392,-0.006,-0.006,-0.920,-0.200,-0.004,-1.403,0.004,624,0,180,-180,52,15.600,305,305
252961,0.000,0.000,0.000,-0.000,0.392,-0.006,-0.006,-0.920,-0.200,-0.004,-1.403,0.004,627,0,180,-180,52,15.600,305,305
253061,0.000,0.000,-0.000,0.000,0.392,-0.006,-0.006,-0.920,-0.200,-0.004,-1.403,0.004,630,0,180,-180,52,15.600,305,305
253161,0.000,0.000,-0.000,-0.000,0.392,-0.006,-0.006,-0.920,-0.200,-0.004,-1.403,0.004,633,0,180,-180,51,15.600,305,305
253261,0.000,-0.000,0.000,-0.000,0.392,-0.006,-0.006,-0.920,-0.200,-0.004,-1.403,0.004,636,0,180,-180,51,15.600,305,305
253361,0.010,0.000,0.000,-0.000,0.392,-0.006,-0.006,-0.920,-0.200,-0.004,-1.403,0.004,639,0,180,-180,51,15.600,305,305
253461,0.000,-0.000,-0.000,-0.000,0.392,-0.006,-0.006,-0.920,-0.200,-0.004,-1.403,0.004,642,0,180,-180,51,15.600,305,305
253561,-0.010,-0.000,-0.000,-0.000,0.392,-0.006,-0.006,-0.920,-0.200,-0.004,-1.403,0.004,645,0,180,-180,51,15.600,305,305
253661,-0.010,-0.000,-0.000,0.000,0.392,-0.006,-0.006,-0.920,-0.200,-0.004,-1.403,0.004,647,0,180,-180,51,15.600,305,305
253761,0.000,0.000,0.000,-0.000,0.392,-0.006,-0.006,-0.920,-0.200,-0.004,-1.403,0.004,650,0,180,-180,51,15.600,305,305
253861,0.010,-0.000,0.000,-0.000,0.392,-0.006,-0.006,-0.920,-0.200,-0.004,-1.403,0.004,654,0,180,-180,51,15.600,305,305
253961,-0.030,-0.000,0.000,-0.000,0.392,-0.006,-0.006,-0.920,-0.200,-0.004,-1.403,0.004,655,0,180,-180,51,15.600,305,305
254061,0.010,-0.000,0.000,0.000,0.392,-0.006,-0.006,-0.920,-0.200,-0.004,-1.403,0.004,660,0,180,-180,51,15.600,305,305
254161,0.020,0.000,-0.000,0.000,0.392,-0.006,-0.006,-0.920,-0.200,-0.004,-1.402,0.004,663,0,180,-180,51,15.600,305,305
254261,0.000,-0.000,-0.000,0.000,0.392,-0.006,-0.006,-0.920,-0.200,-0.004,-1.403,0.004,666,0,180,-180,51,15.600,305,305
254361,-0.010,-0.000,-0.000,-0.000,0.392,-0.006,-0.006,-0.920,-0.200,-0.004,-1.403,0.004,669,0,180,-180,51,15.600,305,305
254461,-0.010,0.000,-0.000,-0.000,0.392,-0.006,-0.006,-0.920,-0.200,-0.004,-1.403,0.004,669,0,180,-180,51,15.600,305,305
254561,0.000,0.000,-0.000,0.000,0.392,-0.006,-0.006,-0.920,-0.200,-0.004,-1.403,0.004,673,0,180,-180,51,15.610,305,305
254661,0.010,0.000,0.000,0.000,0.392,-0.006,-0.006,-0.920,-0.200,-0.004,-1.403,0.004,674,0,180,-180,51,15.610,305,305
254761,0.000,0.000,0.000,0.000,0.392,-0.006,-0.006,-0.920,-0.200,-0.004,-1.403,0.004,677,0,180,-180,51,15.610,305,305
254861,0.000,0.000,0.000,0.000,0.392,-0.006,-0.006,-0.920,-0.200,-0.004,-1.403,0.004,680,0,180,-180,51,15.610,305,305
254961,0.010,0.000,-0.000,0.000,0.392,-0.006,-0.006,-0.920,-0.200,-0.004,-1.403,0.004,683,0,180,-180,51,15.610,305,305
255061,0.000,-0.000,0.000,0.000,0.392,-0.006,-0.006,-0.920,-0.200,-0.004,-1.403,0.004,686,0,180,-180,51,15.600,305,305
255161,-0.020,0.000,-0.000,0.000,0.392,-0.006,-0.006,-0.920,-0.200,-0.004,-1.403,0.004,688,0,180,-180,51,15.600,305,305
255261,0.000,0.000,-0.000,0.000,0.392,-0.006,-0.006,-0.920,-0.200,-0.004,-1.403,0.004,691,0,180,-180,51,15.600,305,305
255361,0.020,0.000,-0.000,0.000,0.392,-0.006,-0.006,-0.920,-0.200,-0.004,-1.403,0.004,694,0,180,-180,51,15.600,305,305
255461,0.000,0.000,-0.000,0.000,0.392,-0.006,-0.006,-0.920,-0.200,-0.004,-1.403,0.004,697,0,180,-180,51,15.600,305,305
255561,0.000,0.000,-0.000,0.000,0.392,-0.006,-0.006,-0.920,-0.200,-0.004,-1.403,0.004,699,0,180,-180,51,15.610,305,305
255661,0.000,0.000,-0.000,0.000,0.392,-0.006,-0.006,-0.920,-0.200,-0.004,-1.403,0.004,702,0,180,-180,51,15.610,305,305
255761,-0.010,0.000,0.000,-0.000,0.392,-0.006,-0.006,-0.920,-0.200,-0.004,-1.403,0.004,705,0,180,-180,51,15.610,305,305
255861,-0.010,0.000,0.000,-0.000,0.392,-0.006,-0.006,-0.920,-0.200,-0.004,-1.403,0.004,707,0,180,-180,51,15.610,305,305
255961,0.010,-0.000,0.000,0.000,0.392,-0.006,-0.006,-0.920,-0.200,-0.004,-1.403,0.004,709,0,180,-180,51,15.610,305,305
256061,0.000,0.000,-0.000,-0.000,0.392,-0.006,-0.006,-0.920,-0.200,-0.004,-1.403,0.004,713,0,180,-180,51,15.610,305,305
256161,0.000,-0.000,-0.000,0.000,0.392,-0.006,-0.006,-0.920,-0.200,-0.004,-1.403,0.004,715,0,180,-180,51,15.610,305,305
256261,0.000,-0.000,0.000,0.000,0.392,-0.006,-0.006,-0.920,-0.200,-0.004,-1.403,0.004,717,0,180,-180,51,15.610,305,305
256361,0.000,-0.000,0.000,-0.000,0.392,-0.006,-0.006,-0.920,-0.200,-0.004,-1.403,0.004,720,0,180,-180,51,15.620,305,305
256461,0.000,-0.000,-0.000,0.000,0.392,-0.006,-0.006,-0.920,-0.200,-0.004,-1.403,0.004,722,0,180,-180,51,15.620,305,305
256561,0.000,0.000,0.000,0.000,0.392,-0.006,-0.006,-0.920,-0.200,-0.004,-1.403,0.004,725,0,180,-180,50,15.620,305,305
256661,0.000,0.000,-0.000,0.000,0.392,-0.006,-0.006,-0.920,-0.200,-0.004,-1.403,0.004,728,0,180,-180,50,15.620,305,305
256761,-0.010,0.000,-0.000,0.000,0.392,-0.006,-0.006,-0.920,-0.200,-0.004,-1.403,0.004,730,0,180,-180,51,15.620,305,305
256861,-0.010,0.000,0.000,0.000,0.392,-0.006,-0.006,-0.920,-0.200,-0.004,-1.403,0.004,732,0,180,-180,51,15.620,305,305
256961,0.000,0.000,0.000,-0.000,0.392,-0.006,-0.006,-0.920,-0.200,-0.004,-1.403,0.004,736,0,180,-180,51,15.620,305,305
257061,0.000,0.000,0.000,0.000,0.392,-0.006,-0.006,-0.920,-0.200,-0.004,-1.403,0.004,738,0,180,-180,51,15.620,305,305
257161,0.000,0.000,0.000,0.000,0.392,-0.006,-0.006,-0.920,-0.200,-0.004,-1.403,0.004,740,0,180,-180,51,15.620,305,305
257261,0.000,-0.000,0.000,-0.000,0.392,-0.006,-0.006,-0.920,-0.200,-0.004,-1.403,0.004,743,0,180,-180,51,15.620,305,305
257361,-0.020,0.000,0.000,0.000,0.392,-0.006,-0.006,-0.920,-0.200,-0.004,-1.403,0.004,745,0,180,-180,51,15.620,305,305
257461,0.000,0.000,0.000,0.000,0.392,-0.006,-0.006,-0.920,-0.200,-0.004,-1.403,0.004,748,0,180,-180,51,15.610,305,305
257561,0.000,-0.000,0.000,0.000,0.392,-0.006,-0.006,-0.920,-0.200,-0.004,-1.403,0.004,751,0,180,-180,51,15.610,305,305
257661,0.000,-0.000,0.000,0.000,0.392,-0.006,-0.006,-0.920,-0.200,-0.004,-1.403,0.004,752,0,180,-180,51,15.620,305,305
257761,0.000,0.000,0.000,0.000,0.392,-0.006,-0.006,-0.920,-0.200,-0.004,-1.403,0.004,755,0,180,-180,51,15.620,305,305
257861,0.000,0.000,0.000,0.000,0.392,-0.006,-0.006,-0.920,-0.200,-0.004,-1.403,0.004,758,0,180,-180,51,15.620,305,305
257961,0.010,0.000,0.000,0.000,0.392,-0.006,-0.006,-0.920,-0.200,-0.004,-1.403,0.004,760,0,180,-180,51,15.620,305,305
258061,0.010,0.000,0.000,0.000,0.392,-0.006,-0.006,-0.920,-0.200,-0.004,-1.403,0.004,763,0,180,-180,51,15.620,305,305
258161,-0.010,-0.000,0.000,0.000,0.392,-0.006,-0.006,-0.920,-0.200,-0.004,-1.403,0.004,765,0,180,-180,51,15.620,305,305
258261,0.000,-0.000,0.000,0.000,0.392,-0.006,-0.006,-0.920,-0.200,-0.004,-1.403,0.004,767,0,180,-180,50,15.620,305,305
258361,0.000,-0.000,0.000,-0.000,0.392,-0.006,-0.006,-0.920,-0.200,-0.004,-1.403,0.004,770,0,180,-180,50,15.620,305,305
258461,0.000,0.000,-0.000,0.000,0.392,-0.006,-0.006,-0.920,-0.200,-0.004,-1.403,0.004,772,0,180,-180,50,15.620,305,305
258561,0.000,-0.000,-0.000,0.000,0.392,-0.006,-0.006,-0.920,-0.200,-0.004,-1.403,0.004,775,0,180,-180,50,15.620,305,305
258661,0.010,-0.000,0.000,-0.000,0.392,-0.006,-0.006,-0.920,-0.200,-0.004,-1.403,0.004,778,0,180,-180,50,15.610,305,305
258761,0.000,0.000,-0.000,0.000,0.392,-0.006,-0.006,-0.920,-0.200,-0.004,-1.403,0.004,779,0,180,-180,50,15.610,305,305
258861,0.000,-0.000,0.000,0.000,0.392,-0.006,-0.006,-0.920,-0.200,-0.004,-1.403,0.004,782,0,180,-180,51,15.610,305,305
258961,0.000,0.000,0.000,0.000,0.392,-0.006,-0.006,-0.920,-0.200,-0.004,-1.403,0.004,784,0,180,-180,51,15.610,305,305
259061,0.000,-0.000,0.000,0.000,0.392,-0.006,-0.006,-0.920,-0.200,-0.004,-1.403,0.004,786,0,180,-180,50,15.610,305,305
259161,0.000,-0.000,-0.000,0.000,0.392,-0.006,-0.006,-0.920,-0.200,-0.004,-1.403,0.004,789,0,180,-180,50,15.610,305,305
259261,-0.010,-0.000,-0.000,0.000,0.392,-0.006,-0.006,-0.920,-0.200,-0.004,-1.403,0.004,792,0,180,-180,50,15.610,305,305
259361,-0.010,0.000,0.000,0.000,0.392,-0.006,-0.006,-0.920,-0.200,-0.004,-1.403,0.004,793,0,180,-180,50,15.610,305,305
259461,0.000,-0.000,-0.000,0.000,0.392,-0.006,-0.006,-0.920,-0.200,-0.004,-1.403,0.004,796,0,180,-180,50,15.610,305,305
259561,0.000,0.000,0.000,0.000,0.392,-0.006,-0.006,-0.920,-0.200,-0.004,-1.403,0.004,798,0,180,-180,50,15.610,305,305
259661,0.010,0.000,0.000,0.000,0.392,-0.006,-0.006,-0.920,-0.200,-0.004,-1.403,0.004,800,0,180,-180,51,15.620,305,305
259761,0.000,-0.000,0.000,0.000,0.392,-0.006,-0.006,-0.920,-0.200,-0.004,-1.403,0.004,803,0,180,-180,51,15.620,305,305
259861,0.000,-0.000,-0.000,0.000,0.392,-0.006,-0.006,-0.920,-0.200,-0.004,-1.403,0.004,805,0,180,-180,50,15.620,305,305
259961,0.000,0.000,-0.000,0.000,0.392,-0.006,-0.006,-0.920,-0.200,-0.004,-1.403,0.004,807,0,180,-180,50,15.620,305,305
260061,0.000,0.000,0.000,0.000,0.392,-0.006,-0.006,-0.920,-0.200,-0.004,-1.403,0.004,810,0,180,-180,50,15.620,305,305
260161,0.000,0.000,-0.000,-0.000,0.392,-0.006,-0.006,-0.920,-0.200,-0.004,-1.403,0.004,813,0,180,-180,50,15.620,305,305
260261,-0.010,0.000,-0.000,-0.000,0.392,-0.006,-0.006,-0.920,-0.200,-0.004,-1.403,0.004,815,0,180,-180,50,15.620,305,305
260361,-0.020,0.000,0.000,-0.000,0.392,-0.006,-0.006,-0.920,-0.200,-0.004,-1.403,0.004,816,0,180,-180,50,15.620,305,305
260461,0.010,-0.000,0.000,0.000,0.392,-0.006,-0.006,-0.920,-0.200,-0.004,-1.403,0.004,815,0,180,-180,50,15.610,305,305
260561,-0.020,-0.000,0.000,0.000,0.392,-0.006,-0.006,-0.920,-0.200,-0.004,-1.403,0.004,815,0,180,-180,50,15.610,305,305
260661,0.010,0.000,-0.000,0.000,0.392,-0.006,-0.006,-0.920,-0.200,-0.004,-1.403,0.004,815,0,180,-180,50,15.620,305,305
260761,0.000,0.000,-0.000,-0.000,0.392,-0.006,-0.006,-0.920,-0.200,-0.004,-1.403,0.004,816,0,180,-180,50,15.620,305,305
260861,0.000,-0.000,-0.000,0.000,0.392,-0.006,-0.006,-0.920,-0.200,-0.004,-1.403,0.004,815,0,180,-180,50,15.620,305,305
260961,0.010,0.000,-0.000,0.000,0.392,-0.006,-0.006,-0.920,-0.200,-0.004,-1.403,0.004,815,0,180,-180,50,15.620,305,305
261061,-0.020,0.000,-0.000,-0.000,0.392,-0.006,-0.006,-0.920,-0.200,-0.004,-1.403,0.004,816,0,180,-180,50,15.620,305,305
261161,-0.010,-0.000,0.000,0.000,0.392,-0.006,-0.006,-0.920,-0.200,-0.004,-1.403,0.004,815,0,180,-180,50,15.620,305,305
261261,0.010,0.000,-0.000,0.000,0.392,-0.006,-0.006,-0.920,-0.200,-0.004,-1.403,0.004,815,0,180,-180,50,15.620,305,305
261361,0.020,0.000,-0.000,-0.000,0.392,-0.006,-0.006,-0.920,-0.200,-0.004,-1.403,0.004,816,0,180,-180,50,15.620,305,305
261461,0.000,0.000,-0.000,-0.000,0.392,-0.006,-0.006,-0.920,-0.200,-0.004,-1.403,0.004,816,0,180,-180,50,15.620,305,305
261561,0.000,-0.000,-0.000,0.000,0.392,-0.006,-0.006,-0.920,-0.200,-0.004,-1.403,0.004,815,0,180,-180,50,15.620,305,305
261661,-0.020,0.000,-0.000,0.000,0.392,-0.006,-0.006,-0.920,-0.200,-0.004,-1.403,0.004,816,0,180,-180,50,15.620,305,305
261761,-0.020,0.000,0.000,0.000,0.392,-0.006,-0.006,-0.920,-0.200,-0.004,-1.403,0.004,816,0,180,-180,50,15.620,305,305
261861,0.000,0.000,-0.000,-0.000,0.392,-0.006,-0.006,-0.920,-0.200,-0.004,-1.403,0.004,816,0,180,-180,50,15.620,305,305
261961,-0.010,-0.000,-0.000,0.000,0.392,-0.006,-0.006,-0.920,-0.200,-0.004,-1.403,0.004,815,0,180,-180,50,15.620,305,305
262061,0.000,0.000,-0.000,-0.000,0.392,-0.006,-0.006,-0.920,-0.200,-0.004,-1.403,0.004,816,0,180,-180,50,15.620,305,305
262161,0.030,-0.000,0.000,0.000,0.392,-0.006,-0.006,-0.920,-0.200,-0.004,-1.402,0.004,818,0,180,-180,50,15.620,305,305
262261,0.030,-0.000,-0.000,0.000,0.392,-0.006,-0.006,-0.920,-0.200,-0.004,-1.402,0.004,816,0,180,-180,50,15.620,305,305
262361,0.030,0.000,0.000,-0.000,0.392,-0.006,-0.006,-0.920,-0.200,-0.004,-1.402,0.004,817,0,180,-180,50,15.620,305,305
262461,0.030,0.000,0.000,-0.000,0.392,-0.006,-0.006,-0.920,-0.200,-0.004,-1.402,0.004,817,0,180,-180,50,15.620,305,305
262561,0.010,-0.000,0.000,0.000,0.392,-0.006,-0.006,-0.920,-0.200,-0.004,-1.402,0.004,816,0,180,-180,50,15.620,305,305
262661,0.030,-0.000,0.000,-0.000,0.392,-0.006,-0.006,-0.920,-0.200,-0.004,-1.403,0.004,817,0,180,-180,50,15.620,305,305
262761,0.040,0.000,0.000,-0.000,0.392,-0.006,-0.006,-0.920,-0.200,-0.004,-1.403,0.004,816,0,180,-180,49,15.620,305,305
262861,0.000,0.000,-0.000,0.000,0.392,-0.006,-0.006,-0.920,-0.200,-0.004,-1.403,0.004,815,0,180,-180,49,15.620,305,305
262961,-0.060,-0.000,0.000,0.000,0.392,-0.006,-0.006,-0.920,-0.200,-0.004,-1.404,0.004,817,0,180,-180,49,15.620,305,305
263061,0.000,-0.000,0.000,-0.000,0.392,-0.006,-0.005,-0.920,-0.200,-0.004,-1.404,0.004,807,0,180,-180,50,15.620,305,305
263161,0.050,0.000,0.000,0.000,0.392,-0.005,-0.005,-0.920,-0.200,-0.004,-1.404,0.004,809,0,180,-180,50,15.620,305,305
263261,0.060,0.000,-0.000,0.000,0.392,-0.005,-0.005,-0.920,-0.200,-0.004,-1.404,0.004,813,0,180,-180,50,15.620,305,305
263361,0.040,-0.000,-0.000,-0.000,0.392,-0.005,-0.005,-0.920,-0.200,-0.004,-1.405,0.004,809,0,180,-180,50,15.620,305,305
263461,0.010,-0.000,-0.000,-0.000,0.392,-0.005,-0.005,-0.920,-0.200,-0.004,-1.405,0.004,813,0,180,-180,50,15.620,305,305
263561,0.030,0.000,-0.000,-0.000,0.392,-0.005,-0.005,-0.920,-0.200,-0.004,-1.405,0.004,813,0,180,-180,50,15.620,305,305
263661,0.030,0.000,0.000,-0.000,0.392,-0.005,-0.005,-0.920,-0.200,-0.004,-1.405,0.004,811,0,180,-180,49,15.620,305,305
263761,0.020,0.000,0.000,0.000,0.392,-0.005,-0.005,-0.920,-0.200,-0.004,-1.405,0.004,811,0,180,-180,49,15.620,305,305
263861,0.040,-0.000,-0.000,-0.000,0.392,-0.005,-0.005,-0.920,-0.200,-0.004,-1.405,0.004,811,0,180,-180,49,15.620,305,305
263961,0.040,0.000,-0.000,-0.000,0.392,-0.005,-0.005,-0.920,-0.200,-0.004,-1.405,0.004,812,0,180,-180,50,15.620,305,305
264061,0.030,-0.000,0.000,0.000,0.392,-0.005,-0.005,-0.920,-0.200,-0.004,-1.405,0.004,811,0,180,-180,50,15.620,305,305
264161,0.030,-0.000,0.000,0.000,0.392,-0.005,-0.005,-0.920,-0.200,-0.004,-1.405,0.004,811,0,180,-180,49,15.620,305,305
264261,0.040,0.000,-0.000,0.000,0.392,-0.005,-0.005,-0.920,-0.200,-0.004,-1.405,0.004,811,0,180,-180,49,15.620,305,305
264361,0.030,-0.000,-0.000,0.000,0.392,-0.005,-0.005,-0.920,-0.200,-0.004,-1.405,0.004,811,0,180,-180,49,15.630,305,305
264461,0.030,0.000,-0.000,-0.000,0.392,-0.005,-0.005,-0.920,-0.200,-0.004,-1.405,0.004,812,0,180,-180,49,15.630,305,305
264561,0.030,0.000,-0.000,0.000,0.392,-0.005,-0.005,-0.920,-0.200,-0.004,-1.405,0.004,811,0,180,-180,49,15.630,305,305
264661,0.030,-0.000,-0.000,0.000,0.392,-0.005,-0.005,-0.920,-0.200,-0.004,-1.405,0.004,811,0,180,-180,50,15.630,305,305
264761,0.030,-0.000,0.000,0.000,0.392,-0.005,-0.005,-0.920,-0.200,-0.004,-1.405,0.004,811,0,180,-180,50,15.630,305,305
264861,0.040,0.000,0.000,0.000,0.392,-0.005,-0.005,-0.920,-0.200,-0.004,-1.405,0.004,811,0,180,-180,49,15.630,305,305
264961,0.050,0.000,0.000,0.000,0.392,-0.005,-0.005,-0.920,-0.200,-0.004,-1.405,0.004,811,0,180,-180,49,15.630,305,305
265061,0.030,-0.000,0.000,0.000,0.392,-0.005,-0.005,-0.920,-0.200,-0.004,-1.405,0.004,811,0,180,-180,49,15.630,305,305
265161,0.020,-0.000,-0.000,0.000,0.392,-0.005,-0.005,-0.920,-0.200,-0.004,-1.405,0.004,811,0,180,-180,50,15.640,305,305
265261,0.040,0.000,0.000,0.000,0.392,-0.005,-0.005,-0.920,-0.200,-0.004,-1.405,0.004,811,0,180,-180,50,15.640,305,305
265361,0.050,-0.000,0.000,0.000,0.392,-0.005,-0.005,-0.920,-0.200,-0.004,-1.405,0.004,811,0,180,-180,49,15.640,305,305
265461,0.040,-0.000,0.000,0.000,0.392,-0.005,-0.005,-0.920,-0.200,-0.004,-1.405,0.004,811,0,180,-180,49,15.640,305,305
265561,0.040,-0.000,0.000,0.000,0.392,-0.005,-0.005,-0.920,-0.200,-0.004,-1.405,0.004,811,0,180,-180,49,15.640,305,305
265661,0.030,0.000,0.000,0.000,0.392,-0.005,-0.005,-0.920,-0.200,-0.004,-1.405,0.004,811,0,180,-180,49,15.640,305,305
265761,0.020,0.000,-0.000,-0.000,0.392,-0.005,-0.005,-0.920,-0.200,-0.004,-1.405,0.004,812,0,180,-180,49,15.640,305,305
265861,0.030,0.000,-0.000,-0.000,0.392,-0.005,-0.005,-0.920,-0.200,-0.004,-1.405,0.004,812,0,180,-180,49,15.640,305,305
265961,0.020,0.000,-0.000,-0.000,0.392,-0.005,-0.005,-0.920,-0.200,-0.004,-1.405,0.004,812,0,180,-180,49,15.640,305,305
266061,0.040,0.000,-0.000,0.000,0.392,-0.005,-0.005,-0.920,-0.200,-0.004,-1.405,0.004,811,0,180,-180,49,15.640,305,305
266161,0.040,0.000,0.000,0.000,0.392,-0.005,-0.005,-0.920,-0.200,-0.004,-1.405,0.004,811,0,180,-180,49,15.640,305,305
266261,0.040,-0.000,0.000,-0.000,0.392,-0.005,-0.005,-0.920,-0.200,-0.004,-1.405,0.004,812,0,180,-180,49,15.640,305,305
266361,0.040,-0.000,0.000,0.000,0.392,-0.005,-0.005,-0.920,-0.200,-0.004,-1.405,0.004,811,0,180,-180,49,15.640,305,305
266461,0.060,-0.000,0.000,0.000,0.392,-0.005,-0.005,-0.920,-0.200,-0.004,-1.405,0.004,811,0,180,-180,49,15.640,305,305
266561,0.040,-0.000,-0.000,0.000,0.392,-0.005,-0.005,-0.920,-0.200,-0.004,-1.405,0.004,811,0,180,-180,49,15.640,305,305
266661,0.020,0.000,-0.000,-0.000,0.392,-0.005,-0.005,-0.920,-0.200,-0.004,-1.405,0.004,812,0,180,-180,49,15.640,305,305
266761,0.030,0.000,0.000,-0.000,0.392,-0.005,-0.005,-0.920,-0.200,-0.004,-1.405,0.004,812,0,180,-180,49,15.640,305,305
266861,0.030,0.000,0.000,-0.000,0.392,-0.005,-0.005,-0.920,-0.200,-0.004,-1.405,0.004,811,0,180,-180,49,15.640,305,305
266961,0.030,-0.000,0.000,0.000,0.392,-0.005,-0.005,-0.920,-0.200,-0.004,-1.405,0.004,811,0,180,-180,49,15.640,305,305
267061,0.030,0.000,0.000,0.000,0.392,-0.005,-0.005,-0.920,-0.200,-0.004,-1.405,0.004,811,0,180,-180,49,15.640,305,305
267161,0.050,0.000,0.000,-0.000,0.392,-0.005,-0.005,-0.920,-0.200,-0.004,-1.405,0.004,812,0,180,-180,49,15.630,305,305
267261,0.020,-0.000,0.000,0.000,0.392,-0.005,-0.005,-0.920,-0.200,-0.004,-1.405,0.004,811,0,180,-180,49,15.630,305,305
267361,0.030,0.000,-0.000,0.000,0.392,-0.005,-0.005,-0.920,-0.200,-0.004,-1.405,0.004,811,0,180,-180,49,15.630,305,305
267461,0.030,-0.000,-0.000,-0.000,0.392,-0.005,-0.005,-0.920,-0.200,-0.004,-1.405,0.004,812,0,180,-180,49,15.630,305,305
267561,0.010,0.000,0.000,-0.000,0.392,-0.005,-0.005,-0.920,-0.200,-0.004,-1.405,0.004,812,0,180,-180,49,15.630,305,305
267661,0.020,0.000,0.000,0.000,0.392,-0.005,-0.005,-0.920,-0.200,-0.004,-1.405,0.004,811,0,180,-180,49,15.630,305,305
267761,0.050,-0.000,0.000,-0.000,0.392,-0.005,-0.005,-0.920,-0.200,-0.004,-1.405,0.004,811,0,180,-180,49,15.630,305,305
267861,0.030,-0.000,-0.000,0.000,0.392,-0.005,-0.005,-0.920,-0.200,-0.004,-1.405,0.004,811,0,180,-180,49,15.630,305,305
267961,0.040,-0.000,-0.000,0.000,0.392,-0.005,-0.005,-0.920,-0.200,-0.004,-1.405,0.004,811,0,180,-180,49,15.630,305,305
268061,0.030,0.000,0.000,0.000,0.392,-0.005,-0.005,-0.920,-0.200,-0.004,-1.405,0.004,811,0,180,-180,49,15.630,305,305
268161,0.040,-0.000,-0.000,0.000,0.392,-0.005,-0.005,-0.920,-0.200,-0.004,-1.405,0.004,811,0,180,-180,49,15.630,305,305
268261,0.020,0.000,0.000,-0.000,0.392,-0.005,-0.005,-0.920,-0.200,-0.004,-1.405,0.004,812,0,180,-180,49,15.640,305,305
268361,0.020,0.000,0.000,0.000,0.392,-0.005,-0.005,-0.920,-0.200,-0.004,-1.405,0.004,811,0,180,-180,49,15.640,305,305
268461,0.030,-0.000,0.000,-0.000,0.392,-0.005,-0.005,-0.920,-0.200,-0.004,-1.405,0.004,812,0,180,-180,49,15.640,305,305
268561,0.010,-0.000,0.000,0.000,0.392,-0.005,-0.005,-0.920,-0.200,-0.004,-1.405,0.004,811,0,180,-180,49,15.640,305,305
268661,0.030,0.000,0.000,0.000,0.392,-0.005,-0.005,-0.920,-0.200,-0.004,-1.405,0.004,811,0,180,-180,49,15.640,305,305
268761,0.040,-0.000,-0.000,0.000,0.392,-0.005,-0.005,-0.920,-0.200,-0.004,-1.405,0.004,811,0,180,-180,49,15.640,305,305
268861,0.030,0.000,-0.000,0.000,0.392,-0.005,-0.005,-0.920,-0.200,-0.004,-1.405,0.004,811,0,180,-180,49,15.640,305,305
268961,0.030,0.000,-0.000,0.000,0.392,-0.005,-0.005,-0.920,-0.200,-0.004,-1.405,0.004,811,0,180,-180,49,15.640,305,305
269061,0.010,0.000,0.000,-0.000,0.392,-0.005,-0.005,-0.920,-0.200,-0.004,-1.405,0.004,812,0,180,-180,49,15.640,305,305
269161,0.040,0.000,0.000,-0.000,0.392,-0.005,-0.005,-0.920,-0.200,-0.004,-1.405,0.004,812,0,180,-180,49,15.650,305,305
269261,0.030,0.000,0.000,0.000,0.392,-0.005,-0.005,-0.920,-0.200,-0.004,-1.405,0.004,811,0,180,-180,49,15.650,305,305
269361,0.040,0.000,0.000,0.000,0.392,-0.005,-0.005,-0.920,-0.200,-0.004,-1.405,0.004,811,0,180,-180,49,15.650,305,305
269461,0.050,0.000,-0.000,0.000,0.392,-0.005,-0.005,-0.920,-0.200,-0.004,-1.405,0.004,811,0,180,-180,49,15.640,305,305
269561,0.030,0.000,-0.000,0.000,0.392,-0.005,-0.005,-0.920,-0.200,-0.004,-1.405,0.004,811,0,180,-180,49,15.640,305,305
269661,0.020,-0.000,-0.000,-0.000,0.392,-0.005,-0.005,-0.920,-0.200,-0.004,-1.405,0.004,812,0,180,-180,49,15.630,305,305
269761,0.060,0.000,0.000,-0.000,0.392,-0.005,-0.005,-0.920,-0.200,-0.004,-1.405,0.004,812,0,180,-180,49,15.630,305,305
269861,0.020,-0.000,-0.000,0.000,0.392,-0.005,-0.005,-0.920,-0.200,-0.004,-1.405,0.004,811,0,180,-180,49,15.630,305,305
269961,0.030,0.000,-0.000,0.000,0.392,-0.005,-0.005,-0.920,-0.200,-0.004,-1.405,0.004,811,0,180,-180,49,15.640,305,305
270061,0.040,-0.000,0.000,-0.000,0.392,-0.005,-0.005,-0.920,-0.200,-0.004,-1.405,0.004,812,0,180,-180,49,15.640,305,305
270161,0.050,0.000,-0.000,-0.000,0.392,-0.005,-0.005,-0.920,-0.200,-0.004,-1.405,0.004,812,0,180,-180,49,15.640,305,305
270261,0.020,-0.000,0.000,-0.000,0.392,-0.005,-0.005,-0.920,-0.200,-0.004,-1.405,0.004,812,0,180,-180,49,15.640,305,305
270361,0.030,0.000,-0.000,0.000,0.392,-0.005,-0.005,-0.920,-0.200,-0.004,-1.405,0.004,811,0,180,-180,49,15.640,305,305
270461,0.020,-0.000,0.000,0.000,0.392,-0.005,-0.005,-0.920,-0.200,-0.004,-1.405,0.004,811,0,180,-180,49,15.640,305,305
270561,0.030,0.000,0.000,-0.000,0.392,-0.005,-0.005,-0.920,-0.200,-0.004,-1.405,0.004,812,0,180,-180,48,15.630,305,305
270661,0.020,-0.000,0.000,-0.000,0.392,-0.005,-0.005,-0.920,-0.200,-0.004,-1.405,0.004,812,0,180,-180,48,15.630,305,305
270761,0.010,0.000,-0.000,-0.000,0.392,-0.005,-0.005,-0.920,-0.200,-0.004,-1.405,0.004,812,0,180,-180,48,15.630,305,305
270861,0.060,-0.000,0.000,0.000,0.392,-0.005,-0.005,-0.920,-0.200,-0.004,-1.405,0.004,811,0,180,-180,49,15.630,305,305
270961,0.010,0.000,-0.000,0.000,0.392,-0.005,-0.005,-0.920,-0.200,-0.004,-1.405,0.004,811,0,180,-180,49,15.630,305,305
271061,0.030,0.000,-0.000,0.000,0.392,-0.005,-0.005,-0.920,-0.200,-0.004,-1.405,0.004,812,0,180,-180,49,15.630,305,305
271161,0.040,-0.000,0.000,0.000,0.392,-0.005,-0.005,-0.920,-0.200,-0.004,-1.405,0.004,811,0,180,-180,49,15.640,305,305
271261,0.060,-0.000,-0.000,0.000,0.392,-0.005,-0.005,-0.920,-0.200,-0.004,-1.405,0.004,809,0,180,-180,49,15.640,305,305
271361,0.020,0.000,-0.000,0.000,0.392,-0.005,-0.005,-0.920,-0.200,-0.004,-1.405,0.004,810,0,180,-180,49,15.640,305,305
271461,0.010,0.000,0.000,0.000,0.392,-0.005,-0.005,-0.920,-0.200,-0.004,-1.405,0.004,810,0,180,-180,48,15.640,305,305
271561,0.030,0.000,0.000,-0.000,0.392,-0.005,-0.005,-0.920,-0.200,-0.004,-1.405,0.004,810,0,180,-180,48,15.640,305,305
271661,0.020,-0.000,0.000,0.000,0.392,-0.005,-0.005,-0.920,-0.200,-0.004,-1.405,0.004,810,0,180,-180,48,15.640,305,305
271761,0.030,0.000,0.000,0.000,0.392,-0.005,-0.005,-0.920,-0.200,-0.004,-1.405,0.004,810,0,180,-180,48,15.640,305,305
271861,0.030,-0.000,-0.000,0.000,0.392,-0.005,-0.005,-0.920,-0.200,-0.004,-1.405,0.004,810,0,180,-180,48,15.640,305,305
271961,0.040,0.000,-0.000,-0.000,0.392,-0.005,-0.005,-0.920,-0.200,-0.004,-1.405,0.004,811,0,180,-180,48,15.640,305,305
272061,0.020,0.000,-0.000,-0.000,0.392,-0.005,-0.005,-0.920,-0.200,-0.004,-1.405,0.004,811,0,180,-180,48,15.640,305,305
272161,0.040,0.000,-0.000,-0.000,0.392,-0.005,-0.005,-0.920,-0.200,-0.004,-1.405,0.004,811,0,180,-180,48,15.640,305,305
272261,0.040,0.000,0.000,0.000,0.392,-0.005,-0.005,-0.920,-0.200,-0.004,-1.405,0.004,810,0,180,-180,48,15.640,305,305
272361,0.030,-0.000,0.000,-0.000,0.392,-0.005,-0.005,-0.920,-0.200,-0.004,-1.405,0.004,810,0,180,-180,48,15.640,305,305
272461,0.040,-0.000,-0.000,0.000,0.392,-0.005,-0.005,-0.920,-0.200,-0.004,-1.405,0.004,810,0,180,-180,48,15.640,305,305
272561,0.030,-0.000,-0.000,-0.000,0.392,-0.005,-0.005,-0.920,-0.200,-0.004,-1.405,0.004,811,0,180,-180,48,15.640,305,305
272661,0.050,0.000,-0.000,-0.000,0.392,-0.005,-0.005,-0.920,-0.200,-0.004,-1.405,0.004,810,0,180,-180,48,15.640,305,305
272761,0.030,-0.000,-0.000,0.000,0.392,-0.005,-0.005,-0.920,-0.200,-0.004,-1.405,0.004,810,0,180,-180,48,15.640,305,305
272861,0.030,0.000,0.000,-0.000,0.392,-0.005,-0.005,-0.920,-0.200,-0.004,-1.405,0.004,810,0,180,-180,48,15.640,305,305
272961,0.030,0.000,0.000,0.000,0.392,-0.005,-0.005,-0.920,-0.200,-0.004,-1.405,0.004,810,0,180,-180,48,15.640,305,305
273061,0.030,0.000,-0.000,-0.000,0.392,-0.005,-0.005,-0.920,-0.200,-0.004,-1.405,0.004,811,0,180,-180,48,15.640,305,305
273161,0.030,0.000,-0.000,-0.000,0.392,-0.005,-0.005,-0.920,-0.200,-0.004,-1.405,0.004,810,0,180,-180,48,15.640,305,305
273261,0.020,-0.000,-0.000,-0.000,0.392,-0.005,-0.005,-0.920,-0.200,-0.004,-1.405,0.004,810,0,180,-180,48,15.640,305,305
273361,0.020,0.000,0.000,-0.000,0.392,-0.005,-0.005,-0.920,-0.200,-0.004,-1.405,0.004,810,0,180,-180,48,15.640,305,305
273461,0.010,0.000,0.000,-0.000,0.392,-0.005,-0.005,-0.920,-0.200,-0.004,-1.405,0.004,811,0,180,-180,48,15.640,305,305
273561,0.030,0.000,0.000,0.000,0.392,-0.005,-0.005,-0.920,-0.200,-0.004,-1.405,0.004,810,0,180,-180,48,15.640,305,305
273661,0.030,0.000,0.000,-0.000,0.392,-0.005,-0.005,-0.920,-0.200,-0.004,-1.405,0.004,810,0,180,-180,48,15.640,305,305
273761,0.030,-0.000,-0.000,-0.000,0.392,-0.005,-0.005,-0.920,-0.200,-0.004,-1.405,0.004,810,0,180,-180,48,15.640,305,305
273861,0.030,0.000,-0.000,-0.000,0.392,-0.005,-0.005,-0.920,-0.200,-0.004,-1.405,0.004,811,0,180,-180,48,15.640,305,305
273961,0.030,-0.000,-0.000,-0.000,0.392,-0.005,-0.005,-0.920,-0.200,-0.004,-1.405,0.004,810,0,180,-180,48,15.640,305,305
274061,0.010,-0.000,-0.000,0.000,0.392,-0.005,-0.005,-0.920,-0.200,-0.004,-1.405,0.004,810,0,180,-180,48,15.640,305,305
274161,0.030,-0.000,0.000,-0.000,0.392,-0.005,-0.005,-0.920,-0.200,-0.004,-1.405,0.004,810,0,180,-180,48,15.640,305,305
274261,0.030,0.000,0.000,-0.000,0.392,-0.005,-0.005,-0.920,-0.200,-0.004,-1.405,0.004,811,0,180,-180,48,15.640,305,305
274361,0.060,-0.000,0.000,-0.000,0.392,-0.005,-0.005,-0.920,-0.200,-0.004,-1.405,0.004,810,0,180,-180,48,15.640,305,305
274461,0.040,-0.000,0.000,0.000,0.392,-0.005,-0.005,-0.920,-0.200,-0.004,-1.405,0.004,810,0,180,-180,48,15.640,305,305
274561,0.030,0.000,-0.000,0.000,0.392,-0.005,-0.005,-0.920,-0.200,-0.004,-1.405,0.004,810,0,180,-180,48,15.640,305,305
274661,0.040,0.000,-0.000,0.000,0.392,-0.005,-0.005,-0.920,-0.200,-0.004,-1.405,0.004,810,0,180,-180,48,15.640,305,305
274761,0.030,0.000,0.000,0.000,0.392,-0.005,-0.005,-0.920,-0.200,-0.004,-1.405,0.004,810,0,180,-180,48,15.640,305,305
274861,0.030,0.000,0.000,0.000,0.392,-0.005,-0.005,-0.920,-0.200,-0.004,-1.405,0.004,810,0,180,-180,48,15.640,305,305
274961,0.030,0.000,-0.000,0.000,0.392,-0.005,-0.005,-0.920,-0.200,-0.004,-1.405,0.004,811,0,180,-180,48,15.640,305,305
275061,0.030,0.000,0.000,-0.000,0.392,-0.005,-0.005,-0.920,-0.200,-0.004,-1.405,0.004,810,0,180,-180,48,15.640,305,305
275161,0.040,0.000,-0.000,0.000,0.392,-0.005,-0.005,-0.920,-0.200,-0.004,-1.405,0.004,810,0,180,-180,48,15.640,305,305
275261,0.050,-0.000,-0.000,-0.000,0.392,-0.005,-0.005,-0.920,-0.200,-0.004,-1.405,0.004,810,0,180,-180,48,15.640,305,305
275361,0.040,-0.000,-0.000,-0.000,0.392,-0.005,-0.005,-0.920,-0.200,-0.004,-1.405,0.004,811,0,180,-180,48,15.650,305,305
275461,0.030,0.000,0.000,-0.000,0.392,-0.005,-0.005,-0.920,-0.200,-0.004,-1.405,0.004,810,0,180,-180,48,15.650,305,305
275561,0.020,0.000,-0.000,0.000,0.392,-0.005,-0.005,-0.920,-0.200,-0.004,-1.405,0.004,810,0,180,-180,48,15.650,305,305
275661,0.020,-0.000,0.000,0.000,0.392,-0.005,-0.005,-0.920,-0.200,-0.004,-1.405,0.004,810,0,180,-180,48,15.650,305,305
275761,0.040,0.000,0.000,0.000,0.392,-0.005,-0.005,-0.920,-0.200,-0.004,-1.405,0.004,810,0,180,-180,48,15.650,305,305
275861,0.030,-0.000,0.000,0.000,0.392,-0.005,-0.005,-0.920,-0.200,-0.004,-1.405,0.004,810,0,180,-180,48,15.650,305,305
275961,0.080,-0.000,0.000,0.000,0.392,-0.005,-0.005,-0.920,-0.200,-0.004,-1.405,0.004,810,0,180,-180,48,15.650,305,305
276061,0.030,0.000,-0.000,0.000,0.392,-0.005,-0.005,-0.920,-0.200,-0.004,-1.405,0.004,810,0,180,-180,48,15.650,305,305
276161,0.030,0.000,-0.000,0.000,0.392,-0.005,-0.005,-0.920,-0.200,-0.004,-1.405,0.004,810,0,180,-180,48,15.660,305,305
276261,0.030,0.000,-0.000,0.000,0.392,-0.005,-0.005,-0.920,-0.200,-0.004,-1.405,0.004,810,0,180,-180,48,15.660,305,305
276361,0.030,0.000,-0.000,0.000,0.392,-0.005,-0.005,-0.920,-0.200,-0.004,-1.405,0.004,810,0,180,-180,48,15.650,305,305
276461,0.040,-0.000,-0.000,0.000,0.392,-0.005,-0.005,-0.920,-0.200,-0.004,-1.405,0.004,810,0,180,-180,48,15.650,305,305
276561,0.040,0.000,0.000,-0.000,0.392,-0.005,-0.005,-0.920,-0.200,-0.004,-1.405,0.004,811,0,180,-180,48,15.650,305,305
276661,0.040,-0.000,0.000,0.000,0.392,-0.005,-0.005,-0.920,-0.200,-0.004,-1.405,0.004,810,0,180,-180,48,15.650,305,305
276761,0.040,0.000,-0.000,-0.000,0.392,-0.005,-0.005,-0.920,-0.200,-0.004,-1.405,0.004,810,0,180,-180,48,15.650,305,305
276861,0.040,0.000,0.000,-0.000,0.392,-0.005,-0.005,-0.920,-0.200,-0.004,-1.405,0.004,811,0,180,-180,48,15.650,305,305
276961,0.030,0.000,0.000,-0.000,0.392,-0.005,-0.005,-0.920,-0.200,-0.004,-1.405,0.004,811,0,180,-180,48,15.660,305,305
277061,0.040,0.000,-0.000,0.000,0.392,-0.005,-0.005,-0.920,-0.200,-0.004,-1.405,0.004,810,0,180,-180,48,15.660,305,305
277161,0.020,-0.000,-0.000,0.000,0.392,-0.005,-0.005,-0.920,-0.200,-0.004,-1.405,0.004,810,0,180,-180,48,15.650,305,305
277261,0.040,0.000,0.000,-0.000,0.392,-0.005,-0.005,-0.920,-0.200,-0.004,-1.405,0.004,811,0,180,-180,48,15.650,305,305
277361,0.040,-0.000,0.000,-0.000,0.392,-0.005,-0.005,-0.920,-0.200,-0.004,-1.405,0.004,811,0,180,-180,48,15.650,305,305
277461,0.040,0.000,0.000,0.000,0.392,-0.005,-0.005,-0.920,-0.200,-0.004,-1.405,0.004,810,0,180,-180,48,15.650,305,305
277561,0.030,0.000,0.000,0.000,0.392,-0.005,-0.005,-0.920,-0.200,-0.004,-1.405,0.004,810,0,180,-180,48,15.650,305,305
277661,0.040,-0.000,0.000,0.000,0.392,-0.005,-0.005,-0.920,-0.200,-0.004,-1.405,0.004,810,0,180,-180,48,15.650,305,305
277761,0.050,-0.000,-0.000,0.000,0.392,-0.005,-0.005,-0.920,-0.200,-0.004,-1.405,0.004,810,0,180,-180,48,15.650,305,305
277861,0.030,-0.000,-0.000,0.000,0.392,-0.005,-0.005,-0.920,-0.200,-0.004,-1.405,0.004,810,0,180,-180,48,15.650,305,305
277961,0.040,0.000,-0.000,0.000,0.392,-0.005,-0.005,-0.920,-0.200,-0.004,-1.405,0.004,810,0,180,-180,48,15.650,305,305
278061,0.020,0.000,0.000,-0.000,0.392,-0.005,-0.005,-0.920,-0.200,-0.004,-1.405,0.004,811,0,180,-180,48,15.650,305,305
278161,0.030,-0.000,0.000,-0.000,0.392,-0.005,-0.005,-0.920,-0.200,-0.004,-1.405,0.004,810,0,180,-180,48,15.650,305,305
278261,0.030,0.000,0.000,0.000,0.392,-0.005,-0.005,-0.920,-0.200,-0.004,-1.405,0.004,810,0,180,-180,48,15.650,305,305
278361,0.020,-0.000,-0.000,0.000,0.392,-0.005,-0.005,-0.920,-0.200,-0.004,-1.405,0.004,810,0,180,-180,48,15.640,305,305
278461,0.040,0.000,0.000,0.000,0.392,-0.005,-0.005,-0.920,-0.200,-0.004,-1.405,0.004,810,0,180,-180,48,15.640,305,305
278561,0.030,-0.000,-0.000,0.000,0.392,-0.005,-0.005,-0.920,-0.200,-0.004,-1.405,0.004,810,0,180,-180,48,15.640,305,305
278661,0.030,0.000,0.000,-0.000,0.392,-0.005,-0.005,-0.920,-0.200,-0.004,-1.405,0.004,810,0,180,-180,48,15.640,305,305
278761,0.030,-0.000,-0.000,-0.000,0.392,-0.005,-0.005,-0.920,-0.200,-0.004,-1.405,0.004,810,0,180,-180,48,15.640,305,305
278861,0.050,0.000,0.000,-0.000,0.392,-0.005,-0.005,-0.920,-0.200,-0.004,-1.405,0.004,811,0,180,-180,48,15.640,305,305
278961,0.030,0.000,-0.000,-0.000,0.392,-0.005,-0.005,-0.920,-0.200,-0.004,-1.405,0.004,810,0,180,-180,48,15.650,305,305
279061,0.030,0.000,-0.000,-0.000,0.392,-0.005,-0.005,-0.920,-0.200,-0.004,-1.405,0.004,810,0,180,-180,48,15.650,305,305
279161,0.020,0.000,-0.000,0.000,0.392,-0.005,-0.005,-0.920,-0.200,-0.004,-1.405,0.004,810,0,180,-180,48,15.650,305,305
279261,0.030,0.000,-0.000,0.000,0.392,-0.005,-0.005,-0.920,-0.200,-0.004,-1.405,0.004,810,0,180,-180,48,15.650,305,305
279361,0.040,0.000,0.000,0.000,0.392,-0.005,-0.005,-0.920,-0.200,-0.004,-1.405,0.004,810,0,180,-180,48,15.660,305,305
279461,0.030,-0.000,0.000,0.000,0.392,-0.005,-0.005,-0.920,-0.200,-0.004,-1.405,0.004,810,0,180,-180,48,15.660,305,305
279561,0.030,0.000,0.000,0.000,0.392,-0.005,-0.005,-0.920,-0.200,-0.004,-1.405,0.004,810,0,180,-180,48,15.650,305,305
279661,0.040,0.000,0.000,-0.000,0.392,-0.005,-0.005,-0.920,-0.200,-0.004,-1.405,0.004,810,0,180,-180,48,15.650,305,305
279761,0.020,0.000,0.000,0.000,0.392,-0.005,-0.005,-0.920,-0.200,-0.004,-1.405,0.004,810,0,180,-180,48,15.650,305,305
279861,0.020,0.000,0.000,0.000,0.392,-0.005,-0.005,-0.920,-0.200,-0.004,-1.405,0.004,810,0,180,-180,48,15.640,305,305
279961,0.040,0.000,0.000,0.000,0.392,-0.005,-0.005,-0.920,-0.200,-0.004,-1.405,0.004,810,0,180,-180,48,15.640,305,305
280061,0.030,0.000,0.000,-0.000,0.392,-0.005,-0.005,-0.920,-0.200,-0.004,-1.405,0.004,810,0,180,-180,48,15.640,305,305
280161,0.030,0.000,-0.000,0.000,0.392,-0.005,-0.005,-0.920,-0.200,-0.004,-1.405,0.004,810,0,180,-180,48,15.640,305,305
280261,0.040,0.000,-0.000,-0.000,0.392,-0.005,-0.005,-0.920,-0.200,-0.004,-1.405,0.004,810,0,180,-180,48,15.650,305,305
280361,0.030,0.000,-0.000,0.000,0.392,-0.005,-0.005,-0.920,-0.200,-0.004,-1.405,0.004,810,0,180,-180,48,15.650,305,305
280461,0.050,0.000,-0.000,0.000,0.392,-0.005,-0.005,-0.920,-0.200,-0.004,-1.405,0.004,810,0,180,-180,48,15.650,305,305
280561,0.030,-0.000,-0.000,-0.000,0.392,-0.005,-0.005,-0.920,-0.200,-0.004,-1.405,0.004,811,0,180,-180,48,15.650,305,305
280661,0.020,-0.000,-0.000,0.000,0.392,-0.005,-0.005,-0.920,-0.200,-0.004,-1.405,0.004,810,0,180,-180,48,15.660,305,305
280761,0.030,0.000,0.000,0.000,0.392,-0.005,-0.005,-0.920,-0.200,-0.004,-1.405,0.004,810,0,180,-180,48,15.660,305,305
280861,0.030,-0.000,0.000,0.000,0.392,-0.005,-0.005,-0.920,-0.200,-0.004,-1.405,0.004,810,0,180,-180,47,15.660,305,305
280961,0.040,0.000,0.000,0.000,0.392,-0.005,-0.005,-0.920,-0.200,-0.004,-1.405,0.004,810,0,180,-180,47,15.660,305,305
281061,0.020,0.000,0.000,-0.000,0.392,-0.005,-0.005,-0.920,-0.200,-0.004,-1.405,0.004,811,0,180,-180,48,15.650,305,305
281161,0.050,0.000,-0.000,0.000,0.392,-0.005,-0.005,-0.920,-0.200,-0.004,-1.405,0.004,810,0,180,-180,48,15.650,305,305
281261,0.030,0.000,-0.000,0.000,0.392,-0.005,-0.005,-0.920,-0.200,-0.004,-1.405,0.004,810,0,180,-180,48,15.640,305,305
281361,0.050,0.000,0.000,-0.000,0.392,-0.005,-0.005,-0.920,-0.200,-0.004,-1.405,0.004,810,0,180,-180,48,15.640,305,305
281461,0.030,0.000,0.000,-0.000,0.392,-0.005,-0.005,-0.920,-0.200,-0.004,-1.405,0.004,811,0,180,-180,47,15.640,305,305
281561,0.010,-0.000,0.000,0.000,0.392,-0.005,-0.005,-0.920,-0.200,-0.004,-1.405,0.004,810,0,180,-180,47,15.640,305,305
281661,0.040,-0.000,0.000,0.000,0.392,-0.005,-0.005,-0.920,-0.200,-0.004,-1.405,0.004,810,0,180,-180,47,15.640,305,305
281761,0.030,-0.000,0.000,0.000,0.392,-0.005,-0.005,-0.920,-0.200,-0.004,-1.405,0.004,810,0,180,-180,48,15.640,305,305
281861,0.030,0.000,0.000,-0.000,0.392,-0.005,-0.005,-0.920,-0.200,-0.004,-1.405,0.004,811,0,180,-180,48,15.640,305,305
281961,0.050,-0.000,0.000,0.000,0.392,-0.005,-0.005,-0.920,-0.200,-0.004,-1.405,0.004,810,0,180,-180,48,15.640,305,305
282061,0.030,-0.000,-0.000,0.000,0.392,-0.005,-0.005,-0.920,-0.200,-0.004,-1.405,0.004,810,0,180,-180,48,15.640,305,305
282161,0.030,-0.000,-0.000,-0.000,0.392,-0.005,-0.005,-0.920,-0.200,-0.004,-1.405,0.004,811,0,180,-180,47,15.650,305,305
282261,0.050,0.000,-0.000,0.000,0.392,-0.005,-0.005,-0.920,-0.200,-0.004,-1.405,0.004,810,0,180,-180,47,15.650,305,305
282361,0.020,-0.000,-0.000,0.000,0.392,-0.005,-0.005,-0.920,-0.200,-0.004,-1.405,0.004,810,0,180,-180,47,15.650,305,305
282461,0.040,-0.000,0.000,-0.000,0.392,-0.005,-0.005,-0.920,-0.200,-0.004,-1.405,0.004,811,0,180,-180,47,15.650,305,305
282561,0.030,0.000,-0.000,0.000,0.392,-0.005,-0.005,-0.920,-0.200,-0.004,-1.405,0.004,810,0,180,-180,47,15.650,305,305
282661,0.050,-0.000,-0.000,0.000,0.392,-0.005,-0.005,-0.920,-0.200,-0.004,-1.405,0.004,810,0,180,-180,47,15.650,305,305
282761,0.030,0.000,0.000,0.000,0.392,-0.005,-0.005,-0.920,-0.200,-0.004,-1.405,0.004,810,0,180,-180,47,15.650,305,305
282861,0.040,-0.000,0.000,0.000,0.392,-0.005,-0.005,-0.920,-0.200,-0.004,-1.405,0.004,810,0,180,-180,47,15.660,305,305
282961,0.030,0.000,0.000,0.000,0.392,-0.005,-0.005,-0.920,-0.200,-0.004,-1.405,0.004,810,0,180,-180,47,15.660,305,305
283061,0.040,0.000,0.000,0.000,0.392,-0.005,-0.005,-0.920,-0.200,-0.004,-1.405,0.004,810,0,180,-180,48,15.660,305,305
283161,0.030,-0.000,0.000,0.000,0.392,-0.005,-0.005,-0.920,-0.200,-0.004,-1.405,0.004,810,0,180,-180,48,15.660,305,305
283261,0.040,0.000,0.000,0.000,0.392,-0.005,-0.005,-0.920,-0.200,-0.004,-1.405,0.004,810,0,180,-180,48,15.660,305,305
283361,0.040,0.000,0.000,0.000,0.392,-0.005,-0.005,-0.920,-0.200,-0.004,-1.405,0.004,810,0,180,-180,47,15.660,305,305
283461,0.050,0.000,0.000,0.000,0.392,-0.005,-0.005,-0.920,-0.200,-0.004,-1.405,0.004,810,0,180,-180,47,15.660,305,305
283561,0.030,-0.000,-0.000,-0.000,0.392,-0.005,-0.005,-0.920,-0.200,-0.004,-1.405,0.004,811,0,180,-180,47,15.650,305,305
283661,0.030,-0.000,-0.000,0.000,0.392,-0.005,-0.005,-0.920,-0.200,-0.004,-1.405,0.004,810,0,180,-180,47,15.650,305,305
283761,0.050,-0.000,-0.000,0.000,0.392,-0.005,-0.005,-0.920,-0.200,-0.004,-1.405,0.004,810,0,180,-180,47,15.640,305,305
283861,0.030,0.000,0.000,-0.000,0.392,-0.005,-0.005,-0.920,-0.200,-0.004,-1.405,0.004,810,0,180,-180,47,15.640,305,305
283961,0.030,0.000,0.000,0.000,0.392,-0.005,-0.005,-0.920,-0.200,-0.004,-1.405,0.004,810,0,180,-180,47,15.640,305,305
284061,0.040,0.000,-0.000,0.000,0.392,-0.005,-0.005,-0.920,-0.200,-0.004,-1.405,0.004,810,0,180,-180,47,15.650,305,305
284161,0.050,-0.000,-0.000,0.000,0.392,-0.005,-0.005,-0.920,-0.200,-0.004,-1.405,0.004,810,0,180,-180,47,15.650,305,305
284261,0.040,-0.000,-0.000,0.000,0.392,-0.005,-0.005,-0.920,-0.200,-0.004,-1.405,0.004,810,0,180,-180,47,15.650,305,305
284361,0.030,-0.000,0.000,-0.000,0.392,-0.005,-0.005,-0.920,-0.200,-0.004,-1.405,0.004,810,0,180,-180,47,15.650,305,305
284461,0.060,-0.000,0.000,0.000,0.392,-0.005,-0.005,-0.920,-0.200,-0.004,-1.405,0.004,810,0,180,-180,47,15.650,305,305
284561,0.040,0.000,0.000,-0.000,0.392,-0.005,-0.005,-0.920,-0.200,-0.004,-1.405,0.004,811,0,180,-180,47,15.650,305,305
284661,0.030,0.000,-0.000,0.000,0.392,-0.005,-0.005,-0.920,-0.200,-0.004,-1.405,0.004,810,0,180,-180,47,15.650,305,305
284761,0.040,-0.000,-0.000,-0.000,0.392,-0.005,-0.005,-0.920,-0.200,-0.004,-1.405,0.004,810,0,180,-180,47,15.650,305,305
284861,0.010,0.000,-0.000,0.000,0.392,-0.005,-0.005,-0.920,-0.200,-0.004,-1.405,0.004,810,0,180,-180,47,15.650,305,305
284961,0.030,-0.000,0.000,0.000,0.392,-0.005,-0.005,-0.920,-0.200,-0.004,-1.405,0.004,810,0,180,-180,47,15.650,305,305
285061,0.040,0.000,-0.000,0.000,0.392,-0.005,-0.005,-0.920,-0.200,-0.004,-1.405,0.004,810,0,180,-180,47,15.650,305,305
285161,0.030,0.000,0.000,-0.000,0.392,-0.005,-0.005,-0.920,-0.200,-0.004,-1.405,0.004,810,0,180,-180,47,15.650,305,305
285261,0.020,-0.000,0.000,0.000,0.392,-0.005,-0.005,-0.920,-0.200,-0.004,-1.405,0.004,810,0,180,-180,47,15.650,305,305
285361,0.030,-0.000,0.000,0.000,0.392,-0.005,-0.005,-0.920,-0.200,-0.004,-1.405,0.004,810,0,180,-180,47,15.650,305,305
285461,0.030,0.000,0.000,0.000,0.392,-0.005,-0.005,-0.920,-0.200,-0.004,-1.405,0.004,810,0,180,-180,47,15.650,305,305
285561,0.050,0.000,0.000,-0.000,0.392,-0.005,-0.005,-0.920,-0.200,-0.004,-1.405,0.004,810,0,180,-180,47,15.650,305,305
285661,0.030,0.000,0.000,0.000,0.392,-0.005,-0.005,-0.920,-0.200,-0.004,-1.405,0.004,810,0,180,-180,47,15.650,305,305
285761,0.020,-0.000,0.000,-0.000,0.392,-0.005,-0.005,-0.920,-0.200,-0.004,-1.405,0.004,810,0,180,-180,47,15.650,305,305
285861,0.030,0.000,0.000,-0.000,0.392,-0.005,-0.005,-0.920,-0.200,-0.004,-1.405,0.004,811,0,180,-180,47,15.650,305,305
285961,0.040,0.000,-0.000,-0.000,0.392,-0.005,-0.005,-0.920,-0.200,-0.004,-1.405,0.004,811,0,180,-180,47,15.650,305,305
286061,0.030,-0.000,0.000,0.000,0.392,-0.005,-0.005,-0.920,-0.200,-0.004,-1.405,0.004,810,0,180,-180,47,15.640,305,305
286161,0.040,0.000,-0.000,0.000,0.392,-0.005,-0.005,-0.920,-0.200,-0.004,-1.405,0.004,810,0,180,-180,47,15.640,305,305
286261,0.030,-0.000,0.000,0.000,0.392,-0.005,-0.005,-0.920,-0.200,-0.004,-1.405,0.004,810,0,180,-180,47,15.650,305,305
286361,0.020,-0.000,-0.000,0.000,0.392,-0.005,-0.005,-0.920,-0.200,-0.004,-1.405,0.004,810,0,180,-180,47,15.650,305,305
286461,0.040,0.000,0.000,0.000,0.392,-0.005,-0.005,-0.920,-0.200,-0.004,-1.405,0.004,810,0,180,-180,47,15.650,305,305
286561,0.030,-0.000,0.000,0.000,0.392,-0.005,-0.005,-0.920,-0.200,-0.004,-1.405,0.004,810,0,180,-180,47,15.660,305,305
286661,0.040,-0.000,0.000,0.000,0.392,-0.005,-0.005,-0.920,-0.200,-0.004,-1.405,0.004,810,0,180,-180,47,15.660,305,305
286761,0.040,0.000,-0.000,0.000,0.392,-0.005,-0.005,-0.920,-0.200,-0.004,-1.405,0.004,810,0,180,-180,47,15.660,305,305
286861,0.030,-0.000,-0.000,0.000,0.392,-0.005,-0.005,-0.920,-0.200,-0.004,-1.405,0.004,810,0,180,-180,47,15.660,305,305
286961,0.030,0.000,-0.000,0.000,0.392,-0.005,-0.005,-0.920,-0.200,-0.004,-1.405,0.004,810,0,180,-180,47,15.660,305,305
287061,0.050,-0.000,-0.000,0.000,0.392,-0.005,-0.005,-0.920,-0.200,-0.004,-1.405,0.004,810,0,180,-180,47,15.660,305,305
287161,0.030,-0.000,-0.000,0.000,0.392,-0.005,-0.005,-0.920,-0.200,-0.004,-1.405,0.004,810,0,180,-180,47,15.660,305,305
287261,0.050,0.000,-0.000,0.000,0.392,-0.005,-0.005,-0.920,-0.200,-0.004,-1.405,0.004,810,0,180,-180,47,15.660,305,305
287361,0.030,-0.000,0.000,-0.000,0.392,-0.005,-0.005,-0.920,-0.200,-0.004,-1.405,0.004,810,0,180,-180,47,15.660,305,305
287461,0.040,-0.000,0.000,0.000,0.392,-0.005,-0.005,-0.920,-0.200,-0.004,-1.405,0.004,810,0,180,-180,47,15.660,305,305
287561,0.030,0.000,-0.000,0.000,0.392,-0.005,-0.005,-0.920,-0.200,-0.004,-1.405,0.004,810,0,180,-180,47,15.660,305,305
287661,0.010,0.000,-0.000,-0.000,0.392,-0.005,-0.005,-0.920,-0.200,-0.004,-1.405,0.004,811,0,180,-180,47,15.650,305,305
287761,0.040,0.000,-0.000,0.000,0.392,-0.005,-0.005,-0.920,-0.200,-0.004,-1.405,0.004,810,0,180,-180,47,15.650,305,305
287861,0.020,0.000,-0.000,-0.000,0.392,-0.005,-0.005,-0.920,-0.200,-0.004,-1.405,0.004,823,0,180,-180,47,15.660,305,305
287961,0.040,0.000,-0.000,-0.000,0.392,-0.005,-0.005,-0.920,-0.200,-0.004,-1.404,0.004,825,0,180,-180,47,15.660,305,305
288061,0.080,-0.000,0.000,0.000,0.392,-0.005,-0.005,-0.920,-0.200,-0.004,-1.404,0.004,820,0,180,-180,47,15.660,305,305
288161,0.050,-0.000,-0.000,0.000,0.392,-0.005,-0.005,-0.920,-0.200,-0.004,-1.404,0.004,819,0,180,-180,47,15.670,305,305
288261,0.050,-0.000,-0.000,0.000,0.392,-0.005,-0.005,-0.920,-0.200,-0.004,-1.404,0.004,819,0,180,-180,47,15.670,305,305
288361,0.030,0.000,-0.000,-0.000,0.392,-0.005,-0.005,-0.920,-0.200,-0.004,-1.404,0.004,819,0,180,-180,47,15.670,305,305
288461,0.050,-0.000,-0.000,0.000,0.392,-0.005,-0.005,-0.920,-0.200,-0.004,-1.404,0.004,818,0,180,-180,47,15.670,305,305
288561,0.030,0.000,-0.000,-0.000,0.392,-0.005,-0.005,-0.920,-0.200,-0.004,-1.404,0.004,819,0,180,-180,47,15.670,305,305
288661,0.100,0.000,0.000,0.000,0.392,-0.005,-0.005,-0.920,-0.200,-0.004,-1.404,0.004,818,0,180,-180,47,15.660,305,305
288761,0.080,0.000,0.000,0.000,0.392,-0.005,-0.005,-0.920,-0.200,-0.004,-1.404,0.004,818,0,180,-180,47,15.660,305,305
288861,0.060,0.000,-0.000,0.000,0.392,-0.005,-0.005,-0.920,-0.200,-0.004,-1.404,0.004,818,0,180,-180,47,15.660,305,305
288961,0.080,-0.000,-0.000,0.000,0.392,-0.005,-0.005,-0.920,-0.200,-0.004,-1.404,0.004,819,0,180,-180,47,15.660,305,305
289061,0.070,-0.000,0.000,0.000,0.392,-0.005,-0.005,-0.920,-0.200,-0.004,-1.404,0.004,818,0,180,-180,47,15.660,305,305
289161,0.070,-0.000,0.000,-0.000,0.392,-0.005,-0.005,-0.920,-0.200,-0.004,-1.404,0.004,819,0,180,-180,47,15.660,305,305
289261,0.050,-0.000,0.000,-0.000,0.392,-0.005,-0.005,-0.920,-0.200,-0.004,-1.404,0.004,819,0,180,-180,47,15.650,305,305
289361,0.050,-0.000,0.000,-0.000,0.392,-0.005,-0.005,-0.920,-0.200,-0.004,-1.404,0.004,819,0,180,-180,47,15.650,305,305
289461,0.090,0.000,0.000,0.000,0.392,-0.005,-0.005,-0.920,-0.200,-0.004,-1.404,0.004,818,0,180,-180,47,15.660,305,305
289561,0.100,0.000,-0.000,0.000,0.392,-0.005,-0.005,-0.920,-0.200,-0.004,-1.404,0.004,818,0,180,-180,47,15.660,305,305
289661,0.070,0.000,-0.000,-0.000,0.392,-0.005,-0.005,-0.920,-0.200,-0.004,-1.404,0.004,819,0,180,-180,47,15.660,305,305
289761,0.080,-0.000,0.000,-0.000,0.392,-0.005,-0.005,-0.920,-0.200,-0.004,-1.404,0.004,819,0,180,-180,47,15.660,305,305
289861,0.100,0.000,-0.000,0.000,0.392,-0.005,-0.005,-0.920,-0.200,-0.004,-1.404,0.004,819,0,180,-180,47,15.660,305,305
289961,0.070,0.000,0.000,0.000,0.392,-0.005,-0.005,-0.920,-0.200,-0.004,-1.404,0.004,818,0,180,-180,47,15.660,305,305
290061,0.100,-0.000,-0.000,-0.000,0.392,-0.005,-0.005,-0.920,-0.200,-0.004,-1.405,0.004,836,0,180,-180,47,15.660,305,305
290161,0.130,0.001,0.000,-0.000,0.392,-0.004,-0.005,-0.920,-0.200,-0.005,-1.406,0.005,851,0,180,-180,47,15.660,305,305
290261,0.020,-0.000,0.000,0.000,0.392,-0.004,-0.006,-0.920,-0.200,-0.005,-1.405,0.005,864,0,180,-180,47,15.660,305,305
290361,0.060,-0.000,0.000,0.000,0.392,-0.005,-0.006,-0.920,-0.200,-0.005,-1.405,0.005,850,0,180,-180,47,15.670,305,305
290461,0.110,-0.000,0.000,-0.000,0.392,-0.005,-0.006,-0.920,-0.200,-0.005,-1.405,0.005,849,0,180,-180,47,15.670,305,305
290561,0.100,-0.000,-0.000,-0.000,0.392,-0.005,-0.006,-0.920,-0.200,-0.005,-1.404,0.005,846,0,180,-180,47,15.670,305,305
290661,0.070,-0.000,-0.000,-0.000,0.392,-0.005,-0.006,-0.920,-0.200,-0.005,-1.404,0.005,847,0,180,-180,47,15.670,305,305
290761,0.090,0.000,-0.000,-0.000,0.392,-0.005,-0.006,-0.920,-0.200,-0.005,-1.405,0.005,843,0,180,-180,47,15.670,305,305
290861,0.040,0.000,0.000,-0.000,0.392,-0.005,-0.006,-0.920,-0.200,-0.005,-1.405,0.005,844,0,180,-180,47,15.660,305,305
290961,0.090,0.000,0.000,-0.000,0.392,-0.005,-0.006,-0.920,-0.200,-0.005,-1.405,0.005,844,0,180,-180,47,15.660,305,305
291061,0.080,0.000,0.000,0.000,0.392,-0.005,-0.006,-0.920,-0.200,-0.005,-1.405,0.005,843,0,180,-180,47,15.660,305,305
291161,0.110,0.000,-0.000,-0.000,0.392,-0.005,-0.006,-0.920,-0.200,-0.005,-1.405,0.005,844,0,180,-180,47,15.670,305,305
291261,0.110,-0.000,0.000,-0.000,0.392,-0.005,-0.006,-0.920,-0.200,-0.005,-1.405,0.005,844,0,180,-180,47,15.670,305,305
291361,0.060,0.000,-0.000,0.000,0.392,-0.005,-0.006,-0.920,-0.200,-0.005,-1.405,0.005,843,0,180,-180,47,15.670,305,305
291461,0.070,0.000,0.000,-0.000,0.392,-0.005,-0.006,-0.920,-0.200,-0.005,-1.405,0.005,844,0,180,-180,47,15.670,305,305
291561,0.070,-0.000,0.000,-0.000,0.392,-0.005,-0.006,-0.920,-0.200,-0.005,-1.405,0.005,844,0,180,-180,47,15.670,305,305
291661,0.080,0.000,0.000,0.000,0.392,-0.005,-0.006,-0.920,-0.200,-0.005,-1.405,0.005,844,0,180,-180,47,15.670,305,305
291761,0.070,0.000,-0.000,0.000,0.392,-0.005,-0.006,-0.920,-0.200,-0.005,-1.405,0.005,843,0,180,-180,46,15.670,305,305
291861,0.090,0.000,-0.000,0.000,0.392,-0.005,-0.006,-0.920,-0.200,-0.005,-1.405,0.005,844,0,180,-180,46,15.670,305,305
291961,0.080,0.000,-0.000,0.000,0.392,-0.005,-0.006,-0.920,-0.200,-0.005,-1.405,0.005,844,0,180,-180,46,15.670,305,305
292061,0.080,-0.000,-0.000,-0.000,0.392,-0.005,-0.006,-0.920,-0.200,-0.005,-1.405,0.005,844,0,180,-180,47,15.670,305,305
292161,0.090,-0.000,0.000,-0.000,0.392,-0.005,-0.006,-0.920,-0.200,-0.005,-1.405,0.005,844,0,180,-180,47,15.670,305,305
292261,0.080,0.000,-0.000,0.000,0.392,-0.005,-0.006,-0.920,-0.200,-0.005,-1.405,0.005,843,0,180,-180,47,15.670,305,305
292361,0.100,0.000,0.000,-0.000,0.392,-0.005,-0.006,-0.920,-0.200,-0.005,-1.405,0.005,844,0,180,-180,47,15.670,305,305
292461,0.080,0.000,0.000,0.000,0.392,-0.005,-0.006,-0.920,-0.200,-0.005,-1.405,0.005,843,0,180,-180,47,15.670,305,305
292561,0.080,0.000,0.000,-0.000,0.392,-0.005,-0.006,-0.920,-0.200,-0.005,-1.405,0.005,844,0,180,-180,47,15.670,305,305
292661,0.090,-0.000,-0.000,0.000,0.392,-0.005,-0.006,-0.920,-0.200,-0.005,-1.405,0.005,843,0,180,-180,47,15.670,305,305
292761,0.070,0.000,0.000,0.000,0.392,-0.005,-0.006,-0.920,-0.200,-0.005,-1.405,0.005,843,0,180,-180,47,15.670,305,305
292861,0.080,0.000,0.000,-0.000,0.392,-0.005,-0.006,-0.920,-0.200,-0.005,-1.405,0.005,844,0,180,-180,47,15.670,305,305
292961,0.060,-0.000,-0.000,0.000,0.392,-0.005,-0.006,-0.920,-0.200,-0.005,-1.405,0.005,843,0,180,-180,47,15.670,305,305
293061,0.090,-0.000,-0.000,0.000,0.392,-0.005,-0.006,-0.920,-0.200,-0.005,-1.405,0.005,844,0,180,-180,47,15.670,305,305
293161,0.080,-0.000,-0.000,0.000,0.392,-0.005,-0.006,-0.920,-0.200,-0.005,-1.405,0.005,843,0,180,-180,46,15.670,305,305
293261,0.090,-0.000,-0.000,0.000,0.392,-0.005,-0.006,-0.920,-0.200,-0.005,-1.405,0.005,844,0,180,-180,46,15.670,305,305
293361,0.060,0.000,0.000,0.000,0.392,-0.005,-0.006,-0.920,-0.200,-0.005,-1.405,0.005,844,0,180,-180,46,15.670,305,305
293461,0.090,0.000,0.000,-0.000,0.392,-0.005,-0.006,-0.920,-0.200,-0.005,-1.405,0.005,844,0,180,-180,47,15.660,305,305
293561,0.060,-0.000,-0.000,0.000,0.392,-0.005,-0.006,-0.920,-0.200,-0.005,-1.405,0.005,843,0,180,-180,47,15.660,305,305
293661,0.080,0.000,-0.000,0.000,0.392,-0.005,-0.006,-0.920,-0.200,-0.005,-1.405,0.005,843,0,180,-180,47,15.660,305,305
293761,0.090,0.000,-0.000,-0.000,0.392,-0.005,-0.006,-0.920,-0.200,-0.005,-1.405,0.005,844,0,180,-180,46,15.670,305,305
293861,0.100,0.000,-0.000,-0.000,0.392,-0.005,-0.006,-0.920,-0.200,-0.005,-1.405,0.005,844,0,180,-180,46,15.670,305,305
293961,0.100,0.000,-0.000,-0.000,0.392,-0.005,-0.006,-0.920,-0.200,-0.005,-1.405,0.005,844,0,180,-180,46,15.670,305,305
294061,0.070,-0.000,-0.000,0.000,0.392,-0.005,-0.006,-0.920,-0.200,-0.005,-1.405,0.005,843,0,180,-180,46,15.660,305,305
294161,0.100,0.000,0.000,-0.000,0.392,-0.005,-0.006,-0.920,-0.200,-0.005,-1.405,0.005,844,0,180,-180,46,15.660,305,305
294261,0.080,0.000,0.000,0.000,0.392,-0.005,-0.006,-0.920,-0.200,-0.005,-1.405,0.005,843,0,180,-180,46,15.660,305,305
294361,0.080,0.000,0.000,0.000,0.392,-0.005,-0.006,-0.920,-0.200,-0.005,-1.405,0.005,843,0,180,-180,46,15.670,305,305
294461,0.070,0.000,0.000,0.000,0.392,-0.005,-0.006,-0.920,-0.200,-0.005,-1.405,0.005,843,0,180,-180,46,15.670,305,305
294561,0.090,0.000,0.000,-0.000,0.392,-0.005,-0.006,-0.920,-0.200,-0.005,-1.405,0.005,844,0,180,-180,46,15.670,305,305
294661,0.090,-0.000,0.000,0.000,0.392,-0.005,-0.006,-0.920,-0.200,-0.005,-1.405,0.005,843,0,180,-180,46,15.660,305,305
294761,0.100,-0.000,0.000,-0.000,0.392,-0.005,-0.006,-0.920,-0.200,-0.005,-1.405,0.005,844,0,180,-180,46,15.660,305,305
294861,0.100,-0.000,0.000,-0.000,0.392,-0.005,-0.006,-0.920,-0.200,-0.005,-1.405,0.005,844,0,180,-180,46,15.670,305,305
294961,0.080,0.000,0.000,0.000,0.392,-0.005,-0.006,-0.920,-0.200,-0.005,-1.405,0.005,844,0,180,-180,46,15.670,305,305
295061,0.080,0.000,0.000,-0.000,0.392,-0.005,-0.006,-0.920,-0.200,-0.005,-1.405,0.005,844,0,180,-180,46,15.670,305,305
295161,0.100,0.000,0.000,0.000,0.392,-0.005,-0.006,-0.920,-0.200,-0.005,-1.405,0.005,843,0,180,-180,46,15.660,305,305
295261,0.090,-0.000,-0.000,-0.000,0.392,-0.005,-0.006,-0.920,-0.200,-0.005,-1.405,0.005,844,0,180,-180,46,15.660,305,305
295361,0.110,0.000,0.000,0.000,0.392,-0.005,-0.006,-0.920,-0.200,-0.005,-1.405,0.005,843,0,180,-180,46,15.660,305,305
295461,0.100,-0.000,-0.000,0.000,0.392,-0.005,-0.006,-0.920,-0.200,-0.005,-1.405,0.005,844,0,180,-180,46,15.660,305,305
295561,0.080,-0.000,0.000,0.000,0.392,-0.005,-0.006,-0.920,-0.200,-0.005,-1.405,0.005,843,0,180,-180,46,15.660,305,305
295661,0.100,-0.000,-0.000,0.000,0.392,-0.005,-0.006,-0.920,-0.200,-0.005,-1.405,0.005,843,0,180,-180,46,15.670,305,305
295761,0.080,0.000,-0.000,0.000,0.392,-0.005,-0.006,-0.920,-0.200,-0.005,-1.405,0.005,844,0,180,-180,46,15.670,305,305
295861,0.090,-0.000,0.000,-0.000,0.392,-0.005,-0.006,-0.920,-0.200,-0.005,-1.405,0.005,844,0,180,-180,46,15.670,305,305
295961,0.080,-0.000,0.000,-0.000,0.392,-0.005,-0.006,-0.920,-0.200,-0.005,-1.405,0.005,844,0,180,-180,46,15.660,305,305
296061,0.100,0.000,0.000,0.000,0.392,-0.005,-0.006,-0.920,-0.200,-0.005,-1.405,0.005,843,0,180,-180,46,15.660,305,305
296161,0.090,0.000,0.000,-0.000,0.392,-0.005,-0.006,-0.920,-0.200,-0.005,-1.405,0.005,844,0,180,-180,46,15.670,305,305
296261,0.090,0.000,-0.000,0.000,0.392,-0.005,-0.006,-0.920,-0.200,-0.005,-1.405,0.005,843,0,180,-180,46,15.670,305,305
296361,0.080,0.000,0.000,0.000,0.392,-0.005,-0.006,-0.920,-0.200,-0.005,-1.405,0.005,844,0,180,-180,46,15.670,305,305
296461,0.100,-0.000,0.000,0.000,0.392,-0.005,-0.006,-0.920,-0.200,-0.005,-1.405,0.005,843,0,180,-180,46,15.670,305,305
296561,0.070,0.000,0.000,-0.000,0.392,-0.005,-0.006,-0.920,-0.200,-0.005,-1.405,0.005,844,0,180,-180,46,15.670,305,305
296661,0.090,-0.000,-0.000,-0.000,0.392,-0.005,-0.006,-0.920,-0.200,-0.005,-1.405,0.005,844,0,180,-180,46,15.670,305,305
296761,0.090,0.000,0.000,-0.000,0.392,-0.005,-0.006,-0.920,-0.200,-0.005,-1.405,0.005,844,0,180,-180,46,15.670,305,305
296861,0.080,0.000,0.000,-0.000,0.392,-0.005,-0.006,-0.920,-0.200,-0.005,-1.405,0.005,844,0,180,-180,46,15.670,305,305
296961,0.090,0.000,-0.000,-0.000,0.392,-0.005,-0.006,-0.920,-0.200,-0.005,-1.405,0.005,844,0,180,-180,46,15.670,305,305
297061,0.080,0.000,0.000,0.000,0.392,-0.005,-0.006,-0.920,-0.200,-0.005,-1.405,0.005,843,0,180,-180,46,15.670,305,305
297161,0.100,0.000,-0.000,0.000,0.392,-0.005,-0.006,-0.920,-0.200,-0.005,-1.405,0.005,844,0,180,-180,46,15.670,305,305
297261,0.090,0.000,0.000,0.000,0.392,-0.005,-0.006,-0.920,-0.200,-0.005,-1.405,0.005,843,0,180,-180,46,15.670,305,305
297361,0.110,-0.000,0.000,0.000,0.392,-0.005,-0.006,-0.920,-0.200,-0.005,-1.405,0.005,843,0,180,-180,46,15.670,305,305
297461,0.080,0.000,0.000,0.000,0.392,-0.005,-0.006,-0.920,-0.200,-0.005,-1.405,0.005,843,0,180,-180,46,15.670,305,305
297561,0.080,0.000,0.000,0.000,0.392,-0.005,-0.006,-0.920,-0.200,-0.005,-1.405,0.005,844,0,180,-180,46,15.670,305,305
297661,0.090,-0.000,0.000,0.000,0.392,-0.005,-0.006,-0.920,-0.200,-0.005,-1.405,0.005,844,0,180,-180,46,15.670,305,305
297761,0.080,-0.000,0.000,-0.000,0.392,-0.005,-0.006,-0.920,-0.200,-0.005,-1.405,0.005,844,0,180,-180,46,15.670,305,305
297861,0.090,-0.000,-0.000,-0.000,0.392,-0.005,-0.006,-0.920,-0.200,-0.005,-1.405,0.005,844,0,180,-180,46,15.670,305,305
297961,0.090,0.000,0.000,-0.000,0.392,-0.005,-0.006,-0.920,-0.200,-0.005,-1.405,0.005,844,0,180,-180,46,15.680,305,305
298061,0.100,0.000,-0.000,0.000,0.392,-0.005,-0.006,-0.920,-0.200,-0.005,-1.405,0.005,843,0,180,-180,46,15.680,305,305
298161,0.090,-0.000,-0.000,0.000,0.392,-0.005,-0.006,-0.920,-0.200,-0.005,-1.405,0.005,843,0,180,-180,46,15.680,305,305
298261,0.080,0.000,0.000,-0.000,0.392,-0.005,-0.006,-0.920,-0.200,-0.005,-1.405,0.005,844,0,180,-180,46,15.680,305,305
298361,0.090,0.000,0.000,-0.000,0.392,-0.005,-0.006,-0.920,-0.200,-0.005,-1.405,0.005,844,0,180,-180,46,15.680,305,305
298461,0.090,0.000,-0.000,0.000,0.392,-0.005,-0.006,-0.920,-0.200,-0.005,-1.405,0.005,844,0,180,-180,46,15.680,305,305
298561,0.100,-0.000,-0.000,0.000,0.392,-0.005,-0.006,-0.920,-0.200,-0.005,-1.405,0.005,844,0,180,-180,46,15.670,305,305
298661,0.080,-0.000,0.000,-0.000,0.392,-0.005,-0.006,-0.920,-0.200,-0.005,-1.405,0.005,844,0,180,-180,46,15.670,305,305
298761,0.100,0.000,-0.000,0.000,0.392,-0.005,-0.006,-0.920,-0.200,-0.005,-1.405,0.005,844,0,180,-180,46,15.680,305,305
298861,0.080,-0.000,-0.000,0.000,0.392,-0.005,-0.006,-0.920,-0.200,-0.005,-1.405,0.005,843,0,180,-180,46,15.680,305,305
298961,0.090,-0.000,0.000,-0.000,0.392,-0.005,-0.006,-0.920,-0.200,-0.005,-1.405,0.005,844,0,180,-180,46,15.680,305,305
299061,0.100,0.000,-0.000,0.000,0.392,-0.005,-0.006,-0.920,-0.200,-0.005,-1.405,0.005,844,0,180,-180,46,15.680,305,305
299161,0.100,-0.000,-0.000,0.000,0.392,-0.005,-0.006,-0.920,-0.200,-0.005,-1.405,0.005,843,0,180,-180,46,15.670,305,305
299261,0.090,0.000,0.000,0.000,0.392,-0.005,-0.006,-0.920,-0.200,-0.005,-1.405,0.005,843,0,180,-180,46,15.670,305,305
299361,0.090,-0.000,-0.000,0.000,0.392,-0.005,-0.006,-0.920,-0.200,-0.005,-1.405,0.005,843,0,180,-180,46,15.670,305,305
299461,0.090,-0.000,0.000,0.000,0.392,-0.005,-0.006,-0.920,-0.200,-0.005,-1.405,0.005,843,0,180,-180,46,15.670,305,305
299561,0.080,-0.000,0.000,-0.000,0.392,-0.005,-0.006,-0.920,-0.200,-0.005,-1.405,0.005,844,0,180,-180,46,15.670,305,305
299661,0.090,0.000,0.000,-0.000,0.392,-0.005,-0.006,-0.920,-0.200,-0.005,-1.405,0.005,844,0,180,-180,46,15.670,305,305
299761,0.090,-0.000,0.000,-0.000,0.392,-0.005,-0.006,-0.920,-0.200,-0.005,-1.405,0.005,844,0,180,-180,46,15.670,305,305
299861,0.100,0.000,0.000,-0.000,0.392,-0.005,-0.006,-0.920,-0.200,-0.005,-1.405,0.005,844,0,180,-180,46,15.670,305,305
299961,0.090,0.000,-0.000,-0.000,0.392,-0.005,-0.006,-0.920,-0.200,-0.005,-1.405,0.005,844,0,180,-180,46,15.680,305,305
300061,0.090,-0.000,0.000,0.000,0.392,-0.005,-0.006,-0.920,-0.200,-0.005,-1.405,0.005,844,0,180,-180,46,15.680,305,305
300161,0.090,0.000,-0.000,-0.000,0.392,-0.005,-0.006,-0.920,-0.200,-0.005,-1.405,0.005,844,0,180,-180,46,15.680,305,305
300261,0.080,0.000,0.000,-0.000,0.392,-0.005,-0.006,-0.920,-0.200,-0.005,-1.405,0.005,844,0,180,-180,46,15.680,305,305
300361,0.100,-0.000,-0.000,0.000,0.392,-0.005,-0.006,-0.920,-0.200,-0.005,-1.405,0.005,844,0,180,-180,46,15.680,305,305
300461,0.100,0.000,-0.000,0.000,0.392,-0.005,-0.006,-0.920,-0.200,-0.005,-1.405,0.005,843,0,180,-180,46,15.680,305,305
300561,0.080,0.000,-0.000,0.000,0.392,-0.005,-0.006,-0.920,-0.200,-0.005,-1.405,0.005,844,0,180,-180,46,15.680,305,305
300661,0.110,0.000,0.000,0.000,0.392,-0.005,-0.006,-0.920,-0.200,-0.005,-1.405,0.005,844,0,180,-180,46,15.680,305,305
300761,0.070,0.000,-0.000,-0.000,0.392,-0.005,-0.006,-0.920,-0.200,-0.005,-1.405,0.005,844,0,180,-180,46,15.680,305,305
300861,0.100,0.000,0.000,-0.000,0.392,-0.005,-0.006,-0.920,-0.200,-0.005,-1.405,0.005,844,0,180,-180,46,15.680,305,305
300961,0.090,-0.000,0.000,-0.000,0.392,-0.005,-0.006,-0.920,-0.200,-0.005,-1.405,0.005,844,0,180,-180,46,15.680,305,305
301061,0.100,0.000,0.000,-0.000,0.392,-0.005,-0.006,-0.920,-0.200,-0.005,-1.405,0.005,844,0,180,-180,46,15.680,305,305
301161,0.100,0.000,0.000,-0.000,0.392,-0.005,-0.006,-0.920,-0.200,-0.005,-1.405,0.005,844,0,180,-180,46,15.680,305,305
301261,0.090,0.000,0.000,-0.000,0.392,-0.005,-0.006,-0.920,-0.200,-0.005,-1.405,0.005,844,0,180,-180,46,15.680,305,305
301361,0.090,0.000,0.000,0.000,0.392,-0.005,-0.006,-0.920,-0.200,-0.005,-1.405,0.005,844,0,180,-180,46,15.680,305,305
301461,0.100,0.000,-0.000,0.000,0.392,-0.005,-0.006,-0.920,-0.200,-0.005,-1.405,0.005,843,0,180,-180,46,15.680,305,305
301561,0.090,0.000,-0.000,-0.000,0.392,-0.005,-0.006,-0.920,-0.200,-0.005,-1.405,0.005,844,0,180,-180,46,15.680,305,305
301661,0.090,0.000,0.000,0.000,0.392,-0.005,-0.006,-0.920,-0.200,-0.005,-1.405,0.005,844,0,180,-180,46,15.680,305,305
301761,0.090,0.000,-0.000,0.000,0.392,-0.005,-0.006,-0.920,-0.200,-0.005,-1.405,0.005,844,0,180,-180,46,15.670,305,305
301861,0.080,0.000,-0.000,0.000,0.392,-0.005,-0.006,-0.920,-0.200,-0.005,-1.405,0.005,843,0,180,-180,46,15.670,305,305
301961,0.090,0.000,-0.000,0.000,0.392,-0.005,-0.006,-0.920,-0.200,-0.005,-1.405,0.005,843,0,180,-180,46,15.670,305,305
302061,0.100,-0.000,-0.000,0.000,0.392,-0.005,-0.006,-0.920,-0.200,-0.005,-1.405,0.005,843,0,180,-180,46,15.670,305,305
302161,0.090,0.000,-0.000,0.000,0.392,-0.005,-0.006,-0.920,-0.200,-0.005,-1.405,0.005,843,0,180,-180,46,15.680,305,305
302261,0.100,-0.000,-0.000,0.000,0.392,-0.005,-0.006,-0.920,-0.200,-0.005,-1.405,0.005,844,0,180,-180,46,15.680,305,305
302361,0.080,0.000,-0.000,-0.000,0.392,-0.005,-0.006,-0.920,-0.200,-0.005,-1.405,0.005,844,0,180,-180,46,15.670,305,305
302461,0.080,0.000,0.000,-0.000,0.392,-0.005,-0.006,-0.920,-0.200,-0.005,-1.405,0.005,844,0,180,-180,46,15.670,305,305
302561,0.100,0.000,0.000,-0.000,0.392,-0.005,-0.006,-0.920,-0.200,-0.005,-1.405,0.005,844,0,180,-180,46,15.670,305,305
302661,0.100,0.000,0.000,0.000,0.392,-0.005,-0.006,-0.920,-0.200,-0.005,-1.405,0.005,843,0,180,-180,46,15.670,305,305
302761,0.090,-0.000,0.000,0.000,0.392,-0.005,-0.006,-0.920,-0.200,-0.005,-1.405,0.005,843,0,180,-180,46,15.680,305,305
302861,0.120,-0.000,-0.000,0.000,0.392,-0.005,-0.006,-0.920,-0.200,-0.005,-1.405,0.005,843,0,180,-180,46,15.680,305,305
302961,0.070,-0.000,-0.000,-0.000,0.392,-0.005,-0.006,-0.920,-0.200,-0.005,-1.405,0.005,844,0,180,-180,46,15.680,305,305
303061,0.070,0.000,0.000,0.000,0.392,-0.005,-0.006,-0.920,-0.200,-0.005,-1.405,0.005,844,0,180,-180,46,15.680,305,305
303161,0.100,0.000,0.000,0.000,0.392,-0.005,-0.006,-0.920,-0.200,-0.005,-1.405,0.005,843,0,180,-180,46,15.680,305,305
303261,0.110,-0.000,0.000,-0.000,0.392,-0.005,-0.006,-0.920,-0.200,-0.005,-1.405,0.005,844,0,180,-180,45,15.680,305,305
303361,0.100,0.000,0.000,-0.000,0.392,-0.005,-0.006,-0.920,-0.200,-0.005,-1.405,0.005,844,0,180,-180,45,15.680,305,305
303461,0.090,0.000,0.000,0.000,0.392,-0.005,-0.006,-0.920,-0.200,-0.005,-1.405,0.005,843,0,180,-180,45,15.680,305,305
303561,0.090,-0.000,0.000,0.000,0.392,-0.005,-0.006,-0.920,-0.200,-0.005,-1.405,0.005,843,0,180,-180,45,15.680,305,305
303661,0.100,-0.000,0.000,-0.000,0.392,-0.004,-0.006,-0.920,-0.200,-0.005,-1.405,0.005,846,0,180,-180,46,15.680,305,305
303761,0.030,-0.000,0.000,0.000,0.392,-0.004,-0.006,-0.920,-0.200,-0.005,-1.406,0.005,841,0,180,-180,46,15.680,305,305
303861,0.110,0.000,-0.000,-0.000,0.392,-0.004,-0.006,-0.920,-0.200,-0.005,-1.406,0.005,837,0,180,-180,46,15.680,305,305
303961,0.060,-0.001,-0.001,0.000,0.392,-0.005,-0.005,-0.920,-0.200,-0.004,-1.405,0.004,774,0,180,-180,46,15.680,305,305
304061,0.050,0.003,0.001,0.001,0.393,-0.006,-0.005,-0.920,-0.200,-0.003,-1.404,0.003,742,0,180,-180,46,15.680,305,305
304161,0.090,-0.000,0.008,0.000,0.392,-0.002,-0.004,-0.920,-0.200,-0.004,-1.410,0.004,801,0,180,-180,46,15.680,305,305
304261,0.460,0.001,0.006,0.000,0.393,0.013,0.001,-0.920,-0.200,-0.006,-1.432,0.006,913,0,180,-180,46,15.680,305,305
304361,0.550,-0.000,0.003,-0.003,0.389,0.022,0.003,-0.921,-0.200,-0.008,-1.445,0.008,976,0,180,-180,45,15.670,305,305
304461,0.830,-0.004,0.006,-0.001,0.386,0.029,0.015,-0.922,-0.200,0.004,-1.459,-0.004,0,370,180,-180,45,15.670,305,305
304561,-0.650,-0.009,0.001,-0.009,0.376,0.028,0.038,-0.926,-0.200,0.036,-1.470,-0.034,0,1739,179,-180,46,15.670,305,305
304661,-0.190,-0.004,-0.004,-0.007,0.349,0.025,0.048,-0.935,-0.200,0.053,-1.468,-0.050,0,1644,179,-180,46,15.670,305,305
304761,0.360,-0.002,0.003,-0.003,0.339,0.018,0.055,-0.939,-0.200,0.066,-1.461,-0.063,0,1766,179,-180,46,15.670,305,305
304861,1.000,0.002,0.001,-0.000,0.336,0.031,0.059,-0.940,-0.200,0.066,-1.479,-0.062,0,1552,179,-180,46,15.670,305,305
304961,1.380,-0.004,-0.012,-0.002,0.342,0.008,0.059,-0.938,-0.200,0.075,-1.448,-0.073,0,1825,179,-180,45,15.680,305,305
305061,0.270,-0.001,-0.024,-0.004,0.335,-0.043,0.045,-0.940,-0.200,0.076,-1.373,-0.083,0,1938,179,-180,45,15.680,305,305
305161,-0.550,-0.007,-0.033,0.000,0.332,-0.119,0.033,-0.935,-0.200,0.086,-1.257,-0.111,0,2561,179,-180,45,15.680,305,305
305261,-1.350,-0.003,-0.046,-0.002,0.333,-0.226,0.009,-0.915,-0.200,0.086,-1.074,-0.143,0,3530,179,-180,45,15.680,305,305
305361,-1.610,-0.002,-0.050,-0.004,0.323,-0.348,-0.028,-0.880,-0.200,0.070,-0.840,-0.161,1965,4448,179,-180,45,15.680,305,305
305461,-1.980,-0.003,-0.048,-0.010,0.294,-0.464,-0.072,-0.832,-0.200,0.042,-0.588,-0.147,3821,5140,180,-180,46,15.680,305,305
305561,-1.900,-0.003,-0.053,-0.005,0.256,-0.574,-0.123,-0.768,-0.200,0.015,-0.317,-0.104,5141,5649,134,-133,46,15.680,305,305
305661,-2.850,-0.008,-0.049,0.005,0.232,-0.674,-0.151,-0.685,-0.200,0.001,-0.045,-0.105,6048,6723,80,-80,45,15.680,305,305
305761,-1.470,-0.006,-0.059,0.003,0.217,-0.774,-0.175,-0.569,-0.200,-0.021,0.263,-0.135,6613,7593,13,-12,45,15.680,305,305
305861,-1.160,-0.003,-0.049,-0.005,0.195,-0.839,-0.235,-0.450,-0.200,-0.033,0.542,-0.110,7240,7775,-42,44,45,15.680,305,305
305961,-0.270,0.002,-0.043,-0.004,0.168,-0.878,-0.295,-0.338,-0.200,-0.039,0.778,-0.087,7543,7898,-91,93,46,15.680,305,305
306061,0.300,0.000,-0.017,0.000,0.153,-0.887,-0.352,-0.256,-0.200,-0.045,0.932,-0.081,7425,7830,-119,121,46,15.680,305,305
306161,-0.120,0.001,-0.009,0.001,0.144,-0.890,-0.367,-0.229,-0.200,-0.046,0.983,-0.077,7309,7737,-130,132,45,15.680,305,305
306261,0.210,0.003,-0.006,0.000,0.146,-0.887,-0.389,-0.204,-0.200,-0.053,1.020,-0.085,7069,7635,-143,146,45,15.680,305,305
306361,-0.150,0.014,-0.002,-0.009,0.162,-0.874,-0.419,-0.185,-0.200,-0.070,1.032,-0.108,6846,7649,-152,155,45,15.680,305,305
306461,-0.190,0.026,0.010,-0.013,0.224,-0.830,-0.480,-0.174,-0.200,-0.112,0.974,-0.172,6547,7981,-141,147,45,15.680,305,305
306561,0.320,0.016,0.023,-0.006,0.282,-0.795,-0.504,-0.188,-0.200,-0.136,0.876,-0.220,6203,8001,-124,129,45,15.680,305,305
306661,0.170,0.015,0.016,-0.004,0.345,-0.758,-0.511,-0.212,-0.200,-0.149,0.746,-0.266,5948,8007,-104,110,45,15.670,305,305
306761,0.020,0.010,0.010,-0.002,0.386,-0.731,-0.519,-0.217,-0.200,-0.161,0.669,-0.298,5739,7929,-99,105,45,15.670,305,305
306861,0.090,0.006,0.007,-0.003,0.416,-0.710,-0.525,-0.221,-0.200,-0.166,0.604,-0.318,5561,7784,-95,101,46,15.680,305,305
306961,-0.060,0.002,0.003,-0.003,0.426,-0.697,-0.531,-0.226,-0.200,-0.161,0.583,-0.315,5567,7634,-99,104,46,15.680,305,305
307061,-0.070,0.001,0.011,-0.003,0.442,-0.681,-0.530,-0.246,-0.200,-0.145,0.525,-0.309,5648,7584,-89,94,45,15.680,305,305
307161,0.010,-0.004,-0.011,0.000,0.439,-0.678,-0.535,-0.247,-0.200,-0.140,0.529,-0.300,5641,7484,-103,107,45,15.680,305,305
307261,-0.510,-0.014,-0.027,0.002,0.391,-0.706,-0.550,-0.216,-0.200,-0.147,0.656,-0.277,5804,7387,-144,148,45,15.680,305,305
307361,-0.620,-0.014,-0.019,0.002,0.327,-0.737,-0.561,-0.189,-0.200,-0.138,0.796,-0.233,6139,7245,-178,180,46,15.680,305,305
307461,-0.130,-0.006,-0.010,0.002,0.287,-0.753,-0.567,-0.170,-0.200,-0.128,0.881,-0.202,6219,7181,-178,180,46,15.680,305,305
307561,0.280,-0.001,0.001,0.000,0.276,-0.757,-0.567,-0.167,-0.200,-0.123,0.900,-0.193,6054,7119,-178,180,45,15.670,305,305
307661,0.160,-0.002,0.002,-0.000,0.276,-0.758,-0.566,-0.170,-0.200,-0.120,0.895,-0.190,5812,6989,-178,180,45,15.670,305,305
307761,-0.130,-0.006,0.011,-0.002,0.278,-0.754,-0.565,-0.185,-0.200,-0.110,0.876,-0.181,5747,6854,-178,180,45,15.680,305,305
307861,-0.210,-0.008,0.017,-0.003,0.284,-0.746,-0.556,-0.230,-0.200,-0.079,0.807,-0.149,5876,6641,-179,180,45,15.680,305,305
307961,0.070,-0.005,0.014,-0.002,0.291,-0.738,-0.544,-0.273,-0.200,-0.055,0.735,-0.120,5900,6459,-179,180,45,15.680,305,305
308061,0.000,-0.004,0.017,-0.000,0.302,-0.728,-0.531,-0.311,-0.200,-0.041,0.664,-0.101,5805,6322,-179,180,45,15.680,305,305
308161,0.120,-0.005,0.017,-0.002,0.316,-0.715,-0.514,-0.352,-0.200,-0.029,0.578,-0.086,5727,6167,-173,174,45,15.680,305,305
308261,0.030,-0.005,0.019,-0.001,0.329,-0.699,-0.497,-0.396,-0.200,-0.018,0.484,-0.064,5708,5989,-158,159,45,15.670,305,305
308361,-0.010,-0.005,0.022,-0.001,0.344,-0.679,-0.473,-0.443,-0.200,-0.010,0.377,-0.047,5711,5906,-139,140,45,15.670,305,305
308461,-0.240,-0.003,0.019,-0.003,0.360,-0.654,-0.450,-0.489,-0.200,-0.004,0.263,-0.030,5783,5841,-118,119,45,15.670,305,305
308561,-0.300,-0.001,0.007,-0.006,0.365,-0.633,-0.445,-0.518,-0.200,-0.000,0.198,-0.001,5967,5746,-113,114,45,15.680,305,305
308661,-0.320,-0.002,0.011,-0.000,0.367,-0.620,-0.443,-0.534,-0.200,0.001,0.160,0.018,6015,5743,-109,110,45,15.680,305,305
308761,0.170,0.001,0.021,0.003,0.388,-0.597,-0.421,-0.562,-0.200,0.000,0.066,0.010,5801,5801,-86,87,45,15.680,305,305
308861,0.120,0.009,0.028,0.005,0.430,-0.556,-0.393,-0.593,-0.200,0.000,-0.072,-0.012,5467,5807,-53,55,45,15.680,305,305
308961,-0.060,0.011,0.015,0.005,0.481,-0.508,-0.379,-0.606,-0.200,0.003,-0.198,-0.029,5320,5817,-30,31,45,15.690,305,305
309061,-0.320,0.019,-0.013,0.008,0.509,-0.496,-0.395,-0.582,-0.200,0.004,-0.196,-0.044,5234,5852,-41,43,45,15.690,305,305
309161,-0.380,0.027,-0.015,0.008,0.536,-0.494,-0.448,-0.517,-0.200,0.002,-0.110,-0.066,5195,6018,-64,66,45,15.690,305,305
309261,0.200,0.024,-0.001,0.007,0.574,-0.473,-0.482,-0.464,-0.200,0.008,-0.089,-0.096,4937,6056,-61,63,45,15.680,305,305
309361,-0.260,0.017,-0.013,0.002,0.606,-0.445,-0.510,-0.418,-0.200,0.010,-0.085,-0.112,4758,5919,-63,64,45,15.680,305,305
309461,-0.560,0.013,-0.023,-0.011,0.592,-0.434,-0.559,-0.387,-0.200,0.002,0.001,-0.081,5279,5728,-86,88,45,15.680,305,305
309561,-0.740,0.004,-0.033,-0.013,0.540,-0.432,-0.627,-0.358,-0.200,-0.001,0.161,-0.018,5880,5518,-126,128,45,15.680,305,305
309661,-0.270,-0.002,-0.026,-0.008,0.475,-0.440,-0.683,-0.337,-0.200,0.007,0.326,0.041,6233,5403,-162,162,45,15.680,305,305
309761,-0.300,-0.003,-0.020,-0.004,0.419,-0.454,-0.718,-0.322,-0.200,0.021,0.454,0.078,6331,5403,-180,180,45,15.680,305,305
309861,-0.090,-0.003,-0.013,-0.003,0.382,-0.465,-0.736,-0.311,-0.200,0.031,0.535,0.097,6306,5362,-180,180,45,15.680,305,305
309961,0.180,-0.002,-0.001,-0.001,0.367,-0.467,-0.742,-0.311,-0.200,0.038,0.562,0.111,6176,5198,-180,180,45,15.680,305,305
310061,0.090,-0.000,0.001,-0.000,0.364,-0.467,-0.743,-0.312,-0.200,0.040,0.565,0.116,6004,5066,-180,180,45,15.680,305,305
310161,-0.040,0.002,0.001,0.001,0.368,-0.467,-0.740,-0.313,-0.200,0.038,0.555,0.113,5835,5006,-180,180,45,15.680,305,305
310261,-0.150,0.006,0.003,0.002,0.379,-0.464,-0.740,-0.305,-0.200,0.031,0.549,0.096,5649,5078,-180,180,45,15.680,305,305
310361,0.040,0.007,0.006,0.006,0.402,-0.457,-0.737,-0.293,-0.200,0.018,0.524,0.063,5332,5190,-180,180,45,15.680,305,305
310461,0.140,0.003,-0.002,0.010,0.414,-0.467,-0.731,-0.277,-0.200,0.005,0.522,0.017,4919,5311,-179,180,45,15.680,305,305
310561,0.440,-0.000,-0.002,0.016,0.419,-0.495,-0.716,-0.257,-0.200,-0.014,0.537,-0.053,4168,5437,-179,180,45,15.680,305,305
310661,0.220,0.003,0.004,0.013,0.431,-0.524,-0.695,-0.238,-0.200,-0.027,0.535,-0.118,3502,5550,-179,180,45,15.680,305,305
310761,0.660,0.006,0.008,0.009,0.457,-0.533,-0.677,-0.223,-0.200,-0.035,0.502,-0.181,2521,5473,-179,180,45,15.680,305,305
310861,0.710,0.003,0.013,0.005,0.488,-0.531,-0.655,-0.223,-0.200,-0.033,0.436,-0.224,1079,5147,-179,180,45,15.680,305,305
310961,0.610,0.005,0.005,0.002,0.514,-0.525,-0.640,-0.223,-0.200,-0.028,0.381,-0.253,0,4721,-170,172,45,15.680,305,305
311061,-0.030,0.003,0.004,-0.001,0.528,-0.516,-0.638,-0.217,-0.200,-0.025,0.356,-0.267,0,4466,-167,169,45,15.680,305,305
311161,-0.410,0.003,0.002,-0.004,0.538,-0.502,-0.641,-0.220,-0.200,-0.022,0.332,-0.256,0,4324,-163,165,45,15.680,305,305
311261,-0.350,0.003,0.002,-0.002,0.541,-0.489,-0.649,-0.218,-0.200,-0.022,0.325,-0.245,0,4325,-163,165,45,15.680,305,305
311361,-0.760,-0.000,0.003,-0.001,0.547,-0.482,-0.647,-0.222,-0.200,-0.020,0.308,-0.240,876,4488,-159,161,45,15.680,305,305
311461,-0.690,0.001,0.002,-0.001,0.554,-0.476,-0.645,-0.225,-0.200,-0.018,0.290,-0.237,2003,4842,-155,157,45,15.680,305,305
311561,-0.600,-0.001,0.001,-0.001,0.559,-0.471,-0.644,-0.226,-0.200,-0.017,0.278,-0.235,2381,5008,-154,155,45,15.680,305,305
311661,0.210,-0.002,-0.002,0.001,0.558,-0.471,-0.645,-0.227,-0.200,-0.017,0.280,-0.232,2250,4927,-156,157,45,15.680,305,305
311761,0.100,-0.000,-0.000,0.000,0.553,-0.475,-0.646,-0.225,-0.200,-0.018,0.292,-0.234,1933,4841,-158,160,45,15.680,305,305
311861,0.080,-0.002,0.002,-0.002,0.553,-0.475,-0.645,-0.230,-0.200,-0.017,0.286,-0.228,1608,4597,-156,158,45,15.680,305,305
311961,0.190,-0.003,0.004,0.000,0.557,-0.474,-0.639,-0.238,-0.200,-0.015,0.270,-0.223,891,4358,-152,153,45,15.680,305,305
312061,0.220,-0.004,0.006,0.000,0.561,-0.476,-0.630,-0.250,-0.200,-0.013,0.249,-0.217,0,4077,-147,148,45,15.680,305,305
312161,0.000,-0.005,0.012,-0.001,0.568,-0.477,-0.615,-0.269,-0.200,-0.009,0.213,-0.210,0,3844,-138,139,45,15.680,305,305
312261,-0.050,-0.006,0.012,-0.001,0.582,-0.471,-0.591,-0.299,-0.200,-0.002,0.144,-0.195,0,3597,-122,123,45,15.680,305,305
312361,0.150,-0.009,0.009,-0.001,0.588,-0.471,-0.573,-0.323,-0.200,0.002,0.100,-0.184,0,3385,-114,115,45,15.680,305,305
312461,-0.090,-0.013,0.014,0.001,0.591,-0.479,-0.544,-0.353,-0.200,0.007,0.051,-0.181,0,3268,-104,104,45,15.690,305,305
312561,-0.490,-0.014,0.021,-0.007,0.593,-0.480,-0.505,-0.404,-0.200,0.013,-0.031,-0.161,0,3233,-84,84,45,15.690,305,305
312661,-0.200,-0.003,0.010,-0.005,0.598,-0.464,-0.473,-0.450,-0.200,0.015,-0.122,-0.128,1453,3151,-67,68,45,15.690,305,305
312761,-0.360,0.016,-0.032,-0.002,0.588,-0.465,-0.512,-0.419,-0.200,0.008,-0.044,-0.117,1664,3265,-99,100,45,15.690,305,305
312861,-0.130,0.010,-0.034,-0.010,0.549,-0.467,-0.584,-0.373,-0.200,-0.002,0.119,-0.078,2445,2889,-139,140,45,15.690,305,305
312961,0.270,0.004,-0.031,-0.003,0.494,-0.480,-0.646,-0.328,-0.200,-0.007,0.300,-0.051,2261,2554,-178,179,45,15.670,305,305
313061,-0.400,-0.002,-0.023,0.001,0.452,-0.499,-0.678,-0.292,-0.200,-0.010,0.439,-0.051,1851,2714,-179,180,45,15.670,305,305
313161,-0.250,0.001,-0.020,0.003,0.417,-0.518,-0.699,-0.263,-0.200,-0.016,0.535,-0.062,1788,3138,-179,180,45,15.670,305,305
313261,-0.040,0.003,-0.011,0.002,0.390,-0.530,-0.716,-0.232,-0.200,-0.023,0.620,-0.078,1451,3314,-179,180,45,15.670,305,305
313361,0.180,0.007,-0.003,0.003,0.384,-0.534,-0.724,-0.208,-0.200,-0.032,0.656,-0.103,0,3343,-179,180,45,15.670,305,305
313461,0.490,0.008,0.005,0.008,0.400,-0.535,-0.720,-0.189,-0.200,-0.044,0.643,-0.157,0,3297,-179,180,45,15.670,305,305
313561,0.250,0.005,0.008,0.003,0.429,-0.534,-0.706,-0.179,-0.200,-0.049,0.600,-0.199,0,3382,-179,180,45,15.670,305,305
313661,-0.140,0.001,0.002,0.001,0.443,-0.533,-0.699,-0.177,-0.200,-0.049,0.574,-0.218,0,3335,-179,180,45,15.680,305,305
313761,-0.110,0.002,-0.001,0.000,0.446,-0.532,-0.698,-0.174,-0.200,-0.050,0.569,-0.225,0,3247,-179,180,45,15.680,305,305
313861,0.220,0.001,-0.005,0.001,0.441,-0.531,-0.704,-0.165,-0.200,-0.053,0.587,-0.230,0,3209,-179,180,45,15.680,305,305
313961,-0.030,-0.000,-0.005,0.002,0.433,-0.536,-0.708,-0.156,-0.200,-0.057,0.612,-0.237,0,3241,-179,180,45,15.680,305,305
314061,0.230,-0.002,-0.006,0.001,0.426,-0.539,-0.711,-0.150,-0.200,-0.060,0.631,-0.239,0,3218,-179,180,45,15.680,305,305
314161,0.320,-0.002,-0.005,-0.001,0.413,-0.543,-0.717,-0.146,-0.200,-0.062,0.660,-0.232,0,3082,-178,180,45,15.680,305,305
314261,0.190,-0.005,-0.008,-0.003,0.394,-0.544,-0.726,-0.145,-0.200,-0.062,0.697,-0.210,0,2785,-179,180,45,15.680,305,305
314361,0.060,-0.003,-0.012,-0.002,0.369,-0.546,-0.738,-0.140,-0.200,-0.062,0.748,-0.186,0,2558,-178,180,45,15.680,305,305
314461,0.140,-0.003,-0.007,0.000,0.342,-0.551,-0.749,-0.132,-0.200,-0.063,0.804,-0.169,0,2451,-178,180,45,15.680,305,305
314561,0.120,-0.002,-0.002,0.002,0.333,-0.557,-0.749,-0.129,-0.200,-0.064,0.823,-0.166,0,2577,-178,180,45,15.680,305,305
314661,0.120,0.001,0.000,0.000,0.331,-0.560,-0.749,-0.127,-0.200,-0.065,0.829,-0.168,0,2666,-178,180,45,15.680,305,305
314761,0.280,0.001,0.002,-0.001,0.336,-0.558,-0.748,-0.128,-0.200,-0.065,0.820,-0.172,0,2727,-178,180,45,15.680,305,305
314861,0.370,0.001,0.002,0.000,0.341,-0.555,-0.748,-0.129,-0.200,-0.065,0.809,-0.173,0,2747,-178,180,45,15.680,305,305
314961,0.080,0.001,0.002,0.001,0.348,-0.555,-0.744,-0.131,-0.200,-0.065,0.795,-0.179,0,2822,-178,180,45,15.680,305,305
315061,0.170,0.001,0.003,0.000,0.354,-0.553,-0.742,-0.133,-0.200,-0.065,0.783,-0.183,0,2845,-178,180,45,15.680,305,305
315161,0.180,0.000,0.000,0.001,0.357,-0.552,-0.741,-0.133,-0.200,-0.065,0.776,-0.188,0,2887,-178,180,45,15.680,305,305
315261,0.140,-0.000,0.002,0.001,0.359,-0.554,-0.739,-0.133,-0.200,-0.066,0.773,-0.191,0,2899,-178,180,45,15.680,305,305
315361,0.220,0.000,0.012,0.001,0.372,-0.553,-0.732,-0.140,-0.200,-0.064,0.744,-0.196,0,2949,-178,180,45,15.680,305,305
315461,-0.180,-0.000,0.025,0.001,0.415,-0.546,-0.708,-0.171,-0.200,-0.053,0.636,-0.204,0,3024,-179,180,45,15.680,305,305
315561,-0.670,0.003,0.030,0.003,0.468,-0.532,-0.675,-0.206,-0.200,-0.039,0.496,-0.217,0,3372,-179,180,45,15.680,305,305
315661,-0.540,0.003,0.032,0.002,0.531,-0.514,-0.629,-0.242,-0.200,-0.020,0.325,-0.241,0,3837,-146,148,45,15.680,305,305
315761,-0.510,0.003,0.032,-0.008,0.582,-0.482,-0.592,-0.281,-0.200,-0.002,0.166,-0.228,0,3699,-115,116,45,15.680,305,305
315861,-0.850,0.005,0.038,-0.006,0.636,-0.436,-0.544,-0.331,-0.200,0.015,-0.028,-0.194,0,3635,-73,74,45,15.680,305,305
315961,-0.840,0.005,0.043,-0.007,0.694,-0.377,-0.480,-0.381,-0.200,0.028,-0.259,-0.154,2537,3866,-21,22,45,15.670,305,305
316061,-0.400,0.006,0.028,-0.003,0.735,-0.325,-0.423,-0.420,-0.200,0.032,-0.444,-0.118,3130,3920,13,-13,45,15.670,305,305
316161,0.080,0.003,0.018,-0.003,0.762,-0.282,-0.384,-0.438,-0.200,0.029,-0.571,-0.089,3085,3648,37,-37,45,15.660,305,305
316261,0.030,-0.004,0.001,-0.002,0.765,-0.274,-0.365,-0.453,-0.200,0.030,-0.614,-0.084,2736,3643,42,-42,45,15.660,305,305
316361,-0.070,-0.005,0.001,-0.000,0.762,-0.281,-0.359,-0.461,-0.200,0.033,-0.617,-0.091,2168,3615,45,-45,45,15.660,305,305
316461,-0.590,-0.004,-0.003,0.002,0.758,-0.295,-0.353,-0.462,-0.200,0.042,-0.607,-0.114,1782,3907,47,-47,45,15.660,305,305
316561,-0.720,-0.002,-0.006,0.003,0.754,-0.311,-0.357,-0.456,-0.200,0.048,-0.580,-0.134,1767,4198,44,-44,45,15.670,305,305
316661,-0.500,0.005,-0.004,0.001,0.753,-0.314,-0.366,-0.447,-0.200,0.048,-0.560,-0.137,2322,4303,46,-46,45,15.670,305,305
316761,-0.420,0.008,-0.012,0.006,0.754,-0.313,-0.388,-0.428,-0.200,0.042,-0.523,-0.133,2670,4349,42,-41,45,15.670,305,305
316861,-0.310,0.004,-0.019,0.012,0.751,-0.331,-0.420,-0.386,-0.200,0.047,-0.442,-0.166,2061,4685,26,-26,45,15.670,305,305
316961,-0.230,-0.004,-0.006,0.007,0.746,-0.356,-0.435,-0.357,-0.200,0.056,-0.380,-0.213,1201,4991,19,-19,45,15.670,305,305
317061,-0.210,0.003,0.010,-0.004,0.749,-0.353,-0.429,-0.362,-0.200,0.057,-0.396,-0.211,2178,4879,34,-34,45,15.670,305,305
317161,-0.050,0.002,0.015,-0.006,0.761,-0.327,-0.408,-0.384,-0.200,0.053,-0.471,-0.176,2709,4455,58,-58,45,15.680,305,305
317261,0.150,-0.001,0.007,-0.001,0.771,-0.310,-0.383,-0.403,-0.200,0.054,-0.540,-0.160,2541,4292,75,-75,45,15.680,305,305
317361,-0.090,-0.001,0.008,-0.004,0.774,-0.305,-0.370,-0.413,-0.200,0.055,-0.568,-0.156,2449,4263,84,-84,45,15.680,305,305
317461,-0.070,-0.001,0.003,-0.004,0.773,-0.294,-0.363,-0.429,-0.200,0.049,-0.593,-0.136,2555,4010,92,-93,45,15.680,305,305
317561,-0.070,0.001,0.003,-0.000,0.774,-0.288,-0.360,-0.435,-0.200,0.045,-0.607,-0.125,2428,3893,100,-100,45,15.680,305,305
317661,-0.180,-0.000,0.004,0.001,0.777,-0.284,-0.353,-0.436,-0.200,0.047,-0.625,-0.126,2120,3888,110,-110,45,15.680,305,305
317761,-0.040,0.000,0.003,0.000,0.781,-0.280,-0.345,-0.439,-0.200,0.048,-0.641,-0.125,2050,3868,118,-118,45,15.680,305,305
317861,-0.220,0.001,0.003,-0.000,0.784,-0.275,-0.339,-0.442,-0.200,0.049,-0.658,-0.123,1961,3782,127,-127,45,15.680,305,305
317961,-0.060,-0.000,0.000,-0.001,0.784,-0.273,-0.337,-0.444,-0.200,0.047,-0.664,-0.119,1872,3682,133,-134,45,15.680,305,305
318061,-0.050,-0.000,-0.001,-0.000,0.784,-0.272,-0.338,-0.445,-0.200,0.046,-0.664,-0.117,1594,3541,139,-139,45,15.680,305,305
318161,-0.080,-0.001,-0.000,-0.000,0.782,-0.274,-0.337,-0.447,-0.200,0.047,-0.662,-0.118,1294,3470,144,-144,45,15.680,305,305
318261,0.040,0.000,0.000,-0.000,0.782,-0.274,-0.338,-0.447,-0.200,0.047,-0.661,-0.118,778,3315,150,-150,45,15.680,305,305
318361,-0.010,0.000,0.003,-0.000,0.783,-0.272,-0.334,-0.448,-0.200,0.047,-0.671,-0.118,0,3151,159,-159,45,15.690,305,305
318461,-0.030,0.000,0.004,-0.000,0.786,-0.267,-0.329,-0.450,-0.200,0.047,-0.685,-0.115,0,2924,170,-170,45,15.690,305,305
318561,0.030,0.002,0.007,-0.003,0.790,-0.255,-0.316,-0.458,-0.200,0.045,-0.720,-0.105,0,2653,180,-180,45,15.680,305,305
318661,-0.070,0.000,0.006,-0.002,0.792,-0.242,-0.306,-0.469,-0.200,0.039,-0.753,-0.089,0,2355,180,-180,45,15.680,305,305
318761,-0.110,0.002,0.005,-0.004,0.794,-0.230,-0.297,-0.478,-0.200,0.034,-0.780,-0.074,393,2203,180,-180,45,15.690,305,305
318861,-0.060,-0.001,0.007,-0.003,0.795,-0.216,-0.288,-0.489,-0.200,0.026,-0.811,-0.055,596,1865,180,-180,45,15.690,305,305
318961,0.130,-0.003,0.008,-0.000,0.796,-0.211,-0.270,-0.498,-0.200,0.030,-0.845,-0.060,0,1759,180,-180,45,15.690,305,305
319061,-0.450,0.004,0.014,-0.000,0.805,-0.200,-0.246,-0.502,-0.200,0.035,-0.894,-0.066,0,1879,180,-180,45,15.690,305,305
319161,-0.840,0.011,0.032,-0.006,0.819,-0.145,-0.204,-0.517,-0.200,0.013,-1.015,-0.022,1903,1488,180,-179,45,15.680,305,305
319261,-0.080,0.005,0.019,-0.005,0.826,-0.082,-0.160,-0.535,-0.200,-0.020,-1.138,0.029,2617,0,180,-179,45,15.680,305,305
319361,-0.070,-0.001,-0.002,-0.003,0.823,-0.072,-0.146,-0.544,-0.200,-0.023,-1.166,0.032,2060,421,180,-179,45,15.690,305,305
319461,-0.050,0.005,0.009,-0.010,0.815,-0.057,-0.146,-0.558,-0.200,-0.040,-1.180,0.057,2353,0,180,-179,45,15.690,305,305
319561,-0.240,0.005,0.007,-0.013,0.798,-0.029,-0.137,-0.586,-0.200,-0.066,-1.216,0.094,2739,0,180,-178,44,15.690,305,305
319661,-0.260,0.000,0.011,-0.014,0.779,-0.001,-0.121,-0.616,-0.200,-0.086,-1.262,0.118,2813,0,180,-178,44,15.690,305,305
319761,-0.080,-0.008,0.008,-0.003,0.765,0.007,-0.087,-0.638,-0.200,-0.075,-1.315,0.095,2120,0,180,-179,45,15.690,305,305
319861,-0.290,-0.004,0.004,0.005,0.770,0.003,-0.068,-0.635,-0.200,-0.059,-1.338,0.070,1544,0,180,-179,45,15.690,305,305
319961,-0.340,-0.003,-0.003,0.007,0.782,-0.005,-0.064,-0.620,-0.200,-0.046,-1.334,0.054,1515,721,180,-179,44,15.680,305,305
320061,-0.020,-0.001,-0.001,0.003,0.790,-0.016,-0.065,-0.609,-0.200,-0.035,-1.324,0.042,1184,0,180,-179,44,15.680,305,305
320161,-0.090,-0.002,0.000,0.002,0.793,-0.019,-0.069,-0.604,-0.200,-0.012,-1.297,0.014,408,848,180,-179,45,15.680,305,305
320547,-0.880,-0.004,-0.049,-0.006,0.743,-0.178,-0.223,-0.605,-0.200,-0.003,-0.951,0.005,2738,2681,180,-179,45,15.680,305,305
320783,-1.120,0.002,-0.038,-0.005,0.608,-0.358,-0.446,-0.551,-0.200,-0.009,-0.352,0.055,4964,4055,146,-144,45,15.680,305,305
321009,-0.570,0.003,-0.034,-0.002,0.502,-0.456,-0.572,-0.462,-0.200,0.005,0.069,0.071,5510,4798,67,-66,45,15.680,305,305
321219,-0.110,0.001,-0.025,-0.005,0.402,-0.498,-0.665,-0.386,-0.200,0.046,0.528,0.135,5986,4607,-30,29,44,15.680,305,305
321542,0.390,0.002,-0.001,0.004,0.291,-0.549,-0.732,-0.279,-0.200,0.035,0.725,0.081,5342,4913,-71,72,44,15.680,305,305
321767,0.120,0.002,-0.001,0.001,0.301,-0.560,-0.727,-0.258,-0.200,0.015,0.738,0.035,4727,4583,-85,86,44,15.680,305,305
321987,0.240,0.005,0.005,0.003,0.338,-0.558,-0.719,-0.238,-0.200,-0.012,0.703,-0.033,3829,4590,-88,90,44,15.670,305,305
322213,0.190,-0.001,0.002,-0.000,0.364,-0.547,-0.714,-0.241,-0.200,-0.017,0.654,-0.052,3182,3711,-99,100,44,15.670,305,305
322537,0.080,-0.000,0.000,0.000,0.373,-0.546,-0.708,-0.247,-0.200,-0.017,0.633,-0.054,2356,3124,-109,111,45,15.680,305,305
322767,0.110,0.000,-0.000,0.001,0.372,-0.546,-0.708,-0.248,-0.200,-0.016,0.632,-0.053,1526,2514,-123,125,44,15.670,305,305
322987,0.100,0.001,-0.001,0.000,0.376,-0.546,-0.708,-0.245,-0.200,-0.018,0.630,-0.060,0,1864,-134,136,44,15.670,305,305
323208,0.060,0.001,0.001,-0.000,0.378,-0.545,-0.707,-0.245,-0.200,-0.019,0.626,-0.063,0,1644,-146,148,44,15.690,305,305
323547,0.100,-0.000,0.000,0.000,0.379,-0.545,-0.706,-0.248,-0.200,-0.018,0.621,-0.060,0,1637,-164,166,44,15.690,305,305
323769,0.000,-0.000,0.000,0.000,0.382,-0.545,-0.704,-0.249,-0.200,-0.019,0.615,-0.063,0,1749,-175,177,45,15.690,305,305
323990,0.120,-0.000,0.000,0.000,0.384,-0.546,-0.703,-0.248,-0.200,-0.020,0.613,-0.068,0,1818,-179,180,44,15.680,305,305
324151,-0.030,-0.000,0.001,-0.000,0.385,-0.546,-0.702,-0.249,-0.200,-0.020,0.610,-0.068,0,1803,-179,180,45,15.680,305,305
324159,0.000,-0.000,0.000,-0.000,0.385,-0.546,-0.702,-0.249,-0.200,-0.020,0.610,-0.068,0,1796,-179,180,45,15.680,305,305
324163,0.000,-0.000,0.000,-0.000,0.385,-0.546,-0.702,-0.249,-0.200,-0.020,0.610,-0.068,0,1796,-179,180,45,15.680,305,305
324170,0.060,-0.000,0.000,-0.000,0.385,-0.546,-0.702,-0.249,-0.200,-0.020,0.610,-0.068,0,1794,-179,180,45,15.680,305,305
324173,0.060,-0.000,0.000,-0.000,0.385,-0.546,-0.702,-0.249,-0.200,-0.020,0.610,-0.068,0,1790,-179,180,45,15.680,305,305
324180,0.070,-0.000,0.000,-0.000,0.385,-0.546,-0.701,-0.249,-0.200,-0.020,0.609,-0.068,0,1790,-179,180,45,15.680,305,305
324188,0.080,-0.000,0.000,-0.000,0.385,-0.546,-0.701,-0.249,-0.200,-0.020,0.609,-0.068,0,1786,-179,180,45,15.680,305,305
324191,0.080,-0.000,0.000,-0.000,0.385,-0.546,-0.701,-0.249,-0.200,-0.020,0.609,-0.068,0,1786,-179,180,45,15.680,305,305
324198,0.110,0.000,0.001,0.000,0.385,-0.546,-0.701,-0.249,-0.200,-0.020,0.609,-0.068,0,1788,-179,180,45,15.680,305,305
324201,0.110,0.000,0.001,0.000,0.385,-0.546,-0.701,-0.249,-0.200,-0.020,0.609,-0.068,0,1788,-179,180,45,15.680,305,305
324209,0.080,-0.000,0.001,0.000,0.385,-0.546,-0.701,-0.249,-0.200,-0.020,0.609,-0.068,0,1790,-179,180,45,15.680,305,305
324212,0.080,-0.000,0.001,0.000,0.385,-0.546,-0.701,-0.249,-0.200,-0.020,0.609,-0.068,0,1790,-179,180,45,15.680,305,305
324218,0.060,-0.000,0.000,0.000,0.385,-0.546,-0.701,-0.249,-0.200,-0.020,0.608,-0.068,0,1789,-179,180,45,15.680,305,305
324222,0.060,-0.000,0.000,0.000,0.385,-0.546,-0.701,-0.249,-0.200,-0.020,0.608,-0.068,0,1789,-179,180,45,15.680,305,305
324228,0.030,-0.000,0.000,0.000,0.385,-0.546,-0.701,-0.249,-0.200,-0.020,0.608,-0.068,0,1789,-179,180,45,15.680,305,305
324231,0.030,-0.000,0.000,0.000,0.385,-0.546,-0.701,-0.249,-0.200,-0.020,0.608,-0.068,0,1789,-179,180,45,15.680,305,305
324238,0.020,-0.000,0.000,0.000,0.385,-0.546,-0.701,-0.250,-0.200,-0.020,0.608,-0.068,0,1787,-179,180,45,15.680,305,305
324241,0.020,-0.000,0.000,0.000,0.385,-0.546,-0.701,-0.250,-0.200,-0.020,0.608,-0.068,0,1787,-179,180,45,15.680,305,305
324248,0.010,-0.000,-0.000,0.000,0.385,-0.546,-0.701,-0.250,-0.200,-0.020,0.608,-0.068,0,1786,-179,180,45,15.680,305,305
324251,0.010,-0.000,-0.000,0.000,0.385,-0.546,-0.701,-0.250,-0.200,-0.020,0.608,-0.068,0,1786,-179,180,45,15.680,305,305
324258,-0.010,-0.000,-0.000,0.000,0.385,-0.546,-0.701,-0.250,-0.200,-0.020,0.608,-0.068,0,1785,-179,180,45,15.680,305,305
324261,-0.010,-0.000,-0.000,0.000,0.385,-0.546,-0.701,-0.250,-0.200,-0.020,0.608,-0.068,0,1785,-179,180,45,15.680,305,305
324267,0.000,-0.000,-0.000,0.000,0.385,-0.546,-0.701,-0.250,-0.200,-0.020,0.608,-0.067,0,1781,-179,180,45,15.680,305,305
324271,0.000,-0.000,-0.000,0.000,0.385,-0.546,-0.701,-0.250,-0.200,-0.020,0.608,-0.067,0,1781,-179,180,45,15.680,305,305
324277,-0.010,-0.001,-0.000,0.000,0.385,-0.546,-0.701,-0.250,-0.200,-0.020,0.608,-0.067,0,1778,-179,180,45,15.680,305,305
324281,-0.010,-0.001,-0.000,0.000,0.385,-0.546,-0.701,-0.250,-0.200,-0.020,0.608,-0.067,0,1778,-179,180,45,15.680,305,305
324361,0.030,0.001,0.001,0.000,0.386,-0.546,-0.701,-0.250,-0.200,-0.020,0.606,-0.068,0,1794,-179,180,45,15.680,305,305
324461,0.170,0.000,0.001,0.001,0.389,-0.545,-0.699,-0.251,-0.200,-0.020,0.601,-0.070,0,1858,-179,180,45,15.680,305,305
324561,0.080,0.000,0.005,0.001,0.393,-0.545,-0.696,-0.253,-0.200,-0.021,0.590,-0.074,0,1918,-179,180,45,15.680,305,305
324661,-0.050,0.001,0.016,0.001,0.412,-0.540,-0.685,-0.263,-0.200,-0.020,0.542,-0.082,0,2063,-179,180,45,15.690,305,305
324761,-0.400,0.001,0.028,-0.002,0.449,-0.524,-0.663,-0.289,-0.200,-0.016,0.426,-0.085,0,2197,-172,174,45,15.690,305,305
324861,-0.240,0.002,0.033,-0.002,0.504,-0.493,-0.625,-0.335,-0.200,-0.008,0.270,-0.076,0,2169,-135,137,45,15.680,305,305
324961,-0.250,-0.001,0.028,-0.003,0.553,-0.457,-0.586,-0.377,-0.200,-0.002,0.104,-0.064,0,1899,-103,104,45,15.680,305,305
325061,-0.420,-0.001,0.032,-0.002,0.595,-0.421,-0.542,-0.418,-0.200,0.002,-0.058,-0.048,812,1922,-70,71,44,15.680,305,305
325161,0.060,-0.002,0.031,0.001,0.638,-0.383,-0.487,-0.458,-0.200,0.006,-0.236,-0.042,855,2021,-29,30,44,15.680,305,305
325261,-0.030,-0.000,0.012,0.002,0.667,-0.361,-0.444,-0.477,-0.200,0.011,-0.351,-0.056,0,2117,-14,14,44,15.680,305,305
325361,-0.370,-0.000,0.012,-0.000,0.682,-0.347,-0.420,-0.487,-0.200,0.015,-0.415,-0.063,0,2283,-1,2,44,15.680,305,305
325461,-0.400,0.000,0.003,0.000,0.692,-0.336,-0.406,-0.494,-0.200,0.016,-0.458,-0.062,0,2451,8,-7,44,15.680,305,305
325561,-0.190,0.001,0.003,-0.002,0.695,-0.330,-0.402,-0.497,-0.200,0.015,-0.473,-0.057,903,2405,13,-12,44,15.680,305,305
325661,-0.170,0.000,0.003,-0.001,0.696,-0.322,-0.400,-0.501,-0.200,0.012,-0.486,-0.046,958,2141,20,-19,44,15.680,305,305
325761,-0.090,-0.000,0.003,0.000,0.699,-0.319,-0.396,-0.504,-0.200,0.012,-0.500,-0.045,0,2027,27,-26,44,15.690,305,305
325861,-0.040,-0.000,0.002,0.000,0.703,-0.315,-0.388,-0.506,-0.200,0.014,-0.518,-0.047,0,1945,35,-34,44,15.690,305,305
325961,-0.010,0.000,0.001,0.000,0.705,-0.311,-0.385,-0.508,-0.200,0.014,-0.528,-0.046,0,1849,41,-40,44,15.670,305,305
326061,0.020,-0.000,-0.001,0.000,0.705,-0.313,-0.386,-0.507,-0.200,0.014,-0.525,-0.048,0,1620,44,-43,44,15.670,305,305
326161,-0.070,0.000,0.001,-0.000,0.704,-0.313,-0.386,-0.507,-0.200,0.014,-0.524,-0.047,0,1547,49,-48,45,15.670,305,305
326261,0.000,-0.000,0.001,-0.001,0.704,-0.311,-0.385,-0.509,-0.200,0.013,-0.529,-0.045,0,1492,55,-54,45,15.670,305,305
326361,0.100,-0.000,-0.001,0.001,0.705,-0.311,-0.383,-0.510,-0.200,0.014,-0.534,-0.046,0,1533,60,-60,44,15.680,305,305
326461,-0.080,-0.001,-0.001,-0.000,0.706,-0.313,-0.383,-0.508,-0.200,0.015,-0.531,-0.050,0,1632,65,-64,44,15.680,305,305
326561,-0.080,-0.000,-0.001,-0.001,0.704,-0.312,-0.384,-0.509,-0.200,0.014,-0.529,-0.046,0,1498,69,-68,45,15.680,305,305
326661,-0.060,-0.000,0.000,-0.001,0.702,-0.313,-0.386,-0.511,-0.200,0.013,-0.525,-0.044,0,1439,72,-72,45,15.680,305,305
326761,0.030,-0.000,-0.000,-0.000,0.699,-0.314,-0.387,-0.513,-0.200,0.012,-0.523,-0.040,0,1383,77,-76,45,15.680,305,305
326861,-0.020,0.000,-0.000,-0.001,0.698,-0.314,-0.387,-0.514,-0.200,0.011,-0.521,-0.039,0,1379,81,-81,44,15.680,305,305
326961,-0.060,0.000,-0.001,0.000,0.698,-0.314,-0.388,-0.514,-0.200,0.011,-0.520,-0.038,0,1392,86,-85,44,15.680,305,305
327061,-0.030,0.000,-0.000,-0.000,0.698,-0.314,-0.389,-0.513,-0.200,0.011,-0.518,-0.038,0,1404,90,-89,44,15.680,305,305
327161,-0.030,-0.000,0.000,0.000,0.698,-0.314,-0.389,-0.513,-0.200,0.010,-0.518,-0.037,0,1382,95,-94,44,15.680,305,305
327261,-0.030,0.000,-0.002,0.000,0.697,-0.314,-0.390,-0.513,-0.200,0.010,-0.516,-0.037,0,1394,98,-98,44,15.680,305,305
327361,-0.090,0.001,-0.010,0.001,0.693,-0.320,-0.400,-0.507,-0.200,0.010,-0.489,-0.036,0,1397,95,-94,44,15.680,305,305
327461,-0.320,0.002,-0.024,0.003,0.678,-0.342,-0.432,-0.487,-0.200,0.009,-0.402,-0.042,0,1680,74,-73,45,15.680,305,305
327561,-0.520,0.001,-0.028,0.002,0.651,-0.376,-0.479,-0.452,-0.200,0.009,-0.260,-0.056,0,2228,44,-43,45,15.680,305,305
327661,-0.250,-0.001,-0.021,-0.002,0.619,-0.403,-0.520,-0.429,-0.200,0.005,-0.135,-0.053,0,2149,23,-22,45,15.680,305,305
327761,-0.120,-0.003,-0.019,-0.003,0.581,-0.427,-0.558,-0.411,-0.200,0.001,-0.013,-0.037,707,1722,0,1,44,15.670,305,305
327861,-0.150,-0.004,-0.018,-0.001,0.550,-0.447,-0.580,-0.401,-0.200,-0.001,0.073,-0.026,420,1361,-16,17,44,15.670,305,305
327961,0.180,0.000,-0.012,-0.000,0.521,-0.468,-0.601,-0.384,-0.200,-0.002,0.162,-0.027,0,1160,-33,34,44,15.680,305,305
328061,-0.040,-0.001,-0.006,-0.000,0.507,-0.477,-0.611,-0.376,-0.200,-0.002,0.203,-0.024,0,1126,-38,40,44,15.680,305,305
328161,0.110,-0.000,-0.004,-0.001,0.499,-0.480,-0.619,-0.372,-0.200,-0.002,0.230,-0.018,0,915,-44,45,44,15.690,305,305
328261,0.020,0.001,-0.007,-0.003,0.487,-0.482,-0.629,-0.366,-0.200,-0.001,0.259,-0.009,0,491,-53,54,44,15.690,305,305
328361,-0.010,0.001,-0.015,-0.001,0.466,-0.487,-0.649,-0.353,-0.200,0.001,0.321,0.004,617,0,-71,72,44,15.680,305,305
328461,-0.010,-0.000,-0.009,0.004,0.443,-0.500,-0.667,-0.330,-0.200,-0.000,0.397,-0.002,0,864,-90,91,44,15.680,305,305
328561,0.150,0.001,0.001,0.002,0.435,-0.511,-0.670,-0.318,-0.200,-0.004,0.430,-0.019,0,1407,-96,98,44,15.680,305,305
328661,0.330,0.001,0.003,0.000,0.442,-0.509,-0.666,-0.318,-0.200,-0.005,0.415,-0.026,0,1442,-93,94,44,15.690,305,305
328761,0.160,0.000,-0.001,0.000,0.446,-0.507,-0.665,-0.320,-0.200,-0.005,0.406,-0.026,0,1306,-95,96,44,15.690,305,305
328861,0.000,-0.001,-0.002,-0.001,0.444,-0.507,-0.665,-0.320,-0.200,-0.005,0.409,-0.024,0,1194,-100,102,44,15.690,305,305
328961,-0.020,-0.000,-0.005,0.000,0.434,-0.512,-0.671,-0.316,-0.200,-0.004,0.435,-0.020,0,1064,-112,113,44,15.690,305,305
329061,0.150,-0.000,-0.001,0.001,0.428,-0.515,-0.674,-0.313,-0.200,-0.004,0.450,-0.018,0,1066,-117,119,45,15.690,305,305
329161,0.170,-0.000,0.001,0.001,0.426,-0.518,-0.674,-0.310,-0.200,-0.005,0.457,-0.023,0,1270,-122,123,45,15.690,305,305
329261,0.230,0.000,0.000,0.000,0.430,-0.517,-0.672,-0.310,-0.200,-0.006,0.450,-0.027,0,1341,-124,125,45,15.690,305,305
329361,0.120,0.000,0.000,0.000,0.431,-0.517,-0.671,-0.310,-0.200,-0.006,0.447,-0.029,0,1364,-127,128,44,15.680,305,305
329461,0.080,0.000,0.000,0.000,0.432,-0.518,-0.670,-0.311,-0.200,-0.007,0.446,-0.030,0,1331,-131,133,44,15.680,305,305
329561,0.000,-0.000,0.000,0.000,0.433,-0.517,-0.670,-0.312,-0.200,-0.006,0.442,-0.030,0,1312,-134,136,44,15.690,305,305
329661,0.110,-0.001,-0.000,0.000,0.433,-0.517,-0.669,-0.312,-0.200,-0.006,0.441,-0.030,0,1308,-138,139,44,15.690,305,305
329761,0.120,0.000,0.000,0.000,0.433,-0.518,-0.668,-0.312,-0.200,-0.006,0.440,-0.031,0,1341,-142,143,44,15.690,305,305
329861,0.180,-0.001,0.000,0.000,0.433,-0.519,-0.668,-0.313,-0.200,-0.007,0.440,-0.031,0,1312,-146,148,44,15.690,305,305
329961,0.120,0.000,-0.000,-0.000,0.433,-0.520,-0.666,-0.314,-0.200,-0.006,0.439,-0.031,0,1311,-150,151,44,15.690,305,305
330061,-0.010,0.000,0.000,-0.000,0.433,-0.519,-0.667,-0.314,-0.200,-0.006,0.438,-0.030,0,1295,-153,155,44,15.680,305,305
330161,0.000,0.000,-0.000,0.000,0.433,-0.519,-0.666,-0.314,-0.200,-0.006,0.437,-0.030,0,1306,-157,159,44,15.680,305,305
330261,0.060,-0.000,-0.000,0.001,0.433,-0.520,-0.666,-0.314,-0.200,-0.007,0.438,-0.032,0,1383,-162,163,44,15.680,305,305
330361,0.120,0.000,-0.000,0.000,0.433,-0.520,-0.666,-0.313,-0.200,-0.007,0.439,-0.033,0,1369,-165,167,44,15.680,305,305
330461,0.010,-0.000,0.000,-0.000,0.433,-0.520,-0.666,-0.313,-0.200,-0.007,0.439,-0.033,0,1344,-169,171,44,15.680,305,305
330561,0.020,-0.000,-0.000,-0.000,0.433,-0.521,-0.665,-0.315,-0.200,-0.007,0.438,-0.031,0,1307,-173,175,44,15.680,305,305
330661,0.040,-0.001,-0.000,-0.000,0.432,-0.521,-0.665,-0.315,-0.200,-0.006,0.440,-0.031,0,1290,-178,179,44,15.680,305,305
330761,0.020,0.000,-0.000,-0.000,0.431,-0.522,-0.665,-0.315,-0.200,-0.006,0.440,-0.029,0,1265,-179,180,44,15.680,305,305
330861,0.050,-0.000,-0.000,0.000,0.431,-0.522,-0.665,-0.315,-0.200,-0.006,0.440,-0.030,0,1299,-179,180,44,15.680,305,305
330961,0.010,0.000,0.000,0.000,0.431,-0.522,-0.665,-0.315,-0.200,-0.007,0.440,-0.031,0,1331,-179,180,44,15.680,305,305
331061,0.060,-0.000,0.000,0.000,0.431,-0.522,-0.665,-0.315,-0.200,-0.007,0.441,-0.031,0,1340,-179,180,44,15.690,305,305
331161,0.030,0.000,0.000,-0.000,0.432,-0.523,-0.665,-0.314,-0.200,-0.007,0.441,-0.032,0,1357,-179,180,44,15.690,305,305
331261,0.060,-0.000,-0.000,0.000,0.432,-0.523,-0.664,-0.315,-0.200,-0.007,0.440,-0.032,0,1336,-179,180,44,15.690,305,305
331361,0.000,0.000,0.000,0.000,0.432,-0.523,-0.664,-0.314,-0.200,-0.007,0.441,-0.033,0,1369,-179,180,44,15.690,305,305
331461,0.060,-0.000,-0.000,0.001,0.431,-0.524,-0.664,-0.314,-0.200,-0.007,0.441,-0.034,0,1387,-179,180,44,15.690,305,305
331561,0.090,-0.001,-0.000,0.000,0.432,-0.525,-0.664,-0.313,-0.200,-0.008,0.443,-0.037,0,1447,-179,180,44,15.690,305,305
331661,0.050,-0.001,-0.002,0.000,0.431,-0.527,-0.662,-0.315,-0.200,-0.008,0.443,-0.036,0,1401,-179,180,44,15.690,305,305
331761,0.000,0.000,-0.001,0.000,0.427,-0.529,-0.663,-0.314,-0.200,-0.008,0.450,-0.034,0,1350,-179,180,44,15.690,305,305
331861,0.120,0.001,-0.000,0.001,0.427,-0.529,-0.664,-0.312,-0.200,-0.008,0.453,-0.037,0,1463,-179,180,44,15.690,305,305
331961,0.140,0.001,-0.000,-0.000,0.428,-0.530,-0.664,-0.307,-0.200,-0.010,0.456,-0.044,0,1598,-179,180,44,15.690,305,305
332061,0.060,0.001,0.003,0.000,0.431,-0.528,-0.664,-0.308,-0.200,-0.010,0.450,-0.046,0,1587,-179,180,44,15.690,305,305
332161,-0.030,0.001,0.005,0.002,0.439,-0.526,-0.660,-0.309,-0.200,-0.011,0.435,-0.053,0,1760,-179,180,44,15.690,305,305
332261,-0.270,0.001,0.015,0.001,0.459,-0.520,-0.646,-0.318,-0.200,-0.011,0.383,-0.066,0,1983,-169,171,44,15.690,305,305
332361,-0.210,0.002,0.019,-0.002,0.491,-0.501,-0.627,-0.339,-0.200,-0.008,0.292,-0.067,0,1835,-148,147,44,15.690,305,305
332461,-0.200,0.001,0.018,-0.002,0.523,-0.477,-0.605,-0.365,-0.200,-0.004,0.188,-0.058,0,1599,-126,127,44,15.690,305,305
332561,-0.030,-0.001,0.018,-0.000,0.550,-0.458,-0.581,-0.388,-0.200,-0.001,0.094,-0.052,0,1501,-108,109,44,15.690,305,305
332661,0.000,-0.000,0.020,-0.001,0.579,-0.436,-0.552,-0.412,-0.200,0.001,-0.010,-0.050,0,1487,-86,87,44,15.690,305,305
332761,0.180,-0.001,0.018,-0.001,0.604,-0.413,-0.524,-0.436,-0.200,0.003,-0.110,-0.041,0,1283,-66,67,44,15.690,305,305
332861,-0.050,-0.003,0.018,-0.003,0.627,-0.387,-0.493,-0.464,-0.200,0.003,-0.217,-0.028,0,919,-43,44,44,15.690,305,305
332961,-0.120,-0.002,0.014,-0.002,0.640,-0.370,-0.470,-0.482,-0.200,0.003,-0.287,-0.020,0,799,-29,30,44,15.690,305,305
333061,-0.130,0.001,0.005,0.001,0.651,-0.359,-0.453,-0.492,-0.200,0.004,-0.336,-0.022,0,1141,-20,21,44,15.690,305,305
333161,-0.200,0.000,-0.000,0.001,0.655,-0.358,-0.449,-0.491,-0.200,0.005,-0.345,-0.027,0,1336,-19,20,44,15.690,305,305
333261,-0.090,0.000,-0.001,-0.001,0.654,-0.360,-0.451,-0.489,-0.200,0.005,-0.339,-0.029,0,1316,-18,20,44,15.690,305,305
333361,0.000,-0.000,0.000,-0.001,0.652,-0.360,-0.452,-0.491,-0.200,0.004,-0.337,-0.024,0,1136,-16,17,44,15.690,305,305
333461,-0.020,0.000,-0.000,0.000,0.651,-0.361,-0.452,-0.491,-0.200,0.005,-0.335,-0.026,0,1244,-13,15,44,15.690,305,305
333561,0.010,-0.000,-0.001,0.000,0.650,-0.362,-0.453,-0.492,-0.200,0.004,-0.334,-0.025,0,1218,-10,12,44,15.690,305,305
333661,0.000,-0.000,-0.001,0.000,0.650,-0.363,-0.454,-0.490,-0.200,0.005,-0.329,-0.027,0,1276,-8,10,44,15.690,305,305
333761,0.030,0.000,-0.001,0.000,0.649,-0.364,-0.455,-0.490,-0.200,0.005,-0.325,-0.027,0,1271,-6,8,44,15.690,305,305
333861,0.030,-0.000,-0.000,0.000,0.648,-0.366,-0.455,-0.489,-0.200,0.005,-0.322,-0.028,0,1303,-4,5,44,15.690,305,305
333961,0.050,-0.001,-0.002,0.001,0.647,-0.368,-0.457,-0.486,-0.200,0.006,-0.316,-0.032,0,1421,-3,4,44,15.690,305,305
334061,0.090,-0.001,-0.002,0.000,0.645,-0.373,-0.458,-0.484,-0.200,0.006,-0.305,-0.037,0,1495,-2,4,44,15.690,305,305
334161,0.070,-0.000,-0.001,0.000,0.644,-0.375,-0.460,-0.483,-0.200,0.006,-0.299,-0.037,0,1457,-1,2,44,15.690,305,305
334261,0.030,-0.001,-0.002,0.001,0.643,-0.378,-0.461,-0.482,-0.200,0.007,-0.293,-0.042,0,1565,1,0,44,15.700,305,305
334361,0.080,-0.000,0.000,-0.001,0.641,-0.382,-0.462,-0.480,-0.200,0.007,-0.286,-0.045,0,1576,2,-1,44,15.700,305,305
334461,0.050,0.000,0.001,-0.001,0.640,-0.379,-0.461,-0.483,-0.200,0.006,-0.290,-0.039,0,1359,6,-5,44,15.690,305,305
334561,0.040,-0.000,-0.001,0.001,0.640,-0.379,-0.461,-0.483,-0.200,0.006,-0.290,-0.040,0,1448,9,-8,44,15.690,305,305
334661,0.000,-0.000,-0.001,0.002,0.640,-0.382,-0.462,-0.481,-0.200,0.007,-0.285,-0.044,0,1583,10,-9,44,15.690,305,305
334761,-0.040,-0.001,-0.002,0.000,0.638,-0.388,-0.464,-0.477,-0.200,0.008,-0.271,-0.052,0,1732,9,-8,44,15.690,305,305
334861,-0.110,-0.003,0.002,-0.000,0.636,-0.388,-0.461,-0.482,-0.200,0.008,-0.277,-0.050,0,1591,14,-13,44,15.690,305,305
334961,0.250,-0.002,-0.006,0.000,0.634,-0.393,-0.461,-0.481,-0.200,0.009,-0.265,-0.056,0,1734,12,-11,44,15.690,305,305
335061,0.050,0.000,-0.002,0.000,0.626,-0.401,-0.469,-0.477,-0.200,0.008,-0.240,-0.055,0,1676,9,-8,44,15.690,305,305
335161,-0.100,0.001,0.002,-0.004,0.627,-0.395,-0.468,-0.482,-0.200,0.006,-0.253,-0.044,0,1293,17,-15,44,15.690,305,305
335261,-0.070,0.003,-0.009,-0.001,0.619,-0.392,-0.484,-0.479,-0.200,0.003,-0.225,-0.021,0,422,9,-8,44,15.680,305,305
335361,-0.280,-0.002,-0.014,0.007,0.606,-0.416,-0.499,-0.459,-0.200,0.005,-0.156,-0.046,0,1823,-7,8,44,15.680,305,305
335461,-0.390,-0.003,-0.011,0.004,0.591,-0.445,-0.511,-0.438,-0.200,0.006,-0.082,-0.078,0,2413,-21,22,44,15.680,305,305
335561,0.040,-0.000,-0.010,-0.003,0.576,-0.461,-0.522,-0.428,-0.200,0.004,-0.030,-0.085,0,2294,-29,30,44,15.680,305,305
335661,0.370,-0.004,-0.011,-0.005,0.553,-0.471,-0.540,-0.424,-0.200,0.001,0.027,-0.063,0,1522,-41,42,44,15.680,305,305
335761,-0.010,-0.001,-0.015,-0.004,0.526,-0.482,-0.561,-0.420,-0.200,-0.001,0.095,-0.036,0,664,-56,58,44,15.680,305,305
335861,-0.260,0.001,-0.016,-0.002,0.495,-0.497,-0.589,-0.402,-0.200,-0.002,0.188,-0.019,0,325,-78,79,44,15.680,305,305
335961,-0.310,0.005,-0.016,-0.001,0.472,-0.507,-0.612,-0.380,-0.200,-0.002,0.267,-0.014,407,1007,-96,98,44,15.690,305,305
336061,-0.490,0.006,-0.018,0.003,0.451,-0.520,-0.637,-0.347,-0.200,-0.005,0.358,-0.028,0,1776,-118,119,44,15.690,305,305
336161,0.350,0.005,-0.003,-0.000,0.447,-0.523,-0.653,-0.317,-0.200,-0.010,0.408,-0.052,0,1915,-126,127,44,15.690,305,305
336261,0.270,0.005,-0.006,0.001,0.443,-0.520,-0.664,-0.302,-0.200,-0.012,0.435,-0.058,0,1888,-134,136,44,15.680,305,305
336361,0.300,0.005,-0.011,-0.000,0.436,-0.521,-0.676,-0.287,-0.200,-0.014,0.468,-0.065,0,1939,-145,147,44,15.680,305,305
336461,0.010,-0.002,-0.009,0.002,0.422,-0.530,-0.686,-0.267,-0.200,-0.019,0.521,-0.079,0,2123,-161,163,44,15.690,305,305
336561,0.000,-0.003,-0.002,0.003,0.404,-0.543,-0.686,-0.266,-0.200,-0.018,0.554,-0.071,0,1840,-171,172,44,15.690,305,305
336661,-0.040,0.003,0.006,0.001,0.414,-0.543,-0.681,-0.264,-0.200,-0.021,0.536,-0.089,0,2183,-167,169,44,15.690,305,305
336761,0.180,-0.000,0.002,-0.000,0.425,-0.538,-0.676,-0.269,-0.200,-0.021,0.512,-0.092,0,2143,-166,168,44,15.690,305,305
336861,0.120,-0.003,-0.000,-0.000,0.424,-0.540,-0.674,-0.273,-0.200,-0.020,0.509,-0.087,0,1980,-172,174,44,15.690,305,305
336961,0.150,-0.002,-0.003,-0.000,0.417,-0.544,-0.674,-0.275,-0.200,-0.019,0.519,-0.080,0,1839,-179,180,44,15.690,305,305
337061,-0.050,-0.002,-0.003,-0.000,0.409,-0.548,-0.674,-0.278,-0.200,-0.018,0.530,-0.072,0,1684,-179,180,44,15.690,305,305
337161,0.030,0.001,-0.003,-0.001,0.403,-0.549,-0.679,-0.274,-0.200,-0.018,0.546,-0.069,0,1717,-179,180,44,15.690,305,305
337261,-0.120,0.001,-0.002,-0.000,0.397,-0.549,-0.684,-0.269,-0.200,-0.018,0.563,-0.066,0,1705,-179,180,44,15.690,305,305
337361,-0.050,0.000,-0.002,0.000,0.395,-0.550,-0.686,-0.265,-0.200,-0.019,0.573,-0.069,0,1809,-179,180,44,15.690,305,305
337461,0.110,0.001,-0.000,0.001,0.394,-0.552,-0.686,-0.263,-0.200,-0.020,0.576,-0.073,0,1906,-179,180,44,15.690,305,305
337561,0.050,-0.000,0.001,0.000,0.395,-0.554,-0.685,-0.262,-0.200,-0.020,0.576,-0.076,0,1938,-179,180,44,15.690,305,305
337661,0.180,0.004,0.002,-0.001,0.398,-0.551,-0.685,-0.261,-0.200,-0.021,0.571,-0.078,0,1958,-179,180,44,15.690,305,305
337761,0.120,0.010,0.014,-0.003,0.422,-0.535,-0.683,-0.263,-0.200,-0.021,0.524,-0.090,0,2158,-179,180,44,15.690,305,305
337861,0.270,0.010,0.016,-0.001,0.469,-0.505,-0.674,-0.267,-0.200,-0.020,0.429,-0.111,0,2470,-175,177,44,15.690,305,305
337961,-0.120,0.004,0.012,-0.002,0.506,-0.479,-0.661,-0.278,-0.200,-0.015,0.339,-0.115,0,2365,-158,160,44,15.690,305,305
338061,-0.170,0.002,0.005,-0.002,0.518,-0.468,-0.657,-0.285,-0.200,-0.013,0.305,-0.110,0,2192,-156,157,44,15.690,305,305
338161,-0.140,0.002,0.004,-0.001,0.527,-0.459,-0.653,-0.291,-0.200,-0.011,0.278,-0.104,0,2101,-152,153,44,15.690,305,305
338261,-0.070,0.001,0.001,-0.001,0.534,-0.451,-0.653,-0.292,-0.200,-0.010,0.263,-0.100,0,2068,-150,152,44,15.690,305,305
338361,-0.120,0.001,-0.005,-0.001,0.530,-0.451,-0.659,-0.287,-0.200,-0.011,0.279,-0.098,0,2051,-157,159,44,15.690,305,305
338461,0.030,0.000,-0.003,-0.001,0.520,-0.454,-0.667,-0.281,-0.200,-0.012,0.304,-0.096,0,2044,-162,164,44,15.690,305,305
338561,-0.010,0.001,-0.004,-0.004,0.517,-0.449,-0.671,-0.283,-0.200,-0.011,0.310,-0.085,0,1793,-163,164,44,15.690,305,305
338661,0.120,-0.000,-0.009,-0.005,0.505,-0.443,-0.686,-0.281,-0.200,-0.009,0.338,-0.061,0,1260,-170,172,44,15.690,305,305
338761,-0.140,-0.004,-0.019,0.001,0.470,-0.457,-0.705,-0.272,-0.200,-0.009,0.430,-0.045,0,1145,-179,180,44,15.690,305,305
338861,-0.190,-0.004,-0.014,0.001,0.434,-0.478,-0.719,-0.257,-0.200,-0.011,0.507,-0.043,0,1363,-179,180,44,15.690,305,305
338961,0.070,-0.001,-0.003,0.001,0.420,-0.487,-0.723,-0.253,-0.200,-0.011,0.539,-0.042,0,1409,-179,180,44,15.690,305,305
339061,0.270,-0.002,-0.003,0.002,0.412,-0.493,-0.724,-0.250,-0.200,-0.012,0.558,-0.043,0,1475,-179,180,44,15.690,305,305
339161,0.090,-0.002,-0.006,0.001,0.399,-0.502,-0.727,-0.244,-0.200,-0.013,0.588,-0.044,0,1537,-179,180,44,15.690,305,305
339261,-0.140,-0.003,-0.005,0.001,0.387,-0.512,-0.728,-0.241,-0.200,-0.013,0.615,-0.043,0,1462,-179,180,44,15.690,305,305
339361,0.070,-0.000,-0.000,0.001,0.381,-0.517,-0.728,-0.240,-0.200,-0.013,0.625,-0.042,0,1476,-179,180,44,15.680,305,305
339461,0.130,-0.002,-0.001,0.001,0.379,-0.520,-0.727,-0.241,-0.200,-0.013,0.628,-0.042,0,1452,-179,180,44,15.680,305,305
339561,0.110,-0.000,-0.002,0.002,0.375,-0.525,-0.726,-0.239,-0.200,-0.014,0.639,-0.044,0,1559,-179,180,44,15.690,305,305
339661,0.080,0.002,0.002,0.003,0.377,-0.529,-0.723,-0.236,-0.200,-0.018,0.639,-0.055,0,1816,-179,180,44,15.690,305,305
339761,0.010,0.007,0.008,0.008,0.391,-0.532,-0.715,-0.231,-0.200,-0.024,0.619,-0.082,0,2291,-179,180,44,15.690,305,305
339861,0.170,0.009,0.011,0.005,0.427,-0.528,-0.701,-0.221,-0.200,-0.033,0.563,-0.137,0,2976,-179,180,44,15.690,305,305
339961,0.370,0.010,0.015,0.003,0.468,-0.514,-0.686,-0.216,-0.200,-0.034,0.485,-0.182,0,3284,-179,180,44,15.690,305,305
340061,0.390,0.007,0.011,0.003,0.506,-0.500,-0.670,-0.211,-0.200,-0.031,0.409,-0.221,0,3469,-173,176,44,15.690,305,305
340161,0.010,0.006,0.009,0.002,0.533,-0.490,-0.657,-0.210,-0.200,-0.026,0.352,-0.244,0,3522,-163,165,44,15.690,305,305
340261,-0.360,0.006,0.008,-0.000,0.556,-0.475,-0.649,-0.209,-0.200,-0.020,0.299,-0.257,0,3584,-153,155,44,15.690,305,305
340361,-0.570,0.004,0.004,-0.000,0.572,-0.463,-0.645,-0.207,-0.200,-0.016,0.264,-0.261,0,3806,-148,150,44,15.680,305,305
340461,-0.060,0.004,0.004,0.000,0.584,-0.452,-0.643,-0.200,-0.200,-0.013,0.238,-0.271,0,3926,-144,146,44,15.680,305,305
340561,0.380,0.002,0.004,0.000,0.597,-0.445,-0.637,-0.200,-0.200,-0.009,0.208,-0.276,0,3679,-138,139,44,15.670,305,305
340661,0.180,0.002,0.003,-0.004,0.604,-0.437,-0.635,-0.204,-0.200,-0.007,0.188,-0.269,0,3319,-135,136,44,15.670,305,305
340761,0.010,0.001,0.002,-0.007,0.610,-0.420,-0.638,-0.211,-0.200,-0.006,0.168,-0.243,0,2969,-131,132,44,15.690,305,305
340861,-0.330,0.002,0.001,-0.007,0.608,-0.405,-0.645,-0.223,-0.200,-0.006,0.160,-0.202,0,2579,-130,132,44,15.690,305,305
340961,-0.380,0.002,0.001,-0.004,0.610,-0.392,-0.649,-0.229,-0.200,-0.006,0.151,-0.181,0,2623,-128,130,44,15.690,305,305
341061,-0.270,-0.002,0.001,-0.001,0.611,-0.388,-0.649,-0.236,-0.200,-0.005,0.144,-0.168,0,2807,-127,129,44,15.690,305,305
341161,-0.090,-0.002,-0.000,-0.000,0.609,-0.389,-0.647,-0.242,-0.200,-0.005,0.141,-0.160,0,2881,-127,129,44,15.690,305,305
341261,0.010,-0.001,-0.001,0.000,0.607,-0.391,-0.648,-0.242,-0.200,-0.005,0.146,-0.162,0,2872,-129,130,44,15.690,305,305
341361,0.020,-0.001,-0.000,0.001,0.608,-0.395,-0.645,-0.243,-0.200,-0.005,0.144,-0.166,0,2734,-128,129,44,15.690,305,305
341461,0.050,-0.001,-0.001,0.000,0.607,-0.398,-0.644,-0.243,-0.200,-0.005,0.147,-0.170,0,2742,-129,130,44,15.690,305,305
341561,0.040,-0.001,0.000,0.000,0.605,-0.401,-0.643,-0.245,-0.200,-0.005,0.149,-0.169,0,2708,-129,131,44,15.680,305,305
341661,0.070,0.000,-0.000,0.000,0.604,-0.402,-0.643,-0.243,-0.200,-0.005,0.152,-0.173,0,2752,-130,132,44,15.680,305,305
341761,0.060,-0.001,0.000,0.000,0.605,-0.402,-0.642,-0.245,-0.200,-0.005,0.148,-0.173,0,2728,-129,130,44,15.680,305,305
341861,-0.090,-0.001,-0.000,0.001,0.605,-0.405,-0.640,-0.244,-0.200,-0.005,0.148,-0.177,0,2799,-129,130,44,15.680,305,305
341961,0.060,-0.001,-0.000,-0.001,0.604,-0.406,-0.641,-0.244,-0.200,-0.005,0.151,-0.178,0,2770,-130,131,44,15.700,305,305
342061,0.000,0.000,0.000,-0.000,0.604,-0.405,-0.641,-0.245,-0.200,-0.005,0.151,-0.176,0,2735,-129,131,44,15.700,305,305
342161,-0.060,-0.001,-0.000,-0.000,0.604,-0.405,-0.641,-0.247,-0.200,-0.005,0.150,-0.172,0,2679,-129,131,44,15.700,305,305
342261,-0.120,-0.002,-0.000,0.001,0.602,-0.407,-0.641,-0.249,-0.200,-0.005,0.153,-0.171,0,2688,-130,132,44,15.700,305,305
342361,0.020,-0.002,-0.000,-0.001,0.599,-0.411,-0.639,-0.252,-0.200,-0.006,0.155,-0.170,0,2686,-131,132,43,15.700,305,305
342461,0.120,-0.002,0.001,-0.001,0.597,-0.413,-0.637,-0.259,-0.200,-0.005,0.153,-0.164,0,2592,-129,131,43,15.700,305,305
342561,-0.010,-0.002,0.000,-0.001,0.596,-0.416,-0.635,-0.263,-0.200,-0.005,0.153,-0.161,0,2583,-130,131,44,15.690,305,305
342661,-0.030,-0.003,0.000,-0.001,0.593,-0.419,-0.634,-0.268,-0.200,-0.005,0.154,-0.156,0,2525,-130,132,44,15.690,305,305
342761,-0.120,-0.012,0.004,-0.006,0.585,-0.424,-0.627,-0.291,-0.200,-0.005,0.146,-0.131,0,2092,-128,129,44,15.690,305,305
342861,-0.490,-0.019,0.014,-0.007,0.574,-0.430,-0.608,-0.341,-0.200,-0.002,0.109,-0.079,0,1166,-117,117,44,15.690,305,305
342961,-0.160,-0.020,0.012,-0.009,0.567,-0.430,-0.575,-0.404,-0.200,-0.000,0.023,-0.018,1910,0,-97,98,44,15.690,305,305
343061,-0.520,-0.014,0.010,-0.004,0.557,-0.434,-0.543,-0.454,-0.200,-0.000,-0.033,0.010,2269,311,-86,87,44,15.690,305,305
343161,-0.380,-0.012,0.009,-0.003,0.549,-0.441,-0.520,-0.484,-0.200,-0.001,-0.071,0.019,2233,1264,-80,81,44,15.690,305,305
343261,-0.480,-0.010,-0.002,0.001,0.542,-0.451,-0.501,-0.502,-0.200,-0.001,-0.091,0.014,1405,1171,-79,80,44,15.690,305,305
343361,0.630,0.015,-0.019,0.000,0.527,-0.451,-0.531,-0.488,-0.200,0.000,-0.030,0.043,1566,0,-101,103,44,15.700,305,305
343461,0.480,0.010,-0.006,0.002,0.530,-0.452,-0.559,-0.450,-0.200,0.001,0.035,0.024,511,0,-110,112,44,15.700,305,305
343561,0.230,0.000,0.001,0.006,0.540,-0.454,-0.565,-0.427,-0.200,-0.000,0.051,-0.007,0,1484,-110,111,44,15.680,305,305
343661,-0.270,-0.012,0.005,-0.001,0.538,-0.466,-0.547,-0.440,-0.200,-0.000,0.034,-0.020,0,1484,-104,105,44,15.680,305,305
343761,-0.390,-0.007,0.004,-0.005,0.526,-0.473,-0.528,-0.470,-0.200,0.000,0.005,-0.001,509,302,-97,98,44,15.690,305,305
343861,0.320,-0.000,0.000,0.004,0.519,-0.478,-0.525,-0.476,-0.200,0.000,0.007,0.004,0,372,-100,101,44,15.690,305,305
343961,0.020,-0.005,0.001,0.007,0.528,-0.489,-0.511,-0.470,-0.200,0.001,0.001,-0.036,0,1912,-98,100,44,15.690,305,305
344061,-0.060,-0.008,-0.003,-0.002,0.516,-0.505,-0.500,-0.479,-0.200,0.001,0.010,-0.042,0,1696,-102,103,44,15.690,305,305
344161,0.120,-0.003,0.004,0.001,0.506,-0.511,-0.497,-0.486,-0.200,0.000,0.015,-0.035,0,1384,-101,103,43,15.690,305,305
344261,0.510,-0.005,0.006,0.000,0.509,-0.511,-0.476,-0.503,-0.200,-0.000,-0.024,-0.041,0,1545,-90,92,43,15.690,305,305
344361,0.670,-0.004,0.001,-0.002,0.503,-0.513,-0.469,-0.513,-0.200,-0.000,-0.033,-0.035,0,1307,-91,92,43,15.690,305,305
344461,-0.020,-0.000,0.007,-0.001,0.501,-0.510,-0.464,-0.523,-0.200,0.000,-0.049,-0.025,0,997,-86,87,43,15.690,305,305
344561,0.060,0.000,0.004,0.001,0.512,-0.500,-0.455,-0.530,-0.200,0.001,-0.087,-0.030,0,1338,-77,78,44,15.680,305,305
344661,0.000,0.000,0.006,0.002,0.520,-0.495,-0.448,-0.533,-0.200,0.001,-0.112,-0.039,0,1576,-71,72,44,15.680,305,305
344761,-0.050,0.002,0.007,0.000,0.530,-0.486,-0.438,-0.539,-0.200,0.002,-0.144,-0.043,0,1591,-63,64,44,15.690,305,305
344861,-0.160,0.002,0.007,-0.000,0.540,-0.473,-0.430,-0.547,-0.200,0.003,-0.182,-0.041,0,1468,-53,55,44,15.690,305,305
344961,-0.120,0.000,0.008,-0.001,0.551,-0.458,-0.420,-0.556,-0.200,0.004,-0.228,-0.038,0,1371,-41,43,44,15.690,305,305
345061,-0.200,-0.000,0.006,-0.002,0.557,-0.448,-0.412,-0.565,-0.200,0.004,-0.261,-0.033,0,1203,-33,34,44,15.690,305,305
345161,0.010,0.000,0.003,-0.001,0.561,-0.440,-0.406,-0.572,-0.200,0.004,-0.287,-0.029,0,1181,-27,29,44,15.680,305,305
345261,0.010,0.000,0.003,-0.002,0.561,-0.434,-0.402,-0.579,-0.200,0.003,-0.304,-0.021,0,925,-22,23,44,15.680,305,305
345361,0.140,-0.000,0.001,-0.001,0.561,-0.429,-0.399,-0.585,-0.200,0.002,-0.318,-0.013,0,712,-17,18,43,15.690,305,305
345461,-0.030,-0.000,0.001,-0.001,0.559,-0.426,-0.400,-0.589,-0.200,0.001,-0.322,-0.006,0,440,-14,16,43,15.690,305,305
345561,0.000,-0.000,-0.001,-0.001,0.558,-0.425,-0.400,-0.590,-0.200,0.000,-0.322,-0.002,0,537,-12,13,43,15.690,305,305
345661,0.040,-0.001,-0.001,-0.000,0.555,-0.427,-0.402,-0.589,-0.200,0.000,-0.315,-0.001,0,590,-11,12,43,15.690,305,305
345761,0.010,-0.001,-0.001,0.000,0.554,-0.429,-0.402,-0.590,-0.200,0.000,-0.313,-0.001,0,686,-8,10,43,15.690,305,305
345861,-0.070,-0.001,-0.002,-0.000,0.552,-0.431,-0.403,-0.589,-0.200,0.000,-0.306,-0.002,0,751,-7,9,44,15.690,305,305
345961,-0.010,-0.000,-0.002,0.000,0.550,-0.435,-0.405,-0.587,-0.200,0.000,-0.296,-0.003,0,818,-7,8,44,15.690,305,305
346061,0.120,-0.001,-0.003,0.001,0.547,-0.441,-0.408,-0.583,-0.200,0.001,-0.282,-0.007,0,1033,-8,9,44,15.690,305,305
346161,-0.060,-0.000,-0.002,-0.000,0.545,-0.447,-0.410,-0.579,-0.200,0.002,-0.267,-0.013,0,1146,-8,9,44,15.690,305,305
346261,-0.010,-0.000,-0.002,0.000,0.542,-0.451,-0.413,-0.577,-0.200,0.001,-0.254,-0.012,0,1029,-8,9,44,15.690,305,305
346361,0.070,-0.000,-0.002,0.001,0.539,-0.456,-0.415,-0.574,-0.200,0.002,-0.241,-0.015,0,1132,-8,10,44,15.690,305,305
346461,0.150,0.000,-0.001,0.001,0.539,-0.458,-0.416,-0.571,-0.200,0.002,-0.235,-0.019,0,1232,-7,8,44,15.690,305,305
346561,0.020,-0.000,-0.001,-0.000,0.539,-0.460,-0.416,-0.569,-0.200,0.002,-0.231,-0.022,0,1257,-6,7,44,15.690,305,305
346661,0.020,-0.001,-0.002,-0.001,0.536,-0.463,-0.419,-0.569,-0.200,0.002,-0.222,-0.020,0,1111,-6,7,43,15.680,305,305
346761,0.000,-0.000,-0.002,-0.001,0.531,-0.466,-0.422,-0.568,-0.200,0.002,-0.210,-0.016,0,978,-6,8,43,15.680,305,305
346861,-0.010,-0.000,-0.003,-0.000,0.527,-0.469,-0.426,-0.566,-0.200,0.001,-0.198,-0.013,0,889,-7,9,43,15.680,305,305
346961,0.020,-0.002,-0.008,-0.001,0.519,-0.477,-0.432,-0.562,-0.200,0.001,-0.173,-0.010,0,832,-12,14,43,15.680,305,305
347061,-0.040,-0.001,-0.006,0.000,0.507,-0.490,-0.440,-0.556,-0.200,0.000,-0.132,-0.008,0,812,-20,21,43,15.680,305,305
347161,-0.010,-0.000,-0.000,0.000,0.502,-0.497,-0.445,-0.550,-0.200,0.000,-0.109,-0.009,0,945,-22,23,43,15.680,305,305
347261,0.000,-0.002,-0.003,-0.000,0.499,-0.501,-0.444,-0.550,-0.200,0.001,-0.104,-0.011,0,980,-20,22,44,15.700,305,305
347361,0.140,-0.003,-0.002,-0.001,0.492,-0.507,-0.446,-0.551,-0.200,0.000,-0.090,-0.007,0,795,-23,24,44,15.700,305,305
347461,-0.130,-0.000,0.007,0.000,0.489,-0.508,-0.440,-0.556,-0.200,0.000,-0.097,-0.006,0,826,-18,19,44,15.690,305,305
347561,-0.510,0.001,0.005,0.001,0.497,-0.497,-0.433,-0.565,-0.200,0.000,-0.132,-0.004,0,1047,-8,9,44,15.690,305,305
347661,0.070,-0.002,-0.004,0.003,0.504,-0.496,-0.426,-0.564,-0.200,0.001,-0.142,-0.021,0,1582,-8,9,43,15.690,305,305
347761,-0.080,-0.002,-0.004,0.001,0.498,-0.509,-0.428,-0.557,-0.200,0.001,-0.116,-0.030,0,1551,-14,16,43,15.690,305,305
347861,-0.250,-0.003,-0.004,0.006,0.495,-0.521,-0.424,-0.551,-0.200,0.001,-0.097,-0.049,0,1986,-17,18,43,15.690,305,305
347961,0.330,0.000,-0.002,0.006,0.499,-0.535,-0.417,-0.540,-0.200,0.000,-0.079,-0.083,0,2407,-19,21,43,15.700,305,305
348061,0.330,-0.001,-0.002,0.001,0.503,-0.542,-0.413,-0.532,-0.200,-0.001,-0.070,-0.105,0,2509,-20,21,43,15.700,305,305
348161,0.080,-0.003,0.001,-0.002,0.499,-0.545,-0.412,-0.533,-0.200,-0.001,-0.065,-0.105,0,2284,-19,21,43,15.690,305,305
348261,-0.140,-0.002,-0.003,-0.000,0.492,-0.547,-0.412,-0.537,-0.200,-0.001,-0.062,-0.097,0,2059,-20,21,43,15.690,305,305
348361,0.150,-0.001,-0.003,0.001,0.487,-0.554,-0.413,-0.534,-0.200,-0.002,-0.045,-0.100,0,2143,-24,25,44,15.680,305,305
348461,0.350,-0.001,-0.001,0.001,0.484,-0.560,-0.413,-0.531,-0.200,-0.003,-0.032,-0.104,0,2206,-26,27,44,15.680,305,305
348561,0.220,-0.000,0.002,0.000,0.485,-0.561,-0.410,-0.531,-0.200,-0.003,-0.035,-0.109,0,2269,-23,24,43,15.680,305,305
348661,-0.070,-0.000,0.002,-0.001,0.486,-0.559,-0.408,-0.534,-0.200,-0.002,-0.043,-0.108,0,2206,-20,22,43,15.680,305,305
348761,-0.030,-0.000,0.001,-0.001,0.487,-0.555,-0.406,-0.538,-0.200,-0.002,-0.055,-0.104,0,2121,-17,19,43,15.680,305,305
348861,-0.030,-0.001,-0.000,-0.001,0.487,-0.554,-0.405,-0.541,-0.200,-0.001,-0.060,-0.101,0,2094,-17,18,43,15.680,305,305
348961,-0.020,0.000,-0.000,0.000,0.485,-0.555,-0.405,-0.542,-0.200,-0.001,-0.057,-0.099,0,2090,-17,19,43,15.680,305,305
349061,0.040,-0.001,-0.001,0.000,0.484,-0.555,-0.405,-0.542,-0.200,-0.001,-0.056,-0.098,0,2080,-17,18,43,15.700,305,305
349161,-0.020,0.000,-0.001,0.001,0.484,-0.558,-0.405,-0.539,-0.200,-0.002,-0.049,-0.103,0,2194,-19,20,43,15.700,305,305
349261,0.200,0.001,-0.000,-0.000,0.483,-0.560,-0.407,-0.536,-0.200,-0.002,-0.041,-0.105,0,2204,-19,21,43,15.690,305,305
349361,-0.030,0.000,0.001,-0.001,0.484,-0.559,-0.408,-0.535,-0.200,-0.002,-0.042,-0.103,0,2136,-18,20,43,15.690,305,305
349461,0.000,0.000,0.001,0.000,0.485,-0.558,-0.408,-0.536,-0.200,-0.002,-0.045,-0.103,0,2144,-17,18,44,15.690,305,305
349561,0.050,0.001,0.001,0.000,0.486,-0.556,-0.407,-0.537,-0.200,-0.002,-0.050,-0.103,0,2154,-16,17,44,15.690,305,305
349661,0.030,0.000,0.001,0.000,0.487,-0.555,-0.408,-0.538,-0.200,-0.002,-0.052,-0.102,0,2117,-15,16,43,15.700,305,305
349761,-0.060,-0.001,-0.000,-0.000,0.487,-0.554,-0.407,-0.538,-0.200,-0.002,-0.054,-0.102,0,2138,-14,16,43,15.700,305,305
349861,0.040,-0.000,-0.001,-0.000,0.486,-0.555,-0.407,-0.539,-0.200,-0.001,-0.053,-0.101,0,2122,-14,16,43,15.700,305,305
349961,0.060,-0.000,-0.001,-0.001,0.484,-0.555,-0.408,-0.539,-0.200,-0.001,-0.051,-0.097,0,2043,-14,15,43,15.690,305,305
350061,0.020,-0.000,-0.000,-0.001,0.483,-0.555,-0.409,-0.540,-0.200,-0.001,-0.050,-0.094,0,2003,-14,15,43,15.690,305,305
350161,0.080,-0.000,0.001,0.000,0.482,-0.555,-0.410,-0.540,-0.200,-0.001,-0.049,-0.092,0,2020,-13,15,43,15.690,305,305
350261,0.000,-0.000,0.003,-0.001,0.485,-0.553,-0.407,-0.542,-0.200,-0.001,-0.057,-0.094,0,2068,-10,12,43,15.690,305,305
350361,-0.070,-0.001,0.005,-0.002,0.485,-0.547,-0.404,-0.550,-0.200,0.000,-0.075,-0.086,0,1888,-5,6,44,15.700,305,305
350461,-0.070,0.001,0.005,0.001,0.489,-0.539,-0.399,-0.558,-0.200,0.001,-0.101,-0.081,0,1858,2,0,44,15.700,305,305
350561,0.200,-0.000,0.002,0.000,0.494,-0.532,-0.394,-0.563,-0.200,0.002,-0.123,-0.082,0,1909,6,-5,44,15.700,305,305
350661,-0.070,-0.001,-0.001,-0.001,0.493,-0.533,-0.394,-0.564,-0.200,0.002,-0.122,-0.081,0,1895,5,-4,43,15.690,305,305
350761,-0.090,0.000,-0.001,0.001,0.492,-0.534,-0.394,-0.563,-0.200,0.002,-0.119,-0.081,0,1941,5,-4,43,15.690,305,305
350861,0.120,-0.000,-0.002,-0.001,0.490,-0.537,-0.397,-0.561,-0.200,0.002,-0.110,-0.081,0,1921,4,-2,43,15.700,305,305
350961,0.070,-0.000,0.000,-0.000,0.488,-0.539,-0.398,-0.560,-0.200,0.002,-0.103,-0.079,0,1894,4,-3,43,15.700,305,305
351061,-0.040,-0.000,0.000,-0.000,0.487,-0.538,-0.398,-0.560,-0.200,0.002,-0.103,-0.078,0,1881,6,-4,44,15.690,305,305
351161,-0.020,-0.000,-0.001,-0.000,0.486,-0.538,-0.398,-0.562,-0.200,0.002,-0.104,-0.076,0,1846,6,-5,44,15.690,305,305
351261,0.000,-0.000,-0.001,0.000,0.484,-0.540,-0.399,-0.561,-0.200,0.001,-0.099,-0.075,0,1843,6,-5,44,15.690,305,305
351361,0.050,0.000,0.000,-0.000,0.484,-0.541,-0.400,-0.560,-0.200,0.001,-0.095,-0.076,0,1886,6,-5,43,15.690,305,305
351461,-0.020,0.000,-0.000,0.000,0.484,-0.540,-0.400,-0.560,-0.200,0.001,-0.096,-0.076,0,1876,7,-6,43,15.690,305,305
351561,-0.040,-0.000,-0.000,-0.001,0.483,-0.541,-0.401,-0.560,-0.200,0.001,-0.094,-0.074,0,1821,8,-6,43,15.690,305,305
351661,0.180,0.000,-0.000,-0.000,0.482,-0.542,-0.403,-0.559,-0.200,0.001,-0.089,-0.072,0,1818,7,-6,43,15.690,305,305
351761,0.010,0.000,0.001,0.000,0.483,-0.541,-0.402,-0.559,-0.200,0.001,-0.091,-0.072,0,1831,9,-8,43,15.690,305,305
351861,-0.040,-0.000,-0.000,-0.000,0.483,-0.540,-0.402,-0.559,-0.200,0.001,-0.093,-0.072,0,1833,10,-9,43,15.690,305,305
351961,-0.030,0.000,-0.001,-0.000,0.483,-0.540,-0.402,-0.559,-0.200,0.001,-0.092,-0.072,0,1830,11,-10,43,15.690,305,305
352061,0.120,0.000,-0.001,-0.000,0.482,-0.542,-0.404,-0.558,-0.200,0.001,-0.088,-0.072,0,1827,10,-9,43,15.680,305,305
352161,0.060,-0.000,0.000,-0.000,0.481,-0.541,-0.404,-0.559,-0.200,0.001,-0.088,-0.069,0,1786,12,-10,43,15.680,305,305
352261,-0.020,-0.000,0.000,-0.000,0.481,-0.541,-0.403,-0.559,-0.200,0.001,-0.089,-0.069,0,1801,13,-12,43,15.680,305,305
352361,-0.040,-0.000,0.000,-0.000,0.481,-0.541,-0.403,-0.560,-0.200,0.001,-0.090,-0.069,0,1787,14,-13,43,15.680,305,305
352461,0.080,0.000,-0.000,0.000,0.481,-0.541,-0.403,-0.560,-0.200,0.001,-0.090,-0.068,0,1787,15,-13,43,15.680,305,305
352561,-0.010,0.000,0.000,-0.000,0.481,-0.541,-0.403,-0.560,-0.200,0.001,-0.090,-0.069,0,1806,15,-14,44,15.690,305,305
352661,0.040,0.000,0.000,0.000,0.481,-0.541,-0.403,-0.560,-0.200,0.001,-0.091,-0.069,0,1802,16,-15,44,15.690,305,305
352761,0.040,-0.000,-0.000,-0.000,0.481,-0.541,-0.402,-0.561,-0.200,0.001,-0.092,-0.068,0,1791,17,-16,43,15.680,305,305
352861,0.030,-0.000,0.000,-0.000,0.480,-0.541,-0.403,-0.561,-0.200,0.001,-0.091,-0.067,0,1770,18,-17,43,15.680,305,305
352961,-0.110,-0.002,-0.001,-0.001,0.477,-0.543,-0.402,-0.562,-0.200,0.001,-0.088,-0.066,0,1750,18,-17,43,15.680,305,305
353061,0.120,-0.000,-0.000,0.002,0.475,-0.546,-0.401,-0.561,-0.200,0.001,-0.082,-0.069,0,1844,17,-16,43,15.690,305,305
353161,0.040,0.000,0.001,0.001,0.478,-0.547,-0.398,-0.561,-0.200,0.001,-0.086,-0.076,0,1978,20,-19,43,15.690,305,305
353261,-0.100,0.000,0.000,0.000,0.479,-0.546,-0.396,-0.562,-0.200,0.001,-0.091,-0.077,0,1919,21,-20,43,15.690,305,305
353361,0.030,-0.000,0.000,0.000,0.479,-0.546,-0.396,-0.562,-0.200,0.001,-0.091,-0.077,0,1908,22,-21,43,15.690,305,305
353461,0.040,-0.000,0.001,-0.000,0.479,-0.546,-0.395,-0.563,-0.200,0.001,-0.092,-0.077,0,1903,23,-22,43,15.690,305,305
353561,-0.010,0.000,0.000,-0.000,0.479,-0.545,-0.394,-0.564,-0.200,0.001,-0.095,-0.077,0,1897,25,-23,43,15.680,305,305
353661,-0.020,-0.000,0.000,-0.000,0.479,-0.544,-0.394,-0.564,-0.200,0.001,-0.097,-0.077,0,1896,26,-24,43,15.680,305,305
353761,0.030,0.000,-0.000,0.000,0.479,-0.545,-0.395,-0.564,-0.200,0.001,-0.095,-0.077,0,1887,26,-25,43,15.690,305,305
353861,0.070,-0.000,0.000,-0.000,0.479,-0.545,-0.394,-0.564,-0.200,0.001,-0.095,-0.078,0,1911,27,-26,43,15.690,305,305
353961,0.010,-0.000,0.000,-0.000,0.479,-0.545,-0.394,-0.564,-0.200,0.001,-0.095,-0.077,0,1888,28,-27,43,15.690,305,305
354061,0.050,-0.000,0.001,-0.000,0.478,-0.544,-0.393,-0.566,-0.200,0.001,-0.098,-0.075,0,1854,30,-28,44,15.690,305,305
354161,0.040,-0.001,0.001,-0.001,0.477,-0.543,-0.392,-0.568,-0.200,0.002,-0.102,-0.072,0,1792,31,-30,44,15.690,305,305
354261,-0.090,-0.001,0.001,-0.002,0.474,-0.540,-0.392,-0.574,-0.200,0.002,-0.109,-0.062,0,1546,34,-33,43,15.690,305,305
354361,0.040,-0.002,0.003,-0.003,0.470,-0.536,-0.391,-0.582,-0.200,0.002,-0.120,-0.050,0,1306,38,-37,43,15.690,305,305
354461,-0.310,-0.003,0.002,-0.007,0.464,-0.530,-0.389,-0.594,-0.200,0.002,-0.136,-0.029,95,732,43,-41,43,15.690,305,305
354561,0.040,-0.001,-0.002,-0.002,0.452,-0.526,-0.394,-0.604,-0.200,-0.000,-0.137,0.000,1058,0,42,-41,43,15.690,305,305
354661,0.240,0.001,-0.001,0.002,0.450,-0.530,-0.396,-0.600,-0.200,0.000,-0.125,-0.002,0,438,40,-39,43,15.690,305,305
354761,0.140,0.001,0.001,-0.001,0.453,-0.529,-0.395,-0.599,-0.200,0.000,-0.128,-0.006,0,848,43,-42,43,15.700,305,305
354861,-0.200,0.000,0.001,0.000,0.454,-0.525,-0.394,-0.602,-0.200,0.000,-0.138,-0.002,0,662,47,-46,43,15.700,305,305
354961,0.000,0.000,-0.001,0.001,0.455,-0.525,-0.395,-0.602,-0.200,0.000,-0.138,-0.002,0,728,47,-46,43,15.700,305,305
355061,0.140,-0.000,0.000,-0.001,0.454,-0.526,-0.395,-0.601,-0.200,0.000,-0.135,-0.002,0,748,48,-46,43,15.700,305,305
355161,-0.050,0.000,0.000,0.000,0.454,-0.525,-0.396,-0.602,-0.200,0.000,-0.136,-0.000,0,662,50,-48,43,15.700,305,305
355261,-0.010,0.000,-0.001,0.001,0.454,-0.525,-0.396,-0.601,-0.200,0.000,-0.135,-0.002,0,820,50,-49,43,15.690,305,305
355361,0.040,0.000,-0.001,-0.000,0.455,-0.527,-0.396,-0.598,-0.200,0.000,-0.129,-0.006,0,925,50,-49,43,15.690,305,305
355461,0.050,0.001,-0.001,-0.000,0.454,-0.528,-0.398,-0.598,-0.200,0.000,-0.127,-0.004,0,786,51,-49,43,15.700,305,305
355561,0.050,0.000,-0.000,0.000,0.454,-0.528,-0.399,-0.596,-0.200,0.000,-0.124,-0.004,0,815,52,-50,43,15.700,305,305
355661,0.020,0.000,-0.001,-0.000,0.454,-0.529,-0.400,-0.595,-0.200,0.000,-0.121,-0.005,0,856,52,-51,43,15.700,305,305
355761,0.060,-0.000,-0.000,0.000,0.454,-0.529,-0.401,-0.594,-0.200,0.000,-0.118,-0.005,0,834,53,-51,43,15.690,305,305
355861,0.040,0.000,-0.000,0.001,0.454,-0.531,-0.401,-0.593,-0.200,0.000,-0.115,-0.007,0,968,53,-51,43,15.690,305,305
355961,0.260,-0.001,-0.002,0.002,0.455,-0.535,-0.399,-0.589,-0.200,0.001,-0.109,-0.016,0,1269,52,-51,43,15.680,305,305
356061,0.230,-0.001,-0.004,-0.001,0.454,-0.540,-0.398,-0.587,-0.200,0.001,-0.100,-0.023,0,1369,51,-50,43,15.680,305,305
356161,-0.240,-0.002,-0.004,-0.004,0.444,-0.546,-0.403,-0.585,-0.200,0.000,-0.079,-0.014,0,825,46,-45,43,15.680,305,305
356261,-0.260,-0.001,-0.009,0.002,0.436,-0.559,-0.412,-0.573,-0.200,0.000,-0.036,-0.016,0,1126,36,-35,43,15.690,305,305
356361,-0.430,-0.000,-0.005,-0.000,0.432,-0.569,-0.417,-0.562,-0.200,-0.000,-0.004,-0.023,0,1541,31,-29,43,15.690,305,305
356461,-0.160,-0.002,-0.008,-0.004,0.416,-0.578,-0.426,-0.557,-0.200,-0.000,0.032,-0.006,535,595,23,-21,43,15.700,305,305
356561,-0.090,-0.003,-0.010,-0.002,0.399,-0.590,-0.436,-0.549,-0.200,0.000,0.078,0.007,792,0,12,-11,43,15.700,305,305
356661,-0.050,0.001,-0.012,-0.004,0.376,-0.608,-0.455,-0.532,-0.200,0.002,0.152,0.027,1316,0,-6,7,43,15.700,305,305
356761,-0.180,0.004,0.006,-0.002,0.373,-0.605,-0.464,-0.529,-0.200,0.003,0.163,0.040,1461,0,-3,4,43,15.700,305,305
356861,-0.020,0.003,0.001,0.002,0.387,-0.593,-0.462,-0.533,-0.200,0.002,0.132,0.034,974,0,5,-3,43,15.700,305,305
356961,0.000,0.002,0.001,0.000,0.391,-0.592,-0.465,-0.529,-0.200,0.002,0.134,0.029,760,0,1,0,43,15.700,305,305
357061,0.120,0.002,0.002,0.000,0.396,-0.589,-0.466,-0.529,-0.200,0.001,0.128,0.027,757,0,2,-1,43,15.700,305,305
357161,0.130,0.001,-0.001,-0.002,0.400,-0.584,-0.468,-0.529,-0.200,0.001,0.121,0.028,912,0,2,0,43,15.700,305,305
357261,-0.060,0.000,-0.002,-0.001,0.397,-0.583,-0.474,-0.527,-0.200,0.002,0.129,0.037,1237,0,-2,3,43,15.700,305,305
357361,-0.050,0.000,-0.002,0.002,0.395,-0.585,-0.475,-0.525,-0.200,0.002,0.137,0.036,1099,0,-5,6,43,15.700,305,305
357461,-0.020,-0.002,-0.001,0.000,0.394,-0.589,-0.474,-0.523,-0.200,0.002,0.142,0.032,952,0,-7,8,43,15.690,305,305
357561,-0.070,-0.002,-0.001,0.001,0.391,-0.593,-0.472,-0.523,-0.200,0.002,0.148,0.030,914,0,-10,11,43,15.690,305,305
357661,-0.020,-0.001,-0.000,0.000,0.388,-0.596,-0.469,-0.523,-0.200,0.002,0.151,0.029,925,0,-11,12,43,15.690,305,305
357761,0.020,-0.000,-0.000,0.000,0.387,-0.597,-0.468,-0.524,-0.200,0.002,0.152,0.028,933,0,-12,14,43,15.690,305,305
357861,0.010,-0.001,-0.000,-0.001,0.385,-0.598,-0.468,-0.524,-0.200,0.002,0.154,0.029,1040,0,-14,16,43,15.690,305,305
357961,-0.080,-0.001,-0.000,-0.000,0.383,-0.599,-0.467,-0.525,-0.200,0.002,0.156,0.032,1125,0,-16,17,43,15.690,305,305
358061,-0.010,-0.000,-0.001,0.000,0.382,-0.600,-0.466,-0.526,-0.200,0.002,0.156,0.031,1091,0,-18,19,43,15.690,305,305
358161,0.130,0.000,-0.001,0.000,0.381,-0.603,-0.466,-0.524,-0.200,0.002,0.161,0.029,981,0,-20,22,43,15.690,305,305
358261,0.190,0.000,-0.001,0.000,0.381,-0.605,-0.466,-0.521,-0.200,0.002,0.167,0.026,915,0,-23,24,43,15.690,305,305
358361,0.000,-0.000,0.000,0.000,0.381,-0.606,-0.466,-0.521,-0.200,0.002,0.169,0.023,868,0,-24,26,43,15.690,305,305
358461,0.000,-0.000,-0.000,0.000,0.381,-0.606,-0.465,-0.521,-0.200,0.002,0.168,0.022,892,0,-26,27,43,15.690,305,305
358561,0.020,-0.000,-0.001,-0.000,0.380,-0.606,-0.466,-0.520,-0.200,0.002,0.170,0.024,1010,0,-28,29,43,15.690,305,305
358661,0.050,-0.000,-0.000,-0.000,0.379,-0.607,-0.467,-0.519,-0.200,0.002,0.173,0.024,1006,0,-30,31,43,15.690,305,305
358761,0.090,0.000,-0.000,-0.000,0.379,-0.608,-0.467,-0.518,-0.200,0.002,0.176,0.024,1009,0,-32,34,43,15.690,305,305
358861,0.030,0.000,0.001,0.001,0.380,-0.608,-0.467,-0.518,-0.200,0.002,0.175,0.022,916,0,-33,35,43,15.690,305,305
358961,-0.020,0.000,0.001,0.001,0.382,-0.608,-0.465,-0.517,-0.200,0.001,0.173,0.017,728,0,-34,36,43,15.690,305,305
359061,-0.010,-0.000,0.000,0.000,0.383,-0.609,-0.464,-0.517,-0.200,0.001,0.171,0.013,622,0,-36,37,43,15.690,305,305
359161,0.020,-0.000,-0.000,-0.001,0.383,-0.609,-0.463,-0.518,-0.200,0.001,0.170,0.014,794,0,-37,38,43,15.690,305,305
359261,-0.070,-0.000,0.000,0.000,0.383,-0.608,-0.463,-0.519,-0.200,0.001,0.169,0.014,852,0,-38,40,43,15.690,305,305
359361,-0.080,-0.000,-0.003,0.001,0.383,-0.610,-0.462,-0.517,-0.200,0.001,0.172,0.010,575,0,-41,42,43,15.700,305,305
359461,0.020,0.000,0.001,0.000,0.383,-0.612,-0.462,-0.514,-0.200,0.000,0.179,0.005,369,0,-43,45,43,15.700,305,305
359561,-0.070,0.000,-0.001,0.000,0.385,-0.611,-0.462,-0.515,-0.200,0.000,0.174,0.005,522,0,-44,45,43,15.700,305,305
359661,0.220,0.000,0.000,-0.000,0.384,-0.612,-0.463,-0.513,-0.200,0.000,0.179,0.004,525,0,-47,48,43,15.690,305,305
359761,-0.070,-0.000,-0.001,-0.000,0.383,-0.613,-0.464,-0.512,-0.200,0.000,0.183,0.005,642,0,-49,51,43,15.690,305,305
359861,0.000,0.000,-0.001,0.000,0.383,-0.613,-0.464,-0.512,-0.200,0.000,0.183,0.005,636,0,-51,52,43,15.690,305,305
359961,0.030,-0.000,0.001,-0.000,0.383,-0.613,-0.463,-0.512,-0.200,0.000,0.182,0.005,627,0,-52,53,43,15.680,305,305
360061,0.030,0.000,-0.000,-0.000,0.382,-0.613,-0.464,-0.513,-0.200,0.001,0.183,0.008,775,0,-54,56,43,15.680,305,305
360161,0.000,-0.000,-0.001,0.000,0.382,-0.614,-0.464,-0.511,-0.200,0.001,0.187,0.006,607,0,-57,58,43,15.700,305,305
360261,0.050,-0.000,0.000,-0.001,0.380,-0.614,-0.465,-0.512,-0.200,0.001,0.188,0.009,818,0,-58,60,43,15.700,305,305
360361,0.020,0.000,0.001,0.000,0.381,-0.613,-0.465,-0.513,-0.200,0.001,0.184,0.010,821,0,-59,60,43,15.700,305,305
360461,0.030,-0.000,0.000,0.000,0.382,-0.613,-0.464,-0.513,-0.200,0.001,0.183,0.008,736,0,-61,62,43,15.700,305,305
360561,-0.140,-0.000,-0.000,0.000,0.381,-0.614,-0.464,-0.512,-0.200,0.001,0.185,0.008,688,0,-63,64,43,15.700,305,305
