Timestamp,curr_ax,curr_roll_rate,curr_pitch_rate,curr_yaw_rate,curr_qw,curr_qx,curr_qy,curr_qz,ax_ref,p_ref,q_ref,r_ref,omega_L_ref,omega_R_ref,servo_L_ref,servo_R_ref,Temperature,Voltage,RPM2,RPM4
282803,-0.180,0.000,-0.019,0.002,-0.723,-0.137,0.668,-0.109,-0.200,-0.002,-0.069,0.053,1810,3207,27,-27,0,0.000,0,0
282902,0.100,-0.001,-0.004,-0.001,-0.706,-0.138,0.687,-0.107,-0.200,-0.001,-0.019,0.048,1310,3198,11,-11,0,0.000,0,0
283002,-0.130,0.001,0.002,0.001,-0.704,-0.138,0.689,-0.106,-0.200,-0.000,-0.013,0.047,850,3182,14,-13,0,0.000,0,0
283102,-0.200,-0.001,0.002,0.003,-0.705,-0.133,0.688,-0.112,-0.200,-0.000,-0.019,0.034,1134,3053,17,-17,0,0.000,0,0
283202,-0.130,0.001,0.001,0.002,-0.700,-0.125,0.693,-0.116,-0.200,-0.000,-0.007,0.014,1231,2739,11,-11,0,0.000,0,0
283302,-0.330,-0.002,-0.002,-0.004,-0.695,-0.123,0.698,-0.116,-0.200,0.000,0.006,0.009,1183,2908,3,-3,0,0.000,0,0
283402,-0.460,0.000,-0.001,0.000,-0.697,-0.127,0.698,-0.105,-0.200,0.000,0.008,0.031,0,3225,3,-3,0,0.000,0,0
283502,-0.580,-0.001,-0.026,0.003,-0.664,-0.127,0.729,-0.105,-0.200,0.001,0.111,0.015,1350,3127,-64,64,0,0.000,0,0
283602,-0.270,-0.001,-0.012,0.001,-0.621,-0.127,0.768,-0.097,-0.200,0.001,0.212,0.010,1753,3299,-115,115,0,0.000,0,0
283702,0.040,0.001,0.007,0.002,-0.622,-0.126,0.767,-0.098,-0.200,0.001,0.208,0.006,1654,3219,-107,107,0,0.000,0,0
283802,-0.240,0.002,0.021,0.001,-0.645,-0.120,0.747,-0.108,-0.200,-0.001,0.144,-0.007,1739,3008,-71,71,0,0.000,0,0
283902,-0.560,0.005,0.036,0.000,-0.691,-0.115,0.703,-0.123,-0.200,-0.000,-0.004,-0.014,2087,3182,12,-12,0,0.000,0,0
284002,-0.430,0.003,0.034,0.003,-0.757,-0.105,0.629,-0.145,-0.200,0.002,-0.188,-0.024,2703,3384,110,-110,0,0.000,0,0
284102,-0.470,-0.002,-0.008,0.000,-0.776,-0.098,0.603,-0.158,-0.200,0.005,-0.255,-0.038,2880,3300,130,-130,0,0.000,0,0
284202,-0.800,-0.004,-0.025,-0.004,-0.738,-0.104,0.652,-0.141,-0.200,0.002,-0.129,-0.030,3168,3848,54,-54,0,0.000,0,0
284302,-0.010,-0.002,-0.012,-0.003,-0.706,-0.112,0.689,-0.121,-0.200,0.000,-0.027,-0.009,3029,4103,8,-8,0,0.000,0,0
284402,0.000,-0.001,-0.004,-0.002,-0.696,-0.114,0.700,-0.112,-0.200,0.000,0.005,0.003,2759,4004,-2,2,0,0.000,0,0
284502,-0.190,-0.000,0.000,-0.003,-0.694,-0.117,0.703,-0.106,-0.200,0.000,0.015,0.013,2631,4037,-4,4,0,0.000,0,0
284602,-0.250,0.001,0.003,-0.000,-0.696,-0.119,0.700,-0.105,-0.200,0.000,0.009,0.018,2647,4037,1,-1,0,0.000,0,0
284702,-0.410,-0.001,-0.004,-0.001,-0.694,-0.119,0.703,-0.103,-0.200,0.000,0.016,0.021,2740,4102,-5,5,0,0.000,0,0
284802,-0.060,-0.003,-0.007,-0.002,-0.687,-0.119,0.711,-0.095,-0.200,0.000,0.039,0.028,2560,4175,-22,22,0,0.000,0,0
284902,0.140,0.002,0.000,-0.002,-0.676,-0.126,0.721,-0.087,-0.200,0.001,0.072,0.044,2134,4200,-36,36,0,0.000,0,0
285002,0.290,0.005,0.007,0.003,-0.687,-0.130,0.709,-0.098,-0.200,0.001,0.038,0.040,1767,3828,-15,15,0,0.000,0,0
285102,-0.060,0.005,0.001,0.001,-0.692,-0.133,0.700,-0.111,-0.200,0.000,0.017,0.029,1617,3584,-6,7,0,0.000,0,0
285202,-0.310,0.004,-0.000,-0.000,-0.689,-0.141,0.701,-0.119,-0.200,0.000,0.021,0.028,1389,3586,-11,11,0,0.000,0,0
285302,-0.220,0.006,0.001,0.006,-0.687,-0.147,0.699,-0.132,-0.200,0.000,0.021,0.017,1842,3550,-11,11,0,0.000,0,0
285402,0.100,0.002,0.002,0.005,-0.684,-0.146,0.699,-0.149,-0.200,-0.000,0.019,-0.009,1990,3124,-10,10,0,0.000,0,0
285502,0.420,0.003,0.000,0.017,-0.680,-0.128,0.701,-0.172,-0.200,-0.001,0.015,-0.066,2455,1641,-9,10,0,0.000,0,0
285602,0.020,0.003,0.006,0.023,-0.673,-0.094,0.699,-0.222,-0.200,-0.004,-0.003,-0.184,3604,0,2,-2,0,0.000,0,0
285702,-0.380,-0.002,0.004,0.026,-0.665,-0.046,0.694,-0.273,-0.200,-0.007,-0.032,-0.317,4759,0,18,-18,0,0.000,0,0
285802,-0.930,-0.006,0.005,0.028,-0.650,0.016,0.690,-0.316,-0.200,-0.014,-0.043,-0.457,5771,0,23,-23,0,0.000,0,0
285902,-0.700,0.001,-0.002,0.025,-0.629,0.069,0.688,-0.354,-0.200,-0.026,-0.036,-0.575,6571,0,18,-17,0,0.000,0,0
286002,-1.220,0.002,-0.010,0.020,-0.594,0.104,0.691,-0.399,-0.200,-0.051,-0.004,-0.673,7193,0,-1,3,0,0.000,0,0
286102,-0.840,0.004,-0.007,0.008,-0.563,0.119,0.698,-0.428,-0.200,-0.078,0.035,-0.726,7507,0,-20,24,0,0.000,0,0
286202,-0.420,0.002,-0.002,0.000,-0.551,0.114,0.700,-0.440,-0.200,-0.087,0.044,-0.736,7465,0,-22,25,0,0.000,0,0
286302,-0.450,-0.005,0.006,-0.006,-0.554,0.121,0.703,-0.430,-0.200,-0.087,0.055,-0.733,7443,0,-28,30,0,0.000,0,0
286402,0.300,0.005,-0.002,0.000,-0.565,0.117,0.700,-0.421,-0.200,-0.077,0.041,-0.718,7296,0,-22,24,0,0.000,0,0
286502,0.010,0.002,-0.007,0.005,-0.549,0.111,0.704,-0.437,-0.200,-0.090,0.055,-0.732,7231,0,-33,36,0,0.000,0,0
286602,0.180,0.000,-0.002,0.002,-0.540,0.112,0.707,-0.443,-0.200,-0.099,0.069,-0.741,7143,0,-41,44,0,0.000,0,0
286702,0.010,0.000,-0.001,0.001,-0.534,0.111,0.711,-0.444,-0.200,-0.106,0.083,-0.742,7025,0,-49,53,0,0.000,0,0
286802,-0.100,0.001,-0.003,0.003,-0.530,0.115,0.714,-0.443,-0.200,-0.110,0.096,-0.746,7006,0,-58,61,0,0.000,0,0
286902,-0.430,0.001,-0.003,0.004,-0.517,0.116,0.717,-0.454,-0.200,-0.123,0.112,-0.760,7105,0,-69,73,0,0.000,0,0
287002,-0.550,0.002,-0.002,-0.003,-0.513,0.111,0.719,-0.455,-0.200,-0.127,0.117,-0.759,7161,0,-73,77,0,0.000,0,0
287102,-0.370,-0.000,-0.002,-0.008,-0.515,0.096,0.723,-0.451,-0.200,-0.124,0.118,-0.740,7105,0,-76,80,0,0.000,0,0
287202,0.000,-0.003,0.002,-0.013,-0.525,0.074,0.729,-0.432,-0.200,-0.114,0.122,-0.699,6879,0,-81,84,0,0.000,0,0
287302,-0.150,-0.004,0.006,-0.011,-0.545,0.061,0.728,-0.410,-0.200,-0.094,0.104,-0.657,6693,0,-73,76,0,0.000,0,0
287402,-0.140,-0.000,0.002,-0.006,-0.562,0.052,0.725,-0.395,-0.200,-0.079,0.085,-0.626,6614,0,-66,69,0,0.000,0,0
287502,0.000,-0.001,0.000,-0.000,-0.565,0.047,0.725,-0.390,-0.200,-0.076,0.083,-0.614,6602,0,-69,72,0,0.000,0,0
287602,-0.380,-0.001,-0.001,-0.000,-0.563,0.047,0.729,-0.387,-0.200,-0.079,0.094,-0.612,6643,0,-78,81,0,0.000,0,0
287702,-0.660,0.006,-0.005,-0.008,-0.565,0.036,0.730,-0.383,-0.200,-0.076,0.093,-0.596,6720,0,-80,82,0,0.000,0,0
287802,-0.190,0.003,-0.004,-0.009,-0.563,0.001,0.734,-0.381,-0.200,-0.073,0.099,-0.555,6547,0,-85,87,0,0.000,0,0
287902,0.450,0.001,-0.006,-0.006,-0.563,-0.023,0.740,-0.367,-0.200,-0.070,0.116,-0.514,6322,0,-98,100,0,0.000,0,0
288002,0.000,-0.011,0.000,0.002,-0.560,-0.020,0.748,-0.355,-0.200,-0.073,0.141,-0.504,6230,0,-114,116,0,0.000,0,0
288102,-0.210,-0.006,-0.005,0.004,-0.547,-0.005,0.762,-0.346,-0.200,-0.085,0.187,-0.516,6417,0,-143,146,0,0.000,0,0
288202,-0.410,-0.004,-0.002,-0.003,-0.541,0.004,0.772,-0.335,-0.200,-0.090,0.217,-0.514,6443,0,-161,164,0,0.000,0,0
288302,-0.830,-0.007,0.000,-0.007,-0.545,0.003,0.776,-0.318,-0.200,-0.086,0.228,-0.489,6439,0,-171,173,0,0.000,0,0
288402,0.200,-0.004,-0.002,-0.005,-0.548,-0.006,0.783,-0.296,-0.200,-0.079,0.246,-0.449,6307,0,-188,191,0,0.000,0,0
288502,0.080,-0.006,-0.004,-0.004,-0.545,-0.006,0.791,-0.277,-0.200,-0.078,0.273,-0.425,6138,0,-199,200,0,0.000,0,0
288602,0.120,-0.003,0.001,-0.001,-0.540,-0.008,0.799,-0.265,-0.200,-0.079,0.297,-0.408,5985,0,-199,200,0,0.000,0,0
288702,-0.210,-0.009,0.010,-0.004,-0.553,0.000,0.794,-0.251,-0.200,-0.070,0.280,-0.392,5838,0,-199,200,0,0.000,0,0
288802,-0.610,-0.013,0.014,-0.005,-0.583,0.014,0.782,-0.218,-0.200,-0.052,0.236,-0.354,5515,0,-199,200,0,0.000,0,0
288902,-0.640,-0.014,0.009,-0.003,-0.606,0.034,0.774,-0.182,-0.200,-0.039,0.207,-0.321,5497,0,-195,196,0,0.000,0,0
289002,-0.470,-0.014,0.009,-0.005,-0.625,0.053,0.766,-0.143,-0.200,-0.029,0.184,-0.283,5435,1412,-188,189,0,0.000,0,0
289102,-0.750,-0.016,-0.007,-0.011,-0.626,0.060,0.772,-0.093,-0.200,-0.023,0.202,-0.218,5138,2631,-200,200,0,0.000,0,0
289202,0.130,-0.016,0.006,-0.011,-0.628,0.063,0.774,-0.041,-0.200,-0.015,0.209,-0.142,4769,3329,-200,200,0,0.000,0,0
289302,0.360,-0.011,0.001,-0.008,-0.635,0.066,0.770,0.003,-0.200,-0.008,0.196,-0.079,4208,3287,-197,197,0,0.000,0,0
289402,0.430,-0.006,-0.000,-0.004,-0.635,0.066,0.769,0.030,-0.200,-0.004,0.194,-0.038,3832,2888,-197,197,0,0.000,0,0
289502,0.070,-0.005,0.000,-0.003,-0.634,0.067,0.769,0.046,-0.200,-0.001,0.193,-0.014,3488,2383,-196,196,0,0.000,0,0
289602,-0.190,-0.003,0.010,-0.001,-0.643,0.069,0.761,0.058,-0.200,-0.000,0.167,-0.001,3362,2013,-179,179,0,0.000,0,0
289702,-0.290,-0.005,0.003,0.001,-0.661,0.073,0.744,0.064,-0.200,-0.000,0.119,-0.002,3572,1876,-156,156,0,0.000,0,0
289802,-0.530,-0.003,0.003,-0.003,-0.660,0.077,0.743,0.076,-0.200,0.001,0.117,0.010,3610,2356,-157,157,0,0.000,0,0
289902,-0.540,0.001,0.003,-0.000,-0.665,0.075,0.738,0.081,-0.200,0.001,0.102,0.020,3821,2775,-149,149,0,0.000,0,0
290002,-0.090,-0.003,0.002,-0.001,-0.672,0.076,0.732,0.084,-0.200,0.001,0.082,0.021,3925,2854,-139,139,36,15.450,305,305
290102,0.320,-0.003,-0.002,0.001,-0.670,0.085,0.732,0.093,-0.200,0.001,0.085,0.023,3690,2540,-143,144,36,15.450,305,305
290202,0.160,-0.004,-0.002,0.002,-0.667,0.094,0.733,0.096,-0.200,0.001,0.092,0.015,3470,1920,-147,147,36,15.450,305,305
290302,0.210,-0.002,-0.001,0.002,-0.663,0.109,0.734,0.102,-0.200,0.000,0.101,0.006,3291,1154,-151,151,36,15.470,305,305
290402,0.090,-0.001,-0.002,0.002,-0.658,0.115,0.738,0.099,-0.200,-0.000,0.115,-0.004,3087,0,-159,159,36,15.470,305,305
290502,-0.200,-0.006,0.003,0.001,-0.663,0.125,0.730,0.104,-0.200,-0.001,0.098,-0.015,2982,0,-147,148,36,15.480,305,305
290602,-0.430,-0.004,-0.000,0.000,-0.663,0.135,0.728,0.114,-0.200,-0.001,0.095,-0.013,3032,0,-147,148,36,15.480,305,305
290702,-0.320,-0.009,-0.002,0.003,-0.656,0.149,0.729,0.122,-0.200,-0.001,0.109,-0.018,3296,0,-156,156,36,15.480,305,305
290802,0.140,-0.014,-0.002,0.005,-0.648,0.180,0.728,0.135,-0.200,-0.002,0.125,-0.037,3432,0,-164,164,36,15.480,305,305
290902,0.470,-0.021,0.001,0.000,-0.637,0.215,0.721,0.166,-0.200,-0.002,0.133,-0.035,2770,0,-167,167,36,15.480,305,305
291002,-0.280,-0.028,0.002,-0.000,-0.622,0.259,0.707,0.212,-0.200,-0.001,0.135,-0.023,2334,0,-167,167,36,15.480,305,305
291102,-0.200,-0.026,0.005,-0.001,-0.612,0.304,0.680,0.266,-0.200,-0.001,0.110,-0.010,2360,0,-152,152,36,15.480,305,305
291202,0.300,-0.019,-0.011,-0.000,-0.587,0.337,0.669,0.308,-0.200,0.001,0.121,0.016,1716,0,-164,164,36,15.480,305,305
291302,-0.420,-0.015,0.001,0.002,-0.565,0.368,0.661,0.330,-0.200,0.001,0.144,0.020,1986,0,-173,173,36,15.480,305,305
291402,-0.310,-0.009,0.001,0.005,-0.561,0.394,0.642,0.345,-0.200,0.000,0.134,0.001,2592,0,-166,166,36,15.480,305,305
291502,-0.430,-0.005,-0.004,-0.001,-0.551,0.408,0.638,0.353,-0.200,0.000,0.145,0.001,2668,0,-174,175,36,15.480,305,305
291602,-0.260,-0.004,0.003,-0.001,-0.543,0.413,0.636,0.362,-0.200,0.001,0.149,0.012,2558,0,-174,174,36,15.480,305,305
291702,-0.360,-0.003,-0.002,-0.000,-0.541,0.417,0.629,0.372,-0.200,0.001,0.139,0.017,2490,0,-169,170,36,15.480,305,305
291802,-1.000,-0.000,-0.001,-0.002,-0.533,0.418,0.634,0.372,-0.200,0.002,0.154,0.027,2952,1746,-178,178,36,15.480,305,305
291902,0.230,-0.002,-0.000,-0.000,-0.532,0.415,0.636,0.375,-0.200,0.003,0.153,0.035,3021,2081,-177,177,36,15.480,305,305
292002,0.860,-0.005,-0.005,-0.001,-0.521,0.423,0.636,0.382,-0.200,0.004,0.167,0.045,2100,1018,-186,186,36,15.480,305,305
292102,0.050,-0.000,-0.003,0.001,-0.509,0.432,0.641,0.379,-0.200,0.005,0.196,0.047,1344,0,-200,200,36,15.480,305,305
292202,-0.780,-0.005,0.002,0.003,-0.508,0.439,0.636,0.380,-0.200,0.004,0.196,0.037,1965,0,-197,197,36,15.480,305,305
292302,-1.420,-0.006,0.001,0.003,-0.506,0.451,0.625,0.388,-0.200,0.003,0.189,0.029,3106,2037,-194,194,36,15.480,305,305
292402,-1.200,-0.007,0.001,0.005,-0.502,0.469,0.611,0.393,-0.200,0.001,0.187,0.010,4070,2934,-193,193,36,15.480,305,305
292502,-0.920,-0.004,0.003,0.001,-0.500,0.481,0.599,0.400,-0.200,-0.000,0.182,-0.002,4593,3564,-189,190,36,15.480,305,305
292602,0.080,-0.003,0.000,-0.002,-0.503,0.480,0.594,0.405,-0.200,-0.000,0.168,-0.002,4621,3764,-183,183,36,15.480,305,305
292702,0.270,-0.002,0.007,-0.003,-0.499,0.476,0.591,0.420,-0.200,0.002,0.150,0.021,4133,3774,-169,170,36,15.480,305,305
292802,0.010,0.003,0.006,0.001,-0.514,0.466,0.579,0.428,-0.200,0.001,0.106,0.017,4017,3385,-148,149,36,15.480,305,305
292902,-0.330,0.006,0.008,-0.001,-0.530,0.452,0.576,0.427,-0.200,0.000,0.073,0.013,4138,3455,-131,132,36,15.480,305,305
293002,1.040,0.001,0.004,-0.005,-0.538,0.435,0.576,0.434,-0.200,0.001,0.043,0.032,3461,3265,-118,118,36,15.480,305,305
293102,2.320,-0.003,0.001,-0.003,-0.539,0.426,0.574,0.445,-0.200,0.002,0.023,0.053,0,1052,-110,110,36,15.480,305,305
293202,1.750,-0.012,-0.003,-0.001,-0.524,0.440,0.568,0.457,-0.200,0.002,0.032,0.058,0,845,-117,117,36,15.480,305,305
293302,1.140,-0.004,0.001,0.004,-0.515,0.456,0.559,0.463,-0.200,0.002,0.040,0.048,637,0,-120,121,36,15.480,305,305
293402,0.230,-0.004,-0.003,-0.001,-0.513,0.463,0.550,0.468,-0.200,0.001,0.035,0.040,638,0,-118,119,36,15.480,305,305
293502,-0.120,-0.004,-0.005,-0.001,-0.500,0.472,0.553,0.471,-0.200,0.003,0.057,0.050,0,928,-131,131,36,15.480,305,305
293602,-0.300,-0.003,0.001,0.005,-0.498,0.480,0.545,0.473,-0.200,0.002,0.056,0.037,900,548,-128,128,36,15.480,305,305
293702,-0.520,-0.003,0.004,0.003,-0.503,0.487,0.533,0.476,-0.200,0.000,0.041,0.018,1856,881,-118,119,36,15.480,305,305
293802,0.300,-0.004,-0.001,-0.002,-0.502,0.491,0.522,0.485,-0.200,0.000,0.027,0.014,1536,964,-113,113,36,15.480,305,305
293902,-0.550,0.001,-0.006,-0.002,-0.485,0.497,0.533,0.483,-0.200,0.002,0.063,0.033,0,1457,-135,136,36,15.480,305,305
294002,-1.240,0.003,0.000,-0.002,-0.482,0.495,0.542,0.479,-0.200,0.002,0.076,0.042,1903,2690,-138,139,36,15.480,305,305
294102,0.090,0.003,0.003,0.002,-0.491,0.485,0.541,0.481,-0.200,0.002,0.056,0.044,2226,2881,-126,127,36,15.480,305,305
294202,-0.210,0.005,0.001,0.003,-0.500,0.486,0.539,0.472,-0.200,0.001,0.054,0.023,2602,2601,-126,126,36,15.480,305,305
294302,0.530,0.009,-0.003,-0.006,-0.509,0.470,0.551,0.465,-0.200,0.001,0.048,0.033,1672,2547,-124,125,36,15.480,305,305
294402,-0.100,0.005,-0.001,0.003,-0.511,0.464,0.569,0.448,-0.200,0.002,0.077,0.034,1226,2140,-140,141,36,15.480,305,305
294502,-0.310,0.005,0.003,0.003,-0.523,0.462,0.568,0.437,-0.200,0.001,0.072,0.013,1824,1797,-135,136,36,15.480,305,305
294602,-0.270,0.008,-0.002,0.001,-0.537,0.453,0.573,0.422,-0.200,-0.000,0.067,-0.003,2042,1708,-133,134,36,15.480,305,305
294702,0.250,0.005,-0.007,-0.002,-0.539,0.446,0.586,0.409,-0.200,-0.000,0.085,-0.000,1346,1514,-145,146,36,15.480,305,305
294802,0.220,0.000,-0.005,-0.001,-0.525,0.449,0.603,0.398,-0.200,0.001,0.131,0.008,0,1085,-170,171,36,15.480,305,305
294902,0.080,0.001,0.004,-0.000,-0.528,0.446,0.601,0.400,-0.200,0.001,0.122,0.010,0,1057,-160,160,36,15.480,305,305
295002,-0.530,0.001,0.005,-0.001,-0.537,0.436,0.598,0.404,-0.200,0.001,0.096,0.016,0,1616,-145,145,36,15.480,305,305
295102,-0.270,0.002,-0.001,0.003,-0.546,0.430,0.595,0.404,-0.200,0.000,0.077,0.011,1208,1811,-137,137,36,15.480,305,305
295202,-0.480,0.001,-0.003,0.006,-0.549,0.440,0.594,0.389,-0.200,-0.001,0.094,-0.020,2327,1418,-148,149,36,15.480,305,305
295302,0.030,-0.009,-0.003,0.002,-0.547,0.455,0.588,0.385,-0.200,-0.002,0.105,-0.046,2603,993,-154,154,36,15.480,305,305
295402,-0.460,-0.006,-0.000,0.003,-0.535,0.473,0.578,0.394,-0.200,-0.002,0.117,-0.051,2455,739,-159,160,36,15.480,305,305
295502,-0.730,-0.006,-0.001,0.002,-0.532,0.485,0.570,0.395,-0.200,-0.002,0.122,-0.066,3183,1609,-162,162,36,15.480,305,305
295602,0.000,-0.009,0.003,-0.005,-0.521,0.494,0.560,0.413,-0.200,-0.002,0.116,-0.051,3019,2202,-157,157,36,15.480,305,305
295702,0.280,-0.004,0.000,-0.003,-0.508,0.495,0.556,0.434,-0.200,-0.001,0.108,-0.021,2036,1935,-153,153,36,15.480,305,305
295802,0.200,0.000,0.001,0.002,-0.509,0.494,0.555,0.435,-0.200,-0.001,0.103,-0.019,1685,698,-151,151,36,15.480,305,305
295902,-0.010,-0.002,0.000,0.002,-0.514,0.495,0.549,0.435,-0.200,-0.001,0.093,-0.031,1759,0,-146,146,36,15.480,305,305
296002,-0.180,-0.002,0.001,-0.000,-0.511,0.501,0.546,0.436,-0.200,-0.001,0.099,-0.036,1709,0,-149,150,36,15.480,305,305
296102,-0.520,-0.001,-0.003,-0.001,-0.507,0.501,0.549,0.437,-0.200,-0.001,0.105,-0.028,1830,0,-155,155,36,15.480,305,305
296202,0.250,0.002,-0.004,-0.001,-0.502,0.502,0.558,0.430,-0.200,-0.001,0.126,-0.024,1608,0,-165,166,36,15.480,305,305
296302,0.480,0.002,-0.005,-0.004,-0.497,0.499,0.569,0.424,-0.200,-0.001,0.146,-0.014,1262,0,-176,176,36,15.480,305,305
296402,0.110,0.004,0.002,0.001,-0.498,0.492,0.576,0.422,-0.200,-0.000,0.148,-0.004,1165,0,-173,174,36,15.490,305,305
296502,0.310,0.003,-0.002,0.003,-0.505,0.491,0.578,0.413,-0.200,-0.001,0.150,-0.019,1757,0,-176,177,36,15.490,305,305
296602,0.190,0.000,0.003,-0.002,-0.505,0.492,0.579,0.410,-0.200,-0.002,0.154,-0.022,1730,0,-176,177,36,15.490,305,305
296702,0.010,0.001,0.006,0.001,-0.514,0.483,0.574,0.416,-0.200,-0.001,0.127,-0.019,1699,0,-160,160,36,15.490,305,305
296802,-0.260,-0.001,0.001,0.001,-0.522,0.481,0.566,0.420,-0.200,-0.001,0.103,-0.027,1921,0,-149,150,36,15.490,305,305
296902,-0.180,0.000,0.006,-0.000,-0.526,0.478,0.561,0.425,-0.200,-0.001,0.086,-0.026,1934,0,-140,141,36,15.490,305,305
297002,-0.340,-0.000,0.001,-0.000,-0.530,0.474,0.557,0.428,-0.200,-0.001,0.071,-0.026,1992,0,-134,135,36,15.490,305,305
297102,-0.270,-0.000,-0.001,-0.002,-0.529,0.476,0.558,0.427,-0.200,-0.001,0.076,-0.026,2066,0,-138,139,36,15.490,305,305
297202,0.030,0.000,-0.003,-0.002,-0.524,0.475,0.564,0.426,-0.200,-0.001,0.088,-0.018,1758,0,-145,146,36,15.480,305,305
297302,0.080,0.000,-0.001,-0.001,-0.520,0.474,0.569,0.425,-0.200,-0.000,0.098,-0.009,1659,0,-150,150,36,15.480,305,305
297402,-0.020,0.001,-0.000,-0.001,-0.516,0.474,0.574,0.423,-0.200,-0.000,0.109,-0.004,1645,0,-156,156,36,15.480,305,305
297502,-0.010,0.000,0.001,-0.000,-0.515,0.476,0.576,0.421,-0.200,-0.000,0.116,-0.004,1733,0,-158,159,36,15.480,305,305
297602,-0.040,0.000,-0.001,0.000,-0.515,0.476,0.575,0.421,-0.200,-0.000,0.116,-0.006,1802,0,-158,159,36,15.480,305,305
297702,-0.020,-0.000,-0.000,0.000,-0.513,0.479,0.576,0.418,-0.200,-0.001,0.124,-0.010,1898,0,-162,163,36,15.480,305,305
297802,-0.130,0.000,0.000,-0.000,-0.514,0.479,0.576,0.417,-0.200,-0.001,0.124,-0.011,1912,0,-162,162,36,15.480,305,305
297902,-0.160,0.000,-0.000,0.001,-0.515,0.479,0.577,0.416,-0.200,-0.001,0.125,-0.014,1975,0,-162,163,36,15.480,305,305
298002,0.060,0.001,-0.000,0.002,-0.516,0.482,0.576,0.412,-0.200,-0.001,0.128,-0.023,2157,0,-164,165,36,15.490,305,305
298102,-0.170,0.001,-0.002,0.003,-0.519,0.484,0.576,0.405,-0.200,-0.002,0.133,-0.036,2392,0,-167,168,36,15.490,305,305
298202,-0.090,0.001,-0.003,0.002,-0.519,0.490,0.577,0.396,-0.200,-0.003,0.148,-0.052,2687,0,-176,177,36,15.480,305,305
298302,0.200,-0.000,-0.001,0.003,-0.519,0.494,0.578,0.390,-0.200,-0.003,0.157,-0.063,2741,0,-179,180,36,15.480,305,305
298402,0.470,0.003,0.003,-0.003,-0.522,0.493,0.576,0.392,-0.200,-0.003,0.150,-0.063,2664,0,-173,174,36,15.480,305,305
298502,0.220,0.000,-0.001,-0.004,-0.522,0.483,0.581,0.395,-0.200,-0.002,0.143,-0.044,2405,0,-171,172,36,15.480,305,305
298602,-0.180,-0.001,-0.000,-0.002,-0.515,0.481,0.586,0.400,-0.200,-0.002,0.150,-0.026,2231,0,-175,176,36,15.480,305,305
298702,-0.250,0.001,0.002,0.002,-0.519,0.478,0.584,0.401,-0.200,-0.002,0.140,-0.028,2516,0,-169,169,36,15.470,305,305
298802,-0.090,0.002,0.004,0.001,-0.524,0.479,0.582,0.397,-0.200,-0.002,0.136,-0.040,2682,0,-167,167,36,15.470,305,305
298902,0.110,-0.001,-0.006,0.002,-0.531,0.477,0.579,0.393,-0.200,-0.002,0.127,-0.051,2779,0,-164,165,36,15.470,305,305
299002,-0.020,-0.001,-0.000,-0.001,-0.523,0.483,0.582,0.392,-0.200,-0.003,0.146,-0.049,2651,0,-174,174,36,15.470,305,305
299102,-0.150,0.001,-0.001,0.000,-0.523,0.482,0.584,0.391,-0.200,-0.003,0.148,-0.048,2631,0,-174,175,36,15.470,305,305
299202,0.080,0.000,-0.001,0.001,-0.524,0.483,0.584,0.389,-0.200,-0.003,0.149,-0.052,2694,0,-175,175,36,15.480,305,305
299302,0.070,0.000,0.000,0.000,-0.524,0.483,0.585,0.387,-0.200,-0.003,0.151,-0.054,2707,0,-175,176,36,15.480,305,305
299402,-0.050,0.000,0.000,0.000,-0.523,0.483,0.586,0.386,-0.200,-0.003,0.154,-0.053,2673,0,-177,177,36,15.480,305,305
299502,0.090,-0.001,-0.000,0.001,-0.523,0.485,0.585,0.386,-0.200,-0.003,0.156,-0.055,2706,0,-178,179,36,15.470,305,305
299602,-0.010,-0.001,0.000,-0.002,-0.522,0.486,0.584,0.388,-0.200,-0.003,0.154,-0.055,2668,0,-177,177,36,15.470,305,305
299702,0.020,-0.003,-0.002,-0.003,-0.514,0.487,0.587,0.392,-0.200,-0.003,0.164,-0.040,2437,0,-183,183,36,15.470,305,305
299802,0.280,-0.002,0.002,-0.003,-0.507,0.485,0.587,0.403,-0.200,-0.001,0.161,-0.020,2152,0,-179,180,36,15.470,305,305
299902,-0.050,-0.001,0.004,-0.002,-0.504,0.481,0.586,0.414,-0.200,0.000,0.150,-0.000,1950,0,-172,172,36,15.470,305,305
300002,-0.340,-0.001,0.001,0.000,-0.505,0.478,0.583,0.420,-0.200,0.000,0.137,0.006,2040,0,-167,168,36,15.470,305,305
300102,0.060,-0.001,-0.002,-0.000,-0.505,0.479,0.584,0.419,-0.200,0.000,0.140,0.005,2116,0,-170,171,36,15.470,305,305
300202,-0.020,0.000,0.000,0.002,-0.506,0.480,0.584,0.416,-0.200,-0.000,0.142,-0.000,2295,0,-171,171,36,15.460,305,305
300302,-0.160,-0.001,-0.004,0.000,-0.501,0.485,0.585,0.414,-0.200,-0.000,0.155,-0.003,2275,0,-179,180,36,15.460,305,305
300402,0.350,0.000,-0.004,0.005,-0.501,0.495,0.585,0.402,-0.200,-0.002,0.175,-0.027,2724,0,-190,190,36,15.460,305,305
300502,0.160,0.002,-0.004,0.002,-0.501,0.500,0.589,0.390,-0.200,-0.003,0.194,-0.042,2792,0,-199,200,36,15.480,305,305
300602,0.010,-0.001,-0.007,0.002,-0.499,0.506,0.594,0.377,-0.200,-0.005,0.220,-0.056,2882,0,-200,200,36,15.480,305,305
300702,0.140,0.001,-0.002,0.002,-0.494,0.512,0.597,0.371,-0.200,-0.006,0.239,-0.063,2868,0,-200,200,36,15.480,305,305
300802,0.070,0.002,0.000,0.002,-0.495,0.515,0.596,0.365,-0.200,-0.007,0.245,-0.074,2956,0,-200,200,36,15.480,305,305
300902,-0.020,0.001,-0.001,0.000,-0.497,0.517,0.597,0.360,-0.200,-0.008,0.250,-0.083,2981,0,-200,200,36,15.480,305,305
301002,-0.050,0.000,-0.002,0.001,-0.497,0.518,0.597,0.358,-0.200,-0.008,0.252,-0.088,2998,0,-200,200,37,15.480,305,305
301102,0.140,-0.002,-0.003,-0.002,-0.493,0.521,0.599,0.355,-0.200,-0.009,0.265,-0.087,2924,0,-200,200,37,15.480,305,305
301202,0.120,0.000,-0.000,-0.000,-0.486,0.522,0.603,0.357,-0.200,-0.008,0.275,-0.077,2784,0,-200,200,36,15.480,305,305
301302,0.070,-0.000,-0.003,-0.000,-0.484,0.523,0.605,0.354,-0.200,-0.009,0.282,-0.078,2826,0,-200,200,36,15.480,305,305
301402,0.010,-0.002,0.001,-0.000,-0.479,0.526,0.606,0.355,-0.200,-0.008,0.292,-0.072,2752,0,-200,200,36,15.480,305,305
301502,-0.010,-0.003,-0.000,-0.001,-0.478,0.528,0.602,0.361,-0.200,-0.008,0.286,-0.069,2740,0,-200,200,36,15.480,305,305
301602,-0.310,-0.002,-0.001,-0.001,-0.470,0.530,0.604,0.365,-0.200,-0.007,0.296,-0.058,2681,0,-200,200,36,15.480,305,305
301702,0.130,-0.000,0.001,-0.001,-0.469,0.528,0.605,0.368,-0.200,-0.006,0.293,-0.048,2620,0,-200,200,36,15.480,305,305
301802,-0.340,0.002,0.002,-0.001,-0.472,0.522,0.608,0.368,-0.200,-0.006,0.286,-0.044,2533,0,-200,200,36,15.480,305,305
301902,0.320,0.003,0.005,0.001,-0.483,0.518,0.602,0.369,-0.200,-0.006,0.263,-0.056,2765,0,-200,200,36,15.480,305,305
302002,-0.160,0.002,0.000,-0.001,-0.489,0.511,0.603,0.369,-0.200,-0.006,0.250,-0.055,2685,0,-200,200,36,15.470,305,305
302102,0.060,0.002,0.000,0.002,-0.493,0.508,0.604,0.364,-0.200,-0.006,0.250,-0.061,2796,0,-200,200,36,15.470,305,305
302202,0.060,0.000,-0.000,0.002,-0.497,0.510,0.603,0.360,-0.200,-0.007,0.248,-0.073,2934,0,-200,200,36,15.470,305,305
302302,0.270,-0.001,0.002,0.002,-0.499,0.513,0.600,0.357,-0.200,-0.008,0.248,-0.084,3013,0,-200,200,36,15.470,305,305
302402,0.100,-0.002,0.007,0.001,-0.505,0.514,0.591,0.363,-0.200,-0.007,0.228,-0.090,3014,0,-200,200,36,15.470,305,305
302502,-0.390,-0.003,0.005,-0.006,-0.508,0.507,0.584,0.379,-0.200,-0.005,0.198,-0.072,2684,0,-194,195,36,15.470,305,305
302602,-0.110,-0.003,0.007,-0.008,-0.505,0.492,0.584,0.402,-0.200,-0.002,0.167,-0.027,2169,0,-179,180,36,15.470,305,305
302702,0.460,-0.001,0.003,-0.004,-0.506,0.480,0.581,0.420,-0.200,0.000,0.136,0.002,1695,0,-164,165,36,15.470,305,305
302802,0.240,0.001,0.000,0.002,-0.508,0.476,0.579,0.424,-0.200,0.000,0.124,0.006,1983,0,-161,161,36,15.470,305,305
302902,-0.180,0.001,-0.007,-0.000,-0.504,0.482,0.585,0.415,-0.200,-0.000,0.149,-0.001,2220,0,-179,180,36,15.470,305,305
303002,0.170,-0.000,-0.001,-0.006,-0.496,0.479,0.592,0.417,-0.200,0.002,0.161,0.017,1792,0,-181,182,36,15.480,305,305
303102,0.270,0.000,-0.001,-0.003,-0.484,0.476,0.603,0.419,-0.200,0.005,0.182,0.044,1216,0,-193,193,36,15.480,305,305
303202,-0.170,0.003,-0.001,-0.005,-0.484,0.468,0.607,0.422,-0.200,0.007,0.176,0.060,845,0,-188,189,36,15.480,305,305
303302,0.430,0.005,0.001,-0.006,-0.480,0.453,0.620,0.425,-0.200,0.012,0.179,0.092,0,1280,-189,189,36,15.480,305,305
303402,0.440,0.003,-0.003,0.003,-0.480,0.447,0.633,0.411,-0.200,0.012,0.202,0.090,0,780,-200,200,36,15.480,305,305
303502,-0.140,0.002,0.002,-0.003,-0.486,0.446,0.630,0.411,-0.200,0.011,0.191,0.083,0,728,-194,194,36,15.480,305,305
303602,-0.150,-0.001,-0.006,-0.011,-0.467,0.438,0.649,0.412,-0.200,0.020,0.227,0.125,0,2253,-200,200,36,15.480,305,305
303702,-0.050,-0.001,-0.001,-0.014,-0.444,0.419,0.667,0.428,-0.200,0.039,0.244,0.195,0,3243,-200,199,36,15.480,305,305
303802,-0.220,-0.002,0.001,-0.007,-0.431,0.403,0.676,0.443,-0.200,0.054,0.245,0.245,0,3658,-200,199,36,15.480,305,305
303902,0.210,-0.004,0.000,-0.005,-0.423,0.398,0.675,0.455,-0.200,0.062,0.237,0.271,0,3865,-200,199,36,15.480,305,305
304002,0.210,-0.006,0.001,-0.004,-0.409,0.397,0.673,0.472,-0.200,0.073,0.231,0.301,0,4200,-200,199,36,15.480,305,305
304102,0.010,-0.005,-0.002,-0.009,-0.395,0.390,0.672,0.490,-0.200,0.088,0.223,0.339,0,4602,-200,199,36,15.480,305,305
304202,-0.020,-0.008,-0.007,-0.009,-0.369,0.386,0.677,0.506,-0.200,0.113,0.238,0.384,0,4853,-200,198,36,15.480,305,305
304302,0.140,-0.002,-0.005,-0.010,-0.341,0.378,0.689,0.515,-0.200,0.144,0.268,0.428,0,5020,-200,198,36,15.480,305,305
304402,0.070,-0.001,-0.001,-0.004,-0.326,0.372,0.696,0.521,-0.200,0.164,0.283,0.454,0,5032,-200,198,36,15.480,305,305
304502,-0.210,-0.001,-0.000,-0.002,-0.318,0.369,0.696,0.527,-0.200,0.174,0.284,0.468,0,5011,-200,197,36,15.480,305,305
304602,-0.180,0.001,-0.001,-0.002,-0.315,0.365,0.700,0.527,-0.200,0.180,0.293,0.474,0,4979,-200,197,36,15.480,305,305
304702,-0.020,-0.002,-0.002,-0.002,-0.309,0.366,0.701,0.528,-0.200,0.187,0.300,0.480,0,4978,-200,197,36,15.480,305,305
304802,0.010,-0.003,0.000,-0.000,-0.304,0.370,0.698,0.533,-0.200,0.190,0.298,0.483,0,4968,-200,197,36,15.480,305,305
304902,0.130,-0.002,0.001,-0.001,-0.300,0.369,0.699,0.535,-0.200,0.195,0.299,0.488,0,4988,-200,197,36,15.480,305,305
305002,0.250,-0.003,-0.002,-0.003,-0.291,0.368,0.697,0.542,-0.200,0.206,0.298,0.501,0,5081,-200,197,36,15.490,305,305
305102,0.150,-0.003,-0.000,-0.001,-0.283,0.367,0.695,0.550,-0.200,0.216,0.296,0.513,0,5123,-200,197,36,15.490,305,305
305202,-0.040,-0.002,-0.000,-0.000,-0.279,0.370,0.690,0.556,-0.200,0.219,0.288,0.516,0,5103,-200,197,36,15.490,305,305
305302,0.080,-0.002,-0.001,-0.001,-0.277,0.370,0.689,0.558,-0.200,0.222,0.286,0.519,0,5107,-200,197,36,15.480,305,305
305402,-0.110,-0.004,-0.001,0.001,-0.271,0.375,0.685,0.562,-0.200,0.225,0.284,0.521,0,5095,-200,196,36,15.480,305,305
305502,-0.130,-0.002,-0.001,-0.000,-0.268,0.379,0.682,0.565,-0.200,0.226,0.281,0.520,0,5085,-200,197,36,15.480,305,305
305602,-0.030,-0.002,-0.003,-0.001,-0.263,0.383,0.680,0.568,-0.200,0.231,0.283,0.522,0,5098,-200,196,36,15.480,305,305
305702,0.350,0.002,0.002,0.001,-0.266,0.382,0.679,0.568,-0.200,0.227,0.278,0.520,0,5074,-200,197,36,15.480,305,305
305802,-0.020,0.005,-0.000,0.000,-0.275,0.378,0.684,0.561,-0.200,0.220,0.281,0.514,0,5028,-200,197,36,15.480,305,305
305902,0.150,-0.001,-0.001,0.000,-0.274,0.381,0.683,0.559,-0.200,0.218,0.285,0.510,0,5016,-200,197,36,15.480,305,305
306002,0.260,-0.001,-0.001,0.001,-0.273,0.385,0.683,0.557,-0.200,0.217,0.289,0.506,0,4996,-200,197,36,15.480,305,305
306102,0.330,0.005,0.001,0.002,-0.278,0.386,0.686,0.551,-0.200,0.211,0.295,0.498,0,4940,-200,197,36,15.480,305,305
306202,0.010,0.002,0.001,0.001,-0.287,0.382,0.692,0.541,-0.200,0.202,0.303,0.489,0,4899,-200,197,36,15.480,305,305
306302,-0.100,0.002,-0.002,0.002,-0.290,0.384,0.693,0.536,-0.200,0.198,0.308,0.482,0,4869,-200,197,36,15.480,305,305
306402,0.110,0.002,-0.001,0.004,-0.293,0.389,0.697,0.527,-0.200,0.191,0.322,0.469,0,4776,-200,197,36,15.480,305,305
306502,-0.410,0.005,-0.000,0.003,-0.302,0.391,0.701,0.515,-0.200,0.180,0.331,0.452,0,4703,-200,197,37,15.470,305,305
306602,-0.160,0.002,-0.002,0.003,-0.308,0.396,0.704,0.503,-0.200,0.170,0.346,0.433,0,4710,-200,197,37,15.470,305,305
306702,-0.070,0.004,-0.004,0.002,-0.313,0.401,0.709,0.488,-0.200,0.160,0.365,0.412,0,4499,-200,197,36,15.460,872,4892
306802,-0.110,0.000,0.002,0.006,-0.317,0.407,0.711,0.478,-0.200,0.151,0.377,0.393,0,4393,-200,198,36,15.460,872,4892
306902,0.060,0.001,0.007,0.011,-0.339,0.415,0.697,0.476,-0.200,0.124,0.342,0.361,0,4158,-200,198,36,15.460,872,4892
307002,-0.260,0.001,0.004,0.009,-0.367,0.424,0.681,0.470,-0.200,0.095,0.305,0.316,0,3858,-200,199,37,15.470,1547,4166
307102,0.600,0.003,0.003,0.007,-0.384,0.434,0.671,0.463,-0.200,0.075,0.288,0.277,0,3652,-200,199,37,15.470,1547,4166
307202,0.200,0.000,0.002,0.004,-0.395,0.439,0.666,0.456,-0.200,0.065,0.282,0.253,0,3625,-200,199,36,15.460,482,3623
307302,-0.190,0.002,0.005,0.006,-0.411,0.442,0.656,0.454,-0.200,0.052,0.257,0.226,0,3471,-200,199,36,15.460,482,3623
307402,0.000,-0.002,-0.000,0.002,-0.420,0.447,0.648,0.452,-0.200,0.044,0.245,0.205,0,3417,-200,199,36,15.460,482,3623
307502,-0.120,0.001,0.002,0.003,-0.425,0.450,0.643,0.452,-0.200,0.040,0.236,0.195,0,3414,-200,199,36,15.460,887,3434
307602,-0.400,0.002,0.006,0.006,-0.442,0.452,0.633,0.447,-0.200,0.029,0.213,0.165,0,3139,-200,199,36,15.460,887,3434
307702,-0.160,0.006,0.009,0.006,-0.463,0.451,0.623,0.441,0.000,0.019,0.185,0.130,0,2872,-186,185,37,15.460,1562,2955
307802,-0.030,-0.002,-0.002,0.003,-0.475,0.455,0.613,0.437,0.000,0.013,0.167,0.103,0,2689,-184,182,37,15.460,1562,2955
307902,0.200,-0.001,-0.000,0.002,-0.473,0.461,0.610,0.438,0.000,0.013,0.171,0.099,0,2830,-186,185,37,15.460,1562,2955
308002,-0.060,0.001,-0.000,0.003,-0.479,0.463,0.606,0.435,0.000,0.010,0.164,0.084,0,2843,-182,181,37,15.460,480,2821
308102,0.350,-0.001,-0.002,0.001,-0.481,0.464,0.606,0.432,0.000,0.009,0.165,0.076,0,2930,-184,183,37,15.460,480,2821
308202,0.060,0.002,0.001,0.001,-0.481,0.465,0.607,0.429,0.000,0.008,0.171,0.073,0,2858,-186,185,36,15.460,842,2893
308302,-0.150,-0.002,0.002,0.000,-0.485,0.465,0.604,0.429,0.000,0.007,0.163,0.067,0,2908,-181,180,36,15.460,842,2893
308402,-0.270,-0.000,0.000,0.001,-0.482,0.469,0.602,0.431,0.000,0.007,0.165,0.067,0,3129,-183,182,36,15.460,842,2893
308502,0.210,-0.000,-0.001,0.001,-0.483,0.471,0.601,0.428,0.102,0.006,0.167,0.059,0,3116,-184,183,36,15.470,1606,3156
308602,0.230,0.000,-0.000,0.001,-0.484,0.474,0.600,0.424,0.349,0.005,0.171,0.050,0,3217,-186,185,36,15.470,1606,3156
308702,0.090,-0.000,-0.002,-0.001,-0.481,0.475,0.603,0.423,0.463,0.006,0.180,0.053,0,3561,-191,191,37,15.470,407,3396
308802,0.250,0.001,0.001,0.000,-0.482,0.472,0.605,0.422,0.682,0.006,0.179,0.055,768,3870,-190,189,37,15.470,407,3396
308902,-0.100,0.001,0.002,0.000,-0.483,0.472,0.605,0.422,0.843,0.006,0.179,0.056,2149,4375,-189,188,37,15.470,407,3396
309002,-0.050,0.000,0.000,0.000,-0.485,0.472,0.602,0.423,1.000,0.006,0.172,0.051,3223,4977,-186,185,36,15.470,1827,4432
309102,0.030,0.001,0.000,0.000,-0.485,0.473,0.603,0.421,1.000,0.005,0.175,0.049,3952,5401,-188,187,36,15.470,1827,4432
309202,0.290,0.001,0.002,0.002,-0.489,0.474,0.600,0.420,1.000,0.004,0.170,0.041,4555,5755,-185,184,37,15.450,4310,5617
309302,0.050,0.001,0.001,0.001,-0.493,0.474,0.596,0.420,1.000,0.003,0.161,0.032,5112,6128,-180,180,37,15.450,4310,5617
309402,-0.100,-0.000,0.000,0.000,-0.496,0.473,0.595,0.419,1.000,0.003,0.157,0.029,5640,6599,-178,178,37,15.450,4310,5617
309502,-0.110,-0.000,-0.000,0.000,-0.496,0.473,0.595,0.420,1.000,0.003,0.156,0.030,6068,7001,-178,177,37,15.450,5543,6544
309602,-0.090,0.000,0.001,0.001,-0.500,0.473,0.592,0.418,1.000,0.002,0.150,0.022,6553,7346,-175,174,37,15.450,5543,6544
309702,-0.030,0.001,-0.000,0.001,-0.501,0.476,0.591,0.417,1.000,0.001,0.152,0.016,6957,7680,-177,176,37,15.450,6775,7507
309802,0.010,0.001,0.000,0.001,-0.500,0.476,0.592,0.414,1.000,0.001,0.156,0.014,7315,8043,-178,178,37,15.450,6775,7507
309902,-0.100,0.000,-0.001,0.000,-0.501,0.476,0.593,0.412,1.000,0.001,0.158,0.012,7679,8338,-180,179,37,15.450,6775,7507
310002,-0.180,0.001,0.001,0.001,-0.503,0.475,0.593,0.411,1.000,0.001,0.157,0.010,8000,8626,-178,178,37,15.440,7668,8333
310102,0.110,-0.000,0.002,0.001,-0.507,0.475,0.590,0.411,1.000,0.000,0.148,0.003,8324,8876,-173,173,37,15.440,7668,8333
310202,-0.050,-0.001,-0.001,-0.001,-0.509,0.475,0.589,0.411,1.000,0.000,0.144,0.002,8588,9146,-172,171,37,15.440,8445,8992
310302,0.120,-0.000,-0.000,-0.001,-0.506,0.474,0.591,0.412,1.000,0.001,0.148,0.008,8823,9427,-174,174,37,15.440,8445,8992
310402,0.010,0.000,0.002,0.001,-0.507,0.475,0.589,0.414,1.000,0.000,0.144,0.006,9109,9660,-172,171,37,15.440,8445,8992
310502,-0.310,0.000,0.001,0.002,-0.512,0.475,0.585,0.413,1.000,-0.000,0.134,-0.004,9461,9916,-166,166,37,15.430,9090,9652
310602,0.240,-0.000,0.000,0.000,-0.515,0.476,0.582,0.412,1.000,-0.001,0.130,-0.010,9740,10155,-165,164,37,15.430,9090,9652
310702,-0.090,0.000,0.001,0.000,-0.517,0.475,0.581,0.413,1.000,-0.001,0.125,-0.011,10008,10422,-162,162,37,15.420,9861,10309
310802,-0.110,0.001,0.000,-0.001,-0.519,0.472,0.580,0.413,1.000,-0.001,0.119,-0.010,10231,10654,-159,159,37,15.420,9861,10309
310902,-0.070,0.000,0.000,-0.000,-0.519,0.470,0.582,0.413,1.000,-0.000,0.120,-0.007,10488,10919,-160,159,37,15.420,9861,10309
311002,0.000,0.000,0.001,0.002,-0.519,0.471,0.581,0.414,1.000,-0.001,0.118,-0.009,10738,11132,-159,158,37,15.400,10482,10917
311102,-0.060,-0.000,-0.000,0.001,-0.523,0.472,0.577,0.413,1.000,-0.001,0.112,-0.018,11035,11350,-156,155,37,15.400,10482,10917
311202,-0.180,-0.001,-0.000,0.001,-0.523,0.474,0.576,0.413,1.000,-0.001,0.113,-0.021,11248,11549,-157,156,37,15.410,11086,11467
311302,0.180,0.000,0.000,0.000,-0.522,0.475,0.576,0.413,1.000,-0.001,0.114,-0.021,11445,11745,-157,157,37,15.410,11086,11467
311402,0.040,0.000,-0.000,-0.000,-0.523,0.473,0.577,0.412,1.000,-0.001,0.113,-0.019,11650,11952,-157,156,37,15.410,11086,11467
311502,-0.080,-0.001,0.000,0.000,-0.522,0.473,0.577,0.413,1.000,-0.001,0.114,-0.018,11887,12176,-157,156,37,15.410,11682,11933
311602,-0.200,-0.000,0.002,0.001,-0.525,0.474,0.574,0.413,1.000,-0.001,0.108,-0.023,12096,12336,-154,153,37,15.410,11682,11933
311702,-0.340,0.001,-0.000,-0.000,-0.527,0.472,0.573,0.413,1.000,-0.001,0.104,-0.025,12314,12533,-152,151,37,15.420,12195,12406
311802,-0.060,-0.001,0.001,-0.000,-0.527,0.471,0.574,0.413,1.000,-0.001,0.103,-0.023,12512,12739,-152,151,37,15.420,12195,12406
311902,-0.110,0.000,0.001,0.000,-0.528,0.472,0.572,0.415,1.000,-0.001,0.099,-0.023,12707,12931,-149,148,37,15.420,12195,12406
312002,0.170,0.001,-0.000,-0.000,-0.530,0.469,0.571,0.415,1.000,-0.001,0.093,-0.024,12893,13086,-146,146,37,15.390,12722,12919
312102,-0.110,-0.000,0.000,-0.000,-0.530,0.468,0.572,0.415,1.000,-0.001,0.092,-0.021,13077,13275,-146,146,37,15.390,12722,12919
312202,0.030,-0.001,0.001,0.001,-0.530,0.469,0.570,0.417,1.000,-0.001,0.090,-0.022,13280,13452,-145,144,37,15.390,13227,13404
312302,-0.130,0.001,-0.001,0.000,-0.532,0.469,0.570,0.415,1.000,-0.001,0.089,-0.025,13521,13663,-145,145,37,15.390,13227,13404
312402,0.170,-0.001,-0.001,-0.000,-0.531,0.469,0.571,0.415,1.000,-0.001,0.091,-0.024,13655,13797,-146,145,37,15.390,13227,13404
312502,0.010,-0.000,0.002,-0.000,-0.530,0.470,0.569,0.417,1.000,-0.001,0.089,-0.023,13829,13966,-145,144,37,15.370,13661,13774
312602,-0.060,-0.000,-0.000,-0.001,-0.531,0.469,0.570,0.418,1.000,-0.001,0.088,-0.021,14023,14159,-144,144,37,15.370,13661,13774
312702,0.130,-0.000,0.000,0.000,-0.529,0.469,0.570,0.419,1.000,-0.001,0.088,-0.019,14223,14354,-144,144,37,15.360,14164,14245
312802,0.130,0.001,0.001,0.002,-0.532,0.469,0.567,0.419,1.000,-0.001,0.084,-0.024,14409,14492,-142,141,37,15.360,14164,14245
312902,0.200,-0.000,-0.000,0.000,-0.534,0.469,0.566,0.418,1.000,-0.001,0.081,-0.028,14602,14665,-141,140,37,15.360,14164,14245
313002,0.060,-0.001,0.001,-0.000,-0.535,0.469,0.564,0.419,1.000,-0.001,0.077,-0.028,14779,14838,-138,137,37,15.370,14619,14662
313102,-0.030,0.001,0.002,-0.000,-0.536,0.468,0.562,0.421,1.000,-0.001,0.070,-0.028,14970,15021,-134,133,37,15.370,14619,14662
313202,-0.120,0.000,-0.000,-0.001,-0.536,0.466,0.563,0.423,1.000,-0.001,0.067,-0.023,15124,15195,-134,133,37,15.350,15060,15060
313302,-0.050,-0.001,0.001,-0.000,-0.535,0.464,0.564,0.425,1.000,-0.000,0.066,-0.017,15279,15364,-133,132,37,15.350,15060,15060
313402,0.000,0.001,0.001,0.000,-0.536,0.462,0.563,0.426,1.000,-0.000,0.062,-0.016,15474,15540,-131,130,37,15.350,15060,15060
313502,0.100,0.000,-0.000,0.001,-0.537,0.462,0.563,0.425,1.000,-0.000,0.061,-0.018,15645,15687,-131,130,38,15.340,15432,15527
313602,0.190,-0.001,0.002,0.001,-0.540,0.464,0.559,0.425,1.000,-0.000,0.055,-0.025,15821,15818,-127,126,38,15.340,15432,15527
313702,0.080,-0.000,0.003,0.000,-0.544,0.462,0.555,0.427,1.000,-0.000,0.043,-0.029,15998,15980,-120,119,37,15.330,15974,15923
313802,-0.220,-0.002,-0.000,-0.001,-0.544,0.461,0.555,0.429,1.000,-0.000,0.039,-0.025,16159,16164,-120,119,37,15.330,15974,15923
313902,-0.430,0.001,0.000,-0.001,-0.543,0.459,0.556,0.430,1.000,-0.000,0.040,-0.020,16319,16335,-120,120,37,15.330,15974,15923
314002,-0.130,0.003,0.002,0.000,-0.546,0.456,0.557,0.428,1.000,-0.000,0.038,-0.021,16505,16500,-118,118,38,15.330,16233,16393
314102,-0.290,0.002,0.002,0.001,-0.553,0.450,0.556,0.427,1.000,-0.000,0.024,-0.023,16668,16643,-111,110,38,15.330,16233,16393
314202,0.310,-0.001,-0.000,0.001,-0.557,0.449,0.553,0.426,1.000,0.000,0.016,-0.029,16818,16758,-108,107,38,15.320,16835,16666
314302,0.590,-0.002,-0.001,0.000,-0.553,0.455,0.551,0.428,1.000,0.000,0.021,-0.032,16983,16912,-112,111,38,15.320,16835,16666
314402,-0.320,0.000,0.000,-0.000,-0.552,0.456,0.552,0.428,1.000,-0.000,0.025,-0.032,17129,17055,-113,112,38,15.320,16835,16666
314502,-0.220,-0.001,-0.001,-0.001,-0.550,0.455,0.554,0.429,1.000,0.000,0.027,-0.025,17270,17223,-114,114,38,15.290,17182,17123
314602,-0.100,0.000,-0.000,-0.002,-0.547,0.453,0.557,0.430,0.145,-0.000,0.031,-0.017,17328,17302,-116,115,38,15.290,17182,17123
314702,0.160,-0.000,-0.000,-0.001,-0.545,0.453,0.559,0.430,0.000,-0.000,0.036,-0.012,17337,17310,-119,118,38,15.290,17482,17421
314802,0.210,-0.000,0.000,0.000,-0.544,0.454,0.559,0.431,0.000,-0.000,0.037,-0.011,17347,17306,-119,119,38,15.290,17482,17421
314902,0.040,-0.001,0.000,0.000,-0.544,0.455,0.557,0.432,0.796,-0.000,0.035,-0.013,17384,17328,-118,117,38,15.290,17482,17421
315002,0.300,0.000,0.001,0.000,-0.544,0.456,0.556,0.432,1.000,-0.000,0.034,-0.016,17543,17466,-117,116,38,15.290,17361,17241
315102,0.050,-0.001,0.000,-0.000,-0.544,0.455,0.555,0.434,1.000,-0.000,0.031,-0.013,17666,17618,-115,115,38,15.290,17361,17241
315202,-0.800,-0.000,0.001,-0.000,-0.545,0.454,0.554,0.436,1.000,-0.000,0.025,-0.011,17809,17752,-112,111,38,15.260,17793,17543
315302,-0.010,-0.000,0.002,0.001,-0.550,0.452,0.551,0.436,0.424,-0.000,0.016,-0.017,17950,17855,-107,106,38,15.260,17793,17543
315402,-0.180,-0.001,0.001,-0.000,-0.551,0.453,0.548,0.436,0.000,0.000,0.013,-0.021,18008,17897,-106,105,38,15.260,17793,17543
315502,-0.250,-0.001,0.001,0.001,-0.552,0.453,0.546,0.438,0.000,0.000,0.007,-0.021,18023,17909,-103,102,38,15.260,18050,17921
315602,-0.170,-0.001,0.001,0.001,-0.554,0.454,0.542,0.439,0.000,0.000,0.001,-0.026,18059,17922,-100,99,38,15.260,18050,17921
315702,-0.340,-0.001,0.000,0.001,-0.555,0.456,0.540,0.439,0.000,0.001,-0.002,-0.033,18092,17922,-99,98,38,15.270,18115,17921
315802,0.120,-0.003,-0.000,-0.001,-0.554,0.457,0.538,0.441,0.000,0.000,-0.002,-0.031,18091,17933,-99,98,38,15.270,18115,17921
315902,-0.180,0.000,0.001,0.000,-0.551,0.459,0.539,0.442,0.000,0.000,0.002,-0.029,18108,17948,-101,100,38,15.260,18115,17921
316002,-0.530,-0.000,0.004,-0.001,-0.554,0.456,0.536,0.446,0.000,0.000,-0.011,-0.027,18126,17969,-93,92,38,15.260,18115,17921
316102,-0.120,0.004,0.008,0.001,-0.564,0.448,0.526,0.452,0.000,0.001,-0.044,-0.030,18152,17965,-73,73,38,15.260,18115,17921
316202,0.260,-0.002,0.008,-0.002,-0.574,0.439,0.514,0.463,0.000,0.001,-0.087,-0.028,18183,18002,-49,48,39,15.250,18248,17921
316302,-0.060,-0.000,0.002,-0.002,-0.579,0.430,0.504,0.475,0.000,0.001,-0.122,-0.018,18182,18030,-31,31,39,15.250,18248,17921
316402,-0.330,0.001,0.001,-0.000,-0.575,0.430,0.509,0.475,0.000,0.001,-0.114,-0.011,18183,18047,-35,35,39,15.240,18181,18050
316502,-0.320,0.000,0.010,-0.005,-0.580,0.416,0.504,0.487,0.000,-0.000,-0.147,0.008,18175,18121,-11,10,39,15.240,18181,18050
316602,-0.210,0.001,0.007,-0.006,-0.586,0.393,0.497,0.506,0.000,-0.003,-0.199,0.042,18136,18209,20,-21,39,15.240,18181,18050
316702,-0.190,0.002,-0.003,-0.002,-0.586,0.379,0.502,0.511,0.000,-0.005,-0.209,0.069,18105,18248,26,-26,39,15.250,18181,18181
316802,-0.140,0.002,-0.013,0.001,-0.574,0.390,0.520,0.497,0.000,-0.003,-0.155,0.070,18131,18235,-4,4,39,15.250,18181,18181
316902,-0.310,0.001,-0.004,0.005,-0.565,0.406,0.535,0.479,0.000,-0.002,-0.099,0.055,18201,18226,-28,27,39,15.240,18248,18248
317002,-0.550,0.001,0.001,0.000,-0.571,0.408,0.531,0.476,0.000,-0.001,-0.105,0.040,18273,18272,-17,16,39,15.240,18248,18248
317102,-0.390,0.002,-0.005,-0.005,-0.566,0.404,0.539,0.474,0.000,-0.001,-0.089,0.057,18254,18381,-24,24,39,15.240,18248,18248
317202,-0.350,0.001,-0.003,-0.004,-0.555,0.403,0.553,0.474,0.000,-0.000,-0.065,0.076,18222,18437,-35,34,38,15.240,18248,18382
317302,-0.030,-0.004,0.009,-0.003,-0.555,0.396,0.548,0.486,0.000,-0.001,-0.088,0.093,18201,18482,-16,15,38,15.240,18248,18382
317402,0.150,-0.003,0.013,-0.003,-0.566,0.381,0.527,0.507,0.000,-0.004,-0.155,0.104,18188,18512,26,-26,39,15.230,18248,18518
317502,-0.090,-0.003,-0.003,0.003,-0.570,0.379,0.512,0.519,0.000,-0.005,-0.189,0.100,18198,18488,40,-40,39,15.230,18248,18518
317602,-0.060,0.001,-0.003,0.003,-0.569,0.391,0.514,0.509,0.000,-0.004,-0.166,0.078,18249,18480,30,-31,39,15.230,18248,18518
317702,-0.570,0.001,0.003,0.002,-0.574,0.392,0.515,0.501,0.000,-0.004,-0.163,0.066,18280,18509,35,-35,39,15.220,18181,18450
317802,-0.520,0.001,0.007,0.003,-0.587,0.388,0.505,0.500,0.000,-0.004,-0.190,0.051,18324,18530,56,-56,39,15.220,18181,18450
317902,-0.460,-0.000,0.007,-0.000,-0.598,0.379,0.491,0.507,0.000,-0.004,-0.235,0.045,18356,18597,85,-86,39,15.240,18248,18518
318002,0.030,-0.000,-0.002,-0.003,-0.599,0.375,0.489,0.512,0.000,-0.005,-0.243,0.052,18337,18640,91,-92,39,15.240,18248,18518
318102,0.060,0.002,-0.011,-0.001,-0.588,0.379,0.504,0.506,0.000,-0.005,-0.205,0.064,18323,18692,72,-72,39,15.240,18248,18518
318202,-0.490,-0.001,-0.016,0.000,-0.567,0.398,0.527,0.492,0.000,-0.003,-0.128,0.069,18352,18741,33,-34,39,15.220,18248,18656
318302,-0.340,0.001,-0.012,0.002,-0.549,0.417,0.549,0.473,0.000,-0.000,-0.050,0.060,18408,18766,-6,5,39,15.220,18248,18656
318402,-0.460,-0.003,0.005,-0.000,-0.544,0.425,0.550,0.471,0.000,0.000,-0.034,0.056,18454,18822,-2,1,39,15.220,18450,18726
318502,-0.530,-0.000,0.019,-0.000,-0.563,0.407,0.530,0.487,0.000,-0.002,-0.107,0.058,18515,18904,46,-47,39,15.220,18450,18726
318602,-0.290,0.001,0.021,-0.001,-0.594,0.375,0.495,0.512,0.000,-0.005,-0.230,0.062,18560,18968,117,-117,39,15.220,18450,18726
318702,-0.170,-0.011,-0.005,-0.003,-0.600,0.368,0.477,0.527,0.000,-0.007,-0.278,0.061,18557,18955,133,-134,39,15.200,18518,18867
318802,-0.280,0.002,-0.030,-0.002,-0.561,0.401,0.501,0.524,0.000,-0.004,-0.178,0.075,18539,18997,75,-76,39,15.200,18518,18867
318902,-0.010,0.009,-0.041,-0.000,-0.513,0.443,0.564,0.472,0.000,0.004,0.029,0.078,18583,19036,-37,37,40,15.190,18587,18939
319002,-0.930,0.011,-0.017,0.001,-0.477,0.468,0.618,0.414,0.000,0.008,0.203,0.064,18692,19065,-120,120,40,15.190,18587,18939
319102,-0.700,-0.012,0.039,-0.001,-0.501,0.454,0.596,0.433,0.000,0.005,0.123,0.062,18814,19212,-39,38,40,15.190,18796,19083
319202,0.480,-0.008,0.032,0.004,-0.563,0.407,0.528,0.489,0.000,-0.002,-0.112,0.058,18855,19215,73,-74,40,15.190,18796,19083
319302,-1.140,-0.001,-0.027,0.001,-0.558,0.416,0.534,0.480,0.000,-0.001,-0.084,0.049,18919,19263,32,-33,40,15.190,18796,19083
319402,0.100,0.007,-0.024,0.002,-0.518,0.449,0.576,0.445,0.000,0.003,0.067,0.048,18929,19280,-52,52,39,15.180,18939,19230
319502,-0.410,0.001,0.016,0.000,-0.519,0.450,0.584,0.433,0.000,0.002,0.086,0.039,18968,19289,-46,38,39,15.180,18939,19230
319602,0.160,-0.001,0.031,-0.000,-0.562,0.415,0.540,0.469,0.000,-0.001,-0.072,0.039,19033,19371,49,-50,40,15.170,19083,19455
319702,-0.630,-0.001,-0.012,-0.003,-0.573,0.406,0.522,0.485,0.000,-0.002,-0.127,0.041,19032,19388,62,-63,40,15.170,19083,19455
319802,-0.700,0.004,-0.026,-0.004,-0.538,0.429,0.559,0.463,0.000,0.001,-0.007,0.057,19068,19489,-11,10,40,15.170,19083,19455
319902,-0.640,-0.000,-0.009,0.001,-0.511,0.447,0.592,0.434,0.000,0.004,0.102,0.057,19104,19490,-63,62,40,15.170,19011,19607
320002,-0.990,0.001,0.024,0.001,-0.531,0.433,0.578,0.443,0.000,0.002,0.044,0.053,19191,19551,-17,17,40,15.170,19011,19607
320102,0.000,-0.005,0.021,0.001,-0.571,0.401,0.537,0.475,0.000,-0.002,-0.102,0.051,19200,19556,63,-64,40,15.170,19230,19455
320202,-0.230,-0.003,-0.018,-0.002,-0.560,0.411,0.536,0.480,0.000,-0.001,-0.087,0.055,19200,19581,38,-39,40,15.170,19230,19455
320302,0.040,0.007,-0.020,0.001,-0.531,0.431,0.576,0.448,0.000,0.002,0.036,0.059,19220,19605,-31,30,40,15.170,19230,19455
320402,-0.460,-0.001,0.020,0.001,-0.536,0.430,0.572,0.449,0.000,0.002,0.023,0.052,19267,19622,-7,7,40,15.160,19157,19531
320502,-0.240,0.002,-0.006,-0.000,-0.557,0.414,0.555,0.458,0.000,-0.000,-0.041,0.047,19289,19627,22,-23,40,15.160,19157,19531
320602,-0.180,-0.001,-0.006,-0.002,-0.538,0.427,0.573,0.448,0.000,0.002,0.020,0.055,19304,19686,-15,15,40,15.170,19305,19801
320702,-0.070,-0.001,0.011,-0.000,-0.544,0.419,0.564,0.459,0.000,0.001,-0.012,0.062,19327,19727,10,-11,40,15.170,19305,19801
320802,0.160,-0.000,-0.003,-0.001,-0.549,0.412,0.559,0.465,0.000,0.001,-0.036,0.068,19348,19766,17,-18,40,15.170,19305,19801
320902,0.090,0.000,-0.006,-0.001,-0.539,0.417,0.569,0.460,0.000,0.002,-0.005,0.074,19338,19769,0,0,40,15.130,19305,19685
321002,-0.370,0.001,0.001,-0.000,-0.534,0.419,0.574,0.457,0.000,0.003,0.011,0.077,19350,19776,-6,5,40,15.130,19305,19685
321102,-0.180,-0.003,0.007,-0.001,-0.539,0.415,0.567,0.464,0.000,0.002,-0.013,0.079,19370,19797,10,-11,40,15.150,19305,19685
321202,0.040,-0.005,0.012,-0.001,-0.548,0.406,0.548,0.484,0.000,0.000,-0.076,0.086,19368,19818,46,-47,40,15.150,19305,19685
321302,0.080,0.001,-0.002,0.000,-0.555,0.400,0.539,0.491,0.000,-0.001,-0.100,0.085,19385,19818,55,-56,40,15.150,19305,19685
321402,-0.300,0.002,-0.015,0.000,-0.544,0.410,0.557,0.476,0.000,0.001,-0.044,0.084,19407,19833,21,-21,41,15.150,19379,19920
321502,0.290,-0.002,-0.016,-0.000,-0.513,0.434,0.581,0.459,0.000,0.005,0.052,0.088,19410,19851,-31,30,41,15.150,19379,19920
321602,-0.610,0.001,0.004,0.001,-0.504,0.444,0.588,0.451,0.000,0.006,0.085,0.083,19450,19858,-38,37,41,15.140,19531,19880
321702,-0.230,-0.000,0.022,0.001,-0.534,0.422,0.565,0.467,0.000,0.002,-0.007,0.076,19523,19914,17,-18,41,15.140,19531,19880
321802,-0.250,-0.002,0.012,-0.002,-0.555,0.405,0.539,0.488,0.000,-0.001,-0.091,0.076,19493,19898,59,-60,41,15.140,19531,19880
321902,0.190,-0.002,-0.005,0.001,-0.559,0.399,0.534,0.493,0.000,-0.002,-0.113,0.081,19463,19886,64,-65,41,15.150,19455,19801
322002,0.000,0.003,-0.022,0.000,-0.535,0.422,0.557,0.475,0.000,0.002,-0.024,0.077,19489,19895,2,-2,41,15.150,19455,19801
322102,-0.290,0.007,-0.018,0.001,-0.506,0.443,0.597,0.438,0.000,0.006,0.105,0.074,19517,19912,-59,58,41,15.120,19455,20000
322202,-0.880,-0.001,0.012,0.000,-0.507,0.444,0.603,0.428,0.000,0.006,0.121,0.065,19607,19972,-56,55,41,15.120,19455,20000
322302,0.020,-0.005,0.033,-0.001,-0.546,0.417,0.558,0.466,0.000,0.001,-0.030,0.064,19675,20048,36,-37,41,15.120,19455,20000
322402,0.470,-0.006,0.011,0.000,-0.577,0.387,0.521,0.495,0.000,-0.003,-0.160,0.069,19646,20038,96,-97,41,15.130,19685,20000
322502,-0.570,0.002,-0.030,-0.002,-0.546,0.413,0.540,0.489,0.000,-0.000,-0.075,0.076,19666,20094,34,-35,41,15.130,19685,20000
322602,-0.080,0.012,-0.041,-0.001,-0.495,0.449,0.609,0.429,0.000,0.008,0.144,0.078,19700,20116,-90,89,41,15.120,19569,20080
322702,-1.780,-0.003,0.008,0.003,-0.476,0.465,0.638,0.389,0.000,0.008,0.248,0.052,19822,20123,-128,127,41,15.120,19569,20080
322802,-0.970,-0.007,0.057,-0.002,-0.533,0.429,0.574,0.451,0.000,0.002,-0.005,0.061,19946,20319,31,-32,41,15.120,19569,20080
322902,-0.270,0.002,0.017,-0.001,-0.593,0.371,0.505,0.505,0.000,-0.006,-0.215,0.070,19940,20346,131,-132,41,15.100,19880,20491
323002,-0.340,-0.004,-0.044,-0.003,-0.552,0.404,0.541,0.489,0.000,-0.001,-0.088,0.083,19986,20434,32,-33,41,15.100,19880,20491
323102,-0.190,0.007,-0.033,0.004,-0.489,0.454,0.609,0.429,0.000,0.009,0.156,0.078,20048,20437,-98,97,41,15.110,20040,20283
323202,-0.880,0.001,0.028,0.001,-0.496,0.455,0.612,0.416,0.000,0.006,0.164,0.057,20179,20509,-65,64,41,15.110,20040,20283
323302,-1.830,-0.012,0.053,-0.003,-0.565,0.402,0.541,0.476,0.000,-0.001,-0.092,0.061,20273,20634,75,-76,41,15.110,20040,20283
323402,-0.870,-0.003,-0.010,-0.004,-0.593,0.366,0.495,0.519,0.000,-0.007,-0.243,0.079,20274,20713,134,-135,41,15.110,20533,20366
323502,-0.460,0.005,-0.051,-0.004,-0.536,0.414,0.557,0.481,0.000,0.002,-0.037,0.092,20351,20819,1,-2,41,15.110,20533,20366
323602,-0.650,0.008,-0.021,0.006,-0.481,0.458,0.621,0.416,0.000,0.010,0.192,0.075,20434,20800,-114,113,41,15.100,20161,20576
323702,0.220,-0.002,0.040,-0.000,-0.508,0.444,0.601,0.428,0.000,0.005,0.117,0.063,20547,20882,-44,43,41,15.100,20161,20576
323802,-0.400,-0.001,-0.008,-0.001,-0.542,0.416,0.570,0.457,0.000,0.002,-0.004,0.071,20503,20885,8,-8,42,15.070,20661,21141
323902,-1.040,0.001,-0.014,0.001,-0.512,0.440,0.597,0.434,0.000,0.005,0.099,0.068,20583,20949,-60,59,42,15.070,20661,21141
324002,-0.180,-0.001,0.019,-0.001,-0.522,0.432,0.588,0.442,0.000,0.004,0.065,0.069,20620,20994,-23,22,42,15.070,20661,21141
324102,-0.330,-0.001,0.005,-0.001,-0.543,0.413,0.567,0.462,0.000,0.002,-0.017,0.075,20612,21010,11,-12,41,15.070,20449,21008
324202,-0.460,-0.001,-0.014,-0.001,-0.528,0.423,0.579,0.455,0.000,0.004,0.028,0.081,20659,21070,-24,23,41,15.070,20449,21008
324302,0.020,-0.004,-0.004,-0.001,-0.509,0.437,0.593,0.446,0.000,0.006,0.085,0.084,20700,21113,-53,52,42,15.050,20576,21141
324402,-0.440,0.002,0.010,-0.001,-0.512,0.432,0.582,0.461,0.000,0.006,0.051,0.094,20722,21167,-29,28,42,15.050,20576,21141
324502,0.750,-0.002,0.005,-0.000,-0.521,0.423,0.573,0.470,0.000,0.005,0.014,0.098,20672,21114,-11,10,42,15.050,20576,21141
324602,-0.330,-0.001,0.001,0.001,-0.522,0.425,0.566,0.475,0.000,0.004,0.003,0.095,20719,21136,-8,7,42,15.070,20746,21097
324702,-0.140,0.001,0.008,0.001,-0.533,0.419,0.559,0.478,0.000,0.002,-0.025,0.088,20750,21142,9,-9,42,15.070,20746,21097
324802,0.270,-0.001,0.007,0.001,-0.549,0.407,0.545,0.486,0.000,-0.000,-0.074,0.083,20755,21134,36,-36,42,15.040,20618,21141
324902,-0.460,-0.001,-0.010,-0.000,-0.544,0.413,0.546,0.486,0.000,0.000,-0.063,0.081,20762,21145,24,-25,42,15.040,20618,21141
325002,0.720,0.005,-0.019,-0.000,-0.523,0.430,0.573,0.462,0.000,0.004,0.026,0.079,20749,21134,-28,27,42,15.040,20618,21141
325102,-0.140,0.003,-0.003,-0.000,-0.508,0.439,0.596,0.440,0.000,0.006,0.097,0.079,20758,21144,-61,60,42,15.050,20746,21186
325202,-0.820,-0.004,0.024,0.000,-0.527,0.425,0.576,0.457,0.000,0.003,0.026,0.079,20838,21224,-10,9,42,15.050,20746,21186
325302,0.360,-0.006,0.025,-0.000,-0.564,0.395,0.527,0.498,0.000,-0.003,-0.132,0.078,20882,21264,82,-83,42,15.060,20876,21231
325402,0.010,0.002,-0.019,-0.002,-0.557,0.403,0.517,0.510,0.000,-0.003,-0.140,0.079,20880,21273,65,-65,42,15.060,20876,21231
325502,-0.590,0.013,-0.044,0.000,-0.514,0.434,0.583,0.456,0.000,0.005,0.056,0.086,20909,21319,-54,53,42,15.060,20876,21231
325602,-0.620,0.011,-0.005,0.003,-0.477,0.457,0.631,0.407,0.000,0.011,0.215,0.076,20961,21318,-126,125,43,15.020,21008,21276
325702,-1.810,-0.004,0.058,-0.001,-0.534,0.417,0.585,0.445,0.000,0.003,0.033,0.075,21142,21516,20,-21,43,15.020,21008,21276
325802,0.160,0.003,-0.000,-0.006,-0.588,0.368,0.509,0.510,0.000,-0.006,-0.212,0.086,21122,21551,118,-118,43,15.050,21097,21459
325902,-1.290,0.007,-0.065,-0.000,-0.515,0.430,0.582,0.459,0.000,0.006,0.049,0.091,21248,21674,-59,59,43,15.050,21097,21459
326002,-0.270,-0.004,-0.002,0.002,-0.450,0.476,0.642,0.398,0.000,0.014,0.280,0.081,21347,21721,-166,164,43,15.050,21097,21459
326102,1.100,0.002,0.054,0.004,-0.522,0.428,0.583,0.451,0.000,0.004,0.022,0.078,21485,21843,3,-4,43,15.010,21276,21598
326202,-0.050,-0.000,-0.032,0.001,-0.516,0.430,0.591,0.446,0.000,0.006,0.070,0.084,21429,21817,-58,57,43,15.010,21276,21598
326302,-0.320,-0.002,0.022,0.000,-0.516,0.435,0.594,0.438,0.000,0.005,0.084,0.071,21536,21875,-52,51,43,15.040,21551,21881
326402,-0.350,-0.001,-0.011,-0.001,-0.527,0.426,0.581,0.451,0.000,0.004,0.037,0.075,21525,21894,-36,35,43,15.040,21551,21881
326502,-0.140,0.002,-0.007,0.003,-0.512,0.440,0.600,0.428,0.000,0.005,0.109,0.064,21596,21918,-80,79,43,15.000,21598,22123
326602,0.780,0.001,0.007,-0.004,-0.512,0.437,0.594,0.440,0.000,0.006,0.089,0.076,21588,21981,-63,62,43,15.000,21598,22123
326702,-0.320,-0.002,0.006,0.004,-0.524,0.434,0.584,0.442,0.000,0.003,0.059,0.062,21578,21893,-49,49,43,15.000,21598,22123
326802,-0.280,-0.000,0.003,0.002,-0.534,0.432,0.574,0.445,0.000,0.002,0.033,0.049,21630,21915,-38,38,43,15.020,21551,21881
326902,-0.050,0.002,0.002,0.004,-0.543,0.430,0.570,0.443,0.000,0.001,0.019,0.038,21653,21911,-32,32,43,15.020,21551,21881
327002,-0.100,0.001,-0.001,0.002,-0.547,0.433,0.568,0.437,0.000,0.000,0.020,0.023,21697,21925,-36,35,43,15.020,21691,21929
327102,0.540,0.001,0.000,0.002,-0.549,0.436,0.566,0.434,0.000,0.000,0.021,0.012,21699,21914,-36,36,43,15.020,21691,21929
327202,0.110,0.001,0.000,-0.000,-0.554,0.431,0.568,0.430,0.000,0.000,0.017,0.011,21666,21902,-35,34,43,15.020,21691,21929
327302,-0.210,-0.002,-0.003,0.001,-0.549,0.435,0.569,0.430,0.000,0.000,0.026,0.012,21663,21902,-42,42,43,15.000,21598,21929
327402,-0.380,-0.005,-0.003,-0.001,-0.543,0.443,0.568,0.431,0.000,0.000,0.038,0.008,21676,21914,-48,47,43,15.000,21598,21929
327502,-0.700,-0.002,-0.002,-0.002,-0.532,0.450,0.570,0.435,0.000,0.001,0.056,0.018,21692,21971,-59,58,43,15.000,21739,21929
327602,-0.140,0.001,0.001,0.003,-0.530,0.454,0.570,0.434,0.000,0.001,0.062,0.014,21747,21994,-62,61,43,15.000,21739,21929
327702,0.130,0.004,-0.000,0.005,-0.539,0.456,0.567,0.425,0.000,-0.000,0.059,-0.010,21807,21964,-61,61,43,15.000,21739,21929
327802,-0.130,0.002,0.003,0.003,-0.550,0.456,0.563,0.417,0.000,-0.000,0.049,-0.032,21847,21948,-56,55,43,14.970,21929,21978
327902,0.400,-0.001,0.001,-0.000,-0.555,0.456,0.558,0.417,0.000,-0.000,0.038,-0.041,21816,21916,-52,51,43,14.970,21929,21978
328002,-0.090,-0.003,-0.001,-0.001,-0.550,0.458,0.558,0.420,0.000,-0.000,0.042,-0.035,21778,21911,-57,56,43,14.970,21739,21929
328102,0.050,0.001,0.002,0.001,-0.550,0.460,0.555,0.422,0.000,-0.000,0.039,-0.037,21791,21908,-55,54,43,14.970,21739,21929
328202,-0.180,0.001,0.001,-0.000,-0.555,0.457,0.552,0.423,-0.184,0.000,0.026,-0.041,21806,21904,-49,49,43,14.970,21739,21834
328302,-0.270,-0.001,0.000,-0.001,-0.554,0.456,0.553,0.424,-1.000,-0.000,0.027,-0.049,21753,21811,-51,51,43,14.970,21739,21834
328402,0.440,-0.001,0.000,-0.001,-0.551,0.457,0.553,0.427,-0.584,-0.000,0.029,-0.030,21598,21739,-53,52,43,14.970,21739,21834
328502,-0.190,-0.001,-0.000,-0.000,-0.550,0.457,0.552,0.429,-0.353,-0.000,0.027,-0.028,21563,21677,-53,52,44,14.990,21739,21691
328602,-0.070,0.000,-0.000,0.001,-0.548,0.458,0.553,0.429,-1.000,-0.000,0.018,-0.028,21489,21586,-48,47,44,14.990,21739,21691
328702,-0.400,0.001,-0.000,-0.001,-0.549,0.456,0.553,0.429,-1.000,-0.000,0.028,-0.026,21371,21467,-55,55,43,15.000,21459,21459
328802,-0.140,0.001,-0.002,-0.002,-0.547,0.453,0.558,0.430,0.000,-0.000,0.044,-0.016,21334,21457,-65,65,43,15.000,21459,21459
328902,0.790,0.002,0.002,-0.001,-0.547,0.450,0.561,0.428,0.000,-0.000,0.045,-0.012,21333,21456,-65,64,43,15.000,21459,21459
329002,-0.060,0.000,-0.001,-0.001,-0.548,0.447,0.562,0.428,0.000,-0.000,0.043,-0.009,21352,21471,-65,65,44,14.980,21413,21459
329102,-0.250,-0.000,-0.000,-0.001,-0.545,0.448,0.564,0.430,0.000,-0.000,0.048,-0.003,21353,21486,-69,68,44,14.980,21413,21459
329202,0.190,0.002,0.001,-0.001,-0.546,0.443,0.567,0.429,0.000,0.000,0.047,0.003,21344,21488,-69,68,44,14.970,21367,21598
329302,0.040,-0.002,0.001,-0.002,-0.547,0.439,0.566,0.434,0.000,0.000,0.037,0.010,21328,21494,-64,63,44,14.970,21367,21598
329402,-0.130,-0.001,0.001,0.001,-0.545,0.442,0.562,0.438,0.000,0.000,0.033,0.011,21331,21485,-64,63,44,14.970,21367,21598
329502,-0.850,-0.002,0.002,0.004,-0.548,0.446,0.556,0.438,0.000,0.000,0.028,-0.002,21399,21496,-62,61,44,14.980,21459,21276
329602,0.910,0.002,0.005,-0.002,-0.554,0.445,0.549,0.441,0.000,0.000,0.009,-0.010,21403,21493,-51,50,44,14.980,21459,21276
329702,-0.160,0.001,-0.001,-0.002,-0.565,0.432,0.548,0.441,0.000,0.000,-0.016,-0.005,21432,21549,-40,39,44,14.970,21186,21551
329802,-0.400,-0.002,0.005,-0.002,-0.563,0.429,0.549,0.445,0.000,-0.000,-0.019,0.006,21418,21576,-35,35,44,14.970,21186,21551
329902,0.070,-0.002,0.009,-0.002,-0.568,0.421,0.536,0.462,0.000,-0.000,-0.061,0.016,21429,21614,-12,11,44,14.960,21413,21551
330002,0.220,-0.003,0.007,-0.001,-0.575,0.414,0.520,0.477,0.000,-0.001,-0.107,0.021,21406,21598,13,-14,44,14.960,21413,21551
330102,-0.090,-0.002,-0.003,-0.003,-0.572,0.412,0.515,0.487,0.000,-0.002,-0.118,0.031,21394,21621,17,-18,44,14.960,21413,21551
330202,-0.190,-0.002,-0.007,-0.001,-0.561,0.418,0.525,0.485,0.000,-0.002,-0.088,0.041,21408,21662,-2,1,44,14.950,21231,21691
330302,-0.130,0.006,-0.006,-0.006,-0.547,0.422,0.539,0.482,0.000,-0.001,-0.052,0.057,21396,21720,-16,16,44,14.950,21231,21691
330402,0.140,-0.002,0.003,-0.003,-0.542,0.415,0.549,0.482,0.000,0.000,-0.041,0.079,21367,21757,-17,16,45,14.950,21459,21786
330502,-0.190,0.000,0.007,-0.001,-0.549,0.404,0.542,0.491,0.000,-0.001,-0.074,0.089,21371,21782,5,-6,45,14.950,21459,21786
330602,0.370,-0.002,0.005,0.001,-0.558,0.398,0.528,0.501,0.000,-0.003,-0.115,0.086,21352,21745,29,-30,45,14.950,21459,21786
330702,-0.190,-0.004,-0.003,0.001,-0.556,0.404,0.524,0.503,0.000,-0.003,-0.114,0.079,21383,21749,26,-27,44,14.960,21231,21739
330802,-0.190,0.000,-0.006,0.002,-0.548,0.415,0.527,0.499,0.000,-0.002,-0.088,0.070,21408,21748,13,-14,44,14.960,21231,21739
330902,0.350,0.002,-0.007,0.001,-0.543,0.424,0.537,0.487,0.000,-0.001,-0.051,0.062,21428,21752,-5,4,44,14.960,21459,21786
331002,-0.430,0.003,-0.001,-0.001,-0.537,0.428,0.549,0.477,0.000,0.000,-0.020,0.064,21452,21801,-18,17,44,14.960,21459,21786
331102,-0.500,-0.001,0.009,-0.001,-0.542,0.421,0.544,0.482,0.000,-0.000,-0.042,0.069,21477,21843,0,-1,45,14.970,21505,21834
331202,-0.370,-0.004,0.015,0.000,-0.561,0.403,0.524,0.499,0.000,-0.003,-0.116,0.071,21507,21874,44,-45,45,14.970,21505,21834
331302,-0.300,-0.004,-0.011,-0.002,-0.558,0.405,0.513,0.512,0.000,-0.003,-0.136,0.073,21510,21884,48,-49,45,14.970,21505,21834
331402,-0.250,0.004,-0.028,-0.002,-0.525,0.431,0.547,0.489,0.000,0.001,-0.018,0.082,21531,21938,-31,31,45,14.940,21551,21834
331502,-0.290,0.008,-0.013,0.003,-0.494,0.453,0.588,0.453,0.000,0.007,0.113,0.084,21560,21948,-88,87,45,14.940,21551,21834
331602,-0.040,-0.004,0.036,-0.000,-0.523,0.432,0.572,0.461,0.000,0.003,0.039,0.075,21677,22035,-28,26,45,14.940,21551,21978
331702,0.210,-0.003,0.005,-0.000,-0.568,0.398,0.521,0.498,0.000,-0.003,-0.130,0.067,21644,21976,58,-59,45,14.940,21551,21978
331802,-0.730,0.000,-0.032,-0.002,-0.531,0.428,0.555,0.476,0.000,0.001,-0.006,0.074,21681,22061,-39,38,45,14.930,21598,21978
331902,-0.700,-0.001,-0.005,0.002,-0.497,0.454,0.587,0.449,0.000,0.006,0.112,0.076,21731,22097,-85,84,45,14.930,21598,21978
332002,-1.100,0.001,0.040,0.002,-0.538,0.425,0.556,0.470,0.000,0.001,-0.009,0.066,21852,22178,1,-2,45,14.930,21598,21978
332102,-0.390,0.000,-0.001,-0.002,-0.576,0.395,0.512,0.499,0.000,-0.004,-0.152,0.056,21855,22163,67,-68,45,14.930,21978,22075
332202,-0.490,-0.001,-0.035,-0.001,-0.539,0.428,0.551,0.472,0.000,0.000,-0.015,0.060,21885,22225,-36,35,45,14.930,21978,22075
332302,-0.410,0.001,-0.004,0.002,-0.503,0.456,0.586,0.442,0.000,0.004,0.114,0.058,21946,22267,-85,84,45,14.920,21881,22026
332402,-0.080,0.002,0.035,0.001,-0.543,0.427,0.554,0.465,0.000,0.000,-0.011,0.050,22019,22315,2,-3,45,14.920,21881,22026
332502,-1.160,0.001,-0.018,-0.001,-0.558,0.414,0.540,0.475,0.000,-0.001,-0.063,0.050,22011,22326,13,-14,45,14.920,21881,22026
332602,1.110,0.000,-0.020,0.000,-0.520,0.444,0.577,0.445,0.000,0.002,0.072,0.052,22050,22368,-71,70,45,14.950,22123,22371
332702,-0.510,0.001,0.025,0.001,-0.530,0.438,0.572,0.447,0.000,0.002,0.049,0.048,22124,22424,-37,37,45,14.950,22123,22371
332802,0.480,0.001,0.013,0.001,-0.575,0.405,0.529,0.475,0.000,-0.002,-0.101,0.037,22106,22372,45,-45,45,14.920,21978,22421
332902,0.590,-0.004,-0.028,-0.002,-0.550,0.425,0.550,0.464,0.000,-0.000,-0.024,0.043,22123,22428,-17,16,45,14.920,21978,22421
333002,-0.760,-0.000,-0.013,0.001,-0.509,0.454,0.586,0.437,0.000,0.003,0.111,0.049,22150,22473,-87,86,45,14.920,22075,22371
333102,-0.220,0.001,0.035,0.002,-0.536,0.436,0.563,0.453,0.000,0.001,0.025,0.042,22255,22540,-19,19,45,14.920,22075,22371
333202,-0.480,0.002,-0.006,-0.002,-0.573,0.406,0.526,0.479,0.000,-0.002,-0.106,0.040,22239,22529,41,-42,45,14.920,22075,22371
333302,-0.250,0.000,-0.030,-0.000,-0.536,0.435,0.565,0.452,0.000,0.001,0.027,0.044,22301,22607,-47,46,45,14.900,22371,22624
333402,-0.600,-0.000,0.015,0.001,-0.521,0.446,0.577,0.443,0.000,0.002,0.076,0.045,22360,22663,-57,56,45,14.900,22371,22624
333502,0.480,-0.001,0.013,-0.003,-0.561,0.411,0.538,0.477,0.000,-0.001,-0.073,0.052,22347,22679,30,-31,45,14.910,22271,22727
333602,-0.880,0.003,-0.025,-0.002,-0.536,0.425,0.564,0.462,0.000,0.001,0.009,0.066,22368,22738,-34,33,45,14.910,22271,22727
333702,-0.550,0.002,0.009,-0.000,-0.522,0.434,0.581,0.449,0.000,0.003,0.063,0.068,22424,22781,-53,52,45,14.910,22271,22727
333802,0.840,-0.003,0.009,-0.001,-0.545,0.413,0.559,0.469,0.000,0.000,-0.024,0.074,22398,22769,-1,0,45,14.880,22421,22779
333902,0.260,0.001,-0.006,0.004,-0.542,0.421,0.560,0.464,0.000,0.001,-0.007,0.064,22428,22744,-18,17,45,14.880,22421,22779
334002,-1.080,0.001,0.001,0.002,-0.544,0.427,0.560,0.457,0.000,0.000,0.003,0.047,22479,22744,-21,21,46,14.900,22471,22883
334102,0.470,-0.000,-0.002,0.000,-0.546,0.428,0.559,0.455,0.000,0.000,0.002,0.041,22478,22747,-21,21,46,14.900,22471,22883
334202,-0.420,0.000,-0.000,0.003,-0.546,0.432,0.558,0.451,0.000,0.000,0.008,0.032,22506,22753,-24,23,46,14.900,22471,22883
334302,-0.840,0.000,-0.001,0.001,-0.547,0.438,0.555,0.447,0.000,-0.000,0.011,0.018,22497,22716,-27,26,46,14.870,22421,22779
334402,-1.370,0.001,0.001,-0.001,-0.548,0.434,0.559,0.446,0.000,0.000,0.012,0.023,22498,22759,-26,26,46,14.870,22421,22779
334502,0.320,-0.000,-0.002,0.000,-0.547,0.434,0.560,0.445,0.000,0.000,0.015,0.024,22496,22757,-29,28,46,14.880,22624,22675
334602,0.800,0.000,-0.002,-0.002,-0.543,0.436,0.564,0.443,0.000,0.000,0.027,0.026,22480,22756,-36,35,46,14.880,22624,22675
334702,-0.790,0.000,-0.002,-0.001,-0.540,0.435,0.567,0.445,0.000,0.001,0.032,0.035,22500,22802,-40,39,46,14.910,22471,22831
334802,-0.140,0.003,0.001,0.001,-0.541,0.432,0.572,0.440,0.000,0.001,0.038,0.035,22545,22831,-42,41,46,14.910,22471,22831
334902,0.160,0.004,0.003,0.002,-0.550,0.427,0.573,0.432,0.000,0.000,0.031,0.026,22548,22799,-38,38,46,14.910,22471,22831
335002,0.520,-0.002,-0.001,-0.001,-0.554,0.425,0.570,0.434,0.000,0.000,0.021,0.024,22527,22784,-35,34,46,14.880,22573,22779
335102,-0.410,-0.001,-0.004,-0.001,-0.544,0.431,0.574,0.434,0.000,0.001,0.042,0.029,22524,22807,-50,49,46,14.880,22573,22779
335202,0.000,0.003,0.003,0.002,-0.546,0.431,0.574,0.432,0.000,0.000,0.042,0.026,22540,22796,-46,46,46,14.870,22522,22883
335302,-0.120,0.002,0.001,0.001,-0.556,0.427,0.570,0.428,0.000,0.000,0.026,0.014,22571,22791,-39,38,46,14.870,22522,22883
335402,-0.460,0.001,-0.001,-0.001,-0.556,0.425,0.573,0.427,0.000,0.000,0.028,0.015,22563,22807,-42,41,46,14.890,22624,22675
335502,-0.010,-0.001,0.000,-0.000,-0.556,0.424,0.573,0.427,0.000,0.000,0.028,0.019,22547,22804,-43,42,46,14.890,22624,22675
335602,-0.230,-0.000,-0.001,0.000,-0.553,0.426,0.574,0.428,-0.549,0.000,0.021,0.020,22514,22775,-38,37,46,14.890,22624,22675
335702,0.510,-0.000,0.001,-0.000,-0.555,0.424,0.573,0.429,-1.000,0.000,0.016,0.021,22419,22682,-37,36,46,14.890,22522,22727
335802,-0.030,-0.001,-0.001,-0.001,-0.553,0.424,0.574,0.431,-1.000,0.000,0.017,0.026,22302,22582,-39,38,46,14.890,22522,22727
335902,-0.700,-0.000,0.000,-0.000,-0.551,0.424,0.574,0.432,-1.000,0.001,0.019,0.029,22187,22471,-40,39,46,14.910,22371,22421
336002,-0.420,0.000,0.001,0.000,-0.552,0.424,0.574,0.431,-1.000,0.001,0.018,0.026,22098,22366,-40,39,46,14.910,22371,22421
336102,0.340,0.001,0.000,0.000,-0.554,0.422,0.574,0.430,-1.000,0.000,0.016,0.025,21974,22244,-39,39,46,14.910,22371,22421
336202,0.340,-0.001,0.000,0.000,-0.555,0.423,0.573,0.430,-1.000,0.000,0.015,0.024,21865,22131,-39,38,46,14.880,21929,22172
336302,-0.310,-0.000,-0.001,-0.000,-0.553,0.423,0.574,0.431,-1.000,0.000,0.018,0.027,21745,22031,-42,41,46,14.880,21929,22172
336402,-0.320,0.001,0.001,-0.000,-0.554,0.421,0.575,0.430,-1.000,0.001,0.017,0.028,21651,21935,-41,40,46,14.870,21645,21978
336502,0.470,0.001,-0.000,0.000,-0.555,0.420,0.576,0.429,-1.000,0.001,0.015,0.028,21531,21816,-41,40,46,14.870,21645,21978
336602,0.190,0.000,-0.000,0.000,-0.555,0.420,0.577,0.428,-1.000,0.000,0.018,0.028,21433,21715,-43,42,46,14.870,21645,21978
336702,-0.600,-0.000,-0.000,0.001,-0.556,0.421,0.576,0.427,-1.000,0.000,0.018,0.024,21339,21609,-43,42,46,14.920,21413,21786
336802,-0.140,-0.000,0.000,-0.000,-0.556,0.422,0.575,0.427,-1.000,0.000,0.018,0.021,21219,21486,-43,42,46,14.920,21413,21786
336902,-0.210,0.001,-0.000,-0.000,-0.555,0.421,0.576,0.427,-1.000,0.000,0.018,0.024,21109,21393,-44,43,47,14.900,21231,21413
337002,-0.320,0.000,-0.001,0.000,-0.555,0.421,0.577,0.427,-1.000,0.001,0.019,0.025,21011,21297,-45,44,47,14.900,21231,21413
337102,-0.410,0.000,0.001,0.001,-0.556,0.422,0.576,0.425,-1.000,0.000,0.020,0.020,20911,21177,-46,45,47,14.920,20876,21097
337202,0.000,0.001,0.000,0.000,-0.558,0.422,0.575,0.423,-1.000,0.000,0.018,0.017,20801,21062,-45,44,47,14.920,20876,21097
337302,0.440,-0.001,-0.001,-0.000,-0.557,0.422,0.577,0.422,-1.000,0.000,0.022,0.017,20676,20947,-49,48,47,14.920,20876,21097
337402,-0.240,-0.001,0.000,0.000,-0.556,0.423,0.576,0.424,-1.000,0.000,0.022,0.017,20561,20834,-48,48,47,14.910,20533,20964
337502,-0.850,-0.001,0.000,-0.001,-0.556,0.423,0.576,0.424,-1.000,0.000,0.021,0.017,20450,20729,-48,48,47,14.910,20533,20964
337602,-0.530,-0.000,-0.001,-0.001,-0.554,0.423,0.577,0.425,-1.000,0.000,0.024,0.023,20331,20631,-51,50,47,14.910,20449,20576
337702,-0.050,0.000,0.000,0.001,-0.553,0.423,0.578,0.426,-1.000,0.000,0.025,0.023,20200,20495,-52,51,47,14.910,20449,20576
337802,-0.220,0.001,-0.000,0.000,-0.555,0.423,0.578,0.424,-1.000,0.000,0.025,0.021,20103,20387,-52,51,47,14.910,20449,20576
337902,0.350,0.000,-0.001,-0.000,-0.555,0.422,0.579,0.423,-1.000,0.000,0.026,0.021,19967,20256,-53,53,47,14.950,20040,20283
338002,-0.270,-0.000,0.000,-0.000,-0.554,0.422,0.580,0.423,-1.000,0.000,0.030,0.023,19817,20118,-56,55,47,14.950,20040,20283
338102,0.040,0.001,0.000,0.000,-0.555,0.420,0.580,0.422,-1.000,0.001,0.027,0.024,19712,20015,-55,54,47,14.950,19762,20080
338202,0.350,0.000,0.001,0.001,-0.557,0.420,0.580,0.422,-1.000,0.000,0.024,0.021,19585,19875,-54,53,47,14.950,19762,20080
338302,-0.200,-0.001,-0.000,0.000,-0.557,0.420,0.579,0.422,-1.000,0.000,0.023,0.021,19459,19756,-54,54,47,14.950,19762,20080
338402,-0.510,-0.000,-0.000,-0.000,-0.556,0.421,0.579,0.423,-1.000,0.000,0.024,0.022,19331,19632,-56,55,47,14.940,19531,19646
338502,0.030,0.001,0.000,-0.000,-0.556,0.419,0.580,0.422,-0.627,0.000,0.024,0.023,19243,19552,-56,55,47,14.940,19531,19646
338602,-0.050,0.001,-0.000,-0.001,-0.557,0.417,0.581,0.422,-0.106,0.001,0.023,0.026,19209,19529,-56,56,47,14.970,19230,19455
338702,0.270,0.000,0.000,0.000,-0.557,0.416,0.582,0.422,-0.137,0.001,0.024,0.028,19196,19517,-57,56,47,14.970,19230,19455
338802,0.000,0.001,0.001,-0.000,-0.559,0.414,0.582,0.421,-0.835,0.001,0.020,0.027,19102,19419,-55,54,47,14.970,19230,19455
338902,-0.150,0.000,-0.000,-0.000,-0.560,0.413,0.582,0.421,-1.000,0.000,0.017,0.027,18993,19314,-55,54,48,14.980,19157,19455
339002,-0.040,-0.000,-0.001,-0.001,-0.558,0.413,0.583,0.423,-1.000,0.001,0.020,0.032,18865,19206,-57,56,48,14.980,19157,19455
339102,0.110,0.000,0.001,0.001,-0.557,0.412,0.584,0.423,-1.000,0.001,0.021,0.035,18735,19083,-58,57,47,14.960,18939,19230
339202,-0.060,0.001,0.001,0.001,-0.561,0.411,0.583,0.421,-1.000,0.001,0.017,0.029,18607,18924,-56,55,47,14.960,18939,19230
339302,-0.270,-0.001,-0.000,0.000,-0.562,0.411,0.581,0.421,-1.000,0.001,0.014,0.027,18485,18806,-55,54,47,14.960,18939,19230
339402,-0.070,-0.000,-0.001,-0.001,-0.559,0.413,0.582,0.422,-1.000,0.001,0.018,0.030,18346,18687,-58,57,47,14.980,18518,18796
339502,-0.030,0.000,0.000,0.000,-0.559,0.412,0.583,0.423,-1.000,0.001,0.019,0.032,18214,18562,-58,58,47,14.980,18518,18796
339602,-0.100,0.001,0.000,0.001,-0.559,0.412,0.583,0.421,-1.000,0.001,0.020,0.029,18095,18427,-59,58,47,14.990,18248,18450
339702,0.020,0.000,-0.000,0.000,-0.561,0.413,0.581,0.421,-1.000,0.000,0.016,0.026,17966,18289,-58,57,47,14.990,18248,18450
339802,0.020,-0.000,-0.000,-0.000,-0.560,0.414,0.582,0.420,-1.000,0.000,0.019,0.025,17832,18161,-60,60,47,14.990,18248,18450
339902,-0.240,0.001,0.001,-0.000,-0.561,0.413,0.581,0.421,-0.965,0.000,0.017,0.025,17697,18033,-59,58,47,14.990,17857,18115
340002,-0.330,-0.000,-0.000,-0.000,-0.561,0.412,0.581,0.422,-1.000,0.000,0.014,0.027,17575,17922,-58,58,47,14.990,17857,18115
340102,-0.070,-0.000,-0.001,-0.000,-0.560,0.413,0.582,0.421,-1.000,0.001,0.019,0.029,17436,17790,-62,61,48,14.990,17482,17857
340202,-0.550,-0.001,0.001,0.001,-0.560,0.414,0.581,0.421,-0.796,0.000,0.018,0.025,17314,17649,-61,60,48,14.990,17482,17857
340302,-0.110,0.000,0.000,-0.000,-0.561,0.414,0.579,0.422,-1.000,0.000,0.015,0.024,17196,17535,-60,59,47,15.010,17301,17543
340402,-0.370,-0.001,-0.001,0.000,-0.560,0.415,0.580,0.422,-1.000,0.001,0.018,0.026,17057,17406,-63,62,47,15.010,17301,17543
340502,0.320,-0.000,0.000,0.002,-0.559,0.419,0.579,0.421,-0.271,0.000,0.021,0.019,17008,17324,-64,64,47,15.010,17301,17543
340602,0.170,0.001,0.001,-0.000,-0.563,0.418,0.576,0.419,0.000,0.000,0.014,0.013,17025,17327,-60,60,48,15.010,17064,17301
340702,0.340,-0.000,-0.000,-0.000,-0.563,0.418,0.577,0.419,0.000,0.000,0.015,0.013,17032,17348,-62,61,48,15.010,17064,17301
340802,0.050,-0.001,-0.002,-0.001,-0.559,0.419,0.578,0.421,0.000,0.000,0.020,0.019,17038,17389,-66,65,48,15.010,16949,17482
340902,0.170,-0.000,0.001,0.001,-0.558,0.420,0.578,0.422,0.000,0.000,0.020,0.019,17056,17391,-65,64,48,15.010,16949,17482
341002,-0.200,-0.000,-0.001,0.000,-0.560,0.420,0.577,0.421,0.000,0.000,0.019,0.015,17074,17393,-65,65,48,15.010,16949,17482
341102,-0.050,0.002,0.001,-0.000,-0.561,0.419,0.579,0.419,0.000,0.000,0.020,0.015,17073,17393,-66,65,48,15.010,17064,17543
341202,0.250,-0.001,-0.001,0.000,-0.561,0.418,0.579,0.418,0.000,0.000,0.020,0.015,17056,17378,-67,66,48,15.010,17064,17543
341302,0.120,0.000,0.000,0.000,-0.560,0.420,0.579,0.417,0.000,0.000,0.024,0.013,17048,17364,-69,68,48,15.010,16949,17301
341402,-0.030,-0.000,0.000,0.000,-0.562,0.419,0.578,0.418,0.000,0.000,0.019,0.012,17062,17377,-67,66,48,15.010,16949,17301
341502,0.220,0.000,-0.000,-0.000,-0.561,0.420,0.578,0.418,0.000,0.000,0.021,0.013,17066,17387,-69,68,48,15.010,16949,17301
341602,-0.320,0.001,-0.000,0.000,-0.561,0.418,0.580,0.418,0.000,0.000,0.021,0.016,17084,17416,-69,69,48,15.010,17182,17543
341702,0.160,-0.000,0.000,-0.000,-0.562,0.417,0.580,0.418,0.000,0.000,0.019,0.016,17079,17411,-69,68,48,15.010,17182,17543
341802,-0.570,-0.001,0.001,-0.000,-0.561,0.417,0.580,0.418,0.000,0.000,0.020,0.018,17093,17429,-70,69,48,15.020,17123,17361
341902,-0.360,-0.001,-0.000,0.000,-0.560,0.417,0.579,0.420,-0.200,0.000,0.020,0.019,17084,17420,-70,69,48,15.020,17123,17361
342002,-0.230,0.000,-0.000,0.000,-0.559,0.419,0.579,0.419,-0.200,0.000,0.022,0.017,17060,17385,-72,72,48,15.020,17123,17361
342102,0.000,0.001,0.002,0.000,-0.563,0.417,0.577,0.419,-0.200,0.000,0.015,0.014,17048,17365,-68,67,48,15.010,17064,17301
342202,-0.140,0.000,-0.003,-0.000,-0.562,0.418,0.579,0.419,-0.200,0.000,0.019,0.015,17029,17356,-72,71,48,15.010,17064,17301
342302,0.180,0.002,0.003,0.001,-0.563,0.415,0.580,0.417,-0.200,0.000,0.018,0.016,16978,17305,-70,70,48,15.010,16891,17241
342402,-0.540,-0.001,0.000,-0.001,-0.568,0.411,0.577,0.419,-0.200,0.000,0.004,0.016,16955,17290,-63,63,48,15.010,16891,17241
342502,-0.180,-0.002,-0.003,-0.001,-0.562,0.414,0.580,0.421,-0.200,0.000,0.015,0.024,16915,17283,-72,71,48,15.010,16891,17241
342602,-0.340,0.002,0.002,0.001,-0.563,0.414,0.579,0.420,-0.200,0.000,0.013,0.022,16916,17259,-69,68,47,15.020,17006,17301
342702,0.340,0.000,-0.001,0.000,-0.566,0.413,0.579,0.418,-0.200,0.000,0.011,0.016,16895,17215,-69,68,47,15.020,17006,17301
342802,-0.400,-0.000,0.000,-0.000,-0.564,0.414,0.578,0.419,-0.200,0.000,0.012,0.016,16883,17210,-70,69,48,15.020,16891,17241
342902,0.220,0.000,0.000,-0.001,-0.565,0.412,0.579,0.420,-0.200,0.000,0.010,0.020,16850,17201,-69,68,48,15.020,16891,17241
343002,-0.160,-0.001,-0.001,0.000,-0.563,0.412,0.580,0.420,-0.200,0.000,0.013,0.023,16835,17190,-71,70,48,15.020,16891,17241
343102,0.280,-0.000,0.000,0.001,-0.563,0.414,0.579,0.419,-0.200,0.000,0.014,0.019,16821,17150,-72,71,48,15.030,16778,17182
343202,-0.410,0.000,0.000,0.001,-0.566,0.415,0.577,0.417,-0.200,0.000,0.011,0.012,16826,17127,-70,70,48,15.030,16778,17182
343302,-0.060,0.001,-0.001,0.000,-0.566,0.416,0.578,0.416,-0.200,0.000,0.014,0.010,16786,17092,-73,72,48,15.040,16835,17123
343402,-0.250,0.001,0.001,-0.000,-0.567,0.414,0.579,0.414,-0.200,0.000,0.013,0.010,16756,17072,-72,71,48,15.040,16835,17123
343502,0.080,-0.000,-0.001,-0.000,-0.566,0.414,0.580,0.413,-0.200,0.000,0.017,0.011,16734,17055,-75,74,48,15.040,16835,17123
343602,0.010,0.001,0.000,0.001,-0.566,0.415,0.580,0.413,-0.200,0.000,0.017,0.009,16720,17033,-75,74,48,15.030,16835,17064
343702,-0.190,0.000,-0.001,-0.000,-0.567,0.414,0.581,0.412,-0.200,0.000,0.018,0.009,16702,17019,-76,76,48,15.030,16835,17064
343802,-0.440,0.001,0.000,-0.001,-0.567,0.412,0.583,0.410,-0.200,0.000,0.021,0.011,16679,17007,-78,77,48,15.030,16611,17064
343902,0.310,-0.000,0.000,0.000,-0.567,0.411,0.585,0.410,-0.200,0.000,0.022,0.013,16629,16966,-79,78,48,15.030,16611,17064
344002,-0.130,-0.001,-0.000,0.000,-0.566,0.413,0.583,0.411,-0.200,0.000,0.021,0.013,16611,16944,-79,78,48,15.030,16611,17064
344102,-0.380,-0.000,0.000,0.000,-0.565,0.413,0.583,0.412,-0.200,0.000,0.022,0.014,16596,16931,-80,79,48,15.030,16611,16891
344202,0.000,0.000,-0.000,-0.000,-0.565,0.412,0.584,0.412,-0.200,0.000,0.023,0.015,16572,16912,-81,80,48,15.030,16611,16891
344302,-0.090,0.000,0.001,0.001,-0.565,0.413,0.584,0.411,-0.200,0.000,0.022,0.013,16558,16883,-81,80,48,15.030,16611,16891
344402,0.340,0.000,0.001,0.001,-0.569,0.412,0.581,0.412,-0.200,0.000,0.015,0.010,16530,16842,-77,76,48,15.030,16611,17006
344502,-0.140,0.000,-0.001,-0.001,-0.568,0.411,0.581,0.412,-0.200,0.000,0.014,0.012,16518,16836,-78,78,48,15.030,16611,17006
344602,-0.070,0.000,0.001,-0.000,-0.567,0.410,0.582,0.413,-0.200,0.000,0.015,0.015,16467,16814,-79,78,48,15.030,16611,16835
344702,0.190,-0.001,0.000,0.001,-0.568,0.410,0.581,0.414,-0.200,0.000,0.011,0.014,16460,16792,-77,76,48,15.030,16611,16835
344802,0.030,0.001,0.001,0.000,-0.570,0.410,0.580,0.413,-0.200,0.000,0.009,0.011,16443,16766,-76,75,48,15.030,16611,16835
344902,0.510,0.000,0.000,-0.001,-0.572,0.408,0.579,0.413,-0.200,0.000,0.004,0.012,16413,16748,-74,73,48,15.030,16393,16778
345002,-0.090,-0.001,0.001,-0.000,-0.572,0.407,0.579,0.415,-0.200,0.000,0.002,0.015,16400,16746,-73,72,48,15.030,16393,16778
345102,0.000,-0.001,0.000,0.001,-0.572,0.407,0.578,0.416,-0.200,0.000,-0.001,0.015,16382,16720,-71,70,48,15.030,16393,16666
345202,-0.270,-0.001,-0.000,0.000,-0.572,0.409,0.576,0.417,-0.200,0.000,-0.003,0.012,16371,16694,-71,70,48,15.030,16393,16666
345302,-0.560,0.001,0.000,0.000,-0.573,0.409,0.575,0.417,0.000,0.000,-0.004,0.009,16382,16698,-70,69,48,15.030,16393,16666
345402,0.270,0.002,0.001,0.001,-0.576,0.408,0.575,0.413,0.000,0.000,-0.005,0.006,16379,16683,-69,68,48,15.040,16393,16666
345502,-0.200,0.000,0.001,0.000,-0.579,0.407,0.574,0.411,0.000,0.000,-0.009,0.002,16391,16682,-67,66,48,15.040,16393,16666
345602,-0.220,-0.002,-0.000,-0.001,-0.579,0.406,0.573,0.414,0.000,-0.000,-0.013,0.004,16406,16722,-65,64,48,15.030,16339,16666
345702,-0.430,-0.002,-0.001,-0.000,-0.574,0.410,0.574,0.416,0.000,0.000,-0.007,0.007,16434,16760,-68,68,48,15.030,16339,16666
345802,0.130,0.002,0.002,0.002,-0.577,0.409,0.572,0.414,0.000,0.000,-0.009,0.001,16468,16755,-65,65,48,15.030,16339,16666
345902,0.030,0.000,0.001,0.001,-0.583,0.408,0.570,0.410,0.000,0.000,-0.016,-0.008,16485,16736,-62,61,47,15.040,16611,16666
346002,-0.210,-0.001,-0.001,-0.000,-0.582,0.410,0.569,0.411,0.000,0.000,-0.015,-0.009,16484,16745,-63,62,47,15.040,16611,16666
346102,-0.410,0.000,0.001,0.001,-0.582,0.412,0.568,0.412,-0.839,0.000,-0.016,-0.011,16490,16745,-61,61,48,15.040,16447,16778
346202,-0.470,0.001,0.001,0.000,-0.584,0.410,0.567,0.411,-1.000,0.000,-0.020,-0.014,16368,16596,-59,58,48,15.040,16447,16778
346302,-0.100,0.000,-0.000,-0.001,-0.584,0.409,0.568,0.410,-1.000,0.000,-0.020,-0.012,16220,16479,-59,58,48,15.040,16447,16778
346402,-0.590,0.001,-0.001,-0.000,-0.582,0.409,0.570,0.411,-1.000,0.000,-0.015,-0.007,16067,16349,-62,61,48,15.040,16393,16556
346502,-0.300,0.001,0.003,0.000,-0.585,0.406,0.569,0.411,-1.000,0.000,-0.023,-0.007,15920,16194,-55,55,48,15.040,16393,16556
346602,0.000,-0.000,-0.001,0.000,-0.586,0.406,0.567,0.412,-1.000,0.000,-0.026,-0.008,15764,16014,-54,53,48,15.050,15772,16233
346702,-0.470,-0.001,-0.000,-0.000,-0.584,0.407,0.568,0.412,-1.000,0.000,-0.023,-0.007,15635,15906,-56,55,48,15.050,15772,16233
346802,0.230,0.001,-0.000,0.000,-0.584,0.407,0.568,0.413,-1.000,0.000,-0.034,-0.006,15461,15736,-48,47,48,15.050,15772,16233
346902,0.080,-0.000,-0.001,0.000,-0.583,0.407,0.570,0.412,-1.000,0.000,-0.035,-0.006,15319,15594,-48,47,48,15.060,15479,15772
347002,-0.090,-0.001,-0.001,0.000,-0.581,0.410,0.571,0.411,-1.000,0.000,-0.029,-0.007,15195,15462,-51,50,48,15.060,15479,15772
347102,0.060,0.001,-0.000,0.001,-0.580,0.411,0.571,0.410,-1.000,-0.000,-0.025,-0.009,15066,15322,-52,51,48,15.060,15060,15432
347202,-0.180,-0.000,-0.001,0.000,-0.580,0.412,0.571,0.410,-1.000,-0.000,-0.023,-0.010,14922,15174,-52,51,48,15.060,15060,15432
347302,0.070,-0.000,-0.001,-0.001,-0.577,0.414,0.573,0.410,-1.000,-0.000,-0.017,-0.008,14737,15004,-55,54,48,15.060,15060,15432
347402,-0.420,0.000,0.000,-0.000,-0.575,0.414,0.575,0.409,-1.000,-0.000,-0.012,-0.006,14545,14823,-56,56,48,15.070,14705,15015
347502,-0.220,0.000,-0.001,-0.001,-0.574,0.414,0.576,0.409,-1.000,-0.000,-0.009,-0.004,14405,14693,-58,57,48,15.070,14705,15015
347602,0.150,0.000,-0.001,-0.000,-0.571,0.415,0.578,0.409,-1.000,-0.000,-0.003,-0.001,14235,14531,-61,60,48,15.090,14245,14577
347702,0.020,-0.000,-0.000,-0.000,-0.571,0.414,0.579,0.408,-1.000,-0.000,-0.002,-0.001,14067,14364,-61,60,48,15.090,14245,14577
347802,-0.050,-0.000,-0.000,0.001,-0.571,0.416,0.579,0.407,-1.000,-0.000,0.001,-0.004,13867,14144,-62,62,48,15.090,14245,14577
347902,-0.130,-0.000,-0.000,-0.000,-0.571,0.416,0.579,0.407,-1.000,-0.000,0.002,-0.003,13707,13993,-63,62,48,15.090,13850,14124
348002,-0.110,0.001,-0.001,-0.001,-0.569,0.416,0.581,0.407,-1.000,-0.000,0.005,-0.001,13529,13837,-65,64,48,15.090,13850,14124
348102,0.110,0.000,-0.001,0.001,-0.569,0.416,0.582,0.405,-1.000,-0.000,0.007,-0.002,13367,13661,-66,65,48,15.090,13850,14124
348202,-0.010,0.000,0.001,0.001,-0.571,0.417,0.581,0.403,-1.000,-0.000,0.008,-0.008,13196,13458,-66,65,48,15.080,13404,13661
348302,-0.190,0.000,-0.001,-0.001,-0.571,0.417,0.581,0.402,-1.000,-0.000,0.008,-0.008,13038,13310,-67,66,48,15.080,13404,13661
348402,-0.220,-0.001,-0.001,-0.001,-0.569,0.416,0.584,0.402,-1.000,-0.000,0.017,-0.004,12834,13144,-72,71,48,15.100,12953,13262
348502,0.030,-0.000,0.000,0.000,-0.568,0.417,0.584,0.403,-1.000,-0.000,0.031,-0.003,12641,12948,-80,79,48,15.100,12953,13262
348602,-0.030,0.002,0.001,0.000,-0.569,0.416,0.585,0.402,-1.000,-0.000,0.029,-0.003,12444,12747,-78,77,48,15.100,12953,13262
348702,-0.100,0.001,0.002,0.001,-0.574,0.411,0.583,0.401,-1.000,-0.000,0.019,-0.005,12280,12571,-73,73,48,15.120,12437,12820
348802,-0.090,-0.001,-0.002,0.000,-0.574,0.412,0.583,0.400,-1.000,-0.000,0.020,-0.007,12082,12367,-76,75,48,15.120,12437,12820
348902,-0.150,-0.001,-0.001,0.000,-0.571,0.417,0.584,0.400,-1.000,0.000,0.029,-0.009,11885,12166,-81,81,47,15.120,11904,12254
349002,0.020,0.001,0.000,-0.000,-0.571,0.417,0.584,0.399,-1.000,-0.000,0.030,-0.010,11673,11934,-82,81,47,15.120,11904,12254
349102,0.130,-0.001,-0.002,-0.001,-0.568,0.418,0.586,0.399,-1.000,-0.000,0.035,-0.007,11463,11767,-86,85,47,15.120,11904,12254
349202,0.030,-0.001,-0.001,-0.001,-0.565,0.418,0.588,0.400,-1.000,-0.000,0.042,-0.002,11245,11589,-90,89,47,15.120,11441,11737
349302,-0.170,0.001,-0.000,-0.001,-0.564,0.416,0.589,0.402,-1.000,0.000,0.041,0.004,11037,11418,-90,89,47,15.120,11441,11737
349402,0.030,0.001,-0.001,-0.002,-0.562,0.413,0.593,0.402,-1.000,0.000,0.045,0.013,10790,11228,-94,93,48,15.130,10893,11312
349502,0.010,-0.000,-0.001,-0.001,-0.559,0.412,0.598,0.401,-1.000,0.001,0.053,0.020,10544,11019,-99,99,48,15.130,10893,11312
349602,0.060,-0.001,-0.001,0.001,-0.555,0.415,0.599,0.402,-1.000,0.001,0.061,0.020,10317,10786,-105,104,48,15.130,10893,11312
349702,-0.100,-0.001,-0.001,0.001,-0.553,0.420,0.597,0.401,-1.000,0.000,0.066,0.014,10103,10534,-109,108,48,15.130,10351,10775
349802,-0.210,0.001,-0.001,0.001,-0.553,0.422,0.598,0.399,-1.000,0.000,0.072,0.010,9872,10297,-113,112,48,15.130,10351,10775
349902,0.230,0.001,-0.001,0.001,-0.553,0.423,0.599,0.395,-1.000,0.000,0.076,0.006,9611,10036,-117,116,48,15.150,9765,10204
350002,-0.090,-0.000,-0.001,0.000,-0.552,0.425,0.600,0.393,-1.000,0.000,0.082,0.004,9374,9810,-122,122,48,15.150,9765,10204
350102,-0.080,0.000,-0.002,-0.000,-0.548,0.427,0.603,0.392,-1.000,0.000,0.071,0.004,9117,9586,-118,117,48,15.150,9765,10204
350202,-0.130,0.001,-0.003,0.000,-0.545,0.429,0.607,0.388,-1.000,0.000,0.075,0.004,8855,9332,-123,123,47,15.150,9157,9578
350302,0.140,0.000,-0.002,0.002,-0.542,0.433,0.609,0.384,-1.000,-0.000,0.092,-0.002,8635,9075,-134,133,47,15.150,9157,9578
350402,-0.120,0.001,-0.004,0.001,-0.540,0.438,0.613,0.376,-1.000,-0.001,0.120,-0.012,8389,8766,-152,151,48,15.160,8561,8928
350502,-0.030,-0.002,-0.008,-0.000,-0.530,0.445,0.620,0.369,0.000,-0.001,0.166,-0.015,8241,8633,-180,180,48,15.160,8561,8928
350602,0.060,-0.002,-0.007,0.001,-0.514,0.456,0.629,0.363,0.000,-0.001,0.209,-0.013,8245,8658,-200,200,48,15.160,8561,8928
350702,0.150,-0.001,-0.011,0.001,-0.495,0.469,0.640,0.354,0.000,-0.002,0.261,-0.013,8227,8640,-200,200,47,15.170,8278,8680
350802,0.190,0.000,-0.007,0.001,-0.483,0.478,0.650,0.340,0.000,-0.003,0.305,-0.019,8191,8529,-200,200,47,15.170,8278,8680
350902,0.100,0.001,-0.005,-0.002,-0.473,0.483,0.658,0.331,0.000,-0.003,0.337,-0.021,8126,8468,-200,200,48,15.150,8143,8474
351002,0.110,-0.002,-0.007,-0.000,-0.460,0.487,0.666,0.328,0.000,-0.002,0.367,-0.011,8049,8482,-200,200,48,15.150,8143,8474
351102,0.160,0.001,-0.003,-0.001,-0.451,0.490,0.672,0.323,0.000,-0.002,0.393,-0.008,8011,8445,-200,200,48,15.150,8143,8474
351202,0.080,0.000,-0.002,0.002,-0.449,0.494,0.673,0.317,-0.200,-0.003,0.404,-0.016,7985,8307,-200,200,47,15.170,8012,8445
351302,0.140,-0.001,-0.007,0.001,-0.443,0.500,0.677,0.309,-0.200,-0.005,0.426,-0.024,8054,8302,-200,200,47,15.170,8012,8445
351402,0.120,-0.004,-0.004,0.002,-0.432,0.509,0.680,0.303,-0.200,-0.006,0.455,-0.028,7956,8175,-200,200,47,15.200,305,305
351502,0.270,-0.002,-0.015,0.001,-0.409,0.524,0.686,0.295,-0.200,-0.006,0.508,-0.023,7783,8074,-200,200,47,15.200,305,305
351602,0.110,0.008,-0.025,0.001,-0.377,0.535,0.709,0.262,-0.200,-0.009,0.607,-0.031,7755,7925,-200,200,47,15.200,305,305
351702,-1.060,0.004,-0.038,-0.005,-0.324,0.542,0.748,0.204,-0.200,-0.017,0.765,-0.043,7712,7787,-200,200,47,15.190,305,305
351802,-0.610,0.006,-0.070,0.013,-0.209,0.589,0.774,0.102,-0.200,-0.044,1.051,-0.077,8329,8000,-199,200,47,15.190,305,305
351902,-1.580,0.000,-0.027,-0.003,-0.110,0.598,0.794,-0.001,-0.200,-0.081,1.277,-0.107,8702,8216,-199,200,47,15.200,305,305
352002,0.650,-0.002,-0.007,0.001,-0.084,0.596,0.799,-0.003,-0.200,-0.066,1.313,-0.081,8401,8198,-199,200,47,15.200,305,305
352102,0.400,-0.004,-0.008,0.003,-0.063,0.602,0.796,-0.016,-0.200,-0.066,1.350,-0.077,8246,7998,-200,200,47,15.200,305,305
352202,0.980,0.000,-0.001,-0.006,-0.048,0.600,0.798,-0.022,-0.200,-0.062,1.375,-0.070,7908,7659,-199,200,47,15.200,305,305
352302,0.880,-0.004,-0.016,0.001,-0.033,0.592,0.805,-0.029,-0.200,-0.058,1.397,-0.063,7682,7400,-200,200,47,15.200,305,305
352402,0.050,0.002,-0.008,-0.001,0.001,0.588,0.807,-0.052,-0.200,-0.059,1.455,-0.059,7468,7126,-199,200,47,15.200,305,305
352502,0.370,-0.001,0.001,-0.003,0.002,0.584,0.810,-0.049,-0.200,-0.055,1.454,-0.055,7221,6854,-200,200,47,15.200,305,305
352602,-0.040,-0.006,0.017,-0.006,-0.008,0.578,0.815,-0.031,-0.200,-0.042,1.428,-0.043,7048,6759,-200,200,47,15.200,305,305
352702,0.810,0.003,0.010,-0.002,-0.041,0.569,0.821,0.001,-0.200,-0.031,1.364,-0.034,6665,6354,-200,200,47,15.200,305,305
352802,0.750,0.002,0.008,0.002,-0.059,0.572,0.818,0.004,-0.200,-0.040,1.339,-0.046,6437,5830,-200,200,47,15.200,305,305
352902,0.510,0.001,0.009,0.009,-0.080,0.585,0.807,0.011,-0.200,-0.048,1.307,-0.059,6452,5632,-200,200,47,15.200,305,305
353002,0.910,0.004,0.006,0.001,-0.104,0.594,0.798,0.014,-0.200,-0.062,1.273,-0.080,5954,4710,-199,200,47,15.200,305,305
353102,0.550,0.000,-0.001,0.005,-0.104,0.602,0.791,0.009,-0.200,-0.068,1.278,-0.089,5732,4308,-199,200,47,15.200,305,305
353202,0.290,-0.000,0.005,0.004,-0.113,0.611,0.783,0.012,-0.200,-0.071,1.265,-0.095,5471,3812,-199,200,47,15.210,305,305
353302,0.700,-0.002,-0.009,0.003,-0.106,0.618,0.779,0.011,-0.200,-0.069,1.275,-0.091,5074,3256,-199,200,47,15.210,305,305
353402,0.230,-0.000,-0.003,0.005,-0.086,0.629,0.773,-0.006,-0.200,-0.073,1.316,-0.092,4892,2734,-199,200,47,15.210,305,305
353502,0.730,-0.000,0.006,0.001,-0.095,0.635,0.767,-0.000,-0.200,-0.074,1.300,-0.095,4559,1559,-199,200,47,15.210,305,305
353602,0.540,0.001,-0.003,0.004,-0.099,0.639,0.763,0.001,-0.200,-0.076,1.294,-0.098,4054,0,-199,200,47,15.210,305,305
353702,0.240,0.002,-0.000,0.005,-0.095,0.649,0.755,-0.010,-0.200,-0.085,1.308,-0.109,3829,0,-199,200,47,15.230,305,305
353802,0.480,0.000,0.006,0.006,-0.107,0.660,0.744,-0.008,-0.200,-0.092,1.293,-0.122,3452,0,-199,200,47,15.230,305,305
353902,0.690,0.002,0.001,0.007,-0.117,0.671,0.732,-0.005,-0.200,-0.097,1.279,-0.133,3341,0,-199,200,47,15.230,305,305
354002,0.580,0.001,0.001,0.008,-0.121,0.687,0.717,-0.008,-0.200,-0.103,1.276,-0.145,3420,0,-199,200,47,15.230,305,305
354102,0.430,0.001,0.004,0.008,-0.131,0.699,0.703,-0.007,-0.200,-0.109,1.263,-0.159,3509,0,-199,200,47,15.230,305,305
354202,0.070,-0.001,0.005,0.007,-0.142,0.714,0.686,-0.000,-0.200,-0.144,1.248,-0.144,3232,0,-198,200,46,15.220,305,305
354302,0.330,-0.004,0.004,0.010,-0.146,0.730,0.667,0.005,-0.200,-0.145,1.242,-0.147,3305,0,-198,200,46,15.220,305,305
354402,0.500,-0.006,0.003,0.007,-0.144,0.746,0.650,0.020,-0.200,-0.130,1.233,-0.137,3173,0,-198,200,46,15.220,305,305
354502,0.210,-0.004,-0.003,0.011,-0.140,0.762,0.632,0.021,-0.200,-0.128,1.240,-0.136,3211,0,-198,200,46,15.220,305,305
354602,0.640,-0.003,-0.006,0.012,-0.127,0.783,0.609,0.014,-0.200,-0.127,1.268,-0.132,3182,0,-198,200,46,15.220,305,305
354702,0.580,-0.003,-0.006,0.010,-0.107,0.801,0.590,0.004,-0.200,-0.117,1.305,-0.118,3028,0,-198,200,46,15.220,305,305
354802,0.420,-0.005,-0.003,0.012,-0.089,0.819,0.567,-0.003,-0.200,-0.106,1.335,-0.106,2909,0,-199,200,46,15.220,305,305
354902,0.090,-0.005,0.005,0.012,-0.083,0.839,0.539,0.001,-0.200,-0.097,1.340,-0.097,2878,0,-199,200,47,15.220,305,305
355002,-0.240,-0.003,0.010,0.012,-0.086,0.857,0.508,0.025,-0.200,-0.084,1.313,-0.089,2849,0,-199,200,47,15.220,305,305
355102,-0.130,-0.007,-0.004,0.012,-0.077,0.873,0.480,0.037,-0.200,-0.066,1.308,-0.072,2638,0,-199,200,47,15.220,305,305
355202,0.410,-0.005,-0.013,0.013,-0.050,0.891,0.451,0.017,-0.200,-0.051,1.358,-0.053,2457,0,-200,200,46,15.220,305,305
355302,0.960,0.000,-0.005,0.006,-0.036,0.903,0.427,-0.004,-0.200,-0.049,1.396,-0.048,2516,0,-199,200,46,15.220,305,305
355402,0.150,-0.003,-0.005,0.005,-0.027,0.907,0.419,-0.011,-0.200,-0.041,1.411,-0.040,2450,0,-200,200,47,15.230,305,305
355502,0.460,-0.000,0.000,0.003,-0.022,0.913,0.408,-0.014,-0.200,-0.037,1.418,-0.036,2448,0,-200,200,47,15.230,305,305
355602,0.460,-0.003,0.001,-0.001,-0.023,0.912,0.408,-0.009,-0.200,-0.035,1.412,-0.034,2458,0,-200,200,47,15.230,305,305
355702,0.280,-0.002,-0.000,-0.001,-0.013,0.911,0.413,-0.005,-0.200,-0.019,1.412,-0.019,2247,0,-200,200,46,15.230,305,305
355802,0.300,-0.000,0.000,-0.000,-0.011,0.910,0.415,-0.002,-0.200,-0.016,1.410,-0.016,2284,0,-200,200,46,15.230,305,305
355902,0.570,0.004,-0.006,-0.000,-0.018,0.912,0.410,-0.010,-0.200,-0.028,1.416,-0.028,2550,0,-199,200,46,15.230,305,305
356002,0.160,0.001,-0.016,-0.005,-0.007,0.907,0.419,-0.041,-0.200,-0.035,1.461,-0.032,2553,0,-199,200,46,15.230,305,305
356102,0.190,0.002,0.017,-0.004,-0.010,0.901,0.432,-0.040,-0.200,-0.039,1.457,-0.035,2585,0,-199,200,46,15.230,305,305
356202,0.470,0.003,0.027,-0.004,-0.042,0.898,0.438,0.013,-0.200,-0.045,1.369,-0.047,2729,0,-199,200,46,15.230,305,305
356302,0.440,0.009,0.027,-0.009,-0.089,0.886,0.450,0.070,-0.200,-0.062,1.258,-0.073,3037,0,-199,200,46,15.230,305,305
356402,-0.630,0.013,0.034,-0.014,-0.151,0.859,0.470,0.134,-0.200,-0.078,1.111,-0.108,3449,0,-198,200,46,15.230,305,305
356502,-1.150,0.011,0.040,-0.016,-0.220,0.816,0.491,0.211,-0.200,-0.077,0.925,-0.131,3999,0,-199,200,46,15.230,305,305
356602,-1.610,0.010,0.052,-0.015,-0.292,0.755,0.499,0.309,-0.200,-0.051,0.683,-0.121,4502,655,-199,200,46,15.230,305,305
356702,-2.220,0.008,0.063,-0.009,-0.372,0.676,0.474,0.424,-0.200,-0.022,0.371,-0.098,5166,3290,-200,200,46,15.230,305,305
356802,-1.680,0.004,0.062,-0.004,-0.456,0.574,0.425,0.531,-0.200,-0.003,0.021,-0.072,5876,4664,-69,68,46,15.230,305,305
356902,-0.720,0.006,0.040,0.007,-0.514,0.494,0.358,0.603,-0.200,0.008,-0.258,-0.077,6544,5163,73,-74,46,15.230,305,305
357002,-0.600,0.005,0.022,0.009,-0.549,0.455,0.305,0.631,-0.200,0.018,-0.408,-0.113,6974,5146,134,-135,46,15.230,305,305
357102,-0.710,0.003,0.022,0.004,-0.570,0.422,0.262,0.654,-0.200,0.029,-0.527,-0.136,7134,5210,199,-200,46,15.230,305,305
357202,-0.700,0.001,0.020,0.000,-0.577,0.387,0.226,0.682,-0.200,0.037,-0.633,-0.134,7186,5476,199,-200,46,15.240,305,305
357302,-0.600,0.001,0.020,-0.002,-0.579,0.350,0.194,0.710,-0.200,0.042,-0.733,-0.123,7179,5703,199,-200,46,15.240,305,305
357402,-0.210,0.001,0.011,-0.004,-0.571,0.316,0.172,0.737,-0.200,0.040,-0.812,-0.099,7130,5942,199,-200,46,15.240,305,305
357502,-0.130,0.001,0.006,-0.001,-0.563,0.303,0.164,0.751,-0.200,0.037,-0.842,-0.086,7122,5981,199,-200,46,15.240,305,305
357602,-0.350,0.002,0.009,0.001,-0.562,0.284,0.150,0.763,-0.200,0.038,-0.888,-0.082,7177,5998,199,-200,46,15.240,305,305
357702,-0.480,-0.002,-0.000,-0.001,-0.559,0.273,0.140,0.770,-0.200,0.039,-0.914,-0.081,7273,6072,199,-200,46,15.230,305,305
357802,-0.450,-0.006,-0.003,-0.002,-0.547,0.285,0.137,0.775,-0.200,0.041,-0.898,-0.089,7392,6075,199,-200,46,15.230,305,305
357902,-0.640,-0.001,0.006,-0.004,-0.531,0.287,0.124,0.787,-0.200,0.046,-0.904,-0.099,7532,6160,199,-200,46,15.230,305,305
358002,-0.140,-0.000,0.005,-0.010,-0.513,0.271,0.118,0.806,-0.200,0.039,-0.936,-0.079,7429,6378,199,-200,45,15.240,305,305
358102,-0.040,0.002,0.008,-0.009,-0.488,0.252,0.118,0.827,-0.200,0.024,-0.966,-0.045,7239,6508,200,-200,45,15.240,305,305
358202,-0.400,0.005,0.013,-0.006,-0.472,0.222,0.114,0.845,-0.200,0.008,-1.017,-0.014,7191,6702,200,-200,46,15.240,305,305
358302,-0.330,-0.000,0.011,0.001,-0.470,0.190,0.102,0.856,-0.200,0.002,-1.077,-0.003,7275,6687,200,-200,46,15.240,305,305
358402,-0.530,-0.001,0.005,0.001,-0.470,0.174,0.087,0.861,-0.200,0.008,-1.112,-0.011,7479,6718,200,-200,46,15.240,305,305
358502,-0.760,0.000,0.005,-0.003,-0.465,0.163,0.080,0.866,-0.200,0.007,-1.134,-0.011,7635,6903,200,-200,45,15.250,305,305
358602,-0.490,-0.002,0.003,-0.005,-0.453,0.155,0.071,0.875,-0.200,0.009,-1.152,-0.013,7800,7053,200,-200,45,15.250,305,305
358702,-0.300,-0.005,0.001,-0.007,-0.431,0.154,0.062,0.887,-0.200,0.013,-1.160,-0.018,7857,7061,200,-200,45,15.250,305,305
358802,-0.100,-0.004,-0.001,-0.007,-0.407,0.158,0.054,0.898,-0.200,0.018,-1.159,-0.026,7904,7045,200,-200,45,15.250,305,305
358902,-0.250,-0.001,0.004,-0.006,-0.382,0.157,0.049,0.909,-0.200,0.018,-1.164,-0.025,7877,7069,200,-200,45,15.250,305,305
359002,-0.150,0.002,0.006,-0.005,-0.366,0.141,0.046,0.919,-0.200,0.011,-1.190,-0.015,7825,7152,200,-200,45,15.250,305,305
359102,-0.140,0.003,0.001,-0.002,-0.352,0.130,0.054,0.926,-0.200,-0.005,-1.201,0.006,7743,7249,200,-200,45,15.250,305,305
359202,-0.350,-0.000,0.003,-0.003,-0.337,0.125,0.055,0.932,-0.200,-0.011,-1.209,0.014,7800,7317,200,-200,46,15.240,305,305
359302,-0.330,-0.004,0.002,-0.002,-0.325,0.120,0.045,0.937,-0.200,-0.004,-1.222,0.005,7943,7310,200,-200,46,15.240,305,305
359402,0.110,0.001,0.004,-0.003,-0.319,0.114,0.037,0.940,-0.200,0.002,-1.234,-0.002,7921,7235,200,-200,45,15.260,305,305
359502,0.370,0.001,0.003,-0.001,-0.300,0.105,0.038,0.947,-0.200,-0.006,-1.248,0.007,7713,7136,200,-200,45,15.260,305,305
359602,-0.080,-0.011,0.012,-0.001,-0.283,0.095,0.003,0.954,-0.200,0.030,-1.277,-0.037,7945,6823,199,-200,45,15.250,305,305
359702,-0.250,-0.003,0.019,-0.004,-0.270,0.050,-0.020,0.961,-0.200,0.044,-1.350,-0.049,7954,6860,199,-200,45,15.250,305,305
359802,-0.730,0.005,0.001,-0.001,-0.264,0.030,-0.024,0.964,-0.200,0.042,-1.381,-0.045,8052,7140,199,-200,45,15.250,305,305
359902,-0.060,0.003,-0.003,-0.001,-0.261,0.033,-0.013,0.965,-0.200,0.029,-1.373,-0.031,7986,7226,200,-200,45,15.250,305,305
360002,0.100,0.005,0.002,-0.001,-0.258,0.027,-0.005,0.966,-0.200,0.016,-1.378,-0.017,7853,7212,200,-200,45,15.250,305,305
360102,-0.380,0.000,0.001,0.001,-0.259,0.016,0.004,0.966,-0.200,0.001,-1.391,-0.001,7825,7275,200,-200,45,15.250,305,305
360202,-0.390,-0.001,0.003,-0.000,-0.236,0.015,-0.001,0.972,-0.200,0.006,-1.394,-0.007,7888,7202,200,-200,45,15.250,305,305
360302,-0.110,0.000,-0.002,-0.000,-0.217,0.013,-0.004,0.976,-0.200,0.009,-1.398,-0.009,7923,7209,200,-200,45,15.250,305,305
360402,-0.220,0.000,-0.000,-0.000,-0.199,0.012,-0.004,0.980,-0.200,0.009,-1.399,-0.009,7924,7209,200,-200,45,15.260,305,305
360502,-0.280,0.000,0.000,0.000,-0.183,0.012,-0.004,0.983,-0.200,0.009,-1.399,-0.009,7924,7215,200,-200,45,15.260,305,305
360602,-0.200,-0.000,0.000,0.000,-0.170,0.011,-0.005,0.985,-0.200,0.010,-1.400,-0.010,7924,7206,200,-200,45,15.250,305,305
360702,-0.210,0.000,0.000,0.000,-0.157,0.011,-0.006,0.987,-0.200,0.010,-1.400,-0.010,7921,7199,200,-200,45,15.250,305,305
360802,-0.180,0.000,-0.000,0.000,-0.146,0.010,-0.006,0.989,-0.200,0.011,-1.401,-0.011,7913,7186,200,-200,45,15.250,305,305
360902,-0.130,0.000,0.000,0.000,-0.139,0.010,-0.007,0.990,-0.200,0.011,-1.402,-0.012,7898,7168,200,-200,45,15.250,305,305
361002,-0.140,0.000,-0.000,0.000,-0.132,0.009,-0.007,0.991,-0.200,0.012,-1.403,-0.012,7878,7145,200,-200,45,15.250,305,305
361102,-0.160,0.001,-0.000,0.000,-0.125,0.009,-0.008,0.992,-0.200,0.012,-1.403,-0.012,7856,7124,200,-200,45,15.260,305,305
361202,-0.100,-0.000,-0.000,0.000,-0.121,0.008,-0.008,0.993,-0.200,0.012,-1.404,-0.013,7837,7097,200,-200,45,15.260,305,305
361302,-0.040,0.000,-0.000,0.000,-0.117,0.008,-0.008,0.993,-0.200,0.013,-1.403,-0.013,7793,7049,200,-200,45,15.260,305,305
361402,-0.040,0.000,0.000,-0.000,-0.114,0.008,-0.008,0.993,-0.200,0.013,-1.404,-0.013,7743,6993,200,-200,45,15.260,305,305
361502,-0.050,-0.000,-0.000,0.000,-0.112,0.008,-0.008,0.994,-0.200,0.013,-1.404,-0.013,7686,6930,200,-200,45,15.260,305,305
361602,-0.040,0.000,-0.000,-0.000,-0.111,0.008,-0.008,0.994,-0.200,0.013,-1.404,-0.013,7635,6875,200,-200,45,15.250,305,305
361702,-0.010,0.000,0.000,-0.000,-0.109,0.008,-0.008,0.994,-0.200,0.013,-1.404,-0.013,7576,6810,200,-200,45,15.250,305,305
361802,-0.020,0.000,0.000,0.000,-0.106,0.008,-0.008,0.994,-0.200,0.013,-1.404,-0.013,7521,6747,200,-200,44,15.240,305,305
361902,0.010,-0.000,0.000,0.000,-0.105,0.008,-0.008,0.994,-0.200,0.013,-1.404,-0.013,7451,6670,200,-200,44,15.240,305,305
362002,0.000,0.000,-0.000,-0.000,-0.105,0.008,-0.008,0.994,-0.200,0.013,-1.404,-0.013,7398,6611,200,-200,45,15.250,305,305
362102,0.030,0.000,-0.000,-0.000,-0.103,0.007,-0.008,0.995,-0.200,0.013,-1.405,-0.013,7339,6544,200,-200,45,15.250,305,305
362202,-0.090,0.000,0.000,-0.000,-0.103,0.007,-0.008,0.995,-0.200,0.013,-1.406,-0.013,7279,6478,200,-200,45,15.250,305,305
362302,-0.010,0.000,-0.000,-0.000,-0.102,0.007,-0.008,0.995,-0.200,0.013,-1.406,-0.013,7208,6399,200,-200,44,15.260,305,305
362402,-0.040,0.000,0.000,-0.000,-0.102,0.006,-0.008,0.995,-0.200,0.013,-1.406,-0.013,7157,6342,200,-200,44,15.260,305,305
362502,0.000,0.000,0.000,0.000,-0.101,0.006,-0.008,0.995,-0.200,0.013,-1.406,-0.013,7091,6267,200,-200,45,15.260,305,305
362602,-0.020,0.000,-0.000,-0.000,-0.101,0.006,-0.008,0.995,-0.200,0.013,-1.406,-0.013,7025,6192,200,-200,45,15.260,305,305
362702,-0.030,0.000,-0.000,-0.000,-0.099,0.006,-0.008,0.995,-0.200,0.012,-1.406,-0.012,6952,6111,200,-200,45,15.260,305,305
362802,0.000,0.000,0.000,-0.000,-0.098,0.006,-0.008,0.995,-0.200,0.012,-1.406,-0.012,6891,6041,200,-200,45,15.260,305,305
362902,0.000,0.000,-0.000,-0.000,-0.098,0.006,-0.008,0.995,-0.200,0.012,-1.407,-0.013,6832,5973,200,-200,45,15.260,305,305
363002,-0.030,0.000,-0.000,0.000,-0.098,0.007,-0.008,0.995,-0.200,0.012,-1.406,-0.012,6766,5898,200,-200,45,15.260,305,305
363102,0.000,0.000,-0.000,0.000,-0.098,0.007,-0.008,0.995,-0.200,0.012,-1.405,-0.012,6700,5819,200,-200,45,15.260,305,305
363202,-0.010,0.000,-0.001,0.000,-0.098,0.009,-0.007,0.995,-0.200,0.011,-1.403,-0.011,6617,5746,200,-200,44,15.260,305,305
363302,-0.050,0.000,-0.000,0.000,-0.098,0.011,-0.006,0.995,-0.200,0.010,-1.400,-0.011,6556,5673,200,-200,44,15.260,305,305
363402,-0.090,-0.000,0.000,0.000,-0.098,0.011,-0.006,0.995,-0.200,0.010,-1.400,-0.011,6488,5591,200,-200,45,15.260,305,305
363502,-0.060,0.000,-0.000,0.000,-0.098,0.011,-0.007,0.995,-0.200,0.011,-1.400,-0.011,6427,5516,200,-200,45,15.260,305,305
363602,0.090,0.000,-0.000,0.000,-0.098,0.012,-0.006,0.995,-0.200,0.010,-1.398,-0.011,6342,5421,200,-200,45,15.260,305,305
363702,0.000,0.000,-0.000,-0.000,-0.098,0.012,-0.006,0.995,-0.200,0.011,-1.399,-0.011,6279,5344,200,-200,45,15.260,305,305
363802,-0.080,-0.000,-0.000,0.000,-0.098,0.012,-0.006,0.995,-0.200,0.011,-1.398,-0.011,6209,5261,200,-200,44,15.260,305,305
363902,0.020,-0.000,0.000,-0.000,-0.098,0.012,-0.006,0.995,-0.200,0.011,-1.398,-0.011,6125,5162,200,-200,44,15.260,305,305
364002,0.010,0.000,-0.000,0.000,-0.098,0.012,-0.006,0.995,-0.200,0.011,-1.398,-0.011,6054,5078,200,-200,44,15.260,305,305
364102,-0.020,-0.000,0.000,0.000,-0.098,0.012,-0.006,0.995,-0.200,0.011,-1.398,-0.011,5975,4983,200,-200,44,15.260,305,305
364202,-0.030,0.000,-0.000,0.000,-0.098,0.012,-0.006,0.995,-0.200,0.011,-1.398,-0.011,5902,4895,200,-200,44,15.260,305,305
364302,0.000,0.000,-0.000,0.000,-0.098,0.012,-0.006,0.995,-0.200,0.011,-1.398,-0.011,5829,4807,200,-200,44,15.260,305,305
364402,-0.090,0.000,0.000,0.000,-0.098,0.012,-0.007,0.995,-0.200,0.011,-1.398,-0.011,5740,4688,200,-200,44,15.260,305,305
364502,-0.010,0.000,0.000,0.000,-0.098,0.012,-0.007,0.995,-0.200,0.011,-1.398,-0.011,5668,4603,200,-200,44,15.260,305,305
364602,0.000,-0.000,0.000,0.000,-0.098,0.012,-0.007,0.995,-0.200,0.011,-1.398,-0.011,5590,4508,200,-200,44,15.260,305,305
364702,-0.020,0.000,0.000,0.000,-0.098,0.012,-0.007,0.995,-0.200,0.011,-1.398,-0.011,5514,4414,200,-200,44,15.260,305,305
364802,-0.030,0.000,-0.000,0.000,-0.098,0.012,-0.007,0.995,-0.200,0.011,-1.398,-0.011,5425,4303,200,-200,44,15.260,305,305
364902,-0.030,0.000,-0.000,0.000,-0.098,0.012,-0.007,0.995,-0.200,0.011,-1.398,-0.011,5353,4212,200,-200,44,15.260,305,305
365002,-0.040,-0.000,-0.000,0.000,-0.098,0.012,-0.007,0.995,-0.200,0.011,-1.398,-0.011,5270,4106,200,-200,44,15.260,305,305
365102,-0.020,0.000,0.000,0.000,-0.098,0.012,-0.007,0.995,-0.200,0.011,-1.398,-0.011,5185,3995,200,-200,44,15.260,305,305
365202,-0.040,-0.000,-0.000,0.000,-0.098,0.012,-0.007,0.995,-0.200,0.011,-1.398,-0.011,5090,3872,200,-200,44,15.260,305,305
365302,0.000,0.000,0.000,0.000,-0.098,0.012,-0.007,0.995,-0.200,0.011,-1.398,-0.011,5011,3767,200,-200,44,15.260,305,305
365402,0.020,-0.000,-0.000,0.000,-0.098,0.012,-0.007,0.995,-0.200,0.011,-1.398,-0.011,4921,3647,200,-200,44,15.260,305,305
365502,0.000,0.000,-0.000,-0.000,-0.098,0.012,-0.007,0.995,-0.200,0.011,-1.398,-0.011,4839,3535,200,-200,44,15.260,305,305
365602,-0.020,0.000,-0.000,-0.000,-0.098,0.012,-0.007,0.995,-0.200,0.011,-1.398,-0.011,4737,3394,200,-200,44,15.260,305,305
365702,-0.010,0.000,-0.000,-0.000,-0.098,0.012,-0.007,0.995,-0.200,0.011,-1.398,-0.011,4653,3276,200,-200,44,15.260,305,305
365802,-0.040,0.000,-0.000,0.000,-0.098,0.012,-0.007,0.995,-0.200,0.011,-1.398,-0.011,4558,3139,200,-200,44,15.260,305,305
365902,-0.030,0.000,0.000,0.000,-0.098,0.012,-0.007,0.995,-0.200,0.011,-1.398,-0.011,4457,2991,200,-200,44,15.260,305,305
366002,-0.030,0.000,-0.000,0.000,-0.098,0.012,-0.007,0.995,-0.200,0.011,-1.398,-0.011,4355,2837,200,-200,44,15.260,305,305
366102,-0.030,0.000,-0.000,0.000,-0.098,0.012,-0.007,0.995,-0.200,0.011,-1.398,-0.011,4249,2671,200,-200,44,15.260,305,305
366202,-0.040,0.000,0.000,-0.000,-0.098,0.012,-0.007,0.995,-0.200,0.011,-1.398,-0.011,4143,2499,200,-200,44,15.260,305,305
366302,-0.020,-0.000,0.000,0.000,-0.098,0.012,-0.007,0.995,-0.200,0.011,-1.398,-0.011,4030,2307,200,-200,44,15.260,305,305
366402,0.000,-0.000,0.000,0.000,-0.098,0.012,-0.007,0.995,-0.200,0.011,-1.398,-0.011,3914,2099,200,-200,44,15.270,305,305
366502,-0.010,-0.000,-0.000,0.000,-0.098,0.012,-0.007,0.995,-0.200,0.011,-1.398,-0.011,3801,1879,200,-200,44,15.270,305,305
366602,-0.040,0.000,-0.000,-0.000,-0.098,0.012,-0.007,0.995,-0.200,0.011,-1.398,-0.011,3677,1614,200,-200,44,15.260,305,305
366702,-0.020,-0.000,0.000,0.000,-0.098,0.012,-0.007,0.995,-0.200,0.011,-1.398,-0.011,3555,1311,200,-200,44,15.260,305,305
366802,-0.020,-0.000,0.000,-0.000,-0.098,0.012,-0.007,0.995,-0.200,0.011,-1.398,-0.011,3429,919,200,-200,44,15.260,305,305
366902,-0.010,-0.000,0.000,-0.000,-0.098,0.012,-0.007,0.995,-0.200,0.011,-1.398,-0.011,3294,0,200,-200,44,15.260,305,305
367002,0.000,-0.000,0.000,0.000,-0.098,0.012,-0.007,0.995,-0.200,0.011,-1.398,-0.011,3149,0,200,-200,44,15.270,305,305
367102,-0.030,-0.000,-0.000,-0.000,-0.098,0.012,-0.007,0.995,-0.200,0.011,-1.398,-0.011,3006,0,200,-200,44,15.270,305,305
367202,-0.020,0.000,-0.000,-0.000,-0.098,0.012,-0.007,0.995,-0.200,0.011,-1.398,-0.011,2853,0,200,-200,44,15.270,305,305
367302,-0.030,-0.000,0.000,0.000,-0.098,0.012,-0.007,0.995,-0.200,0.011,-1.398,-0.011,2697,0,200,-200,44,15.270,305,305
367402,-0.020,0.000,0.000,0.000,-0.098,0.012,-0.007,0.995,-0.200,0.011,-1.398,-0.011,2528,0,200,-200,44,15.270,305,305
367502,-0.030,0.000,0.000,0.000,-0.098,0.012,-0.007,0.995,-0.200,0.011,-1.398,-0.011,2347,0,200,-200,44,15.270,305,305
367602,-0.020,0.000,0.000,0.000,-0.098,0.012,-0.007,0.995,-0.200,0.011,-1.398,-0.011,2336,0,200,-200,44,15.270,305,305
367702,-0.030,0.000,-0.000,0.000,-0.098,0.012,-0.007,0.995,-0.200,0.011,-1.398,-0.011,2336,0,200,-200,44,15.270,305,305
367802,0.000,0.000,-0.000,0.000,-0.098,0.012,-0.007,0.995,-0.200,0.011,-1.398,-0.011,2336,0,200,-200,44,15.270,305,305
367902,-0.010,0.000,0.000,0.000,-0.098,0.012,-0.007,0.995,-0.200,0.011,-1.398,-0.011,2336,0,200,-200,44,15.270,305,305
368002,-0.010,-0.000,0.000,-0.000,-0.098,0.012,-0.007,0.995,-0.200,0.011,-1.398,-0.011,2336,0,200,-200,44,15.270,305,305
368102,-0.020,0.000,0.000,0.000,-0.098,0.012,-0.007,0.995,-0.200,0.011,-1.398,-0.011,2336,0,200,-200,44,15.270,305,305
368202,-0.020,0.000,0.000,0.000,-0.098,0.012,-0.007,0.995,-0.200,0.011,-1.398,-0.011,2336,0,200,-200,44,15.270,305,305
368302,-0.030,0.000,0.000,0.000,-0.098,0.012,-0.007,0.995,-0.200,0.011,-1.398,-0.011,2336,0,200,-200,44,15.270,305,305
368402,-0.030,-0.000,0.000,0.000,-0.098,0.012,-0.007,0.995,-0.200,0.011,-1.398,-0.011,2336,0,200,-200,44,15.270,305,305
368502,-0.030,0.000,-0.000,-0.000,-0.098,0.012,-0.007,0.995,-0.200,0.011,-1.398,-0.011,2336,0,200,-200,44,15.270,305,305
368602,-0.020,0.000,0.000,0.000,-0.098,0.012,-0.007,0.995,-0.200,0.011,-1.398,-0.011,2336,0,200,-200,43,15.270,305,305
368702,-0.020,-0.000,0.000,0.000,-0.098,0.012,-0.007,0.995,-0.200,0.011,-1.398,-0.011,2336,0,200,-200,43,15.270,305,305
368802,-0.040,0.000,-0.000,0.000,-0.098,0.012,-0.007,0.995,-0.200,0.011,-1.398,-0.011,2336,0,200,-200,43,15.270,305,305
368902,-0.060,0.000,0.000,0.000,-0.098,0.012,-0.007,0.995,-0.200,0.011,-1.398,-0.011,2336,0,200,-200,43,15.270,305,305
369002,-0.020,-0.000,0.000,0.000,-0.098,0.012,-0.007,0.995,-0.200,0.011,-1.398,-0.011,2336,0,200,-200,43,15.270,305,305
369102,-0.030,0.000,0.000,-0.000,-0.098,0.012,-0.007,0.995,-0.200,0.011,-1.398,-0.011,2336,0,200,-200,43,15.270,305,305
369202,-0.030,-0.000,0.000,-0.000,-0.098,0.012,-0.007,0.995,-0.200,0.011,-1.398,-0.011,2336,0,200,-200,44,15.270,305,305
369302,-0.030,0.000,0.000,-0.000,-0.098,0.012,-0.007,0.995,-0.200,0.011,-1.398,-0.011,2336,0,200,-200,44,15.270,305,305
369402,-0.010,0.000,0.000,0.000,-0.098,0.012,-0.007,0.995,-0.200,0.011,-1.398,-0.011,2336,0,200,-200,43,15.270,305,305
369502,-0.030,0.000,-0.000,0.000,-0.098,0.012,-0.007,0.995,-0.200,0.011,-1.398,-0.011,2336,0,200,-200,43,15.270,305,305
369602,-0.010,0.000,-0.000,0.000,-0.098,0.012,-0.007,0.995,-0.200,0.011,-1.398,-0.011,2336,0,200,-200,43,15.270,305,305
369702,-0.020,-0.000,0.000,0.000,-0.098,0.012,-0.007,0.995,-0.200,0.011,-1.398,-0.011,2337,0,200,-200,43,15.270,305,305
369802,-0.020,-0.000,0.000,-0.000,-0.098,0.012,-0.007,0.995,-0.200,0.011,-1.398,-0.011,2336,0,200,-200,44,15.270,305,305
369902,-0.020,0.000,-0.000,0.000,-0.098,0.012,-0.007,0.995,-0.200,0.011,-1.398,-0.011,2337,0,200,-200,44,15.270,305,305
370002,0.000,0.000,-0.000,0.000,-0.098,0.012,-0.007,0.995,-0.200,0.011,-1.398,-0.011,2336,0,200,-200,44,15.270,305,305
370102,-0.020,0.000,0.000,-0.000,-0.098,0.012,-0.007,0.995,-0.200,0.011,-1.398,-0.011,2336,0,200,-200,44,15.270,305,305
370202,-0.010,0.000,-0.000,-0.000,-0.098,0.012,-0.007,0.995,-0.200,0.011,-1.398,-0.011,2336,0,200,-200,43,15.270,305,305
370302,-0.030,-0.000,-0.000,0.000,-0.098,0.012,-0.007,0.995,-0.200,0.011,-1.398,-0.011,2336,0,200,-200,43,15.270,305,305
370402,-0.030,0.000,0.000,-0.000,-0.098,0.012,-0.007,0.995,-0.200,0.011,-1.398,-0.011,2336,0,200,-200,43,15.270,305,305
370502,-0.010,-0.000,-0.000,-0.000,-0.098,0.012,-0.007,0.995,-0.200,0.011,-1.398,-0.011,2336,0,200,-200,43,15.270,305,305
370602,-0.010,-0.000,0.000,-0.000,-0.098,0.012,-0.007,0.995,-0.200,0.011,-1.398,-0.011,2336,0,200,-200,43,15.270,305,305
370702,-0.020,0.000,0.000,0.000,-0.098,0.012,-0.007,0.995,-0.200,0.011,-1.398,-0.011,2336,0,200,-200,43,15.270,305,305
370802,-0.030,0.000,0.000,0.000,-0.098,0.012,-0.007,0.995,-0.200,0.011,-1.398,-0.011,2336,0,200,-200,43,15.270,305,305
370902,-0.020,0.000,0.000,-0.000,-0.098,0.012,-0.007,0.995,-0.200,0.011,-1.398,-0.011,2336,0,200,-200,43,15.270,305,305
371002,0.000,0.000,0.000,0.000,-0.098,0.012,-0.007,0.995,-0.200,0.011,-1.398,-0.011,2336,0,200,-200,43,15.270,305,305
371102,-0.030,0.000,0.000,-0.000,-0.098,0.012,-0.007,0.995,-0.200,0.011,-1.398,-0.011,2336,0,200,-200,43,15.270,305,305
371202,-0.020,0.000,-0.000,0.000,-0.098,0.012,-0.007,0.995,-0.200,0.011,-1.398,-0.011,2336,0,200,-200,43,15.270,305,305
371302,-0.040,0.000,0.000,-0.000,-0.098,0.012,-0.007,0.995,-0.200,0.011,-1.398,-0.011,2336,0,200,-200,43,15.270,305,305
371402,-0.040,-0.000,-0.000,0.000,-0.098,0.012,-0.007,0.995,-0.200,0.011,-1.398,-0.011,2336,0,200,-200,43,15.270,305,305
371502,-0.030,0.000,-0.000,-0.000,-0.098,0.012,-0.007,0.995,-0.200,0.011,-1.398,-0.011,2336,0,200,-200,43,15.270,305,305
371602,-0.020,0.000,0.000,-0.000,-0.098,0.012,-0.007,0.995,-0.200,0.011,-1.398,-0.011,2336,0,200,-200,43,15.270,305,305
371702,-0.030,-0.000,-0.000,-0.000,-0.098,0.012,-0.007,0.995,-0.200,0.011,-1.398,-0.011,2336,0,200,-200,43,15.270,305,305
371802,-0.030,0.000,0.000,0.000,-0.098,0.012,-0.007,0.995,-0.200,0.011,-1.398,-0.011,2336,0,200,-200,43,15.270,305,305
371902,-0.020,-0.000,0.000,0.000,-0.098,0.012,-0.007,0.995,-0.200,0.011,-1.398,-0.011,2337,0,200,-200,43,15.280,305,305
372002,-0.020,0.000,0.000,-0.000,-0.098,0.012,-0.007,0.995,-0.200,0.011,-1.398,-0.011,2336,0,200,-200,43,15.280,305,305
372102,-0.040,-0.000,0.000,0.000,-0.098,0.012,-0.007,0.995,-0.200,0.011,-1.398,-0.011,2336,0,200,-200,43,15.280,305,305
372202,-0.020,0.000,0.000,-0.000,-0.098,0.012,-0.007,0.995,-0.200,0.011,-1.398,-0.011,2336,0,200,-200,43,15.280,305,305
372302,-0.020,-0.000,0.000,0.000,-0.098,0.012,-0.007,0.995,-0.200,0.011,-1.398,-0.011,2336,0,200,-200,43,15.280,305,305
372402,-0.030,0.000,0.000,-0.000,-0.098,0.012,-0.007,0.995,-0.200,0.011,-1.398,-0.011,2336,0,200,-200,43,15.280,305,305
372502,-0.030,-0.000,0.000,0.000,-0.098,0.012,-0.007,0.995,-0.200,0.011,-1.398,-0.011,2336,0,200,-200,43,15.280,305,305
372602,-0.030,-0.000,0.000,-0.000,-0.098,0.012,-0.007,0.995,-0.200,0.011,-1.398,-0.011,2336,0,200,-200,43,15.280,305,305
372702,-0.030,0.000,0.000,-0.000,-0.098,0.012,-0.007,0.995,-0.200,0.011,-1.398,-0.011,2336,0,200,-200,43,15.280,305,305
372802,-0.030,0.000,-0.000,-0.000,-0.098,0.012,-0.007,0.995,-0.200,0.011,-1.398,-0.011,2336,0,200,-200,43,15.280,305,305
372902,-0.020,-0.000,0.000,0.000,-0.098,0.012,-0.007,0.995,-0.200,0.011,-1.398,-0.011,2337,0,200,-200,43,15.280,305,305
373002,-0.030,0.000,0.000,0.000,-0.098,0.012,-0.007,0.995,-0.200,0.011,-1.398,-0.011,2336,0,200,-200,43,15.280,305,305
373102,-0.030,-0.000,-0.000,0.000,-0.098,0.012,-0.007,0.995,-0.200,0.011,-1.398,-0.011,2337,0,200,-200,43,15.280,305,305
373202,-0.020,0.000,0.000,0.000,-0.098,0.012,-0.007,0.995,-0.200,0.011,-1.398,-0.011,2336,0,200,-200,43,15.270,305,305
373302,-0.020,0.000,0.000,0.000,-0.098,0.012,-0.007,0.995,-0.200,0.011,-1.398,-0.011,2336,0,200,-200,43,15.270,305,305
373402,-0.030,0.000,-0.000,0.000,-0.098,0.012,-0.007,0.995,-0.200,0.011,-1.398,-0.011,2336,0,200,-200,43,15.270,305,305
373502,-0.030,-0.000,-0.000,-0.000,-0.098,0.012,-0.007,0.995,-0.200,0.011,-1.398,-0.011,2336,0,200,-200,43,15.270,305,305
373602,-0.030,0.000,0.000,0.000,-0.098,0.012,-0.007,0.995,-0.200,0.011,-1.398,-0.011,2336,0,200,-200,43,15.260,305,305
373702,0.000,0.000,-0.000,0.000,-0.098,0.012,-0.007,0.995,-0.200,0.011,-1.398,-0.011,2337,0,200,-200,43,15.260,305,305
373802,-0.040,0.000,-0.000,0.000,-0.098,0.012,-0.007,0.995,-0.200,0.011,-1.398,-0.011,2336,0,200,-200,43,15.270,305,305
373902,-0.060,0.000,-0.000,0.000,-0.098,0.012,-0.007,0.995,-0.200,0.011,-1.398,-0.011,2336,0,200,-200,43,15.270,305,305
374002,-0.030,-0.000,-0.000,0.000,-0.098,0.012,-0.007,0.995,-0.200,0.011,-1.398,-0.011,2337,0,200,-200,43,15.270,305,305
374102,-0.020,-0.000,0.000,0.000,-0.098,0.012,-0.007,0.995,-0.200,0.011,-1.398,-0.011,2337,0,200,-200,43,15.270,305,305
374202,0.000,0.000,0.000,0.000,-0.098,0.012,-0.007,0.995,-0.200,0.011,-1.398,-0.011,2336,0,200,-200,43,15.270,305,305
374302,-0.040,0.000,0.000,0.000,-0.098,0.012,-0.007,0.995,-0.200,0.011,-1.398,-0.011,2336,0,200,-200,43,15.270,305,305
374402,-0.020,0.000,-0.000,0.000,-0.098,0.012,-0.007,0.995,-0.200,0.011,-1.398,-0.011,2337,0,200,-200,43,15.270,305,305
374502,-0.020,0.000,-0.000,-0.000,-0.098,0.012,-0.007,0.995,-0.200,0.011,-1.398,-0.011,2336,0,200,-200,43,15.270,305,305
374602,-0.010,0.000,-0.000,-0.000,-0.098,0.012,-0.007,0.995,-0.200,0.011,-1.398,-0.011,2336,0,200,-200,43,15.270,305,305
374702,-0.020,-0.000,0.000,0.000,-0.098,0.012,-0.007,0.995,-0.200,0.011,-1.398,-0.011,2336,0,200,-200,43,15.270,305,305
374802,-0.030,0.000,-0.000,0.000,-0.098,0.012,-0.007,0.995,-0.200,0.011,-1.398,-0.011,2337,0,200,-200,43,15.280,305,305
374902,0.000,-0.000,-0.000,0.000,-0.098,0.012,-0.007,0.995,-0.200,0.011,-1.398,-0.011,2336,0,200,-200,43,15.280,305,305
375002,-0.030,0.000,-0.000,0.000,-0.098,0.012,-0.007,0.995,-0.200,0.011,-1.398,-0.011,2336,0,200,-200,43,15.280,305,305
375102,-0.040,0.000,-0.000,0.000,-0.098,0.012,-0.007,0.995,-0.200,0.011,-1.398,-0.011,2336,0,200,-200,43,15.270,305,305
375202,-0.030,0.000,0.000,-0.000,-0.098,0.012,-0.007,0.995,-0.200,0.011,-1.398,-0.011,2336,0,200,-200,43,15.270,305,305
375302,-0.020,0.000,-0.000,0.000,-0.098,0.012,-0.007,0.995,-0.200,0.011,-1.398,-0.011,2336,0,200,-200,43,15.270,305,305
375402,-0.030,-0.000,0.000,-0.000,-0.098,0.012,-0.007,0.995,-0.200,0.011,-1.398,-0.011,2336,0,200,-200,43,15.270,305,305
375502,-0.030,0.000,-0.000,-0.000,-0.098,0.012,-0.007,0.995,-0.200,0.011,-1.398,-0.011,2336,0,200,-200,43,15.270,305,305
375602,-0.020,-0.000,-0.000,-0.000,-0.098,0.012,-0.007,0.995,-0.200,0.011,-1.398,-0.011,2336,0,200,-200,43,15.270,305,305
375702,-0.040,0.000,0.000,0.000,-0.098,0.012,-0.007,0.995,-0.200,0.011,-1.398,-0.011,2336,0,200,-200,43,15.270,305,305
375802,-0.020,-0.000,0.000,0.000,-0.098,0.012,-0.007,0.995,-0.200,0.011,-1.398,-0.011,2336,0,200,-200,43,15.270,305,305
375902,-0.030,-0.000,0.000,-0.000,-0.098,0.012,-0.007,0.995,-0.200,0.011,-1.398,-0.011,2336,0,200,-200,43,15.270,305,305
376002,-0.020,0.000,0.000,-0.000,-0.098,0.012,-0.007,0.995,-0.200,0.011,-1.398,-0.011,2336,0,200,-200,43,15.270,305,305
376102,-0.020,-0.000,0.000,-0.000,-0.098,0.012,-0.007,0.995,-0.200,0.011,-1.398,-0.011,2336,0,200,-200,43,15.270,305,305
376202,-0.020,0.000,-0.000,0.000,-0.098,0.012,-0.007,0.995,-0.200,0.011,-1.398,-0.011,2336,0,200,-200,43,15.270,305,305
376302,-0.040,-0.000,-0.000,-0.000,-0.098,0.012,-0.007,0.995,-0.200,0.011,-1.398,-0.011,2336,0,200,-200,43,15.270,305,305
376402,-0.020,0.000,-0.000,-0.000,-0.098,0.012,-0.007,0.995,-0.200,0.011,-1.398,-0.011,2336,0,200,-200,42,15.270,305,305
376502,-0.020,-0.000,0.000,0.000,-0.098,0.012,-0.007,0.995,-0.200,0.011,-1.398,-0.011,2336,0,200,-200,42,15.270,305,305
376602,-0.020,-0.000,0.000,-0.000,-0.098,0.012,-0.007,0.995,-0.200,0.011,-1.398,-0.011,2336,0,200,-200,43,15.270,305,305
376702,-0.030,0.000,0.000,-0.000,-0.098,0.012,-0.007,0.995,-0.200,0.011,-1.398,-0.011,2336,0,200,-200,43,15.270,305,305
376802,-0.040,-0.000,0.000,-0.000,-0.098,0.012,-0.007,0.995,-0.200,0.011,-1.398,-0.011,2336,0,200,-200,43,15.270,305,305
376902,-0.020,0.000,0.000,0.000,-0.098,0.012,-0.007,0.995,-0.200,0.011,-1.398,-0.011,2336,0,200,-200,43,15.270,305,305
377002,-0.030,-0.000,-0.000,-0.000,-0.098,0.012,-0.007,0.995,-0.200,0.011,-1.398,-0.011,2336,0,200,-200,43,15.280,305,305
377102,0.000,0.000,0.000,0.000,-0.098,0.012,-0.007,0.995,-0.200,0.011,-1.398,-0.011,2336,0,200,-200,43,15.280,305,305
377202,-0.010,0.000,-0.000,0.000,-0.098,0.012,-0.007,0.995,-0.200,0.011,-1.398,-0.011,2336,0,200,-200,43,15.290,305,305
377302,-0.040,0.000,0.000,0.000,-0.098,0.012,-0.007,0.995,-0.200,0.011,-1.398,-0.011,2336,0,200,-200,43,15.290,305,305
377402,-0.030,-0.000,0.000,0.000,-0.098,0.012,-0.007,0.995,-0.200,0.011,-1.398,-0.011,2336,0,200,-200,43,15.290,305,305
377502,-0.010,-0.000,0.000,0.000,-0.098,0.012,-0.007,0.995,-0.200,0.011,-1.398,-0.011,2336,0,200,-200,43,15.290,305,305
377602,-0.020,0.000,0.000,-0.000,-0.098,0.012,-0.007,0.995,-0.200,0.011,-1.398,-0.011,2336,0,200,-200,43,15.290,305,305
377702,-0.050,-0.000,0.000,0.000,-0.098,0.012,-0.007,0.995,-0.200,0.011,-1.398,-0.011,2336,0,200,-200,43,15.290,305,305
377802,-0.030,0.000,0.000,-0.000,-0.098,0.012,-0.007,0.995,-0.200,0.011,-1.398,-0.011,2336,0,200,-200,43,15.290,305,305
377902,-0.020,0.000,0.000,-0.000,-0.098,0.012,-0.007,0.995,-0.200,0.011,-1.398,-0.011,2336,0,200,-200,43,15.290,305,305
378002,-0.030,0.000,-0.000,0.000,-0.098,0.012,-0.007,0.995,-0.200,0.011,-1.398,-0.011,2336,0,200,-200,43,15.290,305,305
378102,-0.010,0.000,-0.000,0.000,-0.098,0.012,-0.007,0.995,-0.200,0.011,-1.398,-0.011,2336,0,200,-200,43,15.290,305,305
378202,-0.030,0.000,0.000,0.000,-0.098,0.012,-0.007,0.995,-0.200,0.011,-1.398,-0.011,2336,0,200,-200,43,15.290,305,305
378302,-0.030,0.000,0.000,0.000,-0.098,0.012,-0.007,0.995,-0.200,0.011,-1.398,-0.011,2336,0,200,-200,43,15.290,305,305
378402,0.000,-0.000,0.000,0.000,-0.098,0.012,-0.007,0.995,-0.200,0.011,-1.398,-0.011,2336,0,200,-200,43,15.280,305,305
378502,-0.040,-0.000,0.000,0.000,-0.098,0.012,-0.007,0.995,-0.200,0.011,-1.398,-0.011,2336,0,200,-200,43,15.280,305,305
378602,-0.010,-0.000,0.000,0.000,-0.098,0.012,-0.007,0.995,-0.200,0.011,-1.398,-0.011,2336,0,200,-200,43,15.280,305,305
378702,-0.020,0.000,0.000,-0.000,-0.098,0.012,-0.007,0.995,-0.200,0.011,-1.398,-0.011,2336,0,200,-200,43,15.280,305,305
378802,-0.030,-0.000,-0.000,0.000,-0.098,0.012,-0.007,0.995,-0.200,0.011,-1.398,-0.011,2336,0,200,-200,43,15.290,305,305
378902,-0.020,0.000,0.000,0.000,-0.098,0.012,-0.007,0.995,-0.200,0.011,-1.398,-0.011,2336,0,200,-200,43,15.290,305,305
379002,0.000,0.000,-0.000,0.000,-0.098,0.012,-0.007,0.995,-0.200,0.011,-1.398,-0.011,2336,0,200,-200,43,15.290,305,305
379102,-0.010,-0.000,0.000,0.000,-0.098,0.012,-0.007,0.995,-0.200,0.011,-1.398,-0.011,2335,0,200,-200,43,15.290,305,305
379202,-0.030,0.000,-0.000,0.000,-0.098,0.012,-0.007,0.995,-0.200,0.011,-1.398,-0.011,2335,0,200,-200,43,15.290,305,305
379302,-0.030,0.000,-0.000,0.000,-0.098,0.012,-0.007,0.995,-0.200,0.011,-1.398,-0.011,2336,0,200,-200,43,15.290,305,305
379402,-0.010,0.000,-0.000,0.000,-0.098,0.012,-0.007,0.995,-0.200,0.011,-1.398,-0.011,2336,0,200,-200,43,15.290,305,305
379502,0.000,-0.000,0.000,-0.000,-0.098,0.012,-0.007,0.995,-0.200,0.011,-1.398,-0.011,2336,0,200,-200,43,15.290,305,305
379602,-0.030,0.000,0.000,0.000,-0.098,0.012,-0.007,0.995,-0.200,0.011,-1.398,-0.011,2336,0,200,-200,43,15.290,305,305
379702,0.000,0.000,0.000,-0.000,-0.098,0.012,-0.007,0.995,-0.200,0.011,-1.398,-0.011,2335,0,200,-200,43,15.290,305,305
379802,-0.030,0.000,0.000,0.000,-0.098,0.012,-0.007,0.995,-0.200,0.011,-1.398,-0.011,2336,0,200,-200,42,15.290,305,305
379902,-0.030,0.000,0.000,-0.000,-0.098,0.012,-0.007,0.995,-0.200,0.011,-1.398,-0.011,2336,0,200,-200,42,15.290,305,305
380002,-0.010,-0.000,-0.000,-0.000,-0.098,0.012,-0.007,0.995,-0.200,0.011,-1.398,-0.011,2336,0,200,-200,43,15.280,305,305
380102,-0.040,0.000,-0.000,0.000,-0.098,0.012,-0.007,0.995,-0.200,0.011,-1.398,-0.011,2336,0,200,-200,43,15.280,305,305
380202,-0.030,-0.000,0.000,-0.000,-0.098,0.012,-0.007,0.995,-0.200,0.011,-1.398,-0.011,2336,0,200,-200,43,15.290,305,305
380302,-0.050,0.000,0.000,0.000,-0.098,0.012,-0.007,0.995,-0.200,0.011,-1.398,-0.011,2336,0,200,-200,43,15.290,305,305
380402,-0.030,0.000,0.000,-0.000,-0.098,0.012,-0.007,0.995,-0.200,0.011,-1.398,-0.011,2336,0,200,-200,43,15.290,305,305
380502,-0.020,0.000,-0.000,0.000,-0.098,0.012,-0.007,0.995,-0.200,0.011,-1.398,-0.011,2336,0,200,-200,42,15.290,305,305
380602,-0.040,0.000,-0.000,0.000,-0.098,0.012,-0.007,0.995,-0.200,0.011,-1.398,-0.011,2336,0,200,-200,42,15.290,305,305
380702,-0.050,0.000,0.000,-0.000,-0.098,0.012,-0.007,0.995,-0.200,0.011,-1.398,-0.011,2335,0,200,-200,43,15.290,305,305
380802,-0.010,0.000,0.000,0.000,-0.098,0.012,-0.007,0.995,-0.200,0.011,-1.398,-0.011,2336,0,200,-200,43,15.290,305,305
380902,0.000,0.000,0.000,-0.000,-0.098,0.012,-0.007,0.995,-0.200,0.011,-1.398,-0.011,2336,0,200,-200,42,15.280,305,305
381002,-0.030,-0.000,-0.000,0.000,-0.098,0.012,-0.007,0.995,-0.200,0.011,-1.398,-0.011,2336,0,200,-200,42,15.280,305,305
381102,-0.020,-0.000,-0.000,0.000,-0.098,0.012,-0.007,0.995,-0.200,0.011,-1.398,-0.011,2336,0,199,-200,42,15.280,305,305
381202,-0.050,-0.000,0.000,-0.000,-0.098,0.012,-0.007,0.995,-0.200,0.011,-1.398,-0.011,2336,0,200,-200,42,15.280,305,305
381302,-0.030,-0.000,0.000,-0.000,-0.098,0.012,-0.007,0.995,-0.200,0.011,-1.398,-0.011,2336,0,199,-200,42,15.280,305,305
381402,-0.030,0.000,0.000,0.000,-0.098,0.012,-0.007,0.995,-0.200,0.011,-1.398,-0.011,2336,0,200,-200,43,15.280,305,305
381502,-0.020,0.000,0.000,0.000,-0.098,0.012,-0.007,0.995,-0.200,0.011,-1.398,-0.011,2336,0,199,-200,43,15.280,305,305
381602,-0.020,0.000,0.000,0.000,-0.098,0.012,-0.007,0.995,-0.200,0.011,-1.398,-0.011,2335,0,199,-200,43,15.280,305,305
381702,-0.020,0.000,0.000,0.000,-0.098,0.012,-0.007,0.995,-0.200,0.011,-1.398,-0.011,2335,0,199,-200,43,15.290,305,305
381802,-0.010,-0.000,0.000,0.000,-0.098,0.012,-0.007,0.995,-0.200,0.011,-1.398,-0.011,2336,0,199,-200,43,15.290,305,305
381902,-0.010,0.000,-0.000,0.000,-0.098,0.012,-0.007,0.995,-0.200,0.011,-1.398,-0.011,2335,0,199,-200,42,15.290,305,305
382002,-0.020,0.000,0.000,-0.000,-0.098,0.012,-0.007,0.995,-0.200,0.011,-1.398,-0.011,2335,0,199,-200,42,15.290,305,305
382102,-0.010,0.000,-0.000,0.000,-0.098,0.012,-0.007,0.995,-0.200,0.011,-1.398,-0.011,2336,0,199,-200,43,15.290,305,305
382202,-0.030,0.000,0.000,0.000,-0.098,0.012,-0.007,0.995,-0.200,0.011,-1.398,-0.011,2335,0,199,-200,43,15.290,305,305
382302,-0.020,-0.000,-0.000,-0.000,-0.098,0.012,-0.007,0.995,-0.200,0.011,-1.398,-0.011,2335,0,199,-200,43,15.290,305,305
382402,-0.030,0.000,-0.000,0.000,-0.098,0.012,-0.007,0.995,-0.200,0.011,-1.398,-0.011,2336,0,199,-200,43,15.290,305,305
382502,-0.010,0.000,-0.000,-0.000,-0.098,0.012,-0.007,0.995,-0.200,0.011,-1.398,-0.011,2336,0,199,-200,43,15.290,305,305
382602,-0.040,0.000,-0.000,0.000,-0.098,0.012,-0.007,0.995,-0.200,0.011,-1.398,-0.011,2335,0,199,-200,43,15.290,305,305
382702,-0.030,-0.000,-0.000,-0.000,-0.098,0.012,-0.007,0.995,-0.200,0.011,-1.398,-0.011,2335,0,199,-200,43,15.290,305,305
382802,-0.040,-0.000,0.000,-0.000,-0.098,0.012,-0.007,0.995,-0.200,0.011,-1.398,-0.011,2335,0,199,-200,43,15.290,305,305
382902,-0.020,0.000,0.000,-0.000,-0.098,0.012,-0.007,0.995,-0.200,0.011,-1.398,-0.011,2335,0,199,-200,43,15.290,305,305
383002,-0.010,-0.000,-0.000,0.000,-0.098,0.012,-0.007,0.995,-0.200,0.011,-1.398,-0.011,2335,0,199,-200,43,15.290,305,305
383102,-0.020,0.000,0.000,0.000,-0.098,0.012,-0.007,0.995,-0.200,0.011,-1.398,-0.011,2336,0,199,-200,43,15.290,305,305
383202,-0.030,0.000,-0.000,0.000,-0.098,0.012,-0.007,0.995,-0.200,0.011,-1.398,-0.011,2335,0,199,-200,43,15.290,305,305
383302,0.000,0.000,-0.000,-0.000,-0.098,0.012,-0.007,0.995,-0.200,0.011,-1.398,-0.011,2335,0,199,-200,43,15.290,305,305
383402,-0.030,-0.000,-0.000,-0.000,-0.098,0.012,-0.007,0.995,-0.200,0.011,-1.398,-0.011,2335,0,199,-200,43,15.290,305,305
383502,-0.030,-0.000,0.000,0.000,-0.098,0.012,-0.007,0.995,-0.200,0.011,-1.398,-0.011,2336,0,199,-200,43,15.290,305,305
383602,-0.020,-0.000,0.000,-0.000,-0.098,0.012,-0.007,0.995,-0.200,0.011,-1.398,-0.011,2335,0,199,-200,42,15.280,305,305
383702,0.000,0.000,-0.000,0.000,-0.098,0.012,-0.007,0.995,-0.200,0.011,-1.398,-0.011,2336,0,199,-200,42,15.280,305,305
383802,-0.020,0.000,0.000,0.000,-0.098,0.012,-0.007,0.995,-0.200,0.011,-1.398,-0.011,2335,0,199,-200,42,15.280,305,305
383902,-0.020,-0.000,-0.000,-0.000,-0.098,0.012,-0.007,0.995,-0.200,0.011,-1.398,-0.011,2335,0,199,-200,42,15.290,305,305
384002,-0.030,0.000,0.000,0.000,-0.098,0.012,-0.007,0.995,-0.200,0.011,-1.398,-0.011,2335,0,199,-200,42,15.290,305,305
384102,-0.010,0.000,0.000,-0.000,-0.098,0.012,-0.007,0.995,-0.200,0.011,-1.398,-0.011,2335,0,199,-200,42,15.280,305,305
384202,-0.010,0.000,-0.000,0.000,-0.098,0.012,-0.007,0.995,-0.200,0.011,-1.398,-0.011,2335,0,199,-200,42,15.280,305,305
384302,-0.030,0.000,-0.000,0.000,-0.098,0.012,-0.007,0.995,-0.200,0.011,-1.398,-0.011,2336,0,199,-200,42,15.280,305,305
384402,-0.030,0.000,-0.000,0.000,-0.098,0.012,-0.007,0.995,-0.200,0.011,-1.398,-0.011,2335,0,199,-200,42,15.290,305,305
384502,-0.020,0.000,-0.000,0.000,-0.098,0.012,-0.007,0.995,-0.200,0.011,-1.398,-0.011,2336,0,199,-200,42,15.290,305,305
384602,-0.020,-0.000,0.000,-0.000,-0.098,0.012,-0.007,0.995,-0.200,0.011,-1.398,-0.011,2335,0,199,-200,42,15.290,305,305
384702,-0.020,-0.000,0.000,0.000,-0.098,0.012,-0.007,0.995,-0.200,0.011,-1.398,-0.011,2336,0,199,-200,42,15.290,305,305
384802,-0.050,-0.000,0.000,0.000,-0.098,0.012,-0.007,0.995,-0.200,0.011,-1.398,-0.011,2336,0,199,-200,42,15.290,305,305
384902,-0.040,-0.000,0.000,0.000,-0.098,0.012,-0.007,0.995,-0.200,0.011,-1.398,-0.011,2336,0,199,-200,42,15.290,305,305
385002,-0.030,-0.000,0.000,0.000,-0.098,0.012,-0.007,0.995,-0.200,0.011,-1.398,-0.011,2336,0,199,-200,42,15.290,305,305
385102,-0.020,-0.000,0.000,-0.000,-0.098,0.012,-0.007,0.995,-0.200,0.011,-1.398,-0.011,2335,0,199,-200,42,15.300,305,305
385202,-0.030,0.000,0.000,0.000,-0.098,0.012,-0.007,0.995,-0.200,0.011,-1.398,-0.011,2335,0,199,-200,42,15.300,305,305
385302,-0.020,0.000,-0.000,-0.000,-0.098,0.012,-0.007,0.995,-0.200,0.011,-1.398,-0.011,2335,0,199,-200,42,15.300,305,305
385402,-0.010,0.000,-0.000,-0.000,-0.098,0.012,-0.007,0.995,-0.200,0.011,-1.398,-0.011,2335,0,199,-200,42,15.300,305,305
385502,-0.010,-0.000,0.000,-0.000,-0.098,0.012,-0.007,0.995,-0.200,0.011,-1.398,-0.011,2335,0,199,-200,42,15.300,305,305
385602,-0.040,0.000,0.000,-0.000,-0.098,0.012,-0.007,0.995,-0.200,0.011,-1.398,-0.011,2335,0,199,-200,42,15.300,305,305
385702,-0.020,0.000,0.000,-0.000,-0.098,0.012,-0.007,0.995,-0.200,0.011,-1.398,-0.011,2335,0,199,-200,42,15.300,305,305
385802,-0.040,-0.000,0.000,0.000,-0.098,0.012,-0.007,0.995,-0.200,0.011,-1.398,-0.011,2336,0,199,-200,42,15.300,305,305
385902,-0.020,-0.000,0.000,0.000,-0.098,0.012,-0.007,0.995,-0.200,0.011,-1.398,-0.011,2336,0,199,-200,42,15.290,305,305
386002,-0.030,0.000,0.000,-0.000,-0.098,0.012,-0.007,0.995,-0.200,0.011,-1.398,-0.011,2335,0,199,-200,42,15.290,305,305
386102,-0.050,0.000,0.000,0.000,-0.098,0.012,-0.007,0.995,-0.200,0.011,-1.398,-0.011,2335,0,199,-200,42,15.290,305,305
386202,-0.010,0.000,-0.000,-0.000,-0.098,0.012,-0.007,0.995,-0.200,0.011,-1.398,-0.011,2335,0,199,-200,42,15.290,305,305
386302,-0.060,0.000,0.000,0.000,-0.098,0.012,-0.007,0.995,-0.200,0.011,-1.398,-0.011,2335,0,199,-200,42,15.290,305,305
386402,0.000,0.000,-0.000,-0.000,-0.098,0.012,-0.007,0.995,-0.200,0.011,-1.398,-0.011,2336,0,199,-200,42,15.290,305,305
386502,-0.040,0.000,0.000,0.000,-0.098,0.012,-0.007,0.995,-0.200,0.011,-1.398,-0.011,2336,0,199,-200,42,15.290,305,305
386602,-0.030,0.000,-0.000,0.000,-0.098,0.012,-0.007,0.995,-0.200,0.011,-1.398,-0.011,2336,0,199,-200,42,15.290,305,305
386702,-0.030,0.000,-0.000,0.000,-0.098,0.012,-0.007,0.995,-0.200,0.011,-1.398,-0.011,2336,0,199,-200,42,15.290,305,305
386802,-0.030,0.000,-0.000,0.000,-0.098,0.012,-0.007,0.995,-0.200,0.011,-1.398,-0.011,2336,0,199,-200,42,15.290,305,305
386902,-0.010,0.000,-0.000,0.000,-0.098,0.012,-0.007,0.995,-0.200,0.011,-1.398,-0.011,2336,0,199,-200,42,15.290,305,305
387002,-0.030,0.000,-0.000,-0.000,-0.098,0.012,-0.007,0.995,-0.200,0.011,-1.398,-0.011,2336,0,199,-200,42,15.290,305,305
387102,0.000,0.000,0.000,0.000,-0.098,0.012,-0.007,0.995,-0.200,0.011,-1.398,-0.011,2336,0,199,-200,42,15.290,305,305
387202,-0.030,0.000,-0.000,0.000,-0.098,0.012,-0.007,0.995,-0.200,0.011,-1.398,-0.011,2335,0,199,-200,42,15.290,305,305
387302,0.010,0.000,0.000,0.000,-0.098,0.012,-0.007,0.995,-0.200,0.011,-1.398,-0.011,2335,0,199,-200,42,15.290,305,305
387402,-0.010,0.000,-0.000,-0.000,-0.098,0.012,-0.007,0.995,-0.200,0.011,-1.397,-0.011,2335,0,199,-200,42,15.290,305,305
387502,-0.040,0.000,-0.000,-0.000,-0.098,0.012,-0.007,0.995,-0.200,0.011,-1.398,-0.011,2335,0,199,-200,42,15.290,305,305
387602,-0.030,0.000,-0.000,0.000,-0.098,0.012,-0.007,0.995,-0.200,0.011,-1.398,-0.011,2335,0,199,-200,42,15.290,305,305
387702,-0.020,0.000,0.000,0.000,-0.098,0.012,-0.007,0.995,-0.200,0.011,-1.398,-0.011,2335,0,199,-200,42,15.290,305,305
387802,0.000,-0.000,0.000,0.000,-0.098,0.012,-0.007,0.995,-0.200,0.011,-1.398,-0.011,2335,0,199,-200,42,15.290,305,305
387902,-0.050,0.000,0.000,0.000,-0.098,0.012,-0.007,0.995,-0.200,0.011,-1.398,-0.011,2335,0,199,-200,42,15.290,305,305
388002,-0.070,-0.000,0.000,-0.000,-0.098,0.012,-0.007,0.995,-0.200,0.011,-1.398,-0.011,2334,0,199,-200,42,15.290,305,305
388102,-0.040,0.000,0.000,0.000,-0.098,0.012,-0.007,0.995,-0.200,0.011,-1.398,-0.011,2334,0,199,-200,42,15.290,305,305
388202,-0.060,-0.000,0.000,-0.000,-0.098,0.012,-0.007,0.995,-0.200,0.011,-1.398,-0.011,2334,0,199,-200,42,15.290,305,305
388302,-0.030,0.000,0.000,0.000,-0.098,0.012,-0.007,0.995,-0.200,0.011,-1.398,-0.011,2334,0,199,-200,42,15.290,305,305
388402,-0.020,0.000,0.000,0.000,-0.098,0.012,-0.007,0.995,-0.200,0.011,-1.398,-0.011,2334,0,199,-200,42,15.290,305,305
388502,-0.020,0.000,0.000,0.000,-0.098,0.012,-0.007,0.995,-0.200,0.011,-1.398,-0.011,2334,0,199,-200,42,15.300,305,305
388602,0.040,-0.001,0.000,-0.000,-0.098,0.012,-0.007,0.995,-0.200,0.011,-1.398,-0.011,2333,0,199,-200,42,15.300,305,305
388702,-0.100,0.000,-0.000,-0.000,-0.098,0.012,-0.007,0.995,-0.200,0.011,-1.398,-0.011,2329,0,199,-200,42,15.300,305,305
388802,-0.070,-0.000,-0.001,-0.000,-0.098,0.012,-0.007,0.995,-0.200,0.011,-1.398,-0.011,2333,0,199,-200,42,15.300,305,305
388902,0.000,0.000,-0.000,0.000,-0.098,0.012,-0.006,0.995,-0.200,0.010,-1.398,-0.011,2323,0,199,-200,42,15.300,305,305
389002,0.160,-0.000,0.005,-0.001,-0.097,0.009,-0.007,0.995,-0.200,0.011,-1.403,-0.011,2331,0,199,-200,42,15.300,305,305
389102,0.280,0.001,0.004,-0.004,-0.094,-0.007,-0.008,0.996,-0.200,0.010,-1.424,-0.010,2290,0,199,-200,42,15.300,305,305
389202,-0.120,0.002,0.002,-0.009,-0.074,-0.016,-0.002,0.997,-0.200,0.001,-1.436,-0.001,2129,0,200,-200,42,15.290,305,305
389302,-0.360,-0.002,0.006,-0.015,-0.042,-0.028,-0.001,0.999,-0.200,-0.000,-1.453,0.000,2252,0,199,-200,42,15.290,305,305
389402,-0.030,-0.001,0.002,-0.018,0.008,-0.046,-0.009,0.999,-0.200,0.013,-1.478,-0.012,2399,0,199,-200,42,15.290,305,305
389502,-0.320,0.001,-0.009,-0.022,0.061,-0.034,-0.013,0.997,-0.200,0.021,-1.460,-0.020,2474,0,199,-200,42,15.300,305,305
389602,0.060,0.000,-0.006,-0.027,0.123,-0.009,-0.017,0.992,-0.200,0.025,-1.424,-0.025,2573,0,199,-200,42,15.300,305,305
389702,-0.610,-0.003,-0.010,-0.023,0.188,0.017,-0.025,0.981,-0.200,0.029,-1.383,-0.030,2898,0,199,-200,42,15.290,305,305
389802,-0.350,-0.002,-0.003,-0.014,0.235,0.034,-0.030,0.971,-0.200,0.029,-1.355,-0.031,3186,0,199,-200,42,15.290,305,305
389902,-0.130,-0.003,0.002,-0.014,0.272,0.032,-0.037,0.961,-0.200,0.037,-1.354,-0.040,3293,0,199,-200,42,15.290,305,305
390002,0.030,-0.000,0.002,-0.013,0.305,0.031,-0.040,0.951,-0.200,0.039,-1.352,-0.042,3262,0,199,-200,42,15.290,305,305
390102,-0.190,-0.001,0.002,-0.012,0.330,0.030,-0.036,0.943,-0.200,0.033,-1.355,-0.035,3133,0,199,-200,42,15.290,305,305
390202,-0.270,-0.002,0.005,-0.003,0.343,0.023,-0.036,0.938,-0.200,0.035,-1.364,-0.037,3341,0,199,-200,42,15.300,305,305
390302,0.030,0.006,0.002,0.003,0.339,0.010,-0.025,0.941,-0.200,0.028,-1.388,-0.029,3092,0,199,-200,42,15.300,305,305
390402,-0.090,0.005,0.005,0.002,0.330,0.006,-0.010,0.944,-0.200,0.010,-1.402,-0.010,2735,0,200,-200,42,15.300,305,305
390502,0.120,0.001,-0.000,-0.000,0.325,0.010,-0.002,0.945,-0.200,-0.002,-1.400,0.002,2719,0,200,-200,42,15.300,305,305
390602,-0.050,-0.002,-0.003,-0.000,0.325,0.013,-0.003,0.946,-0.200,-0.002,-1.396,0.002,2781,0,199,-200,42,15.300,305,305
390702,0.170,-0.000,-0.000,-0.000,0.324,0.018,-0.007,0.946,-0.200,0.000,-1.387,-0.001,2682,0,200,-200,42,15.290,305,305
390802,-0.010,0.001,0.001,0.000,0.324,0.018,-0.006,0.946,-0.200,-0.001,-1.388,0.001,2552,0,200,-200,42,15.290,305,305
390902,-0.080,-0.000,0.000,-0.000,0.323,0.017,-0.004,0.946,-0.200,-0.002,-1.389,0.002,2428,0,200,-200,42,15.290,305,305
391002,-0.070,0.000,-0.000,0.000,0.323,0.017,-0.005,0.946,-0.200,-0.001,-1.389,0.001,2317,0,200,-200,42,15.290,305,305
391102,-0.080,-0.000,-0.000,0.000,0.322,0.016,-0.006,0.947,-0.200,0.000,-1.390,-0.000,2242,0,200,-200,42,15.290,305,305
391202,-0.060,-0.000,0.000,0.000,0.321,0.016,-0.006,0.947,-0.200,0.001,-1.390,-0.001,2255,0,200,-200,42,15.290,305,305
391302,-0.060,0.000,0.000,-0.000,0.321,0.015,-0.007,0.947,-0.200,0.002,-1.390,-0.002,2265,0,200,-200,42,15.290,305,305
391402,-0.060,0.000,-0.000,0.000,0.321,0.015,-0.007,0.947,-0.200,0.003,-1.391,-0.003,2272,0,200,-200,42,15.300,305,305
391502,-0.060,0.000,-0.000,0.000,0.320,0.015,-0.008,0.947,-0.200,0.003,-1.391,-0.004,2278,0,199,-200,42,15.300,305,305
391602,-0.030,0.000,-0.000,0.000,0.319,0.014,-0.008,0.948,-0.200,0.004,-1.391,-0.004,2283,0,199,-200,42,15.300,305,305
391702,-0.040,0.000,0.000,0.000,0.319,0.014,-0.008,0.948,-0.200,0.005,-1.391,-0.005,2286,0,199,-200,42,15.300,305,305
391802,-0.030,0.000,-0.000,0.000,0.318,0.014,-0.009,0.948,-0.200,0.005,-1.391,-0.005,2290,0,199,-200,42,15.300,305,305
391902,-0.030,-0.000,0.000,0.000,0.317,0.014,-0.009,0.948,-0.200,0.005,-1.391,-0.006,2292,0,199,-200,42,15.300,305,305
392002,-0.040,0.000,0.000,0.000,0.317,0.014,-0.009,0.948,-0.200,0.006,-1.392,-0.006,2295,0,199,-200,42,15.300,305,305
392102,-0.040,0.000,-0.000,-0.000,0.317,0.013,-0.009,0.948,-0.200,0.006,-1.392,-0.006,2297,0,199,-200,42,15.300,305,305
392202,-0.040,-0.000,-0.000,0.000,0.317,0.013,-0.009,0.948,-0.200,0.006,-1.392,-0.006,2295,0,199,-200,42,15.300,305,305
392302,-0.030,-0.000,0.000,0.000,0.317,0.013,-0.009,0.948,-0.200,0.006,-1.392,-0.006,2294,0,199,-200,42,15.300,305,305
392402,-0.020,0.000,0.000,-0.000,0.317,0.013,-0.009,0.948,-0.200,0.006,-1.392,-0.006,2293,0,199,-200,42,15.300,305,305
392502,-0.060,-0.000,-0.000,-0.000,0.317,0.013,-0.009,0.948,-0.200,0.006,-1.392,-0.006,2293,0,199,-200,42,15.300,305,305
392602,-0.030,0.000,0.000,-0.000,0.317,0.013,-0.009,0.948,-0.200,0.006,-1.392,-0.006,2293,0,199,-200,42,15.300,305,305
392702,-0.020,-0.000,0.000,0.000,0.317,0.013,-0.009,0.948,-0.200,0.006,-1.392,-0.006,2293,0,199,-200,42,15.300,305,305
392802,-0.030,-0.000,0.000,0.000,0.317,0.013,-0.009,0.948,-0.200,0.006,-1.392,-0.006,2293,0,199,-200,42,15.290,305,305
392902,-0.050,0.000,-0.000,0.000,0.317,0.013,-0.009,0.948,-0.200,0.006,-1.392,-0.006,2293,0,199,-200,42,15.290,305,305
393002,-0.050,0.000,-0.000,0.000,0.317,0.013,-0.009,0.948,-0.200,0.006,-1.392,-0.006,2293,0,199,-200,42,15.290,305,305
393102,-0.030,-0.000,-0.000,0.000,0.317,0.013,-0.009,0.948,-0.200,0.006,-1.392,-0.006,2293,0,199,-200,42,15.290,305,305
393202,-0.030,0.000,0.000,0.000,0.317,0.013,-0.009,0.948,-0.200,0.006,-1.392,-0.006,2293,0,199,-200,42,15.290,305,305
393302,-0.040,0.000,0.000,0.000,0.317,0.013,-0.009,0.948,-0.200,0.006,-1.392,-0.006,2293,0,199,-200,42,15.290,305,305
393402,-0.030,-0.000,0.000,0.000,0.317,0.013,-0.009,0.948,-0.200,0.006,-1.392,-0.006,2293,0,199,-200,42,15.290,305,305
393502,-0.020,0.000,0.000,-0.000,0.317,0.013,-0.009,0.948,-0.200,0.006,-1.392,-0.006,2293,0,199,-200,42,15.290,305,305
393602,-0.010,-0.000,0.000,0.000,0.317,0.013,-0.009,0.948,-0.200,0.006,-1.392,-0.006,2293,0,199,-200,42,15.290,305,305
393702,-0.040,-0.000,-0.000,0.000,0.317,0.013,-0.009,0.948,-0.200,0.006,-1.392,-0.006,2293,0,199,-200,42,15.290,305,305
393802,-0.050,0.000,-0.000,0.000,0.317,0.013,-0.009,0.948,-0.200,0.006,-1.392,-0.006,2293,0,199,-200,42,15.290,305,305
393902,-0.050,0.000,0.000,0.000,0.317,0.013,-0.009,0.948,-0.200,0.006,-1.392,-0.006,2293,0,199,-200,42,15.290,305,305
394002,-0.030,0.000,0.000,0.000,0.317,0.013,-0.009,0.948,-0.200,0.006,-1.392,-0.006,2293,0,199,-200,42,15.290,305,305
394102,-0.040,-0.000,0.000,0.000,0.317,0.013,-0.009,0.948,-0.200,0.006,-1.392,-0.006,2293,0,199,-200,42,15.290,305,305
394202,-0.030,-0.000,0.000,0.000,0.317,0.013,-0.009,0.948,-0.200,0.006,-1.392,-0.006,2293,0,199,-200,42,15.300,305,305
394302,-0.030,0.000,-0.000,-0.000,0.317,0.013,-0.009,0.948,-0.200,0.006,-1.392,-0.006,2293,0,199,-200,42,15.300,305,305
394402,-0.030,-0.000,0.000,-0.000,0.317,0.013,-0.009,0.948,-0.200,0.006,-1.392,-0.006,2293,0,199,-200,42,15.300,305,305
394502,-0.050,0.000,-0.000,-0.000,0.317,0.013,-0.009,0.948,-0.200,0.006,-1.392,-0.006,2293,0,199,-200,42,15.300,305,305
394602,-0.040,-0.000,0.000,-0.000,0.317,0.013,-0.009,0.948,-0.200,0.006,-1.392,-0.006,2293,0,199,-200,42,15.300,305,305
394702,-0.030,0.000,-0.000,-0.000,0.317,0.013,-0.009,0.948,-0.200,0.006,-1.392,-0.006,2292,0,199,-200,42,15.290,305,305
394802,-0.020,0.000,-0.000,0.000,0.317,0.013,-0.009,0.948,-0.200,0.006,-1.392,-0.006,2293,0,199,-200,42,15.290,305,305
394902,-0.050,0.000,-0.000,0.000,0.317,0.013,-0.009,0.948,-0.200,0.006,-1.392,-0.006,2293,0,199,-200,42,15.290,305,305
395002,-0.030,0.000,-0.000,0.000,0.317,0.013,-0.009,0.948,-0.200,0.006,-1.392,-0.006,2293,0,199,-200,42,15.300,305,305
395102,-0.030,0.000,0.000,0.000,0.317,0.013,-0.009,0.948,-0.200,0.006,-1.392,-0.006,2293,0,199,-200,42,15.300,305,305
395202,-0.050,-0.000,0.000,0.000,0.317,0.013,-0.009,0.948,-0.200,0.006,-1.392,-0.006,2293,0,199,-200,42,15.300,305,305
395302,-0.030,-0.000,0.000,0.000,0.317,0.013,-0.009,0.948,-0.200,0.006,-1.392,-0.006,2293,0,199,-200,42,15.300,305,305
395402,-0.040,-0.000,0.000,0.000,0.317,0.013,-0.009,0.948,-0.200,0.006,-1.392,-0.006,2293,0,199,-200,42,15.300,305,305
395502,-0.030,-0.000,0.000,-0.000,0.317,0.013,-0.009,0.948,-0.200,0.006,-1.392,-0.006,2293,0,199,-200,42,15.300,305,305
395602,-0.050,0.000,-0.000,0.000,0.317,0.013,-0.009,0.948,-0.200,0.006,-1.392,-0.006,2293,0,199,-200,42,15.300,305,305
395702,-0.040,0.000,0.000,-0.000,0.317,0.013,-0.009,0.948,-0.200,0.006,-1.392,-0.006,2293,0,199,-200,42,15.300,305,305
395802,-0.050,-0.000,0.000,-0.000,0.317,0.013,-0.009,0.948,-0.200,0.006,-1.392,-0.006,2292,0,199,-200,42,15.300,305,305
395902,-0.030,0.000,0.000,-0.000,0.317,0.013,-0.009,0.948,-0.200,0.006,-1.392,-0.006,2293,0,199,-200,42,15.300,305,305
396002,-0.030,0.000,0.000,0.000,0.317,0.013,-0.009,0.948,-0.200,0.006,-1.392,-0.006,2293,0,199,-200,42,15.300,305,305
396102,-0.050,-0.000,-0.000,0.000,0.317,0.013,-0.009,0.948,-0.200,0.006,-1.392,-0.006,2293,0,199,-200,42,15.300,305,305
396202,-0.040,0.000,0.000,0.000,0.317,0.013,-0.009,0.948,-0.200,0.006,-1.392,-0.006,2293,0,199,-200,42,15.300,305,305
396302,-0.050,0.000,-0.000,-0.000,0.317,0.013,-0.009,0.948,-0.200,0.006,-1.392,-0.006,2293,0,199,-200,42,15.300,305,305
396402,-0.010,0.000,0.000,-0.000,0.317,0.013,-0.009,0.948,-0.200,0.006,-1.392,-0.006,2293,0,199,-200,42,15.300,305,305
396502,-0.030,0.000,0.000,0.000,0.317,0.013,-0.009,0.948,-0.200,0.006,-1.392,-0.006,2293,0,199,-200,42,15.300,305,305
396602,-0.050,0.000,0.000,0.000,0.317,0.013,-0.009,0.948,-0.200,0.006,-1.392,-0.006,2293,0,199,-200,42,15.300,305,305
396702,-0.010,0.000,0.000,-0.000,0.317,0.013,-0.009,0.948,-0.200,0.006,-1.392,-0.006,2292,0,199,-200,42,15.300,305,305
396802,-0.050,-0.000,0.000,0.000,0.317,0.013,-0.009,0.948,-0.200,0.006,-1.392,-0.006,2293,0,199,-200,42,15.300,305,305
396902,-0.080,-0.000,0.000,-0.000,0.317,0.013,-0.009,0.948,-0.200,0.006,-1.392,-0.006,2293,0,199,-200,42,15.300,305,305
397002,0.200,0.001,-0.001,0.000,0.317,0.013,-0.009,0.948,-0.200,0.007,-1.392,-0.007,2300,0,199,-200,42,15.300,305,305
397102,-0.140,-0.000,-0.000,-0.000,0.317,0.013,-0.010,0.948,-0.200,0.007,-1.392,-0.007,2301,0,199,-200,42,15.300,305,305
397202,-0.040,-0.000,0.000,-0.000,0.317,0.013,-0.010,0.948,-0.200,0.007,-1.392,-0.008,2308,0,199,-200,42,15.300,305,305
397302,-0.060,-0.000,-0.000,0.000,0.317,0.013,-0.010,0.948,-0.200,0.007,-1.392,-0.007,2305,0,199,-200,42,15.300,305,305
397402,0.020,0.000,0.000,-0.000,0.317,0.013,-0.010,0.948,-0.200,0.008,-1.392,-0.008,2318,0,199,-200,42,15.300,305,305
397502,-0.090,-0.001,0.000,0.000,0.317,0.013,-0.011,0.948,-0.200,0.009,-1.392,-0.009,2323,0,199,-200,42,15.290,305,305
397602,-0.090,-0.000,0.000,-0.000,0.317,0.012,-0.011,0.948,-0.200,0.009,-1.393,-0.009,2323,0,199,-200,42,15.290,305,305
397702,-0.090,0.000,0.000,0.000,0.317,0.012,-0.011,0.948,-0.200,0.010,-1.393,-0.010,2335,0,199,-200,42,15.290,305,305
397802,-0.110,-0.000,0.002,0.000,0.317,0.009,-0.012,0.948,-0.200,0.012,-1.397,-0.012,2362,0,199,-200,42,15.290,305,305
397902,0.010,-0.006,0.004,0.002,0.315,0.001,-0.017,0.949,-0.200,0.023,-1.405,-0.023,2553,0,199,-200,42,15.290,305,305
398002,-0.160,-0.001,0.003,-0.003,0.317,-0.014,-0.022,0.948,-0.200,0.036,-1.422,-0.035,2681,0,199,-200,42,15.290,305,305
398102,0.000,-0.001,0.000,0.005,0.311,-0.015,-0.025,0.950,-0.200,0.041,-1.422,-0.039,2650,0,199,-200,42,15.290,305,305
398202,0.030,-0.006,-0.000,0.009,0.292,-0.021,-0.032,0.956,-0.200,0.055,-1.427,-0.053,2831,0,198,-200,42,15.290,305,305
398302,0.080,-0.002,-0.012,0.015,0.258,-0.003,-0.047,0.965,-0.200,0.065,-1.398,-0.065,2935,0,198,-200,42,15.280,305,305
398402,0.120,0.001,-0.003,0.015,0.216,0.016,-0.051,0.975,-0.200,0.065,-1.372,-0.067,2864,0,199,-200,42,15.280,305,305
398502,-0.350,-0.001,-0.006,0.017,0.174,0.020,-0.054,0.983,-0.200,0.068,-1.370,-0.071,2964,0,198,-200,42,15.290,305,305
398602,-0.340,0.002,-0.030,0.008,0.134,0.066,-0.063,0.987,-0.200,0.070,-1.302,-0.080,3118,0,198,-200,42,15.290,305,305
398702,-0.590,0.005,-0.039,0.001,0.115,0.168,-0.064,0.977,-0.200,0.050,-1.144,-0.071,3193,0,199,-200,42,15.290,305,305
398802,-0.530,0.011,-0.035,-0.000,0.107,0.265,-0.053,0.957,-0.200,0.022,-0.981,-0.039,3317,1018,200,-200,42,15.300,305,305
398902,-0.970,0.014,-0.038,0.002,0.086,0.363,-0.028,0.927,-0.200,-0.004,-0.802,0.009,3283,2594,200,-200,42,15.300,305,305
399002,-1.250,0.010,-0.040,0.016,0.052,0.458,-0.018,0.887,-0.200,-0.005,-0.608,0.015,4004,2994,200,-200,42,15.310,305,305
399102,-2.220,0.016,-0.053,0.018,-0.016,0.567,-0.016,0.823,-0.200,0.008,-0.362,-0.043,5496,3484,200,-200,42,15.310,305,305
399202,-2.740,0.013,-0.064,0.009,-0.065,0.691,0.000,0.720,-0.200,0.002,-0.044,-0.089,6567,4519,82,-83,42,15.310,305,305
399302,-2.530,0.002,-0.056,-0.004,-0.074,0.799,0.022,0.597,-0.200,-0.013,0.280,-0.091,7356,5927,-82,82,42,15.310,305,305
399402,-0.920,0.001,-0.026,-0.012,-0.066,0.858,0.070,0.505,-0.200,-0.011,0.498,-0.041,7489,6854,-187,186,42,15.310,305,305
399502,0.240,0.003,-0.003,-0.004,-0.055,0.873,0.094,0.475,-0.200,-0.001,0.567,-0.005,7320,6854,-200,199,41,15.310,305,305
399602,0.610,0.001,0.006,-0.000,-0.057,0.867,0.100,0.484,-0.200,-0.001,0.545,-0.002,7172,6554,-200,199,41,15.310,305,305
399702,0.260,0.002,0.008,0.001,-0.079,0.855,0.127,0.497,-0.200,-0.002,0.510,-0.008,7041,6237,-200,200,41,15.310,305,305
399802,-0.050,0.004,0.015,0.003,-0.107,0.836,0.146,0.518,-0.200,-0.006,0.452,-0.027,7044,5981,-185,184,42,15.310,305,305
399902,-1.500,0.009,0.045,0.008,-0.151,0.791,0.149,0.573,-0.200,-0.011,0.274,-0.074,7528,5979,-90,89,42,15.310,305,305
400002,-0.950,0.008,0.047,0.006,-0.212,0.699,0.131,0.670,-0.200,-0.003,0.012,-0.120,7991,6176,46,-47,41,15.300,305,305
400102,-0.040,0.004,0.006,0.001,-0.247,0.644,0.126,0.713,-0.200,0.007,-0.140,-0.139,7978,6240,106,-107,41,15.300,305,305
400202,-0.750,-0.001,-0.028,-0.004,-0.249,0.669,0.151,0.684,-0.200,0.001,-0.058,-0.127,7942,6550,43,-44,41,15.300,305,305
400302,-1.130,-0.005,-0.048,-0.006,-0.214,0.739,0.180,0.613,-0.200,-0.010,0.184,-0.092,8055,7114,-97,96,42,15.300,305,305
400402,-0.780,-0.002,-0.041,-0.004,-0.173,0.811,0.208,0.519,-0.200,-0.014,0.411,-0.063,8201,7493,-200,200,42,15.300,305,305
400502,0.170,0.003,-0.001,-0.002,-0.161,0.836,0.227,0.473,-0.200,-0.015,0.520,-0.052,8211,7447,-200,200,42,15.300,305,305
400602,0.350,-0.001,0.008,-0.002,-0.168,0.824,0.235,0.487,-0.200,-0.012,0.484,-0.047,8072,7264,-200,200,42,15.300,305,305
400702,0.390,-0.003,0.012,0.004,-0.177,0.809,0.235,0.508,-0.200,-0.011,0.431,-0.047,7922,7000,-200,200,42,15.300,305,305
400802,0.120,-0.001,0.000,0.008,-0.187,0.802,0.220,0.523,-0.200,-0.014,0.390,-0.067,7956,6773,-200,200,42,15.300,305,305
400902,0.030,0.001,0.003,0.015,-0.211,0.806,0.200,0.516,-0.200,-0.029,0.387,-0.131,8184,6297,-200,200,42,15.300,305,305
401002,-0.060,0.004,0.002,0.011,-0.242,0.808,0.180,0.507,-0.200,-0.046,0.381,-0.203,8327,5867,-200,200,42,15.300,305,305
401102,-0.040,0.009,0.002,0.010,-0.271,0.803,0.170,0.502,-0.200,-0.060,0.363,-0.259,8373,5576,-199,200,41,15.300,305,305
401202,-0.040,0.014,-0.007,0.012,-0.313,0.801,0.166,0.482,-0.200,-0.082,0.359,-0.332,8524,5137,-199,200,41,15.300,305,305
401302,-0.350,0.012,-0.007,0.010,-0.355,0.805,0.168,0.444,-0.200,-0.118,0.386,-0.406,8725,4854,-198,200,42,15.300,305,305
401402,0.130,-0.001,-0.001,0.000,-0.374,0.804,0.171,0.429,-0.200,-0.132,0.389,-0.435,8608,4853,-198,200,42,15.300,305,305
401502,-0.320,-0.009,0.002,-0.011,-0.355,0.806,0.179,0.439,-0.200,-0.117,0.395,-0.398,8235,5261,-199,200,42,15.300,305,305
401602,0.600,-0.007,0.003,-0.015,-0.319,0.802,0.203,0.466,-0.200,-0.081,0.386,-0.307,7765,5838,-200,200,41,15.300,305,305
401702,0.440,-0.001,-0.002,-0.004,-0.301,0.801,0.214,0.471,-0.200,-0.070,0.393,-0.271,7560,5638,-199,200,41,15.300,305,305
401802,0.330,0.000,-0.000,-0.001,-0.297,0.802,0.222,0.468,-0.200,-0.068,0.402,-0.259,7407,5242,-199,200,42,15.300,305,305
401902,0.050,-0.000,0.002,0.000,-0.298,0.799,0.224,0.471,-0.200,-0.066,0.394,-0.257,7337,4964,-199,200,42,15.300,305,305
402002,-0.090,-0.001,-0.000,-0.000,-0.298,0.798,0.224,0.474,-0.200,-0.065,0.389,-0.255,7286,4831,-199,200,42,15.300,305,305
402102,-0.110,0.000,-0.002,-0.000,-0.298,0.798,0.226,0.472,-0.200,-0.065,0.393,-0.254,7264,4771,-199,200,42,15.300,305,305
402202,0.200,-0.000,-0.001,-0.000,-0.296,0.800,0.229,0.469,-0.200,-0.065,0.401,-0.251,7161,4655,-199,200,42,15.300,305,305
402302,0.500,-0.000,-0.001,0.001,-0.295,0.801,0.229,0.467,-0.200,-0.066,0.405,-0.250,7024,4407,-199,200,41,15.300,305,305
402402,0.230,0.000,-0.000,0.001,-0.297,0.802,0.229,0.465,-0.200,-0.068,0.409,-0.254,6863,4055,-199,200,41,15.300,305,305
402502,0.090,-0.000,0.000,-0.000,-0.298,0.802,0.229,0.464,-0.200,-0.068,0.410,-0.256,6759,3869,-199,200,41,15.300,305,305
402602,0.060,-0.000,0.001,-0.000,-0.297,0.801,0.230,0.466,-0.200,-0.067,0.406,-0.253,6632,3730,-199,200,41,15.300,305,305
402702,-0.060,-0.000,-0.000,-0.000,-0.298,0.800,0.231,0.467,-0.200,-0.066,0.402,-0.252,6554,3591,-199,200,41,15.300,305,305
402802,0.050,-0.000,-0.001,-0.000,-0.297,0.800,0.232,0.467,-0.200,-0.066,0.404,-0.251,6453,3422,-199,200,41,15.300,305,305
402902,0.140,-0.000,-0.001,-0.000,-0.296,0.801,0.233,0.466,-0.200,-0.066,0.407,-0.249,6319,3208,-199,200,41,15.300,305,305
403002,0.070,0.000,-0.001,0.000,-0.296,0.801,0.234,0.464,-0.200,-0.066,0.411,-0.248,6203,2958,-199,200,41,15.300,305,305
403102,0.080,0.000,-0.001,0.000,-0.295,0.803,0.235,0.461,-0.200,-0.067,0.418,-0.248,6088,2688,-199,200,41,15.300,305,305
403202,0.100,-0.000,-0.000,-0.000,-0.295,0.803,0.236,0.462,-0.200,-0.067,0.418,-0.247,5917,2340,-199,200,41,15.300,305,305
403302,0.060,-0.001,-0.001,-0.000,-0.293,0.803,0.236,0.461,-0.200,-0.066,0.420,-0.244,5807,2112,-199,200,41,15.300,305,305
403402,0.280,-0.000,-0.001,0.000,-0.291,0.805,0.237,0.459,-0.200,-0.066,0.427,-0.243,5633,1595,-199,200,41,15.300,305,305
403502,0.120,0.000,0.001,0.000,-0.292,0.805,0.237,0.460,-0.200,-0.066,0.425,-0.243,5470,681,-199,200,41,15.300,305,305
403602,-0.080,-0.000,0.002,0.000,-0.293,0.803,0.237,0.462,-0.200,-0.066,0.418,-0.243,5356,0,-199,200,41,15.300,305,305
403702,-0.050,0.001,0.001,-0.000,-0.294,0.801,0.236,0.465,-0.200,-0.064,0.411,-0.243,5271,0,-199,200,41,15.300,305,305
403802,0.070,0.000,-0.001,0.000,-0.294,0.802,0.237,0.464,-0.200,-0.065,0.414,-0.242,5174,0,-199,200,41,15.300,305,305
403902,0.180,0.000,-0.001,0.000,-0.294,0.802,0.236,0.463,-0.200,-0.066,0.415,-0.245,5016,0,-199,200,41,15.300,305,305
404002,0.190,-0.001,-0.001,-0.001,-0.293,0.802,0.236,0.463,-0.200,-0.065,0.415,-0.243,4819,0,-199,200,42,15.300,305,305
404102,0.110,-0.000,0.001,0.000,-0.293,0.802,0.237,0.463,-0.200,-0.065,0.416,-0.242,4640,0,-199,200,42,15.300,305,305
404202,0.050,-0.000,0.002,0.000,-0.294,0.801,0.235,0.466,-0.200,-0.064,0.410,-0.243,4532,0,-199,200,42,15.300,305,305
404302,-0.080,-0.001,-0.000,-0.000,-0.294,0.800,0.233,0.469,-0.200,-0.063,0.404,-0.243,4426,0,-199,200,42,15.300,305,305
404402,0.010,-0.001,0.000,-0.001,-0.293,0.799,0.233,0.471,-0.200,-0.062,0.401,-0.241,4309,0,-199,200,42,15.300,305,305
404502,-0.080,-0.002,-0.002,-0.002,-0.285,0.800,0.237,0.473,-0.200,-0.057,0.406,-0.223,4091,0,-199,200,41,15.300,305,305
404602,0.000,-0.002,-0.002,-0.000,-0.279,0.802,0.238,0.472,-0.200,-0.056,0.415,-0.216,3984,0,-199,200,41,15.300,305,305
