Timestamp,curr_ax,curr_roll_rate,curr_pitch_rate,curr_yaw_rate,curr_qw,curr_qx,curr_qy,curr_qz,ax_ref,p_ref,q_ref,r_ref,omega_L_ref,omega_R_ref,servo_L_ref,servo_R_ref,Temperature,Voltage,RPM2,RPM4
83608,-0.700,0.021,0.016,0.007,-0.242,-0.592,0.284,-0.715,-0.200,0.011,-0.140,-0.119,4539,0,39,-39,0,0.000,0,0
83708,-0.190,0.021,0.006,0.009,-0.203,-0.577,0.253,-0.749,-0.200,0.019,-0.208,-0.143,4781,0,47,-47,0,0.000,0,0
83808,-0.050,0.021,0.006,0.009,-0.157,-0.573,0.225,-0.772,-0.200,0.024,-0.246,-0.165,4803,0,54,-54,0,0.000,0,0
83908,0.000,0.021,0.019,0.010,-0.117,-0.554,0.186,-0.803,-0.200,0.031,-0.325,-0.167,4602,0,76,-76,0,0.000,0,0
84008,0.340,0.016,0.018,0.009,-0.088,-0.507,0.156,-0.843,-0.200,0.042,-0.453,-0.168,4322,0,106,-107,0,0.000,0,0
84108,0.280,0.009,0.002,0.008,-0.060,-0.477,0.138,-0.866,-0.200,0.051,-0.530,-0.175,4147,0,117,-119,0,0.000,0,0
84208,-0.630,0.004,-0.027,0.003,-0.035,-0.511,0.135,-0.848,-0.200,0.047,-0.458,-0.188,4243,0,89,-90,0,0.000,0,0
84308,-1.200,0.001,-0.043,0.000,-0.016,-0.590,0.135,-0.796,-0.200,0.029,-0.272,-0.194,4705,0,42,-43,0,0.000,0,0
84408,-1.340,-0.001,-0.048,-0.002,-0.001,-0.686,0.135,-0.715,-0.200,0.004,-0.023,-0.191,5265,1590,-12,13,0,0.000,0,0
84508,-0.690,-0.001,-0.037,-0.001,0.005,-0.765,0.135,-0.630,-0.200,-0.017,0.208,-0.177,5550,2787,-56,57,0,0.000,0,0
84608,0.160,0.000,-0.025,0.001,0.012,-0.811,0.137,-0.569,-0.200,-0.030,0.360,-0.172,5532,2744,-80,81,0,0.000,0,0
84708,0.410,-0.004,-0.020,0.000,0.011,-0.839,0.148,-0.523,-0.200,-0.039,0.470,-0.169,5312,2328,-100,101,0,0.000,0,0
84808,0.200,-0.002,0.002,0.001,0.003,-0.853,0.159,-0.497,-0.200,-0.042,0.528,-0.158,4993,1813,-105,107,0,0.000,0,0
84908,0.080,-0.001,0.029,0.001,-0.010,-0.826,0.164,-0.539,-0.200,-0.033,0.431,-0.156,4831,1140,-73,74,0,0.000,0,0
85008,-0.500,0.002,0.045,-0.001,-0.032,-0.763,0.170,-0.623,-0.200,-0.016,0.224,-0.161,4942,1192,-21,22,0,0.000,0,0
85108,-0.570,0.005,0.039,0.001,-0.045,-0.686,0.161,-0.709,-0.200,0.003,-0.009,-0.166,5164,1702,26,-26,0,0.000,0,0
85208,-0.430,0.004,0.029,0.001,-0.050,-0.617,0.151,-0.771,-0.200,0.019,-0.197,-0.169,5335,2115,59,-60,0,0.000,0,0
85308,-0.240,0.004,0.020,0.002,-0.051,-0.564,0.142,-0.812,-0.200,0.031,-0.331,-0.170,5351,2198,82,-83,0,0.000,0,0
85408,0.130,0.002,0.005,0.001,-0.047,-0.534,0.133,-0.833,-0.200,0.037,-0.405,-0.167,5240,2035,91,-92,0,0.000,0,0
85508,-0.410,-0.002,-0.022,0.000,-0.042,-0.557,0.135,-0.818,-0.200,0.032,-0.351,-0.170,5285,2010,67,-68,0,0.000,0,0
85608,-0.610,-0.002,-0.031,-0.002,-0.034,-0.619,0.139,-0.772,-0.200,0.019,-0.198,-0.171,5439,2444,29,-30,0,0.000,0,0
85708,-1.130,-0.001,-0.041,-0.001,-0.020,-0.696,0.142,-0.703,-0.200,0.001,0.010,-0.171,5779,3122,-18,19,0,0.000,0,0
85808,-0.540,-0.000,-0.034,-0.002,-0.009,-0.769,0.140,-0.624,-0.200,-0.017,0.224,-0.160,5946,3677,-61,62,0,0.000,0,0
85908,0.430,0.003,-0.009,-0.002,-0.003,-0.801,0.133,-0.584,-0.200,-0.023,0.324,-0.149,5761,3537,-70,71,0,0.000,0,0
86008,0.740,0.005,0.001,-0.001,0.005,-0.806,0.124,-0.579,-0.200,-0.025,0.335,-0.150,5414,2768,-65,66,0,0.000,0,0
86108,0.250,0.006,0.002,-0.000,0.011,-0.804,0.112,-0.583,-0.200,-0.023,0.325,-0.146,5064,2158,-62,63,0,0.000,0,0
86208,-0.110,0.006,0.002,0.000,0.009,-0.804,0.096,-0.586,-0.200,-0.020,0.317,-0.125,4806,2190,-62,63,0,0.000,0,0
86308,-0.380,0.003,-0.026,-0.001,0.022,-0.825,0.089,-0.557,-0.200,-0.026,0.387,-0.133,4869,1811,-89,90,0,0.000,0,0
86408,0.180,-0.001,-0.003,-0.002,0.023,-0.850,0.086,-0.520,-0.200,-0.030,0.474,-0.124,4732,1823,-105,106,0,0.000,0,0
86508,0.030,0.003,0.023,0.002,0.024,-0.831,0.086,-0.549,-0.200,-0.027,0.407,-0.131,4621,585,-79,80,0,0.000,0,0
86608,-0.880,0.003,0.047,0.003,0.020,-0.767,0.093,-0.634,-0.200,-0.014,0.197,-0.148,5030,1322,-23,23,0,0.000,0,0
86708,-1.030,0.007,0.049,0.002,0.019,-0.675,0.094,-0.732,-0.200,0.007,-0.072,-0.163,5512,2327,36,-36,0,0.000,0,0
86808,-0.230,0.003,0.031,0.002,0.018,-0.587,0.091,-0.804,-0.200,0.026,-0.300,-0.166,5671,2805,76,-77,0,0.000,0,0
86908,-0.830,-0.002,-0.023,0.002,0.022,-0.577,0.095,-0.811,-0.200,0.030,-0.323,-0.176,5823,2923,57,-58,0,0.000,0,0
87008,-1.810,-0.007,-0.052,-0.004,0.020,-0.668,0.099,-0.737,-0.200,0.008,-0.088,-0.172,6290,4003,-12,12,0,0.000,0,0
87108,-0.760,-0.004,-0.046,-0.001,0.021,-0.765,0.102,-0.635,-0.200,-0.015,0.194,-0.161,6699,4794,-73,74,0,0.000,0,0
87208,0.340,-0.001,0.017,-0.002,0.018,-0.790,0.102,-0.604,-0.200,-0.020,0.274,-0.151,6543,4692,-64,65,0,0.000,0,0
87308,-0.910,0.006,0.054,0.001,0.015,-0.721,0.099,-0.686,-0.200,-0.004,0.060,-0.157,6601,4572,6,-5,0,0.000,0,0
87408,-1.160,0.008,0.054,0.003,0.017,-0.598,0.088,-0.797,-0.200,0.023,-0.274,-0.159,7082,5204,82,-83,0,0.000,0,0
87508,-0.660,0.002,0.007,0.001,0.022,-0.533,0.084,-0.841,-0.200,0.036,-0.430,-0.161,7221,5393,95,-96,0,0.000,0,0
87608,-0.800,-0.003,-0.027,-0.001,0.022,-0.557,0.084,-0.826,-0.200,0.031,-0.375,-0.160,7414,5670,64,-65,0,0.000,0,0
87708,-0.760,-0.003,-0.039,0.000,0.026,-0.629,0.082,-0.773,-0.200,0.016,-0.198,-0.159,7624,5952,19,-19,0,0.000,0,0
87808,-1.000,-0.006,-0.044,0.000,0.027,-0.714,0.088,-0.694,-0.200,-0.002,0.036,-0.160,7886,6272,-34,34,0,0.000,0,0
87908,0.080,-0.001,-0.021,-0.001,0.025,-0.776,0.088,-0.624,-0.200,-0.016,0.222,-0.148,7846,6378,-64,65,0,0.000,0,0
88008,0.470,0.000,-0.004,0.001,0.030,-0.791,0.085,-0.605,-0.200,-0.020,0.271,-0.150,7684,6099,-62,63,0,0.000,0,0
88108,0.070,0.002,0.006,0.000,0.032,-0.788,0.085,-0.609,-0.200,-0.019,0.259,-0.152,7530,5861,-54,55,0,0.000,0,0
88208,-0.090,-0.001,-0.012,0.000,0.036,-0.794,0.084,-0.601,-0.200,-0.022,0.279,-0.157,7463,5713,-65,66,0,0.000,0,0
88308,-0.220,-0.008,-0.028,-0.003,0.028,-0.824,0.081,-0.561,-0.200,-0.025,0.378,-0.134,7357,5949,-95,96,0,0.000,0,0
88408,-0.490,0.006,0.040,0.001,0.015,-0.815,0.080,-0.573,-0.200,-0.020,0.349,-0.114,7426,6156,-67,68,0,0.000,0,0
88508,-0.040,-0.000,-0.019,0.003,0.028,-0.782,0.081,-0.617,-0.200,-0.017,0.240,-0.142,7468,5730,-56,57,0,0.000,0,0
88608,-1.430,-0.005,0.013,-0.003,0.022,-0.821,0.084,-0.564,-0.200,-0.024,0.372,-0.130,7465,6023,-90,91,0,0.000,0,0
88708,0.100,0.007,0.029,0.003,0.023,-0.756,0.079,-0.649,-0.200,-0.010,0.157,-0.137,7673,6089,-26,26,0,0.000,0,0
88808,0.120,-0.001,0.013,-0.001,0.026,-0.731,0.080,-0.677,-0.200,-0.006,0.082,-0.147,7574,5900,-21,21,0,0.000,0,0
88908,-0.370,0.004,0.030,-0.002,0.022,-0.695,0.076,-0.715,-0.200,0.002,-0.023,-0.139,7490,5945,5,-5,0,0.000,0,0
89008,-0.900,0.009,0.056,-0.004,0.017,-0.590,0.057,-0.805,-0.200,0.017,-0.302,-0.111,7654,6522,78,-79,0,0.000,0,0
89108,-0.130,-0.000,0.007,0.003,0.022,-0.515,0.051,-0.856,-0.200,0.027,-0.481,-0.107,7754,6515,99,-101,0,0.000,0,0
89208,-1.580,-0.005,-0.041,0.000,0.025,-0.567,0.059,-0.821,-0.200,0.022,-0.357,-0.123,8102,6704,47,-48,0,0.000,0,0
89308,-3.290,-0.003,-0.068,0.003,0.034,-0.688,0.064,-0.722,-0.200,0.003,-0.044,-0.139,8912,7502,-34,35,0,0.000,0,0
89408,-1.940,-0.002,-0.054,0.000,0.045,-0.806,0.065,-0.587,-0.200,-0.023,0.312,-0.147,9591,8312,-107,108,0,0.000,0,0
89508,-0.080,-0.001,0.004,-0.000,0.046,-0.841,0.063,-0.535,-0.200,-0.031,0.437,-0.140,9539,8357,-107,109,0,0.000,0,0
89608,0.080,0.001,0.039,0.002,0.041,-0.801,0.072,-0.593,-0.200,-0.022,0.297,-0.150,9446,8145,-56,57,0,0.000,0,0
89708,-1.330,0.003,0.055,0.000,0.034,-0.714,0.077,-0.695,-0.200,-0.002,0.033,-0.155,9607,8318,10,-10,0,0.000,0,0
89808,-0.680,0.007,0.045,-0.000,0.034,-0.607,0.071,-0.791,-0.200,0.020,-0.256,-0.153,9820,8622,69,-69,0,0.000,0,0
89908,-0.660,0.003,0.020,0.004,0.041,-0.537,0.064,-0.840,-0.200,0.033,-0.428,-0.148,9915,8753,92,-93,0,0.000,0,0
90008,-0.320,-0.000,-0.016,0.006,0.058,-0.533,0.067,-0.841,-0.200,0.038,-0.437,-0.171,10079,8708,77,-78,0,0.000,0,0
90108,-1.800,-0.003,-0.049,0.001,0.067,-0.612,0.068,-0.785,-0.200,0.023,-0.245,-0.188,10341,8931,19,-20,0,0.000,0,0
90208,-1.100,-0.005,-0.052,-0.000,0.073,-0.717,0.066,-0.690,-0.200,-0.004,0.038,-0.196,10673,9321,-44,45,0,0.000,0,0
90308,-0.350,0.000,-0.034,-0.002,0.074,-0.795,0.059,-0.599,-0.200,-0.026,0.277,-0.187,10773,9568,-87,88,0,0.000,0,0
90408,-0.140,-0.000,-0.025,0.000,0.082,-0.837,0.048,-0.539,-0.200,-0.040,0.420,-0.185,10787,9584,-109,110,0,0.000,0,0
90508,0.440,-0.002,-0.018,0.002,0.084,-0.869,0.050,-0.485,-0.200,-0.053,0.540,-0.188,10730,9485,-132,133,0,0.000,0,0
90608,-0.630,0.003,0.035,-0.002,0.080,-0.859,0.052,-0.503,-0.200,-0.048,0.501,-0.184,10682,9472,-104,106,0,0.000,0,0
90708,-0.870,0.022,0.053,-0.001,0.102,-0.784,0.039,-0.612,-0.200,-0.025,0.235,-0.206,10885,9486,-34,35,0,0.000,0,0
90808,-1.340,0.027,0.058,0.008,0.156,-0.677,0.022,-0.719,-0.200,0.007,-0.085,-0.242,11183,9571,36,-36,0,0.000,0,0
90908,0.680,0.019,0.022,0.003,0.203,-0.572,0.007,-0.795,-0.200,0.039,-0.357,-0.239,11067,9616,81,-82,0,0.000,0,0
91008,-0.330,0.012,-0.030,0.001,0.229,-0.582,-0.036,-0.779,-0.200,0.030,-0.327,-0.208,10853,9661,47,-47,0,0.000,0,0
91108,-0.880,0.009,-0.058,0.011,0.253,-0.669,-0.078,-0.695,-0.200,0.004,-0.094,-0.231,11165,9713,-20,21,0,0.000,0,0
91208,-1.170,0.000,-0.032,0.007,0.264,-0.750,-0.091,-0.599,-0.200,-0.032,0.147,-0.285,11552,9778,-65,66,0,0.000,0,0
91308,-0.730,0.009,-0.015,0.006,0.282,-0.784,-0.101,-0.543,-0.200,-0.059,0.263,-0.327,11777,9850,-77,80,0,0.000,0,0
91408,-0.120,0.011,-0.011,0.006,0.313,-0.794,-0.113,-0.509,-0.200,-0.081,0.304,-0.373,11867,9740,-80,83,0,0.000,0,0
91508,-0.320,0.003,-0.021,0.004,0.331,-0.809,-0.122,-0.469,-0.200,-0.108,0.370,-0.407,11880,9674,-98,102,0,0.000,0,0
91608,-0.480,-0.006,-0.017,0.004,0.323,-0.837,-0.130,-0.422,-0.200,-0.135,0.479,-0.410,11839,9754,-124,128,0,0.000,0,0
91708,-0.340,0.001,0.003,-0.000,0.316,-0.848,-0.134,-0.404,-0.200,-0.143,0.523,-0.403,11872,9917,-127,131,0,0.000,0,0
91808,-0.110,0.006,0.007,-0.005,0.323,-0.839,-0.141,-0.415,-0.200,-0.136,0.493,-0.402,11848,9920,-117,122,0,0.000,0,0
91908,-0.080,0.010,0.015,-0.010,0.338,-0.813,-0.157,-0.448,-0.200,-0.114,0.401,-0.393,11788,9931,-95,99,0,0.000,0,0
92008,0.090,0.011,0.017,-0.007,0.357,-0.781,-0.176,-0.480,-0.200,-0.090,0.304,-0.379,11708,9922,-76,79,0,0.000,0,0
92108,-0.450,0.008,0.029,-0.010,0.377,-0.735,-0.183,-0.534,-0.200,-0.056,0.157,-0.353,11684,10069,-43,44,0,0.000,0,0
92208,-0.350,0.004,0.036,-0.006,0.394,-0.672,-0.174,-0.602,-0.200,-0.018,-0.032,-0.321,11650,10196,-1,2,0,0.000,0,0
92308,-0.240,-0.002,0.030,-0.008,0.404,-0.612,-0.151,-0.663,-0.200,0.012,-0.208,-0.293,11581,10237,32,-33,0,0.000,0,0
92408,0.490,-0.004,0.012,-0.006,0.390,-0.576,-0.138,-0.705,-0.200,0.026,-0.306,-0.254,11437,10264,43,-44,0,0.000,0,0
92508,0.100,0.001,-0.005,-0.003,0.383,-0.573,-0.141,-0.711,-0.200,0.025,-0.310,-0.236,11363,10176,36,-37,0,0.000,0,0
92608,-1.570,-0.004,-0.052,0.005,0.368,-0.635,-0.168,-0.657,-0.200,0.004,-0.137,-0.247,11608,10235,-20,20,0,0.000,0,0
92708,-0.980,-0.010,-0.046,0.005,0.338,-0.727,-0.197,-0.564,-0.200,-0.034,0.140,-0.268,11934,10449,-81,82,0,0.000,0,0
92808,-0.540,-0.010,-0.029,0.004,0.301,-0.792,-0.207,-0.489,-0.200,-0.063,0.355,-0.267,12048,10644,-118,121,0,0.000,0,0
92908,-0.290,-0.006,-0.009,-0.000,0.279,-0.818,-0.209,-0.457,-0.200,-0.072,0.447,-0.255,12049,10760,-126,129,0,0.000,0,0
93008,0.000,-0.002,-0.001,0.000,0.263,-0.831,-0.211,-0.442,-0.200,-0.073,0.495,-0.239,11988,10791,-133,136,0,0.000,0,0
93108,-0.060,0.001,0.002,0.002,0.260,-0.834,-0.208,-0.441,-0.200,-0.074,0.502,-0.238,11948,10695,-133,136,0,0.000,0,0
93208,-0.130,0.003,-0.000,0.002,0.266,-0.832,-0.206,-0.441,-0.200,-0.077,0.494,-0.250,11981,10617,-133,135,0,0.000,0,0
93308,-0.070,0.003,0.000,-0.001,0.276,-0.828,-0.209,-0.441,-0.200,-0.079,0.485,-0.260,11978,10565,-133,136,0,0.000,0,0
93408,0.020,0.002,-0.000,-0.001,0.276,-0.829,-0.215,-0.437,-0.200,-0.080,0.491,-0.257,11928,10566,-138,141,0,0.000,0,0
93508,-0.010,0.007,0.003,-0.003,0.279,-0.826,-0.224,-0.435,-0.200,-0.079,0.492,-0.255,11873,10527,-139,142,0,0.000,0,0
93608,-0.010,0.004,0.004,-0.006,0.284,-0.818,-0.238,-0.439,-0.200,-0.074,0.476,-0.246,11783,10507,-138,140,0,0.000,0,0
93708,0.060,0.000,0.004,-0.003,0.285,-0.808,-0.246,-0.453,-0.200,-0.065,0.446,-0.229,11697,10498,-133,135,0,0.000,0,0
93808,0.030,-0.003,-0.002,-0.003,0.277,-0.808,-0.245,-0.458,-0.200,-0.060,0.443,-0.216,11609,10461,-138,139,0,0.000,0,0
93908,-0.040,-0.002,-0.001,-0.008,0.263,-0.808,-0.257,-0.461,-0.200,-0.050,0.452,-0.182,11466,10534,-142,144,0,0.000,0,0
94008,0.080,0.001,-0.001,-0.011,0.250,-0.803,-0.278,-0.464,-0.200,-0.037,0.458,-0.139,11301,10585,-146,147,0,0.000,0,0
94108,0.240,-0.001,-0.004,-0.005,0.237,-0.800,-0.298,-0.464,-0.200,-0.026,0.473,-0.099,11138,10556,-153,154,0,0.000,0,0
94208,-0.190,-0.001,-0.005,-0.003,0.223,-0.805,-0.307,-0.457,-0.200,-0.021,0.500,-0.075,11078,10515,-161,162,0,0.000,0,0
94308,0.050,0.001,-0.004,-0.005,0.212,-0.806,-0.319,-0.450,-0.200,-0.015,0.523,-0.052,11017,10523,-168,169,0,0.000,0,0
94408,-0.880,0.005,-0.004,-0.003,0.212,-0.806,-0.333,-0.442,-0.200,-0.013,0.540,-0.045,11091,10548,-174,175,0,0.000,0,0
94508,0.100,0.004,-0.003,0.005,0.221,-0.814,-0.345,-0.412,-0.200,-0.024,0.590,-0.073,11160,10326,-188,190,0,0.000,0,0
94608,-0.520,-0.002,0.005,0.003,0.229,-0.811,-0.330,-0.426,-0.200,-0.027,0.556,-0.087,11192,10318,-178,179,0,0.000,0,0
94708,0.000,0.001,0.001,0.002,0.234,-0.812,-0.324,-0.425,-0.200,-0.031,0.552,-0.099,11203,10284,-182,183,0,0.000,0,0
94808,0.030,-0.000,0.002,-0.000,0.236,-0.812,-0.323,-0.425,-0.200,-0.032,0.550,-0.103,11143,10251,-184,186,0,0.000,0,0
94908,0.020,-0.001,0.010,-0.002,0.238,-0.806,-0.322,-0.436,-0.200,-0.029,0.526,-0.098,11054,10228,-179,180,0,0.000,0,0
95008,-0.550,-0.002,0.034,-0.006,0.251,-0.772,-0.315,-0.492,-0.200,-0.017,0.398,-0.075,10994,10356,-144,145,0,0.000,0,0
95108,-0.610,0.003,0.042,-0.003,0.277,-0.710,-0.295,-0.576,-0.200,-0.006,0.184,-0.054,11050,10506,-95,95,0,0.000,0,0
95208,-0.510,0.002,0.048,-0.002,0.312,-0.625,-0.264,-0.665,-0.200,0.001,-0.078,-0.038,11140,10645,-37,38,0,0.000,0,0
95308,0.000,-0.004,0.018,0.001,0.326,-0.573,-0.233,-0.715,-0.200,0.004,-0.237,-0.040,11133,10546,-18,18,0,0.000,0,0
95408,0.150,0.002,0.017,-0.002,0.336,-0.536,-0.218,-0.743,-0.200,0.006,-0.335,-0.036,11116,10560,-1,1,0,0.000,0,0
95508,-0.240,-0.002,-0.004,-0.003,0.334,-0.519,-0.214,-0.757,-0.200,0.004,-0.376,-0.022,11050,10576,0,0,0,0.000,0,0
95608,-0.570,-0.002,-0.023,-0.000,0.320,-0.546,-0.227,-0.740,-0.200,0.002,-0.305,-0.013,11115,10666,-24,24,0,0.000,0,0
95708,-1.410,-0.005,-0.046,0.004,0.295,-0.623,-0.249,-0.680,-0.200,0.001,-0.100,-0.030,11430,10818,-79,79,0,0.000,0,0
95808,-1.490,-0.005,-0.054,0.006,0.259,-0.718,-0.268,-0.589,-0.200,-0.006,0.174,-0.056,11807,11045,-141,142,0,0.000,0,0
95908,-0.390,-0.010,-0.033,0.004,0.220,-0.789,-0.278,-0.502,-0.200,-0.015,0.408,-0.067,11903,11158,-182,183,0,0.000,0,0
96008,-0.150,-0.008,-0.020,-0.000,0.181,-0.830,-0.276,-0.449,-0.200,-0.015,0.553,-0.051,11865,11298,-200,200,0,0.000,0,0
96108,-0.050,-0.002,0.012,-0.003,0.168,-0.834,-0.277,-0.446,-0.200,-0.010,0.569,-0.032,11774,11319,-196,196,0,0.000,0,0
96208,-0.530,0.003,0.036,-0.003,0.186,-0.798,-0.272,-0.504,-0.200,-0.005,0.433,-0.021,11778,11345,-155,156,0,0.000,0,0
96308,-0.970,0.004,0.046,-0.002,0.222,-0.732,-0.256,-0.591,-0.200,-0.002,0.204,-0.022,11912,11435,-102,102,0,0.000,0,0
96408,-0.860,0.003,0.049,-0.007,0.253,-0.639,-0.239,-0.685,-0.200,-0.000,-0.068,0.004,12002,11717,-43,43,0,0.000,0,0
96508,-0.190,0.002,0.027,-0.009,0.264,-0.556,-0.231,-0.753,-0.200,-0.008,-0.277,0.053,11921,11927,-8,9,0,0.000,0,0
96608,-0.070,-0.001,0.009,-0.004,0.258,-0.518,-0.226,-0.784,-0.200,-0.017,-0.369,0.085,11834,11945,0,1,0,0.000,0,0
96708,-0.260,-0.005,-0.011,0.002,0.253,-0.516,-0.223,-0.787,-0.200,-0.018,-0.376,0.088,11841,11884,-7,8,0,0.000,0,0
96808,-1.800,-0.009,-0.049,0.010,0.234,-0.598,-0.220,-0.734,-0.200,-0.004,-0.188,0.043,12252,11955,-66,66,0,0.000,0,0
96908,-2.340,-0.014,-0.063,0.009,0.197,-0.719,-0.214,-0.631,-0.200,-0.001,0.125,-0.013,12786,12225,-141,141,0,0.000,0,0
97008,-0.540,-0.012,-0.036,0.005,0.152,-0.812,-0.205,-0.524,-0.200,-0.007,0.413,-0.032,13002,12480,-193,193,0,0.000,0,0
97108,0.320,0.001,-0.005,0.002,0.137,-0.836,-0.198,-0.493,-0.200,-0.009,0.491,-0.033,12952,12490,-191,192,0,0.000,0,0
97208,0.260,-0.002,-0.003,0.002,0.136,-0.842,-0.196,-0.484,-0.200,-0.010,0.511,-0.037,12866,12400,-192,193,0,0.000,0,0
97308,-0.130,-0.008,-0.005,0.004,0.124,-0.849,-0.184,-0.479,-0.200,-0.009,0.529,-0.033,12805,12367,-198,198,0,0.000,0,0
97408,-0.020,-0.003,-0.009,0.000,0.112,-0.862,-0.175,-0.463,-0.200,-0.009,0.569,-0.029,12791,12369,-200,200,0,0.000,0,0
97508,-0.020,-0.004,-0.011,-0.002,0.094,-0.872,-0.173,-0.448,-0.200,-0.003,0.611,-0.008,12710,12414,-200,200,0,0.000,0,0
97608,0.020,0.009,-0.019,0.002,0.094,-0.893,-0.183,-0.401,-0.200,-0.007,0.706,-0.019,12764,12315,-199,200,0,0.000,0,0
97708,0.080,0.005,0.003,0.002,0.110,-0.898,-0.188,-0.383,-0.200,-0.020,0.734,-0.049,12809,12163,-199,200,0,0.000,0,0
97808,0.110,0.000,0.011,-0.000,0.118,-0.891,-0.188,-0.395,-0.200,-0.022,0.706,-0.058,12751,12098,-199,200,0,0.000,0,0
97908,-0.860,-0.012,0.045,-0.001,0.116,-0.857,-0.172,-0.471,-0.200,-0.010,0.551,-0.036,12707,12253,-190,190,0,0.000,0,0
98008,-0.860,-0.007,0.043,-0.001,0.114,-0.793,-0.147,-0.580,-0.200,-0.002,0.304,-0.011,12806,12478,-135,135,0,0.000,0,0
98108,-0.210,-0.005,0.020,-0.002,0.107,-0.742,-0.126,-0.650,-0.200,0.000,0.134,0.006,12852,12572,-109,110,0,0.000,0,0
98208,-0.380,-0.015,0.012,-0.012,0.073,-0.719,-0.124,-0.680,-0.200,0.002,0.065,0.063,12824,12911,-104,104,0,0.000,0,0
98308,-0.430,-0.011,0.004,-0.005,0.040,-0.701,-0.101,-0.705,-0.200,-0.000,0.004,0.087,12837,12937,-95,95,0,0.000,0,0
98408,0.730,-0.001,0.008,0.001,0.027,-0.698,-0.103,-0.708,-0.200,-0.001,-0.003,0.108,12692,12853,-96,96,0,0.000,0,0
98508,0.450,0.006,0.012,0.007,0.042,-0.672,-0.100,-0.732,-0.200,-0.004,-0.077,0.090,12634,12637,-76,77,0,0.000,0,0
98608,-0.340,-0.003,0.008,0.014,0.073,-0.653,-0.077,-0.750,-0.200,-0.001,-0.135,0.020,12849,12423,-66,66,0,0.000,0,0
98708,1.460,-0.006,-0.007,-0.003,0.071,-0.658,-0.057,-0.747,-0.200,0.000,-0.128,-0.008,12678,12270,-74,75,0,0.000,0,0
98808,1.390,-0.003,-0.007,-0.006,0.050,-0.672,-0.058,-0.736,-0.200,-0.001,-0.090,0.018,12187,12058,-84,84,0,0.000,0,0
98908,1.480,-0.002,-0.001,-0.001,0.038,-0.680,-0.057,-0.730,-0.200,-0.001,-0.069,0.032,11828,11765,-85,86,0,0.000,0,0
99008,0.320,-0.005,-0.012,0.002,0.031,-0.692,-0.051,-0.719,-0.200,-0.001,-0.037,0.031,11584,11492,-95,95,0,0.000,0,0
99108,-0.400,-0.011,-0.015,0.007,0.024,-0.723,-0.025,-0.690,-0.200,0.000,0.046,0.000,11703,11383,-115,115,0,0.000,0,0
99208,-0.340,-0.010,-0.015,0.008,0.018,-0.749,0.010,-0.662,-0.200,-0.002,0.123,-0.040,11836,11286,-131,132,0,0.000,0,0
99308,-0.410,-0.010,-0.008,0.008,0.013,-0.765,0.044,-0.643,-0.200,-0.007,0.174,-0.076,11960,11234,-139,140,0,0.000,0,0
99408,-0.400,-0.010,-0.006,0.003,0.002,-0.774,0.071,-0.629,-0.200,-0.010,0.211,-0.093,12044,11305,-146,146,0,0.000,0,0
99508,-0.300,-0.007,-0.003,0.001,-0.010,-0.778,0.090,-0.621,-0.200,-0.011,0.229,-0.096,12067,11343,-148,149,0,0.000,0,0
99608,-0.030,-0.001,-0.001,0.001,-0.016,-0.783,0.097,-0.614,-0.200,-0.011,0.247,-0.093,12063,11349,-150,151,0,0.000,0,0
99708,-0.110,-0.001,0.001,-0.001,-0.014,-0.781,0.099,-0.616,-0.200,-0.012,0.244,-0.099,12105,11315,-148,149,0,0.000,0,0
99808,0.140,-0.006,-0.001,-0.002,-0.025,-0.788,0.100,-0.607,-0.200,-0.011,0.264,-0.082,11984,11335,-154,155,0,0.000,0,0
99908,0.140,-0.002,0.002,-0.001,-0.035,-0.785,0.103,-0.610,-0.200,-0.009,0.256,-0.070,11878,11272,-150,151,0,0.000,0,0
100008,-0.010,-0.006,0.003,0.002,-0.041,-0.783,0.106,-0.611,-0.200,-0.008,0.252,-0.064,11838,11222,-149,150,0,0.000,0,0
100108,0.080,-0.011,0.005,0.010,-0.051,-0.773,0.134,-0.618,-0.200,-0.010,0.232,-0.087,11916,11085,-144,144,0,0.000,0,0
100208,0.640,-0.015,0.005,0.010,-0.068,-0.754,0.180,-0.628,-0.200,-0.011,0.204,-0.123,11852,10801,-138,138,0,0.000,0,0
100308,-0.170,-0.019,-0.000,0.003,-0.083,-0.758,0.224,-0.606,-0.200,-0.016,0.254,-0.145,11857,10777,-154,154,0,0.000,0,0
100408,0.650,-0.024,0.001,0.004,-0.129,-0.741,0.266,-0.602,-0.200,-0.013,0.243,-0.129,11604,10702,-149,149,0,0.000,0,0
100508,-0.610,-0.018,0.005,0.006,-0.162,-0.732,0.314,-0.583,-0.200,-0.015,0.272,-0.129,11668,10759,-155,155,0,0.000,0,0
100608,0.340,-0.015,0.005,-0.003,-0.202,-0.710,0.340,-0.583,-0.200,-0.011,0.241,-0.108,11523,10786,-146,146,0,0.000,0,0
100708,0.340,-0.010,0.002,-0.000,-0.231,-0.700,0.357,-0.573,-0.200,-0.008,0.238,-0.084,11342,10702,-147,147,0,0.000,0,0
100808,0.420,-0.002,0.005,-0.001,-0.246,-0.688,0.362,-0.578,-0.200,-0.007,0.211,-0.079,11233,10541,-138,139,0,0.000,0,0
100908,0.960,-0.000,0.008,0.002,-0.261,-0.673,0.362,-0.590,-0.200,-0.005,0.169,-0.076,11023,10297,-129,129,0,0.000,0,0
101008,0.480,0.002,0.010,0.002,-0.263,-0.655,0.357,-0.612,-0.200,-0.003,0.114,-0.093,10803,9902,-116,117,0,0.000,0,0
101108,-0.230,0.011,0.014,-0.001,-0.270,-0.632,0.336,-0.644,-0.200,0.001,0.024,-0.093,10789,9929,-94,95,0,0.000,0,0
101208,-1.160,0.008,-0.001,-0.005,-0.264,-0.634,0.315,-0.655,-0.200,0.001,0.002,-0.078,10868,10168,-98,99,0,0.000,0,0
101308,-0.270,0.009,-0.001,-0.004,-0.260,-0.643,0.293,-0.658,-0.200,0.001,-0.001,-0.051,10897,10373,-99,100,0,0.000,0,0
101408,0.390,0.007,-0.005,-0.006,-0.252,-0.659,0.275,-0.652,-0.200,-0.000,0.022,-0.027,10759,10346,-107,107,0,0.000,0,0
101508,1.070,0.011,0.002,0.001,-0.246,-0.669,0.260,-0.652,-0.200,-0.000,0.029,-0.009,10598,10197,-105,106,0,0.000,0,0
101608,-0.500,0.006,-0.021,-0.001,-0.225,-0.692,0.251,-0.638,-0.200,-0.000,0.084,-0.010,10333,9849,-125,126,0,0.000,0,0
101708,0.330,0.014,0.008,-0.002,-0.206,-0.703,0.237,-0.638,-0.200,-0.001,0.101,-0.012,10408,9880,-119,120,0,0.000,0,0
101808,-0.590,0.018,-0.000,0.003,-0.178,-0.707,0.214,-0.651,-0.200,-0.001,0.090,-0.026,10449,9781,-117,118,0,0.000,0,0
101908,-0.460,0.016,0.009,0.002,-0.148,-0.700,0.189,-0.672,-0.200,-0.001,0.052,-0.047,10654,9872,-105,106,0,0.000,0,0
102008,0.470,0.017,0.006,0.003,-0.119,-0.690,0.161,-0.696,-0.200,0.000,0.003,-0.060,10620,9791,-95,96,0,0.000,0,0
102108,0.520,0.020,0.014,0.003,-0.083,-0.677,0.128,-0.720,-0.200,0.002,-0.050,-0.072,10458,9579,-82,83,0,0.000,0,0
102208,-0.370,0.013,-0.003,0.000,-0.057,-0.664,0.100,-0.739,-0.200,0.004,-0.099,-0.072,10319,9501,-77,77,0,0.000,0,0
102308,-0.240,0.015,-0.004,-0.004,-0.033,-0.674,0.070,-0.735,-0.200,0.003,-0.083,-0.057,10324,9664,-83,84,0,0.000,0,0
102408,-0.830,0.008,-0.022,-0.004,-0.021,-0.707,0.042,-0.706,-0.200,-0.000,0.003,-0.030,10293,9813,-110,110,0,0.000,0,0
102508,0.090,0.004,-0.003,-0.001,-0.015,-0.731,0.031,-0.681,-0.200,-0.001,0.071,-0.021,10347,9858,-118,119,0,0.000,0,0
102608,0.720,0.002,-0.003,-0.002,-0.010,-0.734,0.021,-0.679,-0.200,-0.001,0.078,-0.014,10164,9674,-117,117,0,0.000,0,0
102708,1.230,-0.005,0.005,-0.002,-0.021,-0.734,0.020,-0.679,-0.200,0.000,0.078,0.005,9833,9449,-114,114,0,0.000,0,0
102808,0.330,-0.005,-0.006,0.003,-0.027,-0.732,0.030,-0.680,-0.200,-0.000,0.074,-0.001,9553,9017,-116,116,0,0.000,0,0
102908,-0.480,-0.006,0.009,-0.001,-0.032,-0.734,0.042,-0.677,-0.200,-0.000,0.081,-0.009,9674,9085,-114,115,0,0.000,0,0
103008,-0.390,-0.004,-0.009,0.005,-0.040,-0.727,0.055,-0.683,-0.200,-0.001,0.065,-0.016,9662,8988,-114,114,0,0.000,0,0
103108,-0.890,0.001,-0.003,0.003,-0.030,-0.737,0.067,-0.672,-0.200,-0.002,0.095,-0.045,9963,9100,-121,122,0,0.000,0,0
103208,0.360,-0.001,-0.001,-0.002,-0.031,-0.738,0.067,-0.671,-0.200,-0.002,0.098,-0.045,9927,9177,-120,121,0,0.000,0,0
103309,0.690,0.006,0.005,-0.001,-0.029,-0.740,0.061,-0.669,-0.200,-0.002,0.103,-0.039,9656,8959,-119,120,0,0.000,0,0
103409,0.940,0.012,0.004,-0.003,-0.017,-0.729,0.036,-0.683,-0.200,-0.001,0.066,-0.025,9327,8738,-109,110,0,0.000,0,0
103509,-1.000,0.021,-0.004,-0.001,0.012,-0.741,0.006,-0.671,-0.200,-0.001,0.099,-0.026,9384,8732,-122,124,0,0.000,0,0
103609,-0.150,0.014,-0.009,-0.008,0.040,-0.739,-0.043,-0.671,-0.200,-0.000,0.097,-0.001,9163,8755,-121,122,0,0.000,0,0
103709,-0.700,0.013,0.001,-0.000,0.062,-0.746,-0.070,-0.660,-0.200,-0.000,0.122,-0.000,9371,8862,-125,126,0,0.000,0,0
103809,-0.030,0.011,0.002,-0.003,0.087,-0.737,-0.099,-0.663,-0.200,0.000,0.107,0.003,9388,8897,-120,120,0,0.000,0,0
103909,0.430,0.005,0.005,-0.004,0.102,-0.730,-0.127,-0.664,-0.200,0.001,0.098,0.021,9177,8840,-118,118,0,0.000,0,0
104009,1.480,0.007,-0.001,0.002,0.121,-0.720,-0.144,-0.668,-0.200,0.001,0.077,0.018,8840,8376,-114,115,0,0.000,0,0
104109,-0.870,0.007,-0.002,-0.001,0.137,-0.733,-0.159,-0.647,-0.200,0.000,0.125,0.005,8875,8301,-128,129,0,0.000,0,0
104209,-0.030,0.011,-0.012,-0.004,0.151,-0.729,-0.187,-0.641,-0.200,0.001,0.132,0.019,8718,8327,-129,130,0,0.000,0,0
104309,-0.250,0.007,0.000,-0.002,0.165,-0.729,-0.217,-0.628,-0.200,0.002,0.158,0.031,8678,8379,-132,133,0,0.000,0,0
104409,-0.380,0.009,0.001,0.002,0.186,-0.725,-0.233,-0.621,-0.200,0.002,0.161,0.020,8824,8370,-132,133,0,0.000,0,0
104509,0.470,0.009,-0.003,0.000,0.210,-0.718,-0.250,-0.614,-0.200,0.000,0.158,0.005,8767,8203,-132,132,0,0.000,0,0
104609,0.050,0.006,0.007,-0.006,0.230,-0.711,-0.276,-0.605,-0.200,0.001,0.162,0.007,8564,8095,-131,132,0,0.000,0,0
104709,-0.650,0.007,-0.010,-0.002,0.236,-0.700,-0.290,-0.609,-0.200,0.002,0.148,0.023,8357,8029,-131,131,0,0.000,0,0
104809,0.450,0.005,0.002,-0.007,0.239,-0.691,-0.317,-0.604,-0.200,0.004,0.157,0.052,8156,8138,-131,131,0,0.000,0,0
104909,-0.430,0.004,-0.001,0.002,0.239,-0.692,-0.331,-0.595,-0.200,0.005,0.179,0.063,8139,8118,-137,138,0,0.000,0,0
105009,-0.260,-0.003,0.006,0.004,0.249,-0.687,-0.328,-0.599,-0.200,0.003,0.160,0.050,8280,8100,-129,130,0,0.000,0,0
105109,0.540,-0.009,-0.004,0.002,0.246,-0.691,-0.312,-0.604,-0.200,0.003,0.151,0.037,8195,7943,-130,131,0,0.000,0,0
105209,0.610,-0.011,0.001,0.002,0.224,-0.703,-0.295,-0.607,-0.200,0.003,0.163,0.042,7927,7792,-133,133,0,0.000,0,0
105309,-0.510,-0.009,-0.001,0.004,0.213,-0.714,-0.276,-0.607,-0.200,0.002,0.172,0.031,7893,7656,-135,136,0,0.000,0,0
105409,-0.190,-0.008,0.000,0.004,0.204,-0.720,-0.253,-0.613,-0.200,0.001,0.166,0.016,7945,7604,-133,133,0,0.000,0,0
105509,-0.350,-0.004,-0.003,0.001,0.194,-0.728,-0.239,-0.613,-0.200,0.001,0.175,0.010,7920,7604,-136,136,0,0.000,0,0
105609,-0.130,-0.007,-0.002,-0.004,0.185,-0.731,-0.241,-0.611,-0.200,0.002,0.186,0.024,7786,7700,-138,139,0,0.000,0,0
105709,0.160,-0.004,-0.003,-0.000,0.168,-0.737,-0.238,-0.610,-0.200,0.004,0.201,0.042,7576,7655,-142,142,0,0.000,0,0
105809,0.420,-0.005,-0.003,0.001,0.165,-0.744,-0.234,-0.603,-0.200,0.004,0.219,0.038,7521,7498,-146,146,0,0.000,0,0
105909,-0.170,-0.017,-0.012,-0.009,0.135,-0.759,-0.229,-0.595,-0.200,0.008,0.259,0.067,7189,7583,-157,157,0,0.000,0,0
106009,-0.600,-0.017,-0.010,-0.013,0.074,-0.774,-0.229,-0.586,-0.200,0.021,0.308,0.151,6759,8071,-167,166,0,0.000,0,0
106109,-0.280,-0.005,-0.006,-0.004,0.029,-0.783,-0.235,-0.576,-0.200,0.034,0.345,0.222,6598,8420,-173,173,0,0.000,0,0
106209,-0.120,0.001,-0.001,0.000,0.023,-0.786,-0.242,-0.569,-0.200,0.038,0.363,0.237,6660,8437,-175,174,0,0.000,0,0
106309,-0.270,0.005,0.001,0.004,0.032,-0.786,-0.245,-0.567,-0.200,0.036,0.365,0.224,6712,8340,-174,173,0,0.000,0,0
106409,-0.590,0.014,0.006,0.007,0.062,-0.782,-0.248,-0.569,-0.200,0.029,0.353,0.183,6927,8220,-169,169,0,0.000,0,0
106509,-0.420,0.006,0.004,0.011,0.104,-0.775,-0.244,-0.573,-0.200,0.018,0.327,0.118,7227,8026,-163,163,36,15.090,305,305
106609,0.260,-0.000,0.001,0.007,0.131,-0.774,-0.227,-0.576,-0.200,0.009,0.305,0.059,7273,7747,-159,159,36,15.090,305,305
106709,0.540,-0.002,-0.006,0.000,0.136,-0.780,-0.218,-0.571,-0.200,0.006,0.314,0.036,7025,7604,-164,165,36,15.100,305,305
106809,0.060,-0.007,-0.011,-0.004,0.116,-0.794,-0.220,-0.554,-0.200,0.010,0.365,0.058,6648,7708,-179,179,36,15.100,305,305
106909,-0.120,-0.002,-0.000,0.002,0.098,-0.804,-0.220,-0.544,-0.200,0.015,0.398,0.079,6520,7773,-182,182,36,15.100,305,305
107009,-0.010,0.002,0.007,0.008,0.106,-0.800,-0.211,-0.551,-0.200,0.011,0.377,0.061,6627,7562,-172,173,36,15.100,305,305
107109,0.370,0.002,0.012,0.009,0.129,-0.792,-0.192,-0.565,-0.200,0.002,0.332,0.012,6739,7174,-161,161,36,15.100,305,305
107209,0.820,0.002,0.014,0.007,0.154,-0.774,-0.171,-0.589,-0.200,-0.005,0.260,-0.037,6603,6659,-144,145,36,15.100,305,305
107309,0.060,-0.003,0.011,0.001,0.163,-0.758,-0.157,-0.612,-0.200,-0.006,0.198,-0.055,6410,6517,-133,133,36,15.090,305,305
107409,-0.280,0.004,0.009,0.003,0.170,-0.742,-0.149,-0.631,-0.200,-0.005,0.147,-0.065,6463,6536,-123,124,36,15.090,305,305
107509,0.000,0.004,-0.001,0.001,0.184,-0.733,-0.150,-0.637,-0.200,-0.006,0.120,-0.079,6485,6423,-121,122,36,15.090,305,305
107609,0.200,0.004,-0.000,-0.001,0.191,-0.733,-0.158,-0.633,-0.200,-0.006,0.126,-0.079,6371,6344,-125,126,36,15.090,305,305
107709,0.290,0.001,0.001,0.001,0.199,-0.728,-0.166,-0.635,-0.200,-0.005,0.115,-0.079,6203,6126,-122,122,36,15.090,305,305
107809,-0.600,0.002,-0.004,0.002,0.199,-0.734,-0.167,-0.627,-0.200,-0.007,0.134,-0.083,6298,6102,-129,129,36,15.090,305,305
107909,0.120,0.003,0.007,0.003,0.211,-0.729,-0.163,-0.631,-0.200,-0.007,0.116,-0.102,6465,5949,-120,121,36,15.090,305,305
108009,0.300,-0.001,-0.009,-0.006,0.212,-0.727,-0.169,-0.631,-0.200,-0.007,0.114,-0.094,6124,5737,-124,125,36,15.090,305,305
108109,0.180,-0.002,0.003,0.000,0.204,-0.731,-0.174,-0.628,-0.200,-0.006,0.130,-0.080,5913,5578,-126,126,36,15.090,305,305
108209,0.120,-0.002,-0.000,0.001,0.201,-0.727,-0.166,-0.636,-0.200,-0.005,0.112,-0.081,5836,5327,-121,122,36,15.090,305,305
108309,0.010,-0.005,0.000,0.001,0.196,-0.730,-0.160,-0.635,-0.200,-0.006,0.117,-0.083,5836,5186,-123,124,36,15.090,305,305
108409,0.090,-0.008,0.001,0.001,0.186,-0.729,-0.146,-0.642,-0.200,-0.005,0.106,-0.083,5736,4965,-120,121,36,15.090,305,305
108509,0.630,-0.013,0.009,0.004,0.173,-0.726,-0.123,-0.654,-0.200,-0.005,0.084,-0.090,5590,4555,-113,113,36,15.090,305,305
108609,0.980,-0.021,0.011,0.004,0.148,-0.714,-0.076,-0.680,-0.200,-0.003,0.031,-0.107,5232,3630,-101,100,36,15.100,305,305
108709,-0.040,-0.019,0.002,0.003,0.118,-0.722,-0.032,-0.681,-0.200,-0.004,0.045,-0.127,5100,2892,-110,110,36,15.100,305,305
108809,0.750,-0.020,0.002,0.000,0.084,-0.711,0.009,-0.698,-0.200,-0.001,0.012,-0.132,4910,2362,-100,100,36,15.100,305,305
108909,-0.380,-0.016,0.002,-0.000,0.050,-0.713,0.045,-0.698,-0.200,-0.001,0.020,-0.134,4968,2252,-104,104,36,15.100,305,305
109009,-0.180,-0.014,-0.000,-0.002,0.017,-0.716,0.072,-0.694,-0.200,-0.002,0.036,-0.123,4971,2409,-109,109,36,15.100,305,305
109109,-0.100,-0.013,0.004,0.000,-0.013,-0.713,0.095,-0.694,-0.200,-0.002,0.036,-0.112,4838,2350,-106,107,36,15.100,305,305
109209,-0.030,-0.009,0.001,0.001,-0.034,-0.707,0.117,-0.697,-0.200,-0.001,0.027,-0.115,4802,1978,-105,105,36,15.100,305,305
109309,0.340,-0.009,0.004,0.002,-0.049,-0.702,0.138,-0.697,-0.200,-0.000,0.024,-0.124,4666,1077,-104,104,36,15.100,305,305
109409,0.310,-0.005,0.001,-0.000,-0.061,-0.692,0.152,-0.703,-0.200,0.001,0.004,-0.129,4320,0,-99,100,36,15.100,305,305
109509,-0.730,-0.011,-0.002,-0.002,-0.082,-0.692,0.169,-0.697,-0.200,0.000,0.015,-0.122,4274,0,-104,104,36,15.100,305,305
109609,-0.030,0.001,-0.004,-0.003,-0.091,-0.700,0.174,-0.686,-0.200,-0.001,0.042,-0.111,4295,911,-111,111,36,15.100,305,305
109709,0.040,-0.005,-0.002,-0.000,-0.100,-0.705,0.176,-0.680,-0.200,-0.002,0.056,-0.098,4036,0,-113,113,36,15.090,305,305
109809,0.020,-0.014,-0.001,0.003,-0.121,-0.703,0.201,-0.672,-0.200,-0.002,0.069,-0.100,3977,0,-115,115,36,15.090,305,305
109909,0.510,-0.023,-0.000,-0.001,-0.157,-0.693,0.242,-0.660,-0.200,-0.002,0.078,-0.102,3718,0,-117,116,36,15.090,305,305
110009,0.130,-0.031,0.008,-0.000,-0.209,-0.679,0.291,-0.641,-0.200,-0.003,0.092,-0.088,3170,0,-118,118,36,15.090,305,305
110109,-0.330,-0.031,-0.002,-0.007,-0.286,-0.645,0.330,-0.627,-0.200,-0.001,0.050,-0.045,2419,0,-108,108,36,15.080,305,305
110209,-0.350,-0.016,-0.008,0.002,-0.332,-0.630,0.376,-0.593,-0.200,-0.001,0.077,-0.027,2705,0,-118,119,36,15.080,305,305
110309,0.420,-0.014,0.001,-0.006,-0.363,-0.618,0.404,-0.568,-0.200,-0.000,0.091,-0.010,2019,0,-119,119,36,15.080,305,305
110409,0.160,-0.003,-0.000,-0.002,-0.386,-0.616,0.414,-0.548,-0.200,0.001,0.102,0.022,1496,0,-121,121,36,15.080,305,305
110509,0.310,-0.004,0.002,-0.002,-0.396,-0.612,0.416,-0.544,-0.200,0.002,0.096,0.032,1531,0,-119,119,36,15.090,305,305
110609,-0.320,0.003,0.007,-0.003,-0.410,-0.604,0.411,-0.546,-0.200,0.002,0.067,0.046,1311,0,-110,110,36,15.090,305,305
110709,-0.410,0.003,0.001,-0.002,-0.413,-0.602,0.399,-0.555,-0.200,0.002,0.043,0.056,1560,202,-107,107,36,15.100,305,305
110809,-0.230,0.000,-0.004,0.000,-0.417,-0.605,0.394,-0.551,-0.200,0.003,0.044,0.070,1338,1286,-109,109,36,15.100,305,305
110909,-0.040,0.000,-0.004,0.000,-0.415,-0.611,0.399,-0.544,-0.200,0.004,0.065,0.072,1151,1089,-115,115,36,15.100,305,305
111009,0.190,-0.002,-0.005,0.001,-0.413,-0.614,0.408,-0.535,-0.200,0.005,0.087,0.070,400,0,-120,120,36,15.100,305,305
111109,0.220,-0.002,-0.004,-0.000,-0.411,-0.617,0.419,-0.525,-0.200,0.005,0.112,0.067,0,224,-125,125,36,15.100,305,305
111209,0.250,-0.001,-0.004,-0.000,-0.413,-0.618,0.428,-0.514,-0.200,0.006,0.131,0.070,0,869,-128,129,36,15.110,305,305
111309,0.030,0.000,-0.002,0.000,-0.410,-0.622,0.434,-0.507,-0.200,0.007,0.150,0.071,0,1054,-132,132,36,15.110,305,305
111409,-0.060,-0.003,-0.001,0.002,-0.410,-0.621,0.439,-0.504,-0.200,0.007,0.157,0.065,0,986,-132,132,36,15.110,305,305
111509,-0.120,-0.003,-0.004,0.002,-0.411,-0.616,0.448,-0.501,-0.200,0.006,0.161,0.057,0,915,-133,133,36,15.110,305,305
111609,-0.070,-0.010,-0.005,0.002,-0.415,-0.612,0.464,-0.488,-0.200,0.006,0.181,0.054,0,1105,-138,138,36,15.110,305,305
111709,0.190,-0.010,-0.004,0.006,-0.423,-0.601,0.489,-0.470,-0.200,0.006,0.201,0.049,0,1073,-142,142,36,15.110,305,305
111809,0.280,-0.012,0.000,0.008,-0.428,-0.580,0.517,-0.461,-0.200,0.002,0.209,0.021,890,0,-142,142,36,15.110,305,305
111909,0.000,-0.013,0.005,0.009,-0.440,-0.550,0.542,-0.457,-0.200,-0.001,0.195,-0.012,1623,0,-137,137,36,15.110,305,305
112009,0.570,-0.012,0.002,0.007,-0.455,-0.516,0.565,-0.454,-0.200,-0.005,0.173,-0.044,2050,0,-133,133,36,15.110,305,305
112109,0.400,-0.013,0.002,0.006,-0.472,-0.484,0.582,-0.452,-0.200,-0.007,0.146,-0.069,2307,0,-126,127,36,15.110,305,305
112209,0.230,-0.010,0.007,0.006,-0.483,-0.455,0.601,-0.445,-0.200,-0.010,0.138,-0.094,2596,0,-125,126,36,15.110,305,305
112309,0.260,-0.013,-0.001,0.001,-0.501,-0.427,0.615,-0.435,-0.200,-0.011,0.122,-0.106,2666,0,-123,124,36,15.090,305,305
112409,0.260,-0.013,-0.000,0.002,-0.508,-0.412,0.634,-0.413,-0.200,-0.012,0.145,-0.104,2629,0,-130,131,36,15.090,305,305
112509,-0.470,-0.015,0.001,0.003,-0.522,-0.387,0.653,-0.390,-0.200,-0.012,0.152,-0.105,2783,0,-131,131,36,15.090,305,305
112609,-0.550,-0.016,0.001,-0.000,-0.539,-0.362,0.665,-0.369,-0.200,-0.010,0.147,-0.099,3001,0,-129,129,36,15.090,305,305
112709,0.110,-0.022,-0.005,-0.004,-0.556,-0.338,0.684,-0.331,-0.200,-0.008,0.164,-0.077,2785,0,-135,135,36,15.100,305,305
112809,0.140,-0.026,-0.000,-0.000,-0.573,-0.308,0.706,-0.280,-0.200,-0.004,0.188,-0.042,2091,0,-140,139,36,15.100,305,305
112909,-0.230,-0.029,0.001,-0.004,-0.597,-0.267,0.723,-0.224,-0.200,-0.000,0.189,-0.005,1569,0,-138,137,36,15.100,305,305
113009,0.130,-0.011,-0.007,-0.001,-0.606,-0.241,0.738,-0.176,-0.200,0.003,0.205,0.032,965,0,-144,144,36,15.100,305,305
113109,-0.160,-0.013,0.003,-0.001,-0.610,-0.225,0.745,-0.148,-0.200,0.005,0.213,0.054,503,0,-142,142,36,15.100,305,305
113209,-0.060,-0.010,0.002,0.006,-0.618,-0.203,0.748,-0.129,-0.200,0.006,0.204,0.058,1022,0,-140,140,36,15.100,305,305
113309,0.180,-0.009,0.006,0.006,-0.630,-0.173,0.747,-0.125,-0.200,0.003,0.176,0.031,1848,0,-132,132,36,15.100,305,305
113409,-0.200,-0.010,0.003,0.004,-0.643,-0.146,0.743,-0.118,-0.200,0.001,0.147,0.013,2053,0,-126,127,36,15.100,305,305
113509,-0.140,-0.013,0.001,0.002,-0.649,-0.120,0.745,-0.100,-0.200,0.000,0.138,0.007,1996,0,-126,126,36,15.100,305,305
113609,-0.040,-0.014,0.001,0.001,-0.652,-0.095,0.749,-0.076,-0.200,0.001,0.139,0.009,1813,0,-128,128,36,15.100,305,305
113709,0.000,-0.014,-0.001,0.000,-0.655,-0.069,0.751,-0.050,-0.200,0.001,0.137,0.015,1607,0,-127,127,36,15.100,305,305
113809,-0.300,-0.012,0.002,0.000,-0.656,-0.046,0.753,-0.024,-0.200,0.002,0.138,0.024,1436,0,-127,127,36,15.110,305,305
113909,-0.010,-0.011,-0.003,-0.001,-0.657,-0.024,0.754,0.002,-0.200,0.002,0.137,0.034,1074,0,-128,128,36,15.110,305,305
114009,0.030,-0.006,-0.003,-0.001,-0.652,-0.007,0.758,0.023,-0.200,0.003,0.149,0.044,671,0,-131,131,36,15.110,305,305
114109,0.150,-0.000,-0.004,0.000,-0.643,-0.003,0.765,0.030,-0.200,0.004,0.171,0.048,538,0,-136,137,36,15.110,305,305
114209,0.510,0.000,0.001,0.007,-0.643,0.005,0.765,0.024,-0.200,0.003,0.172,0.031,1400,0,-134,135,36,15.100,305,305
114309,0.300,0.001,0.003,0.005,-0.645,0.020,0.764,0.013,-0.200,-0.001,0.169,-0.006,2106,0,-133,133,36,15.100,305,305
114409,-1.020,0.005,0.003,0.002,-0.650,0.020,0.759,0.000,-0.200,-0.002,0.155,-0.026,2588,0,-129,130,36,15.100,305,305
114509,0.300,0.002,0.006,0.001,-0.660,0.016,0.751,-0.011,-0.200,-0.002,0.130,-0.038,2823,0,-123,123,36,15.100,305,305
114609,0.410,0.002,-0.009,0.001,-0.657,0.016,0.754,-0.012,-0.200,-0.003,0.137,-0.040,2220,0,-130,130,36,15.100,305,305
114709,0.150,0.006,0.000,0.006,-0.650,0.016,0.759,-0.031,-0.200,-0.005,0.153,-0.068,2738,0,-131,132,36,15.110,305,305
114809,0.110,-0.004,-0.003,0.002,-0.648,0.025,0.760,-0.041,-0.200,-0.007,0.157,-0.094,3001,0,-132,133,36,15.110,305,305
114909,0.360,-0.003,0.005,0.002,-0.647,0.039,0.761,-0.036,-0.200,-0.009,0.161,-0.105,3100,0,-131,132,36,15.110,305,305
115009,-0.010,-0.005,0.005,-0.003,-0.658,0.047,0.751,-0.025,-0.200,-0.007,0.132,-0.100,2986,0,-123,124,36,15.110,305,305
115109,-0.240,-0.004,0.002,-0.001,-0.667,0.053,0.743,-0.013,-0.200,-0.005,0.111,-0.091,2924,0,-120,120,36,15.110,305,305
115209,0.000,-0.006,0.002,-0.004,-0.667,0.059,0.743,0.001,-0.200,-0.004,0.112,-0.077,2707,0,-122,122,36,15.110,305,305
115309,-0.130,-0.005,-0.001,-0.003,-0.665,0.064,0.743,0.023,-0.200,-0.003,0.114,-0.051,2361,0,-123,124,36,15.100,305,305
115409,-0.040,-0.004,0.001,-0.002,-0.667,0.066,0.741,0.037,-0.200,-0.002,0.108,-0.033,2248,0,-121,121,36,15.100,305,305
115509,-0.290,-0.005,0.001,-0.002,-0.668,0.070,0.740,0.047,-0.200,-0.001,0.104,-0.024,2273,0,-120,120,36,15.110,305,305
115609,0.040,-0.003,0.000,-0.002,-0.669,0.075,0.737,0.060,-0.200,-0.001,0.097,-0.011,2160,0,-119,119,36,15.110,305,305
115709,0.460,-0.005,0.002,-0.003,-0.668,0.075,0.737,0.071,-0.200,0.000,0.097,0.003,1959,0,-119,119,36,15.110,305,305
115809,0.650,-0.006,-0.002,-0.003,-0.668,0.078,0.734,0.088,-0.200,0.001,0.091,0.026,1566,0,-118,118,36,15.110,305,305
115909,0.070,-0.001,0.003,-0.004,-0.666,0.078,0.735,0.100,-0.200,0.002,0.093,0.044,1256,0,-118,118,36,15.110,305,305
116009,-1.120,0.000,0.004,-0.004,-0.673,0.068,0.728,0.111,-0.200,0.003,0.070,0.070,1442,1499,-111,112,36,15.120,305,305
116109,-0.990,0.001,0.003,-0.001,-0.681,0.058,0.721,0.114,-0.200,0.002,0.047,0.086,2324,2653,-107,107,36,15.120,305,305
116209,-0.760,0.001,0.001,-0.000,-0.686,0.053,0.717,0.115,-0.200,0.002,0.033,0.092,2925,3280,-105,105,36,15.100,305,305
116309,-0.720,0.003,0.004,0.002,-0.691,0.051,0.713,0.110,-0.200,0.001,0.022,0.087,3435,3611,-102,103,36,15.100,305,305
116409,-1.020,0.001,0.005,0.002,-0.700,0.050,0.705,0.103,-0.200,0.000,-0.002,0.075,3986,4030,-97,97,36,15.110,305,305
116509,-1.180,0.002,0.002,0.002,-0.708,0.049,0.698,0.097,-0.200,-0.000,-0.020,0.066,4545,4570,-94,94,36,15.110,305,305
116609,-1.000,0.001,0.001,0.003,-0.713,0.050,0.694,0.089,-0.200,-0.001,-0.033,0.052,5040,4969,-92,92,36,15.110,305,305
116710,-0.140,-0.002,-0.000,0.003,-0.718,0.058,0.689,0.085,-0.200,-0.001,-0.044,0.034,5273,5065,-90,90,36,15.110,305,305
116809,1.310,-0.001,0.002,0.000,-0.717,0.065,0.689,0.084,-0.200,-0.000,-0.041,0.023,4923,4706,-91,91,36,15.110,305,305
116910,1.730,0.000,0.002,-0.001,-0.714,0.069,0.691,0.090,-0.200,-0.000,-0.037,0.026,3656,3629,-92,92,36,15.110,305,305
117010,1.820,0.003,0.002,0.001,-0.719,0.065,0.686,0.090,-0.200,-0.001,-0.051,0.029,1892,2080,-87,88,36,15.110,305,305
117110,1.960,0.002,-0.002,0.005,-0.720,0.066,0.686,0.080,-0.200,-0.000,-0.049,0.014,960,0,-89,90,36,15.110,305,305
117210,0.360,0.000,-0.005,0.004,-0.716,0.074,0.691,0.069,-0.200,0.000,-0.034,-0.010,1539,0,-94,94,36,15.110,305,305
117310,-0.350,0.002,-0.003,-0.001,-0.713,0.076,0.695,0.063,-0.200,0.000,-0.023,-0.021,1633,0,-95,95,36,15.110,305,305
117410,0.080,0.001,0.003,-0.003,-0.710,0.070,0.697,0.064,-0.200,0.000,-0.018,-0.010,1291,0,-94,95,36,15.110,305,305
117510,0.900,0.003,0.006,-0.004,-0.716,0.058,0.692,0.070,-0.200,-0.000,-0.037,0.014,0,931,-88,89,36,15.100,305,305
117610,0.970,0.001,0.001,-0.001,-0.725,0.045,0.684,0.072,-0.200,-0.001,-0.061,0.033,0,1348,-84,84,36,15.100,305,305
117710,-0.350,-0.001,-0.005,0.004,-0.717,0.050,0.692,0.069,-0.200,-0.000,-0.038,0.023,0,569,-92,93,36,15.100,305,305
117810,-0.510,0.002,-0.003,-0.000,-0.712,0.053,0.697,0.064,-0.200,-0.000,-0.023,0.014,1311,1126,-94,95,36,15.100,305,305
117910,-0.330,-0.000,-0.001,0.002,-0.709,0.055,0.700,0.060,-0.200,-0.000,-0.014,0.006,1764,1347,-96,96,36,15.090,305,305
118010,-0.290,-0.000,-0.006,0.000,-0.704,0.058,0.706,0.056,-0.200,-0.000,0.003,-0.002,1920,1330,-100,100,36,15.090,305,305
118110,0.180,-0.003,-0.005,-0.001,-0.690,0.061,0.719,0.059,-0.200,-0.000,0.041,-0.000,1527,1195,-109,109,36,15.090,305,305
118210,0.220,-0.002,-0.001,0.002,-0.678,0.067,0.729,0.061,-0.200,-0.000,0.073,-0.002,812,0,-116,116,36,15.090,305,305
118310,0.130,-0.002,-0.003,-0.000,-0.674,0.068,0.733,0.060,-0.200,-0.000,0.084,-0.004,817,0,-117,117,36,15.090,305,305
118410,0.100,-0.002,0.001,-0.001,-0.674,0.065,0.733,0.062,-0.200,0.000,0.083,0.003,0,20,-115,115,36,15.090,305,305
118510,-0.230,-0.002,-0.002,0.001,-0.674,0.064,0.734,0.061,-0.200,0.000,0.085,0.004,414,0,-116,117,36,15.090,305,305
118610,0.100,-0.002,-0.000,0.001,-0.672,0.063,0.735,0.057,-0.200,-0.000,0.090,-0.001,743,0,-118,118,36,15.090,305,305
118710,0.340,-0.001,-0.001,0.001,-0.671,0.064,0.736,0.055,-0.200,-0.000,0.092,-0.005,895,0,-119,119,36,15.090,305,305
118810,0.030,-0.000,-0.001,-0.001,-0.669,0.063,0.739,0.054,-0.200,-0.000,0.100,-0.005,833,0,-120,121,36,15.100,305,305
118910,-0.280,0.001,0.000,-0.001,-0.667,0.057,0.741,0.050,-0.200,-0.000,0.104,-0.002,663,0,-121,121,36,15.100,305,305
119010,0.180,-0.001,-0.002,-0.002,-0.666,0.050,0.742,0.052,-0.200,0.001,0.107,0.011,0,806,-122,122,36,15.100,305,305
119110,0.400,-0.003,-0.001,0.001,-0.661,0.051,0.746,0.057,-0.200,0.001,0.119,0.018,0,901,-125,125,36,15.100,305,305
119210,0.200,-0.002,0.002,0.003,-0.660,0.057,0.747,0.055,-0.200,0.000,0.123,0.007,529,0,-124,125,36,15.100,305,305
119310,-0.250,-0.001,0.001,0.002,-0.662,0.064,0.745,0.053,-0.200,-0.000,0.118,-0.005,1057,0,-123,123,36,15.120,305,305
119410,-0.350,0.000,-0.000,0.001,-0.664,0.066,0.743,0.050,-0.200,-0.001,0.114,-0.013,1471,0,-123,123,36,15.120,305,305
119510,0.050,-0.000,-0.004,-0.001,-0.659,0.062,0.748,0.046,-0.200,-0.001,0.126,-0.013,1247,0,-127,127,36,15.110,305,305
119610,0.290,-0.000,-0.001,0.000,-0.654,0.060,0.753,0.044,-0.200,-0.001,0.141,-0.012,984,0,-129,130,36,15.110,305,305
119710,0.340,-0.001,-0.002,0.000,-0.651,0.060,0.755,0.043,-0.200,-0.001,0.148,-0.014,1094,0,-130,131,36,15.100,305,305
119810,0.350,0.001,-0.000,0.000,-0.648,0.062,0.758,0.044,-0.200,-0.001,0.156,-0.014,1097,0,-132,132,36,15.100,305,305
119910,0.170,0.002,-0.004,-0.001,-0.646,0.057,0.760,0.042,-0.200,-0.001,0.163,-0.009,906,0,-134,134,36,15.100,305,305
120010,0.320,0.000,-0.000,0.001,-0.642,0.052,0.764,0.036,-0.200,-0.001,0.174,-0.011,1092,0,-135,136,36,15.090,305,305
120110,0.130,-0.002,0.001,-0.000,-0.642,0.053,0.764,0.036,-0.200,-0.001,0.173,-0.012,1153,0,-134,134,36,15.090,305,305
120210,-0.070,-0.000,0.001,-0.000,-0.645,0.053,0.762,0.037,-0.200,-0.001,0.166,-0.012,1175,0,-132,133,36,15.090,305,305
120310,-0.060,0.000,0.002,0.000,-0.648,0.053,0.759,0.038,-0.200,-0.001,0.158,-0.010,1117,0,-130,131,36,15.090,305,305
120410,-0.040,0.001,0.001,0.001,-0.651,0.052,0.756,0.036,-0.200,-0.001,0.150,-0.014,1318,0,-129,130,36,15.090,305,305
120510,0.210,-0.000,-0.002,0.000,-0.652,0.053,0.756,0.033,-0.200,-0.001,0.148,-0.020,1486,0,-130,130,36,15.090,305,305
120610,0.370,0.003,-0.001,-0.000,-0.649,0.050,0.758,0.029,-0.200,-0.002,0.155,-0.021,1503,0,-131,132,36,15.090,305,305
120710,0.210,0.001,-0.001,-0.001,-0.648,0.044,0.760,0.026,-0.200,-0.001,0.160,-0.017,1391,0,-132,133,36,15.080,305,305
120810,-0.050,0.001,0.004,0.002,-0.649,0.045,0.759,0.023,-0.200,-0.002,0.158,-0.023,1628,0,-130,131,36,15.080,305,305
120910,-0.020,0.001,0.003,0.002,-0.659,0.048,0.750,0.019,-0.200,-0.002,0.131,-0.034,1892,0,-124,124,36,15.080,305,305
121010,0.040,0.003,-0.001,0.002,-0.662,0.048,0.748,0.014,-0.200,-0.003,0.123,-0.043,2059,0,-124,124,36,15.080,305,305
121110,0.140,0.004,0.001,0.001,-0.665,0.045,0.745,0.004,-0.200,-0.003,0.115,-0.054,2248,0,-122,122,36,15.080,305,305
121210,0.060,0.002,-0.000,-0.001,-0.666,0.040,0.745,-0.003,-0.200,-0.003,0.113,-0.057,2260,0,-122,123,36,15.080,305,305
121310,0.140,0.002,-0.001,-0.002,-0.665,0.034,0.746,-0.004,-0.200,-0.003,0.116,-0.050,2153,0,-123,124,36,15.090,305,305
121410,0.200,0.001,0.000,-0.000,-0.663,0.028,0.748,-0.004,-0.200,-0.003,0.120,-0.044,2128,0,-124,125,36,15.090,305,305
121510,0.110,0.000,0.001,0.001,-0.664,0.029,0.747,-0.006,-0.200,-0.003,0.118,-0.047,2302,0,-123,123,36,15.090,305,305
121610,0.000,-0.000,0.001,0.001,-0.667,0.031,0.745,-0.008,-0.200,-0.003,0.111,-0.052,2451,0,-121,122,36,15.100,305,305
121710,-0.090,0.000,-0.000,-0.000,-0.667,0.031,0.744,-0.008,-0.200,-0.003,0.110,-0.052,2478,0,-122,122,36,15.100,305,305
121810,0.160,-0.000,-0.002,0.000,-0.666,0.030,0.746,-0.007,-0.200,-0.003,0.114,-0.051,2521,0,-123,124,36,15.110,305,305
121910,0.130,0.001,-0.000,0.001,-0.663,0.032,0.748,-0.008,-0.200,-0.003,0.122,-0.054,2626,0,-125,125,36,15.110,305,305
122010,0.090,0.000,-0.001,0.001,-0.661,0.032,0.749,-0.010,-0.200,-0.004,0.125,-0.058,2736,0,-125,126,36,15.100,305,305
122110,0.150,0.001,-0.000,0.001,-0.660,0.033,0.750,-0.010,-0.200,-0.004,0.129,-0.059,2740,0,-126,126,36,15.100,305,305
122210,0.180,0.001,-0.000,0.001,-0.660,0.034,0.751,-0.014,-0.200,-0.004,0.130,-0.066,2830,0,-126,126,36,15.100,305,305
122310,0.220,0.000,0.000,-0.001,-0.659,0.033,0.751,-0.015,-0.200,-0.004,0.131,-0.065,2764,0,-126,127,36,15.120,305,305
122410,0.110,0.000,0.000,0.001,-0.659,0.032,0.751,-0.015,-0.200,-0.004,0.131,-0.064,2752,0,-126,126,36,15.120,305,305
122510,0.000,-0.000,0.001,0.001,-0.661,0.034,0.750,-0.016,-0.200,-0.004,0.126,-0.069,2824,0,-125,125,36,15.100,305,305
122610,0.040,0.000,-0.000,0.000,-0.661,0.035,0.749,-0.017,-0.200,-0.004,0.125,-0.072,2844,0,-125,125,36,15.100,305,305
122710,0.120,0.000,-0.000,-0.001,-0.660,0.034,0.750,-0.017,-0.200,-0.004,0.128,-0.070,2774,0,-126,126,36,15.100,305,305
122810,0.190,0.001,-0.000,0.001,-0.659,0.031,0.751,-0.016,-0.200,-0.004,0.131,-0.066,2739,0,-126,127,36,15.100,305,305
122910,0.080,0.001,0.000,0.001,-0.658,0.032,0.752,-0.020,-0.200,-0.005,0.133,-0.072,2848,0,-127,127,36,15.100,305,305
123010,0.070,0.001,0.001,-0.001,-0.659,0.033,0.751,-0.022,-0.200,-0.005,0.131,-0.076,2863,0,-126,126,36,15.100,305,305
123110,-0.290,0.001,-0.001,0.002,-0.659,0.031,0.751,-0.023,-0.200,-0.005,0.130,-0.075,2906,0,-126,126,36,15.100,305,305
123210,0.210,0.000,-0.001,-0.000,-0.655,0.032,0.755,-0.026,-0.200,-0.006,0.141,-0.080,2904,0,-129,129,36,15.100,305,305
123310,0.380,-0.000,0.001,-0.001,-0.653,0.029,0.756,-0.025,-0.200,-0.006,0.147,-0.075,2798,0,-129,130,36,15.100,305,305
123410,-0.050,0.000,0.001,0.000,-0.654,0.028,0.756,-0.023,-0.200,-0.005,0.144,-0.071,2771,0,-128,129,36,15.110,305,305
123510,0.100,-0.000,-0.001,-0.000,-0.654,0.028,0.756,-0.023,-0.200,-0.005,0.144,-0.071,2789,0,-129,129,36,15.110,305,305
123610,0.090,-0.000,-0.001,-0.000,-0.653,0.027,0.756,-0.022,-0.200,-0.005,0.147,-0.068,2749,0,-129,130,36,15.110,305,305
123710,0.060,-0.000,-0.001,0.002,-0.652,0.028,0.758,-0.022,-0.200,-0.005,0.150,-0.070,2803,0,-130,131,36,15.110,305,305
123810,0.200,-0.001,-0.001,-0.000,-0.649,0.030,0.760,-0.022,-0.200,-0.006,0.157,-0.073,2832,0,-132,133,36,15.110,305,305
123910,0.120,-0.000,-0.001,-0.000,-0.647,0.031,0.762,-0.020,-0.200,-0.006,0.163,-0.070,2786,0,-133,133,36,15.110,305,305
124010,0.070,0.000,-0.001,0.000,-0.646,0.031,0.763,-0.021,-0.200,-0.006,0.166,-0.071,2808,0,-133,134,36,15.110,305,305
124110,0.060,-0.000,-0.001,0.000,-0.644,0.031,0.764,-0.021,-0.200,-0.006,0.170,-0.072,2818,0,-134,135,36,15.100,305,305
124210,0.140,0.000,-0.000,0.001,-0.643,0.032,0.765,-0.022,-0.200,-0.006,0.174,-0.075,2850,0,-135,136,36,15.100,305,305
124310,0.140,-0.001,-0.001,-0.000,-0.641,0.034,0.766,-0.022,-0.200,-0.007,0.177,-0.077,2863,0,-136,136,36,15.100,305,305
124410,0.180,-0.000,-0.000,0.000,-0.641,0.034,0.767,-0.022,-0.200,-0.007,0.179,-0.077,2854,0,-136,136,36,15.100,305,305
124510,0.150,0.000,-0.000,-0.000,-0.640,0.034,0.767,-0.021,-0.200,-0.007,0.180,-0.076,2827,0,-136,137,36,15.100,305,305
124610,0.160,-0.000,-0.000,0.000,-0.639,0.034,0.768,-0.021,-0.200,-0.007,0.183,-0.075,2818,0,-137,137,36,15.110,305,305
124710,0.120,-0.000,-0.000,-0.000,-0.639,0.034,0.768,-0.021,-0.200,-0.007,0.184,-0.074,2819,0,-137,137,36,15.110,305,305
124810,0.120,0.000,-0.000,0.000,-0.639,0.034,0.768,-0.021,-0.200,-0.007,0.185,-0.075,2837,0,-137,137,36,15.110,305,305
124910,0.130,-0.000,-0.000,0.000,-0.638,0.034,0.769,-0.021,-0.200,-0.007,0.186,-0.075,2833,0,-137,138,36,15.100,305,305
125010,0.080,-0.000,-0.000,0.000,-0.638,0.035,0.769,-0.021,-0.200,-0.007,0.185,-0.077,2855,0,-137,137,36,15.100,305,305
125110,0.110,-0.000,0.000,0.000,-0.637,0.036,0.769,-0.020,-0.200,-0.007,0.188,-0.076,2842,0,-137,138,36,15.110,305,305
125210,0.000,0.000,-0.000,0.000,-0.637,0.036,0.770,-0.021,-0.200,-0.007,0.189,-0.077,2845,0,-138,138,36,15.110,305,305
125310,0.180,0.000,-0.002,-0.000,-0.635,0.036,0.771,-0.021,-0.200,-0.007,0.194,-0.077,2835,0,-139,140,36,15.110,305,305
125410,0.280,0.000,0.000,-0.000,-0.633,0.034,0.773,-0.020,-0.200,-0.007,0.199,-0.074,2802,0,-140,140,36,15.110,305,305
125510,0.060,-0.001,0.002,0.001,-0.635,0.034,0.771,-0.020,-0.200,-0.007,0.193,-0.074,2822,0,-138,138,36,15.110,305,305
125610,-0.020,0.000,0.001,0.001,-0.638,0.038,0.769,-0.022,-0.200,-0.008,0.186,-0.082,2930,0,-136,137,36,15.110,305,305
125710,0.010,0.000,-0.000,-0.001,-0.639,0.038,0.768,-0.023,-0.200,-0.008,0.184,-0.083,2910,0,-136,137,36,15.110,305,305
125810,0.040,0.001,-0.000,-0.000,-0.638,0.037,0.769,-0.023,-0.200,-0.008,0.186,-0.081,2865,0,-137,138,36,15.110,305,305
125910,0.150,0.000,-0.001,-0.000,-0.637,0.035,0.770,-0.023,-0.200,-0.008,0.189,-0.079,2844,0,-138,138,36,15.110,305,305
126010,0.220,-0.000,-0.000,-0.000,-0.636,0.035,0.771,-0.022,-0.200,-0.008,0.191,-0.079,2844,0,-138,139,36,15.110,305,305
126110,0.150,0.000,0.000,0.000,-0.636,0.035,0.770,-0.022,-0.200,-0.008,0.191,-0.079,2855,0,-138,138,36,15.110,305,305
126210,0.090,0.001,-0.000,-0.000,-0.637,0.035,0.770,-0.023,-0.200,-0.007,0.189,-0.079,2853,0,-138,138,36,15.110,305,305
126310,0.120,-0.001,-0.001,-0.001,-0.635,0.033,0.771,-0.022,-0.200,-0.007,0.194,-0.076,2807,0,-139,139,36,15.110,305,305
126410,0.120,-0.000,0.000,0.000,-0.634,0.033,0.772,-0.020,-0.200,-0.007,0.196,-0.072,2775,0,-139,140,36,15.110,305,305
126510,0.090,-0.000,-0.000,0.001,-0.633,0.034,0.773,-0.021,-0.200,-0.007,0.198,-0.075,2842,0,-140,140,36,15.110,305,305
126610,0.180,0.000,-0.001,-0.000,-0.632,0.035,0.774,-0.021,-0.200,-0.008,0.201,-0.076,2838,0,-140,141,36,15.100,305,305
126710,0.110,0.000,-0.000,-0.000,-0.632,0.034,0.774,-0.021,-0.200,-0.008,0.202,-0.075,2830,0,-140,141,36,15.100,305,305
126810,0.120,0.000,0.000,0.001,-0.631,0.034,0.774,-0.021,-0.200,-0.008,0.203,-0.076,2844,0,-140,141,36,15.110,305,305
126910,0.110,0.000,0.000,0.000,-0.631,0.034,0.775,-0.022,-0.200,-0.008,0.204,-0.077,2852,0,-140,141,36,15.110,305,305
127010,0.040,-0.000,-0.000,0.000,-0.631,0.034,0.775,-0.022,-0.200,-0.008,0.204,-0.076,2836,0,-141,141,36,15.110,305,305
127111,0.100,0.000,-0.000,0.000,-0.630,0.035,0.776,-0.022,-0.200,-0.008,0.207,-0.078,2859,0,-141,142,36,15.110,305,305
127211,0.140,0.000,-0.000,0.000,-0.629,0.035,0.776,-0.023,-0.200,-0.008,0.209,-0.080,2889,0,-142,142,36,15.110,305,305
127311,0.240,0.000,0.000,-0.001,-0.629,0.034,0.777,-0.024,-0.200,-0.008,0.210,-0.080,2861,0,-142,142,36,15.100,305,305
127411,0.130,0.000,-0.000,0.000,-0.630,0.034,0.776,-0.023,-0.200,-0.008,0.208,-0.078,2835,0,-141,142,36,15.100,305,305
127511,0.090,-0.000,0.000,0.001,-0.630,0.035,0.776,-0.024,-0.200,-0.008,0.207,-0.081,2898,0,-141,142,36,15.100,305,305
127611,0.080,-0.000,-0.000,-0.000,-0.630,0.037,0.775,-0.026,-0.200,-0.009,0.207,-0.086,2944,0,-141,142,36,15.100,305,305
127711,0.110,0.000,0.000,-0.000,-0.629,0.036,0.776,-0.025,-0.200,-0.009,0.209,-0.083,2881,0,-141,142,36,15.100,305,305
127811,0.040,0.000,-0.000,0.000,-0.629,0.035,0.776,-0.025,-0.200,-0.009,0.210,-0.083,2878,0,-142,142,36,15.100,305,305
127911,0.170,0.000,-0.001,0.001,-0.629,0.036,0.776,-0.026,-0.200,-0.009,0.209,-0.084,2911,0,-142,142,36,15.100,305,305
128011,0.150,-0.000,0.000,0.000,-0.628,0.037,0.776,-0.027,-0.200,-0.009,0.210,-0.089,2959,0,-142,142,36,15.100,305,305
128111,-0.110,0.000,-0.001,0.000,-0.629,0.038,0.776,-0.027,-0.200,-0.009,0.210,-0.089,2941,0,-142,142,36,15.100,305,305
128211,0.090,-0.000,-0.001,-0.001,-0.627,0.038,0.778,-0.027,-0.200,-0.010,0.215,-0.089,2931,0,-143,144,36,15.100,305,305
128311,0.340,0.000,0.000,-0.002,-0.625,0.035,0.780,-0.027,-0.200,-0.009,0.220,-0.085,2859,0,-144,145,36,15.100,305,305
128411,0.120,0.000,0.004,-0.001,-0.628,0.031,0.777,-0.025,-0.200,-0.008,0.212,-0.077,2774,0,-141,142,36,15.100,305,305
128511,0.050,0.002,0.003,-0.000,-0.635,0.026,0.771,-0.025,-0.200,-0.007,0.193,-0.072,2743,0,-136,137,36,15.100,305,305
128611,-0.040,0.001,0.000,-0.001,-0.640,0.023,0.767,-0.025,-0.200,-0.006,0.180,-0.068,2711,0,-135,135,36,15.100,305,305
128711,0.040,0.000,0.002,-0.001,-0.642,0.021,0.766,-0.024,-0.200,-0.006,0.176,-0.064,2696,0,-134,135,36,15.100,305,305
128811,0.160,0.000,-0.000,-0.003,-0.644,0.018,0.764,-0.021,-0.200,-0.005,0.170,-0.055,2579,0,-133,134,36,15.100,305,305
128911,0.310,0.001,-0.000,0.001,-0.644,0.015,0.764,-0.021,-0.200,-0.004,0.170,-0.052,2618,0,-134,134,36,15.100,305,305
129011,0.060,0.001,-0.001,0.000,-0.641,0.015,0.767,-0.023,-0.200,-0.005,0.178,-0.055,2691,0,-136,137,36,15.100,305,305
129111,0.030,-0.001,0.001,-0.002,-0.641,0.013,0.767,-0.021,-0.200,-0.004,0.178,-0.048,2561,0,-135,136,36,15.100,305,305
129211,0.030,-0.001,0.001,-0.002,-0.643,0.010,0.766,-0.015,-0.200,-0.003,0.173,-0.036,2407,0,-134,134,36,15.100,305,305
129311,0.080,-0.001,0.005,0.000,-0.647,0.010,0.763,-0.012,-0.200,-0.002,0.164,-0.030,2401,0,-131,131,36,15.100,305,305
129411,0.130,0.000,0.008,0.003,-0.659,0.013,0.752,-0.013,-0.200,-0.002,0.132,-0.036,2569,0,-122,123,36,15.100,305,305
129511,0.170,0.000,-0.004,0.000,-0.668,0.016,0.744,-0.018,-0.200,-0.003,0.107,-0.048,2731,0,-120,121,36,15.100,305,305
129611,0.160,0.000,-0.012,-0.001,-0.653,0.014,0.757,-0.019,-0.200,-0.003,0.146,-0.047,2643,0,-134,134,36,15.100,305,305
129711,0.270,0.001,0.000,-0.004,-0.636,0.006,0.772,-0.016,-0.200,-0.003,0.192,-0.032,2366,0,-141,142,36,15.100,305,305
129811,0.810,0.002,-0.000,0.001,-0.639,-0.003,0.769,-0.015,-0.200,-0.002,0.183,-0.019,2258,0,-136,137,36,15.100,305,305
129911,0.100,-0.002,0.007,0.001,-0.648,-0.004,0.762,-0.021,-0.200,-0.002,0.161,-0.026,2460,0,-129,129,36,15.100,305,305
130011,-0.390,0.000,-0.003,-0.001,-0.655,-0.004,0.755,-0.022,-0.200,-0.002,0.142,-0.028,2527,0,-127,128,36,15.100,305,305
130111,-0.060,0.001,-0.008,0.000,-0.636,-0.008,0.772,-0.024,-0.200,-0.003,0.192,-0.027,2478,0,-143,144,36,15.100,305,305
130211,0.330,0.000,0.004,0.000,-0.636,-0.010,0.771,-0.027,-0.200,-0.003,0.189,-0.028,2488,0,-137,136,36,15.100,305,305
130311,-0.020,0.000,0.003,0.003,-0.641,-0.009,0.767,-0.030,-0.200,-0.003,0.177,-0.035,2604,0,-134,134,36,15.100,305,305
130411,0.160,-0.001,-0.001,0.002,-0.644,-0.002,0.764,-0.034,-0.200,-0.004,0.168,-0.050,2790,0,-133,133,36,15.100,305,305
130511,0.470,-0.000,0.001,-0.003,-0.644,-0.003,0.764,-0.036,-0.200,-0.004,0.168,-0.051,2690,0,-133,133,36,15.100,305,305
130611,-0.060,-0.001,0.002,-0.000,-0.647,-0.006,0.761,-0.034,-0.200,-0.004,0.160,-0.043,2559,0,-131,131,36,15.100,305,305
130711,-0.230,0.000,-0.001,0.003,-0.650,-0.004,0.759,-0.034,-0.200,-0.004,0.154,-0.047,2681,0,-130,131,36,15.110,305,305
130811,0.600,0.003,0.002,0.001,-0.650,-0.003,0.758,-0.045,-0.200,-0.005,0.151,-0.064,2891,0,-129,130,36,15.110,305,305
130911,0.630,-0.004,-0.001,-0.004,-0.652,-0.007,0.756,-0.046,-0.200,-0.004,0.145,-0.059,2702,0,-129,129,37,15.110,305,305
131011,0.020,-0.006,-0.003,-0.006,-0.648,-0.008,0.761,-0.022,-0.200,-0.002,0.159,-0.023,2061,0,-133,134,37,15.110,305,305
131111,-0.150,0.001,0.002,-0.002,-0.650,-0.011,0.760,-0.011,-0.200,-0.000,0.156,-0.001,1963,0,-130,131,37,15.110,305,305
131211,0.030,-0.002,-0.001,-0.001,-0.652,-0.016,0.758,-0.010,-0.200,0.000,0.151,0.005,1987,0,-130,130,36,15.110,305,305
131311,-0.050,-0.001,-0.002,-0.001,-0.649,-0.014,0.761,-0.004,-0.200,0.001,0.158,0.013,1944,0,-132,133,36,15.110,305,305
131411,-0.030,0.001,0.001,0.001,-0.647,-0.014,0.763,-0.003,-0.200,0.001,0.164,0.014,2019,0,-133,133,36,15.110,305,305
131511,0.220,0.001,-0.002,0.002,-0.645,-0.013,0.764,-0.008,-0.200,0.000,0.169,0.004,2238,0,-134,135,36,15.110,305,305
131611,0.240,-0.000,0.003,0.001,-0.645,-0.010,0.764,-0.014,-0.200,-0.001,0.167,-0.008,2407,0,-133,133,36,15.110,305,305
131711,-0.160,-0.003,-0.000,0.001,-0.648,-0.007,0.762,-0.013,-0.200,-0.001,0.161,-0.011,2371,0,-132,132,36,15.110,305,305
131811,0.210,0.001,0.002,0.003,-0.650,0.002,0.759,-0.016,-0.200,-0.002,0.154,-0.026,2623,0,-129,130,36,15.110,305,305
131911,0.140,0.001,0.001,0.002,-0.654,0.008,0.756,-0.023,-0.200,-0.003,0.144,-0.045,2810,0,-128,128,36,15.090,305,305
132011,0.140,-0.002,-0.002,0.001,-0.653,0.012,0.757,-0.024,-0.200,-0.004,0.148,-0.052,2780,0,-130,130,36,15.090,305,305
132111,0.160,0.001,-0.001,-0.000,-0.651,0.011,0.759,-0.023,-0.200,-0.004,0.153,-0.050,2673,0,-131,132,36,15.090,305,305
132211,-0.470,0.005,0.001,0.001,-0.649,0.006,0.760,-0.029,-0.200,-0.004,0.157,-0.053,2734,0,-131,132,36,15.090,305,305
132311,0.300,-0.001,-0.001,-0.000,-0.650,0.006,0.759,-0.034,-0.200,-0.005,0.153,-0.059,2758,0,-131,131,36,15.090,305,305
132411,0.100,0.000,0.002,0.002,-0.651,0.009,0.758,-0.035,-0.200,-0.005,0.150,-0.064,2822,0,-129,130,36,15.080,2941,967
132511,-0.230,0.000,0.000,0.001,-0.654,0.010,0.755,-0.039,-0.200,-0.005,0.141,-0.072,2901,0,-127,128,36,15.080,2941,967
132611,-0.090,-0.002,-0.001,-0.001,-0.653,0.012,0.756,-0.037,-0.200,-0.005,0.145,-0.073,2839,0,-129,130,36,15.100,2880,1161
132711,-0.060,0.002,-0.002,-0.000,-0.651,0.013,0.759,-0.034,-0.200,-0.005,0.152,-0.069,2775,0,-131,132,36,15.100,2880,1161
132811,-0.070,0.001,-0.000,0.000,-0.648,0.009,0.760,-0.039,-0.200,-0.006,0.158,-0.071,2813,0,-132,132,36,15.100,2880,1161
132911,0.010,-0.000,-0.002,-0.002,-0.645,0.007,0.764,-0.038,-0.200,-0.006,0.167,-0.066,2722,0,-134,135,36,15.090,2808,544
133011,-0.110,-0.001,-0.002,-0.000,-0.640,0.005,0.767,-0.035,0.000,-0.005,0.178,-0.060,2665,0,-137,137,36,15.090,2808,544
133111,0.140,0.001,0.001,0.002,-0.639,0.005,0.768,-0.039,0.000,-0.006,0.180,-0.067,2817,0,-136,136,37,15.100,2753,1108
133211,0.340,-0.002,-0.000,-0.001,-0.638,0.006,0.769,-0.040,0.000,-0.006,0.184,-0.069,2801,0,-137,137,37,15.100,2753,1108
133311,0.170,-0.000,-0.000,-0.001,-0.637,0.004,0.770,-0.037,0.000,-0.006,0.187,-0.063,2694,0,-137,138,37,15.100,2753,1108
133411,0.120,-0.001,-0.001,-0.000,-0.634,0.005,0.772,-0.032,0.000,-0.005,0.194,-0.056,2621,0,-139,140,36,15.110,2693,611
133511,0.390,0.001,0.000,0.002,-0.636,0.006,0.771,-0.037,0.000,-0.006,0.190,-0.064,2801,0,-137,138,36,15.110,2693,611
133611,0.170,-0.000,-0.001,-0.001,-0.634,0.007,0.772,-0.038,1.000,-0.007,0.194,-0.067,3052,0,-139,140,36,15.090,2873,596
133711,0.160,-0.002,0.000,-0.001,-0.633,0.005,0.773,-0.034,1.000,-0.006,0.197,-0.060,3563,0,-139,140,36,15.090,2873,596
133811,0.140,0.000,0.002,-0.002,-0.636,0.004,0.771,-0.029,1.000,-0.005,0.191,-0.050,3972,1665,-137,138,36,15.090,2873,596
133911,0.100,0.001,0.002,-0.001,-0.640,0.001,0.768,-0.028,1.000,-0.004,0.180,-0.045,4499,2753,-134,135,37,15.090,4019,2162
134011,-0.470,-0.000,0.001,-0.002,-0.643,-0.001,0.766,-0.027,1.000,-0.003,0.173,-0.039,5062,3653,-134,134,37,15.090,4019,2162
134111,0.130,0.000,-0.000,-0.002,-0.643,-0.006,0.766,-0.024,1.000,-0.003,0.173,-0.029,5477,4348,-134,135,36,15.080,5330,4084
134211,-0.230,0.001,-0.000,-0.002,-0.643,-0.012,0.765,-0.023,1.000,-0.002,0.173,-0.019,5779,4823,-134,135,36,15.080,5330,4084
134311,-0.200,0.001,-0.000,-0.002,-0.642,-0.018,0.766,-0.021,1.000,-0.001,0.175,-0.009,6087,5268,-135,135,36,15.080,5330,4084
134411,0.120,0.001,0.000,-0.000,-0.641,-0.022,0.767,-0.021,1.000,-0.000,0.177,-0.004,6532,5752,-135,136,37,15.090,6127,5319
134511,-0.030,-0.001,-0.001,0.001,-0.641,-0.021,0.767,-0.021,1.000,-0.001,0.177,-0.006,6875,6081,-135,136,37,15.090,6127,5319
134611,0.070,-0.000,0.001,0.001,-0.642,-0.017,0.766,-0.020,1.000,-0.001,0.176,-0.008,7174,6376,-135,135,36,15.080,7082,6250
134711,-0.150,-0.001,0.001,-0.000,-0.643,-0.016,0.766,-0.019,1.000,-0.001,0.174,-0.009,7482,6722,-134,135,36,15.080,7082,6250
134811,0.080,0.000,0.000,-0.001,-0.643,-0.016,0.765,-0.019,1.000,-0.001,0.173,-0.008,7798,7095,-134,135,36,15.080,7082,6250
134911,-0.070,0.000,-0.000,-0.001,-0.643,-0.019,0.765,-0.019,1.000,-0.000,0.172,-0.005,8045,7396,-134,135,36,15.060,7812,7142
135011,-0.020,0.000,0.001,-0.000,-0.644,-0.021,0.765,-0.019,1.000,-0.000,0.170,-0.002,8331,7721,-134,134,36,15.060,7812,7142
135111,0.000,0.001,0.002,0.001,-0.646,-0.021,0.763,-0.020,1.000,-0.000,0.166,-0.004,8613,7985,-132,133,36,15.060,7812,7142
135211,0.270,-0.000,0.000,-0.000,-0.647,-0.020,0.762,-0.021,1.000,-0.000,0.162,-0.006,8879,8260,-132,132,37,15.060,8532,7911
135311,0.100,0.000,-0.000,-0.000,-0.648,-0.021,0.761,-0.021,1.000,-0.000,0.160,-0.005,9084,8494,-132,132,37,15.060,8532,7911
135411,-0.020,-0.000,0.000,0.000,-0.649,-0.021,0.760,-0.021,1.000,-0.000,0.158,-0.004,9357,8787,-131,132,36,15.050,9191,8620
135511,0.160,0.001,-0.001,-0.000,-0.649,-0.021,0.760,-0.022,1.000,-0.000,0.157,-0.005,9610,9048,-131,132,36,15.050,9191,8620
135611,0.200,0.001,-0.000,0.000,-0.648,-0.023,0.761,-0.022,1.000,-0.000,0.161,-0.004,9851,9314,-132,133,36,15.050,9191,8620
135711,0.340,0.000,-0.000,0.000,-0.647,-0.023,0.762,-0.023,1.000,-0.000,0.163,-0.004,10024,9493,-133,133,37,15.060,9803,9259
135811,0.100,-0.000,-0.000,0.000,-0.647,-0.023,0.762,-0.023,1.000,-0.000,0.163,-0.006,10233,9702,-132,133,37,15.060,9803,9259
135911,0.000,0.000,0.000,0.000,-0.647,-0.022,0.762,-0.024,1.000,-0.001,0.162,-0.008,10483,9947,-132,132,37,15.050,10309,9803
136011,0.280,-0.001,-0.000,0.000,-0.646,-0.021,0.763,-0.024,1.000,-0.001,0.164,-0.009,10695,10172,-133,133,37,15.050,10309,9803
136111,0.040,0.000,0.001,0.000,-0.647,-0.020,0.762,-0.024,1.000,-0.001,0.163,-0.010,10859,10343,-132,133,37,15.050,10309,9803
136211,0.180,-0.000,0.000,-0.001,-0.648,-0.020,0.761,-0.023,1.000,-0.001,0.161,-0.008,11033,10547,-132,132,37,15.050,10869,10309
136311,0.030,0.001,0.001,-0.001,-0.649,-0.023,0.760,-0.022,1.000,-0.000,0.158,-0.003,11227,10785,-131,131,37,15.050,10869,10309
136411,-0.030,0.001,0.001,-0.000,-0.649,-0.025,0.760,-0.022,1.000,-0.000,0.156,-0.000,11488,11057,-131,131,37,15.030,11389,10940
136511,0.080,-0.000,-0.000,0.001,-0.650,-0.025,0.759,-0.023,1.000,-0.000,0.154,-0.002,11682,11236,-130,131,37,15.030,11389,10940
136611,0.000,-0.000,0.000,-0.000,-0.650,-0.024,0.759,-0.023,1.000,-0.000,0.154,-0.004,11870,11424,-130,131,37,15.030,11389,10940
136711,0.130,0.000,0.000,-0.000,-0.650,-0.024,0.759,-0.021,1.000,-0.000,0.155,-0.001,12050,11633,-131,131,37,15.030,11848,11441
136811,0.140,-0.000,-0.001,-0.000,-0.650,-0.025,0.759,-0.021,1.000,0.000,0.154,0.001,12227,11826,-131,131,37,15.030,11848,11441
136911,0.110,0.000,0.000,-0.000,-0.651,-0.026,0.759,-0.021,1.000,0.000,0.153,0.002,12395,12001,-130,131,37,15.030,12345,11961
137011,0.100,-0.000,-0.000,-0.000,-0.650,-0.027,0.759,-0.020,1.000,0.000,0.154,0.003,12580,12198,-131,131,37,15.030,12345,11961
137111,0.110,0.000,-0.000,0.000,-0.650,-0.027,0.759,-0.021,1.000,0.000,0.154,0.004,12765,12388,-131,131,37,15.030,12345,11961
137211,0.090,-0.000,-0.000,0.000,-0.651,-0.027,0.759,-0.022,1.000,0.000,0.153,0.002,12973,12588,-130,131,37,15.020,12886,12468
137311,0.120,0.000,-0.000,0.000,-0.651,-0.026,0.759,-0.022,1.000,0.000,0.153,0.000,13128,12742,-130,131,37,15.020,12886,12468
137411,0.070,-0.000,-0.001,-0.000,-0.650,-0.026,0.759,-0.023,1.000,-0.000,0.154,-0.001,13290,12905,-131,131,37,15.020,12886,12468
137511,0.160,0.000,0.000,0.000,-0.650,-0.026,0.759,-0.024,1.000,-0.000,0.153,-0.002,13457,13072,-130,131,37,15.010,13262,12953
137611,0.060,-0.000,0.000,0.001,-0.650,-0.025,0.759,-0.024,1.000,-0.000,0.153,-0.004,13624,13230,-130,131,37,15.010,13262,12953
137711,0.030,-0.000,0.000,-0.000,-0.652,-0.025,0.758,-0.025,1.000,-0.000,0.150,-0.005,13760,13372,-129,130,37,15.010,13262,12953
137811,0.170,-0.001,0.000,0.000,-0.652,-0.024,0.757,-0.024,1.000,-0.000,0.148,-0.005,13916,13537,-129,130,37,15.010,13736,13333
137911,0.110,-0.000,0.001,0.001,-0.655,-0.023,0.755,-0.024,1.000,-0.000,0.142,-0.007,14085,13697,-127,128,37,15.010,13736,13333
138011,0.000,-0.000,0.001,-0.000,-0.656,-0.021,0.754,-0.024,1.000,-0.001,0.139,-0.007,14265,13885,-127,128,37,15.020,14124,13698
138111,0.240,0.000,0.001,-0.000,-0.658,-0.022,0.753,-0.024,1.000,-0.000,0.134,-0.007,14422,14050,-126,126,37,15.020,14124,13698
138211,-0.210,-0.000,0.002,0.000,-0.661,-0.023,0.750,-0.025,0.784,-0.000,0.126,-0.007,14581,14212,-124,125,37,15.020,14124,13698
138311,0.030,0.001,0.002,-0.001,-0.664,-0.023,0.747,-0.026,0.000,-0.000,0.117,-0.007,14569,14202,-122,123,37,14.980,14577,14164
138411,0.280,-0.001,0.001,-0.001,-0.666,-0.025,0.745,-0.022,0.000,-0.000,0.112,-0.000,14517,14191,-121,122,37,14.980,14577,14164
138511,-0.020,0.000,0.002,0.000,-0.669,-0.025,0.742,-0.021,0.635,0.000,0.103,0.003,14519,14193,-119,120,37,14.980,14577,14164
138611,-0.260,0.002,0.006,0.002,-0.677,-0.025,0.735,-0.028,1.000,-0.000,0.082,-0.006,14717,14334,-113,114,37,14.980,14577,14164
138711,-0.030,0.001,0.003,0.001,-0.686,-0.024,0.727,-0.033,1.000,-0.000,0.058,-0.015,14895,14483,-109,110,37,14.980,14577,14164
138811,0.170,-0.000,0.001,-0.000,-0.689,-0.023,0.724,-0.034,1.000,-0.000,0.048,-0.017,15033,14632,-108,109,37,14.980,14749,14492
138911,0.200,0.002,0.002,-0.000,-0.693,-0.025,0.720,-0.035,1.000,-0.000,0.038,-0.017,15155,14772,-106,107,37,14.980,14749,14492
139011,0.040,0.004,0.001,-0.000,-0.696,-0.032,0.716,-0.042,1.000,-0.000,0.028,-0.016,15306,14934,-104,105,38,14.980,15105,14836
139111,0.330,-0.002,-0.003,0.001,-0.694,-0.032,0.718,-0.046,1.000,-0.000,0.033,-0.021,15462,15064,-107,108,38,14.980,15105,14836
139211,0.330,-0.002,-0.002,0.001,-0.687,-0.026,0.725,-0.042,1.000,-0.001,0.054,-0.025,15613,15205,-112,113,38,14.980,15105,14836
139311,0.110,0.002,-0.002,-0.001,-0.682,-0.026,0.730,-0.042,1.000,-0.001,0.067,-0.025,15729,15340,-115,115,37,14.910,15576,15243
139411,-0.020,-0.000,-0.003,-0.002,-0.678,-0.031,0.733,-0.041,1.000,-0.001,0.077,-0.018,15833,15486,-117,117,37,14.910,15576,15243
139511,0.130,-0.001,-0.000,-0.000,-0.674,-0.031,0.737,-0.037,1.000,-0.001,0.088,-0.012,15977,15652,-118,119,37,14.960,15822,15576
139611,0.130,0.001,0.001,0.001,-0.676,-0.031,0.735,-0.039,0.820,-0.001,0.083,-0.016,16135,15775,-116,116,37,14.960,15822,15576
139711,0.050,-0.001,-0.001,0.001,-0.677,-0.028,0.734,-0.041,0.659,-0.001,0.081,-0.022,16206,15821,-116,116,37,14.960,15822,15576
139811,-0.170,-0.000,0.000,-0.001,-0.675,-0.027,0.736,-0.040,0.494,-0.001,0.086,-0.023,16277,15903,-117,118,38,14.950,16181,15873
139911,0.150,-0.000,0.000,-0.001,-0.676,-0.029,0.735,-0.040,0.357,-0.001,0.083,-0.020,16298,15946,-116,117,38,14.950,16181,15873
140011,-0.120,-0.000,0.000,0.000,-0.676,-0.030,0.735,-0.039,0.000,-0.001,0.083,-0.017,16297,15952,-116,117,38,14.980,16286,15974
140111,-0.040,0.002,-0.001,0.000,-0.675,-0.031,0.736,-0.042,0.000,-0.001,0.085,-0.019,16283,15924,-117,118,38,14.980,16286,15974
140211,0.120,0.000,0.000,-0.000,-0.675,-0.032,0.736,-0.043,0.082,-0.001,0.086,-0.019,16264,15906,-117,117,38,14.980,16286,15974
140311,-0.080,0.000,0.001,0.001,-0.675,-0.032,0.736,-0.043,1.000,-0.001,0.085,-0.020,16408,16044,-116,117,38,14.950,16339,16025
140411,-0.240,-0.000,0.000,0.001,-0.676,-0.030,0.735,-0.044,1.000,-0.001,0.081,-0.024,16553,16178,-116,116,38,14.950,16339,16025
140511,-0.140,-0.000,0.001,-0.000,-0.677,-0.029,0.734,-0.044,1.000,-0.001,0.079,-0.025,16692,16326,-115,116,38,14.950,16339,16025
140611,-0.090,0.001,-0.001,-0.000,-0.676,-0.031,0.735,-0.044,0.000,-0.001,0.082,-0.022,16755,16404,-117,117,38,14.930,16611,16339
140711,0.140,-0.000,-0.000,0.000,-0.675,-0.032,0.736,-0.044,0.000,-0.001,0.086,-0.023,16745,16388,-117,118,38,14.930,16611,16339
140812,-0.140,0.002,0.000,0.000,-0.674,-0.033,0.737,-0.046,0.000,-0.001,0.089,-0.023,16753,16394,-118,118,38,14.930,16611,16339
140911,0.380,0.000,0.003,0.001,-0.678,-0.034,0.733,-0.051,0.000,-0.001,0.076,-0.030,16738,16344,-114,114,38,14.940,16666,16339
141012,0.040,-0.001,0.002,0.000,-0.683,-0.030,0.728,-0.052,0.000,-0.001,0.061,-0.034,16741,16339,-110,111,38,14.940,16666,16339
141112,-0.290,-0.002,-0.001,-0.002,-0.684,-0.032,0.727,-0.046,0.000,-0.001,0.060,-0.024,16712,16377,-112,112,38,14.930,16778,16339
141212,0.150,0.004,0.001,-0.000,-0.684,-0.036,0.727,-0.045,0.000,-0.000,0.061,-0.016,16689,16374,-111,112,38,14.930,16778,16339
141312,0.000,0.004,0.004,-0.004,-0.689,-0.049,0.721,-0.051,0.000,-0.000,0.044,-0.007,16669,16395,-107,107,38,14.930,16778,16339
141412,-0.060,-0.005,0.006,-0.006,-0.696,-0.054,0.715,-0.038,0.000,0.000,0.027,0.021,16622,16465,-103,103,38,14.930,16778,16447
141512,0.060,-0.003,0.003,-0.005,-0.710,-0.058,0.702,-0.020,0.000,-0.000,-0.008,0.053,16571,16533,-95,96,38,14.930,16778,16447
141612,-0.100,-0.000,0.007,0.000,-0.718,-0.059,0.693,-0.014,0.000,-0.001,-0.033,0.066,16583,16549,-90,90,38,14.920,16611,16556
141712,0.100,-0.003,0.012,0.000,-0.739,-0.053,0.671,-0.008,0.000,-0.003,-0.093,0.067,16578,16531,-74,74,38,14.920,16611,16556
141812,0.740,-0.001,0.006,-0.001,-0.756,-0.055,0.652,-0.010,0.000,-0.005,-0.143,0.070,16527,16504,-65,66,38,14.920,16611,16556
141912,0.390,0.001,0.004,0.003,-0.762,-0.055,0.645,-0.014,0.000,-0.006,-0.162,0.067,16488,16453,-63,63,38,14.930,16556,16501
142012,-0.030,0.001,0.004,0.004,-0.769,-0.050,0.636,-0.021,0.000,-0.005,-0.186,0.050,16470,16373,-57,58,38,14.930,16556,16501
142112,-0.880,0.002,0.007,0.004,-0.777,-0.046,0.626,-0.031,0.000,-0.004,-0.212,0.033,16498,16361,-50,51,38,14.940,16447,16447
142212,-0.350,-0.001,0.006,0.001,-0.790,-0.042,0.610,-0.038,0.000,-0.002,-0.254,0.019,16519,16365,-40,41,38,14.940,16447,16447
142312,0.010,-0.003,-0.001,-0.000,-0.794,-0.038,0.606,-0.038,0.000,-0.002,-0.265,0.014,16502,16363,-40,40,38,14.940,16447,16447
142412,-0.600,-0.001,-0.005,-0.000,-0.789,-0.036,0.613,-0.036,0.000,-0.002,-0.248,0.013,16553,16435,-44,45,38,14.920,16393,16339
142512,0.050,-0.001,-0.000,0.001,-0.785,-0.036,0.618,-0.035,0.000,-0.002,-0.235,0.014,16556,16453,-45,45,38,14.920,16393,16339
142612,0.400,-0.001,-0.013,0.000,-0.775,-0.032,0.631,-0.031,0.000,-0.001,-0.203,0.010,16562,16448,-55,55,38,14.920,16393,16339
142712,-0.010,0.001,-0.018,-0.001,-0.744,-0.034,0.667,-0.028,0.000,-0.001,-0.109,0.013,16556,16477,-78,78,38,14.920,16556,16501
142812,-0.610,0.000,-0.008,-0.003,-0.721,-0.037,0.692,-0.019,0.000,-0.001,-0.040,0.026,16552,16543,-88,88,38,14.920,16556,16501
142912,0.240,0.003,-0.001,-0.002,-0.715,-0.043,0.698,-0.017,0.000,-0.000,-0.022,0.038,16549,16581,-86,87,38,14.930,16556,16556
143012,0.200,0.004,0.006,-0.001,-0.718,-0.051,0.694,-0.018,0.000,-0.001,-0.030,0.048,16534,16605,-81,81,38,14.930,16556,16556
143112,0.270,0.001,0.016,0.001,-0.737,-0.053,0.673,-0.025,0.000,-0.002,-0.088,0.046,16503,16551,-64,64,38,14.930,16556,16556
143212,0.160,0.000,0.014,0.001,-0.768,-0.052,0.638,-0.033,0.000,-0.003,-0.182,0.037,16512,16530,-42,43,38,14.920,16501,16556
143310,-0.240,-0.001,0.007,0.000,-0.783,-0.047,0.619,-0.037,0.000,-0.003,-0.232,0.028,16534,16530,-35,35,38,14.920,16501,16556
143412,-0.340,-0.003,0.004,-0.002,-0.793,-0.045,0.606,-0.034,0.000,-0.004,-0.264,0.029,16551,16584,-29,30,39,14.920,16556,16556
143512,-0.130,-0.002,0.002,-0.000,-0.799,-0.041,0.599,-0.028,0.000,-0.005,-0.283,0.031,16560,16616,-25,26,39,14.920,16556,16556
143612,-0.110,0.002,-0.001,0.003,-0.800,-0.039,0.598,-0.031,0.000,-0.003,-0.284,0.024,16574,16596,-25,26,39,14.920,16556,16556
143710,-0.070,0.000,0.001,0.001,-0.799,-0.037,0.599,-0.039,0.000,-0.002,-0.282,0.013,16587,16582,-25,25,39,14.910,16556,16611
143812,-0.140,0.000,0.001,0.001,-0.800,-0.034,0.598,-0.039,0.000,-0.001,-0.286,0.009,16593,16589,-22,23,39,14.910,16556,16611
143912,-0.010,-0.000,0.001,-0.001,-0.802,-0.035,0.594,-0.039,0.000,-0.002,-0.294,0.011,16600,16629,-18,19,39,14.910,16556,16666
144011,0.170,-0.001,0.000,-0.001,-0.804,-0.034,0.593,-0.035,0.000,-0.002,-0.298,0.013,16587,16632,-17,17,39,14.910,16556,16666
144111,-0.030,-0.001,0.002,-0.001,-0.805,-0.032,0.591,-0.031,0.000,-0.002,-0.302,0.014,16574,16628,-14,15,39,14.910,16556,16666
144212,0.010,-0.000,0.003,-0.001,-0.808,-0.033,0.587,-0.030,0.000,-0.003,-0.312,0.018,16553,16627,-10,10,38,14.910,16611,16611
144312,-0.090,-0.000,0.006,-0.001,-0.815,-0.033,0.578,-0.026,0.000,-0.004,-0.335,0.023,16541,16644,-2,3,38,14.910,16611,16611
144412,0.030,-0.000,0.004,0.000,-0.823,-0.032,0.566,-0.025,0.000,-0.005,-0.363,0.024,16567,16669,5,-4,39,14.900,16611,16666
144512,-0.600,-0.001,0.003,0.002,-0.829,-0.029,0.559,-0.027,0.000,-0.003,-0.381,0.017,16622,16686,10,-9,39,14.900,16611,16666
144612,-0.600,0.001,0.003,0.002,-0.832,-0.026,0.553,-0.034,0.000,-0.001,-0.394,0.006,16673,16701,14,-13,39,14.900,16611,16666
144712,0.200,0.001,0.001,0.001,-0.835,-0.026,0.548,-0.039,0.000,0.000,-0.406,-0.000,16669,16686,18,-17,39,14.900,16611,16722
144811,-0.250,0.000,-0.002,0.001,-0.834,-0.024,0.550,-0.043,0.000,0.001,-0.402,-0.006,16679,16684,17,-17,39,14.900,16611,16722
144912,-0.120,0.001,-0.004,0.000,-0.829,-0.025,0.557,-0.044,0.000,0.001,-0.386,-0.007,16684,16702,15,-15,39,14.910,16611,16611
145011,0.080,0.000,-0.004,-0.001,-0.823,-0.027,0.566,-0.044,0.000,0.001,-0.364,-0.005,16682,16716,12,-11,39,14.910,16611,16611
145111,0.150,0.000,-0.002,-0.001,-0.819,-0.030,0.572,-0.041,0.000,-0.000,-0.350,0.001,16695,16754,12,-11,39,14.910,16611,16611
145211,0.470,0.002,0.001,0.000,-0.818,-0.033,0.573,-0.042,0.000,-0.001,-0.346,0.005,16672,16742,14,-13,39,14.900,16666,16835
145311,0.080,0.001,0.009,0.001,-0.826,-0.035,0.561,-0.044,0.000,-0.002,-0.374,0.009,16667,16746,25,-25,39,14.900,16666,16835
145411,0.030,0.000,0.012,0.001,-0.842,-0.035,0.537,-0.048,0.000,-0.002,-0.432,0.008,16681,16750,42,-41,39,14.900,16666,16722
145511,-1.210,0.000,0.010,0.000,-0.857,-0.032,0.511,-0.051,0.000,-0.001,-0.490,0.003,16746,16792,55,-55,39,14.900,16666,16722
145611,0.110,0.001,0.007,-0.000,-0.869,-0.033,0.491,-0.053,0.000,-0.001,-0.535,0.005,16758,16824,65,-65,39,14.900,16666,16722
145711,0.140,-0.000,-0.001,-0.001,-0.871,-0.035,0.487,-0.052,0.000,-0.003,-0.544,0.009,16763,16852,66,-65,39,14.910,16778,16778
145811,0.290,-0.001,-0.000,0.000,-0.870,-0.034,0.490,-0.051,0.000,-0.002,-0.538,0.008,16772,16850,66,-66,39,14.910,16778,16778
145911,-0.230,-0.001,0.004,-0.001,-0.873,-0.032,0.485,-0.049,0.000,-0.002,-0.549,0.008,16824,16904,73,-73,39,14.900,16835,16835
146011,-0.200,0.000,0.005,-0.000,-0.879,-0.032,0.474,-0.050,0.000,-0.003,-0.573,0.008,16824,16908,82,-81,39,14.900,16835,16835
146111,-0.020,0.001,0.005,-0.002,-0.884,-0.034,0.463,-0.050,0.000,-0.004,-0.595,0.014,16861,16978,89,-89,39,14.900,16835,16835
146211,-0.370,0.000,0.000,-0.001,-0.888,-0.035,0.456,-0.048,0.000,-0.006,-0.610,0.018,16883,17012,94,-93,39,14.890,16891,16949
146311,-0.210,-0.000,-0.002,-0.000,-0.886,-0.034,0.461,-0.045,0.000,-0.006,-0.600,0.018,16905,17030,93,-92,39,14.890,16891,16949
146412,0.220,-0.001,-0.001,-0.000,-0.884,-0.032,0.464,-0.043,0.000,-0.005,-0.594,0.016,16908,17029,95,-94,39,14.880,16949,16949
146512,-0.120,0.000,-0.001,-0.001,-0.884,-0.033,0.465,-0.040,0.000,-0.006,-0.593,0.020,16927,17074,98,-97,39,14.880,16949,16949
146610,-0.110,0.000,-0.002,0.000,-0.882,-0.034,0.468,-0.039,0.000,-0.007,-0.586,0.023,16925,17088,99,-98,39,14.880,16949,16949
146710,-0.170,-0.000,-0.001,0.000,-0.880,-0.034,0.472,-0.040,0.000,-0.006,-0.578,0.021,16946,17100,100,-99,40,14.890,16891,17123
146811,0.000,-0.001,0.002,-0.001,-0.881,-0.033,0.471,-0.038,0.000,-0.007,-0.579,0.022,16954,17121,105,-104,40,14.890,16891,17123
146911,-0.190,-0.001,0.003,-0.000,-0.884,-0.034,0.465,-0.037,0.000,-0.007,-0.593,0.024,16973,17154,111,-111,40,14.890,16949,17123
147011,-0.040,-0.000,0.003,-0.000,-0.888,-0.033,0.458,-0.037,0.000,-0.007,-0.607,0.023,17002,17185,117,-117,40,14.890,16949,17123
147111,0.050,-0.000,0.004,0.000,-0.892,-0.032,0.449,-0.036,0.000,-0.007,-0.626,0.023,17017,17205,125,-124,40,14.890,17123,17182
147210,-0.430,-0.000,0.001,0.000,-0.896,-0.031,0.442,-0.037,0.000,-0.007,-0.642,0.022,17030,17224,130,-130,40,14.890,17123,17182
147311,-0.370,-0.000,-0.002,-0.000,-0.896,-0.031,0.442,-0.036,0.000,-0.008,-0.642,0.022,17056,17261,132,-131,40,14.890,17123,17182
147411,0.100,-0.000,-0.000,-0.000,-0.895,-0.030,0.444,-0.035,0.000,-0.007,-0.638,0.022,17063,17272,134,-133,40,14.890,17064,17241
147510,-0.200,-0.000,-0.001,-0.000,-0.895,-0.030,0.444,-0.035,0.000,-0.007,-0.638,0.022,17103,17320,138,-137,40,14.890,17064,17241
147611,-0.160,0.000,-0.001,0.000,-0.894,-0.031,0.446,-0.035,0.000,-0.007,-0.632,0.022,17134,17361,139,-138,40,14.890,17182,17482
147712,-0.010,0.000,-0.000,0.000,-0.893,-0.031,0.447,-0.035,0.000,-0.008,-0.631,0.023,17137,17374,143,-142,40,14.890,17182,17482
147811,-0.160,0.000,-0.001,-0.001,-0.893,-0.032,0.448,-0.035,0.000,-0.008,-0.628,0.024,17170,17418,145,-144,40,14.890,17182,17482
147911,-0.280,-0.000,-0.001,-0.000,-0.892,-0.032,0.450,-0.034,0.000,-0.008,-0.625,0.024,17197,17463,148,-147,40,14.880,17123,17361
148011,0.290,0.000,-0.003,-0.000,-0.890,-0.031,0.454,-0.034,0.000,-0.008,-0.615,0.024,17214,17476,148,-147,40,14.880,17123,17361
148110,-0.140,-0.000,-0.005,-0.001,-0.885,-0.032,0.463,-0.031,0.000,-0.008,-0.596,0.027,17226,17509,146,-145,40,14.850,17182,17421
148211,-0.370,-0.002,-0.008,-0.003,-0.878,-0.033,0.478,-0.024,0.000,-0.010,-0.565,0.033,17226,17549,141,-140,40,14.850,17182,17421
148311,-0.120,-0.002,-0.011,-0.002,-0.865,-0.034,0.501,-0.015,0.000,-0.011,-0.513,0.042,17234,17596,130,-129,40,14.850,17182,17421
148411,0.100,-0.002,-0.015,-0.003,-0.846,-0.033,0.533,-0.001,0.000,-0.012,-0.441,0.053,17199,17615,117,-116,40,14.880,17241,17605
148511,-0.340,0.001,-0.016,-0.002,-0.822,-0.036,0.569,0.006,0.000,-0.012,-0.357,0.064,17213,17679,101,-100,40,14.880,17241,17605
148611,0.130,0.000,-0.009,-0.002,-0.802,-0.040,0.596,0.011,0.000,-0.011,-0.290,0.077,17196,17708,92,-91,41,14.880,17241,17667
148711,0.230,0.001,-0.002,-0.002,-0.793,-0.044,0.607,0.017,0.000,-0.012,-0.263,0.090,17180,17725,92,-91,41,14.880,17241,17667
148811,-0.080,0.003,0.004,-0.001,-0.795,-0.054,0.604,0.015,0.000,-0.014,-0.268,0.104,17174,17751,98,-97,40,14.880,17182,17793
148910,-0.020,0.003,0.009,0.001,-0.806,-0.062,0.588,0.009,0.000,-0.017,-0.305,0.109,17188,17753,110,-109,40,14.880,17182,17793
149011,-0.260,0.001,0.012,0.001,-0.822,-0.064,0.566,0.003,0.000,-0.020,-0.359,0.107,17214,17749,124,-123,40,14.880,17182,17793
149111,-0.010,0.000,0.009,0.003,-0.840,-0.062,0.540,-0.004,0.000,-0.021,-0.421,0.097,17260,17740,139,-138,40,14.870,17241,17730
149211,-0.210,-0.001,-0.007,0.001,-0.839,-0.058,0.540,-0.009,0.000,-0.019,-0.420,0.086,17284,17730,133,-132,40,14.870,17241,17730
149311,0.060,-0.000,-0.011,-0.000,-0.825,-0.056,0.563,-0.008,0.000,-0.015,-0.367,0.082,17279,17731,120,-119,40,14.850,17241,17793
149411,-0.060,-0.001,-0.014,-0.001,-0.805,-0.055,0.590,-0.001,0.000,-0.013,-0.301,0.086,17299,17784,107,-106,40,14.850,17241,17793
149511,-0.130,-0.002,-0.017,-0.000,-0.781,-0.053,0.623,0.006,0.000,-0.010,-0.221,0.090,17313,17812,90,-87,41,14.860,17361,17730
149611,-0.140,0.003,-0.025,0.000,-0.742,-0.053,0.668,0.007,0.000,-0.005,-0.101,0.089,17360,17847,62,-62,41,14.860,17361,17730
149711,0.330,0.004,-0.021,0.001,-0.697,-0.060,0.715,0.003,0.000,0.001,0.028,0.087,17374,17851,37,-36,41,14.860,17361,17730
149811,-0.300,0.004,-0.009,0.002,-0.668,-0.065,0.741,-0.004,0.000,0.004,0.108,0.081,17398,17844,26,-25,41,14.860,17301,17857
149910,0.150,0.002,0.002,0.002,-0.663,-0.067,0.746,-0.014,0.000,0.004,0.122,0.068,17405,17804,29,-29,41,14.860,17301,17857
150010,-0.100,-0.000,0.009,0.000,-0.677,-0.065,0.733,-0.019,0.000,0.002,0.084,0.061,17414,17807,42,-41,41,14.850,17421,17857
150110,0.410,0.002,0.002,0.000,-0.685,-0.068,0.725,-0.022,0.000,0.002,0.060,0.062,17395,17810,44,-44,41,14.850,17421,17857
150210,0.050,-0.001,0.000,-0.002,-0.686,-0.070,0.724,-0.020,0.000,0.002,0.057,0.066,17392,17840,43,-42,41,14.850,17361,17857
150309,-0.350,-0.002,0.003,-0.002,-0.690,-0.070,0.720,-0.016,0.000,0.002,0.048,0.075,17402,17881,45,-45,41,14.850,17361,17857
150410,-0.180,0.001,0.008,0.001,-0.701,-0.071,0.710,-0.017,0.000,0.000,0.017,0.074,17416,17873,54,-53,41,14.880,17543,17857
150510,-0.210,-0.000,0.008,-0.003,-0.718,-0.073,0.692,-0.020,0.000,-0.001,-0.033,0.078,17393,17873,65,-65,41,14.880,17543,17857
150611,0.080,-0.002,0.001,-0.001,-0.726,-0.075,0.683,-0.014,0.000,-0.003,-0.055,0.090,17347,17867,67,-66,41,14.880,17543,17857
150710,0.040,-0.000,-0.006,0.002,-0.720,-0.070,0.690,-0.013,0.000,-0.002,-0.038,0.083,17356,17818,59,-59,40,14.860,17241,17857
150810,-0.080,0.002,-0.006,0.004,-0.707,-0.069,0.703,-0.021,0.000,-0.000,-0.001,0.068,17383,17782,51,-50,40,14.860,17241,17857
150910,-0.180,0.000,-0.006,0.004,-0.695,-0.063,0.715,-0.031,0.000,0.001,0.031,0.044,17402,17709,44,-44,41,14.840,17301,17793
151010,-0.070,-0.002,-0.008,0.001,-0.682,-0.056,0.729,-0.031,0.000,0.001,0.068,0.031,17402,17702,36,-35,41,14.840,17301,17793
151110,0.050,-0.000,-0.007,0.002,-0.665,-0.053,0.744,-0.033,0.000,0.001,0.114,0.022,17408,17699,26,-25,41,14.850,17482,17730
151210,0.620,0.000,0.001,0.002,-0.659,-0.050,0.750,-0.035,0.000,0.001,0.130,0.012,17382,17653,26,-25,41,14.850,17482,17730
151310,0.300,0.001,0.009,0.001,-0.671,-0.048,0.739,-0.040,0.000,0.000,0.096,0.004,17365,17625,37,-36,41,14.850,17482,17730
151410,0.160,-0.001,0.007,-0.002,-0.688,-0.047,0.724,-0.040,0.000,0.000,0.051,0.007,17353,17655,46,-45,41,14.860,17301,17730
151510,0.210,-0.002,0.007,-0.001,-0.701,-0.046,0.711,-0.032,0.000,0.000,0.015,0.019,17320,17679,53,-52,41,14.860,17301,17730
151610,0.160,0.002,0.003,0.001,-0.712,-0.048,0.699,-0.034,0.000,-0.000,-0.017,0.022,17331,17677,58,-57,41,14.850,17421,17667
151709,0.110,-0.002,-0.002,0.001,-0.714,-0.046,0.697,-0.035,0.000,-0.000,-0.023,0.017,17312,17628,57,-56,41,14.850,17421,17667
151810,0.170,0.000,-0.003,0.000,-0.710,-0.043,0.702,-0.034,0.000,-0.000,-0.009,0.014,17287,17598,52,-52,41,14.840,17361,17667
151910,0.100,0.001,-0.003,0.000,-0.704,-0.045,0.708,-0.036,0.000,0.000,0.005,0.012,17273,17581,49,-49,41,14.840,17361,17667
152009,-0.210,0.001,-0.002,0.000,-0.700,-0.046,0.712,-0.037,0.000,0.000,0.017,0.012,17273,17585,47,-46,41,14.840,17361,17605
152110,-0.300,0.001,-0.002,-0.000,-0.696,-0.048,0.715,-0.040,0.000,0.000,0.028,0.010,17288,17591,45,-44,41,14.840,17361,17605
152210,-0.120,0.000,-0.003,-0.000,-0.691,-0.050,0.720,-0.040,0.000,0.000,0.043,0.011,17271,17585,41,-41,41,14.850,17301,17605
152310,-0.270,0.001,-0.005,0.000,-0.683,-0.051,0.728,-0.040,0.000,0.000,0.064,0.011,17273,17587,36,-35,41,14.850,17301,17605
152410,0.620,0.000,-0.006,0.001,-0.672,-0.053,0.737,-0.042,0.000,0.000,0.092,0.010,17239,17546,29,-29,41,14.850,17301,17605
152510,0.180,-0.002,-0.003,-0.001,-0.663,-0.051,0.746,-0.038,0.000,0.001,0.118,0.010,17233,17546,24,-23,41,14.850,17241,17543
152609,0.230,-0.000,0.002,-0.001,-0.659,-0.052,0.749,-0.037,0.000,0.001,0.128,0.014,17205,17536,23,-23,41,14.850,17241,17543
152710,-0.420,-0.002,0.005,-0.001,-0.668,-0.055,0.741,-0.035,0.000,0.001,0.104,0.021,17205,17562,31,-30,41,14.850,17182,17605
152810,-0.020,-0.001,0.002,-0.001,-0.675,-0.054,0.735,-0.030,0.000,0.001,0.087,0.029,17174,17560,33,-32,41,14.850,17182,17605
152910,-0.170,0.002,0.000,0.001,-0.677,-0.056,0.733,-0.031,0.000,0.001,0.081,0.031,17161,17529,33,-32,42,14.850,17182,17667
153008,0.070,0.000,-0.002,0.000,-0.675,-0.056,0.735,-0.033,0.000,0.001,0.087,0.027,17149,17496,30,-29,42,14.850,17182,17667
153110,0.560,0.000,-0.004,0.001,-0.669,-0.056,0.740,-0.033,0.000,0.001,0.103,0.025,17121,17460,25,-24,41,14.850,17182,17482
153210,0.150,0.005,-0.006,0.001,-0.658,-0.059,0.749,-0.039,0.000,0.001,0.130,0.020,17102,17423,18,-17,41,14.850,17182,17482
153309,0.300,0.005,-0.006,-0.001,-0.646,-0.069,0.758,-0.049,0.000,0.001,0.160,0.016,17093,17404,11,-10,41,14.850,17123,17421
153410,0.180,0.001,-0.007,-0.001,-0.633,-0.076,0.769,-0.052,0.000,0.002,0.195,0.016,17097,17419,2,-1,41,14.850,17123,17421
153510,-0.210,-0.000,-0.004,-0.002,-0.620,-0.078,0.779,-0.049,0.000,0.002,0.228,0.020,17059,17409,-5,6,41,14.850,17123,17421
153608,-0.030,0.001,0.005,-0.002,-0.621,-0.083,0.778,-0.044,0.000,0.004,0.226,0.034,17037,17446,-1,2,41,14.850,17064,17482
153710,-0.100,-0.000,0.009,0.001,-0.637,-0.085,0.765,-0.048,0.000,0.003,0.184,0.036,17034,17423,9,-9,41,14.850,17064,17482
153809,-0.030,-0.001,0.007,0.002,-0.653,-0.080,0.751,-0.049,0.000,0.002,0.142,0.030,17056,17408,17,-16,42,14.850,17064,17421
153910,-0.150,-0.003,0.009,0.001,-0.669,-0.070,0.738,-0.049,0.000,0.001,0.099,0.021,17067,17382,26,-25,42,14.850,17064,17421
154010,-0.320,-0.000,0.012,-0.000,-0.691,-0.064,0.719,-0.047,0.000,0.000,0.041,0.021,17050,17382,38,-38,42,14.840,17123,17361
154110,-0.160,0.003,0.009,-0.001,-0.712,-0.070,0.697,-0.054,0.000,-0.000,-0.019,0.025,17015,17373,50,-50,42,14.840,17123,17361
154210,-0.140,-0.001,0.001,-0.001,-0.721,-0.071,0.688,-0.054,0.000,-0.001,-0.044,0.027,16996,17361,51,-51,42,14.850,17123,17361
154310,0.440,-0.004,0.003,-0.002,-0.725,-0.071,0.684,-0.051,0.000,-0.001,-0.055,0.033,16955,17346,53,-53,42,14.850,17123,17361
154410,0.050,-0.001,0.005,0.000,-0.731,-0.068,0.677,-0.046,0.000,-0.001,-0.074,0.037,16934,17325,58,-57,42,14.850,17006,17361
154510,-0.210,-0.001,0.006,-0.000,-0.742,-0.065,0.665,-0.048,0.000,-0.002,-0.107,0.033,16943,17310,66,-65,42,14.850,17006,17361
154610,0.060,-0.000,-0.002,0.000,-0.748,-0.064,0.659,-0.047,0.000,-0.002,-0.123,0.033,16943,17311,67,-67,42,14.850,17006,17361
154710,-0.290,0.003,-0.011,-0.000,-0.735,-0.068,0.673,-0.047,0.000,-0.002,-0.084,0.036,16931,17316,55,-54,42,14.850,17006,17301
154810,-0.280,0.002,-0.011,0.001,-0.713,-0.075,0.695,-0.052,0.000,-0.000,-0.022,0.035,16947,17315,40,-40,42,14.850,17006,17301
154909,0.260,-0.001,-0.009,0.002,-0.695,-0.073,0.714,-0.051,0.000,0.000,0.029,0.028,16952,17290,31,-31,42,14.860,17006,17301
155009,0.000,-0.003,-0.005,0.000,-0.683,-0.068,0.726,-0.049,0.000,0.001,0.062,0.022,16956,17279,26,-26,42,14.860,17006,17301
155109,-0.280,0.001,-0.003,-0.000,-0.677,-0.064,0.732,-0.043,0.000,0.001,0.080,0.024,16930,17277,24,-23,42,14.840,16891,17241
155209,0.120,-0.006,-0.005,-0.001,-0.670,-0.067,0.738,-0.044,0.000,0.001,0.099,0.026,16906,17266,19,-19,42,14.840,16891,17241
155309,0.120,0.004,-0.003,0.001,-0.662,-0.067,0.745,-0.043,0.000,0.002,0.121,0.026,16889,17239,15,-14,42,14.850,16835,17241
155409,0.530,-0.006,-0.003,0.001,-0.655,-0.069,0.751,-0.046,0.000,0.001,0.138,0.021,16874,17206,10,-10,42,14.850,16835,17241
155509,0.370,-0.000,-0.004,0.000,-0.649,-0.061,0.758,-0.039,0.000,0.001,0.156,0.019,16867,17198,6,-6,42,14.860,16778,17241
155609,-0.020,0.001,-0.006,-0.000,-0.639,-0.064,0.766,-0.038,0.000,0.002,0.182,0.023,16829,17185,-1,1,42,14.860,16778,17241
155709,0.380,-0.000,-0.008,0.000,-0.623,-0.066,0.779,-0.038,0.000,0.003,0.223,0.023,16785,17139,-12,12,42,14.850,16778,17123
155809,0.040,0.006,-0.004,0.000,-0.608,-0.070,0.790,-0.042,0.000,0.002,0.260,0.019,16790,17118,-19,20,42,14.850,16778,17123
155909,-0.200,0.000,0.005,0.000,-0.609,-0.072,0.788,-0.049,0.000,0.001,0.255,0.011,16802,17099,-15,16,42,14.850,16778,17182
156009,-0.080,-0.002,0.005,-0.001,-0.622,-0.076,0.777,-0.053,0.000,0.001,0.221,0.012,16768,17090,-7,8,42,14.850,16778,17182
156109,0.050,-0.006,0.008,0.000,-0.636,-0.066,0.768,-0.040,0.000,0.002,0.189,0.023,16747,17119,-1,1,42,14.840,16722,17182
156209,-0.170,-0.002,0.013,0.001,-0.658,-0.058,0.750,-0.037,0.000,0.001,0.132,0.020,16769,17114,13,-12,42,14.840,16722,17182
156309,-0.430,-0.002,0.014,0.001,-0.688,-0.055,0.723,-0.039,0.000,0.000,0.051,0.019,16812,17147,30,-29,42,14.860,16835,17182
156409,0.350,0.002,0.006,0.000,-0.706,-0.053,0.705,-0.041,0.000,-0.000,-0.001,0.017,16788,17117,37,-36,42,14.860,16835,17182
156509,0.150,0.001,-0.002,0.001,-0.707,-0.058,0.703,-0.048,0.000,-0.000,-0.005,0.015,16769,17089,33,-32,42,14.860,16835,17182
156609,-0.120,0.001,-0.006,0.003,-0.699,-0.055,0.711,-0.050,0.000,0.000,0.018,0.005,16799,17073,25,-25,42,14.840,16835,17123
156709,0.320,0.003,-0.007,0.000,-0.686,-0.057,0.723,-0.058,0.000,-0.000,0.053,-0.005,16788,17038,17,-16,42,14.840,16835,17123
156809,0.230,0.002,-0.009,-0.002,-0.671,-0.064,0.736,-0.060,0.000,-0.000,0.091,-0.002,16757,17046,8,-8,43,14.830,16722,17123
156909,-0.090,-0.001,-0.011,-0.002,-0.651,-0.067,0.754,-0.053,0.000,0.001,0.148,0.007,16723,17057,-6,6,43,14.830,16722,17123
157009,0.190,-0.000,-0.005,0.000,-0.632,-0.069,0.770,-0.050,0.000,0.001,0.197,0.010,16685,17019,-15,15,43,14.830,16722,17123
157109,-0.290,0.001,0.011,0.000,-0.639,-0.065,0.765,-0.049,0.000,0.001,0.179,0.008,16673,16990,-4,5,43,14.830,16722,17123
157209,-0.230,-0.002,0.016,-0.002,-0.673,-0.063,0.735,-0.047,0.000,0.001,0.090,0.015,16669,17027,19,-19,43,14.850,16722,16949
157309,-0.410,-0.002,-0.002,-0.001,-0.686,-0.063,0.723,-0.042,0.000,0.001,0.055,0.026,16625,17021,19,-18,43,14.850,16722,16949
157409,0.880,0.001,-0.006,0.001,-0.676,-0.064,0.733,-0.041,0.000,0.001,0.083,0.026,16610,16978,8,-7,43,14.850,16611,17006
157509,0.450,0.003,-0.002,0.004,-0.665,-0.064,0.742,-0.050,0.000,0.001,0.110,0.011,16625,16907,2,-2,43,14.850,16611,17006
157609,0.030,-0.001,0.008,0.001,-0.671,-0.059,0.737,-0.057,0.000,-0.000,0.094,-0.005,16629,16865,10,-9,42,14.840,16611,16891
157709,0.110,-0.003,-0.000,-0.001,-0.682,-0.056,0.727,-0.053,0.000,-0.000,0.064,-0.000,16604,16894,15,-14,42,14.840,16611,16891
157809,-0.200,-0.003,-0.009,-0.001,-0.670,-0.050,0.740,-0.044,0.000,0.000,0.099,0.003,16592,16905,2,-1,43,14.850,16611,16835
157909,0.050,0.003,-0.004,-0.001,-0.655,-0.054,0.752,-0.043,0.000,0.000,0.138,0.006,16562,16885,-6,7,43,14.850,16611,16835
158009,0.600,0.004,-0.000,0.001,-0.653,-0.063,0.753,-0.053,0.000,0.000,0.143,0.003,16544,16845,-5,6,43,14.840,16611,16949
158109,-0.190,-0.002,-0.002,0.000,-0.651,-0.061,0.755,-0.054,0.000,-0.000,0.148,-0.003,16553,16829,-7,8,43,14.840,16611,16949
158209,-0.140,0.002,-0.003,-0.001,-0.643,-0.062,0.761,-0.054,0.000,-0.000,0.168,-0.003,16539,16827,-13,13,43,14.850,16556,16835
158309,0.380,-0.002,0.001,0.001,-0.643,-0.064,0.761,-0.054,0.000,0.000,0.167,0.000,16497,16799,-11,12,43,14.850,16556,16835
158409,-0.140,0.001,-0.001,0.002,-0.643,-0.061,0.761,-0.057,0.000,-0.001,0.167,-0.007,16493,16752,-13,13,43,14.850,16501,16835
158508,0.110,0.002,0.000,0.000,-0.642,-0.063,0.762,-0.061,0.000,-0.001,0.168,-0.012,16462,16709,-14,14,43,14.850,16501,16835
158609,-0.090,-0.001,0.001,0.001,-0.643,-0.064,0.760,-0.063,0.000,-0.001,0.165,-0.013,16445,16693,-13,14,43,14.850,16393,16666
158709,0.450,-0.002,0.001,0.003,-0.645,-0.056,0.760,-0.062,1.000,-0.002,0.161,-0.022,16525,16724,-13,14,43,14.850,16393,16666
158808,0.080,-0.001,-0.000,0.001,-0.645,-0.048,0.760,-0.061,1.000,-0.002,0.160,-0.030,16701,16870,-14,15,42,14.830,16611,16835
158909,-0.220,0.001,-0.000,0.000,-0.645,-0.048,0.760,-0.063,1.000,-0.003,0.160,-0.033,16868,17030,-15,16,42,14.830,16611,16835
159008,0.330,0.000,-0.000,-0.001,-0.645,-0.051,0.760,-0.064,1.000,-0.003,0.160,-0.031,16976,17148,-16,16,43,14.830,16891,17182
159109,0.080,0.000,-0.000,-0.000,-0.644,-0.052,0.760,-0.063,1.000,-0.002,0.162,-0.028,17107,17278,-17,18,43,14.830,16891,17182
159209,0.020,0.001,0.000,0.000,-0.645,-0.051,0.760,-0.063,1.000,-0.002,0.161,-0.030,17241,17388,-17,18,43,14.830,17182,17301
159308,0.150,-0.000,-0.000,-0.000,-0.646,-0.053,0.759,-0.064,1.000,-0.002,0.159,-0.029,17371,17515,-18,19,43,14.830,17182,17301
159409,0.680,0.000,-0.000,-0.001,-0.644,-0.054,0.760,-0.063,1.000,-0.002,0.163,-0.026,17479,17629,-20,21,43,14.830,17182,17301
159509,0.540,0.001,0.000,-0.000,-0.644,-0.056,0.760,-0.063,1.000,-0.002,0.162,-0.023,17603,17746,-20,21,43,14.810,17482,17605
159608,-0.150,0.000,-0.000,-0.000,-0.645,-0.057,0.759,-0.063,1.000,-0.002,0.161,-0.022,17744,17881,-21,22,43,14.810,17482,17605
159709,-0.220,0.001,-0.000,-0.000,-0.644,-0.059,0.760,-0.063,1.000,-0.002,0.162,-0.019,17867,18005,-22,23,43,14.810,17730,17857
159809,0.340,0.000,0.000,0.000,-0.644,-0.060,0.760,-0.063,1.000,-0.002,0.163,-0.019,17988,18113,-23,24,43,14.810,17730,17857
159909,0.180,0.000,0.000,0.000,-0.645,-0.060,0.759,-0.064,1.000,-0.002,0.161,-0.019,18115,18230,-23,24,43,14.780,17985,18050
160008,0.580,0.000,-0.000,0.000,-0.644,-0.062,0.760,-0.065,1.000,-0.002,0.162,-0.020,18238,18342,-24,25,43,14.780,17985,18050
160108,0.260,0.000,0.000,-0.000,-0.645,-0.062,0.759,-0.066,1.000,-0.002,0.161,-0.020,18360,18455,-25,26,43,14.810,18248,18382
160208,0.410,0.001,0.000,-0.000,-0.645,-0.063,0.759,-0.067,1.000,-0.002,0.161,-0.020,18469,18563,-26,26,43,14.810,18248,18382
160309,0.050,-0.001,-0.000,-0.000,-0.645,-0.063,0.759,-0.065,1.000,-0.001,0.159,-0.018,18593,18686,-26,27,43,14.800,18518,18518
160409,-0.100,0.000,-0.000,0.000,-0.646,-0.062,0.758,-0.064,1.000,-0.001,0.159,-0.016,18707,18798,-27,27,43,14.800,18518,18518
160509,0.380,-0.000,0.001,0.001,-0.646,-0.062,0.758,-0.065,0.000,-0.001,0.157,-0.018,18731,18806,-27,28,43,14.790,18656,18796
160608,0.050,0.002,0.003,0.001,-0.650,-0.061,0.755,-0.068,0.000,-0.002,0.147,-0.023,18745,18792,-25,26,43,14.790,18656,18796
160708,0.130,0.000,0.005,-0.000,-0.658,-0.062,0.747,-0.072,0.000,-0.002,0.124,-0.026,18742,18780,-20,20,43,14.800,18726,18796
160808,-0.250,-0.001,0.004,-0.001,-0.668,-0.063,0.739,-0.069,0.000,-0.001,0.099,-0.017,18738,18812,-15,16,43,14.800,18726,18796
160908,0.330,-0.005,0.005,-0.000,-0.678,-0.057,0.730,-0.061,0.000,-0.000,0.073,-0.012,18699,18784,-10,11,43,14.790,18726,18867
161008,-0.480,0.011,0.007,-0.007,-0.688,-0.065,0.720,-0.063,0.000,-0.000,0.046,-0.001,18635,18764,-4,5,43,14.790,18726,18867
161108,0.170,-0.006,-0.002,-0.001,-0.695,-0.065,0.713,-0.059,0.000,0.000,0.026,0.006,18669,18799,-3,4,43,14.790,18726,18796
161208,-0.510,-0.003,0.001,-0.003,-0.695,-0.061,0.715,-0.047,0.000,0.000,0.031,0.018,18688,18862,-5,5,43,14.790,18726,18796
161308,-0.360,0.003,0.005,-0.001,-0.702,-0.064,0.708,-0.041,0.000,0.000,0.011,0.032,18682,18893,1,0,43,14.780,18867,18867
161408,0.490,-0.001,0.007,-0.001,-0.716,-0.065,0.694,-0.040,0.000,-0.001,-0.028,0.036,18660,18876,11,-10,43,14.780,18867,18867
161508,0.200,-0.001,0.005,-0.001,-0.728,-0.065,0.682,-0.038,0.000,-0.001,-0.061,0.042,18607,18845,17,-17,43,14.770,18726,18939
161608,-0.050,-0.002,0.001,-0.001,-0.733,-0.059,0.676,-0.032,0.000,-0.002,-0.078,0.043,18590,18832,19,-18,43,14.770,18726,18939
161708,-0.200,0.001,-0.000,-0.000,-0.733,-0.062,0.676,-0.033,0.000,-0.002,-0.078,0.046,18572,18835,18,-17,43,14.790,18587,18867
161808,0.420,0.000,0.002,0.001,-0.734,-0.064,0.675,-0.036,0.000,-0.002,-0.082,0.045,18572,18837,19,-19,43,14.790,18587,18867
161908,-0.380,0.000,0.005,-0.000,-0.741,-0.064,0.667,-0.037,0.000,-0.002,-0.102,0.045,18580,18859,26,-25,43,14.790,18518,18796
162008,-0.150,0.001,0.012,0.000,-0.757,-0.065,0.649,-0.038,0.000,-0.004,-0.149,0.049,18552,18862,39,-38,43,14.790,18518,18796
162108,0.100,-0.001,0.004,0.000,-0.773,-0.063,0.630,-0.040,0.000,-0.005,-0.198,0.047,18544,18855,48,-47,43,14.770,18518,18939
162208,-0.270,-0.004,-0.001,-0.001,-0.773,-0.061,0.630,-0.036,0.000,-0.005,-0.199,0.048,18527,18862,46,-45,43,14.770,18518,18939
162308,-0.010,-0.002,-0.000,-0.001,-0.773,-0.057,0.631,-0.028,0.000,-0.005,-0.198,0.052,18507,18873,46,-45,43,14.800,18518,18867
162408,-0.100,-0.000,0.000,-0.001,-0.774,-0.056,0.631,-0.025,0.000,-0.006,-0.199,0.054,18489,18876,47,-47,43,14.800,18518,18867
162508,-0.080,-0.001,0.001,-0.001,-0.774,-0.054,0.631,-0.019,0.000,-0.006,-0.200,0.059,18495,18907,49,-48,43,14.780,18518,18939
162608,0.170,-0.000,0.002,0.000,-0.777,-0.053,0.627,-0.015,0.000,-0.007,-0.210,0.063,18500,18915,52,-51,43,14.780,18518,18939
162708,0.210,-0.000,0.006,0.000,-0.783,-0.052,0.619,-0.017,0.000,-0.007,-0.230,0.061,18519,18917,59,-58,43,14.770,18518,18939
162808,-0.130,-0.001,0.010,-0.001,-0.798,-0.050,0.600,-0.014,0.000,-0.009,-0.278,0.062,18544,18949,73,-72,43,14.770,18518,18939
162908,-0.500,-0.001,0.008,-0.000,-0.814,-0.048,0.578,-0.012,0.000,-0.011,-0.332,0.063,18572,18974,85,-84,43,14.780,18587,19011
163008,0.120,-0.001,-0.001,0.001,-0.819,-0.045,0.572,-0.012,0.000,-0.010,-0.346,0.058,18585,18966,85,-85,43,14.780,18587,19011
163108,0.310,-0.001,0.003,0.000,-0.820,-0.042,0.571,-0.012,0.000,-0.010,-0.349,0.054,18596,18964,88,-87,43,14.780,18587,18867
163208,-0.780,-0.001,0.007,-0.001,-0.828,-0.038,0.560,-0.008,0.000,-0.010,-0.378,0.053,18626,18998,98,-97,43,14.780,18587,18867
163308,0.230,-0.000,0.002,-0.002,-0.836,-0.038,0.548,-0.005,0.000,-0.012,-0.405,0.057,18616,19012,104,-103,43,14.780,18518,19011
163408,0.120,-0.000,-0.003,-0.001,-0.835,-0.039,0.549,-0.001,0.000,-0.013,-0.402,0.062,18627,19039,103,-101,43,14.780,18518,19011
163508,-0.020,-0.000,-0.005,-0.000,-0.829,-0.036,0.559,0.004,0.000,-0.012,-0.381,0.063,18660,19066,98,-97,43,14.770,18656,19083
163608,-0.050,-0.001,-0.005,-0.001,-0.820,-0.035,0.571,0.007,0.000,-0.012,-0.352,0.064,18658,19069,94,-93,43,14.770,18656,19083
163708,-0.420,0.002,-0.004,0.001,-0.813,-0.037,0.581,0.009,0.000,-0.012,-0.328,0.069,18639,19064,91,-90,44,14.770,18587,19083
163808,-0.110,0.002,-0.002,0.001,-0.809,-0.038,0.586,0.003,0.000,-0.010,-0.313,0.065,18663,19059,91,-90,44,14.770,18587,19083
163908,-0.010,0.002,0.001,-0.001,-0.807,-0.042,0.589,0.001,0.000,-0.011,-0.306,0.068,18663,19081,92,-91,44,14.780,18726,19011
164008,-0.220,0.001,0.001,-0.001,-0.809,-0.046,0.586,0.001,0.000,-0.012,-0.313,0.074,18656,19095,96,-95,44,14.780,18726,19011
164108,-0.210,-0.000,0.001,-0.001,-0.810,-0.048,0.584,0.003,0.000,-0.013,-0.317,0.079,18664,19114,98,-97,44,14.780,18587,19011
164208,0.080,-0.001,-0.003,0.000,-0.810,-0.047,0.585,0.003,0.000,-0.013,-0.316,0.079,18666,19104,99,-98,44,14.780,18587,19011
164308,0.180,-0.000,-0.014,0.000,-0.794,-0.044,0.606,0.005,0.000,-0.010,-0.265,0.075,18693,19109,84,-83,44,14.780,18518,19083
164408,0.030,0.002,-0.025,0.000,-0.763,-0.043,0.644,0.008,0.000,-0.006,-0.167,0.075,18703,19125,60,-59,44,14.780,18518,19083
164508,0.170,0.002,-0.033,0.001,-0.708,-0.044,0.705,0.006,0.000,-0.000,-0.003,0.072,18739,19144,21,-21,44,14.770,18726,19011
164608,-0.180,-0.003,-0.027,-0.000,-0.645,-0.042,0.763,0.010,0.000,0.006,0.168,0.070,18778,19184,-13,14,44,14.770,18726,19011
164708,0.320,0.000,-0.007,0.002,-0.610,-0.038,0.792,0.015,0.000,0.009,0.258,0.070,18806,19211,-23,24,44,14.760,18796,19083
164808,0.040,-0.004,-0.007,0.002,-0.605,-0.034,0.795,0.017,0.000,0.009,0.270,0.068,18821,19218,-22,22,44,14.760,18796,19083
164908,-0.330,0.003,-0.016,0.001,-0.571,-0.030,0.820,0.016,0.000,0.011,0.354,0.060,18858,19225,-46,46,44,14.770,18796,19083
165008,0.210,0.001,0.001,0.001,-0.558,-0.030,0.829,0.011,0.000,0.010,0.384,0.051,18869,19208,-47,47,44,14.770,18796,19083
165108,0.460,0.002,0.011,0.001,-0.572,-0.032,0.820,0.004,0.000,0.008,0.352,0.042,18864,19185,-36,36,44,14.780,18796,19157
165208,0.120,0.002,0.021,0.003,-0.609,-0.032,0.793,-0.006,0.000,0.004,0.261,0.028,18887,19163,-13,13,44,14.780,18796,19157
165308,0.120,0.002,0.026,0.002,-0.661,-0.030,0.750,-0.018,0.000,0.001,0.127,0.013,18906,19145,17,-17,44,14.770,18939,19230
165408,0.180,0.002,0.016,0.002,-0.701,-0.033,0.712,-0.029,0.000,0.000,0.017,0.005,18916,19152,36,-35,44,14.770,18939,19230
165508,0.020,0.002,0.011,0.001,-0.729,-0.035,0.683,-0.035,0.000,-0.000,-0.065,0.002,18934,19179,49,-49,44,14.750,18939,19230
165608,0.100,0.001,0.002,0.000,-0.740,-0.037,0.670,-0.041,0.000,0.000,-0.099,-0.001,18933,19179,51,-51,44,14.750,18939,19230
165708,0.230,-0.000,-0.020,0.003,-0.723,-0.036,0.688,-0.044,0.000,0.000,-0.050,-0.009,18929,19143,32,-31,44,14.770,18867,19230
165808,0.140,0.001,-0.040,0.003,-0.656,-0.033,0.753,-0.044,0.000,-0.002,0.135,-0.023,18985,19149,-19,20,44,14.770,18867,19230
165908,0.010,0.004,-0.018,0.004,-0.594,-0.032,0.802,-0.054,0.000,-0.007,0.292,-0.049,19056,19121,-46,47,44,14.770,18939,19157
166008,-0.130,0.004,-0.014,0.001,-0.565,-0.032,0.822,-0.066,0.000,-0.013,0.358,-0.071,19099,19101,-54,56,44,14.770,18939,19157
166108,-0.130,0.003,-0.018,-0.003,-0.524,-0.042,0.848,-0.068,0.000,-0.016,0.453,-0.069,19105,19144,-78,79,44,14.750,19157,19230
166208,0.740,0.001,-0.013,-0.003,-0.491,-0.054,0.867,-0.064,0.000,-0.016,0.529,-0.056,19056,19144,-93,94,44,14.750,19157,19230
166308,0.180,-0.000,-0.008,-0.000,-0.465,-0.058,0.881,-0.063,0.000,-0.017,0.585,-0.054,19027,19093,-104,106,44,14.760,19083,19230
166408,0.290,-0.001,-0.006,0.000,-0.450,-0.057,0.889,-0.060,0.000,-0.017,0.620,-0.052,18998,19046,-112,114,44,14.760,19083,19230
166508,0.120,-0.001,-0.004,-0.000,-0.439,-0.056,0.895,-0.056,0.000,-0.016,0.643,-0.048,18968,19014,-119,120,44,14.760,18939,19083
166608,0.220,-0.001,-0.005,-0.001,-0.425,-0.059,0.902,-0.054,0.000,-0.016,0.673,-0.044,18940,18982,-129,130,44,14.760,18939,19083
166708,0.190,0.000,0.002,0.000,-0.421,-0.057,0.904,-0.051,0.000,-0.015,0.681,-0.042,18910,18936,-131,132,44,14.750,18939,19011
166808,0.400,-0.000,0.001,0.001,-0.428,-0.056,0.900,-0.053,0.000,-0.016,0.666,-0.045,18891,18884,-130,131,44,14.750,18939,19011
166908,0.700,-0.001,-0.001,0.001,-0.428,-0.054,0.901,-0.053,0.000,-0.017,0.667,-0.046,18849,18824,-135,136,44,14.740,18939,19083
167008,0.970,-0.000,0.001,-0.000,-0.429,-0.054,0.900,-0.052,0.000,-0.016,0.664,-0.045,18805,18774,-137,138,44,14.740,18939,19083
167108,0.290,-0.000,0.000,-0.000,-0.431,-0.053,0.899,-0.052,0.000,-0.016,0.660,-0.045,18769,18724,-139,140,44,14.750,18796,18796
167208,0.120,-0.000,-0.001,0.001,-0.431,-0.052,0.900,-0.052,0.000,-0.016,0.662,-0.045,18741,18678,-143,145,44,14.750,18796,18796
167308,0.750,0.001,-0.001,0.000,-0.431,-0.052,0.899,-0.052,0.000,-0.016,0.661,-0.046,18702,18622,-146,148,45,14.760,18796,18656
167408,0.310,0.000,0.019,-0.001,-0.449,-0.053,0.891,-0.054,0.000,-0.016,0.623,-0.047,18674,18577,-136,137,45,14.760,18796,18656
167508,0.570,0.001,0.008,0.001,-0.496,-0.053,0.865,-0.059,0.000,-0.013,0.519,-0.048,18645,18526,-115,116,45,14.770,18587,18518
167608,0.260,0.001,0.006,-0.001,-0.508,-0.052,0.858,-0.061,0.000,-0.013,0.492,-0.051,18645,18503,-117,118,45,14.770,18587,18518
167708,0.230,-0.001,-0.010,0.000,-0.495,-0.053,0.865,-0.060,0.000,-0.014,0.520,-0.050,18625,18473,-133,134,45,14.760,18656,18518
167808,0.340,-0.000,-0.000,-0.001,-0.482,-0.053,0.872,-0.059,0.000,-0.014,0.549,-0.049,18599,18437,-140,141,45,14.760,18656,18518
167908,-0.080,-0.000,-0.004,0.000,-0.476,-0.053,0.876,-0.059,0.000,-0.015,0.564,-0.050,18581,18396,-146,147,45,14.780,18518,18518
168008,0.210,-0.000,-0.003,0.000,-0.466,-0.053,0.881,-0.056,0.000,-0.015,0.585,-0.048,18539,18350,-153,154,45,14.780,18518,18518
168108,0.360,0.000,0.000,-0.000,-0.465,-0.052,0.882,-0.056,0.000,-0.015,0.587,-0.049,18517,18304,-154,155,45,14.790,18518,18450
168208,0.100,-0.000,-0.001,-0.000,-0.464,-0.054,0.882,-0.057,0.000,-0.015,0.589,-0.048,18499,18275,-158,159,45,14.790,18518,18450
168308,0.400,-0.000,-0.002,-0.000,-0.462,-0.055,0.884,-0.056,0.000,-0.015,0.595,-0.046,18460,18225,-162,163,45,14.770,18518,18382
168408,0.280,0.001,-0.003,0.000,-0.457,-0.055,0.886,-0.056,0.000,-0.015,0.606,-0.047,18428,18169,-168,169,45,14.770,18518,18382
168508,0.070,0.000,-0.006,-0.000,-0.446,-0.054,0.892,-0.055,0.000,-0.016,0.628,-0.047,18399,18128,-177,178,45,14.760,18382,18115
168608,0.300,0.000,-0.002,-0.000,-0.435,-0.055,0.897,-0.055,0.000,-0.017,0.651,-0.048,18357,18064,-184,185,45,14.760,18382,18115
168708,0.340,-0.000,0.001,-0.000,-0.435,-0.054,0.897,-0.054,0.000,-0.016,0.651,-0.048,18338,18031,-185,186,45,14.770,18315,17985
168808,0.400,-0.000,-0.000,-0.000,-0.435,-0.055,0.897,-0.054,0.000,-0.016,0.653,-0.047,18297,17979,-189,190,45,14.770,18248,17985
168908,0.170,0.000,-0.000,-0.000,-0.434,-0.055,0.898,-0.054,0.000,-0.016,0.653,-0.046,18266,17934,-192,194,45,14.760,18248,17985
169008,0.510,0.000,-0.001,0.000,-0.433,-0.056,0.898,-0.054,0.000,-0.016,0.656,-0.045,18230,17884,-196,198,45,14.760,18248,17985
169108,0.760,0.000,0.000,-0.000,-0.432,-0.056,0.899,-0.054,0.000,-0.016,0.658,-0.045,18187,17822,-199,200,45,14.760,18181,17921
169208,0.460,0.000,-0.001,-0.000,-0.432,-0.057,0.899,-0.053,0.000,-0.015,0.659,-0.044,18153,17779,-199,200,45,14.760,18181,17857
169308,0.190,0.000,0.001,-0.000,-0.431,-0.058,0.899,-0.054,0.000,-0.016,0.661,-0.044,18119,17743,-199,200,45,14.760,18181,17857
169408,0.280,-0.000,-0.000,0.000,-0.431,-0.059,0.899,-0.054,0.000,-0.016,0.660,-0.044,18081,17704,-199,200,45,14.760,18181,17857
169508,0.310,0.000,0.000,-0.000,-0.431,-0.059,0.899,-0.054,0.000,-0.015,0.661,-0.043,18040,17665,-199,200,45,14.780,18115,17667
169608,0.100,-0.000,0.001,0.000,-0.433,-0.060,0.898,-0.054,0.000,-0.015,0.655,-0.043,17999,17624,-199,200,45,14.780,18050,17667
169708,0.140,-0.001,0.006,-0.000,-0.441,-0.058,0.894,-0.054,0.000,-0.015,0.640,-0.043,17967,17591,-199,200,45,14.780,18050,17667
169808,0.180,0.000,0.011,-0.001,-0.459,-0.059,0.885,-0.055,0.000,-0.013,0.600,-0.042,17939,17566,-199,200,45,14.780,18050,17667
169908,0.150,0.000,0.015,0.001,-0.494,-0.057,0.866,-0.059,0.000,-0.012,0.524,-0.043,17915,17531,-190,192,45,14.780,17921,17543
170008,0.270,-0.001,0.024,0.001,-0.538,-0.051,0.839,-0.061,0.000,-0.010,0.422,-0.046,17918,17524,-168,169,45,14.780,17921,17543
170108,-0.210,0.001,0.030,-0.000,-0.599,-0.048,0.797,-0.067,0.000,-0.007,0.276,-0.049,17935,17532,-136,137,45,14.780,17921,17482
170208,-0.270,0.001,0.038,-0.001,-0.671,-0.045,0.737,-0.074,0.000,-0.002,0.090,-0.048,17961,17572,-94,95,45,14.780,17921,17482
170308,-0.400,-0.001,0.015,-0.003,-0.722,-0.044,0.686,-0.075,0.000,0.001,-0.055,-0.039,17982,17640,-73,74,45,14.780,18050,17482
170408,-0.750,0.001,0.017,-0.003,-0.747,-0.045,0.660,-0.072,0.000,0.002,-0.126,-0.027,18025,17730,-63,64,45,14.780,18050,17482
170508,0.380,0.002,0.016,-0.003,-0.779,-0.053,0.621,-0.071,0.000,0.001,-0.224,-0.006,18006,17785,-42,43,45,14.780,18050,17793
170608,-0.310,0.002,0.011,-0.004,-0.803,-0.060,0.588,-0.070,0.000,-0.002,-0.304,0.015,18004,17839,-27,27,45,14.780,18050,17793
170708,-0.280,0.001,0.006,-0.005,-0.818,-0.067,0.568,-0.062,0.000,-0.007,-0.352,0.039,18016,17929,-19,20,45,14.770,18050,17857
170808,-0.090,-0.001,0.006,0.000,-0.827,-0.067,0.555,-0.056,0.000,-0.009,-0.382,0.047,18050,17952,-12,13,45,14.770,18050,17857
170908,-0.430,-0.001,0.006,0.000,-0.837,-0.063,0.541,-0.054,0.000,-0.010,-0.416,0.046,18078,17959,-3,5,45,14.780,17985,17921
171008,0.010,-0.000,0.003,0.001,-0.842,-0.061,0.533,-0.055,0.000,-0.010,-0.436,0.043,18094,17966,1,0,45,14.780,17985,17921
171108,0.140,0.001,0.002,-0.000,-0.846,-0.060,0.526,-0.056,0.000,-0.010,-0.450,0.042,18093,17977,5,-4,45,14.760,18115,17921
171208,-0.100,0.000,0.002,-0.000,-0.850,-0.060,0.521,-0.054,0.000,-0.011,-0.462,0.045,18062,17977,10,-9,45,14.760,18115,17921
171308,0.120,-0.000,-0.002,0.000,-0.849,-0.060,0.522,-0.054,0.000,-0.010,-0.460,0.044,18057,17974,10,-9,45,14.780,18115,17985
171408,0.380,0.000,0.002,0.000,-0.849,-0.058,0.522,-0.054,0.000,-0.010,-0.461,0.041,18072,17990,13,-12,45,14.780,18115,17985
171508,-0.310,0.001,0.001,0.001,-0.851,-0.058,0.520,-0.055,0.000,-0.010,-0.466,0.040,18076,18007,17,-15,45,14.760,18050,18050
171608,-0.030,0.000,-0.000,0.001,-0.853,-0.058,0.516,-0.056,0.000,-0.010,-0.474,0.040,18096,18047,21,-20,45,14.760,18050,18050
171708,-0.010,0.000,0.003,-0.000,-0.853,-0.059,0.515,-0.058,0.000,-0.010,-0.478,0.040,18064,18027,24,-23,45,14.760,18115,17985
171808,0.460,-0.001,0.002,0.002,-0.857,-0.057,0.509,-0.060,0.000,-0.009,-0.491,0.035,18049,18000,29,-28,45,14.760,18115,17985
171908,0.200,-0.000,0.004,-0.000,-0.862,-0.052,0.500,-0.062,0.000,-0.007,-0.511,0.028,18067,18009,37,-36,46,14.760,18050,17921
172009,0.370,0.000,0.001,-0.002,-0.865,-0.053,0.496,-0.059,0.000,-0.009,-0.521,0.033,18041,18029,40,-39,46,14.760,18050,17921
172109,-0.480,-0.000,0.000,-0.000,-0.865,-0.055,0.495,-0.058,0.000,-0.010,-0.523,0.037,18043,18058,43,-41,46,14.760,18115,18050
172209,-0.470,-0.001,0.001,0.001,-0.866,-0.053,0.493,-0.059,0.000,-0.009,-0.527,0.033,18071,18068,46,-45,46,14.760,18115,18050
172309,0.320,-0.001,-0.001,0.001,-0.866,-0.052,0.493,-0.061,0.000,-0.008,-0.528,0.028,18055,18044,48,-47,46,14.770,18050,18050
172409,0.270,-0.001,0.000,0.001,-0.866,-0.048,0.493,-0.063,0.000,-0.005,-0.527,0.019,18070,18036,51,-50,46,14.770,18050,18050
172509,0.060,0.000,0.002,-0.001,-0.868,-0.047,0.490,-0.063,0.000,-0.005,-0.534,0.018,18070,18058,56,-55,46,14.770,18050,18050
172609,0.370,-0.000,-0.000,-0.000,-0.870,-0.047,0.487,-0.062,0.000,-0.006,-0.542,0.020,18067,18074,60,-59,46,14.770,18050,18050
172709,-0.510,-0.000,-0.000,0.000,-0.870,-0.046,0.487,-0.062,0.000,-0.005,-0.543,0.019,18091,18098,62,-61,46,14.770,18050,18050
172809,-0.180,0.000,0.001,0.001,-0.870,-0.045,0.487,-0.062,0.000,-0.005,-0.543,0.018,18095,18104,65,-64,45,14.760,18050,18050
172909,0.080,0.000,0.000,0.000,-0.871,-0.045,0.486,-0.062,0.000,-0.005,-0.544,0.017,18095,18112,68,-67,45,14.760,18050,18050
173009,-0.090,-0.000,0.000,0.000,-0.871,-0.044,0.486,-0.063,0.000,-0.004,-0.544,0.015,18102,18117,71,-70,45,14.780,18050,18115
173109,-0.440,-0.000,-0.000,-0.000,-0.870,-0.044,0.487,-0.062,0.000,-0.004,-0.542,0.015,18122,18143,73,-72,45,14.780,18050,18115
173209,0.070,-0.000,-0.001,0.000,-0.869,-0.044,0.488,-0.062,0.000,-0.004,-0.540,0.015,18118,18148,75,-74,45,14.760,18115,18050
173309,-0.240,0.000,0.001,0.000,-0.870,-0.044,0.487,-0.062,0.000,-0.004,-0.542,0.015,18143,18178,79,-78,45,14.760,18115,18050
173409,0.080,0.000,-0.000,-0.000,-0.869,-0.044,0.489,-0.061,0.000,-0.005,-0.538,0.016,18151,18196,80,-79,46,14.770,18115,18115
173509,-0.460,-0.000,-0.001,0.000,-0.868,-0.044,0.490,-0.061,0.000,-0.005,-0.535,0.016,18171,18221,82,-81,46,14.770,18115,18115
173609,0.030,0.000,0.000,-0.000,-0.868,-0.045,0.491,-0.061,0.000,-0.005,-0.533,0.017,18145,18201,85,-84,46,14.760,18181,18181
173709,0.540,0.000,0.000,0.000,-0.867,-0.045,0.492,-0.062,0.000,-0.005,-0.532,0.017,18152,18212,87,-86,46,14.760,18181,18181
173809,-0.540,0.000,0.000,0.000,-0.868,-0.045,0.491,-0.062,0.000,-0.005,-0.532,0.017,18164,18232,90,-89,46,14.780,18248,18315
173909,0.170,0.000,-0.000,-0.000,-0.868,-0.046,0.491,-0.062,0.000,-0.005,-0.534,0.018,18167,18244,93,-92,46,14.780,18248,18315
174009,0.100,-0.000,-0.001,0.000,-0.867,-0.046,0.492,-0.061,0.000,-0.005,-0.530,0.018,18186,18267,94,-93,48,14.770,18181,18248
174109,0.280,0.000,0.000,-0.000,-0.867,-0.045,0.493,-0.062,0.000,-0.005,-0.530,0.016,18189,18268,97,-96,48,14.770,18181,18248
174209,0.170,0.000,0.000,-0.001,-0.867,-0.045,0.492,-0.062,0.000,-0.005,-0.530,0.017,18208,18298,100,-99,48,14.770,18181,18248
174309,-0.060,-0.000,0.000,0.000,-0.867,-0.046,0.492,-0.061,0.000,-0.005,-0.530,0.018,18224,18324,103,-102,46,14.760,17985,18315
174409,-0.260,-0.000,-0.000,-0.000,-0.867,-0.045,0.492,-0.062,0.000,-0.005,-0.530,0.017,18265,18362,105,-104,46,14.760,17985,18315
174509,0.310,-0.000,-0.001,-0.000,-0.866,-0.046,0.495,-0.062,0.000,-0.005,-0.525,0.017,18245,18352,106,-105,46,14.760,18248,18450
174609,-0.120,-0.000,-0.001,-0.000,-0.865,-0.046,0.495,-0.062,0.000,-0.005,-0.523,0.018,18265,18380,109,-108,46,14.760,18248,18450
174709,0.130,-0.000,0.000,0.000,-0.865,-0.046,0.497,-0.062,0.000,-0.005,-0.521,0.018,18256,18374,111,-110,46,14.750,18315,18450
174809,-0.540,-0.000,-0.000,0.000,-0.865,-0.046,0.496,-0.061,0.000,-0.005,-0.522,0.018,18283,18407,114,-113,46,14.750,18315,18450
174909,-0.590,-0.000,-0.001,-0.000,-0.865,-0.046,0.497,-0.061,0.000,-0.005,-0.520,0.018,18301,18433,116,-115,46,14.760,18315,18450
175009,-0.460,-0.001,-0.014,0.001,-0.856,-0.045,0.511,-0.060,0.000,-0.004,-0.489,0.015,18340,18462,108,-107,46,14.760,18315,18450
175109,-0.550,-0.002,-0.026,0.002,-0.828,-0.042,0.557,-0.059,0.000,-0.001,-0.384,0.004,18399,18476,81,-81,46,14.750,18315,18450
175209,-0.390,-0.002,-0.023,0.001,-0.783,-0.036,0.619,-0.053,0.000,0.001,-0.233,-0.008,18437,18480,49,-49,46,14.750,18315,18450
175309,-0.220,-0.000,-0.018,-0.001,-0.747,-0.038,0.662,-0.048,0.000,0.000,-0.122,-0.007,18434,18503,31,-30,46,14.740,18382,18518
175409,-0.160,-0.000,-0.014,-0.001,-0.718,-0.040,0.694,-0.041,0.000,0.000,-0.034,-0.001,18444,18549,17,-16,46,14.740,18382,18518
175509,0.340,-0.001,-0.021,-0.000,-0.684,-0.044,0.727,-0.035,0.000,0.000,0.061,0.010,18445,18588,-4,5,46,14.740,18382,18518
175609,-0.190,-0.001,-0.019,0.000,-0.642,-0.043,0.765,-0.029,0.000,0.001,0.174,0.011,18476,18613,-28,29,46,14.750,18450,18587
175709,-0.210,-0.001,-0.018,-0.000,-0.601,-0.040,0.798,-0.024,0.000,0.001,0.279,0.010,18482,18611,-50,51,46,14.750,18450,18587
175809,0.450,-0.000,-0.014,0.000,-0.565,-0.041,0.824,-0.022,0.000,0.002,0.367,0.010,18469,18599,-67,68,46,14.760,18518,18518
175909,0.240,0.000,-0.003,0.000,-0.543,-0.040,0.839,-0.020,0.000,0.002,0.419,0.009,18451,18581,-75,75,46,14.760,18518,18518
176009,0.010,-0.001,0.003,0.001,-0.544,-0.040,0.838,-0.022,0.000,0.001,0.416,0.006,18421,18538,-71,72,46,14.750,18450,18726
176109,-0.040,-0.001,-0.004,0.001,-0.545,-0.038,0.837,-0.022,0.000,0.001,0.415,0.005,18414,18531,-74,75,46,14.750,18450,18726
176209,0.180,-0.001,-0.004,0.000,-0.533,-0.037,0.845,-0.021,0.000,0.001,0.442,0.004,18421,18543,-83,84,45,14.760,18518,18587
176309,0.250,0.002,0.000,0.000,-0.526,-0.040,0.849,-0.022,0.000,0.001,0.457,0.004,18401,18526,-87,88,45,14.760,18518,18587
176409,0.460,-0.000,0.003,0.000,-0.530,-0.042,0.846,-0.026,0.000,0.000,0.448,0.001,18371,18483,-85,86,47,14.760,18382,18518
176509,0.420,-0.001,-0.003,0.000,-0.533,-0.041,0.845,-0.025,0.000,0.000,0.441,0.001,18315,18435,-87,88,47,14.760,18382,18518
176609,0.530,-0.001,-0.001,0.001,-0.526,-0.041,0.849,-0.025,0.000,0.000,0.458,0.000,18267,18383,-94,95,46,14.750,18248,18450
176709,0.050,0.000,0.006,0.002,-0.531,-0.038,0.846,-0.026,0.000,-0.001,0.446,-0.003,18245,18344,-91,92,46,14.750,18248,18450
176809,-0.090,0.001,0.008,0.002,-0.547,-0.034,0.836,-0.031,0.000,-0.003,0.409,-0.015,18241,18291,-83,84,46,14.750,18248,18450
176909,-0.940,0.001,0.016,0.000,-0.570,-0.034,0.820,-0.035,0.000,-0.004,0.353,-0.020,18264,18309,-71,72,46,14.760,18248,18248
177009,0.000,0.001,0.018,-0.001,-0.609,-0.038,0.791,-0.041,0.000,-0.002,0.256,-0.019,18250,18307,-50,50,46,14.760,18248,18248
177109,-0.050,-0.001,0.006,-0.001,-0.637,-0.040,0.769,-0.041,0.000,-0.001,0.186,-0.012,18254,18341,-41,42,46,14.750,18248,18315
177209,0.080,-0.003,0.005,-0.003,-0.646,-0.041,0.762,-0.035,0.000,-0.000,0.165,-0.001,18259,18389,-41,41,46,14.750,18248,18315
177309,0.070,0.000,0.011,-0.002,-0.662,-0.044,0.748,-0.029,0.000,0.001,0.123,0.014,18218,18398,-31,32,46,14.760,18181,18315
177409,-0.030,-0.001,0.002,-0.001,-0.680,-0.045,0.732,-0.026,0.000,0.001,0.075,0.023,18200,18396,-23,24,46,14.760,18181,18315
177509,0.160,0.000,-0.008,-0.001,-0.671,-0.047,0.740,-0.022,0.000,0.001,0.099,0.031,18172,18387,-35,36,47,14.740,18248,18382
177609,-0.030,0.001,-0.008,-0.002,-0.653,-0.052,0.755,-0.021,0.000,0.003,0.146,0.037,18146,18382,-47,48,47,14.740,18248,18382
177709,0.140,0.002,-0.003,-0.000,-0.640,-0.057,0.766,-0.019,0.000,0.004,0.182,0.043,18108,18364,-54,55,46,14.740,18050,18315
177809,0.530,-0.000,0.007,0.001,-0.643,-0.059,0.763,-0.024,0.000,0.003,0.173,0.039,18058,18297,-48,48,46,14.740,18050,18315
177909,-0.360,-0.000,0.009,0.000,-0.661,-0.057,0.747,-0.027,0.000,0.002,0.124,0.035,18067,18303,-35,36,46,14.740,18050,18315
178009,-0.770,-0.004,0.009,-0.002,-0.679,-0.055,0.732,-0.021,0.000,0.002,0.078,0.043,18077,18371,-26,27,46,14.750,18050,18315
178109,0.490,-0.001,0.006,0.000,-0.696,-0.051,0.716,-0.016,0.000,0.001,0.030,0.048,18046,18360,-18,18,46,14.750,18050,18315
178209,0.520,-0.002,-0.001,0.003,-0.700,-0.049,0.713,-0.020,0.000,0.000,0.020,0.040,18078,18358,-20,20,46,14.740,17985,18315
178309,-0.320,0.002,-0.005,0.006,-0.694,-0.039,0.719,-0.026,0.000,0.000,0.036,0.016,18156,18339,-26,27,46,14.740,17985,18315
178409,0.040,-0.001,-0.003,0.005,-0.685,-0.030,0.727,-0.039,0.000,-0.000,0.060,-0.016,18160,18240,-31,32,47,14.760,18181,18382
178509,0.250,0.001,0.001,-0.001,-0.683,-0.025,0.729,-0.043,0.000,-0.001,0.064,-0.029,18127,18213,-30,31,47,14.760,18181,18382
178609,-0.010,0.001,0.004,-0.001,-0.688,-0.028,0.724,-0.042,0.000,-0.001,0.049,-0.022,18082,18229,-26,26,47,14.760,18115,18248
178709,0.160,0.001,0.002,0.001,-0.695,-0.030,0.717,-0.044,0.000,-0.000,0.031,-0.022,18085,18228,-22,23,47,14.760,18115,18248
178809,0.130,0.002,0.001,-0.000,-0.697,-0.032,0.714,-0.048,0.000,-0.000,0.022,-0.025,18081,18207,-21,22,47,14.750,18050,18181
178909,0.300,0.002,-0.001,-0.002,-0.698,-0.037,0.714,-0.052,0.000,-0.000,0.022,-0.023,18042,18178,-22,23,47,14.750,18050,18181
179009,-0.250,-0.000,-0.001,-0.004,-0.697,-0.047,0.714,-0.049,0.000,-0.000,0.025,-0.005,17990,18202,-23,24,46,14.750,17921,18115
179109,0.030,-0.003,-0.004,-0.000,-0.692,-0.048,0.719,-0.042,0.000,0.000,0.038,0.007,17978,18211,-28,28,46,14.750,17921,18115
179209,0.170,-0.000,-0.007,0.001,-0.681,-0.044,0.730,-0.038,0.000,0.000,0.070,0.004,18023,18215,-36,37,46,14.750,17921,18115
179309,0.000,0.004,-0.001,0.000,-0.671,-0.047,0.738,-0.045,0.000,-0.000,0.094,-0.004,18007,18161,-40,41,47,14.740,18050,18181
179409,-0.120,-0.000,0.006,0.001,-0.677,-0.049,0.733,-0.050,0.000,-0.000,0.079,-0.007,17997,18143,-33,34,47,14.740,18050,18181
179509,0.230,-0.001,0.002,0.002,-0.688,-0.043,0.723,-0.052,0.000,-0.000,0.048,-0.017,18013,18117,-27,27,47,14.750,17985,18181
179609,0.030,-0.002,-0.004,0.001,-0.686,-0.038,0.725,-0.051,0.000,-0.001,0.053,-0.022,18019,18116,-31,32,47,14.750,17985,18181
179709,0.320,-0.000,-0.004,-0.000,-0.677,-0.034,0.734,-0.047,0.000,-0.001,0.079,-0.022,17997,18098,-38,39,46,14.750,18050,18050
179809,-0.010,0.002,0.002,-0.001,-0.674,-0.037,0.736,-0.049,0.000,-0.001,0.085,-0.021,17969,18073,-38,39,46,14.750,18050,18050
179909,-0.040,-0.001,0.002,-0.000,-0.679,-0.040,0.731,-0.051,0.000,-0.001,0.072,-0.019,17950,18056,-34,35,46,14.750,17985,18050
180009,-0.170,-0.003,-0.007,-0.000,-0.675,-0.038,0.735,-0.045,0.000,-0.001,0.085,-0.015,17974,18092,-40,41,46,14.750,17985,18050
180109,-0.110,0.000,-0.003,-0.000,-0.663,-0.036,0.747,-0.041,0.000,-0.001,0.118,-0.013,17973,18090,-48,49,47,14.760,17921,18050
180209,0.380,0.003,0.004,0.000,-0.663,-0.042,0.746,-0.044,0.000,-0.001,0.118,-0.010,17939,18057,-46,47,47,14.760,17921,18050
180309,0.280,-0.002,0.003,0.001,-0.673,-0.041,0.737,-0.047,0.000,-0.001,0.091,-0.014,17932,18018,-39,40,47,14.760,17921,18050
180409,0.090,-0.002,-0.000,0.002,-0.673,-0.032,0.737,-0.046,0.000,-0.001,0.089,-0.025,17943,17979,-41,42,47,14.760,17857,17985
180510,-0.100,0.003,-0.001,0.001,-0.671,-0.031,0.739,-0.050,0.000,-0.002,0.094,-0.033,17963,17971,-43,44,47,14.760,17857,17985
180610,0.060,0.001,-0.004,-0.001,-0.665,-0.035,0.744,-0.053,0.000,-0.002,0.109,-0.032,17950,17972,-48,49,47,14.750,17985,17985
180710,0.000,0.000,-0.002,-0.001,-0.661,-0.038,0.748,-0.051,0.000,-0.002,0.121,-0.026,17923,17970,-50,51,47,14.750,17985,17985
180810,0.210,0.004,0.001,-0.000,-0.658,-0.043,0.750,-0.054,0.000,-0.002,0.129,-0.025,17902,17934,-52,53,47,14.740,17985,17921
180910,0.030,-0.000,0.002,0.001,-0.662,-0.048,0.746,-0.061,0.000,-0.002,0.117,-0.028,17894,17897,-49,49,47,14.740,17985,17921
181010,-0.210,-0.001,-0.000,0.001,-0.663,-0.043,0.745,-0.059,0.000,-0.002,0.114,-0.031,17887,17871,-49,50,47,14.740,17985,17921
181110,0.110,0.000,-0.001,0.000,-0.664,-0.043,0.744,-0.059,0.000,-0.002,0.112,-0.030,17863,17850,-49,50,47,14.740,17985,17921
181210,0.090,0.001,0.001,0.001,-0.664,-0.043,0.744,-0.061,0.000,-0.002,0.111,-0.033,17859,17816,-50,51,47,14.740,17985,17921
181310,0.100,0.000,0.001,0.000,-0.665,-0.044,0.743,-0.063,0.000,-0.002,0.107,-0.035,17859,17805,-49,50,47,14.750,17857,17857
181410,0.280,0.000,0.001,0.002,-0.666,-0.043,0.742,-0.064,0.000,-0.002,0.105,-0.038,17857,17778,-50,50,47,14.750,17857,17857
181510,-0.110,-0.003,0.001,0.001,-0.670,-0.038,0.739,-0.065,0.973,-0.002,0.094,-0.045,17943,17826,-47,48,47,14.740,17857,17730
181610,-0.650,-0.000,0.000,-0.000,-0.672,-0.033,0.737,-0.062,1.000,-0.002,0.089,-0.047,18085,17957,-47,48,47,14.740,17857,17730
181710,0.410,-0.000,0.001,-0.001,-0.673,-0.034,0.736,-0.061,1.000,-0.002,0.086,-0.044,18199,18081,-47,48,47,14.770,18115,17985
181810,-0.050,-0.000,0.000,-0.000,-0.674,-0.035,0.736,-0.058,1.000,-0.002,0.085,-0.039,18336,18226,-48,49,47,14.770,18115,17985
181910,0.010,0.000,0.001,-0.000,-0.676,-0.036,0.734,-0.057,1.000,-0.001,0.079,-0.036,18438,18322,-46,47,47,14.770,18115,17985
182010,0.400,0.001,-0.001,-0.001,-0.677,-0.039,0.733,-0.059,1.000,-0.001,0.077,-0.034,18548,18423,-47,48,47,14.760,18450,18315
182110,-0.210,-0.001,-0.000,-0.000,-0.675,-0.041,0.734,-0.060,1.000,-0.001,0.081,-0.032,18681,18549,-49,49,47,14.760,18450,18315
182210,0.100,0.000,-0.000,-0.000,-0.675,-0.039,0.735,-0.058,1.000,-0.001,0.082,-0.032,18806,18657,-49,50,47,14.730,18656,18518
182310,0.410,0.001,0.000,-0.001,-0.675,-0.040,0.734,-0.059,1.000,-0.001,0.082,-0.032,18916,18756,-49,50,47,14.730,18656,18518
182410,0.410,0.000,-0.000,0.000,-0.675,-0.042,0.735,-0.059,1.000,-0.001,0.083,-0.030,19042,18882,-50,51,47,14.760,18939,18867
182510,0.170,0.000,0.002,0.001,-0.676,-0.042,0.733,-0.060,1.000,-0.001,0.079,-0.031,19170,18995,-49,50,47,14.760,18939,18867
182610,0.480,-0.001,0.000,0.001,-0.678,-0.040,0.731,-0.061,1.000,-0.001,0.073,-0.035,19304,19100,-48,49,47,14.760,18939,18867
182710,0.010,0.001,0.003,-0.000,-0.680,-0.038,0.730,-0.062,1.000,-0.001,0.068,-0.038,19431,19215,-47,48,47,14.700,19305,19083
182810,0.130,0.001,0.001,-0.001,-0.685,-0.041,0.725,-0.062,1.000,-0.001,0.054,-0.034,19559,19353,-44,45,47,14.700,19305,19083
182910,-0.070,-0.000,-0.002,-0.000,-0.685,-0.043,0.725,-0.062,1.000,-0.001,0.054,-0.031,19663,19459,-46,47,47,14.710,19607,19379
183010,-0.500,-0.001,-0.001,-0.000,-0.682,-0.043,0.728,-0.061,1.000,-0.001,0.063,-0.030,19788,19576,-49,49,47,14.710,19607,19379
183110,0.580,0.003,-0.000,-0.000,-0.680,-0.044,0.729,-0.061,0.024,-0.001,0.067,-0.030,19870,19647,-49,50,47,14.680,19762,19762
183210,0.010,-0.001,0.001,0.001,-0.680,-0.048,0.728,-0.066,0.000,-0.001,0.066,-0.030,19873,19634,-49,50,47,14.680,19762,19762
183310,-0.280,-0.001,0.000,0.000,-0.681,-0.044,0.728,-0.065,0.000,-0.001,0.065,-0.035,19890,19625,-49,50,47,14.680,19762,19762
183410,-0.130,0.003,-0.001,-0.001,-0.680,-0.046,0.728,-0.067,0.000,-0.001,0.065,-0.035,19893,19626,-50,51,47,14.700,19960,19646
183510,0.250,0.001,0.000,-0.001,-0.680,-0.054,0.728,-0.068,0.000,-0.001,0.065,-0.027,19881,19640,-50,51,47,14.700,19960,19646
183610,0.470,-0.002,0.002,-0.000,-0.683,-0.054,0.725,-0.066,0.000,-0.001,0.058,-0.022,19867,19625,-48,49,47,14.680,19801,19801
183710,0.110,-0.002,0.005,-0.002,-0.690,-0.053,0.720,-0.060,0.000,-0.000,0.041,-0.013,19866,19650,-44,44,47,14.680,19801,19801
183810,0.130,0.000,0.004,-0.003,-0.698,-0.056,0.712,-0.052,0.000,0.000,0.019,0.004,19841,19683,-39,40,47,14.680,19920,19569
183910,-0.050,-0.000,0.010,-0.003,-0.710,-0.060,0.700,-0.048,0.000,-0.000,-0.012,0.019,19826,19701,-31,32,47,14.680,19920,19569
184010,0.880,-0.009,0.016,-0.002,-0.734,-0.051,0.676,-0.035,0.000,-0.001,-0.081,0.027,19805,19689,-13,14,47,14.680,19920,19569
184110,-0.010,-0.004,0.013,-0.002,-0.763,-0.037,0.645,-0.019,0.000,-0.003,-0.165,0.032,19816,19708,5,-4,47,14.690,19801,19723
184210,0.600,0.002,-0.004,-0.000,-0.773,-0.038,0.633,-0.017,0.000,-0.004,-0.197,0.036,19801,19703,6,-4,47,14.690,19801,19723
184310,-0.670,0.001,-0.015,-0.001,-0.756,-0.045,0.653,-0.020,0.000,-0.003,-0.144,0.042,19786,19711,-12,13,47,14.700,19762,19569
184410,-1.200,0.000,-0.016,-0.001,-0.725,-0.047,0.687,-0.014,0.000,-0.001,-0.053,0.049,19799,19760,-34,34,47,14.700,19762,19569
184510,-0.450,0.006,-0.005,-0.000,-0.703,-0.058,0.709,-0.018,0.000,0.000,0.012,0.055,19778,19763,-43,44,47,14.710,19723,19762
184610,-0.100,-0.004,0.005,0.001,-0.702,-0.058,0.710,-0.020,0.000,0.000,0.015,0.054,19766,19748,-37,38,47,14.710,19723,19762
184710,-0.080,-0.002,0.013,-0.001,-0.718,-0.049,0.694,-0.014,0.000,-0.001,-0.031,0.051,19745,19731,-23,24,47,14.710,19723,19762
184810,-0.720,-0.006,0.016,0.000,-0.747,-0.044,0.663,-0.012,0.000,-0.003,-0.117,0.049,19734,19727,-1,2,47,14.700,19801,19723
184910,-0.280,0.002,0.003,-0.000,-0.767,-0.032,0.641,-0.003,0.000,-0.004,-0.177,0.044,19735,19728,8,-6,47,14.700,19801,19723
185010,0.540,0.001,-0.010,0.000,-0.759,-0.038,0.650,-0.009,0.000,-0.003,-0.153,0.045,19723,19740,-5,6,47,14.680,19841,19762
185110,0.330,-0.002,-0.010,-0.000,-0.739,-0.036,0.672,-0.006,0.000,-0.002,-0.093,0.045,19722,19754,-19,20,47,14.680,19841,19762
185210,0.600,0.001,-0.004,-0.001,-0.725,-0.036,0.688,-0.002,0.000,-0.001,-0.052,0.049,19718,19782,-25,26,48,14.670,19646,19723
185310,-0.010,0.000,0.005,-0.001,-0.725,-0.039,0.688,-0.001,0.000,-0.001,-0.051,0.056,19702,19806,-21,21,48,14.670,19646,19723
185410,-0.050,-0.003,0.009,0.001,-0.739,-0.037,0.673,0.002,0.000,-0.003,-0.091,0.058,19692,19808,-8,9,48,14.670,19646,19723
185510,0.310,0.002,0.003,0.002,-0.752,-0.032,0.659,0.001,0.000,-0.003,-0.130,0.050,19681,19772,-1,2,47,14.700,19685,19801
185610,-0.300,0.001,-0.004,0.001,-0.751,-0.033,0.659,-0.006,0.000,-0.003,-0.128,0.042,19663,19748,-5,6,47,14.700,19685,19801
185710,-0.830,-0.000,-0.007,-0.001,-0.740,-0.034,0.672,-0.004,0.000,-0.002,-0.095,0.044,19650,19770,-14,15,47,14.700,19723,19569
185810,0.280,0.001,-0.006,-0.001,-0.727,-0.035,0.685,-0.002,0.000,-0.001,-0.058,0.049,19652,19807,-21,22,47,14.700,19723,19569
185910,-0.310,-0.001,-0.003,0.001,-0.720,-0.036,0.693,-0.002,0.000,-0.001,-0.037,0.049,19670,19831,-23,24,48,14.710,19685,19801
186010,-0.630,0.001,0.000,0.001,-0.717,-0.033,0.697,-0.003,0.000,-0.001,-0.027,0.044,19663,19817,-24,25,48,14.710,19685,19801
186110,0.150,0.001,0.005,-0.001,-0.721,-0.037,0.692,-0.006,0.000,-0.001,-0.039,0.044,19643,19821,-19,20,48,14.710,19685,19801
186210,0.430,-0.003,0.010,-0.000,-0.735,-0.037,0.677,-0.005,0.000,-0.002,-0.080,0.048,19623,19831,-7,8,48,14.690,19723,19960
186310,-0.300,0.002,0.008,0.001,-0.754,-0.034,0.656,-0.002,0.000,-0.003,-0.137,0.049,19623,19843,6,-5,48,14.690,19723,19960
186411,0.150,0.001,0.002,0.000,-0.764,-0.037,0.644,-0.009,0.000,-0.004,-0.168,0.045,19622,19841,10,-9,48,14.700,19531,19762
186511,-0.140,0.002,-0.002,-0.002,-0.763,-0.041,0.645,-0.011,0.000,-0.004,-0.166,0.049,19617,19871,7,-6,48,14.700,19531,19762
186611,-0.060,0.001,-0.002,-0.000,-0.760,-0.046,0.649,-0.013,0.000,-0.004,-0.155,0.053,19598,19878,5,-4,48,14.700,19531,19762
186711,0.320,0.000,-0.001,0.000,-0.757,-0.048,0.652,-0.014,0.000,-0.004,-0.147,0.053,19582,19873,4,-3,48,14.700,19646,19762
186811,-0.150,-0.001,-0.000,0.001,-0.756,-0.047,0.653,-0.015,0.000,-0.004,-0.144,0.052,19574,19871,5,-4,48,14.700,19646,19762
186911,-0.070,-0.003,0.000,0.001,-0.757,-0.041,0.652,-0.011,0.000,-0.004,-0.146,0.047,19579,19873,7,-6,48,14.680,19455,19841
187011,-0.300,-0.004,-0.001,0.002,-0.756,-0.030,0.654,-0.006,0.000,-0.003,-0.143,0.037,19614,19883,6,-5,48,14.680,19455,19841
187111,-0.030,-0.003,-0.000,0.001,-0.755,-0.021,0.655,-0.004,0.000,-0.002,-0.140,0.026,19610,19860,7,-6,48,14.680,19455,19841
187211,0.400,-0.003,-0.001,-0.001,-0.754,-0.016,0.657,0.003,0.000,-0.002,-0.138,0.027,19579,19866,7,-6,48,14.670,19607,19920
187311,0.420,0.003,0.000,-0.001,-0.754,-0.019,0.657,0.003,0.000,-0.002,-0.137,0.033,19563,19888,8,-7,48,14.670,19607,19920
187411,-0.070,-0.000,0.001,-0.002,-0.756,-0.023,0.654,0.003,0.000,-0.003,-0.143,0.039,19541,19891,10,-9,48,14.720,19531,19960
187511,0.190,0.000,0.000,-0.001,-0.758,-0.026,0.652,0.006,0.000,-0.004,-0.150,0.047,19534,19905,12,-11,48,14.720,19531,19960
187611,-0.520,0.002,-0.003,0.000,-0.756,-0.029,0.654,0.004,0.000,-0.004,-0.145,0.049,19544,19911,11,-9,48,14.720,19531,19960
187711,-0.190,-0.000,-0.006,0.001,-0.748,-0.030,0.663,0.001,0.000,-0.003,-0.120,0.047,19545,19893,4,-3,48,14.690,19569,19841
187811,0.000,0.003,-0.004,-0.000,-0.738,-0.031,0.674,-0.000,0.000,-0.002,-0.089,0.045,19544,19887,-2,3,48,14.690,19569,19841
187911,-0.570,0.001,-0.000,-0.000,-0.734,-0.036,0.678,-0.004,0.000,-0.002,-0.077,0.047,19549,19902,-2,3,48,14.690,19455,19762
188011,0.440,0.000,0.003,-0.000,-0.736,-0.037,0.676,-0.004,0.000,-0.002,-0.084,0.049,19535,19894,2,-1,48,14.690,19455,19762
188111,0.200,-0.004,0.005,-0.000,-0.744,-0.034,0.667,-0.002,0.000,-0.003,-0.107,0.048,19530,19880,9,-8,48,14.690,19455,19880
188211,0.280,0.001,0.001,0.000,-0.751,-0.029,0.659,0.003,0.000,-0.003,-0.129,0.047,19535,19880,13,-12,48,14.690,19455,19880
188311,0.110,-0.000,-0.003,0.001,-0.749,-0.029,0.662,-0.001,0.000,-0.003,-0.121,0.042,19541,19866,9,-8,48,14.690,19455,19880
188411,0.340,0.002,-0.002,-0.001,-0.744,-0.031,0.668,0.000,0.000,-0.002,-0.106,0.046,19528,19883,6,-5,48,14.700,19455,19880
188511,-0.140,0.003,0.001,-0.001,-0.743,-0.036,0.669,-0.000,0.000,-0.003,-0.104,0.053,19535,19915,8,-7,48,14.700,19455,19880
188611,0.720,-0.000,0.004,-0.000,-0.747,-0.039,0.663,-0.003,0.000,-0.003,-0.117,0.055,19526,19899,13,-12,48,14.700,19455,19880
188711,0.070,0.000,0.004,-0.000,-0.754,-0.039,0.656,-0.002,0.000,-0.004,-0.138,0.056,19527,19899,18,-17,48,14.700,19569,19880
188811,-0.290,0.004,0.004,0.001,-0.760,-0.043,0.648,-0.007,0.000,-0.004,-0.157,0.055,19528,19894,23,-22,48,14.700,19569,19880
188911,0.010,0.000,0.004,-0.002,-0.768,-0.045,0.639,-0.008,0.000,-0.005,-0.179,0.060,19527,19915,29,-28,48,14.690,19455,19880
189011,0.030,0.000,-0.001,-0.000,-0.770,-0.047,0.636,-0.006,0.000,-0.006,-0.188,0.065,19522,19921,29,-28,48,14.690,19455,19880
189111,0.070,-0.001,-0.004,-0.001,-0.765,-0.047,0.642,-0.005,0.000,-0.006,-0.172,0.066,19512,19908,24,-23,48,14.690,19455,19880
189211,-0.140,-0.001,-0.002,-0.000,-0.759,-0.045,0.649,-0.001,0.000,-0.005,-0.154,0.067,19512,19906,22,-21,48,14.700,19531,19801
189311,-0.180,-0.000,0.000,-0.000,-0.758,-0.042,0.651,0.002,0.000,-0.005,-0.150,0.066,19529,19918,23,-22,48,14.700,19531,19801
189411,-0.260,-0.001,0.005,-0.000,-0.762,-0.042,0.646,0.003,0.000,-0.006,-0.163,0.068,19523,19918,29,-28,48,14.660,19455,20000
189511,-0.050,-0.000,0.011,-0.001,-0.776,-0.044,0.630,0.003,0.000,-0.008,-0.205,0.072,19501,19913,41,-40,48,14.660,19455,20000
189611,0.380,0.001,0.007,-0.000,-0.793,-0.048,0.608,0.002,0.000,-0.010,-0.259,0.077,19498,19922,53,-52,48,14.660,19455,20000
189711,-0.260,0.001,-0.004,-0.000,-0.792,-0.051,0.608,0.000,0.000,-0.010,-0.257,0.080,19501,19927,48,-47,48,14.670,19569,20000
189811,-0.050,0.000,-0.007,0.001,-0.783,-0.050,0.620,-0.000,0.000,-0.009,-0.228,0.077,19516,19923,41,-40,48,14.670,19569,20000
189911,0.110,-0.001,-0.007,0.000,-0.771,-0.046,0.635,0.002,0.000,-0.007,-0.191,0.074,19524,19921,34,-33,48,14.680,19379,20000
190011,0.000,-0.001,-0.008,-0.001,-0.758,-0.045,0.651,0.007,0.000,-0.006,-0.149,0.077,19513,19930,26,-25,48,14.680,19379,20000
190111,-0.250,0.003,-0.008,-0.001,-0.744,-0.046,0.666,0.011,0.000,-0.005,-0.109,0.082,19523,19956,18,-17,48,14.680,19379,20000
190211,0.020,0.001,-0.007,0.000,-0.731,-0.049,0.681,0.008,0.000,-0.003,-0.068,0.083,19539,19968,11,-10,48,14.680,19455,19920
190311,-0.160,0.001,-0.002,0.001,-0.722,-0.050,0.690,0.007,0.000,-0.002,-0.043,0.082,19565,19983,8,-7,48,14.680,19455,19920
190411,0.570,0.005,-0.002,0.000,-0.721,-0.046,0.692,0.015,0.000,-0.002,-0.039,0.087,19535,19975,9,-8,48,14.690,19607,19920
190511,0.080,0.003,0.001,0.000,-0.718,-0.051,0.694,0.005,0.000,-0.001,-0.031,0.081,19559,19971,8,-7,48,14.690,19607,19920
190611,0.100,0.005,0.007,-0.000,-0.725,-0.057,0.686,-0.005,0.000,-0.002,-0.052,0.076,19566,19961,16,-15,48,14.690,19607,19920
190711,0.410,-0.002,0.012,-0.001,-0.744,-0.058,0.666,-0.002,0.000,-0.005,-0.106,0.083,19522,19955,30,-29,48,14.670,19607,20000
190811,0.050,-0.005,0.014,-0.000,-0.767,-0.054,0.639,0.001,0.000,-0.008,-0.177,0.083,19531,19955,47,-46,48,14.670,19607,20000
190911,0.480,-0.002,-0.001,-0.002,-0.779,-0.045,0.625,0.011,0.000,-0.009,-0.217,0.084,19511,19941,51,-50,48,14.670,19531,19801
191011,0.090,0.002,-0.014,0.001,-0.763,-0.047,0.645,0.010,0.000,-0.007,-0.165,0.084,19504,19928,33,-32,48,14.670,19531,19801
191111,0.090,0.005,-0.017,0.001,-0.733,-0.049,0.678,0.005,0.000,-0.003,-0.075,0.079,19509,19914,11,-10,48,14.670,19531,19801
191211,-0.470,-0.001,-0.009,-0.000,-0.706,-0.049,0.707,0.007,0.000,0.000,0.003,0.079,19522,19934,-2,3,49,14.670,19531,19880
191310,-0.280,0.006,0.004,0.003,-0.702,-0.051,0.710,-0.003,0.000,0.000,0.014,0.069,19556,19919,3,-2,49,14.670,19531,19880
191411,-0.240,-0.002,0.012,0.001,-0.718,-0.053,0.694,-0.013,0.000,-0.001,-0.032,0.058,19574,19912,18,-17,49,14.670,19531,19880
191511,0.550,-0.007,0.015,-0.001,-0.745,-0.039,0.665,-0.000,0.000,-0.003,-0.112,0.059,19572,19937,38,-37,49,14.700,19685,19685
191611,0.270,0.002,0.009,-0.001,-0.767,-0.042,0.640,-0.002,0.000,-0.006,-0.179,0.061,19542,19922,50,-49,49,14.700,19685,19685
191711,-0.750,-0.000,-0.005,0.002,-0.772,-0.048,0.633,-0.009,0.000,-0.006,-0.194,0.063,19531,19914,48,-47,48,14.680,19455,19880
191811,0.340,0.001,-0.011,-0.000,-0.756,-0.047,0.653,-0.002,0.000,-0.005,-0.142,0.068,19522,19924,33,-31,48,14.680,19455,19880
191911,-0.380,0.003,-0.012,0.001,-0.734,-0.053,0.677,-0.008,0.000,-0.003,-0.079,0.067,19504,19894,19,-18,48,14.680,19455,19880
192011,-0.670,-0.001,-0.009,-0.002,-0.714,-0.051,0.698,-0.002,0.000,-0.001,-0.019,0.070,19528,19934,7,-7,48,14.670,19531,19920
192110,-0.200,0.005,-0.004,0.002,-0.701,-0.056,0.711,-0.009,0.000,0.000,0.017,0.066,19560,19938,3,-2,48,14.670,19531,19920
192210,-0.350,-0.004,0.002,-0.001,-0.700,-0.057,0.712,-0.011,0.000,0.001,0.019,0.064,19573,19954,6,-5,49,14.650,19646,19880
192310,0.640,-0.004,0.006,0.000,-0.709,-0.052,0.703,-0.005,0.000,-0.000,-0.005,0.068,19532,19924,13,-13,49,14.650,19646,19880
192410,-0.050,-0.000,0.007,-0.000,-0.721,-0.048,0.691,0.001,0.000,-0.002,-0.040,0.071,19507,19911,22,-21,49,14.650,19646,19880
192510,-0.200,-0.000,0.007,-0.001,-0.735,-0.048,0.677,0.002,0.000,-0.003,-0.080,0.073,19500,19911,31,-30,48,14.680,19531,19920
192610,0.090,-0.005,0.003,-0.001,-0.746,-0.047,0.665,0.005,0.000,-0.004,-0.112,0.076,19481,19901,36,-35,48,14.680,19531,19920
192710,-0.010,0.000,-0.001,-0.001,-0.747,-0.042,0.664,0.014,0.000,-0.005,-0.116,0.082,19470,19908,35,-34,49,14.670,19569,19960
192810,-0.210,0.002,-0.004,0.000,-0.743,-0.049,0.667,0.009,0.000,-0.005,-0.105,0.085,19470,19906,32,-30,49,14.670,19569,19960
192910,-0.200,0.002,-0.003,0.000,-0.737,-0.053,0.674,0.006,0.000,-0.004,-0.087,0.086,19477,19913,28,-27,48,14.650,19455,19960
193010,0.040,0.000,-0.002,0.000,-0.733,-0.054,0.678,0.005,0.000,-0.003,-0.075,0.086,19489,19917,26,-25,48,14.650,19455,19960
193110,-0.150,-0.000,-0.001,0.000,-0.731,-0.053,0.681,0.005,0.000,-0.003,-0.068,0.085,19492,19917,26,-25,48,14.650,19455,19960
193209,0.100,-0.001,-0.001,-0.000,-0.729,-0.052,0.682,0.007,0.000,-0.003,-0.063,0.086,19484,19914,25,-24,48,14.670,19379,19685
193310,0.110,-0.002,-0.001,-0.000,-0.728,-0.049,0.684,0.012,0.000,-0.003,-0.060,0.087,19482,19918,25,-24,48,14.670,19379,19685
193410,0.310,0.003,0.000,0.001,-0.727,-0.049,0.684,0.010,0.000,-0.003,-0.059,0.084,19475,19893,26,-25,49,14.670,19531,19960
193510,0.300,0.003,-0.000,0.002,-0.727,-0.053,0.685,-0.001,0.000,-0.002,-0.057,0.076,19485,19872,26,-25,49,14.670,19531,19960
193610,0.430,0.002,-0.002,0.000,-0.725,-0.056,0.687,-0.008,0.000,-0.002,-0.050,0.070,19485,19862,24,-23,48,14.660,19531,19762
193710,-0.510,0.002,-0.003,0.000,-0.720,-0.060,0.691,-0.012,0.000,-0.001,-0.037,0.070,19496,19883,21,-20,48,14.660,19531,19762
193810,0.300,0.001,-0.004,0.001,-0.713,-0.063,0.698,-0.014,0.000,-0.001,-0.017,0.069,19477,19867,16,-15,49,14.660,19379,19685
193909,0.260,0.001,-0.009,0.001,-0.701,-0.063,0.710,-0.017,0.000,0.000,0.017,0.065,19469,19844,7,-6,49,14.660,19379,19685
194009,-0.170,0.002,-0.013,0.002,-0.678,-0.062,0.732,-0.020,0.000,0.002,0.079,0.055,19474,19811,-8,9,49,14.660,19379,19685
194109,0.020,-0.017,-0.012,-0.000,-0.652,-0.052,0.756,-0.010,0.000,0.004,0.149,0.053,19477,19831,-24,24,49,14.670,19379,19801
194209,0.290,0.002,-0.005,0.001,-0.635,-0.042,0.771,-0.000,0.000,0.005,0.195,0.053,19434,19790,-30,31,49,14.670,19379,19801
194309,-0.110,0.001,0.010,0.001,-0.641,-0.047,0.766,-0.007,0.000,0.004,0.179,0.049,19422,19766,-21,22,49,14.670,19455,19841
194409,-1.010,-0.003,0.017,-0.001,-0.671,-0.045,0.740,-0.007,0.000,0.002,0.101,0.050,19461,19817,0,1,49,14.670,19455,19841
194509,-0.540,-0.001,0.013,-0.001,-0.701,-0.045,0.712,-0.002,0.000,0.000,0.017,0.060,19466,19865,16,-15,49,14.660,19379,19801
194609,-0.070,0.006,0.006,0.002,-0.718,-0.051,0.695,-0.010,0.000,-0.001,-0.030,0.060,19467,19846,22,-21,49,14.660,19379,19801
194709,0.560,-0.003,-0.004,-0.001,-0.718,-0.047,0.694,-0.013,0.000,-0.001,-0.032,0.050,19442,19786,18,-17,49,14.660,19379,19801
194809,0.000,0.010,-0.010,-0.001,-0.703,-0.057,0.708,-0.018,0.000,0.000,0.010,0.056,19423,19799,5,-4,49,14.670,19305,19723
194909,-0.100,0.004,-0.015,-0.000,-0.675,-0.073,0.733,-0.028,0.000,0.002,0.087,0.058,19411,19791,-15,15,49,14.670,19305,19723
195009,-0.070,0.004,-0.015,0.001,-0.643,-0.079,0.761,-0.034,0.000,0.004,0.171,0.049,19423,19762,-33,34,49,14.670,19455,19841
195109,0.090,0.002,-0.006,-0.001,-0.620,-0.084,0.779,-0.035,0.000,0.006,0.229,0.050,19401,19754,-42,43,49,14.670,19455,19841
195209,0.130,0.000,0.003,-0.000,-0.618,-0.087,0.780,-0.036,0.000,0.006,0.235,0.052,19370,19734,-39,40,49,14.670,19379,19762
195309,0.130,0.000,0.010,-0.001,-0.633,-0.086,0.768,-0.037,0.000,0.005,0.196,0.052,19373,19738,-27,28,49,14.670,19379,19762
195409,-0.780,-0.002,0.013,0.000,-0.658,-0.083,0.747,-0.038,0.000,0.003,0.131,0.052,19393,19756,-12,13,49,14.680,19379,19801
195509,-0.370,-0.002,0.012,-0.001,-0.685,-0.082,0.723,-0.037,0.000,0.002,0.060,0.058,19405,19792,2,-1,49,14.680,19379,19801
195609,-0.010,-0.006,0.006,-0.001,-0.702,-0.074,0.708,-0.028,0.000,0.000,0.012,0.063,19382,19784,8,-8,49,14.660,19379,19646
195708,0.530,0.000,-0.000,0.000,-0.708,-0.066,0.703,-0.022,0.000,-0.000,-0.003,0.062,19344,19729,8,-7,49,14.660,19379,19646
195809,-0.550,0.003,-0.005,-0.000,-0.703,-0.072,0.707,-0.027,0.000,0.000,0.010,0.063,19350,19738,2,-1,49,14.660,19379,19646
195909,0.220,0.002,-0.008,-0.000,-0.689,-0.076,0.720,-0.028,0.000,0.001,0.049,0.065,19342,19735,-8,9,49,14.650,19305,19646
196009,-0.090,0.001,-0.011,0.001,-0.670,-0.082,0.737,-0.033,0.000,0.003,0.101,0.061,19359,19731,-21,22,49,14.650,19305,19646
196109,0.460,0.002,-0.009,0.001,-0.648,-0.077,0.758,-0.030,0.000,0.004,0.160,0.055,19362,19713,-34,34,49,14.670,19531,19801
196209,-0.090,0.000,0.006,-0.000,-0.645,-0.078,0.759,-0.031,0.000,0.004,0.166,0.054,19343,19705,-29,30,49,14.670,19531,19801
196309,0.380,-0.001,0.007,-0.001,-0.661,-0.079,0.745,-0.031,0.000,0.003,0.124,0.058,19337,19716,-18,19,49,14.650,19455,19607
196408,0.000,-0.001,0.004,-0.000,-0.671,-0.077,0.737,-0.029,0.000,0.003,0.098,0.060,19322,19710,-14,15,49,14.650,19455,19607
196508,-0.500,-0.002,0.005,0.000,-0.680,-0.071,0.729,-0.024,0.000,0.002,0.074,0.061,19347,19733,-10,11,49,14.670,19305,19531
196608,0.460,-0.000,0.006,-0.001,-0.691,-0.070,0.719,-0.022,0.000,0.001,0.045,0.065,19328,19730,-4,5,49,14.670,19305,19531
196709,0.000,0.003,0.004,-0.001,-0.701,-0.075,0.709,-0.026,0.000,0.000,0.015,0.068,19312,19721,2,-1,49,14.650,19305,19841
196808,-0.100,0.001,-0.004,0.000,-0.699,-0.078,0.710,-0.028,0.000,0.001,0.021,0.069,19311,19713,-3,4,49,14.650,19305,19841
196908,0.040,0.005,-0.008,-0.000,-0.686,-0.084,0.722,-0.033,0.000,0.002,0.056,0.067,19298,19692,-14,15,49,14.670,19230,19685
197008,0.070,0.004,-0.012,0.000,-0.666,-0.095,0.739,-0.040,0.000,0.003,0.111,0.066,19273,19663,-27,28,49,14.670,19230,19685
197108,0.170,0.001,-0.011,0.000,-0.639,-0.098,0.762,-0.040,0.000,0.006,0.181,0.064,19251,19633,-43,44,49,14.650,19379,19685
197209,0.040,-0.001,-0.001,-0.001,-0.628,-0.104,0.771,-0.042,0.000,0.007,0.210,0.066,19224,19620,-46,46,49,14.650,19379,19685
197308,-0.010,-0.001,0.007,-0.001,-0.634,-0.106,0.765,-0.042,0.000,0.007,0.193,0.070,19195,19610,-38,39,49,14.680,19230,19531
197408,0.030,-0.003,0.007,0.000,-0.651,-0.103,0.751,-0.040,0.000,0.005,0.150,0.073,19179,19599,-28,29,49,14.680,19230,19531
197508,-0.110,-0.005,0.007,0.002,-0.666,-0.093,0.739,-0.036,0.000,0.004,0.110,0.072,19180,19584,-21,22,49,14.670,19157,19607
197608,-0.190,0.000,0.005,0.001,-0.681,-0.081,0.727,-0.032,0.000,0.002,0.071,0.064,19210,19584,-14,15,49,14.670,19157,19607
197709,-0.160,0.001,0.000,0.001,-0.684,-0.080,0.724,-0.034,0.000,0.002,0.062,0.060,19189,19555,-15,16,49,14.670,19230,19646
197808,-0.550,0.001,-0.001,0.001,-0.683,-0.078,0.725,-0.037,0.000,0.002,0.063,0.053,19175,19521,-17,18,49,14.670,19230,19646
197908,-0.100,0.002,-0.001,0.000,-0.681,-0.080,0.726,-0.040,0.000,0.002,0.068,0.052,19158,19512,-19,20,49,14.670,19230,19646
198008,0.230,-0.000,-0.001,0.000,-0.679,-0.082,0.728,-0.041,0.000,0.002,0.075,0.051,19170,19528,-21,22,50,14.670,19230,19531
198108,-0.140,-0.001,-0.001,-0.001,-0.677,-0.079,0.731,-0.037,0.000,0.002,0.080,0.054,19158,19534,-22,23,50,14.670,19230,19531
198208,-0.080,0.001,0.001,-0.000,-0.679,-0.080,0.729,-0.035,0.000,0.002,0.077,0.057,19149,19531,-21,21,49,14.670,19230,19531
198308,-0.250,0.002,0.002,0.001,-0.682,-0.082,0.726,-0.039,0.000,0.002,0.068,0.055,19146,19516,-19,20,49,14.670,19230,19531
198408,0.360,0.001,0.002,-0.000,-0.685,-0.084,0.723,-0.042,0.000,0.001,0.059,0.055,19119,19491,-17,18,50,14.690,19157,19531
198508,-0.370,0.000,0.002,-0.000,-0.688,-0.086,0.719,-0.043,0.000,0.001,0.050,0.056,19107,19486,-16,17,50,14.690,19157,19531
198608,-0.360,-0.002,0.002,-0.001,-0.692,-0.086,0.716,-0.041,0.000,0.001,0.039,0.059,19084,19476,-14,14,49,14.650,19157,19531
198708,-0.020,-0.005,0.003,0.000,-0.697,-0.080,0.711,-0.035,0.000,0.001,0.025,0.062,19067,19461,-11,11,49,14.650,19157,19531
198808,-0.070,-0.004,0.003,0.000,-0.704,-0.070,0.707,-0.026,0.000,0.000,0.008,0.062,19069,19459,-7,8,49,14.670,19083,19531
198908,0.090,0.000,0.003,0.001,-0.709,-0.065,0.701,-0.025,0.000,-0.000,-0.008,0.058,19056,19427,-4,5,49,14.670,19083,19531
199008,-0.290,-0.005,0.003,-0.001,-0.715,-0.064,0.695,-0.025,0.000,-0.001,-0.025,0.057,19042,19420,0,1,49,14.670,19083,19531
199108,0.330,-0.006,0.002,-0.001,-0.722,-0.050,0.690,-0.009,0.000,-0.001,-0.042,0.059,19019,19407,3,-2,49,14.670,19083,19531
199208,0.370,0.004,0.001,-0.001,-0.723,-0.055,0.688,-0.011,0.000,-0.002,-0.046,0.064,19006,19411,3,-2,49,14.670,18939,19379
199308,-0.280,-0.001,0.003,0.000,-0.726,-0.060,0.685,-0.015,0.000,-0.002,-0.055,0.066,19026,19430,6,-5,49,14.670,18939,19379
199408,-0.160,-0.001,0.006,-0.001,-0.734,-0.058,0.676,-0.011,0.000,-0.003,-0.078,0.070,19009,19430,12,-11,49,14.680,19011,19379
199508,-0.180,-0.002,0.009,-0.001,-0.748,-0.058,0.661,-0.009,0.000,-0.005,-0.120,0.075,19011,19442,23,-22,49,14.680,19011,19379
199608,-0.490,-0.004,0.009,-0.002,-0.765,-0.051,0.642,-0.001,0.000,-0.007,-0.171,0.077,19023,19457,35,-34,49,14.670,19011,19455
199708,-0.140,0.001,0.002,0.001,-0.774,-0.051,0.631,0.001,0.000,-0.008,-0.201,0.080,19015,19449,39,-38,49,14.670,19011,19455
199808,-0.310,-0.002,-0.006,-0.000,-0.770,-0.048,0.636,0.003,0.000,-0.007,-0.188,0.078,19016,19440,33,-32,50,14.670,18939,19455
199908,-0.560,-0.000,-0.011,-0.001,-0.755,-0.047,0.654,0.008,0.000,-0.006,-0.142,0.081,19035,19469,21,-20,50,14.670,18939,19455
200008,-0.330,0.002,-0.015,0.000,-0.731,-0.046,0.680,0.011,0.000,-0.003,-0.070,0.082,19046,19481,4,-3,49,14.660,19083,19531
200108,-0.250,0.011,-0.006,0.002,-0.709,-0.058,0.703,-0.002,0.000,-0.000,-0.005,0.079,19066,19481,-6,8,49,14.660,19083,19531
200208,0.000,0.011,0.006,0.002,-0.707,-0.077,0.702,-0.029,0.000,-0.000,-0.002,0.069,19085,19459,0,2,50,14.670,19011,19531
200308,-0.010,-0.008,0.014,-0.002,-0.727,-0.081,0.681,-0.037,0.000,-0.002,-0.058,0.067,19085,19475,17,-16,50,14.670,19011,19531
200408,0.510,-0.007,0.017,-0.003,-0.758,-0.065,0.649,-0.016,0.000,-0.006,-0.151,0.077,19072,19513,39,-38,50,14.670,19083,19379
200508,0.090,-0.001,0.001,-0.002,-0.779,-0.063,0.623,-0.011,0.000,-0.009,-0.217,0.084,19059,19515,49,-48,50,14.670,19083,19379
200608,-0.170,-0.001,-0.017,0.001,-0.759,-0.064,0.648,-0.010,0.000,-0.007,-0.153,0.083,19074,19508,25,-24,49,14.650,19011,19455
200708,-0.010,0.005,-0.019,0.001,-0.723,-0.066,0.688,-0.013,0.000,-0.002,-0.046,0.077,19070,19476,0,1,49,14.650,19011,19455
200808,0.290,0.001,-0.008,0.000,-0.699,-0.067,0.712,-0.011,0.000,0.001,0.023,0.078,19053,19474,-10,11,50,14.660,19011,19531
200908,0.110,0.004,0.001,0.002,-0.693,-0.068,0.717,-0.017,0.000,0.001,0.038,0.070,19067,19451,-8,9,50,14.660,19011,19531
201008,-0.030,0.000,0.007,0.000,-0.701,-0.070,0.709,-0.026,0.000,0.000,0.016,0.062,19085,19450,1,0,50,14.650,19230,19379
201108,0.050,-0.000,0.012,-0.001,-0.719,-0.070,0.691,-0.027,0.000,-0.001,-0.036,0.064,19093,19479,15,-14,50,14.650,19230,19379
201208,0.480,0.001,0.012,0.001,-0.743,-0.068,0.666,-0.027,0.000,-0.004,-0.105,0.064,19074,19465,30,-29,50,14.650,19083,19531
201308,-0.310,-0.002,0.007,-0.000,-0.760,-0.066,0.646,-0.030,0.000,-0.005,-0.157,0.062,19067,19451,39,-38,50,14.650,19083,19531
201408,-0.230,-0.006,-0.003,-0.003,-0.765,-0.059,0.640,-0.020,0.000,-0.006,-0.173,0.065,19050,19452,39,-38,50,14.650,19083,19455
201508,0.030,-0.001,-0.009,0.000,-0.751,-0.059,0.657,-0.015,0.000,-0.005,-0.129,0.069,19079,19490,25,-24,50,14.650,19083,19455
201608,0.180,0.002,-0.011,0.000,-0.733,-0.062,0.677,-0.014,0.000,-0.003,-0.076,0.072,19028,19447,14,-13,49,14.670,19083,19379
201708,0.300,0.004,-0.008,-0.000,-0.713,-0.069,0.698,-0.017,0.000,-0.001,-0.018,0.074,19027,19449,2,-1,49,14.670,19083,19379
201808,-0.070,0.002,0.000,0.000,-0.707,-0.075,0.703,-0.023,0.000,-0.000,-0.001,0.074,19030,19444,4,-3,50,14.680,19083,19379
201908,0.260,-0.004,0.004,-0.000,-0.712,-0.072,0.699,-0.020,0.000,-0.001,-0.014,0.074,19026,19443,9,-8,50,14.680,19083,19379
202008,0.270,0.003,0.006,0.000,-0.721,-0.070,0.689,-0.019,0.000,-0.002,-0.040,0.075,19034,19449,16,-15,50,14.680,19011,19531
202108,0.510,0.000,0.006,0.000,-0.732,-0.077,0.677,-0.027,0.000,-0.003,-0.072,0.075,19039,19455,23,-22,50,14.680,19011,19531
202208,0.020,-0.004,0.004,-0.000,-0.740,-0.072,0.668,-0.023,0.000,-0.004,-0.098,0.075,19028,19444,28,-27,50,14.630,19011,19455
202308,0.520,-0.004,0.003,-0.001,-0.747,-0.065,0.661,-0.015,0.000,-0.005,-0.117,0.077,19002,19430,32,-31,50,14.670,19011,19379
202408,-0.220,0.002,-0.003,-0.000,-0.748,-0.061,0.661,-0.008,0.000,-0.005,-0.119,0.081,18999,19439,30,-29,50,14.670,19011,19379
202508,0.610,-0.001,-0.002,-0.001,-0.743,-0.060,0.667,-0.006,0.000,-0.004,-0.105,0.082,18988,19428,27,-26,50,14.670,19011,19379
202608,-0.260,0.001,-0.000,0.000,-0.741,-0.062,0.669,-0.005,0.000,-0.004,-0.098,0.085,18984,19430,27,-26,50,14.660,19011,19455
202708,0.080,-0.001,0.000,0.000,-0.741,-0.061,0.669,-0.006,0.000,-0.004,-0.099,0.083,18992,19423,28,-27,50,14.680,19083,19455
202808,0.040,-0.000,0.001,0.000,-0.743,-0.059,0.667,-0.006,0.000,-0.004,-0.105,0.080,18985,19407,31,-30,50,14.680,19083,19455
202908,0.150,-0.000,0.001,-0.000,-0.746,-0.058,0.664,-0.005,0.000,-0.005,-0.112,0.080,18970,19396,33,-32,50,14.680,19083,19455
203008,-0.590,-0.001,0.001,-0.001,-0.748,-0.058,0.661,-0.003,0.000,-0.005,-0.119,0.083,18986,19425,35,-34,50,14.650,19011,19305
203108,-0.030,0.000,0.001,-0.000,-0.750,-0.057,0.659,-0.002,0.000,-0.005,-0.127,0.084,18995,19435,37,-36,50,14.650,19083,19455
203208,0.400,-0.001,-0.002,-0.000,-0.749,-0.056,0.660,0.001,0.000,-0.005,-0.123,0.085,18985,19427,35,-34,50,14.650,19083,19455
203308,0.030,0.000,-0.003,-0.000,-0.744,-0.056,0.666,0.002,0.000,-0.005,-0.108,0.086,18990,19435,32,-31,50,14.650,19083,19455
203408,-0.270,0.001,-0.002,0.000,-0.739,-0.059,0.671,0.000,0.000,-0.004,-0.092,0.087,18999,19445,29,-28,50,14.670,18939,19379
203508,-0.240,-0.001,-0.001,-0.000,-0.736,-0.059,0.675,0.001,0.000,-0.004,-0.083,0.087,18998,19439,28,-27,50,14.650,18939,19455
203608,0.090,0.002,-0.001,0.000,-0.734,-0.059,0.676,-0.000,0.000,-0.004,-0.078,0.086,18994,19432,28,-27,50,14.650,18939,19455
203708,0.030,0.001,-0.001,-0.000,-0.732,-0.062,0.678,-0.004,0.000,-0.003,-0.072,0.086,18990,19428,27,-26,50,14.650,18939,19455
203808,0.030,-0.000,-0.002,0.000,-0.729,-0.063,0.681,-0.005,0.000,-0.003,-0.064,0.085,18976,19413,26,-25,50,14.650,19083,19379
203908,0.260,-0.000,-0.003,0.000,-0.725,-0.062,0.686,-0.004,0.000,-0.002,-0.051,0.084,18971,19405,23,-22,50,14.650,19083,19379
204008,-0.080,0.001,-0.003,-0.000,-0.719,-0.063,0.692,-0.005,0.000,-0.002,-0.034,0.084,18966,19401,19,-18,50,14.660,19011,19379
204108,-0.530,0.002,-0.005,0.000,-0.711,-0.066,0.700,-0.007,0.000,-0.001,-0.010,0.085,18982,19419,14,-13,50,14.660,19011,19379
204208,-0.100,0.004,-0.005,0.001,-0.700,-0.071,0.710,-0.012,0.000,0.001,0.019,0.082,18985,19407,7,-6,50,14.660,19011,19455
204308,0.140,0.006,-0.004,0.001,-0.690,-0.079,0.719,-0.024,0.000,0.002,0.046,0.074,18998,19392,2,-1,50,14.660,19011,19455
204408,0.050,-0.005,-0.003,-0.001,-0.685,-0.081,0.724,-0.026,0.000,0.002,0.061,0.073,18981,19389,0,1,50,14.680,19011,19455
204508,0.110,0.005,-0.004,0.001,-0.678,-0.078,0.731,-0.022,0.000,0.003,0.081,0.075,18965,19376,-5,6,50,14.680,19011,19455
204608,-0.140,-0.002,-0.008,0.000,-0.664,-0.076,0.744,-0.019,0.000,0.004,0.118,0.072,18958,19364,-15,16,50,14.670,19011,19305
204708,0.200,-0.001,-0.009,0.001,-0.647,-0.076,0.759,-0.019,0.000,0.006,0.164,0.069,18958,19354,-26,26,50,14.670,19011,19305
204808,0.080,-0.001,-0.011,0.001,-0.626,-0.074,0.776,-0.018,0.000,0.007,0.218,0.064,18963,19342,-39,39,51,14.670,18867,19305
204908,0.640,-0.001,-0.010,-0.000,-0.607,-0.071,0.792,-0.016,0.000,0.008,0.266,0.061,18928,19308,-49,49,51,14.670,18867,19305
205008,0.140,-0.001,-0.011,-0.000,-0.582,-0.069,0.810,-0.012,0.000,0.010,0.326,0.060,18905,19289,-63,64,50,14.680,18939,19305
205108,0.260,-0.000,0.001,-0.002,-0.568,-0.068,0.820,-0.005,0.000,0.013,0.362,0.069,18872,19299,-68,69,50,14.680,18939,19305
205208,-0.150,-0.000,0.018,-0.000,-0.588,-0.072,0.806,-0.008,0.000,0.011,0.314,0.072,18883,19310,-51,52,50,14.650,18796,19305
205308,-0.470,-0.001,0.028,-0.001,-0.639,-0.072,0.766,-0.011,0.000,0.007,0.184,0.075,18942,19374,-18,19,50,14.650,18796,19305
205408,-0.490,0.000,0.017,-0.000,-0.690,-0.073,0.720,-0.017,0.000,0.002,0.048,0.077,19027,19453,8,-7,50,14.670,19011,19455
205508,0.030,-0.007,-0.011,-0.001,-0.702,-0.062,0.710,-0.007,0.000,0.000,0.016,0.078,19012,19441,2,-1,50,14.670,19011,19455
205609,-0.510,0.010,-0.035,-0.001,-0.656,-0.070,0.751,-0.007,0.000,0.005,0.139,0.081,19032,19468,-39,41,50,14.670,18939,19455
205709,0.440,0.010,-0.032,-0.001,-0.577,-0.081,0.813,-0.011,0.000,0.012,0.340,0.074,19052,19449,-87,88,50,14.670,18939,19455
205809,0.150,0.005,-0.008,-0.002,-0.527,-0.098,0.844,-0.021,0.000,0.015,0.457,0.067,19055,19435,-103,103,50,14.670,19083,19455
205909,0.060,-0.006,0.017,0.001,-0.537,-0.101,0.837,-0.021,0.000,0.016,0.434,0.071,18992,19404,-86,86,50,14.670,19083,19455
206009,0.330,-0.003,0.026,0.000,-0.588,-0.093,0.803,-0.017,0.000,0.013,0.312,0.081,18978,19432,-54,54,50,14.670,19011,19379
206109,-0.220,-0.004,0.019,0.001,-0.640,-0.086,0.763,-0.018,0.000,0.007,0.181,0.082,19017,19455,-29,29,50,14.670,19011,19379
206209,0.120,-0.005,-0.000,-0.001,-0.664,-0.077,0.743,-0.010,0.000,0.005,0.117,0.087,18998,19459,-24,25,50,14.660,19011,19455
206309,0.090,-0.004,-0.014,-0.000,-0.648,-0.071,0.758,-0.003,0.000,0.007,0.160,0.086,19002,19447,-44,44,50,14.660,19011,19455
206409,0.020,0.001,-0.007,-0.001,-0.625,-0.058,0.779,0.013,0.000,0.010,0.221,0.092,18962,19428,-58,59,50,14.660,18796,19379
206509,0.900,0.000,0.009,0.001,-0.626,-0.059,0.778,0.010,0.000,0.010,0.218,0.089,18941,19383,-51,52,50,14.660,18796,19379
206609,0.410,-0.000,0.007,0.001,-0.646,-0.059,0.761,0.007,0.000,0.007,0.166,0.086,18926,19360,-39,39,50,14.660,18796,19379
206709,-0.310,-0.003,-0.000,0.001,-0.653,-0.056,0.755,0.007,0.000,0.006,0.148,0.083,18927,19353,-39,40,51,14.650,18939,19305
206809,0.200,-0.001,0.002,0.001,-0.654,-0.049,0.755,0.011,0.000,0.006,0.146,0.080,18904,19320,-40,41,51,14.650,18939,19305
206909,-0.270,-0.000,0.007,0.001,-0.662,-0.046,0.748,0.008,0.000,0.004,0.122,0.073,18911,19308,-34,34,50,14.650,18867,19230
207009,-0.120,-0.001,0.009,0.000,-0.680,-0.044,0.732,0.008,0.000,0.003,0.074,0.072,18944,19345,-22,23,50,14.650,18867,19230
207109,0.030,-0.002,0.001,-0.002,-0.693,-0.042,0.720,0.010,0.000,0.001,0.039,0.073,18927,19345,-18,19,50,14.660,18939,19305
207209,0.470,-0.000,-0.008,-0.000,-0.691,-0.039,0.721,0.015,0.000,0.002,0.044,0.076,18908,19334,-23,24,50,14.660,18939,19305
207309,-0.120,0.003,-0.013,0.000,-0.671,-0.040,0.740,0.014,0.000,0.004,0.100,0.075,18888,19305,-40,41,50,14.670,18867,19305
207409,0.180,0.003,-0.010,-0.000,-0.646,-0.046,0.762,0.010,0.000,0.006,0.167,0.074,18892,19307,-55,55,50,14.670,18867,19305
207509,0.000,0.001,0.006,0.001,-0.639,-0.049,0.768,0.007,0.000,0.007,0.185,0.072,18874,19282,-53,53,50,14.660,18796,19305
207609,0.080,-0.003,0.017,0.000,-0.665,-0.047,0.745,0.005,0.000,0.004,0.116,0.070,18885,19288,-31,32,50,14.660,18796,19305
207709,-0.220,-0.001,0.013,-0.001,-0.697,-0.045,0.715,0.007,0.000,0.001,0.028,0.073,18907,19324,-13,14,50,14.650,18939,19305
207809,0.360,0.000,0.000,-0.000,-0.711,-0.043,0.702,0.011,0.000,-0.000,-0.011,0.076,18908,19338,-11,12,50,14.650,18939,19305
207909,0.400,0.000,-0.011,-0.000,-0.703,-0.043,0.710,0.014,0.000,0.000,0.012,0.079,18885,19325,-22,23,51,14.670,18796,19455
208009,0.360,0.003,-0.015,0.001,-0.677,-0.045,0.735,0.010,0.000,0.003,0.084,0.077,18870,19289,-41,42,51,14.670,18796,19455
208109,0.400,0.002,-0.008,-0.000,-0.651,-0.048,0.758,0.006,0.000,0.005,0.154,0.070,18869,19266,-55,56,51,14.670,18796,19455
208209,-0.110,0.000,0.006,-0.001,-0.647,-0.049,0.761,0.006,0.000,0.006,0.164,0.072,18869,19280,-51,51,51,14.660,18867,19230
208309,-0.490,-0.001,0.016,0.000,-0.670,-0.049,0.740,0.006,0.000,0.004,0.102,0.075,18868,19293,-32,33,51,14.660,18867,19230
208409,-0.460,-0.004,0.014,-0.001,-0.703,-0.045,0.710,0.009,0.000,0.000,0.013,0.076,18894,19321,-12,13,50,14.680,18867,19305
208509,-0.100,-0.003,0.001,-0.001,-0.719,-0.040,0.694,0.015,0.000,-0.001,-0.033,0.079,18898,19332,-8,9,50,14.680,18867,19305
208609,-0.060,0.000,-0.009,-0.001,-0.714,-0.039,0.698,0.018,0.000,-0.001,-0.021,0.081,18905,19342,-16,17,50,14.650,18867,19305
208709,0.410,-0.003,-0.014,-0.000,-0.691,-0.037,0.721,0.023,0.000,0.002,0.043,0.085,18886,19336,-34,35,50,14.650,18867,19305
208809,0.130,0.002,-0.009,-0.000,-0.664,-0.035,0.746,0.025,0.000,0.005,0.117,0.084,18889,19327,-50,51,50,14.650,18939,19379
208909,0.230,0.002,0.010,-0.000,-0.662,-0.039,0.748,0.023,0.000,0.005,0.123,0.086,18849,19295,-43,44,50,14.650,18939,19379
209009,0.220,0.001,0.013,-0.003,-0.691,-0.044,0.721,0.023,0.000,0.002,0.043,0.094,18858,19341,-21,22,50,14.650,18796,19230
209109,-0.380,-0.002,0.004,-0.000,-0.708,-0.048,0.704,0.025,0.000,-0.000,-0.005,0.103,18873,19376,-15,15,50,14.650,18796,19230
209209,0.240,0.001,-0.005,0.000,-0.708,-0.046,0.704,0.025,0.000,-0.000,-0.004,0.101,18890,19366,-20,21,51,14.650,18796,19305
209309,0.530,0.001,-0.005,0.003,-0.697,-0.043,0.715,0.024,0.000,0.001,0.027,0.094,18916,19356,-28,29,51,14.650,18796,19305
209409,0.240,0.002,0.004,0.004,-0.695,-0.037,0.718,0.015,0.000,0.001,0.034,0.073,18902,19261,-27,28,51,14.650,18796,19305
209509,-0.040,0.002,0.007,0.002,-0.706,-0.035,0.707,0.003,0.000,0.000,0.002,0.054,18923,19237,-18,18,51,14.680,18867,19230
209609,-0.650,-0.001,0.004,0.001,-0.718,-0.033,0.695,-0.001,0.000,-0.001,-0.031,0.045,18948,19260,-11,12,51,14.680,18867,19230
209709,1.170,0.006,-0.008,0.002,-0.716,-0.021,0.698,0.001,0.000,-0.000,-0.025,0.032,18923,19204,-16,18,51,14.650,19011,19230
209809,0.300,-0.002,-0.006,0.001,-0.702,-0.017,0.712,-0.002,0.000,0.000,0.014,0.020,18952,19212,-27,28,51,14.650,19011,19230
209909,0.190,-0.002,-0.001,0.001,-0.695,-0.011,0.719,0.000,0.000,0.000,0.035,0.015,18944,19210,-29,30,51,14.650,18939,18656
210009,-0.300,0.000,0.007,0.002,-0.701,-0.009,0.714,-0.003,0.000,0.000,0.018,0.009,18910,19163,-22,23,51,14.650,18939,18656
210109,-0.210,-0.002,0.002,0.002,-0.711,-0.004,0.703,-0.006,0.000,0.000,-0.012,-0.003,18926,19145,-16,16,51,14.650,18867,19083
210209,0.430,-0.001,-0.005,0.001,-0.708,0.003,0.707,-0.006,0.000,0.000,-0.001,-0.013,18907,19102,-22,23,51,14.650,18867,19083
210309,0.160,-0.002,-0.003,0.001,-0.699,0.007,0.715,-0.007,0.000,-0.000,0.022,-0.020,18908,19089,-27,28,51,14.650,18867,19083
210409,-0.040,0.008,0.004,-0.004,-0.695,0.005,0.719,-0.013,0.000,-0.000,0.033,-0.025,18754,18941,-27,28,51,14.670,18939,19157
210509,0.300,-0.006,-0.005,0.002,-0.691,0.008,0.723,-0.012,0.000,-0.001,0.044,-0.029,18786,18942,-32,33,51,14.670,18939,19157
210609,-0.200,-0.001,-0.003,-0.001,-0.685,0.011,0.729,-0.003,0.000,-0.001,0.063,-0.020,18772,18978,-35,36,50,14.650,18726,18939
210709,0.540,-0.000,-0.002,-0.000,-0.678,0.013,0.735,0.002,0.000,-0.001,0.080,-0.014,18761,18979,-39,40,50,14.650,18726,18939
210810,0.160,-0.000,-0.002,0.002,-0.675,0.014,0.738,0.002,0.000,-0.001,0.090,-0.016,18796,18985,-41,42,51,14.650,18867,18867
210910,-0.160,-0.001,-0.003,0.001,-0.667,0.020,0.745,-0.004,0.000,-0.002,0.111,-0.033,18845,18951,-47,47,51,14.650,18867,18867
211010,-1.020,0.001,-0.005,-0.002,-0.657,0.019,0.753,-0.003,0.000,-0.002,0.136,-0.030,18852,18992,-53,54,51,14.680,18867,19011
211110,0.180,0.000,-0.003,-0.005,-0.648,0.011,0.761,0.000,0.000,-0.001,0.160,-0.014,18788,18997,-58,59,51,14.680,18867,19011
211210,-0.110,-0.000,0.001,-0.001,-0.646,0.004,0.763,0.006,0.000,0.000,0.165,0.005,18745,19004,-58,59,51,14.670,18796,19083
211310,0.300,0.001,0.002,0.001,-0.651,0.004,0.759,0.007,0.000,0.000,0.152,0.006,18737,18966,-54,55,51,14.670,18796,19083
211410,-0.540,0.000,0.006,0.002,-0.657,0.006,0.754,0.004,0.000,-0.000,0.136,-0.002,18797,18981,-51,52,51,14.670,18796,19083
211510,-0.590,0.001,0.002,0.000,-0.667,0.005,0.745,0.002,0.000,-0.000,0.111,-0.003,18818,19003,-47,48,51,14.660,18867,19011
211610,0.030,0.002,0.008,0.001,-0.674,0.005,0.739,-0.001,0.000,-0.000,0.092,-0.008,18851,19015,-42,43,51,14.660,18867,19011
211710,-0.180,0.000,0.018,0.006,-0.702,0.010,0.712,-0.010,0.000,-0.000,0.015,-0.028,18930,19000,-21,22,51,14.650,18796,19083
211810,0.180,-0.000,-0.007,0.001,-0.713,0.016,0.701,-0.019,0.000,0.000,-0.018,-0.050,18994,19000,-23,24,51,14.650,18796,19083
211910,0.210,0.003,-0.009,-0.003,-0.694,0.007,0.720,-0.015,0.000,-0.001,0.037,-0.030,18893,19019,-40,41,51,14.680,18939,19011
212010,-0.100,0.005,0.006,0.002,-0.690,-0.000,0.724,-0.024,0.000,-0.001,0.048,-0.034,18886,18960,-37,38,51,14.680,18939,19011
212110,0.050,0.003,0.009,-0.000,-0.707,-0.006,0.706,-0.034,0.000,0.000,-0.002,-0.039,18918,18968,-22,23,51,14.680,18939,19011
212210,0.260,0.000,0.001,-0.000,-0.718,-0.009,0.695,-0.038,0.000,0.001,-0.034,-0.039,18905,18948,-18,19,51,14.680,18939,18939
212310,0.180,-0.002,-0.000,-0.006,-0.718,-0.013,0.696,-0.030,0.000,0.000,-0.032,-0.022,18837,18960,-21,22,51,14.680,18939,18939
212410,0.050,-0.002,0.001,-0.004,-0.719,-0.019,0.694,-0.014,0.000,-0.000,-0.035,0.008,18762,18984,-20,21,51,14.670,18796,18939
212510,-0.170,-0.005,-0.003,-0.000,-0.720,-0.018,0.694,-0.003,0.000,-0.000,-0.036,0.022,18758,18989,-21,21,51,14.670,18796,18939
212610,0.250,-0.002,-0.002,0.000,-0.713,-0.011,0.701,0.004,0.000,-0.000,-0.016,0.022,18743,18944,-26,27,50,14.660,18796,19011
212710,0.210,0.002,-0.001,-0.002,-0.711,-0.013,0.703,0.006,0.000,-0.000,-0.011,0.027,18695,18915,-25,26,50,14.660,18796,19011
212810,0.070,0.002,-0.000,-0.002,-0.709,-0.022,0.705,0.007,0.000,-0.000,-0.005,0.040,18656,18932,-26,27,51,14.670,18726,19011
212910,-0.240,0.000,0.001,0.002,-0.708,-0.023,0.705,0.007,0.000,-0.000,-0.004,0.043,18676,18946,-26,27,51,14.670,18726,19011
213010,0.080,0.001,-0.001,0.002,-0.711,-0.022,0.703,0.000,0.000,-0.000,-0.012,0.032,18724,18949,-24,25,51,14.670,18726,19011
213110,-0.280,0.001,-0.003,-0.001,-0.708,-0.024,0.706,-0.004,0.000,-0.000,-0.002,0.029,18726,18964,-28,29,51,14.660,18587,18939
213210,-0.310,0.002,-0.002,0.000,-0.703,-0.025,0.711,-0.002,0.000,0.000,0.013,0.033,18698,18966,-31,32,51,14.660,18587,18939
213310,0.200,0.002,0.001,0.002,-0.702,-0.028,0.712,-0.009,0.000,0.000,0.015,0.027,18697,18943,-30,31,50,14.660,18587,18939
213410,0.050,0.000,-0.000,0.002,-0.702,-0.026,0.712,-0.016,-1.000,0.000,0.002,0.014,18567,18773,-27,28,50,14.660,18587,18939
213510,0.460,0.000,0.000,0.001,-0.702,-0.022,0.711,-0.018,-1.000,0.000,0.013,0.005,18405,18600,-30,31,51,14.670,18382,18587
213610,0.220,-0.001,-0.001,-0.001,-0.703,-0.023,0.711,-0.018,-1.000,0.000,0.012,0.007,18250,18481,-30,30,51,14.670,18382,18587
213710,-0.320,0.001,-0.001,-0.001,-0.700,-0.024,0.714,-0.016,-1.000,0.000,0.021,0.011,18109,18369,-32,33,51,14.670,18382,18587
213810,-0.350,0.002,-0.003,-0.001,-0.696,-0.029,0.718,-0.017,-1.000,0.000,0.032,0.016,17964,18246,-35,36,51,14.680,18050,18382
213910,0.100,0.001,-0.002,0.000,-0.691,-0.032,0.722,-0.019,-1.000,0.000,0.033,0.006,17833,18065,-34,35,51,14.680,18050,18382
214010,0.300,0.001,-0.002,-0.001,-0.686,-0.035,0.726,-0.022,-1.000,0.000,0.044,0.006,17661,17913,-37,38,50,14.690,17793,18050
214110,0.570,0.001,0.002,0.001,-0.681,-0.031,0.731,-0.022,-1.000,0.000,0.072,0.010,17487,17763,-44,45,50,14.690,17793,18050
214210,0.030,-0.002,-0.001,0.002,-0.682,-0.028,0.730,-0.027,-1.000,-0.000,0.079,-0.002,17369,17588,-45,46,51,14.710,16891,17667
214310,0.390,-0.001,-0.001,-0.001,-0.681,-0.025,0.732,-0.027,-1.000,-0.000,0.085,-0.006,17176,17398,-46,47,51,14.710,16891,17667
214410,-0.560,-0.003,-0.004,-0.004,-0.677,-0.027,0.735,-0.016,-1.000,0.000,0.095,0.013,16925,17259,-50,50,51,14.710,16891,17667
214510,-0.070,-0.000,0.001,0.001,-0.674,-0.029,0.738,-0.010,-1.000,0.001,0.091,0.024,16801,17159,-46,47,51,14.700,16778,17301
214610,0.050,-0.002,-0.003,0.001,-0.674,-0.025,0.739,-0.008,-1.000,0.001,0.093,0.023,16658,16996,-49,50,51,14.700,16778,17301
214710,0.020,-0.002,-0.001,-0.000,-0.669,-0.020,0.743,-0.003,-1.000,0.001,0.105,0.022,16508,16850,-53,54,51,14.720,16611,16835
214810,-0.190,-0.001,-0.002,0.000,-0.667,-0.017,0.744,-0.001,-1.000,0.001,0.109,0.021,16344,16680,-54,54,51,14.720,16611,16835
214910,0.100,-0.002,-0.002,0.000,-0.664,-0.014,0.748,0.001,-1.000,0.002,0.119,0.030,16122,16528,-57,57,51,14.720,16611,16835
215010,-0.360,-0.001,-0.001,-0.001,-0.660,-0.010,0.751,0.006,-1.000,0.002,0.129,0.033,15956,16367,-59,60,51,14.720,16129,16556
215110,0.200,0.002,-0.001,-0.000,-0.659,-0.010,0.752,0.007,-1.000,0.002,0.133,0.024,15828,16191,-60,61,51,14.720,16129,16556
215210,-0.120,0.001,-0.000,0.001,-0.657,-0.015,0.754,0.002,-1.000,0.002,0.138,0.024,15660,16028,-62,63,51,14.700,15822,16129
215310,0.040,0.000,0.000,0.000,-0.656,-0.015,0.754,0.001,-1.000,0.002,0.139,0.032,15455,15873,-62,63,51,14.700,15822,16129
215410,0.110,-0.001,-0.000,-0.001,-0.657,-0.016,0.754,0.002,-1.000,0.002,0.125,0.024,15294,15672,-59,60,51,14.730,15337,15772
215510,-0.050,-0.001,-0.001,-0.001,-0.656,-0.016,0.755,0.006,-1.000,0.002,0.126,0.031,15110,15532,-61,62,51,14.730,15337,15772
215610,0.200,-0.001,-0.001,0.001,-0.654,-0.015,0.756,0.009,-1.000,0.003,0.130,0.044,14899,15388,-63,64,51,14.730,15337,15772
215710,0.050,-0.001,0.001,0.001,-0.654,-0.010,0.756,0.010,-1.000,0.002,0.131,0.027,14765,15139,-63,64,51,14.740,15015,15432
215810,-0.040,-0.000,-0.000,0.000,-0.655,-0.007,0.756,0.008,-1.000,0.002,0.125,0.021,14600,14962,-62,63,51,14.740,15015,15432
215910,0.060,-0.001,-0.001,-0.000,-0.654,-0.006,0.757,0.009,-1.000,0.002,0.128,0.022,14394,14787,-64,65,51,14.750,14534,14880
216010,0.140,-0.001,-0.002,0.000,-0.651,-0.004,0.759,0.011,-1.000,0.002,0.134,0.023,14204,14611,-66,67,51,14.750,14534,14880
216110,0.320,0.000,-0.002,0.001,-0.649,-0.001,0.761,0.010,-1.000,0.002,0.140,0.017,14058,14414,-68,69,51,14.760,14124,14534
216210,0.190,-0.001,-0.004,-0.004,-0.642,-0.005,0.767,0.011,-1.000,0.002,0.160,0.024,13802,14233,-75,75,51,14.760,14124,14534
216310,-0.040,0.000,-0.003,-0.005,-0.633,-0.012,0.773,0.021,-1.000,0.005,0.180,0.048,13532,14116,-80,80,51,14.760,14124,14534
216410,0.190,-0.000,-0.002,-0.003,-0.627,-0.021,0.778,0.028,-1.000,0.008,0.194,0.069,13268,13936,-83,83,51,14.760,13477,14124
216510,0.110,0.001,-0.000,-0.000,-0.626,-0.024,0.779,0.033,-1.000,0.010,0.194,0.081,13058,13739,-82,83,51,14.760,13477,14124
216610,0.090,0.001,-0.001,0.000,-0.627,-0.025,0.778,0.030,-1.000,0.009,0.192,0.077,12897,13522,-83,83,51,14.770,12987,13698
216710,-0.040,0.000,-0.002,-0.001,-0.625,-0.027,0.779,0.028,-1.000,0.009,0.198,0.078,12681,13315,-86,86,51,14.770,12987,13698
216810,0.070,-0.000,-0.001,0.000,-0.623,-0.028,0.781,0.028,-1.000,0.010,0.203,0.079,12472,13115,-87,88,51,14.770,12987,13698
216910,0.170,0.000,0.001,0.002,-0.622,-0.026,0.782,0.025,-1.000,0.009,0.207,0.070,12267,12854,-89,89,51,14.780,12500,13157
217010,0.410,-0.000,-0.001,-0.001,-0.624,-0.023,0.781,0.022,-1.000,0.008,0.202,0.064,12009,12596,-88,89,51,14.780,12500,13157
217110,0.210,0.001,0.000,-0.000,-0.623,-0.026,0.782,0.023,-1.000,0.008,0.205,0.068,11762,12404,-90,91,51,14.790,11990,12594
217210,0.220,0.001,0.000,0.000,-0.622,-0.027,0.782,0.021,-1.000,0.008,0.207,0.066,11523,12163,-92,92,51,14.790,11990,12594
217310,0.150,0.001,0.001,-0.000,-0.623,-0.028,0.782,0.020,-1.000,0.008,0.205,0.065,11277,11926,-92,93,51,14.800,11389,12019
217410,0.180,-0.000,-0.001,-0.000,-0.622,-0.029,0.782,0.020,-1.000,0.008,0.207,0.066,11023,11699,-94,95,51,14.800,11389,12019
217510,0.220,0.000,0.000,0.000,-0.621,-0.028,0.783,0.020,-1.000,0.008,0.208,0.065,10775,11455,-95,96,51,14.800,11389,12019
217610,0.090,-0.000,0.001,0.000,-0.622,-0.028,0.782,0.019,-1.000,0.008,0.207,0.064,10484,11178,-96,96,50,14.810,10775,11441
217710,0.020,-0.000,0.001,0.001,-0.624,-0.027,0.781,0.019,-1.000,0.008,0.202,0.063,10208,10908,-95,96,50,14.810,10775,11441
217810,0.310,-0.000,0.000,0.001,-0.625,-0.026,0.780,0.018,-1.000,0.007,0.199,0.060,9952,10658,-96,97,51,14.830,10141,10822
217910,-0.280,-0.000,0.000,0.000,-0.626,-0.025,0.779,0.018,-1.000,0.007,0.197,0.059,9690,10413,-97,97,51,14.830,10141,10822
218010,0.220,-0.000,-0.000,0.001,-0.626,-0.024,0.779,0.017,-1.000,0.007,0.197,0.056,9422,10143,-98,99,51,14.830,10141,10822
218110,0.340,-0.000,0.001,0.002,-0.626,-0.021,0.779,0.015,-1.000,0.006,0.197,0.050,9143,9843,-99,99,51,14.810,9469,10162
218210,0.180,0.000,0.000,0.001,-0.628,-0.017,0.778,0.013,-1.000,0.005,0.191,0.041,8859,9526,-98,99,51,14.810,9469,10162
218310,0.380,0.000,-0.000,-0.000,-0.628,-0.016,0.778,0.012,-1.000,0.005,0.191,0.039,8501,9214,-99,100,51,14.830,8771,9433
218410,0.160,-0.000,0.000,0.000,-0.629,-0.016,0.777,0.013,-1.000,0.005,0.192,0.040,8155,8923,-101,101,51,14.830,8771,9433
218510,-0.100,-0.001,0.001,0.000,-0.630,-0.016,0.777,0.013,-1.000,0.005,0.189,0.040,7847,8648,-101,101,51,14.830,8771,9433
218610,0.100,0.001,0.002,0.002,-0.632,-0.014,0.775,0.012,-1.000,0.004,0.185,0.037,7552,8344,-100,101,51,14.850,7861,8650
218711,0.420,0.003,0.004,0.002,-0.641,-0.019,0.767,0.001,0.000,0.002,0.165,0.026,7217,7935,-96,97,51,14.850,7861,8650
218811,0.100,-0.002,-0.001,-0.002,-0.644,-0.021,0.765,0.002,0.000,0.003,0.159,0.030,7066,7907,-98,98,51,14.850,7183,7936
218911,-0.240,-0.001,-0.001,-0.001,-0.642,-0.022,0.766,0.010,0.000,0.004,0.166,0.044,7024,8004,-100,101,51,14.850,7183,7936
219011,-0.120,0.002,-0.001,0.000,-0.638,-0.023,0.770,0.011,-0.110,0.005,0.177,0.046,7075,8017,-104,105,51,14.880,7082,8038
219110,0.410,-0.002,-0.002,0.002,-0.635,-0.021,0.772,0.007,0.000,0.004,0.178,0.038,7108,7931,-104,105,51,14.880,7082,8038
219210,0.310,-0.002,-0.001,-0.000,-0.634,-0.014,0.773,0.010,0.000,0.004,0.179,0.033,6969,7792,-105,106,51,14.880,7082,8038
219310,-0.170,0.001,0.002,0.001,-0.635,-0.014,0.773,0.012,0.000,0.005,0.178,0.046,6886,7870,-105,106,51,14.850,6963,7836
219411,0.100,0.001,0.002,0.003,-0.641,-0.012,0.767,0.006,0.000,0.003,0.161,0.036,6927,7779,-102,102,51,14.850,6963,7836
219511,0.210,0.001,-0.001,0.002,-0.643,-0.008,0.766,0.002,0.000,0.001,0.148,0.014,6993,7632,-100,101,51,14.850,7022,7668
219611,0.310,0.001,-0.001,-0.001,-0.640,-0.008,0.769,-0.001,0.000,0.001,0.183,0.009,6893,7567,-111,112,51,14.850,7022,7668
219711,0.040,-0.002,-0.001,-0.002,-0.638,-0.010,0.770,0.003,0.000,0.002,0.187,0.018,6800,7625,-112,112,51,14.850,7022,7668
219811,-0.060,0.001,0.000,-0.001,-0.637,-0.013,0.771,0.005,0.000,0.002,0.189,0.025,6811,7690,-112,113,50,14.850,6793,7621
219911,0.110,-0.002,-0.004,-0.002,-0.635,-0.014,0.772,0.009,0.000,0.003,0.193,0.033,6754,7704,-115,116,50,14.850,6793,7621
220011,0.280,0.003,-0.000,0.001,-0.629,-0.016,0.777,0.010,0.000,0.004,0.210,0.036,6701,7627,-120,120,51,14.870,6702,7716
220111,0.290,0.001,-0.000,0.002,-0.630,-0.016,0.777,0.001,0.000,0.002,0.208,0.021,6692,7443,-119,120,51,14.870,6702,7716
220211,0.000,-0.000,-0.001,-0.001,-0.628,-0.015,0.778,0.001,0.000,0.002,0.212,0.021,6647,7453,-121,122,51,14.870,6702,7716
220311,-0.590,-0.001,-0.002,0.001,-0.626,-0.016,0.780,0.002,-0.200,0.002,0.218,0.023,6655,7488,-124,125,51,14.870,5296,5924
220410,0.470,0.001,-0.001,0.002,-0.622,-0.018,0.783,-0.005,-0.200,0.002,0.228,0.014,6509,7259,-127,128,51,14.870,5296,5924
220511,0.090,0.001,-0.000,-0.001,-0.620,-0.017,0.784,-0.009,-0.200,0.001,0.232,0.007,6337,7059,-129,130,50,14.890,305,305
220611,0.030,-0.000,-0.003,-0.002,-0.615,-0.020,0.788,-0.006,-0.200,0.002,0.244,0.015,6151,7040,-133,134,50,14.890,305,305
220711,0.100,0.001,-0.003,-0.001,-0.610,-0.025,0.792,-0.005,-0.200,0.003,0.257,0.023,5993,6972,-137,138,50,14.890,305,305
220811,-0.110,0.003,-0.007,-0.003,-0.601,-0.030,0.799,-0.005,-0.200,0.004,0.281,0.028,5727,6779,-145,146,50,14.880,305,305
220911,-0.040,0.004,-0.006,0.003,-0.589,-0.041,0.807,-0.022,-0.200,0.002,0.308,0.013,5856,6626,-152,153,50,14.880,305,305
221011,0.340,-0.008,-0.018,0.001,-0.553,-0.033,0.832,-0.012,-0.200,0.003,0.395,0.016,5645,6566,-178,181,50,14.870,305,305
221111,0.710,-0.004,-0.018,0.000,-0.515,-0.024,0.857,-0.004,-0.200,0.004,0.485,0.016,5259,6259,-198,199,50,14.870,305,305
221211,0.220,-0.004,-0.022,-0.001,-0.466,-0.013,0.885,-0.001,-0.200,0.003,0.593,0.010,5109,6049,-200,200,50,14.870,305,305
221311,-0.020,-0.002,-0.011,-0.002,-0.424,-0.010,0.906,0.006,-0.200,0.007,0.682,0.018,4965,6068,-200,200,50,14.870,305,305
221410,0.120,-0.001,-0.006,-0.001,-0.405,-0.012,0.914,0.012,-0.200,0.011,0.720,0.029,4754,6007,-200,200,50,14.870,305,305
221508,0.030,0.002,-0.016,-0.002,-0.384,-0.014,0.923,0.009,-0.200,0.010,0.763,0.025,4673,5822,-200,200,50,14.890,305,305
221611,-0.560,0.004,-0.027,-0.005,-0.328,-0.025,0.944,0.003,-0.200,0.010,0.871,0.021,4715,5805,-200,200,50,14.890,305,305
221711,-0.310,0.008,-0.018,-0.002,-0.262,-0.035,0.964,-0.006,-0.200,0.004,0.993,0.006,4901,5739,-199,200,50,14.890,305,305
221811,0.040,0.004,0.005,-0.000,-0.250,-0.038,0.967,-0.017,-0.200,-0.007,1.015,-0.012,5007,5635,-199,200,50,14.900,305,305
221911,0.410,0.004,0.001,0.002,-0.261,-0.037,0.964,-0.029,-0.200,-0.018,0.994,-0.031,4837,5291,-199,200,50,14.900,305,305
222011,0.390,0.009,-0.005,0.002,-0.254,-0.035,0.966,-0.045,-0.200,-0.034,1.004,-0.059,4674,4765,-199,200,50,14.890,305,305
222111,0.250,0.012,-0.008,0.003,-0.233,-0.034,0.969,-0.075,-0.200,-0.067,1.034,-0.110,4768,4016,-198,200,50,14.890,305,305
222211,0.070,0.008,-0.007,0.003,-0.209,-0.032,0.972,-0.102,-0.200,-0.101,1.068,-0.156,4864,3401,-198,200,50,14.890,305,305
222311,0.320,0.002,0.010,0.000,-0.216,-0.027,0.969,-0.113,-0.200,-0.112,1.051,-0.176,4735,3004,-198,200,50,14.890,305,305
222411,0.060,0.001,0.008,-0.003,-0.243,-0.025,0.963,-0.117,-0.200,-0.110,1.004,-0.184,4608,2631,-198,200,50,14.890,305,305
222511,0.150,-0.000,0.011,-0.001,-0.270,-0.024,0.955,-0.117,-0.200,-0.102,0.955,-0.183,4433,2098,-198,200,50,14.900,305,305
222611,0.100,0.000,-0.002,-0.000,-0.282,-0.026,0.952,-0.115,-0.200,-0.097,0.933,-0.179,4201,1148,-198,200,50,14.900,305,305
222710,0.110,0.001,-0.002,0.000,-0.277,-0.026,0.954,-0.116,-0.200,-0.100,0.943,-0.181,4166,0,-198,200,50,14.900,305,305
222811,0.140,0.001,0.002,-0.001,-0.276,-0.026,0.954,-0.117,-0.200,-0.101,0.944,-0.184,4151,0,-198,200,50,14.900,305,305
222911,0.050,-0.001,-0.000,-0.002,-0.279,-0.031,0.953,-0.113,-0.200,-0.095,0.940,-0.174,3994,0,-198,200,50,14.900,305,305
223011,0.250,-0.002,0.001,-0.001,-0.279,-0.033,0.954,-0.109,-0.200,-0.091,0.942,-0.167,3792,0,-198,200,49,14.910,305,305
223111,0.260,0.001,0.005,-0.003,-0.284,-0.038,0.952,-0.107,-0.200,-0.087,0.932,-0.161,3426,0,-198,200,49,14.910,305,305
223211,0.390,-0.001,0.002,-0.000,-0.298,-0.041,0.948,-0.107,-0.200,-0.082,0.906,-0.157,3319,0,-198,200,49,14.910,305,305
223311,0.560,-0.001,-0.006,0.006,-0.297,-0.032,0.948,-0.106,-0.200,-0.085,0.909,-0.162,3424,0,-198,200,50,14.910,305,305
223411,0.120,-0.002,-0.017,0.006,-0.259,-0.019,0.960,-0.108,-0.200,-0.098,0.979,-0.171,3503,0,-198,200,50,14.910,305,305
223511,0.340,0.007,-0.032,-0.003,-0.190,-0.030,0.976,-0.106,-0.200,-0.109,1.098,-0.162,3679,0,-197,200,49,14.920,305,305
223611,0.240,-0.003,0.012,0.002,-0.168,-0.026,0.979,-0.116,-0.200,-0.127,1.132,-0.179,3867,0,-198,200,49,14.920,305,305
223711,0.170,-0.000,0.005,0.001,-0.189,-0.017,0.975,-0.113,-0.200,-0.120,1.099,-0.178,3513,0,-198,200,49,14.920,305,305
223811,0.050,0.006,0.006,0.002,-0.205,-0.017,0.971,-0.119,-0.200,-0.123,1.069,-0.189,3640,0,-197,200,49,14.910,305,305
223911,0.080,0.008,0.014,-0.001,-0.231,-0.016,0.963,-0.135,-0.200,-0.132,1.018,-0.215,3875,0,-197,200,49,14.910,305,305
224011,0.680,0.008,0.010,-0.000,-0.263,-0.018,0.951,-0.161,-0.200,-0.146,0.948,-0.258,4209,0,-197,200,49,14.910,305,305
224111,0.150,0.003,-0.004,-0.001,-0.269,-0.023,0.947,-0.173,-0.200,-0.154,0.929,-0.276,4195,0,-197,200,49,14.910,305,305
224211,-0.050,-0.004,-0.005,0.001,-0.256,-0.025,0.951,-0.169,-0.200,-0.154,0.955,-0.267,3985,0,-197,200,49,14.910,305,305
224311,0.230,-0.001,0.003,0.002,-0.251,-0.021,0.954,-0.164,-0.200,-0.152,0.967,-0.261,3915,0,-197,200,49,14.920,305,305
224411,0.370,-0.000,0.005,-0.003,-0.258,-0.023,0.952,-0.163,-0.200,-0.148,0.955,-0.259,3888,0,-197,200,49,14.920,305,305
224511,0.000,-0.001,0.001,-0.002,-0.269,-0.028,0.949,-0.160,-0.200,-0.140,0.937,-0.251,3826,0,-197,200,49,14.920,305,305
224611,0.090,-0.003,-0.000,-0.002,-0.271,-0.030,0.950,-0.152,-0.200,-0.133,0.937,-0.239,3715,0,-197,200,49,14.920,305,305
224711,0.090,-0.002,-0.000,-0.003,-0.267,-0.033,0.952,-0.143,-0.200,-0.125,0.948,-0.222,3587,0,-198,200,49,14.920,305,305
224808,0.250,-0.000,0.000,-0.004,-0.268,-0.042,0.953,-0.138,-0.200,-0.117,0.948,-0.209,3518,0,-198,200,49,14.910,305,305
224911,0.330,0.001,0.000,-0.003,-0.271,-0.052,0.951,-0.136,-0.200,-0.112,0.942,-0.202,3524,0,-198,200,49,14.910,305,305
225011,0.640,-0.001,-0.001,0.003,-0.272,-0.050,0.951,-0.142,-0.200,-0.118,0.938,-0.212,3707,0,-197,200,49,14.910,305,305
225111,-0.080,0.000,0.004,0.001,-0.272,-0.045,0.950,-0.149,-0.200,-0.125,0.934,-0.226,3833,0,-197,200,49,14.910,305,305
225210,-0.210,-0.002,-0.001,-0.002,-0.275,-0.045,0.950,-0.144,-0.200,-0.121,0.932,-0.219,3709,0,-197,200,49,14.910,305,305
225311,0.190,0.000,-0.001,0.002,-0.268,-0.043,0.951,-0.145,-0.200,-0.123,0.943,-0.220,3723,0,-197,200,49,14.910,305,305
225410,0.790,-0.006,0.001,0.003,-0.269,-0.035,0.953,-0.138,-0.200,-0.119,0.947,-0.213,3629,0,-198,200,49,14.910,305,305
225511,0.070,-0.008,-0.003,-0.002,-0.266,-0.029,0.957,-0.114,-0.200,-0.100,0.964,-0.177,3207,0,-198,200,49,14.910,305,305
225611,0.130,-0.008,-0.002,0.001,-0.263,-0.022,0.960,-0.090,-0.200,-0.080,0.978,-0.140,2903,0,-198,200,49,14.920,305,305
225710,0.070,-0.006,-0.002,0.000,-0.254,-0.015,0.965,-0.071,-0.200,-0.065,1.000,-0.112,2724,0,-198,200,49,14.920,305,305
225811,0.110,-0.003,0.001,0.001,-0.255,-0.011,0.965,-0.060,-0.200,-0.055,1.000,-0.095,2714,0,-198,200,49,14.930,305,305
225911,0.130,-0.001,0.004,0.002,-0.266,-0.004,0.962,-0.058,-0.200,-0.054,0.981,-0.096,2891,0,-198,200,49,14.930,305,305
226012,0.220,-0.001,0.001,0.001,-0.272,0.003,0.961,-0.057,-0.200,-0.054,0.971,-0.097,2958,0,-198,200,49,14.930,305,305
226111,0.050,-0.001,0.001,0.000,-0.275,0.005,0.960,-0.054,-0.200,-0.051,0.966,-0.092,2897,0,-198,200,48,14.930,305,305
226211,-0.030,-0.002,-0.001,0.001,-0.276,0.010,0.960,-0.053,-0.200,-0.052,0.966,-0.094,2949,0,-198,200,48,14.930,305,305
226310,0.060,-0.005,0.006,0.001,-0.282,0.013,0.958,-0.047,-0.200,-0.047,0.955,-0.086,2842,0,-199,200,48,14.930,305,305
226410,-0.080,-0.009,0.014,-0.005,-0.315,0.018,0.949,-0.023,-0.200,-0.025,0.896,-0.050,2252,0,-199,200,48,14.930,305,305
226510,0.130,-0.002,0.002,-0.003,-0.331,0.004,0.944,-0.009,-0.200,-0.008,0.867,-0.017,1914,0,-199,200,48,14.920,305,305
226608,0.190,0.001,0.000,0.002,-0.335,0.001,0.942,-0.008,-0.200,-0.007,0.859,-0.015,2213,0,-199,200,48,14.920,305,305
226710,0.050,0.002,-0.001,-0.000,-0.334,0.004,0.942,-0.012,-0.200,-0.011,0.860,-0.023,2438,0,-199,200,48,14.920,305,305
226810,0.190,0.002,-0.001,0.000,-0.332,0.003,0.943,-0.018,-0.200,-0.016,0.864,-0.033,2594,0,-199,200,48,14.920,305,305
226910,0.140,0.004,0.000,0.000,-0.329,-0.000,0.944,-0.026,-0.200,-0.021,0.869,-0.044,2727,0,-199,200,48,14.920,305,305
227010,0.010,-0.000,0.002,0.000,-0.332,0.001,0.943,-0.030,-0.200,-0.025,0.863,-0.052,2762,0,-199,200,48,14.930,305,305
227108,0.030,-0.000,-0.001,-0.000,-0.333,0.001,0.943,-0.029,-0.200,-0.024,0.861,-0.049,2653,0,-199,200,48,14.930,305,305
227210,0.110,0.002,-0.004,0.002,-0.326,0.000,0.945,-0.031,-0.200,-0.026,0.874,-0.053,2721,0,-199,200,48,14.940,305,305
227311,0.110,-0.001,0.001,0.001,-0.325,0.004,0.945,-0.033,-0.200,-0.028,0.877,-0.058,2760,0,-199,200,48,14.940,305,305
227408,0.040,-0.001,-0.002,-0.000,-0.324,0.001,0.946,-0.030,-0.200,-0.026,0.879,-0.052,2632,0,-199,200,48,14.940,305,305
227508,0.180,-0.001,-0.001,0.000,-0.320,0.002,0.947,-0.028,-0.200,-0.024,0.886,-0.048,2590,0,-199,200,48,14.920,305,305
227608,0.090,-0.001,-0.000,-0.002,-0.318,0.000,0.948,-0.025,-0.200,-0.021,0.889,-0.042,2502,0,-199,200,48,14.920,305,305
227710,-0.100,-0.005,0.006,-0.004,-0.324,-0.004,0.946,-0.015,-0.200,-0.011,0.880,-0.023,2195,0,-199,200,48,14.930,305,305
227809,0.530,-0.004,0.006,-0.005,-0.341,-0.014,0.940,0.005,-0.200,0.008,0.847,0.017,1450,0,-199,200,48,14.930,305,305
227909,0.150,-0.003,0.015,0.005,-0.364,-0.011,0.931,0.010,-0.200,0.011,0.802,0.025,1725,0,-199,200,48,14.940,305,305
228009,0.510,0.001,0.016,0.002,-0.412,-0.003,0.911,0.007,-0.200,0.005,0.706,0.013,2077,0,-199,200,48,14.940,305,305
228109,0.160,-0.001,0.003,-0.001,-0.429,-0.005,0.903,0.008,-0.200,0.006,0.671,0.017,1944,0,-199,200,48,14.920,305,305
228209,0.280,0.002,0.013,-0.000,-0.446,-0.007,0.895,0.006,-0.200,0.006,0.635,0.017,1958,0,-199,200,48,14.920,305,305
228309,-0.570,0.004,0.029,0.003,-0.496,-0.010,0.868,-0.005,-0.200,0.000,0.527,0.001,2411,0,-191,193,48,14.920,305,305
228409,-0.510,0.003,0.033,0.006,-0.571,-0.005,0.821,-0.025,-0.200,-0.006,0.352,-0.035,3189,0,-150,152,48,14.930,305,305
228509,-0.020,0.001,0.008,-0.000,-0.613,-0.000,0.790,-0.032,-0.200,-0.006,0.249,-0.050,2974,0,-139,141,48,14.930,305,305
228609,0.250,-0.000,0.005,-0.001,-0.624,-0.004,0.781,-0.032,-0.200,-0.005,0.222,-0.045,2644,0,-139,141,48,14.940,305,305
228709,0.270,0.002,0.016,0.003,-0.647,-0.001,0.762,-0.035,-0.200,-0.004,0.162,-0.052,2757,0,-124,126,48,14.940,305,305
228809,0.090,0.001,0.022,0.002,-0.686,0.005,0.726,-0.043,-0.200,-0.002,0.056,-0.069,2950,0,-98,100,48,14.930,305,305
228909,-0.190,0.000,0.027,0.003,-0.733,0.014,0.678,-0.049,-0.200,0.003,-0.081,-0.086,3121,0,-67,69,48,14.930,305,305
229009,-0.510,-0.000,0.026,0.002,-0.781,0.019,0.622,-0.054,-0.200,0.011,-0.228,-0.097,3309,0,-37,38,48,14.930,305,305
229109,-0.420,0.002,0.026,0.003,-0.821,0.025,0.567,-0.060,-0.200,0.020,-0.363,-0.107,3490,0,-9,10,48,14.930,305,305
229209,-0.410,0.004,0.030,0.004,-0.862,0.029,0.501,-0.071,-0.200,0.031,-0.516,-0.117,3642,0,26,-25,48,14.930,305,305
229309,-1.060,0.004,0.031,-0.001,-0.902,0.025,0.425,-0.076,-0.200,0.037,-0.680,-0.104,3735,0,63,-62,48,14.930,305,305
229409,-0.610,0.003,0.025,-0.002,-0.932,0.020,0.355,-0.077,-0.200,0.038,-0.822,-0.084,3957,1046,92,-91,48,14.930,305,305
229509,0.310,0.002,0.011,-0.003,-0.948,0.016,0.310,-0.071,-0.200,0.034,-0.908,-0.066,3740,1013,107,-106,48,14.940,305,305
229608,0.140,-0.001,0.008,-0.001,-0.956,0.015,0.285,-0.066,-0.200,0.032,-0.953,-0.059,3585,0,117,-116,48,14.940,305,305
229709,-0.220,-0.001,0.010,0.001,-0.962,0.018,0.266,-0.067,-0.200,0.034,-0.989,-0.060,3502,0,128,-128,48,14.930,305,305
229809,-0.230,0.000,0.011,0.001,-0.968,0.020,0.239,-0.072,-0.200,0.038,-1.038,-0.063,3451,0,144,-143,48,14.930,305,305
229909,0.100,0.001,-0.002,0.000,-0.971,0.018,0.227,-0.074,-0.200,0.036,-1.058,-0.058,3297,0,149,-148,48,14.920,305,305
230008,0.050,0.000,-0.002,0.001,-0.969,0.016,0.234,-0.077,-0.200,0.035,-1.045,-0.057,3134,0,150,-149,48,14.920,305,305
230108,-0.070,0.000,-0.004,0.001,-0.967,0.015,0.242,-0.081,-0.200,0.035,-1.032,-0.058,3055,0,151,-151,47,14.940,305,305
230209,0.020,-0.000,-0.015,0.003,-0.961,0.014,0.264,-0.085,-0.200,0.036,-0.993,-0.063,2936,0,145,-144,47,14.940,305,305
230309,0.260,0.001,-0.013,0.014,-0.946,0.016,0.306,-0.108,-0.200,0.044,-0.917,-0.086,3135,0,132,-132,48,14.940,305,305
230408,0.040,0.000,-0.005,0.023,-0.932,0.028,0.325,-0.158,-0.200,0.067,-0.885,-0.139,3696,0,134,-135,48,14.940,305,305
230509,-0.360,-0.000,-0.008,0.022,-0.916,0.045,0.334,-0.217,-0.200,0.096,-0.873,-0.206,4227,0,136,-138,48,14.940,305,305
230608,-0.470,-0.002,-0.008,0.015,-0.895,0.057,0.357,-0.261,-0.200,0.114,-0.832,-0.265,4533,0,130,-133,48,14.930,305,305
230708,-0.510,0.000,-0.002,0.007,-0.884,0.068,0.366,-0.284,-0.200,0.125,-0.817,-0.302,4730,0,134,-137,48,14.930,305,305
230808,-0.210,-0.000,0.002,0.005,-0.880,0.074,0.364,-0.297,-0.200,0.133,-0.823,-0.320,4764,0,142,-144,47,14.940,305,305
230908,-0.090,-0.004,-0.006,0.005,-0.875,0.082,0.366,-0.305,-0.200,0.139,-0.819,-0.340,4783,0,142,-145,47,14.940,305,305
231008,-0.210,-0.010,-0.014,0.004,-0.858,0.093,0.397,-0.311,-0.200,0.140,-0.756,-0.382,4961,0,128,-131,47,14.940,305,305
231108,0.250,-0.013,-0.014,0.003,-0.836,0.113,0.439,-0.308,-0.200,0.137,-0.662,-0.438,5196,0,110,-113,47,14.940,305,305
231208,0.680,-0.008,-0.008,0.004,-0.816,0.135,0.472,-0.305,-0.200,0.131,-0.580,-0.491,5309,0,99,-101,47,14.940,305,305
231308,0.610,-0.000,-0.000,0.004,-0.809,0.146,0.478,-0.309,-0.200,0.132,-0.563,-0.514,5280,0,104,-107,47,14.940,305,305
231408,0.160,0.002,0.002,0.004,-0.807,0.151,0.474,-0.319,-0.200,0.137,-0.573,-0.528,5256,0,112,-115,47,14.940,305,305
231508,-0.250,0.004,0.004,0.003,-0.809,0.153,0.462,-0.329,-0.200,0.145,-0.600,-0.533,5202,0,122,-125,47,14.940,305,305
231608,-0.200,0.001,0.001,-0.001,-0.814,0.151,0.454,-0.331,-0.200,0.149,-0.621,-0.525,5149,0,128,-131,47,14.950,305,305
231708,-0.110,-0.000,0.001,0.001,-0.815,0.151,0.452,-0.328,-0.200,0.149,-0.624,-0.522,5089,0,131,-134,47,14.950,305,305
231808,0.120,0.001,0.003,-0.001,-0.817,0.151,0.450,-0.328,-0.200,0.151,-0.629,-0.521,5068,0,135,-138,47,14.950,305,305
231908,0.190,0.001,0.001,-0.002,-0.822,0.148,0.444,-0.323,-0.200,0.152,-0.643,-0.509,4976,0,141,-144,47,14.950,305,305
232008,0.250,0.002,0.003,-0.002,-0.826,0.144,0.442,-0.317,-0.200,0.150,-0.647,-0.497,4914,0,145,-148,47,14.940,305,305
232108,0.190,0.003,0.005,-0.004,-0.834,0.140,0.435,-0.311,-0.200,0.151,-0.665,-0.481,4812,0,153,-156,47,14.940,305,305
232208,-0.080,0.007,0.010,-0.010,-0.850,0.126,0.417,-0.297,-0.200,0.149,-0.705,-0.438,4471,0,168,-171,47,14.940,305,305
232308,-0.250,0.010,0.011,-0.013,-0.875,0.098,0.386,-0.275,-0.200,0.139,-0.774,-0.358,3893,0,188,-190,47,14.940,305,305
232408,-0.170,0.005,0.009,-0.006,-0.893,0.078,0.360,-0.257,-0.200,0.128,-0.827,-0.299,3605,0,199,-200,47,14.940,305,305
232508,-0.410,0.003,0.010,-0.003,-0.905,0.072,0.334,-0.251,-0.200,0.125,-0.876,-0.271,3690,0,199,-200,47,14.940,305,305
232608,-0.730,0.005,0.012,-0.006,-0.919,0.065,0.305,-0.243,-0.200,0.120,-0.931,-0.239,3782,0,199,-200,47,14.950,305,305
232708,-0.460,0.002,0.004,-0.008,-0.930,0.054,0.285,-0.226,-0.200,0.108,-0.966,-0.203,3884,0,199,-200,47,14.950,305,305
232808,-0.050,0.003,0.008,-0.010,-0.939,0.042,0.275,-0.204,-0.200,0.091,-0.983,-0.167,3800,0,199,-200,47,14.940,305,305
232908,-0.130,0.004,0.010,-0.008,-0.951,0.032,0.247,-0.184,-0.200,0.077,-1.029,-0.132,3533,0,200,-200,47,14.940,305,305
233008,0.150,0.002,0.005,-0.003,-0.958,0.023,0.228,-0.175,-0.200,0.065,-1.061,-0.106,3178,0,200,-200,47,14.940,305,305
233108,0.100,0.001,-0.000,-0.003,-0.959,0.019,0.224,-0.171,-0.200,0.060,-1.068,-0.096,2990,0,200,-200,47,14.940,305,305
233208,0.120,0.002,0.001,-0.004,-0.961,0.012,0.223,-0.164,-0.200,0.050,-1.068,-0.081,2663,0,200,-200,47,14.940,305,305
233308,-0.230,0.003,0.004,-0.004,-0.964,0.002,0.215,-0.158,-0.200,0.039,-1.081,-0.061,2478,0,200,-200,47,14.940,305,305
233408,-0.160,0.002,0.003,-0.004,-0.967,-0.005,0.204,-0.152,-0.200,0.029,-1.097,-0.044,2342,0,200,-200,47,14.920,305,305
233508,0.130,0.001,-0.000,-0.003,-0.970,-0.009,0.197,-0.144,-0.200,0.021,-1.109,-0.032,2306,0,200,-200,47,14.920,305,305
233608,-0.810,-0.001,-0.024,-0.002,-0.963,-0.015,0.229,-0.139,-0.200,0.018,-1.052,-0.029,2642,0,200,-200,47,14.960,305,305
233708,-1.670,-0.013,-0.055,-0.002,-0.932,-0.012,0.340,-0.126,-0.200,0.027,-0.851,-0.057,3735,0,200,-200,47,14.960,305,305
233808,-1.960,-0.013,-0.060,0.002,-0.863,0.000,0.493,-0.107,-0.200,0.028,-0.534,-0.102,5135,1806,172,-173,46,14.960,305,305
233908,-0.890,-0.012,-0.050,-0.002,-0.779,0.017,0.621,-0.088,-0.200,0.015,-0.231,-0.134,5736,2823,114,-113,46,14.960,305,305
234008,-0.780,-0.006,-0.042,-0.009,-0.699,0.019,0.712,-0.060,-0.200,-0.001,0.015,-0.112,5703,3826,70,-69,47,14.960,305,305
234108,-1.230,-0.004,-0.049,-0.007,-0.608,0.007,0.794,-0.034,-0.200,-0.008,0.262,-0.063,5790,4807,19,-17,47,14.960,305,305
234208,-1.220,-0.005,-0.058,-0.003,-0.486,0.001,0.874,-0.014,-0.200,-0.007,0.547,-0.025,6099,5482,-45,46,47,14.950,305,305
234308,-0.840,-0.009,-0.056,-0.003,-0.342,0.004,0.940,0.007,-0.200,0.004,0.846,0.009,6439,6094,-109,109,47,14.950,305,305
234408,-0.300,-0.004,-0.028,-0.004,-0.233,-0.000,0.972,0.022,-0.200,0.022,1.044,0.036,6510,6309,-141,141,47,14.940,305,305
234508,0.070,0.000,-0.019,-0.001,-0.175,-0.002,0.984,0.027,-0.200,0.031,1.144,0.044,6419,6131,-158,158,47,14.940,305,305
234608,0.340,-0.000,-0.020,-0.000,-0.124,0.001,0.992,0.024,-0.200,0.029,1.227,0.037,6258,5809,-178,178,47,14.940,305,305
234708,0.230,0.002,-0.017,0.001,-0.073,0.007,0.997,0.016,-0.200,0.021,1.307,0.024,6166,5522,-199,200,47,14.940,305,305
234808,0.520,0.002,-0.011,0.002,-0.034,0.012,0.999,0.010,-0.200,0.013,1.366,0.014,5944,5194,-200,200,47,14.940,305,305
234908,0.530,0.004,-0.007,0.001,-0.015,0.019,1.000,0.002,-0.200,0.003,1.393,0.003,5690,4806,-199,200,47,14.940,305,305
235008,0.280,0.004,-0.011,0.000,0.014,0.020,1.000,-0.010,-0.200,-0.013,1.434,-0.013,5410,4269,-199,200,47,14.940,305,305
235108,0.410,0.007,-0.013,-0.006,0.046,0.012,0.999,-0.026,-0.200,-0.038,1.477,-0.034,5260,3758,-199,200,47,14.940,305,305
235208,0.560,0.005,-0.001,-0.009,0.062,-0.009,0.997,-0.043,-0.200,-0.065,1.496,-0.057,5111,3164,-198,200,47,14.930,305,305
235308,0.400,0.004,0.005,-0.010,0.054,-0.035,0.996,-0.055,-0.200,-0.085,1.481,-0.076,4896,2381,-198,200,47,14.930,305,305
235408,0.270,0.000,0.007,-0.008,0.036,-0.058,0.996,-0.064,-0.200,-0.096,1.453,-0.089,4643,1552,-198,200,46,14.950,305,305
235508,0.740,0.006,-0.000,-0.010,0.017,-0.077,0.994,-0.071,-0.200,-0.103,1.423,-0.099,4341,0,-198,200,46,14.950,305,305
235608,0.570,0.014,-0.004,-0.008,0.027,-0.098,0.990,-0.096,-0.200,-0.142,1.425,-0.135,4158,0,-197,200,47,14.960,305,305
235708,0.490,0.016,-0.004,-0.002,0.042,-0.109,0.984,-0.137,-0.200,-0.205,1.424,-0.188,4076,0,-196,200,47,14.960,305,305
235808,0.670,0.012,-0.000,-0.003,0.049,-0.114,0.977,-0.176,-0.200,-0.263,1.409,-0.238,4219,0,-195,200,46,14.960,305,305
235908,0.490,0.004,0.004,-0.002,0.040,-0.119,0.972,-0.198,-0.200,-0.290,1.380,-0.267,4256,0,-195,200,46,14.960,305,305
236008,0.430,0.003,0.003,-0.004,0.028,-0.120,0.970,-0.208,-0.200,-0.298,1.356,-0.282,4215,0,-195,200,46,14.970,305,305
236108,0.110,0.001,0.001,-0.003,0.021,-0.126,0.969,-0.213,-0.200,-0.302,1.341,-0.289,4178,0,-195,200,46,14.970,305,305
236208,0.350,0.002,0.001,-0.003,0.016,-0.132,0.966,-0.219,-0.200,-0.308,1.327,-0.298,4196,0,-195,200,47,14.970,305,305
236308,0.430,-0.000,0.000,-0.001,0.011,-0.138,0.965,-0.223,-0.200,-0.310,1.316,-0.303,4195,0,-195,200,47,14.960,305,305
236408,0.220,-0.001,-0.002,0.003,0.008,-0.134,0.966,-0.220,-0.200,-0.305,1.316,-0.299,4131,0,-195,200,47,14.960,305,305
236508,0.190,-0.002,-0.001,0.002,0.014,-0.125,0.968,-0.217,-0.200,-0.303,1.329,-0.295,4076,0,-195,200,47,14.960,305,305
236608,0.280,-0.001,0.000,-0.001,0.013,-0.125,0.969,-0.212,-0.200,-0.296,1.331,-0.289,4026,0,-195,200,47,14.960,305,305
236708,0.240,0.000,0.000,0.001,0.010,-0.123,0.970,-0.211,-0.200,-0.294,1.329,-0.288,4051,0,-195,200,46,14.970,305,305
236808,0.120,-0.000,-0.000,0.001,0.011,-0.120,0.970,-0.211,-0.200,-0.295,1.330,-0.288,4059,0,-195,200,46,14.970,305,305
236908,0.190,-0.000,-0.001,0.000,0.011,-0.118,0.970,-0.211,-0.200,-0.294,1.331,-0.288,4055,0,-195,200,47,14.970,305,305
237008,0.160,-0.001,0.000,-0.000,0.012,-0.117,0.971,-0.209,-0.200,-0.292,1.334,-0.285,4031,0,-195,200,47,14.970,305,305
237108,0.210,-0.000,0.000,-0.000,0.009,-0.116,0.971,-0.206,-0.200,-0.288,1.333,-0.282,4019,0,-195,200,46,14.970,305,305
237208,0.230,0.000,-0.001,0.000,0.009,-0.116,0.971,-0.207,-0.200,-0.289,1.332,-0.284,4044,0,-195,200,46,14.970,305,305
237308,0.140,-0.001,0.001,0.000,0.010,-0.115,0.971,-0.207,-0.200,-0.289,1.333,-0.283,4038,0,-195,200,46,14.960,305,305
237408,0.210,-0.001,0.000,-0.000,0.008,-0.113,0.972,-0.206,-0.200,-0.287,1.332,-0.283,4032,0,-195,200,46,14.960,305,305
237508,0.130,-0.000,-0.000,0.000,0.007,-0.113,0.972,-0.206,-0.200,-0.286,1.332,-0.282,4027,0,-195,200,46,14.960,305,305
237608,0.170,-0.001,0.000,-0.000,0.006,-0.113,0.972,-0.204,-0.200,-0.283,1.332,-0.280,4011,0,-195,200,46,14.960,305,305
237708,0.180,-0.004,0.003,0.000,0.000,-0.111,0.974,-0.198,-0.200,-0.272,1.328,-0.272,3938,0,-195,200,46,14.960,305,305
237808,-0.030,-0.007,0.009,0.001,-0.019,-0.105,0.977,-0.184,-0.200,-0.247,1.312,-0.256,3798,0,-196,200,46,14.970,305,305
237908,0.060,-0.004,0.018,0.001,-0.059,-0.094,0.979,-0.172,-0.200,-0.216,1.264,-0.244,3736,0,-196,200,46,14.970,305,305
238008,0.330,-0.005,0.019,0.002,-0.109,-0.082,0.978,-0.159,-0.200,-0.183,1.198,-0.229,3642,0,-196,200,46,14.970,305,305
238108,-0.060,-0.004,0.024,0.005,-0.167,-0.062,0.972,-0.153,-0.200,-0.160,1.112,-0.226,3700,0,-197,200,46,14.970,305,305
238208,-0.800,-0.002,0.037,0.006,-0.245,-0.031,0.957,-0.155,-0.200,-0.143,0.981,-0.242,4057,0,-197,200,46,14.950,305,305
238308,-1.110,-0.000,0.050,0.003,-0.358,-0.001,0.920,-0.162,-0.200,-0.119,0.771,-0.271,4772,0,-197,200,46,14.940,305,305
238408,-0.300,-0.001,0.045,0.002,-0.464,0.016,0.871,-0.163,-0.200,-0.087,0.551,-0.285,5113,0,-184,189,46,14.940,305,305
238508,-0.490,-0.003,0.040,0.002,-0.558,0.041,0.813,-0.161,-0.200,-0.056,0.339,-0.302,5281,0,-144,148,46,14.940,305,305
238608,-0.740,0.000,0.042,-0.001,-0.644,0.062,0.747,-0.155,-0.200,-0.023,0.126,-0.311,5470,0,-102,104,46,14.950,305,305
238708,-0.860,0.006,0.045,-0.007,-0.729,0.067,0.666,-0.145,-0.200,0.013,-0.107,-0.291,5498,0,-53,55,46,14.950,305,305
238808,-1.320,0.008,0.044,-0.003,-0.808,0.058,0.569,-0.140,-0.200,0.043,-0.356,-0.249,5755,2672,-2,3,46,14.960,305,305
238908,-0.940,0.008,0.032,-0.002,-0.866,0.048,0.478,-0.141,-0.200,0.060,-0.570,-0.209,5975,3717,40,-40,46,14.960,305,305
239008,-0.820,0.012,0.022,-0.007,-0.902,0.032,0.406,-0.139,-0.200,0.060,-0.722,-0.159,5915,4345,69,-68,46,14.960,305,305
239108,-0.540,0.005,0.004,-0.007,-0.918,0.004,0.373,-0.132,-0.200,0.041,-0.788,-0.098,5945,5020,76,-75,46,14.960,305,305
239208,0.230,0.001,0.011,-0.007,-0.926,-0.008,0.359,-0.116,-0.200,0.028,-0.814,-0.063,5806,4970,83,-82,46,14.970,305,305
239308,0.050,0.004,0.017,-0.005,-0.943,-0.017,0.318,-0.101,-0.200,0.014,-0.891,-0.029,5588,4922,107,-105,46,14.970,305,305
239408,0.150,0.002,0.007,-0.002,-0.953,-0.023,0.285,-0.095,-0.200,0.005,-0.951,-0.009,5532,4853,121,-119,46,14.970,305,305
239508,0.250,0.001,0.001,-0.001,-0.957,-0.027,0.274,-0.092,-0.200,-0.000,-0.969,0.000,5342,4537,126,-123,46,14.970,305,305
239608,0.250,-0.001,-0.005,-0.000,-0.955,-0.028,0.280,-0.091,-0.200,-0.002,-0.958,0.003,5159,4223,125,-123,46,14.970,305,305
239708,0.170,-0.001,-0.007,0.001,-0.951,-0.028,0.293,-0.090,-0.200,-0.000,-0.934,0.000,4989,3884,124,-121,46,14.970,305,305
239808,-0.010,-0.002,-0.017,0.001,-0.941,-0.028,0.324,-0.089,-0.200,0.002,-0.878,-0.005,4887,3610,112,-110,46,14.970,305,305
239908,-1.440,-0.007,-0.059,0.002,-0.904,-0.026,0.418,-0.085,-0.200,0.008,-0.692,-0.022,5323,3839,61,-60,46,14.970,305,305
240008,-1.780,-0.009,-0.063,0.002,-0.820,-0.020,0.567,-0.071,-0.200,0.009,-0.361,-0.047,6118,4562,-13,15,46,14.970,305,305
240108,-1.490,-0.010,-0.056,0.004,-0.717,-0.004,0.695,-0.058,-0.200,0.001,-0.035,-0.076,6796,5145,-77,80,46,14.970,305,305
240208,-1.070,-0.010,-0.053,0.005,-0.602,0.015,0.797,-0.048,-0.200,-0.013,0.274,-0.094,7235,5641,-138,141,46,14.970,305,305
240308,-1.040,-0.007,-0.044,-0.003,-0.487,0.023,0.872,-0.037,-0.200,-0.023,0.544,-0.083,7361,6148,-190,193,46,14.970,305,305
240408,-0.570,-0.005,-0.033,-0.004,-0.390,0.016,0.920,-0.027,-0.200,-0.023,0.749,-0.058,7291,6375,-199,200,46,14.970,305,305
240508,-0.070,-0.001,-0.028,-0.003,-0.311,0.010,0.950,-0.017,-0.200,-0.017,0.904,-0.034,7178,6435,-199,200,46,14.970,305,305
240608,-0.100,-0.002,-0.022,-0.001,-0.244,0.004,0.970,-0.009,-0.200,-0.010,1.026,-0.017,7094,6429,-199,200,46,14.970,305,305
240708,-0.180,-0.000,-0.021,0.002,-0.189,0.006,0.982,-0.005,-0.200,-0.007,1.121,-0.010,7075,6376,-199,200,46,14.970,305,305
240808,-0.460,-0.002,-0.022,0.002,-0.130,0.014,0.991,-0.007,-0.200,-0.011,1.219,-0.015,7157,6340,-199,200,46,14.970,305,305
240908,-0.250,0.000,-0.013,-0.000,-0.077,0.019,0.997,-0.004,-0.200,-0.007,1.301,-0.009,7129,6379,-199,200,46,14.970,305,305
241008,0.200,0.002,-0.000,0.001,-0.059,0.019,0.998,-0.005,-0.200,-0.008,1.328,-0.009,7075,6281,-199,200,46,14.960,305,305
241108,0.210,0.004,0.000,0.004,-0.063,0.025,0.998,-0.016,-0.200,-0.023,1.323,-0.026,7078,6038,-198,200,46,14.960,305,305
241208,0.240,0.000,-0.001,0.003,-0.062,0.036,0.997,-0.023,-0.200,-0.033,1.323,-0.038,6956,5820,-198,200,46,14.960,305,305
241308,0.190,-0.000,0.002,0.001,-0.063,0.043,0.997,-0.024,-0.200,-0.035,1.322,-0.040,6750,5627,-198,200,46,14.960,305,305
241408,-0.120,-0.000,0.006,0.001,-0.076,0.044,0.996,-0.022,-0.200,-0.033,1.304,-0.038,6646,5564,-198,200,46,14.960,305,305
241508,0.220,-0.001,0.001,0.000,-0.086,0.044,0.995,-0.020,-0.200,-0.030,1.289,-0.036,6465,5387,-198,200,46,14.940,305,305
241608,0.000,-0.001,-0.003,-0.001,-0.082,0.045,0.995,-0.018,-0.200,-0.028,1.294,-0.033,6323,5260,-198,200,46,14.940,305,305
241708,-0.060,-0.003,0.002,-0.002,-0.081,0.044,0.996,-0.015,-0.200,-0.024,1.296,-0.028,6252,5244,-199,200,46,14.940,305,305
241808,0.180,-0.002,0.000,-0.003,-0.086,0.038,0.996,-0.007,-0.200,-0.013,1.288,-0.015,6057,5181,-199,200,46,14.940,305,305
241908,0.080,0.000,-0.001,-0.000,-0.084,0.034,0.996,-0.005,-0.200,-0.009,1.290,-0.011,5901,4971,-199,200,46,14.940,305,305
242008,-0.100,0.001,-0.002,-0.000,-0.079,0.036,0.996,-0.007,-0.200,-0.013,1.298,-0.016,5887,4829,-199,200,46,14.940,305,305
242108,0.060,-0.001,0.000,-0.001,-0.074,0.035,0.997,-0.008,-0.200,-0.013,1.305,-0.016,5753,4674,-199,200,46,14.940,305,305
242208,0.220,-0.001,0.000,-0.001,-0.077,0.032,0.997,-0.004,-0.200,-0.009,1.302,-0.010,5555,4530,-199,200,46,14.940,305,305
242308,0.330,0.001,-0.001,-0.000,-0.077,0.030,0.997,-0.003,-0.200,-0.008,1.301,-0.009,5371,4287,-199,200,46,14.950,305,305
242408,-0.010,0.003,0.001,0.002,-0.076,0.033,0.997,-0.009,-0.200,-0.014,1.302,-0.017,5264,3955,-198,200,46,14.950,305,305
242508,-0.110,0.001,-0.001,0.002,-0.079,0.038,0.996,-0.012,-0.200,-0.019,1.298,-0.022,5275,3918,-198,200,46,14.970,305,305
242608,0.240,0.000,-0.002,-0.001,-0.074,0.039,0.996,-0.016,-0.200,-0.024,1.307,-0.028,5187,3737,-198,200,46,14.970,305,305
242708,0.080,0.000,-0.003,-0.003,-0.068,0.035,0.997,-0.013,-0.200,-0.021,1.315,-0.024,5007,3660,-198,200,46,14.970,305,305
242808,0.040,-0.000,0.000,0.001,-0.063,0.031,0.997,-0.015,-0.200,-0.022,1.322,-0.025,4841,3370,-198,200,46,14.970,305,305
242908,0.060,-0.000,-0.001,0.002,-0.062,0.034,0.997,-0.014,-0.200,-0.021,1.325,-0.024,4664,3145,-198,200,46,14.970,305,305
243008,0.050,-0.001,0.001,0.002,-0.062,0.040,0.997,-0.013,-0.200,-0.020,1.324,-0.023,4543,2979,-198,200,45,14.960,305,305
243108,0.120,0.001,-0.003,0.001,-0.062,0.045,0.997,-0.014,-0.200,-0.022,1.325,-0.025,4393,2671,-198,200,45,14.960,305,305
243208,-0.140,0.000,-0.001,0.000,-0.053,0.047,0.997,-0.016,-0.200,-0.025,1.338,-0.028,4298,2446,-198,200,46,14.960,305,305
243308,0.170,-0.001,-0.000,-0.000,-0.053,0.047,0.997,-0.015,-0.200,-0.023,1.338,-0.026,4060,2138,-198,200,46,14.960,305,305
243408,0.180,-0.000,0.001,0.000,-0.054,0.047,0.997,-0.012,-0.200,-0.019,1.336,-0.022,3777,1699,-198,200,46,14.970,305,305
243508,0.130,0.001,0.000,0.001,-0.057,0.047,0.997,-0.013,-0.200,-0.021,1.332,-0.023,3568,897,-198,200,46,14.970,305,305
243608,0.000,0.002,0.001,0.001,-0.059,0.050,0.997,-0.017,-0.200,-0.027,1.328,-0.030,3476,0,-198,200,46,14.970,305,305
243708,0.040,0.002,0.002,0.001,-0.063,0.052,0.996,-0.022,-0.200,-0.034,1.323,-0.038,3417,0,-198,200,46,14.970,305,305
243808,0.130,-0.001,0.002,0.001,-0.069,0.054,0.996,-0.024,-0.200,-0.037,1.315,-0.042,3240,0,-198,200,46,14.970,305,305
243908,0.060,-0.002,0.000,-0.001,-0.071,0.054,0.996,-0.021,-0.200,-0.032,1.311,-0.037,2930,0,-198,200,46,14.960,305,305
244008,-0.050,-0.001,0.002,-0.001,-0.072,0.052,0.996,-0.017,-0.200,-0.027,1.309,-0.031,2692,0,-198,200,46,14.960,305,305
244108,0.060,-0.000,0.005,-0.000,-0.083,0.050,0.995,-0.014,-0.200,-0.023,1.293,-0.027,2462,0,-198,200,45,14.970,305,305
244208,-0.070,0.001,0.006,0.001,-0.096,0.051,0.994,-0.015,-0.200,-0.025,1.273,-0.030,2498,0,-198,200,45,14.970,305,305
244308,-0.050,0.001,0.008,0.002,-0.114,0.053,0.992,-0.016,-0.200,-0.027,1.245,-0.034,2569,0,-198,200,45,14.970,305,305
244408,0.000,-0.001,0.010,-0.000,-0.140,0.056,0.989,-0.014,-0.200,-0.026,1.204,-0.035,2535,0,-198,200,45,14.970,305,305
244508,0.230,-0.001,0.004,-0.001,-0.161,0.055,0.985,-0.010,-0.200,-0.022,1.169,-0.031,2460,0,-198,200,45,14.970,305,305
244608,0.050,0.001,0.002,-0.000,-0.166,0.054,0.985,-0.008,-0.200,-0.020,1.161,-0.028,2442,0,-198,200,45,14.970,305,305
244708,-0.090,0.003,0.008,0.001,-0.176,0.054,0.983,-0.013,-0.200,-0.025,1.143,-0.036,2603,0,-198,200,45,14.970,305,305
244808,-0.070,0.001,0.019,-0.001,-0.219,0.053,0.974,-0.015,-0.200,-0.028,1.071,-0.045,2689,0,-198,200,45,14.970,305,305
244908,0.000,-0.002,0.008,-0.000,-0.253,0.051,0.966,-0.012,-0.200,-0.024,1.011,-0.042,2585,0,-198,200,45,14.970,305,305
245008,-0.030,-0.001,0.003,0.001,-0.269,0.049,0.962,-0.009,-0.200,-0.021,0.982,-0.038,2527,0,-198,200,46,14.960,305,305
245108,0.060,0.005,0.002,0.003,-0.273,0.049,0.961,-0.014,-0.200,-0.026,0.975,-0.047,2717,0,-198,200,46,14.960,305,305
245208,0.090,0.000,0.002,0.001,-0.281,0.050,0.958,-0.019,-0.200,-0.031,0.961,-0.057,2789,0,-198,200,45,14.970,305,305
245308,0.180,0.001,0.012,-0.003,-0.298,0.043,0.953,-0.021,-0.200,-0.030,0.929,-0.058,2728,0,-198,200,45,14.970,305,305
245408,-0.450,0.005,0.031,-0.002,-0.354,0.033,0.934,-0.024,-0.200,-0.028,0.821,-0.063,2840,0,-198,200,45,14.970,305,305
245508,-0.880,0.006,0.043,0.001,-0.451,0.021,0.892,-0.037,-0.200,-0.027,0.623,-0.081,3533,0,-198,200,45,14.970,305,305
245608,-1.160,0.008,0.043,0.009,-0.553,0.027,0.831,-0.061,-0.200,-0.026,0.391,-0.129,4461,0,-151,154,45,14.980,305,305
245708,-0.600,0.003,0.036,-0.002,-0.637,0.028,0.766,-0.078,-0.200,-0.014,0.178,-0.154,4803,0,-111,114,45,14.980,305,305
245808,0.060,0.001,0.027,-0.003,-0.706,0.026,0.703,-0.076,-0.200,0.000,-0.009,-0.143,4585,0,-77,80,45,14.980,305,305
245908,-0.600,-0.000,0.028,-0.005,-0.756,0.021,0.651,-0.066,-0.200,0.009,-0.153,-0.117,4384,1476,-51,53,45,14.980,305,305
246008,-0.750,0.002,0.037,-0.007,-0.807,0.013,0.587,-0.054,-0.200,0.013,-0.314,-0.083,4330,2474,-15,17,45,14.980,305,305
246108,-0.590,0.006,0.037,-0.004,-0.872,-0.006,0.487,-0.046,-0.200,0.009,-0.547,-0.033,4394,3515,39,-36,45,14.980,305,305
246208,-0.070,-0.000,0.013,0.001,-0.901,-0.010,0.432,-0.051,-0.200,0.008,-0.665,-0.023,4590,3442,53,-51,45,14.980,305,305
246308,0.030,-0.002,0.009,-0.002,-0.910,-0.007,0.412,-0.044,-0.200,0.009,-0.705,-0.023,4524,3136,58,-56,45,14.970,305,305
246408,0.230,-0.002,0.012,-0.002,-0.922,-0.004,0.384,-0.035,-0.200,0.008,-0.762,-0.019,4314,2814,74,-72,45,14.970,305,305
246508,-0.200,-0.001,0.009,-0.002,-0.933,0.000,0.359,-0.028,-0.200,0.008,-0.813,-0.019,4268,2661,87,-85,45,14.970,305,305
246608,-0.050,-0.001,0.004,-0.003,-0.938,0.001,0.345,-0.017,-0.200,0.006,-0.840,-0.013,4053,2462,94,-92,45,14.970,305,305
246708,0.330,0.000,0.004,-0.003,-0.943,0.000,0.332,-0.009,-0.200,0.003,-0.865,-0.006,3747,2145,104,-101,45,14.970,305,305
246808,0.070,0.000,0.002,-0.001,-0.945,-0.003,0.327,-0.003,-0.200,-0.001,-0.874,0.003,3453,1786,108,-106,45,14.970,305,305
246908,0.160,-0.000,0.000,0.000,-0.946,-0.002,0.323,0.000,-0.200,-0.002,-0.882,0.004,3216,1050,114,-111,45,14.970,305,305
247008,0.180,-0.001,0.001,0.000,-0.946,0.000,0.324,0.001,-0.200,-0.000,-0.880,0.000,3017,0,117,-114,45,14.980,305,305
247108,0.090,-0.001,-0.001,0.000,-0.946,0.002,0.323,0.002,-0.200,0.001,-0.881,-0.003,2777,0,121,-119,45,14.980,305,305
247208,0.080,-0.002,0.002,0.001,-0.946,0.007,0.323,0.001,-0.200,0.006,-0.882,-0.011,2605,0,126,-124,45,14.980,305,305
247308,0.100,-0.002,-0.002,0.001,-0.947,0.013,0.322,-0.000,-0.200,0.011,-0.883,-0.023,2568,0,130,-128,45,14.980,305,305
247408,0.180,-0.001,0.002,-0.001,-0.947,0.017,0.322,0.001,-0.200,0.014,-0.883,-0.028,2562,0,136,-133,45,14.980,305,305
247508,0.010,-0.000,-0.001,-0.001,-0.947,0.016,0.322,0.004,-0.200,0.013,-0.883,-0.026,2460,0,139,-137,45,14.980,305,305
247608,-0.300,-0.002,-0.010,0.001,-0.944,0.019,0.330,0.006,-0.200,0.014,-0.868,-0.029,2544,0,138,-136,45,14.980,305,305
247708,-1.190,-0.002,-0.052,-0.000,-0.910,0.025,0.413,0.006,-0.200,0.014,-0.703,-0.037,3229,0,90,-88,45,14.970,305,305
247808,-1.960,-0.002,-0.068,-0.004,-0.826,0.030,0.563,0.014,-0.200,0.006,-0.372,-0.033,4086,2099,12,-9,45,14.970,305,305
247908,-1.800,-0.001,-0.070,-0.000,-0.705,0.034,0.708,0.015,-0.200,-0.000,0.005,-0.026,5004,3685,-68,71,45,14.970,305,305
248008,-1.110,-0.000,-0.051,0.001,-0.582,0.037,0.813,0.011,-0.200,-0.004,0.328,-0.025,5585,4403,-126,129,45,14.970,305,305
248108,-0.770,0.000,-0.044,0.002,-0.478,0.041,0.877,0.002,-0.200,-0.010,0.566,-0.034,5989,4734,-169,172,45,14.980,305,305
248208,-0.560,0.001,-0.030,-0.001,-0.386,0.040,0.921,-0.006,-0.200,-0.016,0.758,-0.038,6115,4878,-198,200,45,14.980,305,305
248308,0.100,0.001,-0.015,-0.006,-0.331,0.027,0.943,-0.007,-0.200,-0.013,0.867,-0.028,5963,4925,-198,200,45,14.980,305,305
248408,0.320,0.002,-0.004,-0.002,-0.309,0.013,0.951,-0.007,-0.200,-0.010,0.908,-0.019,5789,4775,-198,200,45,14.980,305,305
248508,0.250,0.003,-0.005,0.002,-0.300,0.008,0.954,-0.013,-0.200,-0.013,0.925,-0.026,5726,4504,-198,200,45,14.980,305,305
248608,-0.290,-0.001,-0.006,-0.001,-0.281,0.013,0.959,-0.017,-0.200,-0.019,0.960,-0.035,5693,4341,-198,200,45,14.980,305,305
248708,-0.300,-0.003,0.001,-0.005,-0.276,0.004,0.961,-0.006,-0.200,-0.007,0.968,-0.013,5470,4552,-199,200,45,14.980,305,305
248808,0.350,0.001,-0.007,0.001,-0.268,-0.004,0.963,-0.001,-0.200,-0.000,0.983,-0.001,5291,4398,-199,200,45,14.980,305,305
248908,0.290,0.002,-0.008,0.004,-0.249,0.003,0.968,-0.004,-0.200,-0.005,1.017,-0.008,5197,4013,-199,200,45,14.980,305,305
249008,0.270,0.001,-0.011,0.001,-0.222,0.007,0.975,-0.009,-0.200,-0.011,1.065,-0.017,5081,3700,-198,200,45,14.980,305,305
249108,-0.080,-0.000,0.013,-0.000,-0.223,0.009,0.975,-0.011,-0.200,-0.013,1.063,-0.021,4966,3520,-198,200,45,14.980,305,305
249208,-0.590,0.001,0.036,0.002,-0.290,0.010,0.957,-0.012,-0.200,-0.014,0.944,-0.026,5017,3523,-198,200,45,14.980,305,305
249308,-1.170,0.003,0.055,0.006,-0.412,0.018,0.911,-0.021,-0.200,-0.019,0.706,-0.050,5648,3903,-198,200,45,14.970,305,305
249408,-0.380,0.004,0.037,0.009,-0.524,0.033,0.850,-0.041,-0.200,-0.024,0.461,-0.102,6166,3762,-154,157,45,14.970,305,305
249508,-0.260,0.003,0.026,0.003,-0.590,0.047,0.805,-0.054,-0.200,-0.021,0.304,-0.139,6265,3604,-131,135,45,14.970,305,305
249608,-0.040,0.002,0.022,0.001,-0.641,0.048,0.764,-0.058,-0.200,-0.013,0.174,-0.149,6159,3640,-110,113,45,14.970,305,305
249708,-0.170,0.002,0.019,-0.000,-0.681,0.048,0.729,-0.060,-0.200,-0.005,0.067,-0.152,6038,3611,-92,94,45,14.970,305,305
249808,0.050,0.002,0.014,-0.001,-0.714,0.045,0.696,-0.061,-0.200,0.002,-0.027,-0.150,5915,3564,-75,78,45,14.970,305,305
249908,-0.150,0.001,0.007,0.000,-0.730,0.044,0.679,-0.063,-0.200,0.005,-0.075,-0.150,5823,3440,-70,72,45,14.970,305,305
250008,0.030,0.001,0.015,-0.002,-0.744,0.045,0.664,-0.064,-0.200,0.009,-0.116,-0.151,5776,3347,-61,64,45,14.970,305,305
250108,-0.300,0.004,0.024,-0.004,-0.776,0.038,0.627,-0.061,-0.200,0.014,-0.213,-0.134,5625,3543,-35,37,45,14.970,305,305
250208,-0.330,0.003,0.016,-0.004,-0.813,0.025,0.579,-0.057,-0.200,0.018,-0.333,-0.106,5530,3910,-9,12,45,14.970,305,305
250308,-0.340,0.000,0.003,-0.003,-0.827,0.018,0.559,-0.051,-0.200,0.016,-0.382,-0.085,5524,4092,-5,7,45,14.970,305,305
250408,-0.090,-0.001,-0.008,-0.000,-0.824,0.016,0.565,-0.047,-0.200,0.015,-0.368,-0.079,5573,4025,-13,15,45,14.970,305,305
250508,-1.110,-0.003,-0.041,-0.001,-0.786,0.018,0.616,-0.043,-0.200,0.010,-0.242,-0.080,5811,4218,-51,53,45,14.970,305,305
250608,-2.960,-0.005,-0.079,0.002,-0.671,0.022,0.739,-0.043,-0.200,-0.005,0.095,-0.094,6707,5144,-140,143,45,14.970,305,305
250708,-2.150,-0.004,-0.075,0.007,-0.493,0.031,0.868,-0.049,-0.200,-0.031,0.531,-0.111,7659,6136,-198,200,45,14.980,305,305
250808,-0.200,-0.002,-0.037,0.001,-0.351,0.038,0.935,-0.047,-0.200,-0.048,0.827,-0.105,7794,6520,-198,200,45,14.980,305,305
250908,0.550,0.000,-0.012,-0.004,-0.294,0.031,0.955,-0.040,-0.200,-0.045,0.935,-0.084,7533,6477,-198,200,45,14.980,305,305
251008,0.470,0.003,-0.018,-0.001,-0.256,0.018,0.966,-0.041,-0.200,-0.044,1.004,-0.076,7284,6184,-198,200,45,14.980,305,305
251108,0.370,0.001,-0.019,-0.002,-0.203,0.010,0.978,-0.045,-0.200,-0.051,1.095,-0.078,7076,5854,-198,200,45,14.980,305,305
251208,0.490,-0.000,-0.010,-0.002,-0.168,0.003,0.985,-0.042,-0.200,-0.049,1.154,-0.069,6776,5600,-198,200,45,14.970,305,305
251308,0.480,0.000,-0.008,0.000,-0.145,-0.002,0.989,-0.040,-0.200,-0.047,1.192,-0.063,6490,5279,-198,200,45,14.970,305,305
251408,0.430,-0.003,-0.012,0.001,-0.118,-0.003,0.992,-0.036,-0.200,-0.044,1.235,-0.055,6220,5022,-198,200,45,14.970,305,305
251508,0.580,-0.008,-0.008,0.000,-0.090,0.000,0.996,-0.018,-0.200,-0.022,1.281,-0.027,5731,4869,-199,200,45,14.970,305,305
251608,0.620,-0.004,-0.002,0.001,-0.076,0.003,0.997,-0.001,-0.200,-0.002,1.302,-0.002,5283,4564,-199,200,45,14.960,305,305
251708,0.570,0.001,0.000,0.002,-0.078,0.007,0.997,0.001,-0.200,0.000,1.300,0.000,4992,4025,-199,200,45,14.960,305,305
251808,0.440,0.003,-0.001,0.001,-0.079,0.011,0.997,-0.004,-0.200,-0.007,1.298,-0.008,4773,3451,-198,200,45,14.960,305,305
251908,0.410,0.004,-0.004,-0.001,-0.077,0.011,0.997,-0.013,-0.200,-0.018,1.301,-0.021,4542,2782,-198,200,45,14.970,305,305
252008,0.420,0.002,-0.007,-0.000,-0.060,0.010,0.998,-0.021,-0.200,-0.028,1.326,-0.032,4257,2035,-198,200,45,14.970,305,305
252108,0.360,-0.000,-0.001,-0.000,-0.051,0.011,0.998,-0.023,-0.200,-0.032,1.339,-0.036,3895,1252,-198,200,45,14.980,305,305
252208,0.380,0.001,-0.000,0.000,-0.051,0.013,0.998,-0.023,-0.200,-0.032,1.340,-0.035,3457,0,-198,200,45,14.980,305,305
252308,0.480,0.003,0.001,0.001,-0.054,0.017,0.998,-0.028,-0.200,-0.039,1.335,-0.043,3051,0,-198,200,45,14.980,305,305
252408,0.290,0.002,-0.002,0.000,-0.051,0.019,0.998,-0.035,-0.200,-0.048,1.339,-0.053,2781,0,-198,200,45,14.980,305,305
252508,0.300,-0.001,-0.001,0.000,-0.050,0.022,0.998,-0.038,-0.200,-0.052,1.340,-0.057,2764,0,-198,200,45,14.980,305,305
252608,0.270,-0.002,-0.001,0.001,-0.046,0.028,0.998,-0.034,-0.200,-0.048,1.347,-0.052,2648,0,-198,200,45,14.980,305,305
252708,0.320,-0.002,-0.002,0.000,-0.044,0.032,0.998,-0.029,-0.200,-0.041,1.351,-0.045,2533,0,-198,200,45,14.980,305,305
252808,0.230,0.000,-0.001,-0.000,-0.041,0.036,0.998,-0.026,-0.200,-0.038,1.356,-0.041,2524,0,-198,200,45,14.980,305,305
252908,0.290,0.001,-0.001,-0.000,-0.040,0.038,0.998,-0.027,-0.200,-0.039,1.356,-0.042,2575,0,-198,200,45,14.980,305,305
253011,0.320,0.000,-0.001,0.000,-0.042,0.038,0.998,-0.028,-0.200,-0.041,1.355,-0.044,2612,0,-198,200,45,14.980,305,305
253111,0.230,0.000,0.000,0.000,-0.042,0.041,0.998,-0.029,-0.200,-0.041,1.355,-0.045,2618,0,-198,200,45,14.980,305,305
253208,0.210,0.000,0.001,0.001,-0.044,0.042,0.998,-0.029,-0.200,-0.042,1.351,-0.046,2628,0,-198,200,45,14.980,305,305
253308,0.130,-0.000,0.001,0.001,-0.046,0.044,0.998,-0.029,-0.200,-0.042,1.349,-0.046,2618,0,-198,200,45,14.960,305,305
253408,0.140,0.000,0.000,0.000,-0.048,0.046,0.997,-0.030,-0.200,-0.043,1.345,-0.048,2644,0,-198,200,45,14.960,305,305
253508,0.220,-0.001,-0.000,-0.000,-0.051,0.045,0.997,-0.029,-0.200,-0.042,1.341,-0.046,2611,0,-198,200,45,14.960,305,305
253611,0.130,-0.000,0.000,-0.000,-0.050,0.044,0.997,-0.029,-0.200,-0.042,1.342,-0.046,2609,0,-198,200,45,14.980,305,305
253708,0.160,0.000,0.001,-0.000,-0.052,0.043,0.997,-0.029,-0.200,-0.042,1.339,-0.046,2614,0,-198,200,45,14.980,305,305
253808,0.180,0.001,0.002,0.000,-0.056,0.043,0.997,-0.031,-0.200,-0.044,1.333,-0.049,2666,0,-198,200,45,14.980,305,305
253908,0.110,0.000,0.001,0.000,-0.061,0.044,0.997,-0.032,-0.200,-0.046,1.326,-0.052,2691,0,-198,200,45,14.980,305,305
254008,0.080,-0.000,0.001,0.000,-0.063,0.044,0.997,-0.033,-0.200,-0.047,1.323,-0.053,2683,0,-198,200,45,14.980,305,305
254108,0.090,0.000,0.002,-0.000,-0.067,0.044,0.996,-0.032,-0.200,-0.045,1.317,-0.052,2660,0,-198,200,44,14.980,305,305
254208,0.090,0.001,0.007,-0.000,-0.078,0.044,0.995,-0.032,-0.200,-0.046,1.300,-0.053,2685,0,-198,200,44,14.980,305,305
254308,0.020,-0.001,0.020,0.000,-0.113,0.045,0.992,-0.031,-0.200,-0.045,1.246,-0.057,2728,0,-198,200,45,14.990,305,305
254408,-0.270,0.001,0.030,0.001,-0.185,0.046,0.981,-0.029,-0.200,-0.042,1.128,-0.061,2825,0,-198,200,45,14.990,305,305
254508,-0.220,0.003,0.024,0.002,-0.256,0.051,0.965,-0.030,-0.200,-0.042,1.006,-0.072,3013,0,-198,200,45,14.990,305,305
254608,-0.010,0.003,0.023,0.002,-0.315,0.054,0.947,-0.038,-0.200,-0.047,0.897,-0.094,3175,0,-198,200,44,14.980,305,305
254708,0.020,0.008,0.029,0.003,-0.380,0.054,0.922,-0.053,-0.200,-0.053,0.770,-0.127,3477,0,-197,200,44,14.980,305,305
254808,-0.430,0.010,0.036,0.003,-0.460,0.055,0.883,-0.077,-0.200,-0.056,0.597,-0.177,3915,0,-197,200,45,14.970,305,305
254908,-0.720,0.008,0.041,-0.000,-0.555,0.051,0.825,-0.094,-0.200,-0.041,0.376,-0.208,4254,0,-149,153,45,14.970,305,305
255008,-0.360,0.005,0.028,-0.002,-0.631,0.044,0.768,-0.103,-0.200,-0.021,0.186,-0.213,4291,0,-115,119,45,14.970,305,305
255108,-0.200,0.002,0.013,-0.002,-0.672,0.040,0.732,-0.105,-0.200,-0.009,0.076,-0.208,4207,0,-102,105,44,14.990,305,305
255208,-0.030,0.001,0.009,-0.001,-0.693,0.034,0.713,-0.105,-0.200,-0.003,0.019,-0.197,4106,0,-95,98,44,14.990,305,305
255308,-0.070,0.001,0.008,-0.001,-0.708,0.032,0.698,-0.104,-0.200,0.001,-0.024,-0.190,3996,0,-89,92,44,14.970,305,305
255408,-0.250,0.001,0.006,-0.001,-0.721,0.031,0.684,-0.103,-0.200,0.005,-0.063,-0.186,3942,0,-81,84,44,14.970,305,305
255508,0.100,-0.001,0.002,-0.003,-0.728,0.029,0.678,-0.097,-0.200,0.006,-0.079,-0.174,3761,0,-80,83,44,14.970,305,305
255608,0.180,-0.001,0.001,-0.003,-0.735,0.026,0.672,-0.089,-0.200,0.007,-0.096,-0.158,3363,0,-77,79,44,14.970,305,305
255708,0.000,-0.000,-0.001,-0.001,-0.733,0.023,0.675,-0.086,-0.200,0.006,-0.089,-0.149,3201,0,-79,82,44,14.970,305,305
255808,-0.110,-0.001,-0.006,-0.002,-0.729,0.021,0.679,-0.081,-0.200,0.005,-0.078,-0.141,3155,0,-83,86,44,14.970,305,305
255908,-0.160,-0.001,-0.015,-0.003,-0.710,0.016,0.700,-0.077,-0.200,0.001,-0.019,-0.130,3069,0,-100,103,44,14.970,305,305
256008,-0.050,-0.001,-0.019,-0.002,-0.675,0.012,0.735,-0.068,-0.200,-0.005,0.080,-0.116,2953,0,-123,127,44,14.970,305,305
256108,0.130,-0.001,-0.008,-0.000,-0.649,0.009,0.758,-0.064,-0.200,-0.008,0.151,-0.108,2954,0,-134,137,44,14.970,305,305
256208,0.060,-0.000,-0.004,-0.000,-0.636,0.008,0.769,-0.063,-0.200,-0.010,0.183,-0.106,2990,0,-138,141,44,14.970,305,305
256308,-0.010,-0.000,-0.007,-0.000,-0.624,0.007,0.779,-0.062,-0.200,-0.011,0.216,-0.103,2981,0,-145,149,45,14.970,305,305
256408,0.060,-0.000,-0.003,-0.001,-0.614,0.005,0.787,-0.060,-0.200,-0.012,0.242,-0.099,2950,0,-149,153,45,14.970,305,305
256508,0.300,0.001,-0.001,0.001,-0.609,0.003,0.791,-0.062,-0.200,-0.013,0.253,-0.100,2999,0,-150,154,45,14.970,305,305
256608,0.250,-0.000,-0.000,0.001,-0.607,0.003,0.792,-0.066,-0.200,-0.014,0.257,-0.107,3097,0,-150,154,44,14.980,305,305
256708,0.020,-0.002,0.000,-0.000,-0.606,0.003,0.793,-0.067,-0.200,-0.014,0.260,-0.108,3076,0,-151,154,44,14.980,305,305
256808,0.170,-0.003,-0.003,-0.002,-0.603,0.005,0.795,-0.060,-0.200,-0.014,0.268,-0.101,2949,0,-153,157,44,14.970,305,305
256908,0.060,0.000,-0.004,-0.002,-0.594,0.002,0.802,-0.055,-0.200,-0.013,0.292,-0.089,2804,0,-159,162,44,14.970,305,305
257008,0.080,0.001,-0.004,-0.000,-0.586,-0.004,0.809,-0.056,-0.200,-0.014,0.312,-0.085,2845,0,-163,166,44,14.970,305,305
257108,0.130,-0.001,-0.006,0.001,-0.577,-0.003,0.815,-0.056,-0.200,-0.015,0.333,-0.087,2900,0,-168,171,44,14.970,305,305
257208,-0.040,-0.003,-0.011,0.003,-0.558,0.005,0.828,-0.053,-0.200,-0.018,0.379,-0.092,2994,0,-180,183,44,14.970,305,305
257308,0.190,-0.003,-0.006,0.003,-0.535,0.017,0.843,-0.052,-0.200,-0.023,0.433,-0.104,3122,0,-190,194,44,14.970,305,305
257408,-0.230,-0.004,-0.001,0.006,-0.530,0.029,0.846,-0.052,-0.200,-0.027,0.446,-0.116,3238,0,-189,193,44,14.970,305,305
257508,0.240,-0.006,-0.007,0.007,-0.519,0.051,0.852,-0.051,-0.200,-0.033,0.471,-0.136,3422,0,-196,200,44,14.980,305,305
257608,0.360,-0.001,-0.001,-0.002,-0.504,0.061,0.860,-0.046,-0.200,-0.035,0.506,-0.135,3264,0,-198,200,44,14.980,305,305
257708,0.200,0.003,-0.005,-0.004,-0.503,0.049,0.862,-0.044,-0.200,-0.032,0.509,-0.121,3054,0,-198,200,44,14.980,305,305
257808,-0.140,-0.001,-0.015,-0.006,-0.476,0.034,0.878,-0.041,-0.200,-0.029,0.568,-0.099,2773,0,-198,200,44,14.980,305,305
257908,-0.070,-0.002,-0.013,-0.004,-0.442,0.022,0.896,-0.031,-0.200,-0.024,0.642,-0.071,2493,0,-198,200,44,14.980,305,305
258008,-0.040,-0.000,-0.011,-0.001,-0.415,0.017,0.909,-0.027,-0.200,-0.022,0.699,-0.059,2495,0,-198,200,45,14.980,305,305
258108,0.020,0.001,-0.013,0.001,-0.387,0.015,0.922,-0.026,-0.200,-0.023,0.756,-0.056,2598,0,-198,200,45,14.980,305,305
258208,-0.020,0.001,-0.015,0.000,-0.346,0.015,0.938,-0.030,-0.200,-0.028,0.837,-0.061,2733,0,-198,200,45,14.980,305,305
258308,0.000,0.001,-0.010,-0.001,-0.316,0.013,0.948,-0.033,-0.200,-0.032,0.894,-0.063,2766,0,-198,200,44,14.980,305,305
258408,0.010,0.000,-0.005,-0.000,-0.297,0.011,0.954,-0.035,-0.200,-0.034,0.930,-0.065,2773,0,-198,200,44,14.980,305,305
258508,-0.100,-0.000,-0.003,-0.001,-0.288,0.009,0.957,-0.034,-0.200,-0.033,0.946,-0.062,2712,0,-198,200,44,14.980,305,305
258608,-0.290,-0.000,-0.008,-0.002,-0.276,0.005,0.961,-0.033,-0.200,-0.032,0.967,-0.058,2677,0,-198,200,44,14.980,305,305
258708,-0.980,-0.001,-0.017,-0.000,-0.239,-0.002,0.971,-0.029,-0.200,-0.028,1.035,-0.047,2859,0,-198,200,44,14.980,305,305
258808,-0.760,0.002,-0.014,0.005,-0.198,0.007,0.980,-0.032,-0.200,-0.036,1.104,-0.054,3514,0,-198,200,44,14.970,305,305
258908,-0.700,-0.001,-0.004,-0.000,-0.173,0.015,0.984,-0.033,-0.200,-0.040,1.147,-0.057,3921,812,-198,200,44,14.970,305,305
259008,-0.610,0.001,-0.001,-0.004,-0.166,0.008,0.986,-0.031,-0.200,-0.037,1.158,-0.053,4117,1782,-198,200,44,14.970,305,305
259108,-0.060,0.004,-0.005,-0.003,-0.154,-0.002,0.987,-0.044,-0.200,-0.051,1.177,-0.070,4431,1649,-197,200,44,14.970,305,305
259208,0.250,-0.000,0.001,-0.003,-0.154,-0.006,0.987,-0.047,-0.200,-0.054,1.176,-0.074,4252,1232,-198,200,44,14.970,305,305
259308,0.480,-0.003,0.002,-0.003,-0.157,-0.011,0.987,-0.040,-0.200,-0.045,1.171,-0.061,3776,506,-198,200,44,14.970,305,305
259408,0.830,-0.001,0.009,-0.001,-0.170,-0.013,0.985,-0.034,-0.200,-0.036,1.151,-0.051,2945,0,-198,200,44,14.970,305,305
259508,1.170,0.003,0.012,-0.000,-0.200,-0.010,0.979,-0.037,-0.200,-0.038,1.101,-0.057,2716,0,-198,200,44,14.970,305,305
259608,1.510,0.002,0.006,-0.001,-0.220,-0.010,0.974,-0.045,-0.200,-0.045,1.065,-0.071,2899,0,-198,200,44,14.970,305,305
259708,0.850,0.000,0.015,0.001,-0.247,-0.006,0.968,-0.047,-0.200,-0.045,1.017,-0.076,2920,0,-198,200,44,14.970,305,305
259808,-0.030,-0.002,0.033,0.002,-0.304,0.001,0.952,-0.044,-0.200,-0.039,0.915,-0.075,2862,0,-198,200,44,14.970,305,305
259908,-0.990,0.003,0.056,0.002,-0.428,0.010,0.902,-0.047,-0.200,-0.032,0.669,-0.088,3543,0,-198,200,44,14.970,305,305
260008,-0.810,0.004,0.043,0.006,-0.543,0.020,0.837,-0.061,-0.200,-0.026,0.414,-0.121,4291,0,-154,158,44,14.970,305,305
260108,-1.330,0.004,0.051,0.004,-0.642,0.033,0.762,-0.075,-0.200,-0.013,0.165,-0.155,5021,0,-102,105,44,14.970,305,305
260208,-1.610,0.007,0.059,0.004,-0.755,0.038,0.649,-0.088,-0.200,0.013,-0.156,-0.171,5722,2473,-32,34,44,14.980,305,305
260308,-1.520,0.008,0.045,0.007,-0.836,0.044,0.536,-0.109,-0.200,0.041,-0.435,-0.186,6237,3404,20,-18,44,14.980,305,305
260408,-1.340,0.004,0.034,-0.000,-0.889,0.047,0.438,-0.121,-0.200,0.061,-0.654,-0.181,6638,4414,60,-59,44,14.980,305,305
260508,-0.980,0.002,0.016,-0.009,-0.918,0.040,0.381,-0.105,-0.200,0.058,-0.772,-0.141,6685,5213,76,-75,44,14.970,305,305
260608,-0.140,0.003,0.015,-0.007,-0.934,0.030,0.346,-0.081,-0.200,0.047,-0.839,-0.102,6623,5521,90,-88,44,14.970,305,305
260708,-0.100,0.003,0.020,-0.003,-0.952,0.022,0.299,-0.066,-0.200,0.038,-0.927,-0.072,6525,5574,114,-112,44,14.970,305,305
260808,-0.360,0.001,0.017,-0.001,-0.966,0.019,0.251,-0.061,-0.200,0.034,-1.015,-0.058,6550,5569,135,-133,44,14.970,305,305
260908,-0.290,-0.001,0.007,0.001,-0.973,0.022,0.221,-0.059,-0.200,0.037,-1.067,-0.059,6606,5456,147,-145,44,14.970,305,305
261008,-0.150,-0.000,0.001,0.001,-0.975,0.025,0.211,-0.062,-0.200,0.040,-1.085,-0.063,6618,5371,152,-150,44,14.970,305,305
261108,0.050,-0.001,-0.001,-0.001,-0.975,0.026,0.213,-0.060,-0.200,0.041,-1.081,-0.064,6605,5340,155,-153,44,14.970,305,305
261211,0.040,-0.000,0.000,-0.000,-0.975,0.026,0.215,-0.057,-0.200,0.041,-1.078,-0.064,6514,5229,160,-158,44,14.970,305,305
261308,0.000,-0.001,0.001,0.001,-0.975,0.027,0.213,-0.057,-0.200,0.042,-1.082,-0.065,6401,5052,166,-164,44,14.970,305,305
261408,0.000,-0.001,-0.001,0.001,-0.975,0.029,0.214,-0.058,-0.200,0.044,-1.080,-0.069,6336,4915,171,-169,44,14.980,305,305
261508,0.070,-0.000,0.001,-0.001,-0.974,0.032,0.215,-0.058,-0.200,0.047,-1.078,-0.073,6239,4754,176,-174,44,14.980,305,305
261608,0.040,-0.000,0.003,-0.000,-0.976,0.032,0.209,-0.055,-0.200,0.046,-1.088,-0.072,6133,4671,184,-183,44,14.980,305,305
261710,0.020,0.000,-0.000,-0.000,-0.977,0.031,0.205,-0.054,-0.200,0.046,-1.094,-0.070,6048,4598,190,-189,44,14.980,305,305
261808,0.000,0.001,-0.001,-0.001,-0.976,0.030,0.208,-0.050,-0.200,0.043,-1.090,-0.067,5945,4515,194,-192,44,14.980,305,305
261908,0.050,0.001,-0.000,-0.000,-0.976,0.028,0.209,-0.049,-0.200,0.041,-1.088,-0.063,5842,4426,200,-198,44,14.970,305,305
262008,0.050,0.000,0.000,-0.000,-0.977,0.027,0.208,-0.049,-0.200,0.040,-1.089,-0.062,5751,4285,200,-199,44,14.970,305,305
262108,0.010,0.000,0.001,0.000,-0.977,0.027,0.206,-0.048,-0.200,0.039,-1.093,-0.060,5647,4154,200,-199,44,14.970,305,305
262208,-0.030,-0.001,-0.001,0.001,-0.977,0.028,0.206,-0.050,-0.200,0.041,-1.093,-0.063,5593,4010,200,-199,44,14.970,305,305
262308,0.170,-0.000,-0.001,0.001,-0.976,0.030,0.207,-0.053,-0.200,0.044,-1.091,-0.068,5514,3801,200,-199,44,14.970,305,305
262408,0.020,-0.001,0.000,-0.001,-0.976,0.033,0.208,-0.053,-0.200,0.047,-1.089,-0.072,5394,3576,200,-199,44,14.970,305,305
262508,-0.100,-0.000,-0.004,-0.002,-0.975,0.034,0.212,-0.050,-0.200,0.048,-1.083,-0.074,5308,3457,200,-199,44,14.980,305,305
262608,-0.230,0.001,-0.015,-0.007,-0.971,0.029,0.235,-0.037,-0.200,0.038,-1.042,-0.063,5143,3593,200,-199,44,14.980,305,305
262708,-0.470,0.002,-0.025,-0.010,-0.954,0.018,0.298,-0.015,-0.200,0.020,-0.929,-0.038,5136,4027,199,-196,44,14.970,305,305
262808,0.230,0.001,-0.001,-0.005,-0.945,0.007,0.328,0.004,-0.200,0.005,-0.872,-0.010,4916,4088,200,-197,44,14.970,305,305
262908,0.210,-0.001,0.005,0.002,-0.948,0.006,0.319,0.009,-0.200,0.002,-0.888,-0.004,4780,3721,200,-199,44,14.980,305,305
263008,-0.100,-0.002,0.002,0.004,-0.952,0.013,0.307,0.001,-0.200,0.011,-0.912,-0.021,4877,3328,200,-199,44,14.980,305,305
263108,-0.090,-0.001,-0.000,0.000,-0.951,0.019,0.309,-0.001,-0.200,0.017,-0.908,-0.033,4862,3126,200,-199,44,14.980,305,305
263208,0.080,-0.000,0.002,0.002,-0.953,0.021,0.304,-0.002,-0.200,0.019,-0.917,-0.037,4767,2970,200,-199,44,14.980,305,305
263308,0.150,-0.001,0.001,0.017,-0.953,0.031,0.301,-0.024,-0.200,0.034,-0.922,-0.065,4809,2075,200,-199,44,14.980,305,305
263408,0.030,-0.005,0.001,0.031,-0.950,0.062,0.292,-0.090,-0.200,0.079,-0.940,-0.150,5358,0,200,-200,44,14.980,305,305
263508,-0.290,-0.004,0.003,0.030,-0.938,0.096,0.286,-0.169,-0.200,0.131,-0.955,-0.245,5761,0,199,-200,44,14.980,305,305
263608,-0.260,0.004,0.013,0.026,-0.929,0.121,0.256,-0.238,-0.200,0.172,-1.018,-0.302,5915,0,199,-200,44,14.970,305,305
263708,-0.350,0.004,0.019,0.019,-0.925,0.137,0.199,-0.294,-0.200,0.201,-1.128,-0.311,5747,0,198,-200,44,14.970,305,305
263808,-0.520,0.001,0.002,0.014,-0.916,0.148,0.164,-0.334,-0.200,0.217,-1.196,-0.312,5774,0,198,-200,44,14.970,305,305
263908,-0.260,-0.002,-0.002,0.004,-0.908,0.153,0.164,-0.355,-0.200,0.225,-1.201,-0.324,5898,0,198,-200,44,14.970,305,305
264008,-0.280,-0.002,-0.001,-0.002,-0.906,0.157,0.168,-0.356,-0.200,0.229,-1.194,-0.333,5964,0,198,-200,44,14.970,305,305
264108,-0.060,-0.002,-0.001,-0.002,-0.907,0.158,0.174,-0.350,-0.200,0.229,-1.182,-0.339,5940,0,198,-200,44,14.970,305,305
264208,0.000,-0.003,-0.003,0.001,-0.905,0.162,0.182,-0.348,-0.200,0.233,-1.168,-0.349,5889,0,198,-200,44,14.970,305,305
264308,0.160,-0.002,-0.003,0.000,-0.902,0.166,0.191,-0.349,-0.200,0.236,-1.152,-0.363,5806,0,198,-200,44,14.980,305,305
264408,0.070,-0.001,-0.002,-0.001,-0.901,0.167,0.198,-0.348,-0.200,0.236,-1.139,-0.369,5672,0,198,-200,44,14.980,305,305
264508,0.090,-0.001,-0.002,-0.002,-0.901,0.166,0.205,-0.344,-0.200,0.234,-1.125,-0.372,5518,0,198,-200,44,14.980,305,305
264608,-0.020,-0.003,-0.005,-0.005,-0.902,0.164,0.217,-0.336,-0.200,0.231,-1.103,-0.377,5400,0,198,-200,44,14.980,305,305
264708,-0.520,-0.012,-0.022,-0.012,-0.897,0.164,0.258,-0.318,-0.200,0.222,-1.022,-0.402,5581,0,198,-200,44,14.970,305,305
264808,-1.130,-0.018,-0.042,-0.023,-0.878,0.159,0.358,-0.277,-0.200,0.185,-0.818,-0.440,6076,0,198,-200,44,14.970,305,305
264908,-2.360,-0.024,-0.057,-0.029,-0.827,0.143,0.502,-0.210,-0.200,0.106,-0.496,-0.436,6597,0,163,-164,44,14.960,305,305
265008,-2.860,-0.022,-0.061,-0.030,-0.739,0.120,0.650,-0.127,-0.200,0.022,-0.129,-0.342,6885,4354,87,-84,44,14.960,305,305
265108,-2.530,-0.014,-0.061,-0.016,-0.620,0.094,0.776,-0.065,-0.200,-0.024,0.226,-0.216,7228,6233,17,-13,44,14.980,305,305
265208,-1.580,-0.009,-0.047,-0.008,-0.500,0.081,0.861,-0.031,-0.200,-0.035,0.517,-0.131,7560,6995,-36,40,44,14.980,305,305
265308,-0.720,-0.005,-0.031,-0.005,-0.403,0.074,0.912,-0.013,-0.200,-0.030,0.725,-0.077,7715,7249,-71,75,44,14.980,305,305
265408,0.090,-0.001,-0.011,-0.001,-0.353,0.071,0.933,-0.003,-0.200,-0.023,0.824,-0.051,7671,7093,-83,86,44,14.980,305,305
265508,0.440,0.001,-0.005,0.001,-0.334,0.068,0.940,-0.005,-0.200,-0.023,0.862,-0.049,7545,6718,-89,92,44,14.980,305,305
265608,0.300,0.000,-0.007,-0.000,-0.320,0.069,0.945,-0.006,-0.200,-0.024,0.888,-0.049,7369,6421,-98,101,44,14.980,305,305
265708,0.160,-0.003,-0.012,-0.002,-0.298,0.065,0.952,-0.003,-0.200,-0.020,0.929,-0.039,7156,6291,-112,115,44,14.980,305,305
265808,0.120,-0.003,-0.012,-0.002,-0.263,0.062,0.963,0.006,-0.200,-0.010,0.993,-0.018,6962,6274,-132,134,44,14.980,305,305
265908,0.290,-0.001,-0.002,-0.000,-0.247,0.060,0.967,0.008,-0.200,-0.007,1.021,-0.012,6848,6112,-138,141,44,14.970,305,305
266008,0.510,0.000,-0.002,0.000,-0.243,0.059,0.968,0.007,-0.200,-0.008,1.028,-0.013,6647,5798,-143,146,44,14.970,305,305
266108,0.330,0.001,-0.002,0.000,-0.240,0.060,0.969,0.006,-0.200,-0.009,1.033,-0.015,6429,5489,-149,152,44,14.970,305,305
266208,0.150,0.000,-0.001,0.000,-0.237,0.060,0.969,0.006,-0.200,-0.009,1.038,-0.015,6268,5298,-155,158,44,14.970,305,305
266308,0.250,0.001,-0.000,0.000,-0.235,0.060,0.970,0.004,-0.200,-0.010,1.043,-0.017,6111,5077,-161,164,44,14.970,305,305
266408,0.310,0.001,-0.000,0.000,-0.235,0.063,0.970,0.003,-0.200,-0.013,1.042,-0.021,5912,4788,-166,168,44,14.970,305,305
266508,0.210,0.000,0.000,0.000,-0.237,0.062,0.970,0.001,-0.200,-0.014,1.039,-0.023,5732,4556,-170,173,44,14.980,305,305
266609,0.130,0.000,0.000,0.000,-0.238,0.062,0.969,0.001,-0.200,-0.014,1.037,-0.024,5565,4340,-175,178,44,14.980,305,305
266708,0.180,-0.000,-0.000,-0.000,-0.239,0.061,0.969,-0.000,-0.200,-0.015,1.036,-0.025,5383,4089,-180,183,44,14.970,305,305
266808,0.110,0.000,-0.000,-0.000,-0.239,0.062,0.969,-0.000,-0.200,-0.016,1.036,-0.026,5218,3879,-185,188,44,14.970,305,305
266908,0.190,-0.000,0.000,-0.000,-0.240,0.062,0.969,0.000,-0.200,-0.015,1.034,-0.025,5028,3659,-190,192,44,14.970,305,305
267008,0.150,0.000,-0.001,-0.000,-0.240,0.062,0.969,0.001,-0.200,-0.015,1.035,-0.024,4828,3380,-195,198,44,14.970,305,305
267108,0.180,0.000,0.000,0.000,-0.240,0.063,0.969,0.001,-0.200,-0.015,1.034,-0.025,4642,3090,-199,200,44,14.980,305,305
267208,0.140,0.000,-0.000,0.000,-0.240,0.065,0.969,0.001,-0.200,-0.015,1.033,-0.026,4456,2773,-199,200,44,14.980,305,305
267308,0.120,0.000,0.000,-0.000,-0.242,0.065,0.968,0.001,-0.200,-0.016,1.030,-0.026,4265,2447,-199,200,44,14.970,305,305
267408,0.080,0.000,0.001,0.000,-0.243,0.066,0.968,0.001,-0.200,-0.016,1.029,-0.027,4057,2060,-199,200,44,14.970,305,305
267508,0.100,0.000,0.001,-0.000,-0.246,0.067,0.967,0.000,-0.200,-0.017,1.023,-0.028,3875,1622,-199,200,44,14.970,305,305
267608,0.190,0.001,0.001,0.001,-0.249,0.067,0.966,-0.001,-0.200,-0.018,1.018,-0.031,3666,756,-198,200,44,14.970,305,305
267708,0.160,0.003,0.007,0.001,-0.261,0.067,0.963,-0.007,-0.200,-0.024,0.997,-0.042,3510,0,-198,200,44,14.970,305,305
267808,0.020,0.001,0.017,-0.001,-0.295,0.065,0.953,-0.010,-0.200,-0.027,0.935,-0.051,3432,0,-198,200,44,14.970,305,305
267908,0.170,0.003,0.016,0.001,-0.337,0.065,0.939,-0.014,-0.200,-0.030,0.855,-0.064,3283,0,-195,199,44,14.980,305,305
268008,-0.070,0.001,0.021,0.001,-0.386,0.064,0.920,-0.017,-0.200,-0.031,0.759,-0.075,3198,0,-178,181,44,14.980,305,305
268108,-0.260,0.001,0.027,0.000,-0.445,0.061,0.893,-0.019,-0.200,-0.028,0.638,-0.084,3191,0,-154,157,44,14.980,305,305
268208,-0.300,0.002,0.033,-0.001,-0.521,0.054,0.852,-0.019,-0.200,-0.021,0.471,-0.087,3244,0,-119,122,44,14.980,305,305
268308,-0.680,0.001,0.038,0.000,-0.597,0.049,0.800,-0.017,-0.200,-0.012,0.290,-0.085,3412,0,-82,85,44,14.990,305,305
268408,-1.080,0.003,0.043,0.003,-0.683,0.048,0.729,-0.021,-0.200,-0.003,0.066,-0.096,3951,0,-35,37,44,14.990,305,305
268508,-0.580,0.005,0.034,0.006,-0.760,0.050,0.647,-0.035,-0.200,0.010,-0.160,-0.122,4603,0,9,-7,44,14.990,305,305
268608,-0.210,0.001,0.005,0.003,-0.791,0.056,0.608,-0.048,-0.200,0.019,-0.258,-0.145,4734,0,16,-14,44,14.990,305,305
268708,-0.420,-0.001,-0.012,-0.001,-0.784,0.059,0.616,-0.047,-0.200,0.018,-0.237,-0.149,4738,0,0,2,43,14.990,305,305
268808,-0.130,-0.001,-0.014,-0.002,-0.760,0.059,0.646,-0.042,-0.200,0.012,-0.160,-0.143,4642,445,-19,21,43,14.990,305,305
268908,0.120,0.001,-0.012,-0.001,-0.737,0.057,0.673,-0.038,-0.200,0.006,-0.089,-0.135,4482,0,-32,35,43,14.990,305,305
269008,-0.110,0.001,-0.012,0.000,-0.715,0.056,0.696,-0.039,-0.200,0.002,-0.024,-0.134,4414,0,-44,47,43,14.990,305,305
269108,-0.990,0.000,-0.025,0.002,-0.684,0.055,0.725,-0.048,-0.200,-0.004,0.059,-0.145,4672,0,-65,68,44,14.990,305,305
269208,-1.200,-0.003,-0.038,-0.002,-0.612,0.055,0.787,-0.053,-0.200,-0.019,0.248,-0.149,5113,1960,-113,116,44,14.990,305,305
269308,-0.580,-0.002,-0.032,-0.006,-0.531,0.046,0.845,-0.044,-0.200,-0.027,0.444,-0.121,5136,3037,-154,157,43,15.000,305,305
269408,-0.120,-0.000,-0.012,-0.004,-0.482,0.033,0.875,-0.039,-0.200,-0.028,0.555,-0.096,4923,3089,-169,173,43,15.000,305,305
269508,0.210,-0.002,-0.005,-0.005,-0.464,0.019,0.885,-0.030,-0.200,-0.021,0.595,-0.067,4545,2989,-174,177,44,14.980,305,305
269608,0.220,0.001,-0.009,0.000,-0.447,0.008,0.894,-0.028,-0.200,-0.018,0.632,-0.054,4313,2528,-184,187,44,14.980,305,305
269708,-0.210,0.002,-0.010,0.003,-0.422,0.010,0.906,-0.035,-0.200,-0.025,0.684,-0.067,4394,1854,-198,200,44,14.980,305,305
269808,-0.190,0.001,-0.005,0.003,-0.402,0.017,0.914,-0.041,-0.200,-0.032,0.724,-0.082,4463,1366,-198,200,44,14.980,305,305
269908,0.100,-0.000,-0.002,0.002,-0.393,0.022,0.918,-0.044,-0.200,-0.037,0.742,-0.092,4359,585,-198,200,44,14.980,305,305
270008,0.300,0.000,-0.003,0.001,-0.387,0.025,0.921,-0.046,-0.200,-0.040,0.754,-0.097,4104,0,-198,200,44,14.980,305,305
270108,0.120,-0.000,0.001,-0.000,-0.383,0.026,0.922,-0.048,-0.200,-0.041,0.762,-0.100,3871,0,-198,200,43,14.980,305,305
270208,-0.010,-0.000,-0.002,0.000,-0.383,0.025,0.922,-0.048,-0.200,-0.041,0.763,-0.100,3657,0,-198,200,43,14.980,305,305
270308,0.000,0.001,-0.005,0.003,-0.374,0.027,0.926,-0.051,-0.200,-0.045,0.780,-0.105,3573,0,-198,200,43,14.980,305,305
270408,0.100,0.001,-0.005,0.003,-0.362,0.034,0.930,-0.058,-0.200,-0.053,0.803,-0.121,3545,0,-198,200,43,14.980,305,305
270508,0.040,-0.001,-0.010,0.000,-0.343,0.037,0.937,-0.061,-0.200,-0.059,0.840,-0.127,3383,0,-198,200,44,14.970,305,305
270608,-0.090,-0.000,-0.015,0.000,-0.311,0.038,0.948,-0.059,-0.200,-0.061,0.901,-0.120,3191,0,-198,200,44,14.970,305,305
270708,-0.080,0.001,-0.015,0.001,-0.267,0.039,0.961,-0.060,-0.200,-0.067,0.982,-0.119,3108,0,-198,200,43,14.980,305,305
270808,0.160,0.000,-0.000,0.000,-0.249,0.041,0.966,-0.062,-0.200,-0.071,1.015,-0.120,3131,0,-198,200,43,14.980,305,305
270908,0.380,0.000,0.002,-0.000,-0.255,0.041,0.964,-0.062,-0.200,-0.071,1.003,-0.121,3147,0,-198,200,43,14.980,305,305
271008,0.110,0.001,-0.002,0.000,-0.254,0.042,0.964,-0.063,-0.200,-0.071,1.005,-0.123,3161,0,-198,200,43,14.980,305,305
271108,0.110,-0.000,0.000,0.000,-0.254,0.044,0.964,-0.062,-0.200,-0.072,1.006,-0.123,3155,0,-198,200,43,14.980,305,305
271208,0.150,-0.000,-0.001,0.000,-0.253,0.046,0.964,-0.062,-0.200,-0.073,1.007,-0.124,3168,0,-198,200,43,14.980,305,305
271308,0.010,-0.000,-0.001,0.000,-0.252,0.048,0.965,-0.062,-0.200,-0.073,1.009,-0.124,3161,0,-198,200,44,14.980,305,305
271408,0.090,0.000,-0.002,-0.000,-0.249,0.047,0.965,-0.062,-0.200,-0.072,1.015,-0.123,3139,0,-198,200,44,14.980,305,305
271508,0.100,0.000,-0.001,0.000,-0.246,0.046,0.966,-0.062,-0.200,-0.073,1.021,-0.122,3142,0,-198,200,43,14.980,305,305
271608,0.080,0.000,-0.001,0.000,-0.244,0.047,0.967,-0.062,-0.200,-0.073,1.024,-0.123,3155,0,-198,200,43,14.980,305,305
271708,0.010,0.000,-0.001,0.000,-0.243,0.047,0.967,-0.064,-0.200,-0.075,1.026,-0.126,3190,0,-197,200,43,14.970,305,305
271808,0.010,0.000,-0.000,0.000,-0.241,0.050,0.967,-0.064,-0.200,-0.077,1.028,-0.127,3198,0,-197,200,43,14.970,305,305
271908,0.060,0.000,-0.001,0.000,-0.240,0.051,0.967,-0.065,-0.200,-0.077,1.031,-0.128,3196,0,-197,200,43,14.980,305,305
272008,0.110,-0.000,-0.003,0.001,-0.235,0.052,0.968,-0.065,-0.200,-0.078,1.040,-0.128,3186,0,-197,200,43,14.980,305,305
272108,0.070,-0.000,-0.003,-0.000,-0.227,0.054,0.970,-0.065,-0.200,-0.079,1.054,-0.128,3174,0,-197,200,43,14.980,305,305
272208,0.090,-0.000,-0.001,-0.000,-0.222,0.053,0.971,-0.064,-0.200,-0.079,1.062,-0.126,3149,0,-197,200,43,14.980,305,305
272308,0.070,-0.000,-0.002,-0.000,-0.217,0.054,0.973,-0.063,-0.200,-0.078,1.071,-0.123,3133,0,-197,200,43,14.980,305,305
272408,0.030,0.000,-0.001,-0.000,-0.213,0.054,0.974,-0.063,-0.200,-0.078,1.079,-0.122,3130,0,-197,200,43,14.980,305,305
272508,0.060,0.000,-0.001,-0.000,-0.211,0.056,0.974,-0.062,-0.200,-0.078,1.082,-0.122,3133,0,-197,200,43,14.970,305,305
272608,0.070,-0.000,-0.001,-0.000,-0.209,0.056,0.974,-0.062,-0.200,-0.079,1.086,-0.121,3134,0,-197,200,43,14.970,305,305
272708,0.110,-0.001,-0.000,0.000,-0.206,0.056,0.975,-0.062,-0.200,-0.079,1.091,-0.121,3128,0,-197,200,44,14.970,305,305
272808,-0.040,0.000,-0.001,0.001,-0.202,0.058,0.976,-0.061,-0.200,-0.079,1.097,-0.120,3122,0,-197,200,44,14.970,305,305
272908,0.120,-0.000,-0.001,0.000,-0.200,0.058,0.976,-0.061,-0.200,-0.079,1.102,-0.119,3117,0,-197,200,43,14.980,305,305
273008,0.120,-0.000,0.001,0.000,-0.202,0.060,0.976,-0.060,-0.200,-0.078,1.099,-0.118,3107,0,-197,200,43,14.980,305,305
273108,0.050,0.001,-0.000,0.000,-0.200,0.060,0.976,-0.060,-0.200,-0.078,1.101,-0.119,3124,0,-197,200,43,14.990,305,305
273208,0.070,0.000,0.000,0.000,-0.202,0.061,0.976,-0.062,-0.200,-0.079,1.098,-0.121,3152,0,-197,200,43,14.990,305,305
273308,0.020,-0.000,0.002,0.000,-0.203,0.060,0.975,-0.062,-0.200,-0.079,1.096,-0.121,3146,0,-197,200,43,14.990,305,305
273408,-0.010,0.000,0.001,0.000,-0.206,0.061,0.975,-0.062,-0.200,-0.080,1.091,-0.123,3166,0,-197,200,43,14.990,305,305
273508,0.120,-0.001,0.000,0.000,-0.209,0.062,0.974,-0.062,-0.200,-0.080,1.085,-0.124,3166,0,-197,200,43,14.990,305,305
273608,0.000,0.001,0.000,0.001,-0.206,0.064,0.975,-0.062,-0.200,-0.081,1.092,-0.124,3161,0,-197,200,43,14.990,305,305
273708,0.110,-0.000,-0.002,0.000,-0.209,0.065,0.974,-0.064,-0.200,-0.083,1.086,-0.128,3206,0,-197,200,43,14.990,305,305
