Timestamp,r_ref,q_ref,curr_ax,curr_roll_rate,curr_pitch_rate,curr_yaw_rate,curr_qw,curr_qx,curr_qy,curr_qz,thrust_ref,p_ref,omega_L_ref,omega_R_ref,servo_L_ref,servo_R_ref,Temperature,Voltage,Current,RPM2,RPM4,Throttle2,Throttle4,ErrorCodes
75489,0.020,0.104,-1.050,-0.070,0.672,-0.046,-0.550,0.437,0.571,0.425,0.000,0.000,0,627,19,-13,0,0.000,0.000,0,0,0,0,0
75589,0.027,0.198,0.260,0.088,0.048,0.026,-0.541,0.442,0.581,0.417,0.000,0.001,0,1261,-2,-4,0,0.000,0.000,0,0,0,0,0
75689,-0.045,0.060,0.180,-0.018,0.300,0.261,-0.558,0.438,0.564,0.423,0.000,0.000,0,4201,5,-5,0,0.000,0.000,0,0,0,0,0
75789,-0.119,0.092,0.060,0.098,-0.151,0.096,-0.559,0.445,0.564,0.415,0.000,0.001,0,2720,-11,3,0,0.000,0.000,0,0,0,0,0
75889,-0.131,0.093,-0.230,0.062,0.161,-0.051,-0.561,0.444,0.565,0.412,0.000,0.001,0,791,2,-6,0,0.000,0.000,305,305,0,0,0
75989,-0.082,0.070,-0.090,0.078,-0.126,-0.201,-0.562,0.436,0.567,0.415,0.000,0.000,2973,0,-9,4,0,0.000,0.000,305,305,0,0,0
76089,-0.011,0.072,-0.120,-0.038,0.339,-0.189,-0.559,0.431,0.571,0.419,0.000,0.000,3015,0,12,-9,0,0.000,0.000,305,305,0,0,0
76189,0.056,-0.027,-0.210,0.063,0.176,-0.074,-0.566,0.418,0.567,0.429,0.000,0.000,1706,0,1,-5,0,0.000,0.000,305,305,0,0,0
76289,0.048,-0.022,0.180,-0.021,-0.086,0.096,-0.566,0.418,0.567,0.428,0.000,0.000,0,2366,-2,4,0,0.000,0.000,305,305,0,0,0
76389,-0.010,0.007,0.090,-0.003,-0.108,0.139,-0.566,0.424,0.567,0.422,0.000,-0.000,0,2766,-3,2,0,0.000,0.000,305,305,0,0,0
76489,-0.041,0.026,0.190,0.001,-0.028,-0.022,-0.566,0.428,0.567,0.418,0.000,0.000,1205,0,-2,0,0,0.000,0.000,305,305,0,0,0
76589,-0.020,0.028,0.030,0.049,0.006,-0.077,-0.566,0.425,0.569,0.418,0.000,0.000,1845,0,-2,-2,0,0.000,0.000,305,305,0,0,0
76689,0.003,0.026,0.020,-0.011,0.040,-0.022,-0.565,0.423,0.571,0.420,0.000,0.000,559,0,1,-1,0,0.000,0.000,305,305,0,0,0
76789,0.010,0.024,0.070,-0.012,-0.022,0.038,-0.566,0.422,0.571,0.420,0.000,-0.000,0,1783,-1,1,0,0.000,0.000,305,305,0,0,0
76889,-0.014,0.034,-0.070,-0.001,-0.012,0.070,-0.566,0.424,0.571,0.417,0.000,0.000,0,2196,-2,0,0,0.000,0.000,305,305,0,0,0
76989,-0.030,0.034,-0.110,-0.012,-0.004,0.001,-0.566,0.426,0.570,0.417,0.000,0.000,0,925,-1,1,0,0.000,0.000,305,305,0,0,0
77089,-0.029,0.036,0.000,0.000,-0.042,-0.043,-0.565,0.427,0.569,0.417,0.000,0.000,1215,0,-3,1,26,16.610,81.330,305,305,0,0,0
77189,-0.010,0.035,-0.070,0.006,0.017,-0.037,-0.565,0.425,0.570,0.419,0.000,0.000,845,0,-1,0,26,16.610,81.330,305,305,0,0,0
77289,0.000,0.027,0.030,-0.020,0.026,-0.001,-0.564,0.424,0.570,0.421,0.000,0.000,0,1052,0,0,26,16.610,81.330,305,305,0,0,0
77389,-0.011,0.019,0.060,-0.014,0.062,0.034,-0.565,0.425,0.568,0.421,0.000,0.000,0,1730,0,-2,26,16.610,81.330,305,305,0,0,0
77489,-0.023,0.002,0.050,-0.002,0.040,0.011,-0.568,0.425,0.566,0.421,0.000,0.000,0,1293,0,-1,26,16.620,81.370,305,305,0,0,0
77589,-0.034,-0.009,0.100,0.014,0.040,0.013,-0.569,0.425,0.564,0.421,0.000,-0.000,0,1554,-1,-2,26,16.620,81.370,305,305,0,0,0
77689,-0.030,-0.017,0.090,0.018,0.051,-0.027,-0.570,0.423,0.564,0.421,0.000,0.000,0,566,1,-3,26,16.620,81.370,305,305,0,0,0
77789,-0.022,-0.036,0.040,0.039,0.128,-0.029,-0.572,0.421,0.563,0.422,0.000,-0.000,0,238,2,-6,26,16.620,81.370,305,305,0,0,0
77889,-0.006,-0.073,0.050,0.093,0.124,-0.048,-0.576,0.415,0.562,0.424,0.000,0.000,1215,0,1,-8,26,16.640,81.370,305,305,0,0,0
77989,0.008,-0.090,0.070,0.048,0.033,-0.022,-0.578,0.411,0.562,0.425,0.000,0.000,622,0,1,-4,26,16.640,81.370,305,305,0,0,0
78089,0.022,-0.101,0.070,0.101,-0.003,-0.018,-0.580,0.408,0.563,0.425,0.000,0.000,869,0,-2,-5,26,16.640,81.370,305,305,0,0,0
78189,0.027,-0.109,0.140,0.153,0.021,-0.019,-0.583,0.404,0.564,0.423,0.000,0.001,1361,0,-2,-8,26,16.640,81.370,305,305,0,0,0
78290,0.041,-0.118,0.240,0.163,0.101,-0.068,-0.586,0.398,0.567,0.420,0.000,0.001,2443,0,1,-10,26,16.620,81.370,305,305,0,0,0
78390,0.087,-0.130,0.410,0.276,0.030,-0.113,-0.589,0.388,0.573,0.418,0.000,0.001,3150,0,-4,-12,26,16.620,81.370,305,305,0,0,0
78489,0.125,-0.132,0.390,0.420,-0.007,-0.019,-0.594,0.375,0.581,0.411,0.000,0.001,2440,0,-8,-14,26,16.620,81.370,305,305,0,0,0
78590,0.160,-0.117,-0.230,0.546,-0.043,-0.088,-0.601,0.360,0.593,0.398,0.000,0.001,3680,0,-12,-16,26,16.620,81.370,305,305,0,0,0
78690,0.207,-0.118,-0.410,0.607,0.121,-0.082,-0.610,0.339,0.604,0.385,0.000,0.001,3836,0,-8,-22,26,16.610,81.370,305,305,0,0,0
78790,0.237,-0.128,0.130,0.656,-0.013,-0.021,-0.620,0.318,0.614,0.370,0.000,0.002,3660,0,-14,-18,26,16.610,81.370,305,305,0,0,0
78890,0.239,-0.119,0.530,0.898,0.039,0.016,-0.633,0.295,0.627,0.346,0.000,0.002,3687,0,-19,-28,26,16.610,81.370,305,305,0,0,0
78990,0.263,-0.097,0.670,1.231,-0.011,-0.062,-0.647,0.261,0.645,0.313,0.000,0.001,4583,0,-29,-34,26,16.610,81.370,305,305,0,0,0
79090,0.348,-0.088,0.140,1.238,0.073,-0.254,-0.660,0.216,0.662,0.281,0.000,0.001,6069,0,-25,-34,26,16.630,81.370,305,305,0,0,0
79190,0.431,-0.055,-0.130,1.411,0.097,-0.092,-0.671,0.166,0.681,0.243,0.000,0.001,5313,0,-29,-39,26,16.630,81.370,305,305,0,0,0
79290,0.465,-0.059,-0.280,1.418,0.253,0.112,-0.686,0.115,0.691,0.198,0.000,0.001,4490,0,-24,-42,26,16.630,81.370,305,305,0,0,0
79390,0.450,-0.065,0.410,1.370,0.170,0.000,-0.699,0.068,0.696,0.149,0.000,0.001,5820,0,-24,-39,26,16.630,81.370,305,305,0,0,0
79490,0.529,-0.078,0.380,1.411,0.178,-0.273,-0.708,0.014,0.698,0.109,0.000,0.002,7298,0,-28,-41,26,16.620,81.370,305,305,0,0,0
79589,0.607,-0.092,-0.130,0.764,0.146,-0.033,-0.714,-0.031,0.695,0.077,0.000,0.002,6088,0,-9,-20,26,16.620,81.370,305,305,0,0,0
79690,0.542,-0.120,-0.570,0.433,0.408,0.250,-0.719,-0.042,0.691,0.054,0.000,0.003,4577,0,4,-29,26,16.620,81.370,305,305,0,0,0
79789,0.497,-0.143,-0.830,0.428,-0.078,0.087,-0.723,-0.054,0.688,0.034,0.000,0.003,5692,0,-14,-16,26,16.620,81.370,305,305,0,0,0
79889,0.466,-0.127,-0.580,0.252,0.008,0.108,-0.722,-0.061,0.689,0.021,0.000,0.002,5321,0,-6,-16,26,16.620,81.370,305,305,0,0,0
79989,0.435,-0.122,-0.130,0.251,-0.071,-0.026,-0.721,-0.065,0.689,0.010,0.000,0.002,5962,0,-10,-15,26,16.620,81.370,305,305,0,0,0
80089,0.421,-0.106,0.110,0.127,-0.019,0.113,-0.719,-0.070,0.691,0.003,0.000,0.002,4913,0,-5,-13,26,16.620,81.370,305,305,0,0,0
80189,0.373,-0.087,0.570,0.330,0.029,0.162,-0.717,-0.072,0.693,-0.007,0.000,0.001,4536,0,-10,-22,26,16.620,81.370,305,305,0,0,0
80289,0.292,-0.084,0.530,0.303,-0.017,0.258,-0.716,-0.074,0.693,-0.024,0.000,0.001,3546,0,-10,-18,26,16.610,81.370,305,305,0,0,0
80389,0.232,-0.059,-0.280,0.326,-0.104,0.030,-0.713,-0.079,0.696,-0.039,0.000,0.001,5223,0,-15,-16,26,16.610,81.370,305,305,0,0,0
80489,0.241,-0.046,-0.290,0.119,-0.024,-0.084,-0.711,-0.087,0.696,-0.046,0.000,0.000,5440,0,-5,-12,26,16.610,81.370,305,305,0,0,0
80589,0.238,-0.042,-0.250,0.098,0.019,0.028,-0.710,-0.090,0.696,-0.049,0.000,0.000,4620,0,-5,-14,26,16.610,81.370,305,305,0,0,0
80689,0.213,0.020,-0.220,0.160,-0.457,0.057,-0.703,-0.093,0.703,-0.055,0.000,-0.000,4532,0,-24,0,26,16.620,81.370,305,305,0,0,0
80789,0.198,0.085,-0.020,-0.188,0.037,0.099,-0.695,-0.090,0.711,-0.054,0.000,-0.001,4035,0,4,-6,26,16.620,81.370,305,305,0,0,0
80889,0.180,0.076,0.300,-0.143,-0.028,0.031,-0.696,-0.083,0.711,-0.050,0.000,-0.001,4600,0,-5,-5,26,16.620,81.370,305,305,0,0,0
80989,0.162,0.048,0.120,-0.051,-0.098,0.083,-0.700,-0.075,0.709,-0.046,0.000,-0.000,4033,0,-12,-6,27,16.620,81.370,305,305,0,0,0
81089,0.165,0.068,-0.190,-0.040,-0.022,-0.091,-0.697,-0.078,0.711,-0.048,0.000,-0.000,5357,0,-5,-7,27,16.620,81.370,305,305,0,0,0
81189,0.151,0.118,-0.130,-0.123,-0.144,0.071,-0.692,-0.070,0.717,-0.042,0.000,-0.001,4109,0,-10,-4,27,16.620,81.370,305,305,0,0,0
81289,0.152,0.097,0.430,-0.168,0.168,0.024,-0.695,-0.066,0.715,-0.037,0.000,-0.001,4405,0,1,-10,27,16.620,81.370,305,305,0,0,0
81389,0.096,0.082,0.580,-0.082,0.059,0.103,-0.696,-0.055,0.715,-0.037,0.000,-0.000,3866,0,-6,-10,26,16.630,81.370,305,305,0,0,0
81489,0.085,0.104,0.200,-0.064,-0.233,0.096,-0.694,-0.051,0.718,-0.034,0.000,-0.000,3557,0,-15,0,26,16.630,81.370,305,305,0,0,0
81589,0.049,0.150,0.680,-0.118,-0.151,0.117,-0.688,-0.045,0.723,-0.034,0.000,-0.000,3263,0,-10,0,26,16.630,81.370,305,305,0,0,0
81689,0.071,0.170,1.540,-0.229,0.127,-0.326,-0.686,-0.040,0.726,-0.026,0.000,-0.001,6641,0,2,-6,26,16.620,81.370,305,305,0,0,0
81789,0.189,0.107,0.240,0.030,0.181,-0.049,-0.694,-0.045,0.718,-0.011,0.000,-0.001,4287,0,-8,-16,26,16.620,81.370,305,305,0,0,0
81889,0.196,0.082,0.450,0.032,-0.024,-0.071,-0.697,-0.047,0.715,-0.012,0.000,-0.001,5163,0,-11,-7,26,16.620,81.370,305,305,0,0,0
81989,0.215,0.143,0.060,0.212,-0.329,-0.080,-0.690,-0.053,0.722,-0.014,0.000,-0.001,5326,0,-25,-3,26,16.620,81.370,305,305,0,0,0
82089,0.238,0.236,-0.060,0.409,-0.147,-0.112,-0.678,-0.066,0.731,-0.021,0.000,-0.003,5574,0,-24,-13,26,16.620,81.370,305,305,0,0,0
82189,0.264,0.249,-0.130,0.616,0.154,-0.056,-0.676,-0.087,0.731,-0.036,0.000,-0.003,5269,0,-22,-24,26,16.620,81.370,305,305,0,0,0
82289,0.250,0.229,-0.430,0.838,0.094,-0.101,-0.677,-0.113,0.725,-0.062,0.000,-0.003,5629,0,-29,-26,26,16.620,81.370,305,305,0,0,0
82389,0.241,0.234,-0.730,0.797,-0.012,0.068,-0.673,-0.142,0.720,-0.091,0.000,-0.003,4278,0,-30,-20,26,16.620,81.370,305,305,0,0,0
82489,0.203,0.242,-0.700,0.620,0.080,0.023,-0.668,-0.163,0.717,-0.116,0.000,-0.003,4676,0,-22,-19,26,16.620,81.370,305,305,0,0,0
82589,0.204,0.185,-0.580,0.550,0.328,-0.147,-0.671,-0.182,0.706,-0.137,0.000,-0.002,5736,0,-15,-26,26,16.620,81.370,305,305,0,0,0
82689,0.226,0.101,-0.820,0.659,0.271,-0.029,-0.677,-0.203,0.690,-0.158,0.000,-0.001,4931,0,-20,-28,26,16.620,81.370,305,305,0,0,0
82789,0.239,0.088,-0.070,0.569,-0.088,-0.069,-0.674,-0.223,0.682,-0.177,0.000,-0.001,5315,0,-27,-16,26,16.620,81.370,305,305,0,0,0
82889,0.253,0.100,-0.290,0.542,0.116,-0.049,-0.668,-0.244,0.676,-0.194,0.000,-0.001,5238,0,-19,-23,26,16.610,81.370,305,305,0,0,0
82989,0.252,-0.008,-0.170,0.441,0.537,0.081,-0.675,-0.256,0.658,-0.215,0.000,0.000,4315,0,-3,-34,26,16.610,81.370,305,305,0,0,0
83089,0.211,-0.124,0.740,0.384,0.174,0.079,-0.681,-0.263,0.640,-0.239,0.000,0.001,4526,0,-13,-22,26,16.610,81.370,305,305,0,0,0
83189,0.205,-0.078,-0.620,0.129,-0.140,0.043,-0.673,-0.271,0.643,-0.244,0.000,0.001,4581,0,-13,-11,26,16.620,81.370,305,305,0,0,0
83289,0.186,-0.048,0.100,-0.016,-0.161,0.070,-0.669,-0.273,0.646,-0.247,0.000,0.000,4279,0,-11,-7,26,16.620,81.370,305,305,0,0,0
83389,0.147,0.014,0.620,-0.277,-0.197,0.102,-0.662,-0.268,0.656,-0.243,0.000,-0.000,3943,0,-6,1,26,16.620,81.370,305,305,0,0,0
83489,0.102,0.041,0.810,-0.339,-0.114,0.077,-0.662,-0.255,0.665,-0.235,0.000,-0.000,3905,0,-6,-1,26,16.620,81.370,305,305,0,0,0
83589,0.098,0.045,-0.430,-0.282,0.089,-0.016,-0.665,-0.244,0.669,-0.224,0.000,-0.000,4569,0,-3,-10,26,16.630,81.370,305,305,0,0,0
83689,0.105,0.003,-0.440,-0.180,0.089,0.008,-0.672,-0.236,0.667,-0.218,0.000,-0.000,4283,0,-6,-11,26,16.630,81.370,305,305,0,0,0
83789,0.083,0.020,0.260,-0.176,-0.136,0.073,-0.672,-0.228,0.672,-0.213,0.000,-0.000,3750,0,-11,-4,26,16.630,81.370,305,305,0,0,0
83889,0.069,0.020,-0.040,0.004,0.147,0.004,-0.672,-0.225,0.673,-0.212,0.000,-0.000,4309,0,-7,-18,26,16.630,81.370,305,305,0,0,0
83989,0.062,-0.045,0.030,0.136,0.299,0.076,-0.678,-0.224,0.665,-0.217,0.000,0.000,3551,0,-5,-25,26,16.610,81.370,305,305,0,0,0
84089,0.051,-0.113,0.150,0.116,0.107,-0.079,-0.684,-0.227,0.656,-0.227,0.000,-0.000,4920,0,-8,-17,26,16.610,81.370,305,305,0,0,0
84189,0.101,-0.084,-0.100,0.053,-0.182,-0.113,-0.681,-0.234,0.657,-0.224,0.000,0.000,4990,0,-14,-9,26,16.610,81.370,305,305,0,0,0
84289,0.112,-0.053,0.090,0.099,0.000,0.041,-0.677,-0.238,0.659,-0.224,0.000,0.000,3950,0,-10,-17,26,16.610,81.370,305,305,0,0,0
84389,0.090,-0.059,0.120,0.084,0.042,0.046,-0.677,-0.239,0.658,-0.228,0.000,0.000,4088,0,-9,-16,26,16.620,81.370,305,305,0,0,0
84489,0.094,-0.075,-0.020,0.029,0.027,-0.057,-0.678,-0.240,0.656,-0.230,0.000,0.000,4823,0,-8,-14,26,16.620,81.370,305,305,0,0,0
84589,0.098,-0.085,0.160,0.057,0.079,0.019,-0.679,-0.241,0.654,-0.232,0.000,0.000,4139,0,-7,-18,26,16.620,81.370,305,305,0,0,0
84689,0.101,-0.114,0.020,0.023,0.079,-0.037,-0.681,-0.242,0.650,-0.234,0.000,0.000,4667,0,-6,-17,26,16.620,81.370,305,305,0,0,0
84789,0.117,-0.106,-0.010,0.034,-0.097,-0.044,-0.681,-0.244,0.650,-0.233,0.000,0.000,4706,0,-11,-12,26,16.630,81.370,305,305,0,0,0
84889,0.133,-0.075,-0.100,0.051,-0.093,-0.011,-0.677,-0.248,0.653,-0.232,0.000,0.000,4490,0,-11,-13,26,16.630,81.370,305,305,0,0,0
84989,0.122,-0.051,0.060,0.014,-0.118,0.036,-0.674,-0.249,0.655,-0.233,0.000,0.000,4231,0,-11,-10,26,16.630,81.370,305,305,0,0,0
85089,0.098,-0.008,0.260,-0.019,-0.333,0.006,-0.669,-0.249,0.661,-0.233,0.000,0.000,4437,0,-18,-3,26,16.630,81.370,305,305,0,0,0
85189,0.116,0.112,0.470,-0.064,-0.464,-0.079,-0.656,-0.253,0.674,-0.225,0.000,-0.001,4994,0,-22,3,26,16.630,81.370,305,305,0,0,0
85289,0.136,0.222,0.360,-0.009,-0.223,0.016,-0.645,-0.258,0.686,-0.217,0.000,-0.002,4213,0,-18,-5,26,16.630,81.370,305,305,0,0,0
85389,0.114,0.175,0.320,0.067,0.552,0.043,-0.649,-0.256,0.681,-0.223,0.000,-0.001,4154,0,3,-29,26,16.630,81.370,305,305,0,0,0
85489,0.091,-0.083,-0.310,0.068,1.061,0.108,-0.676,-0.246,0.652,-0.237,0.000,0.000,3419,0,18,-44,26,16.630,81.370,305,305,0,0,0
85589,0.049,-0.388,-0.400,0.031,0.953,0.117,-0.707,-0.232,0.618,-0.255,0.000,-0.002,3245,0,19,-42,26,16.630,81.370,305,305,0,0,0
85689,0.010,-0.522,-0.310,-0.044,-0.021,0.081,-0.720,-0.222,0.603,-0.263,0.000,-0.005,3372,0,-5,-15,26,16.630,81.370,305,305,0,0,0
85789,0.007,-0.403,-0.500,-0.158,-0.570,-0.111,-0.709,-0.224,0.619,-0.255,0.000,-0.003,4919,0,-13,-1,26,16.630,81.370,305,305,0,0,0
85889,0.036,-0.226,-0.330,0.017,-0.534,-0.013,-0.692,-0.231,0.640,-0.242,0.000,-0.001,3950,0,-18,-8,26,16.630,81.370,305,305,0,0,0
85989,0.029,-0.153,0.120,0.078,0.056,0.086,-0.684,-0.234,0.648,-0.241,0.000,-0.000,3107,0,-2,-26,26,16.620,81.370,305,305,0,0,0
86089,0.015,-0.287,-0.210,0.088,0.641,0.047,-0.697,-0.229,0.632,-0.250,0.000,-0.001,3591,0,14,-41,26,16.620,81.370,305,305,0,0,0
86189,0.016,-0.413,-0.100,0.069,0.232,-0.011,-0.709,-0.226,0.617,-0.257,0.000,-0.003,4078,0,2,-28,26,16.620,81.370,305,305,0,0,0
86289,0.044,-0.422,-0.310,0.000,-0.258,-0.107,-0.711,-0.229,0.614,-0.255,0.000,-0.003,4799,0,-9,-13,26,16.620,81.370,305,305,0,0,0
86389,0.072,-0.299,-0.010,-0.038,-0.367,-0.063,-0.699,-0.236,0.628,-0.248,0.000,-0.001,4555,0,-8,-11,26,16.620,81.370,305,305,0,0,0
86489,0.070,-0.220,0.080,0.014,-0.321,0.068,-0.691,-0.238,0.638,-0.244,0.000,-0.000,3511,0,-12,-12,26,16.620,81.370,305,305,0,0,0
86589,0.039,-0.115,0.000,0.063,-0.241,0.097,-0.678,-0.240,0.650,-0.243,0.000,-0.000,3303,0,-11,-15,26,16.620,81.370,305,305,0,0,0
86689,0.028,-0.104,0.030,0.033,0.062,-0.016,-0.676,-0.241,0.651,-0.245,0.000,-0.000,4279,0,-3,-21,26,16.620,81.370,305,305,0,0,0
86789,0.037,-0.097,0.170,0.011,-0.080,-0.032,-0.675,-0.243,0.652,-0.245,0.000,-0.000,4324,0,-8,-15,26,16.620,81.370,305,305,0,0,0
86889,0.048,-0.105,0.160,0.032,0.081,-0.032,-0.676,-0.245,0.650,-0.245,0.000,-0.000,4350,0,-3,-21,26,16.620,81.370,305,305,0,0,0
86989,0.061,-0.101,0.040,0.007,-0.056,-0.027,-0.676,-0.246,0.650,-0.245,0.000,0.000,4317,0,-7,-15,26,16.620,81.370,305,305,0,0,0
87089,0.049,-0.090,-0.320,0.081,-0.028,0.080,-0.674,-0.247,0.651,-0.246,0.000,0.000,3345,0,-8,-19,27,16.630,81.370,305,305,0,0,0
87189,0.013,-0.058,-0.350,0.257,-0.134,0.118,-0.668,-0.250,0.654,-0.253,0.000,-0.000,2879,0,-17,-21,27,16.630,81.370,305,305,0,0,0
87289,-0.050,-0.021,-0.110,0.436,-0.107,-0.009,-0.657,-0.259,0.655,-0.269,0.000,-0.000,3698,0,-20,-24,27,16.630,81.370,305,305,0,0,0
87389,-0.092,-0.003,0.070,0.399,-0.078,-0.040,-0.647,-0.270,0.653,-0.285,0.000,-0.000,3541,0,-18,-21,27,16.630,81.370,305,305,0,0,0
87489,-0.047,0.063,0.430,-0.001,-0.317,-0.231,-0.639,-0.283,0.656,-0.285,0.000,0.000,5201,0,-13,-2,27,16.620,81.370,305,305,0,0,0
87589,0.027,0.099,0.070,-0.144,0.010,0.027,-0.639,-0.288,0.659,-0.274,0.000,-0.000,3040,0,-4,-11,27,16.620,81.370,305,305,0,0,0
87689,-0.011,0.128,0.220,-0.186,-0.189,0.051,-0.636,-0.282,0.665,-0.272,0.000,-0.000,3483,0,-11,-3,27,16.620,81.370,305,305,0,0,0
87789,-0.012,0.165,0.110,-0.100,-0.020,-0.044,-0.634,-0.279,0.671,-0.266,0.000,-0.001,4249,0,-10,-11,27,16.620,81.370,305,305,0,0,0
87889,-0.005,0.152,0.080,0.156,0.028,-0.011,-0.636,-0.279,0.669,-0.266,0.000,-0.001,3873,0,-17,-19,26,16.620,81.370,305,305,0,0,0
87989,0.028,0.202,0.190,0.348,-0.350,-0.267,-0.628,-0.293,0.669,-0.269,0.000,-0.001,5822,0,-32,-9,26,16.620,81.370,305,305,0,0,0
88089,0.118,0.267,-0.210,0.320,0.036,-0.169,-0.619,-0.315,0.667,-0.270,0.000,-0.003,5093,0,-17,-19,26,16.620,81.370,305,305,0,0,0
88189,0.135,0.248,0.090,0.312,0.052,-0.117,-0.617,-0.326,0.660,-0.279,0.000,-0.003,5187,0,-19,-17,26,16.620,81.370,305,305,0,0,0
88289,0.222,0.239,-0.060,0.384,0.060,-0.319,-0.616,-0.344,0.649,-0.284,0.000,-0.004,6489,0,-21,-20,26,16.620,81.370,305,305,0,0,0
88389,0.342,0.203,-0.220,0.198,0.173,-0.222,-0.620,-0.362,0.635,-0.286,0.000,-0.004,6096,0,-12,-17,26,16.620,81.370,305,305,0,0,0
88489,0.412,0.203,-0.380,-0.152,-0.047,-0.087,-0.622,-0.367,0.632,-0.281,0.000,-0.005,5710,0,-10,-3,26,16.620,81.370,305,305,0,0,0
88589,0.483,0.230,-0.390,-0.161,-0.177,-0.179,-0.624,-0.369,0.634,-0.268,0.000,-0.006,6654,0,-16,-1,26,16.620,81.370,305,305,0,0,0
88689,0.508,0.241,0.780,-0.243,-0.037,0.221,-0.627,-0.364,0.639,-0.258,0.000,-0.007,4132,0,-11,-4,26,16.620,81.370,305,305,0,0,0
88789,0.434,0.242,-0.320,-0.243,-0.059,0.101,-0.628,-0.349,0.647,-0.255,0.000,-0.006,5419,0,-13,-3,26,16.620,81.370,305,305,0,0,0
88889,0.444,0.275,0.320,-0.049,-0.119,0.019,-0.626,-0.347,0.652,-0.249,0.000,-0.007,5635,0,-20,-6,26,16.620,81.370,305,305,0,0,0
88989,0.410,0.244,0.540,-0.428,0.256,0.222,-0.632,-0.336,0.654,-0.246,0.000,-0.006,4135,0,4,-5,27,16.620,81.370,305,305,0,0,0
89089,0.320,0.194,0.340,-0.602,-0.073,0.298,-0.641,-0.307,0.662,-0.238,0.000,-0.003,3453,0,-5,7,27,16.620,81.370,305,305,0,0,0
89189,0.280,0.195,-0.500,-0.447,-0.042,0.043,-0.646,-0.288,0.671,-0.225,0.000,-0.003,5218,0,-8,0,27,16.620,81.370,305,305,0,0,0
89289,0.325,0.217,-0.590,-0.494,-0.158,-0.010,-0.650,-0.276,0.678,-0.204,0.000,-0.004,5268,0,-9,6,27,16.620,81.370,305,305,0,0,0
89389,0.303,0.293,-0.620,-0.673,-0.304,0.117,-0.646,-0.257,0.695,-0.185,0.000,-0.005,4571,0,-8,17,26,16.610,81.370,305,305,0,0,0
89489,0.320,0.334,-0.200,-0.728,-0.159,0.159,-0.648,-0.233,0.708,-0.157,0.000,-0.006,4339,0,-5,13,26,16.610,81.370,305,305,0,0,0
89589,0.185,0.364,0.470,-0.537,-0.368,0.482,-0.646,-0.201,0.721,-0.148,0.000,-0.005,0,2107,-19,17,26,16.610,81.370,305,305,0,0,0
89689,0.032,0.406,0.330,-0.443,0.111,0.466,-0.642,-0.170,0.734,-0.143,0.000,-0.003,0,2909,-6,1,26,16.610,81.370,305,305,0,0,0
89789,-0.093,0.350,0.260,-0.442,0.226,0.226,-0.649,-0.142,0.734,-0.141,0.000,-0.000,1341,0,-2,0,26,16.630,81.370,305,305,0,0,0
89889,-0.092,0.319,0.860,-0.331,0.072,0.084,-0.656,-0.124,0.733,-0.127,0.000,0.000,1961,0,-12,1,26,16.630,81.370,305,305,0,0,0
89989,-0.179,0.274,0.520,0.100,0.050,0.341,-0.661,-0.113,0.730,-0.133,0.000,0.001,0,4269,-22,-8,26,16.630,81.370,305,305,0,0,0
90089,-0.266,0.271,-0.240,0.084,0.008,0.093,-0.659,-0.107,0.731,-0.142,0.000,0.002,0,1809,-19,-5,26,16.630,81.370,305,305,0,0,0
90189,-0.288,0.332,-0.330,0.234,-0.313,-0.068,-0.650,-0.113,0.737,-0.149,0.000,0.003,1729,0,-32,2,27,16.630,81.370,305,305,0,0,0
90289,-0.260,0.330,-0.660,0.190,0.091,-0.096,-0.649,-0.124,0.734,-0.154,0.000,0.002,1202,0,-18,-8,27,16.630,81.370,305,305,0,0,0
90389,-0.211,0.368,-0.420,0.202,-0.254,-0.103,-0.644,-0.136,0.737,-0.154,0.000,0.002,1239,0,-31,3,27,16.630,81.370,305,305,0,0,0
90489,-0.142,0.392,-0.540,0.064,0.128,-0.317,-0.642,-0.147,0.737,-0.152,0.000,0.000,4496,0,-14,-5,27,16.630,81.370,305,305,0,0,0
90589,-0.042,0.338,0.320,0.223,0.198,-0.158,-0.649,-0.160,0.729,-0.149,0.000,-0.001,3109,0,-21,-12,27,16.630,81.370,305,305,0,0,0
90689,-0.003,0.262,0.710,0.430,0.190,-0.313,-0.656,-0.174,0.717,-0.159,0.000,-0.001,5022,0,-25,-17,27,16.630,81.370,305,305,0,0,0
90789,0.103,0.237,0.780,0.667,-0.113,-0.194,-0.657,-0.201,0.706,-0.169,0.000,-0.002,4121,0,-39,-14,27,16.630,81.370,305,305,0,0,0
90889,0.148,0.277,-0.050,0.576,0.023,-0.138,-0.648,-0.227,0.703,-0.183,0.000,-0.003,4446,0,-29,-16,27,16.630,81.370,305,305,0,0,0
90989,0.110,0.189,0.790,0.687,0.104,0.119,-0.651,-0.243,0.687,-0.210,0.000,-0.002,2294,0,-33,-19,27,16.640,81.370,305,305,0,0,0
91089,0.150,0.253,-0.330,0.679,-0.061,-0.157,-0.639,-0.269,0.685,-0.224,0.000,-0.003,5017,0,-35,-17,27,16.640,81.370,305,305,0,0,0
91189,0.144,0.212,-0.880,0.922,0.214,0.079,-0.634,-0.293,0.670,-0.251,0.000,-0.002,2920,0,-35,-31,27,16.640,81.370,305,305,0,0,0
91289,0.069,0.180,-0.470,1.067,0.088,0.080,-0.621,-0.319,0.654,-0.289,0.000,-0.001,3259,0,-41,-29,27,16.640,81.370,305,305,0,0,0
91389,0.050,0.137,0.610,1.162,0.217,-0.089,-0.608,-0.351,0.632,-0.327,0.000,-0.001,4581,0,-38,-36,26,16.620,81.370,305,305,0,0,0
91489,0.029,0.079,0.280,1.451,0.243,0.024,-0.591,-0.386,0.604,-0.371,0.000,-0.000,3409,0,-44,-46,26,16.620,81.370,305,305,0,0,0
91589,0.017,0.133,1.250,1.448,-0.470,0.148,-0.557,-0.431,0.580,-0.410,0.000,-0.001,785,0,-65,-21,26,16.620,81.370,305,305,0,0,0
91689,0.014,0.155,-0.120,1.057,0.239,-0.066,-0.530,-0.465,0.556,-0.440,0.000,-0.001,3988,0,-31,-35,26,16.620,81.370,305,305,0,0,0
91789,-0.021,0.161,-1.190,0.858,-0.147,-0.069,-0.505,-0.490,0.535,-0.468,0.000,-0.001,4203,0,-41,-17,26,16.620,81.370,305,305,0,0,0
91889,0.078,0.178,-0.670,0.553,-0.006,-0.427,-0.492,-0.517,0.512,-0.478,0.000,-0.002,6558,0,-31,-16,26,16.620,81.370,305,305,0,0,0
91989,0.199,0.234,-0.110,0.332,-0.380,-0.183,-0.485,-0.540,0.498,-0.475,0.000,0.001,5194,0,-41,1,26,16.620,81.370,305,305,0,0,0
92089,0.171,0.277,-0.620,0.319,0.150,0.002,-0.471,-0.550,0.493,-0.482,0.000,0.002,4588,0,-25,-18,26,16.620,81.370,305,305,0,0,0
92189,0.280,0.239,-0.290,0.042,0.168,-0.337,-0.476,-0.559,0.477,-0.483,0.000,0.000,6695,0,-19,-10,26,16.620,81.370,305,305,0,0,0
92289,0.353,0.152,1.010,0.142,0.392,-0.147,-0.486,-0.557,0.464,-0.488,0.000,-0.001,5883,0,-18,-24,26,16.620,81.370,305,305,0,0,0
92389,0.372,0.066,2.120,0.191,-0.073,-0.002,-0.489,-0.555,0.450,-0.500,0.000,-0.001,5261,0,-34,-8,26,16.620,81.370,305,305,0,0,0
92489,0.391,0.140,0.280,0.384,0.261,-0.012,-0.476,-0.570,0.446,-0.500,0.000,-0.001,5375,0,-22,-29,26,16.620,81.370,305,305,0,0,0
92589,0.345,0.035,-0.540,0.557,0.258,0.063,-0.468,-0.570,0.426,-0.525,0.000,-0.000,5101,0,-30,-29,26,16.620,81.370,305,305,0,0,0
92689,0.368,0.021,-0.590,0.689,0.076,-0.131,-0.454,-0.583,0.405,-0.539,0.000,-0.000,6236,0,-37,-28,26,16.620,81.370,305,305,0,0,0
92789,0.377,0.038,-0.160,0.854,0.082,0.088,-0.431,-0.600,0.382,-0.555,0.000,-0.000,4538,0,-40,-33,26,16.630,81.370,305,305,0,0,0
92889,0.335,-0.006,-0.240,0.806,0.192,0.086,-0.407,-0.610,0.357,-0.579,0.000,0.000,4835,0,-34,-33,26,16.630,81.370,305,305,0,0,0
92989,0.298,-0.009,0.230,0.794,-0.012,0.103,-0.384,-0.620,0.338,-0.595,0.000,0.000,4658,0,-40,-28,26,16.630,81.370,305,305,0,0,0
93089,0.268,0.006,0.190,0.841,0.172,0.077,-0.357,-0.634,0.315,-0.610,0.000,-0.000,4668,0,-35,-37,26,16.630,81.370,305,305,0,0,0
93189,0.236,-0.042,0.100,0.914,0.191,0.043,-0.329,-0.641,0.287,-0.631,0.000,0.000,4868,0,-37,-38,27,16.630,81.370,305,305,0,0,0
93289,0.208,-0.041,0.260,0.821,0.084,0.188,-0.300,-0.651,0.263,-0.646,0.000,0.000,3387,0,-36,-34,27,16.630,81.370,305,305,0,0,0
93389,0.125,-0.129,0.050,0.702,0.272,0.258,-0.271,-0.649,0.240,-0.669,0.000,0.001,2451,0,-28,-37,27,16.630,81.370,305,305,0,0,0
93489,0.051,-0.192,0.120,0.529,0.399,0.200,-0.247,-0.647,0.223,-0.686,0.000,0.001,2679,0,-17,-40,27,16.630,81.370,305,305,0,0,0
93589,-0.010,-0.331,0.270,0.461,0.620,0.203,-0.229,-0.634,0.207,-0.709,0.000,0.002,1828,0,-9,-48,26,16.610,81.370,305,305,0,0,0
93689,-0.061,-0.521,-0.060,0.301,0.630,0.170,-0.217,-0.614,0.192,-0.735,0.000,0.003,1682,0,-2,-47,26,16.610,81.370,305,305,0,0,0
93789,-0.119,-0.687,-0.350,0.162,0.593,0.180,-0.206,-0.594,0.182,-0.756,0.000,0.004,0,782,4,-48,26,16.610,81.370,305,305,0,0,0
93889,-0.171,-0.824,-0.080,0.078,0.270,0.204,-0.202,-0.575,0.179,-0.772,0.000,0.005,0,2600,-2,-41,26,16.610,81.370,305,305,0,0,0
93989,-0.240,-0.883,-0.170,0.054,-0.172,0.147,-0.194,-0.566,0.179,-0.781,0.000,0.003,0,2365,-12,-30,26,16.620,81.370,305,305,0,0,0
94089,-0.258,-0.776,-0.080,0.037,-0.671,0.013,-0.187,-0.581,0.183,-0.771,0.000,0.001,0,1226,-25,-18,26,16.620,81.370,305,305,0,0,0
94189,-0.267,-0.587,-0.130,0.058,-0.638,0.029,-0.179,-0.606,0.188,-0.752,0.000,-0.001,0,2230,-25,-20,26,16.620,81.370,305,305,0,0,0
94289,-0.283,-0.406,-0.030,0.014,-0.750,-0.037,-0.170,-0.628,0.193,-0.734,0.000,-0.002,0,1525,-30,-11,26,16.630,81.370,305,305,0,0,0
94389,-0.277,-0.202,-0.050,-0.016,-0.646,-0.072,-0.162,-0.654,0.197,-0.712,0.000,-0.002,0,729,-30,-10,26,16.630,81.370,305,305,0,0,0
94489,-0.252,-0.012,0.010,0.014,-0.668,-0.074,-0.155,-0.677,0.198,-0.691,0.000,-0.000,0,1136,-36,-6,26,16.630,81.370,305,305,0,0,0
94589,-0.233,0.162,0.230,-0.004,-0.503,-0.063,-0.149,-0.698,0.198,-0.671,0.000,0.002,0,1358,-34,-6,26,16.630,81.370,305,305,0,0,0
94689,-0.216,0.310,-0.010,-0.003,-0.508,-0.082,-0.145,-0.715,0.200,-0.654,0.000,0.004,0,404,-39,-2,27,16.630,81.370,305,305,0,0,0
94790,-0.198,0.458,-0.150,0.087,-0.428,-0.039,-0.140,-0.732,0.200,-0.636,0.000,0.007,0,1950,-43,-4,27,16.630,81.370,305,305,0,0,0
94890,-0.174,0.576,0.000,0.063,-0.412,-0.091,-0.136,-0.746,0.198,-0.621,0.000,0.009,507,0,-45,1,27,16.630,81.370,305,305,0,0,0
94990,-0.140,0.679,-0.110,0.059,-0.422,-0.042,-0.133,-0.759,0.194,-0.607,0.000,0.010,0,1724,-49,5,27,16.630,81.370,305,305,0,0,0
95090,-0.143,0.809,-0.080,0.044,-0.382,0.023,-0.127,-0.773,0.195,-0.591,0.000,0.013,0,2537,-49,7,26,16.630,81.370,305,305,0,0,0
95190,-0.159,0.891,-0.080,0.068,-0.162,0.041,-0.122,-0.781,0.196,-0.580,0.000,0.016,0,2877,-47,2,26,16.630,81.370,305,305,0,0,0
95290,-0.170,0.929,0.180,0.066,-0.028,0.013,-0.118,-0.785,0.195,-0.575,0.000,0.018,0,2740,-45,1,26,16.630,81.370,305,305,0,0,0
95390,-0.193,0.911,0.060,0.031,0.293,-0.007,-0.116,-0.783,0.197,-0.578,0.000,0.018,0,2650,-36,-6,26,16.630,81.370,305,305,0,0,0
95490,-0.193,0.814,0.060,0.020,0.419,-0.032,-0.119,-0.773,0.195,-0.591,0.000,0.015,0,2461,-32,-10,27,16.630,81.370,305,305,0,0,0
95590,-0.212,0.669,0.060,0.054,0.570,0.090,-0.121,-0.758,0.192,-0.611,0.000,0.012,0,4000,-28,-16,27,16.630,81.370,305,305,0,0,0
95690,-0.245,0.486,0.030,0.034,0.634,0.063,-0.123,-0.738,0.190,-0.635,0.000,0.008,0,3894,-23,-20,27,16.630,81.370,305,305,0,0,0
95790,-0.261,0.308,-0.030,0.063,0.674,0.010,-0.125,-0.719,0.187,-0.658,0.000,0.005,0,3688,-19,-26,27,16.630,81.370,305,305,0,0,0
95891,-0.278,0.100,-0.230,0.064,0.727,0.073,-0.129,-0.695,0.182,-0.686,0.000,0.001,0,4668,-14,-31,27,16.630,81.370,305,305,0,0,0
95991,-0.309,-0.076,-0.130,0.006,0.618,0.089,-0.131,-0.674,0.180,-0.704,0.000,-0.001,0,4832,-11,-31,27,16.630,81.370,305,305,0,0,0
96090,-0.349,-0.247,-0.120,-0.024,0.468,0.101,-0.132,-0.653,0.180,-0.724,0.000,-0.003,0,5165,-11,-29,27,16.630,81.370,305,305,0,0,0
96190,-0.380,-0.370,0.000,0.014,0.372,0.010,-0.133,-0.637,0.179,-0.738,0.000,-0.004,0,4808,-12,-32,27,16.630,81.370,305,305,0,0,0
96290,-0.371,-0.470,-0.090,0.097,0.244,-0.037,-0.135,-0.626,0.174,-0.749,0.000,-0.004,0,4733,-16,-32,27,16.630,81.370,305,305,0,0,0
96390,-0.357,-0.496,-0.090,0.007,-0.039,-0.034,-0.134,-0.623,0.170,-0.751,0.000,-0.004,0,4901,-17,-24,26,16.620,81.370,305,305,0,0,0
96490,-0.358,-0.467,0.090,-0.101,-0.273,0.019,-0.136,-0.626,0.174,-0.748,0.000,-0.004,0,5417,-21,-16,26,16.620,81.370,305,305,0,0,0
96590,-0.370,-0.374,-0.080,-0.102,-0.369,-0.006,-0.136,-0.637,0.180,-0.737,0.000,-0.004,0,5320,-25,-14,26,16.620,81.370,305,305,0,0,0
96689,-0.369,-0.265,-0.020,-0.060,-0.380,-0.063,-0.135,-0.649,0.185,-0.725,0.000,-0.003,0,5005,-27,-13,27,16.610,81.370,305,305,0,0,0
96789,-0.358,-0.127,-0.040,-0.022,-0.536,-0.012,-0.134,-0.666,0.189,-0.709,0.000,-0.002,0,5409,-35,-7,27,16.610,81.370,305,305,0,0,0
96889,-0.346,-0.009,0.100,-0.039,-0.316,-0.069,-0.131,-0.680,0.190,-0.696,0.000,-0.000,0,4989,-30,-11,27,16.610,81.370,305,305,0,0,0
96989,-0.322,0.057,0.210,-0.032,-0.110,-0.044,-0.133,-0.688,0.191,-0.688,0.000,0.001,0,5178,-27,-15,27,16.610,81.370,305,305,0,0,0
97089,-0.298,0.075,0.120,0.029,-0.034,-0.068,-0.133,-0.691,0.189,-0.685,0.000,0.001,0,4859,-28,-16,27,16.630,81.370,305,305,0,0,0
97189,-0.278,0.094,0.070,0.000,-0.089,-0.042,-0.134,-0.693,0.187,-0.683,0.000,0.001,0,4942,-29,-12,27,16.630,81.370,305,305,0,0,0
97289,-0.274,0.121,-0.050,-0.020,-0.112,-0.006,-0.134,-0.697,0.187,-0.680,0.000,0.002,0,5106,-30,-11,27,16.630,81.370,305,305,0,0,0
97389,-0.250,0.197,0.000,-0.027,-0.393,-0.018,-0.134,-0.705,0.188,-0.670,0.000,0.003,0,5049,-40,-1,27,16.630,81.370,305,305,0,0,0
97489,-0.257,0.285,-0.010,-0.022,-0.198,0.021,-0.132,-0.715,0.192,-0.660,0.000,0.004,0,5177,-34,-6,27,16.630,81.370,305,305,0,0,0
97589,-0.261,0.351,0.000,0.001,-0.303,0.023,-0.130,-0.722,0.194,-0.652,0.000,0.005,0,5192,-41,-1,27,16.630,81.370,305,305,0,0,0
97689,-0.260,0.423,-0.090,0.019,-0.184,0.013,-0.128,-0.730,0.195,-0.643,0.000,0.007,0,5147,-39,-4,27,16.630,81.370,305,305,0,0,0
97789,-0.268,0.465,0.160,-0.013,-0.129,0.056,-0.126,-0.734,0.197,-0.638,0.000,0.008,0,5466,-38,-2,27,16.620,81.370,305,305,0,0,0
97889,-0.272,0.455,0.130,-0.009,0.253,0.041,-0.127,-0.733,0.198,-0.639,0.000,0.008,0,5354,-28,-14,27,16.620,81.370,305,305,0,0,0
97989,-0.301,0.355,-0.040,-0.011,0.367,0.107,-0.128,-0.721,0.199,-0.651,0.000,0.006,0,5780,-25,-15,27,16.620,81.370,305,305,0,0,0
98089,-0.333,0.278,-0.040,-0.052,0.241,0.059,-0.129,-0.711,0.201,-0.661,0.000,0.005,0,5534,-26,-12,27,16.620,81.370,305,305,0,0,0
98189,-0.348,0.213,-0.020,-0.081,0.336,0.032,-0.132,-0.703,0.204,-0.669,0.000,0.004,0,5504,-21,-17,27,16.620,81.370,305,305,0,0,0
98289,-0.369,0.107,0.070,-0.054,0.359,0.027,-0.136,-0.690,0.205,-0.681,0.000,0.002,0,5485,-20,-19,27,16.620,81.370,305,305,0,0,0
98389,-0.364,0.023,0.030,-0.089,0.190,-0.059,-0.141,-0.680,0.205,-0.690,0.000,0.000,0,5036,-22,-15,27,16.620,81.370,305,305,0,0,0
98489,-0.337,-0.018,0.020,-0.117,0.170,-0.066,-0.149,-0.674,0.206,-0.693,0.000,-0.000,0,5072,-20,-16,27,16.620,81.370,305,305,0,0,0
98589,-0.331,-0.049,0.130,-0.098,0.017,0.071,-0.155,-0.670,0.208,-0.696,0.000,-0.001,0,5862,-25,-13,27,16.630,81.370,305,305,0,0,0
98689,-0.354,-0.054,0.180,-0.074,0.038,0.033,-0.156,-0.668,0.213,-0.696,0.000,-0.001,0,5520,-24,-15,27,16.630,81.370,305,305,0,0,0
98789,-0.349,-0.075,-0.100,-0.003,0.131,-0.061,-0.159,-0.665,0.214,-0.698,0.000,-0.001,0,4973,-22,-20,27,16.630,81.370,305,305,0,0,0
98889,-0.328,-0.099,0.020,-0.024,0.019,-0.049,-0.162,-0.662,0.212,-0.700,0.000,-0.001,0,5073,-24,-16,27,16.620,81.370,305,305,0,0,0
98989,-0.323,-0.100,0.050,-0.064,0.000,0.024,-0.164,-0.662,0.213,-0.700,0.000,-0.001,0,5496,-23,-15,27,16.620,81.370,305,305,0,0,0
99089,-0.344,-0.105,0.070,-0.042,0.034,0.060,-0.164,-0.660,0.216,-0.700,0.000,-0.001,0,5669,-22,-17,27,16.620,81.370,305,305,0,0,0
99189,-0.356,-0.110,0.070,-0.030,-0.007,-0.056,-0.164,-0.659,0.218,-0.701,0.000,-0.001,0,4941,-24,-16,27,16.620,81.370,305,305,0,0,0
99289,-0.330,-0.109,0.080,-0.017,0.007,-0.060,-0.167,-0.659,0.217,-0.700,0.000,-0.001,0,5015,-23,-17,27,16.610,81.370,305,305,0,0,0
99389,-0.321,-0.118,-0.050,-0.017,0.054,0.019,-0.169,-0.659,0.216,-0.701,0.000,-0.001,0,5473,-22,-19,27,16.610,81.370,305,305,0,0,0
99489,-0.329,-0.125,0.020,0.007,-0.037,0.008,-0.169,-0.657,0.217,-0.702,0.000,-0.001,0,5347,-25,-17,27,16.610,81.370,305,305,0,0,0
99589,-0.325,-0.108,0.050,0.013,-0.051,-0.032,-0.168,-0.660,0.216,-0.700,0.000,-0.001,0,5098,-25,-16,27,16.610,81.370,305,305,0,0,0
99689,-0.314,-0.102,-0.010,-0.003,-0.002,-0.024,-0.168,-0.661,0.215,-0.699,0.000,-0.001,0,5137,-23,-17,26,16.610,81.370,305,305,0,0,0
99789,-0.304,-0.093,0.160,-0.003,-0.057,0.003,-0.169,-0.662,0.215,-0.698,0.000,-0.001,0,5304,-25,-16,26,16.610,81.370,305,305,0,0,0
99889,-0.306,-0.078,0.080,0.000,-0.016,0.022,-0.169,-0.664,0.216,-0.696,0.000,-0.001,0,5377,-24,-17,26,16.610,81.370,305,305,0,0,0
99989,-0.308,-0.075,0.010,0.017,0.000,0.008,-0.169,-0.664,0.216,-0.696,0.000,-0.001,0,5303,-25,-18,26,16.610,81.370,305,305,0,0,0
100089,-0.302,-0.073,0.010,-0.037,-0.022,-0.036,-0.169,-0.664,0.216,-0.695,0.000,-0.001,0,4988,-23,-15,27,16.620,81.370,305,305,0,0,0
100189,-0.291,-0.059,-0.130,-0.047,-0.013,-0.074,-0.171,-0.666,0.217,-0.693,0.000,-0.001,0,4684,-23,-15,27,16.620,81.370,305,305,0,0,0
100289,-0.261,-0.049,0.040,-0.032,-0.050,-0.070,-0.175,-0.667,0.216,-0.691,0.000,-0.000,0,4701,-26,-15,27,16.620,81.370,305,305,0,0,0
100390,-0.256,-0.029,0.050,0.053,-0.036,-0.037,-0.174,-0.670,0.216,-0.689,0.000,-0.000,0,4807,-28,-17,27,16.620,81.370,305,305,0,0,0
100490,-0.242,-0.018,0.100,0.247,-0.073,-0.073,-0.170,-0.673,0.210,-0.688,0.000,-0.000,0,4479,-34,-21,27,16.620,81.330,305,305,0,0,0
100590,-0.230,0.001,-0.080,0.396,-0.069,0.000,-0.160,-0.679,0.199,-0.689,0.000,-0.000,0,5015,-37,-24,27,16.620,81.330,305,305,0,0,0
100690,-0.247,0.011,-0.040,0.424,-0.023,-0.030,-0.143,-0.684,0.186,-0.691,0.000,0.000,0,4633,-34,-24,27,16.620,81.330,305,305,0,0,0
100790,-0.229,0.026,-0.120,0.264,-0.186,-0.106,-0.132,-0.689,0.173,-0.692,0.000,0.000,0,4181,-36,-13,27,16.620,81.330,305,305,0,0,0
100890,-0.195,0.064,-0.020,0.234,-0.092,-0.117,-0.126,-0.696,0.163,-0.688,0.000,0.001,0,4067,-34,-18,27,16.620,81.370,305,305,0,0,0
100990,-0.158,0.099,0.000,0.282,-0.123,-0.067,-0.120,-0.702,0.152,-0.685,0.000,0.001,0,4363,-37,-17,27,16.620,81.370,305,305,0,0,0
101090,-0.139,0.109,0.120,0.257,-0.067,-0.013,-0.113,-0.706,0.142,-0.685,0.000,0.001,0,4657,-36,-17,27,16.620,81.370,305,305,0,0,0
101190,-0.137,0.134,0.220,0.323,-0.097,-0.081,-0.103,-0.710,0.133,-0.683,0.000,0.001,0,3983,-39,-18,27,16.620,81.370,305,305,0,0,0
101291,-0.120,0.168,0.070,0.319,-0.107,-0.172,-0.093,-0.717,0.120,-0.681,0.000,0.001,0,2752,-38,-16,26,16.620,81.370,305,305,0,0,0
101390,-0.059,0.169,0.190,0.230,0.056,-0.149,-0.089,-0.719,0.105,-0.681,0.000,0.001,0,3237,-33,-19,26,16.620,81.370,305,305,0,0,0
101491,-0.033,0.164,0.360,0.249,-0.022,-0.023,-0.084,-0.720,0.095,-0.682,0.000,0.000,0,4125,-37,-17,26,16.620,81.370,305,305,0,0,0
101591,-0.032,0.155,-0.150,0.263,0.187,-0.018,-0.077,-0.720,0.087,-0.684,0.000,0.000,0,3917,-31,-25,26,16.620,81.370,305,305,0,0,0
101690,0.001,0.086,0.360,0.292,0.106,-0.172,-0.071,-0.714,0.073,-0.693,0.000,0.000,0,1703,-36,-19,27,16.610,81.370,305,305,0,0,0
101790,0.052,0.100,0.200,0.173,-0.059,-0.052,-0.068,-0.716,0.061,-0.692,0.000,-0.000,0,3413,-35,-15,27,16.610,81.370,305,305,0,0,0
101890,0.006,0.106,-0.410,0.350,-0.050,0.178,-0.055,-0.717,0.056,-0.692,0.000,0.000,0,5083,-41,-21,27,16.610,81.370,305,305,0,0,0
101990,-0.021,0.145,-0.270,0.326,-0.112,-0.032,-0.041,-0.723,0.047,-0.689,0.000,0.000,0,3293,-41,-18,27,16.610,81.370,305,305,0,0,0
102090,0.054,0.157,-0.360,0.284,-0.063,-0.326,-0.037,-0.725,0.029,-0.687,0.000,-0.000,3044,0,-39,-17,27,16.620,81.370,305,305,0,0,0
102189,0.144,0.192,-0.160,0.257,-0.118,-0.111,-0.036,-0.729,0.012,-0.683,0.000,-0.001,0,2101,-41,-14,27,16.620,81.370,305,305,0,0,0
102289,0.120,0.210,-0.140,0.257,-0.092,0.094,-0.025,-0.731,0.005,-0.681,0.000,-0.001,0,3841,-42,-14,27,16.620,81.370,305,305,0,0,0
102389,0.106,0.260,0.070,0.280,-0.178,-0.069,-0.015,-0.737,-0.003,-0.676,0.000,-0.001,0,1252,-46,-13,27,16.620,81.370,305,305,0,0,0
102489,0.118,0.282,0.140,0.301,-0.014,0.030,-0.007,-0.739,-0.014,-0.673,0.000,-0.001,0,3274,-42,-17,27,16.630,81.370,305,305,0,0,0
102589,0.061,0.252,0.140,0.210,0.064,0.197,0.007,-0.736,-0.018,-0.677,0.000,-0.001,0,4525,-37,-16,27,16.630,81.370,305,305,0,0,0
102689,-0.005,0.225,0.690,0.057,0.179,0.193,0.016,-0.733,-0.017,-0.680,0.000,-0.000,0,4769,-30,-16,27,16.630,81.370,305,305,0,0,0
102789,-0.104,0.166,0.310,0.170,0.178,0.389,0.027,-0.726,-0.010,-0.687,0.000,0.001,0,6330,-36,-21,27,16.630,81.370,305,305,0,0,0
102889,-0.256,0.129,0.060,0.080,0.068,0.303,0.046,-0.722,-0.002,-0.690,0.000,0.001,0,6155,-34,-14,27,16.620,81.370,305,305,0,0,0
102989,-0.319,0.081,-0.310,-0.094,0.361,0.102,0.050,-0.717,0.005,-0.696,0.000,0.001,0,5478,-18,-22,27,16.620,81.370,305,305,0,0,0
103089,-0.379,0.041,-0.130,-0.247,-0.366,0.179,0.049,-0.712,0.018,-0.701,0.000,0.001,0,6274,-41,7,27,16.620,81.370,305,305,0,0,0
103189,-0.394,0.150,-0.160,-0.222,0.019,-0.049,0.042,-0.724,0.027,-0.688,0.000,0.002,0,4946,-26,-12,27,16.630,81.370,305,305,0,0,0
103289,-0.327,0.119,-0.380,-0.239,-0.008,-0.164,0.029,-0.720,0.029,-0.692,0.000,0.002,0,4313,-30,-7,27,16.630,81.370,305,305,0,0,0
103389,-0.270,0.169,0.230,-0.427,-0.111,-0.144,0.013,-0.726,0.036,-0.687,0.000,0.002,0,4229,-27,1,27,16.630,81.370,305,305,0,0,0
103489,-0.208,0.177,0.150,-0.588,0.024,-0.158,-0.009,-0.726,0.047,-0.686,0.000,0.002,0,3902,-20,2,27,16.630,81.370,305,305,0,0,0
103589,-0.121,0.187,0.170,-0.884,0.084,-0.180,-0.042,-0.726,0.066,-0.683,0.000,0.001,0,3187,-11,7,27,16.630,81.370,305,305,0,0,0
103689,-0.028,0.178,0.320,-1.066,-0.011,-0.253,-0.083,-0.722,0.093,-0.681,0.000,0.000,0,932,-12,15,27,16.630,81.370,305,305,0,0,0
103789,0.057,0.188,0.190,-0.789,-0.217,-0.273,-0.119,-0.720,0.116,-0.674,0.000,-0.000,2465,0,-28,12,27,16.630,81.370,305,305,0,0,0
103889,0.088,0.327,-0.440,-0.444,-0.418,0.139,-0.137,-0.732,0.137,-0.653,0.000,-0.000,0,4671,-41,9,27,16.620,81.370,305,305,0,0,0
103989,0.055,0.328,0.010,-0.078,-0.077,0.139,-0.143,-0.730,0.149,-0.652,0.000,0.000,0,4424,-42,-6,27,16.620,81.370,305,305,0,0,0
104089,0.057,0.351,-0.510,-0.092,0.049,-0.068,-0.144,-0.732,0.152,-0.649,0.000,0.001,0,2270,-34,-6,27,16.620,81.370,305,305,0,0,0
104189,0.069,0.334,-0.140,-0.090,-0.008,0.062,-0.149,-0.729,0.154,-0.650,0.000,0.000,0,3938,-37,-2,27,16.620,81.370,305,305,0,0,0
104289,0.053,0.313,-0.030,-0.127,0.112,0.169,-0.151,-0.726,0.158,-0.652,0.000,0.001,0,4508,-31,-5,27,16.630,81.370,305,305,0,0,0
104389,-0.025,0.271,0.180,-0.237,0.104,0.272,-0.151,-0.719,0.170,-0.657,0.000,0.001,0,5413,-28,-1,27,16.630,81.370,305,305,0,0,0
104489,-0.127,0.230,0.020,-0.436,0.238,0.244,-0.153,-0.709,0.188,-0.662,0.000,0.002,0,5540,-18,-1,27,16.630,81.370,305,305,0,0,0
104589,-0.173,0.178,0.500,-0.852,0.129,0.099,-0.171,-0.696,0.212,-0.664,0.000,0.002,0,4931,-11,13,27,16.630,81.370,305,305,0,0,0
104689,-0.211,0.198,-0.040,-0.940,-0.051,0.372,-0.198,-0.687,0.249,-0.654,0.000,0.002,0,6839,-17,15,27,16.630,81.370,305,305,0,0,0
104789,-0.331,0.186,0.110,-0.780,0.174,0.097,-0.216,-0.670,0.286,-0.650,0.000,0.003,0,5051,-14,4,27,16.630,81.370,305,305,0,0,0
104889,-0.283,0.145,-0.140,-0.788,0.100,0.022,-0.247,-0.656,0.306,-0.644,0.000,0.002,0,5320,-16,9,27,16.630,81.370,305,305,0,0,0
104989,-0.311,0.178,0.090,-0.958,0.040,0.151,-0.268,-0.646,0.336,-0.631,0.000,0.003,0,5995,-10,15,27,16.630,81.370,305,305,0,0,0
105089,-0.339,0.152,0.040,-0.993,0.124,-0.018,-0.296,-0.626,0.366,-0.622,0.000,0.003,0,4845,-8,14,27,16.630,81.370,305,305,0,0,0
105189,-0.298,0.161,0.040,-0.917,0.098,-0.044,-0.327,-0.611,0.392,-0.605,0.000,0.003,0,4895,-11,11,27,16.630,81.370,305,305,0,0,0
105289,-0.286,0.137,-0.130,-0.862,0.162,0.004,-0.355,-0.592,0.415,-0.593,0.000,0.002,0,5112,-10,10,27,16.630,81.370,305,305,0,0,0
105389,-0.240,0.124,-0.040,-1.023,0.119,-0.096,-0.386,-0.574,0.437,-0.575,0.000,0.002,0,4429,-5,16,27,16.620,81.370,305,305,0,0,0
105489,-0.204,0.087,0.010,-1.012,0.233,-0.089,-0.419,-0.550,0.461,-0.556,0.000,0.001,0,4192,-3,10,27,16.620,81.370,305,305,0,0,0
105589,-0.141,0.045,0.060,-0.914,0.053,-0.087,-0.454,-0.527,0.480,-0.535,0.000,0.000,0,4208,-11,13,27,16.620,81.370,305,305,0,0,0
105689,-0.144,0.041,-0.170,-0.719,0.123,0.122,-0.476,-0.506,0.501,-0.516,0.000,0.000,0,5442,-11,5,27,16.620,81.370,305,305,0,0,0
105789,-0.139,0.027,-0.070,-0.687,-0.062,-0.074,-0.495,-0.487,0.517,-0.500,0.000,0.000,0,3859,-16,12,27,16.620,81.370,305,305,0,0,0
105889,-0.087,0.075,0.250,-0.668,-0.223,-0.117,-0.511,-0.477,0.534,-0.476,0.000,-0.000,0,3508,-21,16,27,16.620,81.370,305,305,0,0,0
105989,-0.026,0.116,-0.160,-0.618,0.018,-0.162,-0.526,-0.466,0.549,-0.452,0.000,-0.001,0,2570,-14,8,27,16.620,81.370,305,305,0,0,0
106089,0.021,0.101,0.180,-0.506,0.060,0.111,-0.542,-0.453,0.558,-0.435,0.000,-0.001,0,4776,-16,6,27,16.620,81.370,305,305,0,0,0
106189,-0.014,0.053,-0.090,-0.344,0.331,0.201,-0.555,-0.434,0.566,-0.428,0.000,-0.000,0,4911,-10,-7,27,16.630,81.370,305,305,0,0,0
106289,-0.079,-0.065,0.260,-0.273,0.360,0.156,-0.569,-0.412,0.565,-0.432,0.000,-0.000,0,5006,-10,-8,27,16.630,81.370,305,305,0,0,0
106389,-0.132,-0.127,0.260,-0.207,0.146,0.159,-0.579,-0.395,0.568,-0.431,0.000,-0.001,0,5370,-16,-5,27,16.630,81.370,305,305,0,0,0
106489,-0.182,-0.199,0.230,-0.006,0.362,0.150,-0.588,-0.380,0.568,-0.433,0.000,-0.003,0,5496,-13,-20,27,16.630,81.370,305,305,0,0,0
106590,-0.220,-0.318,-0.170,0.233,0.447,-0.009,-0.596,-0.370,0.557,-0.445,0.000,-0.007,0,4443,-14,-30,27,16.620,81.370,305,305,0,0,0
106690,-0.113,-0.449,-0.600,0.309,0.447,-0.446,-0.608,-0.374,0.534,-0.453,0.000,-0.010,3079,0,-12,-32,27,16.620,81.370,305,305,0,0,0
106790,0.015,-0.560,-0.070,0.417,0.306,-0.312,-0.616,-0.387,0.505,-0.464,0.000,-0.013,2439,0,-13,-32,27,16.620,81.370,305,305,0,0,0
106890,0.154,-0.619,-0.220,0.357,0.052,-0.114,-0.620,-0.399,0.487,-0.468,0.000,-0.013,0,2319,-18,-25,27,16.620,81.370,305,305,0,0,0
106990,0.195,-0.598,0.370,0.208,-0.172,0.150,-0.615,-0.410,0.482,-0.471,0.000,-0.011,0,4303,-19,-16,27,16.630,81.370,305,305,0,0,0
107090,0.171,-0.517,-0.390,0.002,-0.393,0.012,-0.605,-0.417,0.490,-0.470,0.000,-0.008,0,2085,-21,-5,27,16.630,81.370,305,305,0,0,0
107190,0.136,-0.375,0.340,-0.124,-0.566,0.108,-0.591,-0.424,0.507,-0.461,0.000,-0.004,0,3439,-24,4,27,16.630,81.370,305,305,0,0,0
107290,0.103,-0.205,-0.080,-0.274,-0.616,0.032,-0.579,-0.431,0.530,-0.446,0.000,-0.001,0,2720,-24,12,27,16.630,81.370,305,305,0,0,0
107390,0.074,-0.053,0.130,-0.410,-0.463,0.000,-0.570,-0.431,0.552,-0.428,0.000,0.000,0,2626,-20,12,27,16.630,81.370,305,305,0,0,0
107489,0.106,0.021,-0.010,-0.590,-0.099,-0.098,-0.575,-0.425,0.568,-0.407,0.000,-0.000,0,537,-8,8,27,16.630,81.370,305,305,0,0,0
107590,0.041,-0.011,-0.140,-0.657,0.218,0.353,-0.587,-0.401,0.581,-0.397,0.000,0.000,0,5751,1,1,27,16.630,81.370,305,305,0,0,0
107690,-0.110,-0.123,0.400,-0.643,0.536,0.301,-0.603,-0.364,0.589,-0.396,0.000,-0.001,0,5462,9,-10,27,16.630,81.370,305,305,0,0,0
107789,-0.174,-0.304,-0.160,-0.323,0.670,0.061,-0.628,-0.332,0.582,-0.396,0.000,-0.005,0,4466,5,-25,27,16.600,81.370,305,305,0,0,0
107889,-0.169,-0.484,0.430,-0.090,0.576,-0.077,-0.649,-0.316,0.565,-0.399,0.000,-0.011,0,3796,2,-30,27,16.600,81.370,305,305,0,0,0
107989,-0.165,-0.593,0.380,0.039,0.194,0.000,-0.660,-0.308,0.553,-0.404,0.000,-0.016,0,4596,-8,-23,27,16.600,81.370,305,305,0,0,0
108089,-0.164,-0.606,-0.290,0.121,-0.114,0.077,-0.660,-0.310,0.550,-0.408,0.000,-0.016,0,5056,-15,-18,27,16.600,81.370,305,305,0,0,0
108189,-0.147,-0.554,-0.100,0.081,-0.336,-0.099,-0.654,-0.317,0.554,-0.407,0.000,-0.014,0,3504,-18,-11,27,16.610,81.370,305,305,0,0,0
108289,-0.090,-0.441,-0.180,0.241,-0.428,-0.068,-0.643,-0.333,0.562,-0.401,0.000,-0.008,0,3986,-27,-14,27,16.610,81.370,305,305,0,0,0
108389,-0.048,-0.324,-0.060,0.193,-0.378,-0.066,-0.629,-0.350,0.569,-0.397,0.000,-0.004,0,3721,-23,-10,27,16.610,81.370,305,305,0,0,0
108489,-0.025,-0.237,-0.200,0.092,-0.230,-0.096,-0.620,-0.361,0.575,-0.394,0.000,-0.002,0,3149,-18,-10,27,16.610,81.370,305,305,0,0,0
108589,0.065,-0.199,-0.030,0.041,-0.042,-0.354,-0.620,-0.371,0.574,-0.386,0.000,-0.001,3247,0,-14,-13,27,16.620,81.370,305,305,0,0,0
108689,0.156,-0.213,0.200,0.041,0.134,-0.110,-0.625,-0.377,0.568,-0.381,0.000,-0.000,0,2170,-10,-18,27,16.620,81.370,305,305,0,0,0
108789,0.150,-0.279,-0.130,0.042,0.323,0.008,-0.630,-0.373,0.561,-0.386,0.000,-0.001,0,2732,-4,-25,27,16.620,81.370,305,305,0,0,0
108889,0.167,-0.393,0.210,0.060,0.434,0.003,-0.641,-0.368,0.547,-0.393,0.000,-0.003,0,2527,0,-30,27,16.620,81.370,305,305,0,0,0
108989,0.152,-0.507,0.380,0.067,0.362,0.048,-0.649,-0.361,0.534,-0.404,0.000,-0.006,0,2870,0,-30,27,16.590,81.370,1081,1100,60,60,0
109089,0.130,-0.594,0.520,0.003,0.248,0.080,-0.656,-0.354,0.525,-0.411,0.000,-0.009,0,3292,1,-27,27,16.590,81.370,1081,1100,60,60,0
109189,0.079,-0.635,-0.070,-0.067,0.054,0.129,-0.658,-0.347,0.523,-0.417,10000000.000,-0.012,0,4432,-1,-22,27,16.590,81.370,1081,1100,60,60,0
109289,0.031,-0.626,-0.160,-0.030,-0.117,0.117,-0.655,-0.343,0.527,-0.418,25000000.000,-0.013,0,5299,-7,-20,27,16.590,81.370,1081,1100,60,60,0
109389,0.013,-0.574,0.110,-0.024,-0.233,-0.010,-0.651,-0.344,0.534,-0.415,40000000.000,-0.011,3389,5340,-9,-17,27,16.620,81.410,512,558,60,60,0
109489,0.024,-0.501,-0.220,-0.007,-0.261,-0.011,-0.645,-0.350,0.542,-0.410,45000000.000,-0.008,3584,5670,-11,-16,27,16.620,81.410,512,558,60,60,0
109589,0.038,-0.423,0.090,-0.066,-0.269,-0.033,-0.639,-0.354,0.551,-0.402,60000000.000,-0.006,4713,6147,-11,-13,27,16.620,81.410,512,558,60,60,0
109689,0.031,-0.359,-0.030,-0.021,-0.179,0.117,-0.634,-0.356,0.560,-0.397,80000000.000,-0.004,4591,7676,-11,-17,27,16.620,81.330,401,440,60,60,0
109789,-0.004,-0.323,-0.110,-0.049,-0.098,0.030,-0.630,-0.355,0.566,-0.396,85000000.000,-0.004,5568,7348,-8,-16,27,16.620,81.330,401,440,60,60,0
109889,-0.007,-0.310,0.190,-0.027,0.030,-0.076,-0.629,-0.355,0.568,-0.395,95000000.000,-0.003,6489,7272,-6,-20,27,16.620,81.330,401,440,60,60,0
109989,0.009,-0.336,0.100,-0.008,0.126,-0.027,-0.632,-0.354,0.564,-0.395,115000000.000,-0.004,6946,8170,-3,-23,27,16.620,81.330,401,440,60,60,0
110089,0.002,-0.378,0.310,-0.036,0.164,0.027,-0.636,-0.351,0.560,-0.398,130000000.000,-0.005,7238,8810,-1,-24,27,16.640,81.370,393,425,60,70,0
110189,-0.001,-0.428,0.080,-0.029,0.189,-0.002,-0.642,-0.346,0.556,-0.399,145000000.000,-0.006,7853,9129,0,-27,27,16.640,81.370,393,425,60,70,0
110289,0.009,-0.474,-0.080,-0.026,0.139,-0.050,-0.647,-0.343,0.551,-0.400,160000000.000,-0.008,8525,9345,0,-26,27,16.640,81.370,393,425,60,70,0
110389,0.015,-0.500,0.120,0.001,0.061,-0.027,-0.650,-0.341,0.548,-0.401,180000000.000,-0.008,9023,9929,-2,-26,27,16.600,81.330,1011,2470,102,139,0
110489,0.021,-0.508,0.170,-0.044,-0.020,-0.056,-0.651,-0.341,0.547,-0.401,190000000.000,-0.008,9444,10040,-1,-23,27,16.600,81.330,1011,2470,102,139,0
110589,0.040,-0.493,0.240,0.021,-0.074,-0.060,-0.651,-0.343,0.548,-0.398,210000000.000,-0.007,9988,10499,-5,-24,27,16.600,81.330,1011,2470,102,139,0
110689,0.070,-0.462,0.140,0.001,-0.142,-0.064,-0.650,-0.346,0.550,-0.393,225000000.000,-0.006,10410,10800,-6,-22,27,16.600,81.330,1011,2470,102,139,0
110789,0.071,-0.411,-0.300,0.006,-0.218,0.021,-0.646,-0.350,0.556,-0.390,235000000.000,-0.005,10445,11221,-9,-19,27,16.540,81.290,9727,10615,427,455,0
110889,0.056,-0.349,-0.010,-0.036,-0.192,0.019,-0.639,-0.352,0.564,-0.387,240000000.000,-0.003,10603,11295,-7,-18,27,16.540,81.290,9727,10615,427,455,0
110989,0.050,-0.300,-0.080,-0.033,-0.127,-0.003,-0.635,-0.354,0.570,-0.383,250000000.000,-0.002,10893,11460,-6,-19,27,16.540,81.290,9727,10615,427,455,0
111089,0.053,-0.267,-0.060,-0.030,-0.074,-0.001,-0.632,-0.355,0.574,-0.380,265000000.000,-0.002,11216,11798,-6,-20,27,16.540,81.290,9727,10615,427,455,0
111189,0.057,-0.261,-0.100,-0.033,0.027,0.016,-0.633,-0.355,0.575,-0.378,275000000.000,-0.002,11381,12062,-3,-22,27,16.510,81.210,11467,11961,481,478,0
111289,0.041,-0.275,0.070,-0.020,0.072,0.014,-0.634,-0.352,0.574,-0.380,285000000.000,-0.002,11635,12232,-2,-24,27,16.510,81.210,11467,11961,481,478,0
111389,0.040,-0.300,0.050,-0.018,0.102,0.000,-0.637,-0.350,0.572,-0.381,300000000.000,-0.003,11973,12516,-1,-25,27,16.510,81.210,11467,11961,481,478,0
111489,0.042,-0.328,-0.380,-0.023,0.082,-0.016,-0.640,-0.348,0.569,-0.382,315000000.000,-0.003,12325,12771,0,-24,27,16.510,81.210,11467,11961,481,478,0
111589,0.049,-0.342,0.080,-0.009,0.011,-0.026,-0.641,-0.347,0.568,-0.382,330000000.000,-0.003,12664,13023,-2,-24,27,16.510,81.250,12376,12787,558,544,0
111689,0.045,-0.338,0.180,0.069,-0.067,0.030,-0.640,-0.348,0.568,-0.383,340000000.000,-0.003,12698,13370,-6,-24,27,16.510,81.250,12376,12787,558,544,0
111789,0.021,-0.308,0.240,0.044,-0.142,-0.038,-0.635,-0.351,0.571,-0.386,360000000.000,-0.003,13308,13524,-7,-20,27,16.510,81.250,12376,12787,558,544,0
111889,0.073,-0.264,-0.120,-0.110,-0.148,-0.163,-0.633,-0.356,0.573,-0.378,375000000.000,-0.002,13879,13505,-3,-16,27,16.510,81.250,12376,12787,558,544,0
111989,0.081,-0.234,-0.210,-0.068,-0.072,0.069,-0.633,-0.356,0.578,-0.372,390000000.000,-0.001,13607,14313,-4,-20,27,16.490,81.130,13927,13550,541,599,0
112089,0.057,-0.210,0.130,-0.050,-0.087,0.014,-0.630,-0.354,0.583,-0.371,395000000.000,-0.001,13891,14214,-5,-19,27,16.490,81.130,13927,13550,541,599,0
112189,0.047,-0.193,0.160,0.030,-0.022,-0.007,-0.628,-0.355,0.585,-0.371,415000000.000,-0.001,14282,14527,-6,-23,27,16.490,81.130,13927,13550,541,599,0
112289,0.058,-0.188,0.040,0.000,-0.014,-0.027,-0.628,-0.356,0.585,-0.370,425000000.000,-0.001,14486,14668,-5,-21,27,16.490,81.130,13927,13550,541,599,0
112389,0.059,-0.188,-0.110,0.051,0.022,0.041,-0.628,-0.357,0.584,-0.371,435000000.000,-0.001,14509,14983,-5,-24,27,16.470,81.050,14577,14662,596,625,0
112489,0.046,-0.203,0.030,0.056,0.054,0.037,-0.628,-0.356,0.582,-0.374,455000000.000,-0.001,14878,15285,-4,-25,27,16.470,81.050,14577,14662,596,625,0
112589,0.050,-0.208,0.000,0.067,-0.019,0.000,-0.628,-0.357,0.581,-0.375,475000000.000,-0.001,15279,15542,-7,-24,27,16.470,81.050,14577,14662,596,625,0
112689,0.040,-0.198,0.040,0.037,-0.030,0.039,-0.625,-0.359,0.582,-0.377,485000000.000,-0.001,15358,15784,-5,-22,27,16.470,81.050,14577,14662,596,625,0
112789,0.036,-0.188,-0.630,0.013,-0.049,0.007,-0.624,-0.360,0.582,-0.377,490000000.000,-0.001,15502,15801,-5,-21,29,16.450,80.930,15432,15822,657,653,0
112889,0.045,-0.165,0.410,0.007,-0.094,-0.059,-0.622,-0.362,0.584,-0.376,510000000.000,-0.001,15971,15967,-7,-20,29,16.450,80.930,15432,15822,657,653,0
112989,0.060,-0.139,0.070,-0.012,-0.083,-0.006,-0.620,-0.365,0.586,-0.373,530000000.000,-0.000,16169,16388,-6,-19,29,16.450,80.930,15432,15822,657,653,0
113089,0.058,-0.113,0.080,-0.007,-0.106,0.024,-0.617,-0.366,0.589,-0.371,545000000.000,-0.000,16356,16658,-8,-18,29,16.450,80.930,15432,15822,657,653,0
113189,0.047,-0.084,0.210,0.000,-0.086,0.024,-0.614,-0.367,0.593,-0.370,550000000.000,-0.000,16449,16716,-8,-19,28,16.420,80.280,16393,16611,702,730,0
113290,0.041,-0.068,-0.110,-0.002,-0.017,-0.018,-0.612,-0.367,0.595,-0.369,560000000.000,-0.000,16692,16774,-6,-20,28,16.420,80.280,16393,16611,702,730,0
113389,0.055,-0.074,-0.130,0.039,0.048,-0.029,-0.613,-0.368,0.593,-0.369,570000000.000,-0.000,16851,16913,-6,-23,28,16.420,80.280,16393,16611,702,730,0
113489,0.057,-0.089,-0.200,0.021,0.054,0.020,-0.614,-0.368,0.591,-0.371,580000000.000,-0.000,16914,17144,-5,-22,28,16.420,80.280,16393,16611,702,730,0
113589,0.050,-0.106,-0.780,-0.023,0.064,0.031,-0.616,-0.367,0.590,-0.372,585000000.000,-0.000,16973,17231,-3,-22,28,16.400,79.680,16949,17123,757,763,0
113689,0.032,-0.120,-0.160,-0.031,0.016,0.041,-0.617,-0.364,0.590,-0.373,595000000.000,-0.000,17099,17396,-4,-21,28,16.400,79.680,16949,17123,757,763,0
113789,0.026,-0.128,0.150,-0.004,0.043,-0.013,-0.618,-0.362,0.589,-0.374,605000000.000,-0.000,17348,17437,-4,-23,28,16.400,79.680,16949,17123,757,763,0
113889,0.048,-0.138,-0.280,0.002,0.007,-0.052,-0.620,-0.363,0.588,-0.372,620000000.000,-0.000,17628,17586,-5,-22,28,16.400,79.680,16949,17123,757,763,0
113989,0.053,-0.127,0.210,0.000,-0.077,0.011,-0.619,-0.364,0.589,-0.372,635000000.000,-0.000,17734,17903,-7,-20,28,16.360,78.710,17730,17793,756,790,0
114089,0.057,-0.094,0.190,-0.018,-0.122,-0.019,-0.616,-0.366,0.592,-0.369,640000000.000,-0.000,17884,17893,-8,-18,28,16.360,78.710,17730,17793,756,790,0
114189,0.058,-0.062,0.200,0.001,-0.104,0.016,-0.614,-0.367,0.596,-0.366,655000000.000,0.000,18029,18164,-8,-19,28,16.360,78.710,17730,17793,756,790,0
114289,0.054,-0.038,0.080,-0.016,-0.068,-0.012,-0.611,-0.368,0.598,-0.365,665000000.000,0.000,18240,18229,-7,-18,28,16.360,78.710,17730,17793,756,790,0
114389,0.056,-0.022,0.110,0.000,-0.033,0.011,-0.610,-0.369,0.600,-0.364,680000000.000,0.000,18393,18485,-7,-20,28,16.360,77.910,18315,18450,809,798,0
114490,0.055,-0.020,-0.290,0.011,0.001,0.008,-0.609,-0.370,0.600,-0.364,690000000.000,0.000,18548,18600,-7,-20,28,16.360,77.910,18315,18450,809,798,0
114589,0.058,-0.023,0.320,0.047,0.018,0.017,-0.609,-0.370,0.599,-0.364,705000000.000,0.000,18729,18820,-8,-22,28,16.360,77.910,18315,18450,809,798,0
114689,0.064,-0.036,0.100,-0.008,0.062,-0.021,-0.611,-0.370,0.598,-0.365,720000000.000,0.000,19012,18935,-4,-22,28,16.360,77.910,18315,18450,809,798,0
114789,0.068,-0.054,0.150,-0.017,0.066,0.016,-0.613,-0.369,0.596,-0.365,735000000.000,0.000,19147,19194,-4,-22,29,16.330,77.790,19157,19011,834,866,0
114889,0.050,-0.068,-0.020,0.004,0.038,0.066,-0.614,-0.367,0.595,-0.367,740000000.000,-0.000,19132,19338,-5,-22,29,16.330,77.790,19157,19011,834,866,0
114989,0.038,-0.072,-0.350,-0.010,-0.008,0.010,-0.613,-0.365,0.596,-0.368,755000000.000,-0.000,19425,19433,-5,-20,29,16.330,77.790,19157,19011,834,866,0
115089,0.029,-0.066,-0.660,-0.014,-0.037,0.027,-0.613,-0.365,0.597,-0.368,770000000.000,-0.000,19568,19675,-6,-20,29,16.330,77.790,19157,19011,834,866,0
115189,0.032,-0.048,0.150,-0.027,-0.084,-0.042,-0.611,-0.366,0.599,-0.367,780000000.000,0.000,19823,19674,-7,-18,29,16.290,77.790,19801,19723,852,860,0
115289,0.041,-0.023,0.300,0.003,-0.091,-0.026,-0.609,-0.368,0.601,-0.364,795000000.000,0.000,19979,19896,-9,-18,29,16.290,77.790,19801,19723,852,860,0
115389,0.048,0.008,0.150,0.009,-0.120,-0.016,-0.606,-0.370,0.604,-0.362,805000000.000,-0.000,20098,20027,-10,-17,29,16.290,77.790,19801,19723,852,860,0
115489,0.052,0.045,0.150,0.000,-0.131,-0.020,-0.603,-0.373,0.607,-0.359,820000000.000,-0.000,20304,20193,-11,-16,29,16.290,77.790,19801,19723,852,860,0
115589,0.054,0.081,0.270,0.000,-0.113,0.022,-0.599,-0.375,0.610,-0.357,825000000.000,-0.000,20294,20327,-11,-15,28,16.260,77.750,20161,20325,958,889,0
115689,0.041,0.107,0.710,0.000,-0.078,0.041,-0.596,-0.376,0.614,-0.357,840000000.000,-0.001,20451,20537,-11,-16,28,16.260,77.750,20161,20325,958,889,0
115789,0.031,0.130,0.390,-0.024,-0.081,0.007,-0.593,-0.376,0.617,-0.356,860000000.000,-0.001,20755,20718,-11,-14,28,16.260,77.750,20161,20325,958,889,0
115889,0.031,0.143,0.210,0.007,-0.008,0.014,-0.592,-0.377,0.618,-0.355,875000000.000,-0.001,20908,20925,-10,-17,28,16.260,77.750,20161,20325,958,889,0
115989,0.045,0.135,0.000,-0.011,0.048,-0.046,-0.594,-0.377,0.617,-0.354,890000000.000,-0.001,21191,20998,-8,-18,29,16.210,77.630,20833,21052,965,903,0
116089,0.051,0.109,0.000,-0.014,0.117,0.012,-0.596,-0.376,0.614,-0.355,910000000.000,-0.001,21337,21325,-6,-19,29,16.210,77.630,20833,21052,965,903,0
116189,0.031,0.069,-0.310,-0.010,0.144,0.081,-0.600,-0.372,0.611,-0.359,920000000.000,-0.000,21349,21545,-5,-21,29,16.210,77.630,20833,21052,965,903,0
116289,0.005,0.034,0.380,-0.017,0.102,0.027,-0.602,-0.368,0.609,-0.363,940000000.000,-0.000,21674,21685,-6,-20,29,16.210,77.500,21459,21645,975,971,0
116389,-0.000,0.022,-0.340,0.008,-0.002,0.007,-0.604,-0.366,0.608,-0.363,950000000.000,-0.000,21789,21800,-9,-19,29,16.210,77.500,21459,21645,975,971,0
116489,0.007,0.043,0.100,0.048,-0.143,0.010,-0.602,-0.368,0.610,-0.362,955000000.000,-0.000,21818,21886,-15,-16,29,16.210,77.500,21459,21645,975,971,0
116589,0.010,0.086,0.380,0.014,-0.133,-0.051,-0.597,-0.372,0.613,-0.360,970000000.000,-0.000,22110,21935,-12,-14,29,16.210,77.500,21459,21645,975,971,0
116689,0.033,0.109,0.430,-0.021,-0.006,-0.001,-0.596,-0.374,0.615,-0.356,985000000.000,-0.001,22187,22197,-8,-17,29,16.160,77.140,22471,21881,946,1006,0
116789,0.009,0.093,0.050,0.019,0.134,0.058,-0.596,-0.372,0.614,-0.359,995000000.000,-0.000,22238,22372,-6,-21,29,16.160,77.140,22471,21881,946,1006,0
116889,0.005,0.064,-0.450,-0.018,0.030,-0.049,-0.599,-0.370,0.611,-0.362,1010000000.000,-0.000,22563,22381,-8,-16,29,16.160,77.140,22471,21881,946,1006,0
116989,0.016,0.071,-0.340,-0.030,-0.064,0.014,-0.599,-0.371,0.612,-0.359,1015000000.000,-0.000,22506,22550,-11,-15,29,16.160,77.140,22471,21881,946,1006,0
117089,0.009,0.093,0.000,-0.056,-0.088,0.018,-0.597,-0.370,0.615,-0.358,1030000000.000,-0.000,22679,22708,-11,-13,30,16.140,76.700,22471,22573,1029,1011,0
117189,-0.003,0.117,0.120,0.002,-0.082,0.021,-0.595,-0.370,0.619,-0.356,1045000000.000,-0.000,22833,22883,-13,-15,30,16.140,76.700,22471,22573,1029,1011,0
117289,0.005,0.140,-0.240,0.006,-0.079,-0.073,-0.592,-0.372,0.620,-0.355,1055000000.000,-0.001,23084,22850,-13,-14,30,16.140,76.700,22471,22573,1029,1011,0
117389,0.022,0.148,-0.300,-0.001,0.043,-0.024,-0.592,-0.374,0.620,-0.353,1065000000.000,-0.001,23117,23034,-9,-17,30,16.090,75.770,23094,22883,1047,1085,0
117489,0.030,0.125,-0.200,-0.028,0.117,-0.021,-0.596,-0.372,0.618,-0.353,1080000000.000,-0.001,23292,23184,-7,-18,30,16.090,75.770,23094,22883,1047,1085,0
117589,0.032,0.088,0.550,-0.019,0.151,-0.024,-0.600,-0.369,0.615,-0.354,1089999872.000,-0.000,23416,23274,-6,-20,30,16.090,75.770,23094,22883,1047,1085,0
117689,0.023,0.051,0.340,-0.006,0.083,0.076,-0.604,-0.366,0.612,-0.356,1094999808.000,-0.000,23311,23486,-8,-19,30,16.090,75.770,23094,22883,1047,1085,0
117789,-0.010,0.038,0.440,-0.011,0.004,0.056,-0.604,-0.363,0.612,-0.359,1109999616.000,-0.000,23504,23613,-9,-17,30,16.040,74.970,23474,23640,1059,1060,0
117889,-0.022,0.056,-0.170,0.003,-0.126,0.024,-0.601,-0.363,0.615,-0.359,1129999360.000,-0.000,23732,23808,-13,-13,30,16.040,74.970,23474,23640,1059,1060,0
117989,-0.012,0.098,-0.510,0.009,-0.140,-0.003,-0.598,-0.366,0.619,-0.356,1144999168.000,-0.000,23913,23941,-14,-13,30,16.040,74.970,23474,23640,1059,1060,0
118089,-0.014,0.118,-0.870,-0.020,-0.010,0.018,-0.596,-0.366,0.621,-0.354,1154999040.000,-0.000,23989,24074,-10,-16,30,16.040,74.970,23474,23640,1059,1060,0
118189,-0.015,0.102,0.590,-0.021,0.104,-0.001,-0.598,-0.364,0.620,-0.354,1164998912.000,-0.000,24123,24147,-7,-19,30,15.990,74.610,24038,24271,1117,1054,0
118289,-0.015,0.061,-0.200,-0.017,0.149,0.003,-0.603,-0.361,0.616,-0.356,1174998784.000,-0.000,24218,24259,-6,-20,30,15.990,74.610,24038,24271,1117,1054,0
118389,-0.018,0.033,-0.230,-0.052,0.021,0.004,-0.606,-0.358,0.614,-0.357,1184998656.000,-0.000,24319,24363,-8,-15,30,15.990,74.610,24038,24271,1117,1054,0
118489,-0.021,0.062,-1.340,-0.058,-0.192,-0.013,-0.603,-0.359,0.618,-0.354,1194998528.000,-0.000,24446,24442,-14,-9,30,15.990,74.610,24038,24271,1117,1054,0
118589,-0.011,0.121,-1.140,-0.054,-0.168,-0.021,-0.599,-0.361,0.624,-0.349,1204998400.000,-0.000,24555,24537,-14,-10,31,15.980,74.770,24630,24509,1096,1113,0
118689,-0.007,0.141,-0.800,-0.034,0.000,-0.011,-0.597,-0.361,0.627,-0.346,1224998144.000,-0.001,24749,24749,-10,-15,31,15.980,74.770,24630,24509,1096,1113,0
118789,0.000,0.118,1.190,-0.119,0.126,-0.013,-0.602,-0.358,0.626,-0.344,1239997952.000,-0.000,24906,24893,-5,-15,31,15.980,74.770,24630,24509,1096,1113,0
118889,-0.011,0.094,-0.460,-0.120,0.022,0.019,-0.605,-0.353,0.625,-0.344,1244997888.000,-0.000,24918,24982,-8,-12,31,15.980,74.770,24630,24509,1096,1113,0
118989,-0.026,0.100,-1.480,-0.090,-0.057,0.056,-0.606,-0.348,0.629,-0.341,1259997696.000,-0.000,25003,25196,-11,-12,31,15.960,75.770,25125,25252,1100,1107,0
119089,-0.045,0.124,-0.410,-0.147,-0.102,0.063,-0.605,-0.344,0.634,-0.337,1274997504.000,-0.000,25127,25370,-11,-8,31,15.960,75.770,25125,25252,1100,1107,0
119189,-0.057,0.161,0.090,-0.197,-0.130,0.036,-0.603,-0.339,0.642,-0.330,1289997312.000,-0.000,25296,25497,-11,-6,31,15.960,75.770,25125,25252,1100,1107,0
119289,-0.071,0.191,-1.060,-0.189,-0.072,0.047,-0.603,-0.334,0.648,-0.324,1289997312.000,-0.000,25264,25529,-11,-7,31,15.960,75.770,25125,25252,1100,1107,0
119389,-0.089,0.218,0.500,-0.153,-0.122,0.080,-0.602,-0.328,0.655,-0.319,1289997312.000,-0.001,25195,25597,-14,-5,31,15.850,75.770,25510,25380,1109,1219,0
119489,-0.078,0.260,0.560,-0.103,-0.141,-0.031,-0.599,-0.328,0.660,-0.312,1289997312.000,-0.001,25333,25460,-16,-5,31,15.850,75.770,25510,25380,1109,1219,0
119589,-0.077,0.292,-0.360,-0.100,-0.052,0.104,-0.598,-0.325,0.666,-0.306,1289997312.000,-0.001,25122,25669,-14,-8,31,15.850,75.770,25510,25380,1109,1219,0
119689,-0.123,0.275,-0.100,-0.079,0.134,0.154,-0.600,-0.317,0.667,-0.308,1289997312.000,-0.001,25053,25736,-10,-13,31,15.850,75.770,25510,25380,1109,1219,0
119789,-0.159,0.231,-0.080,-0.037,0.133,0.079,-0.604,-0.309,0.666,-0.310,1289997312.000,0.000,25120,25670,-11,-13,34,15.870,77.380,25575,25380,1067,1242,0
119889,-0.164,0.201,1.190,-0.019,0.088,-0.016,-0.608,-0.306,0.663,-0.311,1289997312.000,0.000,25211,25581,-12,-12,34,15.870,77.380,25575,25380,1067,1242,0
119989,-0.161,0.190,1.420,-0.007,-0.010,-0.036,-0.609,-0.305,0.662,-0.311,1289997312.000,0.000,25219,25574,-15,-10,34,15.870,77.380,25575,25380,1067,1242,0
120089,-0.138,0.200,0.310,-0.007,-0.013,-0.040,-0.609,-0.308,0.662,-0.309,1289997312.000,0.000,25207,25585,-14,-10,34,15.870,77.380,25575,25380,1067,1242,0
120189,-0.129,0.182,-1.530,-0.022,0.120,-0.028,-0.612,-0.307,0.660,-0.309,1289997312.000,0.000,25202,25590,-10,-14,34,15.870,77.380,25575,25380,1067,1242,0
120289,-0.128,0.130,0.300,0.003,0.221,0.027,-0.618,-0.303,0.656,-0.310,1289997312.000,0.000,25122,25669,-8,-19,32,15.850,77.380,25706,25380,1278,1230,0
120389,-0.146,0.079,-0.890,0.049,0.128,-0.012,-0.622,-0.300,0.651,-0.315,1289997312.000,0.000,25183,25609,-11,-16,32,15.850,77.380,25706,25380,1278,1230,0
120489,-0.119,0.058,-1.020,0.063,0.037,-0.118,-0.625,-0.302,0.647,-0.315,1289997312.000,0.000,25314,25479,-13,-15,32,15.850,77.380,25706,25380,1278,1230,0
120589,-0.112,0.037,0.430,0.016,0.100,-0.009,-0.627,-0.304,0.643,-0.318,1289997312.000,0.000,25164,25627,-7,-16,32,15.850,77.380,25706,25380,1278,1230,0
120689,-0.080,0.006,-0.920,0.076,0.110,-0.137,-0.631,-0.305,0.639,-0.317,1289997312.000,0.000,25361,25432,-11,-20,33,15.840,78.350,25575,25252,1151,1256,0
120789,-0.044,-0.008,1.080,0.042,-0.016,-0.113,-0.633,-0.309,0.635,-0.316,1289997312.000,-0.000,25343,25451,-12,-15,33,15.840,78.350,25575,25252,1151,1256,0
120889,-0.013,0.029,-1.090,0.063,-0.213,0.009,-0.630,-0.315,0.637,-0.314,1289997312.000,-0.000,25179,25613,-19,-9,33,15.840,78.350,25575,25252,1151,1256,0
120989,-0.006,0.083,-0.540,0.151,-0.150,-0.003,-0.622,-0.323,0.640,-0.315,1289997312.000,-0.000,25229,25563,-19,-13,33,15.840,78.350,25575,25252,1151,1256,0
121089,-0.019,0.114,1.040,0.133,-0.066,-0.029,-0.615,-0.330,0.640,-0.321,1289997312.000,-0.000,25293,25500,-15,-12,33,15.810,79.560,25000,25575,1234,1183,0
121189,0.018,0.120,-0.300,0.059,0.028,-0.043,-0.614,-0.336,0.638,-0.320,1289997312.000,-0.000,25287,25506,-12,-14,33,15.810,79.560,25000,25575,1234,1183,0
121289,-0.000,0.096,-1.190,0.208,0.102,0.017,-0.613,-0.339,0.633,-0.328,1289997312.000,-0.000,25239,25553,-15,-20,33,15.810,79.560,25000,25575,1234,1183,0
121389,0.008,0.083,0.800,0.119,0.027,-0.068,-0.613,-0.343,0.630,-0.332,1289997312.000,-0.000,25355,25438,-14,-15,34,15.800,79.720,25445,25706,1160,1109,0
121489,0.005,0.063,0.950,0.148,0.099,0.073,-0.613,-0.346,0.625,-0.338,1289997312.000,-0.000,25139,25652,-13,-19,34,15.800,79.720,25445,25706,1160,1109,0
121589,-0.021,0.031,-0.450,0.150,0.102,0.053,-0.612,-0.348,0.620,-0.347,1289997312.000,0.000,25178,25614,-12,-19,34,15.800,79.720,25445,25706,1160,1109,0
121689,-0.020,0.007,-1.530,0.012,0.048,-0.036,-0.613,-0.348,0.616,-0.351,1289997312.000,0.000,25291,25502,-10,-14,34,15.800,79.720,25445,25706,1160,1109,0
121789,-0.018,0.023,0.600,0.003,-0.154,0.029,-0.610,-0.351,0.617,-0.351,1304997120.000,-0.000,25330,25756,-16,-8,34,15.790,80.520,25575,25974,1126,1110,0
121889,-0.029,0.084,-1.880,0.051,-0.181,0.087,-0.604,-0.354,0.623,-0.349,1304997120.000,-0.000,25242,25843,-19,-10,34,15.790,80.520,25575,25974,1126,1110,0
121989,-0.048,0.109,-0.130,0.012,-0.014,-0.008,-0.600,-0.355,0.626,-0.350,1304997120.000,-0.000,25383,25704,-13,-13,34,15.790,80.520,25575,25974,1126,1110,0
122089,-0.055,0.091,0.050,0.031,0.092,0.083,-0.601,-0.354,0.624,-0.352,1304997120.000,-0.000,25217,25867,-11,-16,34,15.790,80.520,25575,25974,1126,1110,0
122189,-0.076,0.139,-1.520,0.000,-0.013,0.061,-0.601,-0.353,0.624,-0.355,1304997120.000,0.000,25242,25842,-16,-10,34,15.760,80.720,25125,25974,1209,1167,0
122289,-0.404,0.408,-0.830,-0.051,0.030,-0.073,-0.602,-0.352,0.625,-0.352,1304997120.000,-0.005,24932,26142,-21,-4,34,15.760,80.720,25125,25974,1209,1167,0
122389,-0.596,0.361,0.000,-0.020,0.337,-0.079,-0.609,-0.351,0.617,-0.353,1304997120.000,-0.008,24807,26260,-9,-16,34,15.760,80.720,25125,25974,1209,1167,0
122489,-0.126,0.043,0.670,0.112,0.199,0.044,-0.617,-0.349,0.607,-0.359,1304997120.000,-0.000,25331,25755,-11,-23,34,15.750,81.170,25188,26246,1136,1158,0
122589,-0.041,-0.080,0.630,0.092,-0.001,0.154,-0.618,-0.346,0.606,-0.362,1304997120.000,-0.000,25095,25986,-14,-19,34,15.750,81.170,25188,26246,1136,1158,0
122689,-0.259,-0.070,-1.120,0.032,-0.072,0.067,-0.613,-0.348,0.606,-0.368,1304997120.000,0.000,24962,26113,-12,-13,34,15.750,81.170,25188,26246,1136,1158,0
122789,-0.795,-0.074,0.450,0.044,-0.199,-0.168,-0.609,-0.352,0.609,-0.366,1304997120.000,0.002,24710,26352,-17,-11,34,15.750,81.170,25188,26246,1136,1158,0
122889,-0.176,0.028,-1.960,0.089,-0.187,-0.187,-0.606,-0.361,0.612,-0.357,1304997120.000,-0.000,25521,25567,-21,-12,35,15.740,81.050,24330,26737,1262,1122,0
122989,-0.034,0.063,-0.690,0.167,-0.038,0.020,-0.603,-0.366,0.613,-0.356,1304997120.000,-0.000,25198,25886,-19,-18,35,15.740,81.050,24330,26737,1262,1122,0
123089,-0.095,0.068,-1.030,0.007,-0.069,0.032,-0.601,-0.367,0.613,-0.357,1304997120.000,-0.001,25100,25981,-15,-10,35,15.740,81.050,24330,26737,1262,1122,0
123189,-0.114,0.104,0.000,-0.057,-0.146,0.018,-0.597,-0.368,0.618,-0.356,1304997120.000,-0.001,25151,25931,-16,-6,35,15.740,81.050,24330,26737,1262,1122,0
123289,-0.079,0.141,-0.950,-0.020,-0.009,-0.013,-0.594,-0.368,0.623,-0.351,1304997120.000,-0.001,25218,25866,-14,-12,35,15.760,81.610,25316,26246,1140,1125,0
123389,-0.014,0.117,0.160,0.019,0.128,0.070,-0.596,-0.365,0.621,-0.353,1304997120.000,-0.000,25167,25916,-12,-16,35,15.760,81.610,25316,26246,1140,1125,0
123489,-0.041,0.075,0.890,-0.029,0.166,0.060,-0.600,-0.360,0.619,-0.357,1304997120.000,-0.000,25163,25920,-9,-16,35,15.760,81.610,25316,26246,1140,1125,0
123589,-0.055,0.063,0.900,-0.039,0.210,0.017,-0.605,-0.355,0.615,-0.361,1304997120.000,0.000,25201,25882,-8,-16,35,15.760,81.370,25000,25773,1228,1229,0
123689,-0.049,0.011,0.690,-0.004,0.117,-0.021,-0.611,-0.351,0.610,-0.362,1304997120.000,0.000,25237,25848,-11,-16,35,15.760,81.370,25000,25773,1228,1229,0
123789,-0.021,-0.001,-1.400,-0.122,-0.051,-0.138,-0.615,-0.351,0.608,-0.359,1304997120.000,-0.000,25408,25679,-11,-8,35,15.760,81.370,25000,25773,1228,1229,0
123889,0.008,0.018,0.400,0.032,-0.066,0.012,-0.616,-0.352,0.610,-0.353,1304997120.000,-0.000,25205,25879,-17,-14,35,15.760,81.370,25000,25773,1228,1229,0
123989,0.010,0.036,0.250,-0.007,-0.073,0.012,-0.613,-0.354,0.611,-0.353,1304997120.000,-0.000,25237,25848,-14,-10,36,15.700,81.850,25188,25773,1201,1224,0
124089,0.009,0.057,-0.560,-0.014,-0.044,0.047,-0.612,-0.354,0.614,-0.350,1304997120.000,-0.000,25192,25891,-14,-12,36,15.700,81.850,25188,25773,1201,1224,0
124189,0.013,0.067,-0.610,-0.033,-0.013,-0.049,-0.612,-0.354,0.616,-0.349,1304997120.000,-0.000,25337,25750,-13,-11,36,15.700,81.850,25188,25773,1201,1224,0
124289,0.023,0.068,0.810,0.021,0.006,-0.004,-0.612,-0.354,0.616,-0.348,1304997120.000,-0.000,25277,25808,-15,-14,36,15.700,81.850,25188,25773,1201,1224,0
124389,0.051,0.068,0.770,-0.063,-0.004,-0.047,-0.614,-0.356,0.615,-0.345,1304997120.000,-0.000,25339,25748,-12,-10,36,15.740,81.930,25445,25316,1199,1269,0
124490,0.063,0.068,-0.840,-0.049,-0.012,-0.043,-0.615,-0.355,0.615,-0.343,1304997120.000,-0.000,25372,25715,-13,-10,36,15.740,81.930,25445,25316,1199,1269,0
124590,0.063,0.085,0.470,0.039,-0.100,0.101,-0.613,-0.357,0.616,-0.342,1304997120.000,-0.000,25174,25909,-18,-10,36,15.740,81.930,25445,25316,1199,1269,0
124690,0.034,0.107,0.850,0.058,-0.018,0.122,-0.609,-0.356,0.620,-0.343,1304997120.000,-0.000,25150,25932,-17,-14,36,15.740,81.930,25445,25316,1199,1269,0
124790,0.011,0.090,0.760,0.037,0.137,-0.024,-0.609,-0.355,0.618,-0.347,1367742208.000,-0.000,25964,26337,-11,-16,36,15.680,81.890,25445,25974,1204,1207,0
124890,0.011,0.062,-0.700,0.042,0.019,-0.020,-0.611,-0.355,0.615,-0.350,1304997120.000,-0.000,25325,25761,-15,-12,36,15.680,81.890,25445,25974,1204,1207,0
124990,0.035,0.074,0.890,-0.069,-0.080,-0.082,-0.612,-0.356,0.615,-0.347,1304997120.000,-0.000,25410,25678,-15,-7,36,15.680,81.890,25445,25974,1204,1207,0
125090,0.054,0.088,-0.410,0.024,0.000,-0.003,-0.612,-0.357,0.616,-0.344,1304997120.000,-0.000,25312,25774,-16,-13,36,15.680,81.890,25445,25974,1204,1207,0
125190,0.053,0.089,0.000,-0.019,-0.022,0.013,-0.611,-0.358,0.616,-0.344,1304997120.000,-0.000,25310,25776,-15,-10,37,15.680,81.850,25445,25706,1158,1219,0
125290,0.040,0.092,1.330,-0.032,0.008,0.077,-0.611,-0.356,0.618,-0.344,1309997056.000,-0.000,25269,25913,-14,-10,37,15.680,81.850,25445,25706,1158,1219,0
125390,0.003,0.086,-1.100,-0.052,0.027,0.074,-0.610,-0.352,0.619,-0.346,1319996928.000,-0.000,25408,25970,-12,-9,37,15.680,81.850,25445,25706,1158,1219,0
125490,0.012,0.077,0.110,-0.079,0.046,-0.047,-0.613,-0.350,0.619,-0.344,1324996864.000,-0.000,25567,25910,-11,-10,37,15.680,81.850,25445,25706,1158,1219,0
125590,0.008,0.062,0.510,-0.030,0.036,0.067,-0.615,-0.348,0.618,-0.344,1324996864.000,-0.000,25393,26080,-13,-12,37,15.680,81.850,25445,25706,1158,1219,0
125691,-0.027,0.065,-0.970,-0.107,-0.048,0.067,-0.614,-0.344,0.621,-0.345,1334996736.000,0.000,25501,26167,-13,-6,37,15.680,81.730,25445,25906,1174,1266,0
125791,-0.025,0.082,-0.110,-0.002,-0.056,0.000,-0.613,-0.344,0.623,-0.343,1344996608.000,0.000,25660,26202,-17,-10,37,15.680,81.730,25445,25906,1174,1266,0
125891,-0.007,0.099,0.370,0.016,-0.049,-0.086,-0.612,-0.346,0.625,-0.340,1344996608.000,-0.000,25780,26085,-18,-11,37,15.680,81.730,25445,25906,1174,1266,0
125991,0.008,0.109,-0.120,-0.021,-0.001,-0.060,-0.613,-0.345,0.626,-0.336,1344996608.000,-0.000,25757,26107,-16,-11,37,15.680,81.730,25445,25906,1174,1266,0
126091,0.001,0.089,0.410,-0.042,0.117,0.058,-0.616,-0.342,0.625,-0.336,1344996608.000,-0.000,25611,26250,-10,-14,37,15.620,81.490,25906,25906,1156,1296,0
126190,-0.016,0.051,0.290,-0.024,0.131,0.046,-0.619,-0.337,0.623,-0.339,1344996608.000,0.000,25615,26246,-11,-14,37,15.620,81.490,25906,25906,1156,1296,0
126290,-0.026,0.006,0.570,0.021,0.172,0.013,-0.624,-0.333,0.619,-0.341,1344996608.000,-0.000,25646,26216,-10,-18,37,15.620,81.490,25906,25906,1156,1296,0
126390,-0.025,-0.012,0.990,-0.061,-0.074,-0.006,-0.626,-0.332,0.617,-0.342,1344996608.000,-0.000,25659,26204,-15,-7,37,15.620,81.490,25906,25906,1156,1296,0
126490,-0.027,0.032,0.130,-0.078,-0.158,-0.007,-0.623,-0.332,0.623,-0.337,1349996544.000,0.000,25708,26251,-16,-5,38,15.640,81.650,25906,25773,1137,1345,0
126590,-0.035,0.054,-0.230,-0.022,-0.022,0.034,-0.621,-0.331,0.626,-0.335,1354996480.000,0.000,25693,26361,-14,-11,38,15.640,81.650,25906,25773,1137,1345,0
126690,-0.055,0.052,0.070,0.033,0.014,0.058,-0.620,-0.330,0.627,-0.337,1354996480.000,0.000,25651,26401,-15,-13,38,15.640,81.650,25906,25773,1137,1345,0
126789,-0.054,0.050,-0.210,-0.042,0.003,-0.056,-0.620,-0.330,0.627,-0.337,1354996480.000,0.000,25800,26256,-13,-10,38,15.640,81.650,25906,25773,1137,1345,0
126889,-0.029,0.051,0.270,-0.046,-0.009,-0.066,-0.622,-0.330,0.627,-0.334,1354996480.000,0.000,25801,26254,-14,-10,38,15.630,81.450,25706,26315,1239,1219,0
126989,-0.015,0.058,1.040,-0.110,-0.017,-0.019,-0.623,-0.330,0.628,-0.330,1354996480.000,0.000,25751,26304,-12,-7,38,15.630,81.450,25706,26315,1239,1219,0
127089,-0.004,0.063,0.620,-0.341,-0.042,-0.013,-0.627,-0.323,0.632,-0.321,1354996480.000,-0.000,25754,26300,-7,0,38,15.630,81.450,25706,26315,1239,1219,0
127189,-0.009,0.100,0.410,-0.019,-0.177,0.031,-0.627,-0.316,0.640,-0.312,1354996480.000,-0.000,25703,26351,-24,-9,38,15.630,81.450,25706,26315,1239,1219,0
127289,-0.029,0.112,0.710,-0.061,0.044,-0.009,-0.625,-0.314,0.643,-0.311,1354996480.000,-0.000,25771,26285,-13,-11,38,15.610,81.330,25974,26525,1128,1214,0
127389,-0.042,0.120,1.270,-0.046,-0.101,0.092,-0.625,-0.312,0.645,-0.310,1354996480.000,0.000,25592,26459,-19,-5,38,15.610,81.330,25974,26525,1128,1214,0
127489,-0.077,0.156,1.590,0.011,-0.084,0.082,-0.620,-0.310,0.650,-0.310,1364996352.000,0.000,25698,26545,-19,-7,38,15.610,81.330,25974,26525,1128,1214,0
127589,-0.117,0.160,0.560,-0.006,0.038,0.099,-0.618,-0.307,0.652,-0.313,1374996224.000,0.000,25750,26682,-15,-9,38,15.610,81.330,25974,26525,1128,1214,0
127689,-0.150,0.132,2.070,0.019,0.141,0.080,-0.620,-0.303,0.651,-0.317,1374996224.000,0.001,25747,26685,-13,-13,38,15.600,81.090,25773,26455,1217,1312,0
127789,-0.160,0.098,0.050,0.070,0.108,-0.006,-0.622,-0.302,0.647,-0.322,1374996224.000,0.001,25839,26596,-15,-13,38,15.600,81.090,25773,26455,1217,1312,0
127889,-0.139,0.070,0.130,-0.040,0.087,-0.124,-0.625,-0.305,0.642,-0.324,1374996224.000,0.000,25996,26442,-11,-8,38,15.600,81.090,25773,26455,1217,1312,0
127989,-0.074,0.052,-0.050,0.094,0.013,-0.126,-0.629,-0.310,0.637,-0.320,1374996224.000,0.000,25986,26452,-18,-12,38,15.560,81.050,25641,26737,1339,1156,0
128089,-0.037,0.062,-1.460,0.052,-0.057,-0.051,-0.628,-0.316,0.635,-0.320,1374996224.000,0.000,25926,26511,-17,-8,38,15.560,81.050,25641,26737,1339,1156,0
128189,-0.012,0.076,-0.150,-0.080,-0.048,-0.097,-0.628,-0.318,0.636,-0.317,1374996224.000,-0.000,26040,26399,-14,-5,38,15.560,81.050,25641,26737,1339,1156,0
128289,0.023,0.090,-0.380,-0.274,-0.016,-0.100,-0.631,-0.315,0.640,-0.306,1374996224.000,-0.000,26074,26365,-9,-2,38,15.560,81.050,25641,26737,1339,1156,0
128389,0.045,0.075,0.930,-0.208,0.038,0.020,-0.636,-0.312,0.639,-0.301,1374996224.000,-0.000,25924,26513,-9,-4,39,15.590,80.640,25773,26455,1308,1220,0
128489,0.033,0.079,-1.110,-0.143,-0.041,0.032,-0.638,-0.304,0.643,-0.295,1374996224.000,-0.000,25941,26497,-15,-6,39,15.590,80.640,25773,26455,1308,1220,0
128589,0.006,0.092,0.730,-0.423,-0.070,0.117,-0.638,-0.297,0.648,-0.291,1374996224.000,-0.000,25821,26613,-5,6,39,15.590,80.640,25773,26455,1308,1220,0
128689,-0.024,0.110,-0.340,-0.554,0.001,0.066,-0.643,-0.278,0.659,-0.275,1374996224.000,0.000,25873,26563,-3,4,39,15.550,80.800,25773,26809,1257,1188,0
128789,-0.052,0.098,-1.510,-0.638,0.086,0.091,-0.650,-0.256,0.666,-0.260,1374996224.000,0.000,25809,26625,1,4,39,15.550,80.800,25773,26809,1257,1188,0
128889,-0.074,0.074,-0.340,-0.696,0.083,0.043,-0.661,-0.232,0.672,-0.241,1374996224.000,0.000,25847,26588,2,5,39,15.550,80.800,25773,26809,1257,1188,0
128989,-0.084,0.056,0.020,-0.752,0.058,0.020,-0.670,-0.207,0.678,-0.220,1374996224.000,0.000,25857,26578,3,7,39,15.550,80.800,25773,26809,1257,1188,0
129089,-0.080,0.048,0.320,-0.809,0.024,-0.028,-0.679,-0.180,0.684,-0.194,1374996224.000,0.000,25912,26525,3,9,39,15.570,80.720,25641,26525,1293,1256,0
129189,-0.066,0.053,0.240,-0.832,-0.030,-0.034,-0.686,-0.154,0.692,-0.165,1374996224.000,0.000,25918,26519,2,11,39,15.570,80.720,25641,26525,1293,1256,0
129289,-0.048,0.075,0.170,-0.899,-0.104,-0.084,-0.690,-0.127,0.700,-0.134,1374996224.000,0.000,26003,26435,3,16,39,15.570,80.720,25641,26525,1293,1256,0
129389,0.006,0.115,-1.460,-0.889,-0.108,-0.134,-0.691,-0.102,0.708,-0.099,1425976576.000,-0.000,26571,26832,2,16,39,15.570,80.720,25641,26525,1293,1256,0
129489,0.067,0.130,2.190,-0.823,0.009,-0.131,-0.694,-0.078,0.713,-0.064,1509898240.000,-0.000,27393,27560,3,11,40,15.560,79.960,26666,26881,1272,1269,0
129589,0.113,0.103,-2.310,-0.657,0.123,0.038,-0.699,-0.057,0.712,-0.036,1374996224.000,-0.000,25943,26495,3,5,40,15.560,79.960,26666,26881,1272,1269,0
129689,0.092,0.075,0.720,-1.048,0.031,0.017,-0.703,-0.025,0.711,-0.008,1374996224.000,-0.000,26037,26402,12,20,40,15.560,79.960,26666,26881,1272,1269,0
129789,0.101,0.061,-0.310,-0.779,0.028,-0.021,-0.704,0.005,0.709,0.023,1374996224.000,-0.000,26080,26360,3,9,40,15.560,79.960,26666,26881,1272,1269,0
129889,0.103,0.051,-1.800,-0.710,0.031,-0.007,-0.705,0.026,0.708,0.044,1374996224.000,-0.000,26068,26371,4,9,39,15.550,80.280,26525,26246,1133,1281,0
129989,0.104,0.041,0.690,-0.691,-0.024,0.007,-0.704,0.048,0.705,0.067,1374996224.000,0.400,26058,26381,14,23,39,15.550,80.280,26525,26246,1133,1281,0
130089,0.104,0.049,0.800,-0.299,-0.051,0.001,-0.701,0.067,0.705,0.085,1374996224.000,-0.000,26074,26365,-13,-3,39,15.550,80.280,26525,26246,1133,1281,0
130189,0.098,0.062,-1.950,-0.800,-0.054,0.031,-0.698,0.083,0.705,0.100,1374996224.000,-0.000,26039,26400,10,20,39,15.550,80.280,26525,26246,1133,1281,0
130289,0.089,0.063,1.140,-0.712,0.039,0.041,-0.693,0.110,0.701,0.124,1374996224.000,-0.000,26026,26412,5,10,40,15.540,80.200,25906,26041,1268,1337,0
130389,0.205,0.005,-0.850,-0.647,-0.016,0.084,-0.692,0.131,0.695,0.142,1374996224.000,0.000,26184,26257,4,11,40,15.540,80.200,25906,26041,1268,1337,0
130489,0.340,-0.018,-2.180,-0.528,-0.188,0.241,-0.686,0.154,0.694,0.156,1429113856.000,-0.000,26561,26900,-3,13,40,15.540,80.200,25906,26041,1268,1337,0
130589,-0.085,0.091,1.780,-1.026,-0.174,0.150,-0.676,0.187,0.693,0.168,1519309952.000,0.000,27142,27976,12,30,40,15.540,80.200,25906,26041,1268,1337,0
130689,-0.073,0.098,-0.730,-0.442,0.131,-0.073,-0.669,0.209,0.687,0.190,1374996224.000,0.000,26061,26378,-1,0,41,15.460,78.870,27027,27932,1354,1329,0
130790,-0.037,0.083,-0.910,-0.814,-0.043,-0.087,-0.664,0.224,0.681,0.211,1401662848.000,0.000,26326,26620,9,23,41,15.460,78.870,27027,27932,1354,1329,0
130890,0.007,0.084,0.020,-0.713,0.088,-0.067,-0.654,0.247,0.673,0.241,1374996224.000,0.000,26067,26372,8,11,41,15.460,78.870,27027,27932,1354,1329,0
130990,0.033,0.053,1.100,-0.690,0.060,-0.018,-0.648,0.266,0.662,0.266,1374996224.000,0.000,26034,26405,7,14,41,15.460,78.870,27027,27932,1354,1329,0
131090,0.126,0.050,-0.670,-0.618,-0.048,0.060,-0.639,0.288,0.652,0.288,1374996224.000,0.000,26054,26385,2,14,41,15.530,79.920,25773,26595,1299,1201,0
131190,0.081,0.065,0.090,-0.636,-0.022,0.124,-0.630,0.311,0.644,0.303,1571074688.000,0.000,27771,28282,6,15,41,15.530,79.920,25773,26595,1299,1201,0
131290,0.037,0.069,-0.860,-0.502,-0.009,0.141,-0.623,0.331,0.634,0.316,1374996224.000,0.000,25894,26543,2,12,41,15.530,79.920,25773,26595,1299,1201,0
131390,0.217,-0.071,0.650,-0.434,0.042,0.092,-0.619,0.348,0.622,0.329,1374996224.000,-0.001,26246,26194,6,4,41,15.530,79.920,25773,26595,1299,1201,0
131490,0.365,-0.108,0.830,-0.196,-0.019,0.237,-0.617,0.360,0.615,0.333,1448721664.000,-0.003,26802,27026,-2,2,42,15.510,79.960,26385,26041,1261,1295,0
131590,0.350,-0.354,1.180,-0.459,-0.262,0.469,-0.611,0.386,0.607,0.331,1413427584.000,-0.013,26095,27065,7,10,42,15.510,79.960,26385,26041,1261,1295,0
131690,-0.320,0.194,0.990,-0.646,-0.251,0.276,-0.598,0.420,0.596,0.332,1374996224.000,0.006,25329,27082,-4,30,42,15.510,79.960,26385,26041,1261,1295,0
131791,-0.394,0.237,-1.280,-0.172,0.131,-0.248,-0.583,0.435,0.592,0.346,1374996224.000,0.006,26015,26424,-7,-1,42,15.510,79.960,26385,26041,1261,1295,0
131891,-0.276,0.173,0.250,-0.371,0.203,-0.299,-0.582,0.427,0.589,0.364,1534996224.000,0.003,27564,27842,7,12,42,15.470,79.520,26041,26525,1250,1213,0
131991,-0.134,0.146,0.290,-0.828,0.124,-0.358,-0.565,0.436,0.578,0.396,1558525696.000,0.002,27944,27886,15,23,42,15.470,79.520,26041,26525,1250,1213,0
132090,0.028,0.112,-0.200,-0.363,0.089,-0.403,-0.548,0.438,0.572,0.426,1387545216.000,0.000,26535,26142,0,8,42,15.470,79.520,26041,26525,1250,1213,0
132190,0.170,0.072,0.510,-0.670,0.186,-0.306,-0.533,0.438,0.565,0.451,1574996224.000,-0.000,28255,27869,16,16,42,15.470,79.520,26041,26525,1250,1213,0
132290,0.370,0.003,1.750,-0.687,0.093,-0.149,-0.517,0.447,0.548,0.482,1401662848.000,-0.000,26718,26226,11,16,42,15.430,78.630,27472,25974,1204,1417,0
132390,0.631,0.090,-0.620,-0.482,-0.057,0.098,-0.504,0.460,0.538,0.495,1533427584.000,0.000,27897,27481,2,17,42,15.430,78.630,27472,25974,1204,1417,0
132490,0.199,-0.050,0.390,-0.950,0.226,0.191,-0.495,0.480,0.511,0.514,1374996224.000,0.001,25989,26449,28,19,42,15.430,78.630,27472,25974,1204,1417,0
132590,0.147,-0.063,0.700,-0.391,-0.201,0.086,-0.481,0.499,0.490,0.528,1374996224.000,0.000,26167,26273,-6,13,42,15.430,78.630,27472,25974,1204,1417,0
132689,0.106,-0.017,0.050,-0.553,-0.068,0.110,-0.470,0.515,0.482,0.531,1374996224.000,0.000,26103,26337,11,18,42,15.460,79.360,25839,26666,1327,1172,0
132789,0.071,-0.022,-0.440,-0.589,0.006,0.068,-0.457,0.531,0.463,0.543,1399309952.000,0.000,26365,26537,11,15,42,15.460,79.360,25839,26666,1327,1172,0
132889,0.044,-0.001,-0.370,-0.274,-0.118,0.062,-0.447,0.543,0.453,0.548,1425192320.000,-0.000,26587,26801,-2,12,42,15.460,79.360,25839,26666,1327,1172,0
132989,0.026,0.006,-0.020,-0.446,0.048,0.030,-0.438,0.552,0.443,0.554,1374996224.000,-0.000,26135,26305,11,14,42,15.460,79.360,25839,26666,1327,1172,0
133089,0.022,-0.028,-0.400,-0.499,0.116,0.000,-0.428,0.560,0.427,0.567,1374996224.000,-0.000,26157,26283,13,13,42,15.430,79.320,26385,26246,1192,1262,0
133189,0.023,-0.054,-0.270,-0.422,0.063,-0.028,-0.416,0.567,0.412,0.579,1418917760.000,-0.000,26607,26664,9,11,42,15.430,79.320,26385,26246,1192,1262,0
133289,0.043,-0.066,-0.450,-0.329,0.019,-0.083,-0.405,0.572,0.402,0.589,1374996224.000,0.000,26269,26171,7,10,42,15.430,79.320,26385,26246,1192,1262,0
133389,0.072,-0.067,0.130,-0.200,0.014,-0.068,-0.396,0.575,0.397,0.595,1374996224.000,0.000,26261,26179,4,7,42,15.430,79.320,26385,26246,1192,1262,0
133489,0.174,-0.080,-0.490,-0.184,0.060,-0.029,-0.390,0.577,0.392,0.601,1374996224.000,-0.000,26331,26109,7,6,43,15.430,79.200,26666,26525,1187,1126,0
133589,0.644,0.139,1.300,-0.029,0.016,0.099,-0.387,0.579,0.387,0.605,1374996224.000,0.003,26693,25739,-6,8,43,15.430,79.200,26666,26525,1187,1126,0
133689,0.794,0.090,-0.640,-0.283,0.138,0.481,-0.395,0.585,0.372,0.603,1374996224.000,0.003,26375,26064,10,13,43,15.430,79.200,26666,26525,1187,1126,0
133789,0.598,0.090,0.990,-0.400,0.066,0.450,-0.398,0.600,0.343,0.603,1374996224.000,0.004,26284,26156,7,15,43,15.430,79.200,26666,26525,1187,1126,0
133889,0.555,0.170,-0.540,-0.130,0.138,0.391,-0.404,0.608,0.322,0.603,1374996224.000,0.009,26332,26108,0,7,43,15.470,79.400,26246,25773,1323,1277,0
133989,-0.542,-0.196,-0.260,-0.489,0.160,0.177,-0.406,0.614,0.300,0.606,1574996224.000,-0.006,27114,28980,23,10,43,15.470,79.400,26246,25773,1323,1277,0
134089,-0.526,-0.167,0.770,0.003,-0.267,-0.182,-0.396,0.620,0.297,0.609,1519309952.000,-0.004,27379,27743,-9,6,43,15.470,79.400,26246,25773,1323,1277,0
134189,-0.426,-0.122,0.940,-0.159,-0.004,-0.300,-0.385,0.622,0.305,0.610,1374996224.000,-0.003,26184,26256,10,7,44,15.500,79.200,26178,26109,1293,1274,0
134289,-0.299,-0.127,-0.930,-0.041,-0.023,-0.348,-0.370,0.619,0.309,0.620,1374996224.000,-0.002,26305,26135,2,4,44,15.500,79.200,26178,26109,1293,1274,0
134389,-0.175,-0.107,-2.130,0.124,-0.083,-0.307,-0.361,0.615,0.322,0.623,1374996224.000,-0.001,26344,26096,-3,2,44,15.500,79.200,26178,26109,1293,1274,0
134489,-0.074,-0.091,-0.920,0.178,-0.062,-0.252,-0.356,0.611,0.334,0.623,1374996224.000,-0.001,26360,26079,-3,2,44,15.500,79.200,26178,26109,1293,1274,0
134589,0.009,-0.072,-0.350,0.200,-0.078,-0.172,-0.354,0.606,0.347,0.622,1429898240.000,-0.000,26874,26602,-4,2,43,15.450,79.200,26737,25773,1164,1313,0
134689,0.074,-0.042,0.600,0.261,-0.111,-0.142,-0.354,0.602,0.361,0.618,1440094208.000,0.000,27013,26653,-7,2,43,15.450,79.200,26737,25773,1164,1313,0
134789,0.116,-0.011,-0.750,0.150,-0.091,-0.069,-0.356,0.600,0.372,0.613,1374996224.000,0.000,26372,26067,-3,6,43,15.450,79.200,26737,25773,1164,1313,0
134889,0.126,0.015,0.340,0.068,-0.080,0.040,-0.357,0.600,0.378,0.608,1374996224.000,-0.000,26268,26172,-2,8,43,15.450,79.200,26737,25773,1164,1313,0
134989,0.101,0.036,0.980,-0.011,-0.069,0.072,-0.359,0.602,0.379,0.604,1374996224.000,-0.000,26250,26190,-1,10,43,15.460,79.150,26455,26041,1203,1273,0
135089,0.201,0.034,0.480,0.341,0.099,0.209,-0.360,0.592,0.394,0.604,1374996224.000,-0.000,25927,26510,-5,-5,43,15.460,79.150,26455,26041,1203,1273,0
135189,0.118,-0.110,0.730,-0.156,0.254,0.063,-0.391,0.571,0.394,0.604,1374996224.000,0.000,26319,26121,22,17,43,15.460,79.150,26455,26041,1203,1273,0
135289,0.158,-0.152,-1.390,-0.417,0.067,0.320,-0.386,0.568,0.389,0.614,1374996224.000,0.000,25876,26560,18,17,44,15.430,78.990,26385,26525,1143,1226,0
135389,0.118,-0.192,-1.460,-0.031,0.341,-0.078,-0.384,0.570,0.378,0.620,1374996224.000,-0.000,26501,25936,13,-10,44,15.430,78.990,26385,26525,1143,1226,0
135489,0.063,-0.235,0.630,0.217,-0.150,0.452,-0.396,0.566,0.375,0.618,1374996224.000,-0.001,25740,26692,-7,2,44,15.430,78.990,26385,26525,1143,1226,0
135589,-0.055,-0.085,2.480,0.127,-0.049,0.632,-0.409,0.578,0.389,0.589,1374996224.000,-0.000,25431,26986,8,1,44,15.430,78.990,26385,26525,1143,1226,0
135689,-0.084,-0.229,-2.830,0.311,-0.011,-0.148,-0.429,0.559,0.386,0.595,1374996224.000,-0.003,26429,26010,-5,0,44,15.460,78.870,26385,25252,1367,1323,0
135789,-0.068,-0.122,1.010,0.407,-0.191,0.231,-0.435,0.559,0.409,0.575,1374996224.000,-0.001,25839,26596,-6,-1,44,15.460,78.870,26385,25252,1367,1323,0
135889,-0.127,-0.213,0.130,1.003,0.197,-0.006,-0.459,0.546,0.416,0.564,1374996224.000,-0.002,26229,26211,-17,-33,44,15.460,78.870,26385,25252,1367,1323,0
135989,-0.085,-0.228,-0.350,1.214,-0.161,-0.302,-0.485,0.521,0.447,0.542,1374996224.000,-0.002,26635,25799,-29,-24,44,15.460,78.870,26385,25252,1367,1323,0
136089,0.012,-0.109,0.130,1.318,-0.141,-0.068,-0.505,0.493,0.488,0.513,1374996224.000,-0.001,26287,26154,-30,-26,45,15.450,78.950,25906,26178,1330,1258,0
136189,-0.113,-0.088,-0.510,1.380,-0.309,0.703,-0.545,0.468,0.516,0.467,1374996224.000,0.000,25250,27156,-37,-17,45,15.450,78.950,25906,26178,1330,1258,0
136289,-0.245,-0.012,-0.080,1.390,0.332,-0.032,-0.573,0.449,0.544,0.417,1374996224.000,-0.000,26218,26222,-14,-44,45,15.450,78.950,25906,26178,1330,1258,0
136389,-0.248,-0.185,-0.150,0.966,0.172,0.134,-0.613,0.406,0.552,0.394,1374996224.000,-0.001,25820,26614,-12,-19,45,15.450,78.950,25906,26178,1330,1258,0
136490,-0.274,-0.195,0.090,0.793,-0.038,0.000,-0.631,0.383,0.567,0.366,1374996224.000,-0.001,25996,26443,-14,-16,45,15.420,78.910,26109,26881,1163,1196,0
136590,-0.275,-0.240,-1.860,0.634,0.206,0.204,-0.649,0.358,0.576,0.344,1374996224.000,-0.001,25633,26794,-2,-22,45,15.420,78.910,26109,26881,1163,1196,0
136690,-0.322,-0.270,0.810,0.262,-0.226,0.099,-0.663,0.344,0.580,0.324,1374996224.000,-0.001,25766,26667,-6,2,45,15.420,78.910,26109,26881,1163,1196,0
136790,-0.339,-0.210,-0.620,0.302,-0.060,0.077,-0.662,0.340,0.591,0.310,1374996224.000,-0.002,25711,26720,-4,-12,45,15.420,78.910,26109,26881,1163,1196,0
136890,-0.363,-0.192,0.750,0.509,-0.168,0.117,-0.668,0.331,0.599,0.293,1374996224.000,-0.002,25613,26814,-15,-13,45,15.430,78.830,25575,27397,1237,1121,0
136990,-0.389,-0.155,0.960,0.021,-0.279,-0.004,-0.669,0.327,0.606,0.280,1374996224.000,-0.002,25742,26690,-4,7,45,15.430,78.830,25575,27397,1237,1121,0
137090,-0.447,0.013,0.940,0.219,-0.233,0.268,-0.655,0.336,0.624,0.263,1374996224.000,0.000,25269,27138,-11,-17,45,15.430,78.830,25575,27397,1237,1121,0
137190,-0.540,-0.208,-2.280,0.532,0.661,0.203,-0.684,0.325,0.600,0.258,1374996224.000,-0.004,25344,27068,1,-39,45,15.430,78.830,25575,27397,1237,1121,0
137290,-0.519,-0.105,-0.110,0.631,-0.751,0.057,-0.682,0.305,0.624,0.229,1374996224.000,-0.002,25464,26955,-36,6,46,15.390,79.030,25773,26666,1173,1320,0
137390,-0.494,-0.242,0.570,0.783,0.799,-0.117,-0.703,0.276,0.619,0.214,1374996224.000,-0.004,25720,26711,9,-50,46,15.390,79.030,25773,26666,1173,1320,0
137490,-0.457,-0.257,1.690,0.702,-0.477,-0.026,-0.711,0.252,0.628,0.194,1374996224.000,-0.004,25615,26811,-30,-6,46,15.390,79.030,25773,26666,1173,1320,0
137591,-0.341,-0.243,0.080,0.848,0.114,-0.291,-0.714,0.216,0.642,0.175,1374996224.000,-0.002,26008,26431,-11,-32,46,15.390,79.030,25773,26666,1173,1320,0
137691,-0.306,-0.195,0.830,0.759,-0.339,0.191,-0.714,0.193,0.656,0.152,1374996224.000,-0.002,25363,27050,-26,-16,46,15.390,79.030,25773,26666,1173,1320,0
137790,-0.396,-0.353,1.680,0.532,0.613,0.219,-0.737,0.174,0.641,0.123,1374996224.000,-0.004,25442,26976,5,-30,45,15.490,78.910,25252,27173,1225,1252,0
137890,-0.347,-0.301,0.590,0.630,-0.469,-0.092,-0.734,0.154,0.653,0.106,1374996224.000,-0.003,25809,26625,-27,-11,45,15.490,78.910,25252,27173,1225,1252,0
137991,-0.273,-0.323,-0.270,0.721,0.253,-0.081,-0.739,0.127,0.656,0.091,1374996224.000,-0.003,25789,26644,-5,-38,45,15.490,78.910,25252,27173,1225,1252,0
138090,-0.256,-0.293,0.420,0.377,-0.387,0.109,-0.737,0.107,0.663,0.071,1374996224.000,-0.003,25570,26889,-12,-4,45,15.490,78.910,25252,27173,1225,1252,0
138190,-0.266,-0.315,-1.600,0.456,0.439,-0.037,-0.741,0.097,0.662,0.058,1374996224.000,-0.003,25814,26620,6,-39,46,15.420,78.910,25380,26809,1253,1301,0
138290,-0.295,-0.334,1.010,0.071,-0.287,0.173,-0.744,0.090,0.660,0.046,1374996224.000,-0.004,25497,26924,-6,-1,46,15.420,78.910,25380,26809,1253,1301,0
138390,-0.312,-0.299,0.820,0.331,0.058,-0.101,-0.741,0.086,0.665,0.037,1374996224.000,-0.003,25896,26540,-4,-26,46,15.420,78.910,25380,26809,1253,1301,0
138489,-0.273,-0.310,0.990,0.169,-0.086,-0.004,-0.742,0.076,0.665,0.033,1374996224.000,-0.003,25702,26728,-4,-14,46,15.420,78.910,25380,26809,1253,1301,0
138589,-0.293,-0.235,0.210,-0.033,-0.418,0.170,-0.734,0.074,0.675,0.026,1374996224.000,-0.003,25464,26955,-8,3,46,15.440,78.830,25575,26809,1248,1258,0
138689,-0.361,-0.218,-0.600,0.222,0.476,-0.013,-0.732,0.081,0.676,0.021,1374996224.000,-0.003,25780,26653,9,-40,46,15.440,78.830,25575,26809,1248,1258,0
138789,-0.265,-0.276,1.580,0.369,-0.347,-0.069,-0.739,0.060,0.671,0.017,1374996224.000,-0.003,25748,26684,-21,-8,46,15.440,78.830,25575,26809,1248,1258,0
138889,-0.218,-0.131,-0.800,0.499,-0.176,0.002,-0.722,0.040,0.690,0.003,1374996224.000,-0.001,25696,26734,-13,-22,46,15.440,78.830,25575,26809,1248,1258,0
138989,-0.172,-0.183,-0.950,0.756,-0.057,-0.148,-0.728,0.015,0.685,-0.016,1374996224.000,-0.001,25972,26466,-21,-28,47,15.450,78.790,25906,26455,1171,1334,0
139089,-0.190,-0.144,-0.900,0.691,-0.099,-0.023,-0.723,-0.006,0.690,-0.041,1374996224.000,-0.001,25870,26566,-19,-25,47,15.450,78.790,25906,26455,1171,1334,0
139189,-0.114,-0.142,2.090,0.769,-0.079,-0.228,-0.721,-0.038,0.689,-0.061,1374996224.000,-0.001,26137,26303,-21,-27,47,15.450,78.790,25906,26455,1171,1334,0
139289,-0.035,-0.077,1.800,0.612,-0.293,-0.104,-0.712,-0.067,0.695,-0.075,1374996224.000,-0.000,25983,26455,-24,-16,47,15.450,78.790,25906,26455,1171,1334,0
139389,-0.026,-0.120,-0.600,0.530,0.466,0.124,-0.715,-0.089,0.687,-0.097,1374996224.000,-0.000,25715,26716,3,-37,47,15.410,78.870,26178,26737,1212,1181,0
139489,-0.016,-0.129,-0.770,0.446,-0.261,0.068,-0.713,-0.106,0.684,-0.114,1374996224.000,-0.000,25815,26619,-21,-12,47,15.410,78.870,26178,26737,1212,1181,0
139589,-0.063,-0.092,-0.240,0.401,0.133,0.133,-0.706,-0.116,0.687,-0.130,1374996224.000,-0.000,25743,26689,-6,-28,47,15.410,78.870,26178,26737,1212,1181,0
139689,-0.086,-0.162,-0.790,0.304,-0.016,0.060,-0.711,-0.124,0.676,-0.147,1374996224.000,-0.001,25821,26614,-11,-17,47,15.400,78.670,26109,26666,1177,1241,0
139789,-0.104,-0.118,0.300,0.232,0.019,0.101,-0.704,-0.132,0.680,-0.156,1374996224.000,-0.001,25729,26702,-6,-20,47,15.400,78.670,26109,26666,1177,1241,0
139889,-0.173,-0.153,0.360,0.020,0.068,0.196,-0.706,-0.128,0.677,-0.165,1374996224.000,-0.001,25592,26834,-1,-15,47,15.400,78.670,26109,26666,1177,1241,0
139989,-0.211,-0.154,0.460,0.004,-0.094,-0.064,-0.705,-0.125,0.677,-0.169,1374996224.000,-0.002,25938,26500,-6,-11,47,15.400,78.670,26109,26666,1177,1241,0
140089,-0.179,-0.144,0.000,-0.142,-0.042,-0.002,-0.705,-0.126,0.678,-0.164,1374996224.000,-0.001,25762,26671,0,-9,47,15.380,78.870,25575,26595,1353,1216,0
140189,-0.209,-0.136,-0.370,-0.320,-0.061,0.066,-0.706,-0.113,0.682,-0.155,1374996224.000,-0.001,25692,26738,2,-5,47,15.380,78.870,25575,26595,1353,1216,0
140289,-0.192,-0.095,1.440,-0.037,-0.162,-0.184,-0.703,-0.109,0.687,-0.146,1374996224.000,-0.001,26055,26385,-11,-12,47,15.380,78.870,25575,26595,1353,1216,0
140389,-0.098,-0.012,0.990,-0.340,-0.094,-0.002,-0.696,-0.113,0.697,-0.130,1374996224.000,-0.000,25734,26697,4,-3,47,15.380,78.750,26109,26455,1178,1297,0
140489,-0.145,-0.043,-1.290,-0.058,0.013,0.063,-0.701,-0.100,0.695,-0.127,1374996224.000,-0.000,25761,26671,-7,-14,47,15.380,78.750,26109,26455,1178,1297,0
140589,-0.140,-0.001,-0.830,-0.346,-0.183,-0.097,-0.698,-0.093,0.701,-0.117,1374996224.000,-0.000,25968,26470,-3,1,47,15.380,78.750,26109,26455,1178,1297,0
140689,-0.093,0.036,-1.000,0.087,0.082,-0.167,-0.695,-0.089,0.706,-0.104,1374996224.000,0.000,26059,26381,-10,-23,47,15.380,78.750,26109,26455,1178,1297,0
140789,-0.043,-0.031,-0.200,0.224,0.268,0.070,-0.703,-0.099,0.696,-0.108,1374996224.000,-0.000,25737,26695,-4,-25,47,15.360,78.750,25706,26178,1318,1329,0
140889,-0.126,-0.072,-0.360,0.254,-0.026,0.397,-0.705,-0.100,0.691,-0.124,1374996224.000,-0.000,25333,27079,-12,-17,47,15.360,78.750,25706,26178,1318,1329,0
140989,-0.209,-0.057,1.080,0.426,-0.064,-0.026,-0.700,-0.103,0.693,-0.142,1374996224.000,-0.001,25910,26527,-17,-22,47,15.360,78.750,25706,26178,1318,1329,0
141089,-0.193,-0.054,1.910,0.223,-0.039,-0.076,-0.697,-0.115,0.691,-0.151,1374996224.000,-0.000,25899,26538,-9,-16,47,15.360,78.750,25706,26178,1318,1329,0
141189,-0.130,0.024,1.540,0.496,-0.313,-0.112,-0.686,-0.136,0.697,-0.158,1374996224.000,0.000,25923,26514,-25,-16,47,15.350,78.430,26385,26041,1227,1341,0
141289,-0.108,-0.029,1.360,0.378,0.594,-0.089,-0.690,-0.150,0.688,-0.170,1374996224.000,-0.000,25942,26495,6,-40,47,15.350,78.430,26385,26041,1227,1341,0
141389,-0.097,-0.144,-1.270,0.113,-0.153,0.069,-0.701,-0.156,0.672,-0.181,1374996224.000,-0.001,25745,26687,-12,-6,47,15.350,78.430,26385,26041,1227,1341,0
141489,-0.147,-0.049,-0.380,0.068,-0.100,0.233,-0.688,-0.158,0.683,-0.186,1374996224.000,-0.000,25530,26892,-6,-13,47,15.350,78.430,26385,26041,1227,1341,0
141589,-0.203,-0.124,-1.530,0.031,0.529,0.026,-0.695,-0.154,0.675,-0.196,1374996224.000,-0.001,25809,26625,13,-31,47,15.360,78.510,25641,26954,1196,1265,0
141689,-0.188,-0.180,-0.640,-0.146,-0.270,-0.132,-0.702,-0.151,0.669,-0.194,1374996224.000,-0.002,25970,26468,-9,-1,47,15.360,78.510,25641,26954,1196,1265,0
141789,-0.144,-0.125,-0.330,-0.166,0.063,-0.121,-0.698,-0.152,0.675,-0.183,1374996224.000,-0.001,25945,26493,4,-16,47,15.360,78.510,25641,26954,1196,1265,0
141889,-0.138,-0.162,-0.140,-0.382,0.000,-0.018,-0.705,-0.140,0.673,-0.172,1374996224.000,-0.001,25833,26601,5,-7,48,15.410,78.630,25641,26525,1277,1292,0
141989,-0.093,-0.093,-0.480,-0.570,-0.336,-0.214,-0.702,-0.129,0.684,-0.149,1374996224.000,-0.000,26113,26327,0,8,48,15.410,78.630,25641,26525,1277,1292,0
142089,-0.021,-0.002,0.130,-0.438,-0.172,-0.137,-0.696,-0.120,0.697,-0.124,1374996224.000,-0.000,26032,26407,0,-2,48,15.410,78.630,25641,26525,1277,1292,0
142189,0.027,-0.009,-0.140,-0.230,0.116,-0.140,-0.700,-0.113,0.697,-0.109,1374996224.000,0.000,26111,26329,2,-14,48,15.410,78.630,25641,26525,1277,1292,0
142289,0.074,-0.049,-1.020,-0.070,0.049,-0.054,-0.706,-0.113,0.692,-0.101,1374996224.000,0.000,26036,26404,-4,-14,48,15.340,78.510,26178,26315,1222,1281,0
142389,0.046,-0.013,1.330,0.024,-0.199,0.148,-0.701,-0.109,0.697,-0.101,1374996224.000,0.000,25803,26631,-12,-9,48,15.340,78.510,26178,26315,1222,1281,0
142489,-0.002,0.017,-0.550,0.168,0.031,0.083,-0.697,-0.109,0.701,-0.109,1374996224.000,0.000,25891,26545,-8,-19,48,15.340,78.510,26178,26315,1222,1281,0
142589,-0.003,-0.021,0.650,0.187,0.160,-0.011,-0.700,-0.115,0.695,-0.117,1374996224.000,-0.000,25980,26458,-4,-21,48,15.340,78.510,26178,26315,1222,1281,0
142689,0.010,-0.013,0.570,0.401,-0.163,0.004,-0.697,-0.127,0.694,-0.126,1374996224.000,0.000,25946,26492,-20,-17,48,15.390,78.430,26041,26178,1231,1330,0
142789,-0.047,0.030,0.680,0.240,-0.149,0.236,-0.689,-0.136,0.697,-0.143,1374996224.000,0.000,25624,26803,-12,-11,48,15.390,78.430,26041,26178,1231,1330,0
142889,-0.077,0.095,-0.920,0.331,-0.260,-0.012,-0.679,-0.144,0.704,-0.153,1374996224.000,0.000,25933,26504,-22,-12,48,15.390,78.430,26041,26178,1231,1330,0
142989,-0.080,0.163,0.510,0.389,-0.210,0.002,-0.668,-0.157,0.709,-0.162,1374996224.000,0.000,25868,26568,-23,-14,48,15.390,78.430,26041,26178,1231,1330,0
143089,-0.085,0.222,-0.380,0.204,-0.226,-0.023,-0.659,-0.168,0.713,-0.170,1374996224.000,0.000,25899,26538,-19,-6,48,15.350,78.510,25974,26385,1228,1306,0
143189,-0.053,0.272,0.770,0.103,-0.126,-0.128,-0.653,-0.177,0.717,-0.170,1374996224.000,-0.000,26039,26400,-16,-6,48,15.350,78.510,25974,26385,1228,1306,0
143289,-0.021,0.301,1.020,0.058,-0.107,-0.079,-0.649,-0.184,0.719,-0.170,1374996224.000,-0.001,25987,26451,-16,-4,48,15.350,78.510,25974,26385,1228,1306,0
143389,-0.014,0.358,-1.250,-0.092,-0.260,-0.071,-0.642,-0.188,0.724,-0.169,1374996224.000,-0.002,26019,26420,-18,6,48,15.350,78.510,25974,26385,1228,1306,0
143489,0.033,0.391,0.560,-0.084,0.077,-0.144,-0.639,-0.190,0.727,-0.162,1374996224.000,-0.003,26138,26302,-10,-6,48,15.350,78.310,25706,26525,1363,1200,0
143589,0.070,0.371,0.400,-0.093,-0.033,-0.044,-0.643,-0.189,0.725,-0.156,1374996224.000,-0.003,26032,26407,-16,-1,48,15.350,78.310,25706,26525,1363,1200,0
143689,0.079,0.408,-0.950,-0.021,-0.184,0.001,-0.639,-0.189,0.730,-0.152,1374996224.000,-0.004,26007,26432,-23,2,48,15.350,78.310,25706,26525,1363,1200,0
143789,0.072,0.464,1.880,0.034,-0.170,0.039,-0.632,-0.191,0.735,-0.152,1374996224.000,-0.004,25963,26475,-23,2,48,15.350,78.310,25706,26525,1363,1200,0
143889,0.044,0.484,-0.790,-0.020,0.001,0.087,-0.629,-0.189,0.738,-0.154,1374996224.000,-0.004,25904,26533,-17,-1,48,15.350,78.310,25706,26525,1363,1200,0
143989,0.037,0.487,-0.450,0.030,-0.060,0.000,-0.628,-0.189,0.738,-0.155,1374996224.000,-0.004,26007,26431,-22,1,48,15.360,78.150,26109,26525,1198,1264,0
144089,0.015,0.518,-0.620,0.001,-0.117,0.119,-0.624,-0.189,0.742,-0.157,1374996224.000,-0.004,25821,26613,-23,4,48,15.360,78.150,26109,26525,1198,1264,0
144189,-0.033,0.521,-1.240,0.011,0.072,0.096,-0.623,-0.184,0.744,-0.160,1374996224.000,-0.003,25853,26582,-19,-2,48,15.360,78.150,26109,26525,1198,1264,0
144289,-0.041,0.501,1.170,-0.144,0.044,0.030,-0.626,-0.180,0.742,-0.158,1374996224.000,-0.003,25903,26534,-16,5,48,15.360,78.150,26109,26525,1198,1264,0
144389,-0.067,0.571,-0.100,0.042,-0.212,0.119,-0.622,-0.177,0.746,-0.158,1374996224.000,-0.002,25748,26684,-32,8,49,15.370,78.150,26041,26666,1194,1244,0
144489,-0.109,0.731,-1.010,-0.114,-0.168,0.090,-0.614,-0.172,0.754,-0.158,1374996224.000,-0.001,25778,26655,-28,16,49,15.370,78.150,26041,26666,1194,1244,0
144589,-0.105,1.223,-0.740,-0.014,-0.134,-0.049,-0.608,-0.172,0.759,-0.155,1374996224.000,-0.000,25938,26499,-43,24,49,15.370,78.150,26041,26666,1194,1244,0
144689,-0.071,1.349,-0.110,-0.047,0.327,-0.062,-0.613,-0.173,0.756,-0.152,1374996224.000,-0.001,25938,26500,-30,12,49,15.370,78.150,26041,26666,1194,1244,0
144789,-0.026,1.272,-2.080,0.146,0.236,-0.152,-0.624,-0.175,0.747,-0.150,1374996224.000,-0.002,26082,26357,-40,9,48,15.340,78.030,25974,26595,1275,1208,0
144889,-0.011,1.201,0.770,-0.009,0.258,-0.039,-0.633,-0.178,0.738,-0.154,1374996224.000,-0.002,25954,26484,-31,15,48,15.340,78.030,25974,26595,1275,1208,0
144989,-0.003,1.158,0.150,-0.072,-0.021,0.023,-0.639,-0.175,0.734,-0.153,1374996224.000,-0.002,25908,26529,-40,25,48,15.340,78.030,25974,26595,1275,1208,0
145089,-0.014,1.165,-0.700,-0.093,0.082,0.082,-0.638,-0.172,0.735,-0.152,1374996224.000,-0.002,25819,26616,-35,20,48,15.340,78.030,25974,26595,1275,1208,0
145189,-0.034,1.101,1.260,-0.007,0.248,0.049,-0.646,-0.166,0.729,-0.153,1374996224.000,-0.000,25865,26571,-34,13,49,15.330,78.230,25906,26737,1230,1234,0
145289,-0.042,1.064,-0.730,-0.038,0.122,0.001,-0.651,-0.163,0.725,-0.154,1374996224.000,0.001,25917,26520,-36,18,49,15.330,78.230,25906,26737,1230,1234,0
145389,-0.043,0.992,-0.940,-0.134,0.366,0.083,-0.660,-0.160,0.717,-0.155,1374996224.000,0.001,25775,26658,-23,13,49,15.330,78.230,25906,26737,1230,1234,0
145489,-0.083,0.887,1.150,-0.069,0.316,0.132,-0.673,-0.151,0.707,-0.159,1374996224.000,0.003,25715,26716,-28,12,49,15.330,78.230,25906,26737,1230,1234,0
145589,-0.126,0.803,0.950,-0.077,0.292,0.028,-0.682,-0.142,0.699,-0.161,1374996224.000,0.004,25859,26577,-27,11,49,15.320,78.390,25641,26737,1242,1282,0
145689,-0.110,0.626,-0.330,-0.001,0.238,-0.064,-0.692,-0.141,0.689,-0.162,1374996224.000,0.003,25936,26501,-26,7,49,15.320,78.390,25641,26737,1242,1282,0
145789,-0.110,0.008,-0.720,-0.078,-0.019,0.042,-0.695,-0.140,0.686,-0.161,1374996224.000,-0.000,25781,26652,-15,2,49,15.320,78.390,25641,26737,1242,1282,0
145889,-0.118,0.061,1.520,-0.097,-0.249,0.056,-0.688,-0.138,0.695,-0.158,1374996224.000,0.000,25763,26669,-24,10,49,15.330,78.230,25839,26595,1226,1288,0
145989,-0.135,0.043,0.750,-0.081,0.237,0.051,-0.690,-0.133,0.694,-0.157,1374996224.000,0.000,25773,26660,-10,-5,49,15.330,78.230,25839,26595,1226,1288,0
146089,-0.138,-0.059,-0.020,-0.092,0.071,0.003,-0.696,-0.131,0.688,-0.158,1374996224.000,-0.000,25826,26609,-14,2,49,15.330,78.230,25839,26595,1226,1288,0
146189,-0.141,0.061,-0.310,0.126,-0.206,0.022,-0.691,-0.132,0.693,-0.158,1374996224.000,0.000,25792,26642,-32,4,49,15.330,78.230,25839,26595,1226,1288,0
146289,-0.167,0.293,0.110,-0.203,0.336,0.071,-0.695,-0.123,0.691,-0.154,1374996224.000,0.002,25725,26706,-12,3,49,15.350,78.030,25641,26737,1256,1268,0
146389,-0.150,0.324,-1.250,0.023,0.363,-0.180,-0.708,-0.122,0.678,-0.155,1374996224.000,0.002,26077,26363,-20,-1,49,15.350,78.030,25641,26737,1256,1268,0
146489,-0.127,-0.048,0.490,-0.208,0.306,-0.039,-0.720,-0.118,0.667,-0.151,1374996224.000,-0.001,25863,26572,-1,-5,49,15.350,78.030,25641,26737,1256,1268,0
146589,-0.113,-0.264,0.050,-0.312,0.176,-0.040,-0.730,-0.113,0.658,-0.146,1374996224.000,-0.002,25871,26565,0,0,49,15.350,78.030,25641,26737,1256,1268,0
146689,-0.113,-0.280,-0.460,0.271,-0.081,-0.079,-0.730,-0.112,0.658,-0.145,1374996224.000,-0.002,25964,26474,-26,-12,49,15.320,77.710,25575,26109,1311,1397,0
146789,-0.067,-0.359,1.750,0.050,-0.048,-0.119,-0.729,-0.116,0.659,-0.141,1374996224.000,-0.002,26007,26431,-15,-9,49,15.320,77.710,25575,26109,1311,1397,0
146889,-0.007,-0.321,1.370,-0.104,-0.249,0.000,-0.725,-0.126,0.662,-0.139,1374996224.000,-0.001,25861,26574,-14,6,49,15.320,77.710,25575,26109,1311,1397,0
146989,-0.020,-0.208,0.750,0.038,-0.118,0.002,-0.718,-0.126,0.670,-0.139,1374996224.000,-0.001,25923,26514,-17,-3,50,15.290,77.910,25706,26666,1300,1238,0
147089,-0.042,-0.236,0.170,0.342,0.019,0.128,-0.716,-0.127,0.672,-0.143,1374996224.000,-0.001,25742,26690,-24,-19,50,15.290,77.910,25706,26666,1300,1238,0
147189,-0.093,-0.247,-1.470,-0.060,-0.018,0.141,-0.716,-0.124,0.671,-0.149,1374996224.000,-0.001,25713,26718,-12,-2,50,15.290,77.910,25706,26666,1300,1238,0
147289,-0.098,-0.190,-0.330,-0.007,-0.054,-0.146,-0.714,-0.123,0.673,-0.148,1374996224.000,-0.001,26076,26363,-16,-3,50,15.290,77.910,25706,26666,1300,1238,0
147389,-0.076,-0.184,0.110,-0.233,0.003,-0.102,-0.715,-0.120,0.675,-0.141,1374996224.000,-0.001,26005,26434,-8,2,50,15.280,77.710,25773,26178,1279,1377,0
147489,-0.046,-0.179,-0.070,-0.034,-0.041,-0.051,-0.716,-0.116,0.676,-0.131,1374996224.000,-0.001,25935,26503,-17,-5,50,15.280,77.710,25773,26178,1279,1377,0
147589,-0.019,-0.170,0.720,-0.068,0.032,0.007,-0.715,-0.118,0.676,-0.129,1374996224.000,-0.000,25872,26564,-10,-3,50,15.280,77.710,25773,26178,1279,1377,0
147689,-0.070,-0.187,-0.030,-0.231,0.038,0.180,-0.717,-0.111,0.676,-0.130,1374996224.000,-0.001,25664,26765,-6,2,50,15.280,77.710,25773,26178,1279,1377,0
147789,-0.138,-0.186,-0.680,-0.106,0.003,0.146,-0.718,-0.093,0.678,-0.124,1374996224.000,-0.001,25681,26749,-15,-6,50,15.320,77.830,25575,26737,1271,1274,0
147889,-0.173,-0.181,0.570,-0.168,-0.047,0.022,-0.717,-0.089,0.680,-0.125,1374996224.000,-0.002,25811,26623,-10,2,50,15.320,77.830,25575,26737,1271,1274,0
147989,-0.198,-0.160,-1.710,-0.016,-0.042,0.100,-0.716,-0.081,0.683,-0.121,1374996224.000,-0.002,25661,26767,-16,-5,50,15.320,77.830,25575,26737,1271,1274,0
148089,-0.244,-0.152,-1.670,-0.584,-0.037,0.080,-0.716,-0.067,0.686,-0.115,1374996224.000,-0.002,25671,26759,2,14,50,15.320,77.830,25575,26737,1271,1274,0
148189,-0.276,-0.124,-0.210,-0.649,-0.026,0.066,-0.715,-0.043,0.691,-0.094,1374996224.000,-0.002,25647,26781,0,11,50,15.300,77.710,25510,26455,1289,1348,0
148289,-0.317,-0.104,-0.180,-0.684,-0.001,0.049,-0.715,-0.018,0.694,-0.075,1535780480.000,-0.001,27172,28239,1,12,50,15.300,77.710,25510,26455,1289,1348,0
148389,-0.312,-0.083,-0.500,-0.756,-0.018,-0.097,-0.715,0.006,0.697,-0.050,1374996224.000,-0.001,25820,26614,2,15,50,15.300,77.710,25510,26455,1289,1348,0
148489,-0.269,-0.063,0.570,-0.797,0.000,-0.131,-0.714,0.029,0.699,-0.018,1426760960.000,-0.001,26353,27060,3,15,50,15.300,77.710,25510,26455,1289,1348,0
148589,-0.227,-0.049,2.000,-0.750,0.002,-0.112,-0.713,0.052,0.699,0.013,1393819776.000,-0.000,26040,26753,1,14,50,15.130,77.340,26455,26881,1270,1366,0
148689,-0.173,-0.044,-0.190,-0.677,0.038,-0.180,-0.711,0.072,0.698,0.042,1374996224.000,-0.000,25987,26451,1,12,50,15.130,77.340,26455,26881,1270,1366,0
148789,-0.096,-0.065,0.140,-0.620,0.143,-0.247,-0.711,0.086,0.694,0.071,1374996224.000,0.200,26121,26319,10,14,50,15.130,77.340,26455,26881,1270,1366,0
148889,-0.002,-0.114,-1.480,-0.242,0.132,-0.250,-0.714,0.093,0.687,0.096,1374996224.000,1.000,26188,26252,20,24,50,15.130,77.340,26455,26881,1270,1366,0
148989,0.083,-0.111,-1.870,0.383,-0.078,-0.164,-0.714,0.080,0.689,0.097,1374996224.000,0.400,26163,26278,-21,-5,50,15.320,77.300,26315,26109,1231,1295,0
149089,0.110,-0.102,-1.300,-0.714,0.046,-0.033,-0.711,0.085,0.690,0.108,1425192320.000,0.001,26539,26849,12,18,50,15.320,77.300,26315,26109,1231,1295,0
149189,0.100,-0.130,0.460,-0.396,0.066,0.070,-0.710,0.108,0.683,0.131,1415780480.000,0.001,26337,26872,-3,2,50,15.320,77.300,26315,26109,1231,1295,0
149289,0.032,-0.130,1.740,-0.928,-0.068,0.088,-0.707,0.136,0.678,0.147,1574996224.000,0.000,27793,28329,12,25,50,15.320,77.300,26315,26109,1231,1295,0
149389,0.018,-0.120,0.010,-0.612,0.020,-0.050,-0.700,0.164,0.673,0.174,1565584512.000,0.000,27847,28110,1,8,51,15.130,75.450,27777,28011,1369,1416,0
149489,0.051,-0.113,1.360,-0.737,-0.088,-0.163,-0.692,0.183,0.669,0.198,1515388416.000,0.000,27531,27522,5,20,51,15.130,75.450,27777,28011,1369,1416,0
149589,0.122,-0.109,0.340,-0.647,0.066,-0.227,-0.682,0.201,0.664,0.229,1374996224.000,0.001,26337,26102,6,9,51,15.130,75.450,27777,28011,1369,1416,0
149689,0.169,-0.150,-0.690,-0.544,0.101,-0.041,-0.679,0.214,0.655,0.254,1374996224.000,0.002,26127,26313,6,8,51,15.130,75.450,27777,28011,1369,1416,0
149789,0.174,-0.490,-1.070,-0.700,-0.048,0.191,-0.674,0.238,0.645,0.270,1374996224.000,0.002,25953,26485,19,7,51,15.290,77.420,25839,26525,1279,1252,0
149889,0.295,-0.861,0.290,-0.263,-0.308,0.224,-0.665,0.265,0.640,0.280,1374996224.000,-0.009,26097,26343,1,-9,51,15.290,77.420,25839,26525,1279,1252,0
149989,0.232,-0.499,-0.180,-0.509,-1.066,0.298,-0.641,0.294,0.656,0.270,1374996224.000,-0.008,25938,26499,-16,38,51,15.290,77.420,25839,26525,1279,1252,0
150089,-0.163,0.366,0.270,-0.609,-0.569,0.212,-0.605,0.334,0.670,0.271,1403231488.000,0.006,25833,27128,-18,38,51,15.290,77.420,25839,26525,1279,1252,0
150189,-0.147,0.394,1.060,-0.381,0.458,-0.157,-0.598,0.350,0.661,0.289,1473819776.000,0.006,27094,27198,4,1,51,15.140,76.700,26595,27397,1377,1329,0
150289,-0.032,0.234,-1.170,-0.581,0.320,-0.287,-0.601,0.348,0.647,0.317,1436172672.000,0.002,26899,26695,9,17,51,15.140,76.700,26595,27397,1377,1329,0
150389,0.087,0.138,1.900,-0.744,0.379,-0.238,-0.595,0.354,0.630,0.352,1574996224.000,0.000,28170,27955,15,15,51,15.140,76.700,26595,27397,1377,1329,0
150489,0.178,0.018,1.400,-0.487,0.394,-0.210,-0.591,0.359,0.611,0.384,1374996224.000,-0.000,26399,26040,9,3,51,15.140,76.700,26595,27397,1377,1329,0
150589,0.258,-0.074,-0.500,-0.300,0.199,-0.177,-0.590,0.358,0.600,0.406,1374996224.000,0.001,26438,26001,2,5,51,15.260,76.860,26595,26315,1280,1218,0
150689,0.286,-0.119,1.210,-0.400,0.100,-0.019,-0.586,0.362,0.591,0.420,1374996224.000,0.002,26307,26133,7,11,51,15.260,76.860,26595,26315,1280,1218,0
150789,0.268,-0.142,0.830,-0.376,0.012,0.068,-0.581,0.373,0.581,0.431,1374996224.000,0.002,26242,26198,4,11,51,15.260,76.860,26595,26315,1280,1218,0
150889,0.211,-0.137,0.420,-0.393,-0.088,0.178,-0.576,0.388,0.572,0.437,1374996224.000,0.002,26094,26346,2,14,51,15.260,76.860,26595,26315,1280,1218,0
150989,0.132,-0.110,-0.940,-0.466,-0.106,0.168,-0.569,0.407,0.562,0.441,1374996224.000,-0.399,26089,26351,-7,5,51,15.220,76.860,25706,26595,1353,1214,0
151089,0.140,-0.097,-0.860,-0.758,-0.028,0.063,-0.555,0.430,0.547,0.456,1374996224.000,0.001,26254,26187,17,25,51,15.220,76.860,25706,26595,1353,1214,0
151189,0.094,-0.087,-1.110,-0.220,-0.097,0.138,-0.547,0.446,0.536,0.464,1374996224.000,0.000,26075,26364,-6,8,51,15.220,76.860,25706,26595,1353,1214,0
151289,0.036,-0.048,-0.460,-0.399,-0.136,0.148,-0.540,0.460,0.530,0.465,1542055040.000,-0.000,27581,27952,2,19,51,15.220,76.860,25706,26595,1353,1214,0
151389,0.260,-0.183,1.020,-0.501,-0.029,0.052,-0.528,0.478,0.518,0.473,1382055040.000,-0.003,26514,26059,11,11,52,15.080,75.090,27624,28409,1455,1316,0
151489,0.562,-0.347,-0.310,0.069,-0.256,0.093,-0.522,0.486,0.515,0.476,1374996224.000,-0.010,26559,25877,-12,-1,52,15.080,75.090,27624,28409,1455,1316,0
151589,-0.144,0.124,0.010,-0.953,-0.401,0.130,-0.511,0.506,0.514,0.468,1374996224.000,0.002,25791,26642,14,55,52,15.080,75.090,27624,28409,1455,1316,0
151689,-0.081,0.108,0.580,0.464,0.361,-0.174,-0.504,0.506,0.512,0.478,1444015872.000,0.001,26939,26801,-16,-25,52,15.080,75.090,27624,28409,1455,1316,0
151789,-0.066,0.053,0.600,-0.193,0.011,0.052,-0.513,0.494,0.514,0.477,1389898240.000,0.000,26146,26576,3,20,52,15.240,76.060,27397,26737,1147,1322,0
151889,0.566,-0.518,-0.170,0.270,0.137,0.222,-0.515,0.498,0.507,0.479,1570290304.000,-0.017,28313,27725,2,-23,52,15.240,76.060,27397,26737,1147,1322,0
151989,0.019,0.060,1.630,-0.379,-0.610,0.282,-0.517,0.510,0.508,0.464,1374996224.000,0.002,25633,26794,-15,48,52,15.240,76.060,27397,26737,1147,1322,0
152089,-0.307,0.245,1.140,-0.150,0.171,0.186,-0.505,0.531,0.502,0.459,1374996224.000,0.005,25626,26801,-1,4,52,15.210,76.780,25839,27027,1275,1254,0
152189,-0.307,0.137,-1.720,-0.069,0.342,-0.102,-0.510,0.527,0.488,0.473,1374996224.000,0.002,26076,26363,1,1,52,15.210,76.780,25839,27027,1275,1254,0
152289,-0.252,0.047,-0.900,-0.163,0.082,-0.164,-0.509,0.522,0.485,0.483,1378917760.000,0.000,26173,26341,0,12,52,15.210,76.780,25839,27027,1275,1254,0
152389,-0.124,0.025,-0.310,-0.168,0.111,-0.193,-0.502,0.520,0.483,0.494,1374996224.000,0.000,26280,26161,2,9,52,15.210,76.780,25839,27027,1275,1254,0
152489,0.055,-0.016,-0.880,-0.197,0.184,-0.114,-0.498,0.516,0.480,0.505,1393819776.000,-0.000,26530,26267,6,7,52,15.230,76.580,26246,26246,1287,1239,0
152589,0.154,-0.090,-1.230,-0.168,0.297,-0.108,-0.496,0.512,0.472,0.518,1374996224.000,-0.002,26406,26034,9,1,52,15.230,76.580,26246,26246,1287,1239,0
152689,0.193,-0.161,-0.080,-0.184,0.236,-0.140,-0.495,0.507,0.465,0.531,1374996224.000,-0.003,26474,25964,9,3,52,15.230,76.580,26246,26246,1287,1239,0
152789,0.430,-0.301,-1.310,-0.071,0.150,-0.021,-0.491,0.504,0.457,0.543,1416564864.000,-0.007,26981,26241,7,-3,52,15.230,76.580,26246,26246,1287,1239,0
152889,0.395,-0.399,1.610,-0.124,-0.170,0.151,-0.494,0.506,0.454,0.543,1475388416.000,-0.010,27297,27023,3,8,52,15.270,76.260,26809,26178,1325,1304,0
152989,0.129,-0.422,-1.620,-0.259,-0.374,0.036,-0.483,0.523,0.451,0.537,1473035392.000,-0.006,27221,27056,4,11,52,15.270,76.260,26809,26178,1325,1304,0
153089,0.114,-0.368,0.320,0.198,-0.317,0.114,-0.476,0.533,0.457,0.529,1509898240.000,-0.005,27440,27513,-9,-1,52,15.270,76.260,26809,26178,1325,1304,0
153189,0.062,-0.192,-1.490,0.100,-0.400,0.113,-0.476,0.542,0.467,0.512,1374996224.000,-0.003,26184,26257,-10,11,52,15.350,76.460,26109,26109,1266,1282,0
153289,0.051,-0.104,-1.580,0.260,-0.208,0.088,-0.475,0.548,0.475,0.498,1374996224.000,-0.003,26204,26237,-11,1,52,15.350,76.460,26109,26109,1266,1282,0
153389,0.205,-0.065,-0.660,0.321,-0.132,0.234,-0.482,0.548,0.482,0.484,1374996224.000,-0.004,26185,26255,-11,0,52,15.350,76.460,26109,26109,1266,1282,0
153489,0.069,-0.043,0.500,0.223,-0.166,0.377,-0.494,0.552,0.484,0.466,1374996224.000,-0.004,25892,26544,-10,6,52,15.350,76.460,26109,26109,1266,1282,0
153589,-0.071,-0.034,-1.290,0.368,-0.141,0.324,-0.505,0.558,0.484,0.447,1374996224.000,-0.005,25839,26595,-15,-1,52,15.220,76.500,25974,26809,1240,1209,0
153689,-0.346,0.085,1.090,0.344,-0.037,0.342,-0.522,0.557,0.486,0.425,1374996224.000,0.008,25537,26886,-11,3,52,15.220,76.500,25974,26809,1240,1209,0
153789,-0.434,0.066,0.370,0.227,0.011,0.039,-0.532,0.556,0.484,0.416,1374996224.000,0.006,25840,26595,-9,3,52,15.220,76.500,25974,26809,1240,1209,0
153889,-0.741,0.257,-1.100,0.172,-0.053,-0.233,-0.536,0.549,0.492,0.411,1374996224.000,0.011,25691,26739,-15,13,52,15.220,76.500,25974,26809,1240,1209,0
153989,-0.569,0.289,0.370,0.340,0.184,-0.687,-0.531,0.534,0.506,0.421,1571858944.000,0.010,28224,27843,-15,-4,52,15.230,76.220,26954,27548,1427,1327,0
154089,-0.299,0.145,-0.270,0.339,0.271,-0.718,-0.534,0.499,0.525,0.436,1374996224.000,0.003,26562,25874,-7,-4,52,15.230,76.220,26954,27548,1427,1327,0
154189,-0.058,0.105,0.760,0.120,0.020,-0.456,-0.528,0.475,0.540,0.451,1374996224.000,0.001,26414,26025,-8,8,52,15.230,76.220,26954,27548,1427,1327,0
154289,0.147,0.090,-0.130,0.088,0.113,-0.350,-0.522,0.463,0.548,0.461,1374996224.000,0.000,26578,25858,-5,2,52,15.230,76.220,26954,27548,1427,1327,0
154389,0.642,-0.191,1.450,0.167,0.216,-0.134,-0.524,0.448,0.553,0.468,1374996224.000,-0.002,26914,25508,4,-10,53,15.210,76.300,26595,25974,1306,1171,0
154489,0.669,-0.343,0.810,-0.112,-0.178,0.263,-0.532,0.443,0.554,0.463,1374996224.000,-0.005,26417,26022,3,12,53,15.210,76.300,26595,25974,1306,1171,0
154589,0.088,0.107,-0.360,-0.540,-0.314,0.044,-0.518,0.467,0.547,0.462,1374996224.000,0.000,26174,26266,-5,33,53,15.210,76.300,26595,25974,1306,1171,0
154690,0.135,0.133,1.570,0.100,0.229,-0.190,-0.508,0.472,0.547,0.469,1485584512.000,0.000,27598,26906,-6,-8,53,15.210,76.300,26595,25974,1306,1171,0
154790,0.187,0.057,1.020,-0.446,0.186,-0.076,-0.510,0.465,0.542,0.481,1418917760.000,-0.000,26878,26391,13,17,53,15.110,75.290,27700,26737,1322,1374,0
154890,0.206,-0.003,0.810,-0.209,0.272,0.029,-0.504,0.470,0.528,0.497,1574996224.000,0.000,28213,27911,5,0,53,15.110,75.290,27700,26737,1322,1374,0
154990,0.171,-0.076,1.440,-0.247,0.120,0.120,-0.508,0.471,0.516,0.505,1455780480.000,0.001,27049,26910,5,8,53,15.110,75.290,27700,26737,1322,1374,0
155090,0.598,-0.048,0.320,0.090,0.076,0.307,-0.510,0.475,0.508,0.506,1574996224.000,-0.000,28381,27741,-7,-1,53,15.110,75.290,27700,26737,1322,1374,0
155190,0.440,-0.080,0.310,-0.289,0.143,0.399,-0.521,0.483,0.494,0.501,1480094208.000,-0.001,27270,27137,11,9,53,15.000,75.010,28490,28089,1340,1336,0
155290,-0.171,-0.160,-0.360,-0.096,0.026,0.172,-0.526,0.495,0.478,0.500,1374996224.000,0.000,26012,26427,0,2,53,15.000,75.010,28490,28089,1340,1336,0
155390,-0.193,-0.154,-0.200,0.019,-0.067,-0.014,-0.527,0.497,0.477,0.498,1374996224.000,0.000,26205,26235,-3,3,53,15.000,75.010,28490,28089,1340,1336,0
155490,-0.174,-0.126,0.860,-0.119,-0.104,-0.078,-0.522,0.500,0.479,0.499,1379996160.000,-0.000,26298,26238,1,9,53,15.000,75.010,28490,28089,1340,1336,0
155590,-0.131,-0.110,0.910,-0.109,-0.002,-0.154,-0.515,0.501,0.480,0.504,1384996096.000,-0.001,26452,26178,2,5,53,15.230,75.770,26315,26385,1310,1232,0
155690,-0.069,-0.128,-1.000,-0.052,0.110,-0.138,-0.510,0.498,0.480,0.511,1384996096.000,-0.001,26442,26188,3,-1,53,15.230,75.770,26315,26385,1310,1232,0
155791,0.104,-0.162,-1.910,-0.019,0.109,-0.074,-0.509,0.494,0.479,0.518,1384996096.000,0.000,26575,26053,3,-1,53,15.230,75.770,26315,26385,1310,1232,0
155891,0.838,-0.411,0.190,0.158,0.020,0.176,-0.514,0.491,0.478,0.516,1584996096.000,-0.015,28821,27465,2,-10,53,15.230,75.770,26315,26385,1310,1232,0
155991,-0.178,-0.119,1.830,-0.229,-0.383,0.386,-0.515,0.506,0.473,0.504,1384996096.000,-0.002,25359,27238,-8,22,53,15.250,75.650,26737,26737,1330,1258,0
156091,-0.239,-0.040,-0.560,0.047,-0.073,-0.124,-0.506,0.523,0.469,0.501,1384996096.000,-0.001,26435,26195,-8,-3,53,15.250,75.650,26737,26737,1330,1258,0
156191,-0.084,-0.105,0.180,0.310,-0.018,-0.123,-0.512,0.510,0.481,0.496,1384996096.000,-0.001,26506,26123,-6,-4,53,15.250,75.650,26737,26737,1330,1258,0
156291,0.427,-0.395,-0.660,0.107,-0.230,0.013,-0.506,0.513,0.487,0.494,1384996096.000,-0.012,26856,25763,-3,-4,53,15.250,75.650,26737,26737,1330,1258,0
156390,0.383,-0.292,-0.270,0.007,-0.421,0.321,-0.506,0.525,0.491,0.478,1384996096.000,-0.010,26386,26245,-6,11,53,15.250,75.650,26737,26737,1330,1258,0
156490,0.194,-0.126,-1.080,-0.096,-0.317,0.316,-0.502,0.543,0.490,0.461,1384996096.000,-0.003,26262,26369,-3,12,54,15.210,76.060,26595,25906,1227,1348,0
156590,-0.126,0.111,-0.210,0.099,-0.026,0.154,-0.504,0.551,0.488,0.451,1384996096.000,0.007,26132,26497,-8,4,54,15.210,76.060,26595,25906,1227,1348,0
156690,-0.418,0.229,1.290,0.083,0.117,-0.024,-0.511,0.548,0.489,0.448,1446172544.000,0.008,26625,27153,-5,7,54,15.210,76.060,26595,25906,1227,1348,0
156789,-0.389,0.170,0.600,0.362,0.237,-0.169,-0.519,0.534,0.493,0.450,1384996096.000,0.005,26261,26369,-9,-8,54,15.210,76.060,26595,25906,1227,1348,0
156889,-0.336,0.100,0.410,0.256,0.179,-0.136,-0.529,0.518,0.499,0.451,1384996096.000,0.002,26232,26399,-5,-1,54,15.360,75.410,26525,26455,1190,1221,0
156989,-0.148,-0.208,0.720,0.191,0.131,-0.130,-0.533,0.507,0.503,0.454,1554407808.000,-0.004,27962,27794,2,-8,54,15.360,75.410,26525,26455,1190,1221,0
157089,-0.118,-0.196,0.620,0.121,-0.147,-0.057,-0.535,0.501,0.508,0.452,1470486272.000,-0.004,27110,27121,-6,4,54,15.360,75.410,26525,26455,1190,1221,0
157189,-0.219,0.107,0.500,0.131,-0.107,-0.107,-0.532,0.501,0.517,0.447,1384996096.000,0.002,26261,26370,-11,7,54,15.360,75.410,26525,26455,1190,1221,0
157289,-0.237,0.071,-0.690,0.218,0.218,-0.122,-0.538,0.488,0.523,0.445,1445388288.000,0.001,26821,26945,-1,-5,54,15.170,76.260,26109,26385,1307,1246,0
157389,-0.186,-0.053,0.480,0.151,0.117,-0.136,-0.543,0.477,0.524,0.451,1384996096.000,-0.000,26323,26308,-2,-2,54,15.170,76.260,26109,26385,1307,1246,0
157489,0.027,-0.228,-0.590,0.329,-0.090,-0.064,-0.546,0.468,0.532,0.448,1384996096.000,-0.003,26427,26203,-9,-7,54,15.170,76.260,26109,26385,1307,1246,0
157589,0.125,-0.421,0.440,0.050,-0.247,0.047,-0.545,0.468,0.540,0.439,1384996096.000,-0.007,26422,26209,3,0,54,15.160,75.690,26178,26455,1329,1225,0
157689,0.103,-0.334,0.910,0.217,-0.213,0.046,-0.544,0.470,0.547,0.429,1384996096.000,-0.005,26396,26235,-7,-4,54,15.160,75.690,26178,26455,1329,1225,0
157789,-0.181,0.193,0.850,0.053,-0.197,0.007,-0.541,0.472,0.556,0.419,1384996096.000,0.003,26095,26533,-13,15,54,15.160,75.690,26178,26455,1329,1225,0
157889,-0.156,0.157,1.240,0.219,0.304,-0.128,-0.545,0.466,0.556,0.421,1384996096.000,0.002,26366,26264,-3,-10,54,15.160,75.690,26178,26455,1329,1225,0
157989,-0.114,0.094,-0.490,0.079,0.083,-0.097,-0.553,0.453,0.557,0.423,1476760832.000,0.001,27192,27154,-4,5,54,14.880,75.650,26881,27247,1444,1320,0
158089,-0.020,-0.196,-0.880,0.203,0.074,-0.080,-0.554,0.447,0.560,0.423,1384996096.000,-0.001,26445,26185,1,-13,54,14.880,75.650,26881,27247,1444,1320,0
158189,-0.001,-0.318,0.650,0.109,-0.110,-0.011,-0.560,0.438,0.565,0.419,1472839296.000,-0.001,27155,27119,0,0,54,14.880,75.650,26881,27247,1444,1320,0
158289,0.006,-0.064,0.380,-0.091,-0.324,-0.030,-0.548,0.447,0.572,0.416,1384996096.000,0.001,26384,26247,-9,13,54,14.880,75.650,26881,27247,1444,1320,0
158389,-0.054,0.189,-0.560,0.096,0.037,-0.007,-0.547,0.446,0.576,0.412,1457152896.000,0.002,26961,27023,-8,3,54,15.190,75.850,26525,26455,1271,1218,0
158489,-0.054,0.152,1.110,0.000,0.181,-0.006,-0.551,0.443,0.573,0.414,1456368640.000,0.001,26970,27000,-1,2,54,15.190,75.850,26525,26455,1271,1218,0
158589,-0.054,-0.007,-0.310,0.007,0.146,-0.004,-0.555,0.440,0.569,0.417,1384996096.000,0.000,26299,26332,1,-1,54,15.190,75.850,26525,26455,1271,1218,0
158689,-0.050,-0.072,-0.490,0.023,0.133,-0.029,-0.559,0.436,0.566,0.420,1384996096.000,0.000,26345,26286,1,-2,55,15.190,75.690,26666,26041,1193,1343,0
158789,-0.034,-0.036,0.830,0.062,0.108,-0.040,-0.563,0.431,0.565,0.422,1384996096.000,-0.000,26350,26281,-2,-1,55,15.190,75.690,26666,26041,1193,1343,0
158889,0.047,-0.395,0.840,-0.088,-0.026,-0.047,-0.563,0.429,0.565,0.424,1395976448.000,-0.001,26556,26282,10,-3,55,15.190,75.690,26666,26041,1193,1343,0
158989,0.088,-0.136,-0.850,-0.190,-0.388,-0.009,-0.555,0.435,0.568,0.424,1384996096.000,-0.000,26421,26209,-9,20,55,15.190,75.690,26666,26041,1193,1343,0
159089,0.091,0.120,0.000,-0.198,-0.132,0.000,-0.540,0.449,0.574,0.422,1384996096.000,0.002,26417,26213,-3,11,55,15.150,75.650,26385,26109,1298,1294,0
159189,0.145,0.051,-0.770,-0.222,0.240,-0.008,-0.538,0.452,0.567,0.430,1438329472.000,0.001,26997,26636,9,1,55,15.150,75.650,26385,26109,1298,1294,0
159289,0.402,-0.091,-0.710,-0.214,0.131,0.124,-0.539,0.455,0.556,0.439,1384996096.000,-0.001,26646,25980,7,3,55,15.150,75.650,26385,26109,1298,1294,0
159389,0.341,-0.031,0.670,-0.333,-0.021,0.236,-0.539,0.465,0.545,0.443,1384996096.000,-0.000,26413,26218,4,12,54,15.150,75.530,26041,26385,1380,1226,0
159489,-0.144,0.078,1.110,-0.313,0.119,0.014,-0.535,0.479,0.533,0.448,1487741184.000,0.001,27189,27358,5,7,54,15.150,75.530,26041,26385,1380,1226,0
159589,-0.126,0.016,0.950,0.041,0.237,-0.073,-0.537,0.476,0.526,0.457,1475976448.000,0.000,27205,27127,0,-6,54,15.150,75.530,26041,26385,1380,1226,0
159689,-0.101,-0.025,-1.920,-0.146,0.048,-0.049,-0.538,0.472,0.522,0.463,1435976448.000,-0.000,26807,26783,3,7,54,15.150,75.530,26041,26385,1380,1226,0
159789,-0.084,-0.091,1.600,-0.071,0.149,-0.072,-0.537,0.473,0.518,0.469,1422643200.000,-0.000,26733,26608,5,-3,55,15.070,74.730,27322,27932,1133,1001,0
159889,-0.052,-0.213,-1.320,-0.043,0.124,-0.059,-0.538,0.468,0.515,0.476,1384996096.000,-0.000,26366,26265,7,-4,55,15.070,74.730,27322,27932,1133,1001,0
159989,0.175,-0.462,0.490,-0.093,-0.302,0.114,-0.535,0.471,0.514,0.477,1503427456.000,-0.005,27482,27353,1,5,55,15.070,74.730,27322,27932,1133,1001,0
160089,-0.040,0.037,-0.210,-0.142,-0.306,0.119,-0.525,0.487,0.518,0.467,1384996096.000,0.000,26164,26466,-7,15,55,15.070,74.730,27322,27932,1133,1001,0
160189,-0.118,0.054,-1.900,-0.030,0.191,-0.070,-0.521,0.492,0.516,0.468,1509702016.000,0.000,27519,27430,4,-4,56,15.130,75.450,26315,26737,1320,1241,0
160289,-0.083,0.009,-0.130,-0.172,0.084,-0.083,-0.521,0.489,0.512,0.477,1413231360.000,0.000,26643,26521,5,6,56,15.130,75.450,26315,26737,1320,1241,0
160389,-0.054,-0.005,1.460,-0.152,0.048,-0.063,-0.516,0.491,0.508,0.485,1391270656.000,-0.000,26431,26318,3,4,56,15.130,75.450,26315,26737,1320,1241,0
160489,0.197,0.010,1.620,-0.001,0.107,0.003,-0.515,0.490,0.505,0.490,1451662720.000,0.000,27236,26644,0,-1,56,15.130,75.450,26315,26737,1320,1241,0
160589,0.431,0.020,1.490,-0.114,-0.008,0.269,-0.520,0.491,0.502,0.487,1384996096.000,0.001,26484,26146,2,9,55,15.090,75.170,26737,26385,1267,1243,0
160689,-0.114,-0.042,-0.110,-0.216,0.067,0.344,-0.523,0.503,0.490,0.483,1384996096.000,-0.000,25620,26993,9,5,55,15.090,75.170,26737,26385,1267,1243,0
160789,-0.241,-0.069,0.710,-0.233,0.129,-0.048,-0.522,0.514,0.473,0.489,1384996096.000,-0.001,26284,26346,7,1,55,15.090,75.170,26737,26385,1267,1243,0
160889,-0.036,-0.243,0.360,0.009,-0.052,-0.116,-0.520,0.511,0.475,0.492,1384996096.000,-0.005,26556,26073,4,-3,55,15.090,75.170,26737,26385,1267,1243,0
160989,0.256,-0.408,-0.480,-0.346,-0.204,0.034,-0.513,0.516,0.476,0.494,1435976448.000,-0.013,27090,26497,15,9,56,15.140,75.530,26525,25906,1293,1318,0
161089,0.045,-0.196,0.730,-0.122,-0.349,0.137,-0.505,0.529,0.476,0.489,1512839296.000,-0.005,27352,27653,-5,11,56,15.140,75.530,26525,25906,1293,1318,0
161190,-0.275,0.118,-0.350,-0.110,-0.046,-0.187,-0.493,0.541,0.476,0.487,1446956928.000,0.001,26903,26892,-2,5,56,15.140,75.530,26525,25906,1293,1318,0
161290,-0.176,0.088,1.340,0.032,0.117,-0.284,-0.490,0.532,0.481,0.495,1576368640.000,0.000,28251,27897,0,1,56,15.140,75.530,26525,25906,1293,1318,0
161390,0.037,0.022,1.430,-0.201,0.007,-0.243,-0.481,0.528,0.485,0.505,1384996096.000,-0.000,26673,25953,6,9,56,15.130,74.650,27777,27855,1362,1208,0
161490,0.367,-0.154,0.580,-0.003,0.037,-0.086,-0.476,0.523,0.486,0.513,1503427456.000,-0.002,27856,26971,4,-2,56,15.130,74.650,27777,27855,1362,1208,0
161590,0.109,0.157,0.390,-0.201,-0.261,0.190,-0.472,0.529,0.486,0.511,1384996096.000,0.000,26029,26598,-8,23,56,15.130,74.650,27777,27855,1362,1208,0
161690,0.004,0.197,-0.510,-0.144,0.127,0.139,-0.469,0.541,0.477,0.510,1384996096.000,0.001,26251,26380,3,4,56,15.130,74.650,27777,27855,1362,1208,0
161790,-0.033,0.117,-1.200,-0.067,0.197,0.031,-0.475,0.538,0.470,0.514,1384996096.000,0.001,26369,26262,4,3,56,15.130,75.490,26315,26455,1291,1241,0
161890,-0.046,0.067,-0.320,-0.372,0.103,-0.013,-0.471,0.541,0.460,0.523,1384996096.000,0.000,26380,26250,11,13,56,15.130,75.490,26315,26455,1291,1241,0
161990,-0.025,0.020,0.950,-0.202,0.207,-0.090,-0.465,0.542,0.450,0.536,1384996096.000,0.000,26487,26143,8,1,56,15.130,75.490,26315,26455,1291,1241,0
162090,0.506,0.019,-1.560,0.194,0.090,0.004,-0.466,0.536,0.448,0.543,1384996096.000,0.001,26826,25794,-8,-4,56,15.130,75.490,26315,26455,1291,1241,0
162190,0.659,-0.025,-0.380,-0.213,-0.021,0.392,-0.475,0.540,0.443,0.536,1384996096.000,-0.001,26598,26030,10,13,57,15.160,75.330,26385,25974,1398,1227,0
162291,0.467,-0.054,-0.850,-0.270,-0.066,0.514,-0.479,0.558,0.424,0.529,1384996096.000,-0.002,26296,26334,6,11,57,15.160,75.330,26385,25974,1398,1227,0
162391,0.280,-0.027,0.000,0.081,-0.102,0.420,-0.487,0.571,0.411,0.517,1384996096.000,-0.001,26278,26353,-6,1,57,15.160,75.330,26385,25974,1398,1227,0
162491,0.020,-0.069,-0.700,0.009,-0.196,0.309,-0.495,0.580,0.406,0.504,1384996096.000,-0.004,26125,26505,-2,7,57,15.160,75.330,26385,25974,1398,1227,0
162591,-0.109,-0.026,-0.080,-0.003,-0.269,0.151,-0.495,0.591,0.405,0.491,1384996096.000,-0.002,26216,26415,-5,10,56,15.150,75.410,26385,26525,1229,1259,0
162690,-0.443,-0.210,0.560,0.240,-0.177,-0.004,-0.496,0.595,0.411,0.481,1384996096.000,-0.011,25937,26688,-4,-7,56,15.150,75.410,26385,26525,1229,1259,0
162790,-0.487,-0.107,-0.200,-0.043,-0.401,-0.403,-0.486,0.596,0.424,0.478,1384996096.000,-0.006,26445,26185,-7,16,56,15.150,75.410,26385,26525,1229,1259,0
162890,-0.367,0.127,-1.060,0.216,-0.261,-0.522,-0.472,0.591,0.450,0.476,1384996096.000,-0.001,26604,26024,-14,7,56,15.150,75.410,26385,26525,1229,1259,0
162990,-0.162,0.132,0.740,0.133,0.128,-0.502,-0.464,0.576,0.470,0.482,1384996096.000,-0.002,26727,25898,1,0,56,15.150,75.410,26385,26525,1229,1259,0
163089,0.091,0.117,1.030,-0.093,0.112,-0.389,-0.456,0.562,0.480,0.496,1384996096.000,-0.002,26836,25784,4,8,56,15.130,75.370,26809,25706,1300,1287,0
163189,0.041,0.282,-0.080,-0.283,0.209,-0.184,-0.448,0.556,0.479,0.510,1384996096.000,-0.001,26527,26102,7,14,56,15.130,75.370,26809,25706,1300,1287,0
163289,0.096,0.131,0.810,-0.114,0.452,-0.141,-0.446,0.548,0.470,0.529,1384996096.000,-0.001,26621,26006,10,-5,56,15.130,75.370,26809,25706,1300,1287,0
163389,0.307,-0.129,0.110,-0.077,0.259,0.041,-0.451,0.539,0.462,0.541,1414015744.000,-0.001,26930,26245,10,-3,56,15.130,75.370,26809,25706,1300,1287,0
163489,0.486,-0.335,1.010,-0.179,-0.174,0.326,-0.453,0.546,0.452,0.541,1396760832.000,-0.007,26613,26240,5,9,56,15.130,74.970,27247,25906,1354,1266,0
163589,0.263,-0.245,-1.410,-0.156,-0.266,0.267,-0.449,0.565,0.444,0.532,1408525568.000,-0.006,26638,26438,1,8,56,15.130,74.970,27247,25906,1354,1266,0
163689,-0.207,0.133,1.200,-0.058,-0.012,0.081,-0.448,0.574,0.439,0.527,1461074560.000,0.000,26839,27216,-4,9,56,15.130,74.970,27247,25906,1354,1266,0
163789,-0.187,0.103,0.420,0.059,0.170,-0.163,-0.448,0.571,0.438,0.531,1466564736.000,0.000,27307,26850,0,-1,57,15.070,74.810,27322,27100,1333,1260,0
163889,-0.131,0.036,0.530,0.077,0.233,-0.106,-0.453,0.559,0.440,0.538,1465780352.000,0.000,27217,26926,5,-2,57,15.070,74.810,27322,27100,1333,1260,0
163989,0.093,-0.257,0.630,0.029,0.196,-0.002,-0.457,0.551,0.438,0.543,1491662720.000,-0.003,27594,27023,12,-8,57,15.070,74.810,27322,27100,1333,1260,0
164089,0.218,-0.497,1.320,-0.030,-0.101,0.166,-0.462,0.550,0.435,0.543,1468917632.000,-0.011,27289,26911,10,-2,57,15.070,74.810,27322,27100,1333,1260,0
164189,0.143,-0.409,-1.520,-0.088,-0.432,0.184,-0.459,0.564,0.435,0.531,1432054912.000,-0.010,26872,26645,0,10,57,15.150,74.930,26737,26737,1343,1266,0
164289,-0.087,-0.067,0.140,-0.123,-0.272,0.130,-0.453,0.578,0.436,0.520,1384996096.000,-0.002,26211,26419,-2,14,57,15.150,74.930,26737,26737,1343,1266,0
164389,-0.277,0.187,0.810,-0.191,0.040,-0.074,-0.445,0.585,0.434,0.520,1384996096.000,0.001,26320,26310,4,11,57,15.150,74.930,26737,26737,1343,1266,0
164489,-0.215,0.110,-1.260,0.113,0.371,-0.181,-0.448,0.574,0.434,0.530,1384996096.000,0.000,26487,26142,5,-9,57,15.150,74.930,26737,26737,1343,1266,0
164589,-0.153,0.018,-2.120,-0.257,0.261,-0.149,-0.448,0.565,0.429,0.545,1349702016.000,0.000,26146,25808,15,7,57,15.130,75.290,26666,26455,1253,1192,0
164689,-0.096,-0.036,-2.280,-0.052,0.163,-0.151,-0.443,0.560,0.425,0.556,1384996096.000,-0.000,26534,26095,5,-1,57,15.130,75.290,26666,26455,1253,1192,0
164789,-0.040,-0.074,0.860,0.103,0.109,-0.118,-0.444,0.552,0.428,0.561,1384996096.000,-0.000,26534,26095,2,-3,57,15.130,75.290,26666,26455,1253,1192,0
164889,-0.011,-0.515,-1.180,-0.032,0.039,-0.062,-0.445,0.547,0.429,0.564,1207741184.000,-0.001,24779,24367,19,-10,57,15.280,76.060,25252,25062,1207,1165,0
164989,-0.084,-0.641,-1.840,-0.002,-0.368,-0.053,-0.438,0.552,0.431,0.563,1384996096.000,0.003,26420,26211,5,-2,57,15.280,76.060,25252,25062,1207,1165,0
165089,-0.026,-0.632,-0.270,0.024,-0.752,-0.040,-0.425,0.566,0.446,0.548,1384996096.000,0.002,26504,26126,-4,8,57,15.280,76.060,25252,25062,1207,1165,0
165189,0.032,0.260,0.510,0.058,-0.512,0.044,-0.412,0.582,0.460,0.529,1384996096.000,-0.004,26439,26192,-24,27,57,15.280,76.060,25252,25062,1207,1165,0
165289,0.016,0.386,2.060,0.128,0.148,0.026,-0.408,0.589,0.466,0.519,1384996096.000,-0.007,26462,26168,-3,0,58,15.110,75.330,26525,25906,1276,1330,0
165389,-0.006,0.280,-0.340,0.044,0.411,0.057,-0.420,0.579,0.460,0.527,1384996096.000,-0.003,26404,26226,7,-2,58,15.110,75.330,26525,25906,1276,1330,0
165489,-0.026,-0.072,-0.780,0.049,0.154,0.029,-0.429,0.571,0.453,0.533,1384996096.000,-0.002,26427,26204,6,-2,58,15.110,75.330,26525,25906,1276,1330,0
165589,0.027,-0.546,-0.170,0.146,-0.316,0.079,-0.433,0.570,0.454,0.530,1384996096.000,-0.005,26403,26227,0,-3,58,15.110,75.330,26525,25906,1276,1330,0
165689,-0.010,0.047,-0.150,0.079,-0.393,0.084,-0.427,0.583,0.465,0.511,1384996096.000,-0.005,26373,26258,-12,14,57,15.110,75.010,26385,26525,1299,1201,0
165789,-0.072,0.277,-0.270,0.040,0.319,0.082,-0.431,0.584,0.466,0.506,1384996096.000,-0.003,26314,26317,8,-2,57,15.110,75.010,26385,26525,1299,1201,0
165889,-0.150,0.199,-1.340,-0.020,0.362,0.046,-0.441,0.576,0.457,0.515,1384996096.000,-0.001,26270,26361,8,0,57,15.110,75.010,26385,26525,1299,1201,0
165989,-0.163,0.140,-1.670,0.042,0.317,0.032,-0.450,0.567,0.449,0.524,1384996096.000,0.000,26273,26358,5,-3,57,15.130,75.130,25974,26455,1368,1255,0
166089,-0.176,0.053,1.370,0.127,0.277,0.013,-0.459,0.559,0.443,0.529,1431270656.000,0.000,26715,26787,4,-6,57,15.130,75.130,25974,26455,1368,1255,0
166189,-0.178,-0.019,-0.260,0.117,0.188,-0.007,-0.468,0.550,0.441,0.533,1384996096.000,-0.000,26284,26347,4,-4,57,15.130,75.130,25974,26455,1368,1255,0
166289,-0.062,-0.212,0.700,0.089,0.047,0.002,-0.474,0.543,0.442,0.534,1486956928.000,-0.003,27314,27220,6,-4,57,15.130,75.130,25974,26455,1368,1255,0
166389,-0.061,-0.188,-0.750,0.067,-0.190,0.013,-0.474,0.544,0.445,0.530,1403819648.000,-0.002,26506,26481,-1,3,58,15.230,75.010,26666,25974,1236,1388,0
166489,-0.053,-0.563,-1.290,0.137,-0.124,0.027,-0.474,0.546,0.451,0.523,1488525568.000,-0.007,27294,27268,12,-15,58,15.230,75.010,26666,25974,1236,1388,0
166589,-0.063,-0.270,0.500,-0.017,-0.508,0.016,-0.471,0.551,0.458,0.515,1384996096.000,-0.004,26326,26304,-9,17,58,15.230,75.010,26666,25974,1236,1388,0
166689,-0.196,0.233,-1.430,0.066,-0.313,0.004,-0.461,0.563,0.471,0.499,1384996096.000,-0.001,26181,26449,-12,14,58,15.230,75.010,26666,25974,1236,1388,0
166790,-0.176,0.220,0.900,0.040,0.308,-0.106,-0.462,0.559,0.473,0.500,1451662720.000,-0.001,26984,26898,7,-3,58,15.050,74.650,26954,26737,1347,1371,0
166890,-0.056,0.092,1.500,-0.039,0.110,-0.150,-0.464,0.551,0.472,0.508,1384996096.000,-0.000,26527,26102,4,3,58,15.050,74.650,26954,26737,1347,1371,0
166990,0.119,-0.267,-1.370,-0.054,-0.043,-0.064,-0.462,0.547,0.474,0.513,1384996096.000,-0.004,26537,26092,10,-2,58,15.050,74.650,26954,26737,1347,1371,0
167090,0.001,0.180,0.870,-0.260,-0.219,0.019,-0.454,0.554,0.473,0.514,1384996096.000,-0.000,26279,26351,-5,24,58,15.050,74.650,26954,26737,1347,1371,0
167190,-0.047,0.208,1.760,-0.018,0.189,-0.114,-0.445,0.560,0.471,0.517,1384996096.000,-0.002,26465,26165,3,-3,58,15.130,75.090,26109,26385,1373,1228,0
167290,0.004,0.136,0.650,-0.194,0.252,-0.117,-0.445,0.552,0.467,0.528,1384996096.000,-0.001,26500,26129,12,4,58,15.130,75.090,26109,26385,1373,1228,0
167390,0.048,0.079,-0.530,-0.338,0.134,-0.088,-0.439,0.551,0.457,0.542,1444603904.000,-0.000,27066,26684,11,10,58,15.130,75.090,26109,26385,1373,1228,0
167490,0.076,0.050,0.240,-0.118,0.057,-0.049,-0.434,0.552,0.452,0.551,1384996096.000,-0.000,26499,26130,3,4,58,15.130,75.090,26109,26385,1373,1228,0
167590,0.304,-0.034,0.420,-0.161,0.137,-0.031,-0.431,0.551,0.447,0.557,1384996096.000,-0.000,26810,25811,11,1,58,15.130,75.090,26109,26385,1373,1228,0
167690,0.648,-0.307,0.740,-0.172,0.178,0.157,-0.433,0.550,0.438,0.563,1384996096.000,-0.007,26904,25713,20,-6,57,15.080,75.090,26881,25974,1289,1217,0
167791,0.449,-0.299,0.260,-0.462,-0.252,0.426,-0.436,0.563,0.423,0.560,1384996096.000,-0.003,26147,26483,7,23,57,15.080,75.090,26881,25974,1289,1217,0
167890,0.084,0.041,-0.360,-0.230,-0.277,0.218,-0.426,0.588,0.411,0.551,1384996096.000,0.001,26297,26334,-3,13,57,15.080,75.090,26881,25974,1289,1217,0
167990,0.039,0.036,-0.300,-0.241,0.216,0.108,-0.425,0.594,0.402,0.553,1384996096.000,0.001,26406,26225,16,1,57,15.080,75.090,26881,25974,1289,1217,0
168090,0.017,-0.121,-0.040,-0.356,0.116,0.046,-0.422,0.597,0.385,0.564,1384996096.000,-0.003,26446,26184,16,5,58,15.070,75.090,26666,26385,1227,1244,0
168190,-0.047,-0.078,-1.210,-0.259,-0.194,-0.008,-0.411,0.605,0.378,0.568,1497937280.000,-0.002,27438,27297,2,12,58,15.070,75.090,26666,26385,1227,1244,0
168289,-0.161,0.103,0.790,-0.344,-0.019,-0.039,-0.399,0.615,0.373,0.569,1387348992.000,0.001,26342,26333,10,13,58,15.070,75.090,26666,26385,1227,1244,0
168389,-0.113,0.063,-2.140,-0.266,0.253,-0.062,-0.391,0.615,0.363,0.580,1475976448.000,0.001,27269,27063,15,1,58,15.070,75.090,26666,26385,1227,1244,0
168489,-0.088,-0.003,1.100,-0.242,0.211,-0.046,-0.386,0.612,0.353,0.593,1411662720.000,-0.000,26648,26487,14,3,59,15.040,74.530,26954,27322,1470,1316,0
168589,-0.141,-0.048,0.720,-0.254,0.130,-0.028,-0.381,0.611,0.344,0.602,1384996096.000,-0.001,26319,26312,13,5,59,15.040,74.530,26954,27322,1470,1316,0
168689,-0.122,-0.072,-0.620,-0.173,0.056,-0.066,-0.375,0.612,0.338,0.610,1538721536.000,-0.001,27808,27666,10,4,59,15.040,74.530,26954,27322,1470,1316,0
168789,0.185,-0.181,-0.970,-0.126,-0.056,-0.002,-0.371,0.613,0.336,0.612,1384996096.000,-0.004,26756,25867,11,2,59,15.040,74.530,26954,27322,1470,1316,0
168889,0.505,-0.398,-0.030,0.071,-0.138,0.144,-0.372,0.616,0.337,0.607,1384996096.000,-0.015,26835,25785,10,-7,58,15.090,75.530,26809,25641,1282,1324,0
168989,0.330,-0.384,-0.820,-0.194,-0.272,0.398,-0.376,0.627,0.331,0.596,1384996096.000,-0.015,26238,26393,13,9,58,15.090,75.530,26809,25641,1282,1324,0
169089,-0.423,0.111,0.770,-0.219,-0.250,0.137,-0.372,0.645,0.320,0.586,1384996096.000,0.002,25767,26852,-4,21,58,15.090,75.530,26809,25641,1282,1324,0
169189,-0.407,0.143,-0.140,0.488,0.030,-0.169,-0.375,0.644,0.330,0.579,1384996096.000,0.002,26292,26339,-11,-12,58,15.090,75.530,26809,25641,1282,1324,0
169289,-0.351,0.004,-1.170,0.140,0.068,-0.144,-0.383,0.632,0.343,0.579,1567741184.000,-0.000,27929,28066,8,0,59,15.080,74.890,26178,26525,1321,1236,0
169389,-0.290,-0.127,1.680,0.174,-0.078,-0.179,-0.383,0.627,0.351,0.580,1482251008.000,-0.002,27232,27216,2,-2,59,15.080,74.890,26178,26525,1321,1236,0
169489,-0.078,-0.251,0.680,0.273,-0.223,-0.141,-0.383,0.624,0.367,0.574,1384996096.000,-0.005,26467,26163,-1,-3,59,15.080,74.890,26178,26525,1321,1236,0
169589,0.042,-0.143,1.960,0.066,-0.416,-0.074,-0.379,0.629,0.380,0.563,1531662720.000,-0.004,27827,27519,-3,11,59,15.020,74.410,27100,27247,1440,1305,0
169689,-0.012,0.285,1.610,0.089,-0.158,-0.110,-0.373,0.634,0.391,0.554,1384996096.000,-0.000,26434,26196,-7,11,59,15.020,74.410,27100,27247,1440,1305,0
169789,-0.107,0.287,0.540,0.011,0.319,-0.209,-0.373,0.626,0.394,0.559,1384996096.000,-0.002,26500,26130,9,-1,59,15.020,74.410,27100,27247,1440,1305,0
169889,-0.021,0.181,-0.810,0.287,0.320,-0.201,-0.380,0.608,0.400,0.571,1384996096.000,-0.001,26545,26084,0,-9,59,15.020,74.410,27100,27247,1440,1305,0
169989,0.011,0.131,-0.150,0.132,0.060,-0.008,-0.386,0.598,0.405,0.574,1384996096.000,-0.001,26352,26279,-1,4,59,15.070,75.050,26109,26178,1382,1275,0
170089,0.045,0.071,0.180,0.164,0.104,0.076,-0.393,0.595,0.406,0.572,1384996096.000,-0.000,26373,26258,2,-2,59,15.070,75.050,26109,26178,1382,1275,0
170189,0.430,-0.107,-0.010,0.303,0.154,0.238,-0.406,0.588,0.408,0.569,1384996096.000,-0.003,26594,26033,4,-11,59,15.070,75.050,26109,26178,1382,1275,0
170289,0.393,-0.302,-1.980,-0.092,-0.118,0.473,-0.418,0.593,0.400,0.560,1384996096.000,-0.010,26251,26379,12,3,59,15.070,75.050,26109,26178,1382,1275,0
170389,-0.018,-0.223,-1.270,0.269,-0.294,0.391,-0.427,0.606,0.391,0.545,1384996096.000,-0.007,25917,26708,-9,-4,59,15.080,74.970,26109,26595,1311,1247,0
170489,-0.463,0.186,0.440,0.032,-0.109,0.006,-0.433,0.614,0.392,0.531,1384996096.000,0.002,26020,26608,-3,9,59,15.080,74.970,26109,26595,1311,1247,0
170589,-0.418,0.160,-0.810,0.297,0.236,-0.193,-0.436,0.607,0.398,0.533,1384996096.000,0.002,26250,26381,0,-10,59,15.080,74.970,26109,26595,1311,1247,0
170689,-0.330,-0.144,-1.230,-0.070,0.091,-0.278,-0.437,0.595,0.404,0.540,1384996096.000,-0.002,26376,26254,15,-1,59,15.080,74.890,26385,26385,1290,1252,0
170789,-0.210,-0.368,-2.140,0.144,-0.048,-0.337,-0.430,0.587,0.412,0.549,1384996096.000,-0.004,26515,26114,5,-10,59,15.080,74.890,26385,26385,1290,1252,0
170889,-0.083,-0.021,0.710,-0.061,-0.421,-0.314,-0.418,0.586,0.428,0.547,1384996096.000,-0.001,26575,26053,-8,20,59,15.080,74.890,26385,26385,1290,1252,0
170989,0.014,0.232,-1.250,-0.280,0.098,-0.197,-0.401,0.591,0.436,0.548,1575584384.000,-0.002,28274,27860,12,10,59,15.080,74.890,26385,26385,1290,1252,0
171089,0.090,0.153,1.470,-0.339,0.228,-0.151,-0.393,0.586,0.427,0.565,1460290176.000,-0.001,27272,26768,14,8,59,14.950,73.760,28089,27932,1461,1300,0
171189,0.144,0.105,0.040,-0.351,0.058,-0.087,-0.383,0.585,0.418,0.579,1384996096.000,-0.001,26564,26064,10,12,59,14.950,73.760,28089,27932,1461,1300,0
171289,0.166,0.140,1.390,-0.298,0.097,-0.001,-0.374,0.589,0.410,0.588,1384996096.000,-0.001,26507,26123,9,9,59,14.950,73.760,28089,27932,1461,1300,0
171389,0.169,0.087,-1.070,-0.233,0.203,-0.007,-0.370,0.589,0.400,0.597,1384996096.000,-0.001,26554,26074,12,3,59,14.950,73.760,28089,27932,1461,1300,0
171489,0.174,0.017,0.840,-0.328,0.189,-0.029,-0.366,0.587,0.389,0.608,1384996096.000,-0.000,26597,26031,16,7,59,15.070,74.730,26455,26246,1328,1219,0
171589,0.189,-0.024,-1.480,-0.382,0.086,-0.058,-0.357,0.588,0.377,0.620,1384996096.000,0.000,26651,25976,15,9,59,15.070,74.730,26455,26246,1328,1219,0
171689,0.291,-0.086,2.020,-0.418,-0.027,-0.021,-0.344,0.594,0.365,0.629,1384996096.000,0.000,26723,25902,14,11,59,15.070,74.730,26455,26246,1328,1219,0
171789,0.610,-0.340,0.990,-0.410,-0.083,0.151,-0.333,0.603,0.352,0.634,1465780352.000,-0.004,27603,26531,20,5,59,15.070,74.730,26455,26246,1328,1219,0
171889,0.571,-0.459,0.920,-0.454,-0.374,0.396,-0.327,0.622,0.334,0.628,1473623552.000,-0.009,27373,26913,16,13,59,15.030,74.530,27624,26595,1308,1328,0
171989,0.289,-0.063,-0.300,-0.459,-0.544,0.482,-0.318,0.651,0.313,0.614,1458721536.000,-0.002,26902,27111,1,27,59,15.030,74.530,27624,26595,1308,1328,0
172089,-0.274,0.226,-0.820,-0.579,-0.012,0.351,-0.314,0.672,0.293,0.603,1446956928.000,0.001,26439,27348,19,23,59,15.030,74.530,27624,26595,1308,1328,0
172189,-0.300,0.179,0.490,-0.114,0.242,-0.020,-0.307,0.674,0.276,0.613,1401466624.000,0.001,26472,26471,7,-2,60,15.060,74.370,26455,26666,1302,1237,0
172289,-0.290,0.126,1.340,0.000,0.141,-0.022,-0.310,0.667,0.276,0.619,1384996096.000,0.001,26248,26382,6,3,60,15.060,74.370,26455,26666,1302,1237,0
172389,-0.283,0.078,1.190,-0.163,0.237,-0.017,-0.307,0.664,0.269,0.626,1384996096.000,0.001,26224,26406,15,3,60,15.060,74.370,26455,26666,1302,1237,0
172489,-0.201,0.009,0.930,0.188,0.198,-0.020,-0.310,0.656,0.267,0.635,1384996096.000,0.000,26292,26339,3,-7,60,15.060,74.370,26455,26666,1302,1237,0
172589,0.072,-0.149,-0.240,0.182,0.020,0.188,-0.320,0.650,0.270,0.634,1384996096.000,-0.004,26278,26352,6,-2,60,15.060,74.370,26455,26666,1302,1237,0
172689,-0.381,-0.013,0.630,-0.251,-0.042,0.154,-0.325,0.655,0.262,0.630,1384996096.000,-0.000,25852,26771,13,14,60,15.050,74.810,26455,25974,1250,1382,0
172789,-0.343,-0.038,-1.890,0.300,0.128,-0.206,-0.320,0.652,0.261,0.635,1384996096.000,0.199,26353,26278,6,-5,60,15.050,74.810,26455,25974,1250,1382,0
172889,-0.179,-0.127,-1.980,0.276,-0.171,-0.169,-0.325,0.645,0.280,0.632,1384996096.000,0.598,26407,26223,16,18,60,15.050,74.810,26455,25974,1250,1382,0
172989,0.018,-0.294,-0.010,0.498,-0.130,-0.060,-0.331,0.643,0.295,0.625,1384996096.000,-0.006,26452,26178,-6,-17,60,15.050,74.810,26455,25974,1250,1382,0
173089,0.107,-0.131,0.460,0.049,-0.442,0.110,-0.338,0.647,0.309,0.610,1384996096.000,0.397,26318,26313,12,34,60,15.050,74.810,25974,26385,1424,1222,0
173189,-0.275,0.189,1.060,0.340,-0.191,0.033,-0.337,0.658,0.314,0.596,1384996096.000,0.701,25998,26629,3,16,60,15.050,74.810,25974,26385,1424,1222,0
173289,-0.232,0.154,0.570,1.232,0.123,-0.297,-0.365,0.636,0.348,0.584,1388917632.000,0.101,26550,26154,-28,-33,60,15.050,74.810,25974,26385,1424,1222,0
173389,-0.124,0.156,0.870,-0.270,-0.100,-0.276,-0.369,0.624,0.370,0.581,1499505920.000,-0.000,27574,27188,17,28,60,15.050,74.810,25974,26385,1424,1222,0
173489,-0.042,0.151,0.220,0.391,0.111,-0.088,-0.359,0.622,0.371,0.588,1384996096.000,0.599,26337,26294,8,4,60,14.950,74.040,27548,26809,1383,1425,0
173589,0.012,0.137,0.380,0.656,-0.004,-0.019,-0.381,0.608,0.391,0.576,1384996096.000,-0.000,26397,26234,-15,-10,60,14.950,74.040,27548,26809,1383,1425,0
173689,0.286,-0.100,-1.720,-0.492,0.120,0.093,-0.381,0.608,0.388,0.578,1450878464.000,0.198,27194,26672,40,23,60,14.950,74.040,27548,26809,1383,1425,0
173789,0.227,-0.090,0.020,0.474,-0.219,0.176,-0.382,0.613,0.380,0.577,1435192192.000,0.598,26856,26720,-2,8,60,14.950,74.040,27548,26809,1383,1425,0
173889,-0.185,0.198,-0.820,0.878,-0.148,0.071,-0.405,0.608,0.405,0.551,1384996096.000,0.000,26065,26563,-32,-20,60,15.070,74.770,26246,26246,1277,1320,0
173989,-0.188,0.154,-0.370,0.212,0.208,-0.097,-0.423,0.593,0.417,0.544,1384996096.000,0.000,26335,26296,10,2,60,15.070,74.770,26246,26246,1277,1320,0
174089,-0.158,0.131,0.450,0.107,-0.008,-0.072,-0.422,0.590,0.417,0.548,1384996096.000,0.200,26303,26328,6,13,60,15.070,74.770,26246,26246,1277,1320,0
174189,-0.124,0.143,0.690,0.674,-0.079,-0.124,-0.428,0.581,0.432,0.541,1384996096.000,0.800,26385,26246,2,11,60,15.070,74.770,26246,26246,1277,1320,0
174289,-0.101,0.146,0.160,1.038,0.010,-0.087,-0.449,0.562,0.457,0.524,1384996096.000,0.700,26339,26292,-11,-7,60,15.040,74.770,26246,26455,1332,1232,0
174389,-0.007,0.140,0.220,0.678,-0.041,-0.007,-0.473,0.540,0.482,0.503,1432054912.000,0.000,26831,26687,-15,-8,60,15.040,74.770,26246,26455,1332,1232,0
174489,0.105,0.072,-0.090,-0.230,-0.060,0.036,-0.474,0.539,0.486,0.499,1469702016.000,-0.000,27227,26989,14,18,60,15.040,74.770,26246,26455,1332,1232,0
174589,0.157,0.248,-0.620,0.129,-0.051,0.086,-0.472,0.544,0.482,0.498,1384996096.000,0.006,26419,26211,-9,6,60,15.040,74.770,26246,26455,1332,1232,0
174689,0.116,0.469,-0.310,0.066,0.082,0.177,-0.480,0.544,0.482,0.491,1384996096.000,0.011,26254,26377,-5,14,60,15.040,74.890,26041,26455,1372,1237,0
174789,0.054,0.512,0.190,-0.102,0.307,0.169,-0.487,0.545,0.471,0.494,1384996096.000,0.013,26238,26393,4,10,60,15.040,74.890,26041,26455,1372,1237,0
174889,-0.317,-0.005,-0.020,-0.244,0.452,0.036,-0.497,0.541,0.454,0.504,1384996096.000,-0.000,26043,26585,25,-1,60,15.040,74.890,26041,26455,1372,1237,0
174989,-0.265,-0.007,-0.480,0.180,-0.368,-0.181,-0.491,0.540,0.455,0.510,1384996096.000,-0.000,26325,26306,-18,10,60,15.040,74.890,26041,26455,1372,1237,0
175089,-0.211,0.073,-0.940,-0.158,-0.038,-0.118,-0.485,0.541,0.469,0.503,1384996096.000,0.200,26250,26380,19,19,60,15.040,74.450,26385,26666,1278,1207,0
175189,-0.157,0.058,-0.510,0.212,0.022,-0.169,-0.480,0.538,0.469,0.510,1384996096.000,0.600,26366,26265,11,14,60,15.040,74.450,26385,26666,1278,1207,0
175289,-0.091,0.075,1.620,0.450,-0.060,-0.180,-0.486,0.526,0.486,0.502,1532447104.000,0.000,27772,27589,-13,-7,60,15.040,74.450,26385,26666,1278,1207,0
175389,0.037,0.066,0.720,-0.296,0.060,-0.197,-0.481,0.521,0.489,0.508,1465780352.000,-0.000,27306,26836,15,15,60,15.000,73.440,27173,26881,1385,1300,0
175489,0.219,0.067,1.120,0.148,-0.022,-0.170,-0.474,0.519,0.492,0.514,1526956928.000,0.000,27985,27272,-5,0,60,15.000,73.440,27173,26881,1385,1300,0
175589,0.216,0.057,0.450,-0.257,0.064,-0.054,-0.471,0.517,0.492,0.518,1534015744.000,-0.000,27899,27490,13,13,60,15.000,73.440,27173,26881,1385,1300,0
175689,0.199,0.083,-2.080,-0.142,0.182,0.014,-0.468,0.519,0.483,0.527,1384996096.000,0.000,26483,26147,9,4,60,15.000,73.440,27173,26881,1385,1300,0
175789,0.382,0.168,-2.090,-0.096,0.081,0.089,-0.470,0.519,0.475,0.533,1384996096.000,0.002,26660,25966,2,10,60,15.010,74.450,26737,26385,1249,1234,0
175889,0.551,0.218,-0.280,-0.124,0.289,0.350,-0.478,0.521,0.465,0.532,1384996096.000,0.006,26485,26144,12,6,60,15.010,74.450,26737,26385,1249,1234,0
175989,0.033,-0.103,0.540,-0.276,0.272,0.316,-0.488,0.527,0.441,0.539,1384996096.000,-0.003,25846,26776,21,0,60,15.010,74.450,26737,26385,1249,1234,0
176089,-0.188,-0.183,-0.590,-0.337,-0.118,-0.229,-0.480,0.536,0.426,0.548,1384996096.000,-0.003,26581,26047,8,12,60,15.010,74.450,26737,26385,1249,1234,0
176189,-0.016,-0.082,0.840,-0.077,-0.188,-0.204,-0.468,0.537,0.437,0.549,1384996096.000,-0.001,26603,26024,4,10,61,15.030,74.530,26178,26385,1421,1171,0
176289,0.386,-0.100,1.650,-0.348,0.009,0.076,-0.456,0.544,0.433,0.555,1391270656.000,-0.003,26723,26022,17,10,61,15.030,74.530,26178,26385,1421,1171,0
176389,0.017,-0.131,1.740,-0.262,-0.186,0.090,-0.451,0.555,0.424,0.556,1384996096.000,-0.002,26239,26391,7,14,61,15.030,74.530,26178,26385,1421,1171,0
176489,-0.038,-0.007,-0.490,-0.162,-0.179,-0.059,-0.441,0.566,0.422,0.554,1499505920.000,-0.000,27535,27227,3,12,61,15.010,74.570,26666,26455,1530,1503,0
176589,0.182,-0.140,0.630,0.018,0.053,-0.013,-0.436,0.568,0.423,0.556,1538721536.000,-0.002,28072,27398,9,-3,61,15.010,74.570,26666,26455,1530,1503,0
176689,0.095,0.007,1.130,-0.122,-0.066,0.190,-0.437,0.570,0.419,0.555,1384996096.000,0.000,26252,26378,5,14,61,15.010,74.570,26666,26455,1530,1503,0
176789,-0.203,0.030,0.190,-0.158,0.016,0.084,-0.435,0.580,0.411,0.553,1384996096.000,0.000,26174,26456,8,8,61,15.010,74.570,26666,26455,1530,1503,0
176889,-0.137,0.012,0.370,0.156,0.019,-0.013,-0.438,0.578,0.410,0.553,1384996096.000,0.200,26405,26225,8,9,61,15.030,74.370,26246,26178,1308,1322,0
176989,-0.044,0.010,1.340,0.319,0.021,0.048,-0.442,0.574,0.414,0.550,1384996096.000,0.600,26365,26265,12,12,61,15.030,74.370,26246,26178,1308,1322,0
177089,-0.040,0.002,0.410,0.999,-0.069,0.071,-0.461,0.562,0.429,0.535,1384996096.000,1.400,26325,26305,13,18,61,15.030,74.370,26246,26178,1308,1322,0
177189,-0.061,0.021,0.230,1.458,-0.136,0.031,-0.493,0.538,0.463,0.503,1384996096.000,1.400,26346,26285,-3,5,61,15.030,74.370,26246,26178,1308,1322,0
177289,-0.028,0.013,-0.670,1.300,-0.044,0.028,-0.529,0.504,0.498,0.467,1384996096.000,0.500,26395,26235,-21,-19,61,15.020,74.410,26315,26246,1308,1299,0
177389,0.118,0.022,-2.080,0.699,-0.140,0.093,-0.551,0.482,0.521,0.439,1384996096.000,0.001,26444,26186,-13,-4,61,15.020,74.410,26315,26246,1308,1299,0
177489,0.158,-0.008,1.790,0.034,-0.147,0.347,-0.557,0.484,0.526,0.423,1411662720.000,-0.000,26403,26731,6,13,61,15.020,74.410,26315,26246,1308,1299,0
177589,-0.435,0.104,0.610,0.098,-0.131,0.189,-0.560,0.494,0.523,0.411,1384996096.000,0.003,25714,26903,-4,9,61,15.020,74.410,26315,26246,1308,1299,0
177689,-0.451,0.125,-0.450,0.233,-0.003,-0.268,-0.557,0.491,0.529,0.410,1411662720.000,0.003,26585,26550,-4,1,61,15.030,74.610,26041,26595,1277,1278,0
177789,-0.342,0.111,1.090,0.199,-0.001,-0.302,-0.559,0.475,0.541,0.412,1431270656.000,0.002,26821,26681,-1,5,61,15.030,74.610,26041,26595,1277,1278,0
177889,-0.231,0.121,1.150,0.063,-0.039,-0.272,-0.554,0.466,0.551,0.416,1517545088.000,0.002,27644,27448,0,9,61,15.030,74.610,26041,26595,1277,1278,0
177989,-0.137,0.105,0.070,0.093,0.124,-0.218,-0.552,0.456,0.556,0.422,1397545088.000,0.001,26550,26318,3,3,61,15.030,74.610,26041,26595,1277,1278,0
178089,0.228,0.233,-1.470,0.106,0.090,-0.188,-0.551,0.446,0.559,0.430,1384996096.000,0.003,26804,25817,-4,8,61,15.000,73.880,26385,26666,1368,1250,0
178189,0.414,0.486,1.610,-0.006,0.108,0.090,-0.554,0.442,0.559,0.430,1447741184.000,0.010,27204,26602,-5,18,61,15.000,73.880,26385,26666,1368,1250,0
178289,0.162,0.132,2.090,-0.036,0.431,0.267,-0.566,0.442,0.546,0.431,1384996096.000,0.002,26136,26493,17,-4,61,15.000,73.880,26385,26666,1368,1250,0
178389,-0.079,-0.177,-0.090,-0.057,0.000,0.031,-0.575,0.443,0.532,0.436,1384996096.000,-0.001,26334,26297,6,5,61,15.000,73.880,26385,26666,1368,1250,0
178489,0.133,-0.236,0.340,0.380,-0.268,0.054,-0.575,0.439,0.546,0.422,1384996096.000,-0.005,26487,26142,-7,-2,61,14.980,74.250,25974,26455,1436,1202,0
178589,-0.229,-0.001,-1.720,-0.084,-0.189,0.167,-0.575,0.444,0.550,0.412,1387348992.000,-0.000,25863,26804,3,17,61,14.980,74.250,25974,26455,1436,1202,0
178689,-0.236,0.092,-1.800,0.167,-0.106,-0.108,-0.570,0.449,0.554,0.409,1384996096.000,0.001,26337,26294,-8,3,61,14.980,74.250,25974,26455,1436,1202,0
178789,-0.186,0.055,-1.430,0.130,-0.027,-0.141,-0.572,0.439,0.562,0.405,1384996096.000,0.001,26366,26265,1,6,61,14.980,74.250,25974,26455,1436,1202,0
178889,-0.121,0.063,-0.140,-0.088,0.014,-0.181,-0.567,0.435,0.566,0.409,1384996096.000,0.001,26452,26178,6,10,61,15.010,74.450,26385,26178,1305,1296,0
178989,0.018,0.032,0.330,0.082,0.162,-0.147,-0.567,0.429,0.567,0.417,1384996096.000,0.000,26519,26110,4,-1,61,15.010,74.450,26385,26178,1305,1296,0
179089,0.160,0.158,-0.410,-0.072,0.106,-0.082,-0.568,0.424,0.565,0.423,1384996096.000,0.001,26637,25989,3,12,61,15.010,74.450,26385,26178,1305,1296,0
179189,0.555,0.231,-1.100,0.090,0.132,0.131,-0.570,0.422,0.563,0.425,1384996096.000,0.006,26754,25869,-2,5,61,15.010,74.450,26385,26178,1305,1296,0
179289,-0.026,-0.103,0.270,-0.210,0.278,0.354,-0.584,0.423,0.551,0.419,1523819648.000,-0.001,27039,28155,24,3,61,15.020,74.370,26954,26178,1352,1500,0
179389,-0.143,-0.129,0.950,-0.098,-0.159,0.003,-0.584,0.435,0.537,0.425,1384996096.000,-0.001,26334,26297,-3,9,61,15.020,74.370,26954,26178,1352,1500,0
179489,-0.110,-0.048,1.040,0.371,-0.222,-0.027,-0.581,0.432,0.552,0.412,1454015744.000,-0.000,26996,26930,-11,0,61,15.020,74.370,26954,26178,1352,1500,0
179589,-0.014,-0.036,1.400,-0.341,0.019,-0.033,-0.578,0.434,0.553,0.414,1544996096.000,-0.000,27925,27662,18,17,61,15.020,74.370,26954,26178,1352,1500,0
179689,0.080,-0.063,1.030,0.150,-0.186,-0.021,-0.575,0.437,0.555,0.414,1384996096.000,-0.001,26522,26107,-7,3,61,14.890,72.840,27624,27624,1468,1376,0
179789,0.074,-0.042,-0.610,-0.171,-0.096,0.036,-0.572,0.439,0.559,0.410,1384996096.000,-0.001,26412,26218,10,14,61,14.890,72.840,27624,27624,1468,1376,0
179889,0.175,-0.044,0.140,-0.202,-0.033,0.018,-0.566,0.447,0.555,0.414,1432054912.000,-0.001,27018,26497,8,10,61,14.890,72.840,27624,27624,1468,1376,0
179989,0.311,-0.025,-0.340,0.024,-0.013,0.171,-0.567,0.450,0.554,0.412,1384996096.000,-0.001,26465,26165,2,5,61,14.890,72.840,27624,27624,1468,1376,0
180089,0.241,0.250,1.040,-0.269,-0.028,0.208,-0.566,0.461,0.547,0.409,1384996096.000,0.009,26390,26241,4,21,62,15.000,73.880,26385,26246,1299,1288,0
180189,-0.285,0.085,1.410,-0.503,0.333,-0.021,-0.566,0.470,0.533,0.419,1384996096.000,0.001,26178,26452,26,12,62,15.000,73.880,26385,26246,1299,1288,0
180289,-0.195,-0.012,0.170,0.351,-0.089,-0.207,-0.565,0.462,0.533,0.427,1384996096.000,-0.000,26475,26155,-15,-4,62,15.000,73.880,26385,26246,1299,1288,0
180389,-0.044,0.013,1.200,-0.096,-0.009,-0.106,-0.563,0.457,0.542,0.426,1459505920.000,0.000,27173,26854,9,12,62,15.000,73.880,26385,26246,1299,1288,0
180489,0.289,0.051,1.850,0.156,0.050,0.058,-0.562,0.457,0.541,0.428,1389702016.000,0.001,26668,26049,-3,1,62,14.910,73.400,27548,26809,1394,1355,0
180589,0.157,0.037,1.970,-0.103,0.068,0.157,-0.569,0.456,0.538,0.423,1384996096.000,0.001,26344,26287,10,12,62,14.910,73.400,27548,26809,1394,1355,0
180689,-0.279,-0.035,0.640,-0.229,0.084,-0.093,-0.568,0.462,0.530,0.429,1445388288.000,-0.000,26848,26918,12,10,62,14.910,73.400,27548,26809,1394,1355,0
180789,-0.186,-0.043,-0.570,0.514,-0.089,-0.261,-0.567,0.450,0.539,0.430,1426564736.000,-0.000,26924,26489,-16,-8,62,14.910,73.400,27548,26809,1394,1355,0
180889,-0.097,-0.005,-0.610,-0.003,-0.133,-0.207,-0.564,0.440,0.553,0.427,1384996096.000,-0.000,26519,26110,4,14,62,15.000,73.720,26809,26737,1351,1241,0
180989,0.200,0.013,0.810,0.273,-0.029,-0.096,-0.561,0.434,0.560,0.427,1387348992.000,0.000,26748,25921,-6,-1,62,15.000,73.720,26809,26737,1351,1241,0
181089,0.584,0.093,0.790,0.357,-0.120,0.204,-0.569,0.428,0.568,0.414,1384996096.000,0.003,26766,25857,-11,4,62,15.000,73.720,26809,26737,1351,1241,0
181189,0.168,0.175,0.980,0.131,-0.087,0.651,-0.580,0.437,0.565,0.391,1384996096.000,0.005,25700,26917,-3,12,62,15.000,73.720,26809,26737,1351,1241,0
181289,-0.384,0.115,-0.360,-0.099,0.021,0.193,-0.585,0.454,0.553,0.382,1384996096.000,0.003,25981,26645,3,9,62,14.990,74.200,26041,26178,1172,1410,0
181389,-0.417,0.105,0.580,0.496,-0.041,0.051,-0.594,0.446,0.558,0.370,1384996096.000,0.002,26031,26597,-14,-3,62,14.990,74.200,26041,26178,1172,1410,0
181489,-0.475,0.118,0.380,0.000,-0.058,-0.051,-0.597,0.441,0.564,0.362,1518329472.000,0.003,27270,27833,2,14,62,14.990,74.200,26041,26178,1172,1410,0
181589,-0.381,0.113,0.120,0.319,0.029,-0.131,-0.599,0.432,0.570,0.359,1384996096.000,0.002,26176,26454,-8,-1,62,14.980,73.720,26315,26595,1226,1222,0
181689,-0.333,0.102,-2.190,0.147,-0.042,-0.126,-0.604,0.419,0.578,0.354,1384996096.000,0.002,26182,26448,-2,10,62,14.980,73.720,26315,26595,1226,1222,0
181789,-0.314,0.115,0.770,0.102,0.017,-0.247,-0.600,0.413,0.585,0.357,1384996096.000,0.002,26294,26336,-2,6,62,14.980,73.720,26315,26595,1226,1222,0
181889,-0.229,0.087,0.000,0.051,0.100,-0.242,-0.601,0.403,0.588,0.363,1384996096.000,0.001,26319,26311,2,6,62,14.980,73.720,26315,26595,1226,1222,0
181989,-0.130,0.036,-0.250,-0.236,0.048,-0.272,-0.595,0.397,0.590,0.373,1384996096.000,0.000,26454,26176,10,13,62,14.970,73.800,26455,26315,1272,1278,0
182089,-0.041,0.013,-0.910,-0.208,0.154,-0.143,-0.589,0.396,0.588,0.388,1516760832.000,0.000,27582,27495,10,6,62,14.970,73.800,26455,26315,1272,1278,0
182189,-0.008,-0.042,0.090,-0.162,0.173,-0.028,-0.590,0.394,0.581,0.398,1584996096.000,0.000,28123,28179,10,5,62,14.970,73.800,26455,26315,1272,1278,0
182289,-0.001,-0.076,-0.900,-0.256,0.011,0.042,-0.590,0.395,0.575,0.405,1384996096.000,0.000,26218,26412,9,14,62,14.970,73.560,26595,26881,1200,1134,0
182389,0.050,0.061,2.730,-0.204,-0.522,-0.134,-0.572,0.409,0.573,0.420,1384996096.000,-0.000,26443,26187,-18,24,62,14.970,73.560,26595,26881,1200,1134,0
182489,0.085,0.588,2.630,0.118,0.171,0.253,-0.578,0.408,0.580,0.405,1384996096.000,0.003,26114,26515,-10,17,62,14.970,73.560,26595,26881,1200,1134,0
182589,-0.025,0.619,1.580,0.561,0.033,0.229,-0.587,0.409,0.582,0.387,1384996096.000,0.006,26061,26567,-25,3,62,14.970,73.560,26595,26881,1200,1134,0
182689,-0.254,-0.012,-0.600,0.507,0.044,0.137,-0.608,0.400,0.582,0.363,1384996096.000,-0.000,26017,26611,-6,-6,62,15.010,73.960,25316,26881,1350,1326,0
182789,-0.271,-0.030,0.490,0.534,-0.064,0.101,-0.620,0.384,0.590,0.346,1384996096.000,-0.000,25922,26703,-12,-1,62,15.010,73.960,25316,26881,1350,1326,0
182889,-0.230,0.015,-2.880,0.753,-0.197,-0.361,-0.625,0.364,0.609,0.326,1384996096.000,0.000,26527,26102,-21,-5,62,15.010,73.960,25316,26881,1350,1326,0
182989,-0.150,0.024,-0.790,0.993,0.093,-0.203,-0.633,0.334,0.626,0.308,1384996096.000,0.000,26313,26318,-21,-21,62,15.010,73.960,25316,26881,1350,1326,0
183089,-0.137,-0.033,-0.590,0.961,0.121,-0.143,-0.653,0.300,0.636,0.281,1184996096.000,-0.000,24333,24349,-16,-17,62,15.190,74.810,24570,25252,1146,1124,0
183189,-0.077,-0.045,-0.910,0.819,-0.003,-0.144,-0.664,0.266,0.649,0.257,1184996096.000,-0.000,24346,24336,-15,-10,62,15.190,74.810,24570,25252,1146,1124,0
183289,-0.037,-0.070,-0.170,1.126,0.122,0.121,-0.677,0.231,0.660,0.230,1169996288.000,-0.000,23830,24538,-21,-25,62,15.190,74.810,24570,25252,1146,1124,0
183389,-0.060,-0.095,-0.810,1.134,0.004,0.067,-0.692,0.196,0.668,0.192,1164996352.000,-0.000,23907,24361,-24,-20,62,15.190,74.810,24570,25252,1146,1124,0
183489,-0.040,-0.087,-1.480,0.922,-0.112,-0.026,-0.699,0.162,0.678,0.160,1149996544.000,-0.000,23874,24084,-21,-11,62,15.130,75.290,24154,24038,1144,1172,0
183589,-0.002,-0.041,-0.980,0.744,-0.166,-0.122,-0.699,0.132,0.690,0.133,1134996736.000,0.000,23874,23770,-19,-6,62,15.130,75.290,24154,24038,1144,1172,0
183690,0.025,-0.017,-0.770,0.919,-0.080,0.029,-0.701,0.101,0.698,0.106,1114996992.000,0.000,23447,23775,-24,-15,62,15.130,75.290,24154,24038,1144,1172,0
183790,-0.003,0.017,0.190,1.001,-0.116,0.120,-0.701,0.072,0.705,0.071,1094997248.000,0.000,23116,23678,-28,-15,62,15.130,75.290,24154,24038,1144,1172,0
183890,-0.050,0.026,0.050,0.911,0.060,0.079,-0.703,0.048,0.709,0.038,1084997376.000,0.000,23056,23524,-20,-18,62,15.170,75.330,22988,23474,1124,1170,0
183990,-0.065,0.028,0.040,1.026,-0.212,-0.079,-0.704,0.016,0.710,0.005,1069997568.000,0.000,23102,23158,-34,-12,62,15.170,75.330,22988,23474,1124,1170,0
184090,-0.058,0.079,0.710,0.973,-0.019,-0.077,-0.697,-0.017,0.716,-0.027,1059997696.000,0.000,22961,23083,-25,-18,62,15.170,75.330,22988,23474,1124,1170,0
184190,-0.028,0.065,0.900,1.054,-0.021,-0.058,-0.697,-0.054,0.713,-0.058,1049997824.000,0.000,22802,23024,-30,-19,62,15.170,75.330,22988,23474,1124,1170,0
184290,-0.002,0.117,-0.850,1.123,-0.318,-0.096,-0.687,-0.094,0.715,-0.091,1044997888.000,-0.000,22772,22835,-42,-12,62,15.190,75.530,22935,22883,1088,1079,0
184390,0.072,0.162,-0.180,1.128,0.093,-0.351,-0.678,-0.137,0.713,-0.117,1024998144.000,-0.001,23052,22217,-30,-26,62,15.190,75.530,22935,22883,1088,1079,0
184490,0.126,0.127,0.180,1.097,0.082,-0.079,-0.675,-0.179,0.699,-0.151,1009998336.000,-0.001,22495,22449,-30,-21,62,15.190,75.530,22935,22883,1088,1079,0
184590,0.110,0.159,-0.560,1.231,-0.282,0.031,-0.661,-0.219,0.692,-0.190,994998528.000,-0.001,22237,22372,-47,-13,62,15.190,75.530,22935,22883,1088,1079,0
184691,0.061,0.195,0.340,1.109,0.138,0.118,-0.644,-0.255,0.684,-0.229,979998720.000,-0.001,21917,22353,-29,-24,62,15.210,75.690,22172,22123,1048,1095,0
184791,-0.042,0.096,1.040,0.937,0.338,0.214,-0.640,-0.275,0.664,-0.273,959998976.000,-0.000,21512,22299,-20,-25,62,15.210,75.690,22172,22123,1048,1095,0
184891,-0.108,0.077,0.210,0.897,-0.183,0.033,-0.626,-0.299,0.651,-0.308,944999168.000,0.000,21577,21896,-36,-10,62,15.210,75.690,22172,22123,1048,1095,0
184991,-0.151,0.148,-0.030,1.084,-0.153,-0.028,-0.598,-0.336,0.642,-0.343,934999296.000,0.000,21466,21776,-35,-21,62,15.210,75.690,22172,22123,1048,1095,0
185091,-0.155,0.033,-0.060,0.781,0.728,-0.042,-0.596,-0.354,0.617,-0.374,924999424.000,0.000,21306,21704,-2,-38,62,15.250,76.460,21276,21834,1030,1028,0
185190,-0.080,-0.028,0.520,0.801,-0.404,-0.282,-0.593,-0.377,0.595,-0.392,909999616.000,-0.000,21546,21114,-45,-4,62,15.250,76.460,21276,21834,1030,1028,0
185290,0.013,0.059,-0.380,0.762,0.036,-0.223,-0.573,-0.412,0.583,-0.402,894999808.000,-0.000,21308,21001,-21,-25,62,15.250,76.460,21276,21834,1030,1028,0
185390,0.085,-0.011,0.390,0.502,0.168,-0.218,-0.570,-0.430,0.559,-0.420,884999936.000,0.000,21299,20769,-16,-15,62,15.250,76.460,21276,21834,1030,1028,0
185490,0.174,0.015,-0.090,0.473,-0.151,-0.254,-0.563,-0.451,0.547,-0.425,875000064.000,-0.000,21343,20481,-28,-8,62,15.250,77.220,21276,20491,1056,983,0
185589,0.215,0.074,0.120,0.320,-0.086,0.047,-0.552,-0.469,0.541,-0.428,860000064.000,-0.001,20725,20748,-21,-8,62,15.250,77.220,21276,20491,1056,983,0
185689,0.190,0.048,0.690,0.297,0.218,-0.008,-0.546,-0.473,0.533,-0.440,845000064.000,-0.000,20760,20348,-13,-16,62,15.250,77.220,21276,20491,1056,983,0
185789,0.202,0.052,0.010,0.494,-0.138,0.101,-0.537,-0.486,0.522,-0.451,840000064.000,-0.001,20471,20516,-31,-10,62,15.250,77.220,21276,20491,1056,983,0
185889,0.168,0.098,0.360,0.652,-0.196,0.084,-0.517,-0.503,0.513,-0.465,830000064.000,-0.001,20416,20327,-36,-11,62,15.300,78.070,20408,20283,984,956,0
185989,0.134,0.193,-0.470,0.679,-0.141,0.000,-0.491,-0.525,0.507,-0.476,810000064.000,0.001,20301,19947,-35,-14,62,15.300,78.070,20408,20283,984,956,0
186089,0.152,0.107,-0.160,0.431,0.588,-0.121,-0.488,-0.531,0.486,-0.494,790000064.000,-0.000,20255,19487,-6,-28,62,15.300,78.070,20408,20283,984,956,0
186189,0.136,-0.013,0.270,0.491,0.221,0.114,-0.482,-0.533,0.462,-0.519,770000064.000,0.000,19592,19651,-21,-18,62,15.300,78.070,20408,20283,984,956,0
186289,0.080,0.020,-0.150,0.610,-0.234,0.240,-0.461,-0.546,0.453,-0.533,745000064.000,-0.000,19031,19566,-37,-11,62,15.360,78.670,19531,19455,910,914,0
186389,0.060,0.006,-0.420,0.424,0.236,-0.050,-0.447,-0.555,0.439,-0.547,740000064.000,-0.000,19490,18977,-14,-21,62,15.360,78.670,19531,19455,910,914,0
186489,0.076,0.004,-0.470,0.456,-0.280,-0.032,-0.437,-0.564,0.427,-0.555,725000064.000,0.000,19228,18849,-36,-6,62,15.360,78.670,19531,19455,910,914,0
186589,0.076,0.125,-0.140,0.544,-0.301,-0.011,-0.414,-0.586,0.421,-0.555,710000064.000,0.000,18996,18685,-37,-10,62,15.360,78.670,19531,19455,910,914,0
186689,0.048,0.120,-0.310,0.491,0.233,0.089,-0.397,-0.596,0.406,-0.568,700000064.000,0.000,18664,18753,-19,-22,62,15.370,78.790,19083,18726,857,870,0
186789,-0.001,0.056,-0.140,0.410,0.081,0.087,-0.383,-0.597,0.391,-0.586,695000064.000,0.000,18595,18688,-25,-14,62,15.370,78.790,19083,18726,857,870,0
186889,-0.037,0.035,0.000,0.432,0.041,0.067,-0.370,-0.601,0.380,-0.598,670000064.000,0.000,18246,18360,-27,-17,62,15.370,78.790,19083,18726,857,870,0
186989,-0.058,0.005,0.130,0.549,0.239,0.057,-0.354,-0.608,0.363,-0.612,660000064.000,0.000,18070,18261,-21,-27,62,15.380,78.750,18115,18518,831,821,0
187089,-0.091,-0.054,0.120,0.481,0.110,0.088,-0.338,-0.610,0.346,-0.628,650000064.000,-0.000,17837,18216,-22,-19,62,15.380,78.750,18115,18518,831,821,0
187189,-0.111,-0.085,0.100,0.416,0.108,0.138,-0.325,-0.612,0.333,-0.639,640000064.000,-0.000,17510,18259,-22,-21,62,15.380,78.750,18115,18518,831,821,0
187289,-0.170,-0.058,-0.160,0.523,-0.198,0.017,-0.304,-0.620,0.325,-0.646,620000064.000,-0.000,17475,17738,-34,-15,62,15.380,78.750,18115,18518,831,821,0
187389,-0.159,0.035,-0.140,0.459,-0.247,-0.037,-0.286,-0.638,0.315,-0.642,610000064.000,0.000,17328,17600,-33,-13,61,15.420,78.830,17421,17605,791,832,0
187489,-0.135,0.035,-0.490,0.390,0.174,-0.170,-0.276,-0.644,0.301,-0.647,595000064.000,0.000,17377,17118,-20,-23,61,15.420,78.830,17421,17605,791,832,0
187589,-0.099,-0.031,-0.030,0.232,0.042,-0.057,-0.271,-0.644,0.284,-0.657,585000064.000,-0.000,17016,17189,-21,-11,61,15.420,78.830,17421,17605,791,832,0
187689,-0.061,-0.004,0.270,0.111,-0.149,-0.080,-0.267,-0.650,0.277,-0.655,575000064.000,-0.000,16948,16964,-24,-6,61,15.420,78.830,17421,17605,791,832,0
187789,-0.042,0.015,-0.270,-0.039,0.098,0.131,-0.266,-0.654,0.274,-0.653,555000064.000,0.000,16209,17096,-12,-11,61,15.440,78.830,16891,16949,779,750,0
187889,-0.100,-0.060,0.260,0.159,0.209,0.161,-0.260,-0.646,0.271,-0.665,540000064.000,-0.000,15958,16892,-16,-18,61,15.440,78.830,16891,16949,779,750,0
187989,-0.121,-0.016,0.500,0.386,-0.486,0.166,-0.250,-0.652,0.268,-0.663,535000064.000,-0.000,15757,16933,-45,-6,61,15.440,78.830,16891,16949,779,750,0
188089,-0.177,0.058,0.760,0.646,0.160,0.000,-0.225,-0.665,0.260,-0.663,525000064.000,0.001,15957,16443,-27,-32,61,15.460,78.870,15974,16666,724,734,0
188189,-0.159,-0.050,-0.810,0.577,0.404,0.008,-0.212,-0.661,0.235,-0.681,505000064.000,-0.000,15502,16269,-19,-33,61,15.460,78.870,15974,16666,724,734,0
188289,-0.201,-0.098,-0.160,0.500,-0.138,0.090,-0.192,-0.660,0.219,-0.693,495000064.000,-0.001,15185,16261,-33,-15,61,15.460,78.870,15974,16666,724,734,0
188389,-0.190,-0.055,0.540,0.576,-0.149,-0.187,-0.174,-0.671,0.202,-0.692,480000064.000,-0.000,15525,15458,-34,-21,61,15.460,78.870,15974,16666,724,734,0
188489,-0.139,-0.031,0.050,0.711,-0.040,0.010,-0.154,-0.681,0.176,-0.694,475000064.000,-0.000,14925,15882,-35,-27,61,15.480,78.950,15243,15527,645,755,0
188589,-0.160,-0.024,-0.320,0.753,-0.077,0.049,-0.123,-0.688,0.150,-0.699,455000064.000,-0.000,14562,15587,-37,-25,61,15.480,78.950,15243,15527,645,755,0
188689,-0.168,-0.011,-0.650,0.768,-0.092,0.063,-0.095,-0.695,0.124,-0.702,440000064.000,-0.000,14200,15439,-38,-25,61,15.480,78.950,15243,15527,645,755,0
188789,-0.179,0.011,-0.170,0.600,-0.106,0.041,-0.068,-0.701,0.100,-0.703,425000064.000,0.000,13951,15178,-34,-19,61,15.480,78.950,15243,15527,645,755,0
188889,-0.191,0.031,0.340,0.439,-0.100,0.062,-0.049,-0.706,0.083,-0.702,420000064.000,0.000,13773,15176,-31,-16,61,15.510,79.030,13888,15197,632,679,0
188989,-0.188,0.041,0.230,0.244,0.061,-0.186,-0.039,-0.708,0.073,-0.701,405000064.000,0.000,14134,14326,-23,-18,61,15.510,79.030,13888,15197,632,679,0
189089,-0.147,0.017,0.430,0.687,0.042,-0.098,-0.029,-0.707,0.056,-0.705,390000064.000,0.000,13491,14422,-40,-32,61,15.510,79.030,13888,15197,632,679,0
189189,-0.129,-0.005,-0.440,0.743,0.191,-0.083,-0.005,-0.706,0.027,-0.708,375000064.000,-0.000,13297,14078,-31,-34,61,15.510,79.030,13888,15197,632,679,0
189289,-0.126,-0.068,-0.110,0.944,0.046,0.301,0.022,-0.699,0.001,-0.715,365000064.000,-0.000,11961,14897,-44,-37,60,15.550,79.880,13297,13850,583,628,0
189389,-0.218,-0.066,-0.470,1.011,-0.281,0.224,0.064,-0.699,-0.024,-0.712,355000064.000,-0.001,12054,14481,-53,-27,60,15.550,79.880,13297,13850,583,628,0
189489,-0.302,0.018,-0.440,0.916,-0.356,0.273,0.103,-0.707,-0.051,-0.697,335000064.000,0.000,11258,14431,-50,-23,60,15.550,79.880,13297,13850,583,628,0
189590,-0.391,0.089,0.190,0.763,-0.357,-0.037,0.141,-0.714,-0.076,-0.682,320000064.000,0.001,11772,13469,-47,-17,60,15.550,79.880,13297,13850,583,628,0
189690,-0.336,0.198,0.280,0.520,-0.317,-0.236,0.158,-0.722,-0.108,-0.665,310000064.000,0.002,11889,12986,-41,-11,60,15.570,81.050,11990,13297,544,563,0
189790,-0.282,0.202,0.320,-0.051,0.242,-0.034,0.161,-0.720,-0.121,-0.664,305000064.000,0.002,11162,13432,-12,-12,60,15.570,81.050,11990,13297,544,563,0
189890,-0.260,0.137,0.150,-0.623,0.070,-0.046,0.146,-0.715,-0.107,-0.675,280000064.000,0.001,10798,12783,-9,8,60,15.570,81.050,11990,13297,544,563,0
189990,-0.221,0.160,0.000,-0.946,-0.023,-0.167,0.117,-0.721,-0.083,-0.678,270000064.000,0.001,11088,12126,-5,14,60,15.570,81.050,11990,13297,544,563,0
190090,-0.127,0.169,0.000,-1.226,0.091,-0.261,0.073,-0.725,-0.054,-0.683,260000064.000,0.001,11256,11546,4,16,60,15.590,81.730,10964,12019,474,528,0
190190,-0.046,0.178,0.260,-1.293,-0.074,0.008,0.022,-0.728,-0.014,-0.685,250000064.000,0.000,10218,12066,-3,21,60,15.590,81.730,10964,12019,474,528,0
190290,-0.065,0.176,0.070,-1.210,0.072,0.273,-0.019,-0.727,0.032,-0.686,230000064.000,0.001,8871,12086,1,15,60,15.590,81.730,10964,12019,474,528,0
190390,-0.072,0.152,0.220,-1.332,0.110,0.047,-0.063,-0.720,0.080,-0.686,220000064.000,0.001,9566,11335,4,17,60,15.590,81.730,10964,12019,474,528,0
190490,-0.041,0.143,0.090,-1.176,0.044,-0.009,-0.107,-0.714,0.119,-0.682,210000064.000,0.000,9449,10987,-2,14,60,15.610,81.810,9765,10822,466,467,0
190590,-0.018,0.118,0.160,-1.030,0.080,-0.031,-0.145,-0.704,0.154,-0.678,200000064.000,0.000,9323,10634,-4,10,60,15.610,81.810,9765,10822,466,467,0
190691,-0.021,0.122,0.170,-0.864,-0.072,-0.048,-0.176,-0.696,0.190,-0.669,180000064.000,0.000,8803,10125,-12,10,60,15.610,81.810,9765,10822,466,467,0
190791,0.002,0.121,-0.050,-0.570,0.053,-0.014,-0.201,-0.690,0.208,-0.663,170000064.000,0.000,8406,9967,-14,0,60,15.610,81.810,9765,10822,466,467,0
190891,0.039,0.135,0.150,-0.346,-0.143,-0.057,-0.217,-0.689,0.220,-0.656,150000064.000,0.000,8028,9249,-24,3,60,15.650,81.850,8591,9225,370,413,0
190990,0.032,0.178,0.370,-0.171,-0.214,-0.054,-0.219,-0.691,0.227,-0.650,140000064.000,0.000,7699,8985,-29,3,60,15.650,81.850,8591,9225,370,413,0
191090,0.003,0.205,0.000,-0.142,-0.012,-0.038,-0.220,-0.692,0.235,-0.646,135000064.000,0.001,7417,8943,-22,-3,60,15.650,81.850,8591,9225,370,413,0
191190,0.025,0.175,0.050,-0.140,0.161,-0.023,-0.227,-0.688,0.236,-0.648,125000064.000,0.000,7078,8655,-17,-6,60,15.650,81.850,8591,9225,370,413,0
191290,0.010,0.140,0.360,-0.042,-0.023,0.121,-0.231,-0.682,0.240,-0.651,115000064.000,0.000,5829,9002,-27,-4,59,15.650,81.810,6596,8710,281,392,0
191389,-0.064,0.152,0.630,-0.033,0.067,0.211,-0.226,-0.681,0.248,-0.651,105000064.000,0.001,4819,9043,-22,-7,59,15.650,81.810,6596,8710,281,392,0
191489,-0.123,0.120,0.480,0.081,0.182,0.108,-0.222,-0.676,0.252,-0.656,90000064.000,0.001,4590,8303,-22,-14,59,15.650,81.810,6596,8710,281,392,0
191589,-0.166,0.026,1.160,0.531,0.349,0.016,-0.209,-0.669,0.239,-0.672,65000064.000,0.000,3568,7230,-29,-31,59,15.650,81.810,6596,8710,281,392,0
191689,-0.209,-0.026,0.230,0.699,0.108,0.129,-0.184,-0.670,0.217,-0.686,45000064.000,-0.000,0,7292,-36,-26,59,15.670,81.730,1965,7462,60,294,0
191789,-0.262,-0.061,0.260,0.714,0.113,0.156,-0.154,-0.672,0.195,-0.697,30000064.000,-0.001,0,6962,-33,-27,59,15.670,81.730,1965,7462,60,294,0
191889,-0.338,-0.097,0.370,0.523,0.121,0.127,-0.123,-0.673,0.177,-0.708,25000064.000,-0.001,0,6694,-24,-22,59,15.670,81.730,1965,7462,60,294,0
191989,-0.418,-0.131,0.400,0.143,0.090,0.221,-0.106,-0.670,0.172,-0.715,18200064.000,-0.002,0,7179,-16,-13,59,15.670,81.730,1965,7462,60,294,0
192089,-0.529,-0.138,0.060,-0.246,-0.044,0.270,-0.095,-0.667,0.180,-0.717,9200064.000,-0.003,0,7306,-10,1,59,15.700,81.930,305,1528,60,298,0
192189,-0.602,-0.124,-0.060,-0.584,0.103,0.059,-0.104,-0.662,0.202,-0.714,200064.000,-0.003,0,6167,0,1,59,15.700,81.930,305,1528,60,298,0
192289,-0.592,-0.142,-0.420,-0.733,0.287,0.021,-0.129,-0.653,0.222,-0.712,0.000,-0.003,0,6274,6,-3,59,15.700,81.930,305,1528,60,298,0
192389,-0.671,-0.172,-0.390,-0.834,0.151,0.254,-0.153,-0.637,0.255,-0.711,0.000,-0.004,0,7639,2,3,59,15.700,81.930,305,1528,60,298,0
192489,-0.775,-0.155,-0.230,-0.767,0.104,0.151,-0.171,-0.625,0.288,-0.705,0.000,-0.005,0,7199,0,1,59,15.710,81.850,305,305,60,298,0
192589,-0.803,-0.128,-0.180,-0.762,0.173,-0.038,-0.194,-0.616,0.315,-0.696,0.000,-0.004,0,6513,2,1,59,15.710,81.850,305,305,60,298,0
192689,-0.786,-0.131,-0.280,-0.662,0.151,-0.138,-0.221,-0.604,0.336,-0.688,0.000,-0.004,0,6095,-2,-1,59,15.710,81.850,305,305,60,298,0
192789,-0.742,-0.126,-0.350,-0.449,0.080,-0.287,-0.244,-0.597,0.350,-0.679,0.000,-0.003,0,5373,-8,-4,58,15.700,81.850,305,305,60,298,0
192889,-0.677,-0.103,-0.350,-0.292,-0.052,-0.281,-0.261,-0.596,0.357,-0.670,0.000,-0.003,0,5390,-15,-3,58,15.700,81.850,305,305,60,298,0
192989,-0.603,-0.068,-0.230,-0.031,-0.136,-0.153,-0.270,-0.600,0.359,-0.662,0.000,-0.002,0,5844,-23,-7,58,15.700,81.850,305,305,60,298,0
193089,-0.546,-0.021,-0.210,0.223,-0.211,-0.264,-0.269,-0.610,0.353,-0.657,0.000,-0.000,0,4535,-31,-10,58,15.700,81.850,305,305,60,298,0
193189,-0.400,0.030,-0.130,0.607,-0.318,-0.396,-0.264,-0.629,0.331,-0.652,0.000,0.000,0,3113,-44,-15,58,15.710,81.890,305,305,60,298,0
193289,-0.321,0.132,0.290,0.776,-0.526,-0.087,-0.243,-0.654,0.307,-0.647,0.000,0.002,0,5356,-54,-9,58,15.710,81.890,305,305,60,298,0
193389,-0.315,0.283,1.030,0.576,-0.652,-0.160,-0.215,-0.680,0.291,-0.638,0.000,0.005,0,4314,-50,4,58,15.710,81.890,305,305,60,298,0
193489,-0.298,0.419,0.580,0.398,-0.294,-0.081,-0.194,-0.703,0.276,-0.626,0.000,0.009,0,4867,-39,-1,58,15.720,81.930,305,305,60,298,0
193589,-0.266,0.519,0.410,0.072,-0.441,-0.223,-0.184,-0.718,0.267,-0.616,0.000,0.011,0,3504,-40,17,58,15.720,81.930,305,305,60,298,0
193689,-0.212,0.571,0.620,0.114,0.000,0.000,-0.183,-0.726,0.260,-0.609,0.000,0.011,0,5282,-33,1,58,15.720,81.930,305,305,60,298,0
193789,-0.250,0.581,0.250,0.078,-0.060,0.090,-0.177,-0.727,0.262,-0.609,0.000,0.012,0,5545,-36,6,58,15.720,81.930,305,305,60,298,0
193889,-0.284,0.592,-0.040,0.051,-0.021,0.033,-0.171,-0.728,0.262,-0.610,0.000,0.013,0,5218,-34,6,58,15.720,81.930,305,305,60,298,0
193989,-0.306,0.572,-0.010,0.006,0.016,0.054,-0.169,-0.726,0.262,-0.613,0.000,0.013,0,5472,-34,7,58,15.720,81.930,305,305,60,298,0
194089,-0.315,0.569,0.000,0.033,-0.047,-0.018,-0.168,-0.725,0.262,-0.614,0.000,0.013,0,5047,-37,8,58,15.720,81.930,305,305,60,298,0
194189,-0.298,0.572,0.130,0.001,0.004,-0.040,-0.169,-0.727,0.260,-0.613,0.000,0.013,0,4955,-35,7,58,15.720,81.930,305,305,60,298,0
194289,-0.291,0.558,-0.020,0.066,0.004,0.000,-0.170,-0.726,0.258,-0.615,0.000,0.012,0,5215,-38,6,57,15.740,81.970,305,305,60,298,0
194389,-0.281,0.591,0.000,0.016,-0.149,-0.062,-0.167,-0.730,0.255,-0.611,0.000,0.013,0,4747,-41,12,57,15.740,81.970,305,305,60,298,0
194489,-0.265,0.605,-0.060,0.007,0.039,0.026,-0.167,-0.733,0.254,-0.609,0.000,0.013,0,5337,-35,7,57,15.740,81.970,305,305,60,298,0
194589,-0.274,0.587,0.020,0.062,0.009,0.079,-0.166,-0.731,0.254,-0.612,0.000,0.013,0,5612,-40,7,57,15.740,81.970,305,305,60,298,0
