Timestamp,r_ref,q_ref,curr_ax,curr_roll_rate,curr_pitch_rate,curr_yaw_rate,curr_qw,curr_qx,curr_qy,curr_qz,thrust_ref,p_ref,omega_L_ref,omega_R_ref,servo_L_ref,servo_R_ref,Temperature,Voltage,Current,RPM2,RPM4,Throttle2,Throttle4,ErrorCodes
70887,-0.028,-0.124,0.330,0.202,-0.031,-0.169,-0.409,-0.568,0.396,-0.595,0.000,0.000,1255,0,-3,-7,0,0.000,0.000,0,0,0,0,0
70987,0.014,-0.148,0.170,0.250,0.024,0.000,-0.405,-0.573,0.384,-0.601,0.000,0.001,0,2849,-2,-8,0,0.000,0.000,0,0,0,0,0
71087,-0.036,-0.141,0.040,0.147,0.021,0.167,-0.396,-0.574,0.383,-0.606,0.000,0.001,0,4175,2,-6,0,0.000,0.000,0,0,0,0,0
71187,-0.060,-0.160,-0.190,0.319,0.072,-0.001,-0.388,-0.576,0.376,-0.613,0.000,0.000,0,2451,-3,-14,0,0.000,0.000,0,0,0,0,0
71287,-0.029,-0.194,-0.330,0.492,0.103,-0.050,-0.378,-0.582,0.359,-0.624,0.000,0.001,0,2031,-4,-18,0,0.000,0.000,305,305,0,0,0
71387,-0.001,-0.210,-0.050,0.198,0.012,-0.049,-0.371,-0.588,0.346,-0.630,0.000,0.001,0,1855,4,-6,0,0.000,0.000,305,305,0,0,0
71487,0.055,-0.197,-0.310,0.196,-0.023,-0.164,-0.369,-0.594,0.338,-0.630,0.000,0.002,2435,0,0,-9,0,0.000,0.000,305,305,0,0,0
71588,0.077,-0.193,-0.370,0.104,-0.039,0.028,-0.366,-0.598,0.331,-0.631,0.000,0.002,0,2394,3,-5,0,0.000,0.000,305,305,0,0,0
71688,0.064,-0.192,-0.100,0.028,0.034,0.100,-0.362,-0.599,0.330,-0.633,0.000,0.002,0,3042,7,-6,0,0.000,0.000,305,305,0,0,0
71788,0.021,-0.210,0.070,0.029,0.049,0.072,-0.360,-0.595,0.333,-0.637,0.000,0.002,0,2644,5,-8,0,0.000,0.000,305,305,0,0,0
71888,0.037,-0.210,0.020,-0.004,-0.030,-0.233,-0.361,-0.596,0.331,-0.636,0.000,0.002,3548,0,5,-5,0,0.000,0.000,305,305,0,0,0
71988,0.095,-0.197,0.270,-0.076,-0.047,-0.021,-0.366,-0.600,0.328,-0.632,0.000,0.002,0,1523,6,-3,0,0.000,0.000,305,305,0,0,0
72088,0.092,-0.176,0.090,-0.033,-0.108,0.064,-0.366,-0.601,0.331,-0.629,0.000,0.002,0,2337,3,-2,0,0.000,0.000,305,305,0,0,0
72188,0.069,-0.162,-0.450,-0.020,0.016,0.034,-0.364,-0.601,0.335,-0.628,0.000,0.001,0,1609,6,-6,0,0.000,0.000,305,305,0,0,0
72288,0.053,-0.165,-0.140,0.000,0.060,0.037,-0.363,-0.600,0.336,-0.629,0.000,0.001,0,1820,7,-8,0,0.000,0.000,305,305,0,0,0
72388,0.045,-0.179,0.260,0.034,0.009,0.019,-0.363,-0.598,0.336,-0.631,0.000,0.001,0,1681,4,-7,0,0.000,0.000,305,305,0,0,0
72488,0.031,-0.176,-0.030,0.024,-0.004,0.038,-0.361,-0.598,0.336,-0.632,0.000,0.001,0,2081,5,-7,30,15.500,79.030,305,305,0,0,0
72588,0.017,-0.174,-0.110,-0.026,-0.016,0.038,-0.359,-0.598,0.336,-0.633,0.000,0.001,0,2220,6,-5,30,15.500,79.030,305,305,0,0,0
72689,0.009,-0.177,-0.070,0.027,0.008,-0.019,-0.359,-0.598,0.337,-0.633,0.000,0.001,0,1233,5,-8,30,15.500,79.030,305,305,0,0,0
72789,0.016,-0.178,-0.040,0.000,0.046,-0.016,-0.359,-0.598,0.336,-0.633,0.000,0.001,0,1461,8,-8,30,15.500,79.030,305,305,0,0,0
72889,0.014,-0.181,0.030,0.002,-0.024,0.023,-0.359,-0.597,0.336,-0.633,0.000,0.001,0,2197,5,-6,30,15.500,79.030,305,305,0,0,0
72989,0.006,-0.182,0.030,-0.004,0.021,0.024,-0.359,-0.597,0.336,-0.634,0.000,0.001,0,2228,7,-7,30,15.500,79.030,305,305,0,0,0
73089,-0.007,-0.186,-0.020,-0.012,-0.007,0.021,-0.358,-0.596,0.338,-0.634,0.000,0.001,0,2192,6,-7,30,15.500,79.030,305,305,0,0,0
73189,-0.016,-0.189,-0.030,-0.019,0.017,-0.013,-0.359,-0.594,0.339,-0.635,0.000,0.001,0,1703,7,-8,30,15.500,79.030,305,305,0,0,0
73289,-0.006,-0.186,0.000,-0.009,-0.027,-0.003,-0.360,-0.595,0.339,-0.634,0.000,0.001,0,2103,6,-7,31,15.500,79.070,305,305,0,0,0
73389,-0.007,-0.189,-0.030,-0.006,0.010,0.030,-0.360,-0.594,0.339,-0.634,0.000,0.001,0,2528,7,-8,31,15.500,79.070,305,305,0,0,0
73489,-0.020,-0.197,-0.050,-0.002,-0.007,0.000,-0.360,-0.593,0.340,-0.635,0.000,0.001,0,2004,6,-8,31,15.500,79.070,305,305,0,0,0
73589,-0.015,-0.193,-0.030,0.040,-0.070,-0.011,-0.360,-0.593,0.340,-0.634,0.000,0.001,0,2035,3,-7,31,15.500,79.070,305,305,0,0,0
73690,-0.011,-0.188,-0.080,0.010,0.032,-0.016,-0.359,-0.595,0.339,-0.634,0.000,0.001,0,1894,9,-9,30,15.520,79.030,305,305,0,0,0
73790,-0.011,-0.193,-0.030,0.001,0.036,-0.010,-0.360,-0.594,0.339,-0.635,0.000,0.001,0,1962,9,-9,30,15.520,79.030,305,305,0,0,0
73890,-0.012,-0.190,-0.040,-0.008,0.022,0.021,-0.360,-0.594,0.339,-0.634,0.000,0.001,0,2502,9,-9,30,15.520,79.030,305,305,0,0,0
73990,-0.017,-0.197,0.050,-0.003,0.010,0.013,-0.360,-0.593,0.339,-0.635,0.000,0.001,0,2392,8,-9,30,15.520,79.030,305,305,0,0,0
74089,-0.028,-0.194,-0.010,-0.021,-0.036,0.037,-0.359,-0.593,0.341,-0.635,0.000,0.001,0,2757,7,-7,30,15.520,79.030,305,305,0,0,0
74190,-0.036,-0.196,-0.090,0.000,0.000,0.017,-0.359,-0.592,0.342,-0.635,0.000,0.001,0,2618,8,-9,30,15.520,79.030,305,305,0,0,0
74290,-0.033,-0.199,-0.030,0.000,-0.009,-0.016,-0.360,-0.592,0.341,-0.636,0.000,0.001,0,2251,8,-9,30,15.520,79.030,305,305,0,0,0
74390,-0.026,-0.197,-0.120,-0.007,0.004,-0.017,-0.360,-0.592,0.341,-0.635,0.000,0.001,0,2238,9,-9,30,15.520,79.030,305,305,0,0,0
74490,-0.024,-0.208,0.020,0.003,0.040,0.032,-0.361,-0.591,0.340,-0.636,0.000,0.001,0,2940,10,-10,30,15.520,79.030,305,305,0,0,0
74590,-0.023,-0.224,-0.010,0.036,0.020,-0.018,-0.361,-0.590,0.338,-0.638,0.000,0.001,0,2117,9,-11,30,15.520,79.030,305,305,0,0,0
74690,-0.019,-0.227,0.000,0.010,0.019,-0.006,-0.361,-0.590,0.338,-0.638,0.000,0.001,0,2392,10,-11,30,15.520,79.030,305,305,0,0,0
74791,-0.019,-0.232,0.070,-0.003,-0.006,-0.004,-0.361,-0.590,0.337,-0.639,0.000,0.002,0,2349,10,-10,30,15.520,79.030,305,305,0,0,0
74890,-0.019,-0.231,-0.070,-0.004,-0.029,0.004,-0.361,-0.590,0.338,-0.639,0.000,0.001,0,2509,9,-10,30,15.520,79.030,305,305,0,0,0
74990,-0.022,-0.224,-0.200,-0.023,-0.009,0.000,-0.361,-0.590,0.338,-0.638,0.000,0.001,0,2428,11,-10,30,15.520,79.030,305,305,0,0,0
75088,-0.022,-0.227,-0.030,-0.038,0.024,-0.001,-0.362,-0.590,0.339,-0.638,0.000,0.001,0,2472,12,-10,30,15.520,79.030,305,305,0,0,0
75187,-0.026,-0.229,0.050,-0.029,0.027,0.051,-0.363,-0.589,0.340,-0.638,0.000,0.001,0,3194,12,-11,30,15.520,79.030,305,305,0,0,0
75288,-0.044,-0.234,0.000,-0.031,-0.037,0.023,-0.363,-0.587,0.342,-0.638,0.000,0.001,0,2883,10,-9,30,15.530,79.030,305,305,0,0,0
75388,-0.058,-0.230,0.000,0.027,0.004,0.050,-0.361,-0.587,0.342,-0.639,0.000,0.001,0,3343,10,-12,30,15.530,79.030,305,305,0,0,0
75489,-0.064,-0.233,-0.030,0.026,-0.039,-0.002,-0.359,-0.587,0.342,-0.640,0.000,0.001,0,2840,9,-11,30,15.530,79.030,305,305,0,0,0
75633,-0.048,-0.220,-0.090,-0.006,-0.019,-0.060,-0.360,-0.589,0.341,-0.638,0.000,0.001,0,2128,11,-11,30,15.530,79.030,305,305,0,0,0
75858,-0.040,-0.221,0.000,0.004,0.036,0.003,-0.360,-0.589,0.341,-0.638,0.000,0.001,0,2872,12,-13,30,15.520,79.030,305,305,0,0,0
76079,-0.030,-0.225,0.010,0.013,-0.031,0.000,-0.361,-0.589,0.339,-0.638,0.000,0.001,0,2902,10,-12,31,15.520,79.030,305,305,0,0,0
76308,-0.027,-0.224,0.070,-0.013,0.041,-0.007,-0.362,-0.589,0.340,-0.638,0.000,0.001,0,2769,14,-14,31,15.520,79.030,305,305,0,0,0
76647,-0.042,-0.230,-0.030,-0.012,0.051,0.006,-0.362,-0.587,0.342,-0.638,0.000,0.001,0,3027,15,-15,31,15.520,79.030,305,305,0,0,0
76864,-0.039,-0.249,-0.010,-0.007,0.010,-0.020,-0.364,-0.585,0.340,-0.640,0.000,0.002,0,2763,14,-14,31,15.520,79.030,305,305,0,0,0
77067,-0.027,-0.263,0.000,-0.002,0.051,-0.008,-0.366,-0.584,0.339,-0.640,0.000,0.002,0,2972,16,-16,31,15.520,79.030,305,305,0,0,0
77071,-0.027,-0.263,0.000,-0.002,0.051,-0.008,-0.366,-0.584,0.339,-0.640,0.000,0.002,0,2972,16,-16,31,15.520,79.030,305,305,0,0,0
77078,-0.027,-0.265,-0.010,0.004,0.059,-0.008,-0.366,-0.584,0.339,-0.641,0.000,0.002,0,2976,16,-17,31,15.520,79.030,305,305,0,0,0
77082,-0.027,-0.265,-0.010,0.004,0.059,-0.008,-0.366,-0.584,0.339,-0.641,0.000,0.002,0,2976,16,-17,31,15.520,79.030,305,305,0,0,0
77088,-0.027,-0.267,-0.040,0.010,0.064,-0.010,-0.366,-0.584,0.339,-0.641,0.000,0.002,0,2934,16,-17,31,15.520,79.030,305,305,0,0,0
77092,-0.027,-0.267,-0.040,0.010,0.064,-0.010,-0.366,-0.584,0.339,-0.641,0.000,0.002,0,2934,16,-17,31,15.520,79.030,305,305,0,0,0
77098,-0.026,-0.269,-0.030,0.014,0.070,-0.012,-0.366,-0.584,0.339,-0.641,0.000,0.002,0,2897,16,-17,31,15.520,79.030,305,305,0,0,0
77101,-0.026,-0.269,-0.030,0.014,0.070,-0.012,-0.366,-0.584,0.339,-0.641,0.000,0.002,0,2897,16,-17,31,15.520,79.030,305,305,0,0,0
77107,-0.025,-0.271,-0.050,0.019,0.073,-0.014,-0.366,-0.583,0.338,-0.641,0.000,0.002,0,2861,16,-18,31,15.520,79.030,305,305,0,0,0
77111,-0.025,-0.271,-0.050,0.019,0.073,-0.014,-0.366,-0.583,0.338,-0.641,0.000,0.002,0,2861,16,-18,31,15.520,79.030,305,305,0,0,0
77187,-0.016,-0.283,-0.090,0.052,0.052,-0.030,-0.367,-0.583,0.336,-0.642,0.000,0.002,0,2601,15,-18,31,15.520,79.030,305,305,0,0,0
77287,-0.003,-0.298,-0.060,0.046,0.000,0.009,-0.367,-0.583,0.333,-0.644,0.000,0.003,0,3058,14,-16,31,15.520,79.030,305,305,0,0,0
77387,-0.011,-0.298,-0.040,0.014,0.036,0.006,-0.365,-0.583,0.332,-0.645,0.000,0.003,0,2877,17,-17,31,15.520,79.030,305,305,0,0,0
77487,-0.008,-0.294,-0.040,0.000,0.027,-0.018,-0.365,-0.584,0.332,-0.645,0.000,0.003,0,2635,17,-17,30,15.530,79.030,305,305,0,0,0
77587,0.002,-0.297,0.070,-0.014,0.024,-0.020,-0.366,-0.584,0.331,-0.645,0.000,0.003,0,2638,17,-17,30,15.530,79.030,305,305,0,0,0
77688,0.006,-0.304,-0.030,-0.011,-0.013,-0.006,-0.367,-0.583,0.330,-0.645,0.000,0.003,0,2764,16,-16,30,15.530,79.030,305,305,0,0,0
77787,0.008,-0.302,0.040,-0.028,-0.042,-0.006,-0.367,-0.583,0.331,-0.645,0.000,0.003,0,2722,16,-15,30,15.530,79.030,305,305,0,0,0
77888,0.008,-0.293,-0.040,-0.023,-0.020,0.016,-0.367,-0.584,0.332,-0.644,0.000,0.003,0,2949,17,-16,30,15.520,79.030,305,305,0,0,0
77987,0.004,-0.289,-0.050,-0.040,-0.054,0.007,-0.367,-0.584,0.333,-0.643,0.000,0.003,0,2860,16,-14,30,15.520,79.030,305,305,0,0,0
78087,-0.004,-0.278,-0.040,-0.039,-0.011,0.013,-0.367,-0.584,0.335,-0.641,0.000,0.002,0,2939,18,-16,30,15.520,79.030,305,305,0,0,0
78187,-0.004,-0.266,-0.070,-0.030,-0.067,0.000,-0.368,-0.585,0.337,-0.639,0.000,0.002,0,2873,15,-15,30,15.520,79.030,305,305,0,0,0
78287,-0.007,-0.253,-0.020,-0.044,-0.046,-0.006,-0.368,-0.585,0.340,-0.638,0.000,0.002,0,2762,16,-15,31,15.520,79.030,305,305,0,0,0
78388,-0.003,-0.238,-0.010,-0.030,-0.040,0.003,-0.369,-0.586,0.341,-0.635,0.000,0.002,0,2920,16,-15,31,15.520,79.030,305,305,0,0,0
78487,-0.006,-0.228,0.030,-0.039,-0.016,0.004,-0.369,-0.587,0.343,-0.634,0.000,0.002,0,2874,17,-16,31,15.520,79.030,305,305,0,0,0
78587,-0.003,-0.217,0.060,-0.148,-0.011,-0.017,-0.372,-0.586,0.346,-0.631,0.000,0.002,0,2584,20,-13,31,15.520,79.030,305,305,0,0,0
78687,0.019,-0.212,-0.110,-0.092,0.073,-0.102,-0.377,-0.586,0.348,-0.627,0.000,0.002,0,844,21,-17,31,15.520,79.030,305,305,0,0,0
78788,0.049,-0.223,-0.030,-0.042,-0.042,0.029,-0.381,-0.585,0.347,-0.626,0.000,0.002,0,3160,16,-14,31,15.520,79.030,305,305,0,0,0
78887,0.015,-0.224,-0.080,-0.069,0.052,0.118,-0.381,-0.582,0.351,-0.626,0.000,0.002,0,3756,20,-17,31,15.520,79.030,305,305,0,0,0
78987,-0.033,-0.221,0.050,-0.041,-0.041,0.083,-0.379,-0.580,0.357,-0.627,0.000,0.001,0,3561,16,-15,30,15.520,79.030,305,305,0,0,0
79087,-0.073,-0.209,-0.040,0.014,0.017,0.126,-0.375,-0.579,0.360,-0.628,0.000,0.001,0,4249,17,-18,30,15.520,79.030,305,305,0,0,0
79187,-0.112,-0.227,-0.060,0.076,0.024,0.102,-0.372,-0.576,0.361,-0.632,0.000,0.001,0,4289,15,-20,30,15.520,79.030,305,305,0,0,0
79287,-0.112,-0.172,0.040,0.078,-0.270,-0.092,-0.367,-0.583,0.363,-0.628,0.000,0.000,0,2532,7,-11,30,15.520,79.030,305,305,0,0,0
79387,-0.075,-0.143,-0.160,-0.033,0.187,-0.078,-0.367,-0.588,0.361,-0.624,0.000,0.000,0,2844,25,-21,31,15.520,79.030,305,305,0,0,0
79487,-0.058,-0.208,-0.290,-0.233,0.220,-0.013,-0.378,-0.579,0.361,-0.626,0.000,0.001,0,3388,28,-16,31,15.520,79.030,305,305,0,0,0
79587,-0.031,-0.218,0.140,0.106,-0.004,-0.092,-0.382,-0.578,0.360,-0.625,0.000,0.001,0,2381,12,-22,31,15.520,79.030,305,305,0,0,0
79687,0.001,-0.227,0.000,-0.062,0.103,-0.068,-0.384,-0.579,0.356,-0.625,0.000,0.002,0,2517,24,-19,31,15.520,79.030,305,305,0,0,0
79787,-0.022,-0.277,0.400,-0.231,0.176,0.167,-0.391,-0.570,0.360,-0.627,0.000,0.002,0,4810,30,-18,31,15.520,79.070,305,305,0,0,0
79887,-0.100,-0.266,0.240,0.120,-0.223,0.141,-0.386,-0.566,0.368,-0.629,0.000,0.001,0,4572,7,-17,31,15.520,79.070,305,305,0,0,0
79987,-0.101,-0.173,-0.210,0.328,-0.467,-0.120,-0.373,-0.580,0.367,-0.624,0.000,0.000,0,2273,-4,-14,31,15.520,79.070,305,305,0,0,0
80087,-0.039,-0.081,-0.300,0.239,-0.224,-0.161,-0.363,-0.598,0.360,-0.618,0.000,0.000,0,1792,8,-16,31,15.520,79.070,305,305,0,0,0
80187,0.008,-0.045,-0.540,-0.179,-0.031,-0.144,-0.364,-0.604,0.358,-0.612,0.000,0.000,0,1450,23,-8,31,15.520,79.070,305,305,0,0,0
80287,0.103,-0.060,-0.480,-0.389,0.016,-0.268,-0.382,-0.601,0.359,-0.604,0.000,0.000,2963,0,26,-6,31,15.520,79.070,305,305,0,0,0
80387,0.149,-0.072,0.000,-0.304,-0.059,-0.016,-0.396,-0.596,0.365,-0.596,0.000,0.001,0,2291,19,-7,31,15.520,79.070,305,305,0,0,0
80487,0.127,-0.058,-0.230,-0.348,0.011,0.121,-0.403,-0.590,0.377,-0.589,0.000,0.000,0,3450,24,-9,31,15.520,79.070,305,305,0,0,0
80587,0.062,-0.118,-0.210,-0.059,0.393,0.186,-0.409,-0.577,0.384,-0.594,0.000,0.001,0,4053,27,-30,31,15.510,79.030,305,305,0,0,0
80687,0.017,-0.186,0.190,0.006,0.082,0.038,-0.410,-0.568,0.383,-0.602,0.000,0.001,0,2696,18,-19,31,15.510,79.030,305,305,0,0,0
80787,0.028,-0.190,0.350,-0.133,0.039,-0.039,-0.414,-0.566,0.384,-0.600,0.000,0.002,0,2229,23,-15,31,15.510,79.030,305,305,0,0,0
80887,0.018,-0.172,0.280,-0.086,-0.143,0.070,-0.413,-0.567,0.388,-0.598,0.000,0.001,0,3640,17,-11,31,15.510,79.030,305,305,0,0,0
80987,-0.016,-0.139,-0.070,-0.017,-0.119,-0.046,-0.410,-0.567,0.394,-0.596,0.000,0.001,0,2252,15,-15,30,15.520,79.030,305,305,0,0,0
81087,-0.006,-0.102,-0.140,-0.054,-0.064,-0.002,-0.411,-0.570,0.398,-0.590,0.000,0.000,0,3023,18,-15,30,15.520,79.030,305,305,0,0,0
81187,-0.031,-0.120,-0.290,-0.037,0.108,0.069,-0.412,-0.566,0.400,-0.592,0.000,0.000,0,3725,22,-20,30,15.520,79.030,305,305,0,0,0
81287,-0.025,-0.140,-0.020,0.167,0.018,-0.030,-0.411,-0.566,0.396,-0.595,0.000,0.001,0,2722,13,-22,30,15.520,79.030,305,305,0,0,0
81387,0.012,-0.122,-0.230,0.273,-0.058,-0.081,-0.405,-0.574,0.387,-0.597,0.000,0.001,0,1604,10,-21,30,15.520,79.030,305,305,0,0,0
81487,0.039,-0.071,-0.080,0.221,-0.196,-0.017,-0.397,-0.585,0.382,-0.595,0.000,0.000,0,2631,8,-15,30,15.520,79.030,305,305,0,0,0
81587,-0.016,-0.012,-0.080,0.111,-0.144,0.287,-0.384,-0.591,0.385,-0.595,0.000,-0.000,0,5382,12,-14,30,15.520,79.030,305,305,0,0,0
81687,-0.129,0.032,-0.030,-0.136,-0.173,0.201,-0.373,-0.590,0.396,-0.596,0.000,0.000,0,4796,16,-4,30,15.520,79.030,305,305,0,0,0
81787,-0.097,0.054,0.470,0.051,0.034,-0.228,-0.375,-0.594,0.396,-0.592,0.000,0.000,1795,0,15,-18,30,15.520,79.030,305,305,0,0,0
81887,-0.017,0.049,0.610,0.051,-0.018,-0.179,-0.379,-0.598,0.388,-0.590,0.000,0.000,0,1211,13,-14,31,15.510,79.030,305,305,0,0,0
81987,0.026,0.049,0.060,0.233,-0.029,-0.009,-0.377,-0.603,0.380,-0.591,0.000,0.000,0,3378,7,-19,31,15.510,79.030,305,305,0,0,0
82087,-0.007,0.026,0.100,0.427,-0.012,0.169,-0.366,-0.606,0.370,-0.602,0.000,0.000,0,4544,4,-24,31,15.510,79.030,305,305,0,0,0
82187,-0.056,0.036,-0.170,0.319,-0.137,0.171,-0.352,-0.611,0.365,-0.608,0.000,0.000,0,4675,3,-17,31,15.510,79.030,305,305,0,0,0
82287,-0.099,0.011,-0.190,0.586,0.199,0.118,-0.333,-0.616,0.349,-0.622,0.000,0.000,0,4570,8,-34,31,15.510,79.030,305,305,0,0,0
82387,-0.113,0.001,-0.150,0.226,-0.013,-0.006,-0.322,-0.620,0.339,-0.630,0.000,0.000,0,3758,12,-16,31,15.510,79.030,305,305,0,0,0
82487,-0.126,-0.001,-0.260,0.079,0.032,0.070,-0.316,-0.622,0.336,-0.633,0.000,-0.000,0,4613,16,-16,31,15.510,79.030,305,305,0,0,0
82587,-0.127,0.015,-0.280,-0.237,-0.056,-0.077,-0.318,-0.622,0.339,-0.630,0.000,0.000,0,3297,21,-5,31,15.520,79.030,305,305,0,0,0
82687,-0.111,0.015,-0.120,-0.626,-0.008,0.001,-0.332,-0.616,0.351,-0.622,0.000,0.000,0,4262,30,3,31,15.520,79.030,305,305,0,0,0
82787,-0.093,0.026,0.040,-0.260,-0.054,-0.121,-0.348,-0.609,0.365,-0.612,0.000,0.000,0,2893,14,-11,31,15.520,79.030,305,305,0,0,0
82887,-0.048,-0.004,0.050,-0.298,0.339,-0.040,-0.361,-0.604,0.367,-0.609,0.000,0.000,0,3801,32,-20,31,15.520,79.030,305,305,0,0,0
82987,-0.043,-0.130,0.120,-0.268,0.219,-0.003,-0.377,-0.586,0.367,-0.616,0.000,0.000,0,3907,26,-15,30,15.520,79.030,305,305,0,0,0
83087,-0.035,-0.131,-0.160,-0.226,0.189,-0.087,-0.385,-0.582,0.374,-0.611,0.000,0.000,0,2884,28,-20,30,15.520,79.030,305,305,0,0,0
83187,0.038,-0.217,-0.230,-0.061,0.163,-0.242,-0.399,-0.574,0.366,-0.614,0.000,0.002,1869,0,22,-22,30,15.520,79.030,305,305,0,0,0
83287,0.092,-0.254,-0.460,0.096,0.168,0.029,-0.406,-0.573,0.360,-0.614,0.000,0.003,0,3837,21,-29,30,15.510,79.030,305,305,0,0,0
83387,0.031,-0.278,-0.290,0.366,-0.084,0.124,-0.396,-0.571,0.357,-0.624,0.000,0.003,0,4331,8,-29,30,15.510,79.030,305,305,0,0,0
83487,0.020,-0.248,0.100,0.254,-0.178,0.037,-0.382,-0.581,0.348,-0.629,0.000,0.002,0,3442,13,-18,30,15.510,79.030,305,305,0,0,0
83587,-0.025,-0.208,0.120,0.182,-0.019,0.096,-0.374,-0.584,0.353,-0.628,0.000,0.001,0,4129,16,-27,30,15.510,79.030,305,305,0,0,0
83687,0.029,-0.204,0.030,0.332,-0.052,-0.230,-0.367,-0.593,0.339,-0.632,0.000,0.002,2382,0,12,-26,31,15.510,79.030,305,305,0,0,0
83787,0.084,-0.231,0.080,0.287,0.253,-0.008,-0.365,-0.596,0.325,-0.637,0.000,0.002,0,3219,23,-35,31,15.510,79.030,305,305,0,0,0
83887,0.109,-0.291,0.160,0.176,-0.063,-0.028,-0.364,-0.594,0.314,-0.645,0.000,0.004,0,2224,16,-22,31,15.510,79.030,305,305,0,0,0
83987,0.115,-0.267,-0.090,0.082,-0.088,0.046,-0.358,-0.599,0.310,-0.645,0.000,0.003,0,3027,19,-21,31,15.510,79.030,305,305,0,0,0
84087,0.100,-0.268,-0.480,0.018,-0.037,0.020,-0.355,-0.600,0.309,-0.647,0.000,0.003,0,2548,21,-21,30,15.510,79.030,305,305,0,0,0
84187,0.106,-0.262,-0.570,-0.002,0.019,-0.023,-0.354,-0.601,0.309,-0.647,0.000,0.003,0,1937,23,-23,30,15.510,79.030,305,305,0,0,0
84287,0.106,-0.276,-0.430,-0.120,0.206,-0.022,-0.358,-0.598,0.311,-0.646,0.000,0.004,0,1819,32,-27,30,15.510,79.030,305,305,0,0,0
84387,0.119,-0.291,0.220,-0.054,0.122,0.000,-0.361,-0.596,0.310,-0.647,0.000,0.004,0,2223,29,-27,30,15.520,79.030,305,305,0,0,0
84487,0.116,-0.348,-0.040,-0.086,0.157,-0.064,-0.366,-0.589,0.309,-0.651,0.000,0.005,1074,0,30,-27,30,15.520,79.030,305,305,0,0,0
84587,0.182,-0.431,-0.140,0.117,0.257,-0.212,-0.376,-0.582,0.300,-0.656,0.000,0.009,3461,0,27,-38,30,15.520,79.030,305,305,0,0,0
84688,0.213,-0.471,1.400,0.053,0.244,0.260,-0.377,-0.580,0.291,-0.661,0.000,0.011,0,4446,34,-36,30,15.520,79.030,305,305,0,0,0
84787,0.037,-0.576,0.200,0.028,0.262,0.621,-0.367,-0.562,0.297,-0.679,0.000,0.011,0,6552,35,-37,31,15.520,79.030,305,305,0,0,0
84887,-0.182,-0.573,-0.330,0.122,-0.319,0.468,-0.345,-0.555,0.311,-0.690,0.000,0.005,0,6126,16,-24,31,15.520,79.030,305,305,0,0,0
84987,-0.315,-0.446,-0.320,0.129,-0.481,0.297,-0.323,-0.566,0.324,-0.685,0.000,-0.000,0,6060,13,-21,31,15.520,79.030,305,305,0,0,0
85087,-0.372,-0.364,0.200,0.128,-0.199,0.119,-0.310,-0.575,0.329,-0.682,0.000,-0.002,0,5690,21,-28,31,15.520,79.030,305,305,0,0,0
85187,-0.397,-0.341,-0.140,0.062,0.003,0.041,-0.304,-0.578,0.331,-0.681,0.000,-0.002,0,5620,27,-30,30,15.510,79.030,305,305,0,0,0
85287,-0.373,-0.359,0.090,-0.054,0.039,-0.159,-0.308,-0.576,0.329,-0.682,0.000,-0.002,0,4427,30,-28,30,15.510,79.030,305,305,0,0,0
85387,-0.325,-0.355,0.080,-0.069,-0.003,-0.106,-0.314,-0.578,0.327,-0.679,0.000,-0.001,0,4827,29,-27,30,15.510,79.030,305,305,0,0,0
85487,-0.339,-0.346,0.090,-0.044,-0.044,0.074,-0.314,-0.578,0.330,-0.678,0.000,-0.001,0,5836,27,-26,30,15.510,79.030,305,305,0,0,0
85587,-0.358,-0.328,-0.080,-0.049,-0.052,-0.091,-0.311,-0.579,0.332,-0.677,0.000,-0.002,0,4601,28,-26,31,15.510,79.030,305,305,0,0,0
85687,-0.317,-0.316,-0.120,0.026,-0.046,-0.114,-0.313,-0.582,0.329,-0.674,0.000,-0.001,0,4567,26,-28,31,15.510,79.030,305,305,0,0,0
85787,-0.296,-0.305,-0.250,-0.040,-0.019,0.002,-0.314,-0.585,0.328,-0.672,0.000,-0.001,0,5325,29,-26,31,15.510,79.030,305,305,0,0,0
85887,-0.310,-0.314,-0.350,-0.137,0.094,-0.050,-0.316,-0.582,0.331,-0.673,0.000,-0.001,0,4822,35,-28,31,15.510,79.030,305,305,0,0,0
85987,-0.266,-0.358,-0.240,-0.103,0.191,-0.162,-0.326,-0.577,0.329,-0.673,0.000,-0.000,0,4018,36,-33,31,15.500,79.030,305,305,0,0,0
86087,-0.224,-0.390,-0.310,0.024,-0.028,-0.057,-0.333,-0.574,0.325,-0.674,0.000,0.001,0,4768,26,-30,31,15.500,79.030,305,305,0,0,0
86187,-0.203,-0.326,-0.190,0.036,-0.294,-0.049,-0.331,-0.582,0.327,-0.667,0.000,0.000,0,4589,19,-23,31,15.500,79.030,305,305,0,0,0
86287,-0.203,-0.253,-0.170,0.088,-0.198,0.047,-0.326,-0.591,0.330,-0.660,0.000,-0.000,0,5179,20,-27,31,15.500,79.030,305,305,0,0,0
86387,-0.219,-0.215,0.040,0.158,-0.128,0.052,-0.319,-0.596,0.330,-0.659,0.000,-0.001,0,5135,20,-29,31,15.510,79.030,305,305,0,0,0
86487,-0.236,-0.166,0.310,0.213,-0.172,0.016,-0.309,-0.604,0.329,-0.657,0.000,-0.001,0,4882,17,-28,31,15.510,79.030,305,305,0,0,0
86587,-0.205,-0.146,0.220,0.248,0.020,-0.142,-0.303,-0.611,0.320,-0.658,0.000,-0.001,0,3648,21,-34,31,15.510,79.030,305,305,0,0,0
86687,-0.144,-0.180,-0.060,0.252,0.130,-0.103,-0.302,-0.613,0.307,-0.662,0.000,-0.000,0,4073,24,-37,31,15.510,79.030,305,305,0,0,0
86787,-0.129,-0.182,0.110,0.313,-0.158,0.011,-0.294,-0.617,0.297,-0.666,0.000,-0.000,0,4705,13,-29,30,15.510,79.030,305,305,0,0,0
86887,-0.107,-0.141,-0.250,0.270,-0.031,-0.066,-0.285,-0.627,0.288,-0.665,0.000,-0.000,0,3942,21,-33,30,15.510,79.030,305,305,0,0,0
86987,-0.069,-0.152,-0.220,0.001,0.036,-0.054,-0.285,-0.629,0.282,-0.666,0.000,0.000,0,4059,28,-27,30,15.510,79.030,305,305,0,0,0
87087,-0.079,-0.143,-0.070,-0.061,-0.087,0.117,-0.287,-0.628,0.286,-0.664,0.000,0.000,0,5260,24,-23,30,15.510,79.030,305,305,0,0,0
87187,-0.109,-0.116,0.120,-0.047,-0.058,-0.002,-0.285,-0.629,0.291,-0.662,0.000,-0.000,0,4171,24,-25,31,15.510,79.030,305,305,0,0,0
87287,-0.096,-0.111,0.010,-0.174,0.046,-0.196,-0.289,-0.629,0.294,-0.660,0.000,-0.000,0,2530,31,-24,31,15.510,79.030,305,305,0,0,0
87387,-0.032,-0.143,0.290,-0.142,0.189,-0.182,-0.300,-0.625,0.291,-0.658,0.000,0.000,0,2524,34,-30,31,15.510,79.030,305,305,0,0,0
87487,0.018,-0.206,0.460,-0.064,0.220,-0.122,-0.310,-0.619,0.287,-0.662,0.000,0.001,0,2785,33,-33,31,15.510,79.030,305,305,0,0,0
87587,0.025,-0.246,0.380,0.018,0.120,0.012,-0.313,-0.615,0.285,-0.666,0.000,0.002,0,3859,29,-34,31,15.510,79.030,305,305,0,0,0
87687,0.063,-0.307,-0.530,0.019,0.309,-0.277,-0.318,-0.610,0.277,-0.671,0.000,0.003,3005,0,38,-40,31,15.510,79.030,305,305,0,0,0
87787,0.200,-0.394,-0.530,0.126,0.294,-0.319,-0.331,-0.605,0.260,-0.675,0.000,0.007,3570,0,35,-44,31,15.510,79.030,305,305,0,0,0
87887,0.325,-0.480,-0.730,0.157,0.268,-0.273,-0.341,-0.601,0.242,-0.681,0.000,0.012,4042,0,36,-45,31,15.510,79.030,305,305,0,0,0
87987,0.442,-0.521,-0.570,0.067,0.117,-0.236,-0.349,-0.601,0.227,-0.682,0.000,0.016,4511,0,37,-40,31,15.510,79.030,305,305,0,0,0
88087,0.550,-0.578,-0.670,-0.100,0.317,-0.306,-0.361,-0.597,0.217,-0.683,0.000,0.022,5734,0,50,-44,31,15.510,79.030,305,305,0,0,0
88187,0.637,-0.668,0.000,-0.090,0.171,-0.096,-0.375,-0.587,0.207,-0.687,0.000,0.029,4856,0,44,-41,31,15.510,79.030,305,305,0,0,0
88287,0.655,-0.699,0.160,-0.066,-0.041,0.113,-0.380,-0.583,0.206,-0.688,0.000,0.032,4130,0,40,-39,31,15.510,79.030,305,305,0,0,0
88387,0.584,-0.696,0.740,-0.038,0.007,0.181,-0.376,-0.581,0.213,-0.690,0.000,0.030,3923,0,42,-42,31,15.510,79.030,305,305,0,0,0
88487,0.524,-0.709,0.450,-0.073,0.097,0.117,-0.373,-0.577,0.219,-0.693,0.000,0.029,4392,0,47,-45,31,15.510,79.030,305,305,0,0,0
88587,0.492,-0.752,-0.130,-0.117,0.054,0.046,-0.375,-0.570,0.221,-0.697,0.000,0.030,4807,0,47,-42,31,15.510,79.030,305,305,0,0,0
88687,0.462,-0.769,0.070,-0.061,0.088,0.032,-0.376,-0.566,0.225,-0.698,0.000,0.031,4906,0,48,-47,31,15.510,79.030,305,305,0,0,0
88787,0.452,-0.784,0.050,-0.034,0.087,0.021,-0.377,-0.563,0.226,-0.700,0.000,0.031,4993,0,49,-48,31,15.510,79.030,305,305,0,0,0
88887,0.433,-0.809,-0.140,0.000,0.081,0.057,-0.377,-0.559,0.226,-0.703,0.000,0.032,4839,0,48,-50,31,15.510,79.030,305,305,0,0,0
88987,0.426,-0.824,-0.110,-0.021,-0.020,-0.001,-0.377,-0.557,0.226,-0.704,0.000,0.033,5315,0,47,-46,31,15.510,79.030,305,305,0,0,0
89087,0.421,-0.827,0.060,-0.039,0.009,-0.004,-0.378,-0.556,0.227,-0.704,0.000,0.033,5437,0,50,-48,30,15.510,79.030,305,305,0,0,0
89187,0.405,-0.831,0.130,-0.013,0.024,0.036,-0.378,-0.555,0.229,-0.705,0.000,0.033,5288,0,50,-50,30,15.510,79.030,305,305,0,0,0
89287,0.396,-0.840,-0.080,0.007,0.028,0.009,-0.378,-0.554,0.229,-0.706,0.000,0.033,5538,0,50,-51,30,15.510,79.030,305,305,0,0,0
89387,0.401,-0.846,-0.100,-0.019,0.042,-0.023,-0.379,-0.553,0.229,-0.706,0.000,0.034,5709,0,53,-51,30,15.510,79.030,305,305,0,0,0
89487,0.398,-0.846,0.230,-0.010,-0.024,0.003,-0.379,-0.553,0.229,-0.706,0.000,0.033,5572,0,51,-50,31,15.520,79.030,305,305,0,0,0
89587,0.387,-0.856,0.140,0.033,0.088,0.043,-0.377,-0.551,0.229,-0.708,0.000,0.034,5318,0,54,-56,31,15.520,79.030,305,305,0,0,0
89688,0.393,-0.871,-0.020,0.022,0.052,0.001,-0.377,-0.550,0.227,-0.710,0.000,0.035,5542,0,54,-55,31,15.520,79.030,305,305,0,0,0
89788,0.396,-0.877,0.050,-0.028,-0.026,-0.040,-0.378,-0.549,0.226,-0.710,0.000,0.035,5826,0,54,-52,31,15.530,79.030,305,305,0,0,0
89888,0.400,-0.880,-0.070,-0.002,0.010,-0.001,-0.379,-0.549,0.226,-0.710,0.000,0.036,5540,0,55,-55,31,15.530,79.030,305,305,0,0,0
89988,0.403,-0.882,-0.100,-0.014,-0.013,0.007,-0.379,-0.549,0.226,-0.710,0.000,0.036,5506,0,55,-54,31,15.530,79.030,305,305,0,0,0
90088,0.394,-0.877,-0.180,-0.073,-0.102,-0.016,-0.379,-0.549,0.227,-0.709,0.000,0.035,5669,0,55,-50,31,15.530,79.030,305,305,0,0,0
90188,0.385,-0.842,0.070,-0.190,-0.254,-0.077,-0.381,-0.552,0.234,-0.704,0.000,0.033,5972,0,54,-43,31,15.520,79.030,305,305,0,0,0
90288,0.397,-0.766,-0.010,-0.353,-0.361,-0.112,-0.389,-0.558,0.245,-0.691,0.000,0.029,5982,0,54,-36,31,15.520,79.030,305,305,0,0,0
90388,0.375,-0.649,0.120,-0.506,-0.492,-0.037,-0.396,-0.566,0.266,-0.672,0.000,0.023,5501,0,53,-28,31,15.520,79.030,305,305,0,0,0
90488,0.343,-0.544,0.060,-0.576,-0.341,-0.046,-0.406,-0.570,0.290,-0.653,0.000,0.017,5477,0,57,-30,31,15.520,79.030,305,305,0,0,0
90588,0.312,-0.458,-0.530,-0.712,-0.314,-0.064,-0.419,-0.569,0.315,-0.633,0.000,0.013,5562,0,59,-25,31,15.520,79.070,305,305,0,0,0
90688,0.294,-0.360,-0.320,-0.986,-0.440,-0.117,-0.435,-0.566,0.345,-0.609,0.000,0.009,5770,0,61,-12,31,15.520,79.070,305,305,0,0,0
90789,0.259,-0.258,-0.290,-1.150,-0.458,-0.028,-0.457,-0.556,0.384,-0.578,0.000,0.006,5120,0,61,-7,31,15.520,79.070,305,305,0,0,0
90889,0.251,-0.139,-0.010,-1.166,-0.423,-0.081,-0.480,-0.545,0.424,-0.541,0.000,0.002,5373,0,59,-7,31,15.520,79.070,305,305,0,0,0
90989,0.245,-0.051,0.140,-1.216,-0.318,-0.079,-0.501,-0.528,0.462,-0.507,0.000,0.001,5479,0,62,-6,31,15.510,79.030,305,305,0,0,0
91089,0.311,0.000,0.020,-1.314,-0.209,-0.102,-0.531,-0.507,0.493,-0.467,0.000,-0.000,5757,0,66,-4,31,15.510,79.030,305,305,0,0,0
91189,0.349,0.021,-0.280,-1.320,-0.117,0.061,-0.560,-0.478,0.524,-0.428,0.000,-0.000,4870,0,67,-7,31,15.510,79.030,305,305,0,0,0
91289,0.341,0.014,-0.360,-1.248,-0.037,0.049,-0.586,-0.443,0.554,-0.392,0.000,-0.000,5135,0,67,-10,31,15.520,79.030,305,305,0,0,0
91389,0.317,-0.012,-0.300,-0.977,-0.099,0.097,-0.608,-0.409,0.575,-0.364,0.000,0.000,4750,0,58,-14,31,15.520,79.030,305,305,0,0,0
91489,0.272,0.012,0.140,-0.652,-0.169,0.124,-0.618,-0.383,0.596,-0.340,0.000,-0.000,4412,0,49,-20,31,15.520,79.030,305,305,0,0,0
91589,0.267,0.069,0.650,-0.516,-0.144,-0.016,-0.622,-0.368,0.613,-0.319,0.000,-0.001,5272,0,49,-21,31,15.520,79.030,305,305,0,0,0
91689,0.290,0.017,-0.250,-0.368,0.329,-0.093,-0.635,-0.354,0.615,-0.306,0.000,-0.000,5728,0,60,-37,31,15.520,79.030,305,305,0,0,0
91789,0.318,-0.029,0.150,-0.153,0.000,0.000,-0.645,-0.345,0.613,-0.298,0.000,0.000,5074,0,44,-31,31,15.520,79.030,305,305,0,0,0
91890,0.345,-0.048,0.100,-0.200,0.053,-0.048,-0.651,-0.341,0.613,-0.291,0.000,0.001,5489,0,51,-30,31,15.520,79.030,305,305,0,0,0
91990,0.319,-0.041,-0.250,-0.193,-0.110,-0.046,-0.651,-0.334,0.618,-0.288,0.000,0.000,5724,0,47,-25,31,15.520,79.030,305,305,0,0,0
92090,0.338,-0.044,-0.510,-0.127,0.110,0.181,-0.655,-0.329,0.620,-0.280,0.000,0.001,3620,0,51,-36,31,15.510,79.030,305,305,0,0,0
92190,0.276,-0.026,0.910,-0.210,-0.410,0.069,-0.652,-0.322,0.626,-0.280,0.000,0.000,4897,0,38,-14,31,15.510,79.030,305,305,0,0,0
92290,0.234,0.056,-0.260,0.022,-0.098,0.351,-0.645,-0.317,0.639,-0.274,0.000,-0.001,0,653,40,-34,31,15.510,79.030,305,305,0,0,0
92390,0.162,0.110,-0.350,0.060,-0.234,-0.204,-0.635,-0.317,0.646,-0.280,0.000,-0.001,6461,0,36,-25,31,15.510,79.030,305,305,0,0,0
92490,0.233,0.120,-0.340,0.052,0.114,-0.233,-0.635,-0.327,0.643,-0.277,0.000,-0.002,6251,0,47,-34,31,15.520,79.030,305,305,0,0,0
92590,0.319,0.084,0.190,-0.150,0.088,-0.018,-0.643,-0.330,0.637,-0.270,0.000,-0.001,4770,0,50,-27,31,15.520,79.030,305,305,0,0,0
92690,0.277,0.084,0.470,-0.134,-0.026,0.127,-0.643,-0.322,0.640,-0.269,0.000,-0.001,4240,0,45,-26,31,15.520,79.030,305,305,0,0,0
92790,0.261,0.072,0.090,-0.130,-0.033,-0.093,-0.645,-0.318,0.641,-0.269,0.000,-0.001,5879,0,45,-25,31,15.520,79.030,305,305,0,0,0
92890,0.272,0.070,-0.550,-0.250,0.068,0.129,-0.648,-0.312,0.644,-0.261,0.000,-0.001,3900,0,52,-26,30,15.520,79.030,305,305,0,0,0
92990,0.255,0.055,-0.610,-0.603,-0.057,0.012,-0.655,-0.296,0.649,-0.250,0.000,-0.001,5019,0,57,-12,30,15.520,79.030,305,305,0,0,0
93091,0.190,0.093,-0.110,-0.651,-0.203,0.041,-0.655,-0.274,0.664,-0.235,0.000,-0.001,5725,0,56,-7,30,15.520,79.030,305,305,0,0,0
93191,0.259,0.118,0.100,-0.823,-0.154,-0.076,-0.662,-0.256,0.674,-0.204,0.000,-0.002,5378,0,57,-6,30,15.520,79.030,305,305,0,0,0
93291,0.359,0.167,-0.160,-1.148,-0.259,-0.203,-0.668,-0.232,0.689,-0.160,0.000,-0.003,6321,0,62,6,30,15.520,79.030,305,305,0,0,0
93391,0.472,0.203,-0.140,-1.249,-0.273,0.123,-0.674,-0.201,0.703,-0.109,0.000,-0.005,5048,0,62,8,30,15.510,79.030,305,305,0,0,0
93489,0.468,0.247,-0.160,-1.231,-0.250,0.081,-0.674,-0.157,0.719,-0.066,0.000,-0.005,5589,0,61,7,30,15.510,79.030,305,305,0,0,0
93590,0.453,0.303,0.610,-1.006,-0.434,0.328,-0.670,-0.116,0.733,-0.029,0.000,-0.006,3450,0,46,8,30,15.510,79.030,305,305,0,0,0
93690,0.327,0.349,-0.280,-0.864,-0.057,0.432,-0.665,-0.070,0.744,-0.007,0.000,-0.005,2530,0,56,-5,30,15.510,79.030,305,305,0,0,0
93790,0.279,0.323,-0.170,-0.690,0.058,0.081,-0.668,-0.038,0.743,0.013,0.000,-0.004,5306,0,53,-10,30,15.520,79.030,305,305,0,0,0
93890,0.271,0.319,0.330,-0.518,-0.058,0.161,-0.668,-0.015,0.744,0.032,0.000,-0.004,4117,0,46,-9,30,15.520,79.030,305,305,0,0,0
93989,0.229,0.369,0.690,-0.392,-0.021,0.087,-0.667,0.004,0.744,0.042,0.000,-0.003,4729,0,45,-10,30,15.520,79.030,305,305,0,0,0
94089,0.268,0.356,1.060,-0.446,0.000,-0.101,-0.667,0.016,0.742,0.059,0.000,-0.004,5788,0,48,-7,31,15.510,79.070,676,710,60,60,0
94189,0.298,0.354,-0.150,-0.148,0.012,0.078,-0.666,0.024,0.742,0.072,5000000.000,-0.004,4689,0,39,-17,31,15.510,79.070,676,710,60,60,0
94289,0.241,0.297,-0.190,-0.036,0.396,0.124,-0.674,0.030,0.735,0.068,15000000.000,-0.003,5109,0,52,-29,31,15.510,79.070,676,710,60,60,0
94388,0.194,0.131,-0.220,-0.233,0.647,0.157,-0.694,0.038,0.715,0.070,30000000.000,-0.001,5419,799,67,-31,31,15.510,79.070,676,710,60,60,0
94488,0.114,-0.018,-0.370,-0.232,0.331,0.214,-0.712,0.050,0.697,0.071,40000000.000,0.000,5308,3440,57,-24,31,15.520,79.030,374,425,60,60,0
94588,0.039,-0.057,-0.640,-0.379,0.007,0.006,-0.716,0.064,0.691,0.074,55000000.000,0.000,6882,2764,56,-13,31,15.520,79.030,374,425,60,60,0
94687,0.021,-0.087,-0.380,-0.316,0.061,-0.107,-0.719,0.077,0.686,0.084,60000000.000,0.000,7201,2854,57,-21,31,15.520,79.030,374,425,60,60,0
94787,0.040,-0.146,-0.080,-0.341,0.027,-0.252,-0.723,0.084,0.679,0.097,75000000.000,0.001,8229,2700,59,-19,31,15.520,79.030,374,425,60,60,0
94887,0.138,-0.151,0.740,-0.511,-0.033,-0.239,-0.720,0.094,0.676,0.125,85000000.000,0.001,8488,3599,61,-14,31,15.520,79.030,988,384,126,60,0
94987,0.175,-0.129,0.350,-0.624,-0.190,-0.023,-0.712,0.110,0.677,0.148,100000000.000,0.001,8291,5592,60,-6,31,15.520,79.030,988,384,126,60,0
95087,0.103,-0.066,-0.450,-0.673,-0.294,0.106,-0.702,0.140,0.679,0.163,110000000.000,0.000,8337,6364,57,-1,31,15.520,79.030,988,384,126,60,0
95187,0.174,0.005,-0.380,-0.346,-0.106,-0.173,-0.688,0.154,0.684,0.187,120000000.000,-0.000,9563,5343,52,-17,31,15.520,79.030,988,384,126,60,0
95287,0.165,-0.019,-0.360,-0.190,0.151,0.099,-0.688,0.163,0.680,0.195,135000000.000,0.000,9013,7332,57,-25,31,15.520,79.070,2955,381,154,60,0
95387,0.110,-0.102,-0.440,0.080,0.330,0.324,-0.698,0.168,0.669,0.195,145000000.000,0.001,8321,8704,55,-37,31,15.520,79.070,2955,381,154,60,0
95487,-0.037,-0.189,-2.300,0.056,0.263,0.386,-0.711,0.176,0.656,0.184,160000000.000,0.001,8478,9388,58,-33,31,15.520,79.070,2955,381,154,60,0
95587,-0.129,-0.224,0.120,-0.033,0.004,0.184,-0.718,0.182,0.649,0.176,175000000.000,-0.000,9370,9338,54,-23,31,15.450,78.470,7374,6868,328,375,0
95687,-0.180,-0.147,0.280,0.117,-0.487,0.232,-0.711,0.186,0.657,0.167,185000000.000,-0.001,9080,10127,34,-14,31,15.450,78.470,7374,6868,328,375,0
95787,-0.234,0.024,0.980,0.211,-0.678,0.009,-0.695,0.188,0.678,0.149,200000000.000,0.000,10235,9759,27,-9,31,15.450,78.470,7374,6868,328,375,0
95887,-0.234,0.187,0.660,0.327,-0.367,-0.243,-0.678,0.179,0.700,0.132,215000000.000,0.002,11297,9347,33,-18,31,15.450,78.470,7374,6868,328,375,0
95988,-0.184,0.224,-0.160,0.180,0.038,0.041,-0.674,0.170,0.707,0.130,225000000.000,0.002,10388,10821,45,-24,31,15.430,78.990,11655,9363,489,412,0
96088,-0.227,0.173,-0.390,0.154,0.317,0.097,-0.682,0.166,0.702,0.121,235000000.000,0.002,10542,11129,53,-30,31,15.430,78.990,11655,9363,489,412,0
96188,-0.242,0.054,-0.230,-0.122,0.484,-0.029,-0.697,0.162,0.688,0.120,255000000.000,0.001,11331,11252,66,-27,31,15.430,78.990,11655,9363,489,412,0
96288,-0.226,-0.079,-0.120,-0.159,0.392,-0.123,-0.710,0.164,0.672,0.131,255000000.000,-0.001,11554,11023,62,-29,31,15.460,78.950,11467,11135,521,482,0
96388,-0.159,-0.161,-0.140,-0.024,0.183,-0.172,-0.718,0.159,0.663,0.142,260000000.000,-0.001,11795,10994,54,-29,31,15.460,78.950,11467,11135,521,482,0
96488,-0.132,-0.192,0.010,0.051,-0.010,0.093,-0.720,0.155,0.660,0.144,270000000.000,-0.000,11254,11973,50,-27,31,15.460,78.950,11467,11135,521,482,0
96588,-0.138,-0.170,-0.280,-0.131,-0.118,0.052,-0.718,0.158,0.662,0.145,275000000.000,-0.000,11517,11931,53,-18,31,15.460,78.950,11467,11135,521,482,0
96688,-0.179,-0.122,0.090,-0.162,-0.180,0.027,-0.713,0.167,0.665,0.146,280000000.000,-0.001,11724,11939,51,-17,31,15.450,78.790,11312,12048,555,509,0
96788,-0.207,-0.031,-0.290,-0.296,-0.171,-0.166,-0.701,0.179,0.674,0.148,290000000.000,-0.000,12343,11733,53,-11,31,15.450,78.790,11312,12048,555,509,0
96888,-0.160,0.015,0.070,-0.197,-0.127,-0.061,-0.693,0.186,0.678,0.160,300000000.000,0.000,12217,12278,49,-17,31,15.450,78.790,11312,12048,555,509,0
96989,-0.116,0.059,-0.070,-0.169,-0.110,-0.113,-0.686,0.190,0.682,0.170,320000000.000,0.000,12840,12456,49,-16,31,15.450,78.790,11312,12048,555,509,0
97089,-0.060,0.099,-0.180,-0.111,-0.116,-0.076,-0.679,0.190,0.687,0.177,330000000.000,0.000,13010,12678,46,-16,31,15.440,78.950,12919,12376,610,580,0
97189,-0.049,0.135,0.160,-0.061,-0.122,-0.080,-0.674,0.192,0.691,0.179,355000000.000,0.000,13587,13054,45,-15,31,15.440,78.950,12919,12376,610,580,0
97289,-0.033,0.160,0.090,0.000,-0.079,0.000,-0.670,0.192,0.694,0.179,365000000.000,0.000,13575,13443,44,-17,31,15.440,78.950,12919,12376,610,580,0
97389,-0.027,0.195,-0.320,0.038,-0.077,0.040,-0.667,0.191,0.698,0.177,375000000.000,0.001,13684,13702,43,-16,31,15.440,78.950,12919,12376,610,580,0
97489,-0.037,0.216,0.030,0.019,-0.088,0.064,-0.664,0.191,0.701,0.174,385000000.000,0.001,13821,13927,42,-15,31,15.400,78.910,13850,13774,601,630,0
97589,-0.037,0.252,0.100,0.068,-0.141,-0.077,-0.661,0.190,0.705,0.172,390000000.000,0.001,14258,13664,38,-14,31,15.400,78.910,13850,13774,601,630,0
97689,0.002,0.293,-0.150,0.066,-0.132,-0.118,-0.656,0.185,0.711,0.171,405000000.000,0.001,14590,13861,38,-13,31,15.400,78.910,13850,13774,601,630,0
97789,0.030,0.322,-0.130,0.060,-0.113,0.012,-0.652,0.180,0.717,0.169,425000000.000,0.001,14641,14513,37,-13,31,15.400,78.910,13850,13774,601,630,0
97890,0.019,0.352,-0.140,0.000,-0.091,-0.008,-0.649,0.180,0.720,0.166,435000000.000,0.001,14932,14561,39,-10,31,15.400,78.830,14749,14619,653,672,0
97990,0.031,0.374,-0.300,0.017,-0.050,0.021,-0.646,0.181,0.722,0.167,445000000.000,0.001,15020,14812,38,-12,31,15.400,78.830,14749,14619,653,672,0
98090,0.028,0.383,0.080,0.024,0.012,0.043,-0.645,0.181,0.723,0.166,455000000.000,0.001,15156,15010,39,-13,31,15.400,78.830,14749,14619,653,672,0
98190,0.016,0.381,0.040,0.058,0.036,0.001,-0.647,0.180,0.723,0.164,470000000.000,0.001,15498,15159,39,-14,31,15.400,78.830,14749,14619,653,672,0
98290,0.011,0.366,-0.090,0.004,0.012,0.037,-0.648,0.179,0.722,0.162,485000000.000,0.001,15631,15514,40,-11,31,15.380,78.870,15576,15243,718,690,0
98390,0.007,0.363,-0.250,-0.059,-0.019,-0.028,-0.649,0.180,0.721,0.163,495000000.000,0.001,15941,15520,40,-9,31,15.380,78.870,15576,15243,718,690,0
98490,0.018,0.373,-0.080,-0.026,-0.051,-0.036,-0.647,0.180,0.722,0.164,500000000.000,0.001,16036,15583,38,-9,31,15.380,78.870,15576,15243,718,690,0
98590,0.021,0.394,-0.010,0.007,-0.057,0.041,-0.645,0.180,0.724,0.164,515000000.000,0.001,16096,15997,36,-9,31,15.380,78.870,15576,15243,718,690,0
98690,0.006,0.412,0.070,0.026,-0.096,0.000,-0.643,0.181,0.727,0.161,535000000.000,0.002,16519,16190,34,-8,31,15.360,78.790,16077,16077,763,743,0
98790,0.015,0.434,-0.130,-0.010,-0.057,-0.031,-0.640,0.181,0.729,0.161,550000000.000,0.002,16789,16374,36,-7,31,15.360,78.790,16077,16077,763,743,0
98890,0.044,0.449,0.100,-0.028,-0.053,-0.054,-0.637,0.180,0.731,0.164,560000000.000,0.001,16994,16469,35,-6,31,15.360,78.790,16077,16077,763,743,0
98991,0.052,0.465,-0.570,0.022,-0.056,0.047,-0.635,0.180,0.733,0.165,570000000.000,0.001,16961,16803,32,-7,31,15.360,78.790,16077,16077,763,743,0
99091,0.033,0.484,-0.160,0.022,-0.036,0.072,-0.634,0.182,0.734,0.163,595000000.000,0.002,17288,17208,33,-7,31,15.340,78.830,17123,16949,816,803,0
99191,0.006,0.494,-0.410,0.050,-0.027,0.076,-0.633,0.184,0.735,0.159,605000000.000,0.003,17375,17410,32,-7,31,15.340,78.830,17123,16949,816,803,0
99290,-0.023,0.500,-0.510,0.027,-0.073,0.053,-0.633,0.185,0.736,0.155,615000000.000,0.003,17563,17509,31,-4,31,15.340,78.830,17123,16949,816,803,0
99390,-0.041,0.518,-0.530,-0.004,-0.030,0.010,-0.631,0.187,0.737,0.153,625000000.000,0.004,17762,17593,32,-4,31,15.340,78.830,17123,16949,816,803,0
99490,-0.036,0.507,0.510,0.000,0.102,-0.043,-0.632,0.186,0.736,0.154,640000000.000,0.004,18052,17723,36,-8,32,15.300,78.550,17921,17605,855,836,0
99590,-0.018,0.464,-0.330,-0.019,0.173,-0.013,-0.637,0.184,0.732,0.157,650000000.000,0.003,18115,17941,38,-9,32,15.300,78.550,17921,17605,855,836,0
99690,-0.017,0.426,0.160,-0.044,0.122,0.001,-0.642,0.184,0.727,0.159,665000000.000,0.002,18316,18153,37,-7,32,15.300,78.550,17921,17605,855,836,0
99790,-0.015,0.411,-0.040,-0.038,0.000,0.011,-0.644,0.185,0.725,0.161,670000000.000,0.002,18361,18245,33,-4,32,15.300,78.550,17921,17605,855,836,0
99889,-0.029,0.426,-0.490,0.041,-0.098,0.060,-0.642,0.186,0.726,0.160,685000000.000,0.002,18459,18554,28,-4,32,15.300,78.230,18450,18382,860,876,0
99989,-0.038,0.458,-0.180,0.011,-0.109,-0.003,-0.639,0.187,0.730,0.157,695000000.000,0.003,18713,18569,29,-2,32,15.300,78.230,18450,18382,860,876,0
100089,-0.028,0.475,0.450,-0.009,-0.048,-0.050,-0.636,0.186,0.732,0.157,710000000.000,0.003,18995,18687,31,-2,32,15.300,78.230,18450,18382,860,876,0
100188,-0.018,0.479,-0.250,0.006,0.006,-0.016,-0.635,0.186,0.733,0.158,720000000.000,0.003,19057,18890,31,-4,32,15.300,78.230,18450,18382,860,876,0
100287,-0.020,0.471,-0.110,0.000,0.031,0.039,-0.636,0.186,0.732,0.158,730000000.000,0.003,19091,19119,31,-4,32,15.260,77.340,19083,19011,902,887,0
100388,-0.037,0.458,-0.170,0.003,0.050,0.049,-0.638,0.187,0.730,0.157,745000000.000,0.003,19268,19332,32,-4,32,15.260,77.340,19083,19011,902,887,0
100487,-0.051,0.449,-0.230,0.034,0.036,0.024,-0.640,0.187,0.729,0.156,760000000.000,0.003,19493,19494,30,-4,32,15.260,77.340,19083,19011,902,887,0
100588,-0.048,0.439,0.320,-0.011,-0.002,-0.011,-0.641,0.186,0.728,0.156,775000000.000,0.003,19723,19647,30,-2,32,15.260,77.340,19083,19011,902,887,0
100687,-0.043,0.451,0.210,-0.003,-0.070,-0.029,-0.639,0.186,0.730,0.156,785000000.000,0.003,19882,19741,28,0,32,15.240,76.340,19723,19607,963,950,0
100787,-0.022,0.476,0.220,-0.009,-0.094,-0.059,-0.636,0.185,0.733,0.156,800000000.000,0.003,20122,19877,27,1,32,15.240,76.340,19723,19607,963,950,0
100887,-0.010,0.493,0.210,-0.027,-0.029,-0.026,-0.633,0.184,0.735,0.157,815000000.000,0.003,20271,20102,29,0,32,15.240,76.340,19723,19607,963,950,0
100987,-0.011,0.497,0.230,-0.006,-0.011,0.033,-0.633,0.185,0.735,0.158,825000000.000,0.003,20296,20324,28,0,33,15.240,75.850,20202,20533,995,906,0
101087,-0.015,0.497,-0.640,0.007,-0.006,0.002,-0.633,0.185,0.735,0.157,835000000.000,0.003,20481,20384,27,0,33,15.240,75.850,20202,20533,995,906,0
101187,-0.014,0.505,-0.580,-0.009,-0.044,-0.013,-0.632,0.185,0.736,0.157,855000000.000,0.003,20742,20610,26,3,33,15.240,75.850,20202,20533,995,906,0
101287,-0.007,0.521,0.020,-0.024,-0.058,-0.001,-0.630,0.185,0.738,0.157,860000000.000,0.003,20782,20691,26,4,33,15.240,75.850,20202,20533,995,906,0
101387,-0.008,0.536,-0.360,0.019,-0.009,0.023,-0.628,0.183,0.740,0.154,875000000.000,0.003,20922,20911,25,1,33,15.200,75.610,20746,20790,1025,975,0
101488,-0.022,0.527,0.000,0.013,0.089,0.046,-0.630,0.182,0.739,0.152,890000000.000,0.004,21061,21129,28,-1,33,15.200,75.610,20746,20790,1025,975,0
101588,-0.040,0.498,0.510,0.011,0.118,0.061,-0.635,0.180,0.737,0.148,905000000.000,0.004,21196,21348,28,-1,33,15.200,75.610,20746,20790,1025,975,0
101688,-0.059,0.460,-0.030,0.020,0.129,0.010,-0.641,0.176,0.733,0.144,925000000.000,0.003,21500,21511,29,-2,33,15.200,75.610,20746,20790,1025,975,0
101788,-0.047,0.426,0.170,-0.033,0.096,-0.048,-0.645,0.174,0.730,0.146,945000000.000,0.003,21803,21671,29,0,33,15.130,75.330,21645,21505,1029,1039,0
101888,-0.024,0.413,-0.240,-0.020,-0.023,-0.082,-0.646,0.171,0.729,0.148,960000000.000,0.002,22040,21777,25,3,33,15.130,75.330,21645,21505,1029,1039,0
101988,-0.000,0.433,0.080,-0.029,-0.116,-0.010,-0.643,0.170,0.732,0.150,975000000.000,0.002,22102,22056,23,6,33,15.130,75.330,21645,21505,1029,1039,0
102088,-0.002,0.475,-0.540,0.000,-0.104,0.050,-0.639,0.171,0.736,0.148,990000000.000,0.002,22197,22300,22,5,33,15.120,75.250,22172,22222,1071,1065,0
102188,-0.015,0.489,-0.190,-0.016,-0.020,0.018,-0.636,0.172,0.738,0.146,1005000000.000,0.003,22426,22407,25,4,33,15.120,75.250,22172,22222,1071,1065,0
102288,-0.019,0.494,-0.210,0.017,0.023,-0.008,-0.637,0.172,0.738,0.145,1020000000.000,0.003,22620,22546,24,3,33,15.120,75.250,22172,22222,1071,1065,0
102388,-0.005,0.481,-0.290,-0.006,0.016,-0.042,-0.637,0.170,0.737,0.146,1035000000.000,0.002,22834,22663,24,4,33,15.120,75.250,22172,22222,1071,1065,0
102489,0.021,0.484,-0.170,-0.008,-0.043,-0.083,-0.636,0.168,0.738,0.149,1040000000.000,0.002,22964,22642,22,6,33,15.050,75.250,23148,22675,1075,1083,0
102589,0.056,0.501,-0.090,-0.038,-0.054,-0.074,-0.634,0.164,0.741,0.150,1060000000.000,0.001,23190,22852,22,8,33,15.050,75.250,23148,22675,1075,1083,0
102689,0.068,0.507,0.000,-0.008,0.014,0.040,-0.633,0.164,0.742,0.151,1080000000.000,0.001,23261,23214,22,5,33,15.050,75.250,23148,22675,1075,1083,0
102789,0.052,0.491,-0.040,0.019,0.087,0.059,-0.635,0.164,0.740,0.150,1089999872.000,0.001,23361,23329,24,3,33,15.050,75.250,23148,22675,1075,1083,0
102889,0.020,0.459,-0.330,0.031,0.119,0.081,-0.640,0.164,0.736,0.146,1099999744.000,0.002,23431,23473,24,2,34,15.030,75.090,23474,23696,1106,1072,0
102989,-0.007,0.432,-0.470,0.040,0.088,0.103,-0.644,0.165,0.733,0.144,1104999680.000,0.002,23440,23570,23,3,34,15.030,75.090,23474,23696,1106,1072,0
103089,-0.040,0.414,-0.080,0.019,0.011,0.058,-0.647,0.165,0.731,0.140,1119999488.000,0.002,23618,23710,22,6,34,15.030,75.090,23474,23696,1106,1072,0
103189,-0.050,0.424,-0.400,-0.022,-0.099,0.009,-0.647,0.164,0.732,0.137,1134999296.000,0.003,23814,23830,20,10,34,15.030,75.090,23474,23696,1106,1072,0
103289,-0.047,0.464,-0.260,-0.014,-0.151,0.000,-0.642,0.166,0.736,0.136,1149999104.000,0.003,23966,23992,17,11,34,15.020,74.530,23696,23980,1233,1135,0
103389,-0.052,0.497,-0.160,-0.024,-0.022,0.017,-0.638,0.167,0.739,0.135,1164998912.000,0.004,24097,24173,21,8,34,15.020,74.530,23696,23980,1233,1135,0
103489,-0.059,0.490,0.940,-0.008,0.088,0.013,-0.639,0.168,0.738,0.136,1179998720.000,0.004,24251,24329,22,5,34,15.020,74.530,23696,23980,1233,1135,0
103590,-0.054,0.459,-0.550,-0.048,0.109,-0.068,-0.643,0.168,0.734,0.138,1199998464.000,0.003,24572,24418,24,7,34,15.020,74.530,23696,23980,1233,1135,0
103690,-0.013,0.432,0.700,-0.028,0.022,-0.106,-0.645,0.165,0.733,0.143,1214998272.000,0.002,24774,24521,20,8,34,14.960,73.880,24691,24271,1205,1219,0
103790,0.020,0.438,0.700,-0.039,-0.078,-0.081,-0.643,0.163,0.734,0.146,1234998016.000,0.002,24973,24726,18,12,34,14.960,73.880,24691,24271,1205,1219,0
103890,0.036,0.467,0.340,0.000,-0.102,0.027,-0.639,0.163,0.737,0.147,1249997824.000,0.002,24991,25009,16,11,34,14.960,73.880,24691,24271,1205,1219,0
103990,0.014,0.502,0.360,0.028,-0.081,0.064,-0.636,0.166,0.740,0.145,1249997824.000,0.002,24960,25040,15,11,34,14.960,73.880,24691,24271,1205,1219,0
104090,-0.000,0.509,-0.180,0.013,0.020,0.009,-0.635,0.167,0.740,0.143,1249997824.000,0.003,25030,24970,18,9,34,14.930,73.040,25125,25062,1204,1192,0
104190,-0.007,0.483,-0.180,0.053,0.147,0.021,-0.639,0.166,0.738,0.142,1249997824.000,0.002,24995,25005,20,4,34,14.930,73.040,25125,25062,1204,1192,0
104290,-0.010,0.433,-0.710,0.000,0.147,0.006,-0.644,0.164,0.733,0.143,1249997824.000,0.002,25009,24991,22,6,34,14.930,73.040,25125,25062,1204,1192,0
104390,-0.018,0.408,-1.270,0.000,0.021,0.034,-0.648,0.164,0.730,0.142,1249997824.000,0.002,24960,25040,18,10,34,14.930,73.040,25125,25062,1204,1192,0
104490,-0.040,0.433,-0.870,-0.013,-0.124,0.034,-0.646,0.166,0.732,0.139,1249997824.000,0.003,24958,25042,15,15,35,14.920,73.000,25188,24875,1168,1269,0
104590,-0.053,0.476,-0.440,0.027,-0.160,0.004,-0.641,0.167,0.737,0.137,1249997824.000,0.003,24983,25017,12,15,35,14.920,73.000,25188,24875,1168,1269,0
104690,-0.045,0.513,-0.160,-0.031,-0.111,-0.027,-0.636,0.167,0.741,0.136,1249997824.000,0.004,25006,24994,14,16,35,14.920,73.000,25188,24875,1168,1269,0
104791,-0.049,0.524,-0.030,0.024,-0.020,0.024,-0.634,0.168,0.742,0.135,1249997824.000,0.004,24928,25072,14,12,35,14.920,73.000,25188,24875,1168,1269,0
104890,-0.048,0.518,0.040,-0.019,0.092,-0.066,-0.636,0.167,0.741,0.135,1249997824.000,0.004,25065,24934,18,12,35,14.920,73.000,25188,24875,1168,1269,0
104990,-0.010,0.484,-0.240,-0.036,0.142,-0.073,-0.639,0.164,0.738,0.141,1249997824.000,0.002,25068,24932,19,10,35,14.900,72.550,25125,24937,1244,1194,0
105089,0.027,0.430,0.280,-0.028,0.203,-0.124,-0.644,0.161,0.733,0.146,1249997824.000,0.001,25175,24824,21,7,35,14.900,72.550,25125,24937,1244,1194,0
105190,0.058,0.383,-0.280,0.016,0.084,-0.032,-0.649,0.158,0.729,0.150,1249997824.000,0.000,25068,24931,16,10,35,14.900,72.550,25125,24937,1244,1194,0
105289,0.053,0.388,-0.050,0.040,-0.068,0.018,-0.649,0.156,0.730,0.148,1249997824.000,0.001,25032,24968,13,13,35,14.900,72.550,25125,24937,1244,1194,0
105388,0.030,0.403,0.270,0.096,-0.046,0.073,-0.648,0.157,0.731,0.144,1249997824.000,0.001,24954,25046,12,11,35,14.920,72.390,24937,24875,1249,1262,0
105489,0.008,0.422,-0.380,0.047,-0.040,0.011,-0.647,0.156,0.733,0.140,1249997824.000,0.001,25037,24963,13,13,35,14.920,72.390,24937,24875,1249,1262,0
105589,0.011,0.438,0.370,0.014,-0.056,-0.016,-0.645,0.156,0.735,0.139,1249997824.000,0.002,25052,24948,12,15,35,14.920,72.390,24937,24875,1249,1262,0
105688,0.020,0.449,0.820,-0.019,0.069,-0.101,-0.645,0.155,0.735,0.139,1249997824.000,0.001,25190,24809,17,13,35,14.920,72.390,24937,24875,1249,1262,0
105787,0.084,0.436,0.880,-0.029,0.139,-0.094,-0.648,0.149,0.732,0.147,1249997824.000,-0.000,25172,24827,17,11,35,14.880,72.390,25380,24630,1247,1210,0
105887,0.239,0.899,-0.770,-0.048,0.122,0.000,-0.651,0.148,0.729,0.150,1249997824.000,0.002,25236,24762,5,25,35,14.880,72.390,25380,24630,1247,1210,0
105987,0.221,0.792,-0.400,0.020,0.574,0.079,-0.666,0.146,0.716,0.151,1249997824.000,0.002,25144,24855,20,6,35,14.880,72.390,25380,24630,1247,1210,0
106087,0.051,0.156,0.130,0.070,0.019,0.091,-0.680,0.145,0.703,0.149,1249997824.000,-0.000,24995,25005,14,10,35,14.880,72.390,25380,24630,1247,1210,0
106187,0.020,0.265,-0.240,0.017,-0.451,0.102,-0.668,0.148,0.716,0.141,1249997824.000,0.000,24961,25039,5,24,37,14.880,72.310,25062,24875,1218,1259,0
106287,-0.022,0.316,0.070,-0.017,0.117,0.186,-0.664,0.153,0.719,0.137,1249997824.000,0.001,24819,25179,21,8,37,14.880,72.310,25062,24875,1218,1259,0
106387,-0.048,0.494,-0.510,-0.057,-0.046,0.101,-0.666,0.157,0.716,0.138,1249997824.000,0.002,24893,25107,7,22,37,14.880,72.310,25062,24875,1218,1259,0
106487,0.009,0.668,-1.530,0.043,0.194,0.202,-0.668,0.162,0.715,0.131,1249997824.000,0.007,24854,25145,11,14,37,14.880,72.150,24752,25252,1259,1198,0
106587,-0.089,0.320,-0.330,0.003,0.367,0.102,-0.682,0.163,0.701,0.129,1249997824.000,0.003,24842,25157,24,4,37,14.880,72.150,24752,25252,1259,1198,0
106687,-0.171,0.103,-0.950,-0.053,-0.247,-0.064,-0.683,0.164,0.700,0.130,1249997824.000,0.001,24980,25020,11,20,37,14.880,72.150,24752,25252,1259,1198,0
106787,-0.142,0.192,-2.050,-0.098,-0.244,-0.108,-0.671,0.167,0.710,0.132,1249997824.000,0.002,25033,24967,13,20,37,14.880,72.150,24752,25252,1259,1198,0
106887,-0.112,0.228,-0.270,-0.081,-0.020,-0.080,-0.666,0.168,0.714,0.137,1249997824.000,0.002,25005,24995,17,13,36,14.870,72.230,24937,24937,1252,1240,0
106987,-0.066,0.209,-0.730,-0.084,0.098,-0.134,-0.667,0.166,0.712,0.144,1249997824.000,0.001,25106,24894,20,11,36,14.870,72.230,24937,24937,1252,1240,0
107087,-0.002,0.252,-2.520,-0.060,0.068,-0.149,-0.668,0.162,0.710,0.152,1249997824.000,0.000,25159,24840,15,14,36,14.870,72.230,24937,24937,1252,1240,0
107187,0.037,0.520,-0.360,0.008,-0.039,-0.034,-0.668,0.159,0.710,0.156,1249997824.000,-0.000,25039,24961,4,22,36,14.850,72.270,24875,25062,1276,1197,0
107287,0.257,0.819,-0.550,-0.027,0.349,0.100,-0.670,0.158,0.708,0.157,1249997824.000,0.006,25137,24862,13,18,36,14.850,72.270,24875,25062,1276,1197,0
107387,0.135,0.531,0.770,-0.050,0.600,0.140,-0.690,0.157,0.689,0.158,1249997824.000,0.003,24962,25038,25,7,36,14.850,72.270,24875,25062,1276,1197,0
107487,-0.024,0.355,-0.200,0.011,-0.009,0.000,-0.701,0.156,0.678,0.157,1249997824.000,0.000,25027,24973,8,20,36,14.850,72.270,24875,25062,1276,1197,0
107587,-0.019,0.181,0.010,0.053,-0.038,-0.047,-0.700,0.154,0.680,0.155,1249997824.000,0.000,25091,24908,14,11,37,14.850,72.190,25000,25062,1244,1203,0
107687,0.010,0.081,1.050,0.008,-0.024,-0.062,-0.699,0.150,0.681,0.156,1249997824.000,0.000,25107,24892,17,11,37,14.850,72.190,25000,25062,1244,1203,0
107787,0.030,0.089,1.440,0.006,-0.166,0.000,-0.697,0.148,0.684,0.156,1249997824.000,-0.000,25040,24960,11,16,37,14.850,72.190,25000,25062,1244,1203,0
107888,0.028,0.092,-0.160,0.026,-0.279,0.029,-0.689,0.148,0.693,0.153,1249997824.000,-0.000,25024,24976,9,17,37,14.850,72.190,25000,25062,1244,1203,0
107987,0.023,0.131,0.530,0.026,-0.184,0.021,-0.682,0.149,0.701,0.149,1249997824.000,-0.000,25039,24961,11,15,37,14.830,72.190,25252,25000,1193,1210,0
108087,0.013,0.119,1.620,0.081,-0.097,0.017,-0.678,0.149,0.705,0.145,1249997824.000,0.000,25046,24954,12,12,37,14.830,72.190,25252,25000,1193,1210,0
108187,0.019,0.136,1.030,0.028,-0.009,-0.052,-0.676,0.145,0.708,0.142,1249997824.000,0.000,25138,24861,15,12,37,14.830,72.190,25252,25000,1193,1210,0
108287,0.022,0.124,-0.160,-0.053,0.060,0.027,-0.677,0.145,0.707,0.143,1254997760.000,0.000,25079,25021,18,13,37,14.830,72.190,25252,25000,1193,1210,0
108388,0.023,0.128,0.540,-0.018,-0.060,-0.003,-0.677,0.146,0.707,0.143,1269997568.000,0.000,25275,25123,13,15,38,14.800,72.230,25000,24691,1276,1303,0
108488,0.027,0.147,-1.360,0.017,-0.056,0.000,-0.674,0.146,0.709,0.143,1274997504.000,0.000,25320,25177,12,14,38,14.800,72.230,25000,24691,1276,1303,0
108587,0.031,0.152,-0.240,0.003,0.004,-0.037,-0.674,0.144,0.710,0.142,1274997504.000,0.000,25381,25116,14,14,38,14.800,72.230,25000,24691,1276,1303,0
108687,0.043,0.146,-2.050,-0.019,0.034,-0.032,-0.675,0.143,0.710,0.143,1274997504.000,-0.000,25381,25116,16,14,38,14.800,72.230,25000,24691,1276,1303,0
108787,0.070,0.141,-1.000,-0.030,-0.002,-0.064,-0.675,0.140,0.710,0.146,1274997504.000,-0.000,25440,25056,14,15,38,14.780,72.350,25445,25252,1244,1203,0
108887,0.077,0.149,0.300,-0.027,-0.039,-0.031,-0.674,0.138,0.711,0.144,1284997376.000,-0.000,25521,25173,13,16,38,14.780,72.350,25445,25252,1244,1203,0
108987,0.069,0.152,0.940,0.116,0.010,0.062,-0.674,0.139,0.711,0.144,1289997312.000,-0.000,25445,25348,9,9,38,14.780,72.350,25445,25252,1244,1203,0
109087,0.037,0.145,0.770,0.038,0.056,0.058,-0.676,0.140,0.710,0.139,1289997312.000,0.000,25451,25342,14,12,38,14.780,72.350,25445,25252,1244,1203,0
109187,0.005,0.118,1.460,0.003,0.100,0.120,-0.679,0.142,0.707,0.137,1289997312.000,0.000,25337,25456,16,12,38,14.770,72.310,25706,25510,1249,1208,0
109287,-0.027,0.107,-0.340,0.049,-0.008,0.059,-0.681,0.144,0.705,0.134,1289997312.000,0.000,25402,25392,11,13,38,14.770,72.310,25706,25510,1249,1208,0
109387,-0.037,0.109,0.650,0.027,-0.001,-0.002,-0.681,0.144,0.705,0.133,1289997312.000,0.000,25456,25338,13,13,38,14.770,72.310,25706,25510,1249,1208,0
109487,-0.025,0.114,0.370,-0.014,-0.050,-0.050,-0.680,0.143,0.706,0.134,1289997312.000,0.000,25506,25287,13,16,38,14.770,72.310,25706,25510,1249,1208,0
109587,-0.017,0.139,-0.290,-0.038,-0.114,-0.013,-0.677,0.144,0.709,0.135,1289997312.000,0.000,25460,25334,11,19,38,14.750,72.470,25641,25380,1237,1227,0
109687,-0.001,0.178,-0.200,0.016,-0.101,-0.077,-0.672,0.143,0.714,0.135,1289997312.000,0.000,25563,25230,10,17,38,14.750,72.470,25641,25380,1237,1227,0
109787,0.015,0.186,0.290,0.037,0.030,-0.041,-0.671,0.142,0.715,0.136,1289997312.000,0.000,25522,25271,12,13,38,14.750,72.470,25641,25380,1237,1227,0
109887,0.025,0.162,0.460,0.047,0.112,-0.028,-0.674,0.139,0.712,0.136,1309997056.000,0.000,25714,25472,14,11,38,14.750,72.470,25641,25380,1237,1227,0
109987,0.048,0.124,-0.090,0.003,0.156,-0.082,-0.679,0.135,0.709,0.137,1319996928.000,-0.000,25903,25476,17,11,38,14.750,72.720,25706,25575,1304,1252,0
110087,0.057,0.081,-0.790,-0.021,0.130,0.047,-0.683,0.133,0.704,0.139,1319996928.000,-0.000,25730,25651,17,12,38,14.750,72.720,25706,25575,1304,1252,0
110187,0.033,0.073,-0.020,0.016,-0.102,0.076,-0.685,0.135,0.703,0.137,1319996928.000,-0.000,25715,25666,9,18,38,14.750,72.720,25706,25575,1304,1252,0
110287,0.004,0.116,-0.140,-0.009,-0.142,0.098,-0.680,0.138,0.707,0.133,1319996928.000,0.000,25663,25717,10,19,38,14.750,72.720,25706,25575,1304,1252,0
110387,-0.020,0.129,0.370,0.081,0.030,0.091,-0.679,0.139,0.709,0.130,1319996928.000,0.000,25641,25740,11,10,39,14.740,73.000,25641,26041,1312,1319,0
110487,-0.058,0.104,-0.540,-0.009,0.092,0.069,-0.683,0.142,0.705,0.127,1319996928.000,0.000,25657,25724,17,13,39,14.740,73.000,25641,26041,1312,1319,0
110587,-0.065,0.104,0.710,0.036,-0.076,-0.007,-0.683,0.142,0.705,0.126,1319996928.000,0.000,25727,25654,9,16,39,14.740,73.000,25641,26041,1312,1319,0
110687,-0.054,0.146,-1.670,-0.012,-0.140,-0.034,-0.678,0.141,0.710,0.125,1319996928.000,0.001,25747,25634,9,20,39,14.740,73.000,25641,26041,1312,1319,0
110787,-0.048,0.172,-1.570,-0.029,-0.042,-0.013,-0.675,0.142,0.713,0.126,1319996928.000,0.001,25721,25660,12,18,39,14.700,72.880,25706,25773,1295,1247,0
110887,-0.061,0.171,0.150,0.042,0.050,0.017,-0.675,0.143,0.713,0.125,1319996928.000,0.001,25686,25694,11,13,39,14.700,72.880,25706,25773,1295,1247,0
110987,-0.059,0.188,-1.610,-0.003,0.111,-0.014,-0.678,0.143,0.710,0.126,1319996928.000,0.001,25716,25665,14,14,39,14.700,72.880,25706,25773,1295,1247,0
111087,-0.053,0.114,-1.960,0.034,0.119,-0.019,-0.682,0.141,0.706,0.127,1319996928.000,0.000,25714,25667,14,11,39,14.700,72.880,25706,25773,1295,1247,0
111187,-0.045,0.074,-0.800,-0.028,0.128,-0.018,-0.686,0.139,0.702,0.128,1319996928.000,0.000,25713,25668,17,13,40,14.710,73.200,25773,25773,1281,1246,0
111287,-0.042,0.048,-0.150,0.008,0.064,-0.018,-0.689,0.139,0.699,0.129,1319996928.000,0.000,25721,25659,14,13,40,14.710,73.200,25773,25773,1281,1246,0
111387,-0.041,0.034,-0.040,-0.018,0.044,-0.007,-0.691,0.139,0.697,0.130,1324996864.000,0.000,25752,25726,15,13,40,14.710,73.200,25773,25773,1281,1246,0
111487,-0.034,0.022,-0.340,0.011,0.038,-0.027,-0.692,0.139,0.696,0.132,1334996736.000,0.000,25875,25797,14,12,40,14.710,73.200,25773,25773,1281,1246,0
111587,-0.017,0.014,-2.080,-0.028,0.014,-0.051,-0.693,0.138,0.695,0.134,1334996736.000,0.000,25915,25757,15,14,40,14.690,73.520,26041,25706,1268,1292,0
111687,0.007,0.012,0.240,-0.023,0.009,-0.032,-0.692,0.137,0.695,0.137,1339996672.000,0.000,25945,25824,15,14,40,14.690,73.520,26041,25706,1268,1292,0
111787,0.013,0.015,0.080,0.004,-0.028,0.022,-0.692,0.137,0.696,0.138,1349996544.000,-0.000,25982,25980,13,14,40,14.690,73.520,26041,25706,1268,1292,0
111887,-0.010,0.030,0.040,0.011,-0.059,0.068,-0.690,0.138,0.697,0.135,1349996544.000,0.000,25932,26029,12,15,40,14.690,73.520,26041,25706,1268,1292,0
111987,-0.042,0.048,-0.020,0.051,-0.060,0.071,-0.689,0.141,0.699,0.131,1349996544.000,0.000,25915,26046,10,14,40,14.740,73.680,25839,25974,1304,1318,0
112087,-0.066,0.068,-0.600,0.026,-0.080,0.029,-0.687,0.142,0.701,0.128,1349996544.000,0.000,25947,26014,10,16,40,14.740,73.680,25839,25974,1304,1318,0
112187,-0.053,0.090,-0.570,-0.013,-0.074,-0.079,-0.685,0.141,0.704,0.128,1349996544.000,0.000,26072,25889,11,18,40,14.740,73.680,25839,25974,1304,1318,0
112287,-0.022,0.114,-0.580,-0.012,-0.092,-0.071,-0.681,0.140,0.707,0.131,1349996544.000,0.000,26056,25905,10,18,40,14.740,73.680,25839,25974,1304,1318,0
112387,-0.009,0.138,0.020,0.006,-0.058,-0.018,-0.678,0.139,0.710,0.132,1354996480.000,0.000,26051,26006,10,17,40,14.660,73.800,25906,26041,1343,1255,0
112487,-0.012,0.139,0.180,0.001,0.030,0.013,-0.678,0.140,0.710,0.131,1354996480.000,0.000,26023,26034,12,15,40,14.660,73.800,25906,26041,1343,1255,0
112587,-0.029,0.124,-0.590,0.024,0.077,0.063,-0.680,0.141,0.708,0.130,1354996480.000,0.000,25954,26104,13,13,40,14.660,73.800,25906,26041,1343,1255,0
112687,-0.048,0.099,-0.530,0.034,0.097,0.006,-0.683,0.141,0.705,0.128,1354996480.000,0.000,26020,26037,13,13,41,14.660,73.960,25906,26385,1323,1222,0
112787,-0.048,0.072,0.330,0.024,0.082,-0.031,-0.687,0.139,0.702,0.128,1354996480.000,0.000,26050,26008,13,13,41,14.660,73.960,25906,26385,1323,1222,0
112887,-0.034,0.058,0.060,-0.003,0.007,-0.031,-0.688,0.137,0.701,0.129,1354996480.000,0.000,26041,26016,13,16,41,14.660,73.960,25906,26385,1323,1222,0
112987,-0.026,0.062,-1.100,-0.024,-0.022,0.017,-0.688,0.137,0.701,0.130,1359996416.000,0.000,26031,26123,12,17,41,14.660,73.960,25906,26385,1323,1222,0
113087,-0.043,0.075,-0.050,0.011,-0.048,0.027,-0.686,0.139,0.702,0.129,1369996288.000,0.000,26127,26218,10,16,41,14.630,74.120,26041,26525,1317,1223,0
113187,-0.041,0.088,-0.200,0.033,-0.021,0.008,-0.685,0.139,0.704,0.128,1369996288.000,0.000,26130,26215,10,15,41,14.630,74.120,26041,26525,1317,1223,0
113287,-0.041,0.085,0.090,0.021,0.027,-0.001,-0.685,0.138,0.704,0.127,1369996288.000,0.000,26141,26204,12,15,41,14.630,74.120,26041,26525,1317,1223,0
113387,-0.035,0.071,-0.140,-0.013,0.067,-0.008,-0.687,0.137,0.702,0.127,1369996288.000,0.000,26147,26198,15,15,41,14.600,74.370,26109,26246,1328,1304,0
113487,-0.026,0.047,-0.510,0.002,0.072,-0.024,-0.690,0.135,0.700,0.129,1369996288.000,0.000,26175,26170,14,13,41,14.600,74.370,26109,26246,1328,1304,0
113588,-0.018,0.028,-0.690,0.012,0.068,0.023,-0.692,0.133,0.698,0.129,1374996224.000,0.000,26160,26280,14,13,41,14.600,74.370,26109,26246,1328,1304,0
113688,0.008,0.008,-1.070,-0.023,0.063,-0.063,-0.694,0.130,0.696,0.131,1379996160.000,0.000,26330,26205,16,14,41,14.600,74.370,26109,26246,1328,1304,0
113787,0.006,-0.003,-1.180,0.050,0.016,0.024,-0.695,0.130,0.695,0.131,1379996160.000,-0.000,26236,26299,12,12,41,14.620,74.370,25906,26525,1406,1263,0
113887,-0.010,-0.004,-0.420,0.039,-0.001,0.070,-0.696,0.130,0.694,0.129,1379996160.000,0.000,26175,26360,12,13,41,14.620,74.370,25906,26525,1406,1263,0
113988,-0.030,-0.000,-0.830,0.027,-0.038,0.029,-0.696,0.131,0.695,0.126,1379996160.000,-0.000,26223,26312,12,15,41,14.620,74.370,25906,26525,1406,1263,0
114087,-0.026,0.016,0.560,0.011,-0.080,0.000,-0.694,0.130,0.697,0.124,1379996160.000,0.000,26241,26295,11,17,41,14.620,74.370,25906,26525,1406,1263,0
114187,-0.012,0.042,0.830,0.046,-0.096,-0.046,-0.691,0.129,0.700,0.125,1399995904.000,0.000,26491,26424,8,16,42,14.580,74.650,26041,26525,1449,1287,0
114287,-0.009,0.068,1.210,0.122,-0.081,0.002,-0.688,0.127,0.704,0.122,1399995904.000,0.000,26435,26480,6,14,42,14.580,74.650,26041,26525,1449,1287,0
114387,-0.021,0.086,-0.170,0.121,-0.027,0.003,-0.687,0.125,0.706,0.118,1399995904.000,0.000,26438,26477,8,13,42,14.580,74.650,26041,26525,1449,1287,0
114487,-0.024,0.077,-0.450,0.158,0.023,-0.070,-0.689,0.119,0.706,0.112,1399995904.000,0.000,26534,26381,9,12,42,14.580,74.650,26041,26525,1449,1287,0
114587,0.004,0.100,1.840,0.222,-0.159,-0.033,-0.687,0.110,0.710,0.107,1399995904.000,0.000,26470,26445,1,16,42,14.590,74.530,26809,26385,1283,1315,0
114687,-0.008,0.143,-0.350,0.384,-0.067,-0.002,-0.683,0.102,0.717,0.096,1399995904.000,0.000,26449,26466,-1,8,42,14.590,74.530,26809,26385,1283,1315,0
114787,0.013,0.139,-1.850,0.353,0.047,-0.063,-0.685,0.086,0.718,0.085,1399995904.000,0.000,26522,26393,4,8,42,14.590,74.530,26809,26385,1283,1315,0
114887,0.077,0.126,1.220,0.224,0.037,-0.014,-0.688,0.077,0.718,0.077,1399995904.000,0.000,26546,26369,6,12,42,14.590,74.530,26809,26385,1283,1315,0
114987,0.165,0.125,-0.180,0.186,-0.027,0.053,-0.689,0.074,0.718,0.071,1399995904.000,0.001,26573,26341,4,13,42,14.570,74.530,26666,26737,1314,1233,0
115087,0.126,0.129,1.940,0.462,0.006,0.093,-0.690,0.065,0.719,0.055,1399995904.000,0.001,26471,26444,-2,5,42,14.570,74.530,26666,26737,1314,1233,0
115187,0.088,0.122,0.650,0.268,0.023,0.074,-0.691,0.055,0.719,0.040,1399995904.000,-0.399,26468,26447,-7,-1,42,14.570,74.530,26666,26737,1314,1233,0
115287,0.173,0.122,-1.880,-0.048,0.002,0.070,-0.692,0.055,0.719,0.034,1399995904.000,-0.098,26587,26327,12,20,42,14.570,74.530,26666,26737,1314,1233,0
115387,0.809,0.259,0.200,0.782,0.041,0.468,-0.694,0.050,0.718,0.014,1399995904.000,0.013,26683,26230,-17,-4,42,14.550,74.370,27247,25839,1358,1266,0
115487,-0.220,0.195,0.840,-0.253,0.124,0.687,-0.698,0.064,0.713,-0.017,1399995904.000,0.006,25172,27683,26,28,42,14.550,74.370,27247,25839,1358,1266,0
115587,-0.564,0.047,0.700,0.203,0.139,-0.150,-0.701,0.087,0.707,-0.014,1399995904.000,0.001,26326,26589,0,-3,42,14.550,74.370,27247,25839,1358,1266,0
115687,-0.474,0.029,-0.400,0.908,-0.170,-0.186,-0.703,0.047,0.709,-0.037,1399995904.000,0.001,26240,26673,-17,-1,42,14.550,74.370,27247,25839,1358,1266,0
115787,-0.414,0.066,-1.710,-0.377,-0.024,-0.167,-0.698,0.040,0.714,-0.034,1399995904.000,0.001,26253,26661,26,31,43,14.560,74.490,26246,26455,1323,1404,0
115887,-0.342,0.105,-0.140,0.806,-0.052,-0.199,-0.699,0.024,0.714,-0.036,1447054720.000,0.002,26770,27026,-21,-9,43,14.560,74.490,26246,26455,1323,1404,0
115987,-0.282,0.148,-0.380,0.237,-0.047,-0.137,-0.697,-0.004,0.715,-0.053,1399995904.000,0.002,26276,26638,7,19,43,14.560,74.490,26246,26455,1323,1404,0
116087,-0.144,0.218,-1.650,0.178,0.117,-0.158,-0.699,-0.009,0.713,-0.048,1399995904.000,0.003,26479,26436,2,10,43,14.560,74.490,26246,26455,1323,1404,0
116187,-0.010,0.415,0.690,0.556,0.072,-0.081,-0.703,-0.030,0.708,-0.061,1399995904.000,-0.194,26467,26448,-20,4,43,14.560,74.490,26246,26455,1323,1404,0
116287,0.076,0.613,0.440,-0.133,0.346,0.009,-0.709,-0.038,0.701,-0.068,1399995904.000,-0.589,26432,26483,-2,10,43,14.550,74.450,26737,26455,1270,1335,0
116387,-0.169,-0.215,-1.080,-0.531,0.676,-0.036,-0.730,-0.023,0.681,-0.056,1399995904.000,-1.602,26189,26724,8,-41,43,14.550,74.450,26737,26455,1270,1335,0
116487,-0.156,-0.234,-0.500,-1.750,-0.420,-0.211,-0.734,0.018,0.679,-0.009,1399995904.000,-1.801,26476,26439,4,32,43,14.550,74.450,26737,26455,1270,1335,0
116587,-0.095,-0.127,1.980,-1.360,-0.040,-0.264,-0.720,0.067,0.689,0.052,1399995904.000,-1.500,26571,26344,10,6,43,14.550,74.450,26737,26455,1270,1335,0
116687,-0.010,-0.144,-0.490,-1.076,0.016,-0.276,-0.716,0.102,0.682,0.105,1399995904.000,-0.300,26649,26264,34,32,43,14.540,74.570,26595,26385,1349,1314,0
116787,0.080,-0.088,1.840,0.140,-0.294,-0.220,-0.706,0.109,0.688,0.127,1524701824.000,0.000,27811,27409,-11,7,43,14.540,74.570,26595,26385,1349,1314,0
116887,0.128,-0.002,-1.910,-0.121,-0.019,-0.047,-0.702,0.098,0.695,0.122,1399995904.000,0.000,26526,26388,17,19,43,14.540,74.570,26595,26385,1349,1314,0
116987,0.222,0.066,0.980,-0.041,0.026,-0.090,-0.701,0.103,0.693,0.133,1399995904.000,-0.000,26738,26174,5,12,43,14.540,74.570,26595,26385,1349,1314,0
117087,0.227,0.011,-1.370,0.289,-0.022,0.071,-0.701,0.093,0.696,0.123,1399995904.000,-0.000,26519,26396,2,5,44,14.530,74.490,26595,26385,1389,1284,0
117187,0.177,-0.073,-0.220,-0.159,0.131,0.104,-0.706,0.096,0.692,0.120,1467446912.000,0.000,27129,27046,20,13,44,14.530,74.490,26595,26385,1389,1284,0
117287,0.192,-0.060,-0.080,0.256,-0.161,0.079,-0.705,0.096,0.693,0.113,1399995904.000,-0.000,26582,26332,-5,8,44,14.530,74.490,26595,26385,1389,1284,0
117387,0.364,0.022,0.000,0.158,-0.038,0.258,-0.704,0.093,0.697,0.100,1399995904.000,0.000,26508,26407,4,12,44,14.530,74.490,26595,26385,1389,1284,0
117487,-0.057,-0.031,-0.680,-0.346,0.020,0.050,-0.704,0.107,0.695,0.098,1399995904.000,-0.000,26411,26504,20,21,44,14.560,74.490,26595,26385,1317,1338,0
117587,-0.042,-0.012,-0.180,0.321,-0.174,-0.082,-0.702,0.105,0.698,0.098,1399995904.000,-0.200,26567,26347,-17,-2,44,14.560,74.490,26595,26385,1317,1338,0
117687,-0.020,0.032,0.110,-0.316,-0.068,-0.030,-0.697,0.101,0.704,0.097,1399995904.000,-0.300,26492,26423,16,23,44,14.560,74.490,26595,26385,1317,1338,0
117787,0.059,0.032,-0.580,-0.447,-0.006,-0.008,-0.693,0.121,0.701,0.118,1399995904.000,0.000,26564,26350,18,24,44,14.530,74.290,26525,26595,1366,1264,0
117887,0.809,-0.164,-1.380,0.587,-0.189,0.240,-0.691,0.116,0.705,0.105,1399995904.000,-0.006,27143,25754,-11,-7,44,14.530,74.290,26525,26595,1366,1264,0
117987,0.470,-0.003,-0.780,-0.457,-0.168,0.658,-0.689,0.128,0.709,0.082,1399995904.000,-0.000,26140,26772,25,38,44,14.530,74.290,26525,26595,1366,1264,0
118087,-0.411,0.156,-1.480,-0.187,-0.026,0.162,-0.684,0.158,0.708,0.080,1399995904.000,0.003,26054,26855,5,16,44,14.530,74.290,26525,26595,1366,1264,0
118187,-0.406,0.122,-1.790,0.716,0.106,-0.061,-0.690,0.138,0.708,0.063,1399995904.000,0.002,26240,26673,-11,-8,44,14.520,74.370,26109,26737,1399,1307,0
118288,-0.195,0.163,-0.310,-0.123,0.046,-0.110,-0.692,0.130,0.707,0.061,1425093888.000,0.004,26725,26663,12,23,44,14.520,74.370,26109,26737,1399,1307,0
118388,0.146,0.278,-1.550,0.699,0.192,-0.057,-0.698,0.117,0.704,0.056,1411760640.000,0.010,26814,26321,-17,-8,44,14.520,74.370,26109,26737,1399,1307,0
118488,0.093,0.179,-0.020,0.122,0.233,0.239,-0.709,0.105,0.697,0.037,1401564544.000,0.006,26141,26799,12,13,45,14.530,74.490,26109,26385,1334,1460,0
118588,-0.449,-0.080,-0.760,-0.032,0.172,0.028,-0.716,0.112,0.689,0.035,1399995904.000,-0.001,25940,26965,14,6,45,14.530,74.490,26109,26385,1334,1460,0
118688,-0.359,-0.093,-1.790,0.527,-0.111,-0.322,-0.717,0.093,0.690,0.032,1474505728.000,-0.001,27191,27113,-10,-1,45,14.530,74.490,26109,26385,1334,1460,0
118788,-0.244,-0.035,-2.110,-0.022,0.017,-0.267,-0.716,0.074,0.693,0.032,1402348800.000,-0.000,26509,26450,13,15,45,14.530,74.490,26109,26385,1334,1460,0
118888,-0.141,-0.046,0.630,0.177,0.052,-0.253,-0.717,0.063,0.693,0.040,1399995904.000,-0.000,26556,26358,4,4,45,14.540,74.330,26178,26315,1433,1345,0
118988,-0.048,-0.055,0.450,0.200,-0.019,-0.217,-0.718,0.048,0.693,0.041,1453329280.000,-0.000,27095,26818,3,7,45,14.540,74.330,26178,26315,1433,1345,0
119088,0.120,-0.049,-1.520,0.224,-0.027,-0.121,-0.717,0.035,0.695,0.041,1440780160.000,-0.000,27046,26632,1,6,45,14.540,74.330,26178,26315,1433,1345,0
119188,0.211,0.067,0.020,0.208,-0.039,0.101,-0.716,0.027,0.696,0.035,1533329280.000,0.000,27715,27662,-1,10,45,14.540,74.330,26178,26315,1433,1345,0
119289,0.077,-0.019,-0.600,0.197,0.002,0.213,-0.716,0.026,0.697,0.022,1399995904.000,-0.000,26244,26669,4,5,45,14.440,73.120,27624,27777,1426,1406,0
119389,-0.002,-0.038,0.260,0.109,0.062,0.150,-0.717,0.028,0.696,0.011,1399995904.000,-0.000,26321,26593,7,6,45,14.440,73.120,27624,27777,1426,1406,0
119489,-0.016,-0.049,0.310,0.074,0.031,0.193,-0.719,0.030,0.694,0.003,1410976256.000,-0.001,26349,26771,6,8,45,14.440,73.120,27624,27777,1426,1406,0
119589,-0.224,-0.058,-0.370,-0.109,-0.038,0.091,-0.719,0.038,0.694,-0.001,1399995904.000,-0.001,26184,26729,10,15,45,14.440,73.120,27624,27777,1426,1406,0
119689,-0.242,-0.041,-2.430,0.033,-0.081,-0.036,-0.717,0.039,0.696,-0.003,1399995904.000,-0.000,26303,26611,3,11,45,14.540,74.370,26455,26315,1257,1450,0
119789,-0.204,-0.020,0.110,0.089,-0.052,-0.137,-0.714,0.034,0.699,-0.002,1399995904.000,-0.000,26405,26509,3,9,45,14.540,74.370,26455,26315,1257,1450,0
119889,-0.150,-0.015,1.630,0.081,0.000,-0.129,-0.714,0.027,0.700,0.001,1399995904.000,-0.000,26403,26512,5,8,45,14.540,74.370,26455,26315,1257,1450,0
119989,-0.106,-0.015,-0.960,0.022,-0.004,-0.109,-0.714,0.021,0.700,0.003,1399995904.000,-0.000,26413,26502,6,11,45,14.540,74.370,26455,26315,1257,1450,0
120089,-0.054,-0.012,-0.300,0.047,-0.020,-0.159,-0.713,0.015,0.701,0.006,1409995776.000,-0.000,26615,26489,5,10,45,14.500,74.290,26737,26525,1264,1329,0
120189,0.013,-0.004,0.280,0.092,-0.041,-0.180,-0.712,0.006,0.702,0.009,1414995712.000,0.000,26734,26462,3,10,45,14.500,74.290,26737,26525,1264,1329,0
120289,0.082,0.010,0.190,0.176,-0.060,-0.189,-0.711,-0.005,0.703,0.010,1414995712.000,-0.000,26809,26387,0,8,45,14.500,74.290,26737,26525,1264,1329,0
120389,0.149,0.035,0.890,0.193,-0.096,-0.133,-0.708,-0.018,0.706,0.008,1590681984.000,-0.000,28389,28013,-2,10,45,14.500,74.290,26737,26525,1264,1329,0
120490,0.622,0.021,1.210,0.188,-0.063,-0.021,-0.705,-0.027,0.709,0.005,1414995712.000,0.000,27312,25866,0,8,46,14.150,73.640,28328,27322,1499,1584,0
120590,1.075,0.037,-1.200,0.361,-0.009,0.561,-0.703,-0.033,0.711,-0.014,1414995712.000,0.001,26918,26276,-3,3,46,14.150,73.640,28328,27322,1499,1584,0
120690,0.361,-0.017,-0.420,-0.529,-0.019,0.646,-0.702,-0.008,0.711,-0.037,1414995712.000,-0.001,26137,27053,26,31,46,14.150,73.640,28328,27322,1499,1584,0
120790,-0.289,0.065,-0.350,0.391,-0.139,-0.030,-0.698,0.010,0.715,-0.040,1414995712.000,-0.399,26476,26721,-32,-16,46,14.470,74.080,26595,26881,1316,1305,0
120890,-0.261,0.085,-0.970,-0.403,-0.081,-0.163,-0.695,-0.004,0.717,-0.049,1414995712.000,-0.799,26632,26565,-2,11,46,14.470,74.080,26595,26881,1316,1305,0
120990,-0.074,0.109,-0.130,0.089,-0.007,-0.151,-0.694,0.005,0.720,-0.026,1414995712.000,0.001,26730,26467,-2,7,46,14.470,74.080,26595,26881,1316,1305,0
121090,0.498,-0.262,-1.410,0.849,-0.046,0.060,-0.693,-0.016,0.720,-0.043,1414995712.000,-0.409,27130,26057,-25,-34,46,14.470,74.080,26595,26881,1316,1305,0
121190,0.465,-0.113,-1.020,-0.484,-0.319,0.522,-0.685,-0.006,0.726,-0.057,1414995712.000,-0.005,26424,26773,20,42,46,14.470,74.080,26595,26881,1316,1305,0
121290,-0.506,0.251,-0.280,0.142,-0.188,0.461,-0.673,0.018,0.736,-0.069,1414995712.000,0.005,25535,27622,-12,15,46,14.500,74.080,26595,26737,1276,1379,0
121390,-0.455,0.263,0.670,0.362,0.233,-0.148,-0.676,0.011,0.733,-0.079,1414995712.000,-0.394,26509,26688,-19,-16,46,14.500,74.080,26595,26737,1276,1379,0
121491,0.105,0.416,0.730,-0.171,0.073,-0.082,-0.682,0.002,0.726,-0.080,1414995712.000,-0.482,26930,26264,-2,24,46,14.500,74.080,26595,26737,1276,1379,0
121591,0.149,0.570,1.900,-0.544,0.371,0.168,-0.688,0.019,0.722,-0.067,1414995712.000,0.027,26511,26686,21,33,46,14.500,74.080,26595,26737,1276,1379,0
121691,-0.050,0.437,-0.360,0.197,0.493,0.080,-0.706,0.029,0.705,-0.068,1520093696.000,0.019,27405,27732,-3,-1,46,14.470,74.160,26595,26809,1335,1335,0
121791,-0.530,-0.070,0.840,-0.306,0.280,-0.212,-0.718,0.029,0.693,-0.065,1414995712.000,-0.002,26324,26808,23,14,46,14.470,74.160,26595,26809,1335,1335,0
121891,-0.390,-0.092,0.870,0.228,-0.123,-0.414,-0.721,0.021,0.691,-0.048,1414995712.000,-0.002,26668,26530,-11,3,46,14.470,74.160,26595,26809,1335,1335,0
121991,0.443,-0.012,0.000,0.273,-0.086,-0.224,-0.717,-0.003,0.696,-0.048,1546760448.000,-0.001,28534,27066,-3,7,46,14.470,74.160,26595,26809,1335,1335,0
122090,-0.168,-0.068,1.520,-0.279,0.109,0.137,-0.718,-0.002,0.694,-0.047,1414995712.000,-0.001,25748,27423,20,16,47,14.480,72.920,27548,27472,1475,1347,0
122190,-0.277,-0.056,-0.360,-0.117,-0.129,-0.099,-0.718,0.013,0.695,-0.036,1414995712.000,-0.001,26419,26777,-1,13,47,14.480,72.920,27548,27472,1475,1347,0
122290,-0.207,0.025,0.410,0.186,-0.140,-0.200,-0.712,0.000,0.701,-0.036,1549113344.000,0.000,27844,27818,-5,9,47,14.480,72.920,27548,27472,1475,1347,0
122389,0.103,0.381,0.320,-0.187,0.089,-0.189,-0.713,-0.003,0.701,-0.026,1414995712.000,0.006,26893,26302,2,23,47,14.480,72.920,27548,27472,1475,1347,0
122489,0.263,0.356,0.580,-0.006,0.356,-0.021,-0.721,-0.005,0.693,-0.021,1414995712.000,0.007,26827,26369,6,7,47,14.500,73.800,26809,26178,1376,1375,0
122589,-0.014,-0.237,-1.440,-0.142,0.372,0.000,-0.734,-0.002,0.679,-0.019,1414995712.000,-0.002,26464,26733,25,-3,47,14.500,73.800,26809,26178,1376,1375,0
122689,-0.058,-0.229,1.190,0.203,-0.418,-0.146,-0.733,-0.003,0.680,-0.014,1414995712.000,-0.001,26696,26501,-16,12,47,14.500,73.800,26809,26178,1376,1375,0
122789,-0.012,-0.114,-2.190,0.274,-0.230,-0.041,-0.720,-0.018,0.693,-0.021,1414995712.000,-0.000,26605,26593,-3,7,47,14.500,73.800,26809,26178,1376,1375,0
122888,-0.013,-0.096,1.420,0.126,-0.028,0.011,-0.718,-0.024,0.695,-0.027,1414995712.000,-0.000,26583,26615,4,6,47,14.450,73.960,26595,26595,1345,1368,0
122988,0.073,-0.031,-0.760,0.154,-0.107,-0.133,-0.715,-0.032,0.698,-0.029,1414995712.000,-0.000,26878,26316,-2,9,47,14.450,73.960,26595,26595,1345,1368,0
123088,0.061,0.006,-2.090,0.010,-0.158,-0.054,-0.711,-0.039,0.702,-0.028,1414995712.000,-0.200,26680,26517,-6,10,47,14.450,73.960,26595,26595,1345,1368,0
123188,0.136,0.043,-1.140,-0.230,-0.086,-0.041,-0.707,-0.035,0.706,-0.021,1414995712.000,-0.600,26799,26397,-10,2,47,14.450,73.960,26595,26595,1345,1368,0
123287,0.152,0.016,1.870,-0.526,-0.073,0.022,-0.705,-0.023,0.709,-0.009,1414995712.000,-1.200,26740,26457,-18,-7,47,14.460,73.680,26595,26246,1405,1391,0
123387,0.323,0.040,1.940,-1.020,-0.108,0.054,-0.702,0.007,0.712,0.019,1414995712.000,-1.400,26906,26289,-7,7,47,14.460,73.680,26595,26246,1405,1391,0
123487,0.662,0.121,1.000,-1.120,-0.038,0.332,-0.698,0.055,0.712,0.056,1414995712.000,-0.797,26878,26317,8,22,47,14.460,73.680,26595,26246,1405,1391,0
123587,0.489,0.169,2.040,-0.559,-0.067,0.458,-0.696,0.097,0.709,0.068,1414995712.000,0.006,26619,26579,9,29,47,14.460,73.680,26595,26246,1405,1391,0
123687,0.392,0.215,-0.850,0.016,0.033,0.428,-0.695,0.119,0.707,0.060,1414995712.000,0.009,26623,26574,-5,9,47,14.460,73.680,26666,26666,1345,1328,0
123787,-0.209,0.129,0.510,-0.286,0.122,0.342,-0.698,0.135,0.701,0.050,1414995712.000,0.004,26000,27184,12,18,47,14.460,73.680,26666,26666,1345,1328,0
123887,-0.485,0.049,1.560,-0.343,0.044,-0.226,-0.698,0.153,0.696,0.067,1414995712.000,0.001,26557,26640,7,16,47,14.460,73.680,26666,26666,1345,1328,0
123987,-0.323,0.075,0.210,0.084,-0.111,-0.477,-0.694,0.138,0.702,0.079,1414995712.000,0.001,26914,26280,-6,12,48,14.430,73.400,27322,26385,1269,1320,0
124087,-0.044,0.071,-0.360,-0.090,0.111,-0.407,-0.692,0.125,0.704,0.097,1414995712.000,0.001,27029,26161,7,11,48,14.430,73.400,27322,26385,1269,1320,0
124187,0.347,0.130,-1.410,0.052,0.054,-0.100,-0.693,0.115,0.703,0.105,1310681984.000,0.002,26026,25166,-1,11,48,14.430,73.400,27322,26385,1269,1320,0
124287,0.441,0.200,1.050,-0.223,0.150,0.037,-0.696,0.119,0.699,0.112,1414995712.000,0.004,27000,26192,7,19,48,14.430,73.400,27322,26385,1269,1320,0
124388,0.508,0.260,-0.250,-0.237,0.204,0.102,-0.702,0.127,0.692,0.117,1414995712.000,0.007,27066,26124,5,18,48,14.450,73.400,27100,26041,1329,1353,0
124488,0.511,0.251,0.310,-0.146,0.300,0.249,-0.710,0.136,0.682,0.117,1414995712.000,0.008,26913,26281,8,13,48,14.450,73.400,27100,26041,1329,1353,0
124588,0.522,0.120,-0.160,-0.217,0.421,0.236,-0.721,0.149,0.666,0.118,1414995712.000,0.005,27018,26173,16,8,48,14.450,73.400,27100,26041,1329,1353,0
124688,0.517,0.012,-0.900,0.046,0.180,0.376,-0.733,0.157,0.652,0.110,1414995712.000,0.001,26846,26350,2,7,48,14.480,73.520,26809,26109,1386,1385,0
124788,0.260,-0.172,-1.640,-0.208,0.087,0.372,-0.739,0.169,0.645,0.097,1329505536.000,-0.009,25822,25743,16,13,48,14.480,73.520,26809,26109,1386,1385,0
124888,-0.129,-0.199,-0.850,-0.146,-0.060,0.088,-0.739,0.185,0.640,0.096,1282446720.000,-0.008,25335,25309,7,12,48,14.480,73.520,26809,26109,1386,1385,0
124988,-0.235,-0.158,-1.800,0.147,-0.211,-0.101,-0.734,0.187,0.645,0.098,1414995712.000,-0.006,26717,26480,-6,8,48,14.480,73.520,26809,26109,1386,1385,0
125088,0.012,-0.261,-1.930,0.407,-0.084,-0.066,-0.732,0.177,0.652,0.093,1414995712.000,-0.012,26932,26261,-4,-6,48,14.420,73.440,27027,26178,1374,1312,0
125189,0.287,-0.482,-1.670,0.380,-0.352,0.208,-0.730,0.166,0.659,0.078,1414995712.000,-0.028,26825,26371,-4,1,48,14.420,73.440,27027,26178,1374,1312,0
125288,-0.556,-0.083,0.920,-0.122,-0.621,0.220,-0.715,0.170,0.676,0.057,1414995712.000,-0.003,25859,27319,-5,35,48,14.420,73.440,27027,26178,1374,1312,0
125389,-0.627,0.023,-0.920,0.701,-0.124,-0.357,-0.702,0.165,0.690,0.055,1276172160.000,0.001,25352,25168,-22,-13,48,14.420,73.440,27027,26178,1374,1312,0
125489,-0.589,0.036,-1.290,0.383,-0.262,-0.398,-0.702,0.127,0.700,0.040,1384407424.000,0.001,26378,26241,-8,15,48,14.560,74.000,24813,25252,1313,1230,0
125589,-0.334,0.104,1.040,0.418,-0.197,-0.367,-0.693,0.104,0.712,0.043,1414995712.000,0.002,26830,26365,-14,7,48,14.560,74.000,24813,25252,1313,1230,0
125689,-0.231,0.132,1.190,0.392,-0.090,-0.223,-0.690,0.079,0.718,0.036,1414995712.000,0.001,26718,26479,-9,8,48,14.560,74.000,24813,25252,1313,1230,0
125789,-0.111,0.108,1.360,0.257,-0.088,-0.121,-0.688,0.062,0.723,0.030,1414995712.000,0.001,26730,26467,-6,11,48,14.560,74.000,24813,25252,1313,1230,0
125889,-0.046,0.061,0.680,0.346,-0.069,0.037,-0.686,0.050,0.726,0.021,1414995712.000,0.001,26618,26579,-8,5,49,14.440,73.400,26666,26525,1370,1338,0
125989,-0.084,0.072,-1.730,0.453,-0.112,0.099,-0.684,0.039,0.729,0.004,1414995712.000,0.001,26528,26669,-13,5,49,14.440,73.400,26666,26525,1370,1338,0
126089,-0.119,0.003,0.250,0.439,-0.070,0.096,-0.681,0.028,0.732,-0.016,1414995712.000,0.000,26521,26676,-9,3,49,14.440,73.400,26666,26525,1370,1338,0
126189,-0.149,0.043,1.230,0.157,-0.078,-0.006,-0.679,0.020,0.734,-0.030,1414995712.000,0.001,26625,26572,-2,14,49,14.440,73.400,26666,26525,1370,1338,0
126289,-0.208,0.251,0.090,0.298,-0.037,-0.096,-0.676,0.010,0.736,-0.035,1414995712.000,0.003,26606,26591,-14,10,49,14.450,73.800,26315,26595,1387,1326,0
126390,-0.228,0.274,-0.570,0.300,0.261,-0.134,-0.680,-0.005,0.732,-0.044,1414995712.000,-0.197,26618,26579,-12,-5,49,14.450,73.800,26315,26595,1387,1326,0
126490,-0.183,0.187,-0.510,0.054,0.182,-0.104,-0.690,-0.016,0.723,-0.047,1414995712.000,-0.599,26606,26591,-15,-3,49,14.450,73.800,26315,26595,1387,1326,0
126590,-0.146,0.154,0.300,-0.809,0.097,-0.076,-0.694,-0.009,0.719,-0.034,1414995712.000,-1.199,26612,26586,-4,10,49,14.450,73.800,26315,26595,1387,1326,0
126690,0.007,0.180,-0.120,-1.117,0.249,-0.081,-0.700,0.024,0.714,0.005,1414995712.000,-1.598,26799,26397,-9,-3,49,14.460,73.360,26595,26595,1369,1338,0
126790,0.181,0.298,-0.120,-1.404,0.258,0.099,-0.707,0.060,0.703,0.044,1414995712.000,-1.795,26700,26497,-6,8,49,14.460,73.360,26595,26595,1369,1338,0
126890,-0.065,-0.009,-0.520,-1.617,0.423,0.171,-0.711,0.121,0.686,0.096,1414995712.000,-0.900,26274,26920,37,17,49,14.460,73.360,26595,26595,1369,1338,0
126990,-0.199,-0.186,0.030,-0.521,0.167,-0.131,-0.717,0.156,0.667,0.131,1414995712.000,-0.001,26684,26513,14,13,49,14.460,73.360,26595,26595,1369,1338,0
127090,-0.113,-0.136,-0.810,0.350,-0.267,-0.207,-0.710,0.148,0.675,0.135,1414995712.000,-0.000,26774,26422,-20,1,49,14.420,73.160,26385,26525,1486,1303,0
127190,-0.048,-0.132,-0.480,-0.159,0.201,-0.148,-0.709,0.140,0.677,0.138,1414995712.000,-0.000,26752,26444,17,6,49,14.420,73.160,26385,26525,1486,1303,0
127290,0.086,-0.214,1.110,0.102,0.010,-0.134,-0.712,0.137,0.673,0.146,1414995712.000,-0.000,26896,26298,-2,1,49,14.420,73.160,26385,26525,1486,1303,0
127391,0.477,-0.295,0.730,0.282,-0.129,0.043,-0.710,0.125,0.679,0.138,1435387904.000,-0.005,27312,26257,-4,-1,49,14.420,73.160,26385,26525,1486,1303,0
127491,0.723,-0.272,-0.490,0.130,-0.144,0.341,-0.709,0.128,0.682,0.125,1428329088.000,-0.009,26965,26227,-1,3,50,14.430,72.840,27472,26041,1352,1351,0
127591,0.405,-0.144,-0.460,-0.236,-0.156,0.564,-0.706,0.147,0.684,0.108,1414995712.000,-0.005,26415,26782,7,19,50,14.430,72.840,27472,26041,1352,1351,0
127691,-0.358,-0.018,-0.250,-0.386,-0.081,-0.066,-0.701,0.170,0.684,0.109,1414995712.000,-0.000,26596,26601,7,20,50,14.430,72.840,27472,26041,1352,1351,0
127790,-0.188,-0.026,0.090,0.503,0.028,-0.288,-0.701,0.154,0.687,0.112,1414995712.000,-0.000,26883,26312,-16,-10,50,14.430,72.840,27472,26041,1352,1351,0
127890,-0.029,-0.015,-0.890,-0.422,-0.093,-0.169,-0.699,0.146,0.690,0.117,1414995712.000,-0.000,26842,26353,14,29,50,14.430,72.840,27472,26041,1352,1351,0
127990,0.128,-0.140,-1.000,-0.067,0.011,-0.126,-0.694,0.153,0.691,0.133,1424407424.000,-0.002,27031,26339,3,1,50,14.440,72.920,26881,26385,1362,1331,0
128090,0.160,-0.163,-0.200,-0.066,-0.149,-0.023,-0.692,0.150,0.693,0.134,1427544704.000,-0.002,26949,26482,1,12,50,14.440,72.920,26881,26385,1362,1331,0
128189,0.157,-0.116,0.440,-0.262,-0.093,0.024,-0.685,0.159,0.697,0.140,1426760448.000,-0.002,26922,26494,7,14,50,14.440,72.920,26881,26385,1362,1331,0
128289,0.162,-0.095,2.190,-0.127,-0.024,0.138,-0.683,0.167,0.697,0.142,1426760448.000,-0.002,26833,26585,4,9,50,14.440,72.920,26881,26385,1362,1331,0
128389,0.153,-0.085,0.190,-0.032,-0.023,0.203,-0.682,0.177,0.696,0.140,1427544704.000,-0.002,26773,26660,0,7,50,14.380,72.840,26595,26666,1433,1339,0
128489,-0.014,0.098,-0.140,-0.010,-0.001,0.260,-0.683,0.186,0.694,0.132,1415779968.000,0.002,26411,26800,-4,13,50,14.380,72.840,26595,26666,1433,1339,0
128588,-0.221,0.080,1.700,0.067,0.094,0.134,-0.686,0.193,0.690,0.126,1414995712.000,0.002,26390,26806,-2,5,50,14.380,72.840,26595,26666,1433,1339,0
128688,-0.331,0.048,0.780,0.024,0.093,-0.027,-0.690,0.193,0.686,0.124,1414995712.000,0.001,26493,26704,1,7,50,14.390,72.840,26246,26881,1416,1318,0
128788,-0.357,0.036,-2.020,-0.001,0.000,-0.104,-0.691,0.190,0.685,0.127,1414995712.000,0.001,26513,26685,-1,10,50,14.390,72.840,26246,26881,1416,1318,0
128888,-0.309,0.038,1.840,0.026,-0.013,-0.133,-0.690,0.185,0.687,0.130,1414995712.000,0.001,26554,26643,-2,10,50,14.390,72.840,26246,26881,1416,1318,0
128987,-0.244,0.041,-1.890,-0.054,-0.018,-0.208,-0.689,0.181,0.689,0.137,1414995712.000,0.000,26683,26514,1,12,50,14.390,72.840,26246,26881,1416,1318,0
129087,-0.148,0.049,2.040,-0.168,-0.013,-0.287,-0.685,0.178,0.690,0.150,1414995712.000,0.000,26863,26332,2,15,50,14.400,73.000,26737,26178,1359,1430,0
129187,0.035,0.043,1.690,-0.101,0.062,-0.247,-0.683,0.172,0.691,0.163,1414995712.000,0.000,26923,26271,3,10,50,14.400,73.000,26737,26178,1359,1430,0
129287,0.046,0.042,1.480,-0.178,0.220,-0.220,-0.684,0.170,0.687,0.177,1414995712.000,-0.000,26902,26292,9,8,50,14.400,73.000,26737,26178,1359,1430,0
129387,0.101,-0.064,-0.310,-0.068,0.191,-0.048,-0.690,0.166,0.680,0.187,1414995712.000,0.000,26745,26452,7,4,50,14.400,73.000,26737,26178,1359,1430,0
129487,0.254,-0.047,-0.240,-0.163,-0.014,0.023,-0.692,0.169,0.676,0.191,1414995712.000,-0.000,26942,26251,4,14,50,14.410,72.760,26666,26595,1377,1324,0
129587,0.543,-0.029,-0.290,0.063,-0.043,0.283,-0.691,0.174,0.677,0.187,1414995712.000,-0.000,26874,26320,-2,7,50,14.410,72.760,26666,26595,1377,1324,0
129687,0.447,-0.076,-0.190,-0.339,0.027,0.477,-0.693,0.195,0.670,0.180,1414995712.000,-0.002,26586,26612,13,16,50,14.410,72.760,26666,26595,1377,1324,0
129787,0.203,-0.043,-0.030,-0.056,-0.167,0.468,-0.692,0.217,0.668,0.168,1414995712.000,-0.001,26393,26804,-4,12,50,14.400,72.640,26246,26954,1392,1326,0
129887,-0.179,-0.080,-0.520,-0.251,0.032,0.148,-0.691,0.236,0.664,0.163,1414995712.000,-0.002,26466,26731,10,11,50,14.400,72.640,26246,26954,1392,1326,0
129987,-0.205,-0.088,-0.380,0.318,-0.040,-0.032,-0.692,0.233,0.664,0.160,1414995712.000,-0.002,26587,26611,-9,-2,50,14.400,72.640,26246,26954,1392,1326,0
130088,-0.222,-0.083,0.990,0.059,-0.021,-0.026,-0.692,0.225,0.667,0.157,1414995712.000,-0.002,26518,26679,3,8,50,14.400,72.640,26246,26954,1392,1326,0
130188,-0.239,-0.074,-0.860,0.076,-0.090,-0.063,-0.692,0.222,0.669,0.156,1414995712.000,-0.002,26533,26665,-2,9,51,14.380,72.600,26737,26809,1288,1327,0
130288,-0.195,-0.061,0.450,0.229,-0.209,-0.088,-0.688,0.216,0.676,0.152,1414995712.000,-0.001,26590,26608,-10,7,51,14.380,72.600,26737,26809,1288,1327,0
130388,-0.016,-0.099,-1.110,0.284,-0.267,-0.029,-0.682,0.207,0.686,0.144,1414995712.000,-0.003,26675,26523,-10,6,51,14.380,72.600,26737,26809,1288,1327,0
130488,-0.020,-0.013,1.860,0.072,-0.227,-0.009,-0.675,0.203,0.696,0.136,1414995712.000,-0.000,26638,26559,-4,14,51,14.380,72.600,26737,26809,1288,1327,0
130588,-0.267,0.196,-0.880,-0.069,-0.033,-0.094,-0.671,0.200,0.702,0.132,1414995712.000,0.004,26443,26753,1,19,51,14.380,72.720,26666,26666,1368,1320,0
130688,-0.253,0.189,1.970,0.148,0.052,-0.269,-0.670,0.193,0.703,0.139,1414995712.000,0.002,26692,26506,-6,8,51,14.380,72.720,26666,26666,1368,1320,0
130788,-0.148,0.173,0.840,0.287,0.062,-0.267,-0.672,0.175,0.706,0.140,1414995712.000,0.001,26764,26432,-9,4,51,14.380,72.720,26666,26666,1368,1320,0
130888,-0.074,0.154,1.430,0.332,0.057,-0.134,-0.675,0.157,0.708,0.137,1414995712.000,0.001,26668,26530,-9,4,51,14.410,72.550,26737,26595,1349,1330,0
130989,0.016,0.132,-0.050,0.351,0.083,-0.037,-0.679,0.143,0.708,0.129,1414995712.000,0.001,26690,26507,-8,2,51,14.410,72.550,26737,26595,1349,1330,0
131089,0.028,0.114,-0.850,0.178,0.031,0.086,-0.683,0.133,0.708,0.118,1414995712.000,0.001,26556,26641,-4,9,51,14.410,72.550,26737,26595,1349,1330,0
131189,0.045,0.032,0.700,0.017,0.056,0.140,-0.686,0.134,0.706,0.112,1414995712.000,0.000,26551,26646,2,9,51,14.410,72.550,26737,26595,1349,1330,0
131289,-0.021,0.013,-0.520,0.007,-0.033,0.171,-0.688,0.139,0.705,0.105,1414995712.000,0.000,26454,26743,-2,11,51,14.340,72.350,26455,26666,1356,1390,0
131389,-0.077,0.050,-0.670,-0.043,-0.140,0.117,-0.685,0.146,0.706,0.101,1414995712.000,0.001,26467,26730,-5,16,51,14.340,72.350,26455,26666,1356,1390,0
131489,-0.262,0.154,0.330,0.027,-0.046,0.042,-0.682,0.149,0.710,0.097,1414995712.000,0.002,26316,26879,-6,12,51,14.340,72.350,26455,26666,1356,1390,0
131589,-0.254,0.145,0.410,0.092,0.108,-0.091,-0.683,0.147,0.709,0.097,1414995712.000,0.002,26513,26684,-3,6,51,14.340,72.350,26455,26666,1356,1390,0
131689,-0.210,0.158,0.000,-0.008,0.168,-0.139,-0.688,0.140,0.705,0.099,1414995712.000,0.001,26568,26630,1,10,52,14.360,72.510,26385,26737,1409,1338,0
131789,-0.158,0.135,-0.220,-0.156,0.179,-0.116,-0.693,0.137,0.700,0.108,1414995712.000,0.001,26558,26640,5,13,52,14.360,72.510,26385,26737,1409,1338,0
131889,-0.112,0.081,-0.020,-0.217,0.207,-0.130,-0.697,0.138,0.693,0.119,1414995712.000,0.000,26618,26580,8,11,52,14.360,72.510,26385,26737,1409,1338,0
131989,-0.056,0.024,-1.080,-0.211,0.187,-0.157,-0.702,0.139,0.686,0.132,1414995712.000,0.000,26687,26510,7,10,52,14.360,72.510,26385,26737,1409,1338,0
132090,-0.004,-0.048,1.960,-0.262,0.152,-0.117,-0.705,0.141,0.680,0.145,1414995712.000,0.000,26676,26521,10,11,51,14.400,72.390,26809,26666,1338,1312,0
132190,0.030,-0.091,-0.630,-0.243,0.044,-0.077,-0.706,0.146,0.675,0.158,1414995712.000,0.000,26668,26529,6,12,51,14.400,72.390,26809,26666,1338,1312,0
132290,0.049,-0.090,-0.920,-0.151,-0.063,-0.038,-0.704,0.151,0.674,0.166,1414995712.000,0.000,26655,26542,1,12,51,14.400,72.390,26809,26666,1338,1312,0
132390,0.213,-0.108,1.210,-0.022,-0.119,0.077,-0.700,0.155,0.677,0.169,1414995712.000,-0.000,26697,26501,-2,9,51,14.400,72.390,26809,26666,1338,1312,0
132490,0.321,-0.123,1.340,-0.292,-0.037,0.199,-0.697,0.166,0.677,0.168,1414995712.000,-0.002,26683,26515,11,15,52,14.400,72.350,26595,26525,1396,1345,0
132590,0.227,-0.125,-1.280,-0.389,-0.009,0.172,-0.695,0.184,0.673,0.174,1414995712.000,-0.002,26637,26560,11,17,52,14.400,72.350,26595,26525,1396,1345,0
132690,-0.060,-0.065,0.940,-0.540,-0.024,0.017,-0.691,0.203,0.669,0.184,1414995712.000,-0.001,26562,26636,14,22,52,14.400,72.350,26595,26525,1396,1345,0
132790,-0.029,-0.066,-0.680,-0.299,0.060,-0.153,-0.686,0.214,0.666,0.202,1411074176.000,-0.000,26741,26382,8,10,52,14.400,72.350,26595,26525,1396,1345,0
132890,0.030,-0.068,-1.210,-0.399,-0.077,-0.162,-0.681,0.219,0.664,0.219,1336564352.000,-0.000,26085,25615,7,20,51,14.420,72.640,26178,25510,1292,1327,0
132990,0.094,-0.023,0.240,-0.418,-0.176,-0.167,-0.670,0.230,0.666,0.235,1414995712.000,-0.000,26869,26326,5,23,51,14.420,72.640,26178,25510,1292,1327,0
133091,0.147,0.030,0.820,-0.482,-0.170,-0.119,-0.657,0.241,0.668,0.251,1414995712.000,0.000,26873,26321,8,26,51,14.420,72.640,26178,25510,1292,1327,0
133191,0.194,0.056,0.480,-0.571,-0.022,-0.099,-0.646,0.256,0.666,0.271,1414995712.000,-0.000,26911,26283,13,23,51,14.420,72.640,26178,25510,1292,1327,0
133291,0.234,0.020,-0.100,-0.512,0.181,-0.090,-0.641,0.268,0.657,0.292,1414995712.000,-0.000,26956,26237,17,16,51,14.420,72.640,26178,25510,1292,1327,0
133391,0.267,-0.030,1.280,-0.586,0.059,-0.097,-0.638,0.280,0.646,0.314,1414995712.000,0.400,27018,26173,29,37,52,14.350,71.990,26809,26315,1426,1325,0
133490,0.297,-0.015,1.260,0.014,-0.130,-0.044,-0.629,0.289,0.643,0.327,1414995712.000,0.600,26988,26204,5,22,52,14.350,71.990,26809,26315,1426,1325,0
133590,0.582,0.224,0.220,0.506,-0.001,0.067,-0.632,0.279,0.651,0.313,1414995712.000,1.401,27314,25863,18,41,52,14.350,71.990,26809,26315,1426,1325,0
133690,0.847,0.289,-0.840,1.290,0.120,0.346,-0.648,0.258,0.659,0.281,1414995712.000,1.807,27164,26022,6,22,52,14.350,71.990,26809,26315,1426,1325,0
133790,0.785,0.123,1.590,1.547,0.219,0.763,-0.679,0.225,0.665,0.213,1414995712.000,1.805,26635,26562,11,13,52,14.350,72.150,26954,26455,1397,1279,0
133889,0.556,-0.406,0.170,1.341,0.003,0.714,-0.705,0.201,0.665,0.144,1414995712.000,1.178,26603,26595,6,-3,52,14.350,72.150,26954,26455,1397,1279,0
133989,0.307,-0.406,-0.040,1.073,-0.439,0.693,-0.711,0.183,0.674,0.078,1414995712.000,-0.027,26402,26794,-35,-18,52,14.350,72.150,26954,26455,1397,1279,0
134088,-0.857,0.014,0.130,-0.204,-0.329,0.477,-0.704,0.188,0.683,0.039,1414995712.000,0.000,25149,27973,7,42,52,14.350,72.150,26954,26455,1397,1279,0
134188,-0.896,0.093,0.130,0.401,-0.063,-0.258,-0.695,0.200,0.690,0.040,1414995712.000,0.004,26423,26773,-17,-4,52,14.390,72.230,25510,27472,1342,1422,0
134288,-0.714,0.016,-0.810,0.662,0.027,-0.284,-0.705,0.159,0.691,0.021,1414995712.000,0.001,26448,26749,-8,0,52,14.390,72.230,25510,27472,1342,1422,0
134387,-0.319,-0.067,0.430,0.009,-0.028,-0.241,-0.703,0.148,0.695,0.026,1414995712.000,-0.003,26783,26414,7,12,52,14.390,72.230,25510,27472,1342,1422,0
134488,-0.188,-0.099,-0.490,0.644,-0.048,-0.086,-0.707,0.123,0.696,0.013,1414995712.000,-0.004,26569,26628,-13,-5,52,14.390,72.230,25510,27472,1342,1422,0
134587,-0.523,0.030,0.420,-0.013,-0.117,-0.162,-0.703,0.113,0.702,0.008,1414995712.000,0.001,26261,26932,3,20,53,14.360,72.110,26455,26666,1390,1354,0
134687,-0.417,0.005,0.070,0.608,0.126,-0.360,-0.706,0.093,0.701,0.009,1414995712.000,0.000,26648,26549,-12,-11,53,14.360,72.110,26455,26666,1390,1354,0
134787,-0.285,-0.018,-1.560,0.284,-0.112,-0.258,-0.709,0.064,0.702,0.002,1414995712.000,-0.000,26591,26606,-4,13,53,14.360,72.110,26455,26666,1390,1354,0
134887,-0.271,0.053,1.150,0.229,0.004,-0.210,-0.706,0.052,0.707,0.003,1414995712.000,0.001,26556,26641,-4,6,52,14.390,71.870,26525,26666,1359,1359,0
134987,-0.188,0.026,-1.440,0.409,0.038,-0.224,-0.710,0.032,0.704,-0.001,1414995712.000,0.000,26662,26536,-8,2,52,14.390,71.870,26525,26666,1359,1359,0
135087,-0.109,0.043,1.220,0.194,-0.131,-0.182,-0.708,0.015,0.706,-0.005,1414995712.000,-0.400,26670,26527,-19,1,52,14.390,71.870,26525,26666,1359,1359,0
135187,-0.048,0.059,-0.300,-0.219,0.048,-0.129,-0.706,0.010,0.708,0.001,1394603520.000,-0.300,26473,26340,5,13,52,14.390,71.870,26525,26666,1359,1359,0
135287,-0.006,-0.013,-0.980,-0.111,0.079,-0.101,-0.708,0.015,0.705,0.014,1250289792.000,-0.200,25098,24907,-1,3,52,14.560,72.510,25445,25125,1279,1304,0
135387,0.027,-0.018,-0.430,0.086,-0.012,-0.050,-0.709,0.008,0.705,0.013,1267544704.000,-0.800,25236,25113,-26,-16,52,14.560,72.510,25445,25125,1279,1304,0
135487,0.044,-0.020,-0.680,-0.707,0.036,-0.054,-0.709,0.018,0.704,0.026,1414995712.000,-1.000,26702,26495,1,8,52,14.560,72.510,25445,25125,1279,1304,0
135587,0.063,-0.022,-2.220,-0.778,0.024,-0.050,-0.708,0.043,0.703,0.054,1414995712.000,-0.600,26714,26484,10,17,52,14.560,72.510,25445,25125,1279,1304,0
135687,0.069,-0.040,1.430,-0.233,0.050,0.027,-0.708,0.062,0.700,0.075,1414995712.000,0.000,26632,26565,10,16,53,14.340,71.950,26737,26809,1358,1260,0
135787,0.047,-0.055,-0.960,0.054,0.080,0.073,-0.709,0.067,0.697,0.076,1414995712.000,-0.200,26584,26613,-5,-2,53,14.340,71.950,26737,26809,1358,1260,0
135887,0.015,-0.124,0.250,-0.193,0.038,0.113,-0.712,0.068,0.695,0.072,1414995712.000,-0.800,26515,26683,-10,-8,53,14.340,71.950,26737,26809,1358,1260,0
135987,0.178,-0.247,-2.370,-0.771,-0.096,0.148,-0.709,0.091,0.693,0.086,1414995712.000,-0.903,26698,26499,5,8,53,14.340,72.070,26737,26525,1389,1317,0
136087,0.139,-0.295,-1.040,-0.426,-0.189,0.299,-0.703,0.122,0.694,0.099,1414995712.000,-0.005,26429,26767,12,18,53,14.340,72.070,26737,26525,1389,1317,0
136187,-0.116,-0.016,-0.650,0.380,-0.379,0.230,-0.695,0.131,0.702,0.086,1414995712.000,-0.000,26204,26988,-25,9,53,14.340,72.070,26737,26525,1389,1317,0
136287,-0.312,0.129,-0.470,-0.151,0.004,0.072,-0.688,0.135,0.709,0.076,1414995712.000,0.002,26272,26922,6,17,53,14.340,72.070,26737,26525,1389,1317,0
136387,-0.309,0.090,-0.440,0.308,0.183,-0.068,-0.692,0.132,0.705,0.075,1414995712.000,0.001,26425,26772,-6,-4,53,14.360,71.790,26455,26178,1345,1521,0
136488,-0.278,0.056,0.550,0.067,0.000,-0.108,-0.697,0.121,0.703,0.071,1414995712.000,0.001,26459,26738,-1,12,53,14.360,71.790,26455,26178,1345,1521,0
136588,-0.229,0.057,-0.520,0.131,0.062,-0.142,-0.697,0.115,0.705,0.073,1414995712.000,-0.199,26514,26684,-11,-3,53,14.360,71.790,26455,26178,1345,1521,0
136688,-0.172,0.025,0.200,-0.036,0.088,-0.146,-0.700,0.105,0.702,0.074,1414995712.000,-0.600,26546,26651,-11,-5,53,14.360,71.790,26455,26178,1345,1521,0
136788,-0.121,0.035,0.250,-0.528,-0.079,-0.122,-0.697,0.113,0.702,0.091,1414995712.000,0.000,26558,26640,13,29,53,14.350,71.950,26525,26595,1368,1375,0
136888,-0.069,-0.041,0.240,0.484,0.002,-0.132,-0.696,0.105,0.704,0.092,1414995712.000,-0.000,26610,26588,-15,-9,53,14.350,71.950,26525,26595,1368,1375,0
136988,0.167,-0.387,0.000,-0.087,-0.090,-0.014,-0.695,0.095,0.707,0.087,1414995712.000,-0.204,26729,26468,7,-1,53,14.350,71.950,26525,26595,1368,1375,0
137088,0.029,0.072,1.150,0.018,-0.258,0.129,-0.688,0.101,0.713,0.086,1414995712.000,-0.099,26340,26855,-13,24,53,14.350,71.950,26525,26595,1368,1375,0
137187,-0.107,0.226,-0.800,-0.229,-0.102,0.063,-0.679,0.112,0.720,0.087,1414995712.000,0.001,26373,26823,0,24,53,14.360,71.830,26315,26809,1356,1383,0
137287,-0.109,0.170,1.750,0.207,0.354,-0.034,-0.686,0.110,0.714,0.087,1414995712.000,-0.199,26505,26692,-8,-12,53,14.360,71.830,26315,26809,1356,1383,0
137387,-0.090,0.059,-2.360,-0.321,0.046,-0.030,-0.694,0.106,0.706,0.089,1414995712.000,-0.800,26497,26700,-10,3,53,14.360,71.830,26315,26809,1356,1383,0
137487,-0.070,0.058,1.180,-1.051,0.109,-0.062,-0.690,0.134,0.701,0.119,1414995712.000,-1.400,26553,26644,-7,-1,53,14.360,71.830,26315,26809,1356,1383,0
137587,-0.039,0.016,-0.760,-1.257,0.102,-0.041,-0.687,0.167,0.689,0.159,1414995712.000,-1.800,26531,26667,-12,-5,54,14.350,71.750,26737,26178,1323,1468,0
137687,-0.024,0.033,0.050,-1.888,-0.093,-0.044,-0.670,0.221,0.676,0.215,1414995712.000,-1.800,26564,26633,2,18,54,14.350,71.750,26737,26178,1323,1468,0
137787,-0.002,0.033,-0.020,-1.462,0.083,-0.023,-0.649,0.274,0.656,0.271,1414995712.000,-1.200,26551,26647,7,12,54,14.350,71.750,26737,26178,1323,1468,0
137887,0.186,-0.167,-0.110,-0.709,-0.033,-0.018,-0.634,0.307,0.640,0.306,1414995712.000,-0.301,26755,26441,10,12,54,14.350,71.750,26737,26178,1323,1468,0
137987,0.563,-0.446,-1.090,0.058,-0.304,0.262,-0.628,0.319,0.640,0.307,1414995712.000,-0.012,26778,26419,-4,2,53,14.350,71.830,26809,26385,1481,1240,0
138087,0.431,-0.323,-1.120,-0.134,-0.399,0.400,-0.619,0.339,0.646,0.291,1414995712.000,-0.010,26505,26693,1,15,53,14.350,71.830,26809,26385,1481,1240,0
138187,-0.293,0.259,-0.790,-0.382,-0.077,0.108,-0.612,0.360,0.643,0.286,1414995712.000,0.005,26216,26976,4,28,53,14.350,71.830,26809,26385,1481,1240,0
138287,-0.254,0.191,-0.470,0.500,0.349,-0.151,-0.620,0.349,0.640,0.289,1414995712.000,0.003,26522,26675,-11,-14,53,14.350,71.830,26809,26385,1481,1240,0
138387,-0.210,0.132,-0.270,-0.053,0.031,-0.106,-0.628,0.336,0.639,0.289,1414995712.000,0.002,26458,26739,1,18,54,14.330,71.710,26595,26455,1338,1427,0
138487,-0.109,0.099,1.190,0.236,0.253,-0.120,-0.630,0.331,0.638,0.295,1414995712.000,0.001,26571,26626,-4,-5,54,14.330,71.710,26595,26455,1338,1427,0
138587,0.386,-0.080,-0.080,0.294,0.183,0.019,-0.641,0.316,0.635,0.292,1415779968.000,-0.002,26963,26245,-1,-4,54,14.330,71.710,26595,26455,1338,1427,0
138687,0.353,-0.088,0.650,-0.189,-0.008,0.186,-0.644,0.320,0.632,0.288,1430681984.000,-0.003,26779,26712,8,15,54,14.330,71.710,26595,26455,1338,1427,0
138787,-0.190,-0.005,1.370,-0.346,0.131,0.093,-0.645,0.331,0.624,0.291,1414995712.000,-0.000,26199,26993,13,15,54,14.340,71.670,26385,26809,1384,1347,0
138887,-0.209,-0.053,2.050,0.333,0.167,-0.183,-0.647,0.327,0.620,0.299,1414995712.000,-0.000,26564,26634,-10,-11,54,14.340,71.670,26385,26809,1384,1347,0
138987,-0.078,-0.085,-2.140,0.072,0.017,-0.143,-0.652,0.312,0.623,0.298,1414995712.000,-0.001,26623,26574,2,8,54,14.340,71.670,26385,26809,1384,1347,0
139087,0.074,-0.218,-0.420,0.002,0.096,-0.096,-0.652,0.309,0.623,0.303,1474603520.000,-0.002,27317,26988,9,-1,54,14.340,71.670,26385,26809,1384,1347,0
139187,0.226,-0.311,0.890,0.202,-0.079,-0.013,-0.655,0.301,0.625,0.301,1471466240.000,-0.005,27313,26934,-2,-2,54,14.290,71.510,27173,27027,1460,1367,0
139287,0.201,-0.232,-0.590,-0.021,-0.361,0.124,-0.648,0.304,0.634,0.291,1467544704.000,-0.004,27063,27114,-3,15,54,14.290,71.510,27173,27027,1460,1367,0
139387,0.163,-0.168,2.190,0.207,-0.123,0.082,-0.644,0.307,0.641,0.282,1462054528.000,-0.003,27064,27011,-5,-1,54,14.290,71.510,27173,27027,1460,1367,0
139487,0.122,-0.043,1.050,0.204,-0.143,0.122,-0.645,0.305,0.647,0.270,1414995712.000,-0.001,26541,26657,-8,6,54,14.290,71.510,27173,27027,1460,1367,0
139587,0.015,0.117,-0.270,0.184,-0.190,0.140,-0.643,0.306,0.653,0.258,1414995712.000,0.003,26413,26784,-12,12,54,14.320,71.790,26737,26809,1278,1362,0
139687,-0.028,0.141,1.360,0.273,0.002,0.028,-0.644,0.304,0.657,0.248,1414995712.000,0.003,26547,26651,-10,2,54,14.320,71.790,26737,26809,1278,1362,0
139787,-0.047,0.054,-0.450,0.199,0.117,0.039,-0.651,0.296,0.657,0.239,1414995712.000,0.001,26493,26704,-1,1,54,14.320,71.790,26737,26809,1278,1362,0
139887,-0.012,-0.030,0.250,0.109,0.076,0.040,-0.657,0.291,0.654,0.236,1414995712.000,-0.001,26520,26678,0,3,54,14.320,71.790,26737,26809,1278,1362,0
139987,-0.036,-0.039,-0.440,-0.009,-0.004,0.034,-0.659,0.291,0.653,0.234,1414995712.000,-0.001,26493,26704,0,8,54,14.300,71.510,26666,26666,1330,1374,0
140087,-0.063,-0.031,-0.010,-0.044,-0.008,-0.017,-0.657,0.293,0.653,0.235,1414995712.000,-0.001,26532,26666,0,7,54,14.300,71.510,26666,26666,1330,1374,0
140187,-0.047,-0.051,0.780,0.083,0.112,-0.056,-0.659,0.290,0.652,0.236,1414995712.000,-0.001,26578,26619,1,0,54,14.300,71.510,26666,26666,1330,1374,0
140287,-0.058,-0.084,-0.640,0.057,0.082,-0.050,-0.663,0.285,0.650,0.237,1414995712.000,-0.002,26533,26665,2,3,54,14.300,71.510,26666,26666,1330,1374,0
140387,-0.080,-0.097,0.740,0.009,-0.006,-0.093,-0.664,0.281,0.650,0.239,1414995712.000,-0.002,26582,26616,0,6,54,14.340,71.710,26881,26666,1276,1377,0
140487,-0.046,-0.085,-0.490,0.052,-0.150,-0.106,-0.661,0.278,0.654,0.240,1414995712.000,-0.001,26615,26583,-5,8,54,14.340,71.710,26881,26666,1276,1377,0
140587,-0.007,-0.119,1.260,0.080,-0.162,-0.100,-0.654,0.276,0.661,0.241,1414995712.000,-0.002,26641,26557,-4,5,54,14.340,71.710,26881,26666,1276,1377,0
140687,0.039,-0.129,-2.120,0.131,-0.141,-0.096,-0.650,0.271,0.669,0.239,1393819264.000,-0.001,26482,26315,-4,3,54,14.340,71.710,26881,26666,1276,1377,0
140787,0.110,-0.137,-0.270,0.187,-0.132,-0.044,-0.646,0.266,0.676,0.234,1393819264.000,-0.001,26497,26300,-5,2,54,14.360,71.750,25974,26525,1486,1282,0
140887,0.151,-0.117,-1.300,0.199,-0.132,0.006,-0.644,0.261,0.682,0.226,1394603520.000,-0.001,26499,26313,-6,3,54,14.360,71.750,25974,26525,1486,1282,0
140987,0.138,-0.079,-1.740,0.199,-0.118,0.026,-0.642,0.257,0.688,0.218,1403230976.000,-0.000,26554,26422,-6,3,54,14.360,71.750,25974,26525,1486,1282,0
141087,0.121,-0.049,0.140,0.191,-0.100,0.023,-0.641,0.253,0.694,0.209,1414995712.000,0.000,26666,26531,-6,4,55,14.280,71.630,26525,26737,1416,1313,0
141187,0.107,-0.030,1.240,0.117,-0.041,0.021,-0.641,0.250,0.697,0.203,1414995712.000,0.001,26664,26533,-3,4,55,14.280,71.630,26525,26737,1416,1313,0
141287,0.094,0.001,-1.920,0.042,0.018,0.039,-0.642,0.248,0.698,0.199,1414995712.000,0.001,26637,26560,-1,6,55,14.280,71.630,26525,26737,1416,1313,0
141387,0.046,0.158,1.980,-0.006,0.088,0.077,-0.644,0.249,0.696,0.197,1414995712.000,0.004,26546,26652,-4,11,55,14.280,71.630,26525,26737,1416,1313,0
141487,-0.101,0.238,-1.960,-0.019,0.210,0.048,-0.649,0.251,0.691,0.196,1414995712.000,0.004,26445,26752,-1,8,55,14.290,71.550,26737,26525,1320,1406,0
141587,-0.134,0.158,1.060,0.092,0.344,-0.037,-0.659,0.248,0.682,0.199,1414995712.000,0.002,26540,26658,1,-2,55,14.290,71.550,26737,26525,1320,1406,0
141687,-0.127,0.107,-0.570,0.008,0.282,-0.044,-0.670,0.241,0.672,0.202,1414995712.000,0.001,26540,26658,3,3,55,14.290,71.550,26737,26525,1320,1406,0
141787,-0.105,0.067,0.230,-0.076,0.151,-0.060,-0.676,0.238,0.665,0.208,1414995712.000,0.001,26566,26631,2,7,55,14.290,71.550,26737,26525,1320,1406,0
141887,-0.080,0.130,-0.630,0.009,0.127,-0.068,-0.679,0.236,0.661,0.213,1414995712.000,0.001,26591,26607,-3,5,55,14.340,71.630,26737,26737,1328,1336,0
141987,-0.044,0.086,0.500,0.052,0.192,-0.063,-0.685,0.231,0.657,0.216,1414995712.000,0.001,26611,26587,0,2,55,14.340,71.630,26737,26737,1328,1336,0
142087,-0.020,0.033,-0.420,-0.058,0.170,-0.059,-0.690,0.227,0.651,0.220,1414995712.000,0.001,26627,26571,4,5,55,14.340,71.630,26737,26737,1328,1336,0
142187,-0.001,-0.001,0.240,-0.038,0.032,-0.033,-0.692,0.226,0.647,0.225,1414995712.000,0.001,26610,26588,-1,7,55,14.300,71.510,26809,26595,1330,1356,0
142287,0.008,0.003,0.870,-0.037,-0.079,-0.020,-0.690,0.227,0.648,0.227,1414995712.000,0.001,26612,26586,-3,9,55,14.300,71.510,26809,26595,1330,1356,0
142388,0.034,0.004,-1.840,-0.138,-0.089,-0.039,-0.686,0.230,0.651,0.230,1414995712.000,0.000,26664,26533,1,12,55,14.300,71.510,26809,26595,1330,1356,0
142488,0.047,-0.046,1.150,-0.152,-0.046,-0.032,-0.682,0.235,0.651,0.235,1414995712.000,-0.000,26664,26534,2,9,55,14.300,71.510,26809,26595,1330,1356,0
142588,0.047,-0.025,0.240,-0.039,-0.096,0.017,-0.679,0.238,0.653,0.237,1414995712.000,0.000,26612,26585,-3,8,55,14.270,71.670,26595,26666,1379,1341,0
142687,0.235,-0.026,2.100,0.188,-0.064,0.097,-0.677,0.238,0.656,0.233,1414995712.000,-0.000,26702,26495,-8,0,55,14.270,71.670,26595,26666,1379,1341,0
142787,0.202,-0.055,-0.400,-0.083,-0.118,0.114,-0.677,0.242,0.658,0.227,1364015360.000,-0.001,26191,26039,1,11,55,14.270,71.670,26595,26666,1379,1341,0
142887,0.035,-0.060,-1.400,-0.156,-0.088,0.050,-0.672,0.250,0.659,0.227,1374995712.000,-0.001,26208,26232,2,10,55,14.270,71.670,26595,26666,1379,1341,0
142987,0.025,-0.058,-0.940,0.000,-0.089,0.024,-0.668,0.255,0.661,0.228,1414995712.000,-0.001,26619,26579,-3,5,56,14.300,71.350,26595,26737,1388,1320,0
143087,0.005,-0.042,0.960,-0.039,-0.150,0.062,-0.665,0.258,0.664,0.225,1372642816.000,-0.001,26158,26238,-3,10,56,14.300,71.350,26595,26737,1388,1320,0
143187,-0.088,0.089,0.460,-0.119,-0.153,0.018,-0.659,0.264,0.667,0.225,1414995712.000,0.001,26495,26702,-5,16,56,14.300,71.350,26595,26737,1388,1320,0
143287,-0.088,0.117,1.160,-0.094,-0.006,-0.040,-0.654,0.269,0.669,0.229,1413427072.000,-0.198,26578,26590,-9,2,56,14.300,71.350,26595,26737,1388,1320,0
143387,-0.075,0.101,0.390,-0.302,0.049,-0.048,-0.654,0.271,0.666,0.236,1311466240.000,-0.599,25607,25608,-9,1,56,14.340,71.910,26246,25773,1152,1258,0
143487,-0.083,0.109,0.600,-0.717,0.009,-0.036,-0.645,0.290,0.659,0.257,1414995712.000,0.001,26569,26629,20,32,56,14.340,71.910,26246,25773,1152,1258,0
143587,-0.119,0.090,-1.360,0.209,0.054,-0.052,-0.644,0.294,0.655,0.266,1414995712.000,0.001,26555,26642,-13,-4,56,14.340,71.910,26246,25773,1152,1258,0
143687,-0.096,0.097,0.800,-0.113,-0.071,-0.051,-0.643,0.289,0.658,0.264,1414995712.000,0.001,26568,26629,0,17,56,14.340,71.910,26246,25773,1152,1258,0
143787,-0.078,0.098,-1.040,-0.117,0.064,-0.032,-0.640,0.293,0.656,0.272,1414995712.000,0.001,26564,26634,1,8,55,14.290,71.510,26455,26809,1401,1320,0
143887,-0.073,0.065,0.700,0.004,0.102,-0.008,-0.643,0.292,0.652,0.274,1414995712.000,0.000,26540,26657,-1,5,55,14.290,71.510,26455,26809,1401,1320,0
143987,-0.073,0.053,0.360,-0.044,0.004,-0.006,-0.645,0.292,0.651,0.275,1414995712.000,0.000,26538,26660,-1,10,55,14.290,71.510,26455,26809,1401,1320,0
144087,-0.070,0.064,-1.260,-0.126,-0.057,-0.011,-0.642,0.295,0.651,0.278,1383623168.000,0.000,26247,26357,-1,13,55,14.290,71.510,26455,26809,1401,1320,0
144187,-0.068,0.074,1.920,-0.077,-0.003,0.004,-0.640,0.298,0.651,0.280,1414995712.000,0.000,26520,26678,-1,10,55,14.290,71.510,26455,26809,1401,1320,0
144287,-0.072,0.063,-2.270,-0.062,0.099,0.013,-0.640,0.300,0.648,0.283,1414995712.000,0.000,26508,26690,2,6,55,14.230,71.430,26455,26737,1398,1364,0
144387,-0.073,0.016,0.870,-0.054,0.198,-0.003,-0.644,0.301,0.642,0.287,1414995712.000,0.000,26524,26673,4,3,55,14.230,71.430,26455,26737,1398,1364,0
144487,-0.073,-0.036,-0.760,0.011,0.137,0.008,-0.649,0.299,0.636,0.291,1414995712.000,-0.000,26502,26696,1,3,55,14.230,71.430,26455,26737,1398,1364,0
144587,-0.067,-0.055,-0.970,0.108,0.003,-0.033,-0.652,0.295,0.635,0.290,1414995712.000,-0.000,26557,26641,-4,4,55,14.230,71.430,26455,26737,1398,1364,0
144687,-0.050,-0.051,0.930,0.149,-0.032,-0.032,-0.653,0.290,0.638,0.287,1414995712.000,-0.000,26551,26647,-5,3,56,14.280,71.510,26666,26246,1351,1459,0
144787,-0.051,-0.036,-1.770,0.136,-0.070,0.031,-0.653,0.287,0.642,0.282,1414995712.000,-0.000,26471,26726,-5,5,56,14.280,71.510,26666,26246,1351,1459,0
144887,-0.073,-0.007,1.180,0.103,-0.132,0.086,-0.652,0.286,0.646,0.275,1414995712.000,-0.000,26392,26804,-6,9,56,14.280,71.510,26666,26246,1351,1459,0
144987,-0.099,0.045,1.120,0.058,-0.209,0.039,-0.648,0.289,0.651,0.269,1414995712.000,0.000,26442,26755,-9,12,56,14.280,71.510,26666,26246,1351,1459,0
145087,-0.113,0.107,-1.040,0.111,-0.201,0.032,-0.643,0.290,0.658,0.262,1414995712.000,0.001,26417,26780,-11,11,56,14.280,71.590,26666,26881,1312,1339,0
145187,-0.126,0.150,-0.680,0.032,-0.094,0.029,-0.639,0.292,0.663,0.257,1414995712.000,0.001,26400,26796,-6,11,56,14.280,71.590,26666,26881,1312,1339,0
145287,-0.034,0.051,0.120,-0.056,0.037,0.052,-0.639,0.294,0.663,0.256,1414995712.000,-0.399,26488,26710,-12,-6,56,14.280,71.590,26666,26881,1312,1339,0
145387,-0.043,0.036,0.910,-0.597,-0.017,0.121,-0.639,0.302,0.658,0.260,1414995712.000,-0.999,26359,26836,-10,3,56,14.280,71.590,26666,26881,1312,1339,0
145487,-0.056,0.109,0.410,-1.142,-0.031,0.054,-0.621,0.339,0.644,0.290,1397740800.000,-0.398,26271,26600,22,38,56,14.290,71.470,26595,26737,1304,1399,0
145587,-0.101,0.169,-1.150,-0.288,0.137,0.018,-0.612,0.361,0.631,0.313,1414995712.000,0.003,26398,26798,1,10,56,14.290,71.470,26595,26737,1304,1399,0
145687,-0.088,0.122,0.260,0.000,0.131,-0.056,-0.615,0.359,0.626,0.318,1414995712.000,0.002,26479,26718,-3,5,56,14.290,71.470,26595,26737,1304,1399,0
145787,-0.062,0.115,-1.250,-0.136,0.150,-0.068,-0.619,0.358,0.620,0.324,1414995712.000,0.001,26508,26689,2,10,56,14.270,71.390,26246,26666,1431,1377,0
145887,0.315,0.229,0.350,-0.008,0.188,0.070,-0.622,0.356,0.615,0.329,1414995712.000,0.006,26716,26481,-4,8,56,14.270,71.390,26246,26666,1431,1377,0
145987,0.233,0.267,0.930,-0.186,0.327,0.197,-0.631,0.359,0.603,0.330,1414995712.000,0.008,26458,26739,6,11,56,14.270,71.390,26246,26666,1431,1377,0
146087,-0.020,0.061,0.090,-0.251,0.329,0.118,-0.640,0.365,0.586,0.337,1414995712.000,0.002,26321,26873,12,7,56,14.270,71.390,26246,26666,1431,1377,0
146187,-0.203,-0.210,-0.220,-0.102,0.154,-0.141,-0.643,0.366,0.575,0.348,1414995712.000,-0.002,26494,26703,6,0,56,14.300,71.430,26315,26737,1362,1410,0
146287,-0.129,-0.186,-0.380,0.091,-0.248,-0.207,-0.639,0.359,0.583,0.350,1278525184.000,-0.001,25284,25283,-9,9,56,14.300,71.430,26315,26737,1362,1410,0
146388,-0.056,-0.109,-1.660,-0.082,-0.212,-0.180,-0.627,0.360,0.594,0.353,1414995712.000,-0.001,26619,26578,-1,12,56,14.300,71.430,26315,26737,1362,1410,0
146488,0.020,-0.079,0.450,0.027,-0.039,-0.129,-0.621,0.358,0.599,0.357,1414995712.000,-0.000,26628,26569,-1,4,56,14.300,71.430,26315,26737,1362,1410,0
146588,0.414,-0.149,0.440,0.274,-0.107,0.124,-0.621,0.352,0.604,0.354,1414995712.000,-0.003,26691,26506,-9,-1,56,14.260,70.900,26595,26737,1391,1325,0
146688,0.322,-0.088,-0.660,-0.206,-0.243,0.233,-0.620,0.361,0.606,0.343,1414995712.000,-0.002,26551,26647,2,20,56,14.260,70.900,26595,26737,1391,1325,0
146788,-0.142,0.036,0.450,-0.013,-0.108,0.157,-0.617,0.373,0.606,0.337,1414995712.000,0.000,26143,27047,-4,11,56,14.260,70.900,26595,26737,1391,1325,0
146888,-0.185,0.068,0.980,0.086,-0.109,-0.193,-0.612,0.375,0.609,0.338,1414995712.000,0.001,26619,26578,-9,8,56,14.270,71.390,26666,26737,1342,1348,0
146988,-0.114,0.095,-0.470,0.058,-0.069,-0.166,-0.608,0.367,0.617,0.339,1414995712.000,0.001,26599,26599,-6,10,56,14.270,71.390,26666,26737,1342,1348,0
147088,0.011,0.105,0.480,-0.042,0.000,-0.158,-0.604,0.364,0.621,0.343,1298132992.000,0.001,25618,25335,-2,11,56,14.270,71.390,26666,26737,1342,1348,0
147188,0.070,0.096,-0.160,0.011,0.071,-0.130,-0.602,0.360,0.622,0.349,1276172160.000,0.001,25390,25131,-2,7,56,14.270,71.390,26666,26737,1342,1348,0
147289,0.100,0.068,-0.040,0.047,0.122,-0.046,-0.603,0.355,0.621,0.354,1414995712.000,0.000,26649,26549,-1,5,56,14.230,71.190,26737,26315,1315,1342,0
147389,0.058,0.045,0.410,-0.117,0.048,-0.036,-0.604,0.354,0.618,0.357,1414995712.000,-0.000,26633,26565,1,12,56,14.230,71.190,26737,26315,1315,1342,0
147489,0.058,0.034,-0.640,0.051,0.040,0.052,-0.604,0.354,0.617,0.359,1414995712.000,0.200,26537,26660,2,12,56,14.230,71.190,26737,26315,1315,1342,0
147589,0.022,0.018,0.380,0.372,0.087,0.121,-0.610,0.352,0.616,0.353,1414995712.000,1.000,26452,26745,14,20,56,14.230,71.190,26737,26315,1315,1342,0
147689,-0.025,0.018,0.070,0.988,-0.097,0.120,-0.625,0.331,0.627,0.326,1414995712.000,0.400,26425,26771,-28,-11,56,14.260,71.430,26525,26666,1352,1392,0
147789,-0.071,0.029,0.120,0.091,0.039,0.091,-0.635,0.317,0.636,0.303,1414995712.000,0.400,26424,26772,17,25,56,14.260,71.430,26525,26666,1352,1392,0
147889,-0.100,0.025,-0.890,0.543,-0.054,0.053,-0.637,0.318,0.635,0.299,1414995712.000,0.800,26429,26767,-3,12,56,14.260,71.430,26525,26666,1352,1392,0
147989,0.227,0.130,-0.800,1.053,-0.034,0.090,-0.650,0.291,0.649,0.267,1414995712.000,0.903,26783,26413,-13,5,56,14.260,71.430,26525,26666,1352,1392,0
148089,0.589,0.238,-1.650,0.552,0.190,0.531,-0.668,0.268,0.655,0.229,1414995712.000,0.011,26494,26703,-11,-1,56,14.270,71.350,26595,26041,1474,1407,0
148189,-0.187,0.137,-2.180,-0.463,0.219,0.578,-0.679,0.292,0.636,0.220,1414995712.000,0.004,25408,27738,15,20,56,14.270,71.350,26595,26041,1474,1407,0
148290,-0.498,0.020,-0.600,-0.049,0.113,-0.148,-0.683,0.310,0.624,0.219,1414995712.000,0.001,26410,26786,-2,4,56,14.270,71.350,26595,26041,1474,1407,0
148390,-0.393,-0.014,0.990,0.223,0.062,-0.293,-0.687,0.291,0.628,0.221,1414995712.000,-0.000,26503,26694,-5,2,56,14.270,71.350,26595,26041,1474,1407,0
148490,-0.274,-0.036,0.000,-0.111,0.026,-0.246,-0.685,0.283,0.630,0.232,1336564352.000,-0.000,25751,25951,3,11,57,14.270,71.390,26666,26809,1337,1362,0
148590,-0.202,-0.095,-1.740,0.098,-0.001,-0.200,-0.684,0.275,0.632,0.239,1414995712.000,-0.001,26488,26709,-3,3,57,14.270,71.390,26666,26809,1337,1362,0
148690,-0.136,-0.083,-1.810,-0.028,-0.124,-0.173,-0.680,0.269,0.637,0.244,1414995712.000,-0.001,26528,26670,-2,12,57,14.270,71.390,26666,26809,1337,1362,0
148790,0.191,-0.082,1.240,-0.051,-0.207,-0.107,-0.673,0.267,0.644,0.247,1414995712.000,-0.002,26847,26348,-4,13,57,14.270,71.390,26666,26809,1337,1362,0
148890,0.226,-0.015,0.400,-0.117,-0.217,0.101,-0.665,0.271,0.651,0.246,1414995712.000,-0.000,26547,26651,-2,17,57,14.270,71.390,26809,26178,1386,1403,0
148990,0.063,-0.016,-0.490,-0.161,-0.068,0.117,-0.659,0.281,0.653,0.245,1414995712.000,-0.000,26376,26820,2,12,57,14.270,71.390,26809,26178,1386,1403,0
149090,-0.133,0.039,-0.970,-0.174,-0.012,-0.059,-0.657,0.288,0.651,0.249,1414995712.000,0.001,26465,26732,0,13,57,14.270,71.390,26809,26178,1386,1403,0
149190,-0.170,0.082,-0.390,-0.054,0.007,-0.151,-0.654,0.288,0.651,0.256,1414995712.000,0.001,26515,26683,-4,11,57,14.270,71.390,26809,26178,1386,1403,0
149290,-0.104,0.082,-0.030,-0.031,0.003,-0.170,-0.651,0.283,0.653,0.263,1414995712.000,0.000,26583,26614,-3,11,57,14.260,71.270,26385,26666,1416,1361,0
149391,-0.047,0.073,0.620,-0.126,0.068,-0.138,-0.650,0.280,0.653,0.271,1439309440.000,0.000,26839,26813,4,12,57,14.260,71.270,26385,26666,1416,1361,0
149491,0.305,0.005,0.130,-0.039,0.047,-0.141,-0.649,0.278,0.651,0.280,1433034880.000,0.600,27206,26323,18,27,57,14.260,71.270,26385,26666,1416,1361,0
149591,0.282,0.026,0.430,0.452,-0.123,0.042,-0.649,0.269,0.657,0.273,1414995712.000,0.000,26638,26560,-28,-9,57,14.260,71.270,26385,26666,1416,1361,0
149691,0.071,0.051,0.170,-0.301,-0.042,0.010,-0.650,0.267,0.661,0.264,1414995712.000,0.000,26583,26615,11,24,57,14.250,71.390,26525,26809,1316,1387,0
149790,0.309,-0.032,0.460,0.259,0.000,0.064,-0.647,0.274,0.658,0.271,1414995712.000,-0.000,26767,26430,-14,-6,57,14.250,71.390,26525,26809,1316,1387,0
149890,0.494,-0.066,-0.560,0.161,-0.119,0.434,-0.653,0.272,0.661,0.250,1414995712.000,-0.002,26500,26697,-4,10,57,14.250,71.390,26525,26809,1316,1387,0
149990,0.311,-0.015,0.430,-0.272,-0.097,0.473,-0.650,0.296,0.657,0.240,1414995712.000,-0.000,26359,26837,4,18,57,14.250,71.390,26525,26809,1316,1387,0
150090,-0.027,0.041,-0.030,0.104,0.080,0.409,-0.657,0.309,0.650,0.225,1414995712.000,0.002,26085,27103,-4,4,57,14.250,71.350,26525,26954,1285,1389,0
150190,-0.283,0.026,1.000,-0.019,0.067,0.151,-0.662,0.316,0.643,0.218,1414995712.000,0.001,26186,27006,0,9,57,14.250,71.350,26525,26954,1285,1389,0
150289,-0.486,0.064,0.510,0.160,0.077,-0.026,-0.665,0.315,0.641,0.216,1420485888.000,0.002,26118,27172,-7,4,57,14.250,71.350,26525,26954,1285,1389,0
150389,-0.523,0.067,0.490,0.172,0.164,-0.256,-0.670,0.306,0.641,0.217,1416564352.000,0.002,26383,26842,-3,2,57,14.250,71.350,26525,26954,1285,1389,0
150489,-0.330,0.003,0.160,0.288,0.164,-0.284,-0.676,0.286,0.642,0.221,1451074176.000,0.000,26876,26995,-5,-1,57,14.260,71.310,26385,26809,1405,1376,0
150589,-0.031,0.046,0.890,0.263,-0.043,-0.168,-0.679,0.270,0.646,0.223,1444799616.000,0.001,26907,26848,-12,6,57,14.260,71.310,26385,26809,1405,1376,0
150688,0.200,0.056,1.960,0.100,0.094,0.096,-0.681,0.264,0.647,0.219,1414995712.000,0.002,26509,26688,0,6,57,14.260,71.310,26385,26809,1405,1376,0
150788,-0.349,-0.100,-0.130,-0.264,0.082,0.069,-0.685,0.268,0.642,0.218,1414995712.000,-0.001,25946,27236,13,15,57,14.260,71.310,26385,26809,1405,1376,0
150888,-0.277,-0.094,1.560,0.269,-0.092,-0.290,-0.682,0.264,0.644,0.226,1418917248.000,-0.001,26613,26659,-15,-2,57,14.230,71.310,26455,26737,1400,1367,0
150988,-0.183,-0.063,-0.680,0.060,-0.120,-0.188,-0.679,0.249,0.654,0.224,1419701632.000,-0.000,26524,26761,-2,12,57,14.230,71.310,26455,26737,1400,1367,0
151087,-0.114,-0.028,0.120,0.088,-0.096,-0.169,-0.672,0.246,0.659,0.229,1419701632.000,-0.000,26572,26714,-7,7,57,14.230,71.310,26455,26737,1400,1367,0
151187,0.154,-0.009,0.350,0.292,-0.084,-0.109,-0.671,0.236,0.665,0.227,1494211456.000,-0.000,27504,27162,-13,2,57,14.230,71.310,26455,26737,1400,1367,0
151287,0.373,-0.017,0.880,0.077,-0.129,0.178,-0.670,0.232,0.671,0.217,1426760448.000,-0.000,26709,26709,-3,12,57,14.210,70.660,27777,26809,1371,1461,0
151387,-0.015,0.060,0.940,-0.164,-0.107,0.210,-0.667,0.243,0.672,0.211,1414995712.000,0.001,26142,27048,-1,18,57,14.210,70.660,27777,26809,1371,1461,0
151487,-0.176,0.078,1.330,-0.017,-0.029,-0.078,-0.664,0.250,0.671,0.215,1414995712.000,0.001,26411,26785,-6,8,57,14.210,70.660,27777,26809,1371,1461,0
151587,-0.136,0.077,-1.180,0.102,-0.056,-0.152,-0.664,0.243,0.674,0.215,1414995712.000,0.001,26539,26658,-9,9,57,14.230,71.310,26737,26809,1325,1335,0
151687,0.015,0.110,0.760,0.100,-0.140,-0.124,-0.659,0.238,0.680,0.216,1422838912.000,0.001,26716,26629,-12,12,57,14.230,71.310,26737,26809,1325,1335,0
151787,0.200,0.143,-1.740,0.006,-0.070,-0.050,-0.656,0.234,0.685,0.214,1414995712.000,0.002,26718,26479,-5,14,57,14.230,71.310,26737,26809,1325,1335,0
151887,0.300,0.139,-1.910,-0.168,0.094,-0.042,-0.654,0.236,0.684,0.220,1414995712.000,0.002,26818,26378,2,13,57,14.230,71.310,26737,26809,1325,1335,0
151987,0.402,0.086,-0.030,-0.112,0.232,0.081,-0.659,0.238,0.676,0.225,1414995712.000,0.002,26783,26413,4,7,57,14.240,71.430,27100,26246,1301,1410,0
152088,0.355,0.017,2.010,-0.224,0.269,0.159,-0.667,0.243,0.666,0.228,1414995712.000,0.000,26667,26530,10,9,57,14.240,71.430,27100,26246,1301,1410,0
152188,0.295,-0.044,-0.820,-0.199,0.126,0.142,-0.673,0.253,0.655,0.233,1414995712.000,-0.001,26666,26532,4,10,57,14.240,71.430,27100,26246,1301,1410,0
152288,0.243,-0.065,-0.800,-0.124,0.031,0.114,-0.675,0.262,0.648,0.235,1414995712.000,-0.002,26667,26531,1,9,57,14.240,71.430,27100,26246,1301,1410,0
152388,0.197,-0.076,1.660,-0.112,0.071,0.110,-0.677,0.269,0.644,0.235,1414995712.000,-0.002,26638,26560,3,8,58,14.240,71.350,26809,26595,1344,1351,0
152488,0.159,-0.102,-1.850,-0.133,0.121,0.086,-0.679,0.275,0.638,0.237,1414995712.000,-0.003,26638,26560,6,6,58,14.240,71.350,26809,26595,1344,1351,0
152588,0.128,-0.138,-0.140,-0.112,0.139,0.054,-0.682,0.280,0.631,0.240,1414995712.000,-0.004,26654,26544,6,5,58,14.240,71.350,26809,26595,1344,1351,0
152688,0.106,-0.174,-0.930,-0.120,0.110,0.044,-0.686,0.282,0.626,0.242,1414995712.000,-0.005,26646,26552,7,6,58,14.260,71.350,26246,26666,1480,1336,0
152788,0.090,-0.258,0.890,-0.109,0.023,0.020,-0.687,0.286,0.621,0.246,1414995712.000,-0.008,26662,26535,7,4,58,14.260,71.350,26246,26666,1480,1336,0
152888,0.129,-0.266,-0.150,0.038,-0.128,0.016,-0.685,0.289,0.622,0.246,1414995712.000,-0.009,26708,26489,-2,4,58,14.260,71.350,26246,26666,1480,1336,0
152989,0.123,-0.233,-0.880,0.048,-0.137,0.019,-0.682,0.290,0.627,0.242,1414995712.000,-0.008,26698,26499,-1,5,58,14.260,71.350,26246,26666,1480,1336,0
153089,0.116,-0.204,-0.760,0.098,-0.114,0.014,-0.679,0.290,0.631,0.238,1414995712.000,-0.007,26705,26492,-2,4,58,14.250,71.350,26809,26737,1357,1295,0
153189,0.108,-0.175,0.900,0.214,-0.113,0.043,-0.678,0.287,0.636,0.231,1414995712.000,-0.006,26665,26533,-6,1,58,14.250,71.350,26809,26737,1357,1295,0
153289,0.091,-0.154,-0.280,0.351,-0.091,0.049,-0.679,0.281,0.642,0.220,1414995712.000,-0.006,26659,26538,-9,-2,58,14.250,71.350,26809,26737,1357,1295,0
153389,0.071,-0.119,1.430,0.338,-0.227,0.067,-0.679,0.272,0.650,0.205,1414995712.000,-0.005,26623,26575,-12,5,58,14.250,71.350,26809,26737,1357,1295,0
153489,0.044,-0.055,-1.700,0.208,-0.266,0.057,-0.675,0.268,0.660,0.190,1414995712.000,-0.002,26623,26575,-10,10,58,14.230,71.190,26737,26385,1349,1416,0
153589,0.037,0.011,1.740,0.100,-0.238,-0.041,-0.670,0.265,0.669,0.181,1414995712.000,0.001,26739,26458,-8,13,58,14.230,71.190,26737,26385,1349,1416,0
153689,0.061,0.060,-2.010,0.030,-0.086,-0.084,-0.664,0.263,0.677,0.179,1414995712.000,0.003,26787,26410,-3,10,58,14.230,71.190,26737,26385,1349,1416,0
153789,0.081,0.060,1.000,0.178,0.112,-0.031,-0.665,0.257,0.678,0.177,1414995712.000,0.003,26733,26464,-4,0,58,14.230,71.190,26737,26385,1349,1416,0
153889,0.092,0.024,2.050,0.178,0.121,-0.040,-0.671,0.249,0.676,0.174,1414995712.000,0.001,26769,26427,-3,1,58,14.250,71.310,26737,26595,1393,1317,0
153990,0.108,-0.020,0.770,0.117,0.143,-0.008,-0.677,0.242,0.673,0.173,1414995712.000,-0.001,26740,26457,0,2,58,14.250,71.310,26737,26595,1393,1317,0
154090,0.099,-0.057,-1.320,-0.068,0.150,0.020,-0.683,0.239,0.668,0.172,1414995712.000,-0.002,26730,26467,6,6,58,14.250,71.310,26737,26595,1393,1317,0
154190,0.101,-0.089,-1.520,-0.190,0.144,-0.026,-0.686,0.243,0.662,0.178,1414995712.000,-0.003,26798,26398,8,7,58,14.250,71.310,26737,26595,1393,1317,0
154290,0.113,-0.121,0.670,-0.203,0.162,-0.006,-0.688,0.247,0.656,0.188,1414995712.000,-0.004,26771,26426,9,5,58,14.220,71.270,26809,26595,1395,1308,0
154390,0.093,-0.160,1.720,-0.059,0.126,0.073,-0.691,0.252,0.649,0.193,1414995712.000,-0.006,26680,26517,4,1,58,14.220,71.270,26809,26595,1395,1308,0
154490,0.033,-0.183,-1.970,0.358,-0.022,0.234,-0.698,0.248,0.648,0.180,1414995712.000,-0.007,26451,26746,-9,-6,58,14.220,71.270,26809,26595,1395,1308,0
154590,-0.050,-0.142,0.630,0.112,-0.210,0.143,-0.696,0.251,0.652,0.166,1414995712.000,-0.006,26533,26665,-6,8,58,14.220,71.270,26809,26595,1395,1308,0
154690,-0.504,-0.046,-0.360,0.209,-0.064,-0.019,-0.695,0.248,0.656,0.155,1414995712.000,-0.001,26216,26977,-6,3,58,14.220,71.270,26315,27027,1355,1370,0
154790,-0.483,-0.013,-0.300,0.288,-0.234,-0.330,-0.692,0.233,0.666,0.152,1414995712.000,-0.000,26660,26538,-15,7,58,14.220,71.270,26315,27027,1355,1370,0
154891,-0.336,0.059,-0.590,0.223,-0.287,-0.400,-0.683,0.214,0.681,0.153,1414995712.000,0.001,26774,26423,-13,11,58,14.220,71.270,26315,27027,1355,1370,0
154991,-0.188,0.124,0.710,0.070,-0.188,-0.363,-0.674,0.198,0.694,0.158,1414995712.000,0.001,26822,26373,-8,13,58,14.220,71.270,26315,27027,1355,1370,0
155091,-0.062,0.144,1.420,0.053,0.028,-0.288,-0.669,0.186,0.700,0.167,1414995712.000,0.001,26842,26353,-4,7,58,14.220,71.310,27173,26178,1308,1400,0
155191,0.024,0.123,-1.740,0.179,0.080,-0.173,-0.671,0.173,0.701,0.170,1414995712.000,0.000,26800,26396,-7,3,58,14.230,71.310,27173,26178,1308,1400,0
155290,0.064,0.123,-1.570,0.126,-0.064,-0.058,-0.672,0.164,0.703,0.168,1414995712.000,-0.000,26733,26463,-9,10,58,14.230,71.310,27173,26178,1308,1400,0
155390,0.068,0.159,0.400,0.087,-0.143,0.019,-0.668,0.161,0.708,0.164,1414995712.000,-0.000,26684,26514,-11,13,58,14.230,71.310,27173,26178,1308,1400,0
155490,0.050,0.197,1.880,0.143,-0.119,0.059,-0.665,0.160,0.712,0.158,1414995712.000,0.000,26645,26552,-13,10,58,14.230,71.310,27173,26178,1308,1400,0
155590,0.014,0.220,-1.840,0.113,-0.032,0.103,-0.664,0.159,0.715,0.150,1414995712.000,0.000,26576,26621,-10,10,58,14.240,71.230,26809,26385,1337,1409,0
155689,-0.153,0.292,2.010,-0.098,0.121,0.089,-0.667,0.161,0.713,0.146,1414995712.000,-0.001,26436,26760,-1,15,58,14.240,71.230,26809,26385,1337,1409,0
155789,-0.158,0.236,-0.870,0.016,0.224,0.010,-0.673,0.162,0.706,0.148,1414995712.000,-0.001,26534,26663,-4,5,58,14.240,71.230,26809,26385,1337,1409,0
155889,-0.172,0.173,-0.510,0.113,0.202,0.046,-0.682,0.158,0.699,0.146,1414995712.000,-0.000,26461,26736,-6,3,58,14.240,71.230,26809,26385,1337,1409,0
155989,-0.198,0.115,1.660,0.076,0.206,0.052,-0.690,0.156,0.693,0.142,1414995712.000,-0.000,26432,26765,-2,4,59,14.260,71.150,26595,26666,1328,1399,0
156088,-0.207,0.051,-0.240,0.066,0.241,0.040,-0.698,0.153,0.686,0.139,1414995712.000,-0.000,26421,26775,0,1,59,14.260,71.150,26595,26666,1328,1399,0
156188,-0.267,0.029,-0.950,-0.051,0.271,0.017,-0.707,0.152,0.677,0.140,1414995712.000,0.000,26370,26826,5,4,59,14.260,71.150,26595,26666,1328,1399,0
156288,-0.623,0.190,0.120,-0.194,0.284,-0.326,-0.713,0.152,0.668,0.151,1414995712.000,-0.003,26452,26745,3,9,59,14.260,71.150,26595,26666,1328,1399,0
156388,-0.511,0.004,0.480,0.190,0.272,-0.272,-0.721,0.134,0.660,0.162,1414995712.000,0.001,26358,26838,-2,-5,58,14.190,71.030,26246,26737,1447,1363,0
156487,-0.443,-0.033,0.100,-0.466,-0.001,-0.274,-0.720,0.136,0.656,0.181,1414995712.000,0.003,26452,26745,9,21,58,14.190,71.030,26246,26737,1447,1363,0
156587,-0.343,-0.128,1.290,-0.027,0.048,-0.311,-0.718,0.132,0.654,0.198,1414995712.000,0.007,26564,26633,-1,1,58,14.190,71.030,26246,26737,1447,1363,0
156687,-0.261,-0.183,-1.360,-0.189,-0.280,-0.253,-0.710,0.128,0.660,0.210,1414995712.000,0.009,26531,26666,-2,16,59,14.200,71.150,26666,26666,1365,1364,0
156787,-0.289,-0.109,1.670,-0.109,-0.233,-0.258,-0.698,0.128,0.669,0.222,1414995712.000,0.007,26519,26678,-4,11,59,14.200,71.150,26666,26666,1365,1364,0
156887,-0.206,-0.239,-1.340,-0.043,-0.201,-0.176,-0.689,0.124,0.677,0.229,1414995712.000,0.014,26496,26702,0,6,59,14.200,71.150,26666,26666,1365,1364,0
156987,-0.107,-0.178,-0.730,-0.238,-0.339,-0.109,-0.677,0.128,0.685,0.237,1414995712.000,0.010,26533,26664,-1,19,59,14.200,71.150,26666,26666,1365,1364,0
157087,-0.074,-0.106,1.500,-0.188,-0.269,0.032,-0.665,0.138,0.693,0.243,1414995712.000,0.006,26396,26800,-2,14,58,14.220,71.190,26666,26737,1322,1373,0
157187,0.281,-0.037,-1.750,0.042,-0.283,0.277,-0.656,0.149,0.699,0.242,1414995712.000,0.001,26476,26722,-13,9,58,14.220,71.190,26666,26737,1322,1373,0
157287,0.372,0.133,1.540,-0.421,-0.209,0.680,-0.652,0.176,0.701,0.230,1414995712.000,-0.002,26094,27094,3,28,58,14.220,71.190,26666,26737,1322,1373,0
157387,0.108,0.164,-1.650,-0.336,-0.076,0.724,-0.651,0.216,0.693,0.222,1414995712.000,-0.000,25859,27318,-2,18,59,14.260,71.150,26041,27397,1298,1373,0
157487,-0.078,0.180,1.250,-0.238,-0.082,0.577,-0.652,0.248,0.685,0.210,1414995712.000,0.002,25913,27267,-5,18,59,14.260,71.150,26041,27397,1298,1373,0
157588,0.049,0.203,-1.060,-0.359,-0.039,0.422,-0.652,0.271,0.679,0.203,1414995712.000,0.006,26305,26890,1,23,59,14.260,71.150,26041,27397,1298,1373,0
157688,0.050,0.089,-0.350,-0.456,0.121,0.361,-0.652,0.294,0.669,0.204,1414995712.000,0.004,26186,27005,12,17,59,14.260,71.150,26041,27397,1298,1373,0
157788,-0.048,0.050,1.560,-0.391,0.073,0.190,-0.652,0.317,0.655,0.212,1415779968.000,0.003,26226,26981,5,16,59,14.210,71.190,26246,27027,1351,1379,0
157888,-0.084,0.069,0.780,-0.144,0.061,0.072,-0.650,0.329,0.650,0.216,1439309440.000,0.004,26496,27153,-2,10,59,14.210,71.190,26246,27027,1351,1379,0
157988,-0.191,0.113,-0.510,-0.290,0.116,-0.011,-0.650,0.335,0.645,0.222,1443230976.000,0.005,26481,27239,5,17,59,14.210,71.190,26246,27027,1351,1379,0
158088,-0.274,0.139,-0.520,-0.218,0.138,-0.146,-0.649,0.340,0.639,0.235,1447936896.000,0.005,26563,27246,2,14,59,14.210,71.190,26246,27027,1351,1379,0
158188,-0.322,0.104,1.620,-0.148,0.164,-0.243,-0.648,0.338,0.635,0.249,1502838912.000,0.003,27085,27735,2,10,59,14.210,70.780,26455,27322,1436,1359,0
158288,-0.266,0.057,-0.500,-0.067,0.198,-0.333,-0.648,0.331,0.632,0.265,1515387904.000,0.001,27370,27681,2,7,59,14.210,70.780,26455,27322,1436,1359,0
158388,-0.135,0.004,1.190,0.012,0.168,-0.323,-0.649,0.319,0.632,0.279,1414995712.000,0.000,26528,26669,1,5,59,14.210,70.780,26455,27322,1436,1359,0
158488,0.048,-0.036,-1.230,0.080,0.102,-0.230,-0.650,0.307,0.632,0.289,1414995712.000,-0.000,26590,26608,-2,5,59,14.210,70.780,26455,27322,1436,1359,0
158589,0.119,-0.053,1.410,-0.150,0.020,-0.138,-0.649,0.301,0.633,0.296,1414995712.000,-0.000,26557,26640,5,14,59,14.190,70.990,26666,26525,1359,1391,0
158689,0.061,-0.057,-0.950,-0.170,0.009,-0.103,-0.645,0.302,0.632,0.305,1414995712.000,-0.000,26467,26730,3,13,59,14.190,70.990,26666,26525,1359,1391,0
158789,0.110,-0.058,-0.260,-0.103,-0.014,-0.129,-0.641,0.304,0.631,0.315,1414995712.000,-0.000,26588,26610,0,10,59,14.190,70.990,26666,26525,1359,1391,0
158889,0.231,-0.132,-0.140,-0.043,-0.047,-0.033,-0.637,0.304,0.632,0.320,1414995712.000,-0.001,26610,26588,0,8,59,14.190,70.990,26666,26525,1359,1391,0
158989,0.225,-0.089,-0.620,-0.098,-0.107,0.056,-0.634,0.308,0.633,0.320,1414995712.000,-0.000,26516,26681,-1,14,59,14.210,71.070,26666,26881,1367,1295,0
159089,0.532,-0.378,-0.270,0.011,-0.191,0.111,-0.630,0.315,0.635,0.318,1414995712.000,-0.007,26883,26312,3,2,59,14.210,71.070,26666,26881,1367,1295,0
159189,0.596,-0.456,1.000,-0.156,-0.388,0.413,-0.627,0.324,0.640,0.302,1414995712.000,-0.014,26524,26673,6,17,59,14.210,71.070,26666,26881,1367,1295,0
159289,0.438,-0.341,-1.430,-0.126,-0.361,0.428,-0.619,0.348,0.643,0.288,1414995712.000,-0.012,26407,26789,0,13,59,14.230,71.030,26041,27027,1453,1321,0
159389,0.287,-0.247,-0.870,0.058,-0.287,0.354,-0.614,0.365,0.645,0.271,1414995712.000,-0.009,26368,26828,-5,8,59,14.230,71.030,26041,27027,1453,1321,0
159489,0.067,-0.068,-0.320,0.009,-0.289,0.204,-0.609,0.378,0.649,0.257,1414995712.000,0.000,26326,26869,-8,16,59,14.230,71.030,26041,27027,1453,1321,0
159590,0.022,-0.019,0.820,0.199,-0.129,0.074,-0.606,0.381,0.653,0.248,1414995712.000,0.003,26440,26757,-9,5,59,14.230,71.030,26041,27027,1453,1321,0
159690,-0.014,-0.002,0.690,0.159,-0.094,0.034,-0.608,0.377,0.657,0.238,1414995712.000,0.004,26418,26778,-6,10,59,14.190,70.860,26246,26954,1417,1338,0
159790,-0.023,0.010,-0.810,0.151,-0.014,-0.024,-0.607,0.375,0.661,0.232,1414995712.000,0.005,26466,26731,-4,6,59,14.190,70.860,26246,26954,1417,1338,0
159890,-0.016,-0.013,0.040,0.141,0.136,-0.057,-0.611,0.368,0.662,0.229,1414995712.000,0.003,26496,26702,0,3,59,14.190,70.860,26246,26954,1417,1338,0
159990,0.019,-0.071,0.850,0.149,0.230,-0.063,-0.619,0.359,0.659,0.229,1414995712.000,-0.001,26526,26672,3,-1,59,14.190,70.860,26246,26954,1417,1338,0
160090,0.134,-0.063,-0.840,0.187,0.156,-0.016,-0.628,0.351,0.656,0.229,1414995712.000,-0.001,26587,26611,-2,2,59,14.190,70.860,26246,26954,1417,1338,0
160190,0.128,-0.093,0.760,0.168,0.100,0.008,-0.635,0.344,0.654,0.225,1414995712.000,-0.003,26563,26635,-1,2,59,14.190,70.860,26455,26595,1418,1377,0
160290,0.098,-0.127,-0.680,0.229,0.093,-0.044,-0.641,0.336,0.654,0.221,1414995712.000,-0.005,26586,26611,-2,-1,59,14.190,70.860,26455,26595,1418,1377,0
160390,-0.202,-0.142,0.840,-0.051,0.101,-0.176,-0.645,0.328,0.654,0.221,1414995712.000,-0.004,26437,26760,9,8,59,14.190,70.860,26455,26595,1418,1377,0
160491,-0.354,0.123,-0.480,-0.027,0.171,-0.412,-0.644,0.318,0.654,0.235,1414995712.000,0.003,26513,26684,-2,10,59,14.190,70.860,26455,26595,1418,1377,0
160591,-0.225,0.095,-1.380,0.003,0.376,-0.532,-0.647,0.300,0.653,0.255,1414995712.000,0.001,26834,26361,6,0,60,14.190,70.990,26737,26595,1338,1392,0
160691,-0.033,-0.041,-1.770,0.033,0.484,-0.432,-0.657,0.277,0.645,0.275,1414995712.000,-0.000,26856,26339,11,-5,60,14.190,70.990,26737,26595,1338,1392,0
160791,0.099,-0.157,-0.740,-0.093,0.327,-0.272,-0.664,0.262,0.637,0.293,1414995712.000,0.001,26814,26382,12,1,60,14.190,70.990,26737,26595,1338,1392,0
160890,0.165,-0.224,-0.940,-0.196,0.143,-0.098,-0.666,0.258,0.630,0.305,1414995712.000,0.003,26709,26488,12,8,60,14.190,70.990,26737,26595,1338,1392,0
160990,0.174,-0.253,1.400,-0.096,0.076,0.004,-0.667,0.260,0.625,0.313,1414995712.000,0.003,26663,26534,7,2,60,14.190,70.700,26666,26737,1396,1314,0
161090,0.162,-0.264,0.280,-0.043,-0.010,0.028,-0.667,0.262,0.622,0.314,1414995712.000,0.004,26673,26524,5,3,60,14.190,70.700,26666,26737,1396,1314,0
161189,0.148,-0.240,-1.820,-0.023,-0.152,0.048,-0.665,0.266,0.624,0.312,1414995712.000,0.003,26652,26546,1,7,60,14.190,70.700,26666,26737,1396,1314,0
161289,0.212,-0.242,1.910,-0.051,-0.258,0.096,-0.659,0.272,0.630,0.308,1414995712.000,0.001,26727,26470,1,9,60,14.190,70.700,26666,26737,1396,1314,0
161388,0.350,-0.310,-0.320,0.084,-0.209,0.201,-0.654,0.279,0.636,0.300,1414995712.000,-0.003,26724,26474,1,1,60,14.160,70.700,26737,26178,1393,1441,0
161488,0.249,-0.233,-1.760,-0.106,-0.337,0.310,-0.650,0.291,0.640,0.287,1414995712.000,-0.003,26490,26707,1,15,60,14.160,70.700,26737,26178,1393,1441,0
161588,-0.001,-0.041,-0.800,-0.093,-0.304,0.230,-0.641,0.308,0.646,0.277,1414995712.000,-0.000,26365,26831,-4,15,60,14.160,70.700,26737,26178,1393,1441,0
161688,-0.133,0.120,1.390,0.234,-0.079,0.091,-0.639,0.312,0.650,0.268,1385191808.000,0.002,26108,26525,-12,4,60,14.160,70.700,26737,26178,1393,1441,0
161788,-0.209,0.134,-1.400,0.020,-0.044,0.000,-0.639,0.309,0.653,0.263,1414995712.000,0.002,26391,26805,-2,12,60,14.200,70.990,26246,26666,1316,1290,0
161887,-0.210,0.118,0.490,0.067,0.136,0.004,-0.641,0.308,0.652,0.263,1414995712.000,0.001,26396,26800,0,3,60,14.200,70.990,26246,26666,1316,1290,0
161987,-0.214,0.060,1.170,0.099,0.220,0.014,-0.649,0.302,0.647,0.262,1414995712.000,0.001,26368,26828,3,1,60,14.200,70.990,26246,26666,1316,1290,0
162087,0.003,-0.117,-0.310,0.128,0.124,0.058,-0.656,0.298,0.642,0.261,1331858432.000,-0.002,25755,25856,3,-2,60,14.200,70.990,26246,26666,1316,1290,0
162187,0.055,-0.230,-0.980,-0.014,0.000,0.154,-0.660,0.299,0.639,0.257,1289505536.000,-0.006,25233,25550,6,4,60,14.280,71.110,25575,25575,1319,1356,0
162287,0.003,-0.184,1.240,-0.127,-0.111,0.099,-0.658,0.307,0.638,0.255,1391466240.000,-0.005,26239,26514,4,10,60,14.280,71.110,25575,25575,1319,1356,0
162387,-0.084,-0.087,0.200,-0.013,-0.054,0.034,-0.656,0.312,0.639,0.253,1414995712.000,-0.002,26433,26764,0,6,60,14.280,71.110,25575,25575,1319,1356,0
162487,-0.127,-0.042,1.740,0.168,-0.022,0.036,-0.656,0.311,0.640,0.250,1414995712.000,-0.001,26359,26836,-5,2,60,14.190,70.780,26666,26737,1311,1393,0
162587,-0.282,0.102,-0.170,0.104,-0.133,-0.031,-0.656,0.308,0.644,0.244,1414995712.000,0.002,26223,26970,-9,13,60,14.190,70.780,26666,26737,1311,1393,0
162687,-0.232,0.140,-0.870,0.181,-0.076,-0.232,-0.651,0.303,0.652,0.244,1414995712.000,0.002,26587,26610,-10,5,60,14.190,70.780,26666,26737,1311,1393,0
162787,-0.138,0.135,1.680,0.279,0.000,-0.241,-0.652,0.286,0.658,0.243,1414995712.000,0.002,26621,26577,-8,3,60,14.190,70.780,26666,26737,1311,1393,0
162887,-0.065,0.100,-1.900,0.124,-0.062,-0.180,-0.651,0.275,0.664,0.243,1414995712.000,0.001,26597,26601,-5,9,60,14.190,70.780,26737,26666,1356,1350,0
162987,-0.008,0.113,2.160,0.012,-0.033,-0.111,-0.649,0.268,0.668,0.244,1414995712.000,0.001,26584,26613,-2,11,60,14.190,70.780,26737,26666,1356,1350,0
163088,0.022,0.122,-1.770,-0.001,-0.042,-0.056,-0.647,0.266,0.671,0.246,1414995712.000,0.001,26570,26628,-3,11,60,14.190,70.780,26737,26666,1356,1350,0
163187,0.079,0.140,1.780,-0.043,-0.022,-0.111,-0.644,0.265,0.673,0.250,1414995712.000,0.001,26706,26491,-2,11,60,14.190,70.780,26737,26666,1356,1350,0
163287,0.131,0.123,0.870,-0.007,0.143,-0.108,-0.644,0.262,0.672,0.254,1414995712.000,0.001,26744,26453,1,5,60,14.170,70.620,26525,26595,1443,1341,0
163387,0.207,-0.003,-0.470,-0.067,0.233,-0.071,-0.649,0.256,0.667,0.261,1414995712.000,0.000,26780,26416,8,3,60,14.170,70.620,26525,26595,1443,1341,0
163487,0.258,-0.062,-0.930,-0.370,0.127,-0.080,-0.652,0.259,0.658,0.273,1414995712.000,-0.000,26868,26327,13,14,60,14.170,70.620,26525,26595,1443,1341,0
163587,0.347,-0.080,-1.590,-0.369,-0.039,-0.042,-0.648,0.268,0.653,0.287,1414995712.000,-0.000,26908,26286,7,16,60,14.190,70.500,26954,25839,1391,1472,0
163687,0.347,-0.047,-1.640,-0.401,-0.201,0.031,-0.639,0.282,0.651,0.298,1414995712.000,-0.000,26839,26356,4,21,60,14.190,70.500,26954,25839,1391,1472,0
163787,0.329,0.002,-1.160,-0.326,-0.150,0.066,-0.629,0.297,0.650,0.305,1414995712.000,0.000,26820,26376,3,17,60,14.190,70.500,26954,25839,1391,1472,0
163887,0.302,0.035,-0.970,-0.209,-0.086,0.083,-0.622,0.310,0.649,0.310,1414995712.000,0.001,26806,26390,1,13,60,14.190,70.500,26954,25839,1391,1472,0
163988,0.275,0.029,-0.030,-0.269,0.063,0.096,-0.620,0.319,0.644,0.315,1414995712.000,0.000,26782,26415,8,12,60,14.150,70.300,26809,26246,1400,1408,0
164088,-0.012,0.070,1.080,-0.453,0.128,0.171,-0.619,0.333,0.633,0.324,1414995712.000,0.000,26383,26813,13,18,60,14.150,70.300,26809,26246,1400,1408,0
164188,-0.033,0.019,-1.280,-0.414,0.196,-0.012,-0.616,0.349,0.618,0.342,1414995712.000,0.000,26683,26514,12,11,60,14.150,70.300,26809,26246,1400,1408,0
164288,-0.028,0.012,0.980,-0.073,-0.093,0.008,-0.615,0.352,0.615,0.347,1414995712.000,0.000,26635,26562,-3,12,60,14.150,70.300,26809,26246,1400,1408,0
164387,0.006,0.030,-0.010,-0.393,0.013,0.096,-0.609,0.364,0.610,0.353,1414995712.000,0.000,26570,26628,11,18,60,14.160,70.780,27100,26246,1266,1460,0
164487,0.254,-0.035,-0.910,-0.080,0.102,0.172,-0.609,0.374,0.601,0.358,1414995712.000,-0.001,26781,26415,4,3,60,14.160,70.780,27100,26246,1266,1460,0
164587,0.284,-0.080,0.240,-0.224,-0.042,0.289,-0.612,0.383,0.594,0.354,1414995712.000,-0.002,26647,26551,8,15,60,14.160,70.780,27100,26246,1266,1460,0
164687,0.170,-0.061,-0.080,-0.254,-0.021,0.280,-0.611,0.400,0.585,0.352,1414995712.000,-0.002,26542,26655,8,13,60,14.160,70.780,27100,26246,1266,1460,0
164787,0.079,-0.062,1.050,-0.137,0.057,0.158,-0.612,0.412,0.577,0.351,1414995712.000,-0.002,26603,26595,6,8,60,14.190,70.540,26455,26595,1416,1379,0
164887,-0.013,-0.078,-1.310,-0.068,0.066,0.046,-0.613,0.416,0.571,0.352,1414995712.000,-0.003,26606,26592,6,6,60,14.190,70.540,26455,26595,1416,1379,0
164987,-0.019,-0.096,1.590,0.009,0.058,-0.024,-0.614,0.416,0.569,0.355,1414995712.000,-0.003,26671,26526,4,4,60,14.190,70.540,26455,26595,1416,1379,0
165087,-0.024,-0.105,-0.440,-0.046,-0.013,-0.001,-0.615,0.415,0.568,0.356,1414995712.000,-0.004,26625,26572,5,9,60,14.190,70.540,26455,26595,1416,1379,0
165187,-0.355,-0.010,0.420,-0.167,-0.078,-0.101,-0.611,0.418,0.569,0.359,1414995712.000,-0.000,26340,26856,4,17,60,14.190,70.700,26595,26666,1333,1404,0
165287,-0.317,0.009,-1.500,0.071,-0.006,-0.328,-0.603,0.416,0.573,0.368,1414995712.000,0.000,26719,26478,-2,4,60,14.190,70.700,26595,26666,1333,1404,0
165387,-0.191,0.001,-1.080,0.151,0.000,-0.300,-0.600,0.402,0.582,0.373,1414995712.000,0.000,26763,26433,-2,5,60,14.190,70.700,26595,26666,1333,1404,0
165487,0.241,-0.194,-0.120,0.249,-0.043,-0.074,-0.599,0.391,0.590,0.374,1283230976.000,-0.004,25689,24966,-1,-2,60,14.190,70.700,26595,26666,1333,1404,0
165587,0.445,-0.296,0.240,-0.031,-0.159,0.231,-0.599,0.394,0.593,0.366,1274603520.000,-0.009,25463,25025,8,8,60,14.230,71.430,25510,24937,1290,1312,0
165687,0.355,-0.242,-1.230,-0.120,-0.204,0.316,-0.596,0.409,0.591,0.357,1360878080.000,-0.009,26133,26037,5,11,60,14.230,71.430,25510,24937,1290,1312,0
165787,0.099,-0.021,0.080,-0.012,-0.171,0.242,-0.594,0.423,0.589,0.347,1414995712.000,0.000,26475,26722,-3,12,60,14.230,71.430,25510,24937,1290,1312,0
165887,-0.354,0.190,-1.440,-0.197,-0.008,-0.071,-0.591,0.432,0.588,0.345,1414995712.000,0.005,26479,26718,4,18,60,14.230,71.430,25510,24937,1290,1312,0
165987,-0.287,0.144,0.460,0.364,0.232,-0.214,-0.595,0.419,0.590,0.350,1414995712.000,0.003,26653,26545,-6,-7,60,14.230,71.430,25510,24937,1290,1312,0
166087,-0.202,0.099,-1.250,-0.028,0.042,-0.164,-0.599,0.406,0.593,0.353,1414995712.000,0.002,26640,26557,4,15,61,14.190,70.700,26737,26737,1367,1320,0
166187,-0.138,0.079,2.160,0.074,0.149,-0.117,-0.598,0.402,0.593,0.359,1414995712.000,0.001,26631,26567,2,3,61,14.190,70.700,26737,26737,1367,1320,0
166287,-0.071,0.030,-0.170,0.091,0.139,-0.234,-0.600,0.394,0.592,0.367,1414995712.000,0.000,26848,26347,1,2,61,14.190,70.700,26737,26737,1367,1320,0
166387,0.036,-0.098,2.060,0.262,0.024,-0.018,-0.604,0.382,0.596,0.366,1414995712.000,0.599,26662,26535,15,17,61,14.190,70.700,26737,26737,1367,1320,0
166487,0.125,-0.127,0.270,0.998,-0.148,0.149,-0.616,0.366,0.608,0.343,1414995712.000,0.498,26590,26608,-20,-10,61,14.150,70.620,26809,26737,1375,1327,0
166587,0.397,-0.045,-0.600,0.492,-0.199,0.319,-0.629,0.349,0.625,0.304,1414995712.000,-0.001,26805,26391,-11,3,61,14.150,70.620,26809,26737,1375,1327,0
166687,0.424,-0.016,1.250,-0.100,-0.070,0.488,-0.633,0.361,0.622,0.288,1414995712.000,-0.001,26573,26624,8,16,61,14.150,70.620,26809,26737,1375,1327,0
166787,-0.060,-0.050,-0.580,-0.112,-0.090,0.436,-0.638,0.377,0.615,0.270,1414995712.000,-0.002,26155,27036,6,14,61,14.150,70.620,26809,26737,1375,1327,0
166887,-0.655,0.150,-0.950,0.157,-0.021,-0.096,-0.637,0.383,0.615,0.264,1414995712.000,0.005,26241,26952,-8,5,60,14.150,70.300,25839,27100,1225,1586,0
166987,-0.591,0.104,-1.000,0.482,0.070,-0.213,-0.645,0.362,0.622,0.258,1414995712.000,0.003,26337,26858,-10,-3,60,14.150,70.300,25839,27100,1225,1586,0
167087,-0.505,0.106,-0.670,0.197,-0.050,-0.248,-0.646,0.347,0.630,0.256,1414995712.000,0.002,26395,26801,-4,10,60,14.150,70.300,25839,27100,1225,1586,0
167187,-0.405,0.074,1.380,0.308,0.139,-0.259,-0.649,0.329,0.636,0.256,1414995712.000,0.001,26451,26746,-3,-1,61,14.180,70.300,26246,26954,1436,1327,0
167287,-0.315,0.034,0.780,0.280,0.082,-0.222,-0.655,0.310,0.640,0.256,1414995712.000,0.000,26466,26731,-3,2,61,14.180,70.300,26246,26954,1436,1327,0
167387,-0.233,0.020,-1.210,0.267,-0.012,-0.217,-0.657,0.295,0.645,0.255,1414995712.000,0.000,26531,26667,-6,4,61,14.180,70.300,26246,26954,1436,1327,0
167487,-0.154,0.037,1.440,0.203,-0.102,-0.186,-0.656,0.282,0.653,0.253,1414995712.000,0.000,26549,26649,-7,8,61,14.180,70.300,26246,26954,1436,1327,0
167587,-0.092,0.068,-1.650,0.149,-0.123,-0.154,-0.652,0.272,0.661,0.251,1414995712.000,0.000,26573,26625,-6,10,61,14.010,70.420,26666,26737,1368,1372,0
167687,-0.034,0.104,1.900,0.072,-0.120,-0.150,-0.648,0.265,0.669,0.251,1414995712.000,0.000,26625,26573,-5,12,61,14.010,70.420,26666,26737,1368,1372,0
167787,0.029,0.115,1.440,0.011,0.030,-0.160,-0.645,0.259,0.672,0.254,1414995712.000,0.000,26694,26503,0,9,61,14.010,70.420,26666,26737,1368,1372,0
167887,0.089,0.075,1.000,-0.088,0.210,-0.162,-0.647,0.254,0.669,0.262,1414995712.000,-0.000,26762,26434,8,6,61,14.010,70.420,26666,26737,1368,1372,0
167987,0.168,-0.000,-1.520,-0.039,0.260,-0.216,-0.652,0.246,0.663,0.273,1414995712.000,-0.000,26897,26297,7,2,61,14.120,70.380,26455,26595,1477,1330,0
168087,0.232,-0.064,-1.350,-0.178,0.178,-0.118,-0.655,0.241,0.657,0.285,1414995712.000,0.001,26837,26359,10,8,61,14.120,70.380,26455,26595,1477,1330,0
168187,0.258,-0.095,-1.640,-0.151,0.039,-0.039,-0.655,0.243,0.652,0.294,1414995712.000,0.001,26806,26390,5,8,61,14.120,70.380,26455,26595,1477,1330,0
168287,0.246,-0.157,-1.790,-0.068,-0.072,0.103,-0.654,0.247,0.651,0.296,1414995712.000,0.002,26660,26537,2,7,61,14.170,70.140,26809,26178,1366,1450,0
168387,0.250,-0.183,1.640,0.056,-0.151,0.198,-0.652,0.255,0.652,0.291,1414995712.000,0.001,26619,26579,-2,5,61,14.170,70.140,26809,26178,1366,1450,0
168487,0.334,-0.207,0.670,0.058,-0.149,0.314,-0.651,0.263,0.655,0.279,1414995712.000,-0.001,26624,26574,1,5,61,14.170,70.140,26809,26178,1366,1450,0
168587,0.186,-0.164,0.960,0.009,-0.106,0.416,-0.653,0.274,0.656,0.262,1414995712.000,-0.002,26359,26836,3,7,61,14.170,70.140,26809,26178,1366,1450,0
168687,-0.032,-0.050,0.250,-0.054,-0.067,0.334,-0.654,0.288,0.653,0.250,1414995712.000,-0.001,26231,26962,1,11,61,14.190,70.300,26455,26881,1348,1375,0
168787,-0.229,0.076,0.240,-0.142,-0.050,0.160,-0.655,0.300,0.650,0.243,1414995712.000,0.001,26271,26923,2,15,61,14.190,70.300,26455,26881,1348,1375,0
168888,-0.256,-0.000,-0.020,0.141,0.064,0.004,-0.655,0.303,0.649,0.241,1414995712.000,0.000,26399,26797,-2,-1,61,14.190,70.300,26455,26881,1348,1375,0
168987,-0.257,-0.141,-0.410,0.124,-0.072,-0.006,-0.658,0.297,0.650,0.237,1414995712.000,-0.002,26358,26838,0,4,61,14.190,70.300,26455,26881,1348,1375,0
169087,-0.256,-0.105,0.400,0.086,-0.226,-0.024,-0.655,0.296,0.656,0.231,1414995712.000,-0.002,26365,26831,-4,10,61,14.170,70.060,26455,26737,1350,1411,0
169187,-0.320,-0.185,1.020,0.149,-0.198,-0.072,-0.648,0.294,0.665,0.227,1414995712.000,-0.002,26334,26861,-2,4,61,14.170,70.060,26455,26737,1350,1411,0
169288,-0.368,-0.209,0.880,0.213,-0.201,-0.110,-0.645,0.285,0.674,0.219,1414995712.000,-0.001,26301,26893,-4,3,61,14.170,70.060,26455,26737,1350,1411,0
169388,-0.319,-0.142,0.140,0.109,-0.308,-0.150,-0.636,0.279,0.687,0.215,1414995712.000,0.001,26379,26817,-5,10,61,14.170,70.060,26455,26737,1350,1411,0
169487,-0.266,-0.084,-0.070,0.239,-0.130,-0.162,-0.630,0.269,0.697,0.210,1414995712.000,0.002,26416,26781,-6,2,62,14.130,70.140,26666,26315,1313,1513,0
169587,-0.289,-0.016,-0.410,0.098,-0.056,-0.169,-0.628,0.258,0.704,0.208,1414995712.000,0.003,26367,26829,-1,7,62,14.130,70.140,26666,26315,1313,1513,0
169687,-0.228,0.084,0.270,-0.004,0.007,-0.187,-0.626,0.252,0.707,0.212,1414995712.000,0.003,26451,26746,-1,10,62,14.130,70.140,26666,26315,1313,1513,0
169787,-0.168,0.188,1.110,0.119,0.122,-0.128,-0.627,0.244,0.708,0.216,1414995712.000,0.001,26424,26773,-4,5,62,14.130,70.140,26666,26315,1313,1513,0
169887,-0.138,0.106,-0.190,0.112,0.311,-0.067,-0.635,0.235,0.703,0.217,1414995712.000,0.001,26385,26811,4,-1,61,14.150,69.940,26178,26809,1443,1376,0
169987,-0.122,0.009,-0.750,0.076,0.299,-0.032,-0.647,0.227,0.693,0.220,1414995712.000,0.001,26368,26827,7,0,61,14.150,69.940,26178,26809,1443,1376,0
170087,-0.113,-0.048,-0.510,0.060,0.254,-0.014,-0.656,0.222,0.686,0.222,1414995712.000,0.001,26355,26840,5,-1,61,14.150,69.940,26178,26809,1443,1376,0
170187,-0.114,-0.021,0.760,0.080,0.223,0.008,-0.664,0.218,0.680,0.222,1414995712.000,0.000,26328,26867,3,0,61,14.130,69.980,26178,26809,1419,1409,0
170287,-0.121,-0.050,0.650,0.113,0.158,0.023,-0.672,0.213,0.674,0.221,1393034880.000,0.000,26090,26690,2,0,61,14.130,69.980,26178,26809,1419,1409,0
170387,-0.052,-0.037,-2.650,0.236,0.124,0.066,-0.678,0.207,0.671,0.214,1288721152.000,0.000,25090,25675,-2,-3,61,14.130,69.980,26178,26809,1419,1409,0
170487,-0.009,-0.073,-0.330,0.199,0.103,0.100,-0.686,0.201,0.669,0.205,1240093696.000,0.000,24623,25176,1,-1,61,14.130,69.980,26178,26809,1419,1409,0
170587,-0.052,-0.087,-1.820,0.158,0.014,0.131,-0.690,0.198,0.668,0.195,1385191808.000,-0.000,25943,26686,0,2,61,14.130,69.980,26178,26809,1419,1409,0
170687,-0.097,-0.078,0.450,0.032,-0.066,0.108,-0.691,0.199,0.669,0.188,1414995712.000,-0.000,26211,26981,1,7,61,14.090,70.300,26109,26737,1305,1366,0
170787,-0.126,-0.070,-0.300,0.039,0.000,0.044,-0.691,0.200,0.669,0.184,1414995712.000,-0.000,26251,26942,2,3,61,14.090,70.300,26109,26737,1305,1366,0
170887,-0.136,-0.081,-0.500,0.002,0.068,0.012,-0.693,0.200,0.668,0.182,1414995712.000,-0.000,26256,26938,5,2,61,14.090,70.300,26109,26737,1305,1366,0
170987,-0.130,-0.105,-0.370,-0.054,0.102,-0.047,-0.695,0.199,0.665,0.184,1409505536.000,-0.000,26265,26827,8,2,61,14.090,70.300,26109,26737,1305,1366,0
171087,-0.103,-0.133,-1.790,-0.079,0.073,-0.088,-0.697,0.200,0.662,0.191,1359309440.000,-0.000,25831,26307,7,3,61,14.130,70.220,26385,26666,1347,1428,0
171187,-0.071,-0.140,-0.360,-0.103,-0.021,-0.088,-0.696,0.200,0.661,0.197,1410289792.000,-0.000,26332,26775,5,6,61,14.130,70.220,26385,26666,1347,1428,0
171287,-0.041,-0.119,0.450,-0.120,-0.114,-0.071,-0.692,0.201,0.663,0.202,1414995712.000,0.000,26376,26820,3,9,61,14.130,70.220,26385,26666,1347,1428,0
171387,-0.021,-0.113,0.050,-0.116,-0.246,-0.034,-0.684,0.206,0.668,0.206,1414995712.000,-0.000,26351,26844,0,11,61,14.130,70.220,26385,26666,1347,1428,0
171487,0.070,-0.318,-2.360,-0.054,-0.216,0.061,-0.676,0.211,0.675,0.207,1316172160.000,-0.002,25371,25932,5,3,62,14.200,70.340,25575,25641,1294,1360,0
171587,0.042,-0.202,0.940,-0.251,-0.358,0.100,-0.666,0.222,0.682,0.206,1400878080.000,-0.001,26146,26781,3,17,62,14.200,70.340,25575,25641,1294,1360,0
171687,0.011,0.111,0.900,-0.129,-0.199,0.084,-0.655,0.235,0.688,0.207,1414995712.000,0.001,26277,26917,-5,15,62,14.200,70.340,25575,25641,1294,1360,0
171787,-0.066,0.186,0.670,-0.036,0.059,0.060,-0.653,0.240,0.688,0.206,1414995712.000,0.002,26231,26961,0,7,62,14.200,70.340,25575,25641,1294,1360,0
171887,-0.078,0.145,-1.380,0.018,0.186,0.024,-0.658,0.239,0.683,0.206,1414995712.000,0.002,26256,26938,3,3,62,14.130,69.900,26246,26881,1383,1406,0
171987,-0.029,-0.111,-1.210,-0.041,0.192,-0.004,-0.664,0.239,0.677,0.209,1414995712.000,-0.001,26364,26832,11,-2,62,14.130,69.900,26246,26881,1383,1406,0
172087,-0.022,-0.178,-0.970,0.153,-0.104,0.081,-0.668,0.237,0.675,0.205,1414995712.000,-0.002,26212,26980,-4,2,62,14.130,69.900,26246,26881,1383,1406,0
172187,-0.060,-0.092,-2.010,-0.002,-0.214,0.101,-0.662,0.241,0.681,0.199,1414995712.000,-0.001,26168,27023,-2,10,62,14.130,69.900,26246,26881,1383,1406,0
172287,-0.143,-0.033,-0.310,0.152,-0.021,0.078,-0.660,0.242,0.684,0.192,1414995712.000,0.000,26116,27073,-2,0,62,14.160,70.100,25974,27027,1416,1393,0
172387,-0.255,0.114,1.980,0.102,0.010,0.030,-0.663,0.240,0.685,0.186,1414995712.000,0.002,26089,27099,-4,8,62,14.160,70.100,25974,27027,1416,1393,0
172487,-0.261,0.146,-0.780,0.227,0.049,0.013,-0.666,0.234,0.685,0.180,1414995712.000,0.002,26102,27087,-6,2,62,14.160,70.100,25974,27027,1416,1393,0
172587,-0.270,0.109,-1.680,0.241,0.173,0.009,-0.672,0.226,0.683,0.173,1414995712.000,0.001,26103,27086,-1,-3,62,14.160,70.100,25974,27027,1416,1393,0
172687,-0.210,0.001,1.650,0.212,0.217,-0.007,-0.682,0.217,0.678,0.168,1414995712.000,0.000,26195,26997,3,-4,62,14.130,69.860,26041,27173,1379,1383,0
172787,-0.099,-0.187,1.560,0.137,0.052,0.089,-0.689,0.209,0.675,0.161,1414995712.000,-0.004,26153,27037,5,0,62,14.130,69.860,26041,27173,1379,1383,0
172887,-0.089,-0.196,1.790,-0.089,-0.140,0.093,-0.687,0.214,0.677,0.157,1414995712.000,-0.005,26169,27022,5,8,62,14.130,69.860,26041,27173,1379,1383,0
172987,-0.112,-0.167,0.100,0.069,0.048,0.026,-0.687,0.216,0.677,0.155,1414995712.000,-0.004,26231,26962,4,-3,62,14.110,69.740,26178,27027,1381,1392,0
173087,-0.283,0.022,-1.820,-0.106,-0.003,-0.108,-0.687,0.216,0.676,0.157,1414995712.000,0.000,26213,26979,3,10,62,14.110,69.740,26178,27027,1381,1392,0
173188,-0.270,0.007,0.800,0.108,0.062,-0.221,-0.687,0.209,0.676,0.163,1334211456.000,0.000,25564,26090,-1,0,62,14.110,69.740,26178,27027,1381,1392,0
173288,-0.180,0.009,0.670,0.070,-0.064,-0.227,-0.686,0.198,0.680,0.167,1354603520.000,0.000,25817,26232,-2,6,62,14.110,69.740,26178,27027,1381,1392,0
173388,-0.105,0.027,0.340,0.046,-0.047,-0.203,-0.683,0.191,0.684,0.172,1414995712.000,0.000,26422,26775,-1,5,62,14.140,70.420,25974,26385,1356,1362,0
173488,-0.034,-0.092,-0.540,0.082,0.001,-0.154,-0.681,0.183,0.687,0.176,1414995712.000,-0.000,26430,26767,2,-1,62,14.140,70.420,25974,26385,1356,1362,0
173588,0.014,-0.217,0.320,0.002,-0.089,-0.093,-0.680,0.177,0.689,0.178,1414995712.000,0.000,26414,26782,5,3,62,14.140,70.420,25974,26385,1356,1362,0
173688,0.040,-0.180,0.890,0.060,-0.293,-0.027,-0.673,0.176,0.697,0.177,1414995712.000,0.000,26373,26823,-5,6,62,14.140,70.420,25974,26385,1356,1362,0
173788,0.040,-0.009,0.820,0.101,-0.269,0.028,-0.664,0.175,0.707,0.171,1414995712.000,0.000,26328,26867,-8,9,62,14.130,69.700,26455,26737,1361,1409,0
173888,0.017,0.161,0.270,0.117,-0.188,0.071,-0.657,0.174,0.715,0.163,1414995712.000,0.001,26273,26921,-9,10,62,14.130,69.700,26455,26737,1361,1409,0
173988,-0.018,0.188,0.570,0.016,-0.024,0.091,-0.654,0.176,0.718,0.157,1414995712.000,0.001,26231,26961,-2,9,62,14.130,69.700,26455,26737,1361,1409,0
174089,-0.052,0.153,0.980,0.018,0.088,0.077,-0.656,0.178,0.716,0.154,1414995712.000,0.001,26223,26969,0,4,62,14.130,69.660,25974,27027,1436,1384,0
174189,-0.083,-0.020,1.430,0.131,0.136,0.067,-0.661,0.178,0.713,0.151,1414995712.000,0.001,26199,26993,3,-5,62,14.130,69.660,25974,27027,1436,1384,0
174289,-0.049,-0.068,1.010,0.080,0.003,0.088,-0.666,0.176,0.710,0.145,1414995712.000,0.000,26201,26990,0,3,62,14.130,69.660,25974,27027,1436,1384,0
174389,0.011,-0.017,1.190,0.093,-0.051,0.122,-0.666,0.179,0.711,0.140,1414995712.000,0.000,26244,26949,-4,3,62,14.130,69.660,25974,27027,1436,1384,0
174489,-0.034,0.117,-0.360,0.202,0.023,0.151,-0.667,0.178,0.712,0.129,1414995712.000,0.003,26149,27041,-7,3,62,14.160,69.700,26109,26954,1386,1416,0
174589,-0.179,0.212,-1.250,0.201,0.074,0.090,-0.671,0.176,0.710,0.118,1414995712.000,0.004,26084,27104,-7,4,62,14.160,69.700,26109,26954,1386,1416,0
174689,-0.234,0.177,-0.960,0.291,0.144,0.000,-0.677,0.169,0.708,0.109,1414995712.000,0.003,26152,27038,-6,-2,62,14.160,69.700,26109,26954,1386,1416,0
174789,-0.230,0.121,1.520,0.297,0.154,-0.046,-0.685,0.157,0.704,0.101,1414995712.000,0.002,26196,26995,-5,-2,62,14.160,69.700,26109,26954,1386,1416,0
174889,-0.209,0.074,1.630,0.246,0.127,-0.083,-0.692,0.145,0.701,0.094,1414995712.000,0.001,26249,26944,-3,-1,62,14.130,69.580,26315,26954,1351,1405,0
174989,-0.171,-0.006,1.850,0.152,0.102,-0.120,-0.697,0.134,0.698,0.092,1414995712.000,-0.000,26312,26883,0,-1,62,14.130,69.580,26315,26954,1351,1405,0
175089,-0.122,0.010,1.780,0.060,0.048,-0.129,-0.700,0.126,0.697,0.093,1290289792.000,0.000,25137,25660,0,4,62,14.130,69.580,26315,26954,1351,1405,0
175190,-0.070,0.000,0.310,0.006,0.021,-0.157,-0.700,0.121,0.697,0.098,1273819264.000,-0.000,25054,25419,0,4,62,14.130,69.580,26315,26954,1351,1405,0
175290,-0.015,0.037,-0.520,0.109,0.004,-0.111,-0.701,0.113,0.697,0.100,1407152512.000,0.000,26329,26720,-5,2,62,14.190,70.860,25252,25575,1304,1330,0
175390,0.006,0.059,-0.470,0.100,-0.006,-0.026,-0.701,0.107,0.698,0.099,1414995712.000,0.000,26324,26871,-4,4,62,14.190,70.860,25252,25575,1304,1330,0
175490,0.161,0.069,0.020,0.087,0.004,0.038,-0.701,0.104,0.698,0.096,1414995712.000,0.001,26477,26720,-3,4,62,14.190,70.860,25252,25575,1304,1330,0
175590,0.206,0.061,1.570,0.031,0.004,0.082,-0.703,0.105,0.698,0.090,1414995712.000,0.001,26469,26728,-2,5,62,14.190,70.860,25252,25575,1304,1330,0
175690,0.167,0.057,0.690,0.244,0.004,0.182,-0.704,0.102,0.698,0.080,1414995712.000,0.001,26273,26921,-8,-1,62,14.120,69.300,26595,26881,1327,1432,0
175790,0.225,0.202,-0.350,0.148,0.043,0.279,-0.707,0.103,0.697,0.065,1414995712.000,0.006,26280,26913,-7,6,62,14.120,69.300,26595,26881,1327,1432,0
175890,-0.003,0.085,0.960,0.089,0.109,0.316,-0.711,0.110,0.693,0.051,1334211456.000,0.002,25147,26492,1,0,62,14.120,69.300,26595,26881,1327,1432,0
175990,-0.353,-0.084,-1.350,-0.117,0.133,0.117,-0.716,0.118,0.687,0.044,1303623168.000,-0.002,24797,26244,10,2,62,14.120,69.300,26595,26881,1327,1432,0
176091,-0.393,-0.094,-0.620,0.160,-0.061,-0.202,-0.716,0.115,0.687,0.048,1414995712.000,-0.001,26280,26914,-10,-3,62,14.120,70.380,25188,26525,1363,1279,0
176191,-0.313,-0.069,0.290,0.140,-0.091,-0.186,-0.714,0.102,0.692,0.048,1414995712.000,-0.001,26254,26939,-4,2,62,14.120,70.380,25188,26525,1363,1279,0
176291,-0.244,-0.046,0.530,-0.030,-0.082,-0.169,-0.711,0.095,0.695,0.053,1279309440.000,-0.000,24959,25619,0,7,62,14.120,70.380,25188,26525,1363,1279,0
176391,-0.181,-0.023,-0.990,-0.054,-0.051,-0.151,-0.707,0.092,0.698,0.061,1366368256.000,-0.000,25845,26426,0,6,62,14.120,70.380,25188,26525,1363,1279,0
176490,-0.137,0.031,-0.310,-0.038,-0.029,-0.078,-0.705,0.089,0.700,0.066,1414995712.000,0.000,26259,26934,-1,6,62,14.110,69.380,26315,26954,1370,1397,0
176591,-0.119,0.042,-1.020,-0.001,0.017,-0.031,-0.705,0.088,0.700,0.068,1414995712.000,0.000,26238,26954,-1,4,62,14.110,69.380,26315,26954,1370,1397,0
176690,-0.107,0.035,-0.950,0.013,0.066,-0.034,-0.707,0.086,0.699,0.068,1414995712.000,0.000,26267,26927,0,2,62,14.110,69.380,26315,26954,1370,1397,0
176790,-0.093,0.011,-0.830,0.017,0.096,-0.034,-0.709,0.084,0.696,0.069,1414995712.000,0.000,26278,26916,1,1,62,14.110,69.380,26315,26954,1370,1397,0
176890,-0.080,-0.039,-1.040,-0.028,0.122,-0.033,-0.713,0.083,0.693,0.071,1414995712.000,-0.000,26287,26907,4,1,62,14.110,69.380,26315,26954,1370,1397,0
176989,-0.061,-0.071,-0.720,-0.101,0.072,-0.061,-0.716,0.084,0.689,0.076,1414995712.000,-0.000,26334,26861,5,4,62,14.100,69.420,26246,26954,1393,1381,0
177089,-0.040,-0.068,0.420,-0.173,-0.076,-0.057,-0.715,0.086,0.689,0.082,1414995712.000,-0.000,26337,26858,2,9,62,14.100,69.420,26246,26954,1393,1381,0
177189,-0.021,-0.021,1.900,-0.141,-0.132,-0.047,-0.710,0.091,0.692,0.090,1414995712.000,0.000,26340,26856,-1,9,62,14.100,69.420,26246,26954,1393,1381,0
177289,-0.007,0.020,2.100,-0.164,-0.141,-0.031,-0.705,0.096,0.697,0.096,1414995712.000,0.000,26337,26858,-1,11,62,14.100,69.420,26246,26954,1393,1381,0
177388,0.001,0.004,-0.790,-0.164,-0.119,-0.010,-0.699,0.101,0.700,0.101,1414995712.000,0.000,26322,26873,1,9,62,14.140,69.540,26178,26809,1420,1402,0
177488,0.006,0.039,0.630,-0.209,-0.111,-0.009,-0.694,0.108,0.703,0.108,1384407424.000,0.000,26040,26577,1,12,62,14.140,69.540,26178,26809,1420,1402,0
177588,0.008,0.069,-1.280,-0.283,-0.091,0.004,-0.689,0.117,0.706,0.116,1308329088.000,0.000,25286,25864,3,14,62,14.140,69.540,26178,26809,1420,1402,0
177687,0.011,0.087,0.540,-0.280,-0.034,-0.007,-0.685,0.127,0.706,0.125,1403230976.000,0.000,26229,26744,3,12,62,14.160,70.780,26315,26455,1355,1464,0
177787,0.013,0.130,2.080,-0.321,0.017,0.016,-0.683,0.137,0.704,0.136,1414995712.000,0.000,26314,26881,4,14,62,14.160,70.780,26315,26455,1355,1464,0
177887,0.420,0.240,1.460,-0.308,0.058,0.062,-0.683,0.149,0.700,0.146,1414995712.000,0.004,26847,26349,1,17,62,14.160,70.780,26315,26455,1355,1464,0
177987,0.465,0.268,-0.160,-0.174,0.167,0.368,-0.686,0.161,0.694,0.146,1414995712.000,0.007,26318,26877,2,10,62,14.160,70.780,26315,26455,1355,1464,0
178087,0.311,0.217,0.540,-0.421,0.172,0.372,-0.693,0.185,0.682,0.147,1414995712.000,0.007,26239,26954,9,16,63,14.120,69.580,26041,26809,1416,1440,0
178187,-0.289,-0.039,-1.380,-0.203,0.078,0.237,-0.696,0.203,0.672,0.146,1414995712.000,-0.001,25674,27492,6,4,63,14.120,69.580,26041,26809,1416,1440,0
178287,-0.346,-0.024,1.160,-0.111,-0.154,-0.181,-0.693,0.212,0.672,0.154,1380485888.000,-0.000,25973,26569,-5,10,63,14.120,69.580,26041,26809,1416,1440,0
178387,-0.271,0.021,0.950,0.010,-0.123,-0.177,-0.687,0.205,0.679,0.158,1314603520.000,0.000,25309,25963,-4,8,63,14.120,69.580,26041,26809,1416,1440,0
178487,-0.202,0.043,1.680,-0.070,-0.030,-0.168,-0.683,0.201,0.683,0.164,1414995712.000,0.000,26315,26880,1,9,62,14.150,70.620,25062,26178,1374,1278,0
178587,-0.144,0.054,1.520,-0.106,-0.029,-0.131,-0.679,0.199,0.685,0.172,1414995712.000,0.000,26317,26878,1,10,62,14.150,70.620,25062,26178,1374,1278,0
178688,0.215,0.062,-0.650,-0.009,-0.028,-0.031,-0.677,0.198,0.686,0.176,1400878080.000,0.001,26455,26476,-3,7,62,14.150,70.620,25062,26178,1374,1278,0
178788,0.419,0.152,-0.840,-0.003,-0.012,0.261,-0.678,0.201,0.687,0.171,1400093696.000,0.005,26259,26657,-3,11,63,14.100,69.580,26455,26525,1366,1340,0
178888,-0.022,0.149,1.080,-0.274,0.034,0.332,-0.679,0.216,0.681,0.165,1414995712.000,0.003,25756,27415,5,16,63,14.100,69.580,26455,26525,1366,1340,0
178988,-0.252,0.132,-1.050,-0.212,0.117,0.007,-0.680,0.234,0.674,0.170,1414995712.000,0.003,26126,27064,3,8,63,14.100,69.580,26455,26525,1366,1340,0
179088,-0.221,0.088,-0.970,0.079,0.064,-0.161,-0.682,0.232,0.671,0.177,1414995712.000,0.002,26335,26860,-5,3,63,14.100,69.580,26455,26525,1366,1340,0
179188,-0.156,0.053,-0.930,-0.154,0.016,-0.176,-0.681,0.227,0.671,0.184,1391466240.000,0.001,26148,26603,4,13,63,14.120,69.250,26455,26525,1354,1470,0
179288,-0.106,0.051,-0.070,-0.100,0.013,-0.163,-0.679,0.225,0.671,0.194,1367152512.000,0.001,25925,26364,1,9,63,14.120,69.250,26455,26525,1354,1470,0
179388,-0.063,0.007,-1.310,-0.052,0.008,-0.186,-0.677,0.223,0.672,0.202,1414995712.000,0.000,26453,26744,1,7,63,14.120,69.250,26455,26525,1354,1470,0
179488,-0.043,0.005,-1.310,-0.057,0.006,-0.209,-0.674,0.218,0.673,0.211,1414995712.000,0.000,26496,26702,1,8,63,14.120,69.250,26455,26525,1354,1470,0
179588,0.103,0.007,-0.260,0.110,-0.012,-0.026,-0.673,0.212,0.675,0.216,1414995712.000,0.000,26408,26788,-4,4,63,14.150,69.540,26385,26737,1416,1368,0
179689,0.262,0.018,-0.930,-0.249,-0.044,0.109,-0.671,0.216,0.675,0.215,1414995712.000,0.000,26480,26717,7,17,63,14.150,69.540,26385,26737,1416,1368,0
179789,0.234,0.022,0.350,-0.169,0.034,0.151,-0.670,0.227,0.672,0.217,1414995712.000,0.000,26395,26801,5,10,63,14.150,69.540,26385,26737,1416,1368,0
179889,-0.025,0.022,0.830,-0.392,-0.051,0.049,-0.669,0.237,0.669,0.220,1414995712.000,0.000,26268,26925,9,21,63,14.150,69.540,26385,26737,1416,1368,0
179989,-0.017,0.089,-0.870,-0.068,-0.072,-0.114,-0.663,0.246,0.669,0.230,1414995712.000,0.001,26484,26713,-6,9,63,14.070,69.250,26385,26954,1363,1383,0
180089,0.021,0.091,-0.160,-0.071,0.031,-0.082,-0.661,0.243,0.670,0.233,1414995712.000,0.000,26455,26742,1,10,63,14.070,69.250,26385,26954,1363,1383,0
180189,0.277,0.042,1.430,-0.164,0.007,-0.029,-0.660,0.245,0.669,0.240,1414995712.000,0.001,26726,26471,3,12,63,14.070,69.250,26385,26954,1363,1383,0
180289,0.299,0.053,-0.120,-0.178,-0.104,0.164,-0.657,0.251,0.668,0.243,1414995712.000,0.001,26422,26774,0,17,63,14.070,69.250,26385,26954,1363,1383,0
180389,0.334,0.129,1.430,-0.177,0.008,0.241,-0.655,0.265,0.665,0.242,1414995712.000,0.003,26416,26781,2,13,63,14.120,69.340,26385,26595,1389,1433,0
180489,0.238,0.110,-1.130,-0.116,0.161,0.239,-0.659,0.276,0.657,0.240,1414995712.000,0.003,26367,26829,4,7,63,14.120,69.340,26385,26595,1389,1433,0
180590,0.151,0.058,-1.010,-0.013,0.127,0.213,-0.665,0.284,0.648,0.237,1414995712.000,0.002,26327,26868,1,6,63,14.120,69.340,26385,26595,1389,1433,0
180690,0.072,0.036,-1.680,0.067,0.026,0.201,-0.670,0.289,0.643,0.231,1414995712.000,0.001,26268,26925,-3,7,63,14.120,69.340,26385,26595,1389,1433,0
180790,-0.002,0.022,-1.860,0.080,0.013,0.169,-0.674,0.292,0.641,0.223,1414995712.000,0.001,26241,26952,-2,6,63,14.120,69.300,26315,26954,1363,1388,0
180890,-0.357,-0.029,1.250,-0.040,-0.024,-0.082,-0.676,0.295,0.639,0.219,1414995712.000,-0.001,26226,26966,1,10,63,14.120,69.300,26315,26954,1363,1388,0
180990,-0.324,-0.026,1.990,0.343,-0.017,-0.217,-0.676,0.284,0.644,0.219,1414995712.000,-0.001,26345,26850,-10,-3,63,14.120,69.300,26315,26954,1363,1388,0
181090,-0.234,-0.013,1.380,0.237,-0.132,-0.230,-0.675,0.268,0.653,0.216,1414995712.000,-0.000,26392,26804,-8,7,63,14.120,69.300,26315,26954,1363,1388,0
181190,-0.135,0.037,-0.940,0.182,-0.183,-0.196,-0.669,0.257,0.663,0.215,1414995712.000,0.001,26406,26791,-9,10,63,14.130,69.300,26737,26737,1296,1402,0
181290,0.023,0.078,1.030,0.236,-0.117,-0.106,-0.665,0.248,0.672,0.211,1414995712.000,0.001,26463,26734,-10,6,63,14.130,69.300,26737,26737,1296,1402,0
181390,0.054,0.093,-1.450,0.152,-0.012,-0.094,-0.664,0.240,0.677,0.207,1414995712.000,0.002,26495,26702,-4,7,63,14.130,69.300,26737,26737,1296,1402,0
181490,-0.048,0.124,0.760,0.124,0.067,-0.134,-0.666,0.231,0.678,0.206,1414995712.000,0.001,26447,26750,-3,7,63,14.130,69.300,26737,26737,1296,1402,0
181591,0.003,0.092,0.820,0.206,0.136,-0.147,-0.670,0.220,0.678,0.208,1414995712.000,0.000,26507,26691,-4,1,63,14.090,69.340,26178,26595,1465,1416,0
181690,0.040,0.057,-1.140,0.133,0.097,-0.061,-0.674,0.210,0.677,0.206,1414995712.000,0.000,26447,26750,-2,5,63,14.090,69.340,26178,26595,1465,1416,0
181791,0.053,0.036,0.020,0.049,0.052,0.018,-0.678,0.206,0.676,0.205,1414995712.000,0.000,26393,26803,-1,7,63,14.090,69.340,26178,26595,1465,1416,0
181890,0.062,0.036,1.260,0.103,-0.056,0.084,-0.679,0.205,0.676,0.200,1414995712.000,0.000,26352,26844,-6,8,63,14.090,69.340,26178,26595,1465,1416,0
181990,0.217,0.067,0.660,0.203,-0.138,0.229,-0.678,0.206,0.680,0.189,1414995712.000,0.001,26361,26835,-11,8,63,14.100,69.010,26666,26666,1327,1411,0
182089,0.132,0.096,0.700,0.046,-0.042,0.281,-0.678,0.212,0.681,0.175,1414995712.000,0.002,26225,26968,-3,10,63,14.100,69.010,26666,26666,1327,1411,0
182189,0.041,0.099,0.600,-0.079,0.023,0.184,-0.680,0.221,0.679,0.168,1414995712.000,0.003,26267,26926,1,12,63,14.100,69.010,26666,26666,1327,1411,0
182289,-0.010,0.097,1.380,-0.120,0.041,0.102,-0.681,0.228,0.676,0.167,1414995712.000,0.003,26292,26902,1,12,63,14.100,69.010,26666,26666,1327,1411,0
182389,-0.066,0.117,0.800,-0.232,0.086,0.020,-0.682,0.236,0.671,0.171,1414995712.000,0.003,26312,26883,4,14,63,14.100,69.090,26246,26881,1388,1403,0
182488,-0.047,0.097,-0.060,-0.277,0.081,-0.088,-0.681,0.242,0.666,0.183,1414995712.000,0.003,26440,26757,5,15,63,14.100,69.090,26246,26881,1388,1403,0
182588,-0.170,0.080,-0.880,-0.283,0.049,-0.119,-0.679,0.247,0.663,0.196,1414995712.000,0.001,26273,26921,4,15,63,14.100,69.090,26246,26881,1388,1403,0
182688,-0.126,0.063,-0.190,-0.149,0.111,-0.240,-0.676,0.250,0.660,0.213,1414995712.000,0.001,26506,26692,1,7,63,14.100,69.090,26246,26881,1388,1403,0
182788,-0.035,0.033,0.840,-0.009,0.041,-0.219,-0.676,0.243,0.659,0.223,1414995712.000,0.000,26543,26654,-2,7,63,14.120,69.010,26595,26525,1371,1414,0
182888,0.070,-0.031,-0.050,-0.043,-0.072,-0.160,-0.672,0.238,0.662,0.230,1414995712.000,-0.000,26583,26615,-1,10,63,14.120,69.010,26595,26525,1371,1414,0
182987,0.121,0.005,0.330,-0.069,-0.147,-0.072,-0.667,0.238,0.667,0.234,1414995712.000,0.000,26537,26661,-3,14,63,14.120,69.010,26595,26525,1371,1414,0
183087,0.381,0.220,0.160,0.082,-0.100,0.052,-0.662,0.239,0.671,0.234,1414995712.000,0.004,26690,26508,-12,13,63,14.120,69.010,26595,26525,1371,1414,0
183187,0.365,0.292,0.820,-0.059,0.143,0.203,-0.665,0.244,0.668,0.229,1414995712.000,0.006,26506,26691,-1,13,63,14.120,69.340,26595,26455,1401,1400,0
183287,0.279,0.256,-0.460,0.068,0.209,0.233,-0.674,0.249,0.659,0.224,1414995712.000,0.006,26422,26774,-4,7,63,14.120,69.340,26595,26455,1401,1400,0
183387,0.187,0.198,-1.160,0.072,0.170,0.199,-0.683,0.251,0.650,0.217,1414995712.000,0.006,26407,26789,-3,8,63,14.120,69.340,26595,26455,1401,1400,0
183487,0.066,0.151,0.420,-0.066,0.076,0.130,-0.689,0.255,0.644,0.212,1414995712.000,0.005,26374,26822,0,14,63,14.090,69.130,26109,27027,1434,1352,0
183587,0.005,0.123,0.800,-0.069,0.022,0.002,-0.690,0.259,0.641,0.213,1414995712.000,0.004,26466,26731,-2,13,63,14.090,69.130,26109,27027,1434,1352,0
183687,0.005,0.128,-0.380,-0.033,0.000,-0.073,-0.689,0.259,0.641,0.217,1414995712.000,0.004,26535,26663,-4,12,63,14.090,69.130,26109,27027,1434,1352,0
183787,0.037,0.134,0.400,-0.012,-0.028,-0.089,-0.688,0.257,0.643,0.220,1414995712.000,0.004,26564,26634,-5,13,63,14.090,69.130,26109,27027,1434,1352,0
183888,0.067,0.143,-0.410,0.040,-0.081,-0.074,-0.685,0.255,0.645,0.221,1414995712.000,0.004,26568,26629,-8,13,63,14.090,68.970,26595,26809,1386,1334,0
183988,0.095,0.158,-0.330,0.144,-0.121,-0.048,-0.682,0.251,0.650,0.220,1414995712.000,0.004,26568,26629,-12,12,63,14.090,68.970,26595,26809,1386,1334,0
184088,0.023,-0.052,0.770,0.120,-0.117,-0.028,-0.680,0.246,0.656,0.215,1414995712.000,-0.001,26470,26727,-4,7,63,14.090,68.970,26595,26809,1386,1334,0
184188,0.022,-0.018,-2.000,0.112,-0.129,-0.030,-0.677,0.243,0.662,0.211,1414995712.000,-0.000,26505,26692,-7,10,63,14.140,69.090,26455,26737,1394,1369,0
184288,0.031,0.021,1.730,0.099,-0.131,-0.010,-0.674,0.240,0.668,0.207,1414995712.000,0.000,26501,26696,-8,11,63,14.140,69.090,26455,26737,1394,1369,0
184388,0.031,0.057,1.020,0.063,-0.113,0.018,-0.671,0.238,0.673,0.202,1414995712.000,0.001,26474,26723,-7,13,63,14.140,69.090,26455,26737,1394,1369,0
184488,0.171,0.131,-0.330,-0.034,-0.071,0.073,-0.668,0.240,0.676,0.199,1414995712.000,0.003,26585,26613,-6,16,63,14.140,69.090,26455,26737,1394,1369,0
184588,0.192,0.170,0.970,-0.214,0.056,0.063,-0.666,0.247,0.674,0.201,1414995712.000,0.005,26599,26598,2,18,63,14.100,69.210,26385,26666,1446,1361,0
184688,0.169,0.191,-1.600,-0.280,0.109,0.034,-0.667,0.256,0.668,0.209,1414995712.000,0.005,26608,26589,2,18,63,14.100,69.210,26385,26666,1446,1361,0
184788,0.119,0.230,1.720,-0.272,0.180,-0.019,-0.668,0.264,0.661,0.219,1414995712.000,0.006,26624,26573,3,16,63,14.100,69.210,26385,26666,1446,1361,0
184889,0.057,0.213,-2.110,-0.127,0.332,-0.068,-0.673,0.266,0.651,0.230,1414995712.000,0.005,26611,26587,3,8,63,14.100,69.210,26385,26666,1446,1361,0
184989,0.095,0.115,1.020,-0.072,0.298,-0.110,-0.681,0.263,0.640,0.241,1414995712.000,0.003,26707,26490,3,7,63,14.110,68.970,26525,26737,1439,1312,0
185089,-0.160,-0.155,0.530,-0.091,0.220,-0.089,-0.686,0.259,0.632,0.250,1414995712.000,-0.000,26323,26872,9,2,63,14.110,68.970,26525,26737,1439,1312,0
185189,-0.106,-0.240,-0.900,-0.107,-0.042,-0.219,-0.686,0.259,0.627,0.263,1414995712.000,0.200,26670,26528,9,17,63,14.110,68.970,26525,26737,1439,1312,0
185289,-0.033,-0.188,0.710,0.196,-0.256,-0.148,-0.679,0.254,0.636,0.265,1414995712.000,0.601,26641,26556,6,24,63,14.110,68.970,26525,26737,1439,1312,0
185389,0.424,-0.093,-0.590,0.769,-0.096,-0.063,-0.677,0.241,0.647,0.256,1414995712.000,1.199,27080,26109,6,18,64,14.100,69.090,26666,26525,1389,1378,0
185489,0.822,-0.217,-2.380,1.389,-0.292,0.559,-0.685,0.213,0.663,0.214,1414995712.000,1.492,26635,26562,-8,7,64,14.100,69.090,26666,26525,1389,1378,0
185589,0.553,-0.298,-0.970,0.973,-0.276,0.727,-0.694,0.195,0.678,0.145,1414995712.000,0.586,26304,26891,-15,-5,64,14.100,69.090,26666,26525,1389,1378,0
185689,0.011,-0.086,1.110,0.308,-0.378,0.623,-0.694,0.196,0.686,0.096,1414995712.000,-0.004,25890,27289,-17,13,64,14.100,69.090,26666,26525,1389,1378,0
185790,-0.660,0.143,1.000,-0.308,-0.103,0.013,-0.685,0.211,0.692,0.081,1414995712.000,0.005,26094,27094,6,26,63,14.080,69.170,25906,27173,1151,1633,0
185890,-0.644,0.138,-0.600,0.361,0.068,-0.279,-0.685,0.203,0.694,0.085,1414995712.000,0.004,26329,26866,-14,-1,63,14.080,69.170,25906,27173,1151,1633,0
185990,-0.531,0.129,0.670,0.001,-0.048,-0.317,-0.686,0.187,0.697,0.089,1414995712.000,0.003,26385,26811,-4,18,63,14.080,69.170,25906,27173,1151,1633,0
186090,-0.406,0.113,1.630,0.120,0.161,-0.320,-0.687,0.175,0.699,0.099,1414995712.000,0.002,26454,26743,-3,5,63,14.080,69.170,25906,27173,1151,1633,0
186190,-0.280,0.061,-1.610,0.046,0.181,-0.326,-0.691,0.160,0.696,0.109,1414995712.000,0.001,26551,26647,1,7,64,14.010,69.010,26666,27027,1352,1312,0
186290,-0.166,0.009,1.340,-0.007,0.150,-0.240,-0.696,0.148,0.692,0.119,1414995712.000,0.000,26535,26663,2,9,64,14.010,69.010,26666,27027,1352,1312,0
186390,-0.086,0.149,-0.710,-0.074,0.207,-0.176,-0.700,0.143,0.688,0.129,1414995712.000,0.001,26541,26657,1,12,64,14.010,69.010,26666,27027,1352,1312,0
186490,-0.184,0.111,-1.900,-0.097,0.299,-0.227,-0.707,0.138,0.680,0.140,1414995712.000,-0.001,26535,26662,5,8,64,14.010,69.010,26666,27027,1352,1312,0
186590,0.082,-0.135,2.180,-0.123,0.279,-0.268,-0.714,0.129,0.672,0.152,1414995712.000,0.001,26816,26380,24,15,64,14.090,68.850,26525,26666,1502,1269,0
186690,0.096,-0.278,2.470,-1.121,0.600,-0.014,-0.718,0.162,0.648,0.198,1414995712.000,0.003,26488,26709,45,12,64,14.090,68.850,26525,26666,1502,1269,0
186791,0.036,-0.319,0.790,-0.046,-0.359,-0.077,-0.723,0.165,0.642,0.193,1414995712.000,0.002,26703,26494,-10,18,64,14.090,68.850,26525,26666,1502,1269,0
186891,0.092,-0.273,2.040,0.468,0.229,-0.087,-0.719,0.155,0.651,0.189,1414995712.000,0.002,26663,26535,0,-19,64,14.090,68.850,26525,26666,1502,1269,0
186991,0.154,-0.246,1.530,0.383,-0.363,0.000,-0.718,0.138,0.658,0.180,1311466240.000,0.003,25577,25638,-15,9,64,14.070,68.690,26525,26737,1460,1304,0
187090,0.124,-0.239,-0.940,0.890,0.030,0.110,-0.718,0.124,0.667,0.156,1214995712.000,0.002,24540,24754,-17,-23,64,14.070,68.690,26525,26737,1460,1304,0
187190,0.079,-0.198,-0.570,0.890,0.013,0.026,-0.724,0.102,0.671,0.125,1214995712.000,0.001,24694,24601,-17,-16,64,14.070,68.690,26525,26737,1460,1304,0
187289,0.039,-0.153,-1.120,0.817,-0.243,0.096,-0.724,0.077,0.680,0.089,1214995712.000,0.000,24558,24737,-21,-3,64,14.070,68.690,26525,26737,1460,1304,0
187389,0.071,-0.208,-0.380,0.990,0.192,-0.052,-0.729,0.040,0.681,0.055,1214995712.000,0.001,24725,24570,-10,-22,64,14.070,68.690,26525,26737,1460,1304,0
187489,0.137,-0.149,0.160,0.913,-0.386,-0.042,-0.724,0.005,0.689,0.030,1214995712.000,0.001,24697,24598,-29,-2,64,14.190,70.990,24752,24691,1283,1213,0
187589,0.190,-0.062,-0.340,0.922,-0.182,-0.202,-0.714,-0.033,0.699,0.001,1209995776.000,0.000,24954,24235,-22,-8,64,14.190,70.990,24752,24691,1283,1213,0
187688,0.254,0.023,0.730,0.893,-0.226,-0.101,-0.704,-0.066,0.707,-0.021,1199995904.000,-0.000,24736,24252,-27,-6,64,14.190,70.990,24752,24691,1283,1213,0
187788,0.261,0.028,-1.620,0.796,0.110,0.068,-0.702,-0.094,0.704,-0.047,1189996032.000,-0.000,24446,24339,-16,-13,64,14.190,70.990,24752,24691,1283,1213,0
187889,0.227,0.023,-0.380,0.786,0.059,0.007,-0.700,-0.117,0.700,-0.077,1174996224.000,-0.000,24449,24025,-19,-11,64,14.170,71.190,24449,24390,1261,1236,0
187988,0.218,0.009,0.470,0.603,0.072,-0.039,-0.699,-0.137,0.695,-0.099,1159996416.000,-0.000,24361,23802,-14,-7,64,14.170,71.190,24449,24390,1261,1236,0
188087,0.205,0.004,0.450,0.332,-0.016,0.187,-0.697,-0.150,0.691,-0.114,1154996480.000,-0.000,23937,24125,-9,4,64,14.170,71.190,24449,24390,1261,1236,0
188187,0.193,0.015,0.350,0.598,-0.068,0.038,-0.694,-0.163,0.690,-0.128,1134996736.000,-0.000,23964,23680,-22,-7,63,14.220,71.310,24390,23584,1194,1192,0
188287,0.174,0.028,-0.440,0.480,-0.006,0.013,-0.689,-0.174,0.689,-0.142,1119996928.000,-0.000,23852,23475,-17,-6,63,14.220,71.310,24390,23584,1194,1192,0
188387,0.131,0.035,1.070,0.488,0.070,0.042,-0.685,-0.183,0.687,-0.159,1104997120.000,-0.000,23659,23350,-15,-9,63,14.220,71.310,24390,23584,1194,1192,0
188487,0.084,0.001,-0.110,0.567,0.107,0.113,-0.682,-0.199,0.678,-0.185,1084997376.000,-0.000,23299,23284,-14,-8,63,14.220,71.310,24390,23584,1194,1192,0
188587,0.021,-0.016,0.060,0.487,0.101,0.084,-0.677,-0.212,0.672,-0.210,1069997568.000,0.000,23161,23099,-11,-7,64,14.240,71.430,22988,23310,1196,1185,0
188687,0.029,-0.056,0.440,0.447,0.058,0.019,-0.677,-0.226,0.663,-0.225,1049997824.000,0.000,22963,22863,-13,-6,64,14.240,71.430,22988,23310,1196,1185,0
188787,0.073,-0.066,0.730,0.576,-0.071,-0.161,-0.674,-0.246,0.655,-0.239,1044997888.000,0.000,23200,22511,-21,-7,64,14.240,71.430,22988,23310,1196,1185,0
188887,0.113,-0.029,-0.420,0.781,0.008,-0.052,-0.662,-0.273,0.649,-0.257,1034998016.000,0.000,22953,22543,-22,-16,63,14.260,71.510,22988,22624,1166,1121,0
188987,0.169,-0.058,-0.070,1.050,0.186,-0.168,-0.655,-0.306,0.630,-0.284,1019998208.000,0.000,23038,22118,-23,-27,63,14.260,71.510,22988,22624,1166,1121,0
189087,0.254,-0.088,-0.410,0.919,0.140,-0.214,-0.646,-0.342,0.607,-0.311,1004998400.000,0.001,23025,21791,-19,-19,63,14.260,71.510,22988,22624,1166,1121,0
189187,0.333,-0.116,0.450,0.727,0.079,-0.179,-0.640,-0.369,0.587,-0.331,989998592.000,0.001,22915,21561,-17,-14,63,14.260,71.510,22988,22624,1166,1121,0
189287,0.400,-0.067,0.010,0.696,-0.070,-0.101,-0.626,-0.397,0.576,-0.345,974998784.000,0.001,22717,21423,-20,-11,63,14.290,71.550,22935,21413,1159,1102,0
189387,0.421,-0.084,-0.600,0.677,0.278,0.114,-0.616,-0.417,0.559,-0.366,959998976.000,0.001,22305,21505,-10,-22,63,14.290,71.550,22935,21413,1159,1102,0
189487,0.383,-0.116,0.180,0.842,-0.032,0.171,-0.603,-0.433,0.541,-0.394,944999168.000,0.001,22118,21349,-27,-17,63,14.290,71.550,22935,21413,1159,1102,0
189588,0.322,-0.095,-0.040,1.057,0.233,0.241,-0.579,-0.456,0.526,-0.425,929999360.000,0.001,21833,21292,-22,-33,63,14.290,71.550,22935,21413,1159,1102,0
189687,0.229,-0.124,-0.320,1.043,0.141,0.274,-0.553,-0.474,0.505,-0.463,914999552.000,0.000,21575,21202,-25,-29,63,14.320,71.550,21786,21321,1092,1060,0
189787,0.136,-0.176,0.820,1.323,0.517,0.330,-0.522,-0.494,0.476,-0.506,889999872.000,0.003,21112,21078,-19,-49,63,14.320,71.550,21786,21321,1092,1060,0
189888,0.120,-0.236,0.310,1.257,-0.180,0.046,-0.492,-0.517,0.439,-0.545,880000000.000,0.004,21396,20547,-38,-24,63,14.320,71.550,21786,21321,1092,1060,0
189988,0.145,-0.218,-0.740,1.348,0.179,0.067,-0.456,-0.548,0.405,-0.573,875000064.000,0.003,21256,20571,-27,-42,63,14.320,71.550,21786,21321,1092,1060,0
190088,0.142,-0.240,-0.270,1.436,-0.086,0.068,-0.414,-0.573,0.362,-0.607,865000064.000,0.003,21201,20384,-39,-34,63,14.320,71.670,21231,20491,1051,1052,0
190188,0.177,-0.218,0.070,1.443,-0.106,-0.093,-0.368,-0.603,0.315,-0.633,855000064.000,0.003,21379,19949,-38,-33,63,14.320,71.670,21231,20491,1051,1052,0
190287,0.269,-0.139,-0.020,0.588,-0.202,-0.162,-0.338,-0.631,0.281,-0.639,840000064.000,0.002,21309,19645,-17,-8,63,14.320,71.670,21231,20491,1051,1052,0
190387,0.338,-0.141,0.480,0.199,0.197,-0.156,-0.330,-0.638,0.262,-0.644,825000064.000,0.002,21186,19395,-1,-15,63,14.360,71.830,21321,19379,1057,991,0
190487,0.352,-0.213,0.340,-0.084,0.350,-0.069,-0.331,-0.632,0.254,-0.653,805000064.000,0.004,20861,19231,8,-15,63,14.360,71.830,21321,19379,1057,991,0
190587,0.337,-0.252,-0.060,-0.249,-0.157,0.060,-0.337,-0.625,0.258,-0.654,790000064.000,0.005,20474,19257,-6,1,63,14.360,71.830,21321,19379,1057,991,0
190687,0.312,-0.261,0.330,-0.217,0.093,0.099,-0.342,-0.621,0.266,-0.653,780000064.000,0.005,20269,19214,2,-11,63,14.360,71.830,21321,19379,1057,991,0
190787,0.248,-0.264,-0.200,-0.126,0.054,0.214,-0.342,-0.617,0.275,-0.654,770000064.000,0.005,19927,19311,-2,-12,63,14.380,72.230,20040,19305,973,965,0
190887,0.211,-0.276,-0.170,-0.062,0.132,-0.048,-0.342,-0.613,0.280,-0.655,755000064.000,0.005,20175,18654,0,-17,63,14.380,72.230,20040,19305,973,965,0
190987,0.222,-0.296,0.070,-0.171,-0.101,-0.047,-0.349,-0.609,0.282,-0.654,745000064.000,0.005,19981,18594,-5,-6,63,14.380,72.230,20040,19305,973,965,0
191087,0.168,-0.245,-0.200,-0.014,-0.159,0.181,-0.343,-0.612,0.290,-0.651,730000064.000,0.003,19400,18805,-8,-9,63,14.380,72.230,20040,19305,973,965,0
191187,0.180,-0.245,-0.300,-0.048,0.022,0.023,-0.343,-0.613,0.289,-0.650,710000064.000,0.004,19368,18299,-2,-12,63,14.430,73.080,19762,18315,906,901,0
191287,0.172,-0.245,0.460,0.071,0.027,0.119,-0.338,-0.615,0.285,-0.653,700000064.000,0.003,19066,18343,-5,-15,63,14.430,73.080,19762,18315,906,901,0
191387,0.149,-0.240,0.370,0.189,-0.037,0.081,-0.331,-0.616,0.283,-0.656,685000064.000,0.003,18931,18073,-11,-17,63,14.430,73.080,19762,18315,906,901,0
191487,0.078,-0.231,-0.500,0.517,0.046,0.260,-0.315,-0.619,0.280,-0.663,675000064.000,0.002,18439,18303,-17,-29,63,14.430,73.080,19762,18315,906,901,0
191587,-0.022,-0.284,-0.860,0.627,0.228,0.119,-0.292,-0.617,0.269,-0.680,660000064.000,0.002,18501,17825,-12,-36,63,14.450,73.720,18315,18115,914,886,0
191687,0.002,-0.320,-0.630,0.790,0.154,-0.109,-0.273,-0.622,0.245,-0.692,650000064.000,0.002,18708,17321,-17,-38,63,14.450,73.720,18315,18115,914,886,0
191787,0.130,-0.368,0.000,0.552,0.018,-0.311,-0.261,-0.628,0.210,-0.702,640000064.000,0.005,18961,16748,-12,-24,63,14.450,73.720,18315,18115,914,886,0
191887,0.246,-0.294,-1.100,0.673,-0.272,-0.081,-0.247,-0.646,0.184,-0.699,630000064.000,0.005,18443,17026,-25,-23,63,14.450,73.720,18315,18115,914,886,0
191987,0.236,-0.246,0.060,0.738,-0.027,0.222,-0.219,-0.658,0.163,-0.702,615000064.000,0.003,17772,17296,-19,-32,63,14.450,73.720,18315,18115,914,886,0
192087,0.166,-0.199,0.420,0.642,-0.264,0.176,-0.185,-0.668,0.145,-0.706,600000064.000,0.002,17731,16900,-25,-19,63,14.450,74.370,17857,17361,851,836,0
192187,0.129,-0.111,1.460,0.557,-0.356,0.134,-0.159,-0.681,0.131,-0.702,585000064.000,0.001,17503,16693,-28,-15,63,14.450,74.370,17857,17361,851,836,0
192287,0.117,-0.030,0.160,0.217,-0.123,0.026,-0.142,-0.693,0.121,-0.696,580000064.000,0.000,17584,16456,-11,-12,63,14.450,74.370,17857,17361,851,836,0
192387,0.101,-0.021,0.230,-0.276,0.018,0.032,-0.143,-0.693,0.125,-0.695,565000064.000,0.000,17328,16271,3,-3,63,14.450,74.370,17857,17361,851,836,0
192487,0.079,-0.047,-0.450,-0.706,0.188,-0.069,-0.158,-0.687,0.142,-0.695,555000064.000,0.000,17409,15873,17,1,62,14.490,74.530,17241,16233,824,799,0
192587,0.143,-0.125,-0.370,-1.042,0.278,-0.164,-0.197,-0.672,0.165,-0.694,545000064.000,0.001,17357,15612,25,3,62,14.490,74.530,17241,16233,824,799,0
192687,0.145,-0.167,0.080,-1.098,-0.183,-0.008,-0.237,-0.657,0.201,-0.687,530000064.000,0.002,16830,15708,8,15,62,14.490,74.530,17241,16233,824,799,0
192787,0.074,-0.174,-1.530,-0.738,0.291,0.323,-0.262,-0.645,0.236,-0.678,505000064.000,0.001,15710,16069,16,-14,62,14.490,74.530,17241,16233,824,799,0
192887,-0.009,-0.240,1.180,-0.452,-0.073,-0.023,-0.277,-0.628,0.257,-0.681,490000064.000,0.001,16288,14990,-3,-5,62,14.520,74.530,15673,16025,789,759,0
192987,-0.003,-0.185,-0.430,-0.209,-0.092,-0.049,-0.286,-0.630,0.269,-0.670,480000064.000,0.001,16054,14909,-4,-12,62,14.520,74.530,15673,16025,789,759,0
193087,0.002,-0.188,-0.040,0.008,0.051,-0.018,-0.289,-0.629,0.271,-0.669,470000064.000,0.001,15823,14820,-4,-19,62,14.520,74.530,15673,16025,789,759,0
193187,-0.008,-0.210,0.060,0.042,0.154,0.019,-0.288,-0.626,0.270,-0.672,455000064.000,0.001,15477,14679,0,-21,62,14.520,74.530,15673,16025,789,759,0
193287,-0.028,-0.240,-0.030,0.006,0.026,0.047,-0.287,-0.622,0.269,-0.677,435000064.000,0.001,15100,14387,-2,-15,62,14.550,74.530,15432,14662,707,699,0
193387,-0.060,-0.239,-0.070,0.018,0.021,0.057,-0.283,-0.622,0.271,-0.678,420000064.000,0.001,14794,14183,-2,-17,62,14.550,74.530,15432,14662,707,699,0
193487,-0.072,-0.240,-0.140,0.117,0.060,-0.017,-0.279,-0.623,0.269,-0.680,415000064.000,0.001,14826,13971,-4,-21,62,14.550,74.530,15432,14662,707,699,0
193587,-0.057,-0.255,-0.290,0.138,0.030,-0.033,-0.275,-0.624,0.262,-0.683,400000064.000,0.001,14597,13672,-4,-20,62,14.610,74.570,14577,13661,697,640,0
193687,-0.059,-0.239,-0.120,0.128,-0.108,-0.046,-0.270,-0.627,0.258,-0.683,380000064.000,0.001,14262,13289,-8,-16,62,14.610,74.570,14577,13661,697,640,0
193787,-0.012,-0.196,-0.310,0.221,-0.121,-0.169,-0.266,-0.636,0.251,-0.680,360000064.000,0.001,14256,12520,-11,-19,62,14.610,74.570,14577,13661,697,640,0
193887,0.046,-0.173,0.360,0.280,-0.087,-0.087,-0.260,-0.644,0.238,-0.679,355000064.000,0.001,14022,12585,-11,-20,62,14.610,74.570,14577,13661,697,640,0
193987,0.069,-0.154,0.540,0.269,0.047,0.004,-0.251,-0.650,0.227,-0.680,340000064.000,0.001,13621,12429,-5,-23,62,14.580,74.650,13966,12406,646,605,0
194087,0.095,-0.193,-0.090,0.178,0.189,0.004,-0.245,-0.649,0.215,-0.687,325000064.000,0.001,13389,12072,1,-25,62,14.580,74.650,13966,12406,646,605,0
194187,0.097,-0.237,-0.130,-0.081,0.104,0.012,-0.246,-0.645,0.212,-0.692,305000064.000,0.002,13024,11635,4,-16,62,14.580,74.650,13966,12406,646,605,0
194287,0.063,-0.252,-0.310,0.091,-0.060,0.087,-0.247,-0.641,0.217,-0.694,295000064.000,0.002,12650,11618,-8,-20,62,14.580,74.650,13966,12406,646,605,0
194387,0.053,-0.208,0.120,0.289,-0.194,0.046,-0.237,-0.648,0.212,-0.692,285000064.000,0.001,12548,11294,-15,-20,62,14.600,74.650,12562,11574,618,538,0
194487,0.031,-0.191,-0.110,0.299,0.127,0.037,-0.224,-0.653,0.205,-0.694,270000064.000,0.001,12266,10934,-4,-29,62,14.600,74.650,12562,11574,618,538,0
194587,-0.016,-0.204,0.060,0.402,-0.152,0.214,-0.208,-0.654,0.197,-0.701,245000064.000,0.001,11150,10986,-18,-20,62,14.600,74.650,12562,11574,618,538,0
194687,-0.034,-0.132,-0.420,0.418,-0.200,-0.063,-0.191,-0.665,0.189,-0.697,240000064.000,0.000,11820,10015,-17,-22,62,14.620,74.650,11709,10080,569,449,0
194787,-0.006,-0.087,0.480,0.242,-0.206,0.003,-0.182,-0.674,0.178,-0.694,230000064.000,0.000,11296,10119,-14,-15,62,14.620,74.650,11709,10080,569,449,0
194887,-0.034,-0.049,0.280,0.210,-0.037,0.116,-0.170,-0.679,0.174,-0.692,205000064.000,-0.000,10392,9849,-9,-20,62,14.620,74.650,11709,10080,569,449,0
194987,-0.030,0.002,0.280,0.153,-0.434,-0.074,-0.164,-0.687,0.169,-0.688,190000064.000,-0.000,10619,8789,-23,-5,62,14.620,74.650,11709,10080,569,449,0
195087,-0.005,0.148,-0.200,-0.002,-0.616,-0.098,-0.158,-0.705,0.167,-0.671,180000064.000,0.000,10472,8386,-24,7,61,14.650,74.690,10330,8680,472,357,0
195187,0.011,0.352,-0.200,0.072,-0.763,-0.012,-0.152,-0.728,0.169,-0.647,170000064.000,0.001,9974,8397,-35,11,61,14.650,74.690,10330,8680,472,357,0
195287,0.026,0.556,-0.260,0.056,-0.604,-0.004,-0.144,-0.751,0.169,-0.622,160000064.000,0.003,9700,8119,-33,11,61,14.650,74.690,10330,8680,472,357,0
195387,0.031,0.721,-0.490,-0.013,-0.538,0.067,-0.138,-0.769,0.170,-0.601,150000064.000,0.006,9196,8089,-34,16,61,14.650,74.690,10330,8680,472,357,0
195487,0.021,0.845,-0.120,-0.114,-0.370,0.071,-0.136,-0.781,0.177,-0.584,135000064.000,0.008,8842,7538,-31,17,61,14.650,74.730,9225,8064,417,283,0
195587,0.014,0.937,-0.060,-0.051,-0.318,0.037,-0.135,-0.789,0.182,-0.571,130000064.000,0.011,8836,7206,-36,16,61,14.650,74.730,9225,8064,417,283,0
195687,0.008,1.016,-0.180,-0.033,-0.219,-0.048,-0.133,-0.797,0.185,-0.559,110000064.000,0.013,8569,6047,-35,17,61,14.650,74.730,9225,8064,417,283,0
195787,0.029,1.059,-0.300,-0.063,-0.070,-0.052,-0.135,-0.801,0.187,-0.552,100000064.000,0.013,8292,5590,-33,15,61,14.650,74.730,9225,8064,417,283,0
195887,0.025,1.068,-0.050,-0.018,-0.018,0.041,-0.136,-0.801,0.190,-0.551,90000064.000,0.014,7631,5636,-35,14,61,14.680,74.690,8389,5747,357,208,0
195987,0.019,1.070,0.050,-0.033,-0.013,-0.003,-0.137,-0.801,0.192,-0.550,85000064.000,0.015,7678,5103,-35,16,61,14.680,74.690,8389,5747,357,208,0
196087,0.034,1.075,0.430,0.007,-0.013,-0.039,-0.140,-0.801,0.194,-0.549,76000064.000,0.014,7547,4364,-38,15,61,14.680,74.690,8389,5747,357,208,0
196187,0.041,1.086,-0.100,0.018,-0.076,-0.033,-0.140,-0.802,0.193,-0.547,67000064.000,0.014,7192,3909,-40,18,61,14.710,72.350,305,305,361,245,0
196287,0.044,1.106,-0.150,-0.007,-0.019,-0.053,-0.139,-0.805,0.192,-0.544,58000064.000,0.015,7002,2995,-38,18,61,14.710,72.350,305,305,361,245,0
196387,0.046,1.117,-0.090,0.099,-0.109,0.032,-0.137,-0.806,0.190,-0.543,49000064.000,0.015,6166,3313,-46,19,61,14.710,72.350,305,305,361,245,0
196487,0.020,1.146,-0.020,0.014,-0.067,0.041,-0.133,-0.809,0.192,-0.539,40000064.000,0.017,5782,2564,-42,22,61,14.710,72.350,305,305,361,245,0
196587,0.003,1.154,0.040,0.074,0.024,-0.040,-0.130,-0.810,0.191,-0.539,31000064.000,0.017,5780,0,-43,19,60,14.720,71.990,305,305,361,245,0
196687,0.009,1.146,0.000,0.048,0.037,-0.073,-0.128,-0.810,0.187,-0.541,22000064.000,0.017,5511,0,-42,20,60,14.720,71.990,305,305,361,245,0
196787,0.015,1.126,-0.250,0.009,0.084,0.008,-0.128,-0.809,0.185,-0.544,13000064.000,0.016,4533,0,-41,21,60,14.720,71.990,305,305,361,245,0
196887,0.010,1.109,-0.430,-0.166,0.023,0.046,-0.130,-0.806,0.187,-0.546,4000064.000,0.016,3873,0,-38,28,60,14.720,71.990,305,305,361,245,0
196987,0.079,1.122,-0.610,-0.806,-0.078,0.012,-0.149,-0.804,0.202,-0.539,0.000,0.015,4394,0,-24,49,60,14.710,72.030,305,305,361,245,0
197087,0.156,1.129,-1.050,-1.113,0.086,0.364,-0.182,-0.796,0.235,-0.528,0.000,0.015,966,0,-15,48,60,14.710,72.030,305,305,361,245,0
197187,0.184,1.091,-0.360,-1.458,-0.033,0.516,-0.222,-0.775,0.285,-0.518,0.000,0.018,0,1784,-13,61,60,14.710,72.030,305,305,361,245,0
197287,0.178,1.168,0.490,-1.338,-0.633,0.421,-0.255,-0.760,0.344,-0.490,0.000,0.028,2677,0,-38,75,60,14.710,72.030,305,305,361,245,0
197387,0.220,1.244,0.920,-0.809,-0.094,0.409,-0.281,-0.747,0.387,-0.461,0.000,0.036,1932,0,-36,41,60,14.730,72.030,305,305,361,245,0
197487,0.164,1.216,0.300,-0.374,0.177,0.268,-0.293,-0.731,0.412,-0.459,0.000,0.041,3277,0,-38,30,60,14.730,72.030,305,305,361,245,0
197587,0.194,1.187,0.250,-0.203,0.046,-0.117,-0.305,-0.723,0.420,-0.457,0.000,0.039,5673,0,-45,34,60,14.730,72.030,305,305,361,245,0
197687,0.254,1.160,-0.220,0.051,0.177,-0.164,-0.311,-0.723,0.414,-0.457,0.000,0.034,5747,0,-46,25,60,14.730,72.030,305,305,361,245,0
197787,0.281,1.158,0.060,0.087,-0.232,-0.063,-0.311,-0.726,0.409,-0.458,0.000,0.032,5211,0,-60,41,60,14.730,72.030,305,305,361,245,0
197887,0.250,1.207,-0.280,0.156,0.028,0.011,-0.302,-0.732,0.408,-0.455,0.000,0.036,4836,0,-51,30,60,14.740,72.030,305,305,361,245,0
197987,0.249,1.187,0.300,0.311,0.058,-0.129,-0.298,-0.734,0.400,-0.461,0.000,0.034,5701,0,-58,27,60,14.740,72.030,305,305,361,245,0
198087,0.287,1.164,-0.500,0.214,0.217,-0.286,-0.295,-0.740,0.384,-0.467,0.000,0.028,6501,0,-48,28,60,14.740,72.030,305,305,361,245,0
198187,0.355,1.106,-0.300,0.130,0.206,-0.156,-0.299,-0.741,0.368,-0.475,0.000,0.021,5812,0,-49,30,60,14.740,72.030,305,305,361,245,0
198287,0.346,1.069,-0.160,0.139,0.072,0.069,-0.298,-0.740,0.363,-0.483,0.000,0.019,4682,0,-53,33,60,14.740,72.070,305,305,361,245,0
198387,0.324,1.074,0.080,0.067,-0.009,0.032,-0.295,-0.740,0.363,-0.483,0.000,0.020,5049,0,-54,36,60,14.740,72.070,305,305,361,245,0
198487,0.289,1.053,-0.040,0.067,0.084,0.027,-0.292,-0.738,0.363,-0.489,0.000,0.020,5109,0,-52,34,60,14.740,72.070,305,305,361,245,0
198587,0.299,1.055,-0.320,0.040,-0.008,-0.116,-0.291,-0.739,0.360,-0.489,0.000,0.020,5899,0,-54,38,59,14.760,72.110,305,305,361,245,0
198687,0.309,1.058,-0.050,0.089,-0.067,-0.014,-0.289,-0.742,0.355,-0.490,0.000,0.019,5155,0,-58,39,59,14.760,72.110,305,305,361,245,0
198787,0.280,1.075,-0.130,0.033,0.010,0.077,-0.284,-0.744,0.356,-0.490,0.000,0.021,4580,0,-54,39,59,14.760,72.110,305,305,361,245,0
198887,0.265,1.063,0.110,0.019,0.020,-0.013,-0.283,-0.742,0.356,-0.492,0.000,0.021,5244,0,-56,40,59,14.760,72.110,305,305,361,245,0
198987,0.275,1.052,0.020,0.014,0.086,-0.033,-0.284,-0.742,0.354,-0.494,0.000,0.020,5307,0,-54,38,59,14.760,72.110,305,305,361,245,0
199087,0.277,1.027,-0.020,0.023,0.042,0.000,-0.285,-0.740,0.351,-0.497,0.000,0.018,5084,0,-56,40,59,14.760,72.110,305,305,361,245,0
199187,0.276,1.019,-0.080,0.000,0.088,-0.012,-0.285,-0.740,0.350,-0.499,0.000,0.018,5198,0,-54,39,59,14.760,72.110,305,305,361,245,0
199287,0.276,0.996,0.060,0.014,0.030,0.000,-0.287,-0.738,0.350,-0.502,0.000,0.017,5091,0,-58,41,59,14.760,72.110,305,305,361,245,0
199387,0.266,0.981,-0.150,0.020,0.084,-0.008,-0.286,-0.736,0.348,-0.505,0.000,0.016,5128,0,-56,40,59,14.760,72.070,305,305,361,245,0
199487,0.263,0.970,-0.130,0.062,-0.023,-0.057,-0.286,-0.736,0.347,-0.507,0.000,0.016,5415,0,-61,42,59,14.760,72.070,305,305,361,245,0
199587,0.276,0.970,-0.620,0.136,0.037,-0.081,-0.284,-0.738,0.342,-0.508,0.000,0.015,5508,0,-61,38,59,14.760,72.070,305,305,361,245,0
199687,0.292,0.992,0.140,0.263,-0.257,-0.146,-0.279,-0.744,0.334,-0.507,0.000,0.015,5878,0,-76,46,59,14.780,72.070,305,305,361,245,0
199787,0.245,1.022,-0.050,0.438,0.093,0.088,-0.264,-0.751,0.326,-0.510,0.000,0.017,3965,0,-68,31,59,14.780,72.070,305,305,361,245,0
199887,0.195,0.983,0.390,0.484,0.204,-0.222,-0.250,-0.753,0.311,-0.523,0.000,0.016,6218,0,-66,29,59,14.780,72.070,305,305,361,245,0
199988,0.351,0.938,0.270,0.371,0.108,-0.750,-0.252,-0.761,0.278,-0.529,0.000,0.006,8578,0,-67,36,59,14.780,72.070,305,305,361,245,0
200088,0.530,1.007,-0.410,0.787,-0.222,-0.518,-0.244,-0.782,0.238,-0.522,0.000,-0.001,7459,0,-91,32,59,14.780,72.070,305,305,361,245,0
200188,0.585,1.049,0.000,0.819,0.134,-0.594,-0.225,-0.796,0.203,-0.524,0.000,-0.006,8195,0,-78,25,59,14.780,72.070,305,305,361,245,0
200288,0.679,1.035,0.860,0.823,0.033,-0.451,-0.209,-0.805,0.159,-0.533,0.000,-0.013,7688,0,-85,31,59,14.780,72.070,305,305,361,245,0
200388,0.682,1.060,0.320,0.873,0.267,-0.223,-0.184,-0.813,0.123,-0.538,0.000,-0.016,6832,0,-79,22,59,14.780,72.070,305,305,361,245,0
200488,0.619,0.976,-0.250,1.026,0.566,-0.159,-0.155,-0.809,0.088,-0.560,0.000,-0.016,6572,0,-76,9,58,14.780,72.110,305,305,361,245,0
200588,0.517,0.895,-0.290,1.128,0.177,-0.047,-0.117,-0.804,0.052,-0.581,0.000,-0.014,5801,0,-90,19,58,14.780,72.110,305,305,361,245,0
200688,0.403,0.871,-0.440,1.080,0.070,-0.052,-0.075,-0.803,0.018,-0.591,0.000,-0.012,5534,0,-90,24,58,14.780,72.110,305,305,361,245,0
200788,0.369,1.014,-1.340,0.799,-0.402,-0.288,-0.042,-0.818,-0.018,-0.574,0.000,-0.015,6570,0,-94,44,58,14.790,72.110,305,305,361,245,0
200888,0.308,1.014,1.290,0.839,0.090,0.084,-0.014,-0.817,-0.044,-0.575,0.000,-0.014,3898,0,-89,28,58,14.790,72.110,305,305,361,245,0
200988,0.177,1.137,-0.300,0.596,-0.651,-0.021,0.018,-0.828,-0.065,-0.557,0.000,-0.013,4691,0,-103,59,58,14.790,72.110,305,305,361,245,0
201089,0.180,1.223,0.440,0.444,-0.010,-0.392,0.032,-0.834,-0.087,-0.543,0.000,-0.016,6756,0,-83,40,58,14.790,72.110,305,305,361,245,0
201189,0.323,1.242,0.790,0.199,-0.178,-0.496,0.031,-0.833,-0.117,-0.540,0.000,-0.026,7174,0,-86,54,58,14.800,72.150,305,305,361,245,0
201289,0.469,1.263,0.510,-0.048,0.134,-0.274,0.020,-0.833,-0.134,-0.537,0.000,-0.035,6533,0,-71,48,58,14.800,72.150,305,305,361,245,0
201389,0.547,1.222,0.930,-0.241,-0.088,-0.154,0.012,-0.828,-0.136,-0.543,0.000,-0.037,6597,0,-76,62,58,14.800,72.150,305,305,361,245,0
201489,0.652,1.236,-0.080,-0.213,0.038,-0.297,-0.004,-0.830,-0.136,-0.541,0.000,-0.042,7771,0,-73,52,58,14.800,72.150,305,305,361,245,0
201589,0.779,1.205,0.460,0.114,-0.176,-0.198,-0.014,-0.825,-0.147,-0.545,0.000,-0.047,7268,0,-91,51,58,14.820,72.150,305,305,361,245,0
201689,0.884,1.278,-0.870,0.140,-0.184,-0.199,-0.024,-0.831,-0.157,-0.533,0.000,-0.056,7592,0,-90,48,58,14.820,72.150,305,305,361,245,0
201789,0.846,1.275,-1.310,0.480,0.484,0.073,-0.012,-0.829,-0.167,-0.534,0.000,-0.056,6261,0,-78,21,58,14.820,72.150,305,305,361,245,0
201889,0.749,1.223,-0.620,0.468,0.111,-0.026,0.011,-0.821,-0.178,-0.543,0.000,-0.050,6726,0,-89,39,58,14.820,72.150,305,305,361,245,0
201989,0.652,1.231,-0.450,0.673,-0.223,0.096,0.032,-0.819,-0.189,-0.541,0.000,-0.047,5669,0,-104,41,57,14.810,72.150,305,305,361,245,0
202090,0.456,1.290,-0.160,0.833,0.010,0.341,0.067,-0.822,-0.203,-0.529,0.000,-0.043,2900,0,-98,30,57,14.810,72.150,305,305,361,245,0
202190,0.243,1.313,-0.250,0.627,-0.357,-0.050,0.103,-0.821,-0.213,-0.520,0.000,-0.036,5661,0,-105,52,57,14.810,72.150,305,305,361,245,0
202290,0.241,1.539,-0.530,0.479,-1.201,-0.020,0.109,-0.837,-0.239,-0.480,0.000,-0.050,4438,0,-128,79,57,14.810,72.150,305,305,361,245,0
202390,0.126,1.718,-1.130,0.218,-0.028,0.050,0.121,-0.852,-0.248,-0.445,0.000,-0.056,4092,0,-83,50,57,14.810,72.150,305,305,361,245,0
202490,0.157,1.719,-0.080,0.354,-0.244,-0.131,0.122,-0.850,-0.257,-0.444,0.000,-0.060,5160,0,-109,54,57,14.810,72.150,305,305,361,245,0
202590,0.024,1.812,-0.590,0.307,-0.313,0.227,0.139,-0.856,-0.265,-0.421,0.000,-0.060,0,1219,-104,62,57,14.810,72.150,305,305,361,245,0
202690,-0.016,1.891,-0.460,-0.112,-0.504,0.134,0.138,-0.865,-0.262,-0.405,0.000,-0.062,2535,0,-103,79,57,14.810,72.150,305,305,361,245,0
202790,-0.034,2.026,-0.390,-0.064,-0.572,0.138,0.131,-0.879,-0.258,-0.379,0.000,-0.068,2644,0,-107,75,57,14.810,72.190,305,305,361,245,0
202890,-0.062,2.062,0.240,-0.526,0.200,0.386,0.125,-0.887,-0.241,-0.373,0.000,-0.063,0,3105,-72,70,57,14.810,72.190,305,305,361,245,0
202990,-0.051,1.979,-0.290,-1.153,0.693,0.632,0.106,-0.890,-0.198,-0.398,0.000,-0.047,0,4416,-44,74,57,14.810,72.190,305,305,361,245,0
203091,-0.022,1.873,1.240,-1.299,0.201,1.329,0.070,-0.892,-0.129,-0.427,0.000,-0.028,0,8094,-65,88,57,14.810,72.190,305,305,361,245,0
203191,0.075,1.706,-0.340,-1.770,0.814,0.563,0.021,-0.884,-0.055,-0.464,0.000,-0.014,0,1581,-30,80,57,14.830,72.230,305,305,361,245,0
203291,0.182,1.565,-1.140,-1.409,0.578,0.951,-0.033,-0.872,0.015,-0.488,0.000,-0.007,0,5960,-47,68,57,14.830,72.230,305,305,361,245,0
203391,0.080,1.292,-1.370,-1.392,1.464,0.968,-0.068,-0.841,0.088,-0.529,0.000,0.006,0,6230,-10,41,57,14.830,72.230,305,305,361,245,0
203490,-0.030,0.862,-1.070,-1.024,1.529,0.527,-0.106,-0.789,0.147,-0.588,0.000,0.009,0,4120,-17,26,57,14.830,72.230,305,305,361,245,0
203590,-0.021,0.500,-0.710,-0.892,1.068,-0.074,-0.145,-0.743,0.175,-0.629,0.000,0.004,3517,0,-24,33,57,14.830,72.230,305,305,361,245,0
203690,0.054,0.240,-1.300,-0.779,0.802,-0.070,-0.185,-0.710,0.191,-0.653,0.000,0.000,1974,0,-25,30,57,14.830,72.230,305,305,361,245,0
203790,-0.001,0.141,0.180,-0.294,-0.154,0.364,-0.200,-0.693,0.209,-0.661,0.000,0.000,0,5386,-63,43,57,14.830,72.230,305,305,361,245,0
203889,-0.061,0.166,-0.420,-0.313,0.124,0.128,-0.202,-0.691,0.224,-0.657,0.000,0.001,0,3610,-43,32,57,14.830,72.230,305,305,361,245,0
203989,-0.141,0.098,0.190,-0.211,0.166,0.321,-0.205,-0.679,0.235,-0.665,0.000,0.001,0,5621,-45,29,56,14.850,72.230,305,305,361,245,0
204089,-0.201,0.066,-0.270,-0.239,0.159,0.000,-0.208,-0.671,0.247,-0.668,0.000,0.001,0,3277,-42,30,56,14.850,72.230,305,305,361,245,0
204189,-0.199,0.025,-0.370,-0.143,0.164,0.017,-0.214,-0.665,0.249,-0.671,0.000,0.000,0,4157,-43,27,56,14.850,72.230,305,305,361,245,0
204289,-0.215,0.030,0.110,-0.134,-0.081,0.076,-0.217,-0.663,0.255,-0.669,0.000,0.000,0,4797,-51,34,56,14.850,72.230,305,305,361,245,0
204388,-0.218,-0.002,-0.380,-0.043,0.177,-0.048,-0.220,-0.659,0.256,-0.672,0.000,-0.000,0,3857,-44,23,56,14.830,72.230,305,305,361,245,0
204489,-0.202,-0.018,-0.240,0.006,-0.019,-0.033,-0.222,-0.657,0.255,-0.673,0.000,-0.000,0,4153,-51,28,56,14.830,72.230,305,305,361,245,0
204588,-0.181,-0.045,-0.110,-0.074,0.021,-0.091,-0.226,-0.655,0.253,-0.676,0.000,-0.000,0,3578,-46,30,56,14.830,72.230,305,305,361,245,0
