Timestamp,r_ref,q_ref,curr_ax,curr_roll_rate,curr_pitch_rate,curr_yaw_rate,curr_qw,curr_qx,curr_qy,curr_qz,thrust_ref,p_ref,omega_L_ref,omega_R_ref,servo_L_ref,servo_R_ref,Temperature,Voltage,Current,RPM2,RPM4,Throttle2,Throttle4,ErrorCodes
63382,0.231,0.298,0.020,0.073,0.079,-0.020,0.463,-0.506,-0.542,-0.486,0.000,0.002,3456,0,-9,5,0,0.000,0.000,0,0,0,0,0
63481,0.208,0.228,0.070,-0.013,0.066,-0.016,0.471,-0.501,-0.536,-0.490,0.000,0.001,3377,0,-5,8,0,0.000,0.000,0,0,0,0,0
63581,0.184,0.175,0.080,-0.036,-0.030,-0.022,0.477,-0.499,-0.528,-0.494,0.000,0.000,3314,0,-6,8,0,0.000,0.000,0,0,0,0,0
63681,0.151,0.133,0.100,0.000,-0.114,-0.044,0.482,-0.499,-0.523,-0.496,0.000,0.000,3463,0,-9,9,0,0.000,0.000,0,0,0,0,0
63781,0.156,0.141,0.050,0.000,-0.022,-0.029,0.480,-0.499,-0.523,-0.496,0.000,0.000,3405,0,-6,7,0,0.000,0.000,305,305,0,0,0
63881,0.132,0.121,0.070,0.028,0.020,0.012,0.482,-0.501,-0.519,-0.497,0.000,0.000,3020,0,-6,4,0,0.000,0.000,305,305,0,0,0
63981,0.117,0.094,0.020,-0.017,-0.017,0.017,0.484,-0.501,-0.514,-0.500,0.000,-0.001,2969,0,-5,9,0,0.000,0.000,305,305,0,0,0
64081,0.095,0.106,0.060,-0.124,-0.208,0.068,0.481,-0.507,-0.511,-0.501,0.000,-0.001,2385,0,-9,15,0,0.000,0.000,305,305,0,0,0
64181,0.098,0.139,-0.050,0.077,0.000,-0.059,0.478,-0.510,-0.513,-0.499,0.000,-0.002,3863,0,-8,2,0,0.000,0.000,305,305,0,0,0
64281,0.110,0.135,0.030,0.040,0.061,-0.020,0.479,-0.507,-0.515,-0.498,0.000,-0.002,3444,0,-5,4,0,0.000,0.000,305,305,0,0,0
64381,0.106,0.133,0.010,0.031,0.004,0.007,0.480,-0.507,-0.515,-0.497,0.000,-0.002,3379,0,-7,5,0,0.000,0.000,305,305,0,0,0
64481,0.098,0.137,0.010,0.019,-0.110,0.030,0.481,-0.507,-0.516,-0.496,0.000,-0.002,3094,0,-11,11,0,0.000,0.000,305,305,0,0,0
64581,0.103,0.121,0.030,0.101,0.244,-0.028,0.483,-0.503,-0.516,-0.496,0.000,-0.001,3733,0,-1,-4,0,0.000,0.000,305,305,0,0,0
64681,0.104,0.097,-0.010,-0.016,-0.103,0.009,0.486,-0.501,-0.515,-0.498,0.000,0.000,3422,0,-10,12,0,0.000,0.000,305,305,0,0,0
64781,0.094,0.098,0.010,0.003,0.081,0.024,0.487,-0.501,-0.515,-0.497,0.000,0.000,3421,0,-4,4,0,0.000,0.000,305,305,0,0,0
64881,0.088,0.098,0.040,-0.011,-0.024,0.007,0.487,-0.502,-0.514,-0.497,0.000,0.000,3513,0,-7,8,0,0.000,0.000,305,305,0,0,0
64981,0.089,0.091,0.010,0.008,0.026,-0.016,0.487,-0.501,-0.514,-0.497,0.000,0.000,3700,0,-6,6,28,16.620,81.250,305,305,0,0,0
65081,0.082,0.083,-0.020,-0.030,0.010,0.036,0.488,-0.501,-0.512,-0.498,0.000,0.000,3163,0,-5,7,28,16.620,81.250,305,305,0,0,0
65181,0.063,0.073,0.010,-0.032,0.047,0.047,0.490,-0.502,-0.510,-0.498,0.000,-0.001,3057,0,-4,6,28,16.620,81.250,305,305,0,0,0
65281,0.046,0.056,0.040,0.007,0.036,0.004,0.492,-0.503,-0.507,-0.499,0.000,-0.000,3455,0,-6,5,28,16.620,81.250,305,305,0,0,0
65381,0.043,0.042,0.060,0.008,0.029,-0.016,0.493,-0.502,-0.505,-0.500,0.000,-0.000,3571,0,-5,5,28,16.640,81.250,305,305,0,0,0
65481,0.040,0.033,0.030,0.000,-0.004,-0.007,0.494,-0.501,-0.504,-0.501,0.000,-0.000,3448,0,-6,6,28,16.640,81.250,305,305,0,0,0
65581,0.039,0.031,0.000,-0.020,0.013,0.008,0.494,-0.501,-0.504,-0.501,0.000,-0.000,3327,0,-4,6,28,16.640,81.250,305,305,0,0,0
65681,0.035,0.025,-0.010,-0.007,0.028,0.004,0.495,-0.501,-0.503,-0.501,0.000,-0.000,3390,0,-4,5,28,16.640,81.250,305,305,0,0,0
65781,0.030,0.017,0.030,0.000,0.018,0.006,0.496,-0.501,-0.502,-0.502,0.000,-0.000,3371,0,-5,5,28,16.640,81.250,305,305,0,0,0
65881,0.027,0.013,0.010,-0.001,-0.013,0.001,0.496,-0.500,-0.502,-0.502,0.000,-0.000,3398,0,-5,6,28,16.640,81.250,305,305,0,0,0
65981,0.025,0.015,0.010,0.000,-0.010,0.000,0.496,-0.501,-0.502,-0.501,0.000,-0.000,3403,0,-5,6,28,16.640,81.250,305,305,0,0,0
66081,0.024,0.014,0.050,0.006,0.014,-0.003,0.496,-0.501,-0.502,-0.501,0.000,-0.000,3439,0,-5,5,28,16.630,81.250,305,305,0,0,0
66181,0.022,0.010,0.020,0.000,-0.008,0.000,0.497,-0.501,-0.501,-0.502,0.000,-0.000,3391,0,-5,6,28,16.630,81.250,305,305,0,0,0
66281,0.020,0.011,0.020,-0.004,-0.003,0.004,0.497,-0.501,-0.501,-0.501,0.000,-0.000,3347,0,-5,6,28,16.630,81.250,305,305,0,0,0
66381,0.019,0.011,0.010,0.000,-0.006,0.003,0.497,-0.501,-0.501,-0.501,0.000,-0.000,3368,0,-5,5,28,16.630,81.250,305,305,0,0,0
66481,0.018,0.010,0.010,0.002,0.003,0.002,0.497,-0.501,-0.501,-0.501,0.000,-0.000,3397,0,-5,5,28,16.630,81.250,305,305,0,0,0
66581,0.017,0.008,0.000,-0.003,0.000,0.002,0.497,-0.501,-0.501,-0.501,0.000,-0.000,3400,0,-5,5,28,16.630,81.250,305,305,0,0,0
66681,0.015,0.007,0.040,0.002,0.001,0.000,0.497,-0.501,-0.500,-0.501,0.000,0.000,3408,0,-5,5,28,16.630,81.250,305,305,0,0,0
66781,0.014,0.007,0.010,0.000,-0.001,0.000,0.497,-0.501,-0.500,-0.501,0.000,0.000,3416,0,-5,5,28,16.630,81.250,305,305,0,0,0
66881,0.014,0.007,0.010,-0.004,-0.004,0.001,0.497,-0.501,-0.500,-0.501,0.000,-0.000,3412,0,-5,6,28,16.630,81.250,305,305,0,0,0
66981,0.014,0.007,0.010,0.003,-0.004,-0.001,0.497,-0.501,-0.500,-0.501,0.000,-0.000,3439,0,-5,5,28,16.630,81.250,305,305,0,0,0
67081,0.014,0.007,0.000,-0.001,-0.012,0.009,0.497,-0.501,-0.500,-0.501,0.000,-0.000,3322,0,-5,6,28,16.630,81.250,305,305,0,0,0
67181,0.013,0.008,0.000,-0.009,0.001,0.003,0.497,-0.501,-0.500,-0.501,0.000,-0.000,3414,0,-5,6,28,16.630,81.250,305,305,0,0,0
67281,0.013,0.008,0.020,-0.003,-0.003,0.000,0.497,-0.501,-0.500,-0.501,0.000,0.000,3443,0,-5,6,28,16.630,81.250,305,305,0,0,0
67381,0.013,0.008,0.000,0.000,0.000,0.001,0.497,-0.501,-0.500,-0.501,0.000,0.000,3439,0,-5,5,28,16.630,81.250,305,305,0,0,0
67481,0.013,0.008,0.010,0.004,0.003,0.000,0.497,-0.501,-0.500,-0.501,0.000,0.000,3458,0,-5,5,28,16.630,81.250,305,305,0,0,0
67581,0.013,0.008,0.010,0.001,-0.001,-0.001,0.497,-0.501,-0.500,-0.501,0.000,0.000,3463,0,-5,5,28,16.630,81.250,305,305,0,0,0
67681,0.013,0.006,0.020,0.007,0.012,-0.004,0.497,-0.501,-0.500,-0.501,0.000,-0.000,3507,0,-5,5,28,16.630,81.250,305,305,0,0,0
67781,0.013,0.006,0.040,0.001,0.003,0.002,0.497,-0.501,-0.500,-0.501,0.000,0.000,3447,0,-5,5,28,16.640,81.250,305,305,0,0,0
67881,0.013,0.006,0.030,0.002,0.007,0.004,0.497,-0.501,-0.500,-0.501,0.000,0.000,3449,0,-5,5,28,16.640,81.250,305,305,0,0,0
67981,0.013,0.006,0.020,0.001,-0.004,0.000,0.497,-0.501,-0.500,-0.501,0.000,0.000,3488,0,-5,5,28,16.640,81.250,305,305,0,0,0
68081,0.014,0.005,0.020,0.026,0.010,-0.009,0.498,-0.501,-0.500,-0.501,0.000,0.000,3575,0,-5,4,28,16.640,81.250,305,305,0,0,0
68181,0.014,0.003,0.040,0.036,0.002,-0.008,0.499,-0.500,-0.501,-0.501,0.000,0.000,3553,0,-6,4,28,16.630,81.250,305,305,0,0,0
68281,0.016,0.001,0.030,0.077,0.026,-0.020,0.500,-0.498,-0.502,-0.500,0.000,-0.000,3711,0,-6,2,28,16.630,81.250,305,305,0,0,0
68381,0.026,-0.011,0.000,0.112,0.010,-0.030,0.503,-0.494,-0.504,-0.499,0.000,0.000,3810,0,-7,2,28,16.630,81.250,305,305,0,0,0
68481,0.030,-0.011,-0.030,0.057,-0.019,-0.004,0.505,-0.491,-0.507,-0.497,0.000,0.000,3630,0,-6,5,28,16.630,81.250,305,305,0,0,0
68581,0.029,-0.009,0.000,0.037,0.023,-0.006,0.505,-0.491,-0.507,-0.496,0.000,-0.000,3708,0,-5,3,28,16.620,81.250,305,305,0,0,0
68681,0.034,-0.014,0.040,0.097,0.051,-0.029,0.507,-0.489,-0.509,-0.495,0.000,0.000,3947,0,-6,0,28,16.620,81.250,305,305,0,0,0
68781,0.043,-0.018,0.050,0.086,0.014,-0.009,0.509,-0.486,-0.511,-0.494,0.000,0.000,3783,0,-6,2,28,16.620,81.250,305,305,0,0,0
68881,0.052,-0.031,-0.020,0.171,0.006,-0.012,0.514,-0.479,-0.515,-0.491,0.000,0.000,3894,0,-8,1,28,16.620,81.250,305,305,0,0,0
68981,0.052,-0.047,-0.030,0.154,0.020,0.017,0.519,-0.474,-0.517,-0.488,0.000,0.000,3698,0,-7,1,28,16.610,81.250,305,305,0,0,0
69081,0.039,-0.049,0.010,0.039,0.017,0.042,0.522,-0.473,-0.518,-0.485,0.000,0.000,3491,0,-3,4,28,16.610,81.250,305,305,0,0,0
69181,0.030,-0.052,0.020,-0.008,0.010,0.011,0.523,-0.473,-0.517,-0.485,0.000,0.000,3764,0,-3,4,28,16.610,81.250,305,305,0,0,0
69281,0.031,-0.053,0.000,0.000,0.006,-0.004,0.523,-0.473,-0.517,-0.485,0.000,0.000,3841,0,-4,3,28,16.610,81.250,305,305,0,0,0
69381,0.030,-0.054,0.010,-0.003,0.014,0.000,0.523,-0.473,-0.517,-0.485,0.000,0.000,3808,0,-3,3,28,16.620,81.250,305,305,0,0,0
69481,0.029,-0.054,0.000,-0.011,-0.010,0.000,0.523,-0.473,-0.517,-0.485,0.000,0.000,3820,0,-4,4,28,16.620,81.250,305,305,0,0,0
69581,0.029,-0.055,0.020,0.000,-0.003,-0.002,0.523,-0.473,-0.517,-0.485,0.000,0.000,3835,0,-4,3,28,16.620,81.250,305,305,0,0,0
69681,0.028,-0.055,-0.010,-0.008,0.000,0.006,0.523,-0.473,-0.517,-0.485,0.000,0.000,3787,0,-3,3,28,16.620,81.250,305,305,0,0,0
69781,0.028,-0.056,0.000,0.000,0.000,0.002,0.523,-0.473,-0.517,-0.485,0.000,0.000,3832,0,-4,3,28,16.630,81.250,305,305,0,0,0
69881,0.028,-0.057,0.000,0.001,0.007,0.001,0.523,-0.473,-0.517,-0.485,0.000,0.000,3847,0,-3,3,28,16.630,81.250,305,305,0,0,0
69981,0.025,-0.062,0.040,0.047,0.018,-0.008,0.524,-0.472,-0.517,-0.485,0.000,0.000,3943,0,-4,1,28,16.630,81.250,305,305,0,0,0
70081,0.025,-0.066,-0.010,0.100,0.023,0.007,0.527,-0.470,-0.518,-0.484,0.000,0.000,3808,0,-5,-1,28,16.630,81.250,305,305,0,0,0
70181,0.025,-0.075,-0.030,0.153,0.049,0.000,0.530,-0.466,-0.520,-0.481,0.000,0.000,3880,0,-5,-3,28,16.630,81.290,305,305,0,0,0
70281,0.028,-0.101,0.030,0.134,0.019,-0.009,0.537,-0.459,-0.522,-0.478,0.000,0.001,3979,0,-5,0,28,16.630,81.290,305,305,0,0,0
70381,0.029,-0.102,0.000,0.030,0.014,0.000,0.538,-0.457,-0.523,-0.477,0.000,0.001,3931,0,-2,2,28,16.630,81.290,305,305,0,0,0
70481,0.029,-0.100,0.000,-0.011,0.004,0.006,0.538,-0.457,-0.524,-0.477,0.000,0.001,3896,0,-2,2,28,16.630,81.290,305,305,0,0,0
70581,0.027,-0.100,-0.020,-0.054,-0.008,0.010,0.537,-0.458,-0.523,-0.477,0.000,0.001,3871,0,-1,3,28,16.630,81.250,305,305,0,0,0
70681,0.024,-0.099,0.050,-0.083,-0.017,0.002,0.536,-0.460,-0.521,-0.479,0.000,0.001,3939,0,-1,4,28,16.630,81.250,305,305,0,0,0
70781,0.019,-0.093,0.000,-0.156,-0.030,0.023,0.533,-0.464,-0.519,-0.482,0.000,0.000,3717,0,1,6,28,16.630,81.250,305,305,0,0,0
70881,0.011,-0.077,0.000,-0.173,-0.046,0.017,0.527,-0.471,-0.516,-0.484,0.000,0.000,3748,0,0,7,28,16.640,81.250,305,305,0,0,0
70981,0.001,-0.062,0.000,-0.234,-0.058,0.032,0.523,-0.477,-0.512,-0.487,0.000,0.000,3541,0,1,9,28,16.640,81.250,305,305,0,0,0
71081,-0.025,-0.045,0.010,-0.387,-0.083,0.077,0.515,-0.488,-0.504,-0.492,0.000,0.000,2991,0,4,14,28,16.640,81.250,305,305,0,0,0
71181,-0.054,-0.038,-0.030,-0.396,-0.054,0.074,0.507,-0.500,-0.494,-0.499,0.000,-0.000,2776,0,4,13,28,16.640,81.250,305,305,0,0,0
71281,-0.090,-0.021,-0.060,-0.436,0.012,0.088,0.496,-0.515,-0.481,-0.507,0.000,-0.000,2255,0,7,12,28,16.620,81.250,305,305,0,0,0
71381,-0.128,-0.019,0.030,-0.410,0.023,0.083,0.488,-0.526,-0.469,-0.514,0.000,-0.000,1913,0,6,11,28,16.620,81.250,305,305,0,0,0
71481,-0.166,-0.020,0.050,-0.173,-0.057,0.002,0.484,-0.535,-0.459,-0.519,0.000,-0.000,2484,0,-4,7,28,16.620,81.250,305,305,0,0,0
71581,-0.171,-0.001,-0.030,-0.002,-0.054,-0.003,0.481,-0.538,-0.458,-0.518,0.000,-0.000,2116,0,-6,4,28,16.620,81.250,305,305,0,0,0
71681,-0.172,0.004,0.010,0.010,0.021,0.006,0.481,-0.539,-0.459,-0.518,0.000,0.000,1891,0,-3,3,28,16.630,81.250,305,305,0,0,0
71781,-0.165,-0.008,-0.030,0.158,0.062,-0.056,0.483,-0.536,-0.460,-0.517,0.000,-0.000,2741,0,-6,-2,28,16.630,81.250,305,305,0,0,0
71881,-0.143,-0.010,0.000,0.247,-0.017,-0.078,0.487,-0.530,-0.467,-0.514,0.000,-0.000,2988,0,-10,-2,28,16.630,81.250,305,305,0,0,0
71981,-0.123,-0.022,-0.020,0.000,0.016,0.028,0.491,-0.523,-0.472,-0.512,0.000,-0.000,974,0,1,7,28,16.640,81.250,305,305,0,0,0
72081,-0.139,-0.017,0.080,-0.073,-0.028,0.020,0.489,-0.527,-0.468,-0.513,0.000,-0.000,1591,0,-2,7,28,16.640,81.250,305,305,0,0,0
72181,-0.142,-0.019,0.040,0.081,-0.013,-0.023,0.490,-0.527,-0.468,-0.513,0.000,-0.000,2136,0,-6,1,28,16.640,81.250,305,305,0,0,0
72281,-0.134,-0.015,-0.020,0.051,-0.019,-0.001,0.491,-0.525,-0.471,-0.511,0.000,-0.000,1519,0,-4,4,28,16.640,81.250,305,305,0,0,0
72381,-0.137,-0.014,0.020,-0.066,0.014,0.018,0.490,-0.526,-0.470,-0.512,0.000,-0.000,1148,0,0,6,28,16.630,81.250,305,305,0,0,0
72481,-0.129,-0.013,0.020,0.231,0.061,-0.090,0.488,-0.527,-0.469,-0.514,0.000,-0.000,2870,0,-9,-6,28,16.630,81.250,305,305,0,0,0
72581,-0.104,-0.017,-0.040,0.076,0.020,0.002,0.491,-0.521,-0.475,-0.511,0.000,-0.000,860,0,-1,4,28,16.630,81.250,305,305,0,0,0
72681,-0.143,-0.021,0.130,-0.241,0.048,0.077,0.488,-0.528,-0.466,-0.515,0.000,-0.000,0,1727,5,8,28,16.630,81.250,305,305,0,0,0
72781,-0.121,-0.041,-0.030,0.251,-0.059,-0.081,0.491,-0.523,-0.469,-0.515,0.000,-0.000,2453,0,-12,-1,28,16.630,81.250,305,305,0,0,0
72881,-0.133,-0.035,-0.070,-0.248,0.014,0.093,0.490,-0.525,-0.467,-0.515,0.000,-0.000,0,2488,6,11,28,16.630,81.250,305,305,0,0,0
72981,-0.140,-0.040,0.000,0.100,-0.007,-0.028,0.490,-0.526,-0.465,-0.516,0.000,-0.000,1259,0,-7,0,28,16.630,81.250,305,305,0,0,0
73081,-0.140,-0.040,-0.010,-0.033,-0.009,0.020,0.490,-0.526,-0.465,-0.516,0.000,-0.000,0,1606,-1,5,28,16.630,81.250,305,305,0,0,0
73181,-0.143,-0.038,-0.030,-0.002,0.013,0.007,0.490,-0.527,-0.465,-0.516,0.000,-0.000,0,1447,-2,3,28,16.630,81.250,305,305,0,0,0
73281,-0.148,-0.039,0.030,-0.087,-0.006,0.027,0.488,-0.529,-0.463,-0.518,0.000,-0.000,0,2032,0,6,28,16.630,81.250,305,305,0,0,0
73381,-0.151,-0.039,0.040,0.046,-0.038,-0.026,0.487,-0.530,-0.461,-0.519,0.000,-0.000,0,1133,-5,2,28,16.630,81.250,305,305,0,0,0
73481,-0.137,-0.034,0.000,0.079,0.062,-0.031,0.488,-0.528,-0.464,-0.517,0.000,-0.000,0,1240,-2,-1,28,16.650,81.290,305,305,0,0,0
73581,-0.131,-0.060,0.000,0.013,-0.012,-0.008,0.490,-0.525,-0.463,-0.520,0.000,-0.001,0,1765,-3,4,28,16.650,81.290,305,305,0,0,0
73681,-0.131,-0.010,0.050,0.000,-0.130,-0.007,0.485,-0.530,-0.466,-0.516,0.000,-0.000,0,1822,-6,6,28,16.650,81.290,305,305,0,0,0
73781,-0.129,-0.010,-0.020,0.024,0.130,-0.006,0.484,-0.530,-0.466,-0.517,0.000,-0.000,0,1945,1,-1,28,16.650,81.290,305,305,0,0,0
73881,-0.129,-0.046,0.080,0.008,0.058,0.006,0.487,-0.527,-0.463,-0.520,0.000,-0.000,0,2211,-1,2,28,16.640,81.250,305,305,0,0,0
73981,-0.129,-0.044,0.000,0.006,-0.021,-0.004,0.487,-0.527,-0.464,-0.519,0.000,-0.000,0,2153,-3,4,28,16.640,81.250,305,305,0,0,0
74081,-0.127,-0.036,-0.010,0.007,-0.003,-0.006,0.487,-0.528,-0.464,-0.519,0.000,-0.000,0,2259,-2,3,28,16.640,81.250,305,305,0,0,0
74181,-0.128,-0.034,0.000,-0.004,0.008,0.009,0.487,-0.528,-0.464,-0.519,0.000,-0.000,0,2549,-2,3,28,16.640,81.250,305,305,0,0,0
74281,-0.128,-0.040,0.020,0.001,0.017,0.004,0.487,-0.527,-0.464,-0.519,0.000,-0.000,0,2553,-2,2,28,16.640,81.250,305,305,0,0,0
74381,-0.128,-0.042,0.000,0.006,0.000,0.000,0.487,-0.527,-0.464,-0.519,0.000,-0.000,0,2612,-2,3,28,16.640,81.250,305,305,0,0,0
74481,-0.128,-0.042,0.020,0.000,0.002,0.001,0.487,-0.527,-0.464,-0.519,0.000,-0.000,0,2704,-2,3,28,16.640,81.250,305,305,0,0,0
74581,-0.127,-0.042,0.050,0.002,0.000,0.001,0.487,-0.527,-0.464,-0.519,0.000,-0.000,0,2779,-2,3,28,16.640,81.250,305,305,0,0,0
74681,-0.127,-0.042,0.020,0.009,-0.034,-0.006,0.487,-0.527,-0.464,-0.519,0.000,-0.000,0,2777,-3,4,28,16.640,81.250,305,305,0,0,0
74781,-0.127,-0.034,0.000,0.002,-0.008,0.000,0.487,-0.528,-0.465,-0.519,0.000,-0.000,0,2908,-2,3,28,16.640,81.250,305,305,0,0,0
74881,-0.126,-0.033,0.000,0.004,0.000,0.000,0.487,-0.528,-0.465,-0.519,0.000,-0.000,0,2992,-2,3,28,16.640,81.250,305,305,0,0,0
74981,-0.126,-0.033,0.030,-0.002,-0.023,0.000,0.486,-0.528,-0.465,-0.518,0.000,-0.000,0,3062,-3,4,28,16.630,81.250,305,305,0,0,0
75081,-0.125,-0.027,0.010,0.016,0.022,-0.008,0.486,-0.528,-0.465,-0.518,0.000,-0.000,0,3055,-2,2,28,16.630,81.250,305,305,0,0,0
75181,-0.125,-0.034,0.000,-0.013,0.032,0.008,0.486,-0.528,-0.465,-0.519,0.000,-0.000,0,3285,-1,3,28,16.630,81.250,305,305,0,0,0
75281,-0.125,-0.031,0.020,-0.010,-0.040,0.004,0.486,-0.528,-0.465,-0.519,0.000,-0.000,0,3292,-3,4,28,16.630,81.250,305,305,0,0,0
75381,-0.129,-0.027,0.020,-0.062,0.029,0.018,0.485,-0.530,-0.463,-0.519,0.000,-0.000,0,3501,1,3,28,16.630,81.250,305,305,0,0,0
75481,-0.141,-0.046,0.040,-0.101,0.093,0.034,0.484,-0.531,-0.458,-0.523,0.000,-0.000,0,3744,3,2,28,16.630,81.250,305,305,0,0,0
75581,-0.130,-0.052,0.040,0.127,-0.048,-0.031,0.486,-0.529,-0.461,-0.522,0.000,-0.000,0,3350,-6,2,28,16.630,81.250,305,305,0,0,0
75681,-0.123,-0.043,0.000,-0.044,-0.007,0.013,0.486,-0.528,-0.463,-0.521,0.000,-0.000,0,3697,1,5,28,16.630,81.250,305,305,0,0,0
75781,-0.120,-0.043,0.000,0.010,-0.006,-0.012,0.485,-0.528,-0.463,-0.521,0.000,-0.000,0,3484,-2,2,29,16.640,81.250,305,305,0,0,0
75881,-0.119,-0.043,0.020,0.001,-0.006,0.002,0.485,-0.528,-0.463,-0.521,0.000,-0.000,0,3655,-2,3,29,16.640,81.250,305,305,0,0,0
75981,-0.119,-0.041,0.000,0.004,-0.004,-0.003,0.485,-0.528,-0.463,-0.521,0.000,-0.000,0,3691,-2,3,29,16.640,81.250,305,305,0,0,0
76081,-0.119,-0.040,0.020,-0.022,0.000,0.006,0.485,-0.528,-0.463,-0.521,0.000,-0.000,0,3789,-1,3,29,16.640,81.250,305,305,0,0,0
76181,-0.123,-0.041,0.030,-0.017,0.002,0.010,0.485,-0.529,-0.462,-0.522,0.000,-0.000,0,3892,-1,3,29,16.640,81.250,305,305,0,0,0
76281,-0.125,-0.041,0.040,0.006,0.008,-0.003,0.484,-0.529,-0.461,-0.522,0.000,-0.000,0,3820,-2,2,28,16.630,81.250,305,305,0,0,0
76381,-0.123,-0.042,0.040,0.021,-0.024,-0.003,0.485,-0.529,-0.462,-0.521,0.000,-0.000,0,3933,-2,3,28,16.630,81.250,305,305,0,0,0
76481,-0.122,-0.035,-0.010,-0.010,-0.014,0.001,0.484,-0.529,-0.463,-0.521,0.000,-0.000,0,3999,-1,3,28,16.630,81.250,305,305,0,0,0
76581,-0.118,-0.037,0.090,0.116,0.044,-0.042,0.485,-0.528,-0.464,-0.520,0.000,-0.000,0,3635,-4,-3,28,16.630,81.250,305,305,0,0,0
76681,-0.085,-0.028,0.000,0.286,-0.156,-0.097,0.488,-0.521,-0.473,-0.516,0.000,-0.000,0,3065,-14,0,28,16.640,81.250,305,305,0,0,0
76781,-0.033,-0.021,-0.070,0.403,0.000,-0.134,0.494,-0.510,-0.486,-0.510,0.000,-0.000,0,2286,-11,-7,28,16.640,81.250,305,305,0,0,0
76881,0.011,-0.029,0.000,0.368,0.049,-0.071,0.501,-0.497,-0.498,-0.503,0.000,-0.000,0,2842,-8,-6,28,16.640,81.250,305,305,0,0,0
76981,0.029,-0.053,0.030,0.378,0.101,-0.021,0.512,-0.485,-0.506,-0.497,0.000,0.000,0,3066,-6,-9,28,16.640,81.250,305,305,0,0,0
77081,0.027,-0.056,0.090,0.112,-0.037,0.038,0.518,-0.478,-0.512,-0.491,0.000,0.000,0,3503,-2,3,28,16.630,81.250,305,305,0,0,0
77181,0.022,-0.046,-0.030,-0.104,-0.029,0.020,0.517,-0.480,-0.511,-0.491,0.000,0.000,0,3044,1,5,28,16.630,81.250,305,305,0,0,0
77281,0.029,-0.051,-0.040,0.034,0.019,-0.030,0.516,-0.480,-0.511,-0.492,0.000,0.000,0,2697,-3,-1,28,16.630,81.250,305,305,0,0,0
77381,0.027,-0.051,0.070,-0.069,-0.018,0.030,0.516,-0.481,-0.510,-0.492,0.000,0.000,0,3413,0,4,28,16.630,81.250,305,305,0,0,0
77481,0.003,-0.045,0.120,-0.438,-0.026,0.143,0.511,-0.489,-0.504,-0.497,0.000,0.000,0,4407,11,15,28,16.620,81.250,305,305,0,0,0
77581,-0.064,-0.035,-0.130,-0.773,0.011,0.219,0.497,-0.510,-0.483,-0.510,0.000,-0.000,0,5040,17,18,28,16.620,81.250,305,305,0,0,0
77681,-0.122,-0.055,-0.060,-0.406,0.150,0.058,0.488,-0.526,-0.463,-0.521,0.000,-0.000,0,4148,8,1,28,16.620,81.250,305,305,0,0,0
77781,-0.115,-0.072,0.020,0.070,-0.038,-0.048,0.486,-0.526,-0.459,-0.525,0.000,-0.001,0,3640,-8,-3,28,16.620,81.250,305,305,0,0,0
77881,-0.114,-0.078,0.040,-0.003,0.023,0.020,0.487,-0.525,-0.460,-0.525,0.000,-0.001,0,4381,1,1,28,16.630,81.250,305,305,0,0,0
77981,-0.119,-0.083,0.060,0.073,0.000,-0.032,0.489,-0.524,-0.460,-0.524,0.000,-0.001,0,3880,-4,-2,28,16.630,81.250,305,305,0,0,0
78081,-0.101,-0.077,0.010,0.370,-0.048,-0.122,0.492,-0.519,-0.467,-0.520,0.000,-0.001,0,3157,-12,-9,28,16.630,81.250,305,305,0,0,0
78181,-0.043,-0.063,-0.040,0.672,-0.093,-0.147,0.503,-0.502,-0.487,-0.507,0.000,-0.000,0,2792,-18,-12,28,16.630,81.250,305,305,0,0,0
78281,-0.008,-0.049,0.010,0.121,-0.054,-0.013,0.509,-0.492,-0.500,-0.499,0.000,0.000,0,3821,0,5,28,16.630,81.250,305,305,0,0,0
78381,-0.004,-0.034,-0.040,-0.083,0.021,-0.017,0.506,-0.495,-0.499,-0.500,0.000,0.000,0,3419,3,2,28,16.630,81.250,305,305,0,0,0
78481,0.006,-0.042,0.030,0.001,0.029,-0.017,0.505,-0.494,-0.499,-0.502,0.000,0.000,0,3513,-1,0,28,16.630,81.250,305,305,0,0,0
78581,0.002,-0.048,0.040,-0.019,-0.001,0.016,0.506,-0.494,-0.498,-0.502,0.000,0.000,0,3773,-1,2,28,16.630,81.250,305,305,0,0,0
78681,-0.005,-0.043,0.020,-0.034,-0.018,0.008,0.504,-0.496,-0.496,-0.503,0.000,0.000,0,3658,-1,2,28,16.630,81.250,305,305,0,0,0
78781,-0.006,-0.033,0.010,-0.040,-0.042,0.012,0.502,-0.499,-0.496,-0.503,0.000,0.000,0,3753,-1,3,28,16.630,81.250,305,305,0,0,0
78881,-0.009,-0.026,-0.030,-0.001,-0.011,0.000,0.501,-0.500,-0.496,-0.503,0.000,-0.000,0,3665,-2,1,28,16.630,81.250,305,305,0,0,0
78981,-0.010,-0.029,0.000,-0.001,0.000,0.000,0.501,-0.500,-0.495,-0.504,0.000,-0.000,0,3684,-1,1,28,16.620,81.250,305,305,0,0,0
79081,-0.010,-0.032,0.000,0.000,0.009,-0.009,0.502,-0.500,-0.495,-0.504,0.000,-0.000,0,3612,-1,1,28,16.620,81.250,305,305,0,0,0
79181,-0.010,-0.033,0.000,-0.009,0.011,-0.001,0.502,-0.500,-0.495,-0.504,0.000,0.000,0,3706,-1,1,28,16.620,81.250,305,305,0,0,0
79281,-0.010,-0.038,0.020,-0.012,0.028,0.002,0.502,-0.499,-0.494,-0.504,0.000,-0.000,0,3715,0,0,28,16.620,81.250,305,305,0,0,0
79381,-0.011,-0.040,0.040,-0.036,0.012,0.004,0.502,-0.500,-0.494,-0.505,0.000,-0.000,0,3747,0,1,28,16.620,81.250,305,305,0,0,0
79481,-0.016,-0.040,0.020,-0.106,0.003,0.032,0.500,-0.502,-0.492,-0.506,0.000,-0.000,0,4026,2,4,28,16.620,81.250,305,305,0,0,0
79581,-0.020,-0.043,-0.010,-0.028,0.000,-0.014,0.499,-0.503,-0.490,-0.508,0.000,-0.000,0,3631,-1,1,28,16.620,81.250,305,305,0,0,0
79681,-0.015,-0.045,0.060,-0.029,0.029,-0.011,0.498,-0.503,-0.489,-0.509,0.000,-0.000,0,3688,1,0,28,16.630,81.250,305,305,0,0,0
79781,-0.015,-0.058,0.060,-0.117,0.014,0.026,0.498,-0.503,-0.487,-0.511,0.000,-0.000,0,4020,3,4,28,16.630,81.250,305,305,0,0,0
79881,-0.029,-0.060,0.000,-0.640,-0.060,0.211,0.492,-0.511,-0.478,-0.518,0.000,-0.000,0,5339,17,22,28,16.630,81.250,305,305,0,0,0
79981,-0.113,-0.075,-0.090,-0.580,0.149,0.088,0.480,-0.532,-0.452,-0.532,0.000,-0.001,0,4629,15,6,28,16.630,81.250,305,305,0,0,0
80081,-0.149,-0.092,0.020,-0.262,-0.023,0.006,0.472,-0.541,-0.438,-0.540,0.000,-0.001,0,4417,1,3,28,16.620,81.250,305,305,0,0,0
80181,-0.159,-0.076,0.000,-0.123,-0.036,-0.007,0.468,-0.546,-0.435,-0.542,0.000,-0.001,0,4588,1,2,28,16.620,81.250,305,305,0,0,0
80281,-0.170,-0.075,0.060,-0.269,0.013,0.083,0.464,-0.550,-0.430,-0.545,0.000,-0.001,0,5275,9,8,28,16.620,81.250,305,305,0,0,0
80381,-0.211,-0.071,-0.070,-0.516,-0.110,0.124,0.456,-0.562,-0.416,-0.551,0.000,-0.001,0,5556,11,18,28,16.630,81.250,305,305,0,0,0
80481,-0.262,-0.034,0.160,-0.411,0.023,0.053,0.444,-0.577,-0.402,-0.555,0.000,-0.000,0,5141,9,7,28,16.630,81.250,305,305,0,0,0
80581,-0.260,-0.039,0.070,0.172,-0.017,-0.113,0.439,-0.580,-0.397,-0.560,0.000,-0.000,0,4154,-10,-8,28,16.630,81.250,305,305,0,0,0
80681,-0.215,-0.026,-0.050,0.717,0.054,-0.220,0.447,-0.570,-0.413,-0.552,0.000,-0.000,0,3355,-18,-20,28,16.630,81.250,305,305,0,0,0
80781,-0.139,-0.073,-0.140,0.839,0.117,-0.196,0.469,-0.542,-0.441,-0.540,0.000,-0.001,0,3242,-14,-20,29,16.640,81.250,305,305,0,0,0
80881,-0.082,-0.112,0.000,0.252,0.112,-0.009,0.484,-0.523,-0.455,-0.534,0.000,-0.001,0,4576,6,-1,29,16.640,81.250,305,305,0,0,0
80981,-0.106,-0.114,0.010,-0.260,-0.102,0.061,0.484,-0.526,-0.452,-0.534,0.000,-0.001,0,4802,8,12,29,16.640,81.250,305,305,0,0,0
81081,-0.116,-0.097,0.030,-0.096,-0.013,0.006,0.479,-0.532,-0.448,-0.536,0.000,-0.001,0,4427,3,1,29,16.640,81.250,305,305,0,0,0
81181,-0.133,-0.091,-0.010,-0.203,-0.010,0.062,0.475,-0.537,-0.443,-0.538,0.000,-0.001,0,4898,7,4,28,16.630,81.250,305,305,0,0,0
81281,-0.158,-0.079,0.040,-0.113,-0.042,0.026,0.470,-0.544,-0.437,-0.541,0.000,-0.001,0,4661,2,2,28,16.630,81.250,305,305,0,0,0
81381,-0.153,-0.063,-0.030,0.110,-0.077,-0.048,0.468,-0.546,-0.438,-0.540,0.000,-0.001,0,4204,-5,-2,28,16.630,81.250,305,305,0,0,0
81481,-0.135,-0.052,-0.010,-0.073,0.046,0.023,0.467,-0.545,-0.441,-0.539,0.000,-0.000,0,4745,6,2,28,16.630,81.250,305,305,0,0,0
81581,-0.145,-0.060,0.050,-0.028,0.029,0.004,0.466,-0.546,-0.438,-0.541,0.000,-0.001,0,4549,2,-1,28,16.630,81.250,305,305,0,0,0
81681,-0.140,-0.062,0.020,0.108,-0.017,-0.029,0.468,-0.545,-0.439,-0.540,0.000,-0.001,0,4321,-2,-3,28,16.630,81.250,305,305,0,0,0
81781,-0.136,-0.062,0.000,-0.074,0.001,0.029,0.468,-0.544,-0.440,-0.540,0.000,-0.001,0,4738,5,3,28,16.630,81.250,305,305,0,0,0
81881,-0.139,-0.062,-0.010,-0.003,0.000,0.000,0.467,-0.545,-0.439,-0.540,0.000,-0.001,0,4514,1,0,28,16.640,81.290,305,305,0,0,0
81981,-0.143,-0.061,0.000,-0.069,-0.026,0.020,0.466,-0.546,-0.437,-0.541,0.000,-0.001,0,4678,3,3,28,16.640,81.290,305,305,0,0,0
82081,-0.149,-0.063,0.090,-0.007,0.059,-0.017,0.464,-0.548,-0.434,-0.543,0.000,-0.001,0,4392,3,-3,28,16.640,81.290,305,305,0,0,0
82181,-0.116,-0.070,-0.050,0.482,-0.108,-0.130,0.470,-0.540,-0.443,-0.540,0.000,-0.001,0,3424,-16,-10,28,16.640,81.290,305,305,0,0,0
82281,-0.047,-0.033,-0.210,0.830,0.030,-0.212,0.480,-0.525,-0.468,-0.525,0.000,-0.000,0,2110,-17,-22,29,16.640,81.250,305,305,0,0,0
82381,-0.012,-0.068,0.030,0.047,0.097,0.036,0.492,-0.509,-0.480,-0.519,0.000,-0.000,0,4489,10,3,29,16.640,81.250,305,305,0,0,0
82481,-0.064,-0.068,0.040,-0.770,0.016,0.210,0.486,-0.521,-0.467,-0.525,0.000,-0.000,0,5595,26,23,29,16.640,81.250,305,305,0,0,0
82581,-0.190,-0.054,-0.290,-1.506,-0.043,0.414,0.459,-0.557,-0.425,-0.546,0.000,-0.001,0,6731,36,37,29,16.640,81.250,305,305,0,0,0
82681,-0.271,-0.131,0.200,-0.491,0.280,0.048,0.444,-0.573,-0.387,-0.570,0.000,-0.002,0,4910,12,-6,28,16.640,81.250,305,305,0,0,0
82781,-0.264,-0.141,0.000,0.144,0.020,-0.051,0.442,-0.573,-0.385,-0.573,0.000,-0.002,0,4613,-4,-10,28,16.640,81.250,305,305,0,0,0
82881,-0.258,-0.137,0.030,0.022,-0.026,0.002,0.444,-0.571,-0.388,-0.570,0.000,-0.002,0,5051,4,-1,28,16.640,81.250,305,305,0,0,0
82981,-0.255,-0.139,0.320,0.092,-0.007,-0.040,0.445,-0.571,-0.389,-0.570,0.000,-0.002,0,4712,1,-5,28,16.640,81.250,305,305,0,0,0
83081,-0.169,-0.148,-0.230,1.474,-0.028,-0.304,0.461,-0.550,-0.416,-0.559,0.000,-0.002,0,0,-44,-47,28,16.620,81.250,305,305,0,0,0
83181,0.001,-0.143,-0.130,1.211,0.104,-0.206,0.494,-0.504,-0.471,-0.529,0.000,-0.001,0,2528,-11,-27,28,16.620,81.250,305,305,0,0,0
83281,0.006,-0.192,-0.080,-0.149,-0.050,0.012,0.504,-0.494,-0.474,-0.527,0.000,-0.002,0,4003,15,13,28,16.620,81.250,305,305,0,0,0
83381,0.002,-0.171,0.000,-0.099,0.022,-0.024,0.499,-0.499,-0.472,-0.528,0.000,-0.002,0,3470,8,-3,28,16.620,81.250,305,305,0,0,0
83481,0.001,-0.173,0.080,-0.123,0.002,0.024,0.497,-0.501,-0.469,-0.531,0.000,-0.002,0,3981,7,-2,28,16.610,81.250,305,305,0,0,0
83581,-0.014,-0.177,0.080,-0.016,-0.026,0.001,0.496,-0.503,-0.466,-0.532,0.000,-0.002,0,3772,3,-5,28,16.610,81.250,305,305,0,0,0
83681,-0.014,-0.163,0.020,-0.018,-0.056,0.008,0.495,-0.505,-0.467,-0.531,0.000,-0.001,0,3864,4,-2,28,16.610,81.250,305,305,0,0,0
83781,-0.014,-0.157,-1.040,0.004,0.030,0.009,0.494,-0.506,-0.467,-0.531,0.000,-0.001,0,3927,6,-6,28,16.610,81.250,305,305,0,0,0
83881,-0.051,-0.212,0.010,0.307,0.280,0.063,0.504,-0.500,-0.463,-0.531,0.000,-0.003,0,3973,3,-24,28,16.620,81.250,305,305,0,0,0
83981,-0.012,-0.319,0.010,0.514,0.480,-0.081,0.520,-0.479,-0.466,-0.531,0.000,-0.006,0,3071,8,-34,28,16.620,81.250,305,305,0,0,0
84081,0.005,-0.441,0.070,0.737,0.366,0.141,0.546,-0.452,-0.471,-0.525,0.000,0.011,0,4850,2,-36,28,16.620,81.250,305,305,0,0,0
84181,-0.015,-0.492,0.420,1.064,-0.056,0.183,0.573,-0.429,-0.483,-0.504,0.000,0.012,0,4874,-18,-35,28,16.620,81.250,305,305,0,0,0
84281,-0.030,-0.432,-0.130,1.426,-0.304,0.294,0.599,-0.403,-0.515,-0.461,0.000,0.007,0,5541,-31,-38,28,16.620,81.250,305,305,0,0,0
84381,-0.057,-0.369,-0.010,0.963,-0.128,0.191,0.623,-0.377,-0.545,-0.417,0.000,0.004,0,4882,-6,-24,28,16.620,81.250,305,305,0,0,0
84481,-0.091,-0.337,0.280,-0.111,0.017,0.084,0.627,-0.374,-0.552,-0.404,0.000,0.003,0,4512,23,0,28,16.620,81.250,305,305,0,0,0
84581,-0.121,-0.338,0.170,-0.536,0.010,-0.070,0.620,-0.387,-0.542,-0.415,0.000,0.003,0,3683,25,4,28,16.620,81.250,305,305,0,0,0
84681,-0.131,-0.325,-0.250,-1.230,-0.033,-0.233,0.599,-0.414,-0.521,-0.447,0.000,0.003,0,2156,41,22,29,16.630,81.250,305,305,0,0,0
84781,-0.089,-0.299,-0.480,-1.984,-0.036,-0.254,0.558,-0.454,-0.494,-0.489,0.000,0.003,0,2676,59,40,29,16.630,81.250,305,305,0,0,0
84881,-0.068,-0.291,-0.480,-2.513,-0.004,-0.357,0.494,-0.508,-0.440,-0.552,0.000,-0.005,1135,0,66,46,29,16.630,81.250,305,305,0,0,0
84981,-0.009,-0.285,0.230,-1.986,0.118,-0.353,0.423,-0.553,-0.384,-0.607,0.000,-0.003,1550,0,49,20,29,16.630,81.250,305,305,0,0,0
85081,0.003,-0.339,0.190,-1.123,0.182,-0.104,0.377,-0.574,-0.337,-0.644,0.000,-0.004,0,3452,27,-3,28,16.620,81.250,305,305,0,0,0
85181,0.014,-0.370,0.160,-0.364,-0.006,0.019,0.360,-0.579,-0.320,-0.657,0.000,-0.004,0,3849,13,-11,28,16.620,81.250,305,305,0,0,0
85281,-0.014,-0.371,-0.110,0.108,-0.037,0.101,0.360,-0.582,-0.316,-0.657,0.000,-0.004,0,4333,7,-17,28,16.620,81.250,305,305,0,0,0
85381,-0.045,-0.377,0.000,0.360,-0.008,0.129,0.371,-0.578,-0.321,-0.652,0.000,-0.005,0,4561,5,-21,28,16.620,81.250,305,305,0,0,0
85481,-0.073,-0.372,0.180,0.318,-0.017,0.077,0.390,-0.571,-0.334,-0.640,0.000,-0.006,0,4297,10,-17,28,16.640,81.250,305,305,0,0,0
85581,-0.085,-0.353,0.040,0.156,-0.088,0.004,0.398,-0.570,-0.341,-0.633,0.000,-0.005,0,3939,12,-10,28,16.640,81.250,305,305,0,0,0
85681,-0.080,-0.343,0.000,0.117,0.009,-0.002,0.402,-0.568,-0.347,-0.629,0.000,-0.005,0,4071,14,-14,28,16.640,81.250,305,305,0,0,0
85781,-0.079,-0.346,0.000,0.053,0.029,0.000,0.405,-0.566,-0.349,-0.628,0.000,-0.005,0,4106,16,-13,28,16.640,81.250,305,305,0,0,0
85881,-0.083,-0.345,0.010,0.014,-0.001,0.016,0.407,-0.565,-0.351,-0.626,0.000,-0.005,0,4285,16,-12,28,16.640,81.250,305,305,0,0,0
85981,-0.091,-0.343,0.070,-0.054,-0.008,0.033,0.407,-0.566,-0.350,-0.626,0.000,-0.005,0,4504,18,-10,28,16.640,81.250,305,305,0,0,0
86081,-0.100,-0.348,0.090,0.078,0.000,0.000,0.409,-0.565,-0.350,-0.625,0.000,-0.006,0,4303,13,-16,28,16.640,81.250,305,305,0,0,0
86181,-0.118,-0.337,0.180,0.487,-0.061,0.141,0.417,-0.563,-0.356,-0.618,0.000,-0.006,0,5337,0,-26,28,16.620,81.250,305,305,0,0,0
86281,-0.104,-0.335,-0.330,1.553,0.308,0.067,0.455,-0.538,-0.394,-0.590,0.000,-0.006,0,4572,-12,-65,28,16.620,81.250,305,305,0,0,0
86381,-0.072,-0.456,-0.470,1.229,0.431,0.101,0.498,-0.498,-0.419,-0.573,0.000,-0.011,0,4622,7,-50,28,16.620,81.250,305,305,0,0,0
86481,-0.074,-0.541,0.060,-0.073,0.088,0.103,0.522,-0.477,-0.427,-0.564,0.000,-0.017,0,4739,35,-3,28,16.620,81.250,305,305,0,0,0
86581,-0.117,-0.486,0.020,-0.753,-0.289,-0.019,0.506,-0.496,-0.415,-0.571,0.000,-0.014,0,4238,33,13,28,16.630,81.250,305,305,0,0,0
86681,-0.145,-0.375,0.040,-0.386,-0.188,-0.018,0.482,-0.521,-0.407,-0.574,0.000,-0.009,0,4503,19,-9,28,16.630,81.250,305,305,0,0,0
86781,-0.132,-0.277,0.110,0.042,-0.258,-0.049,0.471,-0.533,-0.412,-0.569,0.000,-0.005,0,4194,7,-14,28,16.630,81.250,305,305,0,0,0
86881,-0.119,-0.431,-0.380,0.178,0.736,-0.010,0.484,-0.515,-0.404,-0.581,0.000,-0.010,0,4455,35,-44,28,16.630,81.250,305,305,0,0,0
86981,-0.129,-0.429,0.250,0.003,-0.537,0.009,0.486,-0.515,-0.404,-0.579,0.000,-0.011,0,4451,1,3,28,16.630,81.250,305,305,0,0,0
87081,-0.117,-0.268,0.250,0.000,-0.379,-0.010,0.474,-0.530,-0.418,-0.566,0.000,-0.005,0,4400,9,-7,28,16.630,81.250,305,305,0,0,0
87181,-0.122,-0.376,-0.310,0.128,0.496,0.009,0.483,-0.519,-0.410,-0.574,0.000,-0.008,0,4498,29,-35,28,16.630,81.250,305,305,0,0,0
87281,-0.115,-0.300,0.230,0.000,-0.659,-0.054,0.480,-0.524,-0.419,-0.565,0.000,-0.006,0,3894,-2,7,28,16.610,81.250,305,305,0,0,0
87381,-0.101,-0.194,-0.080,-0.041,0.138,0.016,0.471,-0.533,-0.428,-0.557,0.000,-0.003,0,4609,27,-22,28,16.610,81.250,305,305,0,0,0
87481,-0.098,-0.256,-0.060,0.063,0.020,-0.028,0.476,-0.526,-0.424,-0.562,0.000,-0.004,0,4114,14,-16,28,16.610,81.250,305,305,0,0,0
87581,-0.088,-0.254,0.000,0.006,0.000,-0.007,0.476,-0.526,-0.425,-0.562,0.000,-0.004,0,4311,17,-15,28,16.610,81.250,305,305,0,0,0
87681,-0.089,-0.254,0.040,-0.007,-0.006,-0.003,0.476,-0.526,-0.425,-0.562,0.000,-0.004,0,4298,17,-15,28,16.610,81.250,305,305,0,0,0
87781,-0.089,-0.250,0.010,0.021,-0.003,-0.004,0.475,-0.526,-0.426,-0.562,0.000,-0.004,0,4288,17,-16,28,16.610,81.250,305,305,0,0,0
87881,-0.086,-0.247,0.000,0.049,-0.029,-0.011,0.475,-0.526,-0.426,-0.561,0.000,-0.004,0,4223,15,-16,28,16.610,81.250,305,305,0,0,0
87981,-0.078,-0.241,0.190,0.384,-0.010,-0.033,0.478,-0.524,-0.431,-0.558,0.000,-0.003,0,3981,5,-28,28,16.620,81.250,305,305,0,0,0
88081,-0.035,-0.265,-0.620,1.997,0.182,0.019,0.503,-0.497,-0.456,-0.539,0.000,-0.004,0,4253,-36,-81,28,16.620,81.250,305,305,0,0,0
88181,0.006,-0.259,-0.090,1.661,-0.208,0.051,0.550,-0.449,-0.505,-0.490,0.000,0.003,0,3796,-15,-40,28,16.620,81.250,305,305,0,0,0
88281,0.030,-0.272,0.060,0.374,0.248,-0.031,0.574,-0.420,-0.527,-0.465,0.000,0.004,0,3107,29,-21,28,16.620,81.250,305,305,0,0,0
88381,0.050,-0.283,0.090,-0.557,0.007,-0.056,0.572,-0.421,-0.525,-0.470,0.000,0.004,0,3105,39,3,28,16.630,81.250,305,305,0,0,0
88481,-0.008,-0.297,-0.120,-1.884,-0.004,0.280,0.551,-0.450,-0.498,-0.495,0.000,0.004,0,6031,73,36,28,16.630,81.250,305,305,0,0,0
88581,-0.190,-0.307,-0.350,-2.391,0.070,0.216,0.507,-0.511,-0.434,-0.542,0.000,-0.007,0,6159,75,34,28,16.630,81.250,305,305,0,0,0
88681,-0.336,-0.276,0.540,-0.887,0.110,0.020,0.459,-0.561,-0.373,-0.579,0.000,-0.007,0,5178,22,-22,28,16.630,81.250,305,305,0,0,0
88781,-0.347,-0.309,0.060,0.040,0.073,0.033,0.454,-0.563,-0.362,-0.588,0.000,-0.008,0,5571,12,-30,28,16.630,81.250,305,305,0,0,0
88881,-0.365,-0.300,0.110,0.058,-0.130,0.021,0.457,-0.564,-0.363,-0.584,0.000,-0.008,0,5453,14,-17,28,16.630,81.250,305,305,0,0,0
88981,-0.356,-0.283,0.010,0.044,-0.080,-0.032,0.456,-0.564,-0.366,-0.582,0.000,-0.007,0,5204,18,-17,28,16.630,81.250,305,305,0,0,0
89081,-0.345,-0.268,0.000,0.026,-0.031,-0.023,0.456,-0.565,-0.369,-0.581,0.000,-0.007,0,5249,20,-18,28,16.630,81.250,305,305,0,0,0
89181,-0.331,-0.256,-0.010,0.012,0.004,-0.028,0.454,-0.565,-0.372,-0.580,0.000,-0.006,0,5200,21,-19,28,16.630,81.250,305,305,0,0,0
89281,-0.320,-0.249,0.100,-0.040,-0.017,-0.090,0.451,-0.567,-0.370,-0.582,0.000,-0.006,0,4660,21,-17,28,16.630,81.250,305,305,0,0,0
89381,-0.289,-0.243,0.070,0.003,-0.003,-0.062,0.449,-0.565,-0.374,-0.582,0.000,-0.005,0,4848,21,-18,28,16.630,81.250,305,305,0,0,0
89481,-0.258,-0.245,0.080,0.216,-0.048,-0.046,0.449,-0.562,-0.379,-0.582,0.000,-0.005,0,4871,13,-23,28,16.620,81.250,305,305,0,0,0
89581,-0.234,-0.255,0.090,0.753,0.027,-0.018,0.459,-0.552,-0.390,-0.576,0.000,-0.005,0,4861,0,-42,28,16.620,81.250,305,305,0,0,0
89681,-0.215,-0.275,-0.110,1.058,0.057,0.096,0.486,-0.531,-0.415,-0.556,0.000,-0.006,0,5426,-1,-46,28,16.620,81.250,305,305,0,0,0
89781,-0.200,-0.323,-0.030,1.287,0.026,0.007,0.523,-0.497,-0.445,-0.530,0.000,-0.008,0,4516,-6,-50,28,16.620,81.250,305,305,0,0,0
89881,-0.113,-0.333,0.110,1.228,-0.086,-0.099,0.547,-0.466,-0.476,-0.506,0.000,0.004,0,3483,-5,-44,28,16.620,81.250,305,305,0,0,0
89981,-0.045,-0.321,0.070,1.021,0.032,0.039,0.569,-0.437,-0.506,-0.480,0.000,0.004,0,4498,5,-43,28,16.620,81.250,305,305,0,0,0
90081,-0.049,-0.310,0.010,0.871,-0.070,0.167,0.589,-0.414,-0.526,-0.452,0.000,0.004,0,5154,3,-38,28,16.620,81.250,305,305,0,0,0
90181,-0.071,-0.293,-0.040,0.923,-0.100,0.111,0.610,-0.392,-0.546,-0.420,0.000,0.002,0,4689,-1,-40,28,16.620,81.250,305,305,0,0,0
90281,-0.073,-0.280,0.070,1.061,-0.007,0.061,0.626,-0.368,-0.564,-0.393,0.000,0.002,0,4374,-2,-47,28,16.630,81.250,305,305,0,0,0
90381,-0.066,-0.291,-0.080,1.058,0.034,0.143,0.646,-0.338,-0.581,-0.362,0.000,0.002,0,5095,0,-47,28,16.630,81.250,305,305,0,0,0
90481,-0.093,-0.289,0.100,0.911,-0.078,0.142,0.664,-0.312,-0.596,-0.328,0.000,0.001,0,5003,0,-40,28,16.630,81.250,305,305,0,0,0
90581,-0.130,-0.284,0.010,0.386,-0.033,0.174,0.676,-0.294,-0.605,-0.300,0.000,0.000,0,5357,16,-27,28,16.630,81.250,305,305,0,0,0
90681,-0.182,-0.260,-0.080,-0.682,-0.098,0.040,0.673,-0.303,-0.604,-0.300,0.000,-0.000,0,4657,43,4,28,16.620,81.250,305,305,0,0,0
90781,-0.185,-0.245,-0.300,-1.648,0.211,-0.263,0.653,-0.338,-0.587,-0.337,0.000,-0.000,0,2091,71,13,28,16.620,81.250,305,305,0,0,0
90881,-0.106,-0.298,-0.660,-2.189,0.342,-0.476,0.618,-0.386,-0.549,-0.410,0.000,0.002,2733,0,81,16,28,16.620,81.250,305,305,0,0,0
90981,-0.031,-0.349,0.040,-2.261,0.081,-0.352,0.562,-0.443,-0.496,-0.493,0.000,0.006,0,769,70,19,28,16.620,81.250,305,305,0,0,0
91081,-0.040,-0.386,0.650,-1.373,0.151,-0.094,0.522,-0.479,-0.454,-0.540,0.000,-0.009,0,4032,46,-13,29,16.620,81.250,305,305,0,0,0
91181,-0.090,-0.398,0.630,0.167,-0.110,0.189,0.513,-0.492,-0.438,-0.551,0.000,-0.010,0,5644,1,-42,29,16.620,81.250,305,305,0,0,0
91281,-0.151,-0.325,0.000,1.406,-0.263,0.223,0.536,-0.481,-0.463,-0.517,0.000,-0.008,0,5457,-24,-61,29,16.620,81.250,305,305,0,0,0
91381,-0.101,-0.298,-0.390,1.747,-0.099,0.010,0.573,-0.440,-0.507,-0.471,0.000,0.003,0,3918,-15,-62,29,16.620,81.250,305,305,0,0,0
91481,-0.057,-0.314,0.060,0.758,-0.031,0.038,0.600,-0.402,-0.535,-0.438,0.000,0.003,0,4255,19,-30,28,16.630,81.250,305,305,0,0,0
91581,-0.027,-0.259,0.130,-0.100,-0.246,-0.100,0.598,-0.398,-0.546,-0.430,0.000,0.002,0,3015,27,-8,28,16.630,81.250,305,305,0,0,0
91681,-0.053,-0.205,-0.190,-0.993,-0.027,0.057,0.581,-0.422,-0.537,-0.444,0.000,0.001,0,4650,53,3,28,16.630,81.250,305,305,0,0,0
91781,-0.104,-0.189,-0.190,-1.644,-0.018,0.008,0.552,-0.461,-0.506,-0.477,0.000,0.001,0,4382,63,17,28,16.630,81.250,305,305,0,0,0
91881,-0.122,-0.198,0.070,-1.727,0.069,-0.017,0.512,-0.501,-0.464,-0.520,0.000,-0.003,0,4605,62,12,28,16.620,81.250,305,305,0,0,0
91981,-0.155,-0.211,0.340,-0.971,0.036,-0.033,0.478,-0.533,-0.425,-0.554,0.000,-0.003,0,4459,35,-12,28,16.620,81.250,305,305,0,0,0
92081,-0.161,-0.196,0.140,-0.301,-0.039,-0.049,0.459,-0.548,-0.409,-0.567,0.000,-0.003,0,4326,20,-24,28,16.620,81.250,305,305,0,0,0
92181,-0.164,-0.192,-0.200,0.013,0.007,0.078,0.458,-0.549,-0.408,-0.568,0.000,-0.003,0,5253,21,-27,28,16.620,81.250,305,305,0,0,0
92281,-0.177,-0.193,-0.040,0.031,-0.019,0.000,0.459,-0.550,-0.406,-0.567,0.000,-0.003,0,4555,23,-24,28,16.620,81.250,305,305,0,0,0
92381,-0.176,-0.199,0.020,0.034,0.017,0.012,0.461,-0.549,-0.407,-0.566,0.000,-0.003,0,4767,25,-24,29,16.630,81.250,305,305,0,0,0
92481,-0.177,-0.207,0.070,0.046,0.037,0.002,0.462,-0.547,-0.408,-0.566,0.000,-0.003,0,4728,25,-25,29,16.630,81.250,305,305,0,0,0
92581,-0.183,-0.212,0.090,0.000,0.030,0.028,0.464,-0.546,-0.407,-0.566,0.000,-0.004,0,4904,27,-24,29,16.630,81.250,305,305,0,0,0
92681,-0.187,-0.219,0.020,0.013,-0.001,-0.009,0.465,-0.546,-0.407,-0.566,0.000,-0.004,0,4639,25,-24,29,16.640,81.250,305,305,0,0,0
92781,-0.187,-0.220,-0.040,-0.017,0.008,-0.001,0.465,-0.546,-0.407,-0.567,0.000,-0.004,0,4736,27,-24,29,16.640,81.250,305,305,0,0,0
92881,-0.189,-0.229,0.040,0.030,0.033,0.011,0.466,-0.545,-0.406,-0.567,0.000,-0.004,0,4756,26,-26,29,16.640,81.250,305,305,0,0,0
92981,-0.187,-0.234,0.130,0.029,0.006,-0.001,0.467,-0.544,-0.406,-0.567,0.000,-0.004,0,4719,26,-26,29,16.640,81.250,305,305,0,0,0
93081,-0.185,-0.227,0.170,0.137,-0.057,0.012,0.468,-0.543,-0.409,-0.564,0.000,-0.004,0,4819,21,-27,28,16.630,81.250,305,305,0,0,0
93181,-0.183,-0.195,0.030,0.914,-0.194,0.047,0.480,-0.535,-0.425,-0.550,0.000,-0.003,0,4988,-7,-46,28,16.630,81.250,305,305,0,0,0
93281,-0.116,-0.197,-0.400,1.537,0.219,-0.113,0.514,-0.499,-0.467,-0.516,0.000,-0.003,0,4021,10,-63,28,16.630,81.250,305,305,0,0,0
93381,-0.136,-0.325,-0.130,-0.226,0.262,0.076,0.538,-0.477,-0.467,-0.514,0.000,0.004,0,4912,52,-14,28,16.630,81.250,305,305,0,0,0
93481,-0.125,-0.306,0.200,-0.300,-0.021,-0.112,0.525,-0.488,-0.459,-0.525,0.000,-0.007,0,3631,33,-21,28,16.620,81.250,305,305,0,0,0
93581,-0.114,-0.282,0.180,0.012,-0.064,-0.018,0.520,-0.492,-0.460,-0.526,0.000,-0.006,0,4446,23,-30,28,16.620,81.250,305,305,0,0,0
93681,-0.113,-0.271,0.000,0.017,-0.049,0.021,0.521,-0.492,-0.462,-0.523,0.000,-0.005,0,4641,27,-26,28,16.620,81.250,305,305,0,0,0
93781,-0.113,-0.249,0.040,-0.171,-0.136,0.001,0.517,-0.495,-0.462,-0.524,0.000,-0.004,0,4406,29,-19,28,16.630,81.250,305,305,0,0,0
93881,-0.126,-0.208,0.000,-0.279,-0.144,0.054,0.509,-0.504,-0.459,-0.525,0.000,-0.003,0,4887,30,-16,28,16.630,81.250,305,305,0,0,0
93981,-0.154,-0.177,0.030,-0.190,-0.067,0.026,0.502,-0.515,-0.453,-0.527,0.000,-0.003,0,4672,28,-22,28,16.630,81.250,305,305,0,0,0
94081,-0.159,-0.163,-0.070,0.077,0.001,-0.007,0.501,-0.517,-0.454,-0.526,0.000,-0.002,0,4576,23,-30,28,16.630,81.250,305,305,0,0,0
94181,-0.165,-0.167,0.030,-0.182,-0.004,0.008,0.500,-0.518,-0.452,-0.527,0.000,-0.003,0,4659,32,-20,29,16.630,81.250,305,305,0,0,0
94281,-0.154,-0.157,0.120,-0.297,-0.084,-0.063,0.492,-0.524,-0.447,-0.533,0.000,-0.002,0,4152,31,-16,29,16.630,81.250,305,305,0,0,0
94381,-0.147,-0.130,0.630,0.582,-0.213,0.049,0.490,-0.525,-0.451,-0.530,0.000,-0.002,0,5060,-3,-41,29,16.630,81.250,305,305,0,0,0
94481,-0.165,-0.110,-1.180,2.789,-0.108,0.079,0.541,-0.479,-0.502,-0.475,0.000,-0.000,0,4909,-54,-100,29,16.630,81.250,305,305,0,0,0
94581,-0.178,-0.183,-0.120,1.603,0.428,0.206,0.595,-0.419,-0.542,-0.419,0.000,0.000,0,5777,21,-61,29,16.620,81.250,305,305,0,0,0
94681,-0.174,-0.227,0.300,-0.132,-0.159,-0.068,0.609,-0.402,-0.548,-0.408,0.000,0.000,0,3851,39,-3,29,16.620,81.250,305,305,0,0,0
94781,-0.092,-0.226,-0.040,-0.117,-0.016,-0.234,0.603,-0.400,-0.550,-0.417,0.000,0.001,0,2298,30,-24,29,16.620,81.250,305,305,0,0,0
94881,-0.052,-0.221,0.080,-0.128,0.031,-0.038,0.598,-0.401,-0.550,-0.424,0.000,0.002,0,4187,30,-28,29,16.600,81.250,305,305,0,0,0
94981,-0.037,-0.218,0.060,-0.079,-0.024,-0.061,0.594,-0.404,-0.548,-0.429,0.000,0.002,0,3595,27,-28,29,16.600,81.250,305,305,0,0,0
95081,-0.037,-0.195,0.140,-0.970,-0.170,-0.050,0.584,-0.415,-0.543,-0.438,0.000,0.001,0,3584,53,8,29,16.600,81.250,305,305,0,0,0
95181,-0.097,-0.146,-1.070,-3.362,0.101,0.086,0.527,-0.485,-0.490,-0.497,0.000,0.001,0,5096,121,57,29,16.600,81.250,305,305,0,0,0
95281,-0.124,-0.148,1.160,-1.060,0.292,-0.194,0.470,-0.538,-0.431,-0.551,0.000,-0.002,0,2643,33,-40,28,16.620,81.250,305,305,0,0,0
95381,-0.066,-0.192,-0.050,0.223,0.039,-0.048,0.465,-0.534,-0.428,-0.562,0.000,-0.002,0,4201,13,-43,28,16.620,81.250,305,305,0,0,0
95481,-0.098,-0.185,0.120,0.052,-0.057,0.149,0.472,-0.533,-0.430,-0.555,0.000,-0.002,0,5322,26,-27,28,16.620,81.250,305,305,0,0,0
95581,-0.127,-0.185,0.080,0.046,-0.004,0.036,0.474,-0.534,-0.429,-0.553,0.000,-0.003,0,4586,27,-29,28,16.620,81.250,305,305,0,0,0
95681,-0.150,-0.168,1.080,1.109,-0.252,0.064,0.484,-0.529,-0.438,-0.542,0.000,-0.002,0,4905,-15,-56,28,16.620,81.250,305,305,0,0,0
95781,-0.121,-0.099,-1.210,2.931,-0.590,0.042,0.532,-0.483,-0.501,-0.483,0.000,-0.000,0,4635,-65,-84,28,16.620,81.250,305,305,0,0,0
95881,-0.134,-0.052,0.050,0.887,0.548,0.207,0.578,-0.430,-0.554,-0.418,0.000,-0.000,0,5844,49,-44,28,16.620,81.250,305,305,0,0,0
95981,-0.180,-0.105,-0.090,-0.342,-0.004,-0.114,0.589,-0.424,-0.550,-0.413,0.000,-0.000,0,2599,46,-12,28,16.640,81.290,305,305,0,0,0
96081,-0.077,-0.124,0.180,-0.423,-0.048,-0.299,0.577,-0.426,-0.546,-0.433,0.000,0.000,0,1115,35,-15,28,16.640,81.290,305,305,0,0,0
96181,-0.027,-0.107,-0.210,-1.748,-0.040,-0.051,0.554,-0.446,-0.532,-0.459,0.000,0.000,0,3998,76,25,28,16.640,81.290,305,305,0,0,0
96281,-0.052,-0.109,0.430,-2.518,0.149,-0.149,0.495,-0.510,-0.471,-0.522,0.000,-0.001,0,2552,85,21,28,16.640,81.290,305,305,0,0,0
96381,0.012,-0.122,0.220,-0.162,-0.091,-0.164,0.455,-0.536,-0.439,-0.560,0.000,-0.001,0,2877,2,-44,28,16.640,81.290,305,305,0,0,0
96481,0.005,-0.092,-0.100,0.622,-0.077,0.262,0.460,-0.534,-0.447,-0.551,0.000,-0.000,0,5763,3,-47,28,16.640,81.290,305,305,0,0,0
96581,-0.044,-0.085,-0.840,2.652,0.041,-0.104,0.500,-0.505,-0.481,-0.514,0.000,-0.001,0,1806,-49,-106,28,16.640,81.290,305,305,0,0,0
96681,-0.027,-0.136,-0.090,1.249,0.357,0.251,0.558,-0.443,-0.530,-0.460,0.000,0.001,0,5682,27,-50,28,16.640,81.290,305,305,0,0,0
96781,-0.080,-0.170,0.410,-0.002,-0.119,0.000,0.575,-0.431,-0.534,-0.445,0.000,0.001,0,3544,34,-16,28,16.620,81.250,305,305,0,0,0
96881,-0.050,-0.156,0.050,0.079,-0.107,-0.108,0.572,-0.430,-0.537,-0.446,0.000,0.001,0,3115,23,-27,28,16.620,81.250,305,305,0,0,0
96981,-0.034,-0.141,0.020,-0.003,0.000,0.022,0.570,-0.430,-0.540,-0.445,0.000,0.001,0,4361,29,-29,28,16.620,81.250,305,305,0,0,0
97081,-0.034,-0.131,0.000,-0.096,-0.013,-0.008,0.569,-0.430,-0.541,-0.445,0.000,0.001,0,4000,31,-26,28,16.620,81.250,305,305,0,0,0
97181,-0.037,-0.122,-0.060,-0.748,-0.062,-0.041,0.558,-0.443,-0.532,-0.456,0.000,0.000,0,3519,50,-4,28,16.620,81.250,305,305,0,0,0
97281,-0.022,-0.137,0.000,-1.547,0.142,-0.168,0.535,-0.467,-0.509,-0.486,0.000,0.001,0,2236,73,7,28,16.620,81.250,305,305,0,0,0
97381,0.059,-0.167,0.080,-1.661,-0.066,-0.369,0.493,-0.498,-0.474,-0.534,0.000,-0.001,3034,0,62,10,28,16.620,81.250,305,305,0,0,0
97481,0.158,-0.130,0.000,-1.464,-0.213,-0.248,0.440,-0.531,-0.443,-0.572,0.000,0.000,1868,0,51,6,28,16.620,81.250,305,305,0,0,0
97581,0.203,-0.105,-0.020,-1.261,-0.036,-0.104,0.392,-0.562,-0.408,-0.604,0.000,0.000,0,296,52,-6,28,16.620,81.250,305,305,0,0,0
97681,0.213,-0.124,-0.160,-1.019,0.029,-0.027,0.362,-0.579,-0.379,-0.624,0.000,0.001,0,1424,50,-11,28,16.620,81.250,305,305,0,0,0
97781,0.206,-0.150,-0.150,-0.837,0.036,0.026,0.339,-0.592,-0.353,-0.640,0.000,0.001,0,2044,48,-13,28,16.620,81.250,305,305,0,0,0
97881,0.185,-0.192,0.190,-0.786,0.021,0.130,0.318,-0.601,-0.326,-0.656,0.000,0.000,0,3114,49,-13,29,16.630,81.250,305,305,0,0,0
97981,0.131,-0.198,0.150,-0.632,-0.051,-0.021,0.299,-0.614,-0.300,-0.666,0.000,0.000,352,0,42,-15,29,16.630,81.250,305,305,0,0,0
98081,0.136,-0.193,-0.170,-0.532,-0.009,-0.038,0.283,-0.621,-0.287,-0.672,0.000,0.000,322,0,43,-17,29,16.630,81.250,305,305,0,0,0
98181,0.198,-0.187,-0.150,-0.282,0.072,-0.032,0.265,-0.625,-0.280,-0.679,0.000,0.001,1714,0,39,-27,29,16.630,81.250,305,305,0,0,0
98281,0.272,-0.205,0.200,0.162,0.143,0.041,0.260,-0.620,-0.285,-0.683,0.000,0.001,1796,0,30,-40,29,16.620,81.250,305,305,0,0,0
98381,0.315,-0.238,0.320,0.826,0.063,0.021,0.277,-0.606,-0.304,-0.681,0.000,0.002,2678,0,12,-53,29,16.620,81.250,305,305,0,0,0
98481,0.359,-0.226,0.010,1.371,-0.114,0.081,0.308,-0.589,-0.340,-0.666,0.000,0.002,2523,0,-4,-60,29,16.620,81.250,305,305,0,0,0
98581,0.367,-0.165,-0.170,1.822,0.004,0.068,0.355,-0.566,-0.390,-0.633,0.000,0.002,3025,0,-9,-71,29,16.620,81.250,305,305,0,0,0
98681,0.388,-0.125,0.000,1.957,0.067,0.000,0.409,-0.530,-0.445,-0.595,0.000,0.001,3923,0,-8,-71,28,16.620,81.250,305,305,0,0,0
98781,0.413,-0.079,0.190,1.848,0.000,0.048,0.463,-0.483,-0.504,-0.546,0.000,0.001,3569,0,-7,-63,28,16.620,81.250,305,305,0,0,0
98881,0.378,-0.035,0.110,1.247,-0.066,0.180,0.498,-0.453,-0.538,-0.508,0.000,0.001,2060,0,8,-43,28,16.620,81.250,305,305,0,0,0
98981,0.279,0.013,-0.100,0.592,-0.140,0.123,0.521,-0.440,-0.555,-0.476,0.000,-0.000,2339,0,18,-29,28,16.620,81.250,305,305,0,0,0
99081,0.218,0.047,-0.130,0.243,-0.041,0.069,0.530,-0.437,-0.563,-0.460,0.000,-0.000,2655,0,25,-28,28,16.620,81.250,305,305,0,0,0
99181,0.186,0.068,-0.020,0.014,-0.049,0.082,0.532,-0.439,-0.565,-0.454,0.000,-0.000,2180,0,27,-24,28,16.620,81.250,305,305,0,0,0
99281,0.146,0.067,0.010,-0.032,0.010,0.103,0.532,-0.443,-0.561,-0.453,0.000,-0.000,1420,0,28,-26,28,16.620,81.250,305,305,0,0,0
99381,0.113,0.053,-0.070,-0.002,0.008,0.064,0.534,-0.446,-0.557,-0.453,0.000,-0.000,1985,0,26,-28,28,16.620,81.250,305,305,0,0,0
99481,0.090,0.034,-0.030,-0.007,0.040,0.049,0.537,-0.447,-0.553,-0.454,0.000,-0.000,1954,0,27,-28,28,16.620,81.250,305,305,0,0,0
99581,0.068,0.014,0.050,-0.020,0.048,0.042,0.539,-0.449,-0.549,-0.456,0.000,0.000,1687,0,28,-29,28,16.620,81.250,305,305,0,0,0
99681,0.045,-0.008,0.000,-0.086,0.007,-0.043,0.540,-0.451,-0.544,-0.458,0.000,0.000,2802,0,29,-26,28,16.620,81.250,305,305,0,0,0
99781,0.060,-0.013,-0.010,-0.152,0.003,-0.094,0.536,-0.454,-0.541,-0.464,0.000,-0.000,3294,0,31,-25,28,16.620,81.250,305,305,0,0,0
99881,0.095,-0.039,0.040,-0.193,0.118,-0.100,0.532,-0.454,-0.536,-0.473,0.000,0.000,3512,0,35,-28,28,16.620,81.250,305,305,0,0,0
99981,0.117,-0.065,0.100,-0.069,0.037,0.004,0.529,-0.456,-0.531,-0.481,0.000,0.001,2616,0,29,-30,28,16.620,81.250,305,305,0,0,0
100081,0.092,-0.083,0.010,0.014,0.060,0.133,0.531,-0.456,-0.527,-0.482,0.000,0.001,0,931,29,-33,28,16.620,81.250,305,305,0,0,0
100181,0.038,-0.098,0.080,0.070,-0.011,0.142,0.536,-0.458,-0.523,-0.478,0.000,0.001,0,1363,26,-32,28,16.620,81.250,305,305,0,0,0
100281,0.001,-0.099,0.000,0.066,0.008,0.039,0.540,-0.459,-0.522,-0.474,0.000,0.001,1916,0,28,-32,29,16.630,81.250,305,305,0,0,0
100381,0.003,-0.103,0.200,0.059,0.024,-0.036,0.541,-0.458,-0.523,-0.474,0.000,0.001,2658,0,29,-33,29,16.630,81.250,305,305,0,0,0
100481,0.022,-0.100,0.790,0.068,-0.099,-0.042,0.540,-0.456,-0.524,-0.475,0.000,0.001,2676,0,24,-29,29,16.630,81.250,305,305,0,0,0
100581,0.037,-0.057,1.000,0.151,-0.190,-0.087,0.538,-0.456,-0.532,-0.470,0.000,0.000,3399,0,19,-28,29,16.630,81.250,305,305,0,0,0
100681,0.073,0.028,0.540,0.270,-0.311,-0.128,0.533,-0.454,-0.546,-0.459,0.000,-0.000,3812,0,12,-27,28,16.610,81.250,305,305,0,0,0
100781,0.109,0.159,-0.230,0.299,-0.520,-0.054,0.525,-0.454,-0.566,-0.445,0.000,0.000,3296,0,3,-18,28,16.610,81.250,305,305,0,0,0
100881,0.056,0.274,-0.790,0.133,-0.267,0.249,0.521,-0.460,-0.578,-0.427,0.000,0.003,0,3111,15,-19,28,16.610,81.250,305,305,0,0,0
100981,-0.053,0.351,-0.830,-0.007,-0.221,0.240,0.521,-0.472,-0.580,-0.413,0.000,0.006,0,3037,16,-15,28,16.610,81.250,305,305,0,0,0
101081,-0.098,0.393,-0.570,-0.172,-0.157,0.017,0.517,-0.481,-0.579,-0.409,0.000,0.009,1807,0,19,-11,28,16.630,81.250,305,305,0,0,0
101181,-0.042,0.419,-0.450,-0.210,-0.041,-0.191,0.508,-0.483,-0.580,-0.415,0.000,0.009,3937,0,21,-13,28,16.630,81.250,305,305,0,0,0
101281,0.052,0.405,-0.130,-0.222,0.143,-0.239,0.500,-0.482,-0.579,-0.427,0.000,0.007,4513,0,26,-18,28,16.630,81.250,305,305,0,0,0
101381,0.059,0.355,-0.160,-0.279,0.240,0.174,0.501,-0.482,-0.572,-0.436,0.000,0.005,0,2488,33,-18,29,16.640,81.250,305,305,0,0,0
101481,0.062,0.336,0.100,-0.101,0.062,-0.038,0.500,-0.484,-0.567,-0.441,0.000,0.005,3322,0,21,-18,29,16.640,81.250,305,305,0,0,0
101581,0.072,0.333,-0.090,-0.077,-0.084,0.008,0.497,-0.486,-0.565,-0.444,0.000,0.004,2761,0,16,-15,29,16.640,81.250,305,305,0,0,0
101681,0.047,0.344,-0.020,-0.141,0.051,0.149,0.495,-0.492,-0.562,-0.444,0.000,0.005,0,1548,23,-17,29,16.640,81.250,305,305,0,0,0
101781,-0.023,0.296,0.680,0.047,0.320,0.051,0.501,-0.496,-0.551,-0.447,0.000,0.005,2482,0,24,-33,28,16.640,81.250,305,305,0,0,0
101881,0.018,0.256,0.340,-0.013,0.137,-0.161,0.504,-0.489,-0.551,-0.451,0.000,0.003,4117,0,23,-21,28,16.640,81.250,305,305,0,0,0
101981,0.074,0.238,0.130,-0.134,-0.087,-0.157,0.500,-0.486,-0.551,-0.458,0.000,0.002,4078,0,19,-13,28,16.640,81.250,305,305,0,0,0
102081,0.115,0.275,-0.030,-0.206,-0.103,-0.058,0.491,-0.490,-0.552,-0.462,0.000,0.002,3578,0,21,-12,28,16.640,81.250,305,305,0,0,0
102181,0.131,0.299,-0.250,-0.253,-0.033,0.033,0.482,-0.497,-0.550,-0.466,0.000,0.003,2933,0,23,-12,29,16.630,81.250,305,305,0,0,0
102281,0.117,0.295,-0.060,-0.112,0.061,0.039,0.479,-0.503,-0.544,-0.470,0.000,0.003,3398,0,20,-20,29,16.630,81.250,305,305,0,0,0
102381,0.127,0.273,-0.130,-0.033,0.103,0.007,0.480,-0.502,-0.542,-0.474,0.000,0.003,3614,0,21,-21,29,16.630,81.250,305,305,0,0,0
102481,0.134,0.227,0.070,-0.054,0.172,0.004,0.482,-0.499,-0.538,-0.479,0.000,0.001,3641,0,24,-22,29,16.610,81.250,305,305,0,0,0
102581,0.129,0.181,0.130,-0.012,0.083,0.000,0.486,-0.497,-0.533,-0.483,0.000,0.001,3702,0,20,-21,29,16.610,81.250,305,305,0,0,0
102681,0.123,0.158,0.070,-0.019,0.042,0.018,0.488,-0.495,-0.530,-0.485,0.000,0.001,3536,0,21,-20,29,16.610,81.250,305,305,0,0,0
102781,0.115,0.152,0.010,-0.014,0.013,0.011,0.489,-0.496,-0.529,-0.486,0.000,0.001,3662,0,20,-21,29,16.610,81.250,305,305,0,0,0
102881,0.110,0.144,0.070,-0.033,-0.001,0.022,0.489,-0.496,-0.527,-0.487,0.000,0.000,3558,0,21,-19,29,16.620,81.250,305,305,0,0,0
102981,0.096,0.147,0.040,-0.019,-0.062,0.028,0.489,-0.498,-0.526,-0.486,0.000,0.001,3504,0,18,-18,29,16.620,81.250,305,305,0,0,0
103081,0.087,0.164,0.000,-0.038,-0.041,0.022,0.487,-0.501,-0.526,-0.485,0.000,0.001,3457,0,20,-18,29,16.620,81.250,305,305,0,0,0
103181,0.077,0.170,-0.020,-0.033,0.006,0.022,0.486,-0.503,-0.525,-0.485,0.000,0.001,3545,0,20,-20,28,16.620,81.250,305,305,0,0,0
103281,0.075,0.168,0.000,0.077,0.033,-0.039,0.487,-0.503,-0.525,-0.485,0.000,0.001,4059,0,17,-23,28,16.620,81.250,305,305,0,0,0
103381,0.093,0.159,0.020,0.178,0.041,-0.078,0.490,-0.497,-0.528,-0.483,0.000,0.001,4368,0,16,-25,28,16.620,81.250,305,305,0,0,0
103481,0.095,0.149,0.000,-0.120,-0.070,0.068,0.492,-0.495,-0.528,-0.483,0.000,0.001,3056,0,21,-11,28,16.620,81.250,305,305,0,0,0
103581,0.058,0.221,0.020,-0.278,-0.486,0.141,0.483,-0.509,-0.527,-0.480,0.000,0.002,2378,0,11,3,28,16.630,81.250,305,305,0,0,0
103681,0.034,0.327,-0.020,-0.019,-0.319,0.014,0.471,-0.523,-0.531,-0.473,0.000,0.005,3660,0,6,-9,28,16.630,81.250,305,305,0,0,0
103781,0.030,0.397,-0.130,-0.009,0.097,0.024,0.465,-0.529,-0.536,-0.466,0.000,0.008,3343,0,20,-20,28,16.630,81.250,305,305,0,0,0
103881,0.013,0.299,-0.160,-0.127,0.507,0.120,0.474,-0.522,-0.524,-0.476,0.000,0.004,1331,0,35,-25,28,16.630,81.250,305,305,0,0,0
103981,-0.070,0.189,-0.130,-0.557,0.099,0.364,0.481,-0.527,-0.503,-0.487,0.000,-0.001,0,3789,32,-1,29,16.630,81.250,305,305,0,0,0
104081,-0.215,0.179,0.110,-0.506,0.183,0.351,0.476,-0.550,-0.476,-0.494,0.000,-0.000,0,3983,32,-14,29,16.630,81.250,305,305,0,0,0
104181,-0.248,0.101,0.120,0.490,0.243,-0.229,0.483,-0.547,-0.466,-0.500,0.000,0.001,4268,0,5,-44,29,16.630,81.250,305,305,0,0,0
104281,-0.091,0.039,-0.280,1.070,-0.080,-0.592,0.501,-0.507,-0.500,-0.492,0.000,0.000,6158,0,-8,-39,28,16.630,81.250,305,305,0,0,0
104381,0.111,0.069,0.140,0.569,-0.132,-0.398,0.508,-0.477,-0.533,-0.480,0.000,-0.000,5530,0,10,-22,28,16.630,81.250,305,305,0,0,0
104481,0.129,0.106,0.110,-0.608,-0.131,0.341,0.503,-0.479,-0.537,-0.478,0.000,-0.000,0,3623,40,8,28,16.630,81.250,305,305,0,0,0
104581,-0.024,0.156,-0.170,-0.936,-0.126,0.547,0.490,-0.512,-0.514,-0.483,0.000,0.001,0,4914,39,8,28,16.630,81.250,305,305,0,0,0
104681,-0.186,0.196,0.050,-0.600,-0.130,0.298,0.477,-0.548,-0.484,-0.489,0.000,-0.000,0,3334,21,-6,28,16.620,81.250,305,305,0,0,0
104781,-0.230,0.208,-0.150,0.110,0.021,-0.058,0.474,-0.555,-0.476,-0.491,0.000,-0.000,2571,0,8,-27,28,16.620,81.250,305,305,0,0,0
104881,-0.155,0.179,-0.380,0.707,0.233,-0.457,0.480,-0.540,-0.489,-0.490,0.000,-0.001,5580,0,2,-46,28,16.620,81.250,305,305,0,0,0
104981,-0.027,0.084,0.210,0.137,0.574,-0.043,0.494,-0.510,-0.504,-0.492,0.000,-0.000,0,650,40,-32,28,16.620,81.250,305,305,0,0,0
105081,-0.062,-0.045,0.070,-0.358,-0.331,0.169,0.502,-0.506,-0.487,-0.504,0.000,-0.000,0,2825,17,6,29,16.640,81.250,305,305,0,0,0
105181,-0.108,0.091,-0.140,-0.032,-0.502,0.041,0.491,-0.522,-0.492,-0.494,0.000,-0.000,1186,0,3,-7,29,16.640,81.250,305,305,0,0,0
105281,-0.126,0.123,-0.230,-0.013,0.503,0.086,0.490,-0.526,-0.494,-0.490,0.000,-0.000,0,2194,38,-37,29,16.640,81.250,305,305,0,0,0
105381,-0.187,0.036,0.170,-0.288,-0.060,0.228,0.497,-0.526,-0.479,-0.497,0.000,0.000,0,4089,24,-6,29,16.640,81.250,305,305,0,0,0
105481,-0.245,0.055,-0.050,0.022,-0.234,0.059,0.496,-0.534,-0.473,-0.495,0.000,0.000,0,2767,8,-14,29,16.630,81.250,305,305,0,0,0
105581,-0.269,0.075,-0.070,-0.010,0.382,0.029,0.495,-0.537,-0.473,-0.492,0.000,0.001,0,2952,33,-33,29,16.630,81.250,305,305,0,0,0
105681,-0.279,-0.004,0.120,-0.097,-0.732,0.036,0.502,-0.532,-0.465,-0.499,0.000,-0.000,0,3446,-5,13,29,16.630,81.250,305,305,0,0,0
105781,-0.269,0.182,-0.120,0.093,0.202,-0.037,0.487,-0.546,-0.482,-0.482,0.000,0.000,0,2949,27,-33,29,16.630,81.250,305,305,0,0,0
105881,-0.276,0.050,-0.050,-0.087,0.050,0.051,0.499,-0.535,-0.471,-0.493,0.000,0.000,0,3952,21,-13,28,16.630,81.250,305,305,0,0,0
105981,-0.291,0.089,0.190,0.057,-0.108,-0.020,0.495,-0.540,-0.472,-0.490,0.000,0.001,0,3318,13,-18,28,16.630,81.250,305,305,0,0,0
106081,-0.284,0.081,-0.130,0.018,0.024,-0.029,0.496,-0.539,-0.473,-0.490,0.000,0.001,0,3514,19,-19,28,16.630,81.250,305,305,0,0,0
106181,-0.243,0.098,-0.110,0.228,-0.197,-0.189,0.495,-0.535,-0.480,-0.489,0.000,0.001,0,1169,5,-18,28,16.630,81.250,305,305,0,0,0
106281,-0.244,0.118,0.020,-0.407,0.250,0.336,0.494,-0.536,-0.482,-0.486,0.000,0.000,0,6398,43,-11,28,16.630,81.290,305,305,0,0,0
106381,-0.347,0.050,0.290,-0.112,0.178,0.060,0.496,-0.546,-0.459,-0.495,0.000,0.001,0,4253,21,-24,28,16.630,81.290,305,305,0,0,0
106481,-0.262,0.052,-0.090,0.551,-0.058,-0.332,0.500,-0.532,-0.474,-0.492,0.000,0.000,2120,0,1,-33,28,16.630,81.290,305,305,0,0,0
106581,-0.165,-0.018,-0.100,0.238,0.284,-0.088,0.510,-0.510,-0.487,-0.492,0.000,-0.000,0,3723,27,-29,28,16.630,81.290,305,305,0,0,0
106681,-0.259,-0.047,0.120,-0.657,0.071,0.376,0.511,-0.521,-0.470,-0.497,0.000,-0.001,0,6598,43,-1,28,16.620,81.250,305,305,0,0,0
106781,-0.397,-0.023,0.210,-0.569,-0.120,0.264,0.501,-0.546,-0.445,-0.503,0.000,-0.000,0,6131,27,-5,28,16.620,81.250,305,305,0,0,0
106881,-0.371,-0.012,-0.430,0.486,-0.167,-0.282,0.500,-0.544,-0.449,-0.502,0.000,-0.000,0,2021,-4,-34,28,16.620,81.250,305,305,0,0,0
106981,-0.283,-0.018,0.100,0.257,0.254,-0.081,0.506,-0.528,-0.467,-0.497,0.000,-0.000,0,5209,33,-31,28,16.620,81.250,305,305,0,0,0
107081,-0.359,-0.094,0.260,-0.547,0.166,0.301,0.511,-0.532,-0.449,-0.505,0.000,-0.002,0,6943,43,-7,28,16.610,81.290,305,305,0,0,0
107181,-0.453,-0.084,0.130,-0.396,-0.096,0.160,0.504,-0.548,-0.430,-0.510,0.000,-0.002,0,6282,25,-11,28,16.610,81.290,305,305,0,0,0
107281,-0.433,-0.051,-0.270,0.346,-0.158,-0.199,0.500,-0.550,-0.435,-0.508,0.000,-0.001,0,4081,3,-31,28,16.610,81.290,305,305,0,0,0
107381,-0.340,-0.056,0.000,0.504,0.160,-0.240,0.507,-0.534,-0.454,-0.503,0.000,-0.001,0,3962,18,-40,28,16.610,81.290,305,305,0,0,0
107481,-0.272,-0.116,0.170,0.243,0.092,-0.098,0.516,-0.516,-0.462,-0.503,0.000,-0.002,0,4810,22,-27,29,16.600,81.290,305,305,0,0,0
107581,-0.225,-0.133,0.100,0.060,-0.057,-0.034,0.518,-0.509,-0.467,-0.504,0.000,-0.002,0,4785,22,-20,29,16.600,81.290,305,305,0,0,0
107681,-0.203,-0.115,0.060,-0.247,-0.028,0.109,0.512,-0.512,-0.467,-0.507,0.000,-0.002,0,5540,31,-14,29,16.600,81.290,305,305,0,0,0
107781,-0.279,-0.109,-0.140,-0.679,-0.023,0.317,0.504,-0.530,-0.448,-0.514,0.000,-0.002,0,6815,41,-2,29,16.600,81.290,305,305,0,0,0
107881,-0.416,-0.051,0.030,-0.717,-0.174,0.299,0.490,-0.556,-0.426,-0.518,0.000,-0.001,0,6748,32,-2,29,16.640,81.250,305,305,0,0,0
107981,-0.465,-0.007,-0.050,-0.052,-0.148,-0.033,0.481,-0.571,-0.416,-0.520,0.000,-0.000,0,5101,12,-22,29,16.640,81.250,305,305,0,0,0
108081,-0.406,0.015,-0.280,0.414,-0.014,-0.173,0.483,-0.563,-0.431,-0.514,0.000,0.000,0,4543,9,-33,29,16.640,81.250,305,305,0,0,0
108181,-0.355,-0.016,0.000,0.340,0.157,-0.124,0.492,-0.548,-0.443,-0.511,0.000,-0.000,0,4791,20,-32,29,16.640,81.250,305,305,0,0,0
108281,-0.306,-0.056,0.150,0.278,0.042,-0.130,0.499,-0.536,-0.450,-0.510,0.000,-0.001,0,4545,18,-27,28,16.630,81.250,305,305,0,0,0
108381,-0.259,-0.062,0.000,0.150,-0.070,-0.076,0.503,-0.528,-0.460,-0.507,0.000,-0.001,0,4819,19,-20,28,16.630,81.250,305,305,0,0,0
108481,-0.260,-0.044,0.020,-0.070,-0.021,0.026,0.502,-0.529,-0.461,-0.505,0.000,-0.001,0,5288,25,-18,28,16.630,81.250,305,305,0,0,0
108581,-0.290,-0.034,0.060,-0.250,-0.011,0.139,0.499,-0.536,-0.455,-0.506,0.000,-0.000,0,5980,29,-14,28,16.630,81.250,305,305,0,0,0
108681,-0.348,-0.021,-0.010,-0.257,-0.038,0.120,0.495,-0.545,-0.446,-0.508,0.000,-0.000,0,5887,26,-14,28,16.630,81.250,305,305,0,0,0
108781,-0.357,0.007,-0.120,0.064,-0.081,-0.049,0.492,-0.550,-0.446,-0.507,0.000,0.000,0,4908,15,-23,28,16.630,81.250,305,305,0,0,0
108881,-0.341,0.001,0.010,0.058,0.076,-0.011,0.494,-0.546,-0.449,-0.506,0.000,0.000,0,5350,23,-24,28,16.630,81.250,305,305,0,0,0
108981,-0.348,-0.016,0.160,-0.008,0.004,0.018,0.496,-0.545,-0.447,-0.507,0.000,-0.000,0,5476,22,-20,28,16.610,81.250,305,305,0,0,0
109081,-0.350,-0.006,-0.010,0.003,-0.048,-0.011,0.495,-0.546,-0.448,-0.506,0.000,-0.000,0,5304,20,-19,28,16.610,81.250,305,305,0,0,0
109181,-0.350,0.011,-0.020,-0.001,-0.027,0.000,0.494,-0.548,-0.449,-0.505,0.000,0.000,0,5422,21,-19,28,16.610,81.250,305,305,0,0,0
109281,-0.356,0.014,0.000,-0.031,0.014,0.022,0.493,-0.549,-0.449,-0.504,0.000,0.000,0,5554,23,-19,28,16.610,81.250,305,305,0,0,0
109381,-0.361,0.014,0.040,0.011,0.012,0.000,0.494,-0.549,-0.448,-0.504,0.000,0.000,0,5429,21,-21,28,16.640,81.250,305,305,0,0,0
109481,-0.364,0.013,0.040,0.004,0.006,0.000,0.494,-0.549,-0.448,-0.504,0.000,0.000,0,5426,21,-20,28,16.640,81.250,305,305,0,0,0
109581,-0.362,0.015,-0.010,0.016,-0.020,-0.014,0.494,-0.549,-0.448,-0.504,0.000,0.000,0,5344,20,-20,28,16.640,81.250,305,305,0,0,0
109681,-0.361,0.023,0.000,0.002,0.001,0.000,0.493,-0.550,-0.449,-0.503,0.000,0.000,0,5452,21,-20,28,16.640,81.250,305,305,0,0,0
109781,-0.368,0.022,0.000,-0.003,0.021,0.019,0.493,-0.550,-0.448,-0.503,0.000,0.000,0,5562,22,-20,29,16.630,81.250,305,305,0,0,0
109881,-0.382,0.014,0.010,-0.090,0.060,0.070,0.494,-0.551,-0.446,-0.504,0.000,0.000,0,5908,26,-19,29,16.630,81.250,305,305,0,0,0
109981,-0.405,0.005,0.030,-0.119,0.011,0.070,0.493,-0.554,-0.441,-0.506,0.000,0.000,0,5934,24,-17,29,16.630,81.250,305,305,0,0,0
110081,-0.444,0.016,0.030,-0.209,-0.091,0.112,0.491,-0.561,-0.434,-0.506,0.000,0.000,0,6233,23,-12,29,16.620,81.250,305,305,0,0,0
110181,-0.471,0.049,-0.010,-0.030,-0.063,0.008,0.487,-0.567,-0.432,-0.504,0.000,0.001,0,5699,18,-19,29,16.620,81.250,305,305,0,0,0
110281,-0.471,0.053,0.000,0.058,0.039,-0.027,0.487,-0.567,-0.432,-0.504,0.000,0.001,0,5652,20,-22,29,16.620,81.250,305,305,0,0,0
110381,-0.461,0.045,0.120,0.043,0.024,-0.024,0.489,-0.565,-0.434,-0.503,0.000,0.001,0,5666,20,-20,29,16.620,81.250,305,305,0,0,0
110481,-0.425,-0.005,-0.190,0.273,0.378,-0.164,0.494,-0.556,-0.436,-0.507,0.000,-0.000,0,4623,25,-40,28,16.610,81.250,305,305,0,0,0
110581,-0.385,-0.089,0.020,0.117,0.413,-0.059,0.502,-0.542,-0.437,-0.513,0.000,-0.002,0,5364,33,-35,28,16.610,81.250,305,305,0,0,0
110681,-0.362,-0.216,0.020,0.082,0.243,-0.036,0.513,-0.527,-0.431,-0.523,0.000,-0.006,0,5330,29,-30,28,16.610,81.250,305,305,0,0,0
110781,-0.344,-0.300,0.070,0.042,0.168,-0.020,0.520,-0.517,-0.427,-0.529,0.000,-0.009,0,5333,30,-29,28,16.620,81.250,305,305,0,0,0
110881,-0.342,-0.302,0.050,-0.001,-0.057,-0.001,0.520,-0.517,-0.427,-0.529,0.000,-0.009,0,5341,26,-25,28,16.620,81.250,305,305,0,0,0
110981,-0.342,-0.235,0.040,-0.014,-0.580,0.002,0.515,-0.523,-0.433,-0.524,0.000,-0.006,0,5380,10,-8,28,16.620,81.250,305,305,0,0,0
111081,-0.344,-0.019,0.020,-0.021,-0.832,-0.011,0.498,-0.542,-0.450,-0.505,0.000,-0.000,0,5267,3,-1,28,16.620,81.250,305,305,0,0,0
111181,-0.334,0.178,-0.200,-0.026,-0.442,-0.019,0.482,-0.558,-0.467,-0.488,0.000,0.001,0,5240,12,-9,28,16.630,81.250,305,305,0,0,0
111281,-0.325,0.227,-0.230,0.002,-0.011,-0.013,0.478,-0.562,-0.471,-0.484,0.000,0.000,0,5300,19,-18,28,16.630,81.250,305,305,0,0,0
111381,-0.336,0.230,-0.030,-0.032,0.250,0.053,0.478,-0.563,-0.470,-0.483,0.000,0.001,0,5677,25,-22,28,16.630,81.250,305,305,0,0,0
111481,-0.355,0.140,-0.110,0.044,0.509,0.007,0.486,-0.557,-0.461,-0.491,0.000,0.001,0,5389,30,-32,28,16.630,81.250,305,305,0,0,0
111581,-0.356,0.052,0.330,-0.003,-0.161,0.004,0.493,-0.549,-0.455,-0.498,0.000,0.001,0,5412,12,-10,29,16.620,81.250,305,305,0,0,0
111681,-0.356,0.143,0.010,-0.053,-0.384,0.007,0.486,-0.558,-0.464,-0.488,0.000,0.001,0,5453,10,-5,29,16.620,81.250,305,305,0,0,0
111781,-0.353,0.213,-0.270,0.013,-0.226,-0.011,0.480,-0.563,-0.468,-0.484,0.000,0.001,0,5334,10,-11,29,16.620,81.250,305,305,0,0,0
111881,-0.378,0.268,0.010,-0.193,0.053,0.162,0.475,-0.571,-0.467,-0.479,0.000,0.001,0,6365,25,-12,29,16.620,81.250,305,305,0,0,0
111981,-0.419,0.231,-0.020,-0.029,0.191,0.051,0.477,-0.574,-0.458,-0.484,0.000,0.001,0,5720,21,-21,29,16.630,81.250,305,305,0,0,0
112081,-0.437,0.085,-0.320,-0.110,0.634,0.179,0.491,-0.562,-0.443,-0.498,0.000,0.001,0,6711,43,-27,29,16.630,81.250,305,305,0,0,0
112181,-0.543,-0.045,-0.190,-0.667,0.321,0.379,0.495,-0.566,-0.415,-0.512,0.000,-0.001,0,7698,46,-7,29,16.630,81.250,305,305,0,0,0
112281,-0.712,-0.089,0.170,-0.739,0.363,0.363,0.488,-0.586,-0.376,-0.526,0.000,-0.003,0,7788,47,-15,28,16.620,81.250,305,305,0,0,0
112381,-0.729,-0.166,0.270,0.501,0.090,-0.233,0.491,-0.582,-0.365,-0.535,0.000,-0.006,0,4850,3,-45,28,16.620,81.250,305,305,0,0,0
112481,-0.556,-0.181,-0.310,1.051,0.011,-0.439,0.507,-0.551,-0.407,-0.522,0.000,-0.006,0,3397,3,-50,28,16.620,81.250,305,305,0,0,0
112581,-0.463,-0.266,-0.230,-0.128,0.317,0.147,0.521,-0.530,-0.418,-0.523,0.000,-0.009,0,7124,51,-20,28,16.620,81.250,305,305,0,0,0
112681,-0.603,-0.224,0.210,-0.752,-0.221,0.286,0.510,-0.554,-0.394,-0.527,0.000,-0.008,0,7451,39,2,29,16.630,81.250,305,305,0,0,0
112781,-0.700,-0.092,0.010,-0.450,-0.463,0.150,0.491,-0.583,-0.381,-0.523,0.000,-0.003,0,6985,19,-3,29,16.630,81.250,305,305,0,0,0
112881,-0.700,0.028,0.000,0.220,-0.260,-0.157,0.481,-0.595,-0.388,-0.514,0.000,0.001,0,5485,7,-26,29,16.630,81.250,305,305,0,0,0
112981,-0.597,0.022,-0.250,0.638,-0.056,-0.309,0.488,-0.579,-0.410,-0.508,0.000,0.001,0,4623,5,-35,29,16.630,81.250,305,305,0,0,0
113081,-0.488,-0.032,-0.040,0.476,0.240,-0.228,0.499,-0.557,-0.429,-0.506,0.000,-0.001,0,4956,22,-37,28,16.620,81.250,305,305,0,0,0
113181,-0.463,-0.070,0.080,-0.124,-0.046,0.074,0.504,-0.549,-0.432,-0.507,0.000,-0.002,0,6472,29,-11,28,16.620,81.250,305,305,0,0,0
113281,-0.515,-0.023,0.050,-0.401,-0.136,0.164,0.497,-0.562,-0.424,-0.507,0.000,-0.001,0,6760,30,-6,28,16.620,81.250,305,305,0,0,0
113381,-0.582,0.040,0.090,-0.464,-0.208,0.178,0.485,-0.581,-0.411,-0.508,0.000,0.001,0,6852,26,-4,28,16.620,81.250,305,305,0,0,0
113481,-0.582,0.092,-0.240,0.349,-0.178,-0.213,0.480,-0.586,-0.414,-0.504,0.000,0.002,0,4743,2,-28,29,16.610,81.250,305,305,0,0,0
113581,-0.467,0.088,-0.380,0.670,0.111,-0.323,0.489,-0.567,-0.440,-0.497,0.000,0.001,0,4064,9,-39,29,16.610,81.250,305,305,0,0,0
113681,-0.433,0.015,0.080,-0.128,0.297,0.126,0.499,-0.553,-0.444,-0.499,0.000,0.000,0,6740,39,-19,29,16.610,81.250,305,305,0,0,0
113781,-0.515,-0.031,0.220,-0.388,-0.098,0.192,0.498,-0.561,-0.425,-0.507,0.000,-0.001,0,6792,26,-5,29,16.610,81.250,305,305,0,0,0
113881,-0.542,0.077,-0.040,-0.033,-0.323,-0.022,0.487,-0.576,-0.426,-0.500,0.000,0.001,0,5726,10,-12,28,16.620,81.250,305,305,0,0,0
113981,-0.546,0.127,-0.140,-0.122,0.082,0.077,0.483,-0.581,-0.429,-0.495,0.000,0.002,0,6491,30,-20,28,16.620,81.250,305,305,0,0,0
114081,-0.573,0.088,0.020,0.027,0.091,-0.008,0.485,-0.581,-0.421,-0.500,0.000,0.002,0,5951,19,-23,28,16.620,81.250,305,305,0,0,0
114181,-0.538,0.079,-0.030,0.426,0.001,-0.198,0.489,-0.574,-0.429,-0.498,0.000,0.001,0,4905,7,-31,28,16.620,81.250,305,305,0,0,0
114281,-0.486,0.042,-0.060,-0.047,0.174,0.063,0.495,-0.562,-0.437,-0.498,0.000,0.001,0,6596,33,-18,29,16.630,81.250,305,305,0,0,0
114381,-0.556,0.022,0.300,-0.308,0.066,0.116,0.492,-0.572,-0.421,-0.504,0.000,0.000,0,6165,25,-16,29,16.630,81.250,305,305,0,0,0
114481,-0.528,0.055,-0.060,0.180,-0.220,-0.121,0.488,-0.573,-0.426,-0.502,0.000,0.001,0,5262,6,-19,29,16.630,81.250,305,305,0,0,0
114581,-0.506,0.070,-0.090,0.071,0.038,-0.009,0.489,-0.570,-0.432,-0.499,0.000,0.001,0,6024,21,-21,29,16.630,81.250,305,305,0,0,0
114681,-0.506,0.053,0.100,-0.023,0.059,0.024,0.491,-0.568,-0.431,-0.500,0.000,0.001,0,6092,23,-19,29,16.640,81.250,305,305,0,0,0
114781,-0.505,0.040,0.050,0.059,-0.013,-0.044,0.492,-0.567,-0.431,-0.501,0.000,0.001,0,5641,18,-20,29,16.640,81.250,305,305,0,0,0
114881,-0.486,0.035,-0.090,0.123,0.063,-0.070,0.493,-0.564,-0.434,-0.501,0.000,0.001,0,5514,19,-24,29,16.640,81.250,305,305,0,0,0
114981,-0.454,0.004,0.000,0.231,0.108,-0.114,0.497,-0.556,-0.438,-0.502,0.000,0.000,0,5186,18,-28,29,16.640,81.250,305,305,0,0,0
115081,-0.407,-0.042,0.090,0.248,0.090,-0.123,0.504,-0.544,-0.444,-0.503,0.000,-0.001,0,4995,18,-28,28,16.640,81.250,305,305,0,0,0
115181,-0.331,-0.067,0.040,0.267,-0.024,-0.192,0.508,-0.531,-0.456,-0.502,0.000,-0.001,0,4558,17,-25,28,16.640,81.250,305,305,0,0,0
115281,-0.251,-0.081,0.390,0.362,0.026,-0.296,0.511,-0.519,-0.466,-0.502,0.000,-0.001,0,2697,14,-31,28,16.640,81.250,305,305,0,0,0
115381,-0.110,-0.085,0.080,0.519,-0.117,-0.323,0.515,-0.499,-0.487,-0.499,0.000,0.000,0,1646,7,-30,28,16.640,81.250,305,305,0,0,0
115481,0.002,-0.035,0.230,0.431,-0.134,-0.270,0.514,-0.485,-0.509,-0.491,0.000,0.000,0,705,10,-27,29,16.640,81.250,305,305,0,0,0
115581,0.119,0.004,-0.250,0.360,-0.153,-0.273,0.514,-0.469,-0.531,-0.484,0.000,-0.000,1657,0,11,-23,29,16.640,81.250,305,305,0,0,0
115681,0.196,0.053,-0.340,0.387,-0.143,-0.152,0.515,-0.458,-0.547,-0.476,0.000,-0.000,1463,0,8,-24,29,16.640,81.250,305,305,0,0,0
115781,0.237,0.099,-0.200,0.497,0.040,-0.142,0.518,-0.448,-0.562,-0.464,0.000,-0.001,2661,0,8,-33,29,16.640,81.250,305,305,0,0,0
115881,0.269,0.081,-0.130,0.634,0.082,-0.048,0.529,-0.429,-0.574,-0.454,0.000,-0.001,1655,0,5,-37,29,16.630,81.250,305,305,0,0,0
115981,0.344,0.053,0.040,0.803,0.113,-0.304,0.546,-0.396,-0.593,-0.439,0.000,-0.001,5002,0,3,-36,29,16.630,81.250,305,305,0,0,0
116081,0.466,0.057,-0.220,0.556,0.117,-0.358,0.552,-0.371,-0.610,-0.431,0.000,-0.001,5779,0,11,-34,29,16.630,81.250,305,305,0,0,0
116181,0.572,0.050,-0.120,0.560,0.051,-0.247,0.558,-0.346,-0.623,-0.425,0.000,-0.001,5668,0,7,-33,29,16.630,81.250,305,305,0,0,0
116281,0.649,0.077,0.140,0.561,-0.044,-0.219,0.562,-0.326,-0.638,-0.414,0.000,-0.002,6130,0,4,-31,29,16.640,81.250,305,305,0,0,0
116381,0.729,0.088,0.220,0.408,0.043,-0.194,0.566,-0.304,-0.650,-0.406,0.000,-0.002,6562,0,10,-29,29,16.640,81.250,305,305,0,0,0
116481,0.769,0.099,0.170,0.213,-0.030,-0.066,0.568,-0.294,-0.656,-0.401,0.000,-0.003,6254,0,12,-22,29,16.640,81.250,305,305,0,0,0
116581,0.762,0.100,0.190,0.108,0.082,0.017,0.571,-0.290,-0.658,-0.396,0.000,-0.003,6236,0,17,-25,29,16.640,81.250,305,305,0,0,0
116681,0.754,0.106,0.060,0.038,-0.060,-0.017,0.570,-0.292,-0.658,-0.396,0.000,-0.003,6705,0,13,-20,29,16.610,81.250,305,305,0,0,0
116781,0.767,0.121,-0.140,0.088,-0.091,-0.004,0.570,-0.289,-0.661,-0.393,0.000,-0.004,6722,0,10,-19,29,16.610,81.250,305,305,0,0,0
116881,0.761,0.159,-0.130,0.090,-0.079,0.053,0.567,-0.290,-0.665,-0.389,0.000,-0.004,6422,0,10,-20,29,16.610,81.250,305,305,0,0,0
116981,0.738,0.190,0.000,0.064,-0.081,0.052,0.566,-0.292,-0.668,-0.385,0.000,-0.005,6483,0,10,-19,29,16.620,81.250,305,305,0,0,0
117081,0.732,0.214,0.010,0.010,-0.094,-0.008,0.564,-0.293,-0.671,-0.382,0.000,-0.005,6731,0,10,-16,29,16.620,81.250,305,305,0,0,0
117181,0.723,0.239,-0.010,-0.079,-0.149,0.056,0.561,-0.297,-0.672,-0.382,0.000,-0.005,6346,0,10,-11,29,16.620,81.250,305,305,0,0,0
117281,0.719,0.265,-0.170,0.052,-0.063,-0.052,0.557,-0.300,-0.674,-0.381,0.000,-0.006,6950,0,7,-18,29,16.620,81.250,305,305,0,0,0
117381,0.743,0.272,-0.230,0.100,0.119,-0.053,0.557,-0.296,-0.677,-0.380,0.000,-0.006,6919,0,12,-24,28,16.630,81.250,305,305,0,0,0
117481,0.759,0.231,-0.150,0.060,0.166,0.000,0.562,-0.290,-0.674,-0.382,0.000,-0.006,6666,0,14,-23,28,16.630,81.250,305,305,0,0,0
117581,0.753,0.202,0.030,0.000,0.011,0.070,0.566,-0.288,-0.672,-0.382,0.000,-0.005,6325,0,11,-16,28,16.630,81.250,305,305,0,0,0
117681,0.715,0.198,0.140,-0.067,0.041,0.076,0.568,-0.292,-0.669,-0.380,0.000,-0.005,6318,0,15,-17,28,16.630,81.250,305,305,0,0,0
117781,0.685,0.180,0.040,-0.084,0.099,-0.022,0.570,-0.296,-0.665,-0.382,0.000,-0.004,6727,0,16,-19,29,16.630,81.250,305,305,0,0,0
117881,0.701,0.152,-0.200,0.034,0.061,0.013,0.572,-0.292,-0.663,-0.384,0.000,-0.004,6391,0,12,-21,29,16.630,81.250,305,305,0,0,0
117981,0.681,0.137,0.120,-0.014,0.051,0.117,0.575,-0.293,-0.661,-0.383,0.000,-0.003,5896,0,15,-19,29,16.630,81.250,305,305,0,0,0
118081,0.634,0.123,0.280,0.046,-0.014,0.067,0.579,-0.295,-0.659,-0.379,0.000,-0.003,6135,0,11,-19,29,16.610,81.250,305,305,0,0,0
118181,0.619,0.135,0.090,-0.013,-0.084,-0.031,0.579,-0.297,-0.659,-0.378,0.000,-0.003,6568,0,10,-16,29,16.610,81.250,305,305,0,0,0
118281,0.631,0.163,-0.190,-0.026,-0.070,-0.008,0.574,-0.299,-0.662,-0.378,0.000,-0.003,6338,0,11,-16,29,16.610,81.250,305,305,0,0,0
118381,0.631,0.177,-0.100,-0.016,0.003,0.037,0.573,-0.300,-0.663,-0.378,0.000,-0.004,6152,0,12,-18,29,16.610,81.250,305,305,0,0,0
118481,0.630,0.174,-0.040,-0.006,0.008,0.008,0.573,-0.300,-0.663,-0.378,0.000,-0.004,6329,0,12,-18,29,16.630,81.250,305,305,0,0,0
118581,0.631,0.167,0.010,0.011,-0.012,0.007,0.574,-0.299,-0.662,-0.378,0.000,-0.004,6336,0,10,-17,29,16.630,81.250,305,305,0,0,0
118681,0.633,0.167,0.020,0.002,-0.056,0.008,0.574,-0.299,-0.662,-0.378,0.000,-0.004,6328,0,9,-15,29,16.630,81.250,305,305,0,0,0
118781,0.633,0.181,-0.040,0.004,-0.037,0.001,0.572,-0.300,-0.663,-0.378,0.000,-0.004,6356,0,10,-16,29,16.620,81.250,305,305,0,0,0
118881,0.633,0.187,0.010,-0.008,0.017,0.023,0.572,-0.300,-0.664,-0.377,0.000,-0.004,6216,0,11,-17,29,16.620,81.250,305,305,0,0,0
118981,0.624,0.184,0.040,0.016,-0.002,0.000,0.572,-0.301,-0.664,-0.377,0.000,-0.004,6369,0,10,-17,29,16.620,81.250,305,305,0,0,0
119081,0.626,0.185,0.010,0.002,0.000,-0.022,0.572,-0.301,-0.664,-0.377,0.000,-0.004,6491,0,10,-17,29,16.620,81.250,305,305,0,0,0
119181,0.640,0.186,-0.030,0.016,-0.026,-0.038,0.571,-0.299,-0.664,-0.378,0.000,-0.004,6534,0,9,-16,29,16.610,81.250,305,305,0,0,0
119281,0.655,0.192,0.010,-0.019,-0.029,0.024,0.570,-0.298,-0.666,-0.378,0.000,-0.004,6218,0,10,-14,29,16.610,81.250,305,305,0,0,0
119381,0.637,0.203,0.000,-0.004,-0.048,0.046,0.570,-0.301,-0.666,-0.377,0.000,-0.004,6186,0,8,-15,29,16.610,81.250,305,305,0,0,0
119481,0.635,0.217,0.020,0.000,0.002,-0.057,0.568,-0.302,-0.667,-0.375,0.000,-0.004,6643,0,10,-16,29,16.610,81.250,305,305,0,0,0
119581,0.652,0.212,-0.040,0.001,0.023,-0.029,0.568,-0.300,-0.667,-0.377,0.000,-0.004,6504,0,9,-16,29,16.620,81.250,305,305,0,0,0
119681,0.666,0.204,0.000,0.064,0.017,-0.043,0.569,-0.298,-0.667,-0.378,0.000,-0.004,6646,0,7,-18,29,16.620,81.250,305,305,0,0,0
119781,0.680,0.202,0.000,0.009,-0.047,0.028,0.569,-0.295,-0.668,-0.378,0.000,-0.004,6315,0,8,-13,29,16.620,81.250,305,305,0,0,0
119881,0.662,0.211,0.020,0.026,-0.013,0.016,0.569,-0.297,-0.669,-0.376,0.000,-0.004,6435,0,7,-16,29,16.620,81.250,305,305,0,0,0
119981,0.660,0.218,-0.040,-0.006,-0.016,-0.018,0.568,-0.297,-0.669,-0.375,0.000,-0.005,6543,0,8,-14,29,16.620,81.250,305,305,0,0,0
120081,0.664,0.223,-0.030,-0.007,-0.013,0.011,0.568,-0.297,-0.670,-0.375,0.000,-0.005,6362,0,8,-14,29,16.620,81.250,305,305,0,0,0
120181,0.662,0.222,-0.030,0.006,0.021,0.002,0.568,-0.297,-0.670,-0.375,0.000,-0.005,6437,0,8,-15,29,16.620,81.250,305,305,0,0,0
120281,0.663,0.213,0.050,-0.013,0.000,0.013,0.569,-0.296,-0.669,-0.375,0.000,-0.005,6341,0,7,-13,29,16.620,81.250,305,305,0,0,0
120381,0.660,0.216,-0.020,0.021,0.000,-0.012,0.569,-0.297,-0.669,-0.375,0.000,-0.005,6517,0,7,-15,29,16.620,81.250,305,305,0,0,0
120481,0.666,0.222,-0.070,0.006,-0.034,0.012,0.568,-0.296,-0.670,-0.374,0.000,-0.005,6369,0,6,-13,29,16.620,81.250,305,305,0,0,0
120581,0.658,0.226,-0.050,0.033,0.030,0.009,0.568,-0.296,-0.671,-0.373,0.000,-0.005,6406,0,7,-16,29,16.620,81.250,305,305,0,0,0
120681,0.652,0.217,0.080,0.006,-0.008,0.011,0.570,-0.296,-0.670,-0.373,0.000,-0.004,6360,0,6,-12,29,16.620,81.250,305,305,0,0,0
120781,0.646,0.223,-0.020,-0.002,-0.013,0.001,0.569,-0.297,-0.670,-0.372,0.000,-0.005,6416,0,6,-13,29,16.620,81.250,305,305,0,0,0
120881,0.645,0.224,-0.040,-0.006,0.004,0.000,0.569,-0.297,-0.670,-0.372,0.000,-0.005,6389,0,7,-13,29,16.620,81.250,305,305,0,0,0
120981,0.646,0.222,-0.050,-0.001,0.012,0.013,0.569,-0.297,-0.670,-0.373,0.000,-0.005,6329,0,7,-13,29,16.620,81.250,305,305,0,0,0
121081,0.641,0.217,0.000,0.009,0.038,0.003,0.570,-0.297,-0.669,-0.372,0.000,-0.004,6404,0,7,-14,29,16.610,81.250,305,305,0,0,0
121181,0.642,0.214,0.010,0.016,-0.003,-0.011,0.571,-0.297,-0.669,-0.372,0.000,-0.004,6437,0,6,-13,29,16.610,81.250,305,305,0,0,0
121281,0.634,0.214,0.000,-0.014,0.003,0.026,0.571,-0.298,-0.669,-0.372,0.000,-0.004,6234,0,7,-12,29,16.610,81.250,305,305,0,0,0
121381,0.627,0.213,0.000,-0.009,0.004,0.012,0.571,-0.298,-0.668,-0.372,0.000,-0.004,6294,0,6,-13,29,16.610,81.250,305,305,0,0,0
121481,0.626,0.212,0.000,0.011,-0.003,-0.006,0.571,-0.298,-0.668,-0.372,0.000,-0.004,6322,0,5,-12,29,16.620,81.250,305,305,0,0,0
121581,0.626,0.216,-0.020,0.003,0.007,-0.002,0.571,-0.298,-0.669,-0.372,0.000,-0.004,6349,0,6,-13,29,16.620,81.250,305,305,0,0,0
121681,0.621,0.217,0.010,-0.009,0.007,0.021,0.571,-0.299,-0.668,-0.371,0.000,-0.004,6215,0,6,-12,29,16.620,81.250,305,305,0,0,0
121781,0.618,0.213,0.020,0.008,0.008,-0.009,0.572,-0.299,-0.668,-0.371,0.000,-0.004,6369,0,5,-12,29,16.620,81.250,305,305,0,0,0
121881,0.623,0.214,-0.010,0.000,-0.011,0.010,0.571,-0.298,-0.668,-0.371,0.000,-0.004,6233,0,5,-11,29,16.620,81.250,305,305,0,0,0
121981,0.618,0.214,0.040,-0.010,0.016,0.013,0.571,-0.299,-0.668,-0.371,0.000,-0.004,6243,0,6,-12,29,16.620,81.250,305,305,0,0,0
122081,0.618,0.220,-0.080,0.000,-0.023,-0.003,0.571,-0.300,-0.668,-0.371,0.000,-0.004,6329,0,4,-11,29,16.620,81.250,305,305,0,0,0
122181,0.622,0.226,-0.060,0.006,-0.002,-0.009,0.570,-0.300,-0.669,-0.371,0.000,-0.004,6346,0,4,-12,29,16.620,81.250,305,305,0,0,0
122281,0.620,0.225,-0.060,-0.038,0.003,0.040,0.570,-0.300,-0.669,-0.371,0.000,-0.004,6073,0,6,-10,29,16.620,81.250,305,305,0,0,0
122381,0.613,0.217,0.070,-0.006,0.024,0.007,0.571,-0.300,-0.668,-0.371,0.000,-0.004,6282,0,5,-11,29,16.620,81.250,305,305,0,0,0
122481,0.619,0.211,0.090,0.008,0.000,-0.027,0.572,-0.299,-0.668,-0.372,0.000,-0.004,6446,0,4,-11,29,16.620,81.250,305,305,0,0,0
122581,0.623,0.213,0.050,-0.010,-0.037,0.002,0.571,-0.299,-0.668,-0.372,0.000,-0.004,6282,0,3,-9,29,16.620,81.250,305,305,0,0,0
122681,0.621,0.221,0.050,0.012,-0.047,0.004,0.570,-0.299,-0.669,-0.371,0.000,-0.004,6296,0,2,-9,29,16.620,81.250,305,305,0,0,0
122781,0.620,0.236,-0.070,-0.007,-0.053,-0.001,0.569,-0.300,-0.670,-0.370,0.000,-0.004,6336,0,2,-8,29,16.630,81.250,305,305,0,0,0
122881,0.628,0.246,-0.170,0.013,-0.019,-0.013,0.567,-0.300,-0.671,-0.370,0.000,-0.005,6388,0,2,-10,29,16.630,81.250,305,305,0,0,0
122981,0.628,0.250,-0.030,-0.003,0.033,0.023,0.567,-0.300,-0.672,-0.370,0.000,-0.005,6196,0,4,-10,29,16.630,81.250,305,305,0,0,0
123081,0.625,0.234,0.000,-0.003,0.059,-0.008,0.569,-0.299,-0.670,-0.370,0.000,-0.004,6371,0,4,-11,29,16.630,81.250,305,305,0,0,0
123181,0.624,0.215,0.050,-0.016,0.061,0.026,0.571,-0.299,-0.668,-0.371,0.000,-0.004,6169,0,5,-11,29,16.620,81.250,305,305,0,0,0
123281,0.616,0.207,0.040,-0.013,-0.003,0.017,0.572,-0.300,-0.667,-0.372,0.000,-0.004,6246,0,3,-9,29,16.620,81.250,305,305,0,0,0
123381,0.615,0.208,0.000,0.000,-0.014,0.003,0.572,-0.300,-0.667,-0.372,0.000,-0.004,6289,0,2,-9,29,16.620,81.250,305,305,0,0,0
123481,0.615,0.209,0.040,-0.004,0.026,-0.008,0.572,-0.300,-0.667,-0.372,0.000,-0.004,6334,0,4,-10,29,16.620,81.250,305,305,0,0,0
123581,0.616,0.202,0.120,0.001,-0.014,0.001,0.573,-0.299,-0.667,-0.372,0.000,-0.004,6270,0,2,-9,29,16.620,81.250,305,305,0,0,0
123681,0.615,0.213,0.030,0.000,-0.070,0.004,0.571,-0.300,-0.667,-0.372,0.000,-0.004,6285,0,0,-7,29,16.620,81.250,305,305,0,0,0
123781,0.620,0.231,-0.050,0.003,-0.023,-0.046,0.569,-0.301,-0.669,-0.371,0.000,-0.004,6550,0,1,-9,29,16.620,81.250,305,305,0,0,0
123881,0.629,0.234,0.000,-0.012,0.000,0.000,0.568,-0.300,-0.670,-0.372,0.000,-0.004,6292,0,2,-8,29,16.620,81.250,305,305,0,0,0
123981,0.631,0.233,0.000,0.002,-0.019,-0.004,0.568,-0.300,-0.670,-0.372,0.000,-0.005,6350,0,1,-8,29,16.620,81.250,305,305,0,0,0
124081,0.636,0.238,-0.100,0.011,-0.002,-0.027,0.567,-0.300,-0.671,-0.372,0.000,-0.005,6503,0,1,-9,29,16.620,81.250,305,305,0,0,0
124181,0.643,0.231,-0.090,0.019,0.079,0.007,0.568,-0.299,-0.670,-0.373,0.000,-0.005,6331,0,3,-11,29,16.620,81.250,305,305,0,0,0
124281,0.641,0.219,0.030,0.012,0.046,0.007,0.570,-0.297,-0.669,-0.372,0.000,-0.004,6351,0,2,-9,29,16.620,81.250,305,305,0,0,0
124381,0.644,0.212,0.110,0.026,0.004,-0.031,0.571,-0.296,-0.669,-0.372,0.000,-0.004,6537,0,1,-8,29,16.620,81.250,305,305,0,0,0
124481,0.654,0.214,0.010,0.018,-0.023,-0.034,0.570,-0.295,-0.670,-0.373,0.000,-0.004,6562,0,0,-7,29,16.620,81.250,305,305,0,0,0
124581,0.660,0.219,-0.040,-0.010,-0.020,0.010,0.570,-0.295,-0.671,-0.373,0.000,-0.005,6341,0,1,-7,29,16.620,81.250,305,305,0,0,0
124681,0.653,0.225,0.000,-0.007,-0.010,0.013,0.569,-0.296,-0.671,-0.372,0.000,-0.005,6356,0,1,-7,29,16.620,81.250,305,305,0,0,0
124781,0.658,0.230,0.000,0.001,-0.010,-0.022,0.568,-0.296,-0.672,-0.372,0.000,-0.005,6546,0,0,-7,29,16.620,81.250,305,305,0,0,0
124881,0.661,0.237,-0.100,0.012,-0.003,-0.009,0.568,-0.296,-0.672,-0.372,0.000,-0.005,6465,0,0,-7,29,16.620,81.250,305,305,0,0,0
124981,0.658,0.235,0.040,-0.009,0.007,0.011,0.568,-0.296,-0.672,-0.372,0.000,-0.005,6376,0,0,-7,29,16.620,81.250,305,305,0,0,0
125081,0.658,0.235,0.020,0.000,-0.007,-0.001,0.568,-0.296,-0.672,-0.372,0.000,-0.005,6425,0,-1,-6,29,16.620,81.250,305,305,0,0,0
125181,0.656,0.236,-0.030,-0.021,-0.019,0.018,0.568,-0.296,-0.672,-0.372,0.000,-0.005,6324,0,-1,-5,29,16.620,81.250,305,305,0,0,0
125281,0.655,0.238,-0.060,-0.021,0.007,0.003,0.567,-0.297,-0.672,-0.372,0.000,-0.005,6416,0,0,-6,29,16.620,81.250,305,305,0,0,0
125381,0.655,0.235,0.000,-0.006,0.018,0.010,0.568,-0.297,-0.672,-0.372,0.000,-0.005,6378,0,0,-7,29,16.620,81.250,305,305,0,0,0
125481,0.654,0.234,0.020,0.003,0.002,0.002,0.568,-0.297,-0.671,-0.372,0.000,-0.005,6417,0,-1,-6,29,16.630,81.250,305,305,0,0,0
125581,0.649,0.236,-0.030,-0.004,-0.020,0.014,0.568,-0.298,-0.671,-0.372,0.000,-0.005,6338,0,-2,-5,29,16.630,81.250,305,305,0,0,0
125681,0.644,0.237,0.000,0.009,0.000,0.010,0.568,-0.298,-0.671,-0.372,0.000,-0.005,6352,0,-2,-6,29,16.630,81.250,305,305,0,0,0
125781,0.644,0.237,0.000,-0.002,-0.001,-0.003,0.568,-0.298,-0.671,-0.372,0.000,-0.005,6417,0,-2,-5,29,16.630,81.250,305,305,0,0,0
125881,0.640,0.238,-0.020,-0.006,-0.004,0.019,0.568,-0.299,-0.671,-0.372,0.000,-0.005,6277,0,-2,-5,29,16.630,81.250,305,305,0,0,0
125981,0.636,0.238,-0.010,0.000,0.000,0.002,0.568,-0.299,-0.671,-0.371,0.000,-0.005,6375,0,-2,-5,29,16.630,81.250,305,305,0,0,0
126081,0.636,0.238,-0.020,0.001,0.019,0.004,0.568,-0.299,-0.671,-0.371,0.000,-0.005,6355,0,-2,-6,29,16.630,81.250,305,305,0,0,0
126181,0.635,0.236,0.000,0.000,0.016,0.003,0.568,-0.299,-0.671,-0.371,0.000,-0.005,6346,0,-2,-5,29,16.640,81.250,305,305,0,0,0
126281,0.627,0.231,-0.020,-0.009,0.017,0.036,0.569,-0.300,-0.670,-0.371,0.000,-0.004,6148,0,-2,-5,29,16.640,81.250,305,305,0,0,0
126381,0.612,0.222,0.000,-0.021,0.051,0.033,0.570,-0.301,-0.668,-0.371,0.000,-0.004,6157,0,0,-6,29,16.640,81.250,305,305,0,0,0
126481,0.604,0.208,0.100,-0.014,0.054,0.010,0.572,-0.301,-0.666,-0.371,0.000,-0.004,6255,0,0,-6,29,16.620,81.250,305,305,0,0,0
126581,0.603,0.198,0.040,-0.003,-0.007,0.007,0.573,-0.301,-0.665,-0.372,0.000,-0.004,6232,0,-3,-4,29,16.620,81.250,305,305,0,0,0
126681,0.596,0.203,-0.030,-0.024,-0.020,0.029,0.573,-0.302,-0.666,-0.371,0.000,-0.004,6085,0,-2,-3,29,16.620,81.250,305,305,0,0,0
126781,0.585,0.206,0.000,-0.013,0.013,0.019,0.573,-0.304,-0.665,-0.371,0.000,-0.004,6138,0,-2,-5,29,16.620,81.250,305,305,0,0,0
126881,0.583,0.201,0.050,0.006,0.000,-0.001,0.573,-0.304,-0.664,-0.371,0.000,-0.004,6227,0,-3,-5,29,16.620,81.250,305,305,0,0,0
126981,0.586,0.201,-0.010,0.017,-0.002,-0.016,0.573,-0.303,-0.664,-0.372,0.000,-0.004,6280,0,-3,-5,29,16.620,81.250,305,305,0,0,0
127081,0.587,0.201,0.070,-0.004,-0.006,0.008,0.573,-0.303,-0.665,-0.372,0.000,-0.004,6155,0,-3,-4,29,16.620,81.250,305,305,0,0,0
127181,0.579,0.203,0.030,-0.002,-0.041,0.013,0.573,-0.304,-0.664,-0.371,0.000,-0.004,6122,0,-4,-3,29,16.620,81.250,305,305,0,0,0
127281,0.577,0.216,-0.050,-0.007,-0.033,-0.010,0.572,-0.305,-0.666,-0.370,0.000,-0.004,6243,0,-4,-3,29,16.620,81.250,305,305,0,0,0
127381,0.576,0.223,-0.070,-0.002,-0.003,0.012,0.571,-0.306,-0.666,-0.370,0.000,-0.004,6083,0,-4,-3,29,16.620,81.250,305,305,0,0,0
127481,0.570,0.221,0.030,-0.014,0.019,0.016,0.571,-0.306,-0.666,-0.370,0.000,-0.004,6086,0,-3,-3,29,16.620,81.250,305,305,0,0,0
127581,0.564,0.220,-0.050,-0.007,-0.002,0.019,0.572,-0.307,-0.665,-0.370,0.000,-0.004,6042,0,-4,-3,29,16.610,81.250,305,305,0,0,0
127681,0.555,0.216,-0.030,-0.001,0.042,0.017,0.572,-0.308,-0.664,-0.369,0.000,-0.004,6043,0,-3,-4,29,16.610,81.250,305,305,0,0,0
127781,0.547,0.205,0.050,-0.008,0.027,0.022,0.574,-0.308,-0.663,-0.369,0.000,-0.003,6010,0,-3,-4,29,16.610,81.250,305,305,0,0,0
127881,0.545,0.198,0.090,-0.009,0.000,0.000,0.575,-0.308,-0.662,-0.370,0.000,-0.003,6083,0,-4,-2,29,16.610,81.250,305,305,0,0,0
127981,0.545,0.200,0.000,-0.031,0.006,0.006,0.574,-0.308,-0.662,-0.370,0.000,-0.003,6031,0,-3,-2,29,16.630,81.250,305,305,0,0,0
128081,0.543,0.199,0.010,-0.006,0.000,0.007,0.574,-0.309,-0.662,-0.370,0.000,-0.003,6031,0,-4,-3,29,16.630,81.250,305,305,0,0,0
128181,0.542,0.200,0.030,0.000,0.010,-0.008,0.574,-0.309,-0.662,-0.370,0.000,-0.003,6150,0,-4,-3,29,16.630,81.250,305,305,0,0,0
128281,0.545,0.203,0.070,-0.029,-0.037,0.007,0.573,-0.309,-0.662,-0.370,0.000,-0.003,6021,0,-5,0,29,16.630,81.250,305,305,0,0,0
128381,0.544,0.216,-0.050,-0.031,-0.058,-0.010,0.572,-0.311,-0.663,-0.371,0.000,-0.003,6139,0,-6,0,29,16.610,81.250,305,305,0,0,0
128481,0.546,0.226,-0.070,-0.022,-0.003,0.003,0.570,-0.313,-0.663,-0.371,0.000,-0.004,6045,0,-5,-2,29,16.610,81.250,305,305,0,0,0
128581,0.547,0.224,0.020,0.000,0.011,0.002,0.570,-0.313,-0.663,-0.372,0.000,-0.004,6090,0,-6,-2,29,16.610,81.250,305,305,0,0,0
128681,0.546,0.225,-0.010,-0.009,-0.018,0.009,0.570,-0.313,-0.663,-0.371,0.000,-0.004,6015,0,-6,0,29,16.610,81.250,305,305,0,0,0
128781,0.544,0.229,0.020,0.000,-0.004,0.004,0.569,-0.313,-0.663,-0.371,0.000,-0.004,6059,0,-6,-1,29,16.620,81.250,305,305,0,0,0
128881,0.543,0.232,-0.060,-0.009,-0.018,0.007,0.569,-0.314,-0.663,-0.371,0.000,-0.004,6041,0,-6,0,29,16.620,81.250,305,305,0,0,0
128981,0.540,0.236,-0.020,0.000,0.007,0.003,0.568,-0.315,-0.664,-0.371,0.000,-0.004,6061,0,-6,-1,29,16.620,81.250,305,305,0,0,0
129081,0.540,0.234,0.000,0.000,0.007,0.000,0.568,-0.315,-0.663,-0.371,0.000,-0.004,6068,0,-6,0,29,16.620,81.250,305,305,0,0,0
129181,0.538,0.233,0.000,-0.006,0.000,0.009,0.569,-0.315,-0.663,-0.371,0.000,-0.004,6010,0,-7,0,29,16.620,81.250,305,305,0,0,0
129281,0.530,0.231,-0.040,-0.039,0.000,0.037,0.569,-0.316,-0.662,-0.371,0.000,-0.003,5824,0,-6,1,29,16.620,81.250,305,305,0,0,0
129381,0.518,0.230,0.010,-0.050,0.001,0.037,0.569,-0.318,-0.661,-0.372,0.000,-0.003,5813,0,-6,1,29,16.620,81.250,305,305,0,0,0
129481,0.506,0.222,0.010,-0.047,0.010,0.041,0.569,-0.320,-0.659,-0.372,0.000,-0.003,5747,0,-6,1,29,16.620,81.250,305,305,0,0,0
129581,0.493,0.217,0.070,-0.068,-0.007,0.039,0.570,-0.323,-0.657,-0.373,0.000,-0.003,5713,0,-5,2,29,16.620,81.250,305,305,0,0,0
129681,0.474,0.216,-0.070,-0.084,-0.011,0.079,0.569,-0.327,-0.655,-0.374,0.000,-0.003,5417,0,-5,3,29,16.620,81.250,305,305,0,0,0
129781,0.451,0.216,-0.070,-0.157,0.056,0.064,0.568,-0.332,-0.652,-0.376,0.000,-0.003,5458,0,-1,3,29,16.620,81.250,305,305,0,0,0
129881,0.427,0.200,0.000,-0.173,0.063,0.088,0.568,-0.338,-0.647,-0.379,0.000,-0.002,5229,0,-1,2,29,16.620,81.250,305,305,0,0,0
129981,0.385,0.174,0.060,-0.259,0.027,0.160,0.569,-0.347,-0.639,-0.384,0.000,-0.002,4616,0,0,6,29,16.640,81.250,305,305,0,0,0
130081,0.322,0.157,0.110,-0.274,0.040,0.209,0.568,-0.360,-0.630,-0.388,0.000,-0.001,4069,0,1,5,29,16.640,81.250,305,305,0,0,0
130181,0.244,0.138,-0.080,-0.290,0.032,0.201,0.569,-0.373,-0.619,-0.392,0.000,-0.001,3792,0,2,5,29,16.640,81.250,305,305,0,0,0
130281,0.164,0.119,-0.080,-0.230,0.021,0.214,0.570,-0.386,-0.609,-0.394,0.000,-0.000,3249,0,-1,3,29,16.610,81.250,305,305,0,0,0
130381,0.102,0.115,0.030,-0.210,0.004,0.087,0.569,-0.397,-0.602,-0.396,0.000,0.000,4127,0,-1,4,29,16.610,81.250,305,305,0,0,0
130481,0.079,0.116,-0.110,-0.132,0.098,0.067,0.566,-0.404,-0.597,-0.400,0.000,0.000,3938,0,0,-1,29,16.610,81.250,305,305,0,0,0
130581,0.054,0.090,-0.110,-0.158,0.143,0.096,0.568,-0.408,-0.590,-0.404,0.000,0.000,3415,0,3,-1,29,16.610,81.250,305,305,0,0,0
130681,0.026,0.044,0.190,-0.190,0.106,0.031,0.570,-0.412,-0.581,-0.409,0.000,0.000,3944,0,3,1,29,16.620,81.250,305,305,0,0,0
130781,0.019,0.016,0.080,-0.236,-0.010,-0.016,0.569,-0.416,-0.574,-0.417,0.000,-0.000,4143,0,2,5,29,16.620,81.250,305,305,0,0,0
130881,0.024,0.021,-0.100,-0.230,-0.040,-0.016,0.563,-0.423,-0.570,-0.423,0.000,-0.000,4109,0,1,4,29,16.620,81.250,305,305,0,0,0
130981,0.032,0.023,-0.200,-0.240,-0.008,-0.043,0.558,-0.429,-0.565,-0.431,0.000,-0.000,4457,0,2,3,29,16.620,81.250,305,305,0,0,0
131081,0.060,0.021,-0.090,-0.262,0.033,-0.071,0.551,-0.433,-0.562,-0.439,0.000,-0.000,4598,0,5,3,29,16.630,81.250,305,305,0,0,0
131181,0.085,0.005,0.090,-0.260,0.116,-0.037,0.546,-0.438,-0.556,-0.449,0.000,0.000,4477,0,7,1,29,16.630,81.250,305,305,0,0,0
131281,0.089,-0.029,0.060,-0.234,0.074,0.032,0.543,-0.442,-0.548,-0.458,0.000,0.000,3999,0,5,1,29,16.630,81.250,305,305,0,0,0
131381,0.079,-0.051,0.100,-0.174,0.082,0.021,0.541,-0.446,-0.540,-0.465,0.000,0.000,4167,0,4,-1,29,16.630,81.250,305,305,0,0,0
131481,0.070,-0.073,0.030,-0.113,0.074,0.010,0.540,-0.449,-0.535,-0.469,0.000,0.000,4192,0,4,-3,29,16.630,81.250,305,305,0,0,0
131581,0.071,-0.087,-0.010,-0.128,0.026,0.002,0.539,-0.450,-0.532,-0.473,0.000,0.001,4205,0,4,-1,29,16.630,81.250,305,305,0,0,0
131681,0.065,-0.106,0.020,-0.103,0.072,0.024,0.538,-0.453,-0.527,-0.478,0.000,0.001,4005,0,5,-4,29,16.630,81.250,305,305,0,0,0
131781,0.049,-0.129,0.050,-0.106,0.053,0.030,0.539,-0.454,-0.521,-0.481,0.000,0.001,3982,0,5,-3,29,16.630,81.250,305,305,0,0,0
131881,0.042,-0.139,-0.020,-0.082,0.034,-0.017,0.538,-0.457,-0.518,-0.484,0.000,0.001,4264,0,4,-4,29,16.630,81.250,305,305,0,0,0
131981,0.054,-0.155,-0.060,-0.062,0.081,-0.050,0.537,-0.456,-0.516,-0.488,0.000,0.002,4471,0,6,-6,29,16.630,81.250,305,305,0,0,0
132081,0.074,-0.186,0.120,-0.052,0.127,-0.098,0.536,-0.454,-0.513,-0.493,0.000,0.002,4901,0,8,-8,29,16.630,81.250,305,305,0,0,0
132181,0.112,-0.225,0.220,-0.214,0.094,-0.150,0.534,-0.452,-0.508,-0.503,0.000,0.004,5294,0,13,-2,29,16.630,81.250,305,305,0,0,0
132281,0.189,-0.227,0.470,-0.517,-0.176,-0.454,0.520,-0.456,-0.504,-0.517,0.000,0.004,7194,0,13,13,29,16.630,81.250,305,305,0,0,0
132381,0.395,-0.187,-0.360,-0.284,-0.157,-0.520,0.492,-0.457,-0.510,-0.538,0.000,0.005,7501,0,4,1,29,16.630,81.250,305,305,0,0,0
132481,0.510,-0.138,-0.240,-0.224,-0.241,0.012,0.473,-0.460,-0.515,-0.547,0.000,0.002,5064,0,1,5,29,16.630,81.250,305,305,0,0,0
132581,0.469,-0.098,-0.050,-0.206,-0.113,0.097,0.466,-0.473,-0.510,-0.546,0.000,0.001,5216,0,5,1,29,16.630,81.250,305,305,0,0,0
132681,0.432,-0.095,-0.100,-0.200,-0.011,0.046,0.464,-0.480,-0.504,-0.548,0.000,0.001,5588,0,7,0,29,16.630,81.250,305,305,0,0,0
132781,0.416,-0.099,-0.080,-0.008,0.072,0.052,0.463,-0.483,-0.500,-0.550,0.000,0.001,5418,0,4,-8,29,16.630,81.250,305,305,0,0,0
132881,0.387,-0.106,0.090,0.109,-0.008,0.122,0.467,-0.482,-0.500,-0.547,0.000,0.001,4811,0,0,-6,29,16.630,81.250,305,305,0,0,0
132981,0.345,-0.108,0.200,0.129,0.012,0.069,0.474,-0.481,-0.500,-0.541,0.000,0.001,5086,0,1,-6,29,16.630,81.250,305,305,0,0,0
133081,0.312,-0.111,0.040,0.014,-0.011,-0.019,0.478,-0.482,-0.499,-0.539,0.000,0.001,5459,0,4,-3,29,16.610,81.250,305,305,0,0,0
133181,0.324,-0.116,-0.070,-0.023,0.003,-0.046,0.477,-0.481,-0.499,-0.540,0.000,0.001,5497,0,5,-3,29,16.610,81.250,305,305,0,0,0
133281,0.333,-0.132,0.030,0.013,0.072,-0.040,0.477,-0.479,-0.498,-0.542,0.000,0.001,5528,0,6,-7,29,16.610,81.250,305,305,0,0,0
133381,0.348,-0.141,0.010,0.000,0.020,-0.036,0.477,-0.477,-0.499,-0.544,0.000,0.001,5554,0,5,-6,29,16.610,81.250,305,305,0,0,0
133481,0.364,-0.139,-0.090,0.013,-0.027,-0.044,0.476,-0.476,-0.500,-0.544,0.000,0.001,5654,0,3,-5,29,16.620,81.250,305,305,0,0,0
133581,0.386,-0.132,-0.070,-0.004,0.020,-0.047,0.474,-0.475,-0.502,-0.545,0.000,0.001,5730,0,6,-5,29,16.620,81.250,305,305,0,0,0
133681,0.404,-0.140,0.000,-0.041,0.076,-0.044,0.473,-0.474,-0.502,-0.547,0.000,0.001,5775,0,8,-6,29,16.620,81.250,305,305,0,0,0
133781,0.422,-0.158,-0.100,-0.016,0.027,-0.053,0.472,-0.472,-0.501,-0.551,0.000,0.001,5896,0,5,-7,29,16.630,81.250,305,305,0,0,0
133881,0.450,-0.163,-0.090,0.049,0.039,-0.063,0.472,-0.469,-0.503,-0.552,0.000,0.002,6033,0,5,-8,29,16.630,81.250,305,305,0,0,0
133981,0.483,-0.177,0.080,0.067,0.157,-0.054,0.472,-0.464,-0.505,-0.553,0.000,0.002,6069,0,9,-12,29,16.630,81.250,305,305,0,0,0
134081,0.485,-0.216,0.000,0.052,0.116,0.043,0.477,-0.459,-0.503,-0.555,0.000,0.002,5533,0,9,-11,29,16.630,81.250,305,305,0,0,0
134181,0.464,-0.246,0.000,0.087,0.123,0.040,0.483,-0.456,-0.501,-0.555,0.000,0.001,5670,0,9,-14,29,16.620,81.250,305,305,0,0,0
134281,0.468,-0.295,0.110,0.013,0.191,-0.042,0.488,-0.450,-0.498,-0.558,0.000,0.001,6126,0,14,-14,29,16.620,81.250,305,305,0,0,0
134381,0.497,-0.327,0.260,-0.034,0.016,-0.057,0.488,-0.445,-0.497,-0.562,0.000,0.001,6120,0,11,-8,29,16.620,81.250,305,305,0,0,0
134481,0.499,-0.332,0.030,-0.098,-0.050,-0.008,0.486,-0.447,-0.495,-0.565,0.000,0.001,5911,0,11,-6,29,16.620,81.250,305,305,0,0,0
134581,0.506,-0.314,-0.140,0.061,-0.107,-0.040,0.484,-0.448,-0.497,-0.564,0.000,0.001,6179,0,5,-10,29,16.630,81.250,305,305,0,0,0
134681,0.538,-0.290,-0.120,0.137,-0.018,-0.069,0.483,-0.445,-0.503,-0.561,0.000,0.002,6353,0,7,-14,29,16.630,81.250,305,305,0,0,0
134781,0.558,-0.293,-0.100,0.057,0.010,-0.067,0.484,-0.442,-0.506,-0.561,0.000,0.002,6414,0,10,-12,29,16.630,81.250,305,305,0,0,0
134881,0.587,-0.300,0.050,-0.012,0.023,-0.071,0.483,-0.439,-0.507,-0.562,0.000,0.002,6477,0,12,-11,29,16.620,81.250,305,305,0,0,0
134981,0.599,-0.307,0.130,-0.117,-0.033,0.016,0.481,-0.439,-0.506,-0.565,0.000,0.003,6045,0,13,-7,29,16.620,81.250,305,305,0,0,0
135081,0.580,-0.309,-0.030,-0.137,-0.006,0.057,0.479,-0.443,-0.502,-0.567,0.000,0.002,5868,0,14,-9,29,16.620,81.250,305,305,0,0,0
135181,0.581,-0.316,0.110,-0.138,-0.004,-0.104,0.476,-0.446,-0.498,-0.571,0.000,0.002,6788,0,14,-9,29,16.620,81.250,305,305,0,0,0
135281,0.602,-0.299,-0.060,-0.140,-0.142,-0.013,0.469,-0.450,-0.498,-0.574,0.000,0.003,6184,0,10,-5,29,16.620,81.250,305,305,0,0,0
135381,0.602,-0.257,-0.250,-0.180,-0.140,-0.022,0.462,-0.457,-0.498,-0.574,0.000,0.003,6339,0,13,-4,29,16.620,81.250,305,305,0,0,0
135481,0.614,-0.247,0.090,-0.109,-0.011,0.020,0.456,-0.461,-0.496,-0.578,0.000,0.003,6085,0,13,-10,29,16.620,81.250,305,305,0,0,0
135581,0.624,-0.246,-0.280,0.016,0.050,-0.112,0.453,-0.462,-0.495,-0.580,0.000,0.003,6925,0,11,-15,29,16.600,81.250,305,305,0,0,0
135681,0.628,-0.265,0.120,-0.039,0.142,0.063,0.453,-0.461,-0.493,-0.582,0.000,0.003,5875,0,17,-15,29,16.600,81.250,305,305,0,0,0
135781,0.593,-0.297,0.120,0.062,0.059,0.106,0.459,-0.460,-0.489,-0.582,0.000,0.003,5722,0,11,-16,29,16.600,81.250,305,305,0,0,0
135881,0.578,-0.310,0.390,-0.010,-0.052,-0.021,0.462,-0.459,-0.488,-0.582,0.000,0.003,6432,0,12,-10,29,16.600,81.250,305,305,0,0,0
135981,0.581,-0.285,0.220,0.040,-0.170,0.087,0.459,-0.461,-0.490,-0.580,0.000,0.003,5659,0,7,-9,29,16.620,81.250,305,305,0,0,0
136081,0.533,-0.242,-0.170,0.044,-0.133,0.137,0.460,-0.467,-0.491,-0.573,0.000,0.002,5397,0,8,-10,29,16.620,81.250,305,305,0,0,0
136181,0.507,-0.219,-0.160,0.096,0.006,0.052,0.462,-0.469,-0.493,-0.568,0.000,0.002,5769,0,10,-15,29,16.620,81.250,305,305,0,0,0
136281,0.497,-0.240,0.050,0.031,0.126,0.000,0.466,-0.467,-0.492,-0.568,0.000,0.002,5996,0,15,-16,29,16.620,81.250,305,305,0,0,0
136381,0.485,-0.256,0.230,0.010,-0.012,0.038,0.469,-0.466,-0.490,-0.569,0.000,0.002,5669,0,12,-12,29,16.600,81.250,305,305,0,0,0
136481,0.454,-0.229,0.160,-0.031,-0.198,0.121,0.468,-0.470,-0.491,-0.565,0.000,0.002,5043,0,8,-5,29,16.600,81.250,305,305,0,0,0
136581,0.392,-0.172,-0.100,-0.128,-0.177,0.151,0.465,-0.482,-0.489,-0.559,0.000,0.001,4786,0,11,-4,29,16.600,81.250,305,305,0,0,0
136681,0.340,-0.134,0.100,-0.066,-0.072,0.131,0.463,-0.491,-0.487,-0.555,0.000,0.001,4697,0,10,-9,29,16.620,81.250,305,305,0,0,0
136781,0.282,-0.114,0.570,0.064,-0.027,0.260,0.465,-0.496,-0.484,-0.550,0.000,0.001,3317,0,7,-13,29,16.620,81.250,305,305,0,0,0
136881,0.176,-0.110,-0.060,0.090,0.040,0.379,0.474,-0.501,-0.480,-0.542,0.000,0.000,1329,0,10,-14,29,16.620,81.250,305,305,0,0,0
136981,0.085,-0.107,-0.340,0.209,-0.178,0.027,0.483,-0.504,-0.477,-0.533,0.000,-0.000,4742,0,-2,-10,29,16.620,81.250,305,305,0,0,0
137081,0.084,-0.060,0.020,0.127,-0.206,0.007,0.483,-0.505,-0.484,-0.526,0.000,0.000,4260,0,1,-6,29,16.610,81.250,305,305,0,0,0
137181,0.051,-0.012,-0.330,0.068,-0.179,0.106,0.484,-0.510,-0.488,-0.518,0.000,0.000,3289,0,2,-5,29,16.610,81.250,305,305,0,0,0
137281,0.054,0.044,-0.310,0.140,-0.030,-0.097,0.483,-0.510,-0.497,-0.510,0.000,-0.000,4752,0,8,-10,29,16.610,81.250,305,305,0,0,0
137381,0.058,0.064,0.130,-0.053,-0.142,0.058,0.481,-0.511,-0.499,-0.508,0.000,-0.000,3552,0,5,0,29,16.610,81.250,305,305,0,0,0
137481,0.025,0.102,-0.260,-0.054,-0.090,0.047,0.479,-0.518,-0.498,-0.504,0.000,-0.001,3795,0,5,-3,29,16.630,81.250,305,305,0,0,0
137581,-0.011,0.123,-0.230,-0.079,0.034,0.124,0.478,-0.523,-0.497,-0.501,0.000,-0.001,2603,0,9,-5,29,16.630,81.250,305,305,0,0,0
137681,-0.023,0.109,-0.020,-0.038,0.167,-0.044,0.478,-0.525,-0.493,-0.503,0.000,-0.001,4281,0,10,-10,29,16.630,81.250,305,305,0,0,0
137781,-0.013,0.058,0.200,-0.074,0.157,0.023,0.480,-0.521,-0.488,-0.509,0.000,-0.000,3426,0,11,-8,29,16.630,81.250,305,305,0,0,0
137881,-0.025,0.035,0.060,-0.030,0.000,0.022,0.482,-0.521,-0.484,-0.512,0.000,-0.000,3462,0,6,-6,29,16.620,81.250,305,305,0,0,0
137981,-0.036,0.036,0.050,0.049,-0.108,0.023,0.483,-0.521,-0.484,-0.511,0.000,0.000,3313,0,2,-5,29,16.620,81.250,305,305,0,0,0
138081,-0.039,0.063,-0.090,-0.043,-0.061,0.000,0.481,-0.524,-0.486,-0.508,0.000,-0.000,3595,0,6,-3,29,16.620,81.250,305,305,0,0,0
138181,-0.027,0.087,-0.110,0.002,0.011,-0.041,0.477,-0.526,-0.488,-0.508,0.000,-0.000,3930,0,5,-7,29,16.620,81.250,305,305,0,0,0
138281,-0.019,0.072,0.020,-0.054,0.136,0.002,0.478,-0.524,-0.487,-0.510,0.000,-0.000,3510,0,11,-8,29,16.620,81.250,305,305,0,0,0
138381,-0.025,0.024,0.050,-0.064,0.131,0.013,0.480,-0.522,-0.481,-0.515,0.000,-0.000,3453,0,11,-8,29,16.620,81.250,305,305,0,0,0
138481,-0.037,-0.004,-0.030,-0.034,0.050,0.027,0.482,-0.522,-0.476,-0.518,0.000,0.000,3293,0,9,-8,29,16.620,81.250,305,305,0,0,0
138581,-0.039,-0.027,-0.040,0.039,0.118,-0.023,0.484,-0.520,-0.474,-0.520,0.000,-0.000,3676,0,9,-13,29,16.620,81.250,305,305,0,0,0
138681,-0.054,-0.070,0.150,-0.020,0.180,0.087,0.487,-0.518,-0.469,-0.523,0.000,-0.000,2259,0,14,-13,29,16.620,81.250,305,305,0,0,0
138781,-0.089,-0.108,0.050,-0.011,0.001,0.088,0.493,-0.516,-0.464,-0.524,0.000,-0.001,2116,0,9,-8,29,16.620,81.250,305,305,0,0,0
138881,-0.112,-0.099,-0.030,0.078,-0.088,0.011,0.494,-0.518,-0.464,-0.522,0.000,-0.001,3050,0,3,-10,29,16.620,81.250,305,305,0,0,0
138981,-0.100,-0.096,0.120,0.207,0.152,-0.062,0.497,-0.514,-0.469,-0.519,0.000,-0.001,3503,0,10,-21,29,16.620,81.250,305,305,0,0,0
139081,-0.046,-0.109,-0.100,0.173,-0.094,-0.204,0.499,-0.506,-0.476,-0.519,0.000,-0.001,4776,0,3,-10,29,16.620,81.250,305,305,0,0,0
139181,0.033,-0.060,-0.090,0.041,-0.267,-0.167,0.493,-0.502,-0.487,-0.517,0.000,-0.000,4644,0,2,-1,29,16.620,81.250,305,305,0,0,0
139281,0.093,0.030,-0.280,0.097,-0.208,-0.120,0.482,-0.505,-0.501,-0.511,0.000,-0.000,4715,0,-1,-7,29,16.620,81.250,305,305,0,0,0
139381,0.134,0.078,-0.260,0.128,-0.089,-0.100,0.480,-0.503,-0.510,-0.507,0.000,-0.001,4888,0,2,-8,29,16.620,81.250,305,305,0,0,0
139481,0.179,0.047,-0.190,-0.096,0.080,-0.148,0.480,-0.497,-0.511,-0.511,0.000,-0.000,5517,0,12,-4,29,16.630,81.250,305,305,0,0,0
139581,0.311,0.029,-1.000,-0.436,0.129,-0.627,0.467,-0.493,-0.512,-0.526,0.000,-0.000,8266,0,24,2,29,16.630,81.250,305,305,0,0,0
139681,0.593,0.052,0.910,-0.346,-0.010,-0.464,0.434,-0.486,-0.522,-0.550,0.000,-0.001,7491,0,15,-1,29,16.630,81.250,305,305,0,0,0
139781,0.604,-0.027,0.530,-0.364,0.156,0.254,0.433,-0.487,-0.508,-0.563,0.000,0.001,3844,0,19,-4,29,16.630,81.250,305,305,0,0,0
139881,0.514,-0.044,-0.450,-0.369,-0.146,0.141,0.431,-0.500,-0.493,-0.567,0.000,0.001,5430,0,10,4,29,16.610,81.250,305,305,0,0,0
139981,0.505,-0.010,0.190,-0.184,-0.099,-0.019,0.422,-0.509,-0.489,-0.569,0.000,0.000,6163,0,8,-3,29,16.610,81.250,305,305,0,0,0
140081,0.496,-0.022,-0.090,0.079,0.062,-0.028,0.424,-0.509,-0.487,-0.570,0.000,0.000,6165,0,6,-13,29,16.610,81.250,305,305,0,0,0
140181,0.531,-0.034,-0.090,0.087,0.107,-0.108,0.424,-0.504,-0.491,-0.571,0.000,0.001,6535,0,10,-13,29,16.610,81.250,305,305,0,0,0
140281,0.564,-0.076,0.000,0.010,0.201,-0.069,0.427,-0.496,-0.491,-0.574,0.000,0.002,6381,0,15,-13,29,16.630,81.250,305,305,0,0,0
140381,0.582,-0.122,0.260,0.003,0.089,-0.051,0.430,-0.490,-0.489,-0.579,0.000,0.002,6372,0,12,-11,29,16.630,81.250,305,305,0,0,0
140481,0.585,-0.141,0.110,-0.026,0.016,0.019,0.432,-0.488,-0.488,-0.581,0.000,0.002,6008,0,12,-9,29,16.630,81.250,305,305,0,0,0
140581,0.577,-0.147,0.050,-0.079,0.003,0.028,0.431,-0.489,-0.486,-0.582,0.000,0.003,6014,0,14,-8,29,16.630,81.250,305,305,0,0,0
140681,0.562,-0.146,0.300,-0.044,-0.051,0.013,0.430,-0.492,-0.484,-0.582,0.000,0.002,6089,0,10,-9,29,16.620,81.250,305,305,0,0,0
140781,0.560,-0.114,-0.110,0.010,-0.159,-0.009,0.428,-0.495,-0.486,-0.580,0.000,0.002,6205,0,6,-6,29,16.620,81.250,305,305,0,0,0
140881,0.562,-0.070,-0.280,-0.029,-0.071,0.013,0.424,-0.499,-0.489,-0.576,0.000,0.001,6014,0,10,-7,29,16.620,81.250,305,305,0,0,0
140981,0.537,-0.068,0.130,-0.042,0.084,0.102,0.425,-0.502,-0.487,-0.575,0.000,0.001,5438,0,14,-11,29,16.620,81.250,305,305,0,0,0
141081,0.507,-0.086,0.270,0.064,0.019,0.034,0.428,-0.502,-0.484,-0.575,0.000,0.001,5892,0,8,-12,29,16.620,81.250,305,305,0,0,0
141181,0.496,-0.081,-0.180,0.196,-0.020,-0.006,0.433,-0.499,-0.487,-0.571,0.000,0.001,5958,0,5,-14,29,16.620,81.250,305,305,0,0,0
141281,0.488,-0.070,-0.260,0.007,-0.109,0.061,0.435,-0.498,-0.490,-0.568,0.000,0.001,5501,0,8,-4,29,16.620,81.250,305,305,0,0,0
141381,0.439,-0.062,-0.090,-0.153,0.051,0.144,0.436,-0.504,-0.485,-0.566,0.000,0.001,4920,0,17,-7,29,16.620,81.250,305,305,0,0,0
141481,0.401,-0.094,0.230,-0.029,0.122,0.036,0.438,-0.506,-0.478,-0.569,0.000,0.001,5578,0,14,-14,29,16.620,81.250,305,305,0,0,0
141581,0.398,-0.124,0.090,0.060,0.160,-0.063,0.442,-0.503,-0.476,-0.571,0.000,0.001,5993,0,14,-17,29,16.620,81.250,305,305,0,0,0
141681,0.399,-0.184,0.700,-0.072,0.166,0.048,0.446,-0.497,-0.471,-0.576,0.000,0.001,5207,0,19,-13,29,16.620,81.250,305,305,0,0,0
141781,0.397,-0.176,0.580,0.039,-0.186,-0.042,0.445,-0.498,-0.472,-0.575,0.000,0.001,5864,0,5,-7,29,16.620,81.250,305,305,0,0,0
141881,0.422,-0.072,0.020,-0.019,-0.361,0.004,0.437,-0.506,-0.482,-0.567,0.000,0.001,5462,0,3,1,29,16.630,81.250,305,305,0,0,0
141981,0.408,0.028,-0.370,-0.087,-0.207,0.043,0.428,-0.517,-0.487,-0.559,0.000,-0.001,5327,0,9,-2,29,16.630,81.250,305,305,0,0,0
142081,0.421,0.062,0.020,-0.012,-0.047,-0.059,0.423,-0.520,-0.490,-0.557,0.000,-0.001,5992,0,8,-8,29,16.630,81.250,305,305,0,0,0
142181,0.447,0.079,0.040,0.099,-0.269,-0.052,0.421,-0.519,-0.494,-0.556,0.000,-0.002,5940,0,-5,-1,29,16.620,81.250,305,305,0,0,0
142281,0.462,0.138,0.400,0.051,-0.248,-0.148,0.417,-0.523,-0.500,-0.551,0.000,-0.004,6634,0,-2,0,29,16.620,81.250,305,305,0,0,0
142381,0.555,0.200,0.150,0.014,-0.076,-0.314,0.406,-0.522,-0.511,-0.549,0.000,-0.007,7474,0,5,-3,29,16.620,81.250,305,305,0,0,0
142481,0.729,0.256,-0.120,-0.047,-0.219,-0.481,0.389,-0.516,-0.526,-0.553,0.000,-0.011,8359,0,0,5,29,16.620,81.250,305,305,0,0,0
142581,0.827,0.307,-0.300,-0.242,-0.168,0.047,0.372,-0.519,-0.531,-0.557,0.000,-0.015,6015,0,5,8,29,16.620,81.250,305,305,0,0,0
142681,0.779,0.292,-0.570,0.018,0.280,0.178,0.375,-0.523,-0.525,-0.557,0.000,-0.014,5880,0,9,-13,29,16.620,81.250,305,305,0,0,0
142781,0.721,0.215,-0.490,0.143,0.358,0.102,0.389,-0.516,-0.520,-0.559,0.000,-0.009,6285,0,9,-15,29,16.620,81.250,305,305,0,0,0
142881,0.700,0.152,-0.040,0.103,0.170,0.067,0.400,-0.508,-0.517,-0.561,0.000,-0.006,6269,0,6,-8,29,16.620,81.250,305,305,0,0,0
142981,0.671,0.106,0.010,0.083,0.124,0.116,0.409,-0.503,-0.515,-0.561,0.000,-0.004,5898,0,6,-8,29,16.630,81.250,305,305,0,0,0
143081,0.611,0.083,-0.100,0.033,0.090,0.204,0.416,-0.503,-0.511,-0.559,0.000,-0.002,5334,0,8,-8,29,16.630,81.250,305,305,0,0,0
143181,0.533,0.062,-0.480,0.049,0.117,0.196,0.425,-0.505,-0.506,-0.556,0.000,-0.002,5154,0,9,-10,29,16.630,81.250,305,305,0,0,0
143281,0.446,0.033,-0.580,-0.160,0.116,0.252,0.432,-0.509,-0.497,-0.555,0.000,-0.001,4399,0,16,-4,29,16.610,81.250,305,305,0,0,0
143381,0.352,-0.034,-0.320,-0.408,0.211,0.196,0.436,-0.515,-0.478,-0.562,0.000,0.000,4512,0,25,-2,29,16.610,81.250,305,305,0,0,0
143481,0.279,-0.116,-0.010,-0.263,0.313,0.087,0.435,-0.522,-0.456,-0.574,0.000,0.001,4936,0,21,-15,29,16.610,81.250,305,305,0,0,0
143581,0.243,-0.186,0.190,0.331,0.191,0.147,0.446,-0.515,-0.451,-0.576,0.000,0.000,4041,0,3,-27,29,16.610,81.250,305,305,0,0,0
143681,0.209,-0.219,0.300,0.896,0.217,0.117,0.468,-0.500,-0.462,-0.564,0.000,-0.000,4298,0,-6,-43,29,16.620,81.250,305,305,0,0,0
143781,0.200,-0.295,-0.090,1.281,0.330,0.070,0.503,-0.470,-0.480,-0.545,0.000,-0.002,4682,0,-9,-54,29,16.620,81.250,305,305,0,0,0
143881,0.216,-0.347,0.140,1.324,0.261,0.169,0.541,-0.432,-0.505,-0.516,0.000,0.009,3844,0,-6,-50,29,16.620,81.250,305,305,0,0,0
143981,0.208,-0.391,0.150,1.000,0.188,0.210,0.574,-0.399,-0.525,-0.486,0.000,0.010,3197,0,4,-37,29,16.620,81.250,305,305,0,0,0
144081,0.143,-0.418,0.010,0.818,0.104,0.331,0.600,-0.380,-0.535,-0.458,0.000,0.010,1792,0,4,-36,29,16.620,81.250,305,305,0,0,0
144181,0.076,-0.427,-0.060,0.609,0.101,0.197,0.618,-0.367,-0.542,-0.435,0.000,0.008,3218,0,9,-34,29,16.620,81.250,305,305,0,0,0
144281,0.061,-0.440,0.360,0.492,-0.043,0.019,0.632,-0.352,-0.550,-0.418,0.000,0.008,4482,0,7,-27,29,16.620,81.250,305,305,0,0,0
144381,0.080,-0.418,0.080,0.141,-0.083,0.046,0.634,-0.346,-0.557,-0.410,0.000,0.008,3514,0,15,-18,29,16.630,81.250,305,305,0,0,0
144481,0.050,-0.356,0.100,0.093,-0.348,0.051,0.630,-0.351,-0.563,-0.403,0.000,0.005,3825,0,4,-12,29,16.630,81.250,305,305,0,0,0
144581,0.046,-0.268,0.150,0.018,-0.267,0.010,0.622,-0.357,-0.573,-0.397,0.000,0.003,4014,0,9,-13,29,16.630,81.250,305,305,0,0,0
144681,0.056,-0.213,-0.010,0.064,-0.069,-0.063,0.616,-0.360,-0.579,-0.395,0.000,0.002,4504,0,10,-19,29,16.630,81.250,305,305,0,0,0
144781,0.070,-0.196,0.100,0.053,-0.003,-0.042,0.614,-0.359,-0.582,-0.394,0.000,0.002,4506,0,13,-18,29,16.640,81.250,305,305,0,0,0
144881,0.085,-0.207,-0.060,-0.057,-0.013,-0.004,0.614,-0.358,-0.581,-0.396,0.000,0.002,4229,0,14,-15,29,16.640,81.250,305,305,0,0,0
144981,0.081,-0.203,0.080,-0.080,0.021,0.040,0.613,-0.360,-0.580,-0.398,0.000,0.002,3899,0,16,-16,29,16.640,81.250,305,305,0,0,0
145081,0.051,-0.200,0.020,-0.050,-0.006,0.102,0.612,-0.365,-0.578,-0.398,0.000,0.002,3315,0,14,-17,29,16.640,81.250,305,305,0,0,0
145181,0.011,-0.203,-0.020,-0.082,0.052,0.081,0.613,-0.370,-0.574,-0.397,0.000,0.002,3331,0,17,-18,29,16.640,81.250,305,305,0,0,0
145281,-0.026,-0.221,0.010,-0.058,0.091,0.089,0.615,-0.374,-0.568,-0.399,0.000,0.002,2985,0,17,-21,29,16.640,81.250,305,305,0,0,0
145381,-0.080,-0.236,10.080,0.341,-0.208,0.251,0.619,-0.377,-0.564,-0.396,0.000,0.001,0,2211,-6,-23,29,16.640,81.250,305,305,0,0,0
145481,-0.016,-0.220,0.420,0.156,0.092,-0.049,0.617,-0.370,-0.572,-0.395,0.000,0.002,3871,0,14,-26,29,16.620,81.250,305,305,0,0,0
145581,-0.023,-0.242,0.150,-0.038,0.047,0.030,0.620,-0.367,-0.570,-0.395,0.000,0.002,3485,0,17,-19,29,16.620,81.250,305,305,0,0,0
145681,-0.008,-0.250,0.030,0.164,0.006,-0.068,0.621,-0.364,-0.571,-0.394,0.000,0.002,4241,0,10,-25,29,16.620,81.250,305,305,0,0,0
145781,0.006,-0.258,0.000,0.094,0.009,0.029,0.624,-0.359,-0.573,-0.392,0.000,0.002,3450,0,14,-22,29,16.620,81.250,305,305,0,0,0
145881,-0.000,-0.247,-0.020,0.047,-0.116,0.002,0.625,-0.358,-0.575,-0.388,0.000,0.002,3778,0,11,-17,29,16.620,81.250,305,305,0,0,0
145981,-0.002,-0.226,0.150,-0.098,-0.101,-0.029,0.622,-0.361,-0.577,-0.388,0.000,0.002,4016,0,12,-15,29,16.620,81.250,305,305,0,0,0
146081,0.018,-0.187,0.020,0.011,-0.096,-0.073,0.617,-0.361,-0.582,-0.387,0.000,0.001,4401,0,12,-18,29,16.620,81.250,305,305,0,0,0
146181,0.048,-0.164,-0.050,0.023,-0.080,-0.027,0.613,-0.361,-0.585,-0.388,0.000,0.001,3990,0,11,-18,29,16.640,81.250,305,305,0,0,0
146281,0.005,-0.147,0.140,-0.018,0.000,0.194,0.614,-0.365,-0.585,-0.384,0.000,0.001,1504,0,14,-19,29,16.640,81.250,305,305,0,0,0
146381,-0.025,-0.141,0.000,0.018,-0.050,0.013,0.615,-0.368,-0.584,-0.382,0.000,0.001,3743,0,11,-18,29,16.640,81.250,305,305,0,0,0
146481,-0.021,-0.129,-0.010,-0.016,-0.014,-0.006,0.614,-0.367,-0.586,-0.380,0.000,0.000,3691,0,14,-17,29,16.640,81.250,305,305,0,0,0
146581,-0.027,-0.122,0.000,0.026,-0.031,0.009,0.613,-0.369,-0.586,-0.380,0.000,0.000,3555,0,11,-19,29,16.630,81.250,305,305,0,0,0
146681,-0.027,-0.119,0.010,-0.017,0.034,-0.002,0.613,-0.368,-0.587,-0.379,0.000,0.000,3597,0,15,-19,29,16.630,81.250,305,305,0,0,0
146781,-0.024,-0.134,-0.020,0.006,0.051,0.000,0.615,-0.367,-0.586,-0.380,0.000,0.000,3531,0,15,-20,29,16.630,81.250,305,305,0,0,0
146881,-0.022,-0.145,-0.010,0.003,-0.012,-0.011,0.616,-0.366,-0.585,-0.381,0.000,0.001,3654,0,13,-19,29,16.630,81.250,305,305,0,0,0
146981,-0.021,-0.140,0.030,-0.003,-0.010,0.027,0.615,-0.366,-0.585,-0.380,0.000,0.001,3286,0,14,-19,29,16.630,81.250,305,305,0,0,0
147081,-0.026,-0.143,0.040,-0.013,0.021,-0.007,0.615,-0.367,-0.584,-0.381,0.000,0.001,3606,0,15,-20,29,16.630,81.250,305,305,0,0,0
147181,-0.025,-0.146,0.010,0.001,0.023,0.006,0.616,-0.366,-0.584,-0.381,0.000,0.001,3442,0,15,-20,29,16.630,81.250,305,305,0,0,0
147281,-0.025,-0.153,0.000,0.000,0.024,-0.006,0.617,-0.366,-0.584,-0.381,0.000,0.001,3558,0,15,-20,29,16.630,81.250,305,305,0,0,0
147381,-0.023,-0.154,0.010,0.006,-0.023,0.008,0.617,-0.365,-0.584,-0.381,0.000,0.001,3419,0,14,-19,29,16.600,81.250,305,305,0,0,0
147481,-0.024,-0.150,0.000,-0.001,0.011,0.007,0.616,-0.366,-0.584,-0.381,0.000,0.001,3434,0,15,-20,29,16.600,81.250,305,305,0,0,0
147581,-0.023,-0.158,0.020,0.003,0.032,-0.023,0.617,-0.365,-0.583,-0.381,0.000,0.001,3714,0,15,-21,29,16.600,81.250,305,305,0,0,0
147681,-0.013,-0.168,0.000,-0.006,0.003,0.002,0.618,-0.364,-0.583,-0.383,0.000,0.001,3444,0,15,-20,29,16.600,81.250,305,305,0,0,0
147781,-0.017,-0.163,0.050,0.030,-0.062,0.017,0.618,-0.364,-0.583,-0.382,0.000,0.001,3374,0,12,-19,29,16.620,81.250,305,305,0,0,0
147881,-0.018,-0.151,0.000,0.010,-0.007,-0.010,0.617,-0.364,-0.585,-0.380,0.000,0.001,3585,0,15,-21,29,16.620,81.250,305,305,0,0,0
147981,-0.013,-0.151,0.010,0.006,-0.002,-0.012,0.617,-0.364,-0.585,-0.380,0.000,0.001,3584,0,15,-21,29,16.620,81.250,305,305,0,0,0
148081,-0.012,-0.147,0.010,0.029,-0.020,0.016,0.617,-0.363,-0.586,-0.380,0.000,0.001,3333,0,14,-21,29,16.620,81.250,305,305,0,0,0
148181,-0.014,-0.144,0.000,0.016,-0.001,0.000,0.617,-0.363,-0.587,-0.379,0.000,0.001,3487,0,15,-21,29,16.630,81.250,305,305,0,0,0
148281,-0.013,-0.150,0.000,-0.012,0.034,0.003,0.617,-0.363,-0.586,-0.380,0.000,0.001,3482,0,16,-22,29,16.630,81.250,305,305,0,0,0
148381,-0.012,-0.154,0.010,-0.008,0.020,0.001,0.617,-0.363,-0.585,-0.380,0.000,0.001,3453,0,16,-21,29,16.630,81.250,305,305,0,0,0
148481,-0.013,-0.163,0.020,-0.019,0.027,-0.003,0.618,-0.363,-0.584,-0.381,0.000,0.001,3497,0,17,-21,29,16.630,81.250,305,305,0,0,0
148581,-0.011,-0.170,0.020,0.000,0.033,0.000,0.619,-0.362,-0.584,-0.381,0.000,0.001,3448,0,17,-22,29,16.630,81.250,305,305,0,0,0
148681,-0.011,-0.180,0.000,0.012,0.024,-0.002,0.620,-0.361,-0.583,-0.382,0.000,0.001,3479,0,16,-23,29,16.620,81.250,305,305,0,0,0
148781,-0.011,-0.186,0.010,-0.021,0.009,0.000,0.620,-0.361,-0.582,-0.383,0.000,0.001,3446,0,17,-22,29,16.620,81.250,305,305,0,0,0
148881,-0.014,-0.184,0.000,-0.013,-0.020,0.017,0.620,-0.362,-0.582,-0.383,0.000,0.001,3261,0,16,-21,29,16.620,81.250,305,305,0,0,0
148981,-0.017,-0.175,0.000,0.010,-0.053,0.011,0.619,-0.363,-0.582,-0.382,0.000,0.001,3311,0,15,-21,29,16.620,81.250,305,305,0,0,0
149081,-0.025,-0.154,0.020,0.024,-0.080,0.021,0.618,-0.364,-0.585,-0.379,0.000,0.001,3141,0,14,-21,29,16.630,81.250,305,305,0,0,0
149181,-0.030,-0.139,0.010,-0.003,0.003,-0.004,0.617,-0.365,-0.586,-0.378,0.000,0.000,3383,0,17,-22,29,16.630,81.250,305,305,0,0,0
149281,-0.025,-0.146,-0.010,0.000,0.013,-0.009,0.617,-0.364,-0.586,-0.379,0.000,0.001,3355,0,17,-22,29,16.630,81.250,305,305,0,0,0
149381,-0.025,-0.148,0.020,0.008,-0.004,-0.002,0.617,-0.364,-0.585,-0.379,0.000,0.001,3307,0,16,-22,29,16.630,81.250,305,305,0,0,0
149481,-0.021,-0.148,0.020,0.006,0.011,-0.013,0.617,-0.364,-0.586,-0.379,0.000,0.001,3429,0,17,-22,29,16.620,81.250,305,305,0,0,0
149581,-0.019,-0.150,0.000,0.000,-0.006,0.006,0.617,-0.363,-0.586,-0.379,0.000,0.001,3228,0,17,-22,29,16.620,81.250,305,305,0,0,0
149681,-0.019,-0.147,0.010,-0.007,0.004,0.001,0.617,-0.363,-0.586,-0.379,0.000,0.001,3289,0,17,-22,29,16.620,81.250,305,305,0,0,0
149781,-0.018,-0.150,0.000,0.000,-0.010,0.001,0.618,-0.363,-0.586,-0.379,0.000,0.001,3269,0,16,-22,29,16.620,81.250,305,305,0,0,0
149881,-0.019,-0.145,0.000,0.000,-0.006,0.007,0.617,-0.363,-0.586,-0.379,0.000,0.001,3225,0,17,-23,29,16.630,81.250,305,305,0,0,0
149981,-0.019,-0.145,0.000,0.006,0.000,-0.004,0.617,-0.364,-0.586,-0.379,0.000,0.001,3324,0,17,-23,29,16.630,81.250,305,305,0,0,0
150081,-0.019,-0.147,0.000,-0.002,0.009,-0.002,0.617,-0.363,-0.586,-0.379,0.000,0.001,3276,0,17,-23,29,16.630,81.250,305,305,0,0,0
150181,-0.019,-0.145,0.020,0.014,-0.018,0.000,0.617,-0.363,-0.586,-0.378,0.000,0.001,3239,0,16,-23,29,16.630,81.250,305,305,0,0,0
150281,-0.019,-0.145,0.030,0.006,0.008,0.000,0.617,-0.363,-0.586,-0.378,0.000,0.001,3233,0,17,-23,29,16.620,81.250,305,305,0,0,0
150381,-0.019,-0.145,0.010,0.001,0.004,0.000,0.617,-0.363,-0.586,-0.378,0.000,0.001,3211,0,17,-23,29,16.620,81.250,305,305,0,0,0
150481,-0.019,-0.145,0.030,0.002,0.000,0.001,0.617,-0.363,-0.586,-0.378,0.000,0.001,3203,0,17,-23,29,16.620,81.250,305,305,0,0,0
150581,-0.019,-0.145,0.010,-0.001,0.000,0.004,0.617,-0.363,-0.586,-0.378,0.000,0.001,3160,0,18,-23,29,16.620,81.250,305,305,0,0,0
150681,-0.019,-0.145,0.010,0.000,-0.001,0.003,0.617,-0.363,-0.586,-0.378,0.000,0.001,3141,0,18,-23,29,16.640,81.250,305,305,0,0,0
150781,-0.019,-0.145,0.000,0.000,-0.006,0.003,0.617,-0.363,-0.586,-0.378,0.000,0.001,3155,0,18,-23,29,16.640,81.250,305,305,0,0,0
150881,-0.019,-0.145,0.000,-0.004,-0.001,0.000,0.617,-0.363,-0.586,-0.378,0.000,0.001,3168,0,18,-23,29,16.640,81.250,305,305,0,0,0
150981,-0.019,-0.145,0.020,0.006,0.004,-0.001,0.617,-0.363,-0.586,-0.378,0.000,0.001,3173,0,18,-24,29,16.640,81.250,305,305,0,0,0
151081,-0.019,-0.146,0.030,0.001,-0.007,0.001,0.617,-0.363,-0.586,-0.379,0.000,0.001,3128,0,18,-24,29,16.630,81.250,305,305,0,0,0
151181,-0.019,-0.146,0.000,0.000,-0.006,0.000,0.617,-0.363,-0.586,-0.379,0.000,0.001,3137,0,18,-24,29,16.630,81.250,305,305,0,0,0
151281,-0.019,-0.148,0.010,-0.003,0.008,-0.002,0.617,-0.363,-0.586,-0.379,0.000,0.001,3152,0,19,-24,29,16.630,81.250,305,305,0,0,0
151381,-0.019,-0.148,0.010,-0.004,-0.003,0.004,0.617,-0.363,-0.586,-0.379,0.000,0.001,3053,0,19,-24,29,16.620,81.250,305,305,0,0,0
151481,-0.019,-0.148,0.020,0.001,0.001,0.000,0.617,-0.363,-0.586,-0.379,0.000,0.001,3106,0,19,-24,29,16.620,81.250,305,305,0,0,0
151581,-0.019,-0.150,0.000,0.000,0.008,-0.006,0.618,-0.363,-0.586,-0.379,0.000,0.001,3149,0,19,-25,29,16.620,81.250,305,305,0,0,0
151681,-0.018,-0.150,-0.020,0.002,-0.004,0.004,0.618,-0.363,-0.586,-0.379,0.000,0.001,3013,0,19,-24,29,16.620,81.250,305,305,0,0,0
151781,-0.018,-0.150,0.020,0.003,-0.007,-0.008,0.618,-0.363,-0.586,-0.379,0.000,0.001,3166,0,19,-24,29,16.620,81.250,305,305,0,0,0
151881,-0.017,-0.153,0.000,-0.003,0.017,-0.003,0.618,-0.363,-0.586,-0.379,0.000,0.001,3088,0,20,-25,29,16.620,81.250,305,305,0,0,0
151981,-0.016,-0.154,0.000,0.006,-0.004,0.001,0.618,-0.363,-0.586,-0.379,0.000,0.001,3031,0,19,-25,29,16.620,81.250,305,305,0,0,0
152081,-0.016,-0.154,0.020,0.002,0.004,-0.004,0.618,-0.363,-0.586,-0.379,0.000,0.001,3116,0,19,-25,29,16.620,81.250,305,305,0,0,0
152181,-0.016,-0.154,0.000,0.003,-0.002,0.000,0.618,-0.363,-0.586,-0.379,0.000,0.001,3033,0,19,-25,29,16.630,81.250,305,305,0,0,0
152281,-0.017,-0.154,0.040,0.002,0.003,-0.008,0.618,-0.363,-0.585,-0.379,0.000,0.001,3142,0,20,-25,29,16.630,81.250,305,305,0,0,0
152381,-0.015,-0.155,0.020,-0.003,0.008,-0.003,0.618,-0.362,-0.585,-0.379,0.000,0.001,3058,0,20,-25,29,16.630,81.250,305,305,0,0,0
152481,-0.015,-0.156,0.010,0.003,0.001,-0.006,0.618,-0.362,-0.585,-0.379,0.000,0.001,3106,0,20,-26,29,16.610,81.250,305,305,0,0,0
152581,-0.015,-0.156,0.010,-0.003,0.004,-0.001,0.618,-0.362,-0.585,-0.379,0.000,0.001,3053,0,20,-26,29,16.610,81.250,305,305,0,0,0
152681,-0.015,-0.156,0.020,-0.003,0.006,0.000,0.618,-0.362,-0.585,-0.379,0.000,0.001,3029,0,20,-26,29,16.610,81.250,305,305,0,0,0
152781,-0.015,-0.156,0.010,-0.002,-0.002,0.000,0.618,-0.362,-0.585,-0.379,0.000,0.001,3005,0,20,-26,29,16.610,81.250,305,305,0,0,0
152881,-0.015,-0.155,0.010,0.008,-0.010,-0.002,0.618,-0.362,-0.585,-0.379,0.000,0.001,3049,0,20,-26,29,16.610,81.250,305,305,0,0,0
152981,-0.015,-0.156,0.020,0.000,0.003,0.001,0.618,-0.362,-0.585,-0.379,0.000,0.001,3022,0,20,-26,29,16.610,81.250,305,305,0,0,0
153081,-0.015,-0.156,0.040,-0.004,0.002,-0.001,0.618,-0.362,-0.585,-0.379,0.000,0.001,2996,0,21,-26,29,16.610,81.250,305,305,0,0,0
153181,-0.015,-0.156,0.010,0.000,0.000,0.000,0.618,-0.362,-0.585,-0.379,0.000,0.001,2976,0,21,-26,29,16.610,81.250,305,305,0,0,0
153281,-0.015,-0.156,0.020,0.006,0.000,-0.006,0.618,-0.362,-0.585,-0.379,0.000,0.001,3049,0,21,-27,29,16.610,81.250,305,305,0,0,0
153381,-0.015,-0.156,0.020,0.000,0.004,0.006,0.618,-0.362,-0.585,-0.379,0.000,0.001,2890,0,21,-27,29,16.610,81.250,305,305,0,0,0
153481,-0.015,-0.159,0.030,0.000,0.000,-0.003,0.618,-0.362,-0.585,-0.380,0.000,0.001,3002,0,21,-26,29,16.610,81.250,305,305,0,0,0
153581,-0.014,-0.159,0.000,-0.009,0.014,0.009,0.619,-0.362,-0.585,-0.379,0.000,0.001,2855,0,22,-27,29,16.610,81.250,305,305,0,0,0
153681,-0.015,-0.162,0.030,0.009,0.003,0.007,0.619,-0.362,-0.585,-0.380,0.000,0.001,2871,0,21,-27,29,16.610,81.250,305,305,0,0,0
153781,-0.019,-0.162,0.030,0.011,0.008,0.000,0.619,-0.362,-0.585,-0.379,0.000,0.001,2949,0,21,-28,29,16.610,81.250,305,305,0,0,0
153881,-0.019,-0.161,0.030,0.000,0.007,-0.010,0.619,-0.362,-0.585,-0.379,0.000,0.001,3007,0,22,-27,29,16.610,81.250,305,305,0,0,0
153981,-0.017,-0.161,0.210,0.010,-0.008,0.000,0.619,-0.362,-0.585,-0.379,0.000,0.001,2892,0,21,-27,29,16.620,81.250,305,305,0,0,0
154081,-0.018,-0.159,0.010,-0.008,0.006,-0.002,0.619,-0.362,-0.585,-0.379,0.000,0.001,2894,0,22,-27,29,16.620,81.250,305,305,0,0,0
154181,-0.017,-0.158,-0.050,-0.011,0.006,0.008,0.619,-0.362,-0.585,-0.379,0.000,0.001,2787,0,22,-27,29,16.620,81.250,305,305,0,0,0
154281,-0.017,-0.155,0.070,0.000,-0.012,0.007,0.618,-0.362,-0.585,-0.379,0.000,0.001,2785,0,21,-27,29,16.620,81.250,305,305,0,0,0
154381,-0.021,-0.153,0.000,0.004,-0.004,0.004,0.618,-0.363,-0.586,-0.379,0.000,0.001,2809,0,22,-28,29,16.620,81.250,305,305,0,0,0
154481,-0.020,-0.149,0.040,0.000,-0.017,0.000,0.618,-0.363,-0.586,-0.379,0.000,0.001,2816,0,21,-27,29,16.620,81.250,305,305,0,0,0
154581,-0.021,-0.145,0.020,-0.002,0.006,-0.008,0.617,-0.363,-0.586,-0.378,0.000,0.001,2908,0,22,-28,29,16.620,81.250,305,305,0,0,0
154681,-0.019,-0.144,0.040,0.004,0.000,-0.001,0.617,-0.363,-0.586,-0.378,0.000,0.001,2770,0,22,-28,29,16.620,81.250,305,305,0,0,0
154781,-0.019,-0.143,0.000,0.000,0.001,-0.004,0.617,-0.363,-0.587,-0.378,0.000,0.001,2847,0,22,-28,29,16.620,81.250,305,305,0,0,0
154881,-0.019,-0.142,0.000,-0.009,0.004,0.001,0.617,-0.363,-0.587,-0.378,0.000,0.001,2729,0,23,-28,29,16.620,81.250,305,305,0,0,0
154981,-0.019,-0.142,0.000,0.000,0.000,0.001,0.617,-0.363,-0.587,-0.378,0.000,0.001,2781,0,22,-28,29,16.620,81.250,305,305,0,0,0
155081,-0.019,-0.144,0.000,0.018,0.036,-0.019,0.617,-0.363,-0.587,-0.378,0.000,0.001,2972,0,23,-30,29,16.620,81.250,305,305,0,0,0
155181,-0.011,-0.152,0.010,-0.008,-0.004,-0.007,0.618,-0.362,-0.586,-0.379,0.000,0.001,2823,0,23,-27,29,16.630,81.250,305,305,0,0,0
155281,-0.013,-0.142,0.010,-0.004,-0.041,0.027,0.617,-0.363,-0.587,-0.378,0.000,0.001,2423,0,22,-27,29,16.630,81.250,305,305,0,0,0
155381,-0.023,-0.131,0.010,0.031,0.016,-0.032,0.617,-0.364,-0.588,-0.376,0.000,0.000,3128,0,22,-30,29,16.630,81.250,305,305,0,0,0
155481,-0.006,-0.147,0.000,-0.036,0.066,-0.034,0.617,-0.362,-0.587,-0.379,0.000,0.001,3081,0,26,-29,29,16.630,81.250,305,305,0,0,0
155581,-0.008,-0.147,0.030,0.018,-0.030,0.017,0.617,-0.362,-0.587,-0.379,0.000,0.001,2596,0,21,-28,29,16.630,81.250,305,305,0,0,0
155681,-0.011,-0.144,0.000,-0.010,0.002,0.000,0.617,-0.362,-0.587,-0.378,0.000,0.001,2794,0,23,-28,29,16.630,81.250,305,305,0,0,0
155781,-0.011,-0.142,0.000,-0.003,-0.007,0.000,0.617,-0.362,-0.587,-0.378,0.000,0.001,2799,0,23,-28,29,16.630,81.250,305,305,0,0,0
155881,-0.011,-0.141,0.020,-0.008,0.000,0.000,0.617,-0.363,-0.587,-0.378,0.000,0.001,2771,0,23,-29,29,16.630,81.250,305,305,0,0,0
155981,-0.011,-0.141,0.010,0.000,0.000,-0.004,0.617,-0.363,-0.587,-0.378,0.000,0.001,2833,0,23,-29,29,16.640,81.250,305,305,0,0,0
156081,-0.012,-0.140,0.020,0.001,0.003,-0.006,0.617,-0.363,-0.587,-0.378,0.000,0.001,2816,0,24,-29,29,16.640,81.250,305,305,0,0,0
156181,-0.011,-0.140,0.010,-0.001,-0.002,0.000,0.617,-0.363,-0.587,-0.378,0.000,0.001,2745,0,23,-29,29,16.640,81.250,305,305,0,0,0
156281,-0.012,-0.139,0.010,-0.006,0.011,-0.006,0.617,-0.363,-0.588,-0.378,0.000,0.001,2826,0,24,-29,29,16.640,81.250,305,305,0,0,0
156381,-0.012,-0.140,0.010,0.002,0.000,0.000,0.617,-0.363,-0.587,-0.378,0.000,0.001,2727,0,24,-29,29,16.640,81.250,305,305,0,0,0
156481,-0.012,-0.139,-0.010,0.001,0.009,-0.009,0.617,-0.363,-0.587,-0.378,0.000,0.001,2822,0,24,-29,29,16.620,81.250,305,305,0,0,0
156581,-0.012,-0.140,0.030,0.002,0.000,0.004,0.617,-0.363,-0.587,-0.378,0.000,0.001,2658,0,24,-30,29,16.620,81.250,305,305,0,0,0
156681,-0.012,-0.140,0.010,0.004,0.000,-0.004,0.617,-0.363,-0.587,-0.378,0.000,0.001,2795,0,24,-30,29,16.620,81.250,305,305,0,0,0
156781,-0.012,-0.140,0.030,0.004,-0.004,0.003,0.617,-0.363,-0.587,-0.378,0.000,0.001,2672,0,24,-30,29,16.620,81.250,305,305,0,0,0
156881,-0.012,-0.140,0.030,-0.001,-0.012,0.000,0.617,-0.363,-0.587,-0.378,0.000,0.001,2659,0,24,-30,29,16.620,81.250,305,305,0,0,0
156981,-0.011,-0.139,0.010,-0.006,0.003,0.001,0.617,-0.363,-0.588,-0.378,0.000,0.001,2719,0,25,-30,29,16.620,81.250,305,305,0,0,0
157081,-0.012,-0.138,-0.050,0.008,-0.018,0.009,0.616,-0.363,-0.588,-0.378,0.000,0.001,2573,0,23,-30,29,16.620,81.250,305,305,0,0,0
157181,-0.014,-0.136,0.000,0.000,0.003,0.000,0.616,-0.363,-0.588,-0.378,0.000,0.001,2699,0,25,-30,29,16.620,81.250,305,305,0,0,0
157281,-0.014,-0.136,0.020,-0.004,-0.009,0.007,0.616,-0.363,-0.588,-0.378,0.000,0.001,2497,0,24,-30,29,16.620,81.250,305,305,0,0,0
157381,-0.019,-0.130,0.020,0.007,-0.020,0.009,0.616,-0.364,-0.588,-0.377,0.000,0.000,2527,0,24,-30,29,16.570,81.250,7739,7836,60,60,0
157481,-0.019,-0.128,0.030,0.000,-0.002,0.002,0.616,-0.364,-0.588,-0.377,0.000,0.000,2565,0,24,-30,29,16.570,81.250,7739,7836,60,60,0
157581,-0.019,-0.128,-0.030,0.002,-0.001,0.002,0.616,-0.364,-0.588,-0.377,0.000,0.000,2562,0,25,-30,29,16.570,81.250,7739,7836,60,60,0
157681,-0.019,-0.128,0.000,0.009,-0.010,0.006,0.616,-0.364,-0.589,-0.377,0.000,-0.000,2487,0,24,-30,29,16.570,81.250,7739,7836,60,60,0
157781,-0.019,-0.127,0.020,0.000,0.009,-0.003,0.616,-0.364,-0.589,-0.377,0.000,-0.000,2596,0,25,-31,29,16.600,81.250,7668,7739,60,60,0
157881,-0.019,-0.127,0.010,-0.006,0.009,0.009,0.616,-0.364,-0.589,-0.377,0.000,-0.000,2382,0,25,-30,29,16.600,81.250,7668,7739,60,60,0
157981,-0.017,-0.126,0.030,0.003,0.000,-0.016,0.616,-0.364,-0.589,-0.377,0.000,-0.001,2762,0,25,-31,29,16.600,81.250,7668,7739,60,60,0
158081,-0.019,-0.126,0.020,0.009,-0.013,0.019,0.616,-0.364,-0.589,-0.376,0.000,-0.001,2207,0,24,-30,29,16.600,81.250,7668,7739,60,60,0
158181,-0.022,-0.124,0.010,-0.023,0.000,-0.011,0.616,-0.364,-0.589,-0.376,0.000,-0.001,2660,0,26,-30,29,16.600,81.250,7668,7739,60,60,0
158281,-0.022,-0.119,0.020,0.002,0.008,0.004,0.615,-0.364,-0.590,-0.376,0.000,-0.002,2385,0,25,-31,29,16.610,81.250,7812,7812,60,60,0
158381,-0.017,-0.127,-0.010,0.000,0.029,-0.016,0.616,-0.363,-0.589,-0.376,0.000,-0.002,2642,0,26,-32,29,16.610,81.250,7812,7812,60,60,0
158481,-0.017,-0.127,0.020,0.028,-0.038,0.022,0.616,-0.363,-0.589,-0.376,0.000,-0.002,2118,0,23,-31,29,16.610,81.250,7812,7812,60,60,0
158581,-0.016,-0.129,0.010,-0.017,0.038,-0.031,0.616,-0.363,-0.589,-0.376,0.000,-0.003,2901,0,27,-32,29,16.610,81.250,7812,7716,60,60,0
158681,-0.014,-0.129,0.030,0.002,-0.024,0.022,0.616,-0.363,-0.589,-0.376,0.000,-0.003,2079,0,25,-30,29,16.610,81.250,7812,7716,60,60,0
158781,-0.019,-0.127,0.020,0.000,-0.008,0.000,0.616,-0.363,-0.589,-0.376,0.000,-0.002,2455,0,26,-31,29,16.610,81.250,7812,7716,60,60,0
158881,-0.016,-0.125,0.020,0.021,-0.014,-0.028,0.616,-0.363,-0.589,-0.376,0.000,-0.003,2806,0,25,-32,29,16.610,81.250,7812,7716,60,60,0
158981,-0.019,-0.127,0.010,0.003,0.002,0.014,0.616,-0.363,-0.589,-0.376,0.000,-0.002,2184,0,25,-32,29,16.640,81.290,7716,7812,60,60,0
159081,-0.018,-0.127,0.000,-0.019,0.000,0.000,0.616,-0.363,-0.589,-0.376,0.000,-0.002,2359,0,26,-31,29,16.640,81.290,7716,7812,60,60,0
159181,-0.022,-0.123,0.030,-0.004,-0.007,0.012,0.616,-0.364,-0.589,-0.376,0.000,-0.002,2185,0,26,-31,29,16.640,81.290,7716,7812,60,60,0
159281,-0.022,-0.123,0.020,0.002,-0.008,0.013,0.616,-0.364,-0.589,-0.376,0.000,-0.002,2083,0,25,-32,29,16.640,81.290,7716,7812,60,60,0
159381,-0.013,-0.134,0.090,-0.103,0.117,-0.033,0.616,-0.364,-0.588,-0.378,0.000,0.003,2737,0,33,-32,29,16.640,81.250,305,305,60,60,0
159481,-0.053,-0.149,0.310,-0.233,0.013,0.172,0.616,-0.370,-0.581,-0.381,0.000,0.018,0,2804,34,-25,29,16.640,81.250,305,305,60,60,0
159581,-0.090,-0.140,0.860,-0.338,-0.126,-0.072,0.612,-0.382,-0.575,-0.386,0.000,0.046,3069,0,33,-18,29,16.640,81.250,305,305,60,60,0
159681,-0.032,-0.056,0.170,-0.398,-0.249,-0.183,0.595,-0.392,-0.581,-0.394,0.000,0.076,3831,0,31,-13,29,16.640,81.250,305,305,60,60,0
159781,0.003,-0.014,-0.170,-0.642,-0.070,-0.078,0.578,-0.408,-0.576,-0.410,0.000,0.130,2990,0,43,-10,29,16.620,81.250,305,305,60,60,0
159881,0.051,-0.046,-0.230,-0.808,0.188,-0.156,0.564,-0.423,-0.559,-0.436,0.000,0.202,4169,0,54,-12,29,16.620,81.250,305,305,60,60,0
159981,0.103,-0.090,-0.060,-0.926,0.178,-0.029,0.547,-0.440,-0.538,-0.467,0.000,0.288,3090,0,58,-8,29,16.620,81.250,305,305,60,60,0
160081,0.076,-0.126,0.090,-0.951,0.022,0.120,0.530,-0.465,-0.511,-0.492,0.000,0.382,1503,0,56,-2,29,16.630,81.250,305,305,60,60,0
160181,0.066,-0.096,-0.060,-0.783,-0.262,-0.093,0.506,-0.489,-0.493,-0.511,0.000,0.465,4089,0,44,4,29,16.630,81.250,305,305,60,60,0
160281,0.063,-0.007,0.200,-0.718,-0.283,-0.080,0.479,-0.513,-0.483,-0.524,0.000,0.536,3753,0,46,4,29,16.630,81.250,305,305,60,60,0
160381,0.094,0.043,0.350,-0.410,0.021,-0.092,0.458,-0.527,-0.475,-0.536,0.000,0.590,3959,0,47,-10,29,16.630,81.250,305,305,60,60,0
160481,0.156,0.024,0.000,-0.204,0.051,-0.134,0.449,-0.528,-0.468,-0.548,0.000,0.616,4728,0,43,-11,29,16.630,81.250,305,305,60,60,0
160581,0.201,0.029,-0.230,-0.182,-0.008,-0.099,0.442,-0.529,-0.466,-0.555,0.000,0.633,4806,0,44,-7,29,16.630,81.250,305,305,60,60,0
160681,0.214,0.015,-0.460,-0.066,0.117,0.046,0.440,-0.529,-0.462,-0.559,0.000,0.643,4080,0,46,-14,29,16.630,81.250,305,305,60,60,0
160781,0.220,-0.010,-0.390,-0.053,0.109,0.028,0.441,-0.528,-0.459,-0.562,0.000,0.646,4370,0,47,-13,29,16.610,81.250,305,305,60,60,0
160881,0.197,-0.032,-0.700,-0.054,0.000,0.104,0.443,-0.529,-0.455,-0.563,0.000,0.650,3759,0,44,-9,29,16.610,81.250,305,305,60,60,0
160981,0.174,-0.058,0.000,-0.017,0.090,0.037,0.445,-0.531,-0.450,-0.564,0.000,0.655,4426,0,47,-14,29,16.610,81.250,305,305,60,60,0
161081,0.149,-0.069,-0.280,0.052,-0.063,0.102,0.449,-0.531,-0.449,-0.561,0.000,0.650,3803,0,40,-11,29,16.610,81.250,305,305,60,60,0
161181,0.139,-0.057,-0.310,0.147,0.084,-0.091,0.451,-0.530,-0.453,-0.558,0.000,0.640,5147,0,45,-18,29,16.630,81.250,305,305,60,60,0
161281,0.168,-0.072,0.100,0.033,0.107,0.008,0.455,-0.524,-0.456,-0.558,0.000,0.628,4404,0,49,-14,29,16.630,81.250,305,305,60,60,0
161381,0.173,-0.084,0.080,-0.017,-0.044,0.027,0.456,-0.522,-0.455,-0.559,0.000,0.628,4448,0,45,-9,29,16.630,81.250,305,305,60,60,0
161481,0.169,-0.076,0.030,-0.004,-0.027,-0.031,0.455,-0.523,-0.456,-0.558,0.000,0.628,4918,0,45,-10,29,16.630,81.250,305,305,60,60,0
161581,0.173,-0.060,0.030,0.039,-0.029,-0.022,0.453,-0.524,-0.457,-0.557,0.000,0.628,4803,0,45,-11,29,16.620,81.250,305,305,60,60,0
161681,0.180,-0.052,0.000,0.056,-0.037,-0.017,0.454,-0.523,-0.460,-0.556,0.000,0.622,4778,0,44,-10,29,16.620,81.250,305,305,60,60,0
161781,0.178,-0.042,0.040,0.110,0.006,-0.007,0.456,-0.521,-0.464,-0.553,0.000,0.613,4723,0,44,-13,29,16.620,81.250,305,305,60,60,0
161881,0.182,-0.049,0.000,0.201,0.058,0.004,0.461,-0.516,-0.468,-0.550,0.000,0.596,4687,0,43,-16,29,16.620,81.250,305,305,60,60,0
161981,0.192,-0.064,-0.030,0.191,0.053,-0.009,0.466,-0.511,-0.471,-0.547,0.000,0.580,4852,0,44,-16,29,16.620,81.250,305,305,60,60,0
162081,0.203,-0.065,0.080,0.359,-0.083,-0.038,0.472,-0.504,-0.478,-0.543,0.000,0.558,5061,0,34,-17,29,16.620,81.250,305,305,60,60,0
162181,0.216,-0.034,-0.010,0.561,-0.083,-0.057,0.480,-0.495,-0.493,-0.531,0.000,0.515,5145,0,29,-23,29,16.620,81.250,305,305,60,60,0
162281,0.228,-0.031,0.010,0.533,0.096,-0.009,0.494,-0.479,-0.509,-0.518,0.000,0.458,4930,0,35,-26,29,16.630,81.250,305,305,60,60,0
162381,0.235,-0.040,0.010,0.520,0.040,0.003,0.506,-0.466,-0.520,-0.507,0.000,0.412,4914,0,33,-25,29,16.630,81.250,305,305,60,60,0
162481,0.238,-0.036,0.000,0.496,-0.103,0.011,0.518,-0.453,-0.532,-0.493,0.000,0.362,4862,0,29,-21,29,16.630,81.250,305,305,60,60,0
162581,0.227,-0.013,-0.030,0.449,-0.061,0.041,0.526,-0.443,-0.545,-0.479,0.000,0.317,4620,0,30,-22,29,16.630,81.250,305,305,60,60,0
162681,0.204,0.014,-0.020,0.394,-0.068,0.056,0.534,-0.436,-0.555,-0.465,0.000,0.278,4488,0,30,-22,29,16.630,81.250,305,305,60,60,0
162781,0.179,0.022,0.030,0.310,0.000,0.043,0.541,-0.430,-0.562,-0.454,0.000,0.247,4547,0,32,-22,29,16.630,81.250,305,305,60,60,0
162881,0.171,0.004,0.060,0.282,0.116,0.030,0.550,-0.420,-0.567,-0.446,0.000,0.215,4530,0,36,-25,29,16.630,81.250,305,305,60,60,0
162981,0.160,-0.013,0.180,0.247,0.046,0.026,0.558,-0.413,-0.570,-0.439,0.000,0.191,4523,0,34,-23,29,16.630,81.250,305,305,60,60,0
163081,0.155,-0.027,-0.020,0.233,-0.001,0.010,0.564,-0.406,-0.573,-0.433,0.000,0.169,4600,0,32,-23,29,16.630,81.250,305,305,60,60,0
163181,0.152,-0.027,-0.040,0.252,0.041,0.009,0.570,-0.400,-0.578,-0.426,0.000,0.144,4564,0,33,-25,29,16.630,81.250,305,305,60,60,0
163281,0.145,-0.022,0.150,0.161,-0.016,0.031,0.574,-0.394,-0.583,-0.418,0.000,0.121,4365,0,34,-21,29,16.630,81.250,305,305,60,60,0
163381,0.139,-0.013,-0.060,0.000,0.027,0.009,0.574,-0.394,-0.584,-0.417,0.000,0.118,4522,0,38,-20,29,16.640,81.250,305,305,60,60,0
163481,0.139,-0.017,0.010,0.019,0.023,-0.009,0.575,-0.394,-0.584,-0.417,0.000,0.118,4625,0,37,-20,29,16.640,81.250,305,305,60,60,0
163581,0.146,-0.020,-0.050,0.151,-0.041,-0.009,0.576,-0.391,-0.586,-0.415,0.000,0.110,4611,0,31,-22,29,16.640,81.250,305,305,60,60,0
163681,0.146,-0.017,-0.140,0.313,0.040,0.008,0.581,-0.384,-0.591,-0.408,0.000,0.086,4484,0,29,-29,29,16.640,81.250,305,305,60,60,0
163781,0.118,-0.030,0.070,0.487,0.139,0.093,0.591,-0.373,-0.596,-0.395,0.000,0.040,3842,0,28,-36,29,16.630,81.250,305,305,60,60,0
163881,0.091,-0.045,-0.050,0.259,-0.001,0.072,0.601,-0.363,-0.600,-0.383,0.000,0.009,3889,0,30,-26,29,16.630,81.250,305,305,60,60,0
163981,0.070,-0.034,0.100,0.114,-0.003,0.031,0.604,-0.361,-0.604,-0.375,0.000,-0.008,4138,0,33,-24,29,16.630,81.250,305,305,60,60,0
164081,0.070,-0.029,0.090,0.031,-0.029,0.007,0.605,-0.359,-0.605,-0.373,0.000,-0.016,4229,0,33,-22,29,16.630,81.250,305,305,60,60,0
164181,0.075,-0.026,0.000,0.007,-0.003,-0.023,0.604,-0.358,-0.606,-0.373,0.000,-0.016,4460,0,33,-22,29,16.630,81.250,305,305,60,60,0
164281,0.084,-0.025,0.010,-0.010,-0.001,-0.014,0.604,-0.357,-0.607,-0.373,0.000,-0.017,4363,0,34,-22,29,16.630,81.250,305,305,60,60,0
164381,0.086,-0.021,0.100,-0.058,0.000,0.004,0.603,-0.358,-0.607,-0.374,0.000,-0.015,4253,0,36,-21,29,16.630,81.250,305,305,60,60,0
164481,0.081,-0.015,0.240,-0.193,-0.052,0.011,0.600,-0.363,-0.605,-0.377,0.000,-0.002,4220,0,37,-15,29,16.630,81.250,305,305,60,60,0
164581,0.063,0.011,0.160,-0.402,-0.068,0.068,0.592,-0.377,-0.600,-0.384,0.000,0.034,3672,0,44,-8,29,16.620,81.250,305,305,60,60,0
164681,0.034,0.033,-0.070,-0.724,-0.017,0.072,0.580,-0.396,-0.590,-0.397,0.000,0.089,3588,0,53,-1,29,16.620,81.250,305,305,60,60,0
164781,0.029,0.023,-0.060,-0.821,0.070,-0.014,0.566,-0.418,-0.574,-0.419,0.000,0.164,4257,0,57,-1,29,16.620,81.250,305,305,60,60,0
164881,0.046,-0.012,-0.130,-0.828,0.174,-0.026,0.552,-0.436,-0.554,-0.445,0.000,0.242,4335,0,62,-2,29,16.620,81.250,305,305,60,60,0
164981,0.068,-0.020,0.010,-0.613,-0.181,-0.023,0.535,-0.455,-0.538,-0.467,0.000,0.316,4254,0,47,4,29,16.630,81.250,305,305,60,60,0
165081,0.059,0.017,0.000,-0.446,-0.120,-0.012,0.520,-0.471,-0.529,-0.478,0.000,0.365,4233,0,47,-2,29,16.630,81.250,305,305,60,60,0
165181,0.058,0.031,0.080,-0.169,-0.093,0.007,0.513,-0.478,-0.525,-0.483,0.000,0.389,4076,0,42,-7,29,16.630,81.250,305,305,60,60,0
165281,0.043,0.057,0.000,-0.091,-0.068,0.017,0.508,-0.484,-0.524,-0.483,0.000,0.400,3960,0,43,-7,29,16.630,81.250,305,305,60,60,0
165381,0.033,0.077,-0.030,-0.042,-0.056,-0.007,0.504,-0.489,-0.522,-0.484,0.000,0.411,4122,0,42,-7,29,16.620,81.250,305,305,60,60,0
165481,0.029,0.089,0.000,-0.017,-0.016,-0.001,0.503,-0.490,-0.523,-0.483,0.000,0.412,4022,0,43,-8,29,16.620,81.250,305,305,60,60,0
165581,0.028,0.083,0.010,-0.006,0.017,0.014,0.503,-0.490,-0.522,-0.484,0.000,0.413,3900,0,44,-8,29,16.620,81.250,305,305,60,60,0
165681,0.030,0.075,0.040,0.020,-0.011,0.002,0.504,-0.489,-0.522,-0.484,0.000,0.411,4020,0,42,-7,29,16.620,81.250,305,305,60,60,0
165781,0.032,0.080,-0.090,0.036,-0.010,-0.018,0.504,-0.488,-0.523,-0.483,0.000,0.409,4183,0,42,-8,29,16.620,81.250,305,305,60,60,0
165881,0.023,0.071,-0.630,0.081,0.116,0.058,0.507,-0.487,-0.523,-0.482,0.000,0.404,3478,0,45,-14,29,16.630,81.250,305,305,60,60,0
165981,0.032,0.030,-0.380,0.187,0.190,-0.051,0.514,-0.480,-0.523,-0.481,0.000,0.391,4580,0,45,-19,29,16.630,81.250,305,305,60,60,0
166081,0.076,-0.044,-0.830,0.222,0.283,-0.022,0.523,-0.468,-0.521,-0.485,0.000,0.374,4298,0,47,-23,29,16.630,81.250,305,305,60,60,0
166181,0.107,-0.151,-0.630,0.499,0.362,0.024,0.540,-0.450,-0.520,-0.485,0.000,0.340,4173,0,42,-35,29,16.630,81.250,305,305,60,60,0
166281,0.089,-0.255,0.320,0.508,0.321,0.127,0.563,-0.431,-0.521,-0.476,0.000,0.288,3478,0,45,-35,29,16.620,81.250,305,305,60,60,0
166381,0.100,-0.338,0.460,0.527,0.250,-0.061,0.581,-0.411,-0.523,-0.468,0.000,0.242,5114,0,44,-37,29,16.620,81.250,305,305,60,60,0
166481,0.139,-0.380,0.550,0.329,0.099,-0.017,0.593,-0.394,-0.529,-0.462,0.000,0.199,4607,0,47,-26,29,16.620,81.250,305,305,60,60,0
166581,0.123,-0.381,0.010,0.148,-0.106,0.153,0.598,-0.390,-0.533,-0.455,0.000,0.180,3086,0,45,-21,29,16.620,81.250,305,305,60,60,0
166681,0.029,-0.346,0.030,0.074,-0.192,0.248,0.601,-0.396,-0.535,-0.443,0.000,0.168,1452,0,44,-18,29,16.610,81.250,305,305,60,60,0
166781,-0.022,-0.284,0.130,0.083,-0.180,0.022,0.600,-0.401,-0.540,-0.433,0.000,0.160,3910,0,43,-20,29,16.610,81.250,305,305,60,60,0
166881,-0.018,-0.250,0.090,0.060,-0.070,-0.020,0.598,-0.401,-0.546,-0.429,0.000,0.153,3776,0,47,-22,29,16.610,81.250,305,305,60,60,0
166981,-0.004,-0.257,0.190,0.123,0.079,-0.036,0.600,-0.397,-0.547,-0.428,0.000,0.144,4009,0,47,-27,29,16.610,81.250,305,305,60,60,0
167081,0.005,-0.256,0.290,0.041,0.008,-0.013,0.600,-0.395,-0.549,-0.427,0.000,0.138,3847,0,48,-23,29,16.610,81.250,305,305,60,60,0
167181,0.014,-0.254,0.080,-0.003,-0.046,-0.007,0.600,-0.394,-0.550,-0.427,0.000,0.137,3863,0,47,-20,29,16.610,81.250,305,305,60,60,0
167281,0.017,-0.241,0.030,-0.027,-0.013,0.000,0.598,-0.395,-0.551,-0.427,0.000,0.139,3897,0,48,-21,29,16.610,81.250,305,305,60,60,0
167381,0.021,-0.234,0.050,-0.018,-0.006,-0.017,0.597,-0.396,-0.552,-0.428,0.000,0.142,4020,0,48,-22,29,16.610,81.250,305,305,60,60,0
167481,0.032,-0.240,0.040,-0.021,0.000,-0.039,0.596,-0.395,-0.551,-0.429,0.000,0.143,4263,0,49,-21,29,16.620,81.250,305,305,60,60,0
167581,0.037,-0.230,0.000,-0.021,-0.039,-0.007,0.595,-0.396,-0.552,-0.430,0.000,0.145,4009,0,48,-20,29,16.620,81.250,305,305,60,60,0
167681,0.041,-0.226,-0.030,-0.020,0.012,-0.030,0.594,-0.396,-0.552,-0.431,0.000,0.148,4300,0,49,-22,29,16.620,81.250,305,305,60,60,0
167781,0.051,-0.223,0.430,-0.003,-0.130,0.004,0.592,-0.397,-0.552,-0.432,0.000,0.150,3990,0,44,-17,29,16.620,81.250,305,305,60,60,0
167881,0.052,-0.215,-0.100,-0.041,0.037,0.018,0.591,-0.398,-0.553,-0.432,0.000,0.152,3935,0,52,-22,29,16.620,81.250,305,305,60,60,0
167981,0.043,-0.217,0.000,-0.014,-0.066,0.069,0.591,-0.399,-0.552,-0.432,0.000,0.154,3523,0,47,-19,29,16.620,81.250,305,305,60,60,0
168081,0.017,-0.207,0.000,-0.094,0.003,0.043,0.591,-0.403,-0.550,-0.431,0.000,0.159,3701,0,53,-19,29,16.620,81.250,305,305,60,60,0
168181,0.012,-0.212,-0.010,-0.008,0.011,-0.022,0.590,-0.404,-0.549,-0.432,0.000,0.164,4187,0,49,-22,29,16.620,81.250,305,305,60,60,0
168281,0.019,-0.213,0.010,0.001,0.010,0.013,0.590,-0.403,-0.549,-0.433,0.000,0.163,3824,0,51,-22,29,16.620,81.250,305,305,60,60,0
168381,0.020,-0.212,0.010,0.050,0.000,-0.030,0.591,-0.403,-0.550,-0.432,0.000,0.160,4280,0,49,-23,29,16.620,81.250,305,305,60,60,0
168481,0.042,-0.222,0.000,0.028,0.060,-0.073,0.591,-0.400,-0.550,-0.434,0.000,0.158,4604,0,52,-24,29,16.620,81.250,305,305,60,60,0
168581,0.072,-0.240,0.000,-0.027,0.051,-0.056,0.591,-0.396,-0.550,-0.437,0.000,0.158,4527,0,54,-22,29,16.620,81.250,305,305,60,60,0
168681,0.091,-0.246,0.030,0.007,-0.026,0.017,0.591,-0.395,-0.550,-0.439,0.000,0.158,4093,0,51,-22,29,16.630,81.250,305,305,60,60,0
168781,0.079,-0.240,0.010,-0.002,-0.019,0.038,0.591,-0.396,-0.550,-0.437,0.000,0.158,3995,0,51,-22,29,16.630,81.250,305,305,60,60,0
168881,0.072,-0.239,0.010,0.003,0.006,-0.011,0.591,-0.396,-0.550,-0.437,0.000,0.158,4380,0,52,-23,29,16.630,81.250,305,305,60,60,0
168981,0.085,-0.247,0.010,-0.004,0.050,-0.042,0.592,-0.395,-0.550,-0.438,0.000,0.157,4592,0,54,-24,29,16.640,81.250,305,305,60,60,0
169081,0.099,-0.264,0.000,-0.069,0.039,-0.008,0.592,-0.394,-0.548,-0.441,0.000,0.161,4341,0,56,-22,29,16.640,81.250,305,305,60,60,0
169181,0.098,-0.266,0.000,-0.052,-0.033,0.012,0.591,-0.395,-0.547,-0.443,0.000,0.166,4248,0,54,-21,29,16.640,81.250,305,305,60,60,0
169281,0.096,-0.257,0.000,-0.011,-0.011,-0.004,0.589,-0.397,-0.547,-0.443,0.000,0.170,4396,0,53,-23,29,16.640,81.250,305,305,60,60,0
169381,0.100,-0.259,0.000,-0.004,0.029,-0.018,0.589,-0.397,-0.547,-0.444,0.000,0.171,4488,0,55,-24,29,16.620,81.250,305,305,60,60,0
169481,0.105,-0.264,0.000,0.001,0.004,0.006,0.590,-0.396,-0.546,-0.444,0.000,0.171,4313,0,54,-23,29,16.620,81.250,305,305,60,60,0
169581,0.105,-0.265,0.010,0.008,-0.007,0.004,0.590,-0.396,-0.546,-0.444,0.000,-0.196,4081,0,40,-38,29,16.620,81.250,305,305,60,60,0
169681,0.073,-0.269,0.000,-0.007,-0.003,0.013,0.590,-0.396,-0.546,-0.444,0.000,-0.596,4110,0,34,-45,29,16.600,81.250,305,305,60,60,0
169781,0.070,-0.266,0.000,0.002,-0.018,0.007,0.589,-0.396,-0.546,-0.444,0.000,-1.196,4197,0,18,-60,29,16.600,81.250,305,305,60,60,0
169881,0.068,-0.260,0.000,0.003,-0.011,0.004,0.589,-0.397,-0.547,-0.443,0.000,-1.797,4200,0,7,-72,29,16.600,81.250,305,305,60,60,0
169981,0.068,-0.259,0.020,0.000,-0.013,-0.002,0.589,-0.397,-0.547,-0.443,0.000,-1.797,4236,0,12,-67,29,16.600,81.250,305,305,60,60,0
170081,0.067,-0.257,0.020,-0.008,-0.006,0.012,0.589,-0.398,-0.547,-0.443,0.000,-1.797,4110,0,13,-67,29,16.620,81.250,305,305,60,60,0
170181,0.065,-0.257,0.000,-0.007,-0.004,0.001,0.589,-0.398,-0.547,-0.443,0.000,-1.197,4209,0,31,-49,29,16.620,81.250,305,305,60,60,0
170281,0.064,-0.256,0.000,0.002,-0.002,0.012,0.589,-0.398,-0.547,-0.443,0.000,-0.297,4100,0,52,-29,29,16.620,81.250,305,305,60,60,0
170381,0.058,-0.253,0.010,0.004,-0.018,0.014,0.589,-0.398,-0.547,-0.442,0.000,0.003,4074,0,51,-29,29,16.620,81.250,305,305,60,60,0
170481,0.051,-0.244,0.030,0.014,-0.032,0.016,0.589,-0.399,-0.548,-0.441,0.000,0.003,4037,0,48,-31,29,16.620,81.250,305,305,60,60,0
170581,0.050,-0.239,0.000,-0.006,-0.007,0.008,0.588,-0.400,-0.548,-0.440,0.000,0.002,4086,0,49,-32,29,16.620,81.250,305,305,60,60,0
170681,0.050,-0.238,0.000,-0.006,0.000,-0.004,0.588,-0.400,-0.548,-0.440,0.000,0.002,4167,0,49,-32,29,16.620,81.250,305,305,60,60,0
170781,0.051,-0.238,0.010,0.003,-0.008,0.001,0.588,-0.400,-0.548,-0.440,0.000,0.002,4115,0,48,-33,29,16.620,81.250,305,305,60,60,0
170881,0.050,-0.238,0.010,-0.001,-0.006,0.004,0.588,-0.400,-0.548,-0.440,0.000,0.002,4102,0,49,-33,29,16.620,81.250,305,305,60,60,0
170981,0.050,-0.237,0.010,0.003,-0.008,-0.001,0.588,-0.400,-0.548,-0.440,0.000,0.002,4140,0,49,-33,29,16.620,81.250,305,305,60,60,0
171081,0.050,-0.237,0.020,0.003,0.004,-0.006,0.588,-0.400,-0.548,-0.440,0.000,0.002,4174,0,49,-33,29,16.620,81.250,305,305,60,60,0
171181,0.050,-0.237,0.010,0.000,0.000,0.000,0.588,-0.400,-0.548,-0.440,0.000,0.002,4100,0,49,-33,29,16.610,81.250,305,305,60,60,0
171281,0.050,-0.237,0.020,-0.002,-0.002,0.002,0.588,-0.400,-0.548,-0.440,0.000,0.002,4115,0,50,-33,29,16.610,81.250,305,305,60,60,0
171381,0.050,-0.237,0.010,-0.041,-0.010,0.013,0.588,-0.400,-0.548,-0.440,0.000,0.003,4006,0,51,-32,29,16.610,81.250,305,305,60,60,0
171481,0.039,-0.231,0.010,-0.088,-0.044,0.020,0.586,-0.403,-0.547,-0.441,0.000,0.010,3949,0,51,-30,29,16.610,81.250,305,305,60,60,0
171581,0.035,-0.218,0.030,-0.102,-0.036,-0.004,0.584,-0.406,-0.546,-0.442,0.000,0.017,4131,0,52,-30,29,16.610,81.250,305,305,60,60,0
171681,0.044,-0.211,0.030,-0.182,-0.004,-0.053,0.581,-0.410,-0.545,-0.445,0.000,0.028,4482,0,55,-28,29,16.610,81.250,305,305,60,60,0
171781,0.067,-0.210,0.040,-0.191,-0.012,-0.080,0.575,-0.414,-0.542,-0.453,0.000,0.048,4693,0,55,-28,29,16.610,81.250,305,305,60,60,0
171881,0.090,-0.206,0.020,-0.056,-0.012,-0.016,0.570,-0.416,-0.541,-0.458,0.000,0.062,4246,0,51,-32,29,16.620,81.250,305,305,60,60,0
171981,0.089,-0.205,0.010,0.012,-0.008,0.024,0.570,-0.417,-0.540,-0.458,0.000,0.063,4109,0,50,-33,29,16.620,81.250,305,305,60,60,0
172081,0.086,-0.200,0.020,0.017,-0.008,-0.018,0.570,-0.416,-0.541,-0.457,0.000,0.061,4456,0,51,-33,29,16.620,81.250,305,305,60,60,0
172181,0.094,-0.199,0.020,-0.001,0.000,-0.013,0.570,-0.416,-0.542,-0.457,0.000,0.061,4404,0,52,-32,29,16.620,81.250,305,305,60,60,0
172281,0.097,-0.199,0.020,0.000,-0.006,0.000,0.570,-0.416,-0.542,-0.457,0.000,0.061,4350,0,52,-33,29,16.630,81.250,305,305,60,60,0
172381,0.097,-0.198,0.020,0.011,0.001,-0.007,0.570,-0.416,-0.542,-0.457,0.000,0.060,4397,0,52,-33,29,16.630,81.250,305,305,60,60,0
172481,0.102,-0.201,0.040,0.000,0.023,-0.022,0.570,-0.415,-0.542,-0.458,0.000,0.060,4524,0,53,-33,29,16.630,81.250,305,305,60,60,0
172581,0.103,-0.207,0.030,0.008,0.006,-0.011,0.569,-0.414,-0.542,-0.458,0.000,-0.597,4412,0,33,-53,29,16.630,81.250,305,305,60,60,0
172681,0.105,-0.207,0.000,0.009,0.004,-0.006,0.570,-0.414,-0.542,-0.458,0.000,-1.397,4436,0,12,-73,30,16.610,81.250,305,305,60,60,0
172781,0.105,-0.208,0.000,0.004,0.002,-0.006,0.570,-0.414,-0.542,-0.459,0.000,-1.797,4409,0,8,-79,30,16.610,81.250,305,305,60,60,0
172881,0.107,-0.207,0.000,-0.006,-0.001,0.004,0.569,-0.414,-0.543,-0.459,0.000,-1.797,4362,0,13,-74,30,16.610,81.250,305,305,60,60,0
172981,0.107,-0.206,0.010,0.004,-0.010,0.003,0.569,-0.414,-0.543,-0.459,0.000,-1.497,4383,0,22,-64,30,16.610,81.250,305,305,60,60,0
173081,0.107,-0.206,0.020,0.001,-0.001,0.000,0.569,-0.414,-0.543,-0.459,0.000,-0.897,4408,0,35,-52,29,16.630,81.250,305,305,60,60,0
173181,0.107,-0.206,0.000,0.000,0.007,-0.001,0.569,-0.414,-0.543,-0.459,0.000,-0.297,4396,0,50,-38,29,16.630,81.250,305,305,60,60,0
173281,0.107,-0.206,0.020,0.001,-0.004,0.003,0.569,-0.414,-0.543,-0.459,0.000,0.003,4361,0,51,-36,29,16.630,81.250,305,305,60,60,0
173381,0.107,-0.206,0.030,-0.009,0.000,0.001,0.569,-0.414,-0.543,-0.459,0.000,0.003,4396,0,49,-39,29,16.630,81.250,305,305,60,60,0
173481,0.107,-0.204,0.030,-0.003,0.000,0.006,0.569,-0.414,-0.543,-0.458,0.000,0.003,4345,0,49,-39,29,16.630,81.250,305,305,60,60,0
173581,0.106,-0.203,0.010,0.012,-0.007,0.003,0.569,-0.414,-0.543,-0.458,0.000,0.002,4381,0,48,-40,29,16.630,81.250,305,305,60,60,0
173681,0.106,-0.203,0.010,0.000,0.012,-0.003,0.569,-0.414,-0.543,-0.458,0.000,0.002,4409,0,49,-40,29,16.630,81.250,305,305,60,60,0
173781,0.110,-0.204,0.000,0.003,0.008,-0.010,0.569,-0.413,-0.543,-0.458,0.000,0.002,4462,0,49,-40,29,16.630,81.250,305,305,60,60,0
173881,0.111,-0.205,0.000,0.011,0.007,-0.004,0.569,-0.413,-0.543,-0.459,0.000,0.002,4418,0,48,-40,29,16.630,81.250,305,305,60,60,0
173981,0.110,-0.206,0.000,-0.006,0.007,0.000,0.569,-0.413,-0.543,-0.459,0.000,0.002,4392,0,49,-40,29,16.630,81.250,305,305,60,60,0
174081,0.110,-0.206,0.030,0.003,0.003,0.003,0.569,-0.413,-0.543,-0.459,0.000,0.002,4378,0,49,-40,29,16.630,81.250,305,305,60,60,0
174181,0.110,-0.206,0.000,0.000,-0.001,0.002,0.569,-0.413,-0.543,-0.459,0.000,0.002,4404,0,48,-40,29,16.630,81.250,305,305,60,60,0
174281,0.110,-0.206,0.000,-0.007,-0.001,0.007,0.569,-0.413,-0.543,-0.459,0.000,0.002,4355,0,49,-39,29,16.630,81.250,305,305,60,60,0
174381,0.109,-0.204,0.030,0.011,-0.007,-0.002,0.569,-0.413,-0.543,-0.458,0.000,0.002,4434,0,48,-40,29,16.640,81.250,305,305,60,60,0
174481,0.109,-0.204,0.000,0.006,0.006,0.000,0.569,-0.413,-0.543,-0.458,0.000,0.002,4404,0,48,-40,29,16.640,81.250,305,305,60,60,0
174581,0.109,-0.204,0.010,-0.007,0.003,-0.008,0.569,-0.413,-0.543,-0.458,0.000,0.002,4454,0,49,-39,29,16.640,81.250,305,305,60,60,0
174681,0.109,-0.204,0.020,0.007,-0.008,0.000,0.569,-0.413,-0.543,-0.458,0.000,0.002,4407,0,48,-40,29,16.640,81.250,305,305,60,60,0
174781,0.110,-0.206,0.010,0.002,0.017,-0.012,0.569,-0.413,-0.543,-0.458,0.000,0.002,4504,0,49,-40,29,16.640,81.250,305,305,60,60,0
174881,0.117,-0.211,0.030,0.000,-0.002,0.003,0.569,-0.412,-0.543,-0.459,0.000,-0.197,4403,0,43,-45,29,16.640,81.250,305,305,60,60,0
174981,0.118,-0.211,0.010,-0.006,0.000,0.000,0.569,-0.412,-0.543,-0.459,0.000,-0.597,4445,0,34,-55,29,16.640,81.250,305,305,60,60,0
175081,0.119,-0.211,0.010,0.011,-0.008,0.006,0.569,-0.412,-0.543,-0.459,0.000,-1.397,4420,0,10,-78,29,16.640,81.250,305,305,60,60,0
175181,0.120,-0.210,-0.020,-0.001,0.003,0.000,0.569,-0.412,-0.543,-0.459,0.000,-1.797,4463,0,6,-83,29,16.630,81.250,305,305,60,60,0
175281,0.122,-0.211,0.000,-0.003,-0.007,0.000,0.569,-0.412,-0.543,-0.459,0.000,-1.797,4458,0,9,-79,29,16.630,81.250,305,305,60,60,0
175381,0.123,-0.210,0.010,0.000,-0.001,0.002,0.569,-0.412,-0.543,-0.460,0.000,-1.797,4461,0,9,-79,29,16.630,81.250,305,305,60,60,0
175481,0.123,-0.211,0.000,0.007,-0.002,0.001,0.569,-0.412,-0.543,-0.460,0.000,-1.797,4462,0,8,-80,29,16.630,81.250,305,305,60,60,0
175581,0.124,-0.210,0.020,0.009,-0.002,0.003,0.569,-0.412,-0.543,-0.460,0.000,-1.797,4459,0,7,-81,29,16.630,81.250,305,305,60,60,0
175681,0.125,-0.211,0.010,0.002,0.000,0.000,0.569,-0.412,-0.544,-0.460,0.000,-1.797,4487,0,7,-82,29,16.610,81.250,305,305,60,60,0
175781,0.126,-0.211,0.020,0.000,0.000,0.007,0.569,-0.412,-0.544,-0.460,0.000,-1.197,4439,0,25,-64,29,16.610,81.250,305,305,60,60,0
175881,0.127,-0.211,-0.010,0.006,-0.007,0.003,0.569,-0.412,-0.544,-0.460,0.000,-0.297,4471,0,45,-43,29,16.610,81.250,305,305,60,60,0
175981,0.127,-0.211,0.000,0.004,-0.001,0.003,0.569,-0.412,-0.544,-0.460,0.000,0.003,4464,0,44,-44,29,16.610,81.250,305,305,60,60,0
176081,0.127,-0.211,0.030,0.000,-0.001,0.000,0.569,-0.412,-0.544,-0.460,0.000,0.003,4485,0,42,-46,29,16.630,81.250,305,305,60,60,0
176181,0.127,-0.211,0.000,0.008,0.000,-0.001,0.569,-0.412,-0.544,-0.460,0.000,0.003,4488,0,41,-47,29,16.630,81.250,305,305,60,60,0
176281,0.126,-0.211,0.010,-0.002,0.007,-0.001,0.569,-0.411,-0.544,-0.460,0.000,0.003,4487,0,42,-47,29,16.630,81.250,305,305,60,60,0
176381,0.127,-0.211,0.030,0.010,-0.006,0.002,0.569,-0.411,-0.544,-0.460,0.000,0.003,4468,0,41,-47,29,16.630,81.250,305,305,60,60,0
176481,0.127,-0.211,0.030,0.000,0.006,0.000,0.569,-0.411,-0.544,-0.460,0.000,0.002,4486,0,42,-47,29,16.630,81.250,305,305,60,60,0
176581,0.127,-0.211,0.010,0.006,-0.002,0.000,0.569,-0.411,-0.544,-0.460,0.000,0.002,4480,0,41,-47,29,16.630,81.250,305,305,60,60,0
176681,0.127,-0.211,0.010,0.000,-0.001,0.003,0.569,-0.411,-0.544,-0.460,0.000,0.002,4456,0,41,-47,29,16.630,81.250,305,305,60,60,0
176781,0.127,-0.211,0.010,0.003,0.002,0.002,0.569,-0.411,-0.544,-0.460,0.000,0.002,4465,0,41,-47,29,16.630,81.250,305,305,60,60,0
176881,0.127,-0.211,0.000,0.001,-0.002,0.001,0.569,-0.411,-0.544,-0.460,0.000,-0.397,4478,0,28,-60,29,16.630,81.250,305,305,60,60,0
176981,0.129,-0.213,0.000,0.012,0.010,-0.013,0.569,-0.411,-0.544,-0.460,0.000,-1.197,4590,0,9,-80,30,16.630,81.290,305,305,60,60,0
177081,0.133,-0.218,0.000,0.008,0.022,0.001,0.570,-0.410,-0.544,-0.460,0.000,-1.797,4469,0,-1,-91,30,16.630,81.290,305,305,60,60,0
177181,0.128,-0.221,-0.010,-0.014,-0.042,0.023,0.570,-0.411,-0.542,-0.461,0.000,-1.797,4328,0,1,-85,30,16.630,81.290,305,305,60,60,0
177281,0.114,-0.202,0.000,0.034,-0.110,0.059,0.569,-0.413,-0.544,-0.458,0.000,-1.797,4047,0,-2,-84,30,16.630,81.290,305,305,60,60,0
177381,0.098,-0.177,0.020,-0.017,-0.017,0.006,0.568,-0.415,-0.546,-0.455,0.000,-1.798,4441,0,2,-86,29,16.620,81.250,305,305,60,60,0
177481,0.107,-0.182,0.010,0.009,0.058,-0.042,0.568,-0.415,-0.546,-0.456,0.000,-1.798,4708,0,1,-90,29,16.620,81.250,305,305,60,60,0
177581,0.127,-0.202,0.000,-0.024,0.060,-0.036,0.568,-0.412,-0.545,-0.459,0.000,-0.897,4657,0,33,-58,29,16.620,81.250,305,305,60,60,0
177681,0.137,-0.212,0.030,-0.001,-0.016,0.016,0.569,-0.411,-0.544,-0.461,0.000,0.003,4355,0,43,-44,29,16.620,81.250,305,305,60,60,0
177781,0.128,-0.203,0.000,0.002,-0.043,0.034,0.568,-0.412,-0.544,-0.459,0.000,0.003,4259,0,36,-50,29,16.610,81.250,305,305,60,60,0
177881,0.118,-0.192,0.020,0.018,-0.023,0.009,0.568,-0.413,-0.545,-0.458,0.000,0.003,4452,0,34,-52,29,16.610,81.250,305,305,60,60,0
177981,0.119,-0.191,0.020,-0.001,0.017,-0.020,0.568,-0.413,-0.545,-0.458,0.000,0.002,4628,0,36,-53,29,16.610,81.250,305,305,60,60,0
178081,0.125,-0.194,0.020,0.000,0.002,-0.006,0.568,-0.413,-0.545,-0.458,0.000,-0.597,4460,0,17,-70,29,16.610,81.250,305,305,60,60,0
178181,0.127,-0.194,0.020,-0.002,0.001,0.007,0.568,-0.413,-0.545,-0.458,0.000,-0.797,4428,0,16,-72,29,16.610,81.250,305,305,60,60,0
178281,0.127,-0.194,0.010,0.000,-0.006,0.002,0.568,-0.413,-0.545,-0.458,0.000,-1.397,4463,0,2,-86,29,16.610,81.250,305,305,60,60,0
178381,0.128,-0.194,0.020,0.003,0.003,-0.003,0.568,-0.412,-0.546,-0.458,0.000,-1.797,4523,0,-7,-95,29,16.610,81.250,305,305,60,60,0
178481,0.131,-0.196,0.010,0.000,0.010,-0.016,0.568,-0.412,-0.546,-0.459,0.000,-1.497,4591,0,4,-84,29,16.610,81.250,305,305,60,60,0
178581,0.134,-0.199,0.000,-0.003,0.003,0.000,0.568,-0.412,-0.545,-0.459,0.000,-0.897,4502,0,21,-67,29,16.610,81.250,305,305,60,60,0
178681,0.135,-0.199,0.000,0.013,-0.006,0.006,0.568,-0.411,-0.545,-0.459,0.000,-0.297,4477,0,33,-54,29,16.610,81.250,305,305,60,60,0
178781,0.134,-0.200,0.010,0.007,-0.002,0.004,0.568,-0.411,-0.545,-0.459,0.000,0.003,4493,0,34,-54,29,16.610,81.250,305,305,60,60,0
178881,0.133,-0.199,0.030,0.008,-0.008,0.002,0.568,-0.412,-0.545,-0.459,0.000,0.003,4522,0,32,-56,29,16.620,81.250,305,305,60,60,0
178981,0.134,-0.198,0.010,-0.001,-0.001,0.000,0.568,-0.412,-0.545,-0.459,0.000,0.003,4527,0,32,-56,29,16.620,81.250,305,305,60,60,0
179081,0.133,-0.200,0.040,0.000,0.014,-0.010,0.568,-0.412,-0.545,-0.459,0.000,0.003,4601,0,32,-57,29,16.620,81.250,305,305,60,60,0
179181,0.147,-0.212,0.010,0.000,0.064,-0.049,0.568,-0.410,-0.545,-0.461,0.000,0.003,4892,0,34,-58,30,16.630,81.250,305,305,60,60,0
179281,0.153,-0.232,0.000,0.027,0.028,0.001,0.570,-0.408,-0.543,-0.463,0.000,0.003,4553,0,31,-58,30,16.630,81.250,305,305,60,60,0
179381,0.154,-0.232,0.050,-0.001,-0.009,0.003,0.570,-0.408,-0.543,-0.463,0.000,0.003,4568,0,32,-57,30,16.630,81.250,305,305,60,60,0
179481,0.155,-0.236,0.010,-0.021,0.042,-0.007,0.570,-0.407,-0.543,-0.463,0.000,0.003,4667,0,34,-58,30,16.630,81.250,305,305,60,60,0
179581,0.156,-0.241,0.050,0.008,-0.007,0.011,0.570,-0.407,-0.542,-0.464,0.000,0.004,4535,0,32,-57,30,16.630,81.250,305,305,60,60,0
179681,0.163,-0.252,0.210,-0.021,0.218,-0.079,0.570,-0.407,-0.541,-0.466,0.000,0.008,5271,0,40,-65,30,16.630,81.250,305,305,60,60,0
179781,0.157,-0.274,1.210,0.168,0.161,0.026,0.574,-0.404,-0.540,-0.465,0.000,0.001,4481,0,33,-69,30,16.630,81.250,305,305,60,60,0
179881,0.175,-0.366,0.540,0.372,0.009,-0.013,0.588,-0.386,-0.539,-0.464,0.000,-0.032,4739,0,21,-66,30,16.630,81.250,305,305,60,60,0
179981,0.124,-0.316,-0.120,0.696,-0.109,0.238,0.596,-0.381,-0.550,-0.444,0.000,-0.076,2242,0,9,-78,30,16.630,81.250,305,305,60,60,0
180081,0.043,-0.310,-0.500,1.119,0.264,0.274,0.618,-0.360,-0.565,-0.411,0.000,-0.168,1309,0,11,-101,30,16.630,81.250,305,305,60,60,0
180181,-0.025,-0.335,-0.360,0.798,0.027,0.130,0.642,-0.334,-0.577,-0.379,0.000,-0.263,3050,0,13,-80,30,16.630,81.250,305,305,60,60,0
180281,-0.034,-0.361,-0.270,0.408,0.052,0.017,0.654,-0.316,-0.583,-0.364,0.000,-0.318,3574,0,23,-73,29,16.620,81.250,305,305,60,60,0
180381,-0.039,-0.373,-0.050,0.023,0.000,0.000,0.658,-0.310,-0.585,-0.359,0.000,-0.334,3488,0,29,-64,29,16.620,81.250,305,305,60,60,0
180481,-0.030,-0.361,0.200,-0.547,-0.069,-0.071,0.654,-0.316,-0.583,-0.364,0.000,-0.316,4060,0,43,-48,29,16.620,81.250,305,305,60,60,0
180581,-0.018,-0.329,-0.010,-1.089,-0.199,-0.032,0.636,-0.343,-0.573,-0.388,0.000,-0.236,3642,0,51,-31,29,16.620,81.250,305,305,60,60,0
180681,0.001,-0.315,-0.100,-1.084,0.001,-0.198,0.612,-0.375,-0.554,-0.421,0.000,-0.126,5048,0,53,-40,29,16.630,81.250,305,305,60,60,0
180781,0.048,-0.288,0.170,-0.983,-0.137,-0.103,0.584,-0.406,-0.535,-0.457,0.000,-0.006,4340,0,49,-37,29,16.630,81.250,305,305,60,60,0
180881,0.050,-0.238,0.200,-1.007,-0.213,0.036,0.557,-0.438,-0.518,-0.479,0.000,0.088,3426,0,50,-30,29,16.630,81.250,305,305,60,60,0
180981,0.001,-0.194,0.030,-0.993,-0.137,0.101,0.533,-0.470,-0.497,-0.498,0.000,0.185,2819,0,53,-29,29,16.630,81.250,305,305,60,60,0
181081,-0.039,-0.167,-0.100,-0.873,-0.036,0.006,0.508,-0.499,-0.473,-0.518,0.000,0.281,3631,0,54,-33,29,16.630,81.250,305,305,60,60,0
181181,-0.046,-0.150,0.070,-0.801,-0.063,0.032,0.483,-0.524,-0.450,-0.538,0.000,0.373,3033,0,54,-30,29,16.630,81.250,305,305,60,60,0
181281,-0.070,-0.131,0.070,-0.784,-0.072,0.060,0.464,-0.542,-0.432,-0.552,0.000,0.441,2611,0,55,-27,29,16.630,81.250,305,305,60,60,0
181381,-0.086,-0.120,-0.140,-0.693,0.026,-0.039,0.443,-0.560,-0.412,-0.566,0.000,0.512,3613,0,58,-30,29,16.620,81.250,305,305,60,60,0
181481,-0.062,-0.127,-0.050,-0.536,0.043,-0.031,0.425,-0.571,-0.395,-0.581,0.000,0.571,3459,0,55,-32,29,16.620,81.250,305,305,60,60,0
181581,-0.051,-0.134,0.050,-0.240,0.036,0.028,0.413,-0.578,-0.382,-0.591,0.000,0.612,2987,0,49,-38,29,16.620,81.250,305,305,60,60,0
181681,-0.055,-0.145,0.050,-0.128,0.042,0.056,0.410,-0.581,-0.377,-0.594,0.000,0.626,2727,0,49,-39,29,16.620,81.250,305,305,60,60,0
181781,-0.070,-0.154,0.060,-0.029,-0.006,0.029,0.409,-0.583,-0.373,-0.595,0.000,0.632,2942,0,47,-39,29,16.610,81.250,305,305,60,60,0
181881,-0.072,-0.155,0.060,0.012,-0.006,-0.010,0.410,-0.583,-0.373,-0.595,0.000,0.632,3184,0,47,-39,29,16.610,81.250,305,305,60,60,0
181981,-0.073,-0.151,-0.020,-0.003,-0.008,0.010,0.409,-0.583,-0.373,-0.595,0.000,0.632,2832,0,48,-38,29,16.610,81.250,305,305,60,60,0
182081,-0.075,-0.148,-0.030,0.009,0.020,0.013,0.409,-0.583,-0.374,-0.594,0.000,0.632,2766,0,49,-39,29,16.610,81.250,305,305,60,60,0
182181,-0.075,-0.151,0.000,0.009,0.022,0.001,0.410,-0.582,-0.374,-0.594,0.000,0.630,2872,0,49,-38,29,16.630,81.250,305,305,60,60,0
182281,-0.074,-0.157,-0.020,0.057,-0.012,0.019,0.411,-0.581,-0.374,-0.594,0.000,0.627,2614,0,47,-39,29,16.630,81.250,305,305,60,60,0
182381,-0.077,-0.162,-0.010,0.202,0.078,0.010,0.416,-0.579,-0.377,-0.592,0.000,0.615,2708,0,46,-46,29,16.630,81.250,305,305,60,60,0
182481,-0.066,-0.181,0.060,0.521,0.096,0.009,0.426,-0.570,-0.385,-0.587,0.000,0.584,2772,0,37,-56,29,16.620,81.250,305,305,60,60,0
182581,-0.043,-0.203,0.060,0.757,0.040,0.007,0.445,-0.554,-0.403,-0.577,0.000,0.523,2834,0,30,-59,29,16.620,81.250,305,305,60,60,0
182681,-0.050,-0.221,0.020,0.828,-0.030,0.090,0.469,-0.535,-0.423,-0.560,0.000,0.438,1937,0,26,-58,29,16.620,81.250,305,305,60,60,0
182781,-0.056,-0.214,0.060,0.892,-0.029,0.009,0.492,-0.517,-0.446,-0.540,0.000,0.363,2795,0,25,-63,29,16.620,81.250,305,305,60,60,0
182881,-0.060,-0.200,0.080,0.931,-0.063,0.078,0.515,-0.496,-0.471,-0.517,0.000,0.273,1369,0,21,-64,29,16.600,81.250,305,305,60,60,0
182981,-0.075,-0.191,-0.060,0.941,-0.029,0.063,0.538,-0.475,-0.494,-0.492,0.000,0.181,1630,0,20,-67,29,16.600,81.250,305,305,60,60,0
183081,-0.089,-0.202,-0.070,0.784,0.007,0.026,0.560,-0.452,-0.514,-0.467,0.000,0.088,2384,0,22,-65,29,16.600,81.250,305,305,60,60,0
183181,-0.077,-0.214,-0.070,0.448,0.047,-0.064,0.574,-0.434,-0.526,-0.454,0.000,0.033,3181,0,32,-59,29,16.600,81.250,305,305,60,60,0
183281,-0.047,-0.213,0.100,0.289,-0.077,-0.023,0.581,-0.420,-0.537,-0.444,0.000,-0.008,2483,0,30,-53,30,16.630,81.250,305,305,60,60,0
183381,-0.025,-0.211,0.040,0.073,0.069,-0.098,0.582,-0.416,-0.540,-0.443,0.000,-0.019,3623,0,38,-55,30,16.630,81.250,305,305,60,60,0
183481,-0.006,-0.210,-0.160,0.322,0.003,0.027,0.586,-0.408,-0.546,-0.438,0.000,-0.040,2176,0,26,-63,30,16.630,81.250,305,305,60,60,0
183581,-0.018,-0.216,0.010,0.266,-0.028,0.070,0.593,-0.401,-0.551,-0.430,0.000,-0.068,1605,0,28,-58,30,16.630,81.250,305,305,60,60,0
183681,-0.025,-0.202,0.190,0.380,-0.077,0.043,0.598,-0.395,-0.557,-0.420,0.000,-0.095,2254,0,21,-62,30,16.610,81.250,305,305,60,60,0
183781,-0.026,-0.190,0.190,0.698,0.020,-0.036,0.606,-0.381,-0.568,-0.405,0.000,-0.144,3150,0,14,-75,30,16.610,81.250,305,305,60,60,0
183881,-0.008,-0.189,-0.090,0.738,-0.001,0.062,0.620,-0.356,-0.584,-0.383,0.000,-0.223,1443,0,14,-74,30,16.610,81.250,305,305,60,60,0
183981,-0.046,-0.192,-0.020,0.623,-0.019,0.159,0.634,-0.340,-0.593,-0.361,0.000,-0.285,0,2048,15,-70,30,16.610,81.250,305,305,60,60,0
184081,-0.099,-0.201,-0.110,0.657,0.094,0.164,0.648,-0.324,-0.600,-0.340,0.000,-0.344,0,2547,15,-78,30,16.610,81.250,305,305,60,60,0
184181,-0.158,-0.211,-0.110,0.561,-0.034,0.118,0.662,-0.308,-0.606,-0.316,0.000,-0.406,0,2340,13,-72,30,16.610,81.250,305,305,60,60,0
184281,-0.183,-0.225,-0.010,0.344,0.068,0.060,0.671,-0.296,-0.609,-0.303,0.000,-0.445,0,2296,20,-72,30,16.610,81.250,305,305,60,60,0
184381,-0.174,-0.231,-0.070,0.178,0.022,-0.060,0.675,-0.286,-0.613,-0.295,0.000,-0.472,1168,0,23,-68,30,16.610,81.250,305,305,60,60,0
184481,-0.148,-0.246,0.060,0.036,0.058,-0.024,0.676,-0.280,-0.614,-0.295,0.000,-0.481,0,1578,26,-67,30,16.620,81.250,305,305,60,60,0
184581,-0.146,-0.260,0.160,0.013,-0.019,-0.003,0.677,-0.279,-0.613,-0.296,0.000,-0.481,0,1748,22,-66,30,16.620,81.250,305,305,60,60,0
184681,-0.141,-0.251,0.080,-0.056,-0.072,0.000,0.675,-0.281,-0.613,-0.298,0.000,-0.475,0,1788,23,-63,30,16.620,81.250,305,305,60,60,0
184781,-0.137,-0.230,-0.060,-0.052,-0.046,0.016,0.672,-0.284,-0.615,-0.298,0.000,-0.470,0,2121,23,-65,30,16.620,81.250,305,305,60,60,0
184881,-0.134,-0.218,-0.060,-0.012,-0.028,0.012,0.671,-0.285,-0.616,-0.298,0.000,-0.468,0,2173,22,-66,29,16.630,81.250,305,305,60,60,0
184981,-0.135,-0.216,0.000,0.018,0.007,-0.018,0.671,-0.286,-0.616,-0.298,0.000,-0.467,0,1700,22,-68,29,16.630,81.250,305,305,60,60,0
185081,-0.135,-0.225,0.070,-0.020,0.036,-0.006,0.671,-0.286,-0.615,-0.299,0.000,-0.466,0,2185,23,-67,29,16.630,81.250,305,305,60,60,0
185181,-0.132,-0.233,0.070,-0.050,0.008,-0.012,0.672,-0.285,-0.614,-0.301,0.000,-0.464,0,2170,23,-66,29,16.630,81.250,305,305,60,60,0
185281,-0.130,-0.228,0.070,-0.112,-0.037,-0.001,0.670,-0.288,-0.613,-0.303,0.000,-0.457,0,2367,24,-63,30,16.620,81.250,305,305,60,60,0
185381,-0.133,-0.207,0.150,-0.300,-0.127,0.039,0.664,-0.298,-0.612,-0.309,0.000,-0.432,0,2948,27,-54,30,16.620,81.250,305,305,60,60,0
185481,-0.135,-0.178,0.020,-0.438,-0.084,-0.024,0.656,-0.312,-0.609,-0.319,0.000,-0.396,0,2135,30,-53,30,16.620,81.250,305,305,60,60,0
185581,-0.117,-0.166,-0.060,-0.614,-0.074,-0.073,0.646,-0.327,-0.603,-0.335,0.000,-0.348,0,1406,36,-47,30,16.620,81.250,305,305,60,60,0
185681,-0.079,-0.149,-0.070,-0.703,-0.053,-0.144,0.632,-0.345,-0.596,-0.356,0.000,-0.286,1929,0,39,-45,30,16.610,81.250,305,305,60,60,0
185781,-0.011,-0.153,-0.090,-0.602,0.038,-0.177,0.617,-0.360,-0.587,-0.380,0.000,-0.222,2642,0,39,-51,30,16.610,81.250,305,305,60,60,0
185881,0.035,-0.161,-0.190,-0.276,-0.097,-0.077,0.607,-0.370,-0.581,-0.398,0.000,-0.176,1663,0,26,-55,30,16.610,81.250,305,305,60,60,0
185981,0.029,-0.132,-0.040,-0.113,-0.057,0.077,0.601,-0.377,-0.580,-0.400,0.000,-0.161,0,2400,26,-58,30,16.610,81.250,305,305,60,60,0
186081,0.001,-0.122,0.040,-0.204,0.064,0.066,0.598,-0.386,-0.575,-0.404,0.000,-0.140,0,2032,33,-57,30,16.610,81.250,305,305,60,60,0
186181,-0.019,-0.143,0.100,-0.177,0.017,0.039,0.597,-0.391,-0.568,-0.409,0.000,-0.120,0,1898,30,-55,29,16.620,81.250,305,305,60,60,0
186281,-0.032,-0.145,0.060,-0.203,0.022,0.029,0.594,-0.397,-0.564,-0.414,0.000,-0.103,0,1966,32,-54,29,16.620,81.250,305,305,60,60,0
186381,-0.051,-0.149,-0.010,-0.474,0.013,0.068,0.589,-0.407,-0.556,-0.422,0.000,-0.071,0,2756,42,-45,29,16.620,81.250,305,305,60,60,0
186481,-0.085,-0.143,-0.190,-0.692,-0.027,0.056,0.577,-0.428,-0.542,-0.437,0.000,-0.003,0,2796,44,-40,29,16.620,81.250,305,305,60,60,0
186581,-0.095,-0.137,-0.240,-0.088,-0.059,-0.102,0.569,-0.440,-0.533,-0.446,0.000,0.030,1212,0,25,-58,29,16.620,81.250,305,305,60,60,0
186681,-0.049,-0.130,-0.250,0.564,0.020,-0.053,0.572,-0.428,-0.543,-0.440,0.000,-0.001,0,1712,13,-75,29,16.620,81.250,305,305,60,60,0
186781,-0.053,-0.154,-0.030,0.788,0.127,0.096,0.590,-0.407,-0.555,-0.422,0.000,-0.071,0,3392,13,-80,29,16.620,81.250,305,305,60,60,0
186881,-0.084,-0.185,0.060,0.333,0.069,0.063,0.605,-0.391,-0.562,-0.406,0.000,-0.126,0,2885,26,-64,29,16.620,81.250,305,305,60,60,0
186981,-0.107,-0.228,0.110,0.089,0.224,0.042,0.614,-0.384,-0.560,-0.402,0.000,-0.145,0,3057,35,-66,29,16.630,81.250,305,305,60,60,0
187081,-0.095,-0.285,0.000,0.092,0.138,-0.083,0.620,-0.376,-0.557,-0.404,0.000,-0.154,0,1286,30,-67,29,16.630,81.250,305,305,60,60,0
187181,-0.090,-0.304,0.330,0.143,-0.053,0.048,0.624,-0.371,-0.558,-0.403,0.000,-0.165,0,3438,22,-64,29,16.630,81.250,305,305,60,60,0
187281,-0.092,-0.289,0.210,0.047,-0.103,0.023,0.624,-0.370,-0.561,-0.398,0.000,-0.174,0,3091,25,-60,29,16.630,81.250,305,305,60,60,0
187381,-0.082,-0.256,1.420,0.059,-0.084,-0.040,0.622,-0.370,-0.566,-0.395,0.000,-0.180,0,2244,25,-62,29,16.630,81.250,305,305,60,60,0
187481,-0.056,-0.211,0.000,0.020,-0.207,-0.043,0.617,-0.372,-0.571,-0.394,0.000,-0.178,0,2124,21,-57,29,16.630,81.250,305,305,60,60,0
187581,-0.033,-0.183,0.030,-0.012,-0.060,-0.032,0.612,-0.373,-0.575,-0.395,0.000,-0.177,0,2154,25,-61,29,16.630,81.250,305,305,60,60,0
187681,-0.018,-0.155,-0.040,-0.017,-0.086,-0.038,0.609,-0.374,-0.578,-0.394,0.000,-0.175,0,1836,24,-59,29,16.620,81.250,305,305,60,60,0
187781,-0.007,-0.139,-0.040,-0.040,-0.004,0.014,0.606,-0.376,-0.579,-0.395,0.000,-0.171,0,2567,26,-60,29,16.620,81.250,305,305,60,60,0
187881,-0.024,-0.128,0.040,-0.024,-0.043,0.042,0.605,-0.379,-0.579,-0.394,0.000,-0.168,0,2823,24,-59,29,16.620,81.250,305,305,60,60,0
187981,-0.009,-0.177,0.000,0.079,0.109,-0.042,0.611,-0.370,-0.577,-0.395,0.000,-0.180,0,1780,26,-65,29,16.620,81.250,305,305,60,60,0
188081,0.001,-0.211,0.310,0.070,0.148,-0.067,0.615,-0.366,-0.576,-0.396,0.000,-0.185,0,776,28,-68,30,16.610,81.250,305,305,60,60,0
188181,0.024,-0.214,-0.050,0.113,-0.102,-0.031,0.615,-0.361,-0.578,-0.396,0.000,-0.193,0,1648,19,-62,30,16.610,81.250,305,305,60,60,0
188281,0.036,-0.199,-0.430,0.069,0.027,0.000,0.615,-0.358,-0.582,-0.392,0.000,-0.204,0,1894,25,-65,30,16.610,81.250,305,305,60,60,0
188381,0.042,-0.217,-0.060,0.020,0.138,0.000,0.617,-0.356,-0.581,-0.393,0.000,-0.207,0,1421,28,-68,30,16.610,81.250,305,305,60,60,0
188481,0.043,-0.236,-0.190,0.082,-0.137,0.068,0.620,-0.353,-0.581,-0.393,0.000,-0.212,0,2881,17,-61,29,16.610,81.250,305,305,60,60,0
188581,0.051,-0.214,0.080,0.013,0.000,0.018,0.618,-0.352,-0.584,-0.390,0.000,-0.218,0,1928,25,-64,29,16.610,81.250,305,305,60,60,0
188681,0.040,-0.209,0.050,0.019,-0.019,0.031,0.619,-0.352,-0.584,-0.388,0.000,-0.220,0,1966,23,-64,29,16.610,81.250,305,305,60,60,0
188781,0.030,-0.201,0.040,-0.019,-0.029,0.042,0.619,-0.353,-0.585,-0.387,0.000,-0.221,0,2279,24,-63,29,16.610,81.250,305,305,60,60,0
188881,0.010,-0.200,0.010,-0.004,0.003,0.046,0.620,-0.355,-0.584,-0.386,0.000,-0.219,0,2395,24,-65,30,16.620,81.250,305,305,60,60,0
188981,0.001,-0.204,0.000,-0.014,0.032,-0.017,0.620,-0.356,-0.583,-0.386,0.000,-0.218,0,1407,25,-65,30,16.620,81.250,305,305,60,60,0
189081,0.008,-0.214,0.000,0.018,0.012,-0.017,0.620,-0.356,-0.581,-0.388,0.000,-0.216,0,1642,23,-66,30,16.620,81.250,305,305,60,60,0
189181,0.011,-0.218,0.000,-0.020,0.006,0.010,0.621,-0.355,-0.581,-0.388,0.000,-0.217,0,2028,24,-64,29,16.630,81.250,305,305,60,60,0
189281,0.003,-0.249,-0.250,0.023,-0.026,-0.049,0.620,-0.359,-0.574,-0.396,0.000,-0.197,455,0,18,-67,29,16.630,81.250,305,305,60,60,0
189381,-0.003,-0.225,0.040,0.049,-0.100,0.011,0.621,-0.358,-0.579,-0.390,0.000,-0.209,0,2021,20,-63,29,16.630,81.250,305,305,60,60,0
189481,-0.001,-0.230,-0.030,-0.014,0.078,-0.032,0.621,-0.357,-0.578,-0.391,0.000,-0.208,0,1241,27,-67,29,16.630,81.250,305,305,60,60,0
189581,0.015,-0.252,-0.010,-0.033,0.036,-0.016,0.622,-0.356,-0.576,-0.394,0.000,-0.205,0,1824,26,-65,30,16.630,81.250,305,305,60,60,0
189681,0.009,-0.254,0.020,0.028,0.002,0.000,0.622,-0.356,-0.576,-0.394,0.000,-0.206,0,1792,23,-67,30,16.630,81.250,305,305,60,60,0
189781,0.009,-0.258,0.000,-0.013,0.027,0.008,0.622,-0.355,-0.575,-0.394,0.000,-0.205,0,1975,25,-66,30,16.630,81.250,305,305,60,60,0
189881,0.010,-0.263,0.010,-0.006,-0.009,0.001,0.623,-0.355,-0.575,-0.395,0.000,-0.205,0,1853,24,-66,29,16.630,81.250,305,305,60,60,0
189981,0.011,-0.262,0.020,-0.017,0.004,-0.001,0.622,-0.355,-0.575,-0.395,0.000,-0.204,0,1748,25,-66,29,16.630,81.250,305,305,60,60,0
190081,0.012,-0.264,0.000,-0.002,-0.002,0.006,0.622,-0.355,-0.575,-0.395,0.000,-0.204,0,1863,24,-66,29,16.630,81.250,305,305,60,60,0
190181,0.012,-0.265,-0.010,-0.003,-0.007,0.003,0.623,-0.355,-0.575,-0.395,0.000,-0.204,0,1815,24,-66,29,16.630,81.250,305,305,60,60,0
190281,0.047,-0.262,0.020,0.001,-0.006,0.032,0.623,-0.355,-0.575,-0.395,0.000,0.003,0,1909,29,-62,29,16.630,81.250,305,305,60,60,0
190381,0.044,-0.261,0.000,-0.001,0.000,-0.010,0.623,-0.356,-0.574,-0.395,0.000,0.003,0,785,28,-62,29,16.630,81.250,305,305,60,60,0
190481,0.045,-0.262,0.010,0.004,0.008,-0.008,0.623,-0.356,-0.574,-0.395,0.000,0.003,0,791,28,-63,29,16.630,81.250,305,305,60,60,0
190581,0.045,-0.264,0.000,0.012,0.007,0.008,0.623,-0.355,-0.574,-0.395,0.000,0.003,0,1348,28,-63,29,16.630,81.250,305,305,60,60,0
190681,0.046,-0.267,0.010,-0.011,0.004,-0.001,0.623,-0.355,-0.574,-0.395,0.000,0.003,0,930,29,-62,30,16.620,81.250,305,305,60,60,0
190781,0.047,-0.269,0.020,0.000,-0.004,0.011,0.623,-0.355,-0.574,-0.396,0.000,0.003,0,1286,28,-62,30,16.620,81.250,305,305,60,60,0
190881,0.045,-0.271,0.000,-0.029,0.009,0.004,0.623,-0.355,-0.573,-0.396,0.000,0.003,0,967,29,-62,30,16.620,81.250,305,305,60,60,0
190981,0.040,-0.277,0.030,0.047,-0.037,0.047,0.623,-0.356,-0.572,-0.397,0.000,0.003,0,2022,24,-63,30,16.610,81.250,305,305,60,60,0
191081,0.029,-0.250,0.000,-0.053,0.002,-0.077,0.622,-0.358,-0.575,-0.394,0.000,0.003,2238,0,32,-62,30,16.610,81.250,305,305,60,60,0
191181,0.019,-0.278,0.610,-0.098,0.047,0.104,0.624,-0.358,-0.571,-0.396,0.000,0.003,0,2947,32,-60,30,16.610,81.250,305,305,60,60,0
191281,0.008,-0.280,0.550,-0.080,-0.140,-0.117,0.623,-0.361,-0.568,-0.398,0.000,0.003,2666,0,25,-56,30,16.610,81.250,305,305,60,60,0
191381,0.049,-0.222,-0.200,-0.229,-0.226,-0.072,0.613,-0.365,-0.574,-0.401,0.000,0.002,1686,0,28,-49,30,16.630,81.250,305,305,60,60,0
191481,0.069,-0.119,-0.430,-0.314,-0.299,-0.027,0.597,-0.380,-0.581,-0.404,0.000,0.001,0,367,31,-47,30,16.630,81.250,305,305,60,60,0
191581,0.088,-0.091,-0.400,-0.248,0.044,-0.088,0.587,-0.388,-0.578,-0.412,0.000,0.001,2661,0,32,-57,30,16.630,81.250,305,305,60,60,0
191681,0.130,-0.123,0.170,-0.299,0.096,-0.129,0.583,-0.389,-0.573,-0.424,0.000,0.001,3383,0,35,-55,30,16.610,81.250,305,305,60,60,0
191781,0.178,-0.166,0.190,-0.410,0.128,-0.168,0.577,-0.393,-0.564,-0.441,0.000,0.002,4063,0,39,-53,30,16.610,81.250,305,305,60,60,0
191881,0.216,-0.206,-0.160,-0.694,-0.023,-0.041,0.567,-0.402,-0.551,-0.462,0.000,0.004,3279,0,42,-42,30,16.610,81.250,305,305,60,60,0
191981,0.208,-0.220,-0.060,-0.872,0.177,0.023,0.554,-0.419,-0.537,-0.480,0.000,0.004,2791,0,55,-45,30,16.610,81.250,305,305,60,60,0
192081,0.187,-0.288,-0.640,-0.761,0.200,0.023,0.541,-0.436,-0.512,-0.505,0.000,0.006,2794,0,50,-52,29,16.630,81.250,305,305,60,60,0
192181,0.104,-0.307,0.690,-0.714,-0.191,0.129,0.531,-0.456,-0.491,-0.519,0.000,0.006,886,0,39,-39,29,16.630,81.250,305,305,60,60,0
192281,0.075,-0.273,0.190,-0.742,-0.004,-0.058,0.509,-0.480,-0.473,-0.535,0.000,-0.003,3268,0,47,-46,29,16.630,81.250,305,305,60,60,0
192381,0.090,-0.277,0.080,-0.727,-0.027,-0.193,0.490,-0.494,-0.458,-0.553,0.000,-0.003,4413,0,44,-45,29,16.630,81.250,305,305,60,60,0
192481,0.138,-0.296,-0.200,-0.552,0.172,-0.159,0.471,-0.503,-0.444,-0.572,0.000,-0.002,4238,0,47,-56,29,16.600,81.290,305,305,60,60,0
192581,0.147,-0.307,-0.290,-0.774,-0.099,-0.042,0.453,-0.516,-0.428,-0.588,0.000,-0.002,3484,0,47,-39,29,16.600,81.290,305,305,60,60,0
192681,0.136,-0.304,-0.290,-1.079,-0.001,-0.106,0.427,-0.534,-0.405,-0.607,0.000,-0.002,4174,0,58,-35,29,16.600,81.290,305,305,60,60,0
192781,0.128,-0.301,-0.110,-1.107,-0.130,-0.073,0.394,-0.556,-0.375,-0.628,0.000,-0.002,3864,0,52,-32,29,16.600,81.290,305,305,60,60,0
192881,0.093,-0.260,0.200,-1.034,-0.136,0.081,0.362,-0.581,-0.345,-0.642,0.000,-0.001,2059,0,51,-35,29,16.620,81.250,305,305,60,60,0
192981,0.024,-0.235,-0.080,-0.876,-0.022,0.077,0.337,-0.602,-0.315,-0.653,0.000,-0.001,2364,0,49,-41,29,16.620,81.250,305,305,60,60,0
193081,-0.011,-0.229,0.040,-0.604,0.040,-0.024,0.315,-0.615,-0.290,-0.662,0.000,-0.001,3094,0,44,-49,29,16.620,81.250,305,305,60,60,0
193181,-0.014,-0.241,-0.020,-0.487,0.040,-0.014,0.299,-0.620,-0.274,-0.671,0.000,-0.002,2727,0,43,-49,29,16.620,81.250,305,305,60,60,0
193281,-0.032,-0.248,-0.070,-0.526,-0.022,-0.004,0.283,-0.627,-0.256,-0.679,0.000,-0.002,2596,0,43,-45,29,16.610,81.250,305,305,60,60,0
193381,-0.038,-0.250,0.000,-0.226,0.084,-0.018,0.272,-0.632,-0.243,-0.685,0.000,-0.002,2856,0,38,-58,29,16.610,81.250,305,305,60,60,0
193481,-0.009,-0.283,0.110,-0.086,0.082,-0.056,0.266,-0.628,-0.241,-0.690,0.000,-0.002,3324,0,37,-58,29,16.610,81.250,305,305,60,60,0
193581,0.017,-0.296,0.080,-0.013,-0.078,-0.061,0.262,-0.627,-0.241,-0.693,0.000,-0.002,3500,0,32,-55,29,16.620,81.250,305,305,60,60,0
193681,0.047,-0.274,0.090,0.224,-0.083,-0.008,0.265,-0.626,-0.249,-0.690,0.000,-0.001,3051,0,25,-61,29,16.620,81.250,305,305,60,60,0
193781,0.109,-0.264,-0.060,0.748,-0.128,0.017,0.276,-0.619,-0.271,-0.684,0.000,-0.000,3761,0,10,-74,29,16.620,81.250,305,305,60,60,0
193881,0.134,-0.233,0.060,1.173,-0.007,0.044,0.303,-0.609,-0.301,-0.669,0.000,-0.000,3562,0,4,-86,29,16.620,81.250,305,305,60,60,0
193981,0.139,-0.221,0.220,1.461,0.049,0.156,0.349,-0.587,-0.345,-0.644,0.000,-0.000,2445,0,2,-91,29,16.620,81.250,305,305,60,60,0
194081,0.127,-0.217,0.050,1.801,0.027,0.148,0.401,-0.558,-0.391,-0.613,0.000,-0.001,2776,0,-8,-98,29,16.620,81.250,305,305,60,60,0
194181,0.130,-0.225,-0.330,1.987,0.116,0.152,0.460,-0.515,-0.444,-0.571,0.000,-0.001,2700,0,-9,-104,29,16.620,81.250,305,305,60,60,0
194281,0.125,-0.231,-0.120,1.931,0.123,0.147,0.508,-0.475,-0.486,-0.529,0.000,-0.002,2907,0,-6,-101,29,16.620,81.250,305,305,60,60,0
194381,0.114,-0.240,-0.070,1.850,-0.011,0.234,0.558,-0.426,-0.528,-0.478,0.000,0.004,1375,0,-8,-94,29,16.620,81.250,305,305,60,60,0
194481,0.069,-0.216,0.150,1.738,0.008,0.298,0.600,-0.381,-0.564,-0.420,0.000,0.002,0,2006,-3,-93,29,16.620,81.250,305,305,60,60,0
194581,0.007,-0.182,0.350,1.219,-0.150,0.238,0.629,-0.344,-0.593,-0.367,0.000,0.001,0,1579,5,-74,29,16.620,81.250,305,305,60,60,0
194681,-0.058,-0.118,0.240,0.671,-0.377,0.162,0.642,-0.323,-0.613,-0.327,0.000,0.000,0,1105,8,-56,29,16.620,81.250,305,305,60,60,0
194781,-0.114,-0.030,-0.080,0.391,-0.309,0.146,0.643,-0.317,-0.628,-0.302,0.000,-0.000,0,2297,11,-55,29,16.630,81.250,305,305,60,60,0
194881,-0.163,0.042,-0.180,0.233,-0.178,0.053,0.642,-0.315,-0.639,-0.285,0.000,0.000,0,1763,15,-56,29,16.630,81.250,305,305,60,60,0
194981,-0.192,0.067,-0.290,0.033,-0.086,-0.001,0.641,-0.316,-0.641,-0.279,0.000,0.001,0,1552,20,-53,29,16.630,81.250,305,305,60,60,0
195081,-0.183,0.073,-0.210,-0.054,0.000,-0.086,0.640,-0.317,-0.641,-0.281,0.000,0.001,1236,0,23,-55,29,16.630,81.250,305,305,60,60,0
195181,-0.136,0.063,0.070,-0.016,-0.003,-0.113,0.638,-0.315,-0.641,-0.287,0.000,0.000,1898,0,20,-56,29,16.610,81.250,305,305,60,60,0
195281,-0.097,0.060,0.100,-0.031,-0.020,-0.088,0.636,-0.313,-0.642,-0.291,0.000,0.000,2025,0,19,-53,29,16.610,81.250,305,305,60,60,0
195381,-0.056,0.074,0.300,-0.030,0.003,-0.107,0.633,-0.312,-0.644,-0.296,0.000,0.000,2598,0,21,-56,29,16.610,81.250,305,305,60,60,0
195481,-0.059,0.048,0.410,-0.321,-0.018,0.006,0.631,-0.321,-0.637,-0.306,0.000,0.000,611,0,27,-47,29,16.610,81.250,305,305,60,60,0
195581,-0.104,0.058,0.090,-1.083,0.007,0.181,0.620,-0.347,-0.624,-0.324,0.000,0.000,0,3528,50,-26,29,16.620,81.250,305,305,60,60,0
195681,-0.177,0.075,0.070,-1.383,0.140,0.267,0.601,-0.392,-0.599,-0.359,0.000,0.001,0,4328,58,-31,29,16.620,81.250,305,305,60,60,0
195781,-0.197,0.035,0.250,-0.572,0.161,-0.023,0.589,-0.417,-0.576,-0.383,0.000,0.000,0,1657,30,-54,29,16.620,81.250,305,305,60,60,0
195881,-0.177,-0.005,-0.330,0.057,-0.063,0.012,0.590,-0.417,-0.571,-0.392,0.000,-0.000,0,2974,12,-59,29,16.620,81.250,305,305,60,60,0
195981,-0.132,-0.049,-0.710,0.058,0.469,-0.242,0.593,-0.408,-0.570,-0.395,0.000,-0.000,3294,0,37,-73,30,16.630,81.250,305,305,60,60,0
196081,-0.064,-0.042,-0.090,-0.028,-0.686,0.016,0.586,-0.406,-0.576,-0.399,0.000,-0.000,0,2857,-5,-29,30,16.630,81.250,305,305,60,60,0
196181,-0.096,0.171,0.140,0.028,-0.377,0.088,0.569,-0.421,-0.593,-0.384,0.000,0.002,0,3156,13,-47,30,16.630,81.250,305,305,60,60,0
196281,-0.108,0.121,-0.160,-0.104,0.444,-0.006,0.574,-0.420,-0.586,-0.388,0.000,0.001,0,1876,39,-65,30,16.630,81.250,305,305,60,60,0
196381,-0.105,0.112,0.280,0.014,-0.300,-0.020,0.573,-0.421,-0.585,-0.390,0.000,0.001,0,1952,7,-44,30,16.630,81.250,305,305,60,60,0
196481,-0.100,0.087,-0.280,-0.130,0.540,-0.033,0.576,-0.419,-0.580,-0.395,0.000,0.000,0,1748,42,-68,30,16.630,81.250,305,305,60,60,0
196581,-0.106,0.135,0.080,0.027,-1.233,0.068,0.568,-0.428,-0.583,-0.394,0.000,0.001,0,3335,-27,-13,30,16.630,81.250,305,305,60,60,0
196681,-0.172,0.393,-0.410,-0.232,-0.059,0.236,0.545,-0.450,-0.603,-0.371,0.000,0.009,0,4917,31,-46,30,16.630,81.250,305,305,60,60,0
196781,-0.208,0.145,-0.600,-0.332,1.162,0.053,0.567,-0.443,-0.572,-0.393,0.000,0.002,0,3561,62,-76,30,16.630,81.250,305,305,60,60,0
196881,-0.186,-0.067,-0.060,0.012,0.459,-0.114,0.583,-0.432,-0.550,-0.415,0.000,-0.000,0,1921,28,-67,30,16.630,81.250,305,305,60,60,0
196981,-0.187,-0.115,0.340,0.120,-0.194,0.172,0.588,-0.427,-0.546,-0.417,0.000,-0.000,0,5173,10,-52,30,16.630,81.250,305,305,60,60,0
197081,-0.256,-0.075,0.280,0.104,-0.076,0.092,0.589,-0.433,-0.548,-0.407,0.000,-0.001,0,4415,19,-58,30,16.630,81.250,305,305,60,60,0
197181,-0.299,-0.122,0.280,0.074,0.193,0.067,0.597,-0.431,-0.542,-0.405,0.000,-0.001,0,4613,28,-65,30,16.630,81.250,305,305,60,60,0
197281,-0.279,-0.166,0.280,0.089,0.066,-0.077,0.602,-0.424,-0.541,-0.407,0.000,-0.001,0,3802,25,-61,29,16.630,81.250,305,305,60,60,0
197381,-0.296,-0.179,0.320,-0.068,-0.186,0.141,0.604,-0.424,-0.539,-0.407,0.000,-0.001,0,5681,22,-49,29,16.630,81.250,305,305,60,60,0
197481,-0.366,-0.058,-0.150,-0.098,-0.424,0.153,0.595,-0.439,-0.546,-0.395,0.000,-0.001,0,5825,16,-43,29,16.630,81.250,305,305,60,60,0
197581,-0.396,-0.023,-0.180,-0.111,0.139,0.000,0.590,-0.448,-0.544,-0.395,0.000,-0.000,0,4933,32,-63,29,16.630,81.250,305,305,60,60,0
197681,-0.339,-0.100,-0.050,0.068,0.241,-0.172,0.594,-0.439,-0.539,-0.405,0.000,-0.001,0,4192,28,-67,30,16.630,81.290,305,305,60,60,0
197781,-0.359,-0.001,-0.310,0.344,-0.817,0.192,0.590,-0.441,-0.553,-0.390,0.000,-0.000,0,6625,-13,-40,30,16.630,81.290,305,305,60,60,0
197881,-0.431,0.240,0.140,0.537,-0.462,0.081,0.579,-0.448,-0.583,-0.353,0.000,0.007,0,5888,-1,-57,30,16.630,81.290,305,305,60,60,0
197981,-0.437,0.172,-0.120,0.328,0.742,-0.131,0.593,-0.430,-0.583,-0.347,0.000,0.004,0,4425,41,-84,30,16.630,81.290,305,305,60,60,0
198081,-0.338,-0.055,0.100,0.657,0.467,-0.331,0.618,-0.399,-0.576,-0.356,0.000,-0.001,0,2918,14,-83,30,16.630,81.250,305,305,60,60,0
198181,-0.209,-0.108,0.240,0.650,-0.026,-0.188,0.632,-0.364,-0.591,-0.345,0.000,-0.001,0,4159,10,-66,30,16.630,81.250,305,305,60,60,0
198281,-0.238,-0.128,0.050,-0.641,0.106,0.238,0.633,-0.368,-0.586,-0.347,0.000,-0.001,0,6587,53,-36,30,16.630,81.250,305,305,60,60,0
198381,-0.388,-0.076,-0.180,-0.903,-0.219,0.347,0.616,-0.414,-0.563,-0.364,0.000,-0.001,0,7044,35,-32,30,16.620,81.250,305,305,60,60,0
198481,-0.453,-0.043,-0.250,0.183,0.017,-0.032,0.611,-0.427,-0.557,-0.366,0.000,-0.001,0,5001,9,-73,30,16.620,81.250,305,305,60,60,0
198581,-0.384,-0.039,-0.010,0.774,0.080,-0.319,0.617,-0.406,-0.573,-0.354,0.000,-0.001,0,2821,5,-83,30,16.620,81.250,305,305,60,60,0
198681,-0.247,-0.119,-0.130,0.344,0.174,-0.206,0.631,-0.373,-0.584,-0.350,0.000,-0.001,0,4185,27,-65,30,16.620,81.250,305,305,60,60,0
198781,-0.291,-0.125,-0.090,-0.643,-0.031,0.241,0.628,-0.383,-0.576,-0.355,0.000,-0.001,0,6702,45,-36,30,16.620,81.250,305,305,60,60,0
198881,-0.421,-0.087,-0.090,-0.629,-0.093,0.341,0.619,-0.413,-0.561,-0.362,0.000,-0.001,0,7156,35,-42,30,16.620,81.250,305,305,60,60,0
198981,-0.531,-0.093,0.000,-0.282,0.150,0.152,0.616,-0.434,-0.544,-0.369,0.000,-0.002,0,6335,31,-61,30,16.620,81.250,305,305,60,60,0
199081,-0.543,-0.103,0.220,0.068,0.008,-0.024,0.617,-0.435,-0.542,-0.370,0.000,-0.002,0,5709,21,-63,30,16.620,81.250,305,305,60,60,0
199181,-0.527,-0.120,0.040,0.004,0.028,-0.020,0.619,-0.431,-0.542,-0.371,0.000,-0.002,0,5934,27,-59,30,16.630,81.250,305,305,60,60,0
199281,-0.523,-0.120,-0.110,0.096,-0.060,-0.018,0.619,-0.431,-0.543,-0.371,0.000,-0.002,0,5868,20,-61,30,16.630,81.250,305,305,60,60,0
199381,-0.504,-0.097,-0.010,0.483,-0.158,-0.128,0.621,-0.422,-0.553,-0.361,0.000,-0.002,0,5156,8,-69,30,16.630,81.250,305,305,60,60,0
199481,-0.449,-0.119,0.060,0.341,0.133,-0.084,0.628,-0.405,-0.562,-0.353,0.000,-0.002,0,5496,26,-69,30,16.630,81.250,305,305,60,60,0
199581,-0.411,-0.170,0.100,0.063,0.061,0.004,0.635,-0.394,-0.563,-0.353,0.000,-0.002,0,5737,29,-59,30,16.630,81.250,305,305,60,60,0
199681,-0.460,-0.086,0.050,-0.301,-0.472,0.162,0.626,-0.408,-0.565,-0.350,0.000,-0.001,0,6605,19,-35,30,16.630,81.250,305,305,60,60,0
199781,-0.482,0.001,-0.160,0.154,-0.040,-0.032,0.618,-0.416,-0.572,-0.344,0.000,0.000,0,5470,18,-66,30,16.630,81.250,305,305,60,60,0
199881,-0.452,-0.127,0.030,0.087,0.550,-0.107,0.631,-0.402,-0.562,-0.352,0.000,-0.002,0,5229,35,-73,30,16.620,81.250,305,305,60,60,0
199981,-0.464,-0.066,0.200,-0.049,-0.521,0.128,0.626,-0.406,-0.570,-0.344,0.000,-0.001,0,6570,10,-39,30,16.620,81.250,305,305,60,60,0
200081,-0.490,-0.018,-0.250,-0.068,0.190,-0.026,0.621,-0.413,-0.571,-0.342,0.000,-0.000,0,5545,33,-65,30,16.620,81.250,305,305,60,60,0
200181,-0.475,-0.064,-0.050,0.032,-0.406,0.042,0.625,-0.409,-0.567,-0.346,0.000,-0.001,0,6177,6,-43,30,16.620,81.250,305,305,60,60,0
200281,-0.520,0.163,0.090,0.023,-0.057,0.102,0.606,-0.423,-0.590,-0.324,0.000,0.005,0,6428,26,-58,30,16.600,81.250,305,305,60,60,0
200381,-0.503,-0.002,-0.440,-0.017,0.818,-0.121,0.621,-0.413,-0.573,-0.338,0.000,-0.000,0,5102,47,-81,30,16.600,81.250,305,305,60,60,0
200481,-0.500,-0.015,0.380,0.138,-0.432,0.084,0.624,-0.410,-0.574,-0.337,0.000,-0.000,0,6475,3,-45,30,16.600,81.250,305,305,60,60,0
200581,-0.537,-0.003,0.020,-0.052,0.411,-0.011,0.624,-0.414,-0.573,-0.334,0.000,-0.000,0,5745,40,-70,30,16.620,81.250,305,305,60,60,0
200681,-0.518,-0.026,-0.040,0.048,-0.793,0.054,0.625,-0.412,-0.571,-0.337,0.000,-0.001,0,6401,-8,-30,30,16.620,81.250,305,305,60,60,0
200781,-0.541,0.102,0.090,0.000,0.117,0.026,0.615,-0.418,-0.585,-0.324,0.000,0.003,0,6100,31,-64,30,16.620,81.250,305,305,60,60,0
200881,-0.522,-0.032,-0.140,-0.040,0.254,-0.048,0.626,-0.410,-0.571,-0.336,0.000,-0.001,0,5762,29,-61,30,16.620,81.250,305,305,60,60,0
200981,-0.555,0.055,0.110,-0.113,-0.264,0.210,0.620,-0.417,-0.579,-0.327,0.000,0.001,0,7226,19,-44,29,16.620,81.250,305,305,60,60,0
201081,-0.663,0.016,-0.130,-0.387,0.423,0.288,0.623,-0.432,-0.562,-0.331,0.000,0.000,0,7484,45,-60,29,16.620,81.250,305,305,60,60,0
201181,-0.759,-0.100,0.150,-0.270,0.372,0.191,0.631,-0.442,-0.537,-0.343,0.000,-0.003,0,7305,37,-62,29,16.620,81.250,305,305,60,60,0
201281,-0.805,-0.146,0.210,0.070,0.102,-0.006,0.635,-0.445,-0.527,-0.347,0.000,-0.004,0,6578,22,-66,29,16.630,81.250,305,305,60,60,0
201381,-0.783,-0.185,-0.090,0.649,-0.110,-0.298,0.643,-0.433,-0.530,-0.342,0.000,-0.005,0,5186,4,-78,29,16.630,81.250,305,305,60,60,0
201481,-0.614,-0.223,-0.020,0.822,0.129,-0.358,0.653,-0.398,-0.551,-0.333,0.000,-0.004,0,4608,15,-84,29,16.630,81.250,305,305,60,60,0
201581,-0.495,-0.310,0.350,0.219,0.164,-0.123,0.665,-0.371,-0.557,-0.331,0.000,-0.003,0,5680,34,-65,29,16.630,81.250,305,305,60,60,0
201681,-0.515,-0.279,0.150,-0.510,-0.218,0.186,0.660,-0.378,-0.557,-0.333,0.000,-0.003,0,7065,39,-39,30,16.620,81.250,305,305,60,60,0
201781,-0.600,-0.214,0.010,-0.956,-0.032,0.363,0.646,-0.406,-0.547,-0.345,0.000,-0.004,0,7840,54,-34,30,16.620,81.250,305,305,60,60,0
201881,-0.753,-0.155,-0.120,-0.829,-0.053,0.287,0.630,-0.447,-0.524,-0.359,0.000,-0.004,0,7634,39,-44,30,16.620,81.250,305,305,60,60,0
201981,-0.831,-0.110,-0.200,-0.012,-0.106,0.043,0.621,-0.467,-0.513,-0.364,0.000,-0.003,0,6811,14,-64,30,16.620,81.250,305,305,60,60,0
202081,-0.806,-0.110,-0.010,0.581,0.093,-0.196,0.625,-0.459,-0.521,-0.358,0.000,-0.003,0,5709,11,-82,29,16.620,81.290,305,305,60,60,0
202181,-0.660,-0.204,-0.140,1.029,0.170,-0.479,0.643,-0.417,-0.539,-0.350,0.000,-0.004,0,3455,8,-91,29,16.620,81.290,305,305,60,60,0
202281,-0.478,-0.312,0.320,0.636,0.260,-0.269,0.658,-0.380,-0.551,-0.345,0.000,-0.003,0,4790,26,-79,29,16.620,81.290,305,305,60,60,0
202381,-0.341,-0.360,0.130,0.279,-0.037,-0.227,0.664,-0.355,-0.560,-0.345,0.000,-0.001,0,4211,26,-65,30,16.620,81.250,305,305,60,60,0
202481,-0.277,-0.310,0.030,0.029,-0.212,-0.096,0.659,-0.350,-0.571,-0.344,0.000,-0.001,0,4797,25,-56,30,16.620,81.250,305,305,60,60,0
202581,-0.337,-0.231,-0.130,-1.003,-0.076,0.541,0.647,-0.372,-0.568,-0.345,0.000,-0.002,0,8215,58,-31,30,16.620,81.250,305,305,60,60,0
202681,-0.602,-0.228,-0.170,-1.117,0.136,0.592,0.640,-0.417,-0.537,-0.358,0.000,-0.004,0,8413,55,-40,30,16.620,81.250,305,305,60,60,0
202781,-0.744,-0.170,-0.160,-0.010,-0.160,0.068,0.632,-0.444,-0.524,-0.359,0.000,-0.004,0,6374,12,-65,29,16.620,81.250,305,305,60,60,0
202881,-0.671,-0.153,-0.190,0.667,-0.008,-0.316,0.635,-0.428,-0.540,-0.349,0.000,-0.003,0,4440,8,-81,29,16.620,81.250,305,305,60,60,0
202981,-0.625,-0.170,0.340,-0.074,-0.109,0.154,0.640,-0.416,-0.547,-0.344,0.000,-0.003,0,7359,31,-49,29,16.620,81.250,305,305,60,60,0
203081,-0.654,-0.168,-0.040,0.022,0.182,-0.062,0.641,-0.418,-0.545,-0.343,0.000,-0.004,0,5936,32,-68,29,16.620,81.250,305,305,60,60,0
203181,-0.625,-0.212,0.080,-0.014,-0.303,0.053,0.645,-0.412,-0.543,-0.346,0.000,-0.004,0,6769,16,-48,30,16.620,81.250,305,305,60,60,0
203281,-0.671,-0.057,0.040,-0.054,-0.280,0.064,0.631,-0.426,-0.556,-0.333,0.000,-0.001,0,6263,31,-64,30,16.620,81.250,305,305,60,60,0
203381,-0.645,-0.163,-0.200,0.034,0.467,-0.094,0.640,-0.418,-0.546,-0.343,0.000,-0.003,0,5911,38,-74,30,16.620,81.250,305,305,60,60,0
203481,-0.665,-0.063,0.240,0.012,-0.511,0.118,0.632,-0.424,-0.557,-0.333,0.000,-0.002,0,7030,10,-44,30,16.620,81.250,305,305,60,60,0
203581,-0.667,-0.140,-0.160,0.022,0.648,-0.102,0.639,-0.420,-0.548,-0.339,0.000,-0.003,0,5804,44,-81,30,16.610,81.290,305,305,60,60,0
203681,-0.677,-0.080,0.140,0.043,-0.592,0.107,0.634,-0.424,-0.554,-0.332,0.000,-0.002,0,6863,15,-52,30,16.610,81.290,305,305,60,60,0
203781,-0.680,-0.145,-0.130,-0.042,0.539,-0.051,0.641,-0.419,-0.548,-0.336,0.000,-0.003,0,6169,44,-74,30,16.610,81.290,305,305,60,60,0
203881,-0.682,-0.071,0.210,0.059,-0.432,0.036,0.635,-0.423,-0.556,-0.330,0.000,-0.002,0,6693,11,-48,30,16.610,81.290,305,305,60,60,0
203981,-0.684,-0.086,-0.230,-0.036,0.182,-0.011,0.636,-0.422,-0.554,-0.331,0.000,-0.002,0,6435,32,-63,30,16.610,81.250,305,305,60,60,0
204081,-0.685,-0.114,0.130,0.009,0.033,0.059,0.639,-0.421,-0.551,-0.333,0.000,-0.003,0,6793,26,-60,30,16.610,81.250,305,305,60,60,0
204181,-0.695,-0.121,0.130,-0.009,-0.003,-0.003,0.639,-0.422,-0.549,-0.334,0.000,-0.003,0,6438,25,-59,30,16.610,81.250,305,305,60,60,0
204281,-0.684,-0.120,0.010,0.040,-0.006,-0.029,0.639,-0.422,-0.550,-0.335,0.000,-0.003,0,6355,24,-61,30,16.610,81.250,305,305,60,60,0
204381,-0.655,-0.123,-0.090,0.272,-0.059,-0.134,0.640,-0.415,-0.554,-0.333,0.000,-0.003,0,5699,15,-66,29,16.630,81.250,305,305,60,60,0
204481,-0.531,-0.112,-0.200,0.734,-0.069,-0.421,0.644,-0.390,-0.574,-0.323,0.000,-0.002,0,3314,6,-78,29,16.630,81.250,305,305,60,60,0
204581,-0.398,-0.143,0.290,0.403,0.129,-0.233,0.650,-0.364,-0.586,-0.318,0.000,-0.002,0,4716,25,-70,29,16.630,81.250,305,305,60,60,0
204681,-0.344,-0.169,0.220,-0.088,-0.083,0.082,0.652,-0.355,-0.588,-0.321,0.000,-0.002,0,5996,29,-52,29,16.630,81.250,305,305,60,60,0
204781,-0.390,-0.135,0.100,-0.239,-0.046,0.120,0.648,-0.366,-0.586,-0.321,0.000,-0.002,0,6129,31,-53,29,16.620,81.250,305,305,60,60,0
204881,-0.488,-0.152,0.170,-0.840,0.268,0.396,0.646,-0.385,-0.571,-0.329,0.000,-0.002,0,7718,58,-45,29,16.620,81.250,305,305,60,60,0
205103,-0.777,-0.112,-0.070,0.064,-0.079,0.013,0.628,-0.450,-0.528,-0.352,0.000,-0.003,0,6460,14,-67,30,16.630,81.250,305,305,60,60,0
205340,-0.744,-0.164,0.040,0.002,-0.016,0.024,0.635,-0.439,-0.529,-0.352,0.000,-0.004,0,6817,26,-59,30,16.630,81.250,305,305,60,60,0
205560,-0.677,-0.201,-0.110,0.334,0.113,-0.130,0.642,-0.422,-0.537,-0.348,0.000,-0.004,0,6237,30,-62,29,16.610,81.250,305,305,60,60,0
205902,-0.578,-0.137,0.000,0.074,0.107,-0.121,0.638,-0.410,-0.556,-0.341,0.000,-0.003,0,5472,30,-69,29,16.610,81.250,305,305,60,60,0
206117,-0.504,-0.115,0.080,0.032,-0.196,0.008,0.635,-0.401,-0.566,-0.340,0.000,-0.002,0,6035,20,-55,30,16.620,81.250,305,305,60,60,0
206340,-0.474,-0.173,0.050,0.066,0.154,-0.063,0.641,-0.394,-0.562,-0.343,0.000,-0.002,0,5485,27,-66,30,16.610,81.250,305,305,60,60,0
206440,-0.423,-0.234,0.070,0.133,0.303,-0.174,0.646,-0.383,-0.560,-0.348,0.000,-0.002,0,4606,32,-74,30,16.610,81.250,305,305,60,60,0
206450,-0.416,-0.243,0.030,0.132,0.301,-0.183,0.647,-0.382,-0.560,-0.349,0.000,-0.002,0,4526,32,-73,30,16.610,81.250,305,305,60,60,0
206462,-0.407,-0.251,0.050,0.133,0.286,-0.200,0.648,-0.380,-0.560,-0.349,0.000,-0.002,0,4369,32,-73,30,16.610,81.250,305,305,60,60,0
206468,-0.399,-0.259,0.060,0.140,0.264,-0.212,0.649,-0.379,-0.560,-0.350,0.000,-0.002,0,4255,31,-72,30,16.610,81.250,305,305,60,60,0
206472,-0.399,-0.259,0.060,0.140,0.264,-0.212,0.649,-0.379,-0.560,-0.350,0.000,-0.002,0,4255,31,-72,30,16.610,81.250,305,305,60,60,0
206479,-0.390,-0.267,0.040,0.151,0.242,-0.224,0.649,-0.378,-0.560,-0.351,0.000,-0.002,0,4132,30,-72,30,16.610,81.250,305,305,60,60,0
206483,-0.390,-0.267,0.040,0.151,0.242,-0.224,0.649,-0.378,-0.560,-0.351,0.000,-0.002,0,4132,30,-72,30,16.610,81.250,305,305,60,60,0
206492,-0.380,-0.274,0.040,0.164,0.219,-0.240,0.650,-0.376,-0.560,-0.352,0.000,-0.002,0,3970,29,-72,30,16.610,81.250,305,305,60,60,0
206501,-0.370,-0.280,0.000,0.179,0.194,-0.250,0.650,-0.374,-0.560,-0.352,0.000,-0.002,0,3863,27,-71,30,16.610,81.250,305,305,60,60,0
206511,-0.359,-0.285,0.000,0.196,0.171,-0.261,0.650,-0.373,-0.560,-0.353,0.000,-0.002,0,3731,26,-71,30,16.610,81.250,305,305,60,60,0
206581,-0.273,-0.313,-0.020,0.242,0.068,-0.321,0.652,-0.361,-0.564,-0.357,0.000,-0.000,0,2789,23,-70,30,16.610,81.250,305,305,60,60,0
206681,-0.103,-0.353,0.080,0.266,0.201,-0.420,0.653,-0.338,-0.572,-0.363,0.000,0.002,1953,0,30,-75,30,16.610,81.250,305,305,60,60,0
206781,0.029,-0.458,-0.150,0.042,0.391,-0.210,0.660,-0.318,-0.568,-0.375,0.000,0.007,0,2291,43,-75,30,16.630,81.250,305,305,60,60,0
206881,0.104,-0.568,0.050,0.056,0.321,-0.193,0.668,-0.304,-0.559,-0.386,0.000,0.013,1154,0,39,-76,30,16.630,81.250,305,305,60,60,0
206981,0.219,-0.584,0.280,0.213,-0.069,-0.379,0.666,-0.292,-0.563,-0.392,0.000,0.016,4530,0,24,-71,30,16.630,81.250,305,305,60,60,0
207081,0.434,-0.524,0.090,0.276,-0.244,-0.600,0.655,-0.273,-0.581,-0.399,0.000,0.018,6575,0,20,-67,30,16.630,81.250,305,305,60,60,0
207181,0.648,-0.413,-0.370,0.169,-0.496,-0.369,0.637,-0.257,-0.604,-0.404,0.000,0.016,5964,0,15,-54,29,16.630,81.290,305,305,60,60,0
207281,0.698,-0.260,-0.330,-0.069,-0.471,0.043,0.619,-0.262,-0.623,-0.400,0.000,0.010,4139,0,21,-49,29,16.630,81.290,305,305,60,60,0
207381,0.621,-0.182,-0.270,-0.237,-0.112,0.346,0.612,-0.278,-0.626,-0.395,0.000,0.006,1344,0,33,-54,29,16.630,81.290,305,305,60,60,0
207481,0.422,-0.182,-0.470,-0.696,0.024,0.876,0.614,-0.306,-0.613,-0.392,0.000,0.004,0,6644,48,-40,29,16.630,81.290,305,305,60,60,0
207581,-0.036,-0.169,-0.480,-0.810,-0.159,1.216,0.619,-0.365,-0.582,-0.380,0.000,0.001,0,8413,39,-39,29,16.610,81.250,305,305,60,60,0
207681,-0.478,-0.144,-0.180,-0.482,0.013,0.986,0.626,-0.415,-0.551,-0.363,0.000,-0.002,0,8524,33,-55,29,16.610,81.250,305,305,60,60,0
207781,-0.801,-0.107,0.420,-0.083,-0.254,0.621,0.632,-0.447,-0.532,-0.344,0.000,-0.003,0,8251,14,-54,29,16.610,81.250,305,305,60,60,0
207881,-0.890,0.040,0.550,0.454,-0.804,-0.118,0.626,-0.455,-0.551,-0.316,0.000,0.002,0,5054,-18,-48,29,16.610,81.250,305,305,60,60,0
207981,-0.713,0.278,-0.350,0.983,-1.241,-0.970,0.607,-0.432,-0.600,-0.290,0.000,0.011,4539,0,-41,-45,29,16.610,81.250,305,305,60,60,0
208081,-0.260,0.588,-0.760,0.933,-0.970,-1.578,0.572,-0.379,-0.675,-0.274,0.000,0.016,8128,0,-29,-43,29,16.610,81.250,305,305,60,60,0
208181,0.314,0.735,-0.260,0.521,-0.093,-1.673,0.544,-0.307,-0.727,-0.285,0.000,0.004,9476,0,3,-51,29,16.610,81.250,305,305,60,60,0
208281,0.883,0.688,-0.480,0.124,0.502,-1.401,0.533,-0.235,-0.747,-0.322,0.000,-0.015,10174,0,22,-57,29,16.610,81.250,305,305,60,60,0
208381,1.303,0.460,-0.880,-0.317,0.861,-0.744,0.542,-0.192,-0.735,-0.359,0.000,-0.020,9200,0,42,-57,29,16.600,81.290,305,305,60,60,0
208481,1.429,0.004,-1.320,-0.678,1.814,0.033,0.587,-0.163,-0.689,-0.394,0.000,-0.000,7422,0,85,-83,29,16.600,81.290,305,305,60,60,0
208581,1.219,-0.449,-1.010,-1.008,1.128,0.806,0.634,-0.177,-0.627,-0.417,0.000,0.029,2951,0,77,-63,29,16.600,81.290,305,305,60,60,0
208681,0.687,-0.638,-0.800,-1.344,-0.288,1.510,0.657,-0.251,-0.574,-0.419,0.000,0.029,0,7154,49,-24,29,16.600,81.290,305,305,60,60,0
208781,-0.004,-0.537,-0.160,-0.923,-0.638,1.504,0.659,-0.331,-0.549,-0.395,0.000,0.010,0,8236,29,-34,30,16.620,81.250,305,305,60,60,0
208881,-0.550,-0.236,0.030,-0.250,-1.196,1.111,0.646,-0.401,-0.547,-0.349,0.000,-0.003,0,8120,-6,-32,30,16.620,81.250,305,305,60,60,0
208981,-0.788,0.110,0.140,0.504,-1.212,0.171,0.627,-0.431,-0.577,-0.298,0.000,0.004,0,4793,-26,-43,30,16.620,81.250,305,305,60,60,0
209081,-0.699,0.365,-0.060,0.838,-1.089,-0.616,0.608,-0.413,-0.625,-0.263,0.000,0.015,3815,0,-31,-41,30,16.620,81.250,305,305,60,60,0
209181,-0.391,0.624,0.000,0.713,-0.812,-1.171,0.579,-0.373,-0.682,-0.246,0.000,0.021,7106,0,-21,-38,30,16.630,81.250,305,305,60,60,0
209281,0.008,0.727,-0.330,0.392,0.056,-1.163,0.560,-0.323,-0.719,-0.254,0.000,0.013,7752,0,8,-51,30,16.630,81.250,305,305,60,60,0
209381,0.345,0.636,-0.240,-0.010,0.504,-0.592,0.563,-0.281,-0.726,-0.277,0.000,0.001,6107,0,26,-52,30,16.630,81.250,305,305,60,60,0
209481,0.442,0.447,-0.370,-0.452,0.638,0.109,0.580,-0.270,-0.708,-0.299,0.000,-0.003,2649,0,40,-44,29,16.620,81.250,305,305,60,60,0
209581,0.308,0.230,-0.320,-0.949,0.680,0.643,0.599,-0.296,-0.671,-0.321,0.000,-0.001,0,4569,54,-39,29,16.620,81.250,305,305,60,60,0
209681,-0.046,0.134,-0.030,-1.609,0.012,1.134,0.602,-0.363,-0.625,-0.340,0.000,0.001,0,7706,51,-7,29,16.620,81.250,305,305,60,60,0
209781,-0.352,0.101,0.170,-1.677,0.487,0.578,0.591,-0.431,-0.575,-0.366,0.000,0.002,0,5267,69,-31,29,16.620,81.250,305,305,60,60,0
209881,-0.425,-0.030,-0.210,-1.203,0.567,0.012,0.580,-0.465,-0.528,-0.411,0.000,-0.000,0,2913,55,-44,29,16.620,81.290,305,305,60,60,0
209981,-0.432,-0.095,0.060,-0.822,0.198,0.072,0.565,-0.487,-0.497,-0.444,0.000,-0.001,0,4867,38,-43,29,16.620,81.290,305,305,60,60,0
210081,-0.455,-0.085,-0.100,-0.086,-0.059,0.019,0.555,-0.500,-0.485,-0.455,0.000,-0.001,0,4693,14,-56,29,16.620,81.290,305,305,60,60,0
210181,-0.467,-0.111,0.000,0.089,0.074,0.063,0.559,-0.497,-0.484,-0.454,0.000,-0.002,0,5350,21,-57,30,16.630,81.250,305,305,60,60,0
210281,-0.483,-0.126,0.240,-0.033,-0.002,0.028,0.562,-0.496,-0.483,-0.453,0.000,-0.002,0,5192,26,-50,30,16.630,81.250,305,305,60,60,0
210381,-0.479,-0.106,0.070,0.063,-0.029,-0.016,0.561,-0.497,-0.485,-0.451,0.000,-0.001,0,5158,22,-54,30,16.630,81.250,305,305,60,60,0
210481,-0.473,-0.089,-0.150,0.694,-0.199,-0.011,0.567,-0.489,-0.496,-0.440,0.000,-0.001,0,5355,-3,-68,30,16.630,81.250,305,305,60,60,0
210581,-0.458,-0.032,-0.330,1.397,-0.467,-0.121,0.586,-0.460,-0.533,-0.400,0.000,-0.000,0,4710,-24,-74,30,16.630,81.290,305,305,60,60,0
210681,-0.380,0.005,-0.060,1.367,-0.044,-0.247,0.604,-0.423,-0.568,-0.366,0.000,0.000,0,3680,-4,-81,30,16.630,81.290,305,305,60,60,0
210781,-0.302,-0.057,-0.100,1.236,0.063,-0.141,0.629,-0.376,-0.591,-0.337,0.000,-0.001,0,4438,0,-78,30,16.630,81.290,305,305,60,60,0
210881,-0.270,0.009,0.670,0.724,-0.502,-0.063,0.637,-0.349,-0.616,-0.305,0.000,0.000,0,4707,-4,-46,30,16.620,81.290,305,305,60,60,0
210981,-0.280,0.100,0.470,-0.434,-0.163,0.151,0.628,-0.352,-0.627,-0.297,0.000,0.001,0,6157,36,-27,30,16.620,81.290,305,305,60,60,0
211081,-0.378,0.100,-0.220,-1.150,0.320,0.418,0.619,-0.386,-0.606,-0.316,0.000,0.002,0,7498,60,-29,30,16.620,81.290,305,305,60,60,0
211181,-0.534,0.026,-0.130,-1.209,0.318,0.377,0.613,-0.429,-0.566,-0.347,0.000,0.001,0,7356,51,-33,30,16.620,81.290,305,305,60,60,0
211281,-0.573,-0.002,-0.330,0.259,-0.187,-0.114,0.609,-0.443,-0.550,-0.361,0.000,-0.000,0,4956,-9,-63,29,16.630,81.250,305,305,60,60,0
211381,-0.495,0.046,-0.090,0.899,-0.127,-0.271,0.611,-0.424,-0.573,-0.344,0.000,0.001,0,4287,-8,-74,29,16.630,81.250,305,305,60,60,0
211481,-0.385,0.044,0.110,0.759,0.046,-0.317,0.621,-0.391,-0.595,-0.327,0.000,0.001,0,3742,7,-68,29,16.630,81.250,305,305,60,60,0
211581,-0.325,0.047,0.280,-0.098,-0.132,0.028,0.624,-0.376,-0.605,-0.320,0.000,0.001,0,5895,25,-37,29,16.630,81.250,305,305,60,60,0
211681,-0.359,0.064,0.020,-0.484,0.087,0.117,0.618,-0.389,-0.599,-0.327,0.000,0.001,0,6055,35,-41,30,16.630,81.290,305,305,60,60,0
211781,-0.388,0.034,-0.210,-0.306,0.183,0.068,0.615,-0.403,-0.586,-0.340,0.000,0.001,0,5801,29,-51,30,16.630,81.290,305,305,60,60,0
211881,-0.450,0.008,0.030,-0.494,0.058,0.291,0.615,-0.415,-0.573,-0.347,0.000,0.000,0,7145,33,-40,30,16.630,81.290,305,305,60,60,0
211981,-0.547,0.021,0.030,-0.808,0.051,0.377,0.607,-0.440,-0.557,-0.357,0.000,0.001,0,7539,41,-31,30,16.620,81.250,305,305,60,60,0
212081,-0.673,0.027,-0.080,-0.747,0.269,0.253,0.596,-0.473,-0.530,-0.374,0.000,0.001,0,7019,40,-48,30,16.620,81.250,305,305,60,60,0
212181,-0.730,-0.035,0.010,-0.311,0.261,0.041,0.594,-0.487,-0.507,-0.391,0.000,-0.001,0,6527,29,-55,30,16.620,81.250,305,305,60,60,0
212281,-0.733,-0.095,0.080,0.037,0.130,-0.037,0.597,-0.485,-0.499,-0.399,0.000,-0.002,0,6408,21,-58,30,16.620,81.250,305,305,60,60,0
212381,-0.712,-0.147,0.200,-0.049,0.266,-0.061,0.601,-0.480,-0.495,-0.404,0.000,-0.003,0,6308,33,-59,30,16.610,81.250,305,305,60,60,0
212481,-0.679,-0.191,0.000,0.411,-0.079,-0.139,0.605,-0.471,-0.495,-0.407,0.000,-0.004,0,5807,5,-66,30,16.610,81.250,305,305,60,60,0
212581,-0.613,-0.165,-0.160,0.811,-0.427,-0.184,0.612,-0.455,-0.516,-0.391,0.000,-0.003,0,5366,-8,-64,30,16.610,81.250,305,305,60,60,0
212681,-0.540,-0.091,0.320,0.224,0.024,0.000,0.615,-0.437,-0.542,-0.371,0.000,-0.002,0,6381,31,-56,30,16.610,81.250,305,305,60,60,0
212781,-0.566,-0.089,0.180,-0.043,-0.313,0.041,0.615,-0.439,-0.541,-0.369,0.000,-0.002,0,6308,15,-41,30,16.620,81.250,305,305,60,60,0
212881,-0.526,0.014,-0.170,0.727,-0.479,-0.386,0.608,-0.434,-0.562,-0.355,0.000,0.001,0,2973,-14,-61,30,16.620,81.250,305,305,60,60,0
212981,-0.334,0.084,-0.400,1.130,-0.107,-0.638,0.608,-0.401,-0.594,-0.340,0.000,0.001,2875,0,-9,-79,30,16.620,81.250,305,305,60,60,0
213081,-0.134,0.102,-0.080,1.067,-0.190,-0.429,0.617,-0.351,-0.627,-0.319,0.000,0.001,0,774,-7,-66,30,16.620,81.250,305,305,60,60,0
213181,-0.042,0.134,0.440,0.562,-0.084,-0.073,0.623,-0.319,-0.648,-0.299,0.000,0.001,0,4183,9,-54,29,16.610,81.250,305,305,60,60,0
213281,-0.092,0.193,0.060,-0.208,-0.337,0.351,0.620,-0.323,-0.654,-0.289,0.000,0.002,0,6418,17,-28,29,16.610,81.250,305,305,60,60,0
213381,-0.295,0.331,0.130,-0.660,-0.278,0.772,0.605,-0.362,-0.652,-0.280,0.000,0.007,0,8502,25,-22,29,16.610,81.250,305,305,60,60,0
213481,-0.614,0.354,-0.140,-1.170,0.310,1.010,0.601,-0.419,-0.620,-0.283,0.000,0.013,0,9608,51,-26,30,16.630,81.250,305,305,60,60,0
213581,-0.852,0.248,-0.300,-1.041,0.777,0.467,0.604,-0.465,-0.571,-0.306,0.000,0.011,0,7955,55,-46,30,16.630,81.250,305,305,60,60,0
213681,-0.894,0.044,-0.030,-0.442,0.670,-0.126,0.612,-0.479,-0.528,-0.344,0.000,0.002,0,5813,34,-61,30,16.630,81.250,305,305,60,60,0
213781,-0.724,-0.061,-0.260,0.994,-0.061,-0.683,0.621,-0.450,-0.536,-0.353,0.000,-0.002,0,1282,-17,-79,30,16.630,81.250,305,305,60,60,0
213881,-0.385,-0.049,-0.550,1.534,-0.154,-0.963,0.629,-0.389,-0.584,-0.336,0.000,-0.001,4864,0,-19,-86,30,16.620,81.250,305,305,60,60,0
213981,-0.086,-0.033,0.090,0.816,-0.056,-0.576,0.633,-0.333,-0.619,-0.323,0.000,-0.000,2316,0,12,-61,30,16.620,81.250,305,305,60,60,0
214081,-0.004,-0.001,0.290,-0.358,-0.147,0.198,0.629,-0.323,-0.629,-0.322,0.000,0.000,0,5900,34,-30,30,16.620,81.250,305,305,60,60,0
214181,-0.212,0.043,-0.050,-1.046,-0.091,0.753,0.621,-0.365,-0.612,-0.327,0.000,0.000,0,8300,45,-21,30,16.620,81.250,305,305,60,60,0
214281,-0.520,0.071,-0.260,-1.058,0.121,0.716,0.612,-0.424,-0.576,-0.337,0.000,0.002,0,8370,43,-33,30,16.630,81.290,305,305,60,60,0
214381,-0.667,0.075,-0.190,0.027,-0.003,0.111,0.609,-0.449,-0.558,-0.341,0.000,0.002,0,5796,2,-62,30,16.630,81.290,305,305,60,60,0
214481,-0.592,0.052,0.000,0.812,0.061,-0.391,0.617,-0.427,-0.571,-0.332,0.000,0.001,0,3397,-3,-76,30,16.630,81.290,305,305,60,60,0
214581,-0.413,-0.000,0.130,0.777,0.068,-0.487,0.628,-0.387,-0.591,-0.324,0.000,0.000,0,2314,5,-69,30,16.630,81.290,305,305,60,60,0
214681,-0.228,-0.011,0.010,0.664,-0.123,-0.513,0.632,-0.354,-0.611,-0.320,0.000,-0.000,1898,0,2,-61,30,16.610,81.250,305,305,60,60,0
214781,-0.028,0.009,-0.050,0.471,-0.011,-0.430,0.632,-0.318,-0.633,-0.316,0.000,-0.000,2113,0,12,-58,30,16.610,81.250,305,305,60,60,0
214881,0.114,0.021,0.270,0.014,-0.008,-0.186,0.628,-0.303,-0.641,-0.319,0.000,-0.000,0,1564,22,-47,30,16.610,81.250,305,305,60,60,0
214981,0.133,0.004,0.050,-0.522,0.162,0.230,0.624,-0.311,-0.636,-0.331,0.000,-0.000,0,4795,38,-41,30,16.610,81.250,305,305,60,60,0
215081,-0.056,-0.022,-0.250,-0.863,0.058,0.638,0.622,-0.347,-0.613,-0.341,0.000,-0.000,0,7282,40,-33,30,16.620,81.290,305,305,60,60,0
215181,-0.270,-0.024,-0.220,-0.271,-0.047,0.386,0.621,-0.384,-0.591,-0.343,0.000,-0.000,0,6485,17,-50,30,16.620,81.290,305,305,60,60,0
215281,-0.335,0.007,0.050,0.480,-0.111,-0.109,0.623,-0.384,-0.595,-0.332,0.000,0.000,0,3748,-2,-66,30,16.620,81.290,305,305,60,60,0
215381,-0.172,-0.039,0.170,0.772,0.187,-0.607,0.633,-0.348,-0.610,-0.325,0.000,-0.000,4084,0,7,-77,30,16.620,81.290,305,305,60,60,0
215481,0.062,-0.056,-0.010,0.340,-0.077,-0.506,0.634,-0.313,-0.627,-0.328,0.000,0.000,3883,0,13,-54,30,16.610,81.250,305,305,60,60,0
215581,0.236,-0.026,-0.180,0.152,-0.082,-0.344,0.627,-0.294,-0.640,-0.334,0.000,0.000,3692,0,16,-52,30,16.610,81.250,305,305,60,60,0
215681,0.271,0.004,-0.170,-0.358,-0.061,0.277,0.621,-0.294,-0.644,-0.337,0.000,-0.000,0,4860,30,-38,30,16.610,81.250,305,305,60,60,0
215781,-0.023,0.005,-0.300,-0.793,0.088,1.003,0.622,-0.339,-0.621,-0.334,0.000,0.000,0,8520,41,-36,30,16.610,81.250,305,305,60,60,0
215881,-0.395,-0.044,-0.150,-0.509,0.233,0.858,0.632,-0.384,-0.588,-0.329,0.000,-0.001,0,8460,33,-52,30,16.630,81.250,305,305,60,60,0
215981,-0.536,-0.105,0.530,0.323,0.004,-0.080,0.643,-0.392,-0.574,-0.323,0.000,-0.002,0,3963,4,-66,30,16.630,81.250,305,305,60,60,0
216081,-0.352,-0.111,0.230,0.532,-0.097,-0.663,0.644,-0.364,-0.591,-0.322,0.000,-0.001,3913,0,4,-64,30,16.630,81.250,305,305,60,60,0
216181,-0.020,-0.054,-0.260,0.578,-0.242,-0.896,0.634,-0.325,-0.621,-0.327,0.000,0.000,5972,0,2,-59,30,16.630,81.250,305,305,60,60,0
216281,0.289,0.026,-0.100,0.188,-0.114,-0.580,0.619,-0.292,-0.647,-0.335,0.000,-0.000,4559,0,21,-49,30,16.610,81.290,305,305,60,60,0
216381,0.361,0.027,-0.020,-0.346,-0.004,0.133,0.614,-0.290,-0.648,-0.344,0.000,-0.000,0,3520,31,-40,30,16.610,81.290,305,305,60,60,0
216481,0.147,0.047,-0.240,-0.689,-0.107,0.864,0.612,-0.326,-0.634,-0.344,0.000,-0.000,0,7651,33,-31,30,16.610,81.290,305,305,60,60,0
216581,-0.204,0.038,-0.390,-0.638,0.061,0.927,0.616,-0.373,-0.606,-0.337,0.000,0.000,0,8260,33,-40,30,16.610,81.290,305,305,60,60,0
216681,-0.506,0.003,-0.060,-0.058,0.209,0.553,0.627,-0.404,-0.579,-0.326,0.000,-0.000,0,7333,18,-63,29,16.610,81.250,305,305,60,60,0
216781,-0.618,-0.067,0.250,0.542,0.234,-0.062,0.642,-0.401,-0.573,-0.315,0.000,-0.002,0,4884,8,-77,29,16.610,81.250,305,305,60,60,0
216881,-0.430,-0.145,0.540,0.759,0.143,-0.757,0.653,-0.364,-0.586,-0.313,0.000,-0.002,4375,0,7,-76,29,16.610,81.250,305,305,60,60,0
216981,-0.048,-0.121,-0.220,0.712,-0.378,-1.090,0.646,-0.316,-0.617,-0.321,0.000,0.000,6901,0,-6,-57,29,16.610,81.250,305,305,60,60,0
217081,0.334,-0.025,-0.190,0.242,-0.250,-0.602,0.627,-0.272,-0.651,-0.331,0.000,0.000,5136,0,17,-43,29,16.610,81.250,305,305,60,60,0
217181,0.390,0.034,0.030,-0.468,-0.196,0.251,0.616,-0.280,-0.654,-0.339,0.000,-0.001,0,4403,30,-32,30,16.630,81.250,305,305,60,60,0
217281,0.168,0.119,-0.210,-0.726,-0.416,0.858,0.606,-0.322,-0.645,-0.336,0.000,-0.000,0,7455,23,-21,30,16.630,81.250,305,305,60,60,0
217381,-0.190,0.148,-0.440,-0.656,0.169,0.970,0.607,-0.374,-0.620,-0.328,0.000,0.002,0,8292,36,-44,30,16.630,81.250,305,305,60,60,0
217481,-0.424,0.007,-0.110,0.033,0.576,0.280,0.626,-0.393,-0.589,-0.326,0.000,0.000,0,5939,27,-74,30,16.630,81.250,305,305,60,60,0
217581,-0.413,-0.147,0.130,0.558,0.499,-0.324,0.645,-0.375,-0.578,-0.329,0.000,-0.002,0,1522,15,-84,29,16.620,81.290,305,305,60,60,0
217681,-0.211,-0.276,0.100,0.553,0.279,-0.554,0.658,-0.337,-0.583,-0.336,0.000,-0.000,3211,0,17,-75,29,16.620,81.290,305,305,60,60,0
217781,0.060,-0.260,0.030,0.564,-0.259,-0.644,0.655,-0.301,-0.605,-0.338,0.000,0.003,4854,0,4,-60,29,16.620,81.290,305,305,60,60,0
217881,0.274,-0.156,-0.100,0.140,-0.448,-0.346,0.641,-0.279,-0.630,-0.338,0.000,0.002,3490,0,12,-42,29,16.620,81.290,305,305,60,60,0
217981,0.336,-0.025,-0.060,-0.246,-0.534,0.106,0.623,-0.284,-0.644,-0.340,0.000,0.000,0,2897,15,-31,29,16.620,81.250,305,305,60,60,0
218081,0.176,0.155,-0.210,-0.527,-0.627,0.602,0.603,-0.322,-0.650,-0.333,0.000,-0.000,0,6326,14,-22,29,16.620,81.250,305,305,60,60,0
218181,-0.107,0.270,-0.240,-0.577,-0.073,0.823,0.593,-0.370,-0.639,-0.322,0.000,0.003,0,7708,28,-38,29,16.620,81.250,305,305,60,60,0
218281,-0.337,0.177,-0.210,-0.108,0.524,0.404,0.606,-0.394,-0.612,-0.321,0.000,0.004,0,6336,28,-67,29,16.620,81.250,305,305,60,60,0
218381,-0.344,0.020,0.120,0.463,0.420,-0.292,0.626,-0.379,-0.600,-0.324,0.000,0.000,0,1264,12,-76,30,16.620,81.250,305,305,60,60,0
218481,-0.171,-0.089,0.160,0.442,0.237,-0.502,0.637,-0.347,-0.604,-0.330,0.000,-0.000,2903,0,14,-67,30,16.620,81.250,305,305,60,60,0
218581,0.034,-0.037,0.030,0.310,-0.338,-0.450,0.629,-0.323,-0.624,-0.332,0.000,0.000,2639,0,6,-45,30,16.620,81.250,305,305,60,60,0
218681,0.089,0.100,-0.210,-0.299,-0.578,0.179,0.612,-0.327,-0.640,-0.330,0.000,-0.000,0,5389,13,-23,30,16.620,81.250,305,305,60,60,0
218781,-0.081,0.222,-0.260,-0.370,-0.220,0.583,0.599,-0.360,-0.638,-0.322,0.000,0.002,0,7240,19,-37,30,16.620,81.250,305,305,60,60,0
218881,-0.229,0.134,-0.010,-0.001,0.688,0.179,0.612,-0.372,-0.619,-0.322,0.000,0.002,0,5131,34,-75,30,16.620,81.250,305,305,60,60,0
218981,-0.211,-0.028,0.180,0.177,0.088,-0.151,0.630,-0.357,-0.606,-0.328,0.000,-0.000,0,3339,3,-48,30,16.620,81.250,305,305,60,60,0
219081,-0.192,0.118,0.200,-0.027,-0.539,0.049,0.615,-0.362,-0.624,-0.319,0.000,0.001,0,5263,3,-32,29,16.610,81.250,305,305,60,60,0
219181,-0.195,0.171,-0.390,-0.017,0.144,-0.019,0.609,-0.366,-0.628,-0.316,0.000,0.002,0,4600,23,-56,29,16.610,81.250,305,305,60,60,0
219281,-0.191,0.107,-0.110,0.029,0.531,-0.029,0.616,-0.363,-0.621,-0.321,0.000,0.001,0,4511,28,-65,29,16.610,81.250,305,305,60,60,0
219381,-0.161,0.120,0.400,0.117,-0.597,-0.028,0.614,-0.357,-0.629,-0.316,0.000,0.002,0,4872,-8,-28,29,16.610,81.250,305,305,60,60,0
219481,-0.181,0.261,-0.130,-0.013,-0.183,-0.027,0.601,-0.366,-0.640,-0.308,0.000,0.004,0,4329,11,-44,30,16.600,81.250,305,305,60,60,0
219581,-0.099,0.193,-0.250,0.181,0.418,-0.302,0.607,-0.352,-0.639,-0.315,0.000,0.002,329,0,21,-66,30,16.600,81.250,305,305,60,60,0
219681,-0.085,0.163,-0.060,-0.268,-0.086,0.348,0.610,-0.349,-0.637,-0.317,0.000,0.001,0,6941,20,-33,30,16.600,81.250,305,305,60,60,0
219781,-0.321,0.172,-0.410,-0.463,0.329,0.789,0.613,-0.384,-0.616,-0.312,0.000,0.003,0,8648,36,-48,30,16.600,81.250,305,305,60,60,0
219881,-0.536,0.007,0.170,0.136,0.617,0.206,0.634,-0.395,-0.588,-0.312,0.000,0.000,0,5935,23,-76,30,16.610,81.290,305,305,60,60,0
219981,-0.414,-0.092,0.710,0.516,0.237,-0.597,0.646,-0.367,-0.591,-0.314,0.000,-0.001,3377,0,10,-72,30,16.610,81.290,305,305,60,60,0
220081,-0.112,-0.107,0.000,0.579,-0.271,-0.802,0.644,-0.327,-0.613,-0.321,0.000,-0.000,5136,0,-3,-56,30,16.610,81.290,305,305,60,60,0
220181,0.159,-0.023,-0.130,0.320,-0.262,-0.543,0.632,-0.296,-0.639,-0.324,0.000,0.000,4250,0,8,-49,30,16.630,81.250,305,305,60,60,0
220281,0.239,0.088,-0.230,-0.259,-0.542,0.141,0.616,-0.296,-0.653,-0.325,0.000,-0.001,0,4303,12,-24,30,16.630,81.250,305,305,60,60,0
220381,0.083,0.268,-0.220,-0.483,-0.639,0.639,0.596,-0.331,-0.659,-0.315,0.000,0.001,0,6945,9,-18,30,16.630,81.250,305,305,60,60,0
220481,-0.200,0.389,-0.220,-0.507,-0.139,0.813,0.586,-0.378,-0.650,-0.303,0.000,0.008,0,7984,20,-33,30,16.630,81.250,305,305,60,60,0
220581,-0.446,0.304,-0.290,-0.249,0.646,0.524,0.598,-0.406,-0.621,-0.302,0.000,0.009,0,7262,32,-62,30,16.620,81.250,305,305,60,60,0
220681,-0.501,0.145,0.200,0.246,0.389,-0.127,0.617,-0.401,-0.603,-0.308,0.000,0.004,0,4164,11,-65,30,16.620,81.250,305,305,60,60,0
220781,-0.354,0.007,0.160,0.490,0.520,-0.534,0.632,-0.370,-0.604,-0.314,0.000,0.000,2192,0,17,-76,30,16.620,81.250,305,305,60,60,0
220881,-0.091,-0.060,0.010,0.671,-0.048,-0.758,0.638,-0.328,-0.618,-0.320,0.000,-0.000,5031,0,-3,-62,29,16.610,81.250,305,305,60,60,0
220981,0.193,0.030,-0.150,0.373,-0.513,-0.587,0.626,-0.293,-0.647,-0.321,0.000,-0.000,4719,0,-4,-39,29,16.610,81.250,305,305,60,60,0
221081,0.316,0.215,0.000,0.016,-0.617,-0.143,0.603,-0.288,-0.673,-0.317,0.000,-0.002,1914,0,0,-28,29,16.610,81.250,305,305,60,60,0
221181,0.236,0.369,0.070,-0.406,-0.510,0.516,0.585,-0.312,-0.681,-0.311,0.000,0.000,0,5981,9,-19,29,16.610,81.250,305,305,60,60,0
221281,-0.035,0.448,-0.230,-0.583,-0.057,0.860,0.578,-0.357,-0.669,-0.302,0.000,0.007,0,7515,22,-32,30,16.620,81.250,305,305,60,60,0
221381,-0.218,0.364,-0.020,-0.096,0.493,0.166,0.589,-0.379,-0.646,-0.304,0.000,0.007,0,4131,20,-59,30,16.620,81.250,305,305,60,60,0
221481,-0.111,0.332,-0.160,0.471,-0.234,-0.613,0.592,-0.361,-0.652,-0.307,0.000,0.005,5196,0,-17,-47,30,16.620,81.250,305,305,60,60,0
221581,0.096,0.468,-0.050,0.448,-0.550,-0.601,0.576,-0.336,-0.682,-0.301,0.000,0.004,5008,0,-20,-34,30,16.630,81.250,305,305,60,60,0
221681,0.297,0.644,-0.230,0.380,-0.637,-0.574,0.553,-0.311,-0.717,-0.294,0.000,0.003,5656,0,-21,-27,30,16.630,81.250,305,305,60,60,0
221781,0.455,0.719,-0.060,0.188,0.169,-0.353,0.542,-0.291,-0.732,-0.293,0.000,-0.000,5055,0,6,-44,30,16.630,81.250,305,305,60,60,0
221881,0.475,0.609,-0.230,-0.151,0.510,0.231,0.556,-0.283,-0.722,-0.299,0.000,-0.003,0,2552,21,-43,30,16.630,81.250,305,305,60,60,0
221981,0.317,0.430,-0.540,-0.464,0.734,0.709,0.578,-0.299,-0.695,-0.306,0.000,-0.001,0,5909,36,-45,30,16.620,81.290,305,305,60,60,0
222081,0.044,0.249,-0.150,-0.586,-0.009,0.879,0.603,-0.334,-0.655,-0.310,0.000,0.002,0,7083,11,-24,30,16.620,81.290,305,305,60,60,0
222181,-0.237,0.341,0.420,-0.153,-0.530,0.543,0.597,-0.369,-0.649,-0.294,0.000,0.007,0,6197,-12,-24,30,16.620,81.290,305,305,60,60,0
222281,-0.317,0.494,0.330,0.207,-0.542,-0.233,0.584,-0.381,-0.661,-0.277,0.000,0.014,1581,0,-19,-30,30,16.620,81.290,305,305,60,60,0
222381,-0.163,0.605,-0.150,0.353,-0.184,-0.632,0.569,-0.363,-0.685,-0.273,0.000,0.014,4751,0,-11,-40,30,16.620,81.250,305,305,60,60,0
222481,0.045,0.517,-0.670,-0.006,0.508,-0.212,0.577,-0.329,-0.692,-0.285,0.000,0.006,0,1999,20,-44,30,16.620,81.250,305,305,60,60,0
222581,0.024,0.430,-0.210,-0.292,0.039,0.348,0.585,-0.335,-0.678,-0.294,0.000,0.005,0,5660,7,-26,30,16.620,81.250,305,305,60,60,0
222681,-0.111,0.497,0.420,0.019,-0.447,0.261,0.580,-0.355,-0.676,-0.285,0.000,0.009,0,4902,-17,-24,30,16.610,81.290,305,305,60,60,0
222781,-0.151,0.583,-0.060,-0.004,0.334,-0.048,0.572,-0.361,-0.683,-0.275,0.000,0.013,0,2926,13,-47,30,16.610,81.290,305,305,60,60,0
222881,-0.105,0.449,-0.070,0.029,-0.311,-0.048,0.585,-0.352,-0.672,-0.287,0.000,0.008,0,3483,-17,-21,30,16.610,81.290,305,305,60,60,0
222981,-0.135,0.548,0.060,-0.082,0.299,0.149,0.575,-0.358,-0.681,-0.278,0.000,0.012,0,5045,15,-42,30,16.610,81.290,305,305,60,60,0
223081,-0.135,0.447,-0.080,0.061,-0.360,-0.093,0.585,-0.357,-0.669,-0.288,0.000,0.008,0,2901,-20,-22,30,16.620,81.250,305,305,60,60,0
223181,-0.143,0.573,-0.010,0.003,-0.098,0.134,0.572,-0.361,-0.682,-0.277,0.000,0.013,0,5190,-2,-30,30,16.620,81.250,305,305,60,60,0
223281,-0.172,0.603,0.280,-0.107,-0.173,0.076,0.569,-0.366,-0.683,-0.275,0.000,0.015,0,4792,-5,-22,30,16.620,81.250,305,305,60,60,0
223381,-0.150,0.616,-0.060,0.039,0.193,-0.170,0.566,-0.367,-0.684,-0.277,0.000,0.015,0,2511,0,-38,30,16.620,81.250,305,305,60,60,0
223481,-0.108,0.681,0.120,0.042,-0.582,-0.033,0.557,-0.365,-0.693,-0.275,0.000,0.016,0,4138,-25,-11,30,16.610,81.290,305,305,60,60,0
223581,-0.091,0.592,-0.260,-0.103,0.563,-0.048,0.567,-0.359,-0.685,-0.282,0.000,0.012,0,3764,2,-29,30,16.610,81.290,305,305,60,60,0
223681,-0.085,0.671,0.380,0.052,-0.096,0.010,0.558,-0.362,-0.693,-0.277,0.000,0.015,0,4221,-9,-28,30,16.610,81.290,305,305,60,60,0
223781,-0.078,0.599,-0.110,-0.001,-0.469,-0.021,0.566,-0.359,-0.686,-0.283,0.000,0.012,0,3872,-26,-9,30,16.610,81.290,305,305,60,60,0
223881,-0.066,0.631,-0.310,-0.044,0.160,0.034,0.562,-0.357,-0.691,-0.280,0.000,0.013,0,4457,0,-29,30,16.620,81.250,305,305,60,60,0
223981,-0.089,0.677,-0.100,0.016,0.447,-0.047,0.557,-0.363,-0.692,-0.278,0.000,0.015,0,3526,7,-43,30,16.620,81.250,305,305,60,60,0
224081,-0.089,0.683,0.170,-0.013,-0.110,0.012,0.556,-0.365,-0.693,-0.278,0.000,0.016,0,4225,-12,-22,30,16.620,81.250,305,305,60,60,0
224181,-0.093,0.649,0.030,-0.023,-0.063,0.046,0.560,-0.364,-0.690,-0.280,0.000,0.015,0,4579,-13,-21,30,16.630,81.250,305,305,60,60,0
224281,-0.110,0.659,0.000,-0.032,0.032,0.057,0.559,-0.367,-0.690,-0.278,0.000,0.016,0,4736,-8,-24,30,16.630,81.250,305,305,60,60,0
224381,-0.119,0.650,-0.020,-0.040,0.070,0.040,0.560,-0.368,-0.688,-0.280,0.000,0.015,0,4654,-7,-24,30,16.630,81.250,305,305,60,60,0
224481,-0.129,0.616,0.000,-0.241,0.303,0.217,0.562,-0.372,-0.682,-0.284,0.000,0.014,0,5806,6,-25,30,16.630,81.250,305,305,60,60,0
224581,-0.202,0.518,-0.010,-0.506,0.517,0.462,0.571,-0.386,-0.662,-0.296,0.000,0.013,0,7057,19,-26,30,16.630,81.250,305,305,60,60,0
224681,-0.389,0.437,0.200,-0.978,0.190,0.611,0.575,-0.423,-0.628,-0.310,0.000,0.014,0,7780,20,-5,30,16.630,81.250,305,305,60,60,0
224781,-0.500,0.363,-0.070,-0.601,0.418,0.144,0.573,-0.455,-0.593,-0.335,0.000,0.012,0,5858,14,-29,30,16.630,81.250,305,305,60,60,0
224881,-0.486,0.299,-0.230,0.147,0.009,-0.059,0.576,-0.455,-0.586,-0.344,0.000,0.010,0,5294,-16,-36,30,16.630,81.250,305,305,60,60,0
224981,-0.486,0.281,0.140,0.081,0.094,0.007,0.580,-0.449,-0.588,-0.341,0.000,0.009,0,5926,-2,-33,30,16.620,81.250,305,305,60,60,0
225081,-0.482,0.268,0.040,-0.017,-0.009,0.000,0.581,-0.448,-0.586,-0.342,0.000,0.008,0,5834,-2,-27,30,16.620,81.250,305,305,60,60,0
225181,-0.486,0.270,0.030,0.034,0.002,0.018,0.582,-0.448,-0.587,-0.341,0.000,0.008,0,5952,-4,-30,30,16.620,81.250,305,305,60,60,0
225281,-0.487,0.267,0.080,-0.024,0.001,-0.001,0.583,-0.447,-0.587,-0.341,0.000,0.008,0,5857,-1,-27,30,16.620,81.250,305,305,60,60,0
225381,-0.481,0.267,0.270,-0.223,0.033,0.003,0.581,-0.450,-0.585,-0.344,0.000,0.008,0,5855,5,-22,30,16.620,81.250,305,305,60,60,0
225481,-0.453,0.269,0.310,-0.743,0.006,-0.092,0.571,-0.461,-0.577,-0.359,0.000,0.008,0,5130,17,-7,30,16.620,81.250,305,305,60,60,0
225581,-0.381,0.293,-0.180,-0.792,-0.178,-0.137,0.549,-0.482,-0.563,-0.386,0.000,0.008,0,4640,6,-4,30,16.620,81.250,305,305,60,60,0
225681,-0.290,0.407,-0.090,-0.292,-0.552,-0.289,0.523,-0.499,-0.565,-0.398,0.000,0.013,0,2895,-21,-7,30,16.620,81.250,305,305,60,60,0
225781,-0.129,0.649,-0.590,0.509,-0.837,-0.688,0.492,-0.501,-0.598,-0.387,0.000,0.023,4713,0,-50,-18,30,16.620,81.250,305,305,60,60,0
225881,0.113,0.872,-0.810,0.973,-0.666,-1.038,0.471,-0.470,-0.652,-0.364,0.000,0.027,6995,0,-55,-22,30,16.620,81.250,305,305,60,60,0
225981,0.371,0.962,0.150,1.054,0.230,-0.834,0.468,-0.416,-0.698,-0.347,0.000,0.019,6397,0,-31,-44,30,16.620,81.250,305,305,60,60,0
226081,0.488,0.815,0.050,0.867,0.804,-0.377,0.498,-0.362,-0.711,-0.340,0.000,0.005,4958,0,-13,-51,30,16.620,81.250,305,305,60,60,0
226181,0.478,0.702,-0.010,0.286,0.411,0.284,0.524,-0.333,-0.711,-0.330,0.000,0.001,0,3384,-7,-24,30,16.610,81.250,305,305,60,60,0
226281,0.293,0.587,-0.320,-0.067,0.619,0.674,0.547,-0.340,-0.695,-0.320,0.000,0.003,0,5626,7,-30,30,16.610,81.250,305,305,60,60,0
226381,0.027,0.336,-0.640,-0.229,1.073,0.729,0.584,-0.354,-0.656,-0.320,0.000,0.003,0,6313,25,-45,30,16.610,81.250,305,305,60,60,0
226481,-0.267,0.052,-0.270,-0.523,0.363,0.883,0.621,-0.372,-0.608,-0.325,0.000,0.001,0,7993,12,-17,30,16.610,81.250,305,305,60,60,0
226581,-0.609,0.196,0.170,-0.657,-1.128,0.738,0.610,-0.425,-0.594,-0.309,0.000,0.006,0,8197,-29,24,29,16.620,81.250,305,305,60,60,0
226681,-0.717,0.555,0.270,-0.021,-1.044,-0.316,0.570,-0.463,-0.616,-0.284,0.000,0.029,0,3080,-43,1,29,16.620,81.250,305,305,60,60,0
226781,-0.473,0.845,-0.390,0.520,-1.149,-1.112,0.532,-0.448,-0.665,-0.274,0.000,0.041,6104,0,-64,0,29,16.620,81.250,305,305,60,60,0
226881,-0.081,1.045,0.170,0.596,-0.476,-1.320,0.502,-0.400,-0.718,-0.270,0.000,0.037,7329,0,-45,-12,29,16.620,81.250,305,305,60,60,0
226981,0.306,1.105,-0.310,0.660,0.092,-1.281,0.489,-0.343,-0.753,-0.276,0.000,0.020,8283,0,-37,-26,29,16.620,81.290,305,305,60,60,0
227081,0.683,1.039,-0.350,0.569,0.624,-1.157,0.495,-0.272,-0.772,-0.290,0.000,-0.005,8995,0,-17,-39,29,16.620,81.290,305,305,60,60,0
227181,0.994,0.810,-0.460,0.122,0.977,-0.696,0.518,-0.222,-0.766,-0.310,0.000,-0.018,8389,0,2,-33,29,16.620,81.290,305,305,60,60,0
227281,1.142,0.492,-0.620,-0.366,1.243,0.036,0.553,-0.192,-0.739,-0.334,0.000,-0.018,6439,0,26,-34,29,16.620,81.290,305,305,60,60,0
227381,1.076,0.080,-0.580,-0.610,1.402,0.374,0.600,-0.189,-0.691,-0.356,0.000,-0.003,5562,0,41,-43,30,16.630,81.250,305,305,60,60,0
227481,0.850,-0.321,-0.350,-0.873,1.026,0.660,0.646,-0.211,-0.629,-0.378,0.000,0.016,3159,0,43,-36,30,16.630,81.250,305,305,60,60,0
227581,0.518,-0.569,-0.160,-1.021,0.436,0.796,0.667,-0.246,-0.586,-0.389,0.000,0.021,0,2953,36,-22,30,16.630,81.250,305,305,60,60,0
227681,0.074,-0.591,-0.200,-1.013,-0.324,1.018,0.670,-0.307,-0.554,-0.387,0.000,0.013,0,6348,16,-7,30,16.630,81.250,305,305,60,60,0
227781,-0.333,-0.433,-0.020,-0.568,-0.763,0.817,0.661,-0.365,-0.543,-0.368,0.000,0.000,0,6559,-9,-7,30,16.630,81.250,305,305,60,60,0
227881,-0.568,-0.147,0.060,0.062,-1.169,0.351,0.641,-0.405,-0.558,-0.337,0.000,-0.003,0,5147,-39,-8,30,16.620,81.250,305,305,60,60,0
227981,-0.566,0.168,-0.230,0.651,-1.263,-0.411,0.617,-0.409,-0.601,-0.303,0.000,0.005,3758,0,-57,-12,30,16.620,81.250,305,305,60,60,0
228081,-0.326,0.529,-0.300,0.819,-1.224,-0.916,0.580,-0.382,-0.665,-0.273,0.000,0.015,6680,0,-60,-6,30,16.620,81.250,305,305,60,60,0
228181,-0.007,0.741,-0.200,0.610,-0.372,-1.058,0.554,-0.338,-0.714,-0.263,0.000,0.015,7785,0,-33,-18,30,16.620,81.250,305,305,60,60,0
228281,0.317,0.722,-0.340,0.410,0.308,-0.924,0.552,-0.290,-0.732,-0.273,0.000,0.003,8175,0,-17,-28,30,16.610,81.290,305,305,60,60,0
228381,0.607,0.580,-0.160,0.179,0.724,-0.603,0.565,-0.244,-0.733,-0.291,0.000,-0.007,7768,0,0,-33,30,16.610,81.290,305,305,60,60,0
228481,0.661,0.315,-0.590,-0.499,1.194,0.270,0.592,-0.232,-0.706,-0.311,0.000,-0.006,3510,0,36,-34,30,16.610,81.290,305,305,60,60,0
228581,0.491,-0.094,-0.560,-0.703,1.129,0.594,0.636,-0.246,-0.651,-0.334,0.000,0.002,0,2067,34,-33,30,16.610,81.290,305,305,60,60,0
228681,0.180,-0.261,-0.080,-0.876,-0.064,0.893,0.653,-0.286,-0.612,-0.341,0.000,0.004,0,5534,9,-1,30,16.630,81.250,305,305,60,60,0
228781,-0.210,-0.102,-0.040,-0.604,-0.769,0.931,0.641,-0.347,-0.602,-0.326,0.000,-0.001,0,6737,-17,5,30,16.630,81.250,305,305,60,60,0
228881,-0.521,0.178,0.040,-0.229,-0.972,0.604,0.618,-0.398,-0.609,-0.297,0.000,0.005,0,6151,-33,3,30,16.630,81.250,305,305,60,60,0
228981,-0.621,0.497,-0.150,0.309,-1.303,-0.061,0.588,-0.419,-0.638,-0.263,0.000,0.023,0,2235,-61,9,30,16.630,81.250,305,305,60,60,0
229081,-0.543,0.781,-0.130,0.574,-0.738,-0.589,0.558,-0.409,-0.681,-0.239,0.000,0.036,4372,0,-49,-8,30,16.620,81.250,305,305,60,60,0
229181,-0.304,0.875,-0.340,0.688,-0.121,-1.041,0.547,-0.369,-0.715,-0.232,0.000,0.032,7102,0,-39,-21,30,16.620,81.250,305,305,60,60,0
229281,-0.038,0.902,0.140,0.264,-0.006,-0.557,0.542,-0.327,-0.737,-0.236,0.000,0.021,4641,0,-26,-6,30,16.620,81.250,305,305,60,60,0
229381,0.016,0.794,-0.250,-0.282,0.528,0.206,0.555,-0.322,-0.726,-0.249,0.000,0.015,0,4381,-1,-6,30,16.620,81.250,305,305,60,60,0
229481,-0.088,0.625,-0.310,-0.413,0.781,0.480,0.573,-0.336,-0.701,-0.260,0.000,0.012,0,5288,9,-18,30,16.620,81.250,305,305,60,60,0
229581,-0.342,0.450,-0.260,-0.691,0.502,0.991,0.594,-0.369,-0.662,-0.267,0.000,0.012,0,8311,8,-4,30,16.620,81.250,305,305,60,60,0
229681,-0.711,0.335,-0.180,-0.617,0.523,0.994,0.610,-0.416,-0.619,-0.268,0.000,0.014,0,8948,7,-14,30,16.620,81.250,305,305,60,60,0
229781,-0.897,0.158,0.110,-0.009,0.783,-0.063,0.633,-0.430,-0.581,-0.277,0.000,0.006,0,4808,-1,-44,30,16.600,81.290,305,305,60,60,0
229881,-0.715,-0.051,0.000,0.562,0.689,-0.833,0.649,-0.399,-0.576,-0.295,0.000,-0.001,4407,0,-10,-56,30,16.600,81.290,305,305,60,60,0
229981,-0.347,-0.259,-0.190,0.650,0.343,-0.913,0.665,-0.344,-0.582,-0.319,0.000,-0.002,5118,0,-14,-45,30,16.600,81.290,305,305,60,60,0
230081,0.023,-0.207,-0.060,0.709,-0.586,-0.849,0.655,-0.300,-0.613,-0.325,0.000,0.001,6028,0,-40,-21,30,16.600,81.290,305,305,60,60,0
230181,0.321,0.031,-0.080,0.379,-0.831,-0.478,0.626,-0.272,-0.657,-0.320,0.000,-0.000,5189,0,-36,-4,30,16.620,81.290,305,305,60,60,0
230281,0.352,0.300,-0.320,-0.119,-1.161,0.269,0.596,-0.281,-0.686,-0.308,0.000,-0.002,0,3980,-38,23,30,16.620,81.290,305,305,60,60,0
230381,0.135,0.573,-0.290,-0.393,-0.671,0.826,0.568,-0.324,-0.701,-0.287,0.000,0.006,0,6975,-22,15,30,16.620,81.290,305,305,60,60,0
230481,-0.187,0.628,-0.390,-0.542,0.274,0.943,0.565,-0.372,-0.683,-0.275,0.000,0.016,0,7829,3,-7,30,16.620,81.290,305,305,60,60,0
230581,-0.434,0.430,-0.340,-0.372,0.994,0.541,0.590,-0.399,-0.643,-0.283,0.000,0.013,0,6757,14,-33,29,16.620,81.250,305,305,60,60,0
230681,-0.517,0.173,-0.130,0.057,0.779,-0.012,0.618,-0.398,-0.609,-0.299,0.000,0.005,0,4590,-4,-39,29,16.620,81.250,305,305,60,60,0
230781,-0.408,-0.061,0.050,0.310,0.922,-0.398,0.641,-0.370,-0.594,-0.314,0.000,-0.001,0,1808,5,-53,29,16.620,81.250,305,305,60,60,0
230881,-0.208,-0.318,-0.050,0.528,0.693,-0.558,0.665,-0.329,-0.582,-0.332,0.000,0.000,3310,0,-3,-53,30,16.620,81.250,305,305,60,60,0
230981,0.006,-0.402,0.110,0.516,-0.072,-0.447,0.674,-0.293,-0.589,-0.336,0.000,0.005,3359,0,-19,-32,30,16.620,81.250,305,305,60,60,0
231081,0.166,-0.313,0.150,0.347,-0.447,-0.311,0.665,-0.274,-0.610,-0.332,0.000,0.005,3333,0,-22,-20,30,16.620,81.250,305,305,60,60,0
231181,0.286,-0.164,-0.040,0.232,-0.532,-0.233,0.649,-0.265,-0.635,-0.327,0.000,0.003,3688,0,-23,-15,30,16.620,81.250,305,305,60,60,0
231281,0.318,-0.039,-0.230,-0.122,-0.343,0.167,0.634,-0.268,-0.649,-0.323,0.000,0.000,0,3208,-10,-9,30,16.630,81.290,305,305,60,60,0
231381,0.203,0.059,-0.050,-0.210,-0.350,0.408,0.625,-0.288,-0.653,-0.315,0.000,-0.000,0,4816,-14,-7,30,16.630,81.290,305,305,60,60,0
231481,0.016,0.092,-0.060,-0.304,0.083,0.503,0.625,-0.314,-0.646,-0.307,0.000,0.000,0,5776,0,-17,30,16.630,81.290,305,305,60,60,0
231581,-0.155,0.025,-0.030,-0.351,0.393,0.400,0.633,-0.335,-0.626,-0.308,0.000,0.000,0,5771,8,-25,30,16.620,81.290,305,305,60,60,0
231681,-0.217,-0.031,0.200,0.081,-0.111,-0.030,0.640,-0.340,-0.617,-0.309,0.000,-0.000,0,3082,-25,-20,30,16.620,81.290,305,305,60,60,0
231781,-0.155,0.037,0.000,0.172,-0.209,-0.188,0.633,-0.333,-0.629,-0.304,0.000,0.000,0,2301,-20,-19,30,16.620,81.290,305,305,60,60,0
231881,-0.114,0.077,-0.160,0.004,-0.069,-0.046,0.628,-0.330,-0.635,-0.304,0.000,0.001,0,3818,-12,-17,30,16.620,81.290,305,305,60,60,0
231981,-0.101,0.087,-0.070,0.056,-0.034,-0.041,0.627,-0.329,-0.638,-0.304,0.000,0.001,0,3615,-14,-20,30,16.630,81.250,305,305,60,60,0
232081,-0.096,0.084,-0.020,-0.010,0.091,0.016,0.628,-0.327,-0.638,-0.303,0.000,0.001,0,4101,-8,-21,30,16.630,81.250,305,305,60,60,0
232181,-0.107,0.044,-0.040,0.003,0.227,0.018,0.632,-0.326,-0.633,-0.305,0.000,0.000,0,4129,-5,-27,30,16.630,81.250,305,305,60,60,0
232281,-0.097,-0.029,0.050,-0.062,0.261,-0.030,0.639,-0.323,-0.625,-0.310,0.000,-0.000,0,3791,-1,-26,30,16.630,81.250,305,305,60,60,0
232381,-0.069,-0.111,-0.130,-0.040,0.261,0.000,0.645,-0.318,-0.617,-0.319,0.000,0.000,0,3885,-1,-29,30,16.620,81.250,305,305,60,60,0
232481,-0.036,-0.193,0.090,0.121,0.261,-0.040,0.654,-0.309,-0.610,-0.323,0.000,0.001,0,3351,-3,-35,30,16.620,81.250,305,305,60,60,0
232581,-0.038,-0.242,0.020,0.054,0.006,0.061,0.660,-0.304,-0.606,-0.323,0.000,0.001,0,4313,-8,-25,30,16.620,81.250,305,305,60,60,0
232681,-0.053,-0.240,0.000,0.051,0.049,0.048,0.661,-0.304,-0.606,-0.320,0.000,0.001,0,4237,-4,-29,30,16.620,81.290,305,305,60,60,0
232781,-0.088,-0.246,0.010,0.052,-0.063,0.138,0.664,-0.305,-0.605,-0.317,0.000,0.001,0,4972,-8,-26,30,16.620,81.290,305,305,60,60,0
232881,-0.120,-0.230,-0.250,0.171,-0.083,0.091,0.665,-0.305,-0.607,-0.310,0.000,0.000,0,4828,-12,-29,30,16.620,81.290,305,305,60,60,0
232981,-0.126,-0.215,-0.570,0.156,0.031,-0.112,0.667,-0.300,-0.612,-0.301,0.000,0.000,0,3169,-5,-30,30,16.620,81.290,305,305,60,60,0
233081,-0.046,-0.296,-0.580,0.032,0.314,-0.377,0.673,-0.288,-0.606,-0.310,0.000,0.002,2855,0,5,-36,30,16.620,81.290,305,305,60,60,0
233181,0.129,-0.385,0.130,-0.082,0.381,-0.379,0.675,-0.270,-0.602,-0.330,0.000,0.006,3168,0,12,-36,30,16.620,81.290,305,305,60,60,0
233281,0.181,-0.434,0.430,-0.173,-0.087,0.090,0.676,-0.268,-0.596,-0.341,0.000,0.008,0,4030,0,-23,30,16.620,81.290,305,305,60,60,0
233381,0.126,-0.381,0.100,-0.076,-0.298,0.060,0.670,-0.279,-0.599,-0.339,0.000,0.006,0,3042,-8,-22,30,16.620,81.290,305,305,60,60,0
233481,0.141,-0.305,-0.020,0.009,-0.191,-0.117,0.661,-0.283,-0.607,-0.337,0.000,0.004,1632,0,-6,-27,30,16.640,81.250,305,305,60,60,0
233581,0.165,-0.263,0.090,-0.004,-0.119,0.052,0.656,-0.284,-0.613,-0.337,0.000,0.004,0,3005,-4,-27,30,16.640,81.250,305,305,60,60,0
233681,0.149,-0.237,0.210,0.006,-0.089,0.007,0.654,-0.286,-0.615,-0.334,0.000,0.003,0,1962,-5,-27,30,16.640,81.250,305,305,60,60,0
233781,0.149,-0.212,0.260,0.002,-0.029,0.001,0.651,-0.287,-0.618,-0.333,0.000,0.003,0,1832,-3,-28,30,16.620,81.250,305,305,60,60,0
233881,0.135,-0.206,0.210,0.019,-0.091,0.098,0.651,-0.289,-0.618,-0.332,0.000,0.002,0,3136,-6,-27,30,16.620,81.250,305,305,60,60,0
233981,0.096,-0.177,0.030,0.013,-0.106,0.093,0.650,-0.294,-0.620,-0.327,0.000,0.002,0,2947,-6,-26,30,16.620,81.250,305,305,60,60,0
234081,0.071,-0.165,0.080,-0.003,0.007,0.001,0.650,-0.296,-0.620,-0.324,0.000,0.001,0,2135,-3,-28,30,16.620,81.250,305,305,60,60,0
234181,0.080,-0.166,-0.040,-0.007,-0.014,-0.028,0.650,-0.295,-0.621,-0.325,0.000,0.001,0,1918,-4,-27,30,16.630,81.290,305,305,60,60,0
234281,0.081,-0.167,-0.040,-0.021,0.034,0.024,0.650,-0.295,-0.620,-0.326,0.000,0.001,0,2617,-2,-28,30,16.630,81.290,305,305,60,60,0
234381,0.075,-0.172,0.010,0.009,0.012,-0.007,0.650,-0.296,-0.619,-0.326,0.000,0.001,0,2061,-3,-29,30,16.630,81.290,305,305,60,60,0
234481,0.069,-0.175,0.020,-0.011,-0.001,0.052,0.650,-0.297,-0.619,-0.326,0.000,0.001,0,2924,-3,-28,30,16.630,81.290,305,305,60,60,0
234581,0.051,-0.173,-0.120,-0.009,-0.011,0.019,0.651,-0.299,-0.618,-0.325,0.000,0.001,0,2495,-3,-28,30,16.630,81.290,305,305,60,60,0
234681,0.042,-0.174,-1.060,-0.098,0.056,-0.008,0.651,-0.299,-0.617,-0.324,0.000,0.001,0,2161,3,-27,30,16.630,81.290,305,305,60,60,0
234781,0.051,-0.163,-0.190,-0.008,-0.013,-0.043,0.649,-0.300,-0.619,-0.325,0.000,0.001,0,1592,-3,-28,30,16.630,81.290,305,305,60,60,0
234881,0.069,-0.155,0.020,-0.046,-0.062,-0.053,0.648,-0.299,-0.620,-0.327,0.000,0.001,0,1187,-3,-25,30,16.630,81.290,305,305,60,60,0
234981,0.087,-0.138,0.000,-0.053,-0.129,-0.022,0.644,-0.301,-0.622,-0.329,0.000,0.001,0,1607,-6,-23,30,16.610,81.250,305,305,60,60,0
235081,0.091,-0.098,0.040,-0.013,-0.148,0.028,0.639,-0.304,-0.626,-0.328,0.000,0.001,0,2273,-8,-24,30,16.610,81.250,305,305,60,60,0
235181,0.075,-0.060,0.040,0.042,-0.110,0.037,0.636,-0.307,-0.629,-0.325,0.000,0.000,0,2279,-9,-26,30,16.610,81.250,305,305,60,60,0
235281,0.060,-0.035,0.000,0.026,-0.034,0.053,0.635,-0.308,-0.632,-0.321,0.000,0.000,0,2592,-6,-26,29,16.620,81.290,305,305,60,60,0
235381,0.041,-0.032,0.010,-0.011,0.036,0.043,0.636,-0.309,-0.632,-0.318,0.000,0.000,0,2567,-3,-26,29,16.620,81.290,305,305,60,60,0
235481,0.027,-0.048,-0.060,-0.009,0.053,0.036,0.637,-0.310,-0.629,-0.319,0.000,0.000,0,2616,-4,-27,29,16.620,81.290,305,305,60,60,0
235581,0.012,-0.060,0.030,0.022,-0.022,0.059,0.639,-0.310,-0.628,-0.318,0.000,0.000,0,3032,-7,-26,29,16.620,81.290,305,305,60,60,0
235681,-0.002,-0.054,0.040,0.016,0.000,0.000,0.640,-0.311,-0.628,-0.316,0.000,0.000,0,2351,-5,-27,30,16.620,81.250,305,305,60,60,0
235781,0.005,-0.071,-0.010,-0.082,0.104,-0.029,0.640,-0.311,-0.626,-0.319,0.000,0.000,0,2068,1,-27,30,16.620,81.250,305,305,60,60,0
235881,0.009,-0.096,0.000,0.007,0.003,0.016,0.642,-0.311,-0.622,-0.322,0.000,0.000,0,2711,-6,-27,30,16.620,81.250,305,305,60,60,0
235981,-0.002,-0.091,0.040,0.069,-0.030,0.033,0.643,-0.310,-0.623,-0.319,0.000,0.000,0,2860,-7,-28,30,16.620,81.250,305,305,60,60,0
236081,-0.004,-0.090,0.020,0.010,0.086,-0.050,0.644,-0.309,-0.624,-0.318,0.000,0.000,0,1565,0,-30,30,16.620,81.250,305,305,60,60,0
236181,0.016,-0.121,-0.030,-0.082,0.143,-0.034,0.645,-0.308,-0.620,-0.323,0.000,0.000,0,2007,3,-30,30,16.620,81.250,305,305,60,60,0
236281,0.015,-0.141,0.010,0.032,-0.081,0.068,0.647,-0.307,-0.618,-0.324,0.000,0.001,0,3245,-7,-26,30,16.620,81.250,305,305,60,60,0
236381,-0.003,-0.132,0.020,-0.031,0.064,-0.010,0.647,-0.309,-0.619,-0.322,0.000,0.000,0,2141,1,-30,30,16.620,81.250,305,305,60,60,0
236481,0.005,-0.149,0.000,-0.014,0.024,-0.024,0.648,-0.308,-0.617,-0.325,0.000,0.001,0,2109,-2,-29,30,16.620,81.250,305,305,60,60,0
236581,0.011,-0.154,0.010,-0.017,-0.003,0.003,0.648,-0.308,-0.616,-0.326,0.000,0.001,0,2486,-2,-29,30,16.620,81.250,305,305,60,60,0
236681,0.009,-0.155,0.010,-0.011,0.018,0.000,0.648,-0.308,-0.616,-0.326,0.000,0.001,0,2368,-1,-29,30,16.620,81.250,305,305,60,60,0
236781,0.013,-0.159,0.010,0.031,-0.018,-0.029,0.648,-0.307,-0.616,-0.326,0.000,0.001,0,1901,-3,-30,30,16.620,81.250,305,305,60,60,0
236881,0.027,-0.157,0.000,0.008,0.040,-0.027,0.647,-0.306,-0.616,-0.327,0.000,0.001,0,1866,0,-31,30,16.630,81.250,305,305,60,60,0
236981,0.040,-0.171,0.020,0.002,0.040,-0.042,0.648,-0.304,-0.615,-0.329,0.000,0.001,0,1295,0,-31,30,16.630,81.250,305,305,60,60,0
237081,0.053,-0.180,0.000,0.022,0.000,-0.018,0.649,-0.303,-0.615,-0.331,0.000,0.001,0,1736,-2,-31,30,16.630,81.250,305,305,60,60,0
237181,0.056,-0.176,0.000,0.024,-0.029,-0.006,0.648,-0.303,-0.616,-0.330,0.000,0.001,0,1613,-2,-30,30,16.630,81.250,305,305,60,60,0
237281,0.068,-0.176,0.020,0.043,0.013,-0.049,0.648,-0.301,-0.616,-0.330,0.000,0.001,877,0,-2,-32,30,16.620,81.250,305,305,60,60,0
237381,0.087,-0.172,-0.020,0.102,-0.049,-0.028,0.648,-0.298,-0.619,-0.329,0.000,0.001,424,0,-5,-32,30,16.620,81.250,305,305,60,60,0
237481,0.095,-0.157,0.030,-0.048,-0.024,-0.014,0.647,-0.296,-0.622,-0.328,0.000,0.001,696,0,2,-27,30,16.620,81.250,305,305,60,60,0
237581,0.096,-0.142,0.040,-0.070,-0.123,0.012,0.645,-0.298,-0.622,-0.328,0.000,0.001,0,1003,-3,-24,30,16.620,81.250,305,305,60,60,0
237681,0.093,-0.102,0.010,-0.076,-0.178,0.007,0.640,-0.302,-0.626,-0.328,0.000,0.001,0,211,-4,-23,30,16.620,81.250,305,305,60,60,0
237781,0.092,-0.056,0.030,-0.088,-0.113,-0.016,0.634,-0.308,-0.629,-0.328,0.000,0.000,1333,0,-3,-25,30,16.610,81.250,305,305,60,60,0
237881,0.101,-0.030,0.000,0.031,0.117,-0.003,0.630,-0.309,-0.632,-0.328,0.000,0.000,1199,0,-1,-34,30,16.610,81.250,305,305,60,60,0
237981,0.096,-0.070,-0.010,0.074,0.154,0.043,0.636,-0.305,-0.629,-0.328,0.000,0.000,0,1286,0,-34,30,16.610,81.250,305,305,60,60,0
238081,0.067,-0.107,0.000,-0.037,0.033,0.140,0.641,-0.305,-0.624,-0.327,0.000,0.001,0,2858,0,-28,30,16.610,81.250,305,305,60,60,0
238181,0.019,-0.118,0.020,0.044,0.058,0.083,0.644,-0.308,-0.621,-0.324,0.000,0.000,0,2285,-1,-33,30,16.620,81.290,305,305,60,60,0
238281,0.011,-0.131,0.000,-0.001,-0.016,-0.029,0.646,-0.308,-0.619,-0.323,0.000,0.001,899,0,-1,-29,30,16.620,81.290,305,305,60,60,0
238381,0.024,-0.122,0.010,-0.064,-0.054,-0.027,0.644,-0.308,-0.620,-0.325,0.000,0.001,0,389,-1,-27,30,16.620,81.290,305,305,60,60,0
238481,0.027,-0.115,0.000,0.000,0.020,0.029,0.642,-0.310,-0.620,-0.326,0.000,0.000,0,1934,-1,-32,30,16.620,81.290,305,305,60,60,0
238581,0.007,-0.126,0.010,-0.007,0.063,0.087,0.644,-0.311,-0.618,-0.325,0.000,0.000,0,2756,1,-32,30,16.620,81.290,305,305,60,60,0
238681,-0.011,-0.150,0.020,0.054,0.079,-0.003,0.648,-0.310,-0.616,-0.324,0.000,0.001,0,1268,0,-34,30,16.620,81.290,305,305,60,60,0
238781,-0.010,-0.170,0.000,0.011,0.031,0.010,0.651,-0.308,-0.614,-0.324,0.000,0.001,0,1948,1,-32,30,16.620,81.290,305,305,60,60,0
238881,-0.010,-0.176,0.000,0.007,-0.008,-0.004,0.651,-0.307,-0.613,-0.324,0.000,0.001,0,1730,0,-31,30,16.620,81.290,305,305,60,60,0
238981,-0.009,-0.172,0.010,0.006,-0.003,0.001,0.651,-0.308,-0.614,-0.324,0.000,0.001,0,1847,1,-32,30,16.630,81.250,305,305,60,60,0
239081,-0.009,-0.174,0.000,0.014,0.006,0.001,0.651,-0.307,-0.614,-0.324,0.000,0.001,0,1788,1,-33,30,16.630,81.250,305,305,60,60,0
239181,-0.008,-0.176,0.000,-0.023,-0.016,0.003,0.651,-0.307,-0.614,-0.324,0.000,0.001,0,1896,1,-31,30,16.630,81.250,305,305,60,60,0
239281,-0.009,-0.173,0.000,0.018,-0.012,0.006,0.651,-0.307,-0.614,-0.324,0.000,0.001,0,1901,0,-33,30,16.630,81.250,305,305,60,60,0
239381,-0.009,-0.167,0.010,-0.010,-0.013,-0.003,0.650,-0.308,-0.614,-0.324,0.000,0.001,0,1778,1,-32,30,16.620,81.250,305,305,60,60,0
239481,-0.009,-0.166,0.010,0.004,0.006,0.002,0.650,-0.308,-0.615,-0.324,0.000,0.001,0,1928,1,-33,30,16.620,81.250,305,305,60,60,0
239581,-0.008,-0.166,0.010,0.010,0.002,0.001,0.650,-0.307,-0.615,-0.324,0.000,0.001,0,1866,1,-33,30,16.620,81.250,305,305,60,60,0
239681,-0.007,-0.165,0.010,0.022,-0.018,0.004,0.651,-0.307,-0.615,-0.323,0.000,0.001,0,1942,0,-33,30,16.620,81.250,305,305,60,60,0
239781,-0.008,-0.159,0.030,0.016,-0.019,0.001,0.650,-0.307,-0.616,-0.322,0.000,0.001,0,1825,1,-32,30,16.620,81.250,305,305,60,60,0
239881,-0.008,-0.155,0.030,0.007,-0.009,0.000,0.650,-0.307,-0.616,-0.322,0.000,0.001,0,1897,1,-33,30,16.620,81.250,305,305,60,60,0
239981,-0.008,-0.155,0.000,0.010,0.008,0.000,0.650,-0.307,-0.616,-0.322,0.000,0.001,0,1898,1,-33,30,16.620,81.250,305,305,60,60,0
240081,-0.008,-0.155,0.030,-0.001,0.006,0.004,0.650,-0.307,-0.616,-0.322,0.000,0.001,0,1993,2,-33,30,16.620,81.250,305,305,60,60,0
240183,-0.009,-0.184,0.000,0.031,0.014,-0.002,0.653,-0.304,-0.614,-0.322,0.000,0.001,0,1885,2,-35,30,16.610,81.250,305,305,60,60,0
240283,-0.007,-0.184,0.000,0.009,-0.024,0.008,0.654,-0.304,-0.614,-0.322,0.000,0.001,0,2036,2,-33,30,16.610,81.250,305,305,60,60,0
240383,-0.007,-0.177,0.000,-0.010,-0.026,0.007,0.653,-0.304,-0.615,-0.321,0.000,0.001,0,2025,2,-32,30,16.610,81.250,305,305,60,60,0
240483,-0.006,-0.172,0.000,-0.004,-0.008,0.003,0.652,-0.304,-0.615,-0.321,0.000,0.001,0,2009,3,-33,30,16.610,81.250,305,305,60,60,0
240583,-0.007,-0.172,0.030,0.001,0.009,0.004,0.652,-0.304,-0.615,-0.321,0.000,0.001,0,1982,3,-34,30,16.610,81.250,305,305,60,60,0
240683,-0.006,-0.173,0.010,-0.008,-0.001,0.006,0.653,-0.304,-0.615,-0.321,0.000,0.001,0,2028,3,-34,30,16.610,81.250,305,305,60,60,0
240783,-0.006,-0.174,0.020,-0.011,0.000,0.002,0.653,-0.304,-0.615,-0.321,0.000,0.001,0,1963,3,-34,30,16.610,81.250,305,305,60,60,0
240883,-0.006,-0.175,0.000,-0.013,0.017,0.008,0.653,-0.304,-0.615,-0.322,0.000,0.001,0,2078,4,-34,30,16.610,81.250,305,305,60,60,0
240983,-0.006,-0.182,0.010,0.004,0.009,0.002,0.653,-0.304,-0.614,-0.322,0.000,0.001,0,2001,3,-35,30,16.610,81.250,305,305,60,60,0
241083,-0.006,-0.183,0.010,0.009,-0.020,0.000,0.653,-0.304,-0.614,-0.322,0.000,0.001,0,1946,2,-34,30,16.610,81.250,305,305,60,60,0
241183,-0.006,-0.175,0.000,-0.006,-0.018,-0.007,0.652,-0.305,-0.615,-0.322,0.000,0.001,0,1839,3,-34,30,16.610,81.250,305,305,60,60,0
241283,-0.005,-0.173,0.020,-0.003,0.000,0.010,0.652,-0.305,-0.615,-0.322,0.000,0.001,0,2165,4,-35,30,16.610,81.250,305,305,60,60,0
241383,-0.006,-0.174,0.020,0.009,0.006,0.001,0.652,-0.304,-0.615,-0.322,0.000,0.001,0,1980,4,-35,30,16.610,81.250,305,305,60,60,0
241483,-0.006,-0.174,0.000,0.004,0.002,0.000,0.652,-0.304,-0.615,-0.322,0.000,0.001,0,1969,4,-35,30,16.610,81.250,305,305,60,60,0
241583,-0.006,-0.174,0.010,0.007,0.009,0.006,0.652,-0.304,-0.615,-0.322,0.000,0.001,0,2101,4,-36,30,16.610,81.250,305,305,60,60,0
241683,-0.007,-0.176,0.010,0.012,0.000,0.003,0.653,-0.304,-0.615,-0.321,0.000,0.001,0,2034,4,-35,30,16.610,81.250,305,305,60,60,0
241783,-0.007,-0.172,0.020,0.002,-0.026,-0.001,0.652,-0.304,-0.615,-0.321,0.000,0.001,0,2041,3,-34,30,16.610,81.250,305,305,60,60,0
241883,-0.007,-0.164,0.010,0.008,-0.028,0.006,0.651,-0.305,-0.616,-0.321,0.000,0.001,0,2117,3,-35,29,16.590,81.410,305,305,60,60,0
241983,-0.007,-0.158,0.020,0.003,-0.008,-0.010,0.651,-0.305,-0.617,-0.320,0.000,0.001,0,1824,4,-35,29,16.590,81.410,305,305,60,60,0
242083,-0.006,-0.157,0.000,-0.007,0.002,0.011,0.651,-0.305,-0.617,-0.320,0.000,0.001,0,2248,5,-35,29,16.590,81.410,305,305,60,60,0
242183,-0.007,-0.158,0.000,0.002,0.007,0.001,0.651,-0.305,-0.617,-0.320,0.000,0.001,0,2049,4,-35,29,16.590,81.410,305,305,60,60,0
242283,-0.007,-0.158,0.010,0.006,0.000,0.000,0.651,-0.305,-0.617,-0.320,0.000,0.001,0,2047,4,-36,30,16.600,81.410,305,305,60,60,0
242384,-0.007,-0.158,0.010,-0.004,0.004,0.004,0.651,-0.305,-0.617,-0.320,0.000,0.001,0,2142,5,-36,30,16.600,81.410,305,305,60,60,0
242484,-0.007,-0.160,0.020,0.002,0.013,0.001,0.651,-0.305,-0.617,-0.320,0.000,0.001,0,2082,5,-36,30,16.600,81.410,305,305,60,60,0
242584,-0.007,-0.165,0.010,0.003,0.020,-0.006,0.652,-0.305,-0.616,-0.321,0.000,0.001,0,1989,5,-37,30,16.620,81.410,305,305,60,60,0
242684,-0.009,-0.170,0.010,0.011,0.012,0.011,0.652,-0.305,-0.616,-0.321,0.000,0.001,0,2284,5,-37,30,16.620,81.410,305,305,60,60,0
242783,-0.011,-0.172,0.000,-0.010,-0.032,0.004,0.653,-0.304,-0.615,-0.320,0.000,0.001,0,2169,5,-35,30,16.620,81.410,305,305,60,60,0
242883,-0.009,-0.162,0.000,0.000,-0.031,0.000,0.652,-0.305,-0.617,-0.320,0.000,0.001,0,2176,4,-35,30,16.620,81.410,305,305,60,60,0
242984,-0.010,-0.156,0.030,0.009,-0.002,-0.002,0.651,-0.305,-0.617,-0.320,0.000,0.001,0,2099,5,-37,30,16.610,81.410,305,305,60,60,0
243084,-0.009,-0.157,0.020,0.002,0.002,0.009,0.651,-0.305,-0.617,-0.320,0.000,0.001,0,2300,5,-36,30,16.610,81.410,305,305,60,60,0
243184,-0.010,-0.158,0.000,0.000,-0.003,-0.002,0.651,-0.305,-0.617,-0.320,0.000,0.001,0,2119,5,-36,30,16.610,81.410,305,305,60,60,0
243284,-0.009,-0.159,0.000,0.001,-0.006,0.010,0.651,-0.305,-0.617,-0.320,0.000,0.001,0,2343,5,-36,30,16.610,81.410,305,305,60,60,0
243384,-0.012,-0.159,0.030,0.017,-0.002,-0.001,0.651,-0.305,-0.617,-0.320,0.000,0.001,0,2174,5,-37,30,16.610,81.410,305,305,60,60,0
243484,-0.011,-0.158,0.010,-0.001,-0.013,0.006,0.651,-0.305,-0.617,-0.320,0.000,0.001,0,2281,5,-36,30,16.610,81.410,305,305,60,60,0
243584,-0.011,-0.156,0.020,-0.016,-0.010,-0.004,0.651,-0.305,-0.617,-0.320,0.000,0.001,0,2156,6,-36,30,16.610,81.410,305,305,60,60,0
243684,-0.005,-0.156,0.000,0.013,-0.006,0.004,0.651,-0.305,-0.617,-0.320,0.000,0.001,0,2305,5,-37,29,16.620,81.410,305,305,60,60,0
243784,-0.007,-0.154,0.010,0.014,-0.010,0.000,0.651,-0.305,-0.617,-0.320,0.000,0.001,0,2172,5,-37,29,16.620,81.410,305,305,60,60,0
243883,-0.008,-0.155,0.000,0.004,0.026,-0.003,0.651,-0.305,-0.617,-0.320,0.000,0.001,0,2180,7,-38,29,16.620,81.410,305,305,60,60,0
243984,-0.010,-0.164,0.020,0.003,0.018,0.013,0.650,-0.307,-0.615,-0.323,0.000,0.001,0,2428,7,-38,29,16.620,81.410,305,305,60,60,0
244083,-0.011,-0.165,0.000,-0.001,-0.024,0.002,0.650,-0.308,-0.614,-0.324,0.000,0.001,0,2282,6,-37,30,16.620,81.410,305,305,60,60,0
244183,-0.011,-0.152,0.010,-0.027,-0.059,-0.006,0.648,-0.310,-0.615,-0.324,0.000,0.001,0,2148,5,-35,30,16.620,81.410,305,305,60,60,0
244284,-0.008,-0.139,0.010,0.011,-0.021,0.001,0.646,-0.311,-0.616,-0.325,0.000,0.000,0,2311,5,-38,30,16.620,81.410,305,305,60,60,0
244384,-0.013,-0.136,0.030,-0.021,0.013,-0.003,0.645,-0.314,-0.615,-0.327,0.000,0.000,0,2201,7,-37,30,16.620,81.410,305,305,60,60,0
244484,-0.005,-0.143,0.010,0.008,0.010,-0.002,0.645,-0.315,-0.614,-0.329,0.000,0.001,0,2301,6,-38,29,16.610,81.410,305,305,60,60,0
244584,-0.008,-0.144,0.010,0.011,-0.012,0.001,0.645,-0.315,-0.614,-0.329,0.000,0.001,0,2222,6,-38,29,16.610,81.410,305,305,60,60,0
244683,-0.008,-0.138,0.010,-0.044,-0.010,-0.002,0.643,-0.317,-0.614,-0.331,0.000,0.001,0,2258,8,-36,29,16.610,81.410,305,305,60,60,0
244783,-0.011,-0.142,0.010,0.019,0.039,0.020,0.643,-0.318,-0.612,-0.332,0.000,0.001,0,2576,7,-40,30,16.630,81.410,305,305,60,60,0
244884,-0.015,-0.163,-0.010,0.019,-0.002,0.006,0.645,-0.317,-0.610,-0.333,0.000,0.001,0,2407,6,-38,30,16.630,81.410,305,305,60,60,0
244983,-0.015,-0.154,0.000,-0.021,-0.022,-0.007,0.645,-0.318,-0.611,-0.332,0.000,0.001,0,2306,8,-37,30,16.630,81.410,305,305,60,60,0
245083,-0.011,-0.151,0.000,-0.014,-0.022,-0.024,0.643,-0.319,-0.611,-0.334,0.000,0.001,0,2026,7,-38,30,16.630,81.410,305,305,60,60,0
245184,-0.007,-0.146,0.000,0.000,0.003,0.013,0.642,-0.320,-0.611,-0.334,0.000,0.001,0,2545,7,-39,30,16.620,81.410,305,305,60,60,0
245283,-0.012,-0.151,0.000,-0.003,0.024,-0.004,0.643,-0.320,-0.610,-0.334,0.000,0.001,0,2276,8,-39,30,16.620,81.410,305,305,60,60,0
245383,-0.011,-0.159,-0.010,-0.012,0.049,0.001,0.643,-0.320,-0.609,-0.336,0.000,0.001,0,2399,9,-40,30,16.620,81.410,305,305,60,60,0
245484,-0.010,-0.173,0.000,-0.003,0.009,0.006,0.645,-0.319,-0.608,-0.336,0.000,0.001,0,2457,8,-39,30,16.620,81.410,305,305,60,60,0
245583,-0.010,-0.174,0.010,0.022,0.013,0.002,0.645,-0.319,-0.608,-0.336,0.000,0.001,0,2407,8,-41,29,16.600,81.410,305,305,60,60,0
245683,-0.015,-0.182,-0.010,-0.013,0.040,0.013,0.646,-0.319,-0.607,-0.336,0.000,0.001,0,2585,10,-40,29,16.600,81.410,305,305,60,60,0
245783,-0.014,-0.196,0.010,-0.017,0.059,-0.006,0.647,-0.318,-0.605,-0.337,0.000,0.001,0,2396,11,-41,29,16.600,81.410,305,305,60,60,0
245883,-0.018,-0.212,0.010,0.001,0.029,0.023,0.649,-0.317,-0.603,-0.337,0.000,0.001,0,2777,10,-41,29,16.600,81.410,305,305,60,60,0
245983,-0.016,-0.219,0.020,0.027,0.001,-0.027,0.650,-0.316,-0.603,-0.338,0.000,0.001,0,2110,9,-41,29,16.620,81.410,305,305,60,60,0
246083,-0.020,-0.212,0.000,0.004,-0.048,0.042,0.650,-0.316,-0.604,-0.336,0.000,0.001,0,3045,9,-39,29,16.620,81.410,305,305,60,60,0
246183,-0.020,-0.197,0.010,-0.040,-0.039,-0.024,0.648,-0.317,-0.606,-0.335,0.000,0.001,0,2184,10,-38,29,16.620,81.410,305,305,60,60,0
246283,-0.009,-0.190,0.010,0.000,0.011,0.013,0.647,-0.317,-0.606,-0.336,0.000,0.001,0,2729,10,-41,29,16.620,81.410,305,305,60,60,0
246383,-0.014,-0.199,0.020,0.031,0.030,0.007,0.648,-0.316,-0.606,-0.336,0.000,0.001,0,2592,10,-43,29,16.610,81.410,305,305,60,60,0
246484,-0.014,-0.204,0.010,-0.014,0.004,0.001,0.649,-0.316,-0.605,-0.336,0.000,0.001,0,2541,11,-41,29,16.610,81.410,305,305,60,60,0
246584,-0.013,-0.204,0.010,0.004,0.008,0.002,0.649,-0.316,-0.605,-0.336,0.000,0.001,0,2603,10,-42,29,16.610,81.410,305,305,60,60,0
246684,-0.015,-0.204,0.010,-0.003,0.001,0.000,0.649,-0.316,-0.605,-0.336,0.000,0.001,0,2557,11,-42,29,16.610,81.410,305,305,60,60,0
246783,-0.013,-0.205,0.030,-0.029,0.018,0.007,0.649,-0.316,-0.605,-0.337,0.000,0.001,0,2688,12,-41,30,16.600,81.410,305,305,60,60,0
246883,-0.018,-0.217,0.030,0.057,0.030,0.012,0.651,-0.315,-0.604,-0.336,0.000,0.001,0,2760,10,-45,30,16.600,81.410,305,305,60,60,0
246983,-0.018,-0.221,0.000,0.000,-0.036,-0.003,0.651,-0.314,-0.604,-0.335,0.000,0.001,0,2603,11,-41,30,16.600,81.410,305,305,60,60,0
247083,-0.018,-0.207,0.010,-0.056,-0.036,-0.017,0.650,-0.316,-0.605,-0.336,0.000,0.001,0,2410,12,-40,30,16.600,81.410,305,305,60,60,0
247183,-0.014,-0.203,0.020,0.006,0.016,0.029,0.649,-0.316,-0.605,-0.336,0.000,0.001,0,3087,12,-43,29,16.600,81.410,305,305,60,60,0
247283,-0.022,-0.211,0.010,0.057,0.019,-0.006,0.651,-0.315,-0.605,-0.334,0.000,0.001,0,2545,11,-44,29,16.600,81.410,305,305,60,60,0
247383,-0.021,-0.209,0.010,-0.002,-0.031,0.011,0.651,-0.315,-0.605,-0.334,0.000,0.001,0,2856,11,-41,29,16.600,81.410,305,305,60,60,0
247483,-0.019,-0.201,0.000,0.000,-0.017,0.000,0.650,-0.315,-0.606,-0.333,0.000,0.001,0,2757,12,-42,29,16.600,81.410,305,305,60,60,0
247583,-0.022,-0.198,-0.010,0.012,-0.013,0.008,0.650,-0.315,-0.607,-0.333,0.000,0.001,0,2810,11,-43,30,16.610,81.410,305,305,60,60,0
247683,-0.022,-0.195,0.020,-0.014,-0.001,-0.001,0.649,-0.315,-0.607,-0.333,0.000,0.001,0,2759,12,-43,30,16.610,81.410,305,305,60,60,0
247783,-0.024,-0.196,0.020,-0.003,0.013,0.012,0.649,-0.316,-0.606,-0.333,0.000,0.001,0,2948,12,-44,30,16.610,81.410,305,305,60,60,0
247883,-0.024,-0.200,0.000,-0.012,0.006,0.011,0.650,-0.316,-0.606,-0.334,0.000,0.001,0,2968,13,-43,30,16.610,81.410,305,305,60,60,0
247983,-0.025,-0.199,0.000,0.003,-0.016,0.000,0.649,-0.316,-0.606,-0.334,0.000,0.001,0,2828,11,-43,30,16.600,81.410,305,305,60,60,0
248083,-0.025,-0.194,0.020,0.009,-0.010,0.000,0.649,-0.316,-0.606,-0.334,0.000,0.001,0,2850,12,-44,30,16.600,81.410,305,305,60,60,0
248183,-0.023,-0.196,0.010,-0.007,0.014,0.009,0.649,-0.316,-0.606,-0.334,0.000,0.001,0,2991,13,-44,30,16.600,81.410,305,305,60,60,0
248283,-0.024,-0.198,0.000,0.030,0.020,-0.001,0.650,-0.316,-0.606,-0.333,0.000,0.001,0,2857,12,-45,30,16.600,81.410,305,305,60,60,0
248383,-0.024,-0.193,0.000,-0.016,-0.028,-0.006,0.649,-0.316,-0.607,-0.333,0.000,0.001,0,2824,12,-42,29,16.610,81.410,305,305,60,60,0
248483,-0.021,-0.189,0.010,-0.017,-0.002,0.010,0.648,-0.316,-0.607,-0.333,0.000,0.001,0,3044,13,-43,29,16.610,81.410,305,305,60,60,0
248583,-0.021,-0.190,0.010,0.016,0.000,0.007,0.649,-0.316,-0.607,-0.333,0.000,0.001,0,2993,13,-44,29,16.610,81.410,305,305,60,60,0
248683,-0.024,-0.186,0.000,0.023,-0.023,-0.001,0.649,-0.316,-0.608,-0.332,0.000,0.001,0,2913,11,-44,29,16.610,81.410,305,305,60,60,0
248783,-0.023,-0.181,0.030,-0.017,-0.009,-0.003,0.648,-0.316,-0.608,-0.332,0.000,0.001,0,2936,13,-43,30,16.610,81.410,305,305,60,60,0
248883,-0.023,-0.185,-0.010,0.003,0.039,0.010,0.648,-0.316,-0.608,-0.333,0.000,0.001,0,3091,14,-46,30,16.610,81.410,305,305,60,60,0
248983,-0.026,-0.198,0.020,0.014,0.033,0.000,0.650,-0.316,-0.606,-0.333,0.000,0.001,0,2977,14,-46,30,16.610,81.410,305,305,60,60,0
249083,-0.028,-0.207,0.030,0.001,0.028,0.017,0.651,-0.315,-0.605,-0.333,0.000,0.001,0,3222,14,-46,30,16.610,81.410,305,305,60,60,0
249183,-0.034,-0.215,0.010,-0.002,0.029,0.020,0.652,-0.315,-0.604,-0.333,0.000,0.001,0,3286,15,-46,30,16.610,81.410,305,305,60,60,0
249283,-0.043,-0.225,-0.010,0.010,0.026,0.019,0.653,-0.315,-0.603,-0.333,0.000,0.001,0,3338,15,-46,30,16.610,81.410,305,305,60,60,0
249383,-0.045,-0.230,0.020,0.000,0.012,-0.001,0.654,-0.315,-0.602,-0.333,0.000,0.001,0,3206,15,-46,30,16.610,81.410,305,305,60,60,0
249483,-0.046,-0.230,0.030,0.014,-0.001,0.012,0.654,-0.315,-0.602,-0.333,0.000,0.001,0,3405,14,-46,30,16.610,81.410,305,305,60,60,0
249583,-0.048,-0.230,0.020,0.003,-0.009,0.003,0.654,-0.315,-0.602,-0.332,0.000,0.001,0,3329,15,-46,30,16.620,81.410,305,305,60,60,0
