Timestamp,r_ref,q_ref,curr_ax,curr_roll_rate,curr_pitch_rate,curr_yaw_rate,curr_qw,curr_qx,curr_qy,curr_qz,ax_ref,p_ref,omega_L_ref,omega_R_ref,servo_L_ref,servo_R_ref,Temperature,Voltage,RPM2,RPM4,Throttle2,Throttle4,ErrorCodes
44370,0.603,-0.262,0.043,-0.140,-0.310,-0.104,0.259,0.646,-0.130,0.706,-0.200,-0.007,8462,0,6,-2,0,0.000,0,0,0,0,0
44470,0.620,-0.281,0.045,0.030,0.564,-0.039,0.266,0.643,-0.132,0.706,-0.200,-0.007,8227,0,25,-31,0,0.000,0,0,0,0,0
44570,0.638,-0.454,0.080,0.058,0.634,-0.039,0.272,0.612,-0.118,0.734,-0.200,-0.014,8315,0,20,-25,0,0.000,0,0,0,0,0
44670,0.639,-0.416,0.146,-0.097,-0.462,0.023,0.275,0.618,-0.123,0.726,-0.200,-0.013,8015,0,1,1,0,0.000,305,305,0,0,0
44770,0.646,-0.377,0.164,0.090,-0.068,-0.073,0.277,0.625,-0.128,0.719,-0.200,-0.011,8516,0,9,-18,0,0.000,305,305,0,0,0
44870,0.571,-0.334,0.169,0.036,-0.373,-0.041,0.271,0.631,-0.139,0.714,-0.200,-0.009,7996,0,3,-6,0,0.000,305,305,0,0,0
44970,0.583,-0.262,0.225,0.004,-0.229,-0.186,0.271,0.643,-0.144,0.701,-0.200,-0.006,8745,0,8,-11,0,0.000,305,305,0,0,0
45070,0.606,-0.223,0.264,-0.028,-0.161,-0.144,0.272,0.651,-0.146,0.694,-0.200,-0.005,8664,0,9,-9,0,0.000,305,305,0,0,0
45170,0.580,-0.181,0.214,0.003,-0.231,-0.090,0.270,0.657,-0.153,0.687,-0.200,-0.003,8281,0,4,-8,0,0.000,305,305,0,0,0
45270,0.558,-0.135,0.126,0.061,-0.128,0.163,0.264,0.665,-0.155,0.681,-0.200,-0.002,6825,0,6,-12,0,0.000,305,305,0,0,0
45370,0.508,-0.151,0.146,0.028,0.171,0.059,0.259,0.662,-0.157,0.686,-0.200,-0.002,7137,0,13,-16,0,0.000,305,305,0,0,0
45470,0.523,-0.143,0.166,0.072,-0.163,-0.064,0.257,0.664,-0.154,0.685,-0.200,-0.002,7871,0,3,-8,0,0.000,305,305,0,0,0
45570,0.528,-0.131,0.187,0.019,0.009,-0.024,0.256,0.666,-0.153,0.683,-0.200,-0.002,7696,0,9,-12,0,0.000,305,305,0,0,0
45670,0.521,-0.129,0.160,0.047,0.040,0.040,0.255,0.667,-0.153,0.683,-0.200,-0.002,7313,0,9,-14,0,0.000,305,305,0,0,0
45770,0.484,-0.131,0.141,-0.016,0.006,-0.046,0.251,0.666,-0.155,0.685,-0.200,-0.002,7574,0,9,-10,0,0.000,305,305,0,0,0
45870,0.457,-0.121,0.168,-0.002,-0.037,-0.047,0.250,0.666,-0.160,0.684,-0.200,-0.001,7437,0,8,-11,0,0.000,305,305,0,0,0
45970,0.405,-0.112,0.169,-0.072,-0.048,0.034,0.247,0.667,-0.167,0.683,-0.200,-0.001,6680,0,9,-9,35,16.650,305,305,0,0,0
46070,0.320,-0.094,0.133,-0.020,-0.016,0.076,0.241,0.667,-0.177,0.682,-0.200,-0.001,5875,0,9,-11,35,16.650,305,305,0,0,0
46170,0.272,-0.096,0.113,0.002,0.014,0.043,0.237,0.666,-0.181,0.684,-0.200,-0.001,5771,0,8,-12,35,16.650,305,305,0,0,0
46270,0.263,-0.102,0.150,0.028,0.032,-0.041,0.234,0.665,-0.179,0.686,-0.200,-0.001,6273,0,8,-12,35,16.650,305,305,0,0,0
46370,0.261,-0.093,0.175,-0.031,-0.047,-0.002,0.233,0.667,-0.179,0.685,-0.200,-0.001,6007,0,8,-10,35,16.640,305,305,0,0,0
46470,0.226,-0.072,0.147,0.016,-0.098,0.014,0.228,0.670,-0.182,0.683,-0.200,-0.001,5652,0,6,-10,35,16.640,305,305,0,0,0
46570,0.179,-0.069,0.089,-0.054,0.098,0.172,0.221,0.670,-0.184,0.684,-0.200,-0.000,3939,0,14,-12,35,16.640,305,305,0,0,0
46670,0.118,-0.086,0.049,-0.107,-0.017,0.129,0.219,0.665,-0.191,0.688,-0.200,-0.000,3753,0,10,-7,35,16.640,305,305,0,0,0
46770,0.086,-0.057,0.095,-0.063,-0.221,0.036,0.218,0.668,-0.198,0.683,-0.200,-0.000,4360,0,4,-5,35,16.640,305,305,0,0,0
46870,0.044,-0.029,0.108,-0.146,-0.027,0.128,0.217,0.671,-0.207,0.678,-0.200,-0.000,2849,0,11,-9,35,16.650,305,305,0,0,0
46970,-0.015,-0.019,0.079,-0.182,-0.033,0.240,0.216,0.670,-0.216,0.677,-0.200,0.000,0,2463,11,-6,35,16.650,305,305,0,0,0
47070,-0.087,-0.007,-0.018,-0.107,-0.084,0.101,0.214,0.668,-0.228,0.675,-0.200,0.000,0,1286,7,-7,35,16.650,305,305,0,0,0
47170,-0.072,-0.002,-0.102,-0.121,0.011,-0.198,0.219,0.668,-0.230,0.673,-0.200,0.000,4835,0,10,-8,35,16.650,305,305,0,0,0
47270,-0.021,-0.006,-0.096,0.013,0.086,-0.098,0.225,0.668,-0.228,0.672,-0.200,0.000,4460,0,8,-13,35,16.630,305,305,0,0,0
47370,-0.034,-0.020,-0.075,0.006,-0.049,0.067,0.225,0.666,-0.228,0.674,-0.200,0.000,2356,0,5,-8,35,16.630,305,305,0,0,0
47470,-0.055,-0.027,-0.052,0.047,0.116,0.010,0.223,0.664,-0.229,0.676,-0.200,0.000,2825,0,10,-14,35,16.650,305,305,0,0,0
47570,-0.026,-0.048,-0.032,0.044,0.142,-0.094,0.224,0.662,-0.223,0.679,-0.200,0.000,4338,0,11,-14,35,16.650,305,305,0,0,0
47670,0.004,-0.068,0.006,-0.016,0.146,-0.132,0.228,0.659,-0.220,0.682,-0.200,-0.000,4953,0,12,-13,35,16.660,305,305,0,0,0
47770,0.042,-0.084,0.033,-0.010,0.061,-0.121,0.233,0.657,-0.216,0.683,-0.200,-0.000,5215,0,10,-12,35,16.660,305,305,0,0,0
47870,0.083,-0.086,0.027,-0.072,-0.051,-0.071,0.238,0.658,-0.215,0.682,-0.200,-0.000,5215,0,9,-8,35,16.660,305,305,0,0,0
47970,0.119,-0.084,0.009,-0.032,0.060,-0.134,0.242,0.659,-0.212,0.680,-0.200,-0.000,5940,0,12,-12,35,16.660,305,305,0,0,0
48070,0.176,-0.101,0.033,-0.114,0.044,-0.179,0.251,0.656,-0.210,0.680,-0.200,-0.001,6586,0,12,-10,35,16.660,305,305,0,0,0
48170,0.211,-0.124,0.057,0.037,0.230,-0.017,0.255,0.653,-0.206,0.682,-0.200,-0.001,5762,0,15,-19,35,16.660,305,305,0,0,0
48270,0.235,-0.162,0.132,-0.022,0.064,-0.073,0.258,0.648,-0.200,0.688,-0.200,-0.002,6296,0,12,-11,35,16.650,305,305,0,0,0
48370,0.254,-0.190,0.143,0.148,0.256,0.026,0.261,0.643,-0.197,0.692,-0.200,-0.002,5769,0,13,-24,35,16.650,305,305,0,0,0
48470,0.214,-0.215,0.131,0.184,0.041,0.220,0.252,0.640,-0.192,0.700,-0.200,-0.002,3810,0,8,-17,35,16.650,305,305,0,0,0
48570,0.153,-0.209,0.146,0.221,-0.094,0.150,0.240,0.641,-0.191,0.703,-0.200,-0.002,3906,0,6,-15,35,16.630,305,305,0,0,0
48670,0.088,-0.188,-0.042,0.066,-0.072,0.148,0.228,0.645,-0.193,0.703,-0.200,-0.001,3163,0,11,-13,35,16.630,305,305,0,0,0
48770,0.069,-0.180,-0.118,0.104,-0.042,0.048,0.224,0.646,-0.193,0.703,-0.200,-0.001,4065,0,9,-16,35,16.640,305,305,0,0,0
48870,0.056,-0.173,-0.133,0.092,-0.058,0.040,0.219,0.648,-0.191,0.704,-0.200,-0.001,4030,0,9,-14,35,16.640,305,305,0,0,0
48970,0.042,-0.128,-0.132,0.006,-0.399,0.058,0.214,0.656,-0.194,0.697,-0.200,-0.000,3703,0,2,-4,35,16.630,305,305,0,0,0
49070,0.022,-0.038,-0.227,-0.121,-0.437,0.001,0.210,0.670,-0.202,0.682,-0.200,-0.000,4067,0,5,-2,35,16.630,305,305,0,0,0
49170,0.022,0.035,-0.294,-0.270,-0.096,-0.029,0.213,0.681,-0.214,0.668,-0.200,0.000,4363,0,14,-7,35,16.630,305,305,0,0,0
49270,0.016,0.034,-0.220,-0.027,-0.037,0.047,0.217,0.679,-0.219,0.666,-0.200,0.000,3532,0,6,-11,35,16.630,305,305,0,0,0
49370,0.013,0.055,-0.163,-0.038,-0.097,-0.100,0.218,0.682,-0.222,0.662,-0.200,0.000,4897,0,6,-9,35,16.640,305,305,0,0,0
49470,0.023,0.061,-0.064,0.102,0.097,0.029,0.217,0.683,-0.220,0.661,-0.200,0.000,3806,0,8,-17,35,16.640,305,305,0,0,0
49570,0.023,0.007,-0.047,-0.042,0.286,-0.124,0.219,0.674,-0.216,0.671,-0.200,0.000,5180,0,16,-15,35,16.640,305,305,0,0,0
49670,0.126,0.035,-0.129,-0.129,-0.459,-0.247,0.230,0.681,-0.213,0.662,-0.200,0.000,6695,0,-2,5,35,16.640,305,305,0,0,0
49770,0.159,0.150,-0.044,0.011,-0.714,0.037,0.228,0.700,-0.218,0.641,-0.200,0.002,4980,0,-10,6,35,16.650,305,305,0,0,0
49870,0.105,0.337,-0.024,0.084,-1.110,0.263,0.209,0.729,-0.229,0.610,-0.200,0.002,1487,0,-21,16,35,16.650,305,305,0,0,0
49970,0.053,0.523,-0.080,0.058,-0.819,-0.011,0.189,0.758,-0.236,0.578,-0.200,0.002,4446,0,-13,11,35,16.650,305,305,0,0,0
50070,0.106,0.664,-0.125,0.042,-0.739,-0.183,0.181,0.783,-0.232,0.548,-0.200,0.005,6132,0,-17,14,35,16.650,305,305,0,0,0
50170,0.137,0.803,-0.066,-0.036,-0.683,0.012,0.174,0.802,-0.233,0.523,-0.200,0.007,5000,0,-16,18,35,16.650,305,305,0,0,0
50270,0.136,0.932,-0.046,0.091,-0.801,-0.011,0.164,0.819,-0.236,0.496,-0.200,0.008,5172,0,-28,21,35,16.650,305,305,0,0,0
50370,0.101,1.097,-0.095,0.198,-0.969,0.041,0.147,0.841,-0.238,0.463,-0.200,0.007,4452,0,-36,27,35,16.650,305,305,0,0,0
50470,0.048,1.273,-0.131,0.133,-0.879,-0.081,0.127,0.862,-0.241,0.427,-0.200,0.004,5034,0,-34,29,35,16.650,305,305,0,0,0
50570,0.058,1.405,-0.176,-0.030,-0.438,-0.092,0.118,0.878,-0.242,0.396,-0.200,0.005,5198,0,-23,24,35,16.660,305,305,0,0,0
50670,0.085,1.464,-0.136,0.072,-0.337,0.014,0.115,0.886,-0.237,0.382,-0.200,0.008,4543,0,-31,24,35,16.660,305,305,0,0,0
50770,0.058,1.554,-0.113,0.123,-0.579,-0.058,0.105,0.895,-0.238,0.362,-0.200,0.006,4922,0,-41,33,35,16.660,305,305,0,0,0
50870,0.038,1.668,-0.184,0.208,-0.602,-0.040,0.093,0.908,-0.235,0.335,-0.200,0.004,4605,0,-45,33,35,16.660,305,305,0,0,0
50970,-0.015,1.742,-0.209,0.062,-0.169,0.063,0.080,0.914,-0.237,0.319,-0.200,-0.002,2919,0,-31,29,35,16.660,305,305,0,0,0
51070,-0.024,1.737,-0.137,-0.079,-0.008,-0.041,0.080,0.914,-0.238,0.320,-0.200,-0.003,3997,0,-31,34,35,16.650,305,305,0,0,0
51170,-0.016,1.768,-0.089,-0.010,-0.352,0.108,0.080,0.916,-0.241,0.312,-0.200,-0.002,2124,0,-45,41,35,16.650,305,305,0,0,0
51270,-0.119,1.850,-0.091,0.369,-0.606,0.411,0.062,0.920,-0.250,0.294,-0.200,-0.015,0,5396,-61,39,35,16.640,305,305,0,0,0
51370,-0.270,1.972,-0.077,0.047,-0.587,0.306,0.035,0.926,-0.266,0.266,-0.200,-0.037,0,5929,-49,50,35,16.640,305,305,0,0,0
51470,-0.247,1.999,-0.084,-0.290,0.072,0.096,0.037,0.926,-0.272,0.258,-0.200,-0.035,0,4264,-32,43,35,16.640,305,305,0,0,0
51570,-0.173,2.013,-0.103,-0.394,-0.241,0.046,0.049,0.925,-0.280,0.251,-0.200,-0.025,0,3083,-45,57,35,16.640,305,305,0,0,0
51670,-0.096,2.079,-0.089,-0.086,-0.351,-0.103,0.055,0.930,-0.282,0.230,-0.200,-0.014,2877,0,-56,51,35,16.650,305,305,0,0,0
51770,-0.055,2.124,-0.150,-0.120,-0.352,-0.133,0.056,0.934,-0.279,0.217,-0.200,-0.009,3744,0,-56,57,35,16.650,305,305,0,0,0
51870,0.038,2.228,-0.161,-0.251,-0.757,-0.130,0.061,0.940,-0.279,0.184,-0.200,0.006,4628,0,-66,70,35,16.650,305,305,0,0,0
51970,0.089,2.318,-0.125,-0.066,-0.511,-0.172,0.060,0.947,-0.275,0.156,-0.200,0.016,5446,0,-65,63,35,16.650,305,305,0,0,0
52070,0.120,2.417,-0.100,-0.047,-0.642,-0.260,0.055,0.955,-0.265,0.126,-0.200,0.023,6360,0,-71,71,35,16.650,305,305,0,0,0
52170,0.131,2.468,-0.082,0.062,-0.094,-0.037,0.051,0.959,-0.256,0.110,-0.200,0.026,4959,0,-63,58,35,16.650,305,305,0,0,0
52270,0.115,2.489,-0.090,-0.006,-0.111,0.030,0.047,0.961,-0.254,0.105,-0.200,0.023,4289,0,-66,66,35,16.660,305,305,0,0,0
52370,0.117,2.489,-0.010,0.037,0.246,-0.074,0.047,0.961,-0.250,0.105,-0.200,0.024,5252,0,-60,57,35,16.660,305,305,0,0,0
52470,0.118,2.379,0.091,0.064,1.029,0.056,0.055,0.958,-0.246,0.138,-0.200,0.022,4223,0,-45,41,35,16.650,305,305,0,0,0
52570,0.090,2.145,-0.055,0.193,1.764,0.039,0.067,0.945,-0.242,0.207,-0.200,0.014,4149,0,-34,22,35,16.650,305,305,0,0,0
52670,0.041,1.871,-0.314,-0.003,2.003,0.091,0.079,0.926,-0.238,0.283,-0.200,0.005,3020,0,-22,24,35,16.650,305,305,0,0,0
52770,-0.012,1.511,-0.559,0.307,2.241,-0.127,0.094,0.893,-0.228,0.376,-0.200,-0.001,4734,0,-20,6,35,16.660,305,305,0,0,0
52870,-0.020,1.038,-0.721,0.070,2.570,-0.237,0.116,0.841,-0.206,0.486,-0.200,-0.001,5576,0,-2,2,35,16.660,305,305,0,0,0
52970,0.031,0.616,-0.800,-0.140,1.928,-0.081,0.142,0.785,-0.189,0.572,-0.200,0.001,4828,0,-7,13,35,16.650,305,305,0,0,0
53070,0.028,0.246,-0.765,-0.177,2.082,0.048,0.164,0.727,-0.180,0.642,-0.200,0.000,3565,0,7,-3,35,16.650,305,305,0,0,0
53170,0.011,-0.160,-0.778,-0.360,2.030,0.049,0.188,0.656,-0.172,0.710,-0.200,-0.000,3343,0,16,-4,36,16.650,305,305,0,0,0
53270,0.028,-0.624,-0.944,-0.201,2.556,-0.237,0.222,0.567,-0.157,0.778,-0.200,-0.001,5994,0,30,-30,36,16.650,305,305,0,0,0
53370,0.150,-1.060,-0.896,-0.170,1.920,-0.370,0.257,0.479,-0.125,0.830,-0.200,-0.010,7524,0,23,-19,35,16.650,305,305,0,0,0
53470,0.221,-1.331,-0.640,0.064,0.943,-0.139,0.279,0.419,-0.102,0.858,-0.200,-0.019,6618,0,3,-12,35,16.650,305,305,0,0,0
53570,0.245,-1.434,-0.411,0.030,0.228,0.063,0.283,0.397,-0.092,0.868,-0.200,-0.023,5436,0,-2,-2,35,16.640,305,305,0,0,0
53670,0.264,-1.495,-0.334,0.078,0.761,-0.216,0.287,0.383,-0.085,0.874,-0.200,-0.026,7303,0,18,-25,35,16.640,305,305,0,0,0
53770,0.331,-1.655,-0.305,0.162,0.828,-0.180,0.300,0.346,-0.066,0.887,-0.200,-0.036,7473,0,17,-28,35,16.650,305,305,0,0,0
53870,0.337,-1.774,-0.251,0.096,0.479,0.101,0.304,0.317,-0.055,0.897,-0.200,-0.040,5821,0,12,-22,35,16.650,305,305,0,0,0
53970,0.280,-1.822,-0.108,-0.036,0.363,0.111,0.299,0.303,-0.057,0.903,-0.200,-0.035,5339,0,19,-22,35,16.650,305,305,0,0,0
54070,0.258,-1.915,-0.034,-0.083,0.681,0.049,0.303,0.279,-0.053,0.910,-0.200,-0.034,5634,0,31,-30,35,16.640,305,305,0,0,0
54170,0.223,-1.987,-0.029,-0.106,0.009,0.080,0.303,0.259,-0.051,0.916,-0.200,-0.031,5145,0,15,-14,35,16.640,305,305,0,0,0
54270,0.205,-1.920,0.043,-0.006,-0.968,0.026,0.301,0.275,-0.059,0.911,-0.200,-0.027,5415,0,-7,3,35,16.630,305,305,0,0,0
54370,0.245,-1.677,0.020,0.030,-1.954,-0.240,0.300,0.338,-0.076,0.889,-0.200,-0.028,7335,0,-26,22,35,16.630,305,305,0,0,0
54470,0.345,-1.277,-0.220,0.157,-2.599,-0.290,0.299,0.434,-0.100,0.844,-0.200,-0.028,8112,0,-45,35,35,16.640,305,305,0,0,0
54570,0.472,-0.722,-0.577,0.382,-3.264,0.009,0.281,0.555,-0.124,0.773,-0.200,-0.019,7216,0,-69,51,35,16.640,305,305,0,0,0
54670,0.447,-0.082,-0.930,0.270,-3.233,0.261,0.242,0.674,-0.158,0.680,-0.200,-0.000,5464,0,-70,62,35,16.650,305,305,0,0,0
54770,0.357,0.512,-1.254,0.261,-2.738,0.106,0.201,0.769,-0.189,0.577,-0.200,0.013,5929,0,-69,60,35,16.650,305,305,0,0,0
54870,0.275,0.971,-1.336,0.201,-2.003,0.214,0.162,0.833,-0.204,0.488,-0.200,0.018,4458,0,-63,56,35,16.650,305,305,0,0,0
54970,0.174,1.278,-1.155,0.076,-1.292,0.137,0.133,0.869,-0.218,0.424,-0.200,0.015,4241,0,-55,53,35,16.650,305,305,0,0,0
55070,0.127,1.462,-0.927,0.033,-0.757,0.162,0.118,0.888,-0.228,0.382,-0.200,0.013,3485,0,-53,49,35,16.650,305,305,0,0,0
55170,0.056,1.575,-0.751,0.267,-0.449,0.219,0.102,0.898,-0.234,0.358,-0.200,0.006,1316,0,-58,42,35,16.660,305,305,0,0,0
55270,-0.027,1.665,-0.613,-0.019,-0.528,0.092,0.085,0.906,-0.239,0.338,-0.200,-0.003,2146,0,-57,57,35,16.660,305,305,0,0,0
55370,-0.040,1.753,-0.443,0.072,-0.513,0.076,0.078,0.913,-0.245,0.316,-0.200,-0.005,2117,0,-64,56,35,16.650,305,305,0,0,0
55470,-0.082,1.836,-0.380,0.067,-0.357,0.088,0.068,0.920,-0.249,0.296,-0.200,-0.010,0,659,-62,55,35,16.650,305,305,0,0,0
55570,-0.086,1.886,-0.325,-0.056,-0.333,-0.138,0.063,0.924,-0.249,0.283,-0.200,-0.011,4118,0,-63,62,35,16.660,305,305,0,0,0
55670,-0.021,1.973,-0.286,-0.210,-0.688,-0.094,0.063,0.934,-0.239,0.259,-0.200,-0.003,4420,0,-70,77,35,16.660,305,305,0,0,0
55770,-0.000,2.096,-0.138,0.071,-0.727,0.044,0.057,0.942,-0.242,0.224,-0.200,-0.000,3169,0,-80,71,35,16.640,305,305,0,0,0
55870,-0.032,2.158,-0.114,0.001,0.107,0.100,0.049,0.946,-0.245,0.208,-0.200,-0.005,1610,0,-59,56,35,16.640,305,305,0,0,0
55970,-0.028,2.127,-0.101,-0.172,0.210,0.043,0.052,0.943,-0.247,0.217,-0.200,-0.004,2630,0,-60,64,35,16.640,305,305,0,0,0
56070,0.015,2.119,-0.091,-0.088,-0.196,-0.062,0.059,0.942,-0.247,0.217,-0.200,0.002,4329,0,-76,73,35,16.640,305,305,0,0,0
56170,0.051,2.181,-0.147,-0.058,-0.440,-0.148,0.060,0.947,-0.246,0.199,-0.200,0.008,5379,0,-81,78,35,16.640,305,305,0,0,0
56270,0.046,2.220,-0.088,0.162,-0.201,0.046,0.055,0.951,-0.241,0.188,-0.200,0.008,3659,0,-82,70,35,16.660,305,305,0,0,0
56370,-0.001,2.269,-0.030,0.063,-0.462,0.156,0.045,0.953,-0.244,0.176,-0.200,-0.000,747,0,-86,81,35,16.660,305,305,0,0,0
56470,-0.009,2.339,-0.018,-0.068,-0.340,0.014,0.039,0.955,-0.251,0.155,-0.200,-0.002,3261,0,-80,79,36,16.650,305,305,0,0,0
56570,-0.002,2.369,-0.049,0.032,-0.052,-0.012,0.038,0.956,-0.252,0.146,-0.200,-0.000,3644,0,-78,71,36,16.650,305,305,0,0,0
56671,0.006,2.414,-0.073,-0.091,-0.660,0.051,0.036,0.958,-0.251,0.132,-0.200,0.001,2985,0,-91,92,36,16.650,305,305,0,0,0
56770,0.037,2.462,-0.076,-0.159,-0.354,0.162,0.037,0.960,-0.252,0.116,-0.200,0.007,1561,0,-83,85,35,16.650,305,305,0,0,0
56871,0.044,2.495,0.026,-0.014,-0.122,0.384,0.036,0.958,-0.262,0.106,-0.200,0.009,0,3953,-81,76,35,16.650,305,305,0,0,0
56970,0.032,2.521,-0.078,-0.139,-0.293,-0.031,0.034,0.956,-0.276,0.098,-0.200,0.006,3943,0,-83,86,35,16.660,305,305,0,0,0
57070,0.100,2.586,-0.126,-0.020,-0.598,-0.550,0.038,0.961,-0.265,0.075,-0.200,0.021,7987,0,-95,87,35,16.660,305,305,0,0,0
57171,0.095,2.627,-0.281,-0.212,-0.103,0.063,0.032,0.966,-0.249,0.062,-0.200,0.021,3988,0,-74,84,36,16.660,305,305,0,0,0
57271,0.084,2.660,-0.141,0.192,-0.300,0.334,0.029,0.964,-0.260,0.052,-0.200,0.019,0,2711,-93,79,36,16.660,305,305,0,0,0
57371,0.050,2.694,-0.091,-0.033,0.021,-0.023,0.020,0.963,-0.264,0.043,-0.200,0.011,4288,0,-77,77,35,16.650,305,305,0,0,0
57471,0.040,2.699,-0.072,0.083,-0.087,0.003,0.018,0.964,-0.263,0.041,-0.200,0.009,3969,0,-86,78,35,16.650,305,305,0,0,0
57571,0.023,2.707,-0.062,0.021,-0.077,0.004,0.015,0.964,-0.261,0.039,-0.200,0.005,3791,0,-84,80,35,16.650,305,305,0,0,0
57671,0.032,2.718,-0.060,-0.047,-0.086,0.022,0.015,0.964,-0.263,0.036,-0.200,0.007,3691,0,-83,81,35,16.640,305,305,0,0,0
57771,0.058,2.718,-0.055,-0.057,-0.077,-0.007,0.020,0.964,-0.263,0.034,-0.200,0.014,4269,0,-84,82,35,16.640,305,305,0,0,0
57871,0.061,2.722,-0.056,-0.016,-0.019,-0.003,0.020,0.964,-0.263,0.033,-0.200,0.014,4291,0,-83,80,35,16.640,305,305,0,0,0
57971,0.059,2.723,-0.052,0.000,-0.023,-0.002,0.019,0.964,-0.263,0.033,-0.200,0.014,4293,0,-83,80,35,16.640,305,305,0,0,0
58071,0.058,2.725,-0.054,-0.003,0.019,0.000,0.019,0.964,-0.263,0.032,-0.200,0.013,4288,0,-82,79,35,16.650,305,305,0,0,0
58171,0.057,2.726,-0.054,0.001,0.010,0.000,0.019,0.964,-0.263,0.032,-0.200,0.013,4312,0,-82,79,35,16.650,305,305,0,0,0
58271,0.056,2.727,-0.052,0.000,0.006,0.000,0.018,0.964,-0.263,0.031,-0.200,0.013,4324,0,-82,79,35,16.650,305,305,0,0,0
58371,0.054,2.727,-0.052,0.000,0.002,0.001,0.018,0.964,-0.263,0.031,-0.200,0.013,4323,0,-82,79,35,16.650,305,305,0,0,0
58471,0.052,2.727,-0.052,0.000,0.000,0.000,0.018,0.964,-0.263,0.031,-0.200,0.012,4342,0,-83,79,35,16.650,305,305,0,0,0
58571,0.051,2.728,-0.052,0.000,0.000,0.000,0.018,0.964,-0.263,0.031,-0.200,0.012,4354,0,-83,79,35,16.660,305,305,0,0,0
58671,0.050,2.728,-0.050,0.001,-0.001,0.000,0.017,0.964,-0.263,0.031,-0.200,0.012,4360,0,-83,79,35,16.660,305,305,0,0,0
58771,0.049,2.728,-0.049,0.000,-0.002,0.000,0.017,0.964,-0.263,0.031,-0.200,0.011,4348,0,-83,79,35,16.660,305,305,0,0,0
58871,0.048,2.728,-0.048,0.000,0.000,0.000,0.017,0.964,-0.263,0.031,-0.200,0.011,4338,0,-83,79,35,16.650,305,305,0,0,0
58971,0.047,2.729,-0.042,0.000,0.001,0.000,0.017,0.964,-0.263,0.031,-0.200,0.011,4327,0,-83,79,35,16.650,305,305,0,0,0
59071,0.046,2.729,-0.041,0.000,0.007,0.001,0.017,0.964,-0.263,0.031,-0.200,0.011,4307,0,-82,79,35,16.640,305,305,0,0,0
59171,0.045,2.729,-0.040,0.000,0.000,0.000,0.016,0.964,-0.263,0.031,-0.200,0.010,4308,0,-83,79,35,16.640,305,305,0,0,0
59271,0.045,2.729,-0.042,0.000,0.001,0.000,0.016,0.964,-0.263,0.031,-0.200,0.010,4308,0,-83,79,35,16.640,305,305,0,0,0
59371,0.045,2.729,-0.043,0.001,0.004,0.001,0.016,0.964,-0.263,0.031,-0.200,0.010,4298,0,-82,79,35,16.650,305,305,0,0,0
59471,0.045,2.729,-0.042,-0.003,0.002,0.000,0.016,0.964,-0.263,0.031,-0.200,0.010,4308,0,-82,79,35,16.650,305,305,0,0,0
59571,0.045,2.729,-0.043,0.002,0.000,0.000,0.016,0.964,-0.263,0.031,-0.200,0.010,4308,0,-83,79,36,16.650,305,305,0,0,0
59671,0.045,2.729,-0.045,0.000,0.000,0.000,0.016,0.964,-0.263,0.031,-0.200,0.010,4308,0,-83,79,36,16.650,305,305,0,0,0
59771,0.045,2.729,-0.046,0.000,0.000,0.000,0.016,0.964,-0.263,0.031,-0.200,0.010,4308,0,-82,79,36,16.650,305,305,0,0,0
59871,0.045,2.729,-0.046,0.000,0.000,0.000,0.016,0.964,-0.263,0.031,-0.200,0.010,4308,0,-82,79,36,16.650,305,305,0,0,0
59971,0.045,2.729,-0.047,0.000,0.000,0.000,0.016,0.964,-0.263,0.031,-0.200,0.010,4308,0,-82,79,36,16.650,305,305,0,0,0
60071,0.045,2.729,-0.048,0.000,-0.002,0.000,0.016,0.964,-0.263,0.031,-0.200,0.010,4308,0,-83,79,36,16.650,305,305,0,0,0
60171,0.045,2.729,-0.049,0.000,0.001,0.000,0.016,0.964,-0.263,0.031,-0.200,0.010,4308,0,-82,79,35,16.650,305,305,0,0,0
60271,0.045,2.729,-0.049,-0.001,0.000,0.000,0.016,0.964,-0.263,0.031,-0.200,0.010,4308,0,-82,79,35,16.650,305,305,0,0,0
60371,0.045,2.729,-0.049,0.000,0.001,0.001,0.016,0.964,-0.263,0.031,-0.200,0.010,4298,0,-82,79,35,16.650,305,305,0,0,0
60471,0.045,2.729,-0.049,0.000,0.000,0.000,0.016,0.964,-0.263,0.031,-0.200,0.010,4308,0,-82,79,35,16.650,305,305,0,0,0
60571,0.045,2.729,-0.050,0.000,-0.001,0.000,0.016,0.964,-0.263,0.031,-0.200,0.010,4308,0,-83,79,35,16.650,305,305,0,0,0
60671,0.045,2.729,-0.051,0.000,0.001,0.000,0.016,0.964,-0.263,0.031,-0.200,0.010,4308,0,-82,79,35,16.630,305,305,0,0,0
60771,0.045,2.729,-0.050,0.000,0.000,0.000,0.016,0.964,-0.263,0.031,-0.200,0.010,4308,0,-82,79,35,16.630,305,305,0,0,0
60871,0.045,2.729,-0.051,-0.001,0.000,0.000,0.016,0.964,-0.263,0.031,-0.200,0.010,4308,0,-82,79,35,16.640,305,305,0,0,0
60971,0.045,2.729,-0.051,0.002,0.001,0.000,0.016,0.964,-0.263,0.031,-0.200,0.010,4308,0,-82,79,35,16.640,305,305,0,0,0
61071,0.045,2.729,-0.053,0.003,0.000,0.000,0.016,0.964,-0.263,0.031,-0.200,0.010,4308,0,-83,79,35,16.640,305,305,0,0,0
61171,0.045,2.729,-0.053,0.000,-0.001,0.001,0.016,0.964,-0.263,0.031,-0.200,0.010,4298,0,-82,79,35,16.650,305,305,0,0,0
61271,0.045,2.729,-0.053,0.000,0.000,0.000,0.016,0.964,-0.263,0.031,-0.200,0.010,4308,0,-82,79,35,16.650,305,305,0,0,0
61371,0.045,2.729,-0.053,0.000,0.000,0.000,0.016,0.964,-0.263,0.031,-0.200,0.010,4308,0,-82,79,35,16.650,305,305,0,0,0
61471,0.045,2.729,-0.054,0.000,0.000,0.000,0.016,0.964,-0.263,0.031,-0.200,0.010,4308,0,-82,79,35,16.640,305,305,0,0,0
61571,0.045,2.729,-0.053,0.000,0.000,0.000,0.016,0.964,-0.263,0.031,-0.200,0.010,4308,0,-82,79,35,16.640,305,305,0,0,0
61671,0.045,2.729,-0.054,0.000,-0.004,0.001,0.016,0.964,-0.263,0.031,-0.200,0.010,4298,0,-83,80,35,16.650,305,305,0,0,0
61771,0.045,2.729,-0.054,0.000,-0.001,0.000,0.016,0.964,-0.263,0.031,-0.200,0.010,4308,0,-82,79,35,16.650,305,305,0,0,0
61871,0.045,2.729,-0.054,0.000,-0.001,0.000,0.016,0.964,-0.263,0.031,-0.200,0.010,4308,0,-82,80,35,16.650,305,305,0,0,0
61971,0.045,2.729,-0.054,0.000,-0.003,0.001,0.016,0.964,-0.263,0.031,-0.200,0.010,4298,0,-83,80,35,16.640,305,305,0,0,0
62071,0.045,2.729,-0.054,0.000,0.000,0.001,0.016,0.964,-0.263,0.031,-0.200,0.010,4298,0,-82,79,35,16.640,305,305,0,0,0
62171,0.045,2.729,-0.054,-0.001,-0.002,0.001,0.016,0.964,-0.263,0.031,-0.200,0.010,4298,0,-82,80,35,16.640,305,305,0,0,0
62271,0.045,2.729,-0.054,0.000,0.000,0.000,0.016,0.964,-0.263,0.031,-0.200,0.010,4308,0,-82,79,35,16.660,305,305,0,0,0
62371,0.045,2.729,-0.055,0.000,0.003,-0.001,0.016,0.964,-0.263,0.031,-0.200,0.010,4318,0,-82,79,35,16.660,305,305,0,0,0
62471,0.045,2.729,-0.055,0.000,-0.001,0.001,0.016,0.964,-0.263,0.031,-0.200,0.010,4298,0,-82,80,35,16.650,305,305,0,0,0
62571,0.045,2.729,-0.055,0.002,0.001,0.000,0.016,0.964,-0.263,0.031,-0.200,0.010,4308,0,-82,79,35,16.650,305,305,0,0,0
62671,0.045,2.729,-0.055,0.000,0.000,0.000,0.016,0.964,-0.263,0.031,-0.200,0.010,4308,0,-82,80,35,16.650,305,305,0,0,0
62771,0.045,2.729,-0.057,0.000,-0.001,0.000,0.016,0.964,-0.263,0.031,-0.200,0.010,4308,0,-82,80,35,16.650,305,305,0,0,0
62871,0.045,2.729,-0.059,0.001,0.001,0.000,0.016,0.964,-0.263,0.031,-0.200,0.010,4308,0,-82,79,35,16.650,305,305,0,0,0
62971,0.045,2.729,-0.058,0.000,0.001,0.000,0.016,0.964,-0.263,0.031,-0.200,0.010,4308,0,-82,80,35,16.650,305,305,0,0,0
63071,0.045,2.729,-0.060,0.000,0.000,0.000,0.016,0.964,-0.263,0.031,-0.200,0.010,4308,0,-82,80,36,16.630,305,305,0,0,0
63171,0.045,2.729,-0.059,0.000,0.003,0.000,0.016,0.964,-0.263,0.031,-0.200,0.010,4308,0,-82,79,36,16.630,305,305,0,0,0
63271,0.045,2.729,-0.057,0.000,0.000,0.000,0.016,0.964,-0.263,0.031,-0.200,0.010,4308,0,-82,80,35,16.640,305,305,0,0,0
63371,0.045,2.729,-0.059,0.000,0.002,-0.001,0.016,0.964,-0.263,0.031,-0.200,0.010,4318,0,-82,79,35,16.640,305,305,0,0,0
63471,0.045,2.729,-0.058,0.000,0.006,0.000,0.016,0.964,-0.263,0.031,-0.200,0.010,4308,0,-82,79,35,16.640,305,305,0,0,0
63571,0.045,2.729,-0.058,0.000,0.000,0.000,0.016,0.964,-0.263,0.031,-0.200,0.010,4308,0,-82,80,35,16.640,305,305,0,0,0
63672,0.045,2.729,-0.059,0.000,-0.001,0.000,0.016,0.964,-0.263,0.031,-0.200,0.010,4308,0,-82,80,35,16.640,305,305,0,0,0
63772,0.045,2.729,-0.058,0.000,0.001,0.000,0.016,0.964,-0.263,0.031,-0.200,0.010,4308,0,-82,80,35,16.640,305,305,0,0,0
63872,0.045,2.729,-0.056,0.000,0.000,0.000,0.016,0.964,-0.263,0.031,-0.200,0.010,4308,0,-82,80,36,16.630,305,305,0,0,0
63972,0.045,2.729,-0.056,0.000,0.000,0.000,0.016,0.964,-0.263,0.031,-0.200,0.010,4308,0,-82,80,36,16.630,305,305,0,0,0
64072,0.045,2.729,-0.056,0.000,0.000,0.000,0.016,0.964,-0.263,0.031,-0.200,0.010,4308,0,-82,80,36,16.630,305,305,0,0,0
64172,0.045,2.729,-0.057,0.000,0.001,0.000,0.016,0.964,-0.263,0.031,-0.200,0.010,4308,0,-82,80,35,16.630,305,305,0,0,0
64272,0.045,2.729,-0.057,0.000,-0.001,-0.001,0.016,0.964,-0.263,0.031,-0.200,0.010,4318,0,-82,80,35,16.630,305,305,0,0,0
64372,0.045,2.729,-0.058,-0.001,0.002,0.000,0.016,0.964,-0.263,0.031,-0.200,0.010,4308,0,-82,80,36,16.620,305,305,0,0,0
64472,0.045,2.729,-0.058,0.000,0.000,-0.001,0.016,0.964,-0.263,0.031,-0.200,0.010,4318,0,-82,80,36,16.620,305,305,0,0,0
64572,0.045,2.729,-0.057,0.000,0.001,-0.001,0.016,0.964,-0.263,0.031,-0.200,0.010,4318,0,-82,80,36,16.620,305,305,0,0,0
64672,0.045,2.729,-0.058,0.000,-0.001,0.000,0.016,0.964,-0.263,0.031,-0.200,0.010,4308,0,-82,80,36,16.630,305,305,0,0,0
64772,0.045,2.729,-0.058,-0.002,0.002,0.000,0.016,0.964,-0.263,0.031,-0.200,0.010,4308,0,-82,80,36,16.630,305,305,0,0,0
64872,0.045,2.729,-0.058,0.000,-0.002,0.000,0.016,0.964,-0.263,0.031,-0.200,0.010,4308,0,-82,80,36,16.630,305,305,0,0,0
64972,0.045,2.729,-0.057,0.000,0.000,0.001,0.016,0.964,-0.263,0.031,-0.200,0.010,4298,0,-82,80,36,16.630,305,305,0,0,0
65072,0.045,2.729,-0.060,0.001,0.002,0.000,0.016,0.964,-0.263,0.031,-0.200,0.010,4308,0,-82,80,36,16.630,305,305,0,0,0
65172,0.045,2.729,-0.059,0.001,0.000,0.001,0.016,0.964,-0.263,0.031,-0.200,0.010,4298,0,-82,80,36,16.630,305,305,0,0,0
65272,0.045,2.729,-0.060,0.000,0.000,0.001,0.016,0.964,-0.263,0.031,-0.200,0.010,4298,0,-82,80,35,16.640,305,305,0,0,0
65372,0.045,2.729,-0.060,0.000,0.000,0.000,0.016,0.964,-0.263,0.031,-0.200,0.010,4308,0,-82,80,35,16.640,305,305,0,0,0
65472,0.045,2.729,-0.059,0.000,0.000,0.000,0.016,0.964,-0.263,0.031,-0.200,0.010,4308,0,-82,80,35,16.640,305,305,0,0,0
65572,0.045,2.729,-0.060,0.001,0.000,0.000,0.016,0.964,-0.263,0.031,-0.200,0.010,4308,0,-82,80,36,16.650,305,305,0,0,0
65672,0.045,2.729,-0.061,0.000,0.000,0.000,0.016,0.964,-0.263,0.031,-0.200,0.010,4308,0,-82,80,36,16.650,305,305,0,0,0
65772,0.045,2.729,-0.061,0.000,0.000,0.000,0.016,0.964,-0.263,0.031,-0.200,0.010,4308,0,-82,80,36,16.650,305,305,0,0,0
65872,0.045,2.729,-0.061,0.000,0.000,0.000,0.016,0.964,-0.263,0.031,-0.200,0.010,4308,0,-82,80,36,16.650,305,305,0,0,0
65972,0.045,2.729,-0.060,0.001,0.002,0.000,0.016,0.964,-0.263,0.031,-0.200,0.010,4308,0,-82,80,36,16.650,305,305,0,0,0
66072,0.045,2.729,-0.062,0.000,-0.001,0.000,0.016,0.964,-0.263,0.031,-0.200,0.010,4308,0,-82,80,36,16.650,305,305,0,0,0
66172,0.045,2.729,-0.062,0.000,0.001,0.000,0.016,0.964,-0.263,0.031,-0.200,0.010,4308,0,-82,80,36,16.660,305,305,0,0,0
66272,0.045,2.729,-0.064,0.000,0.000,0.000,0.016,0.964,-0.263,0.031,-0.200,0.010,4308,0,-82,80,36,16.660,305,305,0,0,0
66372,0.045,2.729,-0.064,0.000,0.000,0.000,0.016,0.964,-0.263,0.031,-0.200,0.010,4308,0,-82,80,36,16.660,305,305,0,0,0
66472,0.045,2.729,-0.065,0.000,0.002,0.001,0.016,0.964,-0.263,0.031,-0.200,0.010,4298,0,-82,80,36,16.640,305,305,0,0,0
66572,0.045,2.729,-0.064,0.000,0.000,0.000,0.016,0.964,-0.263,0.031,-0.200,0.010,4308,0,-82,80,36,16.640,305,305,0,0,0
66672,0.045,2.729,-0.062,0.000,0.003,0.000,0.016,0.964,-0.263,0.031,-0.200,0.010,4308,0,-82,80,36,16.640,305,305,0,0,0
66772,0.045,2.729,-0.062,0.000,0.001,0.000,0.016,0.964,-0.263,0.031,-0.200,0.010,4308,0,-82,80,36,16.640,305,305,0,0,0
66872,0.045,2.729,-0.062,-0.001,0.001,0.000,0.016,0.964,-0.263,0.031,-0.200,0.010,4308,0,-82,80,36,16.640,305,305,0,0,0
66972,0.045,2.729,-0.061,0.000,0.002,-0.001,0.016,0.964,-0.263,0.031,-0.200,0.010,4318,0,-82,80,36,16.630,305,305,0,0,0
67072,0.045,2.729,-0.063,-0.001,0.000,0.000,0.016,0.964,-0.263,0.031,-0.200,0.010,4308,0,-82,80,36,16.630,305,305,0,0,0
67172,0.045,2.729,-0.062,0.000,0.000,0.000,0.016,0.964,-0.263,0.031,-0.200,0.010,4308,0,-82,80,36,16.630,305,305,0,0,0
67272,0.045,2.729,-0.062,0.000,0.000,0.000,0.016,0.964,-0.263,0.031,-0.200,0.010,4308,0,-82,80,36,16.630,305,305,0,0,0
67372,0.045,2.729,-0.063,0.000,0.000,0.000,0.016,0.964,-0.263,0.031,-0.200,0.010,4308,0,-82,80,36,16.630,305,305,0,0,0
67472,0.045,2.729,-0.063,0.000,0.000,0.000,0.016,0.964,-0.263,0.031,-0.200,0.010,4308,0,-82,80,36,16.630,305,305,0,0,0
67572,0.045,2.729,-0.063,0.000,-0.001,0.000,0.016,0.964,-0.263,0.031,-0.200,0.010,4308,0,-82,80,36,16.640,305,305,0,0,0
67672,0.045,2.729,-0.062,0.000,0.000,0.002,0.016,0.964,-0.263,0.031,-0.200,0.010,4287,0,-82,80,36,16.640,305,305,0,0,0
67772,0.045,2.729,-0.062,0.000,0.000,0.000,0.016,0.964,-0.263,0.031,-0.200,0.010,4308,0,-82,80,36,16.640,305,305,0,0,0
67872,0.045,2.729,-0.062,0.000,0.000,0.001,0.016,0.964,-0.263,0.031,-0.200,0.010,4298,0,-82,80,36,16.650,305,305,0,0,0
67972,0.045,2.729,-0.063,0.000,0.001,0.000,0.016,0.964,-0.263,0.031,-0.200,0.010,4308,0,-82,80,36,16.650,305,305,0,0,0
68072,0.045,2.729,-0.064,0.000,0.000,0.000,0.016,0.964,-0.263,0.031,-0.200,0.010,4308,0,-82,80,36,16.650,305,305,0,0,0
68172,0.045,2.729,-0.064,0.001,0.000,0.000,0.016,0.964,-0.263,0.031,-0.200,0.010,4308,0,-82,80,36,16.640,305,305,0,0,0
68272,0.045,2.729,-0.065,0.000,0.000,0.000,0.016,0.964,-0.263,0.031,-0.200,0.010,4308,0,-82,80,36,16.640,305,305,0,0,0
68372,0.045,2.729,-0.067,0.001,0.000,0.001,0.016,0.964,-0.263,0.031,-0.200,0.010,4298,0,-82,80,36,16.640,305,305,0,0,0
68472,0.045,2.729,-0.066,0.000,0.000,0.000,0.016,0.964,-0.263,0.031,-0.200,0.010,4308,0,-82,80,36,16.630,305,305,0,0,0
68572,0.045,2.729,-0.065,0.000,-0.001,0.000,0.016,0.964,-0.263,0.031,-0.200,0.010,4308,0,-82,80,36,16.630,305,305,0,0,0
68672,0.045,2.729,-0.065,0.002,0.002,0.000,0.016,0.964,-0.263,0.031,-0.200,0.010,4308,0,-82,80,36,16.630,305,305,0,0,0
68772,0.045,2.729,-0.063,0.003,0.006,0.000,0.016,0.964,-0.263,0.031,-0.200,0.010,4308,0,-82,80,36,16.650,305,305,0,0,0
68872,0.045,2.729,-0.063,0.001,0.002,0.000,0.016,0.964,-0.263,0.031,-0.200,0.010,4308,0,-82,80,36,16.650,305,305,0,0,0
68972,0.044,2.729,-0.068,0.000,-0.001,0.000,0.016,0.964,-0.263,0.031,-0.200,0.010,4307,0,-82,80,36,16.650,305,305,0,0,0
69072,0.044,2.729,-0.067,0.000,0.000,0.000,0.016,0.964,-0.263,0.031,-0.200,0.010,4307,0,-82,80,36,16.650,305,305,0,0,0
69172,0.044,2.729,-0.067,0.000,0.002,0.000,0.016,0.964,-0.263,0.031,-0.200,0.010,4307,0,-82,80,36,16.650,305,305,0,0,0
69272,0.045,2.729,-0.065,-0.010,-0.013,0.014,0.016,0.964,-0.263,0.031,-0.200,0.011,4176,0,-82,81,36,16.650,305,305,0,0,0
69372,0.043,2.729,-0.059,-0.003,-0.012,0.000,0.016,0.964,-0.263,0.031,-0.200,0.010,4295,0,-82,80,35,16.640,305,305,0,0,0
69472,0.043,2.730,-0.060,0.000,-0.010,0.001,0.016,0.964,-0.263,0.031,-0.200,0.010,4287,0,-82,80,35,16.640,305,305,0,0,0
69572,0.046,2.732,-0.057,-0.021,-0.049,0.008,0.016,0.964,-0.263,0.030,-0.200,0.011,4253,0,-83,82,35,16.640,305,305,0,0,0
69672,0.044,2.735,-0.065,0.001,0.004,-0.006,0.016,0.964,-0.263,0.029,-0.200,0.010,4357,0,-82,80,36,16.650,305,305,0,0,0
69772,0.046,2.760,-0.071,-0.062,-0.222,0.000,0.014,0.964,-0.263,0.021,-0.200,0.011,4320,0,-85,87,36,16.650,305,305,0,0,0
69872,0.041,2.732,-0.189,0.024,0.524,0.092,0.016,0.964,-0.264,0.030,-0.200,0.010,3299,0,-69,65,35,16.640,305,305,0,0,0
69972,0.069,2.639,-0.165,-0.266,0.812,-0.066,0.028,0.963,-0.263,0.060,-0.200,0.015,5079,0,-57,68,35,16.640,305,305,0,0,0
70072,0.082,2.462,-0.151,0.124,1.384,0.152,0.045,0.958,-0.260,0.114,-0.200,0.016,3066,0,-55,44,35,16.640,305,305,0,0,0
70172,0.032,2.258,-0.211,0.014,1.058,0.140,0.055,0.946,-0.267,0.176,-0.200,0.005,2380,0,-59,59,36,16.640,305,305,0,0,0
70272,0.017,2.092,-0.168,0.129,1.177,0.123,0.067,0.934,-0.270,0.223,-0.200,0.003,2346,0,-55,45,36,16.640,305,305,0,0,0
70372,-0.078,1.841,-0.136,0.342,1.611,0.020,0.073,0.916,-0.265,0.293,-0.200,-0.011,2761,0,-46,31,36,16.630,305,305,0,0,0
70472,-0.098,1.578,-0.075,0.004,1.411,-0.298,0.087,0.894,-0.253,0.360,-0.200,-0.010,5445,0,-40,42,36,16.630,305,305,0,0,0
70572,0.042,1.325,-0.081,-0.069,1.509,-0.657,0.116,0.872,-0.230,0.417,-0.200,0.004,8418,0,-34,33,36,16.630,305,305,0,0,0
70672,0.221,1.036,-0.149,0.070,1.396,-0.420,0.147,0.843,-0.199,0.478,-0.200,0.015,8143,0,-38,31,36,16.630,305,305,0,0,0
70772,0.293,0.817,-0.288,0.239,1.213,-0.254,0.158,0.818,-0.174,0.525,-0.200,0.016,7729,0,-36,26,36,16.630,305,305,0,0,0
70872,0.377,0.578,-0.437,0.079,1.371,-0.244,0.169,0.788,-0.149,0.573,-0.200,0.015,8046,0,-25,22,36,16.630,305,305,0,0,0
70972,0.399,0.326,-0.663,0.172,1.227,0.067,0.177,0.750,-0.133,0.623,-0.200,0.009,6447,0,-29,18,36,16.640,305,305,0,0,0
71072,0.319,0.132,-0.857,0.222,0.856,0.248,0.169,0.719,-0.124,0.662,-0.200,0.003,4551,0,-34,23,36,16.640,305,305,0,0,0
71172,0.207,-0.061,-0.972,0.038,1.299,0.323,0.162,0.686,-0.122,0.699,-0.200,-0.001,2259,0,-9,7,36,16.640,305,305,0,0,0
71272,0.106,-0.387,-1.043,-0.097,2.044,0.173,0.163,0.624,-0.117,0.755,-0.200,-0.002,3007,0,12,-9,36,16.640,305,305,0,0,0
71372,0.106,-0.787,-1.018,-0.133,1.887,-0.190,0.182,0.544,-0.105,0.812,-0.200,-0.005,6218,0,8,-8,36,16.640,305,305,0,0,0
71472,0.106,-1.008,-0.931,-0.057,0.393,0.064,0.197,0.496,-0.100,0.840,-0.200,-0.007,4281,0,-26,22,36,16.650,305,305,0,0,0
71572,0.063,-0.998,-0.746,0.100,-0.198,0.181,0.189,0.498,-0.102,0.840,-0.200,-0.004,2297,0,-30,21,36,16.650,305,305,0,0,0
71672,0.067,-1.016,-0.543,0.063,0.376,0.004,0.185,0.495,-0.098,0.843,-0.200,-0.004,4439,0,-8,4,36,16.650,305,305,0,0,0
71772,0.102,-1.073,-0.444,0.044,0.106,-0.209,0.186,0.483,-0.090,0.851,-0.200,-0.007,6314,0,-16,13,36,16.650,305,305,0,0,0
71872,0.191,-1.074,-0.403,0.022,-0.108,-0.281,0.194,0.485,-0.081,0.849,-0.200,-0.013,7266,0,-19,16,36,16.650,305,305,0,0,0
71972,0.172,-1.021,-0.272,-0.086,-0.406,0.043,0.194,0.496,-0.088,0.842,-0.200,-0.011,5033,0,-23,22,36,16.650,305,305,0,0,0
72072,0.112,-0.946,-0.153,-0.067,-0.442,0.236,0.189,0.510,-0.098,0.832,-0.200,-0.006,1540,0,-25,22,36,16.660,305,305,0,0,0
72172,0.025,-0.848,-0.034,-0.003,-0.418,0.237,0.175,0.530,-0.109,0.823,-0.200,-0.001,0,1688,-23,20,36,16.660,305,305,0,0,0
72273,-0.037,-0.820,0.015,-0.091,0.076,0.034,0.169,0.535,-0.116,0.820,-0.200,0.002,2771,0,-10,11,36,16.650,305,305,0,0,0
72373,-0.067,-0.847,0.069,-0.073,0.141,0.066,0.169,0.528,-0.119,0.824,-0.200,0.004,1546,0,-12,11,36,16.650,305,305,0,0,0
72473,-0.085,-0.901,0.072,0.044,0.366,0.068,0.169,0.515,-0.118,0.832,-0.200,0.005,308,0,-8,2,36,16.650,305,305,0,0,0
72573,-0.093,-0.966,0.102,-0.086,0.332,-0.009,0.170,0.502,-0.116,0.840,-0.200,0.006,2315,0,-4,6,36,16.650,305,305,0,0,0
72673,-0.100,-1.028,0.147,-0.066,0.594,-0.090,0.175,0.488,-0.116,0.847,-0.200,0.007,3319,0,3,-4,36,16.650,305,305,0,0,0
72773,-0.080,-1.165,0.194,0.018,0.763,-0.117,0.184,0.458,-0.110,0.863,-0.200,0.006,3824,0,6,-10,36,16.650,305,305,0,0,0
72873,-0.040,-1.241,0.111,0.030,0.128,-0.052,0.190,0.441,-0.102,0.871,-0.200,0.003,3460,0,-6,3,36,16.640,305,305,0,0,0
72973,-0.053,-1.264,-0.031,0.026,0.079,0.069,0.190,0.435,-0.103,0.874,-0.200,0.004,1326,0,-4,0,36,16.640,305,305,0,0,0
73073,-0.027,-1.262,-0.010,0.033,-0.082,-0.001,0.190,0.437,-0.099,0.874,-0.200,0.002,3074,0,-6,2,36,16.650,305,305,0,0,0
73173,-0.062,-1.267,-0.045,-0.037,0.011,0.088,0.188,0.435,-0.103,0.875,-0.200,0.005,0,1016,-1,-1,36,16.650,305,305,0,0,0
73273,-0.068,-1.257,-0.058,0.060,-0.119,-0.050,0.186,0.437,-0.103,0.874,-0.200,0.006,3100,0,-5,-1,36,16.650,305,305,0,0,0
73373,-0.039,-1.251,-0.031,0.072,0.006,-0.001,0.185,0.440,-0.099,0.873,-0.200,0.003,2756,0,-1,-5,36,16.650,305,305,0,0,0
73473,-0.025,-1.247,-0.035,0.068,-0.040,-0.022,0.185,0.441,-0.097,0.873,-0.200,0.002,3207,0,-2,-4,36,16.650,305,305,0,0,0
73573,-0.013,-1.239,-0.094,-0.034,-0.097,0.038,0.185,0.443,-0.096,0.872,-0.200,0.001,2548,0,0,-1,36,16.650,305,305,0,0,0
73673,-0.017,-1.222,-0.101,0.006,-0.091,-0.032,0.185,0.447,-0.097,0.870,-0.200,0.001,3421,0,0,-4,36,16.650,305,305,0,0,0
73772,-0.006,-1.206,-0.092,0.032,-0.084,-0.051,0.185,0.451,-0.097,0.868,-0.200,0.000,3761,0,0,-5,36,16.650,305,305,0,0,0
73872,-0.003,-1.204,-0.063,-0.022,0.068,0.027,0.186,0.451,-0.097,0.867,-0.200,0.000,2863,0,6,-8,36,16.650,305,305,0,0,0
73973,-0.009,-1.200,-0.019,-0.014,-0.098,-0.038,0.186,0.452,-0.098,0.867,-0.200,0.001,3576,0,1,-4,36,16.650,305,305,0,0,0
74073,0.011,-1.194,-0.022,0.033,-0.033,-0.049,0.187,0.454,-0.096,0.866,-0.200,-0.001,3930,0,3,-8,36,16.650,305,305,0,0,0
74173,0.005,-1.183,-0.071,0.037,-0.170,0.014,0.185,0.456,-0.097,0.865,-0.200,-0.000,3169,0,0,-5,36,16.640,305,305,0,0,0
74273,0.010,-1.165,0.019,0.011,-0.039,-0.002,0.183,0.461,-0.096,0.863,-0.200,-0.001,3402,0,6,-9,36,16.640,305,305,0,0,0
74373,0.006,-1.178,0.035,0.009,0.089,0.039,0.182,0.458,-0.095,0.865,-0.200,-0.000,2823,0,9,-12,36,16.640,305,305,0,0,0
74473,-0.010,-1.166,-0.003,-0.017,-0.092,0.062,0.181,0.460,-0.098,0.864,-0.200,0.001,2143,0,6,-8,36,16.650,305,305,0,0,0
74573,-0.027,-1.151,0.023,-0.011,-0.079,0.002,0.179,0.463,-0.100,0.862,-0.200,0.002,2934,0,7,-10,36,16.650,305,305,0,0,0
74673,-0.041,-1.138,0.120,-0.050,-0.061,0.081,0.178,0.466,-0.102,0.861,-0.200,0.003,361,0,9,-10,36,16.650,305,305,0,0,0
74773,-0.045,-1.140,0.156,-0.019,0.003,-0.064,0.179,0.465,-0.104,0.861,-0.200,0.003,3358,0,9,-13,36,16.650,305,305,0,0,0
74873,-0.040,-1.143,0.068,-0.051,0.023,-0.012,0.182,0.464,-0.104,0.861,-0.200,0.003,2747,0,12,-13,36,16.650,305,305,0,0,0
74973,-0.037,-1.136,0.027,-0.041,-0.048,-0.050,0.185,0.465,-0.106,0.859,-0.200,0.003,3472,0,11,-13,36,16.630,305,305,0,0,0
75073,-0.028,-1.125,0.135,-0.034,-0.087,0.027,0.188,0.468,-0.107,0.857,-0.200,0.002,2334,0,10,-12,36,16.630,305,305,0,0,0
75173,-0.022,-1.133,0.151,0.000,0.100,-0.031,0.189,0.466,-0.106,0.858,-0.200,0.002,3245,0,15,-18,36,16.630,305,305,0,0,0
75273,-0.037,-1.142,-0.021,-0.016,-0.038,0.112,0.188,0.464,-0.107,0.859,-0.200,0.003,0,1516,12,-14,35,16.650,305,305,0,0,0
75373,-0.064,-1.111,0.112,-0.028,-0.191,0.072,0.185,0.470,-0.111,0.856,-0.200,0.005,0,1621,12,-14,35,16.650,305,305,0,0,0
75473,-0.077,-1.107,0.126,0.030,-0.029,-0.014,0.183,0.471,-0.112,0.856,-0.200,0.006,1901,0,13,-18,36,16.640,305,305,0,0,0
75573,-0.066,-1.066,0.068,0.061,-0.284,0.030,0.181,0.480,-0.112,0.851,-0.200,0.005,825,0,7,-13,36,16.640,305,305,0,0,0
75673,-0.066,-1.001,0.043,0.059,-0.362,0.001,0.176,0.495,-0.113,0.843,-0.200,0.004,1615,0,7,-11,36,16.640,305,305,0,0,0
75773,-0.060,-0.984,0.105,0.036,0.106,0.023,0.174,0.499,-0.112,0.842,-0.200,0.004,1003,0,19,-23,36,16.620,305,305,0,0,0
75873,-0.067,-1.003,0.063,0.022,0.061,0.028,0.172,0.495,-0.111,0.844,-0.200,0.004,0,548,16,-20,36,16.620,305,305,0,0,0
75972,-0.058,-1.006,0.006,-0.026,-0.092,-0.027,0.173,0.494,-0.110,0.845,-0.200,0.004,2153,0,14,-15,36,16.620,305,305,0,0,0
76073,-0.045,-0.973,-0.023,-0.050,-0.284,-0.091,0.177,0.501,-0.112,0.839,-0.200,0.003,3304,0,10,-12,36,16.630,305,305,0,0,0
76173,-0.031,-0.906,-0.069,-0.026,-0.606,-0.073,0.179,0.516,-0.116,0.830,-0.200,0.002,3275,0,2,-5,36,16.630,305,305,0,0,0
76273,0.000,-0.771,-0.028,-0.003,-0.704,-0.072,0.174,0.548,-0.118,0.810,-0.200,-0.000,3583,0,3,-5,36,16.650,305,305,0,0,0
76373,-0.000,-0.695,0.007,0.003,-0.218,0.004,0.174,0.560,-0.122,0.801,-0.200,0.000,2718,0,11,-16,36,16.650,305,305,0,0,0
76473,-0.006,-0.626,0.001,0.071,-0.546,0.083,0.169,0.575,-0.123,0.791,-0.200,0.000,716,0,-2,-5,36,16.650,305,305,0,0,0
76573,-0.019,-0.513,-0.012,0.118,-0.506,0.091,0.157,0.598,-0.124,0.776,-0.200,0.001,0,1204,0,-7,36,16.650,305,305,0,0,0
76673,-0.022,-0.419,0.024,0.077,-0.563,-0.021,0.151,0.619,-0.126,0.761,-0.200,0.001,3069,0,-2,-2,36,16.650,305,305,0,0,0
76773,0.029,-0.334,-0.020,0.062,-0.420,-0.097,0.152,0.634,-0.124,0.748,-0.200,-0.001,4202,0,-1,-5,36,16.650,305,305,0,0,0
76873,0.052,-0.205,-0.062,0.060,-0.870,-0.126,0.148,0.658,-0.125,0.727,-0.200,-0.001,4710,0,-14,9,36,16.640,305,305,0,0,0
76973,0.124,-0.051,-0.024,0.058,-0.627,-0.120,0.147,0.687,-0.122,0.701,-0.200,-0.000,5351,0,-7,2,36,16.640,305,305,0,0,0
77073,0.164,0.007,-0.080,-0.161,0.012,-0.106,0.150,0.698,-0.122,0.690,-0.200,0.000,5305,0,11,-7,36,16.630,305,305,0,0,0
77173,0.157,-0.022,-0.134,-0.117,0.096,0.070,0.156,0.692,-0.127,0.694,-0.200,-0.000,4205,0,5,-6,36,16.630,305,305,0,0,0
77273,0.112,0.006,-0.074,-0.129,-0.299,0.099,0.154,0.695,-0.135,0.689,-0.200,0.000,3446,0,-4,5,36,16.630,305,305,0,0,0
77373,0.062,0.058,-0.056,-0.122,-0.270,0.253,0.152,0.702,-0.145,0.680,-0.200,0.000,0,2162,-3,3,36,16.650,305,305,0,0,0
77473,-0.016,0.093,0.043,-0.074,-0.052,0.114,0.147,0.706,-0.156,0.675,-0.200,-0.000,855,0,2,-2,36,16.650,305,305,0,0,0
77573,0.018,0.114,0.167,-0.030,-0.107,-0.214,0.151,0.710,-0.157,0.670,-0.200,0.000,5356,0,-3,-1,36,16.640,305,305,0,0,0
77673,0.084,0.097,0.112,0.063,0.234,-0.058,0.156,0.709,-0.149,0.672,-0.200,0.001,4740,0,4,-11,36,16.640,305,305,0,0,0
77773,0.072,0.058,0.078,0.038,0.162,0.073,0.155,0.702,-0.147,0.679,-0.200,0.000,3348,0,2,-6,36,16.640,305,305,0,0,0
77872,0.064,0.044,0.065,0.021,-0.062,-0.027,0.153,0.700,-0.145,0.682,-0.200,0.000,4333,0,-3,0,36,16.650,305,305,0,0,0
77972,0.063,0.071,0.005,-0.104,-0.232,-0.030,0.153,0.704,-0.148,0.677,-0.200,0.000,4389,0,-3,6,36,16.650,305,305,0,0,0
78073,0.062,0.135,-0.009,-0.141,-0.281,0.004,0.153,0.714,-0.152,0.666,-0.200,0.001,4080,0,-3,6,36,16.650,305,305,0,0,0
78173,-0.044,0.150,0.017,0.077,0.073,0.330,0.143,0.715,-0.162,0.665,-0.200,-0.000,0,4333,0,-7,36,16.660,305,305,0,0,0
78273,-0.087,0.083,-0.007,-0.122,0.549,0.080,0.143,0.703,-0.165,0.677,-0.200,-0.000,0,1739,15,-12,36,16.660,305,305,0,0,0
78373,-0.072,0.041,0.091,-0.169,-0.263,-0.189,0.150,0.696,-0.166,0.682,-0.200,-0.000,4805,0,-11,15,36,16.660,305,305,0,0,0
78473,0.014,0.125,0.049,-0.069,-0.291,-0.163,0.157,0.710,-0.165,0.667,-0.200,0.000,4998,0,-5,4,36,16.660,305,305,0,0,0
78573,0.062,0.142,0.025,-0.017,-0.101,-0.120,0.162,0.713,-0.163,0.662,-0.200,0.001,5102,0,-3,1,36,16.660,305,305,0,0,0
78673,0.118,0.174,-0.034,-0.094,-0.190,-0.086,0.167,0.719,-0.161,0.655,-0.200,0.001,5356,0,-4,6,36,16.640,305,305,0,0,0
78773,0.107,0.206,-0.058,-0.177,-0.143,0.036,0.168,0.723,-0.168,0.648,-0.200,0.001,4502,0,-2,7,36,16.640,305,305,0,0,0
78873,0.127,0.241,0.013,-0.161,-0.199,-0.158,0.174,0.728,-0.173,0.640,-0.200,0.002,6003,0,-5,8,36,16.640,305,305,0,0,0
78972,0.197,0.271,0.011,-0.079,-0.089,-0.098,0.182,0.733,-0.172,0.632,-0.200,0.004,6179,0,-5,4,36,16.640,305,305,0,0,0
79073,0.250,0.297,-0.003,-0.222,-0.159,-0.127,0.190,0.737,-0.174,0.624,-0.200,0.005,6718,0,-4,10,36,16.640,305,305,0,0,0
79172,0.295,0.302,-0.016,-0.084,0.047,0.022,0.198,0.738,-0.176,0.621,-0.200,0.006,6066,0,-3,1,36,16.640,305,305,0,0,0
79273,0.277,0.293,-0.097,0.040,-0.027,0.039,0.198,0.736,-0.178,0.623,-0.200,0.006,5836,0,-8,3,36,16.640,305,305,0,0,0
79373,0.278,0.320,-0.060,0.140,-0.186,-0.031,0.194,0.741,-0.176,0.619,-0.200,0.006,6304,0,-14,5,36,16.640,305,305,0,0,0
79473,0.296,0.332,-0.011,-0.060,-0.010,0.013,0.196,0.743,-0.176,0.616,-0.200,0.007,6130,0,-4,6,36,16.660,305,305,0,0,0
79573,0.311,0.312,0.004,0.127,0.159,-0.056,0.196,0.740,-0.172,0.620,-0.200,0.007,6656,0,-6,-2,36,16.660,305,305,0,0,0
79673,0.328,0.278,-0.008,0.060,0.118,-0.042,0.195,0.736,-0.164,0.627,-0.200,0.007,6681,0,-5,3,36,16.660,305,305,0,0,0
79773,0.320,0.268,-0.077,-0.004,-0.058,-0.002,0.193,0.735,-0.161,0.630,-0.200,0.006,6386,0,-8,9,36,16.640,305,305,0,0,0
79872,0.296,0.289,-0.080,-0.006,-0.098,0.037,0.190,0.738,-0.165,0.626,-0.200,0.006,5977,0,-8,7,36,16.640,305,305,0,0,0
79973,0.285,0.321,-0.029,-0.011,-0.038,0.176,0.191,0.742,-0.171,0.619,-0.200,0.006,4871,0,-7,4,35,16.640,305,305,0,0,0
80073,0.228,0.294,-0.044,0.204,0.077,0.010,0.185,0.737,-0.171,0.627,-0.200,0.005,5824,0,-11,5,35,16.640,305,305,0,0,0
80172,0.228,0.301,-0.013,0.058,0.123,0.044,0.183,0.739,-0.170,0.626,-0.200,0.005,5447,0,-4,1,35,16.640,305,305,0,0,0
80272,0.191,0.242,-0.052,0.109,0.501,0.128,0.179,0.730,-0.168,0.638,-0.200,0.003,4478,0,2,-8,36,16.640,305,305,0,0,0
80372,0.100,0.143,-0.031,0.188,0.497,0.284,0.172,0.712,-0.167,0.659,-0.200,0.001,0,228,-1,-10,36,16.640,305,305,0,0,0
80472,0.009,0.072,-0.000,0.138,0.233,0.214,0.164,0.700,-0.168,0.675,-0.200,0.000,0,1910,-6,-3,36,16.630,305,305,0,0,0
80572,-0.045,0.060,0.008,-0.009,-0.174,-0.017,0.158,0.697,-0.170,0.678,-0.200,-0.000,3318,0,-10,9,36,16.630,305,305,0,0,0
80672,-0.049,0.092,0.032,0.030,-0.197,-0.110,0.155,0.703,-0.171,0.673,-0.200,-0.000,4234,0,-10,6,36,16.630,305,305,0,0,0
80772,-0.005,0.128,0.028,0.286,-0.159,-0.057,0.151,0.711,-0.162,0.667,-0.200,-0.000,4196,0,-14,-1,36,16.630,305,305,0,0,0
80872,-0.002,0.145,-0.024,0.284,-0.083,0.012,0.142,0.716,-0.153,0.666,-0.200,-0.000,3520,0,-12,-1,36,16.630,305,305,0,0,0
80972,-0.014,0.152,-0.053,0.250,-0.008,0.000,0.131,0.719,-0.144,0.667,-0.200,-0.000,3515,0,-9,0,36,16.630,305,305,0,0,0
81072,-0.025,0.107,-0.042,-0.057,0.324,0.068,0.129,0.712,-0.141,0.676,-0.200,-0.000,2434,0,5,-2,36,16.630,305,305,0,0,0
81171,-0.076,0.051,-0.008,0.000,0.296,0.150,0.129,0.701,-0.146,0.686,-0.200,-0.000,0,2333,0,-5,36,16.630,305,305,0,0,0
81272,-0.151,-0.014,0.011,0.064,0.439,0.248,0.123,0.689,-0.149,0.699,-0.200,0.000,0,4541,4,-10,36,16.650,305,305,0,0,0
81372,-0.174,-0.126,0.050,0.004,0.700,-0.084,0.125,0.669,-0.146,0.718,-0.200,0.002,1777,0,13,-16,36,16.650,305,305,0,0,0
81472,-0.099,-0.267,0.014,-0.029,0.692,-0.169,0.138,0.644,-0.136,0.740,-0.200,0.002,4013,0,14,-16,36,16.650,305,305,0,0,0
81572,-0.070,-0.376,-0.023,0.083,0.471,-0.038,0.145,0.624,-0.131,0.757,-0.200,0.002,2809,0,8,-15,36,16.640,305,305,0,0,0
81672,-0.045,-0.455,-0.049,-0.007,0.358,-0.048,0.150,0.609,-0.126,0.768,-0.200,0.001,3269,0,11,-13,36,16.640,305,305,0,0,0
81771,-0.025,-0.513,-0.003,-0.041,0.234,-0.022,0.156,0.598,-0.124,0.777,-0.200,0.001,3220,0,11,-12,36,16.640,305,305,0,0,0
81872,-0.034,-0.541,0.014,-0.074,0.057,0.022,0.158,0.592,-0.125,0.780,-0.200,0.001,2428,0,9,-9,36,16.640,305,305,0,0,0
81971,-0.024,-0.536,0.017,0.004,-0.163,-0.028,0.160,0.593,-0.126,0.779,-0.200,0.001,3257,0,3,-7,36,16.640,305,305,0,0,0
82071,-0.000,-0.489,0.024,0.004,-0.306,-0.086,0.160,0.603,-0.125,0.772,-0.200,0.000,4164,0,1,-5,36,16.660,305,305,0,0,0
82172,0.019,-0.421,0.073,0.012,-0.378,-0.052,0.160,0.616,-0.126,0.761,-0.200,-0.000,4054,0,0,-3,36,16.660,305,305,0,0,0
82271,0.030,-0.346,0.076,0.023,-0.417,0.000,0.158,0.630,-0.128,0.749,-0.200,-0.001,3656,0,-2,-1,36,16.650,305,305,0,0,0
82371,0.026,-0.257,0.026,0.067,-0.463,0.048,0.152,0.647,-0.130,0.735,-0.200,-0.000,3042,0,-5,-1,36,16.650,305,305,0,0,0
82472,0.014,-0.187,0.003,0.050,-0.248,0.000,0.147,0.660,-0.132,0.725,-0.200,-0.000,3481,0,0,-4,36,16.650,305,305,0,0,0
82571,-0.005,-0.163,-0.008,-0.039,0.042,0.096,0.144,0.664,-0.134,0.721,-0.200,0.000,1645,0,7,-8,36,16.650,305,305,0,0,0
82672,-0.006,-0.196,0.004,-0.041,0.268,-0.066,0.146,0.658,-0.133,0.726,-0.200,0.000,3934,0,11,-12,36,16.650,305,305,0,0,0
82772,0.001,-0.264,0.011,-0.006,0.400,0.010,0.151,0.646,-0.132,0.737,-0.200,-0.000,3174,0,12,-17,36,16.650,305,305,0,0,0
82871,-0.001,-0.310,0.064,0.020,0.047,-0.017,0.152,0.637,-0.130,0.744,-0.200,0.000,3472,0,3,-8,36,16.650,305,305,0,0,0
82972,0.012,-0.294,0.056,0.002,-0.131,-0.019,0.152,0.640,-0.129,0.742,-0.200,-0.000,3665,0,2,-6,36,16.630,305,305,0,0,0
83071,0.017,-0.275,0.036,-0.009,-0.033,0.018,0.152,0.644,-0.130,0.739,-0.200,-0.000,3311,0,6,-9,36,16.630,305,305,0,0,0
83172,0.020,-0.279,0.051,0.002,0.073,-0.064,0.153,0.643,-0.130,0.739,-0.200,-0.000,4230,0,8,-12,36,16.640,305,305,0,0,0
83272,0.030,-0.304,0.047,-0.004,0.173,0.050,0.154,0.639,-0.127,0.743,-0.200,-0.001,3119,0,10,-14,36,16.640,305,305,0,0,0
83371,0.024,-0.342,0.024,0.009,0.200,0.000,0.155,0.632,-0.127,0.749,-0.200,-0.001,3646,0,11,-15,36,16.640,305,305,0,0,0
83470,0.026,-0.377,0.024,0.039,0.142,-0.007,0.156,0.625,-0.125,0.755,-0.200,-0.001,3754,0,9,-14,36,16.630,305,305,0,0,0
83570,0.015,-0.391,0.026,0.018,0.006,0.050,0.154,0.622,-0.124,0.757,-0.200,-0.000,2938,0,8,-11,36,16.630,305,305,0,0,0
83670,0.015,-0.386,0.040,-0.008,-0.056,-0.046,0.154,0.623,-0.124,0.757,-0.200,-0.000,4046,0,8,-11,36,16.650,305,305,0,0,0
83771,0.031,-0.375,0.017,-0.023,-0.051,-0.051,0.155,0.626,-0.124,0.754,-0.200,-0.001,4286,0,9,-11,36,16.650,305,305,0,0,0
83871,0.056,-0.367,0.027,-0.027,-0.008,-0.088,0.159,0.627,-0.123,0.752,-0.200,-0.001,4871,0,10,-12,36,16.650,305,305,0,0,0
83972,0.082,-0.368,0.071,0.017,0.007,-0.054,0.162,0.627,-0.122,0.752,-0.200,-0.002,4871,0,9,-14,36,16.650,305,305,0,0,0
84071,0.054,-0.369,-0.019,0.021,-0.001,0.119,0.158,0.627,-0.122,0.753,-0.200,-0.001,2766,0,10,-13,36,16.640,305,305,0,0,0
84170,0.045,-0.365,0.015,-0.006,-0.048,-0.106,0.156,0.628,-0.123,0.753,-0.200,-0.001,5000,0,9,-12,36,16.640,305,305,0,0,0
84271,0.090,-0.351,0.043,-0.058,-0.086,-0.114,0.162,0.631,-0.121,0.749,-0.200,-0.002,5492,0,10,-10,36,16.640,305,305,0,0,0
84371,0.108,-0.338,0.010,-0.028,-0.053,-0.022,0.165,0.633,-0.122,0.746,-0.200,-0.002,4975,0,10,-12,36,16.640,305,305,0,0,0
84471,0.101,-0.332,0.021,-0.072,0.008,0.010,0.166,0.634,-0.124,0.745,-0.200,-0.002,4696,0,12,-13,36,16.640,305,305,0,0,0
84570,0.100,-0.336,0.020,0.010,0.038,0.027,0.167,0.633,-0.125,0.745,-0.200,-0.002,4572,0,11,-16,36,16.660,305,305,0,0,0
84671,0.076,-0.344,-0.025,0.020,0.040,0.078,0.164,0.631,-0.126,0.747,-0.200,-0.002,3857,0,11,-15,36,16.660,305,305,0,0,0
84770,0.044,-0.353,0.005,-0.038,0.059,0.027,0.161,0.629,-0.128,0.750,-0.200,-0.001,4039,0,14,-14,36,16.650,305,305,0,0,0
84871,0.049,-0.361,0.043,-0.014,0.030,-0.054,0.164,0.627,-0.129,0.750,-0.200,-0.001,4823,0,12,-15,36,16.650,305,305,0,0,0
84971,0.073,-0.364,0.023,-0.013,0.019,-0.047,0.167,0.627,-0.127,0.750,-0.200,-0.002,4959,0,13,-15,36,16.650,305,305,0,0,0
85070,0.082,-0.366,0.021,0.056,0.006,-0.019,0.167,0.627,-0.125,0.751,-0.200,-0.002,4804,0,11,-17,36,16.650,305,305,0,0,0
85171,0.100,-0.368,0.025,0.081,0.022,-0.017,0.165,0.627,-0.121,0.751,-0.200,-0.002,4937,0,12,-18,36,16.650,305,305,0,0,0
85272,0.095,-0.374,-0.046,0.001,0.016,0.050,0.164,0.626,-0.120,0.753,-0.200,-0.002,4317,0,14,-16,36,16.650,305,305,0,0,0
85371,0.082,-0.363,-0.007,-0.019,-0.120,0.000,0.163,0.628,-0.123,0.751,-0.200,-0.002,4647,0,10,-13,36,16.650,305,305,0,0,0
85470,0.086,-0.348,0.015,-0.044,-0.014,0.013,0.164,0.631,-0.124,0.748,-0.200,-0.002,4566,0,14,-16,36,16.650,305,305,0,0,0
85571,0.079,-0.353,0.013,0.028,0.056,-0.021,0.164,0.630,-0.125,0.749,-0.200,-0.002,4801,0,14,-19,36,16.650,305,305,0,0,0
85671,0.109,-0.357,0.013,0.033,-0.008,-0.022,0.165,0.630,-0.121,0.749,-0.200,-0.002,5049,0,13,-17,36,16.630,305,305,0,0,0
85771,0.098,-0.351,-0.017,0.027,-0.039,0.032,0.163,0.631,-0.121,0.749,-0.200,-0.002,4503,0,13,-17,36,16.630,305,305,0,0,0
85870,0.088,-0.344,0.004,-0.006,-0.026,0.013,0.161,0.632,-0.122,0.748,-0.200,-0.002,4578,0,14,-16,36,16.640,305,305,0,0,0
85971,0.077,-0.343,0.003,0.042,0.024,0.079,0.160,0.632,-0.122,0.748,-0.200,-0.002,3850,0,14,-19,36,16.640,305,305,0,0,0
86071,0.060,-0.346,0.008,0.102,-0.017,0.092,0.156,0.632,-0.121,0.750,-0.200,-0.001,3518,0,12,-19,36,16.640,305,305,0,0,0
86170,0.024,-0.343,0.002,-0.014,0.026,0.066,0.151,0.632,-0.123,0.750,-0.200,-0.001,3391,0,16,-18,36,16.640,305,305,0,0,0
86271,0.018,-0.357,0.003,-0.102,0.129,-0.071,0.154,0.629,-0.126,0.752,-0.200,-0.000,4687,0,20,-19,36,16.640,305,305,0,0,0
86370,0.055,-0.383,0.011,-0.058,0.137,-0.100,0.161,0.624,-0.124,0.755,-0.200,-0.001,5237,0,19,-21,36,16.640,305,305,0,0,0
86471,0.066,-0.408,-0.035,0.033,0.088,0.036,0.163,0.619,-0.122,0.758,-0.200,-0.002,4175,0,16,-22,36,16.640,305,305,0,0,0
86571,0.083,-0.408,-0.034,0.003,-0.088,-0.071,0.163,0.620,-0.120,0.758,-0.200,-0.002,5231,0,14,-17,36,16.640,305,305,0,0,0
86671,0.085,-0.376,0.007,-0.031,-0.177,0.002,0.164,0.626,-0.122,0.753,-0.200,-0.002,4652,0,14,-16,36,16.640,305,305,0,0,0
86770,0.081,-0.358,-0.004,-0.003,0.004,0.052,0.162,0.629,-0.123,0.750,-0.200,-0.002,4156,0,18,-21,36,16.650,305,305,0,0,0
86871,0.058,-0.362,0.028,0.012,0.022,0.011,0.161,0.628,-0.125,0.751,-0.200,-0.001,4328,0,17,-21,36,16.650,305,305,0,0,0
86970,0.064,-0.359,0.020,0.019,-0.038,0.040,0.160,0.629,-0.123,0.751,-0.200,-0.001,4113,0,16,-20,36,16.640,305,305,0,0,0
87070,0.050,-0.352,0.009,0.013,-0.033,0.006,0.158,0.630,-0.125,0.750,-0.200,-0.001,4307,0,16,-20,36,16.640,305,305,0,0,0
87170,0.048,-0.349,-0.014,0.019,-0.017,0.037,0.157,0.631,-0.124,0.750,-0.200,-0.001,3986,0,17,-21,36,16.640,305,305,0,0,0
87270,0.031,-0.344,-0.073,-0.036,-0.058,0.048,0.156,0.631,-0.126,0.749,-0.200,-0.001,3693,0,17,-19,36,16.640,305,305,0,0,0
87370,0.037,-0.319,0.007,-0.037,-0.152,-0.034,0.157,0.636,-0.128,0.745,-0.200,-0.001,4553,0,15,-17,36,16.640,305,305,0,0,0
87470,0.046,-0.307,0.060,-0.018,0.024,-0.082,0.159,0.638,-0.129,0.742,-0.200,-0.001,5023,0,19,-22,36,16.630,305,305,0,0,0
87570,0.058,-0.319,-0.021,-0.018,0.070,0.044,0.161,0.636,-0.128,0.744,-0.200,-0.001,4007,0,20,-22,36,16.630,305,305,0,0,0
87670,0.045,-0.320,-0.045,-0.020,-0.072,-0.008,0.160,0.635,-0.129,0.744,-0.200,-0.001,4386,0,16,-18,36,16.630,305,305,0,0,0
87771,0.039,-0.304,-0.011,-0.010,-0.042,0.021,0.159,0.638,-0.130,0.742,-0.200,-0.001,4049,0,18,-21,36,16.630,305,305,0,0,0
87870,0.045,-0.303,0.035,-0.053,0.008,-0.089,0.161,0.638,-0.131,0.741,-0.200,-0.001,5070,0,19,-21,36,16.640,305,305,0,0,0
87970,0.062,-0.299,0.009,-0.011,-0.026,-0.007,0.164,0.639,-0.131,0.740,-0.200,-0.001,4527,0,17,-21,36,16.640,305,305,0,0,0
88070,0.061,-0.291,0.008,-0.017,-0.070,0.009,0.164,0.640,-0.132,0.739,-0.200,-0.001,4381,0,17,-20,36,16.660,305,305,0,0,0
88170,0.043,-0.282,0.017,-0.041,-0.007,0.056,0.163,0.642,-0.134,0.737,-0.200,-0.001,3744,0,20,-21,36,16.660,305,305,0,0,0
88271,0.041,-0.287,0.011,0.030,0.042,-0.050,0.163,0.641,-0.134,0.738,-0.200,-0.001,4717,0,19,-24,36,16.650,305,305,0,0,0
88370,0.047,-0.287,0.010,0.024,-0.042,-0.029,0.163,0.641,-0.133,0.738,-0.200,-0.001,4589,0,17,-21,36,16.650,305,305,0,0,0
88470,0.055,-0.284,0.001,0.039,0.030,0.057,0.162,0.642,-0.132,0.738,-0.200,-0.001,3859,0,20,-24,36,16.650,305,305,0,0,0
88570,0.035,-0.295,-0.059,-0.003,0.022,0.052,0.160,0.639,-0.132,0.740,-0.200,-0.001,3681,0,20,-22,36,16.660,305,305,0,0,0
88670,0.031,-0.284,-0.020,-0.017,-0.122,-0.050,0.160,0.641,-0.133,0.739,-0.200,-0.001,4632,0,17,-19,36,16.660,305,305,0,0,0
88770,0.057,-0.265,-0.005,0.022,-0.061,-0.060,0.162,0.645,-0.132,0.735,-0.200,-0.001,4935,0,18,-23,36,16.660,305,305,0,0,0
88871,0.061,-0.263,-0.034,0.033,0.008,0.060,0.161,0.646,-0.131,0.735,-0.200,-0.001,3884,0,19,-24,36,16.660,305,305,0,0,0
88970,0.050,-0.258,-0.018,0.002,-0.050,0.000,0.159,0.647,-0.132,0.734,-0.200,-0.001,4361,0,19,-21,36,16.660,305,305,0,0,0
89070,0.049,-0.252,0.018,-0.009,0.000,-0.044,0.159,0.648,-0.132,0.733,-0.200,-0.001,4742,0,20,-23,36,16.660,305,305,0,0,0
89170,0.082,-0.247,0.027,-0.026,-0.040,-0.066,0.163,0.649,-0.131,0.731,-0.200,-0.001,5177,0,19,-22,36,16.660,305,305,0,0,0
89270,0.087,-0.245,-0.016,0.032,0.000,0.031,0.163,0.650,-0.130,0.731,-0.200,-0.001,4417,0,19,-24,36,16.660,305,305,0,0,0
89370,0.079,-0.233,0.003,-0.037,-0.121,0.012,0.162,0.652,-0.131,0.729,-0.200,-0.001,4514,0,18,-19,36,16.660,305,305,0,0,0
89470,0.071,-0.220,0.026,0.017,0.052,0.009,0.161,0.654,-0.132,0.727,-0.200,-0.001,4466,0,22,-26,36,16.660,305,305,0,0,0
89570,0.072,-0.234,0.027,-0.001,0.028,-0.022,0.161,0.651,-0.132,0.730,-0.200,-0.001,4745,0,20,-24,36,16.650,305,305,0,0,0
89671,0.075,-0.231,-0.010,-0.007,-0.012,0.051,0.162,0.652,-0.132,0.729,-0.200,-0.001,4117,0,20,-23,36,16.650,305,305,0,0,0
89770,0.072,-0.232,0.005,-0.001,-0.002,-0.018,0.161,0.652,-0.132,0.729,-0.200,-0.001,4708,0,20,-23,36,16.660,305,305,0,0,0
89870,0.068,-0.231,-0.012,0.032,0.010,0.014,0.161,0.652,-0.132,0.729,-0.200,-0.001,4387,0,20,-25,36,16.660,305,305,0,0,0
89970,0.049,-0.234,-0.096,-0.034,-0.060,0.101,0.159,0.651,-0.133,0.730,-0.200,-0.001,3285,0,20,-21,36,16.650,305,305,0,0,0
90070,0.023,-0.210,-0.020,-0.076,-0.114,0.020,0.157,0.655,-0.138,0.726,-0.200,-0.000,3881,0,20,-20,36,16.650,305,305,0,0,0
90170,0.049,-0.201,0.055,0.041,-0.007,-0.038,0.159,0.657,-0.136,0.724,-0.200,-0.001,4684,0,20,-25,36,16.650,305,305,0,0,0
90270,0.040,-0.199,0.025,0.004,-0.042,-0.039,0.159,0.657,-0.137,0.724,-0.200,-0.000,4617,0,19,-23,36,16.640,305,305,0,0,0
90370,0.053,-0.179,-0.008,-0.056,-0.096,0.037,0.160,0.661,-0.138,0.721,-0.200,-0.001,4037,0,20,-20,36,16.640,305,305,0,0,0
90470,0.027,-0.171,-0.003,-0.026,0.001,0.066,0.159,0.661,-0.142,0.719,-0.200,-0.000,3433,0,21,-24,36,16.630,305,305,0,0,0
90570,0.002,-0.177,-0.000,-0.059,0.002,0.057,0.158,0.659,-0.145,0.720,-0.200,-0.000,3204,0,22,-22,36,16.630,305,305,0,0,0
90670,-0.007,-0.172,-0.018,0.002,-0.021,0.000,0.158,0.660,-0.146,0.720,-0.200,0.000,3740,0,20,-24,36,16.640,305,305,0,0,0
90770,-0.017,-0.166,0.012,0.008,-0.036,0.000,0.157,0.661,-0.147,0.719,-0.200,0.000,3611,0,20,-23,36,16.640,305,305,0,0,0
90870,-0.014,-0.168,0.017,0.000,0.040,-0.013,0.157,0.661,-0.147,0.719,-0.200,0.000,3794,0,22,-25,36,16.650,305,305,0,0,0
90970,0.002,-0.173,0.011,0.026,0.001,-0.033,0.159,0.660,-0.145,0.720,-0.200,-0.000,4164,0,20,-24,36,16.650,305,305,0,0,0
91070,0.006,-0.171,-0.016,0.007,-0.010,0.028,0.158,0.661,-0.144,0.719,-0.200,-0.000,3588,0,21,-24,36,16.650,305,305,0,0,0
91170,-0.017,-0.172,-0.004,0.007,-0.009,0.037,0.156,0.660,-0.146,0.720,-0.200,0.000,3169,0,21,-24,36,16.650,305,305,0,0,0
91270,-0.020,-0.169,0.025,0.018,0.026,-0.019,0.157,0.660,-0.147,0.719,-0.200,0.000,3767,0,21,-26,36,16.640,305,305,0,0,0
91370,-0.010,-0.177,0.017,0.007,0.007,0.044,0.157,0.659,-0.146,0.721,-0.200,0.000,3147,0,21,-24,36,16.640,305,305,0,0,0
91470,-0.018,-0.178,0.012,0.026,0.048,0.013,0.156,0.659,-0.146,0.721,-0.200,0.000,3407,0,22,-26,36,16.650,305,305,0,0,0
91570,-0.034,-0.187,-0.015,0.011,0.014,0.050,0.154,0.657,-0.146,0.723,-0.200,0.000,2667,0,22,-25,36,16.650,305,305,0,0,0
91670,-0.045,-0.185,0.000,0.008,-0.046,0.007,0.153,0.657,-0.147,0.723,-0.200,0.001,3071,0,21,-24,36,16.650,305,305,0,0,0
91770,-0.045,-0.187,0.010,0.008,0.053,-0.013,0.153,0.657,-0.147,0.723,-0.200,0.001,3293,0,24,-27,36,16.650,305,305,0,0,0
91870,-0.044,-0.194,-0.017,0.013,-0.009,0.006,0.153,0.656,-0.146,0.725,-0.200,0.001,3046,0,22,-25,36,16.650,305,305,0,0,0
91970,-0.049,-0.191,-0.029,0.000,0.003,0.033,0.153,0.656,-0.147,0.724,-0.200,0.001,2534,0,23,-26,36,16.640,305,305,0,0,0
92070,-0.048,-0.197,0.005,-0.020,0.088,0.019,0.153,0.655,-0.146,0.725,-0.200,0.001,2736,0,26,-27,36,16.640,305,305,0,0,0
92170,-0.056,-0.237,0.065,0.012,0.231,-0.056,0.154,0.648,-0.146,0.732,-0.200,0.001,3526,0,28,-32,36,16.620,305,305,0,0,0
92270,-0.046,-0.275,-0.013,0.018,0.149,0.051,0.155,0.641,-0.143,0.738,-0.200,0.001,2159,0,26,-30,36,16.620,305,305,0,0,0
92370,-0.065,-0.285,-0.045,0.012,-0.036,0.003,0.152,0.639,-0.143,0.740,-0.200,0.001,2547,0,23,-26,36,16.650,305,305,0,0,0
92470,-0.074,-0.267,0.009,-0.010,-0.064,0.032,0.151,0.642,-0.144,0.737,-0.200,0.001,1769,0,24,-26,36,16.650,305,305,0,0,0
92570,-0.086,-0.277,0.008,0.020,0.093,-0.002,0.151,0.640,-0.145,0.739,-0.200,0.002,2118,0,27,-31,36,16.650,305,305,0,0,0
92670,-0.090,-0.278,-0.020,0.007,-0.089,0.033,0.150,0.640,-0.145,0.739,-0.200,0.002,963,0,22,-26,36,16.650,305,305,0,0,0
92770,-0.091,-0.260,-0.035,-0.014,-0.069,0.018,0.149,0.643,-0.146,0.737,-0.200,0.002,1299,0,25,-27,36,16.640,305,305,0,0,0
92870,-0.105,-0.247,0.013,0.006,-0.052,0.010,0.148,0.645,-0.148,0.735,-0.200,0.002,817,0,24,-28,36,16.640,305,305,0,0,0
92970,-0.103,-0.245,0.023,-0.024,0.014,-0.051,0.149,0.646,-0.149,0.734,-0.200,0.002,2312,0,26,-29,36,16.660,305,305,0,0,0
93070,-0.076,-0.251,0.033,0.052,0.066,-0.028,0.150,0.645,-0.145,0.735,-0.200,0.001,2349,0,26,-31,36,16.660,305,305,0,0,0
93170,-0.067,-0.265,0.008,-0.002,0.047,-0.029,0.151,0.643,-0.144,0.737,-0.200,0.001,2473,0,27,-29,36,16.660,305,305,0,0,0
93270,-0.067,-0.266,-0.049,0.066,-0.049,0.091,0.150,0.643,-0.142,0.737,-0.200,0.001,0,1946,23,-29,36,16.660,305,305,0,0,0
93370,-0.105,-0.251,-0.063,0.013,-0.106,0.102,0.144,0.645,-0.144,0.736,-0.200,0.002,0,2905,24,-27,36,16.650,305,305,0,0,0
93470,-0.127,-0.233,0.006,0.040,-0.074,-0.061,0.141,0.649,-0.146,0.734,-0.200,0.002,1436,0,24,-29,36,16.650,305,305,0,0,0
93570,-0.075,-0.234,0.019,0.023,0.071,-0.120,0.146,0.649,-0.142,0.733,-0.200,0.001,3332,0,28,-32,36,16.650,305,305,0,0,0
93670,-0.033,-0.253,0.018,-0.020,0.104,-0.092,0.149,0.647,-0.137,0.735,-0.200,0.001,3518,0,29,-31,36,16.650,305,305,0,0,0
93770,0.004,-0.264,0.047,-0.054,0.008,-0.067,0.155,0.645,-0.135,0.736,-0.200,-0.000,3698,0,27,-29,36,16.640,305,305,0,0,0
93870,0.017,-0.258,0.034,-0.014,-0.056,-0.018,0.157,0.646,-0.136,0.734,-0.200,-0.000,3320,0,25,-29,36,16.640,305,305,0,0,0
93970,-0.016,-0.252,-0.020,0.034,-0.013,0.100,0.153,0.647,-0.137,0.735,-0.200,0.000,0,1182,27,-31,36,16.630,305,305,0,0,0
94070,-0.018,-0.244,0.037,-0.074,-0.098,-0.102,0.155,0.648,-0.140,0.733,-0.200,0.000,3819,0,26,-27,36,16.630,305,305,0,0,0
94170,0.002,-0.226,0.096,-0.002,-0.038,0.039,0.158,0.651,-0.140,0.729,-0.200,-0.000,2246,0,26,-31,36,16.630,305,305,0,0,0
94270,0.003,-0.231,0.054,0.030,0.076,-0.024,0.157,0.650,-0.139,0.730,-0.200,-0.000,3200,0,29,-33,36,16.640,305,305,0,0,0
94370,-0.006,-0.254,-0.016,0.049,0.136,0.083,0.156,0.646,-0.138,0.734,-0.200,0.000,877,0,30,-35,36,16.640,305,305,0,0,0
94470,-0.026,-0.268,0.013,-0.011,-0.006,-0.003,0.154,0.643,-0.139,0.737,-0.200,0.000,2416,0,28,-30,36,16.620,305,305,0,0,0
94570,-0.018,-0.259,0.038,-0.033,-0.039,-0.003,0.155,0.645,-0.139,0.735,-0.200,0.000,2549,0,28,-30,36,16.620,305,305,0,0,0
94670,-0.035,-0.260,-0.006,0.000,0.056,0.046,0.155,0.644,-0.141,0.736,-0.200,0.001,974,0,30,-33,36,16.650,305,305,0,0,0
94770,-0.035,-0.271,0.021,0.000,0.054,-0.047,0.155,0.642,-0.141,0.737,-0.200,0.001,2872,0,30,-33,36,16.650,305,305,0,0,0
94870,-0.018,-0.279,0.021,0.012,0.050,-0.012,0.157,0.641,-0.139,0.738,-0.200,0.000,2615,0,30,-34,36,16.640,305,305,0,0,0
94970,-0.019,-0.288,-0.009,0.031,0.042,0.061,0.156,0.640,-0.138,0.740,-0.200,0.000,864,0,30,-34,36,16.640,305,305,0,0,0
95070,-0.029,-0.291,0.011,0.047,-0.007,-0.009,0.153,0.639,-0.137,0.741,-0.200,0.001,2309,0,29,-33,36,16.660,305,305,0,0,0
95170,-0.027,-0.291,-0.020,0.020,0.049,0.032,0.153,0.639,-0.136,0.741,-0.200,0.000,1457,0,31,-35,36,16.660,305,305,0,0,0
95270,-0.050,-0.299,-0.039,-0.038,-0.001,0.072,0.152,0.637,-0.139,0.743,-0.200,0.001,0,1801,31,-32,36,16.640,305,305,0,0,0
95370,-0.052,-0.285,0.033,-0.004,-0.101,-0.028,0.152,0.640,-0.140,0.740,-0.200,0.001,2070,0,28,-32,36,16.640,305,305,0,0,0
95470,-0.058,-0.279,0.017,-0.023,0.044,0.036,0.152,0.641,-0.142,0.739,-0.200,0.001,0,1202,33,-35,36,16.650,305,305,0,0,0
95570,-0.044,-0.291,0.011,0.030,0.074,-0.039,0.154,0.639,-0.140,0.741,-0.200,0.001,2345,0,32,-36,36,16.650,305,305,0,0,0
95670,-0.040,-0.301,-0.012,0.034,0.022,-0.004,0.153,0.637,-0.138,0.743,-0.200,0.001,1714,0,31,-35,36,16.630,305,305,0,0,0
95770,-0.036,-0.299,0.011,0.001,-0.028,0.004,0.153,0.638,-0.137,0.742,-0.200,0.001,1569,0,31,-33,36,16.630,305,305,0,0,0
95870,-0.053,-0.294,0.003,-0.003,-0.019,0.031,0.151,0.638,-0.139,0.742,-0.200,0.001,0,1192,31,-34,36,16.630,305,305,0,0,0
95970,-0.054,-0.292,-0.018,-0.013,-0.009,-0.010,0.151,0.639,-0.139,0.742,-0.200,0.001,1243,0,32,-34,36,16.630,305,305,0,0,0
96070,-0.053,-0.288,-0.022,-0.002,-0.034,-0.016,0.151,0.639,-0.139,0.741,-0.200,0.001,1394,0,31,-34,36,16.630,305,305,0,0,0
96170,-0.049,-0.280,-0.011,-0.014,-0.023,-0.022,0.151,0.641,-0.139,0.740,-0.200,0.001,1608,0,32,-34,36,16.630,305,305,0,0,0
96270,-0.048,-0.278,0.012,-0.022,0.008,0.009,0.152,0.641,-0.140,0.739,-0.200,0.001,0,42,33,-35,36,16.620,305,305,0,0,0
96370,-0.040,-0.277,0.035,-0.008,0.009,-0.092,0.154,0.641,-0.140,0.739,-0.200,0.001,2949,0,32,-36,36,16.620,305,305,0,0,0
96470,-0.009,-0.284,0.018,0.016,0.071,0.004,0.156,0.641,-0.137,0.739,-0.200,0.000,1913,0,34,-38,36,16.620,305,305,0,0,0
96570,-0.027,-0.297,-0.003,0.014,0.040,0.020,0.155,0.638,-0.138,0.742,-0.200,0.001,857,0,33,-37,36,16.640,305,305,0,0,0
96670,-0.027,-0.296,0.050,0.006,-0.027,0.028,0.154,0.638,-0.138,0.742,-0.200,0.001,119,0,32,-36,36,16.640,305,305,0,0,0
96770,-0.042,-0.295,0.005,0.018,0.016,0.007,0.153,0.638,-0.139,0.742,-0.200,0.001,507,0,33,-37,36,16.630,305,305,0,0,0
96870,-0.056,-0.293,0.030,0.000,-0.046,0.050,0.151,0.638,-0.139,0.742,-0.200,0.001,0,2165,33,-35,36,16.630,305,305,0,0,0
96970,-0.106,-0.262,0.198,-0.071,-0.242,0.156,0.145,0.643,-0.144,0.738,-0.200,0.002,0,4242,30,-28,36,16.620,305,305,0,0,0
97070,-0.175,-0.218,0.401,-0.111,-0.118,0.230,0.142,0.649,-0.156,0.731,-0.200,0.003,0,5532,34,-33,36,16.620,305,305,0,0,0
97170,-0.243,-0.205,0.642,-0.180,-0.194,0.297,0.142,0.649,-0.168,0.729,-0.200,0.004,0,6548,31,-28,36,16.630,305,305,0,0,0
97270,-0.348,-0.130,0.833,-0.524,-0.333,0.149,0.141,0.657,-0.190,0.716,-0.200,0.004,0,6450,37,-17,36,16.630,305,305,0,0,0
97370,-0.365,-0.100,0.668,-0.523,0.042,-0.020,0.156,0.657,-0.209,0.708,-0.200,0.003,0,5571,43,-28,36,16.630,305,305,0,0,0
97470,-0.328,-0.112,0.506,-0.586,0.082,-0.157,0.180,0.649,-0.224,0.704,-0.200,0.003,0,4243,42,-26,36,16.630,305,305,0,0,0
97570,-0.362,-0.079,0.121,-0.583,-0.282,0.027,0.193,0.648,-0.246,0.694,-0.200,0.003,0,6086,34,-16,36,16.630,305,305,0,0,0
97670,-0.358,0.017,-0.338,-0.817,-0.426,-0.289,0.208,0.657,-0.270,0.673,-0.200,0.001,0,3593,38,-8,36,16.630,305,305,0,0,0
97770,-0.143,0.057,-0.616,-1.186,0.118,-0.580,0.256,0.657,-0.287,0.648,-0.200,-0.000,5352,0,58,-14,36,16.650,305,305,0,0,0
97870,0.010,-0.011,-0.600,-1.391,0.411,-0.107,0.318,0.631,-0.314,0.634,-0.200,-0.000,2093,0,62,-17,36,16.650,305,305,0,0,0
97970,-0.008,-0.051,-0.513,-1.193,-0.022,0.133,0.361,0.602,-0.353,0.619,-0.200,0.000,0,4030,45,-11,36,16.650,305,305,0,0,0
98070,-0.095,-0.066,-0.510,-0.766,0.242,0.106,0.383,0.579,-0.385,0.608,-0.200,0.001,0,4691,48,-28,36,16.650,305,305,0,0,0
98170,-0.111,-0.109,-0.333,-0.513,0.167,-0.132,0.405,0.560,-0.399,0.603,-0.200,0.001,0,2196,43,-27,36,16.660,305,305,0,0,0
98270,-0.092,-0.104,-0.233,-0.182,-0.271,0.006,0.415,0.555,-0.407,0.595,-0.200,0.001,0,3793,27,-22,36,16.660,305,305,0,0,0
98370,-0.079,0.004,-0.222,-0.217,-0.717,0.068,0.412,0.566,-0.425,0.573,-0.200,0.000,0,4305,20,-10,36,16.650,305,305,0,0,0
98470,-0.130,0.104,-0.120,-0.152,-0.111,0.092,0.402,0.575,-0.442,0.559,-0.200,-0.000,0,5048,38,-27,36,16.650,305,305,0,0,0
98570,-0.158,0.035,-0.183,-0.146,0.540,0.089,0.413,0.559,-0.443,0.566,-0.200,0.000,0,5328,48,-39,36,16.650,305,305,0,0,0
98670,-0.187,-0.030,-0.203,-0.163,0.111,0.078,0.422,0.545,-0.442,0.574,-0.200,0.001,0,5551,36,-25,36,16.650,305,305,0,0,0
98770,-0.207,-0.007,-0.116,-0.307,-0.148,0.213,0.427,0.540,-0.454,0.565,-0.200,0.001,0,6647,35,-19,36,16.650,305,305,0,0,0
98870,-0.223,-0.003,-0.041,-0.528,0.111,-0.103,0.438,0.530,-0.468,0.556,-0.200,0.001,0,4607,48,-21,36,16.650,305,305,0,0,0
98970,-0.188,-0.019,0.004,-0.588,0.053,-0.156,0.456,0.518,-0.477,0.545,-0.200,0.001,0,3834,46,-18,36,16.650,305,305,0,0,0
99070,-0.098,0.014,0.033,-0.868,-0.228,-0.238,0.479,0.509,-0.495,0.517,-0.200,0.000,0,777,44,-6,36,16.640,305,305,0,0,0
99170,-0.119,0.051,0.115,-0.783,-0.081,0.199,0.492,0.493,-0.520,0.495,-0.200,-0.001,0,6150,46,-14,36,16.640,305,305,0,0,0
99270,-0.209,0.039,-0.002,-0.387,0.169,0.262,0.503,0.470,-0.538,0.487,-0.200,-0.002,0,7191,42,-28,36,16.640,305,305,0,0,0
99370,-0.237,0.017,-0.131,-0.111,0.023,-0.083,0.509,0.459,-0.542,0.486,-0.200,-0.002,0,5223,34,-26,36,16.640,305,305,0,0,0
99470,-0.233,0.036,-0.182,-0.090,-0.073,0.031,0.509,0.459,-0.546,0.482,-0.200,-0.002,0,6010,35,-23,36,16.660,305,305,0,0,0
99570,-0.264,0.033,-0.131,0.043,0.029,0.126,0.508,0.456,-0.548,0.483,-0.200,-0.003,0,6796,34,-28,36,16.660,305,305,0,0,0
99670,-0.335,0.064,0.051,0.062,-0.353,0.138,0.497,0.458,-0.554,0.487,-0.200,-0.004,0,7267,25,-17,36,16.650,305,305,0,0,0
99770,-0.359,0.106,0.136,-0.063,-0.048,0.027,0.490,0.461,-0.560,0.483,-0.200,-0.006,0,6774,37,-23,36,16.650,305,305,0,0,0
99870,-0.393,0.075,-0.085,-0.033,0.284,-0.154,0.492,0.455,-0.558,0.489,-0.200,-0.006,0,5841,43,-31,36,16.640,305,305,0,0,0
99970,-0.252,0.059,-0.143,-0.194,-0.080,-0.292,0.507,0.458,-0.552,0.478,-0.200,-0.003,0,3402,35,-17,36,16.640,305,305,0,0,0
100070,-0.252,0.052,-0.198,-0.380,0.226,0.108,0.514,0.450,-0.557,0.472,-0.200,-0.002,0,6615,49,-23,36,16.630,305,305,0,0,0
100170,-0.236,0.013,-0.131,-0.492,0.130,-0.133,0.531,0.434,-0.561,0.464,-0.200,-0.002,0,4820,45,-18,36,16.630,305,305,0,0,0
100270,-0.195,0.021,-0.053,-0.369,-0.071,-0.057,0.541,0.427,-0.569,0.449,-0.200,-0.001,0,5109,38,-18,36,16.630,305,305,0,0,0
100370,-0.184,0.025,-0.044,-0.271,0.082,0.040,0.549,0.419,-0.575,0.439,-0.200,-0.001,0,5740,41,-24,36,16.630,305,305,0,0,0
100470,-0.168,0.028,0.002,-0.224,-0.018,-0.227,0.554,0.414,-0.579,0.432,-0.200,-0.001,0,3208,39,-21,36,16.630,305,305,0,0,0
100570,-0.078,0.016,-0.086,-0.074,0.121,-0.227,0.564,0.414,-0.576,0.422,-0.200,-0.000,0,1650,39,-27,36,16.630,305,305,0,0,0
100670,-0.008,0.007,-0.076,0.136,-0.058,-0.077,0.568,0.420,-0.571,0.419,-0.200,-0.000,0,2915,30,-26,36,16.640,305,305,0,0,0
100770,-0.012,0.008,-0.009,0.091,0.039,0.006,0.565,0.422,-0.569,0.422,-0.200,0.000,0,3931,36,-27,36,16.640,305,305,0,0,0
100870,0.035,0.006,-0.118,0.002,-0.010,-0.162,0.568,0.426,-0.566,0.420,-0.200,-0.000,1497,0,37,-24,36,16.640,305,305,0,0,0
100970,0.059,-0.046,-0.193,-0.130,0.590,0.012,0.577,0.421,-0.558,0.423,-0.200,-0.000,0,3050,56,-37,36,16.640,305,305,0,0,0
101070,0.057,-0.207,-0.186,0.073,0.941,-0.079,0.599,0.404,-0.534,0.439,-0.200,-0.001,0,1410,57,-50,36,16.640,305,305,0,0,0
101170,0.092,-0.391,-0.261,0.059,0.922,-0.130,0.623,0.388,-0.502,0.458,-0.200,-0.002,2332,0,59,-49,36,16.640,305,305,0,0,0
101270,0.111,-0.550,-0.219,-0.081,0.660,-0.140,0.642,0.372,-0.475,0.473,-0.200,-0.004,2897,0,59,-41,36,16.650,305,305,0,0,0
101370,0.166,-0.619,-0.084,-0.262,0.036,-0.121,0.659,0.362,-0.465,0.468,-0.200,-0.007,3560,0,49,-27,36,16.650,305,305,0,0,0
101470,0.141,-0.582,0.046,-0.251,-0.360,0.017,0.658,0.359,-0.477,0.459,-0.200,-0.006,537,0,44,-23,36,16.650,305,305,0,0,0
101570,0.121,-0.502,0.056,-0.336,-0.447,0.000,0.654,0.359,-0.496,0.443,-0.200,-0.004,850,0,45,-22,36,16.630,305,305,0,0,0
101670,0.066,-0.436,-0.010,-0.298,-0.246,0.144,0.650,0.354,-0.516,0.430,-0.200,-0.002,0,3890,49,-28,36,16.630,305,305,0,0,0
101770,0.011,-0.398,-0.038,-0.281,-0.199,0.083,0.650,0.346,-0.530,0.421,-0.200,-0.000,0,3846,47,-28,36,16.640,305,305,0,0,0
101870,-0.044,-0.357,0.008,-0.031,-0.232,0.124,0.645,0.342,-0.542,0.417,-0.200,0.001,0,4791,40,-31,36,16.640,305,305,0,0,0
101970,-0.034,-0.321,0.151,0.132,-0.152,-0.142,0.639,0.348,-0.547,0.414,-0.200,0.001,0,1040,40,-35,36,16.640,305,305,0,0,0
102070,0.093,-0.285,0.285,0.188,-0.186,-0.389,0.638,0.365,-0.544,0.406,-0.200,-0.002,5492,0,39,-33,36,16.640,305,305,0,0,0
102170,0.181,-0.249,0.276,0.139,-0.167,-0.063,0.634,0.379,-0.543,0.401,-0.200,-0.004,3550,0,41,-31,36,16.640,305,305,0,0,0
102270,0.152,-0.233,0.130,0.124,0.018,0.233,0.628,0.381,-0.544,0.405,-0.200,-0.003,0,3612,45,-36,36,16.640,305,305,0,0,0
102370,0.048,-0.258,-0.008,0.071,0.211,0.393,0.625,0.373,-0.544,0.417,-0.200,-0.001,0,5900,50,-39,36,16.630,305,305,0,0,0
102470,-0.016,-0.284,-0.074,-0.030,0.043,0.040,0.626,0.365,-0.544,0.424,-0.200,0.000,0,3523,46,-33,36,16.630,305,305,0,0,0
102570,-0.018,-0.269,-0.051,-0.119,-0.191,-0.044,0.625,0.365,-0.548,0.420,-0.200,0.000,0,2424,43,-26,36,16.640,305,305,0,0,0
102670,-0.022,-0.211,-0.034,-0.056,-0.301,0.068,0.618,0.369,-0.558,0.414,-0.200,0.000,0,3906,41,-26,36,16.640,305,305,0,0,0
102770,-0.041,-0.157,0.051,0.017,-0.237,-0.074,0.610,0.372,-0.568,0.409,-0.200,0.000,0,2399,40,-29,36,16.640,305,305,0,0,0
102870,-0.009,-0.145,0.080,0.038,0.084,-0.158,0.610,0.376,-0.568,0.406,-0.200,0.000,1923,0,47,-36,36,16.640,305,305,0,0,0
102970,0.067,-0.167,0.056,0.088,0.050,-0.133,0.616,0.380,-0.560,0.403,-0.200,-0.001,2942,0,43,-35,36,16.650,305,305,0,0,0
103070,0.067,-0.166,-0.009,0.076,-0.004,0.182,0.614,0.383,-0.558,0.406,-0.200,-0.001,0,4048,44,-33,36,16.650,305,305,0,0,0
103170,0.018,-0.172,-0.071,0.133,0.063,0.078,0.611,0.381,-0.558,0.412,-0.200,-0.000,0,3506,44,-37,36,16.650,305,305,0,0,0
103270,0.003,-0.185,-0.071,0.111,0.043,0.041,0.609,0.382,-0.555,0.419,-0.200,-0.000,0,3274,45,-35,36,16.650,305,305,0,0,0
103370,0.021,-0.202,0.002,0.028,0.123,-0.117,0.611,0.383,-0.550,0.421,-0.200,-0.000,1849,0,49,-36,36,16.650,305,305,0,0,0
103470,0.053,-0.234,0.034,0.064,0.239,-0.037,0.616,0.383,-0.543,0.423,-0.200,-0.001,297,0,50,-40,36,16.640,305,305,0,0,0
103570,0.045,-0.275,0.027,0.119,0.129,0.056,0.619,0.381,-0.535,0.430,-0.200,-0.001,0,2807,46,-39,36,16.640,305,305,0,0,0
103670,0.033,-0.290,-0.001,0.110,0.017,0.018,0.618,0.382,-0.531,0.436,-0.200,-0.001,0,2416,45,-37,36,16.640,305,305,0,0,0
103770,0.021,-0.288,0.004,0.070,-0.026,0.091,0.615,0.383,-0.530,0.439,-0.200,-0.000,0,3567,46,-36,36,16.640,305,305,0,0,0
103870,0.018,-0.278,0.023,0.002,-0.051,-0.052,0.613,0.385,-0.531,0.440,-0.200,-0.000,0,1219,47,-35,36,16.640,305,305,0,0,0
103970,0.024,-0.275,-0.009,0.016,0.047,0.028,0.612,0.386,-0.531,0.440,-0.200,-0.000,0,2698,49,-38,36,16.640,305,305,0,0,0
104070,0.018,-0.281,-0.006,-0.096,-0.027,-0.028,0.613,0.385,-0.531,0.440,-0.200,-0.000,0,1812,50,-33,36,16.620,305,305,0,0,0
104170,0.013,-0.269,-0.041,-0.094,-0.098,0.117,0.613,0.383,-0.535,0.437,-0.200,-0.000,0,3905,48,-33,36,16.620,305,305,0,0,0
104270,-0.048,-0.251,-0.095,-0.121,-0.070,0.116,0.610,0.378,-0.543,0.436,-0.200,0.001,0,4551,49,-33,36,16.620,305,305,0,0,0
104370,-0.081,-0.244,-0.100,-0.041,0.022,-0.036,0.610,0.374,-0.547,0.435,-0.200,0.001,0,3422,49,-38,36,16.620,305,305,0,0,0
104470,-0.061,-0.256,-0.049,0.077,0.116,-0.034,0.613,0.374,-0.545,0.434,-0.200,0.001,0,3188,49,-42,36,16.640,305,305,0,0,0
104570,-0.028,-0.275,0.078,0.162,0.104,-0.119,0.614,0.378,-0.537,0.438,-0.200,0.000,0,849,48,-42,36,16.640,305,305,0,0,0
104670,0.015,-0.300,0.023,-0.008,0.139,-0.013,0.618,0.379,-0.530,0.439,-0.200,-0.000,0,2306,53,-39,36,16.640,305,305,0,0,0
104770,0.004,-0.317,-0.027,-0.052,-0.027,-0.007,0.620,0.377,-0.528,0.441,-0.200,0.000,0,2615,50,-35,36,16.650,305,305,0,0,0
104870,0.005,-0.300,-0.025,-0.044,-0.193,0.063,0.619,0.377,-0.532,0.438,-0.200,-0.000,0,3515,46,-33,36,16.650,305,305,0,0,0
104970,-0.001,-0.267,-0.024,0.004,-0.092,-0.030,0.615,0.379,-0.538,0.434,-0.200,0.000,0,2327,48,-38,36,16.620,305,305,0,0,0
105070,0.026,-0.264,0.014,0.032,0.071,-0.160,0.615,0.382,-0.537,0.433,-0.200,-0.000,2725,0,52,-41,36,16.620,305,305,0,0,0
105170,0.080,-0.286,0.036,0.020,0.164,-0.068,0.620,0.385,-0.530,0.432,-0.200,-0.002,2263,0,54,-42,36,16.640,305,305,0,0,0
105270,0.095,-0.317,0.003,-0.004,0.144,0.000,0.626,0.382,-0.524,0.433,-0.200,-0.002,1182,0,53,-41,36,16.640,305,305,0,0,0
105370,0.106,-0.339,-0.009,-0.012,0.053,-0.077,0.629,0.380,-0.521,0.434,-0.200,-0.002,3002,0,52,-39,36,16.640,305,305,0,0,0
105470,0.114,-0.346,-0.021,-0.039,0.012,0.052,0.631,0.380,-0.519,0.434,-0.200,-0.003,0,482,52,-38,36,16.640,305,305,0,0,0
105570,0.072,-0.347,-0.043,-0.046,-0.018,0.107,0.630,0.376,-0.522,0.436,-0.200,-0.002,0,2829,51,-38,36,16.660,305,305,0,0,0
105670,0.063,-0.340,-0.004,0.000,-0.032,-0.060,0.629,0.375,-0.524,0.435,-0.200,-0.001,2209,0,50,-39,36,16.660,305,305,0,0,0
105770,0.083,-0.344,0.008,0.062,0.106,0.008,0.630,0.377,-0.522,0.435,-0.200,-0.002,1219,0,53,-43,36,16.650,305,305,0,0,0
105870,0.073,-0.369,-0.015,0.079,0.118,0.028,0.631,0.375,-0.517,0.440,-0.200,-0.002,0,859,52,-43,36,16.650,305,305,0,0,0
105970,0.075,-0.380,-0.016,0.034,-0.029,-0.008,0.631,0.376,-0.514,0.443,-0.200,-0.002,1587,0,50,-38,36,16.650,305,305,0,0,0
106070,0.070,-0.367,-0.029,-0.023,-0.099,0.053,0.629,0.377,-0.516,0.442,-0.200,-0.002,0,1582,50,-37,36,16.650,305,305,0,0,0
106170,0.061,-0.345,0.004,-0.046,-0.106,-0.017,0.627,0.378,-0.521,0.440,-0.200,-0.001,1621,0,50,-37,36,16.650,305,305,0,0,0
106270,0.072,-0.334,0.027,0.008,0.026,-0.053,0.626,0.379,-0.523,0.437,-0.200,-0.002,2610,0,52,-41,36,16.660,305,305,0,0,0
106370,0.096,-0.345,0.021,0.040,0.100,-0.043,0.629,0.380,-0.519,0.437,-0.200,-0.002,2909,0,52,-43,36,16.660,305,305,0,0,0
106470,0.109,-0.363,-0.001,0.040,0.056,-0.068,0.630,0.380,-0.515,0.439,-0.200,-0.003,3468,0,52,-41,36,16.640,305,305,0,0,0
106570,0.131,-0.368,-0.017,-0.060,-0.013,0.048,0.633,0.380,-0.514,0.437,-0.200,-0.003,2294,0,52,-38,36,16.640,305,305,0,0,0
106670,0.101,-0.360,0.009,-0.051,-0.069,0.018,0.631,0.378,-0.517,0.437,-0.200,-0.002,2335,0,51,-37,36,16.650,305,305,0,0,0
106770,0.113,-0.352,-0.003,-0.012,0.010,-0.067,0.632,0.379,-0.519,0.434,-0.200,-0.003,3719,0,52,-40,36,16.650,305,305,0,0,0
106870,0.125,-0.361,0.025,0.033,0.103,-0.031,0.633,0.379,-0.516,0.434,-0.200,-0.003,3539,0,53,-43,36,16.650,305,305,0,0,0
106970,0.135,-0.382,0.002,0.036,0.101,0.003,0.636,0.378,-0.512,0.437,-0.200,-0.004,3346,0,53,-42,36,16.650,305,305,0,0,0
107070,0.126,-0.392,-0.034,0.021,-0.042,0.006,0.636,0.377,-0.510,0.439,-0.200,-0.003,3262,0,50,-38,36,16.650,305,305,0,0,0
107170,0.137,-0.375,-0.026,-0.023,-0.111,0.029,0.635,0.380,-0.512,0.436,-0.200,-0.004,3217,0,50,-37,36,16.650,305,305,0,0,0
107270,0.116,-0.360,-0.008,-0.041,-0.031,0.056,0.632,0.379,-0.517,0.436,-0.200,-0.003,2597,0,52,-39,36,16.650,305,305,0,0,0
107370,0.108,-0.357,0.025,-0.004,0.030,-0.077,0.632,0.378,-0.518,0.436,-0.200,-0.003,4136,0,52,-41,36,16.640,305,305,0,0,0
107470,0.139,-0.370,-0.000,0.026,0.108,-0.042,0.635,0.379,-0.514,0.434,-0.200,-0.004,4205,0,53,-43,36,16.640,305,305,0,0,0
107570,0.152,-0.388,-0.009,0.002,0.044,0.002,0.638,0.378,-0.510,0.435,-0.200,-0.004,3982,0,52,-40,36,16.630,305,305,0,0,0
107670,0.146,-0.388,0.008,-0.018,-0.044,-0.003,0.638,0.378,-0.511,0.436,-0.200,-0.004,4046,0,51,-38,36,16.630,305,305,0,0,0
107770,0.136,-0.381,0.014,-0.030,-0.007,0.070,0.637,0.377,-0.513,0.435,-0.200,-0.004,3182,0,52,-40,36,16.640,305,305,0,0,0
107870,0.121,-0.383,0.008,0.006,0.028,0.014,0.637,0.375,-0.514,0.435,-0.200,-0.003,3709,0,52,-41,36,16.640,305,305,0,0,0
107970,0.113,-0.391,0.004,0.003,0.051,0.040,0.638,0.374,-0.513,0.437,-0.200,-0.003,3381,0,53,-41,36,16.620,305,305,0,0,0
108070,0.107,-0.397,0.001,0.008,0.007,0.000,0.638,0.373,-0.512,0.438,-0.200,-0.003,3817,0,52,-40,36,16.620,305,305,0,0,0
108170,0.109,-0.396,0.039,0.006,0.003,-0.004,0.638,0.373,-0.512,0.438,-0.200,-0.003,3938,0,52,-40,36,16.630,305,305,0,0,0
108270,0.107,-0.401,0.032,0.033,0.067,-0.014,0.638,0.373,-0.511,0.439,-0.200,-0.003,4069,0,53,-42,36,16.630,305,305,0,0,0
108370,0.130,-0.414,0.002,0.014,0.071,-0.052,0.640,0.374,-0.507,0.440,-0.200,-0.004,4707,0,53,-42,36,16.630,305,305,0,0,0
108470,0.111,-0.424,-0.028,-0.088,-0.003,0.092,0.641,0.370,-0.507,0.441,-0.200,-0.003,3055,0,54,-38,36,16.630,305,305,0,0,0
108570,0.086,-0.418,-0.047,-0.069,-0.058,0.066,0.641,0.367,-0.511,0.440,-0.200,-0.002,3109,0,52,-38,36,16.630,305,305,0,0,0
108670,0.062,-0.408,-0.066,-0.046,-0.034,-0.002,0.640,0.365,-0.515,0.439,-0.200,-0.002,3642,0,52,-39,36,16.620,305,305,0,0,0
108770,0.069,-0.403,-0.052,-0.074,-0.040,-0.026,0.640,0.365,-0.516,0.436,-0.200,-0.002,3805,0,52,-39,36,16.620,305,305,0,0,0
108870,0.064,-0.395,0.053,0.069,-0.049,-0.069,0.639,0.365,-0.518,0.435,-0.200,-0.002,4403,0,49,-41,36,16.620,305,305,0,0,0
108970,0.116,-0.394,0.059,0.054,0.077,-0.069,0.641,0.371,-0.514,0.433,-0.200,-0.003,4935,0,53,-43,36,16.620,305,305,0,0,0
109070,0.120,-0.417,-0.016,0.029,0.117,-0.003,0.643,0.370,-0.510,0.437,-0.200,-0.004,4465,0,54,-43,36,16.640,305,305,0,0,0
109170,0.130,-0.426,-0.041,-0.003,0.000,0.022,0.644,0.370,-0.507,0.437,-0.200,-0.004,4387,0,52,-39,36,16.640,305,305,0,0,0
109270,0.110,-0.419,-0.075,-0.023,-0.091,0.008,0.642,0.369,-0.510,0.438,-0.200,-0.003,4372,0,50,-38,36,16.640,305,305,0,0,0
109370,0.128,-0.395,-0.063,-0.019,-0.153,-0.101,0.641,0.372,-0.513,0.433,-0.200,-0.004,5474,0,49,-37,36,16.640,305,305,0,0,0
109470,0.182,-0.372,-0.018,-0.016,-0.062,-0.153,0.641,0.377,-0.515,0.426,-0.200,-0.005,6297,0,51,-39,36,16.640,305,305,0,0,0
109570,0.206,-0.366,0.002,0.042,0.020,0.037,0.642,0.380,-0.514,0.424,-0.200,-0.006,5235,0,51,-42,36,16.640,305,305,0,0,0
109670,0.204,-0.370,0.021,0.046,0.016,-0.047,0.641,0.380,-0.513,0.425,-0.200,-0.006,5889,0,51,-41,36,16.640,305,305,0,0,0
109770,0.209,-0.370,0.038,0.021,-0.018,0.082,0.641,0.381,-0.513,0.425,-0.200,-0.006,5016,0,51,-39,36,16.640,305,305,0,0,0
109870,0.170,-0.363,0.043,0.030,-0.042,0.059,0.638,0.380,-0.515,0.429,-0.200,-0.004,4890,0,50,-39,36,16.640,305,305,0,0,0
109970,0.162,-0.359,0.034,0.023,-0.002,0.022,0.636,0.381,-0.516,0.430,-0.200,-0.004,5115,0,51,-40,36,16.640,305,305,0,0,0
110070,0.152,-0.359,0.041,0.027,0.029,0.082,0.635,0.381,-0.516,0.432,-0.200,-0.004,4540,0,51,-41,36,16.640,305,305,0,0,0
110170,0.130,-0.365,0.053,-0.010,0.044,0.016,0.634,0.379,-0.516,0.434,-0.200,-0.003,4916,0,53,-40,36,16.640,305,305,0,0,0
110270,0.119,-0.373,0.026,-0.023,0.041,0.008,0.635,0.376,-0.515,0.435,-0.200,-0.003,4890,0,53,-40,36,16.640,305,305,0,0,0
110370,0.117,-0.380,-0.009,-0.018,0.027,0.079,0.637,0.375,-0.515,0.435,-0.200,-0.003,4250,0,52,-40,36,16.660,305,305,0,0,0
110470,0.069,-0.385,-0.050,-0.124,0.009,0.123,0.636,0.369,-0.518,0.437,-0.200,-0.002,3240,0,54,-37,36,16.660,305,305,0,0,0
110570,0.050,-0.382,0.004,-0.007,-0.026,-0.100,0.636,0.366,-0.520,0.436,-0.200,-0.001,5191,0,50,-40,36,16.660,305,305,0,0,0
110670,0.073,-0.378,-0.023,0.047,0.001,0.020,0.636,0.369,-0.519,0.435,-0.200,-0.002,4383,0,51,-41,36,16.660,305,305,0,0,0
110770,0.061,-0.380,-0.016,0.030,0.014,0.044,0.635,0.369,-0.519,0.437,-0.200,-0.001,4039,0,51,-41,36,16.660,305,305,0,0,0
110870,0.079,-0.381,0.037,0.077,0.003,-0.079,0.635,0.372,-0.517,0.438,-0.200,-0.002,5257,0,50,-41,36,16.640,305,305,0,0,0
110970,0.099,-0.385,-0.005,0.046,0.063,0.066,0.635,0.374,-0.514,0.438,-0.200,-0.003,4202,0,53,-42,36,16.640,305,305,0,0,0
111070,0.074,-0.394,-0.022,0.040,0.000,-0.030,0.634,0.373,-0.513,0.443,-0.200,-0.002,4831,0,51,-40,36,16.650,305,305,0,0,0
111170,0.085,-0.386,-0.017,-0.028,-0.064,0.078,0.634,0.374,-0.514,0.441,-0.200,-0.002,3949,0,51,-38,36,16.650,305,305,0,0,0
111270,0.062,-0.378,0.014,-0.070,-0.023,-0.033,0.633,0.372,-0.517,0.440,-0.200,-0.002,4759,0,53,-38,36,16.650,305,305,0,0,0
111370,0.082,-0.376,0.024,-0.002,0.012,-0.041,0.634,0.373,-0.517,0.437,-0.200,-0.002,4986,0,52,-41,36,16.650,305,305,0,0,0
111470,0.089,-0.383,0.024,0.006,0.059,-0.017,0.635,0.373,-0.516,0.438,-0.200,-0.002,4840,0,53,-41,36,16.650,305,305,0,0,0
111570,0.087,-0.395,0.008,0.000,0.069,0.090,0.637,0.371,-0.514,0.439,-0.200,-0.002,3842,0,53,-41,36,16.650,305,305,0,0,0
111670,0.061,-0.403,0.018,-0.051,0.000,0.050,0.637,0.368,-0.514,0.441,-0.200,-0.002,3985,0,53,-38,36,16.660,305,305,0,0,0
111770,0.017,-0.401,-0.029,-0.068,-0.032,0.137,0.635,0.364,-0.517,0.443,-0.200,-0.000,2271,0,52,-38,36,16.660,305,305,0,0,0
111870,-0.002,-0.391,-0.004,-0.011,-0.063,-0.090,0.634,0.363,-0.521,0.442,-0.200,-0.000,4647,0,50,-39,36,16.660,305,305,0,0,0
111970,0.031,-0.383,-0.018,0.000,0.004,-0.071,0.635,0.366,-0.521,0.439,-0.200,-0.001,4810,0,52,-40,36,16.640,305,305,0,0,0
112070,0.039,-0.386,-0.037,0.003,0.019,0.047,0.636,0.366,-0.520,0.438,-0.200,-0.001,3789,0,52,-40,36,16.640,305,305,0,0,0
112170,0.028,-0.385,-0.011,0.003,-0.051,-0.010,0.635,0.365,-0.520,0.439,-0.200,-0.001,4250,0,50,-39,36,16.630,305,305,0,0,0
112270,0.032,-0.375,0.012,0.019,-0.022,0.004,0.634,0.367,-0.522,0.438,-0.200,-0.001,4144,0,51,-40,36,16.630,305,305,0,0,0
112370,0.035,-0.373,-0.011,0.047,0.020,0.012,0.633,0.368,-0.521,0.439,-0.200,-0.001,4100,0,51,-41,36,16.650,305,305,0,0,0
112470,0.028,-0.375,-0.027,0.027,-0.029,-0.031,0.632,0.368,-0.521,0.440,-0.200,-0.001,4438,0,50,-39,36,16.650,305,305,0,0,0
112570,0.039,-0.364,0.000,-0.008,-0.063,-0.008,0.631,0.371,-0.522,0.439,-0.200,-0.001,4330,0,51,-38,36,16.660,305,305,0,0,0
112670,0.039,-0.356,0.007,0.014,-0.002,-0.033,0.630,0.371,-0.523,0.438,-0.200,-0.001,4557,0,51,-40,36,16.660,305,305,0,0,0
112770,0.054,-0.357,-0.050,-0.026,-0.003,0.020,0.631,0.372,-0.522,0.437,-0.200,-0.001,4211,0,52,-39,36,16.660,305,305,0,0,0
112870,0.042,-0.351,-0.043,-0.060,-0.100,-0.008,0.630,0.371,-0.524,0.436,-0.200,-0.001,4354,0,50,-35,36,16.650,305,305,0,0,0
112970,0.040,-0.329,-0.144,0.071,-0.106,-0.063,0.628,0.373,-0.528,0.434,-0.200,-0.001,4822,0,47,-40,36,16.650,305,305,0,0,0
113070,0.089,-0.318,-0.103,0.009,-0.019,-0.079,0.628,0.378,-0.527,0.430,-0.200,-0.002,5332,0,51,-39,37,16.620,5827,1513,323,60,0
113170,0.097,-0.314,-0.089,-0.007,-0.010,0.009,0.628,0.379,-0.527,0.428,-0.200,-0.002,4700,0,51,-39,37,16.620,5827,1513,323,60,0
113270,0.099,-0.316,-0.026,-0.022,0.033,0.006,0.629,0.379,-0.527,0.428,-0.200,-0.002,4745,0,52,-39,36,16.630,4940,771,238,60,0
113370,0.080,-0.324,0.008,-0.042,0.062,0.107,0.630,0.376,-0.527,0.430,-0.200,-0.002,3590,0,53,-39,36,16.630,4940,771,238,60,0
113470,0.054,-0.339,-0.035,-0.066,0.069,0.030,0.631,0.371,-0.527,0.431,-0.200,-0.001,4110,0,53,-39,36,16.630,4084,550,199,60,0
113570,0.040,-0.344,-0.016,0.002,-0.020,0.000,0.631,0.369,-0.527,0.432,-0.200,-0.001,4266,0,50,-39,36,16.630,4084,550,199,60,0
113670,0.046,-0.335,0.052,0.000,-0.048,-0.007,0.631,0.370,-0.529,0.430,-0.200,-0.001,4387,0,50,-38,36,16.630,4084,550,199,60,0
113770,0.055,-0.333,0.075,-0.008,0.028,-0.018,0.632,0.370,-0.529,0.429,-0.200,-0.001,4563,0,52,-40,36,16.620,4355,462,201,60,0
113870,0.059,-0.342,0.024,0.027,0.063,0.036,0.633,0.370,-0.527,0.430,0.000,-0.001,4107,0,52,-41,36,16.620,4355,462,201,60,0
113970,0.030,-0.350,-0.017,0.026,0.006,0.109,0.632,0.367,-0.527,0.433,0.000,-0.001,2925,0,50,-40,36,16.650,3980,432,144,60,0
114070,0.029,-0.346,0.018,-0.120,-0.069,-0.046,0.631,0.368,-0.528,0.433,0.000,-0.001,4572,0,53,-34,36,16.650,3980,432,144,60,0
114170,0.008,-0.329,0.003,-0.102,-0.067,0.096,0.629,0.367,-0.533,0.431,0.000,-0.000,2793,0,52,-36,36,16.630,3453,430,166,60,0
114270,-0.016,-0.322,-0.003,-0.022,0.000,-0.052,0.628,0.364,-0.536,0.430,0.000,0.000,4178,0,51,-40,36,16.630,3453,430,166,60,0
114370,0.010,-0.321,-0.009,0.066,-0.014,-0.009,0.630,0.365,-0.535,0.428,0.000,-0.000,4048,0,48,-41,37,16.630,4545,432,176,60,0
114470,0.009,-0.326,-0.042,0.038,0.070,-0.023,0.630,0.365,-0.534,0.429,0.000,-0.000,4179,0,52,-42,37,16.630,4545,432,176,60,0
114570,0.017,-0.337,-0.034,-0.034,0.016,0.021,0.633,0.364,-0.532,0.429,0.000,-0.000,3826,0,52,-38,36,16.630,3955,426,130,60,0
114670,0.013,-0.334,0.018,-0.012,-0.034,0.019,0.632,0.364,-0.533,0.428,0.000,-0.000,3808,0,50,-38,36,16.630,3955,426,130,60,0
114770,0.002,-0.329,0.034,0.001,0.004,0.040,0.631,0.364,-0.535,0.429,0.000,-0.000,3441,0,51,-39,36,16.630,3955,426,130,60,0
114870,-0.015,-0.336,-0.049,0.028,0.048,0.006,0.631,0.362,-0.534,0.431,0.000,0.000,3621,0,51,-41,36,16.630,3360,426,124,60,0
114970,-0.019,-0.337,-0.025,0.001,-0.042,0.059,0.630,0.362,-0.534,0.432,0.000,0.000,2893,0,50,-38,36,16.630,3360,426,124,60,0
115070,-0.027,-0.332,-0.029,0.020,0.021,-0.034,0.629,0.362,-0.535,0.432,0.000,0.001,3875,0,51,-40,37,16.620,3078,428,207,60,0
115170,-0.003,-0.338,-0.054,0.026,0.001,-0.053,0.631,0.364,-0.532,0.432,0.000,0.000,4317,0,51,-39,37,16.620,3078,428,207,60,0
115270,-0.003,-0.329,-0.081,-0.002,-0.107,0.013,0.629,0.365,-0.533,0.432,0.000,0.000,3646,0,49,-36,36,16.640,3501,426,140,60,0
115370,0.012,-0.297,-0.042,0.002,-0.220,-0.049,0.626,0.370,-0.538,0.427,0.000,-0.000,4429,0,46,-34,36,16.640,3501,426,140,60,0
115470,0.018,-0.256,-0.019,0.017,-0.134,-0.030,0.620,0.375,-0.544,0.423,0.000,-0.000,4324,0,48,-37,36,16.640,3501,426,140,60,0
115570,0.057,-0.248,0.026,-0.013,0.024,-0.096,0.621,0.378,-0.543,0.420,0.000,-0.001,5213,0,52,-39,37,16.640,4180,429,224,60,0
115670,0.074,-0.255,-0.007,-0.009,0.066,0.013,0.623,0.378,-0.541,0.419,0.000,-0.001,4455,0,52,-39,37,16.640,4180,429,224,60,0
115770,0.065,-0.273,-0.029,0.020,0.171,0.077,0.625,0.376,-0.539,0.421,0.000,-0.001,3750,0,53,-43,37,16.630,4385,426,180,60,0
115870,0.051,-0.304,-0.020,-0.039,0.141,-0.027,0.629,0.372,-0.535,0.425,0.000,-0.001,4608,0,54,-40,37,16.630,4385,426,180,60,0
115970,0.064,-0.334,-0.021,-0.024,0.134,-0.036,0.634,0.368,-0.530,0.426,0.000,-0.001,4795,0,53,-41,36,16.630,4826,425,201,60,0
116070,0.061,-0.346,0.053,0.009,-0.014,0.000,0.636,0.366,-0.529,0.426,0.000,-0.001,4456,0,49,-39,36,16.630,4826,425,201,60,0
116170,0.065,-0.339,0.037,0.053,-0.038,-0.049,0.635,0.368,-0.529,0.426,0.188,-0.001,5018,0,49,-39,37,16.630,4512,425,199,60,0
116270,0.094,-0.335,0.019,0.000,0.023,-0.024,0.635,0.372,-0.528,0.425,0.180,-0.002,5234,0,52,-39,37,16.630,4512,425,199,60,0
116370,0.087,-0.343,0.011,0.036,0.042,0.079,0.636,0.370,-0.527,0.426,0.161,-0.002,4495,0,51,-41,37,16.630,4512,425,199,60,0
116470,0.049,-0.349,-0.016,0.062,0.009,0.116,0.633,0.368,-0.527,0.431,0.161,-0.001,3957,0,50,-40,37,16.610,4595,425,181,60,0
116570,0.041,-0.345,-0.041,-0.002,-0.067,-0.111,0.631,0.369,-0.527,0.433,0.204,-0.001,5917,0,50,-37,37,16.610,4595,425,181,60,0
116670,0.041,-0.330,-0.065,-0.002,-0.080,0.143,0.629,0.372,-0.529,0.432,0.306,-0.001,4172,2008,50,-37,37,16.630,5854,428,222,60,0
116770,-0.003,-0.313,-0.125,0.057,-0.092,-0.037,0.624,0.371,-0.534,0.434,0.306,0.000,5567,0,48,-39,37,16.630,5854,428,222,60,0
116870,0.030,-0.297,-0.121,0.094,-0.088,-0.038,0.622,0.377,-0.533,0.433,0.310,-0.001,6099,0,47,-39,37,16.610,6203,1598,258,60,0
116970,0.042,-0.283,0.032,0.092,-0.046,0.002,0.619,0.381,-0.533,0.433,0.322,-0.001,6181,1350,48,-40,37,16.610,6203,1598,258,60,0
117070,0.047,-0.279,0.022,0.047,0.011,0.042,0.617,0.384,-0.532,0.435,0.361,-0.001,6224,2815,50,-39,37,16.610,6361,1467,252,295,0
117170,0.018,-0.283,-0.126,-0.016,0.029,0.186,0.615,0.383,-0.532,0.438,0.420,-0.000,5356,5083,52,-38,37,16.610,6361,1467,252,295,0
117270,-0.026,-0.283,-0.151,-0.122,-0.008,-0.021,0.614,0.379,-0.535,0.440,0.635,0.000,6795,4281,53,-35,37,16.610,6361,1467,252,295,0
117370,-0.004,-0.281,-0.135,0.232,-0.043,-0.136,0.614,0.381,-0.533,0.440,0.820,0.000,8055,3842,42,-44,37,16.610,6631,4480,312,131,0
117470,0.052,-0.274,-0.098,0.346,-0.043,-0.061,0.613,0.389,-0.529,0.439,0.820,-0.001,8488,4896,40,-47,37,16.610,6631,4480,312,131,0
117570,0.097,-0.263,-0.154,0.127,-0.052,-0.054,0.610,0.399,-0.524,0.441,0.816,-0.002,9127,5397,48,-38,37,16.590,8591,5060,404,145,0
117670,0.090,-0.249,-0.075,-0.286,-0.074,0.130,0.607,0.400,-0.527,0.440,0.816,-0.002,8727,7251,57,-28,37,16.590,8591,5060,404,145,0
117770,0.076,-0.226,-0.063,-0.052,-0.188,-0.073,0.606,0.399,-0.533,0.435,0.816,-0.001,9972,6754,45,-34,37,16.600,9363,6925,418,286,0
117870,0.086,-0.185,-0.052,-0.004,-0.229,0.011,0.602,0.403,-0.540,0.429,0.816,-0.001,10084,7725,43,-34,37,16.600,9363,6925,418,286,0
117970,0.074,-0.144,-0.056,-0.089,-0.169,0.068,0.597,0.405,-0.548,0.424,0.820,-0.001,10216,8568,47,-32,37,16.600,10183,8361,424,371,0
118070,0.065,-0.113,-0.037,0.003,-0.147,-0.027,0.593,0.406,-0.554,0.420,0.820,-0.001,10927,8646,44,-34,37,16.600,10183,8361,424,371,0
118170,0.077,-0.088,-0.029,-0.013,-0.106,0.007,0.591,0.409,-0.557,0.416,0.831,-0.001,11222,9206,46,-34,37,16.600,10183,8361,424,371,0
118270,0.064,-0.066,-0.034,-0.017,-0.108,0.070,0.587,0.410,-0.561,0.415,0.847,-0.000,11326,9965,45,-33,37,16.610,11235,9259,466,398,0
118370,0.044,-0.043,-0.043,-0.008,-0.140,0.003,0.583,0.411,-0.566,0.414,0.847,-0.000,11854,10198,44,-32,37,16.610,11235,9259,466,398,0
118470,0.044,-0.013,-0.060,0.036,-0.179,0.000,0.578,0.415,-0.570,0.411,0.839,-0.000,12217,10590,41,-32,37,16.570,11961,10330,515,434,0
118570,0.051,0.025,-0.130,-0.017,-0.221,-0.026,0.573,0.419,-0.575,0.407,0.839,-0.000,12659,10860,42,-29,37,16.570,11961,10330,515,434,0
118670,0.058,0.068,-0.097,0.006,-0.221,0.034,0.567,0.424,-0.581,0.402,0.843,0.000,12822,11430,40,-29,37,16.580,12787,11185,533,485,0
118770,0.062,0.101,0.034,0.011,-0.117,-0.052,0.562,0.428,-0.585,0.398,0.847,0.000,13422,11481,42,-31,37,16.580,12787,11185,533,485,0
118870,0.068,0.119,0.043,-0.011,-0.057,0.021,0.560,0.430,-0.587,0.396,0.847,0.000,13535,12072,43,-31,37,16.580,12787,11185,533,485,0
118970,0.058,0.131,-0.037,-0.022,-0.077,0.050,0.558,0.431,-0.589,0.395,0.847,0.000,13731,12542,42,-29,37,16.560,13477,12048,585,504,0
119070,0.015,0.148,-0.099,0.040,-0.096,0.069,0.553,0.429,-0.594,0.397,0.839,0.000,13849,13074,40,-30,37,16.560,13477,12048,585,504,0
119170,0.034,0.171,-0.093,-0.033,-0.138,-0.121,0.550,0.434,-0.596,0.393,0.835,0.000,14737,12739,40,-27,37,16.560,14044,12953,615,525,0
119270,0.054,0.195,-0.108,-0.033,-0.081,0.063,0.548,0.436,-0.599,0.388,0.835,0.001,14572,13558,41,-28,37,16.560,14044,12953,615,525,0
119370,0.032,0.203,-0.073,0.021,0.014,0.000,0.546,0.435,-0.601,0.388,0.835,0.000,14965,13745,41,-31,37,16.530,14662,13698,647,582,0
119470,0.024,0.194,-0.010,0.047,0.053,0.077,0.547,0.434,-0.600,0.390,0.749,0.000,15007,14273,41,-32,37,16.530,14662,13698,647,582,0
119570,0.010,0.183,0.048,0.000,0.062,0.056,0.548,0.432,-0.599,0.393,0.745,0.000,15270,14514,42,-31,37,16.520,15337,14285,640,625,0
119670,-0.029,0.166,0.016,0.064,0.114,0.047,0.548,0.428,-0.598,0.398,0.349,-0.000,15332,14774,42,-33,37,16.520,15337,14285,640,625,0
119770,-0.025,0.145,-0.007,0.002,0.078,-0.051,0.550,0.428,-0.594,0.401,0.000,-0.000,15620,14526,43,-30,37,16.520,15337,14285,640,625,0
119870,0.001,0.136,-0.041,0.024,-0.003,-0.016,0.553,0.429,-0.592,0.401,0.000,0.000,15603,14544,40,-30,37,16.530,15673,14450,667,606,0
119970,-0.005,0.146,-0.012,0.027,-0.093,0.000,0.550,0.431,-0.592,0.401,0.000,0.000,15547,14604,39,-28,37,16.530,15673,14450,667,606,0
120070,0.003,0.166,-0.018,-0.028,-0.117,0.060,0.547,0.434,-0.595,0.399,0.000,0.000,15412,14746,39,-26,37,16.530,15673,14492,666,598,0
120170,-0.036,0.190,-0.021,-0.049,-0.138,0.030,0.542,0.433,-0.600,0.398,0.000,-0.001,15376,14784,39,-25,37,16.530,15673,14492,666,598,0
120270,-0.015,0.224,-0.048,-0.006,-0.190,-0.056,0.539,0.437,-0.604,0.392,0.000,-0.000,15653,14490,36,-25,37,16.530,15625,14450,678,608,0
120370,-0.006,0.263,-0.076,0.052,-0.199,-0.016,0.533,0.442,-0.609,0.388,0.000,-0.000,15576,14573,34,-25,37,16.530,15625,14450,678,608,0
120470,0.012,0.295,-0.041,0.000,-0.112,0.022,0.529,0.446,-0.612,0.383,0.000,0.000,15531,14621,36,-25,37,16.530,15625,14450,678,608,0
120570,0.005,0.305,0.013,-0.026,0.016,0.013,0.528,0.445,-0.615,0.381,0.000,0.000,15535,14616,39,-27,38,16.520,15527,14619,661,611,0
120670,0.013,0.294,0.009,0.018,0.094,-0.021,0.530,0.444,-0.613,0.382,0.000,0.000,15648,14495,39,-29,38,16.520,15527,14619,661,611,0
120770,0.028,0.276,-0.053,0.028,0.089,-0.071,0.534,0.444,-0.610,0.383,0.000,0.000,15819,14308,38,-28,38,16.510,15625,14534,681,586,0
120870,0.060,0.262,-0.037,0.013,0.044,-0.039,0.537,0.446,-0.605,0.383,0.000,0.001,15825,14302,38,-27,38,16.510,15625,14534,681,586,0
120970,0.072,0.261,-0.016,-0.021,-0.041,-0.018,0.538,0.446,-0.605,0.382,0.000,0.001,15800,14329,36,-24,38,16.530,15723,14326,696,593,0
121070,0.077,0.270,0.006,-0.008,-0.048,-0.013,0.537,0.447,-0.606,0.380,0.000,0.001,15802,14327,36,-25,38,16.530,15723,14326,696,593,0
121170,0.086,0.276,-0.032,-0.007,0.006,-0.004,0.537,0.447,-0.607,0.378,0.000,0.001,15803,14327,37,-26,38,16.510,15873,14285,654,609,0
121270,0.090,0.269,-0.081,0.003,0.076,0.000,0.538,0.447,-0.606,0.378,0.000,0.001,15801,14328,38,-27,38,16.510,15873,14285,654,609,0
121370,0.077,0.251,-0.109,0.028,0.099,0.064,0.540,0.445,-0.604,0.382,0.000,0.001,15604,14543,38,-28,38,16.510,15873,14285,654,609,0
121470,0.060,0.230,-0.090,-0.016,0.130,0.014,0.542,0.442,-0.602,0.385,0.000,0.001,15689,14451,40,-28,38,16.510,15673,14534,647,607,0
121570,0.059,0.209,-0.084,0.006,0.073,0.012,0.546,0.439,-0.599,0.388,0.000,0.001,15692,14448,38,-27,38,16.510,15673,14534,647,607,0
121670,0.056,0.200,-0.070,-0.004,0.018,0.010,0.547,0.438,-0.598,0.389,0.000,0.001,15690,14450,37,-26,38,16.520,15625,14450,690,595,0
121770,0.051,0.200,-0.048,0.003,-0.032,-0.010,0.546,0.438,-0.598,0.389,0.000,0.001,15727,14409,36,-25,38,16.520,15625,14450,690,595,0
121870,0.048,0.211,-0.058,-0.024,-0.074,0.033,0.545,0.439,-0.600,0.388,0.000,0.001,15610,14536,36,-23,38,16.520,15625,14450,690,595,0
121970,0.034,0.228,-0.050,0.000,-0.076,0.067,0.542,0.438,-0.604,0.386,0.000,0.000,15487,14667,35,-24,38,16.510,15576,14534,667,607,0
122070,0.024,0.238,-0.036,-0.004,-0.023,-0.011,0.540,0.438,-0.606,0.386,0.000,0.000,15661,14482,36,-24,38,16.510,15576,14534,667,607,0
122170,0.029,0.239,-0.048,-0.026,0.002,-0.019,0.540,0.439,-0.606,0.385,0.000,0.000,15693,14446,37,-24,38,16.520,15625,14492,675,603,0
122270,0.032,0.240,-0.041,-0.016,-0.009,-0.019,0.541,0.438,-0.606,0.384,0.000,0.001,15701,14438,36,-24,38,16.520,15625,14492,675,603,0
122370,0.040,0.240,-0.062,-0.014,-0.003,-0.019,0.541,0.439,-0.606,0.384,0.000,0.001,15723,14414,36,-24,38,16.510,15723,14450,665,600,0
122470,0.037,0.241,-0.066,-0.006,-0.010,0.007,0.541,0.439,-0.606,0.384,0.000,0.001,15651,14493,35,-23,38,16.510,15723,14450,665,600,0
122570,0.039,0.243,-0.040,0.017,0.008,0.021,0.541,0.439,-0.607,0.383,0.000,0.001,15617,14529,35,-25,38,16.510,15723,14450,665,600,0
122671,0.028,0.242,-0.043,-0.010,0.004,0.027,0.540,0.438,-0.607,0.384,0.000,0.000,15576,14573,35,-23,38,16.520,15576,14577,669,603,0
122771,0.019,0.243,-0.044,0.031,0.003,0.017,0.540,0.437,-0.608,0.385,0.000,0.000,15579,14570,34,-24,38,16.520,15576,14577,669,603,0
122871,0.013,0.244,-0.077,-0.010,-0.012,-0.014,0.539,0.438,-0.607,0.386,0.000,0.000,15643,14501,35,-22,38,16.490,15576,14577,674,599,0
122971,0.016,0.248,-0.081,-0.011,-0.030,0.001,0.539,0.438,-0.608,0.385,0.000,0.000,15611,14536,34,-22,38,16.490,15576,14577,674,599,0
123071,-0.001,0.254,-0.073,0.050,-0.031,0.072,0.537,0.438,-0.610,0.385,0.000,-0.000,15377,14782,32,-24,38,16.490,15576,14577,674,599,0
123171,-0.015,0.256,-0.079,-0.031,0.006,0.009,0.535,0.438,-0.610,0.387,0.000,-0.000,15501,14653,35,-21,39,16.500,15337,14705,667,636,0
123271,-0.015,0.252,-0.094,0.000,0.068,-0.026,0.536,0.437,-0.610,0.387,0.000,-0.000,15587,14561,35,-24,39,16.500,15337,14705,667,636,0
123371,-0.003,0.233,-0.076,-0.004,0.128,-0.029,0.540,0.436,-0.607,0.388,0.000,0.000,15629,14516,37,-25,38,16.500,15576,14534,668,612,0
123471,-0.002,0.207,-0.038,0.052,0.138,0.026,0.543,0.434,-0.603,0.391,0.000,-0.000,15492,14662,35,-27,38,16.500,15576,14534,668,612,0
123571,-0.011,0.183,-0.028,0.023,0.093,0.028,0.546,0.432,-0.599,0.396,0.000,-0.000,15459,14697,35,-25,39,16.490,15527,14619,653,619,0
123671,-0.022,0.170,-0.017,-0.002,0.032,-0.002,0.547,0.430,-0.598,0.398,0.000,-0.000,15502,14651,35,-23,39,16.490,15527,14619,653,619,0
123771,-0.021,0.171,-0.055,-0.028,-0.028,-0.016,0.547,0.430,-0.598,0.398,0.000,-0.000,15537,14615,34,-21,39,16.490,15527,14619,653,619,0
123871,-0.009,0.177,-0.087,-0.012,-0.047,-0.034,0.547,0.431,-0.599,0.396,0.000,-0.000,15618,14528,33,-22,39,16.500,15527,14577,670,613,0
123971,0.007,0.186,-0.034,0.007,-0.043,-0.041,0.547,0.433,-0.599,0.393,0.000,0.000,15681,14460,33,-22,39,16.500,15527,14577,670,613,0
124071,0.023,0.196,-0.058,-0.002,-0.053,-0.001,0.546,0.435,-0.600,0.391,0.000,0.000,15629,14516,33,-21,39,16.490,15673,14409,690,595,0
124171,0.013,0.204,-0.048,0.046,-0.039,0.064,0.544,0.435,-0.601,0.391,0.000,0.000,15433,14725,32,-22,39,16.490,15673,14409,690,595,0
124271,-0.006,0.208,-0.023,-0.021,0.002,0.008,0.543,0.434,-0.603,0.392,0.000,-0.000,15522,14630,34,-22,39,16.480,15479,14705,666,599,0
124371,-0.007,0.206,-0.034,-0.014,0.002,0.028,0.543,0.434,-0.603,0.392,0.000,-0.000,15467,14688,33,-21,39,16.480,15479,14705,666,599,0
124471,-0.011,0.212,-0.019,0.033,-0.072,-0.007,0.542,0.433,-0.604,0.391,0.000,-0.000,15543,14608,30,-21,39,16.480,15479,14705,666,599,0
124571,0.007,0.230,-0.058,0.034,-0.093,-0.001,0.540,0.437,-0.605,0.388,0.000,0.000,15580,14568,30,-20,39,16.480,15723,14534,661,583,0
124671,-0.003,0.248,-0.059,0.041,-0.099,0.016,0.536,0.439,-0.608,0.388,0.000,-0.000,15509,14645,29,-19,39,16.480,15723,14534,661,583,0
124771,-0.004,0.264,-0.061,0.033,-0.057,-0.059,0.533,0.441,-0.609,0.387,0.000,0.000,15696,14444,30,-20,39,16.490,15576,14619,666,597,0
124871,0.014,0.270,-0.065,0.001,0.004,-0.008,0.533,0.443,-0.609,0.385,0.000,0.000,15619,14526,32,-20,39,16.490,15576,14619,666,597,0
124971,0.013,0.261,-0.022,0.000,0.107,0.022,0.535,0.442,-0.608,0.386,0.000,0.000,15540,14611,34,-22,39,16.490,15576,14619,666,597,0
125071,0.002,0.238,-0.021,0.032,0.133,0.051,0.538,0.439,-0.606,0.389,0.000,-0.000,15436,14721,33,-23,39,16.490,15527,14577,666,618,0
125171,-0.016,0.216,-0.020,0.009,0.086,0.050,0.540,0.436,-0.603,0.393,0.000,-0.000,15384,14776,33,-21,39,16.490,15527,14577,666,618,0
125271,-0.031,0.205,-0.052,-0.041,0.032,0.017,0.541,0.434,-0.602,0.396,0.000,-0.000,15424,14734,33,-19,39,16.500,15337,14836,665,607,0
125371,-0.031,0.203,-0.051,-0.004,0.006,-0.040,0.541,0.433,-0.603,0.395,0.000,-0.000,15566,14584,31,-20,39,16.500,15337,14836,665,607,0
125471,-0.010,0.204,-0.053,0.001,-0.016,-0.036,0.542,0.434,-0.602,0.393,0.000,-0.000,15612,14534,31,-20,39,16.500,15337,14836,665,607,0
125571,0.006,0.208,-0.053,0.009,-0.032,-0.014,0.543,0.436,-0.601,0.392,0.000,0.000,15605,14542,30,-19,39,16.490,15576,14534,680,604,0
125671,0.004,0.214,-0.052,-0.037,-0.034,0.016,0.542,0.437,-0.602,0.392,0.000,0.000,15522,14631,31,-18,39,16.490,15576,14534,680,604,0
125771,-0.007,0.220,-0.038,-0.028,-0.012,0.038,0.541,0.435,-0.604,0.391,0.000,-0.000,15431,14727,31,-18,39,16.490,15432,14705,658,622,0
125871,-0.019,0.222,-0.067,0.046,-0.002,0.020,0.540,0.435,-0.605,0.392,0.000,-0.000,15442,14714,29,-20,39,16.490,15432,14705,658,622,0
125971,-0.017,0.222,-0.079,-0.016,0.024,-0.031,0.539,0.436,-0.605,0.392,0.000,-0.000,15576,14573,32,-19,39,16.490,15432,14705,658,622,0
126071,-0.015,0.212,-0.060,-0.002,0.079,0.034,0.541,0.434,-0.604,0.392,0.000,-0.000,15411,14747,32,-21,39,16.480,15576,14577,661,610,0
126171,-0.028,0.197,-0.056,0.023,0.051,-0.016,0.543,0.432,-0.602,0.395,0.000,-0.000,15499,14655,30,-20,39,16.480,15576,14577,661,610,0
126271,-0.002,0.191,-0.047,0.003,0.006,-0.041,0.545,0.433,-0.600,0.394,0.000,0.000,15638,14507,30,-19,39,16.480,15673,14492,677,589,0
126371,-0.000,0.195,-0.068,0.027,-0.044,0.041,0.545,0.434,-0.601,0.393,0.000,-0.000,15432,14725,28,-18,39,16.480,15673,14492,677,589,0
126471,-0.016,0.206,-0.027,0.019,-0.070,0.021,0.542,0.435,-0.602,0.394,0.000,-0.000,15438,14719,28,-17,39,16.480,15673,14492,677,589,0
126571,-0.025,0.217,0.062,0.040,-0.014,0.019,0.539,0.435,-0.604,0.394,0.133,-0.000,15449,14779,29,-19,40,16.500,15479,14662,644,632,0
126671,-0.011,0.214,0.094,0.027,0.049,-0.034,0.539,0.437,-0.602,0.394,0.110,-0.000,15665,14636,31,-20,40,16.500,15479,14662,644,632,0
126771,-0.013,0.203,0.048,0.038,0.062,0.024,0.540,0.438,-0.599,0.397,0.118,-0.000,15544,14842,30,-20,39,16.490,15576,14705,663,630,0
126871,-0.019,0.194,-0.019,0.000,0.042,-0.038,0.541,0.437,-0.598,0.399,0.141,-0.000,15724,14739,30,-18,39,16.490,15576,14705,663,630,0
126971,-0.002,0.187,-0.049,0.022,0.003,-0.050,0.542,0.438,-0.596,0.399,0.149,-0.000,15849,14705,29,-18,39,16.490,15576,14705,663,630,0
127071,0.021,0.196,-0.088,-0.042,-0.077,-0.072,0.542,0.441,-0.596,0.397,0.161,0.000,16022,14625,29,-15,39,16.490,15822,14705,678,616,0
127171,0.046,0.211,-0.053,-0.080,-0.079,-0.071,0.542,0.442,-0.598,0.392,0.169,0.000,16143,14605,29,-14,39,16.490,15822,14705,678,616,0
127271,0.069,0.221,-0.023,-0.018,-0.014,-0.047,0.543,0.443,-0.599,0.387,0.176,0.001,16207,14653,28,-18,40,16.470,16286,14662,655,608,0
127371,0.077,0.218,-0.030,0.029,0.044,0.008,0.544,0.443,-0.598,0.387,0.192,0.001,16162,14836,29,-19,40,16.470,16286,14662,655,608,0
127471,0.081,0.206,-0.044,0.026,0.100,0.041,0.546,0.443,-0.596,0.388,0.161,0.001,16142,14973,30,-20,40,16.460,16181,14836,711,619,0
127571,0.052,0.185,-0.040,0.040,0.094,0.016,0.546,0.440,-0.594,0.394,0.149,0.001,16181,15034,30,-19,40,16.460,16181,14836,711,619,0
127671,0.058,0.169,-0.023,-0.014,0.053,-0.049,0.549,0.439,-0.591,0.395,0.137,0.000,16400,14896,30,-17,40,16.460,16181,14836,711,619,0
127771,0.072,0.164,-0.011,0.000,-0.009,0.014,0.550,0.439,-0.590,0.395,0.012,0.001,16296,15047,28,-17,40,16.470,16286,14836,735,642,0
127871,0.053,0.168,-0.049,0.042,-0.030,0.083,0.548,0.439,-0.591,0.396,0.012,0.000,16083,15282,27,-17,40,16.470,16286,14836,735,642,0
127971,0.030,0.177,-0.019,0.001,-0.036,0.034,0.545,0.439,-0.593,0.398,0.027,0.000,16153,15226,28,-16,40,16.460,16129,15243,695,636,0
128071,0.014,0.180,0.010,-0.019,0.019,0.020,0.544,0.438,-0.594,0.399,0.031,0.000,16157,15242,30,-17,40,16.460,16129,15243,695,636,0
128171,0.004,0.175,0.014,-0.017,0.020,-0.007,0.545,0.437,-0.594,0.400,0.055,0.000,16211,15218,29,-17,40,16.460,16129,15243,695,636,0
128271,0.008,0.167,-0.035,0.000,0.029,0.023,0.546,0.436,-0.593,0.400,0.063,0.000,16167,15303,28,-17,40,16.470,16339,15197,690,619,0
128371,0.004,0.167,-0.041,0.029,-0.022,0.000,0.546,0.436,-0.593,0.400,0.063,0.000,16233,15273,26,-17,40,16.470,16339,15197,690,619,0
128471,0.033,0.174,-0.067,-0.016,-0.040,-0.060,0.546,0.439,-0.592,0.398,0.059,0.000,16476,15052,28,-15,40,16.470,16339,15197,690,619,0
128571,0.027,0.183,-0.031,0.014,-0.036,0.058,0.544,0.440,-0.593,0.398,0.063,0.000,16191,15398,27,-16,40,16.450,16556,15060,686,633,0
128671,-0.007,0.186,-0.026,-0.019,0.020,0.097,0.542,0.438,-0.596,0.400,0.067,-0.000,16021,15617,29,-16,40,16.450,16556,15060,686,633,0
128771,-0.017,0.181,0.025,-0.027,0.013,-0.023,0.543,0.436,-0.596,0.400,0.075,-0.000,16308,15363,28,-16,40,16.450,16025,15576,727,633,0
128871,-0.012,0.181,0.008,0.027,-0.017,-0.031,0.543,0.436,-0.596,0.400,0.075,-0.000,16364,15351,26,-16,40,16.450,16025,15576,727,633,0
128971,-0.004,0.185,-0.053,-0.001,-0.022,0.020,0.543,0.438,-0.596,0.399,0.075,0.000,16282,15487,27,-15,40,16.450,16025,15576,727,633,0
129071,-0.020,0.186,-0.028,0.013,0.000,0.058,0.542,0.436,-0.597,0.400,0.090,-0.000,16168,15656,26,-16,41,16.460,16339,15432,685,664,0
129171,-0.033,0.185,-0.002,-0.004,0.009,-0.001,0.541,0.435,-0.597,0.401,0.082,-0.000,16300,15573,27,-15,41,16.460,16339,15432,685,664,0
129271,-0.034,0.184,-0.028,0.001,0.019,0.014,0.541,0.435,-0.597,0.402,0.082,-0.000,16279,15648,27,-16,40,16.440,16286,15576,700,661,0
129371,-0.034,0.177,-0.004,-0.004,0.050,-0.006,0.542,0.434,-0.596,0.402,0.082,-0.000,16350,15626,28,-16,40,16.440,16286,15576,700,661,0
129471,-0.039,0.164,-0.057,0.003,0.062,0.033,0.544,0.433,-0.595,0.404,0.090,-0.000,16263,15771,28,-17,40,16.440,16286,15576,700,661,0
129571,-0.048,0.155,-0.047,-0.013,0.026,0.029,0.545,0.431,-0.594,0.405,0.125,-0.001,16273,15825,27,-15,40,16.450,16233,15822,703,653,0
129671,-0.055,0.156,-0.048,0.000,-0.033,-0.020,0.545,0.430,-0.595,0.405,0.118,-0.001,16407,15764,25,-14,40,16.450,16233,15822,703,653,0
129771,-0.039,0.166,-0.062,-0.003,-0.076,-0.031,0.544,0.432,-0.596,0.403,0.133,-0.000,16510,15737,25,-13,41,16.450,16611,15673,683,671,0
129871,-0.026,0.185,-0.031,-0.007,-0.103,-0.018,0.542,0.435,-0.597,0.400,0.137,-0.000,16549,15782,24,-12,41,16.450,16611,15673,683,671,0
129972,-0.038,0.200,-0.045,0.011,-0.040,0.042,0.539,0.436,-0.600,0.399,0.122,-0.000,16406,16010,25,-14,41,16.450,16611,15673,683,671,0
130072,-0.044,0.200,-0.050,0.000,0.039,-0.001,0.539,0.435,-0.600,0.400,0.122,-0.001,16527,15962,27,-15,40,16.450,16393,15974,711,685,0
130172,-0.051,0.188,-0.064,0.009,0.070,0.031,0.540,0.434,-0.599,0.402,0.153,-0.001,16464,16109,26,-16,40,16.450,16393,15974,711,685,0
130272,-0.057,0.172,-0.025,0.022,0.093,-0.004,0.542,0.432,-0.597,0.404,0.153,-0.001,16573,16093,27,-16,41,16.440,16556,16181,698,665,0
130372,-0.045,0.159,-0.022,0.004,0.037,-0.007,0.544,0.432,-0.594,0.405,0.141,-0.000,16649,16106,26,-15,41,16.440,16556,16181,698,665,0
130472,-0.040,0.159,-0.026,0.010,-0.029,-0.011,0.545,0.432,-0.594,0.404,0.141,-0.000,16710,16128,24,-14,41,16.440,16556,16181,698,665,0
130572,-0.049,0.168,-0.035,0.030,-0.068,0.044,0.543,0.433,-0.596,0.404,0.145,-0.001,16589,16341,23,-13,41,16.450,16611,16129,732,696,0
130672,-0.051,0.182,-0.051,-0.002,-0.086,0.000,0.540,0.434,-0.598,0.403,0.153,-0.001,16728,16290,23,-12,41,16.450,16611,16129,732,696,0
130772,-0.054,0.201,-0.051,0.018,-0.099,0.002,0.537,0.436,-0.600,0.401,0.149,-0.001,16756,16354,22,-12,41,16.450,16722,16339,730,690,0
130872,-0.057,0.219,0.004,-0.002,-0.096,0.001,0.534,0.438,-0.603,0.400,0.149,-0.001,16787,16413,22,-11,41,16.450,16722,16339,730,690,0
130972,-0.065,0.238,-0.006,0.018,-0.088,0.018,0.531,0.440,-0.605,0.399,0.145,-0.001,16765,16535,22,-11,41,16.450,16722,16339,730,690,0
131072,-0.071,0.251,-0.049,0.021,-0.044,0.002,0.528,0.441,-0.607,0.398,0.165,-0.001,16823,16563,22,-11,41,16.430,16891,16611,696,686,0
131172,-0.074,0.254,-0.039,-0.017,0.017,0.033,0.527,0.441,-0.607,0.398,0.161,-0.001,16781,16703,24,-12,41,16.430,16891,16611,696,686,0
131272,-0.084,0.246,-0.020,0.021,0.067,0.017,0.528,0.439,-0.607,0.400,0.149,-0.001,16828,16744,24,-14,41,16.430,16891,16666,710,729,0
131372,-0.089,0.231,-0.050,0.011,0.088,-0.011,0.530,0.438,-0.605,0.402,0.145,-0.001,16915,16745,25,-13,41,16.430,16891,16666,710,729,0
131472,-0.084,0.213,-0.099,-0.030,0.103,-0.028,0.532,0.437,-0.602,0.404,0.149,-0.001,17000,16747,26,-13,41,16.430,16891,16666,710,729,0
131572,-0.083,0.195,-0.107,0.020,0.076,0.044,0.535,0.435,-0.599,0.406,0.149,-0.001,16868,16968,24,-14,41,16.420,16949,16722,743,731,0
131672,-0.112,0.185,-0.073,0.017,0.023,0.016,0.534,0.433,-0.599,0.410,0.153,-0.002,16893,17037,23,-12,41,16.420,16949,16722,743,731,0
131772,-0.107,0.186,-0.055,-0.016,-0.041,-0.003,0.535,0.434,-0.599,0.409,0.153,-0.001,16985,17036,22,-10,41,16.420,16949,16722,743,731,0
131872,-0.106,0.202,-0.073,0.003,-0.117,0.012,0.532,0.435,-0.601,0.407,0.149,-0.002,16982,17125,20,-9,41,16.430,17064,17006,714,732,0
131972,-0.096,0.225,-0.048,0.006,-0.111,-0.079,0.529,0.439,-0.603,0.405,0.149,-0.002,17251,16941,20,-9,41,16.430,17064,17006,714,732,0
132072,-0.070,0.243,-0.060,0.006,-0.072,-0.039,0.528,0.442,-0.604,0.401,0.145,-0.001,17260,17019,20,-10,41,16.410,17241,16891,753,749,0
132172,-0.064,0.252,-0.058,0.013,-0.003,0.048,0.527,0.444,-0.605,0.400,0.145,-0.001,17110,17255,21,-11,41,16.410,17241,16891,753,749,0
132272,-0.084,0.249,-0.061,0.000,0.047,0.088,0.526,0.442,-0.606,0.401,0.153,-0.002,16998,17451,22,-11,41,16.410,17241,16891,753,749,0
132372,-0.117,0.235,-0.043,0.036,0.089,0.026,0.526,0.439,-0.605,0.406,0.149,-0.002,17088,17450,22,-13,41,16.400,17123,17421,700,757,0
132472,-0.119,0.217,-0.048,0.007,0.083,0.058,0.528,0.437,-0.603,0.408,0.145,-0.002,17036,17585,23,-12,41,16.400,17123,17421,700,757,0
132572,-0.147,0.213,-0.002,-0.028,-0.037,0.048,0.528,0.434,-0.604,0.410,0.145,-0.002,17014,17689,20,-8,41,16.420,16891,17605,757,778,0
132672,-0.165,0.224,0.049,-0.034,-0.087,0.063,0.526,0.433,-0.607,0.409,0.145,-0.003,16953,17831,19,-7,41,16.420,16891,17605,757,778,0
132772,-0.182,0.244,0.031,-0.044,-0.130,0.022,0.523,0.432,-0.611,0.407,0.149,-0.004,17029,17844,18,-6,41,16.420,16891,17605,757,778,0
132872,-0.181,0.269,-0.025,0.008,-0.092,-0.003,0.519,0.435,-0.615,0.404,0.149,-0.004,17114,17847,18,-8,42,16.410,16891,17857,775,765,0
132972,-0.191,0.282,-0.048,0.006,-0.042,0.056,0.517,0.435,-0.617,0.403,0.153,-0.004,16972,18066,19,-8,42,16.410,16891,17857,775,765,0
133072,-0.209,0.288,-0.026,0.069,-0.028,0.006,0.514,0.435,-0.618,0.404,0.149,-0.005,17061,18064,17,-9,42,16.390,16949,18115,753,773,0
133172,-0.200,0.286,-0.022,0.000,0.040,-0.082,0.514,0.437,-0.617,0.405,0.149,-0.004,17310,17909,21,-8,42,16.390,16949,18115,753,773,0
133272,-0.153,0.275,-0.008,-0.066,0.086,-0.136,0.519,0.439,-0.613,0.403,0.000,-0.003,17554,17710,22,-8,42,16.390,16949,18115,753,773,0
133372,-0.106,0.255,-0.044,-0.021,0.138,-0.018,0.526,0.439,-0.609,0.400,0.153,-0.002,17416,17895,22,-11,42,16.410,17605,17667,756,769,0
133472,-0.120,0.227,-0.066,0.003,0.127,0.044,0.529,0.435,-0.606,0.404,0.161,-0.002,17269,18124,21,-10,42,16.410,17605,17667,756,769,0
133572,-0.122,0.211,-0.085,-0.038,0.033,-0.037,0.532,0.433,-0.605,0.406,0.125,-0.002,17473,17998,20,-7,42,16.410,17605,17921,770,795,0
133672,-0.106,0.209,-0.093,-0.010,0.002,-0.022,0.534,0.432,-0.604,0.404,0.133,-0.002,17503,18041,19,-8,42,16.400,17421,17921,770,795,0
133772,-0.094,0.208,-0.081,0.006,0.012,-0.060,0.534,0.433,-0.604,0.403,0.141,-0.001,17649,17974,19,-9,42,16.400,17421,17921,770,795,0
133872,-0.075,0.208,-0.089,-0.022,-0.014,0.000,0.536,0.434,-0.603,0.401,0.137,-0.001,17591,18108,19,-7,42,16.390,17667,17921,768,798,0
133972,-0.089,0.215,-0.094,-0.007,-0.062,0.037,0.534,0.434,-0.605,0.401,0.133,-0.001,17501,18269,17,-6,42,16.390,17667,17921,768,798,0
134072,-0.098,0.226,-0.069,0.021,-0.034,-0.010,0.532,0.434,-0.606,0.401,0.137,-0.002,17612,18238,18,-7,42,16.390,17667,17921,768,798,0
134172,-0.094,0.229,-0.059,0.024,0.001,0.017,0.531,0.435,-0.606,0.401,0.137,-0.001,17590,18333,18,-8,42,16.370,17605,18315,776,762,0
134272,-0.097,0.224,-0.058,-0.004,0.054,-0.012,0.531,0.435,-0.605,0.402,0.125,-0.002,17673,18325,20,-8,42,16.370,17605,18315,776,762,0
134372,-0.102,0.211,-0.035,-0.001,0.066,0.012,0.533,0.433,-0.604,0.404,0.137,-0.002,17632,18437,20,-8,42,16.390,17605,18518,772,774,0
134472,-0.103,0.197,-0.040,-0.007,0.058,0.017,0.535,0.432,-0.602,0.406,0.133,-0.001,17645,18498,20,-8,42,16.390,17605,18518,772,774,0
134572,-0.114,0.186,-0.050,0.012,0.050,0.014,0.536,0.430,-0.601,0.407,0.133,-0.002,17648,18567,19,-8,42,16.390,17605,18518,772,774,0
134672,-0.105,0.181,-0.027,-0.014,0.001,-0.028,0.538,0.430,-0.600,0.407,0.133,-0.001,17792,18502,18,-6,42,16.370,17730,18450,788,804,0
134772,-0.094,0.181,-0.020,-0.038,-0.002,-0.027,0.538,0.431,-0.600,0.406,0.141,-0.001,17844,18526,19,-6,42,16.370,17730,18450,788,804,0
134872,-0.093,0.182,-0.003,-0.042,-0.014,0.031,0.539,0.430,-0.600,0.405,0.133,-0.001,17744,18694,19,-6,42,16.370,17730,18450,788,804,0
134972,-0.104,0.189,-0.018,-0.047,-0.041,0.013,0.538,0.429,-0.603,0.404,0.137,-0.001,17781,18728,18,-5,42,16.400,17793,18726,762,806,0
135072,-0.111,0.191,-0.039,-0.010,0.021,-0.008,0.538,0.428,-0.604,0.404,0.141,-0.002,17838,18747,19,-7,42,16.400,17793,18726,762,806,0
135172,-0.102,0.182,-0.077,-0.001,0.070,-0.053,0.540,0.427,-0.602,0.404,0.137,-0.001,17988,18677,20,-8,42,16.380,17857,18726,805,801,0
135272,-0.076,0.166,-0.064,0.016,0.083,-0.056,0.543,0.428,-0.599,0.404,0.137,-0.001,18087,18655,19,-9,42,16.380,17857,18726,805,801,0
135372,-0.073,0.151,-0.051,0.052,0.058,0.044,0.545,0.428,-0.596,0.407,0.137,-0.001,17903,18903,18,-9,42,16.380,17857,18726,805,801,0
135472,-0.088,0.144,-0.046,0.043,0.001,0.044,0.545,0.427,-0.595,0.409,0.141,-0.001,17894,18986,17,-7,42,16.360,18050,18939,749,817,0
135572,-0.091,0.146,-0.025,0.038,-0.031,-0.004,0.544,0.427,-0.595,0.410,0.133,-0.001,18024,18935,16,-7,42,16.360,18050,18939,749,817,0
135672,-0.084,0.157,-0.027,-0.010,-0.077,-0.064,0.542,0.430,-0.595,0.409,0.137,-0.001,18201,18837,17,-4,42,16.360,18050,18939,749,817,0
135772,-0.072,0.170,-0.023,0.000,-0.038,0.009,0.540,0.432,-0.596,0.407,0.137,-0.001,18099,19008,17,-6,42,16.360,18115,18867,817,814,0
135872,-0.083,0.170,-0.038,-0.002,0.040,-0.007,0.540,0.432,-0.597,0.408,0.137,-0.001,18136,19044,19,-7,42,16.360,18115,18867,817,814,0
135972,-0.079,0.157,-0.035,-0.003,0.117,0.008,0.542,0.431,-0.595,0.409,0.137,-0.001,18143,19110,20,-9,42,16.360,18181,19011,779,851,0
136072,-0.077,0.134,-0.017,-0.012,0.109,-0.009,0.545,0.428,-0.592,0.411,0.137,-0.001,18212,19117,20,-8,42,16.360,18181,19011,779,851,0
136172,-0.079,0.118,-0.034,0.008,0.052,0.021,0.548,0.427,-0.589,0.413,0.133,-0.001,18170,19227,18,-7,42,16.360,18181,19011,779,851,0
136272,-0.081,0.114,-0.033,-0.003,0.000,-0.013,0.548,0.426,-0.589,0.414,0.133,-0.001,18269,19202,18,-6,43,16.350,18115,19230,813,841,0
136372,-0.079,0.115,-0.018,0.000,-0.029,0.006,0.548,0.426,-0.589,0.414,0.137,-0.001,18259,19283,17,-6,43,16.350,18115,19230,813,841,0
136472,-0.072,0.130,-0.056,-0.036,-0.140,-0.010,0.547,0.428,-0.591,0.411,0.133,-0.001,18340,19276,15,-2,43,16.350,18115,19230,813,841,0
136572,-0.071,0.161,-0.073,-0.016,-0.168,0.033,0.543,0.430,-0.596,0.406,0.133,-0.001,18276,19405,14,-3,43,16.350,18382,19305,792,844,0
136672,-0.074,0.187,-0.064,0.011,-0.064,-0.008,0.539,0.432,-0.600,0.403,0.133,-0.001,18385,19370,16,-5,43,16.350,18382,19305,792,844,0
136772,-0.073,0.193,-0.095,0.014,-0.001,0.003,0.538,0.433,-0.601,0.403,0.133,-0.001,18391,19433,16,-6,42,16.330,18450,19305,793,878,0
136872,-0.085,0.190,-0.057,0.004,0.048,0.022,0.538,0.432,-0.601,0.404,0.133,-0.001,18349,19541,17,-6,42,16.330,18450,19305,793,878,0
136972,-0.089,0.176,-0.078,0.013,0.100,-0.037,0.539,0.431,-0.599,0.407,0.149,-0.001,18499,19474,18,-7,42,16.330,18450,19305,793,878,0
137072,-0.067,0.157,-0.035,0.026,0.067,-0.070,0.543,0.431,-0.594,0.408,0.145,-0.001,18654,19401,17,-6,43,16.340,18450,19455,842,853,0
137172,-0.050,0.151,-0.059,-0.001,0.000,-0.019,0.544,0.433,-0.592,0.408,0.078,-0.000,18600,19491,16,-4,43,16.340,18450,19455,842,853,0
137272,-0.049,0.152,-0.096,0.002,0.006,0.000,0.544,0.433,-0.592,0.408,0.039,-0.001,18574,19549,16,-5,43,16.340,18450,19455,842,853,0
137372,-0.049,0.147,-0.072,0.019,0.057,-0.040,0.544,0.433,-0.591,0.409,0.031,-0.000,18664,19480,17,-6,43,16.330,18518,19723,829,813,0
137472,-0.028,0.136,-0.056,-0.010,0.041,-0.034,0.547,0.434,-0.588,0.409,0.035,-0.000,18707,19456,17,-5,43,16.330,18518,19723,829,813,0
137572,-0.017,0.129,-0.025,0.006,0.008,-0.027,0.548,0.433,-0.587,0.409,0.051,-0.000,18726,19461,16,-5,43,16.340,18796,19455,795,860,0
137672,-0.005,0.128,-0.020,0.004,0.031,-0.042,0.549,0.434,-0.586,0.408,0.086,-0.000,18806,19421,17,-6,43,16.340,18796,19455,795,860,0
137772,0.011,0.118,-0.039,0.003,0.076,-0.023,0.551,0.435,-0.584,0.408,0.082,0.000,18828,19443,18,-7,43,16.340,18796,19455,795,860,0
137872,0.008,0.099,-0.049,0.009,0.118,0.011,0.554,0.433,-0.581,0.411,0.086,0.000,18771,19541,19,-8,43,16.330,18796,19379,813,894,0
137972,0.008,0.078,-0.071,0.012,0.099,0.000,0.557,0.431,-0.578,0.413,0.082,0.000,18816,19540,18,-7,43,16.330,18796,19379,813,894,0
138072,-0.000,0.066,-0.053,-0.006,0.031,0.010,0.558,0.429,-0.576,0.415,0.086,-0.000,18798,19600,17,-6,43,16.330,18796,19379,813,894,0
138172,-0.005,0.063,-0.064,0.016,0.000,0.020,0.558,0.429,-0.576,0.416,0.078,0.000,18788,19652,16,-6,43,16.310,18867,19607,806,867,0
138272,0.008,0.066,-0.062,0.039,-0.042,-0.073,0.558,0.431,-0.576,0.415,0.082,0.000,19037,19452,15,-5,43,16.310,18867,19607,806,867,0
138372,0.038,0.078,-0.054,0.027,-0.056,-0.047,0.557,0.435,-0.575,0.413,0.078,0.000,19076,19454,15,-5,43,16.310,19157,19379,825,866,0
138472,0.050,0.087,-0.049,-0.016,-0.037,-0.028,0.556,0.437,-0.575,0.411,0.082,0.000,19090,19483,17,-4,43,16.310,19157,19379,825,866,0
138572,0.044,0.088,-0.050,0.007,0.017,0.043,0.555,0.437,-0.576,0.412,0.082,0.000,18954,19657,17,-6,43,16.310,19157,19379,825,866,0
138672,0.029,0.086,-0.013,0.022,-0.011,0.020,0.555,0.436,-0.576,0.413,0.078,0.000,18991,19663,15,-5,43,16.330,19011,19569,815,896,0
138772,0.035,0.097,-0.000,0.009,-0.072,-0.033,0.553,0.438,-0.577,0.412,0.078,0.000,19143,19556,14,-3,43,16.330,19011,19569,815,896,0
138872,0.033,0.106,0.018,0.003,-0.031,0.043,0.551,0.439,-0.578,0.412,0.078,0.000,19001,19734,15,-4,43,16.330,19011,19569,815,896,0
138972,0.013,0.116,-0.048,-0.014,-0.062,0.057,0.549,0.438,-0.581,0.412,0.078,0.000,18948,19824,14,-3,43,16.320,19011,19723,833,870,0
139072,-0.007,0.133,-0.087,-0.042,-0.094,0.026,0.546,0.437,-0.585,0.410,0.082,-0.000,18988,19828,14,-1,43,16.320,19011,19723,833,870,0
139172,-0.012,0.148,-0.071,-0.018,-0.053,-0.014,0.544,0.438,-0.587,0.409,0.082,-0.000,19080,19781,14,-3,44,16.320,18867,19723,869,901,0
139272,-0.004,0.153,-0.094,0.028,0.000,-0.022,0.543,0.440,-0.587,0.408,0.082,0.000,19135,19769,14,-4,44,16.320,18867,19723,869,901,0
139372,0.011,0.145,-0.060,0.012,0.083,-0.033,0.545,0.441,-0.585,0.408,0.082,0.000,19216,19732,17,-6,44,16.320,18867,19723,869,901,0
139472,0.016,0.119,-0.104,0.010,0.152,0.008,0.549,0.439,-0.581,0.411,0.078,0.000,19164,19823,18,-7,44,16.300,19157,19801,855,860,0
139572,0.004,0.090,-0.106,0.046,0.142,0.026,0.552,0.435,-0.577,0.416,0.078,0.000,19121,19905,17,-8,44,16.300,19157,19801,855,860,0
139672,0.009,0.070,-0.109,0.021,0.051,-0.047,0.554,0.435,-0.573,0.419,0.082,0.000,19305,19768,16,-5,43,16.320,19305,20040,850,802,0
139772,0.014,0.070,-0.068,0.004,-0.041,0.022,0.554,0.436,-0.572,0.419,0.078,-0.000,19196,19913,14,-3,43,16.320,19305,20040,850,802,0
139872,0.005,0.079,-0.044,-0.004,-0.038,0.007,0.552,0.437,-0.574,0.419,0.078,0.000,19227,19923,15,-3,43,16.320,19305,20040,850,802,0
139972,0.004,0.091,-0.050,0.003,-0.096,0.011,0.550,0.438,-0.575,0.418,0.078,0.000,19238,19953,13,-2,43,16.310,19230,19880,858,890,0
140072,-0.004,0.114,-0.055,-0.009,-0.122,0.006,0.546,0.440,-0.579,0.416,0.078,0.000,19249,19981,13,-1,43,16.310,19230,19880,858,890,0
140172,0.006,0.139,-0.058,-0.007,-0.106,-0.049,0.543,0.443,-0.582,0.412,0.078,0.000,19405,19869,13,-1,43,16.310,19230,19880,858,890,0
140272,0.012,0.151,-0.048,0.023,-0.020,0.001,0.542,0.445,-0.583,0.411,0.078,0.000,19340,19973,14,-4,44,16.290,19379,19960,872,853,0
140372,0.011,0.143,-0.066,0.006,0.131,0.002,0.542,0.445,-0.581,0.412,0.075,0.000,19357,19996,17,-6,44,16.290,19379,19960,872,853,0
140472,0.003,0.108,0.008,0.010,0.242,0.010,0.547,0.441,-0.577,0.417,0.075,0.000,19343,20047,19,-9,44,16.280,19305,19841,873,926,0
140572,0.001,0.049,0.007,-0.012,0.303,0.000,0.555,0.435,-0.569,0.424,0.075,0.000,19379,20051,21,-9,44,16.280,19305,19841,873,926,0
140672,-0.012,-0.002,-0.011,0.018,0.190,0.038,0.561,0.428,-0.562,0.431,0.075,0.000,19289,20173,18,-8,44,16.280,19305,19841,873,926,0
140772,-0.010,-0.003,0.014,0.033,-0.110,-0.011,0.561,0.429,-0.562,0.431,0.067,-0.000,19410,20092,11,-2,44,16.290,19455,20202,847,858,0
140872,-0.001,0.022,0.033,0.016,-0.119,-0.029,0.558,0.433,-0.564,0.428,0.067,0.000,19486,20054,13,-3,44,16.290,19455,20202,847,858,0
140972,-0.000,0.036,0.021,-0.033,-0.036,0.019,0.556,0.434,-0.566,0.426,0.067,0.000,19406,20164,17,-4,44,16.290,19455,20202,847,858,0
141072,-0.021,0.042,0.013,-0.032,-0.023,0.032,0.555,0.432,-0.569,0.426,0.059,-0.000,19345,20252,16,-4,44,16.300,19455,20283,838,870,0
141172,-0.015,0.051,0.013,0.031,-0.088,-0.026,0.554,0.434,-0.570,0.425,0.059,-0.000,19492,20142,12,-3,44,16.300,19455,20283,838,870,0
141272,0.014,0.069,-0.002,0.021,-0.093,-0.097,0.552,0.438,-0.570,0.421,0.063,0.000,19718,19951,13,-3,44,16.290,19723,19880,866,903,0
141372,0.050,0.083,-0.037,0.001,-0.049,-0.106,0.552,0.443,-0.570,0.418,0.063,0.000,19837,19865,14,-3,44,16.290,19723,19880,866,903,0
141472,0.086,0.082,-0.039,0.032,0.033,-0.090,0.554,0.446,-0.567,0.416,0.059,0.000,19910,19822,15,-6,44,16.290,19723,19880,866,903,0
141572,0.106,0.067,0.004,0.013,0.114,-0.051,0.556,0.447,-0.563,0.417,0.063,0.000,19904,19859,17,-7,44,16.280,19646,19880,930,880,0
141672,0.126,0.037,0.021,0.014,0.183,-0.007,0.561,0.445,-0.558,0.419,0.059,-0.000,19887,19907,19,-8,44,16.280,19646,19880,930,880,0
141772,0.118,0.004,0.024,-0.029,0.149,0.001,0.565,0.441,-0.554,0.423,0.067,-0.000,19881,19944,19,-7,44,16.280,19646,19880,930,880,0
141872,0.103,-0.012,-0.009,-0.013,0.026,0.018,0.567,0.438,-0.552,0.426,0.067,-0.000,19842,20016,16,-5,44,16.260,19723,19880,911,905,0
141972,0.098,0.002,0.005,0.004,-0.140,-0.004,0.565,0.439,-0.555,0.425,0.063,-0.000,19901,19989,12,-2,44,16.260,19723,19880,911,905,0
142072,0.092,0.039,0.034,0.013,-0.229,0.021,0.559,0.442,-0.560,0.421,0.067,-0.000,19861,20060,10,0,44,16.270,19723,19960,905,917,0
142172,0.091,0.087,0.002,-0.014,-0.236,0.009,0.553,0.447,-0.567,0.416,0.008,0.000,19906,20040,11,1,44,16.270,19723,19960,905,917,0
142272,0.075,0.128,-0.040,-0.027,-0.173,0.047,0.546,0.450,-0.574,0.412,0.047,0.000,19808,20151,12,1,44,16.270,19723,19960,905,917,0
142372,0.067,0.149,-0.060,-0.019,-0.063,0.007,0.543,0.451,-0.578,0.410,0.047,0.000,19890,20093,13,-2,45,16.290,19801,20202,888,870,0
142472,0.064,0.150,-0.070,0.008,0.040,0.020,0.543,0.451,-0.578,0.410,0.047,0.000,19875,20132,14,-4,45,16.290,19801,20202,888,870,0
142572,0.051,0.135,-0.029,-0.004,0.094,0.051,0.544,0.449,-0.577,0.412,0.047,0.000,19799,20230,15,-4,45,16.290,19801,20202,888,870,0
142672,0.033,0.116,0.019,-0.012,0.101,0.042,0.546,0.445,-0.575,0.415,0.047,0.000,19792,20260,15,-4,45,16.270,19880,20325,859,865,0
142772,0.021,0.099,0.028,-0.020,0.077,0.076,0.549,0.441,-0.574,0.417,0.067,0.000,19716,20365,15,-3,45,16.270,19880,20325,859,865,0
142872,-0.008,0.086,-0.050,-0.004,0.067,0.024,0.549,0.438,-0.574,0.420,0.067,0.000,19772,20345,15,-4,45,16.250,19801,20408,846,903,0
142972,-0.004,0.075,-0.059,0.050,0.042,0.004,0.551,0.438,-0.572,0.422,0.063,0.000,19837,20313,13,-5,45,16.250,19801,20408,846,903,0
143072,-0.006,0.070,-0.043,0.062,0.011,-0.021,0.550,0.438,-0.570,0.424,0.059,-0.000,19897,20284,13,-4,45,16.250,19801,20408,846,903,0
143172,0.001,0.067,-0.060,-0.009,0.001,0.016,0.551,0.439,-0.569,0.424,0.063,-0.000,19831,20382,14,-3,44,16.270,20040,20202,866,896,0
143272,-0.017,0.067,-0.088,0.040,0.003,0.051,0.549,0.438,-0.570,0.426,0.063,-0.000,19758,20479,13,-4,44,16.270,20040,20202,866,896,0
143372,-0.027,0.064,-0.125,-0.003,0.006,0.028,0.549,0.437,-0.570,0.427,0.075,-0.000,19797,20475,14,-3,44,16.270,20040,20202,866,896,0
143472,-0.036,0.068,-0.183,-0.028,-0.039,-0.013,0.549,0.436,-0.572,0.427,0.078,-0.000,19874,20437,13,-1,45,16.250,19685,20449,904,913,0
143572,-0.008,0.077,-0.125,0.006,-0.050,-0.122,0.549,0.439,-0.571,0.424,0.086,0.000,20175,20184,12,-2,45,16.250,19685,20449,904,913,0
143672,0.030,0.084,-0.089,-0.014,-0.036,-0.108,0.550,0.443,-0.570,0.420,0.141,0.000,20265,20158,13,-1,45,16.250,20283,20120,880,913,0
143772,0.050,0.092,-0.052,-0.041,-0.040,0.004,0.550,0.444,-0.571,0.417,0.114,0.000,20124,20362,13,-1,45,16.250,20283,20120,880,913,0
143872,0.023,0.103,0.016,-0.010,-0.069,0.098,0.548,0.443,-0.574,0.417,0.067,0.000,19902,20624,11,-1,45,16.250,20283,20120,880,913,0
143972,-0.009,0.117,0.013,-0.004,-0.074,0.047,0.544,0.442,-0.578,0.418,0.004,-0.000,19938,20600,11,0,45,16.250,19920,20576,880,932,0
144072,0.013,0.130,0.002,-0.002,-0.033,-0.090,0.544,0.444,-0.579,0.414,0.055,0.000,20268,20292,12,-1,45,16.250,19920,20576,880,932,0
144172,0.014,0.129,-0.012,-0.013,0.031,0.023,0.544,0.444,-0.578,0.415,0.055,0.000,20061,20524,14,-2,45,16.250,19920,20576,880,932,0
144272,0.003,0.118,0.018,0.001,0.074,0.060,0.545,0.443,-0.578,0.417,0.055,-0.000,19975,20636,13,-4,45,16.230,20325,20408,834,933,0
144372,-0.003,0.101,-0.043,0.024,0.100,-0.026,0.547,0.441,-0.575,0.420,0.055,-0.000,20148,20491,14,-4,45,16.230,20325,20408,834,933,0
144472,0.006,0.082,0.021,0.019,0.090,0.007,0.549,0.440,-0.571,0.422,0.075,0.000,20121,20552,14,-4,45,16.240,20120,20408,915,925,0
144572,-0.012,0.063,-0.016,-0.007,0.104,0.052,0.551,0.437,-0.570,0.425,0.075,-0.000,20008,20698,15,-4,45,16.240,20120,20408,915,925,0
144672,-0.037,0.046,-0.030,0.000,0.070,0.044,0.552,0.434,-0.568,0.429,0.078,-0.000,20006,20742,14,-3,45,16.240,20120,20408,915,925,0
144772,-0.042,0.037,-0.055,-0.003,0.031,0.012,0.553,0.433,-0.568,0.430,0.078,-0.000,20055,20729,14,-3,45,16.230,20080,20746,893,901,0
144872,-0.051,0.035,-0.069,-0.013,0.004,0.040,0.553,0.431,-0.568,0.431,0.082,-0.000,19994,20827,14,-2,45,16.230,20080,20746,893,901,0
144972,-0.060,0.039,-0.036,0.003,-0.044,-0.013,0.551,0.431,-0.569,0.431,0.086,-0.000,20096,20769,12,-1,45,16.230,20080,20746,893,901,0
145072,-0.028,0.052,-0.070,0.022,-0.078,-0.127,0.551,0.436,-0.568,0.428,0.090,-0.000,20408,20507,11,-1,45,16.240,20120,20661,911,926,0
145172,0.003,0.066,-0.071,0.029,-0.066,-0.048,0.550,0.440,-0.568,0.426,0.086,0.000,20342,20615,11,-1,45,16.240,20120,20661,911,926,0
145272,-0.011,0.083,-0.078,-0.013,-0.101,0.083,0.546,0.442,-0.571,0.425,0.090,-0.000,20074,20919,11,1,45,16.240,20120,20661,911,926,0
145372,-0.047,0.101,-0.050,0.021,-0.080,0.051,0.542,0.441,-0.575,0.426,0.086,-0.000,20076,20959,10,-1,46,16.220,20080,20876,897,931,0
145472,-0.033,0.117,-0.040,0.007,-0.074,-0.052,0.540,0.444,-0.576,0.423,0.094,-0.000,20330,20746,11,0,46,16.220,20080,20876,897,931,0
145572,-0.015,0.131,-0.014,0.004,-0.063,0.000,0.539,0.447,-0.577,0.420,0.106,-0.000,20290,20846,10,0,45,16.230,20618,20576,846,959,0
145672,-0.034,0.144,-0.048,-0.038,-0.072,0.018,0.536,0.447,-0.580,0.420,0.106,-0.000,20236,20948,11,2,45,16.230,20618,20576,846,959,0
145772,-0.050,0.157,-0.083,-0.007,-0.046,0.082,0.534,0.446,-0.583,0.419,0.110,-0.001,20097,21134,10,0,45,16.230,20618,20576,846,959,0
145872,-0.064,0.158,-0.075,0.002,0.021,-0.021,0.533,0.445,-0.584,0.420,0.173,-0.001,20302,21011,11,-1,46,16.230,20080,21276,903,904,0
145972,-0.036,0.145,-0.062,0.028,0.091,-0.090,0.536,0.447,-0.580,0.420,0.200,-0.000,20539,20871,12,-3,46,16.230,20080,21276,903,904,0
146072,-0.016,0.124,-0.019,0.006,0.117,-0.039,0.539,0.446,-0.576,0.422,0.196,-0.000,20529,20974,13,-2,46,16.230,20080,21276,903,904,0
146172,-0.007,0.109,-0.003,0.009,0.050,-0.006,0.542,0.446,-0.573,0.423,0.200,-0.000,20543,21066,11,-1,46,16.240,20533,20920,917,947,0
146272,0.002,0.110,-0.016,0.030,-0.059,-0.028,0.542,0.447,-0.572,0.423,0.200,-0.000,20645,21051,8,1,46,16.240,20533,20920,917,947,0
146372,0.015,0.131,0.029,-0.002,-0.122,-0.011,0.539,0.451,-0.574,0.420,0.200,0.000,20690,21102,8,3,46,16.220,20790,21008,914,950,0
146472,0.001,0.154,0.027,0.028,-0.104,0.041,0.535,0.453,-0.577,0.419,0.200,-0.000,20607,21277,8,2,46,16.220,20790,21008,914,950,0
146572,-0.006,0.166,-0.102,-0.029,-0.027,0.000,0.533,0.453,-0.580,0.418,0.200,0.000,20721,21273,11,1,46,16.220,20790,21008,914,950,0
146672,-0.018,0.157,-0.136,0.021,0.118,0.054,0.533,0.452,-0.579,0.420,0.204,-0.000,20638,21438,12,-3,46,16.210,20746,21413,907,938,0
146772,-0.042,0.120,-0.127,0.029,0.241,0.047,0.537,0.447,-0.575,0.427,0.204,-0.000,20646,21524,15,-5,46,16.210,20746,21413,907,938,0
146872,-0.051,0.073,-0.102,-0.008,0.231,0.052,0.543,0.441,-0.569,0.432,0.204,-0.000,20662,21604,15,-4,46,16.210,20746,21413,907,938,0
146972,-0.075,0.043,-0.049,-0.063,0.096,0.030,0.547,0.435,-0.567,0.437,0.208,-0.000,20706,21668,13,0,46,16.200,20703,21739,895,952,0
147072,-0.099,0.038,-0.121,-0.002,-0.040,0.091,0.547,0.432,-0.568,0.437,0.208,-0.000,20567,21885,9,0,46,16.200,20703,21739,895,952,0
147172,-0.093,0.058,-0.138,0.001,-0.111,-0.124,0.544,0.435,-0.570,0.435,0.208,-0.000,21034,21534,9,2,46,16.200,20703,21739,895,952,0
147272,-0.045,0.073,-0.108,0.031,-0.051,-0.132,0.544,0.441,-0.569,0.431,0.212,-0.000,21194,21474,10,0,46,16.200,20964,21598,953,948,0
147372,-0.019,0.075,-0.076,0.013,0.017,-0.003,0.545,0.443,-0.568,0.430,0.212,-0.000,21047,21723,11,-1,46,16.200,20964,21598,953,948,0
147472,-0.021,0.072,-0.031,-0.024,0.022,-0.003,0.545,0.443,-0.567,0.430,0.212,-0.000,21097,21762,12,0,46,16.180,21008,21786,965,956,0
147572,-0.025,0.068,-0.050,0.000,0.017,-0.003,0.545,0.442,-0.567,0.431,0.212,-0.000,21136,21821,11,-1,46,16.180,21008,21786,965,956,0
147672,-0.036,0.072,-0.106,0.011,-0.052,0.043,0.544,0.442,-0.568,0.432,0.220,-0.000,21074,21981,9,1,46,16.180,21008,21786,965,956,0
147772,-0.036,0.085,-0.073,0.000,-0.071,-0.053,0.542,0.444,-0.570,0.430,0.220,-0.000,21302,21859,9,2,46,16.160,21231,22075,942,943,0
147872,-0.031,0.098,-0.068,0.008,-0.072,-0.004,0.540,0.446,-0.571,0.429,0.216,-0.000,21270,21990,9,2,46,16.160,21231,22075,942,943,0
147972,-0.013,0.115,-0.074,-0.019,-0.094,-0.046,0.539,0.449,-0.572,0.425,0.216,-0.000,21434,21928,8,3,46,16.160,21231,22075,942,943,0
148072,0.001,0.132,-0.050,-0.012,-0.084,-0.031,0.537,0.451,-0.574,0.422,0.216,0.000,21486,21976,8,3,46,16.180,21413,22123,966,938,0
148172,-0.008,0.149,-0.039,-0.019,-0.080,0.081,0.535,0.452,-0.577,0.420,0.216,-0.000,21307,22246,8,3,46,16.180,21413,22123,966,938,0
148272,-0.037,0.162,0.035,0.019,-0.070,0.061,0.531,0.451,-0.581,0.421,0.216,-0.001,21333,22319,7,2,46,16.180,21413,22123,966,938,0
148372,-0.040,0.175,-0.105,0.000,-0.039,0.007,0.529,0.452,-0.582,0.420,0.216,-0.000,21474,22280,8,3,47,16.140,21367,22421,957,966,0
148472,-0.050,0.175,-0.132,0.024,0.037,0.062,0.529,0.452,-0.583,0.420,0.216,-0.001,21396,22452,8,1,47,16.140,21367,22421,957,966,0
148572,-0.069,0.172,-0.132,-0.009,0.024,-0.006,0.528,0.451,-0.583,0.422,0.216,-0.001,21528,22422,9,2,47,16.170,21598,22271,933,1045,0
148672,-0.065,0.161,-0.149,-0.020,0.068,-0.037,0.530,0.450,-0.581,0.423,0.216,-0.001,21637,22413,10,2,47,16.170,21598,22271,933,1045,0
148772,-0.049,0.146,-0.136,-0.012,0.081,-0.062,0.533,0.449,-0.578,0.424,0.224,-0.001,21762,22390,10,1,47,16.170,21598,22271,933,1045,0
148872,-0.038,0.126,-0.184,-0.010,0.117,0.002,0.536,0.448,-0.575,0.426,0.216,-0.000,21734,22525,12,0,47,16.150,21881,22471,940,1006,0
148972,-0.040,0.098,-0.141,0.054,0.149,-0.003,0.540,0.445,-0.572,0.429,0.216,-0.000,21768,22578,10,-3,47,16.150,21881,22471,940,1006,0
149072,-0.004,0.067,-0.153,0.072,0.157,-0.083,0.545,0.445,-0.564,0.431,0.216,0.000,22036,22413,11,-3,47,16.150,21881,22471,940,1006,0
149172,0.020,0.041,-0.032,0.034,0.106,-0.049,0.549,0.446,-0.558,0.434,0.212,0.000,22073,22472,11,-1,47,16.150,22075,22779,978,924,0
149272,0.013,0.031,-0.061,-0.011,0.022,0.053,0.549,0.445,-0.557,0.436,0.208,0.000,21943,22702,10,1,47,16.150,22075,22779,978,924,0
149372,-0.000,0.036,-0.068,-0.023,-0.050,0.031,0.548,0.444,-0.558,0.436,0.204,-0.000,21983,22745,9,2,47,16.150,22075,22779,978,924,0
149472,-0.000,0.052,-0.090,0.009,-0.113,-0.058,0.546,0.446,-0.560,0.435,0.200,-0.000,22189,22632,7,3,47,16.130,21978,22779,994,1006,0
149572,0.013,0.074,-0.111,0.004,-0.126,-0.008,0.543,0.450,-0.562,0.432,0.235,0.000,22177,22740,7,4,47,16.130,21978,22779,994,1006,0
149672,0.016,0.097,-0.070,-0.051,-0.104,0.023,0.541,0.452,-0.566,0.428,0.212,0.000,22181,22841,8,5,47,16.140,22271,22779,988,1018,0
149772,-0.018,0.108,-0.117,-0.039,-0.029,0.123,0.539,0.449,-0.570,0.428,0.192,-0.000,21977,23124,9,3,47,16.140,22271,22779,988,1018,0
149872,-0.050,0.105,-0.078,-0.009,0.033,0.086,0.538,0.445,-0.573,0.429,0.192,-0.000,22022,23164,9,1,47,16.140,22271,22779,988,1018,0
149972,-0.068,0.096,-0.159,0.016,0.044,-0.047,0.538,0.444,-0.572,0.432,0.192,-0.001,22271,23009,9,1,47,16.110,22026,23094,995,1062,0
150072,-0.034,0.085,-0.127,0.011,0.053,-0.081,0.541,0.446,-0.568,0.432,0.196,-0.000,22440,22929,10,1,47,16.110,22026,23094,995,1062,0
150172,-0.022,0.083,-0.214,0.002,-0.014,0.019,0.542,0.446,-0.567,0.431,0.196,-0.000,22327,23123,8,3,47,16.110,22026,23094,995,1062,0
150272,-0.029,0.088,-0.333,-0.017,-0.038,0.031,0.541,0.446,-0.568,0.431,0.204,-0.000,22333,23203,8,3,47,16.110,22371,22988,1002,1069,0
150372,-0.035,0.101,-0.343,0.023,-0.092,-0.030,0.538,0.448,-0.570,0.430,0.208,-0.000,22505,23134,5,4,47,16.110,22371,22988,1002,1069,0
150472,-0.019,0.124,-0.312,0.040,-0.134,-0.048,0.535,0.452,-0.572,0.427,0.220,-0.000,22585,23140,4,5,48,16.130,22421,23201,1055,1028,0
150572,0.002,0.155,-0.281,0.000,-0.166,-0.031,0.532,0.457,-0.574,0.423,0.224,-0.000,22648,23174,4,7,48,16.130,22421,23201,1055,1028,0
150672,-0.004,0.178,-0.249,-0.011,-0.066,0.023,0.528,0.459,-0.578,0.420,0.224,-0.000,22588,23328,6,5,48,16.130,22421,23201,1055,1028,0
150772,-0.011,0.176,-0.286,0.010,0.053,0.027,0.528,0.458,-0.578,0.421,0.220,-0.000,22617,23404,8,2,47,16.120,22675,23310,1015,1054,0
150872,-0.020,0.157,-0.409,-0.007,0.140,0.034,0.531,0.455,-0.576,0.423,0.224,-0.000,22634,23473,10,1,47,16.120,22675,23310,1015,1054,0
150972,-0.019,0.124,-0.476,-0.001,0.201,-0.011,0.536,0.451,-0.572,0.427,0.286,-0.000,22769,23445,11,-1,47,16.120,22675,23310,1015,1054,0
151072,-0.021,0.081,-0.343,-0.027,0.222,-0.018,0.542,0.446,-0.567,0.431,0.294,-0.000,22842,23499,12,-1,48,16.110,22675,23364,1051,1088,0
151172,-0.021,0.044,-0.251,-0.007,0.156,0.027,0.547,0.442,-0.562,0.435,0.275,-0.000,22808,23660,10,0,48,16.110,22675,23364,1051,1088,0
151272,-0.031,0.020,-0.283,0.010,0.098,-0.021,0.550,0.438,-0.559,0.438,0.271,-0.000,22950,23627,10,0,48,16.110,22675,23364,1051,1088,0
151372,-0.016,0.004,-0.221,0.079,0.070,-0.053,0.552,0.439,-0.555,0.441,0.275,-0.000,23091,23604,8,-1,48,16.100,22727,23809,1095,1016,0
151472,0.011,-0.007,-0.235,0.010,0.042,-0.050,0.554,0.441,-0.551,0.441,0.282,0.000,23198,23617,10,1,48,16.100,22727,23809,1095,1016,0
151572,-0.003,-0.008,-0.250,-0.020,-0.018,0.074,0.554,0.440,-0.552,0.442,0.282,-0.000,23018,23910,9,3,48,16.080,22831,24154,1101,1003,0
151672,-0.047,-0.002,-0.389,-0.027,-0.042,0.139,0.551,0.437,-0.556,0.444,0.298,-0.000,22887,24156,9,3,48,16.080,22831,24154,1101,1003,0
151772,-0.067,0.014,-0.386,-0.014,-0.109,-0.014,0.548,0.436,-0.560,0.443,0.298,-0.000,23182,23997,7,4,48,16.080,22831,24154,1101,1003,0
151872,-0.050,0.038,-0.457,-0.032,-0.126,-0.043,0.547,0.439,-0.563,0.438,0.294,-0.000,23325,24002,7,5,48,16.080,23094,23980,1107,1077,0
151972,-0.043,0.060,-0.415,-0.010,-0.098,0.004,0.544,0.441,-0.566,0.434,0.298,-0.000,23320,24112,7,4,48,16.080,23094,23980,1107,1077,0
152072,-0.039,0.077,-0.340,0.001,-0.063,0.027,0.543,0.443,-0.568,0.432,0.298,-0.000,23352,24204,7,3,48,16.080,23094,23980,1107,1077,0
152172,-0.050,0.092,-0.320,0.000,-0.123,0.008,0.540,0.444,-0.571,0.431,0.298,-0.000,23429,24253,5,6,49,16.050,23255,24154,1075,1121,0
152272,-0.052,0.118,-0.449,-0.019,-0.120,-0.004,0.536,0.446,-0.575,0.428,0.302,-0.000,23508,24312,6,7,49,16.050,23255,24154,1075,1121,0
152372,-0.058,0.143,-0.497,-0.001,-0.148,0.019,0.532,0.448,-0.579,0.425,0.302,-0.001,23524,24407,3,7,49,16.050,23255,24154,1075,1121,0
152472,-0.070,0.173,-0.444,0.000,-0.149,0.058,0.527,0.451,-0.583,0.423,0.318,-0.001,23505,24553,3,8,48,16.060,23255,24154,1144,1160,0
152572,-0.085,0.202,-0.480,-0.026,-0.120,0.009,0.522,0.453,-0.588,0.420,0.294,-0.001,23628,24562,4,8,48,16.060,23255,24154,1144,1160,0
152672,-0.067,0.209,-0.455,0.021,0.029,-0.064,0.523,0.454,-0.588,0.418,0.302,-0.001,23830,24501,5,3,48,16.040,23809,24390,1087,1126,0
152772,-0.067,0.197,-0.492,0.041,0.066,0.008,0.523,0.454,-0.585,0.421,0.302,-0.001,23786,24654,5,4,48,16.040,23809,24390,1087,1126,0
152873,-0.053,0.183,-0.388,-0.012,0.080,0.000,0.526,0.454,-0.583,0.421,0.302,-0.001,23887,24678,7,4,48,16.040,23809,24390,1087,1126,0
152972,-0.039,0.167,-0.317,0.104,0.090,-0.103,0.529,0.454,-0.579,0.423,0.306,-0.000,24147,24549,4,1,49,16.010,24038,24752,1071,1098,0
153073,0.026,0.146,-0.367,0.007,0.092,-0.158,0.534,0.458,-0.572,0.422,0.314,0.000,24422,24404,7,4,49,16.010,24038,24752,1071,1098,0
153173,0.065,0.129,-0.571,0.000,0.077,-0.088,0.539,0.459,-0.567,0.421,0.306,0.000,24445,24507,7,4,49,16.010,24038,24752,1071,1098,0
153273,0.052,0.115,-0.641,0.010,0.079,0.117,0.539,0.458,-0.565,0.425,0.298,0.000,24154,24915,7,4,49,15.990,24330,24691,1139,1075,0
153373,0.005,0.098,-0.624,0.066,0.093,0.130,0.538,0.453,-0.565,0.431,0.298,0.000,24108,25080,6,1,49,15.990,24330,24691,1139,1075,0
153473,-0.037,0.071,-0.447,0.031,0.170,0.029,0.538,0.449,-0.562,0.439,0.310,-0.000,24260,25057,10,1,49,15.990,24330,24691,1139,1075,0
153572,-0.059,0.037,-0.456,0.076,0.179,0.054,0.541,0.446,-0.557,0.446,0.318,-0.000,24238,25204,9,-1,48,15.980,24213,25062,1118,1134,0
153673,-0.036,0.006,-0.291,0.033,0.130,-0.113,0.545,0.445,-0.551,0.449,0.318,-0.000,24614,24964,9,1,48,15.980,24213,25062,1118,1134,0
153773,-0.016,-0.004,-0.413,0.054,-0.046,-0.050,0.547,0.447,-0.547,0.450,0.329,-0.000,24613,25120,3,4,48,15.990,24509,25316,1137,1088,0
153873,0.008,0.034,-0.458,0.072,-0.277,-0.133,0.541,0.455,-0.549,0.446,0.325,0.000,24857,24983,-1,9,48,15.990,24509,25316,1137,1088,0
153973,0.033,0.079,-0.406,0.051,-0.177,-0.012,0.535,0.463,-0.552,0.441,0.325,0.000,24774,25195,3,6,48,15.990,24509,25316,1137,1088,0
154073,0.003,0.105,-0.471,-0.010,-0.098,0.100,0.529,0.465,-0.557,0.441,0.329,0.000,24606,25488,5,7,49,16.000,24449,25575,1182,1102,0
154173,-0.013,0.114,-0.462,-0.021,0.007,0.042,0.527,0.465,-0.559,0.441,0.333,-0.000,24737,25504,7,5,49,16.000,24449,25575,1182,1102,0
154273,-0.053,0.106,-0.615,0.003,0.060,0.106,0.526,0.461,-0.560,0.444,0.337,-0.000,24628,25727,7,3,49,16.000,24449,25575,1182,1102,0
154373,-0.082,0.104,-0.643,0.051,-0.034,0.072,0.523,0.460,-0.561,0.448,0.337,-0.001,24704,25785,3,5,49,15.960,24630,25641,1158,1175,0
154473,-0.086,0.117,-0.842,-0.023,-0.088,0.014,0.521,0.461,-0.563,0.446,0.341,-0.001,24858,25768,4,8,49,15.960,24630,25641,1158,1175,0
154573,-0.073,0.133,-0.963,-0.112,-0.084,-0.101,0.521,0.462,-0.565,0.442,0.337,-0.001,25147,25632,4,9,49,15.960,24630,25641,1158,1175,0
154673,-0.033,0.145,-1.034,-0.077,-0.002,-0.047,0.523,0.464,-0.567,0.436,0.337,-0.000,25179,25718,6,6,49,15.960,24691,25974,1266,1085,0
154773,-0.017,0.135,-0.872,-0.079,0.096,-0.090,0.527,0.462,-0.566,0.434,0.318,-0.000,25336,25688,8,5,49,15.960,24691,25974,1266,1085,0
154872,-0.018,0.106,-0.998,-0.017,0.182,0.002,0.532,0.458,-0.563,0.437,0.310,-0.000,25250,25895,9,2,49,15.900,25380,25773,1112,1222,0
154973,-0.021,0.087,-1.399,-0.018,-0.020,0.041,0.535,0.455,-0.561,0.438,0.310,-0.000,25244,26021,3,7,49,15.900,25380,25773,1112,1222,0
155073,-0.067,0.109,-1.642,0.006,-0.147,0.071,0.528,0.455,-0.566,0.440,0.318,-0.001,25185,26198,2,9,49,15.900,25380,25773,1112,1222,0
155173,-0.035,0.132,-1.637,-0.020,-0.074,-0.170,0.526,0.461,-0.566,0.436,0.310,-0.000,25678,25836,5,8,49,15.930,25062,26178,1279,1136,0
155273,-0.006,0.131,-1.445,0.070,0.048,-0.102,0.528,0.463,-0.565,0.434,0.310,0.000,25683,25951,4,2,49,15.930,25062,26178,1279,1136,0
155373,0.003,0.093,-1.730,0.074,0.318,-0.020,0.531,0.463,-0.556,0.441,0.310,0.000,25634,26119,12,-2,49,15.930,25062,26178,1279,1136,0
155473,-0.002,0.037,-1.430,0.241,0.197,0.040,0.535,0.461,-0.545,0.453,0.314,0.000,25592,26279,3,-3,50,15.900,25773,25575,1159,1326,0
155573,0.014,0.018,-1.230,0.086,0.022,-0.077,0.533,0.466,-0.536,0.460,0.318,0.000,25863,26133,6,6,50,15.900,25773,25575,1159,1326,0
155673,0.042,0.024,-1.482,0.381,-0.048,0.096,0.527,0.476,-0.529,0.465,0.314,0.000,25669,26455,-1,-1,50,15.900,25773,25575,1159,1326,0
155773,0.002,0.035,-1.547,0.073,-0.117,0.060,0.520,0.479,-0.529,0.470,0.314,-0.000,25757,26477,3,8,50,15.880,25906,25974,1130,1324,0
155873,0.055,0.092,-1.642,0.021,-0.421,-0.333,0.512,0.493,-0.529,0.464,0.345,0.000,26512,25845,-3,17,50,15.880,25906,25974,1130,1324,0
155973,0.132,0.185,-1.441,0.144,-0.437,0.076,0.503,0.509,-0.536,0.448,0.392,0.001,26105,26401,-9,10,50,15.910,26809,25773,1113,1279,0
156073,0.044,0.233,-1.499,-0.070,-0.180,0.093,0.490,0.510,-0.546,0.448,0.239,0.001,25970,26656,0,11,50,15.910,26809,25773,1113,1279,0
156173,-0.006,0.274,-1.538,-0.266,-0.213,0.039,0.484,0.509,-0.557,0.444,0.090,-0.000,26017,26661,3,19,50,15.910,26809,25773,1113,1279,0
156273,-0.022,0.309,-1.257,-0.067,-0.118,0.060,0.481,0.508,-0.565,0.438,0.094,-0.001,25973,26739,-1,11,50,15.840,25706,27173,1240,1144,0
156373,-0.036,0.319,-1.064,0.024,-0.014,0.096,0.477,0.510,-0.565,0.439,0.133,-0.001,25917,26838,0,10,50,15.840,25706,27173,1240,1144,0
156473,-0.033,0.316,-0.954,-0.169,0.012,0.053,0.479,0.508,-0.566,0.437,0.255,-0.001,25989,26854,6,16,50,15.840,25706,27173,1240,1144,0
156573,-0.068,0.321,-0.916,-0.429,-0.067,0.160,0.484,0.497,-0.577,0.431,0.224,-0.001,25837,27081,6,22,50,15.870,26246,26737,1118,1293,0
156673,-0.078,0.353,-0.882,-0.382,-0.199,-0.050,0.487,0.488,-0.591,0.419,0.227,-0.002,26183,26832,0,22,50,15.870,26246,26737,1118,1293,0
156773,-0.068,0.386,-0.964,-0.419,-0.098,0.133,0.490,0.482,-0.603,0.405,0.231,-0.002,25960,27132,4,21,50,15.870,26246,26737,1118,1293,0
156872,-0.088,0.360,-1.066,-0.244,0.343,0.178,0.499,0.467,-0.609,0.401,0.251,-0.002,25908,27271,9,6,50,15.840,26315,27173,1136,1223,0
156973,-0.139,0.285,-1.300,-0.232,0.398,0.014,0.512,0.451,-0.607,0.409,0.251,-0.003,26130,27152,11,9,50,15.840,26315,27173,1136,1223,0
157073,-0.083,0.207,-1.087,-0.111,0.439,-0.308,0.529,0.442,-0.597,0.410,0.255,-0.001,26753,26634,9,4,50,15.840,26315,27173,1136,1223,0
157173,0.029,0.114,-1.046,0.071,0.482,-0.244,0.550,0.439,-0.579,0.411,0.247,0.000,26891,26620,4,-5,51,15.820,26954,26385,1177,1307,0
157273,0.035,0.053,-0.975,0.206,0.150,0.071,0.555,0.439,-0.566,0.423,0.235,0.000,26477,27089,-1,4,51,15.820,26954,26385,1177,1307,0
157373,0.045,0.045,-0.912,-0.003,-0.047,-0.046,0.554,0.442,-0.562,0.426,0.173,0.000,26709,26933,2,12,51,15.810,26246,26954,1360,1232,0
157473,0.093,0.045,-0.835,0.054,0.054,-0.178,0.558,0.444,-0.560,0.422,0.122,-0.000,27013,26673,2,4,51,15.810,26246,26954,1360,1232,0
157573,0.102,0.027,-0.915,0.221,0.101,-0.014,0.558,0.446,-0.555,0.426,0.118,-0.000,26815,26922,-1,0,51,15.810,26246,26954,1360,1232,0
157673,0.097,0.019,-0.895,-0.016,-0.006,-0.021,0.556,0.449,-0.551,0.431,0.118,-0.000,26846,26929,5,10,51,15.770,27027,27173,1179,1204,0
157773,0.100,0.031,-0.780,0.508,-0.058,0.012,0.547,0.459,-0.545,0.439,0.118,-0.000,26834,26987,-9,-2,51,15.770,27027,27173,1179,1204,0
157873,0.076,0.036,-0.576,0.058,-0.008,0.070,0.539,0.467,-0.540,0.448,0.086,0.000,26733,27126,6,10,51,15.770,27027,27173,1179,1204,0
157973,0.056,0.036,-0.573,0.000,0.041,0.038,0.539,0.464,-0.542,0.449,0.000,-0.000,26744,27116,4,6,51,15.790,26666,26954,1267,1294,0
158073,0.035,0.014,-0.645,0.124,0.166,0.061,0.538,0.462,-0.538,0.454,0.000,0.000,26687,27172,4,0,51,15.790,26666,26954,1267,1294,0
158173,0.017,-0.020,-0.672,0.166,0.163,0.024,0.539,0.461,-0.531,0.463,0.000,0.000,26712,27147,3,0,51,15.790,26666,26954,1267,1294,0
158273,0.020,-0.049,-0.692,0.216,0.138,-0.028,0.538,0.463,-0.523,0.472,0.000,0.000,26797,27064,3,0,51,15.810,26737,26809,1242,1342,0
158373,0.041,-0.078,-0.603,0.233,0.172,-0.031,0.538,0.467,-0.512,0.481,0.000,-0.000,26832,27029,4,-2,51,15.810,26737,26809,1242,1342,0
158473,0.044,-0.120,-0.601,0.161,0.258,0.018,0.538,0.467,-0.502,0.490,0.000,-0.000,26773,27088,8,-3,51,15.800,26809,27173,1245,1234,0
158573,0.036,-0.173,-0.435,0.039,0.248,0.034,0.542,0.463,-0.493,0.500,0.000,-0.000,26737,27123,11,-1,51,15.800,26809,27173,1245,1234,0
158673,0.017,-0.205,-0.590,-0.038,0.086,0.047,0.545,0.457,-0.490,0.504,0.000,-0.000,26690,27170,8,3,51,15.800,26809,27173,1245,1234,0
158773,-0.000,-0.209,-0.528,0.046,-0.019,0.034,0.545,0.455,-0.491,0.505,0.000,-0.000,26680,27180,4,1,51,15.790,26737,26809,1234,1352,0
158873,-0.004,-0.197,-0.585,0.140,-0.088,0.004,0.540,0.459,-0.490,0.507,0.000,0.000,26716,27144,2,1,51,15.790,26737,26809,1234,1352,0
158973,0.008,-0.180,-0.761,0.167,-0.060,-0.031,0.535,0.466,-0.488,0.509,0.000,0.000,26789,27071,3,0,51,15.790,26737,26809,1234,1352,0
159073,0.024,-0.167,-0.834,0.059,-0.080,-0.019,0.531,0.472,-0.485,0.510,0.000,-0.000,26799,27050,5,4,52,15.790,26809,27322,1250,1190,0
159173,0.031,-0.142,-1.046,-0.123,-0.179,-0.009,0.529,0.475,-0.489,0.506,0.000,-0.000,26797,27064,6,10,52,15.790,26809,27322,1250,1190,0
159273,0.028,-0.102,-1.142,-0.172,-0.204,0.004,0.528,0.476,-0.498,0.497,0.000,-0.000,26775,27086,5,10,52,15.790,26809,27322,1250,1190,0
159373,0.031,-0.063,-0.982,-0.221,-0.203,-0.053,0.528,0.476,-0.508,0.487,0.000,-0.000,26868,26993,5,11,52,15.760,26666,27247,1275,1220,0
159473,0.051,-0.018,-0.685,-0.237,-0.264,-0.030,0.528,0.477,-0.519,0.473,0.000,-0.000,26863,26998,3,14,52,15.760,26666,27247,1275,1220,0
159573,0.044,0.040,-0.696,-0.243,-0.309,0.068,0.526,0.477,-0.531,0.462,0.000,-0.000,26718,27142,2,15,52,15.770,26809,26666,1244,1365,0
159673,-0.006,0.101,-0.883,-0.300,-0.331,0.164,0.521,0.474,-0.548,0.451,0.000,0.000,26489,27365,1,18,52,15.770,26809,26666,1244,1365,0
159773,-0.044,0.160,-0.689,-0.072,-0.284,0.106,0.515,0.472,-0.563,0.441,0.000,-0.001,26510,27345,-5,12,52,15.770,26809,26666,1244,1365,0
159873,-0.109,0.200,-0.713,0.147,-0.083,0.204,0.503,0.475,-0.570,0.444,0.000,-0.002,26239,27605,-2,4,52,15.780,26246,27700,1259,1225,0
159973,-0.178,0.184,-1.170,0.143,0.206,0.119,0.499,0.472,-0.569,0.453,0.000,-0.003,26245,27599,4,1,52,15.780,26246,27700,1259,1225,0
160073,-0.201,0.130,-1.143,0.206,0.278,-0.003,0.501,0.469,-0.559,0.465,0.000,-0.003,26378,27473,3,-1,52,15.780,26246,27700,1259,1225,0
160173,-0.182,0.076,-1.139,0.254,0.266,-0.090,0.505,0.470,-0.546,0.476,0.000,-0.002,26526,27330,2,-2,53,15.750,25974,27247,1358,1315,0
160273,-0.147,0.028,-1.225,0.327,0.232,-0.087,0.507,0.474,-0.532,0.486,0.000,-0.001,26570,27287,1,-4,53,15.750,25974,27247,1358,1315,0
160373,-0.123,-0.013,-1.234,0.413,0.147,-0.044,0.504,0.480,-0.516,0.499,0.000,-0.000,26537,27319,-2,-3,53,15.750,25974,27247,1358,1315,0
160473,-0.107,-0.035,-1.303,0.346,0.072,-0.032,0.499,0.488,-0.503,0.510,0.000,-0.000,26538,27318,-1,-1,53,15.710,26595,27397,1231,1250,0
160573,-0.087,-0.044,-1.101,0.364,0.021,-0.033,0.492,0.496,-0.493,0.518,0.000,0.000,26565,27292,-3,-2,53,15.710,26595,27397,1231,1250,0
160673,-0.076,-0.046,-1.296,0.374,0.000,-0.009,0.484,0.506,-0.483,0.527,0.000,0.000,26550,27306,-2,-2,53,15.710,26595,27397,1231,1250,0
160773,-0.084,-0.050,-1.301,0.270,0.048,0.053,0.476,0.512,-0.475,0.535,0.000,0.000,26444,27409,1,-1,53,15.710,26737,27173,1201,1301,0
160873,-0.096,-0.065,-1.268,0.119,0.096,0.000,0.472,0.513,-0.470,0.542,0.000,0.001,26506,27349,5,1,53,15.710,26737,27173,1201,1301,0
160973,-0.079,-0.085,-1.327,0.111,0.097,-0.059,0.473,0.514,-0.463,0.546,0.000,0.001,26628,27230,4,0,54,15.730,26385,27247,1301,1271,0
161073,-0.056,-0.098,-1.207,0.077,0.048,-0.039,0.474,0.515,-0.458,0.548,0.000,0.000,26625,27234,4,1,54,15.730,26385,27247,1301,1271,0
161173,-0.037,-0.100,-1.298,0.163,0.008,-0.071,0.472,0.518,-0.454,0.549,0.000,0.000,26702,27158,1,-1,54,15.730,26385,27247,1301,1271,0
161273,0.004,-0.105,-0.901,0.287,0.063,-0.084,0.469,0.525,-0.445,0.553,0.000,-0.000,26789,27072,1,-5,54,15.710,26246,27397,1390,1185,0
161373,0.029,-0.138,-0.895,0.177,0.257,-0.037,0.468,0.527,-0.432,0.563,0.000,-0.000,26756,27104,11,-6,54,15.710,26246,27397,1390,1185,0
161473,0.048,-0.206,-0.929,0.000,0.371,-0.071,0.475,0.520,-0.422,0.571,0.000,-0.001,26846,27015,15,-6,54,15.710,26246,27397,1390,1185,0
161573,0.073,-0.264,-1.052,-0.062,0.241,-0.041,0.483,0.513,-0.414,0.577,0.000,-0.001,26849,27012,13,-3,54,15.680,26954,26954,1239,1264,0
161673,0.073,-0.294,-0.786,-0.231,0.043,-0.022,0.490,0.505,-0.414,0.577,0.000,-0.001,26827,27034,12,4,54,15.680,26954,26954,1239,1264,0
161773,0.072,-0.281,-0.781,-0.319,-0.124,-0.049,0.497,0.501,-0.423,0.568,0.000,-0.001,26874,26988,11,7,54,15.680,26954,26954,1239,1264,0
161873,0.076,-0.249,-0.846,-0.173,-0.224,-0.046,0.501,0.501,-0.433,0.558,0.000,-0.001,26883,26979,5,5,53,15.750,26809,27027,1277,1254,0
161973,0.088,-0.203,-0.863,-0.102,-0.219,-0.039,0.500,0.505,-0.441,0.548,0.000,-0.001,26900,26961,5,4,53,15.750,26809,27027,1277,1254,0
162073,0.089,-0.164,-0.930,-0.051,-0.196,0.021,0.498,0.509,-0.447,0.541,0.000,-0.001,26813,27048,3,2,54,15.710,27100,26666,1197,1350,0
162173,0.068,-0.131,-1.106,0.110,-0.158,0.080,0.492,0.513,-0.452,0.539,0.000,-0.000,26703,27157,1,0,54,15.710,27100,26666,1197,1350,0
162273,0.040,-0.099,-1.070,0.264,-0.169,0.068,0.481,0.520,-0.452,0.542,0.000,-0.000,26678,27181,-2,-2,54,15.710,27100,26666,1197,1350,0
162373,0.029,-0.066,-0.766,0.377,-0.144,0.018,0.467,0.531,-0.448,0.546,0.000,-0.000,26734,27126,-4,-3,55,15.720,26881,27027,1215,1298,0
162473,0.032,-0.046,-0.828,0.399,-0.067,0.008,0.455,0.544,-0.439,0.553,0.000,-0.000,26751,27109,-2,-4,55,15.720,26881,27027,1215,1298,0
162573,0.026,-0.032,-0.944,0.269,-0.066,0.028,0.444,0.552,-0.433,0.558,0.000,-0.000,26718,27142,0,-1,55,15.720,26881,27027,1215,1298,0
162673,-0.003,-0.023,-0.994,0.226,-0.020,0.137,0.435,0.556,-0.430,0.563,0.000,0.000,26506,27349,1,-2,54,15.710,26737,27247,1231,1258,0
162773,-0.057,-0.025,-1.069,0.233,0.026,0.110,0.425,0.558,-0.427,0.571,0.000,0.000,26452,27401,1,-3,54,15.710,26737,27247,1231,1258,0
162873,-0.083,-0.036,-0.968,0.383,0.059,0.054,0.414,0.562,-0.418,0.581,0.000,0.000,26482,27373,-2,-8,54,15.710,26737,27247,1231,1258,0
162973,-0.096,-0.052,-0.921,0.547,0.081,0.032,0.403,0.568,-0.406,0.592,0.000,0.001,26490,27364,-4,-11,55,15.680,26455,27322,1256,1284,0
163073,-0.093,-0.068,-1.215,0.563,0.047,0.000,0.388,0.576,-0.389,0.605,0.000,0.001,26535,27321,-4,-10,55,15.680,26455,27322,1256,1284,0
163173,-0.085,-0.076,-1.175,0.496,0.011,0.000,0.374,0.585,-0.372,0.616,0.000,0.001,26540,27316,-3,-7,55,15.680,26455,27322,1256,1284,0
163273,-0.071,-0.079,-1.071,0.424,0.004,-0.036,0.361,0.593,-0.358,0.624,0.000,0.000,26609,27248,-2,-7,55,15.690,26666,27548,1220,1215,0
163373,-0.046,-0.083,-1.128,0.392,0.010,-0.050,0.351,0.601,-0.344,0.630,0.000,0.000,26668,27191,-2,-7,55,15.690,26666,27548,1220,1215,0
163473,-0.024,-0.087,-1.116,0.303,0.021,-0.051,0.342,0.607,-0.331,0.636,0.000,0.000,26704,27156,0,-6,55,15.710,26954,26809,1194,1355,0
163573,-0.005,-0.091,-1.266,0.177,0.020,-0.016,0.337,0.611,-0.323,0.640,0.000,0.000,26680,27187,2,-4,55,15.710,26954,26809,1194,1355,0
163673,-0.002,-0.095,-1.142,-0.007,0.021,-0.018,0.335,0.612,-0.320,0.641,0.000,0.000,26689,27171,6,-1,55,15.710,26954,26809,1194,1355,0
163773,0.020,-0.109,-0.998,0.152,0.102,-0.073,0.337,0.611,-0.316,0.643,0.000,-0.000,26809,27052,2,-9,55,15.710,26809,26954,1258,1294,0
163873,0.051,-0.128,-0.859,0.228,0.063,-0.050,0.334,0.612,-0.305,0.649,0.000,-0.000,26827,27034,1,-7,55,15.710,26809,26954,1258,1294,0
163973,0.068,-0.130,-0.918,0.170,-0.037,-0.016,0.329,0.615,-0.298,0.651,0.000,-0.000,26808,27053,2,-3,55,15.710,26809,26954,1258,1294,0
164073,0.078,-0.111,-0.727,0.059,-0.147,-0.028,0.325,0.620,-0.296,0.650,0.000,-0.000,26849,27012,1,1,56,15.680,27027,26737,1214,1342,0
164173,0.100,-0.077,-0.741,0.073,-0.158,-0.060,0.323,0.627,-0.295,0.644,0.000,-0.000,26940,26922,0,-1,56,15.680,27027,26737,1214,1342,0
164273,0.117,-0.053,-0.588,0.109,-0.094,-0.019,0.319,0.633,-0.293,0.641,0.000,-0.000,26915,26947,0,-3,56,15.680,27027,26737,1214,1342,0
164373,0.124,-0.038,-0.477,0.103,-0.069,-0.011,0.315,0.638,-0.290,0.640,0.000,-0.000,26927,26935,0,-3,56,15.680,26737,27100,1317,1225,0
164473,0.123,-0.024,-0.463,0.171,-0.068,0.024,0.310,0.642,-0.287,0.640,0.000,0.000,26879,26982,-2,-4,56,15.680,26737,27100,1317,1225,0
164573,0.111,-0.013,-0.327,0.160,-0.033,0.033,0.304,0.645,-0.284,0.641,0.000,0.000,26855,27007,0,-4,56,15.680,26737,27100,1317,1225,0
164672,0.096,-0.011,-0.387,0.216,0.016,0.051,0.296,0.648,-0.279,0.644,0.000,0.000,26810,27051,-1,-6,56,15.710,26809,27027,1282,1259,0
164772,0.070,-0.017,-0.647,0.181,0.038,0.062,0.288,0.649,-0.274,0.649,0.000,-0.000,26757,27104,1,-5,56,15.710,26809,27027,1282,1259,0
164873,0.059,-0.027,-0.633,0.204,0.073,0.021,0.281,0.649,-0.268,0.654,0.000,-0.000,26803,27058,1,-7,56,15.670,26809,26881,1263,1313,0
164972,0.059,-0.048,-0.652,0.149,0.123,-0.013,0.277,0.648,-0.261,0.660,0.000,-0.000,26859,27002,3,-7,56,15.670,26809,26881,1263,1313,0
165072,0.068,-0.068,-0.779,0.083,0.092,-0.020,0.276,0.646,-0.256,0.664,0.000,-0.000,26888,26974,4,-5,56,15.670,26809,26881,1263,1313,0
165173,0.075,-0.079,-0.927,0.062,0.032,0.000,0.276,0.645,-0.253,0.666,0.000,-0.000,26876,26986,2,-5,57,15.660,26881,26666,1273,1339,0
165273,0.069,-0.081,-0.946,0.037,-0.010,0.024,0.274,0.645,-0.252,0.667,0.000,-0.000,26834,27028,2,-4,57,15.660,26881,26666,1273,1339,0
165372,0.054,-0.077,-0.725,0.040,-0.021,0.057,0.271,0.646,-0.253,0.667,0.000,-0.000,26765,27095,2,-4,57,15.660,26881,26666,1273,1339,0
165472,0.017,-0.071,-0.772,0.033,-0.034,0.122,0.267,0.646,-0.255,0.669,0.000,-0.000,26598,27260,1,-4,56,15.650,26809,27548,1243,1164,0
165572,-0.022,-0.062,-0.840,0.047,-0.057,0.072,0.261,0.647,-0.257,0.669,0.000,0.000,26616,27242,1,-3,56,15.650,26809,27548,1243,1164,0
165672,-0.043,-0.047,-1.044,0.090,-0.097,0.048,0.256,0.650,-0.257,0.668,0.000,0.000,26615,27243,-1,-3,56,15.650,26809,27548,1243,1164,0
165772,-0.057,-0.026,-0.873,-0.026,-0.121,0.011,0.253,0.653,-0.259,0.665,0.000,0.000,26641,27217,1,1,56,15.650,26455,27322,1300,1251,0
165872,-0.048,-0.000,-1.100,-0.132,-0.118,-0.046,0.255,0.656,-0.263,0.660,0.000,0.000,26754,27106,3,2,56,15.650,26455,27322,1300,1251,0
165972,-0.018,0.018,-1.156,-0.154,-0.071,-0.098,0.261,0.659,-0.266,0.654,0.000,-0.000,26863,26998,3,1,57,15.630,26178,27247,1426,1212,0
166072,0.014,0.030,-0.792,-0.216,-0.047,-0.070,0.268,0.659,-0.270,0.648,0.000,0.000,26876,26985,5,3,57,15.630,26178,27247,1426,1212,0
166172,0.039,0.036,-0.454,-0.263,-0.026,-0.046,0.278,0.658,-0.276,0.643,0.000,0.000,26883,26979,6,3,57,15.630,26178,27247,1426,1212,0
166272,0.050,0.040,-0.282,-0.198,-0.010,-0.003,0.286,0.655,-0.284,0.639,0.000,0.000,26842,27020,4,1,57,15.680,26737,27247,1307,1202,0
166372,0.036,0.034,-0.238,0.026,0.059,0.076,0.288,0.653,-0.287,0.639,0.000,0.000,26705,27155,1,-5,57,15.680,26737,27247,1307,1202,0
166472,-0.004,0.022,-0.401,0.151,0.046,0.116,0.282,0.651,-0.286,0.644,0.000,-0.000,26578,27279,-1,-6,57,15.680,26525,27397,1285,1238,0
166572,-0.048,0.021,-0.551,0.326,-0.027,0.106,0.271,0.652,-0.282,0.649,0.000,-0.000,26515,27340,-6,-7,57,15.680,26525,27397,1285,1238,0
166672,-0.081,0.025,-0.597,0.497,-0.018,0.067,0.256,0.657,-0.272,0.655,0.000,-0.000,26513,27342,-8,-11,57,15.680,26525,27397,1285,1238,0
166772,-0.107,0.027,-0.704,0.573,-0.050,0.048,0.236,0.664,-0.257,0.661,0.000,-0.000,26491,27363,-10,-10,57,15.650,26246,27322,1318,1290,0
166872,-0.122,0.036,-0.711,0.600,-0.056,0.021,0.215,0.672,-0.240,0.667,0.000,-0.000,26498,27356,-10,-10,57,15.650,26246,27322,1318,1290,0
166972,-0.136,0.034,-0.880,0.544,0.024,0.022,0.196,0.678,-0.222,0.673,0.000,-0.000,26468,27386,-5,-10,57,15.650,26246,27322,1318,1290,0
167072,-0.141,0.016,-0.911,0.407,0.122,0.000,0.181,0.679,-0.207,0.680,0.000,0.000,26478,27376,-2,-11,58,15.670,26737,28011,1185,1126,0
167172,-0.141,-0.017,-0.842,0.292,0.169,0.006,0.172,0.677,-0.194,0.689,0.000,0.000,26458,27395,1,-10,58,15.670,26737,28011,1185,1126,0
167272,-0.140,-0.041,-0.914,0.370,0.063,0.014,0.162,0.676,-0.182,0.696,0.000,0.001,26436,27416,-5,-11,57,15.640,26385,27322,1267,1303,0
167373,-0.147,-0.046,-0.949,0.337,-0.016,0.026,0.149,0.678,-0.170,0.700,0.000,0.001,26407,27445,-4,-8,57,15.640,26385,27322,1267,1303,0
167472,-0.146,-0.041,-0.987,0.268,-0.062,0.000,0.139,0.681,-0.161,0.701,0.000,0.001,26431,27421,-4,-6,57,15.640,26385,27322,1267,1303,0
167572,-0.139,-0.028,-1.119,0.150,-0.097,-0.021,0.132,0.685,-0.154,0.700,0.000,0.000,26474,27380,-3,-3,58,15.600,26666,27397,1207,1279,0
167673,-0.123,-0.011,-1.033,0.109,-0.086,-0.066,0.129,0.689,-0.149,0.697,0.000,0.000,26565,27292,-3,-4,58,15.600,26666,27397,1207,1279,0
167772,-0.092,0.001,-1.205,0.130,-0.052,-0.077,0.127,0.693,-0.143,0.695,0.000,0.000,26628,27230,-3,-5,58,15.600,26666,27397,1207,1279,0
167872,-0.064,0.008,-1.005,0.096,-0.023,-0.069,0.125,0.695,-0.136,0.695,0.000,-0.000,26659,27200,-1,-5,58,15.610,26809,27027,1225,1323,0
167972,-0.036,0.010,-0.941,0.047,0.000,-0.076,0.125,0.696,-0.132,0.694,0.000,-0.000,26712,27148,-1,-5,58,15.610,26809,27027,1225,1323,0
168072,-0.020,0.006,-0.734,-0.038,0.034,-0.004,0.126,0.696,-0.129,0.695,0.000,-0.000,26631,27228,4,-2,58,15.610,26525,27624,1295,1156,0
168172,-0.007,0.001,-0.722,-0.187,-0.001,-0.076,0.132,0.695,-0.133,0.695,-1.000,-0.000,26654,27002,3,0,58,15.610,26525,27624,1295,1156,0
168273,0.022,-0.000,-0.754,-0.042,0.019,-0.060,0.138,0.694,-0.134,0.694,-1.000,0.000,26493,26789,0,-5,58,15.610,26525,27624,1295,1156,0
168372,0.042,-0.008,-0.713,0.037,0.054,-0.041,0.139,0.693,-0.131,0.695,-1.000,-0.000,26426,26706,0,-7,58,15.600,26315,26809,1295,1242,0
168473,0.059,-0.014,-0.929,0.010,0.002,-0.042,0.140,0.693,-0.128,0.696,-1.000,-0.000,26255,26462,0,-4,58,15.600,26315,26809,1295,1242,0
168573,0.067,-0.013,-1.008,-0.063,-0.022,0.001,0.141,0.693,-0.128,0.695,-1.000,-0.000,26032,26341,1,-2,58,15.600,26315,26809,1295,1242,0
168672,0.056,-0.013,-1.273,-0.112,0.019,0.033,0.143,0.692,-0.132,0.695,-1.000,-0.000,25776,26214,3,-3,59,15.650,25706,26737,1277,1127,0
168772,0.059,-0.019,-1.195,-0.164,0.051,-0.040,0.148,0.690,-0.136,0.695,-1.000,-0.000,25704,25900,5,-3,59,15.650,25706,26737,1277,1127,0
168872,0.081,-0.034,-1.248,-0.184,0.090,-0.054,0.156,0.687,-0.139,0.696,0.000,-0.000,25687,25739,6,-3,59,15.650,25706,26737,1277,1127,0
168972,0.094,-0.054,-1.293,-0.260,0.113,-0.024,0.165,0.682,-0.145,0.697,-1.000,-0.000,25636,25732,8,-2,59,15.600,25706,25641,1211,1234,0
169072,0.091,-0.080,-1.261,-0.334,0.129,0.012,0.176,0.676,-0.154,0.699,-1.000,-0.000,25385,25591,10,-2,59,15.600,25706,25641,1211,1234,0
169172,0.084,-0.106,-1.369,-0.353,0.128,0.001,0.188,0.668,-0.164,0.701,0.000,-0.000,25338,25521,10,-2,59,15.680,25510,25316,1152,1245,0
169272,0.080,-0.132,-1.255,-0.322,0.132,-0.017,0.200,0.661,-0.174,0.702,0.000,-0.001,25367,25492,10,-4,59,15.680,25510,25316,1152,1245,0
169372,0.077,-0.163,-1.249,-0.291,0.177,-0.010,0.212,0.653,-0.182,0.704,0.000,-0.001,25359,25500,12,-6,59,15.680,25510,25316,1152,1245,0
169472,0.067,-0.208,-1.089,-0.259,0.268,0.000,0.222,0.642,-0.189,0.709,0.000,-0.001,25334,25525,14,-9,59,15.660,25380,25839,1182,1111,0
169572,0.058,-0.267,-1.261,-0.191,0.332,0.000,0.231,0.629,-0.193,0.716,0.000,-0.001,25323,25536,15,-13,59,15.660,25380,25839,1182,1111,0
169672,0.045,-0.324,-1.391,-0.197,0.222,0.017,0.240,0.617,-0.197,0.723,0.000,-0.001,25281,25578,14,-10,59,15.660,25380,25839,1182,1111,0
169773,0.024,-0.348,-1.246,-0.083,0.033,0.038,0.244,0.611,-0.201,0.726,0.000,-0.001,25214,25644,8,-9,59,15.670,25380,25575,1159,1195,0
169872,0.027,-0.331,-1.384,0.013,-0.173,-0.072,0.244,0.614,-0.202,0.723,0.000,-0.001,25396,25464,3,-6,59,15.670,25380,25575,1159,1195,0
169972,0.076,-0.280,-1.343,0.019,-0.319,-0.129,0.244,0.625,-0.200,0.714,0.000,-0.001,25574,25285,1,-2,59,15.650,25510,25380,1213,1157,0
170072,0.110,-0.211,-1.386,-0.106,-0.361,-0.068,0.245,0.637,-0.203,0.702,0.000,-0.001,25547,25312,3,1,59,15.650,25510,25380,1213,1157,0
170172,0.137,-0.149,-1.388,-0.194,-0.277,-0.068,0.250,0.647,-0.210,0.689,0.000,-0.001,25605,25253,5,0,59,15.650,25510,25380,1213,1157,0
170272,0.270,-0.158,-0.441,0.519,0.588,-0.246,0.252,0.652,-0.189,0.690,0.000,-0.002,26125,24715,13,-37,60,15.690,26246,24570,1342,1025,0
170372,0.007,-0.375,-1.049,0.779,1.190,-0.113,0.214,0.613,-0.176,0.744,-0.447,-0.001,25615,25140,12,-58,60,15.690,26246,24570,1342,1025,0
170472,0.013,-0.540,-0.368,-0.618,0.396,0.203,0.212,0.584,-0.159,0.767,-0.722,-0.000,24813,25731,37,8,60,15.690,26246,24570,1342,1025,0
170572,-0.101,-0.457,0.060,-0.577,-0.749,-0.170,0.229,0.589,-0.197,0.749,0.000,0.003,25146,25268,0,13,60,15.670,24875,25510,1096,1273,0
170672,0.024,-0.403,0.481,-0.509,0.071,-0.803,0.243,0.601,-0.195,0.736,0.000,-0.001,26345,24017,29,-7,60,15.670,24875,25510,1096,1273,0
170772,0.213,-0.398,0.633,0.419,-0.103,0.117,0.259,0.607,-0.179,0.729,0.000,-0.005,25266,25149,-3,-24,60,15.670,24875,25510,1096,1273,0
170872,0.290,-0.333,0.928,0.127,-0.472,-0.132,0.248,0.625,-0.164,0.722,0.000,-0.005,25803,24598,2,0,60,15.670,25445,25000,1158,1188,0
170972,0.308,-0.188,0.814,0.084,-0.940,-0.094,0.238,0.652,-0.166,0.700,0.000,-0.003,25798,24603,-11,10,60,15.670,25445,25000,1158,1188,0
171073,0.224,-0.051,0.426,0.327,-0.251,0.018,0.214,0.677,-0.171,0.683,0.000,-0.000,25646,24761,2,-20,61,15.680,24813,25445,1229,1165,0
171172,0.187,-0.074,0.219,0.363,0.276,0.326,0.189,0.677,-0.151,0.695,0.000,-0.001,24957,25455,13,-18,61,15.680,24813,25445,1229,1165,0
171272,0.172,-0.112,-0.146,0.510,0.313,0.097,0.179,0.673,-0.140,0.704,0.000,-0.001,25307,25108,4,-26,61,15.680,24813,25445,1229,1165,0
171372,0.129,-0.174,-0.227,0.453,0.268,0.063,0.158,0.664,-0.123,0.720,0.000,-0.001,25291,25124,6,-21,60,15.690,25252,25316,1159,1163,0
171473,0.135,-0.203,-0.188,0.974,-0.107,0.077,0.133,0.663,-0.097,0.730,0.000,-0.002,25294,25121,-18,-21,60,15.690,25252,25316,1159,1163,0
171572,0.087,-0.111,-0.236,0.739,-0.351,0.327,0.097,0.683,-0.077,0.720,0.000,-0.001,24804,25605,-10,-16,60,15.670,25000,25575,1140,1178,0
171673,-0.006,-0.185,-0.370,0.762,0.837,0.233,0.063,0.671,-0.058,0.736,0.000,0.000,24785,25623,17,-46,60,15.670,25000,25575,1140,1178,0
171772,-0.020,-0.282,-0.385,0.513,0.166,0.167,0.039,0.654,-0.037,0.754,0.000,0.000,24858,25552,2,-20,60,15.670,25000,25575,1140,1178,0
171873,-0.072,-0.298,-0.464,0.486,0.032,0.118,0.008,0.652,-0.019,0.758,0.000,0.001,24830,25579,4,-19,60,15.650,24449,25706,1204,1215,0
171972,-0.012,-0.285,-0.293,0.549,-0.086,-0.086,-0.006,0.655,0.003,0.756,0.000,0.000,25252,25163,-1,-22,60,15.650,24449,25706,1204,1215,0
172073,-0.004,-0.278,-0.146,0.539,0.106,0.031,-0.021,0.656,0.017,0.754,0.000,0.000,25077,25337,3,-30,60,15.650,24449,25706,1204,1215,0
172172,0.050,-0.299,-0.127,0.541,-0.052,0.010,-0.034,0.651,0.038,0.757,0.000,-0.001,25204,25211,-3,-24,60,15.670,25188,25641,1188,1072,0
172272,0.079,-0.252,-0.133,0.644,-0.279,-0.027,-0.052,0.658,0.059,0.748,0.000,-0.001,25311,25104,-9,-22,60,15.670,25188,25641,1188,1072,0
172372,0.061,-0.197,-0.242,0.568,-0.282,0.137,-0.070,0.667,0.074,0.738,0.000,-0.001,25023,25391,-9,-22,61,15.670,25252,25380,1124,1186,0
172472,0.067,-0.176,-0.521,0.729,0.146,0.008,-0.093,0.668,0.096,0.732,0.000,-0.001,25238,25177,-1,-36,61,15.670,25252,25380,1124,1186,0
172572,0.102,-0.200,-0.812,0.642,-0.072,-0.040,-0.116,0.660,0.121,0.733,0.000,-0.001,25359,25056,-7,-20,61,15.670,25252,25380,1124,1186,0
172672,0.121,-0.147,-0.584,0.532,-0.246,-0.074,-0.129,0.666,0.140,0.721,0.000,-0.001,25470,24943,-8,-21,61,15.660,25188,25125,1216,1169,0
172772,0.164,-0.134,-0.631,0.528,0.110,0.023,-0.146,0.663,0.164,0.716,0.000,-0.002,25401,25013,2,-29,61,15.660,25188,25125,1216,1169,0
172872,0.152,-0.162,-0.550,0.496,0.098,0.124,-0.163,0.655,0.176,0.717,0.000,-0.002,25230,25185,-2,-27,61,15.660,25188,25125,1216,1169,0
172972,0.131,-0.127,-0.575,0.307,-0.352,0.066,-0.178,0.658,0.189,0.707,0.000,-0.001,25298,25117,-7,-12,61,15.690,25380,25000,1155,1212,0
173072,0.135,-0.096,-0.597,0.342,0.074,-0.061,-0.185,0.661,0.199,0.700,0.000,-0.001,25509,24902,2,-27,61,15.690,25380,25000,1155,1212,0
173172,0.077,-0.093,-0.500,0.531,-0.236,0.423,-0.203,0.659,0.206,0.694,0.000,-0.001,24642,25761,-14,-21,61,15.680,24875,25510,1156,1206,0
173272,-0.020,-0.035,-0.404,0.472,-0.166,0.088,-0.228,0.665,0.220,0.676,0.000,0.000,25005,25408,-5,-21,61,15.680,24875,25510,1156,1206,0
173372,-0.012,-0.013,-0.467,0.421,-0.108,-0.066,-0.240,0.664,0.236,0.668,-1.000,0.000,25225,25121,-6,-21,61,15.680,24875,25510,1156,1206,0
173472,0.012,-0.026,-0.538,0.094,0.214,-0.034,-0.246,0.658,0.245,0.668,-1.000,-0.000,25021,24927,9,-22,60,15.670,25062,25316,1218,1082,0
173572,0.056,-0.027,-0.512,0.332,-0.170,-0.104,-0.248,0.655,0.253,0.667,-1.000,-0.000,25013,24529,-11,-19,60,15.670,25062,25316,1218,1082,0
173672,0.027,-0.019,-0.746,0.333,0.179,0.139,-0.258,0.654,0.260,0.662,-1.000,-0.000,24355,24743,1,-31,61,15.690,24390,24813,1152,1136,0
173772,0.006,-0.057,-0.688,0.240,0.100,-0.091,-0.271,0.645,0.265,0.664,-1.000,-0.000,24502,24228,-1,-22,61,15.690,24390,24813,1152,1136,0
173872,0.068,-0.069,-0.657,0.253,0.146,-0.106,-0.272,0.639,0.274,0.666,-1.000,-0.000,24438,23878,1,-27,61,15.690,24390,24813,1152,1136,0
173973,0.106,-0.096,-0.579,0.060,0.017,-0.031,-0.275,0.631,0.279,0.670,-1.000,-0.001,24189,23712,1,-18,61,15.720,24570,23529,1099,1143,0
174072,0.103,-0.051,-0.575,0.120,-0.292,-0.042,-0.272,0.639,0.281,0.663,-1.000,-0.000,24044,23393,-9,-18,61,15.720,24570,23529,1099,1143,0
174172,0.138,-0.040,-0.530,0.123,0.163,-0.063,-0.274,0.637,0.291,0.660,-1.000,-0.001,23905,23150,6,-26,61,15.720,24570,23529,1099,1143,0
174272,0.213,-0.081,-0.350,0.199,0.187,-0.034,-0.278,0.624,0.301,0.665,-1.000,-0.002,23802,22821,3,-25,62,15.730,23980,23094,1115,1069,0
174372,0.192,-0.107,-0.426,0.520,0.259,-0.009,-0.294,0.615,0.309,0.664,-1.000,-0.002,23523,22672,-2,-36,62,15.730,23980,23094,1115,1069,0
174472,0.274,-0.172,-0.388,0.404,0.301,-0.231,-0.307,0.594,0.323,0.670,-1.000,-0.004,23860,21865,2,-33,61,15.750,23696,22123,1144,1024,0
174572,0.264,-0.179,-0.372,0.650,-0.040,0.318,-0.325,0.585,0.336,0.663,-1.000,-0.004,22705,22624,-11,-31,61,15.750,23696,22123,1144,1024,0
174672,0.143,-0.189,-0.411,0.737,0.157,0.374,-0.360,0.576,0.349,0.646,-1.000,-0.002,22151,22731,-4,-38,61,15.750,23696,22123,1144,1024,0
174772,0.089,-0.188,-0.379,0.824,-0.086,0.138,-0.390,0.564,0.368,0.628,-1.000,-0.001,22244,22194,-13,-33,62,15.780,22222,22831,1025,1019,0
174872,0.053,-0.128,-0.298,0.548,-0.432,0.026,-0.408,0.562,0.391,0.604,-1.000,-0.000,22148,21837,-14,-19,62,15.780,22222,22831,1025,1019,0
174972,0.057,-0.082,-0.225,0.518,0.052,0.109,-0.421,0.557,0.412,0.586,-1.000,-0.000,21780,21748,-1,-34,62,15.790,22271,21691,975,996,0
175072,0.025,-0.150,-0.229,0.028,0.450,0.076,-0.436,0.544,0.408,0.589,-1.000,-0.000,21546,21521,15,-31,62,15.790,22271,21691,975,996,0
175172,-0.018,-0.193,-0.140,-0.081,0.052,0.017,-0.440,0.542,0.397,0.595,-1.000,0.000,21401,21152,1,-23,62,15.820,21186,21321,1028,971,0
175272,0.024,-0.171,-0.191,0.144,-0.244,-0.006,-0.437,0.542,0.405,0.593,-1.000,-0.000,21229,20897,-8,-21,62,15.820,21186,21321,1028,971,0
175372,0.044,-0.118,-0.220,-0.079,-0.176,-0.130,-0.430,0.549,0.411,0.587,-1.000,-0.000,21272,20368,2,-19,62,15.820,21186,21321,1028,971,0
175472,0.064,-0.071,-0.106,-0.592,-0.303,-0.026,-0.414,0.561,0.409,0.588,-1.000,-0.000,20888,20275,9,-3,62,15.820,21052,20366,992,920,0
175572,0.033,-0.075,-0.060,-0.126,0.350,0.092,-0.409,0.567,0.399,0.593,-1.000,-0.000,20355,20323,12,-35,62,15.820,21052,20366,992,920,0
175672,0.005,-0.141,0.074,-0.094,0.196,0.043,-0.416,0.561,0.388,0.602,-1.000,-0.000,20146,20038,6,-25,62,15.850,20120,20080,943,921,0
175772,0.018,-0.152,0.103,-0.013,0.038,-0.089,-0.413,0.560,0.385,0.606,-1.000,-0.000,20190,19487,2,-25,62,15.850,20120,20080,943,921,0
175872,0.071,-0.140,0.060,0.086,-0.221,-0.151,-0.409,0.558,0.392,0.606,-1.000,-0.001,20187,18970,-5,-20,62,15.850,20120,20080,943,921,0
175972,0.126,-0.114,-0.020,0.169,0.047,-0.108,-0.406,0.557,0.401,0.603,-1.000,-0.001,19984,18655,3,-30,62,15.880,20325,18867,877,866,0
176071,0.142,-0.145,-0.133,0.309,0.094,0.019,-0.415,0.547,0.406,0.603,-1.000,-0.002,19524,18606,-1,-31,62,15.880,20325,18867,877,866,0
176172,0.123,-0.116,-0.198,0.356,-0.234,0.106,-0.423,0.545,0.417,0.591,-1.000,-0.001,19054,18556,-9,-24,61,15.890,19305,18587,843,837,0
176272,0.085,-0.099,-0.142,0.357,0.063,0.046,-0.433,0.544,0.424,0.581,-1.000,-0.001,18836,18236,-1,-33,61,15.890,19305,18587,843,837,0
176372,0.072,-0.129,0.013,0.323,0.277,0.092,-0.447,0.532,0.429,0.576,-1.000,-0.001,18443,18089,5,-36,61,15.890,19305,18587,843,837,0
176472,-0.001,-0.159,0.120,0.590,-0.117,0.371,-0.470,0.521,0.434,0.565,-1.000,0.000,17360,18601,-13,-30,61,15.890,18450,18115,833,787,0
176572,-0.082,-0.156,0.091,0.549,0.110,0.207,-0.491,0.514,0.444,0.546,-1.000,0.001,17227,18182,-2,-37,61,15.890,18450,18115,833,787,0
176672,-0.035,-0.151,0.070,0.278,-0.193,-0.202,-0.496,0.505,0.456,0.540,-1.000,0.000,17981,16854,-6,-24,61,15.920,17921,17421,779,755,0
176772,0.035,-0.112,-0.039,0.091,-0.084,-0.073,-0.492,0.501,0.470,0.535,-1.000,-0.000,17587,16675,3,-25,61,15.920,17921,17421,779,755,0
176872,0.028,-0.121,-0.133,-0.119,0.038,-0.024,-0.492,0.502,0.466,0.537,-1.000,-0.000,17173,16506,7,-23,61,15.920,17921,17421,779,755,0
176971,0.034,-0.118,-0.155,-0.008,-0.094,-0.031,-0.489,0.504,0.466,0.539,-1.000,-0.000,16914,16164,-1,-24,61,15.940,17182,16611,774,713,0
177071,0.061,-0.099,-0.035,-0.142,-0.008,-0.110,-0.484,0.506,0.468,0.539,-1.000,-0.000,16883,15568,6,-23,61,15.940,17182,16611,774,713,0
177171,0.071,-0.128,0.062,-0.318,0.153,-0.003,-0.480,0.507,0.459,0.549,-1.000,-0.001,16362,15481,12,-23,61,15.960,16666,15625,737,685,0
177271,-0.017,-0.137,0.033,-0.307,0.051,0.290,-0.479,0.518,0.445,0.552,-1.000,0.000,15054,16148,9,-22,61,15.960,16666,15625,737,685,0
177371,-0.069,-0.169,-0.058,-0.348,0.146,0.117,-0.477,0.523,0.429,0.561,-1.000,0.001,15023,15546,12,-24,61,15.970,15384,15527,639,672,0
177471,-0.096,-0.168,-0.071,-0.052,-0.037,-0.032,-0.473,0.529,0.422,0.564,-1.000,0.001,14995,14917,1,-27,61,15.970,15384,15527,639,672,0
177571,-0.055,-0.118,-0.091,0.034,-0.316,-0.163,-0.463,0.535,0.430,0.561,-1.000,0.000,15122,14096,-6,-22,61,15.970,15384,15527,639,672,0
177670,0.010,-0.082,-0.130,0.096,-0.076,-0.137,-0.458,0.534,0.441,0.558,-1.000,-0.000,14909,13605,1,-28,61,16.010,15151,14005,657,586,0
177771,0.015,-0.097,-0.124,0.144,0.112,0.084,-0.461,0.530,0.442,0.558,-1.000,-0.000,13971,13863,3,-32,61,16.010,15151,14005,657,586,0
177871,-0.012,-0.107,-0.066,0.207,0.010,0.043,-0.470,0.526,0.443,0.553,-1.000,0.000,13636,13470,-1,-29,61,16.010,13774,13736,593,581,0
177971,-0.045,-0.142,0.023,0.104,0.329,0.132,-0.478,0.521,0.440,0.554,-1.000,0.000,12877,13474,10,-36,61,16.010,13774,13736,593,581,0
178071,-0.084,-0.163,0.129,0.226,-0.033,0.046,-0.489,0.516,0.440,0.549,-1.000,0.001,12602,12983,-2,-29,61,16.010,13774,13736,593,581,0
178171,-0.084,-0.157,0.089,0.293,0.223,0.042,-0.495,0.511,0.447,0.543,-1.000,0.001,12193,12597,6,-40,61,16.020,12626,13054,544,548,0
178271,-0.132,-0.204,0.017,0.160,0.144,0.236,-0.509,0.503,0.443,0.540,-1.000,0.001,10886,12995,5,-32,61,16.020,12626,13054,544,548,0
178371,-0.163,-0.215,-0.056,0.330,-0.236,-0.044,-0.519,0.498,0.446,0.533,-1.000,0.001,11279,11838,-9,-27,61,16.040,10845,12820,474,527,0
178471,-0.088,-0.136,-0.139,0.123,-0.221,-0.147,-0.511,0.498,0.467,0.522,-1.000,0.001,11471,10760,2,-26,61,16.040,10845,12820,474,527,0
178571,-0.083,-0.165,-0.139,-0.009,0.138,0.000,-0.515,0.493,0.464,0.525,-1.000,0.001,10490,10832,9,-30,61,16.050,10638,11013,447,459,0
178671,-0.035,-0.147,-0.052,-0.228,-0.104,-0.209,-0.507,0.495,0.467,0.529,-1.000,0.000,10991,9304,8,-20,61,16.050,10638,11013,447,459,0
178771,-0.008,-0.135,-0.040,-0.103,-0.144,-0.039,-0.499,0.499,0.466,0.533,-1.000,0.000,9982,9366,1,-24,61,16.050,10638,11013,447,459,0
178871,0.007,-0.142,-0.012,-0.511,0.350,-0.019,-0.491,0.505,0.458,0.543,-1.000,-0.000,9459,8825,26,-28,61,16.080,10020,9293,430,368,0
178971,-0.063,-0.230,0.038,-0.488,0.431,0.167,-0.491,0.508,0.429,0.563,-1.000,0.001,7647,9428,21,-30,61,16.080,10020,9293,430,368,0
179071,-0.085,-0.231,0.028,-0.383,-0.444,-0.053,-0.481,0.518,0.418,0.571,-1.000,0.001,7991,7969,-3,-9,61,16.080,7886,8833,378,316,0
179171,-0.142,-0.194,-0.142,-0.428,0.339,0.096,-0.470,0.534,0.407,0.573,-1.000,0.001,6050,8413,26,-35,61,16.080,7886,8833,378,316,0
179271,-0.171,-0.247,-0.268,-0.346,-0.027,-0.022,-0.466,0.536,0.389,0.587,-0.835,0.002,5787,7418,8,-22,60,16.110,5952,7575,240,312,0
179371,-0.161,-0.204,-0.253,-0.339,-0.169,-0.061,-0.451,0.548,0.385,0.590,0.000,0.001,5976,7092,9,-21,60,16.110,5952,7575,240,312,0
179471,-0.167,-0.179,-0.117,-0.304,-0.202,-0.032,-0.439,0.559,0.378,0.593,0.000,0.001,5689,7325,7,-20,60,16.110,5952,7575,240,312,0
179571,-0.169,-0.136,-0.116,-0.014,-0.103,-0.074,-0.432,0.567,0.380,0.589,-0.200,0.001,5780,7043,5,-29,61,16.110,5530,7418,206,352,0
179671,-0.155,-0.137,-0.112,-0.113,-0.023,-0.036,-0.429,0.568,0.378,0.592,-0.200,0.001,5379,7077,9,-25,61,16.110,5530,7418,206,352,0
179771,-0.124,-0.142,-0.096,0.117,-0.286,-0.124,-0.426,0.566,0.379,0.595,-0.200,0.001,6020,6227,-4,-26,60,16.120,305,305,225,328,0
179871,-0.082,-0.075,-0.093,0.239,-0.323,-0.056,-0.422,0.571,0.394,0.584,-0.200,0.000,5669,6236,-5,-26,60,16.120,305,305,225,328,0
179971,-0.050,-0.026,-0.106,0.284,-0.272,-0.048,-0.422,0.571,0.409,0.573,-0.200,0.000,5662,5912,-5,-26,60,16.120,305,305,225,328,0
180071,-0.010,0.022,-0.119,0.227,-0.390,-0.029,-0.419,0.572,0.422,0.565,-0.200,-0.000,5662,5564,-9,-20,60,16.120,305,305,225,328,0
180171,-0.019,0.154,-0.220,0.540,-0.841,-0.039,-0.415,0.583,0.445,0.538,-0.200,-0.000,5481,5383,-28,-17,60,16.120,305,305,225,328,0
180270,0.008,0.356,-0.322,0.321,-1.001,-0.094,-0.401,0.598,0.481,0.501,-0.200,0.000,5922,4466,-24,-6,60,16.130,305,305,225,328,0
180371,-0.011,0.485,-0.383,0.263,-0.388,0.061,-0.393,0.608,0.501,0.474,-0.200,-0.000,4393,5632,-11,-18,60,16.130,305,305,225,328,0
180471,-0.027,0.609,-0.430,0.032,-1.068,0.069,-0.380,0.621,0.515,0.452,-0.200,-0.001,3904,5637,-31,11,60,16.130,305,305,225,328,0
180571,-0.008,0.831,-0.397,-0.026,-1.011,-0.184,-0.351,0.642,0.539,0.416,-0.200,-0.000,5925,2813,-28,8,60,16.130,305,305,225,328,0
180671,0.013,0.961,-0.239,-0.238,-0.541,0.190,-0.330,0.657,0.549,0.397,-0.200,0.001,2223,5837,-17,5,60,16.140,305,305,225,328,0
180771,-0.042,1.034,-0.039,-0.303,-0.261,0.353,-0.316,0.678,0.539,0.388,-0.200,-0.003,0,7137,-15,3,60,16.140,305,305,225,328,0
180871,-0.036,1.101,0.055,-0.461,-0.296,0.204,-0.297,0.697,0.528,0.383,-0.200,-0.003,0,6139,-16,9,59,16.140,305,305,225,328,0
180971,0.009,1.134,-0.019,-0.371,-0.218,0.080,-0.281,0.709,0.518,0.386,-0.200,0.001,2063,4771,-20,8,59,16.140,305,305,225,328,0
181070,0.033,1.174,-0.185,-0.332,-0.297,0.172,-0.266,0.722,0.509,0.386,-0.200,0.002,0,5166,-24,12,60,16.140,305,305,225,328,0
181170,0.049,1.255,-0.298,-0.137,-0.462,0.070,-0.249,0.735,0.507,0.374,-0.200,0.004,1866,3941,-33,13,60,16.140,305,305,225,328,0
181271,0.055,1.315,-0.419,0.009,-0.281,0.028,-0.239,0.743,0.508,0.364,-0.200,0.005,2337,3091,-32,8,60,16.140,305,305,225,328,0
181370,0.046,1.396,-0.539,0.100,-0.643,0.029,-0.230,0.749,0.515,0.346,-0.200,0.004,1730,2832,-45,20,59,16.150,305,305,225,328,0
181470,0.046,1.496,-0.639,0.093,-0.416,-0.141,-0.218,0.756,0.525,0.325,-0.200,0.005,3872,0,-39,15,59,16.150,305,305,225,328,0
181570,0.054,1.551,-0.719,0.153,-0.301,-0.237,-0.213,0.753,0.539,0.312,-0.200,0.006,4715,0,-41,16,60,16.160,305,305,225,328,0
181670,0.046,1.638,-0.775,0.143,-0.686,-0.101,-0.204,0.755,0.551,0.291,-0.200,0.005,3173,0,-54,29,60,16.160,305,305,225,328,0
181770,0.016,1.755,-0.744,0.213,-0.526,-0.189,-0.192,0.758,0.565,0.262,-0.200,0.002,3913,0,-51,23,60,16.170,305,305,225,328,0
181870,0.058,1.826,-0.553,0.047,-0.374,-0.298,-0.180,0.754,0.582,0.248,-0.200,0.007,5363,0,-48,28,60,16.170,305,305,225,328,0
181970,0.078,1.911,-0.371,0.029,-0.733,0.093,-0.165,0.756,0.590,0.230,-0.200,0.010,0,177,-62,40,59,16.170,305,305,225,328,0
182070,0.003,2.041,-0.241,-0.023,-0.808,0.341,-0.149,0.772,0.586,0.197,-0.200,0.001,0,5180,-63,45,59,16.170,305,305,225,328,0
182170,-0.040,2.133,-0.019,-0.096,-0.363,0.384,-0.135,0.787,0.576,0.175,-0.200,-0.006,0,5940,-54,37,59,16.180,305,305,225,328,0
182270,-0.031,2.171,0.195,-0.211,-0.152,0.388,-0.125,0.801,0.561,0.169,-0.200,-0.005,0,6039,-53,39,59,16.180,305,305,225,328,0
182370,-0.022,2.200,0.352,-0.279,-0.389,0.291,-0.115,0.813,0.546,0.166,-0.200,-0.004,0,5432,-61,49,59,16.180,305,305,225,328,0
182470,0.023,2.269,0.342,-0.267,-0.436,0.046,-0.097,0.822,0.541,0.153,-0.200,0.004,0,2619,-63,52,59,16.180,305,305,225,328,0
182570,0.085,2.343,0.112,-0.237,-0.664,0.074,-0.076,0.828,0.538,0.140,-0.200,0.015,0,2059,-73,61,59,16.180,305,305,225,328,0
182670,0.090,2.420,-0.021,-0.063,-0.236,0.161,-0.061,0.836,0.531,0.122,-0.200,0.017,0,3336,-66,47,59,16.190,305,305,225,328,0
182771,0.096,2.420,-0.054,0.010,0.012,-0.002,-0.059,0.838,0.529,0.122,-0.200,0.018,1562,0,-67,45,59,16.190,305,305,225,328,0
182870,0.107,2.491,-0.005,-0.044,-0.786,0.057,-0.045,0.841,0.528,0.104,-0.200,0.021,0,1046,-89,70,59,16.190,305,305,225,328,0
182970,0.093,2.597,0.011,0.054,-0.536,-0.067,-0.029,0.844,0.530,0.075,-0.200,0.020,2841,0,-83,61,59,16.190,305,305,225,328,0
183070,0.071,2.642,-0.008,0.082,-0.117,0.000,-0.024,0.845,0.531,0.060,-0.200,0.015,1149,0,-78,54,59,16.200,305,305,225,328,0
183170,0.071,2.640,-0.001,-0.017,0.047,0.076,-0.024,0.845,0.530,0.061,-0.200,0.015,0,2124,-77,58,59,16.200,305,305,225,328,0
183270,0.122,2.631,0.040,-0.237,-0.108,-0.021,-0.019,0.846,0.529,0.068,-0.200,0.026,2738,0,-80,70,59,16.200,305,305,225,328,0
183370,0.133,2.730,-0.039,0.051,-0.802,0.059,0.002,0.850,0.526,0.040,-0.200,0.030,1494,0,-104,79,59,16.200,305,305,225,328,0
183470,0.106,2.822,0.051,0.069,-0.443,0.119,0.015,0.851,0.524,0.011,-0.200,0.026,0,2113,-94,72,58,16.200,305,305,225,328,0
183570,0.072,2.867,0.024,0.090,-0.321,0.026,0.018,0.853,0.522,-0.005,-0.200,0.018,610,0,-97,75,58,16.200,305,305,225,328,0
183670,0.105,2.865,-0.133,-0.230,0.321,-0.148,0.023,0.848,0.529,-0.002,-0.200,0.026,4201,0,-77,68,59,16.210,305,305,225,328,0
183770,0.149,2.756,-0.120,-0.036,0.738,-0.042,0.008,0.846,0.533,0.034,-0.200,0.034,3682,0,-79,58,59,16.210,305,305,225,328,0
183870,0.089,2.760,0.034,0.191,-0.163,0.024,0.000,0.847,0.530,0.028,-0.200,0.021,1929,0,-101,74,59,16.210,305,305,225,328,0
183970,0.080,2.765,0.021,0.006,-0.031,-0.002,-0.000,0.847,0.530,0.026,-0.200,0.019,2323,0,-92,73,58,16.200,305,305,225,328,0
184071,0.082,2.769,0.013,0.007,-0.024,0.000,0.001,0.848,0.530,0.025,-0.200,0.019,2382,0,-92,72,58,16.200,305,305,225,328,0
184170,0.081,2.770,0.012,0.000,0.000,-0.001,0.001,0.848,0.530,0.025,-0.200,0.019,2458,0,-91,72,58,16.210,305,305,225,328,0
184270,0.077,2.771,0.007,-0.002,0.002,0.000,0.001,0.848,0.530,0.024,-0.200,0.018,2442,0,-91,72,58,16.210,305,305,225,328,0
184370,0.073,2.771,0.001,0.020,0.012,0.007,0.000,0.848,0.530,0.024,-0.200,0.017,2318,0,-92,71,58,16.200,305,305,225,328,0
184470,0.065,2.770,0.001,0.012,0.009,0.007,-0.001,0.848,0.530,0.023,-0.200,0.015,2233,0,-91,71,58,16.200,305,305,225,328,0
184570,0.060,2.769,0.009,0.010,-0.009,-0.002,-0.002,0.848,0.530,0.023,-0.200,0.014,2360,0,-92,72,58,16.220,305,305,225,328,0
184670,0.056,2.769,0.010,0.000,-0.001,0.003,-0.003,0.847,0.530,0.023,-0.200,0.013,2250,0,-91,72,58,16.220,305,305,225,328,0
184770,0.053,2.769,0.006,-0.011,0.002,0.000,-0.003,0.847,0.530,0.022,-0.200,0.012,2289,0,-91,72,58,16.220,305,305,225,328,0
184870,0.052,2.769,0.001,0.004,0.024,-0.029,-0.003,0.847,0.530,0.022,-0.200,0.012,2778,0,-91,71,58,16.220,305,305,225,328,0
184971,0.052,2.767,0.007,0.001,-0.011,0.000,-0.004,0.848,0.530,0.023,-0.200,0.012,2374,0,-92,72,58,16.220,305,305,225,328,0
185071,0.053,2.767,0.007,0.000,-0.052,0.000,-0.004,0.847,0.530,0.023,-0.200,0.012,2424,0,-93,73,58,16.210,305,305,225,328,0
185171,0.051,2.765,0.005,0.018,-0.033,0.008,-0.004,0.847,0.530,0.023,-0.200,0.012,2309,0,-93,72,58,16.210,305,305,225,328,0
185270,0.052,2.765,-0.008,-0.012,-0.012,0.007,-0.004,0.848,0.530,0.023,-0.200,0.012,2390,0,-91,72,57,16.210,305,305,225,328,0
185370,0.051,2.765,-0.011,0.000,0.023,0.004,-0.004,0.848,0.530,0.023,-0.200,0.012,2448,0,-91,71,57,16.210,305,305,225,328,0
185471,0.049,2.767,-0.009,0.000,-0.014,-0.001,-0.004,0.848,0.530,0.023,-0.200,0.012,2541,0,-91,72,57,16.210,305,305,225,328,0
185570,0.049,2.765,-0.008,0.006,-0.002,0.000,-0.005,0.848,0.530,0.023,-0.200,0.012,2573,0,-92,72,57,16.210,305,305,225,328,0
185670,0.048,2.766,-0.019,0.001,0.021,0.000,-0.005,0.848,0.530,0.023,-0.200,0.011,2600,0,-91,71,57,16.210,305,305,225,328,0
185771,0.048,2.761,-0.026,-0.023,0.057,-0.004,-0.005,0.848,0.530,0.024,-0.200,0.011,2701,0,-89,71,57,16.210,305,305,225,328,0
185871,0.050,2.755,-0.011,0.000,0.002,0.002,-0.006,0.848,0.530,0.026,-0.200,0.012,2666,0,-91,72,57,16.230,305,305,225,328,0
