Timestamp,r_ref,yaw_integrator,q_ref,curr_ax,curr_roll_rate,curr_pitch_rate,curr_yaw_rate,curr_qw,curr_qx,curr_qy,curr_qz,thrust_ref,p_ref,omega_L_ref,omega_R_ref,servo_L_ref,servo_R_ref,Temperature,Voltage,Current,RPM2,RPM4,Throttle2,Throttle4,ErrorCodes
57291,-0.148,-4031474.000,-0.283,1.380,-0.023,0.028,-0.074,0.724,-0.161,-0.653,-0.150,0.000,-0.001,0,2023,9,-8,0,0.000,0.000,0,0,0,0,0
57390,-0.108,-4155768.250,-0.223,-0.050,0.283,-0.227,0.008,0.718,-0.155,-0.663,-0.147,0.000,-0.000,0,3359,-6,-11,0,0.000,0.000,0,0,0,0,0
57490,-0.083,-4383341.500,-0.171,0.130,0.459,-0.200,-0.204,0.714,-0.141,-0.672,-0.134,0.000,-0.000,2669,0,-8,-13,0,0.000,0.000,0,0,0,0,0
57590,0.030,-3539140.750,-0.137,0.230,0.496,-0.158,-0.247,0.712,-0.115,-0.681,-0.126,0.000,0.000,3263,0,-8,-13,0,0.000,0.000,0,0,0,0,0
57690,0.107,-2627397.500,-0.097,-0.180,0.571,0.057,-0.081,0.709,-0.091,-0.690,-0.113,0.000,0.001,1595,0,-3,-22,0,0.000,0.000,305,305,0,0,0
57790,0.150,-1916043.375,-0.102,-0.230,0.869,-0.056,-0.084,0.713,-0.062,-0.692,-0.091,0.000,0.001,3092,0,-19,-25,0,0.000,0.000,305,305,0,0,0
57890,0.190,-1028153.188,-0.053,-0.100,0.788,-0.250,-0.029,0.710,-0.031,-0.700,-0.065,0.000,0.000,2573,0,-19,-13,0,0.000,0.000,305,305,0,0,0
57990,0.201,-255225.312,0.008,-0.010,0.711,-0.188,0.011,0.705,-0.005,-0.708,-0.040,0.000,-0.000,2423,0,-16,-13,0,0.000,0.000,305,305,0,0,0
58090,0.202,480575.875,0.057,-0.310,0.783,-0.087,-0.037,0.700,0.020,-0.714,-0.015,0.000,-0.000,3305,0,-17,-19,0,0.000,0.000,305,305,0,0,0
58190,0.194,1276370.000,0.088,-0.560,0.592,0.031,-0.003,0.697,0.045,-0.716,0.010,0.000,-0.001,2875,0,-9,-16,0,0.000,0.000,305,305,0,0,0
58290,0.172,1845445.125,0.083,-0.350,0.432,0.033,0.004,0.697,0.058,-0.714,0.026,0.000,-0.001,2945,0,-7,-12,0,0.000,0.000,305,305,0,0,0
58390,0.191,2680611.500,0.108,-0.610,0.306,-0.024,-0.060,0.693,0.072,-0.716,0.036,0.000,-0.001,3667,0,-6,-8,0,0.000,0.000,305,305,0,0,0
58490,0.212,3640076.000,0.087,-0.280,0.212,0.130,-0.113,0.695,0.083,-0.713,0.044,0.000,-0.001,4345,0,-1,-11,0,0.000,0.000,305,305,0,0,0
58590,0.259,4900329.500,0.051,0.010,0.184,0.081,-0.114,0.699,0.094,-0.707,0.047,0.000,-0.001,4568,0,-2,-10,0,0.000,0.000,305,305,0,0,0
58690,0.265,5923938.500,0.041,-0.050,0.117,0.107,0.049,0.700,0.100,-0.705,0.052,0.000,-0.000,3406,0,1,-11,0,0.000,0.000,305,305,0,0,0
58790,0.254,6730375.500,0.021,0.200,0.217,0.100,-0.009,0.702,0.104,-0.702,0.059,0.000,-0.000,4243,0,-3,-14,0,0.000,0.000,305,305,0,0,0
58890,0.241,7481861.500,-0.005,-0.060,0.233,0.068,0.090,0.705,0.108,-0.698,0.066,0.000,0.000,3341,0,-4,-13,0,0.000,0.000,305,305,0,0,0
58990,0.207,7872370.000,-0.023,-0.090,0.258,0.046,0.144,0.706,0.113,-0.695,0.078,0.000,0.000,2818,0,-4,-13,11,16.620,81.410,305,305,0,0,0
59090,0.149,7976061.000,-0.030,-0.110,0.161,0.030,0.101,0.705,0.115,-0.694,0.090,0.000,0.000,3182,0,-1,-11,11,16.620,81.410,305,305,0,0,0
59190,0.113,8375755.500,-0.036,-0.160,0.142,-0.117,-0.043,0.705,0.117,-0.693,0.098,0.000,0.000,4057,0,-5,-7,11,16.620,81.410,305,305,0,0,0
59290,0.129,8967708.000,-0.020,-0.170,0.139,-0.013,-0.034,0.702,0.123,-0.694,0.101,0.000,0.000,3891,0,-2,-9,11,16.620,81.450,305,305,0,0,0
59390,0.135,9499912.000,-0.015,-0.290,0.002,0.002,0.000,0.702,0.124,-0.694,0.101,0.000,0.000,3773,0,2,-7,11,16.620,81.450,305,305,0,0,0
59490,0.130,9979395.000,-0.024,-0.160,0.027,0.086,0.006,0.703,0.124,-0.693,0.102,0.000,0.000,3790,0,3,-11,11,16.620,81.450,305,305,0,0,0
59590,0.127,10419480.000,-0.052,0.060,0.018,0.119,-0.030,0.706,0.123,-0.690,0.103,0.000,0.000,4211,0,4,-12,11,16.620,81.450,305,305,0,0,0
59690,0.144,11045786.000,-0.075,0.180,0.031,-0.039,-0.056,0.709,0.124,-0.687,0.102,0.000,0.000,4468,0,-1,-8,11,16.610,81.410,305,305,0,0,0
59790,0.160,11773854.000,-0.043,-0.150,-0.074,-0.220,0.038,0.705,0.126,-0.691,0.100,0.000,0.000,3651,0,-2,1,11,16.610,81.410,305,305,0,0,0
59890,0.177,12456613.000,0.009,-0.140,0.113,-0.088,-0.161,0.699,0.128,-0.696,0.097,0.000,-0.000,5576,0,-5,-10,11,16.610,81.410,305,305,0,0,0
59990,0.214,13497210.000,-0.003,0.260,-0.072,0.001,-0.081,0.701,0.131,-0.695,0.094,0.000,0.000,5093,0,3,-5,11,16.610,81.410,305,305,0,0,0
60090,0.207,14217971.000,-0.001,0.010,-0.010,-0.067,0.078,0.701,0.129,-0.695,0.093,0.000,0.000,4034,0,-2,-5,11,16.620,81.410,305,305,0,0,0
60190,0.194,14769339.000,-0.001,0.070,0.016,0.132,-0.010,0.701,0.128,-0.695,0.094,0.000,0.000,4915,0,4,-13,11,16.620,81.410,305,305,0,0,0
60290,0.212,15634690.000,-0.026,1.310,-0.064,0.118,-0.057,0.704,0.127,-0.692,0.091,0.000,0.000,5248,0,6,-10,11,16.620,81.410,305,305,0,0,0
60390,0.259,16912404.000,-0.077,0.340,-0.097,0.159,0.043,0.711,0.126,-0.686,0.085,0.000,0.001,3582,0,5,-10,11,16.620,81.410,305,305,0,0,0
60490,0.181,17046244.000,-0.134,0.510,-0.003,0.250,0.261,0.717,0.117,-0.681,0.090,0.000,0.001,2740,0,8,-18,11,16.610,81.410,305,305,0,0,0
60590,0.149,17237984.000,-0.210,0.090,0.324,0.097,0.070,0.725,0.118,-0.672,0.100,0.000,0.001,4496,0,-6,-22,11,16.610,81.410,305,305,0,0,0
60690,0.103,17220260.000,-0.127,0.280,0.319,-0.461,0.199,0.713,0.128,-0.680,0.115,0.000,0.000,3079,0,-17,-3,11,16.610,81.410,305,305,0,0,0
60790,0.016,16622062.000,0.004,0.430,0.233,-0.303,0.119,0.695,0.132,-0.695,0.129,0.000,-0.000,3776,0,-10,-6,11,16.610,81.410,305,305,0,0,0
60890,0.034,16778814.000,0.034,0.020,0.211,0.073,-0.213,0.690,0.141,-0.697,0.133,0.000,-0.000,5955,0,0,-16,11,16.620,81.410,305,305,0,0,0
60990,0.115,17835650.000,-0.022,-0.020,0.453,0.312,-0.123,0.696,0.156,-0.687,0.137,0.000,0.000,5146,0,-2,-29,11,16.620,81.410,305,305,0,0,0
61090,0.114,18186982.000,-0.091,-0.030,0.630,0.082,0.000,0.700,0.173,-0.675,0.158,0.000,0.000,4793,0,-13,-25,11,16.620,81.410,305,305,0,0,0
61190,0.103,18401462.000,-0.094,-0.360,0.642,-0.096,0.100,0.695,0.193,-0.669,0.181,0.000,0.000,4073,0,-16,-20,11,16.600,81.410,305,305,0,0,0
61290,0.042,18048206.000,-0.047,-0.480,0.589,-0.264,0.128,0.682,0.209,-0.670,0.206,0.000,0.000,3854,0,-19,-13,11,16.600,81.410,305,305,0,0,0
61390,-0.023,17495460.000,0.032,-0.270,0.629,-0.318,0.071,0.665,0.226,-0.674,0.228,0.000,0.000,4014,0,-23,-14,11,16.600,81.410,305,305,0,0,0
61490,-0.031,17375090.000,0.087,-0.250,0.657,-0.080,0.020,0.651,0.250,-0.672,0.248,0.000,-0.000,3890,0,-17,-21,11,16.600,81.410,305,305,0,0,0
61590,-0.059,17056070.000,0.099,-0.330,0.788,-0.061,0.038,0.640,0.270,-0.666,0.271,0.000,0.000,3571,0,-22,-23,11,16.630,81.410,305,305,0,0,0
61690,-0.110,16419834.000,0.085,-0.100,0.999,0.048,0.098,0.627,0.295,-0.654,0.304,0.000,0.000,2614,0,-25,-32,11,16.630,81.410,305,305,0,0,0
61790,-0.115,16055042.000,0.093,-0.050,0.990,-0.107,-0.191,0.611,0.326,-0.640,0.334,0.000,0.000,5098,0,-28,-26,11,16.630,81.410,305,305,0,0,0
61890,-0.070,16245775.000,0.103,-0.290,0.801,-0.098,-0.004,0.596,0.358,-0.624,0.357,0.000,-0.000,3161,0,-23,-20,11,16.630,81.410,305,305,0,0,0
61990,-0.080,15974980.000,0.128,-0.360,0.603,-0.038,-0.063,0.581,0.379,-0.614,0.375,0.000,-0.000,4125,0,-17,-19,11,16.620,81.410,305,305,0,0,0
62091,-0.029,16299032.000,0.112,0.220,0.458,0.000,-0.128,0.576,0.397,-0.601,0.387,0.000,-0.000,4602,0,-15,-16,11,16.620,81.410,305,305,0,0,0
62191,-0.005,16537609.000,0.130,-0.100,0.514,0.032,-0.076,0.566,0.414,-0.592,0.399,0.000,-0.001,4621,0,-15,-23,11,16.620,81.410,305,305,0,0,0
62290,0.039,17027182.000,0.102,-0.220,0.351,0.026,-0.176,0.562,0.429,-0.577,0.409,0.000,-0.001,5374,0,-12,-15,11,16.620,81.410,305,305,0,0,0
62390,0.088,17749450.000,0.108,-0.020,-0.013,-0.022,-0.066,0.560,0.438,-0.571,0.410,0.000,-0.001,4752,0,-4,-5,11,16.620,81.410,305,305,0,0,0
62490,0.083,18017808.000,0.086,-0.100,-0.292,-0.030,0.048,0.566,0.431,-0.573,0.407,0.000,-0.001,4196,0,0,1,11,16.620,81.410,305,305,0,0,0
62590,0.080,18201758.000,0.102,-0.090,-0.511,0.026,-0.011,0.573,0.419,-0.585,0.393,0.000,-0.001,4777,0,7,1,11,16.620,81.410,305,305,0,0,0
62690,0.050,18156532.000,0.082,-0.010,-0.374,-0.082,0.110,0.581,0.404,-0.592,0.386,0.000,-0.000,3753,0,-4,1,11,16.620,81.410,305,305,0,0,0
62790,0.024,18021200.000,0.110,0.120,-0.319,-0.144,0.093,0.582,0.395,-0.602,0.377,0.000,-0.001,3741,0,-5,1,11,16.620,81.410,305,305,0,0,0
62890,-0.002,17761162.000,0.092,-0.200,-0.377,0.031,0.006,0.589,0.382,-0.608,0.371,0.000,-0.000,4486,0,2,-1,11,16.620,81.410,305,305,0,0,0
62990,0.023,17942192.000,0.129,0.070,-0.497,-0.164,-0.067,0.594,0.373,-0.618,0.354,0.000,-0.001,4872,0,-1,8,11,16.620,81.410,305,305,0,0,0
63090,0.050,18259076.000,0.145,0.190,-0.270,-0.073,-0.047,0.601,0.364,-0.626,0.339,0.000,-0.001,4784,0,-7,-2,11,16.620,81.410,305,305,0,0,0
63190,0.098,18941986.000,0.143,0.020,-0.143,0.096,-0.209,0.606,0.362,-0.627,0.331,0.000,-0.001,5982,0,-3,-9,11,16.610,81.410,305,305,0,0,0
63290,0.148,19857688.000,0.119,0.010,-0.017,0.070,-0.063,0.612,0.362,-0.623,0.326,0.000,-0.001,5129,0,-6,-11,11,16.610,81.410,305,305,0,0,0
63390,0.130,20456236.000,0.087,0.020,0.037,0.058,-0.020,0.614,0.360,-0.621,0.329,0.000,-0.001,5030,0,-7,-11,11,16.610,81.410,305,305,0,0,0
63490,0.129,21001916.000,0.073,-0.120,0.097,0.000,-0.024,0.614,0.361,-0.618,0.332,0.000,-0.001,5184,0,-10,-10,11,16.610,81.410,305,305,0,0,0
63590,0.128,21449258.000,0.065,-0.020,0.158,0.024,0.038,0.613,0.363,-0.615,0.336,0.000,-0.000,4845,0,-10,-13,11,16.610,81.410,305,305,0,0,0
63690,0.118,21789038.000,0.068,0.210,0.231,-0.058,0.011,0.609,0.370,-0.612,0.344,0.000,-0.000,5113,0,-14,-12,11,16.610,81.410,305,305,0,0,0
63790,0.115,22125358.000,0.077,0.310,0.108,0.021,0.062,0.605,0.376,-0.610,0.349,0.000,-0.001,4749,0,-7,-10,11,16.610,81.410,305,305,0,0,0
63890,0.103,22333170.000,0.091,0.150,-0.189,-0.046,0.012,0.603,0.375,-0.612,0.348,0.000,-0.001,5173,0,-1,0,11,16.620,81.410,305,305,0,0,0
63990,0.057,22207346.000,0.076,0.000,-0.172,0.000,0.153,0.605,0.365,-0.616,0.348,0.000,-0.000,4015,0,-3,-4,11,16.620,81.410,305,305,0,0,0
64090,0.032,22113260.000,0.077,-0.040,-0.438,0.066,0.082,0.609,0.354,-0.622,0.341,0.000,-0.000,4350,0,7,1,11,16.620,81.410,305,305,0,0,0
64190,-0.021,21442976.000,0.055,0.000,-0.612,-0.011,0.293,0.618,0.333,-0.631,0.330,0.000,-0.000,1910,0,7,8,11,16.620,81.410,305,305,0,0,0
64291,-0.077,20648390.000,0.047,-0.200,-0.832,0.073,0.050,0.628,0.305,-0.644,0.313,0.000,0.000,4337,0,15,9,11,16.610,81.410,305,305,0,0,0
64390,-0.037,20467258.000,0.030,-0.040,-0.644,0.112,-0.017,0.643,0.281,-0.652,0.284,0.000,0.000,4749,0,9,-1,11,16.610,81.410,305,305,0,0,0
64490,0.002,20729154.000,-0.001,0.160,-0.423,0.032,-0.069,0.655,0.266,-0.655,0.266,0.000,0.000,4865,0,1,-3,11,16.610,81.410,305,305,0,0,0
64590,0.044,21123422.000,-0.035,-0.560,-0.224,0.112,-0.233,0.664,0.260,-0.653,0.256,0.000,0.000,6185,0,2,-9,11,16.610,81.410,305,305,0,0,0
64690,0.175,22673578.000,0.004,0.520,-0.316,-0.586,-0.303,0.666,0.265,-0.656,0.235,0.000,-0.000,6637,0,-16,19,11,16.610,81.410,305,305,0,0,0
64790,0.097,22656916.000,0.169,-0.590,-0.260,-0.113,0.580,0.649,0.252,-0.682,0.226,0.000,-0.001,0,3861,0,-1,11,16.610,81.410,305,305,0,0,0
64890,-0.071,21035626.000,0.184,-0.010,-0.273,-0.138,0.296,0.646,0.230,-0.691,0.228,0.000,-0.000,2628,0,-6,5,11,16.610,81.410,305,305,0,0,0
64990,-0.087,20455108.000,0.181,0.450,-0.249,0.124,-0.061,0.649,0.219,-0.694,0.220,0.000,0.000,5034,0,1,-3,11,16.610,81.410,305,305,0,0,0
65090,-0.053,20476862.000,0.137,0.370,-0.184,0.122,-0.183,0.657,0.214,-0.691,0.213,0.000,-0.000,5630,0,1,-4,11,16.620,81.410,305,305,0,0,0
65190,-0.057,20315172.000,0.098,0.390,-0.293,0.088,0.134,0.664,0.203,-0.689,0.206,0.000,0.000,2863,0,2,0,11,16.620,81.410,305,305,0,0,0
65290,-0.050,20136348.000,0.055,0.030,-0.246,0.381,-0.160,0.671,0.195,-0.686,0.200,0.000,0.000,5492,0,12,-12,11,16.620,81.410,305,305,0,0,0
65390,-0.010,20375732.000,0.003,0.010,-0.158,0.051,-0.003,0.680,0.192,-0.681,0.193,0.000,0.000,4226,0,0,-3,11,16.630,81.410,305,305,0,0,0
65490,-0.091,19477464.000,0.071,-0.070,-0.043,-0.368,0.191,0.671,0.183,-0.693,0.195,0.000,0.000,3341,0,-11,2,11,16.630,81.410,305,305,0,0,0
65590,-0.107,18985460.000,0.097,-0.870,-0.094,0.061,0.067,0.668,0.180,-0.696,0.192,0.000,0.000,3267,0,0,-6,11,16.630,81.410,305,305,0,0,0
65690,-0.199,17652676.000,0.064,-0.620,0.277,0.212,0.294,0.670,0.173,-0.693,0.203,0.000,0.000,0,2658,-8,-21,11,16.630,81.410,305,305,0,0,0
65790,-0.258,16325568.000,0.017,0.570,0.624,-0.009,-0.040,0.668,0.182,-0.685,0.224,0.000,0.000,3725,0,-22,-21,11,16.620,81.410,305,305,0,0,0
65890,-0.185,16244839.000,0.041,0.950,0.449,-0.073,-0.302,0.661,0.211,-0.680,0.237,0.000,0.000,5339,0,-13,-11,11,16.620,81.410,305,305,0,0,0
65990,-0.070,16821738.000,0.016,-0.440,0.282,0.071,-0.070,0.664,0.226,-0.672,0.237,0.000,0.000,3276,0,-8,-13,11,16.620,81.410,305,305,0,0,0
66090,-0.104,16220319.000,0.090,-0.580,-0.174,-0.157,0.000,0.653,0.231,-0.679,0.241,0.000,0.000,3681,0,2,8,11,16.620,81.410,305,305,0,0,0
66190,-0.089,16023129.000,0.045,-0.920,-0.531,0.256,0.013,0.663,0.218,-0.678,0.229,0.000,0.000,3285,0,17,2,11,16.630,81.410,305,305,0,0,0
66290,-0.137,15227988.000,0.001,-0.460,-0.313,0.056,0.169,0.672,0.196,-0.680,0.219,0.000,0.000,0,674,0,-3,11,16.630,81.410,305,305,0,0,0
66390,-0.138,14662057.000,-0.014,-0.050,-0.467,0.119,-0.114,0.678,0.182,-0.681,0.207,0.000,-0.000,4342,0,11,1,11,16.630,81.410,305,305,0,0,0
66490,-0.066,14954132.000,-0.023,0.550,-0.543,-0.184,-0.202,0.686,0.170,-0.684,0.183,0.000,-0.000,4866,0,1,12,11,16.630,81.410,305,305,0,0,0
66590,0.025,15696187.000,0.066,1.750,-0.947,-0.283,-0.129,0.684,0.151,-0.699,0.143,0.000,-0.000,4050,0,12,18,11,16.610,81.410,305,305,0,0,0
66690,0.010,15630815.000,0.038,0.650,-0.681,-0.094,0.079,0.691,0.129,-0.700,0.125,0.000,-0.000,3209,0,6,14,11,16.610,81.410,305,305,0,0,0
66790,-0.032,15166982.000,0.106,-0.880,-0.784,0.071,0.159,0.687,0.097,-0.713,0.099,0.000,0.000,2252,0,15,8,11,16.610,81.410,305,305,0,0,0
66890,-0.040,14838049.000,0.048,-1.220,-0.196,0.196,-0.119,0.696,0.080,-0.708,0.085,0.000,0.000,4960,0,0,-11,11,16.610,81.410,305,305,0,0,0
66990,0.054,15748079.000,-0.031,0.100,0.106,0.278,-0.046,0.707,0.086,-0.698,0.077,0.000,0.000,3971,0,-1,-18,11,16.600,81.410,305,305,0,0,0
67090,0.023,15638574.000,-0.041,0.700,0.024,0.104,0.131,0.707,0.086,-0.697,0.083,0.000,0.000,2641,0,1,-9,11,16.600,81.410,305,305,0,0,0
67190,0.017,15519573.000,0.025,0.470,0.132,-0.188,-0.287,0.698,0.092,-0.704,0.089,0.000,-0.000,6343,0,-9,-3,11,16.600,81.410,305,305,0,0,0
67290,0.099,16581109.000,0.064,0.070,0.241,-0.351,-0.141,0.694,0.109,-0.706,0.090,0.000,-0.000,5115,0,-14,4,11,16.610,81.410,305,305,0,0,0
67390,0.117,17104336.000,0.086,-1.460,-0.278,0.108,0.088,0.691,0.111,-0.709,0.087,0.000,-0.000,3692,0,10,3,11,16.610,81.410,305,305,0,0,0
67490,0.103,17336236.000,0.085,-0.620,-0.300,0.017,-0.041,0.693,0.099,-0.710,0.078,0.000,-0.000,5037,0,3,3,11,16.610,81.410,305,305,0,0,0
67590,0.104,17701850.000,0.060,-0.290,-0.137,0.127,-0.070,0.696,0.092,-0.708,0.072,0.000,-0.000,5284,0,2,-5,11,16.610,81.410,305,305,0,0,0
67690,0.164,18701104.000,0.038,1.070,-0.151,-0.014,-0.183,0.700,0.092,-0.705,0.061,0.000,-0.000,6460,0,4,-4,12,16.620,81.410,305,305,0,0,0
67790,0.293,20659124.000,-0.006,0.820,-0.327,-0.098,-0.322,0.707,0.094,-0.700,0.043,0.000,0.000,6974,0,1,9,12,16.620,81.410,305,305,0,0,0
67890,0.321,22022110.000,0.070,0.700,-0.081,-0.266,0.146,0.698,0.089,-0.710,0.031,0.000,-0.001,4566,0,-11,4,12,16.620,81.410,305,305,0,0,0
67990,0.272,22632520.000,0.117,-0.620,0.112,-0.067,0.063,0.692,0.086,-0.716,0.036,0.000,-0.001,5590,0,-10,-5,12,16.620,81.410,305,305,0,0,0
68090,0.275,23755634.000,0.141,-0.520,0.497,-0.116,-0.013,0.689,0.097,-0.717,0.046,0.000,-0.002,5957,0,-24,-12,11,16.610,81.410,305,305,0,0,0
68190,0.249,24468646.000,0.163,-0.160,0.764,0.040,0.126,0.684,0.117,-0.717,0.068,0.000,-0.002,5025,0,-23,-21,11,16.610,81.410,305,305,0,0,0
68290,0.128,24291790.000,0.169,0.180,1.278,0.058,0.273,0.678,0.141,-0.713,0.112,0.000,-0.001,3760,0,-37,-34,11,16.610,81.410,305,305,0,0,0
68390,0.144,25028992.000,0.250,0.190,1.241,-0.264,-0.397,0.660,0.192,-0.710,0.153,0.000,-0.002,7706,0,-33,-20,11,16.610,81.410,305,305,0,0,0
68490,0.240,26929154.000,0.254,0.340,0.861,-0.091,-0.171,0.653,0.235,-0.698,0.177,0.000,-0.004,6353,0,-28,-11,11,16.610,81.410,305,305,0,0,0
68590,0.238,28021104.000,0.255,-0.060,0.573,0.084,0.108,0.647,0.257,-0.690,0.198,0.000,-0.004,5032,0,-18,-11,11,16.610,81.410,305,305,0,0,0
68690,0.170,28500986.000,0.250,-0.260,0.230,0.088,0.000,0.641,0.265,-0.687,0.216,0.000,-0.003,5941,0,-10,-3,11,16.610,81.410,305,305,0,0,0
68790,0.161,29101570.000,0.221,-0.150,-0.050,0.047,0.030,0.644,0.265,-0.683,0.220,0.000,-0.002,5685,0,-8,2,11,16.610,81.410,305,305,0,0,0
68890,0.142,29472138.000,0.222,0.420,0.112,-0.070,0.012,0.643,0.265,-0.683,0.224,0.000,-0.002,5943,0,-17,-1,11,16.610,81.410,305,305,0,0,0
68990,0.159,30151644.000,0.192,-0.470,0.110,0.140,-0.062,0.645,0.269,-0.678,0.227,0.000,-0.002,6346,0,-9,-7,11,16.610,81.410,305,305,0,0,0
69090,0.140,30620482.000,0.166,-0.160,-0.044,0.084,0.077,0.647,0.268,-0.675,0.232,0.000,-0.002,5522,0,-6,-1,11,16.610,81.410,305,305,0,0,0
69190,0.080,30664706.000,0.167,-0.090,-0.066,0.000,0.071,0.646,0.261,-0.678,0.234,0.000,-0.001,5506,0,-9,1,11,16.610,81.410,305,305,0,0,0
69290,0.048,30674372.000,0.183,0.310,0.010,-0.053,0.011,0.643,0.260,-0.680,0.237,0.000,-0.001,5783,0,-13,0,11,16.610,81.410,305,305,0,0,0
69390,0.048,30856470.000,0.182,0.040,0.061,0.033,-0.006,0.643,0.261,-0.680,0.238,0.000,-0.001,5776,0,-11,-4,11,16.610,81.410,305,305,0,0,0
69490,0.033,30872166.000,0.164,-0.200,0.010,0.119,0.056,0.644,0.261,-0.678,0.241,0.000,-0.001,5432,0,-7,-4,11,16.610,81.410,305,305,0,0,0
69590,0.031,31007788.000,0.138,-0.060,-0.052,0.003,-0.071,0.647,0.259,-0.675,0.242,0.000,-0.001,6123,0,-9,1,11,16.620,81.410,305,305,0,0,0
69690,0.054,31361124.000,0.128,-0.200,-0.058,0.021,-0.036,0.649,0.260,-0.674,0.240,0.000,-0.001,5912,0,-8,0,11,16.620,81.410,305,305,0,0,0
69790,0.056,31560866.000,0.135,0.140,-0.039,0.009,0.000,0.649,0.259,-0.675,0.238,0.000,-0.001,5809,0,-9,-1,11,16.620,81.410,305,305,0,0,0
69890,0.068,31881668.000,0.132,0.260,-0.017,0.003,-0.029,0.650,0.259,-0.674,0.237,0.000,-0.001,6011,0,-10,-2,11,16.620,81.410,305,305,0,0,0
69990,0.063,32078600.000,0.121,0.000,0.039,0.007,0.023,0.650,0.259,-0.673,0.238,0.000,-0.001,5748,0,-11,-3,11,16.610,81.410,305,305,0,0,0
70090,0.076,32420418.000,0.123,-0.040,-0.033,0.029,-0.048,0.650,0.260,-0.673,0.238,0.000,-0.001,6199,0,-8,-1,11,16.610,81.410,305,305,0,0,0
70190,0.087,32793860.000,0.121,-0.230,-0.026,0.002,-0.001,0.651,0.260,-0.673,0.235,0.000,-0.001,5978,0,-10,-1,11,16.610,81.410,305,305,0,0,0
70290,0.096,33197918.000,0.128,0.060,0.021,-0.014,-0.047,0.651,0.261,-0.673,0.234,0.000,-0.001,6320,0,-12,-2,11,16.610,81.410,305,305,0,0,0
70390,0.111,33712064.000,0.132,0.140,0.128,-0.003,-0.057,0.650,0.265,-0.672,0.236,0.000,-0.001,6431,0,-14,-5,11,16.630,81.410,305,305,0,0,0
70490,0.124,34289896.000,0.136,-0.290,0.221,0.067,0.006,0.648,0.273,-0.669,0.241,0.000,-0.001,6115,0,-14,-9,11,16.630,81.410,305,305,0,0,0
70590,0.133,34845448.000,0.095,0.000,0.377,0.033,-0.030,0.649,0.281,-0.661,0.250,0.000,-0.001,6324,0,-21,-14,11,16.630,81.410,305,305,0,0,0
70690,0.092,35003172.000,0.088,-0.310,1.282,0.130,0.107,0.638,0.304,-0.650,0.280,0.000,-0.001,5654,0,-42,-42,11,16.630,81.410,305,305,0,0,0
70790,0.066,35079240.000,-0.008,-0.890,1.677,0.408,-0.048,0.623,0.345,-0.616,0.336,0.000,-0.000,6563,0,-37,-54,11,16.630,81.410,305,305,0,0,0
70890,0.093,35606716.000,0.079,0.110,1.374,-0.400,-0.118,0.588,0.400,-0.595,0.376,0.000,-0.001,6877,0,-47,-16,11,16.630,81.410,305,305,0,0,0
70990,0.097,36171760.000,0.124,0.390,1.354,-0.374,0.000,0.555,0.444,-0.571,0.411,0.000,-0.001,6218,0,-54,-20,11,16.630,81.410,305,305,0,0,0
71090,0.141,37130556.000,0.182,0.120,1.227,0.121,-0.364,0.529,0.483,-0.545,0.436,0.000,-0.003,8143,0,-32,-32,11,16.630,81.410,305,305,0,0,0
71190,0.291,39453832.000,0.197,0.330,0.818,0.033,-0.411,0.512,0.522,-0.511,0.452,0.000,-0.004,8429,0,-27,-17,11,16.620,81.410,305,305,0,0,0
71290,0.358,41433568.000,0.170,0.110,0.307,0.130,-0.011,0.505,0.538,-0.489,0.465,0.000,-0.001,6995,0,-13,-7,11,16.620,81.410,305,305,0,0,0
71390,0.306,42168724.000,0.111,0.180,-0.131,0.288,0.117,0.504,0.534,-0.483,0.477,0.000,-0.001,6877,0,1,-5,11,16.620,81.410,305,305,0,0,0
71490,0.282,42919120.000,0.066,0.760,-0.298,-0.074,0.141,0.511,0.524,-0.486,0.478,0.000,-0.001,6736,0,-10,6,11,16.620,81.410,305,305,0,0,0
71590,0.223,43277284.000,-0.015,-0.110,-0.158,0.154,0.020,0.520,0.508,-0.490,0.482,0.000,0.000,7399,0,-9,-8,11,16.620,81.410,305,305,0,0,0
71690,0.257,44418068.000,-0.036,-0.550,0.053,0.300,-0.089,0.525,0.507,-0.486,0.481,0.000,0.000,7465,0,-9,-20,11,16.620,81.410,305,305,0,0,0
71790,0.256,45288720.000,-0.071,-0.340,0.066,0.066,0.000,0.525,0.506,-0.481,0.486,0.000,0.000,7445,0,-11,-11,11,16.620,81.410,305,305,0,0,0
71890,0.264,46272868.000,-0.083,-0.150,0.047,0.059,0.018,0.525,0.508,-0.478,0.488,0.000,0.001,7401,0,-10,-11,11,16.610,81.410,305,305,0,0,0
71990,0.230,46908600.000,-0.116,0.240,-0.073,0.070,0.178,0.525,0.503,-0.477,0.494,0.000,0.000,6598,0,-6,-9,11,16.610,81.410,305,305,0,0,0
72090,0.146,46822044.000,-0.099,0.630,0.204,-0.094,0.318,0.518,0.498,-0.485,0.498,0.000,0.000,5744,0,-21,-15,11,16.610,81.410,305,305,0,0,0
72190,0.041,46176016.000,-0.088,0.910,0.098,-0.200,0.054,0.505,0.499,-0.486,0.509,0.000,0.001,7155,0,-17,-3,11,16.610,81.410,305,305,0,0,0
72290,0.061,46517016.000,-0.070,0.230,-0.046,0.103,-0.001,0.507,0.501,-0.487,0.505,0.000,0.000,6981,0,-5,-12,11,16.630,81.410,305,305,0,0,0
72390,0.074,46849596.000,-0.122,-1.090,0.006,0.331,-0.089,0.512,0.497,-0.482,0.508,0.000,0.001,7487,0,0,-21,11,16.630,81.410,305,305,0,0,0
72491,0.147,47886080.000,-0.179,-0.340,-0.101,0.056,-0.153,0.522,0.496,-0.474,0.508,0.000,0.003,7788,0,-5,-8,11,16.630,81.410,305,305,0,0,0
72590,0.140,48446844.000,-0.236,-0.100,-0.306,0.126,0.082,0.531,0.486,-0.474,0.508,0.000,-0.002,6800,0,4,-7,11,16.630,81.410,305,305,0,0,0
72690,0.104,48711300.000,-0.248,0.910,-0.313,0.036,-0.074,0.538,0.475,-0.483,0.502,0.000,-0.002,7690,0,1,-8,11,16.610,81.410,305,305,0,0,0
72790,0.147,49664756.000,-0.198,0.640,-0.110,-0.054,0.123,0.542,0.476,-0.491,0.489,0.000,-0.001,6398,0,-8,-11,11,16.610,81.410,305,305,0,0,0
72890,0.127,49962780.000,-0.143,0.170,-0.096,-0.201,0.014,0.541,0.475,-0.501,0.481,0.000,-0.000,7332,0,-13,-7,11,16.610,81.410,305,305,0,0,0
72990,0.148,50565736.000,-0.134,-0.840,0.252,0.117,-0.116,0.538,0.480,-0.497,0.483,0.000,-0.000,8032,0,-11,-24,11,16.610,81.410,305,305,0,0,0
73090,0.166,51275556.000,-0.166,-0.730,0.178,0.134,0.038,0.535,0.485,-0.487,0.491,0.000,-0.000,7348,0,-6,-19,11,16.620,81.410,305,305,0,0,0
73190,0.120,51459796.000,-0.194,-0.210,-0.024,0.019,0.200,0.533,0.482,-0.485,0.498,0.000,-0.001,6560,0,-5,-11,11,16.620,81.410,305,305,0,0,0
73290,0.061,51200592.000,-0.187,0.030,-0.241,-0.002,0.103,0.531,0.477,-0.491,0.500,0.000,-0.001,7062,0,2,-5,11,16.620,81.410,305,305,0,0,0
73390,-0.012,50722200.000,-0.179,0.660,-0.134,-0.068,0.242,0.530,0.468,-0.501,0.499,0.000,-0.002,5998,0,-6,-9,11,16.620,81.410,305,305,0,0,0
73490,-0.085,49921420.000,-0.124,0.670,-0.180,-0.138,0.208,0.526,0.463,-0.514,0.494,0.000,-0.001,5880,0,-7,-6,11,16.630,81.410,305,305,0,0,0
73590,-0.068,49791692.000,-0.122,-0.710,-0.412,0.203,-0.369,0.532,0.459,-0.518,0.487,0.000,-0.001,8623,0,11,-8,11,16.630,81.410,305,305,0,0,0
73690,-0.010,50205860.000,-0.133,-0.120,-0.186,-0.121,-0.090,0.543,0.455,-0.520,0.477,0.000,-0.001,7282,0,-9,-5,11,16.630,81.410,305,305,0,0,0
73790,0.014,50439500.000,-0.109,-0.110,-0.198,0.094,-0.084,0.546,0.454,-0.525,0.469,0.000,-0.001,7422,0,1,-11,11,16.620,81.410,305,305,0,0,0
73890,0.034,50728696.000,-0.123,0.110,-0.403,0.208,-0.066,0.556,0.446,-0.529,0.461,0.000,-0.001,7425,0,10,-8,11,16.620,81.410,305,305,0,0,0
73990,0.046,51058312.000,-0.151,0.200,-0.516,0.006,-0.023,0.568,0.434,-0.535,0.450,0.000,-0.001,7274,0,5,0,11,16.620,81.410,305,305,0,0,0
74090,0.021,51037604.000,-0.124,-0.070,-0.323,-0.061,0.091,0.573,0.423,-0.548,0.438,0.000,-0.001,6759,0,-2,-5,11,16.620,81.410,305,305,0,0,0
74190,0.018,51054436.000,-0.116,-0.230,-0.177,0.100,-0.102,0.578,0.417,-0.554,0.431,0.000,-0.000,7770,0,0,-13,11,16.630,81.450,305,305,0,0,0
74290,0.045,51444600.000,-0.124,-0.040,-0.187,-0.082,0.060,0.583,0.414,-0.555,0.425,0.000,-0.000,6841,0,-5,-4,11,16.630,81.450,305,305,0,0,0
74390,-0.016,50987116.000,-0.123,-0.240,-0.226,-0.052,0.097,0.584,0.404,-0.562,0.423,0.000,-0.001,6821,0,-2,-4,11,16.630,81.450,305,305,0,0,0
74490,-0.021,50832928.000,-0.122,0.000,-0.162,0.073,-0.167,0.588,0.399,-0.566,0.419,0.000,-0.001,8039,0,0,-11,11,16.630,81.450,305,305,0,0,0
74590,0.067,51729440.000,-0.108,0.160,0.101,-0.107,-0.156,0.592,0.405,-0.564,0.410,0.000,-0.000,7679,0,-13,-15,11,16.620,81.410,305,305,0,0,0
74691,0.102,52356688.000,-0.115,-0.080,0.208,-0.009,0.007,0.591,0.411,-0.558,0.413,0.000,-0.000,7250,0,-12,-16,11,16.620,81.410,305,305,0,0,0
74790,0.135,52998468.000,-0.080,0.180,0.177,-0.174,-0.138,0.585,0.421,-0.556,0.413,0.000,0.000,8162,0,-15,-9,11,16.620,81.410,305,305,0,0,0
74890,0.159,53733572.000,-0.029,-0.220,0.129,-0.168,-0.066,0.578,0.431,-0.556,0.413,0.000,0.000,7979,0,-13,-7,11,16.620,81.410,305,305,0,0,0
74990,0.163,54418084.000,0.025,0.010,0.098,-0.114,0.008,0.570,0.440,-0.558,0.413,0.000,-0.000,7766,0,-11,-7,11,16.610,81.410,305,305,0,0,0
75090,0.155,54805416.000,0.028,0.130,0.180,0.079,0.100,0.567,0.442,-0.556,0.416,0.000,-0.000,7366,0,-10,-16,11,16.610,81.410,305,305,0,0,0
75190,0.119,54964688.000,-0.025,0.100,0.138,0.318,0.114,0.567,0.440,-0.550,0.427,0.000,0.000,7282,0,-1,-21,11,16.610,81.410,305,305,0,0,0
75290,0.088,55016880.000,-0.133,0.210,0.124,0.469,0.104,0.573,0.433,-0.539,0.440,0.000,-0.000,7255,0,4,-28,11,16.610,81.410,305,305,0,0,0
75390,0.078,55152736.000,-0.258,-0.080,0.232,0.383,0.000,0.580,0.427,-0.524,0.455,0.000,-0.002,7710,0,0,-29,11,16.610,81.410,305,305,0,0,0
75490,0.082,55493024.000,-0.361,0.160,0.182,0.360,-0.006,0.584,0.425,-0.509,0.467,0.000,-0.005,7656,0,5,-29,11,16.610,81.410,305,305,0,0,0
75590,0.101,56004504.000,-0.450,-0.040,0.019,0.334,-0.080,0.591,0.421,-0.497,0.475,0.000,-0.007,8042,0,11,-26,11,16.610,81.410,305,305,0,0,0
75690,0.108,56459624.000,-0.533,-0.100,0.016,0.242,0.077,0.599,0.415,-0.488,0.481,0.000,-0.011,7318,0,8,-28,11,16.620,81.410,305,305,0,0,0
75790,0.074,56487624.000,-0.584,0.050,0.010,0.083,-0.001,0.600,0.410,-0.484,0.487,0.000,-0.014,7842,0,6,-25,11,16.620,81.410,305,305,0,0,0
75890,0.091,56944800.000,-0.591,0.180,-0.044,-0.050,-0.093,0.602,0.410,-0.483,0.486,0.000,-0.014,8182,0,6,-21,11,16.620,81.410,305,305,0,0,0
75990,0.096,57330304.000,-0.559,0.020,-0.018,-0.194,0.044,0.601,0.412,-0.487,0.482,0.000,-0.012,7580,0,1,-19,11,16.620,81.410,305,305,0,0,0
76090,0.089,57675376.000,-0.489,0.100,-0.021,-0.236,-0.019,0.595,0.417,-0.495,0.477,0.000,-0.009,7914,0,0,-17,11,16.620,81.410,305,305,0,0,0
76190,0.100,58100140.000,-0.432,-0.040,-0.022,-0.186,0.020,0.591,0.421,-0.501,0.472,0.000,-0.007,7701,0,0,-18,11,16.620,81.410,305,305,0,0,0
76290,0.075,58182088.000,-0.386,0.040,0.006,-0.117,0.107,0.586,0.423,-0.507,0.470,0.000,-0.006,7374,0,1,-20,11,16.620,81.410,305,305,0,0,0
76390,0.043,58107364.000,-0.362,0.060,-0.033,-0.050,0.017,0.582,0.422,-0.511,0.470,0.000,-0.005,7853,0,4,-19,11,16.620,81.410,305,305,0,0,0
76490,0.050,58362272.000,-0.345,0.090,-0.031,-0.076,-0.140,0.582,0.423,-0.513,0.468,0.000,-0.005,8437,0,2,-18,11,16.610,81.410,305,305,0,0,0
76590,0.094,59012764.000,-0.323,0.580,0.080,-0.067,-0.106,0.582,0.429,-0.512,0.464,0.000,-0.004,8288,0,-1,-22,11,16.610,81.410,305,305,0,0,0
76691,0.115,59584784.000,-0.314,0.040,0.068,0.000,0.017,0.581,0.432,-0.510,0.464,0.000,-0.003,7826,0,2,-23,11,16.610,81.410,305,305,0,0,0
76791,0.097,59817700.000,-0.339,-0.020,0.014,0.119,0.139,0.581,0.429,-0.508,0.468,0.000,-0.004,7327,0,7,-25,11,16.610,81.410,305,305,0,0,0
76890,0.029,59442404.000,-0.375,0.140,-0.052,0.149,0.170,0.581,0.422,-0.509,0.475,0.000,-0.003,7184,0,10,-25,11,16.590,81.490,6329,882,259,60,0
76990,-0.012,59081228.000,-0.424,0.150,-0.053,0.166,0.047,0.584,0.414,-0.508,0.479,0.000,0.003,7628,0,11,-27,11,16.590,81.490,6329,882,259,60,0
77090,-0.023,58922480.000,-0.465,0.200,-0.010,0.127,0.021,0.588,0.409,-0.505,0.482,10000000.000,0.006,7905,0,10,-28,11,16.590,81.490,6329,882,259,60,0
77190,-0.020,58846504.000,-0.495,0.010,0.009,0.061,-0.058,0.590,0.407,-0.502,0.484,20000000.000,0.006,8525,0,9,-27,11,16.590,81.490,6329,882,259,60,0
77290,0.001,59000556.000,-0.501,0.020,0.018,0.001,-0.020,0.592,0.408,-0.500,0.483,35000000.000,0.004,8768,0,8,-26,11,16.580,81.330,7788,479,333,60,0
77390,-0.001,58966136.000,-0.494,0.060,0.012,-0.051,0.002,0.590,0.409,-0.500,0.483,45000000.000,0.002,9021,0,7,-25,11,16.580,81.330,7788,479,333,60,0
77490,-0.002,58995712.000,-0.474,0.000,-0.033,-0.094,-0.039,0.589,0.411,-0.503,0.481,55000000.000,0.004,9431,0,8,-23,11,16.580,81.330,7788,479,333,60,0
77590,0.000,59028560.000,-0.447,0.110,-0.012,-0.096,0.041,0.587,0.412,-0.506,0.479,70000000.000,0.006,9511,0,6,-24,11,16.580,81.330,7788,479,333,60,0
77690,-0.022,58768780.000,-0.425,0.000,-0.020,-0.068,0.024,0.584,0.412,-0.509,0.479,85000000.000,0.006,9998,0,8,-24,11,16.560,81.330,8741,418,361,60,0
77790,-0.022,58760968.000,-0.410,0.000,0.003,-0.030,-0.099,0.583,0.413,-0.511,0.478,95000000.000,0.007,10660,0,8,-26,11,16.560,81.330,8741,418,361,60,0
77890,0.013,59068868.000,-0.408,0.110,0.050,0.029,-0.049,0.585,0.416,-0.508,0.476,105000000.000,0.005,10665,0,8,-29,11,16.560,81.330,8741,418,361,60,0
77990,0.016,59086308.000,-0.423,-0.010,0.020,0.108,0.079,0.585,0.416,-0.506,0.478,120000000.000,0.001,10669,2486,12,-30,11,16.570,81.250,9861,416,415,60,0
78090,0.000,58971452.000,-0.459,-0.180,0.002,0.142,-0.043,0.588,0.412,-0.504,0.481,135000000.000,0.003,11444,2006,13,-33,11,16.570,81.250,9861,416,415,60,0
78190,0.024,59213016.000,-0.494,-0.080,0.041,0.109,-0.074,0.592,0.411,-0.499,0.482,155000000.000,0.003,11925,3576,12,-33,11,16.570,81.250,9861,416,415,60,0
78290,0.051,59564288.000,-0.520,0.110,0.050,0.056,-0.042,0.595,0.412,-0.494,0.483,165000000.000,-0.002,12074,4383,12,-32,11,16.570,81.250,9861,416,415,60,0
78390,0.053,59729316.000,-0.523,-0.020,-0.002,-0.032,0.060,0.595,0.412,-0.493,0.483,185000000.000,-0.004,12234,5943,12,-29,11,16.620,81.370,5399,414,238,60,0
78490,0.023,59592464.000,-0.501,-0.110,-0.013,-0.096,0.059,0.591,0.412,-0.497,0.484,200000000.000,-0.004,12555,6509,10,-28,11,16.620,81.370,5399,414,238,60,0
78590,0.014,59571088.000,-0.470,0.120,-0.022,-0.136,-0.001,0.588,0.413,-0.501,0.482,215000000.000,-0.001,12979,6823,9,-26,11,16.620,81.370,5399,414,238,60,0
78690,0.015,59628412.000,-0.429,0.210,0.000,-0.138,-0.022,0.585,0.416,-0.505,0.479,225000000.000,-0.001,13214,7098,8,-27,11,16.620,81.370,5399,414,238,60,0
78790,0.018,59720072.000,-0.394,-0.090,-0.003,-0.102,0.006,0.582,0.420,-0.509,0.476,240000000.000,-0.001,13418,7742,9,-27,11,16.600,81.410,6720,415,291,60,0
78890,0.015,59752372.000,-0.375,0.120,-0.010,-0.018,0.000,0.581,0.421,-0.510,0.475,255000000.000,-0.001,13711,8186,12,-29,11,16.600,81.410,6720,415,291,60,0
78990,0.021,59892660.000,-0.380,0.030,-0.001,0.049,-0.024,0.582,0.420,-0.510,0.474,265000000.000,0.001,13948,8394,13,-31,11,16.600,81.410,6720,415,291,60,0
79090,0.018,59938160.000,-0.402,0.110,-0.009,0.104,-0.002,0.583,0.418,-0.508,0.476,270000000.000,0.001,14118,8700,16,-33,11,16.600,81.410,6720,415,291,60,0
79190,0.020,60000000.000,-0.436,-0.020,-0.007,0.130,0.003,0.586,0.416,-0.504,0.478,285000000.000,0.001,14250,9053,17,-34,11,16.590,81.370,7668,1215,329,95,0
79290,0.012,59978048.000,-0.470,0.000,0.001,0.113,0.018,0.589,0.412,-0.502,0.481,300000000.000,0.001,14477,9509,17,-35,11,16.590,81.370,7668,1215,329,95,0
79390,-0.004,59874432.000,-0.495,0.310,-0.069,0.041,0.102,0.590,0.409,-0.500,0.484,310000000.000,0.001,14406,10123,18,-30,11,16.590,81.370,7668,1215,329,95,0
79490,-0.039,59474012.000,-0.477,-0.020,-0.006,-0.159,0.078,0.587,0.408,-0.504,0.485,330000000.000,0.001,14801,10532,10,-28,11,16.590,81.370,7668,1215,329,95,0
79590,-0.053,59171428.000,-0.403,-0.200,-0.037,-0.321,-0.010,0.580,0.413,-0.512,0.480,340000000.000,0.003,15132,10537,6,-22,12,16.460,81.130,14492,10224,629,442,0
79690,-0.053,58988016.000,-0.305,-0.160,-0.006,-0.411,0.020,0.572,0.420,-0.522,0.473,345000000.000,0.005,15097,10821,2,-20,12,16.460,81.130,14492,10224,629,442,0
79790,-0.057,58766164.000,-0.199,0.120,-0.029,-0.283,-0.049,0.562,0.428,-0.533,0.466,345000000.000,0.005,15259,10591,5,-21,12,16.460,81.130,14492,10224,629,442,0
79890,-0.039,58758476.000,-0.136,-0.050,-0.009,-0.087,-0.024,0.558,0.434,-0.538,0.459,350000000.000,0.007,15259,10824,8,-26,11,16.460,81.170,15290,10683,670,460,0
79990,-0.035,58671832.000,-0.130,0.030,-0.009,0.026,-0.027,0.558,0.434,-0.538,0.458,365000000.000,0.007,15535,11121,10,-27,11,16.460,81.170,15290,10683,670,460,0
80090,-0.029,58636448.000,-0.137,0.060,0.150,0.018,-0.066,0.559,0.434,-0.537,0.459,370000000.000,0.007,15717,11089,4,-33,11,16.460,81.170,15290,10683,670,460,0
80190,-0.006,58769500.000,-0.144,0.100,0.019,0.038,-0.041,0.561,0.435,-0.535,0.458,375000000.000,0.006,15743,11277,10,-28,11,16.460,81.170,15290,10683,670,460,0
80290,-0.003,58790620.000,-0.166,0.220,0.027,0.109,0.028,0.563,0.434,-0.533,0.460,380000000.000,0.005,15686,11573,12,-31,11,16.460,80.930,15723,10729,684,487,0
80390,-0.007,58724776.000,-0.201,0.180,0.012,0.129,0.004,0.566,0.431,-0.529,0.463,390000000.000,0.004,15918,11688,13,-32,11,16.460,80.930,15723,10729,684,487,0
80490,0.001,58785112.000,-0.240,0.040,0.029,0.139,-0.013,0.569,0.429,-0.525,0.465,395000000.000,0.003,16027,11753,14,-33,11,16.460,80.930,15723,10729,684,487,0
80590,0.008,58856724.000,-0.270,0.050,0.018,0.046,0.007,0.571,0.428,-0.521,0.468,405000000.000,0.001,16147,12011,12,-31,11,16.460,80.930,15723,10729,684,487,0
80690,-0.002,58749060.000,-0.261,-0.160,0.003,-0.153,0.057,0.570,0.428,-0.522,0.468,420000000.000,-0.000,16277,12452,7,-24,11,16.430,80.560,16181,12135,720,562,0
80790,-0.019,58557988.000,-0.196,0.020,0.004,-0.249,0.030,0.563,0.432,-0.530,0.464,435000000.000,-0.000,16555,12685,4,-22,11,16.430,80.560,16181,12135,720,562,0
80890,-0.018,58493344.000,-0.133,0.150,0.009,-0.197,-0.019,0.558,0.437,-0.535,0.460,455000000.000,-0.000,16937,12967,5,-23,11,16.430,80.560,16181,12135,720,562,0
80990,-0.014,58481280.000,-0.085,-0.070,0.000,-0.141,-0.007,0.553,0.441,-0.539,0.456,475000000.000,-0.001,17193,13394,6,-23,11,16.430,80.560,16181,12135,720,562,0
81090,-0.011,58434520.000,-0.048,-0.130,0.007,-0.102,-0.023,0.550,0.445,-0.543,0.453,485000000.000,-0.002,17393,13509,6,-24,11,16.370,78.630,17301,13623,746,552,0
81190,0.000,58512776.000,-0.025,-0.560,-0.011,-0.062,-0.022,0.549,0.447,-0.544,0.451,500000000.000,-0.001,17599,13794,7,-24,11,16.370,78.630,17301,13623,746,552,0
81290,-0.003,58500112.000,-0.018,0.200,0.002,-0.002,0.021,0.548,0.447,-0.545,0.450,520000000.000,-0.000,17801,14252,7,-26,11,16.370,78.630,17301,13623,746,552,0
81390,-0.001,58498700.000,-0.018,0.370,0.007,0.009,-0.013,0.548,0.447,-0.545,0.450,545000000.000,-0.000,18219,14597,7,-26,11,16.370,78.630,17301,13623,746,552,0
81490,0.009,58603028.000,-0.037,0.140,0.011,0.134,-0.013,0.550,0.447,-0.543,0.451,550000000.000,-0.001,18285,14686,11,-30,12,16.350,77.990,18315,14619,817,638,0
81590,0.006,58597132.000,-0.080,-0.160,0.004,0.124,0.016,0.554,0.443,-0.539,0.454,565000000.000,-0.001,18445,14993,11,-29,12,16.350,77.990,18315,14619,817,638,0
81690,-0.004,58520872.000,-0.094,-0.020,0.000,-0.054,0.012,0.555,0.441,-0.538,0.456,585000000.000,-0.001,18719,15316,6,-24,12,16.350,77.990,18315,14619,817,638,0
81790,-0.008,58467020.000,-0.059,-0.030,0.017,-0.209,-0.026,0.551,0.444,-0.541,0.454,610000000.000,-0.002,19120,15634,2,-21,12,16.350,77.990,18315,14619,817,638,0
81890,0.006,58587112.000,0.010,-0.150,-0.014,-0.190,-0.036,0.546,0.450,-0.547,0.448,620000000.000,-0.003,19257,15785,3,-20,11,16.290,77.710,19011,15625,886,686,0
81990,0.021,58775492.000,0.048,0.100,-0.017,-0.034,-0.039,0.543,0.454,-0.549,0.444,635000000.000,-0.002,19477,15989,7,-23,11,16.290,77.710,19011,15625,886,686,0
82090,0.031,58910152.000,0.051,-0.390,0.014,-0.017,0.016,0.543,0.455,-0.549,0.443,645000000.000,-0.002,19518,16249,5,-24,11,16.290,77.710,19011,15625,886,686,0
82190,0.016,58872224.000,0.040,-0.490,-0.003,0.142,0.068,0.544,0.453,-0.549,0.445,660000000.000,-0.001,19622,16582,11,-28,12,16.270,77.670,19801,16556,817,713,0
82290,-0.001,58744076.000,-0.022,0.120,0.000,0.242,0.008,0.549,0.446,-0.544,0.451,670000000.000,-0.001,19852,16610,14,-32,12,16.270,77.670,19801,16556,817,713,0
82390,-0.002,58738392.000,-0.079,0.000,-0.006,0.072,0.010,0.554,0.442,-0.539,0.455,685000000.000,-0.000,20012,16868,9,-27,12,16.270,77.670,19801,16556,817,713,0
82490,-0.006,58699656.000,-0.087,0.100,-0.021,-0.048,0.019,0.555,0.441,-0.539,0.455,700000000.000,0.001,20178,17113,7,-24,12,16.270,77.670,19801,16556,817,713,0
82590,-0.014,58607696.000,-0.049,0.090,-0.003,-0.202,0.016,0.551,0.443,-0.544,0.452,710000000.000,0.003,20304,17256,2,-20,12,16.200,77.670,20161,17182,936,763,0
82691,-0.013,58553952.000,0.004,-0.240,-0.024,-0.137,-0.014,0.547,0.446,-0.549,0.448,725000000.000,0.005,20539,17411,5,-21,12,16.200,77.670,20161,17182,936,763,0
82791,-0.003,58613044.000,0.050,-0.770,-0.003,-0.172,-0.040,0.543,0.450,-0.553,0.443,730000000.000,0.006,20641,17434,2,-20,12,16.200,77.670,20161,17182,936,763,0
82891,0.003,58681240.000,0.092,-0.840,0.007,-0.064,-0.003,0.540,0.454,-0.556,0.440,755000000.000,0.005,20953,17915,6,-23,12,16.200,77.670,20161,17182,936,763,0
82990,0.011,58777672.000,0.080,-3.850,0.009,0.112,-0.013,0.541,0.454,-0.555,0.440,775000000.000,0.005,21145,18107,9,-27,12,16.200,77.670,20161,17182,936,763,0
83090,0.017,58882984.000,0.020,-0.520,0.017,0.244,-0.006,0.547,0.450,-0.549,0.445,785000000.000,0.004,21262,18246,12,-31,12,16.160,77.140,21141,18050,964,827,0
83190,0.016,58939748.000,-0.047,-1.900,-0.019,0.183,0.014,0.553,0.445,-0.543,0.450,790000000.000,0.005,21294,18345,13,-28,12,16.160,77.140,21141,18050,964,827,0
83290,0.012,58935760.000,-0.064,-0.710,0.008,-0.013,0.000,0.554,0.443,-0.541,0.451,795000000.000,0.004,21387,18374,7,-25,12,16.160,77.140,21141,18050,964,827,0
83390,0.010,58951700.000,-0.038,-0.550,-0.013,-0.127,-0.001,0.552,0.445,-0.544,0.449,795000000.000,0.006,21382,18380,5,-21,13,16.150,76.860,21413,18450,965,803,0
83490,0.016,59042532.000,0.022,-0.350,0.003,-0.250,-0.031,0.547,0.449,-0.549,0.444,810000000.000,0.007,21605,18526,0,-18,13,16.150,76.860,21413,18450,965,803,0
83590,0.023,59197908.000,0.085,-1.900,0.033,-0.152,0.031,0.541,0.455,-0.554,0.439,820000000.000,0.005,21610,18789,1,-21,13,16.150,76.860,21413,18450,965,803,0
83690,0.002,59058408.000,0.128,0.690,0.003,-0.134,0.048,0.536,0.457,-0.559,0.438,835000000.000,0.003,21772,19000,2,-19,13,16.150,76.860,21413,18450,965,803,0
83790,-0.014,58877188.000,0.167,-4.470,0.032,-0.139,0.059,0.531,0.459,-0.563,0.436,845000000.000,0.002,21854,19168,-1,-19,13,16.090,75.650,21739,19157,1020,845,0
83890,-0.042,58497800.000,0.199,-2.680,0.004,-0.050,0.046,0.526,0.460,-0.567,0.436,860000000.000,0.001,22024,19363,2,-19,13,16.090,75.650,21739,19157,1020,845,0
83990,-0.046,58333968.000,0.207,-4.040,0.006,0.018,0.031,0.525,0.460,-0.568,0.435,860000000.000,0.002,22009,19380,3,-21,13,16.090,75.650,21739,19157,1020,845,0
84090,-0.047,58158676.000,0.187,-3.610,0.000,0.128,0.013,0.527,0.458,-0.567,0.437,860000000.000,0.003,22027,19360,6,-24,13,16.090,75.650,21739,19157,1020,845,0
84190,-0.048,57974704.000,0.148,-1.600,0.000,0.127,-0.004,0.531,0.455,-0.563,0.440,870000000.000,0.002,22168,19457,6,-24,13,16.060,75.010,21978,19379,1023,877,0
84290,-0.038,57921764.000,0.122,-0.130,0.002,0.041,-0.027,0.534,0.454,-0.560,0.441,880000000.000,0.002,22307,19555,4,-22,13,16.060,75.010,21978,19379,1023,877,0
84390,-0.025,57928156.000,0.117,-0.540,-0.017,0.010,-0.008,0.535,0.455,-0.559,0.440,885000000.000,0.003,22339,19646,4,-21,13,16.060,75.010,21978,19379,1023,877,0
84490,-0.018,57911540.000,0.122,-1.540,-0.043,-0.084,-0.032,0.536,0.455,-0.560,0.439,885000000.000,0.006,22402,19574,1,-17,13,16.060,75.010,21978,19379,1023,877,0
84590,-0.011,57924372.000,0.170,-2.150,0.012,-0.231,0.002,0.532,0.458,-0.564,0.434,885000000.000,0.007,22345,19639,-5,-14,13,16.030,74.850,22471,19646,1011,875,0
84690,-0.017,57825916.000,0.224,0.390,-0.023,-0.116,0.016,0.527,0.462,-0.569,0.430,885000000.000,0.008,22331,19655,0,-16,13,16.030,74.850,22471,19646,1011,875,0
84790,-0.013,57797020.000,0.220,-3.480,-0.001,0.113,-0.017,0.528,0.461,-0.569,0.430,895000000.000,0.010,22486,19733,6,-23,13,16.030,74.850,22471,19646,1011,875,0
84891,-0.010,57792476.000,0.160,-3.100,0.020,0.267,0.012,0.533,0.457,-0.564,0.435,905000000.000,0.009,22553,19909,9,-27,13,16.030,74.850,22471,19646,1011,875,0
84990,-0.009,57765400.000,0.093,-2.270,0.024,0.161,0.007,0.539,0.453,-0.557,0.440,910000000.000,0.006,22620,19958,6,-24,13,16.010,74.770,22675,19841,1023,946,0
85090,-0.019,57636520.000,0.070,-2.360,0.001,0.019,0.038,0.540,0.451,-0.555,0.443,910000000.000,0.004,22572,20013,4,-20,13,16.010,74.770,22675,19841,1023,946,0
85190,-0.022,57528020.000,0.085,-2.360,0.000,-0.060,0.010,0.539,0.452,-0.556,0.443,915000000.000,0.004,22666,20032,2,-19,13,16.010,74.770,22675,19841,1023,946,0
85290,-0.025,57426860.000,0.100,-1.650,-0.006,-0.042,0.017,0.537,0.453,-0.558,0.442,920000000.000,0.004,22701,20116,2,-19,13,16.010,74.770,22675,19841,1023,946,0
85390,-0.033,57235260.000,0.111,-1.100,-0.014,-0.039,-0.019,0.536,0.453,-0.560,0.441,925000000.000,0.004,22817,20109,2,-19,14,16.010,74.610,22573,20202,1082,929,0
85490,-0.020,57250964.000,0.122,-1.060,-0.011,-0.076,-0.053,0.535,0.455,-0.560,0.439,925000000.000,0.005,22858,20063,0,-17,14,16.010,74.610,22573,20202,1082,929,0
85590,-0.013,57275316.000,0.171,-3.960,-0.026,-0.252,-0.002,0.532,0.458,-0.564,0.435,925000000.000,0.006,22779,20152,-5,-11,14,16.010,74.610,22573,20202,1082,929,0
85690,-0.023,57137784.000,0.255,-2.560,-0.026,-0.312,0.032,0.523,0.463,-0.573,0.428,935000000.000,0.008,22842,20328,-8,-8,15,15.970,74.690,22675,20449,1096,899,0
85790,-0.040,56860952.000,0.328,1.100,-0.024,-0.181,0.027,0.516,0.467,-0.580,0.423,950000000.000,0.009,23011,20506,-5,-11,15,15.970,74.690,22675,20449,1096,899,0
85890,-0.053,56580616.000,0.328,-0.910,0.000,0.163,0.019,0.515,0.466,-0.581,0.424,960000000.000,0.010,23107,20641,3,-21,15,15.970,74.690,22675,20449,1096,899,0
85990,-0.052,56394420.000,0.274,-2.530,0.006,0.189,0.018,0.521,0.462,-0.577,0.428,965000000.000,0.011,23140,20726,3,-21,15,15.970,74.690,22675,20449,1096,899,0
86090,-0.056,56169548.000,0.224,-2.850,-0.004,0.193,0.009,0.526,0.458,-0.572,0.433,965000000.000,0.011,23151,20713,4,-21,15,15.970,74.810,23310,20790,1034,924,0
86190,-0.056,55964156.000,0.167,-3.130,0.032,0.170,-0.006,0.530,0.454,-0.567,0.437,970000000.000,0.011,23223,20753,3,-22,15,15.970,74.810,23310,20790,1034,924,0
86290,-0.053,55796540.000,0.144,-1.530,0.012,-0.081,-0.013,0.532,0.453,-0.565,0.439,975000000.000,0.008,23279,20811,-3,-14,15,15.970,74.810,23310,20790,1034,924,0
86390,-0.051,55638828.000,0.204,-2.730,-0.002,-0.254,-0.007,0.526,0.458,-0.570,0.434,995000000.000,0.008,23483,21061,-7,-10,15,15.970,74.810,23310,20790,1034,924,0
86490,-0.056,55414652.000,0.256,-2.820,-0.003,-0.100,0.009,0.521,0.461,-0.574,0.431,1000000000.000,0.007,23514,21144,-3,-14,15,15.860,75.650,23310,21186,1154,960,0
86590,-0.065,55120360.000,0.268,-2.950,-0.033,0.026,0.018,0.520,0.461,-0.576,0.430,1000000000.000,0.008,23493,21167,0,-15,15,15.860,75.650,23310,21186,1154,960,0
86690,-0.076,54782852.000,0.254,-3.200,-0.029,0.064,0.018,0.521,0.459,-0.576,0.432,1000000000.000,0.010,23507,21152,0,-16,15,15.860,75.650,23310,21186,1154,960,0
86791,-0.078,54487052.000,0.238,0.870,-0.019,0.037,-0.004,0.523,0.458,-0.575,0.433,1000000000.000,0.011,23498,21163,-1,-15,15,15.860,75.650,23310,21186,1154,960,0
86891,-0.086,54138148.000,0.239,-0.860,0.009,-0.061,0.028,0.522,0.457,-0.575,0.433,1010000000.000,0.011,23540,21351,-5,-13,15,15.900,75.570,23474,21186,1100,999,0
86991,-0.094,53754404.000,0.254,-0.850,0.008,0.019,0.012,0.520,0.458,-0.577,0.433,1025000000.000,0.010,23730,21492,-2,-17,15,15.900,75.570,23474,21186,1100,999,0
87090,-0.088,53469832.000,0.205,-2.980,-0.009,0.282,-0.039,0.525,0.455,-0.572,0.436,1035000000.000,0.010,23883,21555,7,-23,15,15.900,75.570,23474,21186,1100,999,0
87190,-0.079,53273516.000,0.136,-2.360,-0.022,0.147,0.023,0.532,0.450,-0.566,0.440,1045000000.000,0.012,23878,21790,3,-18,15,15.900,75.570,23474,21186,1100,999,0
87290,-0.088,52883716.000,0.121,0.900,-0.052,-0.024,0.009,0.534,0.447,-0.566,0.441,1045000000.000,0.015,23911,21754,-1,-13,15,15.840,77.790,23980,21786,1088,1013,0
87390,-0.079,52651704.000,0.160,-0.680,-0.034,-0.176,-0.057,0.532,0.450,-0.570,0.437,1045000000.000,0.018,24002,21654,-5,-10,15,15.840,77.790,23980,21786,1088,1013,0
87490,-0.064,52554780.000,0.201,-1.480,-0.006,-0.073,-0.021,0.529,0.454,-0.573,0.432,1045000000.000,0.019,23942,21721,-3,-14,15,15.840,77.790,23980,21786,1088,1013,0
87590,-0.060,52373612.000,0.188,-3.080,-0.010,0.139,0.008,0.530,0.453,-0.571,0.433,1045000000.000,0.020,23906,21760,3,-19,15,15.840,77.790,23980,21786,1088,1013,0
87690,-0.073,52028392.000,0.113,0.390,0.017,0.279,0.052,0.536,0.446,-0.565,0.440,1050000000.000,0.020,23891,21891,6,-24,15,15.820,78.430,23696,21929,1164,973,0
87790,-0.090,51578064.000,0.079,-0.820,0.026,-0.080,0.058,0.539,0.443,-0.563,0.443,1060000000.000,0.019,23974,22028,-5,-13,15,15.820,78.430,23696,21929,1164,973,0
87890,-0.107,51090528.000,0.127,0.660,-0.003,-0.147,0.014,0.533,0.445,-0.568,0.441,1075000064.000,0.019,24173,22151,-4,-12,15,15.820,78.430,23696,21929,1164,973,0
87990,-0.109,50684044.000,0.147,-1.170,-0.006,0.052,-0.002,0.531,0.446,-0.570,0.439,1075000064.000,0.020,24176,22148,2,-18,15,15.810,80.400,24096,22075,1148,1052,0
88090,-0.098,50419304.000,0.116,0.420,-0.010,0.150,-0.038,0.535,0.445,-0.567,0.441,1075000064.000,0.020,24215,22105,4,-20,15,15.810,80.400,24096,22075,1148,1052,0
88190,-0.076,50301044.000,0.058,-1.130,0.012,0.189,-0.048,0.542,0.442,-0.561,0.443,1075000064.000,0.022,24231,22087,4,-22,15,15.810,80.400,24096,22075,1148,1052,0
88290,-0.060,50189532.000,0.062,-0.730,-0.014,-0.143,-0.020,0.543,0.443,-0.561,0.441,1075000064.000,0.023,24202,22120,-4,-12,15,15.810,80.400,24096,22075,1148,1052,0
88390,-0.061,49989100.000,0.098,1.300,-0.003,-0.110,0.029,0.540,0.445,-0.564,0.439,1075000064.000,0.024,24137,22190,-3,-13,15,15.800,80.930,24213,22421,1112,974,0
88490,-0.068,49700756.000,0.115,-2.490,-0.009,-0.033,0.008,0.538,0.446,-0.566,0.438,1084999936.000,0.024,24274,22266,-1,-15,15,15.800,80.930,24213,22421,1112,974,0
88590,-0.075,49387792.000,0.143,-2.060,0.003,-0.143,0.056,0.534,0.447,-0.569,0.436,1099999744.000,0.024,24343,22526,-5,-11,15,15.800,80.930,24213,22421,1112,974,0
88690,-0.082,49044532.000,0.190,0.500,-0.020,-0.179,0.017,0.530,0.450,-0.574,0.433,1104999680.000,0.024,24439,22533,-6,-9,15,15.800,80.930,24213,22421,1112,974,0
88790,-0.087,48705928.000,0.213,-1.170,-0.002,0.033,0.041,0.528,0.451,-0.577,0.431,1114999552.000,0.027,24490,22699,-1,-16,16,15.720,81.810,24630,22779,1125,1036,0
88890,-0.111,48137264.000,0.175,-2.130,0.011,0.143,0.070,0.530,0.446,-0.574,0.436,1139999232.000,0.025,24688,23033,1,-17,16,15.720,81.810,24630,22779,1125,1036,0
88990,-0.131,47533628.000,0.144,0.430,0.000,0.066,0.043,0.531,0.444,-0.572,0.440,1144999168.000,0.024,24754,23071,-1,-15,16,15.720,81.810,24630,22779,1125,1036,0
89090,-0.128,47066680.000,0.140,-0.740,0.013,-0.040,-0.079,0.532,0.443,-0.572,0.440,1144999168.000,0.025,24917,22894,-4,-13,16,15.720,81.810,24630,22779,1125,1036,0
89190,-0.114,46792416.000,0.161,0.870,-0.031,-0.063,0.001,0.532,0.445,-0.574,0.436,1144999168.000,0.029,24749,23075,-2,-12,16,15.740,82.010,24691,23094,1181,1110,0
89290,-0.131,46206300.000,0.151,-0.900,-0.082,0.106,0.022,0.533,0.441,-0.575,0.437,1144999168.000,0.033,24753,23071,4,-14,16,15.740,82.010,24691,23094,1181,1110,0
89390,-0.155,45484836.000,0.107,1.440,-0.180,0.154,0.086,0.537,0.434,-0.574,0.439,1144999168.000,0.042,24633,23200,9,-12,16,15.740,82.010,24691,23094,1181,1110,0
89490,-0.177,44701432.000,0.075,-2.350,0.012,0.081,0.083,0.540,0.429,-0.574,0.442,1144999168.000,0.047,24612,23222,1,-17,16,15.740,82.010,24691,23094,1181,1110,0
89590,-0.178,44053768.000,0.066,0.340,0.000,-0.033,-0.050,0.541,0.428,-0.573,0.443,1144999168.000,0.047,24773,23050,-2,-13,16,15.690,81.570,24691,23419,1179,1109,0
89690,-0.154,43703152.000,0.090,-2.440,-0.053,-0.121,-0.047,0.541,0.431,-0.575,0.438,1149999104.000,0.050,24791,23139,-2,-9,16,15.690,81.570,24691,23419,1179,1109,0
89790,-0.153,43163940.000,0.110,-1.110,-0.020,0.070,0.042,0.540,0.431,-0.577,0.435,1164998912.000,0.055,24823,23427,2,-16,16,15.690,81.570,24691,23419,1179,1109,0
89890,-0.173,42398904.000,0.079,0.040,0.018,0.082,0.011,0.542,0.427,-0.575,0.439,1164998912.000,0.054,24870,23377,1,-16,16,15.690,81.570,24691,23419,1179,1109,0
89990,-0.172,41813904.000,0.076,1.700,0.007,-0.072,-0.046,0.542,0.428,-0.575,0.440,1164998912.000,0.052,24917,23327,-3,-11,16,15.630,81.770,24691,23255,1202,1155,0
90090,-0.156,41392564.000,0.108,0.170,0.000,-0.140,-0.038,0.539,0.431,-0.577,0.437,1164998912.000,0.052,24889,23357,-5,-8,16,15.630,81.770,24691,23255,1202,1155,0
90190,-0.155,40875852.000,0.156,-2.180,0.024,-0.149,0.058,0.535,0.435,-0.581,0.432,1164998912.000,0.053,24747,23507,-6,-10,16,15.630,81.770,24691,23255,1202,1155,0
90290,-0.166,40224088.000,0.163,0.440,-0.057,0.127,-0.013,0.534,0.434,-0.583,0.432,1164998912.000,0.055,24851,23397,5,-15,16,15.630,81.770,24691,23255,1202,1155,0
90390,-0.152,39780616.000,0.128,-0.020,0.037,0.050,-0.024,0.539,0.432,-0.579,0.434,1164998912.000,0.055,24850,23398,-2,-14,16,15.640,81.770,24630,23419,1241,1102,0
90490,-0.158,39175176.000,0.122,-1.400,0.000,0.036,-0.019,0.538,0.432,-0.578,0.435,1164998912.000,0.053,24841,23407,0,-13,16,15.640,81.770,24630,23419,1241,1102,0
90590,-0.158,38609040.000,0.096,1.370,-0.024,0.126,-0.020,0.540,0.431,-0.575,0.438,1164998912.000,0.051,24829,23420,4,-15,16,15.640,81.770,24630,23419,1241,1102,0
90690,-0.156,38064660.000,0.067,-1.290,-0.031,0.061,0.004,0.543,0.429,-0.573,0.440,1164998912.000,0.050,24781,23471,2,-13,16,15.640,81.770,24630,23419,1241,1102,0
90790,-0.161,37479800.000,0.062,-0.680,-0.033,-0.002,0.068,0.543,0.428,-0.573,0.440,1164998912.000,0.052,24667,23591,0,-12,17,15.630,81.410,24813,23364,1166,1130,0
90890,-0.186,36645812.000,0.075,-0.220,-0.071,-0.111,0.050,0.542,0.425,-0.577,0.439,1164998912.000,0.058,24685,23573,-2,-8,17,15.630,81.410,24813,23364,1166,1130,0
90990,-0.212,35732816.000,0.142,0.840,-0.079,-0.268,0.057,0.536,0.426,-0.586,0.434,1164998912.000,0.066,24636,23624,-7,-3,17,15.630,81.410,24813,23364,1166,1130,0
91090,-0.255,34420824.000,0.160,-3.390,-0.152,0.148,0.107,0.533,0.422,-0.591,0.434,1164998912.000,0.073,24519,23745,9,-12,17,15.630,81.410,24813,23364,1166,1130,0
91190,-0.303,33110372.000,0.134,-1.940,-0.151,-0.007,0.138,0.536,0.412,-0.595,0.434,1169998848.000,0.089,24468,23902,1,-6,16,15.590,81.170,24570,23696,1116,1172,0
91290,-0.356,31403318.000,0.190,-2.170,0.029,-0.284,-0.114,0.530,0.410,-0.605,0.430,1179998720.000,0.099,24904,23660,-13,-4,16,15.590,81.170,24570,23696,1116,1172,0
91390,-0.443,29346598.000,0.238,-2.060,-1.012,-0.039,0.329,0.527,0.396,-0.622,0.423,1189998592.000,0.135,24238,24547,31,26,16,15.590,81.170,24570,23696,1116,1172,0
91490,-0.555,26498418.000,0.263,-0.100,-0.640,-0.089,0.417,0.534,0.368,-0.645,0.405,1189998592.000,0.212,23991,24787,8,9,16,15.590,81.170,24570,23696,1116,1172,0
91590,-0.180,23773488.000,0.148,-2.210,0.267,-0.059,-0.217,0.532,0.359,-0.655,0.399,1364116224.000,0.235,27192,24994,-13,-23,17,15.590,80.800,24096,24691,1105,1204,0
91690,0.266,23329016.000,0.093,1.430,-1.523,-0.071,0.127,0.539,0.329,-0.678,0.377,1389998592.000,0.323,27121,25582,31,23,17,15.590,80.800,24096,24691,1105,1204,0
91790,0.255,24670436.000,0.246,4.130,-0.537,0.222,-0.364,0.551,0.318,-0.683,0.357,1389998592.000,0.382,27477,25199,19,5,17,15.590,80.800,24096,24691,1105,1204,0
91890,-0.579,24127424.000,0.249,4.170,-0.358,0.442,-0.072,0.570,0.304,-0.680,0.346,1189998592.000,0.409,24194,24590,22,-3,17,15.600,78.510,25706,24937,1213,1124,0
91990,-0.615,21454444.000,0.144,-0.550,0.109,0.098,0.020,0.581,0.288,-0.676,0.351,1189998592.000,0.428,24337,24448,-1,-6,17,15.600,78.510,25706,24937,1213,1124,0
92090,-0.622,19271854.000,0.144,-1.460,-0.010,-0.059,-0.320,0.578,0.291,-0.675,0.354,1189998592.000,0.418,24802,23977,6,4,17,15.600,78.510,25706,24937,1213,1124,0
92190,-0.462,18991140.000,0.189,0.110,-0.298,-0.101,-0.472,0.587,0.299,-0.674,0.334,1189998592.000,0.438,24919,23854,11,13,17,15.600,78.510,25706,24937,1213,1124,0
92290,-0.206,19477862.000,0.209,-0.400,-0.112,0.047,-0.403,0.597,0.308,-0.671,0.314,1189998592.000,0.458,25039,23728,9,3,18,15.520,80.240,25000,23696,1208,1138,0
92390,0.322,20308902.000,0.441,-2.090,-0.308,0.038,0.382,0.602,0.303,-0.673,0.304,1189998592.000,0.490,24560,24224,11,17,18,15.520,80.240,25000,23696,1208,1138,0
92490,-0.361,18661208.000,0.172,-1.420,-0.886,0.074,0.400,0.608,0.263,-0.689,0.293,1189998592.000,0.553,23894,24881,35,23,18,15.520,80.240,25000,23696,1208,1138,0
92591,-0.493,16380551.000,0.177,-1.920,-0.324,-0.149,0.126,0.609,0.247,-0.697,0.288,1189998592.000,0.584,24210,24596,13,21,18,15.520,80.240,25000,23696,1208,1138,0
92691,-0.596,13701648.000,0.224,0.310,-0.773,-0.161,0.338,0.606,0.223,-0.714,0.271,1189998592.000,0.641,23759,25010,28,33,18,15.510,80.080,24038,24570,1105,1257,0
92790,-0.715,10295738.000,0.235,-0.440,-0.198,-0.107,0.232,0.603,0.199,-0.727,0.262,1189998592.000,0.686,23815,24957,9,13,18,15.510,80.080,24038,24570,1105,1257,0
92890,-0.779,7124047.500,0.247,0.230,-0.422,-0.047,0.081,0.599,0.194,-0.731,0.264,1189998592.000,0.690,23869,24905,28,29,18,15.510,80.080,24038,24570,1105,1257,0
92990,-0.674,5312171.000,0.297,0.290,-0.247,0.039,-0.461,0.609,0.177,-0.739,0.225,1189998592.000,0.767,24600,24183,11,11,18,15.510,80.080,24038,24570,1105,1257,0
93090,-0.617,3904805.500,0.339,-0.740,-0.144,-0.123,0.184,0.609,0.182,-0.741,0.216,1189998592.000,0.773,23525,25231,12,24,18,15.540,80.000,24213,24390,1062,1295,0
93190,-0.598,1783885.750,0.340,0.760,-0.156,0.258,-0.217,0.612,0.180,-0.741,0.211,1189998592.000,0.784,24267,24518,26,14,18,15.540,80.000,24213,24390,1062,1295,0
93290,-0.419,946065.375,0.238,0.960,0.050,0.524,-0.337,0.633,0.182,-0.724,0.204,1189998592.000,0.793,24513,24271,25,1,18,15.540,80.000,24213,24390,1062,1295,0
93390,-0.265,774388.312,0.183,0.590,0.112,0.116,-0.362,0.647,0.191,-0.710,0.200,1189998592.000,0.788,24625,24158,13,14,18,15.540,80.000,24213,24390,1062,1295,0
93490,-0.173,949548.000,0.201,1.500,0.420,0.050,-0.224,0.647,0.211,-0.703,0.204,1189998592.000,0.756,24475,24310,7,6,18,15.520,79.920,24390,24509,1187,1148,0
93590,-0.126,664891.625,0.134,1.160,0.649,0.447,0.094,0.651,0.226,-0.688,0.225,1189998592.000,0.706,24130,24652,15,-15,18,15.520,79.920,24390,24509,1187,1148,0
93690,-0.118,-149357.391,0.026,-0.200,0.662,0.264,0.212,0.655,0.238,-0.673,0.250,1189998592.000,0.655,24020,24759,8,-9,18,15.520,79.920,24390,24509,1187,1148,0
93790,-0.153,-1149150.250,-0.039,-0.250,0.728,0.038,-0.014,0.650,0.252,-0.660,0.279,1189998592.000,0.593,24352,24433,2,-7,18,15.520,79.920,24390,24509,1187,1148,0
93890,-0.165,-1728929.500,-0.020,-0.470,0.704,-0.299,0.002,0.635,0.281,-0.651,0.306,1189998592.000,0.511,24231,24553,-6,3,19,15.510,79.800,24330,24038,1202,1194,0
93990,-0.187,-2271190.500,0.069,-2.680,0.768,-0.091,0.026,0.618,0.303,-0.652,0.319,1189998592.000,0.457,24122,24660,-5,-11,19,15.510,79.800,24330,24038,1202,1194,0
94090,-0.187,-3024329.000,0.029,1.310,0.473,0.061,-0.059,0.613,0.318,-0.639,0.339,1189998592.000,0.403,24277,24508,6,-3,19,15.510,79.800,24330,24038,1202,1194,0
94190,-0.167,-3495835.500,0.012,-1.090,0.304,0.080,-0.028,0.607,0.333,-0.628,0.355,1189998592.000,0.353,24227,24557,12,1,19,15.530,79.520,24330,24630,1131,1119,0
94290,-0.137,-3781218.000,0.002,0.980,0.246,-0.013,-0.054,0.605,0.342,-0.621,0.361,1189998592.000,0.331,24247,24537,7,1,19,15.530,79.520,24330,24630,1131,1119,0
94390,-0.132,-4158015.750,0.021,0.220,0.236,-0.127,0.023,0.601,0.350,-0.619,0.365,1189998592.000,0.311,24139,24644,3,3,19,15.530,79.520,24330,24630,1131,1119,0
94490,-0.136,-4605629.000,0.056,-0.400,0.171,-0.012,-0.031,0.592,0.360,-0.618,0.371,1189998592.000,0.284,24212,24572,9,0,19,15.530,79.520,24330,24630,1131,1119,0
94590,-0.115,-4915574.500,0.024,0.610,0.157,0.233,-0.050,0.593,0.365,-0.611,0.377,1189998592.000,0.268,24258,24527,15,-7,20,15.500,79.640,24330,24271,1146,1223,0
94691,-0.116,-5357122.500,-0.023,-0.810,0.178,0.053,0.071,0.594,0.367,-0.603,0.386,1189998592.000,0.250,24083,24698,7,-2,20,15.500,79.640,24330,24271,1146,1223,0
94791,-0.134,-5969240.500,-0.024,0.700,0.129,-0.034,0.046,0.590,0.370,-0.601,0.392,1189998592.000,0.235,24107,24675,7,-1,20,15.500,79.640,24330,24271,1146,1223,0
94890,-0.150,-6642527.500,-0.026,-0.840,0.048,0.014,-0.048,0.588,0.371,-0.600,0.396,1189998592.000,0.225,24238,24547,12,1,20,15.500,79.640,24330,24271,1146,1223,0
94990,-0.144,-7081672.000,-0.022,0.930,0.139,-0.037,-0.003,0.586,0.375,-0.598,0.398,1189998592.000,0.218,24132,24651,6,-1,20,15.450,79.320,24271,24813,1117,1142,0
95090,-0.119,-7352632.500,-0.038,-0.750,0.203,0.107,-0.047,0.585,0.382,-0.591,0.404,1189998592.000,0.195,24190,24593,10,-7,20,15.450,79.320,24271,24813,1117,1142,0
95190,-0.094,-7517358.000,-0.053,-0.990,0.206,0.009,-0.017,0.583,0.388,-0.584,0.409,1189998592.000,0.174,24152,24631,7,-4,20,15.450,79.320,24271,24813,1117,1142,0
95290,-0.045,-7822460.000,-0.017,-0.130,0.063,-0.187,-0.023,0.577,0.394,-0.586,0.410,1189998592.000,0.162,24258,24526,5,6,20,15.450,79.320,24271,24813,1117,1142,0
95390,0.186,-7870467.500,-0.339,-0.990,0.146,-0.028,0.001,0.573,0.399,-0.586,0.412,1189998592.000,0.146,24564,24220,18,-15,20,15.420,79.320,24330,24449,1146,1194,0
95490,0.392,-6946206.500,-0.501,-0.610,0.154,-0.044,0.062,0.569,0.402,-0.583,0.418,1189998592.000,0.123,24604,24180,16,-14,20,15.420,79.320,24330,24449,1146,1194,0
95590,0.123,-6005692.500,-0.207,0.190,0.070,-0.153,0.048,0.563,0.406,-0.586,0.418,1189998592.000,0.125,24191,24592,6,1,20,15.420,79.320,24330,24449,1146,1194,0
95690,-0.142,-6369174.500,0.033,-0.270,0.160,0.238,-0.027,0.563,0.405,-0.585,0.420,1189998592.000,0.127,24108,24674,11,-11,20,15.420,79.320,24330,24449,1146,1194,0
95790,-0.125,-6728751.500,-0.011,0.800,-0.026,0.012,-0.058,0.566,0.406,-0.578,0.424,1189998592.000,0.118,24215,24569,11,2,20,15.440,78.990,24330,24509,1107,1216,0
95890,-0.122,-7124375.500,-0.031,-1.400,0.216,0.150,0.003,0.567,0.407,-0.575,0.428,1189998592.000,0.111,24143,24639,8,-12,20,15.440,78.990,24330,24509,1107,1216,0
95990,-0.093,-7260192.500,-0.065,0.480,0.303,0.032,-0.100,0.565,0.414,-0.564,0.437,1189998592.000,0.082,24294,24491,3,-9,20,15.440,78.990,24330,24509,1107,1216,0
96090,-0.087,-7508938.500,-0.037,-1.490,0.027,-0.244,-0.008,0.558,0.423,-0.562,0.440,1189998592.000,0.060,24177,24606,4,7,20,15.440,78.990,24330,24509,1107,1216,0
96190,-0.073,-7632798.500,0.031,0.580,-0.081,-0.176,-0.019,0.553,0.430,-0.566,0.435,1194998528.000,0.058,24229,24657,8,6,20,15.450,79.070,23866,25062,1235,1059,0
96290,-0.044,-7577243.500,0.052,-0.990,0.136,0.079,-0.101,0.550,0.436,-0.565,0.434,1209998336.000,0.049,24520,24673,7,-8,20,15.450,79.070,23866,25062,1235,1059,0
96390,0.016,-7103182.500,0.032,1.830,0.063,0.109,-0.174,0.556,0.439,-0.558,0.432,1219998208.000,0.047,24712,24684,9,-9,20,15.450,79.070,23866,25062,1235,1059,0
96490,0.048,-6707087.500,-0.017,-0.580,0.024,0.130,-0.074,0.560,0.439,-0.552,0.435,1219998208.000,0.043,24675,24721,11,-5,20,15.450,79.070,23866,25062,1235,1059,0
96590,0.060,-6370780.500,-0.020,-1.250,-0.202,-0.074,0.059,0.562,0.438,-0.552,0.433,1219998208.000,0.048,24497,24897,13,8,20,15.410,78.870,24449,24813,1243,1164,0
96690,0.048,-6297986.500,-0.017,-0.020,-0.040,0.093,0.034,0.565,0.433,-0.556,0.429,1219998208.000,0.064,24510,24885,12,-7,20,15.410,78.870,24449,24813,1243,1164,0
96790,0.020,-6469296.500,-0.071,1.150,-0.078,0.139,0.022,0.570,0.424,-0.555,0.432,1219998208.000,0.072,24590,24806,14,-5,20,15.410,78.870,24449,24813,1243,1164,0
96890,0.009,-6483077.000,-0.036,0.600,-0.027,-0.290,0.032,0.567,0.425,-0.560,0.429,1219998208.000,0.076,24542,24853,0,7,20,15.410,78.870,24449,24813,1243,1164,0
96990,-0.003,-6559527.000,0.028,-1.760,-0.094,-0.154,-0.006,0.562,0.428,-0.567,0.424,1219998208.000,0.082,24613,24783,9,5,21,15.360,78.550,24691,24691,1146,1234,0
97090,0.214,-5985620.500,-0.034,0.710,-0.219,0.043,-0.042,0.566,0.424,-0.572,0.416,1219998208.000,0.101,24871,24525,18,0,21,15.360,78.550,24691,24691,1146,1234,0
97190,0.224,-5102021.000,-0.009,-0.780,-0.063,-0.176,-0.013,0.567,0.422,-0.576,0.409,1219998208.000,0.116,24789,24607,4,4,21,15.360,78.550,24691,24691,1146,1234,0
97290,0.225,-4324776.000,0.042,1.410,0.031,-0.128,0.056,0.563,0.425,-0.582,0.405,1219998208.000,0.118,24707,24689,5,1,21,15.400,78.590,24813,24509,1162,1227,0
97390,0.056,-3906045.500,0.135,-1.860,0.098,-0.033,0.086,0.558,0.426,-0.584,0.406,1219998208.000,0.114,24468,24927,3,0,21,15.400,78.590,24813,24509,1162,1227,0
97490,-0.030,-4082171.000,0.128,-0.280,0.011,0.107,0.041,0.557,0.425,-0.584,0.410,1219998208.000,0.110,24522,24874,11,0,21,15.400,78.590,24813,24509,1162,1227,0
97590,-0.026,-4168426.500,0.077,1.230,0.047,0.230,-0.042,0.561,0.423,-0.578,0.415,1219998208.000,0.104,24659,24737,13,-5,21,15.400,78.590,24813,24509,1162,1227,0
97690,-0.005,-4078386.500,0.014,-0.880,0.101,0.177,-0.053,0.567,0.421,-0.570,0.420,1219998208.000,0.099,24677,24719,10,-6,21,15.370,78.670,24630,24813,1196,1175,0
97790,0.002,-4036026.500,-0.017,-0.970,0.379,0.072,0.014,0.566,0.425,-0.563,0.427,1219998208.000,0.081,24587,24809,-1,-13,21,15.370,78.670,24630,24813,1196,1175,0
97890,0.006,-3998995.750,-0.035,-0.820,-0.196,0.046,-0.068,0.561,0.432,-0.554,0.437,1219998208.000,0.050,24722,24675,22,10,21,15.370,78.670,24630,24813,1196,1175,0
97990,0.022,-3792303.500,-0.057,0.590,0.122,0.119,0.000,0.568,0.427,-0.555,0.432,1219998208.000,0.069,24617,24779,8,-11,21,15.370,78.670,24630,24813,1196,1175,0
98090,0.026,-3687192.500,-0.081,-0.910,-0.139,0.008,-0.042,0.572,0.423,-0.554,0.432,1219998208.000,0.075,24703,24693,14,2,21,15.370,78.390,24330,24875,1255,1168,0
98190,0.021,-3624689.250,-0.035,-1.720,-0.006,-0.146,0.106,0.566,0.428,-0.557,0.431,1219998208.000,0.068,24477,24917,7,3,21,15.370,78.390,24330,24875,1255,1168,0
98290,-0.020,-4012101.000,0.024,-0.620,-0.017,0.026,0.074,0.563,0.426,-0.560,0.434,1219998208.000,0.067,24532,24863,11,0,21,15.370,78.390,24330,24875,1255,1168,0
98390,-0.045,-4357551.000,0.019,-0.940,0.010,-0.012,0.036,0.562,0.424,-0.561,0.436,1219998208.000,0.067,24559,24837,8,0,21,15.370,78.390,24330,24875,1255,1168,0
98490,-0.059,-4623894.000,-0.009,-1.360,-0.030,-0.106,0.036,0.559,0.426,-0.564,0.435,1219998208.000,0.065,24519,24876,9,3,21,15.370,78.310,24937,24752,1108,1207,0
98590,-0.067,-4922833.500,0.006,0.780,-0.023,0.013,-0.001,0.558,0.425,-0.566,0.433,1219998208.000,0.070,24575,24820,10,-1,21,15.370,78.310,24937,24752,1108,1207,0
98690,-0.051,-4998826.000,0.003,0.990,0.012,-0.011,-0.056,0.559,0.426,-0.565,0.432,1219998208.000,0.070,24628,24769,8,-1,21,15.370,78.310,24937,24752,1108,1207,0
98790,-0.035,-4981269.500,0.033,-1.770,-0.117,-0.150,-0.026,0.558,0.427,-0.568,0.427,1219998208.000,0.076,24584,24812,8,9,21,15.370,78.310,24937,24752,1108,1207,0
98890,-0.004,-4794091.500,0.071,0.640,-0.402,-0.071,-0.128,0.562,0.425,-0.576,0.413,1219998208.000,0.106,24747,24649,19,13,21,15.330,78.430,24449,24875,1242,1163,0
98990,-0.014,-4879017.500,0.071,0.980,-0.258,0.000,0.051,0.567,0.417,-0.581,0.408,1219998208.000,0.127,24516,24879,15,8,21,15.330,78.430,24449,24875,1242,1163,0
99090,-0.024,-5054207.500,0.069,0.220,-0.040,0.013,0.007,0.569,0.412,-0.585,0.405,1219998208.000,0.142,24583,24813,9,1,21,15.330,78.430,24449,24875,1242,1163,0
99190,-0.029,-5185878.500,0.061,-1.280,-0.022,0.017,0.050,0.570,0.410,-0.585,0.405,1219998208.000,0.144,24498,24897,10,4,21,15.330,78.430,24449,24875,1242,1163,0
99290,-0.038,-5391495.500,0.074,-2.740,0.013,-0.126,-0.018,0.569,0.410,-0.587,0.404,1219998208.000,0.146,24597,24799,5,7,22,15.320,78.350,24570,24691,1167,1254,0
99390,-0.019,-5288944.500,0.123,0.250,0.006,-0.154,-0.063,0.565,0.416,-0.589,0.401,1219998208.000,0.141,24645,24751,5,9,22,15.320,78.350,24570,24691,1167,1254,0
99490,-0.019,-5298299.500,0.154,1.380,0.058,-0.052,0.029,0.562,0.419,-0.592,0.399,1219998208.000,0.140,24516,24879,5,4,22,15.320,78.350,24570,24691,1167,1254,0
99590,-0.020,-5368505.000,0.166,0.600,-0.019,-0.102,-0.039,0.560,0.420,-0.593,0.398,1219998208.000,0.139,24630,24766,5,10,22,15.330,78.030,24875,24752,1131,1196,0
99690,-0.023,-5435930.000,0.210,-1.940,0.038,-0.133,0.017,0.555,0.424,-0.596,0.396,1219998208.000,0.135,24544,24852,3,9,22,15.330,78.030,24875,24752,1131,1196,0
99790,-0.038,-5645497.500,0.234,-1.020,-0.021,-0.042,0.011,0.551,0.426,-0.598,0.396,1219998208.000,0.132,24551,24845,7,10,22,15.330,78.030,24875,24752,1131,1196,0
99890,-0.050,-5929413.500,0.236,-1.430,-0.126,0.036,0.096,0.552,0.423,-0.601,0.394,1219998208.000,0.140,24408,24985,11,10,22,15.330,78.030,24875,24752,1131,1196,0
99990,-0.118,-6864102.500,0.230,-2.210,-0.423,-0.049,0.251,0.554,0.410,-0.610,0.392,1219998208.000,0.167,24159,25226,16,22,22,15.360,78.310,24449,25316,1118,1167,0
100090,-0.200,-8237907.000,0.234,0.580,-0.524,0.058,0.231,0.559,0.389,-0.624,0.382,1219998208.000,0.218,24127,25256,22,20,22,15.360,78.310,24449,25316,1118,1167,0
100190,-0.230,-9435481.000,0.185,-0.640,-0.644,0.218,0.000,0.573,0.366,-0.633,0.370,1219998208.000,0.275,24399,24994,30,20,22,15.360,78.310,24449,25316,1118,1167,0
100290,-0.152,-10032698.000,0.158,-0.930,-0.126,-0.023,-0.071,0.582,0.357,-0.635,0.361,1219998208.000,0.305,24517,24878,9,13,22,15.360,78.310,24449,25316,1118,1167,0
100390,-0.150,-10675845.000,0.186,-1.480,-0.422,-0.149,0.198,0.581,0.352,-0.643,0.354,1219998208.000,0.325,24078,25303,19,29,22,15.280,77.990,24271,24937,1211,1225,0
100490,-0.189,-11646154.000,0.198,-1.190,0.256,0.047,-0.069,0.576,0.354,-0.643,0.360,1219998208.000,0.312,24467,24927,6,4,22,15.280,77.990,24271,24937,1211,1225,0
100590,-0.161,-11909989.000,0.204,1.470,-0.037,-0.034,-0.140,0.579,0.355,-0.643,0.354,1388625664.000,0.320,26168,26530,10,16,22,15.280,77.990,24271,24937,1211,1225,0
100690,-0.110,-11956515.000,0.199,1.450,-0.304,0.091,-0.086,0.586,0.352,-0.643,0.345,1391762944.000,0.340,26133,26624,22,20,22,15.280,77.990,24271,24937,1211,1225,0
100790,-0.088,-12169105.000,0.174,-0.970,-0.228,0.109,0.013,0.594,0.345,-0.644,0.338,1219998208.000,0.363,24330,25061,20,17,23,15.340,77.380,24630,25125,1181,1209,0
100890,0.718,-11769078.000,-0.177,-1.840,-0.006,0.120,0.059,0.599,0.338,-0.643,0.338,1219998208.000,0.369,25457,23916,24,0,23,15.340,77.380,24630,25125,1181,1209,0
100990,0.668,-9857501.000,-0.259,-0.440,0.169,-0.047,0.227,0.594,0.336,-0.644,0.346,1219998208.000,0.354,24853,24542,16,2,23,15.340,77.380,24630,25125,1181,1209,0
101090,0.496,-8186812.500,-0.316,-1.320,0.121,-0.042,-0.041,0.590,0.337,-0.644,0.351,1219998208.000,0.342,24789,24607,17,2,23,15.340,77.380,24630,25125,1181,1209,0
101190,-0.152,-7381140.000,0.155,0.640,0.021,-0.169,-0.063,0.586,0.343,-0.644,0.351,1219998208.000,0.344,24226,25161,6,25,22,15.350,78.070,24630,24691,1257,1140,0
101290,-0.229,-7933758.000,0.169,-0.420,0.328,0.228,0.022,0.584,0.350,-0.640,0.356,1219998208.000,0.325,24224,25163,11,-2,22,15.350,78.070,24630,24691,1257,1140,0
101390,-0.198,-8514599.000,0.114,-1.860,0.239,0.047,-0.090,0.586,0.357,-0.629,0.366,1219998208.000,0.299,24535,24860,9,13,22,15.350,78.070,24630,24691,1257,1140,0
101490,-0.140,-8483134.000,0.139,1.460,0.124,-0.068,-0.150,0.585,0.366,-0.626,0.364,1219998208.000,0.287,24551,24844,9,14,22,15.350,78.070,24630,24691,1257,1140,0
101590,-0.096,-8485694.000,0.139,1.310,0.542,0.092,-0.050,0.582,0.377,-0.618,0.369,1219998208.000,0.260,24455,24939,-1,-6,23,15.300,78.070,24630,24813,1171,1244,0
101690,-0.024,-8522907.000,0.134,0.640,0.492,-0.143,0.013,0.573,0.393,-0.608,0.384,1219998208.000,0.204,24462,24932,-7,6,23,15.300,78.070,24630,24813,1171,1244,0
101790,0.530,-7598967.000,-0.045,-0.880,0.424,-0.117,0.148,0.557,0.409,-0.605,0.396,1219998208.000,0.162,24934,24461,5,0,23,15.300,78.070,24630,24813,1171,1244,0
101890,0.417,-6282906.000,-0.025,-1.370,0.244,-0.101,0.056,0.547,0.414,-0.603,0.406,1219998208.000,0.133,24859,24537,6,5,23,15.300,77.630,25062,24509,1177,1164,0
101990,0.401,-4900227.000,-0.103,1.270,0.191,-0.082,0.038,0.539,0.422,-0.602,0.411,1219998208.000,0.109,24868,24523,9,2,23,15.300,77.630,25062,24509,1177,1164,0
102090,0.385,-3620199.750,-0.164,1.030,-0.047,0.016,-0.048,0.536,0.424,-0.601,0.415,1219998208.000,0.095,25024,24368,20,6,23,15.300,77.630,25062,24509,1177,1164,0
102190,0.566,-1985490.875,-0.291,-1.690,0.009,-0.076,-0.021,0.536,0.424,-0.601,0.413,1219998208.000,0.092,25231,24153,15,1,23,15.300,77.630,25062,24509,1177,1164,0
102290,0.582,46464.047,-0.292,-0.330,-0.006,-0.254,-0.032,0.530,0.430,-0.604,0.412,1219998208.000,0.083,25237,24147,12,9,23,15.310,77.420,25252,24691,1203,1039,0
102390,0.602,2347561.000,-0.227,0.350,-0.067,-0.170,-0.066,0.527,0.434,-0.610,0.403,1219998208.000,0.094,25297,24085,14,6,23,15.310,77.420,25252,24691,1203,1039,0
102491,0.601,4492724.500,-0.198,-1.630,-0.089,-0.059,0.030,0.525,0.434,-0.614,0.399,1219998208.000,0.100,25213,24172,18,6,23,15.310,77.420,25252,24691,1203,1039,0
102591,0.601,6590655.000,-0.186,0.520,-0.003,-0.039,-0.028,0.525,0.434,-0.616,0.396,1219998208.000,0.107,25351,24028,14,3,23,15.310,77.420,25252,24691,1203,1039,0
102690,0.606,8765204.000,-0.164,-0.740,0.100,-0.126,-0.006,0.522,0.437,-0.616,0.396,1219998208.000,0.101,25357,24021,9,4,24,15.280,77.750,25252,24096,1262,1130,0
102790,0.591,10771151.000,-0.100,1.370,0.097,-0.227,0.059,0.512,0.443,-0.620,0.396,1219998208.000,0.092,25306,24075,6,8,24,15.280,77.750,25252,24096,1262,1130,0
102890,0.571,12639676.000,-0.050,-1.680,0.093,-0.106,0.046,0.505,0.447,-0.624,0.395,1219998208.000,0.087,25358,24020,9,5,24,15.280,77.750,25252,24096,1262,1130,0
102990,0.548,14589933.000,-0.036,0.330,0.001,-0.043,0.057,0.501,0.447,-0.626,0.397,1219998208.000,0.083,25362,24016,12,7,24,15.280,77.750,25252,24096,1262,1130,0
103090,0.524,16084183.000,-0.020,-1.040,-0.078,-0.068,0.056,0.499,0.445,-0.629,0.396,1219998208.000,0.086,25383,23994,13,10,24,15.300,77.380,25316,23752,1253,1212,0
103190,0.469,17354688.000,-0.030,1.260,0.010,0.092,0.178,0.498,0.439,-0.633,0.398,1219998208.000,0.091,25217,24169,14,2,24,15.300,77.380,25316,23752,1253,1212,0
103290,0.415,18370154.000,-0.076,-0.450,0.021,0.136,0.102,0.500,0.431,-0.632,0.405,1219998208.000,0.091,25316,24064,15,0,24,15.300,77.380,25316,23752,1253,1212,0
103390,-0.377,18685216.000,0.477,-1.920,0.000,0.067,0.016,0.501,0.428,-0.631,0.409,1219998208.000,0.100,24316,25075,-3,22,24,15.300,77.380,25316,23752,1253,1212,0
103490,-0.368,17420826.000,0.422,1.530,0.164,0.444,-0.006,0.507,0.426,-0.625,0.413,1219998208.000,0.097,24676,24720,10,-2,24,15.240,76.860,24813,24691,1183,1188,0
103590,-0.321,16627262.000,0.279,-0.750,0.142,0.362,-0.227,0.520,0.425,-0.604,0.428,1219998208.000,0.075,25052,24340,11,4,24,15.240,76.860,24813,24691,1183,1188,0
103690,-0.240,16347196.000,0.199,-1.130,-0.027,0.248,-0.167,0.531,0.426,-0.594,0.429,1219998208.000,0.074,24990,24403,14,7,24,15.240,76.860,24813,24691,1183,1188,0
103790,-0.400,15645500.000,0.273,0.220,-0.262,0.078,-0.252,0.543,0.422,-0.589,0.424,1219998208.000,0.089,24932,24462,13,20,24,15.240,76.860,24813,24691,1183,1188,0
103890,-0.949,13582437.000,0.539,-0.740,-0.199,0.226,-0.092,0.554,0.417,-0.588,0.417,1219998208.000,0.098,24051,25329,12,18,24,15.270,76.940,25000,24509,1144,1222,0
103990,-0.928,10704440.000,0.465,-1.330,0.201,0.370,-0.082,0.568,0.411,-0.579,0.417,1219998208.000,0.109,24161,25224,2,-2,24,15.270,76.940,25000,24509,1144,1222,0
104090,-0.873,7950843.000,0.359,1.740,0.000,0.309,-0.114,0.576,0.412,-0.563,0.426,1219998208.000,0.094,24249,25139,14,10,24,15.270,76.940,25000,24509,1144,1222,0
104190,-0.108,6739859.500,-0.019,-0.290,0.197,0.089,0.000,0.581,0.410,-0.555,0.431,1219998208.000,0.097,24925,24470,2,-5,24,15.270,76.940,25000,24509,1144,1222,0
104290,-0.037,6208028.000,-0.129,0.820,0.297,-0.253,0.137,0.573,0.415,-0.554,0.439,1219998208.000,0.076,24695,24701,-1,4,24,15.250,76.380,24813,24154,1244,1257,0
104390,-0.058,5832464.500,-0.043,-0.700,0.068,-0.211,0.017,0.560,0.425,-0.559,0.440,1219998208.000,0.058,24779,24617,9,10,24,15.250,76.380,24813,24154,1244,1257,0
104491,-0.050,5667966.000,-0.052,1.170,-0.060,0.138,-0.119,0.562,0.424,-0.558,0.439,1219998208.000,0.061,24962,24432,19,3,24,15.250,76.380,24813,24154,1244,1257,0
104591,-0.032,5706688.500,-0.082,0.800,-0.023,0.070,0.000,0.566,0.423,-0.555,0.440,1219998208.000,0.061,24771,24625,15,5,24,15.250,76.380,24813,24154,1244,1257,0
104690,-0.037,5549531.500,-0.093,-2.490,0.028,0.037,0.001,0.566,0.423,-0.553,0.442,1219998208.000,0.059,24785,24611,13,3,24,15.250,76.500,24813,24509,1201,1212,0
104790,-0.018,5617009.500,-0.096,1.090,0.016,-0.017,-0.028,0.567,0.424,-0.552,0.441,1219998208.000,0.058,24818,24578,12,5,24,15.250,76.500,24813,24509,1201,1212,0
104890,-0.015,5603158.500,-0.091,0.240,0.069,0.004,0.047,0.566,0.426,-0.551,0.442,1219998208.000,0.053,24718,24678,12,3,24,15.250,76.500,24813,24509,1201,1212,0
104990,-0.028,5409639.000,-0.101,-0.510,0.066,0.033,0.041,0.564,0.426,-0.549,0.445,1219998208.000,0.046,24734,24662,13,2,24,15.250,76.500,24813,24509,1201,1212,0
105090,-0.040,5162806.000,-0.104,0.390,0.028,0.013,0.004,0.562,0.428,-0.547,0.449,1219998208.000,0.035,24785,24611,15,4,25,15.210,76.660,24630,24752,1230,1182,0
105190,-0.025,5155686.500,-0.108,-0.690,0.114,-0.012,-0.062,0.560,0.432,-0.544,0.451,1219998208.000,0.024,24869,24526,10,1,25,15.210,76.660,24630,24752,1230,1182,0
105290,0.008,5433801.500,-0.078,0.100,0.156,-0.196,-0.036,0.557,0.440,-0.542,0.450,1219998208.000,0.013,24822,24574,2,6,25,15.210,76.660,24630,24752,1230,1182,0
105390,0.008,5459354.500,-0.033,-0.250,0.061,-0.038,0.029,0.551,0.445,-0.544,0.449,1219998208.000,0.004,24760,24636,11,3,25,15.260,76.540,24449,24752,1294,1155,0
105490,-0.013,5266236.000,-0.057,-0.660,0.069,0.127,-0.064,0.549,0.446,-0.540,0.456,1219998208.000,-0.010,24919,24476,14,-1,25,15.260,76.540,24449,24752,1294,1155,0
105590,0.028,5670736.500,-0.066,0.450,-0.040,-0.057,-0.100,0.552,0.448,-0.537,0.454,1219998208.000,-0.008,24942,24452,11,7,25,15.260,76.540,24449,24752,1294,1155,0
105690,0.068,6193065.500,-0.040,-0.710,-0.029,-0.141,-0.069,0.553,0.451,-0.538,0.448,1214998272.000,-0.005,24878,24414,8,9,25,15.260,76.540,24449,24752,1294,1155,0
105790,0.086,6641091.500,0.010,-1.490,0.037,-0.138,0.011,0.549,0.456,-0.542,0.442,1204998400.000,-0.003,24706,24384,5,6,26,15.270,76.700,25125,24390,1129,1168,0
105890,0.081,6882798.500,0.026,0.080,0.050,0.061,0.014,0.547,0.458,-0.542,0.443,1189998592.000,-0.009,24579,24205,12,1,26,15.270,76.700,25125,24390,1129,1168,0
105990,0.080,7165907.000,0.011,0.520,-0.030,0.013,0.000,0.548,0.457,-0.541,0.445,1174998784.000,-0.010,24452,24023,11,6,26,15.270,76.700,25125,24390,1129,1168,0
106090,0.075,7412287.500,0.022,0.710,0.000,-0.051,0.018,0.547,0.458,-0.543,0.444,1164998912.000,-0.009,24329,23939,8,7,26,15.270,76.700,25125,24390,1129,1168,0
106190,0.053,7449528.500,0.040,-0.520,0.154,-0.086,0.108,0.542,0.459,-0.544,0.446,1164998912.000,-0.015,24187,24083,2,3,25,15.250,77.100,24390,23980,1154,1161,0
106290,0.012,7198396.000,0.043,-0.530,0.141,0.082,0.090,0.537,0.460,-0.543,0.452,1159998976.000,-0.029,24155,24011,8,-1,25,15.250,77.100,24390,23980,1154,1161,0
106391,-0.001,7097284.500,0.007,-0.130,0.181,0.101,0.019,0.534,0.463,-0.536,0.462,1139999232.000,-0.053,24029,23719,8,1,25,15.250,77.100,24390,23980,1154,1161,0
106491,-0.001,7075173.000,0.012,-0.110,0.119,-0.083,-0.034,0.531,0.466,-0.533,0.465,1134999296.000,-0.063,24036,23607,3,4,25,15.250,77.100,24390,23980,1154,1161,0
106590,0.031,7403793.500,0.022,-1.540,-0.001,-0.012,-0.083,0.531,0.470,-0.531,0.463,1134999296.000,-0.067,24100,23542,9,5,26,15.270,77.460,24330,23474,1121,1144,0
106690,0.036,7609526.500,0.017,0.310,0.009,0.047,0.056,0.532,0.470,-0.531,0.462,1119999488.000,-0.066,23746,23592,9,1,26,15.270,77.460,24330,23474,1121,1144,0
106790,0.013,7482644.500,-0.015,-3.010,0.046,0.131,0.021,0.533,0.467,-0.529,0.467,1109999616.000,-0.068,23720,23396,11,-2,26,15.270,77.460,24330,23474,1121,1144,0
106890,0.014,7544084.500,-0.049,-1.100,0.011,0.064,-0.012,0.535,0.465,-0.525,0.471,1089999872.000,-0.073,23539,23150,10,1,26,15.270,77.460,24330,23474,1121,1144,0
106990,0.007,7526140.000,-0.034,-1.400,-0.033,-0.061,0.043,0.535,0.464,-0.528,0.469,1070000064.000,-0.067,23234,23026,8,5,26,15.350,78.190,23255,23041,1133,1110,0
107090,-0.005,7404130.000,-0.031,-2.170,0.070,0.017,-0.003,0.533,0.465,-0.528,0.471,1070000064.000,-0.072,23308,22951,7,-1,26,15.350,78.190,23255,23041,1133,1110,0
107190,0.004,7490046.500,-0.059,-2.010,-0.042,0.171,-0.039,0.536,0.464,-0.524,0.472,1065000064.000,-0.073,23296,22854,16,-2,26,15.350,78.190,23255,23041,1133,1110,0
107290,0.008,7589986.000,-0.117,-2.250,0.011,0.200,-0.027,0.541,0.460,-0.519,0.476,1040000064.000,-0.073,23011,22594,15,-5,26,15.350,78.190,23255,23041,1133,1110,0
107390,0.011,7657285.500,-0.138,0.290,-0.127,-0.070,-0.009,0.544,0.457,-0.518,0.477,1035000064.000,-0.069,22936,22560,12,7,26,15.380,78.630,22935,23041,1104,1026,0
107490,0.009,7686705.000,-0.120,-1.390,-0.074,0.028,0.036,0.545,0.455,-0.522,0.472,1035000064.000,-0.056,22866,22630,14,0,26,15.380,78.630,22935,23041,1104,1026,0
107590,-0.012,7499868.500,-0.136,0.440,-0.066,0.014,0.076,0.547,0.451,-0.523,0.473,1035000064.000,-0.050,22798,22699,13,1,26,15.380,78.630,22935,23041,1104,1026,0
107690,-0.036,7204630.000,-0.120,-1.400,-0.041,-0.097,0.031,0.546,0.449,-0.528,0.472,1035000064.000,-0.043,22920,22576,9,2,27,15.380,78.470,23148,22624,1023,1101,0
107790,-0.019,7254623.500,-0.101,-1.860,-0.056,-0.044,-0.094,0.545,0.451,-0.529,0.469,1035000064.000,-0.042,23033,22460,12,3,27,15.380,78.470,23148,22624,1023,1101,0
107890,0.010,7503807.500,-0.079,-3.690,-0.114,-0.117,-0.027,0.546,0.454,-0.530,0.464,1035000064.000,-0.038,22927,22569,12,8,27,15.380,78.470,23148,22624,1023,1101,0
107990,0.004,7469053.000,-0.030,0.920,0.001,-0.160,-0.008,0.543,0.455,-0.537,0.458,1035000064.000,-0.030,22939,22556,5,5,27,15.380,78.470,23148,22624,1023,1101,0
108090,0.045,7901834.500,0.003,-2.540,-0.148,-0.086,-0.240,0.542,0.460,-0.538,0.453,1035000064.000,-0.030,23311,22172,14,10,26,15.210,78.310,23255,23809,1135,1066,0
108190,0.135,9048275.000,0.020,-0.690,-0.107,-0.044,-0.161,0.548,0.465,-0.536,0.443,1035000064.000,-0.020,23207,22281,11,7,26,15.210,78.310,23255,23809,1135,1066,0
108290,0.168,9934942.000,0.026,-0.380,-0.131,-0.012,0.068,0.553,0.462,-0.539,0.436,1035000064.000,-0.002,22932,22564,12,7,26,15.210,78.310,23255,23809,1135,1066,0
108390,0.104,9884552.000,0.023,-0.500,0.040,0.049,0.218,0.550,0.457,-0.543,0.440,1035000064.000,-0.000,22755,22743,9,0,26,15.210,78.310,23255,23809,1135,1066,0
108490,0.045,9584550.000,0.022,-1.190,-0.069,-0.022,0.141,0.548,0.452,-0.547,0.442,1035000064.000,0.005,22850,22647,11,7,26,15.400,78.750,22935,22624,1072,1093,0
108590,0.009,9325171.000,0.022,0.190,0.021,0.018,0.034,0.546,0.449,-0.549,0.445,1035000064.000,0.005,22994,22501,10,3,26,15.400,78.750,22935,22624,1072,1093,0
108690,0.008,9348855.000,0.015,-0.280,0.074,0.032,0.023,0.547,0.449,-0.548,0.446,1125980416.000,0.003,23903,23550,8,1,26,15.400,78.750,22935,22624,1072,1093,0
108790,0.025,9526072.000,-0.005,1.840,0.099,0.081,-0.059,0.547,0.451,-0.544,0.448,1064019648.000,-0.005,23367,22760,10,-1,26,15.400,78.750,22935,22624,1072,1093,0
108890,0.013,9526077.000,-0.026,0.060,0.018,0.061,0.072,0.548,0.450,-0.542,0.452,1035000064.000,-0.009,22837,22659,13,2,26,15.340,78.630,22988,22831,1111,1050,0
108990,-0.025,9165429.000,-0.035,-3.420,0.066,0.002,0.093,0.546,0.447,-0.542,0.456,1035000064.000,-0.011,22822,22675,8,1,26,15.340,78.630,22988,22831,1111,1050,0
109090,-0.020,9080984.000,-0.032,0.150,0.032,-0.032,-0.077,0.545,0.449,-0.541,0.457,1035000064.000,-0.017,23064,22429,9,4,26,15.340,78.630,22988,22831,1111,1050,0
109190,0.006,9322384.000,-0.013,-0.660,-0.036,-0.110,-0.089,0.544,0.453,-0.541,0.454,1035000064.000,-0.019,23071,22419,8,8,26,15.340,78.630,22988,22831,1111,1050,0
109290,0.033,9627540.000,0.025,-0.230,-0.004,-0.142,-0.043,0.542,0.457,-0.543,0.449,1035000064.000,-0.017,23023,22471,6,7,26,15.340,78.550,23148,22222,1085,1133,0
109390,0.043,9846390.000,0.069,0.540,-0.022,-0.188,-0.038,0.539,0.461,-0.547,0.445,1035000064.000,-0.016,23048,22445,4,10,26,15.340,78.550,23148,22222,1085,1133,0
109490,0.052,10084238.000,0.109,-0.670,0.033,-0.011,-0.001,0.536,0.464,-0.550,0.441,1040000064.000,-0.016,23058,22546,7,3,26,15.340,78.550,23148,22222,1085,1133,0
109590,0.057,10324690.000,0.077,0.030,0.020,0.221,-0.013,0.539,0.463,-0.547,0.443,1045000064.000,-0.017,23145,22568,14,-2,26,15.340,78.550,23148,22222,1085,1133,0
109690,0.068,10644459.000,0.009,0.340,0.018,0.168,-0.038,0.545,0.459,-0.539,0.448,1055000064.000,-0.019,23302,22628,12,0,27,15.340,78.550,23094,22675,1149,1067,0
109790,0.086,11075486.000,-0.015,-1.640,0.049,0.022,-0.021,0.548,0.458,-0.536,0.449,1055000064.000,-0.020,23290,22641,8,2,27,15.340,78.550,23094,22675,1149,1067,0
109890,0.087,11396860.000,-0.004,-1.940,0.058,-0.062,0.007,0.546,0.461,-0.536,0.449,1055000064.000,-0.024,23270,22661,6,4,27,15.340,78.550,23094,22675,1149,1067,0
109990,0.100,11837813.000,-0.003,-2.240,-0.074,0.042,-0.066,0.547,0.461,-0.536,0.448,1065000064.000,-0.023,23505,22639,13,4,27,15.340,78.550,23094,22675,1149,1067,0
110090,0.115,12364283.000,-0.026,0.300,-0.073,0.093,-0.021,0.552,0.459,-0.534,0.447,1075000064.000,-0.017,23559,22803,15,2,27,15.310,78.390,23584,22624,1114,1095,0
110190,0.101,12634883.000,-0.053,-0.280,-0.022,0.079,0.038,0.554,0.456,-0.532,0.450,1075000064.000,-0.016,23497,22867,13,1,27,15.310,78.390,23584,22624,1114,1095,0
110290,0.087,12836040.000,-0.065,1.400,-0.080,0.023,0.013,0.555,0.453,-0.533,0.451,1075000064.000,-0.013,23534,22828,14,4,27,15.310,78.390,23584,22624,1114,1095,0
110390,0.090,13151948.000,-0.080,-1.550,0.000,0.054,-0.032,0.556,0.452,-0.532,0.451,1080000000.000,-0.011,23653,22815,13,0,27,15.310,78.390,23584,22624,1114,1095,0
110490,0.092,13503983.000,-0.086,0.610,0.094,-0.018,0.014,0.556,0.452,-0.530,0.453,1094999808.000,-0.015,23739,23053,8,-1,27,15.340,78.070,23752,22573,1108,1166,0
110590,0.105,13933304.000,-0.074,1.000,-0.058,-0.073,-0.093,0.555,0.455,-0.530,0.452,1099999744.000,-0.018,23975,22917,12,6,27,15.340,78.070,23752,22573,1108,1166,0
110690,0.110,14386938.000,-0.037,0.270,-0.020,-0.188,0.032,0.552,0.458,-0.533,0.448,1099999744.000,-0.017,23788,23111,6,8,27,15.340,78.070,23752,22573,1108,1166,0
110790,0.096,14619545.000,0.020,0.840,0.019,-0.142,0.033,0.546,0.461,-0.540,0.444,1099999744.000,-0.016,23805,23094,6,6,27,15.340,78.070,23752,22573,1108,1166,0
110890,0.093,14913150.000,0.038,0.230,-0.004,0.013,0.012,0.545,0.462,-0.541,0.443,1099999744.000,-0.016,23832,23066,11,3,27,15.210,77.420,23696,23809,1189,1109,0
110990,0.088,15196762.000,0.015,0.740,-0.042,0.111,0.014,0.547,0.460,-0.540,0.445,1099999744.000,-0.016,23832,23066,14,2,27,15.210,77.420,23696,23809,1189,1109,0
111090,0.085,15469219.000,-0.010,0.850,-0.006,0.050,0.014,0.550,0.457,-0.538,0.447,1099999744.000,-0.012,23809,23090,10,2,27,15.210,77.420,23696,23809,1189,1109,0
111190,0.074,15645575.000,-0.014,-0.080,0.030,-0.014,0.019,0.549,0.456,-0.538,0.448,1099999744.000,-0.015,23830,23068,8,3,27,15.320,78.030,23809,23094,1155,1108,0
111290,0.075,15908924.000,-0.006,0.960,-0.019,-0.019,0.017,0.548,0.457,-0.539,0.448,1109999616.000,-0.015,23930,23181,10,4,27,15.320,78.030,23809,23094,1155,1108,0
111390,0.065,16064960.000,-0.004,0.420,0.012,0.017,0.047,0.548,0.456,-0.540,0.448,1124999424.000,-0.013,24056,23373,10,2,27,15.320,78.030,23809,23094,1155,1108,0
111490,0.057,16206149.000,-0.013,-1.740,0.010,0.033,0.008,0.548,0.455,-0.540,0.449,1124999424.000,-0.012,24100,23328,10,1,27,15.320,78.030,23809,23094,1155,1108,0
111590,0.056,16391497.000,-0.018,-0.240,0.051,-0.022,0.006,0.549,0.455,-0.539,0.449,1124999424.000,-0.013,24101,23327,7,2,28,15.280,77.140,23980,23201,1205,1153,0
111690,0.067,16686891.000,-0.001,-0.070,0.010,-0.078,-0.050,0.547,0.457,-0.539,0.448,1124999424.000,-0.016,24189,23236,8,5,28,15.280,77.140,23980,23201,1205,1153,0
111790,0.094,17199870.000,0.017,-0.100,-0.013,-0.048,-0.116,0.546,0.461,-0.539,0.446,1124999424.000,-0.018,24304,23115,9,5,28,15.280,77.140,23980,23201,1205,1153,0
111890,0.112,17737084.000,0.026,-1.690,0.158,-0.014,0.088,0.546,0.464,-0.538,0.445,1124999424.000,-0.022,24011,23420,3,-2,28,15.280,77.140,23980,23201,1205,1153,0
111991,0.075,17727944.000,0.027,0.180,0.133,0.009,0.058,0.540,0.466,-0.536,0.451,1124999424.000,-0.037,24101,23327,6,0,27,15.250,77.100,24154,23364,1133,1145,0
112091,0.068,17898092.000,0.036,-1.060,0.081,-0.071,0.036,0.537,0.468,-0.536,0.454,1124999424.000,-0.046,24106,23322,4,4,27,15.250,77.100,24154,23364,1133,1145,0
112190,0.047,17926552.000,0.052,-0.910,0.010,-0.028,0.082,0.534,0.469,-0.538,0.454,1124999424.000,-0.048,24025,23406,7,4,27,15.250,77.100,24154,23364,1133,1145,0
112290,0.023,17826382.000,0.049,1.070,-0.032,0.050,0.042,0.533,0.467,-0.539,0.456,1124999424.000,-0.048,24077,23352,11,3,27,15.250,77.100,24154,23364,1133,1145,0
112390,0.006,17721972.000,0.026,-1.120,-0.020,0.080,0.011,0.534,0.464,-0.538,0.459,1124999424.000,-0.047,24104,23324,11,2,28,15.260,77.060,24096,23310,1167,1132,0
112490,0.004,17718586.000,0.003,1.440,0.002,0.076,-0.003,0.536,0.462,-0.536,0.461,1124999424.000,-0.047,24103,23325,10,1,28,15.260,77.060,24096,23310,1167,1132,0
112590,-0.022,17475826.000,-0.016,-0.890,-0.012,0.061,0.061,0.536,0.459,-0.536,0.464,1124999424.000,-0.048,24003,23428,11,1,28,15.260,77.060,24096,23310,1167,1132,0
112690,-0.031,17289006.000,-0.028,-1.570,-0.117,0.029,-0.041,0.539,0.455,-0.537,0.463,1139999232.000,-0.040,24293,23449,13,5,28,15.260,77.060,24096,23310,1167,1132,0
112790,-0.013,17373122.000,-0.040,-0.780,0.000,0.053,-0.047,0.541,0.454,-0.536,0.462,1149999104.000,-0.036,24383,23568,10,-1,28,15.240,76.300,24390,23584,1190,1133,0
112890,0.007,17531684.000,-0.052,-0.280,0.017,0.022,-0.079,0.543,0.456,-0.532,0.463,1149999104.000,-0.041,24448,23500,10,1,28,15.240,76.300,24390,23584,1190,1133,0
112990,0.035,17873982.000,-0.051,-0.720,-0.077,-0.012,-0.041,0.546,0.457,-0.532,0.459,1149999104.000,-0.035,24408,23543,12,4,28,15.240,76.300,24390,23584,1190,1133,0
113090,0.040,18059648.000,-0.050,0.330,-0.047,-0.007,-0.014,0.546,0.456,-0.532,0.458,1149999104.000,-0.033,24396,23554,11,3,28,15.240,76.300,24390,23584,1190,1133,0
113190,0.026,18050746.000,-0.044,1.170,0.024,-0.044,0.104,0.545,0.455,-0.535,0.458,1149999104.000,-0.029,24224,23732,7,1,28,15.270,76.740,24390,23640,1186,1113,0
113290,0.005,17922690.000,-0.027,0.960,0.012,-0.066,-0.004,0.542,0.455,-0.537,0.458,1154999040.000,-0.031,24434,23622,8,3,28,15.270,76.740,24390,23640,1186,1113,0
113390,0.003,17906470.000,-0.006,-0.280,0.011,-0.078,0.003,0.540,0.457,-0.538,0.458,1169998848.000,-0.033,24560,23808,7,4,28,15.270,76.740,24390,23640,1186,1113,0
113490,-0.004,17837402.000,0.007,1.130,0.024,0.013,0.056,0.538,0.458,-0.540,0.458,1174998784.000,-0.034,24520,23953,9,0,28,15.200,76.140,24630,23809,1171,1207,0
113590,-0.019,17667000.000,-0.020,-0.070,0.039,0.193,-0.059,0.540,0.455,-0.537,0.461,1174998784.000,-0.036,24693,23775,12,-8,28,15.200,76.140,24630,23809,1171,1207,0
113690,0.033,18154656.000,-0.082,0.400,-0.008,0.166,-0.202,0.547,0.455,-0.529,0.463,1174998784.000,-0.038,24885,23574,15,-3,28,15.200,76.140,24630,23809,1171,1207,0
113790,0.095,18952134.000,-0.102,1.360,0.068,-0.033,-0.051,0.552,0.458,-0.523,0.460,1174998784.000,-0.040,24693,23775,7,0,28,15.200,76.140,24630,23809,1171,1207,0
113890,0.089,19219702.000,-0.099,-0.990,0.030,0.018,0.040,0.550,0.459,-0.522,0.462,1174998784.000,-0.046,24634,23836,11,-2,28,15.210,75.900,24449,23696,1249,1189,0
113990,0.054,19184820.000,-0.111,-0.850,0.104,0.068,0.121,0.548,0.458,-0.522,0.467,1179998720.000,-0.052,24574,24003,10,-6,28,15.210,75.900,24449,23696,1249,1189,0
114091,0.004,18844886.000,-0.136,1.230,0.171,0.106,0.167,0.545,0.455,-0.520,0.475,1189998592.000,-0.062,24581,24203,9,-10,28,15.210,75.900,24449,23696,1249,1189,0
114190,-0.038,18357672.000,-0.162,-0.550,0.230,0.014,0.058,0.539,0.457,-0.514,0.486,1189998592.000,-0.088,24703,24078,6,-5,28,15.210,75.900,24449,23696,1249,1189,0
114290,-0.060,17957036.000,-0.110,-1.070,0.116,-0.266,0.082,0.530,0.463,-0.517,0.488,1189998592.000,-0.100,24624,24159,1,3,28,15.210,75.900,24449,23696,1249,1189,0
114390,-0.074,17534570.000,-0.048,1.070,0.020,-0.167,0.022,0.522,0.469,-0.521,0.486,1189998592.000,-0.108,24689,24092,6,3,28,15.180,75.650,24691,24213,1193,1156,0
114490,-0.096,17022070.000,-0.005,-0.680,0.028,-0.120,0.051,0.515,0.472,-0.525,0.486,1189998592.000,-0.114,24662,24120,5,1,28,15.180,75.650,24691,24213,1193,1156,0
114590,-0.058,17012868.000,0.016,0.160,-0.057,-0.024,-0.179,0.516,0.476,-0.525,0.481,1189998592.000,-0.112,24940,23832,9,1,28,15.180,75.650,24691,24213,1193,1156,0
114690,-0.028,17183008.000,0.005,-0.280,0.073,0.068,-0.023,0.519,0.477,-0.523,0.480,1189998592.000,-0.111,24710,24071,6,-6,29,15.190,75.730,24813,23980,1183,1194,0
114790,-0.014,17233428.000,-0.022,0.070,0.007,0.099,-0.064,0.521,0.476,-0.519,0.482,1189998592.000,-0.114,24804,23974,10,-5,29,15.190,75.730,24813,23980,1183,1194,0
114890,-0.004,17320992.000,-0.048,-1.430,0.210,0.070,-0.028,0.522,0.478,-0.513,0.486,1189998592.000,-0.125,24765,24015,3,-10,29,15.190,75.730,24813,23980,1183,1194,0
114990,0.019,17571346.000,-0.048,0.190,0.037,-0.071,-0.172,0.520,0.483,-0.509,0.487,1189998592.000,-0.138,24996,23774,6,1,29,15.190,75.730,24813,23980,1183,1194,0
115090,0.086,18351344.000,-0.048,0.080,0.093,0.171,-0.079,0.523,0.488,-0.504,0.484,1204998400.000,-0.142,25022,24060,11,-12,29,15.150,75.530,25125,23529,1229,1248,0
115190,0.086,18704824.000,-0.119,0.550,0.078,0.221,0.069,0.526,0.486,-0.495,0.492,1204998400.000,-0.153,24869,24218,13,-11,29,15.150,75.530,25125,23529,1229,1248,0
115290,0.074,18922120.000,-0.158,-2.160,0.077,0.022,-0.102,0.526,0.485,-0.489,0.498,1204998400.000,-0.164,25151,23926,7,-6,29,15.150,75.530,25125,23529,1229,1248,0
115390,0.103,19479674.000,-0.153,-1.550,0.119,-0.040,-0.047,0.525,0.490,-0.486,0.498,1204998400.000,-0.173,25067,24013,5,-8,29,15.150,75.530,25125,23529,1229,1248,0
115490,0.121,20020180.000,-0.149,-0.330,0.026,0.042,-0.061,0.523,0.494,-0.483,0.499,1219998208.000,-0.183,25269,24114,11,-8,29,15.140,75.490,25125,24038,1216,1165,0
115590,0.127,20525478.000,-0.174,0.070,0.033,0.121,0.014,0.525,0.493,-0.479,0.502,1219998208.000,-0.187,25177,24210,12,-11,29,15.140,75.490,25125,24038,1216,1165,0
115690,0.112,20837012.000,-0.198,0.390,0.017,0.001,0.047,0.526,0.490,-0.477,0.505,1219998208.000,-0.187,25147,24241,8,-8,29,15.140,75.490,25125,24038,1216,1165,0
115790,0.086,20951726.000,-0.179,-0.630,0.123,-0.060,0.090,0.521,0.492,-0.478,0.507,1219998208.000,-0.196,25087,24303,4,-10,29,15.140,75.490,25125,24038,1216,1165,0
115890,0.062,20927492.000,-0.160,0.730,0.047,-0.092,0.047,0.516,0.494,-0.479,0.510,1219998208.000,-0.205,25143,24245,6,-6,29,15.110,75.370,25000,24271,1251,1201,0
115990,0.066,21134642.000,-0.126,-0.900,-0.022,-0.151,-0.004,0.513,0.497,-0.482,0.507,1219998208.000,-0.206,25191,24195,5,-3,29,15.110,75.370,25000,24271,1251,1201,0
116091,0.054,21203274.000,-0.077,-0.310,-0.052,-0.151,0.053,0.509,0.499,-0.489,0.503,1219998208.000,-0.200,25107,24282,4,-2,29,15.110,75.370,25000,24271,1251,1201,0
116190,0.028,21072168.000,-0.038,-0.930,-0.148,-0.124,0.091,0.506,0.498,-0.496,0.500,1229998080.000,-0.194,25147,24447,8,1,29,15.110,75.370,25000,24271,1251,1201,0
116290,-0.018,20681766.000,-0.018,0.360,-0.244,0.033,0.164,0.506,0.492,-0.505,0.497,1244997888.000,-0.174,25156,24742,14,-1,29,15.090,75.210,24937,24570,1311,1210,0
116390,-0.080,19919786.000,-0.008,0.280,-0.283,-0.092,0.081,0.506,0.483,-0.515,0.495,1244997888.000,-0.154,25242,24654,11,6,29,15.090,75.210,24937,24570,1311,1210,0
116490,-0.148,18924138.000,0.026,1.250,-0.268,-0.083,0.227,0.507,0.473,-0.529,0.490,1244997888.000,-0.124,24964,24936,9,3,29,15.090,75.210,24937,24570,1311,1210,0
116590,-0.182,17970598.000,0.043,0.630,0.048,-0.081,0.021,0.507,0.469,-0.535,0.487,1244997888.000,-0.110,25195,24703,-2,-6,29,15.090,75.210,24937,24570,1311,1210,0
116690,-0.148,17630048.000,0.087,0.870,0.140,-0.196,-0.127,0.500,0.480,-0.533,0.486,1244997888.000,-0.129,25356,24537,-4,1,29,14.920,74.890,25316,25062,1245,1282,0
116790,-0.062,17946932.000,0.128,1.240,-0.162,-0.064,-0.316,0.501,0.488,-0.532,0.477,1244997888.000,-0.129,25642,24238,10,6,29,14.920,74.890,25316,25062,1245,1282,0
116890,-0.007,18412292.000,0.121,-0.570,-0.031,0.073,-0.059,0.507,0.489,-0.530,0.472,1244997888.000,-0.121,25310,24585,6,-4,29,14.920,74.890,25316,25062,1245,1282,0
116990,-0.018,18274990.000,0.107,0.940,0.059,-0.023,0.049,0.507,0.488,-0.529,0.474,1244997888.000,-0.123,25244,24652,0,-1,29,15.090,74.970,25000,24752,1292,1201,0
117090,-0.037,18006714.000,0.129,0.830,0.072,-0.073,0.024,0.503,0.489,-0.531,0.475,1244997888.000,-0.126,25272,24624,-1,-1,29,15.090,74.970,25000,24752,1292,1201,0
117190,-0.032,17949996.000,0.124,-0.670,0.041,0.111,0.004,0.502,0.491,-0.528,0.477,1244997888.000,-0.134,25271,24625,6,-5,29,15.090,74.970,25000,24752,1292,1201,0
117290,-0.058,17570790.000,0.096,-0.090,0.144,0.031,0.150,0.503,0.488,-0.527,0.481,1244997888.000,-0.137,25055,24844,-4,-7,29,15.090,74.970,25000,24752,1292,1201,0
117390,-0.096,16952238.000,0.105,-0.200,0.368,-0.064,-0.036,0.495,0.491,-0.525,0.489,1244997888.000,-0.157,25321,24573,-11,-11,29,15.080,74.970,25188,25000,1228,1151,0
117490,-0.062,16991198.000,0.125,0.160,0.006,0.031,-0.099,0.489,0.501,-0.519,0.491,1244997888.000,-0.180,25358,24535,6,-1,29,15.080,74.970,25188,25000,1228,1151,0
117590,-0.074,16720343.000,0.069,-0.550,0.154,0.179,0.028,0.491,0.498,-0.512,0.498,1244997888.000,-0.190,25126,24773,-6,-13,29,15.080,74.970,25188,25000,1228,1151,0
117690,-0.131,15851879.000,0.080,-1.040,0.229,-0.078,0.234,0.480,0.502,-0.510,0.508,1244997888.000,-0.215,24870,25029,-6,-6,29,15.080,74.970,25188,25000,1228,1151,0
117790,-0.212,14545132.000,0.068,-2.480,-0.067,0.153,0.174,0.475,0.497,-0.511,0.516,1244997888.000,-0.221,24904,24996,10,-5,29,15.110,74.930,24813,24752,1248,1284,0
117890,-0.284,13044423.000,0.027,-0.150,-0.178,0.163,0.077,0.479,0.485,-0.515,0.520,1244997888.000,-0.207,24970,24930,11,-4,29,15.110,74.930,24813,24752,1248,1284,0
117990,-0.292,12001210.000,-0.011,0.920,0.059,0.141,-0.006,0.483,0.480,-0.514,0.522,1244997888.000,-0.202,24984,24916,3,-13,29,15.110,74.930,24813,24752,1248,1284,0
118090,-0.297,10956609.000,-0.044,0.250,-0.084,0.080,-0.028,0.487,0.476,-0.512,0.523,1244997888.000,-0.196,24981,24919,7,-6,29,15.110,74.930,24813,24752,1248,1284,0
118190,-0.295,9969392.000,-0.059,-1.350,-0.354,0.080,-0.006,0.492,0.471,-0.515,0.520,1244997888.000,-0.180,24916,24983,18,2,30,15.040,75.010,24937,25252,1224,1161,0
118290,-0.693,8458763.000,-0.031,-2.120,-0.149,0.233,0.049,0.502,0.461,-0.518,0.516,1244997888.000,-0.150,24285,25598,12,-11,30,15.040,75.010,24937,25252,1224,1161,0
118390,-1.110,5683823.500,-0.049,-1.610,-0.392,0.096,-0.184,0.517,0.451,-0.519,0.510,1244997888.000,-0.116,24192,25686,17,4,30,15.040,75.010,24937,25252,1224,1161,0
118490,-1.104,3097950.500,-0.045,0.660,-0.603,0.073,-0.524,0.539,0.448,-0.520,0.488,1244997888.000,-0.071,24660,25236,24,10,30,15.040,75.010,24937,25252,1224,1161,0
118590,-0.978,775146.062,-0.043,-2.410,-0.749,0.024,-0.092,0.565,0.436,-0.527,0.463,1244997888.000,-0.000,24104,25768,25,15,30,15.100,75.050,24630,25575,1137,1231,0
118690,-0.667,-1261857.250,-0.002,0.200,-0.108,-0.171,-0.329,0.575,0.436,-0.531,0.444,1244997888.000,0.031,24840,25060,1,2,30,15.100,75.050,24630,25575,1137,1231,0
118790,0.177,-1951073.250,-0.109,1.080,-0.614,-0.216,0.066,0.580,0.436,-0.540,0.428,1244997888.000,0.059,25309,24586,27,19,30,15.100,75.050,24630,25575,1137,1231,0
118890,0.082,-2332314.750,-0.060,1.000,-0.538,-0.237,0.384,0.581,0.418,-0.561,0.416,1244997888.000,0.112,24555,25339,18,17,30,15.100,75.050,24630,25575,1137,1231,0
118990,-0.230,-3085990.500,0.026,0.390,-0.603,-0.250,0.271,0.582,0.402,-0.583,0.400,1244997888.000,0.168,24260,25621,19,23,30,15.090,75.210,24875,25000,1226,1224,0
119090,-0.607,-5347970.500,0.123,-0.330,-1.031,-0.186,0.029,0.590,0.371,-0.613,0.372,1244997888.000,0.263,24284,25598,31,35,30,15.090,75.210,24875,25000,1226,1224,0
119190,-0.544,-6958686.000,0.206,1.420,-0.478,-0.198,-0.353,0.601,0.357,-0.629,0.340,1342252800.000,0.336,25785,26026,12,22,30,15.090,75.210,24875,25000,1226,1224,0
119290,-0.168,-7189798.000,0.394,-0.700,-0.607,-0.074,-0.240,0.609,0.355,-0.635,0.316,1244997888.000,0.376,25025,24875,21,33,30,15.050,74.970,24875,25000,1249,1223,0
119390,-0.037,-7247460.000,0.401,0.450,-0.612,0.111,0.109,0.622,0.338,-0.642,0.295,1244997888.000,0.437,24611,25284,27,29,30,15.050,74.970,24875,25000,1249,1223,0
119490,0.063,-7729056.000,0.321,-2.080,-0.407,0.138,0.114,0.636,0.309,-0.649,0.281,1244997888.000,0.503,24790,25109,22,22,30,15.050,74.970,24875,25000,1249,1223,0
119590,0.058,-7989975.000,0.176,-0.220,-0.558,-0.061,0.172,0.640,0.293,-0.655,0.274,1444997888.000,0.540,26622,27134,29,33,30,15.050,74.970,24875,25000,1249,1223,0
119690,-0.046,-8718369.000,0.167,0.010,-0.283,-0.201,0.266,0.640,0.272,-0.669,0.263,1244997888.000,0.587,24431,25458,16,27,30,15.270,73.200,25380,26246,1136,1156,0
119790,-0.161,-10049582.000,0.248,0.830,-0.177,-0.243,0.263,0.628,0.263,-0.683,0.265,1444997888.000,0.596,26308,27439,17,33,30,15.270,73.200,25380,26246,1136,1156,0
119890,-0.081,-11452477.000,0.719,1.750,-0.226,-0.069,0.258,0.622,0.250,-0.694,0.263,1328135168.000,0.622,25317,26214,9,41,30,15.270,73.200,25380,26246,1136,1156,0
119990,-0.020,-12598466.000,0.777,-0.880,-0.060,0.442,0.262,0.628,0.236,-0.691,0.270,1244997888.000,0.636,24507,25385,20,23,30,15.270,73.200,25380,26246,1136,1156,0
120090,-0.064,-13319649.000,0.688,-1.110,-0.330,0.336,0.133,0.644,0.213,-0.683,0.272,1244997888.000,0.666,24531,25362,23,37,30,15.270,73.200,25380,26246,1136,1156,0
120190,-0.122,-12975719.000,0.744,10.940,-0.937,0.099,-1.524,0.659,0.194,-0.688,0.235,1244997888.000,0.733,26841,22904,31,58,30,15.040,74.690,24691,25316,1167,1266,0
120290,-0.510,-12968965.000,0.757,1.850,0.316,-0.499,-0.668,0.658,0.209,-0.686,0.229,1244997888.000,0.709,24946,24953,-22,42,30,15.040,74.690,24691,25316,1167,1266,0
120390,-0.769,-13824929.000,0.682,1.730,0.298,0.429,-0.257,0.656,0.232,-0.683,0.214,1244997888.000,0.698,24611,25285,26,7,30,15.040,74.690,24691,25316,1167,1266,0
120490,0.048,-14813534.000,0.016,-1.370,0.280,-0.086,-0.022,0.668,0.240,-0.666,0.231,1244997888.000,0.679,25006,24893,20,21,31,15.060,74.410,24813,25773,1186,1301,0
120590,-0.030,-15309363.000,0.002,0.180,0.931,0.359,0.430,0.655,0.259,-0.659,0.263,1244997888.000,0.605,24075,25795,15,-14,31,15.060,74.410,24813,25773,1186,1301,0
120690,-0.062,-16229305.000,-0.099,-1.060,0.936,0.033,-0.036,0.648,0.282,-0.637,0.306,1244997888.000,0.509,24895,25005,4,2,31,15.060,74.410,24813,25773,1186,1301,0
120790,0.010,-15935409.000,-0.172,-2.200,0.771,0.441,-0.067,0.648,0.304,-0.616,0.328,1244997888.000,0.442,24733,25165,19,-12,31,15.060,74.410,24813,25773,1186,1301,0
120890,0.014,-15856441.000,-0.154,-0.330,0.337,-0.500,-0.092,0.635,0.329,-0.605,0.350,1244997888.000,0.369,24797,25102,4,30,31,15.050,74.970,24813,25252,1164,1248,0
120990,0.078,-15174943.000,-0.053,-1.560,0.423,0.493,-0.017,0.628,0.346,-0.600,0.354,1244997888.000,0.332,24655,25241,27,-13,31,15.050,74.970,24813,25252,1164,1248,0
121090,0.064,-15106563.000,-0.189,-0.850,0.412,-0.270,-0.013,0.629,0.350,-0.587,0.370,1244997888.000,0.302,24746,25152,-1,13,31,15.050,74.970,24813,25252,1164,1248,0
121190,0.066,-14774339.000,-0.119,-0.060,0.034,0.150,-0.042,0.617,0.365,-0.588,0.374,1244997888.000,0.272,24764,25135,30,9,31,15.050,74.970,24813,25252,1164,1248,0
121290,0.100,-14294147.000,-0.188,-1.370,0.214,0.047,0.067,0.623,0.366,-0.577,0.380,1244997888.000,0.261,24615,25272,14,5,31,15.050,74.890,24813,25125,1224,1213,0
121390,0.085,-14097730.000,-0.163,0.570,0.186,-0.012,-0.008,0.614,0.376,-0.575,0.388,1244997888.000,0.231,24761,25138,17,8,31,15.050,74.890,24813,25125,1224,1213,0
121490,0.118,-13516155.000,-0.198,-1.820,0.138,0.152,-0.004,0.617,0.379,-0.567,0.392,1244997888.000,0.219,24750,25149,21,3,31,15.050,74.890,24813,25125,1224,1213,0
121591,0.125,-13095152.000,-0.236,1.040,0.247,0.058,-0.001,0.617,0.382,-0.560,0.400,1244997888.000,0.199,24790,25109,15,1,31,15.050,74.890,24813,25125,1224,1213,0
121691,0.161,-12237130.000,-0.175,-0.420,0.104,-0.297,-0.093,0.611,0.392,-0.561,0.397,1244997888.000,0.188,24922,24978,9,16,31,15.040,74.850,25000,24875,1207,1253,0
121791,0.192,-11345191.000,-0.152,-0.750,0.118,0.048,-0.148,0.609,0.400,-0.559,0.396,1244997888.000,0.177,25061,24838,19,4,31,15.040,74.850,25000,24875,1207,1253,0
121890,0.231,-10219409.000,-0.159,-1.530,0.210,-0.016,0.017,0.609,0.405,-0.554,0.398,1244997888.000,0.165,24847,25052,12,4,31,15.040,74.850,25000,24875,1207,1253,0
121990,0.218,-9569453.000,-0.157,-0.850,0.279,-0.064,0.037,0.602,0.413,-0.549,0.407,1244997888.000,0.135,24885,25015,9,4,31,15.040,74.850,25000,24875,1207,1253,0
122090,0.210,-8831324.000,-0.075,0.640,0.062,-0.311,0.058,0.592,0.422,-0.555,0.405,1244997888.000,0.123,24846,25054,8,17,31,15.040,74.850,24752,25000,1286,1200,0
122190,0.178,-8427863.000,-0.036,0.330,0.182,-0.101,0.023,0.584,0.427,-0.558,0.407,1244997888.000,0.112,24927,24973,8,7,31,15.040,74.850,24752,25000,1286,1200,0
122290,0.176,-7758869.000,-0.029,0.890,0.070,0.021,0.017,0.582,0.429,-0.557,0.409,1244997888.000,0.105,24912,24988,14,7,31,15.040,74.850,24752,25000,1286,1200,0
122390,0.151,-7475352.000,-0.059,-1.410,0.140,0.183,0.077,0.581,0.428,-0.553,0.416,1244997888.000,0.094,24839,25060,17,0,31,15.040,74.850,24752,25000,1286,1200,0
122490,0.156,-6936649.500,-0.079,0.810,0.048,0.054,-0.023,0.583,0.428,-0.551,0.418,1244997888.000,0.091,24974,24926,16,6,31,15.070,74.570,24875,25062,1229,1207,0
122590,0.183,-6120943.000,-0.098,-0.060,0.027,0.081,-0.046,0.586,0.428,-0.547,0.418,1244997888.000,0.092,25015,24885,17,5,31,15.070,74.570,24875,25062,1229,1207,0
122690,0.199,-5303626.500,-0.104,0.860,0.281,-0.011,-0.074,0.584,0.432,-0.543,0.421,1244997888.000,0.078,25093,24806,7,0,31,15.070,74.570,24875,25062,1229,1207,0
122790,0.261,-3934401.750,-0.061,0.100,0.178,-0.254,-0.083,0.584,0.440,-0.543,0.413,1244997888.000,0.078,25111,24787,1,9,31,14.990,74.290,25316,24691,1249,1184,0
122890,0.246,-3163281.750,0.002,-0.100,0.043,0.054,-0.033,0.574,0.447,-0.547,0.414,1244997888.000,0.064,25134,24765,22,5,31,14.990,74.290,25316,24691,1249,1184,0
122990,0.239,-2398993.000,-0.069,-1.310,0.060,0.270,0.098,0.580,0.442,-0.541,0.419,1244997888.000,0.064,24961,24938,20,-1,31,14.990,74.290,25316,24691,1249,1184,0
123090,0.224,-1748972.125,-0.111,-0.010,-0.064,0.026,0.117,0.582,0.439,-0.537,0.425,1244997888.000,0.059,24927,24972,18,11,31,14.990,74.290,25316,24691,1249,1184,0
123190,0.187,-1375762.500,-0.162,-0.270,-0.127,0.258,0.090,0.586,0.430,-0.536,0.429,1244997888.000,0.068,24962,24938,25,2,31,15.030,74.530,25000,24937,1230,1219,0
123290,0.189,-717803.562,-0.160,1.200,-0.159,-0.361,-0.051,0.589,0.427,-0.538,0.425,1244997888.000,0.078,25158,24740,9,23,31,15.030,74.530,25000,24937,1230,1219,0
123390,0.170,-194890.172,-0.087,1.210,0.199,-0.073,0.184,0.583,0.430,-0.548,0.420,1244997888.000,0.085,24806,25093,8,0,31,15.030,74.530,25000,24937,1230,1219,0
123490,0.123,-107707.031,-0.057,-0.250,0.109,-0.123,0.072,0.574,0.433,-0.550,0.425,1244997888.000,0.068,24953,24947,9,5,31,15.030,74.530,25000,24937,1230,1219,0
123590,0.128,267548.688,-0.087,-0.980,0.293,0.188,-0.197,0.571,0.439,-0.541,0.434,1244997888.000,0.043,25378,24514,14,-6,31,15.050,74.490,25000,25000,1226,1201,0
123691,0.207,1567182.125,-0.093,0.720,0.230,0.096,-0.153,0.571,0.451,-0.530,0.436,1244997888.000,0.018,25285,24610,14,-2,31,15.050,74.490,25000,25000,1226,1201,0
123790,0.210,2381236.250,-0.178,-2.060,0.071,0.352,0.088,0.575,0.449,-0.518,0.447,1244997888.000,0.001,25004,24896,26,-2,31,15.050,74.490,25000,25000,1226,1201,0
123890,0.161,2617995.000,-0.230,-0.800,0.150,0.068,0.217,0.576,0.442,-0.516,0.455,1244997888.000,-0.002,24846,25054,13,-3,31,15.050,74.490,25000,25000,1226,1201,0
123990,0.112,2599041.000,-0.200,1.260,0.031,-0.349,0.096,0.567,0.445,-0.518,0.460,1244997888.000,-0.016,25014,24885,6,15,31,15.030,74.370,25188,24691,1193,1270,0
124090,0.091,2704611.750,-0.202,1.140,0.104,0.233,-0.068,0.564,0.446,-0.517,0.464,1244997888.000,-0.025,25225,24672,23,-8,31,15.030,74.370,25188,24691,1193,1270,0
124190,0.121,3268895.250,-0.186,-1.200,0.198,-0.104,-0.187,0.560,0.455,-0.512,0.466,1244997888.000,-0.046,25385,24507,9,1,31,15.030,74.370,25188,24691,1193,1270,0
124290,0.178,4338300.000,-0.220,-0.190,0.097,0.238,-0.107,0.564,0.459,-0.503,0.467,1244997888.000,-0.056,25269,24626,23,-8,31,15.030,74.370,25188,24691,1193,1270,0
124390,0.192,5160985.500,-0.277,-0.300,-0.004,0.098,0.028,0.568,0.457,-0.496,0.472,1244997888.000,-0.061,25128,24771,21,-1,32,15.030,74.450,25188,24691,1255,1202,0
124490,0.188,5812457.500,-0.327,-1.250,-0.110,0.231,-0.021,0.574,0.450,-0.493,0.474,1244997888.000,-0.053,25244,24653,29,-5,32,15.030,74.450,25188,24691,1255,1202,0
124590,0.234,6996707.000,-0.303,1.920,-0.203,-0.400,-0.138,0.578,0.451,-0.497,0.464,1244997888.000,-0.036,25411,24480,11,16,32,15.030,74.450,25188,24691,1255,1202,0
124690,0.183,7266957.500,-0.247,1.540,0.006,-0.024,0.261,0.573,0.449,-0.508,0.461,1244997888.000,-0.025,24906,24993,18,-3,32,15.030,74.450,25188,24691,1255,1202,0
124790,0.126,7313384.500,-0.192,-0.960,0.176,-0.080,0.019,0.562,0.453,-0.513,0.464,1244997888.000,-0.038,25239,24657,12,-4,31,15.030,74.410,24630,25252,1295,1166,0
124890,0.134,7795997.500,-0.213,-0.250,0.127,0.261,0.017,0.561,0.456,-0.507,0.469,1244997888.000,-0.053,25185,24713,25,-11,31,15.030,74.410,24630,25252,1295,1166,0
124990,0.139,8315751.000,-0.293,-0.100,0.117,0.151,-0.052,0.566,0.452,-0.497,0.477,1244997888.000,-0.062,25292,24603,19,-8,31,15.030,74.410,24630,25252,1295,1166,0
125090,0.138,8770125.000,-0.278,0.270,0.073,-0.080,0.039,0.562,0.457,-0.496,0.479,1244997888.000,-0.075,25186,24712,16,-1,31,15.020,74.120,25252,24813,1220,1195,0
125190,0.132,9157645.000,-0.265,0.660,0.132,-0.072,0.000,0.559,0.459,-0.495,0.481,1244997888.000,-0.082,25251,24646,13,-4,31,15.020,74.120,25252,24813,1220,1195,0
125290,0.153,9778950.000,-0.159,1.100,-0.181,-0.510,-0.081,0.551,0.468,-0.505,0.471,1244997888.000,-0.079,25372,24521,9,19,31,15.020,74.120,25252,24813,1220,1195,0
125390,0.135,10151937.000,-0.144,0.100,0.018,0.223,0.098,0.551,0.466,-0.508,0.470,1244997888.000,-0.074,25135,24764,24,-10,31,15.020,74.120,25252,24813,1220,1195,0
125491,0.113,10341695.000,-0.123,-0.200,0.037,-0.431,0.026,0.545,0.469,-0.510,0.472,1244997888.000,-0.084,25246,24650,2,15,32,14.850,74.200,25773,24449,1266,1274,0
125591,0.116,10745683.000,-0.062,-0.630,-0.113,0.181,0.004,0.540,0.473,-0.516,0.466,1244997888.000,-0.080,25261,24635,27,-4,32,14.850,74.200,25773,24449,1266,1274,0
125690,0.144,11489985.000,-0.145,-0.670,-0.357,-0.046,-0.049,0.555,0.463,-0.513,0.464,1244997888.000,-0.056,25297,24598,21,17,32,14.850,74.200,25773,24449,1266,1274,0
125790,0.112,11748383.000,-0.088,1.430,-0.254,-0.117,0.283,0.555,0.457,-0.526,0.455,1244997888.000,-0.028,24845,25055,19,8,32,14.850,74.200,25773,24449,1266,1274,0
125890,-0.009,10797682.000,-0.086,-0.810,-0.322,-0.042,0.154,0.552,0.444,-0.537,0.458,1244997888.000,-0.010,25078,24821,25,12,32,14.850,74.200,25773,24449,1266,1274,0
125990,-0.035,10465993.000,-0.088,-0.570,-0.103,0.076,0.012,0.555,0.437,-0.543,0.454,1244997888.000,0.011,25248,24649,20,0,32,14.970,73.840,24813,25062,1311,1163,0
126090,-0.007,10657383.000,-0.084,1.180,0.113,-0.086,0.022,0.556,0.439,-0.541,0.453,1244997888.000,0.009,25092,24807,10,1,32,14.970,73.840,24813,25062,1311,1163,0
126190,-0.050,10183469.000,-0.097,1.120,0.112,0.171,0.112,0.552,0.439,-0.540,0.460,1244997888.000,-0.005,24988,24912,21,-6,32,14.970,73.840,24813,25062,1311,1163,0
126290,-0.069,9746077.000,-0.116,0.340,0.114,-0.057,-0.051,0.549,0.440,-0.536,0.467,1244997888.000,-0.020,25232,24665,13,3,32,14.970,74.040,24875,24937,1284,1204,0
126390,-0.030,9929048.000,-0.073,0.430,0.210,-0.188,-0.141,0.544,0.450,-0.534,0.465,1244997888.000,-0.035,25300,24595,7,1,32,14.970,74.040,24875,24937,1284,1204,0
126490,0.051,10683424.000,-0.053,-1.090,0.019,0.048,-0.158,0.544,0.460,-0.529,0.461,1244997888.000,-0.044,25335,24559,19,0,32,14.970,74.040,24875,24937,1284,1204,0
126590,0.095,11346439.000,-0.074,0.960,-0.070,-0.064,-0.250,0.549,0.461,-0.524,0.459,1244997888.000,-0.044,25561,24352,14,7,32,14.970,74.040,24875,24937,1284,1204,0
126690,0.105,11772912.000,-0.040,-1.590,-0.062,0.018,0.111,0.548,0.462,-0.529,0.454,1244997888.000,-0.036,25098,24801,19,1,32,14.990,73.880,25445,24271,1233,1278,0
126790,0.076,11834433.000,-0.065,-1.060,-0.167,0.000,0.048,0.550,0.457,-0.530,0.456,1244997888.000,-0.030,25205,24693,21,7,32,14.990,73.880,25445,24271,1233,1278,0
126890,0.026,11583718.000,-0.045,-0.580,-0.070,0.043,0.291,0.550,0.450,-0.539,0.453,1244997888.000,-0.011,24814,25085,18,0,32,14.990,73.880,25445,24271,1233,1278,0
126990,-0.070,10607455.000,-0.076,-0.850,0.024,-0.073,0.061,0.546,0.442,-0.540,0.463,1244997888.000,-0.016,25138,24760,14,6,32,14.990,73.880,25445,24271,1233,1278,0
127090,-0.067,10396794.000,-0.031,-1.070,-0.154,0.002,-0.016,0.544,0.443,-0.546,0.457,1244997888.000,-0.007,25146,24752,23,6,32,14.970,73.800,25062,24691,1293,1203,0
127190,-0.088,9949635.000,-0.056,-1.080,-0.133,0.010,0.038,0.546,0.439,-0.546,0.459,1244997888.000,-0.002,25061,24839,21,7,32,14.970,73.800,25062,24691,1293,1203,0
127290,-0.033,10202602.000,-0.027,1.520,-0.053,-0.074,-0.092,0.548,0.443,-0.547,0.452,1244997888.000,0.003,25203,24695,16,6,32,14.970,73.800,25062,24691,1293,1203,0
127390,-0.024,10213659.000,-0.038,0.470,-0.066,0.081,-0.008,0.552,0.440,-0.548,0.449,1244997888.000,0.015,25120,24779,21,1,32,14.970,73.800,25062,24691,1293,1203,0
127490,-0.157,9594439.000,0.010,0.960,-0.091,0.050,0.214,0.554,0.432,-0.550,0.451,1244997888.000,0.024,24680,25217,18,6,32,14.970,74.040,25188,24875,1192,1231,0
127590,-0.518,8253733.000,0.119,-1.070,-0.361,-0.230,0.221,0.554,0.422,-0.563,0.444,1244997888.000,0.054,24181,25696,15,24,32,14.970,74.040,25188,24875,1192,1231,0
127690,-0.660,5650786.000,0.255,-1.350,0.084,-0.102,-0.102,0.553,0.415,-0.576,0.435,1244997888.000,0.080,24694,25203,2,4,32,14.970,74.040,25188,24875,1192,1231,0
127790,-0.759,3181643.750,0.319,-2.570,-0.266,-0.057,-0.107,0.556,0.414,-0.580,0.429,1244997888.000,0.092,24530,25363,17,21,32,14.970,74.040,25188,24875,1192,1231,0
127890,-0.573,1203659.000,0.358,1.360,-0.094,-0.003,-0.186,0.550,0.431,-0.571,0.431,1244997888.000,0.055,24772,25127,21,22,33,14.960,73.800,24752,25316,1164,1257,0
127990,-0.369,431898.156,0.362,-0.410,0.017,0.021,-0.078,0.556,0.433,-0.568,0.426,1244997888.000,0.064,24728,25170,9,12,33,14.960,73.800,24752,25316,1164,1257,0
128090,0.015,349348.594,0.122,0.080,0.088,-0.030,-0.042,0.554,0.438,-0.565,0.426,1244997888.000,0.060,25084,24815,14,6,33,14.960,73.800,24752,25316,1164,1257,0
128190,0.023,519081.500,0.080,-1.290,-0.059,-0.139,-0.057,0.553,0.440,-0.566,0.424,1244997888.000,0.058,25052,24847,14,14,32,14.970,73.840,25000,24937,1263,1190,0
128290,0.022,589561.750,0.126,0.480,-0.068,-0.141,0.116,0.551,0.441,-0.572,0.419,1245782144.000,0.067,24804,25110,12,14,32,14.970,73.840,25000,24937,1263,1190,0
128390,-0.055,-173377.578,0.147,0.390,-0.023,-0.011,0.266,0.547,0.434,-0.580,0.419,1295978240.000,0.078,25096,25811,13,8,32,14.970,73.840,25000,24937,1263,1190,0
128490,-0.132,-1182213.750,0.223,-1.670,0.109,-0.362,0.087,0.537,0.432,-0.588,0.422,1244997888.000,0.075,24778,25121,0,24,32,14.970,73.840,25000,24937,1263,1190,0
128590,-0.180,-2117773.250,0.278,1.400,-0.193,-0.153,0.156,0.529,0.432,-0.601,0.415,1244997888.000,0.087,24586,25309,15,20,33,15.000,73.480,24570,25000,1245,1299,0
128690,-0.230,-3371531.500,0.228,-0.270,-0.210,0.349,0.131,0.537,0.417,-0.605,0.415,1244997888.000,0.114,24574,25320,27,6,33,15.000,73.480,24570,25000,1245,1299,0
128790,-0.250,-4481787.000,0.124,-1.680,0.068,0.308,0.036,0.547,0.406,-0.598,0.422,1244997888.000,0.122,24666,25230,17,1,33,15.000,73.480,24570,25000,1245,1299,0
128890,-0.217,-5050339.000,0.063,0.580,-0.048,0.191,-0.117,0.552,0.408,-0.588,0.428,1244997888.000,0.109,24827,25072,23,9,33,15.000,73.480,24570,25000,1245,1299,0
128990,-0.168,-5356774.000,-0.011,-1.310,0.024,0.286,-0.098,0.563,0.404,-0.580,0.428,1244997888.000,0.115,24807,25092,23,0,33,14.970,73.520,24691,25188,1247,1227,0
129090,-0.190,-6222249.000,-0.082,1.150,0.418,0.089,0.000,0.561,0.407,-0.567,0.445,1244997888.000,0.076,24835,25065,13,2,33,14.970,73.520,24691,25188,1247,1227,0
129190,-0.230,-5566113.500,0.016,1.000,0.160,-0.163,-0.461,0.563,0.423,-0.558,0.439,1244997888.000,0.063,25060,24839,7,12,33,14.970,73.520,24691,25188,1247,1227,0
129290,-0.662,-5897192.000,0.104,-0.690,0.369,-0.010,-0.299,0.564,0.438,-0.550,0.434,1244997888.000,0.043,24304,25579,3,-2,33,14.970,73.520,24691,25188,1247,1227,0
129390,-0.671,-7306230.500,0.208,-1.390,-0.077,0.038,-0.194,0.567,0.447,-0.542,0.431,1244997888.000,0.026,24318,25566,14,15,33,14.940,73.360,24509,25445,1171,1285,0
129490,-0.657,-9196840.000,0.421,-0.040,-0.074,0.038,-0.002,0.571,0.447,-0.539,0.428,1244997888.000,0.021,24124,25749,7,20,33,14.940,73.360,24509,25445,1171,1285,0
129590,-0.649,-11347999.000,0.402,-0.160,-0.164,0.020,0.026,0.575,0.444,-0.541,0.424,1244997888.000,0.035,24100,25772,12,20,33,14.940,73.360,24509,25445,1171,1285,0
129690,-0.799,-14419377.000,0.156,0.670,0.011,0.010,0.089,0.575,0.439,-0.543,0.427,1244997888.000,0.051,23890,25967,12,8,33,14.940,73.360,24509,25445,1171,1285,0
129790,-0.752,-17499316.000,0.148,0.250,0.074,-0.050,0.068,0.569,0.441,-0.547,0.428,1244997888.000,0.046,23961,25901,10,9,33,14.950,73.320,23584,25839,1255,1320,0
129890,-0.723,-20429374.000,0.084,0.570,0.034,0.136,0.078,0.568,0.439,-0.544,0.436,1244997888.000,0.038,23907,25951,18,6,33,14.950,73.320,23584,25839,1255,1320,0
129990,-0.721,-22979852.000,0.079,0.960,0.030,-0.019,-0.056,0.567,0.440,-0.542,0.437,1244997888.000,0.035,23996,25868,12,10,33,14.950,73.320,23584,25839,1255,1320,0
130090,-0.533,-25005078.000,0.064,-1.940,0.136,0.108,-0.119,0.568,0.444,-0.538,0.438,1244997888.000,0.025,24252,25629,13,2,33,14.950,73.320,23584,25839,1255,1320,0
130190,-0.409,-26325052.000,0.018,0.940,-0.012,0.157,-0.033,0.570,0.446,-0.529,0.442,1244997888.000,0.014,24137,25737,20,6,33,14.920,73.080,24330,25706,1184,1254,0
130290,-0.269,-27200304.000,-0.015,-0.140,-0.009,0.096,-0.107,0.575,0.445,-0.525,0.442,1244997888.000,0.016,24346,25539,18,5,33,14.920,73.080,24330,25706,1184,1254,0
130390,-0.225,-27811726.000,-0.032,-0.640,0.120,-0.051,-0.106,0.577,0.448,-0.521,0.442,1244997888.000,0.012,24329,25555,9,5,33,14.920,73.080,24330,25706,1184,1254,0
130490,-0.176,-28010548.000,-0.011,-0.940,0.000,-0.102,-0.164,0.576,0.455,-0.518,0.439,1244997888.000,0.003,24428,25461,13,11,33,14.970,73.240,24449,25706,1203,1199,0
130590,-0.136,-28182304.000,-0.048,0.130,-0.131,-0.199,-0.039,0.575,0.460,-0.521,0.432,1244997888.000,0.009,24269,25613,16,15,33,14.970,73.240,24449,25706,1203,1199,0
130690,0.113,-27928864.000,-0.035,-0.090,0.172,-0.199,0.014,0.573,0.464,-0.528,0.422,1244997888.000,0.018,24859,25041,4,3,33,14.970,73.240,24449,25706,1203,1199,0
130790,0.317,-27077176.000,0.004,-1.230,-0.213,-0.126,0.158,0.567,0.466,-0.532,0.422,1244997888.000,0.016,24478,25413,21,19,33,14.970,73.240,24449,25706,1203,1199,0
130890,0.217,-27016378.000,0.013,0.980,-0.216,0.072,0.317,0.566,0.453,-0.544,0.422,1378331264.000,0.039,25554,26931,23,10,33,14.640,73.120,25445,26315,1269,1457,0
130991,0.166,-26898556.000,-0.026,-0.760,-0.171,0.069,0.063,0.570,0.442,-0.547,0.424,1244997888.000,0.054,24518,25374,21,11,33,14.640,73.120,25445,26315,1269,1457,0
131090,0.070,-26796976.000,0.041,0.950,-0.586,-0.249,0.063,0.573,0.433,-0.558,0.416,1244997888.000,0.085,24403,25485,24,36,33,14.640,73.120,25445,26315,1269,1457,0
131190,-0.433,-27949088.000,0.282,-0.870,0.048,-0.098,0.187,0.578,0.423,-0.575,0.396,1285782144.000,0.132,24004,26638,-2,6,33,14.640,73.120,25445,26315,1269,1457,0
131290,0.070,-28687948.000,0.118,0.450,0.086,0.129,-0.092,0.578,0.425,-0.569,0.401,1244997888.000,0.126,24708,25189,13,2,33,14.960,73.400,24937,25000,1188,1261,0
131390,0.134,-28179278.000,0.062,-0.430,-0.618,-0.264,0.034,0.581,0.419,-0.577,0.392,1323429248.000,0.151,25257,26182,29,41,33,14.960,73.400,24937,25000,1188,1261,0
131490,0.146,-27590714.000,0.111,0.160,-0.381,-0.093,-0.070,0.589,0.406,-0.593,0.369,1280291968.000,0.212,24964,25634,20,22,33,14.960,73.400,24937,25000,1188,1261,0
131590,0.145,-27001420.000,0.157,-0.030,-0.237,-0.189,0.052,0.589,0.402,-0.602,0.359,1254409600.000,0.235,24515,25562,17,29,33,14.960,73.400,24937,25000,1188,1261,0
131690,0.111,-27021308.000,0.247,0.970,-0.304,0.153,0.174,0.592,0.390,-0.610,0.354,1395586176.000,0.263,25795,27023,26,21,33,14.940,73.080,24570,26041,1205,1232,0
131790,0.152,-27099118.000,0.653,0.690,-0.112,0.284,0.156,0.599,0.377,-0.608,0.359,1244997888.000,0.275,24404,25485,14,26,33,14.940,73.080,24570,26041,1205,1232,0
131890,0.221,-27146046.000,0.618,0.370,-0.322,0.430,0.214,0.611,0.359,-0.606,0.362,1244997888.000,0.306,24385,25503,26,23,33,14.940,73.080,24570,26041,1205,1232,0
131990,-0.026,-27732718.000,0.034,-1.560,-0.376,0.359,0.234,0.623,0.336,-0.601,0.371,1244997888.000,0.324,24103,25769,42,19,33,14.940,73.080,24570,26041,1205,1232,0
132090,-0.127,-28519458.000,-0.169,0.030,0.130,-0.458,0.080,0.625,0.324,-0.608,0.366,1442644992.000,0.351,26163,27534,2,20,33,14.740,72.960,25510,26954,1437,1553,0
132190,-0.282,-29764338.000,0.004,-0.710,0.148,-0.051,0.207,0.608,0.332,-0.618,0.372,1244997888.000,0.328,23858,25996,27,19,33,14.740,72.960,25510,26954,1437,1553,0
132290,-0.658,-31651640.000,0.092,-0.410,0.401,0.080,-0.170,0.609,0.332,-0.615,0.375,1394017536.000,0.324,25441,27327,8,4,33,14.740,72.960,25510,26954,1437,1553,0
132390,-0.983,-34002156.000,0.275,0.050,0.048,0.196,-0.399,0.612,0.346,-0.602,0.379,1244997888.000,0.289,23828,26024,22,22,33,14.740,72.960,25510,26954,1437,1553,0
132490,-0.636,-35012832.000,0.307,-1.840,0.346,0.427,-0.501,0.627,0.359,-0.581,0.374,1244997888.000,0.271,24279,25603,16,3,33,15.020,73.480,24390,25706,1223,1319,0
132590,-0.443,-35186388.000,0.217,-1.330,0.059,0.244,-0.484,0.642,0.374,-0.556,0.373,1244997888.000,0.247,24371,25516,22,19,33,15.020,73.480,24390,25706,1223,1319,0
132690,0.017,-34348876.000,-0.047,1.270,0.366,0.218,-0.357,0.656,0.383,-0.540,0.363,1364213632.000,0.254,25855,26377,15,-3,33,15.020,73.480,24390,25706,1223,1319,0
132790,0.565,-32255888.000,-0.317,1.770,0.264,-0.262,0.099,0.651,0.399,-0.530,0.369,1244997888.000,0.220,24596,25299,13,13,33,15.020,73.480,24390,25706,1223,1319,0
132891,0.428,-31494718.000,-0.200,0.080,-0.266,-0.388,0.343,0.638,0.393,-0.553,0.365,1419899904.000,0.239,25987,27287,24,29,33,15.120,73.200,24630,25125,1137,1244,0
132991,0.297,-31436920.000,-0.131,2.670,0.269,-0.037,0.323,0.628,0.387,-0.563,0.373,1244997888.000,0.237,24231,25648,14,3,33,15.120,73.200,24630,25125,1137,1244,0
133090,-0.686,-32316566.000,-0.093,-3.050,-0.427,-0.366,0.237,0.617,0.382,-0.576,0.376,1383821440.000,0.248,24360,28114,29,41,33,15.120,73.200,24630,25125,1137,1244,0
133190,-0.799,-34744472.000,0.089,1.520,-0.013,-0.281,-0.381,0.620,0.373,-0.595,0.351,1244997888.000,0.296,24033,25834,5,18,33,15.120,73.200,24630,25125,1137,1244,0
133290,-0.627,-35546388.000,0.158,-0.940,0.463,-0.111,-0.511,0.611,0.407,-0.583,0.348,1244997888.000,0.242,24254,25627,6,11,33,14.910,73.320,24271,25706,1215,1261,0
133390,-0.308,-35663932.000,0.153,-0.130,-0.589,0.061,-0.443,0.625,0.411,-0.577,0.328,1368919424.000,0.265,25725,26592,40,39,33,14.910,73.320,24271,25706,1215,1261,0
133490,0.669,-33202526.000,0.105,0.800,0.991,-0.121,-0.121,0.624,0.429,-0.568,0.322,1268527360.000,0.248,25237,25132,-21,-13,33,14.910,73.320,24271,25706,1215,1261,0
133590,0.558,-31940278.000,0.084,-3.560,-0.286,0.258,0.374,0.612,0.434,-0.564,0.345,1395586176.000,0.202,25802,27015,45,28,33,14.910,73.000,24752,26246,1424,1513,0
133690,0.481,-31098750.000,0.028,2.090,0.951,0.450,0.203,0.613,0.428,-0.552,0.370,1244997888.000,0.171,24554,25340,-1,-25,33,14.910,73.000,24752,26246,1424,1513,0
133790,0.398,-30415952.000,-0.039,-0.710,0.027,0.120,0.274,0.602,0.434,-0.539,0.398,1306174336.000,0.113,24994,26105,27,20,33,14.910,73.000,24752,26246,1424,1513,0
133890,-0.065,-30285450.000,0.048,1.270,0.492,0.287,0.297,0.598,0.429,-0.536,0.414,1244997888.000,0.093,23653,26183,8,-4,33,14.910,73.000,24752,26246,1424,1513,0
133990,-0.502,-32102908.000,-0.063,-0.730,-0.419,0.177,0.061,0.594,0.425,-0.530,0.432,1244997888.000,0.072,23745,26099,43,28,33,14.870,73.120,24154,25773,1221,1363,0
134090,0.058,-32833258.000,-0.260,0.520,0.611,-0.073,-0.319,0.600,0.430,-0.520,0.430,1408135168.000,0.066,26752,26315,-1,-10,33,14.870,73.120,24154,25773,1221,1363,0
134190,0.333,-31455816.000,-0.215,-2.530,-0.122,-0.182,0.129,0.587,0.451,-0.510,0.438,1250488064.000,0.011,24478,25521,31,27,33,14.870,73.120,24154,25773,1221,1363,0
134290,-0.420,-32170892.000,-0.500,0.540,-0.401,-0.092,0.143,0.589,0.438,-0.525,0.430,1419115520.000,0.069,25316,27897,40,13,33,14.870,73.120,24154,25773,1221,1363,0
134390,0.282,-33678464.000,-0.091,1.250,0.389,-0.526,-0.350,0.578,0.452,-0.532,0.423,1244997888.000,0.040,25535,24351,-13,16,33,14.710,72.640,25575,27322,935,1157,0
134490,0.381,-31574164.000,0.017,-1.690,0.401,0.088,0.001,0.563,0.479,-0.523,0.424,1244997888.000,-0.013,24586,25308,16,-1,33,14.710,72.640,25575,27322,935,1157,0
134590,0.375,-30305482.000,-0.073,0.640,-0.568,-0.007,0.004,0.570,0.471,-0.523,0.424,1305390080.000,0.002,25241,25851,37,31,33,14.710,72.640,25575,27322,935,1157,0
134690,0.198,-29315220.000,-0.118,-0.220,0.012,-0.258,0.136,0.569,0.468,-0.535,0.413,1244997888.000,0.029,24251,25630,16,15,33,14.710,72.640,25575,27322,935,1157,0
134790,0.143,-29295818.000,-0.020,-3.060,-0.391,-0.054,0.256,0.569,0.459,-0.546,0.410,1244997888.000,0.051,24135,25739,28,24,34,14.910,73.120,24330,25252,1177,1376,0
134890,0.008,-30032582.000,-0.195,-0.500,-0.190,0.068,0.213,0.568,0.444,-0.559,0.409,1244997888.000,0.081,24151,25724,30,8,34,14.910,73.120,24330,25252,1177,1376,0
134990,0.168,-30202126.000,0.033,-2.250,-0.583,-0.087,-0.052,0.577,0.431,-0.566,0.401,1244997888.000,0.117,24726,25172,27,45,34,14.910,73.120,24330,25252,1177,1376,0
135090,0.171,-29503734.000,0.147,0.360,-0.534,-0.416,-0.056,0.579,0.422,-0.587,0.377,1244997888.000,0.172,24602,25293,18,41,34,14.910,73.120,24330,25252,1177,1376,0
135190,-0.431,-29714622.000,0.298,1.600,-0.687,-0.034,0.230,0.586,0.407,-0.602,0.359,1407350784.000,0.220,24951,28014,33,41,34,14.690,72.680,25641,26595,1318,1402,0
135290,-0.166,-30888490.000,0.218,0.160,-0.467,-0.138,-0.432,0.598,0.389,-0.618,0.330,1244997888.000,0.303,24949,24951,13,20,34,14.690,72.680,25641,26595,1318,1402,0
135390,0.274,-29333186.000,0.262,1.260,0.387,-0.097,0.050,0.592,0.409,-0.609,0.333,1279507712.000,0.265,24790,25787,5,17,34,14.690,72.680,25641,26595,1318,1402,0
135490,0.149,-29643664.000,0.294,1.640,-0.824,-0.210,0.403,0.592,0.386,-0.629,0.322,1444997888.000,0.320,25970,27759,37,56,34,14.690,72.680,25641,26595,1318,1402,0
135590,-0.032,-30978714.000,0.377,0.470,0.733,-0.171,0.548,0.577,0.379,-0.642,0.335,1244997888.000,0.305,23571,26257,-15,6,34,14.790,72.840,26178,27855,1252,1383,0
135690,-0.218,-33216292.000,0.381,-0.130,-0.186,0.117,0.321,0.563,0.371,-0.648,0.354,1401076352.000,0.293,25449,27449,30,34,34,14.790,72.840,26178,27855,1252,1383,0
135790,-0.268,-34878144.000,0.448,1.370,0.314,0.121,0.160,0.565,0.361,-0.647,0.363,1397939072.000,0.297,25477,27365,4,19,34,14.790,72.840,26178,27855,1252,1383,0
135890,-1.091,-37263560.000,0.761,-0.870,-0.178,0.396,-0.232,0.565,0.360,-0.642,0.372,1244997888.000,0.261,23287,26509,28,30,33,14.870,73.200,23529,26595,1223,1291,0
135990,-1.004,-39387912.000,0.513,-3.200,0.560,0.610,-0.604,0.590,0.364,-0.617,0.372,1244997888.000,0.262,23970,25893,7,-4,33,14.870,73.200,23529,26595,1223,1291,0
136090,-0.695,-40055012.000,0.485,1.080,0.092,0.273,-0.702,0.607,0.387,-0.585,0.372,1443429248.000,0.219,26294,27423,17,30,33,14.870,73.200,23529,26595,1223,1291,0
136190,-0.051,-39032040.000,0.594,0.110,0.258,0.568,-0.633,0.631,0.399,-0.560,0.360,1244997888.000,0.210,24896,25004,12,11,33,14.870,73.200,23529,26595,1223,1291,0
136290,0.556,-37020056.000,0.213,0.000,0.260,0.508,-0.233,0.647,0.410,-0.528,0.366,1274017536.000,0.191,25366,25111,26,6,34,14.870,73.400,24752,25000,1202,1312,0
136390,0.627,-34974888.000,-0.365,-0.410,0.093,0.163,0.237,0.652,0.409,-0.515,0.378,1444997888.000,0.185,26398,27352,33,7,34,14.870,73.400,24752,25000,1202,1312,0
136490,0.346,-34592504.000,0.111,-0.200,0.083,-0.692,0.446,0.635,0.406,-0.533,0.385,1318723328.000,0.174,24713,26608,-9,44,34,14.870,73.400,24752,25000,1202,1312,0
136590,-0.005,-35043824.000,0.255,-0.430,0.222,0.068,0.206,0.617,0.409,-0.548,0.389,1244997888.000,0.162,23961,25901,16,10,34,14.870,73.400,24752,25000,1202,1312,0
136690,0.311,-34828892.000,-0.269,-0.310,0.622,0.200,0.061,0.618,0.409,-0.534,0.407,1244997888.000,0.141,24572,25322,12,-13,34,14.880,72.350,24449,25125,1309,1243,0
136790,0.078,-34672636.000,-0.010,-1.610,-0.092,-0.852,0.269,0.596,0.421,-0.547,0.410,1444997888.000,0.115,25914,27811,0,54,34,14.880,72.350,24449,25125,1309,1243,0
136890,-0.533,-36444364.000,0.491,0.400,0.351,0.223,-0.161,0.584,0.425,-0.561,0.405,1244997888.000,0.100,23948,25913,5,6,34,14.880,72.350,24449,25125,1309,1243,0
136990,0.069,-36609020.000,0.095,-0.690,0.400,0.544,-0.461,0.593,0.437,-0.532,0.417,1244997888.000,0.070,25151,24747,25,-5,34,14.880,72.350,24449,25125,1309,1243,0
137090,0.408,-34542840.000,-0.203,1.750,0.217,-0.124,0.058,0.596,0.450,-0.513,0.424,1444997888.000,0.038,26408,27342,13,19,34,14.650,72.720,26178,27472,1433,1329,0
137190,0.194,-33728880.000,0.272,0.060,0.319,-0.137,0.152,0.583,0.454,-0.524,0.423,1244997888.000,0.026,24126,25748,-7,18,34,14.650,72.720,26178,27472,1433,1329,0
137290,0.060,-33620948.000,0.579,1.530,0.597,0.410,0.017,0.573,0.464,-0.510,0.443,1347742976.000,-0.036,25318,26585,-3,5,34,14.650,72.720,26178,27472,1433,1329,0
137390,0.201,-33104542.000,0.194,0.310,0.097,0.657,-0.016,0.579,0.460,-0.491,0.459,1433233152.000,-0.052,26358,27175,29,3,34,14.650,72.720,26178,27472,1433,1329,0
137490,0.329,-31897916.000,-0.417,0.790,0.154,-0.203,-0.024,0.587,0.455,-0.474,0.472,1244997888.000,-0.061,24620,25276,11,15,34,14.810,73.240,25445,26315,1323,1279,0
137590,0.324,-30856222.000,-0.297,-0.180,-0.204,-0.430,0.158,0.578,0.463,-0.487,0.463,1244997888.000,-0.057,24355,25531,17,27,34,14.810,73.240,25445,26315,1323,1279,0
137690,-0.732,-31293870.000,-0.377,-1.320,-0.264,-0.032,0.020,0.576,0.456,-0.505,0.454,1244997888.000,-0.008,23061,26706,33,9,34,14.810,73.240,25445,26315,1323,1279,0
137790,-0.630,-32724470.000,-0.328,0.030,-0.122,-0.309,-0.687,0.587,0.458,-0.508,0.433,1244997888.000,0.026,24615,25280,3,11,34,14.810,73.240,25445,26315,1323,1279,0
137890,0.465,-31593812.000,-0.028,-2.050,0.336,-0.390,-0.521,0.580,0.491,-0.499,0.417,1244997888.000,-0.024,25694,24183,-4,18,34,14.890,72.230,24691,25380,1207,1237,0
137990,0.697,-28709074.000,-0.013,-1.050,0.016,-0.016,0.139,0.576,0.504,-0.495,0.411,1356370432.000,-0.040,25811,26271,19,16,34,14.890,72.230,24691,25380,1207,1237,0
138090,0.597,-27330060.000,-0.014,2.200,-0.004,-0.049,0.293,0.576,0.492,-0.507,0.413,1444997888.000,-0.019,26487,27266,9,12,34,14.890,72.230,24691,25380,1207,1237,0
138190,0.453,-26724286.000,0.262,-1.310,0.232,-0.039,0.401,0.561,0.492,-0.511,0.427,1244997888.000,-0.048,24331,25554,1,18,34,14.890,72.230,24691,25380,1207,1237,0
138290,0.192,-26962334.000,0.707,1.390,0.053,0.493,0.347,0.556,0.480,-0.513,0.444,1424605696.000,-0.063,25975,27384,12,16,34,14.870,73.480,24752,25773,1162,1286,0
138390,0.197,-27222954.000,-0.272,1.020,0.306,0.841,0.262,0.565,0.460,-0.494,0.474,1244997888.000,-0.074,24323,25562,36,-22,34,14.870,73.480,24752,25773,1162,1286,0
138490,0.094,-27622286.000,-0.344,-1.170,-0.178,-0.308,0.256,0.565,0.449,-0.491,0.488,1244997888.000,-0.078,24215,25664,14,29,34,14.870,73.480,24752,25773,1162,1286,0
138590,0.016,-28190828.000,-0.211,1.030,0.027,-0.264,0.154,0.552,0.451,-0.511,0.480,1244997888.000,-0.065,24277,25605,10,12,34,14.870,73.480,24752,25773,1162,1286,0
138690,-0.031,-28686530.000,-0.209,-0.120,0.151,0.068,0.078,0.544,0.453,-0.509,0.489,1404213632.000,-0.086,26110,27627,20,14,35,14.890,72.310,24271,25445,1210,1310,0
138790,-0.606,-29452310.000,-0.204,0.580,-0.281,-0.139,-0.114,0.545,0.453,-0.513,0.484,1388527360.000,-0.070,25182,27466,24,23,35,14.890,72.310,24271,25445,1210,1310,0
138890,-0.521,-30306648.000,-0.126,-1.350,-0.150,0.077,-0.514,0.558,0.456,-0.511,0.469,1244997888.000,-0.050,24493,25398,22,12,35,14.890,72.310,24271,25445,1210,1310,0
138990,0.306,-28373700.000,-0.196,-0.170,0.236,-0.080,-0.306,0.568,0.470,-0.497,0.458,1422252800.000,-0.061,26573,26761,10,7,35,14.890,72.310,24271,25445,1210,1310,0
139090,0.328,-26957830.000,-0.156,-2.070,-0.572,-0.194,0.030,0.571,0.468,-0.505,0.447,1244997888.000,-0.035,24564,25330,31,35,35,14.740,72.720,26525,26595,1250,1436,0
139190,0.275,-26319676.000,-0.104,0.040,0.047,-0.197,0.209,0.568,0.463,-0.518,0.441,1244997888.000,-0.014,24358,25528,7,12,35,14.740,72.720,26525,26595,1250,1436,0
139290,0.033,-26549316.000,-0.098,-0.410,-0.130,-0.168,0.222,0.558,0.461,-0.528,0.444,1244997888.000,-0.013,24134,25678,20,22,35,14.740,72.720,26525,26595,1250,1436,0
139390,-0.199,-27587880.000,-0.171,0.840,-0.016,-0.214,-0.071,0.556,0.458,-0.537,0.438,1310880256.000,0.005,25062,26130,12,15,35,14.760,72.550,25000,26525,1256,1346,0
139490,0.181,-27543506.000,0.087,0.310,0.448,-0.324,-0.016,0.542,0.475,-0.538,0.437,1244997888.000,-0.028,24712,25186,-8,14,35,14.760,72.550,25000,26525,1256,1346,0
139590,0.141,-27345122.000,0.132,0.740,-0.428,0.096,0.176,0.531,0.481,-0.539,0.442,1244997888.000,-0.050,24316,25568,36,34,35,14.760,72.550,25000,26525,1256,1346,0
139690,0.098,-27320454.000,0.101,0.900,0.272,0.031,0.034,0.538,0.469,-0.545,0.440,1244997888.000,-0.021,24488,25403,0,4,35,14.760,72.550,25000,26525,1256,1346,0
139790,0.102,-26929286.000,0.092,0.380,0.202,0.106,-0.100,0.533,0.476,-0.538,0.448,1249997824.000,-0.049,24700,25297,11,9,35,14.780,72.390,24330,26109,1276,1247,0
139890,0.140,-26132070.000,0.046,-0.480,0.490,0.218,-0.078,0.531,0.484,-0.523,0.458,1269997568.000,-0.085,24858,25536,6,-4,35,14.780,72.390,24330,26109,1276,1247,0
139990,0.157,-25407214.000,-0.019,0.910,0.119,0.239,-0.022,0.530,0.489,-0.509,0.471,1269997568.000,-0.118,24813,25579,20,7,35,14.780,72.390,24330,26109,1276,1247,0
140090,0.156,-24773416.000,-0.023,1.110,0.173,0.276,-0.007,0.534,0.486,-0.500,0.477,1439409280.000,-0.126,26466,27183,14,1,35,14.780,72.390,24330,26109,1276,1247,0
140191,-0.474,-25061996.000,-0.056,2.230,0.277,0.279,0.162,0.532,0.485,-0.488,0.494,1269997568.000,-0.154,23723,26594,13,-2,35,14.590,72.510,26666,27247,1290,1376,0
140291,-0.432,-26731314.000,-0.269,-1.510,-0.023,0.221,-0.376,0.542,0.480,-0.481,0.494,1393919104.000,-0.140,26095,26702,24,-1,35,14.590,72.510,26666,27247,1290,1376,0
140390,0.261,-25486972.000,-0.290,0.940,0.914,0.069,0.019,0.539,0.497,-0.457,0.504,1269997568.000,-0.201,24855,25539,-9,-23,35,14.590,72.510,26666,27247,1290,1376,0
140490,-0.500,-25873130.000,-0.870,-2.490,-0.451,-0.066,0.138,0.531,0.496,-0.460,0.510,1269997568.000,-0.177,23687,26626,55,7,35,14.590,72.510,26666,27247,1290,1376,0
140590,-0.432,-27062388.000,-0.838,0.580,0.749,-0.468,-0.473,0.533,0.504,-0.459,0.501,1269997568.000,-0.174,24924,25472,-14,-23,35,14.790,72.470,24449,25974,1261,1269,0
140690,0.447,-25193974.000,-0.028,-2.140,0.561,-0.533,-0.043,0.501,0.553,-0.445,0.496,1269997568.000,-0.297,25120,25278,-13,11,35,14.790,72.470,24449,25974,1261,1269,0
140790,0.369,-24256730.000,-0.099,-1.040,-0.517,0.586,0.214,0.511,0.535,-0.451,0.499,1269997568.000,-0.267,24739,25652,47,2,35,14.790,72.470,24449,25974,1261,1269,0
140890,0.620,-22814188.000,-0.614,-0.880,0.689,-0.322,0.293,0.499,0.536,-0.444,0.516,1286468096.000,-0.302,25129,25593,-9,-18,35,14.790,72.470,24449,25974,1261,1269,0
140990,0.649,-22192662.000,-0.553,-0.220,-0.614,-0.449,0.491,0.483,0.535,-0.467,0.512,1377448576.000,-0.294,25890,26592,33,27,36,14.810,72.470,24875,25906,1305,1253,0
141090,0.528,-22062518.000,-0.567,0.760,0.746,-0.179,0.616,0.462,0.530,-0.487,0.519,1415095552.000,-0.304,26005,27182,-10,-33,36,14.810,72.470,24875,25906,1305,1253,0
141190,0.163,-22904930.000,-0.447,-2.140,-0.510,-0.363,0.600,0.431,0.528,-0.501,0.533,1269997568.000,-0.334,24191,26168,30,26,36,14.810,72.470,24875,25906,1305,1253,0
141290,-0.150,-24478914.000,0.072,-1.600,-0.050,-0.003,0.304,0.426,0.514,-0.527,0.526,1269997568.000,-0.285,24302,26066,3,3,36,14.830,73.200,24509,25839,1193,1363,0
141390,-0.490,-26498618.000,0.225,0.910,-0.017,0.580,-0.161,0.425,0.506,-0.521,0.540,1269997568.000,-0.294,24562,25820,23,-6,36,14.830,73.200,24509,25839,1193,1363,0
141490,-0.430,-27229794.000,0.019,0.170,-0.122,0.488,-0.294,0.453,0.492,-0.504,0.547,1425291648.000,-0.277,26169,27212,22,-3,36,14.830,73.200,24509,25839,1193,1363,0
141590,-0.335,-27267930.000,-0.231,2.710,-0.104,0.146,-0.413,0.471,0.491,-0.492,0.544,1364899584.000,-0.269,25741,26501,20,-1,36,14.830,73.200,24509,25839,1193,1363,0
141690,-0.705,-27925852.000,-0.822,0.100,-0.578,-0.121,-0.172,0.485,0.489,-0.491,0.533,1269997568.000,-0.226,23935,26403,46,6,36,14.930,73.160,24449,26109,1168,1315,0
141790,-0.373,-29286444.000,-0.738,-2.310,0.411,-0.747,-0.117,0.485,0.500,-0.508,0.507,1269997568.000,-0.201,24456,25921,-13,-11,36,14.930,73.160,24449,26109,1168,1315,0
141890,-0.266,-30216992.000,-0.554,-1.420,-0.136,-0.518,-0.009,0.467,0.519,-0.515,0.498,1269997568.000,-0.224,24401,25973,19,11,36,14.930,73.160,24449,26109,1168,1315,0
141990,0.159,-30562382.000,-0.381,-1.510,0.152,-0.423,-0.111,0.458,0.530,-0.527,0.481,1269997568.000,-0.222,25102,25296,3,-3,36,14.930,73.160,24449,26109,1168,1315,0
142090,0.233,-30146518.000,-0.303,-0.250,0.339,-0.106,0.373,0.432,0.546,-0.520,0.495,1269997568.000,-0.282,23783,26540,-16,19,36,14.780,72.390,24330,26109,1319,1200,0
142191,-0.184,-31748012.000,0.486,-0.610,-0.234,-0.113,0.099,0.426,0.539,-0.536,0.491,1269997568.000,-0.263,24400,25973,4,23,36,14.780,72.390,24330,26109,1319,1200,0
142290,-0.247,-32650202.000,0.358,-2.380,1.207,0.694,0.040,0.417,0.542,-0.510,0.522,1269997568.000,-0.332,24302,26066,-15,-48,36,14.780,72.390,24330,26109,1319,1200,0
142390,-0.287,-33557020.000,0.225,-0.750,0.161,0.259,-0.056,0.411,0.543,-0.483,0.550,1269997568.000,-0.392,24357,26014,9,4,36,14.780,72.390,24330,26109,1319,1200,0
142490,-0.272,-34136952.000,0.118,-0.430,0.812,0.440,-0.170,0.411,0.546,-0.463,0.565,1269997568.000,-0.431,24487,25892,-9,-34,36,14.830,72.230,24330,26109,1268,1232,0
142590,-0.210,-34254372.000,0.032,-0.230,0.276,-0.094,-0.310,0.404,0.557,-0.434,0.581,1411958400.000,-0.491,26108,27025,-3,3,36,14.830,72.230,24330,26109,1268,1232,0
142690,-0.022,-33112838.000,0.047,-0.270,0.328,-0.023,-0.543,0.409,0.577,-0.417,0.571,1269997568.000,-0.512,25151,25248,-5,-15,36,14.830,72.230,24330,26109,1268,1232,0
142790,0.180,-30909244.000,-0.002,1.170,-0.356,-0.077,-0.546,0.422,0.587,-0.401,0.563,1269997568.000,-0.519,25272,25126,16,13,36,14.830,72.230,24330,26109,1268,1232,0
142890,0.405,-27928182.000,-0.010,-1.130,-0.663,-0.027,-0.584,0.452,0.588,-0.405,0.534,1269997568.000,-0.457,25558,24835,21,11,36,14.790,72.230,25641,24937,1228,1258,0
142990,0.277,-27505816.000,-0.056,-1.330,0.942,0.421,0.498,0.452,0.575,-0.408,0.549,1269997568.000,-0.459,24951,25444,-37,-71,36,14.790,72.230,25641,24937,1228,1258,0
143090,0.178,-27288380.000,-0.135,3.640,-1.160,-0.242,0.151,0.446,0.568,-0.402,0.563,1269997568.000,-0.475,24690,25699,38,48,36,14.790,72.230,25641,24937,1228,1258,0
143190,0.050,-27802142.000,-0.187,2.930,0.018,0.483,0.148,0.460,0.543,-0.420,0.564,1269997568.000,-0.420,24613,25772,14,-28,36,14.790,72.230,25641,24937,1228,1258,0
143290,0.062,-27553028.000,-0.166,-1.070,-0.320,-0.253,-0.199,0.462,0.543,-0.424,0.557,1269997568.000,-0.406,25023,25374,16,5,37,14.730,72.800,24509,26385,1329,1236,0
143390,0.114,-26684180.000,-0.190,-0.530,-0.477,-0.302,-0.098,0.477,0.536,-0.430,0.548,1269997568.000,-0.371,24834,25559,9,16,37,14.730,72.800,24509,26385,1329,1236,0
143490,0.177,-25762420.000,-0.111,0.890,-0.330,0.251,-0.181,0.485,0.536,-0.444,0.529,1269997568.000,-0.331,25033,25364,27,-12,37,14.730,72.800,24509,26385,1329,1236,0
143590,0.179,-25013988.000,-0.153,-1.460,-0.520,-0.327,0.018,0.500,0.523,-0.452,0.522,1269997568.000,-0.284,24777,25614,10,18,36,14.770,72.470,24875,25575,1227,1295,0
143690,0.160,-24559002.000,-0.151,-0.160,-0.321,0.273,-0.067,0.511,0.511,-0.465,0.512,1269997568.000,-0.243,24963,25433,25,-10,36,14.770,72.470,24875,25575,1227,1295,0
143790,0.188,-23669920.000,-0.141,-1.040,-0.446,-0.248,-0.087,0.521,0.504,-0.474,0.500,1269997568.000,-0.205,24986,25411,15,14,36,14.770,72.470,24875,25575,1227,1295,0
143890,0.239,-22460094.000,-0.147,0.210,-0.470,0.008,-0.180,0.534,0.497,-0.480,0.487,1269997568.000,-0.161,25091,25307,25,9,36,14.770,72.470,24875,25575,1227,1295,0
143990,0.274,-21213564.000,-0.143,-0.860,-0.253,0.044,-0.092,0.544,0.491,-0.487,0.475,1269997568.000,-0.132,25078,25319,20,0,36,14.770,72.470,24875,25575,1227,1295,0
144090,0.276,-20104978.000,-0.222,-0.470,-0.331,0.353,0.066,0.557,0.479,-0.486,0.474,1269997568.000,-0.106,24876,25518,35,-5,37,14.800,72.310,25062,25380,1257,1251,0
144190,0.185,-20013870.000,-0.246,-1.140,-0.158,-0.100,0.273,0.562,0.463,-0.496,0.474,1269997568.000,-0.076,24564,25819,15,2,37,14.800,72.310,25062,25380,1257,1251,0
144290,0.063,-20682002.000,-0.231,-0.600,-0.084,0.023,0.239,0.557,0.451,-0.508,0.477,1269997568.000,-0.060,24628,25758,19,-4,37,14.800,72.310,25062,25380,1257,1251,0
144390,0.015,-21018756.000,-0.243,0.890,-0.043,0.012,0.061,0.558,0.445,-0.512,0.479,1269997568.000,-0.050,24781,25611,19,-3,37,14.800,72.310,25062,25380,1257,1251,0
144490,-0.008,-21206828.000,-0.243,-1.330,-0.058,0.010,0.071,0.557,0.442,-0.514,0.480,1269997568.000,-0.048,24696,25693,20,-2,37,14.800,72.110,24691,25706,1265,1259,0
144590,-0.024,-21415070.000,-0.245,1.330,-0.330,0.037,-0.030,0.560,0.436,-0.518,0.476,1269997568.000,-0.030,24823,25570,31,6,37,14.800,72.110,24691,25706,1265,1259,0
144690,0.038,-20872404.000,-0.274,-0.770,-0.131,0.119,-0.269,0.571,0.433,-0.517,0.469,1269997568.000,-0.010,25156,25242,26,-4,37,14.800,72.110,24691,25706,1265,1259,0
144790,0.087,-20098018.000,-0.326,0.840,-0.359,0.239,-0.024,0.583,0.426,-0.514,0.463,1269997568.000,0.011,24819,25574,39,0,37,14.810,72.190,24630,25380,1303,1308,0
144890,0.072,-19891430.000,-0.363,0.640,-0.256,0.097,0.009,0.593,0.413,-0.519,0.457,1269997568.000,0.045,24840,25554,31,-2,37,14.810,72.190,24630,25380,1303,1308,0
144990,0.047,-19768810.000,-0.706,1.650,-0.208,-0.029,0.079,0.599,0.404,-0.519,0.456,1269997568.000,0.063,24723,25667,38,-6,37,14.810,72.190,24630,25380,1303,1308,0
145090,0.004,-19957042.000,-0.695,-1.200,-0.259,-0.092,0.052,0.600,0.397,-0.528,0.451,1269997568.000,0.086,24757,25633,36,-2,37,14.810,72.190,24630,25380,1303,1308,0
145190,-0.097,-20229306.000,-0.431,-0.350,-0.006,-0.121,-0.034,0.600,0.395,-0.535,0.445,1269997568.000,0.101,24747,25644,23,-3,36,14.780,72.150,24752,25510,1243,1309,0
145290,-0.115,-20621362.000,-0.482,0.180,-0.186,-0.060,0.063,0.599,0.395,-0.538,0.442,1269997568.000,0.107,24589,25795,35,0,36,14.780,72.150,24752,25510,1243,1309,0
145390,0.020,-20634968.000,-0.305,-0.880,-0.003,-0.143,-0.061,0.600,0.394,-0.542,0.437,1269997568.000,0.115,24911,25485,21,1,36,14.780,72.150,24752,25510,1243,1309,0
145490,0.015,-20577764.000,-0.268,-0.860,-0.012,-0.260,-0.007,0.596,0.397,-0.546,0.435,1269997568.000,0.115,24809,25583,19,6,36,14.780,72.150,24752,25510,1243,1309,0
145590,0.033,-20318344.000,-0.222,1.130,0.139,-0.123,-0.067,0.592,0.404,-0.548,0.432,1269997568.000,0.107,24894,25501,19,-2,36,14.780,72.150,24570,25839,1323,1194,0
145690,0.026,-20292356.000,-0.215,-0.410,0.143,0.049,-0.029,0.588,0.408,-0.546,0.436,1269997568.000,0.094,24871,25523,25,-7,36,14.780,72.150,24570,25839,1323,1194,0
145790,0.008,-20397108.000,-0.254,0.490,-0.157,0.000,0.011,0.592,0.401,-0.545,0.438,1269997568.000,0.103,24811,25581,30,4,36,14.780,72.150,24570,25839,1323,1194,0
145890,0.046,-19970236.000,-0.225,0.070,-0.044,0.056,-0.090,0.592,0.405,-0.546,0.433,1269997568.000,0.104,24932,25463,31,-3,36,14.780,72.150,24570,25839,1323,1194,0
145990,0.076,-19438456.000,-0.219,-1.520,-0.118,-0.124,-0.001,0.595,0.406,-0.546,0.428,1269997568.000,0.110,24821,25572,26,7,36,14.780,72.470,24937,25974,1266,1216,0
146090,0.056,-19337862.000,-0.194,-1.170,-0.071,-0.081,0.013,0.594,0.403,-0.552,0.424,1269997568.000,0.123,24852,25542,25,2,36,14.780,72.470,24937,25974,1266,1216,0
146190,0.061,-19080988.000,-0.154,0.670,-0.043,-0.163,-0.037,0.592,0.404,-0.557,0.419,1269997568.000,0.130,24915,25480,22,5,36,14.780,72.470,24937,25974,1266,1216,0
146290,0.086,-18620910.000,-0.157,-0.360,-0.078,0.118,-0.123,0.595,0.404,-0.557,0.415,1269997568.000,0.137,25063,25335,32,-2,36,14.780,72.470,24937,25974,1266,1216,0
146390,0.151,-17655364.000,-0.176,1.530,0.202,-0.037,-0.092,0.598,0.410,-0.549,0.415,1269997568.000,0.126,25032,25366,18,-4,37,14.820,72.190,25000,25380,1292,1232,0
146490,0.148,-17091642.000,-0.164,0.160,-0.066,0.087,0.092,0.597,0.411,-0.550,0.415,1269997568.000,0.125,24815,25577,33,-1,37,14.820,72.190,25000,25380,1292,1232,0
146590,0.133,-16774205.000,-0.165,-0.910,0.290,-0.256,-0.004,0.594,0.413,-0.549,0.419,1269997568.000,0.114,24995,25402,9,0,37,14.820,72.190,25000,25380,1292,1232,0
146690,0.124,-16408135.000,-0.145,-0.980,0.073,0.250,0.007,0.589,0.417,-0.548,0.423,1269997568.000,0.102,24986,25411,33,-11,37,14.780,72.350,25000,25445,1237,1283,0
146790,0.137,-15864933.000,-0.162,-0.190,0.109,-0.260,0.029,0.587,0.422,-0.542,0.428,1269997568.000,0.084,24935,25461,16,7,37,14.780,72.350,25000,25445,1237,1283,0
146890,0.093,-15841931.000,-0.110,-0.640,0.242,0.039,0.112,0.579,0.425,-0.548,0.429,1269997568.000,0.078,24836,25558,20,-11,37,14.780,72.350,25000,25445,1237,1283,0
146990,0.059,-15884857.000,-0.112,-2.070,-0.082,-0.142,0.079,0.574,0.426,-0.549,0.434,1269997568.000,0.067,24855,25539,21,8,37,14.780,72.350,25000,25445,1237,1283,0
147090,0.021,-16055918.000,-0.042,0.540,0.163,-0.189,0.098,0.564,0.432,-0.554,0.435,1269997568.000,0.055,24795,25597,15,0,37,14.720,72.640,24570,26041,1302,1314,0
147190,-0.019,-16403224.000,-0.015,-1.230,0.284,-0.038,0.182,0.555,0.436,-0.554,0.441,1269997568.000,0.035,24627,25759,14,-7,37,14.720,72.640,24570,26041,1302,1314,0
147290,-0.127,-17613854.000,0.018,0.220,0.184,-0.213,0.329,0.542,0.437,-0.560,0.452,1269997568.000,0.014,24355,26016,9,3,37,14.720,72.640,24570,26041,1302,1314,0
147390,-0.780,-20138834.000,0.091,-0.640,0.411,-0.268,0.211,0.521,0.443,-0.565,0.462,1269997568.000,-0.017,23728,26589,1,-3,37,14.720,72.640,24570,26041,1302,1314,0
147490,-1.034,-23414372.000,0.120,-1.840,0.664,-0.096,-0.246,0.506,0.460,-0.558,0.470,1269997568.000,-0.066,24165,26192,-3,-16,37,14.760,72.350,24038,26178,1176,1380,0
147590,-0.983,-25658850.000,0.197,1.180,0.723,-0.241,-0.432,0.493,0.492,-0.536,0.477,1269997568.000,-0.151,24329,26040,-6,-4,37,14.760,72.350,24038,26178,1176,1380,0
147690,-0.845,-27183908.000,0.471,-0.970,0.307,-0.003,-0.569,0.490,0.519,-0.517,0.472,1269997568.000,-0.199,24576,25807,1,1,37,14.760,72.350,24038,26178,1176,1380,0
147790,-0.457,-27475974.000,0.439,1.180,0.443,0.164,-0.619,0.497,0.541,-0.488,0.471,1269997568.000,-0.241,25010,25387,-1,-10,37,14.760,72.350,24038,26178,1176,1380,0
147890,0.489,-26180560.000,0.188,-0.010,0.223,-0.054,-0.198,0.498,0.559,-0.468,0.470,1309997568.000,-0.260,25799,25385,11,-3,37,14.700,72.640,25380,25510,1262,1360,0
147990,0.437,-24903446.000,0.134,0.990,-0.026,0.117,0.382,0.492,0.558,-0.468,0.478,1269997568.000,-0.270,24541,25840,18,-3,37,14.700,72.640,25380,25510,1262,1360,0
148090,0.291,-24903222.000,0.210,-1.100,-0.202,-0.041,0.288,0.490,0.544,-0.481,0.482,1269997568.000,-0.252,24667,25720,11,7,37,14.700,72.640,25380,25510,1262,1360,0
148190,0.017,-25202000.000,0.337,-2.510,-0.099,0.193,0.117,0.488,0.536,-0.488,0.486,1272350464.000,-0.245,24612,25787,14,-2,37,14.700,72.640,25380,25510,1262,1360,0
148290,-0.495,-26638630.000,0.428,0.730,-0.436,0.319,-0.096,0.501,0.523,-0.486,0.489,1313134848.000,-0.235,24761,26458,23,10,37,14.550,72.270,25773,27322,1238,1335,0
148390,-0.251,-27630990.000,0.365,-2.240,-0.073,0.258,-0.084,0.518,0.511,-0.484,0.486,1269997568.000,-0.201,24597,25787,8,-5,37,14.550,72.270,25773,27322,1238,1335,0
148490,0.182,-27814520.000,-0.090,1.340,0.298,0.033,0.324,0.511,0.513,-0.474,0.501,1440193664.000,-0.225,26172,27481,9,-14,37,14.550,72.270,25773,27322,1238,1335,0
148590,0.049,-28647644.000,0.051,-0.930,-0.303,-0.468,0.328,0.499,0.508,-0.493,0.500,1455879936.000,-0.212,26192,27747,6,20,37,14.550,72.270,25773,27322,1238,1335,0
148690,-0.047,-29543326.000,0.214,-0.830,0.081,-0.171,0.193,0.485,0.509,-0.507,0.498,1451174016.000,-0.212,26206,27648,1,1,37,14.700,73.760,26041,27548,1327,1425,0
148790,-0.134,-30404352.000,0.511,2.170,0.196,-0.202,0.172,0.474,0.513,-0.513,0.499,1469997568.000,-0.220,26270,27927,-12,7,37,14.700,73.760,26041,27548,1327,1425,0
148890,-0.439,-31899998.000,0.660,2.320,0.686,0.436,0.208,0.459,0.516,-0.505,0.518,1269997568.000,-0.264,23833,26495,-10,-23,37,14.700,73.760,26041,27548,1327,1425,0
148990,-0.744,-34173236.000,0.577,0.130,0.171,0.414,-0.101,0.456,0.513,-0.484,0.542,1269997568.000,-0.311,23965,26376,7,-2,37,14.700,73.760,26041,27548,1327,1425,0
149090,-0.964,-36426600.000,0.362,1.420,0.091,0.510,-0.456,0.472,0.510,-0.464,0.549,1441762304.000,-0.325,25859,27804,13,-13,37,14.780,72.510,24096,26041,1218,1400,0
149190,-0.813,-38111320.000,0.000,-0.110,-0.493,0.251,-0.402,0.495,0.506,-0.445,0.549,1269997568.000,-0.309,24168,26190,31,6,37,14.780,72.510,24096,26041,1218,1400,0
149290,-0.626,-39109584.000,0.007,-0.760,-0.227,-0.301,-0.480,0.517,0.505,-0.448,0.526,1269997568.000,-0.264,24420,25955,-1,6,37,14.780,72.510,24096,26041,1218,1400,0
149391,0.350,-38487648.000,-0.174,-2.400,0.277,-0.261,-0.407,0.520,0.526,-0.440,0.509,1426860288.000,-0.271,27003,26414,-2,-16,37,14.780,72.510,24096,26041,1218,1400,0
149490,0.358,-37231020.000,-0.080,0.110,0.074,-0.631,0.462,0.500,0.543,-0.445,0.506,1462938752.000,-0.298,25990,28062,-6,11,38,14.530,72.390,26109,26595,1487,1304,0
149590,0.168,-37506424.000,0.249,-0.700,0.556,-0.419,0.191,0.476,0.553,-0.469,0.498,1315487744.000,-0.302,24876,26395,-27,-14,38,14.530,72.390,26109,26595,1487,1304,0
149690,-0.310,-38507936.000,0.560,2.120,0.373,0.226,0.070,0.452,0.567,-0.455,0.517,1458232832.000,-0.383,25917,28045,-2,-8,38,14.530,72.390,26109,26595,1487,1304,0
149790,-0.537,-39949552.000,0.537,0.930,0.179,0.400,-0.492,0.468,0.561,-0.441,0.521,1269997568.000,-0.388,24576,25807,-4,-14,38,14.530,72.390,26109,26595,1487,1304,0
149890,-0.171,-39157492.000,0.377,0.200,0.573,0.273,-0.718,0.477,0.575,-0.406,0.527,1269997568.000,-0.429,25169,25229,-15,-22,38,14.800,73.520,24509,26109,1304,1397,0
149990,0.170,-36960440.000,0.366,-0.960,0.059,0.183,-0.526,0.487,0.590,-0.377,0.522,1269997568.000,-0.461,25126,25272,0,-3,38,14.800,73.520,24509,26109,1304,1397,0
150090,0.462,-34578780.000,0.312,0.080,-0.553,0.262,-0.200,0.514,0.579,-0.368,0.515,1269997568.000,-0.427,25043,25354,17,7,38,14.800,73.520,24509,26109,1304,1397,0
150190,0.927,-31961248.000,-0.172,-0.240,-0.232,0.357,0.258,0.533,0.559,-0.374,0.513,1269997568.000,-0.366,25013,25384,18,-25,38,14.800,72.680,25380,25252,1268,1205,0
150290,0.601,-31172988.000,-0.212,-0.410,-0.686,-0.212,0.640,0.529,0.537,-0.395,0.524,1269997568.000,-0.335,24290,26077,19,16,38,14.800,72.680,25380,25252,1268,1205,0
150390,0.392,-31232616.000,-0.005,-1.100,-0.382,0.116,0.386,0.530,0.514,-0.427,0.521,1269997568.000,-0.278,24534,25848,14,-6,38,14.800,72.680,25380,25252,1268,1205,0
150490,0.133,-31827406.000,-0.033,0.800,-0.767,0.007,0.358,0.534,0.493,-0.444,0.524,1269997568.000,-0.236,24315,26053,27,14,38,14.800,72.680,25380,25252,1268,1205,0
150590,0.045,-32620168.000,-0.342,0.070,-0.273,-0.240,0.293,0.539,0.471,-0.471,0.516,1269997568.000,-0.174,24319,26050,9,-5,38,14.760,72.720,24271,25906,1236,1336,0
150690,-0.054,-33563532.000,-0.182,-0.590,-0.431,-0.550,0.242,0.528,0.467,-0.497,0.506,1405683840.000,-0.144,25606,27386,7,18,38,14.760,72.720,24271,25906,1236,1336,0
150790,-0.168,-35035784.000,-0.017,-1.430,-0.161,-0.316,0.416,0.517,0.463,-0.520,0.497,1414311296.000,-0.119,25339,27789,4,4,38,14.760,72.720,24271,25906,1236,1336,0
150890,-0.289,-37047456.000,0.000,-0.600,-0.082,-0.214,0.194,0.505,0.457,-0.538,0.497,1269997568.000,-0.107,24107,26246,5,1,38,14.760,72.720,24271,25906,1236,1336,0
150990,-0.603,-38590548.000,0.191,0.640,-0.250,-0.200,-0.014,0.501,0.456,-0.549,0.490,1269997568.000,-0.093,23839,26489,7,16,38,14.770,72.600,24154,26385,1231,1284,0
151090,-1.106,-41023504.000,0.388,0.690,-0.733,0.000,-0.594,0.512,0.453,-0.559,0.469,1269997568.000,-0.059,24106,26247,22,26,38,14.770,72.600,24154,26385,1231,1284,0
151190,-0.856,-41504296.000,0.361,-2.080,0.451,0.410,-1.008,0.541,0.468,-0.536,0.448,1269997568.000,-0.052,24752,25639,-6,-25,38,14.770,72.600,24154,26385,1231,1284,0
151290,0.448,-38687704.000,-0.041,-0.710,0.094,0.086,-0.666,0.561,0.493,-0.501,0.435,1269997568.000,-0.061,25358,25039,9,-4,38,14.770,72.600,24154,26385,1231,1284,0
151391,0.490,-36457952.000,-0.029,0.270,-0.923,-0.164,0.060,0.571,0.485,-0.511,0.422,1269997568.000,-0.022,24671,25717,35,34,38,14.770,72.600,24813,25510,1265,1258,0
151490,0.483,-34819756.000,0.027,2.140,-0.199,-0.066,0.061,0.585,0.466,-0.528,0.402,1469997568.000,0.047,26723,27493,6,0,38,14.770,72.600,24813,25510,1265,1258,0
151590,0.417,-33786252.000,0.114,0.950,-0.257,-0.290,0.230,0.575,0.467,-0.536,0.404,1269997568.000,0.047,24585,25799,14,26,38,14.770,72.600,24813,25510,1265,1258,0
151690,0.367,-33177922.000,0.612,2.290,-0.460,-0.080,0.222,0.578,0.449,-0.560,0.388,1457448576.000,0.098,26444,27535,6,27,38,14.770,72.600,24813,25510,1265,1258,0
151790,0.264,-33094318.000,0.564,1.690,-0.104,0.432,0.322,0.582,0.433,-0.561,0.399,1427644672.000,0.109,25972,27443,15,5,38,14.740,72.800,26385,27322,1242,1424,0
151890,0.117,-33313530.000,-0.073,-1.950,-0.470,0.172,0.224,0.593,0.408,-0.566,0.402,1269997568.000,0.158,24438,25938,34,11,38,14.740,72.800,26385,27322,1242,1424,0
151990,0.082,-33316236.000,-0.059,0.550,0.002,-0.274,0.004,0.594,0.400,-0.574,0.398,1269997568.000,0.174,24652,25735,3,10,38,14.740,72.800,26385,27322,1242,1424,0
152090,0.064,-33115466.000,0.028,0.400,-0.198,-0.267,0.041,0.586,0.403,-0.584,0.390,1269997568.000,0.182,24534,25847,14,19,38,14.740,72.800,26385,27322,1242,1424,0
152190,0.032,-33169224.000,0.079,-0.260,0.042,-0.114,0.080,0.582,0.401,-0.593,0.385,1269997568.000,0.194,24461,25917,7,4,38,14.720,72.760,24630,25773,1213,1331,0
152290,0.000,-33389752.000,0.096,-1.230,0.246,-0.068,0.077,0.576,0.405,-0.594,0.390,1279997440.000,0.179,24551,26024,5,4,38,14.720,72.760,24630,25773,1213,1331,0
152390,-0.025,-33638016.000,0.107,-0.570,0.042,-0.019,0.041,0.571,0.408,-0.593,0.395,1299997184.000,0.165,24775,26196,13,10,38,14.720,72.760,24630,25773,1213,1331,0
152490,-0.028,-33759968.000,0.105,0.130,-0.053,0.048,-0.021,0.572,0.406,-0.594,0.394,1299997184.000,0.170,24841,26133,16,9,38,14.710,73.120,24691,26246,1297,1283,0
152590,-0.015,-33812864.000,0.147,0.130,-0.107,0.078,-0.017,0.574,0.404,-0.593,0.394,1314899200.000,0.174,24991,26274,16,12,38,14.710,73.120,24691,26246,1297,1283,0
152690,0.066,-33662204.000,0.694,0.070,0.024,0.233,0.021,0.580,0.400,-0.590,0.394,1412938368.000,0.180,25975,27171,1,17,38,14.710,73.120,24691,26246,1297,1283,0
152790,-0.020,-34069312.000,0.639,0.170,0.226,0.878,0.193,0.591,0.390,-0.574,0.412,1326663808.000,0.166,24825,26653,18,-10,38,14.710,73.120,24691,26246,1297,1283,0
152890,-0.002,-34589904.000,0.281,-0.070,0.177,0.438,0.027,0.606,0.374,-0.553,0.433,1299997184.000,0.158,24862,26113,11,-1,38,14.690,73.600,24691,26809,1279,1299,0
152990,-0.070,-34981820.000,-0.393,0.540,0.672,-0.131,0.068,0.601,0.382,-0.537,0.451,1393330560.000,0.110,25604,27162,-3,-14,38,14.690,73.600,24691,26809,1279,1299,0
153090,-0.158,-35620148.000,-0.255,-1.820,0.351,-0.653,0.128,0.577,0.406,-0.542,0.458,1463918720.000,0.059,26085,27991,-6,13,38,14.690,73.600,24691,26809,1279,1299,0
153190,-0.684,-37774536.000,0.036,-2.060,0.192,-0.056,-0.237,0.560,0.422,-0.545,0.459,1299997184.000,0.029,24456,26493,9,1,38,14.690,73.600,24691,26809,1279,1299,0
153291,0.035,-38055184.000,-0.165,0.830,0.546,0.064,-0.366,0.564,0.438,-0.530,0.458,1299997184.000,0.001,25521,25469,3,-20,38,14.690,73.440,24937,26041,1335,1273,0
153390,0.065,-37493132.000,-0.145,0.240,0.192,-0.199,0.193,0.552,0.456,-0.518,0.468,1299997184.000,-0.051,24485,26466,8,7,38,14.690,73.440,24937,26041,1335,1273,0
153490,-0.017,-38190520.000,-0.074,-3.200,0.138,-0.032,0.162,0.544,0.451,-0.533,0.466,1299997184.000,-0.037,24570,26388,6,-7,38,14.690,73.440,24937,26041,1335,1273,0
153590,-0.040,-38579708.000,-0.121,-1.970,0.551,0.212,-0.070,0.537,0.458,-0.520,0.481,1299997184.000,-0.078,24862,26113,2,-22,38,14.690,73.440,24937,26041,1335,1273,0
153690,-0.202,-38574040.000,-0.055,0.980,-0.083,-0.116,-0.014,0.533,0.465,-0.514,0.485,1299997184.000,-0.099,24440,26508,12,12,38,14.660,73.600,24691,26525,1265,1287,0
153790,-0.946,-39919840.000,0.010,0.610,-0.059,0.224,-0.567,0.547,0.464,-0.509,0.476,1299997184.000,-0.081,24412,26534,14,-5,38,14.660,73.600,24691,26525,1265,1287,0
153890,-0.654,-40142420.000,-0.040,-1.270,0.256,0.069,-0.869,0.563,0.482,-0.487,0.463,1299997184.000,-0.093,25093,25891,1,-9,38,14.660,73.600,24691,26525,1265,1287,0
153990,-0.372,-39038400.000,0.061,-0.420,-0.246,-0.031,-0.756,0.579,0.499,-0.470,0.442,1299997184.000,-0.098,25119,25865,13,13,38,14.660,73.600,24691,26525,1265,1287,0
154090,0.009,-37346652.000,0.111,-0.710,0.159,0.147,-0.493,0.597,0.511,-0.453,0.422,1299997184.000,-0.090,25719,25269,5,-10,38,14.680,73.360,25188,25906,1252,1296,0
154190,0.997,-33824536.000,-0.251,0.020,0.166,-0.060,0.233,0.599,0.519,-0.441,0.420,1299997184.000,-0.094,25281,25707,9,-7,38,14.680,73.360,25188,25906,1252,1296,0
154290,0.816,-32302796.000,-0.182,-1.010,-0.617,-0.363,0.512,0.594,0.502,-0.469,0.418,1299997184.000,-0.053,24946,26032,20,23,38,14.680,73.360,25188,25906,1252,1296,0
154390,0.624,-31535334.000,-0.118,-0.460,0.134,-0.120,0.480,0.580,0.492,-0.491,0.426,1299997184.000,-0.043,24883,26093,6,-2,38,14.680,73.360,25188,25906,1252,1296,0
154490,0.444,-31303368.000,-0.062,1.160,-0.477,-0.244,0.450,0.571,0.480,-0.510,0.428,1299997184.000,-0.024,24793,26178,20,21,38,14.710,73.360,24752,26109,1290,1310,0
154590,0.282,-31489850.000,-0.038,-1.640,-0.211,0.062,0.379,0.568,0.462,-0.529,0.429,1299997184.000,0.010,24743,26226,18,1,38,14.710,73.360,24752,26109,1290,1310,0
154690,0.160,-31827492.000,-0.057,0.300,-0.302,0.017,0.243,0.568,0.444,-0.541,0.432,1299997184.000,0.036,24859,26116,20,11,38,14.710,73.360,24752,26109,1290,1310,0
154790,0.103,-31883212.000,-0.053,0.430,-0.370,-0.029,0.086,0.572,0.433,-0.551,0.427,1299997184.000,0.067,24908,26069,21,12,38,14.680,73.320,25000,25839,1236,1374,0
154890,0.090,-31652782.000,-0.046,-1.460,-0.299,-0.041,0.008,0.578,0.423,-0.559,0.418,1299997184.000,0.099,24954,26025,18,11,38,14.680,73.320,25000,25839,1236,1374,0
154990,0.078,-31459096.000,-0.038,-1.060,-0.130,-0.014,0.030,0.580,0.418,-0.564,0.412,1299997184.000,0.119,24908,26069,15,6,38,14.680,73.320,25000,25839,1236,1374,0
155090,0.079,-31192704.000,-0.029,-0.020,-0.082,-0.079,-0.042,0.581,0.416,-0.567,0.410,1299997184.000,0.127,25008,25973,13,9,38,14.680,73.320,25000,25839,1236,1374,0
155190,0.095,-30710842.000,0.010,0.080,-0.138,-0.173,-0.039,0.581,0.417,-0.572,0.402,1299997184.000,0.137,24997,25983,13,15,38,14.680,73.320,25000,25839,1236,1374,0
155290,0.113,-30177816.000,0.103,1.410,-0.143,-0.156,-0.059,0.580,0.418,-0.579,0.393,1299997184.000,0.153,25058,25925,12,16,39,14.710,73.480,24875,26246,1292,1241,0
155390,0.133,-29549168.000,0.148,-0.190,-0.127,-0.083,-0.022,0.579,0.419,-0.583,0.387,1299997184.000,0.161,25017,25965,12,14,39,14.710,73.480,24875,26246,1292,1241,0
155490,0.254,-28936346.000,0.092,1.070,-0.014,0.047,0.041,0.580,0.416,-0.585,0.384,1299997184.000,0.171,25112,25872,14,6,39,14.710,73.480,24875,26246,1292,1241,0
155590,0.177,-28463778.000,0.064,-0.460,-0.089,0.071,0.131,0.581,0.412,-0.584,0.390,1299997184.000,0.168,24899,26068,19,14,39,14.710,73.480,24875,26246,1292,1241,0
155690,0.053,-28421030.000,0.121,1.330,-0.350,-0.011,0.074,0.584,0.401,-0.592,0.384,1299997184.000,0.195,24878,26097,22,21,38,14.680,73.400,25125,25906,1203,1356,0
155790,-0.234,-28905174.000,0.430,-1.700,-0.006,0.276,0.060,0.588,0.394,-0.591,0.387,1299997184.000,0.198,24568,26389,12,10,38,14.680,73.400,25125,25906,1203,1356,0
155890,-0.216,-29391462.000,0.324,0.460,0.117,0.468,-0.192,0.602,0.390,-0.578,0.390,1299997184.000,0.199,24969,26011,16,-1,38,14.680,73.400,25125,25906,1203,1356,0
155990,0.155,-28725270.000,-0.190,1.390,0.000,0.237,-0.056,0.613,0.390,-0.561,0.397,1299997184.000,0.191,25138,25847,27,2,39,14.710,73.640,25316,25575,1242,1353,0
156090,0.152,-28164472.000,-0.188,0.730,-0.361,-0.057,0.007,0.618,0.382,-0.566,0.390,1299997184.000,0.217,25045,25937,28,17,39,14.710,73.640,25316,25575,1242,1353,0
156190,0.152,-27634312.000,-0.202,0.410,0.062,0.060,0.039,0.621,0.377,-0.568,0.387,1299997184.000,0.231,25008,25973,18,0,39,14.710,73.640,25316,25575,1242,1353,0
156290,0.129,-27283880.000,-0.169,0.820,-0.318,-0.277,0.070,0.619,0.375,-0.574,0.382,1299997184.000,0.242,24962,26017,22,24,39,14.710,73.640,25316,25575,1242,1353,0
156390,0.073,-27342404.000,-0.116,-0.110,-0.130,-0.096,0.144,0.616,0.368,-0.587,0.375,1299997184.000,0.265,24842,26132,21,11,39,14.720,73.440,24937,25706,1247,1404,0
156490,0.023,-27583604.000,-0.093,-0.630,-0.063,-0.141,0.093,0.613,0.364,-0.593,0.374,1299997184.000,0.274,24881,26094,18,13,39,14.720,73.440,24937,25706,1247,1404,0
156590,-0.016,-27789500.000,-0.021,0.400,-0.196,-0.359,0.037,0.606,0.363,-0.604,0.368,1299997184.000,0.285,24905,26071,15,26,39,14.720,73.440,24937,25706,1247,1404,0
156690,-0.041,-27937786.000,0.087,1.290,-0.091,-0.339,0.023,0.598,0.365,-0.618,0.357,1299997184.000,0.300,24874,26101,11,23,39,14.720,73.440,24937,25706,1247,1404,0
156790,-0.074,-28302184.000,0.158,0.160,0.078,-0.171,0.057,0.589,0.367,-0.627,0.354,1299997184.000,0.301,24803,26169,10,15,39,14.680,73.400,25000,26315,1217,1267,0
156890,-0.103,-28846488.000,0.189,-2.640,0.059,-0.084,-0.006,0.583,0.371,-0.629,0.357,1299997184.000,0.290,24876,26099,13,17,39,14.680,73.400,25000,26315,1217,1267,0
156990,-0.080,-28989378.000,0.245,-0.700,-0.012,-0.029,-0.044,0.582,0.374,-0.629,0.356,1299997184.000,0.287,24911,26066,14,20,39,14.680,73.400,25000,26315,1217,1267,0
157090,-0.210,-29292190.000,0.507,-1.530,-0.046,0.094,-0.060,0.583,0.374,-0.628,0.354,1299997184.000,0.287,24748,26221,10,24,39,14.680,73.400,25000,26315,1217,1267,0
157190,-0.174,-29231190.000,0.743,-0.230,0.200,0.551,-0.289,0.599,0.373,-0.615,0.351,1299997184.000,0.285,25089,25894,8,6,38,14.690,73.520,24691,26737,1319,1294,0
157290,-0.402,-29471432.000,0.602,0.960,0.104,0.703,-0.293,0.617,0.376,-0.588,0.364,1299997184.000,0.249,24800,26171,22,9,38,14.690,73.520,24691,26737,1319,1294,0
157390,-0.247,-29376668.000,0.209,-0.930,0.048,0.349,-0.478,0.641,0.375,-0.567,0.357,1299997184.000,0.273,25243,25744,18,8,38,14.690,73.520,24691,26737,1319,1294,0
157490,0.431,-27245826.000,-0.213,1.190,0.419,-0.160,0.260,0.635,0.397,-0.550,0.370,1299997184.000,0.223,24857,26117,9,9,38,14.690,73.520,24691,26737,1319,1294,0
157590,0.294,-27054312.000,-0.139,-0.760,-0.588,-0.308,0.294,0.629,0.383,-0.570,0.364,1299997184.000,0.258,24867,26108,33,37,39,14.700,73.680,24752,26385,1249,1280,0
157690,0.175,-27331094.000,-0.054,1.420,0.694,-0.134,0.320,0.615,0.383,-0.578,0.375,1299997184.000,0.241,24768,26202,-8,-9,39,14.700,73.680,24752,26385,1249,1280,0
157790,-0.787,-29101680.000,0.413,-0.120,-0.090,-0.197,0.170,0.598,0.385,-0.586,0.388,1299997184.000,0.201,23795,27089,38,62,39,14.700,73.680,24752,26385,1249,1280,0
157890,-0.731,-31615722.000,0.339,0.440,0.676,0.426,-0.264,0.607,0.383,-0.580,0.385,1299997184.000,0.212,24629,26332,-3,-21,39,14.700,73.680,24752,26385,1249,1280,0
157990,0.193,-31444018.000,-0.142,-0.500,0.394,-0.051,-0.062,0.606,0.403,-0.558,0.398,1299997184.000,0.168,25241,25747,11,5,39,14.690,73.360,24691,26178,1254,1329,0
158090,0.145,-31233172.000,-0.091,-0.510,-0.320,-0.179,0.092,0.601,0.400,-0.569,0.393,1099997184.000,0.182,22846,24043,22,20,39,14.690,73.360,24691,26178,1254,1329,0
158190,0.027,-31078056.000,-0.026,-3.920,0.202,0.010,-0.021,0.598,0.401,-0.571,0.395,1099997184.000,0.177,22833,24056,12,5,39,14.690,73.360,24691,26178,1254,1329,0
158290,-0.569,-31655198.000,0.065,-1.050,-0.247,0.030,-0.237,0.599,0.404,-0.569,0.393,1240389376.000,0.175,23837,25927,25,23,39,14.830,72.230,22675,24449,1093,1248,0
158390,0.295,-31967322.000,-0.101,-0.130,0.326,0.218,-0.428,0.610,0.411,-0.558,0.385,1299997184.000,0.173,25992,24988,15,-8,39,14.830,72.230,22675,24449,1093,1248,0
158490,0.119,-30184018.000,-0.029,-0.350,-0.020,-0.061,0.168,0.605,0.429,-0.540,0.398,1299997184.000,0.122,24497,26455,21,24,39,14.830,72.230,22675,24449,1093,1248,0
158590,-0.638,-30871362.000,0.022,0.620,-0.472,0.057,-0.158,0.612,0.413,-0.554,0.385,1299997184.000,0.174,24192,26734,31,23,39,14.830,72.230,22675,24449,1093,1248,0
158690,-0.322,-31205930.000,-0.146,0.640,0.683,0.033,-0.572,0.618,0.428,-0.539,0.380,1299997184.000,0.156,25305,25684,-1,-14,39,14.670,73.640,25000,25773,1246,1379,0
158790,0.660,-28864444.000,-0.075,-1.270,0.338,-0.299,-0.209,0.615,0.452,-0.527,0.373,1299997184.000,0.122,25785,25202,-1,9,39,14.670,73.640,25000,25773,1246,1379,0
158891,0.578,-27264086.000,-0.025,-1.400,-0.311,-0.072,0.326,0.607,0.449,-0.538,0.374,1299997184.000,0.127,25001,25980,28,23,39,14.670,73.640,25000,25773,1246,1379,0
158991,0.461,-26492006.000,-0.026,0.120,0.006,-0.069,0.322,0.605,0.436,-0.549,0.377,1299997184.000,0.145,24971,26009,12,10,39,14.670,73.640,25000,25773,1246,1379,0
159090,0.314,-26386120.000,0.038,0.280,0.101,-0.120,0.358,0.593,0.431,-0.558,0.389,1299997184.000,0.134,24859,26115,10,13,39,14.640,73.480,25000,26246,1221,1287,0
159190,0.184,-26655248.000,0.017,0.280,-0.054,-0.046,0.287,0.584,0.424,-0.567,0.397,1299997184.000,0.134,24849,26125,19,15,39,14.640,73.480,25000,26246,1221,1287,0
159290,0.090,-27087332.000,0.042,-0.320,0.039,0.097,0.228,0.581,0.415,-0.572,0.404,1299997184.000,0.138,24829,26144,17,6,39,14.640,73.480,25000,26246,1221,1287,0
159390,-0.574,-28469870.000,0.205,0.310,0.067,0.118,0.277,0.577,0.411,-0.569,0.418,1299997184.000,0.117,23878,27015,13,16,39,14.640,73.480,25000,26246,1221,1287,0
159490,-0.784,-30909322.000,0.334,-0.930,-0.211,0.130,-0.329,0.588,0.401,-0.573,0.407,1299997184.000,0.146,24659,26304,15,20,39,14.690,73.520,24271,26595,1264,1275,0
159590,-0.029,-31842862.000,0.074,-1.220,0.532,0.352,-0.372,0.595,0.417,-0.549,0.413,1299997184.000,0.115,25651,25339,11,-13,39,14.690,73.520,24271,26595,1264,1275,0
159690,0.051,-31196050.000,0.004,0.810,-0.004,-0.012,0.147,0.594,0.428,-0.534,0.423,1299997184.000,0.078,24666,26298,20,21,39,14.690,73.520,24271,26595,1264,1275,0
159790,-0.605,-32755698.000,0.132,0.890,0.000,0.141,-0.088,0.598,0.419,-0.539,0.420,1398820736.000,0.096,25313,27533,14,8,39,14.690,73.520,24271,26595,1264,1275,0
159890,-0.389,-33646068.000,0.008,0.480,0.716,0.399,-0.262,0.601,0.431,-0.518,0.431,1299997184.000,0.058,24816,26157,5,-20,39,14.550,74.160,25510,27472,1316,1320,0
159990,0.332,-32475474.000,-0.321,-0.440,-0.088,-0.039,0.236,0.596,0.442,-0.500,0.445,1420781440.000,0.013,26024,27267,29,16,39,14.550,74.160,25510,27472,1316,1320,0
160090,0.243,-32233630.000,-0.294,1.980,-0.148,-0.128,0.174,0.598,0.428,-0.517,0.439,1359604992.000,0.052,25480,26653,19,9,39,14.550,74.160,25510,27472,1316,1320,0
160190,0.178,-32077954.000,-0.237,0.030,0.139,-0.287,0.173,0.588,0.430,-0.525,0.441,1299997184.000,0.046,24823,26150,8,8,39,14.670,73.680,24875,25906,1235,1373,0
160290,-0.680,-32765182.000,-0.722,-0.220,-0.082,-0.180,0.058,0.576,0.433,-0.534,0.442,1299997184.000,0.065,23867,27025,36,0,39,14.670,73.680,24875,25906,1235,1373,0
160390,-0.753,-34617460.000,-0.456,-0.300,0.197,-0.649,-0.481,0.575,0.440,-0.543,0.425,1299997184.000,0.078,24722,26246,-5,10,39,14.670,73.680,24875,25906,1235,1373,0
160490,-0.582,-35284392.000,-0.312,1.900,0.614,-0.093,-0.409,0.557,0.481,-0.533,0.418,1299997184.000,0.014,24696,26270,9,-14,39,14.670,73.680,24875,25906,1235,1373,0
160590,0.497,-35525572.000,0.093,-0.360,0.023,-0.071,-0.297,0.560,0.496,-0.520,0.412,1299997184.000,-0.024,26062,24916,3,18,39,14.670,73.800,24691,25974,1274,1376,0
160690,0.535,-33299522.000,0.130,0.180,0.662,0.179,0.241,0.546,0.514,-0.510,0.422,1299997184.000,-0.077,24923,26055,1,-13,39,14.670,73.800,24691,25974,1274,1376,0
160790,0.408,-32705608.000,0.031,-0.650,-0.138,0.398,0.327,0.545,0.503,-0.505,0.442,1299997184.000,-0.092,24812,26160,30,5,39,14.670,73.800,24691,25974,1274,1376,0
160891,0.271,-32682702.000,0.024,-0.560,0.554,0.094,0.362,0.535,0.496,-0.502,0.464,1351761920.000,-0.121,25188,26783,-5,-11,39,14.670,73.800,24691,25974,1274,1376,0
160990,0.128,-33252252.000,-0.002,-0.600,0.148,0.198,0.331,0.523,0.494,-0.499,0.483,1299997184.000,-0.151,24619,26342,16,-1,39,14.670,73.800,24691,25974,1274,1376,0
161090,0.195,-33738176.000,-0.844,-0.120,-0.159,0.178,0.130,0.525,0.481,-0.501,0.492,1299997184.000,-0.144,25044,25938,48,-21,39,14.680,73.360,24330,26246,1291,1342,0
161190,0.156,-33449584.000,-0.796,-1.810,-0.121,-0.603,0.172,0.519,0.481,-0.513,0.486,1299997184.000,-0.132,24746,26223,10,13,39,14.680,73.360,24330,26246,1291,1342,0
161290,0.165,-33112266.000,-0.624,0.620,0.469,-0.078,-0.428,0.506,0.493,-0.526,0.473,1299997184.000,-0.131,25691,25298,10,-33,39,14.680,73.360,24330,26246,1291,1342,0
161390,-0.149,-31583846.000,-0.748,1.730,-0.233,0.347,0.087,0.509,0.503,-0.501,0.487,1299997184.000,-0.161,24180,26746,53,-7,39,14.680,73.360,24330,26246,1291,1342,0
161490,0.112,-32169176.000,0.039,2.210,0.170,-0.010,0.032,0.517,0.497,-0.502,0.483,1299997184.000,-0.158,24978,26002,-11,6,40,14.630,74.160,24449,26666,1147,1385,0
161590,0.023,-32648420.000,-0.033,-0.460,0.169,0.411,0.373,0.507,0.496,-0.499,0.498,1299997184.000,-0.183,24412,26534,21,-16,40,14.630,74.160,24449,26666,1147,1385,0
161690,-0.017,-32972510.000,-0.169,1.480,-0.454,0.333,-0.076,0.521,0.479,-0.492,0.507,1299997184.000,-0.169,24984,25996,38,7,40,14.630,74.160,24449,26666,1147,1385,0
161790,-0.051,-33292806.000,-0.199,-0.610,-0.230,0.134,0.062,0.531,0.465,-0.501,0.501,1299997184.000,-0.130,24777,26193,25,-5,40,14.670,73.880,24449,26525,1297,1279,0
161890,-0.046,-33360510.000,-0.259,1.530,-0.096,0.198,-0.067,0.544,0.453,-0.501,0.498,1299997184.000,-0.102,24887,26089,23,-9,40,14.670,73.880,24449,26525,1297,1279,0
161990,-0.030,-33374050.000,-0.400,0.030,-0.107,0.183,0.027,0.551,0.447,-0.500,0.497,1299997184.000,-0.089,24750,26219,30,-11,40,14.670,73.880,24449,26525,1297,1279,0
162090,-0.041,-33587188.000,-0.615,-1.670,0.103,0.259,-0.054,0.560,0.436,-0.494,0.503,1299997184.000,-0.081,24899,26078,25,-24,40,14.670,73.880,24449,26525,1297,1279,0
162190,-0.038,-33630800.000,-0.546,0.410,-0.101,0.163,0.017,0.562,0.435,-0.488,0.506,1299997184.000,-0.087,24760,26210,34,-9,40,14.700,73.640,25000,25974,1229,1337,0
162290,-0.060,-33921096.000,-0.468,0.630,-0.063,-0.114,0.042,0.566,0.430,-0.487,0.508,1299997184.000,-0.082,24724,26244,22,-1,40,14.700,73.640,25000,25974,1229,1337,0
162390,-0.061,-34159300.000,-0.389,-1.710,-0.010,-0.118,0.082,0.560,0.435,-0.496,0.502,1299997184.000,-0.077,24582,26377,25,-10,40,14.700,73.640,25000,25974,1229,1337,0
162490,-0.138,-35206540.000,-0.468,0.740,0.000,0.016,0.277,0.557,0.428,-0.499,0.508,1299997184.000,-0.075,24347,26594,27,-12,40,14.700,73.640,25000,25974,1229,1337,0
162590,-0.396,-36909044.000,-0.686,-0.690,0.217,-0.254,0.053,0.546,0.429,-0.505,0.513,1299997184.000,-0.085,24415,26531,19,-16,40,14.670,73.960,24449,26041,1218,1475,0
162690,-0.797,-39062020.000,-0.949,-0.790,-0.027,-0.439,-0.086,0.536,0.441,-0.509,0.509,1299997184.000,-0.082,24105,26813,25,-8,40,14.670,73.960,24449,26041,1218,1475,0
162791,-0.776,-41145156.000,-0.709,1.900,0.624,-0.872,-0.322,0.515,0.473,-0.514,0.497,1299997184.000,-0.117,24416,26530,-10,-12,40,14.670,73.960,24449,26041,1218,1475,0
162891,-0.850,-42581260.000,-0.280,0.390,0.526,-0.468,-0.379,0.494,0.513,-0.507,0.486,1299997184.000,-0.182,24235,26695,-1,-11,40,14.670,73.960,24449,26041,1218,1475,0
162990,-0.655,-43618688.000,-0.211,0.340,0.440,-0.256,-0.502,0.488,0.541,-0.493,0.476,1299997184.000,-0.223,24636,26326,4,-12,40,14.650,73.600,24271,26178,1273,1423,0
163090,-0.461,-43642868.000,-0.048,0.860,-0.202,-0.378,-0.566,0.491,0.563,-0.487,0.453,1299997184.000,-0.227,24821,26151,14,12,40,14.650,73.600,24271,26178,1273,1423,0
163190,0.017,-42788520.000,0.131,0.790,-0.040,-0.241,-0.373,0.496,0.578,-0.482,0.432,1299997184.000,-0.227,25087,25896,5,4,40,14.650,73.600,24271,26178,1273,1423,0
163290,0.680,-40945400.000,0.334,1.010,-0.040,-0.128,-0.019,0.498,0.585,-0.484,0.419,1299997184.000,-0.216,25310,25679,5,6,40,14.650,73.600,24271,26178,1273,1423,0
163390,0.675,-39047928.000,0.410,-0.910,-0.549,-0.081,0.212,0.504,0.573,-0.498,0.411,1299997184.000,-0.177,25045,25937,18,21,40,14.620,73.760,25380,25839,1232,1291,0
163490,0.673,-37352024.000,0.459,-1.590,-0.153,-0.221,0.171,0.504,0.566,-0.512,0.405,1299997184.000,-0.150,25159,25827,0,14,40,14.620,73.760,25380,25839,1232,1291,0
163590,0.581,-36010844.000,0.475,0.080,-0.302,0.037,0.233,0.500,0.558,-0.522,0.408,1299997184.000,-0.139,25026,25956,17,18,40,14.620,73.760,25380,25839,1232,1291,0
163690,0.506,-34855320.000,0.497,0.080,0.294,-0.073,0.213,0.498,0.551,-0.532,0.407,1299997184.000,-0.123,25000,25980,-12,-4,40,14.660,74.160,24813,25974,1321,1310,0
163790,0.411,-34058320.000,0.461,-0.210,-0.089,0.280,0.228,0.491,0.549,-0.529,0.423,1299997184.000,-0.148,24922,26056,18,7,40,14.660,74.160,24813,25974,1321,1310,0
163890,0.302,-33775824.000,0.505,0.840,-0.037,-0.132,0.306,0.490,0.537,-0.536,0.429,1299997184.000,-0.137,24742,26226,-3,15,40,14.660,74.160,24813,25974,1321,1310,0
163990,0.201,-33839524.000,0.504,0.170,-0.360,0.241,0.238,0.487,0.528,-0.545,0.433,1299997184.000,-0.126,24763,26206,22,14,40,14.660,74.160,24813,25974,1321,1310,0
164090,0.127,-33951388.000,0.324,0.890,-0.338,0.479,0.110,0.501,0.507,-0.546,0.440,1299997184.000,-0.096,24869,26106,27,3,40,14.640,74.120,24875,26109,1234,1346,0
164190,0.060,-34161200.000,0.293,-1.720,0.112,0.289,0.211,0.512,0.490,-0.544,0.449,1299997184.000,-0.080,24626,26336,6,-6,40,14.640,74.120,24875,26109,1234,1346,0
164290,0.120,-34796400.000,0.866,-0.330,0.532,0.521,0.188,0.507,0.487,-0.530,0.475,1299997184.000,-0.112,24827,26146,-13,-3,40,14.640,74.120,24875,26109,1234,1346,0
164390,0.265,-35102560.000,0.653,-0.030,0.302,0.786,0.283,0.507,0.477,-0.509,0.507,1299997184.000,-0.148,24864,26111,14,-12,40,14.640,74.120,24875,26109,1234,1346,0
164490,0.089,-35443584.000,0.335,-0.800,0.313,0.748,0.317,0.511,0.458,-0.485,0.542,1299997184.000,-0.187,24510,26443,17,-17,40,14.750,74.200,24752,25380,1243,1352,0
164590,-0.344,-36332384.000,-0.392,1.430,-0.111,0.319,-0.022,0.517,0.444,-0.476,0.556,1299997184.000,-0.202,24465,26485,34,-15,40,14.750,74.200,24752,25380,1243,1352,0
164690,-0.540,-36911972.000,-0.533,0.770,-0.089,-0.428,-0.560,0.528,0.451,-0.471,0.544,1299997184.000,-0.184,24934,26044,10,4,40,14.750,74.200,24752,25380,1243,1352,0
164790,-0.901,-37895440.000,-0.578,-1.520,-0.174,-0.460,-0.736,0.532,0.479,-0.472,0.515,1299997184.000,-0.161,24712,26254,20,1,40,14.750,74.200,24752,25380,1243,1352,0
164890,0.385,-36329124.000,-0.190,-0.450,0.808,-0.460,-0.458,0.530,0.519,-0.452,0.495,1299997184.000,-0.227,25810,25176,-27,-16,40,14.610,74.200,25575,25445,1308,1261,0
164990,0.436,-34644428.000,-0.041,0.430,-0.328,-0.384,0.176,0.513,0.540,-0.456,0.487,1299997184.000,-0.253,24847,26127,22,21,40,14.610,74.200,25575,25445,1308,1261,0
165090,0.440,-33643272.000,-0.100,-2.600,0.039,0.163,0.162,0.521,0.525,-0.469,0.483,1156467712.000,-0.213,23535,24547,11,-19,40,14.610,74.200,25575,25445,1308,1261,0
165190,0.314,-32756298.000,-0.022,-2.900,-0.122,-0.232,0.137,0.510,0.528,-0.471,0.489,1249016832.000,-0.231,24418,25549,9,8,40,14.610,74.200,25575,25445,1308,1261,0
165290,0.259,-32275580.000,0.004,1.070,-0.302,0.079,0.117,0.511,0.520,-0.483,0.484,1299997184.000,-0.206,24949,26030,21,0,40,14.470,72.470,24570,25706,1351,1369,0
165390,0.662,-31227246.000,-0.427,-0.330,-0.264,0.132,0.131,0.518,0.509,-0.487,0.485,1299997184.000,-0.187,25476,25514,33,-14,40,14.470,72.470,24570,25706,1351,1369,0
165490,0.602,-29976530.000,-0.184,-0.120,-0.443,-0.540,0.390,0.513,0.497,-0.506,0.483,1299997184.000,-0.158,24553,26403,6,26,40,14.470,72.470,24570,25706,1351,1369,0
165590,0.013,-30231982.000,0.166,0.860,-0.257,-0.341,0.108,0.505,0.493,-0.534,0.466,1490585472.000,-0.118,26616,27967,3,11,40,14.470,72.470,24570,25706,1351,1369,0
165690,-0.005,-30379354.000,0.134,-0.940,0.028,0.350,0.043,0.506,0.490,-0.531,0.471,1299997184.000,-0.121,24843,26131,19,-13,40,14.430,73.120,26595,27247,1330,1453,0
165790,-0.030,-30644342.000,0.092,-0.520,-0.059,-0.006,0.047,0.512,0.481,-0.533,0.472,1299997184.000,-0.104,24818,26155,8,0,40,14.430,73.120,26595,27247,1330,1453,0
165890,-0.031,-30924548.000,-0.159,0.200,0.332,0.088,0.052,0.508,0.483,-0.529,0.478,1416859904.000,-0.121,25962,27255,9,-21,40,14.430,73.120,26595,27247,1330,1453,0
165990,-0.065,-31394556.000,-0.096,1.250,-0.167,-0.240,0.096,0.502,0.485,-0.530,0.481,1299997184.000,-0.132,24718,26250,13,10,41,14.670,73.760,24752,26041,1225,1369,0
166090,-0.093,-31592278.000,0.158,-1.950,0.286,-0.039,0.017,0.496,0.489,-0.536,0.478,1386271744.000,-0.131,25601,27035,-4,-15,41,14.670,73.760,24752,26041,1225,1369,0
166190,-0.095,-31864720.000,0.087,0.640,0.158,0.318,-0.056,0.497,0.490,-0.523,0.490,1434899200.000,-0.156,26175,27382,15,-13,41,14.670,73.760,24752,26041,1225,1369,0
166290,-0.220,-32040664.000,-0.063,1.270,-0.286,0.053,-0.062,0.504,0.485,-0.522,0.488,1299997184.000,-0.143,24637,26325,23,2,41,14.670,73.760,24752,26041,1225,1369,0
166390,-0.788,-32999554.000,-0.470,-0.800,-0.037,0.104,-0.204,0.516,0.481,-0.520,0.482,1299997184.000,-0.107,24206,26722,36,-7,41,14.640,73.720,24038,26737,1152,1445,0
166490,-0.231,-33053038.000,-0.283,-2.030,0.129,-0.611,-0.627,0.527,0.492,-0.521,0.456,1299997184.000,-0.089,25444,25546,-11,1,41,14.640,73.720,24038,26737,1152,1445,0
166590,0.304,-31371322.000,0.238,-0.180,-0.069,-0.261,-0.089,0.512,0.520,-0.521,0.443,1299997184.000,-0.127,25188,25798,8,13,41,14.640,73.720,24038,26737,1152,1445,0
166690,0.338,-30000468.000,0.204,-0.680,-0.579,0.214,-0.139,0.528,0.507,-0.528,0.429,1299997184.000,-0.073,25400,25589,25,8,41,14.640,73.720,24038,26737,1152,1445,0
166790,0.434,-27811918.000,0.198,0.830,0.408,-0.087,-0.282,0.533,0.514,-0.520,0.425,1299997184.000,-0.082,25599,25391,-12,-11,40,14.670,74.160,25706,25575,1279,1269,0
166890,0.475,-25726688.000,0.192,0.240,-0.097,0.144,0.040,0.532,0.521,-0.514,0.427,1299997184.000,-0.098,25217,25770,18,3,40,14.670,74.160,25706,25575,1279,1269,0
166990,0.429,-24501732.000,0.144,0.940,0.463,0.166,0.100,0.530,0.519,-0.508,0.438,1299997184.000,-0.120,25229,25759,-5,-19,40,14.670,74.160,25706,25575,1279,1269,0
167090,0.583,-23358298.000,0.350,-1.420,0.177,-0.050,0.216,0.518,0.524,-0.502,0.452,1353330560.000,-0.152,25877,26148,-3,8,40,14.670,74.160,25706,25575,1279,1269,0
167190,0.590,-22349452.000,0.426,-1.230,-0.051,0.429,0.393,0.516,0.512,-0.507,0.463,1358820736.000,-0.145,25711,26415,15,-5,41,14.580,74.120,25773,26246,1316,1383,0
167290,0.357,-22244624.000,0.178,-1.960,-0.050,0.497,0.628,0.518,0.487,-0.505,0.489,1419212928.000,-0.148,25749,27952,28,-12,41,14.580,74.120,25773,26246,1316,1383,0
167390,-0.209,-24403876.000,-0.112,0.920,-0.702,0.032,0.440,0.521,0.454,-0.523,0.499,1432546176.000,-0.105,25721,27767,31,17,41,14.580,74.120,25773,26246,1316,1383,0
167490,-0.299,-26218506.000,-0.089,0.170,0.368,-0.029,0.084,0.514,0.448,-0.532,0.502,1299997184.000,-0.101,24767,26203,-4,-20,41,14.580,74.120,25773,26246,1316,1383,0
167590,-0.443,-27335970.000,-0.178,1.550,-0.512,0.042,-0.113,0.514,0.449,-0.529,0.504,1299997184.000,-0.106,24723,26245,38,14,41,14.630,74.250,24875,26109,1269,1338,0
167690,-0.592,-28388532.000,-0.446,-0.930,-0.448,-0.036,-0.451,0.535,0.438,-0.540,0.481,1299997184.000,-0.035,24955,26024,29,-3,41,14.630,74.250,24875,26109,1269,1338,0
167790,-0.032,-27903342.000,-0.025,-0.270,-0.111,-0.490,-0.219,0.542,0.451,-0.541,0.459,1299997184.000,-0.023,25155,25830,-3,16,41,14.630,74.250,24875,26109,1269,1338,0
167890,-0.031,-28042778.000,0.081,-0.750,-0.664,-0.150,0.096,0.541,0.448,-0.560,0.440,1299997184.000,0.017,24764,26200,27,21,41,14.630,74.250,24875,26109,1269,1338,0
167990,-0.529,-29063548.000,-0.173,0.830,0.322,-0.357,0.194,0.538,0.442,-0.573,0.432,1299997184.000,0.043,23967,26936,-5,-13,41,14.600,74.330,24813,26385,1241,1295,0
168090,-0.545,-31314594.000,0.014,-0.610,0.057,-0.586,0.011,0.521,0.453,-0.585,0.427,1299997184.000,0.029,24433,26515,-4,15,41,14.600,74.330,24813,26385,1241,1295,0
168190,-0.162,-32462270.000,0.400,0.110,0.881,-0.042,0.322,0.497,0.469,-0.588,0.432,1299997184.000,-0.012,24344,26596,-20,-21,41,14.600,74.330,24813,26385,1241,1295,0
168290,-0.373,-34539200.000,0.529,-1.460,-0.041,0.338,0.306,0.486,0.465,-0.579,0.460,1299997184.000,-0.054,24161,26763,16,12,41,14.600,74.330,24813,26385,1241,1295,0
168390,-0.865,-36975292.000,0.932,-0.570,0.530,0.438,0.128,0.487,0.456,-0.573,0.477,1299997184.000,-0.073,23649,27217,-21,-3,41,14.630,74.250,24096,26737,1239,1360,0
168491,-1.057,-40043088.000,0.640,-1.170,0.147,0.682,-0.501,0.498,0.454,-0.547,0.496,1299997184.000,-0.109,24459,26490,13,-7,41,14.630,74.250,24096,26737,1239,1360,0
168590,-1.036,-41326208.000,0.147,-0.210,0.501,0.559,-0.977,0.524,0.468,-0.505,0.501,1299997184.000,-0.139,24919,26059,6,-27,41,14.630,74.250,24096,26737,1239,1360,0
168690,-0.493,-39913992.000,-0.258,-1.220,-0.410,0.068,-1.246,0.558,0.491,-0.469,0.478,1299997184.000,-0.130,25636,25354,33,9,41,14.630,74.250,24096,26737,1239,1360,0
168790,-0.213,-37513788.000,-0.455,0.820,-0.880,-0.121,-0.978,0.601,0.492,-0.462,0.428,1299997184.000,-0.028,25466,25525,39,15,41,14.620,74.370,25445,25510,1296,1307,0
168890,1.100,-33500600.000,-0.182,-0.980,0.116,-0.556,-0.607,0.616,0.510,-0.459,0.387,1299997184.000,-0.016,26646,24289,-14,3,41,14.620,74.370,25445,25510,1296,1307,0
168990,1.131,-29031580.000,-0.089,1.420,-0.993,-0.118,0.283,0.618,0.508,-0.475,0.367,1422350080.000,0.024,26508,26827,47,31,41,14.620,74.370,25445,25510,1296,1307,0
169090,0.974,-26665244.000,-0.081,0.420,-0.038,-0.366,0.474,0.625,0.479,-0.501,0.358,1486663808.000,0.094,26965,27560,-5,1,41,14.620,74.370,25445,25510,1296,1307,0
169190,0.744,-25651232.000,0.037,1.650,-0.061,-0.226,0.646,0.600,0.478,-0.523,0.371,1299997184.000,0.080,24874,26102,14,10,41,14.710,73.240,25773,26954,1206,1171,0
169290,0.505,-25705998.000,0.112,1.520,-0.232,0.039,0.591,0.594,0.454,-0.544,0.381,1299997184.000,0.106,24823,26150,19,8,41,14.710,73.240,25773,26954,1206,1171,0
169390,0.315,-26226558.000,0.478,1.450,0.078,0.048,0.560,0.584,0.439,-0.555,0.398,1384703104.000,0.101,25525,27077,1,10,41,14.710,73.240,25773,26954,1206,1171,0
169490,0.071,-27726532.000,-0.082,1.640,0.069,0.594,0.583,0.582,0.414,-0.558,0.423,1299997184.000,0.106,24419,26527,33,-21,41,14.600,74.000,24330,26178,1247,1456,0
169590,-0.108,-29459104.000,-0.169,0.150,0.310,-0.244,0.319,0.575,0.404,-0.556,0.444,1299997184.000,0.087,24604,26356,-1,2,41,14.600,74.000,24330,26178,1247,1456,0
169690,-0.237,-31232522.000,-0.107,0.820,0.374,-0.003,0.420,0.556,0.408,-0.563,0.456,1299997184.000,0.059,24224,26706,8,-11,41,14.600,74.000,24330,26178,1247,1456,0
169790,-1.122,-34171004.000,-0.471,0.060,-0.006,0.010,0.117,0.545,0.403,-0.560,0.476,1321958016.000,0.041,23735,27543,30,-6,41,14.600,74.000,24330,26178,1247,1456,0
169890,-1.146,-37250192.000,-0.497,-1.360,-0.098,-0.341,-0.777,0.556,0.404,-0.567,0.454,1430977536.000,0.084,26105,27377,13,0,41,14.610,74.290,24154,26954,1318,1327,0
169990,-0.640,-37332628.000,0.094,0.480,0.617,-0.399,-0.779,0.554,0.449,-0.550,0.435,1299997184.000,0.021,25064,25919,-19,0,41,14.610,74.290,24154,26954,1318,1327,0
170090,-0.236,-36688560.000,0.151,-0.610,-0.123,0.138,-0.478,0.559,0.475,-0.538,0.416,1299997184.000,0.006,25049,25934,22,3,41,14.610,74.290,24154,26954,1318,1327,0
170190,0.444,-34412012.000,0.051,1.180,0.703,0.098,0.000,0.561,0.488,-0.521,0.419,1299997184.000,-0.021,25054,25928,-8,-22,41,14.610,74.290,24154,26954,1318,1327,0
170290,0.393,-33394700.000,0.062,0.840,-0.584,-0.081,0.163,0.557,0.486,-0.524,0.423,1332938368.000,-0.024,25270,26351,31,26,41,14.600,74.330,24875,25839,1283,1374,0
170390,0.342,-32594404.000,0.023,-0.900,0.413,0.263,0.089,0.560,0.477,-0.525,0.429,1299997184.000,-0.018,25071,25912,2,-26,41,14.600,74.330,24875,25839,1283,1374,0
170491,0.314,-31697316.000,-0.020,-0.730,-0.342,-0.009,0.072,0.560,0.476,-0.521,0.435,1299997184.000,-0.027,25051,25932,25,17,41,14.600,74.330,24875,25839,1283,1374,0
170590,-0.475,-32292378.000,-0.482,1.750,-0.489,0.074,-0.332,0.575,0.460,-0.531,0.419,1299997184.000,0.054,24731,26237,39,-3,41,14.600,74.330,24875,25839,1283,1374,0
170690,0.043,-30971106.000,-0.388,0.760,0.611,-0.438,-0.482,0.578,0.485,-0.519,0.403,1299997184.000,0.011,26127,24848,-28,3,41,14.540,74.530,25706,25380,1333,1246,0
170790,0.587,-28539362.000,0.109,1.930,-0.499,0.051,0.198,0.571,0.492,-0.525,0.395,1299997184.000,0.012,25071,25912,36,19,41,14.540,74.530,25706,25380,1333,1246,0
170890,0.512,-27342048.000,0.028,0.440,-0.058,0.128,0.184,0.584,0.469,-0.532,0.395,1299997184.000,0.057,25170,25816,11,-5,41,14.540,74.530,25706,25380,1333,1246,0
170990,0.424,-26455344.000,0.053,-0.950,-0.087,-0.139,0.282,0.575,0.469,-0.537,0.403,1299997184.000,0.046,24974,26006,16,14,41,14.540,74.530,25706,25380,1333,1246,0
171090,0.315,-26174690.000,0.048,1.650,-0.179,0.129,0.271,0.576,0.452,-0.549,0.402,1412938368.000,0.075,26069,27080,20,0,41,14.410,74.450,25510,26737,1365,1369,0
171190,0.216,-26144772.000,0.033,1.270,0.067,-0.083,0.248,0.570,0.447,-0.552,0.412,1299997184.000,0.067,24910,26067,8,4,41,14.410,74.450,25510,26737,1365,1369,0
171290,0.129,-26346468.000,0.053,0.450,-0.026,0.027,0.159,0.565,0.441,-0.560,0.415,1299997184.000,0.073,24972,26008,15,0,41,14.410,74.450,25510,26737,1365,1369,0
171390,0.103,-26234436.000,0.011,0.570,0.003,0.199,0.018,0.567,0.436,-0.558,0.421,1299997184.000,0.071,25090,25894,20,-3,40,14.600,74.530,25062,25706,1287,1359,0
171490,0.091,-26020482.000,-0.024,0.740,-0.229,0.021,0.061,0.572,0.430,-0.557,0.421,1299997184.000,0.081,24987,25993,22,10,40,14.600,74.530,25062,25706,1287,1359,0
171590,0.044,-25959208.000,-0.454,-2.840,-0.126,0.032,0.014,0.576,0.423,-0.561,0.419,1299997184.000,0.100,25010,25971,30,-8,40,14.600,74.530,25062,25706,1287,1359,0
171690,-0.609,-27213744.000,-0.295,0.380,-0.567,-0.644,-0.360,0.575,0.422,-0.573,0.404,1299997184.000,0.135,24844,26130,19,35,40,14.600,74.530,25062,25706,1287,1359,0
171790,-0.360,-26882140.000,0.039,-0.850,0.441,-0.119,-0.617,0.575,0.444,-0.577,0.373,1299997184.000,0.143,25322,25667,-4,-16,41,14.580,74.330,25380,25316,1292,1372,0
171890,0.460,-24363540.000,0.202,-0.870,0.041,0.052,0.010,0.575,0.466,-0.560,0.372,1299997184.000,0.102,25222,25766,18,11,41,14.580,74.330,25380,25316,1292,1372,0
171990,0.402,-23438010.000,0.181,0.960,-0.488,0.074,0.174,0.583,0.448,-0.571,0.366,1299997184.000,0.145,25148,25837,27,17,41,14.580,74.330,25380,25316,1292,1372,0
172090,0.832,-21935358.000,0.194,0.570,0.503,0.023,0.221,0.580,0.446,-0.569,0.375,1299997184.000,0.135,25662,25327,-6,-9,41,14.580,74.330,25380,25316,1292,1372,0
172190,1.001,-20272682.000,0.231,1.230,-0.259,0.000,0.786,0.565,0.438,-0.576,0.396,1299997184.000,0.117,25065,25918,24,22,41,14.570,74.370,25510,25445,1278,1327,0
172290,-0.164,-21583976.000,0.101,-0.160,-0.399,0.179,0.640,0.563,0.398,-0.600,0.405,1299997184.000,0.166,24024,26886,29,10,41,14.570,74.370,25510,25445,1278,1327,0
172391,-0.177,-22600870.000,0.068,0.600,0.416,0.008,-0.251,0.569,0.389,-0.602,0.403,1299997184.000,0.183,25347,25642,-5,-11,41,14.570,74.370,25510,25445,1278,1327,0
172490,-0.124,-22562598.000,0.087,0.950,-0.157,-0.053,-0.086,0.562,0.406,-0.592,0.410,1299997184.000,0.143,25019,25963,25,20,41,14.570,74.370,25510,25445,1278,1327,0
172590,-0.069,-22490718.000,0.082,-0.720,0.040,0.101,-0.167,0.573,0.399,-0.596,0.396,1299997184.000,0.179,25189,25798,13,-2,41,14.600,74.570,25000,25839,1316,1313,0
172690,-0.006,-22043162.000,0.066,-0.510,0.124,0.012,-0.153,0.574,0.409,-0.587,0.400,1299997184.000,0.156,25197,25789,13,6,41,14.600,74.570,25000,25839,1316,1313,0
172790,0.043,-21531718.000,0.073,-0.230,-0.217,0.032,-0.130,0.580,0.407,-0.589,0.390,1299997184.000,0.177,25231,25756,23,12,41,14.600,74.570,25000,25839,1316,1313,0
172890,0.097,-20833070.000,0.049,-0.660,0.102,0.024,-0.120,0.584,0.411,-0.581,0.390,1299997184.000,0.168,25278,25710,13,5,41,14.600,74.570,25000,25839,1316,1313,0
172990,0.153,-19903950.000,0.068,-0.870,-0.372,-0.078,-0.222,0.589,0.410,-0.585,0.378,1299997184.000,0.191,25487,25504,25,21,41,14.620,74.250,25575,25839,1249,1357,0
173090,0.221,-18636768.000,0.113,1.440,0.320,0.019,-0.064,0.591,0.415,-0.580,0.375,1299997184.000,0.186,25308,25680,4,-3,41,14.620,74.250,25575,25839,1249,1357,0
173190,0.208,-17967176.000,0.114,0.300,0.043,0.003,0.030,0.587,0.421,-0.577,0.382,1299997184.000,0.166,25262,25726,16,10,41,14.620,74.250,25575,25839,1249,1357,0
173290,0.248,-17349034.000,0.102,-1.380,0.148,0.100,0.067,0.586,0.420,-0.576,0.385,1299997184.000,0.161,25294,25694,14,1,41,14.620,74.250,25575,25839,1249,1357,0
173390,0.299,-16756475.000,0.041,0.810,0.101,0.249,0.191,0.584,0.419,-0.569,0.398,1299997184.000,0.141,25201,25786,22,0,42,14.600,74.490,25125,25641,1328,1323,0
173490,0.196,-16661835.000,-0.035,1.240,-0.276,0.181,0.187,0.589,0.404,-0.569,0.407,1299997184.000,0.152,25188,25798,30,10,42,14.600,74.490,25125,25641,1328,1323,0
173590,0.051,-16547480.000,-0.080,-0.010,-0.136,0.161,-0.050,0.596,0.394,-0.569,0.406,1299997184.000,0.169,25301,25688,25,3,42,14.600,74.490,25125,25641,1328,1323,0
173690,0.057,-16307158.000,-0.100,-1.170,-0.128,-0.033,0.072,0.600,0.391,-0.569,0.405,1299997184.000,0.179,25105,25879,21,10,42,14.600,74.490,25125,25641,1328,1323,0
173790,-0.002,-16700017.000,-0.081,-0.450,-0.280,-0.098,0.149,0.600,0.381,-0.578,0.400,1299997184.000,0.203,25003,25978,25,15,42,14.560,74.490,25125,26041,1272,1280,0
173890,0.195,-17074304.000,-0.451,-1.660,-0.024,-0.050,0.160,0.598,0.373,-0.587,0.398,1299997184.000,0.212,25294,25694,30,-7,42,14.560,74.490,25125,26041,1272,1280,0
173990,0.062,-17253424.000,-0.277,0.810,0.108,-0.404,0.247,0.585,0.376,-0.591,0.408,1299997184.000,0.193,24904,26073,9,15,42,14.560,74.490,25125,26041,1272,1280,0
174090,-0.282,-18506476.000,0.090,-1.660,-0.318,-0.437,0.241,0.568,0.373,-0.616,0.398,1299997184.000,0.223,24582,26377,22,31,42,14.610,74.410,24509,26595,1247,1299,0
174190,-0.333,-20089630.000,0.090,0.730,0.490,0.201,0.077,0.565,0.370,-0.619,0.402,1299997184.000,0.217,24780,26191,7,-17,42,14.610,74.410,24509,26595,1247,1299,0
174290,-0.567,-21946416.000,0.136,-0.250,0.077,-0.247,0.218,0.553,0.377,-0.613,0.419,1299997184.000,0.175,24204,26724,10,23,42,14.610,74.410,24509,26595,1247,1299,0
174390,-1.289,-24952086.000,0.106,0.170,0.144,-0.078,-0.086,0.546,0.377,-0.624,0.413,1299997184.000,0.181,23807,27078,10,-4,42,14.610,74.410,24509,26595,1247,1299,0
174490,-1.281,-28149160.000,0.059,-1.640,0.842,0.073,-0.704,0.548,0.401,-0.602,0.421,1299997184.000,0.131,24698,26268,-8,-20,42,14.610,74.410,24509,26595,1247,1299,0
174590,-0.987,-29761514.000,0.101,0.730,0.084,-0.303,-0.658,0.545,0.439,-0.581,0.415,1299997184.000,0.074,24791,26180,11,22,41,14.560,74.370,24449,26595,1337,1236,0
174690,-0.661,-30028868.000,0.240,-1.390,0.422,0.057,-0.687,0.553,0.464,-0.566,0.398,1299997184.000,0.054,25019,25963,-1,-6,41,14.560,74.370,24449,26595,1337,1236,0
174790,-0.504,-29809680.000,0.358,-1.270,-0.040,-0.076,-0.681,0.560,0.488,-0.546,0.388,1299997184.000,0.018,25153,25833,9,21,41,14.560,74.370,24449,26595,1337,1236,0
174890,0.414,-28039570.000,0.368,0.280,0.103,0.400,-0.732,0.575,0.506,-0.523,0.374,1299997184.000,0.011,26344,24617,17,-2,42,14.490,74.370,26246,25316,1394,1221,0
174990,0.939,-23818216.000,0.074,-0.560,0.041,0.343,-0.167,0.583,0.523,-0.491,0.383,1299997184.000,-0.028,25888,25096,25,1,42,14.490,74.370,26246,25316,1394,1221,0
175090,0.978,-20132444.000,0.013,2.130,-0.842,0.269,-0.197,0.606,0.502,-0.491,0.372,1299997184.000,0.026,26101,24875,45,24,42,14.490,74.370,26246,25316,1394,1221,0
175190,1.124,-15750899.000,-0.055,1.210,0.288,0.206,-0.071,0.619,0.498,-0.483,0.367,1299997184.000,0.039,26096,24880,7,-14,42,14.490,74.370,26246,25316,1394,1221,0
175290,1.022,-12972347.000,-0.152,0.520,-0.333,0.221,0.677,0.618,0.490,-0.483,0.381,1299997184.000,0.035,25142,25843,36,8,41,14.580,74.530,25575,25380,1313,1327,0
175390,0.751,-12347647.000,-0.240,-0.190,0.314,0.252,0.677,0.615,0.463,-0.494,0.405,1299997184.000,0.045,25158,25828,13,-20,41,14.580,74.530,25575,25380,1313,1327,0
175490,0.701,-12270512.000,-0.264,-2.550,-0.081,0.021,0.648,0.596,0.454,-0.499,0.434,1363526656.000,0.008,25903,26316,27,6,41,14.580,74.530,25575,25380,1313,1327,0
175590,0.569,-12088816.000,-0.316,-0.470,0.133,0.322,0.624,0.589,0.435,-0.508,0.454,1431761920.000,0.007,26408,27099,27,-17,41,14.580,74.530,25575,25380,1313,1327,0
175690,0.017,-13382703.000,-0.376,-0.070,0.052,0.044,0.619,0.576,0.419,-0.512,0.480,1299997184.000,-0.008,24541,26415,23,-4,42,14.810,73.000,25380,26455,1266,1282,0
175790,-0.093,-15247508.000,-0.774,-0.350,0.206,0.020,0.314,0.566,0.408,-0.523,0.490,1299997184.000,-0.013,24938,26040,30,-28,42,14.810,73.000,25380,26455,1266,1282,0
175890,0.064,-16093884.000,-1.086,-1.080,0.469,-0.411,0.363,0.547,0.416,-0.516,0.510,1299997184.000,-0.083,24920,26057,15,-21,42,14.810,73.000,25380,26455,1266,1282,0
175990,-0.473,-18119552.000,-0.288,-0.720,-0.488,-0.812,0.138,0.516,0.427,-0.553,0.496,1299997184.000,-0.054,24582,26377,16,35,42,14.810,73.000,25380,26455,1266,1282,0
176090,-0.918,-19614102.000,0.167,-0.780,0.371,0.269,-0.422,0.517,0.436,-0.553,0.487,1232546176.000,-0.051,24022,25602,7,-21,42,14.540,74.370,25000,26109,1204,1367,0
176190,-0.521,-19988542.000,-0.068,-1.210,-0.102,0.434,-0.739,0.542,0.444,-0.527,0.481,1099997184.000,-0.051,23498,23406,33,-8,42,14.540,74.370,25000,26109,1204,1367,0
176290,0.108,-18480080.000,-0.440,-0.420,0.009,-0.081,-0.311,0.559,0.456,-0.509,0.470,1299997184.000,-0.062,26345,24616,23,-9,42,14.540,74.370,25000,26109,1204,1367,0
176390,1.043,-15608126.000,-0.539,0.300,0.117,-0.330,0.371,0.551,0.463,-0.512,0.469,1299997184.000,-0.084,25655,25334,16,-6,42,14.540,74.370,25000,26109,1204,1367,0
176490,0.768,-14765003.000,-0.442,-1.670,-0.640,-0.580,0.841,0.527,0.451,-0.544,0.472,1299997184.000,-0.068,24868,26107,32,27,42,14.580,74.410,24937,25510,1255,1406,0
176590,0.421,-15429316.000,-0.319,-1.340,0.226,-0.504,0.646,0.499,0.433,-0.585,0.471,1299997184.000,-0.037,24909,26068,-1,-8,42,14.580,74.410,24937,25510,1255,1406,0
176690,0.037,-16720814.000,-0.317,-0.430,-0.259,-0.552,0.473,0.471,0.432,-0.604,0.476,1299997184.000,-0.054,24753,26216,21,17,42,14.580,74.410,24937,25510,1255,1406,0
176790,-0.702,-19146454.000,-0.236,0.370,-0.312,-0.600,-0.260,0.461,0.430,-0.633,0.450,1299997184.000,-0.003,24906,26071,12,14,42,14.580,74.410,24937,25510,1255,1406,0
176890,-0.623,-19847168.000,0.291,-0.270,0.052,-0.376,-0.498,0.452,0.460,-0.630,0.432,1299997184.000,-0.014,25117,25867,1,18,42,14.540,74.490,25188,25706,1266,1355,0
176990,-0.463,-19864390.000,0.237,1.790,-0.372,0.034,-0.566,0.464,0.472,-0.628,0.409,1299997184.000,0.010,25290,25698,27,12,42,14.540,74.490,25188,25706,1266,1355,0
177090,-0.154,-19466478.000,0.522,0.840,-1.033,-2.619,0.210,0.475,0.477,-0.635,0.379,1299997184.000,0.059,24449,26500,-56,133,42,14.540,74.490,25188,25706,1266,1355,0
177190,-0.256,-20764150.000,1.349,0.740,-0.251,0.682,0.321,0.403,0.509,-0.676,0.347,1299997184.000,0.031,24421,26525,34,6,42,14.540,74.370,24449,26455,1240,1371,0
177290,-0.261,-21546482.000,1.276,0.260,0.123,0.069,-0.038,0.405,0.513,-0.668,0.357,1299997184.000,0.011,24876,26100,-9,28,42,14.540,74.370,24449,26455,1240,1371,0
177390,-0.178,-21345656.000,1.240,0.220,0.197,-0.178,-0.389,0.407,0.524,-0.654,0.363,1299997184.000,-0.018,25370,25619,-24,35,42,14.540,74.370,24449,26455,1240,1371,0
177490,-0.041,-19969960.000,1.219,-2.040,0.663,0.427,-0.339,0.403,0.551,-0.628,0.375,1299997184.000,-0.087,25321,25668,-17,0,42,14.540,74.370,24449,26455,1240,1371,0
177590,-0.006,-19132214.000,1.064,-1.650,0.610,0.390,-0.156,0.408,0.558,-0.603,0.399,1299997184.000,-0.139,25168,25818,-18,5,42,14.540,74.570,25380,25974,1258,1257,0
177690,0.013,-18588834.000,1.002,-0.750,0.400,0.246,-0.123,0.404,0.568,-0.585,0.416,1299997184.000,-0.188,25213,25774,-15,11,42,14.540,74.570,25380,25974,1258,1257,0
177790,0.035,-18080902.000,0.927,-2.180,0.126,0.369,-0.101,0.406,0.571,-0.572,0.428,1299997184.000,-0.215,25241,25746,-5,11,42,14.540,74.570,25380,25974,1258,1257,0
177890,0.036,-17688336.000,0.779,-2.380,0.070,0.711,-0.037,0.419,0.564,-0.558,0.442,1299997184.000,-0.223,25172,25815,7,-1,42,14.540,74.570,25380,25974,1258,1257,0
177991,0.058,-17277216.000,0.674,0.140,-0.284,0.063,-0.117,0.434,0.555,-0.551,0.446,1299997184.000,-0.211,25331,25658,-3,29,42,14.560,74.410,25252,25839,1313,1280,0
178091,0.129,-16421561.000,0.629,-1.120,-0.429,0.243,-0.181,0.451,0.549,-0.552,0.437,1299997184.000,-0.173,25407,25583,12,18,42,14.560,74.410,25252,25839,1313,1280,0
178190,0.086,-16321517.000,0.497,1.190,-0.408,0.458,0.331,0.474,0.525,-0.555,0.439,1299997184.000,-0.131,24762,26208,14,12,42,14.560,74.410,25252,25839,1313,1280,0
178290,-0.016,-17125208.000,0.322,-1.530,-0.359,0.702,0.209,0.493,0.497,-0.554,0.451,1299997184.000,-0.098,24941,26037,25,3,42,14.560,74.410,25252,25839,1313,1280,0
178390,-0.117,-18190590.000,0.164,-1.970,-0.187,0.493,0.307,0.509,0.471,-0.552,0.462,1299997184.000,-0.067,24793,26178,17,0,41,14.550,74.410,24691,26041,1267,1395,0
178490,-0.153,-19066738.000,0.062,1.220,-0.153,0.154,-0.041,0.523,0.453,-0.552,0.465,1299997184.000,-0.039,25137,25848,8,9,41,14.550,74.410,24691,26041,1267,1395,0
178590,-0.125,-19292606.000,0.054,-0.700,-0.109,-0.007,-0.021,0.528,0.451,-0.552,0.461,1299997184.000,-0.028,25026,25956,7,12,41,14.550,74.410,24691,26041,1267,1395,0
178690,-0.129,-19744030.000,0.091,-0.490,-0.003,-0.118,0.061,0.526,0.453,-0.557,0.457,1299997184.000,-0.024,24911,26034,2,10,41,14.550,74.410,24691,26041,1267,1395,0
178790,-0.102,-19954800.000,0.073,-0.450,-0.001,0.212,-0.113,0.528,0.455,-0.553,0.458,1299997184.000,-0.028,25161,25825,14,3,43,14.560,74.290,25188,25773,1278,1331,0
178890,-0.083,-20040494.000,-0.075,-1.270,-0.150,0.776,-0.017,0.543,0.444,-0.539,0.466,1299997184.000,-0.025,25028,25954,38,-11,43,14.560,74.290,25188,25773,1278,1331,0
178990,-0.027,-19676246.000,-0.309,1.320,0.097,0.777,-0.178,0.567,0.430,-0.513,0.480,1299997184.000,-0.026,25271,25717,29,-21,43,14.560,74.290,25188,25773,1278,1331,0
179090,0.066,-18763516.000,-0.473,-1.130,-0.238,0.240,-0.107,0.585,0.424,-0.491,0.486,1299997184.000,-0.029,25198,25789,30,5,43,14.560,74.290,25188,25773,1278,1331,0
179190,0.083,-18280276.000,-0.496,1.790,-0.341,0.048,0.053,0.594,0.416,-0.494,0.479,1299997184.000,-0.002,25057,25926,30,6,43,14.560,74.250,25252,25974,1251,1357,0
179290,0.050,-18268548.000,-0.467,0.700,-0.377,-0.163,0.079,0.596,0.408,-0.505,0.471,1299997184.000,0.026,25065,25918,26,12,43,14.560,74.250,25252,25974,1251,1357,0
179390,0.042,-18111930.000,-0.441,1.370,-0.337,-0.112,-0.076,0.600,0.402,-0.515,0.462,1299997184.000,0.055,25277,25712,27,10,43,14.560,74.250,25252,25974,1251,1357,0
179490,0.085,-17456024.000,-0.424,1.170,-0.312,-0.071,-0.200,0.608,0.397,-0.521,0.449,1299997184.000,0.086,25455,25535,28,9,42,14.560,74.530,25575,25316,1275,1357,0
179590,0.132,-16580586.000,-0.424,-0.530,-0.207,-0.008,-0.147,0.617,0.392,-0.524,0.437,1299997184.000,0.117,25420,25570,26,4,42,14.560,74.530,25575,25316,1275,1357,0
179690,0.132,-16000453.000,-0.404,0.370,-0.243,-0.213,0.036,0.621,0.386,-0.532,0.428,1299997184.000,0.144,25208,25779,22,12,42,14.560,74.530,25575,25316,1275,1357,0
179790,0.119,-15635912.000,-0.385,-1.580,-0.078,0.156,-0.027,0.622,0.380,-0.539,0.422,1299997184.000,0.164,25327,25662,30,-5,42,14.560,74.530,25575,25316,1275,1357,0
179890,0.131,-15097490.000,-0.409,0.950,0.010,0.046,0.053,0.624,0.381,-0.534,0.425,1299997184.000,0.156,25205,25782,26,0,42,14.550,74.410,25316,25575,1281,1346,0
179991,0.120,-14793237.000,-0.403,0.370,0.147,-0.158,0.047,0.620,0.385,-0.533,0.429,1299997184.000,0.143,25237,25751,16,2,42,14.550,74.410,25316,25575,1281,1346,0
180091,0.075,-14851412.000,-0.362,-1.190,0.230,-0.049,0.067,0.611,0.389,-0.536,0.433,1299997184.000,0.129,25221,25767,17,-6,42,14.550,74.410,25316,25575,1281,1346,0
180190,0.071,-14681056.000,-0.354,0.740,0.381,0.088,0.049,0.605,0.397,-0.532,0.440,1299997184.000,0.104,25210,25777,17,-15,42,14.550,74.410,25316,25575,1281,1346,0
180290,0.051,-14717366.000,-0.349,-1.410,0.278,-0.074,0.126,0.596,0.405,-0.527,0.451,1299997184.000,0.071,25090,25894,15,-5,42,14.550,74.410,25316,25575,1281,1346,0
180390,0.024,-14878215.000,-0.345,-0.220,0.136,-0.001,0.014,0.590,0.409,-0.524,0.458,1289997312.000,0.050,25149,25642,22,-3,42,14.570,74.450,25252,25839,1240,1326,0
180490,0.030,-14714566.000,-0.331,-0.910,-0.194,-0.109,-0.009,0.589,0.411,-0.525,0.457,1289997312.000,0.050,25141,25650,27,10,42,14.570,74.450,25252,25839,1240,1326,0
180590,0.034,-14508948.000,-0.271,0.920,-0.253,-0.100,-0.019,0.590,0.409,-0.536,0.445,1289997312.000,0.077,25152,25640,27,7,42,14.570,74.450,25252,25839,1240,1326,0
180690,0.055,-14174159.000,-0.293,1.290,-0.193,0.021,-0.083,0.595,0.405,-0.536,0.441,1289997312.000,0.089,25257,25536,28,5,42,14.550,74.490,25316,25510,1283,1298,0
180790,0.075,-13714101.000,-0.257,-0.380,-0.128,-0.112,-0.020,0.596,0.406,-0.540,0.434,1289213056.000,0.100,25168,25609,23,7,42,14.550,74.490,25316,25510,1283,1298,0
180890,0.071,-13478397.000,-0.257,-0.720,-0.050,0.028,-0.050,0.597,0.404,-0.541,0.433,1289997312.000,0.105,25260,25532,25,1,42,14.550,74.490,25316,25510,1283,1298,0
180990,0.093,-13007368.000,-0.261,-0.410,0.011,0.030,-0.043,0.598,0.405,-0.540,0.432,1289997312.000,0.105,25255,25538,25,0,42,14.550,74.490,25316,25510,1283,1298,0
181090,0.114,-12446185.000,-0.249,0.740,0.024,-0.097,-0.087,0.599,0.407,-0.540,0.429,1289997312.000,0.107,25342,25451,19,3,42,14.590,74.610,25316,25575,1278,1275,0
181190,0.141,-11726395.000,-0.211,-0.070,0.047,-0.186,-0.041,0.595,0.414,-0.542,0.425,1289997312.000,0.101,25309,25485,16,5,42,14.590,74.610,25316,25575,1278,1275,0
181290,0.161,-11013875.000,-0.185,1.770,0.014,0.069,-0.017,0.594,0.418,-0.542,0.424,1289997312.000,0.098,25298,25495,26,-1,42,14.590,74.610,25316,25575,1278,1275,0
181390,0.169,-10400295.000,-0.218,-0.680,0.157,0.314,-0.027,0.596,0.417,-0.537,0.427,1169997312.000,0.094,24141,24233,28,-15,42,14.590,74.610,25316,25575,1278,1275,0
181490,0.219,-9315328.000,-0.301,-1.350,0.341,-0.283,0.064,0.606,0.414,-0.527,0.430,1289997312.000,0.090,25107,25684,-5,4,42,14.530,73.840,24509,24937,1365,1224,0
181590,0.153,-9248047.000,-0.189,0.240,-0.092,-0.132,0.118,0.589,0.423,-0.537,0.431,1289997312.000,0.076,25221,25572,28,8,42,14.530,73.840,24509,24937,1365,1224,0
181690,0.087,-9393015.000,-0.171,0.580,0.028,-0.089,0.230,0.585,0.418,-0.544,0.432,1289997312.000,0.083,25013,25775,19,2,42,14.530,73.840,24509,24937,1365,1224,0
181790,0.079,-9303967.000,-0.167,-1.540,0.013,0.041,-0.220,0.585,0.417,-0.546,0.431,1089997312.000,0.086,23638,23048,22,-1,42,14.530,73.840,24509,24937,1365,1224,0
181891,0.176,-7968337.000,-0.136,0.020,0.068,-0.191,-0.214,0.587,0.427,-0.542,0.424,1102546304.000,0.082,23688,23268,14,6,42,14.720,73.400,23640,22935,1182,1155,0
181991,0.221,-6799873.500,-0.089,1.750,0.023,-0.061,-0.057,0.585,0.434,-0.544,0.417,1289997312.000,0.083,25439,25354,20,3,42,14.720,73.400,23640,22935,1182,1155,0
182090,0.201,-6210945.000,-0.106,-0.990,0.086,0.143,0.103,0.585,0.432,-0.543,0.420,1289997312.000,0.079,25282,25526,24,-4,42,14.720,73.400,23640,22935,1182,1155,0
182190,0.155,-6019937.500,-0.128,-1.210,-0.070,-0.037,0.077,0.585,0.426,-0.544,0.424,1174703232.000,0.083,24181,24290,22,6,42,14.720,73.400,23640,22935,1182,1155,0
182290,0.167,-5376177.500,-0.109,0.140,-0.021,-0.121,-0.074,0.584,0.428,-0.546,0.421,1113526784.000,0.085,23740,23451,18,7,43,14.750,73.480,23474,23419,1224,1161,0
182390,0.185,-4555954.500,-0.074,0.240,-0.036,-0.070,0.012,0.582,0.432,-0.548,0.417,1289997312.000,0.085,25403,25391,21,6,43,14.750,73.480,23474,23419,1224,1161,0
182490,0.154,-4194818.500,-0.057,-0.060,-0.019,-0.088,0.144,0.579,0.431,-0.552,0.418,1289997312.000,0.086,25239,25554,19,7,43,14.750,73.480,23474,23419,1224,1161,0
182590,0.114,-4116697.000,-0.045,0.130,0.000,0.009,0.023,0.577,0.428,-0.556,0.419,1289997312.000,0.090,25425,25368,21,3,43,14.750,73.480,23474,23419,1224,1161,0
182690,0.114,-3727110.250,-0.058,-1.600,0.012,0.041,0.000,0.578,0.427,-0.555,0.420,1289997312.000,0.090,25424,25369,22,2,43,14.550,74.490,25510,25575,1284,1239,0
182790,0.111,-3365239.000,-0.061,-0.190,-0.004,-0.026,-0.020,0.578,0.426,-0.555,0.420,1289997312.000,0.091,25457,25337,20,5,43,14.550,74.490,25510,25575,1284,1239,0
182890,0.111,-2974856.000,-0.031,-0.950,-0.100,-0.219,0.099,0.575,0.430,-0.556,0.419,1289997312.000,0.086,25273,25520,18,15,43,14.550,74.490,25510,25575,1284,1239,0
182990,0.033,-3391182.000,0.043,-1.740,0.067,-0.234,0.233,0.565,0.428,-0.569,0.417,1269997568.000,0.092,24889,25506,11,8,43,14.560,74.570,25316,25445,1171,1328,0
183090,-0.077,-4425621.500,0.136,-0.310,-0.276,-0.454,0.237,0.550,0.428,-0.583,0.418,1259997696.000,0.092,24710,25484,15,30,43,14.560,74.570,25316,25445,1171,1328,0
183190,-0.168,-5566501.000,0.242,-0.990,0.392,-0.322,0.233,0.534,0.430,-0.597,0.416,1259997696.000,0.090,24618,25572,-6,3,43,14.560,74.570,25316,25445,1171,1328,0
183290,-0.251,-6996806.000,0.307,0.920,0.202,-0.189,0.179,0.520,0.432,-0.605,0.420,1259997696.000,0.077,24589,25600,3,10,43,14.560,74.570,25316,25445,1171,1328,0
183390,-0.322,-8594538.000,0.398,0.110,-0.037,-0.094,0.121,0.506,0.436,-0.608,0.428,1259997696.000,0.055,24563,25626,12,20,43,14.570,74.490,24630,25706,1213,1305,0
183490,-0.753,-10661999.000,0.658,0.690,-0.324,0.002,-0.022,0.505,0.434,-0.612,0.427,1259997696.000,0.053,24191,25977,16,34,43,14.570,74.490,24630,25706,1213,1305,0
183590,-1.104,-13727241.000,0.795,-1.380,-0.274,0.282,-0.466,0.520,0.431,-0.611,0.413,1259997696.000,0.067,24443,25740,16,22,43,14.570,74.490,24630,25706,1213,1305,0
183690,-0.823,-14938792.000,0.718,-1.360,0.327,0.443,-0.760,0.544,0.447,-0.580,0.410,1259997696.000,0.045,25014,25185,3,1,43,14.570,74.490,24630,25706,1213,1305,0
183790,-0.026,-14527412.000,0.485,-0.130,0.214,0.298,-0.174,0.558,0.456,-0.559,0.410,1259997696.000,0.046,24990,25209,9,5,43,14.600,74.530,25252,25188,1249,1233,0
183890,0.154,-14499211.000,0.237,-1.320,0.162,0.234,0.307,0.561,0.449,-0.552,0.423,1259997696.000,0.043,24557,25631,12,2,43,14.600,74.530,25252,25188,1249,1233,0
183990,0.052,-14449698.000,0.397,1.720,0.009,0.146,-0.080,0.561,0.449,-0.546,0.431,1259997696.000,0.027,25027,25172,10,17,43,14.600,74.530,25252,25188,1249,1233,0
184090,-0.306,-14327760.000,0.455,0.580,-0.202,0.409,-0.177,0.570,0.449,-0.536,0.433,1259997696.000,0.014,24595,25595,27,14,43,14.600,74.530,25252,25188,1249,1233,0
184190,-0.018,-14976619.000,-0.107,1.790,0.073,0.300,-0.093,0.587,0.437,-0.525,0.434,1259997696.000,0.046,25068,25132,23,-10,43,14.620,74.290,24691,24752,1225,1287,0
184290,0.203,-14952419.000,-0.177,0.140,-0.068,-0.357,0.103,0.585,0.435,-0.531,0.433,1259997696.000,0.049,25011,25188,8,15,43,14.620,74.290,24691,24752,1225,1287,0
184390,0.234,-13934863.000,-0.132,-1.110,0.030,0.107,-0.066,0.583,0.439,-0.533,0.427,1259997696.000,0.054,25085,25115,23,-3,43,14.620,74.290,24691,24752,1225,1287,0
184490,0.171,-13742599.000,-0.111,-1.580,-0.140,-0.078,0.209,0.583,0.431,-0.537,0.431,1259997696.000,0.061,24709,25484,19,13,43,14.620,74.290,24691,24752,1225,1287,0
184590,0.125,-13702086.000,-0.066,0.640,-0.007,0.008,0.038,0.579,0.430,-0.542,0.432,1259997696.000,0.062,24913,25285,19,3,43,14.580,74.570,24691,25510,1295,1258,0
184690,0.106,-13493133.000,-0.086,-1.590,0.074,0.180,0.011,0.580,0.427,-0.539,0.437,1259997696.000,0.059,24936,25262,21,-2,43,14.580,74.570,24691,25510,1295,1258,0
184790,0.097,-13250368.000,-0.113,0.220,0.249,0.000,0.053,0.578,0.430,-0.532,0.445,1259997696.000,0.038,24849,25349,11,0,43,14.580,74.570,24691,25510,1295,1258,0
184890,0.053,-13373555.000,-0.084,0.460,-0.126,-0.134,0.104,0.571,0.431,-0.536,0.448,1288232960.000,0.033,25068,25687,18,11,43,14.580,74.570,24691,25510,1295,1258,0
184990,0.024,-13501367.000,-0.071,0.110,0.131,-0.026,0.067,0.568,0.431,-0.539,0.449,1280389888.000,0.031,24994,25607,14,1,43,14.520,74.330,25188,25510,1254,1354,0
185090,-0.363,-14159432.000,-0.043,-1.450,-0.080,-0.218,-0.001,0.563,0.433,-0.543,0.448,1259997696.000,0.030,24374,25805,14,15,43,14.520,74.330,25188,25510,1254,1354,0
185190,-0.541,-15389718.000,-0.047,-2.030,0.017,-0.096,-0.281,0.563,0.438,-0.547,0.439,1259997696.000,0.039,24635,25556,15,2,43,14.520,74.330,25188,25510,1254,1354,0
185290,0.179,-15129066.000,-0.020,0.250,0.222,-0.183,-0.264,0.562,0.455,-0.538,0.433,1263919232.000,0.015,25485,24788,6,6,43,14.570,74.450,25839,24752,1216,1239,0
185390,0.143,-14845061.000,0.038,1.550,-0.032,-0.104,0.312,0.549,0.464,-0.539,0.439,1409801600.000,-0.011,25980,27108,18,13,43,14.570,74.450,25839,24752,1216,1239,0
185490,0.024,-15641373.000,0.043,-1.640,-0.007,-0.004,0.281,0.546,0.451,-0.551,0.441,1259997696.000,0.008,24521,25666,14,5,43,14.570,74.450,25839,24752,1216,1239,0
185590,-0.056,-16456417.000,0.049,-0.460,-0.017,-0.043,0.099,0.538,0.450,-0.553,0.450,1259997696.000,-0.006,24701,25492,16,11,43,14.570,74.450,25839,24752,1216,1239,0
185690,-0.068,-16803650.000,0.059,-0.410,0.237,0.020,-0.020,0.534,0.452,-0.553,0.452,1264997632.000,-0.014,24832,25463,7,-1,43,14.610,74.410,24937,25906,1232,1445,0
185790,-0.022,-16566119.000,0.064,-1.400,0.238,-0.097,-0.113,0.533,0.460,-0.547,0.454,1274997504.000,-0.031,25026,25470,4,4,43,14.610,74.410,24937,25906,1232,1445,0
185890,0.004,-16325314.000,0.099,1.730,0.126,-0.122,0.011,0.527,0.469,-0.544,0.454,1484997376.000,-0.049,26891,27602,7,9,43,14.610,74.410,24937,25906,1232,1445,0
185990,-0.028,-16626304.000,0.111,0.260,0.312,0.037,0.101,0.519,0.473,-0.543,0.460,1412840576.000,-0.068,26119,27030,4,-4,43,14.610,74.410,24937,25906,1232,1445,0
186090,-0.072,-17161528.000,0.095,-1.810,0.464,-0.002,0.096,0.508,0.480,-0.534,0.476,1284997376.000,-0.110,24853,25833,-1,-4,43,14.610,74.410,24937,25906,1232,1445,0
186190,-0.520,-17800464.000,0.438,-0.080,0.238,-0.124,0.051,0.496,0.489,-0.530,0.484,1390095360.000,-0.148,25243,27439,-9,16,43,14.540,74.160,25125,26041,1226,1270,0
186290,-0.983,-20473888.000,0.483,0.080,-0.154,0.374,-0.419,0.500,0.490,-0.524,0.484,1346173824.000,-0.162,25207,26660,19,8,43,14.540,74.160,25125,26041,1226,1270,0
186390,-0.763,-21329506.000,0.302,-0.420,0.586,0.491,-0.650,0.521,0.501,-0.488,0.489,1284997376.000,-0.192,24975,25715,-2,-21,43,14.540,74.160,25125,26041,1226,1270,0
186490,0.388,-20084056.000,-0.158,0.770,-0.064,0.117,-0.477,0.540,0.512,-0.465,0.480,1429311104.000,-0.182,27381,26069,20,-3,43,14.260,72.840,26809,26246,1544,1368,0
186590,0.435,-18343266.000,-0.169,1.460,0.114,-0.107,0.104,0.539,0.516,-0.459,0.482,1284997376.000,-0.197,25118,25575,6,1,43,14.260,72.840,26809,26246,1544,1368,0
186690,0.373,-17602826.000,-0.109,-0.470,-0.233,-0.169,0.259,0.533,0.514,-0.471,0.479,1484997376.000,-0.185,26912,27582,15,10,43,14.260,72.840,26809,26246,1544,1368,0
186790,0.233,-17759102.000,-0.059,0.910,0.139,0.153,0.436,0.525,0.504,-0.479,0.490,1284997376.000,-0.187,24676,26002,10,-9,43,14.260,72.840,26809,26246,1544,1368,0
186890,0.072,-18662002.000,-0.063,-1.260,-0.026,-0.054,0.350,0.517,0.495,-0.487,0.501,1284997376.000,-0.189,24710,25969,9,4,43,14.570,73.440,24630,26041,1294,1351,0
186990,-0.034,-19549852.000,-0.057,1.510,0.224,0.091,0.223,0.508,0.490,-0.491,0.510,1484997376.000,-0.196,26687,27799,6,-10,43,14.570,73.440,24630,26041,1294,1351,0
187090,-0.549,-21107026.000,0.120,-0.800,-0.307,-0.047,0.100,0.503,0.484,-0.496,0.516,1284997376.000,-0.198,24244,26405,14,18,43,14.570,73.440,24630,26041,1294,1351,0
187190,-0.997,-23515722.000,0.221,-0.060,-0.228,0.421,-0.510,0.517,0.478,-0.496,0.509,1284997376.000,-0.177,24623,26052,22,-2,43,14.570,73.440,24630,26041,1294,1351,0
187290,-0.786,-24537040.000,0.050,-2.380,0.013,0.277,-0.550,0.541,0.482,-0.469,0.504,1284997376.000,-0.176,24743,25938,13,-4,43,14.550,74.120,24875,26041,1232,1293,0
187390,-0.587,-25471908.000,-0.048,1.350,-0.194,0.072,-0.381,0.560,0.485,-0.459,0.491,1284997376.000,-0.156,24748,25933,18,4,43,14.550,74.120,24875,26041,1232,1293,0
187490,-0.297,-25745804.000,-0.144,-1.360,0.068,0.144,-0.333,0.571,0.488,-0.449,0.483,1292840576.000,-0.147,25047,25798,14,-10,43,14.550,74.120,24875,26041,1232,1293,0
187591,-0.018,-25479648.000,-0.225,-1.590,-0.056,-0.101,-0.069,0.576,0.493,-0.444,0.479,1322644480.000,-0.147,25252,26173,14,2,43,14.550,74.120,24875,26041,1232,1293,0
187690,-0.206,-25767102.000,-0.196,0.200,-0.332,-0.160,-0.014,0.577,0.490,-0.454,0.469,1363428736.000,-0.121,25389,26811,23,12,43,14.470,74.410,25125,26109,1309,1379,0
187790,-0.129,-26144722.000,-0.182,-1.440,-0.166,-0.129,-0.107,0.583,0.487,-0.461,0.459,1284997376.000,-0.096,24861,25825,14,3,43,14.470,74.410,25125,26109,1309,1379,0
187890,-0.111,-26350686.000,-0.245,0.460,-0.090,-0.234,-0.057,0.582,0.490,-0.467,0.451,1284997376.000,-0.082,24789,25894,13,4,43,14.470,74.410,25125,26109,1309,1379,0
187990,-0.060,-26518590.000,-0.160,0.090,-0.261,-0.373,-0.021,0.579,0.493,-0.480,0.437,1302252288.000,-0.064,24968,26055,14,18,43,14.470,74.410,25125,26109,1309,1379,0
188090,0.129,-26225516.000,-0.058,1.630,-0.123,-0.282,0.048,0.578,0.494,-0.492,0.424,1339899392.000,-0.043,25432,26327,9,9,43,14.530,74.200,24875,26246,1509,1299,0
188190,0.188,-26286218.000,0.018,-0.030,-0.080,-0.207,0.341,0.569,0.491,-0.506,0.423,1284997376.000,-0.035,24592,26081,9,10,43,14.530,74.200,24875,26246,1509,1299,0
188290,0.122,-26883684.000,0.096,-1.790,-0.068,-0.163,0.291,0.560,0.485,-0.521,0.426,1337546368.000,-0.029,25163,26540,7,10,43,14.530,74.200,24875,26246,1509,1299,0
188390,0.127,-27493548.000,0.139,0.840,-0.101,-0.068,0.281,0.552,0.478,-0.532,0.429,1284997376.000,-0.022,24684,25995,12,11,43,14.530,74.200,24875,26246,1509,1299,0
188490,0.104,-27923856.000,0.129,-0.530,-0.208,0.068,0.234,0.551,0.467,-0.540,0.432,1284997376.000,-0.006,24680,25998,19,11,43,14.570,74.000,24570,26246,1277,1253,0
188590,-0.120,-28758516.000,0.126,0.950,-0.437,-0.077,0.152,0.553,0.454,-0.550,0.431,1349311104.000,0.023,24898,27007,18,22,43,14.570,74.000,24570,26246,1277,1253,0
188690,-0.569,-30041046.000,0.173,1.660,-0.326,-0.057,-0.156,0.559,0.445,-0.561,0.418,1314801280.000,0.058,24652,26591,15,17,43,14.570,74.000,24570,26246,1277,1253,0
188790,-0.080,-30573234.000,0.172,-1.140,0.012,0.007,-0.294,0.569,0.445,-0.561,0.403,1306958208.000,0.084,25429,25697,7,6,43,14.510,74.250,25252,26178,1261,1283,0
188890,0.267,-29846806.000,0.128,1.420,-0.002,-0.024,0.051,0.570,0.451,-0.556,0.402,1300683648.000,0.077,25042,25954,12,11,43,14.510,74.250,25252,26178,1261,1283,0
188990,0.196,-29668124.000,0.137,0.740,-0.301,-0.057,0.204,0.570,0.442,-0.565,0.401,1284997376.000,0.096,24703,25977,20,21,43,14.510,74.250,25252,26178,1261,1283,0
189090,0.143,-29572604.000,0.141,-0.710,0.132,0.016,0.126,0.569,0.435,-0.571,0.401,1350095360.000,0.108,25406,26545,6,4,43,14.510,74.250,25252,26178,1261,1283,0
189190,-0.156,-29869892.000,0.249,0.580,-0.019,-0.037,0.080,0.563,0.435,-0.573,0.407,1328134656.000,0.095,24865,26643,10,19,43,14.480,73.680,25000,26385,1285,1411,0
189290,-0.364,-30741586.000,0.337,-1.360,-0.058,0.228,-0.208,0.568,0.432,-0.573,0.404,1326566016.000,0.101,25083,26408,16,10,43,14.480,73.680,25000,26385,1285,1411,0
189390,-0.267,-31012250.000,0.246,-1.010,0.140,0.329,-0.241,0.579,0.435,-0.556,0.407,1327350272.000,0.090,25188,26324,14,2,43,14.480,73.680,25000,26385,1285,1411,0
189490,-0.160,-30917412.000,0.210,0.900,-0.173,0.088,-0.260,0.590,0.437,-0.549,0.401,1328134656.000,0.098,25309,26222,17,18,43,14.480,73.680,25000,26385,1285,1411,0
189591,0.172,-30134424.000,0.099,-1.340,0.157,0.246,-0.142,0.599,0.438,-0.540,0.398,1327350272.000,0.105,25494,26027,13,-3,44,14.490,74.160,25445,26109,1334,1302,0
189691,0.381,-29054314.000,-0.140,0.620,-0.150,0.047,0.159,0.603,0.434,-0.535,0.403,1326566016.000,0.105,25296,26205,25,12,44,14.490,74.160,25445,26109,1334,1302,0
189790,0.296,-28589056.000,-0.106,0.170,-0.298,-0.167,0.157,0.602,0.422,-0.549,0.398,1350879744.000,0.135,25532,26439,21,19,44,14.490,74.160,25445,26109,1334,1302,0
189890,0.256,-28016116.000,-0.006,-1.230,0.021,-0.118,0.129,0.598,0.419,-0.556,0.397,1345389568.000,0.142,25463,26402,11,11,44,14.490,74.160,25445,26109,1334,1302,0
189990,-0.024,-28174240.000,0.227,0.310,-0.270,-0.056,0.146,0.594,0.414,-0.563,0.397,1284997376.000,0.146,24547,26123,19,27,43,14.620,73.920,24390,26178,1253,1326,0
190090,-0.112,-28454144.000,0.238,0.480,0.034,0.190,-0.046,0.599,0.409,-0.564,0.395,1284997376.000,0.158,24730,25950,14,7,43,14.620,73.920,24390,26178,1253,1326,0
190190,-0.273,-29105916.000,0.265,-1.450,-0.151,0.190,-0.153,0.606,0.407,-0.557,0.397,1284997376.000,0.155,24715,25965,20,18,43,14.620,73.920,24390,26178,1253,1326,0
190290,-0.057,-29059256.000,0.174,1.020,0.292,0.240,-0.079,0.615,0.407,-0.547,0.396,1284997376.000,0.157,24797,25886,8,-3,43,14.620,73.920,24390,26178,1253,1326,0
190390,0.165,-28875414.000,-0.064,0.090,-0.221,0.101,0.140,0.617,0.404,-0.541,0.404,1284997376.000,0.154,24781,25901,30,17,44,14.530,74.410,25062,25575,1206,1331,0
190490,0.223,-28559552.000,-0.199,0.130,0.136,-0.117,0.173,0.616,0.397,-0.546,0.406,1284997376.000,0.162,24790,25893,12,6,44,14.530,74.410,25062,25575,1206,1331,0
190590,-0.172,-28753048.000,-0.037,0.740,-0.107,-0.174,0.024,0.608,0.399,-0.551,0.408,1284997376.000,0.156,24502,26166,17,21,44,14.530,74.410,25062,25575,1206,1331,0
190690,-0.180,-28902348.000,0.024,-0.950,0.018,-0.009,-0.317,0.612,0.400,-0.557,0.395,1284997376.000,0.177,25007,25683,14,7,44,14.530,74.410,25062,25575,1206,1331,0
190790,-0.139,-28531878.000,0.017,-1.510,0.090,-0.012,-0.358,0.616,0.414,-0.544,0.391,1284997376.000,0.158,25061,25631,15,12,43,14.530,74.250,25062,25641,1265,1313,0
190890,0.378,-27047260.000,-0.099,0.350,0.233,-0.010,-0.178,0.620,0.423,-0.539,0.382,1284997376.000,0.158,25366,25329,12,-1,43,14.530,74.250,25062,25641,1265,1313,0
190990,0.460,-25507728.000,-0.144,-0.890,0.066,-0.103,0.172,0.614,0.429,-0.536,0.388,1284997376.000,0.138,24966,25723,18,12,43,14.530,74.250,25062,25641,1265,1313,0
191090,0.385,-24656758.000,-0.087,-0.160,-0.116,-0.163,0.170,0.607,0.425,-0.549,0.386,1284997376.000,0.150,24983,25707,17,14,44,14.520,74.490,25062,25575,1255,1344,0
191190,0.319,-24021064.000,-0.080,0.760,0.140,0.042,0.174,0.602,0.423,-0.552,0.392,1284997376.000,0.144,24947,25742,16,3,44,14.520,74.490,25062,25575,1255,1344,0
191290,0.245,-23681476.000,-0.065,1.200,-0.071,-0.138,0.174,0.596,0.420,-0.557,0.396,1284997376.000,0.141,24905,25783,18,17,44,14.520,74.490,25062,25575,1255,1344,0
191390,0.181,-23506842.000,-0.043,0.450,0.021,-0.048,0.146,0.591,0.417,-0.564,0.399,1284997376.000,0.143,24892,25795,16,10,44,14.520,74.490,25062,25575,1255,1344,0
191491,0.132,-23420648.000,0.017,-1.130,0.070,-0.112,0.134,0.586,0.416,-0.567,0.402,1353232640.000,0.140,25532,26483,11,13,43,14.500,74.290,25252,26178,1366,1409,0
191590,-0.316,-24189112.000,0.227,-1.000,0.052,-0.092,0.083,0.579,0.416,-0.572,0.405,1397938560.000,0.130,25508,27337,8,18,43,14.500,74.290,25252,26178,1366,1409,0
191690,-0.494,-25436074.000,0.321,-0.240,0.139,0.054,-0.206,0.578,0.421,-0.570,0.405,1284997376.000,0.116,24727,25954,8,10,43,14.500,74.290,25252,26178,1366,1409,0
191790,0.217,-25005214.000,-0.028,0.830,0.464,0.240,-0.284,0.583,0.434,-0.553,0.408,1396369920.000,0.097,26607,26239,12,-12,43,14.500,74.290,25252,26178,1366,1409,0
191890,0.243,-23886024.000,-0.037,2.510,-0.197,-0.214,0.031,0.581,0.440,-0.547,0.412,1358722816.000,0.079,25723,26402,19,29,43,14.500,74.290,25252,26178,1366,1409,0
191990,0.211,-23342186.000,-0.002,-0.720,0.137,0.058,0.118,0.578,0.438,-0.554,0.409,1284997376.000,0.088,26173,27036,13,-1,43,14.480,72.430,25445,26109,1325,1422,0
192090,0.148,-23264932.000,-0.023,2.990,0.172,-0.057,0.223,0.572,0.438,-0.551,0.421,1484997376.000,0.067,26679,27807,10,9,43,14.480,72.430,25445,26109,1325,1422,0
192190,0.057,-23741646.000,0.077,1.370,0.058,0.017,0.222,0.563,0.435,-0.558,0.427,1336762112.000,0.062,25219,26472,14,9,43,14.480,72.430,25445,26109,1325,1422,0
192290,0.006,-24178896.000,0.123,1.470,0.108,0.293,0.084,0.563,0.431,-0.553,0.439,1414409088.000,0.050,26104,27074,18,3,44,14.510,73.760,24813,25706,1266,1360,0
192390,-0.270,-24900414.000,0.151,0.950,-0.099,0.224,-0.007,0.567,0.426,-0.546,0.447,1476369920.000,0.043,26477,27845,21,14,44,14.510,73.760,24813,25706,1266,1360,0
192490,-0.782,-26422976.000,0.313,1.350,0.203,0.316,-0.187,0.575,0.424,-0.537,0.449,1284997376.000,0.033,24196,26449,8,2,44,14.510,73.760,24813,25706,1266,1360,0
192590,-0.682,-27868346.000,0.193,0.350,0.191,0.380,-0.461,0.589,0.428,-0.517,0.451,1284997376.000,0.022,24749,25932,14,-1,44,14.510,73.760,24813,25706,1266,1360,0
192690,0.337,-27934768.000,-0.382,1.140,0.364,0.220,-0.403,0.600,0.440,-0.493,0.451,1284997376.000,0.007,26045,24630,24,-19,44,14.490,74.200,25062,25974,1298,1234,0
192790,0.400,-26122324.000,-0.386,0.550,0.446,-0.180,0.246,0.593,0.457,-0.477,0.460,1284997376.000,-0.043,24774,25908,6,-3,44,14.490,74.200,25062,25974,1298,1234,0
192890,0.281,-25998468.000,-0.281,-1.830,-0.306,-0.329,0.227,0.581,0.453,-0.498,0.457,1284997376.000,-0.026,24846,25839,22,19,44,14.490,74.200,25062,25974,1298,1234,0
192990,0.233,-25569096.000,-0.227,1.210,0.216,-0.163,0.078,0.572,0.456,-0.504,0.458,1284997376.000,-0.035,24990,25700,8,0,44,14.490,74.200,25062,25974,1298,1234,0
193090,0.222,-24879540.000,-0.155,1.460,-0.412,-0.279,0.003,0.569,0.457,-0.515,0.450,1284997376.000,-0.019,25051,25641,24,25,44,14.540,74.330,25062,25641,1269,1317,0
193190,0.225,-24048224.000,-0.107,0.390,0.054,-0.088,-0.008,0.571,0.453,-0.526,0.439,1284997376.000,0.008,25055,25637,9,0,44,14.540,74.330,25062,25641,1269,1317,0
193290,0.183,-23634604.000,-0.053,0.860,-0.297,-0.292,0.141,0.565,0.452,-0.535,0.435,1284997376.000,0.017,24846,25840,17,25,44,14.540,74.330,25062,25641,1269,1317,0
193390,0.128,-23581688.000,0.008,0.390,-0.022,-0.107,0.130,0.562,0.447,-0.549,0.428,1284997376.000,0.038,24851,25835,11,8,44,14.540,74.330,25062,25641,1269,1317,0
193490,0.084,-23614222.000,0.017,-2.280,0.168,-0.080,0.102,0.555,0.449,-0.549,0.435,1284997376.000,0.023,24850,25835,8,7,44,14.520,74.330,24875,25773,1266,1320,0
193590,0.044,-23743838.000,0.064,-0.690,-0.094,-0.109,0.081,0.549,0.449,-0.556,0.434,1284997376.000,0.026,24840,25845,15,16,44,14.520,74.330,24875,25773,1266,1320,0
193690,0.026,-23808956.000,0.045,0.680,0.088,0.182,0.002,0.549,0.447,-0.555,0.437,1284997376.000,0.024,24927,25761,17,1,44,14.520,74.330,24875,25773,1266,1320,0
193790,0.051,-23487422.000,-0.001,-1.090,-0.047,0.132,-0.112,0.555,0.446,-0.549,0.439,1284997376.000,0.022,25076,25616,20,8,44,14.520,74.330,24875,25773,1266,1320,0
193890,0.108,-22710180.000,-0.030,-0.860,-0.240,0.086,-0.170,0.565,0.443,-0.546,0.432,1284997376.000,0.039,25180,25514,24,14,44,14.520,74.290,25125,25445,1282,1335,0
193990,0.169,-21669504.000,-0.058,0.250,-0.113,0.119,-0.138,0.574,0.440,-0.544,0.426,1284997376.000,0.055,25180,25514,21,7,44,14.520,74.290,25125,25445,1282,1335,0
194090,0.214,-20592776.000,-0.085,1.000,-0.057,0.037,-0.100,0.580,0.439,-0.541,0.422,1284997376.000,0.064,25196,25498,19,9,44,14.520,74.290,25125,25445,1282,1335,0
194190,0.253,-19414350.000,-0.070,-0.820,-0.171,-0.112,-0.103,0.583,0.440,-0.542,0.415,1284997376.000,0.075,25267,25428,19,18,44,14.530,74.290,25316,25445,1281,1291,0
194290,0.276,-18220628.000,-0.033,-0.460,-0.218,-0.130,-0.024,0.585,0.439,-0.548,0.406,1284997376.000,0.091,25195,25499,20,18,44,14.530,74.290,25316,25445,1281,1291,0
194390,0.270,-17301734.000,-0.010,0.800,-0.181,-0.038,0.037,0.587,0.435,-0.554,0.399,1301467904.000,0.111,25323,25694,21,15,44,14.530,74.290,25316,25445,1281,1291,0
194490,0.225,-16847368.000,-0.009,0.220,-0.021,0.000,0.207,0.586,0.429,-0.560,0.400,1284997376.000,0.120,24934,25754,17,10,44,14.530,74.290,25316,25445,1281,1291,0
194590,0.159,-16760110.000,-0.005,-0.820,0.039,-0.056,0.122,0.583,0.424,-0.564,0.403,1284997376.000,0.126,25037,25654,15,12,44,14.510,73.160,25125,25641,1257,1311,0
194690,0.151,-16286784.000,0.014,-0.800,-0.157,-0.076,-0.098,0.584,0.421,-0.569,0.398,1284997376.000,0.139,25309,25386,20,18,44,14.510,73.160,25125,25641,1257,1311,0
194790,0.176,-15486749.000,0.023,0.530,-0.102,0.009,-0.017,0.586,0.420,-0.570,0.393,1409703296.000,0.148,26381,26716,20,14,44,14.510,73.160,25125,25641,1257,1311,0
194890,0.178,-14856325.000,0.011,1.930,-0.139,0.056,0.002,0.590,0.416,-0.572,0.390,1317938560.000,0.161,25510,25830,23,15,44,14.510,73.160,25125,25641,1257,1311,0
194990,0.169,-14336237.000,-0.005,-0.290,-0.094,0.034,0.053,0.593,0.411,-0.573,0.388,1284997376.000,0.172,25128,25565,22,14,44,14.510,72.600,25906,25839,1252,1391,0
195090,0.121,-14251919.000,-0.010,0.460,0.063,-0.002,0.158,0.591,0.407,-0.576,0.392,1284997376.000,0.172,24981,25709,16,10,44,14.510,72.600,25906,25839,1252,1391,0
195190,0.063,-14452394.000,-0.004,-0.250,0.212,-0.074,0.152,0.585,0.407,-0.577,0.399,1284997376.000,0.159,24954,25735,11,9,44,14.510,72.600,25906,25839,1252,1391,0
195290,-0.006,-14942345.000,0.018,-1.430,0.324,-0.066,0.182,0.573,0.412,-0.577,0.410,1284997376.000,0.131,24854,25831,9,6,44,14.510,72.600,25906,25839,1252,1391,0
195390,-0.062,-15571938.000,0.022,-0.300,0.452,-0.009,0.144,0.561,0.420,-0.572,0.425,1284997376.000,0.092,24843,25868,6,1,45,14.530,74.290,25062,25839,1234,1297,0
195490,-0.448,-17168672.000,0.206,-1.010,0.244,0.061,0.053,0.551,0.426,-0.567,0.440,1284997376.000,0.055,24557,26114,10,11,45,14.530,74.290,25062,25839,1234,1297,0
195590,-0.799,-19387286.000,0.482,-1.190,0.679,0.334,-0.213,0.549,0.436,-0.551,0.453,1284997376.000,0.003,24499,26168,-6,-8,45,14.530,74.290,25062,25839,1234,1297,0
195690,-0.714,-21051004.000,0.193,-0.740,0.854,0.504,-0.300,0.551,0.454,-0.512,0.477,1284997376.000,-0.071,24653,26024,4,-21,45,14.530,74.290,25062,25839,1234,1297,0
195790,-0.475,-22344886.000,-0.107,0.640,0.597,0.121,-0.246,0.549,0.472,-0.483,0.493,1284997376.000,-0.128,24837,25848,6,-10,44,14.500,74.250,24691,26178,1243,1289,0
195890,0.225,-22021996.000,-0.287,1.100,1.198,-0.029,0.007,0.533,0.498,-0.455,0.510,1284997376.000,-0.215,25182,25513,-17,-33,44,14.500,74.250,24691,26178,1243,1289,0
195990,0.153,-22145872.000,-0.201,1.620,0.020,-0.373,0.276,0.507,0.513,-0.453,0.523,1446566016.000,-0.270,26320,27456,11,18,44,14.500,74.250,24691,26178,1243,1289,0
196090,0.072,-22651622.000,-0.132,-0.160,0.796,-0.090,0.211,0.488,0.522,-0.456,0.532,1291271936.000,-0.305,24841,25965,-14,-24,44,14.500,74.250,24691,26178,1243,1289,0
196190,0.023,-23125788.000,-0.061,-0.210,0.434,-0.354,0.173,0.461,0.539,-0.447,0.545,1284997376.000,-0.371,24754,25928,-9,3,44,14.500,73.440,24691,25706,1297,1375,0
196290,-0.298,-23786150.000,0.080,-0.230,0.396,-0.138,0.120,0.443,0.550,-0.448,0.548,1358722816.000,-0.402,25087,27007,-8,-6,44,14.500,73.440,24691,25706,1297,1375,0
196390,-0.581,-25099518.000,0.109,-1.530,0.007,-0.072,-0.339,0.438,0.557,-0.442,0.550,1284997376.000,-0.423,24741,25940,3,5,44,14.500,73.440,24691,25706,1297,1375,0
196490,-0.803,-25860110.000,0.116,-0.130,0.152,-0.066,-0.846,0.447,0.574,-0.427,0.537,1284997376.000,-0.439,25087,25605,-5,-3,44,14.500,74.000,25188,25773,1250,1276,0
196590,-0.453,-24805472.000,0.059,1.310,0.173,0.003,-0.886,0.464,0.598,-0.395,0.520,1284997376.000,-0.461,25352,25343,-2,-6,44,14.500,74.000,25188,25773,1250,1276,0
196690,-0.098,-22907162.000,0.011,0.300,-0.184,-0.093,-0.740,0.484,0.613,-0.372,0.501,1284997376.000,-0.461,25508,25186,5,6,44,14.500,74.000,25188,25773,1250,1276,0
196790,1.123,-19412794.000,-0.090,0.300,0.160,0.009,-0.357,0.497,0.626,-0.354,0.486,1284997376.000,-0.451,26542,24094,1,-13,44,14.500,74.000,25188,25773,1250,1276,0
196890,1.110,-15547873.000,-0.089,0.300,-0.292,-0.064,0.523,0.492,0.629,-0.351,0.490,1448134656.000,-0.465,26738,27078,14,11,44,14.370,72.800,26595,26525,1474,1483,0
196990,0.895,-14115443.000,-0.036,-0.490,-0.363,-0.086,0.624,0.494,0.604,-0.390,0.489,1310095360.000,-0.401,25352,25834,6,4,44,14.370,72.800,26595,26525,1474,1483,0
197091,0.645,-13729109.000,0.006,-0.690,0.198,0.041,0.697,0.477,0.594,-0.406,0.505,1284997376.000,-0.409,24872,25815,-5,-12,44,14.370,72.800,26595,26525,1474,1483,0
197191,0.374,-14340296.000,0.072,0.680,-0.400,0.066,0.664,0.466,0.575,-0.428,0.518,1284997376.000,-0.393,24706,25974,14,10,44,14.370,72.800,26595,26525,1474,1483,0
197291,-0.010,-15664288.000,0.095,0.060,0.054,0.377,0.470,0.462,0.551,-0.445,0.534,1427742464.000,-0.373,25945,27470,5,-16,44,14.090,73.000,26041,27472,1356,1423,0
197390,-0.181,-17386836.000,0.069,1.470,-0.134,0.200,0.221,0.461,0.536,-0.449,0.547,1284997376.000,-0.368,24727,25953,8,0,44,14.090,73.000,26041,27472,1356,1423,0
197490,-0.082,-18208476.000,0.012,-0.120,0.162,0.118,0.137,0.461,0.530,-0.450,0.552,1284997376.000,-0.364,24835,25850,-2,-12,44,14.090,73.000,26041,27472,1356,1423,0
197590,-0.146,-19102434.000,-0.021,0.550,-0.033,0.090,0.086,0.457,0.525,-0.448,0.561,1284997376.000,-0.375,24792,25892,6,-2,44,14.090,73.000,26041,27472,1356,1423,0
197690,-0.217,-19739788.000,-0.013,-0.870,0.197,0.136,-0.081,0.458,0.524,-0.444,0.564,1284997376.000,-0.379,24887,25800,-2,-14,45,14.460,73.960,24630,25839,1352,1306,0
197790,-0.449,-20174064.000,0.082,-0.750,-0.188,-0.020,-0.246,0.462,0.527,-0.436,0.564,1284997376.000,-0.387,24717,25963,5,9,45,14.460,73.960,24630,25839,1352,1306,0
197890,-0.459,-20580942.000,0.174,0.780,-0.473,0.153,-0.453,0.484,0.525,-0.438,0.546,1284997376.000,-0.345,25039,25653,12,4,45,14.460,73.960,24630,25839,1352,1306,0
197990,0.020,-19790796.000,-0.039,0.340,-0.307,0.260,-0.488,0.509,0.522,-0.428,0.534,1309311104.000,-0.315,25830,25340,18,-5,45,14.460,73.960,24630,25839,1352,1306,0
198090,0.297,-18152614.000,-0.333,2.060,-0.946,-0.182,-0.037,0.531,0.509,-0.437,0.518,1364997376.000,-0.255,25975,26273,32,25,45,14.320,72.270,26178,26809,1370,1358,0
198190,0.299,-17122868.000,-0.231,0.760,-0.293,-0.449,0.064,0.538,0.502,-0.464,0.494,1284997376.000,-0.189,25126,25567,1,5,45,14.320,72.270,26178,26809,1370,1358,0
198290,0.252,-16661648.000,-0.143,0.830,-0.430,-0.137,0.272,0.536,0.496,-0.482,0.483,1344605184.000,-0.158,25460,26389,19,9,45,14.320,72.270,26178,26809,1370,1358,0
198390,0.127,-17132772.000,-0.116,0.410,-0.310,-0.082,0.343,0.537,0.479,-0.502,0.480,1423036544.000,-0.117,26097,27240,13,6,45,14.320,72.270,26178,26809,1370,1358,0
198490,-0.008,-18155524.000,-0.080,-1.030,-0.080,-0.109,0.319,0.531,0.468,-0.518,0.482,1284997376.000,-0.098,24696,25982,8,2,45,14.470,72.680,25906,26881,1209,1335,0
198590,-0.095,-19129806.000,-0.058,0.450,0.008,-0.038,0.140,0.524,0.463,-0.525,0.485,1284997376.000,-0.096,24809,25875,7,0,45,14.470,72.680,25906,26881,1209,1335,0
198690,-0.130,-19847568.000,-0.050,0.750,0.013,-0.004,0.031,0.522,0.462,-0.527,0.487,1284997376.000,-0.097,24865,25821,9,0,45,14.470,72.680,25906,26881,1209,1335,0
198790,-0.122,-20214950.000,-0.053,0.300,-0.072,0.010,-0.067,0.523,0.461,-0.527,0.486,1284997376.000,-0.093,24963,25727,12,3,45,14.470,72.680,25906,26881,1209,1335,0
198890,-0.091,-20310692.000,-0.054,-1.150,-0.149,0.007,-0.047,0.527,0.460,-0.528,0.481,1303036544.000,-0.083,25083,25959,13,5,45,14.490,73.960,24937,25641,1289,1336,0
198990,-0.099,-20685410.000,-0.053,-1.720,-0.269,-0.024,0.079,0.531,0.455,-0.533,0.477,1414409088.000,-0.065,26008,27166,16,10,45,14.490,73.960,24937,25641,1289,1336,0
199090,-0.136,-21435040.000,-0.021,1.240,-0.369,-0.134,0.089,0.534,0.446,-0.545,0.468,1284997376.000,-0.028,24732,25949,15,14,45,14.490,73.960,24937,25641,1289,1336,0
199191,-0.151,-22103896.000,-0.008,-1.930,-0.063,0.041,0.000,0.537,0.440,-0.552,0.462,1419115008.000,-0.010,26132,27134,10,0,45,14.490,73.960,24937,25641,1289,1336,0
199290,-0.142,-22542358.000,-0.011,0.850,0.122,-0.082,-0.032,0.535,0.443,-0.549,0.464,1466173824.000,-0.019,26591,27552,3,2,45,14.310,72.960,26178,26954,1314,1412,0
199390,-0.112,-22759188.000,0.018,1.360,-0.068,-0.030,-0.167,0.534,0.448,-0.550,0.460,1284997376.000,-0.020,25101,25592,14,7,45,14.310,72.960,26178,26954,1314,1412,0
199490,-0.153,-22027758.000,0.027,0.590,-0.059,0.272,-0.430,0.546,0.452,-0.540,0.453,1434017024.000,-0.016,26646,26908,19,-2,45,14.310,72.960,26178,26954,1314,1412,0
199590,0.071,-20449222.000,-0.056,-1.990,-0.499,0.180,-0.514,0.570,0.452,-0.526,0.439,1284997376.000,0.009,25534,25160,30,15,45,14.310,72.960,26178,26954,1314,1412,0
199690,0.398,-17722794.000,-0.105,-1.950,-0.386,0.151,-0.388,0.593,0.449,-0.521,0.418,1284997376.000,0.050,25657,25034,26,8,45,14.420,73.080,25641,25316,1377,1189,0
199790,0.505,-15079236.000,-0.137,-1.900,-0.592,-0.024,-0.167,0.612,0.440,-0.523,0.398,1284997376.000,0.101,25516,25178,28,19,45,14.420,73.080,25641,25316,1377,1189,0
199890,0.506,-13170071.000,-0.132,0.410,-0.767,-0.078,0.037,0.626,0.420,-0.538,0.377,1284997376.000,0.171,25381,25314,33,25,45,14.420,73.080,25641,25316,1377,1189,0
199990,0.458,-11775497.000,-0.116,0.320,-0.474,-0.141,0.212,0.634,0.399,-0.555,0.361,1284997376.000,0.234,25171,25523,23,18,45,14.470,73.960,25188,24813,1328,1253,0
200090,0.344,-11408484.000,-0.096,1.430,-0.404,-0.090,0.310,0.634,0.381,-0.571,0.356,1284997376.000,0.274,25061,25631,25,17,45,14.470,73.960,25188,24813,1328,1253,0
200190,0.231,-11401134.000,-0.098,1.320,0.001,-0.034,0.253,0.631,0.368,-0.581,0.358,1351664000.000,0.292,25724,26267,16,6,45,14.470,73.960,25188,24813,1328,1253,0
200290,0.127,-11680130.000,-0.087,0.690,0.080,-0.118,0.260,0.624,0.363,-0.587,0.366,1425389568.000,0.288,26330,27058,14,10,45,14.470,73.960,25188,24813,1328,1253,0
200390,0.037,-12153330.000,-0.057,1.100,0.184,-0.113,0.164,0.614,0.363,-0.593,0.374,1284997376.000,0.276,25002,25688,12,7,45,14.540,72.350,25974,25974,1256,1454,0
200490,-0.014,-12555551.000,-0.038,1.640,0.288,-0.034,0.052,0.605,0.369,-0.593,0.383,1359507200.000,0.251,25817,26325,11,3,45,14.540,72.350,25974,25974,1256,1454,0
200590,-0.015,-12633525.000,-0.045,1.730,0.343,0.043,-0.047,0.598,0.379,-0.585,0.395,1447350272.000,0.214,26738,27063,12,0,45,14.540,72.350,25974,25974,1256,1454,0
200690,-0.009,-12614711.000,-0.043,-0.630,0.187,-0.063,0.022,0.592,0.389,-0.578,0.404,1284997376.000,0.182,25055,25637,14,9,45,14.540,72.350,25974,25974,1256,1454,0
200790,0.014,-12399484.000,-0.022,1.480,-0.017,0.006,-0.170,0.591,0.393,-0.579,0.401,1284997376.000,0.180,25344,25351,20,10,45,14.440,73.680,25380,25706,1313,1293,0
200890,0.086,-11588817.000,-0.041,-1.350,-0.144,0.141,-0.164,0.598,0.395,-0.574,0.396,1284997376.000,0.186,25349,25346,27,9,45,14.440,73.680,25380,25706,1313,1293,0
200990,0.117,-10910031.000,-0.059,0.150,-0.414,-0.059,0.062,0.608,0.385,-0.578,0.385,1284997376.000,0.220,25076,25616,26,25,45,14.440,73.680,25380,25706,1313,1293,0
201091,0.047,-11097637.000,0.007,-0.490,-0.120,-0.358,0.199,0.603,0.378,-0.593,0.377,1284997376.000,0.246,24908,25779,8,21,45,14.440,73.680,25380,25706,1313,1293,0
201190,-0.081,-12128879.000,0.083,1.440,0.362,-0.164,0.402,0.586,0.379,-0.604,0.384,1284997376.000,0.233,24547,26123,2,2,45,14.470,73.800,24875,26041,1261,1280,0
201290,-0.274,-14425563.000,0.088,-0.440,0.508,-0.072,0.497,0.565,0.378,-0.607,0.412,1284997376.000,0.187,24293,26360,1,0,45,14.470,73.800,24875,26041,1261,1280,0
201390,-0.422,-17019772.000,0.096,0.950,0.734,-0.073,0.193,0.545,0.386,-0.603,0.436,1284997376.000,0.132,24591,26082,-6,-6,45,14.470,73.800,24875,26041,1261,1280,0
201490,-0.452,-18823692.000,0.087,0.700,0.773,-0.012,0.022,0.527,0.406,-0.587,0.461,1284997376.000,0.051,24640,26036,-4,-7,45,14.470,73.800,24875,26041,1261,1280,0
201590,-0.461,-20495528.000,0.104,-1.650,0.506,-0.149,-0.107,0.511,0.425,-0.574,0.478,1345389568.000,-0.014,25355,26505,-3,1,45,14.430,73.720,24691,26246,1236,1306,0
201690,-0.374,-21204140.000,0.098,2.080,0.582,0.081,-0.328,0.505,0.444,-0.557,0.487,1425389568.000,-0.065,26399,26991,0,-9,45,14.430,73.720,24691,26246,1236,1306,0
201790,-0.208,-20766782.000,0.091,0.830,-0.039,-0.122,-0.531,0.509,0.462,-0.542,0.483,1379899392.000,-0.090,26296,26238,10,17,45,14.430,73.720,24691,26246,1236,1306,0
201890,0.022,-18798790.000,0.094,-0.470,-0.044,0.088,-0.714,0.523,0.480,-0.526,0.463,1284997376.000,-0.086,25791,24896,14,4,45,14.430,73.720,24691,26246,1236,1306,0
201990,0.279,-15913661.000,0.050,1.230,-0.590,0.083,-0.581,0.547,0.485,-0.517,0.445,1464605184.000,-0.063,27461,26655,29,22,45,14.590,72.960,25575,24875,1364,1251,0
202090,0.462,-12984527.000,0.025,-1.050,-0.450,0.044,-0.292,0.572,0.480,-0.517,0.419,1384605184.000,-0.007,26585,26035,20,14,45,14.590,72.960,25575,24875,1364,1251,0
202190,0.537,-10583180.000,-0.008,0.130,-0.399,0.132,-0.092,0.588,0.471,-0.518,0.404,1284997376.000,0.036,25563,25131,26,13,45,14.590,72.960,25575,24875,1364,1251,0
202290,0.536,-8708530.000,-0.057,1.060,-0.698,0.123,0.126,0.602,0.454,-0.525,0.395,1284997376.000,0.081,25386,25309,36,22,45,14.450,73.960,25445,25062,1298,1333,0
202390,0.436,-7771494.000,-0.081,-1.510,-0.659,-0.076,0.271,0.613,0.426,-0.542,0.385,1284997376.000,0.149,25219,25476,28,25,45,14.450,73.960,25445,25062,1298,1333,0
202490,0.317,-7446827.500,-0.047,0.360,-0.469,-0.209,0.339,0.615,0.404,-0.564,0.375,1284997376.000,0.208,25018,25672,20,23,45,14.450,73.960,25445,25062,1298,1333,0
202590,0.152,-8061855.500,-0.016,-0.440,-0.126,-0.112,0.470,0.609,0.386,-0.583,0.375,1284997376.000,0.236,24796,25887,15,13,45,14.450,73.960,25445,25062,1298,1333,0
202690,-0.015,-9279818.000,-0.063,-1.100,-0.183,0.028,0.340,0.603,0.371,-0.593,0.383,1284997376.000,0.247,24851,25834,26,14,45,14.480,73.560,24875,26041,1257,1280,0
202790,-0.099,-10227831.000,-0.049,0.890,-0.257,-0.232,0.088,0.602,0.358,-0.604,0.379,1284997376.000,0.276,25073,25619,14,23,45,14.480,73.560,24875,26041,1257,1280,0
202890,-0.153,-10969251.000,0.050,0.460,0.338,-0.383,0.153,0.588,0.365,-0.614,0.379,1284997376.000,0.264,24822,25863,-4,12,45,14.480,73.560,24875,26041,1257,1280,0
202990,-0.231,-12237084.000,0.104,-0.200,0.139,-0.096,0.157,0.574,0.371,-0.619,0.387,1284997376.000,0.240,24761,25921,14,14,45,14.480,73.560,24875,26041,1257,1280,0
203090,-0.264,-13417079.000,0.116,-0.460,0.013,-0.042,0.054,0.571,0.370,-0.621,0.389,1450487552.000,0.238,26451,27402,16,16,45,14.280,72.920,26246,26737,1455,1603,0
203190,-0.292,-14682024.000,0.169,2.960,0.052,-0.068,0.081,0.565,0.373,-0.622,0.394,1348526848.000,0.225,25380,26541,11,18,45,14.280,72.920,26246,26737,1455,1603,0
203290,-0.577,-16143787.000,0.314,-1.570,0.142,-0.046,0.082,0.559,0.375,-0.623,0.398,1284997376.000,0.213,24283,26369,5,19,45,14.280,72.920,26246,26737,1455,1603,0
203390,-0.792,-18222164.000,0.605,-1.380,0.156,0.092,-0.334,0.560,0.379,-0.620,0.398,1284997376.000,0.200,24680,25998,0,20,45,14.280,72.920,26246,26737,1455,1603,0
203490,-0.854,-19777684.000,0.623,-1.610,0.439,0.422,-0.379,0.567,0.398,-0.595,0.407,1284997376.000,0.145,24569,26103,4,5,45,14.440,73.520,24449,26178,1269,1337,0
203590,-0.716,-20966008.000,0.501,0.710,0.303,0.440,-0.470,0.583,0.410,-0.568,0.411,1284997376.000,0.118,24813,25871,8,6,45,14.440,73.520,24449,26178,1269,1337,0
203690,-0.587,-21820512.000,0.369,-1.450,0.326,0.311,-0.260,0.595,0.422,-0.543,0.417,1284997376.000,0.087,24600,26073,6,6,45,14.440,73.520,24449,26178,1269,1337,0
203790,-0.564,-23151436.000,0.246,0.580,0.472,0.199,-0.143,0.597,0.432,-0.525,0.426,1284997376.000,0.054,24499,26168,1,0,45,14.440,73.520,24449,26178,1269,1337,0
203890,-0.537,-24517594.000,0.166,1.520,0.461,0.083,-0.224,0.594,0.446,-0.508,0.436,1284997376.000,0.013,24660,26017,0,3,44,14.470,73.640,24570,26385,1242,1277,0
203990,-0.434,-25236832.000,0.160,-1.830,0.456,-0.104,-0.328,0.590,0.466,-0.492,0.439,1284997376.000,-0.033,24853,25833,-5,6,44,14.470,73.640,24570,26385,1242,1277,0
204090,0.198,-24845800.000,0.009,0.710,0.608,-0.157,-0.302,0.582,0.492,-0.477,0.439,1284997376.000,-0.079,25529,25165,-6,-3,44,14.470,73.640,24570,26385,1242,1277,0
204190,0.664,-22987338.000,-0.156,-1.770,0.524,-0.092,0.074,0.566,0.515,-0.463,0.448,1284997376.000,-0.130,25447,25248,2,-6,44,14.470,73.640,24570,26385,1242,1277,0
204290,0.531,-22134016.000,-0.084,1.100,-0.097,-0.296,0.476,0.549,0.516,-0.474,0.456,1284997376.000,-0.147,24796,25887,9,19,46,14.470,73.800,25510,25125,1252,1346,0
204390,0.374,-22020768.000,-0.023,0.290,0.551,0.013,0.366,0.528,0.516,-0.483,0.470,1284997376.000,-0.171,24858,25828,-7,-13,46,14.470,73.800,25510,25125,1252,1346,0
204490,0.184,-22231236.000,0.034,0.020,0.203,-0.041,0.279,0.511,0.519,-0.481,0.488,1343820928.000,-0.212,25378,26453,2,6,46,14.470,73.800,25510,25125,1252,1346,0
204590,-0.508,-23379328.000,0.200,1.920,-0.063,0.174,0.009,0.509,0.515,-0.483,0.492,1467742464.000,-0.219,26107,28038,8,7,46,14.290,70.950,25974,28011,1400,1464,0
204690,-0.627,-24424322.000,0.244,1.730,0.068,0.423,-0.522,0.528,0.512,-0.468,0.489,1284997376.000,-0.214,24936,25753,6,-7,46,14.290,70.950,25974,28011,1400,1464,0
204790,-0.401,-24283666.000,0.091,0.480,0.063,0.397,-0.557,0.546,0.517,-0.441,0.490,1284997376.000,-0.228,25110,25583,12,-3,46,14.290,70.950,25974,28011,1400,1464,0
204890,0.631,-21926072.000,-0.342,1.050,-0.012,0.064,-0.086,0.561,0.519,-0.427,0.484,1365781632.000,-0.209,26337,25925,14,-4,46,14.290,70.950,25974,28011,1400,1464,0
204990,0.539,-20620932.000,-0.316,2.150,-0.402,-0.160,0.330,0.555,0.512,-0.439,0.487,1338330752.000,-0.200,25527,26205,23,19,46,14.290,70.950,25974,28011,1400,1464,0
205090,0.422,-19997428.000,-0.265,1.330,-0.037,-0.098,0.339,0.553,0.502,-0.457,0.484,1284997376.000,-0.171,24919,25769,6,-4,46,14.340,71.710,25974,26737,1212,1224,0
205190,0.267,-20197146.000,-0.236,0.350,0.171,-0.110,0.510,0.537,0.499,-0.464,0.498,1284997376.000,-0.192,24579,26093,4,-3,46,14.340,71.710,25974,26737,1212,1224,0
205290,-0.160,-21554744.000,-0.066,0.900,-0.230,-0.319,0.439,0.521,0.490,-0.488,0.501,1284997376.000,-0.178,24267,26383,5,15,46,14.340,71.710,25974,26737,1212,1224,0
205390,-0.790,-24196338.000,0.073,-2.150,-0.131,0.187,-0.042,0.516,0.485,-0.493,0.505,1284997376.000,-0.180,24246,26403,17,4,46,14.340,71.710,25974,26737,1212,1224,0
205490,-0.846,-26052028.000,0.010,-0.010,0.269,0.154,-0.610,0.527,0.495,-0.474,0.502,1424605184.000,-0.194,26231,27139,1,-9,45,14.470,73.400,24213,26737,1262,1264,0
205590,0.380,-25481038.000,-0.254,0.480,0.011,0.159,-0.541,0.539,0.510,-0.450,0.496,1284997376.000,-0.216,26055,24619,22,-3,45,14.470,73.400,24213,26737,1262,1264,0
205690,0.438,-23330112.000,-0.278,-0.020,-0.472,-0.067,0.159,0.545,0.511,-0.445,0.493,1284997376.000,-0.208,24953,25736,26,17,45,14.470,73.400,24213,26737,1262,1264,0
205790,0.364,-22554456.000,-0.252,-0.660,-0.313,-0.096,0.187,0.552,0.496,-0.465,0.484,1284997376.000,-0.159,24976,25714,14,5,46,14.470,73.240,25000,25974,1277,1269,0
205890,0.285,-22127858.000,-0.221,-1.410,-0.364,-0.148,0.229,0.550,0.487,-0.478,0.481,1284997376.000,-0.133,24874,25813,18,13,46,14.470,73.240,25000,25974,1277,1269,0
205990,0.185,-22176766.000,-0.130,-0.210,-0.326,-0.141,0.272,0.550,0.474,-0.498,0.474,1284997376.000,-0.097,24763,25919,13,11,46,14.470,73.240,25000,25974,1277,1269,0
206090,-0.682,-23472270.000,-0.074,1.380,-0.314,-0.074,0.246,0.546,0.464,-0.512,0.475,1415977728.000,-0.075,24979,28143,18,14,46,14.470,73.240,25000,25974,1277,1269,0
206190,-0.828,-26098292.000,-0.043,0.890,-0.076,-0.064,-0.274,0.550,0.458,-0.521,0.465,1284997376.000,-0.046,24458,26207,8,4,45,14.330,71.790,25188,27777,1298,1425,0
206290,-0.709,-27590288.000,-0.050,-1.330,-0.021,-0.003,-0.414,0.557,0.469,-0.511,0.457,1284997376.000,-0.053,24683,25995,12,5,45,14.330,71.790,25188,27777,1298,1425,0
206390,-0.338,-27953356.000,-0.067,1.650,-0.128,0.067,-0.396,0.568,0.476,-0.505,0.443,1284997376.000,-0.041,24999,25692,18,4,45,14.330,71.790,25188,27777,1298,1425,0
206490,0.534,-26291776.000,-0.157,-1.010,0.319,0.126,-0.321,0.580,0.483,-0.492,0.434,1284997376.000,-0.041,25844,24990,4,-12,45,14.330,71.790,25188,27777,1298,1425,0
206591,0.527,-24356350.000,-0.134,1.150,-0.446,-0.219,0.241,0.577,0.486,-0.493,0.434,1284997376.000,-0.046,24926,25762,24,28,46,14.420,73.240,25510,25445,1305,1281,0
206690,0.438,-23460194.000,-0.095,0.860,-0.286,-0.116,0.206,0.581,0.468,-0.514,0.422,1284997376.000,0.008,25017,25674,14,9,46,14.420,73.240,25510,25445,1305,1281,0
206790,0.347,-22890270.000,-0.055,0.830,0.043,-0.163,0.259,0.571,0.467,-0.522,0.427,1284997376.000,0.003,24892,25795,7,8,46,14.420,73.240,25510,25445,1305,1281,0
206890,0.192,-22771274.000,-0.026,-1.430,-0.323,-0.032,0.233,0.569,0.456,-0.536,0.426,1284997376.000,0.027,24783,25900,21,15,46,14.420,73.240,25510,25445,1305,1281,0
206990,-0.118,-23215096.000,-0.142,0.970,-0.179,0.144,0.041,0.572,0.445,-0.541,0.426,1284997376.000,0.050,24713,25966,24,2,46,14.440,73.320,24752,26041,1235,1336,0
207090,-0.183,-23639472.000,-0.181,-0.970,-0.088,-0.056,-0.131,0.577,0.442,-0.541,0.422,1284997376.000,0.062,24885,25802,15,7,46,14.440,73.320,24752,26041,1235,1336,0
207190,-0.137,-23694158.000,-0.149,-1.090,0.014,-0.121,-0.122,0.576,0.450,-0.541,0.417,1284997376.000,0.058,24876,25811,12,6,46,14.440,73.320,24752,26041,1235,1336,0
207290,-0.087,-23692070.000,-0.152,0.720,-0.079,-0.013,-0.120,0.577,0.453,-0.541,0.411,1284997376.000,0.062,24931,25758,20,6,46,14.440,73.320,24752,26041,1235,1336,0
207390,0.031,-23524190.000,-0.198,1.610,-0.040,0.022,-0.047,0.580,0.454,-0.539,0.408,1284997376.000,0.068,24969,25720,19,3,46,14.460,73.040,25062,25839,1245,1300,0
207490,0.085,-23290738.000,-0.219,1.390,0.021,0.110,0.061,0.582,0.452,-0.538,0.409,1284997376.000,0.069,24872,25815,20,-1,46,14.460,73.040,25062,25839,1245,1300,0
207590,0.308,-22885452.000,-0.071,0.630,-0.030,0.143,0.160,0.583,0.447,-0.536,0.415,1284997376.000,0.061,25047,25645,19,5,46,14.460,73.040,25062,25839,1245,1300,0
207690,0.232,-22623528.000,-0.103,-0.070,-0.387,0.106,0.201,0.587,0.433,-0.542,0.417,1309311104.000,0.082,25134,26030,30,14,46,14.350,73.000,25188,26246,1317,1299,0
207790,0.169,-22409386.000,-0.118,-1.310,-0.047,-0.060,0.103,0.590,0.421,-0.549,0.416,1326566016.000,0.107,25371,26132,14,7,46,14.350,73.000,25188,26246,1317,1299,0
207890,0.127,-22309022.000,-0.109,-0.060,-0.296,-0.059,0.130,0.589,0.416,-0.555,0.415,1284997376.000,0.116,24871,25816,25,17,46,14.350,73.000,25188,26246,1317,1299,0
207990,-0.321,-22650246.000,-0.276,0.820,-0.390,-0.191,0.072,0.590,0.405,-0.568,0.406,1284997376.000,0.156,24332,26324,29,16,46,14.350,73.000,25188,26246,1317,1299,0
208090,-0.539,-23794678.000,-0.359,-0.680,-0.047,-0.390,-0.443,0.595,0.403,-0.581,0.382,1284997376.000,0.209,24939,25750,10,8,46,14.420,73.400,24691,26041,1256,1331,0
208190,-0.235,-23561300.000,-0.230,0.010,0.117,-0.448,-0.401,0.589,0.426,-0.582,0.365,1284997376.000,0.196,25107,25586,8,13,46,14.420,73.400,24691,26041,1256,1331,0
208290,0.360,-21932354.000,0.240,-1.120,-0.128,-0.114,0.123,0.584,0.436,-0.588,0.351,1284997376.000,0.190,24970,25720,17,22,46,14.420,73.400,24691,26041,1256,1331,0
208390,0.302,-21371942.000,0.217,0.730,-0.313,0.071,0.136,0.590,0.420,-0.596,0.347,1284997376.000,0.224,25034,25658,23,21,46,14.420,73.400,24691,26041,1256,1331,0
208491,0.365,-20652880.000,0.212,-0.770,0.208,-0.078,0.099,0.588,0.418,-0.599,0.348,1350879744.000,0.227,25836,26141,2,10,45,14.450,73.200,25062,25510,1330,1369,0
208591,0.700,-19626984.000,0.345,-0.010,0.087,0.263,0.253,0.584,0.417,-0.595,0.362,1284997376.000,0.210,25453,25242,16,14,45,14.450,73.200,25062,25510,1330,1369,0
208690,0.564,-18760876.000,0.306,-2.170,-0.198,0.241,0.534,0.586,0.395,-0.598,0.378,1284997376.000,0.217,23990,26636,32,14,45,14.450,73.200,25062,25510,1330,1369,0
208790,-0.076,-20148600.000,-0.009,-2.080,-0.182,0.289,0.083,0.594,0.372,-0.601,0.384,1288918912.000,0.246,24956,25809,28,7,45,14.450,73.200,25062,25510,1330,1369,0
208890,-0.077,-20452412.000,-0.028,1.650,0.551,-0.064,0.061,0.588,0.383,-0.591,0.398,1440291456.000,0.203,26331,27331,0,0,45,14.060,72.230,26455,26881,1319,1486,0
208990,-0.121,-21175372.000,-0.016,-0.130,-0.243,0.028,0.113,0.585,0.379,-0.596,0.399,1284997376.000,0.208,24737,25944,27,15,45,14.060,72.230,26455,26881,1319,1486,0
209090,-0.129,-21772360.000,-0.052,-1.770,0.719,0.116,-0.020,0.582,0.385,-0.587,0.411,1284997376.000,0.176,24874,25813,-1,-15,45,14.060,72.230,26455,26881,1319,1486,0
209190,-0.111,-22034748.000,-0.046,0.860,-0.050,-0.126,-0.046,0.574,0.399,-0.578,0.421,1284997376.000,0.138,24876,25811,22,23,45,14.060,72.230,26455,26881,1319,1486,0
209290,-0.096,-22257592.000,-0.037,0.900,0.158,0.103,-0.039,0.576,0.398,-0.580,0.418,1284997376.000,0.142,24875,25812,15,-2,46,14.410,73.080,25125,25641,1214,1372,0
209390,-0.067,-22294778.000,-0.065,-0.170,0.224,0.008,-0.089,0.575,0.406,-0.570,0.425,1284997376.000,0.119,24950,25739,13,6,46,14.410,73.080,25125,25641,1214,1372,0
209490,-0.031,-22124728.000,-0.041,-1.410,0.053,-0.073,-0.080,0.573,0.413,-0.569,0.423,1284997376.000,0.110,24954,25735,15,11,46,14.410,73.080,25125,25641,1214,1372,0
209590,-0.010,-22019636.000,-0.044,-1.460,0.279,0.090,-0.018,0.570,0.418,-0.564,0.426,1284997376.000,0.090,24902,25786,13,-1,46,14.410,73.080,25125,25641,1214,1372,0
209690,0.002,-21936206.000,-0.052,-0.930,0.126,-0.031,-0.034,0.568,0.424,-0.558,0.432,1333624832.000,0.073,25430,26209,14,8,45,14.440,73.280,24813,25974,1303,1275,0
209790,0.018,-21753506.000,-0.042,-0.440,0.013,0.023,-0.038,0.566,0.428,-0.556,0.432,1284997376.000,0.066,24965,25725,19,8,45,14.440,73.280,24813,25974,1303,1275,0
209890,0.023,-21645542.000,-0.063,0.840,-0.017,0.126,0.026,0.568,0.427,-0.554,0.433,1284997376.000,0.066,24887,25800,22,5,45,14.440,73.280,24813,25974,1303,1275,0
209990,0.005,-21770792.000,-0.099,1.240,0.108,0.109,0.072,0.570,0.424,-0.551,0.438,1284997376.000,0.063,24830,25854,17,1,46,14.430,72.920,24630,25773,1328,1345,0
210090,-0.019,-22019488.000,-0.113,-1.460,0.218,-0.027,0.063,0.566,0.426,-0.548,0.445,1284997376.000,0.047,24830,25855,11,2,46,14.430,72.920,24630,25773,1328,1345,0
210190,-0.039,-22318054.000,-0.096,-0.340,0.198,-0.087,0.049,0.559,0.431,-0.546,0.451,1331271936.000,0.026,25289,26301,10,4,46,14.430,72.920,24630,25773,1328,1345,0
210290,-0.855,-24202018.000,-0.059,1.100,-0.042,-0.131,-0.118,0.554,0.436,-0.547,0.451,1445781632.000,0.021,25688,28034,16,13,46,14.430,72.920,24630,25773,1328,1345,0
210391,-0.561,-25641142.000,-0.017,0.740,0.099,-0.068,-0.566,0.562,0.446,-0.545,0.434,1284997376.000,0.031,25151,25542,9,3,46,14.430,72.920,24630,25773,1328,1345,0
210491,-0.190,-25138604.000,-0.091,-0.590,0.492,0.002,-0.362,0.562,0.472,-0.524,0.433,1284997376.000,-0.011,25060,25632,4,-8,46,14.400,72.510,25575,25510,1237,1315,0
210590,0.081,-24413468.000,-0.159,1.490,-0.078,-0.272,-0.050,0.561,0.480,-0.523,0.425,1411271936.000,-0.011,26156,26966,14,15,46,14.400,72.510,25575,25510,1237,1315,0
210690,0.268,-24104972.000,0.024,-1.290,0.340,-0.180,0.091,0.550,0.489,-0.528,0.424,1284997376.000,-0.031,25077,25615,-2,2,46,14.400,72.510,25575,25510,1237,1315,0
210790,0.296,-23675882.000,0.160,1.000,0.073,-0.196,0.234,0.536,0.495,-0.532,0.430,1284997376.000,-0.054,24881,25805,5,16,46,14.400,72.510,25575,25510,1237,1315,0
210890,0.182,-23858544.000,0.178,-1.250,0.048,0.072,0.294,0.528,0.488,-0.540,0.437,1284997376.000,-0.054,24720,25960,11,5,46,14.440,73.200,24875,25773,1254,1359,0
210990,0.078,-24329380.000,0.143,0.360,0.184,0.106,0.241,0.522,0.483,-0.540,0.451,1284997376.000,-0.068,24698,25981,7,2,46,14.440,73.200,24875,25773,1254,1359,0
211090,-0.029,-25187276.000,0.149,-0.950,0.277,-0.096,0.271,0.511,0.481,-0.541,0.463,1284997376.000,-0.089,24551,26120,-2,5,46,14.440,73.200,24875,25773,1254,1359,0
211190,-0.386,-26203120.000,0.410,-1.700,0.587,-0.056,0.137,0.493,0.490,-0.538,0.477,1284997376.000,-0.136,24180,26464,-18,1,46,14.400,73.160,24509,25974,1304,1347,0
211290,-1.006,-28137848.000,0.567,-1.380,0.390,0.309,-0.338,0.487,0.498,-0.525,0.489,1284997376.000,-0.189,24097,26539,-3,-1,46,14.400,73.160,24509,25974,1304,1347,0
211390,-0.863,-29517000.000,0.365,1.250,0.784,0.502,-0.724,0.498,0.512,-0.490,0.499,1284997376.000,-0.233,24836,25849,-8,-25,46,14.400,73.160,24509,25974,1304,1347,0
211490,-0.632,-29685070.000,0.177,-0.850,0.387,0.168,-0.656,0.505,0.540,-0.442,0.508,1284997376.000,-0.309,24894,25794,1,-3,46,14.400,73.160,24509,25974,1304,1347,0
211590,-0.357,-29214832.000,0.077,-1.500,0.382,0.282,-0.630,0.516,0.555,-0.414,0.505,1284997376.000,-0.336,25114,25579,2,-15,46,14.410,73.080,24937,25706,1305,1314,0
211690,0.752,-27151684.000,-0.282,0.840,0.558,0.136,-0.240,0.517,0.572,-0.381,0.511,1312448384.000,-0.378,26228,24991,3,-24,46,14.410,73.080,24937,25706,1305,1314,0
211790,0.733,-24728022.000,-0.266,-0.070,-0.429,-0.081,0.326,0.509,0.575,-0.379,0.516,1424605184.000,-0.396,26376,26998,25,14,46,14.410,73.080,24937,25706,1305,1314,0
211890,0.602,-23561126.000,-0.253,-0.590,-0.101,0.081,0.349,0.509,0.563,-0.395,0.518,1284997376.000,-0.371,24987,25703,12,-10,46,14.410,73.080,24937,25706,1305,1314,0
211990,0.450,-23072504.000,-0.245,0.350,-0.337,-0.052,0.417,0.504,0.551,-0.408,0.526,1284997376.000,-0.359,24812,25872,17,4,46,14.420,72.920,24937,25706,1265,1327,0
212090,0.310,-23022778.000,-0.216,1.430,-0.593,0.033,0.264,0.508,0.530,-0.435,0.521,1450487552.000,-0.302,26528,27327,25,6,46,14.420,72.920,24937,25706,1265,1327,0
212190,0.231,-22724544.000,-0.241,2.680,-0.716,0.088,0.086,0.521,0.510,-0.451,0.514,1446566016.000,-0.247,26623,27162,30,9,46,14.420,72.920,24937,25706,1265,1327,0
212290,0.215,-22065670.000,-0.212,-0.660,-0.640,-0.283,-0.016,0.534,0.495,-0.471,0.497,1284997376.000,-0.182,25136,25558,17,18,46,14.420,72.920,24937,25706,1265,1327,0
212390,0.220,-21285946.000,-0.113,-0.410,-0.608,-0.354,0.022,0.541,0.487,-0.497,0.472,1284997376.000,-0.118,25073,25619,16,21,46,14.390,72.840,25188,25445,1296,1372,0
212490,0.213,-20617794.000,-0.030,0.920,-0.404,-0.239,0.028,0.544,0.481,-0.514,0.456,1284997376.000,-0.076,25078,25614,13,14,46,14.390,72.840,25188,25445,1296,1372,0
212590,0.194,-20101342.000,-0.114,1.330,-0.383,-0.180,0.111,0.546,0.474,-0.529,0.445,1284997376.000,-0.040,24961,25728,19,13,46,14.390,72.840,25188,25445,1296,1372,0
212690,0.141,-19979074.000,0.095,0.460,-0.613,-0.326,0.143,0.549,0.460,-0.553,0.426,1284997376.000,0.018,24902,25786,16,32,46,14.390,72.840,25188,25445,1296,1372,0
212790,0.092,-20032844.000,0.156,-1.390,-0.291,-0.124,0.137,0.551,0.450,-0.569,0.413,1284997376.000,0.060,24882,25805,11,15,47,14.450,73.040,24937,25839,1274,1303,0
212890,0.022,-20448490.000,0.178,0.120,-0.071,-0.080,0.211,0.547,0.443,-0.578,0.413,1284997376.000,0.073,24724,25956,8,12,47,14.450,73.040,24937,25839,1274,1303,0
212990,-0.057,-21240002.000,0.191,-0.390,-0.126,-0.026,0.186,0.544,0.435,-0.585,0.415,1284997376.000,0.085,24706,25973,13,15,47,14.450,73.040,24937,25839,1274,1303,0
213090,-0.111,-22069168.000,0.179,1.720,-0.290,0.061,0.114,0.547,0.424,-0.592,0.413,1416762112.000,0.105,26030,27189,21,18,46,14.360,71.630,25974,27173,1357,1417,0
213190,-0.564,-23612582.000,0.468,2.820,-0.338,0.177,-0.022,0.553,0.414,-0.595,0.410,1453624832.000,0.121,26030,27857,17,25,46,14.360,71.630,25974,27173,1357,1417,0
213290,-0.626,-25345034.000,0.525,-0.870,0.101,0.519,-0.404,0.569,0.411,-0.584,0.407,1284997376.000,0.126,24934,25754,13,-1,46,14.360,71.630,25974,27173,1357,1417,0
213390,0.148,-24977470.000,-0.106,-0.010,0.167,0.606,-0.363,0.591,0.417,-0.555,0.412,1284997376.000,0.121,25604,25089,32,-15,46,14.360,71.630,25974,27173,1357,1417,0
213490,0.151,-24492012.000,-0.186,-1.200,-0.002,-0.098,0.254,0.592,0.419,-0.541,0.426,1284997376.000,0.092,24627,26048,16,15,46,14.410,72.350,24875,26041,1250,1325,0
213590,0.087,-24659592.000,-0.100,1.130,-0.009,0.087,0.094,0.589,0.412,-0.552,0.423,1291271936.000,0.110,24923,25887,19,-3,46,14.410,72.350,24875,26041,1250,1325,0
213690,0.051,-24816652.000,-0.173,0.790,0.129,0.201,0.157,0.590,0.408,-0.542,0.437,1370487552.000,0.091,25570,26771,20,-2,46,14.410,72.350,24875,26041,1250,1325,0
213790,-0.055,-25736968.000,-0.170,1.210,0.054,-0.091,0.293,0.584,0.401,-0.552,0.441,1284997376.000,0.098,24465,26200,13,5,46,14.410,72.350,24875,26041,1250,1325,0
213890,-0.136,-26845488.000,-0.174,0.030,0.397,-0.010,0.197,0.573,0.404,-0.549,0.455,1284997376.000,0.068,24518,26151,8,-3,46,14.390,73.000,24570,26178,1265,1330,0
213990,-0.223,-28249768.000,-0.147,0.000,-0.017,-0.179,0.256,0.562,0.404,-0.553,0.463,1284997376.000,0.053,24324,26331,15,13,46,14.390,73.000,24570,26178,1265,1330,0
214090,-1.009,-30568446.000,-0.085,0.340,0.373,-0.117,0.161,0.551,0.405,-0.558,0.470,1284997376.000,0.042,23341,27207,1,-4,46,14.390,73.000,24570,26178,1265,1330,0
214190,-1.225,-34182804.000,-0.064,-0.740,0.530,-0.156,-0.497,0.545,0.422,-0.549,0.472,1284997376.000,0.008,24252,26398,-5,-6,46,14.390,73.000,24570,26178,1265,1330,0
214290,-0.998,-36136500.000,-0.219,-1.530,0.896,-0.256,-0.547,0.534,0.464,-0.524,0.475,1284997376.000,-0.069,24384,26276,-10,-16,46,14.460,72.920,24509,25839,1229,1433,0
214390,-0.277,-36649984.000,-0.167,-1.060,0.438,-0.347,-0.421,0.523,0.500,-0.506,0.470,1284997376.000,-0.131,24999,25691,-2,2,46,14.460,72.920,24509,25839,1229,1433,0
214490,0.265,-35796124.000,0.093,-1.160,0.691,-0.166,0.054,0.506,0.525,-0.493,0.475,1284997376.000,-0.196,24806,25878,-15,-9,46,14.460,72.920,24509,25839,1229,1433,0
214590,0.176,-35791752.000,0.118,0.990,0.017,0.038,0.238,0.492,0.528,-0.493,0.486,1284997376.000,-0.225,24518,26151,12,6,46,14.460,72.920,24509,25839,1229,1433,0
214690,0.102,-35962828.000,0.106,0.290,0.582,0.083,0.129,0.482,0.528,-0.490,0.499,1284997376.000,-0.251,24615,26060,-12,-18,46,14.430,72.640,24390,26385,1318,1260,0
214790,-0.294,-36111596.000,0.103,-2.290,0.387,0.098,0.003,0.469,0.537,-0.475,0.516,1284997376.000,-0.305,24170,26473,-2,-7,46,14.430,72.640,24390,26385,1318,1260,0
214890,-0.679,-37363768.000,0.015,0.450,-0.146,0.168,-0.594,0.479,0.539,-0.468,0.510,1284997376.000,-0.298,24709,25970,15,-1,46,14.430,72.640,24390,26385,1318,1260,0
214990,-0.405,-37043536.000,-0.115,-0.900,0.398,0.307,-0.676,0.494,0.555,-0.433,0.510,1284997376.000,-0.332,25001,25689,4,-22,46,14.430,72.640,24390,26385,1318,1260,0
215090,0.137,-35618840.000,-0.122,-0.890,-0.197,0.009,-0.364,0.509,0.562,-0.419,0.500,1284997376.000,-0.328,25129,25564,12,3,46,14.370,72.800,24937,25706,1291,1331,0
215190,0.631,-33173474.000,-0.166,0.850,0.000,0.167,0.221,0.514,0.561,-0.413,0.500,1284997376.000,-0.328,24849,25837,12,-10,46,14.370,72.800,24937,25706,1291,1331,0
215290,0.535,-31979510.000,-0.162,0.070,-0.570,-0.171,0.149,0.521,0.545,-0.431,0.496,1375977728.000,-0.283,25913,26543,16,14,46,14.370,72.800,24937,25706,1291,1331,0
215390,0.502,-30495872.000,-0.129,0.390,0.060,-0.026,0.084,0.519,0.542,-0.439,0.493,1284997376.000,-0.271,25072,25620,4,-9,46,14.370,71.630,25252,25906,1249,1253,0
215490,0.460,-28806156.000,-0.078,-0.630,-0.479,-0.182,0.177,0.526,0.528,-0.463,0.480,1284997376.000,-0.214,24927,25762,13,11,46,14.370,71.630,25252,25906,1249,1253,0
215590,0.390,-28397132.000,-0.057,-1.230,0.066,-0.026,0.277,0.526,0.522,-0.472,0.477,1284997376.000,-0.197,24767,25915,0,-11,46,14.370,71.630,25252,25906,1249,1253,0
215690,0.278,-28270364.000,-0.034,0.600,0.003,-0.171,0.349,0.516,0.518,-0.479,0.485,1297546368.000,-0.204,24746,26176,1,4,46,14.370,71.630,25252,25906,1249,1253,0
215790,0.153,-28736726.000,0.050,-0.410,0.398,-0.117,0.332,0.498,0.518,-0.492,0.491,1398722816.000,-0.215,25690,27180,-10,-12,46,14.220,71.390,26041,27548,1325,1369,0
215891,0.022,-29594134.000,0.048,0.070,-0.017,0.051,0.319,0.485,0.517,-0.491,0.507,1284997376.000,-0.244,24463,26202,12,4,46,14.220,71.390,26041,27548,1325,1369,0
215991,-0.071,-30591572.000,0.071,0.590,-0.193,-0.022,0.208,0.484,0.506,-0.505,0.505,1335193472.000,-0.218,25016,26635,8,5,46,14.220,71.390,26041,27548,1325,1369,0
216091,-0.114,-31309914.000,0.036,0.460,0.067,0.146,0.010,0.484,0.501,-0.503,0.512,1470095360.000,-0.222,26484,27725,6,-7,46,14.220,71.390,26041,27548,1325,1369,0
216190,-0.113,-31731092.000,0.046,-1.290,-0.311,-0.150,-0.011,0.486,0.499,-0.507,0.507,1284997376.000,-0.209,24658,26019,9,15,46,14.310,71.830,25706,27472,1362,1326,0
216290,-0.073,-31723354.000,0.029,-1.860,0.020,0.264,-0.174,0.495,0.496,-0.508,0.501,1284997376.000,-0.190,24883,25804,10,-14,46,14.310,71.830,25706,27472,1362,1326,0
216390,-0.012,-31227324.000,-0.063,0.570,-0.162,0.162,-0.206,0.507,0.493,-0.496,0.504,1284997376.000,-0.190,24944,25745,16,4,46,14.310,71.830,25706,27472,1362,1326,0
216490,0.089,-30186492.000,-0.080,0.450,-0.186,0.064,-0.314,0.521,0.492,-0.496,0.491,1388526848.000,-0.163,26173,26523,12,-1,46,14.310,71.830,25706,27472,1362,1326,0
216590,0.199,-28628212.000,-0.116,1.890,-0.198,0.073,-0.258,0.533,0.493,-0.489,0.483,1397154176.000,-0.150,26260,26600,16,1,46,14.290,71.270,26315,26666,1386,1375,0
216690,0.289,-26935464.000,-0.123,0.460,-0.526,0.012,-0.248,0.549,0.487,-0.494,0.466,1394017024.000,-0.102,26361,26441,25,9,46,14.290,71.270,26315,26666,1386,1375,0
216790,0.383,-24836980.000,-0.181,-2.440,-0.400,0.202,-0.232,0.570,0.477,-0.494,0.452,1375193472.000,-0.061,26238,26206,25,-1,46,14.290,71.270,26315,26666,1386,1375,0
216890,0.408,-23101706.000,-0.205,0.820,-0.640,-0.097,-0.032,0.583,0.465,-0.500,0.440,1284997376.000,-0.019,25195,25500,26,18,46,14.290,71.270,26315,26666,1386,1375,0
216990,0.465,-21670024.000,-0.171,0.920,-0.294,-0.121,0.063,0.591,0.454,-0.515,0.423,1284997376.000,0.035,25208,25487,14,4,47,14.350,72.430,25316,25445,1266,1325,0
217090,0.767,-20160970.000,-0.399,-0.730,-0.074,-0.076,0.231,0.590,0.448,-0.523,0.422,1284997376.000,0.044,25448,25247,21,-6,47,14.350,72.430,25316,25445,1266,1325,0
217190,0.866,-18494596.000,-0.623,0.420,-0.259,-0.407,0.654,0.578,0.439,-0.539,0.428,1284997376.000,0.040,24955,25734,23,9,47,14.350,72.430,25316,25445,1266,1325,0
217290,0.553,-18611938.000,-0.509,-0.610,-0.454,-0.670,0.834,0.556,0.419,-0.580,0.424,1284997376.000,0.085,24401,26260,18,18,47,14.350,72.430,25316,25445,1266,1325,0
217390,-0.077,-20283958.000,-0.379,-1.260,-0.061,-0.512,0.532,0.530,0.401,-0.616,0.422,1284997376.000,0.112,24299,26355,8,5,47,14.370,72.640,24630,25839,1193,1396,0
217490,-0.458,-22098236.000,0.288,-1.080,0.088,-0.444,0.044,0.511,0.401,-0.636,0.416,1284997376.000,0.134,24476,26190,-13,23,47,14.370,72.640,24630,25839,1193,1396,0
217590,-0.512,-23664436.000,0.440,-0.180,0.329,0.126,-0.142,0.500,0.412,-0.638,0.416,1284997376.000,0.115,24675,26003,5,-4,47,14.370,72.640,24630,25839,1193,1396,0
217690,-0.425,-24515290.000,0.314,0.220,0.353,0.550,-0.303,0.511,0.418,-0.616,0.429,1447350272.000,0.084,26456,27340,14,-12,47,14.370,72.640,24630,25839,1193,1396,0
217790,-0.310,-24762468.000,0.182,0.170,0.183,0.383,-0.248,0.524,0.426,-0.592,0.441,1484997376.000,0.053,26770,27719,14,-3,46,14.000,72.190,26109,27397,1381,1353,0
217891,-0.211,-24818138.000,0.073,-0.910,0.239,0.353,-0.292,0.536,0.429,-0.573,0.447,1284997376.000,0.037,25000,25691,12,-9,46,14.000,72.190,26109,27397,1381,1353,0
217991,-0.085,-24206206.000,-0.014,1.100,0.417,0.230,-0.299,0.544,0.440,-0.551,0.454,1484997376.000,0.004,27005,27490,6,-12,46,14.000,72.190,26109,27397,1381,1353,0
218090,0.002,-23531864.000,-0.047,0.060,0.026,0.026,-0.191,0.546,0.451,-0.537,0.458,1284997376.000,-0.022,25041,25650,14,5,46,14.000,72.190,26109,27397,1381,1353,0
218190,0.087,-22624730.000,-0.081,-0.730,-0.004,0.204,-0.244,0.555,0.453,-0.530,0.453,1484997376.000,-0.018,27131,27366,19,-5,47,14.420,72.270,25125,25706,1430,1427,0
218290,0.176,-21320854.000,-0.123,1.760,-0.274,0.042,-0.173,0.566,0.453,-0.524,0.447,1390095360.000,-0.006,26216,26510,23,9,47,14.420,72.270,25125,25706,1430,1427,0
218390,0.193,-20457562.000,-0.145,-1.520,-0.308,0.187,-0.023,0.577,0.443,-0.529,0.438,1284997376.000,0.028,25084,25608,28,0,47,14.420,72.270,25125,25706,1430,1427,0
218490,0.240,-19327186.000,-0.207,1.450,-0.138,0.119,-0.210,0.590,0.435,-0.525,0.433,1456762112.000,0.052,27053,26924,20,-2,47,14.420,72.270,25125,25706,1430,1427,0
218590,0.293,-17845834.000,-0.179,-1.140,-0.087,-0.192,-0.069,0.591,0.439,-0.525,0.426,1284997376.000,0.055,25250,25445,13,8,47,14.210,70.740,26737,26881,1380,1353,0
218690,0.296,-16747190.000,-0.149,1.310,-0.212,0.010,0.013,0.593,0.436,-0.533,0.418,1484997376.000,0.076,27119,27378,24,4,47,14.210,70.740,26737,26881,1380,1353,0
218790,0.271,-15993730.000,-0.174,-0.710,0.011,0.076,0.169,0.596,0.430,-0.534,0.418,1284997376.000,0.086,25014,25677,18,-4,47,14.210,70.740,26737,26881,1380,1353,0
218890,0.190,-15867549.000,-0.223,0.940,-0.146,-0.192,0.138,0.593,0.423,-0.541,0.421,1284997376.000,0.095,25067,25625,18,9,46,14.380,72.270,25252,25706,1267,1342,0
218990,0.290,-15180305.000,-0.852,-0.570,0.117,-0.312,0.082,0.586,0.425,-0.549,0.418,1337546368.000,0.094,25742,25978,24,-14,46,14.380,72.270,25252,25706,1267,1342,0
219090,0.209,-14698922.000,-0.658,-1.630,-0.164,-1.043,0.126,0.566,0.434,-0.571,0.406,1284997376.000,0.099,25080,25612,6,24,46,14.380,72.270,25252,25706,1267,1342,0
219190,0.095,-14564990.000,-0.150,0.000,0.099,-0.570,0.109,0.540,0.447,-0.597,0.389,1284997376.000,0.104,24995,25695,3,8,46,14.380,72.270,25252,25706,1267,1342,0
219290,-0.010,-14891569.000,0.435,0.820,0.050,0.022,0.111,0.526,0.452,-0.607,0.388,1284997376.000,0.097,24920,25768,9,9,47,14.350,71.990,25188,25839,1220,1316,0
219390,-0.042,-15297329.000,0.348,-0.220,0.162,0.411,0.038,0.531,0.447,-0.599,0.400,1284997376.000,0.087,25004,25686,15,-4,47,14.350,71.990,25188,25839,1220,1316,0
219490,-0.035,-15417122.000,0.261,-0.050,-0.141,0.214,-0.069,0.540,0.441,-0.590,0.407,1284997376.000,0.087,25126,25567,19,11,47,14.350,71.990,25188,25839,1220,1316,0
219590,0.009,-15125525.000,0.184,0.630,0.050,0.349,-0.120,0.550,0.437,-0.583,0.409,1284997376.000,0.091,25197,25497,18,-3,47,14.350,71.990,25188,25839,1220,1316,0
219691,0.053,-14650809.000,0.098,0.340,0.006,0.209,-0.073,0.559,0.436,-0.571,0.414,1284997376.000,0.085,25158,25536,17,3,47,14.350,71.910,25316,25188,1277,1390,0
219791,0.074,-14238591.000,0.079,-0.950,-0.163,-0.014,-0.038,0.565,0.432,-0.571,0.410,1284997376.000,0.097,25153,25541,17,12,47,14.350,71.910,25316,25188,1277,1390,0
219890,0.119,-13558665.000,0.061,-1.250,0.013,0.146,-0.158,0.571,0.431,-0.569,0.405,1284997376.000,0.109,25361,25334,16,-1,47,14.350,71.910,25316,25188,1277,1390,0
219990,0.157,-12715547.000,0.023,0.160,-0.013,0.062,-0.037,0.575,0.432,-0.562,0.408,1365781632.000,0.101,26011,26253,17,6,47,14.350,71.910,25316,25188,1277,1390,0
220090,0.149,-12231824.000,0.025,0.040,-0.082,-0.024,0.043,0.576,0.431,-0.564,0.407,1483428736.000,0.106,27045,27423,17,9,47,14.330,71.350,26178,26809,1609,1538,0
220190,0.131,-11909428.000,0.030,1.180,-0.161,-0.028,0.014,0.576,0.427,-0.567,0.405,1367350272.000,0.116,26021,26273,19,11,47,14.330,71.350,26178,26809,1609,1538,0
220290,0.177,-11080692.000,0.079,-0.490,-0.217,0.033,-0.242,0.584,0.421,-0.572,0.392,1284997376.000,0.147,25602,25091,19,10,47,14.330,71.350,26178,26809,1609,1538,0
220390,0.381,-9556613.000,0.214,1.190,0.149,0.077,-0.096,0.587,0.429,-0.564,0.393,1284997376.000,0.131,25562,25131,9,5,47,14.330,71.350,26178,26809,1609,1538,0
220490,0.413,-8049441.000,0.166,0.430,-0.390,0.322,0.038,0.596,0.420,-0.562,0.390,1284997376.000,0.152,25448,25247,35,12,47,14.360,71.870,25706,25000,1279,1357,0
220590,0.287,-7393298.500,-0.136,-1.170,0.048,0.190,0.298,0.604,0.406,-0.559,0.398,1284997376.000,0.162,25026,25665,20,-4,47,14.360,71.870,25706,25000,1279,1357,0
220690,0.158,-7890137.500,-0.135,-0.750,0.071,-0.102,0.464,0.595,0.399,-0.565,0.409,1284997376.000,0.156,24746,25935,15,4,47,14.360,71.870,25706,25000,1279,1357,0
220790,-0.054,-9349654.000,-0.136,0.260,0.399,0.028,0.442,0.582,0.391,-0.571,0.427,1284997376.000,0.138,24666,26011,9,-10,46,14.370,71.990,24570,26109,1299,1311,0
220890,-0.203,-11180591.000,-0.144,1.080,0.669,0.000,0.307,0.563,0.395,-0.567,0.453,1284997376.000,0.085,24712,25967,2,-15,46,14.370,71.990,24570,26109,1299,1311,0
220990,-0.277,-12210189.000,-0.106,-1.010,0.443,0.031,-0.261,0.553,0.408,-0.555,0.470,1284997376.000,0.035,25316,25379,9,-7,46,14.370,71.990,24570,26109,1299,1311,0
221090,-0.144,-11764379.000,-0.092,0.960,-0.068,0.028,-0.313,0.556,0.422,-0.542,0.467,1284997376.000,0.013,25329,25366,24,8,46,14.370,71.990,24570,26109,1299,1311,0
221190,-0.341,-11995498.000,0.095,1.370,-0.640,0.097,-0.380,0.573,0.417,-0.545,0.449,1284997376.000,0.055,25202,25492,34,22,47,14.360,71.870,24630,25974,1414,1242,0
221290,0.077,-11010994.000,-0.114,0.410,0.004,0.081,-0.410,0.592,0.417,-0.538,0.432,1386958208.000,0.084,26663,26001,16,-5,47,14.360,71.870,24630,25974,1414,1242,0
221390,0.160,-10139454.000,-0.176,-0.040,-0.770,-0.283,0.127,0.594,0.417,-0.544,0.421,1284997376.000,0.104,25023,25668,38,34,47,14.360,71.870,24630,25974,1414,1242,0
221490,0.106,-10063757.000,-0.120,-1.530,-0.512,-0.184,0.019,0.604,0.392,-0.570,0.396,1284997376.000,0.190,25239,25456,23,14,47,14.360,71.870,24630,25974,1414,1242,0
221590,0.055,-10089796.000,-0.043,0.320,0.266,-0.336,0.222,0.591,0.399,-0.577,0.398,1284997376.000,0.177,24891,25796,1,5,47,14.330,71.790,24937,25510,1331,1347,0
221690,-0.038,-10848353.000,0.028,-1.220,-0.208,-0.156,0.160,0.582,0.394,-0.591,0.395,1284997376.000,0.188,24965,25724,22,17,47,14.330,71.790,24937,25510,1331,1347,0
221790,-0.089,-11526625.000,0.030,-1.160,0.512,0.068,0.118,0.575,0.396,-0.591,0.404,1284997376.000,0.170,24944,25744,4,-12,47,14.330,71.790,24937,25510,1331,1347,0
221890,-0.138,-12367326.000,0.014,0.150,0.289,-0.046,0.128,0.565,0.405,-0.583,0.422,1284997376.000,0.125,24866,25820,12,5,47,14.330,71.790,24937,25510,1331,1347,0
221990,-0.193,-13528002.000,0.008,0.950,0.573,0.121,0.053,0.554,0.411,-0.577,0.437,1284997376.000,0.087,24921,25767,5,-14,47,14.340,71.950,24875,25773,1287,1345,0
222090,-0.171,-13960754.000,-0.026,-0.190,0.580,0.037,-0.126,0.546,0.426,-0.561,0.453,1284997376.000,0.031,25126,25567,4,-8,47,14.340,71.950,24875,25773,1287,1345,0
222190,-0.092,-13750225.000,-0.023,1.180,0.310,0.023,-0.249,0.542,0.442,-0.548,0.459,1284997376.000,-0.008,25294,25401,11,-3,47,14.340,71.950,24875,25773,1287,1345,0
222290,0.003,-13032681.000,-0.014,-0.810,0.179,0.101,-0.238,0.545,0.455,-0.533,0.461,1284997376.000,-0.035,25335,25360,14,-2,47,14.340,71.950,24875,25773,1287,1345,0
222390,0.068,-12234047.000,-0.025,0.960,0.094,0.102,-0.144,0.547,0.460,-0.525,0.462,1284997376.000,-0.046,25269,25426,16,-1,47,14.350,71.950,25252,25575,1316,1269,0
222490,0.100,-11633972.000,-0.053,-0.310,0.139,0.071,0.013,0.550,0.462,-0.519,0.464,1284997376.000,-0.054,25118,25575,12,-4,47,14.350,71.950,25252,25575,1316,1269,0
222590,0.063,-11703572.000,-0.065,-0.690,0.271,-0.054,0.180,0.543,0.464,-0.516,0.473,1284997376.000,-0.074,24931,25757,5,-5,47,14.350,71.950,25252,25575,1316,1269,0
222690,-0.001,-12189359.000,-0.032,0.740,0.353,-0.126,0.150,0.531,0.470,-0.515,0.482,1284997376.000,-0.104,24959,25730,1,-5,47,14.350,71.950,25252,25575,1316,1269,0
222790,-0.051,-12767697.000,0.002,-0.920,0.276,-0.141,0.108,0.517,0.478,-0.514,0.491,1284997376.000,-0.135,24968,25722,3,-2,47,14.370,71.710,25000,25641,1286,1346,0
222890,-0.059,-13113883.000,-0.003,-1.300,0.117,-0.138,-0.067,0.507,0.486,-0.513,0.494,1284997376.000,-0.157,25174,25520,8,1,47,14.370,71.710,25000,25641,1286,1346,0
222990,0.010,-12631684.000,0.030,0.440,-0.209,-0.101,-0.250,0.509,0.491,-0.514,0.485,1284997376.000,-0.150,25416,25279,16,9,47,14.370,71.710,25000,25641,1286,1346,0
223090,0.136,-11251957.000,0.030,-1.680,-0.333,0.046,-0.357,0.523,0.493,-0.513,0.470,1284997376.000,-0.123,25615,25077,21,7,47,14.370,71.710,25000,25641,1286,1346,0
223190,0.250,-9515612.000,-0.004,-1.590,-0.471,0.081,-0.233,0.543,0.487,-0.513,0.452,1284997376.000,-0.079,25546,25148,26,11,47,14.360,71.870,25445,25125,1372,1273,0
223290,0.313,-7955569.500,-0.014,-0.890,-0.469,-0.068,-0.094,0.557,0.478,-0.520,0.437,1284997376.000,-0.035,25482,25213,21,14,47,14.360,71.870,25445,25125,1372,1273,0
223390,0.319,-6781045.500,0.017,1.410,-0.437,-0.130,0.023,0.564,0.469,-0.531,0.423,1284997376.000,0.007,25406,25289,20,16,47,14.360,71.870,25445,25125,1372,1273,0
223490,0.301,-5849362.000,0.049,-0.510,-0.602,-0.137,0.069,0.572,0.456,-0.547,0.406,1284997376.000,0.066,25373,25322,26,23,47,14.380,71.750,25380,25252,1315,1321,0
223590,0.279,-5056483.000,0.068,-0.790,-0.577,-0.064,0.024,0.581,0.439,-0.563,0.391,1284997376.000,0.118,25463,25232,26,20,47,14.380,71.750,25380,25252,1315,1321,0
223690,0.287,-4005695.500,0.083,1.130,-0.483,-0.074,-0.007,0.591,0.426,-0.574,0.374,1284997376.000,0.169,25498,25196,24,20,47,14.380,71.750,25380,25252,1315,1321,0
223790,0.250,-3340567.000,0.106,0.660,-0.523,-0.114,0.167,0.596,0.412,-0.587,0.362,1284997376.000,0.221,25242,25452,26,26,47,14.380,71.750,25380,25252,1315,1321,0
223890,0.170,-3316858.500,0.121,0.980,-0.431,-0.047,0.233,0.600,0.392,-0.603,0.351,1284997376.000,0.266,25158,25536,25,21,47,14.380,71.750,25380,25252,1315,1321,0
223990,0.062,-3880175.500,0.101,-0.960,-0.037,0.030,0.356,0.599,0.378,-0.610,0.354,1284997376.000,0.283,24918,25770,18,10,47,14.340,71.910,25125,25773,1302,1266,0
224090,-0.052,-4947630.000,0.089,1.040,-0.174,0.039,0.236,0.597,0.364,-0.619,0.358,1284997376.000,0.300,25014,25679,24,13,47,14.340,71.910,25125,25773,1302,1266,0
224190,-0.112,-5878851.500,0.049,1.460,0.118,0.101,0.131,0.597,0.357,-0.618,0.365,1284997376.000,0.299,25055,25637,18,6,47,14.340,71.910,25125,25773,1302,1266,0
224290,-0.154,-6742772.000,0.033,0.600,0.142,0.009,0.117,0.594,0.357,-0.617,0.374,1284997376.000,0.285,24984,25706,17,9,47,14.350,71.990,24937,25773,1310,1301,0
224390,-0.195,-7725185.000,0.028,1.250,0.217,-0.013,0.091,0.589,0.359,-0.615,0.382,1296762112.000,0.269,25078,25843,15,7,47,14.350,71.990,24937,25773,1310,1301,0
224490,-0.216,-8649214.000,0.027,1.070,0.361,0.016,0.042,0.583,0.365,-0.612,0.391,1308526848.000,0.244,25210,25942,12,2,47,14.350,71.990,24937,25773,1310,1301,0
224590,-0.223,-9497054.000,0.014,-1.630,0.247,0.006,0.016,0.579,0.371,-0.606,0.400,1284997376.000,0.219,24970,25719,15,6,47,14.350,71.990,24937,25773,1310,1301,0
224690,-0.336,-10478958.000,0.196,-0.220,0.406,-0.031,0.100,0.573,0.376,-0.603,0.407,1284997376.000,0.199,24654,26023,1,5,47,14.350,71.910,25062,25906,1244,1293,0
224790,-0.872,-13279013.000,0.438,0.280,0.282,0.156,0.268,0.559,0.383,-0.596,0.430,1284997376.000,0.143,23845,26766,9,13,47,14.350,71.910,25062,25906,1244,1293,0
224890,-0.934,-16706126.000,0.439,-3.210,0.773,0.497,-0.237,0.558,0.390,-0.577,0.451,1284997376.000,0.095,24652,26024,1,-16,47,14.350,71.910,25062,25906,1244,1293,0
224990,-0.353,-18168402.000,-0.043,1.010,0.602,0.386,-0.471,0.563,0.413,-0.536,0.475,1307742464.000,0.017,25769,25371,19,-16,47,14.350,71.910,25062,25906,1244,1293,0
225090,-0.035,-17461108.000,-0.300,2.720,0.157,-0.150,-0.061,0.566,0.430,-0.515,0.480,1437938560.000,-0.026,26470,27152,16,5,48,14.260,71.750,26109,25641,1311,1290,0
225190,-0.039,-17625688.000,-0.219,-0.140,0.009,-0.339,-0.003,0.559,0.436,-0.523,0.474,1284997376.000,-0.024,24965,25725,11,10,48,14.260,71.750,26109,25641,1311,1290,0
225290,-0.016,-17545076.000,-0.127,-0.010,0.154,-0.314,-0.066,0.549,0.448,-0.528,0.469,1366566016.000,-0.036,25862,26415,5,5,48,14.260,71.750,26109,25641,1311,1290,0
225391,0.009,-17352666.000,-0.030,1.540,-0.524,-0.270,-0.062,0.547,0.451,-0.540,0.454,1466958208.000,-0.016,26828,27335,26,27,48,14.260,71.750,26109,25641,1311,1290,0
225490,-0.696,-18373532.000,0.080,0.240,-0.392,-0.001,-0.181,0.554,0.444,-0.551,0.439,1284997376.000,0.023,24398,26263,23,14,48,14.190,69.940,26595,27173,1469,1488,0
225590,-0.546,-18826442.000,0.128,1.100,0.346,0.330,-0.937,0.575,0.453,-0.535,0.422,1284997376.000,0.033,25661,25030,6,-18,48,14.190,69.940,26595,27173,1469,1488,0
225690,0.435,-16609405.000,-0.098,-0.490,-0.068,0.328,-0.568,0.594,0.479,-0.494,0.417,1284997376.000,-0.005,26158,24511,33,2,48,14.190,69.940,26595,27173,1469,1488,0
225790,0.717,-13296523.000,-0.231,0.540,-0.374,0.169,-0.030,0.612,0.471,-0.489,0.407,1284997376.000,0.027,25581,25112,34,8,48,14.190,69.940,26595,27173,1469,1488,0
225890,0.694,-10950231.000,-0.243,0.320,-0.470,-0.096,0.071,0.620,0.457,-0.498,0.398,1284997376.000,0.067,25563,25130,29,17,48,14.340,71.790,25510,25252,1332,1269,0
225990,0.584,-9497097.000,-0.197,-1.830,-0.513,-0.264,0.492,0.621,0.436,-0.523,0.388,1284997376.000,0.124,24963,25726,24,20,48,14.340,71.790,25510,25252,1332,1269,0
226090,0.342,-9982838.000,-0.157,0.530,-0.106,-0.110,0.582,0.610,0.419,-0.543,0.396,1284997376.000,0.143,24824,25861,20,6,48,14.340,71.790,25510,25252,1332,1269,0
226190,0.148,-10881005.000,-0.139,0.380,-0.083,-0.107,0.478,0.600,0.404,-0.558,0.405,1284997376.000,0.154,24787,25896,21,9,48,14.340,71.790,25510,25252,1332,1269,0
226290,-0.030,-12285017.000,-0.107,-0.890,0.548,-0.132,0.407,0.581,0.401,-0.567,0.423,1284997376.000,0.129,24726,25954,-2,-13,47,14.360,71.830,24937,25773,1245,1365,0
226390,-0.132,-13640972.000,-0.092,0.320,0.968,-0.086,0.230,0.561,0.416,-0.559,0.447,1284997376.000,0.061,24801,25882,-7,-18,47,14.360,71.830,24937,25773,1245,1365,0
226490,-0.161,-14447353.000,-0.060,-1.070,0.610,-0.234,-0.082,0.538,0.439,-0.545,0.470,1284997376.000,-0.022,25124,25570,0,0,47,14.360,71.830,24937,25773,1245,1365,0
226590,-0.066,-13983404.000,-0.009,1.080,0.239,-0.093,-0.441,0.529,0.461,-0.533,0.471,1284997376.000,-0.068,25634,25058,14,5,48,14.350,71.910,25125,25252,1384,1305,0
226690,0.165,-11722433.000,0.007,0.970,-0.311,-0.091,-0.726,0.541,0.477,-0.524,0.453,1284997376.000,-0.063,26047,24628,24,18,48,14.350,71.910,25125,25252,1384,1305,0
226790,0.404,-8547288.000,0.049,-0.910,-0.500,-0.247,-0.388,0.558,0.486,-0.522,0.423,1284997376.000,-0.026,25750,24939,21,26,48,14.350,71.910,25125,25252,1384,1305,0
226890,0.482,-6284580.000,0.091,-1.510,-0.430,-0.016,-0.108,0.570,0.480,-0.533,0.401,1284997376.000,0.030,25666,25025,22,10,48,14.350,71.910,25125,25252,1384,1305,0
226990,0.509,-4321912.500,0.029,-1.620,0.148,0.438,0.144,0.580,0.475,-0.528,0.400,1284997376.000,0.036,25384,25311,21,-15,47,14.340,71.670,25641,24752,1345,1352,0
227090,0.360,-4125231.250,-0.081,1.150,-0.109,0.256,0.612,0.581,0.457,-0.526,0.420,1284997376.000,0.034,24779,25904,27,3,47,14.340,71.670,25641,24752,1345,1352,0
227190,0.107,-5640465.000,-0.172,-1.900,0.494,0.372,0.636,0.571,0.439,-0.528,0.450,1284997376.000,0.014,24691,25987,12,-24,47,14.340,71.670,25641,24752,1345,1352,0
227290,-0.105,-7642332.000,-0.254,0.960,0.346,0.200,0.528,0.556,0.431,-0.522,0.483,1284997376.000,-0.032,24619,26056,18,-11,47,14.340,71.670,25641,24752,1345,1352,0
227391,-0.270,-9865539.000,-0.303,0.410,0.028,0.244,0.328,0.548,0.419,-0.523,0.501,1284997376.000,-0.045,24688,25990,29,-8,48,14.370,71.550,24390,25974,1326,1371,0
227490,-0.371,-11950886.000,-0.383,-1.140,0.287,0.218,0.209,0.545,0.410,-0.516,0.518,1301467904.000,-0.063,24826,26176,19,-16,48,14.370,71.550,24390,25974,1326,1371,0
227590,-0.442,-14056384.000,-0.394,1.440,0.108,-0.086,0.166,0.538,0.408,-0.515,0.528,1284997376.000,-0.079,24575,26097,17,-4,48,14.370,71.550,24390,25974,1326,1371,0
227690,-0.469,-16007092.000,-0.396,-0.910,0.277,0.068,0.003,0.531,0.412,-0.511,0.536,1401075840.000,-0.102,25865,27057,18,-16,48,14.370,71.550,24390,25974,1326,1371,0
227790,-0.445,-17456662.000,-0.376,0.950,-0.007,-0.236,-0.051,0.529,0.417,-0.511,0.534,1484997376.000,-0.107,26661,27824,17,3,47,14.110,70.020,26809,27472,1385,1558,0
227890,-1.340,-20136686.000,-0.654,1.550,-0.166,-0.264,-0.136,0.524,0.426,-0.517,0.526,1299899392.000,-0.085,23796,27086,33,-2,47,14.110,70.020,26809,27472,1385,1558,0
227990,-1.098,-22329338.000,-0.551,1.080,0.086,-0.583,-0.947,0.539,0.442,-0.522,0.492,1284997376.000,-0.048,25131,25562,3,-3,47,14.110,70.020,26809,27472,1385,1558,0
228090,-0.414,-21383600.000,-0.665,0.530,0.044,-0.743,-0.857,0.535,0.492,-0.510,0.460,1284997376.000,-0.078,25479,25215,16,8,47,14.110,70.020,26809,27472,1385,1558,0
228190,-0.304,-19790240.000,-0.269,-0.290,-0.743,-0.614,-0.960,0.552,0.510,-0.522,0.403,1284997376.000,-0.014,25658,25033,27,29,48,14.330,71.510,25380,25510,1303,1294,0
228290,0.127,-17003114.000,0.185,0.710,-0.188,-0.257,-0.992,0.564,0.534,-0.515,0.363,1284997376.000,-0.014,26170,24498,10,13,48,14.330,71.510,25380,25510,1303,1294,0
228390,1.200,-11836522.000,0.308,1.180,-0.533,0.109,-0.239,0.580,0.547,-0.501,0.336,1284997376.000,0.004,26310,24347,31,22,48,14.330,71.510,25380,25510,1303,1294,0
228490,1.191,-7887045.000,0.233,1.350,-0.587,0.174,0.350,0.599,0.525,-0.508,0.327,1284997376.000,0.060,25630,25062,31,17,48,14.300,71.550,25575,25188,1352,1262,0
228590,1.012,-5737075.500,0.170,0.770,-0.282,0.072,0.602,0.604,0.500,-0.522,0.335,1284997376.000,0.097,25353,25342,21,12,48,14.300,71.550,25575,25188,1352,1262,0
228690,0.740,-5721918.500,0.056,1.430,-0.452,1.183,0.071,0.598,0.473,-0.531,0.370,1284997376.000,0.091,26225,24439,73,-15,48,14.300,71.550,25575,25188,1352,1262,0
228790,0.678,-4205080.000,-0.394,2.640,-0.048,0.704,0.092,0.633,0.434,-0.493,0.410,1284997376.000,0.086,25876,24808,36,-10,48,14.300,71.550,25575,25188,1352,1262,0
228890,0.544,-2825536.250,-0.475,2.070,0.233,0.564,0.387,0.633,0.428,-0.485,0.425,1284997376.000,0.071,25227,25468,39,-27,47,14.280,71.470,25575,25000,1313,1352,0
228990,0.400,-2587142.000,-0.504,-0.640,0.292,-0.579,0.250,0.623,0.423,-0.486,0.444,1284997376.000,0.046,25443,25252,1,7,47,14.280,71.470,25575,25000,1313,1352,0
229090,0.335,-1943591.875,-0.440,-1.040,0.529,0.033,0.116,0.606,0.434,-0.488,0.454,1284997376.000,0.011,25527,25166,16,-25,47,14.280,71.470,25575,25000,1313,1352,0
229190,0.329,-917670.750,-0.340,0.530,0.234,-0.607,0.177,0.590,0.450,-0.491,0.456,1284997376.000,-0.021,25354,25342,6,9,47,14.280,71.470,25575,25000,1313,1352,0
229290,0.257,-616921.312,-0.244,-2.320,0.546,-0.026,0.212,0.569,0.463,-0.496,0.464,1284997376.000,-0.059,25314,25381,12,-22,47,14.340,71.670,25316,25510,1328,1258,0
229390,0.200,-394443.969,-0.185,0.650,0.116,-0.353,0.211,0.555,0.470,-0.501,0.470,1284997376.000,-0.080,25258,25437,10,4,47,14.340,71.670,25316,25510,1328,1258,0
229490,0.103,-751849.375,-0.093,-2.830,-0.297,-0.288,0.320,0.544,0.469,-0.515,0.468,1284997376.000,-0.075,25056,25636,24,15,47,14.340,71.670,25316,25510,1328,1258,0
229590,-0.009,-1632646.500,-0.076,-2.340,-0.193,0.107,0.221,0.541,0.456,-0.528,0.469,1284997376.000,-0.052,25128,25565,29,-3,47,14.340,71.670,25316,25510,1328,1258,0
229690,-0.037,-1996254.125,-0.123,-0.620,-0.236,0.132,-0.010,0.549,0.445,-0.530,0.469,1284997376.000,-0.033,25344,25352,31,3,47,14.250,71.350,25575,25974,1273,1298,0
229790,-0.025,-2014648.125,-0.146,-0.510,-0.379,0.196,-0.146,0.557,0.438,-0.533,0.463,1284997376.000,-0.007,25514,25180,38,2,47,14.250,71.350,25575,25974,1273,1298,0
229890,0.016,-1598514.375,-0.214,0.830,-0.349,0.110,-0.056,0.573,0.426,-0.532,0.456,1284997376.000,0.027,25355,25341,34,3,47,14.250,71.350,25575,25974,1273,1298,0
229990,0.016,-1499327.000,-0.231,-1.620,-0.292,-0.067,-0.036,0.581,0.416,-0.538,0.447,1284997376.000,0.061,25309,25386,27,6,47,14.250,71.350,25575,25974,1273,1298,0
230090,0.021,-1336815.250,-0.198,1.010,-0.299,-0.134,-0.070,0.584,0.411,-0.546,0.438,1284997376.000,0.086,25421,25274,29,8,47,14.340,71.510,25252,25445,1333,1287,0
230190,0.037,-1070070.750,-0.202,-0.090,-0.261,0.107,0.073,0.590,0.405,-0.549,0.430,1284997376.000,0.108,25219,25475,37,1,47,14.340,71.510,25252,25445,1333,1287,0
230290,-0.010,-1423961.375,-0.212,1.160,-0.054,-0.103,0.061,0.592,0.397,-0.554,0.430,1284997376.000,0.124,25300,25395,22,2,47,14.340,71.510,25252,25445,1333,1287,0
230390,-0.031,-1654262.875,-0.176,1.380,0.000,0.044,0.020,0.588,0.397,-0.560,0.428,1284997376.000,0.127,25295,25400,30,-5,47,14.340,71.510,25252,25445,1333,1287,0
230490,-0.007,-1546145.500,-0.215,-1.200,0.090,-0.077,-0.092,0.592,0.397,-0.553,0.431,1284997376.000,0.121,25433,25262,22,0,47,14.300,71.550,25188,25575,1363,1257,0
230590,-0.002,-1489446.625,-0.172,0.020,0.088,-0.009,0.058,0.586,0.404,-0.555,0.431,1284997376.000,0.110,25276,25419,30,-7,47,14.300,71.550,25188,25575,1363,1257,0
230690,0.008,-1439555.250,-0.219,-0.360,0.298,0.128,-0.036,0.587,0.407,-0.546,0.439,1284997376.000,0.090,25372,25323,23,-13,47,14.300,71.550,25188,25575,1363,1257,0
230790,0.030,-1221294.000,-0.239,1.420,0.237,0.202,-0.040,0.584,0.415,-0.536,0.447,1284997376.000,0.062,25386,25309,30,-14,47,14.300,71.550,25188,25575,1363,1257,0
230890,0.044,-1011374.562,-0.259,-1.910,0.294,-0.113,0.007,0.581,0.421,-0.528,0.454,1284997376.000,0.037,25339,25356,17,-3,47,14.220,71.430,25252,25906,1368,1440,0
230990,0.044,-891440.188,-0.179,0.390,0.313,-0.211,0.011,0.568,0.435,-0.530,0.456,1284997376.000,0.010,25351,25344,14,-7,47,14.220,71.430,25252,25906,1368,1440,0
231090,0.034,-860225.938,-0.172,-1.270,0.140,-0.046,0.030,0.562,0.440,-0.527,0.461,1284997376.000,-0.010,25328,25367,23,-5,47,14.220,71.430,25252,25906,1368,1440,0
231190,0.006,-1046580.500,-0.131,1.970,0.041,-0.033,0.067,0.554,0.445,-0.529,0.464,1284997376.000,-0.021,25272,25422,26,-4,47,14.220,71.430,25252,25906,1368,1440,0
231290,0.009,-1029886.812,-0.206,-1.680,0.014,0.160,-0.092,0.562,0.438,-0.523,0.468,1284997376.000,-0.018,25481,25213,29,-9,47,14.340,71.550,25445,25316,1275,1333,0
231390,0.006,-978618.750,-0.193,1.400,-0.027,0.097,0.049,0.561,0.438,-0.525,0.466,1284997376.000,-0.014,25261,25434,30,-9,47,14.340,71.550,25445,25316,1275,1333,0
231490,-0.001,-1038966.938,-0.248,-1.610,-0.151,0.099,0.000,0.568,0.431,-0.523,0.468,1284997376.000,-0.005,25333,25362,33,-4,47,14.340,71.550,25445,25316,1275,1333,0
231590,-0.013,-1129682.750,-0.245,1.730,-0.323,-0.051,-0.004,0.573,0.423,-0.530,0.461,1284997376.000,0.022,25335,25360,35,4,47,14.340,71.550,25445,25316,1275,1333,0
231690,0.011,-901259.938,-0.258,-0.680,-0.242,0.124,-0.061,0.580,0.417,-0.532,0.454,1284997376.000,0.044,25399,25296,39,-5,47,14.310,71.630,25510,25380,1287,1293,0
231790,0.050,-430570.281,-0.239,-0.700,-0.121,-0.200,-0.161,0.585,0.416,-0.536,0.445,1284997376.000,0.064,25567,25126,24,2,47,14.310,71.630,25510,25380,1287,1293,0
231890,0.076,127234.328,-0.203,-1.390,-0.088,0.008,0.002,0.586,0.417,-0.540,0.437,1284997376.000,0.075,25368,25327,32,-4,47,14.310,71.630,25510,25380,1287,1293,0
231990,0.089,495366.344,-0.225,0.200,0.013,0.082,-0.048,0.588,0.416,-0.537,0.438,1284997376.000,0.075,25476,25219,31,-8,47,14.330,71.630,25445,25188,1333,1303,0
232090,0.087,770065.250,-0.240,-1.310,0.000,0.059,0.041,0.589,0.416,-0.535,0.440,1284997376.000,0.071,25373,25322,32,-7,47,14.330,71.630,25445,25188,1333,1303,0
232190,0.091,1101344.625,-0.259,-1.180,0.068,0.084,-0.032,0.590,0.415,-0.532,0.442,1284997376.000,0.069,25486,25209,31,-10,47,14.330,71.630,25445,25188,1333,1303,0
232290,0.103,1536409.125,-0.256,0.020,0.041,-0.109,-0.039,0.590,0.418,-0.532,0.442,1284997376.000,0.066,25505,25189,27,-3,47,14.330,71.630,25445,25188,1333,1303,0
232390,0.102,1910726.625,-0.225,1.580,0.010,-0.002,-0.006,0.587,0.419,-0.535,0.439,1284997376.000,0.067,25473,25222,31,-7,47,14.310,71.590,25445,25000,1321,1370,0
232490,0.120,2453729.250,-0.231,0.700,-0.027,-0.068,-0.050,0.589,0.420,-0.534,0.438,1284997376.000,0.069,25548,25145,30,-3,47,14.310,71.590,25445,25000,1321,1370,0
232590,0.126,2957279.000,-0.221,-0.710,-0.094,0.011,0.014,0.590,0.419,-0.535,0.435,1284997376.000,0.075,25472,25223,35,-4,47,14.310,71.590,25445,25000,1321,1370,0
232690,0.122,3349760.750,-0.227,-1.080,-0.108,-0.016,0.023,0.592,0.417,-0.537,0.434,1284997376.000,0.082,25479,25216,34,-2,47,14.310,71.590,25445,25000,1321,1370,0
232790,0.108,3628027.500,-0.231,1.230,-0.084,0.051,0.062,0.592,0.414,-0.538,0.434,1284997376.000,0.087,25422,25273,36,-4,48,14.360,71.550,25252,25316,1376,1272,0
232890,0.093,3864537.750,-0.220,-0.070,-0.107,-0.153,0.018,0.592,0.412,-0.542,0.432,1284997376.000,0.094,25483,25211,30,3,48,14.360,71.550,25252,25316,1376,1272,0
232990,0.078,4045156.500,-0.216,-1.850,-0.171,0.166,-0.018,0.595,0.406,-0.547,0.427,1284997376.000,0.113,25536,25158,42,-7,48,14.360,71.550,25252,25316,1376,1272,0
233090,0.072,4301777.000,-0.202,-0.520,-0.230,-0.279,-0.009,0.598,0.400,-0.553,0.420,1284997376.000,0.138,25540,25154,27,8,48,14.360,71.550,25252,25316,1376,1272,0
233190,0.113,4971971.500,-0.197,0.430,0.111,0.234,-0.094,0.600,0.403,-0.551,0.417,1284997376.000,0.136,25626,25066,37,-17,47,14.310,71.590,25773,24937,1311,1309,0
233290,0.132,5599672.000,-0.153,-0.510,0.159,-0.442,-0.090,0.595,0.410,-0.552,0.415,1284997376.000,0.126,25665,25027,14,6,47,14.310,71.590,25773,24937,1311,1309,0
233390,0.142,6237999.000,-0.119,0.330,0.181,0.078,0.131,0.588,0.421,-0.550,0.419,1284997376.000,0.102,25351,25391,33,-8,47,14.310,71.590,25773,24937,1311,1309,0
233490,0.053,5820146.000,-0.068,-1.540,0.282,-0.294,0.227,0.575,0.423,-0.557,0.426,1284997376.000,0.087,25256,25439,14,-3,47,14.310,71.590,25773,24937,1311,1309,0
233590,-0.023,5163698.500,-0.092,1.880,0.144,0.280,0.211,0.567,0.424,-0.552,0.441,1284997376.000,0.058,25219,25475,39,-14,45,14.280,71.630,25380,25380,1289,1315,0
233690,-0.102,4244784.500,-0.120,0.640,-0.342,0.108,0.219,0.569,0.410,-0.559,0.442,1284997376.000,0.079,25128,25565,44,3,45,14.280,71.630,25380,25380,1289,1315,0
233790,-0.080,4008460.500,-0.163,-0.400,-0.132,-0.029,-0.149,0.576,0.406,-0.556,0.441,1284997376.000,0.089,25588,25105,33,2,45,14.280,71.630,25380,25380,1289,1315,0
233890,-0.040,4265040.000,-0.091,-1.410,-0.360,-0.180,-0.116,0.577,0.408,-0.565,0.427,1284997376.000,0.110,25506,25188,37,11,47,14.300,71.630,25445,25188,1341,1300,0
233990,-0.024,4324204.000,-0.058,-2.470,-0.152,-0.234,0.070,0.580,0.404,-0.572,0.416,1284997376.000,0.135,25272,25423,26,7,47,14.300,71.630,25445,25188,1341,1300,0
234090,-0.077,3706754.000,0.002,0.410,0.380,-0.056,0.110,0.570,0.407,-0.579,0.418,1284997376.000,0.128,25242,25453,17,-14,47,14.300,71.630,25445,25188,1341,1300,0
234190,-0.143,2770296.000,0.032,2.250,0.373,-0.239,-0.002,0.556,0.414,-0.578,0.429,1284997376.000,0.095,25386,25309,12,-3,47,14.300,71.630,25445,25188,1341,1300,0
234290,-0.096,2812575.250,0.067,-1.320,0.377,0.146,-0.296,0.550,0.428,-0.573,0.431,1284997376.000,0.067,25733,24956,24,-16,47,14.330,71.390,25510,24937,1330,1349,0
234390,0.047,3994587.250,-0.007,-0.430,0.469,0.128,-0.180,0.555,0.445,-0.548,0.440,1284997376.000,0.022,25554,25140,19,-15,47,14.330,71.390,25510,24937,1330,1349,0
234490,0.069,4391634.000,-0.002,0.990,0.513,-0.129,0.012,0.544,0.461,-0.536,0.452,1284997376.000,-0.029,25422,25272,11,-10,47,14.330,71.390,25510,24937,1330,1349,0
234590,0.103,4966843.500,0.063,0.920,0.322,-0.270,-0.209,0.531,0.479,-0.531,0.455,1284997376.000,-0.068,25794,24893,11,-1,47,14.330,71.390,25510,24937,1330,1349,0
234690,0.137,5729835.000,0.061,-0.920,0.174,0.232,0.119,0.525,0.489,-0.522,0.462,1284997376.000,-0.100,25348,25347,29,-13,47,14.300,71.510,25510,25252,1361,1285,0
234791,0.019,5028204.500,0.029,-1.840,0.239,0.248,0.351,0.518,0.483,-0.522,0.476,1284997376.000,-0.115,25049,25643,25,-18,47,14.300,71.510,25510,25252,1361,1285,0
234891,-0.095,3801006.500,-0.010,-1.580,-0.243,-0.018,0.036,0.519,0.468,-0.528,0.482,1284997376.000,-0.098,25468,25226,29,4,47,14.300,71.510,25510,25252,1361,1285,0
234990,-0.058,3826005.750,-0.010,-1.120,0.042,0.038,-0.090,0.524,0.468,-0.528,0.478,1284997376.000,-0.091,25494,25200,23,-9,47,14.300,71.510,25510,25252,1361,1285,0
235090,-0.024,3958935.750,0.038,1.380,-0.153,-0.233,-0.131,0.522,0.473,-0.532,0.470,1284997376.000,-0.085,25574,25119,22,6,47,14.320,71.550,25445,25125,1330,1328,0
235190,0.036,4520002.000,0.031,1.320,0.379,-0.008,-0.147,0.524,0.479,-0.525,0.469,1284997376.000,-0.095,25610,25083,10,-18,47,14.320,71.550,25445,25125,1330,1328,0
235290,0.093,5270776.000,0.050,1.070,0.663,-0.039,-0.112,0.511,0.500,-0.509,0.479,1284997376.000,-0.155,25621,25072,1,-23,47,14.320,71.550,25445,25125,1330,1328,0
235390,0.111,5807548.000,0.099,0.560,1.016,-0.209,-0.013,0.488,0.524,-0.493,0.494,1284997376.000,-0.233,25541,25153,-13,-26,47,14.320,71.550,25445,25125,1330,1328,0
235490,0.185,6992827.500,0.102,1.860,1.510,0.244,-0.374,0.459,0.559,-0.456,0.518,1284997376.000,-0.357,26091,24581,-13,-57,47,14.340,71.550,26041,24813,1323,1253,0
235590,0.317,9146409.000,0.103,-0.300,1.754,-0.313,-0.304,0.421,0.603,-0.400,0.546,1284997376.000,-0.528,26036,24639,-41,-44,47,14.340,71.550,26041,24813,1323,1253,0
235690,0.404,11318038.000,0.143,-1.510,2.192,0.046,-0.166,0.365,0.648,-0.346,0.571,1284997376.000,-0.694,25973,24706,-44,-72,47,14.340,71.550,26041,24813,1323,1253,0
235790,0.411,13066850.000,0.162,2.330,2.423,0.212,0.028,0.298,0.684,-0.282,0.603,1284997376.000,-0.884,25800,24887,-47,-83,47,14.340,71.550,26041,24813,1323,1253,0
235890,0.281,14053750.000,0.078,-2.040,2.089,0.072,0.210,0.226,0.698,-0.209,0.647,1284997376.000,-1.094,25466,25229,-52,-64,47,14.140,71.310,26666,24691,1345,1348,0
235990,0.239,14525762.000,0.135,0.990,1.932,0.042,-0.181,0.153,0.717,-0.151,0.664,1284997376.000,-1.233,26143,24526,-49,-74,47,14.140,71.310,26666,24691,1345,1348,0
236090,0.323,16638727.000,0.090,0.750,1.756,-0.063,-0.417,0.103,0.729,-0.083,0.672,1284997376.000,-1.362,26389,24261,-53,-73,47,14.140,71.310,26666,24691,1345,1348,0
236190,0.448,19183050.000,0.077,0.420,1.632,-0.048,-0.213,0.052,0.742,-0.016,0.669,1284997376.000,-1.488,26248,24414,-48,-75,47,14.310,71.390,26385,24213,1322,1326,0
236290,0.525,21647686.000,0.074,1.050,1.478,-0.130,-0.149,0.004,0.747,0.042,0.664,1284997376.000,-1.572,26264,24397,-53,-72,47,14.310,71.390,26385,24213,1322,1326,0
236390,0.568,23942014.000,0.095,1.770,1.298,0.067,-0.022,-0.041,0.748,0.088,0.656,1284997376.000,-1.647,26214,24451,-46,-77,47,14.310,71.390,26385,24213,1322,1326,0
236490,0.530,26039956.000,0.090,1.060,1.279,0.011,0.012,-0.088,0.740,0.131,0.654,1284997376.000,-1.716,26181,24497,-55,-74,47,14.310,71.390,26385,24213,1322,1326,0
236590,0.521,27909132.000,0.116,1.410,1.170,0.107,0.021,-0.128,0.734,0.165,0.646,1284997376.000,-1.767,26233,24430,-50,-79,47,14.300,71.550,26385,24509,1354,1214,0
236690,0.466,29373606.000,0.143,2.290,1.052,0.052,-0.009,-0.169,0.724,0.196,0.639,1284997376.000,-1.813,26317,24340,-53,-76,47,14.300,71.550,26385,24509,1354,1214,0
236791,0.417,31471350.000,0.094,-0.310,0.984,0.199,-0.287,-0.200,0.708,0.230,0.637,1284997376.000,-1.851,26587,24045,-50,-80,47,14.300,71.550,26385,24509,1354,1214,0
236890,0.479,33862152.000,0.052,0.680,0.818,-0.176,-0.169,-0.221,0.699,0.265,0.626,1284997376.000,-1.880,26488,24153,-57,-72,47,14.300,71.550,26385,24509,1354,1214,0
236990,0.482,35877880.000,0.042,-0.450,0.626,0.048,-0.014,-0.243,0.690,0.290,0.617,1284997376.000,-1.902,26362,24290,-47,-75,47,14.300,71.550,26385,24509,1354,1214,0
237090,0.515,37669420.000,0.054,-1.460,0.562,-0.038,-0.119,-0.260,0.685,0.308,0.606,1284997376.000,-1.917,26640,23986,-50,-75,47,14.320,71.470,26525,24330,1327,1242,0
237190,0.576,39725788.000,0.061,1.140,-0.069,-0.127,0.060,-0.262,0.688,0.315,0.599,1284997376.000,-1.919,26473,24170,-36,-56,47,14.320,71.470,26525,24330,1327,1242,0
237290,0.542,41315872.000,0.086,0.130,-0.392,0.199,0.213,-0.261,0.690,0.306,0.602,1284997376.000,-1.915,26298,24360,-22,-59,47,14.320,71.470,26525,24330,1327,1242,0
237390,0.494,43042196.000,0.065,-0.020,-0.176,0.028,-0.202,-0.251,0.690,0.294,0.612,1284997376.000,-1.907,26841,23761,-41,-65,47,14.290,71.550,26737,23866,1421,1205,0
237490,0.442,44590868.000,0.057,0.670,-1.012,0.004,0.226,-0.233,0.694,0.272,0.625,1284997376.000,-1.889,26226,24437,-16,-37,47,14.290,71.550,26737,23866,1421,1205,0
237590,0.512,45905256.000,0.084,-0.310,-1.112,-0.158,-0.023,-0.198,0.712,0.240,0.629,1284997376.000,-1.854,26741,23873,-23,-40,47,14.290,71.550,26737,23866,1421,1205,0
237690,0.552,47978408.000,0.054,-0.180,-1.323,-0.192,-0.062,-0.154,0.724,0.207,0.640,1284997376.000,-1.810,26776,23834,-17,-31,47,14.290,71.550,26737,23866,1421,1205,0
237790,0.637,49682432.000,0.085,0.860,-1.454,-0.179,0.353,-0.106,0.742,0.162,0.642,1284997376.000,-1.748,26377,24275,-12,-29,47,14.330,71.670,26525,24096,1424,1251,0
237890,0.569,50792892.000,0.124,-1.470,-1.043,0.199,0.167,-0.069,0.748,0.110,0.651,1284997376.000,-1.686,26670,23952,-18,-51,47,14.330,71.670,26525,24096,1424,1251,0
237990,0.555,52236020.000,0.143,1.400,-0.920,-0.080,0.161,-0.040,0.752,0.076,0.654,1284997376.000,-1.636,26646,23979,-25,-41,47,14.330,71.670,26525,24096,1424,1251,0
238090,0.538,53759920.000,0.151,-1.140,-0.850,-0.098,0.063,-0.011,0.753,0.044,0.657,1284997376.000,-1.585,26774,23836,-28,-40,47,14.330,71.670,26525,24096,1424,1251,0
238190,0.555,55328060.000,0.176,-0.070,-0.729,0.166,0.077,0.018,0.756,0.012,0.654,1284997376.000,-1.533,26806,23800,-21,-54,47,14.290,71.470,26809,23866,1386,1223,0
238290,0.457,56915492.000,0.120,-0.010,-0.421,0.191,0.104,0.036,0.746,-0.007,0.665,1284997376.000,-1.500,26644,23981,-31,-58,47,14.290,71.470,26809,23866,1386,1223,0
238390,0.449,58445988.000,0.126,-0.260,-0.352,0.000,0.016,0.050,0.745,-0.023,0.665,1284997376.000,-1.472,26814,23791,-34,-53,47,14.290,71.470,26809,23866,1386,1223,0
238490,0.416,59572392.000,0.124,1.690,-0.226,0.019,0.037,0.059,0.742,-0.035,0.667,1284997376.000,-1.452,26794,23813,-38,-57,47,14.290,71.470,26809,23866,1386,1223,0
238591,0.427,60000000.000,0.144,0.560,-0.132,-0.051,0.060,0.064,0.744,-0.043,0.664,1284997376.000,-1.439,26773,23837,-41,-57,47,14.320,71.510,26809,23752,1403,1228,0
238690,0.400,60000000.000,0.155,1.050,-0.073,0.021,0.024,0.065,0.743,-0.048,0.665,1284997376.000,-1.434,26814,23790,-40,-59,47,14.320,71.510,26809,23752,1403,1228,0
238790,0.407,60000000.000,0.151,-1.210,-0.100,-0.067,0.046,0.067,0.743,-0.049,0.664,1284997376.000,-1.431,26737,23877,-42,-55,47,14.320,71.510,26809,23752,1403,1228,0
238890,0.396,60000000.000,0.150,-1.440,0.022,0.062,-0.038,0.068,0.742,-0.051,0.665,1284997376.000,-1.428,26861,23738,-43,-65,47,14.320,71.510,26809,23752,1403,1228,0
238990,0.374,60000000.000,0.118,0.510,0.002,0.110,-0.027,0.068,0.738,-0.047,0.670,1284997376.000,-1.432,26785,23823,-41,-65,48,14.320,71.430,26954,23696,1377,1237,0
239090,0.359,60000000.000,0.121,1.190,-0.207,0.063,0.118,0.070,0.737,-0.051,0.670,1284997376.000,-1.426,26608,24021,-35,-58,48,14.320,71.430,26954,23696,1377,1237,0
239190,0.332,60000000.000,0.125,0.410,-0.279,-0.132,-0.013,0.077,0.735,-0.063,0.671,1284997376.000,-1.408,26808,23797,-43,-51,48,14.320,71.430,26954,23696,1377,1237,0
239290,0.366,60000000.000,0.152,0.030,-0.289,-0.044,0.002,0.088,0.738,-0.074,0.665,1284997376.000,-1.385,26807,23799,-42,-58,47,14.320,71.390,26809,23752,1396,1241,0
239390,0.393,60000000.000,0.145,-0.150,-0.179,-0.008,-0.106,0.095,0.739,-0.078,0.663,1284997376.000,-1.373,26936,23653,-42,-60,47,14.320,71.390,26809,23752,1396,1241,0
239490,0.436,60000000.000,0.130,1.240,-0.047,-0.031,-0.056,0.101,0.740,-0.076,0.661,1284997376.000,-1.369,26852,23748,-46,-63,47,14.320,71.390,26809,23752,1396,1241,0
239590,0.420,60000000.000,0.106,1.460,-0.089,0.131,-0.046,0.105,0.736,-0.077,0.664,1284997376.000,-1.364,26854,23746,-42,-65,47,14.320,71.390,26809,23752,1396,1241,0
239690,0.442,60000000.000,0.089,-1.090,-0.002,-0.048,-0.053,0.108,0.737,-0.075,0.663,1284997376.000,-1.363,26867,23731,-48,-64,48,14.320,71.590,26809,23364,1437,1234,0
239790,0.438,60000000.000,0.087,0.110,-0.011,-0.023,-0.029,0.110,0.736,-0.077,0.663,1284997376.000,-1.359,26872,23726,-48,-66,48,14.320,71.590,26809,23364,1437,1234,0
239890,0.449,60000000.000,0.078,-0.060,0.022,-0.004,-0.030,0.111,0.737,-0.074,0.663,1284997376.000,-1.361,26847,23753,-50,-65,48,14.320,71.590,26809,23364,1437,1234,0
239990,0.471,60000000.000,0.092,0.090,-0.063,-0.053,-0.006,0.112,0.739,-0.076,0.660,1284997376.000,-1.358,26868,23730,-48,-64,48,14.320,71.590,26809,23364,1437,1234,0
240090,0.481,60000000.000,0.081,0.820,-0.029,0.006,-0.043,0.115,0.738,-0.076,0.660,1284997376.000,-1.354,26906,23687,-48,-68,48,14.320,71.550,26809,23752,1432,1192,0
240190,0.484,60000000.000,0.070,1.470,-0.034,-0.032,-0.032,0.117,0.738,-0.075,0.661,1284997376.000,-1.353,26868,23730,-49,-63,48,14.320,71.550,26809,23752,1432,1192,0
240290,0.511,60000000.000,0.074,0.680,0.003,-0.026,-0.080,0.119,0.739,-0.075,0.658,1284997376.000,-1.350,26987,23594,-52,-70,48,14.320,71.550,26809,23752,1432,1192,0
240390,0.519,60000000.000,0.087,-0.320,-0.020,-0.023,0.051,0.119,0.741,-0.076,0.657,1284997376.000,-1.349,26827,23776,-51,-68,48,14.320,71.550,26809,23752,1432,1192,0
240490,0.505,60000000.000,0.092,-0.630,0.026,0.040,0.021,0.118,0.740,-0.078,0.657,1284997376.000,-1.349,26865,23734,-52,-73,48,14.300,71.590,26737,23923,1417,1200,0
240590,0.497,60000000.000,0.097,1.160,0.020,-0.037,0.028,0.116,0.740,-0.078,0.658,1284997376.000,-1.350,26853,23747,-55,-69,48,14.300,71.590,26737,23923,1417,1200,0
240690,0.452,60000000.000,0.143,1.040,-0.011,0.017,-0.012,0.114,0.741,-0.080,0.657,1284997376.000,-1.351,26872,23725,-54,-70,48,14.300,71.590,26737,23923,1417,1200,0
240790,0.454,60000000.000,0.150,1.360,-0.019,-0.118,0.058,0.114,0.742,-0.081,0.656,1284997376.000,-1.350,26812,23793,-60,-65,48,14.300,71.590,26737,23923,1417,1200,0
240890,0.466,60000000.000,0.176,1.930,-0.041,-0.017,0.036,0.113,0.744,-0.083,0.653,1284997376.000,-1.349,26830,23773,-55,-69,48,14.320,71.510,26881,23696,1371,1247,0
240990,0.471,60000000.000,0.186,1.130,-0.033,0.058,0.032,0.114,0.745,-0.086,0.652,1284997376.000,-1.345,26827,23777,-55,-73,48,14.320,71.510,26881,23696,1371,1247,0
241090,0.455,60000000.000,0.192,1.640,0.000,-0.084,0.108,0.114,0.744,-0.089,0.652,1284997376.000,-1.342,26723,23894,-64,-67,48,14.320,71.510,26881,23696,1371,1247,0
241190,0.499,60000000.000,0.232,1.230,0.012,-0.117,-0.011,0.113,0.750,-0.089,0.646,1284997376.000,-1.342,26919,23672,-63,-69,48,14.320,71.510,26881,23696,1371,1247,0
241290,0.483,60000000.000,0.228,0.180,0.026,0.113,0.072,0.111,0.749,-0.086,0.648,1284997376.000,-1.347,26737,23877,-58,-75,47,14.330,71.510,26881,23584,1407,1226,0
241390,0.480,60000000.000,0.222,0.960,-0.010,-0.051,-0.057,0.112,0.748,-0.088,0.648,1284997376.000,-1.345,26936,23708,-65,-70,47,14.330,71.510,26881,23584,1407,1226,0
241490,0.509,60000000.000,0.209,0.640,0.159,0.152,-0.130,0.113,0.749,-0.083,0.647,1284997376.000,-1.348,27017,23560,-62,-83,47,14.330,71.510,26881,23584,1407,1226,0
241590,0.473,60000000.000,0.217,0.450,-0.270,-0.283,0.234,0.111,0.747,-0.086,0.649,1284997376.000,-1.348,26573,24060,-63,-52,47,14.330,71.510,26881,23584,1407,1226,0
241690,0.438,60000000.000,0.303,-1.130,0.237,0.099,0.283,0.103,0.751,-0.098,0.645,1284997376.000,-1.342,26573,24060,-69,-83,47,14.360,71.470,26595,24154,1367,1211,0
241790,0.383,60000000.000,0.284,-0.980,0.063,0.014,0.306,0.089,0.747,-0.098,0.652,1284997376.000,-1.358,26471,24172,-64,-68,47,14.360,71.470,26595,24154,1367,1211,0
241890,0.468,60000000.000,0.432,-0.050,-0.128,-0.090,0.184,0.085,0.750,-0.110,0.647,1284997376.000,-1.345,26786,23823,-66,-60,47,14.360,71.470,26595,24154,1367,1211,0
241990,0.329,60000000.000,0.345,-0.200,0.146,0.101,-0.140,0.081,0.747,-0.107,0.651,1284997376.000,-1.357,26948,23639,-66,-75,48,14.300,71.510,26954,23640,1431,1201,0
242090,0.341,60000000.000,0.276,2.140,0.102,0.171,-0.210,0.081,0.744,-0.093,0.656,1284997376.000,-1.373,26953,23634,-62,-76,48,14.300,71.510,26954,23640,1431,1201,0
242190,0.311,60000000.000,0.204,-1.170,-0.063,0.008,-0.150,0.083,0.738,-0.085,0.665,1284997376.000,-1.378,26868,23730,-62,-65,48,14.300,71.510,26954,23640,1431,1201,0
242290,0.355,60000000.000,0.165,-0.730,-0.127,0.132,-0.233,0.091,0.738,-0.081,0.664,1284997376.000,-1.375,27022,23554,-55,-72,48,14.300,71.510,26954,23640,1431,1201,0
242390,0.372,60000000.000,0.092,1.590,-0.180,-0.008,-0.080,0.103,0.733,-0.078,0.668,1284997376.000,-1.366,26775,23834,-58,-67,48,14.300,71.510,26954,23640,1431,1201,0
242490,0.404,60000000.000,0.101,1.240,-0.157,-0.026,0.031,0.109,0.735,-0.082,0.664,1284997376.000,-1.354,26732,23883,-58,-69,47,14.300,71.550,26737,23980,1407,1189,0
242590,0.431,60000000.000,0.114,0.470,-0.096,-0.068,-0.084,0.115,0.737,-0.088,0.661,1284997376.000,-1.342,26950,23637,-62,-70,47,14.300,71.550,26737,23980,1407,1189,0
242690,0.441,60000000.000,0.106,0.820,-0.087,0.011,-0.033,0.120,0.736,-0.089,0.660,1284997376.000,-1.336,26869,23729,-59,-71,47,14.300,71.550,26737,23980,1407,1189,0
242790,0.457,60000000.000,0.102,1.160,-0.084,-0.011,-0.006,0.123,0.737,-0.090,0.659,1284997376.000,-1.331,26839,23762,-59,-70,48,14.250,71.470,26737,23809,1424,1223,0
242890,0.457,60000000.000,0.093,0.900,-0.021,0.098,0.009,0.125,0.736,-0.091,0.659,1284997376.000,-1.328,26818,23786,-58,-75,48,14.250,71.470,26737,23809,1424,1223,0
242990,0.451,60000000.000,0.081,1.050,0.006,-0.016,0.018,0.126,0.735,-0.090,0.661,1284997376.000,-1.328,26802,23805,-62,-72,48,14.250,71.470,26737,23809,1424,1223,0
243090,0.446,60000000.000,0.095,1.250,-0.013,-0.016,0.029,0.126,0.735,-0.093,0.660,1284997376.000,-1.326,26814,23791,-61,-71,48,14.250,71.470,26737,23809,1424,1223,0
243190,0.451,60000000.000,0.111,1.310,-0.102,-0.110,0.027,0.127,0.736,-0.096,0.658,1284997376.000,-1.321,26831,23772,-62,-65,47,14.250,71.390,27173,23809,1318,1225,0
243290,0.441,60000000.000,0.134,1.120,-0.289,-0.031,0.108,0.131,0.736,-0.107,0.655,1284997376.000,-1.304,26721,23895,-53,-61,47,14.250,71.390,27173,23809,1318,1225,0
243390,0.411,60000000.000,0.154,0.270,-0.334,0.109,0.096,0.138,0.734,-0.120,0.654,1284997376.000,-1.282,26745,23869,-50,-66,47,14.250,71.390,27173,23809,1318,1225,0
243490,0.378,60000000.000,0.120,-0.590,0.052,0.112,-0.093,0.146,0.728,-0.125,0.658,1284997376.000,-1.269,26919,23672,-64,-78,47,14.250,71.390,27173,23809,1318,1225,0
243590,0.392,60000000.000,0.093,0.520,0.084,0.016,-0.037,0.146,0.727,-0.119,0.660,1284997376.000,-1.275,26811,23794,-63,-73,47,14.280,71.390,27100,23752,1350,1211,0
243690,0.365,60000000.000,0.085,-0.300,0.010,0.180,0.021,0.145,0.725,-0.119,0.662,1284997376.000,-1.278,26749,23864,-55,-76,47,14.280,71.390,27100,23752,1350,1211,0
243790,0.341,60000000.000,0.065,0.800,0.086,0.026,0.000,0.144,0.723,-0.117,0.666,1284997376.000,-1.281,26756,23856,-63,-74,47,14.280,71.390,27100,23752,1350,1211,0
243890,0.363,60000000.000,0.081,-0.920,0.091,-0.183,0.029,0.141,0.726,-0.115,0.663,1284997376.000,-1.286,26746,23868,-68,-68,47,14.280,71.390,27100,23752,1350,1211,0
243991,0.359,60000000.000,0.128,-1.880,-0.042,-0.041,0.137,0.137,0.729,-0.120,0.660,1284997376.000,-1.285,26640,23986,-60,-68,48,14.270,71.510,26809,23866,1373,1241,0
244090,0.323,60000000.000,0.171,0.770,-0.247,-0.133,0.223,0.136,0.728,-0.131,0.659,1284997376.000,-1.273,26518,24120,-60,-57,48,14.270,71.510,26809,23866,1373,1241,0
244190,0.286,60000000.000,0.249,-0.140,-0.184,-0.048,0.188,0.132,0.730,-0.147,0.654,1284997376.000,-1.260,26594,24037,-59,-63,48,14.270,71.510,26809,23866,1373,1241,0
244290,0.230,60000000.000,0.234,0.890,-0.176,0.233,0.050,0.135,0.725,-0.151,0.658,1284997376.000,-1.253,26655,23969,-52,-69,48,14.270,71.510,26809,23866,1373,1241,0
244390,0.161,60000000.000,0.162,0.890,-0.032,0.248,-0.051,0.143,0.714,-0.154,0.668,1284997376.000,-1.241,26673,23949,-58,-74,47,14.240,71.390,26525,24096,1425,1215,0
244490,0.112,60000000.000,0.106,-1.390,0.028,0.290,0.002,0.148,0.705,-0.155,0.676,1284997376.000,-1.235,26524,24114,-54,-80,47,14.240,71.390,26525,24096,1425,1215,0
244590,0.032,60000000.000,0.024,0.770,0.112,0.373,-0.027,0.150,0.695,-0.151,0.687,1284997376.000,-1.237,26521,24117,-54,-84,47,14.240,71.390,26525,24096,1425,1215,0
244690,-0.036,60000000.000,-0.061,-1.210,0.166,0.287,-0.050,0.148,0.685,-0.141,0.699,1284997376.000,-1.251,26492,24149,-55,-83,47,14.240,71.390,26525,24096,1425,1215,0
244790,-0.086,59790940.000,-0.108,1.980,0.107,0.132,0.020,0.146,0.679,-0.135,0.707,1284997376.000,-1.260,26397,24253,-56,-78,47,14.280,71.310,26595,24096,1354,1266,0
244890,-0.141,59235908.000,-0.134,0.270,0.091,0.216,0.082,0.142,0.674,-0.134,0.713,1284997376.000,-1.265,26265,24395,-52,-83,47,14.280,71.310,26595,24096,1354,1266,0
244990,-0.258,57938056.000,-0.167,0.640,-0.154,0.386,0.263,0.141,0.662,-0.139,0.723,1284997376.000,-1.260,25940,24741,-40,-81,47,14.280,71.310,26595,24096,1354,1266,0
245090,-0.440,55494164.000,-0.172,-1.710,-0.276,0.243,0.422,0.137,0.647,-0.155,0.734,1284997376.000,-1.242,25584,25109,-43,-74,47,14.260,71.430,25641,25000,1346,1297,0
245190,-0.611,52373992.000,-0.157,-2.050,-0.063,0.353,0.283,0.131,0.635,-0.171,0.742,1284997376.000,-1.231,25641,25051,-45,-85,47,14.260,71.430,25641,25000,1346,1297,0
245290,-0.934,49082208.000,-0.302,-2.200,-0.053,0.484,0.096,0.132,0.615,-0.181,0.756,1284997376.000,-1.213,25424,25271,-38,-92,47,14.260,71.430,25641,25000,1346,1297,0
245390,-1.413,44351380.000,-0.787,-1.220,-0.629,0.521,0.072,0.144,0.593,-0.196,0.768,1284997376.000,-1.161,24937,25751,-4,-82,47,14.260,71.430,25641,25000,1346,1297,0
245490,-1.659,38885936.000,-0.986,2.010,-0.493,0.163,-0.137,0.166,0.574,-0.216,0.772,1284997376.000,-1.103,24914,25774,-22,-85,47,14.290,71.390,24937,25906,1248,1336,0
245590,-1.113,34537056.000,-1.176,1.730,-0.476,0.120,0.080,0.180,0.571,-0.229,0.768,1284997376.000,-1.085,25171,25523,-12,-91,47,14.290,71.390,24937,25906,1248,1336,0
245690,-0.954,30889536.000,-1.176,-1.140,-0.098,-0.108,-0.190,0.191,0.562,-0.242,0.768,1284997376.000,-1.064,25573,25120,-36,-91,47,14.290,71.390,24937,25906,1248,1336,0
245790,-0.831,28757746.000,-1.169,1.280,-0.296,-0.077,-0.427,0.205,0.569,-0.243,0.758,1284997376.000,-1.047,25792,24895,-19,-89,47,14.290,71.390,24937,25906,1248,1336,0
245890,-0.858,27064080.000,-1.173,0.000,-0.012,-0.496,-0.307,0.220,0.582,-0.243,0.744,1284997376.000,-1.019,25425,25270,-40,-87,47,14.250,71.430,25575,25380,1316,1250,0
245991,-0.741,25306124.000,-1.081,0.960,-0.088,-0.001,-0.171,0.232,0.593,-0.243,0.732,1284997376.000,-1.006,25289,25406,-27,-102,47,14.250,71.430,25575,25380,1316,1250,0
246090,-0.629,23106088.000,-0.547,-1.220,0.389,-0.436,-0.047,0.225,0.605,-0.236,0.727,1284997376.000,-1.039,25366,25329,-64,-82,47,14.250,71.430,25575,25380,1316,1250,0
246190,-0.499,21471836.000,-0.255,1.420,0.069,0.018,-0.024,0.218,0.616,-0.227,0.722,1284997376.000,-1.061,25399,25296,-38,-81,47,14.250,71.430,25575,25380,1316,1250,0
246290,-0.489,19766798.000,-0.256,-0.470,0.359,-0.172,-0.040,0.214,0.618,-0.222,0.723,1284997376.000,-1.075,25417,25278,-61,-88,47,14.270,71.430,25188,25125,1386,1349,0
246390,-0.406,18601258.000,-0.239,-1.500,0.314,-0.134,-0.168,0.205,0.629,-0.207,0.721,1284997376.000,-1.103,25605,25088,-51,-85,47,14.270,71.430,25188,25125,1386,1349,0
246490,-0.309,17982852.000,-0.238,-1.340,0.242,-0.208,-0.241,0.202,0.639,-0.193,0.717,1284997376.000,-1.124,25745,24944,-52,-81,47,14.270,71.430,25188,25125,1386,1349,0
246590,-0.214,17795084.000,-0.244,-1.560,0.401,-0.091,-0.084,0.195,0.649,-0.174,0.715,1284997376.000,-1.159,25539,25154,-51,-88,47,14.270,71.430,25188,25125,1386,1349,0
246690,-0.183,17472452.000,-0.272,-1.400,0.422,0.160,-0.089,0.185,0.652,-0.156,0.718,1284997376.000,-1.190,25607,25086,-46,-98,47,14.260,71.430,25839,25188,1303,1252,0
246790,-0.156,17141958.000,-0.298,0.000,0.449,-0.104,-0.212,0.177,0.655,-0.140,0.721,1064997632.000,-1.217,23616,22523,-58,-92,47,14.260,71.430,25839,25188,1303,1252,0
246890,0.020,17743648.000,-0.255,-1.300,0.150,-0.536,-0.226,0.172,0.673,-0.124,0.709,1054997760.000,-1.242,23670,22243,-57,-72,47,14.260,71.430,25839,25188,1303,1252,0
246990,0.175,19147890.000,-0.238,-4.120,0.422,-0.122,-0.428,0.172,0.686,-0.109,0.698,1034998016.000,-1.257,23866,21573,-56,-97,47,14.260,71.430,25839,25188,1303,1252,0
247090,0.268,20747470.000,-0.266,-0.480,0.213,0.058,0.033,0.166,0.693,-0.087,0.696,1019998208.000,-1.288,23081,22074,-44,-92,47,14.450,72.920,23923,21505,1209,1109,0
247190,0.227,21152996.000,-0.246,-4.170,0.164,-0.113,0.137,0.157,0.693,-0.087,0.698,1004998400.000,-1.299,22908,21862,-55,-88,47,14.450,72.920,23923,21505,1209,1109,0
247290,0.255,21838084.000,-0.203,-4.630,0.422,-0.189,-0.008,0.144,0.700,-0.078,0.695,989998592.000,-1.323,23020,21450,-62,-91,47,14.450,72.920,23923,21505,1209,1109,0
247390,0.263,22350142.000,-0.143,-3.700,0.052,-0.010,0.186,0.131,0.706,-0.076,0.692,979998720.000,-1.339,22657,21603,-45,-85,47,14.440,73.840,22675,21739,1133,1083,0
247490,0.251,23105702.000,-0.137,-4.590,0.182,0.003,-0.111,0.125,0.707,-0.072,0.693,969998848.000,-1.349,22984,21017,-53,-90,47,14.440,73.840,22675,21739,1133,1083,0
247590,0.277,24204894.000,-0.136,-4.850,-0.020,-0.133,0.013,0.122,0.709,-0.066,0.691,964998912.000,-1.358,22727,21178,-51,-79,47,14.440,73.840,22675,21739,1133,1083,0
247690,0.360,25866056.000,-0.138,-3.750,0.067,-0.067,-0.228,0.125,0.714,-0.060,0.686,944999168.000,-1.361,22947,20456,-50,-87,47,14.440,73.840,22675,21739,1133,1083,0
247790,0.384,27562780.000,-0.165,-3.080,-0.111,0.084,0.009,0.130,0.714,-0.057,0.686,934999296.000,-1.359,22502,20704,-41,-86,46,14.500,74.250,22573,20576,1135,1061,0
247890,0.375,28718808.000,-0.152,-0.380,-0.019,-0.133,0.133,0.131,0.714,-0.061,0.685,914999552.000,-1.354,22172,20577,-53,-82,46,14.500,74.250,22573,20576,1135,1061,0
247990,0.355,29438378.000,-0.103,-5.330,-0.047,-0.013,0.033,0.127,0.716,-0.068,0.683,904999680.000,-1.351,22325,20164,-48,-85,46,14.500,74.250,22573,20576,1135,1061,0
248090,0.327,30681426.000,-0.133,0.500,-0.023,0.132,-0.026,0.128,0.712,-0.067,0.687,894999808.000,-1.351,22201,20053,-45,-89,46,14.500,74.250,22573,20576,1135,1061,0
248190,0.331,31852504.000,-0.133,-2.460,0.046,-0.042,-0.016,0.128,0.712,-0.067,0.687,870000064.000,-1.352,21937,19717,-51,-86,47,14.510,74.410,22026,19646,1095,1034,0
248290,0.323,33033676.000,-0.140,-3.710,-0.040,0.082,0.002,0.128,0.711,-0.066,0.688,860000064.000,-1.352,21800,19616,-44,-87,47,14.510,74.410,22026,19646,1095,1034,0
248390,0.297,33794208.000,-0.118,-1.190,0.000,-0.111,0.192,0.124,0.711,-0.069,0.688,850000064.000,-1.353,21410,19789,-52,-82,47,14.510,74.410,22026,19646,1095,1034,0
248490,0.295,34594308.000,-0.094,-0.280,0.157,0.131,-0.029,0.118,0.714,-0.068,0.687,835000064.000,-1.360,21634,19156,-48,-96,47,14.510,74.410,22026,19646,1095,1034,0
248590,0.244,35317096.000,-0.108,-3.410,0.049,-0.036,0.053,0.115,0.709,-0.068,0.692,820000064.000,-1.365,21270,19172,-52,-84,47,14.560,74.450,21276,19157,1064,958,0
248690,0.273,36028996.000,-0.064,-0.600,0.074,-0.070,-0.012,0.112,0.715,-0.070,0.687,810000064.000,-1.366,21341,18830,-53,-87,47,14.560,74.450,21276,19157,1064,958,0
248790,0.254,36912892.000,-0.071,-1.750,0.114,0.100,-0.001,0.108,0.713,-0.067,0.689,795000064.000,-1.373,21100,18703,-49,-92,47,14.560,74.450,21276,19157,1064,958,0
248890,0.221,37634664.000,-0.078,-2.140,-0.123,0.106,0.158,0.103,0.711,-0.064,0.693,790000064.000,-1.380,20728,18982,-40,-83,47,14.560,74.450,21276,19157,1064,958,0
248990,0.192,37975884.000,-0.064,-1.620,-0.307,0.028,-0.024,0.110,0.709,-0.077,0.692,765000064.000,-1.360,20801,18230,-41,-79,47,14.570,74.530,20661,18867,1048,895,0
249090,0.172,38438816.000,-0.055,0.160,-0.598,0.047,0.213,0.125,0.706,-0.095,0.691,745000064.000,-1.326,20096,18471,-32,-72,47,14.570,74.530,20661,18867,1048,895,0
249190,0.126,38443376.000,-0.036,-0.610,-0.177,0.018,0.116,0.130,0.703,-0.109,0.691,740000064.000,-1.305,20204,18216,-47,-83,47,14.570,74.530,20661,18867,1048,895,0
249290,-0.007,37672196.000,-0.028,-0.150,-0.599,0.209,0.342,0.137,0.692,-0.132,0.697,725000064.000,-1.273,19509,18558,-28,-73,47,14.570,74.530,20661,18867,1048,895,0
249390,-0.144,36264628.000,0.002,0.000,-0.566,0.150,0.353,0.145,0.679,-0.163,0.701,705000064.000,-1.229,19071,18474,-32,-72,46,14.600,74.490,19531,18518,962,895,0
249490,-0.282,34331704.000,0.030,0.160,-0.731,0.053,0.370,0.154,0.668,-0.191,0.702,700000064.000,-1.186,18799,18617,-30,-62,46,14.600,74.490,19531,18518,962,895,0
249590,-0.375,32035630.000,0.099,0.270,-0.644,0.078,0.174,0.168,0.660,-0.228,0.696,685000064.000,-1.124,18859,18147,-34,-69,46,14.600,74.490,19531,18518,962,895,0
249690,-0.427,30732706.000,0.028,-0.330,-0.187,0.150,-0.166,0.185,0.646,-0.237,0.701,670000064.000,-1.093,18974,17607,-43,-81,46,14.650,74.530,19083,17730,928,853,0
249790,-0.393,29807802.000,-0.010,-0.100,-0.049,0.102,-0.119,0.191,0.646,-0.233,0.701,650000064.000,-1.090,18557,17483,-42,-83,46,14.650,74.530,19083,17730,928,853,0
249890,-0.397,28889812.000,-0.062,0.050,0.050,0.036,-0.146,0.194,0.642,-0.227,0.706,640000064.000,-1.094,18420,17341,-45,-83,46,14.650,74.530,19083,17730,928,853,0
249990,-0.374,27952246.000,-0.074,0.000,0.281,-0.197,-0.176,0.188,0.646,-0.216,0.707,635000064.000,-1.115,18460,17153,-57,-85,46,14.650,74.530,19083,17730,928,853,0
250090,-0.290,27523352.000,-0.076,-0.130,0.441,-0.157,-0.250,0.179,0.655,-0.198,0.707,620000064.000,-1.149,18437,16735,-58,-90,46,14.690,74.200,18382,16778,923,793,0
250190,-0.177,27535566.000,-0.079,-0.480,0.499,-0.223,-0.174,0.167,0.668,-0.173,0.704,605000064.000,-1.192,18182,16565,-62,-89,46,14.690,74.200,18382,16778,923,793,0
250290,-0.095,27618992.000,-0.079,-0.510,0.539,-0.041,-0.196,0.154,0.678,-0.148,0.703,595000064.000,-1.237,18220,16219,-57,-97,46,14.690,74.200,18382,16778,923,793,0
250390,-0.028,28131674.000,-0.113,0.000,0.412,-0.103,-0.247,0.145,0.683,-0.128,0.704,585000064.000,-1.268,18240,15884,-56,-90,46,14.690,74.200,18382,16778,923,793,0
250490,0.061,28843996.000,-0.115,0.280,0.303,-0.082,-0.133,0.139,0.691,-0.111,0.700,575000064.000,-1.295,18010,15832,-52,-90,46,14.690,74.200,18382,16778,923,793,0
250590,0.092,29613884.000,-0.152,-0.130,0.231,0.052,-0.138,0.133,0.692,-0.095,0.703,560000064.000,-1.319,17879,15503,-48,-92,46,14.710,73.160,17985,16556,893,786,0
250690,0.101,30218910.000,-0.173,0.070,0.211,-0.001,0.041,0.126,0.693,-0.083,0.705,540000064.000,-1.337,17268,15550,-50,-91,46,14.710,73.160,17985,16556,893,786,0
250790,0.061,30230460.000,-0.172,-0.280,0.224,0.046,0.068,0.116,0.691,-0.078,0.709,530000064.000,-1.353,17141,15368,-50,-94,46,14.710,73.160,17985,16556,893,786,0
250890,0.033,30156572.000,-0.162,0.110,0.077,0.141,0.129,0.108,0.691,-0.075,0.711,525000064.000,-1.366,16862,15351,-42,-94,46,14.710,72.350,17182,15337,815,762,0
250990,0.017,30024888.000,-0.154,0.110,-0.056,-0.004,0.020,0.105,0.691,-0.075,0.711,505000064.000,-1.368,16836,14884,-43,-86,46,14.710,72.350,17182,15337,815,762,0
251090,-0.009,30163630.000,-0.188,0.460,0.042,0.129,-0.063,0.106,0.686,-0.073,0.716,490000064.000,-1.369,16676,14557,-44,-94,46,14.710,72.350,17182,15337,815,762,0
251190,-0.020,30137738.000,-0.200,0.390,0.003,-0.017,0.041,0.103,0.685,-0.068,0.718,470000064.000,-1.377,16140,14474,-45,-88,46,14.710,72.350,17182,15337,815,762,0
251290,-0.018,30006504.000,-0.190,0.150,0.012,-0.058,-0.003,0.101,0.686,-0.068,0.717,455000064.000,-1.378,16047,14054,-47,-88,45,14.760,72.030,16077,14409,782,654,0
251390,0.011,30156442.000,-0.180,-0.120,0.008,-0.052,-0.082,0.101,0.689,-0.067,0.714,440000064.000,-1.379,16000,13565,-46,-89,45,14.760,72.030,16077,14409,782,654,0
251490,0.028,30378464.000,-0.178,0.090,0.017,-0.044,0.002,0.101,0.690,-0.066,0.713,420000064.000,-1.381,15501,13406,-47,-90,45,14.760,72.030,16077,14409,782,654,0
251590,0.025,30439452.000,-0.176,0.030,0.021,0.013,0.033,0.099,0.691,-0.064,0.714,415000064.000,-1.386,15375,13364,-45,-91,45,14.760,72.030,16077,14409,782,654,0
251690,0.035,30497790.000,-0.163,0.220,0.019,-0.061,-0.010,0.097,0.693,-0.063,0.712,400000064.000,-1.388,15272,12913,-47,-89,45,14.800,72.070,15290,13368,753,626,0
251790,0.040,30742166.000,-0.170,0.040,0.034,0.021,-0.011,0.097,0.692,-0.061,0.712,390000064.000,-1.391,15076,12757,-45,-92,45,14.800,72.070,15290,13368,753,626,0
251890,0.041,30922470.000,-0.171,0.090,0.056,0.022,-0.022,0.095,0.693,-0.060,0.713,380000064.000,-1.394,14954,12505,-46,-93,45,14.800,72.070,15290,13368,753,626,0
251990,0.022,31009172.000,-0.169,-0.160,0.019,-0.002,-0.002,0.094,0.691,-0.061,0.714,370000064.000,-1.394,14727,12374,-46,-91,45,14.800,72.070,15290,13368,753,626,0
252090,0.020,31100490.000,-0.171,0.160,0.000,0.022,-0.007,0.093,0.691,-0.059,0.714,360000064.000,-1.396,14570,12153,-44,-91,45,14.830,72.110,14705,12315,709,582,0
252190,-0.002,31309076.000,-0.175,0.020,-0.008,0.053,-0.050,0.093,0.689,-0.061,0.716,345000064.000,-1.395,14338,11808,-43,-92,45,14.830,72.110,14705,12315,709,582,0
252290,-0.003,31467572.000,-0.195,0.070,-0.014,0.078,-0.043,0.095,0.688,-0.059,0.717,330000064.000,-1.394,14059,11504,-42,-93,45,14.830,72.110,14705,12315,709,582,0
252390,-0.009,31534868.000,-0.204,-0.090,-0.041,0.008,0.002,0.096,0.686,-0.060,0.718,320000064.000,-1.392,13771,11417,-43,-91,45,14.830,72.110,14705,12315,709,582,0
252490,-0.029,31362136.000,-0.207,0.020,-0.012,-0.012,-0.010,0.097,0.685,-0.062,0.720,305000064.000,-1.389,13563,11002,-45,-91,45,14.840,72.150,13586,11160,627,523,0
252590,-0.031,31347030.000,-0.220,-0.020,-0.019,0.029,-0.050,0.099,0.683,-0.062,0.721,295000064.000,-1.387,13444,10689,-42,-93,45,14.840,72.150,13586,11160,627,523,0
252690,-0.030,31303344.000,-0.224,0.130,-0.036,0.050,-0.011,0.100,0.683,-0.062,0.721,290000064.000,-1.386,13251,10697,-40,-93,45,14.840,72.150,13586,11160,627,523,0
252790,-0.027,31255988.000,-0.227,-0.090,-0.003,0.029,-0.024,0.101,0.683,-0.062,0.721,275000064.000,-1.384,13004,10291,-42,-94,45,14.870,72.190,13089,10416,592,432,0
252890,-0.028,31196586.000,-0.234,0.100,-0.053,-0.039,0.023,0.102,0.682,-0.063,0.721,265000064.000,-1.383,12666,10227,-42,-90,45,14.870,72.190,13089,10416,592,432,0
252990,-0.046,30975216.000,-0.227,0.050,0.006,0.036,0.019,0.101,0.682,-0.065,0.722,255000064.000,-1.381,12477,9967,-42,-95,45,14.870,72.190,13089,10416,592,432,0
253090,-0.065,30728652.000,-0.226,0.160,-0.011,0.008,0.021,0.099,0.680,-0.066,0.723,235000064.000,-1.382,12006,9531,-42,-93,45,14.870,72.190,13089,10416,592,432,0
253190,-0.083,30355352.000,-0.216,-0.180,0.013,-0.040,0.030,0.098,0.680,-0.068,0.724,220000064.000,-1.382,11644,9188,-44,-92,44,14.930,72.190,11682,9293,505,404,0
253290,-0.089,29986946.000,-0.210,0.060,0.000,0.066,0.024,0.096,0.680,-0.068,0.724,210000064.000,-1.383,11410,8934,-40,-96,44,14.930,72.190,11682,9293,505,404,0
253390,-0.110,29537766.000,-0.211,-0.040,0.020,0.020,0.014,0.095,0.678,-0.069,0.725,200000064.000,-1.383,11160,8686,-42,-95,44,14.930,72.190,11682,9293,505,404,0
253490,-0.126,29028980.000,-0.211,-0.140,-0.007,-0.008,0.043,0.094,0.677,-0.070,0.726,180000064.000,-1.384,10554,8283,-42,-93,44,14.930,72.190,11682,9293,505,404,0
253590,-0.134,28550174.000,-0.211,0.060,0.046,0.042,-0.022,0.093,0.677,-0.069,0.727,160000064.000,-1.386,10243,7422,-42,-97,44,14.920,72.230,10438,7716,452,307,0
253691,-0.149,28109762.000,-0.217,0.130,0.009,0.004,-0.017,0.092,0.675,-0.069,0.728,155000064.000,-1.386,10040,7362,-41,-94,44,14.920,72.230,10438,7716,452,307,0
253791,-0.140,27649860.000,-0.213,-0.090,0.013,-0.066,-0.001,0.092,0.676,-0.069,0.727,145000064.000,-1.387,9714,7116,-44,-93,44,14.920,72.230,10438,7716,452,307,0
253890,-0.138,27160388.000,-0.209,-0.040,-0.026,-0.006,0.023,0.091,0.677,-0.069,0.727,125000064.000,-1.388,9079,6524,-40,-93,44,14.920,72.230,10438,7716,452,307,0
253990,-0.129,26778854.000,-0.214,-0.060,0.014,0.043,-0.040,0.092,0.677,-0.067,0.727,115000064.000,-1.389,9023,5689,-40,-96,44,14.940,72.430,9259,5854,368,218,0
254090,-0.139,26344726.000,-0.219,0.130,0.002,0.009,-0.004,0.091,0.676,-0.067,0.728,105000064.000,-1.390,8547,5652,-41,-95,44,14.940,72.430,9259,5854,368,218,0
254190,-0.148,25795776.000,-0.220,-0.010,-0.003,-0.056,0.017,0.091,0.675,-0.067,0.729,95000064.000,-1.390,8145,5354,-43,-92,44,14.940,72.430,9259,5854,368,218,0
254290,-0.154,25297288.000,-0.228,-0.060,0.004,0.004,-0.014,0.091,0.674,-0.067,0.730,85000064.000,-1.390,7899,4754,-41,-95,44,14.940,72.430,9259,5854,368,218,0
254390,-0.140,24887322.000,-0.230,-0.120,0.031,0.023,-0.033,0.092,0.675,-0.065,0.729,70000064.000,-1.391,7482,3744,-40,-98,44,14.970,72.510,7692,4006,360,133,0
254490,-0.141,24362538.000,-0.225,0.070,0.002,-0.003,0.036,0.091,0.676,-0.066,0.729,50000064.000,-1.391,6417,2970,-40,-96,44,14.970,72.510,7692,4006,360,133,0
254590,-0.165,23706060.000,-0.229,0.060,0.027,-0.001,0.016,0.090,0.674,-0.066,0.731,45000064.000,-1.392,6249,2440,-41,-96,44,14.970,72.510,7692,4006,360,133,0
254690,0.094,23349740.000,-0.265,0.010,-0.022,-0.007,0.010,0.089,0.672,-0.066,0.732,31400064.000,0.001,6979,0,6,-51,44,14.970,72.510,7692,4006,360,133,0
254790,0.100,23713340.000,-0.259,-0.030,0.042,0.053,-0.044,0.085,0.673,-0.061,0.732,23300064.000,0.001,6602,0,-7,-69,43,14.980,73.600,1562,851,270,60,0
254890,0.112,24176448.000,-0.265,0.040,0.011,0.030,-0.011,0.085,0.673,-0.059,0.733,14300064.000,0.002,6013,0,-9,-70,43,14.980,73.600,1562,851,270,60,0
254990,0.108,24555626.000,-0.275,0.000,0.002,-0.016,0.002,0.084,0.671,-0.058,0.734,4400064.000,0.002,5583,0,-11,-70,43,14.980,73.600,1562,851,270,60,0
255090,0.106,24923732.000,-0.285,0.030,-0.012,0.030,0.008,0.082,0.670,-0.057,0.735,0.000,0.002,5356,0,-9,-70,43,14.980,73.600,1562,851,270,60,0
255190,0.111,25347190.000,-0.292,0.010,0.022,0.017,-0.007,0.081,0.670,-0.054,0.736,0.000,0.002,5473,0,-9,-71,43,14.990,74.970,305,305,270,60,0
255290,0.113,25773440.000,-0.303,0.020,0.009,0.006,-0.013,0.080,0.668,-0.054,0.738,0.000,0.002,5565,0,-9,-71,43,14.990,74.970,305,305,270,60,0
255390,0.114,26191292.000,-0.315,0.030,-0.003,0.048,-0.001,0.078,0.667,-0.051,0.739,0.000,0.002,5536,0,-7,-72,43,14.990,74.970,305,305,270,60,0
255490,0.114,26600406.000,-0.325,0.140,-0.009,0.030,0.017,0.076,0.666,-0.049,0.741,0.000,0.002,5448,0,-7,-72,43,14.990,74.970,305,305,270,60,0
255591,0.091,26855668.000,-0.335,0.030,0.020,0.013,0.010,0.073,0.665,-0.050,0.742,0.000,0.002,5503,0,-8,-73,43,15.010,75.050,305,305,270,60,0
255690,0.097,27253482.000,-0.341,0.020,-0.003,0.034,-0.021,0.072,0.664,-0.048,0.743,0.000,0.002,5664,0,-6,-74,43,15.010,75.050,305,305,270,60,0
255790,0.096,27625430.000,-0.354,0.060,-0.002,0.010,-0.011,0.072,0.662,-0.048,0.744,0.000,0.002,5651,0,-7,-73,43,15.010,75.050,305,305,270,60,0
255890,0.098,28004568.000,-0.359,0.140,-0.023,0.046,0.008,0.070,0.662,-0.046,0.745,0.000,0.002,5554,0,-4,-74,43,15.030,75.050,305,305,270,60,0
255990,0.093,28323856.000,-0.364,0.130,-0.018,-0.021,-0.010,0.069,0.661,-0.046,0.746,0.000,0.002,5727,0,-7,-73,43,15.030,75.050,305,305,270,60,0
256090,0.102,28754862.000,-0.366,0.020,-0.039,-0.034,-0.019,0.070,0.661,-0.045,0.746,0.000,0.002,5806,0,-6,-72,43,15.030,75.050,305,305,270,60,0
256190,0.107,29175398.000,-0.365,-0.080,-0.018,0.010,-0.004,0.071,0.661,-0.045,0.746,0.000,0.002,5768,0,-5,-75,43,15.030,75.050,305,305,270,60,0
256290,0.110,29599336.000,-0.368,0.050,0.000,0.083,0.004,0.071,0.661,-0.045,0.746,0.000,0.002,5752,0,-2,-78,43,15.030,75.090,305,305,270,60,0
256390,0.105,29927164.000,-0.374,0.070,-0.006,0.000,-0.022,0.071,0.660,-0.045,0.747,0.000,0.002,6035,0,-4,-76,43,15.030,75.090,305,305,270,60,0
256490,0.114,30409198.000,-0.386,0.030,-0.017,-0.030,-0.026,0.072,0.659,-0.044,0.748,0.000,0.003,6025,0,-5,-74,43,15.030,75.090,305,305,270,60,0
256590,0.116,30845202.000,-0.387,-0.100,-0.011,0.010,0.006,0.073,0.658,-0.045,0.748,0.000,0.003,5893,0,-3,-76,43,15.030,75.090,305,305,270,60,0
256690,0.110,31208320.000,-0.391,0.000,-0.014,0.071,0.014,0.072,0.658,-0.045,0.748,0.000,0.003,5878,0,-1,-78,42,15.040,75.090,305,305,270,60,0
256790,0.102,31600734.000,-0.406,0.080,-0.034,0.023,-0.032,0.073,0.656,-0.047,0.750,0.000,0.002,6165,0,-2,-77,42,15.040,75.090,305,305,270,60,0
256890,0.112,32081598.000,-0.413,0.040,-0.040,-0.032,-0.042,0.074,0.655,-0.046,0.751,0.000,0.003,6213,0,-2,-75,42,15.040,75.090,305,305,270,60,0
256990,0.123,32605746.000,-0.417,0.130,-0.050,0.059,0.000,0.077,0.654,-0.047,0.751,0.000,0.003,6036,0,1,-78,42,15.040,75.090,305,305,270,60,0
257090,0.123,33059836.000,-0.421,0.090,-0.011,0.024,-0.037,0.078,0.654,-0.048,0.751,0.000,0.003,6330,0,0,-79,42,15.050,75.130,305,305,270,60,0
257190,0.122,33511804.000,-0.430,0.150,-0.053,0.011,0.020,0.080,0.653,-0.049,0.752,0.000,0.003,6054,0,0,-78,42,15.050,75.130,305,305,270,60,0
257290,0.126,34005744.000,-0.430,0.020,-0.011,-0.006,-0.039,0.081,0.653,-0.050,0.752,0.000,0.003,6437,0,-1,-79,42,15.050,75.130,305,305,270,60,0
257390,0.134,34535064.000,-0.440,0.100,-0.009,0.056,-0.029,0.083,0.651,-0.049,0.753,0.000,0.003,6452,0,1,-81,42,15.050,75.130,305,305,270,60,0
257490,0.144,35126740.000,-0.446,0.040,-0.004,-0.046,-0.052,0.084,0.651,-0.049,0.753,0.000,0.004,6652,0,-2,-78,42,15.050,75.130,305,305,270,60,0
257590,0.146,35697688.000,-0.449,-0.060,-0.033,0.059,0.021,0.086,0.650,-0.050,0.753,0.000,0.004,6285,0,3,-81,42,15.050,75.130,305,305,270,60,0
257690,0.150,36249544.000,-0.460,0.000,-0.019,0.069,-0.037,0.087,0.649,-0.050,0.754,0.000,0.004,6687,0,4,-82,42,15.050,75.130,305,305,270,60,0
257790,0.157,36877696.000,-0.484,0.000,-0.033,0.104,-0.043,0.089,0.646,-0.050,0.757,0.000,0.004,6768,0,5,-84,42,15.050,75.130,305,305,270,60,0
